mach
10
job_rate
8
weight
[ 0  1  7  7  2  6 10  1  9  6  5  4  8  4  6  6 10  7  1  7  7  4  4  2
  5  4 10  2  1  8  2  4 10 10  7  4  4  1  7  4  6  4  2  4  6  8  3  6
  6  9 10  2  4  9  3  6  9  2 10  1  4  6  4 10  1  8  8  6  4  6  7  4
  8 10  2  6 10 10  9  8  4]
proc_time
[[  0 109  66  92  55  81 120  99 117  93  63 146  85  65  99 129  57 126
   88 108 142  67  54 123 100 114  50 130 116 143 102 124  70 145 107 126
  123 122  94 138  96 139 142 140  69  64  87  91 134  55  53  79  54 144
  125  55  72  91 144  77  83  98 148 105  95  64 116 124 118  85  97 132
   86 124  71  70  65 102 134  78  53]
 [  0  96 111  90 139 141  81 139  65  77  93  75 143  87 101  54 131  54
  103 146 121 141  76 122  95 112 106  68 126  92 104  76 147  50 147 105
  146 147  69  70 114 101 139  61 146  65 110 129 124  86  82 119 143 129
   64 108 118  62 107 122  80 129 139  57  73  95 118 122 112  99  65  60
  104  86 105 141  56  70 105 104 136]
 [  0 145 107  64  75  76  50  67 106  72 133  96  58 140 122 111 126 102
  150 107  84  51 112  84  57 148 138  56 126  64  74 103  73  90 117 137
  137 142 123 113  76  77 109 131  79  66 129  54 119  65 101  74  92  92
   97 128  78  53  96 126 119 136  55  69  83 112 126 111  96  86 125  65
  103  89  66  91  62 109 117 138  85]
 [  0 120  59 147 103  71 112  70 119  88  77 105  97  71 125  62  63 116
  121  80  71 122  55  80 125  61  99 137 112  75 116 148  79  65 126 103
   98 101 142 137 102  69 112  88  92  92 106 107 146  75 114 113  87  77
   83  89 145  78 117  85  52 131  67 107 103  86 121  50 150  70 130  84
  123  88  97  85  53  89 131  80  68]
 [  0 143 143  69  66 133 109 133 117 137 125  59  79 106 130  50  60 102
  136 112  58  68  71  65  83  89 144 126  95  99 128  82 123  90  55 105
  148  67 104  80  82 126  55 115 128  96  94 115  81 148 109  51 109  52
   55  59 112 101  54 117 128  94 122  64 143  77  93 124 124 130  95  93
  138 141 111 103 127  67  67  55  88]
 [  0 109 117 102  75 108 113  53 134 118 124 149  86  55 146 141  80 142
   82 140  62 111  91  69  78 113 149  99  59 109  84 135  89  59  80  95
  105 149 148 131 150 140 142 124 101 112 100  99  97 104  83  56 124  99
  107  92  56 113 146 126 116 105  66 115 149  79  97 122 136 144  77  94
  147  87 137  56  58 117 122 138  82]
 [  0  65  79  73 145  80 109 124 116 134  85 109  99  70  77 126 128 121
  123 114 142  62 128  50 117 105 103  79  54  60  92 150  89 138 110 131
  115 117  71  64 117  86 116  50 112  64 117 133 108 147 109 108  52  84
  126 108  94  50 126  83 144 102  73  67 136 110  71  85  50  89 100  59
  133  72 117 140 143 127 110 114 135]
 [  0  69 141 108  50  99 113  80 123 134 139  63  89 129  99 149 107 126
  101 118 107  68  79  60  70 117 104 137 117  99 145 109 112  52 104  97
  110  90  88  73  68 145  63 140  64 108  59 118  63  72 114 146  78  67
  117 120 129 119 143  60 107 103 115 139 100 147  55  70  98  94  52  90
   95  66 113 150  96 107  99 105 122]
 [  0  82 137  79 103 142  74  89  91 141  75 133  75  72 120  89 149 145
   81  77  71 117 136 120  51  73 104 110  80  83  70  64 109 116 136  55
  140  85 132  68  73  50 135  80 120 144 141  97 129 104 126  94 144 125
   56  59 133 103 141  59 142 126  73 125  62  57 113  91 102  87 138  94
  135  72  67  77  57 109 100  75 126]
 [  0  58  74 101 120  55 113  51  95 136  73  66 118 133  94 121 102 148
   83 102 133 131 111 132  50  52  57 134  54  66  72  85 122  81  90 147
  105  61 106  99 117 146 124  74  77 142 129  61  63 119  57 137  60  84
  121 114 129 143  69 142 149 128 115 146 112 103 106 101  59 147  65  75
  127  60  85  58 101 139  92  60  64]]
setup_time
[[[0 4 2 1 3 0 4 5 1 4 4 2 2 5 5 3 3 4 0 2 0 5 4 4 4 4 2 0 3 0 5 2 3 2 0
   5 4 1 2 1 4 1 2 0 0 0 1 1 0 4 0 4 1 0 2 3 4 4 4 0 1 3 0 1 1 1 3 2 2 4
   0 2 2 2 4 2 0 0 0 2 4]
  [0 0 0 4 0 4 1 5 0 1 4 0 0 0 5 5 3 5 1 5 2 0 0 4 0 1 5 1 5 0 1 3 5 5 2
   1 2 2 5 1 1 4 5 3 5 0 4 5 1 1 0 4 1 4 1 2 5 3 4 1 5 5 0 4 0 4 4 1 5 1
   1 3 2 4 5 2 5 0 2 5 0]
  [0 2 0 2 3 0 3 1 3 5 3 0 1 5 0 2 4 4 3 4 3 5 2 4 2 4 2 0 3 5 5 1 3 4 2
   5 4 3 2 5 3 0 5 0 5 2 3 0 5 5 3 5 2 4 3 4 3 0 5 5 4 2 5 0 2 5 1 0 0 3
   3 4 1 1 2 2 0 5 3 0 2]
  [0 4 3 0 1 3 4 4 5 5 1 5 3 0 3 4 0 0 4 5 1 4 4 2 1 4 1 2 2 0 5 4 3 0 2
   2 2 3 5 4 2 5 4 4 0 1 4 3 0 5 5 5 3 2 5 5 1 2 5 2 0 4 0 4 5 5 3 5 1 0
   2 3 2 4 4 4 0 5 0 0 5]
  [0 4 1 3 0 0 1 0 2 5 4 1 2 0 1 4 1 2 5 5 1 2 0 5 0 4 0 1 1 3 2 5 2 5 2
   4 4 3 1 2 0 4 5 0 4 3 5 0 1 1 5 2 3 0 5 0 4 3 4 3 3 0 0 3 5 0 2 5 4 4
   5 5 3 3 5 4 3 4 3 3 3]
  [0 4 5 5 4 0 5 4 4 2 3 0 1 5 1 2 2 4 1 5 3 1 0 2 4 3 1 4 5 0 1 2 1 2 2
   0 5 0 3 3 1 0 0 2 1 3 3 1 3 3 3 2 5 0 2 4 1 5 0 4 0 4 4 3 2 5 1 2 2 3
   1 4 5 5 4 0 3 0 3 3 5]
  [0 5 3 1 4 3 0 4 1 1 4 5 1 3 1 5 4 4 4 0 2 0 4 1 1 2 3 4 4 4 4 2 4 5 2
   2 5 0 2 4 0 5 1 2 1 2 2 1 1 3 2 2 2 3 1 4 5 1 5 5 2 0 4 1 4 0 1 5 5 3
   3 5 3 5 2 2 0 5 4 5 3]
  [0 1 2 0 1 0 0 0 1 1 0 0 4 4 5 5 0 2 1 1 2 1 3 4 3 5 0 4 5 4 0 3 1 0 1
   2 2 0 2 1 1 1 2 4 0 5 3 5 4 4 2 0 3 3 0 1 2 0 3 4 3 3 5 5 3 2 3 0 3 3
   3 3 5 1 5 1 1 2 5 0 4]
  [0 4 0 2 1 0 3 4 0 0 3 0 5 3 0 3 2 1 3 3 3 3 1 0 1 2 3 2 0 5 2 2 4 4 3
   2 3 5 2 1 1 5 3 3 5 2 0 4 5 0 5 4 3 3 1 0 2 4 1 4 4 3 4 1 5 3 0 2 2 4
   3 3 3 4 1 2 5 5 5 1 1]
  [0 2 1 0 1 5 3 5 0 0 4 1 2 2 5 2 2 0 1 1 5 4 1 4 3 0 3 0 5 2 2 1 4 0 2
   1 3 1 1 5 0 4 4 0 4 2 0 4 1 3 1 0 4 5 0 4 4 4 1 5 5 0 3 0 4 5 0 4 2 4
   5 1 2 0 2 5 5 4 1 0 2]
  [0 5 4 1 0 0 1 3 1 1 0 5 3 3 3 0 0 1 1 5 2 5 3 3 5 2 4 0 1 1 5 4 4 1 5
   4 2 5 5 3 1 2 2 4 5 2 0 2 5 5 2 0 5 5 3 4 1 4 0 5 1 4 4 5 3 4 3 4 3 4
   5 4 2 0 5 3 5 1 2 3 0]
  [0 1 1 5 0 1 1 5 2 3 5 0 0 0 1 3 5 4 5 0 2 4 0 1 0 4 3 2 2 3 5 2 4 3 3
   5 3 1 0 1 4 3 0 5 3 1 2 2 5 1 4 0 4 3 1 3 5 5 2 1 4 0 1 0 1 1 5 0 2 2
   3 4 5 4 0 0 2 1 4 5 3]
  [0 4 5 3 5 2 5 4 1 1 4 3 0 2 3 5 2 2 0 3 1 3 0 3 0 4 0 3 3 0 2 2 2 0 1
   1 2 3 1 4 3 1 5 5 4 0 3 4 4 4 0 0 3 3 4 3 1 4 1 5 2 5 2 3 3 0 2 0 0 5
   1 3 1 1 4 2 2 4 2 5 0]
  [0 4 2 2 1 4 1 1 2 4 4 3 1 0 1 0 3 2 4 5 2 2 0 1 2 5 4 0 4 1 2 5 5 3 5
   3 0 1 2 4 3 0 4 5 5 5 4 4 2 0 3 1 2 4 0 2 5 5 2 2 0 0 5 1 0 2 0 5 5 3
   3 1 5 0 5 0 3 2 5 4 0]
  [0 1 3 0 1 5 0 4 3 5 2 1 1 1 0 2 5 1 0 2 1 1 3 1 1 0 2 5 2 1 1 0 4 2 5
   2 1 2 4 3 2 4 0 1 4 3 3 1 3 1 3 1 0 0 0 2 3 4 4 2 4 5 4 1 5 3 5 3 0 3
   2 1 1 3 2 3 1 5 3 3 0]
  [0 5 4 1 5 1 2 4 5 2 0 3 2 3 5 0 3 4 3 4 4 2 5 1 3 2 5 3 2 1 5 3 2 4 1
   1 0 2 4 0 3 3 4 4 1 1 1 1 3 3 0 5 3 5 5 4 4 3 2 2 0 1 3 1 2 1 1 3 3 2
   2 1 1 5 3 0 4 1 3 1 2]
  [0 0 0 0 1 5 2 5 4 4 1 4 5 4 0 3 0 5 1 2 0 0 5 0 1 2 0 4 1 4 4 1 4 5 4
   1 5 3 1 1 3 3 4 4 4 0 4 0 1 4 4 5 2 4 5 1 5 4 0 0 1 5 5 3 4 4 4 1 0 3
   0 3 5 4 3 1 4 3 2 1 1]
  [0 5 2 2 4 4 1 4 4 3 3 3 0 2 3 5 1 0 2 2 2 5 2 0 3 4 1 1 2 1 0 5 2 5 0
   4 0 5 0 5 1 2 5 3 0 0 0 1 0 3 2 5 0 0 0 4 5 2 2 4 2 1 3 1 4 0 0 1 3 2
   2 3 4 2 4 4 2 4 0 0 0]
  [0 3 1 0 0 5 0 1 5 2 4 0 0 0 0 3 2 5 0 3 4 4 1 2 1 3 3 0 5 2 0 4 4 3 2
   0 0 1 2 2 5 0 2 3 4 4 5 4 1 1 5 1 2 2 4 0 4 5 0 1 1 0 3 3 3 5 2 4 1 1
   3 3 1 0 5 4 4 4 2 1 5]
  [0 5 0 2 3 4 4 2 0 0 5 3 0 1 0 0 2 2 4 0 5 2 5 0 5 3 1 1 1 4 0 2 5 2 4
   4 1 0 0 3 1 3 0 0 4 1 3 0 5 4 1 0 4 2 4 5 3 3 1 1 2 0 2 4 5 0 2 0 1 0
   3 2 4 2 3 1 1 0 5 1 5]
  [0 5 3 2 1 4 2 5 5 3 0 4 2 2 4 1 0 0 0 3 0 5 1 4 5 1 0 0 0 4 3 5 3 5 1
   4 2 0 2 4 2 3 0 0 3 2 3 0 2 3 5 0 2 5 2 5 0 4 3 4 2 0 4 1 2 1 5 2 0 2
   5 4 3 4 3 0 1 4 4 3 2]
  [0 2 2 4 0 2 2 0 1 4 3 4 0 4 1 1 4 5 1 1 3 0 1 0 2 1 4 3 0 4 5 0 4 1 1
   0 2 4 4 2 5 2 4 0 2 4 4 0 1 1 2 4 0 2 2 2 4 4 3 2 5 0 1 4 3 0 1 0 3 3
   1 0 3 2 1 5 2 4 1 1 2]
  [0 0 0 4 5 5 0 2 5 2 3 0 3 4 0 4 2 1 2 1 1 4 0 0 3 1 1 0 2 3 4 4 4 3 1
   4 1 2 5 2 2 3 4 5 1 0 1 4 0 3 2 1 1 4 0 1 0 4 1 4 4 4 3 1 3 4 4 0 0 3
   2 3 0 3 1 1 4 5 2 5 0]
  [0 2 1 0 2 5 2 0 3 0 3 1 2 4 4 3 1 3 0 1 3 4 3 0 5 2 0 3 2 2 5 5 3 3 5
   2 1 1 0 0 2 4 2 0 4 1 2 3 5 3 1 5 2 5 3 0 5 5 3 2 3 0 4 1 5 5 2 0 1 0
   4 4 0 4 0 3 3 0 1 0 3]
  [0 4 0 3 1 5 1 1 4 1 1 4 0 1 5 3 1 2 5 0 3 5 1 1 0 0 3 4 5 3 2 1 5 1 5
   3 4 1 0 0 4 4 4 5 5 2 4 4 2 1 1 1 0 0 3 0 1 0 4 5 0 1 4 0 2 3 4 3 2 3
   2 0 0 0 1 3 4 1 3 3 0]
  [0 4 5 3 0 3 0 5 3 2 0 4 3 0 0 3 5 2 0 1 0 1 1 4 5 0 5 2 3 0 5 4 3 0 1
   0 0 2 0 2 2 5 2 5 2 3 2 2 1 5 1 0 1 5 4 0 4 3 5 2 4 2 0 0 0 4 4 5 3 3
   3 2 2 2 2 1 3 2 3 1 0]
  [0 3 4 5 0 5 3 0 4 2 2 1 0 1 0 2 0 1 5 4 1 2 0 4 3 4 0 4 3 4 1 1 5 4 2
   5 3 2 5 0 2 3 4 0 2 0 2 2 1 2 0 5 3 2 4 5 5 3 5 1 3 0 1 2 1 2 1 5 0 3
   4 2 1 1 2 5 2 2 2 5 2]
  [0 1 0 2 5 1 5 0 0 5 2 4 0 0 5 1 0 3 4 5 4 4 4 1 3 4 2 0 0 2 2 4 5 2 1
   1 0 3 3 3 1 1 2 4 3 3 3 4 3 2 0 2 4 3 0 3 5 4 5 0 2 1 0 0 0 2 0 5 0 5
   0 5 4 5 0 0 3 0 4 3 2]
  [0 4 1 3 1 5 5 5 5 4 0 0 3 2 4 1 3 5 5 4 0 3 5 2 4 1 4 3 0 0 5 1 1 1 1
   5 1 3 3 5 1 3 2 2 1 4 0 2 2 4 5 2 2 1 3 1 1 4 1 1 5 5 2 3 3 0 5 5 3 3
   4 1 3 2 3 3 3 1 5 5 0]
  [0 3 5 2 2 4 3 3 5 3 5 4 5 3 5 5 4 4 2 4 1 1 5 5 5 1 5 0 2 0 5 1 5 5 2
   0 0 0 2 4 1 0 1 3 1 0 5 0 5 2 2 3 0 0 0 3 3 2 0 0 2 5 1 5 5 2 3 3 0 0
   5 1 2 3 0 1 4 0 1 3 4]
  [0 1 4 3 5 5 0 5 2 0 1 2 1 2 4 0 4 4 3 2 1 5 2 1 3 4 3 1 5 1 0 4 1 1 1
   4 0 4 4 3 3 3 1 0 5 2 0 3 4 3 5 3 0 0 2 3 4 0 1 2 5 5 3 0 5 3 2 1 3 2
   3 2 2 4 2 2 0 5 4 2 2]
  [0 4 2 4 4 2 2 0 2 0 2 3 3 2 2 5 5 5 1 4 1 1 2 1 1 0 1 2 3 3 2 0 4 4 5
   2 0 2 3 4 2 1 5 1 3 2 1 3 1 4 1 0 5 2 3 5 5 1 5 1 0 2 5 5 3 4 2 3 2 3
   2 3 4 5 4 1 1 0 0 1 0]
  [0 0 3 3 2 3 5 4 3 5 1 4 3 1 2 3 1 2 3 5 1 0 4 3 4 2 5 3 1 2 4 1 0 0 5
   5 3 2 0 1 0 3 5 0 4 1 5 2 2 3 4 3 5 4 0 2 2 4 1 4 2 3 3 5 0 1 3 5 3 3
   0 3 5 2 0 1 0 2 1 1 0]
  [0 3 3 5 2 1 4 1 3 4 5 4 5 1 4 2 0 3 2 3 4 5 3 4 5 3 2 4 0 3 3 5 5 0 1
   0 5 3 0 2 0 0 0 0 4 5 4 5 3 3 2 5 4 2 2 2 1 3 2 4 0 3 2 0 1 1 4 3 3 3
   0 0 2 5 4 5 2 5 3 1 2]
  [0 4 5 5 2 4 2 5 3 1 3 4 5 3 1 3 3 3 1 1 0 0 0 3 2 4 2 1 2 4 0 0 2 0 0
   1 3 4 0 0 4 0 2 1 3 4 0 5 4 3 2 1 3 3 4 2 5 2 3 1 5 1 4 5 0 0 1 0 0 5
   4 3 3 3 2 5 5 2 4 1 5]
  [0 3 5 3 0 0 0 1 4 3 1 4 1 2 5 1 1 2 0 4 3 2 0 5 3 3 0 2 2 0 0 5 5 3 0
   0 3 2 2 0 2 1 4 4 5 3 4 3 4 1 0 3 0 2 2 5 3 2 1 3 3 5 3 5 1 0 2 0 3 0
   3 2 4 5 1 0 5 5 2 2 1]
  [0 5 3 5 0 3 1 3 1 5 1 2 0 2 0 3 3 3 5 3 5 3 3 3 3 2 5 1 1 3 0 2 1 3 1
   0 0 4 3 4 3 1 1 5 1 0 1 1 1 5 5 3 1 3 1 4 4 3 0 2 5 2 2 0 3 2 1 0 2 2
   1 0 3 1 4 4 0 2 4 5 1]
  [0 3 4 3 2 3 3 2 5 1 4 2 4 1 4 3 0 2 5 0 0 0 1 5 0 2 0 5 0 0 1 2 1 2 3
   2 4 0 1 5 1 2 0 4 3 3 0 2 2 2 1 1 4 2 0 1 5 3 1 3 2 1 3 0 0 1 0 5 4 2
   5 2 5 5 3 2 4 1 1 2 0]
  [0 0 1 5 3 0 0 5 5 2 3 5 3 1 1 1 1 4 5 1 2 3 4 5 4 4 4 1 0 1 5 1 0 3 3
   1 4 1 0 1 2 1 3 0 3 0 5 1 4 3 3 0 2 1 4 3 2 1 5 1 4 4 3 3 1 2 0 5 2 5
   3 1 5 1 0 3 3 4 5 3 3]
  [0 2 2 5 3 2 3 4 0 0 1 1 5 2 5 1 3 3 3 1 0 4 5 3 5 1 3 0 0 1 2 2 5 2 2
   4 4 1 2 0 4 3 1 4 3 0 0 0 0 4 5 5 2 4 1 2 0 1 1 4 1 3 2 4 1 4 1 1 3 5
   3 3 0 5 2 4 4 5 2 2 1]
  [0 3 4 0 0 0 1 2 0 2 3 0 5 2 3 4 5 4 5 5 4 0 5 1 0 4 5 4 3 4 4 1 5 2 3
   4 4 4 0 2 0 0 2 5 5 0 3 5 0 4 5 5 0 4 2 3 2 3 1 3 3 0 4 5 2 2 4 1 5 3
   0 5 4 2 4 2 4 1 5 2 1]
  [0 5 2 5 0 5 5 0 5 4 3 4 3 0 0 3 4 2 0 2 3 3 4 1 2 5 4 5 5 1 2 1 4 0 0
   4 2 1 4 0 2 0 3 4 1 5 0 5 2 2 3 2 4 5 1 3 3 4 2 1 1 4 2 4 0 1 2 5 3 4
   5 3 5 1 0 3 1 5 0 5 4]
  [0 2 2 3 2 3 3 5 0 0 0 1 4 0 5 5 3 3 4 0 0 3 4 3 0 3 5 4 0 4 1 1 2 3 2
   1 2 4 2 4 5 5 0 5 4 5 0 1 2 4 0 4 2 1 2 1 1 3 3 5 3 3 5 5 3 4 2 2 4 5
   1 4 3 5 0 3 2 4 2 5 5]
  [0 0 2 1 4 0 1 4 2 5 5 3 4 0 1 0 0 1 0 3 1 4 0 3 5 0 2 1 1 1 5 0 3 4 0
   0 2 5 3 2 0 3 2 0 2 0 4 4 0 2 3 3 5 2 4 5 4 2 5 3 5 0 4 2 2 3 1 4 1 1
   5 3 5 4 4 2 2 0 0 4 5]
  [0 0 3 2 5 0 2 4 5 1 3 1 1 3 1 3 5 5 2 3 3 2 1 3 5 4 4 5 5 4 2 1 4 2 1
   2 5 5 1 4 4 5 0 1 0 5 4 1 0 1 3 5 1 5 3 4 3 1 5 2 5 0 5 0 4 1 0 0 1 4
   1 2 5 2 3 3 0 4 2 2 4]
  [0 5 0 3 1 1 5 3 2 2 5 0 5 1 2 3 4 5 5 3 0 5 4 3 2 3 2 0 5 1 1 2 5 3 2
   1 2 5 4 5 2 1 4 3 0 0 0 1 1 5 1 2 3 4 3 2 3 5 2 0 4 1 1 5 1 4 4 0 3 5
   1 5 4 0 2 2 4 4 5 1 1]
  [0 0 0 1 0 4 5 3 1 2 5 3 1 5 2 5 3 2 4 5 3 0 2 5 1 5 2 5 2 4 3 3 1 2 1
   3 5 2 5 3 4 4 0 2 0 3 0 4 5 4 5 0 1 1 4 5 4 4 5 5 0 2 2 1 1 5 4 4 2 2
   2 2 4 4 2 4 3 2 0 5 0]
  [0 0 3 1 4 3 0 2 1 2 1 5 5 1 3 2 2 1 0 2 1 3 4 1 4 0 4 3 1 5 3 2 2 0 5
   2 0 5 0 1 5 1 3 4 0 1 1 0 2 2 5 1 5 0 3 1 4 1 4 4 1 5 3 2 5 1 2 5 1 1
   2 1 2 2 2 0 4 3 0 0 3]
  [0 2 5 3 3 4 0 4 2 1 0 5 0 2 5 4 4 5 0 0 4 0 2 1 5 4 0 2 3 5 4 0 5 3 4
   3 2 4 4 4 1 5 2 0 5 4 5 0 0 1 4 4 0 0 4 4 4 1 0 4 0 0 1 5 5 0 3 4 2 5
   3 1 0 2 1 0 0 0 2 0 5]
  [0 3 0 0 0 2 0 5 0 3 3 2 1 5 1 1 1 0 5 0 4 2 3 2 1 1 3 2 1 2 4 0 0 1 1
   1 5 4 4 2 5 2 4 5 3 5 0 2 3 0 1 2 5 0 4 2 2 0 3 5 2 2 2 4 5 0 2 2 4 4
   3 3 5 1 0 4 5 1 1 4 2]
  [0 0 2 2 5 3 0 5 2 3 0 2 1 2 0 3 1 0 5 3 2 0 1 0 4 3 2 4 2 3 3 3 4 3 3
   3 0 2 2 5 2 2 1 3 0 2 0 0 5 3 0 1 3 1 5 3 2 1 2 4 5 4 5 3 0 0 5 1 2 2
   1 0 2 4 4 0 0 4 0 4 4]
  [0 5 5 3 3 3 2 2 1 1 1 4 4 5 5 0 3 2 3 3 2 5 0 5 4 3 0 0 1 0 4 3 5 1 2
   5 2 2 1 4 0 0 5 2 1 3 3 2 4 3 2 0 5 0 0 2 2 5 5 1 0 4 3 3 2 3 0 4 4 5
   4 1 0 4 5 3 1 3 3 4 1]
  [0 4 2 0 5 1 0 0 1 3 0 2 0 3 0 4 3 4 1 2 4 2 4 0 2 3 0 2 3 3 2 0 4 2 5
   4 1 2 0 0 3 2 2 3 4 5 5 0 5 1 2 4 0 2 1 4 0 3 5 0 5 0 3 2 1 1 0 3 5 4
   1 3 0 1 0 5 5 1 1 5 5]
  [0 4 1 0 4 2 2 3 0 1 5 4 2 5 3 3 1 0 3 2 3 3 3 3 1 4 3 2 3 1 5 2 4 4 4
   4 5 2 4 4 2 2 1 1 4 2 2 4 4 0 0 0 2 0 2 5 4 1 4 3 1 3 0 0 0 2 1 1 0 2
   2 1 5 0 1 2 4 3 5 1 1]
  [0 3 0 1 3 3 5 3 3 2 1 2 5 0 3 3 3 1 0 2 2 0 5 4 4 1 3 3 4 5 3 5 2 2 4
   3 3 4 5 4 4 3 2 3 5 2 3 0 1 4 1 1 4 2 0 1 2 3 0 0 4 5 3 0 3 3 4 1 1 1
   5 4 5 5 2 1 2 0 1 4 5]
  [0 3 1 2 4 1 2 1 5 0 0 1 4 2 0 0 5 2 5 4 0 5 5 3 5 2 2 4 4 5 2 1 3 4 5
   3 0 4 4 5 1 5 0 0 2 0 4 0 4 4 5 0 1 2 2 0 3 4 1 2 3 1 1 2 5 0 5 4 2 1
   1 4 4 1 5 5 4 1 2 2 5]
  [0 1 0 1 3 2 0 1 3 4 4 5 0 3 0 5 2 5 1 3 4 0 4 5 4 5 3 4 1 0 3 2 3 4 1
   3 1 3 1 5 5 4 2 1 1 3 1 2 4 2 3 5 2 2 4 5 0 5 4 1 4 4 1 2 0 4 5 4 3 0
   2 3 5 3 2 1 3 0 2 0 3]
  [0 5 2 2 4 5 5 1 0 0 2 4 2 3 3 0 2 1 5 1 1 0 5 1 1 3 0 5 5 4 4 2 4 2 1
   1 3 5 1 3 2 1 0 3 1 4 3 4 3 5 2 5 3 0 1 3 4 0 3 1 5 3 4 5 1 2 0 4 1 0
   3 1 3 0 0 2 2 2 2 3 4]
  [0 0 2 4 3 0 2 4 3 3 2 4 1 0 3 3 0 1 1 4 4 0 4 0 0 0 0 3 5 1 0 2 0 2 3
   4 2 4 1 3 0 0 5 2 5 0 2 4 0 1 5 3 2 1 0 5 5 5 0 3 3 0 3 5 0 2 2 3 0 1
   0 0 4 3 4 0 2 1 4 4 2]
  [0 4 1 2 0 3 3 1 4 5 2 0 5 0 3 5 4 4 2 2 0 1 2 1 3 5 0 3 2 0 0 0 5 3 3
   4 5 0 2 0 1 3 2 4 4 2 5 3 2 4 4 2 3 2 0 3 0 1 0 0 1 1 0 0 0 0 0 2 1 4
   2 0 4 1 2 0 5 5 0 0 5]
  [0 1 4 3 5 3 0 0 1 4 1 3 5 5 5 1 0 1 2 4 4 4 5 4 4 4 1 4 0 0 4 5 4 1 4
   2 1 1 5 0 0 2 2 3 1 0 3 2 4 2 3 1 2 5 4 5 5 0 3 1 0 1 0 5 4 5 3 3 5 0
   2 5 5 5 4 0 3 1 0 5 0]
  [0 2 4 0 3 3 2 1 4 0 2 1 5 3 3 1 2 1 0 1 1 1 3 5 0 0 4 0 0 2 5 4 4 2 0
   2 3 3 3 5 3 2 1 5 0 3 2 0 4 5 4 3 2 4 0 2 3 4 1 4 0 0 2 5 4 4 1 2 0 4
   3 0 1 1 3 4 5 4 1 5 2]
  [0 5 3 5 1 1 4 2 3 2 5 3 3 5 2 0 4 5 1 2 0 3 0 3 1 0 1 3 2 0 1 5 0 0 2
   1 2 2 0 2 0 2 1 2 2 1 2 4 0 1 1 3 2 1 4 0 5 3 3 5 5 3 0 5 1 0 3 3 1 5
   0 1 2 1 0 5 1 1 3 3 5]
  [0 3 0 5 1 3 1 0 2 4 5 2 1 0 5 4 5 4 1 2 4 2 3 2 0 1 5 1 2 0 1 5 1 3 3
   3 0 4 4 3 2 2 4 3 1 1 1 2 4 1 5 5 1 1 3 2 5 3 1 5 4 4 4 0 3 3 0 0 2 0
   2 5 1 0 0 5 1 3 4 3 5]
  [0 1 3 5 1 5 4 4 5 4 3 4 5 1 0 2 4 3 1 1 1 0 2 5 0 2 4 1 4 2 3 5 0 1 0
   2 3 5 4 4 2 4 4 5 5 1 4 2 5 3 0 0 2 0 5 1 0 2 2 0 0 0 1 3 0 4 4 3 5 0
   5 4 2 5 5 4 4 0 4 3 2]
  [0 4 3 4 0 4 1 0 4 0 5 2 2 1 4 5 5 3 2 1 3 5 2 4 4 2 2 5 0 2 5 0 4 4 4
   1 4 1 0 2 5 1 2 0 0 3 4 4 3 3 0 1 4 5 1 1 2 4 4 3 0 1 1 1 1 0 1 1 1 1
   2 2 5 5 4 4 0 1 3 2 3]
  [0 0 5 0 4 2 1 5 2 0 3 1 4 3 0 5 2 5 2 0 5 1 1 3 5 4 5 1 3 2 3 2 0 4 3
   3 3 5 4 3 3 1 4 3 3 5 1 3 2 3 0 0 5 4 3 1 2 3 1 4 0 4 3 1 2 5 0 2 3 0
   2 3 5 3 1 3 3 3 4 3 0]
  [0 1 2 5 0 0 1 0 5 0 3 5 5 0 3 3 2 5 5 3 3 0 2 1 2 4 0 0 4 1 1 5 2 2 5
   4 5 2 3 1 2 3 4 5 5 3 0 3 5 1 2 1 5 0 5 2 3 2 4 3 1 5 3 2 4 5 3 0 2 4
   4 4 1 3 5 0 1 1 3 3 4]
  [0 0 1 5 4 3 3 4 4 1 0 2 0 3 4 1 5 0 5 5 5 4 2 1 5 1 2 0 5 1 2 4 3 2 2
   2 1 2 1 4 3 5 5 0 2 5 3 5 1 5 5 1 2 1 5 2 4 0 3 4 4 0 4 5 0 5 5 0 0 0
   0 0 0 4 0 5 1 0 2 2 2]
  [0 3 4 1 3 1 5 1 2 0 1 0 0 2 3 2 1 4 2 4 0 2 4 5 2 5 2 4 5 2 2 4 3 2 3
   4 5 5 5 1 2 2 5 1 1 3 2 2 2 4 0 4 2 4 0 3 1 4 1 2 5 1 4 0 1 5 5 2 3 0
   1 4 5 5 0 1 2 5 2 2 1]
  [0 2 4 3 3 2 2 4 2 4 0 3 4 5 0 1 0 2 2 1 2 2 1 1 3 4 1 1 3 3 0 3 0 1 5
   0 1 5 5 3 2 2 2 4 0 1 5 4 3 2 0 3 0 1 3 5 3 4 3 1 4 2 0 1 4 3 5 3 2 3
   0 0 5 0 5 3 4 0 2 3 4]
  [0 1 4 1 3 4 2 3 0 3 3 1 5 4 2 3 0 4 0 5 2 2 5 3 4 3 4 3 3 3 3 3 3 1 5
   1 4 3 5 4 0 1 3 4 4 5 2 1 3 5 5 5 3 1 4 4 2 3 1 0 4 3 4 2 3 2 5 0 2 0
   0 0 0 4 5 3 0 2 3 0 0]
  [0 0 1 5 1 4 2 4 0 4 2 1 5 2 2 0 3 5 1 0 1 0 2 5 1 0 5 2 0 4 4 0 5 5 1
   2 2 3 4 2 0 5 5 0 4 0 3 3 4 1 2 3 4 0 0 4 4 3 0 4 3 4 0 4 2 4 4 0 0 0
   2 0 0 2 2 2 2 1 3 3 1]
  [0 2 4 4 2 0 5 2 2 1 0 2 3 3 2 0 1 4 2 0 2 3 4 0 2 5 0 5 4 2 4 4 5 2 3
   0 2 4 5 1 3 3 3 5 3 5 1 3 0 3 1 1 3 1 0 0 5 3 2 5 4 3 0 0 5 2 3 5 5 1
   3 0 3 0 3 1 2 5 0 2 2]
  [0 5 3 1 5 5 3 3 2 1 2 3 2 0 2 2 3 2 4 4 0 0 0 4 2 5 3 5 5 3 5 1 3 2 4
   2 2 2 5 3 5 2 5 5 0 0 4 1 2 1 2 4 4 2 1 0 0 3 2 3 1 5 4 4 4 4 2 3 5 3
   2 2 4 5 0 0 4 4 0 0 2]
  [0 2 4 2 0 5 4 1 2 4 3 2 1 0 0 4 1 2 1 1 0 4 5 1 4 5 0 0 2 1 5 4 4 4 5
   0 0 3 3 1 1 1 1 2 3 1 3 2 4 3 3 1 4 0 3 2 3 4 2 4 3 4 1 4 4 3 5 3 2 4
   3 0 2 2 1 0 3 5 1 1 4]
  [0 4 1 2 1 5 0 5 4 0 0 5 4 3 2 3 5 3 2 0 5 5 5 5 5 3 0 2 4 1 3 1 4 0 2
   5 3 2 2 3 5 5 1 4 5 2 4 4 5 1 2 1 4 0 0 0 4 0 1 4 0 2 4 2 4 5 1 4 0 1
   3 2 4 1 4 0 0 2 1 0 3]
  [0 0 3 1 1 0 1 4 2 0 3 1 0 2 2 2 4 3 2 3 3 3 2 3 3 0 3 1 0 3 5 0 5 3 4
   3 1 0 2 0 2 5 4 1 2 0 2 1 0 1 2 5 3 2 4 5 0 2 3 1 3 3 5 2 4 5 5 4 0 4
   4 2 2 4 2 5 3 0 3 5 2]
  [0 1 3 4 1 3 0 3 3 1 0 2 3 4 4 4 3 2 5 1 0 2 1 0 4 1 1 4 2 0 1 2 1 0 3
   3 3 5 1 2 3 2 5 1 5 4 4 5 1 3 0 1 2 2 5 0 1 0 5 4 4 2 3 0 2 5 0 2 3 2
   4 0 1 1 0 4 3 4 0 4 3]
  [0 4 0 4 4 3 2 3 4 2 0 0 1 5 5 2 0 1 5 3 3 1 1 5 5 1 1 2 2 4 3 5 0 4 4
   1 5 0 3 2 2 4 3 4 2 3 3 1 2 0 5 1 3 4 5 2 2 1 1 1 2 2 4 3 0 5 3 4 5 3
   1 5 2 1 3 1 2 4 4 0 4]
  [0 0 2 2 5 0 0 2 5 5 2 5 4 2 1 2 3 1 5 0 2 1 1 3 3 5 1 5 5 5 3 0 3 5 0
   5 5 5 0 2 3 0 3 3 5 4 4 3 4 1 2 0 4 5 4 2 2 2 4 2 4 5 1 3 4 1 0 3 2 0
   1 2 5 1 2 4 3 2 0 5 0]]

 [[0 5 5 3 3 3 3 4 0 3 3 4 5 0 5 0 1 0 5 1 0 2 0 3 2 0 0 2 1 3 5 0 4 2 2
   0 3 5 5 5 3 3 1 1 1 2 2 1 2 1 2 2 1 0 3 5 4 0 3 3 5 2 0 3 1 1 1 2 4 3
   1 4 1 2 0 0 3 1 1 5 3]
  [0 0 5 5 5 2 5 2 3 5 2 3 0 0 2 3 5 4 5 1 2 2 0 1 4 2 0 3 3 3 1 5 5 2 3
   1 3 1 2 0 0 3 0 5 2 5 5 1 1 0 2 0 3 5 2 1 4 0 4 0 2 3 3 3 1 3 4 4 1 4
   1 3 2 2 1 5 4 5 3 4 0]
  [0 0 0 5 5 1 0 2 1 4 3 2 0 3 5 1 3 3 0 3 5 5 5 2 4 0 4 2 4 5 3 0 4 5 4
   2 5 3 4 4 5 4 3 2 5 1 0 4 4 1 0 2 4 2 5 4 1 3 3 4 4 1 5 5 3 0 3 2 1 3
   3 2 1 2 5 2 3 4 2 3 1]
  [0 0 0 0 3 0 4 5 3 0 2 0 0 1 0 2 4 5 1 0 2 1 3 3 0 3 3 5 4 0 5 3 2 0 1
   1 5 3 5 3 2 5 1 3 4 5 4 3 1 5 3 3 1 0 2 0 4 0 2 4 5 1 5 2 5 2 5 0 1 0
   5 3 4 4 1 1 0 3 3 2 3]
  [0 0 2 4 0 5 5 1 3 4 0 3 3 2 4 1 0 0 5 3 5 4 5 4 4 3 4 5 2 3 0 4 2 5 2
   5 4 1 2 2 3 1 4 5 3 4 5 3 4 0 0 4 1 0 3 2 0 3 2 0 1 0 3 2 5 2 5 3 0 3
   1 3 3 3 4 5 5 0 5 1 2]
  [0 1 2 3 4 0 3 4 2 4 4 5 0 2 5 0 1 3 2 5 5 1 5 1 1 4 1 3 3 2 1 1 5 0 1
   0 2 0 2 2 1 3 3 5 2 0 3 1 5 3 5 5 0 4 4 1 0 0 0 5 2 0 0 3 1 1 2 4 3 5
   0 1 4 2 5 3 1 4 5 5 5]
  [0 4 4 2 5 3 0 2 3 3 1 3 5 0 5 4 5 2 4 5 1 0 4 0 0 5 4 4 5 0 5 3 3 0 4
   3 1 5 5 5 3 5 2 1 2 0 4 5 4 4 0 5 5 0 0 2 0 2 5 2 3 3 3 5 5 2 4 1 2 4
   2 1 0 1 1 1 3 0 2 1 2]
  [0 3 3 4 0 2 3 0 3 0 3 4 1 4 1 2 3 3 1 0 3 2 5 4 2 4 1 2 5 4 0 4 1 2 0
   1 0 5 3 1 3 5 1 2 5 3 2 2 0 2 4 1 0 0 1 5 1 4 5 0 3 2 2 2 2 5 4 2 0 1
   4 0 1 5 2 1 3 4 5 0 0]
  [0 4 4 1 2 1 4 2 0 4 4 3 5 3 2 0 3 4 1 5 1 2 1 2 3 2 3 0 4 4 5 4 2 3 0
   3 2 3 0 5 2 5 2 2 4 3 1 3 3 2 4 4 1 0 0 3 2 2 2 5 4 5 4 4 2 5 0 5 5 2
   1 5 3 3 5 0 3 3 1 3 1]
  [0 2 5 3 3 5 5 3 5 0 4 2 4 0 2 0 5 2 3 2 0 4 1 1 2 2 3 2 0 1 0 5 1 5 0
   4 3 1 1 0 0 1 1 5 0 5 5 5 3 1 0 2 5 0 5 2 2 1 5 5 2 3 1 2 0 0 4 2 5 4
   0 3 3 3 3 1 2 1 2 4 3]
  [0 1 1 2 0 0 1 2 3 5 0 4 5 5 5 4 2 5 2 1 0 1 4 2 1 0 1 1 0 1 3 1 1 4 3
   5 5 1 3 5 3 2 2 3 3 0 0 4 4 2 0 2 5 3 2 0 3 5 2 3 5 2 0 2 1 1 5 0 1 1
   1 1 0 4 0 5 2 4 1 3 0]
  [0 4 0 1 3 0 3 1 2 3 1 0 0 3 0 5 2 1 2 1 5 4 5 2 2 4 0 4 1 1 2 2 4 0 5
   4 1 2 0 2 3 2 5 0 3 4 2 3 2 0 3 3 4 4 0 1 2 1 0 5 2 3 5 4 4 3 4 0 4 2
   4 5 2 5 5 1 2 1 1 0 3]
  [0 4 0 5 5 4 1 2 2 5 2 2 0 4 2 5 4 0 5 2 3 4 5 0 5 5 1 5 0 4 1 3 0 3 2
   5 4 4 5 0 0 1 2 1 5 1 1 3 3 3 2 5 4 5 0 5 1 3 4 3 1 4 4 1 3 5 0 2 4 3
   4 0 4 2 2 0 4 5 3 1 5]
  [0 3 3 0 5 5 4 5 2 3 3 5 3 0 5 3 5 2 2 4 1 4 3 0 4 4 2 3 5 1 3 3 2 0 4
   5 3 0 0 2 5 3 5 5 1 1 2 2 5 5 0 4 2 4 4 4 4 2 3 1 5 1 5 0 2 3 5 4 4 1
   5 4 0 0 4 4 0 5 1 0 5]
  [0 1 2 5 0 4 4 2 0 1 5 2 5 1 0 3 2 1 2 4 4 5 2 2 1 1 5 5 1 0 2 2 1 0 5
   2 1 0 2 5 5 0 1 2 0 3 0 5 4 0 0 3 3 0 3 3 4 5 5 2 0 2 2 2 0 5 5 5 5 4
   5 2 5 2 1 2 4 3 4 4 4]
  [0 2 0 3 5 3 2 0 2 2 4 4 5 5 3 0 4 1 4 5 2 5 2 2 1 1 3 5 1 2 2 1 1 4 1
   1 1 1 1 3 5 1 2 4 0 3 2 1 1 5 3 1 0 1 3 3 2 3 2 5 0 2 2 4 1 0 1 3 2 2
   1 4 3 4 1 1 0 3 4 3 2]
  [0 5 3 1 2 2 5 3 0 4 4 1 2 4 4 0 0 2 2 2 1 1 1 1 4 1 1 3 5 1 5 0 2 2 3
   3 2 0 5 2 2 4 2 0 5 0 3 0 4 5 2 1 3 5 3 0 1 5 0 3 3 0 3 1 1 2 5 0 1 2
   0 2 1 0 5 4 5 0 0 5 5]
  [0 3 5 0 2 3 2 2 0 5 2 4 0 1 0 3 3 0 1 5 5 5 4 2 1 0 4 0 2 4 3 5 4 4 0
   0 2 3 2 2 5 5 1 1 5 4 1 0 5 0 3 1 3 1 4 2 5 2 5 3 5 5 1 1 2 4 1 2 0 3
   1 4 5 5 1 3 1 1 3 0 5]
  [0 0 2 0 0 0 3 1 5 1 0 0 1 5 1 4 0 2 0 0 1 1 5 1 2 1 5 0 0 2 4 1 0 3 4
   2 0 1 4 2 0 5 1 5 3 3 5 2 3 2 1 3 1 5 0 1 5 0 1 1 3 3 2 4 2 4 4 1 4 2
   4 2 4 3 2 4 3 5 1 0 5]
  [0 1 3 2 4 5 1 4 2 2 0 2 0 3 5 5 2 0 5 0 1 3 3 3 2 3 3 3 2 5 3 3 3 4 3
   3 5 0 5 1 3 1 2 5 2 0 1 4 2 3 0 3 1 2 5 1 0 0 0 0 1 2 2 1 4 3 0 0 2 1
   1 3 2 0 1 3 0 3 0 1 4]
  [0 5 2 0 5 2 3 1 4 1 2 0 2 5 2 1 0 0 2 3 0 3 1 4 2 4 0 0 0 0 3 0 2 0 3
   2 5 0 4 4 5 2 0 5 4 5 1 0 5 0 3 4 5 2 2 3 1 2 1 5 5 1 3 1 0 2 3 4 4 5
   5 1 0 2 0 3 4 1 0 5 2]
  [0 4 1 5 1 0 4 4 2 0 3 2 3 2 4 4 4 4 3 2 5 0 4 0 4 5 0 5 4 4 1 3 4 3 1
   3 0 0 1 5 1 5 4 1 0 3 0 5 2 0 2 4 2 4 2 3 3 0 2 2 5 4 4 3 0 1 4 1 0 2
   4 3 3 4 1 1 1 2 0 0 5]
  [0 4 1 0 1 0 5 0 5 2 0 2 0 1 2 4 2 1 4 0 5 3 0 0 4 3 3 3 2 4 4 2 2 2 4
   4 4 2 2 2 1 4 5 0 4 4 2 4 3 1 5 0 1 5 5 2 0 4 2 0 3 2 4 1 5 0 5 4 0 3
   4 5 2 3 0 5 1 0 1 4 4]
  [0 2 2 3 1 4 5 3 1 4 5 4 3 4 3 4 1 1 3 0 3 0 5 0 1 2 1 2 1 2 0 3 3 0 4
   4 3 2 1 0 4 3 2 2 0 2 2 2 4 4 5 2 1 3 3 1 4 2 2 1 2 0 0 5 4 0 0 3 1 3
   4 3 1 0 1 2 5 5 1 0 2]
  [0 1 3 3 4 1 3 2 0 3 1 0 2 4 3 5 2 5 4 3 5 4 4 3 0 3 2 5 5 0 2 1 5 0 1
   3 3 5 0 2 1 2 3 4 4 0 0 2 2 1 0 0 1 5 2 3 5 4 0 4 0 0 2 4 1 4 5 5 2 0
   3 0 2 1 2 0 0 5 1 5 4]
  [0 1 3 0 0 0 1 4 1 4 1 1 0 1 5 4 4 1 0 0 4 2 0 3 0 0 2 5 0 4 1 1 0 3 3
   1 1 0 4 4 3 1 3 5 4 1 0 3 3 5 5 5 2 4 5 1 2 3 3 3 2 3 5 5 4 5 2 4 2 1
   4 4 2 2 5 2 1 2 0 4 3]
  [0 0 3 2 3 5 2 4 4 5 0 3 3 5 0 4 1 2 1 2 4 4 4 2 0 4 0 1 2 0 4 2 3 1 0
   1 4 4 5 1 1 4 5 4 1 5 2 0 1 3 4 5 3 0 1 0 2 5 2 1 2 0 2 5 4 1 2 5 4 1
   5 4 2 4 2 4 5 5 0 1 3]
  [0 4 3 2 5 1 5 4 4 0 0 3 0 2 5 2 2 2 1 0 2 0 5 1 1 0 3 0 4 5 2 3 0 4 0
   0 4 2 1 2 2 1 4 0 3 5 0 1 3 5 3 1 5 0 0 2 3 1 0 3 3 2 2 3 5 1 2 2 2 0
   2 0 5 5 2 0 1 3 2 5 4]
  [0 1 1 3 4 4 4 4 0 3 1 4 2 4 5 3 5 5 0 0 2 1 1 2 0 2 1 4 0 3 5 5 4 0 1
   1 0 4 0 3 0 1 0 2 1 2 2 3 2 5 0 3 5 0 4 2 4 0 3 2 4 1 3 2 1 5 1 1 3 0
   1 5 0 4 5 0 4 2 3 1 0]
  [0 1 0 3 0 1 2 3 1 5 0 2 4 2 3 0 3 0 0 1 2 3 2 5 0 1 5 1 0 0 5 5 2 4 4
   2 1 3 3 5 4 3 4 1 2 2 2 1 4 0 1 3 0 2 4 4 3 1 4 4 4 1 2 1 1 5 4 4 0 4
   4 3 3 4 3 4 1 1 3 5 3]
  [0 4 1 2 4 4 3 4 2 1 5 0 4 3 3 1 3 5 3 0 2 4 5 3 1 1 2 4 3 4 0 1 4 2 3
   1 1 0 5 5 0 0 2 3 5 0 3 0 1 3 0 3 5 3 3 0 0 1 4 3 1 2 3 4 5 0 3 5 0 5
   2 4 0 4 5 4 4 3 0 2 4]
  [0 3 1 2 3 1 0 2 1 5 2 0 2 5 5 1 5 1 0 2 3 4 5 0 0 3 3 3 0 1 0 0 2 1 2
   0 3 5 2 2 4 5 5 1 2 4 3 0 4 1 0 1 4 4 3 5 4 2 4 5 4 5 3 5 1 3 3 0 3 5
   2 3 5 0 0 2 4 4 1 4 1]
  [0 3 5 4 5 5 1 5 1 4 0 3 2 0 4 1 5 4 3 0 2 2 5 4 4 0 4 5 0 2 4 4 0 1 1
   2 4 4 3 0 5 1 3 2 3 3 5 3 1 3 4 1 1 4 5 3 2 0 0 5 4 0 2 3 4 3 5 1 5 2
   1 4 1 1 1 4 1 2 3 1 5]
  [0 2 3 3 4 1 0 2 2 2 0 0 0 3 4 5 2 3 2 3 3 5 2 4 0 4 3 4 2 5 1 0 2 0 2
   3 0 0 2 4 2 1 4 0 2 2 4 3 3 1 0 3 4 2 2 1 5 4 4 2 3 3 3 3 5 5 5 0 0 1
   3 2 4 5 3 0 4 1 3 4 5]
  [0 4 1 1 4 4 1 2 5 3 4 4 5 2 0 4 5 3 1 4 1 2 2 1 3 2 1 3 4 4 0 0 1 4 0
   2 3 5 2 5 5 1 2 0 5 3 2 3 4 3 5 0 4 5 1 1 5 4 2 5 1 2 0 3 0 0 2 1 5 1
   4 1 3 4 4 5 2 4 5 3 4]
  [0 2 0 5 0 4 1 3 2 1 3 2 4 2 0 5 1 2 5 5 0 5 4 5 5 4 0 4 1 3 2 2 3 5 4
   0 0 3 2 1 3 2 0 5 2 3 0 2 4 5 1 0 2 2 5 0 5 0 5 4 1 3 2 4 3 0 0 1 0 3
   4 5 0 1 3 0 3 0 4 4 5]
  [0 1 0 0 1 0 5 0 3 5 1 5 2 0 5 0 4 0 0 5 3 0 2 0 2 2 0 0 5 3 1 2 1 5 4
   1 0 1 2 2 1 3 2 5 2 4 5 3 3 5 4 4 3 3 5 2 4 2 1 3 0 3 5 2 1 4 4 4 5 0
   3 3 0 5 4 2 2 5 3 0 3]
  [0 1 4 4 3 0 3 2 5 3 4 2 5 1 3 1 0 0 3 5 0 3 4 5 2 0 5 5 0 4 2 2 5 3 2
   4 3 0 4 1 2 2 0 0 0 4 1 5 3 0 0 1 0 2 5 4 1 2 4 3 3 2 4 2 4 3 4 0 3 2
   0 4 2 4 2 0 1 4 1 1 2]
  [0 5 3 2 0 5 5 4 5 2 1 1 0 3 4 0 0 5 0 2 1 4 3 1 4 1 2 3 5 5 3 3 1 5 1
   4 2 1 0 2 3 1 1 3 3 5 4 2 1 1 3 5 3 1 2 4 2 1 5 4 1 2 2 1 4 2 4 5 3 5
   1 2 2 3 4 1 2 5 2 1 2]
  [0 4 1 3 2 0 0 1 1 1 0 5 1 4 5 3 0 2 5 3 4 1 2 3 3 5 2 2 1 5 2 1 2 4 4
   2 3 4 2 0 5 4 0 0 2 1 5 3 4 3 4 3 4 4 2 1 3 2 0 3 1 0 2 0 3 5 1 1 4 0
   5 5 3 4 5 2 1 2 0 0 1]
  [0 5 4 3 0 0 3 0 4 5 1 0 0 4 3 4 1 2 3 3 1 1 2 2 5 5 2 2 3 0 4 1 1 0 4
   0 3 2 3 5 0 3 3 4 3 0 1 4 3 2 3 2 5 5 1 1 2 1 1 2 0 3 2 5 1 1 2 3 4 4
   1 3 5 0 1 4 0 2 4 2 0]
  [0 0 1 0 1 5 1 0 2 4 1 5 1 1 0 5 2 1 0 3 2 0 1 5 3 2 0 3 1 1 5 2 1 0 5
   0 4 5 3 0 1 0 4 4 5 2 1 5 4 4 4 1 3 1 5 2 5 1 0 4 4 4 3 1 4 1 5 5 2 0
   2 0 1 2 3 4 5 4 1 3 1]
  [0 3 2 4 1 0 3 2 4 0 4 2 0 0 0 1 3 0 0 3 4 1 5 4 1 4 2 2 2 1 1 2 2 0 3
   5 5 2 1 1 5 1 0 1 0 3 4 1 1 0 4 3 4 5 4 4 0 2 3 5 0 1 0 3 5 5 5 1 2 3
   3 3 2 3 1 5 0 2 3 1 1]
  [0 4 0 3 4 5 3 2 5 0 5 3 5 2 5 0 0 3 1 3 5 4 2 2 1 5 0 3 1 2 1 2 5 2 1
   1 5 5 1 5 5 0 2 0 3 3 2 1 1 1 1 0 1 5 3 4 0 4 5 2 4 3 5 1 5 5 2 4 4 1
   0 1 5 3 4 2 4 1 2 1 4]
  [0 0 4 2 1 3 1 4 0 2 0 2 0 0 4 2 1 3 4 1 4 3 5 4 0 2 2 5 4 0 5 4 2 0 4
   4 3 0 5 2 2 1 2 1 0 3 1 5 4 2 0 0 5 4 1 0 1 5 3 0 0 4 0 5 0 1 1 3 5 3
   0 3 1 2 1 5 1 0 5 5 3]
  [0 4 1 5 2 3 1 3 0 4 5 3 2 1 5 1 2 2 5 4 3 3 3 4 3 2 3 5 0 1 0 0 0 3 2
   0 5 1 3 0 1 0 4 4 4 0 0 3 4 0 4 1 4 3 5 4 3 2 3 2 0 2 5 2 0 2 4 4 2 0
   3 5 1 2 4 2 4 1 1 1 3]
  [0 2 2 0 5 1 3 5 3 2 2 1 4 3 0 1 1 3 5 4 3 0 2 4 3 2 4 2 4 1 2 4 5 1 5
   0 0 5 1 3 3 3 2 0 1 5 0 4 5 4 1 5 3 4 1 4 2 2 0 1 1 5 3 1 3 4 4 5 4 4
   3 2 1 4 0 3 5 2 4 4 0]
  [0 0 1 5 4 4 2 4 1 2 5 4 1 2 5 2 2 5 1 0 5 5 1 3 4 4 1 5 1 3 2 5 5 1 5
   2 4 2 5 1 4 1 0 5 1 1 3 0 0 3 1 3 2 4 5 0 3 3 5 0 5 3 3 1 2 3 5 2 5 1
   1 3 2 5 1 1 1 4 1 5 2]
  [0 0 2 1 4 1 1 4 4 1 0 4 5 5 1 4 5 3 2 2 4 1 0 4 5 4 5 1 1 3 3 4 4 3 0
   1 4 3 3 1 3 1 2 2 3 3 4 5 0 0 4 0 3 0 0 3 3 2 0 2 0 4 3 5 3 4 3 1 4 1
   3 0 2 1 0 2 1 4 0 0 4]
  [0 5 5 3 5 5 1 0 2 5 5 5 5 4 0 3 3 1 3 1 2 4 4 4 3 1 1 2 1 0 0 1 5 1 0
   1 2 1 3 2 2 4 3 0 5 0 4 1 1 0 5 1 3 5 3 1 1 1 3 3 3 2 5 1 1 0 2 1 5 4
   1 5 4 4 0 0 3 3 0 0 2]
  [0 3 5 1 1 2 0 4 0 1 1 3 2 5 1 5 0 5 0 4 2 2 5 4 3 1 2 2 1 0 2 4 4 2 1
   3 2 3 5 5 1 3 4 1 1 3 1 3 5 4 0 4 5 5 2 5 2 2 2 1 2 2 4 2 3 4 2 4 2 2
   3 2 2 1 4 0 4 2 2 2 5]
  [0 4 3 1 0 0 1 1 3 4 1 1 0 5 4 2 1 4 3 0 0 4 2 1 5 5 2 4 2 4 3 0 1 3 0
   5 4 5 0 5 4 5 5 2 4 3 1 1 2 0 1 0 3 4 2 2 5 4 2 3 3 1 1 1 4 1 3 4 0 5
   3 4 3 0 2 3 1 4 4 4 2]
  [0 4 3 0 4 3 1 1 4 1 2 1 3 4 4 1 4 3 0 3 4 2 5 1 3 4 5 3 5 4 1 2 2 0 4
   4 0 4 4 3 2 2 3 3 3 1 1 2 5 3 3 1 0 4 4 2 2 5 5 0 5 4 0 0 5 0 4 4 3 4
   3 1 1 5 2 0 3 4 5 3 5]
  [0 0 1 0 4 3 3 5 1 2 0 2 5 0 0 0 4 4 2 4 3 0 0 0 3 0 5 1 1 4 5 4 5 4 4
   1 1 1 1 0 1 3 3 4 5 3 4 4 3 5 0 4 4 0 3 1 0 2 4 4 3 5 4 2 1 2 0 2 5 2
   3 0 2 4 2 3 1 5 1 0 3]
  [0 2 3 4 0 5 5 1 5 2 1 2 0 5 2 1 0 5 3 1 4 4 3 0 4 3 0 3 3 3 5 3 0 3 0
   5 0 5 5 1 4 1 0 0 5 2 1 2 0 4 3 3 3 1 0 1 0 5 4 4 1 5 1 0 2 2 4 3 3 4
   5 4 1 1 5 0 5 0 5 1 4]
  [0 1 3 0 4 3 1 5 2 0 3 0 2 5 0 2 5 1 1 3 3 1 2 3 3 1 2 4 1 5 4 3 2 0 3
   1 3 2 0 2 4 3 1 5 0 0 5 5 0 1 3 0 1 2 1 0 4 3 0 4 2 0 1 0 1 5 4 5 3 3
   4 4 2 0 4 3 2 1 0 1 5]
  [0 2 3 4 2 4 2 4 4 4 1 0 0 1 4 0 2 0 4 2 3 5 0 3 3 4 2 0 3 5 3 5 2 0 0
   1 5 4 3 2 3 1 4 0 3 0 1 5 3 0 5 1 2 3 0 1 0 1 2 4 4 1 3 4 1 5 3 0 4 0
   0 3 1 2 1 5 5 2 0 5 2]
  [0 0 1 2 3 3 3 0 3 3 2 2 4 1 0 5 1 1 4 2 5 5 3 1 3 0 0 5 5 1 1 0 3 4 2
   2 0 1 3 3 0 3 4 2 1 5 5 1 2 1 4 5 5 3 5 2 4 0 0 1 1 2 0 1 1 4 4 0 2 3
   4 4 3 4 2 3 3 5 1 1 0]
  [0 3 0 5 3 3 1 5 0 1 3 0 5 2 1 1 1 5 3 2 4 5 5 4 5 1 1 4 3 3 5 0 1 1 4
   3 2 1 4 5 1 1 1 2 5 2 3 3 3 4 1 0 3 4 4 5 3 0 0 2 3 1 3 0 1 0 1 0 5 0
   4 2 1 0 4 2 2 4 4 0 1]
  [0 2 0 4 2 5 2 2 4 3 0 3 1 4 5 0 0 2 2 5 3 1 1 5 1 4 3 1 4 1 4 3 5 3 0
   1 4 4 5 1 2 1 4 1 5 0 1 3 3 3 1 1 5 0 4 0 0 1 1 0 5 5 4 3 0 5 1 0 4 1
   3 5 1 1 2 0 3 0 2 2 0]
  [0 1 1 5 1 2 4 2 1 0 3 3 0 3 1 0 5 5 5 4 0 5 4 3 5 5 0 1 0 3 5 2 0 5 2
   3 5 0 4 2 3 5 1 0 5 5 1 5 4 4 2 3 2 3 2 3 4 3 0 3 0 0 4 4 3 1 4 2 5 5
   3 0 1 5 2 2 1 4 0 2 2]
  [0 1 0 4 1 4 3 5 4 2 4 0 0 0 1 1 5 0 4 2 3 2 3 3 1 4 2 3 5 4 3 3 4 4 3
   5 5 1 1 5 0 1 5 2 3 3 1 3 5 4 0 4 4 5 2 3 1 4 0 2 4 0 4 5 2 1 1 4 5 4
   2 0 1 1 4 3 5 1 5 1 3]
  [0 2 4 5 3 2 5 0 0 4 0 3 1 3 2 2 2 0 3 0 5 1 3 2 4 2 5 0 5 0 2 3 2 4 3
   3 3 0 2 1 0 3 3 0 4 1 4 2 4 5 1 5 2 2 3 4 2 3 0 1 5 4 0 0 3 3 1 2 1 2
   5 5 4 5 2 3 3 0 1 3 2]
  [0 3 2 3 1 2 2 3 4 0 1 5 5 0 0 5 4 3 3 5 2 2 5 4 4 2 1 0 0 3 3 0 4 3 0
   1 2 1 1 5 5 2 2 3 1 0 4 4 1 0 1 3 5 0 4 5 4 5 5 3 1 3 1 0 1 1 1 2 1 5
   3 3 5 3 2 5 1 0 0 4 1]
  [0 1 1 1 3 0 4 1 5 1 0 0 3 1 0 5 0 5 5 0 4 0 5 1 4 3 1 2 2 4 2 4 5 2 0
   5 4 0 2 0 0 2 1 3 3 1 4 4 0 1 3 2 5 3 1 5 5 4 2 5 0 5 1 3 0 3 2 1 2 5
   3 3 3 2 2 0 2 3 0 3 2]
  [0 5 3 3 5 1 2 5 0 4 1 5 5 4 1 3 3 1 1 3 3 4 0 3 4 1 2 2 2 3 0 4 5 0 2
   1 1 5 4 1 3 1 1 5 3 0 2 3 5 4 0 0 2 2 2 4 0 2 0 2 4 3 4 1 4 0 1 4 5 1
   0 1 3 3 3 1 3 0 1 4 5]
  [0 0 3 4 0 4 3 0 4 3 5 0 0 1 0 5 1 5 3 1 0 0 0 2 4 5 5 3 4 4 2 1 1 5 3
   5 2 4 3 2 0 1 5 1 4 0 1 2 1 3 2 2 2 3 4 5 1 4 3 4 2 1 5 3 0 5 0 5 0 1
   5 3 4 5 3 0 3 0 2 4 4]
  [0 0 0 1 4 5 0 3 1 3 3 5 3 4 0 5 5 5 0 3 3 3 3 5 0 5 1 0 3 4 4 3 1 2 1
   0 5 4 2 5 0 0 4 1 3 5 0 1 3 0 5 5 3 1 3 0 5 0 2 2 2 4 3 1 2 4 1 0 4 4
   2 0 4 5 1 3 4 5 2 4 5]
  [0 1 4 5 5 5 4 4 2 4 0 3 0 0 2 4 4 2 2 4 1 4 1 1 5 0 2 3 1 0 5 3 4 4 0
   5 4 5 0 1 4 3 3 4 3 2 1 5 3 0 0 3 0 0 2 4 4 1 1 1 1 5 0 2 5 0 2 1 0 3
   0 1 0 3 1 5 5 0 5 1 0]
  [0 0 1 1 2 4 4 1 5 5 4 2 0 0 0 5 1 5 1 1 0 1 3 2 2 4 1 0 3 0 0 4 2 0 0
   3 3 2 4 0 3 5 1 5 3 1 0 4 4 1 2 1 0 3 4 3 1 1 2 2 0 5 3 0 3 1 5 0 0 0
   3 5 5 1 5 0 2 0 5 4 0]
  [0 5 4 4 5 0 0 4 4 5 1 4 1 4 3 5 2 1 1 3 2 4 1 5 4 4 5 5 1 0 1 2 2 2 3
   0 2 3 1 1 4 2 1 3 0 5 5 4 5 1 5 0 2 4 4 2 2 2 2 1 3 3 3 0 4 1 0 4 1 4
   0 1 3 1 0 5 0 5 1 3 1]
  [0 0 3 1 4 5 2 4 5 2 3 0 5 3 0 1 1 1 4 1 0 3 3 5 1 3 5 3 0 3 4 5 2 1 1
   2 4 4 0 5 1 1 2 3 4 3 3 2 5 3 1 3 1 3 4 5 0 2 1 2 4 3 4 4 1 1 4 5 0 2
   3 0 4 2 2 4 1 3 3 5 2]
  [0 4 1 2 4 0 0 2 3 4 2 3 2 1 0 5 4 5 4 1 0 0 1 0 0 3 2 2 3 0 0 3 3 5 5
   5 5 4 3 5 3 0 3 4 2 0 2 3 5 3 1 4 1 5 0 3 2 4 4 1 3 2 2 2 5 5 0 5 1 4
   2 3 0 3 3 5 5 2 3 1 4]
  [0 0 0 4 1 2 4 5 4 2 4 5 0 2 5 5 0 1 0 1 2 2 2 3 4 5 3 5 2 4 1 4 1 5 5
   4 2 1 2 1 3 5 5 0 4 3 5 3 0 1 4 2 2 2 1 3 5 4 2 3 3 3 1 4 2 0 3 4 2 4
   4 4 5 0 5 2 1 2 2 4 2]
  [0 3 5 2 0 1 3 0 5 1 5 2 0 5 3 2 3 3 0 5 2 1 5 3 1 5 3 0 3 5 4 0 5 4 4
   5 2 0 4 5 5 1 5 0 0 5 2 2 4 4 5 2 2 1 3 4 3 0 2 2 5 3 3 4 5 3 2 5 4 0
   5 5 0 5 0 3 2 4 1 0 0]
  [0 3 0 3 0 1 3 3 2 3 3 4 5 2 4 0 0 0 5 2 5 1 4 5 4 4 0 2 5 0 5 4 0 4 0
   0 2 0 3 5 1 1 3 2 5 1 3 2 2 3 3 3 1 0 1 1 4 5 5 5 2 0 0 5 2 4 2 0 3 4
   2 4 3 5 4 0 1 4 5 5 2]
  [0 0 5 1 0 4 0 3 5 0 2 1 3 3 2 1 4 2 1 1 5 4 4 3 0 2 5 0 0 5 2 0 2 0 2
   2 4 1 3 4 3 2 0 2 3 5 2 4 1 0 2 3 4 4 1 0 3 5 3 2 5 3 0 5 0 2 5 0 2 4
   4 2 3 2 1 1 0 4 4 0 1]
  [0 0 0 4 4 3 3 0 0 0 1 1 3 4 1 0 3 1 2 5 3 5 5 1 4 4 3 2 5 3 2 4 2 0 4
   5 0 1 3 4 3 2 4 1 3 4 3 5 5 0 5 1 4 3 3 2 1 3 4 3 0 3 2 1 4 4 0 2 1 0
   1 3 2 4 0 2 1 0 0 5 3]
  [0 3 2 2 4 3 2 0 1 3 1 3 5 3 3 2 5 4 4 2 0 4 4 0 2 2 3 2 5 0 3 2 4 2 3
   2 3 0 4 3 0 2 1 3 3 3 2 5 1 0 3 1 1 2 0 1 2 4 1 4 4 4 3 3 3 4 4 1 0 3
   3 0 4 2 1 0 5 4 0 2 4]
  [0 0 0 5 0 0 0 5 0 3 5 4 0 5 1 3 4 3 2 0 4 5 3 2 3 1 5 2 5 1 0 1 3 0 1
   2 1 3 1 0 1 4 2 1 0 0 2 1 5 2 5 1 1 3 4 4 4 2 5 3 0 1 5 0 3 2 2 4 0 5
   0 2 4 4 2 0 1 1 4 0 3]
  [0 0 3 3 5 5 0 3 0 3 0 2 2 2 4 1 3 0 3 0 4 0 3 0 2 4 4 0 4 0 5 4 1 5 3
   5 4 2 3 4 3 4 5 5 5 1 5 2 4 2 1 4 3 2 0 2 4 2 3 4 2 4 3 5 2 3 1 5 2 1
   3 1 5 5 4 1 5 3 4 2 0]]

 [[0 1 2 3 3 1 2 0 4 4 3 2 4 1 5 1 2 1 3 4 1 0 2 2 0 0 4 2 2 0 3 1 1 0 2
   1 2 3 0 5 2 5 4 2 0 4 5 4 1 0 0 5 1 1 2 5 2 4 0 0 3 4 0 5 2 2 4 0 5 1
   1 5 1 1 2 4 0 4 1 2 2]
  [0 0 5 2 3 1 3 5 2 0 1 0 4 3 0 1 4 0 4 4 4 0 5 4 0 5 2 0 4 4 2 5 0 2 3
   5 5 0 1 2 1 4 3 4 0 3 4 5 3 2 3 2 3 0 2 3 0 4 1 4 2 2 2 1 3 2 5 1 0 2
   2 1 2 2 5 0 1 2 2 3 5]
  [0 2 0 1 3 3 5 5 0 1 5 4 1 5 0 4 0 3 2 4 2 1 4 1 3 2 0 0 4 1 2 0 1 2 2
   0 1 4 1 5 2 1 5 4 4 4 5 5 5 0 1 0 2 0 4 0 1 0 5 5 0 4 1 0 3 1 4 4 1 0
   1 3 5 0 5 3 4 5 4 5 2]
  [0 1 0 0 2 5 3 1 4 5 1 2 1 4 0 0 0 2 1 3 2 2 3 4 0 1 1 1 0 0 4 2 0 4 1
   4 0 0 4 0 0 1 1 4 0 0 0 5 3 5 4 2 0 2 4 0 3 2 4 1 4 5 4 3 1 0 0 0 5 1
   4 4 4 3 0 3 3 4 0 4 4]
  [0 3 5 1 0 4 0 1 1 2 5 3 0 0 3 1 4 1 1 5 3 4 1 0 5 4 0 2 3 2 4 4 3 0 3
   2 3 5 1 0 2 0 4 2 3 2 5 4 5 1 5 2 4 4 1 5 1 1 3 3 2 5 1 4 2 2 0 5 5 0
   0 3 3 5 1 2 4 4 2 0 2]
  [0 5 5 1 2 0 5 1 2 1 1 3 4 2 5 5 1 0 2 0 5 2 4 5 2 2 0 5 2 0 1 2 0 0 3
   4 2 0 5 2 0 1 0 3 5 3 0 4 4 2 2 0 5 0 4 1 2 1 2 2 5 0 0 3 4 1 5 0 5 3
   4 5 3 1 0 4 1 1 1 3 4]
  [0 4 4 0 5 3 0 0 0 1 0 0 0 3 1 5 2 2 5 5 2 4 3 2 3 4 3 0 3 1 5 0 5 3 5
   1 4 3 2 0 5 1 5 1 5 2 0 3 1 1 5 2 1 4 1 0 3 0 3 3 1 0 4 3 2 2 0 0 4 3
   5 1 5 1 2 2 0 4 3 3 2]
  [0 3 2 3 5 3 5 0 2 3 0 0 4 3 1 2 5 5 4 2 5 0 5 1 2 0 0 1 2 1 3 1 0 4 2
   5 0 5 5 3 0 4 1 5 2 2 4 3 0 4 4 1 4 2 5 2 1 0 3 4 1 2 2 0 2 3 3 3 5 0
   1 1 3 2 5 4 5 2 0 3 2]
  [0 2 3 0 1 4 0 4 0 2 0 4 2 2 1 5 3 1 3 3 2 3 4 4 0 5 1 3 2 2 2 1 3 3 1
   5 3 0 4 3 2 2 0 4 2 5 4 2 5 4 5 3 1 2 0 2 0 4 1 4 2 4 4 4 5 5 4 4 0 3
   1 2 1 1 5 2 1 5 1 5 1]
  [0 5 2 0 3 1 1 2 2 0 1 4 5 3 2 4 0 1 1 1 1 1 5 2 0 1 5 1 5 0 0 4 1 1 2
   0 5 2 1 1 2 4 1 1 5 2 1 4 5 1 5 1 0 3 1 3 3 1 2 4 0 0 4 0 3 1 4 5 3 2
   4 1 1 4 5 4 4 1 4 5 2]
  [0 3 2 3 4 3 5 5 4 5 0 4 5 4 3 1 2 2 5 4 2 4 3 1 0 5 2 0 0 0 4 1 3 2 3
   0 4 0 1 4 4 0 1 4 4 4 4 3 3 3 4 4 1 4 1 0 5 0 1 2 4 3 4 0 1 0 1 4 1 0
   4 0 5 2 2 5 4 3 4 0 4]
  [0 1 5 4 0 4 5 3 1 0 4 0 1 5 0 2 4 0 0 3 0 4 3 3 1 2 3 4 4 2 5 2 0 5 2
   2 4 2 5 0 2 4 5 2 1 4 2 1 5 3 5 2 4 5 3 4 3 4 2 2 1 5 0 1 4 4 2 2 5 0
   1 1 4 3 5 0 3 0 2 0 2]
  [0 5 5 5 4 0 2 3 3 1 4 4 0 3 4 4 0 0 2 1 1 0 1 5 1 2 0 4 4 5 0 1 4 5 2
   4 5 0 1 3 1 4 3 3 1 5 2 5 3 3 5 2 1 2 1 0 0 5 3 5 0 1 5 0 5 3 0 4 5 4
   1 0 1 0 2 4 3 3 4 0 5]
  [0 1 4 0 0 4 5 3 5 1 1 1 3 0 1 1 5 4 2 3 0 4 0 1 4 4 3 3 5 2 4 2 0 3 2
   5 3 3 5 1 0 2 3 5 2 4 1 1 5 0 3 4 2 2 1 2 1 5 0 1 1 3 5 4 5 4 1 2 5 0
   5 5 1 5 3 3 4 3 0 3 4]
  [0 0 1 5 0 2 3 1 2 4 0 5 4 1 0 4 5 1 0 4 1 0 1 3 5 5 5 1 0 3 2 3 0 4 3
   2 5 5 4 0 0 2 4 1 3 1 5 0 3 1 0 2 2 4 3 4 3 2 2 4 0 1 1 3 1 0 0 5 0 0
   3 5 2 4 3 0 1 2 2 1 3]
  [0 0 4 1 3 0 0 5 2 2 2 0 3 5 4 0 1 3 5 2 0 1 2 3 4 4 5 2 3 5 1 0 2 1 1
   2 2 0 5 4 0 4 4 1 4 2 3 0 3 1 2 0 4 1 0 5 1 5 0 3 4 3 1 0 3 0 5 5 0 5
   5 4 3 3 5 1 5 5 1 0 1]
  [0 1 3 2 5 4 3 5 1 0 4 3 0 2 1 4 0 1 0 0 1 3 2 2 0 0 1 0 5 0 3 4 0 1 0
   2 4 4 5 3 3 5 5 5 5 3 4 0 2 2 5 1 2 2 3 2 0 2 4 2 0 0 2 5 0 2 2 4 0 5
   1 1 3 3 3 0 5 0 4 5 4]
  [0 5 1 2 3 3 2 5 2 4 2 5 3 1 0 2 3 0 1 5 3 1 5 1 0 1 2 2 0 4 5 1 1 0 0
   5 3 5 4 3 1 5 1 3 5 0 3 1 1 2 2 5 3 0 3 5 1 2 5 5 1 4 1 0 4 4 3 1 5 2
   2 3 5 2 4 1 5 5 2 1 0]
  [0 5 2 5 4 0 4 4 0 0 5 3 0 2 1 3 1 5 0 5 4 4 3 4 2 4 3 5 2 5 5 4 2 5 1
   0 1 3 1 0 0 0 5 1 1 2 1 2 2 0 5 2 2 3 2 2 5 4 3 1 4 5 2 2 4 2 5 2 4 1
   2 2 0 5 2 0 0 4 2 3 3]
  [0 4 4 5 0 4 3 4 0 1 4 0 0 5 4 4 5 0 4 0 4 2 4 3 5 4 1 2 3 5 2 2 4 5 5
   5 0 5 0 0 1 1 2 1 5 2 3 5 5 2 3 0 3 5 5 3 0 2 0 3 2 4 0 4 2 2 3 4 5 0
   0 2 0 0 2 3 1 0 2 2 2]
  [0 5 3 4 2 5 1 4 0 1 2 0 5 0 1 1 5 5 3 4 0 2 1 1 0 0 2 0 1 1 1 4 0 4 2
   4 3 3 1 4 1 4 1 1 2 2 3 0 3 3 5 0 4 3 1 3 5 2 0 0 2 0 3 0 4 5 5 1 0 1
   1 2 1 0 1 0 5 2 3 4 0]
  [0 1 4 3 1 2 3 5 0 5 4 0 4 4 0 4 0 2 3 2 0 0 3 3 1 1 1 5 3 4 4 1 4 0 1
   4 4 0 4 4 2 5 3 4 2 3 2 3 2 4 3 5 4 5 0 0 4 1 0 1 0 1 2 0 0 2 3 3 5 4
   4 4 3 1 3 2 2 0 1 3 2]
  [0 1 2 0 5 3 2 3 4 5 1 3 3 2 2 4 2 0 3 0 2 3 0 2 4 4 2 3 5 5 1 2 0 5 2
   1 1 0 2 5 4 4 3 4 3 0 5 1 4 2 3 1 2 3 1 4 5 5 4 0 3 2 4 3 0 4 5 1 0 3
   1 1 3 2 4 3 4 0 1 1 2]
  [0 0 0 1 0 5 5 4 5 1 3 5 2 3 3 5 4 4 4 5 4 1 3 0 4 2 4 2 4 5 4 3 5 5 5
   2 1 0 4 1 1 5 1 1 3 2 4 5 3 3 3 2 0 1 2 5 1 2 1 5 5 5 3 0 4 4 5 3 1 2
   3 3 5 2 3 5 5 4 5 4 0]
  [0 2 5 0 1 4 2 1 0 2 0 4 2 4 0 2 4 3 4 1 0 0 2 4 0 0 0 4 4 4 2 0 4 2 2
   5 3 5 3 5 1 1 2 4 0 5 0 0 5 5 3 3 3 4 0 5 4 0 1 3 0 3 4 4 2 0 5 5 1 3
   4 4 3 2 0 4 3 3 4 1 5]
  [0 0 4 1 3 1 4 2 4 5 5 5 4 1 4 3 5 3 5 3 4 2 4 2 0 0 4 5 1 2 3 0 4 2 4
   1 5 5 2 3 0 5 2 3 4 5 5 4 3 4 3 3 4 1 1 3 0 2 5 3 1 5 0 0 4 0 2 1 5 5
   4 4 0 0 2 2 3 4 1 3 2]
  [0 1 3 0 2 1 0 2 2 4 5 0 2 0 3 5 4 4 0 3 1 3 3 3 0 1 0 3 4 2 5 4 0 3 3
   2 4 3 3 5 1 5 5 4 1 2 0 1 1 5 4 0 0 3 5 5 1 2 0 0 2 2 0 1 3 4 2 4 0 5
   1 5 1 4 2 3 5 2 4 1 0]
  [0 0 3 3 0 1 1 5 4 1 2 5 2 1 2 2 4 2 0 5 0 2 3 2 4 5 5 0 1 1 4 4 3 2 0
   0 5 2 4 2 0 0 5 0 5 2 4 0 4 5 1 0 2 1 1 1 2 5 2 0 5 3 2 3 3 5 3 1 1 1
   1 3 2 0 4 2 5 0 4 5 5]
  [0 1 5 4 3 5 3 5 3 1 3 0 5 0 2 1 0 4 4 1 4 0 5 3 4 3 3 2 0 0 2 1 4 1 1
   3 3 1 2 3 0 0 5 2 0 0 3 0 2 0 4 3 2 5 3 4 5 4 1 4 5 1 4 4 2 1 3 3 4 4
   4 4 2 2 0 1 5 4 1 3 5]
  [0 5 3 0 3 0 3 0 3 1 4 0 2 0 0 2 2 1 1 1 1 5 2 0 1 4 5 2 3 0 0 1 3 3 5
   2 3 2 4 1 1 3 3 0 1 3 5 4 0 1 3 3 4 1 1 3 4 0 5 3 4 3 1 1 1 4 2 5 1 3
   2 4 2 3 4 3 2 0 1 5 4]
  [0 0 4 3 4 1 0 2 2 2 4 1 2 1 4 4 2 4 4 3 1 4 5 4 0 0 1 4 1 3 0 4 0 5 2
   2 3 1 3 2 3 0 4 3 4 5 4 5 1 3 5 2 5 2 2 4 5 5 5 3 2 1 1 0 3 5 4 4 3 3
   0 5 5 2 2 2 5 3 5 5 1]
  [0 4 3 4 4 1 0 3 4 5 0 4 5 4 0 2 3 2 5 0 4 1 3 2 5 5 4 4 2 3 3 0 0 5 2
   5 2 4 3 3 5 5 3 1 0 1 5 4 3 1 3 1 0 3 0 4 5 1 4 3 4 5 5 3 3 0 3 5 0 4
   0 3 0 1 0 2 4 3 2 0 3]
  [0 5 5 1 5 2 5 2 0 1 0 5 2 3 2 4 1 4 4 2 1 4 2 2 3 0 1 1 2 1 0 3 0 3 4
   0 4 0 1 2 2 0 0 0 2 5 3 4 4 0 2 2 1 2 0 0 5 0 0 2 4 0 1 0 0 1 1 2 5 2
   3 5 1 0 0 4 2 4 0 5 0]
  [0 2 5 4 2 0 0 4 0 1 1 4 1 5 5 1 5 0 1 3 3 2 1 3 5 2 1 4 1 5 2 1 4 0 0
   0 0 0 5 2 0 3 3 3 2 2 5 2 3 4 3 0 4 0 0 1 0 3 1 4 2 2 5 2 1 2 2 2 4 0
   2 1 2 0 4 5 1 4 5 5 1]
  [0 4 1 5 5 2 5 5 3 0 0 1 5 0 1 1 0 2 1 1 5 4 4 2 0 1 0 5 3 1 3 2 4 2 0
   3 1 3 0 3 0 4 0 3 2 0 4 1 0 5 3 1 5 1 3 2 4 3 5 1 3 5 0 5 5 2 5 3 0 3
   1 1 2 1 3 1 3 4 2 2 4]
  [0 4 3 1 4 2 2 3 5 4 2 2 3 5 4 5 4 1 3 4 5 0 4 0 0 5 2 2 0 1 4 0 1 1 2
   0 1 1 2 1 2 4 5 0 2 4 5 4 5 0 1 0 4 4 2 0 0 0 2 5 3 1 4 1 2 2 4 3 0 0
   0 1 1 2 5 4 3 2 3 2 1]
  [0 3 5 4 3 3 2 1 2 0 1 2 4 3 2 1 5 0 1 1 3 4 2 0 4 5 0 3 2 2 1 2 4 5 2
   3 0 1 1 0 0 4 1 3 3 4 2 1 3 1 0 5 1 5 4 2 0 0 0 4 5 3 4 5 1 2 3 5 3 4
   3 2 5 1 0 0 0 1 4 4 2]
  [0 0 5 1 4 2 3 0 3 0 1 3 2 5 3 5 2 5 1 5 5 1 0 1 1 4 4 4 3 3 2 3 3 0 2
   3 1 0 4 4 3 1 4 2 5 4 1 3 3 3 2 5 0 4 4 5 2 4 5 1 4 2 3 1 3 0 1 2 2 0
   2 1 1 0 1 1 1 0 2 1 1]
  [0 2 4 0 4 1 4 4 3 3 4 0 4 4 2 0 2 1 1 4 4 5 4 5 3 5 5 4 0 3 2 0 2 1 1
   4 1 4 0 0 4 0 3 3 3 5 1 5 5 4 3 4 5 3 3 3 5 0 4 1 3 4 1 0 3 5 2 4 4 0
   2 5 2 5 5 4 4 4 1 0 0]
  [0 4 4 5 2 4 0 5 3 5 4 5 2 5 4 2 3 5 4 4 5 1 4 3 3 0 1 0 3 0 1 1 5 1 5
   0 0 3 1 0 1 5 1 1 1 3 1 0 2 0 5 1 2 1 2 4 4 1 2 0 5 3 4 5 4 4 5 3 3 1
   2 1 1 5 4 4 5 3 2 0 4]
  [0 4 1 1 0 3 2 5 3 4 1 2 3 5 5 1 5 1 2 4 0 2 4 4 2 5 5 2 5 3 1 2 1 1 5
   2 3 2 0 2 0 4 3 2 1 4 5 5 1 0 2 4 3 1 5 3 1 5 5 5 3 1 5 0 2 4 0 1 2 0
   3 0 1 4 2 0 3 2 1 4 2]
  [0 4 0 5 2 0 4 5 1 3 0 3 3 5 5 1 5 2 1 1 1 4 4 2 1 4 1 0 5 5 2 2 5 3 2
   1 2 4 3 5 0 0 1 0 0 4 1 1 4 3 0 2 3 0 2 5 4 4 5 2 5 2 5 2 3 3 4 1 4 3
   1 4 0 0 5 5 0 0 1 1 0]
  [0 2 5 2 0 5 2 2 0 0 3 5 1 3 2 3 2 4 2 0 3 4 3 4 3 5 0 0 5 1 4 0 3 2 4
   1 2 5 5 5 1 3 0 4 2 5 2 0 2 1 5 4 1 4 4 3 2 2 2 4 1 3 3 3 0 4 2 5 3 0
   2 1 5 5 5 5 4 0 2 3 4]
  [0 3 2 0 4 5 4 5 3 1 4 4 4 3 4 4 5 4 1 1 5 0 5 5 4 1 5 2 5 1 2 5 2 4 1
   3 3 2 2 2 4 0 0 0 3 3 0 1 5 5 5 3 1 4 1 5 2 2 2 1 5 1 0 4 5 0 3 1 4 3
   2 2 3 4 3 3 2 1 2 5 0]
  [0 0 0 3 4 1 4 1 3 5 4 3 5 3 5 5 0 3 5 2 3 1 4 1 4 4 4 1 3 4 4 3 2 4 5
   3 3 2 2 5 1 3 3 4 0 0 5 3 1 5 1 0 3 4 5 4 3 2 4 3 2 5 2 2 2 1 1 5 4 5
   2 0 4 4 3 2 5 2 3 2 2]
  [0 0 0 1 2 0 3 5 3 2 2 2 0 5 5 4 1 3 0 1 1 2 3 5 5 5 1 3 2 4 2 4 5 5 2
   0 3 3 3 3 4 0 0 3 0 0 3 1 4 2 5 4 1 3 2 2 0 5 3 3 3 2 4 3 2 5 4 1 1 3
   2 4 0 1 1 0 1 5 5 3 0]
  [0 4 1 5 3 0 3 0 2 4 0 5 4 3 4 0 5 4 0 4 5 1 3 3 5 3 3 0 0 5 5 2 4 2 1
   1 1 3 4 0 5 3 2 0 0 5 0 0 1 4 2 0 4 0 2 5 2 4 4 5 5 4 5 3 2 4 2 4 4 2
   1 2 3 2 3 0 3 2 1 4 1]
  [0 3 0 5 0 4 3 3 2 2 3 1 1 1 2 2 3 5 0 3 0 4 1 2 0 0 3 5 2 0 2 3 3 5 3
   3 0 3 5 0 5 0 2 5 3 3 5 0 0 5 0 2 4 2 2 3 4 3 5 2 0 2 4 0 0 4 3 3 0 0
   5 4 1 3 0 4 4 2 3 5 3]
  [0 1 5 0 0 2 1 3 5 4 2 1 1 4 2 5 2 5 5 3 2 0 2 4 5 2 4 0 1 0 4 0 3 2 3
   0 4 3 4 0 2 3 4 3 3 2 4 3 0 1 5 0 5 1 1 4 2 2 0 4 4 3 4 4 1 1 3 3 5 5
   5 1 4 0 2 4 1 4 3 2 3]
  [0 4 5 5 0 3 1 5 3 4 5 4 2 3 3 2 0 0 3 0 3 1 5 0 4 2 4 5 3 5 4 2 0 0 0
   4 1 3 1 2 5 3 3 2 3 4 2 2 1 0 5 0 2 0 1 1 0 4 2 4 4 1 3 0 0 4 4 2 5 1
   2 1 1 1 1 0 0 4 4 2 3]
  [0 0 5 3 0 1 5 3 0 0 2 0 1 5 2 0 2 1 5 3 1 3 3 1 2 1 0 0 0 4 2 5 0 4 4
   3 0 3 3 1 1 3 0 2 0 0 2 4 1 2 0 0 1 0 4 1 3 1 0 4 4 3 1 2 3 2 4 2 5 4
   4 4 2 0 1 5 3 3 2 4 4]
  [0 2 3 0 3 0 5 1 3 3 1 5 0 4 3 0 1 2 5 5 3 0 4 0 0 3 1 5 2 5 2 5 5 2 2
   1 4 3 3 3 0 4 3 3 5 5 0 1 0 5 1 0 4 5 1 5 0 2 4 1 5 1 1 3 5 4 2 5 3 1
   0 3 0 1 1 0 0 2 4 0 0]
  [0 0 4 0 4 5 5 3 1 2 3 4 0 5 2 4 0 5 1 3 4 2 5 2 2 4 3 4 1 4 3 2 4 1 2
   2 1 4 2 2 4 1 2 1 1 5 2 2 4 3 5 0 0 3 5 2 1 4 1 5 5 2 1 2 2 0 2 0 2 4
   5 0 1 2 3 3 1 0 3 5 2]
  [0 3 3 3 5 5 1 3 5 4 1 2 5 0 4 4 4 1 2 1 5 4 1 0 4 4 2 2 1 4 1 2 2 4 2
   2 5 2 1 0 0 5 2 4 1 2 2 1 2 1 4 4 3 0 2 0 4 4 3 1 1 2 3 0 2 5 3 5 3 0
   0 1 0 1 4 1 1 0 4 4 4]
  [0 1 0 2 2 4 5 1 5 1 1 0 1 5 5 0 0 4 4 4 3 3 2 1 4 5 1 5 2 3 3 1 2 5 3
   2 4 3 4 2 4 4 2 4 0 0 2 1 4 4 4 5 2 4 0 3 5 5 4 2 3 2 0 3 2 1 3 3 0 3
   5 3 1 0 1 5 3 0 2 0 1]
  [0 5 3 1 0 5 4 3 0 5 4 2 1 1 2 5 4 0 5 2 3 4 1 0 2 3 3 2 2 4 1 3 3 4 1
   1 0 1 0 0 5 0 3 1 1 4 5 2 0 4 5 5 4 4 1 0 3 2 0 2 5 2 3 5 3 1 2 5 2 0
   1 4 3 2 4 2 2 2 1 5 4]
  [0 5 4 1 3 2 0 3 1 4 1 2 2 2 5 3 2 4 0 3 1 0 5 3 4 5 1 0 1 4 4 1 3 3 5
   2 1 0 2 1 5 2 4 3 3 4 3 1 2 3 2 4 1 2 0 5 0 0 3 5 4 2 4 5 5 5 5 1 3 5
   0 0 0 2 4 5 2 0 5 5 4]
  [0 2 5 2 5 2 0 5 2 3 0 1 0 0 3 4 1 4 0 5 0 2 2 3 4 3 1 3 2 1 3 2 0 5 1
   5 0 4 0 2 2 4 4 4 1 3 4 1 1 0 1 0 5 5 5 2 2 0 2 2 3 4 4 2 5 4 0 3 1 3
   1 5 4 3 5 5 5 2 2 2 2]
  [0 5 3 5 4 1 3 2 1 0 5 2 3 2 4 0 2 2 0 3 3 2 0 2 4 1 1 2 1 0 5 1 5 0 0
   0 1 3 4 2 0 0 1 4 0 2 3 3 0 3 2 4 4 2 1 0 3 2 0 3 4 4 2 5 0 2 2 1 0 3
   5 0 0 2 2 2 4 1 4 3 2]
  [0 4 3 3 2 5 5 2 2 0 0 3 5 1 3 1 5 1 0 4 4 4 5 0 0 0 0 4 1 2 1 4 1 1 1
   4 2 2 0 5 0 4 4 1 3 1 0 3 2 0 5 4 2 5 5 3 0 1 5 0 1 3 3 4 3 0 1 0 3 2
   3 4 1 3 2 5 3 1 1 5 4]
  [0 4 4 3 0 3 5 4 5 2 4 2 4 5 4 3 3 2 0 0 0 0 2 5 0 0 1 5 2 4 3 1 1 4 0
   2 1 5 0 3 1 4 4 3 3 2 0 2 3 1 3 5 2 4 1 3 4 1 1 3 0 0 4 4 5 2 3 1 0 5
   1 3 0 2 3 5 1 3 5 1 1]
  [0 2 4 4 4 4 0 0 3 4 3 3 0 5 4 1 4 5 0 4 4 3 5 5 4 2 5 3 5 1 0 5 0 5 5
   2 4 2 5 0 5 1 4 5 3 4 5 4 4 5 0 1 0 4 3 4 2 5 5 4 4 0 1 1 5 2 1 4 3 1
   5 1 1 5 5 0 1 1 5 3 4]
  [0 0 3 5 2 5 0 2 2 3 3 3 2 3 2 0 5 1 4 2 5 1 2 3 0 4 2 5 0 5 5 5 5 2 4
   5 1 4 2 4 3 2 2 1 5 0 2 5 4 2 2 2 0 5 1 3 3 5 4 0 4 0 0 3 1 4 0 2 0 4
   3 3 4 3 0 3 0 3 5 3 3]
  [0 1 2 2 1 3 1 0 0 0 1 0 2 0 5 4 1 0 2 5 3 4 5 3 0 0 2 0 1 2 2 1 3 1 2
   2 1 2 0 4 5 1 4 5 3 5 1 0 0 1 1 2 5 1 1 1 2 0 1 1 0 0 0 0 0 0 0 5 2 1
   1 1 4 2 5 3 1 4 4 3 5]
  [0 0 0 2 1 0 5 0 2 1 5 2 1 4 3 5 5 3 3 3 0 2 4 4 1 4 0 3 1 2 4 4 1 5 2
   3 3 3 1 1 2 5 2 2 0 3 1 2 3 4 2 2 5 1 2 5 1 2 3 2 5 3 2 2 0 0 4 0 5 0
   1 2 4 2 0 4 5 2 0 2 0]
  [0 5 0 3 0 1 5 0 2 1 1 0 5 5 1 5 0 4 5 4 0 0 3 0 2 0 2 4 1 3 4 3 5 0 2
   2 5 4 4 0 4 1 1 5 4 0 0 5 4 4 5 5 4 4 4 1 1 0 3 0 0 4 0 2 0 0 2 4 4 5
   0 0 5 2 1 2 1 0 3 0 3]
  [0 3 1 0 2 0 4 4 1 3 0 3 5 1 2 4 0 2 1 3 0 4 2 0 4 4 2 3 5 3 0 2 2 4 0
   1 5 4 3 3 1 0 5 4 2 5 3 1 4 1 5 0 3 1 4 4 3 3 2 2 5 0 2 0 4 3 0 4 4 1
   1 3 5 2 5 2 1 3 4 1 5]
  [0 3 3 5 5 1 0 2 2 2 3 3 4 5 0 0 0 3 4 0 5 2 0 5 3 3 4 3 5 1 5 5 5 3 1
   5 2 3 5 1 0 3 5 3 4 1 2 4 3 1 2 3 2 2 0 1 1 1 2 4 5 1 5 0 4 5 1 0 5 3
   0 3 0 4 0 1 2 3 3 3 2]
  [0 1 0 1 0 1 1 1 0 1 5 1 0 1 5 4 5 1 2 0 4 1 3 4 3 5 0 2 5 1 2 3 5 0 2
   2 4 3 2 2 1 5 1 2 3 0 0 1 1 0 4 5 0 1 5 2 2 3 5 2 2 4 4 5 0 0 2 3 0 2
   1 4 5 5 5 1 0 4 5 3 3]
  [0 4 0 0 3 3 4 5 3 0 4 4 1 1 0 1 1 1 2 3 2 2 5 5 4 1 4 0 5 3 2 3 1 2 3
   3 2 1 5 2 2 3 3 0 4 2 1 4 4 5 0 1 4 0 4 5 3 3 5 1 0 2 5 2 4 1 5 2 3 0
   2 0 5 1 2 4 2 3 3 5 4]
  [0 4 5 5 2 3 4 3 2 3 0 3 5 2 0 3 5 4 5 0 1 2 2 4 1 1 1 5 2 1 0 0 0 4 1
   4 4 0 1 1 1 2 1 5 2 2 0 1 3 2 0 2 2 2 1 4 3 2 4 0 3 1 5 3 5 1 5 1 4 0
   0 0 1 5 4 3 5 1 4 5 3]
  [0 0 3 0 1 5 3 5 5 3 5 5 3 4 5 4 5 3 5 5 2 2 5 5 3 2 3 1 0 3 4 4 1 0 1
   4 5 5 5 4 3 0 0 3 2 3 3 2 0 2 5 3 3 4 0 0 0 0 5 2 3 1 2 2 1 3 3 1 3 2
   4 0 5 0 4 1 4 0 3 2 0]
  [0 2 5 3 5 5 4 2 0 2 2 0 1 5 5 0 2 3 4 1 4 5 0 2 5 3 3 3 0 4 1 0 4 3 0
   4 2 5 5 1 4 4 3 2 3 3 2 1 5 5 2 2 3 5 1 1 2 1 3 2 0 4 0 3 5 2 5 5 3 1
   3 3 0 2 3 0 3 3 3 3 0]
  [0 3 2 1 0 4 1 2 5 4 4 1 5 3 5 1 2 3 5 4 4 0 0 2 5 1 3 0 3 4 2 2 4 2 5
   4 1 3 4 2 2 3 3 5 3 4 5 1 3 2 2 0 2 0 2 4 5 2 4 0 5 0 1 1 0 5 0 0 5 3
   0 5 1 0 0 4 2 1 0 5 1]
  [0 4 4 5 5 4 3 1 0 0 5 4 5 1 3 0 2 3 3 0 1 5 3 4 5 1 1 2 0 1 1 3 2 0 2
   1 4 3 5 5 0 4 1 0 3 0 1 2 3 5 2 4 4 1 0 2 0 2 0 1 5 5 4 4 0 0 0 3 5 1
   2 0 2 2 0 3 4 5 2 2 3]
  [0 3 2 0 5 3 1 2 1 0 5 1 4 3 0 3 2 2 1 5 3 1 2 3 0 0 4 0 2 5 3 3 0 0 5
   3 4 3 4 1 3 4 4 1 3 4 4 1 4 0 1 5 1 1 0 1 2 1 4 5 0 1 3 5 0 4 5 3 5 5
   4 0 2 5 4 0 0 3 2 3 0]
  [0 4 3 2 0 2 3 0 5 3 0 3 3 5 4 4 2 2 1 4 3 0 5 2 2 3 3 3 5 1 5 4 4 4 2
   3 1 2 4 3 1 4 5 2 4 4 4 2 5 1 1 4 5 4 5 3 4 2 2 0 1 1 2 4 0 3 2 5 1 3
   4 1 3 2 5 4 0 2 5 4 4]
  [0 5 0 3 0 0 1 4 5 0 4 1 4 5 4 0 5 4 0 4 2 3 2 2 3 4 4 0 2 4 3 4 5 2 0
   1 2 1 4 5 0 1 3 0 2 1 2 4 0 3 0 0 3 5 4 1 2 3 4 2 4 3 1 2 1 0 2 2 1 5
   3 5 3 4 2 2 5 0 1 3 2]
  [0 2 2 0 2 3 0 4 4 1 1 4 2 2 0 0 0 3 4 4 1 2 4 4 3 1 0 0 3 2 5 4 1 2 2
   2 1 5 3 0 3 3 5 4 0 5 1 0 0 4 3 3 2 5 0 5 3 0 0 1 5 4 0 3 3 2 3 4 2 3
   2 5 2 1 0 2 4 0 0 5 2]
  [0 5 1 4 3 5 2 1 0 0 2 3 5 3 5 2 1 3 5 4 5 2 2 4 2 4 5 5 3 5 2 5 1 5 0
   0 1 3 0 1 3 0 1 1 0 1 1 4 0 3 5 4 2 0 1 1 3 5 2 2 0 2 2 4 0 1 1 2 3 4
   5 1 2 2 3 4 3 2 2 0 0]
  [0 2 1 1 2 2 5 2 4 5 4 1 3 4 1 5 2 2 4 3 4 2 1 1 3 3 0 2 1 2 0 1 4 4 1
   3 5 2 2 1 5 1 3 5 3 4 5 1 3 4 3 2 1 3 5 0 5 5 0 2 3 4 1 3 2 1 1 0 4 3
   1 0 0 0 1 4 3 2 4 3 0]]

 [[0 3 1 0 2 5 1 2 2 1 2 0 4 3 3 2 2 4 3 0 1 0 5 5 3 4 4 4 5 5 0 0 2 2 5
   2 1 1 3 0 1 4 4 0 5 5 2 3 2 5 1 2 1 3 3 3 2 1 1 0 4 1 4 2 3 0 2 0 1 0
   2 0 1 5 0 3 2 2 4 3 4]
  [0 0 0 3 2 4 1 5 4 1 4 1 1 2 2 3 4 2 3 3 0 3 4 4 0 3 2 0 4 0 1 1 5 0 0
   1 5 4 3 5 2 3 0 2 0 1 0 4 4 4 2 3 0 4 0 2 2 1 2 3 1 1 5 3 1 0 3 1 1 1
   2 4 1 2 0 2 1 4 1 4 1]
  [0 0 0 4 2 0 2 3 1 1 0 4 4 0 0 5 1 1 0 5 2 4 2 0 3 1 2 0 4 2 3 5 5 4 5
   5 3 0 0 0 1 1 2 2 2 5 5 1 1 3 4 2 0 1 5 2 5 5 0 2 5 2 3 3 0 4 4 1 1 3
   2 1 2 4 3 0 4 1 0 2 2]
  [0 1 1 0 1 5 4 2 4 1 5 5 3 5 3 4 0 5 0 5 2 2 3 1 3 1 0 2 0 3 4 3 0 5 4
   0 0 4 0 3 3 2 3 5 3 5 3 0 4 2 4 5 5 1 3 4 1 4 3 1 2 1 4 0 3 0 5 3 3 0
   5 1 3 5 3 4 3 3 4 1 1]
  [0 0 1 0 0 2 3 4 1 0 4 1 2 1 3 1 5 4 3 4 5 5 2 4 5 0 3 0 1 0 3 2 1 1 0
   3 0 0 4 2 4 0 0 0 4 5 2 1 4 5 3 1 1 2 0 4 3 2 4 3 5 4 4 4 3 1 3 4 0 4
   1 5 2 0 4 2 0 5 5 4 3]
  [0 1 1 0 3 0 2 5 5 1 4 3 0 4 3 4 5 2 1 0 1 4 1 5 2 2 1 3 4 2 1 2 4 2 5
   3 2 2 0 1 5 4 1 0 3 2 2 2 4 4 0 3 0 5 4 5 1 5 3 4 0 4 3 1 4 2 4 5 0 2
   2 2 1 0 1 2 1 2 3 5 2]
  [0 3 5 5 0 5 0 1 0 3 3 5 5 3 0 0 1 3 3 5 4 3 3 0 5 0 5 5 3 4 1 1 0 2 2
   4 0 0 1 4 1 3 1 5 4 2 4 4 2 0 3 1 3 5 3 5 1 3 3 2 4 0 5 0 0 3 5 4 3 1
   3 1 4 2 1 1 4 0 2 3 2]
  [0 5 2 3 3 2 1 0 4 5 3 3 3 5 4 0 1 5 2 5 1 5 0 5 0 1 0 0 3 2 0 3 4 1 2
   0 5 1 4 5 4 5 5 5 2 0 2 4 4 3 4 0 1 2 1 5 2 5 4 4 2 2 1 4 0 1 0 1 1 1
   4 4 2 1 2 5 2 2 5 2 3]
  [0 4 0 0 5 0 1 4 0 4 0 2 3 1 4 5 5 4 1 3 3 1 0 5 1 3 3 4 0 1 4 4 5 2 2
   2 5 1 1 0 4 3 5 5 4 4 1 0 2 1 4 3 2 5 2 3 3 5 0 3 3 2 5 0 1 0 1 0 0 3
   4 2 3 1 3 0 3 3 0 4 2]
  [0 2 0 1 3 4 3 3 4 0 3 0 0 5 5 4 3 4 4 2 4 5 2 1 0 2 5 5 2 5 5 0 5 0 0
   5 1 4 1 4 0 4 0 1 0 1 3 2 4 1 2 2 1 5 5 5 5 4 4 2 0 0 5 4 4 3 1 1 0 4
   2 0 0 0 4 2 0 1 1 2 3]
  [0 4 2 4 1 3 3 5 3 2 0 4 5 1 3 2 2 4 2 3 1 0 3 3 2 4 3 1 1 0 3 2 2 5 0
   4 5 0 0 3 5 0 1 5 0 3 4 4 3 5 1 5 5 3 1 5 2 3 1 0 0 1 3 5 5 3 4 4 4 2
   0 4 0 3 5 5 0 0 4 3 4]
  [0 2 4 0 5 3 3 1 5 4 0 0 5 2 3 5 0 2 0 2 5 2 0 2 0 0 4 1 1 2 3 5 0 5 0
   3 5 2 5 5 5 3 2 4 4 5 5 2 2 3 0 0 3 3 3 5 3 3 4 3 0 0 5 1 2 1 2 0 2 1
   2 3 2 0 3 3 1 2 2 5 5]
  [0 2 5 0 1 1 3 1 1 3 4 5 0 0 3 4 4 2 4 2 5 5 0 0 3 4 1 3 3 4 3 5 3 1 5
   5 4 2 0 2 1 2 4 3 1 4 0 3 5 0 5 3 1 1 2 1 3 3 5 3 0 0 2 5 0 2 2 0 1 2
   0 5 2 4 5 2 3 5 2 5 0]
  [0 0 3 4 3 0 1 0 1 2 1 0 0 0 1 0 4 2 3 5 5 2 4 5 5 4 0 2 5 4 1 3 1 1 1
   3 2 4 4 0 1 4 3 5 3 2 0 0 1 2 1 5 1 1 4 5 5 3 2 1 3 4 5 3 1 2 3 3 3 2
   2 5 5 2 1 1 2 3 1 0 4]
  [0 5 0 1 4 5 1 1 0 5 2 3 2 2 0 0 2 2 2 1 2 0 0 0 2 5 1 1 2 4 3 0 0 4 0
   1 1 1 5 3 0 1 5 2 1 1 3 1 2 4 5 5 1 2 1 5 4 1 5 5 4 2 5 0 2 2 2 2 3 0
   5 4 3 1 1 0 4 4 5 4 5]
  [0 2 1 0 0 4 0 3 2 2 5 0 0 0 0 0 0 1 2 2 2 2 4 5 2 2 3 3 5 4 1 2 2 0 1
   1 2 0 2 0 3 3 1 0 3 4 5 4 0 1 0 3 1 5 4 2 4 5 3 0 5 4 3 1 2 0 3 1 3 0
   4 3 0 5 1 2 1 0 3 0 2]
  [0 5 3 2 5 4 4 5 5 0 2 5 3 2 0 2 0 4 5 4 5 0 5 4 4 1 2 3 5 0 5 1 4 5 1
   5 4 3 2 5 0 5 1 5 3 0 5 0 4 3 4 2 3 4 3 0 4 0 4 4 0 4 5 3 5 4 4 0 5 2
   4 4 4 4 2 1 1 0 1 2 4]
  [0 2 2 5 0 3 3 4 1 4 5 4 4 5 0 1 5 0 0 4 2 0 0 2 2 2 4 2 1 2 3 2 3 5 1
   0 3 0 0 1 0 1 2 3 0 2 3 3 2 3 5 1 2 0 0 2 1 2 4 1 4 2 3 1 2 2 4 3 5 1
   1 2 1 2 1 1 4 4 0 0 4]
  [0 4 1 0 3 0 5 1 3 2 1 1 0 4 4 4 5 1 0 4 2 0 4 2 4 2 1 5 4 0 1 2 3 1 4
   5 0 4 1 4 0 2 3 3 1 5 4 2 5 4 0 5 5 3 3 1 5 5 5 4 2 2 5 3 2 5 3 2 1 2
   0 1 2 0 1 2 4 3 5 4 1]
  [0 2 4 0 2 1 5 2 4 0 4 1 4 5 5 3 1 4 2 0 2 5 2 5 0 5 5 0 1 4 5 2 1 4 2
   3 0 2 5 1 5 1 4 1 1 0 1 4 0 2 1 0 3 4 3 4 3 2 1 1 1 0 1 5 5 1 5 0 5 3
   3 5 2 3 3 0 2 4 2 3 3]
  [0 5 5 3 2 3 2 5 3 5 0 0 0 3 1 3 4 5 0 5 0 5 0 5 4 4 0 0 4 4 4 4 2 4 1
   2 1 1 1 4 2 4 3 3 5 5 0 2 2 3 2 3 0 5 4 1 4 5 4 0 4 2 2 5 4 3 5 3 4 5
   3 1 0 5 3 3 3 0 3 3 3]
  [0 1 3 2 0 1 2 1 0 4 4 1 4 0 4 2 4 2 1 4 4 0 1 4 1 1 3 4 1 1 5 0 2 0 3
   5 5 4 1 2 3 0 4 2 4 5 1 1 3 0 0 4 4 0 1 3 1 1 0 4 5 3 2 2 0 2 4 5 5 1
   5 3 2 5 5 2 5 1 3 3 0]
  [0 3 0 2 5 3 1 0 5 1 2 5 3 1 2 0 5 0 5 2 5 2 0 1 1 0 0 3 1 5 0 0 1 0 5
   5 2 0 2 3 2 3 4 2 5 0 5 1 3 1 3 4 1 3 5 3 1 3 0 4 0 1 2 5 5 2 1 0 4 4
   1 2 0 5 1 4 4 0 1 3 5]
  [0 5 1 0 3 1 5 2 1 1 5 1 3 3 3 1 0 0 0 3 1 2 2 0 1 1 1 2 1 1 5 1 2 3 1
   5 1 0 0 4 4 0 4 1 4 3 4 2 4 0 0 0 5 1 4 2 2 4 0 3 0 1 1 2 2 3 0 0 0 5
   5 3 2 1 5 3 3 0 0 1 0]
  [0 4 2 1 2 2 2 1 5 5 2 3 2 2 2 3 4 5 4 3 2 1 0 2 0 5 2 4 5 3 0 2 3 0 2
   4 5 3 1 3 3 3 3 1 3 1 3 0 0 2 5 1 3 0 5 5 3 3 2 3 3 3 3 5 4 4 0 5 4 0
   3 3 4 5 4 0 4 5 2 5 2]
  [0 5 0 4 4 2 5 5 5 0 0 1 0 1 4 3 0 2 0 1 5 0 4 0 4 0 3 4 2 0 4 3 2 4 3
   1 1 5 1 1 0 4 0 1 1 5 4 0 2 5 3 2 5 1 0 5 2 5 4 0 0 0 0 2 2 0 4 1 5 4
   1 0 0 1 3 3 2 5 1 4 4]
  [0 1 5 5 0 3 2 5 3 0 3 5 5 3 4 4 3 2 0 2 0 1 1 5 5 3 0 1 3 3 1 5 4 4 4
   1 4 1 4 2 5 1 3 2 3 3 4 4 3 5 1 1 3 1 3 4 3 5 1 3 4 1 0 2 4 3 2 4 0 0
   4 5 0 1 0 0 3 1 1 1 3]
  [0 5 1 1 4 4 5 3 0 0 4 5 2 5 0 3 3 1 5 5 3 1 2 4 5 4 2 0 2 4 1 5 0 1 0
   2 0 3 2 4 3 2 4 0 3 5 2 4 5 1 3 0 0 5 0 3 1 1 0 2 3 1 5 4 4 3 4 3 5 0
   3 1 0 5 5 4 5 1 0 0 4]
  [0 2 3 4 4 3 0 0 1 4 0 1 2 2 1 1 1 3 4 3 0 0 4 2 1 1 2 3 0 3 0 2 4 4 3
   3 3 2 5 1 2 3 2 1 2 2 1 5 5 5 0 4 2 5 1 4 4 1 4 5 5 3 5 2 4 0 5 5 1 4
   1 0 1 3 5 1 1 0 1 0 5]
  [0 4 4 4 4 0 1 4 1 3 3 2 1 2 0 4 2 3 2 3 1 5 5 3 2 2 4 3 4 0 0 5 5 4 4
   5 1 4 5 3 4 2 2 4 2 0 2 3 5 2 3 2 1 1 5 0 0 1 3 4 2 1 3 3 0 2 5 0 3 5
   5 4 4 0 4 2 0 0 2 1 3]
  [0 1 3 0 0 1 2 0 4 3 0 1 5 2 0 0 1 1 3 3 4 3 0 5 1 0 4 5 3 5 0 0 3 1 1
   3 4 2 0 3 2 4 5 3 1 3 1 1 4 4 5 3 5 3 5 1 3 0 2 3 4 0 3 1 1 5 4 1 3 5
   1 3 0 1 3 1 1 4 1 2 0]
  [0 2 0 3 1 2 5 5 5 4 4 0 0 0 1 3 2 1 2 3 3 4 3 4 0 2 4 3 3 2 2 0 4 1 5
   0 2 1 2 4 4 1 2 0 4 5 0 4 0 2 4 5 1 2 3 4 3 0 5 4 1 3 5 3 0 5 3 1 2 5
   2 2 0 1 3 5 5 3 1 4 1]
  [0 2 0 4 3 3 0 0 3 4 2 3 5 1 4 2 5 5 2 5 0 0 5 4 1 0 1 2 2 0 2 2 0 1 1
   1 2 0 0 0 2 2 2 5 0 1 3 0 2 1 0 2 4 2 5 1 4 0 1 0 4 2 2 4 5 3 1 0 0 3
   3 0 3 1 1 0 5 2 0 3 5]
  [0 0 4 4 4 2 1 0 1 3 1 2 4 5 3 0 0 2 5 3 0 0 5 2 5 4 4 5 0 5 5 3 5 0 4
   5 5 5 5 2 5 2 3 2 3 1 4 3 1 2 0 1 3 1 0 3 5 1 2 5 4 4 1 3 0 1 2 5 3 2
   0 5 5 1 1 1 4 2 5 5 4]
  [0 5 3 2 2 1 3 1 0 3 3 3 4 4 3 2 1 3 3 4 4 0 2 3 5 3 0 2 0 0 4 3 0 2 0
   1 0 0 4 2 4 2 4 0 2 2 2 4 3 3 1 1 1 1 0 4 3 4 4 0 1 3 0 3 2 1 3 1 4 4
   3 1 3 5 2 1 3 1 5 1 3]
  [0 2 0 1 2 2 1 1 1 2 0 5 5 1 1 3 2 2 0 0 4 5 2 0 4 0 2 0 0 5 3 1 0 2 4
   0 5 1 3 5 0 5 4 5 5 2 2 1 4 0 5 2 2 5 5 3 0 1 5 0 4 1 1 3 4 4 0 2 5 4
   1 5 2 5 1 5 1 2 0 4 4]
  [0 3 5 5 0 1 4 4 5 3 4 3 2 0 0 2 0 5 3 4 1 0 3 0 1 1 2 1 2 2 1 0 3 5 1
   4 0 4 0 2 4 0 1 3 3 0 2 2 1 0 0 3 3 1 1 0 5 0 3 5 5 0 3 2 5 1 1 3 4 5
   0 0 0 0 4 3 5 2 2 4 3]
  [0 1 1 0 2 2 2 5 0 3 2 3 0 5 0 5 5 4 1 0 1 2 5 2 4 2 1 1 4 5 4 0 1 3 5
   5 3 0 2 4 1 1 0 4 5 5 4 2 3 5 1 5 4 2 4 3 5 1 4 0 2 3 5 1 0 3 0 0 0 4
   1 5 4 5 0 3 1 5 1 2 0]
  [0 2 0 1 0 0 5 2 0 3 2 2 4 4 5 3 1 4 5 3 4 2 4 5 1 4 1 0 0 0 3 2 5 3 1
   4 2 5 0 5 0 1 2 2 3 4 5 4 1 1 1 2 3 3 5 2 1 3 0 0 5 4 4 0 2 2 0 4 5 1
   2 0 5 5 2 0 5 1 1 1 4]
  [0 2 3 3 3 1 2 1 1 1 1 3 1 0 2 5 2 5 3 5 3 3 2 5 2 3 3 1 4 5 5 3 1 5 1
   2 5 4 0 0 4 5 1 3 3 0 1 0 1 2 4 3 2 1 1 1 2 5 1 2 1 0 5 1 0 3 3 1 3 2
   0 5 4 1 0 2 5 5 1 4 0]
  [0 5 4 2 0 1 3 1 5 3 5 5 4 5 2 4 5 1 3 2 0 2 1 3 3 1 0 2 3 3 4 1 1 1 2
   3 1 2 2 5 0 0 1 4 5 1 1 2 3 5 0 4 0 1 0 1 0 3 4 4 2 0 0 4 3 0 3 5 1 3
   0 1 1 5 4 4 3 5 5 1 2]
  [0 3 1 5 1 5 1 3 2 1 1 2 0 1 4 4 2 4 5 1 5 5 0 4 0 3 1 3 0 3 0 2 5 0 0
   4 1 0 2 2 4 0 1 3 2 0 3 1 3 3 2 5 5 2 2 3 5 0 3 4 1 2 3 0 1 5 1 4 2 5
   5 4 5 0 2 0 2 2 1 1 3]
  [0 4 2 4 5 3 1 4 0 0 5 5 5 1 5 3 0 4 2 0 0 1 2 5 1 5 5 3 2 0 4 1 2 5 3
   4 0 2 0 0 1 2 0 0 3 1 2 3 2 0 0 3 4 0 3 0 5 0 5 0 2 4 3 3 1 3 5 1 3 3
   2 2 1 1 2 2 0 2 4 3 5]
  [0 0 1 2 0 1 1 2 3 3 5 2 4 2 2 5 4 4 3 5 1 4 5 1 3 1 3 2 0 2 1 0 0 4 5
   5 1 0 3 3 3 5 0 0 0 4 0 5 4 5 0 0 3 3 4 2 2 2 3 5 3 3 2 1 4 2 5 0 1 0
   4 1 4 4 3 1 5 0 0 3 3]
  [0 2 5 0 1 2 2 0 5 5 1 1 0 3 3 0 2 4 5 0 3 0 1 3 1 0 3 3 5 2 3 0 3 3 4
   2 1 3 5 1 0 2 1 2 0 0 0 0 3 3 0 2 0 0 5 1 2 4 0 2 5 3 2 3 2 5 5 5 0 4
   2 5 2 2 5 4 4 3 1 2 2]
  [0 0 1 5 1 2 2 4 5 2 1 4 4 3 5 2 3 1 5 1 2 0 2 1 3 4 3 1 4 5 5 4 3 1 2
   1 3 1 0 2 2 3 4 1 4 0 3 2 5 4 3 4 1 5 1 2 1 2 0 2 5 2 4 2 2 2 3 1 3 2
   0 0 0 1 0 5 2 1 0 1 0]
  [0 2 1 4 2 2 0 1 5 5 2 3 4 3 4 3 1 5 2 1 1 3 1 2 5 3 2 0 3 3 1 2 0 2 2
   4 0 4 0 4 0 2 5 2 2 3 0 4 5 0 5 2 3 2 4 5 5 4 1 2 3 1 2 5 3 5 4 4 4 0
   4 1 5 4 1 1 1 1 5 5 2]
  [0 2 5 5 1 2 4 2 3 0 0 4 0 5 3 0 2 5 0 1 5 5 3 1 0 2 5 3 5 1 2 5 5 4 1
   5 5 1 3 4 4 4 3 0 1 0 0 0 3 0 0 1 2 1 3 4 5 3 1 1 5 3 1 1 4 3 2 1 2 3
   4 2 0 4 3 5 2 3 3 1 5]
  [0 4 1 4 4 0 3 4 3 5 2 3 2 3 0 0 5 5 2 3 2 5 2 2 0 5 2 1 4 3 0 5 4 5 2
   2 4 0 1 4 3 2 2 1 4 5 5 4 0 0 0 3 0 5 1 5 5 2 4 3 5 0 5 2 1 5 4 3 1 4
   1 1 3 4 4 4 4 3 2 1 0]
  [0 3 4 5 2 5 4 4 4 4 0 3 5 5 5 5 1 3 2 5 4 2 5 2 5 4 2 0 5 5 0 0 1 4 0
   1 1 3 1 3 4 1 4 4 2 1 4 3 0 0 0 0 4 2 4 4 0 1 5 4 2 4 4 0 0 3 4 3 1 2
   0 1 0 1 0 5 3 2 0 4 3]
  [0 4 4 1 4 2 5 2 2 3 1 0 0 5 2 4 2 5 3 3 5 4 4 5 4 4 3 5 2 5 4 2 2 3 0
   5 2 1 2 5 0 1 5 3 3 2 4 1 0 4 0 3 3 5 4 2 2 3 1 0 4 5 3 4 0 0 5 3 3 4
   2 5 0 2 0 1 5 3 1 5 4]
  [0 0 5 1 2 0 4 2 5 3 5 2 5 0 4 2 0 5 1 5 3 1 4 3 2 3 0 5 2 1 5 4 4 0 5
   2 5 3 3 1 0 0 2 0 3 1 2 3 0 0 1 0 0 3 5 5 4 2 2 5 1 4 3 2 5 3 5 5 0 5
   0 2 4 0 1 2 4 5 2 1 5]
  [0 3 5 5 1 4 0 1 0 5 2 0 0 4 5 3 4 2 1 2 1 0 1 5 5 2 0 1 1 4 0 2 0 4 5
   1 2 5 5 0 3 3 3 4 5 1 2 0 3 0 3 3 0 1 1 1 5 1 0 5 4 2 0 2 0 3 3 1 0 5
   0 2 1 4 5 2 3 5 3 0 3]
  [0 2 3 0 3 2 3 0 3 2 2 1 1 5 1 0 0 4 4 0 5 5 4 2 5 1 1 2 3 5 5 4 2 0 5
   1 2 1 4 4 2 3 4 2 3 5 2 2 2 1 1 5 5 0 5 0 2 3 0 4 1 0 2 2 0 3 0 5 1 1
   2 1 1 3 0 0 2 2 5 2 0]
  [0 0 5 5 4 0 4 3 0 4 3 2 2 0 4 3 5 3 3 2 1 2 2 0 2 3 5 3 2 3 5 5 0 4 1
   2 1 5 3 3 1 4 2 1 5 0 3 3 0 3 1 3 0 3 0 0 1 3 5 4 1 5 0 5 0 4 0 4 2 4
   3 2 3 3 4 3 2 4 2 4 5]
  [0 4 4 0 2 3 4 1 3 3 1 1 4 2 3 1 0 0 2 2 2 2 2 3 0 5 0 0 2 2 3 4 4 2 3
   1 1 1 5 1 0 1 1 4 2 3 3 5 2 3 5 1 3 4 1 0 1 1 2 4 5 0 4 3 2 0 0 5 2 0
   4 0 5 3 3 2 0 5 0 2 3]
  [0 3 5 5 2 4 5 4 0 3 1 4 5 3 3 5 5 0 4 5 1 0 1 4 4 0 2 2 2 1 4 5 3 5 4
   4 2 0 1 1 4 2 1 4 5 3 0 1 4 2 0 0 2 1 1 4 0 4 1 0 3 1 1 5 3 4 5 5 2 4
   1 1 4 2 2 0 5 4 5 0 4]
  [0 4 4 1 3 2 2 2 3 0 0 4 0 1 3 4 4 4 5 2 5 1 0 3 0 4 5 1 2 1 3 0 0 3 4
   5 5 1 0 5 0 3 4 5 4 2 4 2 1 3 3 0 5 0 1 4 2 0 0 2 0 0 4 5 3 5 3 0 5 4
   0 4 5 5 4 1 2 0 1 5 5]
  [0 3 4 1 5 5 2 1 5 2 3 0 3 5 3 2 1 3 1 2 3 1 4 3 5 0 4 2 5 2 4 0 2 1 3
   2 0 0 2 4 4 0 4 3 5 5 3 5 1 5 4 2 5 4 3 4 3 5 0 2 4 0 2 2 4 3 1 4 5 3
   1 2 4 1 5 0 1 1 1 5 4]
  [0 2 2 2 4 3 0 5 5 0 3 0 4 5 1 5 1 0 0 3 5 2 2 3 2 4 2 1 2 4 1 1 0 5 3
   1 1 4 2 1 2 3 0 5 1 1 0 5 1 1 0 5 0 2 2 4 0 1 2 0 0 4 3 4 1 2 2 1 3 4
   3 4 3 5 0 1 2 5 3 4 3]
  [0 3 5 1 1 2 2 5 3 1 5 1 4 5 5 2 1 2 4 5 5 5 5 4 1 1 2 0 1 1 5 2 5 5 5
   5 3 0 5 0 3 5 1 1 4 5 4 4 2 5 4 2 4 0 1 2 5 2 4 4 0 2 3 2 2 0 4 0 5 1
   2 0 2 5 0 3 1 3 3 0 5]
  [0 2 5 3 5 1 4 0 3 1 0 2 5 1 0 0 4 1 1 5 2 4 2 5 1 1 4 5 2 1 4 3 2 5 3
   2 4 0 5 5 3 5 1 5 4 1 4 4 3 3 2 5 4 2 5 1 2 4 0 1 0 0 3 1 1 2 5 3 5 1
   2 0 3 0 5 1 5 2 0 0 2]
  [0 3 5 2 0 2 2 0 5 3 2 2 4 1 1 0 1 1 2 0 3 3 3 2 4 1 1 2 1 4 1 0 4 5 1
   1 1 3 2 2 1 4 4 1 5 0 2 5 3 2 1 0 4 0 3 2 1 2 1 3 2 5 0 1 1 4 5 2 3 4
   4 4 3 4 2 2 1 4 2 3 3]
  [0 4 1 0 1 5 1 1 0 1 2 0 1 5 0 2 3 4 3 3 1 5 4 5 1 3 5 2 4 5 4 3 4 0 4
   2 2 3 2 4 5 1 2 0 1 2 1 2 1 4 5 4 3 0 2 4 1 4 0 5 5 1 3 0 4 1 2 3 1 2
   4 3 1 1 2 5 3 5 5 3 5]
  [0 3 3 2 2 3 0 1 3 5 0 5 2 3 3 3 3 1 0 2 5 2 3 3 2 2 0 4 2 5 2 2 5 2 5
   0 0 0 5 3 4 0 2 4 5 5 3 2 0 4 5 2 2 5 5 1 5 4 1 3 5 1 3 0 0 2 5 4 3 0
   4 2 0 4 4 3 0 5 2 2 2]
  [0 3 4 2 1 5 4 2 3 5 5 1 1 0 1 3 5 2 3 2 3 1 3 1 2 3 3 0 2 1 3 1 0 3 0
   4 3 2 5 4 0 1 5 2 4 0 3 4 0 5 3 5 4 3 5 1 4 4 4 0 5 2 5 5 2 0 1 4 4 3
   0 2 0 1 5 0 2 4 2 3 4]
  [0 4 2 4 0 1 2 2 1 4 1 2 5 2 0 2 3 3 0 5 0 5 5 4 2 2 4 2 2 2 0 2 0 0 3
   4 3 2 4 4 5 1 4 3 2 4 2 2 3 2 0 0 5 5 2 3 4 1 0 2 0 5 3 5 4 5 0 3 4 5
   5 3 3 1 1 1 1 5 1 2 2]
  [0 0 0 3 0 3 1 3 4 2 2 2 0 3 4 3 2 3 4 0 4 1 4 1 4 4 5 3 4 1 3 0 3 1 5
   4 3 1 4 2 2 4 0 0 5 0 2 1 2 5 5 2 3 4 0 1 5 2 2 5 4 0 3 0 2 5 5 0 1 0
   2 3 3 3 0 1 1 4 5 4 0]
  [0 2 0 1 0 4 4 1 4 3 2 2 0 5 5 1 5 4 3 4 1 1 5 0 1 1 1 3 4 5 3 4 5 3 4
   4 3 0 3 2 3 2 0 5 1 3 4 3 4 4 0 5 0 1 0 3 0 2 2 4 1 1 5 0 2 5 5 2 0 3
   3 2 2 3 5 0 5 1 3 3 2]
  [0 2 3 0 0 0 2 5 4 2 4 5 0 2 1 1 3 0 1 1 5 0 1 2 2 3 0 2 4 5 1 1 5 1 3
   3 0 2 1 4 4 2 4 0 3 3 5 2 2 4 3 4 2 2 2 0 3 5 0 4 1 2 2 1 1 1 3 1 2 0
   5 4 3 1 3 4 3 2 4 0 0]
  [0 0 5 0 3 0 0 4 2 3 2 2 4 4 5 4 5 1 2 5 5 1 1 3 1 1 5 0 4 3 1 4 5 4 2
   3 0 4 2 1 4 2 2 2 1 1 3 4 5 0 5 5 3 4 2 0 3 5 2 4 4 2 5 4 4 1 5 1 3 4
   0 4 4 3 4 2 5 0 4 4 3]
  [0 1 1 3 2 1 5 1 4 2 2 2 5 0 0 4 3 0 4 5 3 5 2 5 1 1 3 2 1 3 0 2 2 2 4
   0 2 0 0 3 3 1 1 1 4 1 1 2 5 5 5 1 4 2 0 2 1 1 2 0 4 5 3 2 1 1 0 1 5 0
   5 0 5 0 3 5 4 3 1 1 0]
  [0 0 4 0 0 0 1 2 4 4 3 2 2 3 1 4 5 0 3 3 1 5 3 3 0 2 4 0 4 4 5 2 5 4 0
   5 4 3 2 1 0 0 1 4 1 0 5 0 1 1 4 4 0 1 2 0 5 4 5 0 3 3 2 0 5 0 4 1 1 2
   2 0 0 2 2 2 1 3 5 3 1]
  [0 1 3 2 3 1 0 3 3 0 0 3 2 2 4 2 1 2 0 3 4 3 3 3 2 2 4 3 5 4 0 2 2 4 3
   0 5 5 4 1 4 0 5 4 0 5 5 4 2 5 3 4 1 1 0 1 4 4 0 0 2 3 0 1 1 0 0 2 2 4
   3 5 0 0 0 4 4 3 5 4 0]
  [0 5 0 4 1 5 3 0 3 0 3 2 2 2 0 0 2 0 5 1 3 5 1 3 3 1 2 2 4 0 2 0 5 5 1
   1 5 4 4 4 0 3 0 1 4 5 1 1 2 0 4 3 5 2 2 2 3 0 5 4 1 3 1 1 3 4 1 3 2 5
   0 3 1 5 0 1 4 3 3 5 3]
  [0 5 3 4 0 3 3 0 5 2 2 3 1 5 0 1 1 5 5 4 5 3 4 5 2 1 1 1 4 3 0 1 3 1 5
   1 2 5 2 4 3 4 2 2 1 4 0 0 5 1 3 5 0 1 2 4 3 3 0 0 3 1 0 1 5 0 5 1 1 3
   1 4 4 0 0 0 2 4 3 5 1]
  [0 1 0 0 3 2 1 0 5 1 5 0 1 4 3 5 1 3 3 4 1 5 0 4 0 2 2 2 3 4 0 1 1 4 3
   2 3 5 4 5 2 3 1 4 3 5 4 2 0 0 2 1 2 5 5 4 5 2 0 1 5 3 0 4 5 5 3 0 0 0
   5 3 1 0 2 5 0 5 4 4 0]
  [0 0 5 5 5 1 5 5 3 2 5 2 3 5 5 2 0 3 2 0 0 0 2 5 1 2 5 1 4 1 1 5 4 4 0
   5 4 3 1 0 0 0 2 1 4 4 2 5 5 2 1 3 2 2 1 1 5 1 5 0 5 5 2 4 3 4 5 0 5 3
   0 1 3 0 2 2 0 0 0 4 1]
  [0 1 2 2 4 2 5 1 1 4 3 2 4 1 0 5 1 1 5 5 5 4 4 1 1 4 1 2 2 3 0 3 1 3 3
   0 3 2 5 3 3 0 1 2 4 5 5 2 5 1 4 5 0 2 1 5 3 4 1 1 1 2 5 0 2 5 0 4 4 2
   2 2 4 4 5 5 3 5 0 2 4]
  [0 0 4 2 0 2 3 3 5 2 5 2 4 5 1 3 4 1 5 1 5 2 4 2 5 1 2 1 5 1 5 5 3 5 5
   1 1 2 3 4 1 5 3 5 4 3 0 3 0 3 5 3 3 5 1 3 2 2 2 5 5 4 5 1 2 1 5 1 5 1
   2 3 4 0 4 2 3 4 3 0 3]
  [0 5 0 4 4 0 4 0 3 2 5 3 1 4 5 4 3 1 2 2 2 0 1 1 5 3 3 3 5 5 5 1 5 2 4
   2 3 1 4 5 2 2 3 1 0 1 3 2 2 1 1 5 3 5 2 1 5 5 2 2 2 1 0 4 0 3 0 3 4 3
   0 2 1 1 3 0 2 0 0 3 0]]

 [[0 5 3 1 3 4 5 3 0 4 0 0 0 0 2 5 1 5 0 3 2 1 0 2 3 0 0 3 2 0 3 0 0 1 4
   4 4 3 1 3 5 5 0 4 0 3 3 1 3 4 2 3 3 3 4 2 5 3 1 4 0 5 5 1 0 5 1 4 4 4
   5 2 4 2 5 5 2 1 0 5 0]
  [0 0 3 4 0 5 4 1 2 4 5 5 5 1 1 3 2 0 1 3 3 3 2 4 5 5 0 2 4 1 0 5 5 4 1
   3 0 1 0 3 3 3 3 2 1 2 0 2 0 4 0 0 4 0 3 2 1 4 5 3 4 0 1 3 1 4 1 5 1 5
   0 5 3 1 0 2 0 4 2 4 0]
  [0 1 0 4 5 1 5 0 1 4 0 2 1 1 2 1 4 3 2 5 5 1 0 3 1 0 0 4 3 4 1 1 4 1 1
   0 1 4 5 5 1 4 2 2 3 0 0 1 4 3 1 4 1 5 1 5 1 2 0 0 5 0 3 2 3 4 2 4 3 4
   1 1 2 2 4 0 3 5 2 2 5]
  [0 3 5 0 3 1 0 4 3 3 1 2 4 5 0 2 1 0 5 0 1 3 0 5 2 3 2 3 3 0 1 4 5 3 0
   3 1 2 1 2 3 2 4 2 2 5 3 5 4 0 1 5 1 0 4 5 0 1 1 0 4 3 0 5 1 4 4 2 0 2
   2 0 1 1 5 3 1 0 5 3 2]
  [0 1 0 4 0 3 3 2 4 2 1 1 3 1 5 2 2 5 4 0 4 3 0 0 0 4 4 0 5 5 3 2 3 5 3
   2 0 3 5 4 5 3 3 3 4 1 5 4 3 5 5 0 4 5 5 1 2 1 1 2 0 4 0 3 5 5 3 2 5 5
   4 5 2 2 2 5 2 3 0 1 3]
  [0 0 4 0 2 0 2 5 1 1 1 1 0 2 3 4 1 4 0 0 5 3 2 1 1 5 4 2 3 2 1 0 3 2 1
   5 2 1 1 0 5 1 4 3 0 1 3 1 5 3 1 2 4 1 0 2 3 1 2 5 3 4 0 0 3 1 0 3 5 5
   0 1 0 0 5 2 0 0 1 2 1]
  [0 4 0 3 1 5 0 3 0 0 1 1 2 0 4 5 4 0 3 0 1 1 2 3 4 1 3 0 1 0 2 0 3 5 4
   2 4 4 1 4 0 3 5 0 2 0 5 0 5 0 1 0 1 0 3 5 3 0 0 2 1 2 4 0 5 0 4 3 0 5
   2 5 1 2 3 1 0 5 3 2 5]
  [0 5 1 2 5 5 5 0 4 2 0 4 5 5 3 4 3 1 4 4 2 5 2 1 5 3 0 4 5 2 1 1 3 3 0
   5 3 3 3 3 3 3 2 4 0 2 3 4 0 3 1 4 4 1 3 4 3 5 0 5 1 4 4 4 0 2 2 1 2 3
   5 1 3 2 2 1 4 5 1 0 5]
  [0 0 1 1 3 5 1 4 0 5 1 2 4 4 2 0 5 1 1 3 5 5 0 2 1 2 4 1 5 0 4 4 1 5 2
   5 1 0 2 4 4 0 3 1 5 2 3 0 1 1 4 2 1 0 5 0 0 2 4 3 4 3 2 4 5 4 4 5 2 5
   3 4 2 1 5 4 4 3 1 3 5]
  [0 5 5 0 1 0 0 5 3 0 3 1 1 5 3 4 0 4 0 1 0 5 0 3 1 2 1 2 4 2 4 5 3 0 2
   1 4 4 3 2 5 2 4 4 0 1 0 5 1 0 5 0 3 2 3 4 5 2 4 4 0 3 0 3 4 2 1 3 5 4
   1 5 5 2 3 2 1 0 1 2 3]
  [0 2 3 2 1 4 0 0 4 4 0 0 5 0 3 2 0 3 2 2 2 1 5 3 0 1 2 2 5 3 5 2 4 5 4
   5 5 4 0 1 5 4 1 4 4 0 3 3 5 2 2 0 0 4 4 3 2 2 2 5 3 4 2 5 2 5 0 1 1 4
   0 0 0 1 5 3 0 1 5 4 2]
  [0 4 0 5 0 1 4 2 2 0 0 0 2 3 4 2 3 1 2 2 2 3 4 0 1 4 4 5 0 2 3 4 3 3 1
   4 5 3 4 3 0 0 3 5 2 1 4 0 1 2 3 4 1 5 5 2 0 3 4 1 5 2 3 0 2 3 3 3 5 1
   4 2 5 4 1 1 4 1 3 3 4]
  [0 0 2 0 3 4 4 0 5 3 4 5 0 1 1 2 3 1 3 1 0 5 3 4 3 0 1 0 4 1 0 2 2 4 2
   1 1 2 2 1 1 3 3 0 0 5 5 3 2 2 4 3 2 1 5 1 5 3 1 1 1 2 5 0 2 1 2 4 3 2
   2 2 3 0 1 5 3 5 4 2 1]
  [0 2 0 5 5 0 0 2 2 4 4 2 5 0 0 0 3 5 0 5 5 4 0 1 1 0 0 5 0 0 1 5 1 2 4
   2 1 3 3 4 4 5 2 5 1 4 3 4 4 1 3 1 3 1 0 3 3 0 0 1 2 3 1 2 1 1 3 4 1 2
   4 1 2 0 3 3 3 5 4 1 0]
  [0 0 3 4 4 0 0 1 0 2 5 0 3 2 0 0 4 4 3 5 1 1 4 0 5 4 4 0 0 1 5 0 0 4 0
   3 4 2 3 0 1 0 1 3 2 2 4 0 5 1 5 4 0 4 1 1 1 0 1 2 3 1 5 3 5 1 2 0 1 1
   0 0 1 5 2 0 5 3 0 4 4]
  [0 5 5 0 5 2 4 5 5 4 1 1 0 4 0 0 2 4 3 0 4 0 0 2 2 1 0 2 5 4 0 5 5 3 3
   3 3 5 2 0 3 2 2 5 4 3 2 2 4 1 1 5 2 0 3 3 3 3 0 3 1 4 3 5 5 5 3 1 1 1
   5 4 4 0 4 3 1 0 0 5 2]
  [0 2 4 5 5 0 3 3 1 2 2 3 4 5 4 0 0 2 1 5 4 0 1 1 0 2 1 0 4 0 1 1 5 3 1
   0 3 4 5 3 5 0 1 4 5 0 5 5 4 4 4 4 0 5 2 2 2 0 1 1 1 4 1 0 0 2 5 5 1 5
   0 1 2 1 0 1 5 1 0 0 4]
  [0 1 2 5 3 4 2 1 3 2 0 2 4 0 5 5 4 0 4 2 1 1 3 3 2 4 4 1 0 0 3 1 4 5 1
   5 3 1 2 2 1 5 4 4 1 0 4 4 4 5 0 2 0 5 5 1 4 1 5 5 1 3 1 3 5 3 5 5 5 4
   1 3 2 0 3 0 4 2 0 0 3]
  [0 4 5 5 1 5 2 0 3 1 2 2 3 5 0 0 3 5 0 3 0 5 3 3 4 4 0 5 1 5 1 1 3 2 1
   2 3 0 5 5 4 1 5 3 3 1 4 5 4 1 3 5 1 2 0 3 4 5 5 2 5 0 2 2 4 2 4 5 5 5
   2 5 5 4 0 3 4 4 2 2 4]
  [0 3 1 0 2 1 3 5 5 5 5 1 4 5 2 5 2 0 5 0 2 5 4 4 1 3 0 1 2 5 3 3 3 2 5
   1 2 0 3 1 2 4 1 4 4 1 0 2 0 4 5 1 4 1 3 3 2 2 4 0 0 1 3 3 3 1 1 3 5 0
   5 5 3 2 5 5 2 5 1 1 5]
  [0 2 5 5 0 4 4 1 5 5 0 0 5 4 4 4 0 3 5 2 0 2 1 5 3 4 3 4 2 4 1 0 4 3 5
   2 5 3 3 3 5 2 2 5 4 3 5 0 3 2 2 5 0 5 5 4 0 4 0 2 1 3 4 2 5 1 0 1 2 3
   2 2 2 2 4 0 4 4 4 1 4]
  [0 5 2 2 0 2 1 0 2 2 4 2 0 5 5 0 2 1 0 5 3 0 1 0 2 3 5 0 4 2 4 1 1 3 1
   0 1 2 0 1 4 1 3 3 2 0 5 0 5 3 4 1 1 1 5 2 5 0 3 2 3 4 0 0 2 2 0 4 4 3
   0 1 3 5 1 2 0 0 0 3 3]
  [0 3 1 1 2 0 0 0 1 4 5 3 5 0 4 0 2 1 5 4 4 1 0 5 2 4 5 5 4 5 1 2 1 1 3
   2 1 4 1 2 1 1 3 0 1 2 1 0 2 5 5 3 3 5 1 0 3 0 0 5 3 2 5 3 0 0 4 1 2 2
   1 1 5 4 3 3 4 4 0 4 2]
  [0 5 3 2 5 3 3 5 3 2 4 1 2 5 5 1 4 3 1 4 3 5 4 0 0 5 4 1 3 4 4 5 5 3 5
   3 3 2 1 1 5 0 3 4 4 1 4 2 0 5 2 5 2 0 1 4 5 1 3 2 4 5 2 5 5 0 5 0 2 3
   5 0 5 5 5 0 0 4 4 2 2]
  [0 0 3 0 2 3 3 2 3 2 3 2 5 2 3 1 2 4 3 0 3 3 4 4 0 5 0 3 1 0 1 5 4 4 2
   4 2 2 3 2 0 5 3 1 0 4 5 2 1 3 2 4 0 1 3 3 0 3 4 5 5 4 0 0 4 2 4 1 5 4
   3 3 4 1 2 0 5 2 1 0 1]
  [0 4 2 3 2 0 5 4 4 3 1 0 4 4 1 0 1 4 2 4 5 1 0 3 1 0 1 4 3 0 4 5 0 4 0
   5 4 4 0 2 1 3 0 1 0 4 1 1 0 5 3 0 3 0 3 4 3 5 2 1 4 5 0 3 0 0 0 4 4 5
   0 1 4 3 5 4 5 3 3 0 5]
  [0 0 1 1 1 0 3 4 3 2 0 4 0 0 5 2 2 0 1 2 2 2 1 4 2 0 0 2 3 5 5 1 4 5 4
   3 5 4 1 0 1 1 4 2 1 1 3 5 0 2 2 0 1 2 4 5 1 3 0 0 1 1 2 2 4 1 4 3 2 0
   0 1 1 4 3 3 4 3 5 5 4]
  [0 0 3 2 0 4 2 5 0 5 0 1 2 0 4 2 5 5 3 0 5 3 0 1 1 3 2 0 0 3 2 1 1 3 1
   4 2 5 3 4 3 0 2 0 0 4 5 2 5 0 2 0 1 1 0 5 2 3 1 5 0 2 2 4 2 0 4 5 1 4
   1 3 0 1 0 4 1 2 4 4 4]
  [0 4 2 0 0 0 0 5 3 5 3 1 3 5 1 3 0 4 2 2 0 5 1 3 2 5 0 0 0 5 0 1 3 3 2
   0 4 3 0 1 3 2 5 3 0 0 3 5 0 0 1 0 0 5 0 2 1 0 1 2 2 4 5 5 2 0 4 3 5 4
   3 1 2 3 1 3 5 5 1 2 2]
  [0 3 3 1 2 1 1 0 1 0 4 5 3 2 0 3 3 4 2 5 5 5 4 3 5 0 5 1 5 0 3 0 4 3 4
   5 3 0 0 0 1 1 2 4 2 3 0 5 1 4 3 3 4 3 0 3 0 1 2 3 3 5 4 0 2 2 0 0 3 5
   2 0 4 1 4 4 1 1 3 3 3]
  [0 3 4 3 2 1 2 4 0 3 0 5 0 5 3 0 0 3 3 5 5 4 5 5 1 3 0 0 4 4 0 0 4 5 5
   2 1 3 4 2 1 3 3 1 4 0 0 4 0 4 1 5 3 5 2 2 0 2 2 1 4 3 1 4 3 0 2 3 1 5
   0 2 3 4 1 0 5 1 2 5 0]
  [0 2 2 2 0 1 2 2 0 1 2 2 0 1 0 2 4 1 3 4 0 5 3 1 5 2 5 1 0 4 4 0 5 4 5
   0 1 2 0 3 0 5 3 5 5 0 5 2 0 0 3 4 4 0 0 5 1 5 4 2 4 0 4 0 4 4 0 2 3 1
   3 5 3 4 1 5 4 5 3 5 2]
  [0 5 2 5 4 2 3 4 5 0 5 2 0 2 4 3 1 5 2 5 2 2 5 0 3 3 0 2 0 4 1 2 0 2 4
   5 1 5 1 1 3 3 1 4 3 4 3 5 1 3 1 5 2 3 2 2 2 2 2 4 0 3 0 0 5 3 0 2 5 4
   0 0 4 4 0 3 5 4 3 3 1]
  [0 0 4 2 3 3 5 4 5 1 5 3 5 2 0 4 2 0 2 0 4 3 1 3 0 5 5 5 4 2 4 5 3 0 2
   3 1 1 3 5 3 3 1 2 4 0 1 4 3 5 3 2 3 4 4 2 3 2 0 3 4 4 2 2 5 1 5 1 5 0
   2 4 4 5 2 1 5 3 2 2 4]
  [0 1 0 5 1 1 4 3 1 2 3 0 2 2 0 5 1 5 5 2 4 5 4 4 2 2 2 4 4 3 0 0 4 5 0
   5 5 2 4 2 1 2 2 3 5 1 3 3 5 1 1 0 1 3 5 0 1 2 0 2 3 1 1 5 4 2 0 0 3 5
   2 4 4 5 5 3 0 0 4 3 0]
  [0 2 1 2 1 4 1 5 3 1 3 5 0 2 2 3 3 3 3 0 2 0 3 0 2 5 0 4 1 1 5 1 4 3 4
   0 4 5 2 2 4 4 3 2 5 2 4 1 4 5 3 5 3 2 4 4 0 2 0 2 0 2 0 3 1 0 3 4 2 2
   5 0 4 5 2 5 2 5 1 5 3]
  [0 3 4 0 5 1 4 5 5 3 1 4 1 2 2 3 3 5 1 0 5 2 5 0 5 0 5 2 0 4 3 5 4 1 1
   2 0 1 0 5 5 5 2 1 4 0 3 5 0 1 1 3 1 5 1 4 3 3 5 3 1 1 2 4 3 3 0 5 4 5
   4 5 5 1 5 1 4 5 0 2 3]
  [0 3 0 4 2 2 1 5 5 1 1 4 3 5 1 5 4 0 0 1 3 0 1 0 2 4 3 4 5 0 3 3 2 0 3
   1 3 0 1 1 0 5 0 1 1 3 5 2 5 5 5 5 5 1 0 1 0 5 0 1 5 0 2 2 0 4 3 5 3 5
   5 0 2 2 1 0 2 2 0 3 2]
  [0 2 1 5 5 5 1 0 1 1 4 4 0 5 0 2 5 4 3 5 2 0 5 2 5 2 5 2 0 5 4 3 3 4 2
   1 5 0 0 0 3 2 4 4 1 5 0 3 4 5 5 0 3 0 0 5 2 3 0 4 3 0 5 2 5 1 1 5 3 0
   5 1 3 3 5 3 5 0 3 5 3]
  [0 3 2 1 1 5 1 1 0 0 4 0 1 3 0 0 0 4 4 3 1 5 3 2 3 5 1 2 4 1 4 4 0 4 0
   5 5 3 3 0 1 1 2 1 2 4 5 0 2 2 5 5 4 4 0 1 0 4 1 4 2 1 0 1 4 1 5 1 1 5
   0 4 1 3 4 0 3 4 2 5 0]
  [0 3 1 0 5 5 4 2 0 5 0 0 1 4 2 0 1 0 1 4 4 3 5 1 4 0 0 4 1 4 3 5 1 4 3
   4 2 1 3 0 0 5 5 2 1 5 5 2 1 5 5 1 2 1 2 0 2 2 4 1 1 1 5 1 3 2 4 0 2 1
   4 0 0 5 0 0 0 3 1 5 0]
  [0 2 1 5 1 4 4 5 4 1 4 0 5 3 4 2 2 1 5 4 2 2 5 3 1 1 4 1 3 4 0 2 1 4 2
   5 1 1 2 0 2 0 3 4 3 4 2 0 1 5 2 3 4 1 0 5 4 0 0 4 1 3 3 0 2 2 1 2 3 1
   0 4 4 0 0 0 1 5 2 4 5]
  [0 2 0 2 3 1 1 1 3 5 4 1 0 0 2 0 0 0 3 5 4 0 2 1 4 2 3 3 2 4 3 4 1 1 5
   3 3 3 5 0 0 5 0 4 1 4 1 2 3 2 2 1 3 1 3 0 5 3 0 3 2 4 1 2 1 4 2 1 1 1
   3 1 1 3 0 2 3 0 2 0 0]
  [0 5 2 3 5 0 2 0 3 2 4 3 2 1 0 2 3 3 5 2 2 3 5 3 5 0 0 2 5 0 4 3 1 1 3
   4 3 4 5 3 0 1 4 0 3 5 4 5 3 4 3 1 0 3 5 2 1 0 5 2 1 2 2 0 5 4 1 4 3 1
   0 3 0 3 0 5 1 2 0 4 0]
  [0 2 4 3 4 1 3 1 1 3 2 5 1 4 0 5 0 5 3 1 1 3 4 0 0 1 2 5 1 3 2 0 5 5 3
   3 5 1 0 4 5 1 2 2 0 4 0 3 3 0 1 3 3 5 2 5 1 3 2 2 1 3 2 4 1 3 0 2 5 5
   2 4 3 0 3 4 1 3 3 1 1]
  [0 4 1 3 4 4 0 3 0 4 4 1 1 0 2 5 3 3 4 0 5 5 5 4 5 3 5 2 0 0 5 0 5 5 1
   3 5 0 1 2 3 3 2 3 2 0 2 2 0 1 2 5 1 3 0 0 2 2 1 0 1 3 3 5 2 0 0 1 4 0
   3 1 2 0 5 0 4 0 0 4 5]
  [0 0 3 0 2 5 2 2 5 0 0 3 2 4 3 0 3 0 4 0 3 0 3 4 2 2 3 3 1 3 1 2 0 2 3
   4 1 3 3 3 2 3 4 4 1 5 0 5 5 5 0 5 5 1 2 1 2 5 3 2 1 2 2 0 4 5 4 3 5 0
   1 4 0 3 2 2 1 0 0 5 1]
  [0 5 5 5 0 3 5 4 1 2 1 5 1 1 4 1 5 1 1 0 0 3 5 1 1 1 1 0 0 0 0 3 2 1 0
   4 0 3 5 1 5 4 4 4 5 3 1 0 1 0 0 1 2 4 1 2 4 2 4 3 4 3 5 4 1 2 4 4 3 1
   4 3 1 2 5 1 0 5 3 5 5]
  [0 5 3 5 4 3 0 1 1 0 1 5 5 5 3 0 1 3 0 0 4 4 0 2 0 2 5 0 2 3 3 3 1 5 1
   1 2 1 4 1 4 5 5 4 2 1 3 2 0 1 2 1 1 3 3 2 3 1 2 5 4 2 3 2 0 2 3 0 0 5
   0 4 0 4 2 5 2 0 1 5 3]
  [0 2 3 1 4 3 0 3 2 1 1 0 2 1 0 3 3 1 1 0 0 3 5 4 2 0 4 2 0 4 0 5 2 0 0
   2 0 2 5 3 4 0 5 5 2 5 4 4 4 0 5 1 3 1 5 2 1 2 0 2 1 3 0 3 4 3 0 3 2 3
   1 1 4 3 2 5 3 0 2 0 1]
  [0 2 3 2 1 4 3 2 4 0 4 4 0 1 3 1 1 1 0 1 4 5 1 4 0 0 3 0 1 0 0 1 3 0 5
   3 1 4 2 4 4 2 1 5 2 1 4 0 4 0 0 2 5 2 3 0 3 3 1 1 2 5 4 2 5 3 0 0 4 4
   1 2 1 0 4 4 4 5 0 5 4]
  [0 0 1 5 0 4 3 2 3 3 5 3 5 4 5 4 1 0 4 2 5 4 3 0 1 3 0 0 5 2 1 2 0 3 4
   5 3 5 2 4 2 5 1 1 1 4 2 5 5 4 2 0 0 5 3 3 3 0 1 3 5 1 1 1 4 0 1 2 1 5
   5 3 0 1 2 4 0 0 3 3 5]
  [0 2 4 4 4 5 5 2 4 0 4 5 2 3 0 5 0 2 5 2 5 5 2 2 0 1 5 1 3 2 3 4 1 2 4
   2 5 0 1 3 2 3 5 0 0 3 1 3 1 5 3 5 0 2 0 3 3 3 4 5 1 4 0 1 2 0 2 4 0 3
   1 3 2 3 1 3 1 4 2 2 5]
  [0 1 5 2 0 0 0 1 1 2 0 0 4 3 4 5 5 1 1 4 3 2 2 4 2 2 1 3 4 3 1 1 4 4 0
   3 2 1 3 3 1 2 2 4 1 3 1 0 2 2 3 5 3 0 4 2 5 3 3 1 4 0 5 3 2 5 0 3 1 2
   1 5 4 4 1 3 1 0 5 3 4]
  [0 0 4 1 2 2 3 0 4 3 3 1 0 5 2 3 2 2 2 1 3 0 0 0 3 2 1 2 2 3 4 5 4 4 1
   0 5 5 2 5 1 0 1 0 5 1 1 0 1 3 4 3 4 2 0 0 4 4 2 1 1 5 0 0 1 2 2 1 4 5
   2 1 5 0 2 3 3 1 1 4 2]
  [0 4 1 0 0 2 3 3 2 2 5 1 0 3 1 3 1 4 0 4 1 3 1 2 3 2 5 1 1 4 0 1 4 4 0
   5 3 4 2 3 4 3 4 3 2 0 5 3 4 4 2 1 5 0 5 0 1 5 4 3 0 4 3 1 2 5 0 5 5 0
   2 0 5 2 4 3 2 2 0 3 2]
  [0 1 5 2 1 5 2 4 0 4 4 2 2 0 3 1 2 3 3 3 1 1 1 5 5 2 2 1 5 1 2 5 1 2 1
   3 4 2 3 5 3 5 3 0 3 4 3 4 0 4 1 3 3 1 2 1 0 1 1 1 1 4 2 1 5 0 1 2 1 0
   5 2 3 0 3 4 2 4 1 2 1]
  [0 3 1 4 4 0 0 4 2 1 3 0 3 3 1 0 4 2 0 2 5 0 4 3 2 0 0 0 5 5 3 3 2 0 0
   1 1 5 5 1 4 0 0 0 4 1 4 1 1 3 0 2 3 1 3 4 5 0 1 4 0 3 1 3 3 3 5 0 0 5
   1 0 1 1 4 5 3 0 2 1 5]
  [0 1 1 0 4 4 0 5 4 4 0 5 3 1 5 2 2 0 0 2 1 1 0 2 4 4 0 2 3 0 0 0 5 4 4
   3 0 3 5 5 4 3 4 5 0 2 2 3 4 1 0 0 4 3 2 3 0 3 0 4 2 0 1 5 3 5 5 1 0 2
   2 4 0 4 2 3 5 2 2 3 0]
  [0 4 0 3 2 3 1 4 0 0 3 2 1 0 1 2 2 4 1 4 1 5 5 4 0 4 1 1 1 1 0 5 1 3 5
   4 3 5 1 4 3 0 4 3 2 4 1 5 2 4 5 3 3 3 5 0 4 1 2 0 0 2 2 1 3 5 3 2 1 5
   3 3 1 2 3 0 3 0 1 1 0]
  [0 3 0 5 1 0 2 3 1 3 0 3 5 5 0 0 2 5 3 2 5 2 3 5 5 5 3 0 5 5 3 1 0 0 4
   2 0 2 1 4 2 4 1 0 5 4 2 4 0 1 5 1 5 4 1 4 4 3 5 5 0 0 3 5 4 4 2 5 3 0
   2 0 2 4 0 5 5 2 3 4 0]
  [0 4 1 5 5 1 0 1 4 5 0 5 1 1 3 5 1 2 2 5 5 4 0 4 4 2 5 2 0 1 0 5 5 5 5
   4 4 3 0 0 0 3 0 4 3 1 3 3 2 0 0 0 5 4 3 5 1 5 2 5 1 0 5 2 0 3 3 4 2 2
   1 3 5 4 1 3 3 3 3 2 3]
  [0 4 2 0 4 4 3 5 5 5 4 1 2 3 3 2 0 2 2 5 1 5 4 3 0 5 4 2 2 0 1 4 1 2 3
   3 4 4 0 5 0 5 3 4 2 4 1 4 2 3 5 0 2 0 4 2 2 4 4 2 4 0 0 2 5 5 3 4 5 0
   4 3 2 4 2 3 0 2 0 1 2]
  [0 4 1 5 0 4 2 2 4 2 3 2 2 2 0 4 4 4 5 3 2 2 5 2 4 2 3 3 3 1 3 5 4 4 5
   0 1 5 0 3 2 0 2 4 1 0 3 5 3 1 0 5 1 5 4 1 2 1 2 3 0 4 3 0 5 4 2 2 3 4
   4 0 1 2 0 0 0 5 4 3 2]
  [0 3 1 4 1 5 5 2 0 2 1 1 4 5 4 2 2 5 5 1 0 5 3 1 2 0 4 0 3 5 3 3 2 4 2
   0 0 4 4 2 3 1 5 2 0 1 1 2 5 5 5 2 4 3 1 0 4 2 3 3 4 1 2 3 0 4 4 3 5 3
   1 3 1 4 5 5 3 2 3 2 1]
  [0 3 3 4 5 1 5 0 0 2 5 3 0 2 1 1 2 0 4 4 2 0 0 3 0 5 0 3 1 5 4 3 2 5 1
   0 1 3 5 4 0 2 2 3 3 1 0 3 1 1 4 2 1 5 4 4 4 2 1 2 2 4 0 4 5 0 0 2 1 1
   1 1 2 4 2 0 0 0 4 3 5]
  [0 5 5 3 3 1 1 4 0 0 1 3 4 1 1 2 3 1 1 0 1 4 0 5 0 4 0 4 4 3 0 1 5 3 5
   4 4 0 4 4 0 2 0 3 2 1 3 1 3 3 4 0 4 4 2 2 5 0 1 4 4 3 3 1 5 2 0 2 4 2
   2 3 4 1 2 2 5 5 3 0 3]
  [0 3 3 1 0 3 4 4 1 1 0 5 2 4 2 3 4 4 5 4 5 2 3 5 4 1 5 3 3 1 1 2 1 0 0
   0 1 4 1 2 1 5 5 1 0 4 4 2 0 4 0 3 1 4 5 5 1 3 0 3 0 3 2 4 0 0 3 0 2 3
   3 3 4 5 1 1 1 0 4 4 4]
  [0 2 2 3 4 2 2 5 0 3 3 5 5 5 5 3 0 1 3 4 3 3 4 5 1 5 4 4 5 4 1 4 1 0 0
   0 0 5 4 1 3 2 1 5 1 3 0 3 2 3 3 5 0 2 5 1 1 0 3 0 3 2 2 3 2 4 2 2 0 1
   0 2 4 3 3 3 0 1 3 1 4]
  [0 4 1 1 1 3 1 2 2 5 3 0 2 2 2 0 5 4 5 2 4 2 4 2 5 1 0 3 3 0 5 5 4 0 2
   1 2 5 2 1 1 3 4 1 2 5 2 0 3 5 4 2 1 0 0 1 0 1 1 2 1 1 2 2 1 5 2 4 3 0
   5 2 4 5 4 2 3 1 3 4 3]
  [0 3 3 2 3 3 2 4 4 3 0 2 1 0 2 1 2 1 2 4 0 1 5 3 2 4 5 4 0 0 0 2 1 2 2
   1 5 3 5 2 3 0 0 0 4 1 0 2 5 1 5 0 4 1 5 5 2 5 1 5 1 3 2 0 2 0 1 2 0 1
   0 5 3 4 2 4 3 5 1 1 2]
  [0 0 5 3 4 3 3 0 2 1 5 4 2 4 2 5 3 4 1 0 2 4 3 1 5 3 2 4 5 4 3 5 1 5 1
   4 3 2 5 0 4 2 0 0 5 2 4 5 5 5 0 2 2 2 0 5 3 3 0 4 4 0 5 2 2 1 5 0 1 0
   3 0 0 0 2 0 2 3 3 1 1]
  [0 3 5 5 1 2 5 1 2 5 2 3 5 2 5 0 4 3 3 0 0 4 0 1 4 0 5 2 3 0 5 4 0 4 2
   4 5 0 1 4 2 1 2 3 3 2 5 3 5 4 3 5 1 0 0 4 1 5 1 4 0 3 0 4 4 2 2 5 2 5
   4 1 0 0 1 4 3 3 4 3 3]
  [0 3 1 2 3 2 2 0 0 5 2 0 5 5 3 5 0 5 1 4 3 0 2 1 0 3 3 0 5 1 0 5 0 1 3
   1 1 4 4 0 4 2 5 1 3 5 1 4 0 3 2 1 5 5 3 4 5 4 5 3 0 3 1 3 0 0 5 3 3 3
   3 1 4 0 3 3 3 2 5 1 3]
  [0 5 0 5 2 5 4 3 0 3 1 5 2 2 0 2 0 2 3 3 4 1 0 0 0 4 5 5 5 1 5 2 3 1 0
   2 3 0 2 5 2 3 3 2 2 1 0 4 3 5 4 3 1 5 3 1 5 3 4 3 0 5 2 2 5 0 3 3 1 1
   2 4 4 1 0 4 1 3 5 3 3]
  [0 4 5 4 5 1 2 5 2 4 1 0 4 4 5 4 4 4 2 4 1 5 0 3 3 0 0 1 4 2 0 0 0 4 4
   1 2 4 0 4 3 5 4 1 0 1 2 5 1 3 3 1 4 5 4 2 2 5 3 3 0 5 3 3 5 5 0 5 1 3
   2 0 2 0 0 0 3 0 1 2 2]
  [0 3 4 1 1 4 5 3 2 3 2 2 4 0 0 2 1 0 5 4 4 5 3 3 0 4 4 0 0 2 5 2 3 5 2
   0 0 0 2 5 2 2 5 3 5 4 1 1 3 5 0 2 3 2 2 5 0 1 2 2 3 5 0 5 3 3 1 5 1 0
   4 4 0 0 2 4 0 4 4 2 5]
  [0 0 4 2 0 3 3 1 4 3 3 1 1 1 5 1 2 4 3 3 3 2 5 2 2 5 5 4 1 2 0 4 5 5 1
   2 4 2 4 4 0 4 4 2 2 2 1 3 1 3 0 3 3 0 0 4 1 5 3 0 5 1 4 0 5 2 1 3 1 1
   1 4 5 1 1 4 2 0 2 2 0]
  [0 4 3 0 0 5 5 2 1 2 5 3 5 0 2 2 2 4 1 4 3 4 1 0 4 3 4 2 5 5 2 4 4 0 3
   1 5 0 3 0 0 4 5 4 5 2 5 2 4 5 3 3 4 4 2 2 1 3 5 2 4 2 0 5 1 3 2 5 4 1
   5 2 0 2 4 1 1 1 0 0 4]
  [0 2 0 2 2 1 3 4 4 4 3 5 4 3 4 2 4 1 2 2 5 5 5 2 3 1 2 3 1 0 2 0 4 1 1
   0 4 1 2 4 1 0 5 4 0 3 5 4 3 1 5 4 0 2 3 4 5 4 5 0 2 2 5 1 1 4 5 0 2 0
   1 5 0 4 5 2 1 1 4 0 3]
  [0 1 0 0 4 2 4 3 3 5 0 4 5 2 5 4 3 5 5 0 0 4 3 5 4 2 1 1 5 1 4 1 5 5 2
   3 0 1 1 5 1 4 3 2 0 2 4 2 3 5 4 5 4 5 3 2 0 4 4 2 4 0 4 4 5 4 4 1 0 1
   3 2 3 0 4 5 3 1 2 0 0]]

 [[0 0 4 3 4 4 1 4 0 0 5 2 1 4 0 4 4 5 1 1 2 5 4 0 3 1 0 0 3 4 4 5 2 0 1
   1 1 0 2 0 3 1 3 2 5 2 5 5 2 5 5 4 3 3 5 4 5 0 0 1 3 5 1 4 3 3 5 5 3 2
   4 3 0 1 4 5 0 2 1 1 5]
  [0 0 4 1 5 3 2 3 2 1 1 1 1 3 2 1 2 3 5 0 0 5 3 3 2 1 5 3 4 2 2 3 4 3 5
   1 0 4 5 0 2 1 4 1 3 3 3 0 4 0 3 1 4 0 3 5 4 0 1 5 0 4 4 1 5 5 0 3 5 5
   5 1 1 1 5 2 3 4 2 2 5]
  [0 2 0 1 0 2 1 4 0 3 0 0 0 3 1 1 2 5 5 1 5 4 0 1 1 0 1 2 3 1 4 1 2 0 1
   3 2 1 1 3 5 4 1 3 2 2 2 2 5 0 4 0 2 0 5 2 0 2 0 0 3 2 0 5 3 0 2 4 2 4
   2 2 2 4 3 0 0 4 3 5 5]
  [0 3 2 0 1 3 3 0 3 1 3 3 5 3 2 2 1 4 1 3 2 1 5 2 0 5 1 5 2 3 1 4 3 0 5
   0 4 5 5 5 5 3 2 0 0 3 4 3 3 3 1 0 2 1 2 3 5 0 3 5 5 5 3 0 1 4 0 3 4 5
   0 1 1 5 1 0 2 4 2 2 4]
  [0 1 4 2 0 5 1 1 2 2 3 5 5 0 5 3 1 3 0 5 1 2 1 3 2 0 0 5 3 0 3 4 0 5 5
   5 1 2 1 3 1 4 2 4 5 0 1 0 3 2 4 3 1 5 4 4 5 1 5 0 1 3 3 3 4 1 5 0 0 3
   4 5 3 5 5 5 1 0 4 0 4]
  [0 2 5 5 3 0 2 4 5 0 1 2 3 5 2 2 1 1 4 1 5 0 0 5 0 5 5 4 5 0 2 2 2 5 2
   2 5 5 3 2 1 5 2 5 3 3 2 4 3 5 4 1 5 1 1 5 0 5 1 5 5 2 1 3 3 0 1 5 5 1
   1 1 4 1 2 3 0 0 4 1 4]
  [0 5 2 2 2 5 0 1 3 5 0 4 2 5 5 3 4 0 3 0 4 0 0 5 5 1 3 4 0 0 0 5 0 0 3
   2 2 0 5 3 5 5 3 1 2 1 4 5 1 3 4 5 1 5 5 4 1 5 5 2 2 1 0 0 2 1 0 1 2 3
   1 2 4 4 1 2 0 4 1 4 3]
  [0 4 2 0 0 4 4 0 1 4 5 1 1 5 2 4 5 3 1 0 1 3 2 2 5 0 0 5 1 1 0 2 4 1 4
   4 0 3 2 3 0 2 3 4 5 3 3 5 2 0 5 0 3 5 2 5 2 0 3 0 1 3 5 0 0 1 0 4 1 1
   2 4 2 2 4 5 2 0 5 4 3]
  [0 0 3 2 0 3 3 4 0 1 2 3 2 3 4 0 5 4 1 5 1 1 0 4 4 1 5 4 0 2 4 3 2 0 3
   0 4 4 0 1 2 4 2 3 5 1 1 0 5 3 5 3 0 1 2 2 2 1 4 2 2 3 5 1 2 1 3 4 4 2
   4 5 4 5 2 2 3 0 3 5 4]
  [0 0 4 1 4 0 5 4 5 0 3 3 5 4 4 5 1 4 0 2 2 3 3 4 2 1 4 3 0 5 3 1 2 3 4
   3 4 2 1 1 0 1 1 5 2 0 0 1 4 5 3 4 3 1 4 0 2 2 5 3 5 3 4 4 4 3 3 4 2 4
   1 2 2 0 5 0 2 4 0 3 5]
  [0 2 3 1 0 2 5 0 2 1 0 4 5 0 3 0 2 2 0 4 1 2 5 5 3 2 5 5 2 2 1 3 2 4 2
   4 2 5 4 5 4 4 2 5 4 0 5 1 5 4 1 5 3 1 4 2 3 5 5 2 2 5 2 4 5 3 0 3 2 0
   5 1 2 2 3 5 0 1 4 3 0]
  [0 0 2 5 1 0 1 5 0 3 3 0 2 2 1 4 2 4 2 5 4 1 1 0 2 2 5 1 3 1 5 3 2 5 0
   2 0 1 2 3 0 5 1 4 2 3 1 5 2 3 3 5 0 5 2 0 5 1 3 4 2 4 4 4 3 2 2 4 4 1
   2 3 2 0 1 5 1 4 3 3 1]
  [0 2 1 0 2 4 0 4 3 4 2 1 0 2 0 5 3 2 1 3 1 4 0 0 5 3 5 0 5 2 0 5 3 5 2
   0 1 4 0 3 5 0 0 3 4 3 1 2 1 3 0 5 0 2 1 2 3 0 0 0 5 2 1 0 1 4 5 3 4 3
   5 2 5 3 2 4 5 3 3 1 1]
  [0 2 5 5 2 3 2 1 4 3 0 3 3 0 5 0 2 5 0 2 4 1 3 0 2 2 3 0 1 5 2 2 1 5 0
   5 2 2 4 0 4 1 3 4 5 4 0 2 5 0 5 2 4 4 0 3 3 2 3 2 0 0 3 5 3 2 1 2 2 0
   0 1 5 5 0 3 0 1 2 3 2]
  [0 2 0 3 5 5 2 3 5 1 4 3 4 4 0 1 4 5 1 3 4 4 4 2 4 0 0 4 3 3 2 1 3 2 3
   4 5 5 0 4 4 0 5 0 2 5 2 2 2 3 2 5 1 4 0 5 1 0 1 5 4 4 0 2 4 3 0 2 2 3
   4 2 4 5 0 1 1 2 0 2 5]
  [0 0 1 2 5 0 5 4 5 2 2 4 5 1 2 0 2 5 3 4 0 3 3 3 0 1 2 2 4 2 2 3 4 0 4
   0 4 0 3 2 0 1 5 0 3 0 2 0 1 3 4 2 4 5 5 5 0 3 5 0 1 5 0 5 4 4 5 0 2 1
   0 5 0 3 0 5 5 0 5 4 4]
  [0 4 4 0 5 0 3 1 1 4 0 0 1 0 0 4 0 0 0 1 4 2 3 3 5 5 4 4 3 5 2 1 3 1 1
   2 3 2 2 2 2 0 5 3 4 0 1 2 4 4 0 0 4 0 3 5 2 1 1 0 5 5 0 3 2 4 3 5 1 1
   2 4 3 2 3 1 0 4 4 0 2]
  [0 5 0 4 1 0 2 5 1 1 0 1 3 1 0 0 0 0 0 2 3 1 1 3 3 3 4 2 1 2 2 4 5 1 0
   1 4 1 4 3 0 4 5 2 5 2 2 1 3 1 3 3 2 4 5 3 3 2 4 5 1 2 5 5 4 0 0 0 1 3
   5 4 3 2 1 4 3 3 5 5 3]
  [0 2 5 1 3 4 4 4 2 1 3 2 3 4 1 5 3 0 0 2 2 0 4 1 4 1 0 4 4 0 1 3 2 4 2
   1 1 0 5 1 3 2 2 0 2 3 4 0 1 0 5 0 0 2 2 3 4 0 1 1 0 2 1 0 2 4 3 1 1 5
   3 3 0 0 0 1 2 0 3 5 1]
  [0 0 3 3 0 2 4 2 5 4 1 4 0 0 3 2 1 4 3 0 0 5 2 4 0 1 3 4 3 1 5 1 1 2 3
   3 2 5 0 4 0 3 5 3 4 1 4 4 2 5 0 3 5 3 0 4 0 3 2 5 4 3 0 0 2 0 0 1 4 3
   3 2 1 3 4 3 3 5 5 1 5]
  [0 3 0 4 5 5 1 0 4 3 3 1 3 1 3 5 3 5 5 4 0 1 2 3 2 5 4 4 4 0 0 0 0 0 2
   4 4 0 1 4 2 4 2 2 1 1 1 1 0 3 5 0 1 5 4 3 2 2 3 1 5 0 5 0 2 5 2 1 0 4
   4 0 3 0 5 2 1 2 5 1 2]
  [0 2 5 3 1 2 3 2 1 1 3 4 1 1 1 5 0 0 2 4 5 0 1 1 0 1 0 2 3 0 1 2 2 5 2
   4 3 5 1 2 3 5 4 0 2 5 2 4 4 0 4 3 1 1 2 1 5 0 5 0 3 1 4 3 3 5 1 2 2 1
   5 4 5 1 3 2 0 4 0 4 4]
  [0 1 4 0 4 3 1 3 3 5 3 1 0 5 5 4 3 0 3 1 3 0 0 5 1 1 3 1 3 4 2 4 5 0 0
   1 1 4 5 4 1 3 4 5 2 0 2 5 3 3 5 1 0 4 3 2 3 0 1 3 3 3 2 3 2 1 0 0 5 0
   5 4 2 3 4 1 0 3 0 1 5]
  [0 0 0 4 1 4 4 0 5 4 5 0 3 2 3 3 4 1 3 2 2 4 1 0 1 0 1 3 2 2 5 1 0 5 2
   5 5 2 2 0 0 0 2 0 0 1 4 0 0 0 5 4 5 3 3 0 4 5 1 0 1 0 5 1 2 3 4 3 1 2
   0 3 5 0 2 5 5 4 4 2 3]
  [0 5 5 4 3 1 4 2 1 4 0 2 1 4 3 2 2 5 3 2 0 4 1 5 0 5 1 0 5 1 1 2 4 5 4
   1 2 2 2 5 4 1 2 4 2 4 1 2 5 5 4 5 2 5 3 5 2 5 3 5 1 1 4 5 4 3 3 2 3 5
   3 4 5 5 0 4 1 4 0 1 4]
  [0 5 0 1 2 2 1 1 4 5 0 2 5 1 4 2 5 4 1 4 4 0 2 0 0 0 4 1 2 4 0 3 2 4 1
   0 2 1 0 0 0 5 1 2 3 5 3 2 1 3 1 0 4 3 1 0 1 2 2 5 0 5 5 1 4 3 1 3 3 4
   0 5 2 1 1 5 0 0 2 1 2]
  [0 1 4 0 2 5 3 0 0 0 0 4 0 0 2 2 4 5 3 5 3 1 4 5 1 3 0 2 4 5 2 4 2 1 1
   3 4 1 4 5 2 5 0 4 0 3 5 0 1 0 5 5 4 4 0 3 3 3 5 5 5 5 4 2 2 5 0 4 4 2
   3 1 1 3 4 4 4 2 4 4 3]
  [0 5 4 2 3 0 4 0 0 2 3 0 4 3 0 2 4 4 1 4 1 1 4 2 0 2 0 0 1 1 3 4 1 1 5
   1 3 3 5 2 0 0 5 4 3 1 4 2 4 5 4 5 0 2 3 3 2 3 4 4 3 2 2 5 3 3 1 1 3 1
   5 1 4 5 5 3 0 1 1 5 4]
  [0 3 0 5 5 4 5 4 5 3 0 3 1 2 1 1 1 4 4 5 0 2 3 1 5 1 2 5 0 4 1 0 5 4 3
   4 3 2 3 1 0 1 1 0 0 5 4 3 2 5 2 1 1 1 1 1 1 5 1 3 1 1 0 1 1 3 3 5 0 1
   5 4 1 2 5 4 3 1 1 2 5]
  [0 2 1 5 5 0 5 3 5 3 0 3 1 0 1 1 3 3 3 2 3 2 5 2 3 5 5 1 1 0 3 2 3 3 2
   3 0 4 5 0 4 2 4 1 1 1 1 3 2 1 5 3 3 0 0 1 4 3 2 4 0 5 5 4 5 4 2 3 4 4
   5 2 1 1 1 4 0 1 1 5 1]
  [0 0 1 3 3 1 0 3 0 0 3 5 3 1 2 4 4 5 4 1 3 4 4 3 1 0 1 0 1 3 0 5 0 4 0
   3 0 0 0 3 1 0 3 2 2 1 4 5 3 3 5 0 2 5 1 0 4 0 4 4 3 2 3 4 3 1 3 5 0 4
   1 1 4 0 1 2 2 0 4 0 3]
  [0 4 5 3 2 1 0 3 5 3 3 2 2 1 4 0 2 1 2 4 1 0 4 1 1 1 2 3 4 0 1 0 3 0 4
   1 0 1 5 4 1 0 3 2 5 4 1 1 3 0 3 0 0 4 4 1 0 5 2 1 4 1 3 3 3 2 3 2 3 2
   3 1 3 0 4 1 4 0 4 3 0]
  [0 0 1 1 3 5 4 0 2 0 3 5 0 3 0 4 4 1 2 2 3 5 3 4 4 4 1 1 5 1 2 3 0 5 1
   2 1 2 4 1 2 2 4 3 1 0 1 2 2 4 3 4 4 3 0 0 2 1 5 5 5 1 5 4 5 4 5 2 1 0
   1 1 0 2 5 3 0 1 5 2 1]
  [0 2 0 0 3 4 1 4 5 4 0 3 2 0 2 4 5 1 0 1 5 5 3 0 2 2 2 5 3 2 4 5 1 0 5
   1 5 1 2 4 0 3 0 0 2 3 2 0 1 0 0 0 3 5 2 2 0 5 2 4 2 4 2 5 0 1 3 4 2 2
   5 4 2 5 3 3 4 3 1 3 4]
  [0 0 0 2 5 4 3 3 2 2 1 0 5 1 1 4 2 3 3 5 0 2 2 4 0 3 0 4 5 4 1 4 0 0 0
   5 0 2 4 0 2 0 4 4 3 2 3 1 5 3 1 5 1 4 2 2 1 3 4 0 4 5 4 5 5 0 1 0 5 5
   0 4 5 4 0 1 2 1 5 0 2]
  [0 0 4 3 0 0 1 3 3 5 1 3 1 1 0 0 2 1 3 2 3 3 2 1 3 1 5 2 3 3 4 4 0 5 3
   0 5 4 2 3 3 5 4 2 5 5 5 2 4 2 0 3 3 5 2 2 1 1 1 1 5 0 3 3 5 4 2 4 0 4
   5 5 1 2 1 1 4 2 3 0 5]
  [0 5 4 2 2 0 1 5 4 4 1 1 4 2 1 2 0 4 2 3 2 4 3 4 4 2 3 2 0 4 2 4 3 4 0
   3 0 0 5 3 3 0 2 4 5 4 3 2 2 2 1 2 1 3 5 5 1 4 2 0 5 3 3 4 0 1 0 1 5 4
   0 3 0 2 1 1 1 3 5 4 0]
  [0 5 5 3 3 2 1 1 2 2 3 1 0 3 2 0 5 2 1 4 0 5 5 4 2 3 0 4 2 2 3 0 4 3 4
   5 5 0 4 1 4 1 5 5 3 0 0 4 2 5 2 4 2 2 5 0 0 1 0 5 4 1 5 5 0 1 4 0 4 3
   2 2 5 4 1 1 5 5 1 4 0]
  [0 4 1 3 0 0 1 3 2 4 0 2 2 5 2 1 3 4 2 2 0 4 1 5 3 3 3 0 0 2 4 3 3 4 5
   3 3 4 0 3 3 5 4 1 2 1 3 3 4 2 1 2 3 4 4 1 4 1 0 5 1 1 4 1 0 0 1 3 2 4
   4 5 2 1 1 1 5 1 0 4 2]
  [0 4 2 0 1 4 0 1 2 4 1 4 4 0 1 1 5 4 2 5 0 3 4 2 1 2 2 3 1 5 1 2 0 4 5
   1 1 4 3 0 0 0 0 2 5 3 1 3 1 0 2 2 0 4 5 0 4 4 4 3 2 1 3 0 4 1 2 2 2 5
   1 0 4 3 2 5 3 2 0 0 5]
  [0 5 4 2 2 2 0 0 5 0 5 0 4 1 4 4 0 4 5 2 1 3 3 1 1 1 0 3 5 5 5 1 3 3 1
   2 3 0 3 5 0 2 5 4 0 3 3 0 4 1 3 5 2 0 5 0 1 5 3 2 3 0 2 0 3 0 2 1 1 3
   0 5 4 1 3 4 0 5 3 2 5]
  [0 4 4 0 2 4 0 0 3 2 0 3 3 0 5 3 1 2 5 4 5 3 5 3 2 2 5 2 1 0 2 3 1 0 3
   5 2 1 4 2 3 0 3 3 0 5 0 4 1 3 1 4 0 5 0 3 1 2 1 2 2 4 2 0 1 2 1 1 4 0
   2 5 2 0 0 3 4 3 4 2 1]
  [0 1 1 2 4 2 4 5 4 5 5 1 0 2 3 4 2 4 1 5 5 5 5 4 0 4 2 4 1 0 3 3 0 2 4
   3 1 3 1 0 2 5 0 1 5 1 1 3 4 0 4 1 0 4 0 5 5 2 2 5 4 5 5 3 1 0 3 1 5 5
   5 1 0 2 3 1 1 1 1 2 1]
  [0 1 3 0 0 1 2 1 1 3 3 2 2 5 5 0 1 4 1 1 3 0 4 5 2 2 4 2 1 1 2 1 1 1 4
   0 5 5 4 5 5 0 0 0 0 2 5 1 1 1 4 4 1 2 3 0 0 3 0 4 3 3 1 4 1 3 4 3 5 4
   5 2 1 0 2 1 5 5 1 4 5]
  [0 0 2 4 2 4 3 5 3 2 0 2 3 3 3 0 5 0 2 4 0 0 2 3 4 0 4 2 5 1 1 0 4 4 5
   0 3 3 3 2 3 0 3 0 0 3 4 4 4 2 5 3 5 4 2 2 4 4 2 4 2 3 3 3 5 0 5 0 1 5
   3 4 3 1 5 0 4 2 4 5 0]
  [0 2 4 3 1 5 2 2 3 0 0 1 1 4 1 5 4 4 3 5 3 1 2 5 0 1 4 4 3 2 0 1 1 5 5
   4 4 3 3 4 5 3 5 4 4 0 2 0 1 2 0 3 1 3 4 0 1 5 1 2 2 2 5 1 3 5 3 1 5 0
   2 4 0 3 5 0 0 2 0 0 0]
  [0 4 5 4 4 5 2 0 2 1 4 3 2 1 1 4 0 4 3 3 1 5 0 1 1 1 3 3 3 2 3 1 1 1 0
   1 0 0 4 2 4 4 1 1 0 3 0 1 1 0 5 0 3 4 3 1 5 5 4 3 5 3 0 5 2 3 2 0 1 5
   5 2 5 4 2 4 4 3 1 5 5]
  [0 4 4 1 3 0 1 3 4 2 3 2 3 1 3 5 1 5 5 5 0 0 2 5 0 2 2 0 0 0 3 5 4 5 5
   3 5 0 0 2 1 5 0 3 4 3 5 0 0 3 3 0 2 5 1 0 4 1 1 2 2 0 5 1 3 5 1 5 4 1
   0 0 3 2 5 2 5 4 2 1 2]
  [0 4 4 3 1 1 4 0 2 2 0 0 1 5 5 3 4 4 4 3 5 1 5 0 1 1 2 4 2 5 3 5 5 0 5
   0 4 5 3 1 5 0 2 2 3 3 0 4 0 2 1 1 3 1 2 0 2 3 4 4 2 1 1 2 2 4 0 0 0 1
   0 0 2 0 5 4 2 4 4 1 1]
  [0 4 0 4 1 3 0 5 1 0 4 3 0 0 0 3 0 2 0 2 1 0 3 5 1 3 4 1 4 5 2 1 2 4 2
   4 2 4 2 4 3 1 5 0 3 4 4 3 3 0 3 1 5 2 2 0 4 5 5 4 2 4 1 0 2 3 5 5 2 3
   4 1 2 2 1 0 1 2 3 4 3]
  [0 4 2 2 2 1 5 5 5 4 4 0 0 1 1 5 1 0 5 0 0 4 5 0 5 0 2 2 0 4 5 1 4 2 1
   3 5 1 0 0 1 4 0 0 3 2 3 1 1 5 0 1 1 2 2 5 0 4 0 2 5 2 2 1 4 4 0 5 1 0
   2 4 2 3 0 4 1 5 5 2 4]
  [0 0 5 1 2 1 0 3 3 3 5 4 4 2 0 5 4 2 3 0 3 0 2 0 3 1 5 0 2 4 3 5 5 0 2
   0 5 0 3 0 5 2 2 2 2 0 3 4 2 0 2 0 5 0 5 4 0 5 0 5 1 4 0 5 3 3 5 0 4 4
   0 0 2 0 1 0 1 0 4 5 0]
  [0 5 0 2 3 2 1 2 0 4 1 4 5 0 0 0 0 3 0 5 1 1 3 0 0 1 3 4 0 1 1 1 3 2 1
   4 1 4 0 0 3 0 1 2 0 1 0 2 2 2 5 4 0 5 0 2 4 4 3 4 4 2 4 5 5 4 5 5 5 0
   1 1 3 3 0 4 5 5 4 1 4]
  [0 2 5 4 1 3 2 4 1 2 0 5 4 2 2 3 4 3 3 5 3 3 4 1 5 0 0 5 4 3 0 5 0 0 0
   1 3 0 3 3 5 4 1 1 0 1 4 4 4 5 3 1 4 0 5 3 3 5 4 5 3 0 2 3 3 4 1 0 2 0
   5 0 5 0 5 1 0 1 0 4 5]
  [0 2 3 5 4 3 3 3 2 4 2 2 4 3 3 3 2 3 3 5 4 0 1 2 5 2 5 2 5 4 5 0 3 5 3
   2 1 4 4 0 0 2 3 5 3 0 4 4 2 0 0 3 3 3 0 1 2 3 1 1 2 5 4 3 3 4 5 5 3 1
   3 3 1 4 0 1 3 0 0 4 2]
  [0 1 4 3 5 2 2 2 0 5 3 1 1 3 1 5 3 0 0 4 2 1 4 0 2 0 1 3 2 2 4 3 0 2 0
   2 4 3 3 2 0 1 2 3 0 3 2 2 1 5 2 5 4 3 5 0 3 3 0 1 2 4 1 5 0 2 1 5 5 5
   4 2 5 3 5 3 5 3 0 3 1]
  [0 2 1 0 4 2 3 2 4 5 0 3 3 0 3 5 1 3 3 4 3 1 5 5 4 5 0 2 5 1 5 0 2 4 5
   2 2 2 4 0 5 4 1 3 5 1 1 4 1 4 3 5 1 5 1 0 0 3 3 4 0 0 3 1 3 2 4 4 0 3
   2 4 2 0 0 3 0 3 1 2 1]
  [0 3 4 3 3 4 3 1 0 1 4 1 4 2 4 2 1 2 0 1 2 3 1 3 5 4 0 2 0 2 5 3 4 4 0
   5 0 3 1 0 1 1 5 5 4 3 0 2 5 0 4 1 2 1 4 1 3 0 3 5 2 0 2 3 1 4 5 2 0 2
   5 3 1 0 1 1 2 2 3 5 4]
  [0 1 5 4 1 0 2 3 3 3 2 1 2 2 1 2 1 5 3 1 2 4 2 5 3 3 1 5 1 1 0 1 3 1 4
   4 0 3 1 2 4 4 3 0 2 2 2 3 1 3 5 4 1 5 5 2 2 4 0 3 5 4 2 5 2 5 2 2 4 2
   0 0 2 3 3 4 3 2 1 2 4]
  [0 1 0 3 5 5 1 5 5 3 5 5 0 5 1 1 1 1 0 4 0 4 5 2 1 2 1 1 1 1 5 0 4 2 4
   3 3 0 3 2 4 5 2 5 5 2 5 1 5 1 2 5 5 2 5 4 5 0 5 0 5 2 1 3 2 3 2 1 1 2
   2 3 1 1 1 4 3 1 1 0 5]
  [0 2 2 2 1 1 3 4 1 1 1 4 0 4 5 2 4 4 0 1 1 1 2 0 1 4 0 2 1 3 0 1 2 5 0
   2 3 3 1 5 4 2 3 3 5 0 0 1 5 1 5 3 0 5 4 1 4 4 2 4 0 2 3 0 0 2 4 2 1 5
   1 1 4 1 0 5 0 2 3 0 2]
  [0 3 0 2 0 5 2 5 1 5 5 5 5 4 1 3 0 3 2 1 1 3 4 2 5 2 1 1 2 0 2 3 5 1 5
   5 1 5 2 2 0 5 2 0 5 0 0 2 3 0 0 5 4 5 1 5 1 2 3 4 3 0 0 0 0 2 2 1 1 5
   1 2 4 0 1 0 1 0 4 3 0]
  [0 3 3 5 0 4 1 3 3 3 5 2 1 1 5 5 3 4 3 5 4 0 2 4 3 3 5 0 1 1 1 3 4 2 5
   5 3 2 1 2 0 2 1 1 2 3 0 1 1 3 5 2 1 3 4 5 0 3 1 2 2 4 0 2 0 4 5 0 0 5
   5 3 3 3 2 3 0 1 4 4 3]
  [0 2 0 0 1 5 4 2 1 3 0 1 2 4 5 0 0 5 1 0 5 4 0 0 2 1 2 4 5 1 5 3 5 5 4
   5 3 5 4 4 3 0 2 2 5 1 2 1 5 5 0 4 4 2 1 1 1 4 1 0 2 4 5 0 1 5 3 4 3 2
   3 0 5 5 2 5 3 4 2 4 0]
  [0 5 5 3 5 2 1 0 4 0 1 3 0 1 3 1 5 2 2 0 3 1 2 3 5 2 1 3 4 0 2 1 1 2 1
   1 3 3 4 0 2 1 1 0 0 2 0 0 3 4 0 2 1 5 0 1 1 5 5 0 0 0 2 2 0 5 5 4 0 5
   4 1 0 5 0 2 1 4 3 5 0]
  [0 2 4 5 1 4 1 2 1 3 5 3 2 3 3 0 2 2 2 2 4 0 2 0 5 1 1 3 0 0 3 3 0 2 4
   3 5 3 3 5 5 1 3 2 1 1 2 5 3 0 1 5 5 3 2 2 2 3 5 2 5 5 2 3 4 0 4 0 0 0
   1 4 1 0 0 0 5 4 3 5 1]
  [0 5 3 5 2 0 2 0 0 0 3 2 1 2 0 1 1 4 2 5 4 2 1 5 0 2 2 3 0 0 5 4 5 0 0
   5 2 0 2 3 2 3 0 1 5 5 2 4 0 1 4 3 4 1 5 4 0 2 4 3 4 3 5 0 5 2 0 5 0 4
   0 1 0 2 4 3 4 5 5 4 5]
  [0 1 5 5 2 3 0 2 1 5 2 0 2 0 0 0 0 3 4 4 2 1 4 1 0 1 5 3 1 1 4 1 2 0 3
   4 1 1 5 1 2 3 4 3 3 0 2 1 0 3 5 3 2 0 0 1 3 1 4 2 4 3 5 4 4 5 3 0 3 4
   1 3 2 1 1 4 1 3 2 3 1]
  [0 1 2 2 2 3 2 2 3 1 5 4 1 3 3 3 2 3 3 5 5 4 5 1 5 5 2 4 4 4 2 1 1 4 5
   3 1 5 3 2 0 5 5 0 1 1 2 1 3 2 3 4 1 0 5 2 0 5 1 2 5 4 4 0 2 2 5 4 0 3
   4 4 5 1 3 0 5 3 1 5 4]
  [0 5 5 1 1 3 4 1 2 3 3 5 1 4 4 3 0 3 5 4 4 1 2 2 0 2 0 4 3 2 1 0 5 2 3
   1 0 1 0 1 5 0 0 1 0 2 2 2 3 2 4 3 2 3 5 3 0 5 1 3 0 4 0 3 3 3 1 1 1 0
   4 1 5 0 4 0 2 5 5 4 5]
  [0 4 0 2 0 4 4 3 3 1 0 4 1 1 4 4 1 5 3 0 4 4 4 5 2 0 3 4 4 1 2 5 2 1 5
   0 5 2 5 3 0 0 4 2 3 0 1 0 5 5 3 4 0 5 2 4 5 3 0 3 1 1 4 5 1 5 0 4 1 2
   0 5 4 3 4 3 4 3 1 4 3]
  [0 3 3 0 1 0 4 5 0 0 3 0 5 5 3 1 0 5 5 4 3 1 0 4 3 4 3 2 2 4 2 3 5 4 1
   2 5 0 3 4 5 5 1 5 3 5 4 2 1 4 4 3 0 5 4 3 1 3 5 0 3 2 5 0 5 3 3 0 0 3
   4 0 5 0 2 2 1 2 5 0 1]
  [0 0 4 2 3 5 0 2 1 5 1 3 5 3 4 0 4 5 3 4 2 5 0 3 4 2 2 3 3 2 4 3 0 4 1
   1 0 4 2 1 4 4 0 5 3 2 4 2 3 3 4 0 2 2 1 5 4 3 1 0 1 0 0 5 1 2 4 0 3 0
   2 4 0 4 2 3 5 0 1 3 3]
  [0 4 1 4 0 2 0 0 0 4 1 0 3 0 0 1 1 0 1 5 2 5 5 2 4 2 1 3 3 1 3 1 3 0 5
   0 2 3 5 5 2 2 1 1 1 5 1 2 5 4 0 1 3 2 5 5 0 5 3 1 4 5 4 0 3 5 0 4 3 5
   0 1 3 0 3 4 0 0 1 0 3]
  [0 5 5 2 0 3 1 1 4 4 1 2 1 0 3 0 5 3 0 3 3 4 0 2 0 3 0 4 5 0 3 1 3 2 5
   4 5 2 1 1 2 3 1 0 2 1 4 0 0 0 2 0 3 3 0 5 2 0 4 2 2 3 3 3 4 0 3 4 2 3
   5 1 1 1 0 4 2 5 4 5 5]
  [0 2 1 1 5 5 3 2 0 3 4 3 1 2 2 1 3 5 2 5 0 1 0 4 2 2 2 5 1 5 1 0 0 0 2
   4 1 0 5 1 0 2 1 2 0 4 1 2 3 4 1 4 5 4 4 2 1 3 4 5 5 2 5 2 1 2 3 3 4 4
   3 3 2 4 3 0 4 5 0 0 5]
  [0 1 5 0 4 3 3 1 2 3 1 0 4 4 3 5 5 2 0 3 4 3 4 2 0 1 0 4 2 2 2 4 3 2 2
   2 4 2 3 2 1 0 1 4 1 0 1 3 3 3 0 0 5 1 5 1 0 4 4 4 5 2 0 1 0 4 1 0 4 3
   5 3 5 2 1 0 0 2 0 0 1]
  [0 5 2 5 5 5 3 4 1 5 1 3 2 5 4 2 4 5 1 5 0 0 4 4 0 1 0 0 5 0 3 5 2 3 2
   4 0 0 4 0 5 5 3 2 2 1 0 2 4 2 0 5 5 3 5 3 2 3 3 2 1 3 1 2 4 4 1 4 5 4
   2 2 5 2 3 3 4 0 1 3 3]
  [0 3 0 3 2 0 0 3 5 0 1 5 3 3 1 2 4 3 5 5 0 5 5 3 0 1 1 1 5 0 1 0 0 4 0
   4 3 1 2 1 0 3 3 2 4 3 3 4 2 1 3 5 3 1 3 3 1 3 5 1 1 5 3 1 3 5 4 4 5 1
   3 2 1 2 5 1 3 5 0 5 0]
  [0 2 2 3 2 1 4 2 2 3 1 5 4 0 3 1 5 4 3 2 2 4 1 3 3 0 0 5 3 3 0 3 2 5 4
   2 4 3 3 3 1 4 4 0 1 1 2 5 1 2 3 5 3 5 0 4 3 4 4 5 4 5 4 5 1 2 0 1 1 3
   2 0 4 0 1 1 0 1 0 0 2]
  [0 3 4 0 3 0 4 0 4 0 4 2 4 0 0 2 3 4 4 5 2 0 0 2 3 2 2 5 4 1 0 5 4 3 1
   0 4 4 5 5 4 3 0 5 0 1 0 2 3 0 4 4 4 2 5 0 2 0 3 4 0 2 3 1 5 1 1 1 1 3
   4 5 3 3 2 5 1 1 4 5 0]]

 [[0 1 2 2 0 5 5 5 4 5 3 1 0 0 4 2 0 1 0 4 0 1 2 1 2 3 2 3 0 5 3 4 1 1 0
   2 3 5 1 5 0 1 0 3 1 0 4 3 3 3 1 1 0 1 1 5 2 1 2 3 1 3 5 2 4 4 5 2 4 1
   1 5 4 3 0 4 5 5 3 4 5]
  [0 0 1 4 5 4 3 3 2 5 1 0 0 1 0 0 2 5 1 4 2 3 5 4 3 1 3 2 0 1 5 2 5 2 5
   4 2 5 4 2 1 5 5 2 0 3 3 2 0 3 0 4 1 5 1 2 4 2 1 2 1 5 1 2 1 2 0 3 3 0
   4 3 1 0 5 0 3 4 5 4 2]
  [0 2 0 5 3 1 2 5 5 5 2 2 2 0 4 3 2 0 1 3 3 0 3 5 5 3 2 2 3 5 2 4 1 1 2
   0 4 3 2 5 1 3 5 1 1 0 4 4 4 2 1 0 3 0 2 1 4 4 5 2 0 3 2 1 4 4 0 0 2 0
   3 4 3 2 5 3 2 1 3 4 1]
  [0 0 1 0 5 0 5 1 5 5 0 1 2 1 0 4 2 3 0 3 1 2 4 4 4 4 3 5 4 1 0 4 4 4 3
   3 2 0 4 2 3 3 3 0 0 4 1 0 1 4 0 2 3 5 4 2 3 1 5 1 4 4 3 0 1 0 5 5 1 0
   2 1 5 1 4 4 3 4 0 3 4]
  [0 2 4 0 0 5 1 5 2 3 1 3 3 3 3 0 3 1 5 5 1 4 5 5 5 0 0 5 3 2 1 0 0 0 0
   4 0 1 4 4 2 2 4 2 2 5 4 1 5 0 0 0 2 1 4 0 0 2 0 3 0 5 5 5 1 0 2 5 2 3
   0 3 2 1 0 1 4 0 4 2 2]
  [0 5 4 2 0 0 0 5 3 5 4 4 0 5 2 4 3 0 2 2 1 3 1 4 2 0 4 5 1 5 2 0 0 0 2
   4 1 3 2 5 4 0 1 1 2 0 0 0 5 5 4 2 0 1 1 2 5 3 1 2 4 3 4 4 1 1 4 0 1 2
   4 0 4 3 0 5 0 5 4 1 5]
  [0 0 5 1 2 5 0 3 5 1 2 2 1 3 2 2 0 0 4 0 5 3 0 3 0 1 1 1 4 0 5 1 3 0 5
   0 1 2 5 3 4 0 3 3 3 3 1 0 2 1 3 0 5 1 2 5 0 5 3 3 4 2 2 1 3 1 1 4 0 2
   5 4 2 1 3 3 3 4 4 4 1]
  [0 3 0 5 2 4 5 0 5 3 1 4 0 3 3 5 1 2 2 5 5 1 4 3 5 5 0 1 4 0 5 3 5 4 3
   4 3 4 2 3 4 2 5 1 0 5 2 5 3 0 4 0 5 4 4 1 5 1 2 4 3 2 4 2 3 1 0 0 2 5
   3 5 2 3 5 4 2 3 3 4 5]
  [0 2 1 4 3 0 5 5 0 3 2 4 5 1 2 0 1 2 0 0 2 4 4 4 0 5 1 1 0 1 2 0 1 2 0
   2 2 2 2 1 4 3 2 1 3 1 5 5 1 2 2 5 1 5 5 5 3 5 2 5 3 0 3 0 1 5 3 2 5 1
   1 1 4 2 3 1 2 4 2 3 0]
  [0 0 1 4 4 0 0 5 1 0 4 1 3 5 5 1 0 5 1 5 5 2 5 3 4 4 1 4 3 0 3 0 5 3 1
   4 0 5 4 5 4 3 2 2 5 4 4 4 4 3 2 0 4 2 3 1 2 3 5 3 0 1 0 0 4 2 0 5 5 2
   1 0 3 0 3 4 5 5 5 1 0]
  [0 0 5 1 2 3 2 5 1 4 0 3 1 5 1 5 2 2 2 1 2 2 4 0 1 5 0 2 0 1 2 2 2 1 2
   4 3 4 5 1 2 1 3 5 3 4 3 3 1 0 0 0 4 1 1 5 0 3 0 4 0 0 5 1 1 4 2 3 4 4
   0 0 1 4 5 1 5 0 3 0 4]
  [0 4 5 5 4 5 5 4 5 1 3 0 0 0 3 1 4 4 0 4 5 4 4 2 2 1 3 3 2 2 5 3 0 1 2
   4 0 0 0 2 3 1 2 4 4 3 1 5 2 5 0 5 1 0 2 3 3 5 4 2 3 3 4 2 5 3 5 3 5 2
   0 1 3 3 1 1 0 0 0 5 3]
  [0 1 1 4 5 5 2 0 2 1 5 5 0 2 5 5 2 2 5 0 2 3 4 2 3 0 4 3 4 0 2 2 1 3 3
   4 5 0 0 3 3 0 0 0 1 0 1 3 2 4 2 3 3 0 1 3 3 0 5 5 2 0 1 2 2 4 2 4 2 4
   3 1 1 5 1 0 3 3 5 2 4]
  [0 1 1 1 2 0 5 3 1 4 0 5 1 0 4 0 0 4 1 3 0 5 0 0 2 3 0 4 3 5 1 5 3 4 4
   1 5 2 5 2 3 4 0 5 0 0 5 3 2 3 1 2 0 3 0 2 1 3 4 0 4 3 1 1 5 2 4 3 2 2
   3 1 0 4 0 0 0 2 5 2 2]
  [0 4 0 2 2 1 1 1 2 4 5 3 0 2 0 4 2 2 1 3 5 4 0 3 2 4 5 4 3 4 1 5 1 5 4
   3 4 1 5 5 2 0 2 0 2 1 0 5 4 3 3 3 5 2 3 4 2 1 3 2 1 5 3 0 3 3 2 5 5 5
   4 5 1 5 3 4 4 2 3 4 2]
  [0 4 3 5 3 3 5 5 2 0 1 3 4 3 1 0 1 2 3 0 5 3 1 0 5 0 1 4 0 0 0 2 4 0 0
   2 5 3 1 1 5 1 0 1 0 3 2 5 1 3 1 5 2 3 0 3 3 5 0 3 4 2 3 5 4 0 0 4 1 0
   3 3 0 0 2 3 0 1 2 1 1]
  [0 5 2 4 3 2 4 4 0 0 5 3 1 3 2 5 0 1 3 4 3 0 3 2 0 2 0 4 3 4 1 3 4 4 2
   3 5 0 2 5 5 0 1 4 3 1 5 4 0 1 0 1 4 4 0 3 5 5 5 3 4 0 0 0 2 2 0 5 4 2
   3 2 0 5 0 2 1 5 5 0 5]
  [0 2 0 2 1 0 4 4 4 3 3 3 1 2 0 5 4 0 3 4 2 1 2 3 4 4 2 0 5 2 3 3 3 2 5
   3 5 1 3 3 5 5 4 2 3 1 4 4 1 1 4 4 1 2 5 2 1 5 0 5 5 0 4 0 3 5 1 3 2 5
   4 0 1 3 0 2 3 4 0 1 2]
  [0 1 5 3 3 0 1 4 1 2 0 0 2 0 2 0 2 4 0 4 1 4 5 0 0 0 4 4 2 5 4 1 3 5 1
   1 5 1 0 2 4 2 1 4 4 5 4 3 3 5 4 3 5 4 1 2 1 1 3 3 4 1 2 2 4 4 2 3 5 1
   0 1 5 4 0 1 0 4 3 0 2]
  [0 5 5 5 1 5 3 1 2 3 5 0 3 2 4 1 0 4 5 0 0 5 0 0 2 0 5 5 5 0 2 1 2 1 4
   3 3 2 5 3 5 1 4 3 3 2 3 3 4 0 4 1 1 5 1 3 1 1 5 4 5 4 5 3 0 4 1 5 1 4
   5 4 3 2 3 5 2 1 0 1 0]
  [0 2 2 3 4 2 5 2 2 2 1 3 3 2 0 4 4 1 2 0 0 4 4 5 2 0 1 5 2 0 3 5 2 2 3
   3 3 4 4 2 5 3 4 3 5 0 0 3 3 4 0 3 3 5 0 5 2 1 0 2 3 2 0 2 3 0 4 5 1 2
   4 2 1 0 3 0 2 2 1 3 4]
  [0 5 2 5 1 0 3 4 1 2 2 2 2 0 0 2 5 3 3 3 0 0 2 4 1 4 5 4 5 4 5 4 0 3 3
   2 3 2 1 2 5 4 5 5 4 0 2 2 1 1 4 2 0 4 0 5 0 2 3 0 1 5 3 5 1 4 5 5 1 2
   4 3 3 4 3 0 4 4 3 3 1]
  [0 5 1 4 0 2 1 0 5 2 0 0 5 3 2 5 4 2 0 1 1 0 0 0 4 2 1 2 0 0 1 1 2 0 4
   2 3 1 5 1 1 0 1 5 3 1 2 3 0 5 4 1 0 5 1 4 1 2 1 0 1 3 3 4 1 4 0 2 3 3
   2 2 2 0 0 2 4 1 3 4 3]
  [0 1 4 2 5 5 2 3 2 2 2 5 0 5 1 1 0 4 3 2 4 5 3 0 5 3 2 5 2 1 2 2 0 1 3
   2 2 1 1 1 3 3 0 0 3 4 1 4 0 3 3 4 2 2 0 5 1 1 5 4 4 2 2 0 3 1 5 4 1 4
   3 0 4 4 1 3 4 0 5 1 4]
  [0 1 5 2 3 3 0 4 1 4 4 4 0 3 0 3 0 4 4 0 2 3 4 4 0 2 2 3 0 2 1 1 3 1 1
   2 4 1 5 3 1 1 5 5 0 4 2 5 1 5 4 2 1 4 0 3 0 4 5 2 5 5 4 3 5 0 5 4 3 0
   4 2 1 3 4 1 2 0 5 2 5]
  [0 3 3 3 2 4 0 3 4 3 2 1 4 5 4 1 3 0 1 3 0 0 1 0 3 0 0 1 4 5 4 5 3 5 4
   3 5 0 5 0 2 5 4 4 2 0 3 1 2 3 3 1 3 2 4 4 2 3 3 1 1 4 0 2 4 0 0 0 4 0
   3 3 0 3 3 2 0 0 3 0 4]
  [0 1 1 1 4 5 0 2 2 3 3 1 0 3 4 2 1 5 4 1 3 1 3 4 1 0 0 4 3 4 0 5 1 4 0
   0 2 2 3 0 5 1 0 5 4 3 3 0 5 5 2 5 2 4 5 1 5 5 2 3 3 2 3 4 5 2 0 0 3 3
   0 4 4 3 1 5 2 5 2 3 5]
  [0 3 3 1 1 4 5 4 3 3 4 0 3 4 3 2 5 4 3 1 1 4 4 0 1 4 1 0 0 1 1 2 3 5 0
   3 1 5 2 0 4 4 3 4 2 5 2 5 0 0 2 0 4 0 1 1 1 0 2 5 1 5 2 1 5 3 3 4 2 2
   0 4 2 1 2 5 4 5 4 5 1]
  [0 0 0 3 3 5 0 0 0 3 1 0 4 3 4 0 5 0 0 5 3 1 1 2 1 3 4 4 0 5 0 0 1 4 3
   3 3 5 4 2 0 2 1 4 4 4 1 1 0 1 5 3 5 2 4 1 1 2 1 0 3 2 4 3 1 1 4 2 3 3
   4 0 0 5 5 4 0 2 0 0 5]
  [0 0 2 1 2 1 3 3 4 4 0 4 4 1 2 4 4 2 1 5 0 4 4 5 1 1 2 3 0 0 1 5 5 2 1
   3 0 3 1 2 3 2 1 3 4 4 4 0 5 5 2 3 3 1 5 2 2 5 0 0 1 1 5 0 2 3 2 0 3 1
   1 1 3 2 4 5 0 0 3 2 4]
  [0 4 1 2 1 5 1 5 1 5 4 3 1 1 0 2 3 3 5 4 0 4 1 5 4 3 2 3 5 5 0 3 4 2 0
   0 5 1 0 1 1 4 3 1 0 1 1 0 0 4 0 1 5 4 0 3 4 4 4 2 1 2 4 3 3 4 0 2 1 5
   0 2 3 2 4 1 3 0 0 3 1]
  [0 2 1 1 1 5 2 2 4 1 2 0 4 4 3 0 3 3 1 1 4 5 0 4 4 2 2 3 1 4 0 0 2 5 2
   4 2 3 5 4 5 3 4 5 0 3 2 3 2 5 1 3 0 4 5 4 2 3 0 2 3 3 0 4 1 2 5 2 4 1
   0 2 2 1 5 4 0 1 5 4 0]
  [0 3 0 4 5 3 4 4 3 3 2 3 3 2 2 5 1 0 4 2 4 3 2 0 4 2 5 4 3 4 0 4 0 0 0
   0 2 4 3 1 4 4 3 1 1 1 0 4 3 2 3 0 1 4 1 4 5 0 5 2 0 1 5 1 2 0 1 2 3 2
   2 3 4 4 4 0 1 2 2 1 0]
  [0 3 4 1 0 2 2 4 1 1 4 2 1 4 3 1 5 4 4 1 4 0 3 5 4 4 1 3 2 2 2 5 0 0 3
   2 2 1 5 5 3 2 1 3 1 5 2 0 2 3 3 1 0 2 1 2 5 0 3 0 0 4 2 2 4 4 1 2 0 4
   5 1 0 3 3 2 2 0 2 2 4]
  [0 0 4 5 3 2 0 3 1 4 2 0 2 0 0 4 0 4 2 0 3 5 3 1 3 0 1 5 3 2 0 0 3 3 0
   4 4 4 3 4 0 3 4 5 1 5 5 3 1 5 5 5 4 3 1 1 1 4 1 3 4 5 0 1 2 5 3 5 0 4
   0 4 0 0 4 5 0 3 1 0 2]
  [0 1 5 2 1 3 5 3 4 0 1 5 2 3 5 2 1 0 2 4 4 1 2 5 0 5 2 3 1 5 4 0 5 3 2
   0 5 3 1 4 3 0 1 5 4 1 0 0 5 2 0 1 4 0 1 0 3 5 2 1 4 0 5 3 4 2 1 3 0 0
   1 5 3 3 3 4 4 4 5 5 2]
  [0 2 1 2 2 2 3 0 4 2 0 4 1 2 1 5 3 5 4 3 0 4 3 3 0 0 3 4 0 3 1 4 2 1 3
   5 0 1 1 2 5 4 3 3 1 5 2 4 2 5 5 4 5 3 5 5 4 5 1 5 0 4 4 2 3 2 3 3 1 3
   5 5 3 1 1 2 5 4 4 1 4]
  [0 2 4 5 1 4 3 2 0 0 3 2 1 3 1 1 5 2 4 0 2 5 2 4 4 4 3 0 2 5 5 1 1 2 5
   5 5 0 1 4 3 5 1 2 2 0 3 1 2 0 3 5 1 3 3 3 1 0 2 3 4 1 3 5 2 4 1 3 5 0
   3 1 2 3 2 2 0 0 3 5 1]
  [0 5 0 0 5 1 0 4 1 2 2 2 4 4 4 2 3 0 2 4 2 3 1 2 0 2 3 2 0 0 1 0 5 4 3
   4 2 0 0 3 4 0 3 0 4 5 4 5 1 4 1 2 3 3 1 1 1 0 0 0 3 1 0 3 4 1 3 0 4 2
   1 0 1 5 2 1 4 1 0 1 1]
  [0 2 1 3 3 1 5 2 5 4 3 5 0 0 3 0 5 4 2 1 4 4 0 1 5 3 1 5 2 4 4 1 2 4 3
   3 0 5 0 0 4 1 4 0 1 1 2 4 4 0 3 5 3 1 0 5 3 5 1 0 5 1 0 3 5 2 5 4 3 3
   4 2 1 3 5 5 0 0 0 2 3]
  [0 2 3 3 4 0 2 4 5 3 4 4 0 0 3 4 5 4 1 1 0 2 1 3 0 1 4 5 4 5 1 2 2 3 3
   1 3 4 3 1 0 4 2 5 0 2 3 3 4 4 3 4 1 4 2 3 4 4 4 3 1 5 1 2 0 2 1 3 0 1
   2 1 0 5 2 0 0 2 4 5 2]
  [0 2 2 3 4 0 0 3 1 1 5 3 3 0 5 2 2 5 3 2 1 1 5 2 3 2 1 2 1 4 1 4 2 3 3
   0 2 0 5 0 3 0 3 5 3 4 4 1 2 0 4 5 0 4 3 1 1 4 5 4 5 5 1 2 1 0 2 0 1 5
   1 5 3 4 5 3 1 1 2 1 2]
  [0 0 4 2 5 2 1 4 2 2 1 1 5 0 5 4 2 3 2 4 0 1 1 0 2 5 1 1 1 5 5 4 0 1 1
   0 4 3 2 2 2 5 0 0 4 4 2 2 3 5 0 1 0 2 0 1 4 1 3 0 3 0 3 5 5 0 3 0 0 4
   1 0 2 3 3 5 0 1 2 5 1]
  [0 4 4 0 2 2 4 0 5 1 1 5 1 5 2 1 0 4 1 4 3 5 4 4 0 4 5 1 4 4 5 1 0 4 1
   4 2 4 1 2 1 2 5 0 0 3 4 3 3 5 5 1 2 3 4 4 3 5 0 2 4 3 0 3 4 3 1 3 5 1
   2 2 5 5 0 0 1 0 1 1 3]
  [0 2 0 2 1 1 0 5 5 3 0 5 3 0 1 0 0 4 1 5 3 1 5 3 4 4 4 3 2 3 4 3 2 5 1
   4 2 3 0 2 3 2 4 4 0 4 0 5 1 5 2 2 4 2 0 4 2 2 5 3 3 1 4 5 2 2 5 5 5 0
   1 0 1 5 4 4 3 5 3 2 4]
  [0 5 4 5 3 3 3 1 2 1 0 0 4 1 0 5 2 5 1 1 5 2 3 3 0 5 5 2 2 2 2 0 2 5 4
   1 5 3 2 0 4 0 1 0 5 0 5 3 3 2 2 1 3 1 3 3 0 4 3 1 4 5 1 2 0 1 2 0 2 0
   4 5 5 3 5 0 4 3 3 1 2]
  [0 1 4 2 2 1 0 1 4 2 5 3 5 3 3 1 3 1 0 2 0 1 5 5 3 3 4 3 0 5 2 1 0 2 5
   1 2 3 5 0 0 4 4 1 3 3 0 0 3 5 5 2 4 0 5 3 4 0 5 1 5 1 5 4 1 3 1 1 4 3
   2 4 4 3 1 3 0 0 5 2 0]
  [0 0 2 3 0 2 2 5 4 2 5 2 3 5 1 0 5 5 0 1 3 2 1 5 1 2 4 1 2 5 5 1 2 4 4
   3 2 0 5 1 2 1 0 0 5 5 2 0 3 5 4 2 3 3 4 4 3 5 0 5 0 4 5 3 1 4 2 3 1 4
   5 3 1 2 2 1 2 1 5 1 5]
  [0 2 0 5 4 4 4 3 4 2 2 3 0 0 5 5 1 4 4 0 1 0 1 3 0 1 5 1 2 2 2 4 1 0 3
   3 5 0 0 1 4 3 5 1 1 1 0 5 0 3 2 4 3 0 5 3 3 1 0 5 1 4 5 3 2 2 2 0 2 5
   5 1 5 5 3 3 4 0 2 2 0]
  [0 0 3 1 1 2 0 5 1 3 0 2 4 0 4 3 4 1 5 1 1 1 3 2 1 4 0 4 2 2 3 1 4 4 4
   2 2 1 4 0 4 1 4 3 3 0 4 0 0 0 1 2 2 1 2 4 3 5 4 3 2 0 0 5 4 0 3 3 2 5
   0 2 1 4 1 5 2 5 3 0 5]
  [0 3 0 0 4 1 0 4 2 4 0 5 3 0 5 4 1 4 4 5 5 2 2 0 1 2 0 0 3 4 3 4 3 3 0
   5 5 2 3 3 2 0 3 3 4 4 5 3 0 5 0 0 3 0 4 0 2 4 0 1 4 5 5 2 4 4 2 3 5 3
   2 5 2 5 2 5 2 4 5 5 0]
  [0 5 3 2 1 3 5 3 3 2 4 4 4 3 5 1 2 5 3 4 5 1 4 2 0 2 3 2 0 4 4 2 5 2 5
   0 0 5 0 1 3 0 3 1 4 1 3 2 3 2 0 0 5 1 0 0 4 4 5 0 2 3 5 0 0 2 4 4 4 3
   2 0 5 3 2 3 1 4 4 3 1]
  [0 1 3 3 1 1 3 3 2 0 4 5 1 2 4 0 0 4 1 4 5 5 2 1 2 5 0 2 3 1 0 2 3 4 1
   1 2 1 3 3 1 4 0 2 3 3 4 0 0 2 4 0 0 3 5 1 1 3 3 4 1 4 5 4 1 0 3 3 2 4
   1 2 2 2 3 0 3 5 5 4 3]
  [0 3 5 3 3 1 0 0 1 0 1 0 0 3 2 0 5 4 4 5 4 2 1 2 5 3 5 2 2 4 1 3 5 3 3
   4 1 3 2 4 4 0 1 0 2 3 0 3 0 4 5 3 5 0 3 3 3 2 4 1 1 5 2 2 1 1 2 1 4 2
   4 4 1 2 0 4 3 1 5 0 0]
  [0 3 3 0 1 2 0 0 0 5 3 5 0 0 2 3 0 1 3 2 2 2 5 4 0 0 2 4 5 2 2 1 3 3 1
   1 4 2 4 2 4 2 5 5 1 3 2 1 5 5 4 2 1 2 0 0 5 2 2 4 4 3 3 0 4 1 2 4 3 4
   3 0 1 4 0 5 3 2 0 5 2]
  [0 5 3 5 1 3 3 5 1 0 4 5 1 2 3 2 5 3 1 4 2 0 5 5 1 0 2 2 4 2 3 1 4 4 5
   2 1 2 4 0 2 5 5 3 2 3 2 0 1 4 1 4 4 5 4 0 3 2 1 1 2 3 4 4 2 0 0 5 0 0
   3 1 4 1 0 4 5 3 5 0 1]
  [0 2 1 0 4 0 3 1 4 3 3 3 4 2 3 0 4 3 3 2 4 5 3 2 4 4 4 5 3 0 2 2 1 4 1
   5 3 0 2 4 5 2 5 0 2 1 3 4 2 5 5 4 4 2 4 2 0 0 5 1 5 3 1 5 4 3 2 1 3 1
   1 4 3 0 2 2 2 4 3 3 5]
  [0 3 3 5 4 4 4 0 2 0 2 4 3 4 4 2 5 2 3 5 4 3 2 4 2 3 4 3 3 3 3 4 0 0 0
   1 0 3 4 5 3 3 1 4 5 0 0 3 5 4 1 1 0 2 5 4 0 0 2 2 3 1 1 4 0 2 0 4 1 1
   4 4 1 3 5 0 2 2 3 0 2]
  [0 4 2 4 0 4 3 4 0 1 3 3 4 3 4 0 0 0 4 0 3 2 0 5 5 3 5 3 3 1 0 1 4 3 2
   5 2 3 1 4 0 1 1 0 4 1 3 4 5 1 2 5 4 3 4 0 4 5 0 3 0 5 2 5 3 1 4 4 1 4
   5 1 0 4 3 0 4 5 0 1 0]
  [0 2 1 2 5 5 4 3 5 3 1 1 4 0 1 2 5 0 3 1 2 1 4 1 1 0 4 5 4 3 4 4 1 5 5
   1 5 2 3 0 1 5 2 3 4 5 4 5 0 5 1 1 0 4 3 4 3 1 4 0 4 4 0 3 2 1 5 4 0 0
   4 4 2 0 5 1 3 3 0 0 3]
  [0 5 3 4 0 4 2 1 5 4 4 4 0 0 0 5 3 5 4 5 3 1 4 2 4 4 0 5 1 2 4 2 2 5 1
   5 4 5 5 0 0 3 0 3 3 5 3 0 5 0 5 1 4 3 4 4 5 5 2 2 0 0 1 4 0 5 3 5 4 4
   5 3 2 3 1 2 4 5 2 5 5]
  [0 3 4 0 3 0 1 2 3 3 4 1 4 4 2 5 0 4 1 4 5 1 2 4 3 1 2 5 4 0 2 2 2 3 0
   0 5 2 1 0 2 0 4 1 5 0 0 4 5 4 4 5 2 0 4 3 5 3 5 0 5 0 3 1 3 0 5 5 4 2
   3 2 3 5 4 5 4 0 5 2 4]
  [0 0 1 0 2 4 4 0 2 4 3 1 4 0 2 4 2 2 0 0 1 5 5 0 4 1 0 0 3 0 3 0 3 3 3
   1 2 1 0 0 3 4 5 2 4 1 0 3 1 4 3 2 0 0 0 5 2 3 5 2 2 5 0 1 3 1 2 3 4 1
   3 1 5 1 0 3 1 4 2 0 2]
  [0 4 1 2 3 1 3 5 3 1 3 4 3 0 0 0 1 1 3 2 3 0 5 0 1 3 1 0 4 5 1 4 4 1 3
   0 5 0 5 4 1 0 5 4 2 3 5 0 2 2 4 1 2 5 5 4 4 1 0 1 3 3 1 0 2 4 1 1 2 4
   2 3 5 0 4 5 3 5 5 2 4]
  [0 3 2 0 1 3 1 2 1 5 5 1 4 5 3 5 4 1 5 1 2 2 3 4 5 2 5 2 4 2 4 1 2 2 0
   2 3 0 4 4 5 2 5 0 1 3 4 2 3 5 3 2 1 4 0 1 5 5 2 3 5 1 2 0 0 4 5 2 3 5
   0 3 2 2 3 2 4 1 5 5 2]
  [0 0 4 2 1 2 0 0 0 1 4 4 1 0 1 2 4 4 2 0 4 2 1 3 3 0 5 0 3 5 5 2 1 1 0
   0 2 2 3 4 4 5 0 2 5 3 4 5 4 2 4 2 2 1 5 1 4 0 1 1 5 5 2 2 4 0 5 3 1 2
   1 0 3 3 2 5 5 5 1 5 2]
  [0 4 1 3 5 0 3 5 4 2 2 3 4 4 1 5 2 0 4 4 1 4 0 5 3 0 0 3 1 3 3 3 4 3 2
   1 4 3 5 1 4 0 1 3 2 3 3 5 4 2 1 1 0 3 1 3 0 4 4 2 1 3 3 2 3 3 0 3 1 3
   5 2 4 0 1 5 2 2 5 0 5]
  [0 2 5 5 5 2 2 2 1 5 5 3 4 5 1 4 1 2 3 3 2 2 5 5 3 0 0 0 5 4 2 1 5 2 0
   3 4 2 4 4 0 2 5 5 4 4 3 4 0 3 4 2 1 5 4 2 5 5 3 2 0 2 2 5 1 0 2 0 4 3
   3 5 4 3 4 3 5 5 1 3 2]
  [0 4 1 3 2 4 4 3 0 2 1 0 4 4 1 5 1 4 2 4 1 2 3 2 5 3 2 0 4 0 4 5 3 4 5
   1 3 0 2 1 3 0 5 2 4 0 1 2 2 0 1 3 4 1 4 0 5 2 5 2 4 1 1 3 0 0 4 0 0 3
   5 0 1 2 3 3 2 5 4 0 3]
  [0 5 4 3 4 4 2 1 4 2 5 5 2 5 4 3 1 1 4 1 3 5 4 5 4 5 1 0 4 4 1 0 2 5 2
   1 3 3 5 3 2 0 1 0 0 0 0 2 0 0 0 4 0 1 4 5 0 5 3 5 3 4 2 2 3 2 3 4 1 0
   5 0 4 0 3 5 4 5 3 3 3]
  [0 2 5 1 1 0 2 2 5 1 3 5 4 4 1 3 2 5 3 5 0 0 0 3 3 3 0 4 2 2 1 2 1 1 4
   3 3 4 1 3 2 4 4 4 2 3 1 2 4 0 0 0 2 4 3 1 2 2 1 5 2 2 4 3 1 4 3 1 5 3
   0 4 1 4 0 2 1 4 3 3 3]
  [0 0 2 5 5 1 5 2 4 4 3 4 4 1 2 2 5 3 3 5 0 2 3 1 1 0 4 3 4 3 2 1 0 4 2
   0 1 1 3 2 5 3 1 5 4 0 4 0 5 1 2 5 3 1 2 0 3 1 5 2 3 4 2 1 3 1 1 1 3 1
   2 0 2 5 3 0 0 1 5 4 5]
  [0 4 2 5 3 5 0 5 0 0 3 3 1 3 3 3 2 1 3 1 5 1 1 5 4 1 2 5 2 1 3 4 3 5 4
   4 0 2 1 5 0 2 0 4 1 1 4 2 1 0 3 3 4 1 0 1 3 0 5 2 5 2 1 1 2 3 2 4 4 1
   3 5 0 5 2 4 0 1 2 5 1]
  [0 2 1 0 5 1 5 2 2 0 2 5 2 4 5 2 2 4 4 2 5 4 1 0 1 0 0 1 3 0 0 0 1 0 3
   1 4 5 3 0 5 4 2 4 1 5 2 1 1 4 1 2 5 5 5 0 5 4 4 4 0 0 1 4 5 0 5 2 0 5
   3 0 0 0 5 5 2 2 0 4 2]
  [0 3 2 2 4 1 3 5 1 0 1 2 3 0 2 5 2 5 0 4 1 0 5 1 2 4 5 5 0 2 3 5 2 5 2
   2 2 2 0 2 1 4 1 1 4 3 2 5 0 4 4 0 4 1 2 4 1 5 4 4 2 4 5 3 3 0 5 1 4 0
   0 0 5 4 0 5 4 5 3 4 4]
  [0 0 3 0 2 1 1 4 5 1 0 2 1 0 1 1 3 0 5 5 5 2 5 5 2 3 0 0 0 4 1 2 1 1 4
   2 1 1 5 2 5 2 4 3 4 5 2 4 1 4 4 1 1 0 4 5 1 5 0 3 3 3 0 4 2 2 1 2 5 4
   1 3 5 1 1 0 1 2 0 5 3]
  [0 0 5 3 2 2 4 3 3 3 0 1 2 2 0 2 5 0 2 4 1 3 5 1 3 4 2 0 0 5 5 4 1 2 2
   3 2 5 2 0 1 2 0 3 0 2 2 0 2 0 1 2 3 0 3 4 1 0 0 5 5 4 5 2 1 2 2 0 5 3
   4 4 4 4 1 3 0 4 4 5 3]
  [0 2 0 3 5 0 4 2 1 5 1 1 5 3 5 4 5 3 0 1 1 2 4 5 3 4 2 0 4 5 4 0 1 1 1
   1 0 1 4 3 3 0 0 2 1 1 5 3 5 3 4 1 3 3 4 3 0 0 3 1 4 5 2 2 1 5 3 3 3 1
   0 0 1 1 4 2 1 0 1 2 3]
  [0 2 0 1 3 1 3 0 4 5 1 2 2 2 2 0 3 2 5 3 3 1 2 4 3 3 1 2 3 2 1 2 0 2 3
   5 5 0 0 3 1 4 3 0 4 4 5 5 3 5 3 0 5 2 0 5 4 3 4 2 1 1 1 0 5 3 4 5 1 4
   3 0 3 4 5 5 0 2 0 3 4]
  [0 0 5 2 1 3 2 2 2 4 1 2 4 4 4 3 5 1 4 5 4 3 2 4 2 1 5 2 5 3 2 5 0 3 4
   1 2 2 2 0 3 0 1 2 4 3 2 3 2 0 0 0 2 3 1 3 4 2 4 5 4 2 5 3 0 5 2 4 3 5
   3 1 1 1 2 5 5 4 3 0 3]
  [0 0 3 4 1 2 3 5 5 4 0 3 0 2 0 0 5 5 0 3 4 5 0 5 5 5 2 2 3 4 1 2 5 2 2
   3 4 2 2 4 5 5 5 4 2 5 5 3 2 3 2 2 2 3 5 2 0 3 4 5 4 0 0 3 4 0 3 4 2 1
   0 4 0 4 3 1 1 3 4 3 0]]

 [[0 0 5 2 0 1 3 0 4 2 5 0 5 3 2 4 0 1 1 4 3 1 0 0 1 4 4 4 4 2 1 4 0 5 0
   3 3 1 5 5 2 3 3 4 1 3 3 3 3 1 1 1 2 1 1 0 3 3 0 5 0 1 1 4 4 1 4 5 5 0
   2 0 0 5 0 2 4 4 2 4 4]
  [0 0 4 5 4 4 0 5 2 0 3 1 5 0 1 3 3 0 1 3 2 3 0 5 1 2 3 3 1 5 1 0 3 2 3
   1 1 1 0 1 2 1 3 3 0 3 0 0 3 1 5 4 0 5 2 3 2 2 3 2 1 3 2 2 0 0 4 1 5 1
   4 1 5 2 5 3 3 0 0 4 0]
  [0 1 0 3 3 4 4 3 0 2 5 5 4 4 4 1 2 5 0 3 4 2 2 1 2 3 2 5 0 3 5 5 3 3 5
   1 1 0 1 1 1 5 1 3 4 5 5 2 1 2 1 3 3 2 2 5 1 4 5 5 5 2 4 1 5 1 4 3 2 0
   3 5 0 4 4 2 2 3 3 0 3]
  [0 1 5 0 1 3 4 5 4 1 5 1 0 2 5 4 4 3 4 2 5 3 1 3 1 0 2 4 0 2 3 0 5 4 0
   2 1 3 4 4 4 3 5 4 5 5 5 0 1 4 0 0 4 4 2 5 0 5 3 4 3 2 5 0 4 4 2 2 0 4
   2 1 0 0 3 3 0 5 0 4 5]
  [0 3 1 5 0 1 3 2 1 4 2 2 4 1 3 0 4 1 1 5 3 2 4 5 2 2 1 3 0 4 4 1 1 1 2
   4 1 5 3 0 5 1 3 4 3 0 2 5 5 1 2 2 0 4 5 4 0 5 4 1 2 3 2 4 4 4 2 2 5 1
   1 4 0 4 2 2 0 1 0 4 3]
  [0 0 3 3 1 0 1 2 3 0 0 2 3 3 0 5 5 4 4 5 4 2 2 0 2 0 3 4 0 0 0 4 4 3 2
   5 4 4 2 0 2 2 3 0 4 0 3 1 2 2 3 1 0 1 0 5 0 5 4 1 1 3 0 0 2 2 4 0 1 5
   0 2 2 0 0 2 5 5 2 5 3]
  [0 4 5 3 1 5 0 3 1 4 2 1 0 5 4 4 1 2 1 4 2 1 1 2 5 1 5 3 3 0 2 4 3 2 3
   0 2 5 3 3 4 4 4 0 3 4 5 0 5 0 2 0 3 1 1 0 1 0 5 4 3 2 4 1 4 5 5 2 3 1
   4 1 4 4 1 0 4 4 5 4 4]
  [0 0 1 2 4 1 1 0 4 5 1 0 5 5 0 4 3 2 0 2 0 5 4 3 5 1 4 0 0 2 4 0 5 0 2
   4 1 3 3 5 1 3 3 2 3 2 0 2 1 2 1 1 0 3 4 3 2 0 0 4 5 1 1 0 3 0 3 4 2 4
   3 3 0 1 2 3 2 4 2 1 4]
  [0 5 5 0 1 1 2 0 0 2 5 0 5 3 3 3 0 3 5 5 1 5 4 3 3 5 2 2 3 2 0 1 5 3 0
   1 3 5 3 4 0 2 5 2 1 0 2 5 2 2 1 0 1 2 4 5 5 3 2 2 1 5 3 2 2 5 4 0 2 3
   0 5 1 2 4 4 2 0 4 5 3]
  [0 3 4 4 1 4 0 4 1 0 3 1 2 5 3 1 0 5 5 3 3 5 1 4 2 5 0 3 1 4 4 2 1 2 1
   0 0 5 0 4 4 5 1 1 3 2 3 0 0 3 3 2 5 3 2 3 2 1 4 4 0 1 1 1 3 4 0 2 5 3
   0 2 4 3 3 4 1 4 5 5 5]
  [0 5 3 0 1 3 4 3 1 5 0 1 3 0 4 3 1 4 0 4 5 4 5 1 5 3 4 4 2 3 1 4 1 0 4
   0 4 1 0 1 4 1 1 1 2 0 3 0 2 2 1 2 2 2 2 0 2 4 1 3 1 0 1 5 1 5 3 3 3 1
   5 3 3 3 0 3 2 2 5 4 3]
  [0 2 2 3 5 3 2 4 0 4 4 0 1 5 2 1 3 3 0 5 3 4 2 3 0 0 0 1 2 5 1 2 0 4 0
   1 4 3 0 2 3 5 1 5 0 3 5 1 5 0 2 0 4 1 3 2 0 4 1 2 5 2 1 0 4 0 4 2 5 5
   0 4 1 2 4 4 1 5 5 4 2]
  [0 1 5 3 0 5 4 1 2 5 1 1 0 5 3 1 3 1 1 0 2 4 0 0 3 4 1 0 4 2 3 2 4 1 1
   4 3 5 3 5 5 4 4 4 0 0 5 0 2 5 4 2 5 0 1 0 5 5 5 4 1 3 0 5 3 3 3 2 0 4
   3 0 5 1 1 2 1 1 2 2 3]
  [0 2 3 4 0 4 5 3 0 4 1 3 0 0 0 0 5 1 1 3 0 1 1 3 2 1 5 1 2 5 4 0 2 2 5
   3 5 4 5 0 5 3 4 1 4 1 4 1 0 0 4 2 2 3 1 3 2 2 0 0 1 5 3 1 0 1 2 3 3 3
   0 1 5 4 1 3 3 1 2 4 0]
  [0 4 4 3 1 0 5 0 5 2 4 4 2 2 0 1 0 2 4 1 2 2 0 0 4 2 2 4 1 3 4 0 3 1 0
   4 1 1 1 3 2 0 5 1 0 3 1 4 1 0 3 3 2 2 2 5 1 0 5 3 4 3 5 5 3 4 4 4 4 1
   1 2 4 4 2 2 3 0 3 2 2]
  [0 2 1 3 2 2 4 4 1 4 2 5 4 2 4 0 4 0 4 4 5 5 3 4 0 5 1 1 5 3 5 2 2 5 1
   5 2 2 0 0 0 5 3 0 2 0 5 1 4 2 4 4 5 2 1 3 3 1 1 4 4 4 1 3 4 0 4 1 5 5
   4 0 3 1 2 2 5 1 3 2 3]
  [0 0 0 3 2 0 3 1 2 4 4 2 3 1 1 3 0 4 1 5 1 5 4 1 5 1 0 4 4 5 3 4 1 2 1
   5 5 5 0 4 0 0 1 1 0 0 3 1 4 4 4 2 0 2 4 3 1 2 0 2 1 3 1 2 0 2 3 5 4 4
   1 4 1 1 4 5 4 0 0 4 4]
  [0 0 2 0 3 0 1 4 5 2 3 1 4 4 0 4 0 0 0 4 2 3 3 3 3 4 3 0 4 4 1 0 1 3 2
   0 1 4 3 4 1 4 1 2 3 4 5 5 1 4 4 3 1 1 2 4 5 1 1 5 4 0 3 1 5 0 3 4 3 2
   1 3 4 0 4 3 3 3 4 3 4]
  [0 4 2 0 1 4 4 5 1 1 2 3 0 3 3 5 0 2 0 4 0 5 5 0 1 2 5 4 4 3 5 5 1 0 2
   5 0 0 0 3 3 0 5 4 2 2 2 2 0 0 5 3 3 1 2 3 5 1 2 3 5 4 4 4 4 1 1 2 0 0
   5 0 3 4 0 5 1 4 2 1 1]
  [0 3 0 3 3 2 0 4 2 1 1 2 1 3 4 4 0 3 1 0 3 1 5 1 0 3 2 2 2 3 4 3 0 5 2
   1 2 1 0 5 4 0 3 4 1 2 5 1 5 0 2 5 1 3 5 1 0 5 2 3 3 3 1 5 0 4 5 2 1 0
   4 1 2 3 1 5 1 1 2 5 2]
  [0 4 2 1 0 1 3 1 5 5 2 3 1 5 5 2 5 2 0 4 0 3 5 1 3 0 2 0 3 4 4 1 5 2 0
   2 1 5 4 0 4 4 2 5 3 1 5 2 1 1 1 3 2 2 4 3 3 3 2 5 2 3 5 0 0 4 5 5 4 5
   1 0 3 1 5 5 5 5 2 0 1]
  [0 1 1 1 2 3 1 5 2 3 5 3 2 2 4 3 0 1 4 4 2 0 1 2 0 2 0 1 2 0 4 2 5 3 4
   1 0 0 2 2 0 5 0 1 0 1 2 0 5 5 2 2 2 1 4 1 3 0 0 5 4 1 4 4 4 4 1 0 3 3
   0 3 2 2 3 2 3 5 3 2 2]
  [0 2 3 4 1 1 2 4 2 1 2 4 1 4 0 4 0 4 2 0 4 5 0 0 4 1 1 1 4 4 0 2 2 1 3
   4 0 3 3 0 5 5 1 0 4 5 2 3 1 3 4 0 3 5 0 0 5 4 4 0 1 5 2 1 3 1 4 0 2 2
   2 0 4 5 1 0 3 4 4 0 5]
  [0 1 4 1 3 4 5 2 3 5 2 3 5 4 2 1 4 4 3 0 2 1 4 0 0 3 2 1 0 3 5 0 5 1 2
   1 4 5 5 3 5 2 0 3 1 2 1 4 4 4 4 0 4 5 4 1 4 0 5 2 3 2 4 5 1 1 0 2 2 5
   3 1 4 3 3 1 5 4 1 0 3]
  [0 0 2 0 1 5 2 4 5 0 2 3 2 4 5 5 3 5 0 3 3 3 3 5 0 1 4 3 1 2 1 4 0 1 2
   5 0 0 5 5 1 0 4 2 0 4 2 5 3 5 2 2 5 4 2 1 4 5 5 0 2 0 2 2 5 2 0 4 3 4
   5 0 3 1 3 0 4 5 2 2 3]
  [0 5 2 4 1 1 4 2 2 3 0 3 1 1 1 3 0 5 5 0 0 1 1 2 4 0 4 0 2 2 5 1 4 4 5
   4 5 5 0 3 5 2 5 2 2 4 2 1 5 1 0 2 1 5 4 0 2 5 0 4 1 4 3 4 2 5 4 4 5 2
   3 0 4 1 2 0 4 0 4 4 5]
  [0 4 2 4 3 3 3 0 5 4 4 4 0 0 3 2 1 4 2 4 4 4 0 2 2 4 0 4 2 4 1 1 5 4 0
   2 3 0 5 2 2 1 0 3 5 5 5 5 3 2 4 2 5 2 1 2 3 5 3 1 5 2 5 4 4 0 2 0 4 5
   2 1 1 4 1 5 5 2 0 0 5]
  [0 0 1 1 0 0 3 1 3 0 5 4 0 0 2 1 3 2 5 0 2 4 0 2 3 1 4 0 3 3 3 3 0 1 0
   5 2 3 2 2 3 3 4 3 0 5 0 5 0 5 5 1 4 0 0 3 1 1 5 3 4 0 4 0 2 4 3 3 5 0
   2 4 4 5 0 0 1 1 1 3 4]
  [0 5 4 0 5 1 5 1 1 4 2 0 0 3 0 3 2 3 3 1 1 0 3 3 2 1 5 4 0 5 0 2 2 5 5
   0 0 2 1 5 3 2 0 4 5 5 0 5 2 5 2 2 0 3 4 1 4 3 0 4 5 2 2 4 4 3 4 4 0 4
   5 4 2 1 3 0 4 3 4 5 4]
  [0 4 0 3 0 3 5 1 2 5 5 1 5 2 4 5 0 4 5 4 0 3 0 3 4 5 0 3 2 0 2 5 3 3 3
   4 1 3 4 0 3 0 3 0 3 4 1 1 2 2 2 5 3 2 2 4 4 5 5 1 5 1 4 4 0 2 2 0 4 0
   4 2 5 1 5 2 4 5 3 5 4]
  [0 4 0 2 2 0 0 5 5 1 2 3 0 2 5 0 5 2 4 0 0 2 1 4 2 2 0 3 4 5 0 5 3 3 0
   4 5 0 5 0 1 5 1 2 0 4 4 3 4 2 1 4 0 2 0 2 3 3 0 3 2 1 2 3 5 2 3 0 0 4
   1 3 5 1 1 0 3 2 2 3 0]
  [0 1 5 4 0 1 0 2 2 2 0 0 1 0 0 0 4 3 4 3 0 5 1 1 3 5 3 3 5 2 0 0 4 1 1
   1 1 4 2 0 1 5 3 3 4 5 5 4 5 3 2 4 0 1 1 1 1 2 4 3 4 1 4 0 2 3 4 2 3 1
   4 1 0 3 5 0 2 4 0 1 0]
  [0 4 4 5 2 1 5 5 2 4 2 0 3 5 4 0 1 4 1 0 0 0 5 2 3 4 1 5 0 5 1 0 0 0 0
   0 2 2 5 4 5 5 4 2 5 5 1 4 2 5 5 2 5 4 5 0 0 5 5 4 0 4 4 1 5 0 1 4 0 1
   5 1 5 3 0 5 1 5 4 1 2]
  [0 4 2 3 0 0 2 0 5 1 4 0 1 1 1 1 0 2 2 3 0 4 2 1 3 4 0 4 2 3 1 1 4 0 3
   0 5 5 0 3 5 3 3 5 3 5 0 2 2 4 4 2 1 1 2 5 4 0 1 2 1 3 3 3 3 0 0 1 3 0
   5 4 3 2 3 5 2 3 5 2 4]
  [0 4 0 0 3 4 1 5 1 4 3 2 2 2 0 2 5 1 4 5 2 1 0 4 3 5 5 5 3 5 2 4 5 3 0
   4 3 3 4 4 5 1 5 3 0 3 1 1 2 1 0 4 4 4 1 1 5 5 3 1 0 4 1 4 1 2 1 1 1 5
   5 1 4 0 5 0 4 1 4 4 2]
  [0 2 1 2 1 1 1 3 0 3 4 0 0 4 2 0 5 3 3 1 0 0 2 1 5 2 2 1 2 3 5 0 5 5 4
   0 1 3 0 0 2 2 4 2 5 3 3 2 3 5 4 1 2 1 2 3 2 3 1 0 3 0 4 1 1 2 5 0 1 2
   1 5 2 0 1 2 2 5 5 2 2]
  [0 3 3 5 2 3 4 0 1 5 1 3 1 3 1 4 0 0 4 5 0 2 4 5 0 3 3 4 0 1 4 3 0 2 4
   0 0 5 1 3 3 2 1 4 4 5 3 2 2 4 5 0 3 1 1 4 2 2 1 3 2 0 3 0 4 2 0 0 2 4
   4 5 5 1 2 3 3 2 3 1 1]
  [0 2 2 1 0 3 0 0 0 0 3 2 5 5 3 4 2 1 1 0 5 4 5 4 3 3 0 0 2 5 3 1 3 3 2
   5 3 0 5 2 2 4 0 5 4 2 2 1 2 3 3 2 3 5 2 5 4 3 1 2 1 5 3 1 0 5 5 3 1 5
   0 3 0 4 5 1 0 5 5 2 4]
  [0 4 0 3 5 3 5 1 5 1 5 3 2 3 5 2 3 3 4 4 1 5 0 1 4 2 3 2 1 2 2 3 0 0 1
   5 0 0 0 1 0 1 5 2 2 0 2 0 4 5 0 3 4 3 5 0 0 0 1 2 3 2 4 1 3 1 2 4 3 3
   0 0 4 5 4 4 1 0 3 2 3]
  [0 1 2 1 2 2 2 0 5 4 3 0 1 2 0 1 3 5 0 4 0 2 1 1 5 4 5 0 0 0 4 1 4 2 2
   0 1 1 0 0 2 1 2 5 4 5 5 4 2 0 4 1 1 0 2 3 3 3 5 3 0 3 5 4 2 4 3 3 1 3
   0 0 4 5 1 5 3 5 2 2 2]
  [0 1 5 1 1 3 5 3 2 2 4 5 1 3 1 5 1 3 2 0 0 4 5 4 4 1 3 3 3 5 5 4 1 3 4
   2 1 5 0 2 0 4 3 5 1 1 3 3 0 3 3 3 1 3 2 1 4 0 2 2 5 1 2 1 0 0 1 4 5 3
   0 1 5 2 5 3 4 3 0 2 1]
  [0 2 0 4 1 0 0 5 5 0 5 5 3 1 3 2 4 4 4 2 3 0 4 5 5 5 5 4 1 3 2 4 5 0 4
   4 1 0 1 0 0 0 1 1 1 5 3 2 4 3 0 3 5 1 0 5 1 2 4 5 3 4 1 0 5 1 0 1 1 5
   2 4 3 2 2 3 5 5 5 2 1]
  [0 0 3 1 5 4 1 4 4 2 2 5 4 3 0 5 1 3 0 2 4 2 5 4 5 5 2 1 1 1 5 1 2 4 3
   2 3 3 4 1 5 1 0 4 2 5 4 3 2 0 1 4 1 1 3 0 0 1 3 0 3 1 0 1 2 2 5 3 3 1
   1 3 1 4 0 1 2 4 4 5 5]
  [0 3 2 1 5 3 2 2 4 5 2 4 0 2 4 2 1 0 3 2 2 4 3 3 2 3 4 3 5 3 2 1 5 1 4
   3 0 3 2 4 5 1 4 0 3 0 1 0 3 4 3 0 0 4 1 2 3 2 3 2 3 4 0 3 2 0 2 1 1 0
   5 3 1 0 4 5 5 3 2 4 1]
  [0 4 0 3 5 1 4 0 1 2 3 5 2 4 5 5 1 4 1 5 1 1 1 2 2 4 3 5 1 3 1 1 4 5 0
   1 5 4 3 1 3 5 1 1 0 2 5 5 0 5 2 2 2 3 2 0 1 1 5 5 2 2 0 3 2 5 4 2 5 4
   0 0 3 3 4 5 2 1 3 5 5]
  [0 0 1 4 1 4 2 4 0 4 2 2 1 5 1 5 1 1 5 1 2 0 2 0 1 2 0 1 3 3 0 0 1 1 2
   3 2 2 2 0 0 3 1 5 1 0 2 4 3 4 0 0 4 3 2 1 1 3 5 3 0 4 1 5 2 5 1 4 4 0
   0 3 3 5 4 1 5 4 5 2 0]
  [0 0 5 1 3 3 4 0 1 5 1 4 4 0 2 3 5 2 2 5 2 4 4 3 1 1 2 2 2 3 0 5 5 5 0
   0 1 3 1 2 2 5 3 0 2 3 0 5 1 4 2 2 0 5 2 0 2 3 3 1 5 4 3 4 3 4 2 0 4 3
   2 3 5 5 1 1 4 5 2 5 0]
  [0 4 2 5 3 5 1 1 3 3 2 1 5 2 3 2 4 0 1 2 0 2 0 2 0 5 4 3 3 2 2 3 4 3 4
   4 2 5 4 5 0 5 3 0 0 4 3 0 0 3 3 1 4 2 2 1 1 0 3 5 5 0 1 4 0 5 2 2 3 0
   0 5 5 5 5 4 3 3 2 3 4]
  [0 0 2 3 3 4 2 2 0 2 5 2 5 1 5 0 1 4 3 3 0 2 2 0 3 5 3 1 3 4 2 4 3 1 3
   5 4 5 0 3 1 3 3 5 3 4 0 0 0 0 3 3 3 4 3 3 2 5 2 3 0 5 4 4 1 3 0 2 3 1
   0 5 1 5 3 2 2 1 2 3 0]
  [0 1 3 0 0 0 5 4 4 1 4 4 0 0 5 5 1 3 1 3 5 4 0 5 4 2 2 2 3 5 3 5 5 5 4
   3 5 2 1 4 2 0 2 4 4 1 3 0 5 0 5 2 3 2 5 1 2 5 2 2 5 5 5 3 1 3 5 0 3 4
   4 4 2 3 2 0 2 0 4 0 1]
  [0 1 1 2 0 5 2 0 1 2 0 4 3 5 5 4 0 0 1 1 1 1 5 4 3 3 1 0 2 2 3 1 3 4 3
   1 3 0 2 2 4 2 4 0 4 0 2 1 5 1 0 1 3 4 1 5 4 3 3 4 3 4 0 1 3 1 5 5 5 2
   3 5 2 5 4 3 2 2 3 0 1]
  [0 3 3 2 3 1 1 1 1 5 3 3 3 0 5 1 1 1 0 1 0 1 0 1 4 2 5 3 2 5 3 2 4 3 3
   2 5 5 3 4 3 2 5 5 2 1 1 5 0 0 5 0 3 1 3 5 5 5 4 0 3 1 2 3 5 3 2 4 0 3
   1 0 5 5 0 5 5 2 1 1 5]
  [0 2 4 4 0 0 4 1 2 3 0 5 3 1 2 1 2 3 2 5 2 4 0 1 0 5 3 2 0 5 3 2 4 0 0
   3 5 1 3 0 3 5 4 3 3 5 4 0 1 2 2 2 0 5 0 1 3 5 4 2 2 1 0 0 4 5 2 4 0 2
   5 5 0 3 0 5 4 4 1 2 2]
  [0 1 4 0 2 5 1 0 1 2 0 4 3 2 2 4 2 3 1 0 1 0 2 5 3 4 3 0 1 3 0 5 0 2 4
   5 4 1 5 1 4 3 2 0 1 4 0 0 5 2 0 4 0 0 5 5 1 2 5 5 5 3 2 1 3 2 0 1 5 4
   5 1 2 4 4 0 2 4 4 1 1]
  [0 4 5 3 4 2 0 2 3 3 4 1 0 5 0 2 4 1 5 0 2 1 5 2 0 2 1 0 1 2 5 1 0 1 1
   3 4 4 2 1 2 0 1 5 3 2 2 4 2 1 5 4 5 4 0 0 2 5 5 4 1 0 0 2 3 2 5 5 5 3
   4 0 0 0 2 5 5 5 2 1 5]
  [0 1 1 0 0 5 0 5 5 2 4 0 3 1 4 4 1 1 3 0 2 0 0 0 4 5 3 3 1 2 3 1 1 3 3
   1 2 5 0 0 5 4 2 0 3 1 4 0 4 2 2 1 3 3 4 0 3 2 1 1 5 2 3 4 0 1 0 1 1 1
   0 4 2 0 1 0 2 5 5 5 1]
  [0 2 4 3 5 1 3 3 0 4 1 1 0 4 3 2 3 3 5 5 1 2 5 3 5 3 5 3 2 3 5 2 5 0 5
   5 1 0 2 0 0 0 3 0 1 1 2 3 2 2 2 1 1 2 0 0 0 4 4 4 5 1 3 2 5 3 1 1 4 4
   5 2 4 0 2 4 2 0 0 5 2]
  [0 1 2 2 0 3 4 0 5 3 1 5 1 1 2 1 0 0 5 4 3 2 2 5 3 3 2 2 2 4 0 4 1 5 5
   1 1 0 0 0 1 3 2 1 3 2 1 0 3 1 4 4 4 3 2 1 0 0 3 3 0 1 0 3 2 3 2 1 3 0
   2 5 4 0 4 5 2 4 5 0 4]
  [0 2 1 1 5 5 4 2 5 1 2 4 0 2 5 2 1 2 3 2 3 2 0 1 2 1 4 4 1 3 4 1 2 2 5
   2 5 5 2 2 4 1 5 3 4 1 2 4 1 0 5 1 0 4 5 1 3 1 0 1 3 4 2 4 1 0 0 5 5 1
   3 1 5 5 5 5 3 0 3 4 3]
  [0 1 1 2 2 0 2 3 4 2 0 4 5 0 0 4 2 3 5 4 3 5 3 0 0 5 1 0 4 3 1 0 5 5 1
   1 2 1 0 3 1 1 1 4 0 0 1 1 1 1 1 4 3 4 5 5 1 0 0 0 5 4 4 0 4 4 4 1 2 3
   1 2 4 0 2 5 3 5 2 5 3]
  [0 2 0 4 1 2 3 3 2 5 3 5 4 4 0 3 1 2 3 2 1 5 5 4 0 0 0 5 0 4 4 3 4 5 1
   2 5 0 0 0 3 1 0 2 1 1 1 1 5 3 0 2 2 0 5 2 0 0 3 1 0 1 3 1 2 4 4 4 4 0
   0 1 2 5 2 0 5 0 3 3 3]
  [0 1 0 4 0 0 1 0 4 5 0 3 0 2 5 3 2 0 4 3 1 0 0 5 1 1 4 5 4 0 4 1 3 4 5
   0 4 2 4 4 2 1 3 1 3 1 0 0 0 2 0 3 4 1 3 1 2 3 1 3 0 0 3 1 2 1 3 0 0 3
   2 1 1 0 4 0 0 4 1 2 5]
  [0 4 1 4 4 5 2 4 1 4 5 4 2 2 3 4 3 0 0 3 2 5 0 5 5 2 1 2 5 0 2 5 5 1 1
   4 3 2 1 5 2 3 1 4 0 2 1 4 2 0 5 3 5 3 3 1 2 0 2 0 2 3 0 1 3 4 0 4 3 1
   1 3 5 3 5 0 4 0 0 5 5]
  [0 5 3 3 0 3 1 2 3 2 0 3 2 4 2 5 2 0 1 2 4 4 3 4 2 0 2 5 4 0 4 1 0 4 1
   5 5 3 4 4 1 2 0 2 0 2 2 3 4 3 3 5 4 0 3 3 4 4 2 5 1 2 2 0 1 3 2 3 0 3
   5 0 3 5 0 3 0 4 3 1 1]
  [0 4 2 2 3 3 2 3 2 3 1 3 2 0 4 1 5 1 5 0 2 1 0 2 0 4 4 5 5 4 4 4 0 1 0
   5 0 0 3 1 5 3 3 2 2 2 1 3 2 3 2 5 4 0 0 4 0 3 4 3 1 1 1 4 0 3 0 2 2 1
   4 3 0 5 1 5 3 0 3 1 0]
  [0 1 4 1 5 4 0 0 4 2 0 2 3 3 3 3 5 4 1 0 0 1 1 2 5 1 5 4 5 0 4 2 5 3 3
   4 0 3 0 0 5 4 1 5 1 0 0 4 2 0 0 1 5 2 3 0 5 2 3 2 1 4 4 5 5 0 5 4 4 4
   3 2 3 5 3 1 3 0 4 1 3]
  [0 0 4 5 1 5 3 0 4 2 4 3 2 1 5 5 2 5 2 1 4 4 4 0 4 2 2 3 4 4 1 4 5 5 3
   5 1 0 1 4 5 4 1 3 3 3 1 3 3 0 0 3 4 2 1 3 3 3 4 0 2 2 5 2 2 1 0 3 3 3
   5 4 5 3 3 5 5 3 1 5 5]
  [0 4 1 2 1 5 4 4 2 0 3 2 5 2 1 3 5 0 1 0 1 2 0 4 1 0 4 1 5 4 4 5 3 2 5
   1 4 5 1 5 3 5 3 3 2 5 2 1 4 0 1 0 3 5 3 1 4 5 1 1 2 3 5 1 0 5 0 0 2 3
   2 4 0 3 3 0 0 0 1 2 2]
  [0 0 5 4 0 1 3 1 3 0 3 4 3 5 4 0 3 3 0 2 0 4 1 4 0 2 0 0 3 4 0 5 4 5 0
   2 4 0 2 5 2 0 5 3 4 2 5 1 1 1 0 2 3 2 2 0 0 5 1 2 1 0 2 5 2 4 0 0 0 5
   5 2 5 2 0 1 3 5 5 1 0]
  [0 0 2 5 3 2 3 2 0 5 1 5 1 3 1 1 1 4 5 4 3 3 0 1 4 1 5 5 2 3 3 4 5 3 5
   4 3 5 5 0 5 5 4 3 3 0 4 4 2 1 5 5 4 0 0 2 1 1 0 5 2 3 1 1 1 3 0 0 5 0
   4 5 1 4 3 0 4 0 3 5 3]
  [0 0 5 1 1 2 4 1 3 5 5 5 2 3 3 1 0 0 3 4 2 0 3 3 5 2 2 0 3 3 2 2 3 1 0
   4 2 4 5 1 3 4 0 1 5 0 0 1 3 3 3 5 2 2 4 1 4 4 4 1 3 1 3 0 0 2 4 2 5 1
   0 4 5 2 0 2 3 3 3 3 1]
  [0 1 4 2 5 0 2 0 5 3 2 0 1 5 1 4 4 5 3 4 2 5 1 0 2 5 3 4 4 3 5 1 3 2 4
   0 2 2 1 2 0 2 2 4 0 1 0 2 5 5 5 4 5 1 0 3 0 3 0 3 0 0 5 4 1 1 3 4 0 0
   3 0 4 5 0 1 5 2 3 4 3]
  [0 3 2 0 1 3 1 2 5 2 3 5 3 4 4 0 2 5 3 5 2 1 5 5 3 0 1 0 2 4 0 4 5 3 3
   4 5 2 2 5 1 3 3 3 3 4 0 1 2 3 2 1 4 1 1 3 5 1 2 5 1 3 1 5 1 5 0 1 3 4
   2 3 0 3 5 5 2 0 2 2 0]
  [0 1 2 1 1 3 2 0 5 2 5 1 5 4 5 1 0 1 1 4 2 5 1 3 4 0 3 0 5 0 0 5 0 5 5
   0 2 5 1 0 0 3 2 4 3 5 5 0 1 5 5 3 2 1 3 0 2 5 2 5 0 4 0 5 2 5 1 5 1 3
   2 2 4 0 5 3 3 1 0 5 2]
  [0 0 1 0 4 4 3 1 5 5 5 0 0 2 2 1 3 2 0 1 3 2 0 3 2 2 2 0 3 3 1 1 0 0 5
   0 4 5 1 5 4 0 5 5 0 1 2 1 0 1 3 2 5 1 4 3 0 0 5 3 1 5 5 1 4 2 5 4 4 3
   2 0 1 1 0 2 4 2 4 0 3]
  [0 1 3 4 1 1 2 3 2 1 0 5 4 5 1 0 5 5 3 0 1 5 1 4 4 1 3 0 4 0 3 1 1 0 3
   5 2 3 0 2 2 0 4 4 0 0 3 5 1 1 5 4 3 2 5 5 0 1 3 3 2 3 4 2 5 4 2 3 1 4
   1 1 3 0 0 0 4 0 4 4 5]
  [0 0 0 0 2 0 2 2 5 1 4 4 3 4 0 1 5 3 3 1 0 5 0 5 1 2 2 1 4 1 1 4 4 2 1
   2 0 5 2 2 1 0 1 3 2 5 4 4 2 2 2 5 3 0 0 0 5 3 1 0 0 5 4 0 4 5 3 4 4 2
   1 0 1 4 1 1 0 2 2 2 2]
  [0 4 4 2 2 5 5 3 2 2 0 3 2 3 5 4 0 1 3 5 1 0 4 1 2 3 3 4 0 2 1 0 1 3 5
   4 1 5 5 4 4 5 2 3 0 0 2 0 0 2 2 0 3 3 0 3 5 4 3 1 5 3 2 0 3 0 3 5 5 1
   2 3 5 0 0 5 0 0 3 0 0]
  [0 4 1 3 0 1 1 5 1 4 0 2 0 0 0 1 1 5 4 1 3 3 4 1 1 0 3 4 4 0 3 5 0 2 2
   3 4 5 1 5 1 4 1 0 4 3 1 0 1 3 1 1 4 0 0 3 4 1 3 3 1 1 2 2 5 2 3 5 4 3
   4 2 5 0 1 4 1 3 0 2 0]
  [0 5 3 3 2 2 1 1 2 0 1 2 4 2 0 3 4 4 1 5 5 5 2 5 4 4 1 0 5 0 3 4 0 3 4
   3 5 2 5 2 1 2 1 2 4 3 2 5 5 4 1 2 3 1 4 4 1 0 2 3 3 3 4 0 2 3 4 0 1 3
   0 4 2 3 1 1 0 4 3 0 0]
  [0 3 5 5 4 1 4 0 1 2 1 5 1 2 2 0 4 2 2 1 3 4 2 2 3 2 5 4 1 3 5 0 3 3 5
   1 0 4 4 3 1 2 0 2 5 3 1 2 2 0 0 5 3 0 5 5 1 2 5 4 5 2 5 1 2 5 4 4 0 0
   3 0 3 4 5 4 3 4 2 3 0]]

 [[0 0 4 3 4 5 2 5 0 3 1 2 4 0 3 2 5 5 4 4 1 0 3 0 5 4 0 1 3 3 2 0 4 3 1
   4 1 1 4 3 5 4 5 4 4 0 2 4 5 2 0 5 0 2 4 4 1 3 5 3 2 1 3 3 0 2 2 3 5 4
   5 4 4 0 2 3 3 0 0 5 3]
  [0 0 4 2 4 5 3 5 1 3 4 0 3 0 0 3 4 4 2 3 2 1 1 0 3 3 0 0 0 4 3 0 3 0 2
   4 1 2 4 5 1 0 0 5 5 4 2 0 3 1 4 4 0 1 1 1 5 0 0 5 1 4 1 2 3 3 1 4 0 1
   4 3 1 1 2 2 2 5 2 3 5]
  [0 5 0 4 4 4 4 2 4 4 0 4 0 0 3 3 0 4 4 3 4 1 3 4 1 5 1 3 4 3 2 5 0 2 0
   4 5 4 4 1 4 1 2 4 2 0 5 4 5 5 1 3 5 5 1 4 1 4 4 5 5 2 5 4 3 5 1 4 4 3
   1 4 5 0 2 0 1 0 0 3 2]
  [0 5 0 0 3 0 0 1 4 5 0 3 2 0 3 2 0 5 2 5 0 2 5 3 5 3 3 4 1 2 2 5 4 5 4
   4 1 3 3 0 1 3 0 2 4 5 1 5 5 1 3 1 3 4 3 5 3 4 2 5 5 3 4 2 3 2 2 0 3 4
   1 0 1 1 2 2 0 0 2 4 5]
  [0 0 1 2 0 0 0 3 2 2 0 1 0 3 2 4 3 4 1 4 1 2 1 4 1 4 0 2 1 0 1 4 0 5 3
   2 1 4 2 0 1 5 5 2 3 2 3 5 4 1 3 0 1 5 1 4 4 1 5 0 4 1 4 1 3 1 5 1 3 3
   1 1 4 2 0 5 1 3 0 4 3]
  [0 2 2 2 1 0 1 3 0 1 5 0 1 3 4 2 4 5 2 1 2 1 3 5 4 4 3 0 0 0 2 3 1 3 2
   3 5 5 4 2 2 4 3 0 2 2 1 3 2 2 4 4 1 1 1 5 1 3 2 5 0 2 4 5 3 2 0 2 1 0
   1 4 5 1 1 2 2 2 3 1 1]
  [0 5 0 1 1 3 0 3 0 2 5 4 4 4 2 5 1 4 4 5 5 2 2 3 1 0 4 1 4 5 1 3 5 5 3
   0 1 1 5 5 3 5 3 3 0 1 0 5 1 5 5 0 3 3 3 3 0 4 5 4 1 0 0 3 0 0 1 5 5 5
   5 3 1 2 5 3 2 5 1 3 5]
  [0 4 4 3 3 4 1 0 5 0 0 2 5 3 1 4 4 5 0 1 5 2 4 4 0 2 1 3 1 0 1 1 1 0 4
   2 1 2 1 5 4 3 2 3 4 0 3 1 5 1 3 0 5 2 5 0 4 2 5 2 5 2 2 4 4 1 2 1 2 4
   5 1 2 5 5 4 3 3 2 0 0]
  [0 1 1 2 3 0 0 5 0 2 4 2 3 2 2 1 2 5 3 4 5 2 0 0 5 4 3 5 4 3 3 2 1 3 3
   3 4 2 4 1 3 3 1 1 0 4 0 2 3 5 3 2 2 1 0 0 0 3 4 1 3 2 4 5 2 1 5 4 5 1
   5 4 5 1 4 0 1 5 0 4 0]
  [0 5 3 2 2 5 3 3 1 0 3 3 3 2 3 5 5 5 4 4 0 5 3 5 3 1 3 0 1 3 2 0 1 2 2
   3 5 5 2 4 3 1 5 0 0 3 3 2 0 4 1 2 1 2 5 0 2 2 5 0 1 0 0 3 3 5 2 4 0 0
   3 4 1 3 0 3 4 0 3 2 4]
  [0 4 4 1 4 3 2 5 0 5 0 1 4 0 5 5 5 5 2 1 3 0 0 1 1 3 1 2 4 4 1 2 4 5 2
   0 0 3 4 2 5 3 4 5 3 0 3 2 2 5 4 1 4 5 2 0 1 2 3 1 3 4 3 4 2 4 5 1 4 3
   5 1 2 1 1 1 4 1 1 4 3]
  [0 3 3 5 1 4 0 4 4 1 1 0 0 1 2 0 1 3 0 3 1 1 1 0 3 0 1 5 2 4 3 0 4 4 1
   2 0 3 2 0 4 1 0 1 2 5 3 0 1 5 2 1 0 3 1 4 0 0 1 4 2 2 2 2 0 5 1 4 1 5
   3 3 2 5 2 2 1 0 4 4 3]
  [0 5 4 0 4 3 0 2 5 0 3 0 0 1 2 4 3 1 1 3 1 4 0 4 0 0 4 0 1 2 3 5 4 4 2
   5 3 0 0 4 1 5 2 3 2 5 3 0 5 0 1 4 4 2 5 0 1 2 4 0 2 4 5 0 5 5 4 5 0 1
   1 0 5 3 1 1 0 3 2 0 5]
  [0 3 1 3 0 1 1 2 4 2 0 3 2 0 4 3 0 1 3 4 2 3 1 0 2 4 1 2 1 2 5 2 1 1 1
   3 0 3 0 1 5 0 1 2 0 1 1 0 2 4 5 2 0 1 1 1 3 0 3 5 0 1 5 0 3 5 5 0 5 4
   5 1 4 3 4 5 1 3 2 5 5]
  [0 5 1 3 2 5 5 2 2 5 4 5 1 4 0 1 3 5 2 0 3 4 5 0 1 5 1 0 3 0 2 4 2 2 5
   0 5 3 0 0 4 0 4 3 4 2 1 2 4 5 5 5 5 2 4 4 1 3 3 4 1 2 5 5 5 0 1 2 3 5
   3 4 4 1 1 4 2 1 4 3 1]
  [0 4 4 5 5 2 1 0 1 5 4 0 0 5 2 0 4 2 0 5 5 3 2 5 4 2 3 1 2 4 1 0 4 5 0
   0 3 4 3 4 3 3 1 4 2 2 1 1 3 1 5 3 3 2 5 3 4 5 4 4 1 3 4 3 1 5 4 2 4 5
   2 5 4 3 4 0 4 0 0 4 4]
  [0 1 4 2 3 3 5 1 4 1 0 0 0 1 0 1 0 5 3 5 5 2 3 3 3 3 0 5 1 3 2 2 1 1 4
   0 4 5 3 3 0 4 4 2 0 3 1 3 4 1 0 0 2 5 4 0 1 4 4 1 4 4 0 2 5 1 3 5 0 0
   4 2 3 4 1 1 0 1 4 0 3]
  [0 2 0 5 0 3 0 3 5 0 1 1 4 3 4 5 4 0 1 2 4 3 4 4 2 0 0 3 4 0 2 4 1 0 2
   2 2 3 1 2 0 4 1 0 0 4 1 0 2 4 3 4 5 1 1 0 1 4 5 4 5 2 5 4 5 4 2 3 0 3
   3 3 5 0 2 2 3 5 1 4 3]
  [0 5 4 5 4 2 5 0 0 4 4 5 3 0 1 2 5 0 0 0 4 5 2 0 2 0 2 4 4 2 1 0 1 5 5
   4 5 3 0 5 1 4 1 1 4 3 5 0 3 5 4 4 1 3 0 3 4 5 2 0 1 5 4 2 3 0 4 5 2 5
   4 5 5 5 3 2 0 2 5 1 2]
  [0 1 1 1 5 4 2 2 1 1 1 1 0 3 5 0 5 0 0 0 0 5 2 5 3 0 2 1 0 2 2 2 4 0 4
   4 2 5 2 0 1 0 5 0 5 4 5 2 4 3 4 3 0 1 1 3 5 5 3 0 1 1 0 1 3 2 1 3 1 3
   2 4 3 0 2 4 1 1 0 0 3]
  [0 0 0 5 0 0 4 2 0 4 0 3 0 1 2 2 3 4 2 1 0 1 0 0 5 3 3 2 0 4 0 5 1 3 5
   5 4 4 4 2 3 1 3 5 3 3 3 3 1 1 4 2 1 4 4 5 4 4 5 5 0 0 5 0 2 4 3 0 1 1
   0 5 0 5 3 2 1 5 5 5 4]
  [0 1 5 1 1 4 0 5 4 2 5 2 0 0 2 0 1 2 2 2 4 0 1 5 5 2 1 5 1 5 3 1 5 5 5
   1 2 3 5 1 5 4 2 3 2 3 1 3 0 0 1 1 4 2 3 1 0 3 2 3 0 2 5 1 0 3 2 3 1 0
   0 2 4 1 5 4 5 0 0 0 5]
  [0 5 1 1 2 4 4 5 1 3 0 2 0 5 2 4 0 5 1 2 1 5 0 2 0 4 1 2 1 1 0 4 3 1 2
   0 3 1 0 2 4 3 1 4 3 5 3 1 3 4 0 4 5 0 3 5 1 4 2 3 4 1 0 0 4 3 4 3 2 4
   5 5 1 1 1 4 2 0 4 1 3]
  [0 5 0 1 4 3 5 2 2 1 3 2 3 0 4 3 1 3 0 3 2 5 4 0 2 2 4 1 5 5 3 2 4 1 4
   2 5 4 5 3 1 5 2 3 1 0 0 2 4 4 1 2 4 1 4 5 2 0 3 1 3 3 5 2 0 4 3 2 1 4
   2 2 2 0 4 4 2 5 3 2 5]
  [0 3 3 2 4 0 5 1 4 2 1 0 4 3 5 3 0 0 4 0 2 1 3 3 0 4 2 3 0 0 0 4 5 3 4
   2 3 4 4 4 5 4 0 5 0 1 5 1 4 3 5 2 5 2 5 1 3 4 3 0 0 0 1 3 2 2 1 1 3 5
   0 2 0 2 5 3 2 0 3 3 2]
  [0 1 5 2 3 5 3 3 5 2 0 2 1 2 3 2 3 4 1 1 5 1 0 4 3 0 4 0 0 5 3 5 3 5 2
   0 3 0 5 0 2 0 3 0 1 0 1 3 1 3 5 2 4 0 5 1 2 0 0 0 1 4 3 0 0 4 3 3 5 1
   1 2 5 0 5 3 5 1 4 0 3]
  [0 4 2 3 3 2 0 5 5 0 1 5 4 2 0 0 5 0 2 4 4 5 3 4 1 2 0 3 5 3 3 1 5 3 3
   2 0 1 5 1 2 4 0 2 0 5 2 5 3 3 0 2 0 3 5 0 2 0 4 2 1 2 2 2 4 0 5 4 2 2
   4 5 2 3 5 2 2 1 5 5 3]
  [0 1 3 5 1 4 5 2 3 2 4 0 4 1 2 1 5 0 4 2 1 1 5 4 2 5 2 0 1 2 2 2 0 1 0
   5 4 2 1 4 0 3 4 4 5 0 2 4 3 3 4 2 4 1 1 1 2 1 2 5 5 1 1 2 5 3 1 2 1 0
   4 0 5 4 2 4 3 3 2 5 1]
  [0 2 1 4 4 0 1 0 4 0 2 0 0 3 2 3 3 3 3 3 2 2 5 5 3 5 0 3 0 3 0 0 0 2 3
   4 0 2 2 4 0 4 1 0 3 1 3 2 2 4 5 5 0 3 5 3 5 1 2 5 4 4 4 5 4 2 0 2 1 4
   1 0 4 1 5 4 2 3 3 0 1]
  [0 0 4 2 1 2 1 0 4 2 2 0 2 4 1 0 5 5 0 1 0 3 2 1 3 3 5 0 0 0 1 4 5 2 2
   2 4 2 2 5 3 0 4 2 0 5 5 2 3 4 3 1 0 1 4 3 1 0 1 2 0 1 1 0 1 0 4 2 2 0
   1 4 0 2 4 1 3 2 3 0 1]
  [0 4 0 3 1 5 5 5 3 1 4 4 1 2 4 0 4 2 1 5 3 1 1 5 3 2 2 1 5 0 0 5 1 0 0
   2 3 3 4 3 4 1 2 0 4 0 5 4 5 3 2 2 3 1 4 4 1 5 2 2 2 1 1 2 0 3 2 3 3 0
   4 3 0 5 0 5 3 0 3 4 1]
  [0 3 0 4 1 2 5 2 0 4 0 2 4 5 5 1 4 3 1 4 2 0 5 2 0 0 4 1 3 3 0 0 1 0 0
   4 0 0 2 3 3 5 0 5 0 2 5 3 2 5 1 1 4 1 1 0 4 5 0 1 3 3 2 1 0 3 3 1 4 2
   3 0 5 2 3 3 4 3 2 4 4]
  [0 5 3 4 4 2 1 5 0 2 0 5 2 3 3 4 5 1 0 2 5 2 1 5 2 1 3 3 2 3 2 4 0 5 4
   3 3 2 2 3 0 0 1 3 0 2 2 4 4 2 1 2 2 4 0 4 3 1 2 5 4 2 2 1 1 2 3 0 1 0
   4 0 2 2 1 1 4 1 3 3 1]
  [0 5 4 3 1 5 0 5 0 5 0 3 1 0 1 2 1 1 5 5 4 0 4 4 2 1 4 4 2 3 4 3 3 0 5
   5 1 3 3 1 3 0 2 2 4 1 0 5 4 0 2 3 1 2 3 5 1 5 1 4 0 0 2 4 0 5 3 1 3 0
   2 3 4 1 0 1 5 0 1 1 2]
  [0 2 2 4 5 3 2 3 5 1 5 5 1 0 0 4 3 3 0 1 1 4 2 1 0 1 3 3 0 5 0 0 2 4 0
   2 2 3 1 5 3 2 2 0 0 0 1 5 1 5 2 4 1 5 2 5 4 0 1 4 4 4 0 4 4 4 3 4 5 3
   4 0 1 4 0 4 2 5 5 3 4]
  [0 2 3 0 3 0 4 5 4 5 4 5 2 1 3 2 1 3 2 3 0 1 1 0 4 1 2 5 0 0 1 1 4 0 1
   0 0 1 3 1 3 4 3 4 3 5 2 3 4 0 3 3 4 4 5 3 1 1 5 4 1 3 4 4 0 4 3 2 1 4
   0 1 0 5 0 4 0 5 3 2 0]
  [0 5 3 4 0 2 5 0 2 5 2 5 5 1 4 4 4 2 5 3 4 5 3 0 5 3 5 4 2 2 1 1 1 0 0
   1 0 0 4 4 3 1 1 3 0 0 3 4 5 2 5 0 5 0 1 5 5 4 0 3 5 4 5 4 2 0 4 2 5 2
   4 4 3 2 0 1 2 5 3 2 4]
  [0 1 3 0 0 1 5 1 4 2 4 2 1 1 5 5 0 4 1 3 4 5 2 2 3 5 0 0 4 3 4 3 1 3 4
   5 1 0 5 3 0 4 4 1 0 4 0 3 2 0 3 4 3 3 2 2 3 5 0 0 2 3 5 0 5 5 0 3 4 3
   1 2 4 4 4 1 0 0 2 2 3]
  [0 2 2 2 1 1 0 3 3 2 2 1 4 5 2 1 2 3 3 5 0 2 2 5 4 2 2 1 4 3 3 1 0 0 5
   5 4 1 0 2 3 5 3 5 0 5 3 1 4 3 4 5 3 3 5 2 4 5 2 3 4 2 3 5 3 4 2 3 4 3
   1 3 2 4 4 5 0 0 4 2 2]
  [0 1 2 5 4 4 0 1 5 1 0 3 1 1 2 1 3 4 1 5 5 4 1 3 1 4 2 5 5 0 5 0 3 3 0
   3 0 0 1 0 4 0 0 0 0 3 5 1 3 3 1 5 4 5 0 1 0 0 3 2 0 2 3 1 3 3 1 0 1 4
   4 5 1 2 5 4 4 2 5 3 3]
  [0 3 3 4 3 4 4 4 5 3 5 5 1 2 2 5 4 0 1 2 5 4 3 5 0 2 2 1 1 1 5 0 5 0 2
   5 3 3 4 1 0 1 4 5 2 3 0 5 0 5 2 4 3 5 5 4 5 4 2 0 5 5 0 2 2 1 1 1 4 5
   3 5 0 5 5 5 0 3 2 1 1]
  [0 1 1 3 5 0 2 4 4 5 5 3 2 5 3 4 2 1 1 2 5 2 0 3 3 3 0 0 2 2 1 4 3 2 0
   2 1 0 5 1 1 0 1 5 1 2 0 3 3 0 3 0 1 3 2 2 5 5 1 0 1 3 2 1 2 0 3 2 5 4
   4 0 5 2 4 2 5 1 4 0 5]
  [0 3 0 0 1 2 5 2 5 1 2 2 3 5 0 5 4 5 2 0 3 2 4 4 0 3 0 5 2 4 0 3 3 1 3
   2 4 1 1 1 5 0 0 0 3 2 0 4 2 0 0 0 2 1 4 0 4 1 0 4 5 2 3 1 4 0 0 2 3 4
   3 4 5 0 1 3 0 2 1 3 3]
  [0 5 3 5 0 1 1 1 0 1 0 4 5 0 4 2 4 4 5 4 1 0 5 1 2 5 1 2 2 1 4 2 3 0 2
   4 1 0 5 3 4 0 3 0 0 5 2 4 1 3 1 5 5 2 5 5 5 5 0 2 2 1 5 4 0 4 2 4 0 4
   4 0 0 4 3 3 2 3 4 4 2]
  [0 1 4 4 3 1 5 2 4 5 3 5 2 1 5 1 4 3 4 2 5 2 5 5 2 0 2 1 3 4 1 2 1 5 3
   5 2 2 2 5 5 4 4 0 0 1 3 2 5 1 1 2 4 4 0 3 2 4 1 2 1 2 2 5 3 4 1 4 3 0
   2 5 0 5 1 2 0 4 5 1 3]
  [0 0 5 0 0 1 3 4 3 4 4 4 3 4 2 5 2 5 0 5 5 1 4 5 3 5 0 2 1 5 2 5 4 1 5
   1 0 0 3 0 5 1 2 0 3 0 2 1 0 3 3 2 0 5 2 0 3 2 5 1 4 5 1 0 5 0 1 0 2 5
   2 2 5 0 4 0 2 2 2 4 4]
  [0 2 4 3 2 0 5 1 5 1 5 0 0 0 1 5 2 5 1 0 2 3 5 5 1 2 3 0 5 3 1 2 0 1 5
   2 1 0 0 5 1 0 4 5 0 5 0 5 2 5 3 4 1 5 0 3 5 4 0 3 1 4 2 2 1 4 1 5 0 4
   4 1 3 2 1 1 1 3 0 2 1]
  [0 4 2 4 3 3 2 2 4 4 3 5 0 1 1 2 5 5 1 5 1 5 5 5 2 2 0 2 4 0 3 2 0 5 3
   3 4 4 5 1 2 4 0 2 2 5 0 0 1 3 2 4 2 0 1 5 0 0 4 0 5 5 0 1 1 3 2 5 3 3
   4 3 1 4 1 0 2 0 1 0 0]
  [0 4 2 4 1 3 1 5 4 2 3 3 3 5 2 4 3 1 2 0 0 4 2 4 3 2 5 0 1 1 5 2 3 3 4
   0 2 5 3 2 1 2 0 3 1 3 0 4 0 3 4 0 2 5 3 3 4 1 2 5 4 0 5 3 4 1 5 2 5 0
   2 5 1 0 5 0 3 4 3 5 4]
  [0 1 5 4 0 5 5 1 3 3 3 2 0 4 1 3 4 1 1 4 1 2 0 3 3 5 0 1 5 4 2 0 0 4 5
   2 0 0 4 1 2 4 1 2 5 0 5 2 2 0 5 4 4 1 5 1 0 2 1 2 5 4 0 2 1 3 2 4 0 1
   4 5 0 1 4 0 0 1 2 1 2]
  [0 5 3 0 3 2 0 1 4 0 5 4 1 4 0 2 0 1 5 4 1 5 2 0 2 2 1 2 0 5 0 5 4 4 2
   4 5 1 4 4 2 1 0 3 1 3 2 2 2 2 0 2 2 1 5 1 5 2 4 4 4 2 5 3 5 5 4 2 2 5
   4 2 0 1 2 5 3 0 5 2 0]
  [0 4 3 5 5 5 5 1 1 3 0 1 4 4 0 0 5 4 5 0 1 3 5 1 4 1 2 1 4 5 1 5 5 2 1
   1 3 3 1 0 3 5 5 3 2 0 5 1 4 3 3 0 3 3 1 0 1 5 5 0 3 2 4 4 2 2 0 4 2 2
   3 1 1 5 3 3 2 3 3 4 1]
  [0 2 3 1 0 5 1 0 5 4 1 4 3 3 4 5 1 3 3 5 3 4 2 0 5 4 1 4 2 5 5 0 4 0 3
   3 2 4 3 5 5 5 4 0 2 3 1 3 4 1 0 3 0 5 0 0 0 2 1 3 3 4 5 4 3 3 3 0 5 0
   0 5 5 4 2 1 5 4 4 0 3]
  [0 4 1 2 0 5 4 1 4 3 2 1 2 5 4 3 3 4 5 0 5 1 3 2 2 0 0 4 1 4 1 2 5 3 0
   4 4 5 4 0 1 1 1 2 1 1 3 2 2 0 3 0 0 0 2 5 4 3 5 1 0 0 4 3 0 5 0 4 2 4
   1 2 3 1 0 4 1 3 2 0 3]
  [0 3 5 4 1 1 3 4 5 1 0 1 2 0 3 2 4 3 0 1 4 0 0 0 3 2 2 5 3 1 0 4 4 0 2
   4 3 1 0 4 4 2 3 4 2 1 3 3 2 3 4 1 3 4 0 4 3 1 0 0 2 4 0 5 5 4 2 2 4 5
   5 2 2 4 4 0 1 4 0 5 2]
  [0 1 4 4 4 5 4 3 1 5 1 5 1 3 3 4 1 0 4 0 3 5 4 4 4 3 3 4 0 4 5 5 2 5 1
   0 4 4 5 4 5 3 1 4 3 5 5 0 1 5 3 2 5 5 5 0 0 0 1 2 4 4 1 5 1 3 3 0 4 5
   2 4 5 5 2 5 1 0 2 1 0]
  [0 5 5 3 0 1 5 0 5 5 3 3 5 5 2 0 4 2 3 5 2 4 0 5 1 3 3 2 1 5 3 0 2 3 4
   2 4 0 5 1 5 3 1 2 1 0 3 4 2 5 5 0 3 2 0 1 0 4 5 5 4 2 3 5 3 4 3 5 4 0
   4 4 4 1 2 5 5 1 2 1 3]
  [0 5 3 3 5 0 4 2 3 2 0 2 5 1 0 3 1 2 5 3 3 0 3 4 2 4 1 0 3 3 4 2 2 1 4
   4 1 4 1 4 1 3 4 4 3 0 1 2 0 4 5 3 5 0 1 4 5 0 2 1 2 2 0 3 3 2 2 1 3 0
   4 1 5 2 1 4 3 3 1 3 0]
  [0 3 1 1 1 5 2 5 3 4 5 0 2 5 3 4 3 5 2 2 0 0 0 2 4 1 1 3 2 4 2 5 4 0 1
   0 4 0 1 1 5 2 0 5 1 4 0 4 4 4 5 0 1 3 4 5 2 1 0 4 4 3 1 1 0 0 2 5 2 5
   3 3 4 4 5 3 1 1 4 3 4]
  [0 1 3 5 3 5 4 3 2 2 3 5 2 1 5 3 3 4 5 4 5 5 3 0 0 2 1 1 4 3 1 0 4 2 4
   3 1 3 3 0 5 2 0 5 1 1 3 2 4 1 4 2 4 5 2 0 5 1 0 0 3 1 4 1 1 1 1 2 5 5
   5 0 5 3 2 4 1 4 1 2 1]
  [0 4 4 2 5 4 4 2 5 0 1 4 2 5 5 4 4 2 4 1 5 4 3 2 2 0 3 0 0 4 5 1 4 2 3
   2 5 5 2 1 0 1 0 5 1 1 0 3 1 5 5 5 4 2 0 3 3 3 4 0 0 4 5 0 3 3 1 5 0 3
   5 0 1 1 1 3 3 5 5 1 3]
  [0 1 4 3 5 3 1 2 2 1 2 4 0 0 5 1 0 4 5 1 2 5 5 2 3 4 3 1 4 1 1 5 2 3 3
   5 4 1 2 0 0 1 5 5 1 2 4 0 5 5 0 4 4 4 0 2 3 2 0 5 0 0 0 3 2 4 2 3 4 3
   3 0 5 1 2 2 5 5 0 3 0]
  [0 5 4 0 2 5 1 4 0 2 1 2 4 4 1 3 2 4 5 5 4 5 4 1 5 0 1 5 1 0 1 5 4 1 5
   3 0 1 5 0 0 0 0 3 5 5 1 4 4 4 1 5 0 3 3 4 1 0 1 5 0 2 0 5 1 1 2 4 2 0
   3 4 1 3 5 5 5 3 2 1 0]
  [0 0 2 0 4 4 0 4 1 3 2 4 2 1 0 1 4 4 4 0 0 5 1 1 3 2 0 1 1 1 2 4 2 0 0
   1 4 2 4 2 4 1 2 2 3 5 2 5 2 0 5 1 1 3 4 1 2 4 0 0 3 4 4 0 1 3 4 0 0 2
   5 5 1 2 2 3 0 4 4 2 0]
  [0 1 0 4 1 1 5 4 5 5 5 2 1 5 5 4 5 5 2 1 5 3 3 5 1 3 4 4 2 3 2 5 2 5 0
   4 5 5 0 4 3 5 1 3 3 5 2 3 3 0 0 3 4 3 1 0 1 4 2 4 0 4 5 0 0 0 5 2 2 2
   0 5 0 5 2 1 2 5 4 0 2]
  [0 3 3 5 3 2 3 5 1 3 1 2 5 4 3 2 5 2 1 1 3 1 0 1 3 1 4 3 4 4 5 2 0 3 2
   2 0 4 3 3 4 1 5 0 0 4 5 0 0 1 4 3 0 3 5 0 1 5 2 3 2 0 2 5 5 0 3 5 4 2
   2 4 1 3 2 0 4 4 4 4 4]
  [0 5 0 4 4 4 3 2 3 4 0 1 0 3 4 2 0 4 3 0 2 1 1 0 5 4 3 2 2 2 4 0 0 0 2
   0 2 3 4 5 1 0 2 2 0 3 0 1 1 0 0 2 5 1 3 5 3 4 1 2 4 1 5 5 4 4 0 5 2 5
   5 5 5 3 4 5 3 4 4 5 5]
  [0 3 2 0 0 5 5 2 5 4 4 4 0 2 0 5 0 3 0 3 5 2 1 3 1 4 5 3 5 4 1 4 0 2 3
   0 4 4 0 3 3 1 5 0 5 4 5 3 4 5 4 1 3 4 4 4 4 1 2 3 2 2 0 3 3 1 2 0 0 2
   2 4 3 5 4 3 0 4 5 1 3]
  [0 2 3 1 1 5 1 5 5 2 3 2 4 5 5 0 4 4 5 1 1 0 0 4 2 4 5 4 2 4 4 1 2 3 3
   1 4 3 2 1 1 4 2 1 5 2 1 0 4 5 2 1 1 4 1 1 4 0 1 4 3 3 0 4 1 1 2 1 0 4
   1 4 4 2 1 1 4 1 4 2 3]
  [0 3 2 2 4 5 3 0 5 0 4 4 0 4 0 3 0 2 2 1 0 5 4 2 3 1 4 2 3 4 3 2 2 2 1
   5 1 5 1 4 1 4 4 5 1 2 3 2 4 2 1 5 2 3 3 4 0 3 5 1 2 1 1 2 0 2 3 2 3 0
   1 3 0 2 0 5 1 3 1 5 3]
  [0 0 0 5 3 3 5 4 0 1 0 3 2 4 0 3 5 1 4 0 4 2 3 0 5 2 3 2 4 0 3 5 4 0 5
   4 5 1 1 2 4 0 5 2 0 5 0 5 5 2 2 1 4 1 4 4 5 3 1 0 2 2 4 5 5 2 5 5 4 3
   0 5 2 4 0 0 2 4 3 1 4]
  [0 0 3 5 3 3 0 2 2 3 0 4 3 1 0 0 5 4 5 1 5 5 3 2 0 0 2 2 1 3 2 3 0 3 0
   1 3 2 5 4 3 2 5 1 4 4 0 1 0 5 1 1 2 5 0 2 0 0 4 5 3 1 1 0 2 4 0 2 5 4
   5 0 3 0 5 1 1 4 2 1 2]
  [0 4 3 5 3 2 3 1 5 2 4 2 4 3 1 3 0 1 3 1 2 2 3 1 2 5 3 1 0 3 5 4 0 2 5
   4 5 3 3 4 4 3 4 2 3 4 3 4 3 3 3 5 3 1 2 4 5 0 2 2 0 0 2 3 2 2 1 1 5 3
   0 1 0 3 4 0 4 0 3 2 0]
  [0 2 5 0 3 1 1 2 4 5 0 1 5 2 1 5 4 1 5 2 2 3 1 4 1 1 5 2 3 0 1 5 3 4 3
   0 1 5 2 1 3 4 5 2 4 2 4 1 5 5 2 2 0 0 0 1 1 2 2 3 0 4 5 3 0 5 0 5 1 4
   3 1 3 0 0 1 0 1 2 2 0]
  [0 0 2 4 5 1 3 3 5 3 5 4 1 4 2 2 3 5 4 0 0 2 3 3 4 5 0 2 0 1 3 3 1 4 2
   4 0 4 2 5 3 5 2 0 3 1 5 4 2 5 3 0 4 1 4 3 5 4 3 4 5 0 2 3 2 2 1 1 5 4
   3 1 4 4 0 3 4 2 0 4 3]
  [0 1 5 1 0 0 5 5 5 2 0 0 2 3 2 0 4 1 3 5 1 0 3 0 3 4 4 2 2 5 1 1 2 2 4
   3 2 1 5 4 2 1 3 0 0 3 3 5 0 3 3 3 3 3 1 5 0 2 0 5 2 1 3 5 4 4 3 5 4 1
   3 0 2 5 2 0 2 3 2 3 1]
  [0 2 2 3 1 2 0 4 1 4 4 5 0 3 5 1 5 0 0 2 4 5 2 1 0 5 1 4 1 0 4 0 4 2 3
   5 4 3 3 0 5 2 2 4 4 5 5 0 3 2 4 2 4 4 3 2 3 3 5 4 4 3 1 2 0 4 4 5 3 3
   1 2 1 4 2 3 0 4 3 4 5]
  [0 4 3 3 4 1 1 4 4 2 5 1 3 3 5 2 1 3 4 3 1 4 5 4 4 2 4 2 2 4 0 3 1 5 4
   1 5 1 2 0 3 2 2 4 1 2 1 4 2 4 5 3 2 4 2 2 2 1 1 1 4 0 2 5 5 1 5 2 3 0
   0 1 0 5 5 5 3 0 2 5 0]
  [0 4 2 5 4 0 0 3 2 4 5 2 4 2 5 4 2 1 1 3 3 0 0 3 5 4 0 1 5 0 1 4 3 1 1
   0 4 0 2 3 2 0 0 5 4 5 5 3 1 4 4 0 3 5 2 5 0 4 3 3 3 4 4 0 1 0 5 5 1 4
   3 1 2 4 4 0 0 1 0 0 4]
  [0 4 5 0 2 2 2 1 3 1 4 3 2 1 4 0 1 0 5 5 1 5 5 5 5 3 3 5 1 0 5 5 3 0 5
   2 0 0 0 1 3 3 5 1 1 4 1 2 0 0 5 3 0 3 2 3 5 3 5 0 0 1 1 2 4 2 4 1 5 4
   1 3 4 3 2 5 5 0 2 0 4]
  [0 2 2 3 4 3 1 4 0 1 2 3 0 4 3 1 3 4 4 2 0 5 4 1 3 4 0 5 0 3 2 0 3 3 4
   2 1 3 4 4 4 4 0 3 2 0 3 2 1 2 0 4 3 2 0 2 0 4 4 1 4 4 1 5 3 3 3 5 5 2
   3 0 0 5 3 0 2 3 0 1 0]]

 [[0 1 5 3 0 3 0 0 0 3 1 3 5 1 0 5 5 2 1 4 3 5 0 2 2 1 0 4 2 2 1 1 1 3 2
   0 4 2 3 3 0 5 2 3 3 0 2 3 3 1 2 3 5 2 0 3 4 1 2 2 0 1 4 3 0 0 4 2 0 4
   1 3 1 0 1 1 0 5 3 1 1]
  [0 0 0 2 3 0 1 5 1 1 1 1 5 5 2 3 0 4 3 2 5 3 5 2 0 2 2 0 4 5 1 0 0 5 3
   4 4 2 1 1 2 4 1 0 5 0 2 2 2 1 0 5 1 2 4 4 2 0 0 5 5 3 2 2 1 2 3 1 2 0
   1 3 0 4 4 2 3 2 1 5 4]
  [0 3 0 5 3 0 1 5 5 3 0 5 1 5 2 5 2 5 4 0 4 1 5 2 5 0 3 2 1 0 0 5 4 0 1
   0 0 3 3 4 4 0 5 3 0 5 3 4 0 1 2 5 4 3 0 1 5 1 4 3 3 5 4 0 4 5 2 4 3 3
   2 2 3 2 3 4 3 5 0 5 3]
  [0 3 3 0 5 3 0 0 4 0 4 4 5 0 0 4 1 0 5 1 4 2 1 3 5 3 5 5 3 0 0 2 5 1 5
   1 1 1 2 1 1 0 2 1 4 3 3 5 2 3 3 1 4 0 1 5 4 3 0 0 1 5 1 3 1 1 3 0 1 5
   5 2 1 1 3 5 3 4 2 1 5]
  [0 4 5 3 0 0 5 0 4 4 0 4 1 1 1 3 1 5 0 1 0 0 0 0 5 0 2 0 1 2 3 2 3 4 1
   3 4 3 5 5 0 2 0 1 5 3 5 1 1 3 4 2 1 5 2 4 3 3 5 1 5 5 4 2 2 0 1 1 1 1
   5 2 4 1 2 2 3 4 5 2 2]
  [0 1 3 5 0 0 4 3 0 1 3 4 5 3 1 1 4 1 3 5 4 0 5 2 4 2 3 2 5 0 3 5 2 2 1
   5 2 4 2 5 1 4 3 3 5 3 0 1 0 3 1 4 4 2 1 2 5 4 0 4 2 2 3 2 2 3 3 0 2 1
   5 1 5 3 1 2 4 1 5 4 3]
  [0 0 5 1 4 3 0 3 0 1 1 4 5 2 5 2 3 0 2 1 3 4 0 0 3 0 3 5 3 0 1 0 5 2 0
   3 3 5 2 1 3 2 0 2 2 5 1 2 0 3 1 2 2 1 2 4 3 2 2 3 0 5 2 0 1 3 4 5 2 4
   0 5 5 5 4 1 2 1 4 1 5]
  [0 2 4 3 3 0 3 0 1 2 2 1 0 1 1 4 1 4 0 3 5 0 2 5 1 0 0 5 2 0 5 1 4 2 2
   5 3 5 0 0 0 2 4 4 2 2 0 4 4 4 5 5 2 5 3 1 2 0 3 0 0 1 3 0 4 2 2 1 0 5
   1 3 0 5 4 0 5 1 1 3 3]
  [0 2 2 4 5 3 5 4 0 3 3 0 0 4 1 3 5 1 5 0 1 0 1 4 1 3 1 4 5 3 2 4 4 0 0
   1 5 2 5 4 2 5 3 2 1 5 5 4 0 3 4 2 1 2 1 2 3 4 1 2 5 3 2 5 0 2 0 0 5 5
   0 1 1 5 0 0 5 1 3 2 3]
  [0 1 3 4 0 0 5 5 5 0 4 4 5 0 1 1 2 1 1 4 0 1 5 4 3 2 4 2 4 2 5 2 0 1 2
   1 2 0 1 0 3 5 5 0 3 4 4 5 5 1 4 4 4 5 0 3 1 4 0 4 2 1 5 1 3 2 4 4 3 2
   0 5 0 1 1 4 1 5 0 0 0]
  [0 4 0 5 0 3 3 2 4 0 0 1 4 0 0 5 4 4 4 2 0 3 4 2 0 4 2 4 3 4 5 5 3 4 1
   1 2 3 0 1 5 3 0 1 2 5 3 4 1 2 2 5 3 3 3 2 4 5 1 3 5 1 3 5 5 3 3 5 4 0
   4 5 1 1 5 5 4 3 3 4 0]
  [0 2 1 1 0 3 2 5 0 2 2 0 5 2 5 3 2 4 2 3 5 5 4 3 3 3 1 1 4 0 2 1 5 1 3
   4 0 0 5 5 2 3 2 5 5 2 0 1 2 3 3 2 2 1 5 4 1 0 2 3 4 1 3 5 5 4 4 5 2 3
   1 2 3 0 2 2 1 0 5 1 2]
  [0 5 1 5 5 0 3 0 5 4 5 2 0 4 2 4 3 0 4 2 5 4 0 5 5 3 3 0 0 3 5 0 1 5 4
   3 0 3 1 3 0 2 4 2 0 5 2 1 4 2 5 2 5 5 3 3 5 2 3 5 5 5 0 2 1 3 0 4 5 3
   0 3 2 2 1 1 3 3 3 1 2]
  [0 1 0 4 3 4 2 1 5 5 5 4 5 0 5 2 4 4 0 2 5 3 3 1 2 1 3 5 1 2 4 3 1 0 0
   0 1 0 4 1 1 0 1 2 0 5 1 2 0 2 5 3 1 4 0 2 5 4 0 5 2 3 0 3 3 3 1 0 1 5
   2 5 1 0 0 0 2 3 2 2 4]
  [0 5 0 1 1 0 4 0 1 5 1 3 5 0 0 4 5 1 3 3 5 5 3 4 0 0 0 4 4 0 3 0 2 5 3
   3 4 0 1 1 5 0 2 5 1 4 2 5 3 4 4 1 1 0 3 0 5 3 4 0 4 5 1 2 1 4 0 4 2 4
   0 0 5 3 0 0 3 2 2 4 1]
  [0 0 4 3 2 2 3 2 4 0 1 2 2 2 1 0 4 1 3 5 4 1 1 0 0 2 4 0 3 0 2 2 2 2 3
   2 3 1 4 5 5 5 5 1 4 4 0 2 2 4 5 2 0 5 4 1 2 5 5 1 4 1 0 0 3 3 5 0 4 5
   3 2 3 1 2 5 4 1 1 2 5]
  [0 5 2 0 2 5 1 3 1 4 0 0 3 5 1 5 0 1 4 2 1 2 1 4 3 0 4 2 5 4 0 1 5 1 5
   1 5 3 3 1 2 3 4 5 2 5 1 1 1 1 5 5 4 3 0 0 4 1 0 3 2 4 2 5 2 5 1 5 1 0
   0 0 1 2 3 3 2 4 5 0 5]
  [0 5 0 1 1 0 3 5 1 1 3 0 1 2 2 3 2 0 4 3 1 4 0 0 0 2 3 2 4 1 4 5 2 4 2
   4 4 4 1 2 1 1 2 1 3 5 1 1 4 3 1 2 3 3 0 0 2 2 2 4 0 1 1 1 0 0 3 5 0 2
   2 0 5 4 0 0 3 0 1 0 3]
  [0 0 3 0 0 0 3 3 4 5 5 2 2 0 1 1 4 3 0 5 1 4 2 5 3 5 4 3 2 0 4 3 4 3 2
   1 5 0 0 5 3 3 2 4 2 1 4 2 4 2 3 0 5 5 5 0 1 1 3 3 3 0 5 4 1 4 0 2 5 3
   1 0 1 0 2 4 2 2 0 4 1]
  [0 1 1 2 5 5 1 0 4 4 1 5 0 2 0 3 3 3 5 0 3 4 3 4 2 0 2 4 0 4 1 2 3 3 3
   3 3 2 3 3 4 4 1 1 2 2 5 3 0 0 0 1 2 2 3 1 4 5 5 5 2 5 3 0 4 1 0 1 1 4
   4 3 2 3 0 3 3 3 4 1 2]
  [0 0 5 1 5 2 3 3 4 4 2 1 3 0 3 5 3 5 4 1 0 0 3 5 1 3 0 2 2 2 3 1 3 4 4
   1 1 4 0 1 5 5 2 3 4 3 0 1 3 5 1 3 2 4 1 2 4 0 4 4 1 0 1 3 0 3 0 1 0 5
   4 3 2 0 3 5 5 1 1 3 1]
  [0 0 2 3 1 2 3 4 5 0 5 0 0 5 1 1 2 3 4 3 2 0 2 1 3 0 3 4 1 0 0 2 1 0 2
   0 5 3 3 5 0 2 1 5 2 0 2 3 5 4 2 0 2 0 1 3 5 1 4 0 5 4 4 2 4 2 1 2 5 1
   0 0 0 0 2 4 1 4 0 2 4]
  [0 1 5 3 4 2 1 1 0 5 5 3 0 5 1 3 2 0 4 5 5 0 0 5 4 5 3 2 1 2 1 5 0 2 4
   1 0 2 1 4 2 1 2 3 5 5 3 2 3 3 3 2 1 3 4 5 1 0 3 4 3 2 1 3 4 1 4 1 4 2
   5 2 2 5 3 4 5 0 3 1 3]
  [0 0 3 4 3 2 5 3 5 0 5 2 3 1 0 4 3 1 5 2 2 4 4 0 5 2 1 2 2 2 2 2 0 1 0
   1 3 3 1 1 5 3 3 1 2 3 5 0 3 1 0 1 4 3 3 1 2 1 4 5 1 4 1 3 3 4 5 0 4 3
   2 2 0 0 0 5 1 2 4 0 3]
  [0 5 2 3 3 5 0 0 1 2 1 4 4 1 1 4 5 2 0 0 0 5 0 3 0 1 5 3 0 3 2 2 3 1 1
   4 2 5 0 1 3 1 2 5 2 4 4 5 0 1 5 4 5 0 5 5 1 3 4 2 2 0 4 3 4 5 5 5 3 0
   4 2 1 3 4 3 1 3 3 0 4]
  [0 2 3 4 4 4 4 3 2 0 0 2 0 5 3 1 1 0 5 3 0 3 2 5 0 0 2 3 4 4 2 5 4 5 5
   0 5 4 3 3 4 0 5 3 3 5 5 5 5 2 0 5 4 3 4 4 5 5 3 2 2 3 4 3 4 2 0 4 1 5
   3 1 4 0 5 3 3 0 1 5 2]
  [0 1 3 5 0 0 4 2 5 0 4 3 4 2 5 2 2 5 2 0 4 5 1 4 5 0 0 0 5 2 4 3 1 1 2
   4 0 5 0 1 1 1 5 4 2 3 4 1 2 2 5 2 4 5 5 1 0 4 4 4 2 2 4 3 1 1 0 3 1 1
   2 1 1 2 4 5 5 5 3 1 5]
  [0 3 0 0 5 3 2 5 1 4 2 1 3 3 4 4 2 2 5 2 4 3 1 0 3 1 3 0 4 0 3 4 1 3 3
   4 4 0 5 3 2 1 4 2 4 1 2 2 5 2 3 0 3 2 3 1 4 1 5 3 3 1 0 2 4 2 4 3 3 3
   3 0 5 4 0 2 4 2 1 5 2]
  [0 0 5 1 4 5 2 1 0 5 0 3 3 0 3 1 0 5 5 5 3 0 0 3 1 5 0 2 0 5 5 5 4 5 0
   5 2 0 2 0 5 5 5 4 1 4 3 0 1 2 3 5 1 0 0 1 3 4 4 4 2 2 1 5 1 2 3 5 1 0
   2 5 0 1 5 1 5 4 0 2 5]
  [0 5 4 1 1 5 0 1 1 2 1 2 3 3 1 1 4 5 0 0 5 1 5 3 2 1 4 5 2 0 3 1 3 2 4
   4 0 5 2 1 0 3 0 2 1 2 4 2 4 3 5 4 5 0 1 2 1 1 5 3 5 3 3 2 1 5 3 0 4 3
   4 1 2 1 5 0 1 3 3 1 2]
  [0 4 1 4 4 0 3 3 1 0 1 5 0 0 0 4 4 3 5 1 2 2 4 5 5 1 1 2 4 3 0 3 2 3 3
   1 4 0 0 3 1 0 0 1 3 1 2 5 1 4 2 1 3 1 0 2 0 4 2 0 5 1 3 0 3 4 0 4 2 4
   4 1 3 2 3 1 0 2 3 1 1]
  [0 5 1 4 3 2 3 4 4 4 1 1 5 1 0 0 2 0 3 3 0 5 3 2 2 1 1 3 4 2 1 0 3 3 0
   2 2 0 5 3 1 4 4 3 1 0 0 0 5 1 1 2 1 5 3 4 4 5 5 0 0 4 5 2 5 2 1 2 2 3
   4 3 5 4 1 4 1 1 4 0 3]
  [0 1 4 0 1 0 5 3 3 2 2 5 2 4 3 5 5 5 2 1 2 5 2 0 1 5 4 2 1 4 3 0 0 3 2
   0 4 1 2 3 5 3 3 0 1 4 5 0 2 2 0 4 5 2 2 1 3 2 5 5 5 5 3 5 4 4 1 1 3 2
   3 4 4 4 5 0 5 2 1 1 2]
  [0 3 4 3 3 5 5 5 2 3 3 3 1 1 2 0 1 4 5 0 0 0 2 4 4 2 3 5 3 1 4 0 2 0 2
   4 1 5 4 4 0 3 5 5 0 5 4 0 2 3 5 2 5 3 2 1 5 3 4 3 0 2 3 1 2 3 2 1 3 1
   1 0 2 1 5 2 5 4 2 1 5]
  [0 3 2 0 2 2 1 2 5 5 3 4 2 1 2 5 2 2 2 5 3 4 0 0 1 4 0 4 4 4 4 3 1 5 0
   1 2 1 4 2 4 5 2 1 1 5 1 2 2 4 1 0 2 0 4 5 5 4 3 0 1 2 4 3 4 2 2 0 2 2
   4 2 3 5 0 2 0 3 4 3 1]
  [0 2 1 0 2 5 3 1 5 3 0 1 4 2 0 4 4 2 2 1 5 3 3 0 2 1 5 5 2 3 2 5 0 2 4
   0 0 5 4 4 3 4 4 1 5 2 5 2 5 5 4 2 4 3 4 5 4 4 4 2 3 0 3 1 5 4 5 0 2 5
   0 3 3 4 0 5 4 2 1 5 4]
  [0 4 4 2 3 0 2 5 3 5 5 5 3 4 1 4 0 5 2 0 2 2 5 5 0 1 2 1 5 1 2 5 5 4 0
   4 0 0 5 1 3 3 0 4 2 2 3 0 1 3 5 5 0 3 3 1 0 2 5 4 4 0 3 0 2 1 3 1 1 1
   0 3 2 5 3 0 0 5 5 0 0]
  [0 3 3 0 4 5 2 5 5 1 0 5 1 0 3 1 2 0 2 2 4 0 0 1 1 5 3 2 5 5 0 4 0 4 2
   3 3 0 3 2 3 4 0 5 1 0 4 5 2 5 1 1 4 5 3 4 4 0 3 5 1 3 4 3 0 4 4 3 1 5
   0 1 1 4 1 3 2 1 3 3 3]
  [0 1 4 0 1 3 0 0 5 4 1 1 0 3 5 0 4 2 0 0 3 0 4 1 3 0 2 0 4 5 0 5 3 3 2
   0 4 1 0 2 0 0 4 0 0 1 1 4 4 3 1 1 1 2 0 5 2 1 1 5 1 3 4 3 3 3 4 2 5 1
   0 1 0 5 1 2 3 3 5 4 5]
  [0 0 4 4 0 4 1 0 1 0 5 5 5 3 5 0 0 2 3 4 3 1 1 3 4 5 0 3 2 3 1 5 0 1 4
   1 4 3 3 0 0 5 2 3 4 3 0 2 4 5 4 0 2 0 5 3 2 5 3 5 5 4 4 1 2 4 5 4 2 2
   1 5 2 4 5 5 3 0 4 0 2]
  [0 1 3 2 2 4 5 3 4 1 4 4 5 1 3 2 3 5 5 4 5 3 0 1 1 3 3 5 4 5 5 5 5 1 5
   2 3 1 0 5 0 0 1 3 2 4 4 4 1 5 2 2 2 2 2 4 0 3 5 5 1 5 3 5 2 1 5 4 2 1
   3 4 3 3 3 4 3 4 4 3 2]
  [0 1 1 1 3 4 0 5 4 2 0 3 5 5 4 0 4 1 3 1 0 2 0 2 1 5 0 3 3 4 0 2 3 2 1
   5 5 1 3 3 5 0 2 0 5 0 1 3 1 4 1 5 3 2 2 5 4 5 3 4 1 3 3 0 4 4 0 5 2 4
   3 1 3 2 1 1 3 2 2 5 5]
  [0 2 2 0 4 5 4 0 2 4 1 1 4 2 5 0 4 4 5 4 3 5 2 0 4 5 5 4 5 0 3 0 0 5 5
   1 3 1 4 2 2 0 0 4 5 3 5 3 4 2 4 5 4 0 3 4 5 0 4 1 2 3 3 5 4 1 0 5 0 1
   0 5 1 4 3 3 0 2 0 5 4]
  [0 3 5 3 1 1 4 1 3 3 2 5 3 3 1 5 4 3 1 1 1 0 4 1 5 0 2 2 5 1 3 1 4 0 5
   1 3 2 3 3 5 5 5 0 3 3 5 1 5 0 2 5 3 5 4 2 5 1 2 0 0 4 3 3 5 3 0 2 4 5
   3 2 3 3 4 5 4 3 4 5 5]
  [0 0 3 1 2 4 3 4 0 2 3 2 3 0 5 4 5 3 1 5 5 3 0 4 1 3 0 3 0 2 5 4 4 0 3
   3 4 3 0 5 3 3 0 4 0 4 0 5 1 5 1 3 2 1 3 5 4 5 3 5 0 3 0 5 0 1 4 1 1 0
   2 1 2 4 5 1 2 4 4 3 2]
  [0 5 3 4 5 1 2 2 2 4 1 3 2 3 3 5 4 0 2 3 1 5 2 4 3 4 0 1 0 2 0 3 4 5 1
   3 5 2 4 4 4 1 3 1 3 0 3 3 4 0 3 3 3 3 3 1 3 1 2 0 0 3 1 1 0 0 2 3 2 5
   5 5 1 3 2 0 0 4 2 2 0]
  [0 0 3 3 2 3 1 4 5 4 1 1 2 1 2 1 4 2 1 2 4 0 2 5 4 2 5 5 5 1 4 1 5 0 3
   1 2 4 3 0 1 4 3 1 5 0 0 5 4 0 5 3 5 1 3 2 1 1 3 3 5 4 5 4 2 5 2 1 1 3
   4 5 1 4 5 4 5 4 0 2 5]
  [0 1 2 1 5 4 3 5 0 3 2 2 4 0 3 1 5 0 2 2 3 4 4 4 0 1 5 2 4 0 4 0 4 5 5
   2 5 1 5 1 5 5 3 1 2 0 0 0 0 2 4 4 3 5 1 1 5 4 4 1 3 1 3 1 3 1 3 2 3 2
   0 5 2 3 1 2 4 3 5 3 5]
  [0 1 1 2 4 0 1 0 1 0 3 3 3 5 4 5 3 5 4 3 1 2 1 0 4 4 2 5 1 3 4 3 1 5 4
   3 1 3 5 5 0 3 2 0 1 0 1 5 0 1 2 2 4 4 2 2 3 5 4 3 0 3 0 1 0 3 5 5 5 5
   3 4 4 0 2 2 2 2 0 0 3]
  [0 0 2 0 0 0 5 0 0 4 4 1 0 2 4 4 0 1 5 5 1 3 2 3 4 5 2 3 5 5 5 1 3 4 5
   3 1 5 5 2 0 5 0 0 3 1 0 4 3 0 3 1 4 2 0 3 3 4 1 2 1 2 1 2 3 1 1 4 0 3
   4 1 4 2 0 1 1 4 4 4 5]
  [0 2 4 2 0 1 5 3 5 2 5 2 5 5 4 0 3 1 0 1 5 4 5 4 5 2 3 0 1 1 5 2 0 4 5
   3 5 3 5 5 0 1 3 0 2 0 3 4 1 2 0 4 3 2 3 2 4 3 0 2 0 2 3 5 1 2 1 1 2 3
   0 3 2 3 2 5 3 0 1 4 5]
  [0 1 0 0 4 3 1 3 3 1 0 1 0 0 1 5 0 3 0 2 1 4 5 4 4 5 1 3 2 1 3 0 1 2 3
   5 4 2 4 3 1 3 4 5 2 2 0 4 5 1 5 0 4 5 1 4 2 3 1 2 5 5 5 5 1 0 2 3 5 1
   2 0 0 0 4 4 0 0 3 3 4]
  [0 0 0 0 2 0 1 5 5 1 0 2 0 3 1 4 3 5 5 3 4 3 2 5 5 4 5 3 0 0 0 0 5 3 2
   1 5 4 0 3 5 5 5 2 0 5 0 1 0 1 5 4 0 5 4 0 3 5 0 1 3 5 1 3 2 1 3 4 3 4
   5 4 2 4 0 1 1 5 2 3 3]
  [0 3 3 1 1 2 3 1 3 4 4 0 3 3 1 0 3 1 5 2 1 4 2 4 4 0 3 1 5 3 0 0 4 3 3
   5 5 3 0 4 4 2 3 1 2 0 4 3 0 4 0 3 2 0 1 2 0 3 0 5 2 2 5 4 2 5 4 1 4 4
   3 3 1 4 2 3 5 4 1 3 0]
  [0 4 4 4 4 2 4 3 4 3 0 1 0 1 0 1 4 3 1 0 1 4 2 4 3 4 5 0 3 1 0 2 0 4 2
   2 1 4 3 2 3 2 0 1 0 3 1 3 2 3 3 2 5 4 0 4 3 3 4 3 5 2 0 5 2 2 0 1 0 3
   4 5 5 3 0 5 4 1 2 2 5]
  [0 0 5 2 1 4 4 5 4 3 4 4 0 0 0 0 0 5 4 0 0 2 0 3 1 0 3 1 3 5 3 3 2 1 4
   4 5 2 0 1 3 4 0 3 3 4 3 2 4 3 0 4 3 3 0 0 4 0 2 3 2 4 2 5 1 5 1 5 3 3
   0 3 0 4 4 2 2 3 5 4 0]
  [0 0 5 4 2 0 1 5 2 0 5 5 2 2 0 3 2 5 2 2 5 3 1 1 1 0 5 1 1 3 5 3 0 1 2
   5 2 4 5 4 1 2 1 3 3 1 2 0 3 1 2 1 0 0 3 4 0 0 5 4 1 1 3 3 3 2 5 0 3 2
   4 4 5 2 5 2 0 0 5 3 0]
  [0 3 5 0 5 1 0 4 3 2 1 3 4 0 0 3 4 0 0 4 4 5 0 5 1 1 3 5 4 2 5 1 4 0 2
   5 4 3 1 4 1 1 3 0 0 4 2 2 3 1 3 0 0 5 1 5 3 0 0 4 3 2 1 2 3 5 1 0 3 4
   1 4 1 4 5 4 5 5 4 4 2]
  [0 3 0 4 2 1 3 5 5 2 2 0 4 2 0 0 3 3 5 5 0 3 1 3 4 0 0 2 3 2 4 5 5 3 2
   4 0 1 1 3 5 3 0 4 5 4 5 0 1 2 5 5 2 0 5 3 4 2 0 3 2 0 5 0 2 4 3 3 2 2
   2 2 3 4 0 5 3 3 2 1 0]
  [0 4 2 5 3 3 2 3 5 4 0 3 3 5 2 1 4 3 4 3 1 2 4 0 2 2 1 5 3 5 0 4 0 0 0
   4 1 1 2 3 4 0 0 4 3 0 3 2 4 1 3 0 1 4 3 3 0 0 1 0 3 3 3 0 5 1 4 2 4 5
   0 3 0 4 4 4 4 3 2 5 5]
  [0 3 5 5 1 2 4 1 0 2 1 3 1 4 3 0 1 2 2 4 4 1 3 1 2 2 1 3 0 2 2 2 3 4 2
   4 0 2 3 0 3 1 4 0 2 4 1 3 5 1 5 3 2 2 3 3 1 4 5 0 0 2 0 0 1 4 4 5 3 1
   3 0 5 2 5 2 3 5 5 3 0]
  [0 4 0 2 1 4 2 4 5 0 0 3 4 1 2 1 0 4 3 2 4 0 0 1 2 5 1 3 2 1 2 1 1 0 2
   1 4 3 1 1 4 5 1 4 4 4 3 5 4 1 4 4 0 3 5 2 1 0 2 3 4 0 3 4 2 2 4 2 3 3
   2 1 2 2 3 0 0 0 2 1 1]
  [0 2 3 0 1 3 0 2 4 3 4 2 0 1 4 3 1 5 1 2 5 2 1 3 4 5 0 4 2 2 4 5 3 3 1
   4 2 2 5 5 3 4 4 5 0 4 0 3 3 1 0 0 4 5 3 1 4 2 1 3 1 1 0 4 3 4 5 2 1 5
   0 2 1 5 0 0 1 5 4 0 2]
  [0 5 2 3 1 5 2 1 2 5 3 2 2 3 4 2 2 4 4 4 0 2 3 0 0 0 0 2 0 1 5 2 4 0 4
   4 3 4 5 5 2 2 1 2 4 3 2 3 5 2 3 4 1 1 3 1 5 5 5 5 5 1 1 0 0 5 5 3 3 4
   3 4 5 1 0 1 2 3 4 4 4]
  [0 4 0 0 3 0 5 2 0 1 3 2 5 0 3 5 3 3 5 4 3 0 5 5 0 5 4 0 1 0 1 5 1 3 4
   0 0 4 4 3 4 5 3 0 4 1 3 3 3 1 5 1 3 2 0 5 1 5 4 0 1 3 2 4 0 0 0 1 1 0
   5 0 2 3 5 5 0 1 4 0 3]
  [0 4 2 1 0 1 3 1 1 3 1 4 1 3 1 4 0 2 5 1 4 1 1 3 4 5 4 3 1 2 5 2 4 0 0
   5 4 4 5 5 2 3 2 0 2 0 0 3 4 4 3 0 3 4 5 5 2 1 5 2 1 2 0 3 4 0 0 3 0 5
   1 1 3 0 2 5 0 1 5 2 0]
  [0 3 5 2 4 2 4 2 2 1 1 2 5 2 2 3 5 2 2 1 0 2 5 1 0 5 0 1 2 4 2 2 5 5 0
   3 1 4 5 5 3 0 0 4 2 4 1 4 3 2 0 0 1 0 0 5 5 4 2 1 0 0 2 4 3 1 0 5 3 4
   3 5 3 2 1 3 5 5 2 1 4]
  [0 4 1 4 5 2 0 1 3 1 5 0 0 2 4 3 1 0 5 0 4 4 5 2 4 2 2 0 2 1 0 3 4 0 5
   0 1 1 4 5 4 5 0 0 4 2 3 1 0 3 3 2 2 2 3 4 5 5 2 2 5 1 3 3 2 1 4 0 0 0
   0 4 0 2 0 5 2 1 1 1 0]
  [0 3 1 3 0 4 3 2 3 2 4 2 0 1 4 2 1 1 4 2 2 3 2 2 0 1 5 4 5 5 0 4 1 3 2
   0 0 4 0 0 1 0 3 4 4 2 4 2 3 2 5 1 5 1 4 1 4 3 2 0 4 1 5 1 1 1 1 3 0 2
   1 4 4 0 5 2 2 2 1 3 2]
  [0 2 4 1 1 1 4 3 4 3 4 1 3 1 0 3 1 1 0 5 1 0 2 5 5 1 0 5 2 1 5 0 4 1 5
   1 0 3 4 4 0 0 1 2 2 5 3 0 3 1 4 2 1 2 4 4 0 1 0 5 2 3 1 3 5 1 4 0 4 0
   3 0 0 4 0 4 1 1 4 5 5]
  [0 3 1 0 0 1 2 3 5 3 1 3 0 5 0 2 0 4 5 3 2 4 1 2 2 1 5 2 3 0 0 0 5 4 4
   1 0 5 3 2 0 4 4 4 4 4 2 4 2 4 2 3 1 2 2 2 2 2 1 5 0 1 4 5 5 2 5 2 5 0
   0 2 0 3 4 3 4 4 5 5 4]
  [0 1 5 4 1 5 5 0 4 5 4 0 4 2 2 3 1 2 3 3 3 4 2 2 2 1 4 1 3 5 5 5 0 2 0
   4 1 4 5 2 3 2 2 1 2 0 5 1 0 1 5 0 5 2 1 1 2 0 1 1 3 0 2 3 3 2 3 2 0 4
   3 0 1 1 3 4 5 4 3 1 0]
  [0 4 5 2 4 4 0 2 2 4 5 1 1 5 3 2 0 2 2 4 3 1 5 5 2 4 3 3 4 3 4 4 5 0 4
   0 0 2 3 5 2 0 0 3 3 4 5 3 4 2 0 5 3 2 4 2 4 3 1 2 5 2 2 3 3 4 1 2 2 2
   2 5 0 1 2 4 3 1 5 4 5]
  [0 0 5 4 3 2 0 2 5 3 4 2 0 4 3 5 3 2 4 0 4 3 3 3 4 2 1 4 1 0 3 4 0 4 4
   1 0 3 3 1 3 4 4 3 3 3 5 1 2 0 1 2 2 1 4 1 3 4 0 5 1 4 1 2 2 5 2 3 2 3
   5 3 0 0 1 1 0 4 4 2 4]
  [0 4 2 0 1 1 3 5 0 0 3 1 4 5 1 1 5 3 3 3 1 2 4 2 0 5 2 1 4 4 3 5 4 0 1
   0 5 5 2 1 4 5 0 0 1 2 5 4 0 1 5 2 5 2 3 5 2 3 2 3 4 2 1 3 4 4 4 1 5 3
   2 0 4 5 0 2 1 5 0 0 1]
  [0 0 0 1 0 0 2 3 4 4 2 0 4 2 1 0 5 3 4 0 4 4 2 2 5 1 3 2 1 1 5 3 1 3 3
   2 4 3 5 3 5 0 5 0 2 3 4 2 2 4 5 1 3 1 1 0 3 2 3 1 0 4 2 3 3 2 3 0 5 0
   1 4 4 3 0 0 0 4 4 3 0]
  [0 3 3 5 4 3 3 4 3 0 1 5 1 2 2 0 2 4 0 1 2 1 5 5 3 3 4 3 2 0 3 4 2 1 0
   1 1 4 3 3 1 3 0 3 0 5 0 3 5 3 3 4 4 4 4 2 0 3 1 3 3 5 4 3 0 0 3 5 4 4
   4 1 2 2 5 1 0 2 0 1 1]
  [0 5 5 0 0 0 5 4 5 3 5 3 2 1 3 0 3 5 3 1 0 1 0 3 0 1 4 0 2 3 0 1 4 3 2
   1 3 5 0 0 5 3 3 3 5 2 1 2 5 1 2 3 3 1 1 1 1 3 0 0 2 2 2 0 5 0 1 2 3 1
   2 5 5 2 4 2 2 0 4 3 2]
  [0 3 2 1 2 2 1 4 2 1 3 4 4 1 3 0 5 5 3 3 3 3 5 0 0 5 2 1 2 5 3 5 2 5 5
   1 1 0 5 1 5 2 1 2 2 5 0 2 1 1 1 4 2 5 3 5 2 2 0 1 5 0 0 1 4 4 0 0 5 4
   4 1 4 2 5 3 5 1 0 1 1]
  [0 5 4 4 3 0 5 5 3 0 5 1 2 5 1 0 5 0 4 0 3 1 5 2 0 3 0 2 1 4 0 4 4 0 2
   2 4 4 5 2 0 0 4 3 2 1 3 2 0 3 1 2 3 3 5 5 4 3 2 2 1 4 4 4 4 1 2 2 3 5
   1 3 5 1 5 3 0 2 0 0 4]
  [0 4 0 4 4 4 3 3 4 1 4 3 5 0 5 4 4 0 1 0 2 0 2 2 3 5 5 2 1 4 5 1 1 5 3
   0 2 2 2 4 5 5 0 0 3 4 3 4 0 3 0 4 5 5 1 2 5 1 5 0 3 5 1 5 3 5 2 1 3 4
   3 4 2 1 2 1 3 4 3 3 0]]]
release_time
[  0 311 688 746 334 636 161 579 382 549 581 602 462 165 709 242   4 701
 304   5 190 210 686 125 375 691 680 140 530 685   1 743 620 573 679 586
 559 512 488 107 721 739  10 369 682 451 615 574 484 391 570 429 744 564
  15  90 666 561  56 569 557  20 743 716 730 519 125 624 402 122 601 686
 501 544 161 592  88 646 538 598 136]
due_date
[  0 361 750 794 420 703 227 654 402 578 639 604 542 227 734 337  91 714
 371  81 241 303 724 180 427 724 777 218 579 732  81 812 671 619 679 690
 585 588 582 196 792 812  54 383 750 544 649 590 571 476 578 456 778 614
  40 182 704 617  64 591 616 108 790 762 809 570 193 675 490 148 639 709
 604 602 173 673  92 701 620 690 204]
unit_emission
[15 18 10 16 17  6 20  7 13 10]
emission_limit
54951.0
setup_severity
0.02
due_tight
0.3
due_range
1.0
release_tight
1
degree_constr
0.5
