mach
10
job_rate
8
weight
[ 0  6  5  8  9  1  8  5  4  5 10  7  8  6  6  9 10  7  2  4  8  5  7  9
  6  7  2  4  9  1  3  3 10  5 10  7  8  2  4  1  8  7  8  3  4  7  8  1
  8  4  9  6  9  1  8  3  6  2  6  4  3  2 10  6  8  5  1  4  5  6  8 10
  4  8  9  3  8  5  2  1  3]
proc_time
[[  0  65  82  89 105 123  77  66  78  82  95  88  73 142 137 101 140  99
   72 120  86  93 119  91 120  86  58  74 135 118  68 135  59  82 106 114
  125  57 127  80 142 133 105  87 100  50  57 109  66 109 136 121 149  69
   56 138  96  87 129 105  58 143  73 109 101  57 122 144 134 115  88  83
   54 108 147 136 106  58  85  72  73]
 [  0  85  54  95 105 139 115  86 136 134 103  75  51 127 142 143  66 149
   85  52  58 105  79 130  75  75  78  61  64  75  50  63  86  97 123  73
   86  89 132  52  96  92  99  94 119 119  85  61 110 108 102 107 130 118
   76 133 131  94  97 141 150  98 109  61  51 115 120  63  96  75  83  77
  142 119 132  53  94 142  97 137 113]
 [  0  64  78  76 149 112  92 125 141  55  57 121  94  86  65  56 115  75
  103 119 117 105 105  89 142 141 124 126  93 148 136  54 150 123 147  74
   82 131  86  85 149 127 122  50  74 133  73 143  63 134 146 146  66 142
  141 147  90 150  84 115 126  64 121 134 126 147 147 132  65  95 128 125
  108  96  74  63 117 128  57  50 140]
 [  0  55 135  99 115 149  71 114  75  76 112  62 130 128 120 109 129 123
   86 121  53 123 117 142  63 107 103  82  64  91 123  83 110 114 135 116
  150  90  87  60 149 126 111  95  92  56  62 109  62  61  60 109 119  88
   66 145 100 113  74 122 124  95  86  83  65  93 145  74 131  85  62  78
  119 132  76 106 104 110 140 122 110]
 [  0 142  90 123 117  82  66 128  65 118 119 141 107  82  56 112  60 136
   78  71  81 118 133  63 123  79  68 130 137 104 142 139  50 118 123  84
   71  65  84  77  51  82  78  76  97 132  77  63  68 115  54  57  69 121
  100  66  76  77  89  81 106 119 130 132  93  78  96  66  66  72 134  95
  133 137  60 110  87 107  51 143  53]
 [  0  65  88  60 101  83  86  81 105 145 134  68  68  86  83  74  89 112
   87  76 102 138  50  52  94  70 116 132 150 142  52  57  95 142 115 115
   90 142  99 132 132  53 124 147  50 137  98  68 122  58  61 103 143  51
   94  73 122 114  81 132  99 148 108 101  80 118 145 111 133 132  97 112
   85  94  59  95 110  90 103 131  50]
 [  0  82 123  58 138  82 131  98  81  97  57  91  78 120 113 132  99 128
  102 110  55  99  78  62  60  71 127  54  90  80  60  63  55  62 144 128
  140  62  91  97  50 114 139 134 119  84  94  81 113 136  74 140 130  79
   72  81 135 120 111 133  66 120 145  86 102 119  96 136 133 124  80 117
  149 146  62  93 136  87  56 107 107]
 [  0  83 117 116  96  76  69 149  57  89  81 146 130 135  97  73 137  54
  124  76 131  69 145 116 101 149 139 147 119 100 139 144 111  79  94  88
  135 115  71 137 127  87 143  95 103  63 121 135 147  85 123 147 123 108
   87  52 107 133 117 148 109 127  76 140  62  51 110  54  68 129  92 107
   97 142  95 147 138 128 127 116 103]
 [  0 140  61  96  89 107 107 112  65 127 104 107 140 133 148  77  98 126
   76 117 149  98 139  77  79 113  82 110 108  89  88 127  88 130 117  68
   88  56 126  99 127  81  66 138 118 125 137  89  68 110  53  79  98  56
   97  82 133  81 100  83 130 122 136 119  70  80  96 106  97  87 124 148
  148  74  85 115  76  77  97  94 105]
 [  0 129 129 150 125 101 109 137  60 113  63 108 137 130  66  82  82 117
  124  58 139 124 136  85  56 113  74 143  89  51 148  76  66  50 145 130
   97  99 121  93  85 110 113  99  52 146  76  96  84  60  52  91 125 119
  115  66 103 111  75  94 104  59 100  88  63 128 145 135 138 112  88  73
   66 109 107 123 124 137  93 103  50]]
setup_time
[[[0 1 1 5 5 0 2 3 5 3 4 4 2 1 0 2 4 3 4 5 3 0 3 5 5 2 1 2 4 0 3 0 5 2 2
   3 4 0 3 0 0 1 0 5 3 5 0 1 3 4 2 3 2 0 5 5 4 5 2 2 5 2 4 5 3 0 1 1 0 5
   2 2 3 0 1 3 0 2 2 0 4]
  [0 0 1 5 0 5 0 4 4 1 1 3 4 2 0 5 2 2 1 5 0 2 3 5 5 3 3 0 5 2 5 2 5 5 0
   2 1 0 5 4 2 2 2 4 1 0 3 1 2 0 4 0 3 2 4 2 2 3 3 0 1 4 5 3 0 1 3 5 2 1
   3 5 2 2 1 3 3 4 0 4 4]
  [0 2 0 0 0 0 1 1 4 1 3 3 4 2 4 5 1 1 3 1 3 0 0 5 3 2 0 4 0 3 0 3 5 4 3
   0 1 3 3 1 2 0 2 1 1 3 2 4 1 3 0 0 1 2 0 2 0 0 3 1 1 2 4 5 1 5 0 4 2 4
   0 3 2 5 1 5 3 3 2 4 4]
  [0 3 3 0 1 1 3 5 1 1 1 4 0 5 4 1 1 0 2 5 1 1 5 2 2 5 2 4 1 4 2 0 3 3 0
   4 3 5 5 0 0 3 4 3 4 4 5 1 4 5 5 1 1 3 5 0 2 5 3 0 3 3 5 4 5 4 3 4 2 5
   5 0 1 4 4 0 2 1 2 2 5]
  [0 2 1 2 0 5 4 5 0 3 1 1 5 4 2 0 4 2 4 2 3 3 1 2 2 3 5 4 5 2 5 4 1 5 2
   5 1 1 5 3 5 3 3 1 4 3 4 1 2 3 4 2 5 1 3 0 2 2 5 1 2 0 5 3 2 3 0 0 1 5
   1 4 3 5 5 3 2 4 5 0 4]
  [0 4 1 1 3 0 1 3 3 2 5 2 2 2 3 5 1 2 2 4 2 5 4 0 3 3 2 0 4 2 3 0 4 3 5
   2 3 4 4 2 5 1 0 1 3 5 1 3 1 5 4 1 5 4 5 2 2 4 2 3 1 2 3 3 4 4 4 1 4 2
   1 0 0 1 4 4 3 0 2 5 5]
  [0 5 4 1 0 4 0 5 1 0 0 5 4 3 1 0 3 5 0 2 0 2 2 2 3 0 5 0 3 3 0 2 3 3 1
   3 4 5 0 1 0 0 1 5 5 5 1 3 1 1 1 4 0 3 2 2 0 2 0 3 5 5 2 4 3 5 2 3 5 0
   4 5 1 5 5 0 1 3 5 3 5]
  [0 4 5 2 0 4 5 0 5 0 5 0 1 4 5 5 5 4 1 4 2 1 0 3 2 2 2 3 1 1 5 0 2 4 1
   1 5 5 1 1 0 3 3 2 2 0 2 1 0 0 5 4 2 1 4 4 4 4 1 0 0 1 5 1 4 1 4 4 0 2
   4 3 0 1 2 0 3 2 3 4 1]
  [0 2 2 3 4 0 1 3 0 2 4 5 1 2 3 5 3 3 4 0 1 1 2 4 5 3 2 3 2 4 1 5 4 2 0
   5 2 2 1 0 2 3 2 1 0 1 4 3 0 0 5 5 0 3 5 5 3 4 1 3 0 4 4 4 4 1 3 1 4 1
   1 3 2 3 2 1 1 5 0 5 5]
  [0 5 0 4 5 2 5 4 3 0 5 4 0 0 5 1 5 0 2 0 4 1 2 1 5 3 0 3 0 5 5 4 4 3 4
   2 3 3 0 1 4 2 2 4 5 4 4 2 1 3 4 5 0 0 2 0 2 5 2 0 0 0 5 5 1 2 3 5 2 4
   2 4 2 2 2 1 5 0 1 5 4]
  [0 1 2 3 4 4 3 2 4 0 0 2 4 5 4 2 1 4 0 1 4 2 2 4 1 3 1 4 4 1 3 5 1 1 2
   1 5 0 2 1 1 5 3 1 3 0 4 0 5 4 0 3 5 2 5 1 2 4 4 5 2 0 1 1 3 5 3 5 0 3
   4 1 0 4 0 0 3 4 1 3 1]
  [0 4 1 3 0 0 0 1 4 5 4 0 4 0 0 4 2 3 5 5 4 0 0 2 3 4 0 4 0 1 4 0 4 2 1
   0 5 1 0 3 5 0 4 5 5 4 3 2 5 0 0 3 1 0 0 3 2 5 4 5 0 5 4 2 3 3 0 3 1 3
   1 3 4 5 0 4 2 5 4 3 4]
  [0 2 0 2 1 4 5 0 1 0 0 0 0 2 2 2 0 5 3 0 0 1 4 1 0 3 0 2 1 4 1 5 0 2 2
   3 4 4 5 5 2 3 5 2 0 1 2 4 3 4 1 5 2 5 1 1 4 0 5 0 0 4 3 2 1 1 2 4 1 5
   1 1 5 1 2 2 5 1 3 3 5]
  [0 5 5 4 3 1 3 5 0 4 0 0 5 0 4 5 5 3 1 2 2 3 5 2 5 0 1 4 4 2 1 5 2 5 3
   0 0 1 3 2 1 0 4 2 5 1 5 4 2 0 1 5 3 1 2 2 4 3 0 5 3 2 3 4 2 0 4 1 0 1
   0 3 5 4 3 3 2 3 0 1 2]
  [0 1 4 2 5 3 1 4 4 5 3 5 4 4 0 0 5 2 1 3 3 0 4 4 4 3 1 3 0 4 2 0 0 0 5
   0 0 2 1 4 1 2 4 4 2 5 1 1 0 0 5 4 4 0 4 5 1 3 5 5 5 4 2 0 5 4 0 0 5 1
   1 0 0 2 0 5 3 1 5 4 5]
  [0 5 0 0 3 5 4 4 4 2 3 1 1 1 4 0 3 0 4 0 3 0 2 2 5 4 2 2 2 4 5 0 3 1 3
   4 4 1 1 2 2 2 2 1 4 3 2 2 5 5 4 1 0 3 4 4 3 3 2 2 4 3 2 3 5 0 2 0 1 1
   2 1 1 3 4 0 5 5 0 5 1]
  [0 0 0 0 5 5 3 4 4 2 0 4 3 2 1 5 0 0 2 4 1 3 0 1 2 4 5 1 1 4 0 4 0 3 3
   0 3 1 2 5 4 1 0 0 5 2 3 2 4 3 4 2 1 2 1 3 1 1 5 2 4 3 1 4 5 2 2 3 5 1
   5 0 0 3 3 4 3 0 5 5 4]
  [0 5 4 2 1 1 5 3 1 1 3 4 1 0 3 1 4 0 1 3 2 4 2 0 4 4 0 5 1 2 2 4 5 0 5
   5 3 5 3 0 5 3 0 0 4 2 0 4 4 1 2 4 3 1 4 5 0 2 3 1 2 1 4 1 4 0 5 0 1 3
   2 0 3 0 5 4 5 0 5 1 5]
  [0 3 4 2 2 3 5 3 1 4 1 2 5 0 1 3 1 3 0 3 3 0 0 2 0 0 3 0 5 0 2 1 2 1 2
   0 3 4 1 2 1 0 0 5 0 3 2 2 5 0 1 5 2 3 4 4 4 1 3 0 2 5 4 0 3 1 2 3 0 0
   5 2 0 2 4 5 5 2 1 5 0]
  [0 1 3 2 0 5 0 0 0 0 1 1 0 2 0 0 5 4 2 0 3 2 3 3 2 2 5 4 0 2 2 0 5 3 5
   4 0 5 1 5 4 3 4 0 3 0 0 0 5 2 0 0 0 4 3 3 4 0 3 3 0 2 4 1 1 5 4 4 2 5
   2 0 0 4 0 3 2 0 0 2 4]
  [0 2 2 0 1 5 2 3 4 2 1 0 3 0 4 4 2 5 4 2 0 0 4 2 1 3 5 1 1 2 5 4 5 4 4
   1 5 1 0 5 2 3 2 3 1 3 4 5 0 3 4 4 2 1 3 4 1 3 5 0 5 0 2 5 5 3 4 4 5 4
   1 4 3 0 4 4 2 5 1 2 4]
  [0 1 5 4 0 0 0 3 3 4 5 3 5 4 0 4 5 3 4 5 5 0 3 5 2 4 1 5 5 1 3 1 0 3 0
   5 5 2 1 1 2 2 5 2 5 1 3 3 0 3 5 4 3 5 0 1 3 1 0 2 5 4 2 5 0 5 2 4 1 3
   5 5 4 3 3 2 5 4 5 3 4]
  [0 2 5 0 0 4 2 1 4 1 0 1 5 0 1 4 3 2 4 0 3 3 0 3 4 4 2 3 5 3 1 5 1 5 2
   4 3 0 2 3 2 2 1 5 2 2 5 2 2 4 3 2 0 3 2 3 5 4 5 4 2 1 5 3 0 0 5 0 1 2
   4 5 1 2 1 0 5 5 1 5 2]
  [0 4 1 0 2 4 0 3 1 2 3 1 1 2 2 0 2 5 4 4 2 3 5 0 3 2 3 3 3 1 0 0 3 0 2
   2 2 0 5 4 3 4 1 1 1 2 3 1 1 5 5 5 3 4 1 2 4 4 4 1 1 1 0 3 4 4 3 3 0 2
   1 0 4 4 1 1 2 4 5 5 3]
  [0 0 0 3 1 1 2 0 1 5 1 3 3 4 5 4 4 4 0 0 4 1 3 4 0 5 0 1 0 0 1 0 4 1 2
   1 0 2 0 5 1 2 2 5 0 4 3 3 0 5 2 5 5 1 5 1 4 1 5 3 3 4 4 2 2 3 5 1 0 4
   0 5 3 4 2 3 3 3 4 2 0]
  [0 1 2 2 5 1 2 5 5 1 2 0 3 1 1 4 2 5 4 0 4 4 2 3 3 0 4 1 3 2 1 2 1 0 3
   5 1 2 1 0 0 5 3 5 4 2 3 4 5 1 4 3 4 0 2 2 5 5 5 0 2 3 3 4 5 4 0 0 5 1
   0 3 5 5 5 0 4 3 4 3 4]
  [0 1 5 1 1 4 0 4 0 2 5 5 1 1 1 5 2 5 2 5 1 2 1 2 3 3 0 4 3 3 3 0 1 2 0
   5 1 1 3 1 0 5 0 5 0 5 1 1 2 2 5 1 5 2 0 2 3 3 1 3 0 1 4 5 3 3 4 1 4 2
   3 0 1 0 3 2 5 0 5 5 0]
  [0 1 3 3 0 1 5 0 2 4 0 2 1 2 2 3 5 3 4 4 0 1 0 3 2 0 0 0 3 2 5 1 2 2 1
   0 0 2 4 2 3 5 0 4 2 1 5 1 4 3 4 1 4 2 1 2 4 2 4 4 5 1 2 2 2 5 0 4 0 0
   0 5 1 4 3 5 3 0 4 3 3]
  [0 4 5 3 2 3 4 4 5 4 5 0 1 5 4 3 4 3 3 5 5 4 0 4 5 3 4 2 0 5 1 0 4 1 2
   2 4 0 2 0 2 2 4 3 1 2 4 1 4 3 4 5 5 2 1 3 5 2 3 5 2 2 3 3 1 5 3 0 4 0
   2 5 4 0 1 5 5 3 5 3 1]
  [0 4 2 1 5 0 0 2 5 4 5 1 3 2 1 5 5 5 5 1 3 2 2 5 1 4 2 2 4 0 5 2 4 3 4
   5 1 3 4 4 0 0 1 0 1 2 1 4 1 3 5 0 1 2 2 1 5 1 1 2 2 1 3 0 2 3 3 4 4 2
   5 3 0 1 4 0 3 4 0 2 5]
  [0 5 1 4 4 2 4 3 3 2 3 1 4 3 3 0 2 2 4 0 5 5 5 0 4 4 3 1 4 3 0 4 3 1 3
   1 4 4 5 0 2 3 2 0 3 0 5 1 2 2 3 1 4 5 0 1 2 5 3 3 0 0 4 3 0 1 3 0 2 4
   3 0 5 2 4 4 3 4 4 3 4]
  [0 3 4 4 5 4 2 4 5 4 3 5 5 1 3 3 5 1 5 0 1 0 2 3 3 0 1 3 2 5 3 0 5 1 2
   2 1 4 4 2 0 5 0 5 3 2 2 5 4 2 4 0 4 0 0 4 0 4 5 4 1 3 1 1 1 1 5 1 4 5
   4 1 2 0 5 2 4 4 5 3 0]
  [0 5 5 2 4 0 0 0 0 3 5 5 2 5 3 2 1 5 2 5 4 5 5 2 4 2 3 2 4 2 4 1 0 0 4
   3 5 1 1 1 4 1 0 5 1 4 1 0 4 5 3 5 3 4 5 0 0 0 0 4 2 3 4 2 2 2 4 4 5 0
   3 0 3 5 0 0 0 4 4 2 1]
  [0 4 4 0 2 1 4 3 3 4 4 1 1 4 2 2 1 3 3 2 4 5 1 5 1 3 1 3 5 1 2 4 4 0 0
   5 2 5 3 4 2 3 1 1 4 5 0 3 2 5 5 0 4 0 3 3 1 0 3 3 3 3 3 2 0 0 2 3 3 0
   1 4 3 1 5 4 3 5 2 0 1]
  [0 5 2 0 0 4 5 2 2 1 2 2 2 3 3 4 0 3 4 4 0 0 5 0 4 5 3 5 5 1 1 5 5 0 0
   4 3 1 4 2 0 2 1 5 1 0 3 2 3 5 1 3 1 0 1 5 2 4 0 4 3 5 5 1 1 3 1 1 2 0
   1 4 2 1 1 1 2 4 0 5 1]
  [0 2 0 0 0 1 4 3 0 0 5 4 4 0 3 0 2 3 0 4 2 1 4 2 3 1 0 0 1 5 3 2 2 5 3
   0 3 2 3 3 2 0 0 1 2 1 5 5 2 1 0 0 0 4 4 4 5 5 1 1 5 1 1 2 1 5 3 5 3 4
   4 4 2 4 3 1 2 3 5 3 1]
  [0 4 3 1 4 4 3 4 1 4 1 5 4 2 2 3 2 1 2 1 4 4 2 3 0 0 1 3 4 5 3 1 5 0 3
   3 0 3 4 3 3 4 2 1 0 1 1 2 2 0 5 1 0 1 4 1 1 0 4 4 4 1 4 0 1 3 1 1 5 5
   0 4 4 3 3 5 5 0 4 2 0]
  [0 2 4 1 5 2 5 1 3 4 2 5 3 5 4 2 1 5 4 2 3 3 0 2 1 3 0 5 5 0 5 3 5 2 4
   5 5 0 0 4 4 3 5 2 5 3 4 1 5 3 1 4 4 3 5 4 0 5 2 0 4 5 0 1 0 3 1 2 4 5
   3 4 5 0 3 1 1 0 0 4 2]
  [0 4 2 1 3 0 3 0 4 1 1 3 5 3 3 1 3 2 1 0 2 1 3 4 0 1 3 2 1 1 1 3 2 2 3
   1 3 1 0 2 3 2 5 0 5 2 1 3 1 2 3 4 2 5 2 1 3 4 3 3 0 0 3 4 2 5 2 1 2 5
   4 0 0 2 1 1 2 5 1 3 4]
  [0 5 2 5 3 2 1 4 4 2 5 3 1 2 3 3 1 1 4 1 4 3 4 5 1 4 1 4 3 4 1 0 0 1 0
   0 1 0 5 0 5 2 5 2 0 0 2 5 0 4 4 1 3 2 2 1 4 3 3 1 4 0 4 3 4 3 5 1 5 5
   0 5 0 3 0 0 5 5 0 3 2]
  [0 3 2 5 1 4 0 4 1 2 2 4 5 0 2 2 2 4 1 1 4 1 2 2 1 2 0 2 1 0 3 3 0 1 5
   0 2 2 1 2 0 1 5 2 0 2 5 2 0 3 5 1 4 5 5 4 5 5 4 5 3 2 1 3 3 5 5 1 5 3
   5 5 4 5 2 4 2 5 2 1 0]
  [0 1 4 0 5 1 1 2 3 4 0 2 0 1 2 0 0 5 0 0 0 2 4 3 0 1 4 5 0 5 1 3 0 5 3
   4 0 3 4 5 0 0 3 3 3 5 5 5 4 2 0 1 0 2 1 5 2 0 5 4 5 3 1 4 2 5 2 2 2 3
   3 1 2 1 4 1 0 2 3 0 4]
  [0 1 5 2 5 1 2 4 2 2 5 5 0 0 1 0 1 4 5 4 4 5 2 2 1 1 1 0 5 0 4 3 5 3 3
   5 1 5 2 3 1 4 0 1 1 0 2 4 0 4 5 4 3 4 1 4 5 0 1 1 1 5 3 2 4 2 4 5 0 5
   2 1 4 1 4 4 3 3 5 2 5]
  [0 1 2 1 4 2 1 5 0 1 4 2 1 4 5 5 1 1 3 4 0 0 1 0 1 3 5 2 5 4 2 1 1 2 4
   1 2 1 2 1 3 3 0 0 1 5 2 4 5 0 0 1 2 3 3 1 1 3 4 1 5 3 4 1 0 4 0 2 4 5
   1 5 4 0 1 3 4 0 3 4 4]
  [0 5 2 2 4 4 3 4 4 3 4 2 5 4 4 4 2 0 1 3 0 4 5 4 2 0 2 2 4 4 5 2 4 4 3
   4 0 3 0 5 1 1 5 0 0 5 3 0 4 5 5 5 2 5 5 2 0 4 1 1 2 5 5 1 5 3 0 5 3 0
   5 0 4 5 0 3 3 1 1 1 2]
  [0 1 4 5 2 3 4 4 3 4 5 3 3 4 1 2 4 4 4 1 4 5 4 3 5 3 3 3 1 5 1 1 4 1 5
   5 1 1 4 5 3 4 4 2 2 0 4 1 1 3 4 3 1 2 2 3 0 2 5 1 4 0 1 3 5 4 3 3 4 2
   0 1 1 2 2 1 4 3 2 4 4]
  [0 3 0 4 2 4 1 1 3 3 2 3 0 2 3 4 0 2 2 2 2 1 0 5 4 3 4 5 0 4 1 3 5 0 5
   1 4 3 2 3 3 3 1 5 3 3 0 2 0 5 2 2 5 5 4 1 0 5 1 4 3 5 4 0 1 1 2 2 5 4
   5 0 5 0 2 3 5 1 3 1 4]
  [0 5 0 3 4 2 5 5 2 0 0 2 3 3 5 4 4 2 2 1 0 3 5 2 2 4 1 1 4 0 0 3 2 3 0
   5 1 0 4 0 4 3 2 4 2 1 4 0 3 2 3 2 1 5 1 3 1 4 2 5 4 5 3 1 4 5 0 0 4 5
   5 1 0 1 3 3 3 3 4 4 0]
  [0 2 5 0 1 2 3 0 0 0 1 2 2 2 5 4 2 4 1 1 1 2 4 3 0 5 0 1 5 3 2 0 2 4 3
   2 4 2 0 3 2 0 0 0 5 4 1 3 0 0 1 5 0 3 4 0 0 2 5 0 0 1 5 4 3 4 2 2 5 5
   0 4 1 5 0 0 0 0 0 3 4]
  [0 0 0 1 3 4 0 3 3 1 1 4 0 2 1 3 2 4 5 3 5 3 3 3 2 5 3 2 1 2 1 4 3 5 0
   3 5 4 5 4 2 3 3 3 0 5 3 5 1 0 5 0 3 3 3 5 2 2 1 1 3 1 2 2 4 4 5 3 4 4
   4 1 1 2 4 2 3 0 1 5 3]
  [0 0 1 4 5 4 5 4 4 1 1 3 1 5 3 2 3 4 2 5 1 5 4 2 0 4 3 2 4 3 0 5 0 3 4
   4 1 4 5 3 3 4 2 2 5 2 2 1 2 0 0 2 2 2 3 3 1 0 4 5 1 4 2 2 2 0 3 4 5 4
   4 3 1 3 5 0 1 1 3 4 0]
  [0 5 4 2 3 2 1 0 5 4 3 2 0 1 2 2 4 2 4 0 0 1 4 4 4 5 1 0 1 4 5 0 5 4 0
   1 2 5 5 0 1 4 4 2 2 3 4 4 0 1 4 0 2 3 4 0 2 4 5 0 1 0 0 5 3 0 0 4 2 3
   1 0 2 5 4 4 3 3 2 0 0]
  [0 2 5 5 5 3 4 3 3 2 1 3 0 2 1 5 2 4 2 4 0 2 1 2 0 5 0 5 4 1 2 1 5 5 0
   0 4 1 5 4 5 3 0 3 5 2 3 5 4 1 3 1 0 0 0 5 5 0 5 1 4 0 4 0 5 1 2 1 2 4
   0 2 0 5 0 2 4 5 3 0 4]
  [0 5 3 2 3 1 2 4 1 1 3 0 5 2 0 3 5 3 5 5 5 5 0 0 2 4 5 1 4 5 3 4 5 1 2
   1 0 0 2 4 3 0 1 5 5 1 2 2 4 4 5 1 4 0 2 2 2 4 0 3 2 5 4 4 0 4 4 5 5 0
   5 1 4 0 4 0 5 1 0 1 3]
  [0 3 5 3 0 4 1 2 1 1 5 4 3 1 0 1 2 4 2 0 4 4 2 5 3 1 5 1 5 2 4 5 3 0 5
   2 1 4 2 5 2 2 3 0 2 0 3 3 2 4 3 1 4 0 0 5 5 1 3 4 4 0 3 1 5 4 1 2 5 0
   2 3 0 2 3 4 1 2 0 4 3]
  [0 5 0 5 0 5 0 3 2 5 4 5 3 0 2 2 1 4 5 2 4 0 3 2 0 3 3 4 4 5 1 3 4 5 4
   1 0 4 5 1 4 1 3 3 4 2 3 5 3 5 4 0 0 0 3 0 5 4 2 4 0 2 4 1 2 5 4 5 5 4
   2 3 0 3 2 2 2 0 3 4 0]
  [0 4 2 4 4 4 5 2 5 5 2 1 2 0 2 2 4 5 2 2 1 3 3 1 2 5 5 4 1 0 2 5 0 4 5
   1 3 2 0 3 1 2 4 0 0 2 5 4 0 1 4 1 3 3 0 2 0 0 2 3 5 0 5 2 2 3 2 3 1 3
   2 1 0 2 5 0 2 4 4 0 1]
  [0 3 3 1 5 1 3 2 5 0 2 1 0 3 3 1 4 0 2 3 0 0 4 1 2 4 2 3 0 5 5 1 5 4 4
   1 5 4 1 1 1 2 5 4 0 2 0 1 3 3 0 3 5 0 4 0 2 0 5 2 2 3 2 3 3 5 3 1 1 5
   5 4 3 4 5 2 4 5 1 5 3]
  [0 5 5 0 3 3 5 5 5 5 3 5 4 2 2 4 5 0 4 2 5 5 4 3 5 0 0 2 4 5 1 4 3 3 2
   1 1 3 3 0 1 1 1 5 2 0 1 5 2 2 0 1 1 0 4 4 1 3 0 0 1 1 4 0 3 4 5 3 2 0
   4 1 2 0 3 0 5 1 1 2 4]
  [0 5 2 2 2 1 2 1 4 3 2 5 2 3 1 5 5 3 4 5 1 5 2 1 2 1 1 2 2 2 5 0 0 1 4
   5 3 4 0 0 2 2 4 4 1 0 3 3 5 2 5 1 1 4 4 1 3 0 1 0 4 5 5 5 5 3 5 2 2 5
   3 5 0 2 2 3 0 2 5 1 3]
  [0 1 2 5 3 4 3 1 5 0 3 3 0 1 1 0 4 1 0 5 2 1 4 0 1 1 0 0 1 1 4 2 0 2 1
   5 2 4 0 5 0 3 4 2 2 1 2 0 3 5 4 4 1 4 3 3 0 0 5 2 0 1 4 2 0 0 1 4 5 1
   2 3 1 0 4 1 5 5 5 4 1]
  [0 5 5 3 3 0 4 5 0 2 4 1 2 3 0 5 0 0 4 5 4 0 5 0 3 0 3 4 0 2 1 0 0 4 2
   3 5 3 1 4 2 4 5 2 2 1 1 4 1 1 1 1 2 0 3 2 3 0 2 3 2 0 0 5 5 4 5 0 1 0
   1 4 3 1 2 2 3 1 1 4 3]
  [0 2 4 3 4 0 3 3 2 5 2 4 3 5 5 0 3 3 5 1 3 5 3 3 3 0 5 0 3 1 1 1 4 1 4
   1 5 2 3 3 3 3 3 1 5 0 1 4 4 4 5 1 5 3 0 2 1 0 5 4 4 5 0 5 5 1 2 5 1 2
   1 5 0 0 4 4 1 0 4 5 2]
  [0 0 1 5 4 4 0 5 4 2 0 4 0 2 4 5 1 2 4 4 0 3 5 1 1 4 1 3 5 5 5 3 1 5 4
   1 0 1 2 0 2 3 3 4 0 2 2 2 2 2 4 4 1 2 3 0 3 3 2 4 0 1 0 0 2 5 2 3 5 1
   3 2 2 2 2 1 3 4 2 4 3]
  [0 1 1 3 1 4 5 2 2 1 4 3 3 3 0 1 2 5 3 3 1 1 1 3 1 1 0 3 2 1 3 2 0 1 1
   0 5 5 2 1 5 5 0 2 3 0 0 3 0 4 2 1 1 3 5 1 1 0 4 4 1 5 3 5 0 3 5 1 0 4
   3 1 4 4 2 3 3 4 1 4 3]
  [0 5 0 2 2 0 1 4 4 2 2 1 3 3 4 2 4 0 4 5 1 2 4 4 2 2 2 5 4 5 5 0 2 5 5
   2 1 4 0 1 4 3 0 2 1 1 2 3 1 0 5 2 3 1 1 5 5 1 1 0 0 3 4 3 0 0 0 1 0 3
   4 0 3 1 2 0 0 3 5 2 1]
  [0 3 0 4 1 0 5 5 5 4 4 1 4 3 5 3 1 3 5 1 2 2 4 1 5 0 5 0 2 3 4 2 1 1 5
   0 0 2 1 5 1 0 5 4 3 4 4 4 2 3 4 5 4 1 3 5 4 3 0 4 5 1 2 2 0 0 0 0 0 1
   4 5 3 4 3 4 2 5 2 3 4]
  [0 0 0 4 0 0 2 0 3 3 5 5 5 2 0 2 4 2 0 3 3 2 5 4 3 0 3 4 1 2 3 3 1 4 2
   4 0 5 2 4 1 0 2 4 2 1 0 1 5 3 2 2 1 5 5 1 3 0 3 3 0 4 1 3 4 1 5 0 0 1
   5 4 0 4 5 0 0 0 2 4 2]
  [0 3 0 2 0 4 5 3 5 3 4 3 2 4 5 5 0 5 0 5 2 3 1 3 4 1 5 3 3 3 1 2 3 1 5
   3 1 0 1 5 0 5 1 1 0 1 3 5 1 2 5 1 2 2 0 1 4 0 3 4 0 1 0 1 5 3 4 3 0 0
   4 5 2 0 3 2 2 1 0 1 5]
  [0 0 5 1 3 5 3 2 1 2 1 4 1 2 3 2 2 5 5 2 4 5 5 4 2 0 0 4 4 3 4 5 0 4 4
   3 5 1 0 3 0 0 1 0 2 1 0 2 0 5 4 3 1 3 5 2 1 2 4 3 5 2 3 1 3 3 3 1 3 0
   2 0 2 3 4 4 4 0 2 2 0]
  [0 1 1 0 2 4 1 4 5 0 1 2 5 3 5 0 3 0 3 5 5 3 5 4 3 3 3 5 0 5 5 1 4 0 1
   4 3 5 3 1 1 1 2 0 1 0 2 0 4 1 4 5 1 5 1 1 4 5 2 0 1 3 5 4 3 5 0 2 4 5
   0 5 0 1 2 5 4 0 2 2 0]
  [0 2 1 3 4 2 3 5 4 2 4 2 4 1 0 1 2 3 1 0 0 4 1 2 2 3 2 4 3 4 1 1 4 2 5
   2 4 3 0 4 5 0 4 5 2 3 2 3 5 4 0 4 2 4 4 2 5 1 4 5 1 0 4 5 5 3 0 3 4 0
   2 0 0 0 5 0 4 5 2 5 0]
  [0 3 2 2 4 5 4 3 1 2 1 0 2 3 2 0 2 4 5 1 2 3 3 2 5 4 3 3 3 0 2 0 4 3 5
   1 1 3 4 4 0 5 0 0 1 1 3 0 4 1 4 1 2 0 3 0 4 5 5 2 2 0 4 2 2 3 2 2 1 0
   2 2 0 5 5 0 5 3 5 5 2]
  [0 2 0 4 4 2 4 1 1 4 0 2 2 4 4 3 5 1 0 0 5 4 3 0 4 1 3 5 4 2 2 4 1 5 0
   3 2 2 5 4 1 0 3 2 3 1 5 2 0 3 5 0 1 5 1 5 5 3 0 3 1 0 5 2 3 0 0 5 4 1
   4 0 2 0 3 3 1 0 3 4 4]
  [0 1 0 2 0 0 5 5 1 5 1 2 3 2 3 3 2 0 4 4 4 2 0 0 5 1 4 2 5 0 1 2 1 1 5
   0 0 3 1 5 3 2 5 4 5 4 5 5 2 1 3 5 5 0 5 4 2 4 3 4 4 0 2 4 4 2 3 3 3 4
   5 3 2 4 0 5 0 1 0 3 2]
  [0 4 2 3 4 4 4 3 1 2 0 3 1 5 5 2 0 4 3 4 4 5 3 1 4 3 1 0 2 5 3 3 4 5 3
   0 4 1 1 2 3 1 2 2 0 4 2 2 2 4 4 4 4 4 1 0 3 2 4 1 1 0 5 5 2 5 2 3 2 1
   5 3 0 4 0 0 4 4 2 3 4]
  [0 3 0 0 0 0 3 4 4 3 2 5 3 4 2 0 5 5 5 5 2 1 5 1 5 2 4 1 4 5 3 3 2 5 3
   4 3 1 1 2 4 3 0 1 1 3 3 4 3 3 2 1 5 1 0 0 0 2 1 1 1 4 2 1 2 2 4 3 0 1
   3 3 2 1 4 5 0 3 5 4 1]
  [0 0 1 1 4 4 2 2 0 2 5 0 3 3 5 2 1 3 2 3 2 2 3 4 4 2 4 3 1 3 5 5 0 3 2
   2 0 5 0 3 3 4 5 5 5 1 3 5 3 1 2 0 1 5 3 5 5 0 4 5 3 0 3 4 0 4 0 3 1 3
   5 0 1 4 5 2 2 0 4 5 0]
  [0 0 3 0 3 2 5 1 3 0 1 0 4 3 3 4 4 1 5 4 3 5 2 2 1 5 0 0 2 4 4 1 1 2 0
   0 5 2 0 5 1 1 4 5 2 3 4 3 1 2 2 3 2 0 4 0 5 2 4 3 3 1 5 4 2 3 5 1 0 2
   0 3 0 1 5 0 3 3 0 0 1]
  [0 2 4 4 0 1 2 5 1 1 3 1 1 3 2 2 1 2 3 5 4 1 3 2 5 1 0 5 4 5 0 3 3 5 2
   4 2 3 0 5 3 3 3 1 0 1 2 3 2 0 1 0 4 3 4 3 2 2 3 5 5 4 3 4 5 1 0 4 0 0
   0 2 1 4 2 3 5 2 1 0 2]
  [0 1 2 0 1 3 3 3 0 2 0 5 1 0 0 2 3 3 0 1 2 2 0 0 4 3 5 5 3 1 2 3 1 4 5
   2 3 1 1 0 0 1 0 2 4 5 3 4 4 5 0 0 0 1 2 3 3 4 5 0 0 5 0 1 2 1 5 2 1 3
   2 3 3 2 5 1 5 4 5 0 0]]

 [[0 0 2 1 4 1 2 3 3 4 4 0 0 1 2 0 5 1 0 0 4 4 2 1 5 5 0 3 4 4 3 5 0 1 0
   4 5 2 2 3 3 3 3 1 5 4 3 2 4 5 1 5 1 4 4 0 4 0 2 5 0 1 1 5 5 5 4 3 2 5
   5 5 4 1 3 5 0 4 4 5 0]
  [0 0 4 3 0 1 5 5 0 4 2 4 3 0 5 5 3 1 3 0 2 1 0 0 5 4 3 0 1 3 2 2 1 0 3
   3 1 3 2 3 3 5 5 4 3 4 0 3 0 1 4 2 5 0 2 3 5 1 5 4 0 1 4 1 0 1 4 1 1 3
   0 4 0 1 3 4 1 4 3 2 2]
  [0 2 0 3 0 3 4 5 1 3 5 0 4 4 5 4 3 3 5 2 1 0 0 0 3 3 5 5 5 3 4 0 2 5 4
   0 3 0 1 0 5 2 3 0 2 3 1 0 3 1 0 1 3 4 2 5 3 1 0 5 0 1 0 1 2 2 2 5 4 1
   1 2 4 5 1 3 0 5 1 0 5]
  [0 1 0 0 1 2 3 1 1 2 1 3 3 1 3 1 4 5 5 3 2 2 5 3 0 5 1 0 5 1 5 0 1 2 2
   3 2 4 0 5 1 1 0 5 5 4 3 4 0 5 1 1 3 3 4 1 5 5 5 5 5 2 2 1 5 1 4 1 2 5
   3 1 5 1 5 5 1 1 5 5 4]
  [0 1 0 3 0 1 4 5 3 0 4 0 3 0 3 4 0 0 0 1 3 5 3 4 5 3 1 5 2 2 0 3 4 1 0
   3 5 3 1 2 1 4 3 0 1 1 2 0 2 0 2 0 2 4 4 4 0 3 1 4 4 1 3 4 5 5 3 1 3 1
   4 3 0 1 3 4 1 4 2 3 0]
  [0 2 0 3 0 0 5 5 3 2 2 3 5 0 2 5 2 4 0 5 4 0 3 4 4 1 2 3 4 1 4 1 4 2 1
   3 3 1 4 0 3 1 1 2 4 3 2 0 3 5 4 4 1 1 4 1 0 4 3 1 4 3 1 0 2 1 4 4 2 5
   5 0 4 0 0 2 3 2 0 5 3]
  [0 1 2 2 0 5 0 0 4 4 2 4 3 0 0 3 5 0 3 2 0 1 0 3 3 3 5 4 3 3 5 0 3 1 4
   5 1 3 1 1 3 0 1 3 1 4 1 3 0 3 0 4 3 1 3 3 4 5 0 2 4 4 2 0 1 4 5 5 2 2
   2 2 5 3 0 1 5 5 0 2 1]
  [0 1 3 1 4 5 2 0 5 1 5 3 5 3 0 5 1 5 0 2 3 4 2 2 1 4 3 1 3 0 5 0 5 5 5
   1 3 3 1 0 2 3 2 2 3 1 3 0 2 3 1 3 4 2 4 4 4 4 1 4 4 2 3 0 1 2 3 5 3 2
   3 0 3 2 1 2 1 2 2 5 5]
  [0 3 3 0 4 0 4 3 0 2 3 4 5 3 3 4 4 4 4 3 0 0 2 0 5 5 3 1 4 0 2 4 2 0 1
   2 0 2 4 4 3 0 2 1 0 3 1 5 5 4 4 4 4 4 3 0 4 2 1 4 1 5 2 3 2 4 3 1 1 0
   5 3 5 4 1 1 1 0 2 4 5]
  [0 5 1 1 5 3 3 5 4 0 5 5 3 5 4 1 3 2 4 0 5 4 0 5 3 2 4 3 4 0 3 2 0 2 0
   4 2 4 2 5 2 1 4 0 0 0 0 0 2 1 1 5 4 3 2 3 2 1 0 2 1 1 3 5 5 4 2 4 5 3
   0 3 3 2 5 0 5 0 3 4 4]
  [0 2 2 0 3 3 1 5 1 0 0 2 0 4 4 2 4 0 1 2 4 2 4 5 0 0 3 3 0 5 3 1 1 4 5
   0 0 4 0 5 2 0 1 5 5 4 3 2 2 4 3 5 5 5 2 1 2 0 0 2 2 5 1 3 0 3 0 5 3 4
   5 4 1 0 3 0 4 5 4 5 2]
  [0 2 0 2 2 4 2 4 3 3 0 0 4 2 5 2 0 4 3 0 3 1 5 1 4 0 4 0 1 0 1 2 4 1 5
   4 5 0 3 1 0 4 2 0 5 0 4 2 2 2 2 5 5 5 3 5 1 2 5 4 3 0 2 4 3 0 3 4 2 1
   4 5 3 2 5 1 1 3 5 3 3]
  [0 0 0 0 3 5 3 2 5 1 2 1 0 5 1 4 0 2 0 2 1 2 5 2 3 2 5 5 1 1 4 4 0 2 4
   3 1 2 0 1 1 0 1 0 0 3 1 5 5 5 3 1 1 2 3 5 4 1 0 0 3 5 2 1 2 3 2 3 4 2
   3 1 4 2 2 5 3 0 3 4 1]
  [0 1 2 0 2 0 2 4 2 4 2 0 5 0 5 0 1 3 1 2 3 5 5 1 2 1 0 2 5 5 5 0 3 4 2
   0 1 2 5 1 0 5 0 4 0 5 0 2 5 5 2 5 2 3 4 2 3 5 4 3 1 0 1 0 5 2 3 5 1 5
   5 4 5 4 0 0 1 2 4 5 4]
  [0 4 4 5 3 5 0 1 0 4 3 4 0 0 0 0 2 5 1 3 3 2 2 5 4 0 3 4 1 0 1 1 0 1 0
   0 1 4 1 1 0 0 2 5 1 0 5 1 5 0 3 2 5 4 4 5 1 0 0 4 1 1 1 4 3 3 3 2 2 3
   2 1 4 3 3 1 0 4 5 0 2]
  [0 1 1 4 0 5 4 4 4 0 0 4 0 2 0 0 0 0 2 5 0 4 4 0 4 4 1 1 1 1 0 4 2 0 1
   3 2 5 3 5 4 5 2 3 0 1 0 0 5 5 4 2 2 1 4 0 4 1 4 3 4 4 3 2 0 4 5 2 5 2
   3 4 5 0 1 1 1 2 3 4 0]
  [0 0 0 3 4 4 5 1 4 1 1 0 5 5 4 5 0 2 1 0 3 2 2 3 4 3 2 3 0 2 1 0 4 5 2
   3 2 0 0 5 3 5 1 3 3 0 5 1 1 4 0 3 3 0 2 4 5 1 1 3 0 1 5 2 4 2 4 4 5 1
   3 5 0 0 3 1 5 2 5 0 4]
  [0 2 3 0 2 3 0 5 1 4 5 5 1 4 1 1 1 0 5 4 5 1 3 4 5 1 1 2 0 2 5 5 0 1 2
   4 3 0 5 2 5 1 5 4 3 1 4 0 1 1 1 2 3 0 1 4 2 2 0 2 0 1 1 3 2 5 2 5 0 0
   3 2 0 3 5 3 0 2 5 2 0]
  [0 4 4 3 0 1 0 2 3 1 5 1 3 1 2 5 5 0 0 1 5 5 0 3 3 3 0 4 0 3 3 0 1 2 5
   0 1 3 1 2 2 3 4 0 0 4 0 1 0 1 4 2 5 1 1 1 4 3 3 5 5 2 0 0 0 4 3 0 1 0
   5 1 1 4 5 2 1 2 3 5 5]
  [0 1 0 0 1 5 5 2 3 1 5 4 1 5 2 1 0 5 4 0 0 0 3 4 1 0 1 5 2 2 5 0 3 3 1
   4 3 2 1 1 1 5 0 3 4 5 2 2 0 3 3 0 4 2 0 1 2 1 3 2 5 4 5 5 5 2 5 1 2 5
   5 1 1 1 0 3 3 4 5 3 0]
  [0 3 2 4 5 3 0 3 1 5 3 4 5 0 0 0 5 5 3 4 0 4 5 2 2 3 5 0 0 1 5 1 5 1 0
   3 1 3 1 1 2 1 4 2 0 3 5 1 1 4 2 4 1 3 5 3 4 1 3 5 3 1 0 1 1 3 5 5 5 0
   4 1 2 5 1 2 0 2 2 4 0]
  [0 4 2 3 3 1 1 0 4 5 0 1 4 3 4 1 2 5 0 5 0 0 4 4 5 0 2 4 4 3 4 0 0 1 5
   1 5 5 0 2 2 2 2 4 0 4 0 2 4 3 4 3 4 1 1 4 4 4 2 1 1 2 1 4 2 3 1 0 3 5
   3 3 2 3 2 2 1 4 0 3 3]
  [0 1 4 2 2 2 5 2 1 5 5 1 3 5 4 0 3 2 4 2 0 5 0 5 5 4 5 1 4 2 5 2 4 4 0
   1 1 4 3 1 0 2 5 1 5 2 2 5 1 3 5 5 2 0 4 1 4 2 2 4 0 0 3 1 5 5 4 0 5 4
   4 2 2 2 2 0 2 0 0 4 5]
  [0 3 4 4 1 1 2 5 4 5 3 0 0 5 0 3 5 2 3 5 0 5 3 0 0 3 2 3 5 5 2 4 0 0 1
   0 4 4 3 2 5 5 2 0 0 5 5 5 0 0 0 1 0 3 1 2 0 5 3 3 4 2 4 0 0 3 4 3 5 1
   3 3 3 1 0 5 2 4 3 1 3]
  [0 1 4 5 4 0 0 3 4 3 0 2 5 2 3 0 2 2 1 4 0 0 4 3 0 0 1 0 1 1 2 2 2 0 1
   5 1 3 5 4 4 2 0 5 0 5 5 2 0 4 0 3 3 5 0 2 0 3 0 0 5 2 5 3 0 2 2 2 3 2
   5 2 2 2 2 0 5 3 5 3 1]
  [0 4 0 2 4 1 5 5 2 3 4 2 1 4 1 4 4 5 2 1 5 3 5 4 1 0 0 0 5 1 2 0 2 0 5
   3 2 0 3 2 4 5 1 0 3 2 1 0 4 3 0 1 3 4 2 0 5 2 1 3 0 2 1 4 5 3 1 2 5 0
   5 0 2 1 2 0 0 3 1 5 1]
  [0 4 5 0 0 2 1 4 0 5 1 2 3 4 3 2 2 4 2 3 2 1 0 1 1 5 0 0 2 3 2 4 5 4 3
   0 5 3 2 5 4 4 1 2 5 4 0 1 4 4 4 0 3 5 1 1 5 4 2 5 4 2 2 2 5 1 1 3 0 5
   4 4 1 0 4 0 5 0 5 1 5]
  [0 0 1 0 4 1 4 3 2 5 4 1 0 4 1 0 3 4 3 4 5 1 4 1 5 5 2 0 4 5 5 3 3 1 3
   0 0 0 4 0 0 3 0 4 5 3 1 2 1 0 1 5 1 0 5 1 0 1 2 1 1 1 0 4 4 5 3 2 3 1
   2 1 5 3 4 0 5 5 3 3 1]
  [0 0 4 2 0 0 0 3 3 2 3 0 2 2 4 1 1 3 1 0 3 1 2 1 3 2 0 5 0 2 3 5 1 4 1
   5 1 2 1 0 3 3 4 2 1 3 0 0 1 0 0 5 2 5 4 3 4 1 5 2 1 2 4 4 5 1 1 0 1 0
   0 4 5 3 0 5 1 2 2 1 5]
  [0 1 4 3 4 1 3 1 2 0 4 1 2 5 5 2 3 4 2 2 0 5 1 3 0 2 2 4 3 0 4 5 0 4 2
   0 1 1 2 4 3 4 4 4 3 1 3 1 0 3 3 5 5 4 1 4 0 1 4 5 2 0 5 2 5 4 2 2 4 0
   1 1 2 2 1 0 2 5 2 0 5]
  [0 0 4 0 2 4 2 4 0 3 3 0 1 3 4 4 0 0 0 3 5 2 0 4 0 3 3 2 2 3 0 1 4 5 3
   1 2 5 3 2 5 4 3 5 5 3 3 1 3 0 1 2 4 2 0 2 4 3 5 0 3 5 1 2 3 2 1 1 2 3
   1 4 0 4 3 5 4 1 4 3 4]
  [0 0 3 2 0 5 4 2 1 4 2 3 0 5 2 4 3 3 4 3 5 5 4 5 4 3 3 2 0 0 4 0 3 3 2
   1 0 2 2 4 5 3 4 1 5 5 3 0 3 0 2 4 2 0 2 0 2 4 1 2 2 3 5 4 5 1 5 2 3 4
   4 5 1 3 2 1 2 5 2 1 3]
  [0 4 3 5 5 3 3 3 2 2 0 4 2 3 4 5 2 4 2 3 5 0 1 5 2 0 3 1 4 2 5 2 0 5 2
   2 0 4 3 2 5 5 1 5 3 1 2 0 2 1 5 3 5 0 1 0 5 4 3 0 3 4 2 5 0 4 2 2 4 4
   0 5 5 5 3 5 2 5 2 5 5]
  [0 2 4 1 3 0 2 1 5 0 5 0 2 4 2 0 4 4 1 3 0 1 3 5 0 1 2 3 0 0 3 0 3 0 5
   2 0 5 4 5 1 1 0 1 4 0 0 1 5 1 2 2 4 5 4 2 2 0 0 4 0 4 4 3 3 5 4 2 3 2
   4 5 5 4 1 5 4 4 0 2 1]
  [0 2 2 5 4 2 2 3 4 1 2 2 3 2 1 1 3 0 0 3 4 4 4 1 4 4 0 3 2 3 5 5 1 2 0
   1 0 3 3 4 2 5 5 4 5 2 1 2 1 2 5 1 0 1 2 1 3 2 5 2 5 4 5 3 2 5 1 4 0 4
   3 4 4 1 2 4 3 1 1 4 0]
  [0 0 2 4 2 1 2 2 0 4 4 1 0 2 2 0 1 4 4 2 2 3 3 4 4 4 4 0 4 0 4 4 2 1 5
   0 1 4 5 2 0 2 2 3 5 5 5 1 1 4 3 2 5 5 5 0 3 0 3 4 0 0 5 5 1 4 3 2 5 0
   0 1 2 0 1 5 3 2 1 5 5]
  [0 0 4 4 1 4 2 5 4 3 0 4 1 3 3 4 5 0 1 5 4 1 2 1 5 0 3 3 0 1 4 1 0 0 2
   4 0 1 5 4 4 5 2 2 0 1 3 1 1 0 2 4 2 3 3 1 2 3 3 0 3 2 5 4 2 4 0 5 3 3
   3 0 1 4 2 0 5 2 2 0 2]
  [0 1 3 2 3 1 5 2 2 1 3 0 2 3 1 5 2 5 1 2 1 4 4 1 3 2 2 4 5 1 2 2 3 3 0
   0 3 0 5 3 2 3 1 5 1 5 0 4 0 5 2 2 2 1 2 5 4 0 2 5 5 3 4 0 4 0 2 4 2 4
   5 3 2 1 1 1 4 2 1 3 2]
  [0 3 3 2 3 5 5 2 5 2 4 3 0 2 2 5 1 0 2 4 2 3 2 0 5 0 2 1 1 0 1 2 4 4 5
   5 0 5 0 3 3 1 0 3 0 4 3 4 1 5 3 4 1 2 3 4 0 1 4 4 3 5 2 4 0 1 3 3 1 4
   0 4 2 1 2 4 4 3 2 5 0]
  [0 3 5 4 1 1 3 0 4 5 2 3 0 3 5 3 2 5 4 0 0 1 0 4 2 5 5 2 5 0 3 0 2 3 5
   1 1 1 0 0 3 1 1 5 1 2 0 0 3 3 2 2 2 4 0 3 5 4 3 4 5 0 1 2 4 2 2 5 2 1
   3 4 2 0 5 1 0 1 4 1 1]
  [0 3 2 3 1 1 1 3 5 4 5 3 2 5 3 0 4 2 4 2 5 4 0 3 1 4 0 3 4 1 1 5 2 3 0
   4 3 4 3 1 0 0 2 5 0 3 0 0 2 0 3 0 1 4 4 5 4 2 4 3 2 2 0 4 0 2 3 3 0 1
   2 4 2 2 2 1 3 5 5 5 1]
  [0 5 5 2 1 1 4 4 0 2 3 4 3 5 3 4 3 1 2 2 3 4 3 1 0 1 5 2 3 1 4 0 2 1 4
   1 4 1 2 4 0 0 0 5 4 2 1 2 0 5 5 1 5 1 4 4 2 5 5 0 0 0 0 1 2 3 1 4 5 0
   0 0 0 3 0 3 3 3 1 2 1]
  [0 4 0 5 1 2 0 5 3 1 1 4 2 5 1 2 0 4 2 2 3 0 1 3 2 5 5 1 5 3 5 2 5 5 0
   2 2 5 1 4 4 5 0 1 0 0 5 5 2 4 0 1 0 0 0 3 5 3 3 2 0 3 1 1 1 3 0 5 3 2
   4 4 2 1 2 3 1 0 5 4 5]
  [0 5 5 2 3 5 1 4 5 0 2 5 2 4 3 5 3 4 4 1 1 1 0 3 0 4 3 3 5 0 3 1 3 2 3
   2 1 3 1 4 3 1 1 0 1 0 5 5 0 4 3 5 5 5 4 1 5 5 0 0 0 3 5 1 0 1 3 2 0 2
   2 4 0 5 0 4 5 2 4 3 1]
  [0 0 1 0 4 4 5 1 4 3 4 0 1 1 3 4 3 4 1 3 5 0 1 4 0 1 0 1 2 2 4 5 4 3 5
   5 5 3 1 2 2 3 4 0 0 1 2 5 0 2 3 4 0 4 4 2 4 5 5 3 3 1 1 0 4 4 3 2 3 2
   5 1 2 0 0 4 3 3 5 5 0]
  [0 1 2 3 5 2 2 5 0 0 5 3 5 3 4 0 0 0 5 4 0 0 3 2 1 2 0 2 2 3 4 4 1 2 5
   2 0 1 4 0 4 1 2 5 1 0 4 3 0 5 3 4 0 1 3 4 3 0 5 1 0 4 5 1 0 4 4 0 5 0
   3 1 5 1 1 0 0 1 4 3 3]
  [0 4 0 2 1 5 0 0 2 0 1 5 5 0 5 5 3 1 0 1 2 2 3 0 0 1 3 5 2 0 0 3 0 1 2
   4 3 0 4 2 4 0 0 4 3 4 0 0 3 3 1 2 5 0 3 5 3 0 5 1 5 3 4 3 1 4 2 3 0 4
   4 5 4 0 0 3 5 4 2 1 5]
  [0 0 4 5 5 0 4 1 4 0 2 1 5 4 0 4 5 2 1 5 4 3 3 4 4 1 0 5 2 3 3 2 4 5 2
   3 1 3 2 3 5 4 5 3 5 5 2 0 0 5 2 5 0 5 5 2 4 1 2 3 5 5 5 2 0 5 4 1 3 4
   1 0 3 3 2 1 5 2 4 2 4]
  [0 0 1 4 4 2 3 0 2 2 5 5 3 3 0 2 1 1 5 4 2 3 1 5 4 1 5 0 3 4 4 5 2 4 5
   3 3 3 2 3 3 2 1 5 3 1 2 5 0 1 5 2 4 1 1 2 3 5 0 5 0 0 2 1 1 0 1 1 5 5
   0 5 3 4 1 3 1 5 4 5 1]
  [0 0 1 4 4 3 4 5 4 4 0 1 5 3 2 4 5 4 0 1 5 2 2 1 2 3 4 0 5 1 5 1 3 5 2
   2 5 4 3 3 3 1 2 2 0 2 4 5 4 0 2 0 0 5 5 0 2 5 5 0 1 5 2 0 4 4 1 0 3 5
   1 3 3 0 1 2 3 4 5 5 3]
  [0 1 2 3 0 1 3 3 0 1 2 0 0 1 2 5 2 5 5 5 2 2 1 1 3 1 5 3 0 4 2 3 5 1 0
   5 5 5 4 1 3 5 2 5 5 4 3 0 0 3 0 0 1 0 3 3 0 2 1 1 3 4 0 5 3 5 3 2 3 5
   2 5 3 4 3 2 1 5 4 4 0]
  [0 4 1 0 4 0 3 0 2 3 5 0 2 4 3 3 5 0 4 2 3 0 0 3 1 1 3 1 5 5 4 1 2 4 3
   1 3 2 2 5 1 5 1 1 2 0 5 0 3 4 1 0 0 3 0 5 2 0 0 1 1 1 3 3 4 0 0 5 0 4
   2 3 0 0 3 5 0 0 2 2 3]
  [0 4 3 1 0 0 2 1 2 4 4 4 0 0 1 1 1 4 2 3 4 1 1 1 2 0 0 4 1 5 3 3 4 5 3
   1 0 4 5 0 3 1 4 2 4 3 4 4 3 5 4 1 0 4 0 3 3 5 3 4 0 4 0 2 5 5 3 0 1 3
   3 2 2 0 0 2 1 4 3 2 5]
  [0 1 4 5 5 2 2 1 5 4 1 5 5 5 0 2 2 1 2 5 0 1 1 4 3 3 2 5 1 3 3 0 1 3 3
   3 2 4 2 5 3 0 3 4 0 2 2 1 3 2 3 4 2 0 1 5 0 3 4 5 3 1 5 0 1 1 4 0 1 5
   0 1 2 5 2 2 3 0 2 3 2]
  [0 0 0 2 4 5 1 1 3 2 0 5 5 2 0 5 4 1 1 0 3 1 3 0 1 3 0 5 2 1 4 2 0 1 0
   4 0 4 5 5 4 1 4 3 1 2 4 2 0 4 1 0 3 4 0 1 3 0 1 0 4 4 4 1 2 5 2 5 5 3
   4 5 0 0 2 0 3 3 0 5 5]
  [0 0 2 2 2 4 4 5 5 4 4 3 0 5 4 5 4 0 1 2 0 2 1 0 0 0 3 4 5 0 5 0 0 2 4
   1 4 1 3 3 3 4 5 4 1 5 3 1 4 4 5 2 4 1 5 0 4 4 4 5 4 1 5 0 5 5 3 4 0 2
   0 2 5 3 2 3 1 4 1 0 4]
  [0 5 4 1 2 0 2 3 2 0 2 2 0 0 2 0 1 4 5 1 0 1 0 5 4 2 0 4 5 5 4 1 1 3 3
   2 1 5 4 1 3 1 2 1 3 1 4 1 3 0 2 5 2 5 4 0 0 5 4 4 5 3 0 3 3 4 4 4 0 0
   2 1 3 4 0 0 3 4 5 1 2]
  [0 1 4 2 2 1 0 4 4 1 0 3 2 5 0 5 2 4 2 0 3 1 0 4 4 0 3 0 0 2 0 0 5 2 5
   4 5 5 2 2 3 4 2 3 1 2 4 3 0 4 4 4 0 5 1 3 3 0 3 5 2 1 4 1 3 2 0 2 0 4
   2 0 4 5 5 4 3 0 0 3 2]
  [0 3 4 1 5 4 1 3 1 2 1 5 3 5 0 2 3 2 2 2 1 5 4 0 2 4 5 2 2 5 5 4 3 5 0
   2 5 2 2 1 5 2 0 5 4 3 2 2 0 2 2 1 2 3 2 4 3 4 0 3 1 4 1 5 5 3 0 4 2 5
   5 1 2 0 1 1 0 3 0 2 3]
  [0 3 1 1 3 1 3 3 2 3 2 0 2 1 4 2 5 3 4 4 4 5 0 0 2 2 3 4 3 5 1 0 5 4 5
   1 2 1 5 5 5 2 2 3 3 4 4 1 5 0 0 0 1 0 3 2 5 3 1 0 3 3 4 0 4 4 5 5 0 1
   4 4 4 5 3 2 2 1 3 1 0]
  [0 3 1 0 0 4 1 4 1 4 2 5 1 2 5 5 2 4 3 4 3 4 1 3 5 0 4 0 1 2 4 2 0 4 3
   2 0 3 4 2 0 0 5 3 0 4 1 3 5 0 4 4 1 1 4 4 1 3 5 4 0 2 1 3 1 5 3 1 2 1
   4 3 4 4 2 3 3 1 4 4 2]
  [0 5 3 5 3 1 2 3 1 4 1 0 3 5 4 4 5 1 4 5 5 1 3 5 5 3 2 0 0 5 5 1 2 0 1
   3 3 4 5 1 1 1 2 4 3 0 4 5 4 5 3 1 0 3 1 2 2 4 0 4 3 0 5 2 3 2 2 5 5 4
   4 3 5 2 5 4 1 2 3 3 0]
  [0 0 4 5 0 3 4 1 5 5 5 2 3 2 1 0 5 3 1 4 3 1 4 2 0 0 3 3 4 3 0 3 5 1 0
   0 4 3 0 2 4 0 1 5 5 2 0 1 4 2 5 1 1 0 3 0 4 2 2 1 3 5 0 4 0 5 3 2 0 3
   0 3 3 0 0 0 0 2 3 2 2]
  [0 4 4 0 1 0 2 3 5 4 4 2 1 2 1 3 3 2 5 2 5 0 3 4 3 0 0 5 4 3 4 5 0 2 4
   0 3 3 1 5 1 1 4 5 2 2 3 2 1 1 5 0 2 1 2 2 3 5 2 1 2 5 0 0 4 2 1 0 5 5
   0 4 1 4 5 2 1 2 5 5 0]
  [0 3 2 4 3 4 0 0 0 2 5 5 0 2 1 5 0 0 4 3 5 2 4 5 5 5 0 3 4 5 2 2 4 0 0
   1 0 5 5 4 2 4 3 1 5 4 3 0 1 3 1 3 4 2 0 5 0 3 5 1 5 2 1 2 0 0 4 5 0 0
   0 0 3 5 1 0 1 2 3 3 0]
  [0 4 1 5 0 2 3 0 4 0 0 3 2 4 3 3 5 5 1 0 0 0 3 2 1 3 1 0 3 4 5 2 3 2 0
   3 0 2 3 5 4 3 0 1 3 0 4 2 1 3 0 4 2 4 0 3 2 1 5 4 4 2 2 5 0 0 5 4 4 5
   0 5 5 1 0 4 2 4 4 1 3]
  [0 1 4 4 4 3 1 4 4 4 3 4 1 3 3 0 1 0 5 5 4 2 5 2 5 4 5 4 5 5 4 4 2 0 5
   4 3 0 1 4 4 5 1 2 2 2 3 3 0 2 5 1 2 0 2 3 5 1 0 5 3 3 5 4 2 5 0 5 1 3
   3 4 0 1 3 5 1 1 5 3 4]
  [0 2 1 0 2 0 0 5 0 2 2 5 5 5 2 3 2 1 5 1 2 2 1 5 0 2 4 5 5 5 3 1 4 4 3
   0 5 3 5 4 2 5 1 2 5 4 2 5 4 1 4 4 5 2 0 0 1 5 5 4 1 0 4 1 5 5 2 0 3 2
   4 2 1 0 3 2 3 2 1 5 5]
  [0 4 2 3 1 1 3 2 1 1 5 4 1 2 2 4 1 4 1 0 5 1 3 5 3 1 0 3 0 1 3 1 2 4 0
   0 1 2 3 3 0 2 3 4 3 4 4 0 3 1 1 4 3 4 2 3 2 3 0 2 2 4 2 2 3 4 1 0 0 0
   4 1 1 4 1 2 4 1 2 1 5]
  [0 0 0 5 2 1 1 2 0 4 0 1 5 2 3 3 2 2 3 0 1 0 5 3 4 5 3 3 3 3 5 4 4 4 5
   5 5 4 1 5 0 0 2 5 1 0 3 5 5 0 4 4 2 3 0 2 5 2 1 5 1 0 2 3 3 5 0 3 0 0
   1 3 2 0 2 5 4 5 5 0 1]
  [0 3 4 5 1 3 2 5 4 0 0 1 4 2 3 1 0 5 0 3 3 1 4 4 5 3 1 2 1 0 1 4 0 3 3
   0 2 0 0 4 3 5 1 1 5 0 2 1 1 1 2 3 2 0 3 0 5 2 2 1 2 0 5 1 5 1 2 2 2 4
   0 5 1 0 5 0 4 0 0 3 5]
  [0 2 0 3 1 3 5 1 5 0 3 3 5 5 2 4 3 2 4 3 2 1 4 0 2 3 0 5 1 3 2 3 3 5 2
   1 3 2 1 4 0 5 2 3 4 4 0 3 2 3 5 3 1 3 2 3 2 5 0 4 1 2 0 2 3 4 3 1 4 0
   5 0 3 2 0 5 5 3 2 0 2]
  [0 2 3 1 0 5 0 5 0 5 3 4 0 0 2 3 5 5 5 3 2 1 3 0 1 4 0 2 2 0 3 5 1 2 3
   3 3 2 4 2 5 0 2 0 2 1 0 0 3 0 4 4 0 3 2 4 1 1 5 4 2 4 2 3 3 0 1 1 1 1
   0 0 0 0 2 1 4 0 5 3 4]
  [0 5 4 2 2 4 4 5 0 4 0 3 5 5 1 1 3 0 4 2 3 5 3 3 5 0 1 4 0 0 5 2 4 5 5
   1 3 2 0 1 3 0 0 2 0 0 3 2 2 1 3 2 1 4 4 4 2 4 4 3 1 3 2 3 2 1 2 3 2 0
   3 0 3 0 1 3 2 0 4 0 0]
  [0 3 0 1 2 0 3 5 5 1 5 0 2 5 4 2 5 3 2 4 1 1 0 0 0 0 3 5 3 0 0 3 0 4 3
   2 0 4 3 1 4 0 1 0 4 5 2 5 0 3 4 2 0 0 2 5 5 5 4 3 1 5 5 3 5 1 2 0 2 2
   0 2 5 3 0 4 1 5 0 3 2]
  [0 5 4 1 1 3 1 5 2 1 5 1 2 4 2 3 0 4 3 1 4 0 4 4 4 3 3 4 5 3 1 5 4 2 5
   5 3 1 2 5 4 1 3 0 0 4 1 2 3 3 0 5 2 2 4 4 3 5 0 0 0 2 5 0 2 0 3 1 5 4
   0 1 5 4 1 0 5 3 2 5 1]
  [0 2 1 0 4 1 1 0 4 0 2 0 5 2 5 3 3 2 1 5 3 3 5 3 3 2 4 5 0 3 0 3 1 2 3
   0 0 0 0 4 1 3 0 3 4 2 5 2 2 1 3 2 1 0 5 0 3 1 0 0 1 2 1 2 2 3 5 2 2 2
   3 1 5 1 2 0 0 2 4 3 4]
  [0 3 3 0 1 2 0 5 2 3 4 5 0 4 2 4 2 2 3 2 0 5 4 1 4 2 5 0 2 2 0 5 0 3 2
   0 3 3 3 4 2 5 2 1 3 2 3 0 0 4 2 1 5 0 1 5 2 3 0 5 3 1 3 2 4 2 0 3 1 5
   1 1 0 0 0 0 4 0 2 4 1]
  [0 0 5 1 3 4 0 3 2 0 4 5 1 1 1 2 2 2 1 5 0 2 4 2 3 4 1 0 5 1 3 2 3 4 5
   1 3 0 2 2 1 5 5 1 5 0 5 1 5 2 4 2 5 5 2 5 5 0 3 2 1 5 0 4 5 3 4 4 3 0
   2 5 4 3 0 0 1 2 0 5 4]
  [0 4 0 3 1 5 0 5 2 1 4 1 2 4 1 2 3 0 0 2 0 0 1 1 0 5 0 1 2 1 0 3 1 0 5
   4 5 4 2 3 3 5 4 1 3 1 1 5 4 4 2 4 3 5 2 4 0 4 0 3 1 0 2 3 1 4 4 3 4 0
   0 4 4 0 0 2 5 0 3 0 0]
  [0 4 0 1 1 3 1 5 1 1 3 2 0 0 4 3 1 2 5 2 1 1 5 3 4 2 0 1 1 3 1 1 1 3 1
   3 5 4 2 2 0 1 0 2 0 3 3 3 3 2 0 4 1 4 3 1 5 2 2 5 2 3 5 1 5 2 4 4 5 4
   3 1 0 5 3 1 3 4 2 5 0]]

 [[0 2 4 4 0 2 4 3 0 0 2 0 1 1 0 5 4 1 5 4 4 1 3 1 0 5 4 5 0 3 1 2 0 0 1
   5 4 1 3 4 3 4 2 3 2 2 5 0 0 0 0 4 4 3 2 2 1 3 1 2 0 2 4 3 1 5 4 4 2 3
   3 4 5 2 3 5 2 3 1 1 4]
  [0 0 2 4 0 1 1 1 3 3 1 0 3 1 1 5 1 2 5 1 4 1 4 0 0 0 3 3 2 4 2 4 5 5 3
   2 5 3 1 5 1 2 3 1 1 0 4 1 4 1 0 1 4 5 0 0 1 2 4 0 2 3 3 1 5 5 1 4 1 2
   2 3 0 1 0 0 3 2 2 2 5]
  [0 3 0 2 4 0 2 3 3 0 1 3 3 1 1 4 3 4 1 0 2 3 2 3 2 0 1 3 3 0 1 4 1 4 1
   1 3 1 0 2 5 1 4 1 0 5 1 2 1 3 5 3 5 5 1 3 3 2 3 3 2 3 3 4 1 0 1 2 2 3
   2 5 0 4 0 1 1 3 4 0 5]
  [0 4 1 0 5 5 1 3 5 0 4 3 0 4 3 5 2 4 2 5 1 2 5 5 3 4 1 3 5 1 3 2 3 1 3
   4 2 0 1 3 3 3 2 1 5 1 2 0 5 2 5 1 1 0 5 2 4 5 2 0 3 5 0 3 1 5 3 3 1 0
   0 3 1 0 0 1 3 2 4 0 1]
  [0 5 4 2 0 5 1 2 0 0 1 5 2 5 0 0 4 0 4 2 4 5 1 2 5 5 3 0 4 2 0 2 0 2 4
   4 4 1 2 2 5 0 1 5 2 3 3 5 1 0 5 3 3 4 0 2 1 5 2 1 0 2 1 4 0 0 4 5 2 3
   2 3 3 1 4 5 5 4 2 5 2]
  [0 3 0 3 2 0 2 3 3 1 2 3 4 0 0 0 4 2 1 0 3 0 5 1 3 5 5 4 1 2 5 2 4 4 5
   0 4 0 4 4 2 2 5 2 4 1 2 2 3 0 1 1 1 5 1 1 3 1 2 1 2 0 4 3 0 5 4 0 1 3
   0 0 3 1 2 0 2 3 0 3 1]
  [0 3 2 5 3 1 0 5 1 2 3 3 5 2 2 5 5 1 4 3 2 3 5 5 0 3 5 0 0 1 2 3 3 3 0
   0 0 2 3 2 2 1 0 4 4 5 1 4 1 4 1 3 1 5 0 2 1 2 4 3 5 1 2 5 5 2 0 1 5 2
   0 4 2 1 1 0 4 3 4 1 1]
  [0 4 2 5 5 1 4 0 2 1 4 0 4 4 1 0 0 2 3 4 4 0 3 3 2 2 3 0 0 1 4 3 4 0 5
   5 4 3 2 2 5 2 0 3 4 2 5 4 2 2 4 5 0 5 3 2 5 1 3 5 4 4 0 5 1 0 3 0 5 2
   1 3 1 0 2 0 3 5 2 1 0]
  [0 1 3 0 1 4 4 5 0 1 4 1 5 2 1 3 4 5 2 0 3 5 4 0 4 4 4 2 2 5 5 3 4 4 2
   5 2 3 5 2 1 4 3 5 3 5 5 3 2 2 0 5 3 0 5 0 1 3 5 1 2 2 5 2 4 3 4 0 2 4
   3 4 3 1 5 2 3 0 2 0 1]
  [0 0 1 1 5 1 4 0 2 0 5 4 4 2 5 1 4 2 2 5 1 0 3 3 1 0 1 1 5 2 5 2 1 3 2
   3 5 1 0 3 5 2 2 0 2 4 0 2 4 3 3 5 0 4 1 2 3 1 0 4 4 0 0 2 3 3 0 3 4 3
   5 2 4 5 1 4 0 5 2 3 0]
  [0 4 3 3 5 0 2 0 2 0 0 0 0 1 3 5 5 3 1 4 1 5 3 5 5 1 2 1 3 5 3 1 2 4 1
   5 2 5 0 2 4 3 2 1 3 4 2 2 2 3 1 0 2 3 1 2 4 5 1 2 1 0 4 0 1 1 4 2 0 3
   4 1 1 0 1 4 5 2 0 4 4]
  [0 1 3 4 4 2 4 2 5 0 4 0 2 5 3 4 0 2 4 1 0 4 2 4 4 0 3 1 3 2 2 3 4 3 1
   2 4 1 1 5 1 3 3 4 4 0 5 0 5 2 4 4 0 4 3 1 5 4 0 1 3 5 2 4 3 0 1 0 2 3
   4 0 4 0 0 0 5 4 3 1 2]
  [0 4 2 1 0 1 0 5 3 1 4 3 0 2 5 1 3 5 2 2 3 1 0 4 4 0 2 0 5 0 2 2 5 2 5
   2 0 1 2 3 2 1 4 3 2 1 5 0 0 2 2 2 2 4 2 5 0 3 0 1 5 2 1 1 1 0 4 5 1 4
   4 0 3 2 1 3 5 2 3 0 1]
  [0 0 2 5 0 3 4 0 2 5 5 3 5 0 5 2 0 3 5 4 4 2 2 0 3 4 5 3 4 4 5 0 1 5 2
   3 2 3 0 2 3 1 4 3 3 2 2 4 3 0 5 5 1 1 5 0 3 0 0 4 1 0 4 0 3 5 4 3 3 1
   3 4 2 3 0 0 0 5 1 0 4]
  [0 1 2 2 0 3 1 1 2 1 2 4 0 2 0 3 4 0 5 5 1 4 1 2 5 2 1 0 4 3 3 4 3 3 4
   3 5 2 3 3 4 2 0 0 0 2 3 3 2 4 1 0 2 2 2 2 5 2 4 5 2 4 4 4 1 1 1 1 3 3
   1 4 1 4 3 1 0 1 2 3 4]
  [0 4 3 3 2 0 4 0 4 5 5 3 3 3 1 0 3 0 2 1 0 4 0 4 5 1 0 0 5 1 1 1 1 3 2
   5 0 0 4 5 4 1 5 3 2 1 4 3 3 2 4 0 0 1 1 4 3 3 0 5 4 0 3 4 5 4 2 3 3 4
   5 3 0 4 4 3 2 0 2 2 1]
  [0 3 4 0 0 4 5 1 0 5 0 4 5 4 0 2 0 1 2 2 1 4 4 0 4 4 5 5 1 3 3 4 1 4 1
   1 4 4 2 3 1 2 0 0 0 2 1 1 0 2 3 2 0 5 4 3 2 1 2 4 2 4 4 1 5 4 3 3 5 5
   5 0 4 3 2 2 4 5 4 0 2]
  [0 0 4 5 3 3 3 5 3 1 1 1 2 4 2 5 2 0 4 3 4 1 4 4 4 3 3 0 0 0 3 2 3 0 3
   2 2 2 0 0 4 4 3 3 5 1 2 2 0 1 4 4 2 3 0 5 4 0 4 5 5 4 4 3 2 4 5 5 2 4
   1 2 4 2 3 3 1 4 4 3 5]
  [0 1 3 0 2 4 1 4 0 0 5 3 3 5 2 4 0 5 0 0 2 3 0 5 4 4 3 0 0 1 0 0 4 2 0
   0 0 0 0 1 4 4 5 5 3 2 1 5 3 2 5 4 2 2 0 4 5 0 0 4 1 2 4 0 1 2 2 3 4 0
   3 0 2 3 0 1 4 3 5 1 5]
  [0 2 4 1 0 0 1 5 1 2 5 2 4 2 2 4 2 0 0 0 1 2 3 5 4 2 4 3 1 5 3 3 1 5 5
   0 4 3 2 0 5 3 5 2 5 5 1 3 0 0 2 1 5 0 2 0 4 0 4 5 3 4 1 4 2 1 1 0 5 2
   0 3 5 0 5 4 2 2 1 1 0]
  [0 0 2 2 1 4 0 0 3 5 3 5 2 3 2 0 2 4 1 3 0 3 1 2 1 1 0 0 1 1 2 3 2 3 1
   2 4 1 0 1 1 1 4 0 1 5 2 0 0 2 4 1 1 5 5 1 0 3 4 3 1 2 3 5 1 1 0 5 0 0
   4 2 4 5 3 0 0 0 4 5 3]
  [0 2 2 0 2 1 1 5 2 0 2 1 1 3 0 5 0 5 3 0 1 0 4 2 5 3 4 1 3 2 2 2 3 2 1
   5 3 2 0 4 5 0 1 0 4 0 2 2 4 0 4 2 1 1 5 5 2 0 2 0 4 2 3 3 5 0 3 5 5 0
   5 1 5 1 2 5 4 4 5 1 5]
  [0 4 5 4 0 4 5 5 1 0 2 0 4 2 4 2 1 0 5 1 1 4 0 5 1 4 3 1 0 2 4 1 1 4 4
   5 1 0 4 2 2 5 0 1 0 0 4 0 5 2 0 1 5 4 1 2 3 2 0 4 3 0 2 5 2 4 5 4 1 0
   1 0 0 0 3 4 3 5 5 3 5]
  [0 0 1 2 0 4 2 4 0 3 5 4 2 3 1 0 5 4 5 3 4 2 4 0 0 3 1 5 0 0 2 1 2 3 4
   1 5 2 0 3 0 2 4 3 5 5 0 4 3 5 3 1 1 5 5 1 0 1 5 3 1 5 0 0 0 2 0 5 0 0
   2 4 3 2 1 3 2 3 2 1 1]
  [0 1 4 5 3 2 1 2 0 5 2 4 0 4 1 0 1 4 5 5 1 5 3 3 0 5 0 5 2 2 1 2 2 4 5
   1 0 5 4 4 0 0 5 2 3 4 3 0 0 4 3 0 4 2 5 5 3 0 2 2 2 1 2 0 2 2 1 4 4 0
   0 5 3 2 5 3 0 0 4 2 1]
  [0 2 4 5 5 1 2 4 5 4 3 5 3 5 2 3 3 5 2 5 5 1 1 1 5 0 2 3 0 1 4 3 4 5 0
   2 0 3 2 0 4 2 2 4 0 1 3 0 0 0 1 3 1 1 5 5 0 1 3 3 5 3 0 0 0 4 0 2 2 3
   1 4 0 3 4 4 0 0 3 5 1]
  [0 2 5 4 4 1 4 2 5 4 5 1 0 2 0 0 3 5 1 1 0 3 2 2 2 5 0 4 0 1 3 2 1 0 3
   5 2 0 5 3 4 3 3 3 2 5 4 3 2 2 0 2 5 3 3 3 1 4 2 4 4 0 1 0 0 3 3 1 1 2
   1 3 3 4 0 2 1 3 5 5 0]
  [0 1 4 5 2 3 2 5 1 5 0 3 3 4 4 3 5 3 5 5 0 4 3 5 4 3 4 0 2 5 1 5 0 5 4
   3 1 2 2 5 5 1 1 3 1 1 2 3 4 0 3 2 3 3 3 1 3 0 5 5 3 3 3 4 5 1 4 4 5 0
   4 0 3 4 4 1 0 5 4 3 4]
  [0 0 0 4 5 2 3 3 1 1 4 5 3 1 0 4 0 4 4 5 3 3 0 2 3 0 0 3 0 0 5 3 5 3 0
   1 5 5 4 1 4 0 2 2 5 5 0 5 3 3 4 2 0 0 4 4 2 5 0 3 5 5 2 1 2 4 0 1 0 4
   2 0 3 0 2 0 4 3 0 3 1]
  [0 3 5 4 3 1 2 5 4 3 2 1 0 4 0 4 3 3 1 1 3 5 0 2 1 4 0 3 1 0 3 3 2 1 4
   5 4 0 4 2 4 2 1 1 1 3 4 2 3 3 5 3 2 2 1 0 0 2 3 1 2 5 0 5 2 5 4 5 3 5
   5 1 1 3 5 4 0 4 5 5 1]
  [0 1 1 1 5 3 3 2 3 4 5 1 0 3 4 3 1 2 3 0 2 5 4 2 2 3 3 0 1 1 0 1 1 1 0
   5 5 5 1 0 1 4 1 0 0 4 2 3 0 3 0 2 2 5 4 3 3 1 1 2 2 5 4 1 3 4 5 0 4 1
   5 2 3 5 3 2 3 0 2 0 3]
  [0 4 0 3 4 5 2 2 0 3 4 1 2 3 5 3 2 0 2 1 4 1 3 5 0 0 0 4 3 3 3 0 1 3 2
   2 0 4 0 2 0 3 5 3 2 3 5 4 3 2 4 0 1 0 0 5 4 5 3 0 0 4 2 3 0 0 4 3 4 0
   4 3 4 1 1 1 0 0 0 2 0]
  [0 1 1 5 5 3 4 1 1 0 5 0 3 4 0 3 5 2 3 0 4 2 2 5 1 5 0 5 0 2 3 3 0 3 3
   0 1 4 2 4 2 3 5 1 0 5 0 5 0 2 4 5 1 1 3 1 4 0 1 5 2 5 3 2 2 5 0 4 0 5
   3 4 0 1 5 0 3 5 2 1 3]
  [0 2 3 3 5 3 3 0 0 5 0 5 1 4 0 5 5 4 4 4 3 4 0 2 3 5 5 4 4 2 4 0 2 0 0
   5 4 1 3 0 5 5 0 1 4 2 5 5 4 0 2 4 5 5 1 1 3 4 1 5 2 1 3 5 3 3 1 5 0 2
   0 3 3 1 1 4 0 0 2 1 2]
  [0 2 5 1 3 2 3 4 2 3 3 4 2 4 3 5 2 3 4 2 1 0 2 1 1 5 0 1 5 3 0 4 1 1 0
   1 0 3 5 5 5 5 0 1 5 0 4 5 1 0 1 2 3 3 1 4 3 5 2 2 3 4 5 3 2 5 0 3 0 0
   1 3 0 5 5 0 3 2 0 3 2]
  [0 0 3 5 5 0 0 3 1 5 2 5 0 3 1 1 4 3 4 2 1 3 2 2 5 1 1 3 2 1 1 0 0 3 2
   0 4 5 0 4 0 3 0 4 3 1 2 2 1 0 3 1 3 3 0 3 1 3 1 3 3 2 5 3 0 5 0 0 0 0
   0 4 3 2 0 5 4 4 3 3 1]
  [0 4 5 5 2 0 2 4 5 0 5 1 1 0 1 3 2 5 2 0 4 1 1 0 5 5 5 2 0 4 5 2 0 3 3
   1 0 0 1 2 5 1 3 0 2 3 4 4 2 1 3 2 2 1 1 5 2 4 4 2 2 0 5 4 5 1 0 3 4 2
   4 5 2 0 2 3 4 5 1 3 3]
  [0 5 3 3 3 2 0 4 2 4 2 5 0 0 2 4 2 1 0 2 0 3 5 5 4 4 0 2 3 3 4 0 1 0 2
   2 0 0 1 5 5 1 3 3 1 2 4 1 5 1 5 3 1 5 3 0 2 2 4 0 4 0 4 4 3 1 2 4 2 5
   4 4 5 5 2 1 1 3 2 1 0]
  [0 4 1 5 5 5 0 1 1 0 2 0 1 4 0 3 5 3 0 5 4 5 1 2 4 0 5 5 5 2 5 3 1 0 3
   5 1 3 0 5 1 2 3 4 5 4 2 0 4 2 5 4 1 5 4 3 3 0 1 4 4 3 3 4 1 3 0 5 0 3
   3 3 2 2 5 2 1 2 5 1 3]
  [0 4 2 4 5 5 1 1 1 4 5 4 5 3 2 4 0 4 1 3 2 4 1 1 2 0 3 2 2 2 0 0 3 3 0
   0 1 4 5 0 0 0 1 4 2 0 2 0 3 1 3 2 5 0 5 1 5 5 1 3 4 5 1 2 0 0 3 1 1 0
   5 1 1 3 4 3 1 4 4 1 4]
  [0 3 2 2 2 0 1 4 5 4 1 3 3 4 2 4 1 2 2 2 2 3 0 3 0 2 5 1 2 4 2 3 5 2 2
   3 4 3 2 2 0 0 3 0 2 2 3 1 4 5 0 2 2 4 1 2 3 1 5 2 1 5 5 3 1 3 5 5 2 3
   0 1 5 1 3 0 5 1 0 2 2]
  [0 2 1 0 5 1 0 3 1 1 5 3 0 5 4 4 3 0 1 3 1 4 0 3 1 4 2 4 2 5 0 4 2 3 4
   4 5 2 2 2 2 0 4 1 1 3 5 4 3 3 2 1 2 3 1 1 3 3 4 5 3 2 4 0 1 5 0 5 5 3
   2 1 1 0 5 1 0 0 0 1 3]
  [0 4 5 0 3 3 0 0 2 5 1 5 3 1 3 5 0 2 0 5 4 5 5 2 3 4 2 1 4 1 3 5 5 2 0
   5 3 1 4 4 1 2 0 2 0 2 4 4 4 3 2 0 4 1 5 0 2 4 1 5 4 3 0 4 5 2 0 3 0 2
   5 1 5 5 3 5 2 4 4 4 4]
  [0 2 3 5 0 0 3 3 2 0 0 0 0 1 0 0 3 3 3 3 3 3 3 1 0 0 1 3 1 5 4 3 1 5 5
   3 4 0 1 1 2 3 3 0 5 1 4 3 3 0 3 5 2 3 3 4 5 4 2 3 5 3 4 2 2 4 3 3 2 3
   4 5 5 0 3 4 0 3 1 3 0]
  [0 3 2 1 3 0 5 5 5 5 5 1 5 1 4 1 5 3 2 3 2 0 0 4 1 3 5 2 2 0 0 0 3 1 0
   5 1 0 2 4 4 1 3 0 0 5 2 4 0 5 3 3 4 5 1 0 4 1 2 3 2 0 3 5 3 0 3 4 0 2
   4 5 4 3 2 3 0 1 4 2 3]
  [0 5 0 4 2 4 1 5 4 0 4 3 5 2 4 1 0 4 2 0 1 4 3 4 1 0 1 1 3 5 2 2 5 0 0
   5 3 2 2 1 1 2 2 4 3 0 1 0 2 4 5 4 0 2 4 1 3 3 5 4 5 5 5 3 2 0 5 5 5 1
   5 1 1 4 4 1 4 5 4 1 4]
  [0 5 1 1 0 5 0 2 3 2 5 5 3 1 3 4 1 4 1 3 2 5 1 2 2 3 2 1 0 4 1 3 4 2 5
   1 4 4 1 5 3 5 5 2 4 1 0 5 1 5 3 4 1 0 5 3 0 5 2 3 4 2 0 1 5 3 2 5 1 3
   5 3 2 4 5 5 2 0 4 0 5]
  [0 1 4 2 1 4 4 5 4 0 0 5 0 0 1 5 1 3 1 5 3 1 0 4 5 3 5 5 4 3 4 2 5 1 1
   4 5 2 4 0 4 3 1 0 4 2 4 0 2 3 3 2 2 2 4 4 4 4 5 3 4 2 3 5 5 0 2 5 5 2
   0 3 5 1 0 2 5 4 5 0 1]
  [0 2 5 5 2 1 0 4 4 0 1 4 0 5 1 5 2 1 0 1 5 0 4 2 1 4 2 0 2 0 4 4 0 1 3
   1 0 1 5 5 5 2 3 5 5 2 1 5 0 3 0 4 2 0 3 3 3 4 4 3 0 1 5 5 2 5 5 5 1 0
   4 3 5 5 4 3 0 5 0 1 4]
  [0 4 3 4 5 1 3 2 2 3 1 5 1 1 3 2 5 1 5 5 4 2 1 5 5 5 5 3 4 1 0 0 2 0 0
   3 0 3 1 5 5 5 2 4 0 3 1 0 4 0 0 3 3 4 2 5 2 5 0 2 1 2 4 2 0 2 2 0 4 5
   4 5 2 4 2 3 2 3 2 2 2]
  [0 5 2 1 2 1 4 1 5 4 0 0 3 4 4 3 5 3 3 2 5 4 4 1 3 2 1 1 3 0 3 1 1 5 3
   0 3 4 5 2 0 0 3 5 2 2 2 5 5 2 0 1 0 5 3 4 1 1 1 3 5 5 1 1 0 5 2 4 2 0
   5 1 0 5 2 4 3 1 1 3 4]
  [0 1 2 2 2 1 4 4 0 4 5 3 2 0 4 5 1 2 5 5 0 3 2 1 1 4 3 1 3 0 3 1 5 1 3
   5 2 0 5 4 3 2 5 2 2 5 1 0 0 5 2 0 0 5 1 0 3 5 2 1 2 5 1 1 5 5 5 2 4 5
   1 4 4 0 5 4 0 4 0 1 5]
  [0 1 2 4 3 1 4 3 2 2 3 3 3 3 3 4 1 5 0 4 5 4 0 1 1 0 4 2 5 0 1 2 0 0 5
   1 4 5 2 3 0 5 3 5 1 2 3 0 3 5 0 5 0 1 2 5 5 5 4 1 2 4 4 1 4 0 4 3 2 1
   2 3 5 3 2 0 5 2 2 4 5]
  [0 3 0 1 5 1 2 2 5 4 2 1 1 5 4 4 4 3 1 2 5 5 0 5 3 1 3 4 5 5 4 1 4 4 5
   2 5 0 0 2 3 0 2 0 0 2 5 4 3 5 3 5 1 0 2 1 2 4 5 0 3 5 0 2 2 2 3 4 5 1
   5 0 2 4 3 3 0 3 1 5 2]
  [0 5 5 3 4 2 0 4 2 3 0 5 5 4 1 3 3 0 2 4 5 4 0 4 1 0 2 3 2 1 4 2 0 1 3
   1 0 2 3 2 2 0 1 5 3 3 2 5 1 3 4 5 5 1 0 4 0 1 3 1 3 1 3 1 2 4 4 4 3 4
   5 5 4 2 5 1 1 0 5 5 5]
  [0 5 3 4 5 4 3 4 5 0 5 5 2 1 0 4 2 1 2 1 4 0 4 1 2 0 0 3 1 0 2 0 3 3 5
   1 5 2 5 1 1 4 2 1 3 5 4 2 2 5 0 1 0 2 3 0 5 0 2 5 4 4 1 4 1 2 2 4 4 2
   0 5 1 3 2 3 4 3 1 5 0]
  [0 5 2 0 5 4 5 3 1 4 3 5 3 3 4 1 3 0 2 1 2 5 3 0 2 4 5 3 0 5 0 2 5 4 2
   1 0 0 0 3 4 3 3 0 2 5 0 4 1 5 4 3 0 3 2 4 0 0 5 1 0 4 0 3 3 3 5 5 4 5
   2 3 0 2 4 5 0 4 4 5 0]
  [0 5 1 5 3 0 2 0 4 5 0 5 1 3 5 5 3 0 1 5 4 5 2 0 0 3 1 3 3 1 4 1 3 1 4
   4 0 0 0 1 0 1 2 0 4 1 1 4 3 0 5 5 3 4 1 2 1 0 3 1 4 5 3 3 1 3 1 0 1 0
   0 4 5 4 5 0 3 5 5 5 5]
  [0 4 4 3 0 3 3 1 1 4 0 2 5 1 1 0 5 3 5 2 4 4 2 0 5 3 5 5 5 3 1 2 2 1 0
   0 2 4 4 4 4 1 1 3 3 4 5 2 3 5 1 4 3 5 0 5 1 2 0 1 3 5 1 2 1 3 0 2 5 5
   5 4 0 0 0 2 5 2 1 0 5]
  [0 1 1 4 4 5 2 1 0 4 4 0 4 2 5 5 2 3 0 1 1 3 1 1 5 2 0 1 0 4 1 4 5 2 1
   1 1 1 5 3 4 2 3 0 3 2 3 5 3 1 1 5 0 1 4 1 1 1 2 0 4 1 2 5 0 2 3 1 4 4
   4 3 0 3 0 1 2 0 1 1 4]
  [0 2 2 5 5 3 3 5 4 3 3 0 4 1 1 4 3 0 0 2 4 5 3 2 1 2 2 1 5 5 5 0 2 1 0
   1 5 4 2 1 3 1 4 1 3 0 4 3 5 1 0 2 2 4 5 0 2 5 0 5 0 2 0 2 2 4 2 3 4 0
   5 0 2 0 0 4 3 4 3 1 4]
  [0 4 2 4 0 0 4 0 5 1 4 2 0 1 0 5 5 3 1 4 4 3 3 4 1 1 0 2 4 5 0 0 0 3 3
   1 5 4 0 5 1 1 1 1 3 0 2 3 5 4 2 4 5 0 2 4 3 0 0 1 4 0 2 4 0 3 3 0 4 2
   0 3 2 1 1 3 3 1 1 0 5]
  [0 2 5 5 1 1 3 1 1 2 1 4 3 4 1 1 1 1 3 2 4 4 5 3 2 2 0 3 1 0 0 3 3 2 1
   3 2 1 5 4 0 3 3 3 4 0 1 5 2 2 4 2 5 3 4 4 2 5 5 2 1 2 0 2 0 5 5 4 5 1
   0 5 1 2 4 3 1 0 1 3 1]
  [0 2 4 3 2 5 1 4 2 4 5 0 3 5 0 3 3 4 4 5 0 0 1 3 1 2 3 4 5 4 0 1 2 4 1
   4 5 5 0 0 3 1 1 5 3 5 5 2 5 1 0 2 4 2 2 3 2 2 2 4 0 1 4 0 4 2 5 5 1 0
   3 0 3 0 4 0 2 0 3 2 3]
  [0 0 3 2 5 4 3 1 5 5 4 4 2 5 2 1 3 0 0 3 0 2 1 0 4 0 1 3 1 5 3 0 5 1 4
   5 0 4 3 2 4 0 3 2 3 3 2 3 0 3 2 2 5 5 5 0 5 4 5 1 2 5 4 4 0 3 1 5 3 2
   3 4 4 2 0 2 0 4 1 5 3]
  [0 3 4 1 5 0 1 5 0 3 5 3 3 3 3 4 2 0 5 2 1 4 5 4 2 2 2 0 5 2 4 4 0 4 1
   3 4 3 0 2 1 3 1 2 0 1 5 3 2 0 2 1 0 3 2 1 5 4 3 1 5 5 1 4 0 0 4 0 4 4
   1 4 4 1 3 2 2 1 5 1 3]
  [0 5 1 2 3 0 4 2 1 5 3 1 5 2 3 5 2 4 3 4 1 1 2 0 5 5 0 3 5 1 4 3 0 5 0
   0 4 5 2 5 4 4 1 5 1 5 0 4 2 0 1 1 2 3 1 5 3 5 4 1 4 4 1 4 5 3 0 1 5 0
   5 4 3 1 1 5 1 4 5 1 5]
  [0 4 2 0 2 4 1 0 3 1 5 3 4 2 5 0 1 3 5 3 1 3 3 2 3 3 1 5 3 2 3 1 4 3 5
   4 1 5 0 4 4 0 4 4 1 3 0 2 0 2 2 5 4 2 5 2 4 5 2 5 2 0 3 0 0 4 2 0 3 1
   0 4 3 5 4 5 1 4 4 5 4]
  [0 5 1 5 5 4 3 4 0 4 1 2 1 5 3 0 4 0 3 2 1 3 1 0 0 1 0 5 3 1 4 0 4 5 5
   4 5 2 4 2 1 0 0 3 0 4 5 0 2 3 3 4 3 2 4 2 5 4 5 1 1 3 4 1 3 4 2 0 0 5
   4 1 0 2 0 5 4 3 0 4 1]
  [0 4 3 5 5 1 0 0 5 1 3 2 5 0 4 5 4 2 3 5 0 1 5 2 2 3 1 1 0 4 0 1 1 0 4
   1 2 0 0 1 5 2 1 1 5 2 0 4 4 1 1 0 4 0 0 4 4 4 3 3 2 3 4 1 5 2 1 0 5 0
   4 2 1 2 5 0 2 2 3 5 4]
  [0 4 3 1 3 2 5 4 3 0 3 1 4 0 5 3 1 2 2 1 1 1 1 1 5 5 5 5 0 2 2 3 3 2 4
   0 4 1 1 3 1 2 1 1 3 5 2 4 0 0 5 0 5 1 2 5 1 4 3 2 2 2 0 2 4 1 5 3 0 4
   0 0 1 3 5 4 2 3 1 0 3]
  [0 4 3 0 0 1 1 5 5 1 0 4 0 3 0 3 1 1 1 0 0 1 0 3 4 2 0 0 5 3 4 2 0 3 5
   0 4 4 1 1 3 0 0 1 0 4 5 0 5 1 1 0 3 2 1 3 3 5 5 1 1 2 5 0 3 1 1 3 4 0
   5 0 2 0 2 4 3 4 4 3 3]
  [0 1 5 5 5 5 1 5 3 3 1 4 3 4 4 2 5 1 3 0 2 5 4 0 3 5 0 2 3 3 0 5 5 0 0
   0 1 1 0 5 3 0 5 2 3 4 0 5 5 5 3 1 2 5 5 4 5 5 5 2 4 0 5 4 5 3 5 0 3 5
   5 2 0 1 3 0 1 3 2 4 0]
  [0 3 2 1 3 3 5 2 3 3 0 0 1 1 2 1 2 3 3 1 4 2 1 5 4 3 3 4 3 4 3 4 0 0 0
   4 0 1 2 0 3 4 4 5 3 3 4 4 4 3 1 2 1 4 3 0 4 4 5 3 4 2 2 3 0 5 0 5 3 3
   4 3 4 0 0 4 4 1 4 5 4]
  [0 5 2 1 4 3 2 3 4 4 5 2 2 0 1 5 0 1 4 4 0 1 5 2 1 5 3 0 2 4 4 3 0 4 5
   5 3 4 3 4 3 5 0 3 5 0 0 0 1 0 1 1 2 3 1 1 2 2 3 0 2 0 4 1 1 1 0 4 1 2
   2 3 4 3 0 0 1 1 5 1 3]
  [0 1 3 4 3 0 4 5 3 2 2 0 1 1 5 0 2 3 5 4 0 4 4 1 0 0 2 4 1 2 0 4 4 0 1
   5 0 2 2 0 2 3 5 0 1 4 0 4 1 0 2 0 1 2 0 0 4 2 3 5 0 3 2 5 3 3 4 2 4 0
   5 2 4 5 5 0 2 2 0 3 3]
  [0 3 0 3 1 2 2 3 3 2 4 2 0 5 2 5 4 3 3 0 3 0 2 2 0 5 5 2 4 3 0 4 1 4 4
   4 3 4 4 3 1 1 4 2 0 2 3 4 3 0 5 0 5 0 1 4 2 2 3 2 1 3 5 5 3 4 4 3 2 1
   0 3 3 5 1 2 0 3 3 2 0]
  [0 2 4 2 5 4 3 2 0 2 4 5 5 5 0 3 1 3 1 4 1 3 5 0 1 1 0 3 4 4 3 4 2 5 0
   3 5 0 5 5 5 2 2 4 4 1 3 1 1 0 0 1 2 5 4 3 5 3 1 5 1 2 3 0 1 5 1 5 1 4
   5 0 3 3 5 0 5 0 0 2 1]
  [0 4 3 3 2 3 2 5 4 0 5 4 5 4 0 3 0 5 0 1 4 2 1 0 4 1 4 3 4 2 0 3 3 3 1
   2 3 5 4 5 4 4 4 3 3 1 3 2 0 1 4 3 0 4 2 1 1 1 1 5 2 0 0 2 5 0 4 3 3 3
   3 0 1 2 5 3 3 0 0 3 4]
  [0 3 3 2 0 1 2 4 4 3 3 5 5 3 2 1 3 5 4 5 2 3 3 4 2 4 0 5 5 1 5 4 1 4 1
   2 5 0 1 4 1 5 3 2 0 5 4 1 3 2 1 5 5 1 2 5 5 3 2 1 3 2 1 2 3 1 3 0 2 0
   1 2 3 1 5 0 3 4 3 0 5]
  [0 0 4 3 1 1 1 3 0 1 5 0 4 1 3 5 4 1 5 1 1 4 3 0 2 2 1 4 3 3 2 4 3 2 1
   3 0 4 2 4 0 0 0 0 1 0 3 5 2 0 4 4 1 2 4 4 2 2 4 4 2 4 4 5 5 5 2 1 5 2
   4 3 0 5 0 1 4 0 3 3 0]]

 [[0 2 5 3 5 2 1 0 3 4 2 3 0 3 3 3 5 4 4 0 1 5 0 4 3 2 1 4 4 5 5 3 5 4 1
   5 5 0 4 0 2 5 0 2 0 5 0 3 2 3 1 3 0 5 3 4 2 3 4 4 5 5 0 5 0 0 4 0 5 1
   2 4 3 1 0 0 2 4 0 1 3]
  [0 0 3 3 1 5 4 3 3 5 4 2 4 0 3 5 1 3 0 4 5 3 1 2 1 3 3 4 3 1 2 2 2 5 0
   3 0 2 5 3 0 0 1 2 4 3 2 4 4 3 3 1 3 0 2 1 5 4 4 4 2 0 5 0 4 3 0 0 2 4
   5 1 4 3 0 1 5 1 1 5 0]
  [0 5 0 5 4 5 1 1 0 1 3 0 2 3 0 2 4 5 0 3 0 2 0 1 3 2 4 5 0 1 2 3 1 3 0
   5 0 5 0 1 0 5 1 5 1 1 1 4 0 3 0 1 0 4 3 2 3 3 5 0 0 2 3 5 5 0 1 3 0 5
   4 3 2 1 1 5 5 0 1 0 4]
  [0 1 5 0 5 0 5 0 2 2 4 1 2 2 0 5 4 2 2 1 5 5 5 3 3 5 0 4 2 5 1 4 4 4 5
   4 0 3 2 4 5 4 2 3 3 4 1 2 5 1 4 3 2 1 0 0 2 3 3 0 0 0 1 2 3 5 5 0 4 1
   2 2 1 0 2 5 3 1 3 1 0]
  [0 3 4 2 0 2 5 0 3 4 4 2 5 0 4 4 5 1 3 3 5 4 1 4 0 2 3 1 2 0 5 0 2 0 3
   3 1 3 2 3 5 4 3 4 3 3 4 2 2 5 0 4 2 5 2 1 1 0 5 5 1 3 3 2 2 2 1 4 4 0
   1 5 1 1 1 2 4 1 0 3 2]
  [0 2 3 5 5 0 2 4 3 5 5 2 5 1 3 0 4 5 2 3 0 4 3 4 5 3 1 3 0 4 4 3 0 0 1
   3 5 2 3 1 3 1 0 5 0 1 2 3 2 5 2 2 1 4 1 5 0 4 3 1 3 0 3 2 2 1 3 5 3 3
   5 2 1 4 5 3 5 5 5 5 2]
  [0 4 2 4 2 0 0 5 0 2 1 1 3 2 1 3 0 2 0 4 3 3 4 5 4 2 1 4 2 5 3 4 5 5 1
   5 3 0 5 3 1 0 2 3 5 3 3 0 0 0 4 1 4 1 2 0 2 0 1 5 4 0 5 1 0 4 3 2 1 1
   3 3 3 2 0 2 4 5 0 2 3]
  [0 0 1 2 1 2 4 0 5 5 0 2 3 4 4 4 4 1 5 4 0 5 0 2 3 3 5 5 3 5 5 2 2 1 1
   1 0 1 5 4 5 1 2 4 2 3 3 0 2 4 4 2 0 3 0 1 4 3 5 4 5 0 1 5 3 3 4 5 2 3
   4 5 5 4 4 4 3 2 5 3 4]
  [0 1 4 2 1 5 4 5 0 3 0 4 1 1 2 1 2 0 3 0 2 2 1 5 5 3 1 4 5 4 2 1 2 5 3
   0 3 5 4 0 2 4 4 0 1 2 2 1 2 1 5 0 3 1 4 1 4 2 4 2 0 1 3 3 1 2 1 4 5 3
   2 1 5 3 4 2 3 4 5 1 5]
  [0 3 4 3 0 5 5 3 1 0 4 0 0 1 0 1 0 1 4 3 3 2 0 0 4 1 5 2 3 2 2 0 5 5 3
   2 3 0 4 1 5 2 3 0 2 2 2 2 5 1 0 1 1 2 0 1 3 1 5 3 1 1 1 4 0 3 1 4 4 0
   3 5 0 4 4 5 3 2 0 1 2]
  [0 4 3 3 3 1 1 1 2 0 0 0 1 4 2 4 2 5 1 0 1 2 4 0 1 0 4 4 4 4 3 2 5 5 4
   5 4 5 0 4 3 2 1 2 4 2 2 1 4 0 1 4 0 3 3 3 5 4 5 3 0 5 2 0 2 2 3 3 0 3
   0 5 5 0 2 3 0 4 0 3 1]
  [0 3 5 4 0 0 2 2 0 2 4 0 3 5 0 2 2 4 1 4 2 0 3 0 3 5 1 0 2 0 2 4 5 5 1
   1 5 0 4 2 0 3 2 5 4 2 3 1 0 4 3 3 4 5 0 3 3 5 0 5 1 0 4 5 0 4 3 5 3 2
   2 4 5 1 5 3 5 4 4 1 3]
  [0 1 3 1 0 0 0 1 2 2 4 1 0 0 4 2 4 4 5 3 3 5 2 0 2 3 4 2 4 1 1 2 2 1 3
   5 3 0 1 1 1 3 2 5 3 4 5 1 4 0 2 5 5 0 5 4 4 4 1 5 4 0 4 3 3 0 0 4 0 0
   4 4 1 4 0 5 4 3 4 0 3]
  [0 1 3 3 4 2 1 1 0 0 5 0 5 0 3 2 4 5 0 5 2 4 0 5 4 0 1 0 1 1 2 3 3 2 0
   4 1 5 4 5 4 5 5 5 3 4 0 0 5 3 5 5 4 2 2 5 1 0 2 0 5 2 1 4 5 5 1 2 4 1
   2 0 1 4 1 2 4 0 1 5 1]
  [0 0 1 4 0 2 1 5 2 2 1 1 0 5 0 0 0 4 1 1 3 1 3 2 4 0 2 2 0 1 1 4 5 4 3
   2 5 2 0 4 1 5 5 4 3 0 2 0 2 5 1 3 0 2 5 2 2 4 3 5 1 0 2 1 3 2 5 2 3 2
   5 0 2 1 1 4 4 5 4 5 0]
  [0 1 0 3 1 3 4 2 0 5 3 0 4 4 0 0 0 2 1 4 0 1 4 5 2 2 3 1 0 4 2 2 3 2 4
   5 5 3 4 3 1 1 4 0 1 5 1 1 5 0 1 3 1 4 1 3 0 5 3 1 1 2 4 5 2 2 3 2 5 2
   3 3 1 2 1 4 4 2 5 3 2]
  [0 5 3 0 4 1 1 1 2 5 1 5 1 3 2 0 0 1 2 1 0 5 0 4 5 0 1 1 3 3 5 1 1 5 0
   3 1 1 2 1 2 4 2 5 1 3 1 3 4 5 1 4 2 3 3 0 2 0 5 2 3 4 0 0 1 5 0 3 4 4
   1 4 5 0 1 2 4 2 5 1 5]
  [0 3 2 0 2 5 2 5 1 0 1 0 1 4 3 3 5 0 0 1 5 0 3 5 3 3 2 5 2 5 5 5 2 3 1
   0 2 2 1 3 5 1 2 5 2 0 1 5 5 2 1 4 0 2 0 4 4 4 5 5 2 0 2 3 1 5 5 4 3 0
   0 5 5 3 5 4 3 1 0 0 4]
  [0 2 5 5 2 4 4 1 0 0 4 4 0 1 5 2 4 5 0 5 3 0 0 0 4 0 2 1 2 2 5 1 5 5 4
   3 0 3 5 3 2 0 1 5 2 4 3 2 2 3 0 0 4 4 3 3 0 1 3 0 4 1 4 2 1 5 4 4 3 1
   0 5 5 5 2 2 3 0 3 2 5]
  [0 0 2 1 1 0 3 3 3 4 4 3 5 4 2 3 0 2 0 0 2 4 5 5 0 0 0 4 1 1 0 1 5 4 4
   3 4 5 5 2 3 5 2 5 2 3 1 0 0 1 2 0 0 4 5 1 2 3 2 3 3 3 2 5 5 3 0 5 5 2
   2 1 1 4 5 5 5 3 1 3 2]
  [0 0 1 0 1 4 3 0 0 3 3 1 4 1 4 0 4 1 2 1 0 1 2 4 4 0 5 5 5 4 5 1 0 2 5
   5 5 4 1 2 4 3 5 0 5 4 1 5 0 1 4 3 1 4 2 1 0 0 3 0 0 4 5 1 2 0 3 3 2 4
   2 0 0 4 3 5 4 0 2 0 0]
  [0 3 4 0 5 4 3 2 5 5 5 2 2 4 5 1 0 2 5 5 3 0 1 5 2 4 0 4 3 0 1 3 4 0 0
   3 3 5 1 1 4 3 3 1 0 3 3 2 1 1 1 0 4 3 3 0 3 0 0 3 1 2 0 0 3 0 0 3 5 2
   2 5 5 5 2 1 5 3 2 1 0]
  [0 3 4 2 4 3 3 4 5 2 2 4 1 0 0 0 4 0 0 3 3 4 0 1 3 4 1 3 0 3 0 4 4 3 3
   2 4 3 3 2 0 4 4 2 2 3 4 2 5 2 3 0 0 5 4 5 3 3 5 1 0 2 4 5 4 4 3 2 5 0
   3 5 4 2 0 0 2 2 0 5 1]
  [0 5 2 3 3 5 5 5 1 0 2 4 1 0 5 4 0 1 4 3 5 3 1 0 0 0 2 4 2 3 5 1 3 0 3
   4 4 0 5 0 0 4 0 5 2 3 1 5 1 0 4 0 2 3 4 5 5 2 5 5 1 2 1 2 3 1 1 0 2 4
   0 4 1 3 1 1 4 0 1 1 3]
  [0 5 0 2 5 2 5 2 1 4 2 1 1 1 4 0 0 5 0 5 4 2 5 1 0 1 4 0 3 2 2 2 2 2 4
   3 4 1 3 5 5 4 3 5 0 4 4 2 2 4 1 4 1 3 0 3 1 1 2 1 0 4 4 1 5 1 5 0 0 3
   1 1 5 0 4 2 0 2 0 0 1]
  [0 3 1 2 4 4 4 1 2 5 0 1 3 3 4 5 1 3 1 4 3 1 3 5 4 0 4 3 5 4 3 4 0 5 1
   3 4 0 2 0 5 1 0 5 1 1 1 1 4 4 5 3 0 1 5 5 1 1 3 2 0 5 4 4 1 3 1 4 3 0
   4 2 0 0 5 3 2 5 1 3 3]
  [0 5 4 5 4 0 4 1 4 1 1 1 0 2 2 4 1 2 4 1 1 2 3 0 0 3 0 5 5 3 4 4 5 0 1
   2 4 5 3 5 1 1 2 2 0 0 0 0 5 4 5 3 2 1 5 4 3 3 2 0 5 5 0 2 2 2 0 5 2 1
   3 5 2 5 5 4 1 4 1 5 2]
  [0 2 4 3 0 0 5 4 1 4 4 0 2 1 1 5 1 1 1 5 0 2 2 4 2 1 1 0 3 2 4 0 1 0 2
   3 3 4 0 1 2 0 0 5 0 5 1 0 2 3 2 0 2 5 4 5 5 0 5 3 3 4 4 2 0 2 3 0 0 4
   3 2 5 2 3 0 1 0 1 3 1]
  [0 2 5 2 2 3 0 5 5 3 1 0 1 4 5 5 4 3 2 4 2 0 3 0 4 5 5 1 0 0 4 5 3 2 3
   2 4 1 3 3 1 4 3 0 0 5 3 5 4 4 2 1 1 0 4 5 4 1 4 2 0 1 3 5 0 1 4 5 4 3
   3 5 0 0 0 5 3 1 3 1 1]
  [0 4 2 0 2 0 0 1 2 2 2 5 2 1 5 3 0 5 2 5 0 0 3 2 0 3 4 5 5 0 0 4 3 5 2
   5 2 1 4 3 5 0 0 5 3 5 2 2 3 4 3 3 0 2 5 5 2 3 0 4 2 5 2 5 5 4 4 2 1 5
   5 0 2 5 5 1 3 3 2 2 2]
  [0 0 5 1 1 5 4 4 4 3 2 1 5 3 3 5 1 4 1 1 2 3 0 4 3 3 3 3 0 4 0 3 5 2 2
   3 0 1 3 1 1 3 3 0 2 2 4 1 3 3 5 4 2 0 5 1 3 2 3 0 2 4 3 4 4 5 5 3 4 2
   1 4 5 0 4 0 0 4 2 1 1]
  [0 1 1 0 0 4 3 5 1 1 4 4 5 0 1 2 4 4 3 1 4 5 0 4 2 2 1 4 1 1 1 0 1 0 3
   0 4 0 0 3 3 1 5 5 4 3 5 0 0 4 3 2 2 5 1 5 2 0 3 1 5 3 5 3 1 2 4 4 0 3
   5 0 4 3 1 2 0 3 5 3 1]
  [0 3 0 1 4 0 0 0 3 5 3 0 2 5 3 2 1 5 4 5 4 5 3 1 4 3 0 1 5 3 3 0 0 2 0
   1 5 1 2 0 1 1 4 4 4 3 5 3 2 0 5 0 2 1 2 5 2 3 2 0 2 4 4 3 1 1 2 2 5 4
   5 0 2 4 2 0 5 0 0 3 2]
  [0 5 2 5 2 5 1 2 1 2 3 1 3 3 5 4 2 1 3 3 1 2 0 3 3 3 5 3 2 0 0 0 5 0 4
   4 1 2 1 1 0 1 2 4 0 1 3 3 1 2 1 3 2 4 2 2 1 5 3 2 2 1 4 3 1 2 5 4 4 5
   4 0 4 0 3 5 3 3 1 5 1]
  [0 5 1 2 2 0 3 0 5 1 5 4 2 4 5 3 4 2 5 5 4 5 5 3 2 5 1 2 2 1 0 2 2 4 0
   2 5 0 4 3 3 4 0 2 2 3 2 3 5 3 2 4 2 2 1 2 3 2 3 3 3 2 2 2 1 4 4 0 5 5
   0 2 0 2 1 0 2 4 1 2 5]
  [0 1 3 1 1 2 2 2 5 0 5 0 4 0 2 5 2 0 1 0 0 2 5 0 0 4 2 0 4 4 2 0 4 1 5
   0 3 5 2 1 4 2 0 5 0 3 4 1 5 5 3 2 2 5 5 4 5 3 4 5 0 0 2 1 4 2 5 4 2 1
   1 3 4 5 0 0 4 4 5 3 2]
  [0 2 5 1 5 4 2 2 2 5 5 0 4 4 5 0 0 2 2 5 5 3 4 0 1 4 3 1 0 1 2 3 4 2 0
   4 0 1 2 0 5 4 1 1 5 2 1 0 0 2 2 2 0 0 3 1 5 0 5 1 2 2 4 3 0 2 2 5 3 2
   1 1 1 2 1 3 2 3 3 4 1]
  [0 2 0 2 3 0 0 0 5 1 3 4 1 1 3 0 5 2 1 2 1 1 4 2 2 1 0 2 5 1 2 4 3 1 4
   5 2 0 1 4 4 5 3 0 4 2 1 5 5 4 4 3 1 3 3 5 0 5 4 1 0 2 5 1 1 1 4 1 1 3
   5 1 3 1 2 3 5 3 5 0 2]
  [0 2 4 4 3 2 4 2 2 4 5 4 5 4 4 1 5 4 4 5 4 1 2 4 2 0 5 4 3 2 3 4 5 2 0
   2 0 2 0 0 1 3 5 0 2 4 2 5 2 2 2 5 2 2 3 5 1 4 4 1 0 0 0 1 5 4 3 1 2 2
   1 1 0 2 3 4 5 4 3 2 3]
  [0 3 3 1 3 5 2 2 5 1 4 5 0 1 2 4 0 2 3 4 2 5 3 2 0 0 4 4 1 0 3 4 0 5 4
   5 5 1 4 0 2 1 3 5 1 4 0 5 3 3 4 3 1 1 3 0 0 0 5 3 0 0 3 2 0 4 1 1 3 5
   5 1 5 1 5 4 5 4 2 4 1]
  [0 1 1 0 3 2 2 5 2 1 3 2 1 0 1 3 3 4 5 0 1 2 2 0 5 5 4 1 0 3 1 2 3 4 1
   2 5 1 2 1 0 1 4 5 4 0 1 5 2 1 4 3 2 2 0 5 4 2 2 2 0 2 1 1 1 5 5 4 4 2
   1 2 2 4 5 1 2 1 0 4 1]
  [0 4 3 4 0 5 2 0 1 0 3 2 5 2 0 3 2 0 0 5 0 1 5 5 4 4 2 3 4 3 3 3 0 2 4
   5 3 0 0 0 3 0 2 2 5 3 2 5 2 1 4 5 4 0 2 1 1 2 3 5 3 4 0 3 5 2 1 2 2 2
   1 5 3 4 0 5 2 4 2 5 5]
  [0 1 3 5 2 1 3 2 4 5 0 4 0 1 1 0 0 1 1 0 2 4 3 2 5 2 4 3 0 4 0 2 2 0 2
   5 4 5 5 2 0 5 0 3 2 2 2 3 5 4 3 3 3 2 3 3 0 0 5 4 2 2 0 3 4 2 3 3 5 2
   1 4 1 1 3 2 5 5 0 1 1]
  [0 4 0 0 2 4 2 0 4 5 0 0 0 2 0 0 1 2 5 2 1 3 3 2 3 4 4 2 2 5 3 3 0 3 0
   3 1 1 3 5 5 4 4 0 0 0 5 5 4 2 1 5 0 1 1 0 0 0 0 3 4 4 2 0 1 5 4 3 1 3
   5 2 4 2 4 2 2 5 4 2 5]
  [0 3 1 2 4 2 2 2 2 1 5 3 4 4 4 3 5 2 1 1 3 4 4 0 5 3 4 1 2 4 4 0 0 0 0
   4 1 1 4 3 3 2 4 5 0 5 2 1 1 2 4 2 5 2 3 5 4 0 0 1 4 1 2 0 2 1 4 1 4 1
   5 3 3 0 1 1 0 4 5 4 0]
  [0 1 0 3 3 2 1 0 3 1 2 4 4 1 3 2 5 5 3 3 5 1 5 1 2 0 0 1 4 4 0 0 3 5 2
   2 5 5 1 5 3 3 5 5 1 0 5 0 1 5 3 1 0 0 0 5 2 0 1 2 5 5 1 1 0 0 2 2 2 3
   5 4 1 2 3 1 2 2 0 4 3]
  [0 3 3 5 3 0 1 5 3 1 0 3 0 4 3 4 1 1 2 2 3 3 0 2 5 3 2 4 3 5 4 5 0 3 2
   2 1 2 0 1 2 1 5 5 4 3 0 0 5 1 0 3 5 0 1 0 0 0 1 1 1 0 1 1 3 2 5 2 1 3
   5 1 5 2 5 1 1 4 2 3 4]
  [0 5 0 3 4 5 2 4 1 0 2 4 2 2 5 1 0 2 1 0 2 1 0 3 0 5 5 2 4 4 2 2 5 5 2
   2 2 0 0 2 1 0 4 4 5 5 4 0 5 0 2 3 3 2 5 1 2 5 0 1 0 4 5 0 0 1 1 3 3 4
   4 0 1 1 4 1 5 2 3 2 0]
  [0 4 5 4 4 3 1 0 2 1 1 4 3 4 3 2 4 2 3 0 0 4 4 1 5 5 5 2 3 5 4 5 0 1 3
   2 2 2 1 4 1 5 3 5 1 5 4 4 0 5 0 1 1 0 5 0 2 3 2 5 3 2 2 1 1 5 0 5 5 2
   0 3 2 5 4 3 1 0 1 5 4]
  [0 1 3 1 4 3 1 5 4 5 4 2 0 5 0 2 0 3 2 2 0 4 0 2 1 3 2 5 0 0 4 5 2 2 4
   5 2 4 5 5 5 2 4 4 4 1 5 2 1 0 4 5 2 4 3 3 1 5 4 2 5 5 0 5 4 1 4 2 3 0
   3 5 0 2 5 5 2 0 3 0 5]
  [0 1 4 5 1 0 1 1 3 3 2 3 5 5 0 0 0 5 5 1 2 0 0 2 0 4 5 3 2 4 1 5 0 2 4
   1 5 3 3 0 0 2 0 1 1 3 5 5 4 4 0 4 5 2 4 0 0 2 0 1 1 1 5 5 4 3 2 4 2 1
   3 5 1 4 3 0 3 5 0 4 0]
  [0 3 3 1 2 3 3 3 3 3 4 4 3 2 5 1 5 1 1 4 2 1 3 5 1 3 1 3 3 5 5 2 1 5 2
   0 4 3 0 2 4 2 5 0 0 3 0 5 0 5 3 0 5 0 3 0 2 4 1 0 5 4 2 4 4 1 1 3 1 0
   2 4 4 4 3 1 4 4 1 0 0]
  [0 3 1 5 3 2 3 3 4 2 5 1 2 5 3 3 2 2 2 3 1 3 0 1 1 2 2 0 3 5 2 4 1 4 3
   4 0 5 1 5 3 5 5 3 0 1 2 3 0 1 3 4 0 3 1 3 4 1 2 1 0 0 3 5 0 3 2 2 4 2
   1 1 1 3 4 4 1 3 2 4 1]
  [0 3 0 3 2 3 2 4 0 5 5 3 4 5 5 0 5 4 1 1 2 2 5 5 2 0 4 1 2 0 3 0 3 0 2
   0 3 5 1 0 1 5 2 5 1 3 0 4 2 5 4 0 5 0 5 0 3 0 0 4 0 4 5 3 5 4 5 5 0 4
   1 3 4 0 1 2 3 2 4 3 3]
  [0 1 2 4 5 5 1 5 4 2 0 1 5 4 3 1 3 3 0 0 3 3 1 2 0 4 2 1 1 1 4 0 3 4 2
   4 1 2 5 0 3 1 0 2 0 0 4 1 3 2 1 0 2 1 0 2 5 2 0 0 1 3 1 1 5 1 0 3 2 4
   3 1 2 2 3 3 2 0 3 3 3]
  [0 3 0 3 1 4 5 3 5 2 0 3 2 0 2 2 3 4 5 4 3 4 5 1 3 4 2 3 0 2 3 3 0 5 2
   3 5 3 0 2 0 2 1 2 3 2 4 2 0 3 0 5 5 0 5 0 0 4 3 3 4 4 0 0 2 4 5 1 2 1
   2 5 1 3 4 1 5 0 2 5 1]
  [0 4 0 2 1 3 2 3 2 0 5 5 4 5 2 5 0 3 4 2 3 2 0 4 2 2 3 5 0 5 3 3 3 1 4
   5 0 0 4 2 1 4 5 0 3 2 1 5 3 4 0 1 4 1 4 1 0 5 3 0 5 1 2 1 2 2 0 0 5 4
   0 4 4 4 1 2 4 3 3 5 3]
  [0 2 4 0 5 2 0 5 4 5 2 3 3 2 1 1 3 1 5 5 4 0 5 3 0 0 5 2 5 1 3 2 3 5 5
   2 5 0 0 4 3 1 5 5 1 4 0 2 5 0 0 2 4 3 3 5 5 0 4 4 1 0 4 3 5 0 3 5 2 0
   1 3 2 2 5 2 0 0 0 3 2]
  [0 1 4 4 2 0 4 3 2 2 1 3 0 4 0 1 4 5 0 4 1 1 1 0 2 1 3 3 2 5 2 2 2 0 3
   0 2 0 3 2 3 1 5 0 4 1 2 2 3 5 2 5 4 1 3 1 3 1 0 4 0 2 4 4 5 0 5 3 2 5
   4 4 0 4 4 2 2 4 0 4 2]
  [0 0 1 5 1 0 3 1 3 5 5 1 5 4 3 2 4 2 5 2 0 5 0 0 2 3 4 3 5 0 4 0 5 3 1
   1 2 3 0 3 4 5 5 4 0 3 0 4 1 0 2 2 2 0 1 3 3 1 3 0 5 2 2 1 0 5 4 2 4 1
   0 5 5 3 0 1 2 1 3 1 5]
  [0 2 4 2 2 5 5 3 3 3 4 4 2 2 3 2 1 4 4 2 3 2 2 1 5 1 5 2 4 5 0 3 3 2 2
   3 0 2 2 1 2 5 0 5 4 3 2 4 2 5 0 0 4 2 0 4 4 2 2 5 0 2 3 3 3 2 1 3 4 4
   2 2 2 4 4 4 5 5 2 4 3]
  [0 5 0 0 3 0 5 4 2 1 1 3 5 0 4 4 3 1 0 0 5 1 0 2 5 4 1 3 3 2 3 1 1 1 4
   5 0 3 4 1 2 5 2 3 4 4 2 5 1 0 4 0 5 1 1 4 1 1 1 0 2 0 4 5 1 3 3 2 4 4
   2 5 2 3 3 3 3 5 0 0 5]
  [0 4 1 1 0 4 5 4 3 2 0 1 3 1 1 4 3 0 3 3 1 4 5 4 1 0 3 1 4 3 4 5 1 0 1
   3 1 0 0 3 0 2 0 0 1 0 3 5 1 1 2 4 0 3 5 1 5 4 3 3 0 4 0 0 3 0 0 0 1 1
   0 5 5 2 2 1 0 5 2 4 5]
  [0 3 4 5 4 4 2 4 1 4 0 1 1 2 2 5 0 3 5 3 1 0 3 5 0 0 5 0 0 2 5 0 5 5 3
   3 4 3 0 4 2 3 4 4 5 3 0 0 3 3 1 3 4 3 1 3 1 4 2 5 5 5 2 0 3 1 5 5 0 4
   5 5 3 4 0 1 0 0 0 3 4]
  [0 3 0 0 1 3 2 3 2 4 0 4 4 3 3 1 3 1 5 5 0 5 3 2 3 0 3 1 3 0 0 1 4 1 3
   4 0 1 3 5 1 3 1 3 3 3 3 0 4 3 3 0 4 1 3 1 4 2 1 2 4 4 1 3 0 3 3 0 0 5
   2 2 5 2 4 4 1 4 3 1 3]
  [0 0 2 5 3 1 5 1 0 4 3 3 3 4 3 4 0 0 5 4 1 3 3 1 4 4 3 1 5 5 5 3 4 1 2
   4 3 1 5 4 5 2 3 4 5 4 3 5 1 2 1 4 1 5 4 4 5 0 2 4 0 5 4 3 0 0 3 2 3 1
   5 4 0 1 3 2 3 2 1 4 0]
  [0 1 5 3 1 4 2 0 2 3 4 1 4 1 2 5 2 5 4 4 3 0 0 5 2 3 2 5 3 0 4 0 4 4 0
   2 4 1 5 5 1 2 5 1 2 5 3 5 4 2 2 1 3 5 1 0 5 0 4 5 3 5 2 1 0 0 0 1 1 4
   5 3 0 3 5 2 5 4 1 3 0]
  [0 0 1 0 5 2 2 3 4 2 2 4 2 2 2 1 5 3 1 3 3 0 3 5 5 0 0 0 4 4 0 5 0 4 3
   3 0 2 4 2 1 1 3 4 2 5 3 0 1 5 1 1 1 2 5 3 1 3 0 5 0 0 3 1 3 5 3 0 3 1
   5 4 2 0 4 2 0 1 5 0 0]
  [0 4 4 1 1 2 2 2 4 2 3 4 4 0 0 2 1 4 0 3 0 2 4 5 1 1 3 3 3 3 0 2 4 4 4
   5 2 2 0 2 3 3 1 3 3 5 2 4 5 0 3 3 3 4 3 3 1 4 1 5 1 4 0 4 3 1 5 4 0 5
   5 0 4 0 0 3 1 0 3 1 1]
  [0 5 5 3 2 3 3 0 0 1 0 0 4 1 1 2 5 2 4 4 2 5 1 5 0 2 5 4 2 0 3 1 4 3 0
   4 0 2 5 2 1 2 5 0 2 5 4 1 4 0 4 2 2 5 5 3 3 2 1 2 3 0 3 5 1 0 0 4 3 0
   3 1 0 0 4 3 2 0 3 0 0]
  [0 4 5 2 5 4 5 2 2 5 5 3 3 0 3 5 4 2 0 0 0 5 5 0 2 0 2 4 3 5 5 5 2 2 3
   5 5 1 2 0 3 1 2 3 2 5 1 2 2 2 2 2 1 0 5 2 0 5 2 4 2 3 0 4 2 4 2 1 2 4
   0 1 3 3 3 0 0 3 3 4 2]
  [0 0 1 3 1 4 0 0 2 2 2 4 5 4 5 5 1 0 2 3 2 3 1 3 4 2 0 5 0 0 2 5 5 5 5
   4 0 4 3 3 3 4 1 0 0 4 1 5 1 3 4 2 3 0 3 3 4 1 3 4 2 4 4 3 5 2 0 2 4 0
   4 0 3 3 5 4 1 1 3 1 3]
  [0 0 2 4 3 2 4 2 3 0 1 2 0 0 5 2 5 0 1 1 4 0 5 2 1 3 4 3 1 3 0 5 1 5 5
   4 2 5 1 1 3 1 3 4 2 0 0 1 2 3 1 3 5 1 2 4 1 0 4 2 0 4 0 0 3 1 3 0 5 4
   5 3 0 2 1 0 0 4 2 3 3]
  [0 3 0 0 4 2 2 2 1 0 4 2 1 0 4 5 2 3 1 5 5 3 0 4 3 0 4 2 4 0 5 2 5 0 0
   2 5 4 5 4 1 5 3 2 2 4 1 5 1 1 3 3 3 2 0 4 1 5 5 1 0 1 0 2 0 2 0 4 2 4
   4 3 5 0 2 1 2 2 3 5 0]
  [0 2 1 1 0 2 4 0 5 2 0 0 4 1 1 0 5 1 1 5 3 3 4 0 0 4 3 1 4 0 0 3 0 3 3
   1 0 2 2 0 5 2 5 0 4 4 1 3 4 3 1 1 2 3 5 4 2 3 4 2 1 3 5 3 4 1 0 4 1 2
   1 0 5 2 0 0 4 0 5 5 1]
  [0 2 1 1 1 0 1 0 5 4 3 3 4 3 2 4 1 4 2 0 2 1 4 4 0 1 3 5 4 0 2 5 4 0 1
   4 4 2 0 1 2 3 5 4 4 2 0 1 3 2 1 4 2 5 5 5 1 3 5 4 3 0 5 0 0 0 3 1 2 1
   3 1 0 1 5 0 3 0 4 4 4]
  [0 4 2 4 5 5 1 3 3 4 4 1 3 1 5 0 1 2 1 4 1 1 5 3 1 5 3 0 4 3 3 4 2 1 4
   3 1 3 5 0 1 5 1 0 2 3 2 5 4 0 3 5 3 5 5 0 4 0 2 5 1 0 3 3 3 4 0 2 2 5
   1 1 2 2 0 4 0 2 1 4 3]
  [0 2 5 1 4 2 5 5 1 0 5 1 1 0 2 0 0 4 5 0 5 3 0 0 3 4 3 4 3 2 3 0 1 2 2
   5 2 3 5 1 5 5 1 3 1 1 5 5 3 3 2 2 0 1 1 5 4 5 5 4 1 2 2 1 3 1 4 3 0 3
   1 1 2 5 1 3 4 0 3 5 0]
  [0 1 0 5 1 3 5 4 0 1 2 5 5 4 5 1 1 2 2 4 2 4 4 2 3 5 0 2 5 0 1 5 2 2 1
   5 4 1 1 0 5 0 0 1 4 0 2 1 2 0 5 1 3 5 2 1 5 4 4 3 1 5 2 1 2 5 1 0 5 1
   5 5 1 2 5 2 2 5 0 3 1]
  [0 5 2 0 3 2 4 1 0 1 3 1 2 5 5 2 3 5 0 1 5 5 5 4 5 0 3 2 5 2 5 0 1 1 2
   0 1 3 4 5 5 3 2 3 4 2 3 4 2 3 4 0 4 1 3 2 5 5 2 3 0 0 5 4 1 4 2 0 5 2
   1 1 4 4 2 0 2 1 4 0 5]
  [0 0 5 0 5 4 0 5 3 1 0 5 4 5 1 4 4 2 4 2 3 4 2 3 3 3 1 0 3 3 0 3 5 4 0
   5 4 0 5 5 4 1 0 3 0 5 3 5 2 4 4 5 0 2 1 4 5 4 4 2 5 3 5 2 0 4 5 2 1 0
   5 4 2 2 2 4 0 5 1 2 0]]

 [[0 0 5 3 3 5 1 1 1 2 2 1 2 1 3 2 4 3 3 1 5 2 4 3 4 4 4 3 3 3 3 3 4 0 3
   3 5 2 1 5 1 3 4 3 2 4 4 3 3 4 3 0 4 5 0 5 5 1 3 1 4 3 1 2 2 5 3 1 1 2
   3 1 3 1 3 5 2 3 0 5 0]
  [0 0 1 4 1 0 3 2 3 0 4 5 1 4 0 4 5 2 5 2 4 1 4 4 3 3 1 4 3 0 0 5 4 4 3
   5 2 1 1 5 5 0 2 0 2 2 1 2 2 2 3 4 5 2 2 4 3 4 0 3 4 2 3 5 5 1 3 0 2 3
   3 5 5 4 2 1 3 0 2 3 2]
  [0 4 0 4 2 1 3 2 3 1 4 3 4 4 5 5 4 5 4 3 4 5 3 4 3 2 2 5 5 0 2 1 3 2 2
   1 3 3 3 0 0 2 0 1 4 0 0 3 3 4 5 2 0 3 2 0 4 0 4 1 2 0 3 4 4 3 3 2 3 4
   5 3 3 2 3 0 4 0 5 5 1]
  [0 0 3 0 5 4 2 5 5 1 2 3 0 1 4 0 5 0 4 0 0 4 3 1 5 5 5 4 3 3 4 5 2 5 2
   0 5 2 3 5 0 2 4 2 2 0 5 0 0 1 5 0 4 1 0 5 1 3 2 1 5 2 2 4 2 5 5 0 0 0
   5 1 3 3 2 3 4 3 0 5 0]
  [0 5 0 5 0 5 4 5 1 4 3 4 2 4 0 2 2 4 3 5 3 1 4 3 1 4 2 1 5 3 4 2 2 0 3
   0 3 0 1 3 1 2 5 2 4 4 2 5 3 0 2 4 1 4 4 4 1 5 4 0 1 3 1 4 5 2 4 3 5 3
   4 1 5 0 2 2 5 2 5 4 0]
  [0 1 3 4 2 0 1 2 4 5 4 0 1 4 5 1 1 2 5 1 0 1 0 1 0 5 3 4 0 2 2 0 3 2 1
   2 3 2 2 0 1 4 5 5 0 1 3 2 0 2 1 2 4 1 0 0 3 1 1 1 1 3 3 0 3 5 5 1 4 0
   3 4 3 1 2 3 2 0 1 3 3]
  [0 1 3 0 4 3 0 4 2 1 4 4 2 1 2 4 2 2 4 5 3 2 3 0 4 0 4 4 3 3 1 5 0 4 2
   3 0 0 4 0 3 4 4 4 2 2 3 3 0 5 4 3 4 3 5 4 5 3 3 0 3 0 1 2 3 2 2 1 1 0
   4 5 5 4 2 1 4 2 0 4 4]
  [0 4 0 5 2 1 3 0 0 0 0 2 0 3 3 4 5 5 5 4 2 2 3 4 2 1 4 1 1 1 0 1 1 0 1
   0 0 3 5 1 5 1 5 2 0 5 1 5 2 3 5 4 3 5 3 3 0 3 3 3 3 4 3 4 2 2 5 0 3 0
   3 0 0 3 2 4 2 2 2 2 4]
  [0 4 5 5 1 2 5 0 0 3 4 4 1 4 1 5 2 0 3 5 5 2 0 4 1 4 5 3 4 0 2 0 3 0 1
   5 2 0 2 1 1 0 1 3 4 2 0 2 0 0 0 4 2 1 3 1 0 5 2 0 4 0 2 1 4 5 1 0 0 5
   5 2 4 3 0 0 4 4 1 3 0]
  [0 5 0 1 5 2 2 5 4 0 2 0 1 5 3 2 0 4 0 3 3 1 2 0 2 5 5 0 2 0 5 1 0 3 4
   0 0 4 0 4 0 5 2 1 2 5 0 0 1 5 2 0 0 4 4 5 3 4 1 0 5 0 1 3 0 5 2 2 5 1
   2 2 3 3 5 3 3 3 2 2 0]
  [0 4 4 1 1 1 0 3 4 1 0 5 0 0 0 5 5 5 2 3 2 5 2 5 5 2 1 1 2 0 1 2 3 0 1
   2 5 3 5 4 3 4 2 4 0 4 3 1 0 4 0 0 1 5 2 3 1 0 1 1 4 3 1 4 1 1 5 1 3 0
   0 2 0 2 3 1 1 4 0 3 1]
  [0 2 5 3 1 5 4 0 0 1 0 0 2 3 3 1 4 0 5 1 3 0 1 4 0 4 4 5 4 2 4 1 3 5 5
   5 0 2 1 3 0 1 3 0 5 1 1 1 0 1 4 5 0 0 5 1 3 1 3 1 4 4 0 5 3 3 0 5 2 4
   2 5 4 3 4 0 2 5 4 3 1]
  [0 5 1 2 3 2 1 0 4 0 2 3 0 4 0 0 0 5 0 3 4 5 1 0 4 0 0 1 2 1 0 5 0 5 2
   5 1 4 3 1 2 0 2 0 5 2 4 3 0 5 2 3 1 1 5 2 1 2 1 5 0 1 1 5 0 5 3 2 3 3
   2 2 5 0 1 3 1 1 4 1 3]
  [0 1 2 2 2 3 4 2 3 0 2 1 4 0 5 5 5 1 3 3 5 5 2 2 3 2 1 1 3 2 3 3 3 3 0
   2 4 5 4 5 3 2 1 5 4 3 3 3 0 3 5 1 5 1 2 4 2 2 0 5 4 0 1 5 2 4 0 1 0 1
   1 5 0 4 2 3 0 2 5 1 1]
  [0 4 3 2 5 1 2 2 5 1 0 4 5 1 0 0 0 2 4 4 0 5 0 1 0 3 5 0 0 0 1 4 2 3 5
   3 0 3 3 1 1 1 5 2 1 0 2 1 3 2 1 4 0 5 5 2 3 1 0 2 2 2 2 1 5 4 4 0 4 4
   2 3 3 3 4 2 5 5 4 3 2]
  [0 4 1 3 1 5 3 3 3 0 1 2 5 4 4 0 2 5 3 0 5 3 0 3 0 4 0 0 0 2 0 4 4 3 3
   1 0 5 4 3 0 3 4 4 0 1 2 3 3 1 5 5 2 3 2 4 2 2 0 4 1 3 4 0 1 1 4 0 0 3
   3 0 3 3 4 5 2 2 5 4 3]
  [0 1 1 4 4 1 4 1 1 3 0 2 4 5 3 2 0 4 1 5 3 3 2 5 1 5 2 4 5 5 5 0 3 4 3
   5 3 3 0 4 4 1 4 4 0 5 0 3 4 0 0 0 5 0 1 0 5 2 0 0 4 0 1 4 0 2 0 3 3 1
   2 5 3 0 2 0 5 0 1 4 1]
  [0 5 5 5 0 1 4 3 5 2 4 0 5 4 0 1 3 0 1 0 0 2 4 5 3 0 4 5 0 2 1 3 4 2 3
   5 5 3 4 0 0 2 2 4 1 4 4 0 2 0 0 5 3 0 4 3 3 4 1 0 5 3 2 0 5 1 0 4 1 1
   5 0 1 5 4 3 2 4 5 5 0]
  [0 3 2 0 1 5 3 2 5 4 4 3 4 3 4 2 2 3 0 3 1 2 2 2 2 4 5 1 0 5 1 4 2 0 0
   0 4 4 3 1 0 5 5 1 3 2 1 2 5 5 4 5 4 5 3 0 5 0 1 0 2 5 3 2 4 2 5 4 0 3
   4 4 1 5 5 3 1 1 0 5 3]
  [0 3 2 2 4 1 1 2 4 4 2 5 3 0 3 0 4 0 0 0 1 5 2 2 2 3 4 2 4 4 4 1 5 5 5
   3 4 4 2 3 5 2 3 1 4 5 5 3 3 5 1 1 1 1 1 2 4 5 0 1 1 4 2 2 5 2 0 1 4 2
   2 4 0 2 5 4 4 5 4 4 1]
  [0 2 1 1 5 0 1 0 0 3 3 5 1 4 0 2 1 4 5 3 0 1 5 0 5 0 5 1 3 1 0 3 3 1 4
   4 1 3 4 4 3 4 4 1 3 3 3 1 5 2 5 3 2 5 4 3 4 1 4 5 5 4 3 3 5 2 3 3 0 2
   5 3 2 1 1 0 2 2 4 0 4]
  [0 5 5 1 0 5 3 1 3 5 4 3 5 5 1 1 4 4 2 5 5 0 5 1 1 3 3 0 3 0 5 5 3 4 5
   0 1 2 1 1 4 4 3 2 1 5 1 3 5 5 2 2 2 0 2 3 3 3 1 0 1 2 0 4 1 2 4 0 2 1
   5 1 2 1 2 1 4 0 4 2 4]
  [0 3 5 2 5 0 1 4 5 2 2 1 0 1 5 2 0 4 0 3 4 0 0 4 5 5 1 1 4 1 0 4 5 2 4
   1 1 2 2 4 3 5 3 2 4 0 5 2 1 1 3 3 1 1 4 4 3 4 1 3 4 0 4 0 2 4 0 1 2 1
   4 1 1 0 1 0 2 3 1 1 3]
  [0 0 5 5 2 2 5 2 1 2 4 5 5 4 0 0 2 4 4 3 3 5 2 0 0 1 0 3 0 0 5 3 3 3 1
   2 4 1 4 2 0 2 0 2 4 4 2 1 5 3 0 0 5 5 5 1 0 3 2 2 1 1 2 4 4 3 5 0 2 5
   5 3 4 3 3 0 2 3 0 1 3]
  [0 4 2 5 1 0 4 1 0 5 2 0 0 4 0 5 1 5 5 1 5 1 2 2 0 5 3 2 4 5 4 5 5 5 5
   0 5 4 1 1 2 1 5 4 4 2 4 5 1 2 1 2 2 4 4 1 1 0 1 2 0 1 3 1 1 1 4 0 3 1
   2 5 4 4 5 0 2 0 5 2 1]
  [0 5 0 1 4 4 0 5 3 5 4 1 0 2 2 4 1 5 2 5 0 1 2 4 0 0 5 4 5 4 2 4 1 3 0
   1 5 2 0 4 3 0 3 4 0 5 1 4 1 1 5 5 2 3 1 3 3 1 2 1 2 4 3 0 0 0 1 1 2 0
   0 3 2 2 5 5 5 2 4 3 3]
  [0 4 4 4 4 5 4 5 5 1 4 5 4 2 2 1 4 3 4 5 5 3 0 2 1 0 0 2 1 4 4 5 0 4 0
   4 1 2 5 0 3 3 5 5 1 3 2 4 4 5 0 2 2 3 1 3 4 4 1 3 4 0 5 2 5 0 2 3 0 0
   0 1 0 2 3 1 0 0 3 1 1]
  [0 4 4 5 2 2 3 1 1 5 1 5 5 4 4 3 3 3 4 0 3 1 0 4 2 1 5 0 4 2 4 0 3 1 0
   5 1 0 5 5 1 3 1 2 1 5 2 4 5 4 1 5 1 4 3 0 4 0 2 1 1 0 4 3 0 5 0 5 5 4
   2 3 5 1 3 5 1 2 1 1 0]
  [0 4 3 4 5 4 1 0 0 2 2 1 0 4 5 2 1 3 5 3 3 0 3 3 2 0 0 3 0 0 4 1 4 3 2
   2 0 3 3 5 1 5 5 2 5 0 3 1 0 2 0 3 5 3 5 0 3 1 0 4 4 0 2 4 2 5 3 2 2 2
   0 0 1 3 5 2 3 3 5 1 1]
  [0 3 3 0 1 5 5 5 4 0 2 4 4 2 3 3 0 0 4 0 4 4 4 4 3 4 0 1 0 0 0 2 3 4 0
   1 3 0 2 1 4 0 2 3 4 3 3 1 2 2 3 0 0 4 4 1 3 0 5 0 3 1 5 2 4 1 5 1 1 1
   0 1 0 1 1 2 4 4 1 2 5]
  [0 1 2 2 0 1 0 3 1 2 0 1 3 2 2 0 5 2 3 0 5 0 3 5 5 5 4 0 4 5 0 4 3 3 0
   5 1 5 1 5 2 5 3 4 0 2 0 2 5 5 0 5 2 4 4 5 3 3 3 0 1 2 0 1 0 5 0 2 0 1
   3 3 1 2 0 1 5 0 3 3 5]
  [0 5 1 5 5 0 5 1 5 4 3 4 5 2 2 5 4 1 1 4 2 2 4 3 2 0 2 0 3 3 4 0 2 2 1
   2 5 4 4 5 1 3 0 0 5 5 5 1 0 2 3 2 0 5 1 0 5 5 0 4 3 3 2 3 0 2 1 2 0 4
   4 3 1 1 3 2 2 4 3 3 5]
  [0 2 3 2 1 1 5 3 3 5 2 0 4 0 3 0 4 4 5 1 2 3 3 2 2 3 0 0 5 2 3 4 0 4 5
   4 0 1 3 4 2 3 2 4 3 4 1 1 2 5 5 4 0 0 2 3 2 4 2 4 3 2 3 0 0 3 2 3 2 5
   1 0 0 0 4 4 4 3 5 5 3]
  [0 1 4 5 2 1 2 0 2 2 3 5 5 0 0 3 1 4 2 5 4 2 4 2 3 4 3 2 0 4 1 1 4 0 4
   3 4 5 2 5 0 5 2 4 2 5 1 3 2 4 2 4 0 0 4 5 5 4 3 0 2 2 5 2 5 1 4 4 4 0
   2 3 0 0 4 5 2 4 0 2 2]
  [0 5 4 2 5 1 2 3 0 1 0 4 2 1 5 4 2 2 1 5 1 2 3 4 4 1 3 2 4 0 5 0 1 5 0
   4 4 3 4 4 1 3 5 3 3 4 4 1 0 4 0 3 5 2 2 2 0 2 2 5 5 1 2 2 3 5 2 1 0 4
   1 5 2 2 5 4 3 4 0 0 3]
  [0 1 1 0 3 0 5 0 3 4 4 1 4 1 2 1 4 1 4 4 5 5 2 3 0 5 1 1 0 2 2 0 2 5 1
   0 4 3 5 3 0 4 3 5 0 3 5 1 5 2 0 2 5 3 0 5 0 0 4 3 2 4 1 3 1 2 1 5 5 0
   1 1 4 2 3 3 3 2 0 0 5]
  [0 4 5 3 0 3 5 2 0 2 3 2 0 1 2 1 3 5 2 2 0 3 4 2 3 5 4 4 2 4 3 0 0 2 2
   2 0 5 4 2 0 0 2 0 3 3 1 5 2 5 0 3 4 5 4 3 0 3 4 0 3 2 5 0 1 4 0 3 4 3
   1 4 1 1 0 5 3 3 0 1 0]
  [0 3 1 2 5 0 2 3 1 5 4 5 0 4 2 3 4 3 1 2 5 5 2 4 5 5 5 5 4 3 2 3 3 0 2
   0 4 0 2 0 0 0 5 1 4 3 2 1 2 4 4 3 5 3 3 3 1 4 1 1 4 2 0 5 1 2 4 1 5 5
   4 0 3 4 4 5 2 3 5 1 0]
  [0 2 4 4 0 1 0 3 2 0 2 1 4 4 5 2 2 0 2 1 1 2 2 1 3 4 1 5 1 0 3 3 2 2 5
   0 3 4 0 3 0 0 2 2 0 2 2 3 2 3 5 2 5 3 1 5 1 3 4 5 0 3 5 0 1 4 5 0 2 2
   2 2 1 5 3 0 4 2 4 0 4]
  [0 4 4 0 3 1 2 2 0 0 2 1 0 2 5 4 2 5 1 0 5 2 3 4 5 2 2 2 3 5 5 3 2 3 2
   2 5 4 2 0 3 1 4 5 2 3 1 3 2 2 5 2 3 3 3 5 5 4 1 0 4 5 0 5 5 4 3 0 3 3
   3 2 0 4 5 5 3 5 0 3 5]
  [0 3 2 2 1 5 3 5 5 1 4 5 5 5 5 0 3 5 2 2 5 2 0 3 5 5 0 4 5 1 2 2 5 5 0
   2 2 3 3 1 0 0 5 5 1 5 4 5 2 0 4 4 3 4 2 0 5 3 3 0 2 1 1 2 4 3 2 0 2 3
   3 1 0 2 5 1 3 5 3 2 4]
  [0 0 1 1 2 5 1 2 4 1 0 0 4 2 0 2 5 2 0 3 1 1 1 4 0 1 3 3 4 2 3 0 4 0 4
   0 0 2 5 5 5 0 0 4 0 3 2 1 0 5 3 4 3 2 0 3 4 1 5 4 3 4 4 3 1 3 1 1 0 4
   3 1 3 4 5 3 0 5 0 3 0]
  [0 0 4 2 5 0 3 0 0 2 4 1 2 1 0 2 2 3 0 1 1 3 0 5 1 1 2 5 5 4 3 5 1 5 4
   4 4 5 3 2 2 0 0 0 5 4 0 3 0 2 5 1 3 5 0 4 5 0 5 2 1 2 3 1 1 5 2 1 0 3
   1 1 5 0 4 0 3 0 0 1 3]
  [0 5 2 3 4 3 4 5 5 1 2 3 5 1 3 4 3 5 0 2 5 2 0 0 3 3 1 3 0 0 4 3 0 1 5
   4 4 3 3 5 3 1 0 0 3 0 0 5 3 4 0 1 2 3 1 3 4 2 2 5 3 1 5 5 2 5 2 0 1 4
   2 2 3 0 1 5 0 3 4 2 0]
  [0 2 0 2 4 5 4 3 5 2 3 5 1 5 0 0 1 1 3 3 0 0 4 0 4 5 4 1 4 1 0 4 3 0 5
   5 4 4 5 4 5 0 4 2 0 1 1 4 0 2 1 2 4 1 2 1 4 0 5 2 4 4 3 1 2 3 1 1 5 4
   1 0 3 3 4 4 2 3 0 1 0]
  [0 5 3 0 1 3 4 1 1 2 1 2 3 5 4 5 5 0 2 2 1 1 4 0 3 3 4 4 1 0 4 5 4 3 3
   4 0 2 2 2 5 3 1 4 2 0 2 4 3 3 1 2 4 1 2 3 4 0 3 5 3 3 2 0 0 3 4 4 4 5
   5 3 5 3 1 1 3 4 5 5 5]
  [0 0 1 3 3 4 2 4 1 2 1 5 2 2 0 4 4 1 5 4 3 3 3 3 1 3 3 4 5 5 1 3 3 2 2
   5 0 2 5 1 1 3 4 2 5 4 0 3 0 2 1 1 0 0 5 3 0 5 1 4 5 3 3 1 3 0 3 2 3 2
   1 4 5 1 0 0 4 2 0 5 4]
  [0 5 5 3 3 4 4 4 4 1 4 2 0 3 2 3 0 0 2 1 1 2 0 4 5 3 5 3 3 2 3 4 0 2 4
   2 2 0 5 2 3 3 5 5 0 5 1 0 4 5 5 1 1 4 0 2 2 0 3 3 3 1 4 4 4 1 5 4 0 0
   4 3 4 3 1 5 3 3 4 0 1]
  [0 3 3 5 0 3 5 3 4 1 0 4 5 2 0 0 4 5 0 1 2 2 2 1 3 5 5 0 0 4 1 5 1 3 4
   3 2 3 0 1 5 2 4 3 2 4 5 0 0 3 4 1 4 2 5 4 3 0 5 2 0 4 0 3 4 2 3 5 2 0
   0 3 4 4 1 2 1 0 3 1 5]
  [0 3 1 0 3 1 1 4 4 0 1 1 4 0 3 5 0 2 3 5 1 3 5 3 4 1 5 2 5 2 4 1 2 1 4
   0 5 0 2 1 2 4 0 3 2 3 1 5 5 0 2 5 5 3 2 4 5 3 1 1 2 2 0 2 1 5 1 4 5 0
   3 0 5 2 5 4 5 4 1 0 5]
  [0 0 2 5 3 4 3 3 3 2 3 0 5 3 4 0 5 0 0 4 5 0 0 1 0 4 0 2 0 4 4 4 4 4 1
   3 1 4 1 1 2 4 4 1 2 1 5 5 2 2 0 5 2 3 5 5 3 4 5 4 0 1 2 1 1 5 2 3 3 1
   1 0 3 3 0 4 3 5 0 2 4]
  [0 2 1 3 2 1 4 4 1 3 3 3 4 0 2 2 4 1 5 5 0 2 1 5 2 4 4 3 0 0 4 1 5 1 1
   2 5 4 0 1 5 4 5 0 2 0 4 4 2 3 4 0 2 5 2 5 5 0 5 1 2 3 5 2 4 3 1 2 3 5
   5 2 0 0 2 1 0 3 3 3 3]
  [0 1 2 5 4 4 2 5 2 1 2 1 4 5 5 5 0 0 2 3 1 2 1 3 0 3 4 5 2 4 1 4 3 0 5
   2 2 4 0 1 3 3 1 1 4 1 1 4 1 3 5 3 0 1 2 4 4 1 0 1 1 3 5 4 1 0 2 1 0 2
   4 0 4 3 4 4 5 4 0 3 2]
  [0 4 4 3 3 5 2 4 3 4 4 5 4 1 2 0 2 1 3 3 3 2 5 3 5 3 4 2 4 1 4 5 1 0 4
   3 0 3 1 1 4 3 4 1 2 4 1 1 5 1 3 5 5 0 4 2 4 0 5 4 4 5 1 3 1 1 3 2 1 3
   5 3 4 5 0 2 4 5 5 3 2]
  [0 1 1 3 4 5 2 3 1 5 2 2 2 4 3 0 4 0 3 0 4 3 4 4 4 1 5 2 4 2 0 4 0 0 1
   3 1 5 4 5 5 0 3 4 2 4 0 3 5 0 0 2 3 5 0 2 2 3 3 4 0 4 5 2 4 2 2 3 4 4
   3 1 3 2 2 2 1 1 5 1 3]
  [0 2 3 0 1 3 0 4 2 1 4 1 4 0 4 1 2 1 1 3 2 0 2 1 5 5 4 4 1 0 1 4 4 5 0
   1 0 2 1 3 5 5 0 3 0 1 3 3 0 2 0 0 3 0 3 0 1 0 5 3 3 3 0 4 3 5 1 3 1 1
   0 5 3 0 2 4 1 3 4 3 4]
  [0 4 2 3 2 0 5 3 2 0 3 2 1 1 3 4 0 4 5 4 2 0 0 4 3 2 2 4 0 1 2 0 1 3 1
   0 2 0 3 2 1 2 1 5 5 4 0 5 4 5 2 2 5 4 5 1 0 1 0 0 0 1 2 4 4 5 0 3 4 2
   2 2 0 1 0 5 4 0 1 3 5]
  [0 4 2 3 2 3 2 1 3 1 3 0 3 2 2 5 2 2 2 3 2 5 5 4 5 5 1 1 0 3 5 2 5 5 2
   1 4 5 3 4 0 4 4 5 2 2 1 4 0 1 5 0 5 3 1 3 5 0 1 4 5 0 3 4 3 5 5 2 4 1
   3 2 3 3 4 4 5 5 5 0 5]
  [0 0 1 0 1 3 4 3 0 1 2 5 0 5 2 1 2 4 1 1 1 5 0 4 1 5 3 4 5 1 3 1 4 2 4
   0 5 1 0 5 3 4 3 1 4 0 1 1 4 2 3 4 5 0 5 3 4 4 0 5 1 5 3 3 5 0 2 5 3 5
   1 4 4 0 1 1 2 1 4 0 4]
  [0 4 3 1 0 3 5 1 0 3 0 0 5 5 4 0 0 4 3 3 1 0 1 0 0 2 3 4 1 1 4 3 1 0 5
   0 1 5 4 3 0 2 2 0 5 5 4 5 1 0 1 4 2 4 0 0 4 3 1 0 0 0 3 5 5 1 0 2 0 4
   5 3 2 3 4 5 3 3 3 1 3]
  [0 0 0 5 4 0 1 3 2 2 4 3 5 4 1 1 2 2 2 2 4 5 1 2 3 3 4 5 3 1 5 3 0 4 2
   4 4 0 2 5 1 2 4 5 2 5 5 1 4 1 5 2 5 5 0 2 1 1 0 4 0 1 1 0 5 5 1 3 2 5
   4 0 1 4 3 2 5 4 3 0 2]
  [0 4 2 5 2 0 4 0 4 3 3 0 1 0 0 0 0 2 4 0 2 2 3 3 0 1 0 4 3 0 4 1 2 1 0
   1 2 0 3 1 5 5 4 1 2 5 5 5 3 0 0 1 1 1 5 2 1 2 3 5 3 0 4 3 2 4 3 0 2 0
   1 2 3 4 2 4 0 5 1 1 5]
  [0 2 4 4 2 2 0 3 4 3 1 0 2 5 3 4 5 5 4 2 5 4 4 2 3 4 4 5 4 0 2 4 3 3 0
   0 0 2 0 0 0 4 5 4 0 4 2 4 0 2 3 0 3 2 2 0 5 3 1 5 3 1 0 4 2 0 0 2 4 3
   5 3 5 2 2 0 2 4 2 0 0]
  [0 5 2 5 5 1 3 4 0 3 3 1 4 2 1 0 1 3 4 0 5 5 0 3 5 2 2 4 4 4 5 1 3 4 0
   2 1 1 2 4 3 4 2 1 2 4 4 2 3 0 5 5 4 5 1 1 1 0 4 2 1 0 1 0 0 3 0 2 2 1
   3 3 1 5 1 5 3 4 2 1 5]
  [0 1 1 5 5 3 4 0 3 0 0 4 1 3 0 5 3 3 0 2 4 5 1 2 4 3 0 3 0 4 4 3 2 2 5
   4 2 2 0 3 2 5 2 3 2 4 5 3 5 0 1 4 5 5 0 0 5 4 4 1 2 1 2 4 0 2 5 1 2 0
   3 3 4 0 5 3 0 3 0 2 1]
  [0 5 0 4 0 4 4 5 3 0 0 4 4 1 1 3 4 0 1 2 4 2 2 5 3 4 3 1 3 5 5 2 2 1 1
   1 1 4 0 2 0 5 1 3 2 4 3 0 4 2 2 2 1 1 5 4 1 2 4 1 5 3 0 5 1 0 5 1 2 4
   5 4 5 2 2 1 5 4 1 0 3]
  [0 3 2 4 2 5 5 4 1 0 5 3 3 1 3 0 4 1 5 2 3 2 5 1 5 3 5 0 4 5 5 1 2 5 1
   0 2 0 5 1 3 2 5 2 1 5 5 0 3 2 1 0 5 1 2 4 3 5 4 3 0 2 3 3 1 0 0 1 4 1
   1 3 2 1 5 4 2 1 3 5 1]
  [0 4 1 3 2 3 0 2 2 2 1 1 3 5 0 2 1 1 3 1 4 0 4 0 2 4 4 3 5 1 4 3 2 1 5
   4 0 4 3 5 3 5 4 1 0 3 2 5 4 5 5 2 0 4 4 0 4 2 3 3 4 5 2 0 1 3 5 0 2 1
   1 0 4 2 0 2 0 1 4 2 2]
  [0 1 2 0 1 4 1 4 0 4 4 0 4 1 3 1 5 4 3 2 3 4 5 0 4 5 0 0 5 1 5 4 3 3 1
   5 4 1 1 2 3 1 4 1 5 1 2 5 2 1 2 5 2 1 3 4 1 5 1 2 3 2 0 0 2 3 0 0 0 5
   5 5 2 1 0 1 1 4 4 4 0]
  [0 3 3 3 1 2 1 1 2 0 0 3 5 4 0 1 5 4 0 0 0 3 0 1 5 5 2 0 0 5 4 3 1 3 5
   3 0 3 0 4 3 3 4 5 3 3 2 5 2 4 2 2 4 3 5 1 0 5 3 1 0 1 4 3 4 2 4 3 0 0
   3 1 3 3 0 1 2 1 1 3 5]
  [0 3 1 5 4 2 2 5 0 0 1 4 5 0 0 1 1 3 0 1 1 4 3 5 4 1 2 4 0 3 3 5 3 3 3
   4 2 4 4 4 4 0 1 5 1 3 3 1 4 5 3 4 4 3 2 1 4 3 3 3 1 0 1 4 0 1 2 1 5 2
   0 0 3 1 0 3 4 1 1 0 5]
  [0 2 0 3 3 4 5 0 0 0 3 0 4 3 2 1 2 5 5 0 1 5 4 5 1 0 3 3 4 0 0 5 5 3 5
   1 0 2 3 4 3 1 1 4 1 0 4 0 0 1 1 1 0 1 5 2 3 0 1 5 0 4 3 4 4 0 1 5 0 1
   2 0 0 1 2 5 0 2 5 1 0]
  [0 2 1 2 5 0 4 5 0 5 0 2 2 1 2 2 3 4 0 3 3 5 3 0 1 0 2 4 3 3 0 2 2 3 3
   4 2 0 5 4 2 5 1 1 2 1 1 5 4 4 2 1 3 0 4 4 4 3 5 2 3 0 3 2 1 0 3 3 0 1
   2 0 0 2 4 4 1 5 4 2 1]
  [0 3 5 1 2 3 2 3 0 3 2 3 4 2 0 0 0 1 1 5 5 2 5 2 1 0 3 4 5 5 1 1 5 5 4
   1 5 3 0 1 0 5 1 0 1 0 0 1 0 3 5 5 3 4 0 4 5 5 2 3 1 5 5 4 4 3 0 3 2 1
   4 3 0 0 2 3 1 1 2 2 5]
  [0 5 5 4 2 1 4 2 2 2 5 0 5 0 1 3 3 4 3 1 4 4 1 5 3 2 3 0 5 1 3 1 1 0 2
   4 0 4 2 5 0 0 5 5 4 0 3 4 2 2 5 5 0 4 3 0 4 4 5 3 2 2 2 1 4 3 1 5 3 0
   3 0 3 0 0 4 4 2 0 5 5]
  [0 1 2 5 5 1 4 0 0 1 5 2 0 4 5 0 1 5 2 5 1 2 5 0 1 3 3 3 1 3 5 4 5 4 0
   5 2 4 4 1 1 1 5 2 1 1 1 0 2 4 4 2 5 2 3 5 3 5 3 5 0 2 5 3 3 1 2 3 0 4
   3 4 3 0 5 0 3 4 3 0 3]
  [0 2 2 2 2 1 4 1 2 5 4 5 3 1 2 4 2 3 4 4 2 2 5 1 4 2 2 4 4 1 3 2 1 4 4
   3 2 1 2 2 5 2 1 1 2 0 1 4 5 1 4 0 3 1 0 3 5 1 5 0 1 0 4 3 0 2 5 0 4 5
   0 2 2 4 5 2 0 3 3 5 1]
  [0 1 4 5 5 1 0 2 5 2 2 2 4 5 3 0 5 5 2 0 5 4 4 2 5 5 5 5 0 3 2 1 2 2 0
   5 1 5 3 2 3 3 2 5 0 4 0 2 2 2 1 1 4 3 4 1 4 2 0 5 1 3 5 2 4 4 4 2 5 2
   1 5 4 0 3 2 4 0 2 1 0]
  [0 5 3 1 3 4 4 5 0 2 2 2 4 1 5 1 1 3 3 2 0 4 0 1 0 5 5 4 4 1 3 5 5 5 5
   4 5 1 1 4 5 3 0 4 1 4 1 4 2 1 2 2 3 5 5 2 0 3 1 3 2 2 3 4 5 0 2 2 5 5
   0 1 4 1 4 2 2 3 0 3 0]
  [0 2 0 2 2 5 5 2 3 3 4 4 2 4 1 5 3 3 3 0 0 5 0 1 1 4 4 2 2 4 2 1 5 0 2
   0 2 0 3 5 0 5 3 4 4 2 2 1 2 5 1 3 2 2 2 0 0 0 2 1 5 5 3 1 0 2 3 2 4 0
   3 0 4 3 5 2 2 0 0 0 4]
  [0 2 2 4 3 3 1 2 2 3 1 0 1 0 2 5 3 1 2 4 4 2 5 0 5 0 3 0 1 5 0 0 5 0 0
   0 0 4 0 0 3 1 3 0 3 0 3 0 5 0 2 1 0 1 1 4 4 0 5 5 2 5 5 2 0 3 2 3 3 4
   5 1 1 5 3 3 2 3 3 2 0]]

 [[0 3 2 1 1 5 2 1 1 2 3 3 3 4 2 3 2 0 4 1 4 4 5 5 1 2 0 0 2 5 1 5 1 1 2
   2 5 4 3 3 3 0 3 0 5 1 5 3 4 2 1 2 5 2 5 5 3 5 2 5 2 0 3 5 2 5 1 4 4 3
   4 2 2 2 2 0 4 5 2 3 4]
  [0 0 3 0 0 1 3 4 1 0 0 2 4 3 2 0 3 3 5 2 2 3 3 1 1 4 4 3 4 3 5 5 3 0 1
   5 1 2 5 2 5 3 2 4 4 2 2 0 3 2 2 4 3 1 2 1 4 4 5 0 1 3 3 2 5 4 0 4 1 5
   5 5 0 2 0 2 4 1 0 1 2]
  [0 3 0 1 0 2 2 5 4 4 4 5 2 3 3 3 4 4 0 2 3 2 4 4 2 3 3 3 3 0 0 4 3 4 3
   2 0 2 4 4 4 5 3 5 0 3 4 2 3 5 3 5 2 4 1 4 2 4 1 2 0 3 1 0 4 5 2 5 2 4
   1 1 5 5 0 1 1 1 0 4 4]
  [0 2 4 0 2 3 2 1 4 0 2 1 3 3 2 4 5 4 4 3 0 5 5 5 3 3 2 5 2 1 2 2 5 3 3
   3 1 2 4 3 0 3 0 5 0 2 5 4 0 4 4 4 0 5 1 4 3 2 3 5 1 5 4 2 0 0 0 1 0 0
   1 3 0 3 3 0 0 0 3 4 2]
  [0 5 3 3 0 0 5 1 1 2 4 0 1 4 1 3 0 0 2 5 2 4 5 0 4 1 5 4 2 1 1 4 4 3 4
   1 2 2 2 3 1 3 5 3 4 1 0 3 5 1 0 4 4 3 1 1 4 5 4 5 2 3 3 2 1 0 5 5 3 1
   4 0 4 4 4 5 4 0 2 2 1]
  [0 2 0 4 0 0 5 5 5 4 1 5 0 4 0 5 5 4 3 2 3 0 3 3 0 4 3 2 2 1 2 2 4 5 2
   4 0 5 4 4 3 1 3 4 2 0 4 0 5 0 4 3 1 0 0 2 0 4 0 4 5 1 3 2 1 1 5 1 1 3
   0 2 2 1 3 2 1 5 4 0 1]
  [0 3 2 2 0 5 0 4 3 4 2 5 0 1 4 5 2 5 5 5 1 4 0 5 4 3 4 0 0 5 4 5 3 2 5
   2 3 1 4 4 5 4 4 0 5 0 4 1 2 4 5 5 2 2 4 4 5 2 1 3 3 1 0 2 1 1 1 0 0 4
   3 0 1 3 3 4 4 3 0 5 0]
  [0 2 4 2 0 3 1 0 0 4 0 2 4 0 4 3 1 5 1 1 5 3 0 1 0 4 2 5 5 0 1 2 0 2 2
   2 4 3 3 1 1 1 0 2 5 1 5 3 5 3 4 4 4 5 1 1 1 4 5 4 1 1 2 4 4 1 3 1 2 2
   1 0 3 2 2 0 3 1 4 3 2]
  [0 2 0 5 1 0 3 3 0 2 5 3 1 2 1 4 3 5 3 2 1 5 4 5 5 3 5 5 0 0 3 0 4 3 3
   1 1 5 5 0 5 0 5 3 5 3 0 3 3 3 1 2 1 0 4 4 3 2 0 1 5 5 4 5 2 0 1 1 3 5
   4 5 5 5 5 4 1 3 2 3 5]
  [0 3 2 5 0 4 2 4 1 0 4 4 0 4 5 1 4 1 4 3 0 5 5 5 1 5 2 5 1 3 1 2 0 0 0
   0 1 0 5 1 2 4 3 4 1 0 1 0 2 2 1 3 0 5 4 1 0 2 5 1 0 1 0 5 0 5 4 3 1 4
   4 3 0 5 4 2 2 4 0 1 0]
  [0 1 4 5 2 3 3 1 4 1 0 2 0 5 4 0 1 3 3 3 4 2 1 3 1 3 3 2 2 1 3 3 2 2 4
   1 3 3 4 0 0 5 3 2 2 2 3 3 4 2 5 3 4 3 2 4 1 4 0 1 1 1 2 3 1 5 0 3 4 4
   4 4 2 4 0 2 1 4 4 2 5]
  [0 0 1 3 4 3 4 5 5 1 5 0 5 0 3 2 4 1 3 5 3 2 1 2 5 1 2 2 4 2 5 0 1 5 3
   0 5 5 0 4 0 1 1 5 1 0 1 3 5 5 1 4 1 2 0 0 5 0 2 1 1 2 3 2 4 2 0 5 3 5
   4 4 2 2 1 2 1 2 5 5 4]
  [0 0 1 0 4 2 2 0 5 1 5 2 0 3 2 2 3 4 2 3 0 3 5 4 5 2 1 5 0 1 4 5 0 4 0
   1 0 1 2 4 3 0 3 4 4 2 5 2 0 0 5 3 5 5 0 2 2 1 2 2 0 3 4 4 1 3 2 1 4 0
   4 3 3 3 3 4 2 3 3 3 0]
  [0 4 4 2 5 1 3 4 1 3 4 3 5 0 4 5 0 1 0 4 4 0 2 0 1 2 5 2 5 5 0 1 0 4 2
   4 4 4 5 5 0 1 0 4 2 2 0 5 3 3 5 4 2 4 5 5 2 5 1 0 0 5 4 3 2 5 2 5 3 1
   0 5 1 1 5 5 2 4 1 2 1]
  [0 3 1 0 1 3 4 3 4 4 0 5 0 1 0 0 1 2 0 5 5 2 3 1 0 3 5 5 4 0 1 0 0 2 4
   1 0 0 5 5 1 1 5 3 5 2 4 1 5 1 4 0 0 1 0 1 2 3 3 4 0 1 3 5 3 3 1 3 2 2
   3 1 5 1 1 3 4 0 2 1 3]
  [0 3 0 4 2 5 3 3 0 4 0 4 4 1 1 0 1 4 2 4 5 1 0 3 0 4 2 5 3 5 4 5 1 1 1
   0 3 2 0 5 5 3 0 2 2 0 5 3 3 2 0 0 4 0 0 5 2 2 1 3 0 1 2 5 0 5 0 4 4 0
   1 1 2 1 2 0 5 0 3 3 1]
  [0 3 1 5 3 5 5 2 0 4 3 5 1 4 0 3 0 3 1 3 3 0 1 1 5 2 1 0 4 5 5 3 3 5 4
   5 3 5 3 2 4 4 3 5 0 3 1 2 3 0 5 1 0 5 5 2 4 4 4 2 0 4 2 3 2 0 4 5 4 4
   4 5 1 5 5 3 3 3 5 3 4]
  [0 5 4 1 1 3 1 4 4 3 1 2 2 2 1 3 4 0 5 4 1 4 4 1 1 3 5 2 2 0 3 3 4 2 4
   5 4 0 5 3 1 0 4 2 5 1 0 0 5 2 1 1 0 0 3 1 5 4 4 5 1 1 0 4 2 4 4 3 1 2
   2 5 4 0 0 3 1 1 5 2 3]
  [0 2 5 1 0 4 5 2 3 3 1 1 2 5 5 1 3 0 0 2 1 5 4 4 1 5 3 5 3 5 5 2 5 4 5
   4 1 4 3 0 2 2 2 0 3 1 0 1 5 2 5 5 5 4 1 1 4 4 2 3 1 4 1 2 3 2 2 2 1 3
   1 1 0 1 3 0 4 4 0 3 1]
  [0 3 1 2 3 3 0 0 4 1 1 4 4 4 3 2 4 2 3 0 2 2 2 1 0 3 3 1 2 2 3 3 0 1 0
   1 3 5 4 1 3 5 4 1 1 5 0 4 5 0 2 2 3 0 1 5 2 3 4 3 2 3 4 2 0 2 2 1 3 2
   0 2 5 2 0 4 1 2 5 3 0]
  [0 2 4 0 4 5 0 3 5 1 5 5 0 0 2 1 3 1 5 3 0 4 0 2 2 3 1 1 0 0 2 4 5 0 1
   5 0 5 5 0 1 2 3 0 1 2 4 3 2 2 1 5 0 5 5 3 1 2 4 3 5 4 0 0 3 0 1 4 0 5
   0 1 4 4 1 3 3 1 1 4 0]
  [0 4 4 2 3 1 2 1 0 3 2 0 4 1 2 4 4 2 0 5 4 0 2 2 0 4 1 5 3 2 3 2 4 4 5
   4 3 5 4 3 0 3 2 2 3 2 0 4 2 2 1 1 2 4 5 1 0 0 4 0 3 5 0 1 1 4 4 2 1 5
   4 1 3 3 5 5 1 2 4 4 2]
  [0 2 2 3 4 2 5 2 3 1 5 3 4 5 1 3 1 4 4 5 3 4 0 5 4 4 1 2 0 5 5 3 1 3 0
   4 4 1 0 3 0 0 2 3 0 5 1 3 4 1 0 4 0 2 4 0 3 1 4 0 2 1 2 1 4 4 3 1 2 0
   1 5 0 1 0 2 4 0 4 2 0]
  [0 3 5 1 3 5 5 4 4 4 4 5 5 2 2 4 0 4 5 0 3 5 2 0 4 5 4 3 0 2 4 3 4 1 5
   2 0 0 5 3 1 1 2 3 2 1 0 2 1 4 1 1 0 3 1 4 0 1 3 1 0 1 1 5 5 2 1 1 2 3
   2 4 0 3 0 0 0 3 3 2 4]
  [0 1 1 5 4 0 1 4 4 3 1 4 5 2 1 1 5 3 5 2 4 3 1 4 0 0 0 4 4 4 5 0 1 1 1
   5 3 5 5 2 0 2 1 1 0 2 3 3 3 5 3 1 1 1 3 5 1 0 3 3 4 5 3 4 4 4 4 2 1 2
   2 2 2 0 3 0 2 4 2 3 3]
  [0 4 2 1 0 4 2 1 4 3 0 2 3 3 3 1 2 0 0 2 4 3 0 4 3 0 4 2 5 4 3 4 1 2 5
   2 1 5 2 0 3 3 2 0 0 5 0 4 4 0 5 2 1 5 4 3 2 1 4 0 1 0 4 1 3 2 3 3 1 1
   4 5 5 2 5 3 4 5 5 5 2]
  [0 0 1 5 3 1 0 3 1 1 0 1 0 2 4 1 0 5 0 3 1 2 3 1 1 4 0 2 0 4 2 4 4 4 3
   2 1 4 2 0 5 2 5 1 1 2 5 3 0 0 4 3 1 5 3 1 3 2 4 0 1 1 5 2 4 2 0 2 2 5
   5 4 1 3 0 2 5 0 5 3 4]
  [0 0 5 5 3 3 3 3 1 5 4 0 4 0 0 3 4 3 2 3 0 0 2 3 2 3 3 0 5 0 1 1 0 4 1
   3 1 4 2 4 3 0 0 1 2 0 4 3 2 3 1 3 1 3 4 2 4 4 2 3 5 0 3 5 0 4 5 5 3 0
   0 2 1 1 4 2 1 2 4 5 4]
  [0 0 4 2 4 2 3 0 5 4 5 5 1 2 1 2 4 3 2 0 1 3 3 4 1 1 5 3 0 1 1 5 3 3 2
   2 3 0 2 1 5 1 5 2 0 3 3 4 1 5 0 4 0 5 1 3 1 5 2 2 2 3 5 2 4 4 1 0 1 1
   5 3 2 2 2 0 4 5 5 2 0]
  [0 4 2 5 0 5 0 3 0 4 5 1 0 0 0 2 5 2 3 0 2 5 5 2 0 4 0 2 3 0 2 2 4 0 0
   5 0 5 4 0 0 4 3 5 5 5 1 4 0 0 3 4 4 5 5 4 3 2 0 1 4 4 0 2 3 0 5 3 5 0
   2 0 1 2 0 2 0 2 0 2 5]
  [0 2 4 2 3 0 5 5 2 2 5 1 1 5 1 1 2 2 4 4 5 4 2 1 2 4 4 4 4 1 0 5 2 3 5
   0 3 5 5 3 2 4 5 4 5 0 2 3 5 1 4 1 0 3 1 2 2 0 0 5 2 0 3 1 5 0 2 5 0 4
   0 4 2 0 1 0 1 2 4 5 4]
  [0 4 5 2 5 4 5 4 2 4 4 0 3 5 4 0 0 0 1 3 5 4 1 5 3 2 5 5 3 2 4 0 1 5 0
   1 4 2 0 5 3 1 0 3 0 2 3 2 1 4 5 0 0 0 1 2 3 5 1 4 0 1 1 4 4 0 4 0 3 1
   0 0 2 4 5 5 1 1 3 4 4]
  [0 1 1 2 1 0 0 2 3 1 3 2 5 5 3 5 1 3 2 4 1 0 1 4 4 3 4 3 5 1 4 3 0 5 0
   4 2 2 0 5 3 1 1 1 5 1 2 1 1 5 4 1 1 4 2 4 3 2 4 1 2 4 0 4 1 2 3 0 0 4
   2 1 4 5 5 0 0 0 0 1 0]
  [0 2 5 0 5 1 3 1 2 0 0 2 2 5 4 1 0 4 4 5 0 0 3 0 2 5 4 4 0 5 0 3 3 0 4
   1 1 3 0 5 2 0 3 4 1 2 4 2 5 4 0 5 2 3 5 5 3 4 2 5 3 4 1 4 2 2 4 1 0 5
   5 4 0 0 5 3 1 5 2 1 5]
  [0 2 5 1 5 0 1 3 0 2 4 5 3 5 4 3 0 5 3 4 5 0 5 2 0 3 0 3 4 3 3 3 4 3 0
   2 0 4 0 2 4 1 2 4 4 1 3 0 4 3 3 3 3 1 2 3 3 0 3 2 0 2 3 1 3 4 5 0 2 0
   4 0 0 5 2 4 3 2 3 5 4]
  [0 5 5 4 4 5 0 5 1 1 2 4 2 3 3 1 0 2 1 3 2 1 0 5 3 4 0 4 4 4 3 1 5 5 1
   0 3 5 5 0 4 4 4 4 5 1 1 0 3 0 3 5 2 4 1 0 1 2 1 1 4 4 2 5 3 3 3 4 4 1
   2 4 5 3 5 1 0 3 5 0 2]
  [0 1 1 4 5 1 1 0 1 5 1 5 5 0 0 1 2 4 2 4 2 1 3 0 1 1 4 2 2 0 1 3 0 3 0
   3 0 3 1 1 0 0 1 5 5 0 1 3 1 5 4 3 3 0 5 1 4 0 5 4 4 3 2 0 5 3 3 2 4 0
   4 0 5 5 0 3 4 5 5 5 1]
  [0 4 2 3 3 5 2 1 2 0 2 5 2 5 5 2 3 0 4 2 2 1 4 2 4 2 0 2 5 0 3 2 5 1 5
   3 4 0 0 4 0 3 4 0 2 0 2 4 5 2 4 2 5 0 1 3 1 2 5 0 0 4 2 5 3 1 3 1 1 3
   3 2 5 1 0 1 4 0 3 5 0]
  [0 4 2 3 0 0 4 2 2 4 2 5 3 3 2 1 1 4 0 1 5 3 4 0 4 2 0 5 3 0 1 4 4 2 3
   2 2 5 0 1 5 1 5 3 1 5 1 0 1 5 1 1 4 0 3 5 2 2 1 1 0 1 1 1 0 3 4 4 1 0
   4 3 3 4 1 5 2 2 4 3 4]
  [0 3 2 2 0 3 4 2 4 3 4 3 3 0 5 2 1 0 4 2 4 1 0 1 4 5 0 0 1 5 1 0 0 2 1
   0 5 5 0 0 1 4 3 1 0 4 1 3 2 3 0 3 1 0 1 3 0 2 4 0 5 2 2 2 2 4 1 3 4 2
   2 4 3 0 3 3 5 5 0 5 3]
  [0 3 5 5 4 3 5 5 1 0 1 3 0 4 5 2 1 5 4 5 2 3 1 5 0 0 4 2 0 3 4 5 3 2 3
   0 2 0 0 1 0 3 2 5 5 1 0 5 4 4 0 4 1 2 0 4 3 3 0 3 3 2 3 3 5 5 1 4 3 1
   3 2 4 3 0 0 4 3 5 1 1]
  [0 3 1 1 2 1 5 2 1 5 3 5 1 1 2 5 0 3 1 2 0 0 4 4 0 3 2 5 3 3 2 3 5 2 4
   1 5 2 3 0 4 0 5 5 4 3 5 5 4 1 3 4 5 3 4 5 5 4 3 3 1 0 5 3 2 0 2 2 5 0
   3 0 4 3 1 3 1 2 5 5 4]
  [0 2 2 1 3 4 0 1 2 5 4 3 5 0 2 5 0 3 5 5 0 5 0 0 0 1 5 0 3 3 4 4 0 4 4
   4 3 2 0 2 5 1 0 2 4 1 2 0 2 0 0 5 1 5 2 3 0 4 4 2 2 5 1 3 3 1 4 3 0 0
   5 5 2 4 5 3 2 1 5 3 5]
  [0 1 4 5 4 0 5 0 2 1 4 4 2 5 1 3 5 1 5 1 0 2 2 1 3 3 2 2 4 4 3 2 3 0 0
   4 5 2 2 0 5 1 3 0 2 5 0 0 3 5 1 5 2 0 0 2 1 5 5 1 1 4 3 0 1 2 0 3 4 4
   1 4 3 1 5 1 0 1 0 2 1]
  [0 2 3 5 2 5 5 5 0 4 5 2 3 3 3 0 5 4 4 0 5 5 5 4 0 2 0 3 1 4 0 4 2 2 1
   0 2 3 1 5 5 2 4 2 0 3 0 5 5 4 3 0 2 5 4 3 0 2 3 2 1 5 5 0 3 5 2 5 5 3
   1 5 1 4 5 4 3 5 0 0 2]
  [0 2 2 3 4 3 0 2 4 2 0 5 2 1 0 3 3 0 2 3 0 0 1 1 0 3 4 4 3 5 5 1 4 0 3
   0 4 3 3 5 5 0 2 0 4 0 3 2 2 0 4 4 4 2 0 4 5 1 2 1 2 0 5 0 5 2 4 2 3 2
   2 0 2 4 1 4 1 4 2 5 1]
  [0 4 4 3 1 5 5 4 3 0 5 3 3 3 2 2 5 0 1 4 3 2 5 4 5 5 4 5 2 0 5 3 1 5 4
   1 1 5 3 5 0 3 0 1 1 2 0 4 3 4 0 5 3 4 2 4 2 0 0 2 4 3 5 3 4 0 4 2 2 4
   4 1 4 3 4 3 5 3 2 0 2]
  [0 4 5 4 0 0 3 2 2 0 3 5 5 5 2 5 3 2 2 4 4 0 5 0 3 0 1 0 1 3 0 0 4 0 5
   0 2 2 2 2 5 5 4 1 3 1 0 0 5 3 1 4 4 2 2 0 0 5 2 3 5 4 5 5 0 1 3 3 2 1
   0 3 4 1 3 4 2 0 4 4 1]
  [0 3 4 5 2 4 0 0 1 0 1 4 2 1 4 0 1 5 5 0 2 5 1 0 4 5 3 0 3 5 5 1 5 0 5
   5 0 2 5 4 5 4 4 1 2 5 4 4 0 0 5 0 5 0 4 3 3 3 0 1 5 0 4 2 0 2 0 3 3 4
   4 2 0 5 0 1 3 2 4 5 4]
  [0 2 4 1 3 2 0 1 5 2 1 0 4 0 2 4 1 1 5 2 1 1 1 1 1 1 4 3 5 2 0 3 0 4 2
   3 0 5 2 1 2 4 2 3 4 1 2 5 1 0 3 0 1 4 4 4 0 4 1 2 0 4 5 2 5 4 1 5 2 0
   4 5 2 5 1 1 2 0 3 5 0]
  [0 5 0 0 1 0 1 1 3 4 0 5 3 3 3 1 3 3 2 4 5 5 5 1 4 1 3 2 0 0 5 1 4 4 2
   1 4 4 3 1 5 4 4 4 3 1 3 2 0 1 0 0 2 0 1 2 3 3 5 0 5 4 0 4 3 2 3 2 2 2
   4 0 5 5 1 4 4 5 4 2 5]
  [0 4 2 3 3 0 1 0 4 0 3 2 1 4 1 3 2 5 1 4 5 3 0 1 5 1 3 5 4 0 2 2 3 0 4
   2 0 0 5 0 2 2 3 1 1 3 0 1 3 3 3 0 0 4 0 5 2 3 1 1 0 1 1 3 3 1 3 0 0 0
   1 0 1 0 2 1 1 0 1 1 2]
  [0 1 1 3 1 1 1 5 3 1 4 2 2 0 1 0 4 0 0 2 1 1 3 4 2 0 3 5 3 2 2 3 3 2 4
   0 5 0 1 5 1 5 0 0 3 3 5 5 3 5 4 2 0 2 0 3 3 0 2 5 3 3 3 3 4 0 3 3 1 3
   5 0 1 1 1 4 1 5 3 3 4]
  [0 1 0 1 1 5 2 3 5 0 1 5 4 3 1 1 3 0 1 4 0 2 1 4 2 0 3 1 1 1 1 1 3 4 5
   0 3 2 0 2 5 2 5 3 5 5 5 1 0 2 1 3 4 0 0 5 3 3 1 0 5 0 3 0 1 2 3 3 1 4
   1 5 2 4 3 0 3 0 0 3 0]
  [0 0 2 0 3 2 4 1 1 3 2 2 2 4 4 1 5 5 5 5 0 1 3 1 0 0 1 1 2 5 5 1 0 4 2
   3 3 1 4 3 0 3 2 5 3 4 1 0 5 3 3 5 3 3 0 5 5 3 1 5 4 3 2 2 4 2 4 4 1 0
   5 3 1 0 3 0 1 3 5 0 2]
  [0 1 3 5 1 0 5 4 5 5 5 2 3 5 3 1 3 0 1 0 0 4 5 3 5 3 0 4 1 5 5 2 1 4 2
   0 5 2 5 3 2 5 1 5 0 2 1 5 3 1 0 4 1 4 0 0 5 5 3 5 1 1 0 5 0 5 1 5 1 0
   3 1 3 4 0 1 0 0 0 3 4]
  [0 0 1 4 5 5 0 1 0 4 1 2 4 5 3 1 2 5 5 2 2 5 3 4 3 4 1 1 3 3 4 0 4 4 2
   1 1 1 1 4 3 0 4 5 3 3 1 2 5 1 4 4 3 1 5 1 0 3 4 3 3 3 1 1 5 0 5 4 4 4
   2 2 5 0 1 2 2 0 4 2 0]
  [0 0 2 1 4 0 5 3 2 3 1 5 2 5 2 4 5 1 2 2 2 2 4 0 5 3 0 3 1 3 4 2 4 2 4
   5 4 3 1 5 3 2 1 0 4 0 2 0 2 2 5 1 1 4 5 1 4 0 2 3 3 1 2 1 5 0 2 3 1 4
   0 1 5 2 5 0 0 5 0 5 5]
  [0 5 0 5 5 4 1 2 2 4 3 2 3 4 2 2 5 4 5 1 3 3 1 4 0 3 2 3 1 5 2 4 5 4 3
   5 0 5 0 4 2 5 0 1 4 2 4 1 2 0 2 1 2 1 2 4 2 3 0 5 5 0 5 3 4 5 3 2 5 0
   1 4 4 0 1 1 0 1 5 0 3]
  [0 0 1 4 2 1 2 1 5 4 3 1 3 2 0 3 5 3 2 4 2 5 4 5 2 4 2 3 4 5 2 5 0 5 4
   4 1 0 4 0 4 3 0 4 3 1 5 1 5 5 3 5 5 4 3 3 3 4 3 0 0 1 0 1 1 4 0 2 2 3
   5 5 2 3 3 2 3 1 2 1 4]
  [0 3 2 3 0 1 3 1 0 3 0 1 3 4 0 0 5 1 5 3 3 3 1 4 1 4 1 1 3 3 1 1 2 5 5
   5 0 4 3 4 5 4 0 2 0 5 1 2 4 4 3 0 2 0 5 1 4 1 3 4 0 1 1 4 1 0 1 5 2 3
   0 3 4 5 2 2 2 3 2 0 3]
  [0 2 3 5 2 4 3 5 2 0 4 1 1 0 5 1 3 0 1 0 0 4 4 4 1 4 5 4 1 5 4 1 5 1 3
   2 4 0 1 2 1 0 1 5 4 0 3 0 0 2 4 3 1 3 2 4 4 0 0 4 1 0 0 3 3 4 2 0 1 2
   4 0 2 0 5 5 4 3 1 2 2]
  [0 0 2 5 2 0 1 4 4 1 2 4 2 4 4 5 5 0 5 3 3 2 1 4 3 5 4 2 2 3 1 5 4 3 0
   5 0 1 0 3 2 2 1 0 2 5 2 4 5 2 4 2 2 1 0 1 2 3 3 4 0 3 0 3 3 5 1 1 2 4
   5 5 4 2 4 5 0 2 1 4 1]
  [0 5 3 4 3 1 1 5 2 3 1 5 2 1 2 4 1 5 1 4 1 2 2 2 5 2 4 3 5 4 1 4 2 3 0
   1 5 3 5 4 5 2 3 3 2 0 2 2 2 5 4 1 0 2 0 1 2 1 4 1 3 2 0 0 5 4 1 4 3 0
   5 5 3 2 5 4 0 5 1 0 2]
  [0 0 4 1 4 0 2 0 2 4 2 5 1 0 5 2 4 3 4 5 3 3 4 1 2 0 0 5 3 3 4 2 1 4 2
   5 0 3 2 4 0 5 0 3 5 2 2 0 5 3 3 0 1 2 4 0 5 4 5 3 2 5 3 1 0 4 3 4 2 0
   2 0 2 3 1 2 5 2 5 2 2]
  [0 4 1 3 5 4 1 5 0 3 4 4 3 5 1 1 0 1 3 2 5 1 0 0 1 2 0 0 0 5 3 1 5 2 5
   5 3 0 5 5 4 5 2 1 0 3 3 4 0 5 5 0 4 1 4 3 5 0 3 2 5 3 0 5 2 0 3 3 0 1
   0 2 1 5 1 2 5 0 2 4 1]
  [0 2 4 1 0 4 1 1 4 4 5 1 1 2 3 5 2 4 0 0 1 4 3 0 2 0 0 4 0 1 5 2 1 3 0
   1 5 5 3 2 3 5 4 5 1 4 3 5 4 3 3 0 1 2 2 0 3 3 3 4 1 0 4 4 3 1 0 4 0 1
   0 2 5 5 0 4 1 5 5 5 1]
  [0 3 3 5 2 2 0 3 5 5 4 1 3 5 1 2 1 4 3 4 5 1 3 2 5 2 3 1 0 0 4 0 4 2 5
   0 1 0 5 0 1 3 0 1 2 2 2 2 3 3 4 0 1 2 5 4 0 1 4 3 0 3 1 4 0 3 4 0 3 0
   4 1 2 0 5 5 3 4 4 4 2]
  [0 3 3 3 3 1 0 0 2 1 3 4 0 2 5 3 3 1 0 0 0 1 5 1 4 3 5 1 3 2 5 4 2 3 1
   5 1 3 5 4 2 5 1 5 1 1 3 5 0 1 1 2 0 3 5 1 1 5 3 3 4 4 1 0 4 5 2 0 0 2
   4 4 0 4 1 1 1 1 3 4 5]
  [0 2 4 4 5 3 5 5 2 2 5 2 3 2 5 1 1 4 0 3 5 3 3 2 0 0 1 2 5 0 4 0 0 5 2
   1 0 1 4 3 4 3 4 4 4 2 4 0 1 0 5 4 5 3 0 5 4 1 4 2 4 3 2 3 1 0 4 0 3 0
   1 3 0 3 3 3 2 2 2 0 3]
  [0 0 0 2 4 0 1 4 4 2 5 4 2 1 0 0 4 4 4 5 0 3 5 1 0 2 3 1 3 2 0 2 4 0 3
   4 3 4 3 0 3 2 0 5 2 3 4 2 2 5 0 4 1 1 2 4 3 2 0 2 0 5 0 2 0 1 3 5 0 1
   0 5 3 5 4 1 3 4 5 1 0]
  [0 0 5 0 2 1 5 1 4 0 2 2 0 5 1 2 3 0 2 0 0 2 0 0 1 2 1 1 3 5 5 2 2 5 3
   3 0 0 3 2 0 0 2 5 0 1 5 2 5 0 1 5 5 4 3 0 1 5 1 3 0 1 0 0 5 2 0 4 0 2
   1 0 0 1 2 5 1 1 5 1 5]
  [0 3 4 5 4 0 2 5 5 0 0 2 2 2 4 2 4 2 3 5 2 2 2 3 4 2 2 3 5 1 5 3 4 3 0
   5 5 1 4 5 3 2 1 3 1 3 0 1 0 5 4 5 3 2 5 3 1 4 0 5 1 1 0 5 3 2 1 4 5 5
   0 3 0 3 5 3 0 0 3 1 4]
  [0 5 4 4 1 0 2 2 0 5 0 0 1 3 4 2 1 4 2 1 2 0 1 1 4 5 0 1 2 5 5 1 4 5 2
   5 0 1 2 4 2 5 2 4 2 0 0 3 2 5 5 1 0 2 1 3 4 3 3 4 2 0 1 5 1 3 0 1 1 4
   4 3 1 0 0 4 1 2 4 1 2]
  [0 2 0 3 2 1 3 2 2 5 5 1 2 4 2 0 3 3 4 4 0 2 4 4 4 0 0 3 3 4 2 5 0 5 1
   3 2 2 4 5 3 5 4 1 1 5 4 2 5 0 1 4 5 0 0 0 3 3 0 5 1 2 5 3 4 1 1 0 4 2
   0 0 3 0 0 2 3 1 5 2 0]
  [0 5 4 5 1 0 4 0 3 0 0 0 5 1 1 5 0 4 4 4 4 4 2 4 2 2 3 1 4 1 1 0 5 0 2
   0 2 0 2 0 1 3 2 1 1 1 4 0 2 0 5 4 3 3 3 2 3 5 5 5 3 4 4 3 1 2 4 3 4 0
   4 5 3 5 4 0 3 1 1 0 5]
  [0 4 5 2 3 4 1 2 3 2 5 3 2 1 1 4 4 3 0 5 2 5 4 4 3 1 0 1 3 3 2 4 3 0 5
   3 2 2 2 1 1 5 0 4 0 3 1 2 4 5 3 0 0 5 5 5 3 3 4 1 4 1 5 4 3 1 5 0 0 2
   4 2 1 2 4 3 0 5 2 1 1]
  [0 4 1 1 3 2 1 5 2 3 3 1 5 2 5 1 3 1 4 5 5 5 4 2 5 2 1 3 2 0 4 0 3 4 3
   0 4 0 3 2 5 2 3 0 0 0 2 5 3 0 4 5 0 3 5 2 3 5 3 0 1 1 4 3 1 3 0 5 4 3
   3 1 5 3 1 2 0 0 0 1 3]
  [0 4 4 1 3 0 1 3 2 0 3 0 3 4 4 2 1 5 5 3 0 2 2 0 1 2 1 5 2 5 3 3 1 0 3
   1 3 5 4 5 4 5 3 5 0 1 2 5 4 4 4 0 1 2 0 0 1 0 5 1 1 4 0 4 4 0 3 4 5 3
   5 0 0 5 3 0 5 1 0 3 0]
  [0 0 0 3 4 5 3 2 0 2 5 3 2 5 1 2 4 5 0 3 1 2 3 1 3 2 2 4 0 0 4 3 0 3 4
   4 0 0 5 0 0 4 1 4 2 3 4 4 2 1 4 4 0 5 4 1 1 2 0 1 5 2 3 2 5 5 5 5 5 3
   5 0 0 3 1 3 0 0 5 0 1]
  [0 4 2 3 2 1 1 3 3 3 4 0 5 5 3 3 5 0 2 2 2 4 2 4 2 3 1 5 3 4 1 2 5 5 0
   3 3 4 2 4 0 5 1 3 1 0 1 5 5 0 5 3 3 3 3 5 5 5 0 1 0 5 3 0 0 3 0 3 3 5
   3 4 2 3 4 0 4 3 2 0 0]]

 [[0 0 3 1 4 3 1 4 0 1 2 2 4 0 5 1 4 0 5 5 0 5 1 4 1 2 0 3 5 4 3 2 1 0 4
   1 2 5 3 2 2 4 5 2 2 5 3 4 0 0 1 4 5 1 0 0 5 1 3 0 0 4 3 1 5 2 0 2 0 0
   2 1 3 2 4 0 1 5 2 1 4]
  [0 0 5 4 5 2 4 3 5 3 2 3 5 3 1 3 2 1 0 5 4 2 4 4 1 1 1 1 0 4 3 1 2 1 0
   3 5 0 3 2 3 4 4 2 3 0 5 4 0 3 1 4 0 3 2 1 2 5 0 0 2 0 4 5 3 4 4 5 1 2
   1 2 4 1 1 5 0 2 5 3 1]
  [0 4 0 3 1 5 0 4 4 1 5 5 4 2 1 2 0 4 2 3 1 3 3 0 5 0 2 2 5 0 3 0 4 0 4
   3 3 1 5 2 5 3 0 5 3 0 0 1 5 2 0 0 5 4 4 1 2 0 4 3 0 0 0 3 2 3 0 1 1 1
   2 3 0 5 0 0 0 3 1 5 4]
  [0 1 1 0 5 5 5 4 5 1 1 1 1 3 2 4 3 2 4 0 3 5 1 4 0 5 2 3 1 0 1 2 1 2 4
   2 3 2 1 4 2 2 0 0 3 1 0 4 0 2 0 2 4 2 5 1 2 4 3 5 4 0 5 2 1 4 2 2 0 5
   3 3 5 5 3 0 4 4 4 2 5]
  [0 1 4 0 0 5 4 4 0 2 5 4 4 4 0 4 3 1 3 4 2 1 3 4 3 1 3 0 5 0 0 0 2 3 1
   5 5 4 5 5 4 2 3 2 0 4 3 3 5 1 2 0 5 1 4 5 2 5 0 0 0 1 5 3 0 5 1 3 1 2
   4 1 4 2 0 0 3 2 4 2 5]
  [0 3 4 5 5 0 3 0 1 3 4 3 5 1 0 2 4 0 0 1 2 3 4 4 0 0 5 2 0 1 3 2 3 5 0
   1 4 4 5 0 5 4 1 2 1 0 1 3 1 4 3 1 5 1 3 4 3 0 5 0 5 5 5 3 2 2 0 5 0 2
   4 1 0 5 0 1 4 3 5 1 4]
  [0 1 3 4 1 2 0 5 1 4 4 3 3 5 3 3 5 3 4 2 2 0 5 3 3 3 3 2 2 0 2 1 4 0 3
   2 4 5 0 3 4 0 1 5 4 1 0 2 1 1 4 1 4 5 1 2 1 3 2 2 5 2 4 1 0 4 5 3 1 2
   3 0 4 4 3 1 4 1 0 5 4]
  [0 0 0 1 5 4 5 0 5 1 0 3 0 2 4 2 3 5 0 3 0 1 0 1 5 0 0 5 5 1 2 5 1 3 5
   5 0 4 3 0 1 5 1 2 4 3 4 4 2 4 0 5 4 3 2 0 4 1 4 0 1 1 5 2 2 2 5 4 2 1
   5 5 2 0 1 0 0 2 1 1 0]
  [0 1 1 3 3 3 4 4 0 2 1 1 5 0 1 1 1 3 5 2 5 2 3 0 2 1 5 1 4 3 4 4 0 3 5
   0 0 1 3 2 3 3 1 1 5 2 5 2 2 0 1 0 0 2 1 4 4 5 1 0 4 3 4 2 5 3 2 3 0 1
   3 0 0 0 2 2 5 5 0 4 2]
  [0 1 0 2 0 0 3 4 4 0 2 2 0 4 1 1 0 1 2 3 1 4 4 1 2 1 0 5 0 4 0 4 2 5 3
   0 4 1 5 2 0 2 0 0 1 3 5 5 5 3 3 4 5 5 0 5 1 3 1 0 0 5 1 3 4 1 0 5 4 5
   1 0 1 4 2 5 4 3 2 0 1]
  [0 4 1 1 0 2 5 1 2 0 0 4 1 2 2 0 2 2 2 2 4 2 0 3 1 1 2 4 1 0 1 3 0 1 1
   0 5 2 1 2 1 0 1 0 3 1 0 1 3 5 5 2 2 2 4 3 3 1 3 3 1 2 2 3 2 0 3 1 0 4
   3 5 3 0 4 5 2 5 3 2 2]
  [0 1 5 1 3 2 0 1 3 3 0 0 5 1 3 2 4 4 3 1 4 2 0 4 3 0 0 4 3 5 0 1 0 2 1
   1 5 2 1 0 4 4 3 5 1 2 1 2 3 1 4 4 4 1 0 4 0 3 3 2 2 3 2 0 0 0 2 0 2 4
   1 5 0 3 1 1 1 4 1 4 1]
  [0 4 5 0 1 0 5 2 4 3 3 5 0 5 2 5 4 0 4 5 0 0 5 4 1 5 1 5 4 0 1 4 4 1 0
   0 3 1 3 3 2 5 4 1 0 2 3 1 0 0 0 4 1 3 3 3 2 5 5 1 3 3 5 2 4 0 2 3 4 2
   1 3 1 3 1 5 0 5 1 4 4]
  [0 5 5 2 3 1 1 5 5 3 5 3 0 0 3 0 2 3 3 4 2 0 5 2 0 5 2 1 4 1 4 5 4 1 0
   0 2 3 3 0 0 1 2 4 1 1 0 2 4 4 3 4 4 3 1 2 4 0 3 4 1 2 3 4 5 1 0 2 3 1
   2 0 2 3 5 4 4 3 1 3 3]
  [0 5 1 3 3 2 4 0 4 5 2 1 2 0 0 0 2 2 0 0 0 2 5 5 0 4 5 1 4 3 4 2 5 1 4
   4 0 3 2 1 1 2 4 1 2 5 4 1 5 2 3 0 2 0 4 5 5 5 2 4 1 0 4 0 0 5 4 3 0 2
   3 1 4 5 0 2 3 3 2 2 1]
  [0 2 5 2 1 0 2 3 5 2 1 3 4 0 2 0 5 3 1 4 0 0 3 0 1 3 0 1 4 0 1 2 5 3 2
   4 5 0 5 4 5 1 5 0 1 4 5 5 4 5 1 0 3 0 4 3 0 4 0 4 5 4 2 0 2 1 4 2 3 4
   0 0 4 1 0 0 5 5 1 4 2]
  [0 5 0 5 1 3 3 1 2 1 2 2 3 2 4 4 0 4 2 2 4 1 4 0 2 3 3 2 2 0 1 0 5 0 5
   5 3 0 1 3 0 4 3 0 1 1 5 0 3 2 0 0 2 5 2 2 1 3 0 2 1 1 3 2 2 5 3 0 5 1
   1 3 3 4 3 3 4 4 5 1 0]
  [0 4 2 2 3 5 5 4 5 5 4 5 3 2 5 5 4 0 0 1 3 0 2 5 4 0 4 2 2 2 0 5 1 4 2
   0 0 0 0 2 4 3 0 3 5 2 1 4 3 2 5 0 5 1 5 2 5 2 5 4 2 1 3 4 3 1 4 4 0 2
   5 0 4 1 5 5 3 2 3 0 3]
  [0 1 5 1 5 0 1 2 2 5 4 3 4 2 5 4 5 5 0 4 0 4 3 5 5 1 0 3 5 2 0 4 5 0 3
   2 0 0 3 0 4 3 0 5 2 3 2 0 5 4 2 3 2 2 5 3 4 3 0 5 3 0 5 5 0 2 2 1 2 2
   1 5 4 5 1 4 4 2 5 0 5]
  [0 0 0 1 4 5 2 5 4 5 1 0 5 4 0 3 4 4 2 0 5 0 4 3 4 0 2 5 0 0 2 1 0 5 5
   3 4 3 3 3 0 5 3 3 1 5 4 0 0 4 1 2 0 3 5 5 0 2 0 2 4 5 0 1 0 5 5 3 5 4
   4 5 3 1 2 4 3 3 4 1 0]
  [0 0 1 1 3 5 1 0 0 4 2 1 5 1 5 3 2 0 3 5 0 0 1 1 1 4 5 5 5 5 3 4 4 1 5
   1 0 0 0 0 1 0 5 1 2 3 0 5 3 2 3 5 0 5 5 2 3 3 1 1 5 4 5 1 4 4 0 5 1 0
   2 3 0 0 3 0 1 4 0 5 1]
  [0 1 4 1 4 2 4 2 2 2 5 1 2 4 3 2 3 3 0 2 2 0 2 3 3 1 1 3 3 1 2 5 3 0 2
   2 3 1 2 2 3 1 3 4 1 2 5 0 2 0 2 3 1 2 2 2 5 4 4 1 1 2 3 4 0 3 2 2 4 0
   4 1 5 5 1 0 4 5 4 2 5]
  [0 3 1 1 3 5 0 5 0 2 0 1 5 5 0 4 2 3 1 1 5 0 0 1 2 1 2 3 3 4 5 0 2 3 4
   2 1 2 3 2 2 2 3 1 3 5 0 2 2 3 0 2 0 1 1 2 4 4 3 3 4 1 3 1 3 5 0 0 5 5
   4 1 4 4 1 2 4 4 4 0 4]
  [0 3 5 3 2 2 1 3 0 5 0 1 0 0 1 4 3 4 1 1 2 4 1 0 5 3 2 5 4 3 0 1 5 2 2
   4 1 3 0 2 3 3 5 4 0 0 3 2 2 4 1 4 4 1 2 1 5 1 1 5 2 5 1 4 3 0 0 0 5 4
   3 2 4 2 2 5 2 3 1 2 2]
  [0 0 0 0 1 1 3 0 3 1 0 4 1 1 1 3 1 0 0 2 2 3 4 5 0 3 4 5 2 5 5 3 2 2 0
   2 3 0 0 4 4 3 3 3 4 4 1 2 2 5 4 4 2 4 5 0 5 3 3 3 5 2 3 3 3 0 3 2 3 1
   2 1 3 5 3 5 1 5 3 3 2]
  [0 5 4 1 3 5 2 1 4 0 1 2 1 2 3 0 5 5 5 4 1 4 3 5 1 0 3 4 0 1 2 2 1 0 5
   4 5 4 1 2 3 0 4 2 1 3 5 3 2 3 5 0 2 2 0 3 4 1 1 5 0 3 4 5 4 5 3 4 3 4
   2 3 1 5 0 5 2 4 4 3 1]
  [0 4 1 2 1 5 0 2 5 2 2 5 4 1 0 5 1 2 3 4 1 0 0 1 1 0 0 1 1 2 3 1 5 0 4
   0 3 3 5 5 3 4 3 5 2 5 2 0 2 1 5 5 5 2 3 2 5 0 0 5 5 5 3 2 2 4 0 5 2 1
   2 1 1 3 2 0 4 3 0 0 0]
  [0 2 4 3 0 1 3 2 5 0 3 3 1 1 3 5 3 2 3 2 2 3 2 0 2 5 3 0 4 3 1 5 5 0 5
   1 1 2 2 0 5 5 2 4 1 5 5 0 4 1 1 3 4 5 5 1 1 0 0 1 2 4 2 0 3 4 1 5 0 2
   4 3 3 1 4 2 2 2 1 3 2]
  [0 4 0 1 1 0 4 4 4 5 2 1 2 4 2 5 2 5 4 0 1 1 5 4 4 4 2 4 0 5 0 3 3 2 3
   0 0 2 1 3 1 0 2 3 4 5 3 2 1 2 2 5 4 4 1 3 4 3 0 0 3 0 2 4 3 5 4 1 4 0
   3 0 5 5 4 0 1 3 0 0 2]
  [0 3 3 3 3 1 4 5 4 1 0 5 0 3 3 1 5 3 2 1 3 2 0 4 3 0 3 0 5 0 1 0 1 2 2
   0 4 2 2 3 2 2 1 5 0 5 1 1 3 2 4 3 1 5 4 2 0 4 0 5 4 2 0 5 3 5 5 0 3 2
   1 5 0 3 0 2 2 4 1 3 4]
  [0 0 3 4 3 4 4 5 4 2 3 4 5 2 5 1 2 5 4 0 5 3 2 4 2 4 1 0 1 5 0 3 3 5 4
   5 3 1 4 1 3 4 4 4 2 1 2 5 5 3 1 4 3 4 0 3 0 4 1 1 3 0 2 2 0 1 3 4 3 1
   1 0 1 3 4 2 5 5 5 3 3]
  [0 0 0 0 1 4 3 5 5 5 0 4 5 3 3 2 0 3 2 1 1 2 5 2 2 2 5 2 1 1 4 0 3 5 0
   3 4 1 1 2 4 1 0 2 3 5 0 2 1 2 1 1 4 2 4 1 1 0 3 2 2 3 3 0 3 2 5 0 0 4
   0 3 4 0 1 1 1 2 0 0 3]
  [0 0 5 5 3 1 5 3 1 0 2 4 0 4 4 2 3 1 1 5 0 5 3 1 0 5 4 1 3 1 3 2 0 0 5
   5 4 2 4 5 0 5 5 5 4 2 5 4 5 1 5 2 2 3 1 5 2 5 2 2 4 1 2 0 2 5 5 2 4 5
   0 2 0 3 2 1 2 3 5 1 1]
  [0 3 2 0 0 3 1 2 3 4 2 1 5 4 5 4 3 3 4 2 1 3 5 0 2 2 0 1 0 5 5 1 0 0 0
   1 3 4 2 1 5 3 1 0 4 2 5 0 4 3 5 5 2 1 0 2 5 5 3 2 2 2 5 5 2 3 3 2 3 2
   5 0 3 4 1 4 2 4 5 3 3]
  [0 5 1 3 3 5 4 5 1 1 2 2 4 5 3 1 4 0 0 0 0 4 1 1 5 3 4 1 1 4 2 0 5 1 0
   3 2 5 1 3 4 2 3 4 3 2 3 3 0 1 5 5 5 2 0 1 0 5 5 0 0 5 1 2 0 3 5 5 4 3
   2 3 2 4 2 4 0 5 4 4 4]
  [0 3 0 2 1 5 1 2 0 2 1 3 4 2 4 1 1 0 0 5 0 4 1 1 0 3 0 0 4 2 3 1 5 0 4
   0 5 0 4 0 5 4 2 1 0 3 0 5 0 3 1 3 1 2 5 1 1 2 0 3 1 4 0 2 5 4 3 5 5 2
   0 4 3 3 1 4 0 3 0 3 4]
  [0 2 1 3 4 5 3 0 0 1 1 3 1 2 4 3 3 0 4 4 4 1 0 5 0 0 0 2 4 4 3 4 5 4 4
   0 0 1 1 0 0 5 1 4 3 2 4 4 1 2 2 3 4 3 5 5 2 3 4 3 5 4 5 3 2 0 4 3 4 0
   4 0 5 1 3 5 3 3 1 0 5]
  [0 2 3 3 2 5 0 2 2 5 1 0 3 5 5 4 4 1 3 0 1 4 0 2 1 2 0 4 0 2 0 4 0 4 4
   3 1 0 4 4 4 1 5 4 0 0 1 5 0 2 3 5 1 1 3 4 1 5 4 1 3 1 4 3 1 0 2 4 1 4
   2 1 3 3 2 1 4 2 2 0 2]
  [0 5 2 2 5 5 5 1 1 3 0 2 1 5 4 1 5 5 5 3 5 3 1 5 0 3 1 1 3 1 1 5 2 2 3
   2 4 5 0 4 0 5 4 3 5 0 3 1 4 1 4 0 4 5 1 0 3 4 1 0 1 2 4 4 4 2 1 4 2 5
   4 5 5 5 4 0 3 1 1 2 5]
  [0 2 4 2 4 0 0 2 4 1 0 2 0 2 3 1 2 4 2 0 1 5 0 3 1 0 0 2 4 5 1 0 1 3 4
   1 4 5 2 0 4 5 4 4 5 1 0 4 4 5 4 1 1 2 3 1 4 2 5 4 4 4 1 4 5 3 2 3 1 2
   4 3 1 3 4 2 1 1 2 3 0]
  [0 2 3 1 1 2 4 5 2 5 1 5 5 2 1 5 5 5 4 5 1 3 2 5 5 1 3 2 3 2 2 1 0 0 1
   0 0 0 5 2 0 3 0 1 2 5 4 2 4 0 4 2 1 4 3 2 1 3 3 1 5 3 2 1 0 2 0 5 5 3
   1 1 2 4 1 4 4 4 3 0 1]
  [0 1 1 3 5 2 4 2 2 5 5 2 5 4 1 3 4 1 5 5 0 3 5 5 5 4 0 3 1 4 0 3 2 2 5
   3 0 0 5 5 4 0 3 5 1 4 2 1 1 1 0 1 0 4 0 3 0 5 0 5 2 2 2 1 3 4 1 5 4 5
   5 2 4 4 3 1 0 2 3 5 2]
  [0 4 4 4 2 5 3 4 1 2 0 5 2 4 5 4 5 3 3 4 5 0 1 3 3 3 3 3 5 3 5 5 0 3 0
   1 5 1 0 2 1 2 0 4 5 4 1 3 4 3 5 4 4 1 3 1 5 3 4 5 4 4 3 4 5 4 3 2 3 0
   3 2 4 1 2 1 5 2 4 4 1]
  [0 3 0 3 0 2 4 3 2 3 4 0 1 5 4 5 2 1 2 3 1 2 4 2 5 2 3 5 3 1 1 2 4 0 5
   1 4 0 0 0 1 4 4 0 5 4 4 2 5 2 5 1 3 4 1 5 4 2 2 1 0 4 3 4 5 2 2 0 2 3
   3 0 1 0 5 2 2 4 4 3 1]
  [0 5 1 3 1 4 4 0 4 3 4 2 1 3 2 3 4 0 2 0 0 4 3 3 0 4 3 4 2 2 0 4 5 0 5
   4 0 5 0 0 5 5 3 3 0 3 2 3 2 2 3 3 4 5 4 2 0 2 0 1 2 4 5 1 1 3 4 1 4 0
   5 5 5 0 0 1 2 0 2 5 1]
  [0 0 3 4 5 5 5 5 3 5 2 4 3 5 4 0 3 0 4 0 5 2 2 4 3 1 2 0 4 0 0 4 3 4 3
   2 0 0 5 5 5 3 2 4 3 0 1 5 1 5 1 0 2 4 1 5 5 5 4 4 3 4 1 3 5 4 0 1 3 0
   1 0 4 3 2 2 1 2 1 3 0]
  [0 1 5 3 5 1 5 0 5 0 3 0 2 0 5 3 3 4 3 1 1 4 5 2 0 4 1 0 0 0 5 1 1 4 2
   1 4 2 4 5 5 0 3 2 2 1 0 0 4 5 1 4 3 0 5 0 0 4 0 5 2 2 0 5 1 2 0 5 1 4
   5 1 1 0 3 4 4 5 3 4 0]
  [0 2 3 1 5 5 4 2 4 0 1 1 3 4 5 3 2 3 1 3 1 1 1 0 4 0 1 4 2 1 4 5 2 4 1
   4 5 1 0 5 5 1 3 5 1 0 4 0 2 0 3 0 1 4 1 5 5 2 4 2 4 0 0 0 5 3 1 0 0 4
   0 4 3 2 4 1 1 4 3 5 5]
  [0 3 2 3 3 0 1 4 0 5 5 2 4 3 2 2 0 0 5 0 5 1 2 2 3 3 3 5 0 4 4 2 4 5 5
   4 5 4 1 5 4 1 0 5 0 1 2 5 0 1 4 1 1 0 1 3 2 1 4 1 2 2 4 0 1 3 1 0 5 5
   0 1 4 1 2 3 2 1 2 3 2]
  [0 2 0 1 2 0 3 1 4 4 3 3 2 5 2 5 3 4 1 5 1 4 0 0 2 4 1 0 5 3 3 2 3 2 2
   5 0 3 2 3 3 4 2 5 1 5 1 5 3 0 4 0 5 4 4 4 2 5 5 3 5 5 0 2 2 4 3 1 2 4
   4 0 1 1 5 1 3 4 1 3 5]
  [0 3 0 2 2 3 1 1 2 0 4 4 2 0 2 1 2 4 3 2 2 5 2 2 5 5 1 5 5 0 0 4 0 4 1
   3 5 4 3 4 0 3 2 1 0 5 4 2 1 3 0 4 1 0 0 1 3 3 1 2 2 5 2 0 3 4 0 3 0 0
   3 4 5 4 0 2 5 2 1 0 0]
  [0 4 5 5 2 0 4 3 2 4 5 0 5 5 2 3 3 0 2 2 0 3 2 0 0 0 2 1 2 4 4 4 3 4 2
   3 5 1 2 0 1 4 5 5 0 5 2 0 0 5 3 0 2 0 5 4 2 5 3 2 0 0 1 3 2 4 3 5 4 1
   3 0 5 0 3 0 0 3 3 2 3]
  [0 4 4 2 3 2 2 2 4 1 2 0 3 3 2 2 2 2 0 3 5 1 1 0 2 1 3 1 0 3 4 1 1 0 4
   4 2 4 5 1 5 2 2 1 1 0 0 1 4 3 0 0 0 5 1 4 3 2 0 3 4 5 4 4 4 1 2 2 4 3
   0 2 3 5 5 2 1 1 5 2 5]
  [0 1 4 5 1 4 5 4 3 0 0 5 3 0 3 2 1 1 3 3 5 4 5 3 1 3 3 5 1 2 1 3 0 0 3
   0 0 2 5 1 5 4 0 4 1 4 2 5 2 4 5 3 5 0 4 1 0 3 1 5 5 1 0 0 3 4 1 4 1 0
   4 4 5 0 5 1 0 3 5 2 2]
  [0 4 4 5 4 3 1 3 1 2 1 2 1 1 5 5 2 4 5 1 4 0 0 2 1 4 4 1 5 4 1 0 0 0 1
   3 5 1 5 0 3 5 3 3 4 5 4 3 3 3 2 4 5 5 0 3 0 3 5 2 2 3 0 4 0 3 2 1 2 2
   0 4 4 4 1 0 5 4 4 4 5]
  [0 1 5 3 0 2 2 1 5 1 2 4 1 3 0 3 0 4 5 3 1 4 2 0 5 1 2 4 0 3 1 5 1 4 5
   2 4 4 0 1 3 1 0 0 3 1 2 5 1 1 2 4 2 5 4 0 4 5 2 5 5 3 4 5 1 3 5 5 1 3
   2 4 5 2 5 0 1 0 3 2 3]
  [0 5 2 3 5 3 2 5 5 4 4 2 1 5 4 3 0 4 3 0 2 1 1 3 0 5 1 5 4 2 3 3 3 2 2
   0 0 2 5 5 1 1 3 3 4 5 1 1 4 3 1 4 1 3 1 5 0 4 5 4 2 1 1 5 0 0 5 4 1 1
   1 0 1 1 2 1 3 4 3 3 1]
  [0 3 1 4 5 2 1 3 4 5 2 1 4 5 2 1 5 1 4 1 2 1 0 2 5 0 1 2 5 2 3 3 3 5 3
   0 2 3 4 0 4 4 2 0 5 4 1 1 4 0 5 1 1 2 1 1 1 0 2 1 5 4 3 1 5 2 5 1 0 0
   1 0 1 4 4 3 2 5 5 0 1]
  [0 5 3 2 1 4 3 1 5 4 0 0 4 0 3 4 4 0 0 4 0 5 4 5 2 3 4 0 4 3 1 1 2 5 2
   4 2 0 4 5 0 0 1 3 5 3 5 1 3 2 3 5 5 4 2 3 0 5 0 5 4 4 5 2 3 3 2 4 5 4
   2 2 3 2 2 1 3 4 0 2 1]
  [0 4 2 5 0 2 1 5 0 5 1 1 3 5 3 2 1 2 5 0 5 3 0 1 5 2 2 5 2 2 0 3 0 0 1
   4 3 5 0 1 5 5 4 0 3 4 4 5 1 5 1 4 5 3 4 2 2 0 4 0 5 5 3 0 4 1 3 2 5 2
   0 3 5 3 4 2 4 2 1 0 1]
  [0 0 4 0 3 5 3 1 5 3 3 4 1 4 0 5 2 2 2 4 2 3 0 2 4 0 5 5 4 1 5 0 0 0 4
   2 5 1 5 2 1 3 4 2 0 3 2 3 4 2 5 1 1 1 1 5 5 3 1 4 0 4 4 1 2 5 0 3 1 2
   4 1 3 0 3 2 0 5 2 4 0]
  [0 1 2 2 0 0 4 1 1 4 1 5 0 3 5 5 4 2 2 5 2 3 1 4 0 3 2 5 4 1 0 2 2 0 4
   3 0 1 5 5 3 2 1 0 0 2 5 5 4 0 4 4 5 5 4 0 1 3 0 4 1 0 3 2 3 4 2 2 0 2
   5 4 4 0 4 4 4 4 3 0 1]
  [0 4 0 2 0 1 2 2 4 4 5 4 5 3 0 4 3 3 5 5 3 0 4 4 4 1 3 5 0 4 4 0 5 2 0
   5 1 3 4 4 0 5 5 5 2 2 2 5 4 4 3 4 1 4 0 1 3 0 3 1 3 1 0 2 2 2 3 5 0 2
   3 1 2 5 2 0 4 3 1 1 0]
  [0 5 4 5 5 0 5 1 5 2 1 4 4 1 3 3 4 0 2 1 3 1 2 0 1 4 1 4 3 3 1 0 5 3 3
   5 3 3 0 4 1 4 4 4 3 1 4 5 0 1 4 3 0 4 5 4 4 2 1 1 5 1 2 0 1 0 4 1 3 1
   3 2 4 0 1 0 0 1 2 1 2]
  [0 2 0 4 3 5 5 1 2 1 4 4 5 0 3 4 2 5 2 0 0 1 4 3 3 2 3 4 0 0 2 0 3 4 1
   3 1 0 2 3 1 0 1 3 2 1 2 3 1 3 0 4 2 5 4 3 1 2 2 1 0 1 0 5 0 5 2 4 0 2
   0 1 0 3 5 1 5 4 2 3 3]
  [0 4 5 2 5 2 3 1 5 1 0 1 5 2 0 2 1 5 1 0 0 1 3 5 0 2 1 0 1 2 1 0 0 0 1
   4 2 5 4 1 4 0 5 0 3 4 2 3 0 3 3 0 1 4 1 2 0 0 3 2 5 5 2 4 0 0 5 0 0 4
   4 2 3 0 3 1 3 3 5 2 0]
  [0 5 2 0 5 5 5 0 4 5 4 0 0 4 2 4 0 1 2 0 3 5 3 4 2 4 3 4 1 2 0 3 5 1 5
   3 0 3 1 4 3 4 3 0 5 3 2 1 3 1 0 5 3 4 1 3 4 5 0 2 0 1 3 4 4 1 0 2 0 2
   0 4 3 5 2 3 4 2 3 0 2]
  [0 1 2 0 3 1 0 5 1 1 2 1 1 3 3 3 3 0 5 4 2 3 4 4 2 3 2 4 1 5 2 1 3 3 2
   5 5 2 2 3 5 4 0 2 1 0 1 3 2 4 3 1 3 3 2 4 2 5 2 4 1 1 0 1 5 3 1 0 1 2
   3 5 0 5 2 5 2 2 3 4 4]
  [0 2 1 3 5 1 2 0 5 5 5 4 2 5 3 0 5 4 0 5 0 5 2 4 1 3 3 2 3 2 4 2 0 1 4
   4 3 3 4 0 1 4 0 0 0 3 0 1 4 5 0 4 5 4 0 3 3 1 5 0 4 4 5 4 5 3 4 2 0 1
   0 4 1 1 1 5 3 1 2 3 3]
  [0 4 3 1 1 1 0 0 3 5 1 5 2 5 0 4 2 1 1 0 3 1 0 3 3 5 4 3 5 4 1 2 3 4 0
   4 2 1 4 1 3 4 2 5 3 0 0 3 0 4 1 0 4 4 2 1 0 3 4 2 3 3 3 2 5 0 4 4 5 0
   3 0 1 0 5 4 2 5 2 2 4]
  [0 5 0 2 1 4 3 1 3 1 1 4 5 3 2 5 1 2 3 1 1 2 3 1 5 5 3 4 1 1 3 3 5 1 5
   2 4 1 0 3 5 0 1 5 5 3 2 4 2 4 5 1 0 2 0 1 1 5 3 0 3 4 1 3 1 1 0 4 4 0
   0 0 1 4 3 2 3 5 1 4 4]
  [0 0 5 4 2 4 5 1 0 2 0 0 4 0 0 3 2 5 5 5 3 0 1 0 4 5 3 2 3 1 3 0 4 5 2
   2 4 4 3 1 4 4 4 0 4 2 2 3 5 2 3 4 3 5 3 0 3 3 5 3 2 4 0 3 2 0 2 4 5 4
   5 0 2 5 0 4 0 1 4 0 3]
  [0 4 4 4 0 2 0 1 2 1 3 3 3 5 5 5 3 5 4 3 4 1 4 5 3 4 1 1 0 2 4 2 0 1 3
   5 5 1 5 4 1 0 4 5 5 4 4 5 0 2 3 2 1 5 3 1 1 4 5 0 0 5 5 5 4 5 3 0 1 1
   3 1 0 3 5 5 0 2 5 1 4]
  [0 1 5 1 4 4 3 0 5 1 4 4 0 4 5 3 5 4 3 2 2 3 5 4 3 4 5 2 4 2 2 0 1 1 0
   2 0 2 1 5 0 2 1 5 5 3 3 4 4 0 5 3 2 5 1 0 0 2 1 3 3 2 4 0 5 1 5 5 4 3
   2 2 1 0 2 0 0 3 0 4 3]
  [0 1 1 2 5 1 5 5 3 3 2 3 5 0 2 5 1 0 5 3 3 3 3 3 4 3 1 1 0 3 0 5 4 5 5
   0 4 4 4 1 5 2 4 0 3 5 0 3 5 1 0 1 2 0 5 3 2 3 0 0 2 5 0 0 4 5 1 5 4 5
   0 5 4 1 0 0 5 4 0 3 4]
  [0 2 1 5 3 5 4 0 3 3 3 3 5 3 5 3 3 5 1 0 5 1 1 1 1 3 3 1 5 2 2 5 1 2 3
   0 4 5 2 0 1 2 2 5 2 0 2 5 1 5 4 0 1 2 5 2 0 2 1 5 5 0 1 1 3 5 1 1 3 4
   1 4 3 5 4 0 2 1 0 4 3]
  [0 4 1 1 3 5 3 3 4 3 2 2 5 3 1 3 0 1 0 5 3 3 3 5 0 1 3 0 0 5 2 3 1 3 3
   4 3 0 5 0 5 4 0 5 3 2 4 0 2 5 5 3 3 2 0 0 5 2 2 4 0 1 3 3 5 3 0 4 4 1
   0 4 4 4 2 3 0 0 4 2 3]
  [0 5 3 4 1 4 4 1 3 3 1 5 1 1 0 5 2 2 4 4 5 0 4 1 1 5 4 2 3 0 3 5 3 0 3
   2 0 1 3 3 0 2 2 2 3 3 5 0 3 0 5 0 5 0 1 5 5 5 1 3 2 5 0 0 4 0 3 2 5 0
   0 1 3 5 3 4 4 0 4 2 2]
  [0 0 0 4 2 4 0 5 2 3 1 3 2 4 0 2 0 0 5 4 5 4 0 3 2 4 3 0 1 1 2 1 3 3 5
   1 3 4 0 5 2 3 2 5 5 5 0 2 5 3 0 3 3 5 3 1 0 1 1 5 1 0 4 0 2 1 0 1 1 1
   0 1 2 0 5 5 0 5 0 5 4]
  [0 2 1 3 2 2 5 2 1 4 1 4 1 3 4 2 5 2 0 2 1 3 2 4 0 1 4 4 0 1 4 4 4 1 1
   0 4 2 5 4 0 1 2 0 2 4 1 1 5 1 2 1 2 1 1 3 5 4 4 2 1 2 5 4 5 5 1 0 3 1
   3 3 2 4 1 3 1 2 1 0 2]
  [0 5 2 2 3 0 5 2 5 3 2 3 0 5 5 4 3 1 5 4 2 4 3 4 1 5 5 3 0 1 4 5 1 3 2
   0 0 1 4 2 5 2 4 0 3 0 4 3 0 3 5 5 2 3 5 2 1 5 2 0 2 2 2 4 1 5 0 1 3 1
   5 0 1 2 1 1 1 3 5 5 0]]

 [[0 2 0 1 4 4 5 0 5 4 3 3 1 5 5 1 4 1 1 3 4 0 2 1 2 2 4 1 3 2 2 2 1 4 1
   2 5 5 4 0 0 3 0 2 0 0 0 2 0 0 2 4 2 1 2 2 2 3 5 2 5 2 5 0 0 1 4 5 2 1
   1 5 0 5 1 3 5 2 0 5 0]
  [0 0 5 1 3 5 5 3 0 1 1 0 2 0 5 0 1 1 3 0 4 1 3 5 1 2 2 2 0 4 3 2 5 0 3
   4 2 2 1 0 4 5 4 2 3 3 3 5 1 4 0 1 1 3 5 5 2 1 0 3 2 2 2 1 5 3 3 2 3 1
   5 2 2 5 2 1 4 3 2 0 4]
  [0 2 0 1 3 0 2 4 0 1 4 2 2 5 3 2 3 2 0 1 1 3 4 4 2 0 5 2 1 5 0 1 3 0 3
   2 2 2 3 0 2 4 4 3 0 1 4 4 0 1 1 0 5 2 1 2 3 5 4 5 0 2 2 4 5 0 5 4 0 2
   2 3 4 4 4 5 1 0 3 2 4]
  [0 2 0 0 2 5 3 1 0 5 3 1 0 3 5 3 4 5 0 4 0 5 2 0 5 2 4 5 1 1 5 0 1 4 5
   2 0 5 3 4 1 4 0 5 1 5 3 0 4 5 5 1 5 1 1 5 4 4 2 5 5 5 5 5 3 3 3 1 4 0
   0 3 3 0 5 3 5 5 4 3 5]
  [0 4 5 0 0 3 2 2 3 0 4 5 0 0 1 4 2 4 2 2 4 1 0 5 2 2 0 0 0 5 0 1 1 5 4
   0 4 5 5 5 2 0 4 5 5 2 1 0 4 4 3 2 3 2 3 2 3 3 5 1 1 2 0 0 3 5 2 4 4 3
   3 2 0 0 4 4 0 2 5 3 0]
  [0 2 5 4 3 0 5 4 1 0 3 0 1 1 1 5 2 5 4 4 2 3 0 2 1 1 1 3 5 3 4 4 0 4 2
   2 1 0 4 2 3 4 3 2 5 1 3 2 2 1 0 2 0 5 5 2 5 0 2 1 5 2 0 0 1 4 0 3 5 0
   2 5 1 4 3 4 3 4 2 2 1]
  [0 4 5 1 4 3 0 2 5 3 4 1 1 2 4 5 4 1 5 4 3 5 5 3 3 5 3 4 4 1 0 4 5 1 0
   0 5 1 5 5 0 3 1 0 0 2 1 5 5 0 2 1 5 3 5 2 0 1 3 1 3 5 0 4 5 4 4 5 2 2
   0 3 4 2 4 2 5 5 1 2 0]
  [0 0 0 1 1 0 1 0 3 2 5 2 4 1 5 3 5 5 3 1 5 5 4 4 3 1 3 0 1 5 3 5 2 2 4
   0 3 0 0 3 0 1 0 3 4 0 4 4 5 0 3 4 2 0 5 3 2 0 3 5 3 2 5 2 1 3 5 1 1 5
   0 5 2 2 1 2 4 1 2 3 4]
  [0 4 3 4 4 2 2 2 0 2 4 4 5 4 1 3 2 4 0 2 1 2 5 5 3 3 1 3 2 0 2 4 1 3 0
   5 4 5 4 4 4 3 4 5 4 1 5 5 5 4 3 4 1 2 3 4 1 1 5 5 2 3 0 5 0 3 0 5 5 2
   0 0 1 4 2 4 0 1 3 0 3]
  [0 0 5 2 2 0 5 2 1 0 5 4 4 3 0 4 0 2 4 4 1 1 1 1 1 5 2 4 5 4 4 3 4 4 0
   5 3 0 2 0 2 0 4 2 5 4 0 2 5 5 3 0 1 1 0 0 3 1 5 5 4 4 4 4 1 0 0 2 3 5
   2 5 5 3 2 2 3 2 2 0 4]
  [0 1 2 3 4 0 0 2 5 5 0 5 0 1 1 3 5 0 3 2 5 5 1 4 4 4 0 0 3 5 0 3 3 3 4
   2 3 3 3 4 3 0 2 3 2 3 5 5 0 3 4 5 2 3 3 4 2 2 0 5 0 5 1 2 0 1 2 3 5 1
   2 4 3 5 4 1 1 4 3 1 5]
  [0 5 5 5 5 1 1 1 5 4 4 0 5 5 4 2 4 2 1 2 1 5 0 0 0 3 1 4 5 4 5 1 0 4 1
   0 1 3 5 2 0 4 4 5 0 1 0 0 5 1 3 0 5 1 4 1 2 3 5 0 0 4 3 3 4 4 2 4 0 1
   3 4 2 1 2 5 1 4 1 5 0]
  [0 4 4 3 5 1 5 4 2 2 3 0 0 4 5 3 1 4 3 1 2 3 1 0 3 5 5 2 4 1 1 4 2 0 2
   5 1 5 3 2 2 3 4 1 3 0 3 2 1 5 4 1 1 3 3 1 1 4 0 1 0 2 3 1 3 0 4 1 5 5
   5 1 4 5 0 3 5 1 1 5 2]
  [0 2 0 3 2 0 5 3 1 4 2 1 3 0 4 4 2 1 5 4 3 3 0 4 5 2 3 5 4 2 0 5 1 0 0
   4 5 5 2 1 4 5 0 3 4 0 2 5 4 4 2 3 2 5 1 2 1 4 1 2 3 0 4 5 5 3 5 0 5 1
   4 3 1 1 4 3 3 1 3 0 5]
  [0 4 3 2 2 0 3 4 1 3 2 3 5 5 0 2 2 2 2 4 1 0 3 5 5 0 0 5 0 2 0 0 4 3 1
   5 5 1 3 1 5 5 1 4 4 2 4 5 0 3 2 3 5 5 3 4 5 1 1 0 3 5 1 0 0 3 5 3 0 5
   5 4 4 2 5 3 1 4 2 0 3]
  [0 5 2 0 0 3 0 2 0 4 5 0 0 3 2 0 1 1 3 3 3 2 1 3 5 3 1 2 0 2 5 5 0 4 1
   3 4 2 5 5 1 3 4 5 3 1 1 3 4 3 2 0 0 4 3 3 3 3 5 1 3 4 3 3 2 1 0 2 4 4
   3 2 2 0 2 1 0 2 4 2 3]
  [0 5 4 5 1 5 2 5 2 1 1 3 2 3 0 1 0 0 4 1 5 4 0 3 1 5 5 3 5 0 2 4 1 5 1
   0 0 4 0 4 1 5 2 2 2 2 2 2 2 2 3 1 4 3 0 5 2 1 5 5 1 4 4 0 1 0 4 4 3 1
   1 3 4 1 5 1 0 2 1 1 2]
  [0 1 5 5 2 2 1 3 4 5 0 3 2 4 2 4 0 0 1 5 3 0 1 1 4 4 2 1 3 3 3 1 3 3 3
   2 5 5 0 0 2 2 5 1 0 0 0 2 0 5 3 1 5 4 4 4 1 0 5 0 1 3 4 0 5 3 3 2 2 4
   3 3 4 0 1 2 2 1 2 5 5]
  [0 2 3 5 2 3 3 0 2 3 3 5 5 3 0 0 3 0 0 0 5 5 5 4 5 0 3 0 5 1 5 3 1 1 2
   4 3 0 4 5 0 5 0 0 5 0 1 2 2 1 1 1 0 2 0 5 0 1 0 2 4 0 1 2 2 3 1 5 3 2
   0 4 4 2 3 3 2 4 2 5 3]
  [0 4 0 4 3 0 0 2 5 2 1 0 4 5 3 4 3 3 3 0 2 2 2 2 5 2 4 1 3 0 5 0 3 3 4
   1 2 5 4 0 1 1 0 2 4 0 5 1 2 5 4 4 3 0 0 5 4 4 3 0 2 4 4 5 2 1 0 1 4 4
   0 5 1 0 5 4 4 5 4 4 5]
  [0 4 3 2 2 3 0 2 4 4 2 2 5 1 0 2 5 3 2 5 0 2 0 3 2 1 3 0 0 5 5 3 0 2 1
   2 1 4 5 3 3 3 3 1 5 4 0 4 4 3 4 1 0 3 5 1 0 4 1 0 5 5 5 2 1 0 0 0 0 4
   3 4 3 4 1 0 4 1 1 5 5]
  [0 4 1 5 4 3 4 0 2 4 0 0 0 3 5 3 4 5 2 5 1 0 1 1 2 4 4 0 0 1 4 5 0 0 1
   0 5 3 1 5 1 5 3 5 1 0 4 0 5 2 3 0 5 0 2 1 4 4 3 0 1 1 0 4 2 4 1 0 5 2
   0 0 5 0 1 0 4 1 4 1 5]
  [0 2 4 3 3 2 1 0 3 5 2 2 0 4 1 0 3 1 2 3 1 2 0 5 3 4 3 0 4 0 2 5 1 5 1
   0 3 1 5 1 1 1 2 5 5 2 3 3 2 4 3 3 5 4 2 3 2 2 0 3 0 3 5 4 1 2 0 1 4 1
   2 4 4 1 4 0 1 2 5 2 0]
  [0 0 1 5 1 3 3 2 3 4 0 1 4 2 4 1 0 5 2 1 5 3 1 0 0 3 5 1 5 4 0 0 4 4 2
   5 2 3 5 2 4 3 0 1 0 5 1 0 3 5 2 0 3 2 0 4 2 1 0 4 5 3 0 4 1 3 2 3 0 3
   0 3 4 1 2 1 3 5 3 0 1]
  [0 3 4 0 4 3 0 0 0 0 5 4 4 1 5 0 3 5 5 2 2 3 4 2 0 4 5 2 0 2 0 5 3 1 4
   0 4 4 1 3 5 3 3 2 5 3 4 2 2 0 4 4 5 0 0 5 2 1 5 5 1 5 4 0 0 1 4 3 4 1
   3 1 3 3 3 5 3 5 4 3 5]
  [0 1 2 5 5 5 5 0 5 0 3 3 1 5 0 5 3 3 1 0 3 3 3 3 4 0 0 2 2 3 4 2 5 5 4
   2 2 2 5 3 1 5 4 0 5 4 2 3 4 4 1 4 4 1 1 5 3 2 4 1 2 0 0 3 2 0 0 5 5 4
   0 0 0 5 1 4 2 3 5 1 0]
  [0 3 0 1 5 2 5 3 5 1 2 3 5 5 5 3 2 2 3 2 0 4 1 0 0 2 0 4 0 0 2 0 0 3 0
   4 1 1 1 4 2 5 3 5 1 0 1 5 1 5 3 2 4 3 2 5 0 3 4 1 5 4 1 2 5 5 3 2 5 2
   5 2 2 1 3 0 3 2 5 1 1]
  [0 1 0 1 2 3 1 0 3 1 2 1 0 0 3 4 1 4 1 2 2 0 1 1 3 5 1 0 3 0 2 0 1 1 5
   1 4 4 5 1 2 4 4 3 1 1 5 3 5 4 3 2 4 0 5 1 5 5 3 3 2 1 2 0 2 4 4 3 2 4
   1 3 4 0 2 3 1 5 0 1 5]
  [0 0 4 5 0 3 3 4 3 0 0 5 3 0 3 1 3 3 3 5 4 5 3 1 5 2 5 4 0 1 1 2 3 0 4
   0 5 5 1 4 5 3 1 1 2 2 5 5 0 2 2 1 1 4 1 5 5 5 5 1 2 3 5 0 5 5 4 5 1 3
   4 2 4 4 1 2 3 3 1 2 1]
  [0 3 4 5 2 0 5 1 5 5 5 4 4 5 2 2 0 2 4 3 1 5 3 2 4 1 3 4 2 0 1 5 2 4 0
   1 3 0 1 1 1 4 5 0 2 1 4 0 1 2 2 5 2 2 0 0 3 4 0 3 5 5 0 4 3 5 4 3 1 2
   4 5 5 3 4 4 1 0 0 1 0]
  [0 0 1 4 5 4 5 3 4 2 0 5 2 4 0 3 4 4 5 1 1 1 0 5 1 2 0 4 0 4 0 2 1 0 2
   5 2 4 1 1 1 4 0 3 3 2 0 5 4 3 0 4 2 2 5 2 5 3 4 2 0 5 5 5 5 4 3 5 4 4
   5 2 4 4 0 0 5 4 0 4 4]
  [0 4 3 4 3 4 4 0 2 5 3 2 2 0 5 3 5 1 1 3 5 1 3 3 5 0 1 3 2 1 2 0 1 5 2
   4 3 3 5 0 2 1 4 5 5 0 3 2 3 3 1 4 0 1 0 0 0 2 1 5 5 1 0 0 4 1 5 2 0 2
   0 0 5 1 3 5 0 2 4 1 3]
  [0 0 4 5 5 5 3 5 1 0 2 0 0 3 1 2 4 3 0 0 3 3 5 5 0 0 0 0 4 0 0 5 0 0 0
   0 1 4 1 1 1 1 5 5 5 4 0 2 4 5 2 1 1 4 3 2 3 5 4 4 5 5 3 5 1 3 0 5 0 5
   2 2 5 5 3 2 4 2 1 2 0]
  [0 4 3 0 4 2 0 3 4 2 1 4 2 2 2 3 1 0 3 4 4 5 5 3 5 0 0 0 4 4 4 2 3 0 1
   3 3 2 1 2 5 5 1 2 4 3 5 4 2 1 2 3 1 1 3 4 5 3 3 1 0 0 0 5 5 0 3 4 0 5
   3 5 5 3 3 5 1 1 4 0 4]
  [0 0 3 0 4 2 4 2 3 3 2 4 1 1 0 4 3 2 4 5 4 4 3 1 1 5 3 0 2 3 4 2 2 2 0
   5 5 4 0 5 2 1 5 5 2 4 3 1 4 5 5 5 0 5 5 1 4 1 1 5 2 1 3 1 2 2 2 0 0 5
   0 3 0 2 3 1 0 1 4 3 4]
  [0 4 5 1 1 0 3 4 2 3 5 1 5 0 1 3 5 2 4 0 1 1 5 1 1 3 5 5 5 3 5 5 3 3 5
   0 1 5 2 1 4 1 5 1 1 5 1 5 3 5 3 1 2 1 3 2 1 5 2 4 2 5 3 3 1 5 5 5 2 3
   2 2 3 1 1 0 4 0 4 1 1]
  [0 4 5 5 0 3 1 2 4 5 2 2 4 0 2 0 1 3 0 4 4 4 2 2 1 5 0 4 1 5 5 0 0 1 1
   3 0 2 4 0 2 3 1 1 0 2 1 5 3 2 2 5 2 3 4 3 2 3 3 0 4 1 3 2 5 0 4 1 2 1
   2 0 3 2 0 1 3 0 1 1 4]
  [0 4 0 4 3 4 1 3 3 4 3 2 1 0 5 0 0 4 4 3 3 2 4 1 5 1 1 0 5 4 3 0 5 0 1
   0 0 0 0 3 5 5 2 3 3 5 5 0 2 2 1 5 1 0 4 5 1 0 2 4 3 5 1 2 2 4 2 4 3 4
   5 1 4 5 0 5 2 4 0 0 0]
  [0 4 5 0 1 4 0 4 1 5 3 4 5 4 1 3 5 5 5 0 1 3 0 4 0 4 0 4 5 3 4 5 3 3 3
   5 3 2 0 2 4 2 2 2 2 4 1 2 4 0 4 4 1 1 3 0 1 2 1 5 3 0 3 5 5 4 5 0 1 3
   5 5 3 5 1 2 4 5 0 0 0]
  [0 4 3 0 5 0 4 5 5 3 4 2 1 2 3 0 0 2 2 2 4 4 2 5 1 1 5 0 4 4 0 2 3 4 4
   3 1 4 5 0 1 3 2 1 4 2 5 3 1 5 4 1 1 3 4 0 2 5 0 5 4 4 0 4 4 5 5 0 4 4
   2 2 2 5 2 1 1 1 1 4 4]
  [0 2 3 1 0 2 3 3 5 3 2 2 0 2 4 1 5 1 1 1 4 1 0 2 2 4 3 5 4 0 3 2 2 0 2
   5 0 4 3 0 0 1 2 3 3 2 0 1 2 4 3 3 0 3 3 2 1 2 4 4 3 3 3 0 3 4 5 4 2 1
   4 0 0 0 3 4 3 2 0 4 0]
  [0 1 3 1 0 0 4 4 5 1 0 1 3 5 4 3 2 0 3 1 5 0 5 2 4 5 3 0 3 0 0 1 3 3 4
   3 2 2 5 0 4 0 3 0 0 5 3 2 3 3 3 1 4 1 4 4 4 0 0 4 5 5 4 5 5 0 4 5 4 2
   5 1 0 3 4 2 5 4 1 0 0]
  [0 3 0 4 1 2 1 4 1 3 0 2 5 4 5 5 3 3 2 4 2 2 2 5 5 5 0 3 3 1 1 0 4 1 4
   1 4 3 0 4 3 4 0 3 1 4 3 3 3 5 0 3 4 1 4 3 5 4 3 4 4 5 0 1 3 0 3 2 3 3
   3 2 3 2 0 2 0 0 2 2 2]
  [0 4 0 5 4 0 5 4 0 0 3 1 4 3 2 4 2 3 3 4 3 0 5 4 2 5 5 5 0 5 0 2 0 4 1
   0 2 5 2 4 5 1 1 0 3 5 0 0 2 5 5 0 1 0 3 0 3 1 5 0 1 5 5 5 1 0 3 5 3 4
   2 2 0 5 2 5 0 1 1 1 3]
  [0 4 1 5 0 4 3 1 0 2 0 3 2 5 4 0 1 5 0 0 0 0 5 1 5 0 4 1 5 0 3 5 2 0 2
   1 4 4 1 1 0 3 1 5 0 2 1 5 4 5 1 1 3 2 2 2 2 1 4 1 0 3 2 4 5 1 0 1 4 0
   0 4 3 0 5 0 1 4 3 4 3]
  [0 1 3 0 4 4 0 2 3 3 2 3 3 1 3 3 0 0 4 0 0 0 4 1 2 2 3 3 4 2 4 4 5 1 0
   0 1 0 0 0 2 5 4 4 5 0 5 5 3 1 3 3 0 3 0 5 2 5 4 3 2 3 0 1 2 5 5 5 5 2
   5 3 4 2 1 5 3 3 5 3 1]
  [0 5 2 3 0 1 0 3 2 3 3 2 2 5 5 2 4 5 2 3 2 4 0 5 3 0 3 1 5 1 3 5 5 1 5
   0 3 1 5 5 4 3 2 1 1 1 0 0 5 5 2 5 0 0 5 5 2 3 1 1 1 3 0 1 4 3 3 5 4 3
   0 5 4 3 2 3 1 1 5 4 1]
  [0 2 4 1 4 2 0 4 0 2 3 0 5 3 1 5 4 0 5 1 2 5 5 3 0 3 0 5 3 0 0 5 0 2 2
   3 4 0 5 0 2 3 0 1 0 4 2 0 0 5 1 3 1 1 0 4 1 1 5 3 4 2 1 1 2 5 1 1 0 4
   0 1 2 0 3 3 0 2 1 4 1]
  [0 3 5 1 0 4 2 3 5 0 5 4 0 1 5 5 1 1 4 1 3 1 0 3 5 5 1 5 2 0 0 4 1 0 3
   1 4 1 2 2 3 2 0 1 2 4 1 5 0 3 1 0 0 3 4 4 3 0 2 3 0 4 0 5 4 1 2 0 4 0
   4 4 5 5 3 3 3 5 3 1 3]
  [0 4 4 1 0 1 5 2 2 4 1 0 1 2 4 5 1 4 4 5 1 3 0 2 0 3 3 1 4 3 5 0 2 1 4
   4 0 4 1 3 1 5 5 1 5 4 2 5 5 0 1 5 1 0 2 1 4 0 2 1 1 4 1 5 2 5 3 1 2 2
   1 1 3 2 5 2 4 0 2 1 1]
  [0 2 2 3 3 2 2 1 1 4 0 1 5 1 2 1 3 2 0 4 1 5 0 0 4 0 2 5 5 0 4 1 5 5 3
   0 5 4 2 5 4 2 5 4 4 1 5 1 2 4 0 5 5 5 1 4 0 0 0 2 4 0 2 0 3 4 2 3 2 4
   2 3 3 1 1 5 4 4 3 0 0]
  [0 0 2 1 5 1 1 1 4 1 5 4 4 5 0 3 2 1 2 1 5 1 0 3 2 4 1 2 3 2 0 2 0 3 4
   4 3 1 0 1 2 4 0 0 1 5 0 0 4 3 1 0 4 4 0 5 5 5 0 3 1 0 2 3 1 5 5 0 0 4
   2 0 2 5 4 4 4 0 1 3 3]
  [0 3 1 2 4 5 3 3 2 2 2 5 3 0 2 1 4 5 3 5 5 1 4 1 4 0 0 3 5 2 0 3 0 4 5
   0 1 0 5 5 4 5 4 0 3 3 4 4 3 1 3 4 0 1 5 4 2 4 2 4 3 0 1 4 5 4 0 4 0 3
   0 2 5 5 0 5 3 1 0 5 3]
  [0 4 2 0 0 3 3 2 2 4 2 5 3 0 0 0 4 5 2 1 5 1 5 0 1 4 2 4 4 3 4 3 1 0 1
   4 3 4 1 5 5 5 5 5 0 3 2 3 1 3 4 2 0 0 1 5 3 4 0 3 4 2 3 4 2 5 5 4 1 3
   1 4 1 4 0 3 4 4 3 3 4]
  [0 2 3 0 0 5 0 3 2 1 2 5 3 5 5 2 2 0 1 4 2 2 2 1 4 3 1 3 4 1 2 5 3 5 1
   1 5 2 2 2 2 5 4 1 4 4 0 1 3 4 2 4 1 1 0 4 0 2 3 2 5 4 3 5 3 5 1 4 2 4
   0 3 1 4 0 4 3 3 4 2 1]
  [0 5 4 2 4 1 3 2 3 1 2 1 4 2 4 5 1 2 4 0 5 1 2 0 2 3 2 3 3 4 4 3 3 1 1
   1 2 0 4 4 2 0 4 3 5 4 5 1 0 1 5 2 2 0 2 0 4 4 1 0 4 2 3 2 4 1 5 2 4 1
   1 3 1 2 0 1 3 3 3 4 0]
  [0 1 4 0 1 5 1 5 4 0 0 4 1 4 1 2 5 2 1 4 1 1 5 5 1 5 5 5 3 5 5 5 4 1 4
   2 3 0 4 3 5 4 4 5 3 0 5 5 5 5 0 3 2 2 5 0 0 1 2 5 2 1 5 1 5 1 2 2 0 2
   2 4 2 0 0 4 4 0 4 5 2]
  [0 4 0 5 3 4 1 0 2 1 5 3 0 2 4 2 2 1 5 1 0 3 0 3 4 1 1 1 3 3 0 5 2 2 0
   0 2 5 4 0 4 1 5 2 4 3 3 3 5 5 0 0 0 3 4 3 1 0 3 5 5 4 4 1 1 1 1 5 5 3
   1 4 2 3 1 3 1 1 3 5 1]
  [0 3 1 2 0 2 1 1 3 5 0 0 5 4 3 5 4 0 0 5 4 3 2 4 3 2 5 0 1 4 2 5 3 2 4
   3 4 5 3 2 0 4 1 0 3 3 0 4 4 1 3 5 1 4 3 2 3 4 0 1 5 3 2 4 0 3 3 5 2 3
   1 0 2 4 4 2 5 0 0 5 0]
  [0 1 5 5 4 4 5 2 1 1 0 4 5 2 4 3 4 0 3 4 1 5 5 1 1 2 4 1 4 0 0 1 4 1 5
   5 1 1 3 1 0 4 4 1 5 5 1 4 1 5 3 4 1 2 3 5 1 3 5 0 1 4 4 4 4 3 4 1 3 1
   4 1 0 2 1 4 2 2 4 1 1]
  [0 0 3 5 1 4 4 1 0 4 1 0 1 0 5 4 3 4 5 4 4 0 0 2 5 5 0 2 0 1 2 3 4 3 1
   5 0 4 2 5 2 0 4 2 3 2 2 5 3 1 4 2 0 1 3 3 5 2 4 4 0 0 3 4 2 5 1 3 3 4
   5 1 4 2 0 4 3 3 2 3 5]
  [0 0 4 5 1 1 0 5 3 1 3 4 1 2 2 4 0 4 3 2 3 0 2 4 5 2 0 5 5 2 2 2 3 1 0
   5 1 0 0 1 4 5 0 0 5 3 5 2 5 3 2 2 3 0 3 0 4 5 1 1 5 0 1 1 4 0 1 5 5 1
   5 5 3 0 4 1 1 2 2 3 1]
  [0 0 0 5 1 3 2 4 2 3 5 4 5 3 3 3 3 0 4 5 4 3 0 0 2 3 0 1 1 0 2 5 2 2 1
   3 1 4 0 2 0 5 1 4 4 4 4 5 0 1 3 4 0 4 4 3 3 1 4 3 0 1 0 0 2 5 5 1 4 1
   4 2 3 1 5 2 4 2 5 1 3]
  [0 1 2 3 2 3 2 1 1 4 2 0 0 3 4 4 2 3 4 3 2 1 5 2 1 2 1 3 1 1 4 0 0 4 1
   0 5 1 3 2 2 4 3 3 3 1 3 2 5 0 3 0 0 3 5 1 3 0 3 3 4 2 3 0 4 4 3 4 5 5
   4 0 4 0 5 0 2 4 3 2 1]
  [0 0 0 5 3 0 1 2 3 1 3 3 2 0 1 0 3 3 3 3 5 5 5 1 2 4 0 2 4 4 2 4 0 4 5
   4 5 4 3 3 3 3 4 0 0 0 5 0 2 4 0 1 3 4 0 2 3 3 0 0 3 3 1 4 0 1 1 3 4 4
   4 1 2 1 0 1 5 4 5 0 2]
  [0 1 2 1 1 2 3 2 4 1 3 0 0 1 5 5 5 3 2 1 2 5 1 4 0 5 4 3 4 1 1 1 1 4 0
   5 5 3 4 5 4 1 2 0 2 5 1 5 4 3 5 5 0 2 3 5 2 0 1 4 2 1 5 0 0 0 2 5 1 5
   5 5 2 3 3 4 5 5 0 2 1]
  [0 1 1 2 1 0 4 5 0 0 3 1 5 5 5 5 4 2 4 3 3 0 5 4 1 5 1 4 3 5 5 5 5 4 1
   3 2 1 4 1 0 2 5 0 4 2 2 0 5 3 2 3 0 2 1 1 5 5 2 3 0 0 0 1 0 4 0 5 4 5
   4 5 0 3 1 2 4 2 4 5 1]
  [0 2 5 5 1 1 5 2 2 2 1 0 3 3 1 4 3 2 0 5 0 4 1 5 4 2 0 2 4 4 3 5 1 3 1
   0 2 0 2 3 3 4 4 4 5 3 1 2 3 2 0 0 5 2 2 5 3 5 2 2 1 3 4 3 2 0 1 0 0 3
   2 1 1 1 5 0 1 3 5 3 5]
  [0 5 0 4 0 1 4 0 2 3 1 4 3 1 5 0 2 2 4 4 2 4 4 5 0 2 0 0 5 1 0 0 5 3 4
   3 2 4 4 3 5 0 1 0 3 4 5 2 3 2 2 2 1 2 5 3 5 4 0 0 2 1 1 4 1 2 3 2 0 5
   3 5 5 5 3 0 3 1 0 4 4]
  [0 1 2 4 5 1 0 2 2 0 1 5 3 4 2 1 2 0 2 3 2 3 0 3 0 2 4 5 3 1 4 3 0 3 1
   3 1 0 0 4 0 1 4 2 1 5 5 5 4 2 4 4 5 0 3 3 4 0 4 5 1 2 0 5 2 1 0 3 5 0
   3 5 0 0 2 1 4 1 2 3 0]
  [0 3 5 0 1 1 5 4 1 5 2 1 0 0 1 5 2 1 2 5 3 4 0 0 1 0 5 3 0 2 1 2 0 5 3
   1 2 3 5 2 5 0 5 2 3 5 2 1 2 3 0 3 1 3 1 0 4 5 3 5 2 2 2 4 2 0 4 3 4 4
   0 2 5 1 2 2 1 3 5 0 3]
  [0 2 2 1 2 0 5 5 5 1 0 0 3 5 1 3 1 1 0 0 4 0 2 4 1 2 0 0 4 4 4 2 2 2 4
   1 4 3 4 0 1 3 1 0 3 1 2 3 5 3 3 4 3 5 1 2 1 2 2 0 2 0 4 1 2 0 4 2 3 1
   2 0 5 3 4 0 2 1 2 4 3]
  [0 5 5 0 5 4 1 0 1 3 0 2 4 4 5 1 4 2 3 2 1 3 0 0 2 4 2 0 3 0 3 0 0 1 4
   1 0 3 1 2 3 0 4 0 3 2 0 3 4 2 4 1 1 0 4 3 0 3 4 5 5 3 0 5 4 1 3 1 1 5
   1 2 0 2 0 3 0 0 0 0 2]
  [0 2 3 2 5 1 2 1 5 4 0 0 4 3 5 1 2 0 4 3 2 0 4 5 1 4 0 1 5 1 3 3 0 2 0
   4 5 4 5 2 3 0 1 3 5 4 1 4 3 3 1 5 2 2 3 1 4 5 2 5 5 4 5 4 5 0 1 0 4 4
   4 2 1 0 2 1 5 1 5 5 5]
  [0 5 4 0 4 0 2 0 5 4 4 1 4 0 4 3 5 1 4 5 5 5 3 1 3 2 4 4 4 5 5 5 4 2 5
   1 1 1 2 2 0 3 3 2 0 1 1 5 4 3 3 1 5 0 2 3 3 5 3 2 3 3 4 1 4 1 0 4 3 4
   1 5 1 0 0 3 5 1 3 0 1]
  [0 4 1 0 3 0 0 3 0 3 4 5 2 3 5 4 2 4 5 2 1 4 3 3 5 0 3 3 0 2 1 1 3 4 4
   4 5 4 5 0 4 3 2 2 4 1 4 5 0 2 1 1 3 2 5 0 5 0 4 1 1 1 1 5 4 2 1 3 0 2
   2 3 1 0 1 0 2 5 2 3 5]
  [0 4 2 4 4 3 0 5 2 4 3 0 2 0 1 0 0 2 4 4 0 4 1 0 5 3 3 5 4 3 1 2 3 1 1
   0 3 3 0 1 4 4 3 0 2 0 5 1 0 3 2 1 0 4 5 3 3 2 5 5 0 2 5 5 2 1 1 3 0 3
   1 1 5 2 1 5 0 3 3 2 3]
  [0 4 5 0 3 3 2 2 1 1 1 3 2 0 3 2 5 4 5 4 0 4 5 4 2 5 1 2 2 3 0 2 0 4 0
   1 0 4 1 1 3 3 3 4 1 3 2 2 1 4 4 3 2 1 5 4 0 4 5 0 2 4 0 1 1 2 4 4 3 4
   5 3 1 4 4 4 2 0 3 0 3]
  [0 4 2 1 4 4 5 1 3 5 3 4 5 2 0 0 4 5 4 0 2 0 3 5 1 0 5 5 0 0 0 5 1 2 0
   3 3 2 5 4 2 2 3 2 5 2 5 0 2 2 4 3 0 4 3 2 2 4 0 3 4 2 5 0 1 5 5 3 1 0
   1 0 1 5 1 0 1 3 0 0 2]
  [0 1 0 3 1 4 0 3 3 1 5 2 2 5 4 2 0 4 1 2 5 5 4 3 0 3 1 4 0 0 0 0 2 2 1
   0 1 0 4 4 0 3 1 3 5 4 0 5 4 0 5 0 4 2 1 3 3 0 5 2 2 0 3 0 0 5 1 5 4 3
   1 4 2 2 0 2 0 1 0 0 5]
  [0 0 0 1 1 3 3 2 5 2 1 4 5 2 3 3 3 4 4 2 2 1 2 5 1 5 2 1 4 5 0 1 3 0 2
   4 5 0 5 5 3 0 2 1 3 4 5 2 4 3 4 5 4 3 5 1 1 0 1 1 3 0 4 3 0 4 0 4 2 3
   1 0 3 3 2 3 3 4 5 0 0]]

 [[0 1 2 0 4 0 1 3 1 5 4 5 1 2 5 1 0 4 3 4 2 3 2 3 2 4 4 4 0 0 0 0 3 0 5
   2 1 5 3 1 0 2 1 2 4 3 2 2 1 0 2 5 1 3 2 2 1 2 2 0 4 4 2 0 0 5 1 5 3 5
   3 4 1 0 4 2 2 1 3 4 4]
  [0 0 2 3 1 3 4 2 1 4 3 1 1 1 5 0 4 1 4 1 1 0 2 1 4 0 3 2 3 5 3 4 5 3 4
   1 5 1 2 0 3 3 2 4 1 4 2 3 0 3 5 4 4 4 0 1 0 2 2 2 5 5 1 0 5 3 0 3 4 3
   0 1 4 1 2 3 0 4 1 0 4]
  [0 3 0 2 5 0 0 3 3 1 3 4 1 1 2 5 1 4 4 2 0 2 5 1 2 3 0 5 1 5 3 5 2 3 0
   2 4 1 2 4 0 1 5 5 5 4 2 1 4 4 4 3 1 2 1 0 2 3 0 0 1 3 3 4 2 5 2 5 5 3
   3 4 4 3 5 5 4 2 3 3 1]
  [0 5 2 0 3 3 5 2 0 2 1 2 3 2 5 5 0 3 2 2 5 0 2 4 1 3 2 1 3 4 2 4 0 4 2
   4 1 2 1 1 1 2 3 1 3 5 1 0 4 1 0 2 2 1 4 4 5 2 5 4 3 4 1 1 4 2 2 4 3 0
   5 3 0 5 3 1 2 4 3 5 1]
  [0 0 0 2 0 2 1 2 3 1 1 0 0 4 4 5 4 0 4 5 3 5 0 4 4 1 5 1 2 2 0 1 5 1 2
   0 5 3 4 1 2 4 1 1 1 3 3 2 5 1 0 1 0 0 4 2 2 4 3 4 2 4 3 2 3 5 1 5 3 1
   2 5 2 2 0 4 1 2 5 3 0]
  [0 5 0 5 2 0 5 2 2 3 5 1 5 0 2 0 4 5 0 2 1 0 1 0 4 4 0 3 1 1 0 4 4 0 0
   3 5 4 0 5 0 2 0 0 1 3 5 1 3 2 0 4 4 3 4 5 3 5 2 5 1 4 4 2 3 2 4 2 2 3
   1 2 5 5 0 1 3 4 5 3 4]
  [0 1 1 2 0 1 0 4 2 0 1 4 0 4 5 0 2 4 5 4 1 2 1 4 4 0 3 0 5 3 1 4 1 3 0
   2 5 5 0 3 2 4 4 3 3 4 1 0 2 3 5 4 3 1 5 2 5 4 1 3 3 5 1 4 0 5 4 4 5 3
   1 0 5 3 4 3 4 1 0 5 4]
  [0 0 5 2 3 1 5 0 1 0 2 1 2 2 5 4 0 4 4 0 5 2 3 0 2 3 2 0 5 1 2 5 2 2 5
   3 1 5 4 1 4 4 0 5 3 5 1 4 4 3 0 4 1 1 5 0 4 0 4 4 1 4 4 4 3 3 1 0 1 4
   3 0 3 0 1 0 4 2 2 5 1]
  [0 5 3 5 3 4 3 4 0 3 5 1 5 2 0 4 5 0 1 3 2 3 1 3 4 2 0 5 0 3 2 3 1 4 3
   3 1 1 2 1 2 5 0 3 2 5 4 4 1 3 1 3 1 4 0 2 5 5 4 5 1 4 5 0 3 3 1 5 0 3
   2 1 4 2 2 5 0 4 4 5 5]
  [0 4 0 4 2 0 1 1 3 0 1 1 4 0 0 4 0 2 3 5 3 0 3 1 1 2 5 2 4 5 4 5 5 2 5
   5 2 4 0 1 0 0 2 2 0 0 5 3 2 1 4 1 0 0 4 5 2 5 1 0 1 4 0 4 2 3 4 5 5 2
   1 2 0 5 4 1 4 4 2 2 1]
  [0 4 2 5 1 4 5 4 4 1 0 0 5 3 0 1 0 0 2 2 0 5 2 3 5 3 0 5 1 3 0 0 2 5 0
   1 0 2 0 2 4 3 1 3 0 0 1 3 1 4 5 0 4 4 0 3 1 4 5 2 3 4 5 4 3 5 4 5 4 4
   5 5 5 1 1 3 0 1 3 1 0]
  [0 3 3 3 3 3 2 4 4 2 4 0 5 3 0 2 1 1 2 1 3 0 0 3 4 2 4 5 3 5 3 0 5 5 3
   3 1 3 5 2 1 4 5 0 2 2 0 3 5 4 2 5 4 4 0 4 2 3 1 1 0 2 4 0 3 4 2 5 4 5
   0 0 4 2 2 2 5 4 1 4 2]
  [0 4 4 2 3 4 3 1 1 4 5 2 0 5 2 5 2 0 1 4 4 0 5 2 5 2 5 1 2 1 3 2 1 4 4
   2 4 3 3 3 0 0 5 3 1 3 2 4 4 0 2 4 1 5 1 4 5 4 3 4 0 2 5 0 5 4 1 4 1 0
   5 1 1 4 4 0 2 3 2 0 5]
  [0 3 3 5 1 3 5 5 3 4 1 1 2 0 4 2 0 3 2 5 5 1 3 0 5 0 2 0 1 0 4 1 3 5 3
   3 3 3 3 1 1 2 4 1 0 2 4 2 1 1 3 2 0 5 1 3 0 2 1 2 3 0 0 5 5 4 2 3 2 0
   3 1 5 5 5 1 0 3 3 5 1]
  [0 4 3 2 5 5 2 2 1 2 2 1 0 0 0 1 5 1 1 0 2 0 2 0 0 4 0 1 3 5 1 0 3 3 2
   3 1 1 5 1 0 1 1 2 4 3 0 4 5 3 5 4 2 5 3 2 1 1 3 0 5 4 2 1 0 2 5 0 4 4
   4 1 5 0 3 3 5 2 0 3 2]
  [0 5 1 0 2 5 0 3 4 5 3 1 1 2 3 0 2 5 1 1 1 3 4 4 5 2 4 0 2 5 0 0 1 1 4
   1 1 4 2 3 1 0 4 4 5 3 1 1 5 4 3 0 4 4 1 4 4 3 5 2 3 1 5 1 0 0 5 5 5 2
   4 4 1 1 0 2 3 1 3 1 5]
  [0 2 5 0 4 5 5 2 4 0 4 1 4 5 5 4 0 5 2 1 0 4 4 1 3 2 1 2 1 0 1 2 0 4 0
   4 2 2 1 2 1 0 4 2 4 4 1 1 2 5 5 0 0 3 5 1 1 2 4 4 5 5 4 2 3 0 4 0 4 0
   1 5 3 2 3 5 2 3 1 1 4]
  [0 3 5 1 4 2 1 4 2 0 4 0 0 3 5 5 0 0 4 3 0 4 2 3 4 1 4 2 4 4 5 1 4 1 4
   3 2 5 4 3 2 1 5 2 0 3 0 5 1 5 2 1 3 0 4 3 4 5 2 0 2 5 1 2 3 2 0 0 4 5
   0 1 1 0 1 0 5 1 2 2 0]
  [0 1 0 5 4 3 3 5 5 3 5 2 0 3 0 1 4 4 0 3 5 5 0 0 0 3 2 4 4 5 4 4 3 4 0
   2 2 4 1 4 4 3 4 2 5 1 1 1 4 5 2 3 4 1 3 4 1 3 0 4 2 3 3 3 3 3 4 1 5 5
   0 5 0 1 2 0 5 5 1 3 0]
  [0 5 5 3 3 4 0 2 2 4 5 4 5 4 3 1 5 4 4 0 2 3 5 3 1 0 1 5 3 5 1 4 5 0 5
   3 1 3 3 2 4 2 0 5 3 2 5 0 0 1 5 5 2 5 5 4 0 3 5 1 5 4 3 5 0 4 5 0 1 3
   1 5 0 2 5 0 4 5 5 3 4]
  [0 0 5 5 5 2 3 4 5 1 3 5 2 0 0 4 2 2 3 4 0 4 1 2 4 1 4 3 5 1 1 1 4 0 5
   5 2 5 5 3 3 3 5 0 2 4 5 1 1 0 2 1 3 0 4 1 4 5 3 2 4 3 3 1 5 2 2 1 4 2
   4 1 4 0 5 4 4 2 5 5 4]
  [0 5 0 2 0 3 3 3 5 0 5 4 1 0 0 1 0 1 5 3 1 0 1 0 2 1 3 1 2 5 2 2 0 0 2
   0 3 3 5 5 4 5 0 3 3 1 1 1 5 0 4 3 0 3 4 4 2 5 1 3 5 0 3 3 2 2 4 2 5 3
   2 0 0 1 2 3 1 2 5 5 5]
  [0 1 4 1 2 1 4 0 1 4 3 4 3 3 5 3 4 1 1 3 0 1 0 3 1 2 0 4 3 3 0 3 2 5 4
   4 3 3 3 2 0 5 5 3 4 5 2 2 4 2 3 5 0 5 1 4 2 1 5 3 5 0 0 3 5 0 4 2 0 0
   5 0 5 3 2 5 0 0 5 5 4]
  [0 3 4 5 3 3 1 5 3 2 4 0 2 4 0 2 0 5 2 1 2 3 3 0 0 0 1 3 2 1 1 2 1 0 4
   5 1 1 0 1 1 0 5 4 2 2 5 0 3 0 5 1 5 5 2 4 2 0 5 5 1 0 3 0 4 1 4 0 5 1
   0 1 4 3 5 4 4 1 5 3 4]
  [0 1 1 4 0 3 5 3 5 3 0 4 2 5 1 1 0 4 4 3 3 1 5 1 0 3 0 2 4 2 2 5 0 1 4
   5 4 2 2 3 2 0 4 2 0 0 5 1 3 2 2 2 1 0 3 3 3 0 4 5 3 3 4 1 1 2 5 5 0 1
   4 5 1 2 5 2 4 4 4 5 5]
  [0 2 4 1 2 4 5 4 1 1 2 2 3 0 4 2 2 3 2 5 4 2 0 3 2 0 2 5 4 1 5 2 0 3 2
   3 1 0 4 5 1 2 5 2 4 3 4 2 4 1 5 4 0 3 3 3 2 4 2 3 5 0 3 5 3 3 2 5 3 0
   3 0 3 1 3 5 4 1 3 1 3]
  [0 0 5 0 4 2 0 4 0 4 5 3 3 1 4 0 4 5 4 0 4 4 5 1 2 2 0 2 5 1 4 5 3 5 1
   1 2 4 5 0 4 5 3 5 4 2 3 3 5 4 3 4 1 1 4 2 0 2 0 3 0 2 5 4 2 0 1 4 5 2
   5 1 1 0 1 0 1 4 0 1 1]
  [0 2 1 0 2 0 3 2 0 4 4 5 2 4 3 3 2 5 4 2 3 3 1 0 3 1 2 0 5 0 3 2 5 4 0
   4 1 2 2 4 4 4 1 2 4 1 0 0 1 3 1 2 1 4 2 4 1 5 0 1 3 4 3 4 0 2 0 4 1 1
   2 3 4 5 1 0 4 4 0 5 4]
  [0 1 3 2 5 2 1 2 0 5 1 1 4 4 4 5 0 0 4 1 5 3 1 3 5 0 0 1 0 1 2 3 0 0 0
   1 1 3 0 4 1 5 3 2 1 0 4 1 2 2 1 1 2 0 3 1 1 4 5 5 3 4 0 4 4 5 5 2 2 2
   3 2 3 2 3 4 0 0 2 2 0]
  [0 1 2 5 2 4 5 4 1 4 2 3 0 5 5 5 4 4 2 0 1 2 2 4 2 5 3 4 0 0 0 1 0 0 1
   2 2 0 4 3 3 5 1 1 2 2 3 5 3 5 1 4 3 3 0 0 4 2 1 0 3 3 2 2 4 4 3 4 4 4
   3 0 2 2 1 0 2 5 5 5 1]
  [0 1 5 0 5 5 4 2 0 5 5 1 4 2 0 4 1 2 3 4 1 5 4 5 0 5 3 5 1 1 0 2 1 5 5
   4 3 4 4 1 1 5 3 1 1 3 2 3 4 5 3 5 2 0 0 1 5 1 1 5 3 1 2 5 4 3 4 2 0 5
   3 3 2 5 4 4 1 3 2 2 0]
  [0 5 4 5 1 0 4 4 3 5 3 2 3 5 5 0 5 5 0 2 5 2 4 0 0 3 4 4 0 1 4 0 0 5 4
   0 4 1 3 5 1 4 0 4 1 0 2 0 3 1 3 1 0 4 0 2 2 2 2 2 4 3 4 0 3 5 3 1 1 3
   4 0 4 0 0 0 5 5 5 3 3]
  [0 1 5 2 4 3 5 2 5 3 4 1 2 0 4 0 2 1 5 1 4 2 1 0 1 5 1 0 2 0 1 4 0 5 5
   3 2 4 3 0 5 1 4 1 1 0 4 4 0 3 5 3 1 4 2 1 1 0 2 3 0 2 4 3 5 4 5 4 2 5
   1 5 4 4 0 2 2 3 3 4 1]
  [0 0 3 3 4 0 2 0 0 4 1 1 4 5 4 3 3 0 4 3 4 4 3 3 1 4 3 5 1 2 3 0 4 0 1
   0 4 1 5 4 5 2 2 1 2 1 2 5 0 1 2 0 2 2 0 0 5 2 1 5 0 1 2 5 4 2 2 2 3 4
   4 4 0 1 5 5 3 4 5 4 4]
  [0 4 3 5 2 4 1 5 5 3 2 1 0 5 4 0 0 1 5 4 2 5 0 3 5 3 3 0 0 2 5 2 1 2 0
   2 2 2 0 2 1 2 1 5 2 2 3 5 5 2 0 0 0 0 4 4 4 0 5 1 4 2 4 2 5 0 5 2 2 5
   3 5 0 5 4 0 3 2 4 1 2]
  [0 2 5 5 2 0 0 2 1 0 0 5 1 5 3 3 5 1 1 5 0 4 5 2 2 3 2 2 1 3 5 0 1 5 0
   0 5 2 3 0 4 5 0 4 3 0 2 1 0 0 4 5 3 4 2 3 4 5 1 5 2 1 3 3 0 1 5 1 4 4
   2 5 1 1 1 1 3 2 2 3 0]
  [0 1 0 4 3 4 3 1 3 4 4 0 5 3 0 3 3 1 4 1 0 5 2 2 3 4 0 0 5 1 0 3 4 3 5
   1 0 5 1 2 5 0 0 2 0 1 3 4 0 4 3 1 3 4 0 3 0 5 1 4 1 4 5 1 0 1 5 1 0 5
   3 5 2 5 2 3 4 4 1 4 2]
  [0 0 2 4 2 3 0 4 1 1 0 5 4 5 3 2 5 5 4 5 2 0 5 3 3 4 5 3 2 1 3 0 4 2 0
   0 0 0 2 0 2 5 5 2 4 2 2 5 5 1 2 2 1 4 5 2 1 2 2 3 3 3 2 0 2 3 0 3 5 0
   5 2 1 5 5 4 4 0 0 5 4]
  [0 1 1 4 5 1 4 2 1 5 5 1 3 4 3 3 4 0 1 3 3 5 2 0 4 5 2 4 2 3 1 0 0 2 2
   1 2 1 0 2 4 5 2 3 2 1 3 0 3 5 0 1 5 1 0 2 3 0 3 1 0 4 1 3 3 4 5 5 3 0
   0 3 5 4 5 5 3 1 3 5 1]
  [0 2 4 4 0 5 1 4 1 2 2 5 5 3 1 3 2 0 4 1 1 4 1 0 0 5 3 1 5 2 3 1 2 3 4
   3 1 1 2 0 3 5 0 5 2 1 5 5 1 1 3 5 5 5 3 1 2 1 3 3 5 0 2 2 3 0 1 3 5 2
   5 0 0 5 2 0 5 0 4 5 0]
  [0 1 0 1 3 2 2 4 3 5 1 0 1 5 2 1 2 0 0 1 3 5 0 3 0 4 5 1 5 1 1 4 3 1 5
   5 4 5 0 0 0 3 4 1 4 1 0 3 5 2 2 0 3 3 2 4 4 1 4 5 0 2 3 4 4 1 5 1 0 0
   1 0 4 4 3 0 3 5 1 4 0]
  [0 4 1 2 4 3 2 4 4 5 0 1 0 4 3 0 2 4 4 4 2 2 1 2 5 1 2 2 1 0 0 2 2 3 3
   5 3 0 1 0 3 0 5 4 5 1 5 3 4 3 5 0 5 4 1 1 4 1 5 1 5 3 3 5 1 2 1 1 2 0
   4 3 0 0 1 3 2 2 0 4 0]
  [0 5 5 1 1 5 2 0 0 2 0 4 1 1 2 0 3 2 1 3 2 2 3 4 5 4 3 2 1 3 3 3 0 2 3
   0 3 0 1 2 1 1 0 4 3 3 1 0 2 3 4 3 2 1 2 0 3 5 0 5 5 2 1 5 3 2 4 2 2 1
   1 5 3 2 4 0 3 4 3 3 2]
  [0 4 4 1 1 2 3 4 0 0 0 3 1 5 0 5 3 4 4 1 0 0 4 5 5 5 4 1 1 3 3 1 2 4 3
   4 5 0 3 5 0 3 4 0 3 5 4 0 2 5 4 2 3 0 5 3 0 2 2 2 4 5 1 1 0 1 0 2 2 3
   4 0 2 2 0 0 1 5 0 2 4]
  [0 2 2 4 5 4 4 2 1 1 0 0 5 4 1 2 5 5 5 0 5 3 2 5 4 0 1 1 4 0 0 3 2 1 1
   0 2 4 2 4 1 5 1 4 0 5 4 3 1 4 2 4 5 3 1 5 1 3 2 3 3 2 2 4 4 4 2 4 1 2
   4 5 3 1 1 4 1 4 4 2 5]
  [0 2 1 5 5 1 4 0 2 0 1 4 0 1 0 2 2 1 2 3 0 3 2 5 3 2 3 4 2 1 0 4 1 1 1
   4 0 4 2 3 2 1 0 0 3 0 5 3 2 1 5 0 5 2 4 0 1 1 5 3 2 5 1 0 2 3 4 4 3 4
   1 1 5 0 2 2 0 0 1 5 2]
  [0 2 5 4 1 2 1 4 5 2 3 3 1 3 2 5 3 5 2 0 5 1 2 1 1 2 0 1 0 0 5 0 4 2 1
   4 1 5 2 1 5 4 0 1 0 5 0 0 4 0 4 1 0 5 2 0 3 2 5 5 5 5 4 1 2 4 1 4 4 3
   2 0 5 1 0 2 0 3 4 4 4]
  [0 4 2 3 2 5 3 1 2 3 4 2 3 4 5 0 2 0 2 4 2 1 1 2 4 4 2 1 1 2 2 2 3 2 5
   3 2 4 1 3 1 1 5 1 4 1 1 0 1 5 0 1 0 2 4 0 2 5 1 1 5 1 1 5 5 1 0 3 0 0
   3 0 2 0 2 0 5 2 0 0 0]
  [0 1 2 2 0 5 3 1 5 4 3 2 4 0 2 2 5 5 1 5 4 5 0 3 1 3 0 2 5 2 4 0 0 5 5
   2 3 5 0 0 2 0 2 4 0 1 1 1 0 3 3 2 4 5 2 3 3 4 1 1 3 2 3 5 1 3 1 0 0 5
   2 0 0 2 3 1 1 5 3 4 0]
  [0 4 1 3 0 1 4 2 1 1 1 0 1 1 5 2 3 4 1 0 1 2 3 5 0 4 2 4 0 3 2 3 1 1 3
   2 4 3 4 2 3 1 3 3 1 5 1 2 0 0 1 3 4 3 3 4 3 5 1 1 3 2 4 1 4 0 3 3 5 3
   2 1 4 4 0 3 3 4 2 5 4]
  [0 5 1 2 2 0 3 1 4 4 2 2 3 2 1 5 2 2 1 0 5 4 3 5 5 3 4 3 3 1 2 3 3 3 5
   0 2 1 1 3 2 2 3 1 4 0 3 4 0 2 0 1 0 3 2 4 4 2 2 2 5 1 3 2 3 0 1 4 3 1
   0 1 2 5 1 5 4 2 4 4 4]
  [0 4 4 3 4 5 4 0 5 2 0 4 4 5 1 0 0 3 0 2 4 3 4 4 0 4 4 4 5 2 1 5 4 5 0
   1 5 2 4 3 3 4 2 5 1 2 3 4 4 4 2 0 2 5 1 2 3 2 5 5 3 0 5 4 0 5 3 2 4 2
   2 3 3 0 2 1 0 5 5 3 4]
  [0 1 4 1 0 5 1 0 5 1 0 0 4 3 2 1 2 5 3 2 2 2 5 5 5 2 5 3 5 3 3 3 0 2 2
   3 1 1 0 3 5 2 5 2 2 0 5 1 5 1 0 3 0 2 4 1 4 5 3 0 0 5 5 1 0 5 5 2 3 1
   4 0 2 2 1 1 1 3 1 1 1]
  [0 2 4 4 2 5 0 3 3 4 2 0 2 4 1 1 0 1 1 5 1 4 0 2 3 2 0 1 0 0 5 2 4 0 4
   1 5 4 3 4 5 3 3 4 5 4 0 0 1 4 0 5 4 0 4 3 2 1 1 2 0 3 4 4 3 0 0 2 4 2
   0 4 0 0 1 1 0 4 5 4 2]
  [0 2 1 2 1 0 3 1 1 5 0 4 4 2 2 2 0 4 0 4 5 2 3 0 3 0 1 4 1 2 5 4 3 3 5
   3 4 0 4 4 1 4 0 5 2 3 1 5 1 3 3 0 3 3 0 0 3 2 2 0 5 4 0 4 4 0 2 3 3 4
   0 2 1 4 2 4 0 2 1 0 4]
  [0 3 3 2 0 3 4 3 0 0 1 3 1 3 3 1 4 2 4 5 5 4 0 2 5 4 1 3 1 3 3 5 1 3 5
   5 4 1 0 4 2 0 4 5 3 3 2 0 2 1 1 5 3 2 1 0 4 4 2 4 4 0 2 3 4 0 5 3 2 2
   1 0 4 0 3 4 1 4 5 0 1]
  [0 0 1 0 0 4 5 3 2 4 2 4 2 0 3 5 3 1 5 5 2 4 3 4 0 0 2 0 3 4 1 3 1 0 3
   2 3 2 1 5 5 5 5 1 1 0 5 0 4 4 0 2 0 5 0 0 0 3 2 0 3 4 4 4 4 1 3 1 1 4
   0 4 4 4 0 0 1 5 5 3 1]
  [0 1 0 5 1 1 1 1 5 0 5 2 1 3 1 0 5 0 3 0 4 0 0 1 0 2 1 3 0 2 0 2 3 3 5
   1 4 2 4 2 3 1 3 1 2 3 4 3 0 0 3 4 3 4 2 3 0 0 4 2 0 2 0 1 4 1 2 5 0 0
   5 5 4 2 1 2 2 3 0 2 0]
  [0 3 0 5 3 0 1 1 4 2 4 4 0 3 3 0 2 5 0 5 0 5 5 2 4 4 5 0 0 3 2 3 2 5 1
   2 1 4 4 5 2 4 0 5 5 0 1 3 1 2 1 2 3 1 1 1 4 5 0 3 3 2 0 3 1 3 4 2 1 5
   2 3 3 3 2 2 3 1 3 1 4]
  [0 5 3 0 2 2 5 1 2 3 1 2 4 3 4 4 3 0 4 2 2 5 3 3 1 5 4 4 4 2 3 0 5 5 3
   2 4 2 2 5 2 1 2 4 0 4 3 0 1 0 4 4 1 0 2 2 0 1 1 0 2 2 5 3 1 3 0 2 0 1
   2 0 4 1 0 5 1 1 5 0 1]
  [0 3 4 0 2 3 0 4 0 5 1 0 5 5 2 4 5 2 3 3 0 2 0 3 5 4 3 4 3 0 1 0 4 4 5
   5 0 0 2 3 4 0 4 3 1 1 3 4 0 3 5 4 1 3 1 1 0 5 4 3 0 1 4 4 3 1 4 4 5 1
   0 0 2 0 0 1 0 4 4 5 2]
  [0 5 0 0 3 4 5 3 2 2 2 4 2 5 2 3 3 3 3 2 0 5 4 2 1 2 0 3 2 2 5 2 2 5 1
   4 1 0 0 4 4 4 2 2 2 0 4 1 1 1 0 3 3 3 1 4 3 2 1 2 5 0 3 0 4 3 1 1 5 5
   4 4 4 1 4 5 4 0 0 1 0]
  [0 0 3 4 1 3 0 4 2 1 5 4 4 3 1 5 5 5 2 5 0 3 4 5 5 2 5 5 3 2 0 4 1 3 3
   2 5 3 1 0 5 1 5 0 1 2 4 0 3 4 1 3 4 0 4 3 2 1 2 3 5 0 0 0 1 0 0 4 4 5
   5 1 4 0 4 4 5 3 3 0 5]
  [0 2 4 1 3 0 4 0 0 4 3 0 4 1 4 5 2 3 0 5 0 5 4 0 3 0 3 1 2 0 3 2 2 0 4
   0 2 3 1 3 3 4 2 3 1 4 3 2 1 5 3 5 1 0 0 3 0 2 1 4 5 5 0 0 4 3 2 3 3 2
   4 0 2 0 3 1 0 5 0 5 1]
  [0 1 4 3 0 5 3 2 2 5 1 5 5 0 4 1 2 0 1 2 2 4 1 5 3 0 3 5 2 0 0 2 0 1 3
   2 4 4 4 5 4 3 1 1 4 0 0 0 0 4 2 1 4 3 5 2 2 3 0 5 2 5 2 3 0 1 5 4 0 4
   4 2 5 3 0 4 3 0 2 4 5]
  [0 3 2 5 1 4 3 2 5 1 5 1 3 2 2 1 0 3 4 1 5 2 4 4 5 3 2 1 1 1 0 4 2 4 0
   1 2 5 0 0 0 1 5 1 0 4 0 4 2 5 3 1 1 0 0 3 2 3 5 3 2 1 5 3 5 0 3 5 0 5
   4 5 5 4 4 0 0 3 0 0 0]
  [0 4 2 4 5 3 3 4 4 1 0 5 0 4 4 3 5 4 3 5 0 3 0 4 1 3 1 1 2 2 3 1 5 3 5
   5 4 0 0 2 1 2 0 1 3 4 3 5 2 1 2 4 5 2 4 2 4 0 2 2 5 0 1 5 5 3 0 4 5 4
   3 5 5 0 5 3 2 3 1 5 2]
  [0 5 4 3 4 0 0 2 3 3 5 3 5 3 1 4 0 1 0 0 2 0 4 4 0 4 3 2 4 3 0 5 0 0 0
   0 2 0 5 4 5 2 3 2 2 4 2 5 4 0 1 4 4 2 1 5 3 1 2 3 2 5 2 2 2 2 5 0 5 4
   0 2 2 1 3 5 3 0 3 0 0]
  [0 0 3 3 2 5 4 5 4 4 3 3 3 5 1 4 0 4 5 2 2 5 0 2 2 2 1 4 0 0 0 0 5 0 2
   0 3 0 4 1 4 3 2 3 2 0 5 5 3 3 4 0 4 5 2 5 3 3 1 1 1 2 4 0 1 5 2 4 0 1
   3 3 2 0 1 2 2 3 0 3 5]
  [0 2 0 0 3 2 4 1 1 2 5 1 2 1 0 1 1 1 2 0 4 0 3 4 5 1 2 5 1 3 0 5 4 3 0
   4 0 4 2 3 0 5 1 4 1 1 1 5 1 0 2 5 3 3 2 2 3 2 2 3 5 5 0 5 4 3 4 5 4 0
   0 0 3 3 4 5 1 2 4 3 3]
  [0 4 5 3 1 4 5 4 3 4 2 2 3 0 2 1 0 0 3 4 5 0 3 5 0 2 1 2 5 0 1 4 5 4 3
   1 1 2 4 1 2 0 4 0 2 2 0 0 4 3 1 2 3 0 5 0 3 5 2 5 0 1 5 4 1 0 4 0 1 0
   0 1 4 4 5 0 0 2 3 4 5]
  [0 0 0 3 1 5 2 5 0 5 1 0 1 1 2 2 3 2 0 3 0 5 5 5 5 5 2 0 2 2 3 0 5 2 0
   1 1 5 4 4 5 3 5 4 5 3 5 0 2 3 3 2 5 1 5 0 5 2 2 4 0 5 4 2 2 3 3 3 4 0
   2 0 3 3 2 1 3 1 5 0 1]
  [0 0 5 5 3 3 4 3 1 2 1 2 3 4 3 2 5 4 4 2 1 0 5 4 4 2 4 3 3 0 1 1 4 3 3
   5 4 2 0 4 2 0 3 2 1 1 2 5 0 5 0 3 5 4 0 0 3 1 0 2 2 5 3 0 0 0 1 5 3 5
   5 2 0 4 5 4 5 3 2 0 4]
  [0 2 4 5 1 2 3 3 5 3 4 4 1 2 0 4 5 0 3 5 1 2 4 2 3 3 4 2 0 2 2 0 2 1 3
   1 5 5 5 0 1 5 4 2 3 2 0 1 0 5 0 3 2 3 2 1 5 1 2 5 3 3 3 0 1 4 0 1 3 5
   5 0 4 0 4 2 0 3 1 2 0]
  [0 3 0 1 2 2 0 0 5 2 0 2 4 0 2 1 5 4 5 1 5 1 5 2 5 1 0 2 0 2 0 1 3 0 2
   5 3 4 1 0 1 3 3 2 1 4 1 0 5 3 5 2 2 5 2 0 0 0 4 0 0 5 1 1 2 0 2 3 1 0
   5 1 4 2 0 1 5 0 5 0 3]
  [0 4 1 4 5 0 0 0 3 2 1 4 2 5 2 3 1 3 1 3 2 5 2 4 2 3 5 4 5 4 3 5 2 1 0
   4 5 5 4 2 0 4 5 3 3 5 1 2 0 3 1 5 0 5 0 0 1 5 1 3 1 2 3 1 2 1 4 0 1 5
   5 5 5 4 3 0 3 0 1 3 0]
  [0 5 3 4 0 3 3 1 5 1 5 0 1 5 0 2 4 4 0 5 2 2 0 2 2 1 4 0 5 0 3 1 3 4 5
   0 5 4 3 3 1 4 2 2 3 4 0 1 2 3 1 1 0 4 4 0 4 3 0 0 2 2 2 3 4 4 4 2 0 3
   5 4 2 3 0 4 0 5 5 3 5]
  [0 2 1 4 0 0 4 2 2 4 5 2 1 0 4 4 0 4 1 2 1 4 1 4 2 4 4 4 5 3 3 3 5 5 3
   1 0 1 3 3 1 2 0 2 5 0 2 4 3 1 5 5 3 3 0 1 0 0 3 4 2 2 3 1 3 4 0 3 3 4
   1 3 3 3 3 3 1 0 3 2 3]
  [0 1 1 4 3 3 4 2 0 2 1 2 0 5 2 2 4 2 0 5 0 3 1 2 2 5 1 4 3 1 5 3 3 0 0
   5 1 2 3 0 5 5 4 2 3 4 2 3 2 4 3 5 0 2 0 5 2 5 0 4 1 5 0 4 1 1 4 1 3 3
   2 1 0 3 3 3 0 5 0 3 4]
  [0 1 5 0 2 1 3 0 3 0 4 5 2 3 3 0 1 2 0 1 4 0 3 0 4 3 5 5 5 0 2 5 4 4 2
   3 1 3 5 5 3 3 0 2 4 0 5 0 0 2 3 3 4 3 1 0 1 2 0 0 0 0 5 1 4 4 0 3 2 2
   5 3 3 2 4 3 5 5 1 0 1]
  [0 4 4 3 0 4 2 2 3 4 4 2 2 1 5 3 0 5 2 1 5 4 4 0 3 2 4 1 3 3 1 3 2 5 5
   4 5 2 4 2 5 5 3 1 0 4 3 0 4 3 4 4 4 1 4 5 2 0 5 2 1 2 3 5 4 0 1 1 5 2
   1 4 5 2 1 4 2 1 0 3 0]]

 [[0 5 0 4 5 5 2 3 2 1 0 1 5 0 5 0 3 2 1 4 4 2 4 2 4 3 2 1 5 3 3 3 5 0 4
   4 4 5 3 3 1 4 3 2 5 5 0 2 3 1 0 1 3 5 1 3 1 1 5 1 1 2 2 2 4 5 5 4 1 2
   2 3 2 1 5 5 3 1 1 4 3]
  [0 0 4 0 2 3 2 1 4 3 5 5 3 4 3 2 5 2 2 3 1 0 4 2 2 5 5 4 1 2 1 5 1 0 2
   4 0 2 2 5 3 0 3 5 4 3 4 3 2 4 5 3 1 5 5 1 3 3 3 0 1 5 2 0 3 4 5 3 3 3
   5 2 2 1 0 4 5 0 0 1 0]
  [0 3 0 1 0 1 5 2 3 5 5 1 5 3 5 4 2 2 3 1 4 1 1 2 5 2 2 0 5 2 3 0 5 0 4
   2 4 2 5 5 2 1 2 5 5 1 2 5 5 2 0 4 5 0 2 2 0 2 5 1 4 0 4 0 2 1 0 3 3 2
   0 2 2 3 4 2 4 2 4 1 4]
  [0 3 5 0 4 1 5 1 3 0 2 4 3 2 4 5 1 0 4 3 4 5 4 0 5 4 0 0 1 1 4 0 2 1 0
   2 1 0 1 2 0 1 1 5 2 2 3 2 0 1 0 5 5 1 3 4 5 4 5 5 1 1 1 0 4 5 5 5 3 4
   0 0 5 3 1 3 0 5 1 5 4]
  [0 3 5 2 0 2 3 5 2 5 2 1 1 2 2 2 5 1 3 1 3 4 2 0 2 1 0 1 5 0 2 3 1 5 4
   4 1 0 3 3 0 5 3 0 5 5 5 1 1 5 3 2 3 1 5 4 5 0 3 2 3 5 4 3 0 5 3 4 4 1
   2 0 2 4 1 0 5 5 2 1 0]
  [0 5 4 3 0 0 2 4 5 5 2 3 3 1 1 1 4 1 0 2 3 1 3 3 4 5 4 1 5 3 0 0 5 5 4
   1 0 3 5 1 0 5 0 5 3 4 5 3 5 5 2 0 2 4 1 3 5 4 0 5 0 3 4 4 4 5 1 3 4 5
   1 5 2 1 2 1 2 5 0 1 5]
  [0 4 0 4 2 1 0 0 3 5 1 2 1 4 2 3 4 1 3 2 1 5 2 2 3 1 3 2 5 5 2 1 0 2 4
   5 0 3 3 3 0 4 3 5 0 0 4 2 0 5 5 3 4 3 3 2 4 4 0 2 5 2 0 2 3 2 3 0 4 0
   2 0 1 1 0 2 2 3 4 2 5]
  [0 1 5 1 2 4 1 0 4 3 3 4 4 1 3 0 4 4 5 5 0 3 5 4 3 5 2 0 0 1 3 1 2 1 2
   1 4 3 1 4 4 3 0 0 2 5 4 2 0 5 3 1 2 5 5 4 5 4 5 5 0 4 4 3 4 5 2 3 2 1
   3 2 0 5 1 4 5 1 2 3 2]
  [0 4 3 5 0 0 5 5 0 1 3 1 5 5 5 4 2 4 0 0 4 3 0 3 2 5 1 4 1 3 2 3 2 2 0
   3 0 3 1 5 0 3 0 0 3 4 1 3 1 4 1 3 0 2 4 0 1 5 2 2 4 3 1 5 5 1 2 3 1 1
   4 2 3 1 0 0 3 3 1 4 3]
  [0 5 2 4 3 3 4 3 4 0 3 5 0 1 1 5 3 4 4 1 5 3 1 2 0 5 3 5 4 0 4 5 4 4 2
   5 3 5 3 3 5 3 4 5 1 2 1 2 5 3 3 4 5 0 1 4 1 3 4 4 4 2 2 1 4 1 1 1 0 0
   2 2 5 1 1 4 2 1 4 4 2]
  [0 1 2 0 4 5 3 2 2 3 0 4 5 0 4 5 2 1 2 3 0 2 0 1 3 3 4 5 4 4 3 3 1 2 0
   1 2 0 0 2 3 4 5 0 5 3 5 3 1 4 0 3 1 2 4 5 0 3 3 0 0 2 5 2 1 4 4 1 0 0
   1 1 0 3 4 2 5 5 1 4 4]
  [0 5 3 5 1 1 5 5 2 3 4 0 4 4 1 1 3 0 4 2 5 1 2 4 1 5 1 5 4 1 3 2 2 5 5
   2 1 4 5 3 4 1 4 3 0 4 3 0 5 0 2 4 5 3 1 4 5 3 5 4 5 3 0 1 0 4 2 5 3 0
   5 3 4 4 4 5 4 5 3 2 3]
  [0 5 3 2 2 0 0 1 5 4 5 1 0 2 2 5 5 5 2 4 2 2 5 1 2 5 1 4 0 2 5 3 3 3 4
   2 0 4 0 1 5 3 2 2 1 0 0 0 1 5 0 0 3 4 2 2 2 1 5 0 1 4 1 1 2 1 1 2 5 5
   2 5 4 3 2 1 3 3 0 5 5]
  [0 1 2 5 5 3 1 1 1 3 3 4 4 0 5 0 2 3 4 4 5 5 0 5 1 0 1 4 0 0 0 0 3 1 2
   1 4 4 1 1 0 4 4 5 1 5 4 1 4 0 2 0 5 1 1 2 2 2 0 5 0 1 0 3 5 2 1 4 2 4
   1 0 3 2 3 3 1 5 2 3 0]
  [0 0 0 2 0 2 1 2 3 5 3 1 4 4 0 4 4 0 0 3 3 4 3 2 2 0 5 4 4 0 4 1 0 5 1
   0 0 4 1 4 5 0 4 4 4 4 1 3 0 5 3 4 1 4 2 1 1 1 4 1 5 5 3 2 3 0 1 3 5 4
   4 2 0 5 3 1 2 2 1 1 5]
  [0 2 2 0 5 1 4 1 3 4 1 4 0 3 4 0 2 4 2 5 2 1 2 4 2 1 0 1 1 4 3 1 1 5 2
   3 5 2 4 0 1 2 4 5 2 1 0 1 1 2 1 3 4 1 3 0 2 3 4 5 4 1 1 1 1 4 2 0 2 3
   1 4 5 1 3 1 4 0 5 3 5]
  [0 3 1 5 0 1 1 5 2 5 0 4 4 0 1 5 0 2 2 1 5 2 3 4 3 5 4 4 3 4 0 4 3 3 0
   1 5 5 3 4 3 1 5 4 3 5 3 5 0 3 5 2 2 3 0 5 0 5 4 1 5 4 1 5 0 2 2 1 3 1
   4 3 0 5 2 3 5 5 3 5 4]
  [0 4 2 2 1 3 2 0 0 5 2 5 3 2 4 3 4 0 2 0 3 3 3 0 3 3 3 5 0 1 2 3 4 1 1
   5 2 0 5 4 4 2 4 3 5 3 5 1 3 5 1 2 3 5 1 1 0 1 2 3 5 2 4 4 3 3 1 3 1 5
   5 3 1 5 4 0 4 1 4 4 1]
  [0 3 3 3 2 2 0 5 4 1 5 1 0 4 1 1 3 1 0 2 0 3 2 5 4 3 3 0 0 1 4 1 0 5 2
   2 0 4 0 1 3 0 1 1 3 3 0 1 5 5 4 4 5 5 4 1 1 3 1 5 5 1 5 4 4 0 2 5 2 4
   5 1 0 2 4 5 1 2 3 0 3]
  [0 0 5 2 4 0 5 0 2 2 0 5 5 2 1 5 2 4 2 0 4 1 4 5 0 3 0 2 0 3 2 2 5 2 5
   4 0 4 2 1 3 5 3 1 4 5 1 2 0 5 1 3 5 1 4 2 2 0 1 3 0 4 4 2 3 2 2 3 1 5
   5 3 5 2 1 4 0 2 0 2 4]
  [0 5 1 4 4 1 0 1 2 2 0 3 5 3 2 3 5 3 0 2 0 4 3 0 4 5 0 0 0 3 2 3 5 4 0
   5 2 5 3 2 0 0 5 0 4 5 2 1 3 4 2 1 1 5 0 0 0 1 5 1 1 0 3 4 5 1 3 1 5 1
   5 4 4 5 1 1 5 3 1 3 4]
  [0 0 5 0 2 4 3 3 3 1 1 2 0 4 2 5 4 3 4 5 0 0 2 4 5 5 5 5 4 5 1 1 3 5 4
   1 5 5 2 0 0 2 0 3 1 1 5 5 1 4 1 3 5 2 3 1 4 3 2 2 3 1 4 5 0 0 4 4 3 0
   4 5 1 3 1 1 5 2 5 4 4]
  [0 4 3 0 5 3 0 1 0 2 0 5 4 1 2 4 5 3 1 1 4 2 0 2 2 2 4 1 5 1 2 5 4 3 3
   0 0 2 5 4 0 3 5 1 4 4 2 4 1 1 0 3 4 1 1 2 4 3 5 0 0 3 3 4 3 3 4 4 4 5
   4 2 0 2 3 3 1 3 0 1 5]
  [0 5 5 3 2 4 0 1 2 3 5 0 0 2 1 3 5 3 5 5 3 3 3 0 0 1 3 5 4 4 1 3 2 3 0
   0 1 4 3 2 3 2 5 5 0 0 3 4 1 3 3 4 0 2 1 0 5 4 5 5 2 3 0 1 3 1 3 2 4 2
   3 0 1 1 5 4 3 5 4 0 2]
  [0 3 3 5 4 4 2 4 2 5 3 3 4 1 2 4 5 1 4 1 0 1 0 3 0 4 0 0 5 5 2 1 5 5 0
   2 1 5 1 0 1 3 4 0 1 4 4 1 2 1 1 0 0 4 2 1 5 1 5 4 3 0 4 2 0 0 4 3 5 5
   3 0 2 0 3 3 1 0 2 0 1]
  [0 0 3 0 2 0 4 1 4 1 1 3 4 2 1 5 5 5 4 0 1 2 1 2 0 0 2 1 3 5 5 3 5 5 1
   4 3 2 5 2 4 1 2 5 3 0 4 3 3 0 5 4 4 2 1 3 2 0 0 0 0 5 0 4 1 3 2 4 4 0
   4 1 0 1 1 0 5 3 2 0 0]
  [0 0 0 1 3 3 3 3 2 3 4 0 3 0 2 5 4 3 4 1 4 1 5 2 3 3 0 5 2 4 2 3 0 2 0
   2 4 3 4 3 3 3 4 4 2 1 5 2 4 2 0 3 5 3 5 0 3 3 5 4 3 0 2 5 2 5 5 2 3 3
   0 5 4 2 0 1 4 4 0 5 3]
  [0 2 1 5 4 5 2 4 4 2 4 0 3 3 4 1 5 0 1 3 4 0 1 5 0 3 1 0 0 1 5 5 2 4 4
   5 1 1 3 2 4 0 1 2 3 1 0 2 3 4 1 2 4 2 1 5 5 0 5 2 0 3 1 1 0 0 2 2 2 0
   1 3 0 2 0 0 2 4 3 0 3]
  [0 4 3 3 3 2 4 5 5 1 5 2 4 4 3 5 4 1 1 2 2 4 4 0 2 2 3 3 0 5 3 1 2 0 2
   4 1 0 4 1 4 2 3 5 2 0 5 2 4 4 3 2 3 4 0 1 0 0 3 0 2 1 2 4 2 1 3 3 2 1
   4 0 5 4 0 5 2 4 0 1 1]
  [0 3 5 2 0 5 5 3 4 0 0 4 2 1 3 4 4 4 1 2 1 0 4 0 4 1 4 0 5 0 0 5 3 0 0
   4 3 2 5 4 3 1 5 0 3 2 3 1 1 3 3 5 0 2 2 3 0 0 5 1 0 2 0 5 4 0 1 5 2 4
   3 2 5 3 4 3 4 3 3 2 1]
  [0 0 0 5 1 1 1 4 1 5 5 2 1 3 5 2 0 3 5 4 2 0 5 0 5 1 3 1 2 2 0 4 4 0 4
   0 5 3 0 1 0 2 5 3 4 1 5 0 0 0 3 1 4 5 4 2 2 5 3 3 3 5 5 0 1 2 2 0 5 3
   0 1 1 4 5 5 1 2 5 0 2]
  [0 3 0 1 2 3 2 1 3 5 3 0 1 2 3 3 0 4 3 3 5 2 4 1 1 2 0 0 0 2 2 0 4 5 2
   1 2 5 5 4 1 5 0 3 3 3 1 5 3 5 2 5 0 3 1 4 3 2 3 5 0 4 2 1 3 1 2 1 1 5
   2 0 1 4 2 4 2 5 3 1 2]
  [0 4 0 3 4 0 4 0 1 5 0 3 0 2 5 5 1 0 5 0 4 2 4 5 2 4 5 5 4 2 3 0 0 2 0
   5 1 2 5 1 5 1 0 5 0 3 5 1 0 2 4 3 3 2 3 5 1 1 5 2 1 5 4 4 2 2 5 0 3 3
   0 4 4 5 5 2 0 2 4 1 1]
  [0 3 3 3 4 2 1 1 1 2 0 4 0 4 2 3 1 3 4 1 5 5 1 4 5 4 1 2 3 4 5 5 3 0 1
   2 0 2 2 3 3 4 1 0 2 4 5 1 1 4 4 2 0 3 0 1 4 5 1 2 1 5 0 2 3 4 0 5 1 3
   3 4 2 5 5 5 2 5 0 1 1]
  [0 2 5 0 2 0 4 5 5 5 0 2 1 1 2 4 0 2 4 3 2 5 2 3 4 0 1 1 2 5 2 4 3 2 0
   5 2 0 2 0 1 2 4 1 4 0 0 1 3 3 0 5 5 1 3 1 3 5 5 0 4 1 0 0 5 1 0 2 1 5
   4 1 3 3 4 5 3 4 4 3 0]
  [0 4 0 2 2 4 1 1 0 5 2 4 5 0 0 2 5 3 4 4 3 5 0 1 5 4 2 0 2 0 4 3 2 3 4
   0 0 1 4 1 1 2 1 0 2 1 0 5 5 0 0 1 5 1 3 0 5 1 4 2 5 2 1 4 3 2 1 3 0 3
   2 3 1 0 0 2 5 0 1 4 5]
  [0 4 5 4 3 2 2 4 4 4 3 1 4 1 5 2 1 1 0 4 2 2 2 0 3 2 1 2 4 1 5 2 2 2 1
   1 0 3 4 4 1 4 1 0 5 4 0 5 1 3 1 0 4 5 0 1 3 5 2 0 5 1 5 4 3 1 4 4 2 1
   3 1 4 3 3 2 0 3 4 4 1]
  [0 2 1 1 2 5 4 1 0 4 1 2 0 0 4 1 2 3 1 3 4 0 3 4 2 5 5 4 2 3 2 2 5 1 1
   2 0 0 4 2 2 4 0 2 1 5 3 4 0 0 0 5 4 5 5 5 2 4 5 2 4 4 0 3 0 2 0 5 1 4
   5 5 3 5 5 3 5 5 5 2 3]
  [0 4 5 2 3 5 1 3 4 4 0 3 3 0 2 1 1 2 0 0 1 1 2 1 5 5 2 2 0 5 4 3 2 5 0
   2 1 5 0 1 5 5 1 4 0 1 4 0 4 1 0 0 2 4 1 4 4 5 3 4 1 5 4 0 3 5 4 3 0 5
   5 3 5 4 1 2 4 3 1 2 2]
  [0 0 4 4 1 2 0 3 4 1 2 1 1 5 2 4 2 2 0 4 1 5 3 2 3 4 5 3 1 3 4 1 0 5 0
   1 3 0 4 0 4 3 3 5 4 5 5 1 1 4 2 3 3 4 5 4 5 1 3 1 0 0 1 0 1 5 3 5 2 5
   4 1 2 4 2 2 0 2 5 2 3]
  [0 3 1 2 3 2 0 3 3 0 2 5 0 4 5 0 3 0 3 4 3 1 3 5 1 4 3 3 3 4 1 0 2 1 0
   5 2 4 2 5 0 0 3 1 4 0 0 2 4 4 1 5 4 3 5 4 0 3 5 3 3 4 5 4 4 0 5 1 4 4
   1 3 2 0 4 5 3 3 2 2 3]
  [0 5 5 4 5 3 3 0 0 3 1 3 1 0 1 1 4 1 5 3 2 0 0 4 5 4 2 1 2 4 1 4 4 2 5
   0 1 1 5 3 5 0 3 0 3 2 5 1 1 5 4 5 5 0 5 3 3 3 1 2 0 5 0 2 4 0 4 0 0 3
   5 0 1 4 0 1 5 5 3 0 4]
  [0 4 0 2 4 1 5 3 3 5 0 0 5 2 1 1 1 0 3 0 4 3 2 5 2 4 2 3 4 1 2 4 1 2 3
   5 2 2 0 1 2 3 0 0 5 3 3 2 1 3 0 4 2 2 3 0 4 1 1 4 2 3 2 1 4 5 0 2 2 2
   2 2 0 0 4 5 3 3 5 1 2]
  [0 4 1 3 4 3 4 5 0 0 0 0 3 2 0 4 3 4 1 2 2 5 3 5 5 2 2 0 0 3 1 4 0 3 3
   1 0 2 4 4 4 4 2 0 0 5 3 2 5 2 0 2 0 1 4 0 5 3 3 3 3 0 0 5 4 5 4 2 4 3
   0 5 4 4 0 3 0 4 0 4 4]
  [0 0 2 1 5 3 3 0 5 3 4 1 5 3 5 4 0 4 3 2 1 3 3 3 3 2 4 4 5 0 2 1 0 4 1
   4 5 1 4 2 4 5 1 3 0 4 5 3 5 0 0 4 5 0 0 4 5 5 5 3 1 2 2 0 3 1 5 0 2 5
   5 5 1 4 4 2 3 1 3 5 3]
  [0 4 5 0 2 0 2 5 3 2 3 3 5 4 4 3 1 2 2 1 3 1 4 0 4 2 0 2 3 5 1 3 1 4 5
   3 3 0 0 2 2 3 0 0 2 0 2 5 2 5 1 0 0 1 4 1 3 5 0 1 3 3 5 0 3 3 4 5 3 0
   4 0 3 2 3 5 5 4 1 0 1]
  [0 2 3 0 2 1 5 3 3 4 3 0 0 5 1 4 1 0 2 0 2 1 2 1 1 3 5 0 3 0 5 3 3 5 5
   2 3 3 3 5 2 0 1 2 3 0 0 0 3 1 3 3 1 2 0 4 0 0 4 2 3 1 4 0 5 0 4 5 1 2
   4 1 0 5 0 5 2 5 1 3 2]
  [0 4 0 1 5 2 5 1 5 1 1 2 2 1 3 3 2 4 5 4 0 1 2 2 3 0 0 4 3 3 1 4 2 5 4
   2 1 3 2 5 5 1 3 0 0 1 3 0 5 1 1 4 2 3 3 0 1 2 2 5 3 1 2 5 2 1 4 1 3 5
   3 0 1 1 4 3 3 2 3 3 4]
  [0 3 5 5 1 0 1 5 5 5 0 2 4 2 3 1 1 3 0 2 1 3 1 0 5 5 5 2 2 2 5 0 1 5 0
   3 5 0 4 4 0 2 5 5 2 4 5 3 0 3 4 2 5 3 0 4 3 4 2 5 1 0 5 5 5 4 3 3 0 5
   5 0 1 5 3 5 3 5 3 2 3]
  [0 2 1 4 0 5 3 5 3 5 0 2 4 4 3 3 5 4 1 3 0 4 2 4 3 4 5 0 4 2 3 1 4 1 2
   3 4 3 4 1 3 5 3 2 2 3 0 1 5 0 4 5 0 0 0 1 0 5 5 1 5 3 2 3 5 5 2 5 4 2
   1 0 0 3 4 2 3 5 5 4 1]
  [0 1 1 4 0 5 2 4 4 5 1 1 4 4 2 3 3 3 4 3 0 4 0 2 2 5 0 2 0 1 1 5 4 0 0
   5 1 1 4 4 0 3 3 2 2 2 5 1 2 1 0 1 4 5 5 1 2 2 4 0 2 4 2 2 0 0 4 0 2 1
   4 0 1 2 2 1 2 1 0 3 5]
  [0 4 5 4 5 2 0 4 4 0 0 5 1 4 1 2 0 1 5 1 1 0 4 0 4 4 2 4 0 1 5 4 0 5 0
   5 3 5 0 5 2 5 3 2 2 4 2 5 1 2 3 0 4 2 1 3 5 0 4 3 3 1 2 5 0 4 5 4 1 2
   5 5 5 3 4 2 1 0 1 1 1]
  [0 5 0 3 2 3 2 0 4 0 0 0 1 2 2 0 0 4 2 2 3 1 2 3 0 1 5 0 0 0 4 2 2 1 2
   4 2 1 3 1 1 3 2 1 0 2 1 3 0 1 2 2 0 1 5 0 5 2 2 5 4 1 5 0 2 0 4 3 1 3
   5 2 5 2 3 3 4 0 0 0 5]
  [0 3 2 1 2 0 1 0 3 4 5 5 0 3 4 3 5 3 4 3 3 5 5 3 4 5 3 3 0 1 1 4 1 3 3
   5 0 2 0 0 3 1 5 1 4 2 5 0 5 2 4 1 0 0 3 3 4 0 5 2 2 4 2 2 3 2 5 1 4 5
   1 3 3 0 0 1 2 3 0 0 4]
  [0 5 2 5 0 0 4 3 0 3 4 2 3 0 5 4 4 1 0 0 0 1 3 4 3 3 4 5 5 1 4 4 2 4 0
   5 3 5 0 1 2 5 5 0 4 1 2 2 5 3 3 5 5 1 0 2 3 1 1 4 1 5 1 0 4 4 3 5 0 1
   4 1 1 1 4 5 1 3 5 0 0]
  [0 1 5 0 3 5 5 5 0 4 0 3 4 5 4 5 4 4 1 2 2 3 1 4 5 4 5 4 4 3 4 0 4 1 4
   2 5 1 4 4 5 2 2 2 2 2 4 5 2 1 1 1 0 5 0 0 2 0 4 5 0 5 0 4 3 4 4 1 0 0
   2 5 1 2 0 4 5 0 1 3 2]
  [0 5 4 1 1 2 2 1 4 3 3 1 2 3 1 0 0 4 0 0 0 5 5 5 1 1 5 1 1 0 4 2 5 4 1
   4 5 0 2 3 1 5 0 3 4 3 5 2 0 4 3 1 4 0 2 1 0 5 1 4 4 5 4 2 2 5 0 0 2 1
   5 5 3 2 5 5 0 4 5 5 3]
  [0 5 2 1 0 5 4 2 0 5 3 3 3 0 0 3 5 3 0 4 3 4 3 3 0 5 4 0 3 2 2 4 2 2 0
   2 0 0 3 2 5 3 5 3 5 2 0 3 3 3 1 0 3 1 5 4 3 0 1 1 0 5 3 4 5 5 2 0 3 1
   2 3 3 2 3 0 0 4 4 0 5]
  [0 3 0 0 4 1 4 2 0 5 5 1 4 1 2 2 3 5 1 3 3 3 3 1 1 4 2 2 2 2 4 5 2 4 1
   1 0 2 0 3 2 1 0 0 0 1 1 4 0 5 1 5 5 4 0 2 1 0 0 5 4 4 2 2 4 3 4 5 4 2
   0 4 1 2 5 5 4 1 2 1 1]
  [0 5 3 3 5 3 1 4 2 3 5 3 2 5 5 5 0 5 2 5 1 3 3 0 5 0 3 5 0 2 0 2 1 3 5
   3 5 1 2 0 5 3 1 2 5 1 1 4 2 4 0 2 4 5 2 1 4 5 3 0 1 2 4 3 2 5 1 1 3 5
   1 0 2 1 4 3 5 2 5 4 1]
  [0 2 2 5 5 4 3 1 5 5 0 1 4 2 5 5 2 1 4 0 4 2 3 4 3 4 1 2 5 4 1 4 1 0 3
   4 1 0 1 1 4 0 5 3 2 5 2 1 3 0 0 3 0 5 2 5 1 0 2 0 0 1 3 0 4 1 5 5 0 1
   5 5 5 0 0 3 2 3 0 5 0]
  [0 0 4 3 4 0 0 1 3 0 3 0 5 4 3 3 4 4 5 1 1 2 1 1 2 4 4 4 4 5 1 5 0 0 2
   3 2 4 0 1 5 5 5 2 3 4 4 0 2 2 5 2 0 5 3 5 1 5 3 0 5 0 5 5 3 4 0 3 1 1
   1 1 4 3 5 3 4 1 3 4 3]
  [0 4 0 4 4 2 1 0 4 0 3 3 0 2 1 1 0 1 4 4 0 5 5 2 4 3 4 0 4 1 0 0 2 4 1
   3 3 4 4 2 3 2 3 0 3 5 2 2 3 1 4 1 2 5 1 0 4 3 1 0 0 4 0 4 0 5 5 2 1 0
   5 4 4 5 4 3 2 4 2 3 3]
  [0 5 3 2 5 4 5 3 1 4 5 1 2 5 2 1 1 4 3 0 5 5 1 4 4 5 1 4 4 2 1 2 1 3 4
   3 0 0 2 5 5 2 4 0 0 2 4 4 3 3 1 5 4 1 3 2 3 2 5 5 4 5 1 0 0 3 3 5 4 2
   4 2 4 2 0 2 2 5 0 0 2]
  [0 5 4 0 4 2 0 0 1 4 2 5 3 4 2 2 4 1 4 0 1 5 0 4 4 1 1 4 3 5 3 2 4 3 5
   4 1 3 4 5 1 5 1 0 3 0 3 3 0 2 5 3 3 4 5 0 3 3 1 3 0 2 0 0 0 3 5 4 4 5
   4 3 5 5 0 4 4 4 1 5 5]
  [0 2 5 4 5 1 5 2 3 0 5 3 5 2 0 5 1 0 0 4 0 4 4 3 1 0 1 5 5 0 2 5 2 3 3
   4 5 5 3 1 4 5 4 4 3 5 4 2 1 5 5 2 1 4 4 0 4 5 5 5 0 1 2 3 3 0 5 3 3 4
   3 0 0 4 1 0 2 4 1 0 2]
  [0 3 0 4 2 2 1 0 0 0 1 4 3 4 4 4 3 3 1 3 5 0 5 5 5 5 5 5 1 4 1 1 5 1 4
   5 3 2 1 1 0 1 5 5 5 2 3 2 4 5 4 0 1 0 2 2 2 5 4 1 4 3 1 3 0 3 0 1 2 0
   5 1 2 5 2 5 2 0 5 2 4]
  [0 3 4 4 1 5 4 4 5 4 3 4 0 1 3 4 4 2 4 1 2 0 3 0 5 1 2 5 4 3 4 1 5 0 5
   5 4 4 3 4 2 4 2 0 2 3 5 3 1 1 1 5 2 4 3 4 0 0 3 1 2 2 0 3 5 4 4 0 5 4
   0 3 4 2 4 0 4 2 5 5 5]
  [0 1 5 5 5 0 0 5 3 4 4 3 2 5 3 5 5 4 1 4 1 3 5 3 4 0 2 4 4 5 3 2 1 1 1
   4 4 4 3 1 5 3 0 3 1 2 4 2 0 3 0 0 0 4 2 4 0 2 4 1 2 0 4 0 5 4 5 0 0 1
   0 3 0 0 2 5 4 3 1 1 1]
  [0 3 5 3 2 3 1 5 4 1 4 4 5 0 4 0 4 4 1 5 1 3 3 2 3 0 2 0 0 1 1 0 2 5 3
   1 0 3 4 0 5 4 0 5 1 2 0 2 0 0 0 4 3 2 1 5 2 0 1 3 2 3 3 0 2 0 1 1 2 0
   4 2 5 2 2 4 1 2 0 3 2]
  [0 3 4 1 3 0 1 1 1 0 0 2 2 1 2 5 3 0 3 0 0 1 0 1 0 5 4 2 0 3 1 2 2 5 0
   3 1 0 0 2 0 4 1 1 4 2 4 5 2 5 4 0 4 5 1 1 1 2 5 3 5 1 0 0 0 0 3 1 5 1
   0 1 3 3 4 3 0 2 2 1 1]
  [0 1 2 4 3 3 4 5 1 3 1 2 4 0 2 3 3 5 2 4 5 4 2 4 0 4 1 3 5 2 2 2 3 5 2
   2 3 4 1 3 0 0 3 3 3 4 0 1 1 4 2 5 1 5 0 4 0 0 5 2 5 5 3 0 1 2 1 3 4 0
   1 0 4 0 5 5 1 3 5 1 3]
  [0 2 3 3 3 4 5 5 5 1 3 3 4 2 2 5 4 2 1 3 4 3 5 3 1 0 1 0 3 5 1 0 3 0 5
   0 1 0 1 1 2 1 5 5 3 2 0 1 4 3 1 4 4 4 1 5 4 3 0 1 5 3 4 1 2 1 4 4 1 1
   0 4 0 4 0 0 4 3 5 5 3]
  [0 5 4 4 5 2 2 0 0 2 3 2 3 0 5 3 3 1 5 0 2 5 5 1 0 2 2 5 2 3 0 0 4 0 4
   0 3 5 1 4 4 0 4 1 1 5 3 1 2 5 5 3 4 1 4 5 2 0 2 5 5 3 5 4 0 5 3 5 3 1
   4 4 1 0 4 0 2 2 5 2 3]
  [0 3 4 5 0 0 5 0 3 3 5 0 3 3 3 3 0 0 4 4 3 1 3 5 1 5 1 2 2 3 0 0 4 2 2
   4 5 0 2 0 0 4 5 2 0 1 1 2 0 0 0 1 2 4 0 3 2 4 0 0 1 2 3 4 3 1 1 1 4 5
   5 0 4 1 0 1 0 1 5 2 1]
  [0 5 3 5 2 3 3 3 2 2 2 1 4 0 1 2 4 2 5 3 3 0 0 3 5 1 5 1 4 2 2 2 2 0 1
   1 4 2 2 3 1 2 5 5 5 1 0 4 5 5 1 4 4 2 1 2 2 3 2 2 4 4 4 3 0 4 4 4 0 1
   1 0 0 4 2 0 0 1 3 1 5]
  [0 4 5 0 1 1 4 4 5 1 2 2 1 2 1 2 3 1 5 4 0 5 3 1 5 2 1 4 4 3 2 5 4 3 2
   1 2 1 4 1 1 5 0 5 0 2 3 1 0 2 0 2 5 0 2 5 4 3 3 4 0 1 1 0 3 1 4 4 4 2
   1 1 1 0 2 1 0 0 3 0 0]
  [0 1 0 4 0 5 1 5 2 3 0 0 1 2 3 1 0 2 2 3 4 4 3 5 2 1 5 1 0 3 2 1 3 2 0
   4 4 4 4 0 2 1 3 0 0 4 0 5 4 1 2 5 3 0 0 5 3 0 1 3 5 1 1 0 1 2 4 4 0 0
   2 5 2 5 1 0 4 0 0 4 2]
  [0 5 0 5 2 1 4 2 5 5 0 1 4 1 3 3 1 0 0 2 3 3 5 1 5 1 2 5 0 2 2 5 4 0 3
   3 2 2 0 4 2 5 3 5 1 4 0 1 5 1 0 0 2 5 4 2 0 4 0 2 4 2 5 1 4 3 1 2 2 3
   2 0 2 3 0 4 4 0 0 5 3]
  [0 5 3 5 2 1 4 4 1 0 1 1 3 5 2 0 2 0 2 3 5 0 0 2 1 2 4 3 4 4 1 5 4 2 3
   5 5 2 0 4 5 5 2 5 2 1 5 1 5 2 3 2 5 1 0 1 5 1 4 2 5 2 3 1 4 2 0 3 4 3
   3 4 5 4 0 5 4 4 2 0 3]
  [0 3 0 2 4 4 0 3 3 0 1 5 1 4 0 5 1 0 3 1 4 1 3 3 4 5 3 2 0 2 5 5 0 0 0
   4 0 1 3 4 0 0 1 3 3 0 4 3 4 1 3 4 5 1 0 3 3 1 4 3 0 5 0 1 4 5 3 0 2 5
   1 2 1 3 4 1 4 1 5 2 0]]]
release_time
[  0 762 365 647  49 440  27 357 332 297  78 398  15 293 149  68 391 209
  80 316 659   6 243 434  89 292 439 470 304 366 405 239  22 757 284  39
 124 125 237 105 671 715 376  44  71 227 521 146 285  22  14  46  62 611
 441 692 600 137  98 103  12 307 169 192 467 186 191 457 416  85 550  34
 118 197  35 152 247 444 616 557  89]
due_date
[  0 763 704 687 667 724  63 716 353 618 213 704 803 780 201 224 470 304
 100 659 675   6 633 585 112 687 585 771 805 792 433 474 799 763 625 179
 625 193 318 380 747 760 677 637 445 584 729 812 618 705 368  61 625 630
 617 748 696 694 737 215 552 451 284 390 753 604 753 602 800 575 593  42
 607 492 128 699 514 469 674 625 603]
unit_emission
[15 13  6  8 20  9 17 10 15 11]
emission_limit
59101.6
setup_severity
0.02
due_tight
0.3
due_range
1.0
release_tight
10
degree_constr
0.8
