mach
10
job_rate
8
weight
[ 0  7  4  5  5  9  7  7  6  3  6  2  6 10 10  2  2  2  3  2  1  4 10  8
  7  4 10 10  6  4  8  3  5  4  9  7  3  3  5  9 10  8 10  9  6  1  1 10
 10  8  6  5  1  8  2  7  7  4  7  4 10  9  4  7  1  2  8  7  9  2  1  7
  5  1  9  3 10 10  5 10  1]
proc_time
[[  0  90 110  81  75 111  81  82 106 108 109  72 127  80 129  74  50 115
  130  54  93 115 133  58  75 108 105  58 140 116  63  80 109  71 121 146
  111  50 136  79 135 129  80  78  77  71  90 143  60 140 120  98  59  63
  129  79 116  99  87  96 115  80 107  95  86 129  56  77  82 116  85  99
   81  86  59  62 142 113 130 110  70]
 [  0 141  86 103 137  77  58  66  87  85  89  50 111 148  53  56 140 118
   60 125  79 100 104 107 132  99  94 110 116  89 103 149 114  63 125 105
   78 135 102 120  93 109  62 135 134 146 100  84  89  58  58  92  77  66
  118  75 105  91 124 102 105 127 128 111 145  62  78 141 148  95 127 119
  146  81 146 106 120 113 108  53 103]
 [  0 125 141  62  70 149  56  97 123 128  97 143  76  82  68 144 111  52
  125  69 128 110 130  77 150  53 119  76  88  61  92 121  60 128 102  56
  149 144 111  99 126  81  89  66 119 124 149  52 146  91 116  54 102  77
  125  76 123  59 136  72  55  98 109 148 133  76 149 106  99 145 115  50
  142  78 111  96 141 149 122  96  65]
 [  0  54  81  98  89 112  83 139 114 114  97  56 124  94  80  77 149 121
   51  96  50  99 134 105 107  83 126 143  85  55  79 128 110 107 136 126
  133 126  70 133 108 111  95  80 137  68  82  71 103 127 145 115 134 107
  103 113 107 119 144 145 143  70  56 113  67 140 150 121  62 138  83 110
  110  89 136  60 138  83  78  67  70]
 [  0  88 101 105 115  70 133 149  91  72  63  98  63  81  79 141  80  57
   77 125 124  59  56 103 109 108 140  55  68  91 144  91  87 150 149 122
   92 145 112 107  97 125 134 139  63 127 126  99  89 144  72 146 115 137
  129  78 134  79 110 145  66 137 129 114  68  69 115  77 120  51  74  53
  130  77 131  68  95 141  62 127  88]
 [  0 100 141 109 124  63  71  81 117 103  57 147  99  77  66 102  99  81
  109 146  77  79 109 113 140  62  62  62  61 104 122  53 121  88 135 127
  140 146 118 148  65  80 112  81  94  81 119 101  50 107  88  99  86  75
   78 128  82 133  98  64 113  67  59  80  73 116  89 126  92 132 113  85
  134  67 140 106  93  58  50  57  99]
 [  0  76 133  69 124 129  69 150  83 107  52 130 102 132 100 113 119  79
  101 115  80 101  65  84 132 119  93  89 142 100 150  92  58 148 120 141
  125  55 115  54  92  58  88  65  52  80 112 137  65  63 127  68  73  81
  102 117  77 143  59  63  73  62 119 127 112 122 111 148  80  72 147  91
   62  95 139  50 135  66 134  80 128]
 [  0  59  95  74 120  59  60  88  75 141  75 107  66 143 102 147  80 108
  142  97 124 145 127  57  66  82  77  99 145 141 112 121 131 122 147 110
  144  78  83  60 121  88  72  61 144 103  63 142  59 148  78 106 122 143
  135 137 149  66  90 108 144  78  79  52  81  82 132 132 139  82 115 114
  111 131 148  81 136  55 136 138 116]
 [  0  63 126 113 118  84 145  86 103  60  95 102  95 131 128  56 142 132
   95 105 138 119 140  61 105  72 116  75  89  82  91  72 138 148 143 121
   99  99  95  80 116  92  68  50  81  85 110 130 113 148 150  59  52 112
  105  61 145  54  58 144 101 112  92 134  74  92  62  85 120  64  91 119
  141  67 124 135  76  57  99 127 148]
 [  0 119  85 120  78  83  87  68 106 148 123 149 118 135  76  52  72  95
   91  60 135 142 100 115  99  91  91 102 107 131  69  62  96 111 113  86
   71 134  89  64 126  74 105  57  79 126 113 115  61 148 112 122  70  90
  142  78  82  94 106  57 113 149  70 133  64 110 150 125  50 115  87 126
  126 108  66 149  81  93 146  62  74]]
setup_time
[[[0 4 3 5 3 4 5 1 1 3 2 1 0 0 5 1 2 2 5 5 1 4 2 0 3 1 3 2 5 2 2 2 3 5 1
   0 5 3 0 5 2 4 4 5 1 0 0 4 5 0 4 4 3 5 3 4 5 0 2 4 1 1 2 5 5 3 5 3 0 3
   4 0 4 5 0 4 3 4 1 3 5]
  [0 0 2 1 1 0 2 1 5 4 3 5 1 1 3 0 1 4 2 1 4 0 5 3 5 0 4 5 5 0 3 0 2 4 2
   2 4 1 4 1 4 5 3 2 2 1 5 1 4 0 0 1 3 0 0 5 2 2 1 4 5 5 2 1 1 4 3 2 5 4
   2 4 1 0 4 3 1 5 4 2 1]
  [0 3 0 0 5 1 2 2 5 2 3 3 3 0 2 4 1 1 4 3 4 4 5 3 0 1 4 5 0 1 1 2 4 4 0
   1 3 3 1 0 1 1 3 0 2 3 2 3 0 2 5 1 5 0 2 5 2 5 0 0 5 5 3 4 1 2 0 2 0 2
   0 3 0 2 2 2 4 1 1 1 4]
  [0 1 4 0 0 3 0 3 0 3 1 1 2 2 5 2 3 2 2 2 0 3 3 3 4 1 3 5 0 5 0 5 3 3 4
   1 5 4 4 5 5 3 1 0 2 4 5 2 3 1 1 2 3 0 3 2 3 5 1 2 0 1 5 5 1 2 5 3 3 0
   0 1 3 5 0 1 5 4 2 1 2]
  [0 3 5 1 0 3 4 1 5 5 1 1 5 3 2 5 3 2 3 3 4 4 1 4 1 3 0 0 2 4 4 4 2 2 5
   4 4 5 3 2 3 3 1 1 5 4 4 0 3 3 0 2 1 3 2 5 4 5 4 4 5 1 0 3 0 3 0 5 5 1
   3 0 0 3 4 3 4 3 3 2 0]
  [0 2 1 5 5 0 0 5 0 3 1 4 4 2 4 3 3 2 0 3 1 3 5 0 3 2 4 4 0 1 3 4 2 0 1
   3 3 5 4 3 4 5 3 4 0 4 0 4 0 4 4 0 3 1 3 0 3 0 5 0 2 0 4 2 2 2 3 1 4 3
   2 3 3 1 0 0 4 4 2 1 1]
  [0 0 4 5 5 5 0 4 5 5 4 1 0 5 2 0 5 0 1 3 4 1 0 3 2 2 3 4 5 0 0 5 1 0 4
   4 5 5 0 2 4 4 5 1 4 1 3 5 1 3 4 2 3 4 4 2 5 4 2 5 4 2 2 1 0 1 5 0 3 0
   1 2 3 5 0 3 0 5 5 3 2]
  [0 0 2 5 1 4 5 0 3 1 3 5 3 2 0 3 4 1 4 4 3 4 5 1 4 3 0 5 2 5 2 4 1 5 3
   2 5 3 1 3 3 5 2 3 4 4 3 2 0 4 5 3 0 4 0 3 1 3 0 4 4 4 2 3 0 5 2 2 1 5
   5 3 1 3 1 3 2 2 3 0 5]
  [0 5 4 2 5 4 3 2 0 2 5 5 4 2 2 1 3 5 0 2 2 3 2 2 2 1 4 1 3 1 5 5 5 2 3
   5 0 3 0 3 4 2 0 2 0 0 2 3 1 0 1 1 4 4 2 5 3 0 3 5 2 5 4 2 5 5 2 3 5 2
   4 3 5 3 2 4 3 4 3 1 3]
  [0 5 2 2 3 4 4 1 1 0 2 1 0 3 1 4 1 5 1 5 1 4 4 2 4 5 5 4 2 1 3 3 3 1 5
   1 1 5 0 4 5 1 2 1 2 1 0 2 5 5 5 1 0 3 5 0 4 3 0 3 4 4 0 5 5 2 2 2 3 5
   5 0 3 5 4 1 0 4 2 4 1]
  [0 5 4 1 1 1 1 5 3 2 0 1 5 4 2 1 5 0 2 1 2 0 1 5 5 1 2 0 4 5 2 3 1 1 1
   2 2 5 0 0 2 5 0 1 4 4 0 2 5 2 3 3 2 3 2 2 3 5 5 1 3 0 4 2 2 4 5 1 0 0
   5 0 0 5 0 1 1 1 3 3 3]
  [0 1 1 0 1 0 5 2 1 0 3 0 0 4 5 3 2 2 4 5 3 4 4 3 5 4 2 3 5 5 2 4 2 0 0
   4 3 2 2 2 4 2 3 3 3 5 1 0 5 4 1 0 5 3 2 1 1 1 2 3 1 3 2 2 3 1 2 1 0 3
   2 3 3 3 5 5 1 1 3 5 0]
  [0 5 0 4 5 4 5 4 2 1 1 0 0 4 1 0 1 4 4 1 4 4 2 3 5 2 1 0 0 1 0 5 0 5 2
   2 3 0 2 5 2 3 2 0 2 2 5 5 5 1 1 1 0 0 5 3 5 4 4 5 5 0 4 5 2 1 3 3 0 1
   4 0 1 1 4 1 1 2 5 0 1]
  [0 5 1 1 0 1 2 1 3 3 2 4 3 0 5 0 4 4 2 4 3 3 2 2 0 1 1 5 1 1 3 0 2 5 4
   4 0 3 3 4 5 5 4 2 4 0 3 3 0 2 0 1 3 3 2 1 4 5 4 4 4 3 3 3 3 0 2 5 3 1
   2 1 5 3 5 2 5 4 2 0 4]
  [0 2 1 2 1 1 3 5 0 4 1 4 3 1 0 5 0 1 0 0 2 0 2 3 3 1 3 3 5 1 5 5 4 0 2
   1 5 5 2 1 1 2 4 4 1 1 5 3 0 0 4 1 5 5 2 5 1 5 3 1 4 3 3 1 5 4 2 2 3 5
   2 2 3 5 4 0 2 4 0 3 5]
  [0 4 3 5 3 0 0 3 0 0 1 3 3 0 1 0 0 4 0 3 4 4 3 2 5 3 3 0 1 4 5 2 4 3 4
   2 0 2 4 1 2 0 0 2 4 0 0 3 3 2 4 4 2 0 0 0 1 5 3 5 2 1 2 5 4 1 0 2 2 4
   3 4 1 5 4 2 4 3 4 2 1]
  [0 0 4 0 0 4 5 0 0 5 2 1 0 0 5 2 0 2 5 0 0 2 3 0 4 2 4 3 4 0 3 3 0 0 2
   3 3 4 5 3 5 0 3 4 5 0 2 3 5 5 4 3 0 3 5 1 1 0 4 4 3 4 3 4 5 1 5 0 4 2
   4 4 0 3 5 4 3 5 5 3 2]
  [0 4 1 3 4 4 3 5 1 3 4 4 0 4 5 3 0 0 3 5 2 1 5 1 1 5 3 2 5 1 5 2 3 3 5
   3 0 0 1 4 3 4 0 1 4 1 0 3 2 1 4 3 2 1 1 3 0 1 4 1 2 2 0 2 1 3 1 2 3 1
   4 3 0 0 4 4 0 5 4 3 4]
  [0 2 3 1 1 0 0 5 3 5 4 2 0 2 5 2 5 5 0 5 3 2 4 5 1 1 0 3 5 0 1 4 2 1 1
   4 4 4 3 3 1 4 1 3 4 0 2 1 5 4 2 5 3 2 0 3 1 5 1 4 1 4 2 0 2 3 4 1 5 3
   1 1 1 3 5 2 3 2 2 4 2]
  [0 3 5 4 2 0 0 0 3 1 3 1 0 4 0 1 2 5 5 0 1 2 3 4 1 2 2 1 3 4 1 3 4 2 0
   4 2 4 0 2 3 0 0 5 3 0 4 4 2 4 2 0 2 1 2 4 1 4 5 2 5 0 1 5 3 4 5 1 0 3
   5 0 0 0 2 3 5 2 0 5 3]
  [0 2 0 1 3 0 2 2 3 4 0 5 3 1 5 4 1 3 5 5 0 1 2 2 0 2 0 4 2 5 2 1 3 5 1
   3 4 1 4 3 0 4 4 5 3 2 4 2 1 2 0 0 2 5 4 5 3 3 4 4 4 0 1 0 4 5 0 0 3 4
   0 0 0 0 5 5 3 3 3 0 1]
  [0 2 1 2 2 2 2 2 1 5 1 2 4 3 4 4 5 3 2 0 5 0 0 0 4 2 4 4 0 3 1 5 1 4 2
   5 2 5 2 3 2 4 4 1 2 4 3 0 3 0 0 1 0 5 3 1 4 2 3 4 5 3 5 0 5 3 5 4 5 5
   1 0 3 4 5 5 1 0 4 4 3]
  [0 4 0 5 5 2 4 4 3 5 0 2 2 0 1 2 3 5 0 5 1 1 0 0 2 4 3 1 5 1 3 1 0 5 4
   1 4 1 0 3 5 4 5 1 5 3 1 2 2 3 1 1 5 2 2 2 5 0 3 5 2 3 4 5 2 1 5 1 0 1
   1 4 5 1 1 5 4 1 4 5 5]
  [0 1 1 2 2 2 5 0 4 1 1 0 2 0 3 4 2 0 1 1 3 5 0 0 3 2 5 3 5 3 3 1 4 0 5
   0 3 1 2 0 4 1 2 4 0 5 4 3 0 0 2 5 0 5 2 0 1 4 3 5 1 4 3 3 5 0 0 1 0 3
   0 2 5 0 3 5 3 2 4 1 5]
  [0 1 5 3 5 3 2 4 1 0 0 3 1 1 3 0 3 5 1 2 2 2 5 1 0 1 5 5 2 0 1 2 1 2 3
   0 3 4 5 3 3 0 3 5 4 5 4 4 2 0 0 2 0 3 3 2 4 0 3 2 3 0 0 5 4 1 5 0 2 5
   0 4 3 4 4 0 0 0 2 4 3]
  [0 0 3 1 3 5 2 4 0 0 0 0 0 2 2 5 4 4 4 3 3 3 4 0 3 0 3 5 3 2 5 0 0 5 0
   0 0 5 1 0 5 3 0 2 5 0 2 3 4 1 4 1 3 0 4 1 1 5 0 3 1 0 4 5 3 1 2 2 3 4
   4 4 0 3 0 2 2 3 5 2 0]
  [0 0 1 1 3 3 3 2 2 2 0 0 0 2 3 1 5 5 3 5 0 3 0 1 1 5 0 5 4 5 5 3 2 2 4
   1 0 4 2 3 4 3 2 0 4 3 3 2 2 2 3 3 4 3 5 0 3 1 0 1 1 3 4 1 1 2 2 1 5 2
   5 1 4 4 2 3 1 2 3 5 2]
  [0 2 0 3 1 3 3 1 4 4 1 0 5 2 4 4 1 2 5 2 2 3 2 3 4 0 1 0 1 5 2 1 1 2 5
   2 3 3 5 1 2 0 4 1 5 1 2 5 2 5 4 3 4 5 0 5 2 5 2 1 3 5 2 0 2 2 5 5 0 5
   2 1 1 3 5 0 4 4 5 0 3]
  [0 2 2 5 1 0 3 4 2 1 2 0 0 5 3 2 3 3 1 4 3 0 0 5 4 1 1 5 0 5 1 2 5 3 1
   3 1 2 3 5 2 5 4 0 1 4 0 0 2 3 3 1 5 2 0 3 3 2 5 2 5 0 3 3 3 0 4 1 3 2
   0 5 0 0 0 0 3 3 5 4 3]
  [0 3 2 1 0 1 1 5 4 4 5 4 2 3 4 3 4 1 5 4 0 3 5 2 5 2 0 0 0 0 1 3 5 5 0
   0 2 0 2 2 0 4 2 2 3 3 0 0 0 5 5 0 0 1 0 0 3 2 2 2 4 0 4 3 3 4 0 5 1 2
   2 4 0 4 5 0 2 3 5 3 2]
  [0 4 3 0 5 4 0 3 4 5 0 0 1 3 2 2 2 3 5 4 0 5 0 4 0 3 4 4 1 5 0 4 1 2 1
   4 1 5 4 0 3 3 1 0 1 2 2 5 4 0 3 3 1 5 4 0 5 1 4 1 1 1 2 0 4 0 4 3 2 0
   5 3 2 4 1 3 3 5 5 0 1]
  [0 4 4 5 2 3 1 1 0 2 1 4 3 3 1 0 3 5 3 4 0 5 0 4 3 3 3 5 0 2 3 0 4 0 1
   4 4 3 5 5 1 0 0 4 1 1 2 3 2 4 1 4 4 0 2 4 4 2 5 2 2 4 5 3 3 5 4 0 5 4
   0 1 2 4 2 5 3 0 1 0 1]
  [0 1 2 1 2 5 0 5 4 0 1 2 1 4 4 2 4 2 3 5 0 3 0 3 1 3 1 3 2 5 4 5 0 2 2
   0 0 5 5 4 4 5 1 4 4 4 3 2 1 3 2 1 4 1 5 1 2 4 3 2 5 3 0 1 4 2 1 3 3 2
   2 0 5 5 1 0 4 3 2 5 3]
  [0 5 1 4 2 2 0 2 3 3 2 3 5 0 5 3 0 2 2 3 4 2 4 1 1 2 2 1 3 3 0 2 0 0 2
   2 5 3 5 1 0 0 3 0 3 2 0 5 4 2 4 2 4 1 0 5 3 5 0 5 4 5 2 1 1 4 5 2 2 4
   3 4 1 2 2 3 4 1 3 0 0]
  [0 4 3 2 0 3 5 5 2 0 0 4 2 5 5 3 2 2 4 0 2 1 5 5 1 5 1 2 2 1 0 4 0 5 0
   1 3 4 4 3 0 5 3 1 1 2 2 1 5 2 3 1 1 1 2 2 2 3 4 5 2 3 5 1 4 0 3 5 5 1
   0 2 1 1 2 1 4 3 5 2 4]
  [0 3 3 2 3 5 0 2 4 5 4 4 0 3 3 4 0 0 0 0 3 0 4 4 1 5 5 2 2 0 0 4 1 1 3
   0 1 4 3 2 0 0 2 3 5 5 2 1 3 4 4 4 2 2 1 4 0 4 1 0 2 0 5 2 0 1 3 0 2 2
   2 0 4 0 3 2 0 2 1 1 4]
  [0 5 5 2 2 5 2 2 0 2 3 0 1 2 5 4 4 3 2 5 5 4 1 1 5 2 4 1 0 5 2 0 0 5 2
   5 0 1 0 2 0 1 5 4 4 4 5 4 3 0 0 1 2 1 0 2 3 3 5 2 3 0 3 3 1 3 5 5 4 0
   5 4 5 5 1 0 4 2 0 1 5]
  [0 5 3 4 0 2 1 2 0 2 4 3 0 4 0 2 4 3 4 3 3 5 1 4 4 4 3 1 4 1 0 4 5 5 2
   4 3 0 5 1 0 0 2 1 2 4 5 3 0 4 3 5 5 1 0 5 5 0 0 1 3 3 0 2 2 5 5 0 2 4
   0 2 1 0 0 0 1 5 1 3 2]
  [0 2 4 0 5 0 4 3 1 4 0 2 5 0 4 5 0 4 5 1 1 1 0 0 3 1 3 4 1 2 0 4 2 4 3
   5 4 2 0 4 3 3 2 3 0 1 4 5 2 2 1 1 5 4 1 1 1 4 4 4 1 2 3 4 3 1 1 2 1 5
   0 3 4 4 5 4 1 2 1 3 4]
  [0 1 2 0 0 0 2 3 5 5 4 4 0 5 0 0 3 3 1 1 0 3 5 3 1 5 2 4 2 3 5 1 3 2 1
   1 2 1 2 0 0 1 5 4 0 1 4 2 2 1 4 3 0 4 0 4 4 2 0 2 2 4 2 5 1 1 3 4 2 4
   3 1 2 4 3 2 2 1 4 4 0]
  [0 2 4 2 2 1 5 4 1 0 0 3 2 0 4 2 2 3 3 4 2 0 4 2 2 0 4 5 0 5 4 1 2 0 2
   4 2 0 1 3 0 3 2 0 4 3 2 5 0 4 0 0 0 2 3 1 0 4 1 3 3 4 1 4 3 1 5 2 0 0
   2 3 3 3 2 3 5 5 5 5 2]
  [0 3 0 1 0 0 3 4 2 4 0 0 4 0 3 5 1 1 0 1 4 4 5 0 3 0 2 3 2 1 0 4 0 2 0
   5 4 3 5 0 4 0 2 3 0 2 4 3 4 1 0 3 5 2 3 4 5 2 3 5 1 3 0 2 4 0 5 3 1 4
   3 4 5 4 3 4 3 1 0 1 3]
  [0 2 1 3 5 2 0 4 0 5 3 2 1 4 1 3 2 5 5 4 5 4 2 2 0 1 3 2 4 5 1 4 4 1 2
   5 1 4 0 5 1 1 0 0 4 3 2 5 5 4 1 1 2 4 5 2 1 4 2 2 0 4 4 1 1 3 1 2 3 3
   4 2 1 5 2 4 1 1 3 1 0]
  [0 3 0 5 2 5 5 2 0 3 5 5 0 3 1 5 3 4 3 3 2 4 1 1 0 5 5 4 2 5 4 1 2 0 0
   2 2 2 5 0 2 5 1 0 4 3 1 5 5 5 3 3 5 4 5 3 5 0 0 4 1 2 2 3 5 0 0 4 4 4
   4 5 4 0 5 2 5 4 4 1 0]
  [0 3 0 5 4 0 5 3 2 3 1 5 2 1 1 5 2 4 3 0 1 0 4 1 1 0 4 4 4 0 4 5 1 3 4
   4 5 3 1 2 4 0 0 4 0 0 4 3 0 3 1 4 4 1 4 5 0 1 2 5 1 0 4 4 2 4 1 5 2 2
   5 2 4 0 3 2 5 1 3 2 1]
  [0 1 0 5 1 5 0 0 5 5 5 3 5 3 2 4 3 2 2 1 4 4 0 4 3 4 1 1 5 3 4 0 3 0 3
   0 4 3 1 4 3 0 2 1 5 0 3 0 1 4 4 5 2 1 0 0 2 1 4 0 5 0 3 4 3 3 2 4 5 0
   2 0 0 3 3 5 5 1 3 4 1]
  [0 5 3 4 0 3 5 3 2 3 3 1 1 5 5 0 5 4 5 3 1 3 1 1 4 1 5 0 1 4 5 5 4 5 2
   2 4 4 2 1 4 4 4 5 1 2 0 2 5 3 4 1 5 0 0 5 4 2 3 3 1 2 0 4 5 1 1 0 1 3
   4 5 1 1 2 4 0 5 1 0 3]
  [0 0 2 3 2 3 5 5 5 5 2 2 0 3 3 5 2 2 3 2 5 0 2 0 5 3 0 4 1 5 1 1 1 0 4
   2 4 2 2 1 3 1 1 3 3 1 4 0 4 0 3 1 3 0 0 5 1 1 1 0 0 1 4 1 0 5 5 3 3 0
   4 2 2 1 3 4 0 1 3 2 4]
  [0 3 5 3 4 2 5 5 0 2 5 5 5 1 5 5 4 3 5 5 5 1 1 0 3 3 1 3 4 0 1 0 1 0 0
   1 4 0 1 2 0 5 3 3 5 1 4 1 0 3 5 3 2 5 4 2 3 3 2 0 1 3 0 0 5 3 4 4 0 3
   5 1 5 5 4 5 3 2 1 4 1]
  [0 3 5 1 0 3 0 0 4 3 3 0 4 3 0 4 4 3 4 3 2 4 2 3 2 1 2 2 2 1 3 0 1 1 3
   1 1 2 5 3 2 4 0 3 0 5 5 2 4 0 1 0 5 4 3 1 0 4 3 0 1 2 1 3 5 5 1 3 4 1
   0 0 1 1 4 1 2 3 2 2 0]
  [0 4 3 1 1 1 2 4 5 1 0 3 2 4 3 3 0 2 3 0 5 4 2 4 0 3 4 3 0 2 2 3 2 4 3
   2 3 4 5 2 0 0 0 1 1 2 0 2 3 4 0 0 1 1 3 5 5 1 1 3 1 2 5 0 3 4 5 5 4 1
   0 0 0 0 3 0 4 2 3 0 3]
  [0 2 5 3 3 1 1 0 3 3 3 2 3 2 0 4 5 4 0 1 2 3 0 1 3 2 0 2 2 2 0 0 1 3 4
   3 3 0 5 4 2 2 3 3 4 1 4 1 1 4 2 0 5 1 5 5 5 0 1 3 1 0 1 1 4 3 5 5 1 2
   3 2 2 4 5 2 5 0 1 4 0]
  [0 3 1 0 2 1 4 4 5 5 1 0 4 1 4 5 3 1 2 3 2 5 3 4 3 1 3 1 5 0 0 2 2 3 3
   3 3 5 3 0 5 5 2 5 4 5 3 1 4 0 1 1 0 2 5 3 5 0 3 4 5 2 2 5 1 1 5 3 2 1
   1 3 3 5 0 2 4 1 0 3 4]
  [0 5 0 3 5 5 0 2 2 2 3 4 0 2 0 5 1 4 3 2 5 1 5 5 3 5 0 4 5 0 2 2 3 0 3
   1 3 3 1 2 3 1 5 5 5 0 3 0 4 1 4 3 3 0 2 4 1 1 5 4 0 3 0 3 0 5 5 1 0 5
   3 0 4 2 3 3 1 0 1 0 2]
  [0 2 4 5 4 5 1 2 5 5 3 0 1 1 0 2 3 2 5 5 2 4 4 4 1 1 2 5 4 4 3 4 5 2 5
   0 4 1 1 1 0 5 2 4 3 3 4 0 2 5 3 0 0 3 0 2 5 4 2 3 0 3 5 2 1 2 5 2 0 0
   1 1 0 1 4 3 5 4 1 4 4]
  [0 5 4 5 5 3 3 4 2 1 1 0 0 4 4 4 1 4 3 3 1 4 5 3 3 2 4 5 3 3 1 2 1 2 3
   3 3 0 0 0 5 5 3 5 5 2 3 5 4 2 5 1 3 4 3 0 4 5 1 3 0 2 1 5 0 2 0 3 2 3
   3 0 1 1 4 3 5 0 2 4 4]
  [0 4 0 4 0 1 1 5 3 0 5 1 0 3 5 1 4 5 3 4 2 0 2 2 3 1 3 3 2 4 0 2 3 5 5
   5 2 0 0 4 3 3 2 2 4 3 2 5 4 4 0 4 2 0 0 4 0 1 3 0 1 3 4 1 0 3 0 2 5 3
   4 4 5 5 2 2 4 1 0 0 3]
  [0 2 1 2 5 1 1 4 0 4 5 0 4 2 4 4 2 0 4 5 3 0 3 1 4 0 0 5 5 1 5 5 4 0 4
   3 0 0 2 3 2 0 3 0 5 1 0 3 5 5 1 5 4 5 1 3 1 0 3 0 4 5 0 2 4 3 2 4 5 3
   3 3 3 1 2 5 4 4 1 0 2]
  [0 3 2 1 1 2 3 3 2 4 1 1 5 3 5 4 1 0 1 5 2 2 2 2 5 4 1 3 3 4 1 5 0 2 3
   5 1 4 5 5 5 0 4 0 2 2 4 4 1 2 5 2 0 1 2 4 4 2 0 5 4 1 4 4 5 2 3 0 4 0
   5 3 3 4 4 2 5 0 2 0 2]
  [0 1 5 1 2 4 5 3 1 4 2 4 3 1 2 1 3 0 4 5 2 5 5 1 1 0 1 3 4 0 3 1 2 0 5
   3 2 4 3 1 0 3 2 0 1 2 1 3 0 2 0 3 2 1 5 5 5 0 2 0 0 1 2 4 1 1 5 3 3 0
   3 4 0 4 5 5 5 3 5 1 5]
  [0 5 3 3 3 4 1 1 2 5 4 3 5 3 2 4 4 2 2 4 0 3 5 3 4 5 5 5 1 0 4 5 1 2 3
   4 3 4 4 2 3 5 0 1 3 1 4 4 2 1 4 2 3 4 1 4 5 0 0 3 0 2 0 1 1 5 1 5 1 1
   0 5 2 1 1 4 0 0 4 4 0]
  [0 2 3 1 4 3 0 0 3 0 4 5 0 5 2 3 0 4 4 4 5 2 0 4 2 2 1 4 5 0 3 5 3 3 0
   0 2 1 5 2 4 1 0 5 3 1 3 1 4 2 5 5 3 4 2 1 4 3 3 1 0 0 4 3 1 0 4 5 4 2
   2 3 5 5 3 1 2 4 1 1 0]
  [0 3 5 5 1 3 5 3 2 5 0 3 2 5 2 0 4 3 0 5 2 4 1 5 2 5 1 3 4 0 1 5 4 3 2
   0 5 0 1 0 0 5 4 4 1 3 3 0 2 5 3 0 4 2 2 5 4 4 0 3 5 2 0 1 5 4 3 3 2 4
   2 4 2 1 3 2 2 5 0 5 3]
  [0 1 3 0 4 5 1 2 3 0 2 2 2 1 2 5 3 1 0 4 0 0 0 1 2 2 5 5 2 3 4 3 2 3 2
   3 0 2 2 5 4 2 2 2 1 5 2 1 5 1 3 4 0 0 0 3 5 2 5 2 5 1 4 0 1 2 2 1 0 0
   5 0 0 1 1 3 1 2 0 0 4]
  [0 3 3 2 3 3 3 5 0 5 4 4 1 4 1 5 2 1 2 1 3 0 2 5 0 5 2 5 4 4 0 1 0 1 2
   1 1 4 1 5 2 3 3 0 4 2 4 5 5 1 0 5 4 4 0 3 1 4 0 4 5 0 2 1 0 0 4 3 1 5
   1 0 5 3 5 5 4 5 5 5 2]
  [0 2 2 1 4 1 0 5 2 5 2 0 2 5 0 2 2 2 0 2 5 3 3 1 3 3 1 1 3 0 5 1 2 4 5
   4 3 5 5 0 1 1 2 1 1 1 1 4 1 4 0 4 2 1 5 1 3 4 0 5 3 3 3 1 0 0 5 3 0 5
   1 2 3 3 5 0 1 0 2 2 0]
  [0 4 2 1 2 2 3 2 2 1 3 5 2 0 2 2 5 5 4 2 3 0 2 0 2 0 3 4 1 0 0 3 4 0 2
   2 0 3 5 1 0 2 0 3 1 2 1 1 5 4 1 4 0 3 2 0 5 5 5 5 2 0 4 4 4 3 0 5 4 3
   2 2 0 1 3 5 0 3 4 2 3]
  [0 0 1 5 1 2 3 1 2 0 1 1 3 5 2 0 1 2 5 2 5 4 2 5 5 0 1 0 1 2 4 2 4 0 0
   2 2 5 2 4 0 2 2 5 1 1 3 2 0 3 5 3 4 5 1 2 1 2 3 1 3 3 2 3 0 0 5 0 2 0
   5 0 3 1 4 5 0 4 1 0 5]
  [0 4 5 2 2 3 2 4 4 3 0 1 1 4 4 0 5 4 3 5 2 3 2 5 2 0 2 1 0 3 1 5 0 0 3
   4 4 1 3 2 1 2 5 5 4 1 0 1 5 5 4 5 4 1 0 1 2 2 2 4 2 3 0 3 1 4 5 3 0 5
   0 0 2 1 4 1 0 2 3 1 4]
  [0 2 5 2 5 5 5 4 2 3 1 4 3 2 3 4 2 3 2 3 3 4 5 5 1 1 4 5 0 4 2 2 0 0 1
   2 1 4 1 1 5 5 5 0 3 5 2 3 2 5 5 4 5 5 4 1 2 2 1 0 2 1 2 4 1 3 0 4 0 0
   4 4 2 0 4 1 1 4 4 2 3]
  [0 3 3 3 1 4 5 0 3 1 3 3 5 4 3 1 5 3 5 4 2 1 4 3 0 4 2 0 0 2 1 2 0 2 5
   2 1 1 4 2 3 1 1 5 3 3 3 4 2 5 5 5 2 4 4 3 5 3 2 1 2 3 2 3 1 5 4 0 3 0
   0 1 1 3 0 3 0 1 1 1 1]
  [0 3 4 2 0 1 5 5 3 4 4 3 0 0 2 1 4 3 5 4 3 0 0 1 1 5 2 3 2 0 0 2 5 4 3
   4 5 4 1 1 2 3 0 2 3 5 1 3 1 2 2 2 1 1 0 1 2 0 1 4 2 2 3 3 5 3 0 1 0 0
   1 0 0 2 1 4 5 3 1 2 0]
  [0 1 4 2 3 4 5 3 2 0 3 5 1 4 4 2 3 0 4 0 2 1 1 5 2 2 3 2 0 2 4 2 1 1 2
   1 1 2 0 2 2 0 1 1 1 4 1 0 2 0 2 0 0 1 2 1 0 1 2 3 0 0 5 4 3 4 2 0 5 5
   5 1 0 3 2 2 0 4 1 3 4]
  [0 4 5 3 5 0 0 2 0 5 4 5 2 2 3 2 2 5 3 1 3 5 5 0 3 5 5 2 0 0 2 3 4 4 4
   0 4 1 0 4 1 5 5 5 0 2 0 1 5 1 0 2 0 1 2 5 0 3 2 3 3 1 2 3 4 0 3 1 5 1
   3 3 2 0 0 5 4 1 0 1 4]
  [0 1 1 5 2 5 1 1 0 4 3 4 2 1 3 4 3 3 4 1 2 5 0 2 5 1 0 4 2 1 0 0 0 5 5
   1 4 5 0 2 5 5 5 3 0 0 1 1 5 5 0 1 3 0 3 2 0 0 0 0 4 5 4 0 4 2 3 2 4 3
   5 5 0 0 0 5 4 5 5 3 1]
  [0 0 0 5 4 2 3 1 4 1 2 3 2 3 0 1 2 5 1 0 1 0 3 4 1 5 0 3 2 1 4 4 3 3 4
   5 2 1 0 3 1 0 1 2 4 5 0 4 4 1 3 1 2 1 0 5 3 1 5 0 3 3 5 3 1 2 1 0 3 4
   4 4 2 4 1 0 4 3 3 3 5]
  [0 1 2 3 0 5 4 1 4 3 3 4 0 3 2 0 5 2 5 4 0 5 3 5 1 4 0 0 3 4 5 4 1 1 0
   2 2 3 4 2 2 0 5 5 3 3 0 4 4 1 1 4 3 3 4 0 4 1 4 3 5 0 4 5 5 1 2 5 0 1
   0 1 3 0 1 1 0 0 2 5 1]
  [0 1 0 4 4 3 2 2 3 2 2 2 4 3 5 5 4 2 4 0 4 2 2 2 0 2 5 1 5 5 5 1 3 0 1
   5 2 2 4 1 4 0 0 0 2 5 5 5 0 1 1 4 1 5 3 1 5 2 2 2 2 5 3 4 1 0 1 4 1 0
   0 4 3 3 0 1 5 0 4 0 2]
  [0 1 1 3 1 0 0 1 2 0 2 3 0 2 4 3 1 3 4 0 0 5 2 0 5 2 3 1 2 1 2 4 0 1 2
   4 2 3 4 3 5 3 2 4 4 5 2 2 4 1 4 4 0 0 0 5 0 1 0 3 4 3 1 0 3 4 3 0 3 5
   4 1 0 1 4 3 4 4 0 1 5]
  [0 0 5 2 3 1 5 0 4 0 5 1 3 3 3 0 2 4 1 3 2 4 0 3 4 3 1 2 2 2 3 1 4 2 0
   5 1 5 0 5 4 3 1 4 5 3 2 5 1 1 0 0 5 3 4 3 0 2 3 2 3 5 1 3 0 1 4 5 2 3
   0 4 2 5 1 0 0 1 1 0 1]
  [0 2 4 5 3 5 2 4 1 2 1 1 4 2 5 0 0 0 3 5 4 3 2 1 2 3 2 1 5 1 1 4 4 2 1
   2 3 0 0 1 4 2 1 4 5 2 3 3 2 2 5 2 3 2 2 0 2 0 3 5 3 1 5 4 1 0 3 2 5 0
   3 5 2 3 0 0 1 1 3 2 0]]

 [[0 1 5 4 5 0 3 3 2 2 2 5 3 4 0 3 4 0 1 1 2 3 5 2 4 4 4 2 5 3 4 0 0 1 4
   0 2 1 4 4 0 5 4 2 2 0 5 2 0 2 1 5 2 2 5 3 0 3 5 3 5 0 4 3 4 0 5 4 4 5
   1 1 4 2 1 0 0 1 4 0 3]
  [0 0 5 2 4 2 3 3 2 2 4 3 5 4 0 3 5 4 5 1 0 2 3 0 3 2 5 5 1 3 1 1 4 1 4
   0 1 5 1 5 0 5 2 4 2 4 4 5 2 4 4 5 3 2 2 1 0 5 4 0 1 3 1 3 5 3 0 2 0 3
   4 4 2 5 4 1 5 0 3 3 0]
  [0 2 0 5 5 3 5 1 3 5 0 0 5 3 3 0 3 3 2 4 4 1 1 4 0 0 0 1 2 3 4 5 2 4 4
   2 0 5 2 0 3 2 0 2 1 2 0 4 5 0 3 1 1 3 5 4 3 1 4 5 1 2 4 5 5 0 3 2 0 5
   2 1 2 1 5 5 0 5 3 3 3]
  [0 3 0 0 4 3 2 5 0 1 5 3 2 3 5 1 0 1 4 3 4 4 0 3 2 4 1 0 5 3 1 4 0 3 2
   3 4 1 2 0 2 1 5 1 5 5 0 5 5 0 3 4 1 1 0 5 1 3 5 1 1 5 0 0 1 1 0 2 3 5
   5 1 0 0 3 1 5 0 0 4 3]
  [0 3 4 0 0 3 5 5 3 0 4 4 2 2 2 1 2 2 1 3 1 0 2 1 4 5 0 1 0 3 2 0 2 3 5
   2 4 5 5 5 4 5 4 0 5 3 0 3 3 0 4 3 2 4 5 4 0 0 0 1 0 1 3 2 0 3 1 0 3 1
   5 4 0 3 3 1 3 3 5 5 5]
  [0 1 0 2 2 0 5 0 5 4 0 1 4 0 4 0 1 0 3 1 1 1 1 4 4 3 0 5 2 1 0 0 1 1 1
   0 5 4 2 2 1 3 4 0 0 1 4 5 5 0 3 5 3 1 1 5 3 5 4 3 3 0 5 4 1 5 0 4 2 4
   3 0 3 5 2 4 5 2 3 0 1]
  [0 2 3 3 5 5 0 4 2 5 0 0 4 0 5 2 4 2 0 5 4 1 4 2 3 1 3 1 4 4 1 1 0 5 0
   4 2 1 5 0 3 4 0 5 4 2 5 1 2 2 0 5 2 5 1 2 5 0 5 2 2 4 3 0 3 2 4 2 5 4
   4 5 2 4 3 0 3 0 5 1 3]
  [0 0 4 1 5 0 1 0 2 5 2 0 2 2 5 0 5 2 4 1 4 3 3 2 5 3 3 2 1 0 2 0 0 4 1
   3 2 2 3 1 5 4 1 1 0 4 3 0 2 1 5 0 3 1 0 4 2 2 1 1 0 1 3 5 4 2 3 2 2 4
   1 0 5 4 3 4 2 2 3 5 5]
  [0 0 1 5 2 0 4 5 0 1 1 4 1 0 4 3 2 4 3 2 0 2 3 1 4 2 4 1 3 0 2 1 4 0 3
   3 2 0 2 1 0 2 5 3 3 4 0 2 3 0 4 1 4 5 1 5 0 5 0 4 1 4 5 2 1 5 0 4 4 4
   0 3 2 0 4 4 3 1 0 3 3]
  [0 3 4 4 4 0 2 3 3 0 1 3 0 4 3 0 3 1 5 5 1 5 5 2 0 1 0 0 2 1 0 2 0 3 5
   4 2 0 5 5 2 1 3 3 3 0 5 4 1 3 3 5 0 4 2 5 4 3 2 4 1 0 4 0 1 3 1 0 0 4
   1 1 3 5 3 2 5 2 0 5 0]
  [0 5 0 2 1 5 1 2 0 0 0 2 0 2 2 3 1 3 4 5 3 2 0 3 1 4 2 3 4 3 5 2 3 2 1
   1 2 3 2 1 4 4 2 1 5 1 5 0 3 4 1 2 1 2 0 5 0 1 4 5 4 2 1 3 0 1 3 1 4 3
   1 2 2 2 2 1 0 3 5 0 4]
  [0 0 5 1 3 5 0 3 0 1 1 0 5 0 4 1 2 2 4 1 0 3 2 1 1 2 5 4 1 5 4 0 3 0 4
   1 2 3 4 3 5 5 2 5 4 1 1 5 0 2 1 3 2 3 0 3 1 4 2 1 3 4 0 0 1 1 4 2 0 1
   1 0 2 1 0 5 2 0 4 4 3]
  [0 5 3 4 0 3 3 1 1 3 0 3 0 2 5 3 3 3 5 5 4 3 4 0 0 0 5 4 0 1 5 1 4 1 3
   4 1 0 0 2 4 0 1 2 4 2 4 3 5 5 1 5 5 1 3 2 4 5 3 1 2 1 3 2 4 1 0 5 0 5
   5 3 3 1 5 0 1 4 0 4 5]
  [0 2 5 4 5 4 0 2 3 2 1 2 4 0 3 3 1 5 2 5 4 3 3 0 4 4 0 0 1 5 5 5 5 5 0
   1 4 3 5 5 0 5 0 2 2 4 2 1 3 0 5 5 4 4 5 0 2 3 5 4 4 3 0 0 2 0 4 0 3 5
   5 1 4 4 3 5 2 2 3 0 3]
  [0 2 0 3 3 1 1 3 0 1 4 5 1 5 0 5 2 3 2 3 3 4 0 3 1 4 2 1 0 2 0 2 2 2 0
   1 1 2 0 5 0 3 2 1 5 4 1 5 1 2 3 1 1 3 2 5 5 2 1 4 3 3 3 1 3 2 4 4 3 0
   0 4 2 5 3 3 5 4 2 2 3]
  [0 5 2 3 4 1 2 0 3 2 2 2 2 3 3 0 3 0 5 0 5 3 3 1 4 1 5 1 1 0 2 1 4 1 3
   3 5 4 4 2 4 1 0 1 3 5 0 5 5 3 2 4 1 2 2 1 3 0 1 3 1 5 5 3 4 2 4 3 1 2
   5 1 4 4 3 4 3 3 5 1 1]
  [0 3 3 3 2 3 5 2 4 5 4 4 3 3 5 2 0 3 4 1 5 4 1 2 3 1 0 4 2 3 0 5 1 0 5
   3 0 2 0 5 2 4 0 5 2 1 5 5 2 4 5 0 3 2 1 1 4 4 5 1 3 2 0 5 2 1 5 5 0 5
   4 0 4 3 3 3 2 2 3 2 1]
  [0 2 4 4 0 2 1 3 0 5 2 1 0 5 1 2 4 0 0 0 2 4 1 0 4 0 3 1 1 1 5 3 2 3 0
   5 0 1 1 4 4 3 0 3 0 5 0 0 1 1 2 4 1 2 4 0 1 1 2 1 4 5 4 0 5 3 5 1 0 3
   3 1 1 5 3 3 2 3 0 3 5]
  [0 3 1 0 0 2 4 2 1 5 1 5 0 2 0 0 4 0 0 4 5 0 0 1 3 2 5 5 1 0 2 0 1 2 3
   1 0 4 5 4 1 0 0 2 1 2 2 5 3 2 3 2 3 5 5 4 0 3 3 5 4 2 0 1 0 5 4 0 3 4
   5 4 1 3 2 4 2 2 0 5 5]
  [0 5 3 5 1 3 2 5 0 3 5 1 1 4 0 1 5 2 4 0 0 5 5 1 1 2 2 0 4 4 3 1 1 0 5
   1 5 2 2 5 0 4 1 1 5 5 5 2 0 3 1 4 4 3 2 5 1 0 4 5 4 1 2 1 5 5 2 3 3 1
   0 4 4 1 5 3 0 2 5 1 4]
  [0 2 2 1 2 0 5 2 4 4 4 0 3 1 2 3 2 4 1 3 0 1 1 0 1 5 3 1 4 3 0 1 5 0 5
   0 5 4 2 3 3 0 2 3 0 5 0 0 0 1 4 3 3 5 0 1 1 1 1 4 2 1 2 1 4 2 4 3 4 0
   3 5 5 3 3 5 4 5 4 2 2]
  [0 2 4 2 1 1 2 2 2 2 1 4 1 1 0 5 5 4 5 0 3 0 3 1 5 3 2 2 4 2 1 1 1 0 3
   1 4 4 5 5 3 1 5 3 0 3 3 2 2 1 5 3 3 0 2 3 2 1 3 1 3 2 2 0 3 5 3 5 2 5
   3 2 3 2 4 2 0 3 3 0 5]
  [0 4 5 0 4 5 5 3 2 5 0 2 1 2 5 3 1 4 3 1 0 2 0 1 4 1 2 4 4 0 3 1 1 3 1
   4 4 0 3 1 1 5 4 3 1 5 2 2 4 5 0 2 2 5 2 3 5 1 4 5 1 0 0 0 0 0 3 3 3 2
   4 3 5 5 0 2 2 0 3 2 1]
  [0 3 3 2 0 0 1 4 3 4 2 1 2 0 5 0 3 5 5 5 1 5 4 0 5 3 4 2 2 3 5 1 2 3 1
   5 5 4 5 0 5 5 1 0 0 4 0 4 4 0 1 5 1 4 4 3 1 3 4 1 4 2 1 5 0 5 1 2 5 2
   0 5 5 2 1 4 0 4 0 0 3]
  [0 2 2 5 0 1 2 0 2 4 4 2 1 1 4 3 3 5 2 5 0 1 4 4 0 0 3 3 0 4 2 5 1 3 3
   5 5 5 2 4 3 4 1 3 0 4 4 3 2 4 5 1 2 1 1 1 0 0 4 3 5 4 5 2 5 4 5 5 1 3
   1 2 4 5 1 0 3 1 3 5 2]
  [0 3 2 3 4 4 2 3 2 3 5 5 2 0 5 5 2 0 4 3 2 1 5 0 2 0 1 1 3 1 0 3 5 2 0
   0 2 1 3 3 0 3 5 3 0 3 2 0 5 3 3 3 3 3 4 4 0 3 4 2 4 4 5 0 0 4 1 3 4 4
   1 4 0 4 3 1 5 4 4 1 1]
  [0 5 4 0 0 0 2 0 4 2 0 4 5 1 2 3 5 3 1 5 5 3 1 0 1 2 0 4 3 0 5 2 3 0 5
   0 1 1 1 5 4 4 3 1 3 2 0 5 3 0 3 2 1 5 1 3 3 5 2 4 5 1 3 1 2 0 1 4 3 1
   4 5 3 0 2 4 2 0 1 3 2]
  [0 4 0 0 1 3 1 4 1 4 1 4 3 0 0 2 2 2 4 1 1 2 3 3 4 0 4 0 1 1 3 2 4 2 0
   2 2 5 2 0 5 0 2 2 5 1 5 2 3 2 1 0 0 2 0 2 1 0 4 3 0 5 5 0 2 0 3 1 5 0
   2 4 0 5 5 4 3 4 5 3 5]
  [0 3 4 1 5 5 0 4 0 3 3 1 3 0 4 0 2 0 0 1 0 1 1 0 0 2 1 3 0 0 0 1 3 5 4
   3 0 5 1 0 1 0 5 3 0 3 0 3 5 3 4 0 0 4 1 0 3 1 4 0 2 3 3 1 3 1 0 2 4 3
   0 4 5 3 0 5 4 5 1 2 1]
  [0 2 3 3 2 1 3 2 2 3 1 2 2 2 1 3 1 3 2 5 3 3 4 5 2 5 4 2 1 0 0 2 0 2 1
   1 5 2 5 3 5 4 0 3 4 5 5 0 1 3 5 1 3 4 5 5 2 3 3 0 4 0 0 3 4 0 5 2 0 0
   5 4 2 2 1 3 5 4 5 2 3]
  [0 1 0 2 5 4 3 4 3 4 3 2 1 5 4 0 4 5 3 5 3 5 0 3 5 2 5 5 2 2 0 4 3 4 5
   0 5 5 2 5 0 1 5 0 2 3 0 5 4 2 2 5 0 0 0 3 2 0 1 4 5 4 4 5 3 3 3 5 4 3
   1 3 2 3 3 0 4 0 5 3 3]
  [0 0 0 2 4 4 1 5 2 4 4 0 0 2 1 5 3 0 4 1 2 2 3 2 5 2 1 0 4 5 3 0 4 2 4
   1 4 5 3 3 5 0 0 1 0 0 0 1 0 5 3 3 5 3 5 0 5 5 3 0 1 1 5 5 0 0 0 0 2 4
   2 0 0 5 5 3 5 5 0 5 5]
  [0 3 5 3 4 3 0 5 4 5 3 4 5 2 5 3 1 4 5 2 2 3 4 3 2 3 5 0 1 2 5 0 0 0 5
   1 2 4 1 2 0 4 2 3 2 2 5 1 5 0 2 1 3 2 2 3 4 2 2 3 0 4 1 0 0 1 0 2 1 5
   5 4 2 2 0 4 5 0 3 3 1]
  [0 3 3 1 2 3 2 2 2 3 1 3 0 3 3 1 1 1 5 2 2 3 2 4 1 5 2 4 1 0 1 2 1 0 2
   4 0 4 0 3 1 0 4 5 4 4 3 4 2 4 3 0 3 4 1 2 0 2 4 3 1 0 1 1 3 1 1 3 4 4
   4 3 3 1 3 3 1 4 2 1 0]
  [0 3 3 0 2 2 5 1 0 3 4 4 5 5 5 4 3 5 4 3 5 3 3 4 2 0 1 0 1 0 4 1 1 0 0
   5 5 4 1 0 1 3 2 0 5 0 1 0 5 0 3 4 2 0 5 4 1 0 3 3 5 3 2 1 2 2 4 4 0 4
   2 3 0 3 4 5 2 5 3 2 2]
  [0 1 5 4 5 3 5 5 4 0 4 1 3 0 0 1 2 2 5 5 2 2 0 3 4 5 5 0 4 0 2 4 3 5 5
   0 2 1 1 2 1 2 1 5 0 1 5 0 1 3 1 2 5 5 1 1 1 1 4 0 4 4 1 0 5 3 0 3 2 5
   2 2 5 5 1 2 1 1 4 5 3]
  [0 0 3 1 0 3 2 4 5 1 5 0 1 2 3 4 0 1 2 4 3 5 4 3 5 3 3 0 5 5 1 2 5 2 3
   3 0 0 2 1 0 1 5 3 5 3 2 4 5 1 1 3 5 4 2 5 2 3 1 1 0 3 1 4 0 1 1 4 1 3
   2 0 4 3 0 5 5 2 0 5 5]
  [0 1 4 3 5 0 4 4 2 4 0 2 0 0 0 2 4 2 3 2 4 1 2 5 1 1 1 5 4 0 0 0 3 1 4
   3 1 0 3 4 2 4 5 2 0 1 0 4 4 0 4 5 2 3 5 0 4 2 1 0 2 0 2 5 2 1 3 0 1 3
   0 3 0 2 1 3 4 4 1 3 0]
  [0 1 0 1 4 5 1 5 0 2 0 2 5 5 1 4 5 2 0 5 5 0 1 3 5 0 3 2 2 2 3 2 3 1 0
   1 1 5 0 0 0 2 2 0 2 0 5 5 3 4 2 3 2 3 0 1 1 0 4 0 4 5 2 4 0 5 2 2 2 3
   1 0 3 1 1 4 0 1 4 3 4]
  [0 2 1 3 5 1 4 2 5 3 3 4 4 3 4 1 3 1 0 0 2 5 5 0 1 3 4 4 2 2 1 5 5 0 3
   0 1 2 1 0 3 1 1 3 5 0 4 2 2 0 0 0 1 1 0 4 3 0 3 2 4 2 5 5 0 1 4 5 4 3
   4 0 3 3 5 5 0 1 1 0 1]
  [0 4 1 1 0 3 5 3 4 0 1 0 0 5 3 0 1 5 2 2 1 0 5 1 1 4 0 5 1 5 0 2 5 5 0
   1 4 5 2 1 0 1 2 4 0 5 5 0 3 3 2 4 3 3 5 0 2 3 4 0 4 1 2 1 4 3 3 3 4 4
   2 4 0 4 1 5 0 3 2 5 2]
  [0 3 5 5 3 5 3 3 3 2 4 3 3 4 2 0 5 3 3 5 0 5 4 2 2 1 5 0 5 0 2 5 3 3 5
   3 3 2 0 0 5 0 3 5 1 2 3 0 1 0 0 4 5 3 5 0 4 4 1 5 2 4 4 5 5 0 4 3 1 0
   0 1 5 4 0 5 2 5 3 5 1]
  [0 4 1 3 1 2 1 0 3 1 2 4 5 1 0 4 4 3 3 2 5 3 0 2 4 1 2 5 4 5 5 3 2 4 0
   0 3 4 2 4 0 1 0 2 0 3 1 1 1 5 5 1 1 5 0 3 1 1 0 5 0 5 0 5 1 4 4 3 4 3
   0 5 0 0 3 4 1 0 5 2 2]
  [0 5 3 1 3 5 4 1 3 2 1 1 1 5 1 4 1 2 2 4 0 4 4 4 5 0 0 3 5 1 0 2 5 3 1
   2 5 5 3 1 3 4 1 0 4 5 1 4 3 4 5 4 0 5 3 3 1 3 3 3 2 0 0 0 3 3 3 5 0 2
   1 1 0 5 1 0 4 2 2 0 4]
  [0 4 0 1 0 0 0 3 5 3 4 0 2 2 5 3 2 5 0 5 3 2 2 1 0 2 0 3 5 0 2 0 5 1 2
   4 0 4 4 1 1 1 2 2 0 2 1 4 5 0 1 4 0 1 2 5 3 2 5 2 1 4 1 4 2 5 1 3 5 4
   2 1 3 3 3 3 1 0 2 3 4]
  [0 0 0 3 3 4 0 0 1 2 5 5 3 1 5 0 0 0 3 5 3 4 1 4 0 3 3 2 4 2 5 0 0 0 5
   2 4 1 1 2 4 4 1 0 5 0 3 3 1 5 3 2 4 4 1 1 5 5 3 3 2 4 1 4 0 1 1 1 4 4
   3 3 0 2 3 1 1 1 5 3 3]
  [0 4 1 1 5 4 2 2 3 1 2 3 4 5 2 4 0 4 2 5 0 3 0 0 2 5 0 2 0 1 3 1 1 3 2
   2 3 4 2 0 1 2 1 3 5 5 0 5 3 1 4 2 0 3 4 1 3 3 4 3 3 3 3 2 0 2 1 0 0 2
   2 3 4 3 0 0 4 4 3 2 2]
  [0 4 5 1 1 4 4 3 4 3 2 2 5 4 5 0 5 0 1 2 1 4 2 4 2 3 1 0 5 4 4 1 0 5 4
   2 0 2 4 5 5 1 5 2 1 1 4 0 3 0 5 1 0 3 0 3 4 3 3 1 0 1 3 0 5 2 2 2 0 2
   2 2 3 1 1 1 1 3 3 4 1]
  [0 2 5 2 4 0 1 1 1 2 5 1 5 5 1 4 3 3 3 5 0 2 5 5 0 5 3 1 1 3 4 3 2 0 4
   1 0 0 2 1 5 3 4 4 3 4 5 3 0 3 0 2 1 3 2 1 5 2 2 5 3 3 5 4 5 0 4 4 2 3
   4 5 5 4 2 0 0 1 5 4 0]
  [0 1 3 2 1 5 3 4 1 5 3 0 2 2 1 0 1 0 2 5 1 0 5 2 3 0 2 1 5 3 5 1 3 4 1
   2 3 4 1 0 5 3 0 5 0 0 3 4 3 0 1 2 4 5 0 0 5 0 4 4 5 4 2 4 1 1 5 0 1 3
   5 4 5 1 1 4 2 4 3 3 3]
  [0 1 5 5 3 0 4 3 4 4 1 2 1 5 3 3 5 1 5 3 1 4 4 2 0 5 5 0 5 2 0 5 3 0 4
   1 0 0 5 5 3 1 1 2 1 4 3 0 1 4 0 0 3 1 0 2 1 5 5 2 3 3 1 3 2 1 0 2 0 5
   3 5 4 5 1 1 2 1 0 5 4]
  [0 2 5 4 0 0 5 0 1 5 3 3 5 5 4 3 4 5 4 4 1 5 5 2 0 4 5 5 1 4 3 2 3 3 0
   4 2 0 5 4 1 3 4 3 4 3 5 3 0 1 0 0 5 5 4 3 4 1 0 1 0 5 5 0 4 4 3 5 4 2
   5 5 5 1 2 0 2 5 0 1 4]
  [0 0 4 0 3 1 1 1 4 1 3 5 0 4 4 3 4 0 5 3 4 2 3 0 5 3 2 2 2 4 0 2 1 1 1
   2 5 5 1 3 0 2 1 0 1 2 4 1 1 5 2 4 0 1 2 2 0 4 3 5 1 5 0 4 1 5 4 2 1 3
   0 4 0 1 1 0 3 3 5 1 0]
  [0 3 4 0 4 5 3 5 1 5 5 5 5 5 3 5 3 2 5 5 0 4 3 1 1 3 1 1 3 1 4 2 3 2 4
   5 0 5 1 4 1 4 5 4 4 4 0 5 0 5 1 3 1 0 0 0 3 1 0 4 5 0 3 2 5 4 5 0 0 4
   4 2 4 3 0 2 0 3 2 5 3]
  [0 2 5 4 0 2 4 1 1 3 1 1 2 2 2 3 0 1 1 4 0 5 0 1 5 5 3 3 0 4 2 0 1 4 4
   1 5 4 3 5 3 1 5 5 1 4 5 4 4 1 2 3 0 4 0 3 2 2 3 4 5 3 2 3 5 0 5 2 3 3
   1 4 2 5 1 5 0 5 2 3 2]
  [0 2 5 3 3 4 2 0 0 0 0 4 1 1 3 1 2 4 1 5 0 0 1 1 5 2 0 4 5 0 0 1 3 0 2
   5 0 4 5 0 4 5 5 1 3 3 5 3 0 2 2 5 3 2 2 0 2 3 1 4 0 1 0 4 1 1 5 2 0 0
   2 4 4 4 1 3 5 1 0 2 2]
  [0 5 0 2 0 1 1 5 2 0 2 2 5 0 2 0 3 0 3 4 2 0 5 3 2 4 5 1 3 1 0 2 1 0 3
   3 5 1 2 0 5 5 4 0 0 3 1 3 3 1 0 0 5 5 5 5 0 1 3 2 0 2 1 5 1 4 2 5 0 3
   4 3 3 2 0 4 1 1 1 1 1]
  [0 2 0 4 4 2 2 1 5 0 1 2 5 4 3 2 4 0 4 0 0 2 0 5 5 4 3 1 5 0 1 0 5 5 0
   0 1 5 2 0 3 3 0 2 3 1 0 4 1 0 0 0 1 5 4 0 3 0 1 1 1 0 3 5 4 1 5 5 4 1
   0 5 5 4 4 3 0 0 1 2 4]
  [0 1 3 5 5 4 2 3 4 1 5 4 2 1 3 2 3 2 2 4 3 5 2 3 4 2 4 2 0 4 3 4 3 1 0
   2 5 1 1 2 4 0 2 5 5 2 2 0 5 2 2 0 3 3 2 0 2 4 0 1 3 1 2 5 2 0 4 1 5 4
   4 4 3 4 2 0 0 0 2 5 2]
  [0 5 1 3 0 4 3 2 2 4 1 2 4 3 4 5 1 1 1 4 3 1 1 0 2 0 0 1 4 5 1 3 0 4 5
   5 5 4 4 0 4 2 5 3 4 2 4 3 5 2 3 4 3 0 4 4 4 5 2 0 5 5 2 3 3 1 4 0 1 5
   4 1 3 4 5 3 4 3 1 5 3]
  [0 2 4 4 4 0 2 0 3 4 2 1 3 4 0 2 1 0 2 4 0 2 5 4 3 5 1 0 3 4 2 1 4 4 4
   5 0 0 0 5 2 4 4 4 2 4 3 1 0 4 5 0 4 2 5 2 0 0 0 4 0 1 2 3 3 2 1 0 4 1
   1 2 1 5 2 4 5 3 0 5 1]
  [0 5 5 2 1 5 0 2 2 3 0 1 3 2 1 1 5 4 1 1 4 5 0 5 2 2 3 0 2 5 1 3 5 0 4
   2 2 3 5 1 3 0 2 0 0 1 0 3 2 4 3 3 0 0 1 0 4 1 3 4 4 0 3 3 1 0 4 0 4 1
   3 2 4 0 2 4 1 2 4 3 3]
  [0 2 2 5 5 3 5 1 2 2 5 1 3 4 5 0 5 5 3 1 3 5 3 1 1 2 1 0 0 3 2 5 0 0 2
   1 5 0 0 1 3 4 3 0 4 2 1 4 3 5 3 4 0 5 1 0 4 0 5 0 3 4 0 1 0 4 2 4 1 5
   1 5 5 4 2 4 5 1 2 4 2]
  [0 5 2 0 2 4 1 2 5 5 2 0 1 0 2 4 0 0 2 0 5 1 2 0 0 4 2 3 3 5 3 1 2 2 3
   2 1 0 5 3 2 0 0 0 4 4 3 3 2 4 5 0 4 2 2 3 5 2 2 1 0 4 3 0 5 3 0 4 2 2
   3 2 2 0 0 3 4 4 1 5 1]
  [0 1 5 3 5 3 0 0 5 0 4 0 5 2 0 5 5 3 0 2 5 5 0 3 2 1 4 5 4 1 2 5 3 5 4
   3 4 4 5 4 0 4 3 4 2 4 4 0 1 0 4 1 0 0 1 0 5 2 5 0 3 3 5 1 0 4 5 5 3 2
   4 5 0 4 1 4 4 1 2 2 2]
  [0 5 1 4 3 2 5 0 1 1 0 2 4 0 2 3 5 2 5 3 1 1 2 3 4 5 2 4 0 4 5 1 3 5 2
   0 4 3 5 5 3 5 3 1 3 5 3 4 0 0 3 1 2 2 3 2 4 2 3 4 2 1 4 4 5 0 5 2 4 1
   2 3 3 5 2 2 4 1 2 4 4]
  [0 5 3 4 3 1 0 5 4 5 2 1 1 5 4 3 1 1 5 3 5 5 5 3 4 2 2 5 5 0 4 5 4 3 5
   0 4 3 0 0 5 4 0 5 4 3 1 4 2 3 3 4 5 2 3 0 2 2 4 1 5 1 0 2 1 4 0 5 0 5
   3 5 1 0 0 3 4 2 1 3 0]
  [0 4 3 1 2 2 2 5 5 2 3 2 0 5 5 2 2 2 4 2 4 4 4 0 2 2 5 0 1 1 0 3 1 2 1
   4 2 1 2 1 0 3 3 3 3 3 3 0 5 3 3 1 4 4 5 3 1 1 2 2 1 1 0 2 0 1 4 0 0 1
   4 1 4 5 3 1 3 1 1 4 2]
  [0 1 1 0 0 3 0 5 3 4 1 2 5 4 1 1 2 5 2 4 5 3 5 4 0 1 4 5 5 2 5 2 3 3 5
   0 1 3 0 1 5 2 5 5 5 1 1 5 1 5 0 5 3 3 2 3 3 5 0 4 3 4 5 0 0 3 4 0 0 1
   3 1 2 5 4 0 2 1 2 0 0]
  [0 2 1 2 4 5 3 0 1 1 3 1 0 4 1 1 4 2 2 5 3 1 4 2 5 1 4 4 2 2 3 2 2 3 1
   4 5 0 4 3 5 4 5 3 0 3 1 2 1 3 5 3 4 0 1 1 4 0 1 4 1 4 0 0 3 5 1 3 1 0
   1 2 1 4 1 3 0 4 3 3 0]
  [0 4 2 0 2 0 0 3 4 5 1 1 5 0 1 3 5 2 5 5 4 1 4 4 5 4 1 0 1 5 3 2 0 4 3
   4 2 5 1 1 0 0 5 1 0 3 1 5 2 1 4 4 3 5 5 3 5 5 4 4 5 3 5 2 3 4 2 0 2 2
   0 2 4 3 5 3 4 4 4 3 0]
  [0 5 1 3 5 3 4 0 5 0 5 1 5 0 3 1 4 4 1 5 4 0 3 2 5 2 5 1 4 2 1 3 4 4 1
   5 4 0 4 2 1 0 3 3 4 3 5 1 1 5 5 5 2 2 1 5 2 2 4 3 3 1 0 5 5 1 1 3 1 2
   5 0 2 1 5 1 0 1 4 1 3]
  [0 5 4 5 2 5 2 0 4 5 4 1 2 4 1 2 3 0 3 3 4 5 2 0 3 5 0 1 0 3 5 5 5 0 3
   0 5 4 4 0 1 0 4 4 4 5 5 5 1 4 4 2 0 3 3 1 4 2 0 4 0 2 1 0 2 1 2 1 5 1
   3 0 0 2 0 3 4 5 0 5 1]
  [0 0 5 2 2 2 2 1 1 0 0 2 0 4 4 5 5 3 1 0 0 3 3 2 4 4 2 4 1 2 4 1 1 1 4
   0 1 5 1 3 4 4 2 1 5 1 0 3 1 0 3 3 1 0 5 5 0 0 0 1 2 4 0 3 3 4 4 0 1 3
   1 5 0 0 5 0 1 3 2 2 1]
  [0 3 3 4 0 0 0 2 4 2 0 1 5 5 3 1 2 2 2 2 1 3 0 2 3 3 5 4 2 1 2 0 5 3 4
   1 2 2 5 4 5 4 4 1 3 3 5 0 0 3 4 4 4 3 1 5 3 5 0 4 4 3 3 0 0 3 3 2 4 2
   2 4 5 4 0 4 4 1 0 3 2]
  [0 2 4 3 2 5 2 3 3 4 5 2 0 0 1 3 1 1 1 1 1 2 1 5 1 1 5 3 4 1 2 4 1 4 2
   2 2 1 2 5 1 3 0 3 5 3 0 5 0 3 3 4 1 2 0 2 0 1 4 1 0 0 0 4 5 2 2 4 0 3
   3 1 5 1 5 0 5 4 0 5 1]
  [0 0 1 5 0 5 3 5 2 4 4 2 0 3 0 3 3 0 0 3 0 5 0 2 0 0 4 3 0 5 0 2 5 2 3
   3 3 5 1 2 1 4 2 2 0 1 5 5 0 3 3 5 2 0 2 1 5 3 2 4 5 4 3 1 4 5 1 4 3 0
   0 3 4 2 2 4 0 3 3 5 1]
  [0 3 0 2 1 4 5 0 0 4 5 3 5 3 3 0 0 0 3 2 2 2 3 0 1 4 2 1 3 5 0 5 2 1 3
   5 5 2 5 4 2 0 0 2 5 4 4 3 2 0 0 2 0 0 3 1 1 1 2 0 0 4 2 4 3 5 4 2 5 0
   2 0 5 4 0 3 0 0 4 0 2]
  [0 3 2 4 5 1 5 5 1 2 1 3 4 1 0 2 1 2 2 4 4 0 5 0 0 4 3 5 5 2 5 1 0 0 3
   1 2 1 3 3 4 1 5 2 3 0 2 5 5 5 4 1 0 1 4 4 0 0 5 4 0 4 5 1 4 5 2 0 5 5
   3 2 5 1 3 4 2 0 0 4 3]
  [0 1 2 4 4 0 3 2 1 3 2 3 1 4 5 3 1 5 2 0 3 4 3 0 5 2 4 1 5 2 0 0 5 1 0
   3 4 3 0 4 4 3 0 3 3 0 5 0 3 1 4 3 2 1 2 5 4 2 3 1 2 2 2 2 5 1 1 0 2 4
   1 4 5 4 1 0 4 1 0 0 3]
  [0 2 1 0 0 5 2 3 0 3 5 0 1 5 5 0 0 4 3 1 2 3 3 3 0 5 4 2 4 4 0 2 4 5 1
   3 4 3 0 3 5 2 3 4 1 5 5 5 2 0 0 4 5 5 3 0 5 2 2 0 2 5 0 5 4 2 2 3 1 1
   2 0 1 3 5 2 0 2 2 0 0]]

 [[0 1 4 5 3 1 3 2 0 3 3 4 3 4 0 0 1 0 3 3 4 2 0 1 2 4 5 1 0 0 4 5 3 1 3
   4 3 0 1 1 4 5 4 2 5 5 4 0 3 0 0 5 1 2 1 1 1 5 4 3 1 2 4 0 3 4 1 0 2 3
   5 2 0 2 4 4 2 4 0 2 2]
  [0 0 2 3 1 0 3 5 5 1 3 0 1 5 5 4 4 2 0 5 4 2 5 5 0 5 4 2 3 1 3 2 2 2 4
   4 2 2 2 4 4 1 4 4 0 2 4 2 0 4 5 5 2 2 5 1 0 5 3 0 3 2 5 1 3 1 5 4 4 0
   0 0 2 0 0 4 2 1 3 3 5]
  [0 5 0 0 1 5 4 5 1 1 2 2 3 3 1 2 1 2 1 4 5 5 2 3 5 0 1 1 4 2 3 4 1 5 1
   5 4 1 4 2 5 5 0 5 5 2 2 2 0 0 0 2 0 5 1 0 1 4 2 3 4 4 1 4 4 4 3 4 4 4
   4 2 1 0 1 3 0 1 5 0 1]
  [0 2 0 0 3 3 3 1 3 4 4 0 2 1 5 2 0 5 2 2 4 5 5 3 1 4 0 4 3 0 3 2 5 0 0
   5 0 1 4 2 2 1 3 3 3 0 5 0 5 0 1 0 1 3 2 4 2 1 5 2 1 5 1 2 4 1 4 0 5 2
   2 2 0 1 2 0 3 0 5 0 5]
  [0 4 2 0 0 0 3 2 1 2 1 2 2 3 3 1 4 0 5 0 1 0 2 0 1 5 2 0 2 5 3 0 3 1 0
   1 4 2 1 0 3 5 0 2 1 3 5 5 5 0 4 2 5 4 2 0 5 1 4 4 0 3 1 0 0 2 4 4 5 5
   0 3 3 4 5 2 4 4 4 0 2]
  [0 1 0 2 1 0 2 3 0 4 4 5 4 0 0 0 2 4 0 0 5 1 3 0 4 3 0 5 1 1 4 5 2 3 1
   3 4 5 0 4 4 5 1 0 3 3 3 1 1 2 4 4 3 2 1 0 0 1 1 5 3 0 5 4 5 4 5 2 2 3
   2 1 4 5 2 4 2 5 2 0 1]
  [0 2 2 4 1 3 0 1 5 5 0 3 4 1 4 3 0 2 1 5 3 5 1 1 3 5 0 0 2 1 1 4 1 3 2
   0 3 5 2 0 4 1 3 0 3 1 1 5 3 3 2 0 2 0 4 5 2 5 2 5 5 2 0 4 0 4 2 2 1 3
   1 0 0 2 1 0 0 2 1 4 5]
  [0 2 1 4 0 1 0 0 3 0 5 5 3 4 4 2 4 0 5 1 4 1 0 4 4 4 1 0 2 2 2 2 5 5 2
   2 0 4 2 4 2 2 5 1 4 4 5 0 4 1 1 5 2 0 1 3 5 4 1 2 1 0 4 2 0 0 4 1 1 3
   5 0 1 0 0 4 5 3 5 0 1]
  [0 3 5 3 1 5 2 2 0 0 3 4 3 5 4 0 0 0 2 5 3 2 1 0 4 2 1 3 2 3 0 1 1 2 5
   0 5 0 2 2 2 0 0 0 2 4 1 3 0 1 5 2 3 5 4 5 2 3 2 2 3 3 3 3 5 3 4 4 5 3
   0 2 1 2 5 5 1 0 3 1 3]
  [0 4 3 3 3 5 4 1 4 0 5 2 5 5 3 4 1 4 2 4 5 0 3 0 3 0 5 1 2 1 0 3 5 5 0
   5 5 5 2 5 3 4 5 3 1 1 1 1 0 1 0 0 1 1 2 4 0 5 0 5 5 2 0 2 1 2 5 4 2 4
   1 4 4 0 0 2 0 2 4 2 1]
  [0 2 1 1 2 1 5 1 0 4 0 0 5 0 1 0 2 0 5 2 3 4 5 3 0 0 3 0 5 2 1 3 1 2 2
   3 3 5 4 0 5 4 0 2 0 0 3 0 2 0 4 2 4 3 0 4 0 1 2 1 4 5 0 3 3 5 5 4 5 4
   0 2 4 5 0 3 5 3 4 0 1]
  [0 4 3 4 0 5 4 4 5 4 4 0 2 2 3 0 4 4 1 2 3 5 4 1 3 2 4 0 4 3 4 1 0 5 2
   0 4 4 4 1 0 0 0 3 0 3 0 1 4 0 5 5 0 5 2 5 3 1 0 0 2 3 0 0 3 3 0 5 3 1
   1 3 4 1 1 1 4 4 5 5 1]
  [0 2 5 1 1 1 4 2 0 1 5 0 0 3 3 1 4 1 1 3 4 5 4 3 4 0 0 5 2 4 4 1 4 0 0
   1 1 1 3 4 3 5 2 3 3 1 1 3 0 1 5 5 4 5 5 4 1 2 4 2 3 1 3 4 4 3 1 4 5 4
   4 5 3 5 4 3 1 5 4 3 1]
  [0 5 3 2 5 3 4 1 0 3 1 4 2 0 0 4 3 5 2 5 4 1 1 3 3 3 0 1 0 5 1 0 4 4 1
   5 4 3 2 0 5 4 2 2 4 5 4 5 1 1 3 2 0 2 1 5 1 4 2 1 0 1 2 4 0 3 4 5 2 5
   0 5 4 4 0 2 5 5 2 4 1]
  [0 4 0 1 1 1 0 2 1 4 5 4 5 0 0 1 0 0 5 2 2 3 5 3 4 0 2 0 3 3 0 1 3 2 4
   1 5 3 2 2 5 5 1 0 1 5 2 4 5 2 1 0 1 1 3 3 3 0 3 1 5 4 5 0 3 4 2 2 3 0
   1 4 1 1 1 1 1 5 5 5 2]
  [0 5 3 5 3 4 3 1 4 3 5 0 1 3 0 0 3 2 3 2 5 2 2 5 2 3 5 3 1 1 4 0 4 5 4
   1 1 5 5 3 5 3 0 4 0 3 2 0 0 2 5 2 0 0 5 1 2 0 2 5 3 2 3 3 4 0 3 5 4 3
   1 1 3 1 2 2 0 0 3 3 0]
  [0 2 5 0 0 5 4 5 3 2 1 4 5 0 5 2 0 3 4 4 4 2 2 3 5 3 1 2 4 2 4 2 5 0 0
   2 3 3 5 5 4 1 5 3 5 2 4 1 3 0 3 5 0 3 1 2 2 0 1 3 0 5 0 1 1 5 5 4 3 1
   3 0 1 4 1 5 5 4 1 1 3]
  [0 4 0 5 5 2 2 5 5 1 0 4 0 5 5 5 3 0 4 4 2 1 5 5 5 0 5 4 2 3 5 4 0 2 4
   1 1 3 5 0 2 5 3 3 3 1 0 0 2 4 4 2 0 1 5 0 4 0 4 1 2 0 5 1 5 5 1 1 5 4
   5 3 2 2 5 1 1 2 5 5 0]
  [0 3 0 2 5 2 3 1 0 3 1 2 2 0 1 5 4 1 0 1 3 0 5 0 5 0 0 1 2 2 0 0 4 1 3
   2 4 2 0 3 1 1 1 4 2 1 3 0 0 5 3 2 0 1 4 3 5 1 1 5 5 1 5 5 0 3 5 4 3 3
   5 5 1 2 4 4 4 3 4 1 2]
  [0 4 5 4 3 4 3 5 1 2 4 3 4 3 2 2 2 2 3 0 5 0 0 3 3 0 5 2 3 4 0 2 3 0 0
   2 4 0 4 4 0 4 0 3 2 4 2 2 2 5 1 0 4 3 1 4 1 3 2 4 1 5 5 4 2 3 4 4 0 1
   4 1 2 0 5 0 4 3 0 3 2]
  [0 4 5 5 5 0 1 3 5 4 1 1 0 0 3 3 0 3 2 0 0 4 4 2 3 2 2 1 0 5 4 5 0 1 0
   5 2 1 0 1 4 5 4 2 3 3 5 3 2 1 2 0 0 5 5 2 1 5 2 5 5 3 1 2 2 0 3 1 3 1
   5 4 3 0 2 1 4 1 5 3 2]
  [0 4 4 1 4 2 1 4 0 0 4 2 5 1 0 2 1 2 3 0 4 0 1 0 4 0 5 4 0 3 3 5 0 0 5
   2 5 3 1 2 2 4 3 1 2 2 2 2 3 2 3 2 1 0 0 4 4 0 4 2 5 2 5 2 3 2 3 2 3 2
   4 0 0 1 0 0 1 4 1 4 4]
  [0 4 2 0 2 4 2 1 0 1 1 1 2 0 0 2 1 0 5 4 2 0 0 1 4 4 5 0 0 3 3 5 1 2 1
   4 4 4 4 1 5 4 2 2 4 3 5 2 5 5 0 2 3 0 5 5 5 3 5 4 2 1 4 1 2 3 1 4 0 0
   0 5 5 5 4 2 0 2 5 2 0]
  [0 4 5 0 3 5 3 4 4 4 1 0 2 3 3 5 1 3 5 1 5 1 4 0 1 2 2 3 3 3 0 5 2 5 5
   3 2 5 5 3 2 3 2 0 0 3 3 4 4 0 3 1 0 1 5 2 1 4 0 3 1 4 2 1 0 4 3 4 5 1
   3 2 1 1 1 2 3 5 5 1 0]
  [0 0 1 4 4 5 2 4 4 3 2 5 4 5 2 2 2 4 1 2 5 4 5 2 0 1 4 3 2 4 2 1 4 2 4
   4 0 3 1 5 2 4 5 0 0 5 3 4 4 4 2 4 5 0 0 1 4 4 5 0 1 4 0 2 1 1 0 1 3 2
   5 3 1 4 0 1 2 1 0 1 3]
  [0 3 3 3 3 3 1 2 5 5 2 4 4 0 5 4 3 1 2 1 0 0 4 4 5 0 0 4 4 3 3 0 2 1 3
   2 5 3 0 3 5 3 3 1 5 1 2 1 5 2 2 5 1 0 3 0 4 2 4 2 1 0 3 4 1 5 3 3 0 4
   0 3 5 4 2 1 3 3 5 5 2]
  [0 1 3 4 1 1 3 4 3 3 4 1 0 3 0 3 4 5 3 4 0 4 3 5 0 4 0 3 2 5 2 5 5 3 3
   3 2 1 4 3 5 5 1 2 5 4 1 0 5 3 3 5 5 3 2 4 3 2 3 5 5 2 1 3 4 0 5 0 2 3
   3 4 2 2 2 1 1 1 5 0 3]
  [0 3 5 0 0 5 5 0 1 4 3 4 1 5 1 1 4 2 1 4 2 5 3 5 4 0 5 0 3 4 2 5 0 0 3
   5 2 4 1 3 2 4 3 0 0 5 1 4 5 0 2 5 4 5 1 4 0 0 4 4 0 4 2 1 1 0 4 0 1 3
   4 3 0 1 0 3 3 1 5 3 5]
  [0 3 1 1 0 3 0 2 0 5 2 1 5 5 3 5 2 4 4 0 4 0 5 4 2 2 1 0 0 4 5 4 2 5 0
   2 4 5 2 5 1 0 1 4 1 1 4 2 1 1 0 4 5 1 5 4 4 1 5 1 2 0 1 4 1 0 1 0 1 1
   3 5 1 4 4 2 0 2 5 0 0]
  [0 4 1 1 1 5 1 3 0 5 2 2 5 4 4 2 3 5 4 4 4 0 2 3 2 0 5 3 2 0 0 5 1 0 5
   5 3 4 3 3 4 4 2 3 4 0 2 0 5 4 0 0 4 3 4 2 1 5 1 0 1 2 3 0 0 0 5 4 3 0
   1 1 1 2 3 2 0 3 1 4 3]
  [0 5 1 5 2 5 1 1 0 5 4 4 2 5 1 1 4 3 3 2 2 3 5 3 5 5 2 2 2 4 0 4 5 3 2
   1 0 0 1 4 2 2 2 1 3 1 0 5 3 2 5 5 4 3 1 3 4 5 1 2 1 2 5 2 1 1 0 0 1 0
   0 0 1 1 3 1 5 1 3 1 0]
  [0 4 5 3 0 0 4 0 3 1 0 5 5 1 1 2 0 4 0 5 2 1 5 1 3 2 1 1 0 1 1 0 5 0 4
   3 4 0 1 0 0 3 4 1 4 0 0 0 5 1 0 0 3 3 2 3 1 4 2 1 1 4 3 0 4 1 5 0 3 5
   5 0 0 2 2 3 2 3 5 1 0]
  [0 1 2 1 2 4 1 5 1 0 2 0 3 1 2 2 1 5 4 5 2 2 3 0 3 3 4 5 5 3 0 0 0 3 2
   1 0 1 2 3 1 2 1 1 3 2 2 4 2 2 1 3 4 4 2 5 4 2 4 0 4 4 5 3 0 0 3 5 4 1
   0 5 1 0 0 2 0 5 2 1 5]
  [0 1 4 3 0 2 0 5 2 4 3 5 3 0 5 3 3 2 0 0 5 3 1 1 3 1 0 5 2 3 1 2 5 0 1
   2 1 5 4 2 4 3 5 3 4 2 4 1 4 5 4 2 0 4 3 2 5 0 0 2 4 0 2 5 0 0 0 0 1 2
   5 3 1 5 1 4 3 4 2 1 2]
  [0 5 2 4 1 1 3 4 2 4 2 1 5 1 5 3 2 5 2 0 3 1 5 3 4 4 2 1 5 4 2 5 2 2 0
   3 3 2 1 4 3 1 1 0 4 2 2 5 5 0 5 2 1 2 4 3 1 4 3 3 2 5 0 3 3 5 3 5 2 2
   4 0 0 5 0 0 3 5 5 1 3]
  [0 4 4 2 2 5 1 2 0 0 1 1 3 5 2 3 2 4 0 3 3 5 5 3 4 3 5 5 4 1 0 4 0 3 2
   0 0 0 4 1 5 4 5 1 4 0 0 4 3 2 0 2 2 2 3 2 5 3 1 1 1 4 3 0 4 3 0 3 5 5
   2 2 0 5 1 3 4 3 3 1 5]
  [0 2 3 3 1 0 3 4 0 1 5 4 4 4 2 0 2 0 4 2 4 5 5 0 5 1 3 2 3 2 3 1 2 1 3
   3 0 4 1 2 2 4 1 3 5 3 2 3 1 3 4 1 2 4 5 1 1 3 3 5 0 4 0 2 1 2 5 4 5 4
   3 2 2 0 2 4 5 0 3 4 1]
  [0 0 4 5 2 2 0 5 2 3 0 5 5 2 5 3 5 0 4 5 3 3 1 0 1 2 5 2 2 2 3 0 4 2 3
   3 4 0 2 2 5 1 5 5 4 2 2 2 2 4 5 4 2 0 3 5 0 5 5 2 4 2 3 1 5 1 2 5 4 4
   3 4 4 3 4 5 2 4 2 4 4]
  [0 2 3 4 3 5 0 0 3 0 0 3 0 1 4 4 1 5 4 4 1 0 3 5 0 5 3 3 5 0 4 3 3 2 1
   0 4 4 0 3 1 4 0 4 0 3 1 5 5 4 1 5 0 1 0 0 0 3 2 1 3 3 3 0 0 4 5 3 1 1
   3 4 2 1 3 2 0 2 0 2 3]
  [0 4 1 5 2 1 4 5 3 2 3 4 0 4 3 2 4 3 1 5 2 2 4 1 5 1 0 4 1 3 0 4 4 2 3
   4 2 1 4 0 0 3 5 5 5 1 2 2 1 3 0 0 3 0 2 4 3 1 0 2 5 1 2 0 4 4 5 4 2 4
   4 5 5 3 3 4 4 2 3 2 4]
  [0 4 0 5 3 0 5 0 3 5 3 4 5 4 4 1 5 2 4 1 0 1 2 3 2 4 1 3 0 0 5 5 0 1 0
   1 3 4 5 4 0 3 5 0 2 1 1 1 0 2 3 5 5 3 2 3 1 4 3 0 2 2 0 2 3 4 5 3 0 1
   5 0 3 1 3 2 3 5 2 1 2]
  [0 3 3 1 2 4 4 0 4 4 0 2 0 4 2 1 0 4 5 0 0 0 4 0 5 4 1 3 2 4 3 1 0 0 4
   5 1 4 5 3 3 0 4 1 1 3 2 4 1 0 2 5 3 1 3 0 4 2 1 0 3 4 4 0 3 2 4 4 3 0
   2 1 1 5 0 1 0 3 0 1 1]
  [0 4 5 1 2 5 2 3 1 0 3 0 0 5 1 0 4 4 0 3 1 3 0 4 1 0 3 1 5 4 3 1 0 3 2
   3 1 2 4 5 5 5 0 4 2 4 1 1 5 4 3 2 2 2 2 4 0 0 5 4 2 4 3 0 0 3 5 5 3 0
   2 2 4 4 0 4 3 0 3 2 2]
  [0 4 0 5 1 5 2 4 2 2 1 2 1 1 0 0 1 4 1 5 3 2 1 5 1 2 2 2 0 0 0 1 5 5 1
   3 3 3 1 0 0 3 4 0 1 4 2 0 3 4 0 3 2 1 4 0 0 5 3 1 4 3 4 5 2 0 4 0 2 2
   5 1 2 0 0 3 2 3 4 4 3]
  [0 0 4 5 5 5 0 2 4 3 3 0 4 2 4 5 3 4 1 4 3 2 5 3 2 1 5 4 4 4 3 2 4 1 5
   2 0 3 4 5 0 5 3 4 0 4 2 3 3 1 1 2 4 4 4 0 1 4 5 2 2 2 4 1 5 2 5 0 0 4
   4 1 0 3 3 5 5 4 0 3 3]
  [0 4 3 2 3 0 2 2 1 0 1 4 3 5 5 5 4 4 1 3 3 3 3 3 3 4 4 0 1 5 1 1 5 0 3
   0 2 0 3 4 1 2 3 2 0 0 2 2 1 4 5 5 0 2 5 5 1 2 1 1 4 5 4 5 2 5 3 1 5 3
   1 5 2 5 5 2 3 5 2 2 5]
  [0 0 5 2 0 0 0 1 3 2 3 2 5 1 3 5 5 0 4 3 0 5 2 0 0 1 3 4 5 5 4 2 1 0 0
   0 1 4 4 5 2 0 0 1 4 0 0 5 5 4 0 2 1 1 1 1 2 5 5 3 4 3 4 1 3 1 2 0 5 3
   5 2 4 0 3 2 2 1 3 5 2]
  [0 3 5 0 3 5 3 5 5 4 2 4 2 0 3 0 0 0 3 2 0 3 0 3 1 0 0 4 5 5 0 1 2 2 2
   4 0 5 0 2 1 5 1 3 0 3 1 0 1 3 4 3 5 0 1 2 3 2 0 1 1 5 2 1 4 1 4 1 4 3
   3 4 5 2 2 1 0 3 2 4 3]
  [0 4 3 5 5 3 2 0 4 3 5 2 5 0 4 1 0 2 4 1 5 1 2 1 1 4 4 0 4 5 0 0 2 0 2
   0 0 2 3 3 4 3 0 3 5 1 3 5 0 1 5 4 1 5 3 0 5 3 0 5 5 0 2 2 0 5 5 3 4 5
   0 4 3 0 3 5 5 3 5 2 5]
  [0 4 3 1 3 3 2 4 3 3 3 5 0 4 5 2 0 3 1 0 3 0 0 0 3 4 3 2 4 5 1 1 3 2 3
   2 1 4 1 3 5 2 3 3 1 5 1 5 0 0 4 1 2 5 5 2 3 0 4 3 4 1 0 5 5 1 1 0 5 3
   2 5 1 2 4 4 1 5 0 2 4]
  [0 1 3 4 4 1 0 2 2 3 5 2 1 5 4 3 5 3 0 5 2 5 1 3 0 2 5 4 0 4 1 1 1 0 2
   4 4 1 2 4 4 4 0 5 5 1 5 3 3 5 0 0 4 1 4 2 0 1 2 4 1 5 2 2 1 3 2 4 0 1
   0 3 1 5 1 2 4 0 0 5 0]
  [0 0 5 2 0 1 0 3 2 2 4 5 3 0 0 0 5 1 5 5 4 1 3 0 0 2 0 5 4 0 4 4 0 5 2
   1 0 3 1 0 3 5 0 1 3 0 0 1 3 0 1 0 5 3 1 2 0 4 3 5 5 0 0 2 4 4 5 4 3 4
   4 0 1 3 2 2 0 3 1 0 5]
  [0 5 3 4 2 4 4 0 3 2 3 0 2 3 2 2 2 5 2 2 5 3 1 2 4 4 4 5 1 5 1 0 4 2 5
   2 5 4 0 4 4 2 3 2 3 4 2 0 5 0 3 5 0 2 4 5 1 2 3 0 5 1 4 5 0 4 2 2 2 3
   5 1 2 1 2 1 4 3 1 4 2]
  [0 4 0 5 1 4 0 5 4 3 4 2 4 3 5 1 5 0 0 4 0 5 1 0 3 0 5 0 4 5 1 3 0 4 2
   4 5 0 4 0 5 3 2 5 3 4 5 4 0 1 4 5 4 0 1 0 4 5 5 1 5 5 4 3 3 3 5 1 5 3
   3 2 1 2 4 0 1 1 5 0 3]
  [0 4 5 2 3 2 5 1 1 5 5 3 4 3 5 1 2 0 1 5 0 5 4 1 4 4 4 2 0 5 2 3 0 1 5
   1 4 0 5 5 3 1 5 2 0 5 2 5 0 0 5 0 4 2 0 0 5 1 2 1 0 3 1 4 1 1 5 5 4 0
   2 4 5 3 0 5 5 5 4 0 1]
  [0 2 1 5 0 3 0 4 2 0 3 4 5 0 3 0 2 5 1 2 2 2 3 1 5 3 5 3 5 2 0 1 4 5 3
   2 0 1 1 0 4 4 2 4 0 0 2 4 2 1 3 0 3 4 5 0 0 2 4 4 4 5 0 4 2 1 3 3 5 2
   0 4 0 2 2 5 5 4 5 5 1]
  [0 3 3 4 4 1 2 1 1 0 4 3 2 1 1 5 2 1 2 2 5 4 0 2 0 0 4 2 2 1 0 4 2 1 4
   2 0 3 5 5 3 4 0 1 2 1 3 0 1 1 0 1 1 2 2 5 0 2 3 5 5 0 1 2 0 2 3 2 4 5
   4 5 0 3 5 5 0 5 5 0 4]
  [0 0 1 1 3 3 0 1 0 0 5 0 0 5 1 0 5 0 5 3 2 0 3 2 1 1 4 5 4 4 1 5 0 3 5
   1 0 0 0 3 1 5 3 5 5 1 0 5 4 1 1 5 1 4 1 3 1 0 5 0 5 3 3 5 4 3 5 2 5 5
   4 1 0 4 3 4 4 1 5 2 4]
  [0 3 0 2 2 3 1 5 1 5 1 2 0 0 0 5 1 3 0 0 0 3 3 1 2 5 2 1 5 0 4 2 2 1 0
   5 0 4 4 5 4 3 1 1 5 1 0 2 1 2 1 1 0 1 5 3 3 2 0 3 0 3 3 3 5 1 3 5 2 2
   3 3 4 3 4 2 5 1 1 0 1]
  [0 3 0 4 0 1 0 4 4 0 5 3 4 5 3 4 3 0 3 3 2 5 0 5 5 2 5 3 4 4 5 1 5 0 0
   2 0 0 2 3 3 3 0 0 4 3 1 1 3 0 2 3 0 5 1 3 1 4 3 0 3 4 1 0 3 2 5 2 1 3
   2 3 5 1 3 4 4 1 1 1 5]
  [0 1 4 0 1 4 2 0 5 0 0 5 2 0 0 1 3 0 1 3 4 2 3 4 4 2 3 1 2 1 4 1 5 0 1
   5 1 0 1 1 2 4 2 0 3 2 0 2 1 4 3 1 0 4 5 4 5 0 1 0 0 1 2 5 5 3 4 5 2 1
   4 3 3 1 2 2 5 2 2 5 3]
  [0 1 4 2 0 3 3 2 2 2 3 0 2 3 3 1 0 3 1 0 1 0 2 5 2 0 2 5 3 4 1 1 2 0 0
   5 0 5 4 1 5 1 3 5 2 5 1 0 5 4 1 2 0 3 5 2 0 5 0 2 5 0 3 2 3 0 5 3 5 2
   1 5 4 0 4 5 3 1 5 4 5]
  [0 5 0 5 4 0 4 2 1 1 1 1 2 5 0 2 5 2 4 2 0 0 2 2 4 0 5 4 5 3 2 1 2 2 1
   5 3 2 1 3 4 1 4 4 2 4 2 0 0 2 4 5 3 0 4 4 1 3 1 5 4 1 0 0 1 3 5 4 3 0
   4 4 2 1 5 0 5 1 4 3 4]
  [0 2 5 3 0 1 1 5 1 4 0 0 0 4 2 1 2 0 5 0 5 3 5 4 4 0 3 5 4 3 1 3 4 3 0
   5 0 5 4 0 0 4 2 2 5 0 2 0 0 5 1 2 1 4 1 3 3 0 3 0 5 3 5 0 3 1 1 1 4 3
   4 2 4 2 2 5 0 0 5 2 5]
  [0 4 2 3 2 5 1 1 1 3 4 1 0 4 5 4 2 5 0 5 4 0 2 3 4 2 5 3 3 2 5 0 2 2 0
   3 1 5 5 0 1 4 4 2 0 2 5 3 2 5 0 0 0 2 3 4 3 0 0 1 5 1 3 4 0 0 5 5 0 4
   1 3 1 2 5 3 4 5 5 5 1]
  [0 3 1 0 5 4 3 5 3 2 5 3 0 5 4 2 5 4 2 2 2 3 5 2 3 4 0 1 1 0 5 2 5 4 1
   4 4 1 3 3 0 2 1 4 1 0 2 3 5 4 4 0 3 2 5 3 1 3 3 4 4 1 0 0 5 0 4 1 5 5
   1 3 5 0 1 5 1 5 1 5 5]
  [0 1 3 3 2 4 4 2 0 2 5 0 0 0 0 3 3 5 5 2 3 1 5 0 3 3 5 5 3 1 1 2 3 2 2
   3 5 5 2 2 0 3 3 1 0 2 5 3 1 3 4 2 3 3 3 2 0 0 2 4 4 1 0 3 0 0 0 2 2 4
   2 4 2 5 3 0 3 2 2 3 4]
  [0 0 2 0 2 4 4 0 0 5 5 0 0 5 2 5 4 3 4 2 3 5 0 0 0 5 3 0 4 0 2 0 1 0 5
   4 5 2 1 2 0 2 4 3 0 5 3 1 1 0 1 5 1 1 2 5 0 1 2 5 2 5 1 4 2 3 4 0 5 1
   0 2 0 3 1 2 0 3 2 3 4]
  [0 1 1 5 5 1 3 0 3 1 3 5 1 1 2 5 5 1 4 1 1 2 1 4 5 0 0 4 3 5 0 4 4 4 5
   1 0 5 3 1 5 0 2 0 2 1 5 1 5 3 0 2 1 5 5 2 5 5 4 0 2 3 3 2 1 0 5 4 0 2
   5 3 0 2 0 2 2 1 2 2 5]
  [0 2 3 5 2 2 1 4 0 5 3 1 5 0 5 2 4 4 1 4 4 5 2 2 4 5 0 5 5 5 1 1 0 0 0
   0 5 2 0 2 1 1 2 1 3 5 4 4 2 2 0 3 1 0 2 0 5 1 2 1 2 4 5 2 3 3 1 3 3 0
   1 2 1 1 3 5 4 0 5 1 2]
  [0 2 3 2 2 2 2 4 3 0 4 5 4 5 2 0 3 1 5 1 2 4 0 3 3 4 0 5 3 4 5 0 4 4 0
   1 5 1 5 5 0 3 5 4 3 5 5 1 2 0 4 0 5 3 4 4 3 3 2 1 3 3 1 5 2 2 4 0 0 3
   0 2 4 2 5 0 5 1 0 2 3]
  [0 4 5 5 2 1 3 0 1 4 0 1 5 4 0 4 1 5 1 1 2 3 5 2 2 3 0 5 3 4 1 4 1 3 0
   4 3 2 5 4 0 1 2 1 4 1 2 4 5 4 4 3 3 2 3 5 5 0 2 3 3 0 3 1 0 4 3 1 1 0
   3 0 0 0 2 4 4 4 1 0 4]
  [0 2 1 0 5 5 3 0 3 3 4 3 0 2 1 3 1 2 3 4 4 3 4 0 4 3 5 2 4 1 1 4 0 3 2
   4 5 5 5 5 1 2 0 1 0 1 2 2 5 4 1 2 1 0 0 1 5 4 4 1 4 1 3 2 2 0 5 4 4 4
   3 4 0 4 2 5 0 2 0 2 1]
  [0 0 3 2 5 5 5 4 2 5 4 4 2 3 4 5 2 5 0 5 5 5 2 4 1 3 5 3 1 5 5 0 2 5 0
   3 4 5 4 5 4 0 4 1 3 4 0 1 3 4 4 1 4 1 3 3 4 2 3 5 4 3 1 5 2 1 2 3 0 5
   2 2 1 0 3 5 0 3 2 3 4]
  [0 1 1 0 2 4 4 3 3 2 1 1 4 4 1 2 5 5 1 0 5 0 0 1 5 0 1 5 0 1 3 4 1 4 4
   0 5 2 4 4 1 5 2 4 3 3 1 0 2 3 2 3 3 4 0 0 2 1 4 0 1 5 4 1 3 5 1 3 1 5
   4 2 4 4 0 3 1 4 0 4 0]
  [0 5 2 4 1 3 1 5 1 3 4 0 5 5 4 5 5 2 1 3 5 2 0 5 2 2 1 1 2 2 5 3 5 5 0
   1 3 5 4 2 1 5 4 0 2 0 0 1 5 2 4 2 0 3 1 1 5 3 4 0 5 5 2 1 3 0 1 3 3 4
   0 5 3 0 3 0 0 1 1 5 5]
  [0 3 2 5 5 1 4 2 2 5 4 1 5 1 2 4 0 4 5 1 0 4 3 5 1 5 2 3 5 3 0 5 2 3 1
   3 5 5 3 0 5 0 3 3 5 2 4 0 3 0 5 3 4 3 1 3 5 1 3 5 3 2 3 5 4 5 4 2 2 2
   1 1 3 3 4 4 0 1 3 5 1]
  [0 2 1 4 0 3 2 0 0 1 3 0 5 1 4 0 1 3 4 4 1 2 0 3 3 1 0 3 0 2 5 3 4 2 4
   3 5 2 3 4 4 4 4 2 3 2 5 0 2 5 1 4 0 5 2 1 0 2 0 5 4 5 4 3 2 2 2 5 5 5
   3 2 0 4 2 3 3 0 0 3 4]
  [0 2 1 2 5 3 1 2 2 1 4 1 5 4 0 0 0 3 0 2 5 1 2 2 0 2 1 1 3 1 0 1 5 5 0
   4 2 3 2 5 4 5 2 2 4 2 4 1 5 5 2 1 0 0 1 2 2 5 4 4 0 2 5 0 5 0 3 2 4 0
   1 2 5 4 3 2 1 3 0 4 4]
  [0 1 3 5 3 2 3 4 0 1 0 4 4 5 1 3 4 3 5 3 3 3 5 4 0 2 4 5 5 2 0 5 1 3 1
   2 5 1 4 2 5 2 0 0 0 5 5 0 2 1 2 5 4 0 0 0 4 0 2 2 5 1 2 1 2 5 4 4 2 4
   5 3 4 3 0 1 4 5 0 0 3]
  [0 1 4 2 3 0 4 4 0 4 0 4 4 3 2 1 5 1 2 1 5 3 2 2 4 4 2 1 3 5 0 1 3 1 4
   1 4 1 0 1 4 3 5 1 5 5 0 3 0 4 5 4 2 5 1 4 3 4 1 5 2 4 2 3 3 0 2 1 3 0
   1 0 4 3 0 3 0 2 2 0 0]]

 [[0 2 5 4 2 5 2 5 3 5 1 4 5 0 4 1 2 3 4 4 4 1 1 4 5 4 4 5 3 1 2 1 4 2 2
   1 0 1 3 1 0 2 5 3 2 4 5 0 0 4 0 5 4 0 3 2 5 2 4 3 3 3 2 3 1 3 5 3 2 1
   4 3 0 0 1 0 1 3 2 4 5]
  [0 0 1 1 4 3 5 5 3 0 1 4 1 5 2 0 1 5 1 4 2 3 0 3 5 5 2 1 2 3 2 2 1 3 4
   4 5 2 0 0 0 4 1 3 5 3 0 5 4 4 4 5 0 2 4 5 2 1 5 2 1 3 5 2 1 1 0 5 0 4
   2 1 1 0 1 1 3 4 2 4 1]
  [0 4 0 2 0 2 0 5 0 0 0 3 1 4 3 5 1 0 1 2 2 3 2 1 3 4 5 3 1 1 0 1 3 4 3
   1 2 3 2 3 5 1 1 3 4 1 3 2 0 2 5 0 5 3 2 2 3 5 2 0 2 2 5 0 3 0 2 2 2 3
   1 0 4 3 0 2 1 5 4 5 1]
  [0 1 5 0 4 1 1 4 1 0 1 5 4 4 5 0 1 1 5 0 1 2 5 0 1 5 3 2 0 5 3 2 3 4 1
   1 1 4 0 0 5 4 5 3 2 5 1 3 2 3 3 1 4 1 4 2 1 4 5 5 5 3 4 1 4 5 2 2 0 2
   0 3 0 0 3 2 0 0 0 5 1]
  [0 3 1 0 0 2 0 3 5 3 3 4 5 1 4 5 4 0 4 5 0 5 5 5 2 5 5 1 3 5 1 2 3 2 4
   0 2 4 2 2 3 3 2 1 1 3 2 4 4 1 5 5 4 0 1 5 5 4 3 5 5 3 3 3 5 2 0 3 4 0
   5 4 5 4 1 2 5 0 1 0 3]
  [0 5 3 2 4 0 2 4 2 0 1 5 0 1 0 1 3 3 5 3 4 5 4 1 2 2 2 1 2 2 4 4 4 5 2
   3 2 2 5 5 0 4 1 0 5 0 4 1 4 2 5 2 2 4 3 1 3 1 3 0 1 3 2 1 5 0 1 2 0 5
   3 3 1 4 1 2 4 1 2 4 0]
  [0 2 4 2 3 0 0 5 3 2 3 5 5 4 4 2 5 5 3 5 3 3 3 4 1 2 3 5 0 3 1 2 5 2 0
   4 2 2 2 4 3 1 1 0 3 3 5 5 2 1 2 5 2 1 2 1 5 2 2 2 0 4 2 1 3 5 4 3 0 0
   4 3 3 5 4 2 0 5 1 1 2]
  [0 0 4 4 1 0 5 0 5 1 4 2 2 2 3 3 0 3 2 0 1 3 1 0 5 5 5 2 3 3 5 3 4 3 2
   4 5 0 0 3 0 5 4 1 2 5 1 3 0 3 2 2 5 2 0 1 3 2 5 0 3 4 5 3 3 0 3 5 1 3
   0 1 4 0 4 0 0 1 2 3 2]
  [0 3 2 1 4 4 5 4 0 1 0 2 2 5 4 3 1 4 4 5 3 0 0 0 1 4 4 5 3 2 1 0 4 5 4
   5 5 3 4 5 2 1 5 2 2 3 5 4 3 5 0 2 5 2 0 0 4 2 0 3 4 5 0 2 5 1 0 3 0 0
   2 4 5 0 4 0 1 3 2 4 0]
  [0 3 5 3 3 3 3 0 1 0 3 2 2 2 3 3 5 4 2 5 2 0 1 1 4 2 0 5 3 1 1 0 5 3 5
   5 1 2 0 2 4 2 2 5 1 4 2 3 5 4 3 5 2 1 5 2 0 1 1 5 4 5 3 5 1 4 1 5 0 4
   3 3 1 4 4 1 4 4 3 4 5]
  [0 1 4 4 3 0 2 2 3 0 0 1 2 0 1 4 3 3 2 0 4 3 2 0 3 3 5 3 1 4 4 4 4 5 1
   2 1 1 2 0 3 2 0 2 4 3 5 1 4 2 3 3 0 2 3 3 1 1 5 0 3 5 1 4 2 5 3 1 5 4
   3 4 3 4 0 1 4 0 1 3 4]
  [0 5 3 1 4 1 1 4 5 4 5 0 5 2 1 4 1 1 1 2 2 4 5 5 1 0 3 4 1 4 3 5 2 4 1
   2 2 3 5 3 3 4 4 2 4 5 3 1 0 4 5 4 5 4 2 5 0 0 1 5 3 2 3 5 3 0 1 4 1 5
   3 0 5 2 3 2 5 0 5 5 1]
  [0 2 5 5 5 1 4 5 0 5 2 0 0 5 0 4 5 4 5 1 5 3 0 1 2 3 3 2 2 2 3 2 5 0 5
   5 3 2 5 4 3 5 5 2 4 2 4 2 0 0 2 3 3 1 1 1 0 4 3 3 5 4 5 1 1 5 4 1 3 1
   1 0 1 4 1 0 0 0 1 5 3]
  [0 4 3 0 2 5 0 4 3 3 1 5 0 0 3 1 2 3 2 5 1 3 2 4 0 5 4 4 4 2 3 3 0 1 4
   5 5 1 5 1 2 5 1 0 3 4 0 0 2 4 2 0 2 4 3 4 3 1 1 1 4 1 2 3 1 0 3 5 2 2
   5 3 1 3 3 3 5 2 4 2 0]
  [0 4 0 0 2 4 2 1 2 2 1 2 3 2 0 4 2 3 5 5 2 1 3 2 5 1 0 4 5 4 4 2 3 2 4
   1 3 2 2 0 4 0 1 2 0 4 5 5 1 5 2 3 0 2 1 2 2 1 5 0 2 2 4 1 4 0 4 3 2 2
   4 2 3 0 2 0 0 1 2 0 4]
  [0 4 0 2 3 3 3 1 5 2 2 4 1 2 3 0 5 1 0 2 1 2 2 3 1 0 1 3 1 0 0 1 2 2 5
   5 1 1 1 1 3 3 4 3 4 3 0 3 2 5 4 4 1 1 0 2 1 2 5 5 0 2 0 1 3 1 5 3 1 3
   2 3 4 5 1 2 3 5 3 5 4]
  [0 2 3 4 2 1 0 1 2 4 2 5 5 2 2 0 0 4 0 5 4 4 2 1 2 1 1 4 2 5 0 2 0 2 1
   0 5 4 4 5 5 4 0 3 5 3 0 5 4 3 5 2 2 0 2 5 4 3 2 5 2 3 5 1 3 5 3 4 4 1
   3 5 0 3 3 2 5 1 1 3 0]
  [0 0 4 5 3 1 5 2 2 0 3 5 1 3 5 2 3 0 1 0 5 3 0 5 2 2 2 3 1 3 2 5 5 0 1
   0 4 0 4 1 0 5 1 5 5 3 1 0 1 3 1 0 4 0 2 0 1 3 1 0 4 1 0 2 3 1 2 3 3 1
   3 3 3 4 0 3 3 0 4 4 2]
  [0 0 3 1 5 0 5 0 1 5 1 3 0 3 2 4 5 0 0 3 2 2 2 0 3 5 5 0 3 1 0 0 5 0 4
   0 4 4 3 2 1 0 3 5 0 2 5 3 5 3 5 0 5 0 1 3 2 0 4 5 5 3 3 0 3 2 0 0 3 4
   5 1 0 0 2 5 2 4 2 0 5]
  [0 3 4 4 1 5 4 2 5 2 3 3 0 1 4 2 2 1 3 0 1 1 0 5 3 5 0 1 0 0 2 2 3 0 1
   0 5 5 3 4 2 2 1 5 2 5 3 3 1 1 2 1 0 4 0 2 1 4 1 4 0 2 5 4 0 1 5 1 3 5
   3 1 4 4 1 0 4 1 4 3 0]
  [0 1 5 2 0 2 1 1 5 5 0 1 1 0 4 5 4 1 3 1 0 0 5 4 0 0 1 5 1 0 4 1 0 2 3
   2 2 4 0 1 2 3 2 5 2 4 1 4 0 2 4 5 3 4 2 2 4 4 1 5 5 5 0 3 1 1 1 3 2 3
   3 3 1 3 2 5 5 1 2 0 1]
  [0 1 4 1 0 0 4 5 3 0 0 5 2 3 5 0 5 3 5 5 5 0 0 2 5 1 0 0 5 3 5 2 4 4 1
   1 2 1 2 5 0 5 4 3 1 4 5 5 2 1 5 0 0 0 4 4 4 4 5 1 5 4 2 0 5 5 0 3 3 2
   0 0 2 4 5 4 0 2 5 3 2]
  [0 4 4 4 0 2 4 5 1 5 5 4 3 3 1 3 4 4 1 0 1 0 0 1 0 4 3 1 5 1 2 4 4 1 4
   4 1 0 4 4 0 1 2 1 0 3 1 5 4 4 4 1 0 0 0 4 1 2 1 3 1 4 1 1 5 5 0 0 0 5
   5 5 3 4 5 4 1 0 2 3 3]
  [0 0 0 5 0 5 0 0 2 5 2 0 5 0 2 0 2 5 1 3 5 2 1 0 4 5 0 2 4 0 5 2 4 5 3
   5 1 4 1 5 1 4 0 0 2 0 2 0 3 3 1 3 1 0 2 4 1 5 1 3 4 3 1 4 4 3 0 1 4 5
   4 3 4 1 4 1 3 4 5 1 3]
  [0 0 4 3 4 4 0 3 1 3 0 1 5 3 2 5 3 4 5 2 5 5 2 1 0 0 1 0 5 1 0 0 2 4 0
   2 3 4 5 1 5 3 4 4 4 3 4 1 1 0 2 4 3 1 1 1 0 2 4 4 0 4 3 2 5 0 0 2 2 2
   2 2 2 0 0 3 4 2 2 3 3]
  [0 2 5 3 0 1 3 1 2 1 1 4 1 3 0 1 4 1 1 0 0 0 0 5 5 0 0 0 2 3 3 3 4 0 0
   2 4 0 1 2 1 1 0 2 4 1 5 5 2 4 2 2 4 1 4 0 3 2 1 4 4 5 5 0 3 1 1 0 4 1
   4 2 1 3 4 0 0 2 1 1 0]
  [0 0 5 4 1 3 3 3 2 5 0 2 1 5 0 2 2 5 0 4 4 2 0 5 4 3 0 0 2 2 5 0 1 5 3
   4 5 3 0 5 4 4 4 4 2 0 0 2 5 2 4 3 1 0 1 1 5 4 0 5 1 1 1 3 1 4 5 2 5 2
   5 4 0 1 5 3 5 4 0 4 0]
  [0 3 2 1 1 3 0 3 1 0 3 5 1 3 3 0 5 1 5 1 4 2 3 3 0 3 4 0 0 3 5 0 1 2 5
   2 0 1 5 5 4 3 1 3 1 5 1 1 5 5 4 4 4 2 0 0 4 0 0 0 2 0 3 0 3 4 0 0 2 2
   2 4 1 4 5 0 0 2 0 1 4]
  [0 0 1 1 0 4 1 2 5 0 5 5 1 5 5 2 5 4 3 4 5 1 4 0 1 1 3 0 0 2 5 2 3 1 1
   0 1 2 1 4 3 3 2 3 3 2 2 4 5 3 1 0 2 2 2 3 2 4 4 2 5 2 2 2 0 0 2 4 3 0
   1 5 3 1 5 1 2 5 4 5 2]
  [0 1 3 1 3 5 4 2 2 2 1 2 1 5 2 5 5 2 3 5 3 1 3 1 4 2 4 1 0 0 1 3 4 4 2
   4 3 2 2 4 4 1 1 4 1 0 5 0 2 1 3 2 4 0 0 2 4 4 2 1 0 2 3 5 5 2 4 3 0 1
   0 0 4 0 1 0 2 2 1 1 1]
  [0 3 2 1 2 0 1 2 1 4 0 1 3 5 5 5 3 1 5 1 0 1 4 0 3 5 5 1 1 5 0 4 3 3 2
   4 3 2 3 2 3 5 2 5 5 1 3 4 0 0 3 0 4 4 1 5 2 5 3 5 4 2 4 3 4 0 4 0 4 2
   1 1 5 2 2 5 2 3 5 4 3]
  [0 0 4 1 3 3 5 2 5 3 3 2 3 5 3 4 4 5 5 1 3 0 5 1 5 5 3 4 0 3 3 0 5 4 5
   4 2 5 2 5 5 1 4 0 3 5 2 2 5 1 0 5 0 3 0 3 5 1 4 4 3 0 3 4 4 5 1 3 0 0
   5 5 2 1 5 2 5 5 5 3 2]
  [0 5 0 2 0 2 2 1 3 4 0 1 1 0 5 5 0 5 0 3 4 4 5 4 5 5 5 3 1 0 4 1 0 5 1
   4 5 3 5 3 2 4 1 1 3 5 0 1 5 0 1 3 1 1 4 1 4 5 3 5 1 1 0 5 1 3 3 4 2 3
   5 3 5 0 5 4 4 5 0 1 4]
  [0 1 5 5 5 0 0 4 1 2 0 2 4 0 4 3 1 0 1 0 4 3 5 2 1 1 4 4 3 1 2 0 2 0 3
   5 2 3 3 3 3 3 2 4 5 5 5 4 4 5 0 5 2 0 2 0 0 2 5 5 1 2 2 3 5 1 3 5 0 4
   3 2 3 1 4 1 1 5 0 4 0]
  [0 0 4 5 1 5 0 4 0 5 5 2 5 3 0 2 5 5 2 3 2 4 5 1 0 3 3 4 3 0 1 2 4 2 0
   1 5 5 2 5 1 3 0 0 2 2 5 1 4 0 4 5 1 5 3 3 0 1 2 0 3 0 0 1 1 0 3 0 2 1
   1 1 4 2 2 1 1 4 0 2 4]
  [0 4 0 0 1 1 2 1 2 1 1 4 4 1 5 0 3 2 0 4 1 1 4 1 2 3 4 4 2 0 0 2 1 5 5
   0 5 1 3 3 0 4 3 1 3 5 1 0 0 1 3 2 1 0 5 4 4 5 1 2 1 0 3 3 0 5 0 2 3 0
   2 3 4 4 2 4 0 5 4 0 5]
  [0 0 4 3 2 2 2 0 3 0 5 4 1 5 1 0 2 5 4 2 3 4 0 4 0 2 0 3 2 2 1 2 5 3 0
   2 0 4 2 4 5 5 5 5 0 4 0 4 5 3 1 1 4 1 4 3 1 0 1 0 0 3 1 4 4 3 2 4 4 5
   5 4 0 0 4 1 3 3 1 4 0]
  [0 3 0 0 0 1 5 3 1 3 5 1 0 2 1 5 1 3 4 3 2 5 4 4 3 4 2 5 0 3 4 1 4 4 2
   1 5 0 2 5 2 4 0 1 2 4 3 3 3 2 0 3 0 4 0 4 1 0 1 1 0 3 0 5 1 1 2 5 1 4
   4 0 3 1 0 1 1 1 5 1 5]
  [0 5 0 5 1 3 4 2 4 5 4 0 5 0 0 1 0 5 4 4 5 1 4 5 2 1 2 3 4 1 2 2 1 5 1
   1 3 1 0 4 3 2 1 4 5 3 2 5 3 3 1 3 0 3 3 0 0 4 3 1 3 2 2 3 2 5 0 5 0 1
   3 1 2 0 0 4 4 4 4 4 5]
  [0 2 2 1 2 2 3 4 1 0 4 2 4 3 5 0 4 0 1 2 1 1 0 0 5 0 0 4 3 2 2 3 3 0 5
   1 3 0 4 0 5 1 4 2 4 3 3 5 0 4 2 1 3 4 3 0 4 0 5 5 0 0 3 2 1 3 3 0 5 3
   4 2 5 4 4 3 2 0 2 0 1]
  [0 2 3 4 2 1 3 3 1 4 1 2 0 2 4 4 4 5 0 5 4 5 1 4 1 1 3 5 1 4 1 0 2 5 4
   4 0 3 2 4 0 5 5 0 3 3 2 2 0 5 2 1 3 5 3 5 0 4 0 3 0 2 4 2 5 2 2 1 0 2
   4 2 1 5 2 5 2 2 3 4 5]
  [0 2 3 4 5 0 4 3 1 4 5 3 2 5 1 5 3 2 3 3 0 1 0 2 4 1 2 3 1 2 5 3 3 2 4
   2 5 3 4 1 5 0 0 0 4 4 2 4 0 3 2 3 4 2 1 0 1 0 1 3 0 5 2 0 2 0 5 2 5 5
   0 5 5 4 1 1 5 3 5 1 1]
  [0 3 3 5 3 3 3 2 3 2 5 3 5 0 2 5 4 4 5 0 4 1 3 0 2 1 4 4 2 1 5 4 1 4 2
   0 4 1 3 1 3 4 0 3 0 3 2 5 1 4 5 5 1 4 1 4 5 1 4 4 4 0 1 1 1 0 4 2 0 1
   4 5 2 1 3 3 4 2 5 1 5]
  [0 4 5 1 5 1 0 1 0 0 5 2 2 0 3 3 2 5 3 0 1 1 1 0 2 4 0 1 3 5 3 0 0 1 1
   1 1 3 5 0 3 4 3 0 4 3 4 5 2 0 3 0 0 4 1 3 0 4 5 3 3 0 2 1 5 3 2 4 4 2
   5 1 4 1 3 2 1 2 4 5 4]
  [0 3 1 1 1 2 4 1 1 1 5 2 3 4 3 1 3 1 4 1 0 3 4 3 3 3 1 2 3 5 5 4 4 0 5
   2 4 0 4 3 2 2 2 5 0 0 0 3 2 5 2 4 0 1 1 2 2 0 0 5 4 1 0 0 2 1 2 5 2 0
   0 1 3 4 3 3 0 0 3 2 3]
  [0 1 2 4 1 2 0 2 4 0 0 5 2 0 1 2 4 3 0 1 2 4 3 2 2 4 4 0 3 5 4 1 1 2 2
   0 1 0 0 0 3 2 5 0 3 0 3 0 0 5 3 0 2 1 3 0 5 3 5 3 4 0 4 3 2 3 1 1 2 1
   0 1 2 3 2 1 4 4 1 3 4]
  [0 4 3 1 2 3 1 5 0 4 4 1 1 4 3 5 0 3 0 0 4 5 2 1 3 4 2 4 1 0 4 3 5 3 4
   2 3 0 3 3 1 3 2 1 5 2 0 4 1 5 3 4 4 2 0 1 0 5 3 3 1 2 3 5 1 4 1 1 4 0
   3 5 4 5 5 4 0 0 3 3 2]
  [0 4 0 2 2 3 5 5 2 1 5 1 5 3 1 3 1 0 1 3 1 1 4 1 5 0 3 5 0 5 5 2 4 4 4
   3 3 2 1 3 3 5 2 2 1 3 1 0 0 2 0 2 5 5 2 1 4 2 1 4 2 0 5 3 2 2 4 3 2 3
   0 4 4 2 1 2 1 5 2 0 0]
  [0 5 0 3 3 4 1 4 2 0 5 4 1 4 3 5 0 0 2 0 3 0 3 3 1 3 3 0 5 2 3 5 1 4 3
   2 1 1 4 2 3 1 1 4 5 4 4 4 0 4 3 3 4 4 1 0 5 4 1 0 3 1 0 4 0 3 4 3 1 1
   1 5 1 0 0 0 4 4 5 4 1]
  [0 2 5 5 2 1 2 2 4 4 3 3 3 2 0 5 4 3 5 5 3 0 5 2 4 1 2 1 0 2 5 2 5 5 3
   4 5 4 0 5 0 0 2 3 2 0 1 5 4 0 0 1 3 4 5 3 4 0 4 0 0 3 2 5 4 1 3 5 2 4
   0 3 5 0 5 0 5 4 4 3 2]
  [0 4 0 0 1 4 5 5 0 4 4 5 2 4 4 2 0 4 3 3 1 2 1 4 4 1 4 3 4 2 0 0 0 3 0
   3 0 5 2 4 1 4 4 5 3 1 4 4 5 3 0 2 3 1 4 2 2 0 3 4 0 0 4 3 5 1 4 0 0 1
   1 4 5 4 2 0 0 2 5 0 4]
  [0 0 5 1 3 1 5 1 2 3 5 4 0 1 4 2 4 2 0 5 4 1 2 3 0 2 4 1 2 0 0 1 2 5 2
   5 4 1 3 3 1 1 2 4 1 3 4 2 2 1 0 0 4 5 0 0 5 0 2 2 1 3 2 5 1 1 0 4 0 3
   4 5 4 4 0 3 2 4 2 5 5]
  [0 5 5 2 0 3 3 1 3 1 1 4 5 1 0 4 4 0 2 3 0 2 0 4 4 5 1 3 5 2 4 0 1 0 0
   4 1 0 2 4 1 2 2 2 3 2 3 3 0 5 5 5 0 4 3 3 4 0 3 3 3 5 0 5 0 2 2 5 1 0
   3 4 0 2 4 2 5 2 5 1 5]
  [0 2 0 2 4 2 0 0 3 5 5 1 1 1 0 0 1 2 5 5 3 1 3 1 5 0 0 1 2 1 3 3 2 1 1
   2 2 1 3 3 3 2 1 1 4 4 4 1 2 3 2 3 0 0 1 1 0 4 2 1 5 5 0 4 2 0 4 5 4 4
   4 4 5 2 5 2 2 1 0 1 3]
  [0 5 0 1 1 2 3 3 3 2 4 0 3 5 2 4 0 4 4 0 3 5 3 3 2 4 4 0 5 2 4 2 4 5 1
   3 5 3 0 4 1 5 3 2 3 2 2 2 0 4 3 1 1 3 0 2 5 0 5 4 4 3 2 1 2 1 3 1 2 3
   5 3 3 1 1 4 0 4 5 4 1]
  [0 4 2 2 5 4 0 0 4 5 0 5 1 4 5 5 2 2 1 1 3 0 3 2 1 4 5 3 0 5 1 5 2 1 1
   3 1 5 2 4 4 0 0 3 0 1 2 3 2 1 5 0 3 0 4 0 5 4 2 2 0 4 0 2 2 3 4 5 3 0
   0 5 4 3 4 0 0 5 1 0 3]
  [0 1 4 1 3 1 1 2 1 1 0 3 1 0 5 2 3 3 4 1 4 0 4 5 2 2 5 4 1 2 5 3 5 3 2
   2 0 4 5 3 3 4 3 0 5 3 1 3 4 0 2 0 0 5 0 5 0 3 5 4 2 1 1 0 4 0 0 2 5 5
   1 2 3 0 2 0 0 2 0 2 2]
  [0 4 3 1 3 2 0 1 0 1 4 4 1 0 4 5 0 2 2 2 0 0 1 4 2 1 4 0 1 2 3 2 5 2 1
   4 5 4 1 2 1 4 4 2 2 1 2 5 4 4 0 1 0 2 1 4 0 0 4 1 4 3 2 2 0 5 3 0 1 5
   2 5 2 1 0 0 4 5 0 4 2]
  [0 0 4 1 4 2 0 0 0 0 0 1 2 0 2 0 4 0 5 3 5 1 4 4 4 0 0 4 4 2 0 2 1 3 3
   3 1 5 3 1 1 5 4 1 3 1 1 0 3 1 5 1 5 4 3 3 2 1 0 3 3 0 1 1 4 3 3 2 5 3
   2 0 3 2 0 0 2 1 2 2 4]
  [0 4 5 4 2 0 5 0 5 0 4 2 3 0 5 0 4 4 4 3 2 4 5 3 5 2 4 2 3 4 5 0 0 4 5
   4 4 2 3 1 0 5 1 3 1 1 0 1 1 3 0 5 3 0 0 5 5 1 2 0 4 5 5 0 3 0 5 1 2 0
   2 4 3 4 3 3 1 0 1 2 1]
  [0 1 5 4 1 4 4 0 4 1 3 2 2 0 0 5 2 4 2 4 5 2 0 3 4 4 2 2 0 5 2 5 3 5 5
   2 1 3 4 2 2 5 2 1 2 1 0 3 1 0 3 5 2 2 3 4 0 4 4 4 0 0 2 0 0 5 2 0 1 0
   4 0 5 4 0 4 4 2 5 5 2]
  [0 4 2 0 5 0 5 5 3 3 0 3 2 0 5 2 1 5 1 0 4 4 3 4 5 5 2 2 2 5 1 2 4 3 1
   2 3 3 0 0 0 2 5 3 5 1 3 1 0 3 3 5 2 3 5 1 2 1 5 2 0 0 4 1 1 4 2 5 4 4
   1 4 3 2 2 4 0 1 5 1 1]
  [0 1 4 2 1 4 5 2 5 3 3 3 1 0 1 2 5 4 0 1 2 2 1 4 3 0 2 1 4 5 1 3 2 2 3
   3 5 3 4 4 3 1 0 5 3 3 2 0 0 1 4 3 0 5 1 1 3 4 2 2 2 5 0 1 5 3 2 0 3 0
   1 0 2 1 3 2 4 3 5 1 1]
  [0 0 2 1 2 3 1 4 2 2 1 3 1 1 1 4 5 3 0 3 0 0 4 1 0 5 5 0 4 1 0 3 2 2 0
   1 3 1 2 1 3 5 4 5 5 5 1 0 4 2 5 4 1 2 2 2 4 0 1 1 2 2 4 0 3 2 4 5 5 0
   3 3 0 0 1 3 1 0 4 0 4]
  [0 5 1 5 1 2 3 3 5 3 4 0 5 1 5 3 4 5 0 5 1 3 2 5 0 5 0 3 1 3 0 4 0 4 0
   1 1 3 1 0 5 2 0 1 3 4 2 5 3 0 5 3 2 5 5 2 0 4 5 5 0 3 1 3 0 4 2 4 2 3
   0 3 0 5 2 1 2 1 5 1 0]
  [0 4 3 5 5 1 3 5 5 2 0 1 5 2 5 4 1 3 1 4 1 4 4 3 4 4 3 4 1 5 5 0 4 3 1
   3 1 3 3 0 4 4 4 4 5 2 0 2 4 1 2 5 5 1 2 5 1 0 1 0 1 5 0 2 4 0 4 2 5 1
   0 3 4 1 1 5 3 2 5 1 3]
  [0 0 2 1 0 2 0 1 1 4 3 2 1 5 3 3 4 3 1 0 0 5 2 4 2 1 5 3 0 5 3 0 1 4 4
   1 3 0 2 2 0 2 1 4 2 4 1 0 0 2 0 0 2 4 2 1 5 1 0 2 3 3 3 2 5 2 0 0 4 4
   1 1 0 1 2 5 4 5 4 5 3]
  [0 0 4 5 3 4 5 1 3 1 5 3 4 0 2 4 1 1 5 0 5 1 0 2 1 2 0 4 0 0 4 3 3 5 3
   5 0 0 5 2 3 0 2 0 1 4 0 1 2 4 5 3 2 5 0 4 1 0 5 1 4 0 1 1 0 4 5 0 3 2
   4 5 2 5 0 0 1 5 3 2 1]
  [0 5 2 0 5 1 3 1 1 0 3 3 1 4 1 0 1 0 0 5 3 4 2 2 0 5 5 0 4 2 5 1 4 2 4
   5 1 1 4 2 5 4 0 0 3 4 0 2 4 2 2 4 1 3 4 1 3 0 5 4 3 2 4 2 1 3 3 4 0 5
   1 2 3 4 5 0 3 4 3 1 1]
  [0 2 2 5 5 2 5 2 5 2 4 5 4 5 0 5 1 3 1 5 1 1 4 2 0 0 5 4 1 4 0 0 5 3 2
   3 0 3 0 4 3 2 4 4 1 0 4 3 4 5 1 2 3 2 2 0 4 2 2 1 4 3 0 5 0 2 1 1 2 0
   2 4 3 2 3 0 5 0 0 4 3]
  [0 2 2 1 1 1 2 0 3 0 3 5 2 2 4 0 2 5 5 3 4 5 0 2 4 3 2 0 2 4 5 3 3 4 2
   1 1 3 4 4 2 2 4 4 3 1 4 0 2 3 1 4 0 3 0 0 4 2 0 2 1 1 3 2 5 2 0 4 3 2
   0 3 5 0 1 4 2 2 4 4 5]
  [0 4 0 2 0 3 3 5 2 0 0 1 5 1 4 0 0 2 5 3 4 4 0 4 0 4 3 0 3 0 0 5 3 4 3
   4 2 0 4 5 0 0 4 0 3 4 3 2 1 4 0 1 4 2 2 2 4 2 5 5 4 0 3 1 5 1 2 3 5 4
   0 0 2 2 2 5 1 2 5 2 2]
  [0 4 4 3 5 2 3 4 3 0 1 3 2 1 2 5 2 0 4 0 4 2 3 2 0 1 0 2 3 5 1 5 2 5 0
   4 5 2 1 5 0 3 2 1 1 0 2 4 3 0 2 4 4 2 0 4 4 4 5 5 3 3 0 3 4 0 5 3 5 3
   1 3 0 2 2 4 2 3 1 3 0]
  [0 3 1 0 0 0 3 5 3 1 2 5 5 1 5 4 5 0 0 1 3 0 0 0 3 1 5 4 0 3 3 2 3 0 4
   2 0 0 3 0 1 0 2 1 2 2 5 0 3 2 1 3 1 4 3 0 0 3 1 1 3 1 4 4 0 3 0 5 1 5
   3 1 2 0 4 4 3 3 2 3 5]
  [0 0 0 5 5 5 3 1 2 4 1 4 3 1 2 4 5 4 5 5 3 0 4 5 0 1 3 0 5 0 5 1 5 4 2
   0 0 1 4 4 2 3 2 4 2 2 3 3 5 4 1 5 3 1 1 2 4 2 4 0 4 5 5 4 2 3 2 1 5 3
   0 4 1 2 0 3 5 4 5 0 1]
  [0 2 2 3 2 1 3 1 5 0 1 1 1 1 3 0 2 0 2 0 1 3 1 5 5 1 1 3 2 3 3 3 4 4 1
   4 2 2 4 4 4 2 2 0 4 4 1 0 4 2 5 5 4 2 5 4 4 3 4 2 3 3 5 2 2 3 1 2 5 5
   4 0 5 2 4 0 2 1 2 1 5]
  [0 2 3 2 3 1 2 2 4 2 1 4 3 5 5 1 3 0 1 2 3 0 5 3 4 4 2 3 3 5 3 5 4 3 4
   0 2 0 4 3 4 4 4 0 4 5 5 5 2 2 5 2 4 2 2 3 3 2 5 1 5 5 1 5 5 5 1 5 3 3
   4 3 5 4 2 4 0 1 3 4 1]
  [0 3 4 4 1 3 1 0 0 5 0 4 0 1 4 2 0 4 1 4 1 0 5 2 4 3 5 0 5 3 5 1 3 5 5
   5 5 2 2 2 1 5 2 2 4 0 1 2 2 3 4 1 5 1 5 5 1 1 4 3 2 5 2 4 0 1 1 0 2 1
   5 4 3 1 5 4 5 0 2 0 1]
  [0 0 3 0 1 0 5 1 0 1 5 5 1 1 0 0 0 0 1 5 3 4 4 4 3 4 4 3 3 3 1 1 3 0 5
   0 5 3 4 4 4 2 1 5 5 4 2 0 4 4 3 4 3 0 3 1 4 3 0 1 1 1 3 0 5 1 5 2 5 1
   0 2 2 1 1 3 5 1 0 5 1]
  [0 0 1 0 4 4 2 5 0 2 0 0 1 3 5 2 0 3 3 4 3 3 3 4 5 5 5 5 2 3 1 4 4 1 0
   0 4 4 4 5 5 2 0 4 1 0 1 0 2 4 5 2 0 5 2 2 2 2 2 5 1 1 0 5 0 1 5 3 5 2
   4 5 1 1 4 0 1 2 2 0 2]
  [0 1 0 2 5 2 2 4 0 1 3 0 4 3 5 3 5 0 2 5 0 2 1 5 5 2 5 4 0 4 0 1 1 4 5
   0 3 3 4 0 3 4 3 3 1 3 3 2 0 1 1 4 0 4 5 2 3 0 1 5 5 1 0 0 5 3 4 2 0 4
   5 0 5 2 1 2 3 2 3 1 0]]

 [[0 4 2 0 4 3 3 2 3 0 2 3 3 0 1 4 2 4 3 3 3 2 5 0 3 4 1 3 0 2 4 0 0 5 3
   3 2 0 2 5 1 0 1 2 1 1 4 4 2 5 0 2 3 2 5 4 0 5 5 4 0 3 0 1 5 0 1 0 2 4
   0 2 4 2 5 4 5 5 3 4 0]
  [0 0 0 0 5 3 3 2 1 0 1 2 3 3 0 3 0 1 4 0 1 3 1 0 0 5 3 1 2 0 5 3 2 1 5
   0 0 4 2 1 5 4 5 4 4 0 2 5 3 1 0 5 0 2 5 1 4 0 5 4 1 1 4 2 3 2 3 5 5 5
   2 2 3 2 4 0 4 5 2 2 0]
  [0 5 0 2 3 2 4 3 0 3 4 0 0 1 1 4 2 3 2 2 2 2 1 3 4 4 0 1 3 4 4 5 2 1 3
   2 1 2 0 3 4 4 1 1 0 4 5 3 2 0 3 0 2 5 1 2 1 1 3 1 0 2 3 4 4 1 1 1 2 1
   4 0 5 4 2 2 4 3 3 4 1]
  [0 5 1 0 0 3 2 0 0 5 1 5 2 2 3 1 1 5 4 0 3 2 4 4 0 3 1 3 5 1 4 0 3 0 0
   2 3 4 5 4 2 0 4 1 4 3 0 0 4 0 4 1 5 1 3 5 0 4 5 3 4 0 3 3 1 5 4 1 1 3
   3 4 1 3 2 0 5 4 2 1 1]
  [0 0 1 1 0 2 0 1 2 1 5 0 3 2 1 3 0 3 5 3 4 5 4 4 5 4 4 3 2 5 4 3 5 2 0
   1 5 0 3 1 3 0 0 0 4 0 4 4 3 5 0 3 4 3 3 5 3 2 4 3 4 5 0 3 4 3 2 1 2 2
   0 0 1 1 5 0 5 4 0 5 1]
  [0 2 1 3 0 0 1 3 0 0 1 5 2 3 0 5 2 1 2 2 1 2 3 0 0 4 0 2 3 4 0 4 3 1 4
   0 0 4 0 3 1 0 4 0 5 1 2 4 5 5 0 3 2 0 4 1 2 3 0 2 4 1 3 0 4 1 1 2 2 5
   5 1 1 1 3 2 5 1 4 0 2]
  [0 0 4 1 0 0 0 2 0 0 2 2 1 5 2 0 1 3 3 2 5 1 1 3 5 3 2 5 5 2 3 5 5 0 4
   4 4 3 5 4 0 4 3 3 0 1 2 1 4 1 4 3 1 2 0 0 5 5 1 1 0 2 0 2 5 0 4 3 0 4
   4 5 1 0 4 1 5 5 4 4 2]
  [0 2 4 1 4 2 4 0 0 4 3 1 1 5 0 2 4 1 4 2 1 0 3 1 1 4 2 4 4 3 3 5 0 1 2
   3 1 0 2 4 3 4 0 4 3 2 5 5 1 0 5 4 0 5 0 4 0 0 5 2 4 2 3 1 1 3 5 5 1 2
   0 3 4 0 5 3 0 3 5 0 2]
  [0 5 0 0 2 3 0 4 0 4 1 0 3 1 2 4 0 2 0 1 5 2 3 1 1 2 2 3 3 2 3 4 2 3 4
   5 5 3 0 3 1 1 4 3 0 0 2 4 1 4 1 3 1 2 5 0 2 3 1 2 5 1 2 3 2 2 5 5 4 2
   4 1 5 3 2 5 3 1 2 3 4]
  [0 5 5 2 3 4 2 2 0 0 1 1 0 0 1 0 4 5 3 5 3 1 0 4 1 3 3 0 3 4 0 3 5 3 4
   3 0 0 0 0 4 1 0 3 0 0 5 5 1 2 2 3 5 0 5 2 5 1 2 1 5 0 5 4 5 1 0 0 1 2
   2 1 1 5 3 5 2 4 2 4 4]
  [0 5 5 3 4 0 2 1 4 5 0 2 5 4 0 5 1 4 3 0 3 2 3 1 0 5 1 3 4 5 2 3 2 5 3
   0 3 2 2 1 0 0 4 0 4 5 4 2 1 4 4 3 1 3 2 4 3 4 2 0 3 2 2 1 1 1 3 2 3 2
   2 4 0 5 4 3 2 2 3 5 5]
  [0 3 0 5 4 2 5 0 1 1 4 0 1 3 2 2 2 5 1 3 3 0 5 4 1 2 2 2 3 5 1 0 4 5 3
   4 1 2 0 1 0 2 5 1 0 0 1 4 5 0 1 0 0 3 4 5 5 2 2 0 4 0 1 2 4 2 5 3 2 1
   2 5 3 4 3 1 4 4 2 1 4]
  [0 5 3 0 5 4 1 1 3 3 5 4 0 1 4 2 3 3 0 1 5 2 0 3 1 0 3 3 2 2 4 4 1 1 4
   0 1 1 5 3 3 5 4 0 3 1 3 5 1 3 0 3 3 2 3 2 2 2 0 4 5 5 1 1 2 0 0 3 2 4
   3 0 3 0 3 4 4 1 0 5 3]
  [0 1 2 1 1 1 4 4 2 3 5 1 1 0 1 3 3 0 4 0 4 1 4 1 5 5 1 1 3 3 2 1 5 2 1
   3 4 0 4 3 4 5 2 4 1 0 1 0 3 4 2 4 2 1 5 0 0 0 4 3 1 1 4 3 3 0 4 5 0 1
   2 4 3 5 0 5 0 0 2 0 5]
  [0 4 2 5 2 0 0 5 0 0 0 3 3 5 0 0 3 4 5 0 0 3 3 2 0 0 0 5 4 1 5 3 0 2 0
   1 4 1 2 5 5 4 5 2 4 1 2 2 4 5 2 1 3 3 1 3 4 0 0 5 4 5 2 0 0 1 2 5 1 3
   0 5 2 3 2 4 4 0 5 1 5]
  [0 1 5 1 1 5 4 3 1 3 1 1 4 4 3 0 5 5 5 4 0 2 1 5 3 4 1 3 4 5 1 1 3 2 2
   2 5 2 2 3 1 3 5 1 4 4 3 0 3 1 4 2 5 2 1 5 2 3 1 2 0 4 2 3 5 2 4 2 2 4
   0 0 5 2 3 4 1 4 0 2 0]
  [0 2 3 0 0 2 2 4 1 3 0 3 5 5 5 4 0 2 5 4 0 0 2 2 2 0 3 2 5 2 1 0 1 2 3
   3 2 4 1 2 1 2 1 5 2 0 4 0 4 1 4 1 0 0 3 4 1 2 4 3 2 5 1 3 0 4 1 5 1 2
   0 0 4 2 5 2 0 5 5 2 3]
  [0 5 2 0 3 3 0 4 3 4 5 1 4 5 3 2 0 0 1 0 2 5 1 3 5 1 2 1 5 2 0 3 5 4 3
   0 5 1 3 0 4 4 4 3 3 0 1 4 1 3 4 5 2 2 0 5 2 4 0 5 5 3 3 1 5 2 2 0 0 5
   0 2 3 2 3 2 2 0 0 2 1]
  [0 0 2 5 3 2 1 1 5 5 1 4 3 5 2 1 2 2 0 3 4 3 0 1 1 0 3 1 2 1 2 0 4 2 3
   0 0 4 1 3 1 2 0 0 2 0 0 3 4 2 0 0 3 0 5 0 4 0 1 3 2 0 0 0 1 4 2 1 1 1
   3 1 5 5 3 4 4 4 2 4 0]
  [0 5 4 4 1 2 2 3 5 1 3 4 2 4 2 4 0 2 4 0 0 5 5 3 5 4 2 3 2 5 4 2 5 3 4
   0 1 5 0 2 0 5 4 2 1 1 0 3 4 0 0 2 2 4 1 3 5 4 1 2 3 4 1 4 4 2 0 5 4 2
   4 0 4 3 4 1 0 2 3 5 3]
  [0 0 2 1 3 3 3 1 1 0 1 4 5 5 4 2 4 3 0 0 0 5 0 4 3 5 1 2 4 5 1 0 1 2 0
   0 4 3 3 2 0 2 0 4 3 3 0 5 2 1 4 3 2 0 2 4 3 1 1 5 1 0 1 4 2 2 4 1 1 0
   1 1 1 5 4 5 1 5 0 1 3]
  [0 3 2 2 4 4 2 5 3 3 3 0 1 3 1 1 5 5 5 3 4 0 3 3 1 2 5 1 0 0 0 0 4 5 5
   2 0 0 2 2 0 3 5 0 3 5 2 3 3 5 1 3 2 0 4 3 5 2 4 1 4 5 2 0 5 0 5 3 0 3
   2 1 4 1 5 3 5 2 0 4 5]
  [0 1 4 2 1 2 5 5 0 1 0 2 3 5 2 5 3 3 3 3 3 1 0 1 4 0 3 5 3 1 5 3 2 2 4
   3 4 0 5 2 1 5 3 0 0 3 3 4 0 5 1 5 4 1 0 3 1 1 2 0 2 2 3 1 3 3 5 3 3 2
   4 5 3 3 2 4 3 4 0 0 5]
  [0 5 1 1 0 1 1 4 2 4 5 2 4 4 2 1 1 3 2 5 0 5 5 0 3 3 4 0 2 4 0 0 3 5 1
   5 2 5 2 4 0 0 1 5 2 0 2 1 4 0 0 1 0 5 4 2 5 3 1 5 4 5 3 1 0 0 3 0 3 5
   2 5 2 5 4 2 0 3 3 1 4]
  [0 5 5 4 1 3 4 5 5 4 5 0 0 1 0 0 0 2 4 1 1 5 1 3 0 1 3 4 3 2 3 4 3 3 5
   1 5 4 4 0 1 4 3 5 5 3 5 1 0 1 0 0 0 1 0 4 0 2 0 1 1 5 4 0 0 2 2 5 3 4
   0 0 2 2 3 0 0 3 1 1 4]
  [0 5 4 5 2 2 3 5 2 2 4 0 1 4 4 4 3 0 0 3 1 3 5 0 2 0 1 5 0 2 3 0 5 3 4
   1 4 5 5 4 5 1 4 4 4 3 2 5 3 0 2 0 5 5 3 4 1 1 4 0 2 4 2 1 1 1 3 3 1 0
   5 4 5 4 5 0 4 1 1 3 2]
  [0 0 5 1 5 4 2 5 4 1 0 5 0 5 0 1 4 1 1 3 1 5 0 1 0 4 0 1 1 2 1 3 2 0 1
   1 3 2 0 3 5 2 3 4 5 1 0 1 0 3 1 4 4 4 2 4 5 3 5 4 3 4 4 1 0 0 4 0 1 1
   2 3 2 5 4 2 5 2 0 4 1]
  [0 3 5 2 3 4 5 3 4 0 2 4 4 5 1 3 3 2 1 5 1 4 3 5 5 3 3 0 1 2 5 5 0 4 3
   4 4 3 3 3 2 3 4 0 5 5 2 0 1 4 1 4 1 4 5 1 0 5 4 4 1 2 1 5 2 5 5 4 2 1
   4 3 2 2 3 0 2 1 5 0 4]
  [0 4 1 0 4 2 3 5 0 2 0 2 3 5 3 3 1 2 2 4 3 2 2 3 2 5 5 1 0 2 3 2 5 2 5
   0 2 1 4 0 3 3 0 4 5 3 1 1 3 0 1 1 0 4 1 1 2 0 1 3 0 0 1 5 5 3 5 1 1 2
   2 2 0 4 5 4 1 3 0 5 4]
  [0 4 1 0 5 2 1 4 3 1 4 3 3 4 3 1 1 0 1 4 5 3 5 2 1 5 3 2 4 0 0 5 4 3 2
   5 0 2 4 3 1 2 0 3 2 1 0 4 5 0 0 0 4 3 1 5 1 4 0 0 5 0 2 0 0 1 3 0 3 5
   3 0 3 2 5 2 4 3 3 1 2]
  [0 1 2 5 2 4 0 4 2 0 0 2 4 5 0 2 1 2 5 0 0 0 4 0 0 1 5 4 5 0 0 3 0 5 5
   1 2 4 5 1 1 4 2 0 4 3 4 4 2 0 1 0 2 5 0 2 3 0 3 5 1 5 5 2 4 0 0 4 3 2
   4 3 1 5 2 4 0 5 1 1 2]
  [0 3 0 0 5 5 2 1 3 5 3 5 5 4 0 3 1 5 5 1 2 4 2 2 2 1 1 5 5 2 5 0 4 1 3
   2 0 0 2 5 0 0 0 4 5 0 2 4 2 1 1 1 2 4 2 5 5 1 5 5 2 0 5 2 2 2 0 5 3 0
   3 0 4 5 1 2 0 1 0 0 5]
  [0 2 3 1 2 5 3 3 1 4 1 0 5 5 4 2 4 1 2 5 3 1 5 2 3 0 3 0 1 4 4 2 0 3 1
   1 0 5 2 3 2 2 0 5 0 4 5 2 1 0 1 1 0 3 5 0 1 1 3 0 4 5 3 2 3 2 0 4 4 3
   1 5 5 4 5 3 1 5 5 3 1]
  [0 5 1 1 1 3 0 1 0 4 2 5 2 2 3 2 2 5 0 1 5 4 4 0 4 1 2 5 2 5 1 1 1 0 4
   2 0 3 3 2 2 0 2 2 3 0 0 2 5 3 5 4 5 2 1 5 1 1 1 5 3 0 1 5 2 3 2 3 3 4
   3 1 3 5 1 4 5 2 2 4 2]
  [0 1 0 0 0 4 0 0 0 5 2 3 1 0 5 3 1 3 0 3 0 5 3 3 0 2 3 2 4 3 5 5 3 3 0
   3 0 5 3 0 1 5 0 5 0 1 5 3 3 3 2 4 2 4 3 3 2 3 4 4 4 4 3 4 5 0 2 4 5 1
   0 1 2 1 5 3 5 0 3 2 0]
  [0 5 2 1 3 4 4 4 0 0 2 1 3 0 4 0 4 4 1 2 1 0 1 3 0 4 2 5 5 4 1 3 5 4 0
   0 1 3 3 3 0 3 2 3 4 0 4 1 2 1 3 1 2 3 1 0 3 1 0 5 4 4 2 3 5 0 1 2 0 5
   1 5 0 5 3 0 3 5 4 4 1]
  [0 1 2 2 3 3 2 0 0 0 5 5 2 3 1 2 2 2 2 1 3 1 4 1 3 0 2 2 0 5 2 3 1 2 4
   4 0 3 3 3 1 4 5 4 2 2 2 0 0 5 1 5 0 2 0 3 2 4 2 2 2 4 0 0 1 1 3 5 2 2
   3 0 5 1 5 4 0 4 2 0 0]
  [0 1 0 4 0 4 0 3 4 1 3 1 5 1 1 1 2 4 0 4 1 1 1 4 5 0 1 2 5 0 2 0 1 2 3
   1 3 0 1 5 0 3 3 4 2 0 0 5 3 2 5 5 5 0 5 3 5 2 4 1 4 5 1 1 0 2 3 2 4 5
   5 5 1 0 0 2 4 3 4 5 0]
  [0 5 2 0 1 3 3 1 1 5 3 1 2 2 3 0 0 3 4 1 0 4 2 1 2 1 0 4 1 2 4 2 3 0 1
   4 4 4 0 3 2 5 1 1 4 4 2 2 3 4 4 0 1 1 0 5 0 1 5 4 5 2 2 3 0 4 0 2 3 4
   4 0 2 5 0 5 3 2 1 5 5]
  [0 1 0 1 4 0 2 4 5 5 1 0 4 0 2 5 3 2 3 4 1 5 1 4 5 2 2 2 2 0 2 3 3 4 1
   5 5 4 5 0 4 0 1 1 5 4 2 4 3 2 1 5 0 0 4 2 5 4 0 1 4 5 4 1 0 0 5 3 1 5
   0 2 1 2 3 1 1 0 0 4 1]
  [0 1 3 0 1 5 3 3 0 2 5 5 5 0 1 2 2 5 5 4 4 2 5 2 4 2 3 2 5 2 3 1 1 1 5
   0 0 5 2 2 0 2 1 4 1 2 2 5 3 1 5 0 2 3 1 5 2 4 5 1 5 0 0 5 5 2 0 2 4 3
   4 2 2 0 3 1 0 1 4 1 2]
  [0 2 0 2 4 5 1 1 0 3 0 1 1 2 1 3 2 5 3 2 0 5 1 2 2 3 5 0 4 1 3 0 1 4 1
   5 2 4 0 1 4 0 0 3 4 3 4 1 2 4 2 4 4 4 3 3 4 1 3 5 4 0 1 2 4 0 4 5 3 1
   4 0 0 2 0 1 3 4 1 1 2]
  [0 0 3 4 1 4 1 4 0 4 4 3 2 5 2 4 0 0 5 1 0 2 2 1 5 3 4 2 2 3 0 3 4 3 1
   4 2 2 4 2 4 3 0 0 4 1 1 4 3 3 2 5 4 0 3 5 2 5 4 0 1 0 3 4 5 4 1 4 4 2
   0 5 5 4 4 5 0 2 2 3 4]
  [0 5 3 2 3 5 4 2 2 3 4 0 4 1 3 3 3 4 4 2 3 5 1 4 4 5 0 2 5 5 3 5 3 2 0
   1 2 1 0 2 1 5 5 0 5 4 3 1 4 4 4 4 0 1 1 5 1 5 2 4 3 1 5 3 2 0 1 1 5 5
   1 1 5 3 1 2 4 4 1 3 3]
  [0 0 5 3 1 0 4 3 5 5 1 3 1 1 4 1 1 5 0 2 1 3 1 1 5 0 3 5 1 2 0 2 1 2 1
   3 2 4 5 3 0 2 2 2 0 4 2 1 5 0 3 3 2 4 4 1 1 2 2 1 3 0 0 4 4 2 5 3 4 0
   5 1 2 5 4 2 0 3 4 1 3]
  [0 1 1 1 3 5 1 2 1 2 4 2 2 3 2 2 2 4 1 2 0 2 2 4 5 0 3 5 5 4 4 1 3 0 3
   3 0 0 1 1 0 1 0 4 3 0 2 2 3 0 0 4 0 0 5 4 4 4 3 0 0 2 3 5 1 0 5 4 4 3
   0 0 3 0 1 0 5 2 3 3 5]
  [0 4 4 2 5 3 5 3 2 5 5 4 5 5 0 4 4 2 0 4 3 1 1 0 0 2 3 1 4 5 5 4 0 0 3
   5 3 4 5 2 0 2 0 0 2 5 0 4 5 5 1 2 0 0 4 4 2 1 1 5 5 1 3 5 3 2 1 4 3 3
   1 0 2 1 1 3 4 3 5 5 2]
  [0 0 0 4 5 3 5 0 1 4 4 4 0 0 0 2 2 3 2 0 4 1 0 0 0 1 5 3 3 0 5 2 1 5 0
   0 0 3 5 5 3 5 0 0 1 0 0 0 1 0 2 0 2 4 1 4 2 4 5 0 5 2 4 3 1 4 5 1 5 2
   2 5 1 5 4 0 5 4 0 0 3]
  [0 5 4 0 5 2 5 0 4 4 0 3 0 2 4 5 1 4 5 0 4 4 5 0 0 3 5 5 2 3 4 1 4 4 3
   1 5 4 0 5 3 5 3 1 5 1 0 4 0 3 2 3 5 4 5 1 3 5 2 4 5 1 4 3 5 4 5 3 4 1
   2 2 4 5 1 2 1 3 3 5 1]
  [0 4 4 5 0 1 0 1 0 4 3 1 4 2 3 5 3 2 4 3 5 2 5 3 1 4 3 5 0 4 2 3 4 4 5
   5 1 0 4 3 0 5 0 1 0 4 3 4 1 0 4 4 1 1 4 5 3 5 3 5 5 5 4 5 0 0 5 2 4 0
   2 5 2 4 5 5 4 3 3 4 2]
  [0 3 4 2 3 4 1 1 5 5 5 0 2 3 0 2 3 0 4 0 1 1 2 2 1 1 5 1 2 5 4 3 4 0 4
   3 4 3 3 3 2 5 4 4 4 2 3 0 3 2 0 3 5 3 1 1 3 1 3 4 5 0 3 4 5 4 1 3 1 1
   0 0 3 0 5 5 3 2 1 4 2]
  [0 3 0 0 0 1 3 0 4 3 0 1 4 0 0 4 5 3 0 0 1 0 2 5 0 4 4 4 1 4 5 5 5 3 2
   4 5 4 4 3 1 2 3 5 2 3 1 3 3 1 5 0 2 4 0 0 4 3 5 3 4 0 0 1 0 3 3 2 4 5
   0 5 2 1 2 1 3 5 1 4 1]
  [0 5 1 0 5 1 5 2 2 3 4 2 5 3 5 1 2 2 2 5 0 0 3 2 4 4 5 5 3 1 4 2 0 2 4
   5 3 2 3 3 0 1 3 5 4 1 2 5 5 5 0 3 0 0 0 4 2 5 0 4 1 2 2 2 5 0 0 0 5 4
   2 5 4 5 2 1 1 5 5 0 4]
  [0 2 4 5 0 3 1 5 5 3 0 1 1 0 0 1 5 3 1 1 0 1 3 4 1 5 2 5 2 3 0 3 4 5 5
   0 4 4 3 1 4 3 3 3 3 1 1 5 2 5 4 2 5 0 2 4 3 5 0 2 4 0 1 4 4 2 1 3 1 1
   1 3 4 0 2 0 3 4 0 1 1]
  [0 4 1 2 3 4 5 1 5 2 5 3 5 4 0 5 1 3 2 0 0 1 4 3 1 4 3 1 4 5 2 4 0 5 3
   5 5 2 1 3 1 4 4 5 0 4 5 4 3 1 2 1 3 5 0 3 3 1 0 5 0 4 0 4 4 0 4 4 1 2
   2 0 4 3 1 4 5 5 2 5 0]
  [0 2 2 5 3 2 3 1 2 0 4 4 5 0 2 0 0 3 4 5 3 0 5 4 4 4 0 2 0 1 4 4 5 0 5
   3 2 0 3 3 1 4 2 4 1 0 3 1 2 2 2 3 4 5 4 0 1 5 3 2 0 4 5 4 2 5 4 4 0 3
   0 0 3 3 1 1 2 2 2 4 5]
  [0 1 3 5 3 0 1 5 5 5 2 1 3 1 4 3 2 3 5 0 1 0 5 2 3 2 5 2 4 4 2 1 4 2 1
   5 3 1 0 1 5 3 0 4 4 2 1 4 1 1 2 0 0 5 1 3 0 5 3 0 0 2 0 4 3 0 1 1 2 1
   1 1 3 1 0 1 4 1 5 2 4]
  [0 4 2 4 0 2 3 0 2 1 1 3 4 4 2 2 5 1 5 3 1 5 3 0 2 4 3 5 0 4 0 4 3 5 0
   5 1 2 2 0 3 4 1 0 1 5 1 1 5 5 2 3 2 3 3 4 5 0 0 5 0 1 0 3 4 2 5 1 1 0
   4 0 1 0 1 0 3 4 4 2 1]
  [0 3 3 1 2 3 5 2 0 4 1 0 3 3 0 5 4 5 1 4 5 2 4 1 2 3 3 0 3 0 0 2 0 2 1
   1 4 0 0 2 0 2 3 5 1 2 4 1 3 4 0 0 5 5 5 5 3 1 0 1 5 2 2 3 5 2 2 4 5 0
   5 2 1 1 2 2 5 3 0 4 2]
  [0 3 0 0 0 2 2 2 1 5 5 3 0 0 3 3 3 1 0 2 5 1 5 3 2 5 0 0 1 2 4 3 2 0 3
   0 2 1 2 2 1 2 1 4 0 0 1 4 4 1 4 4 1 1 3 4 0 2 5 0 3 0 0 3 0 1 1 3 5 0
   0 2 2 5 3 0 4 3 3 4 1]
  [0 5 0 4 4 4 4 5 5 3 5 0 0 3 5 5 3 1 4 3 5 5 3 2 4 1 0 1 0 3 5 1 2 1 4
   1 5 2 2 5 4 0 3 0 0 2 5 4 1 2 0 5 5 5 1 4 1 0 4 4 0 3 3 0 2 5 5 5 1 5
   2 1 3 1 3 4 2 3 3 2 1]
  [0 3 4 4 1 0 0 4 4 1 0 5 3 1 2 1 0 4 3 5 5 2 3 4 1 5 1 4 5 4 1 3 0 1 3
   1 4 3 1 4 2 2 5 5 2 2 1 2 2 4 0 3 1 5 4 0 2 5 4 4 5 0 1 1 4 1 2 4 5 3
   0 4 3 1 1 5 1 1 5 4 1]
  [0 1 4 0 1 0 2 1 5 3 4 0 2 4 5 3 3 4 0 2 0 5 4 3 4 0 4 3 4 5 5 1 4 1 2
   2 3 4 0 4 2 5 4 1 5 5 0 2 2 0 5 1 3 3 2 0 0 2 1 3 5 1 0 3 4 1 1 3 5 0
   2 4 0 4 1 4 3 4 4 4 4]
  [0 5 2 5 0 0 3 2 3 3 0 5 5 4 2 1 4 5 5 3 2 4 2 5 4 1 0 1 3 2 0 1 2 5 4
   4 1 5 2 4 2 0 3 1 0 0 5 4 1 3 1 4 3 0 3 0 0 5 1 3 5 2 4 0 3 2 3 5 2 5
   0 4 1 2 5 4 3 1 0 1 4]
  [0 2 4 2 0 4 5 0 0 2 3 5 5 4 3 2 1 2 0 5 1 2 4 1 3 3 0 4 0 3 2 2 2 1 1
   5 3 5 3 2 5 5 2 0 5 5 2 4 1 2 2 5 3 1 1 1 2 0 5 0 4 3 5 0 0 2 1 4 0 0
   1 2 4 4 3 0 3 5 3 4 4]
  [0 5 3 2 5 2 5 1 4 2 2 3 5 1 4 4 3 5 5 4 5 3 0 3 3 2 3 0 1 0 3 5 0 3 5
   4 4 1 1 0 0 5 1 4 4 1 5 3 4 3 3 2 0 0 0 0 5 5 5 2 1 3 4 5 2 0 0 1 1 0
   0 3 3 0 2 1 1 1 1 0 5]
  [0 2 4 0 0 3 4 2 0 0 2 4 3 0 3 1 1 5 0 5 0 4 4 5 1 4 4 0 4 0 2 1 1 5 4
   2 2 1 3 3 2 5 4 5 4 1 4 1 4 4 1 5 2 1 2 2 4 5 4 5 3 2 0 1 5 5 0 1 3 2
   0 3 4 4 0 0 2 5 1 4 3]
  [0 4 2 0 4 0 5 4 3 4 5 4 3 2 3 4 1 0 3 5 4 0 4 1 3 4 0 4 3 1 2 2 0 4 2
   2 1 4 1 5 1 5 1 2 0 3 1 4 5 1 3 5 1 5 2 5 4 3 1 4 1 3 1 2 2 1 2 0 4 4
   5 2 5 3 5 1 4 5 0 0 1]
  [0 0 2 0 0 5 4 2 0 1 1 1 3 3 5 3 0 1 2 5 0 5 1 2 5 3 0 2 5 0 4 4 2 3 2
   3 1 5 5 4 3 1 5 3 1 5 1 5 2 3 5 1 1 4 1 5 1 5 4 5 3 4 4 4 2 3 4 0 0 5
   2 2 3 4 5 4 5 5 0 2 1]
  [0 2 4 0 1 4 5 2 1 3 1 3 3 5 4 2 4 1 4 0 1 3 0 3 0 4 2 3 1 2 4 2 1 0 2
   5 0 4 4 2 3 3 0 3 0 5 0 2 2 1 2 0 3 3 3 1 0 0 5 0 0 1 5 5 5 5 5 2 4 0
   5 2 2 3 3 0 0 4 1 4 4]
  [0 2 5 4 0 3 3 1 2 2 3 3 4 5 2 2 0 1 5 4 3 5 3 0 0 0 5 5 2 5 5 1 0 0 4
   4 4 2 0 5 4 4 2 2 0 1 1 1 5 2 5 3 3 5 0 3 0 1 4 3 4 5 2 1 1 3 3 0 3 5
   0 3 2 5 0 1 0 2 2 5 0]
  [0 4 1 4 5 2 3 2 1 3 5 5 0 0 3 1 5 4 5 5 4 3 2 4 4 0 2 2 4 4 0 3 3 2 2
   2 1 0 3 3 4 3 4 4 0 0 1 3 0 0 4 3 5 4 5 2 5 1 0 5 4 3 3 3 5 5 4 1 3 0
   4 0 5 2 3 4 3 1 4 0 2]
  [0 1 3 4 1 2 2 1 0 1 0 4 5 1 3 3 3 4 3 3 2 0 4 1 5 0 5 5 5 0 5 2 3 2 3
   5 4 1 0 4 3 1 5 1 5 1 0 4 0 2 4 1 5 3 4 4 2 1 3 5 2 1 5 3 3 5 4 4 0 2
   5 4 0 1 5 1 5 4 4 0 2]
  [0 4 3 4 2 5 1 0 5 0 3 0 5 1 0 0 2 0 2 0 5 0 3 1 3 0 5 4 1 5 4 0 0 2 0
   5 2 2 4 3 2 2 4 1 5 4 2 0 0 4 2 0 3 1 4 4 0 5 1 3 5 3 2 5 5 2 5 1 4 5
   1 3 3 0 0 2 5 5 5 0 2]
  [0 3 1 0 0 1 0 0 0 4 3 2 0 5 3 5 2 4 4 3 1 1 4 0 1 0 2 2 1 5 3 3 4 2 5
   4 1 2 2 2 1 0 4 0 2 1 0 2 1 3 4 0 2 2 3 5 3 5 4 1 0 3 2 0 0 4 4 1 0 5
   0 2 1 2 0 2 0 4 5 2 2]
  [0 2 2 1 1 2 3 2 4 1 4 2 3 1 5 0 0 0 4 1 3 4 2 3 0 2 0 2 2 1 5 2 2 2 2
   2 5 5 2 1 5 5 3 2 1 5 1 2 3 2 5 4 1 0 5 3 5 3 5 0 0 1 3 4 0 5 4 1 1 5
   5 5 4 0 0 0 1 1 3 0 5]
  [0 1 2 3 4 2 5 1 1 1 1 5 4 3 2 4 1 3 1 3 1 0 3 0 4 5 1 3 5 2 2 4 1 3 4
   1 1 0 5 5 0 1 5 3 3 4 4 4 4 0 1 5 2 4 4 1 5 5 3 2 0 5 0 5 2 0 0 3 4 1
   4 1 5 5 3 4 0 2 5 4 3]
  [0 0 4 1 2 2 3 4 3 4 2 5 2 2 2 3 3 0 4 0 3 1 4 4 2 5 4 2 0 2 0 2 3 1 0
   4 0 0 3 5 5 1 0 4 5 3 4 4 0 5 1 1 0 3 1 2 1 1 4 0 2 3 4 5 3 4 5 4 5 1
   1 5 5 5 3 0 3 0 5 5 5]
  [0 2 2 5 4 5 2 5 4 4 4 1 2 2 2 2 0 3 3 3 5 4 4 3 5 0 0 4 0 0 3 4 5 4 4
   1 1 0 3 3 4 5 5 0 1 1 5 3 5 4 5 4 3 4 3 5 4 2 4 1 2 2 1 5 4 4 2 0 4 2
   1 2 0 2 3 2 2 2 0 4 5]
  [0 2 5 3 2 1 1 5 0 3 5 5 0 3 1 5 5 0 4 5 4 0 5 0 5 0 0 5 3 4 1 3 1 1 5
   3 0 5 2 3 0 0 4 2 2 2 2 1 5 0 1 1 1 0 1 2 5 1 2 1 5 4 3 3 0 4 0 2 2 0
   4 4 1 2 1 0 4 4 2 0 1]
  [0 4 0 1 5 2 0 0 5 0 1 5 3 4 2 1 4 4 4 1 5 4 1 2 2 1 5 5 5 5 1 1 1 0 5
   1 5 0 5 3 0 4 1 5 2 3 2 0 1 5 0 5 5 1 1 5 1 2 0 1 3 1 4 5 4 0 2 1 3 3
   5 3 5 5 3 1 1 3 5 1 0]]

 [[0 0 4 1 1 3 1 5 4 3 4 4 0 2 2 0 1 0 2 1 3 1 4 3 0 2 4 4 4 0 0 2 4 3 2
   2 5 2 4 5 1 1 2 4 3 1 4 5 3 2 2 1 0 3 5 4 3 5 0 4 4 2 1 0 5 5 3 2 5 5
   2 0 0 0 1 0 3 4 3 1 0]
  [0 0 2 0 5 1 2 5 4 1 3 5 2 4 4 5 1 0 2 1 0 0 4 2 0 5 2 5 2 4 2 2 5 1 3
   1 2 3 3 5 1 3 4 5 0 0 1 2 0 1 5 0 4 1 1 0 5 3 2 5 4 3 5 2 5 0 5 4 4 5
   1 1 3 5 1 4 2 3 4 1 3]
  [0 1 0 1 2 5 2 1 3 4 5 3 5 3 5 1 0 2 5 1 2 3 2 4 2 5 1 0 3 2 4 4 2 5 5
   0 5 5 0 3 2 2 5 2 2 1 4 4 5 0 5 1 0 0 5 0 5 5 2 2 1 5 1 0 0 5 1 1 1 2
   5 0 1 2 4 5 3 1 4 5 4]
  [0 2 0 0 3 3 4 5 4 2 2 3 2 4 4 5 0 5 3 2 4 2 1 4 2 1 0 1 4 1 5 2 0 3 4
   2 4 0 2 3 0 5 4 1 5 0 5 3 5 1 2 1 3 0 5 3 5 3 5 2 4 3 0 4 0 3 2 5 0 0
   2 2 4 4 5 5 1 2 1 0 4]
  [0 5 5 5 0 0 4 3 5 1 5 2 3 3 3 1 0 2 1 5 2 5 3 1 1 0 4 5 1 0 1 4 5 0 2
   0 5 0 2 4 0 0 0 3 0 0 3 3 3 3 5 1 0 4 1 4 1 0 5 2 2 4 4 4 0 0 2 4 4 4
   0 5 4 1 2 2 3 0 1 3 0]
  [0 1 2 1 1 0 1 3 5 0 3 2 2 5 1 0 5 5 5 5 2 5 3 4 0 0 2 4 0 1 2 3 5 0 1
   5 2 2 2 2 5 5 1 3 0 4 3 4 5 1 4 2 5 2 3 0 4 3 3 1 1 4 4 2 3 4 4 2 4 3
   5 4 5 1 1 2 5 0 0 3 1]
  [0 4 3 5 2 0 0 2 5 1 4 0 5 5 4 3 1 1 4 1 0 0 1 1 5 4 5 3 0 2 3 0 2 1 5
   2 4 1 0 0 4 1 4 2 5 2 2 3 2 5 4 2 1 4 5 5 1 1 5 4 0 1 2 0 3 5 4 4 3 1
   5 5 3 1 3 3 0 2 2 4 5]
  [0 2 2 1 5 0 0 0 4 0 5 1 4 0 3 2 5 3 4 0 2 3 5 3 1 2 3 3 3 5 4 1 2 5 1
   4 1 1 5 4 1 0 2 2 5 5 5 2 5 2 4 0 0 2 0 0 5 1 5 2 0 3 0 0 4 5 2 1 0 2
   4 4 0 4 3 0 5 0 2 4 2]
  [0 1 3 0 1 5 4 0 0 2 5 4 0 0 2 4 5 4 4 2 0 1 5 2 4 0 0 2 4 4 0 2 3 2 0
   2 2 1 0 2 1 0 0 5 0 0 2 1 2 3 3 0 4 5 2 1 0 3 1 0 3 1 3 3 2 2 4 4 2 1
   1 5 4 1 0 4 0 4 5 5 1]
  [0 3 2 0 5 2 2 3 5 0 0 4 2 1 0 1 4 2 3 3 5 0 3 1 5 0 2 1 1 1 0 2 2 3 3
   5 4 4 3 0 3 4 3 2 3 5 2 2 5 4 5 2 3 3 5 0 1 4 1 5 0 5 0 5 0 0 5 5 1 2
   0 4 4 3 0 2 4 3 1 4 1]
  [0 2 0 3 2 0 5 0 0 5 0 3 5 4 0 2 1 1 1 4 0 4 5 5 4 1 0 3 2 1 5 5 2 1 2
   0 4 2 0 5 3 1 1 4 0 5 5 2 1 1 3 2 0 1 1 0 1 1 1 3 0 2 2 0 5 3 0 3 3 4
   1 5 4 3 4 1 3 2 5 1 0]
  [0 5 3 3 3 5 1 3 4 3 4 0 4 5 2 5 5 3 5 4 2 1 0 5 3 4 0 4 0 1 1 0 2 3 0
   1 3 3 4 2 4 5 5 2 1 3 4 1 0 1 1 1 0 5 2 2 1 0 5 1 2 1 5 2 4 0 5 1 3 1
   5 4 5 1 5 4 3 3 0 1 3]
  [0 0 0 4 3 0 1 4 3 2 1 5 0 3 0 3 5 3 2 2 0 3 2 3 1 4 4 5 2 3 1 1 5 0 5
   1 4 2 0 4 1 4 2 2 1 1 5 0 4 0 2 0 4 2 0 1 0 2 5 4 3 1 2 0 3 0 3 1 5 0
   5 0 5 5 2 4 1 5 1 1 5]
  [0 1 5 1 5 2 2 0 4 0 0 1 5 0 1 4 1 2 1 1 5 1 1 1 4 1 2 2 3 3 2 4 3 3 3
   5 0 1 4 2 2 4 0 2 1 0 3 3 0 2 3 1 0 2 4 3 2 2 5 5 4 2 5 5 1 1 1 0 4 4
   2 0 1 3 4 0 4 0 1 3 2]
  [0 5 4 5 5 2 4 5 1 3 3 4 3 1 0 2 4 4 2 4 2 3 0 2 2 1 1 3 1 5 1 0 2 4 0
   0 5 0 4 0 5 0 5 2 4 0 2 1 3 1 2 4 3 2 5 3 1 5 1 4 2 3 4 5 5 3 3 2 4 3
   5 4 4 5 2 1 2 1 1 4 2]
  [0 2 0 5 2 2 0 0 4 3 4 5 0 4 1 0 5 1 5 4 5 5 0 2 4 3 4 0 3 4 1 3 1 0 0
   4 3 5 0 0 1 3 1 4 5 1 5 0 0 3 4 3 2 2 0 5 0 0 0 0 4 5 5 0 5 3 2 0 4 0
   2 4 5 0 1 4 1 4 5 0 3]
  [0 5 2 5 4 2 1 3 3 1 4 5 3 1 2 3 0 2 4 4 5 0 5 0 2 1 4 1 2 2 5 2 0 2 1
   5 2 0 0 4 1 5 4 1 0 2 4 2 0 2 5 5 4 5 4 1 5 1 1 3 3 5 5 4 1 5 4 4 4 4
   5 5 3 1 3 0 0 1 2 4 1]
  [0 2 2 2 4 0 4 0 4 0 5 1 5 2 2 5 1 0 4 0 2 5 0 4 1 1 3 5 2 2 3 3 5 4 1
   2 2 3 1 5 3 5 4 5 3 3 1 5 2 4 0 0 0 5 3 3 0 0 3 1 3 3 3 0 2 1 0 5 5 3
   5 1 5 4 4 4 1 2 5 4 5]
  [0 3 0 2 0 2 1 2 3 1 0 3 5 5 3 1 3 2 0 1 5 5 2 4 3 0 5 4 2 2 2 5 0 5 3
   3 5 1 1 1 2 5 2 3 3 0 5 0 3 2 5 1 2 1 0 0 1 2 0 4 2 1 1 1 0 4 3 2 5 4
   1 3 4 5 5 5 1 4 0 5 3]
  [0 3 0 4 5 2 5 5 4 0 3 3 5 3 2 2 5 1 5 0 0 3 3 1 1 5 3 1 0 4 2 0 4 3 3
   2 3 0 3 5 3 4 4 4 2 2 2 5 0 2 1 2 1 3 2 5 0 5 5 0 4 1 4 1 3 2 4 5 3 2
   3 5 2 2 3 3 5 0 5 1 2]
  [0 3 3 2 1 4 4 2 3 4 5 3 2 4 1 2 4 3 4 3 0 2 1 2 3 1 0 0 3 3 0 2 0 3 1
   2 0 5 0 3 2 1 5 5 0 4 2 5 0 5 0 3 5 5 2 1 4 0 2 5 2 2 3 3 4 1 1 1 0 4
   5 4 2 4 5 0 4 4 2 4 5]
  [0 4 4 0 0 2 5 4 4 0 1 2 1 2 4 2 0 1 4 0 1 0 0 0 4 5 3 5 4 4 4 1 5 3 5
   2 1 2 4 3 4 1 3 2 4 4 3 0 4 4 5 0 0 1 2 1 5 2 5 1 5 4 3 4 3 0 5 1 1 4
   5 3 4 4 1 5 5 5 2 0 5]
  [0 1 2 3 3 1 5 5 5 2 3 4 1 3 5 0 1 0 1 5 3 5 0 0 5 1 5 3 5 0 0 2 2 4 0
   1 5 1 2 3 2 2 5 4 3 5 2 5 5 3 5 3 5 5 0 1 4 0 3 5 5 5 4 3 1 0 3 4 1 2
   5 3 5 4 0 5 3 4 1 5 2]
  [0 0 5 2 2 3 5 1 4 5 4 5 2 1 4 0 3 5 0 0 0 0 5 0 4 5 5 1 0 5 5 3 4 0 2
   2 3 2 3 5 2 5 4 4 4 5 2 3 2 5 0 2 3 2 3 1 1 3 4 4 1 0 3 4 5 1 0 0 1 0
   2 5 0 3 5 0 1 1 3 2 1]
  [0 5 5 5 2 2 4 1 3 2 0 5 3 5 1 5 0 0 5 2 1 5 5 5 0 1 4 5 0 5 4 5 2 1 2
   4 2 5 0 5 1 4 1 3 0 4 4 2 2 3 0 0 3 1 4 1 4 0 1 2 3 4 0 0 1 4 0 2 0 2
   3 2 3 5 0 5 5 3 0 4 5]
  [0 4 5 2 3 0 4 0 5 3 0 2 0 5 3 3 3 4 3 4 4 0 2 2 2 0 4 0 5 0 5 4 3 2 1
   2 3 2 3 0 1 5 2 1 1 5 2 3 3 0 4 0 3 2 0 1 1 0 1 2 0 2 5 4 2 0 2 0 5 3
   5 0 5 5 4 5 3 1 2 4 5]
  [0 5 4 2 1 5 5 3 5 4 5 4 5 0 0 4 5 1 1 1 0 1 2 1 5 2 0 3 4 1 3 0 0 4 4
   2 3 4 1 3 4 3 5 3 1 2 2 2 0 1 1 1 3 2 4 2 2 1 3 0 4 3 4 3 3 2 0 5 0 0
   0 0 2 0 2 2 4 0 5 0 3]
  [0 0 4 2 2 5 4 2 1 5 1 5 3 2 5 2 3 4 0 5 1 4 2 4 4 0 2 0 0 1 1 1 5 4 5
   5 5 4 4 4 5 0 0 5 4 5 2 1 2 5 4 0 2 0 2 5 4 3 2 4 0 1 1 3 2 4 3 1 4 4
   2 0 4 2 4 2 2 0 0 4 4]
  [0 2 5 4 1 2 5 1 0 2 1 4 5 4 1 0 5 5 1 4 5 2 0 4 2 2 2 0 0 1 1 2 2 5 0
   5 0 0 3 5 5 1 4 3 3 4 0 4 2 4 1 4 0 2 2 3 4 4 0 3 1 5 0 2 4 2 4 0 3 4
   2 0 0 2 3 5 0 4 2 5 0]
  [0 1 1 1 5 4 0 3 3 1 4 2 2 5 1 0 1 5 3 5 3 2 3 1 0 3 4 5 4 0 0 4 2 1 5
   5 3 2 1 5 0 3 1 0 3 2 4 2 1 5 4 3 3 2 0 1 3 3 5 1 0 3 5 4 4 4 5 1 0 2
   4 0 2 2 0 5 1 0 5 4 4]
  [0 0 1 4 2 4 2 3 2 3 4 2 4 5 1 5 4 4 2 4 2 5 3 1 3 3 1 0 2 5 0 2 5 0 4
   0 2 2 2 0 3 5 0 5 5 0 4 2 1 2 0 0 1 0 1 3 2 3 0 5 1 0 4 2 4 5 5 3 5 2
   5 4 2 0 1 3 3 4 3 3 5]
  [0 2 2 0 2 4 1 4 5 1 1 5 0 4 0 2 1 5 2 4 2 0 2 2 2 5 0 2 4 2 2 0 3 2 1
   2 2 1 3 1 0 2 4 1 0 5 5 5 3 3 0 5 4 2 5 2 2 4 3 3 2 2 5 3 3 2 1 1 2 0
   1 4 0 2 5 3 3 1 0 0 4]
  [0 3 2 2 1 4 4 2 1 2 0 5 0 3 1 3 2 4 3 3 2 2 0 5 0 3 3 3 0 4 5 3 0 4 3
   4 2 3 3 2 3 1 5 4 5 0 4 1 4 0 1 4 1 1 1 0 3 1 4 2 0 0 5 3 4 0 0 4 0 3
   0 3 5 4 2 0 0 1 5 3 2]
  [0 4 2 3 4 2 5 4 5 2 2 2 3 5 1 1 4 0 5 0 5 3 5 1 0 2 4 4 0 3 0 4 1 0 2
   5 5 5 3 3 2 5 2 5 2 2 5 0 1 0 0 1 4 2 5 1 3 5 3 0 3 0 2 4 3 3 2 0 3 2
   1 2 3 3 2 4 2 2 4 4 5]
  [0 2 4 2 2 3 0 0 4 4 5 4 4 0 5 1 4 0 4 2 3 1 0 3 0 4 0 4 0 5 0 2 3 3 0
   2 0 2 3 1 2 1 0 2 1 5 2 1 3 3 5 4 1 2 1 4 1 2 2 2 5 3 1 4 1 5 5 3 2 1
   2 4 1 0 1 1 2 1 5 3 3]
  [0 0 3 2 3 3 1 1 4 5 3 1 2 2 3 0 4 4 1 2 4 4 1 2 2 5 5 5 5 1 0 4 0 1 0
   0 3 1 1 0 3 4 3 1 4 2 4 2 1 0 0 0 2 5 3 0 4 0 2 2 3 2 0 5 3 3 2 1 5 2
   4 1 5 3 4 5 5 5 5 3 3]
  [0 0 2 0 1 4 2 0 5 1 3 4 5 4 0 1 0 3 3 3 3 4 1 2 5 5 3 4 2 2 5 2 3 4 2
   1 0 5 5 5 5 1 5 0 5 3 1 2 1 5 1 4 4 4 4 1 1 1 4 5 4 5 2 1 1 1 2 4 3 2
   0 1 0 0 5 5 2 3 3 0 3]
  [0 2 1 4 2 1 2 4 1 1 3 5 0 0 2 2 1 2 0 1 5 3 0 2 0 5 4 0 2 3 5 2 3 1 1
   1 2 0 1 1 5 4 4 1 0 3 1 3 5 5 1 0 5 4 2 0 4 5 1 5 4 1 5 2 5 2 4 4 4 5
   5 2 3 3 5 3 3 4 0 2 1]
  [0 0 2 4 0 4 0 2 0 0 5 3 5 3 2 1 3 1 5 0 4 2 4 5 4 2 4 3 2 2 2 4 3 2 0
   5 3 0 0 4 4 1 4 3 5 5 3 2 3 4 5 2 3 2 0 4 4 0 0 3 4 5 2 2 3 5 5 2 1 3
   1 1 0 0 0 5 3 4 1 1 2]
  [0 4 4 4 5 0 0 1 0 2 1 3 0 2 1 4 4 1 0 3 0 5 4 4 0 3 1 1 5 2 2 1 2 5 5
   0 0 5 5 0 0 5 2 0 5 1 2 5 4 0 2 2 5 5 5 2 2 1 3 2 4 2 4 4 5 2 4 1 1 0
   0 0 4 2 2 0 4 3 3 3 4]
  [0 5 0 2 1 3 0 5 3 4 3 4 3 2 1 4 1 3 1 4 2 4 0 0 4 0 0 5 5 1 0 1 4 0 2
   0 2 5 4 5 0 3 5 5 0 4 1 4 1 2 3 4 0 0 2 1 2 2 4 0 1 3 2 4 1 1 3 0 1 5
   4 2 1 3 1 2 5 2 3 2 1]
  [0 2 2 1 0 2 2 4 5 2 0 3 5 3 5 0 1 2 4 0 2 1 3 1 2 0 1 0 1 2 2 0 1 3 3
   5 5 3 1 3 3 0 5 2 5 0 1 3 0 4 2 2 0 4 0 2 3 4 4 0 4 3 1 1 2 3 3 2 4 1
   5 0 1 3 2 1 0 0 0 3 3]
  [0 0 1 4 4 1 1 0 1 2 1 1 3 2 3 5 0 4 2 4 4 4 1 5 2 1 2 1 4 1 1 3 1 4 2
   1 4 4 3 2 2 3 0 5 3 2 3 2 5 2 5 5 0 5 4 3 0 5 3 4 0 5 2 4 2 3 3 5 0 1
   3 2 1 1 5 2 0 2 3 2 0]
  [0 2 4 1 5 4 5 2 3 5 4 3 5 5 1 5 3 5 4 3 2 3 5 1 4 0 5 1 3 1 3 1 3 0 1
   4 5 0 3 1 3 3 3 0 2 4 5 1 3 0 2 2 3 5 5 0 5 5 1 2 1 5 3 3 1 4 4 4 3 1
   1 1 4 2 4 2 5 0 4 3 1]
  [0 4 1 4 2 0 2 4 2 3 0 5 4 2 4 4 5 0 1 3 5 0 1 0 4 3 3 2 5 0 1 1 0 5 0
   1 5 3 4 0 4 3 4 0 0 5 4 0 2 3 2 4 5 0 0 5 1 4 5 2 2 2 4 3 2 0 1 1 2 3
   0 1 2 0 4 4 0 4 4 0 0]
  [0 2 0 2 3 0 0 3 2 2 5 4 5 3 2 2 1 4 1 1 3 0 0 0 1 3 5 5 4 5 1 1 3 5 2
   3 0 5 4 5 3 2 4 5 0 0 4 1 4 5 4 4 2 2 1 1 2 3 2 0 4 2 5 0 2 5 1 2 2 3
   1 5 1 3 2 5 5 2 4 1 4]
  [0 4 1 0 2 2 4 5 4 3 0 0 0 3 1 4 1 5 2 1 4 5 5 2 1 1 4 0 3 3 1 0 5 5 4
   5 0 1 4 5 0 0 3 2 4 3 0 1 5 4 1 1 1 5 3 2 0 2 0 5 2 0 0 1 0 0 4 0 0 0
   3 5 5 0 0 2 0 1 1 1 3]
  [0 3 5 2 4 4 3 2 4 5 0 2 1 5 3 4 3 2 5 2 1 4 0 2 1 3 2 5 5 2 0 4 4 4 0
   4 0 0 3 3 5 4 2 4 3 5 5 0 5 4 5 1 5 0 0 0 5 1 4 5 0 0 0 1 1 2 0 2 5 4
   3 4 3 0 0 2 0 4 4 1 3]
  [0 5 1 2 5 2 1 2 2 2 5 1 4 2 0 4 5 5 5 5 4 1 3 5 4 3 1 5 1 4 4 4 4 3 2
   4 5 2 1 2 0 4 0 4 5 2 0 2 0 4 2 3 0 0 5 2 2 2 4 0 4 0 3 5 0 3 2 1 4 4
   4 1 1 2 4 0 2 3 0 3 4]
  [0 1 2 1 0 3 1 3 1 2 4 5 1 0 0 1 5 3 0 2 4 1 2 0 1 0 1 2 0 4 5 0 3 0 3
   4 0 0 0 2 4 4 4 3 2 2 1 0 1 0 5 0 0 2 0 1 1 5 0 0 2 3 4 4 3 4 0 3 2 5
   4 5 0 4 0 4 4 1 5 0 4]
  [0 3 3 2 0 1 4 0 5 0 2 4 4 2 5 2 4 0 1 5 2 3 5 5 2 1 5 0 5 0 5 0 4 4 5
   5 0 3 4 4 3 4 4 0 4 4 5 1 3 4 0 4 2 4 3 3 5 1 4 0 4 4 3 0 2 3 0 3 3 5
   2 4 3 3 5 2 2 3 2 4 4]
  [0 4 3 1 5 4 1 4 5 5 4 4 2 3 3 0 0 1 5 3 5 4 2 5 5 3 4 0 4 0 4 4 4 0 4
   1 3 2 3 0 0 4 3 4 1 2 3 4 0 4 4 0 5 2 5 2 0 0 4 5 5 3 0 3 1 0 1 0 3 5
   4 5 4 0 4 2 3 0 5 3 2]
  [0 4 0 5 1 4 3 0 4 5 4 4 5 1 3 2 5 3 1 5 2 0 2 5 5 3 3 0 5 1 0 1 2 5 2
   5 2 2 4 3 4 1 3 5 0 1 1 1 4 1 1 1 0 4 2 3 3 0 4 1 1 5 5 4 3 3 3 1 0 2
   4 3 1 0 4 4 4 1 1 5 1]
  [0 4 5 0 2 4 1 5 3 4 5 0 0 0 2 2 3 4 2 5 3 0 4 0 4 4 0 1 3 4 3 5 4 5 1
   4 5 4 2 3 5 4 4 2 3 0 0 1 0 4 5 3 2 0 1 4 2 1 3 3 2 3 2 2 3 1 3 4 3 3
   4 3 2 5 1 4 1 4 2 3 1]
  [0 5 1 0 5 5 0 5 1 1 4 4 3 4 5 0 5 0 5 0 5 5 1 2 5 0 4 0 1 2 0 5 2 3 2
   0 5 4 0 1 0 3 4 0 5 0 0 4 1 3 1 0 1 4 0 5 4 2 1 1 5 3 1 4 2 4 4 2 3 4
   0 5 0 1 4 5 2 2 4 0 2]
  [0 2 2 2 0 5 5 2 4 1 5 2 4 5 5 5 3 5 1 5 1 4 4 1 1 4 5 1 5 0 5 0 2 5 3
   3 1 1 5 3 3 3 2 4 4 0 5 1 4 0 3 4 2 1 3 0 1 4 0 3 2 5 3 0 2 5 3 0 1 1
   4 2 1 1 2 0 0 2 2 0 3]
  [0 3 4 0 0 4 2 3 4 2 3 1 0 3 5 3 5 3 5 5 3 3 2 3 0 0 2 1 1 0 5 3 4 0 3
   2 4 4 3 5 5 4 4 4 3 1 0 0 1 2 4 4 2 5 4 4 0 4 0 1 3 4 5 2 1 0 3 4 1 2
   2 0 0 2 0 4 5 2 2 1 0]
  [0 3 4 2 5 5 5 0 4 4 3 1 5 1 2 3 3 2 3 0 0 1 0 5 0 0 0 3 0 1 4 0 4 2 5
   3 1 4 5 3 3 3 1 0 5 0 1 3 0 1 5 5 0 5 3 2 5 0 4 3 0 0 2 5 2 2 1 5 1 3
   0 1 1 0 0 5 5 2 4 4 5]
  [0 4 3 2 5 0 4 0 2 0 0 2 3 0 5 1 5 1 0 5 1 3 2 1 4 5 0 0 2 0 0 4 4 5 4
   3 4 3 2 2 0 3 1 5 0 5 0 1 1 0 5 4 2 0 4 5 1 0 0 0 3 0 0 4 5 0 5 3 4 4
   3 2 0 3 2 5 1 0 3 3 2]
  [0 0 5 5 5 4 4 3 0 1 2 4 5 0 0 2 0 5 4 2 0 2 2 5 2 5 5 3 5 2 5 2 1 0 1
   3 2 5 3 0 5 3 4 1 1 0 4 2 5 1 0 4 2 1 4 3 4 5 1 0 5 3 1 5 4 4 0 0 2 2
   4 0 0 2 5 1 3 3 4 5 1]
  [0 3 3 4 1 2 1 0 2 4 4 5 0 1 4 4 4 3 2 3 2 3 4 3 5 5 0 1 5 1 1 0 5 3 4
   1 4 2 4 4 2 5 5 3 5 4 1 2 1 0 3 4 4 1 5 1 1 3 4 4 0 4 5 3 5 3 3 2 2 1
   1 0 1 5 0 3 3 3 4 1 4]
  [0 5 0 2 0 3 4 3 2 2 4 3 4 2 5 0 3 2 4 3 5 1 4 0 2 3 2 3 5 2 4 4 1 4 1
   1 1 5 0 5 1 2 1 5 5 4 0 3 2 1 1 2 3 2 5 0 2 5 5 0 3 0 5 0 5 1 0 0 4 1
   4 4 0 3 4 2 2 5 0 4 5]
  [0 1 1 5 4 4 4 1 1 5 1 2 0 2 1 0 5 1 0 2 1 5 0 3 1 4 3 2 1 3 1 0 2 5 1
   0 0 3 0 0 1 3 0 2 1 0 0 0 4 4 3 1 2 4 4 0 3 0 5 3 0 1 0 4 0 0 3 5 1 1
   3 1 5 5 3 1 5 5 3 0 2]
  [0 2 3 3 2 2 1 0 4 3 1 1 0 3 5 5 5 2 1 5 3 4 0 5 5 2 2 3 4 5 2 3 5 4 1
   4 2 1 2 0 4 4 1 5 1 5 0 1 2 1 3 2 3 0 2 2 1 2 5 3 1 1 5 0 1 3 4 3 4 4
   0 2 4 1 2 3 0 2 1 0 2]
  [0 3 0 0 4 2 5 4 1 1 2 0 2 1 2 3 2 2 0 5 5 0 2 2 3 0 4 3 3 4 0 3 4 0 3
   1 5 5 5 5 5 2 3 3 1 5 5 5 4 2 4 2 0 4 4 5 5 1 0 5 1 3 0 1 0 3 3 5 2 4
   1 2 3 3 0 1 2 5 4 4 4]
  [0 1 1 1 1 3 3 1 5 0 4 3 4 0 1 3 4 2 1 3 2 1 2 2 1 1 0 3 5 2 4 2 2 5 4
   3 2 1 2 1 5 1 1 5 1 4 3 2 1 1 4 1 2 3 4 0 0 5 3 4 0 0 5 4 4 0 0 1 4 0
   1 2 2 5 5 5 2 5 3 1 4]
  [0 2 0 2 3 2 5 4 2 1 3 0 1 5 1 1 0 3 1 3 5 1 4 4 5 1 3 2 4 0 0 5 5 0 4
   5 1 3 3 4 3 5 0 5 5 5 1 3 5 2 3 1 5 4 4 1 5 1 1 4 1 5 4 0 5 3 0 1 4 2
   1 1 2 2 3 3 3 3 2 1 5]
  [0 0 0 4 2 2 5 4 1 3 5 0 0 0 1 0 4 4 3 2 1 4 1 5 2 3 1 1 3 0 1 4 4 2 0
   4 1 1 2 3 1 5 4 0 0 1 5 5 2 2 1 2 1 4 1 5 5 0 1 3 1 4 0 5 0 2 0 0 3 1
   4 0 5 2 5 2 4 1 3 2 5]
  [0 2 3 5 5 0 5 4 0 5 3 5 5 5 4 0 1 3 2 5 4 5 5 0 4 2 1 3 1 3 0 1 4 4 1
   3 0 2 2 1 4 5 2 2 5 5 0 1 1 2 3 2 4 0 2 2 5 4 1 4 1 1 1 1 2 4 1 5 0 5
   4 3 1 0 5 4 3 5 4 0 0]
  [0 2 0 0 3 5 0 0 3 2 0 2 3 2 1 0 2 0 3 3 0 3 2 4 3 2 2 5 2 4 4 1 0 1 5
   0 4 2 1 0 5 2 3 3 2 2 2 3 5 3 4 1 3 5 5 4 1 1 2 5 1 3 0 5 4 3 5 5 3 0
   4 1 1 5 3 3 5 2 1 3 0]
  [0 1 0 2 5 5 5 5 3 0 4 5 0 4 4 2 0 5 2 4 2 0 5 2 0 3 3 2 4 5 0 5 1 0 4
   3 5 2 1 5 0 1 0 2 1 0 1 5 4 0 5 2 2 5 0 2 3 1 4 0 0 5 0 3 3 1 4 2 3 5
   0 1 5 3 4 5 2 2 4 0 5]
  [0 3 1 1 2 1 0 2 2 3 1 2 1 5 4 1 4 5 5 1 1 1 5 3 3 2 4 3 1 5 2 4 0 1 2
   4 5 0 0 4 5 2 2 1 0 1 2 5 4 0 3 4 1 2 5 1 4 1 2 2 1 0 5 0 2 2 3 2 5 5
   5 0 4 3 5 4 5 0 0 1 1]
  [0 1 1 4 4 3 1 2 2 5 2 4 3 4 2 3 0 1 4 3 1 1 1 0 3 4 2 2 2 0 1 4 1 2 4
   5 2 2 4 4 1 3 4 5 0 2 3 1 0 0 4 5 0 3 5 3 5 0 5 0 0 3 2 5 4 3 5 5 5 4
   5 2 0 5 4 3 2 5 5 4 0]
  [0 1 1 1 5 5 3 3 0 0 1 2 1 1 1 4 3 1 0 4 3 1 2 0 1 3 4 5 0 4 1 5 4 4 3
   4 0 5 3 0 4 5 0 0 1 2 0 5 3 1 0 3 5 2 1 2 4 1 4 4 0 0 2 3 1 0 2 1 5 0
   4 4 3 0 2 3 4 0 0 1 1]
  [0 0 4 0 1 4 4 2 1 2 5 4 4 3 2 3 2 0 0 5 0 3 2 3 3 0 2 0 1 5 0 0 5 4 4
   2 1 5 3 4 5 5 4 0 4 5 3 0 2 2 3 4 5 5 2 5 5 3 4 2 3 0 4 2 3 3 5 0 4 2
   2 5 1 2 0 5 3 2 0 0 1]
  [0 0 5 2 1 1 1 2 5 3 4 3 3 0 3 1 3 3 3 3 2 2 1 5 1 3 1 4 3 3 4 5 4 4 5
   0 4 2 5 2 5 0 2 2 5 4 4 4 4 2 4 5 1 3 0 2 3 5 2 0 3 2 4 1 2 5 1 5 5 2
   2 2 2 0 3 0 3 2 2 1 4]
  [0 2 1 4 5 0 3 4 2 2 2 2 2 2 5 0 2 4 2 0 4 3 1 3 5 0 3 5 2 1 4 4 4 1 5
   0 0 1 5 4 0 3 5 3 3 2 3 4 2 4 0 5 5 5 5 4 2 1 4 5 3 5 1 4 4 0 0 3 2 5
   0 1 0 3 3 5 0 3 0 2 1]
  [0 1 3 2 2 0 4 1 2 2 3 1 4 0 5 2 4 2 3 4 2 0 2 0 1 1 0 3 2 1 1 3 4 1 4
   0 3 1 1 5 1 5 0 5 4 3 0 3 3 4 4 5 2 5 0 3 4 1 1 5 5 1 0 4 0 4 4 1 0 5
   3 3 0 1 1 1 1 0 3 2 4]
  [0 3 3 4 2 5 2 4 3 5 0 2 4 0 5 1 0 0 1 5 5 1 4 3 4 2 5 3 4 2 3 5 1 1 4
   2 0 5 4 2 0 5 3 1 5 4 5 5 5 3 0 5 4 3 3 3 2 3 0 4 1 1 4 2 5 4 0 0 1 4
   4 4 1 4 5 1 1 3 0 3 2]
  [0 0 2 1 5 2 4 2 4 1 4 2 2 0 2 5 4 2 3 4 5 4 0 3 2 3 3 3 3 3 2 2 5 3 5
   1 4 1 2 4 5 0 4 4 4 2 1 5 5 0 1 0 2 3 0 4 3 3 3 1 0 0 4 4 1 2 3 2 4 2
   3 0 1 2 3 1 3 1 2 0 1]
  [0 1 3 2 4 0 1 3 1 0 0 3 1 1 4 0 2 0 5 4 3 2 2 1 5 5 1 3 5 3 0 3 4 3 1
   1 0 5 2 5 2 4 3 2 2 2 4 2 0 5 5 2 1 4 0 4 2 5 3 3 5 1 0 1 4 5 0 1 2 4
   3 1 3 0 3 5 0 0 5 5 0]]

 [[0 4 3 5 5 5 2 1 1 1 3 3 1 4 0 5 5 3 3 1 2 2 1 5 2 1 5 0 3 5 2 2 4 2 3
   1 1 5 2 3 4 4 0 2 4 2 0 3 5 5 0 0 0 4 3 3 3 1 0 1 4 4 3 0 2 5 5 2 4 4
   4 5 5 3 3 1 4 1 3 1 2]
  [0 0 4 4 0 0 5 3 0 1 2 1 1 5 5 1 2 0 4 0 2 2 4 0 3 0 0 0 4 4 1 0 0 0 2
   0 4 3 0 1 0 1 1 5 5 3 1 1 2 1 5 0 5 0 2 4 1 4 2 0 1 3 1 4 3 0 3 5 5 0
   1 5 5 4 3 0 3 0 4 4 4]
  [0 0 0 2 2 0 0 3 0 1 1 2 2 5 3 5 1 0 2 1 2 2 0 1 3 0 0 5 3 2 2 2 4 3 1
   5 0 1 4 1 3 2 2 2 1 0 4 3 0 4 5 0 4 0 4 2 3 0 3 1 3 3 5 5 4 5 0 3 0 4
   5 5 3 1 2 5 4 3 0 4 2]
  [0 1 1 0 0 5 1 0 1 1 3 2 5 2 1 0 4 0 1 3 4 0 5 1 4 0 4 4 4 5 2 2 1 0 3
   2 0 5 4 5 2 1 5 1 3 3 3 2 3 1 0 4 3 1 5 5 3 0 2 5 2 0 4 5 3 1 1 0 2 2
   5 3 0 2 3 4 5 0 2 0 1]
  [0 5 0 3 0 0 1 1 2 4 4 5 5 4 2 2 3 1 1 3 1 2 0 5 1 5 3 4 4 5 2 0 1 4 3
   0 4 0 3 1 1 1 5 3 2 4 3 4 5 0 4 0 3 5 4 5 0 4 5 2 5 1 5 4 1 4 4 5 0 1
   4 2 4 0 4 4 0 3 1 2 1]
  [0 2 5 3 3 0 0 5 3 0 1 2 4 5 0 1 5 1 4 3 1 1 4 0 5 5 2 0 2 4 5 3 2 4 3
   4 0 2 0 3 0 3 3 1 4 4 2 3 5 0 2 3 0 4 1 5 4 2 2 2 0 4 2 3 1 2 1 5 0 0
   5 5 1 1 1 3 4 2 0 5 5]
  [0 5 0 2 5 0 0 5 2 5 5 2 3 4 2 5 0 1 3 5 2 4 0 4 4 2 1 3 4 1 4 3 2 2 3
   2 1 1 2 1 5 1 5 2 4 5 0 3 0 1 2 5 0 2 2 0 5 1 5 1 5 3 5 0 3 4 5 2 4 1
   5 0 0 4 1 1 0 5 4 4 5]
  [0 1 2 1 3 2 2 0 4 3 4 1 0 4 0 2 4 1 4 1 1 3 5 2 2 5 3 3 2 5 4 3 1 0 5
   3 3 2 1 0 1 0 3 4 2 2 5 3 5 2 0 1 0 2 5 3 5 4 1 3 5 0 0 4 5 3 4 1 4 4
   1 4 1 5 1 5 2 4 1 2 5]
  [0 5 0 4 5 5 5 0 0 5 0 4 4 0 5 4 4 3 4 2 4 0 0 2 2 4 0 3 3 5 2 1 5 2 4
   1 5 3 5 5 3 2 0 2 4 2 5 1 5 3 2 1 2 3 3 3 1 3 2 3 5 5 0 2 4 0 5 4 4 2
   4 0 5 3 4 2 3 0 1 5 4]
  [0 3 2 3 2 3 0 4 0 0 1 3 1 3 5 0 3 2 3 2 2 5 2 4 2 4 2 2 5 2 4 5 1 3 3
   0 2 5 4 0 0 5 0 1 2 4 5 1 3 0 0 3 1 0 3 1 5 5 5 3 3 3 5 4 2 4 4 1 4 5
   2 3 1 2 1 0 0 5 1 4 0]
  [0 2 3 1 5 1 3 0 3 5 0 1 3 3 5 0 2 4 4 1 1 2 2 2 1 0 0 4 2 3 4 3 0 1 4
   4 2 4 5 0 2 3 5 1 2 5 0 0 3 2 2 4 3 0 2 3 3 3 2 4 1 0 2 3 5 0 4 4 3 2
   0 0 0 1 0 0 4 2 3 2 1]
  [0 5 1 0 0 1 2 3 0 5 1 0 5 1 0 4 0 4 0 5 3 0 1 2 0 1 2 4 1 5 0 5 3 4 3
   4 1 5 2 4 1 3 5 0 3 2 1 5 5 0 2 5 3 3 3 0 1 0 4 5 5 1 1 1 4 3 0 2 5 4
   5 3 5 4 3 4 1 4 0 1 5]
  [0 4 3 4 0 0 2 3 5 4 3 4 0 3 5 4 0 4 3 2 0 4 3 4 5 2 5 5 4 0 1 0 0 5 2
   5 4 2 4 3 5 5 0 1 2 1 3 1 3 1 2 3 4 4 0 5 4 3 0 2 5 2 4 4 0 1 0 0 5 1
   1 1 2 0 5 2 2 4 2 2 4]
  [0 4 3 3 3 4 4 4 3 2 5 0 1 0 4 1 5 4 2 3 4 2 5 4 5 2 5 0 3 2 5 4 2 4 1
   1 2 3 3 5 5 3 2 2 4 4 4 3 4 0 2 5 0 1 1 3 2 3 2 3 1 2 0 2 5 1 2 3 4 0
   0 1 3 5 5 3 5 1 1 1 0]
  [0 4 1 4 5 2 4 2 4 2 2 4 1 4 0 0 1 3 0 2 0 5 3 5 3 1 2 4 4 1 1 3 4 1 0
   1 4 0 2 4 1 4 4 2 0 4 0 1 2 0 1 0 4 0 2 5 0 2 0 2 0 1 4 0 3 4 0 1 3 0
   0 5 5 5 0 2 5 1 0 2 0]
  [0 1 0 3 5 0 2 1 1 2 5 3 2 0 0 0 5 0 3 0 5 2 4 0 3 5 4 1 3 5 4 1 5 3 5
   1 0 5 0 2 1 0 0 3 3 3 5 3 4 0 2 0 2 3 3 3 1 0 4 2 4 3 2 1 0 5 4 3 3 2
   1 4 3 3 0 5 3 2 1 2 2]
  [0 1 4 0 0 1 5 5 3 4 4 3 5 3 0 5 0 2 4 3 1 5 4 1 3 5 1 5 4 5 4 5 3 4 2
   1 4 2 4 0 3 1 4 0 0 3 5 2 1 2 5 2 2 0 2 2 3 0 5 0 2 0 3 5 0 4 1 0 2 0
   0 0 5 1 3 5 5 2 3 1 4]
  [0 0 5 1 0 5 0 4 2 0 5 4 2 1 5 4 2 0 4 0 4 1 0 2 3 5 1 1 5 3 0 2 1 0 0
   3 3 5 0 5 2 3 3 1 1 5 0 0 5 3 2 4 2 2 4 2 0 2 3 5 5 5 1 1 2 4 2 4 5 0
   4 4 0 1 0 2 0 2 0 1 5]
  [0 1 2 3 0 5 5 0 2 3 5 2 3 0 4 2 0 5 0 2 3 0 1 2 4 0 2 3 4 4 4 5 5 5 2
   1 1 4 3 2 0 5 4 0 3 3 3 0 1 2 3 0 1 3 3 1 5 0 4 2 1 4 5 1 2 2 3 3 2 2
   5 1 2 4 1 4 2 0 5 1 2]
  [0 5 1 0 1 1 2 1 1 1 5 5 1 5 4 5 3 4 3 0 3 0 4 1 3 3 4 1 4 2 2 5 2 0 0
   3 1 0 5 0 3 2 3 1 5 5 3 5 0 2 1 3 1 3 5 1 4 2 1 5 4 4 2 0 1 4 4 3 1 4
   1 0 4 5 0 0 5 2 0 3 2]
  [0 0 1 4 0 5 1 4 5 1 3 4 2 1 2 2 5 5 5 0 0 4 3 5 2 3 5 1 2 5 0 2 0 4 4
   4 1 0 3 0 0 4 1 2 2 5 1 0 2 1 2 1 0 3 0 3 2 1 0 5 4 3 0 2 5 2 1 0 5 1
   0 5 0 5 0 5 1 3 0 1 3]
  [0 5 3 3 0 3 5 3 1 4 2 4 5 4 2 2 1 2 0 0 5 0 4 1 5 4 1 0 4 0 1 4 4 2 5
   0 4 4 4 0 5 4 0 5 5 1 3 0 1 1 2 1 2 1 4 2 4 2 2 0 5 2 5 1 2 3 2 0 4 4
   0 4 5 0 5 4 0 5 1 5 0]
  [0 4 2 3 3 1 2 5 0 0 2 3 1 3 5 2 1 0 1 5 1 5 0 0 2 3 1 2 3 4 2 0 2 1 0
   3 4 0 1 1 3 5 1 0 0 0 1 4 1 4 1 3 5 3 3 5 3 3 5 4 2 2 4 4 1 0 1 1 0 2
   5 2 3 0 2 3 2 2 3 0 5]
  [0 5 1 3 1 1 5 2 3 3 0 2 0 5 3 1 2 5 2 3 1 2 5 0 2 1 1 2 4 1 4 2 2 1 3
   4 2 4 5 0 5 2 0 5 4 0 3 4 5 3 5 0 5 4 1 0 3 3 3 2 1 4 5 1 2 3 5 5 0 3
   5 0 5 3 2 3 4 3 2 4 3]
  [0 5 5 3 3 2 5 4 5 3 5 5 0 5 2 4 5 5 2 5 5 0 5 0 0 2 3 0 2 2 5 5 4 3 4
   0 2 5 5 4 0 5 5 1 5 1 2 3 5 4 3 0 0 5 2 1 4 2 0 3 2 5 2 1 2 2 0 3 4 4
   4 1 3 1 3 0 3 4 4 3 5]
  [0 1 2 2 0 5 1 5 3 2 3 2 0 1 1 3 2 2 2 1 3 2 0 2 3 0 3 3 0 2 3 0 1 3 0
   2 5 4 4 1 0 0 2 0 0 4 0 3 0 1 5 3 2 4 1 1 4 5 3 3 1 3 1 3 2 4 3 2 4 1
   4 4 5 4 1 1 4 0 4 4 3]
  [0 2 5 4 3 2 3 4 5 1 5 2 5 0 3 0 0 4 4 4 2 3 1 3 3 2 0 5 1 0 2 4 3 2 1
   3 1 3 0 0 1 1 0 1 4 0 5 5 3 0 4 0 1 2 4 5 3 0 3 5 2 2 0 0 5 2 5 1 2 2
   3 0 3 1 5 3 3 3 1 0 4]
  [0 4 3 3 4 2 0 3 2 1 4 4 2 4 3 2 1 4 0 4 4 4 3 3 5 5 0 0 5 5 5 2 1 4 0
   4 0 3 2 1 5 5 0 2 5 1 2 0 2 4 2 4 0 0 4 5 0 4 0 1 4 2 4 5 5 3 3 1 2 1
   5 0 4 2 2 0 2 1 1 0 1]
  [0 5 5 0 3 0 1 1 0 0 1 0 1 3 0 3 4 5 3 5 2 5 1 4 3 5 0 1 0 1 5 1 0 1 5
   3 2 0 0 3 3 1 3 2 5 1 4 5 5 1 1 1 0 5 1 5 5 4 3 3 4 2 2 2 0 1 3 5 1 0
   0 5 3 2 2 3 4 2 1 5 4]
  [0 2 0 0 2 3 2 4 3 5 0 4 0 3 3 5 5 1 1 4 2 3 0 3 2 4 4 3 1 0 2 0 0 4 1
   2 0 1 1 5 3 4 0 2 0 4 3 3 3 2 2 2 3 5 4 4 3 2 1 1 0 5 4 0 1 0 3 0 2 0
   4 5 2 4 2 0 5 5 2 2 2]
  [0 4 1 1 5 4 3 3 0 1 4 2 2 5 5 0 0 2 0 5 2 3 3 2 0 1 5 3 1 2 0 5 5 5 4
   5 0 0 3 0 2 1 5 1 5 0 3 5 4 5 2 1 1 1 3 3 3 2 0 1 4 2 1 4 0 1 5 1 0 5
   2 0 3 5 3 0 2 1 4 1 5]
  [0 0 5 3 4 4 0 0 0 2 3 5 0 0 3 0 0 2 1 3 5 1 3 2 4 1 1 5 3 3 5 0 1 1 5
   3 1 1 1 5 1 0 5 2 4 5 5 1 5 2 0 2 4 1 2 1 2 2 4 5 1 0 5 3 0 0 3 5 1 1
   3 0 2 1 4 1 4 3 4 5 0]
  [0 0 0 1 0 2 5 0 5 4 3 5 2 2 5 3 5 2 0 4 2 4 4 3 1 0 1 2 2 3 2 4 0 4 2
   1 2 4 4 0 5 0 3 1 2 1 5 2 5 2 3 4 1 4 4 5 0 1 0 0 4 4 2 4 1 3 1 3 2 0
   0 3 4 5 3 3 1 2 4 5 2]
  [0 3 4 2 2 5 4 5 2 4 4 2 4 3 0 0 1 2 0 2 1 0 2 4 4 1 2 2 1 5 5 2 0 0 4
   5 4 2 1 1 0 0 1 4 2 2 1 4 3 1 5 3 3 5 0 2 5 0 2 3 0 0 1 2 2 0 3 4 3 5
   2 4 3 0 2 1 3 0 4 5 4]
  [0 1 3 1 4 2 5 4 4 2 2 0 1 5 1 1 0 5 2 5 4 4 1 5 3 4 2 3 2 2 5 3 2 4 0
   2 3 0 3 0 3 3 2 3 5 0 2 2 5 4 2 2 2 5 4 3 2 5 3 0 2 1 2 5 3 4 5 5 5 1
   1 3 3 5 4 1 2 1 0 3 3]
  [0 2 2 3 3 3 2 2 1 0 2 5 0 4 3 2 3 4 3 5 4 5 3 1 1 3 1 0 1 3 5 0 5 4 5
   0 3 2 5 3 1 2 2 1 2 0 4 0 5 1 2 5 1 4 0 2 3 5 0 2 2 1 1 5 2 0 1 5 0 0
   0 2 0 2 4 2 2 4 4 5 2]
  [0 5 4 1 1 4 3 4 5 0 0 0 4 5 2 0 2 5 0 3 1 3 0 3 1 0 5 2 1 2 0 3 2 2 5
   3 0 1 3 0 3 0 5 5 4 4 2 1 2 5 4 4 2 0 4 1 0 2 4 4 3 0 3 2 1 3 4 1 4 1
   1 1 5 3 2 0 5 5 5 0 3]
  [0 3 1 1 5 2 4 5 0 1 4 0 0 5 3 0 0 5 0 5 1 5 1 1 3 1 1 4 4 2 3 4 4 2 1
   0 1 0 4 3 2 2 4 2 4 0 0 3 3 2 3 5 4 5 5 5 1 0 1 1 4 4 1 5 4 0 3 0 1 4
   3 0 2 1 3 0 4 5 3 1 0]
  [0 4 0 4 0 5 2 3 4 3 2 1 2 1 5 3 3 3 2 2 4 1 5 4 2 1 0 1 4 3 0 2 1 2 5
   3 4 0 0 5 3 2 2 2 5 4 0 2 4 4 1 3 3 2 5 5 2 3 0 2 2 5 1 2 5 3 2 0 0 5
   2 5 4 4 1 5 0 2 5 1 2]
  [0 1 0 3 5 5 2 3 1 3 0 1 4 0 1 2 4 4 0 5 4 5 1 1 3 2 4 4 5 5 1 3 3 2 1
   2 5 0 4 0 3 0 1 1 0 2 5 3 1 5 5 5 5 1 1 1 4 5 1 2 0 3 3 0 4 5 2 4 4 2
   4 3 3 0 2 0 1 1 5 1 0]
  [0 2 2 5 1 3 4 2 5 0 3 3 3 3 2 5 2 1 1 1 0 0 1 0 1 5 4 5 5 5 2 2 5 2 0
   0 0 5 5 1 0 4 0 2 5 1 3 3 5 4 5 4 3 2 5 0 2 3 1 0 1 0 1 1 4 0 4 2 1 2
   3 2 4 3 2 3 1 4 5 4 3]
  [0 1 1 1 5 2 5 4 0 4 1 5 3 1 1 4 5 0 0 0 1 0 5 5 5 4 4 2 3 4 1 5 4 4 1
   0 0 5 3 2 1 0 4 2 4 1 0 2 0 2 0 4 5 5 5 4 3 4 3 1 0 3 5 5 0 3 1 4 4 4
   5 5 1 5 0 0 3 0 4 4 0]
  [0 2 4 4 5 5 4 3 4 4 2 0 2 0 1 0 3 1 4 3 5 0 5 1 4 0 2 5 5 5 1 2 1 1 2
   4 4 3 3 3 5 5 0 3 1 4 2 4 3 5 4 3 1 1 2 2 0 1 2 3 5 4 5 2 1 3 4 2 2 3
   2 1 0 3 3 4 3 4 2 3 1]
  [0 2 1 3 2 3 2 5 2 1 0 5 5 0 1 0 4 0 5 3 3 3 1 5 4 0 1 4 1 2 0 2 5 4 2
   5 0 5 2 0 5 5 0 0 3 3 5 4 3 3 0 2 3 3 0 5 3 2 0 1 1 0 1 1 1 0 5 1 0 4
   4 3 1 5 3 2 0 0 5 2 2]
  [0 3 2 0 2 5 1 4 3 2 0 5 3 3 3 5 4 1 1 0 0 3 2 3 1 1 2 1 1 5 3 5 3 0 5
   0 0 5 5 3 1 2 0 0 0 3 3 1 1 1 4 1 5 0 3 5 3 3 2 2 3 5 2 4 1 5 3 5 0 4
   1 0 0 4 2 5 1 1 0 3 5]
  [0 5 3 0 4 1 2 3 3 5 2 0 2 2 5 0 4 4 5 0 0 5 1 0 2 1 1 4 0 4 0 1 4 3 5
   1 5 2 5 3 1 3 2 2 0 0 1 4 4 0 2 0 5 3 2 1 3 2 0 4 1 2 3 4 1 4 5 2 1 4
   5 1 0 3 2 2 0 1 0 4 0]
  [0 5 3 2 1 3 5 1 1 0 0 3 0 4 3 1 1 5 5 5 0 2 0 0 3 5 4 1 5 5 4 2 3 1 0
   3 5 4 3 0 1 2 0 1 5 1 0 0 3 5 2 4 0 5 3 2 4 4 5 2 1 3 2 3 0 4 0 4 5 0
   3 5 5 5 4 0 0 2 3 2 4]
  [0 3 2 1 2 4 0 3 2 1 1 4 2 4 5 2 1 0 4 4 5 0 5 5 0 0 3 3 2 3 2 4 5 0 1
   5 4 1 1 5 4 3 3 3 3 0 5 0 0 2 0 2 5 0 0 3 2 1 5 1 5 4 4 3 3 4 2 0 4 0
   2 3 4 2 4 3 2 1 2 0 0]
  [0 1 5 5 0 0 4 0 2 3 5 5 0 2 5 4 5 0 1 1 3 5 1 0 5 3 0 3 2 1 2 0 2 0 2
   0 1 5 2 4 0 5 1 3 5 0 0 0 0 0 3 0 2 5 2 5 2 2 0 1 5 3 5 5 5 1 0 1 2 0
   3 1 4 5 1 2 1 3 4 5 0]
  [0 1 5 3 5 1 2 3 2 0 1 2 3 0 3 4 3 1 0 5 1 3 3 4 0 3 1 5 3 1 2 2 5 0 2
   5 1 1 3 3 5 3 5 4 0 2 1 2 3 0 0 5 4 1 5 0 0 0 4 0 3 2 1 2 2 1 1 0 5 0
   3 3 1 3 0 4 1 2 1 4 0]
  [0 3 3 1 3 0 1 4 3 4 1 5 2 2 2 3 2 5 4 0 1 4 0 3 3 0 4 2 2 2 2 1 0 2 2
   4 0 5 0 5 2 2 3 2 1 0 1 4 2 1 0 0 3 0 0 2 0 2 0 2 4 4 0 2 5 3 2 1 4 4
   1 0 2 1 2 5 0 0 1 0 1]
  [0 0 4 0 1 1 4 5 0 5 5 1 5 1 2 5 1 5 3 0 4 4 2 4 5 2 3 1 4 5 5 2 0 4 2
   1 0 1 2 0 1 0 0 1 4 2 2 4 4 1 1 0 1 3 1 3 1 0 2 0 3 2 3 0 4 1 1 3 1 4
   0 3 5 0 5 0 3 5 1 5 5]
  [0 4 1 0 0 0 4 4 4 2 4 2 2 4 4 0 5 1 2 4 2 3 4 5 1 4 3 0 0 1 4 0 4 0 2
   1 0 4 2 0 3 4 4 2 3 0 5 0 3 5 4 5 0 0 1 4 4 1 1 3 4 4 5 3 3 0 3 0 2 2
   2 3 0 1 0 5 2 3 2 1 5]
  [0 2 5 5 5 1 5 0 0 4 3 2 4 3 4 2 2 1 1 0 0 1 4 1 0 2 5 3 2 3 1 1 1 4 1
   0 3 1 1 3 4 5 0 1 3 3 4 2 3 5 4 2 4 0 4 0 5 5 5 5 1 2 1 1 0 1 4 3 5 5
   5 5 5 3 1 3 2 1 0 0 1]
  [0 4 1 5 2 5 5 2 3 4 3 0 4 2 0 4 0 0 4 5 3 1 1 5 5 5 4 3 2 1 1 4 0 4 1
   4 1 5 0 3 2 1 3 0 0 0 2 0 3 5 1 4 4 5 0 3 4 1 4 3 0 1 0 2 3 2 1 4 2 0
   3 0 4 2 0 4 2 0 1 1 1]
  [0 2 1 2 4 5 3 4 1 0 5 0 4 2 5 2 2 0 3 3 2 1 1 5 5 2 0 0 0 0 0 3 5 5 2
   5 3 3 0 2 2 5 1 3 4 2 2 5 1 0 0 0 3 1 0 0 0 1 4 1 3 3 2 4 1 4 1 0 0 5
   5 4 1 1 4 0 4 0 2 4 5]
  [0 3 5 4 1 0 2 4 3 5 2 2 0 5 2 1 3 0 2 0 5 2 3 1 4 5 3 2 3 4 0 4 5 1 4
   5 0 1 3 0 5 5 5 0 1 5 2 2 4 1 5 3 0 4 4 2 0 3 0 3 4 5 1 2 2 1 2 0 4 3
   3 1 5 2 5 2 1 4 5 4 3]
  [0 2 4 0 0 1 0 5 1 5 0 5 1 3 3 4 4 1 3 5 1 3 5 4 1 2 4 0 0 5 2 0 4 4 2
   0 4 1 3 4 4 2 2 0 4 0 1 5 4 1 5 5 2 1 3 0 0 0 2 3 5 2 4 3 3 3 1 3 0 3
   1 1 1 2 5 0 5 0 2 2 0]
  [0 5 3 0 5 2 4 0 0 3 3 2 0 0 1 0 5 5 3 4 1 3 1 0 4 4 0 5 5 4 3 5 1 3 0
   4 2 5 4 0 5 5 2 0 3 1 1 2 3 2 2 2 4 0 0 3 0 4 0 4 5 2 0 4 0 4 3 2 0 0
   2 5 4 1 4 2 2 4 2 5 4]
  [0 4 1 5 5 5 4 3 5 0 5 4 1 0 5 0 3 2 0 0 4 2 0 4 4 2 0 5 1 0 5 1 4 5 5
   3 2 0 2 0 5 1 5 0 2 1 2 2 5 0 5 2 1 4 1 1 5 1 5 0 2 1 1 1 3 2 3 4 0 3
   3 2 2 4 1 3 0 5 5 1 0]
  [0 5 1 2 4 4 5 0 5 3 0 0 4 3 0 3 0 3 1 0 2 2 0 1 1 1 1 3 2 3 1 2 0 4 3
   2 3 0 2 3 1 5 1 5 5 3 5 4 5 1 4 5 3 1 0 3 5 5 0 0 0 4 3 4 4 2 1 4 1 5
   0 2 1 2 0 0 2 4 2 5 2]
  [0 4 2 1 4 1 3 1 1 4 3 1 4 4 1 2 3 0 4 3 1 1 1 2 1 5 1 5 4 1 5 4 5 4 1
   4 4 0 3 3 1 2 4 3 1 2 1 2 1 2 0 5 3 2 2 4 1 2 2 2 0 0 2 3 5 4 5 5 3 3
   3 1 2 0 0 1 2 4 2 3 4]
  [0 0 2 3 0 5 1 4 2 2 2 1 1 4 3 5 4 0 1 0 0 4 4 1 1 4 2 5 4 1 1 3 3 0 1
   0 4 0 0 5 3 0 3 2 4 1 5 0 3 2 0 2 0 5 5 0 4 5 1 4 1 0 0 0 3 3 3 3 4 0
   1 3 5 1 2 4 5 0 0 2 0]
  [0 2 0 4 0 5 1 4 0 5 5 3 1 1 2 4 3 0 0 4 5 4 5 1 0 4 5 2 2 3 3 2 4 2 2
   2 1 0 1 3 3 0 5 4 5 0 2 4 1 0 1 4 1 1 1 2 4 5 5 2 3 1 1 0 0 5 5 5 3 0
   2 4 2 1 0 5 0 3 3 4 1]
  [0 5 3 1 3 4 1 1 2 0 0 5 2 3 1 0 2 5 2 5 1 2 2 0 2 3 4 3 4 0 4 2 1 1 2
   5 0 2 2 0 5 5 2 1 3 1 2 2 3 5 1 3 3 4 2 0 1 2 5 5 1 5 1 4 0 2 3 0 3 1
   3 1 5 1 5 2 5 3 2 4 2]
  [0 4 3 4 4 5 5 4 2 1 1 4 1 5 4 2 3 4 5 3 4 2 1 2 0 5 1 1 5 5 1 2 3 1 2
   2 0 2 2 0 4 2 2 0 4 3 1 1 0 5 3 4 4 0 2 1 2 5 5 2 2 1 5 5 3 0 4 0 0 4
   2 2 1 2 4 0 5 1 2 5 2]
  [0 5 4 4 0 1 0 0 3 0 2 4 2 0 0 0 4 4 2 1 3 0 5 3 0 5 3 0 5 1 3 0 0 3 5
   3 1 4 1 3 0 5 4 4 5 4 5 5 1 2 4 2 5 1 2 2 3 1 2 3 5 0 3 3 2 1 0 5 4 5
   2 5 2 5 0 2 5 5 5 4 2]
  [0 0 5 1 2 4 3 0 0 3 1 4 1 2 0 4 0 4 2 2 3 3 1 5 0 5 3 2 5 5 0 3 1 4 0
   3 2 1 1 4 4 0 3 4 2 0 2 0 2 3 1 0 2 1 3 0 0 2 4 5 3 5 4 5 0 0 3 0 1 2
   5 5 5 3 2 4 5 4 4 2 1]
  [0 0 5 3 3 4 5 4 5 2 3 0 2 0 3 1 1 0 0 0 4 1 5 4 2 1 4 4 1 0 0 5 2 1 1
   4 2 4 3 4 5 4 0 0 3 3 4 4 5 3 2 2 3 4 5 3 2 1 0 3 3 4 3 0 3 4 5 4 0 1
   0 4 5 3 2 2 1 3 5 4 3]
  [0 0 5 1 0 1 2 1 3 1 2 3 5 1 1 4 1 2 2 3 3 4 0 4 2 0 3 1 5 1 4 2 0 0 3
   5 3 1 4 2 1 1 2 3 3 5 5 4 2 2 0 5 4 5 1 5 1 4 4 5 4 2 5 4 4 0 0 2 5 0
   3 4 5 0 3 1 4 0 3 3 5]
  [0 1 0 4 5 1 2 0 0 4 1 4 5 1 2 1 0 3 1 1 5 2 4 4 3 1 0 2 5 1 4 1 0 5 2
   2 1 5 3 0 0 5 5 5 2 2 0 5 1 5 0 0 3 2 3 3 0 3 2 4 0 0 5 4 0 5 1 3 2 2
   0 4 1 4 1 2 2 0 2 5 4]
  [0 3 2 4 0 2 5 2 1 4 4 0 4 1 4 2 0 0 2 1 0 0 4 3 5 0 1 1 1 0 4 4 2 0 4
   0 4 2 2 2 3 3 3 2 5 2 1 3 4 3 3 2 4 0 3 1 3 0 2 4 4 0 1 3 0 2 4 2 1 4
   0 0 5 3 5 0 5 3 0 0 2]
  [0 2 4 5 3 1 0 5 1 4 0 4 3 2 1 3 1 1 1 2 0 4 3 0 5 4 0 4 3 3 1 2 4 4 4
   2 0 0 0 0 4 4 3 1 3 3 1 4 5 5 0 3 0 5 0 3 2 1 2 2 5 0 5 4 1 4 3 2 2 4
   3 0 0 3 3 1 5 4 1 0 5]
  [0 5 5 3 5 1 1 1 1 0 4 2 4 5 5 1 1 2 2 3 0 5 2 1 2 3 0 1 3 1 4 0 2 0 0
   4 3 4 4 0 5 2 2 0 1 4 0 2 5 3 3 3 5 0 2 3 3 5 0 1 3 2 3 5 5 3 5 4 2 5
   3 2 5 0 1 2 4 0 3 0 4]
  [0 2 4 1 3 5 1 1 4 5 0 0 5 3 3 3 4 2 2 3 0 1 4 1 2 0 1 1 1 4 3 5 1 0 4
   3 3 0 4 4 5 2 5 3 4 2 0 5 5 3 1 5 5 3 4 0 4 3 2 2 1 4 5 3 2 5 2 5 1 1
   3 0 1 0 0 1 4 5 2 0 2]
  [0 2 3 3 1 0 5 0 4 3 3 2 2 1 5 2 4 4 5 1 4 3 3 4 5 2 1 4 2 3 3 2 5 4 5
   4 5 0 5 3 4 4 3 3 5 5 4 0 2 4 0 4 1 0 0 2 5 2 3 0 4 0 1 0 1 2 4 1 2 0
   0 4 0 2 0 0 5 2 2 4 5]
  [0 5 5 1 1 2 0 5 0 2 3 2 5 0 5 0 5 4 0 3 3 0 5 5 1 1 4 3 5 2 3 0 1 0 1
   5 1 2 4 1 1 4 2 3 0 2 3 0 4 3 5 3 4 0 0 2 5 1 4 0 4 1 1 4 5 0 0 1 2 2
   2 2 4 1 1 0 0 3 5 2 5]
  [0 0 4 2 3 4 0 0 2 1 3 0 3 4 4 2 3 5 4 0 4 5 0 3 5 5 2 4 1 3 5 1 1 1 3
   3 2 1 4 0 2 1 0 4 4 3 2 0 3 5 0 2 0 5 5 4 5 5 3 5 3 1 1 5 3 4 0 3 3 2
   4 4 3 2 5 0 1 0 1 5 0]
  [0 4 5 1 1 2 5 1 5 5 0 5 1 4 0 5 0 4 5 2 4 5 5 2 5 0 1 1 5 0 1 5 2 4 5
   1 0 0 0 4 3 1 4 2 0 5 4 1 2 5 5 3 2 3 2 5 3 1 0 5 2 5 3 5 4 4 3 4 0 0
   4 4 3 3 5 3 0 5 0 4 3]
  [0 5 3 0 2 0 4 1 3 1 3 5 4 2 4 3 4 2 4 4 0 5 4 4 5 0 5 3 5 3 1 5 1 1 2
   0 3 3 0 1 0 2 1 1 5 2 0 1 3 3 5 5 5 0 1 1 4 4 2 1 4 0 1 0 4 5 3 2 1 4
   5 3 2 3 3 4 0 1 5 0 4]
  [0 3 4 4 0 2 0 0 3 0 1 0 0 0 4 0 4 0 5 2 0 4 5 1 4 4 2 0 4 2 2 0 5 3 4
   0 2 0 5 4 0 5 4 1 1 0 5 4 1 4 2 3 5 4 3 0 5 3 4 4 3 3 5 4 1 4 4 2 4 1
   3 5 1 0 1 0 5 1 3 1 0]]

 [[0 0 3 4 3 4 4 2 1 4 3 0 3 0 5 5 2 5 5 4 4 2 5 5 2 0 4 4 3 0 0 2 1 2 4
   0 3 1 3 1 3 2 1 5 1 0 2 3 1 1 1 2 5 1 4 5 5 1 0 1 1 1 1 5 0 5 2 4 4 3
   0 2 5 4 1 5 3 5 1 5 4]
  [0 0 0 4 4 1 0 1 2 1 1 1 3 0 4 3 3 1 1 2 4 3 2 3 1 3 0 3 4 0 2 1 0 4 1
   1 5 0 3 0 1 2 5 1 3 2 0 5 2 1 1 5 3 0 2 1 4 0 1 4 5 4 4 0 1 4 5 0 1 0
   5 3 5 2 1 5 4 1 2 5 2]
  [0 5 0 0 1 3 0 0 4 0 3 2 1 2 2 3 5 2 0 3 0 0 2 5 4 3 3 2 5 2 4 2 2 0 3
   2 5 5 5 3 5 4 0 1 3 5 5 4 1 1 4 1 3 3 5 2 5 5 3 1 1 4 0 4 0 5 4 3 3 0
   2 4 2 2 3 3 2 2 4 2 2]
  [0 3 4 0 5 0 4 5 2 3 4 4 3 5 4 1 0 2 4 4 0 1 0 5 5 1 0 2 1 2 3 4 2 5 3
   4 1 0 3 5 2 0 4 2 3 1 1 5 0 5 3 1 3 0 2 4 2 0 0 3 0 4 1 5 2 5 0 4 2 1
   4 1 2 5 3 1 4 4 5 2 1]
  [0 2 3 4 0 5 2 0 0 4 0 5 5 2 5 5 2 3 3 3 2 1 4 2 4 4 5 4 5 0 4 5 0 2 2
   0 0 1 5 1 4 3 4 5 1 0 3 1 4 2 2 4 4 2 4 1 1 3 2 1 5 5 2 1 5 3 3 4 5 0
   3 4 5 4 0 3 0 1 3 1 5]
  [0 5 4 5 5 0 4 5 3 4 2 0 0 1 1 1 2 3 0 2 2 3 5 1 0 1 1 1 0 2 3 0 3 1 5
   4 5 0 2 0 5 3 0 2 3 1 3 5 3 3 3 2 2 3 3 1 2 0 5 0 4 4 4 0 2 1 5 0 3 3
   1 4 4 4 4 1 4 0 0 2 4]
  [0 2 5 0 4 2 0 3 3 5 1 1 3 2 5 3 5 2 2 3 5 2 5 5 1 1 3 5 0 4 0 0 2 1 0
   0 1 4 0 4 0 4 5 5 1 4 2 5 2 0 2 2 0 2 3 4 4 4 1 0 0 4 3 4 0 2 0 2 2 1
   0 1 0 0 1 5 0 1 0 5 1]
  [0 2 1 1 4 4 3 0 4 2 3 0 3 3 5 0 3 3 3 3 4 3 0 3 4 4 5 2 0 4 5 4 2 1 2
   1 5 4 0 5 5 5 2 5 4 4 0 0 4 5 1 0 0 4 1 0 1 3 1 0 4 2 0 2 0 0 5 3 4 0
   3 5 0 3 2 2 0 3 4 3 1]
  [0 3 0 1 5 3 5 4 0 3 2 0 0 1 0 1 1 3 4 0 1 3 4 1 4 0 3 4 4 0 4 2 5 3 1
   3 3 5 5 5 3 1 1 2 0 1 2 4 4 3 4 0 3 5 2 5 3 2 4 2 3 3 5 1 0 0 1 3 5 4
   2 4 5 2 1 2 1 1 0 0 0]
  [0 4 0 5 5 4 1 5 2 0 0 4 3 2 2 2 2 3 2 5 2 0 4 1 4 0 4 3 0 5 4 2 0 5 2
   2 4 1 2 0 5 0 1 2 3 3 5 1 5 0 5 0 2 5 5 5 4 0 3 3 0 1 1 5 2 4 1 3 1 3
   4 0 3 1 3 5 5 1 3 1 4]
  [0 0 0 0 2 2 1 2 2 3 0 0 4 1 4 0 3 3 1 3 0 5 5 2 5 2 3 4 5 3 0 0 3 4 4
   3 3 1 3 1 3 2 4 1 3 0 0 0 3 4 0 2 3 5 5 0 5 5 0 0 0 4 0 2 2 3 0 3 5 4
   1 0 2 2 0 3 4 3 4 5 1]
  [0 2 5 5 5 2 0 5 3 3 3 0 3 2 2 1 4 1 2 4 2 5 0 3 2 1 2 1 5 3 5 2 0 3 5
   3 2 3 2 3 3 3 3 1 4 4 5 0 5 3 1 5 0 5 1 3 5 0 2 0 5 2 2 1 4 5 3 3 1 5
   1 4 2 5 3 1 4 0 1 2 2]
  [0 2 2 2 3 1 0 4 5 1 1 4 0 5 1 3 2 0 1 2 4 2 3 5 3 3 3 5 5 3 5 3 5 5 3
   4 3 2 2 3 1 4 4 2 4 2 3 5 2 4 2 4 0 0 4 5 1 2 1 1 2 0 5 1 2 5 3 4 0 2
   4 3 0 2 4 1 5 2 4 1 2]
  [0 4 1 3 4 2 3 4 0 2 1 5 5 0 0 4 4 4 2 3 3 1 4 4 3 3 1 4 5 1 3 5 4 1 5
   1 4 3 4 3 4 5 2 1 0 5 4 4 1 1 3 3 0 2 4 1 0 1 3 4 0 5 3 4 3 4 3 1 2 2
   1 0 2 1 4 2 3 1 1 1 1]
  [0 4 2 4 4 5 5 5 5 5 4 1 0 5 0 4 1 2 3 5 2 4 1 1 5 3 1 4 0 2 1 4 4 4 0
   5 2 1 3 0 1 0 0 3 5 5 3 1 4 4 2 0 3 2 0 4 2 4 2 0 1 2 2 1 4 2 4 3 5 4
   2 1 4 0 1 2 5 5 2 1 3]
  [0 1 3 5 2 2 0 5 5 1 2 0 4 5 0 0 2 0 5 3 0 1 3 4 5 4 2 2 3 0 0 5 4 2 5
   5 3 1 0 1 5 3 5 2 0 5 0 1 4 5 1 5 5 2 4 4 0 5 5 4 0 0 3 1 5 4 5 5 2 1
   5 1 3 4 3 3 4 3 1 3 2]
  [0 0 0 2 3 4 4 0 0 0 5 1 2 3 4 4 0 5 1 3 0 4 0 0 1 1 1 2 5 0 5 2 2 5 1
   5 4 1 1 4 0 4 2 4 0 5 5 1 5 1 0 4 3 1 3 3 3 1 5 2 1 4 5 1 1 5 5 1 4 2
   3 5 5 2 0 1 3 5 1 4 2]
  [0 3 5 1 3 0 2 2 2 1 2 0 4 5 3 4 2 0 3 4 5 5 1 2 2 4 1 1 1 4 0 2 5 2 2
   1 5 2 2 0 2 0 4 4 0 3 2 3 1 2 0 4 3 0 4 4 0 2 2 3 0 4 0 1 1 1 4 1 1 2
   3 1 3 4 5 0 1 5 3 0 0]
  [0 5 2 4 5 0 3 2 0 1 5 2 0 4 5 1 2 0 0 5 4 0 3 2 1 0 1 2 2 0 1 5 3 1 1
   3 5 4 1 2 2 5 0 5 3 4 5 0 4 4 3 0 5 2 1 1 4 4 3 0 3 1 3 4 1 1 0 3 4 5
   4 1 5 0 4 5 2 0 0 2 5]
  [0 4 5 5 2 2 2 3 4 1 0 0 5 2 0 4 4 1 1 0 3 5 0 0 5 2 0 4 2 5 0 2 5 5 0
   2 0 0 0 4 4 3 5 0 1 5 4 3 1 3 3 1 4 1 5 1 3 1 2 4 0 1 1 4 2 0 5 0 3 2
   2 3 0 2 4 1 5 0 3 1 3]
  [0 3 5 2 3 2 4 4 5 5 4 5 5 4 0 5 2 0 1 3 0 5 2 1 3 5 1 0 2 0 5 5 2 1 5
   2 0 2 4 4 1 5 4 5 2 1 3 5 4 3 2 4 2 1 2 5 1 1 4 2 5 5 1 1 2 0 1 5 1 3
   1 5 2 0 5 1 1 3 4 5 3]
  [0 2 5 4 0 1 2 3 3 2 2 1 0 5 4 0 4 2 1 4 2 0 1 3 5 4 2 1 1 2 1 1 1 0 2
   2 1 1 1 5 4 1 0 0 2 4 0 3 1 1 1 3 0 3 4 1 5 1 4 1 4 4 3 1 3 4 0 3 2 1
   0 2 4 1 4 2 3 2 5 3 0]
  [0 0 4 1 1 2 0 3 2 5 4 5 2 3 4 3 4 2 3 1 5 4 0 2 4 0 5 3 3 2 1 4 4 0 3
   3 5 1 1 3 3 1 1 3 1 5 5 1 2 4 1 1 4 4 2 5 0 1 2 0 3 2 5 4 3 5 4 3 0 5
   1 3 0 1 4 0 1 3 4 2 4]
  [0 0 3 0 4 2 1 0 5 4 5 4 1 1 5 5 4 3 3 4 5 5 2 0 2 1 1 4 5 3 4 5 5 0 4
   4 2 1 1 0 4 3 4 0 3 5 0 5 3 2 4 0 2 3 2 4 1 4 2 3 2 5 0 2 0 5 3 4 4 3
   5 1 5 5 2 2 1 5 4 3 3]
  [0 0 0 0 2 5 4 4 1 4 5 4 1 2 4 5 0 3 5 3 3 3 3 2 0 3 0 4 1 0 5 2 2 2 3
   3 4 2 2 2 1 4 1 5 1 4 4 0 3 4 5 4 4 2 3 3 4 3 1 2 3 2 5 1 3 3 3 0 1 3
   4 4 0 4 0 3 4 1 0 2 5]
  [0 5 4 0 1 2 3 0 0 1 2 4 2 1 1 3 2 3 1 1 1 2 2 4 5 0 1 2 2 2 2 1 3 1 3
   4 4 4 2 0 2 0 1 4 4 1 4 4 0 0 2 3 3 1 1 3 1 1 0 4 3 4 3 0 0 5 0 3 4 2
   0 3 3 3 2 3 3 3 1 3 3]
  [0 5 4 0 5 4 3 1 5 3 5 2 5 0 5 3 4 0 5 5 4 1 0 4 0 1 0 0 3 1 5 4 4 5 5
   1 2 1 0 0 3 3 4 0 2 0 1 0 0 2 3 5 5 3 5 5 2 5 5 1 0 1 0 0 2 4 0 3 1 3
   0 2 5 5 3 1 3 2 5 3 5]
  [0 3 4 0 0 5 3 1 1 2 5 2 0 4 4 5 0 0 5 2 3 5 0 5 0 2 1 0 2 2 3 4 5 1 0
   1 4 4 2 4 1 1 1 5 4 4 5 4 2 3 2 1 5 5 0 5 3 3 5 0 0 4 0 3 0 4 1 3 5 4
   0 4 0 1 2 5 1 2 0 5 4]
  [0 1 4 2 4 5 3 0 4 1 0 4 2 0 3 1 2 0 5 1 4 1 2 1 1 2 5 2 0 4 4 3 0 0 1
   2 1 0 1 4 2 3 4 5 1 5 1 3 4 3 5 1 2 0 2 5 2 0 1 0 1 5 2 5 3 3 0 4 5 5
   4 3 5 0 0 2 1 4 2 0 5]
  [0 5 4 0 4 1 3 1 1 3 5 2 0 0 4 4 0 1 4 1 3 0 4 0 2 1 1 4 3 0 3 5 0 1 2
   0 4 4 0 1 3 5 0 2 0 3 3 0 0 3 0 4 2 4 5 2 2 1 1 4 5 2 0 3 3 2 5 5 3 3
   5 5 2 0 0 4 4 2 2 1 2]
  [0 5 4 5 2 4 4 0 1 3 3 1 0 4 0 1 5 4 0 0 1 1 0 0 4 0 1 5 5 3 0 3 0 5 3
   2 3 4 5 0 1 3 4 5 4 1 3 5 0 5 4 2 3 5 1 4 1 3 0 0 0 4 1 0 0 4 5 1 1 2
   4 2 1 4 0 5 1 0 3 0 4]
  [0 4 4 0 1 5 3 4 0 0 4 2 5 5 1 4 1 3 0 5 2 2 2 1 0 4 5 1 3 1 0 0 3 4 4
   4 2 4 0 5 5 5 0 5 0 4 5 2 2 1 5 2 0 3 4 2 5 5 3 3 4 5 2 0 4 5 0 2 3 3
   5 1 3 5 3 3 2 4 1 4 0]
  [0 4 5 2 4 5 1 5 1 1 4 1 0 0 5 3 0 0 3 3 2 0 4 4 1 5 4 3 3 4 1 3 0 3 4
   4 5 4 3 3 2 3 3 4 2 2 4 5 1 4 4 4 2 1 2 5 1 3 0 2 1 3 5 5 4 3 5 2 0 1
   0 2 0 0 2 0 4 1 1 0 2]
  [0 5 4 2 3 0 5 0 0 1 0 1 5 0 4 2 0 0 0 1 1 2 5 0 0 0 3 1 4 4 3 2 3 0 3
   0 1 4 4 0 4 2 4 2 5 2 4 4 3 5 3 0 3 5 4 3 4 1 3 4 2 0 3 3 3 0 3 0 5 0
   0 4 5 3 3 2 1 2 5 4 5]
  [0 0 4 5 1 4 1 3 4 3 1 4 4 3 3 2 1 1 0 5 4 0 0 4 1 2 5 0 4 1 1 3 4 4 0
   1 5 3 1 3 5 5 1 0 1 0 0 2 3 0 0 0 1 1 1 2 2 4 0 1 2 1 2 1 0 2 1 0 1 5
   1 2 0 2 4 5 4 1 1 2 2]
  [0 4 4 2 3 4 4 4 3 3 3 4 3 2 1 2 3 0 5 5 3 0 1 0 5 3 3 1 4 1 1 2 4 5 1
   0 2 3 1 1 5 0 4 5 3 0 5 2 3 4 3 0 1 0 4 2 0 1 0 5 0 2 1 1 4 3 2 2 3 3
   2 2 0 3 0 4 5 1 3 5 5]
  [0 5 1 0 2 1 0 1 0 5 2 0 1 4 5 2 3 0 3 3 5 2 3 4 5 3 1 2 3 5 4 5 5 2 3
   5 0 4 5 3 1 2 2 2 1 0 0 3 3 0 4 3 4 2 1 5 2 2 0 5 1 2 5 3 5 3 0 1 1 5
   2 0 3 4 3 1 3 5 0 2 5]
  [0 2 3 4 5 4 3 5 3 5 2 5 5 4 3 5 5 3 0 4 2 1 3 4 0 5 1 0 0 1 5 0 2 4 2
   4 4 0 4 5 4 0 0 3 4 1 0 4 3 5 0 1 3 1 5 4 5 5 5 3 4 2 3 5 2 5 2 4 0 3
   2 2 5 3 1 4 3 1 2 5 2]
  [0 1 0 3 2 2 0 1 4 4 5 4 0 5 5 2 1 4 2 3 0 4 2 4 5 2 3 5 1 2 3 1 4 2 2
   4 0 3 0 4 2 2 3 3 0 4 2 5 4 2 2 2 3 5 3 3 2 0 2 3 4 0 2 5 5 2 2 2 2 5
   1 2 1 1 5 3 4 2 0 2 1]
  [0 0 4 0 5 5 3 3 1 0 1 3 4 5 2 5 4 1 3 2 2 2 3 5 3 4 4 0 4 2 2 0 3 0 2
   5 2 2 5 0 1 5 5 0 2 3 3 2 1 4 1 0 3 3 1 2 0 2 5 3 5 0 3 5 0 5 2 3 2 5
   5 2 2 2 5 4 4 4 1 3 0]
  [0 2 0 4 5 3 0 3 2 1 0 3 4 5 3 4 1 2 0 3 2 2 0 1 0 1 3 1 1 1 2 3 4 1 1
   5 2 0 3 1 0 0 0 1 1 4 1 2 4 0 1 4 3 3 4 5 3 4 5 4 3 0 3 2 5 2 4 2 0 3
   2 5 4 4 5 1 2 0 5 4 5]
  [0 2 5 1 0 3 0 5 0 4 5 4 1 2 2 2 3 0 0 0 2 3 2 5 3 0 0 2 1 4 1 1 2 1 4
   5 4 4 2 2 1 0 3 1 5 3 1 5 4 2 4 0 0 5 0 2 4 0 2 3 5 1 2 4 5 5 0 5 3 3
   1 0 1 1 0 4 3 0 1 5 2]
  [0 2 1 5 5 0 0 3 5 3 5 3 4 2 2 1 5 5 5 1 0 1 1 3 2 4 1 5 3 0 2 3 1 4 1
   4 1 2 4 3 3 0 0 4 1 2 2 1 4 5 3 4 5 4 1 1 0 4 1 5 4 5 3 4 3 3 0 4 0 2
   5 5 1 4 5 1 3 3 3 3 1]
  [0 3 5 3 4 2 5 2 2 0 0 5 4 5 0 4 0 1 0 4 0 4 3 5 1 0 1 3 2 0 0 2 5 5 5
   1 0 4 4 5 2 1 5 0 1 4 0 0 5 2 4 2 4 1 4 2 3 2 4 4 2 2 3 3 4 5 4 5 4 0
   3 0 2 0 5 2 4 4 4 3 1]
  [0 3 4 3 0 1 4 5 2 2 1 1 1 2 1 5 3 1 2 4 0 3 5 5 2 2 5 4 4 5 2 0 1 0 5
   3 3 0 0 4 4 0 5 3 0 4 4 1 1 4 0 1 3 2 2 4 2 3 2 2 2 2 4 1 3 2 2 0 5 1
   0 3 4 1 1 2 3 1 4 4 5]
  [0 4 4 4 1 4 3 3 5 4 0 1 5 0 3 2 1 5 2 4 1 0 1 2 1 0 4 3 3 5 3 1 5 4 3
   4 4 5 3 2 1 2 5 5 0 0 1 0 2 5 3 5 4 5 5 4 1 2 2 2 3 1 4 4 4 3 1 2 4 4
   3 4 0 4 2 0 0 0 4 5 4]
  [0 3 3 0 5 5 4 1 4 2 2 2 3 0 1 4 4 2 1 3 5 3 4 2 2 2 4 4 0 0 3 5 1 5 4
   2 3 0 2 2 4 5 3 3 3 2 0 2 3 1 3 3 4 1 1 3 5 4 5 5 4 3 2 3 0 3 1 0 5 1
   2 4 0 4 4 5 4 3 2 4 0]
  [0 3 0 4 3 5 4 4 4 3 0 4 1 4 5 1 0 3 5 0 4 1 1 1 1 5 3 0 2 1 3 4 1 0 2
   4 4 1 3 4 0 2 2 5 4 5 1 0 2 1 4 2 3 2 3 4 5 2 3 1 0 0 1 1 3 5 4 4 1 4
   0 3 2 0 3 2 5 3 0 5 2]
  [0 2 1 2 1 1 3 2 3 1 5 1 1 2 3 3 2 1 2 4 3 2 1 2 1 0 1 0 2 4 1 2 3 2 2
   1 0 3 4 0 2 0 0 4 5 2 3 2 0 2 3 2 5 5 0 4 3 5 4 1 5 3 1 1 1 4 3 0 0 2
   5 5 0 1 2 5 1 1 5 1 4]
  [0 4 2 3 4 5 0 0 5 1 4 0 4 5 3 2 3 3 3 4 3 4 2 2 1 4 1 1 4 4 4 1 3 4 3
   1 5 0 0 2 3 0 0 0 1 3 2 5 3 0 1 1 2 0 5 0 4 4 0 3 5 2 1 4 3 3 4 3 4 4
   2 1 0 0 0 5 3 2 5 3 3]
  [0 0 4 1 4 3 3 2 5 4 0 0 2 3 2 1 5 1 1 2 0 0 1 4 1 3 5 5 0 2 2 1 5 1 5
   4 3 3 0 2 3 1 1 3 1 3 1 5 3 2 0 1 4 1 2 4 4 3 3 2 3 4 0 1 2 0 5 3 5 0
   0 1 1 2 5 1 3 5 3 4 0]
  [0 1 0 4 0 1 1 1 4 0 3 3 1 0 3 3 1 2 5 1 1 5 3 1 2 4 2 2 4 1 2 1 4 5 0
   5 4 2 5 3 1 3 5 3 0 4 4 1 0 0 5 0 5 4 3 4 2 5 3 1 4 5 2 5 4 2 1 3 5 2
   0 4 4 2 2 4 1 2 0 4 2]
  [0 3 4 5 5 0 1 5 2 4 2 5 4 0 0 5 5 1 4 0 4 3 2 1 5 2 1 1 0 2 3 4 5 5 4
   2 3 4 1 0 1 5 2 4 3 2 3 3 3 0 4 2 0 5 2 0 0 2 0 0 2 0 3 5 5 5 5 2 5 2
   0 5 1 5 4 0 3 3 5 4 4]
  [0 3 4 5 1 5 2 5 0 5 3 3 5 2 5 3 5 0 1 5 1 5 5 5 3 0 1 5 0 5 1 4 4 2 0
   0 5 5 3 4 0 0 4 4 0 0 4 0 5 4 1 4 1 0 5 5 3 1 3 4 4 1 2 4 5 4 1 5 3 5
   2 4 3 2 4 1 0 2 3 1 2]
  [0 2 3 4 2 5 1 3 4 3 0 5 1 0 4 4 5 3 0 5 5 5 1 1 0 5 1 3 3 1 2 4 5 1 5
   0 1 4 1 3 2 5 1 1 4 3 3 3 0 4 2 5 5 3 0 0 0 0 2 1 0 2 2 0 3 2 3 1 2 5
   0 1 4 1 2 1 3 5 0 2 5]
  [0 1 0 0 1 3 1 5 1 5 0 5 5 1 0 3 0 2 5 4 3 4 5 3 4 0 1 4 0 5 3 1 3 0 4
   4 1 2 3 0 4 0 2 2 2 4 4 5 3 0 3 3 3 4 0 0 3 3 5 2 3 4 3 4 5 5 4 5 4 1
   4 5 5 0 2 4 4 3 3 5 0]
  [0 3 3 5 4 1 3 0 5 5 2 0 1 4 5 2 5 0 3 4 0 1 1 2 2 1 1 3 4 3 4 0 4 5 1
   0 2 3 5 1 1 1 2 4 0 4 5 4 5 5 4 5 2 4 2 5 0 4 4 5 3 3 2 4 2 2 2 1 2 5
   3 0 1 2 3 4 2 4 3 5 5]
  [0 3 5 2 2 5 0 2 4 0 3 2 2 2 5 3 4 3 0 5 5 2 0 2 0 2 4 3 1 1 4 2 3 4 1
   3 1 1 4 1 2 5 3 3 2 4 3 5 1 0 1 5 3 0 5 1 3 0 3 2 2 2 1 3 2 2 3 0 1 2
   3 2 2 4 5 0 4 4 4 5 2]
  [0 1 2 2 5 2 1 2 4 0 5 5 2 5 1 1 3 1 0 5 4 4 4 2 5 0 5 5 0 5 5 2 3 2 1
   4 2 1 4 4 2 2 1 5 5 2 1 5 5 1 5 2 3 2 2 3 3 2 0 4 5 0 5 5 0 0 4 0 2 5
   5 0 3 5 0 3 0 1 3 0 0]
  [0 1 0 4 0 0 2 3 0 5 3 3 3 4 1 5 5 1 3 4 3 0 5 3 5 4 1 1 4 0 0 2 3 0 5
   3 5 0 3 0 5 0 1 0 1 0 4 4 3 3 0 3 0 0 2 3 1 5 3 0 4 1 5 2 2 5 2 0 2 3
   1 0 5 3 4 1 2 3 4 0 3]
  [0 5 2 0 3 3 4 5 1 0 5 5 1 4 3 3 1 5 2 3 2 3 5 0 1 2 4 1 0 2 3 5 0 2 2
   1 0 1 1 5 3 1 3 4 5 1 5 5 2 2 3 2 3 3 3 1 3 2 4 2 0 0 1 4 1 2 0 5 0 1
   3 1 2 4 3 4 0 4 1 2 1]
  [0 4 4 0 2 4 1 3 1 1 5 0 3 4 2 3 0 2 4 3 1 1 1 2 2 1 4 5 2 5 0 0 3 5 4
   4 2 0 0 3 1 2 2 4 2 5 3 2 1 1 3 5 5 2 1 5 0 1 1 4 5 0 4 3 1 0 1 5 3 5
   5 1 4 4 4 4 5 2 1 0 0]
  [0 0 0 3 3 2 5 4 5 5 4 0 2 1 0 1 3 3 0 2 4 2 5 4 5 1 2 5 1 0 5 5 1 0 3
   0 0 5 0 4 1 5 5 1 3 2 1 4 4 4 2 3 3 0 1 4 5 3 2 0 0 4 0 5 5 5 3 5 0 0
   4 0 2 3 3 2 2 3 2 0 3]
  [0 2 5 3 2 4 2 0 5 1 2 2 3 1 1 5 4 3 3 4 1 2 0 1 1 0 5 0 2 3 0 1 5 1 3
   2 0 2 2 5 5 2 0 2 3 3 2 2 0 1 3 3 2 3 3 0 2 5 3 4 0 2 1 0 2 1 2 3 5 1
   4 4 1 2 0 2 3 5 1 4 0]
  [0 0 4 3 5 1 4 1 3 4 5 0 1 5 4 3 2 0 5 2 0 4 2 3 0 4 1 1 0 0 2 5 5 1 4
   1 0 3 0 1 4 4 2 0 4 4 1 0 4 5 5 4 4 3 3 0 0 1 1 0 1 0 4 5 0 5 5 0 0 3
   0 3 3 5 3 0 1 3 5 0 2]
  [0 4 2 2 3 0 2 4 2 5 5 0 5 4 4 1 5 5 3 1 4 0 5 2 0 4 5 0 4 5 0 0 2 4 3
   1 1 0 4 3 2 4 1 5 2 2 1 5 4 1 1 5 2 5 2 1 1 0 2 4 2 5 5 3 2 0 3 2 3 4
   3 3 3 4 1 2 2 0 4 1 5]
  [0 3 4 5 0 2 3 5 2 3 3 5 1 2 2 0 0 2 3 5 5 2 2 4 2 1 3 1 4 2 5 0 5 1 1
   0 1 0 1 1 3 2 1 4 3 4 2 3 5 2 0 5 0 1 3 5 5 4 5 0 3 2 4 2 0 3 0 2 2 0
   5 0 5 1 2 2 0 5 3 2 5]
  [0 5 4 2 0 4 0 1 1 0 2 2 4 4 1 5 2 3 3 2 1 3 4 4 0 0 2 0 5 4 4 5 4 1 2
   4 4 4 2 2 5 5 5 0 0 5 0 5 5 4 0 5 3 4 4 2 2 0 3 0 1 4 4 0 0 5 0 0 2 5
   3 0 0 0 4 3 1 5 4 1 2]
  [0 5 0 2 4 4 1 2 2 1 2 3 4 3 2 2 3 3 0 0 4 2 1 0 2 3 1 4 1 2 1 2 5 1 5
   2 2 3 1 2 2 3 1 2 2 1 0 2 0 3 0 0 0 2 3 2 2 2 0 3 4 4 1 4 0 1 4 5 0 4
   2 4 5 4 0 5 2 4 5 2 1]
  [0 3 3 5 3 3 5 5 5 2 0 4 5 3 2 0 5 5 1 1 4 2 4 1 2 2 1 4 0 5 3 2 1 4 2
   4 1 2 2 1 3 5 2 4 2 0 4 4 2 5 1 3 4 3 2 5 4 1 5 0 1 3 3 5 3 2 2 3 2 0
   1 1 0 5 5 1 5 0 2 5 1]
  [0 4 3 3 0 2 1 2 1 4 0 1 5 0 3 4 3 0 3 0 0 4 5 4 1 0 4 4 1 4 5 2 0 4 4
   5 2 1 3 4 5 0 5 0 5 3 4 1 5 3 4 1 0 1 2 1 4 1 2 4 5 2 1 4 2 4 2 5 2 0
   0 2 5 2 2 4 4 5 3 1 5]
  [0 1 4 5 0 4 3 4 4 4 3 0 3 5 1 2 4 5 3 4 4 0 4 4 5 5 2 3 5 4 4 3 2 2 0
   5 2 2 5 2 3 5 3 0 1 5 1 4 4 4 5 2 5 5 0 0 1 1 4 1 0 4 1 3 0 4 2 5 0 2
   0 0 5 0 4 3 5 4 4 1 4]
  [0 5 3 5 3 1 3 3 4 4 3 5 5 4 1 5 2 2 5 2 5 0 3 5 0 5 4 4 0 4 4 4 2 3 1
   0 1 2 3 5 0 0 1 2 4 4 2 5 1 4 0 0 2 4 1 0 4 1 0 2 1 5 1 4 3 1 4 3 0 1
   1 0 0 4 1 2 4 3 3 3 0]
  [0 2 1 2 5 3 3 4 2 1 2 3 2 3 1 3 1 3 0 5 2 3 5 1 4 0 5 4 1 2 4 5 0 2 1
   3 2 5 5 2 1 1 3 5 3 0 4 4 0 4 4 4 4 5 0 3 2 5 2 2 3 1 5 3 2 4 3 0 4 4
   2 5 1 0 5 2 4 0 5 4 3]
  [0 5 5 1 4 0 3 1 3 3 3 0 4 0 3 2 5 0 1 5 1 4 1 1 1 0 1 0 5 0 1 3 3 4 1
   5 2 2 5 2 1 2 3 2 4 0 1 3 3 5 5 0 2 0 2 2 4 5 0 2 2 2 4 4 3 3 4 3 3 1
   5 1 0 3 0 2 4 3 1 5 3]
  [0 1 1 3 3 1 2 3 3 0 5 3 3 4 0 5 0 1 1 4 2 1 5 4 1 2 2 1 1 5 1 1 1 4 5
   4 4 5 1 0 2 5 0 2 0 2 4 1 1 1 5 2 1 2 1 4 5 5 3 1 1 2 3 5 0 3 3 1 3 5
   1 3 5 0 3 0 1 1 2 1 1]
  [0 5 3 4 3 5 4 2 5 2 1 1 2 5 5 3 2 2 5 1 4 0 1 0 3 1 4 5 0 3 4 5 4 1 1
   5 4 5 0 2 0 0 0 5 3 5 4 3 3 1 4 2 3 0 1 2 3 3 4 2 5 0 1 4 4 4 5 4 1 2
   4 1 0 5 2 1 0 3 0 4 3]
  [0 5 2 3 0 3 4 5 2 3 5 5 0 3 2 1 5 3 3 2 1 4 0 5 3 4 2 3 2 0 1 0 5 4 5
   1 4 3 4 4 4 4 2 2 1 4 4 1 3 0 3 5 4 5 5 3 3 1 5 4 2 3 4 5 3 5 0 5 4 0
   5 0 4 2 4 4 5 0 0 2 3]
  [0 1 3 0 3 5 4 1 4 1 1 5 3 1 0 5 3 1 1 3 3 3 2 1 5 2 3 3 3 2 4 3 2 3 4
   2 0 3 3 4 5 0 0 3 3 4 1 4 4 1 0 2 0 0 3 0 4 4 3 2 3 1 3 1 1 0 3 0 1 3
   1 1 0 2 3 0 3 5 0 5 4]
  [0 4 0 1 1 1 2 1 3 3 3 5 0 5 4 3 4 0 0 3 3 3 1 2 4 2 1 0 2 0 3 0 5 4 5
   2 4 5 4 0 5 2 3 3 0 2 1 0 2 4 5 0 3 5 0 1 5 5 2 4 2 2 4 3 1 4 2 3 1 1
   2 3 2 0 0 3 5 1 3 0 3]
  [0 1 4 2 4 4 1 4 1 3 0 3 4 5 3 0 4 4 2 4 4 0 0 3 2 5 4 4 5 0 1 4 0 3 3
   3 5 4 3 1 0 1 5 4 4 4 2 3 2 1 2 1 2 2 1 3 2 4 5 2 2 3 1 0 2 4 0 2 4 4
   2 1 5 3 4 4 5 5 3 4 0]]

 [[0 2 1 3 3 4 2 1 2 5 1 0 2 5 2 5 5 1 4 0 3 2 1 4 2 3 1 0 0 4 0 4 1 3 0
   0 1 5 5 0 0 2 1 1 5 0 0 3 5 2 5 2 1 1 1 2 2 3 3 2 2 5 0 4 4 0 0 0 0 2
   3 2 5 1 2 1 2 0 3 1 5]
  [0 0 1 1 4 1 0 5 0 0 3 1 4 3 3 0 5 0 0 4 1 5 1 2 0 1 0 4 2 4 1 2 3 4 0
   1 1 3 0 0 3 2 4 2 2 2 3 1 3 2 4 5 0 3 2 3 3 0 3 5 3 1 4 4 3 3 4 2 1 2
   5 3 3 0 2 1 2 2 1 4 4]
  [0 5 0 2 4 4 2 5 3 3 2 5 3 2 2 4 3 3 4 0 4 3 4 0 4 5 4 3 3 4 2 0 0 2 1
   3 5 1 0 3 5 2 0 0 3 2 1 0 3 5 5 1 0 2 5 4 4 2 2 3 2 1 5 2 5 5 3 3 1 2
   0 2 2 0 5 1 4 0 1 1 1]
  [0 5 5 0 5 0 2 0 4 0 1 2 4 2 5 1 1 2 3 3 1 2 4 3 3 2 3 2 5 3 2 2 4 5 5
   2 1 2 1 1 1 1 3 5 4 3 5 5 0 5 5 1 3 5 4 4 4 5 3 4 5 2 4 3 4 4 3 4 5 0
   5 4 2 2 5 5 2 4 1 3 5]
  [0 1 3 1 0 5 0 3 5 3 0 0 4 2 3 1 1 0 0 3 3 5 4 3 5 1 5 3 1 2 5 5 4 2 2
   1 1 5 0 3 3 2 2 4 5 5 0 1 5 1 2 0 4 0 2 0 0 4 2 2 0 3 2 0 2 0 3 1 0 2
   4 1 0 2 3 3 0 1 0 1 2]
  [0 3 1 5 4 0 0 4 0 4 1 4 0 2 5 1 0 2 3 5 1 0 4 2 4 4 2 3 5 4 0 2 3 5 4
   1 5 5 5 2 2 5 0 0 2 0 4 0 0 4 2 1 3 0 1 0 4 5 4 0 5 5 2 1 4 1 5 4 5 1
   4 5 3 3 3 2 2 0 3 0 4]
  [0 2 0 4 1 0 0 4 5 1 5 4 0 0 0 0 5 3 3 4 1 1 0 3 1 5 4 2 1 3 0 2 5 2 4
   1 3 4 5 0 2 5 2 0 0 0 2 3 3 2 1 2 2 4 1 3 3 4 2 5 5 5 4 5 2 4 0 5 0 3
   2 5 2 3 1 2 2 4 4 2 1]
  [0 2 1 0 3 5 3 0 2 5 0 0 5 2 3 1 5 3 5 1 2 5 3 0 1 0 1 5 2 1 5 2 1 5 1
   1 5 1 2 2 4 4 4 4 3 2 3 4 5 0 0 4 1 2 4 0 5 3 1 3 3 1 4 0 3 4 0 3 1 4
   4 4 3 2 4 0 2 0 5 5 3]
  [0 3 0 2 4 4 4 2 0 3 4 0 5 5 2 5 2 1 4 5 1 0 3 1 2 5 2 5 4 5 0 5 5 2 5
   3 4 0 1 4 2 0 2 3 2 5 3 3 1 0 5 2 2 3 5 3 2 3 0 3 3 0 4 5 1 1 0 3 3 3
   2 5 0 0 4 4 5 2 0 0 3]
  [0 4 2 5 2 3 2 3 0 0 5 4 5 0 2 0 2 5 0 0 0 2 3 2 1 1 5 3 3 3 5 1 1 1 0
   3 5 5 1 3 1 4 5 5 5 0 3 1 3 3 1 3 0 1 4 2 5 4 5 1 0 3 5 2 0 4 0 5 5 3
   0 4 2 0 5 4 2 5 0 0 0]
  [0 2 3 4 0 5 5 5 5 5 0 1 3 1 4 0 1 4 1 5 5 0 1 4 2 4 1 0 2 5 3 3 1 3 1
   4 3 1 5 4 5 4 3 1 4 1 1 4 2 3 2 2 3 2 3 0 5 1 1 0 2 0 0 0 0 2 2 3 0 2
   5 1 4 2 2 0 5 0 4 0 4]
  [0 5 5 5 1 1 1 4 5 0 5 0 4 5 2 5 1 3 0 3 3 4 3 4 5 3 5 4 3 2 3 1 2 5 2
   5 5 2 4 1 1 2 5 1 0 2 5 0 3 3 1 5 2 3 5 5 2 2 1 4 1 0 4 1 4 4 3 4 0 0
   1 0 1 2 2 1 4 5 1 3 1]
  [0 2 4 5 4 1 4 1 2 3 1 0 0 3 5 5 3 2 3 4 5 5 3 1 0 3 3 3 2 1 2 2 5 2 1
   0 4 0 5 0 2 3 1 1 4 1 1 2 0 5 5 3 4 1 0 1 0 5 3 0 4 2 1 0 2 1 1 3 0 0
   5 3 2 3 1 4 2 5 3 4 0]
  [0 2 2 1 5 4 5 5 5 0 4 1 0 0 2 3 4 0 3 3 4 4 4 5 0 5 4 5 2 5 3 0 3 4 3
   1 1 3 1 4 1 4 3 3 5 1 2 5 5 2 3 0 1 5 1 0 4 4 3 1 4 2 3 0 3 0 4 5 5 2
   3 1 5 3 3 4 5 4 2 4 0]
  [0 4 5 3 1 2 5 0 2 5 2 3 0 3 0 2 4 1 2 3 2 1 2 1 5 1 3 5 0 1 4 5 2 3 4
   4 0 5 2 2 3 1 3 2 1 3 0 2 5 3 0 0 2 2 5 0 0 5 0 1 1 0 5 4 5 1 1 1 5 0
   4 5 3 2 1 1 2 0 2 0 3]
  [0 2 0 3 0 1 1 5 0 5 5 3 2 3 1 0 5 4 0 5 4 2 4 2 3 1 0 4 0 2 2 2 4 1 3
   1 2 0 1 4 1 2 3 3 3 4 2 2 3 1 2 5 0 2 0 5 3 2 5 0 4 0 5 0 4 2 0 2 4 2
   4 5 4 2 5 1 5 4 1 3 3]
  [0 2 2 4 2 5 5 1 2 1 1 0 3 3 3 4 0 0 4 4 3 5 0 2 2 3 1 2 4 5 0 0 3 5 4
   2 0 0 1 3 5 4 4 3 3 5 1 4 0 1 4 5 1 5 1 0 1 4 0 5 3 3 5 5 0 5 3 2 1 0
   1 3 1 2 1 0 1 2 4 0 1]
  [0 2 3 0 1 4 0 0 4 5 5 5 5 4 5 0 5 0 0 5 4 0 5 1 3 0 3 2 4 3 1 4 2 5 2
   3 5 4 1 1 3 2 0 3 2 3 5 0 3 1 5 5 1 4 5 1 0 5 0 5 3 1 1 4 4 4 0 3 2 5
   1 3 2 3 1 5 5 5 5 3 2]
  [0 2 5 0 0 5 1 0 1 1 5 4 2 0 5 1 4 1 0 1 1 0 0 2 0 1 4 2 0 3 2 0 4 2 0
   3 1 4 2 4 5 3 3 2 5 0 5 1 0 5 0 3 4 5 5 4 2 0 1 3 2 4 0 5 3 1 2 2 4 3
   3 3 3 4 2 1 0 3 1 1 5]
  [0 2 1 1 3 3 4 2 5 1 1 4 5 4 1 4 2 2 0 0 3 4 3 1 3 4 0 2 3 0 4 0 4 4 2
   4 1 5 0 1 2 3 1 3 4 4 5 2 4 4 1 1 4 5 1 0 1 2 2 2 2 1 3 1 4 1 3 2 0 2
   4 0 1 3 1 3 2 0 2 2 1]
  [0 0 2 4 0 4 3 2 3 5 1 0 1 0 0 1 3 5 1 0 0 3 1 4 1 1 2 5 2 4 3 4 2 5 0
   2 1 0 5 4 1 2 5 3 4 0 2 2 1 3 0 1 0 4 1 2 0 2 3 5 2 4 0 5 4 4 2 4 1 3
   5 5 2 4 4 2 2 1 3 0 2]
  [0 4 3 4 1 0 2 5 0 2 5 4 4 5 2 2 0 5 4 2 3 0 3 3 3 5 1 4 0 2 0 3 0 3 4
   2 5 0 5 4 4 0 3 5 1 3 0 1 0 1 2 4 4 4 1 1 0 2 3 5 2 3 3 3 2 2 2 2 5 1
   4 1 2 2 1 5 0 5 4 5 2]
  [0 3 0 1 0 4 2 0 0 3 5 2 1 5 0 0 5 2 1 1 3 2 0 2 3 5 4 2 2 3 5 4 4 3 1
   0 0 3 3 5 5 0 2 4 2 4 4 3 1 0 0 4 3 5 0 5 0 0 2 0 3 5 4 3 0 0 5 4 1 1
   3 2 4 4 0 2 2 2 1 2 5]
  [0 4 2 2 5 3 3 0 0 4 4 3 0 4 1 5 5 3 5 4 3 4 4 0 3 5 5 1 2 0 5 4 4 4 5
   2 0 4 2 4 3 3 5 5 3 2 5 0 5 2 1 3 5 2 1 0 3 0 0 0 5 0 2 2 0 5 3 4 1 1
   4 2 0 3 3 3 5 4 4 4 0]
  [0 3 0 2 3 0 5 4 4 1 0 4 1 1 0 4 2 4 4 2 3 2 3 1 0 2 0 5 0 1 4 5 3 0 2
   1 4 5 0 3 1 3 2 2 5 1 0 5 3 4 3 5 2 1 3 4 4 0 0 2 0 1 0 2 3 2 4 5 3 0
   2 5 1 0 4 4 3 5 5 0 3]
  [0 4 1 5 0 5 4 1 4 5 3 1 3 3 4 0 5 0 5 2 3 0 3 4 1 0 5 2 1 2 5 1 1 3 4
   0 2 2 5 5 0 1 0 0 1 2 4 0 0 1 0 2 0 4 4 5 2 5 4 2 3 0 4 4 1 0 0 0 0 5
   4 5 3 0 0 1 5 3 3 5 0]
  [0 1 1 0 4 2 0 4 0 2 1 4 3 3 3 2 0 0 0 5 4 4 1 1 5 3 0 1 4 3 4 1 4 0 4
   0 1 5 1 1 5 0 2 3 5 4 0 1 4 5 3 4 5 1 4 2 5 4 1 0 4 0 4 2 1 2 1 5 4 1
   2 0 4 3 3 1 2 5 2 5 1]
  [0 2 0 0 0 1 4 2 3 3 5 0 1 4 3 2 2 1 3 4 5 1 1 2 2 2 2 0 0 1 4 2 5 1 3
   1 2 2 2 4 2 5 4 4 3 2 1 2 1 0 1 3 1 3 2 5 4 4 4 0 4 5 2 0 0 0 4 0 0 0
   3 4 1 5 5 0 5 5 0 2 4]
  [0 5 2 0 2 0 0 2 4 1 0 3 4 5 0 4 3 5 2 0 4 4 4 2 5 3 3 5 0 1 4 0 1 4 0
   5 1 2 1 4 5 4 3 2 5 1 4 5 3 5 3 4 3 3 2 3 3 1 1 3 1 4 4 4 2 0 5 3 3 1
   1 3 1 0 1 0 1 3 2 3 3]
  [0 4 1 1 5 4 2 4 4 5 0 4 2 1 1 3 1 1 5 0 2 3 2 5 4 4 5 1 4 0 2 3 5 3 5
   5 0 3 3 2 1 3 0 4 0 3 5 4 5 3 2 3 3 4 0 0 1 4 0 0 1 0 1 1 3 1 4 4 2 3
   1 4 2 3 3 0 1 4 4 1 2]
  [0 4 2 4 1 4 0 2 2 3 3 4 2 1 2 0 2 0 4 2 2 4 5 3 0 2 3 1 0 1 0 4 5 2 4
   4 4 5 0 5 0 3 5 0 5 3 1 0 1 5 4 0 1 3 4 0 2 0 3 4 5 5 3 3 5 3 5 3 0 1
   2 5 4 5 2 0 0 2 0 5 0]
  [0 5 2 4 4 2 2 2 4 0 3 3 4 1 0 3 0 2 5 4 2 3 1 1 2 3 2 2 3 2 3 0 0 3 0
   5 0 1 5 3 2 0 5 3 0 1 1 5 5 2 3 2 3 4 1 4 0 1 5 5 4 2 1 5 1 1 5 0 3 3
   4 1 4 3 2 2 3 5 3 3 2]
  [0 3 3 1 5 0 2 4 2 3 2 0 2 2 3 4 5 2 1 5 1 0 3 2 1 0 0 5 3 3 0 5 0 1 0
   5 1 4 5 0 3 2 4 2 2 5 0 1 3 4 5 1 2 5 5 0 0 1 3 4 1 2 0 4 3 0 5 4 2 2
   3 3 4 3 2 0 1 5 4 5 0]
  [0 2 3 0 3 0 4 2 4 2 2 0 5 3 2 0 1 1 0 5 4 2 4 5 2 3 0 3 1 1 4 3 5 0 5
   5 2 3 3 4 4 1 3 3 5 5 3 0 2 0 3 0 0 4 4 5 2 4 5 1 0 0 1 3 1 0 2 5 2 3
   3 0 4 2 5 2 5 5 4 0 1]
  [0 3 0 1 0 1 1 1 1 4 1 2 0 3 2 3 5 1 4 2 2 2 3 2 3 0 0 5 5 1 5 4 1 0 0
   0 4 5 0 2 1 1 3 3 0 4 1 3 0 2 1 3 2 2 2 1 0 1 0 1 4 0 4 3 2 0 3 0 4 4
   5 4 5 2 4 3 5 3 0 0 3]
  [0 1 5 4 3 0 0 0 1 0 5 2 1 1 5 0 2 2 4 5 1 2 4 1 0 4 2 0 0 0 4 2 1 0 5
   0 4 4 2 3 3 2 2 1 5 1 0 5 3 0 3 1 4 4 2 5 3 3 2 2 4 3 2 4 1 1 3 0 5 2
   3 1 2 0 1 4 4 3 4 4 4]
  [0 0 3 3 0 4 0 3 5 4 1 0 1 2 3 2 5 0 1 0 5 5 3 2 2 4 0 4 5 1 4 3 2 2 1
   0 0 3 2 3 5 5 0 3 3 3 4 1 1 0 4 2 0 3 3 0 4 3 1 4 1 1 4 2 4 5 5 0 2 3
   4 3 2 3 2 2 4 0 2 2 2]
  [0 0 0 0 4 0 2 0 4 3 1 4 4 3 5 3 2 5 1 4 4 0 2 4 2 3 0 0 4 3 4 5 2 3 0
   5 0 0 5 5 4 4 1 3 2 3 2 5 1 0 3 3 3 4 2 2 3 3 3 2 2 3 5 4 4 4 0 2 0 1
   2 5 3 5 3 4 2 2 0 0 2]
  [0 1 5 5 5 4 5 2 4 4 0 1 3 0 2 5 2 4 3 2 3 2 0 1 4 4 1 0 0 1 3 0 2 4 5
   3 5 1 0 3 5 1 1 5 1 4 3 3 0 2 4 2 2 3 1 1 1 2 5 3 3 3 1 2 5 2 2 1 2 4
   5 3 1 0 4 1 4 1 3 4 0]
  [0 3 2 1 4 0 4 3 2 2 3 1 5 5 3 5 2 0 0 2 5 5 4 4 2 0 0 5 5 3 4 4 5 2 3
   3 3 2 5 0 5 2 1 2 4 1 5 4 4 5 1 1 3 4 5 2 1 1 4 2 0 3 1 4 1 1 5 2 4 5
   3 1 2 0 4 1 5 2 2 3 5]
  [0 2 2 1 2 2 1 0 3 3 4 4 1 1 0 1 0 3 3 0 2 3 5 3 5 0 4 0 1 5 3 5 0 1 5
   3 4 3 1 5 0 0 0 1 5 3 2 2 4 4 4 3 5 1 1 3 2 2 1 2 4 4 0 4 4 1 0 0 5 1
   5 1 2 5 4 0 4 5 0 1 5]
  [0 5 3 4 3 2 2 5 4 0 3 5 2 4 4 1 0 0 0 3 5 5 2 4 4 3 5 5 3 0 1 4 1 2 0
   5 0 5 3 2 2 0 1 2 4 1 1 0 1 2 4 2 5 1 2 3 1 4 4 2 1 4 1 4 5 4 5 2 0 0
   5 4 0 2 2 5 2 2 0 5 0]
  [0 1 5 3 5 5 4 5 2 4 2 5 2 1 4 0 3 2 2 2 0 4 0 3 4 0 4 1 4 1 4 2 3 1 2
   5 3 4 5 5 3 2 0 5 2 2 1 5 0 5 5 0 3 2 0 1 1 1 2 2 3 1 4 5 5 5 2 3 4 3
   4 1 2 1 0 2 4 2 0 2 1]
  [0 2 1 3 0 2 1 0 4 2 5 0 1 2 0 2 0 0 3 3 5 3 4 0 0 3 0 3 3 0 3 5 1 0 2
   5 2 0 5 2 5 5 4 0 1 3 2 3 3 4 0 4 4 2 3 5 3 3 1 5 4 0 0 1 1 1 2 4 0 3
   0 4 2 0 5 1 5 3 4 1 2]
  [0 4 3 0 0 4 5 5 3 3 2 4 1 1 4 5 1 4 4 5 5 2 2 0 3 0 2 5 5 1 2 5 4 1 0
   4 3 0 5 4 1 0 1 0 0 1 0 5 0 0 0 2 5 1 4 3 4 3 0 3 2 4 1 5 5 4 4 5 0 3
   1 0 5 1 0 0 1 3 0 0 0]
  [0 4 4 5 5 2 3 2 2 1 2 5 1 0 2 1 3 4 3 2 1 1 5 2 5 0 2 0 2 3 5 1 3 0 0
   3 0 1 5 2 5 3 0 5 3 0 5 2 4 4 3 2 0 1 3 0 4 1 0 2 0 2 3 1 1 4 1 5 2 4
   5 2 4 2 2 1 1 3 3 1 4]
  [0 1 0 4 4 1 5 0 3 5 0 1 1 2 5 0 5 2 4 4 0 5 4 2 5 5 1 4 4 3 1 3 1 4 2
   0 2 5 4 0 4 5 2 1 1 5 0 5 2 3 2 1 3 3 1 2 2 5 3 1 2 2 3 1 5 0 1 0 3 3
   1 4 1 0 4 3 3 3 4 0 3]
  [0 5 2 4 4 3 3 3 1 1 4 5 0 0 1 1 1 2 4 2 4 0 0 3 5 5 1 4 3 5 2 3 1 1 0
   2 5 0 5 0 2 4 3 4 4 5 1 0 2 2 2 3 2 2 4 3 4 3 5 3 3 2 0 1 3 5 2 5 1 5
   5 4 1 4 5 5 3 2 3 5 4]
  [0 2 3 1 4 4 4 5 5 1 4 5 5 5 5 0 4 2 2 0 0 4 2 0 0 4 0 5 0 0 1 0 3 4 3
   0 3 3 5 5 2 0 1 4 0 5 0 2 0 2 1 5 1 5 3 2 0 1 1 4 4 4 0 5 5 1 2 4 0 2
   0 3 0 1 0 5 4 1 1 1 2]
  [0 1 3 2 1 1 1 0 5 2 2 1 1 5 5 4 3 0 4 2 5 1 3 5 1 3 5 2 2 3 5 1 0 5 5
   2 3 5 4 1 2 1 1 5 0 5 3 1 4 0 2 3 2 2 3 0 3 3 5 4 2 1 1 0 5 3 0 4 0 1
   0 0 1 2 0 0 4 2 5 5 0]
  [0 2 4 3 0 1 5 2 0 3 5 1 0 2 5 3 5 2 5 5 0 5 3 1 3 1 3 2 2 4 3 4 1 1 5
   0 4 4 0 0 3 1 2 2 5 1 2 0 5 0 0 2 3 4 2 3 0 5 3 2 2 0 4 3 4 1 1 3 3 0
   0 3 3 2 5 5 3 1 0 0 4]
  [0 3 0 1 4 3 4 3 1 0 0 3 2 2 0 2 1 0 0 2 1 5 5 3 5 1 3 2 1 1 4 2 4 3 5
   1 1 5 5 4 4 0 5 4 4 0 1 3 3 4 1 0 2 5 2 4 5 4 4 0 1 2 1 3 1 3 5 3 4 1
   5 4 3 2 4 5 4 0 4 1 1]
  [0 2 1 5 5 2 2 0 3 0 2 3 0 3 2 1 2 5 3 3 2 3 3 1 1 0 1 1 2 0 2 3 2 2 3
   2 1 4 1 5 3 4 5 4 0 3 3 4 3 4 1 4 0 3 0 1 1 5 3 5 2 0 5 1 3 1 5 5 5 3
   5 0 4 1 1 2 0 3 4 1 2]
  [0 1 1 1 3 2 0 4 1 2 2 4 1 5 5 4 4 3 4 2 0 1 0 1 1 1 3 1 3 5 1 0 1 5 5
   2 4 5 0 3 3 2 5 0 2 2 4 5 1 4 5 3 1 0 1 2 4 2 2 0 4 5 1 0 0 5 3 3 4 1
   1 0 5 5 4 5 0 0 3 1 4]
  [0 2 2 3 3 4 4 2 3 0 2 5 4 2 5 5 4 1 0 5 4 3 4 2 4 0 5 1 1 3 2 2 0 1 1
   1 3 0 1 5 4 2 2 4 3 2 4 0 3 0 2 0 3 1 0 2 5 2 5 1 5 5 5 3 3 4 5 1 0 5
   2 1 4 2 0 4 3 1 4 2 4]
  [0 3 1 1 4 0 0 1 1 5 2 0 3 0 2 5 5 3 1 4 3 2 4 0 5 5 4 5 4 2 0 3 5 3 2
   5 3 5 5 3 1 0 4 2 1 5 5 4 2 4 3 3 3 2 5 0 4 3 0 5 3 5 3 1 2 4 5 4 0 0
   2 2 3 3 1 2 2 2 1 5 2]
  [0 5 2 4 5 4 5 5 5 4 3 0 3 5 0 4 1 4 4 4 1 5 4 2 5 2 5 4 0 1 3 3 5 3 3
   1 3 0 4 2 0 1 2 2 4 4 5 1 4 1 0 5 4 3 2 1 0 2 2 1 5 4 2 5 3 4 5 4 1 1
   5 4 1 0 4 1 4 0 5 3 3]
  [0 1 4 5 1 2 5 3 5 1 4 2 3 3 4 5 0 2 5 1 2 5 4 3 1 1 5 3 3 3 4 5 0 5 5
   1 2 2 2 5 5 1 3 2 4 4 4 5 0 4 1 4 2 2 2 3 5 0 1 0 3 1 4 4 0 3 1 2 3 4
   1 4 1 2 4 0 2 5 1 5 5]
  [0 3 3 0 0 1 3 4 0 4 5 1 1 0 5 4 0 2 3 4 5 0 3 1 2 0 0 0 1 1 3 2 3 0 0
   1 5 4 2 4 4 1 3 0 4 1 2 4 3 2 0 2 1 4 1 5 2 0 0 1 4 3 4 0 0 5 3 0 1 5
   1 0 3 3 0 1 2 0 3 4 1]
  [0 5 4 0 0 5 5 2 5 3 2 2 3 5 5 4 5 0 1 2 4 2 4 4 4 5 5 5 4 5 4 2 0 0 5
   3 5 4 1 3 4 3 4 1 0 2 4 2 3 1 1 5 4 2 3 5 4 1 0 0 4 3 1 1 4 4 1 2 3 4
   1 3 3 0 4 5 4 5 3 3 5]
  [0 5 3 1 3 3 4 2 1 3 2 1 4 0 0 0 3 5 1 3 1 0 1 3 0 0 4 0 5 0 2 4 3 3 0
   5 1 3 3 4 5 2 4 3 3 4 4 4 0 2 1 4 2 1 0 1 3 4 0 1 0 5 3 1 4 5 3 2 2 3
   5 2 0 5 1 2 1 5 5 0 5]
  [0 5 5 0 2 0 4 4 5 1 4 0 3 5 1 1 5 1 4 4 0 2 0 2 5 3 4 0 4 2 5 5 2 5 3
   0 4 0 0 0 2 2 2 2 1 5 2 3 3 4 3 4 2 5 5 3 2 1 2 4 3 0 0 1 5 1 4 3 0 5
   2 0 1 2 3 5 2 5 2 4 0]
  [0 0 4 2 5 5 5 4 1 0 4 5 0 4 4 0 3 0 0 3 3 4 4 3 0 5 1 3 0 0 1 3 5 4 0
   0 4 4 0 0 3 0 1 1 1 2 2 2 4 4 5 5 5 1 3 1 2 4 3 3 3 2 0 3 1 2 4 3 1 3
   2 0 5 4 5 2 0 3 0 1 1]
  [0 2 2 0 5 2 4 3 4 3 0 0 1 0 5 0 2 1 3 0 4 2 0 4 3 3 4 4 2 4 5 2 4 0 2
   3 2 0 1 2 4 0 4 2 4 1 4 0 1 4 4 0 4 1 2 3 5 5 4 4 4 1 0 0 5 4 0 1 4 0
   2 5 0 1 3 5 2 2 2 3 4]
  [0 5 1 3 0 0 3 4 3 2 5 1 0 4 0 5 0 3 3 0 3 5 5 0 2 0 1 3 3 0 4 1 3 1 2
   0 5 1 3 2 4 4 4 3 5 0 1 3 2 0 1 1 3 0 0 5 5 3 1 0 1 2 0 4 0 4 0 2 4 4
   1 2 5 5 5 0 0 1 2 0 1]
  [0 0 3 0 5 3 0 0 1 3 0 5 3 4 4 0 1 4 2 0 5 1 5 5 3 5 4 4 5 5 0 2 4 2 4
   0 2 5 3 0 2 2 3 1 1 5 1 1 3 2 0 4 5 5 2 3 3 1 0 5 0 4 5 3 0 0 4 5 3 5
   2 5 1 0 1 4 4 1 0 1 1]
  [0 3 2 1 1 4 3 4 2 2 5 0 4 0 1 3 3 3 3 2 5 3 5 1 3 0 0 0 1 3 3 0 4 2 1
   2 3 3 2 2 5 0 5 3 4 5 4 2 1 0 0 4 0 0 5 3 5 3 3 2 4 5 0 3 2 4 0 4 3 4
   5 2 1 1 1 1 3 2 3 5 3]
  [0 1 2 5 4 2 3 3 3 0 3 5 4 0 1 2 2 5 0 3 2 2 0 5 1 2 3 4 1 4 1 0 4 2 4
   2 2 3 5 5 4 1 1 3 2 4 5 5 3 4 3 2 5 2 4 5 2 2 4 2 3 2 2 4 4 3 1 0 2 3
   2 4 0 4 5 2 4 1 2 5 4]
  [0 5 2 1 5 1 4 5 2 4 4 3 2 2 5 0 1 1 1 4 0 3 4 2 2 2 3 4 1 3 1 0 0 4 0
   5 3 0 5 0 1 4 3 0 5 5 2 2 5 2 5 2 5 3 1 4 3 1 3 0 1 4 1 0 4 0 5 4 0 3
   1 5 2 2 5 2 5 2 2 4 3]
  [0 1 2 1 0 1 0 2 5 3 0 1 4 4 1 3 2 5 1 0 2 2 5 3 5 4 1 3 2 4 4 3 4 3 3
   2 5 3 0 0 0 5 4 1 2 2 4 4 3 5 3 1 3 0 1 1 5 0 2 3 3 2 5 5 3 0 3 4 5 0
   5 0 3 3 5 0 5 5 2 2 4]
  [0 5 1 3 4 3 3 2 4 0 0 3 0 1 1 2 3 3 5 2 5 1 1 4 2 3 2 2 2 5 3 1 1 0 3
   1 3 2 4 3 4 1 5 5 1 1 2 3 5 3 4 0 2 0 3 3 0 5 0 0 0 3 5 1 1 0 0 0 4 3
   0 3 5 3 5 1 4 5 4 3 0]
  [0 1 3 0 5 4 5 4 2 4 4 0 5 1 5 1 1 2 2 5 2 2 2 5 1 2 1 0 4 5 1 3 4 5 5
   1 0 5 0 0 2 1 3 2 1 0 5 2 5 4 3 5 3 5 1 1 1 1 3 3 1 1 2 0 1 5 2 2 1 0
   5 0 3 2 5 2 3 3 0 1 3]
  [0 2 4 3 4 2 0 5 3 5 5 0 4 1 3 4 3 2 0 3 3 1 0 2 3 1 4 4 2 3 5 0 2 4 0
   2 5 5 2 0 5 0 1 3 4 4 4 3 3 4 1 1 2 5 2 3 3 2 5 0 0 1 0 4 4 5 0 0 3 4
   2 2 0 0 2 2 2 2 2 2 3]
  [0 2 3 5 2 0 0 4 5 5 5 4 3 1 2 5 2 1 1 2 3 3 3 5 2 2 0 0 0 3 0 0 4 1 2
   2 0 5 0 2 0 4 3 4 3 3 5 4 4 0 2 1 0 0 3 1 1 3 5 3 4 5 3 0 4 2 2 3 0 2
   2 2 4 0 3 4 4 2 1 2 5]
  [0 0 4 5 1 4 0 4 3 0 5 2 1 0 0 5 3 0 3 3 5 2 2 3 2 3 4 2 1 4 5 5 2 4 4
   0 1 2 4 4 1 1 3 2 1 5 3 3 1 3 4 4 1 3 1 4 2 4 5 2 2 4 5 2 3 4 2 2 1 4
   4 3 0 2 0 2 4 2 2 5 4]
  [0 5 2 0 1 1 5 4 4 3 5 5 0 5 4 4 3 2 5 5 0 2 0 1 1 5 4 2 4 4 3 4 0 1 3
   3 1 5 4 2 4 1 0 1 2 3 2 3 2 5 4 2 0 4 1 4 0 3 4 3 4 5 1 0 1 1 4 0 3 1
   0 2 2 1 2 0 4 1 2 3 0]
  [0 5 0 2 2 3 4 5 1 2 3 4 1 3 5 5 2 5 3 5 0 1 2 3 2 5 3 4 0 3 1 4 5 0 4
   0 2 5 4 5 0 0 5 0 4 3 5 1 2 5 0 3 4 5 0 0 0 1 0 0 4 5 0 3 4 2 5 0 5 3
   3 3 0 2 2 1 0 1 2 3 0]
  [0 1 5 0 2 4 2 4 0 2 0 3 2 1 4 2 0 0 3 1 3 1 3 1 2 5 0 4 4 2 1 1 4 5 0
   1 4 2 0 4 2 5 2 3 4 5 2 4 5 4 0 1 0 5 5 3 2 5 1 5 4 2 1 3 1 2 5 5 5 1
   5 1 2 1 2 1 5 0 3 3 0]
  [0 3 3 4 1 0 4 4 3 0 0 0 5 5 5 3 3 2 5 5 2 5 5 0 0 3 4 4 3 1 5 5 1 4 3
   3 2 1 2 3 0 0 4 5 1 4 5 1 5 4 5 2 4 4 2 5 4 4 3 4 1 0 4 1 4 4 2 2 4 0
   3 5 1 0 3 2 0 0 0 2 0]
  [0 1 4 4 4 2 5 0 0 1 0 1 0 0 1 4 1 3 0 0 1 5 2 3 3 2 2 5 4 4 4 0 4 1 3
   2 4 5 1 1 0 1 4 0 3 3 5 3 3 0 3 2 0 2 2 3 1 0 0 2 2 4 4 1 5 3 0 1 2 4
   1 1 2 0 4 2 1 0 1 0 0]
  [0 5 1 1 3 0 2 3 2 0 4 2 1 3 3 3 5 3 1 4 5 4 3 3 4 1 5 1 5 3 1 3 1 3 4
   5 3 2 0 4 5 0 1 4 5 1 3 5 5 4 2 5 0 4 3 3 4 2 2 4 5 3 1 5 0 0 3 4 2 0
   4 1 3 0 3 2 1 5 2 0 0]]

 [[0 0 2 2 2 0 0 3 3 3 4 5 3 3 5 5 1 0 0 4 0 5 5 4 5 1 4 4 3 3 1 4 1 2 5
   4 3 5 0 1 0 0 5 2 5 2 4 1 4 0 0 4 3 2 3 3 4 3 0 5 3 2 3 2 2 2 3 0 5 0
   2 2 0 5 3 1 1 5 2 2 5]
  [0 0 2 0 5 4 4 4 4 4 2 0 3 4 1 5 2 4 1 0 3 2 2 1 3 0 1 1 5 5 0 0 1 0 2
   5 5 1 2 2 1 4 1 4 5 1 1 1 3 5 2 5 2 5 2 1 0 0 2 5 2 4 1 1 0 1 0 0 2 5
   1 5 5 1 2 0 2 3 4 0 2]
  [0 3 0 1 0 0 0 1 3 4 4 0 1 4 2 5 4 1 0 4 0 0 5 2 5 1 2 5 4 3 1 2 1 5 0
   2 3 5 0 0 3 3 1 4 5 1 3 0 3 3 1 0 1 2 3 3 1 5 0 4 3 2 3 0 4 1 1 1 5 2
   0 3 2 3 5 0 0 5 3 2 5]
  [0 4 5 0 3 4 5 0 0 4 5 3 5 1 3 0 4 5 2 2 3 4 4 4 1 0 3 2 4 3 5 2 2 4 4
   1 3 2 3 3 1 5 5 1 4 2 2 1 5 0 4 1 3 5 2 4 5 5 2 1 4 0 3 3 0 1 3 3 3 4
   1 1 3 4 5 4 0 2 5 5 5]
  [0 4 3 4 0 2 4 5 5 5 4 2 4 5 1 1 4 4 4 4 1 2 4 3 2 1 3 5 0 1 1 4 2 1 0
   0 2 2 0 0 3 4 4 0 0 0 5 0 1 2 0 2 5 5 3 3 5 4 5 0 3 0 1 0 0 3 0 3 0 1
   1 2 4 2 5 3 1 4 0 3 4]
  [0 5 1 2 4 0 3 0 4 1 4 0 1 2 5 5 0 4 4 5 2 0 4 5 5 4 4 1 5 5 3 2 2 5 5
   1 3 0 5 0 0 4 2 3 2 3 3 0 3 4 3 2 2 5 4 4 0 4 3 5 3 1 3 1 2 3 4 1 4 5
   3 1 1 1 3 2 5 2 5 2 4]
  [0 0 0 5 5 5 0 5 2 1 2 2 5 0 4 5 2 1 2 3 3 3 2 3 0 1 1 4 1 2 0 0 5 0 4
   0 5 2 1 3 3 4 0 3 1 2 2 0 4 0 1 3 2 0 1 1 3 3 5 0 2 3 1 2 4 3 4 1 3 4
   0 3 4 4 3 0 2 5 1 3 1]
  [0 0 5 4 5 2 1 0 0 3 5 3 5 4 0 5 3 3 0 3 4 3 0 5 0 4 1 5 2 0 0 5 2 0 1
   3 1 1 3 4 0 2 0 2 5 4 3 0 2 1 2 4 2 1 1 3 1 3 3 1 2 3 1 3 1 5 4 5 0 0
   3 1 3 2 0 2 2 1 1 3 3]
  [0 0 2 3 0 2 5 5 0 2 1 2 5 1 1 1 4 2 4 3 1 4 2 2 4 5 0 5 0 1 3 1 2 5 4
   3 5 5 3 0 0 1 4 0 0 2 1 5 5 0 0 1 4 5 0 1 1 2 1 4 0 1 0 5 2 3 0 2 2 2
   2 0 5 2 3 1 5 1 4 5 1]
  [0 2 4 2 5 2 3 1 5 0 0 0 4 4 3 3 1 4 1 4 5 0 0 3 1 2 0 5 2 2 2 3 5 4 4
   3 0 2 3 3 0 5 1 4 3 5 5 4 4 1 0 1 4 2 0 0 1 4 1 5 0 2 4 1 1 2 5 3 0 1
   0 3 5 2 2 1 2 1 4 1 4]
  [0 3 3 5 4 5 5 0 3 0 0 4 0 3 3 0 0 1 3 1 3 0 2 5 0 0 5 3 4 1 0 2 2 5 0
   5 5 5 3 0 5 0 2 2 5 2 5 0 0 2 2 1 3 4 3 5 4 3 4 2 1 1 4 1 3 0 0 3 5 5
   5 0 4 5 4 4 4 0 5 3 3]
  [0 2 0 2 2 1 2 2 4 3 2 0 2 5 4 5 1 3 1 0 1 5 2 2 1 2 0 1 5 4 3 3 2 1 3
   4 5 4 4 1 1 2 1 4 2 5 1 1 2 5 1 0 1 3 5 1 5 2 5 1 3 3 4 4 4 2 3 0 0 5
   3 0 1 1 3 2 2 0 2 3 3]
  [0 3 5 0 4 1 1 1 1 0 0 3 0 5 0 5 3 5 1 5 0 3 2 2 5 4 5 4 1 3 2 4 1 1 4
   2 5 0 5 2 1 4 2 1 1 5 5 1 4 0 3 1 4 4 4 1 2 0 4 5 2 0 1 5 1 3 5 4 4 1
   2 4 5 0 2 4 0 0 0 1 2]
  [0 0 3 1 5 0 4 0 1 2 1 5 4 0 3 5 3 1 5 5 1 0 2 2 0 1 2 3 4 5 4 1 2 0 3
   0 4 2 0 5 2 2 1 2 3 2 4 0 1 5 1 5 5 3 1 2 3 1 4 4 4 4 2 0 1 3 4 2 5 4
   0 4 4 5 2 4 4 3 4 3 4]
  [0 4 3 1 2 2 4 5 4 0 0 5 3 2 0 5 5 5 2 5 0 2 1 5 4 0 4 1 3 1 4 5 1 5 1
   3 2 3 4 4 5 1 2 0 4 4 2 4 2 1 5 2 2 2 3 1 1 2 1 0 5 2 0 2 4 3 4 4 4 4
   0 5 5 1 2 5 3 1 0 3 2]
  [0 4 1 4 1 0 4 5 0 5 5 4 4 2 0 0 4 5 0 2 3 3 5 5 1 0 5 0 0 5 2 2 3 0 0
   5 3 2 5 1 0 4 4 0 0 5 5 3 3 4 0 2 3 5 5 0 4 3 1 2 0 1 4 0 5 0 3 4 3 1
   4 1 4 0 0 5 4 2 4 5 3]
  [0 5 3 5 4 1 1 4 1 0 0 0 0 0 2 3 0 3 2 0 3 3 2 0 0 5 4 4 4 3 0 2 5 0 4
   0 4 2 1 3 2 3 2 2 2 4 2 1 0 1 0 1 4 1 1 0 3 0 2 5 3 0 1 3 0 1 0 0 3 4
   0 4 1 4 0 5 4 0 1 4 1]
  [0 2 1 1 1 1 2 4 0 3 5 3 3 4 0 0 1 0 0 0 0 2 4 5 2 1 0 1 1 1 4 0 3 5 3
   5 1 5 2 2 2 5 5 2 0 4 3 5 4 3 4 0 0 4 5 2 4 2 0 0 2 2 2 4 4 5 0 1 4 4
   3 2 5 4 4 5 0 4 5 3 3]
  [0 4 1 2 4 4 0 4 0 1 4 1 4 5 1 1 0 0 0 5 3 2 4 5 1 4 5 5 5 2 1 5 3 2 2
   1 2 2 5 3 0 2 1 4 4 0 3 0 1 5 0 5 2 5 2 4 1 5 0 4 4 3 4 5 1 2 3 2 1 2
   3 3 1 5 2 2 3 3 3 2 3]
  [0 4 4 1 4 4 3 5 1 4 0 1 0 0 2 0 4 0 5 0 2 4 3 5 2 3 5 4 3 1 0 0 3 2 3
   2 2 0 4 5 0 0 5 5 0 1 4 2 1 4 5 3 3 2 2 2 1 5 4 5 1 2 2 5 3 1 2 2 1 0
   3 5 2 2 4 4 2 0 0 2 4]
  [0 0 3 0 4 1 5 0 3 3 2 4 3 5 0 2 3 2 3 3 0 5 4 4 0 5 3 0 1 4 3 3 0 4 0
   4 5 5 5 4 4 0 0 1 3 4 2 5 4 4 5 5 3 2 1 3 1 3 5 3 4 4 2 3 1 2 2 4 4 3
   4 3 5 3 2 1 1 5 1 3 5]
  [0 1 1 0 0 2 5 4 2 3 0 4 4 5 2 5 5 5 2 0 3 0 4 4 3 3 5 5 3 3 5 1 2 4 5
   2 4 2 0 0 2 5 0 2 5 1 0 2 5 2 1 3 4 3 1 2 3 2 0 1 0 5 0 0 4 2 0 3 1 1
   2 2 4 2 3 3 5 5 4 2 3]
  [0 0 2 5 3 3 5 5 4 5 4 3 1 1 2 1 3 2 3 5 5 0 0 4 2 2 2 4 3 5 3 2 1 1 1
   5 5 4 3 5 3 0 2 1 5 4 4 0 2 5 0 4 5 4 5 0 4 3 3 5 1 3 4 5 3 1 5 5 4 3
   4 2 0 3 0 4 4 3 3 3 2]
  [0 2 1 0 4 4 3 4 1 0 5 4 1 3 0 2 2 3 5 2 1 5 3 0 4 0 3 1 2 2 5 2 0 3 3
   1 0 4 1 3 2 5 3 3 3 0 1 5 3 4 5 2 4 2 2 3 3 3 1 3 0 2 4 4 3 5 1 0 4 4
   4 0 5 4 4 3 0 0 0 2 0]
  [0 2 4 0 1 4 0 1 4 1 5 1 1 4 3 5 4 0 3 1 4 3 2 2 0 2 0 5 0 1 3 5 3 0 1
   1 5 0 0 4 2 4 4 2 0 1 1 1 1 2 2 2 3 1 3 1 2 1 0 0 2 1 4 0 5 0 5 4 5 3
   4 2 2 0 4 2 5 0 0 0 2]
  [0 3 3 1 5 5 2 2 3 1 5 3 0 0 3 1 5 5 4 4 1 2 3 1 2 0 4 0 1 2 0 0 4 2 5
   1 0 0 3 1 3 3 3 4 5 4 1 3 2 1 4 0 1 4 3 3 1 5 5 5 4 3 5 0 4 2 0 2 1 1
   5 0 4 5 5 2 3 4 2 3 2]
  [0 5 5 0 3 1 5 3 2 0 3 3 4 2 5 0 4 3 1 0 4 1 3 3 4 1 0 2 0 5 3 2 1 4 5
   3 3 3 3 4 4 1 4 2 1 3 5 1 1 3 1 1 0 2 2 4 3 1 5 0 0 3 1 3 4 5 4 5 2 5
   5 2 3 3 5 1 1 0 4 5 0]
  [0 1 5 1 2 4 3 3 1 2 4 0 5 0 5 2 2 5 1 0 5 5 0 0 4 1 1 0 1 1 1 0 1 0 3
   0 5 3 5 1 5 3 5 2 3 4 0 5 5 1 2 4 3 2 4 1 1 2 0 3 0 3 4 5 1 0 3 3 2 5
   2 2 0 3 3 5 5 2 2 0 4]
  [0 1 1 4 3 1 3 4 0 3 3 5 4 1 4 4 5 5 0 5 2 1 4 4 1 4 1 4 0 5 3 2 4 1 1
   0 1 2 3 4 1 4 1 2 1 4 2 4 3 5 2 4 2 1 3 3 0 5 1 0 1 3 0 0 0 3 1 5 3 2
   5 3 0 0 3 3 1 0 1 2 1]
  [0 1 3 2 1 1 5 0 1 0 4 5 4 1 1 4 3 4 2 2 4 0 4 2 0 1 1 3 2 0 4 4 0 0 0
   4 4 4 4 3 0 3 4 0 1 5 1 3 0 5 0 3 4 3 3 3 3 0 5 3 2 5 1 3 5 2 3 2 5 5
   5 2 4 0 4 2 5 4 1 4 0]
  [0 2 5 3 3 2 3 3 3 2 2 5 0 5 0 3 0 0 0 3 5 5 3 5 4 2 1 5 4 5 0 2 4 4 1
   1 3 0 1 4 4 5 4 3 0 2 4 0 4 3 2 5 1 2 5 2 0 1 5 5 3 1 0 0 1 4 1 4 0 2
   5 2 4 4 5 2 0 0 1 5 4]
  [0 5 3 3 2 2 2 0 5 2 0 0 2 0 4 2 2 4 5 3 3 5 1 2 2 3 4 2 3 4 3 0 5 5 1
   1 5 3 0 4 1 5 3 0 2 0 3 3 5 1 4 3 3 1 4 4 1 3 1 3 4 3 2 2 1 2 1 1 3 1
   4 4 4 1 3 4 4 3 3 0 4]
  [0 5 5 4 3 3 1 2 4 5 1 4 4 1 1 4 5 5 1 3 0 0 0 1 4 3 1 1 0 5 4 0 0 0 1
   0 0 1 4 1 1 0 1 3 4 5 0 0 1 2 0 0 2 3 0 4 1 0 4 4 0 2 1 5 5 1 0 1 5 1
   3 0 1 2 0 5 5 3 3 5 5]
  [0 0 3 1 3 5 0 0 1 4 1 0 2 0 4 0 4 3 0 5 3 1 5 5 3 2 0 1 3 5 2 2 2 0 3
   0 0 5 5 5 4 4 4 0 0 2 2 3 3 5 3 4 4 2 2 4 5 1 1 4 4 4 0 2 5 5 3 3 5 0
   1 5 4 3 5 1 4 5 5 0 4]
  [0 0 5 1 0 4 1 4 4 0 0 3 5 4 1 4 0 5 3 0 0 0 4 3 2 0 5 1 4 1 5 5 5 2 0
   0 3 4 5 4 1 5 5 4 4 5 0 5 0 4 2 4 2 5 0 2 1 2 0 3 4 0 5 2 5 1 0 4 3 3
   2 3 4 3 2 1 4 0 5 1 4]
  [0 3 2 2 0 2 2 1 4 0 1 1 3 1 4 4 3 0 1 2 2 3 1 1 1 3 0 1 3 2 3 4 5 1 5
   0 5 3 2 2 0 2 0 5 1 0 0 1 3 5 0 1 0 4 3 5 2 4 1 0 2 3 2 2 5 2 2 3 3 4
   3 5 0 4 0 5 2 0 3 4 2]
  [0 4 5 1 0 2 0 4 2 0 2 0 1 5 3 4 5 5 0 1 2 1 2 1 5 4 1 1 3 2 1 0 4 2 2
   2 0 0 2 0 2 5 0 5 5 0 4 5 2 3 1 0 5 5 3 2 3 1 2 3 5 0 3 2 3 5 0 3 5 5
   0 2 3 0 1 0 2 3 5 0 4]
  [0 1 5 4 4 4 2 1 1 5 1 0 0 0 2 1 1 1 2 5 5 4 0 3 4 0 1 2 3 5 2 5 5 3 0
   2 3 0 4 3 2 4 0 2 3 3 0 1 3 1 2 1 1 5 1 3 3 3 2 0 0 0 4 4 5 2 0 2 2 1
   4 3 0 4 4 1 5 4 1 4 3]
  [0 3 1 4 3 0 0 3 2 2 3 3 2 5 4 4 2 3 1 3 2 0 2 0 3 5 2 1 3 4 0 0 5 3 2
   3 5 3 0 4 0 1 5 4 4 3 4 3 4 4 1 5 1 4 5 4 3 4 2 1 5 0 0 1 4 1 4 5 3 1
   2 0 4 3 3 0 0 4 2 3 4]
  [0 1 1 4 4 1 1 0 1 5 2 2 0 4 5 0 4 5 4 3 0 4 4 2 5 1 4 1 0 1 3 3 4 5 3
   5 3 3 0 0 1 0 1 3 2 2 3 0 4 0 1 2 1 1 3 1 4 0 3 0 3 3 1 3 4 0 5 1 5 4
   3 1 5 4 1 3 4 0 5 5 1]
  [0 5 0 5 0 2 1 0 5 4 1 1 3 1 4 0 3 4 2 2 2 0 2 3 1 5 2 4 5 4 5 2 3 4 3
   5 2 5 2 4 0 4 1 0 2 0 1 1 4 4 1 5 2 1 1 4 5 0 4 3 3 1 3 1 3 1 5 4 0 5
   2 3 0 3 3 1 4 0 3 2 0]
  [0 3 0 0 2 2 5 0 4 4 4 0 4 0 5 2 5 5 3 1 0 2 3 1 1 1 3 2 4 3 4 2 3 3 3
   0 2 4 4 3 4 0 4 4 3 2 0 2 2 2 4 5 2 4 5 5 1 0 4 5 3 2 0 3 0 0 0 0 4 1
   3 0 5 2 1 4 2 5 3 4 4]
  [0 3 0 4 5 0 5 0 5 3 0 5 1 0 1 3 3 3 4 1 2 5 3 2 2 4 1 2 4 3 2 2 3 0 5
   0 3 4 0 2 3 0 0 2 1 1 3 2 4 3 3 1 4 2 3 5 3 1 0 5 0 3 3 1 3 1 3 4 5 3
   4 2 5 2 5 0 1 0 4 4 3]
  [0 2 2 0 1 1 2 3 1 0 3 0 0 5 4 1 1 0 5 4 5 1 1 4 3 4 3 0 5 4 0 3 5 3 2
   1 2 5 5 1 0 5 2 0 3 5 0 5 3 1 5 5 5 3 1 4 1 0 1 2 2 1 1 2 4 2 3 1 0 5
   3 2 1 1 4 3 4 0 3 3 3]
  [0 2 0 5 5 1 1 2 5 1 5 1 0 1 0 5 0 5 5 2 2 1 5 2 5 2 4 5 4 0 3 0 4 3 0
   0 0 4 0 2 1 3 2 1 0 0 0 2 3 2 3 0 2 0 1 2 4 5 3 3 0 3 3 1 5 2 2 1 0 3
   2 5 2 3 5 3 3 2 5 0 5]
  [0 1 3 4 2 3 5 5 3 3 1 1 4 0 5 2 4 2 0 5 3 0 5 5 4 4 5 2 4 3 5 1 2 0 2
   3 2 0 2 5 2 0 0 2 1 0 4 1 2 0 4 1 2 5 1 5 1 1 0 5 4 2 0 0 3 3 3 3 5 5
   1 3 3 4 2 0 1 2 0 2 1]
  [0 5 0 4 0 2 4 3 5 1 1 2 1 2 5 4 5 1 5 1 2 2 1 0 5 4 4 1 1 5 1 2 0 1 4
   0 2 4 1 2 4 0 2 5 4 1 0 4 4 5 3 5 5 5 1 5 1 3 5 4 2 4 2 4 3 0 1 2 3 2
   4 0 5 0 3 4 4 1 4 2 1]
  [0 2 5 5 2 4 2 2 3 4 5 0 4 0 2 0 4 5 2 5 5 3 1 0 4 3 2 1 1 2 3 2 5 1 1
   3 5 4 5 4 2 1 5 0 1 3 5 0 3 5 4 2 5 0 0 2 2 0 5 0 1 1 4 5 2 3 1 5 0 1
   1 4 2 2 3 1 2 1 0 2 5]
  [0 4 2 4 0 4 2 2 5 2 2 3 4 4 5 0 4 0 2 4 3 2 3 5 4 5 1 5 5 1 5 3 3 4 5
   4 3 2 2 3 4 5 5 3 2 4 3 0 0 4 3 0 1 1 4 0 4 0 0 1 4 2 4 2 5 3 0 1 1 2
   0 0 1 4 3 2 4 2 1 5 0]
  [0 0 4 4 1 2 3 3 4 2 1 4 2 4 3 3 5 3 1 4 1 0 2 1 1 4 2 3 2 1 2 5 0 0 3
   2 0 4 0 1 5 1 2 4 5 4 1 3 2 0 1 3 5 3 3 0 5 1 1 1 4 1 2 5 1 1 0 1 3 1
   4 4 0 2 2 2 5 3 0 0 3]
  [0 4 4 4 0 4 5 4 0 0 5 2 4 4 0 2 4 0 0 0 3 0 2 2 3 5 2 3 0 2 3 3 3 4 5
   0 1 5 2 2 0 1 3 3 4 0 5 3 4 5 0 3 4 3 1 1 4 4 5 0 4 5 1 3 2 0 4 2 4 3
   2 4 5 1 0 5 3 3 4 1 2]
  [0 0 1 4 0 1 3 2 5 5 1 5 4 4 1 4 1 5 1 4 2 5 3 3 4 1 4 5 5 5 4 3 5 2 3
   5 3 3 3 2 5 3 5 0 4 5 5 0 3 0 5 0 0 2 1 3 4 4 3 3 3 3 3 4 5 1 1 5 4 3
   1 3 2 3 5 3 2 1 4 5 1]
  [0 2 2 1 5 1 1 1 2 4 5 4 4 5 2 4 5 5 3 1 1 2 0 3 4 1 1 5 5 2 3 2 1 1 1
   1 2 2 1 3 2 3 1 3 0 5 4 3 4 2 2 2 0 4 3 5 4 1 1 4 5 2 0 4 3 5 2 2 3 4
   5 2 4 5 1 5 3 0 1 2 4]
  [0 5 2 2 5 0 2 1 4 2 5 1 1 0 4 1 4 1 5 0 3 1 3 0 4 3 1 3 0 3 0 0 4 3 1
   3 5 0 0 0 1 4 2 1 1 2 5 5 2 0 1 4 3 0 1 4 5 2 3 1 0 5 3 2 5 2 4 4 5 1
   2 5 3 3 3 5 4 4 0 1 5]
  [0 1 2 3 0 5 4 4 3 0 0 3 3 3 4 3 1 1 0 5 3 5 0 4 3 5 2 3 3 3 4 0 0 1 3
   5 1 4 0 2 0 0 3 2 2 1 4 1 0 1 0 3 5 1 0 1 5 3 0 5 2 3 4 0 4 0 2 3 0 4
   2 1 5 3 3 2 2 5 3 4 2]
  [0 1 2 5 3 0 0 3 4 2 5 1 4 0 4 4 4 3 2 5 0 0 1 2 2 5 5 2 5 4 5 2 1 3 2
   2 0 1 4 1 5 2 4 2 5 1 5 5 0 2 4 1 5 1 2 0 1 0 3 1 3 2 4 1 0 3 3 2 0 3
   2 2 0 2 2 5 3 1 4 1 4]
  [0 3 0 5 0 3 3 2 3 1 5 2 5 4 2 3 2 2 5 4 1 2 4 5 4 1 5 5 1 3 4 5 0 5 1
   5 3 5 2 3 5 2 3 1 0 4 2 4 2 2 0 2 3 2 0 5 0 1 4 0 2 2 3 0 3 0 5 4 1 4
   2 4 3 0 3 3 1 0 3 3 0]
  [0 0 2 5 3 5 4 3 4 3 3 2 4 4 4 0 1 5 5 1 4 3 0 5 1 5 3 1 3 0 5 4 4 2 4
   4 2 1 2 2 2 2 2 1 4 0 4 2 4 2 1 0 0 0 2 3 3 0 0 1 3 0 0 4 3 5 4 5 5 2
   1 5 3 0 4 5 2 1 0 5 5]
  [0 3 3 2 4 3 1 3 0 0 4 1 5 2 0 3 1 5 1 1 3 2 0 5 1 2 2 2 2 0 0 5 3 0 1
   5 0 1 3 5 0 1 5 5 1 3 2 3 5 0 2 5 1 4 2 3 0 3 0 5 4 5 5 1 2 0 3 1 3 5
   3 3 4 0 0 2 4 1 4 5 1]
  [0 0 2 1 0 1 0 4 1 3 5 2 2 2 5 0 3 0 5 2 5 2 1 2 1 1 5 0 5 5 3 2 3 5 1
   3 4 1 2 2 4 3 5 0 4 1 5 1 2 4 5 3 0 0 0 2 3 5 5 0 3 0 3 0 4 5 5 0 0 5
   1 2 4 1 0 5 2 1 5 1 2]
  [0 4 2 1 1 2 2 4 2 1 5 5 5 5 3 2 4 2 5 5 0 0 2 4 1 4 3 4 2 0 2 4 1 0 2
   3 5 0 4 4 3 5 0 3 0 2 0 0 1 0 4 4 4 2 5 1 5 3 3 0 0 5 3 4 5 2 1 3 2 0
   2 5 4 5 3 5 2 4 1 1 2]
  [0 2 3 1 3 2 0 1 5 0 2 2 1 4 5 3 3 4 3 3 3 0 2 3 3 3 1 4 2 1 0 0 0 2 5
   3 3 0 4 5 3 5 4 1 1 3 2 2 5 3 5 2 2 3 2 2 4 5 2 5 0 0 3 4 5 1 1 2 3 0
   3 3 4 3 0 5 2 4 1 2 3]
  [0 0 1 2 1 1 2 2 0 3 4 1 1 5 5 0 0 1 1 4 5 3 2 5 2 3 5 3 3 0 2 1 5 4 1
   2 5 3 3 5 1 2 1 5 3 4 3 0 2 5 5 4 1 5 0 3 3 2 0 4 4 4 0 2 3 5 3 4 2 1
   2 4 2 3 2 5 2 3 3 1 5]
  [0 5 3 2 2 0 1 5 4 0 4 3 5 0 5 0 1 1 5 4 5 2 0 0 1 4 4 3 4 2 4 5 3 4 1
   1 2 0 3 4 5 1 0 3 1 2 4 0 5 3 3 4 1 5 0 0 5 4 2 1 0 4 3 0 3 4 3 0 0 0
   1 0 1 0 5 4 4 4 1 1 1]
  [0 2 1 1 4 0 1 5 2 2 2 1 3 3 4 1 5 2 3 3 2 2 2 5 5 3 0 5 5 2 3 0 4 3 1
   1 5 1 0 2 3 0 2 3 1 5 0 3 0 5 3 2 4 3 3 4 1 2 0 3 4 0 1 5 0 4 2 1 5 1
   0 0 2 1 2 3 1 4 2 3 2]
  [0 3 2 1 4 5 3 2 1 5 2 3 2 4 2 3 0 3 0 5 5 3 4 2 4 0 1 4 1 3 4 3 2 2 0
   1 5 0 4 1 4 5 2 0 4 1 5 4 5 1 4 1 3 0 5 3 5 3 5 5 1 5 2 2 4 0 2 4 4 3
   0 2 5 1 4 5 0 2 3 3 2]
  [0 2 0 0 2 3 4 1 5 4 1 5 1 1 4 2 5 0 1 4 2 0 5 5 3 1 1 3 1 4 2 3 5 0 3
   1 3 3 1 0 3 4 3 4 1 5 2 4 5 2 1 2 0 1 5 0 1 1 4 1 3 5 5 5 0 2 0 5 2 2
   2 5 4 4 3 5 5 0 0 4 5]
  [0 5 4 5 2 2 5 5 3 5 3 3 3 5 0 4 3 1 5 5 5 2 1 4 3 4 1 4 5 4 2 1 5 2 4
   5 0 4 3 3 1 0 2 2 0 3 2 4 5 1 4 2 2 1 3 1 4 2 1 3 1 5 4 3 0 5 1 0 1 1
   4 3 1 4 0 0 5 4 0 0 2]
  [0 5 3 2 5 0 1 0 3 4 5 3 0 5 2 0 3 2 4 3 3 2 5 5 1 1 4 0 0 0 3 4 4 3 0
   1 4 0 1 0 1 0 2 1 4 0 1 3 5 0 2 5 5 2 4 2 3 0 3 3 5 1 5 3 5 4 4 2 0 0
   2 4 0 3 2 2 0 1 0 0 2]
  [0 5 3 0 1 5 0 1 1 0 0 1 0 1 1 0 5 3 5 5 3 1 2 2 2 3 0 1 4 3 3 3 4 3 3
   5 0 1 3 2 1 0 2 5 2 2 3 3 4 1 2 2 0 4 4 5 1 2 2 4 0 5 5 3 3 3 4 4 2 0
   1 0 2 0 4 0 5 1 1 0 2]
  [0 1 5 2 0 3 0 4 5 5 3 5 2 5 5 4 4 4 2 1 0 1 5 5 3 4 5 0 4 3 2 1 5 0 0
   2 4 4 4 2 1 0 1 5 0 2 0 3 0 1 1 5 0 0 3 1 3 4 3 2 0 3 2 5 2 2 1 0 1 2
   0 5 4 5 0 3 3 0 3 5 4]
  [0 2 3 0 5 4 5 1 1 3 0 2 2 3 4 3 1 2 5 1 0 4 5 0 0 4 1 1 2 2 2 4 3 5 0
   4 3 3 5 0 4 1 0 0 4 4 2 1 4 2 3 4 2 1 3 3 2 4 3 2 2 2 3 2 5 5 0 1 5 1
   0 0 3 2 4 4 4 0 1 0 1]
  [0 4 3 0 1 4 5 5 0 4 3 0 4 4 1 4 0 5 2 2 0 4 4 2 1 0 0 1 0 4 1 3 0 2 1
   5 2 1 3 1 5 0 4 0 3 5 2 5 5 0 3 5 4 4 2 2 4 4 5 0 0 3 0 3 0 3 0 5 2 5
   3 4 0 2 1 2 4 4 3 2 4]
  [0 0 4 0 0 4 4 1 1 3 3 3 1 4 0 1 1 0 1 4 0 4 5 2 3 0 5 1 0 5 4 4 0 0 1
   3 4 0 0 3 1 5 4 2 2 2 5 3 1 2 4 3 5 3 5 1 4 4 4 4 3 2 4 3 5 1 2 4 1 2
   5 2 0 0 3 1 2 4 3 1 2]
  [0 1 3 2 1 3 0 4 5 5 0 4 0 1 0 3 5 2 1 3 2 0 5 3 5 3 0 3 0 2 2 5 2 0 4
   3 3 4 0 1 0 1 0 5 3 4 2 4 3 5 4 1 2 2 1 5 1 1 2 3 5 5 4 1 1 5 1 1 2 4
   1 5 4 2 0 3 0 5 0 3 1]
  [0 5 1 2 2 2 5 2 2 5 2 5 2 4 3 1 0 1 4 2 1 3 5 1 3 2 1 4 4 3 5 4 3 4 0
   0 0 0 5 2 2 4 5 1 1 2 0 2 1 0 4 0 3 2 2 2 3 0 0 0 1 0 2 2 5 4 0 2 0 2
   3 1 0 2 1 0 4 1 2 3 3]
  [0 0 4 5 4 5 2 1 0 4 5 5 2 4 1 2 4 3 1 0 2 3 0 3 2 0 0 4 3 0 2 2 0 0 4
   4 4 0 5 0 5 0 2 4 0 3 5 0 4 2 0 4 0 2 1 0 2 4 5 1 0 5 4 4 3 1 5 3 4 4
   1 5 5 2 3 4 0 3 4 5 4]
  [0 5 1 5 5 1 5 5 5 1 0 1 1 0 2 5 0 4 1 4 2 4 1 2 5 3 5 4 4 3 0 0 3 3 1
   0 3 1 2 5 2 1 5 5 2 2 4 0 3 1 1 1 2 3 4 3 0 2 0 1 4 4 0 1 1 5 3 5 4 5
   0 2 1 0 3 3 3 0 2 3 3]
  [0 2 1 3 1 1 2 0 1 4 2 5 1 5 3 5 5 0 3 1 0 4 3 3 5 2 0 4 4 2 2 4 3 2 4
   4 5 4 5 4 0 1 0 3 1 1 0 1 1 3 4 3 2 1 3 4 4 5 5 3 5 3 1 1 2 5 2 0 2 2
   1 0 3 2 2 5 5 5 0 2 3]
  [0 3 5 3 2 2 0 4 5 0 2 2 2 3 5 3 4 0 3 5 2 2 5 4 5 2 4 1 1 0 0 2 0 3 5
   5 4 3 2 5 2 2 2 4 5 4 4 3 0 2 3 5 3 2 2 3 5 4 1 0 4 3 1 4 3 2 3 2 1 3
   5 3 0 2 1 1 2 3 5 0 1]
  [0 0 1 3 1 3 5 5 0 1 0 0 0 4 5 3 2 2 4 5 1 1 5 3 4 4 4 4 5 3 5 1 3 2 1
   5 2 0 0 3 2 3 3 1 4 1 5 5 3 5 2 0 4 2 4 3 1 1 2 4 3 2 5 1 4 0 3 3 4 2
   1 5 0 1 1 5 3 0 0 1 0]]]
release_time
[  0 657 502 568 651 777 676 596  77 731 676 747 643 703 704 751 591 693
 601 143 675 321 734  22  27 732 604 556 324 703 687 663 534 123 731 662
 100 584 644 705  86 645 621 121 733 639 605 598 711 594 563 667 205 571
 592 369 737 582 716 641 148 786 627  30 662 264 735 388 620 503 706 685
 534 650 627 752 569 470 659 291 160]
due_date
[  0 662 575 632 664 784 713 665 166 753 692 766 677 744 704 815 627 781
 699 213 697 397 787  67 127 786 608 599 418 744 726 708 595 232 766 704
 117 679 740 772 137 692 687 137 800 693 700 688 716 631 636 674 210 638
 669 435 743 631 802 711 157 802 629 129 697 330 771 490 695 547 782 694
 578 707 700 794 678 483 701 333 167]
unit_emission
[14 13 12  3 19 16  3  9 17 18]
emission_limit
49701.4
setup_severity
0.02
due_tight
0.3
due_range
1.0
release_tight
1
degree_constr
0.8
