mach
10
job_rate
8
weight
[ 0  5  6  8  6  5  5  1  7  3  6  5  4 10  1  2  4  8  2  2  3  4  5  3
  1 10  7  8  4  2  3  4  8  9  5  6  2  8 10  6  7  7  8  8 10  9  1  3
  5  2  2  4  5  8  2  2 10  7  9 10  9 10  3  1  7  2  7  8  4  9  9  9
 10  9  6  9  4  2  9  9  7]
proc_time
[[  0  93  86 131  56  60  52 114 100 145 113 109  59 104  73  75 144  52
   62  99 114  81 103  96 129  97  68 114 122  74 133 100 104  72 107 100
   68  72  65 141 124 134  93 110  79 120  68  58  71  57  78 111  75 146
  130 128  81  68 111 118 125 134  99 129  76 115 118 107  79  80  70 143
  125 106  97 106  93  77  73 109  73]
 [  0 135  97 112  64  61 136  78 143 117  90  78  89  99  84  66  92  50
   68 105 149 130 100 109  97 120  64  81 123  93 134 129  99 114 134 133
  137  57  80 102  89  97  51 101  62  54  91  74 138  54  72  53 144 149
  105 123  88 125  73 119 149  68 102  89  85  78  75 124 150  72  85 105
  127  60 149 149 139 124  77  59 131]
 [  0  81  83 146  89  82 140 137 104  73  56  76  94 106 144  59 123  69
  117  64  55 148  56 126  67 106  95 110  88  99  79  99 108 141  57  77
   73 107  85  65 140  84 143 136 139  74 135  55  93 132 138 117  51  89
   97 135 128 101  90  74 134  69  51 106 110  73 124  74 114 145  95 131
  132 107 115  90 148 142 134 119 129]
 [  0  76 136 121 138 128  61 128  89  91  52 131 138 136  78 100 133  77
  143 140 103 116 126  90  72  68 138  95  65  94  69 105 119  75  81  84
  125  50  65 149 150 140 109  68  94  92  55 143 147  69  83  67  55 132
  134  67 136 118  92 114  88  93  71 120 142  84 133 107  67 119  61 133
  107  98 118 110 139  58 135  54 149]
 [  0 147 132 103  52 148 136 143  78  97 111 137  56 107  61  53  83 101
   59  70  89  56  88  87  80 129 123  54 130  90  65 148 106  83 131 117
  147 134  60  91 119  56  69  96 110  80  94  96  99 103  95  72 116  82
   66 126 103  87 102  61  96  89  56 148  70 115  79  52  69  80  57 130
  112  63 116 123 112  93 104 149 129]
 [  0 107 122 117 122  60  74  75 144  80  85 125  90 100  56 103 135  70
   87  98  56  81  80 140 105 147 144 147  70 124 125 101  63  99 131  68
   70 145  50 138  57  81  76 101 130 102 121  92 129 116 107 144 145  69
  123  90  80 102  71  63  86  74  98 113  59 111 121 126 126  87 150  78
   67 118 127 115 137 119 123 117  99]
 [  0 110 139  57 128  52 136 103 141  66 122 124  66  50  72 137 139  95
   99 127  88  94 119 130 149  82  70  68 118 139 140 117  71  79 121  89
  126  63  91  91  87 132 123 145 120  74  99 121  68  82  67 139 113  79
  127 105  83  61  95  69 122 100 110  92  52 120  95  71  55  80 149  84
   73 142 101  53 135  56  90 104  65]
 [  0  73  87 121 135 112 101 141 103  51 105 107 137 115 141  73 136 130
   92  62 144 144  68  97 122  70  64  71 150  66 107 131  73  84  82  64
  109  92 102 111 133  52  66  66 129 108 145 104 107 116 110  84 117  57
   66  64 128  67  82  55  81  58 124 127 108  80 136 119 102  81 136  79
  149 138 102  93 137 106 133 106  87]
 [  0  72  93  53 147  95 121 149 106 126 121 150 129 105  54  67 118  96
  101  99  88  78  77 132 110 133 134  85  85 146  81 132  99  84  85 122
  146 145 149  86 144 126 149  78  90 145 115  81  64 131  56 120  55 131
  145  73 137 150 129 119 103  51 113 137  60 134  80 143  75 112  77  88
   62 144 138 142  62  91 130 135  68]
 [  0  59  78  62 118  73  62 111 117  89 144 132 144  79 117 138  75 115
   54 105  97  61  79  68  94  61 135  86 146  75  83 108 104  93  72 145
   72 149 148 121  58 144  50  98 108  76 129  51 136 116  63 146  92  56
   79  62  98 144  71 114 101 112 150 149  54 128 106  66 123  90  99 149
   66  52  89  95 123  53  92 139  58]]
setup_time
[[[0 2 0 0 0 5 0 5 0 1 1 0 2 3 0 0 1 0 5 3 5 5 3 2 2 0 2 0 2 3 1 0 3 5 1
   0 1 4 1 3 0 0 2 3 2 1 2 0 4 4 1 3 1 5 0 5 0 5 0 0 2 2 1 0 2 2 3 4 5 1
   2 0 2 1 5 5 5 4 1 3 1]
  [0 0 5 1 5 4 0 1 5 0 1 2 3 1 5 0 2 5 5 0 0 1 5 4 4 0 3 4 0 1 4 1 3 2 3
   1 1 5 0 5 4 0 5 3 2 4 0 5 1 1 3 2 2 1 4 4 2 0 0 4 0 1 1 4 4 1 4 3 2 1
   3 1 4 2 0 3 2 2 2 5 0]
  [0 2 0 4 1 0 0 4 5 2 4 5 3 4 0 5 5 4 0 0 4 3 1 2 2 5 3 0 5 4 3 5 4 3 2
   1 2 2 2 4 1 3 3 2 5 5 3 3 3 2 3 0 2 4 0 2 1 2 5 5 0 1 2 0 5 5 0 3 1 2
   5 5 1 0 4 3 2 0 0 3 4]
  [0 2 1 0 4 1 5 3 5 1 0 5 1 0 4 0 2 4 2 0 5 3 2 5 3 1 4 3 1 0 1 5 4 2 3
   5 4 0 5 1 3 3 1 2 2 3 1 3 0 1 1 4 0 4 0 4 4 2 0 1 5 4 5 5 1 3 3 5 0 0
   2 4 4 4 0 5 2 0 2 3 1]
  [0 1 1 1 0 5 5 5 0 0 2 0 4 0 2 5 4 0 4 3 0 3 4 4 3 0 0 3 5 2 5 3 4 2 5
   4 5 2 1 4 2 3 2 0 4 1 0 0 4 3 0 4 5 5 5 3 0 5 4 3 3 1 1 0 0 2 2 2 1 1
   2 0 1 5 5 3 1 5 4 0 3]
  [0 2 3 2 2 0 5 0 5 5 5 1 4 1 4 3 5 4 1 4 4 5 1 3 0 5 5 2 4 5 2 3 5 5 3
   1 2 4 5 5 2 1 3 2 4 0 5 4 3 0 4 5 4 2 1 3 3 4 3 1 2 2 5 2 2 2 1 5 4 5
   0 5 4 4 1 0 3 0 4 0 3]
  [0 4 5 2 3 3 0 1 2 4 2 4 1 2 2 5 2 0 4 2 3 2 0 1 5 0 1 1 5 0 3 5 2 5 3
   5 0 3 0 1 3 0 0 4 0 1 1 0 2 4 2 3 2 0 5 0 5 0 5 5 4 3 4 4 0 2 5 3 4 3
   2 0 2 2 1 1 5 1 1 4 1]
  [0 3 5 5 2 4 4 0 5 0 4 4 2 0 5 2 2 0 1 4 3 1 0 2 4 4 2 2 5 2 5 3 0 5 1
   2 4 2 2 5 1 2 0 5 4 3 0 1 0 5 1 3 4 3 1 1 5 0 4 1 3 1 0 5 0 5 1 0 4 0
   4 5 5 1 5 1 4 5 5 4 2]
  [0 2 4 4 3 2 2 2 0 4 0 5 1 0 3 1 5 4 1 2 3 0 4 3 1 1 0 1 3 2 3 3 3 4 1
   3 3 0 4 5 3 5 2 3 0 0 4 0 0 3 3 4 3 4 4 0 0 4 3 1 5 1 0 1 0 3 0 0 5 2
   4 0 2 1 0 1 5 0 4 2 4]
  [0 1 3 4 1 3 1 0 3 0 5 0 1 0 2 3 1 1 3 2 4 3 0 3 2 5 4 1 4 2 5 1 5 1 5
   5 1 1 1 0 5 3 4 3 3 4 2 5 2 4 1 2 1 2 1 2 0 4 4 2 5 0 2 0 3 4 1 3 1 4
   3 2 2 0 0 5 3 4 3 2 0]
  [0 2 2 1 4 3 4 0 4 1 0 1 0 2 5 3 2 4 4 3 2 2 4 4 4 0 1 3 0 3 5 4 3 4 0
   2 4 3 2 5 2 1 5 0 0 3 4 5 4 2 4 0 5 1 0 3 2 3 2 2 0 1 0 4 0 0 4 5 2 4
   1 2 3 5 5 3 2 0 4 3 1]
  [0 1 4 4 3 3 4 1 0 4 3 0 2 3 5 3 3 3 1 1 4 3 0 5 0 1 1 0 5 5 1 2 3 2 3
   1 1 2 2 3 5 3 1 4 5 3 4 3 0 0 3 0 1 4 3 4 3 0 0 0 0 2 1 5 3 1 2 0 4 4
   1 2 5 1 4 3 3 0 2 3 1]
  [0 5 2 2 2 4 5 5 1 4 0 0 0 4 5 0 2 2 3 4 5 2 1 4 0 2 0 5 2 5 0 5 3 5 0
   5 5 2 0 1 3 2 1 2 5 0 5 0 0 1 4 4 5 5 0 5 0 0 1 4 5 0 4 0 3 3 2 2 0 5
   0 1 3 0 4 5 4 5 2 5 3]
  [0 4 3 2 2 1 2 2 5 4 1 0 1 0 1 3 4 2 4 5 5 3 4 5 0 0 0 4 1 1 2 4 2 0 3
   1 3 4 4 5 4 4 5 3 2 4 4 3 5 1 0 2 4 5 5 3 2 2 1 1 0 4 4 5 0 5 2 4 5 0
   3 3 4 5 5 2 4 3 0 1 5]
  [0 3 0 0 4 5 2 3 2 0 0 4 1 0 0 5 5 0 0 1 5 5 5 2 3 5 2 4 0 4 1 5 0 2 5
   4 4 1 1 2 2 0 4 0 2 1 5 0 1 4 3 5 4 4 3 4 3 0 2 2 5 3 2 2 1 1 4 3 5 2
   3 4 2 5 5 4 4 2 1 2 5]
  [0 0 0 5 4 4 2 5 0 5 2 5 5 4 4 0 4 5 5 5 5 2 1 1 2 5 5 1 2 3 3 3 1 4 2
   0 1 1 4 1 1 2 5 0 2 0 5 4 1 3 5 4 0 3 4 2 1 3 5 5 0 1 0 0 0 2 1 1 4 4
   3 1 0 4 0 3 4 0 5 3 3]
  [0 0 2 2 3 0 3 0 2 2 1 0 5 2 0 2 0 2 1 1 3 4 1 4 4 0 1 2 1 4 5 4 4 5 3
   1 4 3 4 0 3 0 5 0 4 4 4 2 1 0 2 4 5 0 5 5 0 1 1 0 0 5 3 0 4 3 3 2 5 1
   0 0 3 3 4 1 0 2 5 4 5]
  [0 4 1 5 4 4 0 2 3 3 2 3 2 4 0 1 3 0 2 3 3 3 0 3 4 1 3 3 4 5 4 4 2 3 5
   1 1 1 2 3 5 0 1 2 5 5 1 4 4 3 3 5 4 5 2 1 3 3 2 3 4 4 2 0 5 4 3 4 4 2
   1 3 1 0 1 2 0 1 3 3 4]
  [0 4 2 1 1 5 2 3 0 1 1 1 5 2 1 2 4 4 0 5 0 1 1 2 3 0 4 3 4 3 0 4 3 5 0
   2 2 1 0 4 2 1 4 4 3 4 5 5 1 4 4 0 2 3 1 2 0 3 2 1 1 3 5 1 2 1 4 3 4 3
   4 1 2 1 2 1 3 4 2 4 3]
  [0 2 0 2 1 5 0 1 0 1 0 2 2 3 1 0 4 3 0 0 2 5 1 3 3 5 0 0 3 0 1 1 4 5 1
   1 0 3 3 2 3 4 1 5 3 4 2 5 4 2 5 3 4 0 3 3 1 5 3 4 1 3 0 0 4 0 5 5 1 1
   2 0 3 2 4 0 4 0 0 1 5]
  [0 2 4 3 2 3 4 4 0 4 4 2 4 1 4 4 2 2 5 3 0 0 1 4 2 4 1 0 2 1 1 5 4 2 4
   0 0 2 2 1 4 1 0 0 4 4 4 5 0 0 5 1 2 4 1 4 4 1 0 5 3 3 4 0 0 1 0 2 4 0
   5 0 2 3 3 2 1 4 5 4 3]
  [0 5 5 5 5 5 3 3 5 5 3 1 1 4 1 4 2 1 4 5 2 0 3 5 2 2 3 5 1 2 2 4 0 3 5
   0 5 5 3 4 2 1 3 4 0 0 0 3 5 0 2 5 1 1 4 4 2 4 0 3 4 0 3 0 1 0 3 3 5 0
   4 0 4 1 0 1 0 4 1 3 2]
  [0 4 1 3 5 1 0 2 5 4 4 1 2 3 3 0 1 5 0 0 2 3 0 3 0 0 4 1 1 0 3 4 3 5 1
   5 0 4 0 0 0 1 5 4 0 5 3 1 2 0 3 2 3 4 1 4 1 3 4 2 2 4 1 3 2 5 1 0 1 4
   1 4 0 3 2 4 3 5 2 3 4]
  [0 3 3 5 1 4 4 1 0 1 0 2 0 1 5 4 0 0 5 0 2 5 3 0 1 0 1 0 5 2 2 2 3 1 1
   0 2 3 4 1 2 5 0 4 4 4 1 2 1 0 2 4 1 2 1 2 4 4 2 0 5 5 5 1 3 0 4 4 2 5
   5 5 5 4 0 0 5 2 1 2 3]
  [0 5 3 5 2 1 5 2 3 4 0 2 1 1 3 2 4 1 4 2 2 5 0 2 0 0 1 3 5 1 2 2 2 3 2
   0 2 3 4 1 3 1 3 2 3 0 5 2 2 5 1 5 4 2 4 3 1 0 0 5 4 4 1 3 5 5 0 3 1 5
   4 2 1 4 0 3 4 4 5 0 5]
  [0 0 5 3 4 0 1 1 1 0 0 4 4 2 2 0 5 2 5 1 2 5 0 4 4 0 3 1 0 2 5 4 5 4 3
   5 2 1 1 0 4 2 4 4 1 2 3 4 4 2 4 0 1 5 1 2 0 5 3 5 4 0 5 4 4 5 2 4 4 3
   0 5 5 3 3 4 4 5 0 5 5]
  [0 1 4 5 1 2 1 3 2 5 2 0 3 1 0 1 0 3 2 0 3 5 5 1 0 5 0 4 3 2 1 3 5 2 0
   0 3 3 0 0 2 5 4 4 0 5 1 4 4 2 5 0 4 0 3 3 0 0 2 5 5 4 2 1 1 0 2 1 1 3
   4 0 3 3 2 5 0 2 0 4 5]
  [0 1 3 1 2 5 1 2 1 4 2 4 0 1 2 2 4 3 1 0 5 4 0 4 2 3 3 0 3 5 2 4 5 5 4
   3 1 4 3 3 3 0 3 3 5 4 2 4 3 3 3 4 3 2 1 0 0 2 1 5 3 4 3 2 3 4 4 1 0 0
   3 2 5 3 1 0 4 0 3 2 4]
  [0 5 2 0 5 3 1 4 3 5 2 4 2 0 0 2 3 3 4 3 0 5 3 1 5 4 5 2 0 4 3 4 2 1 2
   2 5 4 3 5 3 2 4 1 2 4 0 1 0 5 2 0 4 3 5 3 4 2 1 4 1 2 5 2 5 2 3 0 2 5
   2 4 4 0 1 4 1 1 1 4 0]
  [0 3 5 0 1 3 1 0 0 4 1 5 2 5 3 5 1 5 0 1 4 5 4 4 2 5 0 2 0 0 5 2 4 2 1
   0 2 1 3 2 5 3 1 3 0 1 4 4 3 3 1 5 0 5 0 0 0 5 4 1 4 5 1 1 2 1 3 4 3 3
   0 3 3 3 5 3 0 3 2 0 1]
  [0 4 0 0 4 0 3 1 3 3 2 0 4 3 3 1 3 0 3 1 2 5 3 1 2 3 5 0 4 1 0 2 1 1 2
   2 1 2 3 0 0 3 5 3 1 0 3 5 1 2 2 3 0 3 1 0 5 4 4 0 0 3 4 5 0 3 0 1 1 1
   3 0 5 0 3 4 3 2 1 3 4]
  [0 3 4 3 4 5 2 2 4 5 4 2 4 5 4 1 3 3 3 2 4 2 5 5 0 0 0 3 1 3 4 0 5 4 5
   2 0 0 4 0 5 1 2 2 4 2 1 0 0 0 1 5 0 5 1 5 4 4 3 2 2 0 3 5 5 5 0 2 3 2
   2 5 5 0 5 4 2 5 4 0 4]
  [0 4 4 5 5 5 0 4 5 5 1 1 2 2 4 1 3 3 5 3 2 1 5 5 1 3 2 0 5 5 1 5 0 5 0
   4 4 3 4 2 4 3 3 4 2 3 5 1 0 2 5 0 2 0 1 3 2 5 5 3 3 1 3 5 1 3 3 2 3 3
   5 3 2 1 4 3 2 5 5 0 1]
  [0 4 2 2 1 4 3 0 1 0 4 3 2 4 0 5 0 2 4 4 0 1 3 1 1 3 2 4 2 1 0 0 0 0 0
   0 3 5 5 5 2 0 4 5 5 1 1 2 1 2 1 5 5 0 1 0 2 4 5 2 4 3 1 2 0 1 2 1 4 4
   3 1 2 5 2 3 1 3 4 3 2]
  [0 0 3 4 1 2 4 2 2 2 3 4 3 1 3 2 4 1 5 4 3 0 2 4 4 3 5 4 4 1 2 2 2 1 0
   3 3 2 4 4 1 0 4 4 1 0 5 2 5 4 5 2 1 0 1 3 2 1 3 4 0 1 0 5 0 4 4 5 0 5
   4 5 0 0 3 2 1 4 2 2 0]
  [0 4 5 4 3 1 2 2 1 4 0 2 4 2 5 5 2 0 3 5 0 0 3 4 2 1 1 4 0 2 3 0 0 4 3
   0 1 5 3 3 4 2 5 4 0 2 2 5 5 4 1 1 2 3 1 3 2 5 3 2 5 2 2 0 0 3 3 3 4 3
   3 4 1 2 2 2 2 4 1 3 4]
  [0 1 5 3 4 1 5 3 4 4 0 5 2 4 4 1 4 5 2 3 1 4 2 5 0 4 3 4 2 4 5 4 3 4 0
   3 0 2 2 4 1 5 3 4 2 4 3 5 4 1 1 4 1 3 1 5 2 4 0 5 3 0 4 3 5 4 0 0 5 3
   0 5 5 1 0 2 3 5 4 0 5]
  [0 5 5 1 4 1 4 3 5 4 4 5 0 5 4 0 3 2 5 4 5 4 0 0 1 4 2 1 0 0 2 1 4 2 4
   4 1 0 5 5 5 1 3 1 0 5 0 4 2 0 5 3 4 4 5 0 0 5 2 0 4 0 1 4 5 4 3 1 1 0
   0 3 0 2 1 5 3 5 3 1 0]
  [0 5 1 4 1 3 1 3 4 0 1 1 3 4 3 4 5 4 1 3 3 4 2 1 0 2 4 4 4 5 5 2 2 3 0
   3 0 5 0 5 2 1 1 5 0 5 0 3 4 0 1 4 1 3 0 1 3 3 0 5 1 2 0 1 3 1 0 3 2 2
   5 4 2 0 4 5 5 1 2 1 3]
  [0 3 3 2 1 2 5 1 5 0 2 3 2 0 0 0 5 4 4 5 3 1 2 2 0 2 5 5 5 0 2 1 4 3 5
   3 1 3 5 0 4 3 3 4 0 0 0 3 1 0 2 4 5 5 0 2 0 1 5 1 4 4 4 2 3 0 3 4 3 2
   3 4 5 2 2 4 3 1 2 4 2]
  [0 0 1 4 3 0 3 4 2 3 0 5 0 3 1 5 4 0 4 5 0 1 5 5 5 4 0 4 2 3 3 2 2 5 1
   2 3 0 4 4 0 3 3 0 3 3 0 1 1 2 5 5 5 0 0 3 5 0 4 0 1 2 2 5 2 0 5 2 2 5
   4 2 3 1 3 2 1 5 1 2 1]
  [0 5 3 2 5 3 1 1 4 5 4 3 3 3 4 2 2 1 1 2 3 0 4 1 5 3 5 3 3 4 0 2 0 3 4
   2 1 2 2 1 4 0 2 5 0 5 3 5 3 1 4 2 2 2 1 5 3 4 1 1 1 0 5 5 3 1 2 5 1 2
   2 5 0 5 0 4 4 1 1 2 3]
  [0 5 0 1 0 0 5 1 3 5 1 2 1 3 0 0 1 0 5 2 3 0 3 2 4 0 2 2 3 1 0 1 4 5 4
   1 0 2 2 3 1 5 0 2 4 3 4 1 0 1 3 3 2 1 2 3 3 2 2 5 2 0 0 5 1 3 0 2 1 5
   2 1 1 0 4 0 1 5 0 4 4]
  [0 4 1 3 2 0 0 3 1 1 5 4 4 2 4 2 2 0 1 3 0 4 4 2 0 5 0 1 2 3 2 4 1 4 4
   4 1 0 4 3 4 3 0 0 5 3 1 1 1 3 0 0 2 2 4 2 0 3 4 3 1 2 0 4 4 0 5 2 0 4
   2 2 5 2 5 3 4 2 1 1 5]
  [0 4 4 0 1 5 0 2 2 0 5 3 1 5 5 2 0 4 2 1 0 0 5 3 2 1 0 4 0 3 4 5 5 1 1
   5 0 0 4 0 4 4 5 5 0 0 1 4 5 2 2 2 4 0 5 0 5 1 0 0 5 1 3 1 5 2 4 1 4 2
   5 0 3 0 5 5 2 2 5 0 0]
  [0 2 3 3 3 5 1 0 0 5 0 3 1 3 3 1 5 0 0 1 0 1 5 5 2 2 3 0 4 1 5 3 5 0 4
   1 1 4 3 3 4 4 1 2 3 0 0 3 3 4 1 3 5 1 4 4 2 2 4 5 2 2 0 4 5 0 2 4 0 2
   3 0 4 4 2 5 5 1 1 0 5]
  [0 3 3 2 4 5 3 2 2 2 1 1 2 5 0 4 5 5 4 2 5 5 4 1 1 4 3 0 1 5 1 2 5 4 2
   0 1 4 5 4 4 1 4 3 4 5 0 4 2 3 1 2 0 1 2 1 0 4 2 3 3 0 2 1 0 3 0 2 5 1
   5 4 2 4 0 2 4 4 3 5 4]
  [0 4 0 5 2 3 5 3 1 0 4 4 1 3 4 1 2 2 5 5 1 4 3 2 0 4 3 3 2 0 1 1 1 4 5
   0 3 0 3 2 0 3 3 3 4 2 4 0 3 4 3 1 1 3 5 5 1 5 1 5 0 3 3 1 5 5 2 2 4 2
   3 5 3 2 1 0 1 0 5 0 2]
  [0 1 4 1 0 3 4 1 0 1 2 4 0 4 4 4 1 3 1 1 0 5 5 0 0 4 3 2 0 4 1 3 2 4 2
   1 5 2 1 2 4 5 3 0 0 2 0 0 0 1 4 2 0 5 2 1 3 3 0 1 1 3 0 1 1 2 1 0 3 1
   4 1 5 1 0 3 5 2 4 3 3]
  [0 0 2 1 1 4 3 1 2 2 0 5 5 1 4 1 3 2 2 0 1 1 2 3 4 3 3 4 5 5 5 1 3 1 4
   4 3 1 1 3 3 3 5 3 3 4 2 0 2 0 0 2 5 4 3 5 1 3 4 4 3 0 1 2 3 5 3 2 5 5
   4 4 3 5 1 1 2 3 2 2 3]
  [0 1 4 2 5 1 3 1 3 2 5 4 2 0 2 5 5 5 0 1 1 2 1 5 5 5 1 0 0 3 3 5 0 4 0
   5 5 5 0 2 3 5 4 1 1 4 4 5 2 2 0 5 4 2 1 3 5 3 2 1 1 3 4 1 5 4 4 1 3 4
   5 1 5 4 0 5 4 3 0 3 5]
  [0 0 2 4 1 3 4 2 0 5 2 4 3 2 1 0 1 5 2 0 3 0 4 0 2 3 3 2 5 5 4 4 4 2 5
   2 4 2 4 3 5 2 4 0 0 5 3 3 4 0 5 0 3 2 5 2 2 0 1 0 2 2 5 0 1 4 3 3 5 4
   2 5 2 0 3 5 4 3 5 0 3]
  [0 3 4 1 0 1 1 4 3 3 1 3 4 2 2 5 0 0 2 3 2 2 3 2 0 4 2 3 5 3 3 0 3 4 3
   3 3 4 5 2 0 3 0 3 1 4 1 4 5 0 0 5 0 5 3 4 0 5 4 4 2 4 5 5 2 2 3 4 3 5
   5 4 2 2 1 4 4 5 4 3 4]
  [0 5 5 1 4 1 4 3 0 1 2 3 3 0 3 0 4 2 4 2 2 0 2 0 2 1 5 0 0 0 1 3 4 1 5
   1 2 0 0 5 5 5 0 2 3 5 1 0 0 0 5 1 1 0 4 4 5 4 1 0 5 3 2 3 0 3 3 2 2 3
   2 1 4 0 2 1 5 0 5 3 2]
  [0 0 3 5 3 2 3 0 4 0 1 3 3 5 1 1 5 5 0 0 1 3 5 0 1 3 3 5 1 5 3 4 3 5 0
   3 1 0 1 0 4 1 3 2 2 5 2 5 2 0 1 3 0 3 0 1 0 4 1 4 0 1 3 1 4 5 2 0 3 1
   1 2 4 2 0 4 3 1 3 1 0]
  [0 5 0 4 3 4 2 5 2 0 5 2 4 0 5 3 3 4 5 3 3 5 1 2 0 0 5 4 4 2 4 5 0 1 1
   4 3 0 0 3 4 2 5 2 0 4 3 2 3 1 3 2 5 3 3 0 1 5 3 3 0 4 3 3 2 0 0 0 1 3
   1 1 0 5 2 1 4 2 3 2 2]
  [0 2 1 5 5 2 1 4 2 5 1 5 0 3 3 2 4 4 1 2 5 2 1 3 1 1 5 2 3 1 4 3 2 0 2
   0 5 2 4 5 5 4 0 1 0 1 2 0 1 4 2 1 2 1 2 5 0 5 1 1 4 4 3 3 1 5 2 3 5 1
   3 1 4 3 1 0 1 4 2 2 5]
  [0 4 3 0 2 4 3 0 0 5 0 4 5 0 5 4 0 0 3 1 0 2 0 0 0 3 2 1 3 0 1 1 3 0 3
   0 1 1 0 4 5 3 4 5 1 5 4 3 3 0 2 4 5 3 5 3 0 0 2 2 1 0 2 1 3 0 5 5 2 0
   2 2 4 1 1 0 5 4 5 4 1]
  [0 5 3 2 5 3 5 3 5 4 1 3 5 4 0 2 1 1 2 4 5 0 0 5 4 0 3 4 4 1 0 0 1 4 0
   0 1 5 0 4 4 5 0 5 4 5 3 2 4 0 2 3 0 3 3 4 3 1 0 0 2 4 3 4 4 1 0 3 0 5
   4 5 2 2 4 4 0 2 4 4 4]
  [0 1 4 3 3 3 0 3 1 2 5 3 4 3 1 3 1 2 4 2 5 2 0 3 5 0 2 4 2 3 3 4 1 3 0
   0 3 5 3 5 0 2 0 5 4 1 3 3 4 0 5 1 1 5 2 0 2 4 1 0 5 2 1 2 4 4 3 5 3 5
   1 5 4 5 5 4 4 2 3 2 1]
  [0 3 5 1 5 5 3 1 4 2 3 4 3 3 2 5 2 3 2 3 2 1 5 1 3 1 5 4 4 5 2 0 2 5 1
   2 0 1 5 0 0 1 0 3 0 3 0 0 3 3 4 3 4 1 3 1 1 4 2 1 0 0 4 5 1 2 2 0 0 4
   1 3 2 3 1 3 5 0 5 5 0]
  [0 1 5 4 2 4 5 4 4 4 3 5 4 0 1 4 2 3 0 3 2 1 5 1 2 4 3 4 2 5 4 5 2 5 5
   4 4 3 0 1 2 5 3 3 5 2 2 5 3 2 2 5 3 5 1 0 3 4 3 2 5 0 4 4 4 3 3 1 4 4
   2 4 0 4 1 4 4 0 3 1 3]
  [0 0 5 3 1 2 2 5 2 4 4 4 3 4 3 5 4 0 3 4 1 2 5 1 5 1 1 1 0 0 3 2 2 3 5
   5 1 5 2 2 4 3 1 4 2 0 2 5 3 5 0 1 5 2 1 5 1 5 4 5 2 0 0 0 2 4 1 5 2 0
   4 1 3 1 1 2 4 5 4 3 4]
  [0 1 0 5 0 3 1 5 2 3 0 3 2 5 0 4 5 4 4 4 2 5 4 3 2 0 0 1 1 5 2 4 0 2 5
   4 5 4 2 0 0 4 1 3 1 4 5 3 4 1 0 2 5 5 3 0 0 0 2 4 1 4 2 0 5 3 5 5 3 1
   1 0 4 4 3 5 2 3 1 1 3]
  [0 1 5 4 2 5 1 4 0 0 3 5 5 2 1 5 0 0 1 3 0 4 0 2 4 0 5 5 5 4 3 2 1 1 4
   1 0 3 3 3 1 5 0 1 4 0 1 0 3 1 3 0 5 0 5 4 3 5 5 2 4 1 4 5 0 5 3 5 5 0
   4 3 0 0 4 4 1 4 5 3 2]
  [0 3 0 1 1 1 4 2 4 3 4 3 0 1 4 2 1 3 0 2 0 4 0 3 2 4 1 1 4 4 3 5 2 4 1
   2 1 0 3 1 1 5 5 1 1 5 4 3 2 2 2 2 1 2 3 0 4 1 5 2 3 4 3 3 5 0 5 1 2 4
   2 0 0 0 5 4 3 0 2 4 2]
  [0 4 3 2 5 4 0 2 5 5 3 0 0 2 5 2 4 2 0 1 4 2 1 4 4 0 3 3 3 0 2 1 2 3 1
   4 0 3 5 4 5 0 0 2 5 0 5 2 1 3 1 1 4 1 1 4 2 0 4 2 2 1 2 5 3 4 0 3 1 4
   2 5 0 1 5 2 1 5 1 4 4]
  [0 3 2 2 4 3 4 1 1 4 1 1 4 1 4 4 1 1 5 3 2 4 1 4 2 4 0 3 4 2 2 4 0 0 3
   2 2 3 4 5 2 2 5 0 3 5 5 1 1 0 1 5 1 3 1 1 4 1 1 0 3 4 2 5 0 3 1 0 0 5
   3 2 4 3 0 4 5 1 1 5 1]
  [0 3 3 0 3 2 4 1 1 3 0 0 1 3 5 2 2 5 0 2 3 5 5 5 5 0 0 3 1 0 1 2 5 0 1
   1 3 5 5 4 5 0 2 0 4 1 4 3 4 1 4 0 1 3 4 4 5 2 3 1 4 0 5 2 5 2 4 0 0 2
   1 4 1 0 1 1 0 2 5 0 0]
  [0 1 5 3 0 4 5 5 1 0 3 3 0 4 5 3 2 4 5 1 3 1 5 1 4 2 0 4 1 1 5 0 0 0 3
   5 1 0 5 5 5 5 3 2 2 2 4 4 5 5 1 1 2 1 2 1 3 3 1 1 2 0 3 3 0 1 3 0 0 0
   0 0 2 5 0 4 3 2 1 3 0]
  [0 3 3 3 1 5 5 1 0 5 1 4 4 3 4 1 2 3 2 1 5 5 0 0 3 4 0 3 3 5 3 3 5 0 2
   4 2 0 3 2 1 4 4 3 0 4 2 1 4 2 0 2 3 2 5 0 0 1 1 5 3 2 2 5 3 1 4 4 1 5
   0 4 3 4 3 0 2 1 0 0 1]
  [0 1 3 0 4 2 2 3 4 2 0 4 2 1 4 0 0 4 5 1 3 3 4 5 4 5 4 3 2 4 4 4 0 2 0
   0 0 3 0 5 3 0 0 5 4 2 1 4 2 2 3 2 1 4 5 0 5 1 4 2 0 3 5 2 1 4 5 4 2 2
   1 0 0 0 4 5 0 5 3 0 5]
  [0 4 5 3 4 5 1 2 1 3 3 1 5 1 2 3 4 1 3 5 4 5 3 3 3 1 4 5 5 5 0 5 2 2 2
   4 1 2 0 1 5 5 3 2 1 5 5 3 1 5 4 4 2 0 1 5 1 1 5 3 0 1 4 3 4 2 0 2 2 2
   1 0 0 5 0 2 1 1 1 2 5]
  [0 0 2 1 5 1 0 3 1 1 5 0 4 3 2 3 4 5 2 4 1 4 3 0 4 1 3 3 4 0 0 3 0 2 5
   3 0 3 3 2 4 5 0 5 1 3 4 4 0 2 0 0 2 0 3 4 2 3 2 2 3 0 0 5 5 3 2 5 3 4
   3 1 0 0 4 0 5 1 5 0 0]
  [0 2 5 0 4 4 2 2 3 0 1 3 0 1 1 3 0 0 1 0 4 4 0 1 1 1 2 1 5 1 5 4 4 5 3
   4 4 0 1 5 1 5 3 4 3 3 5 5 1 2 3 0 5 2 0 0 4 2 0 4 0 1 4 3 3 0 5 4 5 2
   0 2 2 5 0 4 5 3 5 2 2]
  [0 4 2 2 1 2 0 3 3 0 4 5 2 2 5 2 1 0 0 5 0 4 1 0 5 5 2 5 3 2 0 3 1 3 2
   2 0 1 4 3 3 5 0 1 1 1 4 2 3 3 3 3 2 1 0 2 3 5 2 1 2 4 1 3 4 5 3 4 4 2
   0 1 2 2 3 0 5 4 3 0 0]
  [0 4 1 2 2 4 0 2 2 4 0 3 3 1 4 3 5 2 0 0 5 1 1 4 1 0 3 5 4 2 3 0 5 2 5
   5 1 0 1 5 1 4 1 2 1 5 3 5 2 2 3 5 0 0 2 3 3 5 5 5 3 3 2 1 0 4 1 5 4 2
   3 5 3 4 1 1 0 3 2 2 3]
  [0 4 2 2 5 0 2 1 2 1 4 2 0 0 2 3 0 3 5 1 1 1 0 5 3 5 5 4 3 5 3 5 2 4 1
   3 2 2 2 1 0 1 4 4 2 5 1 4 5 5 0 3 3 3 0 0 3 0 0 3 2 1 4 0 2 4 2 0 4 2
   2 1 5 0 5 3 2 0 3 1 2]
  [0 4 4 2 0 5 5 5 5 4 5 4 0 4 1 0 5 3 3 1 4 0 4 3 0 0 0 1 0 1 1 1 1 1 0
   1 4 3 1 1 2 1 2 4 3 0 4 2 1 3 5 2 3 4 1 0 5 3 0 4 1 5 0 2 4 3 5 3 1 1
   0 5 0 0 1 5 3 3 0 3 4]
  [0 0 1 3 3 2 2 5 4 4 2 2 1 0 5 2 2 4 3 1 5 0 1 1 3 1 0 4 3 1 4 3 5 3 3
   4 4 4 4 2 4 0 0 0 2 2 3 4 1 1 0 4 1 5 0 3 3 3 0 0 0 0 0 5 4 1 1 0 3 3
   1 0 2 5 0 4 5 5 2 0 0]
  [0 1 5 5 4 1 0 0 0 2 0 5 0 0 1 1 0 2 1 1 0 1 0 0 4 0 5 0 1 3 4 4 3 4 3
   1 2 4 5 1 3 4 5 5 3 1 2 0 2 3 2 0 3 4 1 3 3 0 4 1 2 1 5 4 0 2 3 0 5 5
   4 1 3 0 3 1 0 3 1 2 0]]

 [[0 3 3 2 5 0 2 5 4 1 2 1 0 1 3 0 2 1 4 5 1 0 3 5 1 2 0 4 2 1 4 3 1 5 5
   3 2 2 0 5 4 2 0 1 0 0 3 5 2 5 2 3 1 4 4 4 2 2 4 2 5 4 0 2 0 0 2 4 2 0
   2 1 2 2 0 5 5 0 2 5 4]
  [0 0 5 4 3 3 4 4 0 1 2 4 3 0 1 1 0 5 4 1 4 2 1 2 2 1 2 4 4 0 0 2 1 0 1
   4 5 4 2 4 2 0 3 2 1 5 2 2 0 1 5 1 2 4 5 1 3 4 3 2 2 1 2 4 5 1 5 5 3 1
   1 3 1 1 4 1 2 5 2 5 2]
  [0 1 0 1 5 4 2 5 0 5 4 5 1 4 2 0 2 5 2 5 0 5 2 5 5 5 0 1 2 5 1 2 0 5 0
   0 4 2 3 5 1 4 4 3 2 0 0 4 0 3 5 0 4 0 5 3 1 5 0 0 0 4 0 5 1 0 1 2 0 0
   1 2 3 5 5 5 0 5 5 0 0]
  [0 2 2 0 2 5 3 4 4 2 3 3 3 5 3 2 4 3 2 1 4 2 0 5 3 4 0 1 3 1 5 0 2 1 2
   1 0 5 3 5 4 4 0 2 1 2 5 0 3 3 0 2 5 5 3 4 0 2 5 1 1 3 5 3 1 5 0 5 2 0
   4 0 3 1 4 1 0 1 2 2 2]
  [0 2 3 0 0 3 4 4 5 1 3 1 4 2 2 0 5 5 2 2 5 2 4 4 3 1 1 2 1 3 4 5 2 5 3
   3 3 3 4 3 4 3 5 3 0 0 1 3 5 2 5 0 3 1 2 4 1 4 0 4 1 5 1 5 1 2 5 2 2 0
   1 1 0 1 1 4 5 1 2 0 1]
  [0 1 3 4 4 0 5 4 5 0 2 5 1 4 2 3 0 3 5 1 2 1 5 3 4 1 4 3 5 3 3 0 3 4 4
   3 1 4 0 1 3 4 5 5 5 5 5 4 5 3 5 2 0 0 3 3 0 1 2 3 2 0 5 5 3 5 1 1 1 0
   0 5 4 2 1 0 2 0 0 0 0]
  [0 2 5 0 2 2 0 0 5 5 0 4 1 0 0 2 5 3 3 3 4 4 3 2 2 1 0 3 4 4 3 0 3 3 4
   1 2 2 2 2 0 4 0 0 2 2 4 0 3 0 1 5 2 0 3 3 5 2 3 2 1 1 2 3 1 0 2 0 2 1
   3 5 3 2 4 1 5 1 5 1 0]
  [0 3 5 1 1 2 2 0 2 5 5 5 3 2 3 0 1 4 3 0 0 3 3 4 0 2 3 3 3 0 1 3 4 0 2
   5 5 3 5 2 2 0 5 4 5 3 5 4 0 0 4 4 1 4 5 0 1 3 0 0 0 2 0 4 2 1 1 3 1 1
   5 0 1 2 4 2 0 3 1 3 2]
  [0 5 5 4 0 1 2 5 0 5 3 3 3 2 0 3 0 3 3 1 3 2 4 0 1 1 5 5 2 3 4 4 4 1 0
   5 1 4 2 1 1 4 3 3 2 2 1 3 5 0 1 1 0 4 1 0 0 5 2 5 2 4 0 2 3 3 4 0 1 1
   0 4 1 5 3 2 4 1 0 0 3]
  [0 2 3 4 3 4 2 3 2 0 3 3 5 4 2 3 4 3 2 4 2 2 4 3 2 4 4 3 5 3 0 4 0 4 4
   4 2 1 0 0 3 4 2 1 1 4 5 1 1 5 1 4 0 1 0 1 0 0 1 5 4 2 1 1 5 4 0 0 0 5
   5 4 5 2 3 0 3 2 4 4 4]
  [0 5 0 2 2 2 0 3 5 5 0 4 0 4 5 2 3 3 5 4 4 4 0 3 4 1 1 1 2 0 0 2 4 5 3
   5 0 0 1 2 2 1 0 1 2 0 1 2 4 0 1 1 2 0 1 3 2 4 2 5 2 1 1 3 3 3 5 2 3 3
   2 5 5 5 2 1 4 0 2 1 2]
  [0 0 3 3 1 0 5 2 3 1 5 0 5 5 3 3 2 0 0 3 0 0 2 2 5 0 1 0 2 3 4 0 2 3 3
   5 0 2 3 5 2 2 5 2 2 2 1 1 5 0 0 0 5 4 2 0 4 1 3 4 5 3 0 3 3 5 2 3 1 4
   2 4 5 4 2 0 1 5 1 0 3]
  [0 5 1 1 3 3 2 3 0 0 1 5 0 1 1 3 3 1 3 3 5 3 5 1 4 5 5 5 0 2 3 5 5 4 4
   3 0 3 2 5 3 4 1 0 3 3 4 0 5 0 0 5 3 1 4 1 1 1 0 4 2 0 4 5 2 4 0 4 0 3
   3 1 2 2 1 3 2 4 5 4 5]
  [0 3 2 1 4 5 5 4 0 4 5 5 3 0 3 1 0 5 3 1 3 3 2 1 4 4 5 5 2 3 3 2 5 4 5
   0 0 4 4 0 5 1 5 0 2 2 5 5 2 0 2 2 2 3 5 0 0 3 3 4 3 1 1 0 0 2 5 2 0 2
   3 2 4 2 5 3 2 0 4 3 3]
  [0 5 1 2 2 3 4 3 3 0 4 2 5 0 0 1 2 2 1 5 2 5 5 2 5 4 1 0 0 0 5 1 3 3 3
   0 4 3 0 0 4 1 5 4 1 5 3 4 4 3 1 1 5 2 2 2 5 3 4 2 0 0 3 1 1 2 1 2 2 1
   2 2 5 5 5 0 3 2 2 2 4]
  [0 3 1 4 3 3 2 3 1 0 2 3 5 3 2 0 2 1 4 5 0 5 2 2 3 0 2 5 0 2 1 5 4 1 0
   0 4 2 4 1 3 0 1 5 4 2 3 3 1 1 5 0 1 1 5 5 3 4 3 4 3 2 5 1 4 4 4 2 2 5
   0 4 4 5 5 1 4 5 0 0 1]
  [0 5 4 4 1 5 2 4 2 3 0 4 4 0 5 1 0 5 1 0 4 4 4 5 5 1 4 2 5 4 4 0 5 5 0
   5 2 3 2 0 0 2 3 1 4 1 0 2 2 1 2 4 2 2 0 4 0 1 2 5 1 5 2 0 1 4 4 2 1 3
   1 1 0 0 5 0 4 0 2 2 1]
  [0 0 5 5 4 3 2 4 0 0 0 4 1 3 4 5 4 0 5 2 4 5 4 1 2 5 4 2 5 5 5 3 1 4 4
   5 3 0 4 0 4 1 1 4 5 1 4 1 5 0 0 1 2 0 3 2 1 5 2 5 5 1 5 0 5 5 3 4 1 4
   3 5 2 5 2 1 1 2 0 0 5]
  [0 4 2 3 5 2 5 1 3 2 0 0 2 2 1 0 2 1 0 5 3 1 4 5 3 0 3 4 4 2 1 0 2 5 4
   4 4 5 1 1 3 1 4 3 2 1 1 5 1 3 3 4 5 4 4 2 4 4 0 1 4 2 5 2 2 0 5 3 2 3
   0 2 1 5 5 4 2 5 5 5 3]
  [0 5 3 2 2 5 0 1 0 0 5 2 3 0 5 5 3 2 3 0 0 1 2 3 5 0 3 2 5 5 3 1 4 2 0
   5 3 2 1 5 0 1 2 4 5 1 2 1 1 1 2 3 5 4 0 2 2 5 5 0 2 4 0 1 3 2 1 3 3 5
   3 5 2 5 5 3 4 5 5 0 2]
  [0 1 3 0 3 2 0 4 1 1 5 3 4 3 3 4 5 0 5 2 0 3 4 3 5 5 1 0 5 3 1 0 4 4 3
   4 5 0 5 1 2 4 0 3 4 3 1 0 2 5 4 5 2 2 4 2 5 1 2 4 2 1 2 5 3 1 5 0 1 2
   0 1 3 4 2 4 4 3 5 1 3]
  [0 4 3 0 2 3 4 5 2 3 2 5 2 1 5 5 2 0 1 3 0 0 5 3 0 5 4 1 0 0 2 0 1 1 3
   2 1 1 1 2 3 1 2 0 5 4 0 3 1 1 5 0 2 1 2 4 1 5 4 1 4 3 3 4 0 0 0 2 1 0
   3 0 1 0 2 0 1 3 3 0 3]
  [0 4 0 3 2 4 3 0 1 0 0 1 1 2 2 0 4 1 0 1 5 4 0 5 4 1 0 1 3 1 5 5 0 2 4
   2 3 1 2 2 0 1 2 5 0 5 5 5 4 0 2 5 5 0 1 1 5 4 3 1 5 0 4 2 3 3 1 2 4 5
   5 2 4 3 0 3 3 5 0 1 3]
  [0 3 0 5 2 5 1 4 2 0 3 2 1 1 5 5 4 1 4 2 5 4 2 0 2 2 2 2 2 3 1 4 4 0 2
   4 1 1 3 0 0 4 5 5 2 4 0 0 0 3 2 5 1 4 4 0 1 3 0 3 1 1 5 5 0 4 3 1 3 0
   4 2 3 4 5 4 3 3 2 2 2]
  [0 0 0 3 0 3 1 2 2 1 4 1 1 0 4 2 5 5 3 1 3 4 4 2 0 5 2 5 5 2 1 3 4 3 4
   1 2 2 0 0 4 3 4 4 0 1 5 0 3 5 5 3 0 2 2 5 4 0 3 0 1 1 2 2 3 3 0 2 5 5
   2 1 5 0 0 0 4 0 2 3 4]
  [0 5 5 4 1 5 3 3 2 3 4 4 4 3 5 5 5 5 2 4 3 0 3 4 1 0 2 1 1 3 1 5 4 3 4
   5 4 3 5 2 5 4 4 4 0 3 4 4 2 1 4 3 4 4 4 4 2 1 4 0 3 1 4 3 4 3 5 0 1 2
   5 1 1 2 5 0 3 2 2 0 1]
  [0 2 2 2 1 2 1 0 2 1 2 1 3 5 3 5 5 5 1 4 5 3 0 5 3 3 0 1 1 5 2 2 1 3 4
   0 1 2 1 5 1 5 3 4 2 0 1 3 3 2 5 2 2 3 0 0 2 3 3 0 4 5 5 4 0 1 2 1 3 3
   0 5 4 4 1 2 1 4 4 5 2]
  [0 0 1 3 4 5 5 4 4 1 0 0 3 5 3 0 2 4 3 1 0 2 3 0 2 4 5 0 0 3 1 3 1 0 5
   2 0 4 4 5 3 2 2 1 2 3 2 0 0 5 4 5 2 3 3 5 3 4 3 0 0 1 4 0 3 4 0 1 3 5
   0 1 2 1 4 2 2 5 0 1 3]
  [0 4 0 0 1 4 5 0 4 3 5 4 2 1 4 1 5 1 1 1 0 4 3 0 5 3 2 3 0 0 1 5 3 5 1
   0 5 2 0 0 0 5 5 3 1 4 1 3 5 5 2 0 4 0 5 5 1 2 5 4 2 1 2 3 0 5 3 4 1 5
   5 1 2 5 2 3 4 4 1 3 4]
  [0 3 1 4 1 2 1 0 5 2 2 4 0 4 2 0 4 5 1 2 4 2 3 5 5 5 2 2 2 0 2 2 3 3 5
   5 1 5 2 1 2 3 1 0 0 1 4 2 0 5 3 3 1 1 2 0 4 0 3 0 0 0 5 3 0 5 3 1 1 0
   4 0 2 2 5 4 2 3 4 5 4]
  [0 0 1 2 5 3 2 3 3 5 0 3 4 0 3 3 1 3 3 1 5 1 0 5 1 0 4 1 2 4 0 5 2 0 2
   2 1 2 5 4 5 1 1 4 4 5 4 1 2 4 3 5 1 0 4 5 3 4 3 0 1 4 3 5 2 1 4 4 4 2
   1 4 0 5 4 4 3 4 4 3 3]
  [0 2 2 1 2 0 0 5 0 5 5 4 3 1 1 2 5 4 2 0 3 2 3 2 4 1 3 2 0 2 5 0 1 3 0
   4 4 3 4 1 2 3 4 0 1 3 0 4 2 2 4 5 4 4 5 2 5 4 0 0 4 3 4 1 5 2 1 0 0 0
   3 5 5 4 5 5 0 0 4 0 2]
  [0 5 0 3 2 3 4 4 3 3 2 5 2 2 1 5 5 3 0 5 5 3 3 2 3 4 2 4 0 2 3 3 0 1 3
   1 3 5 2 1 3 0 2 3 1 1 0 4 3 5 1 1 5 0 5 0 3 3 3 3 2 5 2 5 0 5 3 5 3 5
   3 0 3 1 4 3 3 2 1 1 0]
  [0 0 2 4 4 2 1 1 0 2 4 3 3 4 2 2 4 1 3 5 3 2 3 1 4 2 5 2 3 1 2 4 3 0 2
   2 4 3 0 5 3 4 3 1 0 0 1 4 0 3 2 5 3 5 1 0 4 1 0 0 1 3 0 0 3 3 3 3 1 2
   5 1 3 2 0 3 1 4 0 3 0]
  [0 5 1 3 0 0 1 0 4 4 2 2 1 4 4 2 4 1 3 4 3 0 1 1 2 1 0 4 5 3 3 0 2 1 0
   4 0 1 1 4 0 1 1 3 4 2 2 1 2 3 3 1 1 1 0 4 5 3 4 2 3 5 4 4 2 0 2 1 1 0
   3 5 0 1 1 1 5 3 5 4 1]
  [0 3 5 4 4 4 3 3 0 5 2 2 0 4 2 3 5 0 0 0 2 4 4 3 4 2 4 5 1 3 5 1 4 4 0
   0 2 5 3 1 3 0 2 0 4 1 1 2 2 5 5 1 5 2 4 4 4 2 0 4 3 2 2 3 0 5 5 3 2 1
   0 1 3 0 3 2 4 3 2 3 5]
  [0 3 5 2 1 3 0 0 1 2 1 1 2 0 4 4 3 4 1 3 4 0 2 2 0 1 5 0 2 0 5 4 2 0 5
   3 0 1 5 0 0 5 4 5 5 2 2 0 5 2 5 5 4 2 4 4 3 1 3 3 4 3 4 2 4 5 5 1 0 1
   3 3 2 5 1 0 1 1 0 4 2]
  [0 1 0 3 5 4 1 2 3 3 1 1 4 4 4 0 3 5 1 3 5 5 4 3 5 0 4 3 0 1 2 3 0 1 1
   1 0 0 1 4 3 4 3 2 3 4 0 3 5 3 4 5 3 3 0 0 3 2 0 2 1 2 3 4 3 3 5 4 3 1
   1 2 3 1 1 4 0 2 1 4 1]
  [0 4 3 2 5 0 1 4 3 0 4 0 4 3 3 5 2 1 0 0 3 0 3 1 1 0 5 4 0 5 4 3 2 4 3
   1 4 0 0 3 5 3 5 1 5 5 2 3 5 4 4 1 0 0 3 4 4 2 4 0 2 2 5 3 4 1 3 1 4 0
   5 2 0 0 2 0 0 3 2 4 5]
  [0 5 5 3 0 5 2 0 2 5 3 5 3 1 0 0 1 2 0 0 2 0 1 0 4 3 5 5 3 0 0 3 3 0 5
   3 3 1 1 0 2 3 5 1 1 1 1 5 2 1 1 4 3 0 1 1 1 5 4 1 5 0 5 3 4 3 2 1 5 5
   4 1 4 5 3 2 1 4 4 2 3]
  [0 1 2 1 0 0 2 4 2 3 2 4 2 4 2 5 5 2 2 2 1 5 0 1 3 5 0 1 4 2 0 3 5 1 3
   4 5 0 2 4 0 1 4 1 3 1 3 0 4 5 0 4 3 5 2 4 0 2 1 2 4 1 1 1 1 3 3 3 2 5
   3 5 0 1 2 3 2 5 3 3 5]
  [0 4 0 0 0 0 1 1 0 3 5 1 4 4 5 2 4 2 1 5 5 4 0 1 1 4 2 1 4 3 1 2 4 0 5
   0 1 5 0 2 4 0 1 1 2 4 3 2 5 1 2 0 3 3 5 0 1 5 0 4 2 2 2 0 2 0 2 2 2 2
   3 3 2 5 3 0 5 1 1 5 1]
  [0 3 5 5 0 4 1 2 2 1 2 4 4 2 4 1 5 4 4 5 2 4 0 1 3 3 2 2 2 5 1 5 2 1 2
   1 3 2 2 5 0 0 0 0 5 3 3 4 5 5 5 2 0 5 4 5 2 2 5 5 3 5 3 3 3 0 2 5 0 1
   4 0 4 3 2 1 5 5 1 5 3]
  [0 2 1 2 5 5 0 4 0 2 2 5 4 1 1 1 0 0 0 0 2 4 5 1 1 2 4 5 1 4 1 2 5 4 2
   2 5 4 4 4 3 1 4 0 2 5 4 5 5 1 5 3 1 1 0 3 2 4 1 4 5 4 1 0 1 2 1 0 5 5
   2 5 2 5 5 1 5 3 0 5 3]
  [0 1 3 1 1 5 0 2 0 2 2 0 4 4 4 4 5 1 3 3 2 4 1 0 3 3 2 0 0 1 3 4 4 4 0
   0 2 5 1 5 3 4 0 4 0 5 0 0 4 1 4 4 3 5 3 0 4 0 4 3 4 3 1 2 3 2 3 1 1 5
   5 1 1 0 1 0 3 1 4 4 1]
  [0 4 4 0 4 5 1 4 1 2 3 1 1 1 5 5 2 0 4 4 4 4 3 1 1 1 1 3 1 3 3 2 4 0 0
   0 1 1 1 3 1 3 4 5 1 0 1 4 5 4 1 3 1 2 4 1 5 0 3 2 1 2 2 0 0 2 5 5 2 2
   3 4 4 2 0 1 4 5 3 0 4]
  [0 4 4 3 4 0 5 1 0 2 4 4 0 1 1 5 5 5 5 3 2 0 3 0 4 0 0 0 5 2 2 1 1 1 5
   0 4 0 2 3 3 4 4 1 4 1 0 5 3 0 2 4 4 0 1 3 2 3 0 3 5 2 1 2 5 1 4 1 0 3
   1 4 5 0 1 2 2 0 3 2 4]
  [0 4 2 3 3 3 4 2 2 1 1 2 0 2 2 0 2 0 2 1 0 0 2 0 1 0 2 4 5 3 0 2 3 5 0
   1 1 1 4 5 0 0 3 5 0 2 0 0 2 5 1 1 0 0 3 3 3 1 1 2 5 4 0 1 3 1 3 3 2 4
   4 3 2 5 3 2 5 0 5 5 0]
  [0 0 2 5 1 4 3 2 5 0 0 5 4 3 5 4 0 0 1 5 3 2 5 5 5 1 5 2 0 4 5 1 4 3 4
   2 4 0 1 0 1 4 4 5 0 2 5 0 0 5 0 1 2 5 1 3 4 4 0 0 4 4 3 1 3 2 5 0 4 3
   2 4 3 0 5 4 3 0 4 3 2]
  [0 4 2 1 0 1 5 2 4 2 2 2 4 2 1 3 1 2 1 3 5 4 4 1 0 5 1 2 0 0 4 0 4 4 2
   3 2 5 2 1 2 4 3 0 5 1 1 1 4 0 3 2 3 1 4 1 5 1 4 4 4 0 5 0 3 3 1 5 5 4
   2 5 2 1 3 2 0 2 5 4 0]
  [0 3 1 3 0 2 2 1 3 0 0 2 4 0 1 4 0 1 3 5 1 0 3 2 1 1 2 1 2 2 5 3 0 4 2
   5 2 3 3 0 4 4 3 0 4 0 4 3 5 0 0 1 1 4 0 2 0 5 0 1 1 4 2 4 2 0 3 5 5 2
   1 5 2 5 5 4 2 5 0 3 3]
  [0 4 2 3 4 4 3 2 4 4 2 4 0 1 2 4 4 4 0 4 2 2 5 3 5 0 3 4 5 0 0 0 3 1 2
   0 3 5 3 1 5 4 0 2 4 2 2 1 0 5 1 0 1 4 5 5 0 2 2 2 1 3 3 1 1 2 1 1 1 0
   2 2 4 3 2 1 4 5 5 4 2]
  [0 5 2 3 1 5 3 0 2 5 2 0 5 3 3 2 4 0 5 3 2 5 2 5 5 5 1 5 4 0 2 4 3 4 2
   4 3 5 3 0 3 4 3 5 0 3 0 5 2 5 1 0 0 2 5 2 3 3 2 1 0 1 4 1 4 5 4 4 3 0
   3 5 0 3 4 1 4 2 1 2 2]
  [0 3 0 3 1 5 5 3 3 3 3 1 2 4 1 0 0 2 4 4 1 4 3 5 1 4 5 0 2 0 0 1 1 4 2
   1 4 2 5 0 5 0 3 0 4 2 2 2 4 1 2 0 2 0 5 4 2 5 5 0 5 2 4 1 4 5 0 0 2 4
   5 0 3 0 4 2 1 5 0 0 1]
  [0 0 5 1 1 2 3 0 2 1 3 0 5 0 1 2 3 0 0 3 1 3 1 0 2 3 5 0 2 3 3 2 2 3 3
   5 5 3 3 1 3 5 2 3 3 1 5 3 4 0 1 2 1 4 0 4 4 5 4 0 4 1 1 0 2 1 4 4 3 2
   4 2 5 4 0 0 3 3 5 3 1]
  [0 1 4 1 5 2 1 3 4 4 0 5 3 0 1 3 5 5 1 2 1 5 1 1 5 3 5 2 0 5 3 3 5 1 1
   1 2 5 3 5 0 5 3 3 5 3 2 3 5 1 1 2 2 2 4 0 2 1 5 1 5 2 5 5 4 0 4 3 5 0
   0 4 1 5 3 3 5 3 3 2 0]
  [0 4 1 4 0 5 5 5 4 3 4 3 3 5 3 5 5 5 4 4 1 1 5 5 1 4 4 0 4 2 3 4 1 4 4
   2 4 4 1 1 4 4 2 1 0 2 2 4 1 3 1 4 2 4 4 3 0 4 3 5 4 5 0 3 4 1 5 2 0 3
   5 0 3 2 4 1 1 0 4 2 3]
  [0 4 0 2 2 3 5 2 2 4 4 3 5 3 5 1 2 5 0 2 2 5 0 1 5 0 1 5 4 5 2 0 4 1 1
   3 2 2 5 5 4 3 0 2 2 3 3 1 2 0 2 0 3 2 0 2 5 0 3 3 1 1 0 3 5 4 0 2 0 1
   5 0 1 1 4 2 0 4 5 3 5]
  [0 0 1 4 5 2 1 3 0 4 0 3 0 0 5 1 3 1 5 2 5 4 3 3 2 5 1 3 5 5 1 5 4 0 2
   1 2 1 4 4 3 4 4 4 0 4 3 3 2 1 1 2 2 1 2 3 1 1 0 2 4 0 3 2 5 5 5 4 5 2
   3 3 5 1 0 4 3 2 0 0 3]
  [0 4 4 0 0 2 2 4 2 0 5 4 5 3 1 3 4 0 1 5 1 4 5 4 4 0 1 4 2 5 3 2 2 0 1
   5 0 2 2 1 4 2 5 4 2 4 0 2 2 4 5 1 4 4 5 0 3 0 3 0 2 4 3 0 2 3 4 0 5 2
   0 1 4 4 2 1 2 0 1 5 0]
  [0 5 2 2 1 2 5 1 2 3 0 4 3 4 4 1 5 5 0 2 2 2 2 1 0 0 1 5 1 5 1 0 3 2 2
   1 3 0 0 0 0 1 4 0 0 2 1 2 2 4 1 5 3 4 2 2 4 3 0 0 0 3 0 2 4 3 4 0 1 3
   0 3 3 3 1 2 4 2 5 0 5]
  [0 5 4 4 5 5 4 4 3 3 0 0 3 0 0 4 1 1 5 5 4 0 1 4 5 4 5 5 0 4 3 1 3 0 0
   2 5 0 1 4 0 5 4 3 1 3 2 3 0 1 3 5 0 0 3 2 2 4 4 2 3 0 5 2 5 2 1 5 5 2
   5 5 2 3 4 5 1 1 2 3 5]
  [0 5 4 1 0 0 4 3 2 0 4 5 0 4 4 2 2 5 5 0 3 5 4 1 3 4 1 5 2 2 3 0 3 2 0
   2 4 0 3 5 0 3 2 1 2 2 5 3 3 2 0 2 3 5 0 0 2 4 1 5 5 3 0 2 0 0 4 4 4 4
   4 1 3 0 0 1 5 1 1 0 4]
  [0 1 2 2 1 2 5 5 5 4 3 1 5 5 1 5 1 2 1 2 1 3 2 1 0 5 1 0 2 1 4 2 4 3 5
   4 1 5 1 1 3 4 1 4 0 4 3 5 5 2 4 4 3 5 5 5 4 4 4 2 0 4 4 0 4 0 0 3 0 3
   2 5 2 4 0 4 0 0 1 3 1]
  [0 4 0 3 5 4 3 0 0 2 3 0 5 4 0 1 5 5 2 5 2 5 2 1 3 5 2 5 3 1 4 3 1 3 3
   0 5 4 0 5 0 4 0 0 2 2 0 0 0 2 5 3 1 2 0 5 4 0 5 2 0 5 1 3 0 1 1 0 3 4
   1 0 4 4 2 4 3 1 0 1 2]
  [0 4 1 2 2 4 4 0 0 0 4 1 3 3 3 4 3 1 0 2 2 2 4 5 4 2 0 4 1 2 2 3 4 5 1
   0 5 2 5 4 2 5 5 2 2 2 1 1 5 5 3 2 3 0 0 5 0 0 3 2 0 2 0 3 5 0 0 0 2 5
   2 0 0 4 1 2 5 1 2 0 0]
  [0 0 1 2 0 4 3 3 3 3 3 5 0 5 3 1 5 4 1 1 3 2 5 3 5 4 0 0 2 5 5 1 1 0 3
   1 2 0 3 1 4 0 4 0 4 1 5 1 2 5 4 3 4 5 5 5 0 2 3 1 5 5 5 1 5 5 0 2 5 1
   5 5 5 3 4 5 3 1 5 2 3]
  [0 5 2 1 3 0 5 2 4 3 3 2 4 4 2 1 4 2 0 1 0 3 5 4 1 5 5 1 2 4 4 3 1 5 5
   5 2 5 1 3 3 0 4 2 1 3 3 3 2 1 5 3 1 4 4 5 2 2 3 0 5 3 4 3 2 3 0 0 0 2
   0 1 3 0 4 1 1 0 1 5 5]
  [0 4 0 4 4 1 4 2 2 2 1 4 2 1 1 3 1 3 4 1 3 5 5 2 3 2 4 3 2 0 2 0 5 5 5
   4 2 2 0 0 3 5 1 0 1 5 0 3 2 2 1 2 1 4 0 3 5 2 2 2 1 3 5 5 1 3 5 2 0 1
   5 4 4 1 2 0 5 5 5 3 1]
  [0 1 4 3 0 0 5 0 0 3 5 3 1 3 4 5 4 3 3 3 1 0 1 2 5 5 3 2 1 5 1 4 5 4 0
   1 2 0 1 0 1 1 1 1 5 0 2 1 1 2 5 4 0 1 5 2 3 1 1 5 5 3 3 3 0 0 5 2 1 0
   5 5 3 4 1 5 4 5 5 4 1]
  [0 5 5 2 1 4 0 2 1 4 0 5 5 3 2 2 1 1 4 5 0 5 5 0 4 5 0 5 5 1 3 3 2 5 0
   1 1 0 5 1 5 2 2 4 0 5 5 3 4 2 5 2 3 2 1 4 4 0 5 2 5 5 1 5 4 0 0 5 2 1
   0 0 5 5 5 3 4 1 0 5 1]
  [0 4 2 2 1 1 3 3 5 2 0 3 4 0 5 4 0 2 4 4 1 0 0 1 5 2 3 0 4 4 3 1 4 0 5
   5 5 4 4 4 2 5 2 4 5 0 4 2 2 3 1 2 3 4 2 0 5 2 3 2 2 4 1 5 2 1 4 1 3 1
   3 0 1 3 1 5 4 5 3 5 5]
  [0 2 3 5 1 2 1 2 1 5 0 1 3 4 4 1 2 3 0 5 3 3 4 4 4 5 2 3 0 4 2 0 5 3 3
   0 0 5 1 3 2 5 2 3 2 0 0 5 1 4 1 5 0 4 1 1 1 1 0 2 1 0 4 2 2 0 3 2 1 1
   1 0 0 3 1 4 3 2 4 0 2]
  [0 0 1 4 0 5 5 1 3 1 5 4 4 1 0 3 3 4 1 5 4 1 2 3 5 0 5 2 5 2 0 2 2 1 1
   2 3 4 5 5 1 3 2 5 4 5 5 5 1 1 0 5 0 2 3 5 5 2 0 0 1 3 3 1 5 5 1 5 4 4
   3 5 1 0 2 0 5 2 0 5 1]
  [0 2 5 2 4 1 3 3 0 2 4 4 5 4 4 5 3 4 5 0 2 4 4 3 5 1 5 5 5 5 1 1 0 2 1
   5 4 0 2 2 4 1 4 3 1 3 1 3 0 1 0 5 3 0 5 5 3 4 1 4 3 4 2 0 5 1 1 4 2 1
   5 5 3 2 0 5 3 5 1 3 1]
  [0 0 0 2 1 3 1 2 0 3 4 1 3 4 4 1 5 2 2 1 4 5 1 4 0 3 0 0 4 0 3 4 2 3 3
   2 1 4 4 3 3 2 1 0 3 0 5 1 3 5 1 4 0 5 4 2 3 1 1 2 1 1 1 3 1 2 0 1 1 2
   2 3 5 1 2 0 1 2 0 1 3]
  [0 0 0 0 4 3 0 0 4 4 3 2 3 4 5 0 2 2 4 4 1 5 5 2 0 5 2 1 1 0 4 3 1 1 0
   5 2 0 5 3 3 5 4 2 3 2 4 1 0 1 5 1 2 5 3 3 5 4 3 5 3 1 4 0 1 4 3 5 3 5
   4 3 4 5 2 3 0 3 0 1 4]
  [0 2 3 1 0 1 3 4 5 0 1 4 1 4 5 4 3 1 2 2 3 5 0 5 5 1 5 3 2 1 3 0 2 0 0
   1 4 2 1 5 3 3 2 1 1 1 5 2 4 1 3 1 4 0 5 2 5 3 2 5 4 4 2 4 1 5 4 2 2 4
   2 0 0 4 0 1 3 0 0 3 2]
  [0 4 3 5 2 3 5 3 3 2 2 3 1 0 5 0 5 3 4 2 4 1 4 1 2 2 5 0 2 3 2 4 5 0 1
   3 4 3 4 1 1 0 4 2 5 4 2 5 4 0 2 5 1 1 1 2 4 2 1 5 2 0 3 4 1 3 0 0 1 4
   3 4 3 2 5 0 3 3 0 2 2]
  [0 1 5 2 3 0 5 4 2 3 0 5 2 1 4 4 2 3 2 2 4 0 3 0 4 4 5 1 0 2 3 0 2 1 3
   2 3 2 1 4 4 2 4 4 1 0 2 2 3 4 0 0 0 1 2 0 3 1 5 2 5 5 5 1 2 4 1 4 0 1
   1 4 0 5 1 4 5 2 0 0 4]
  [0 1 2 4 1 1 5 1 1 5 3 1 2 1 0 1 3 0 4 1 2 2 1 1 0 0 4 0 1 1 0 1 0 0 5
   4 3 3 2 2 3 3 3 3 4 2 3 2 1 2 4 3 1 4 4 0 0 1 3 1 0 2 4 2 4 5 3 4 4 0
   1 4 1 3 0 4 4 1 5 4 0]]

 [[0 0 4 2 0 2 1 2 4 3 5 4 2 2 2 0 1 2 1 2 3 0 5 3 2 5 5 4 3 2 1 5 4 5 4
   2 5 2 4 0 0 4 4 1 1 4 2 3 4 0 5 2 2 3 2 5 2 2 4 0 0 0 2 4 3 3 5 1 5 3
   5 0 5 1 0 3 1 4 1 5 1]
  [0 0 2 4 0 3 4 3 2 4 3 0 4 5 0 2 0 0 3 2 0 0 2 0 3 2 5 3 3 5 2 2 5 0 0
   4 2 0 5 1 1 4 3 5 0 5 1 0 2 5 4 5 2 3 0 4 0 3 2 4 2 0 0 1 1 4 4 2 5 4
   4 4 5 3 3 1 1 5 0 2 3]
  [0 0 0 3 2 2 3 1 4 5 1 3 1 5 2 0 1 2 0 4 3 1 4 5 2 3 2 5 3 1 0 5 4 4 0
   2 0 2 3 5 0 1 3 3 5 0 1 3 2 5 2 3 1 0 5 1 3 1 3 4 4 1 0 3 1 3 5 1 3 4
   2 0 3 3 3 2 1 3 3 1 2]
  [0 3 2 0 3 5 0 4 4 4 4 3 3 3 1 5 3 0 2 4 1 3 5 4 3 1 4 2 4 3 2 4 2 2 1
   3 2 4 4 2 4 0 0 3 3 3 1 1 5 4 5 1 2 0 0 3 1 3 4 5 4 2 5 3 3 4 5 4 5 0
   2 0 0 2 0 3 2 4 5 5 5]
  [0 5 4 4 0 5 5 2 3 1 2 0 5 1 0 5 4 5 1 2 3 3 3 1 0 5 5 1 2 0 4 4 0 3 3
   0 4 4 0 2 2 5 3 4 4 1 2 4 5 2 2 4 1 1 1 1 5 4 4 5 1 3 2 1 4 1 0 2 2 3
   4 5 1 0 0 1 4 5 3 0 0]
  [0 4 5 3 4 0 0 1 0 2 3 4 5 3 4 2 1 2 3 0 3 2 4 5 4 3 0 0 1 3 4 1 4 0 1
   1 5 0 3 0 1 1 0 2 0 2 5 3 2 1 5 3 0 2 0 4 5 5 1 4 3 3 0 1 0 0 4 4 4 0
   4 2 3 3 3 3 3 1 2 3 0]
  [0 5 3 1 5 5 0 3 4 0 5 1 4 4 4 0 2 3 4 4 3 5 0 4 3 2 5 3 2 4 3 0 2 5 3
   0 4 5 1 0 5 2 3 2 0 4 4 5 3 3 1 3 0 4 0 3 1 2 3 4 5 4 4 1 0 3 1 1 3 0
   0 5 5 3 2 4 4 1 0 5 0]
  [0 1 4 5 4 5 4 0 5 1 1 0 3 2 2 4 2 2 4 3 4 0 2 3 4 4 4 3 1 2 2 3 4 0 2
   1 4 3 3 1 1 5 2 1 2 3 4 4 5 2 1 4 3 0 4 2 3 0 1 0 1 4 5 4 4 0 3 5 5 2
   2 2 5 2 5 4 0 4 0 4 0]
  [0 1 3 4 2 5 5 3 0 0 2 4 0 3 0 4 5 1 0 3 1 4 4 5 3 2 4 0 4 1 3 0 5 5 3
   5 0 2 3 0 5 4 5 2 5 0 5 3 5 1 4 5 5 5 3 1 4 5 2 0 0 2 1 4 3 3 4 4 2 1
   2 4 3 2 4 2 2 3 2 0 4]
  [0 0 0 3 5 3 0 5 0 0 4 5 4 4 1 0 3 4 4 3 0 0 2 5 3 4 0 5 3 5 2 1 4 1 1
   4 2 4 2 3 3 4 0 5 2 2 2 4 0 5 4 1 1 3 5 1 5 0 2 4 5 5 0 5 2 2 1 2 3 4
   1 1 3 4 2 1 2 0 2 3 2]
  [0 2 0 4 1 4 3 5 4 4 0 1 1 4 3 0 5 3 0 5 1 4 2 5 5 5 2 2 4 4 3 3 5 3 4
   1 5 3 5 3 3 0 3 0 0 2 4 3 3 1 4 3 5 1 4 0 3 0 4 3 0 3 2 2 1 1 1 3 0 4
   3 5 5 5 1 2 1 4 4 5 1]
  [0 4 0 2 3 3 2 0 4 1 4 0 5 0 2 3 5 4 0 3 1 0 3 2 4 2 1 4 4 4 1 1 4 1 2
   2 0 2 3 0 1 5 2 3 4 4 4 2 4 2 0 0 3 4 4 5 3 1 4 4 3 2 4 1 1 5 4 4 4 1
   4 2 5 4 3 2 3 2 0 4 2]
  [0 0 3 5 2 2 0 5 2 3 0 5 0 2 3 3 5 4 5 5 2 4 0 0 0 0 0 3 2 5 4 5 5 3 2
   4 5 0 1 4 4 5 1 0 2 5 2 3 2 1 0 3 5 4 3 2 5 2 1 1 1 3 3 2 0 0 4 5 4 4
   1 2 1 3 0 4 0 2 0 4 3]
  [0 4 5 2 5 3 3 1 1 4 5 2 5 0 2 3 5 4 1 1 0 4 5 3 1 4 2 5 1 1 3 3 5 4 5
   1 2 1 5 2 1 1 0 3 1 0 2 1 1 4 1 4 0 3 2 0 1 1 0 5 3 1 4 2 4 5 1 2 3 1
   2 4 3 5 2 3 0 4 1 5 2]
  [0 3 3 4 3 1 2 4 3 5 3 3 0 1 0 4 0 3 5 3 4 1 1 1 0 4 0 2 4 1 1 1 0 1 3
   3 4 5 1 1 2 5 3 3 2 5 3 3 4 3 2 1 3 2 3 1 3 0 5 2 1 2 4 5 1 4 4 0 1 5
   4 1 1 2 3 5 5 4 4 5 1]
  [0 1 4 4 5 0 2 2 2 1 0 4 2 1 5 0 2 4 0 4 5 4 5 4 0 2 3 1 5 1 3 2 2 4 2
   0 5 2 3 0 0 2 4 3 2 4 0 0 5 4 1 3 4 4 2 1 4 1 1 4 1 3 5 1 2 1 0 1 0 0
   3 0 4 0 2 3 1 5 0 3 0]
  [0 0 2 0 1 1 5 4 2 0 2 5 2 0 3 4 0 1 4 1 4 3 3 3 1 4 1 2 3 4 4 1 3 5 2
   2 1 5 3 0 2 4 4 3 1 0 5 1 1 4 5 5 1 3 4 3 4 3 2 4 1 5 5 1 1 2 4 5 1 3
   1 2 2 2 0 1 1 5 2 3 4]
  [0 5 0 2 0 4 5 3 3 2 5 4 3 5 3 1 3 0 1 5 3 1 5 2 1 0 2 4 2 2 2 0 0 5 0
   5 5 0 3 0 5 2 4 5 0 1 2 1 3 0 2 1 1 4 1 4 4 2 5 3 4 0 2 4 2 4 1 2 5 1
   4 3 2 0 0 4 3 4 0 5 1]
  [0 5 1 5 1 5 2 2 5 5 2 0 4 5 1 2 3 1 0 5 3 0 5 3 0 1 5 1 0 4 5 4 2 4 2
   2 4 0 4 4 5 1 4 5 2 2 4 3 1 4 3 3 2 2 1 1 2 5 5 1 0 3 4 2 1 2 3 5 2 5
   4 5 2 4 3 5 3 2 2 4 0]
  [0 1 4 4 4 2 1 5 0 0 2 1 5 3 3 5 5 2 3 0 1 0 1 1 1 4 2 1 2 0 1 3 4 1 1
   5 2 5 4 2 2 1 5 0 3 0 0 1 4 4 3 0 4 1 4 5 0 3 1 2 4 2 1 4 0 5 1 3 2 2
   5 1 1 0 0 3 5 0 3 4 5]
  [0 3 4 2 3 2 1 0 1 1 0 1 3 4 2 5 0 3 4 0 0 0 3 5 1 3 4 4 3 5 2 2 3 2 3
   0 1 4 4 5 1 2 5 3 4 2 0 2 4 2 5 3 0 5 3 3 4 1 1 3 5 2 3 3 4 1 0 2 3 4
   1 4 0 2 2 0 4 5 3 2 4]
  [0 2 0 1 3 1 5 3 3 3 4 0 3 4 0 1 1 5 2 4 1 0 3 0 4 3 3 4 2 5 3 1 0 3 3
   5 3 3 5 0 2 2 4 2 5 5 2 4 1 2 1 0 5 1 0 4 2 4 0 0 4 1 3 3 4 0 3 2 2 3
   1 2 1 4 5 1 0 1 5 4 3]
  [0 2 3 4 4 2 1 0 0 5 1 0 0 4 2 2 1 1 3 0 5 1 0 2 4 3 0 5 0 3 2 4 5 4 0
   2 3 3 3 1 4 4 1 0 1 4 2 5 2 5 0 5 1 1 2 5 0 2 3 0 3 5 1 5 3 2 5 1 1 5
   1 5 2 5 1 5 1 3 1 1 0]
  [0 5 2 3 5 1 0 0 4 3 3 2 3 1 3 0 1 5 1 1 2 0 3 0 3 0 2 1 0 2 3 5 5 2 2
   1 0 3 5 1 5 2 1 0 4 0 4 0 0 3 0 0 2 4 5 0 5 1 5 1 5 2 3 1 5 2 2 4 4 2
   0 3 5 5 4 0 1 3 1 0 1]
  [0 0 2 2 2 2 5 0 4 2 5 5 5 2 4 5 1 5 3 2 5 5 1 2 0 4 2 4 5 0 2 3 2 0 5
   2 5 5 1 5 1 3 4 1 3 1 1 0 5 3 5 1 0 4 5 3 2 4 2 1 1 5 0 3 2 2 2 1 2 3
   4 2 2 2 1 2 1 2 3 5 5]
  [0 1 1 0 4 0 4 2 1 1 1 1 2 0 4 1 0 5 1 5 4 1 3 4 2 0 0 4 1 2 4 5 0 4 5
   0 2 3 0 1 4 0 2 5 5 4 0 4 3 5 1 2 3 0 2 0 0 0 2 1 4 4 3 4 4 3 2 1 5 3
   2 4 0 0 1 3 3 3 1 1 0]
  [0 5 4 4 5 5 2 5 2 5 3 4 3 4 3 3 5 1 1 2 1 4 2 3 4 0 0 4 0 4 5 3 4 1 2
   2 0 4 3 2 5 3 1 1 0 1 2 4 2 3 1 3 1 3 0 3 4 2 5 3 3 5 2 0 4 4 3 5 5 2
   3 3 0 5 5 2 5 4 5 2 1]
  [0 3 2 1 4 1 3 4 5 4 1 1 1 2 1 2 0 2 4 0 4 3 1 2 2 4 0 0 5 0 3 0 3 1 4
   2 1 0 1 1 1 1 3 5 3 4 1 5 2 2 1 4 5 3 3 2 2 3 4 4 5 2 1 2 5 0 1 4 5 3
   0 1 2 1 2 5 4 4 0 1 5]
  [0 1 3 2 5 0 2 2 5 2 0 3 5 4 1 3 0 4 2 5 3 5 5 0 4 5 5 3 0 1 4 1 5 1 5
   2 3 2 2 0 5 1 3 4 5 1 1 5 3 2 0 0 5 4 0 2 1 0 0 2 5 0 4 5 4 2 5 1 2 4
   0 3 2 5 5 4 0 5 2 3 3]
  [0 5 3 5 4 1 5 2 0 1 4 0 4 0 1 0 0 2 4 2 4 2 4 2 0 1 1 1 3 0 5 4 2 3 0
   3 1 4 3 0 4 4 3 3 0 5 5 5 2 2 3 0 2 2 4 0 0 0 1 4 0 1 3 2 4 2 1 3 5 1
   0 2 1 4 1 5 4 4 1 0 2]
  [0 3 4 4 2 3 0 1 1 1 3 2 1 3 2 3 0 5 1 2 5 2 5 0 4 3 3 3 5 2 0 0 1 5 4
   5 5 2 2 0 0 4 4 3 0 1 1 3 1 2 2 5 3 4 3 3 2 0 2 2 3 4 4 0 4 3 1 4 3 3
   3 5 3 5 4 4 5 5 4 0 5]
  [0 2 2 2 2 2 2 2 4 3 0 1 1 3 0 1 2 1 2 3 4 0 5 0 4 4 4 1 1 3 3 0 4 1 0
   4 0 4 1 4 1 3 4 3 2 4 4 0 4 0 0 0 3 4 5 1 2 1 2 1 4 2 3 3 1 1 3 2 0 4
   0 2 3 3 3 4 1 2 4 2 4]
  [0 1 0 1 3 2 2 0 4 3 1 0 1 0 4 1 1 5 2 3 2 0 2 1 1 1 5 2 1 3 1 2 0 0 2
   2 4 3 2 1 1 1 5 1 1 0 1 1 1 2 0 3 0 4 1 0 5 4 3 3 3 1 4 0 0 1 3 3 5 4
   3 3 1 4 3 4 5 4 2 3 4]
  [0 4 5 5 1 1 4 1 5 4 1 1 2 0 1 0 2 3 0 5 1 3 0 0 1 5 1 0 2 1 4 0 2 0 2
   4 0 5 1 5 5 5 3 2 3 2 2 3 0 0 1 5 3 0 0 3 1 3 4 2 1 0 3 2 0 5 4 3 1 1
   0 0 4 5 2 3 4 1 0 3 0]
  [0 0 2 4 1 3 0 3 5 0 5 0 3 1 3 3 4 5 0 4 1 4 1 2 5 5 2 2 4 3 4 4 4 0 0
   0 5 1 0 3 4 5 4 4 0 2 5 3 3 1 4 3 1 0 3 0 4 2 5 1 1 3 3 2 4 2 3 4 1 3
   2 3 3 4 5 3 4 4 5 3 3]
  [0 0 0 0 3 4 5 0 5 0 0 2 4 3 2 3 4 0 0 1 2 5 0 5 5 3 4 2 2 2 5 1 2 5 5
   0 2 0 5 0 3 2 3 5 4 3 0 0 5 2 3 4 2 3 2 0 0 3 5 2 0 5 4 2 4 2 1 0 0 0
   5 3 2 4 3 3 1 1 0 2 0]
  [0 3 0 2 5 4 1 1 1 5 0 4 4 5 1 2 2 3 3 5 0 1 1 5 3 4 1 4 2 4 1 0 1 4 2
   5 0 3 2 0 3 4 0 5 4 2 4 5 2 1 2 4 2 2 5 0 1 5 2 5 5 0 4 4 0 1 1 5 0 5
   5 4 0 0 4 0 3 0 1 4 5]
  [0 2 0 3 0 0 0 1 4 3 4 3 1 4 5 4 1 0 0 4 1 3 2 1 5 4 0 0 0 2 5 2 5 3 1
   1 1 0 0 0 2 1 1 5 1 0 4 1 5 5 1 4 1 0 1 2 5 5 1 3 2 2 0 5 0 1 1 4 3 2
   5 2 4 3 3 2 1 3 1 4 3]
  [0 0 3 4 1 3 2 0 0 2 0 1 2 4 1 1 0 2 3 5 2 4 4 5 4 0 5 4 5 3 2 1 0 1 5
   1 2 4 0 5 4 5 5 3 2 2 2 4 4 2 4 2 3 1 0 4 3 1 0 0 1 0 3 0 0 0 5 5 0 1
   3 5 5 5 2 5 2 3 4 0 4]
  [0 2 1 0 5 3 4 4 4 2 4 4 4 2 3 5 4 5 4 4 2 2 0 3 1 0 3 0 5 4 5 2 4 5 0
   2 4 2 3 0 3 2 0 1 5 2 3 3 1 3 4 0 0 4 5 4 3 4 5 1 5 4 4 0 0 5 3 5 3 1
   3 0 0 0 4 4 4 3 3 2 2]
  [0 2 1 1 3 3 0 4 3 4 5 0 3 0 0 3 3 3 3 0 3 1 3 3 1 0 3 2 0 2 2 2 4 2 3
   0 1 2 3 0 0 1 2 1 5 0 3 2 5 4 4 5 2 3 0 0 5 1 1 3 1 4 5 5 4 2 2 0 3 3
   4 2 3 0 1 0 1 0 5 1 0]
  [0 5 4 5 4 5 0 4 1 4 5 0 4 5 5 4 5 1 2 0 4 4 1 1 5 2 4 2 0 4 2 3 4 3 0
   1 3 4 4 0 1 0 3 5 3 4 2 1 2 4 0 0 5 4 2 3 2 2 5 3 0 0 3 2 1 1 5 3 1 3
   0 2 5 5 0 0 4 1 0 4 0]
  [0 5 0 5 3 3 5 0 2 5 0 4 3 0 2 3 3 4 3 3 2 4 4 1 4 0 5 4 4 2 0 5 1 0 0
   5 5 5 3 0 2 0 0 2 2 2 1 5 2 5 0 0 5 5 0 1 1 0 5 2 3 3 5 5 3 4 4 1 5 3
   5 3 3 2 1 3 1 2 2 0 1]
  [0 3 0 1 4 3 5 4 3 0 4 1 0 0 3 0 2 5 2 3 2 4 1 1 1 4 0 2 2 1 3 3 2 2 3
   3 1 1 2 5 3 3 2 0 4 2 4 5 5 1 2 5 5 1 2 0 4 3 5 3 3 0 2 2 1 3 4 1 0 0
   3 4 2 4 2 1 5 0 0 3 2]
  [0 3 1 0 2 0 0 1 1 5 5 0 0 0 5 0 2 1 0 1 0 2 5 5 0 3 1 0 2 4 2 1 4 4 4
   1 2 3 0 2 5 2 3 2 0 2 4 3 5 5 5 4 1 1 4 5 0 5 5 3 3 0 4 0 0 0 3 5 2 5
   2 2 2 3 3 0 2 0 3 2 4]
  [0 5 3 0 3 4 3 2 0 0 2 1 3 0 0 0 4 0 0 4 2 1 1 5 4 1 2 3 5 5 1 1 2 1 2
   3 1 4 5 4 4 0 3 5 0 0 0 0 5 0 1 0 3 5 2 4 0 5 4 0 5 2 5 3 5 5 1 5 0 0
   3 5 5 0 2 5 0 3 5 2 2]
  [0 3 2 1 5 1 4 1 2 5 0 0 1 4 2 5 5 3 0 5 1 1 1 1 2 2 3 5 1 1 5 4 5 3 1
   3 5 3 5 2 1 0 3 0 4 3 0 4 1 1 2 0 5 2 4 0 2 3 3 1 3 2 0 2 5 0 1 5 2 0
   0 3 5 1 3 1 4 1 2 2 1]
  [0 1 5 5 4 2 3 5 4 2 3 5 3 0 2 5 4 4 5 0 0 0 5 2 4 1 1 4 4 4 3 1 1 3 4
   0 0 2 0 2 1 3 0 5 2 5 5 0 0 4 0 2 3 5 1 4 1 5 1 2 1 0 2 3 3 0 4 2 2 3
   3 2 2 4 4 2 4 4 2 4 5]
  [0 5 5 1 3 5 0 4 0 0 5 1 4 5 1 1 0 4 1 5 0 4 2 5 1 4 3 0 2 2 2 3 4 1 3
   5 2 2 0 0 3 0 0 3 3 2 1 5 0 1 0 1 5 0 2 2 5 2 5 4 5 2 4 2 4 4 3 4 0 0
   5 4 1 2 3 3 2 0 0 1 4]
  [0 2 5 4 5 4 2 0 1 1 3 4 4 2 4 1 3 3 4 4 2 3 0 1 4 3 3 4 2 3 1 3 5 3 2
   5 4 1 4 3 4 2 2 2 1 1 3 2 0 0 2 4 4 1 2 5 1 0 0 4 3 4 3 4 1 1 4 1 3 1
   3 0 4 3 0 0 3 1 3 3 4]
  [0 0 5 4 4 4 0 5 1 5 2 4 0 1 0 1 0 5 4 5 4 2 4 2 5 4 3 1 4 4 1 2 4 3 3
   4 1 1 5 2 5 4 2 3 3 5 3 1 4 2 0 1 1 3 2 0 3 3 1 4 2 2 4 2 5 4 3 3 3 3
   1 0 2 0 4 5 2 5 2 3 1]
  [0 0 2 4 5 2 1 4 0 1 5 4 3 2 2 1 2 4 1 5 2 2 1 5 4 0 5 0 1 4 0 1 5 4 1
   5 1 3 3 5 1 0 4 3 2 5 3 1 5 2 1 0 5 3 5 5 5 0 2 0 2 3 2 2 4 1 2 0 5 2
   5 5 3 2 3 3 4 4 4 2 1]
  [0 0 3 1 5 5 4 0 3 2 4 4 1 1 2 0 5 4 4 2 2 4 3 0 5 5 1 0 3 4 2 1 4 4 5
   2 3 5 1 5 2 5 3 3 5 4 3 1 3 4 5 0 0 1 1 3 5 5 1 2 1 3 4 3 2 5 0 0 0 5
   2 3 2 1 0 2 1 2 1 0 4]
  [0 2 1 4 0 4 1 1 5 1 5 5 0 3 4 3 5 1 5 2 2 0 4 0 5 1 5 2 1 3 3 5 1 5 2
   2 3 3 1 5 5 5 3 2 1 0 2 1 1 0 5 1 2 0 2 0 5 1 0 0 5 4 5 5 5 0 4 5 0 3
   1 4 1 3 3 4 2 0 4 5 4]
  [0 2 0 3 4 4 1 1 5 0 4 4 4 2 1 0 1 2 2 2 4 3 4 3 4 0 5 1 1 4 1 1 4 3 3
   4 5 4 0 3 3 2 0 4 1 0 0 2 2 3 4 3 1 1 0 3 0 1 0 0 0 1 4 4 4 4 1 0 3 4
   5 3 5 4 3 1 0 5 4 3 4]
  [0 5 2 3 4 2 5 0 5 0 0 5 2 5 2 5 0 0 1 5 0 0 4 1 1 2 2 4 5 2 1 0 2 4 2
   4 3 3 2 1 3 0 0 0 2 1 0 2 0 3 4 1 3 3 0 0 0 5 5 1 0 5 2 5 3 3 4 1 2 4
   4 1 3 0 1 3 3 4 3 1 0]
  [0 1 1 0 1 2 0 2 3 2 3 1 2 5 2 4 5 3 3 2 0 3 3 2 0 5 2 4 3 0 1 2 0 4 5
   2 2 3 5 4 0 0 3 0 5 5 5 0 1 5 3 5 1 1 4 5 0 1 1 4 1 3 4 2 1 3 0 4 3 3
   2 1 1 2 1 1 0 0 0 2 2]
  [0 2 2 0 3 5 0 2 4 3 1 2 3 5 2 3 4 4 5 0 0 3 3 0 0 0 3 1 2 5 5 1 5 1 2
   0 3 1 1 3 5 0 0 2 2 4 4 0 2 1 3 3 0 4 3 3 2 0 1 5 2 3 2 4 5 4 0 4 2 0
   1 2 4 3 3 1 3 2 5 5 5]
  [0 5 3 3 2 2 3 1 5 4 2 2 2 4 5 2 0 5 5 0 0 3 5 3 4 4 4 4 4 0 5 5 3 1 1
   1 3 2 4 3 2 1 2 3 0 2 5 2 4 5 0 1 4 2 5 1 3 1 0 0 1 1 1 5 4 2 4 3 4 4
   4 1 5 1 4 4 3 4 1 1 4]
  [0 0 3 2 1 5 2 3 0 4 2 5 2 0 0 2 4 2 1 3 3 4 3 5 0 2 5 5 1 4 5 1 0 3 1
   0 1 2 0 5 1 1 1 2 1 1 3 0 1 0 1 1 1 4 3 1 5 5 4 0 3 0 0 3 3 0 3 4 1 2
   0 0 4 0 5 2 5 5 4 4 5]
  [0 3 4 3 0 4 1 3 1 1 5 4 3 4 5 2 1 0 3 3 4 5 4 4 1 5 3 3 4 3 0 5 2 3 4
   2 5 2 5 3 5 1 1 1 5 3 1 4 0 0 2 0 1 2 1 5 2 3 5 3 0 5 4 1 3 1 5 4 3 2
   1 0 5 1 4 1 2 4 3 0 2]
  [0 1 1 3 4 5 5 3 5 1 2 1 1 5 4 4 1 3 1 2 3 1 5 1 5 3 0 4 2 1 3 0 4 1 2
   1 1 1 5 4 4 0 3 5 5 3 3 2 1 2 4 1 3 4 5 5 2 1 1 4 1 0 0 1 2 0 1 0 3 1
   1 1 1 0 0 5 5 0 2 0 5]
  [0 4 5 1 3 2 5 1 3 3 3 4 1 1 1 3 0 2 3 5 5 0 0 4 2 3 1 1 3 5 1 5 0 1 4
   5 5 2 2 2 1 4 1 3 5 3 1 3 2 1 3 2 5 1 5 0 1 5 5 3 5 5 0 4 1 4 0 3 2 2
   0 5 1 5 1 4 3 2 1 3 4]
  [0 3 5 2 4 5 1 1 5 3 0 4 5 3 4 4 1 0 0 0 1 5 0 3 4 5 5 3 0 0 1 5 2 1 2
   2 2 0 4 2 2 1 5 4 3 4 2 4 5 2 5 4 1 5 2 5 3 1 3 0 5 2 5 0 0 5 4 2 3 3
   5 4 3 1 0 4 3 2 1 2 1]
  [0 4 2 3 0 3 2 0 4 1 2 5 4 2 4 2 1 3 0 0 5 3 2 2 4 0 1 0 4 4 4 3 1 0 3
   1 3 2 0 3 4 0 1 5 5 0 4 5 0 3 5 3 3 4 2 3 3 5 0 4 4 3 4 1 0 0 2 3 1 2
   2 0 4 4 2 1 5 3 5 0 0]
  [0 3 4 4 0 1 1 5 1 3 0 4 1 0 5 1 2 1 1 2 4 1 1 5 1 3 5 2 5 0 1 2 5 3 3
   4 0 1 1 1 4 0 0 0 2 5 5 0 2 4 2 5 5 2 5 3 2 3 0 0 0 1 2 2 0 0 3 1 5 5
   0 5 5 4 2 2 1 0 5 3 3]
  [0 4 1 2 4 4 0 5 2 1 4 4 5 5 1 5 3 2 3 3 5 5 5 4 5 5 5 0 0 1 4 3 2 3 1
   5 0 1 3 3 0 0 1 2 0 3 2 5 0 1 1 3 4 5 3 2 1 0 0 4 4 1 4 4 2 3 0 3 2 0
   0 1 0 5 0 3 1 3 3 3 4]
  [0 4 2 2 5 1 5 4 4 2 1 5 2 0 3 0 2 5 0 4 4 3 1 3 2 0 3 4 4 2 0 4 1 0 5
   2 1 2 4 2 0 1 1 1 1 0 2 4 5 4 1 5 3 4 2 5 0 1 3 4 0 1 5 3 0 5 2 0 4 0
   0 5 2 2 0 4 4 2 0 3 0]
  [0 3 2 3 2 3 2 5 1 2 1 4 0 3 0 5 5 5 1 1 1 0 3 0 2 0 5 0 5 1 2 5 0 5 3
   0 3 2 3 0 2 2 5 1 4 3 4 4 4 4 1 3 3 5 2 0 0 1 4 1 4 0 4 1 0 2 2 4 0 1
   1 5 0 5 1 4 1 5 0 0 5]
  [0 5 1 1 5 5 1 5 2 3 4 1 3 0 3 1 0 3 3 2 4 3 5 4 1 5 5 3 1 1 4 0 2 3 1
   1 4 2 1 4 1 3 5 2 2 0 3 1 1 2 0 2 0 5 2 3 3 5 4 5 0 2 5 3 3 4 4 1 4 0
   4 1 2 0 2 1 1 4 4 2 2]
  [0 0 1 2 5 3 4 0 5 0 3 1 3 4 3 2 4 2 3 0 1 2 4 5 0 2 4 0 1 0 5 0 0 4 1
   0 2 4 5 0 3 0 0 2 1 3 4 1 3 3 2 2 3 5 0 1 4 3 4 1 0 2 0 5 0 3 4 5 3 0
   0 5 0 3 0 2 2 2 5 1 4]
  [0 1 4 5 3 2 3 0 1 2 0 4 3 4 4 5 1 2 2 1 1 3 0 3 0 2 2 4 5 2 0 4 1 2 1
   4 2 2 4 2 4 4 3 1 3 5 3 3 3 4 4 1 4 3 4 5 2 3 5 5 3 2 1 5 2 3 1 5 0 5
   2 0 5 3 0 0 5 0 5 3 4]
  [0 0 5 4 0 4 1 2 2 3 3 2 1 1 5 2 3 0 5 0 4 5 2 2 2 1 3 1 4 0 0 2 0 4 0
   5 1 3 2 4 5 0 3 4 3 0 5 2 4 2 2 2 4 5 0 2 1 1 5 4 5 5 3 2 0 3 1 5 0 4
   2 0 0 0 2 4 3 2 2 4 2]
  [0 1 5 3 1 0 5 5 1 1 3 0 5 5 0 2 5 1 4 0 0 1 4 3 2 5 5 3 2 3 3 3 3 4 3
   0 3 4 1 5 1 0 1 4 0 5 1 5 3 1 0 0 3 2 4 3 2 1 4 5 0 1 4 4 0 2 1 1 2 2
   1 4 5 0 0 2 1 1 3 4 0]
  [0 3 1 1 0 2 2 2 3 1 2 3 1 4 0 5 4 4 1 3 4 4 1 0 3 0 2 4 5 5 1 5 3 1 3
   3 5 2 3 0 2 3 4 1 3 4 1 4 0 2 1 1 5 3 4 4 2 5 1 5 0 3 1 3 1 5 0 4 5 5
   5 4 0 4 0 0 4 2 3 5 3]
  [0 2 3 5 0 5 5 2 5 1 2 2 3 4 5 1 5 0 1 4 0 3 2 3 3 0 5 0 4 5 2 0 5 1 4
   3 5 2 2 2 5 2 4 0 4 5 0 3 2 4 3 4 3 2 5 2 2 0 2 0 3 0 5 4 1 1 5 2 1 4
   3 4 1 4 0 0 2 0 2 2 1]
  [0 2 2 2 4 0 3 4 0 2 1 1 1 1 4 5 0 2 2 1 1 3 2 5 3 1 1 5 5 0 1 0 1 1 1
   4 5 4 5 0 1 2 1 5 5 0 2 2 1 5 5 1 1 1 5 4 0 0 4 0 4 2 0 4 5 5 4 2 1 2
   5 3 1 2 5 5 0 0 2 1 1]
  [0 3 4 1 0 1 1 3 0 5 1 2 2 1 5 4 4 2 1 0 2 2 2 5 0 5 0 5 3 2 3 5 1 0 4
   1 5 4 1 2 1 4 5 2 1 4 2 4 5 1 5 5 3 1 3 3 1 4 1 1 4 1 3 0 0 0 0 2 3 4
   2 5 3 3 0 1 0 0 0 4 1]
  [0 5 0 5 1 0 0 1 1 0 3 0 3 3 1 4 5 5 4 2 2 5 4 5 2 3 3 0 4 5 1 0 1 5 5
   2 5 3 5 1 0 3 0 2 2 3 3 2 0 2 0 3 5 5 5 4 1 2 1 2 1 5 2 4 3 4 5 4 1 1
   3 0 0 0 0 5 3 3 0 0 0]
  [0 0 4 0 3 2 3 3 0 3 4 4 1 0 2 0 4 5 2 0 3 2 0 4 4 0 3 1 3 0 3 2 3 5 3
   0 5 5 2 2 0 4 3 0 4 1 4 2 4 2 4 3 2 3 3 1 0 1 0 1 4 5 1 4 2 3 1 3 5 5
   2 0 3 4 0 0 1 3 3 0 2]
  [0 5 2 4 5 4 2 0 2 2 1 0 5 0 3 1 4 4 3 4 1 5 0 1 4 3 0 3 3 2 1 4 1 0 3
   0 1 5 3 4 3 0 2 0 0 1 4 4 5 4 0 2 3 1 3 5 0 4 0 5 1 2 1 4 3 0 3 3 4 3
   3 0 4 3 4 4 4 5 3 0 0]]

 [[0 1 5 0 0 1 5 2 3 4 0 1 2 2 3 0 1 1 5 5 2 5 0 2 4 0 4 1 1 0 0 1 1 1 5
   1 0 2 1 0 3 5 3 1 1 3 5 4 3 0 4 4 2 3 2 1 4 2 4 5 4 5 5 3 1 4 3 1 4 4
   4 1 4 0 3 1 1 5 1 3 5]
  [0 0 2 0 1 1 2 0 0 3 0 0 1 0 2 1 0 4 0 4 0 2 0 1 2 5 2 2 1 5 5 4 2 2 1
   1 5 3 2 5 3 1 1 2 5 1 1 5 1 5 2 0 5 5 4 1 5 1 3 3 5 0 3 1 2 1 3 4 5 3
   1 3 0 3 5 0 3 0 0 4 3]
  [0 2 0 0 2 1 5 0 4 1 5 4 5 2 3 4 1 3 1 1 0 4 2 0 0 3 5 2 5 4 3 0 2 0 0
   2 3 5 0 1 2 1 5 4 5 2 0 2 2 2 3 3 1 0 1 2 0 5 5 4 1 1 2 1 3 3 3 5 1 5
   1 0 1 2 3 1 5 5 2 4 5]
  [0 0 0 0 1 4 3 2 0 4 5 4 2 4 3 2 3 1 2 3 4 3 1 4 2 1 3 5 5 0 0 4 4 2 1
   4 2 4 0 4 2 2 3 5 3 0 5 2 0 5 2 3 3 3 5 5 2 3 1 0 5 2 2 0 4 0 5 0 3 3
   0 3 0 5 4 0 4 4 3 0 2]
  [0 5 2 2 0 3 2 3 3 4 3 3 0 4 0 4 3 4 3 2 1 1 3 2 4 4 2 0 0 1 4 4 1 5 0
   4 0 5 1 0 1 2 1 5 0 2 4 1 0 3 4 2 4 0 2 5 1 0 0 5 4 0 5 5 5 2 3 2 4 0
   0 4 5 3 4 4 3 1 5 0 0]
  [0 5 0 4 1 0 2 4 5 1 4 5 1 3 5 0 1 0 0 2 2 0 0 1 1 1 3 2 4 4 2 0 0 1 0
   2 2 0 1 2 5 4 0 0 1 3 5 4 5 1 0 0 2 0 4 1 5 2 3 2 4 4 0 2 0 0 5 0 3 4
   3 2 2 2 2 0 5 4 3 0 4]
  [0 2 4 2 1 3 0 4 4 3 5 1 4 4 0 0 3 1 4 3 5 3 2 2 2 2 1 1 4 4 3 4 2 5 5
   3 4 1 0 2 2 5 1 1 5 5 1 4 2 4 2 4 3 4 2 5 4 0 5 0 4 2 0 4 5 5 1 0 3 1
   2 5 1 2 1 1 3 3 1 4 3]
  [0 2 3 0 4 1 4 0 2 1 5 3 4 1 0 4 1 3 4 5 2 0 2 2 5 3 5 0 4 0 5 1 3 0 1
   0 2 4 2 1 3 4 0 5 2 4 2 1 3 2 1 1 0 4 3 0 1 4 3 0 3 0 2 5 2 0 0 5 1 2
   3 0 1 5 2 2 2 1 4 3 1]
  [0 3 2 3 0 0 1 5 0 4 0 2 4 3 2 1 1 2 4 5 1 0 2 1 1 1 5 2 2 1 1 3 1 2 5
   4 2 5 3 4 1 2 5 2 5 0 3 0 2 5 4 1 0 3 0 2 2 0 1 4 2 2 0 4 4 5 4 4 4 4
   2 5 3 0 3 3 4 2 0 3 5]
  [0 0 0 0 0 3 5 4 3 0 2 1 2 4 0 5 3 5 2 1 5 3 3 1 0 5 0 5 4 2 5 3 3 0 4
   0 4 3 5 3 2 3 0 0 1 2 4 0 2 3 2 1 4 5 3 2 5 1 5 1 5 2 3 5 4 1 3 5 2 1
   1 2 5 3 5 2 2 5 2 5 2]
  [0 1 5 2 4 4 2 4 0 5 0 2 4 3 2 1 5 4 0 3 3 3 4 4 1 2 1 3 2 2 5 1 3 4 2
   0 5 5 2 1 3 2 0 3 5 2 5 4 5 3 5 1 3 2 4 2 4 1 2 3 1 4 4 0 3 5 0 4 2 1
   2 0 4 1 5 1 4 4 4 0 0]
  [0 4 4 1 0 4 0 1 1 4 4 0 4 5 3 0 1 4 2 1 5 3 1 2 0 3 1 1 3 1 4 4 1 1 1
   1 1 2 3 5 1 1 5 5 2 3 4 2 4 1 5 4 3 3 2 2 0 2 3 5 0 1 4 1 5 1 1 1 4 3
   5 3 5 3 3 1 4 3 5 4 0]
  [0 0 3 0 4 2 4 2 2 2 2 5 0 2 5 5 0 4 5 2 4 4 0 2 5 4 2 4 2 2 1 5 3 4 2
   2 2 3 1 5 4 3 2 5 2 0 5 3 4 3 3 0 1 5 5 3 0 3 0 5 1 2 4 0 0 5 3 2 4 1
   2 2 5 0 4 5 3 0 3 5 0]
  [0 3 5 4 0 2 0 5 2 5 5 0 5 0 3 2 2 5 0 4 4 2 0 3 5 5 0 4 5 0 3 1 2 2 4
   0 2 1 0 1 2 4 5 5 5 2 0 1 5 2 0 3 2 1 3 0 0 2 4 3 1 2 2 2 3 3 0 3 5 4
   3 3 2 3 1 5 4 5 2 4 2]
  [0 0 1 0 4 1 0 5 5 4 4 5 0 0 0 0 1 3 0 2 1 1 0 0 2 3 0 2 2 5 4 5 5 1 1
   4 2 5 3 2 0 4 0 1 3 1 2 5 4 1 1 4 1 1 0 5 1 0 0 1 3 1 4 0 5 3 3 1 0 5
   4 0 2 1 3 0 3 5 0 2 2]
  [0 1 5 0 5 1 0 0 3 2 4 5 5 1 5 0 4 5 3 3 5 0 5 4 5 0 1 5 2 2 4 5 5 1 1
   5 2 5 0 1 0 4 3 5 2 5 3 4 4 2 0 1 1 1 3 0 2 4 1 2 3 2 2 3 1 5 0 4 0 2
   3 0 0 3 5 4 3 5 5 3 2]
  [0 3 1 3 1 5 1 3 0 1 4 1 4 3 0 2 0 4 1 0 5 4 5 4 0 5 3 1 3 2 1 1 2 3 1
   4 4 3 1 4 5 3 3 5 4 1 2 4 3 3 1 4 0 0 0 4 0 3 3 4 3 5 1 1 0 3 0 2 3 2
   5 4 0 5 3 3 1 3 4 5 0]
  [0 5 1 4 5 3 3 1 1 0 2 5 3 5 0 5 4 0 0 0 0 2 0 5 5 5 1 4 0 1 3 1 1 3 4
   4 5 2 2 5 4 3 4 5 2 3 4 3 2 1 0 0 0 5 2 2 0 1 1 1 3 3 2 0 3 1 2 0 1 1
   4 5 5 2 1 3 2 0 3 2 4]
  [0 4 3 5 2 3 1 5 4 1 1 2 2 5 1 4 0 5 0 5 2 3 3 3 3 4 2 4 5 3 0 1 4 3 0
   0 3 0 4 5 1 2 1 3 1 1 5 2 1 4 3 3 3 2 4 4 1 1 3 2 4 3 5 5 1 2 1 1 3 0
   1 0 0 1 0 0 0 5 1 5 1]
  [0 0 0 5 4 4 2 3 0 3 2 2 2 5 0 0 2 1 2 0 0 1 4 0 0 5 5 3 4 4 3 0 1 3 4
   4 3 5 4 5 0 5 5 4 0 5 3 1 1 4 3 4 1 1 4 2 1 0 4 5 1 3 5 5 1 1 1 4 5 1
   4 0 4 1 2 4 4 5 0 2 5]
  [0 1 2 4 4 0 0 5 3 3 1 2 3 4 5 1 2 0 2 4 0 4 1 2 2 2 0 2 5 4 0 1 4 5 4
   5 3 1 4 3 1 0 1 4 4 2 0 0 5 2 1 2 4 2 4 5 1 0 1 1 0 3 4 2 3 2 1 3 3 3
   0 1 3 2 5 1 4 0 1 2 4]
  [0 2 0 2 2 1 3 0 0 5 1 5 2 1 1 2 0 1 0 2 5 0 2 4 2 0 3 0 2 0 2 2 5 1 2
   3 3 0 4 3 2 4 4 3 4 2 2 1 5 0 3 2 4 2 0 5 4 3 2 0 2 0 2 3 0 4 2 2 1 0
   3 2 3 4 3 3 1 0 0 2 5]
  [0 4 5 0 1 5 2 1 5 5 0 3 3 3 0 0 3 1 3 4 3 1 0 5 4 4 2 4 0 5 3 2 5 2 2
   3 2 0 3 0 2 5 4 2 3 1 0 5 3 0 1 2 5 3 3 5 1 1 3 3 3 5 1 3 5 3 4 2 2 4
   3 4 3 4 4 1 1 3 5 4 4]
  [0 4 3 3 3 0 5 2 5 1 3 0 0 4 3 5 0 2 0 4 0 4 3 0 3 2 3 5 3 1 0 3 5 4 4
   2 5 1 1 0 4 4 4 0 0 2 5 5 3 1 5 1 0 4 2 1 5 5 3 0 5 0 2 2 2 2 3 3 1 2
   5 0 3 4 1 3 2 4 1 5 1]
  [0 4 5 3 3 2 4 5 5 4 3 5 2 0 1 4 3 0 2 3 2 0 4 3 0 0 1 5 5 0 5 3 0 3 0
   3 0 0 2 3 4 3 5 2 0 3 3 3 1 1 4 2 3 3 0 1 0 2 0 0 5 3 5 0 3 2 4 4 2 4
   0 1 3 0 5 3 0 3 3 2 0]
  [0 0 2 4 1 5 3 3 2 2 3 4 2 3 3 0 1 5 0 5 5 4 4 4 5 0 0 2 3 0 2 4 1 1 5
   0 1 4 5 2 1 3 3 1 1 5 4 1 4 0 2 0 3 5 3 5 0 1 2 0 2 2 1 1 2 2 1 1 5 5
   5 4 2 0 5 1 0 3 2 3 3]
  [0 5 5 5 1 4 1 5 2 1 2 3 4 1 3 4 0 3 3 2 5 4 1 2 1 3 0 0 5 1 5 1 1 5 4
   2 5 4 4 3 1 4 2 4 5 1 3 5 1 3 5 1 2 5 4 3 2 4 2 2 2 2 5 1 3 1 0 2 3 1
   2 5 4 4 1 4 2 0 4 0 2]
  [0 4 1 2 3 3 4 3 3 3 5 2 0 2 2 4 4 1 4 4 1 1 2 4 0 1 4 0 5 1 5 4 1 3 2
   0 2 4 5 5 3 0 0 4 3 1 2 0 2 4 4 4 3 3 0 1 5 3 4 1 4 5 2 1 1 3 4 0 0 3
   3 4 1 1 3 1 3 0 3 1 0]
  [0 1 3 5 2 1 1 0 0 1 0 0 0 0 2 4 1 3 3 2 5 5 3 1 5 2 5 4 0 5 2 1 5 0 2
   4 2 3 3 4 4 4 3 1 1 3 3 2 4 3 2 0 2 5 5 2 1 1 4 3 4 2 5 3 3 1 3 1 0 0
   4 0 2 3 5 4 4 4 1 2 2]
  [0 1 3 2 4 1 5 1 5 2 2 3 4 1 2 0 0 0 1 3 1 0 2 1 0 5 2 3 0 0 4 2 4 1 2
   2 2 0 2 0 0 4 3 3 0 3 4 3 3 5 1 3 3 2 5 2 1 5 5 5 3 0 5 2 1 1 5 1 4 5
   4 2 2 0 2 2 0 0 4 2 4]
  [0 1 3 3 1 3 0 1 1 4 2 2 2 1 2 3 4 5 5 5 4 2 1 4 4 4 4 2 1 4 0 0 5 4 4
   2 2 4 3 4 3 1 0 5 5 2 3 3 2 3 0 0 2 3 2 5 1 2 1 4 5 5 1 4 5 4 1 5 4 5
   3 1 2 5 3 1 1 3 5 5 4]
  [0 0 2 3 3 3 4 5 1 4 3 3 0 0 3 3 3 0 2 2 1 0 3 0 4 3 3 1 1 4 4 0 0 2 1
   5 1 0 0 1 5 4 0 4 5 5 3 3 5 5 2 0 2 5 4 4 1 0 3 1 4 2 3 4 5 5 1 2 5 1
   1 3 5 2 0 5 5 1 2 5 5]
  [0 0 5 4 4 4 2 3 3 2 4 5 1 4 0 0 2 1 1 2 5 4 1 5 2 4 2 3 0 2 5 1 0 0 5
   4 3 3 1 3 5 5 0 2 2 1 5 1 2 5 5 1 1 2 0 2 3 0 0 4 0 5 5 4 3 1 3 2 4 4
   3 2 4 5 3 3 4 1 4 5 1]
  [0 5 0 1 1 1 4 2 4 0 4 1 0 2 0 1 0 2 5 5 3 4 0 0 4 5 2 1 2 3 2 4 0 0 5
   5 1 0 4 1 2 2 4 1 5 4 3 3 4 2 0 1 3 2 2 0 5 5 5 5 2 3 3 0 1 3 5 1 1 2
   0 4 2 3 0 4 2 3 4 4 4]
  [0 0 2 4 0 1 2 2 0 4 5 1 3 0 0 2 5 2 2 3 2 5 5 4 0 5 4 1 3 4 1 4 3 0 0
   2 3 2 5 1 5 4 1 0 5 1 1 1 3 1 0 0 3 0 5 3 1 4 3 2 0 0 4 5 5 2 3 1 2 1
   1 4 2 3 5 4 5 3 5 1 2]
  [0 5 0 1 5 2 5 2 3 5 1 1 1 5 5 5 4 2 5 0 1 2 3 1 0 4 2 1 0 2 5 5 1 1 2
   0 5 2 3 5 0 0 5 4 0 0 0 5 2 5 0 0 2 1 3 2 3 1 4 3 1 4 3 0 5 2 2 3 3 2
   2 1 4 3 4 3 3 1 5 4 0]
  [0 4 3 4 1 1 4 4 1 5 4 5 2 0 5 0 0 3 3 0 4 1 1 4 1 1 2 1 1 4 0 5 5 5 4
   2 0 2 0 2 5 5 2 3 3 0 4 1 1 2 0 0 5 0 5 5 5 4 0 3 3 5 1 4 3 4 5 4 4 2
   4 4 0 0 4 4 0 0 1 4 4]
  [0 3 1 0 2 3 3 4 4 2 5 0 0 5 4 0 3 2 3 3 0 4 3 2 0 2 0 3 2 4 4 3 2 2 5
   0 2 0 1 1 1 2 2 0 4 5 1 2 0 4 1 0 5 3 3 4 4 2 0 3 2 5 3 3 1 5 3 4 3 1
   3 0 1 0 3 1 4 1 4 5 2]
  [0 4 0 2 5 4 4 4 0 5 0 4 2 3 0 4 2 3 4 1 0 2 5 5 0 2 2 4 2 1 2 0 0 1 5
   4 0 5 0 1 2 0 3 4 0 4 3 2 0 4 0 3 4 1 3 5 0 0 0 4 3 1 3 0 0 4 5 4 1 5
   4 0 5 3 1 0 2 2 1 1 2]
  [0 0 3 3 3 1 4 0 2 1 5 2 2 2 1 4 3 1 3 3 5 4 5 2 1 1 0 1 5 2 0 0 2 0 1
   1 0 4 2 0 3 3 5 3 5 5 5 5 3 0 5 4 0 4 5 3 5 4 1 0 0 2 1 0 4 0 5 1 1 2
   3 2 4 0 4 1 0 3 4 1 2]
  [0 2 2 0 4 2 5 0 2 0 4 3 2 1 2 0 3 3 3 1 0 1 2 4 1 0 0 0 3 1 5 0 2 5 2
   0 3 5 1 5 0 4 2 2 3 2 0 4 1 3 3 1 1 3 2 1 2 0 2 3 5 0 3 0 2 5 2 1 0 5
   5 2 2 2 1 0 4 5 3 1 4]
  [0 4 4 2 0 1 5 5 5 2 0 2 2 4 0 2 3 1 1 0 1 3 2 4 0 5 2 1 3 0 4 2 0 3 3
   5 2 0 5 0 5 0 1 1 2 3 0 4 4 0 2 5 2 0 0 0 5 1 4 2 0 0 4 2 4 1 0 3 1 3
   2 4 5 5 5 4 1 1 3 4 0]
  [0 0 3 3 2 0 2 3 2 0 3 5 1 1 3 5 0 2 5 3 0 0 5 3 5 1 2 3 4 5 1 5 4 1 4
   0 3 3 1 5 4 1 0 0 5 1 5 0 1 5 2 4 1 1 3 2 3 2 2 2 2 1 0 3 5 1 5 1 3 5
   1 3 3 0 0 2 3 2 0 2 1]
  [0 5 4 4 1 3 2 3 3 3 3 2 2 3 5 1 4 5 3 0 1 1 2 5 0 1 1 5 0 4 3 3 3 2 5
   4 3 1 2 5 0 5 1 0 4 5 5 1 3 4 1 0 4 5 3 0 3 4 2 3 4 3 4 1 3 5 1 5 1 4
   2 5 1 0 5 0 5 1 5 2 0]
  [0 5 4 0 0 1 0 0 5 5 0 5 3 2 2 2 4 0 4 2 3 2 4 5 1 2 4 5 2 5 4 3 4 5 1
   5 1 2 2 5 4 0 0 4 0 2 1 4 3 2 3 2 5 5 3 1 0 3 0 3 2 1 4 2 1 5 3 0 3 4
   4 2 3 3 1 5 4 5 0 2 1]
  [0 5 0 1 0 4 0 1 5 4 3 4 1 5 4 3 3 0 3 3 3 3 0 2 5 3 0 1 5 1 4 0 0 5 0
   5 4 2 1 3 2 0 0 5 2 0 4 5 2 3 1 5 5 4 3 4 2 2 0 5 5 3 5 2 2 4 5 1 4 4
   5 3 2 2 3 1 3 0 0 1 0]
  [0 3 2 4 1 3 1 4 1 0 5 5 3 0 4 3 5 3 4 1 2 0 1 0 5 1 3 0 1 3 4 0 1 5 2
   3 0 4 2 5 4 0 1 3 3 4 0 2 3 3 5 0 0 4 1 0 5 0 3 3 4 5 1 1 1 4 0 4 5 1
   5 5 2 4 1 1 5 4 5 5 1]
  [0 3 0 1 4 2 4 1 2 3 3 3 3 2 1 2 1 5 3 5 3 5 4 5 5 2 2 3 2 3 5 2 2 3 2
   1 2 3 3 5 1 4 0 1 1 5 4 0 0 0 0 4 2 2 5 4 0 3 0 4 0 1 4 2 2 0 3 0 3 0
   2 2 2 5 4 1 4 4 3 1 0]
  [0 1 4 5 4 4 0 1 0 3 0 4 1 0 0 3 2 0 0 4 3 3 1 2 1 5 2 2 4 1 4 1 1 1 0
   2 5 4 5 2 1 3 5 3 0 1 0 3 0 2 1 3 4 3 5 1 1 4 2 4 1 3 5 3 2 0 3 1 0 0
   4 3 5 3 4 3 4 1 0 2 5]
  [0 5 3 2 1 2 5 4 5 1 2 4 3 2 2 4 4 5 2 0 4 0 5 1 0 3 4 2 5 3 3 5 4 4 5
   3 0 2 0 4 2 2 2 0 4 3 2 2 1 0 1 1 0 1 2 2 4 3 2 5 3 2 4 3 3 5 2 0 0 1
   1 3 2 2 2 0 3 4 5 1 4]
  [0 1 2 3 5 4 3 0 1 1 0 3 1 4 5 3 3 4 5 1 4 3 0 1 2 0 5 4 0 4 0 5 1 3 2
   4 2 3 5 3 1 1 0 0 2 3 0 4 2 4 0 1 3 4 3 4 2 2 2 5 5 4 2 5 1 3 4 1 2 0
   1 1 5 4 2 4 0 2 4 5 5]
  [0 0 3 4 1 4 3 2 2 3 4 5 1 3 3 3 2 1 0 0 3 2 4 2 4 2 1 5 0 2 4 4 4 2 3
   3 3 0 1 5 0 1 0 0 1 1 0 4 3 3 3 0 1 5 3 3 5 3 5 3 3 3 2 1 3 1 5 0 3 5
   4 2 1 4 4 4 4 5 4 2 1]
  [0 3 2 0 2 2 1 5 3 0 2 5 2 2 2 3 0 0 3 0 0 0 5 2 0 4 5 5 4 2 3 2 5 5 2
   1 3 0 0 4 5 3 2 3 1 5 4 2 2 2 0 3 0 0 0 2 4 2 5 2 0 3 0 4 5 1 3 3 3 1
   3 4 3 2 0 5 1 3 5 3 2]
  [0 2 3 3 5 2 0 5 4 2 1 0 5 0 2 3 2 1 4 3 2 0 4 4 4 4 1 1 2 0 4 2 0 4 3
   4 2 0 4 2 3 0 5 0 1 5 2 2 0 0 3 4 2 0 2 2 4 5 3 4 2 5 3 0 0 2 2 5 2 5
   1 5 0 3 2 1 1 1 2 1 4]
  [0 0 0 2 1 4 5 1 0 3 5 3 0 3 3 3 4 1 5 2 1 4 0 5 5 2 0 3 3 3 0 3 0 4 1
   4 4 3 3 1 5 1 5 3 3 5 4 3 1 4 4 4 2 2 0 0 1 4 2 5 0 1 4 5 1 3 3 5 0 0
   2 0 3 4 4 1 5 5 4 5 1]
  [0 3 0 3 3 0 2 0 5 4 0 4 2 4 0 3 0 1 5 4 2 1 0 0 2 0 3 1 4 3 0 4 4 5 5
   4 5 0 2 2 3 0 5 0 0 4 2 2 4 5 4 0 4 5 0 0 1 4 1 0 3 3 1 4 0 5 5 3 1 2
   5 2 3 5 3 2 0 2 0 4 4]
  [0 1 1 2 5 5 5 2 2 3 0 1 2 0 4 4 4 4 0 1 2 3 4 5 2 5 2 1 1 2 1 5 0 3 0
   5 3 1 4 0 3 2 0 4 3 2 1 2 3 3 4 1 4 3 4 3 0 3 2 4 4 5 0 2 4 2 5 3 5 5
   0 3 5 3 2 3 0 2 3 5 0]
  [0 3 1 5 5 3 0 3 1 2 0 2 4 5 2 1 5 4 2 3 4 3 3 3 3 3 1 4 4 2 5 3 0 3 2
   0 5 2 5 2 2 5 2 0 4 0 5 1 1 0 1 5 0 3 2 2 0 0 0 5 3 2 5 3 0 3 0 3 3 2
   4 5 4 3 2 0 0 5 5 1 1]
  [0 0 2 5 4 3 0 1 3 0 3 2 3 0 4 5 4 5 3 2 2 0 2 0 1 1 0 2 4 1 2 5 4 5 0
   2 1 5 3 2 0 3 1 1 0 0 4 5 3 1 0 3 5 3 1 1 0 4 0 4 3 4 5 1 1 4 3 2 4 4
   2 2 3 3 0 4 0 0 0 1 1]
  [0 2 3 4 5 5 0 0 0 1 4 3 2 3 1 3 2 0 4 0 2 4 5 1 5 3 2 0 5 0 2 1 3 1 5
   0 5 5 0 4 5 1 0 0 1 1 2 4 3 5 2 5 2 2 0 0 5 2 0 0 0 1 3 2 2 1 0 3 1 0
   0 5 4 0 0 4 2 0 1 2 1]
  [0 3 3 2 3 4 5 3 2 1 0 0 3 3 3 3 5 1 5 2 1 5 3 0 1 4 4 0 1 3 1 0 5 2 3
   5 1 1 1 4 3 2 0 1 0 2 4 1 3 0 4 5 4 4 4 3 1 5 3 3 0 1 5 2 4 3 2 5 5 0
   3 4 5 3 4 3 3 4 3 4 3]
  [0 4 2 5 4 1 0 5 1 3 0 1 0 0 3 3 2 2 2 2 0 2 1 5 0 4 3 0 1 2 2 3 4 3 0
   1 5 0 4 4 4 4 4 2 0 4 4 4 4 2 0 3 4 5 0 1 2 3 2 5 1 0 3 3 0 3 1 2 4 0
   2 3 0 1 1 4 1 3 4 4 0]
  [0 3 1 1 1 3 5 3 2 1 1 3 0 5 0 0 2 4 2 4 5 1 4 2 2 5 1 2 4 0 5 1 4 2 2
   3 3 1 5 0 4 5 4 3 5 5 0 4 4 2 5 1 2 0 4 3 3 3 1 3 3 2 0 2 2 2 3 0 4 4
   0 1 5 1 2 4 5 5 2 4 2]
  [0 0 2 5 2 4 2 3 0 0 1 1 5 1 0 2 0 3 2 0 5 1 5 4 4 3 2 2 3 3 4 1 5 4 3
   1 5 0 5 4 5 4 0 5 2 1 0 1 4 3 5 2 2 2 2 5 1 0 4 3 2 5 3 0 0 0 0 0 1 5
   3 5 4 2 5 0 5 2 4 4 3]
  [0 1 4 5 2 2 2 0 3 3 5 1 3 4 3 2 2 2 5 5 3 5 0 4 5 1 1 3 0 3 1 3 5 2 1
   3 4 4 1 0 3 3 5 1 2 4 3 1 4 2 1 2 5 4 0 5 2 3 2 0 0 0 1 4 0 1 2 1 0 2
   0 0 5 1 4 2 0 3 0 2 1]
  [0 0 3 1 3 5 4 0 0 5 2 3 1 0 0 0 2 2 5 1 2 3 1 3 0 4 0 1 0 4 4 5 2 0 4
   4 3 2 2 0 0 0 4 2 5 2 2 5 3 0 4 3 1 1 1 3 3 1 4 5 0 1 5 4 2 0 0 5 5 3
   1 2 4 5 5 3 3 1 5 1 2]
  [0 5 4 3 4 2 4 2 2 0 0 0 3 5 3 1 3 0 0 5 0 1 5 1 5 1 3 5 3 0 5 4 3 0 2
   5 0 1 4 3 0 2 1 0 1 2 5 4 0 2 1 4 0 0 1 4 4 2 5 4 5 0 3 0 1 4 0 1 3 0
   1 4 2 5 5 1 4 4 0 5 4]
  [0 3 5 5 2 0 3 3 4 2 2 4 3 2 1 0 0 3 0 4 0 1 0 0 5 2 1 3 2 0 1 1 1 1 1
   0 2 1 5 2 0 4 5 2 3 0 0 5 2 3 4 0 3 5 1 5 1 4 4 5 5 4 2 3 2 4 1 0 1 5
   4 1 3 3 0 4 0 4 3 1 1]
  [0 2 1 0 3 1 2 5 1 3 2 5 5 1 4 0 1 2 2 0 4 1 2 2 2 0 1 3 5 3 2 1 0 5 4
   4 2 0 4 4 0 0 2 5 1 5 0 2 4 0 0 0 0 4 0 1 0 2 2 4 4 2 2 3 5 3 3 4 0 3
   0 4 3 1 1 2 3 4 3 4 1]
  [0 3 0 5 0 5 5 1 2 0 0 2 5 5 1 4 5 5 2 5 2 0 4 0 0 4 0 5 5 1 3 2 1 4 1
   2 4 5 4 5 1 4 2 0 4 0 4 4 4 3 5 0 4 4 1 2 5 3 5 3 5 2 4 5 5 1 3 1 1 0
   0 1 4 1 0 2 2 3 3 0 1]
  [0 2 5 1 0 3 2 1 4 4 1 1 2 0 5 3 5 3 5 4 4 3 4 2 5 2 5 3 5 4 4 0 4 1 1
   4 2 3 0 2 4 2 3 5 2 0 5 5 2 4 5 1 3 5 2 4 5 3 3 2 2 1 3 0 2 4 4 3 5 0
   0 4 2 0 5 1 0 4 5 5 4]
  [0 2 0 2 2 3 1 5 3 0 3 1 4 2 4 5 4 2 0 2 0 2 5 2 0 0 2 5 1 3 0 1 2 1 4
   0 1 5 3 1 3 1 0 3 4 3 3 1 5 0 5 3 1 3 5 5 3 5 5 4 1 3 4 5 4 4 2 0 3 2
   2 0 3 0 0 1 3 5 2 0 0]
  [0 2 0 0 4 0 4 0 2 5 3 1 2 3 2 1 0 5 2 2 0 1 5 0 2 1 5 5 5 3 0 4 0 1 4
   0 0 4 1 5 5 5 2 1 1 4 2 4 0 1 0 4 2 2 3 5 3 0 2 2 3 1 1 3 5 2 1 4 4 1
   4 1 0 0 4 2 3 2 0 5 2]
  [0 3 1 4 2 2 0 1 3 3 0 5 0 3 4 4 4 5 3 2 3 1 1 5 0 0 2 1 5 4 4 1 0 1 4
   5 1 2 2 3 1 0 4 4 1 1 2 4 2 0 3 4 5 2 1 4 2 3 0 4 4 5 1 5 3 0 5 5 2 3
   1 2 4 0 3 4 4 1 1 3 5]
  [0 4 2 5 1 0 3 2 1 4 0 5 1 4 1 5 2 3 3 4 5 0 3 0 4 1 3 4 3 1 2 1 1 2 2
   2 2 2 3 4 0 4 4 3 2 1 2 2 2 4 2 4 0 3 0 1 1 3 3 4 5 0 2 3 3 0 0 2 5 5
   4 3 3 5 0 2 3 1 4 1 2]
  [0 5 0 5 2 3 1 2 2 3 0 2 3 5 3 3 1 0 2 2 2 3 1 0 0 2 1 3 3 4 5 4 2 5 1
   5 1 4 1 1 4 3 0 4 4 1 1 3 1 1 1 1 4 3 0 4 4 3 1 4 3 3 2 3 0 1 5 5 4 4
   2 2 3 2 4 0 1 4 4 4 0]
  [0 1 0 5 3 3 2 2 3 4 0 3 3 0 3 0 3 5 0 4 5 5 4 1 1 5 0 2 3 2 1 5 4 5 0
   4 5 2 5 3 4 2 2 0 4 2 0 1 5 1 5 1 2 2 0 1 0 3 0 0 5 0 4 4 5 0 3 4 4 0
   0 2 4 2 4 1 0 3 4 3 0]
  [0 2 2 4 3 1 3 3 0 4 3 4 5 0 3 0 3 0 0 4 2 4 4 1 3 5 5 2 5 5 2 3 2 1 5
   4 5 1 5 2 1 3 5 3 0 5 3 1 5 1 1 0 1 1 3 2 2 4 4 4 4 2 2 2 4 4 3 3 0 3
   1 2 0 4 4 3 2 0 2 1 2]
  [0 0 5 5 5 1 2 1 3 1 5 5 2 0 2 5 4 1 0 2 0 4 1 0 5 1 2 2 3 0 2 1 4 1 4
   2 3 4 0 3 4 0 5 3 2 3 4 3 3 2 5 4 0 5 0 0 1 3 2 4 1 5 4 5 1 2 4 5 3 0
   5 0 1 0 3 4 0 3 0 0 1]
  [0 3 0 2 3 2 4 3 2 1 2 3 1 5 5 4 3 4 1 5 3 1 0 2 4 5 3 5 3 1 0 4 5 4 2
   4 4 5 2 4 5 2 2 3 1 4 4 1 1 0 2 4 1 1 4 4 3 2 1 3 1 4 2 5 1 1 4 4 4 2
   1 1 3 5 2 2 5 0 5 0 1]
  [0 5 5 1 3 1 5 1 0 0 3 3 3 3 4 3 1 3 1 1 4 1 5 3 4 2 0 3 2 3 1 0 0 3 5
   5 4 2 4 4 0 3 5 4 4 5 0 5 5 2 4 1 4 4 3 4 4 4 0 4 4 1 3 1 3 4 1 4 0 2
   1 2 4 2 1 0 2 1 4 3 0]]

 [[0 1 4 1 4 5 4 5 0 3 4 3 2 2 4 2 3 2 4 2 2 0 5 2 1 5 1 1 4 2 0 4 2 2 0
   5 0 3 3 4 5 1 0 0 0 5 1 3 2 1 3 5 3 4 2 3 1 0 1 2 4 4 1 5 1 1 2 3 0 0
   2 2 0 3 2 3 2 5 4 2 1]
  [0 0 0 1 1 2 4 0 0 2 3 5 2 2 0 3 5 0 5 3 0 0 1 4 0 1 5 2 5 2 5 5 5 4 0
   3 2 0 3 0 0 2 3 0 2 3 1 0 5 5 3 3 4 5 4 3 4 3 3 4 4 4 2 3 3 0 5 4 3 4
   1 4 4 0 0 0 5 3 2 3 3]
  [0 2 0 3 3 1 4 3 4 4 5 2 3 4 2 3 1 3 0 5 5 2 3 0 0 0 2 2 5 3 5 3 1 3 1
   3 2 0 4 2 4 5 0 0 3 3 0 5 0 4 5 5 1 4 5 1 0 5 5 1 2 5 1 2 3 1 4 1 0 2
   5 1 1 2 0 4 5 1 1 0 1]
  [0 5 0 0 5 1 5 5 2 4 3 5 4 3 1 2 3 1 5 0 0 5 3 3 3 0 3 0 2 0 5 2 0 2 1
   3 1 3 3 3 0 3 0 3 2 5 3 0 4 1 4 0 3 5 3 5 2 4 0 4 4 3 1 2 0 0 0 2 2 5
   1 0 3 4 0 4 2 2 5 1 4]
  [0 3 3 0 0 2 2 1 4 0 0 2 5 3 0 0 3 5 2 5 3 4 2 3 4 4 0 1 3 0 3 1 4 5 2
   4 0 1 3 3 4 4 5 2 1 4 3 5 2 0 4 3 2 3 3 0 0 3 5 1 0 1 0 5 1 2 5 1 5 0
   3 2 2 1 3 5 1 1 0 2 0]
  [0 0 3 4 1 0 5 2 3 1 5 3 2 0 0 0 4 2 5 5 4 4 2 3 5 2 5 1 4 5 0 5 2 1 3
   4 4 5 5 0 5 0 5 3 2 0 1 5 1 4 1 1 3 0 3 4 2 2 5 3 5 5 2 3 3 0 3 4 0 2
   1 3 1 0 2 3 2 0 0 2 2]
  [0 4 3 4 1 3 0 2 1 5 0 1 1 5 3 0 3 3 0 2 4 4 0 1 4 1 4 3 0 0 5 2 2 4 0
   3 2 5 4 5 5 1 4 3 4 1 2 3 0 0 3 1 0 1 5 0 5 4 2 2 2 5 3 4 1 2 2 0 4 5
   5 2 5 5 4 4 4 0 3 2 3]
  [0 4 1 2 3 4 2 0 5 1 2 3 2 1 1 1 2 3 1 3 0 5 5 5 4 1 3 3 3 5 3 5 1 3 3
   0 5 2 2 1 1 0 0 4 3 4 2 4 2 0 5 0 3 5 1 5 4 3 0 5 1 0 3 2 1 5 5 3 3 5
   2 4 5 2 4 5 4 4 5 3 3]
  [0 1 1 1 0 2 0 2 0 0 3 3 2 0 1 2 2 2 1 0 0 1 2 1 1 4 0 4 1 1 0 3 2 3 3
   4 2 0 0 2 1 3 3 5 5 0 5 5 5 5 1 1 0 3 1 0 2 0 1 2 4 0 2 4 0 3 3 5 0 0
   0 1 4 2 2 3 1 2 1 4 4]
  [0 3 1 4 5 3 1 1 2 0 1 2 4 4 0 4 3 5 0 0 3 4 3 5 1 3 0 4 4 5 4 0 0 5 0
   4 1 0 1 3 0 0 1 5 2 2 3 2 1 0 0 0 5 0 5 3 5 2 5 3 2 3 1 0 4 4 2 3 1 3
   0 0 2 1 1 0 2 5 1 1 0]
  [0 3 3 3 1 4 4 3 5 0 0 1 4 3 5 4 1 2 1 2 3 5 3 0 5 0 5 1 3 0 2 3 3 1 5
   5 1 5 4 1 3 4 5 2 0 1 5 5 5 3 4 1 2 0 4 1 2 5 5 2 0 1 3 4 1 0 4 1 3 4
   3 4 2 2 5 5 5 2 1 3 1]
  [0 1 1 1 0 4 1 0 2 2 4 0 4 4 0 1 4 1 3 1 2 2 5 4 4 2 5 4 2 3 0 0 0 2 4
   4 3 5 2 0 5 1 4 1 2 3 3 4 0 2 2 2 4 2 5 0 0 5 1 2 1 2 5 2 3 1 1 3 3 3
   1 2 0 1 0 5 0 0 3 1 1]
  [0 0 3 2 4 4 0 0 1 4 2 3 0 1 3 0 1 4 3 3 4 1 1 5 4 2 1 2 4 2 5 4 2 4 2
   5 0 1 1 3 5 0 2 0 4 2 3 3 2 2 1 1 1 1 5 5 0 5 3 2 2 5 3 5 0 2 1 4 0 1
   5 3 5 5 1 3 4 3 0 1 4]
  [0 1 0 4 0 1 0 0 0 1 0 3 4 0 5 5 5 1 0 4 4 1 2 5 0 2 4 5 4 1 1 0 4 2 0
   5 4 1 1 5 3 4 0 0 4 0 3 1 5 5 1 1 1 2 2 4 4 5 2 4 2 0 4 0 0 5 3 5 2 3
   0 4 4 1 1 2 5 0 1 1 2]
  [0 3 3 5 4 0 1 0 3 1 2 1 0 1 0 1 4 1 0 2 2 1 4 2 0 3 2 4 2 4 1 4 0 2 2
   5 3 2 0 0 2 4 4 4 0 5 1 2 3 3 0 4 5 2 2 5 1 3 0 1 3 0 0 3 0 3 2 3 0 3
   1 5 4 4 0 2 4 3 1 1 1]
  [0 5 5 4 0 0 2 1 5 5 4 5 2 4 0 0 2 5 3 1 1 0 5 1 4 2 5 5 3 0 2 5 4 4 2
   1 3 5 0 0 2 1 1 5 5 3 5 5 2 2 4 0 5 4 3 0 2 2 4 0 0 1 1 2 0 0 0 1 3 5
   1 5 2 2 2 1 4 4 4 3 2]
  [0 5 5 1 3 1 2 2 0 4 4 4 1 0 0 1 0 4 1 0 2 5 4 4 5 2 5 4 2 5 1 4 2 1 2
   0 1 3 4 4 2 1 4 0 4 3 2 1 5 2 3 1 2 0 3 3 4 1 0 2 5 3 5 3 0 4 0 5 3 2
   2 5 5 0 5 2 4 2 3 2 5]
  [0 4 2 3 4 2 4 1 1 5 2 4 4 5 2 5 2 0 3 2 5 0 0 0 2 5 4 0 3 4 5 4 3 4 1
   0 4 1 0 2 3 4 2 5 1 2 5 4 1 2 4 5 0 1 1 5 5 3 1 3 2 2 4 0 2 0 1 5 2 2
   0 2 2 0 5 4 4 1 4 0 5]
  [0 1 5 0 1 3 5 5 2 1 3 1 0 5 2 5 3 0 0 4 3 0 2 3 4 3 2 3 5 1 4 3 3 5 3
   2 4 3 1 4 5 5 1 0 4 0 5 1 3 1 0 2 0 5 4 3 1 4 5 5 3 4 0 3 1 2 0 5 5 1
   2 2 5 2 0 4 4 4 1 5 3]
  [0 1 5 4 1 2 2 2 2 2 1 4 2 1 1 4 5 4 3 0 5 4 2 0 5 0 3 5 4 0 0 5 0 0 3
   2 4 2 5 5 0 1 2 3 1 5 0 3 1 1 1 2 4 2 2 0 5 0 0 2 0 5 4 3 4 3 5 0 2 0
   1 5 1 5 1 3 5 0 5 4 0]
  [0 5 2 3 5 3 5 2 2 0 1 4 0 2 4 3 2 5 3 2 0 5 5 4 2 0 2 1 3 5 4 4 5 3 1
   2 0 3 5 3 3 0 4 2 5 0 2 5 2 1 5 0 3 1 0 1 4 4 5 4 0 0 1 4 2 5 4 3 2 0
   0 1 1 2 0 4 2 5 0 4 0]
  [0 3 2 5 4 1 0 2 5 4 4 4 1 0 1 1 4 4 5 3 5 0 0 0 4 4 4 3 0 3 4 0 5 1 5
   5 0 0 3 0 2 3 3 3 4 0 0 4 5 0 5 4 5 2 0 0 2 2 0 5 2 4 3 5 0 0 1 5 2 4
   4 1 1 2 5 3 0 5 5 4 0]
  [0 2 0 1 1 1 2 5 4 0 1 0 2 4 5 5 2 2 0 4 5 2 0 5 0 2 5 2 0 4 5 5 1 1 0
   4 4 1 4 1 3 5 2 2 1 0 0 0 3 3 2 2 1 4 2 3 2 2 0 4 2 5 3 5 4 0 4 4 1 3
   4 5 1 5 4 1 0 4 0 2 1]
  [0 2 0 2 5 3 2 5 3 2 3 5 5 2 3 2 4 2 1 2 3 4 3 0 1 0 4 2 0 4 1 0 4 3 5
   3 5 5 1 5 1 0 5 2 2 4 5 1 1 1 2 5 1 2 4 0 1 5 3 4 0 1 0 0 0 5 0 4 4 3
   1 5 0 3 2 5 3 4 0 1 2]
  [0 5 5 5 1 0 4 0 4 3 4 3 0 2 0 3 0 0 3 2 2 0 4 0 0 2 2 3 3 3 0 4 2 0 4
   2 2 0 1 5 0 1 1 5 1 0 5 0 4 3 0 2 4 5 5 2 2 2 0 5 1 4 0 1 1 3 3 5 3 3
   1 2 0 5 1 2 0 0 0 4 1]
  [0 1 0 1 3 2 0 3 4 3 0 2 0 5 0 3 1 1 0 2 0 0 3 4 0 0 1 0 1 0 0 3 2 1 0
   5 3 0 0 3 1 0 1 3 4 3 4 5 2 4 1 3 1 1 5 0 5 1 1 0 5 3 1 0 5 0 5 1 4 1
   3 0 1 5 2 4 2 3 1 1 3]
  [0 4 2 5 3 0 5 4 2 5 4 3 2 1 0 4 5 4 1 2 5 5 4 2 0 1 0 1 3 1 2 5 2 1 3
   0 2 2 2 5 3 5 4 3 3 3 1 4 2 3 3 2 3 1 1 1 2 2 4 3 3 2 1 0 5 0 3 2 3 2
   5 1 4 2 1 1 4 3 1 0 2]
  [0 0 0 1 4 0 0 0 3 4 5 1 3 5 0 0 1 4 1 2 4 3 4 4 4 1 4 0 3 2 3 2 2 4 2
   4 2 0 1 5 2 1 5 3 4 4 4 0 2 5 0 4 0 2 4 4 0 1 5 1 2 0 1 3 1 5 3 4 0 5
   0 5 0 2 2 3 5 2 5 0 4]
  [0 1 2 4 2 4 0 0 2 5 5 4 0 2 1 2 0 5 4 3 1 3 3 3 2 4 1 5 0 4 4 2 2 5 2
   0 2 0 0 1 0 1 2 5 3 5 2 0 2 0 0 4 5 3 1 5 3 1 1 3 4 0 1 5 4 3 5 0 0 0
   0 2 4 4 2 1 2 4 2 0 5]
  [0 4 2 3 3 5 1 4 3 2 1 1 2 1 5 4 1 2 4 1 2 3 1 3 4 5 0 5 5 0 2 4 4 5 3
   3 5 4 4 2 0 4 1 3 0 0 0 5 4 1 5 1 0 3 5 1 2 2 1 2 0 3 4 3 3 2 2 4 3 4
   0 0 5 3 3 4 1 0 2 5 5]
  [0 3 4 1 0 3 2 3 0 5 4 4 2 2 1 4 2 4 0 0 3 1 1 2 3 3 4 0 0 3 0 4 2 5 1
   2 4 1 4 1 1 3 0 2 2 5 4 3 4 4 2 0 0 1 0 0 3 2 5 0 5 3 5 4 3 5 5 1 2 0
   5 3 1 5 0 2 1 4 4 4 0]
  [0 1 4 4 0 4 4 3 3 5 3 0 2 2 0 5 5 5 2 2 5 0 1 3 0 0 1 5 2 4 2 0 2 0 3
   4 5 2 1 3 3 2 3 1 3 4 2 5 5 0 4 3 5 1 3 3 0 0 3 4 4 5 3 0 0 0 2 2 4 3
   0 0 1 3 2 1 3 5 5 4 1]
  [0 3 2 3 5 0 4 3 2 5 2 5 4 2 4 3 1 4 1 2 1 0 4 4 4 0 1 1 0 2 0 0 0 3 5
   0 3 5 4 2 2 4 2 3 4 2 3 4 5 1 0 5 4 5 1 5 1 0 1 2 5 3 4 4 0 5 3 4 0 1
   1 0 5 1 3 4 3 4 5 1 5]
  [0 4 5 3 5 1 5 5 0 2 5 3 5 4 1 0 3 0 5 2 4 2 4 3 2 5 3 2 5 2 5 4 2 0 3
   0 3 0 4 3 0 1 3 1 5 1 4 4 4 0 1 2 3 2 0 4 3 1 3 5 4 1 5 0 4 0 2 2 3 2
   4 1 4 4 4 1 0 0 4 2 0]
  [0 4 0 4 5 5 5 4 5 0 1 3 3 4 4 4 1 2 4 4 2 2 3 4 5 2 4 2 2 5 5 4 3 2 0
   3 0 2 5 1 4 3 2 3 3 2 5 2 2 5 0 2 5 2 2 2 5 1 1 5 2 0 0 5 4 5 1 5 2 3
   4 4 1 4 4 2 4 3 3 0 1]
  [0 1 4 0 3 4 1 1 0 1 3 5 3 2 5 2 0 2 0 5 5 0 3 4 0 1 0 0 0 5 5 0 2 4 0
   0 4 5 4 5 0 5 4 4 1 4 1 2 2 3 3 4 3 3 1 2 3 5 4 4 1 2 2 1 0 5 5 3 5 5
   1 3 5 4 2 1 3 4 4 1 2]
  [0 0 4 1 4 5 3 3 4 4 2 3 0 2 5 2 1 3 4 5 2 5 2 0 1 4 3 2 4 2 5 4 3 2 0
   0 0 0 5 2 0 4 1 4 0 0 3 2 4 3 0 1 3 0 4 2 0 3 4 4 5 1 0 3 5 4 3 5 5 5
   4 0 5 4 0 2 0 3 1 0 0]
  [0 1 4 2 1 0 4 5 0 2 2 3 0 4 3 2 0 5 2 1 1 4 0 1 3 2 0 3 4 3 3 5 5 3 5
   2 0 0 4 4 1 1 2 4 5 1 3 4 1 3 4 1 1 0 5 4 0 0 3 2 0 3 2 2 3 2 1 2 3 1
   5 3 0 1 0 1 4 0 2 0 4]
  [0 0 5 4 0 2 4 2 2 5 3 4 2 3 0 4 1 1 0 3 1 1 2 3 5 5 0 0 0 3 3 1 4 5 3
   4 1 2 0 0 3 3 0 3 3 4 5 5 3 3 5 1 2 4 3 3 5 0 5 0 0 3 1 3 0 3 4 0 0 4
   2 0 4 3 3 3 1 0 3 1 3]
  [0 2 5 5 4 4 1 3 2 4 2 3 1 2 0 4 1 5 5 3 0 0 1 1 1 0 4 4 1 4 5 3 1 1 0
   4 0 2 2 0 1 4 5 1 3 0 0 0 3 5 4 4 5 5 0 0 0 3 5 1 1 3 0 0 0 5 3 1 4 4
   2 2 5 5 0 1 5 5 2 2 3]
  [0 2 2 2 0 2 4 0 3 2 5 4 4 5 4 0 2 2 5 2 5 0 4 5 5 0 5 1 5 3 5 4 1 1 1
   1 1 3 4 2 0 4 1 1 3 5 2 1 0 5 3 3 1 4 3 1 2 5 0 5 4 4 5 3 4 4 4 5 3 3
   1 4 3 3 5 1 4 1 0 2 0]
  [0 1 2 3 3 0 1 4 0 2 0 0 3 2 4 2 3 1 3 2 1 4 5 5 3 2 5 5 0 3 1 5 5 5 0
   0 5 5 4 0 5 0 5 5 4 3 1 4 2 0 4 3 0 1 4 1 3 0 2 3 5 3 4 5 4 5 2 3 4 4
   3 3 2 3 2 1 5 5 3 1 1]
  [0 4 5 4 2 5 4 2 1 4 4 3 3 5 4 1 5 2 2 1 4 4 3 3 0 5 1 1 5 0 5 0 4 4 3
   1 5 0 1 0 1 2 0 5 5 2 3 4 5 3 2 2 0 2 4 5 1 0 0 3 1 0 4 2 3 3 3 0 0 1
   0 2 2 3 5 2 0 3 5 0 1]
  [0 0 2 2 0 4 4 1 1 4 2 2 0 5 4 3 1 5 2 1 0 3 1 4 5 5 1 1 2 5 1 1 1 1 3
   5 1 0 0 5 5 3 5 0 3 0 4 1 4 1 5 3 0 2 5 2 2 1 0 2 0 4 3 4 5 3 2 0 1 4
   5 3 0 1 4 5 1 3 4 4 1]
  [0 5 5 4 2 2 1 3 4 0 4 3 5 3 2 0 0 3 4 5 2 0 4 1 5 0 2 5 5 3 2 0 3 5 1
   2 2 0 1 2 0 1 2 3 0 4 4 0 4 4 0 0 1 1 1 3 5 2 3 2 5 0 1 1 4 3 2 4 3 2
   1 4 0 4 0 5 4 5 4 3 5]
  [0 4 4 0 1 4 5 5 2 3 1 0 0 2 3 2 5 2 1 4 0 5 3 1 1 1 0 0 2 3 1 1 5 1 3
   0 4 1 3 4 1 1 3 2 2 0 5 5 0 0 0 1 3 0 0 5 3 1 4 5 1 2 4 5 5 2 5 4 1 4
   4 3 4 1 2 3 0 0 1 1 5]
  [0 4 2 3 2 4 3 3 3 1 4 4 1 3 5 5 3 3 0 1 3 2 4 3 1 4 1 2 1 2 2 5 2 0 2
   2 4 1 1 1 3 3 3 1 0 4 0 3 1 0 0 3 5 4 3 3 4 4 1 1 5 2 4 5 4 2 0 3 1 3
   4 5 0 1 5 4 1 3 0 0 2]
  [0 3 4 3 4 2 2 1 1 2 0 2 1 4 0 2 5 4 3 3 0 5 0 4 5 5 2 0 5 1 2 4 5 4 1
   2 0 0 1 2 0 1 4 0 1 0 2 0 0 5 3 0 0 4 3 1 1 1 5 2 4 0 4 3 0 5 3 3 2 2
   4 0 3 2 0 3 5 1 5 2 4]
  [0 3 5 5 5 1 5 4 4 0 5 5 2 4 4 4 4 3 5 3 0 2 4 3 0 1 2 0 4 1 2 4 2 1 2
   0 2 4 0 5 3 0 3 5 2 5 4 4 0 0 5 2 1 3 3 2 0 0 1 1 2 5 4 5 1 0 4 2 0 5
   1 1 1 0 2 1 3 0 4 1 1]
  [0 2 2 5 4 2 1 2 4 3 3 3 2 5 1 2 5 1 0 3 3 5 5 3 3 1 2 5 0 3 2 4 2 5 4
   0 5 1 1 1 3 2 4 0 3 4 3 2 5 0 0 5 0 4 3 4 0 0 1 3 2 0 0 0 4 4 2 3 2 3
   1 5 2 1 1 3 5 0 5 4 5]
  [0 1 3 2 2 0 1 5 4 1 1 4 4 5 2 1 1 4 4 4 1 5 2 3 3 2 0 4 0 0 5 3 4 0 2
   4 0 1 4 0 5 5 5 5 1 4 5 3 0 1 0 0 3 1 5 3 3 5 3 5 5 5 5 0 3 4 1 5 2 3
   3 1 5 4 3 2 1 0 1 4 4]
  [0 1 5 3 5 4 4 5 4 5 1 4 3 1 1 1 2 4 3 3 2 5 5 1 4 4 5 1 1 5 1 5 4 0 5
   4 0 2 2 3 4 4 4 5 0 5 4 5 1 4 1 0 5 0 1 0 2 5 4 4 4 2 4 5 1 4 0 1 3 5
   3 3 5 0 5 4 1 4 2 1 4]
  [0 0 0 2 5 5 0 2 3 1 0 2 5 2 0 5 4 4 2 2 5 4 0 5 4 0 3 3 0 2 3 5 1 5 0
   4 0 1 5 1 3 3 4 3 1 5 5 2 3 2 2 0 0 2 3 5 5 2 1 4 3 3 2 1 5 1 5 1 0 1
   0 5 3 3 3 3 0 0 1 3 4]
  [0 5 5 5 1 2 0 5 1 1 5 3 4 0 5 2 5 4 4 1 1 3 3 1 1 1 2 3 3 4 5 4 0 0 4
   3 4 2 3 5 3 4 1 3 5 2 4 5 1 0 0 0 4 0 2 5 1 1 3 5 3 5 1 1 4 0 5 5 0 3
   1 1 3 0 3 0 1 5 5 1 1]
  [0 3 1 5 1 2 1 0 5 0 2 5 1 3 4 1 0 5 1 5 5 4 1 4 3 3 4 1 0 0 4 1 1 0 5
   2 5 1 1 2 3 5 4 0 1 4 2 4 5 1 1 1 0 1 0 1 2 5 5 3 0 2 5 5 0 1 5 4 4 5
   4 4 1 2 4 4 2 5 5 5 1]
  [0 0 2 2 3 0 4 4 2 4 5 4 1 3 0 2 1 3 1 5 3 1 1 5 5 5 1 0 0 4 3 3 4 4 4
   4 0 2 3 1 5 5 3 0 1 4 3 4 2 5 3 5 1 2 1 0 0 5 4 5 5 1 0 0 4 1 5 2 4 1
   0 5 1 3 5 2 0 0 1 5 2]
  [0 0 1 3 0 4 3 3 3 4 0 0 2 0 1 5 0 4 2 3 1 4 0 2 0 3 4 2 3 2 1 3 2 5 0
   4 0 2 2 4 2 4 1 3 5 2 4 1 0 1 1 0 3 5 2 0 0 4 5 2 0 1 3 0 2 5 5 1 1 2
   3 0 2 1 2 3 2 4 4 0 1]
  [0 1 1 1 1 4 5 3 0 1 2 5 0 3 5 0 2 2 2 1 2 0 0 0 4 3 2 0 3 5 4 3 0 0 4
   3 5 3 4 3 4 5 2 5 0 4 2 2 5 3 3 1 5 2 5 1 4 0 3 1 4 2 2 1 5 0 4 4 0 0
   1 0 3 3 0 1 3 0 1 1 0]
  [0 5 3 1 5 5 2 3 4 4 5 4 1 0 5 1 4 0 1 3 3 4 4 1 3 3 0 3 5 0 2 3 1 0 0
   3 3 4 4 3 3 3 2 2 2 3 1 3 3 2 1 4 5 4 3 1 2 3 0 0 3 0 4 1 2 4 2 1 0 5
   0 0 5 5 3 3 5 0 5 4 0]
  [0 5 3 0 2 2 1 3 3 5 0 1 4 5 4 4 0 5 0 3 5 2 4 4 0 1 0 2 3 1 1 1 2 4 4
   4 5 5 2 2 5 4 1 0 3 4 2 0 2 0 5 1 4 0 4 4 0 4 2 0 0 4 0 5 3 1 3 0 2 5
   5 5 0 3 5 4 1 2 0 5 2]
  [0 4 4 1 2 4 1 5 3 4 4 3 4 0 5 4 3 1 5 5 1 3 5 5 5 2 3 5 1 3 0 1 1 2 5
   2 3 0 1 5 4 1 1 5 2 1 4 3 5 3 5 0 3 4 0 1 1 5 3 5 0 2 1 3 2 2 3 5 4 2
   1 1 4 0 0 0 0 3 5 2 1]
  [0 3 4 2 2 2 2 5 4 3 0 3 1 5 4 5 1 3 5 2 5 3 1 2 4 4 3 0 4 2 4 4 0 5 5
   1 5 0 4 0 3 3 2 5 5 3 5 4 2 2 1 0 4 2 2 1 1 0 2 3 5 0 0 3 3 2 4 1 1 0
   2 4 4 1 2 5 3 4 0 0 2]
  [0 3 2 3 0 2 4 1 4 4 4 4 0 3 2 4 0 2 0 2 3 5 4 0 0 1 2 4 1 0 0 0 4 1 5
   0 5 3 4 5 1 0 0 4 1 0 1 5 2 0 1 1 3 4 3 1 4 5 1 3 5 3 0 3 2 3 4 0 4 3
   5 1 0 1 0 4 2 5 2 0 2]
  [0 1 5 2 4 3 2 5 2 1 1 0 4 0 4 1 2 3 2 1 1 3 4 5 1 4 3 1 1 2 4 2 5 0 5
   1 0 3 0 4 3 5 1 5 0 2 5 1 3 0 5 2 0 4 4 4 2 3 2 4 2 2 1 0 0 1 2 1 5 0
   1 3 3 4 3 1 4 5 5 0 0]
  [0 0 5 3 3 4 2 2 5 0 2 0 1 0 2 1 4 1 5 5 3 3 1 0 0 4 2 3 3 0 5 5 2 3 4
   1 3 5 3 0 1 1 0 0 2 1 5 4 4 5 3 5 0 3 4 5 4 1 5 1 5 5 1 2 0 5 1 2 5 4
   0 4 5 1 4 3 1 2 4 2 0]
  [0 3 1 5 5 1 2 0 5 5 3 5 1 2 3 3 3 1 0 5 5 3 0 4 3 1 0 4 3 0 5 0 1 3 1
   3 0 3 5 2 0 1 2 5 0 4 2 4 3 5 1 0 4 0 1 4 0 3 5 1 4 1 3 5 3 0 2 0 1 1
   3 3 0 5 3 1 4 1 5 4 2]
  [0 1 0 0 5 1 5 3 0 5 1 2 2 0 2 2 4 1 0 4 1 2 4 4 2 3 5 4 4 3 3 2 0 5 3
   3 3 5 1 4 0 1 4 2 4 0 3 4 3 0 1 1 4 0 5 1 1 1 3 3 1 2 5 5 4 3 0 5 2 4
   5 0 4 2 1 4 1 1 0 3 3]
  [0 2 0 3 3 3 5 0 5 4 0 5 0 4 0 2 3 0 3 2 2 0 2 3 0 1 2 0 4 0 2 5 2 4 3
   5 5 5 0 1 1 0 2 1 1 5 0 5 3 0 1 0 0 1 0 3 5 3 1 2 0 2 0 0 2 0 4 0 0 0
   3 3 4 4 0 5 2 2 5 3 5]
  [0 2 4 5 4 0 4 4 5 0 5 0 2 4 3 3 5 1 3 0 4 3 2 2 5 4 0 2 4 2 1 4 1 4 2
   0 4 4 0 4 0 3 4 3 2 0 4 4 4 1 4 1 0 4 5 3 1 0 0 5 0 4 3 0 2 1 1 2 0 3
   4 0 4 0 0 3 3 1 1 1 0]
  [0 3 3 0 1 5 5 5 0 4 0 0 3 5 2 5 4 4 2 1 5 3 2 1 4 0 5 5 0 5 1 0 5 3 3
   0 4 3 0 5 1 1 1 4 5 0 4 5 2 4 4 5 2 4 0 0 1 1 5 3 5 1 0 4 3 1 1 2 3 0
   1 1 0 4 2 3 5 2 5 1 1]
  [0 2 5 5 2 2 1 2 1 1 5 4 5 1 2 1 1 4 1 2 1 1 5 4 1 3 3 4 4 1 3 5 1 2 2
   1 2 3 4 3 4 3 0 5 0 1 2 4 4 2 2 1 4 1 3 1 1 0 3 3 0 3 0 4 4 4 1 3 0 1
   0 2 1 2 0 2 5 0 5 0 3]
  [0 3 0 5 2 5 1 3 5 4 0 2 5 4 0 3 3 4 3 4 1 1 0 0 0 3 3 5 2 3 5 0 4 3 0
   2 3 3 0 1 0 5 1 1 3 3 4 2 4 0 0 3 3 0 4 4 1 4 0 4 0 3 5 2 2 5 5 3 1 3
   4 0 4 0 1 3 1 2 4 4 1]
  [0 0 4 2 3 1 3 1 1 2 5 4 5 0 2 0 2 2 2 0 4 4 2 4 3 5 3 4 5 1 2 3 0 4 2
   2 0 0 1 4 1 1 0 1 2 3 4 2 5 2 1 2 4 1 0 3 3 1 0 4 0 4 1 3 1 4 5 5 4 1
   0 2 0 2 5 0 4 3 4 1 1]
  [0 4 4 0 5 1 4 0 0 5 4 0 0 4 1 1 3 1 1 2 3 4 3 1 5 0 4 5 3 4 4 5 4 3 2
   3 5 5 1 3 3 3 5 2 1 4 5 2 1 4 4 3 0 2 0 0 5 1 5 4 3 0 1 0 3 0 3 0 4 5
   5 1 0 0 5 3 3 4 4 0 2]
  [0 4 5 1 2 2 2 2 3 4 4 1 0 4 0 3 5 0 4 2 2 4 1 2 3 2 0 2 2 1 4 1 5 3 3
   4 5 5 0 3 1 1 2 2 2 1 1 4 2 5 5 5 0 1 0 0 5 4 0 0 3 5 3 5 0 5 0 1 5 5
   3 0 0 2 0 5 0 5 0 4 3]
  [0 5 5 0 2 2 1 5 0 1 1 3 1 4 1 4 4 5 0 0 3 1 3 4 3 3 5 5 4 5 4 0 5 4 3
   2 3 2 4 5 0 5 4 1 3 0 0 1 0 5 5 0 3 2 0 1 1 4 5 2 4 5 5 1 4 0 4 2 4 5
   3 4 5 3 2 0 2 1 2 4 4]
  [0 5 4 5 4 3 4 5 5 1 5 5 5 5 0 0 0 2 0 2 4 2 2 0 4 3 2 4 1 5 5 0 0 2 3
   4 5 3 2 5 0 0 1 3 4 0 0 0 5 3 0 5 0 2 0 2 0 4 5 1 3 3 5 5 1 5 0 5 3 5
   1 2 2 5 1 4 0 3 3 2 1]
  [0 3 3 1 1 0 4 2 3 3 1 2 4 0 4 5 4 1 2 2 2 2 2 1 4 4 0 0 1 2 4 3 2 2 5
   2 4 2 4 2 5 5 4 0 1 3 3 1 3 0 4 0 1 4 0 1 4 0 5 0 0 3 3 0 0 1 2 4 3 0
   5 0 3 3 3 4 2 0 0 0 3]
  [0 5 5 0 5 2 1 3 0 2 0 3 0 0 0 5 5 4 2 5 3 5 4 3 0 5 4 5 3 4 5 4 0 1 4
   5 5 0 0 3 0 4 3 3 1 5 2 2 1 0 0 5 0 5 0 2 2 4 0 3 3 2 4 0 0 5 4 3 4 1
   3 1 2 3 4 5 0 4 0 4 1]
  [0 4 4 0 4 2 4 2 3 4 1 4 3 2 1 4 3 0 3 3 5 5 1 2 0 3 4 0 3 2 5 0 0 2 4
   2 5 5 0 1 1 3 3 5 5 0 0 5 3 1 0 0 0 3 1 3 4 5 3 3 5 2 4 3 1 2 2 4 2 3
   0 2 1 3 1 0 3 5 4 0 0]
  [0 5 4 0 1 3 4 5 4 3 3 4 5 5 2 5 3 1 4 4 0 3 2 3 5 5 5 4 3 4 3 1 4 2 2
   1 5 3 1 1 0 4 0 4 0 3 5 2 0 1 4 2 2 5 3 1 5 5 3 2 3 0 4 4 5 3 5 5 2 3
   1 4 3 4 4 4 4 2 2 1 0]]

 [[0 2 1 0 2 5 1 3 3 3 5 3 3 0 0 5 0 1 4 4 2 1 5 5 1 3 0 4 2 3 1 0 0 3 2
   0 3 2 3 1 4 0 5 0 2 2 1 0 3 3 1 2 0 2 1 5 4 0 1 2 2 1 4 0 3 0 5 3 5 3
   5 4 5 4 3 1 2 4 4 0 4]
  [0 0 5 1 0 2 3 0 1 2 2 3 0 3 1 4 1 4 3 2 3 1 4 1 5 3 2 1 1 2 2 3 3 2 1
   5 4 3 5 5 5 1 1 1 5 1 0 5 1 1 2 4 2 1 0 1 5 2 4 0 0 3 5 5 4 3 0 1 3 3
   5 3 0 2 0 0 1 4 5 4 5]
  [0 4 0 5 0 0 5 4 2 1 0 1 1 2 3 0 1 2 0 3 2 3 4 0 0 0 5 3 1 4 5 1 3 2 4
   3 1 5 3 4 0 5 0 3 1 4 4 2 3 1 5 4 0 0 5 4 2 3 1 2 1 1 0 4 5 5 0 5 1 2
   0 1 3 3 5 0 3 4 0 1 4]
  [0 1 2 0 1 0 3 4 5 5 0 1 4 0 3 0 1 1 4 2 5 0 4 5 0 2 0 1 1 3 4 0 0 1 3
   5 2 1 3 5 1 3 0 1 1 5 0 2 4 1 5 2 5 2 2 2 5 3 5 2 4 5 1 2 4 2 0 5 5 4
   4 1 5 4 1 4 0 3 5 0 2]
  [0 1 1 4 0 0 1 3 2 4 2 5 4 0 2 4 2 5 0 3 2 1 4 0 0 3 1 5 2 0 3 4 3 4 2
   1 4 3 2 0 4 3 4 2 2 2 3 2 0 1 4 0 2 4 0 3 0 5 0 0 3 4 1 5 0 3 4 0 1 5
   2 1 2 1 2 5 2 1 4 4 0]
  [0 5 4 1 5 0 5 5 1 3 5 0 2 5 3 1 3 3 4 1 2 3 3 1 4 0 0 5 2 3 5 4 1 4 0
   1 2 3 5 0 4 2 5 0 5 0 5 1 3 4 5 2 4 1 4 1 2 4 1 4 4 2 2 2 1 2 5 2 5 0
   0 4 3 3 3 1 1 4 3 2 1]
  [0 3 2 3 3 1 0 5 3 4 0 4 3 0 5 2 4 5 5 2 4 1 3 2 0 1 2 0 1 4 2 3 1 3 4
   0 5 4 5 2 0 5 5 2 1 3 4 1 4 5 4 3 0 5 0 4 4 4 2 2 3 0 1 1 2 3 2 5 4 4
   4 1 1 1 5 2 0 4 3 4 2]
  [0 3 0 3 0 2 5 0 3 4 0 5 4 5 4 1 4 0 4 5 2 4 3 5 5 4 1 5 1 1 2 0 4 0 0
   4 5 5 2 3 3 5 4 3 1 1 5 5 0 4 4 5 1 3 3 5 2 2 0 3 2 5 5 2 2 2 2 4 4 0
   2 1 4 2 2 5 2 0 4 2 5]
  [0 5 3 1 4 4 4 0 0 2 1 0 2 3 4 3 0 1 2 0 1 3 5 2 2 0 4 2 2 5 1 5 0 1 3
   4 5 2 4 4 1 0 2 2 5 4 5 5 2 1 0 4 1 3 3 2 0 3 5 3 5 0 5 1 0 2 2 0 2 0
   5 5 3 1 0 5 0 0 3 4 3]
  [0 4 2 5 3 1 1 5 4 0 1 2 3 5 0 1 2 4 4 0 5 5 0 4 4 2 4 3 0 2 2 4 5 4 3
   3 4 3 1 4 5 4 0 0 3 1 4 1 0 1 3 2 3 5 0 2 3 3 3 5 4 3 0 3 1 5 5 2 0 2
   5 3 1 5 0 3 5 4 2 4 5]
  [0 5 4 2 5 4 4 1 3 5 0 3 5 5 5 3 2 3 2 4 0 1 3 1 2 3 5 3 4 0 2 2 2 1 5
   0 0 1 3 0 4 0 5 2 4 4 0 3 4 3 1 0 1 4 2 5 1 3 3 2 3 1 1 3 1 3 1 2 4 2
   4 2 0 5 0 3 1 2 2 1 3]
  [0 0 1 5 0 0 3 1 2 3 0 0 3 5 5 4 5 2 0 3 3 0 5 3 3 4 3 0 4 1 5 2 1 2 5
   5 5 3 2 3 2 2 1 3 4 1 4 0 2 1 2 0 2 1 3 1 1 0 5 0 1 3 4 4 1 1 3 2 0 2
   0 2 5 3 3 5 3 4 1 1 5]
  [0 2 5 5 0 0 0 1 4 4 5 2 0 3 1 0 5 4 5 4 0 1 5 2 1 3 5 1 5 3 3 1 2 4 1
   4 4 5 1 5 1 5 5 1 1 5 0 4 3 5 0 5 0 1 2 4 1 2 1 1 1 1 3 2 5 1 3 1 2 2
   0 5 5 3 3 4 4 1 5 4 4]
  [0 2 2 0 0 4 2 5 3 4 5 0 2 0 3 0 4 1 5 0 0 1 0 5 3 3 2 1 5 1 2 2 1 3 2
   4 3 3 0 5 2 5 1 2 1 3 2 1 3 5 5 0 1 1 4 5 1 0 1 2 3 4 1 1 5 3 2 5 1 0
   2 5 0 5 2 1 1 4 1 3 4]
  [0 1 2 1 1 5 0 2 2 3 1 2 2 3 0 5 4 4 5 5 3 5 5 0 0 0 1 3 3 1 5 1 0 2 4
   2 5 4 0 0 4 4 5 5 4 2 3 3 1 3 0 2 3 5 3 2 3 5 1 3 5 5 5 2 2 4 1 5 0 4
   5 5 4 0 4 3 0 0 1 2 5]
  [0 1 1 0 1 3 1 3 3 3 4 3 2 2 4 0 4 1 0 5 5 5 0 3 0 0 1 2 5 4 4 5 2 0 3
   5 0 1 0 2 4 1 2 2 4 0 0 4 4 5 0 2 5 2 2 3 4 4 5 4 4 0 0 0 0 1 1 2 3 0
   1 1 5 3 2 4 1 1 0 0 3]
  [0 4 5 0 4 2 4 4 4 4 2 5 5 5 0 4 0 3 4 4 3 5 0 1 3 3 2 5 1 4 5 5 1 0 3
   5 4 2 1 5 1 2 2 2 0 3 1 5 2 5 3 1 4 5 2 2 1 1 0 2 4 4 5 1 0 3 3 5 4 1
   1 4 5 5 4 3 3 1 0 3 3]
  [0 5 2 5 1 0 5 0 0 5 0 3 2 1 5 2 3 0 0 1 3 5 2 1 3 5 2 4 0 0 1 1 2 3 3
   5 2 4 0 2 3 2 1 3 0 5 0 1 3 3 1 2 3 0 2 3 1 2 1 4 4 1 2 5 0 0 0 2 2 5
   1 5 5 2 0 0 0 4 3 3 2]
  [0 5 2 0 1 0 5 5 1 3 2 3 4 2 4 5 2 5 0 3 0 4 5 4 2 1 3 3 1 1 0 2 5 3 5
   5 0 1 4 5 5 0 1 2 4 2 5 1 1 0 2 3 1 5 0 1 2 2 2 5 0 1 1 3 2 1 2 5 0 5
   5 4 2 1 0 5 3 1 1 0 3]
  [0 2 0 4 0 1 5 0 5 5 3 1 5 2 4 3 3 1 0 0 3 0 0 1 0 3 2 0 5 0 5 2 0 0 0
   3 1 0 2 2 0 4 1 1 5 1 3 0 2 3 1 2 1 2 5 5 2 4 0 2 1 0 5 1 3 5 5 0 4 2
   2 2 0 3 3 5 2 4 1 2 5]
  [0 2 3 3 2 5 0 3 5 3 5 1 2 1 5 1 4 4 4 5 0 5 0 0 1 1 5 1 0 1 2 4 5 4 2
   1 4 3 0 0 3 4 5 4 4 3 0 2 0 4 4 5 5 5 5 3 2 3 0 4 4 3 0 1 4 3 1 5 4 5
   3 2 5 4 3 3 0 1 2 0 4]
  [0 0 0 5 0 4 2 4 0 2 2 5 1 3 4 4 2 4 0 3 0 0 2 4 3 0 3 2 4 4 5 5 5 3 5
   0 0 5 1 0 2 3 2 3 3 4 5 4 0 2 3 2 0 1 4 2 5 5 3 2 1 4 0 1 2 1 1 3 5 5
   5 2 1 3 0 4 4 4 0 1 3]
  [0 0 0 0 2 4 2 1 1 0 4 1 2 1 2 2 2 3 5 2 3 0 0 4 1 3 2 2 1 2 2 2 4 1 1
   3 2 1 5 4 5 0 2 2 1 3 4 2 5 3 4 5 2 0 2 3 5 4 3 0 1 5 4 2 3 5 5 1 2 0
   3 1 1 1 4 5 1 1 4 0 0]
  [0 5 4 4 3 4 4 2 0 2 5 2 4 2 0 0 3 1 0 4 2 0 1 0 5 3 1 0 5 1 5 2 1 3 3
   0 4 5 4 4 1 2 5 1 5 5 5 1 0 5 2 4 2 5 2 1 3 1 2 0 1 0 3 1 1 4 5 3 1 4
   5 4 1 3 1 3 5 1 3 3 3]
  [0 5 2 2 4 0 3 0 5 1 5 2 1 3 5 1 0 3 0 0 5 5 4 5 0 0 5 3 4 4 3 4 1 5 5
   0 5 4 0 3 2 4 0 0 4 5 1 0 2 1 0 4 0 5 1 0 0 4 1 1 0 5 3 2 0 4 2 0 1 0
   5 3 2 4 3 3 0 5 2 1 0]
  [0 5 3 3 5 1 4 1 2 3 2 1 3 4 5 0 1 2 4 0 0 3 0 5 4 0 3 5 0 3 1 2 1 1 2
   3 1 5 0 0 4 2 0 2 2 1 3 4 5 1 0 0 3 4 2 3 1 4 0 4 1 0 2 0 0 1 1 2 0 3
   0 0 4 0 2 0 0 0 4 1 0]
  [0 5 0 0 2 4 3 2 4 3 1 4 4 4 0 3 0 1 1 1 5 5 0 3 0 1 0 1 0 2 4 3 0 4 3
   2 5 3 0 5 0 4 1 4 3 0 0 3 1 2 5 2 2 5 0 4 3 1 2 5 2 3 4 3 5 2 2 3 0 0
   2 2 2 1 3 4 3 0 5 2 3]
  [0 4 1 0 3 2 5 2 5 3 2 1 4 3 1 4 1 5 0 1 0 2 3 4 2 4 5 0 1 1 2 2 1 2 1
   2 0 5 4 5 2 2 1 3 3 2 1 3 1 2 2 3 3 5 0 0 0 2 4 5 4 1 1 1 2 2 4 3 3 1
   5 5 2 4 4 2 0 1 0 3 1]
  [0 0 3 4 1 1 5 4 4 4 2 0 0 4 5 2 0 1 4 0 1 5 2 1 3 4 0 3 0 1 5 5 5 3 1
   5 3 3 1 0 1 0 1 0 3 4 5 3 5 4 4 1 3 5 4 1 4 3 5 4 1 0 2 5 4 4 4 5 5 5
   4 0 4 2 1 4 0 2 0 3 1]
  [0 5 1 5 5 4 0 1 5 1 0 3 2 2 3 5 4 4 3 4 1 2 1 1 1 2 0 5 4 0 2 1 0 1 4
   0 1 5 5 5 5 2 1 1 5 0 2 0 5 5 4 1 4 4 3 4 0 1 4 5 3 2 5 5 4 2 5 2 3 5
   2 1 5 1 4 3 1 3 0 0 3]
  [0 1 2 1 1 3 4 1 3 3 5 3 2 5 4 1 4 1 3 4 0 3 0 3 0 5 5 0 4 3 0 4 2 0 3
   5 5 3 3 0 5 3 2 1 5 1 0 5 2 1 2 0 4 0 2 2 4 2 2 5 4 2 0 3 2 0 3 5 2 2
   0 1 2 2 3 2 2 3 2 4 0]
  [0 3 5 3 3 1 3 0 1 0 0 4 3 3 2 1 1 5 4 2 3 3 5 3 3 2 1 0 5 0 3 0 5 1 4
   0 5 3 1 5 3 2 5 2 4 1 2 1 2 5 2 5 3 2 1 1 1 0 4 0 1 0 3 2 5 3 1 1 4 1
   4 5 1 3 2 0 0 1 3 3 0]
  [0 2 4 0 4 1 3 5 2 4 3 0 3 4 0 0 2 0 2 3 0 4 3 0 1 4 0 3 5 1 5 0 0 3 0
   3 5 5 2 4 4 1 4 4 4 3 0 3 1 5 5 2 1 1 2 4 4 0 0 3 2 5 5 4 1 3 3 4 0 2
   0 4 5 1 0 5 3 5 2 2 3]
  [0 3 4 4 5 3 0 0 5 0 3 4 0 5 5 1 0 4 0 3 3 4 1 4 1 2 4 5 5 1 0 1 5 0 2
   1 1 5 1 5 2 1 1 3 0 3 2 0 2 3 2 3 4 5 4 3 2 3 2 2 0 2 4 5 0 0 4 2 5 5
   4 3 1 4 1 5 0 5 5 1 0]
  [0 2 1 0 2 3 3 5 0 5 3 1 2 0 5 3 2 0 5 1 3 3 4 5 0 2 2 5 0 1 5 2 0 1 0
   3 5 1 2 1 1 4 4 5 5 5 0 2 0 1 3 4 5 5 3 5 0 5 4 4 1 4 2 3 2 5 5 5 3 4
   3 4 3 5 5 4 1 4 2 0 1]
  [0 0 4 4 4 3 4 4 4 4 2 1 4 3 2 4 1 3 0 3 1 1 5 0 2 5 2 4 1 5 0 3 5 2 0
   0 5 2 3 2 3 1 1 4 5 0 3 0 4 0 4 4 2 5 2 5 2 5 2 1 2 4 3 0 5 3 0 5 3 3
   0 2 4 0 3 1 5 4 2 4 3]
  [0 5 2 5 1 4 0 0 5 3 3 0 5 2 0 0 5 4 4 5 3 3 4 2 1 0 2 0 3 5 1 3 0 4 0
   2 0 4 4 3 4 4 2 2 4 0 0 4 1 4 3 2 2 1 2 5 1 0 2 2 4 4 3 1 1 0 2 0 3 0
   0 0 5 1 4 2 2 1 0 1 0]
  [0 3 2 3 2 5 2 4 4 0 0 1 1 5 3 5 2 3 2 1 0 4 1 3 0 2 5 5 5 2 5 4 5 3 2
   5 0 0 0 4 3 5 0 4 3 2 3 0 1 5 0 5 1 3 0 4 4 5 5 2 5 2 4 4 4 1 3 2 1 2
   5 0 1 0 2 2 2 4 3 0 5]
  [0 4 0 4 4 5 0 4 5 2 2 2 0 3 3 0 1 1 0 1 0 0 3 3 4 0 5 4 3 3 0 4 1 2 4
   4 4 2 0 1 3 1 0 4 2 0 1 0 2 0 2 2 2 1 1 2 4 4 3 2 5 0 5 2 5 5 4 4 2 0
   0 3 3 5 0 0 5 5 3 4 1]
  [0 0 0 1 4 0 2 3 4 3 5 3 4 2 3 3 2 1 3 4 0 5 2 1 3 5 0 5 4 4 4 5 5 0 5
   3 1 1 1 0 0 0 4 3 5 0 3 3 1 0 4 4 1 5 1 3 1 1 1 0 0 3 5 1 3 4 0 5 1 4
   1 4 1 5 0 0 4 3 1 2 0]
  [0 1 1 5 3 5 1 1 5 0 4 1 3 2 5 5 2 4 0 0 0 2 5 4 2 5 0 0 1 1 3 3 1 1 1
   5 4 1 0 5 0 5 0 4 5 4 3 1 2 1 1 1 2 0 2 5 5 3 4 0 2 2 5 2 0 4 4 1 1 5
   5 1 3 1 3 3 3 0 2 5 5]
  [0 3 3 5 3 2 1 0 0 3 2 5 5 5 4 2 3 5 5 2 4 4 1 0 5 1 0 0 4 1 1 5 5 0 2
   4 5 2 5 0 2 0 4 5 0 5 1 4 1 0 1 2 2 1 0 1 1 5 4 1 3 3 3 2 1 0 3 0 3 3
   5 0 4 5 5 1 5 2 0 3 1]
  [0 5 0 4 3 1 2 0 2 3 1 2 0 5 5 0 2 3 0 4 0 1 1 5 3 1 0 1 2 5 0 0 0 3 3
   5 3 2 3 2 0 1 0 5 0 1 5 5 0 5 4 5 0 3 1 1 5 4 3 3 5 3 2 4 4 3 3 4 5 1
   3 5 5 2 1 2 2 3 0 0 5]
  [0 2 0 1 1 5 3 5 3 4 1 0 4 5 3 2 5 0 1 0 1 1 5 4 1 4 5 1 4 1 2 0 5 5 3
   0 2 2 3 0 3 0 5 0 3 3 1 0 4 3 1 3 2 2 1 4 3 1 0 5 2 3 0 0 0 0 3 0 3 4
   4 4 5 0 0 2 3 3 4 2 1]
  [0 0 4 1 4 4 0 2 0 3 1 3 5 0 3 5 0 2 5 2 3 4 5 4 5 2 3 3 2 2 1 5 0 5 4
   0 3 5 3 5 2 5 0 5 0 1 5 2 5 3 0 4 1 3 4 3 5 4 5 3 3 4 3 0 5 1 1 3 1 1
   0 1 3 1 3 3 5 0 5 1 4]
  [0 2 4 3 2 0 5 2 0 0 2 1 0 4 4 1 5 5 1 3 3 5 3 1 1 1 0 3 3 5 4 4 3 0 3
   3 3 1 1 5 4 4 2 4 4 0 1 0 4 4 4 4 2 5 2 5 2 5 4 4 1 4 4 0 1 3 1 3 1 1
   4 2 2 3 2 3 4 1 5 2 0]
  [0 1 5 1 0 3 1 3 2 4 3 5 4 3 4 3 4 4 0 3 3 4 4 4 1 5 2 5 1 4 0 1 1 4 4
   2 1 2 4 3 0 1 0 0 5 3 0 0 5 5 0 4 2 3 4 5 3 0 0 5 4 4 4 0 0 5 3 4 5 2
   0 1 4 1 5 5 5 3 0 0 0]
  [0 0 5 5 2 2 3 4 3 5 4 4 0 2 5 0 5 4 2 2 3 1 3 0 5 1 3 4 1 4 0 5 4 5 2
   0 4 3 4 5 4 4 4 1 1 0 1 0 0 0 2 3 5 0 0 4 0 1 0 0 2 2 4 2 3 4 4 2 1 4
   1 2 1 5 1 0 5 4 3 3 3]
  [0 4 4 5 4 1 1 1 5 3 3 5 4 0 5 0 5 0 2 3 4 1 3 0 1 1 5 0 2 2 4 2 4 5 0
   2 2 4 3 3 4 5 4 3 3 0 4 1 0 3 3 3 1 1 5 2 5 1 5 2 1 2 3 3 0 5 5 2 3 3
   4 1 0 2 4 5 1 4 4 0 1]
  [0 2 4 5 0 0 1 5 0 4 1 0 4 3 5 4 3 3 2 3 0 4 5 5 5 0 1 0 2 5 2 2 5 2 5
   5 3 5 1 1 3 1 1 3 3 3 2 0 5 0 3 5 3 0 4 2 4 0 1 1 2 0 5 5 5 3 1 5 4 3
   2 1 0 3 0 2 4 5 2 4 4]
  [0 1 2 1 0 3 0 3 5 3 1 1 0 3 5 3 5 1 3 2 5 2 5 4 1 3 2 0 2 0 1 3 3 0 0
   3 3 4 5 2 5 3 2 4 3 4 2 2 2 4 0 0 0 1 2 3 4 0 5 0 1 1 2 5 0 5 0 4 4 3
   3 1 4 4 5 2 1 4 2 3 2]
  [0 3 2 5 2 0 5 1 1 2 0 0 5 2 1 3 0 2 1 3 2 0 5 1 4 1 0 1 5 4 2 2 2 1 5
   5 0 2 5 5 0 5 1 5 1 5 2 1 0 2 3 0 3 2 5 4 3 0 3 1 4 0 2 3 5 4 2 5 5 1
   4 3 5 1 5 2 3 3 4 4 2]
  [0 4 5 3 4 4 1 4 4 5 2 1 3 1 3 0 5 0 3 3 1 0 3 4 4 0 5 2 4 2 2 5 4 1 0
   0 1 3 2 4 4 4 4 0 2 3 2 2 5 2 0 2 0 5 1 3 4 4 5 3 4 2 0 1 4 0 4 0 3 0
   2 1 1 4 2 1 1 3 2 3 3]
  [0 4 1 3 0 1 1 2 1 3 0 5 4 4 0 3 2 0 4 0 0 3 2 4 0 4 1 5 1 1 1 2 2 0 5
   5 0 0 0 3 0 3 5 5 5 4 0 0 4 5 5 3 3 0 3 4 3 4 4 3 5 0 5 2 1 0 3 1 1 1
   0 4 3 0 2 5 5 0 4 3 2]
  [0 1 2 5 3 2 0 5 4 4 0 2 3 5 4 5 4 5 1 0 2 2 2 3 1 0 5 4 5 3 0 3 2 0 1
   4 0 5 3 2 2 0 4 3 5 1 1 1 0 3 5 3 5 5 0 5 3 5 2 5 3 5 2 5 1 2 1 3 2 5
   1 3 5 3 5 3 3 5 1 0 4]
  [0 0 0 1 3 5 5 5 0 0 5 5 4 0 0 4 0 2 3 5 4 0 2 5 4 5 5 4 5 2 3 2 1 0 2
   2 3 1 3 4 3 5 3 5 0 1 1 4 0 1 3 5 4 4 5 0 2 1 3 2 0 5 3 2 4 1 2 1 5 2
   0 3 0 4 2 5 0 3 4 4 4]
  [0 3 0 5 0 1 1 3 0 2 4 1 3 5 0 0 4 1 3 2 4 0 0 2 0 1 4 4 2 1 5 2 3 1 1
   4 0 3 3 0 4 2 5 5 0 0 4 0 3 1 5 5 2 4 4 5 0 0 1 5 0 5 4 4 5 0 2 5 1 0
   3 3 1 3 4 1 5 1 2 5 4]
  [0 5 3 4 3 5 3 3 2 0 0 3 4 5 4 0 3 0 2 1 0 4 0 4 3 1 5 4 3 3 0 5 4 2 5
   2 3 5 3 5 0 2 5 3 2 5 2 1 5 3 3 1 3 1 4 0 4 0 4 2 5 5 2 0 4 5 1 0 0 3
   3 1 3 1 3 3 4 4 1 4 2]
  [0 3 1 1 3 0 2 0 0 5 3 2 2 4 1 3 0 2 1 4 5 5 5 4 4 4 3 0 4 3 5 0 4 1 4
   0 2 5 0 5 1 2 1 2 0 5 5 5 3 4 1 2 4 2 5 0 4 5 0 5 3 4 5 2 0 3 2 1 4 3
   3 3 4 4 4 1 0 4 1 0 2]
  [0 2 4 1 2 5 2 2 4 3 3 4 5 4 3 2 0 5 1 5 2 0 2 0 1 0 0 5 4 4 3 1 3 3 2
   3 2 3 3 4 1 2 3 3 1 3 3 3 1 5 5 2 4 5 0 4 4 0 5 0 5 4 4 5 4 1 1 4 2 0
   0 3 0 3 5 0 3 5 3 2 4]
  [0 4 1 2 1 5 5 0 2 1 4 0 2 0 5 5 3 1 5 2 3 4 4 3 1 4 5 0 3 4 5 2 2 3 0
   4 5 0 1 0 4 1 5 3 4 2 5 5 2 2 5 3 4 1 0 3 2 0 2 5 0 5 1 4 5 4 5 1 4 5
   4 4 5 2 0 5 3 5 0 1 0]
  [0 4 0 2 3 4 5 5 4 1 5 4 0 0 1 2 4 1 4 1 2 5 5 3 0 0 3 5 4 3 3 3 1 1 1
   5 5 5 1 0 4 4 0 0 0 0 1 3 3 3 1 5 1 0 1 5 1 0 0 4 5 0 0 5 3 5 4 5 3 0
   2 3 0 0 2 2 1 3 2 1 4]
  [0 2 4 2 3 3 1 0 3 2 3 4 4 5 4 4 2 3 5 1 4 1 1 0 5 1 0 5 2 1 3 1 3 4 2
   1 4 1 0 2 5 5 1 0 5 4 3 0 4 3 1 1 1 4 4 0 1 3 4 3 3 2 0 5 1 0 1 1 3 0
   3 2 2 1 2 4 5 4 5 2 5]
  [0 2 1 4 4 4 2 2 4 1 5 5 3 3 0 3 0 1 2 2 4 2 4 1 1 0 2 5 5 4 4 4 2 1 5
   4 2 0 5 0 4 1 0 0 5 0 5 5 4 0 0 4 3 2 3 0 2 0 2 4 2 4 5 0 5 1 4 2 1 4
   4 5 0 5 2 2 2 1 4 3 0]
  [0 1 4 0 3 1 1 1 1 0 3 0 3 0 4 2 0 2 0 4 5 0 2 0 5 1 5 2 2 0 2 2 5 1 3
   3 0 5 4 1 2 5 3 5 5 1 0 5 1 1 1 2 3 5 2 5 1 5 3 4 4 1 5 0 0 3 2 5 5 3
   0 0 0 5 2 0 4 4 5 4 1]
  [0 5 5 3 0 5 3 3 0 2 5 4 0 5 4 4 3 3 2 2 1 2 1 4 0 4 0 4 1 4 0 0 3 2 2
   2 4 4 3 0 1 3 0 5 5 5 4 0 2 1 5 0 5 4 5 2 5 5 5 1 1 1 1 4 1 0 5 0 2 4
   2 0 0 0 4 4 4 0 3 1 2]
  [0 5 4 4 5 5 2 5 5 0 5 4 4 2 2 4 2 5 5 4 3 0 1 5 0 4 5 3 4 1 3 0 1 2 3
   2 3 5 1 0 0 4 3 0 0 4 5 2 4 5 4 2 2 0 3 3 1 5 0 3 5 4 0 3 0 5 0 1 1 3
   2 3 5 1 3 1 3 0 4 5 3]
  [0 2 2 4 0 2 2 5 0 3 2 5 4 5 4 5 5 4 0 0 5 0 1 4 0 1 2 1 0 1 4 3 1 0 1
   5 1 5 2 2 2 1 3 4 2 1 5 5 0 3 5 2 4 0 4 5 2 1 0 3 4 1 3 3 4 2 0 0 0 5
   1 1 4 4 0 0 0 2 4 1 3]
  [0 3 5 1 1 2 3 0 2 2 0 0 1 0 2 0 2 5 1 0 0 0 5 0 0 0 1 4 1 2 5 3 4 2 1
   5 3 5 3 4 3 1 2 3 1 5 4 1 3 3 5 0 2 4 5 3 5 3 0 4 1 3 2 5 5 1 1 1 0 5
   5 1 4 5 5 5 5 2 1 5 3]
  [0 2 0 2 4 5 3 0 4 0 2 1 0 4 3 0 3 3 2 3 0 4 3 1 5 2 2 3 2 4 2 5 1 2 0
   5 2 5 0 3 1 0 1 1 2 2 2 4 3 2 4 5 1 1 5 2 4 4 0 1 0 1 0 2 4 5 1 3 4 0
   0 0 5 1 3 4 2 1 0 2 4]
  [0 4 4 2 3 3 1 4 3 1 3 3 3 3 5 5 5 1 5 1 1 0 1 2 0 4 1 3 1 4 0 2 5 0 1
   3 0 0 3 0 1 0 3 3 2 2 0 3 1 3 3 5 4 1 0 5 4 2 0 2 3 3 0 4 4 3 5 5 0 2
   0 2 4 1 3 5 2 2 2 2 5]
  [0 5 5 1 5 1 3 2 4 2 1 0 3 3 3 3 0 2 2 2 4 4 0 3 0 5 1 4 4 2 0 1 0 0 1
   5 0 5 4 3 1 3 3 2 1 4 4 5 1 2 1 3 4 3 4 3 5 0 0 5 1 3 1 5 2 1 4 2 3 3
   1 0 3 1 5 4 1 5 0 4 5]
  [0 5 1 4 1 1 0 3 3 3 1 0 4 0 1 4 1 3 2 1 2 0 5 5 3 4 4 1 2 5 4 5 2 0 5
   3 0 4 3 4 0 4 2 3 3 0 3 1 2 2 4 5 4 0 2 1 0 0 1 4 4 5 0 4 0 3 1 5 4 1
   1 1 0 2 2 4 3 2 0 4 3]
  [0 2 5 2 2 2 1 4 0 0 0 4 5 0 3 3 4 3 3 2 5 3 3 1 0 4 2 4 4 1 3 1 0 2 2
   1 0 2 1 4 2 2 5 4 3 4 2 0 2 3 4 1 3 1 4 4 4 1 1 4 5 0 4 3 1 1 0 3 3 0
   2 1 0 0 0 4 4 0 5 1 3]
  [0 4 0 2 4 5 5 5 0 3 1 2 3 2 3 5 3 2 2 5 3 4 2 5 0 4 4 0 2 5 1 2 5 1 5
   3 2 2 0 2 4 0 0 2 5 1 3 1 1 4 2 1 0 1 2 2 0 4 5 0 2 5 3 0 2 1 5 3 4 1
   0 4 0 1 0 2 4 0 3 3 0]
  [0 0 2 1 4 5 4 5 2 1 4 4 4 4 5 2 0 5 3 1 2 4 3 0 1 2 0 2 5 3 5 5 1 0 5
   3 0 1 1 1 2 3 1 1 4 3 5 1 1 4 2 4 1 5 3 0 1 5 3 2 5 2 0 1 2 1 2 2 1 5
   1 4 1 4 2 0 0 0 3 2 0]
  [0 1 3 2 3 2 5 4 5 3 0 0 4 5 5 2 5 4 4 3 4 4 3 1 4 4 0 4 5 3 5 2 3 0 5
   1 0 0 4 3 4 2 4 5 1 1 0 5 5 1 4 0 5 3 1 5 2 3 4 2 2 2 4 0 5 5 2 2 5 0
   5 4 5 1 0 0 0 1 0 4 1]
  [0 0 0 1 1 5 4 2 3 3 3 2 5 1 2 3 3 3 5 5 3 5 3 3 2 2 3 1 1 4 3 3 5 4 4
   1 4 0 4 5 0 4 4 0 4 3 4 1 1 0 5 4 5 3 0 1 5 3 5 0 5 1 3 3 0 0 3 2 3 1
   2 3 0 2 5 3 1 0 0 0 5]
  [0 5 5 0 3 0 0 5 1 4 1 3 4 4 1 4 3 3 3 0 0 3 2 3 3 2 3 3 2 0 5 5 3 2 2
   3 0 1 0 3 0 5 5 1 4 2 0 1 0 2 2 0 0 1 3 2 2 3 2 1 1 2 2 4 1 4 2 0 1 4
   1 0 5 2 2 0 4 2 0 1 4]
  [0 1 2 1 2 2 1 5 4 0 3 4 0 1 2 3 1 4 2 1 0 4 5 5 2 4 2 5 0 5 3 2 3 1 4
   0 4 4 2 3 1 5 0 2 5 3 1 0 3 5 2 3 4 5 5 2 2 4 4 4 0 1 1 2 0 1 3 0 0 2
   2 5 3 1 5 3 0 0 5 0 0]
  [0 5 3 2 3 5 4 0 1 4 0 3 2 3 3 0 4 3 3 0 0 1 5 0 1 3 4 4 4 2 5 3 1 1 3
   3 3 3 5 3 1 1 5 1 1 0 3 3 4 1 3 5 0 0 0 5 3 2 3 3 0 5 1 1 3 5 3 5 4 4
   0 1 2 4 0 1 0 1 0 3 0]]

 [[0 1 3 5 4 1 4 5 2 1 5 4 1 3 1 0 3 5 1 3 1 3 2 2 4 4 4 2 2 1 5 3 3 1 1
   1 5 2 3 3 2 0 3 4 2 3 3 3 1 1 2 4 2 4 5 0 4 4 0 5 1 4 0 3 2 0 1 4 5 1
   5 0 0 1 3 4 3 4 1 2 0]
  [0 0 4 5 4 3 1 1 0 5 3 4 1 5 2 0 1 0 1 3 4 3 1 2 2 4 5 4 4 1 4 1 4 4 5
   0 5 4 3 5 2 3 5 4 0 3 3 5 5 1 3 3 0 0 1 4 2 0 0 5 2 4 0 0 3 3 3 1 4 5
   1 1 3 4 5 1 0 1 3 2 1]
  [0 3 0 1 3 3 5 4 2 4 5 4 2 0 4 2 1 5 0 5 3 1 3 4 0 1 5 0 0 3 0 5 3 0 0
   1 2 4 0 5 5 0 3 2 2 4 3 1 2 3 5 4 5 1 2 5 0 3 2 2 3 0 0 3 0 2 4 4 3 2
   5 2 4 3 5 5 1 5 2 5 1]
  [0 1 2 0 4 0 2 5 1 4 0 1 1 5 1 1 4 0 5 1 1 0 1 1 5 1 4 2 2 3 5 4 3 4 1
   1 5 2 5 3 4 2 3 0 0 5 0 2 5 3 1 4 3 1 1 3 5 0 3 5 2 5 0 0 4 1 5 1 4 0
   2 1 2 1 0 4 1 2 2 0 5]
  [0 2 5 5 0 5 0 3 0 4 0 5 2 5 1 2 1 1 2 5 2 5 5 2 0 0 5 1 4 1 3 3 4 1 4
   4 4 5 2 5 5 3 1 4 2 5 1 5 2 1 4 5 1 2 4 5 2 4 3 5 1 3 2 2 2 0 0 0 0 1
   4 4 5 1 2 4 1 5 3 3 5]
  [0 5 3 4 5 0 5 0 0 5 1 3 1 3 1 0 0 5 0 2 3 5 3 2 0 4 4 3 4 0 0 5 4 3 2
   2 2 0 4 5 5 2 4 3 4 5 5 3 0 2 3 1 2 4 5 3 2 3 1 2 4 5 5 2 4 1 0 0 2 0
   1 0 3 0 1 1 4 2 3 2 1]
  [0 0 2 1 2 4 0 3 4 1 1 3 1 3 3 4 2 3 1 4 3 1 4 1 2 5 2 1 2 3 2 1 5 3 4
   2 3 4 2 2 1 4 3 1 4 3 3 3 4 4 1 1 2 5 4 0 5 2 0 0 0 5 3 4 5 5 2 4 3 0
   3 0 0 1 0 4 1 4 0 3 3]
  [0 0 2 0 0 2 0 0 2 5 4 1 2 3 1 3 5 3 2 4 0 0 3 3 5 3 2 0 4 0 0 0 5 0 2
   3 0 1 4 0 1 4 5 0 2 3 1 1 5 0 1 3 0 0 5 5 2 1 4 0 3 4 2 1 2 3 4 5 5 2
   0 0 5 1 3 0 4 4 1 1 5]
  [0 5 1 1 5 3 3 0 0 1 2 0 1 4 1 0 3 5 2 2 2 1 0 5 2 4 5 3 0 1 3 1 2 1 3
   1 4 1 1 3 0 0 1 4 1 1 5 0 2 4 1 2 2 0 2 0 2 2 3 4 4 3 0 3 1 0 5 4 3 3
   5 3 0 5 5 2 3 4 0 5 0]
  [0 5 0 4 0 2 1 2 0 0 4 5 4 5 0 0 3 0 2 5 2 3 4 1 3 1 4 4 5 3 0 3 1 4 5
   4 3 2 4 2 1 5 3 2 5 0 3 4 3 1 2 0 3 2 1 0 3 3 0 1 4 3 4 2 1 4 3 4 1 1
   0 5 4 2 0 2 1 2 0 2 2]
  [0 2 4 2 3 0 5 2 5 2 0 4 1 5 5 0 3 4 3 3 0 4 0 5 2 4 3 4 2 3 3 3 4 3 2
   1 4 5 2 4 3 2 3 3 4 5 1 2 1 3 5 4 1 1 1 1 0 4 2 2 1 5 4 1 0 3 0 3 5 5
   3 3 2 4 1 0 2 5 3 2 0]
  [0 5 3 2 5 1 3 4 4 4 1 0 0 1 2 5 1 0 5 5 4 4 1 1 5 5 3 4 0 2 0 5 1 5 1
   4 1 5 0 2 4 1 0 1 1 2 5 0 3 1 5 3 0 3 0 1 4 5 2 4 3 2 5 1 5 3 2 2 0 3
   3 0 5 5 4 4 3 0 2 4 0]
  [0 1 5 4 2 2 2 3 0 1 2 5 0 3 1 5 3 1 4 0 1 1 3 3 3 1 3 0 5 4 1 2 0 0 5
   1 3 3 1 4 3 0 3 5 4 3 0 2 0 4 5 4 1 5 4 3 1 1 2 3 2 5 1 5 5 0 4 2 1 3
   0 4 0 0 1 2 0 1 3 5 1]
  [0 1 1 2 1 5 5 2 5 1 4 1 2 0 3 3 1 2 3 5 2 4 0 1 5 0 3 4 1 3 1 4 3 5 1
   0 2 5 0 5 0 0 4 5 5 0 2 5 4 4 0 5 2 4 4 4 3 4 0 0 0 1 0 3 3 5 0 0 1 1
   2 0 0 3 0 0 1 2 5 0 2]
  [0 3 4 4 0 0 2 5 1 3 3 1 4 1 0 2 4 0 1 1 5 0 5 3 2 5 3 0 2 3 1 1 0 4 4
   4 4 2 1 5 3 4 3 4 0 5 2 3 3 3 0 3 1 1 2 1 0 0 2 0 2 4 0 3 0 1 3 4 1 2
   1 5 3 2 3 3 0 0 5 4 0]
  [0 5 3 2 5 0 4 0 4 1 5 3 0 1 2 0 5 3 0 0 0 5 1 5 0 5 5 2 4 2 5 5 2 5 1
   4 1 0 4 0 5 1 5 4 3 1 3 0 5 2 4 5 1 5 0 3 3 5 1 4 5 5 4 1 2 1 2 4 0 5
   2 0 4 0 0 3 0 1 1 5 1]
  [0 5 4 4 4 4 4 5 2 5 1 5 3 0 1 4 0 4 0 2 5 1 5 3 4 1 0 1 5 0 5 4 2 4 4
   0 4 5 0 5 3 0 1 3 0 0 1 4 3 2 2 4 5 3 0 4 2 1 3 2 1 0 2 1 1 1 0 1 5 5
   2 1 4 0 5 4 5 2 0 1 4]
  [0 4 1 0 2 4 5 1 5 1 2 0 2 2 3 3 5 0 5 5 1 5 5 1 3 3 0 5 0 2 5 0 0 2 1
   3 1 0 0 4 2 1 0 3 5 0 5 5 0 2 5 3 4 4 2 4 1 3 5 1 2 4 5 2 1 4 1 3 0 5
   3 5 1 1 0 3 2 2 3 3 3]
  [0 2 0 2 3 5 1 4 1 4 4 5 2 1 0 1 1 2 0 2 2 2 2 3 5 4 2 0 2 2 1 2 0 0 5
   2 5 0 3 4 0 5 4 2 2 4 0 0 4 0 3 3 5 4 2 0 1 3 2 3 5 5 3 1 4 4 5 3 4 4
   0 4 5 2 2 3 0 3 4 3 3]
  [0 0 4 2 2 5 5 3 3 0 0 5 4 4 3 0 3 3 5 0 1 5 2 3 3 2 4 2 5 2 4 4 4 2 2
   4 5 0 2 1 2 4 3 2 3 1 5 1 0 2 0 4 3 0 2 0 3 1 4 2 5 1 5 5 1 3 0 4 0 4
   4 0 1 0 0 4 1 0 5 4 1]
  [0 3 2 4 0 5 2 1 5 0 3 2 4 5 1 3 1 4 2 0 0 1 0 3 4 0 3 4 5 3 5 3 0 1 4
   1 2 2 5 0 1 3 2 0 2 0 3 1 5 2 2 2 4 2 2 2 3 4 5 5 3 2 3 5 2 4 1 2 3 5
   0 2 3 4 0 4 0 1 0 5 5]
  [0 4 3 2 3 0 0 1 0 1 1 5 1 1 1 4 1 2 3 2 1 0 3 0 2 4 2 1 3 2 2 2 5 0 1
   0 2 0 5 0 4 1 2 4 0 5 1 1 4 4 0 1 2 4 1 1 2 0 5 1 1 2 0 2 1 1 0 3 4 1
   0 3 3 1 0 4 1 2 1 2 2]
  [0 0 2 4 5 2 3 3 1 1 2 4 3 0 2 5 0 4 0 5 4 1 0 1 3 0 0 2 5 3 4 2 1 0 5
   4 5 4 0 4 3 2 5 5 5 2 4 1 2 0 1 3 1 5 3 4 1 0 2 2 3 1 5 1 4 2 3 4 4 2
   1 4 5 4 1 5 1 4 2 3 1]
  [0 0 0 4 1 2 1 0 0 2 5 2 4 5 4 0 3 2 2 2 5 2 1 0 0 2 2 0 0 4 3 2 3 3 3
   5 3 2 3 4 0 1 1 3 5 0 2 0 1 3 5 1 1 0 0 1 5 2 3 2 2 2 2 4 3 4 0 1 2 2
   4 0 2 2 1 1 0 4 3 0 1]
  [0 1 2 1 2 0 5 0 4 5 5 2 0 2 1 2 0 3 1 1 2 3 3 0 0 5 0 3 2 4 4 4 2 4 2
   1 2 0 4 1 5 0 5 2 5 0 1 5 2 5 0 5 3 5 1 1 5 0 0 0 1 0 1 1 1 3 2 2 0 0
   4 5 0 2 0 5 1 5 5 0 3]
  [0 2 3 3 2 1 4 5 2 0 4 5 1 1 1 5 4 0 4 0 0 1 0 2 4 0 4 2 4 1 4 5 3 4 5
   4 2 0 5 4 4 0 2 3 4 1 2 5 0 2 0 0 1 1 5 3 1 0 4 5 1 1 3 2 4 5 1 1 2 2
   2 1 1 1 1 1 0 3 5 4 1]
  [0 1 2 0 2 0 2 1 1 0 1 4 1 0 1 5 0 5 4 2 2 3 0 1 2 4 0 3 0 1 4 2 3 4 2
   5 3 3 2 4 2 0 0 1 3 0 1 4 0 5 3 3 5 4 4 3 3 1 4 3 1 5 1 3 0 3 3 1 1 4
   1 2 2 1 3 3 3 1 5 0 0]
  [0 1 5 2 4 4 0 1 5 2 1 2 1 2 5 4 4 2 3 5 4 0 1 5 2 3 1 0 1 1 3 1 1 4 4
   1 2 5 1 1 0 5 3 0 4 4 4 4 1 4 4 2 1 3 5 4 3 0 0 4 1 4 2 4 3 1 3 1 0 4
   0 1 4 5 3 1 0 0 1 1 4]
  [0 3 4 1 1 5 4 3 3 5 3 0 2 2 5 0 0 2 3 3 1 1 2 3 0 0 5 1 0 4 4 0 5 2 3
   3 0 0 2 3 3 2 3 4 1 5 2 4 0 2 3 3 3 1 0 5 0 5 4 1 1 1 0 3 4 0 2 3 5 3
   2 5 2 3 2 1 2 3 4 2 5]
  [0 5 1 4 1 3 4 0 4 0 2 5 4 5 1 5 0 0 3 4 1 5 2 4 1 5 3 0 3 0 4 0 1 5 0
   1 1 1 5 0 4 1 5 5 5 3 5 3 2 1 1 0 5 0 3 2 4 0 4 3 5 2 4 4 2 1 4 0 5 2
   0 2 2 1 4 4 4 5 4 2 2]
  [0 2 2 1 1 5 4 1 5 5 5 2 5 1 1 1 1 4 3 0 1 2 0 2 3 4 3 5 0 3 0 1 3 2 5
   4 2 4 5 0 4 3 5 2 5 3 4 0 4 5 4 1 2 4 0 0 1 2 3 4 1 3 5 2 1 4 0 2 2 5
   1 3 3 3 4 1 4 5 0 5 1]
  [0 4 2 2 3 3 2 3 0 5 5 1 2 5 1 0 2 4 5 1 2 5 3 4 1 2 2 0 2 2 1 0 0 0 5
   0 0 3 2 1 5 2 1 4 0 1 1 4 1 0 4 0 2 5 2 4 4 0 0 0 4 5 1 3 4 2 5 4 2 2
   0 2 4 2 2 5 2 1 0 2 5]
  [0 2 5 3 3 0 2 3 5 0 0 1 5 0 2 3 1 5 4 1 0 4 0 1 2 0 2 3 1 0 0 0 0 3 2
   3 3 4 5 2 5 2 1 0 1 2 3 0 0 5 0 5 3 0 1 2 3 1 0 5 1 2 5 5 5 2 2 1 1 1
   2 0 3 3 2 4 0 4 1 0 0]
  [0 3 4 4 5 0 0 0 3 2 4 4 5 2 3 0 0 1 4 3 4 4 4 2 1 0 0 0 2 5 4 5 0 0 5
   4 0 3 0 0 4 0 0 4 1 3 4 1 3 5 3 5 3 5 4 0 1 3 5 5 2 0 4 0 3 2 5 5 5 2
   4 5 1 2 3 3 5 3 3 1 2]
  [0 1 3 1 3 0 4 0 2 2 0 5 1 3 4 3 2 0 2 4 4 1 1 4 0 0 2 3 4 5 5 0 0 1 0
   2 0 5 1 1 1 3 1 2 1 4 0 2 5 1 1 2 0 4 4 2 2 3 4 4 3 3 3 2 4 1 0 3 3 1
   2 4 1 3 3 5 1 5 1 2 0]
  [0 0 5 1 0 4 2 0 4 3 1 5 3 4 3 4 0 5 4 3 4 1 3 2 3 0 5 2 3 3 4 3 3 5 4
   0 0 1 5 3 0 0 3 4 0 3 0 5 1 3 0 0 1 4 3 1 4 3 3 3 5 1 0 5 4 4 3 2 1 3
   0 1 1 3 5 2 4 3 5 5 2]
  [0 4 0 2 2 4 4 4 3 1 4 1 5 4 3 2 5 4 5 0 1 4 5 5 5 0 5 0 1 1 5 2 3 2 3
   3 0 3 1 3 5 3 3 1 4 0 4 1 2 2 2 1 4 3 0 4 1 4 4 2 3 3 1 0 3 0 4 3 1 4
   0 3 1 5 3 2 4 1 0 5 3]
  [0 1 3 2 2 0 2 0 3 2 2 3 5 1 3 2 1 5 3 2 0 5 1 0 4 3 0 0 0 2 3 2 0 1 3
   1 3 0 4 1 2 5 4 2 5 2 1 3 1 4 3 3 2 4 0 3 3 0 4 2 3 0 5 4 5 5 0 3 0 3
   4 5 3 5 0 2 2 1 2 1 1]
  [0 0 0 0 3 4 1 1 5 5 1 4 3 4 5 4 3 5 1 0 3 5 1 0 5 3 1 1 0 0 4 0 0 1 2
   5 2 3 0 3 1 1 5 2 5 5 2 0 2 4 2 2 3 1 3 1 5 4 2 1 4 0 3 5 0 2 2 4 4 4
   3 5 4 3 2 0 2 2 2 2 1]
  [0 1 3 2 5 3 1 1 3 2 2 3 0 4 4 3 2 2 1 0 0 5 2 2 3 5 4 1 3 2 2 2 0 2 4
   3 0 0 2 0 0 3 0 5 0 2 1 4 3 5 1 3 4 1 1 5 2 0 1 3 1 1 4 3 2 4 0 5 3 3
   4 1 5 3 5 2 5 5 2 5 3]
  [0 2 1 0 0 4 4 4 5 1 4 2 2 2 0 5 2 0 0 2 5 5 5 5 1 2 4 1 4 3 5 1 2 2 0
   3 3 2 5 3 0 3 3 5 5 1 4 4 2 2 1 3 0 0 4 4 0 5 3 1 5 2 0 1 0 1 0 5 2 1
   2 0 3 3 1 4 2 4 4 4 0]
  [0 5 3 3 5 2 4 0 4 3 5 3 0 5 2 5 3 5 2 5 4 0 2 1 5 5 3 1 1 2 1 2 5 3 1
   5 4 1 2 5 3 0 4 0 3 1 0 2 1 5 3 2 3 3 0 2 4 3 3 1 1 0 3 3 2 0 3 5 5 3
   4 1 3 3 5 1 4 0 1 4 2]
  [0 1 3 0 0 3 5 4 2 1 0 3 1 2 3 0 2 3 0 0 1 2 3 0 4 4 5 2 3 4 0 5 2 4 1
   1 1 0 0 0 5 0 0 1 1 4 3 5 3 0 0 5 5 0 3 1 2 1 4 4 2 5 2 2 1 3 2 5 5 0
   2 5 1 5 5 0 4 5 5 4 5]
  [0 1 2 4 0 1 2 4 4 5 4 3 0 2 5 1 1 5 4 1 2 1 2 4 4 2 0 0 5 5 2 0 1 0 5
   0 0 0 1 2 4 3 2 0 1 1 0 4 5 3 3 5 4 4 5 5 0 3 0 5 2 0 1 3 0 3 5 5 3 5
   4 3 2 3 5 3 0 0 4 4 3]
  [0 0 0 2 2 1 5 0 1 5 1 0 5 3 4 3 4 1 5 3 1 0 1 1 1 0 0 3 1 3 5 1 0 4 4
   3 3 2 5 2 5 1 2 4 0 0 3 0 0 0 5 5 4 2 3 3 1 1 2 3 4 2 4 4 2 4 0 5 2 5
   4 3 2 4 0 5 1 5 5 1 0]
  [0 2 1 2 5 0 3 4 4 2 3 5 4 2 0 2 2 2 3 0 1 4 0 5 4 4 2 5 3 3 0 5 0 0 4
   4 1 0 1 3 3 5 2 4 4 0 4 4 0 0 4 1 0 1 0 5 0 0 3 3 1 3 3 2 5 1 0 4 2 5
   0 1 1 3 2 4 3 2 2 3 3]
  [0 2 3 3 2 2 5 0 4 0 3 3 2 1 5 0 3 3 1 1 1 3 1 1 4 1 1 0 5 5 2 4 4 4 5
   0 1 2 2 5 3 2 3 1 2 1 0 5 0 1 2 5 0 0 5 2 3 5 2 0 3 4 2 5 1 3 2 4 4 3
   4 0 4 4 4 1 5 2 0 3 3]
  [0 3 5 2 1 1 2 0 3 0 0 3 1 3 1 3 5 2 3 4 4 2 3 1 5 5 2 1 4 1 0 2 3 3 3
   3 0 5 3 2 3 0 0 1 1 2 1 0 4 1 0 2 5 5 2 3 0 2 4 2 1 3 5 0 5 5 1 5 1 3
   3 1 2 4 1 4 0 5 2 5 3]
  [0 5 3 1 4 1 2 2 4 4 5 4 4 5 0 1 1 3 3 2 0 5 0 4 1 1 4 5 5 1 0 0 2 2 2
   5 1 0 1 4 0 1 2 4 3 2 3 4 0 4 1 5 0 1 4 1 0 4 5 0 1 2 4 4 2 5 2 1 0 5
   2 2 0 0 2 5 0 1 3 1 5]
  [0 2 1 4 2 0 1 4 4 3 1 5 0 2 0 0 1 3 3 2 1 0 0 2 0 0 0 3 4 4 5 5 0 5 4
   1 0 2 0 5 1 2 4 2 0 1 4 0 4 0 3 4 1 4 4 3 5 0 4 1 1 5 3 5 3 0 0 4 2 1
   3 1 1 1 4 5 5 4 5 2 0]
  [0 4 4 3 0 5 2 0 4 4 1 4 1 4 2 2 4 1 4 4 2 2 5 0 0 4 3 2 4 1 0 1 2 3 1
   4 1 3 1 4 0 2 3 5 3 2 5 0 2 1 0 4 4 1 0 4 0 0 4 0 3 0 3 2 4 2 4 3 2 1
   5 0 4 5 0 4 1 4 1 2 3]
  [0 5 1 1 3 3 2 2 5 3 0 5 1 4 1 4 5 3 1 2 1 2 1 0 4 1 1 1 4 3 2 1 3 3 5
   4 0 1 5 3 1 2 0 4 4 0 3 3 3 0 5 0 4 2 4 1 4 3 2 5 2 2 2 4 5 1 1 0 2 5
   4 1 4 5 3 2 5 5 2 4 5]
  [0 4 1 4 0 1 0 5 4 5 5 1 2 0 3 1 3 3 2 2 3 1 5 0 3 5 4 1 4 3 3 1 5 5 5
   2 0 0 4 2 1 5 4 2 1 5 2 2 1 3 1 1 0 0 2 0 0 3 4 0 1 4 4 1 0 0 5 4 1 2
   4 1 4 1 3 1 0 0 2 2 1]
  [0 2 5 2 4 4 4 2 3 5 1 2 3 1 4 0 1 3 3 2 2 5 3 3 2 2 4 4 5 3 4 0 4 3 0
   4 0 2 0 4 2 4 5 0 5 4 4 1 4 3 1 0 0 0 1 0 4 1 2 3 2 4 2 5 0 2 4 4 2 0
   2 3 4 2 2 0 1 1 1 4 5]
  [0 2 0 1 5 4 3 0 5 2 5 1 1 3 3 0 3 5 2 4 0 2 5 1 1 4 5 0 1 2 1 1 3 3 1
   2 1 3 2 0 1 3 0 5 0 0 4 2 0 1 0 1 5 4 0 3 4 4 3 2 3 1 1 1 1 5 5 1 0 3
   1 4 5 0 0 1 2 0 5 3 1]
  [0 2 2 2 2 0 5 2 2 3 2 0 3 1 5 5 2 5 3 4 4 2 5 0 4 2 3 1 5 5 1 3 0 3 5
   2 2 2 1 3 2 0 5 0 5 2 5 5 1 4 2 2 5 5 3 0 1 0 5 0 0 1 3 4 5 4 2 3 5 5
   3 2 5 3 3 4 1 3 2 4 4]
  [0 4 1 5 3 1 5 3 2 0 1 1 0 5 5 5 2 1 2 2 5 2 2 2 5 1 2 4 0 1 2 4 2 0 5
   3 0 4 4 1 0 3 0 3 4 1 2 4 4 1 3 3 1 1 4 1 0 0 2 5 3 2 3 1 1 0 1 4 4 1
   0 0 0 3 2 1 2 5 5 5 2]
  [0 5 2 5 5 4 5 1 2 1 4 5 5 2 5 0 0 5 3 2 2 2 2 4 1 4 1 2 0 4 3 5 0 3 1
   0 3 2 4 5 1 2 4 3 1 1 4 4 2 1 1 5 5 0 3 5 2 0 1 0 0 0 2 4 3 1 5 0 5 0
   4 2 2 0 0 4 3 5 3 0 4]
  [0 4 0 1 2 5 1 4 2 3 5 5 2 2 4 2 5 4 2 4 4 3 1 2 0 2 5 2 4 4 4 3 4 1 3
   0 4 1 0 4 2 1 0 5 1 5 1 2 1 5 4 1 0 5 4 1 3 0 0 4 1 4 1 1 0 5 0 5 4 3
   2 3 0 1 5 1 4 2 2 4 1]
  [0 1 4 1 3 2 3 2 1 2 5 4 2 4 5 2 3 4 5 1 4 3 4 5 4 2 4 4 1 0 2 1 2 4 2
   4 2 0 4 3 2 3 0 5 1 5 0 2 1 1 4 3 2 0 4 5 5 0 5 0 3 0 3 1 5 3 5 0 0 2
   5 3 3 3 5 5 1 3 5 3 4]
  [0 3 1 3 4 1 3 4 1 0 2 3 5 5 5 3 5 2 5 1 4 0 2 1 3 2 5 4 5 4 2 4 0 1 4
   4 3 2 4 2 5 2 2 4 2 2 5 0 1 1 1 3 1 2 2 3 3 0 3 0 0 3 5 2 2 0 4 3 1 4
   3 3 4 5 5 2 1 1 4 4 5]
  [0 3 1 0 0 0 1 4 4 1 5 1 5 0 3 3 0 1 0 0 0 4 4 3 2 1 3 0 2 2 2 1 4 4 0
   3 4 4 4 5 4 1 2 5 2 5 3 3 5 4 4 4 5 3 3 2 2 0 1 4 0 0 2 4 2 0 3 0 5 5
   1 0 3 3 3 2 4 2 3 4 3]
  [0 2 0 0 2 0 1 3 4 0 1 3 2 5 1 1 3 2 0 1 5 0 1 1 4 1 3 3 3 2 2 0 1 1 1
   2 1 0 4 0 2 0 3 0 3 2 5 3 3 2 4 5 4 0 3 0 4 0 0 2 3 5 0 5 2 4 0 3 0 2
   1 0 4 3 1 1 3 2 5 4 1]
  [0 5 2 1 5 1 5 5 1 5 3 0 2 0 5 0 3 3 2 2 0 3 2 2 2 5 1 5 2 1 3 0 0 0 4
   1 0 2 5 1 3 4 2 1 4 5 4 5 0 1 2 0 0 2 1 3 0 2 0 1 5 1 1 0 0 4 0 5 3 4
   1 3 4 4 2 0 2 3 2 4 4]
  [0 5 5 3 0 2 4 3 2 5 4 0 3 1 4 1 5 5 3 5 4 2 4 0 2 0 5 0 3 0 5 3 4 0 0
   5 2 4 0 0 2 0 4 3 1 2 1 5 4 5 0 2 0 2 2 4 3 5 2 0 1 4 0 1 0 1 3 0 1 4
   4 4 1 5 1 3 0 3 1 0 2]
  [0 1 1 2 3 5 5 2 5 4 4 3 1 2 5 3 0 3 2 2 4 2 5 3 1 5 4 2 1 3 4 5 0 0 4
   5 2 5 0 0 2 4 2 2 4 0 1 5 0 0 0 4 2 3 2 0 5 3 2 3 4 4 5 5 3 0 5 5 2 0
   1 0 3 1 4 4 4 0 1 3 2]
  [0 4 3 0 0 3 3 4 3 4 0 3 0 4 0 5 0 2 3 3 2 4 1 4 1 5 5 5 5 4 4 5 1 3 2
   3 2 2 4 5 0 4 1 3 1 1 1 3 0 3 0 5 0 5 0 4 1 0 0 3 1 2 3 0 2 1 0 1 5 2
   1 4 1 0 1 5 5 2 1 3 1]
  [0 3 3 0 0 5 5 4 3 3 0 1 1 5 2 0 3 0 1 4 4 1 5 4 0 1 5 4 3 3 5 5 1 5 2
   2 1 5 1 1 2 2 5 0 5 2 3 4 2 5 4 3 4 3 0 2 3 0 3 5 4 2 5 1 1 5 4 0 3 4
   3 5 5 1 2 3 1 4 5 1 3]
  [0 2 5 0 0 3 0 3 5 2 5 0 5 4 0 5 3 3 1 0 2 5 0 5 5 4 1 5 3 0 1 4 2 5 2
   3 1 5 0 4 1 4 1 4 5 1 4 1 2 3 2 0 4 0 4 0 2 5 5 4 2 2 5 1 0 5 0 0 0 4
   2 0 2 4 2 5 0 0 3 5 3]
  [0 4 0 4 3 1 3 1 4 3 4 2 1 2 2 5 4 5 4 0 2 0 4 4 1 0 1 2 0 1 0 5 4 4 5
   1 5 0 2 4 0 1 2 2 1 0 1 1 0 5 3 0 5 3 0 4 1 3 3 1 1 4 5 5 1 5 1 5 2 0
   1 3 2 4 0 1 0 4 0 1 4]
  [0 4 2 3 1 5 1 0 2 1 1 3 5 0 0 2 3 4 3 5 5 0 2 5 4 5 5 1 2 4 4 0 2 1 4
   5 1 3 5 3 3 4 4 3 5 4 0 5 1 0 5 1 3 2 1 5 1 1 3 1 0 3 4 4 3 3 1 2 5 2
   0 0 1 5 4 0 1 3 2 0 3]
  [0 3 0 0 0 5 5 3 2 0 1 2 4 2 2 3 2 0 1 4 3 3 4 2 2 4 3 2 4 0 1 2 0 1 1
   3 1 3 0 5 2 5 0 4 1 1 0 0 0 3 2 3 5 0 3 3 4 5 0 2 1 4 4 4 5 4 3 4 4 0
   0 0 0 1 2 2 3 4 5 0 5]
  [0 3 5 1 0 2 1 5 2 4 1 4 2 0 4 2 1 5 1 0 2 2 0 4 5 1 4 5 1 0 3 5 0 4 0
   5 2 2 1 2 2 4 1 4 1 5 1 2 2 0 1 3 1 4 2 3 1 2 0 0 1 5 5 5 1 4 0 0 3 5
   5 5 0 5 5 3 1 5 3 5 1]
  [0 2 3 3 4 1 1 0 1 3 1 4 3 4 3 4 2 4 0 3 3 1 3 0 4 5 3 2 1 0 1 2 3 0 5
   3 0 3 5 2 2 5 5 2 0 5 2 3 0 0 1 5 5 5 4 5 2 5 5 2 5 2 1 1 3 0 4 0 4 4
   4 1 1 0 2 3 2 5 1 0 2]
  [0 4 2 1 3 5 3 4 0 0 1 4 2 5 3 5 0 3 4 2 4 4 4 2 2 1 1 2 4 4 3 5 1 0 4
   0 0 1 3 2 0 5 0 2 2 1 4 0 0 4 5 4 1 1 1 2 0 4 2 0 4 0 2 1 3 1 3 0 2 1
   4 3 3 4 0 3 2 4 4 2 5]
  [0 3 1 3 1 2 3 5 1 5 4 2 0 4 0 5 4 3 4 0 5 3 1 5 0 1 4 4 3 2 4 3 1 1 4
   4 1 2 5 0 4 5 4 4 5 0 0 5 3 1 0 3 0 3 0 2 4 5 1 3 1 4 1 5 0 5 3 3 3 3
   3 2 5 5 2 0 4 5 0 4 5]
  [0 5 0 5 5 5 3 3 1 0 0 3 0 4 0 1 4 4 3 5 5 0 4 5 2 3 5 3 5 1 2 3 3 3 5
   2 0 1 5 2 0 1 1 0 3 1 3 3 4 1 4 5 3 0 4 0 5 2 4 1 1 3 0 3 3 2 5 0 5 2
   0 2 5 5 2 1 0 3 2 4 1]
  [0 5 1 4 1 2 2 2 4 5 0 0 4 0 1 1 3 4 1 1 2 3 4 3 0 5 4 5 0 2 0 1 5 3 5
   0 3 2 0 4 1 2 2 3 0 0 0 4 2 0 5 0 0 0 2 2 0 4 0 0 3 1 4 1 2 2 1 3 2 1
   4 1 2 4 0 5 4 0 5 4 5]
  [0 4 0 1 3 1 3 3 0 1 4 0 5 4 1 3 2 3 4 1 0 1 5 3 0 0 5 5 1 0 0 1 4 0 3
   0 1 1 3 5 5 2 3 2 5 2 5 3 4 4 1 1 4 3 4 4 5 2 1 3 4 5 3 0 0 2 5 5 0 1
   0 0 3 5 0 4 1 5 0 5 2]
  [0 4 4 1 3 4 4 1 5 2 1 5 1 1 5 5 5 5 4 1 3 3 4 2 4 0 4 1 5 3 5 1 2 3 5
   5 2 2 3 3 2 3 1 5 3 3 4 0 5 3 3 2 0 3 2 3 1 1 0 3 0 0 5 2 2 3 2 3 1 4
   2 3 1 2 4 2 1 1 4 0 4]
  [0 0 2 0 5 1 3 5 4 4 3 4 4 5 1 2 2 2 2 3 1 1 2 4 0 5 3 0 5 1 4 2 5 0 4
   4 1 5 4 1 3 2 3 3 3 2 2 5 3 5 2 4 2 3 5 0 2 1 3 1 4 3 3 2 3 5 2 0 1 2
   4 3 2 0 2 4 3 4 2 1 0]]

 [[0 4 3 3 1 2 1 5 4 3 3 2 5 4 5 2 0 4 3 5 4 4 1 1 0 5 4 1 5 3 2 2 0 3 4
   3 3 0 0 5 4 4 1 1 5 5 3 5 0 3 2 3 0 0 4 0 4 2 4 3 2 4 5 2 2 1 4 5 4 2
   4 2 1 5 0 4 1 4 3 4 1]
  [0 0 1 4 2 5 0 1 0 4 1 2 1 4 1 1 4 4 5 4 5 1 0 2 2 1 5 3 1 3 5 2 0 0 0
   0 1 3 1 5 2 2 0 4 1 3 3 2 2 3 3 4 4 2 0 1 5 3 0 4 1 2 5 2 3 2 5 2 2 4
   0 5 2 4 1 3 0 2 5 3 1]
  [0 2 0 2 5 0 4 0 3 3 4 4 5 3 1 2 0 4 1 2 2 1 2 1 0 1 0 1 5 1 4 0 1 4 5
   3 3 1 0 2 0 4 2 4 3 5 3 5 5 2 4 2 1 4 4 1 5 4 4 2 4 4 1 4 2 4 4 0 2 1
   5 5 3 3 3 3 0 4 5 5 1]
  [0 5 2 0 0 1 2 4 1 5 4 2 1 5 1 4 2 2 5 1 5 4 1 1 5 4 1 0 2 3 5 3 2 2 4
   3 5 2 1 4 1 3 0 2 3 1 4 0 0 4 2 1 4 3 5 2 2 2 2 2 5 4 0 0 5 0 4 0 4 1
   2 0 0 5 3 5 2 0 0 0 0]
  [0 5 3 4 0 1 5 2 1 4 1 3 4 4 0 5 2 2 4 4 0 4 2 3 1 5 4 2 5 0 1 5 1 3 3
   0 5 0 1 1 0 2 1 1 5 0 4 2 2 3 0 1 2 3 3 5 3 2 1 0 4 5 3 2 3 4 2 4 2 3
   2 5 3 2 0 2 3 1 2 2 3]
  [0 4 2 5 0 0 5 2 4 0 2 1 2 3 3 3 0 2 5 2 5 3 3 1 4 4 4 0 0 0 5 3 1 3 3
   0 4 3 2 1 0 4 1 0 4 4 0 1 1 3 0 4 2 0 2 2 3 5 4 0 1 3 3 5 1 5 1 5 0 0
   2 4 5 1 2 5 3 1 0 3 0]
  [0 1 1 5 4 3 0 4 0 5 4 4 4 4 4 1 0 3 2 4 1 0 1 0 3 5 1 4 2 3 4 4 4 1 2
   2 0 0 5 5 0 3 4 1 1 1 4 0 0 1 5 4 5 3 1 1 4 3 1 0 3 4 4 0 0 3 0 4 4 4
   3 4 4 3 0 0 5 3 0 1 5]
  [0 5 0 0 5 4 5 0 2 0 5 2 1 3 1 5 4 0 1 1 2 5 1 0 0 0 3 1 0 0 5 0 0 1 5
   0 1 2 4 1 0 1 5 0 0 1 5 2 2 5 4 1 2 3 2 1 4 1 5 2 3 4 4 2 2 3 5 0 5 2
   0 0 5 1 5 5 4 1 4 5 4]
  [0 5 5 0 3 3 0 5 0 2 5 1 4 3 1 1 1 1 3 3 2 2 1 1 1 5 5 2 0 3 2 4 3 2 1
   2 3 0 2 4 5 5 0 0 2 1 3 4 4 1 3 3 2 0 1 1 1 1 0 2 5 5 0 5 0 1 4 0 3 2
   3 5 1 1 3 3 4 0 3 2 3]
  [0 3 3 2 0 0 3 5 1 0 4 0 5 2 4 3 2 2 0 2 5 1 0 5 0 3 1 5 1 0 3 2 5 3 5
   0 3 3 2 4 1 3 0 1 2 0 4 3 1 4 3 5 0 2 0 0 0 5 5 0 0 0 4 3 1 1 4 3 5 1
   2 5 3 4 0 5 4 2 0 5 1]
  [0 5 5 4 0 5 5 2 3 1 0 4 4 2 4 3 0 0 1 2 4 1 3 3 2 4 2 2 2 5 1 3 0 3 4
   1 1 4 4 0 2 5 0 1 3 1 4 3 1 5 3 0 1 5 4 5 2 0 4 5 1 4 5 3 2 3 2 4 3 4
   1 3 2 5 4 3 3 1 5 2 0]
  [0 3 5 1 2 0 1 2 1 2 4 0 5 0 0 5 1 3 5 1 3 3 3 4 2 4 4 1 1 2 3 3 2 5 3
   4 3 1 1 1 0 3 3 5 1 3 0 2 0 1 1 2 3 5 3 4 3 5 2 5 3 0 2 4 4 3 3 5 1 1
   4 3 1 0 3 4 4 4 0 1 0]
  [0 3 5 5 3 3 4 0 0 0 3 0 0 1 2 4 5 0 4 4 2 0 1 0 0 1 2 4 2 3 4 5 4 2 2
   3 1 1 3 0 3 3 3 3 3 4 3 3 4 4 0 5 0 3 3 3 2 1 3 2 2 2 0 1 3 5 0 1 3 2
   4 4 0 2 0 3 1 2 4 5 4]
  [0 3 1 4 5 2 3 5 0 0 1 1 1 0 0 0 0 3 5 0 5 4 4 5 5 3 5 4 2 3 2 4 3 0 5
   2 3 2 1 2 0 0 5 4 1 1 5 3 0 1 1 2 2 4 1 3 4 4 2 1 3 2 0 1 5 0 0 1 5 4
   1 1 0 1 2 2 5 4 0 0 1]
  [0 4 4 3 5 3 0 1 5 4 0 1 3 0 0 1 0 2 0 4 0 1 0 0 2 5 5 1 3 1 2 0 4 1 2
   4 1 5 3 2 3 5 3 0 2 2 4 4 1 1 0 2 4 3 5 2 3 2 3 5 3 4 2 2 3 3 2 4 3 2
   4 5 1 2 2 4 2 0 0 0 0]
  [0 2 5 4 0 4 1 5 1 3 3 2 0 3 1 0 2 2 3 2 0 1 0 3 5 3 2 5 5 3 3 4 0 3 2
   4 1 1 5 2 3 3 5 2 2 1 2 0 0 3 4 0 2 1 2 2 3 4 3 3 2 3 3 0 2 2 2 3 2 0
   0 3 3 3 3 1 2 3 4 0 2]
  [0 2 2 2 2 2 4 2 1 3 2 3 0 2 3 5 0 1 2 3 0 5 4 5 1 2 2 0 2 1 5 4 3 4 0
   2 0 3 1 2 0 0 2 0 2 1 4 2 5 2 0 2 2 4 3 0 0 1 3 2 3 3 0 4 0 5 1 3 0 4
   3 0 0 4 1 4 2 2 4 4 4]
  [0 1 2 3 4 0 5 4 4 2 2 5 5 2 5 4 2 0 3 5 1 2 2 1 2 1 0 2 0 4 5 2 3 0 4
   2 3 3 2 3 2 5 0 2 3 3 2 5 2 5 3 5 5 0 1 4 5 5 3 5 1 1 4 0 3 3 3 0 1 0
   4 3 0 5 0 4 4 5 1 0 0]
  [0 3 0 4 1 3 2 1 1 0 4 1 3 0 5 3 2 3 0 2 2 2 1 4 1 4 4 2 3 3 2 3 5 0 0
   4 3 2 1 1 0 2 1 0 5 2 0 2 5 1 1 2 0 2 4 4 2 5 1 4 1 0 3 0 5 5 5 2 5 3
   4 5 0 0 0 1 4 4 1 3 1]
  [0 3 1 4 2 2 2 4 0 1 2 4 1 3 5 0 0 1 0 0 4 5 1 5 4 2 0 2 4 0 0 4 0 0 4
   4 4 5 2 1 2 2 5 0 1 5 3 2 0 0 5 3 5 1 1 3 4 4 3 5 0 0 4 0 5 4 3 2 0 3
   2 2 3 5 1 2 4 1 0 1 4]
  [0 2 2 1 3 5 5 0 0 4 0 5 2 5 3 1 1 1 4 5 0 1 0 2 3 2 2 1 1 1 0 4 2 0 3
   5 4 1 4 4 5 2 0 0 2 3 0 4 0 0 2 3 2 2 3 0 4 0 4 2 1 3 0 3 1 2 5 1 3 5
   2 3 5 4 0 5 2 4 4 3 4]
  [0 0 3 1 3 1 4 5 4 2 1 2 0 4 5 4 1 0 1 3 4 0 4 5 2 5 0 0 3 2 5 2 2 0 5
   1 3 0 1 1 2 0 4 0 5 1 1 0 0 3 0 2 1 3 0 3 3 0 3 5 0 2 5 2 5 0 5 0 2 1
   4 0 4 4 5 3 4 3 3 4 0]
  [0 1 3 1 3 4 1 4 1 4 2 3 2 0 5 4 0 2 5 5 2 0 0 1 5 5 5 3 0 0 5 4 3 2 5
   0 0 3 5 5 5 2 2 4 3 3 2 1 1 0 0 4 3 0 1 1 5 2 0 2 1 5 5 2 1 4 0 2 4 1
   3 1 4 1 2 5 2 4 4 5 3]
  [0 0 5 0 5 5 5 0 2 3 4 5 1 5 3 3 4 5 2 2 4 3 1 0 1 4 4 2 0 0 2 0 1 3 1
   1 3 0 5 1 0 4 1 5 4 3 5 1 0 2 1 3 1 1 5 5 4 0 0 2 2 3 1 0 1 4 0 2 0 0
   0 1 3 5 1 4 2 3 1 3 2]
  [0 5 2 3 2 0 2 5 4 1 2 0 4 0 5 4 4 5 4 4 1 2 4 2 0 3 2 3 3 1 2 2 4 3 0
   5 4 5 1 1 1 4 0 0 5 0 5 3 3 4 4 3 2 5 2 2 0 2 2 5 4 3 3 4 5 1 5 3 0 3
   2 3 4 1 2 1 3 2 5 0 5]
  [0 3 1 1 0 2 3 2 1 4 0 0 0 4 1 1 0 4 5 1 0 5 1 1 1 0 2 3 4 3 4 2 4 1 2
   5 1 1 3 4 5 5 4 1 4 3 4 1 1 3 1 2 1 5 2 4 3 4 1 3 0 3 0 5 2 2 2 5 2 1
   3 1 2 3 5 0 1 3 1 2 1]
  [0 0 1 5 5 1 0 0 4 0 2 3 0 5 2 5 0 5 1 4 3 4 4 4 3 5 0 3 5 4 0 2 1 0 2
   0 1 3 4 2 4 5 5 1 3 2 4 5 4 2 1 2 1 1 4 2 5 5 0 1 3 4 2 1 3 3 2 2 3 3
   2 5 1 5 1 4 2 4 3 0 4]
  [0 3 4 3 4 4 2 5 0 0 5 5 1 4 0 0 3 4 2 2 4 4 4 1 5 0 0 0 5 1 4 1 5 1 5
   0 2 3 2 4 4 1 2 5 4 2 3 4 2 1 2 4 3 5 2 5 2 2 4 0 3 1 5 5 4 1 0 1 3 4
   4 4 5 3 3 0 4 2 4 1 1]
  [0 3 3 1 4 3 4 1 3 5 3 5 4 2 2 1 0 2 2 3 0 1 4 5 0 1 0 0 0 0 5 4 0 5 1
   3 3 3 2 0 3 4 2 3 0 3 5 5 3 4 2 5 1 3 4 4 0 2 3 1 5 1 1 1 5 3 5 5 5 1
   3 0 1 5 4 0 3 2 2 4 5]
  [0 0 0 3 3 3 4 1 3 4 0 5 3 5 0 4 2 1 1 0 4 0 3 2 4 3 5 1 3 0 1 2 3 4 4
   1 2 0 0 0 4 0 4 0 2 3 2 4 4 3 5 1 2 3 4 1 4 5 5 1 4 2 1 0 4 4 0 5 0 5
   3 2 0 1 5 0 5 4 0 1 1]
  [0 0 3 2 3 4 5 2 4 2 5 4 0 5 4 2 5 2 0 1 3 5 5 0 5 4 3 5 4 2 0 2 1 3 2
   2 4 4 1 3 0 2 5 3 5 0 5 4 4 0 0 1 5 4 2 1 4 3 4 5 1 0 1 1 2 4 1 1 5 0
   5 0 0 1 4 4 5 2 3 0 3]
  [0 5 4 3 5 3 5 1 3 5 2 5 0 4 0 5 4 0 5 5 5 1 1 1 4 1 3 1 2 3 0 0 4 1 1
   2 3 3 2 3 5 4 5 4 0 1 4 0 5 0 1 3 1 4 2 2 0 2 0 0 2 1 1 0 3 3 1 3 5 4
   4 2 3 2 3 0 5 3 2 3 4]
  [0 1 0 1 0 1 5 5 0 3 5 3 4 0 5 2 3 3 0 5 4 1 1 1 2 0 2 4 2 1 3 1 0 2 1
   4 0 0 5 5 5 2 4 2 3 4 4 1 3 1 5 1 5 4 0 3 1 0 1 3 4 4 1 5 3 0 2 2 1 0
   2 0 2 3 5 4 5 3 3 4 2]
  [0 5 2 0 1 4 3 5 1 5 0 3 1 5 0 5 5 0 3 4 4 0 2 4 4 3 0 4 3 0 0 4 3 0 1
   3 0 4 2 2 0 0 4 3 2 2 0 0 4 1 0 2 2 5 0 4 0 4 0 1 1 4 0 1 0 5 0 1 1 0
   5 2 3 3 2 3 4 0 1 0 3]
  [0 0 5 2 1 3 3 0 5 5 1 3 4 2 3 4 0 0 1 3 4 0 3 5 3 0 5 1 1 3 5 4 5 3 0
   3 4 1 0 2 4 3 4 2 0 0 0 4 5 0 2 5 1 2 1 4 3 1 4 4 5 2 2 0 2 5 5 1 3 0
   0 4 0 4 2 5 3 2 3 4 2]
  [0 1 0 5 4 5 1 3 4 3 5 2 0 3 0 3 1 5 5 1 0 5 5 2 1 3 0 3 3 1 2 0 4 4 1
   0 2 5 4 4 4 4 1 0 1 0 3 1 3 0 0 1 5 1 0 1 4 5 2 1 4 1 5 1 2 5 5 5 0 5
   2 2 2 1 1 0 4 2 5 5 1]
  [0 4 1 5 2 0 3 1 2 5 5 0 2 2 5 5 3 4 0 1 1 4 3 3 4 5 2 4 4 1 0 1 5 3 4
   2 0 3 1 0 4 2 2 1 0 1 0 4 2 4 5 1 4 0 1 2 3 0 3 2 3 4 1 2 4 2 1 4 5 4
   3 1 3 0 4 1 1 5 4 5 3]
  [0 1 5 1 0 4 1 2 0 5 4 1 2 2 2 2 1 2 2 5 1 0 5 2 3 0 0 0 1 5 1 3 5 4 3
   5 5 0 0 1 0 1 2 2 1 3 3 5 4 5 2 2 0 2 0 3 3 4 2 2 4 0 4 2 3 5 1 5 0 1
   0 5 4 4 4 0 3 2 3 0 2]
  [0 5 0 4 0 1 1 3 1 5 3 0 2 2 2 2 0 5 4 4 0 2 1 2 1 1 0 4 5 0 3 4 3 3 5
   3 1 3 0 4 1 3 1 2 1 0 3 1 0 2 2 1 4 0 4 1 0 4 0 5 1 0 3 5 0 5 2 0 5 0
   0 1 3 4 1 1 5 5 5 5 4]
  [0 4 5 4 2 4 5 0 1 3 2 1 5 0 5 5 5 2 3 3 5 4 5 3 3 4 5 0 3 3 5 3 1 0 3
   2 2 5 3 0 0 1 0 2 0 4 2 1 3 2 5 4 3 1 4 1 3 3 2 4 5 2 3 3 4 0 1 5 0 2
   3 3 5 5 5 4 0 3 1 0 1]
  [0 5 0 5 2 2 5 5 4 1 3 2 1 0 2 2 4 0 5 0 3 5 1 4 4 4 5 4 1 3 4 3 0 0 4
   3 3 0 3 5 0 2 0 1 2 1 0 5 2 5 5 2 0 5 3 2 0 1 4 3 5 3 1 3 0 3 3 3 3 3
   4 0 0 0 4 0 4 4 4 5 4]
  [0 5 2 0 1 1 2 1 4 1 3 5 3 4 3 3 1 2 2 0 1 2 5 4 3 3 3 4 2 0 1 2 4 2 4
   0 0 5 1 0 1 0 0 1 0 4 0 5 0 0 2 0 3 3 3 5 3 4 5 3 5 5 1 3 1 0 3 2 1 5
   4 2 4 1 3 5 0 0 3 5 2]
  [0 0 4 4 2 1 4 2 4 2 5 0 5 4 3 3 0 3 1 0 1 2 3 0 5 3 2 2 4 1 3 2 4 5 3
   4 0 3 2 1 5 3 0 3 4 0 4 0 3 3 4 3 5 5 3 0 4 2 4 3 4 3 1 5 2 2 0 2 0 1
   1 5 1 1 0 0 0 5 0 0 5]
  [0 0 1 1 0 3 1 3 4 5 0 2 0 4 5 2 0 2 0 4 4 1 2 0 4 1 1 2 1 1 2 0 1 1 5
   3 4 2 0 1 1 0 1 0 4 4 5 4 0 3 4 2 1 5 0 4 2 0 2 2 5 4 5 3 2 0 1 3 0 3
   2 0 1 0 3 4 5 4 3 5 4]
  [0 2 5 5 3 4 1 2 5 4 1 0 2 2 2 2 5 4 3 4 0 1 2 5 0 2 2 4 0 1 2 3 3 3 5
   5 0 2 0 1 1 2 0 5 0 2 1 4 0 2 3 0 2 2 4 4 1 2 2 2 5 5 0 1 5 0 5 4 1 1
   4 5 3 5 2 0 5 5 4 2 1]
  [0 2 3 5 1 5 4 3 5 4 4 4 0 4 3 3 0 0 1 2 5 5 5 3 0 1 5 5 0 5 0 3 4 5 5
   0 2 0 5 3 1 2 4 2 3 0 3 2 5 4 3 2 3 4 5 5 3 5 5 5 0 3 2 0 5 0 5 5 5 3
   2 1 2 3 1 2 4 3 2 3 0]
  [0 5 5 3 5 2 1 4 4 1 4 2 3 1 1 0 4 1 1 1 4 5 0 2 1 0 2 3 2 0 0 0 3 3 3
   3 5 4 3 5 4 3 0 2 3 4 0 1 2 3 3 3 4 3 5 5 4 5 5 0 4 5 4 4 4 2 4 1 5 3
   0 3 5 3 4 0 2 3 2 2 5]
  [0 1 2 0 3 1 5 4 3 2 1 0 5 0 4 5 2 5 3 3 4 0 2 2 0 0 5 2 2 5 1 3 0 4 3
   4 3 4 4 5 2 1 4 4 1 2 3 0 5 1 2 2 3 5 4 0 4 5 5 3 4 3 3 3 3 3 2 0 3 5
   1 4 2 1 4 2 0 0 3 4 3]
  [0 4 2 1 0 3 5 5 2 1 1 4 2 4 4 2 4 0 1 1 4 5 3 1 0 5 2 2 5 3 3 5 3 5 3
   2 5 3 5 1 4 0 3 3 0 0 2 1 0 3 5 2 1 0 2 3 5 1 4 4 0 5 5 4 1 2 1 4 2 5
   1 2 4 4 4 3 4 2 0 1 1]
  [0 2 4 3 1 2 5 2 2 4 2 4 1 0 5 0 1 1 2 4 4 3 0 4 2 5 3 4 5 0 5 0 3 2 4
   2 5 4 2 0 2 2 2 4 1 1 2 1 5 0 0 5 5 4 5 0 3 0 3 5 3 3 5 1 4 4 1 5 2 1
   2 5 4 0 0 1 0 5 0 3 2]
  [0 3 5 2 5 0 3 5 5 2 2 5 0 1 3 0 3 0 2 1 2 3 3 4 4 4 2 5 3 4 4 0 1 4 1
   0 3 4 3 4 2 0 0 1 2 0 4 3 5 0 0 3 2 5 3 4 2 2 2 2 1 2 0 1 5 2 4 5 3 2
   2 2 3 4 2 5 4 2 3 3 3]
  [0 0 2 0 5 2 1 3 4 4 1 0 2 0 1 5 2 1 5 4 5 4 4 4 1 1 4 4 2 5 5 3 2 4 1
   1 5 1 4 2 5 4 5 1 2 4 1 1 2 0 5 0 4 2 0 5 3 1 5 3 1 0 5 1 1 2 3 3 0 2
   4 3 2 5 0 2 2 0 1 1 4]
  [0 4 4 2 4 0 4 2 5 2 4 4 0 2 2 1 4 1 0 3 1 1 1 1 1 0 3 0 3 1 0 2 0 4 1
   2 1 4 1 1 2 3 5 1 4 5 3 1 4 0 1 2 0 3 5 0 3 3 3 3 1 0 2 1 2 0 3 1 4 0
   0 4 5 2 3 3 2 4 0 3 5]
  [0 3 5 5 5 2 2 1 4 4 2 1 1 3 2 4 2 5 4 0 0 5 1 3 1 2 1 5 4 0 4 2 3 5 2
   2 0 0 5 4 5 5 5 1 0 2 2 0 3 1 4 4 2 0 2 5 2 5 2 1 5 0 5 1 4 5 3 5 4 5
   4 0 1 1 5 4 5 0 5 0 0]
  [0 0 5 2 1 0 5 4 3 2 5 1 1 2 4 4 3 1 0 4 4 4 3 2 0 0 0 1 2 3 1 1 2 2 1
   4 2 3 4 5 2 0 3 1 0 5 3 0 4 1 3 3 4 4 0 5 2 2 2 3 5 4 4 5 3 4 0 5 0 3
   1 3 1 2 1 4 3 5 0 2 3]
  [0 1 5 3 0 2 3 3 5 0 3 1 4 2 2 0 2 5 1 4 0 2 2 1 1 2 5 2 1 3 5 3 3 4 3
   1 5 0 5 1 0 3 0 1 4 4 0 0 0 2 5 0 4 1 5 0 2 3 5 1 4 2 3 3 2 1 1 5 5 3
   2 1 4 1 5 3 3 3 3 3 0]
  [0 1 1 4 1 3 4 4 4 0 2 1 2 1 1 1 1 1 3 2 0 0 1 3 0 5 1 5 0 0 0 1 2 0 5
   2 2 4 5 4 5 4 5 3 3 0 4 0 2 0 4 4 0 0 5 0 0 4 5 0 1 2 3 4 2 1 5 4 5 3
   3 1 4 0 2 1 1 0 0 2 1]
  [0 1 5 0 2 2 3 4 4 1 0 1 5 1 2 0 3 5 4 0 5 4 2 3 4 2 5 2 1 0 1 2 0 3 1
   2 4 5 2 3 2 2 5 3 2 3 5 1 2 3 5 3 3 1 2 0 0 0 2 5 4 2 4 1 1 1 3 1 2 2
   0 2 5 3 2 3 5 4 4 5 4]
  [0 0 0 0 2 3 1 4 3 2 3 1 4 3 2 1 1 1 2 0 0 3 3 4 5 2 5 2 5 4 3 2 1 2 1
   1 0 1 2 3 5 0 3 1 4 3 0 2 5 0 2 5 5 0 4 4 1 5 0 3 3 2 5 5 3 0 2 3 1 1
   1 5 3 0 3 0 4 1 5 3 3]
  [0 4 2 1 1 2 3 5 2 5 2 5 1 1 1 5 0 4 5 1 5 4 2 0 5 1 3 3 0 1 1 1 5 2 1
   2 0 0 1 0 3 3 4 3 4 1 1 5 0 0 4 4 3 3 5 1 5 2 5 0 2 2 5 1 1 5 4 0 1 5
   0 0 4 4 5 1 5 3 3 0 4]
  [0 3 5 0 4 4 1 5 1 2 2 5 4 3 5 2 2 3 2 2 5 2 2 1 3 1 5 2 3 3 2 4 4 1 5
   1 3 4 0 4 4 3 5 1 5 0 5 2 5 2 1 3 3 3 1 1 5 5 2 4 0 3 0 3 1 3 5 1 0 2
   0 4 4 3 4 3 3 1 2 5 0]
  [0 4 4 4 5 3 5 3 2 4 0 1 2 4 0 2 2 3 0 3 1 5 5 3 0 2 2 1 5 3 2 3 2 0 1
   4 0 3 3 3 4 0 0 0 1 2 0 4 0 0 0 1 3 3 5 0 0 2 1 3 0 0 3 2 1 1 1 5 4 2
   0 4 2 4 2 5 2 3 2 3 2]
  [0 1 4 1 5 0 5 4 4 3 1 3 2 0 0 1 5 5 1 1 3 2 4 3 4 0 2 1 5 1 1 4 2 0 0
   3 0 1 0 2 3 1 1 1 3 4 3 4 3 0 0 3 5 0 4 5 1 0 1 2 3 0 0 3 3 1 5 0 1 1
   1 4 1 1 2 4 5 2 3 2 3]
  [0 4 5 0 1 1 1 4 2 4 4 5 3 4 0 2 5 1 4 3 0 1 2 1 4 1 5 5 4 3 4 3 1 5 3
   1 3 5 0 2 3 1 3 3 0 3 5 3 4 2 2 1 4 2 3 5 4 0 5 1 0 2 0 0 2 2 2 4 0 5
   2 5 0 4 4 4 0 5 1 4 4]
  [0 0 3 4 3 2 1 4 5 3 3 4 5 3 0 5 4 5 5 2 4 4 4 4 2 5 2 2 5 5 2 0 3 3 1
   3 4 4 3 0 4 5 3 2 1 0 5 3 3 0 1 4 2 4 3 3 1 0 5 2 1 4 0 0 0 2 3 1 2 1
   1 1 1 3 4 5 4 0 5 5 1]
  [0 0 3 0 5 5 4 3 5 1 5 1 0 2 0 0 0 3 0 4 2 4 5 2 2 2 1 5 3 1 1 4 2 4 0
   3 3 3 5 3 0 3 3 1 0 4 0 1 0 3 2 0 3 3 2 3 0 5 2 0 1 5 1 3 0 0 5 0 2 0
   1 5 5 5 1 2 2 2 4 3 4]
  [0 5 3 0 1 5 0 5 3 3 3 3 3 0 5 0 2 2 3 0 0 0 5 5 2 2 1 2 2 4 1 0 2 4 2
   1 0 2 1 5 4 2 0 2 2 4 0 0 5 0 0 2 2 0 2 3 0 4 2 3 3 5 0 4 5 3 0 3 2 4
   2 1 1 1 3 1 4 1 3 2 5]
  [0 5 1 5 3 0 2 4 3 3 4 2 4 0 1 3 3 4 1 2 2 1 5 5 2 3 1 3 5 0 2 2 2 4 4
   4 4 4 0 3 4 2 2 5 3 4 1 2 5 2 2 1 0 1 5 4 3 4 5 0 4 1 2 4 0 2 0 0 5 2
   1 5 5 1 2 3 3 2 5 1 3]
  [0 5 4 2 0 1 1 2 0 2 5 4 2 1 3 5 1 4 5 2 3 1 2 0 4 2 5 0 0 4 3 1 4 2 5
   2 0 3 5 2 5 4 4 1 3 5 2 2 3 5 3 4 3 3 3 1 0 4 0 4 2 2 1 4 4 1 2 5 0 0
   2 5 0 4 5 1 5 4 4 0 0]
  [0 0 1 1 4 4 2 2 2 0 4 2 0 0 1 1 0 5 2 4 0 2 2 5 1 0 0 0 3 5 5 2 4 3 0
   1 0 1 1 2 2 0 4 1 5 2 0 1 1 5 5 2 2 3 0 1 4 5 2 1 5 2 0 5 3 3 0 0 1 0
   1 5 2 1 3 4 5 3 2 1 4]
  [0 3 3 3 3 0 4 4 3 5 3 4 2 3 2 1 5 3 2 2 4 1 3 1 5 2 4 0 2 3 0 3 4 5 2
   2 5 4 3 1 0 5 1 5 1 1 0 3 1 1 4 1 3 4 4 5 3 4 5 3 3 0 4 5 0 0 5 4 1 0
   0 3 4 0 0 3 5 5 3 5 2]
  [0 1 2 0 1 3 4 3 4 3 2 1 1 1 4 3 1 1 4 3 4 1 4 2 2 3 2 0 5 2 0 1 4 0 1
   3 0 4 1 3 5 4 0 4 5 1 1 3 3 2 3 0 0 5 5 1 3 0 2 3 2 2 3 3 2 4 1 4 4 3
   4 0 0 1 3 0 0 3 4 3 5]
  [0 4 2 4 1 5 5 2 3 1 0 3 5 0 5 4 4 4 0 0 4 5 5 3 4 4 2 3 5 2 2 1 0 4 2
   3 0 2 2 4 2 3 2 1 5 5 3 5 1 3 1 2 2 3 5 0 1 2 0 4 1 2 1 1 2 2 3 4 5 2
   3 5 0 1 0 3 5 2 0 0 1]
  [0 0 0 5 0 5 0 2 4 2 4 5 2 3 1 4 1 5 0 5 5 4 2 4 4 2 5 4 4 3 0 1 5 0 0
   3 0 1 1 5 5 0 4 5 3 3 3 1 2 3 1 3 5 4 4 1 1 1 1 1 4 0 1 5 5 5 0 1 0 4
   4 3 3 0 3 5 5 5 5 2 1]
  [0 4 4 3 1 3 4 1 2 5 0 3 4 3 0 4 3 1 0 2 4 1 4 0 4 1 4 0 5 2 4 2 5 3 5
   3 4 3 4 3 4 2 0 5 2 0 2 0 1 5 3 4 4 1 1 1 2 3 0 3 1 0 5 3 4 1 2 4 3 3
   1 4 0 1 0 4 4 0 0 0 4]
  [0 0 2 2 1 0 1 3 1 2 2 4 5 1 5 2 5 0 5 2 1 2 0 4 0 2 5 2 3 5 0 3 0 0 1
   3 2 0 5 1 3 1 2 5 4 5 2 2 0 0 4 0 0 0 4 1 5 4 2 5 3 3 5 4 0 5 3 4 2 0
   1 1 2 0 5 0 5 5 3 5 2]
  [0 3 4 3 2 1 5 3 3 0 3 4 2 4 2 1 5 5 3 0 0 4 1 2 2 2 5 5 0 3 5 5 4 3 3
   3 4 5 5 0 3 2 3 5 1 4 2 1 3 0 4 2 2 1 3 2 5 0 4 2 5 1 3 2 4 3 3 1 5 4
   5 4 0 3 2 0 0 5 0 3 4]
  [0 1 4 5 4 2 5 0 2 2 1 0 5 2 5 0 2 0 1 1 4 0 4 2 3 1 5 3 0 5 1 5 1 5 3
   0 4 1 0 5 0 2 0 5 2 5 3 0 1 0 3 5 2 2 2 4 4 4 2 4 3 5 4 2 4 4 2 0 5 1
   2 5 5 2 5 4 2 0 3 3 5]
  [0 2 2 5 3 4 5 5 3 3 1 3 4 0 0 1 3 5 3 1 5 1 1 4 4 4 3 4 5 1 2 3 3 2 0
   0 3 5 1 3 3 5 0 4 4 2 0 3 1 0 5 5 3 0 4 1 1 3 2 1 0 0 5 2 2 5 4 4 3 0
   2 4 0 2 3 3 4 4 0 1 3]
  [0 3 3 5 0 3 3 5 4 5 3 5 5 3 1 4 1 5 1 2 1 4 3 3 4 4 3 0 3 5 2 5 0 5 5
   5 4 2 0 3 0 0 1 1 3 5 1 5 3 3 1 0 3 1 5 5 5 5 1 5 2 3 5 0 3 4 1 1 4 4
   3 2 2 5 5 1 1 2 2 0 3]
  [0 3 4 3 1 3 3 0 0 2 4 2 1 4 2 3 3 5 5 4 3 1 4 0 2 0 2 4 2 4 3 5 1 3 1
   2 0 3 2 1 5 3 4 4 4 0 0 1 4 1 3 1 1 3 5 3 2 3 5 3 0 4 0 3 3 5 3 4 1 1
   1 2 3 3 5 5 3 1 0 2 0]]

 [[0 3 1 2 5 2 4 1 1 2 0 5 2 3 0 5 4 3 4 5 0 4 0 1 4 5 3 0 5 0 0 2 4 2 3
   3 3 1 4 0 5 3 3 1 1 4 3 5 3 5 5 1 2 1 0 3 2 4 2 3 0 2 1 0 1 5 4 2 4 4
   2 4 3 2 0 2 0 2 4 0 3]
  [0 0 3 4 5 2 1 5 4 2 2 2 2 3 3 5 4 2 1 2 0 0 5 1 3 1 1 5 0 0 4 5 0 5 1
   2 5 1 1 1 1 5 4 2 0 0 4 4 4 2 2 3 5 2 2 1 1 2 3 3 2 0 1 2 4 2 0 5 5 2
   2 3 2 5 2 0 4 2 0 3 2]
  [0 5 0 4 5 1 3 1 4 1 4 5 4 1 2 4 3 3 4 4 2 5 0 2 3 2 1 2 2 2 5 5 4 2 3
   2 0 0 3 3 5 1 0 2 2 4 1 2 1 5 1 3 4 2 4 0 2 4 2 5 1 4 4 5 0 5 2 1 2 3
   0 4 5 5 4 3 2 0 1 5 4]
  [0 4 0 0 5 2 5 1 0 5 0 3 2 4 5 3 3 0 5 0 3 2 3 0 4 0 4 3 4 0 5 2 4 3 1
   1 4 2 2 5 2 5 5 1 3 4 5 1 5 3 1 0 4 2 2 3 4 5 0 4 0 4 2 3 1 4 4 5 1 2
   0 2 4 2 1 1 0 4 3 5 3]
  [0 3 1 2 0 5 1 2 4 1 2 4 2 4 1 1 3 2 3 0 3 3 2 5 4 4 5 2 2 4 1 0 5 2 3
   5 5 1 5 4 4 0 5 2 2 1 5 4 5 3 4 0 1 5 0 5 1 3 2 2 3 2 0 3 3 0 0 4 1 3
   3 4 2 0 2 1 2 2 1 2 1]
  [0 4 2 2 5 0 3 4 1 4 1 0 0 1 3 3 2 5 1 5 1 2 3 4 1 0 5 2 4 5 2 1 3 4 4
   3 3 0 4 2 1 5 2 3 1 5 0 1 2 1 5 1 4 0 0 2 5 0 0 4 0 4 5 1 2 3 0 2 4 5
   2 3 1 3 1 5 4 1 1 0 5]
  [0 4 2 4 3 5 0 0 1 3 1 5 3 1 1 4 3 3 4 0 2 1 4 5 4 3 4 0 1 4 4 5 0 5 5
   5 2 2 4 1 4 4 5 2 4 2 0 3 5 1 3 1 1 0 4 3 1 1 3 1 2 0 4 5 4 2 0 1 4 4
   4 2 3 2 0 5 1 2 4 5 3]
  [0 3 3 3 3 3 1 0 3 5 3 2 0 5 0 2 2 5 4 0 1 2 4 3 4 5 1 5 3 5 2 0 5 5 4
   2 4 5 1 5 1 3 2 3 0 4 2 1 2 0 2 1 0 4 0 4 5 1 5 0 4 5 5 2 4 2 5 5 0 0
   5 3 4 5 4 5 4 5 1 2 4]
  [0 4 3 0 5 1 5 4 0 2 0 4 5 4 5 1 0 1 5 4 3 1 0 2 4 1 2 5 4 5 3 0 0 5 0
   0 4 0 2 4 3 2 4 4 2 4 1 0 2 1 4 1 4 3 5 2 5 2 3 2 2 2 1 5 5 2 5 5 4 4
   5 3 4 4 5 1 2 2 5 3 5]
  [0 2 5 3 0 1 3 4 5 0 4 0 1 3 4 2 4 0 5 1 4 2 1 1 5 3 4 4 1 0 5 1 5 5 1
   3 0 4 2 2 1 1 2 4 0 0 2 0 4 3 5 0 0 4 5 3 5 5 1 0 0 3 4 4 5 5 4 0 5 1
   0 4 1 1 1 1 5 0 2 1 3]
  [0 4 5 2 4 0 4 3 3 1 0 3 3 2 5 4 5 4 3 5 2 1 4 1 1 4 1 1 0 1 0 4 5 5 2
   4 5 5 3 2 2 4 3 0 0 5 2 5 4 4 5 0 3 5 1 2 0 2 3 2 3 5 0 2 2 2 2 1 2 0
   0 4 4 1 2 5 1 5 4 5 3]
  [0 4 2 1 2 5 2 0 2 3 4 0 3 3 3 4 4 3 4 1 4 1 3 0 5 1 3 2 3 4 4 1 1 0 3
   0 1 0 0 1 3 3 1 0 4 1 2 0 3 1 1 3 2 2 5 3 3 2 5 3 1 5 4 5 4 2 5 3 4 5
   4 3 2 3 0 0 0 3 5 3 2]
  [0 5 4 2 4 5 0 4 1 2 5 0 0 5 2 4 2 0 1 4 5 5 1 0 4 4 1 0 2 5 4 5 2 3 3
   1 3 5 3 4 1 4 5 0 4 2 1 1 3 4 4 3 5 1 2 0 1 5 5 1 1 5 4 5 0 1 4 3 4 3
   5 2 2 4 3 0 5 3 2 0 3]
  [0 5 2 0 2 3 5 2 4 5 3 5 3 0 5 2 0 1 5 5 2 4 0 1 0 4 3 2 1 0 4 4 4 1 5
   1 0 1 1 5 3 0 5 1 1 1 2 5 4 2 0 2 5 1 2 2 2 1 3 4 4 2 0 0 4 1 4 2 0 0
   4 2 5 4 0 1 0 4 0 4 5]
  [0 0 0 4 3 1 4 2 1 0 0 1 1 1 0 0 0 5 2 3 2 1 4 5 1 3 1 1 2 0 0 4 4 5 5
   1 2 0 4 2 3 5 1 1 1 2 1 1 2 1 3 5 3 0 4 0 0 0 2 0 4 4 3 5 2 4 3 2 1 2
   2 2 0 4 5 5 2 4 4 5 5]
  [0 3 4 1 1 4 2 4 4 4 0 4 1 0 3 0 3 0 1 0 0 5 0 5 5 3 1 5 1 2 3 2 3 1 0
   1 3 3 3 2 5 5 5 3 1 4 5 3 1 0 1 1 0 4 1 5 4 1 2 0 3 1 0 2 3 3 3 2 3 1
   4 0 5 3 1 2 1 1 2 0 1]
  [0 2 5 2 5 4 0 0 3 3 4 0 0 1 4 1 0 4 4 5 3 0 0 3 3 5 5 3 1 2 3 1 5 1 5
   3 0 4 1 4 0 5 5 2 2 2 4 2 2 4 1 4 2 2 1 2 3 0 5 4 3 1 1 3 5 4 4 5 2 0
   4 3 4 3 1 2 3 1 3 5 0]
  [0 2 3 0 3 3 4 1 1 2 2 5 0 0 1 1 3 0 3 0 0 5 0 1 2 3 1 0 4 5 2 1 0 0 2
   5 2 2 3 5 4 0 4 1 0 2 3 0 5 1 3 4 5 3 3 4 5 5 4 3 1 2 5 1 0 0 3 2 5 1
   5 3 1 5 1 4 0 1 5 5 0]
  [0 3 3 0 3 4 0 3 2 0 4 3 0 4 3 2 5 2 0 0 3 5 0 4 3 4 0 2 1 0 5 0 1 4 3
   2 3 4 5 2 3 2 5 0 5 2 4 5 5 1 4 4 0 4 2 0 3 0 5 2 3 4 0 0 4 5 4 2 5 5
   4 2 4 5 3 4 1 0 5 2 4]
  [0 3 0 1 4 3 1 3 5 1 3 3 1 0 4 1 0 2 1 0 1 2 0 5 0 2 2 5 3 3 4 0 1 1 5
   0 4 2 3 1 5 0 2 5 4 5 3 1 4 5 0 0 4 4 2 1 5 1 0 2 1 4 1 5 2 1 0 0 1 0
   5 3 4 0 2 2 0 5 0 0 4]
  [0 1 1 4 1 3 0 1 4 4 5 3 5 5 3 4 2 3 2 4 0 0 0 2 4 0 2 4 5 4 3 5 0 2 3
   4 0 0 3 2 3 4 3 0 4 0 3 2 1 1 2 3 0 1 1 1 2 0 2 2 4 0 5 2 3 2 0 2 5 5
   0 1 3 3 1 0 5 0 5 3 1]
  [0 0 5 2 4 5 3 3 2 3 3 2 0 3 4 1 4 5 5 5 5 0 3 3 1 3 5 1 1 4 2 5 3 2 1
   0 5 3 5 1 3 5 1 4 1 2 2 1 2 2 5 2 1 5 4 1 0 2 0 1 5 0 3 2 0 0 4 0 4 0
   3 0 4 0 5 3 5 0 3 2 3]
  [0 4 1 3 1 0 1 5 3 3 0 2 1 4 0 4 3 5 5 4 2 5 0 2 3 0 5 0 2 0 2 2 0 2 2
   0 0 5 5 5 5 2 2 1 5 3 5 3 3 5 2 1 4 3 1 3 3 3 4 2 3 2 3 2 1 2 1 5 2 3
   4 5 3 0 1 5 5 2 2 0 3]
  [0 0 3 4 5 3 3 3 4 5 4 3 4 3 1 1 2 2 1 3 4 0 4 0 1 0 5 0 0 3 1 3 2 0 1
   3 5 4 4 1 0 3 5 3 2 0 2 2 2 2 4 2 5 5 5 5 5 3 5 4 1 4 4 1 4 2 2 4 5 4
   2 0 1 3 4 2 2 2 5 3 2]
  [0 3 3 0 4 0 0 3 0 1 1 1 4 5 1 1 3 2 4 5 0 5 1 5 0 3 5 3 2 2 0 2 1 0 3
   4 5 5 0 5 3 1 5 2 1 1 3 3 4 5 4 3 5 0 1 1 0 4 1 3 4 1 0 2 3 0 5 4 4 2
   3 0 2 1 5 2 5 3 3 0 3]
  [0 5 0 4 1 5 0 2 5 0 2 1 2 3 4 0 4 3 2 0 5 3 4 3 4 0 2 4 1 3 5 5 0 4 5
   3 2 2 1 1 0 5 1 2 1 2 0 2 4 4 1 5 1 5 3 1 1 1 4 1 3 0 4 0 1 2 2 5 0 5
   2 5 0 3 1 3 4 0 4 5 0]
  [0 5 2 2 5 3 4 2 2 2 5 5 2 3 4 5 5 2 2 5 2 1 1 5 4 4 0 4 3 1 5 4 4 4 5
   5 5 2 5 1 1 4 0 0 4 0 5 5 5 2 2 1 2 5 0 4 3 5 0 5 1 4 3 2 2 0 3 0 4 5
   2 1 1 3 3 5 0 1 4 1 3]
  [0 5 1 1 2 4 3 5 1 4 5 5 1 1 5 0 2 2 3 3 5 1 0 0 5 3 4 0 3 2 3 4 4 2 5
   0 4 3 4 4 3 2 1 1 0 2 3 3 2 3 3 2 5 1 3 4 1 2 2 0 2 1 5 2 3 0 1 2 1 3
   1 2 4 4 3 0 3 0 5 2 0]
  [0 1 1 4 4 0 2 2 3 2 5 4 2 5 1 4 5 4 1 2 0 0 0 1 1 5 1 3 0 0 1 0 2 3 3
   2 1 4 4 5 3 1 5 1 2 5 3 4 0 3 0 4 5 0 0 5 5 1 2 3 0 3 4 2 5 3 5 0 5 1
   1 1 4 4 2 1 0 2 1 4 3]
  [0 3 5 4 1 0 2 3 4 4 3 0 3 5 4 0 3 0 5 3 1 2 0 1 0 5 5 0 4 0 2 2 5 1 5
   4 4 0 3 1 4 3 3 2 0 5 4 4 2 3 1 4 1 2 5 4 1 0 1 1 3 0 5 1 2 5 5 0 3 3
   4 2 4 3 5 2 1 2 2 0 1]
  [0 2 1 0 5 0 1 0 0 1 3 4 1 0 1 1 5 4 3 1 4 3 0 0 3 0 0 1 2 2 0 2 5 3 0
   2 0 3 3 4 5 0 0 2 0 4 1 5 3 5 5 2 3 0 5 4 2 2 1 5 2 3 0 5 5 1 1 4 0 2
   4 4 1 0 0 4 3 0 2 2 1]
  [0 5 4 1 0 2 2 1 1 5 2 4 5 0 4 2 3 4 2 2 3 0 2 1 5 5 0 2 2 5 5 0 3 1 5
   2 3 1 2 4 5 2 2 3 2 2 0 1 4 5 5 2 3 1 3 3 2 4 1 2 3 2 0 2 2 4 4 2 4 3
   2 5 5 5 3 0 2 0 5 1 1]
  [0 3 2 5 3 4 1 3 2 0 4 0 1 3 1 5 3 2 1 1 1 1 2 3 2 5 1 1 1 0 3 0 0 2 1
   1 5 0 4 2 5 5 5 4 5 1 4 0 4 3 2 2 1 3 0 3 3 5 0 1 1 5 0 3 4 2 1 2 4 0
   2 3 2 3 4 5 5 0 3 2 3]
  [0 5 1 1 3 3 5 2 5 4 1 1 5 4 1 2 1 5 5 0 0 2 0 1 0 3 4 1 0 3 0 1 3 0 4
   4 1 0 0 5 2 2 2 4 1 3 2 5 5 1 5 0 4 5 0 3 5 3 3 3 2 4 3 1 2 2 3 0 4 4
   5 0 5 0 3 3 0 2 5 2 4]
  [0 3 3 0 2 5 2 0 0 3 0 1 4 0 4 3 3 3 4 3 2 4 2 2 0 0 2 5 1 2 3 4 3 0 0
   4 2 0 5 1 2 2 1 3 0 1 1 1 2 0 2 2 4 0 4 4 3 5 2 4 0 5 3 2 1 4 4 4 2 4
   0 2 0 0 5 5 4 4 1 1 5]
  [0 5 0 3 4 1 2 1 3 4 5 0 4 0 5 4 2 5 3 1 0 0 0 2 4 2 4 4 1 2 2 3 4 3 0
   0 2 5 3 2 5 3 1 3 0 1 3 2 5 0 1 1 4 4 2 0 1 5 1 3 0 1 3 1 5 1 1 5 3 1
   0 2 2 0 5 1 3 2 0 4 0]
  [0 1 0 1 4 3 2 5 4 2 2 2 3 4 4 5 2 2 2 0 0 5 0 3 2 2 5 5 1 2 1 0 3 0 3
   0 0 2 3 2 1 2 1 3 5 1 0 0 5 2 3 4 4 2 3 5 4 3 1 4 1 4 5 4 4 5 1 4 4 3
   0 4 5 4 2 5 0 0 5 4 0]
  [0 3 1 0 4 3 0 4 2 3 5 3 4 4 5 1 1 3 4 5 0 5 4 5 5 0 4 5 0 1 0 2 1 0 1
   0 3 0 1 2 1 2 3 0 2 3 4 5 4 5 0 5 3 3 4 5 2 2 5 5 1 1 0 2 0 0 1 3 5 1
   1 0 4 0 1 5 4 1 4 1 5]
  [0 5 2 0 4 4 4 3 4 2 1 1 2 1 2 4 4 5 1 2 1 3 4 4 2 3 1 2 4 4 1 3 5 4 4
   5 5 0 0 2 3 4 2 0 4 1 0 4 0 3 4 0 2 3 3 1 3 1 1 0 2 4 2 3 5 5 1 3 5 3
   4 3 4 4 0 4 3 1 4 1 0]
  [0 4 2 3 3 3 5 5 0 2 2 3 5 0 2 5 3 0 1 0 2 0 0 4 3 2 3 1 4 0 5 3 3 3 5
   5 5 0 1 0 0 2 5 5 1 0 4 3 1 4 3 1 0 1 3 3 3 5 3 2 4 4 3 1 2 0 4 4 5 1
   5 3 4 5 1 2 1 2 3 0 2]
  [0 0 3 3 2 1 0 1 3 1 2 4 1 1 5 3 5 0 4 0 5 1 4 2 4 1 3 3 1 1 1 2 5 1 1
   5 3 2 5 3 0 3 4 4 3 3 3 2 5 2 0 4 4 0 5 4 4 5 0 3 5 3 5 2 3 5 4 0 5 1
   1 3 0 2 5 2 0 5 4 2 5]
  [0 1 5 5 1 1 2 0 1 5 5 2 2 4 5 2 4 5 1 3 5 5 5 0 4 3 2 0 4 4 0 4 1 0 2
   4 3 5 4 1 3 0 0 2 4 0 5 0 5 0 4 2 5 3 5 1 1 4 4 1 0 1 3 1 5 5 1 0 1 5
   5 2 3 5 1 1 1 4 1 5 1]
  [0 0 3 0 2 2 1 4 0 4 2 5 3 5 1 4 2 0 5 3 0 2 4 1 4 4 1 1 1 3 2 1 2 0 2
   2 5 3 2 1 5 4 0 3 3 3 4 2 1 2 4 4 3 4 4 1 5 2 2 4 1 1 5 4 2 2 2 4 2 5
   1 0 0 3 0 0 0 3 1 3 2]
  [0 2 0 5 0 5 4 5 0 1 2 4 4 0 4 0 1 3 4 0 4 1 1 1 4 3 0 3 4 3 4 5 1 0 5
   1 1 5 1 2 2 3 0 0 4 4 4 0 0 3 0 5 0 4 4 1 3 0 4 3 2 5 0 3 2 3 0 4 1 1
   4 1 3 5 5 5 3 3 4 1 2]
  [0 1 1 2 3 5 2 2 1 3 3 1 5 0 3 4 2 5 0 0 0 0 4 2 2 5 3 3 5 1 3 5 2 5 5
   5 3 5 2 0 1 5 2 2 0 0 0 5 5 3 0 5 3 3 1 2 5 0 1 3 4 2 4 5 4 3 4 4 4 3
   2 1 5 0 2 5 5 0 2 0 0]
  [0 4 5 4 1 1 1 3 3 1 4 2 5 2 1 0 1 5 0 1 5 0 3 2 2 1 4 5 1 2 1 3 2 0 1
   1 5 4 0 5 5 0 2 3 1 0 3 5 0 4 2 4 0 2 0 5 3 3 5 5 2 3 5 5 0 5 2 1 2 3
   1 2 1 1 4 1 2 3 0 0 3]
  [0 2 3 0 4 1 4 5 5 2 3 1 0 0 5 4 3 3 3 5 4 0 4 5 0 3 2 0 4 3 5 0 0 2 1
   0 0 5 0 4 3 4 2 2 3 5 0 4 2 5 1 0 1 3 3 1 5 3 5 0 0 2 2 0 5 3 3 3 0 2
   3 2 0 1 2 2 2 3 0 5 1]
  [0 0 1 2 3 3 1 4 3 2 1 3 0 0 1 1 2 1 5 4 2 5 0 5 1 0 2 1 5 1 3 2 1 4 0
   1 3 4 3 4 5 0 1 3 2 4 5 0 3 3 4 2 3 0 1 0 5 1 0 3 2 4 3 1 2 1 1 0 1 3
   3 4 3 2 1 1 4 3 1 3 1]
  [0 1 3 3 4 1 2 4 4 1 3 5 2 5 5 0 5 4 4 5 4 0 4 2 4 3 1 4 5 2 0 1 1 4 2
   1 1 5 4 5 2 1 4 2 4 3 3 0 0 2 2 3 5 3 2 3 3 4 0 1 4 0 2 5 4 1 3 5 2 3
   1 2 3 0 5 4 4 0 0 5 0]
  [0 3 4 4 0 3 5 0 0 3 3 0 0 2 0 4 0 3 4 4 0 4 0 4 1 3 5 2 3 0 0 1 5 4 3
   1 4 1 3 3 3 5 2 3 3 1 3 2 5 0 2 5 1 5 5 1 0 1 1 3 5 0 4 0 5 1 0 5 3 0
   3 2 0 0 4 1 0 3 4 4 0]
  [0 1 0 3 4 3 2 1 5 2 1 2 3 5 3 0 4 2 0 5 1 0 4 1 0 4 4 5 3 3 4 4 3 2 4
   5 3 1 4 2 2 4 4 0 1 4 0 4 2 0 0 3 1 0 4 5 1 1 3 5 3 3 3 5 0 2 0 3 1 4
   0 0 2 0 0 5 2 5 5 2 5]
  [0 0 5 2 1 0 1 1 2 2 5 3 1 0 5 3 5 3 3 2 3 3 3 3 5 4 0 1 5 0 0 5 5 4 2
   0 1 4 1 1 2 4 1 1 3 1 3 2 2 3 2 0 0 5 3 4 1 5 4 3 4 3 0 5 1 1 1 5 3 4
   5 2 2 3 4 1 0 0 4 0 4]
  [0 3 4 0 3 4 2 5 5 0 2 3 0 3 5 0 3 4 2 3 0 2 1 2 5 2 3 3 2 3 1 5 3 2 1
   0 1 5 3 3 1 2 0 5 1 5 4 0 5 5 5 4 0 5 3 4 1 5 2 0 2 2 5 2 4 1 3 3 4 0
   3 1 1 0 4 1 2 4 1 5 2]
  [0 5 3 4 3 5 1 4 1 3 3 0 0 1 4 3 3 3 3 3 5 4 3 5 0 4 5 0 2 2 0 3 4 2 0
   3 5 2 0 5 1 1 3 2 5 1 0 1 5 2 2 4 4 0 1 5 5 5 2 4 4 2 2 3 0 1 3 5 4 3
   4 3 1 0 2 3 3 1 4 2 5]
  [0 1 4 1 3 2 1 4 0 0 4 0 4 3 3 0 5 2 2 3 5 4 2 1 5 0 1 5 5 3 3 1 0 4 0
   5 2 0 4 3 4 0 1 3 0 1 0 4 1 3 5 3 1 5 0 3 1 0 4 3 3 3 2 3 1 2 3 0 1 3
   0 4 3 4 4 2 1 2 4 1 1]
  [0 2 2 0 4 5 2 4 1 3 1 4 2 0 1 4 5 0 0 1 1 5 2 0 5 3 3 3 3 1 5 5 0 3 0
   2 5 3 5 1 0 0 5 5 0 1 4 1 1 5 4 5 4 4 2 0 0 2 0 3 1 1 5 1 1 5 1 3 3 0
   2 0 1 2 2 2 0 3 5 1 0]
  [0 2 5 0 4 0 0 5 0 2 3 0 4 4 1 2 0 2 2 4 0 5 2 2 1 2 1 3 5 0 0 4 2 1 4
   3 1 4 4 5 4 1 0 5 2 5 0 5 3 0 4 3 0 5 5 0 0 4 0 4 4 3 0 4 0 4 0 2 2 0
   4 1 3 2 5 2 0 3 3 5 0]
  [0 0 5 5 1 4 4 1 5 4 5 5 1 4 5 1 2 0 5 1 2 2 1 5 3 2 3 5 5 2 4 0 1 0 3
   3 5 2 5 0 0 2 4 4 5 3 0 2 1 5 3 3 1 0 5 2 5 0 1 2 1 4 4 2 0 4 0 2 4 3
   4 4 3 1 1 4 1 2 2 0 1]
  [0 5 3 4 2 3 3 4 5 0 4 4 2 1 2 0 4 5 2 4 2 3 5 5 2 3 5 4 3 0 4 3 3 4 1
   2 0 2 0 2 2 1 4 1 5 2 3 4 1 1 0 2 5 4 2 5 4 3 0 2 2 5 3 2 2 1 3 5 4 3
   0 1 0 3 1 5 1 0 3 0 5]
  [0 1 3 0 4 2 5 2 5 2 4 3 5 5 0 3 3 1 4 4 2 1 4 1 0 4 3 0 3 0 4 0 5 5 0
   1 5 3 1 5 1 2 5 3 5 0 0 4 5 0 0 1 5 2 2 5 0 1 0 0 4 3 4 1 2 4 3 4 1 4
   3 0 2 4 2 0 2 2 3 1 5]
  [0 4 3 0 1 5 5 4 5 0 0 2 5 5 4 4 0 3 5 2 4 3 3 4 4 0 1 3 0 5 0 1 5 1 5
   0 5 2 5 4 2 2 0 2 3 0 3 1 1 4 2 3 3 1 3 1 4 2 4 1 0 4 5 5 2 0 0 5 1 5
   5 4 5 3 4 1 4 5 5 4 1]
  [0 2 0 0 0 0 4 4 5 1 4 0 2 0 0 1 2 2 5 2 2 5 3 2 0 1 3 2 1 0 5 4 4 2 4
   1 4 2 2 4 0 1 0 3 3 4 4 4 1 2 5 4 2 0 2 2 2 1 4 5 1 0 3 3 4 1 3 2 2 5
   4 2 2 3 1 4 5 5 1 3 0]
  [0 5 4 0 4 3 5 5 0 2 3 4 0 2 4 3 1 4 3 5 5 2 5 4 3 0 1 2 4 3 1 1 0 2 2
   0 4 4 3 1 3 1 0 2 1 0 1 0 0 3 3 5 0 2 5 0 2 3 0 4 1 2 0 2 2 1 0 3 5 0
   0 3 0 1 5 3 0 5 2 5 1]
  [0 0 5 4 2 1 3 5 2 3 5 4 0 2 1 2 2 1 0 0 0 3 0 5 1 3 4 2 0 2 3 2 2 3 5
   3 1 1 0 0 5 2 2 5 0 4 5 0 3 3 4 0 0 1 5 4 5 4 5 1 3 5 2 0 0 5 5 0 0 2
   5 5 1 3 3 4 5 1 5 3 0]
  [0 2 3 1 3 1 5 3 2 5 5 4 0 5 4 2 0 4 3 3 4 1 0 0 4 1 2 0 1 5 4 2 3 3 4
   4 4 4 4 4 4 5 4 4 0 3 2 3 2 4 2 3 0 4 0 5 2 2 3 1 4 2 4 2 0 3 2 0 0 1
   2 0 0 5 4 0 5 1 2 4 0]
  [0 1 2 5 2 4 1 4 1 0 3 2 2 3 2 3 5 5 3 3 5 3 4 1 3 3 5 5 1 1 1 0 3 0 4
   5 4 2 1 3 0 5 4 2 3 4 1 2 4 5 4 3 2 4 4 0 5 4 4 5 2 3 4 0 3 0 5 2 1 1
   3 1 0 0 4 2 2 1 3 3 4]
  [0 1 1 5 0 2 1 5 4 1 5 4 4 2 0 3 4 3 3 3 0 2 4 1 3 2 3 5 5 4 0 1 0 0 1
   3 1 2 4 4 2 2 0 5 0 1 2 0 0 1 4 2 2 5 5 4 3 4 0 0 4 5 4 1 5 4 0 4 2 1
   0 0 4 3 5 4 5 0 2 3 5]
  [0 0 5 0 5 5 2 0 3 0 0 2 1 2 4 1 4 4 1 2 5 4 3 4 0 5 5 0 1 1 0 1 2 1 3
   0 0 0 0 2 2 1 3 2 4 0 2 5 1 3 3 1 0 3 4 4 0 1 2 3 2 5 5 0 1 4 3 0 3 1
   4 0 2 5 3 4 2 1 2 2 0]
  [0 0 0 2 0 3 0 4 0 1 2 0 3 1 2 4 3 2 2 0 1 4 2 4 3 5 1 1 2 5 2 0 0 2 3
   4 2 4 1 2 5 2 4 0 0 0 3 3 1 1 2 0 3 2 1 3 2 4 4 1 1 3 5 5 3 5 0 0 0 4
   0 5 3 4 0 5 3 1 1 4 4]
  [0 4 3 3 2 1 4 5 2 1 1 3 3 4 3 0 2 0 2 4 2 3 1 2 0 4 1 0 1 4 5 4 4 5 3
   0 0 1 5 1 0 4 2 1 1 3 0 5 1 5 0 0 2 0 0 3 5 3 3 2 1 0 0 3 1 0 5 0 5 0
   5 1 1 4 4 1 0 2 1 3 1]
  [0 2 2 0 2 5 5 4 0 3 0 4 4 4 3 1 4 1 3 3 4 1 1 5 0 1 3 3 1 4 3 3 2 5 4
   1 0 1 2 3 0 5 0 3 0 3 5 4 1 3 3 3 1 4 0 1 3 5 3 2 1 4 5 0 4 1 3 5 4 3
   0 4 3 5 0 4 3 1 5 2 2]
  [0 0 3 1 3 3 5 0 4 1 2 5 4 2 0 5 5 5 2 4 5 5 2 2 3 3 2 3 1 3 3 5 4 5 1
   1 1 1 0 0 5 1 4 4 0 2 1 1 5 4 4 4 1 0 5 0 4 4 1 1 2 1 3 3 5 1 4 5 4 3
   4 0 3 4 4 5 1 1 1 5 2]
  [0 1 3 2 4 3 2 5 3 0 4 3 5 5 5 4 2 0 4 1 0 2 0 4 3 0 5 2 1 0 1 4 1 3 0
   4 3 1 1 2 4 3 0 0 3 1 4 5 3 4 4 5 2 3 1 3 1 3 1 3 5 3 5 4 2 4 2 0 1 0
   0 2 0 2 2 3 3 1 1 4 0]
  [0 1 3 2 4 4 1 5 1 5 5 3 2 5 2 1 5 4 2 2 4 3 2 4 5 4 2 0 2 3 0 5 3 1 3
   4 3 3 0 4 1 1 4 5 0 5 4 2 0 3 0 5 3 5 4 2 3 1 4 5 0 2 4 4 2 3 4 2 3 5
   1 1 3 0 0 0 1 4 5 0 0]
  [0 3 2 1 2 0 1 3 4 1 2 1 5 0 5 0 2 1 5 3 0 1 4 5 5 1 0 5 0 1 3 4 4 0 2
   2 5 1 2 2 2 4 5 0 3 2 2 4 5 1 5 2 4 4 5 3 2 2 2 5 1 5 5 2 4 5 4 2 5 5
   5 4 5 2 0 5 0 4 3 5 0]
  [0 0 2 2 5 0 2 0 0 4 4 4 4 1 5 2 3 5 3 4 2 5 2 4 1 0 4 5 4 0 0 5 1 1 5
   3 4 2 3 0 2 4 3 4 1 5 5 3 4 3 4 0 4 0 3 1 3 0 0 2 0 0 3 2 1 0 1 5 4 4
   5 1 1 0 2 0 1 5 0 2 1]
  [0 0 4 3 2 4 5 0 0 3 1 4 5 4 5 2 0 3 4 3 2 2 4 0 4 1 5 2 3 2 1 2 4 0 5
   3 2 5 2 5 2 4 0 4 3 0 1 3 2 3 2 3 0 4 0 5 4 0 3 0 4 4 3 4 2 2 1 3 1 0
   3 2 2 0 0 5 0 5 5 4 3]
  [0 4 2 4 5 2 1 5 3 3 0 3 0 0 2 0 5 4 5 0 3 4 4 1 1 0 5 0 0 2 3 1 5 3 4
   4 0 2 5 5 0 3 1 1 5 3 5 5 1 3 2 5 3 3 1 4 5 1 4 2 2 3 2 0 0 1 1 5 1 4
   0 5 1 0 5 5 3 0 3 2 5]
  [0 2 5 4 2 3 2 0 4 3 5 0 4 5 2 5 2 5 0 2 3 3 2 4 3 2 5 3 5 3 4 1 2 3 1
   0 2 2 2 2 4 5 1 5 5 0 0 3 3 5 5 4 5 5 2 3 2 0 1 0 5 2 4 3 3 2 3 3 1 1
   5 0 5 1 1 0 3 1 0 2 1]
  [0 4 5 2 4 2 0 5 1 4 1 1 4 3 1 4 5 1 5 4 3 4 4 0 3 5 2 3 2 2 3 0 2 5 3
   2 1 1 5 5 4 5 2 2 3 5 4 3 3 2 3 4 3 2 5 5 0 2 1 5 2 2 1 1 3 3 2 3 1 0
   2 2 2 1 1 3 1 2 0 0 0]
  [0 5 0 2 1 3 3 5 4 0 4 1 1 2 1 4 1 5 2 2 0 1 1 5 2 5 1 1 3 1 5 3 2 0 4
   1 1 3 2 5 5 3 1 2 4 1 3 4 0 4 0 3 1 3 4 2 0 1 2 4 4 1 0 5 5 1 3 1 3 4
   1 0 1 0 1 4 2 2 4 5 0]]

 [[0 3 3 5 4 0 3 5 4 1 3 2 0 0 2 3 3 1 2 0 0 4 4 2 1 5 4 3 3 0 3 3 1 0 2
   5 2 5 5 5 2 1 1 3 5 4 4 0 4 0 0 0 5 2 0 3 3 4 3 0 4 5 1 3 0 2 0 2 5 3
   4 2 3 4 5 3 5 1 5 4 3]
  [0 0 4 3 2 4 4 3 5 2 3 0 4 3 3 2 3 4 2 3 1 5 2 3 5 3 3 4 3 3 5 0 5 2 5
   1 1 0 0 4 2 1 0 1 5 4 2 3 5 2 2 2 1 2 2 2 3 2 5 2 5 3 2 2 0 4 5 3 0 5
   3 4 3 3 2 0 0 4 3 1 4]
  [0 3 0 3 4 5 3 5 1 5 2 4 4 2 5 4 2 5 3 0 0 0 0 1 2 2 5 2 5 2 3 1 5 2 4
   2 4 5 3 0 4 4 1 5 1 0 2 5 5 3 4 3 4 2 0 1 0 3 0 4 5 2 2 0 1 3 1 0 5 3
   0 1 0 2 3 1 0 2 1 3 0]
  [0 0 4 0 4 1 5 1 3 0 3 2 1 2 1 1 2 3 0 5 1 0 0 0 2 1 0 2 4 3 3 1 5 3 2
   0 0 4 1 1 4 4 4 4 1 4 4 3 2 3 1 0 0 0 2 0 5 1 2 5 4 2 0 5 1 4 4 0 5 4
   5 1 3 5 4 0 1 2 1 2 3]
  [0 1 3 3 0 0 0 4 2 4 3 4 1 5 5 1 5 3 3 1 0 5 1 2 5 4 2 4 1 2 1 5 0 2 5
   1 3 4 4 2 2 5 3 5 2 5 0 4 0 4 5 4 5 5 1 0 1 2 3 0 0 3 4 1 3 5 5 0 1 2
   2 1 1 1 5 4 2 0 0 2 2]
  [0 2 4 0 5 0 0 0 5 0 2 5 2 2 2 1 2 5 4 3 1 4 4 1 4 4 2 5 3 4 0 2 5 1 1
   3 2 3 5 1 5 3 0 5 1 4 3 1 4 0 3 4 0 0 3 3 4 4 1 0 3 2 5 3 5 2 4 0 3 5
   2 3 3 1 4 2 2 0 1 4 5]
  [0 1 5 3 5 5 0 3 2 0 5 4 5 5 1 2 3 5 4 2 0 2 0 2 3 4 2 2 1 2 4 4 4 5 4
   3 1 4 4 1 5 3 0 0 3 1 0 1 5 5 4 4 3 3 3 3 3 0 0 4 1 4 3 4 1 0 4 3 4 2
   4 5 0 2 2 3 2 3 2 5 3]
  [0 1 3 3 1 2 5 0 2 5 0 0 0 2 5 1 0 2 1 2 3 5 5 3 2 2 3 4 2 1 3 3 2 0 2
   3 1 2 2 5 5 2 4 0 4 5 5 0 4 3 2 1 4 5 4 4 4 2 5 2 2 1 4 2 5 3 2 3 3 3
   5 0 2 5 5 2 4 3 2 3 3]
  [0 3 0 3 2 0 4 3 0 4 1 3 3 4 2 5 1 2 2 0 1 1 4 1 0 3 5 4 5 5 3 1 3 2 4
   2 4 5 4 2 1 2 1 0 1 5 3 5 5 1 0 5 5 1 0 4 0 4 3 5 1 0 0 4 0 4 4 0 0 0
   2 2 0 3 3 2 5 1 3 2 5]
  [0 4 2 3 3 1 4 1 0 0 0 2 0 0 3 3 4 1 3 5 5 3 4 2 4 0 0 4 2 3 4 1 1 3 2
   1 0 2 2 3 4 2 5 0 2 0 2 1 0 5 3 1 4 0 5 3 5 2 1 1 3 5 3 1 1 2 0 5 1 0
   5 0 1 1 0 3 4 1 3 1 0]
  [0 2 0 0 3 3 2 0 0 0 0 3 2 0 3 3 1 5 1 2 5 4 5 0 2 2 2 5 2 5 3 3 2 1 4
   3 4 4 4 0 4 0 2 0 3 4 5 5 0 1 0 0 1 0 0 4 4 4 2 3 5 2 5 4 4 4 0 0 5 5
   0 5 5 2 0 2 2 3 3 3 1]
  [0 1 5 4 2 3 2 3 3 0 1 0 4 0 0 4 5 2 1 0 3 0 2 2 3 0 1 0 3 2 1 0 2 4 0
   1 0 0 5 1 3 2 3 4 3 5 1 3 4 1 0 2 1 3 1 3 5 5 1 5 1 3 0 2 2 2 4 2 2 5
   2 0 0 5 4 3 0 4 0 1 4]
  [0 4 2 0 3 0 0 1 5 0 1 5 0 5 1 4 3 0 5 1 5 1 2 1 5 1 4 0 4 0 1 1 5 4 4
   2 2 3 5 3 2 4 4 4 5 5 1 2 4 4 2 1 4 2 5 5 1 4 4 4 5 5 3 1 4 3 2 1 2 5
   5 0 4 2 2 4 0 5 5 1 2]
  [0 0 0 4 4 0 3 3 4 0 2 2 1 0 2 4 2 5 5 5 4 3 4 0 0 5 2 2 4 0 1 5 4 2 2
   0 1 4 2 2 2 4 1 0 4 3 1 3 0 2 1 2 5 4 4 4 1 1 0 0 2 1 0 1 5 2 0 5 2 0
   0 2 4 4 2 3 4 0 1 2 4]
  [0 3 1 3 3 3 3 2 3 3 4 4 4 3 0 5 4 3 2 4 0 2 2 1 5 0 2 0 2 0 0 3 4 3 5
   2 2 2 1 3 0 5 4 2 1 3 3 1 2 0 2 3 4 0 2 5 2 1 0 2 4 2 5 4 2 5 0 5 4 4
   5 4 4 1 2 5 3 4 0 5 1]
  [0 5 1 2 2 0 0 1 5 0 4 2 5 4 0 0 1 3 0 5 4 0 0 1 5 4 4 2 4 5 2 0 0 4 0
   4 5 2 3 3 5 5 1 4 1 4 4 5 3 2 4 4 4 4 4 1 3 2 1 1 4 3 4 4 5 0 0 0 1 0
   1 5 3 2 5 3 0 1 4 1 4]
  [0 1 2 2 0 5 0 2 4 1 0 5 0 5 5 0 0 4 2 0 0 5 4 3 5 0 0 3 1 4 0 4 5 5 1
   4 0 4 2 0 4 5 5 0 3 3 4 3 0 4 1 2 0 5 5 4 0 0 5 2 1 4 2 5 4 1 2 2 4 4
   4 3 4 0 0 0 5 4 3 2 5]
  [0 2 2 0 1 4 1 5 5 0 2 4 3 3 4 3 4 0 0 1 4 1 5 5 2 0 1 2 5 2 2 5 5 4 0
   3 3 4 5 4 4 2 2 5 4 5 3 0 1 0 0 2 4 5 0 4 4 5 1 3 5 4 0 5 4 0 3 3 5 4
   0 4 0 3 2 5 1 0 3 5 0]
  [0 5 2 4 1 0 0 4 3 5 3 2 3 5 5 4 2 2 0 5 3 4 0 5 4 3 4 3 5 4 3 4 0 5 0
   4 5 0 4 0 5 0 4 3 1 4 1 1 0 1 0 5 2 2 1 5 1 5 4 0 0 0 5 3 3 3 4 5 4 2
   0 4 0 4 1 2 3 0 4 1 2]
  [0 3 1 1 4 5 3 5 4 4 0 1 5 3 2 5 2 0 5 0 1 4 5 5 0 1 0 3 4 5 3 5 0 3 3
   1 2 4 0 2 0 4 0 3 4 0 5 5 5 4 5 1 2 1 1 5 2 1 3 2 2 4 1 4 5 4 1 4 2 2
   0 4 2 3 4 0 1 4 5 4 0]
  [0 0 1 2 5 1 4 1 3 0 1 0 3 5 3 3 4 5 2 2 0 0 1 3 3 4 5 4 2 2 3 5 5 2 0
   3 5 1 3 2 5 4 2 0 0 0 0 2 4 1 2 3 2 3 3 4 2 1 3 0 2 3 2 2 1 0 1 5 2 0
   0 1 2 3 2 4 3 0 5 0 0]
  [0 2 3 3 1 4 4 5 2 4 3 5 0 4 2 5 2 3 4 5 2 0 5 2 0 5 3 4 0 4 2 3 4 2 4
   0 1 1 3 1 0 4 5 0 2 3 5 0 2 2 4 3 5 1 5 2 4 1 3 3 1 2 2 3 5 3 5 3 3 5
   2 2 3 5 4 0 4 2 4 2 1]
  [0 1 4 2 0 2 2 5 1 3 3 3 5 1 0 5 5 3 1 5 3 5 0 0 0 5 5 3 0 2 4 4 5 4 4
   2 4 2 1 4 1 1 4 4 5 0 2 2 1 3 4 0 4 5 2 1 2 2 1 0 4 1 3 0 5 4 3 2 0 5
   3 2 2 1 4 2 5 4 4 5 5]
  [0 5 5 5 3 4 2 3 4 2 0 0 1 4 4 4 2 4 2 4 4 5 4 0 3 0 3 4 2 3 5 0 0 1 4
   0 0 5 3 2 0 1 4 0 2 2 3 1 2 4 0 5 0 1 1 3 5 0 1 2 2 4 2 1 2 4 1 3 3 3
   3 4 0 1 3 2 4 0 0 0 1]
  [0 2 4 1 4 1 2 4 2 1 0 0 3 4 1 0 2 0 2 3 4 0 5 5 0 5 1 3 2 5 3 0 4 4 5
   0 4 3 0 1 3 5 1 0 1 1 3 2 5 2 2 1 1 0 4 0 3 2 4 2 4 1 5 2 0 5 1 5 2 2
   0 5 5 0 1 2 3 3 2 1 1]
  [0 5 3 2 1 0 4 2 1 5 1 5 3 0 5 0 2 3 1 3 4 3 1 3 1 0 2 3 1 2 1 1 5 4 1
   2 4 1 2 5 2 3 5 2 5 2 2 3 5 1 4 1 3 0 4 3 1 2 1 1 0 1 2 2 0 5 4 2 0 5
   2 3 0 4 5 5 4 4 0 0 0]
  [0 4 3 2 1 2 1 5 3 2 5 0 4 0 1 3 0 1 3 4 4 1 4 3 4 4 0 5 1 0 5 1 4 5 3
   0 4 1 3 5 3 4 3 2 0 2 1 5 1 0 5 1 5 3 3 3 5 5 2 5 3 3 4 3 2 2 3 0 2 5
   5 3 0 0 5 4 3 2 2 3 4]
  [0 2 0 4 4 2 5 2 3 0 0 0 3 5 0 2 2 1 4 2 5 1 4 4 5 4 0 0 3 3 0 3 3 2 1
   0 4 5 0 3 4 1 1 0 0 2 2 5 1 4 5 1 4 4 1 0 2 1 3 0 5 5 1 4 3 0 0 5 4 3
   5 4 5 4 2 1 3 4 4 3 1]
  [0 5 5 2 1 2 1 5 2 1 5 0 2 2 5 3 3 0 4 2 0 0 3 0 4 5 3 1 0 1 1 4 2 3 0
   0 0 3 3 0 3 3 1 4 4 0 1 3 0 0 0 3 3 1 1 1 3 3 0 0 5 5 4 1 5 3 1 4 3 0
   5 3 4 0 2 3 3 0 3 2 1]
  [0 1 1 0 2 0 2 0 3 3 2 3 2 5 3 0 1 4 0 0 0 4 2 2 5 5 4 1 2 0 5 5 5 4 4
   4 4 2 5 1 3 0 5 1 4 4 0 2 4 2 1 0 3 0 0 4 0 5 0 1 0 1 4 0 0 4 0 1 5 5
   1 0 4 5 5 4 2 5 2 2 3]
  [0 2 2 4 0 0 0 5 5 5 3 2 3 2 1 2 2 3 1 2 1 1 0 5 1 4 2 4 5 3 0 0 3 0 1
   2 4 0 3 3 5 3 4 5 0 1 4 1 1 4 5 1 0 2 1 4 4 2 0 0 2 2 1 0 0 3 0 3 1 5
   0 5 2 3 5 0 1 3 2 1 0]
  [0 5 5 2 5 2 1 3 0 4 2 4 2 4 5 1 1 1 4 2 4 3 1 2 2 3 4 2 1 2 4 0 0 5 1
   2 1 4 2 0 2 2 1 5 1 2 5 4 4 0 3 3 1 1 4 2 0 4 5 5 0 3 4 2 4 1 4 2 4 2
   5 3 0 4 1 2 3 4 4 5 2]
  [0 1 1 5 2 2 0 3 3 4 1 5 3 2 0 3 3 4 2 1 4 5 1 0 3 1 0 4 5 1 2 1 0 4 5
   2 3 1 5 0 0 5 1 4 4 4 2 1 3 3 0 0 1 2 2 4 4 4 3 3 2 2 2 4 3 3 1 5 3 4
   2 2 5 1 4 4 1 4 0 5 5]
  [0 1 5 5 2 5 1 0 0 5 5 2 1 3 5 2 4 0 0 2 4 3 4 5 3 3 2 3 4 2 4 0 3 0 5
   5 0 3 0 3 3 0 3 5 4 5 5 5 2 1 5 1 4 5 4 3 0 0 2 5 1 4 0 2 4 1 1 5 5 5
   5 2 0 4 0 0 1 5 3 5 3]
  [0 0 4 3 0 2 0 1 3 2 1 2 1 0 2 0 4 4 0 4 0 0 3 1 0 3 3 4 1 0 2 0 3 5 0
   2 5 1 2 0 2 5 2 1 1 4 4 1 2 4 3 3 3 5 3 1 1 4 5 2 4 5 2 3 3 3 3 2 0 3
   2 5 0 2 2 4 4 3 1 4 0]
  [0 1 2 1 0 5 2 4 0 5 5 1 4 1 1 0 3 4 1 4 5 2 1 1 3 2 2 0 3 1 3 1 2 5 0
   0 1 4 1 5 5 3 5 5 4 4 4 2 3 5 0 0 1 4 0 3 3 3 2 5 1 1 4 4 4 1 5 4 5 3
   1 1 1 3 0 5 1 3 2 5 4]
  [0 1 1 2 2 5 0 4 5 5 5 3 2 4 5 4 5 1 5 2 3 0 0 5 5 0 4 0 4 0 2 0 5 4 0
   1 0 3 0 4 3 5 3 1 2 2 0 4 3 1 2 0 5 5 5 3 0 1 1 3 1 4 0 1 2 2 1 3 3 4
   4 5 2 4 4 1 1 3 2 5 1]
  [0 0 0 2 2 2 4 5 2 4 1 2 3 3 2 5 3 2 0 0 0 1 4 3 5 5 4 3 5 3 2 4 4 0 0
   2 5 0 4 1 3 5 5 5 3 1 1 4 4 3 0 0 0 2 4 4 4 0 1 2 5 1 2 0 2 3 3 1 0 4
   1 1 1 5 2 5 2 5 2 4 0]
  [0 4 4 1 1 3 3 3 1 1 5 4 4 3 1 5 0 3 4 3 3 5 3 0 3 5 0 2 5 1 1 4 2 3 3
   5 3 0 0 4 3 2 0 2 3 2 2 5 0 1 3 5 1 1 0 5 0 2 4 3 3 0 1 0 2 2 3 1 2 1
   2 0 3 4 4 1 0 2 2 0 0]
  [0 2 5 3 2 0 0 5 4 0 0 5 4 4 4 2 0 5 5 0 3 0 5 2 1 4 3 1 1 2 2 5 4 3 3
   1 4 0 1 0 4 1 0 0 5 4 1 4 5 2 4 1 0 0 5 0 4 0 4 4 1 0 5 0 4 3 1 4 0 5
   0 0 0 3 5 5 2 4 3 4 3]
  [0 4 3 4 0 3 3 2 2 2 1 2 4 2 0 0 5 5 3 0 2 2 2 2 1 3 4 1 3 3 4 2 4 1 2
   2 1 3 3 4 0 4 3 4 0 5 5 1 1 1 1 4 1 5 3 0 5 1 5 0 4 2 3 4 2 5 2 1 1 2
   2 3 1 0 3 5 3 3 2 1 1]
  [0 5 4 5 4 4 2 4 4 3 0 2 0 5 1 4 4 5 4 2 0 3 3 2 3 4 4 2 3 0 1 0 3 1 0
   3 0 3 5 3 1 0 4 1 1 5 3 3 2 3 1 5 0 4 3 4 3 0 2 2 2 5 1 1 3 1 1 0 3 2
   3 4 5 0 2 1 4 0 0 5 4]
  [0 5 2 3 5 2 3 5 1 5 2 2 2 0 5 2 5 3 2 5 0 1 0 3 5 0 2 5 1 4 4 1 2 4 4
   1 1 1 5 2 4 2 0 3 4 5 5 4 5 1 1 2 5 3 1 0 3 5 4 5 5 0 4 0 4 3 2 2 3 5
   2 1 0 5 1 3 4 0 5 1 5]
  [0 3 1 1 3 4 5 1 4 4 4 1 2 5 2 5 4 0 5 0 4 3 0 4 4 5 3 3 5 1 2 1 0 2 2
   5 2 3 0 5 5 5 2 0 1 0 1 5 1 0 1 3 0 0 3 2 1 2 0 0 0 2 2 5 2 3 2 1 2 0
   1 1 0 2 0 4 5 4 3 5 5]
  [0 5 0 1 4 2 1 5 5 3 0 3 0 5 0 3 4 5 4 1 1 2 0 1 4 1 5 4 0 3 0 2 2 1 2
   0 0 2 2 1 2 0 5 2 0 0 3 4 0 1 0 1 1 5 1 3 0 2 1 2 4 4 5 2 1 3 2 2 4 5
   3 5 0 1 2 4 2 0 4 5 5]
  [0 0 5 2 0 4 2 1 3 3 3 1 5 5 3 5 2 2 5 2 2 4 2 0 0 0 2 1 3 1 2 3 3 2 4
   2 2 4 2 3 2 4 0 4 4 0 2 3 4 5 0 4 2 3 4 1 0 1 4 5 4 3 3 0 4 4 5 0 2 3
   2 0 0 0 1 2 0 1 2 2 3]
  [0 2 0 0 1 2 3 2 3 3 1 0 2 3 0 0 0 1 0 5 2 2 5 1 2 2 5 4 5 3 3 5 5 5 5
   3 0 2 2 1 0 4 4 0 3 5 0 2 2 5 2 5 1 1 5 4 3 3 3 1 2 3 0 3 5 1 2 0 4 0
   3 1 4 5 3 3 2 2 4 4 4]
  [0 3 0 3 0 0 1 3 0 0 1 2 2 2 0 2 1 3 1 3 4 3 2 0 4 5 4 1 5 4 4 4 4 0 5
   3 0 5 0 5 0 4 0 3 1 5 2 0 4 1 1 1 4 3 0 0 5 0 3 5 5 4 1 0 1 3 2 0 0 3
   1 1 3 4 3 1 3 4 2 0 5]
  [0 2 1 3 1 5 4 2 5 3 2 0 0 3 0 3 0 1 1 0 2 4 0 1 3 5 1 3 2 3 4 1 3 1 4
   0 3 1 1 2 0 4 3 3 3 3 1 4 0 5 0 1 4 3 5 2 1 0 0 2 0 1 4 4 0 0 1 5 5 0
   5 2 3 4 5 4 1 2 4 2 5]
  [0 3 0 5 5 1 3 5 5 2 4 5 4 5 1 5 1 3 2 2 0 4 4 1 5 1 5 3 4 5 4 5 0 3 4
   4 0 2 3 0 2 1 0 0 4 2 1 0 1 0 4 1 5 3 3 5 0 2 4 2 2 2 2 1 4 0 5 5 3 5
   0 3 2 1 0 4 2 0 5 4 2]
  [0 1 3 4 1 5 0 0 4 3 4 1 3 0 5 4 2 5 2 2 3 3 4 0 4 1 2 5 2 1 2 1 0 4 1
   3 4 5 3 5 3 0 2 3 0 1 0 4 0 2 0 4 5 5 2 5 0 4 0 5 0 1 2 5 1 1 4 2 4 0
   1 4 5 1 1 1 5 3 4 0 1]
  [0 1 2 5 5 3 4 2 3 4 4 3 0 1 5 2 5 2 1 4 0 4 1 5 3 1 0 3 0 1 1 5 1 1 0
   0 0 5 2 2 1 3 2 3 3 5 5 3 3 4 2 0 0 0 5 5 5 3 2 5 4 2 5 5 0 0 0 2 0 3
   1 5 5 3 5 5 0 2 0 0 4]
  [0 2 2 5 0 2 2 4 0 2 4 5 0 1 2 5 5 0 4 4 0 2 3 0 5 2 2 5 3 3 2 4 2 1 4
   2 0 5 5 3 5 0 1 2 4 4 4 3 5 5 2 3 0 5 4 1 4 5 4 3 5 3 4 3 3 1 4 5 2 1
   2 2 5 4 0 1 0 3 4 4 5]
  [0 4 4 2 0 4 0 0 2 1 3 5 0 3 2 3 4 5 3 5 1 1 2 2 1 0 4 2 4 2 0 2 3 4 3
   1 0 5 1 5 1 4 3 3 2 1 1 5 2 1 0 5 2 0 2 5 3 3 4 4 1 4 5 2 3 4 4 3 3 1
   3 1 5 4 1 2 4 1 2 0 2]
  [0 2 1 1 0 1 0 0 4 2 3 0 3 4 2 5 5 1 5 0 4 2 5 2 0 3 2 0 4 5 4 4 5 2 2
   4 2 4 3 3 1 0 0 1 0 1 4 4 4 1 4 3 3 1 0 2 4 4 0 3 0 0 2 1 2 5 4 0 1 4
   5 5 3 4 2 3 0 2 5 0 0]
  [0 1 5 3 5 0 3 0 1 3 0 1 1 1 4 2 1 5 1 2 0 5 2 1 4 2 1 5 0 2 0 0 5 3 2
   2 0 5 0 0 5 2 4 4 0 4 5 0 4 3 0 2 3 0 5 0 2 5 0 0 4 4 3 1 2 1 3 4 1 2
   5 2 5 1 0 1 1 2 1 1 5]
  [0 5 3 5 3 3 0 5 2 5 5 4 4 0 4 0 5 4 5 3 4 1 1 5 2 3 2 2 0 5 3 2 5 4 5
   4 4 2 4 2 1 3 1 4 4 3 0 2 2 1 0 2 1 4 2 3 0 3 4 1 5 4 2 3 4 0 2 0 1 5
   3 2 3 2 4 4 3 2 5 5 4]
  [0 4 1 5 5 3 2 1 0 0 4 4 5 0 1 2 1 5 2 1 2 0 4 1 1 1 0 3 0 2 3 1 5 0 4
   2 4 0 5 2 1 5 4 3 3 1 4 3 1 2 3 5 2 2 3 3 5 0 2 3 1 3 0 5 2 5 4 2 5 2
   5 4 5 5 2 5 1 0 2 4 4]
  [0 5 5 3 1 5 5 3 0 4 0 1 3 1 5 1 0 0 2 2 0 3 3 5 2 0 5 5 2 1 3 3 4 1 2
   2 0 5 5 2 1 0 0 0 0 3 2 2 4 1 3 4 5 0 4 5 4 5 0 4 2 2 3 3 3 5 4 5 2 3
   3 0 1 2 3 0 1 1 2 4 0]
  [0 3 1 1 3 5 3 4 3 4 4 4 2 5 4 1 2 3 4 0 1 0 1 1 1 2 5 5 5 3 3 0 4 1 0
   1 3 1 2 2 5 3 4 4 3 3 0 4 4 4 3 5 3 3 5 2 5 3 1 0 4 0 5 0 1 2 4 3 0 2
   3 3 4 5 5 4 2 3 3 1 4]
  [0 1 4 5 0 0 0 0 0 5 1 1 2 1 3 4 3 3 3 3 2 3 4 2 5 3 0 3 2 5 1 4 1 4 1
   5 1 5 4 4 0 3 0 3 3 3 4 2 2 3 0 3 0 4 2 5 2 3 4 2 0 4 3 5 1 0 4 3 4 1
   0 1 5 2 3 0 5 0 0 0 5]
  [0 1 4 2 3 3 0 1 1 0 2 5 1 5 5 5 0 4 0 1 2 2 5 3 3 5 5 3 4 1 4 4 1 5 1
   0 2 4 3 2 1 1 1 4 0 3 3 0 0 0 0 1 1 1 2 2 1 2 1 4 2 0 2 4 0 5 1 1 1 0
   2 0 3 5 1 3 3 5 3 1 5]
  [0 5 3 0 4 3 1 0 1 2 0 5 1 5 3 5 2 4 5 3 2 1 2 3 3 1 3 2 4 3 0 4 3 4 5
   0 1 0 0 4 3 2 1 0 5 2 3 4 5 3 0 3 2 5 4 0 3 5 2 4 3 4 0 2 2 1 2 4 2 0
   5 5 1 5 5 5 0 5 3 5 1]
  [0 5 3 0 5 1 4 1 3 5 3 1 1 5 5 1 1 1 1 5 5 3 3 4 3 1 2 5 4 3 1 3 4 5 3
   5 5 1 5 3 1 4 1 2 4 4 5 4 4 0 1 2 1 3 4 2 0 3 5 5 2 5 1 0 5 3 3 4 4 2
   3 5 3 3 2 1 4 2 1 3 2]
  [0 2 5 0 2 3 3 2 5 0 2 1 1 1 5 2 2 2 4 1 5 3 5 2 2 3 0 0 5 3 4 2 2 2 5
   4 4 3 5 0 4 3 1 3 5 1 3 2 3 0 5 4 4 2 4 4 1 2 3 3 1 0 1 2 0 5 2 3 4 2
   1 3 4 5 1 4 3 0 5 1 1]
  [0 4 2 0 3 2 5 0 3 1 5 5 0 0 2 1 1 5 2 5 1 5 4 3 4 0 0 5 5 4 4 5 5 4 4
   3 3 1 2 1 2 0 2 0 4 0 5 1 5 1 4 1 0 4 0 2 1 2 4 0 1 0 0 0 4 0 3 4 2 5
   5 0 2 4 4 2 1 0 4 2 3]
  [0 3 3 4 0 2 4 3 5 4 1 0 3 5 4 5 5 5 0 2 2 4 5 2 4 5 0 1 3 3 2 5 2 5 4
   1 5 5 5 1 1 3 4 2 0 1 5 0 3 5 0 1 5 1 0 1 1 1 2 3 3 3 5 0 0 5 0 5 3 0
   2 2 0 2 4 4 5 4 0 5 3]
  [0 3 2 3 2 3 4 2 0 4 5 2 5 3 2 0 1 4 2 5 0 5 3 0 3 2 4 1 0 3 5 0 1 4 2
   4 4 3 4 5 0 1 1 4 5 5 5 2 2 5 3 5 4 4 3 5 5 0 4 0 4 4 5 5 3 1 5 0 3 1
   0 1 2 5 3 0 3 1 4 0 2]
  [0 1 4 0 1 1 0 0 3 4 3 4 5 0 1 0 4 2 1 3 4 0 5 3 1 0 5 3 2 5 0 5 1 0 4
   5 0 0 4 4 1 5 5 4 3 4 5 1 5 1 2 5 0 2 1 0 0 2 4 2 3 2 4 5 2 3 0 2 0 2
   2 3 1 4 4 3 5 2 2 4 2]
  [0 4 0 5 2 0 2 5 3 1 0 5 4 3 2 5 1 1 4 0 5 1 0 1 3 4 2 5 5 5 3 4 5 3 0
   4 3 3 3 0 5 3 2 3 3 5 2 4 4 2 1 4 2 2 5 1 3 4 0 3 3 2 0 0 1 5 5 0 1 0
   4 2 1 3 4 0 2 5 3 4 1]
  [0 1 2 0 4 0 1 1 1 3 1 2 4 2 3 0 1 0 1 1 4 4 4 4 2 1 2 0 0 2 0 3 0 5 3
   0 0 2 0 1 2 0 2 2 1 1 4 0 5 3 3 4 2 5 1 2 2 4 3 1 2 2 5 0 1 0 0 4 0 2
   0 1 0 4 0 0 4 0 4 2 2]
  [0 1 5 0 0 2 5 5 0 0 5 3 2 5 1 5 0 2 3 5 4 2 3 4 4 5 4 2 3 4 4 5 3 0 3
   5 2 1 3 1 4 5 4 5 4 5 1 5 2 5 2 1 5 5 0 4 0 0 3 1 2 1 4 4 5 5 0 2 1 3
   4 0 0 3 2 1 0 0 4 0 5]
  [0 0 3 5 3 0 0 5 3 0 5 1 5 0 2 2 3 5 1 1 3 0 1 3 2 2 1 0 3 0 0 4 0 4 1
   5 0 1 5 4 1 3 5 3 5 5 3 5 3 3 3 0 3 5 1 1 5 3 2 5 2 2 4 4 1 4 5 0 1 5
   3 0 0 3 4 0 5 4 2 1 3]
  [0 3 0 2 1 5 2 4 5 5 1 3 4 2 2 1 5 0 2 0 4 5 2 3 5 2 5 2 1 4 3 0 4 1 5
   4 5 5 1 3 3 4 2 4 3 0 1 0 4 3 4 4 2 3 0 2 0 2 5 1 4 1 1 1 2 5 3 2 1 4
   5 5 5 0 2 2 5 4 3 1 4]
  [0 4 0 2 0 4 1 0 4 3 5 5 5 5 4 0 0 1 1 2 5 3 5 2 5 4 4 4 3 1 4 5 0 0 0
   3 1 3 0 5 2 0 5 0 3 2 3 2 1 1 0 5 0 0 5 0 3 5 3 3 2 4 2 1 5 2 3 2 5 4
   4 4 1 4 0 4 4 1 2 3 0]
  [0 0 4 0 3 3 2 3 0 2 3 0 2 5 3 2 1 4 1 0 2 3 1 0 4 0 4 4 1 0 1 3 5 2 1
   4 3 1 2 3 0 1 2 4 5 4 2 2 3 1 3 4 2 0 3 2 5 0 1 4 0 2 1 0 0 5 0 3 5 2
   2 0 2 3 2 0 3 0 1 1 4]
  [0 3 1 0 0 0 1 0 3 0 1 0 3 4 5 2 1 0 1 1 2 2 5 4 1 3 2 1 3 4 1 1 5 1 1
   0 3 4 3 1 1 2 1 3 1 1 0 5 2 5 0 3 4 4 3 1 5 2 0 1 4 0 4 1 2 4 5 1 1 1
   5 3 0 5 4 1 0 4 1 2 4]
  [0 3 4 4 5 1 0 2 1 2 3 1 2 3 3 0 5 0 0 5 0 4 1 0 0 3 4 3 2 2 5 3 5 1 3
   5 1 3 3 0 1 4 1 0 1 4 3 3 2 3 1 5 2 5 2 0 1 2 2 1 0 2 3 2 3 4 0 3 1 4
   4 1 2 4 3 1 3 0 4 1 2]
  [0 3 3 5 0 2 2 4 1 1 1 3 2 5 0 4 3 1 2 4 1 0 3 4 0 3 5 5 2 4 5 3 2 3 2
   0 4 2 3 2 5 0 3 4 2 5 3 2 5 1 3 0 5 0 4 0 4 2 5 5 1 5 5 2 4 4 1 3 4 3
   5 4 0 1 3 1 0 0 0 4 0]
  [0 2 3 1 5 2 2 0 5 3 1 1 5 3 2 1 5 3 3 1 3 4 3 5 4 0 1 5 1 2 1 2 0 3 1
   0 4 5 1 3 0 1 2 2 5 4 2 1 0 1 0 0 4 3 5 5 2 5 4 0 1 5 1 3 4 5 4 2 0 3
   2 4 4 2 5 1 4 0 0 0 5]
  [0 0 2 1 0 3 5 4 2 2 1 3 3 5 5 1 1 5 2 2 4 0 1 5 5 1 5 2 5 2 4 0 2 0 0
   0 3 1 4 0 3 0 2 2 4 2 2 0 2 2 5 3 1 4 1 0 3 4 5 0 3 5 0 3 2 1 0 3 2 1
   1 3 3 4 3 2 0 5 5 3 0]]]
release_time
[  0  14  13  68  47  38  23  57  42  50 123  17  68  58  39  21  11  12
   7  75  55   0  45   6  51  69  71  49  29  24  57  13  55  17  60  52
   7  67  36  47  25  16  30  68  56  63  11  50   4  16  72  46   0  38
  15   6  35   6  47  31   9  43  70  41  60   8  20  18   8  58  28  35
  29  18  20  54  34  10  11   1  19]
due_date
[  0  63  63  79  73  66  70  81  91  65 213  77  69  64  69  81  65  81
  72  78  69  81  63  75  73  71  75  62  69  80  74  63  79  76  71  78
  66  72  75  70  81  75  73  69  66  73  62  70  77  74  75  62  80  63
  64  71  73 136  80  81  63  70  72  72  64  78 242  80  75  68  66  68
  75  68  80  62  67  73  65  80  65]
unit_emission
[ 4 10 10 16 17 18  2 19  2  5]
emission_limit
43934.8
setup_severity
0.02
due_tight
0.9
due_range
0.25
release_tight
10
degree_constr
0.8
