mach
10
job_rate
8
weight
[ 0  3  6  5  8  4  5  8  9  8  6  7  7  4  4  7  4  1  6  6  9  1  7  8
  3  9  2  8  2  4  2  4  4  4 10  8  9  9  5  4  6  3  4  8  8  4  1  8
  8  5  3  4  4  1  3  4  2  2  4  6  5  5  9 10  6  1  7 10  8  8  2 10
  6  8  4  1  9  3  3  5  2]
proc_time
[[  0  94 141  52  89 124 113  85 139  72 121  98 135 140 145  98  69 103
   85  86  74 145 133 107 135 142  91  57 101  55 115  87  88  53 100  66
  141 130 113 104  61 129 132 143 126  53 128  52  67  91 107  88  79  65
  142 143  63 110  84  59  99  87 141 144 140 109 121 129  79  77  74  96
  110  84 145 117  56 135 126  73  76]
 [  0 105 117 130  71 112  60 130  91 116 134  52 143  64  77 105 114  77
  140 112  91  80 144 113 138 148 112  98  71 119  73  80  65 121  63  81
   51  99 144  62  74 131  87 102 150 125  80  78 131  77 133 110 125 129
   77 136 125 138  99 146  51  55  64  61  59  78  56 130  90 111  80 126
   81 117  94  70  98 116 146 140  87]
 [  0 121 134  86  90  85 138  93  70 122  75  61  70 136 143 111  53  81
  130  69  94 143 143 104 109  78  51 108  56  81  93  86  67  52  63  89
  127  73  84 113 115 133  80 144  50 109 131  74  51 107  64 120  71  83
  147  70  62 113 126 114  57 119  54  71  93 124 128  98 144  73  94  57
  108  56 109 137  66  66 137  50  73]
 [  0  70  57 127  54  80  54 141 111  98  94 149 148  73 112  53  86 100
  145  79 100  72 145  98 148 100  70 129  74 145  91 110 108  64  91 119
  115  55  94 110  99  71  61 130  96 131 100  82 114  87  75 125  65  54
   88  72 116 116  72 147  71 149 109  79 106  95 145 142  59  97 116 150
   54  86 130 102  90 143 108 108 120]
 [  0  84  73 101 139 117  79 131 110  52  52  54  69 119  78  90 128  95
  146 105  60  64  63 129 105 119 138 145  66 115  91 125 139  95  70 115
  124 128  85  62 111  57  61 147 147  73 141 141  50 135 117 142 129  60
  125 142 122  55 101  69  66 109 132  61 144  69 142 118  69  78 101  90
  144 137  56  67  56  79  64  68 125]
 [  0 102  66  90 110  56 104 134  63  96 123  84 129 148 126 103  66  72
   76 131  94 149  51  66  91 129 135  80 132 101  90  89 108 136 146 142
   72 145  77  69 109  61 117 110  72 131  82  84 110  88  82 100 101  91
   86  51  58  92  96 101 103 110 138 114 103 147  95  93 116  89 146 145
   72  52 144  83  94 145  98  84 136]
 [  0  58 123  89  64 114  90 131  77 147 100  88 117 119  78  54  82  55
   99  90 125 110  77  96  62 133  81 126 103 149  50 126 135  61 144 120
  145  69  97 145  58 102 138 149  84 107  65 127  65  95 147  51 136 149
   59  59  69 125 102 145  78  76 119 104 139  88 100  60  63 131 101 120
   60  53 138  60 129 107 138 136  51]
 [  0 126 141  86 128  80 147  87  58 142 124 143  64 136  60  90  64 149
  100 136  70 135  71 145 114  97  81 143 141 103  76 113  61 128  56 136
   86 121  75 114 129 112  95 147 104 118  69 144  93  53 131  61  80  52
   91 134  58 100 102 126 142  84  55  64 124  84  75  94 112  86 149 141
  121 116 119  71  84  76 113  58 146]
 [  0 109 119 102 118 148 109 109 117  94  50  74  90 141 121 109  76 116
  148  86 109  96 129  95 139 121  68  55 102  59  77  72 141 138 142 118
  121 146 135 114 126  77 145 107 142  60 118 135 130 150  79 136  68  95
  106  91 117  88  92 100  68  94  79 148 118 121 102 125  76 139  98 108
  131  61 105 125 121 143  94 130 149]
 [  0 137 138 144 120 138 146 103 130 150 133  83  65 127  74  97 137  73
   95  82 112  81  64 134  79  76 120  50 105 108 129  80  74  63 118  56
  111  54 130 117  50 144 101  96  92 125 146  93 134  77 112  62 117 137
   98 112  60 147 144  80 120  83 144 121 126 141  68  89 145  83  91 147
  125  58 136 114 111  77 128  93 125]]
setup_time
[[[0 2 5 0 4 1 2 4 2 0 0 4 1 0 4 0 5 1 1 5 2 0 5 3 0 5 1 2 3 4 3 2 3 3 0
   0 3 4 4 4 0 4 2 1 0 1 5 4 1 1 0 2 2 1 2 0 3 2 5 0 2 5 0 2 0 5 4 4 1 0
   1 4 4 0 4 3 5 3 1 3 0]
  [0 0 4 1 0 4 5 2 1 2 5 0 0 2 4 1 4 2 1 0 1 3 1 0 0 3 4 5 5 3 1 4 3 2 2
   3 0 2 3 3 5 0 3 2 1 1 5 0 3 5 2 0 2 2 3 1 5 4 2 4 5 0 0 4 4 4 3 5 1 4
   1 5 0 0 2 4 3 4 0 5 5]
  [0 2 0 3 1 2 5 4 0 0 3 1 1 4 1 0 2 4 4 1 1 2 5 2 5 0 4 1 5 2 2 3 2 2 0
   5 0 2 0 2 5 4 3 4 3 5 1 0 5 4 4 3 0 4 0 0 0 0 4 2 5 2 1 4 0 0 3 4 5 1
   1 5 2 2 4 2 2 0 4 0 1]
  [0 2 2 0 2 1 1 0 4 5 3 4 3 0 2 0 4 0 1 4 0 1 2 5 4 4 5 2 1 4 5 0 1 1 5
   2 2 5 5 1 0 4 2 5 3 1 4 5 2 2 5 1 3 1 1 2 5 4 1 5 1 2 2 1 0 3 0 1 3 5
   5 2 2 5 4 0 3 0 3 4 2]
  [0 4 4 3 0 4 2 3 1 5 4 2 4 2 3 4 2 0 1 1 5 2 2 4 0 1 1 0 0 2 3 0 0 3 5
   5 2 1 5 1 5 5 1 4 0 2 2 4 3 3 5 5 4 1 4 3 1 4 1 0 2 0 4 1 3 4 5 4 1 2
   1 0 4 5 3 3 5 5 2 3 5]
  [0 5 3 1 5 0 1 4 2 5 3 0 1 5 0 3 0 2 0 4 2 4 3 5 1 5 5 0 1 4 1 4 0 3 5
   4 5 4 1 2 5 0 2 3 3 2 4 3 4 1 4 2 5 5 0 1 0 2 0 2 3 2 4 4 3 5 4 1 4 3
   2 4 5 1 0 3 3 5 3 3 3]
  [0 1 2 1 0 5 0 0 3 2 5 5 5 1 1 5 5 3 3 1 5 2 0 3 3 5 0 1 3 2 5 4 0 2 3
   4 3 3 3 5 3 0 5 3 0 4 4 1 1 4 3 5 0 4 5 3 4 5 0 4 3 4 4 4 3 1 2 5 4 5
   3 1 3 0 4 4 0 1 1 3 1]
  [0 1 3 1 2 3 4 0 1 5 0 4 2 0 2 5 4 2 4 4 1 0 2 4 0 4 2 4 5 4 1 2 5 1 0
   3 1 4 4 1 3 5 0 2 3 0 2 1 1 1 0 5 0 0 5 4 1 0 4 4 1 4 2 1 5 1 1 3 5 3
   4 2 4 5 5 3 2 0 2 2 1]
  [0 0 3 4 1 5 4 5 0 4 1 0 4 5 1 4 3 2 3 3 1 1 0 3 3 3 2 5 2 0 5 5 0 2 1
   2 3 5 5 4 1 4 1 5 4 0 1 5 1 0 0 5 3 4 0 0 4 3 1 2 3 1 5 2 4 5 0 2 2 0
   2 3 1 3 5 0 5 1 0 1 2]
  [0 0 2 4 4 5 1 3 3 0 5 4 5 3 0 2 5 3 0 4 4 5 5 1 5 3 1 3 5 3 3 0 0 4 2
   2 0 3 5 1 5 4 4 5 5 2 3 2 0 4 5 2 0 0 0 5 3 5 5 5 0 5 4 3 3 1 4 5 2 4
   0 0 3 0 2 2 3 3 2 2 5]
  [0 5 5 1 4 4 1 1 2 3 0 2 4 3 1 5 3 5 3 5 3 0 1 2 4 3 3 1 4 3 0 4 0 0 1
   0 1 4 2 5 1 4 4 1 3 1 5 3 0 1 4 1 3 4 4 2 4 1 4 0 0 1 2 1 1 0 1 4 4 2
   2 4 3 3 4 5 3 1 5 0 2]
  [0 3 0 1 4 5 5 4 2 4 1 0 3 2 4 1 5 4 3 2 2 5 0 0 2 2 1 5 5 4 5 3 0 3 5
   2 2 5 3 4 0 5 3 3 3 2 2 5 2 1 4 0 4 1 2 1 1 4 3 4 5 1 3 1 5 3 3 3 0 0
   5 0 0 0 5 1 5 3 3 0 2]
  [0 3 0 3 2 0 4 1 3 5 4 1 0 1 5 3 0 2 2 2 0 1 3 3 4 3 3 3 1 3 0 1 1 1 4
   3 0 0 0 5 4 5 3 0 0 3 0 3 2 3 0 0 2 4 1 4 2 2 5 3 3 3 4 4 1 0 2 0 1 2
   3 3 1 5 0 0 3 2 5 5 0]
  [0 5 3 2 1 1 0 0 4 1 0 0 5 0 4 4 4 3 0 2 1 5 2 2 0 1 2 2 2 4 2 3 2 3 3
   2 2 5 2 3 3 3 5 5 0 1 3 0 0 1 4 3 4 2 4 0 0 0 2 0 5 3 2 2 4 1 5 5 3 5
   5 2 4 4 5 1 4 2 1 1 0]
  [0 5 1 2 5 5 5 1 4 2 2 4 4 2 0 2 2 1 2 2 3 5 0 0 2 2 4 2 0 5 3 1 4 0 5
   0 2 5 5 3 4 5 2 5 1 1 3 0 1 3 1 5 4 4 0 2 3 4 0 4 5 0 1 4 4 2 3 3 0 4
   0 4 3 0 5 0 0 5 3 5 1]
  [0 2 1 0 4 2 4 2 0 4 0 1 4 5 0 0 5 1 4 2 1 2 2 3 4 5 5 1 5 0 2 4 1 2 0
   3 0 1 4 0 0 2 1 5 1 4 1 5 1 3 0 1 3 5 2 0 5 5 4 4 0 3 2 4 0 0 0 2 0 0
   2 0 2 2 5 2 3 4 4 0 2]
  [0 4 1 3 1 5 4 3 5 2 0 0 1 5 3 1 0 0 2 0 0 3 3 3 4 0 1 5 1 0 5 2 2 0 3
   5 1 4 2 4 5 0 2 2 1 1 4 1 4 5 3 5 5 4 2 1 0 1 5 5 4 3 4 0 1 0 4 5 2 3
   1 5 0 4 4 2 0 1 5 5 4]
  [0 5 1 1 2 1 5 5 3 2 5 1 2 3 3 2 0 0 2 3 3 4 1 4 1 1 0 2 1 5 0 4 4 4 5
   4 2 5 2 2 0 5 2 0 4 5 5 4 5 2 0 0 4 5 5 4 1 2 5 3 0 0 3 1 2 5 4 1 2 4
   1 5 3 2 2 3 5 1 1 5 1]
  [0 0 5 4 4 1 2 5 2 0 5 5 1 5 1 5 3 3 0 5 2 5 5 5 3 2 2 5 2 3 5 2 1 4 2
   3 3 3 5 4 2 4 1 0 2 5 0 1 2 0 2 1 3 5 5 5 0 3 1 2 4 3 4 4 4 2 3 3 0 1
   5 0 3 1 5 3 5 2 3 5 4]
  [0 5 1 5 3 4 5 2 4 5 4 1 5 4 5 2 5 4 1 0 4 3 3 2 0 4 1 1 5 3 4 3 2 5 0
   3 5 4 3 5 3 2 5 5 2 2 4 4 1 0 4 2 5 2 4 2 1 0 2 4 2 1 3 1 4 1 4 3 4 1
   4 2 5 3 2 4 3 4 5 0 1]
  [0 2 2 2 1 1 2 0 3 2 1 4 5 5 0 5 2 3 1 3 0 2 2 0 0 0 4 1 1 2 4 1 2 2 5
   4 0 5 5 5 1 4 5 4 4 3 2 0 1 4 2 2 5 1 1 4 5 0 3 0 2 3 0 2 2 0 0 1 2 0
   5 0 1 1 2 0 4 5 5 4 3]
  [0 3 0 5 5 5 0 1 1 4 5 4 5 0 3 1 3 3 2 4 1 0 0 1 0 1 4 4 2 3 5 1 1 3 4
   1 1 0 3 2 3 0 2 4 3 2 4 4 1 4 0 3 2 2 4 0 3 3 1 1 1 3 5 1 5 3 5 5 2 2
   1 4 5 3 4 2 0 1 2 4 4]
  [0 3 3 5 4 5 4 4 3 4 4 2 0 3 1 4 5 3 1 5 2 5 0 5 0 1 1 5 5 2 3 3 1 3 5
   2 0 3 3 3 3 4 0 3 1 5 3 5 0 4 2 2 2 5 2 1 2 4 0 0 4 1 2 2 0 4 0 1 0 0
   1 0 4 3 4 4 5 3 2 1 0]
  [0 5 2 5 4 4 2 5 2 5 3 3 5 1 1 0 1 4 1 2 1 3 0 0 5 5 1 2 1 4 2 1 3 5 5
   3 5 1 5 0 2 5 0 3 1 5 2 4 2 2 1 0 0 3 1 1 3 5 1 0 0 5 5 2 2 4 3 1 0 2
   4 5 1 0 0 0 5 2 2 5 4]
  [0 0 3 2 4 3 0 2 3 4 2 3 4 5 3 2 4 0 1 1 0 3 1 5 0 1 4 0 1 1 3 4 2 5 1
   5 1 1 1 4 1 1 1 4 0 4 5 4 5 1 1 3 0 0 2 0 3 2 4 3 3 4 1 3 5 4 0 4 0 2
   5 3 1 5 5 4 3 0 1 3 0]
  [0 1 2 3 5 3 4 4 1 3 2 5 3 4 3 2 5 2 4 1 4 4 1 4 5 0 4 1 3 2 2 0 1 2 4
   0 3 2 1 1 2 0 4 3 0 2 4 1 5 5 2 2 2 4 1 5 4 3 0 4 2 2 3 1 5 2 0 1 4 0
   2 1 1 1 2 1 5 0 1 1 5]
  [0 4 5 3 1 5 2 0 0 3 3 1 0 2 2 1 3 4 2 2 1 3 3 1 3 1 0 3 4 3 1 3 4 2 1
   3 5 0 0 3 4 5 0 1 1 3 0 2 0 2 4 0 4 1 5 1 2 3 4 3 1 2 3 0 1 5 0 3 4 3
   3 3 5 5 5 0 2 4 4 2 1]
  [0 0 2 1 1 5 2 4 4 5 3 0 0 3 4 2 3 4 1 3 1 5 5 0 1 3 2 0 5 5 2 2 2 1 4
   1 4 1 5 3 0 5 1 4 1 4 5 2 5 1 2 4 5 0 5 0 5 4 1 4 1 1 1 4 2 3 4 1 3 1
   0 1 5 4 1 0 5 4 0 2 1]
  [0 3 1 4 2 2 2 4 4 0 4 3 0 3 4 5 1 4 1 5 1 0 2 1 5 0 1 0 0 2 0 0 0 2 1
   2 2 4 3 2 5 0 4 4 3 2 1 3 3 4 5 0 2 2 5 4 4 0 5 3 3 1 5 3 3 0 2 3 4 5
   1 1 2 4 3 3 2 0 5 2 1]
  [0 3 4 2 4 4 5 5 3 0 1 3 1 0 5 4 3 1 5 5 2 2 2 0 2 1 0 4 4 0 3 0 2 0 1
   2 3 4 4 5 0 2 0 3 1 1 0 3 2 0 4 3 5 4 5 2 4 0 0 3 1 3 0 1 4 0 5 0 3 1
   0 0 1 5 5 1 5 1 2 2 2]
  [0 4 2 3 5 1 0 4 2 5 1 0 1 3 1 2 0 5 4 2 3 1 5 0 4 3 3 4 3 1 0 0 4 0 5
   4 5 3 2 2 2 2 2 3 2 3 3 2 5 2 3 2 5 0 4 5 4 2 2 2 3 1 0 5 5 2 3 3 0 3
   1 3 3 0 5 5 4 0 0 5 3]
  [0 0 2 2 5 3 4 4 0 1 4 2 5 4 4 5 5 0 5 0 0 0 4 2 1 1 2 0 5 2 2 0 5 5 4
   2 3 2 1 4 0 3 5 2 0 0 2 1 4 1 0 0 3 1 5 1 0 0 0 1 1 2 3 2 4 5 0 3 1 5
   5 2 5 3 0 5 5 0 5 3 0]
  [0 4 5 5 1 5 2 0 3 1 3 5 4 0 0 0 5 0 4 3 0 4 3 1 2 0 0 4 5 5 3 0 0 5 5
   0 4 0 4 4 4 5 0 2 2 0 4 5 2 5 0 3 2 2 3 4 4 2 5 0 0 0 2 5 4 3 2 0 0 3
   2 0 1 2 1 4 0 3 2 2 2]
  [0 0 4 1 5 0 0 3 4 3 5 4 0 1 2 1 2 0 0 4 5 0 4 1 1 0 1 0 4 3 0 2 3 0 4
   3 3 5 0 3 4 3 1 4 4 1 5 2 2 0 0 4 0 2 4 2 1 2 0 3 2 1 1 2 4 1 5 1 5 0
   4 2 5 3 0 0 4 1 4 2 5]
  [0 4 5 3 4 5 1 4 3 0 4 2 2 0 3 0 1 2 4 2 3 0 1 1 1 4 3 3 4 0 0 2 0 2 0
   4 0 1 1 3 4 5 5 0 5 5 1 0 5 2 4 2 4 4 3 1 1 3 4 5 4 0 3 4 0 4 2 3 5 4
   2 0 2 3 2 1 0 1 5 1 2]
  [0 2 5 5 1 0 2 2 1 0 5 0 1 5 1 1 3 3 0 3 0 1 0 2 4 5 2 5 2 5 3 5 5 5 0
   0 4 5 5 0 5 0 4 0 2 3 0 0 3 3 1 5 4 4 0 2 5 1 0 5 3 1 1 5 0 5 4 1 4 0
   0 2 0 2 2 5 1 0 2 4 1]
  [0 1 5 2 4 5 0 4 0 4 4 5 4 5 2 3 1 3 1 1 2 5 0 5 5 5 1 4 0 0 1 5 5 2 1
   4 0 5 2 4 5 1 3 3 3 4 0 4 0 3 3 1 1 5 1 1 2 5 0 5 2 0 2 1 5 2 1 5 1 3
   0 1 2 3 2 3 3 2 4 2 5]
  [0 2 3 0 1 4 0 4 3 2 1 0 0 2 3 2 3 3 4 2 5 2 4 4 4 1 4 5 5 0 4 1 4 3 4
   3 0 0 3 3 0 3 0 5 1 0 5 3 4 5 3 1 1 3 5 1 2 0 5 4 0 0 1 3 0 5 4 5 1 3
   1 1 5 1 3 3 0 1 0 3 2]
  [0 0 2 3 0 4 0 2 0 4 2 1 2 5 5 0 5 5 3 0 4 3 3 5 3 4 1 2 0 2 4 1 1 4 3
   1 3 4 0 0 1 1 1 4 0 4 1 0 1 2 4 3 4 1 4 2 1 5 3 3 3 4 0 0 3 5 0 5 1 5
   0 5 5 1 1 3 4 1 0 3 5]
  [0 0 0 1 4 0 3 2 3 5 4 4 5 3 1 0 5 0 1 1 3 0 4 0 3 1 5 5 1 1 0 3 5 4 5
   1 4 3 1 0 0 4 4 3 0 4 3 5 1 4 3 1 0 4 3 2 5 1 0 0 0 0 2 5 4 3 3 3 4 1
   0 1 3 2 1 0 4 0 2 5 3]
  [0 1 0 5 1 2 2 4 2 1 5 2 5 2 3 1 4 2 2 2 2 0 2 2 3 1 0 4 5 5 5 5 2 3 2
   3 2 5 4 4 0 4 5 0 3 2 4 3 2 3 3 3 5 0 4 4 2 2 0 0 0 0 0 5 2 3 3 2 2 3
   2 4 5 3 3 1 4 0 2 2 0]
  [0 0 0 5 2 1 2 2 3 4 4 1 5 4 2 3 1 3 4 2 5 0 1 3 5 3 4 0 5 1 0 1 3 1 0
   1 1 0 3 1 2 0 0 4 5 4 4 4 3 3 4 0 1 2 0 5 5 5 4 4 0 1 4 3 2 0 5 3 2 2
   4 4 3 3 5 4 5 0 3 4 2]
  [0 2 2 3 0 1 1 3 4 4 4 0 1 3 4 0 0 1 4 2 5 3 1 1 1 4 2 3 1 0 0 3 3 1 2
   3 5 1 0 4 3 1 0 3 3 0 5 3 2 1 2 2 2 3 3 0 5 2 3 4 0 0 0 5 2 2 3 4 5 4
   2 3 4 2 0 5 4 0 4 4 1]
  [0 2 1 3 3 0 2 0 4 5 4 1 5 1 1 5 2 2 3 2 4 4 1 1 4 3 4 2 5 1 5 3 2 1 0
   5 4 5 2 1 4 4 0 0 3 4 1 4 5 5 3 0 5 2 2 4 4 4 0 3 5 5 1 2 5 4 2 1 1 2
   4 4 3 2 5 1 1 0 5 0 1]
  [0 5 0 4 2 1 5 2 1 1 3 1 4 2 2 3 1 5 5 0 4 5 5 3 5 3 0 5 3 5 3 0 0 5 0
   1 4 1 0 2 3 1 2 5 0 3 2 5 4 4 4 1 3 0 2 0 1 5 4 5 3 2 4 3 4 3 4 3 2 5
   5 3 2 3 0 4 3 4 4 5 2]
  [0 0 3 3 3 5 4 4 0 5 2 3 4 0 2 0 2 5 0 0 5 1 5 5 4 2 4 2 1 3 5 4 3 2 3
   2 5 5 1 5 5 5 5 1 0 0 0 1 3 2 3 4 5 4 2 2 1 2 3 3 0 0 4 3 0 1 0 2 0 2
   0 3 5 5 0 0 0 0 2 0 2]
  [0 4 2 2 2 2 0 1 5 0 4 5 3 5 5 4 4 4 0 4 3 5 3 3 5 2 3 5 5 4 1 1 3 2 4
   5 0 3 4 0 3 1 3 1 0 1 0 4 0 5 3 3 5 5 2 5 1 3 3 2 4 3 1 4 1 1 5 1 2 5
   0 4 3 3 0 5 2 0 5 5 4]
  [0 1 3 3 1 5 0 3 4 2 2 3 2 5 1 4 3 4 5 1 2 3 3 3 2 2 3 1 1 1 4 5 2 1 1
   0 5 2 2 5 2 4 4 4 2 1 3 0 0 2 5 4 3 3 2 4 3 2 0 5 0 1 5 1 3 5 0 1 4 2
   2 0 5 3 3 2 4 0 3 4 4]
  [0 4 4 0 2 1 3 1 3 4 5 2 1 1 3 2 1 2 2 0 5 5 4 2 2 4 3 1 2 2 4 5 0 4 5
   5 4 0 2 2 2 4 5 3 3 3 1 5 0 0 2 3 3 0 1 1 0 0 5 3 3 1 2 1 5 3 1 5 4 2
   4 1 1 4 3 5 0 1 0 1 5]
  [0 5 1 2 4 0 1 2 2 3 5 1 2 4 0 0 5 4 5 1 1 3 3 0 0 2 1 4 2 3 0 2 0 0 0
   5 3 1 3 3 1 3 5 3 2 5 4 2 0 0 5 2 5 3 1 2 1 5 4 5 5 2 1 1 4 1 1 2 4 5
   5 0 0 4 0 3 2 4 0 5 1]
  [0 3 0 2 5 3 1 5 4 0 3 4 0 3 1 5 0 5 4 0 2 0 1 4 1 1 5 0 1 5 1 0 1 4 4
   5 5 0 1 4 5 5 0 0 5 4 3 4 3 1 0 2 5 1 4 5 5 1 5 2 0 2 1 5 4 3 2 2 2 4
   1 4 0 1 1 2 4 4 0 1 0]
  [0 4 2 4 2 1 4 1 4 3 2 4 3 3 3 0 2 2 5 5 4 4 4 0 0 5 5 1 0 0 4 2 2 0 3
   4 5 4 0 1 5 5 2 1 2 1 0 4 4 1 2 0 3 4 0 2 0 5 1 0 4 5 1 5 1 3 3 0 3 5
   0 5 2 2 5 0 1 5 2 5 5]
  [0 3 3 5 2 4 5 3 1 5 5 1 0 2 2 2 4 1 3 2 5 1 2 3 5 3 5 0 3 2 3 2 0 3 1
   1 4 2 2 5 0 0 1 5 0 3 4 2 4 4 4 4 0 1 2 5 0 0 1 5 0 5 1 1 5 1 2 3 3 2
   3 5 0 4 3 4 2 4 5 5 3]
  [0 4 1 1 2 2 3 4 2 5 5 2 4 0 2 2 4 5 0 5 4 3 2 3 3 3 3 4 4 5 5 0 3 5 4
   5 3 4 2 2 4 3 5 2 5 2 3 0 5 4 3 3 2 0 3 5 3 0 0 0 5 3 2 1 2 0 5 1 1 4
   5 0 3 4 3 3 2 1 5 4 0]
  [0 5 3 2 4 5 0 5 4 2 4 3 4 1 4 2 3 5 3 1 0 1 2 1 3 5 5 5 0 2 3 3 5 4 4
   2 4 4 3 4 1 1 1 2 3 3 4 2 1 2 4 5 1 1 0 5 1 1 4 2 2 3 4 5 0 1 0 0 4 5
   5 3 3 5 5 4 5 1 2 1 5]
  [0 5 3 1 0 0 5 1 1 0 1 0 3 1 0 3 4 4 0 5 3 3 5 3 1 2 5 4 0 5 2 4 1 0 2
   3 0 0 3 1 4 2 1 3 0 0 3 5 3 4 1 2 2 3 1 0 3 1 1 0 3 5 3 5 1 4 5 5 5 0
   4 3 3 2 1 2 3 4 3 5 3]
  [0 1 1 4 2 4 5 5 4 3 2 0 4 0 1 3 3 0 1 5 5 1 1 5 2 1 1 3 2 2 0 5 1 0 1
   4 5 0 4 1 4 5 5 1 3 2 4 0 3 0 2 2 1 0 3 3 0 1 0 5 4 0 5 0 0 1 5 1 4 5
   3 2 4 5 5 5 3 5 3 0 5]
  [0 4 1 3 2 4 2 1 0 4 0 2 3 0 5 0 4 4 5 5 3 1 0 5 2 4 5 3 2 2 2 3 4 1 3
   3 2 1 5 1 3 0 0 5 4 4 1 3 4 3 1 2 0 4 0 1 5 0 3 1 3 2 1 3 2 5 0 1 1 3
   2 2 5 5 5 2 1 0 0 5 4]
  [0 2 1 1 3 2 5 4 2 4 2 1 2 2 5 2 4 4 4 4 1 2 3 0 3 2 3 2 4 5 2 3 4 4 1
   2 4 2 1 4 1 5 1 0 0 1 2 2 2 2 5 1 1 2 3 0 1 1 0 5 2 0 5 0 3 3 2 4 2 3
   0 5 2 4 3 0 2 5 3 5 3]
  [0 2 1 2 4 2 0 5 2 2 4 1 1 4 1 4 5 2 0 2 1 4 5 0 4 0 0 2 1 1 1 4 4 5 5
   3 3 2 5 3 2 5 0 3 3 4 2 5 4 3 4 2 3 0 0 2 3 3 2 0 2 1 0 1 1 1 5 0 4 2
   4 5 4 1 4 3 1 1 5 1 0]
  [0 3 5 3 0 2 3 4 4 2 2 5 1 2 5 0 2 1 2 0 3 0 1 3 3 1 4 5 1 2 3 1 4 4 4
   0 1 0 3 2 1 2 5 0 1 4 3 5 4 5 4 0 3 1 0 2 0 3 2 0 0 1 0 1 0 3 3 3 5 3
   5 4 2 5 2 3 5 1 0 1 3]
  [0 3 3 4 0 5 4 5 5 5 4 1 4 2 4 1 5 4 0 2 0 4 0 3 5 4 3 0 1 0 0 5 5 1 4
   4 3 5 5 2 0 5 3 3 4 0 3 0 4 2 2 3 2 1 4 2 4 2 3 0 0 0 4 5 4 3 2 3 5 1
   0 3 2 2 3 3 4 5 2 3 2]
  [0 5 0 1 4 2 3 5 2 0 0 2 4 1 0 4 0 2 3 1 4 4 4 5 3 3 3 1 3 1 1 5 0 2 5
   0 1 2 3 1 4 5 5 4 2 1 0 0 1 1 5 0 4 1 0 4 5 2 3 4 2 0 0 1 4 0 2 1 5 3
   4 3 4 0 5 2 5 0 0 4 5]
  [0 1 3 3 5 2 1 2 1 0 1 3 4 0 1 5 2 3 3 4 2 2 1 1 2 3 1 2 0 0 1 2 3 1 2
   1 4 0 0 0 0 4 1 4 3 2 2 5 2 3 5 2 1 1 0 2 3 0 4 5 0 3 5 0 5 0 0 4 4 4
   1 3 2 5 4 0 0 1 2 5 1]
  [0 1 2 2 5 3 4 0 1 3 4 1 2 4 3 1 5 1 4 0 1 3 0 0 0 5 5 1 4 2 2 3 0 4 3
   1 4 1 2 1 1 3 2 4 1 0 3 1 3 0 1 1 2 0 3 5 1 1 2 0 5 3 1 2 0 5 0 2 5 1
   0 1 4 4 3 1 1 0 2 1 1]
  [0 4 2 4 0 3 2 5 3 5 3 0 4 1 5 1 2 0 4 1 0 2 4 1 5 4 5 5 1 5 5 0 1 2 3
   3 4 1 5 2 0 2 0 3 4 5 0 4 2 2 1 3 5 2 2 0 5 4 2 5 5 1 1 1 2 0 4 5 2 4
   4 4 0 0 1 1 3 0 0 4 0]
  [0 5 1 1 3 1 5 2 1 0 2 2 0 4 0 2 2 2 0 3 0 5 0 1 3 3 3 4 5 0 3 5 3 0 0
   0 1 2 5 0 0 0 0 2 0 0 5 3 2 2 1 2 1 1 2 3 4 5 1 0 2 5 2 4 1 5 0 5 3 5
   4 5 3 1 4 4 5 3 5 1 1]
  [0 0 1 4 5 1 0 4 5 4 2 1 3 2 0 2 0 1 1 4 3 2 5 1 3 3 5 4 4 1 4 4 5 3 1
   5 0 0 5 3 3 4 4 4 5 5 0 0 3 3 0 3 5 4 3 0 4 4 5 4 5 0 4 2 1 1 3 0 2 5
   2 1 2 0 0 0 3 5 5 2 3]
  [0 4 0 1 2 5 1 1 1 3 2 2 3 4 3 0 1 1 3 5 2 0 1 4 2 2 2 2 1 2 1 3 1 2 4
   0 0 0 0 4 2 4 0 1 4 2 4 5 4 2 2 2 0 1 0 0 2 2 5 3 2 0 4 0 5 2 5 2 0 5
   1 2 3 2 5 2 2 5 0 3 2]
  [0 5 5 3 2 3 5 0 4 2 4 0 1 1 5 2 0 5 5 1 4 5 5 2 5 4 1 3 2 4 5 4 0 0 1
   1 0 2 3 1 2 2 3 4 3 3 4 4 5 4 0 0 2 2 4 2 4 0 5 1 1 5 2 4 5 0 2 0 0 0
   5 4 0 2 0 1 0 0 1 1 4]
  [0 4 2 0 1 4 1 3 5 0 1 2 4 5 1 4 0 4 0 3 0 3 2 3 3 0 5 3 5 5 0 2 4 5 3
   0 3 5 3 0 2 3 1 2 0 5 1 3 1 1 2 4 4 5 2 0 1 5 3 5 5 2 0 2 5 1 5 0 1 0
   0 0 0 3 0 1 4 0 4 3 2]
  [0 1 1 4 1 3 1 1 5 1 2 4 3 0 0 5 2 4 3 3 2 0 1 3 4 4 5 1 2 5 5 1 4 4 2
   4 4 2 4 5 5 2 0 0 1 0 0 5 5 4 4 4 0 0 2 2 5 4 1 1 1 1 3 1 0 4 1 5 4 1
   3 0 1 1 1 2 4 1 5 4 5]
  [0 1 3 0 5 4 3 3 1 2 2 0 3 3 2 3 2 2 1 1 4 1 0 3 0 0 3 5 4 3 0 1 0 3 4
   0 3 2 3 5 4 3 5 4 2 1 0 2 2 3 4 0 4 0 5 3 3 0 0 0 5 2 2 3 2 3 4 5 5 2
   4 0 0 4 1 0 1 2 1 4 1]
  [0 1 1 0 0 5 3 3 1 5 4 3 2 2 5 0 0 0 5 3 3 1 1 4 2 4 1 0 3 1 3 0 5 5 0
   5 4 4 1 5 2 3 3 1 2 1 1 1 4 1 4 0 3 2 2 4 1 5 2 2 4 5 0 2 0 0 5 4 4 5
   4 5 1 0 0 2 1 5 2 3 3]
  [0 3 3 5 4 4 5 1 2 0 4 1 1 3 3 5 0 3 3 0 3 0 4 5 3 2 3 5 1 4 3 5 3 3 2
   3 2 3 5 5 0 0 2 2 5 2 1 1 4 5 4 1 4 3 3 5 4 5 4 2 0 2 0 5 5 1 4 1 2 3
   2 3 1 4 0 1 5 2 5 0 5]
  [0 1 1 0 3 2 5 1 0 2 0 0 2 5 4 2 5 0 0 3 3 5 4 5 3 2 2 0 2 3 5 5 3 0 1
   2 4 3 3 2 4 4 2 5 5 4 0 1 4 1 2 4 4 1 0 2 1 4 2 5 5 4 1 2 4 3 3 1 5 1
   4 5 3 2 5 0 0 2 3 3 5]
  [0 0 1 4 0 2 0 3 5 3 2 0 0 0 4 5 0 5 3 5 5 1 0 4 1 1 3 3 4 3 5 3 1 5 2
   2 5 0 3 3 5 1 3 2 3 3 0 5 4 4 0 3 1 0 2 2 4 2 5 4 2 4 2 3 5 4 4 5 4 3
   0 0 1 5 5 5 0 1 3 0 3]
  [0 0 4 0 2 4 5 4 5 5 2 1 4 2 0 0 0 3 3 3 2 5 5 5 3 2 5 3 1 3 2 0 1 1 0
   1 2 4 5 4 5 2 5 2 5 1 4 5 1 4 4 0 1 3 0 1 2 0 1 5 1 2 4 4 5 1 5 4 4 5
   4 2 2 4 1 2 5 0 3 0 5]
  [0 1 3 4 3 2 2 0 2 0 4 1 2 2 1 5 3 5 3 4 5 3 0 5 3 3 2 2 4 4 3 1 5 4 5
   0 0 3 5 1 0 4 3 3 1 5 5 2 1 0 5 3 2 1 4 0 4 0 3 4 3 5 0 2 3 2 3 3 1 0
   5 0 4 5 4 3 0 4 0 3 3]
  [0 0 2 3 2 5 0 0 5 5 3 3 3 1 2 0 4 0 0 1 4 1 2 4 5 3 2 3 2 0 0 0 2 2 5
   5 2 2 3 3 3 3 2 1 4 2 1 1 0 0 3 0 0 3 1 1 1 0 3 4 0 2 1 3 5 5 5 3 5 3
   4 5 0 5 3 4 1 2 4 0 1]
  [0 2 3 4 3 3 2 4 4 0 1 1 1 5 3 3 2 4 1 4 1 5 2 4 3 3 5 5 2 3 1 1 5 2 0
   3 0 4 5 3 3 5 1 4 1 2 5 4 3 3 1 3 1 1 5 2 3 3 3 1 5 3 1 5 2 3 4 3 5 1
   3 0 0 1 2 5 2 2 0 4 0]]

 [[0 0 4 1 3 2 1 4 0 1 1 0 1 2 4 1 3 5 1 4 0 4 5 0 2 1 4 5 3 1 0 5 4 0 1
   4 2 4 0 1 4 5 5 4 1 1 2 5 3 2 2 1 0 2 0 4 2 2 4 1 5 4 5 1 1 3 2 2 2 0
   0 0 5 2 2 4 5 1 1 1 2]
  [0 0 3 0 3 4 3 4 5 2 1 3 3 2 4 2 0 5 1 4 1 0 3 2 2 1 3 0 1 3 4 1 4 5 4
   5 0 1 4 3 2 2 3 4 3 4 5 1 3 1 4 4 3 5 1 2 4 4 2 4 0 1 5 3 3 3 5 5 4 3
   3 4 1 5 1 5 4 2 2 1 5]
  [0 5 0 4 2 5 3 1 2 5 1 1 2 1 4 3 3 1 1 1 4 2 1 1 3 0 5 4 1 3 0 5 0 3 4
   3 3 0 0 1 3 2 4 3 3 1 3 0 2 3 5 3 2 3 1 1 3 1 3 0 0 3 1 3 1 5 2 0 3 5
   5 2 4 2 3 5 3 2 4 1 0]
  [0 5 0 0 5 0 0 1 0 3 2 5 4 2 3 5 1 3 3 4 2 1 4 0 3 2 3 0 2 0 5 4 5 0 4
   2 3 5 0 1 0 0 4 3 0 3 3 5 0 5 5 1 2 1 1 4 5 1 3 4 2 2 2 1 4 1 5 0 2 5
   2 3 0 0 2 0 1 1 0 2 0]
  [0 3 0 0 0 5 2 0 5 1 1 3 2 0 1 0 0 0 3 3 0 1 3 5 1 5 3 2 5 2 4 5 3 4 4
   4 2 3 4 3 4 2 1 0 3 0 5 1 2 3 1 0 1 5 0 0 4 0 5 2 3 3 5 0 1 0 2 2 2 0
   4 3 2 0 3 3 1 4 4 5 3]
  [0 3 3 3 3 0 0 2 4 1 4 4 1 4 4 1 2 2 2 5 4 4 2 2 5 4 3 0 4 4 2 3 2 5 2
   1 1 0 1 3 5 2 4 5 5 1 5 3 2 0 2 1 4 5 4 0 0 1 5 1 4 0 1 2 4 2 3 4 1 2
   3 2 0 4 5 0 5 2 4 2 1]
  [0 2 2 1 0 3 0 3 4 1 1 5 4 2 1 5 0 4 4 0 1 1 3 5 1 5 2 2 2 0 1 2 4 0 1
   3 4 0 2 1 0 4 3 1 1 0 0 5 3 3 5 2 1 2 1 2 2 4 1 5 2 5 4 5 0 0 4 4 0 5
   4 0 1 1 2 2 0 1 0 3 1]
  [0 3 0 2 3 5 1 0 4 3 2 4 0 2 1 3 0 1 5 2 1 3 5 3 5 5 1 3 1 3 4 4 0 3 4
   5 0 5 0 5 1 1 4 5 3 0 5 2 0 2 2 1 4 0 3 5 0 1 2 4 0 2 3 3 2 3 4 4 5 3
   4 1 1 2 0 2 3 3 0 3 5]
  [0 4 0 0 0 3 3 2 0 4 4 1 2 3 5 4 1 1 4 3 0 2 3 0 4 0 2 0 0 2 5 4 5 5 4
   2 5 3 5 0 4 0 3 1 0 0 0 5 4 0 5 2 5 1 1 4 2 5 2 1 5 3 2 3 0 5 0 3 1 1
   0 5 3 1 4 1 1 5 1 1 1]
  [0 3 0 0 1 2 3 1 1 0 3 5 2 2 1 4 1 1 5 0 4 2 3 4 3 1 2 2 0 4 3 0 2 4 2
   0 1 3 3 3 1 3 2 4 2 4 3 0 1 3 1 5 4 2 4 5 2 4 0 5 3 0 0 5 0 5 4 1 4 4
   2 2 0 2 2 4 3 3 1 1 4]
  [0 4 1 5 5 5 5 3 4 0 0 3 5 5 0 1 2 4 1 3 5 0 4 1 0 4 3 4 4 5 1 2 5 0 5
   0 3 1 4 1 1 5 5 3 0 2 2 3 5 1 0 5 4 2 0 3 2 1 5 4 0 0 0 3 4 1 2 0 2 3
   5 5 3 2 2 3 2 0 4 4 3]
  [0 4 1 1 5 2 5 0 0 2 2 0 0 0 5 5 1 0 4 4 3 1 0 2 4 4 5 2 4 2 5 0 1 3 5
   1 4 2 2 3 4 4 2 1 5 2 1 2 3 0 1 3 3 1 1 2 1 5 4 4 4 3 3 3 2 4 3 3 2 0
   4 1 4 1 4 0 2 2 5 3 3]
  [0 5 2 1 3 0 3 3 3 5 4 0 0 3 5 4 1 1 5 5 4 2 0 3 0 3 2 5 1 1 0 0 4 1 5
   0 2 1 2 4 4 3 1 2 1 4 1 3 5 3 3 2 2 1 4 5 0 4 5 4 3 5 4 5 0 1 4 0 3 4
   4 4 5 3 1 0 5 5 1 0 5]
  [0 1 2 0 4 5 0 2 0 1 1 5 2 0 0 5 1 3 5 2 4 2 5 1 2 0 1 4 4 4 3 0 4 1 4
   2 5 2 2 1 5 5 0 2 3 2 0 0 2 2 4 5 2 1 5 2 2 4 3 5 0 1 4 0 0 2 3 5 3 0
   1 2 3 5 4 0 1 2 2 3 5]
  [0 1 5 3 1 5 0 2 5 4 1 0 5 3 0 4 2 3 1 0 5 3 1 0 0 5 3 3 1 4 1 5 1 4 3
   2 3 0 3 4 3 4 2 5 4 1 3 1 0 4 4 0 2 4 1 4 2 3 2 5 5 5 3 2 1 0 3 4 0 5
   0 4 3 0 5 1 2 0 4 5 5]
  [0 0 1 2 1 4 4 3 2 2 1 1 3 1 4 0 1 1 1 3 0 4 2 4 0 5 1 4 1 4 5 2 2 3 0
   0 0 1 3 1 2 0 4 0 4 3 2 5 2 3 0 1 0 1 4 4 3 2 0 3 5 3 3 2 4 3 1 0 2 0
   3 0 0 0 4 3 2 1 2 4 1]
  [0 0 3 3 1 5 0 2 0 0 0 5 5 3 3 3 0 1 5 3 4 1 3 0 5 2 1 3 3 5 2 4 3 3 4
   5 1 3 5 4 5 2 4 3 1 4 5 0 3 0 5 2 0 0 0 0 5 5 5 2 0 0 4 1 2 2 1 3 1 3
   2 3 4 1 0 3 3 4 2 3 2]
  [0 0 1 0 4 2 4 3 4 5 5 3 0 3 1 2 5 0 0 4 5 1 3 5 1 4 4 3 0 4 5 0 1 3 3
   1 1 5 4 0 3 1 1 5 5 1 3 4 2 2 2 3 4 4 1 3 1 2 2 2 4 3 3 1 1 3 0 1 4 5
   0 4 5 0 2 2 4 2 2 5 1]
  [0 0 4 4 3 1 2 4 1 0 5 0 1 3 0 1 0 3 0 1 5 5 1 5 0 2 1 3 3 3 1 1 1 0 2
   0 4 3 4 2 0 5 2 2 5 2 1 1 0 0 0 1 2 4 5 3 1 0 2 5 2 1 0 2 1 2 1 3 0 2
   5 2 0 5 1 1 4 4 0 1 2]
  [0 1 3 4 2 4 5 3 3 2 1 4 3 2 0 3 4 5 2 0 3 5 3 3 0 5 1 3 3 4 1 2 4 5 4
   5 0 3 3 2 4 2 1 1 1 2 0 0 5 2 3 2 3 5 4 0 5 0 4 2 4 0 4 3 5 0 1 4 0 5
   0 1 4 4 3 1 4 4 0 2 0]
  [0 3 3 0 1 1 2 0 3 1 0 3 4 4 0 1 4 1 3 4 0 4 4 2 2 2 0 1 2 3 5 0 2 5 0
   3 0 4 3 4 3 5 2 1 1 1 4 1 3 3 0 4 2 0 3 1 4 2 3 3 3 5 4 0 5 5 5 3 2 5
   4 2 1 1 2 1 0 3 3 3 5]
  [0 3 0 2 0 5 1 0 3 5 3 2 0 3 2 1 5 0 4 0 0 0 5 0 2 5 0 0 1 4 5 1 5 2 1
   5 2 1 1 2 1 4 4 3 4 2 1 0 1 2 1 2 2 4 3 3 4 3 5 3 3 4 3 2 3 4 2 5 3 2
   3 2 0 2 0 5 5 2 4 1 0]
  [0 4 2 0 2 2 1 0 5 3 1 2 0 1 2 5 1 5 0 5 0 2 0 0 3 3 2 0 4 3 2 2 3 2 0
   5 2 2 2 3 5 0 2 1 4 1 0 5 0 2 2 5 0 2 1 4 2 4 5 3 0 0 1 2 1 5 0 5 1 3
   0 0 3 5 3 5 2 4 2 3 5]
  [0 0 3 5 0 4 0 3 3 5 5 4 1 0 4 4 0 3 4 4 4 5 0 0 0 4 2 5 1 5 0 1 1 0 3
   5 2 4 3 5 2 3 4 1 3 0 0 0 4 2 1 4 1 5 2 3 0 4 5 3 0 0 3 0 4 3 0 4 5 3
   2 1 5 3 1 1 4 5 2 5 2]
  [0 5 4 4 4 3 4 2 5 3 1 0 4 1 3 5 0 0 2 2 4 3 5 4 0 1 0 3 3 4 4 1 0 2 0
   2 4 0 5 3 5 0 0 4 5 4 3 0 5 2 4 4 1 3 5 2 2 0 5 2 3 4 2 1 1 1 5 3 5 3
   3 1 3 0 5 4 5 3 3 5 2]
  [0 1 4 4 1 5 5 0 4 2 5 4 2 3 2 1 1 5 2 0 2 1 3 0 4 0 4 4 5 4 0 2 5 1 2
   2 0 5 5 4 2 1 4 3 1 2 4 1 3 2 1 0 1 0 4 2 3 3 5 2 2 3 5 1 4 1 2 4 5 4
   0 0 1 4 2 0 0 0 0 5 3]
  [0 4 2 5 2 4 1 5 0 4 1 5 3 0 2 5 1 0 0 5 3 3 1 4 2 2 0 2 3 1 2 3 4 5 3
   1 2 1 5 0 2 3 5 1 3 3 4 1 5 1 2 5 1 2 3 0 3 1 4 4 0 0 4 0 3 0 5 4 0 3
   2 0 3 5 5 0 3 1 1 4 5]
  [0 3 2 4 1 3 1 5 4 4 1 1 5 1 2 1 3 5 2 5 2 3 4 2 5 5 2 0 3 2 4 1 4 3 2
   0 2 4 3 5 4 1 2 5 5 4 2 5 0 5 5 5 4 0 1 4 2 2 3 1 5 3 5 5 5 1 4 5 4 1
   5 1 0 1 0 1 0 2 4 4 5]
  [0 5 2 4 4 1 2 3 4 1 1 4 4 4 5 1 1 2 4 1 2 3 0 3 0 5 0 5 0 4 5 3 0 2 3
   0 1 3 3 3 1 3 4 3 0 5 3 4 5 2 1 5 5 2 1 2 2 2 0 3 2 4 4 3 0 3 1 1 5 2
   5 1 2 3 5 2 4 3 0 4 2]
  [0 0 2 1 0 1 0 0 4 4 0 4 2 0 4 3 1 2 1 4 4 3 3 1 3 0 3 2 0 0 1 1 3 2 0
   0 5 1 2 5 4 5 3 4 5 3 5 1 4 5 0 3 1 4 0 3 1 1 1 4 0 3 3 5 4 5 5 0 4 2
   3 0 3 1 3 1 0 1 1 4 4]
  [0 4 3 1 5 3 5 4 0 1 3 1 5 1 4 1 3 3 4 4 5 4 3 5 5 1 2 3 4 5 0 3 0 4 4
   3 0 1 0 1 2 5 3 1 4 4 1 5 4 4 5 2 2 3 3 3 2 1 1 3 5 2 0 0 4 3 4 1 3 3
   4 1 3 3 2 5 3 5 3 3 3]
  [0 0 4 2 2 3 2 3 1 0 0 0 4 1 1 4 1 1 2 1 3 5 4 2 5 0 2 0 4 0 0 0 5 5 4
   3 2 0 4 1 3 4 1 0 3 5 0 3 0 4 1 1 2 1 5 3 4 1 3 1 1 1 2 3 1 1 5 3 0 3
   3 5 5 3 5 4 5 4 3 4 2]
  [0 5 3 3 4 4 2 3 4 0 1 0 5 0 5 0 3 2 4 0 4 0 0 3 3 2 1 3 1 3 5 3 0 2 1
   5 1 0 4 4 3 0 3 5 3 4 1 3 3 5 4 0 3 4 4 5 3 4 0 5 4 5 5 4 1 4 2 2 1 0
   3 0 3 5 3 3 5 0 5 5 4]
  [0 1 2 5 3 3 2 3 2 2 5 3 0 1 2 5 5 3 4 5 5 5 0 0 1 4 2 1 0 5 3 4 5 0 0
   0 3 5 0 0 0 5 2 1 3 1 2 3 3 4 3 4 5 3 5 1 5 4 4 5 2 3 4 2 3 0 4 2 4 5
   0 1 4 1 0 1 1 2 1 0 4]
  [0 0 2 2 0 5 0 2 5 2 5 3 3 4 1 3 3 5 2 2 4 1 5 2 1 3 1 2 3 1 1 3 3 3 0
   0 0 1 3 4 1 5 1 3 1 1 3 0 1 0 0 0 4 3 4 1 3 1 2 0 5 2 1 4 1 5 3 0 5 1
   2 0 1 3 4 5 1 5 5 0 0]
  [0 0 0 0 5 4 1 1 4 2 2 3 1 1 4 5 1 2 1 4 0 1 2 3 4 0 1 3 5 3 4 4 1 5 0
   0 4 1 3 0 3 3 0 0 4 5 5 3 1 5 4 2 3 5 2 3 1 4 4 3 1 5 2 3 2 3 2 4 5 3
   2 0 0 2 4 0 1 2 3 5 3]
  [0 3 5 0 3 1 2 2 3 3 0 3 0 4 3 3 0 3 0 0 2 3 1 1 2 3 3 3 0 0 5 1 0 5 1
   0 0 4 0 0 2 5 4 5 4 5 3 3 2 4 4 2 1 0 2 1 3 1 0 3 5 1 0 3 4 0 0 0 4 2
   0 3 4 3 5 2 2 0 1 5 1]
  [0 1 1 5 4 3 3 2 2 3 5 0 3 3 2 3 3 4 2 5 4 5 2 0 5 1 3 3 4 4 5 4 5 4 4
   4 2 0 5 3 2 0 0 1 2 2 4 0 4 5 3 4 5 2 0 1 4 3 0 3 3 2 4 1 2 3 4 4 5 5
   0 3 4 4 1 5 4 0 5 5 2]
  [0 0 3 5 0 0 1 3 4 4 4 3 1 4 1 3 1 4 3 4 5 3 0 5 4 0 0 0 3 4 0 0 1 0 2
   0 0 1 0 5 1 1 4 3 1 1 2 1 4 0 5 4 3 0 2 0 4 2 4 4 2 5 4 2 1 1 1 2 3 5
   3 1 2 4 4 2 1 1 3 3 5]
  [0 4 0 2 2 5 4 5 0 3 2 4 2 3 5 3 0 3 1 0 5 0 3 4 3 1 3 3 5 0 5 2 3 3 0
   2 1 3 3 0 1 0 5 5 0 3 3 1 0 5 4 5 5 0 2 2 5 5 1 1 4 3 1 0 0 4 4 0 5 5
   3 5 3 2 5 3 1 4 0 2 1]
  [0 2 1 1 3 1 3 4 5 1 0 5 4 5 2 2 0 2 4 3 5 3 4 5 3 1 4 1 0 4 3 0 0 4 0
   4 1 1 4 1 0 2 5 5 0 4 4 2 5 4 1 3 4 0 3 0 0 0 4 5 1 3 2 2 1 4 4 1 5 5
   0 5 1 5 0 5 4 4 5 1 2]
  [0 2 4 4 0 0 3 5 3 5 4 1 3 4 3 3 3 1 0 3 2 1 0 4 0 4 3 5 0 2 5 2 4 1 1
   0 1 1 5 4 0 0 5 0 1 1 1 0 1 4 4 2 0 3 4 2 2 1 0 4 4 3 1 5 1 0 2 4 5 1
   5 0 1 1 5 3 4 3 1 5 5]
  [0 2 0 2 3 0 1 1 4 2 2 0 2 4 2 0 3 5 1 1 3 5 2 5 5 2 1 0 4 4 1 0 1 1 3
   1 2 3 2 5 5 1 0 4 4 2 1 0 1 5 0 2 3 5 3 3 1 1 5 3 4 4 4 0 2 2 3 1 4 5
   0 1 1 0 4 2 3 4 4 3 5]
  [0 4 3 3 1 5 2 3 4 0 2 3 4 1 3 5 4 5 2 4 0 2 3 3 4 5 2 1 0 0 1 2 4 3 0
   5 5 4 1 5 2 1 5 0 0 5 3 0 1 0 1 3 3 1 1 2 1 0 5 3 0 1 0 3 1 1 0 0 4 1
   4 2 1 4 5 2 1 5 0 5 2]
  [0 5 5 1 2 4 2 0 5 5 0 3 2 5 1 0 5 4 2 4 5 2 4 5 4 5 2 1 4 4 0 4 2 5 2
   2 0 5 0 3 2 0 2 3 0 2 5 1 2 4 3 1 3 2 2 5 0 3 3 3 1 4 4 0 5 4 4 0 5 2
   5 1 3 3 3 2 1 4 0 4 3]
  [0 1 4 3 3 0 4 2 0 2 3 0 0 5 3 2 4 5 1 1 5 2 0 4 4 2 0 4 4 2 4 4 3 3 4
   3 2 3 3 0 1 0 5 5 1 0 0 5 3 2 5 1 3 5 3 0 1 2 5 2 4 1 4 3 5 1 3 0 0 0
   1 5 0 1 2 3 2 1 3 5 5]
  [0 3 4 4 4 1 2 1 5 1 4 5 2 4 2 0 3 3 3 1 5 2 3 1 1 2 5 4 4 5 3 5 1 3 0
   0 4 3 5 1 4 2 3 4 1 3 0 5 5 2 5 3 4 4 4 1 1 4 3 1 1 4 4 3 3 0 4 0 1 0
   2 3 1 3 0 1 1 0 1 2 4]
  [0 5 1 2 1 4 0 0 0 2 4 4 1 4 5 5 1 5 2 3 0 5 4 2 5 2 1 5 2 5 4 0 4 1 5
   4 3 1 4 1 5 4 4 2 0 1 0 0 1 5 4 1 4 3 4 5 3 5 3 1 3 3 4 5 0 3 4 4 0 5
   2 0 0 5 3 2 3 5 4 2 3]
  [0 2 3 5 0 3 0 5 5 2 2 3 1 1 1 0 1 1 2 4 1 0 5 0 4 3 5 2 1 0 0 4 3 2 2
   2 5 3 0 1 3 4 3 1 3 0 2 0 0 4 4 0 1 5 2 1 5 0 0 3 3 3 2 5 0 1 3 3 2 5
   4 3 4 0 1 4 1 4 2 1 5]
  [0 4 3 5 5 4 4 5 0 1 1 3 4 0 2 4 3 3 3 4 1 2 3 0 2 4 3 5 2 5 0 5 3 2 3
   0 0 0 0 1 1 3 0 0 3 3 2 3 0 0 4 1 1 3 0 2 0 4 0 5 0 3 5 0 3 1 2 5 1 2
   3 3 0 1 5 5 5 0 0 5 0]
  [0 4 5 1 5 1 0 1 5 3 5 5 0 4 1 1 0 1 4 3 0 2 4 1 2 3 2 0 4 3 5 3 1 2 0
   2 4 3 2 2 1 1 3 5 0 4 3 1 1 5 0 3 1 2 3 1 5 1 0 0 0 4 2 4 3 3 5 2 4 1
   2 4 2 4 1 1 3 4 1 5 2]
  [0 4 3 4 5 3 1 4 2 5 4 3 0 5 0 2 2 2 4 4 2 4 1 3 3 1 5 0 1 2 4 2 3 5 5
   0 3 4 2 3 3 4 5 0 3 5 0 4 1 0 1 0 5 4 2 4 1 1 4 4 0 1 3 3 4 4 5 1 5 1
   2 0 0 2 5 5 2 0 4 2 4]
  [0 0 1 2 4 5 1 1 4 2 5 3 1 5 4 5 4 2 5 0 0 1 4 0 0 1 0 5 2 4 0 5 0 0 1
   2 5 4 4 3 3 1 5 5 4 4 4 5 0 4 3 0 0 5 5 2 2 5 3 0 2 5 1 1 2 5 1 1 1 0
   4 5 3 1 4 3 3 1 0 3 4]
  [0 4 2 2 1 3 2 5 1 0 5 5 0 0 2 5 0 2 0 5 4 3 1 1 4 4 5 2 4 4 1 0 2 2 3
   3 4 3 0 1 1 4 5 3 4 4 0 3 3 5 4 0 5 0 0 3 5 2 1 3 4 2 2 5 3 5 2 5 2 2
   0 1 5 2 0 1 4 4 1 3 4]
  [0 0 4 4 5 2 2 3 0 1 3 3 3 3 3 4 0 2 2 5 1 3 1 4 2 0 3 0 3 4 2 5 3 2 1
   0 0 3 0 2 0 2 5 4 2 3 3 1 4 0 2 5 1 3 0 3 4 4 5 2 5 4 2 0 3 4 1 2 2 1
   0 2 0 1 1 5 4 4 1 3 0]
  [0 0 4 2 1 5 0 1 3 2 1 5 0 2 5 2 0 5 5 3 4 3 5 2 3 3 2 5 1 3 1 3 2 2 2
   0 5 1 2 3 5 4 5 5 0 5 4 3 5 2 2 5 2 4 5 0 3 4 5 2 1 4 3 5 4 2 5 1 2 5
   0 4 4 1 5 3 4 0 2 0 0]
  [0 2 1 3 2 3 0 2 4 1 1 0 1 2 0 5 5 0 0 4 1 4 1 2 5 5 4 4 2 1 5 2 4 3 0
   3 0 1 5 2 4 2 5 5 4 4 0 2 3 1 5 3 5 4 2 1 0 4 4 2 4 1 1 5 3 3 1 5 4 4
   1 4 5 5 4 3 4 3 4 4 5]
  [0 2 0 5 5 4 5 1 4 5 1 2 1 4 5 2 3 0 5 3 2 0 0 1 2 5 4 2 5 0 3 5 4 2 0
   2 5 4 0 5 1 0 4 0 5 0 5 5 1 3 0 2 3 1 5 1 4 0 3 5 1 0 5 3 0 1 5 2 1 2
   2 4 1 4 5 2 2 2 3 2 5]
  [0 3 3 4 5 3 5 5 0 2 5 0 4 4 5 0 4 4 1 0 2 2 1 0 0 4 3 2 2 3 0 5 5 4 0
   0 1 5 3 5 0 0 4 4 3 4 3 5 3 5 1 0 0 4 1 3 0 0 0 1 5 5 1 5 2 3 1 2 3 3
   5 3 1 1 5 3 4 4 1 5 0]
  [0 0 1 5 5 0 3 4 1 4 3 4 2 0 2 3 2 2 5 5 5 3 4 5 4 3 2 4 2 2 5 4 3 1 4
   5 2 3 3 3 0 0 4 2 2 0 3 4 5 4 2 0 1 4 5 2 1 4 1 0 3 2 3 4 3 3 5 0 5 1
   2 4 5 3 1 2 3 0 5 2 4]
  [0 5 4 1 1 5 2 5 0 3 5 4 3 5 4 4 2 5 0 4 5 0 2 0 5 0 2 4 3 2 4 0 4 5 1
   2 0 2 3 3 1 3 1 4 0 1 3 5 0 4 5 0 5 5 5 5 5 5 1 5 0 3 3 0 5 1 5 3 5 4
   1 3 4 1 4 3 3 1 1 4 4]
  [0 5 2 0 5 5 3 3 3 2 4 4 1 1 3 1 5 0 4 5 5 1 3 2 1 0 0 3 0 4 2 3 4 5 4
   4 4 3 2 5 2 5 5 4 1 3 0 1 0 4 5 0 1 5 3 5 3 0 3 2 5 0 5 3 1 1 0 2 5 0
   5 1 1 1 1 5 1 4 1 2 2]
  [0 4 3 4 4 4 0 2 4 5 1 1 0 2 3 0 1 2 4 0 5 0 4 3 5 2 1 2 0 3 3 3 3 3 4
   5 4 2 4 0 0 4 5 2 4 5 4 5 5 5 1 2 5 2 5 3 0 1 4 1 2 5 0 4 2 4 5 3 0 0
   5 3 5 4 5 2 0 3 4 5 4]
  [0 4 5 1 3 2 4 1 5 2 1 4 2 1 0 2 0 0 4 0 3 2 4 4 0 2 0 5 2 3 1 1 5 3 2
   1 3 2 1 0 4 5 5 4 0 0 0 3 2 1 2 3 1 2 5 1 4 2 3 2 1 5 1 0 0 4 2 3 4 5
   2 3 2 5 2 5 2 4 4 2 0]
  [0 3 4 5 5 1 2 4 4 1 5 1 3 2 4 5 2 0 5 3 5 0 1 4 5 2 4 2 1 1 1 5 2 4 3
   5 2 4 4 3 2 4 0 4 5 4 4 4 2 3 2 1 4 1 4 3 1 1 1 1 4 0 5 2 0 1 3 1 0 1
   3 0 3 4 0 1 3 4 0 5 5]
  [0 1 0 3 2 5 5 4 3 3 1 3 0 3 3 5 3 2 0 1 2 3 3 0 4 1 0 5 0 4 4 3 1 3 0
   5 3 2 3 3 5 0 5 0 1 0 4 0 2 5 3 1 5 4 3 3 0 0 4 1 3 3 2 5 3 0 4 3 4 1
   0 0 2 5 4 2 0 5 5 2 3]
  [0 4 4 3 3 1 4 2 0 2 3 5 3 5 4 0 0 0 4 0 5 1 3 2 1 0 4 1 2 4 1 0 5 3 2
   3 3 2 3 1 2 2 5 3 3 2 5 3 4 0 1 1 1 3 5 2 3 5 5 3 4 1 2 3 1 5 0 1 2 2
   2 3 5 5 4 2 2 1 1 5 0]
  [0 2 2 4 0 0 4 0 1 0 0 4 0 1 1 4 1 5 5 1 2 4 4 3 1 1 2 0 1 2 2 4 1 2 5
   5 3 2 5 2 5 1 3 5 2 1 4 4 4 1 2 1 1 0 4 2 3 5 4 2 4 3 5 4 3 3 3 0 5 4
   1 2 3 2 2 3 4 5 5 5 1]
  [0 3 0 0 1 2 3 4 2 0 3 4 1 5 1 0 4 5 4 5 0 4 0 4 5 0 0 3 0 5 5 4 2 4 2
   5 3 0 5 4 5 1 1 4 4 3 0 2 1 1 3 2 3 4 2 1 1 4 3 0 5 0 3 5 3 0 0 2 0 2
   0 5 4 2 0 5 2 4 1 1 3]
  [0 3 1 3 1 0 0 4 1 0 0 0 0 5 1 1 4 3 4 3 1 5 1 0 2 4 5 1 5 2 2 3 2 4 5
   4 0 0 2 0 5 4 5 3 3 4 2 0 2 4 4 0 5 5 1 5 1 0 4 0 0 0 2 2 3 1 4 5 5 0
   3 4 3 3 5 1 3 5 4 5 3]
  [0 0 1 4 2 0 0 2 0 5 5 3 0 0 0 0 4 0 5 2 1 1 1 0 3 3 2 1 3 4 1 4 2 1 3
   5 0 3 1 0 5 1 1 4 2 4 3 4 4 2 1 0 5 5 4 4 4 0 4 4 1 5 4 0 0 0 5 2 4 5
   0 1 1 4 3 2 2 1 2 1 1]
  [0 3 0 2 0 2 1 4 1 1 1 3 4 5 5 3 1 0 3 4 0 4 5 2 1 0 2 1 4 1 5 2 2 5 3
   2 0 1 3 2 2 1 3 2 0 2 2 1 0 2 4 4 3 0 2 1 4 1 0 0 0 4 4 2 2 2 2 0 5 1
   1 0 1 2 5 1 0 5 4 5 0]
  [0 2 4 3 4 3 1 3 3 5 4 0 2 5 2 0 3 1 3 4 5 5 2 4 4 3 1 2 5 3 3 3 3 1 4
   2 2 1 1 0 4 4 2 5 5 5 5 3 0 3 4 4 1 0 5 5 5 4 3 0 4 2 4 1 0 5 3 1 5 2
   2 0 0 1 4 2 4 5 1 0 5]
  [0 0 4 4 3 0 1 4 1 1 1 3 2 2 5 4 1 2 3 1 4 1 2 4 2 3 1 0 3 3 2 2 1 4 4
   5 1 4 4 5 3 2 0 0 3 3 0 4 4 0 3 2 2 2 5 0 4 4 3 3 1 4 4 1 3 4 1 3 5 3
   3 3 3 0 1 0 3 3 4 1 1]
  [0 5 4 5 0 1 4 1 3 2 1 5 5 1 5 0 0 3 0 2 2 0 0 5 2 1 5 4 4 2 3 0 1 0 3
   0 5 4 3 1 0 4 1 4 2 5 5 2 4 3 3 5 0 5 0 4 2 3 4 4 1 5 5 3 5 1 4 4 0 3
   3 2 3 3 0 3 2 3 2 3 2]
  [0 2 5 4 1 5 4 4 2 2 1 5 5 2 2 3 5 4 4 0 5 4 1 1 5 3 3 5 0 5 3 5 1 3 4
   5 4 4 3 0 5 5 3 1 1 1 3 4 1 2 4 3 1 0 1 3 4 2 2 0 2 1 1 4 1 1 0 4 4 5
   2 3 2 0 4 0 1 4 2 5 1]
  [0 5 2 4 1 0 2 0 5 1 5 5 5 0 3 1 1 2 1 4 1 5 4 3 2 0 1 2 0 0 2 0 1 5 3
   3 1 0 1 1 1 3 5 2 0 4 3 2 5 1 0 0 1 0 2 5 3 4 0 4 0 0 5 1 4 3 2 1 1 0
   1 5 4 5 0 4 0 4 0 1 0]
  [0 2 2 3 3 2 1 4 5 4 5 3 3 5 2 5 4 1 2 1 3 3 3 2 3 3 4 1 0 3 5 1 2 3 5
   2 5 5 2 3 1 2 5 5 1 0 0 4 3 1 3 4 5 2 3 1 2 3 1 3 2 2 3 2 4 5 5 2 5 0
   0 3 4 1 1 1 4 0 5 3 2]
  [0 5 2 4 0 4 4 2 0 5 4 4 2 2 5 0 4 4 1 5 2 3 3 4 4 5 5 3 5 5 0 3 3 0 1
   4 5 2 0 4 3 3 4 4 1 2 2 0 2 2 5 4 5 0 3 2 2 3 3 3 5 2 3 2 0 2 3 1 1 4
   3 0 0 0 0 1 4 0 0 2 4]
  [0 5 0 3 0 1 1 5 2 0 5 5 5 0 3 3 4 4 4 1 5 5 2 1 0 5 1 0 3 0 1 1 5 2 4
   2 1 5 0 5 5 5 3 4 1 5 3 4 4 5 2 1 5 2 5 2 4 4 0 4 5 1 5 1 4 1 5 4 3 5
   2 4 0 1 2 5 4 1 4 0 4]
  [0 1 0 4 3 1 0 3 4 0 3 4 1 2 2 5 2 1 1 2 5 3 1 0 4 3 3 1 5 1 5 4 5 5 1
   1 1 2 3 3 4 2 2 4 4 2 0 2 2 2 1 4 2 2 3 0 3 3 5 3 4 5 5 2 2 5 3 5 2 1
   5 2 0 4 2 0 0 1 0 4 0]]

 [[0 3 4 4 0 1 5 5 4 3 0 5 2 0 0 5 1 2 2 3 3 4 0 0 0 5 1 5 1 1 2 0 0 1 5
   0 4 5 4 2 4 1 2 3 0 3 1 5 4 5 2 3 5 3 5 2 4 4 4 2 4 0 2 5 3 3 5 5 0 3
   1 1 2 0 5 4 3 2 3 4 0]
  [0 0 2 3 3 2 3 4 5 3 1 3 1 0 1 1 2 4 2 4 1 3 4 3 0 5 2 3 5 4 3 3 4 4 3
   4 2 3 2 5 5 1 0 4 1 1 5 1 2 4 1 2 3 4 5 0 2 0 0 0 0 5 2 1 0 5 5 2 0 1
   0 2 4 0 1 4 5 1 0 0 4]
  [0 5 0 2 2 4 3 1 5 0 4 0 2 0 4 0 2 3 1 0 2 5 0 1 0 2 2 5 2 5 0 1 2 0 1
   2 1 2 2 5 4 2 0 0 3 2 4 2 5 5 1 5 1 1 4 1 2 5 1 5 0 4 4 0 4 5 0 3 1 0
   5 3 3 0 0 3 4 3 3 1 1]
  [0 4 5 0 4 4 1 2 1 1 4 4 4 1 2 4 3 2 1 1 0 4 1 2 2 4 2 1 4 1 4 2 5 0 4
   2 4 1 1 2 1 3 0 0 1 4 3 3 3 2 4 2 4 3 2 4 1 2 0 1 4 0 5 1 4 2 2 4 5 3
   0 0 2 4 2 2 2 1 5 4 2]
  [0 4 4 0 0 1 2 2 5 5 2 3 5 4 3 5 2 1 5 1 5 0 4 2 0 1 2 4 0 1 5 1 4 0 3
   2 0 1 1 1 5 0 0 3 0 0 5 4 5 1 1 1 1 2 0 2 4 4 2 1 4 2 2 4 5 1 1 1 3 3
   2 4 3 3 1 2 0 5 2 4 4]
  [0 1 0 2 1 0 2 2 4 1 3 3 2 3 2 3 5 3 5 0 4 0 1 0 4 4 4 3 5 4 3 0 0 2 5
   3 3 4 5 0 2 3 1 5 3 2 4 4 3 2 4 3 0 0 5 0 2 0 5 1 3 3 2 2 4 5 2 0 0 1
   2 0 0 0 2 1 4 2 1 1 0]
  [0 5 4 3 3 4 0 5 4 3 5 1 3 5 3 1 0 4 0 5 5 4 1 2 2 1 1 3 3 2 3 3 5 0 1
   4 1 5 3 0 4 0 5 2 2 4 2 3 3 5 5 1 1 4 0 3 0 4 5 0 3 3 3 0 4 4 5 0 1 3
   1 1 3 2 4 5 1 1 0 1 2]
  [0 5 2 1 4 2 3 0 5 2 5 0 4 3 1 1 5 5 0 5 4 3 1 5 5 3 5 5 4 1 4 2 5 0 5
   4 5 4 4 5 1 0 2 0 4 2 5 4 4 0 3 0 4 5 1 4 2 5 1 4 5 0 4 3 1 4 0 0 3 2
   1 2 1 4 2 3 4 5 1 4 0]
  [0 3 5 5 0 2 3 5 0 2 4 5 2 3 2 3 2 0 4 1 1 2 4 0 4 4 2 1 0 0 4 2 2 2 0
   4 0 4 2 2 3 2 0 2 1 4 4 1 0 5 4 2 3 5 3 1 3 2 1 1 2 0 5 2 3 5 4 5 0 4
   2 3 2 0 3 5 2 4 2 0 3]
  [0 2 3 1 1 1 1 0 1 0 3 0 2 3 3 1 4 3 0 0 5 3 3 3 1 2 0 2 0 4 0 0 5 0 4
   3 0 4 2 4 1 5 3 1 3 5 2 2 0 1 2 0 5 0 3 2 4 5 2 5 2 2 0 2 3 5 1 5 0 0
   4 0 1 5 2 4 4 5 0 2 0]
  [0 3 3 0 1 5 1 4 5 1 0 3 3 1 4 5 5 3 3 0 5 0 2 2 3 1 2 1 2 0 2 4 5 4 4
   2 4 3 2 3 1 5 3 1 3 0 1 0 0 0 5 3 2 2 2 0 2 4 0 3 0 2 0 1 0 2 2 1 1 2
   0 2 4 5 3 1 4 3 5 2 2]
  [0 4 1 2 3 2 5 5 1 3 4 0 3 3 1 1 1 5 0 3 3 0 4 5 5 2 0 1 4 5 0 3 5 1 4
   4 5 0 1 5 2 2 4 1 2 4 1 0 0 4 1 3 5 4 1 3 4 1 1 0 3 3 1 4 4 4 1 5 3 3
   5 0 0 4 1 1 3 0 4 3 0]
  [0 5 5 1 2 3 5 3 0 2 5 0 0 3 0 1 5 4 3 4 4 4 0 4 0 2 4 3 4 0 5 2 4 2 0
   0 0 0 1 0 1 5 0 5 4 5 2 4 5 2 3 1 5 3 5 3 1 4 4 0 0 3 3 4 1 2 2 3 3 4
   1 5 0 4 5 1 1 5 3 4 4]
  [0 5 5 3 1 5 5 4 2 0 2 0 5 0 2 0 2 3 1 4 0 3 1 0 3 2 3 3 1 3 0 4 4 3 4
   0 2 3 0 4 2 5 4 3 1 0 3 5 3 1 1 3 0 2 0 4 0 2 5 3 1 1 2 5 3 1 0 3 2 1
   2 3 1 3 0 2 3 0 3 5 5]
  [0 4 4 2 0 2 4 5 3 3 1 4 5 3 0 5 2 1 3 2 3 2 3 4 5 2 2 0 5 2 1 3 0 0 2
   3 0 3 2 2 4 4 0 2 1 0 4 5 0 3 0 1 4 4 0 5 3 3 4 5 4 3 1 1 2 5 0 5 0 0
   0 3 1 2 2 3 3 2 5 1 0]
  [0 5 0 2 5 5 0 4 3 0 5 0 4 0 4 0 3 1 1 3 1 0 2 0 3 1 5 0 2 0 5 1 5 5 1
   1 2 3 0 5 5 4 3 3 2 1 3 5 4 5 5 4 1 3 5 5 3 2 5 1 5 0 4 0 5 0 3 1 1 4
   4 0 4 0 2 1 2 3 0 1 2]
  [0 1 0 4 0 3 2 1 0 4 5 5 1 2 1 4 0 5 4 1 0 4 2 5 4 2 3 1 5 1 0 0 3 5 1
   1 3 4 3 2 3 1 4 5 3 3 2 3 2 2 5 3 3 1 5 4 5 0 0 2 3 4 4 0 5 2 5 2 4 0
   3 2 2 2 3 2 1 4 2 1 0]
  [0 0 0 3 1 2 2 1 2 3 2 4 3 5 5 0 1 0 4 2 2 4 2 2 4 2 2 1 4 4 1 0 2 4 3
   2 4 0 5 0 4 5 2 3 3 1 1 1 3 5 4 3 5 4 4 4 0 5 1 4 0 4 4 2 0 5 2 3 3 2
   3 2 4 0 2 5 0 5 3 3 3]
  [0 3 4 5 5 3 5 0 2 1 1 1 3 5 0 1 4 4 0 3 5 2 2 5 3 3 0 0 3 0 5 4 0 3 4
   3 2 1 3 1 0 0 2 0 5 1 5 3 1 2 3 0 2 4 1 2 0 4 5 3 5 2 4 5 2 5 3 4 0 2
   2 4 2 2 2 0 1 5 0 0 3]
  [0 1 5 0 0 1 5 0 0 3 1 2 5 3 2 3 5 5 5 0 5 0 2 3 1 3 4 1 5 5 2 4 5 4 3
   3 2 4 3 0 4 5 5 2 5 2 4 4 4 0 3 3 1 4 4 4 0 1 3 0 4 2 4 0 0 0 3 2 3 1
   1 5 4 1 4 1 2 3 0 1 0]
  [0 5 1 2 1 3 2 5 0 2 1 0 0 0 3 2 2 2 1 4 0 2 2 1 1 4 0 5 2 0 2 1 4 2 1
   3 2 1 0 1 4 5 4 5 0 2 5 5 4 4 0 3 1 3 4 2 1 5 4 0 3 4 3 1 1 1 1 5 0 0
   1 2 2 3 4 3 2 4 5 1 3]
  [0 3 4 1 3 1 1 5 4 0 0 2 5 4 4 5 5 0 0 5 0 0 4 2 1 4 5 0 2 3 5 3 4 4 1
   2 5 5 5 3 0 4 3 2 0 2 3 1 2 2 1 0 1 3 0 0 4 5 4 4 1 5 0 4 3 4 2 0 0 4
   4 2 1 0 5 3 3 5 5 1 1]
  [0 4 2 1 4 0 2 0 5 0 2 5 5 5 5 4 1 4 4 1 3 5 0 3 3 2 4 3 3 4 2 0 1 2 4
   3 4 4 2 5 4 0 0 3 2 2 4 5 4 0 1 0 0 3 5 3 5 3 0 5 1 3 5 0 0 4 3 2 4 3
   5 1 0 0 4 5 1 3 2 4 0]
  [0 5 3 0 1 5 3 0 5 2 2 4 1 2 1 3 4 3 2 5 1 3 4 0 0 4 1 4 5 1 5 4 0 2 0
   5 3 1 2 1 5 4 1 2 1 5 0 0 0 4 4 4 2 1 5 0 2 5 1 2 1 3 2 5 2 0 0 2 2 0
   3 3 2 2 5 3 4 5 4 1 4]
  [0 4 1 5 3 1 3 3 5 5 3 4 2 3 5 2 2 4 5 5 1 1 4 1 0 4 4 4 5 2 1 3 4 4 2
   0 2 3 4 3 0 5 1 2 5 2 3 5 3 3 5 5 0 2 2 1 5 4 1 1 4 3 2 5 3 4 2 2 1 0
   0 0 3 4 3 1 1 1 4 2 5]
  [0 5 2 2 4 3 0 4 4 0 2 1 4 1 4 1 0 4 2 4 4 4 0 3 1 0 2 3 5 4 2 5 0 3 3
   4 0 1 0 2 2 4 1 5 5 2 0 1 0 0 2 2 1 5 4 4 2 0 1 3 0 2 4 5 5 2 0 0 4 3
   4 3 2 3 4 0 2 5 0 3 3]
  [0 1 3 4 4 2 2 5 3 4 4 3 0 3 0 4 5 4 0 2 1 3 4 3 3 1 0 0 1 0 1 3 3 3 3
   5 4 3 3 5 3 3 5 1 4 2 0 0 2 5 4 5 5 2 5 1 2 5 0 2 2 0 3 4 0 2 4 1 2 1
   2 4 3 0 3 5 3 1 4 5 3]
  [0 0 4 0 1 4 3 3 2 0 4 5 4 5 4 3 3 2 5 0 5 1 1 5 4 2 4 0 0 3 0 3 4 4 2
   5 0 5 1 5 0 1 1 2 5 1 4 4 3 5 5 4 4 5 3 4 0 3 5 5 0 1 3 4 2 2 5 1 4 0
   3 0 0 3 1 1 4 0 0 5 5]
  [0 2 2 1 4 5 1 1 4 5 3 3 2 2 0 5 3 4 3 3 1 1 1 3 4 3 4 4 0 5 5 4 4 2 1
   1 4 3 5 2 4 5 4 3 4 5 0 1 4 4 0 2 4 0 1 2 5 0 0 2 5 2 1 1 4 0 1 1 2 3
   2 2 1 3 5 3 0 5 5 2 0]
  [0 3 1 2 0 5 0 5 0 5 0 2 3 2 3 5 4 0 3 1 3 3 5 1 4 2 0 5 2 0 1 1 0 5 4
   4 1 1 2 2 0 5 2 4 4 0 4 0 4 0 5 3 1 0 1 4 2 1 0 1 1 1 1 2 2 1 2 4 1 0
   2 3 0 3 3 4 3 4 1 3 4]
  [0 3 0 2 0 1 0 3 3 1 3 5 2 3 3 1 4 4 3 0 3 1 4 4 0 2 2 2 1 3 0 0 4 2 2
   4 3 1 1 1 1 2 0 5 2 3 4 3 3 4 3 1 0 5 1 2 4 4 5 0 0 2 1 2 1 4 3 2 0 0
   5 1 1 0 4 1 3 3 3 0 1]
  [0 0 5 4 3 1 1 5 0 5 4 2 2 5 4 3 1 3 0 1 5 3 0 1 2 4 0 5 5 4 4 0 2 1 2
   2 0 3 4 3 4 0 5 3 2 4 2 5 3 2 0 5 4 2 2 2 1 4 3 2 4 2 0 3 1 5 4 2 4 5
   2 5 1 3 4 1 4 5 3 2 5]
  [0 0 3 4 5 1 1 2 0 5 2 2 3 1 1 5 1 1 0 1 5 1 3 1 5 2 1 0 1 3 4 4 0 4 5
   2 5 0 4 2 3 4 2 0 5 1 4 3 0 4 0 5 2 4 2 2 0 0 0 4 0 4 4 3 5 2 5 0 1 5
   0 2 5 0 5 5 0 1 1 4 0]
  [0 1 4 4 1 0 4 2 0 4 4 0 0 0 4 1 0 0 5 0 5 5 5 2 3 4 3 4 1 2 0 1 1 0 1
   4 1 0 1 0 3 3 3 0 3 2 2 1 3 0 1 3 2 3 4 4 4 0 0 5 2 4 2 2 0 4 1 4 1 0
   1 2 2 1 0 0 2 1 0 0 2]
  [0 3 2 1 1 3 5 1 4 2 1 3 3 1 0 4 2 1 2 1 5 0 2 1 5 5 2 0 0 1 4 0 5 3 0
   2 4 1 4 2 4 3 0 0 4 2 3 3 2 1 3 3 5 3 2 5 2 5 3 3 5 5 4 5 0 4 3 3 4 4
   4 5 5 0 4 0 0 5 1 5 5]
  [0 2 5 5 5 4 1 1 5 5 0 3 1 5 3 0 1 1 5 3 0 3 1 5 3 0 0 0 5 4 5 1 5 5 5
   0 2 0 4 5 0 1 3 2 2 4 5 2 2 2 3 1 0 5 3 3 5 3 4 1 4 3 1 5 1 0 2 5 0 3
   5 4 1 5 5 5 4 3 2 1 2]
  [0 3 3 5 1 0 4 0 3 0 1 1 3 5 4 5 5 4 5 1 4 1 0 3 2 0 0 0 1 0 3 5 3 4 5
   1 0 5 1 3 3 2 0 1 3 1 0 4 5 3 0 4 5 4 3 5 1 2 0 4 3 0 4 0 4 2 0 3 2 2
   5 0 2 1 4 0 5 3 3 3 5]
  [0 3 3 1 1 1 4 4 4 2 4 5 2 5 5 0 4 0 2 0 0 2 1 2 1 0 3 5 2 1 0 2 1 3 0
   0 3 0 0 2 3 1 0 5 5 5 0 5 1 5 4 1 2 1 0 4 0 5 0 4 5 3 5 3 5 5 5 1 1 2
   3 0 3 0 2 4 3 2 3 0 5]
  [0 1 5 1 2 2 4 2 3 1 1 4 0 4 0 1 4 3 1 5 5 1 5 0 5 1 5 5 3 3 2 1 5 0 1
   2 4 2 0 0 1 2 4 2 2 3 3 5 3 2 1 2 5 5 0 0 0 0 4 1 5 1 0 4 5 2 5 0 3 0
   1 1 3 5 5 3 2 4 2 2 3]
  [0 2 5 5 0 2 0 3 3 5 5 5 1 3 1 3 1 2 0 2 1 3 2 5 0 4 2 5 4 2 1 0 2 2 2
   1 0 3 4 0 4 1 3 0 4 2 1 5 0 0 0 3 0 3 0 4 1 4 4 2 3 5 3 2 0 1 1 3 1 3
   0 2 3 0 3 4 3 1 3 4 2]
  [0 0 4 1 3 5 4 3 5 5 4 5 1 5 3 2 0 5 0 2 2 1 2 1 0 0 3 5 0 5 2 1 0 2 2
   3 1 1 5 3 0 1 3 2 1 0 4 5 0 0 0 5 5 5 0 1 5 1 3 4 0 4 1 3 0 1 2 4 5 3
   2 3 0 2 1 1 2 1 0 3 0]
  [0 5 3 4 0 5 0 1 1 1 4 2 0 0 4 4 1 2 2 0 5 0 3 5 4 4 5 0 2 2 3 5 5 4 3
   4 4 5 0 3 4 0 0 3 2 4 1 0 4 1 5 0 0 5 4 3 4 2 1 2 1 3 2 5 3 5 2 1 2 4
   0 3 4 2 0 2 5 1 3 3 0]
  [0 3 0 5 5 3 0 2 3 1 2 2 3 3 4 1 1 5 1 5 2 5 3 0 2 3 4 2 2 2 5 4 3 5 4
   0 2 2 1 0 3 5 0 2 5 0 2 2 5 5 0 0 0 3 3 0 1 0 5 2 0 3 2 3 4 1 1 5 5 4
   4 1 4 0 3 4 0 1 3 0 0]
  [0 5 2 4 4 3 0 2 2 5 0 0 2 4 2 2 1 1 3 1 0 2 5 0 1 1 0 0 4 1 4 4 0 3 5
   1 3 4 1 2 2 5 5 0 4 5 1 0 3 1 0 3 1 5 5 1 0 3 1 0 1 5 3 3 4 5 4 3 1 5
   1 0 1 0 0 5 2 0 4 0 4]
  [0 3 0 5 3 1 3 0 0 0 2 4 0 1 3 2 3 2 0 5 1 5 2 1 2 5 0 5 1 0 4 4 4 4 4
   3 5 4 3 5 1 4 1 4 0 1 5 0 0 0 2 2 1 0 3 3 3 2 4 3 1 4 3 1 1 2 0 5 2 5
   3 3 1 5 2 0 4 3 1 2 2]
  [0 4 5 3 2 2 1 2 2 4 4 0 1 0 1 3 0 4 5 1 1 5 4 2 5 5 2 2 3 2 2 5 2 4 3
   3 2 0 5 1 0 0 3 5 5 0 4 4 5 0 5 0 1 4 5 3 1 5 2 2 0 4 2 0 2 1 4 2 3 5
   0 1 4 4 0 3 2 5 5 0 5]
  [0 4 3 0 0 4 2 2 2 0 5 1 4 3 0 2 3 3 0 1 2 5 1 3 0 0 2 4 2 3 4 4 2 2 2
   1 3 1 5 5 3 2 1 5 5 0 0 4 1 5 2 2 5 3 5 5 1 2 1 5 5 1 5 0 1 5 5 1 0 5
   2 4 5 2 2 0 0 4 5 3 5]
  [0 0 1 1 2 5 0 3 1 2 4 2 3 1 4 1 3 3 1 2 5 3 2 0 3 3 4 3 3 0 5 0 2 3 1
   0 2 5 5 2 2 3 1 0 0 2 5 0 1 1 4 5 5 2 2 5 2 0 2 0 0 0 5 1 5 0 3 4 3 2
   0 1 5 4 2 1 4 2 4 3 1]
  [0 5 4 4 0 5 2 0 3 0 4 2 0 4 0 3 3 2 3 2 4 5 5 0 1 2 1 4 2 4 1 0 0 4 5
   5 4 1 1 0 0 5 0 3 2 4 1 0 0 3 0 3 4 0 2 4 3 4 0 5 2 2 3 5 4 2 3 1 0 1
   4 0 5 0 5 2 0 3 5 3 0]
  [0 2 5 2 1 0 1 3 3 2 5 5 2 5 1 2 2 5 3 3 3 4 5 3 2 5 5 2 5 4 4 2 3 3 0
   3 0 2 3 5 4 2 5 1 5 1 2 4 3 0 0 5 3 0 4 1 4 3 2 1 5 2 5 4 3 4 2 4 4 1
   4 1 1 1 4 5 5 4 1 0 3]
  [0 1 3 1 4 2 0 0 0 3 5 1 2 3 5 2 3 3 2 4 3 0 5 1 5 0 1 5 0 3 2 5 1 5 2
   3 2 1 2 0 1 0 5 0 5 0 5 5 5 1 0 0 4 1 5 0 0 2 4 2 4 5 1 4 0 1 5 1 1 0
   1 4 0 1 2 1 4 1 3 3 1]
  [0 3 0 4 5 3 0 4 0 1 3 5 0 4 0 0 5 4 4 1 4 3 5 3 1 0 2 2 0 1 0 2 2 5 0
   3 3 4 3 0 5 2 0 0 3 5 3 2 0 3 0 0 2 0 5 1 0 3 4 2 2 5 0 2 4 4 1 3 5 2
   0 4 2 1 2 3 0 0 2 5 5]
  [0 2 4 2 5 3 0 2 1 3 3 3 0 0 4 4 5 5 3 3 0 1 4 4 2 1 1 0 2 4 5 0 1 0 1
   1 3 2 3 4 4 1 4 5 1 3 4 4 1 4 1 5 0 4 1 4 0 1 0 0 5 3 0 2 3 1 2 4 2 1
   2 5 1 5 3 4 0 2 0 1 0]
  [0 4 2 3 3 0 2 0 5 1 5 3 5 2 2 3 1 2 5 3 0 4 2 3 1 5 4 0 1 0 1 0 2 1 5
   4 1 1 1 3 3 1 4 2 5 1 1 1 5 5 4 2 1 0 4 5 0 5 4 1 2 0 0 4 5 0 3 0 2 5
   0 4 2 4 5 3 1 1 2 3 5]
  [0 5 0 4 3 5 5 3 1 3 2 5 2 3 5 3 5 5 3 1 0 4 3 3 2 3 3 1 4 0 0 0 3 1 0
   5 5 1 2 3 2 5 3 3 3 4 2 1 1 0 4 2 1 0 0 0 1 0 1 5 3 0 0 3 3 0 0 5 5 5
   1 1 3 2 5 2 5 5 5 1 5]
  [0 3 5 4 5 1 2 2 0 5 4 1 0 3 1 2 4 0 0 4 2 1 1 0 2 3 2 0 4 3 5 5 0 1 0
   1 1 3 2 4 5 4 5 2 2 4 2 1 3 4 4 4 1 0 1 0 2 1 2 3 0 1 2 4 2 3 3 3 4 1
   0 4 5 2 4 5 0 4 5 2 2]
  [0 3 2 4 3 0 4 1 4 3 5 2 1 4 5 0 1 3 4 4 3 5 1 0 5 4 0 0 1 0 0 4 3 5 4
   3 1 0 3 4 2 1 3 4 1 4 5 2 1 2 3 2 2 5 0 5 0 2 3 0 5 4 3 5 1 4 3 5 2 5
   1 2 1 4 3 1 2 4 3 4 4]
  [0 2 1 1 2 2 3 4 2 4 0 0 3 4 4 2 4 0 0 1 4 5 1 2 0 3 1 3 0 3 4 4 5 1 2
   1 0 0 3 2 1 5 5 0 5 4 1 5 3 4 2 2 2 3 1 3 0 0 2 0 1 5 2 1 0 0 3 2 5 3
   4 5 2 5 2 5 1 5 0 3 2]
  [0 1 5 0 1 4 5 2 5 5 3 5 5 1 2 3 4 3 0 4 2 4 0 3 2 4 0 5 1 4 3 5 1 3 1
   2 4 3 5 3 0 1 3 0 5 0 0 2 2 2 5 2 3 2 1 2 3 2 0 4 1 1 5 0 2 1 3 0 5 3
   1 4 0 3 5 4 2 2 1 3 2]
  [0 3 4 4 2 1 1 0 0 2 0 2 2 1 0 4 0 3 5 5 3 3 2 0 1 3 2 1 1 2 5 3 1 5 0
   3 3 4 1 4 0 1 0 5 2 2 2 2 5 5 3 1 4 0 3 5 5 0 1 0 3 3 2 4 4 1 1 5 0 2
   0 2 3 1 3 3 4 1 1 4 3]
  [0 0 3 0 4 3 1 0 5 2 2 5 4 5 2 5 4 1 4 5 2 1 4 5 2 0 3 0 1 0 2 2 5 0 0
   0 4 3 4 5 2 2 2 5 1 3 3 1 4 1 3 4 0 4 1 0 5 5 4 4 0 4 4 4 2 5 1 2 1 4
   3 1 4 5 3 0 3 2 1 1 1]
  [0 2 4 5 0 0 3 3 1 1 2 1 3 1 4 0 5 5 2 0 1 0 5 5 5 3 5 3 5 3 4 2 2 2 0
   5 3 2 5 5 5 5 3 0 3 3 2 4 1 1 4 3 0 0 0 2 5 3 2 0 5 0 0 5 5 3 5 3 5 4
   1 0 1 5 0 1 4 4 4 1 4]
  [0 5 4 5 2 4 1 2 4 1 3 0 2 5 3 1 1 1 4 3 5 2 3 0 2 2 4 5 4 3 5 2 2 4 0
   0 1 0 5 0 0 1 4 0 0 0 3 0 0 1 1 4 5 3 0 1 5 2 4 0 1 5 0 5 4 1 5 5 2 5
   3 3 3 4 2 3 1 1 2 4 0]
  [0 0 2 2 2 0 1 0 1 3 1 2 5 5 4 5 2 0 5 1 1 1 2 2 4 3 4 0 5 0 3 0 5 0 5
   2 5 0 1 2 4 4 0 0 1 2 5 2 0 0 5 5 4 3 4 0 2 0 4 5 4 2 0 0 4 0 5 1 2 1
   5 5 2 3 2 5 2 5 3 5 4]
  [0 2 3 0 2 0 2 3 3 0 0 1 0 0 3 3 2 1 3 2 3 0 3 1 4 0 2 0 0 1 0 5 3 3 2
   3 2 4 2 4 1 3 5 3 0 0 3 3 4 2 0 1 2 5 1 5 5 4 0 5 4 5 1 4 0 1 2 5 1 5
   0 1 1 4 5 5 5 3 3 4 4]
  [0 4 4 0 5 1 4 2 2 1 2 3 3 0 5 3 1 0 3 1 3 2 3 3 1 1 2 0 4 1 2 5 4 4 5
   1 5 1 5 3 3 4 5 3 3 3 3 0 1 0 3 1 2 0 0 5 4 5 5 5 3 1 5 4 4 0 4 3 4 2
   2 4 3 5 5 5 4 2 4 2 3]
  [0 2 5 1 2 0 5 0 2 5 4 0 5 2 3 1 2 1 0 1 3 0 4 2 3 2 0 3 0 0 0 0 4 1 0
   1 1 2 5 5 0 1 2 0 5 5 2 5 0 5 2 3 1 0 1 4 0 5 4 0 1 0 0 1 0 2 0 0 0 2
   2 4 2 3 2 4 0 0 0 3 5]
  [0 1 0 1 5 0 4 2 0 3 4 2 5 3 5 4 0 1 1 2 1 3 0 3 2 3 1 1 4 2 0 5 5 3 2
   3 5 0 5 1 5 1 5 1 2 2 3 3 3 3 2 2 0 1 2 2 0 5 0 3 0 0 2 3 5 4 1 0 1 5
   0 5 0 2 0 4 5 4 2 4 3]
  [0 0 0 4 4 3 4 4 5 4 1 3 3 2 0 0 4 4 0 3 3 5 4 0 0 5 0 3 4 2 4 2 3 0 4
   0 2 4 2 3 4 1 2 3 5 1 0 0 2 2 3 2 2 1 4 1 2 3 5 5 4 0 2 0 4 5 3 2 0 4
   0 0 1 1 3 0 2 2 0 5 4]
  [0 5 2 0 1 1 5 2 4 3 2 4 3 4 1 4 2 0 4 1 4 5 3 5 5 5 4 4 2 1 4 4 3 1 2
   0 3 0 2 4 4 4 4 3 3 4 3 5 2 3 0 4 2 5 5 2 0 4 1 1 1 4 5 0 3 0 2 1 5 0
   1 1 2 3 2 1 1 5 2 0 1]
  [0 0 3 1 4 2 0 5 5 2 1 1 3 2 4 4 4 3 3 4 5 3 1 5 1 1 1 1 1 0 1 0 4 4 3
   3 2 1 4 4 2 0 3 0 4 4 0 5 2 5 2 5 1 0 1 5 5 4 2 0 4 2 3 0 2 0 5 5 5 4
   0 5 1 3 1 0 5 3 1 1 4]
  [0 2 3 3 4 4 5 3 2 4 5 5 0 1 0 5 2 2 3 2 1 2 4 0 3 3 0 5 2 0 5 5 4 4 5
   0 3 3 5 5 5 0 2 0 0 1 2 5 3 5 1 0 3 0 1 2 3 0 2 5 4 0 3 2 1 0 1 2 5 2
   2 0 2 4 5 2 4 3 1 3 1]
  [0 1 3 5 2 4 5 5 2 5 4 5 4 3 5 1 3 4 0 1 5 4 0 2 0 0 5 3 3 2 5 3 4 3 3
   2 5 0 5 2 4 2 2 4 0 0 2 4 3 5 2 1 5 5 0 3 3 3 5 3 0 5 4 2 0 1 2 2 2 2
   0 2 0 5 0 1 0 4 4 4 5]
  [0 1 4 3 5 5 5 5 3 4 5 3 1 0 0 5 3 1 0 2 5 0 5 2 2 5 5 1 3 1 1 1 0 4 0
   1 4 4 3 2 0 4 3 1 1 0 2 4 5 1 3 3 4 2 4 3 4 4 1 3 0 2 2 3 2 0 0 4 2 1
   1 0 1 0 0 2 0 0 3 5 4]
  [0 3 5 0 5 5 5 3 3 2 2 3 1 4 4 0 4 4 1 2 1 5 4 1 3 5 1 4 0 0 2 3 1 5 4
   1 1 4 1 0 4 5 3 2 4 2 2 2 3 2 2 0 4 0 3 1 0 3 3 5 4 5 5 5 1 1 4 4 4 2
   4 5 0 2 0 3 1 5 4 5 2]
  [0 0 3 5 3 1 5 5 1 3 0 4 0 1 4 2 1 5 0 1 3 4 2 3 1 4 3 1 3 1 4 4 2 1 3
   2 4 5 0 0 0 2 5 3 3 3 5 5 2 3 5 0 5 1 1 2 0 0 2 5 1 5 5 4 2 5 1 0 3 2
   2 4 1 4 1 0 4 4 4 4 0]
  [0 5 5 1 3 5 2 2 0 4 5 2 5 1 0 3 5 3 5 3 2 4 0 4 5 0 3 2 3 2 1 3 2 3 3
   4 3 4 1 4 0 0 1 1 5 5 0 3 0 4 4 0 3 3 3 1 1 1 3 1 4 3 0 1 3 2 0 4 2 1
   2 5 2 5 0 3 0 0 1 5 1]
  [0 2 1 1 2 0 4 3 5 4 0 5 3 3 2 4 3 1 0 1 2 0 2 0 0 0 0 2 2 5 3 1 0 0 4
   0 5 4 1 5 5 5 4 5 4 1 4 4 1 0 2 3 4 5 1 5 3 1 4 2 5 1 4 2 5 2 2 1 2 2
   4 3 5 5 2 1 2 0 5 0 2]
  [0 4 1 1 0 1 0 5 4 5 1 2 5 0 2 1 3 3 1 0 2 1 5 4 0 1 4 4 5 1 2 1 3 3 2
   3 4 2 1 3 0 1 4 3 0 5 5 3 4 2 4 3 5 5 4 3 3 0 4 2 1 4 3 3 4 2 4 1 2 1
   1 1 1 4 1 2 3 2 0 0 2]
  [0 4 2 0 3 3 1 3 2 2 4 3 3 4 5 2 0 1 0 1 3 3 2 4 2 3 4 0 5 0 1 4 4 2 3
   5 0 1 2 3 1 5 2 4 1 0 3 0 0 3 3 4 1 1 4 2 3 5 3 5 1 1 2 3 1 2 4 3 3 5
   1 0 2 2 0 3 0 5 4 0 5]
  [0 4 1 3 0 4 1 3 1 2 1 5 0 1 4 0 3 0 1 2 4 1 3 1 1 0 5 3 4 4 4 2 0 2 2
   3 3 2 4 5 3 4 1 1 5 1 3 5 1 3 0 4 1 3 0 2 5 3 4 0 5 4 3 2 1 2 1 2 5 4
   3 4 5 4 3 5 1 5 0 1 0]]

 [[0 4 4 3 3 3 4 5 5 2 0 5 2 2 0 0 2 4 1 1 2 2 0 1 0 5 3 3 2 1 3 5 3 2 2
   1 1 1 3 4 5 2 4 3 4 4 2 0 4 5 0 2 4 2 0 2 1 5 5 5 4 0 0 3 3 4 0 4 2 1
   4 1 2 5 0 3 1 1 3 5 1]
  [0 0 4 4 3 2 4 0 2 4 1 0 4 4 2 4 2 2 1 1 0 2 2 2 2 1 0 3 1 3 3 4 0 3 3
   1 3 1 2 2 0 0 2 0 1 2 1 5 4 5 3 3 5 3 1 1 1 5 4 0 5 0 1 5 0 5 5 2 5 0
   4 1 3 3 0 3 1 2 0 1 5]
  [0 3 0 3 0 5 4 0 2 0 5 0 3 1 3 3 3 5 0 1 1 3 1 2 1 2 0 2 0 3 3 0 5 3 0
   5 0 2 1 0 1 0 0 5 3 0 1 4 3 1 4 4 4 0 3 3 0 4 2 1 5 4 5 5 0 3 2 0 1 3
   4 5 2 5 4 2 0 3 3 4 4]
  [0 0 3 0 4 1 0 5 0 2 0 1 4 0 0 5 2 2 0 3 4 3 4 2 1 5 1 1 0 3 0 0 1 1 3
   0 3 4 4 2 0 3 2 1 4 3 4 5 4 3 0 0 5 2 0 1 4 1 4 1 1 0 2 3 1 1 2 2 3 4
   5 3 4 1 4 1 1 1 3 2 3]
  [0 4 2 4 0 1 4 5 3 2 1 3 2 2 3 2 4 1 0 1 0 2 5 5 0 4 2 2 4 1 1 4 4 5 3
   2 5 3 2 0 3 0 1 1 3 3 0 2 1 2 4 0 2 4 4 3 1 4 0 1 2 3 2 2 2 0 0 0 3 0
   0 4 5 5 4 3 3 5 3 5 5]
  [0 0 1 3 4 0 0 3 0 4 2 5 0 0 5 4 1 2 4 5 3 3 5 4 2 4 1 4 3 2 2 0 5 0 2
   4 1 0 4 3 5 1 2 0 5 5 4 4 0 2 1 3 3 2 3 5 0 2 3 2 4 2 2 0 3 0 3 2 2 3
   0 0 1 4 0 1 4 4 3 3 0]
  [0 1 1 4 1 4 0 0 0 3 2 5 0 2 5 1 4 4 2 2 2 4 0 2 1 4 3 3 4 1 2 1 0 3 0
   5 2 3 5 5 1 2 1 5 0 1 1 4 2 4 2 5 3 4 2 1 4 5 5 5 1 3 2 4 5 4 0 2 4 2
   0 0 2 1 4 1 4 5 1 0 4]
  [0 4 3 3 2 0 1 0 5 4 2 5 3 4 1 3 2 2 1 4 1 2 3 4 1 1 0 1 3 0 1 4 5 4 5
   5 4 4 4 3 4 1 2 1 2 2 3 2 3 2 4 5 2 3 1 1 0 5 1 1 1 2 0 3 5 3 5 4 1 1
   2 4 4 0 3 2 3 1 1 3 5]
  [0 1 5 5 0 5 5 3 0 5 1 1 5 3 2 1 0 2 1 3 4 2 4 2 3 2 3 1 4 1 5 3 0 3 4
   2 1 3 5 5 0 5 2 4 4 5 4 5 5 5 3 3 3 3 1 2 1 5 2 1 1 1 4 1 2 2 0 3 4 0
   0 1 0 2 2 0 4 3 3 2 0]
  [0 2 0 2 2 2 5 5 4 0 1 1 1 1 3 2 4 4 2 3 2 1 2 2 3 0 3 2 5 3 4 0 3 4 1
   1 5 5 3 4 4 5 4 3 2 2 4 4 5 3 2 2 5 2 3 5 0 1 3 3 3 1 1 1 1 3 2 0 3 1
   5 4 2 5 4 1 2 2 3 1 3]
  [0 2 1 3 0 4 0 2 4 2 0 1 5 0 2 5 0 5 2 0 3 3 3 1 2 2 2 2 4 2 4 2 4 3 1
   3 2 2 4 3 1 4 0 0 5 4 3 3 0 5 0 3 2 0 1 5 4 3 2 3 1 0 3 5 1 0 3 3 1 2
   3 1 1 2 4 1 4 0 5 5 2]
  [0 0 4 4 1 5 2 1 1 0 0 0 4 0 0 4 3 1 3 1 4 5 5 4 3 3 4 1 4 1 2 4 3 2 0
   0 4 1 1 2 0 4 3 3 3 0 1 4 4 2 1 1 1 0 0 5 1 1 5 4 1 3 1 3 5 5 1 2 5 5
   1 1 1 3 5 1 5 4 1 1 5]
  [0 0 0 1 0 5 2 0 4 5 3 3 0 3 0 0 2 3 3 4 1 2 3 4 1 3 0 1 4 1 0 2 5 1 1
   5 3 1 5 1 1 0 1 5 1 0 4 0 2 2 5 1 4 3 1 4 2 4 1 5 0 5 5 1 5 5 0 0 4 1
   3 3 0 2 3 5 1 2 4 1 2]
  [0 0 1 3 2 2 3 1 1 1 3 4 3 0 3 5 5 1 0 4 4 5 4 4 3 5 3 4 1 3 2 0 0 4 5
   1 4 3 5 0 5 1 4 5 5 0 2 1 2 3 0 3 3 1 0 5 2 5 2 0 2 1 2 0 5 3 4 1 2 1
   4 5 4 2 3 2 3 3 0 5 2]
  [0 4 4 5 1 2 0 3 2 5 4 2 0 3 0 0 4 0 0 5 3 2 4 0 2 0 4 5 0 2 0 4 0 5 1
   0 3 2 0 3 1 0 5 1 4 2 1 0 3 1 5 0 5 2 2 4 5 4 5 3 3 2 0 3 5 1 2 2 4 3
   4 2 5 1 4 5 5 2 3 4 2]
  [0 3 0 1 3 1 4 2 1 2 4 0 5 5 5 0 0 5 2 1 2 0 0 4 3 0 2 5 1 2 5 2 2 4 4
   1 1 4 3 5 1 1 5 0 0 2 4 4 1 0 5 3 0 0 0 5 0 5 0 1 3 4 5 2 1 1 0 4 3 0
   3 4 4 3 5 0 1 0 4 4 0]
  [0 5 3 3 5 5 5 1 0 4 3 1 2 3 5 2 0 5 1 4 1 3 2 0 2 4 1 4 2 3 2 5 0 3 5
   1 2 4 3 1 5 3 2 0 4 1 4 2 2 5 2 5 0 4 4 4 0 5 2 2 0 0 1 1 2 1 2 1 0 5
   5 2 0 0 4 1 0 5 5 4 0]
  [0 5 0 4 3 4 4 1 2 2 4 1 5 3 0 4 4 0 3 1 1 1 3 1 3 0 5 5 2 3 4 2 4 0 0
   1 0 5 0 2 1 3 1 5 1 0 3 1 2 3 3 2 0 3 5 3 4 2 5 1 1 3 4 2 3 0 0 0 4 2
   1 5 5 3 3 0 5 1 4 4 0]
  [0 2 3 1 1 2 3 4 5 5 4 4 1 4 2 4 4 1 0 4 1 4 5 5 4 3 3 5 0 1 0 3 4 4 4
   0 4 3 2 1 2 4 4 5 5 2 3 4 0 5 0 0 5 2 5 5 2 2 3 0 5 3 0 3 4 5 0 0 2 0
   4 5 2 3 0 2 2 1 5 4 1]
  [0 2 2 3 4 5 2 1 1 5 3 2 5 4 5 5 5 1 1 0 1 0 1 5 2 0 2 0 5 5 0 5 3 3 5
   2 1 0 0 4 4 0 5 2 2 3 2 2 5 3 1 1 1 4 2 5 3 5 5 1 5 5 5 0 0 4 0 4 0 3
   4 1 2 4 1 3 0 1 4 1 0]
  [0 5 4 1 1 3 4 1 2 2 5 2 3 0 0 0 3 2 0 3 0 2 2 5 1 5 1 2 2 0 1 5 0 1 5
   4 2 4 2 1 2 0 5 3 1 2 1 2 1 3 4 0 2 4 0 5 1 2 1 4 2 1 1 2 3 4 5 1 0 1
   2 0 5 5 2 4 2 3 3 4 0]
  [0 4 4 2 5 4 2 1 1 4 4 4 0 1 4 1 1 4 3 2 4 0 2 5 1 0 0 4 0 2 4 3 4 3 0
   1 1 1 0 3 3 3 2 4 1 2 0 5 2 2 2 3 1 4 0 2 3 4 1 0 2 2 3 0 0 3 4 5 3 5
   3 4 3 3 3 2 2 0 2 1 0]
  [0 5 4 3 2 2 5 2 0 5 1 0 2 0 1 2 4 4 2 1 1 2 0 5 1 3 2 2 5 0 3 0 2 1 3
   5 2 2 2 4 0 1 4 4 0 4 2 1 0 1 1 5 5 0 0 3 3 5 1 3 2 3 0 2 1 2 5 0 1 0
   0 5 3 3 2 0 4 2 0 5 5]
  [0 2 5 5 4 3 5 1 4 1 3 4 0 1 0 5 2 4 4 0 3 1 0 0 1 0 5 3 4 2 0 1 5 0 1
   1 0 1 2 3 5 3 5 1 5 1 0 1 3 0 0 5 4 0 4 5 3 5 4 1 4 5 2 0 2 2 1 2 5 2
   5 3 0 3 5 3 0 2 4 1 1]
  [0 3 0 0 5 0 3 0 2 2 0 1 4 2 4 3 3 1 2 3 5 5 5 0 0 5 1 1 4 0 2 5 5 4 4
   4 1 0 5 1 0 4 1 0 0 1 3 2 5 0 3 4 3 1 5 3 0 1 2 3 4 4 1 2 3 0 2 3 4 1
   2 1 3 5 5 3 3 5 3 2 2]
  [0 0 4 2 0 3 3 3 4 1 3 0 1 4 3 3 3 1 2 5 3 5 0 2 1 0 4 2 4 1 2 2 3 4 2
   3 4 4 2 0 5 5 3 5 0 3 0 1 2 0 3 4 2 5 4 3 4 1 0 1 5 4 1 0 3 4 3 2 3 2
   3 4 0 2 2 4 3 0 2 2 5]
  [0 4 0 1 4 5 1 5 4 0 2 5 1 2 1 1 3 1 2 1 2 5 5 0 1 5 0 5 4 5 3 1 0 5 0
   1 1 2 1 1 5 4 1 4 3 2 1 4 4 3 0 0 1 5 3 0 5 3 3 5 0 0 0 4 2 1 2 5 2 0
   2 5 0 3 5 2 3 4 4 1 4]
  [0 0 5 4 3 4 3 3 1 2 2 4 0 5 4 0 1 2 5 2 5 5 3 2 1 3 3 0 5 2 4 5 1 0 3
   5 1 5 0 5 0 0 0 5 3 3 5 4 1 0 5 1 4 0 5 0 0 4 4 2 4 3 5 1 2 4 3 4 0 3
   0 1 3 2 2 4 2 3 1 4 0]
  [0 2 5 1 0 0 4 0 1 3 2 2 3 0 4 0 5 0 1 3 3 4 0 1 5 5 4 0 0 4 1 5 0 3 3
   0 3 1 5 1 3 4 5 3 1 0 0 3 5 5 3 0 2 2 5 5 5 0 3 3 4 2 5 1 1 3 4 0 4 3
   1 1 1 0 2 4 2 1 4 4 5]
  [0 5 4 4 4 4 4 0 4 1 5 2 5 5 4 0 2 5 5 1 1 2 5 2 2 0 3 5 5 0 1 2 5 1 5
   2 5 0 1 4 3 0 4 5 1 4 3 4 5 1 0 5 5 4 3 4 2 1 2 3 2 5 5 4 1 0 1 0 3 4
   3 2 5 3 5 4 0 3 2 3 4]
  [0 0 5 5 2 1 3 2 4 4 5 1 3 5 0 5 1 5 0 0 3 1 5 0 3 2 5 0 1 2 0 4 0 4 2
   5 0 2 1 1 4 0 1 5 5 3 3 3 3 0 5 2 4 3 5 0 3 4 4 3 3 1 1 3 5 0 2 1 5 2
   5 4 5 5 0 0 4 4 4 4 0]
  [0 1 5 1 1 1 1 5 5 1 0 2 4 0 1 3 3 4 5 2 5 2 0 5 3 1 4 1 4 5 5 0 1 3 2
   3 2 3 5 0 2 2 1 0 1 3 0 4 3 3 0 4 2 2 2 1 5 2 1 0 0 5 3 2 4 0 5 3 4 2
   0 3 1 4 5 5 4 4 5 5 2]
  [0 4 2 1 2 5 4 2 4 5 0 2 0 1 1 0 2 3 4 0 3 2 1 3 1 2 4 4 1 5 3 2 0 3 1
   2 3 3 2 2 3 1 0 5 5 2 5 2 1 3 5 2 1 5 0 4 3 3 5 5 1 1 4 0 5 5 4 3 5 5
   5 4 5 5 5 5 5 0 2 1 5]
  [0 3 5 2 0 4 5 0 1 3 5 1 0 2 4 4 4 3 0 5 0 0 5 0 2 2 0 4 3 2 4 2 1 0 1
   5 3 0 3 3 1 0 3 5 1 5 2 1 2 3 1 3 3 5 0 2 2 2 5 1 2 4 5 4 2 2 5 1 4 5
   2 5 1 4 0 4 1 4 2 0 3]
  [0 4 0 3 4 1 1 4 1 5 5 4 5 1 2 0 2 2 5 4 5 0 5 4 3 4 0 5 2 1 3 3 1 1 0
   2 1 1 0 2 3 4 4 1 1 5 1 2 2 1 3 1 5 3 3 4 1 1 2 3 0 4 4 4 1 1 1 2 3 0
   1 0 4 5 5 4 4 1 2 0 2]
  [0 4 1 2 4 2 5 5 5 3 5 0 0 0 5 2 0 1 4 2 3 4 4 5 5 5 5 0 1 1 2 4 3 4 1
   0 5 0 1 4 1 4 2 1 3 3 0 0 5 5 0 3 0 2 0 2 1 2 3 5 3 2 2 2 5 5 4 0 3 5
   4 4 1 4 5 3 3 1 1 5 0]
  [0 3 4 5 1 5 5 4 0 2 5 1 5 3 0 1 3 5 4 0 4 5 4 4 5 5 1 0 5 3 4 5 0 0 4
   1 0 5 3 0 1 1 0 0 5 5 1 3 0 1 1 1 5 2 3 5 3 2 1 2 4 1 3 5 0 0 2 1 3 4
   4 4 3 1 3 3 2 4 1 4 3]
  [0 0 3 5 4 3 4 0 0 2 4 1 4 5 0 2 0 2 3 2 4 4 1 5 3 0 2 4 3 2 5 0 2 5 5
   5 5 0 5 4 5 4 2 2 1 3 3 3 1 5 4 4 5 2 3 0 1 5 2 0 3 0 3 5 2 1 3 1 5 5
   1 2 3 5 4 2 1 5 4 0 1]
  [0 2 1 5 5 3 5 4 3 5 4 0 5 1 0 3 5 5 4 3 3 2 4 1 3 5 1 3 4 3 3 4 5 2 4
   1 0 4 0 0 2 1 2 2 3 4 2 0 1 2 5 5 5 1 5 2 2 3 1 1 4 1 0 3 5 2 5 0 3 3
   3 4 2 4 1 5 2 3 4 3 5]
  [0 5 2 4 1 1 4 2 1 0 1 5 3 0 0 2 3 3 5 5 2 1 3 5 0 3 2 2 1 0 4 5 1 3 3
   3 0 1 4 0 0 5 1 1 3 5 3 3 2 2 5 3 3 2 4 2 1 3 3 4 1 4 4 3 2 2 1 0 5 1
   4 0 3 0 3 3 5 5 4 4 4]
  [0 4 4 4 1 3 2 1 1 0 1 4 5 5 3 4 3 2 4 4 3 0 3 3 0 3 3 0 5 3 0 1 5 4 5
   3 0 4 2 1 0 4 4 5 2 5 3 2 0 1 0 1 1 4 3 5 4 5 0 0 0 5 3 1 4 0 1 1 1 2
   0 4 5 3 3 2 3 4 4 2 4]
  [0 1 3 0 0 3 1 3 0 0 1 0 4 1 4 3 2 0 2 3 3 3 5 2 0 0 0 1 0 0 3 2 0 5 5
   3 5 4 4 0 5 0 2 4 0 1 2 2 2 2 4 1 2 0 4 3 5 5 4 2 3 1 4 1 2 4 0 1 0 0
   3 2 5 0 2 4 3 4 3 5 1]
  [0 3 0 2 0 3 0 0 0 2 3 2 2 1 5 2 0 0 3 0 4 0 5 4 1 3 4 0 3 4 2 1 4 4 0
   0 0 3 2 3 0 5 0 4 4 1 3 0 0 0 2 5 2 0 4 4 1 0 3 4 1 2 3 1 0 2 2 0 3 3
   0 3 2 0 1 4 5 4 4 0 5]
  [0 0 1 5 2 1 1 4 0 1 3 3 5 3 3 2 1 5 4 2 4 3 4 0 4 5 3 4 0 3 3 2 2 2 2
   2 3 4 4 1 1 5 2 0 1 0 0 1 5 3 3 0 0 2 1 0 3 1 3 3 4 0 2 5 0 2 1 2 4 1
   5 5 0 5 0 1 1 2 1 1 5]
  [0 0 0 1 2 2 5 0 2 2 4 5 3 2 2 1 1 2 2 4 0 4 2 5 0 0 4 0 1 4 5 4 0 1 0
   4 0 5 0 0 5 1 3 0 0 0 0 0 3 0 5 4 4 5 1 2 4 4 4 3 3 0 2 3 4 4 5 5 1 5
   2 1 4 5 3 5 3 4 3 0 5]
  [0 2 1 1 2 5 0 0 5 4 1 5 4 2 5 0 1 3 4 2 5 5 3 5 4 0 0 4 5 1 4 5 3 3 1
   2 0 3 0 2 4 4 3 3 1 0 1 4 0 1 2 5 2 0 3 4 1 4 5 2 2 1 5 2 4 5 2 2 1 3
   1 1 3 2 4 5 1 2 1 5 5]
  [0 4 4 0 2 0 2 3 1 5 0 5 0 1 0 3 2 5 2 4 4 0 1 3 2 0 3 5 2 2 0 2 5 4 2
   3 1 0 5 1 1 0 4 1 5 1 0 0 2 4 0 5 1 0 4 3 2 5 5 5 1 5 1 4 2 1 4 2 5 1
   4 0 2 5 5 3 2 0 4 1 2]
  [0 3 0 0 5 3 4 4 1 5 2 3 0 4 3 1 3 1 1 0 5 1 3 1 1 1 5 4 4 2 0 1 1 1 4
   2 5 1 3 5 0 3 4 2 0 2 4 0 1 2 1 3 5 4 1 2 0 5 0 0 5 0 2 2 0 1 5 5 3 0
   0 4 3 2 1 1 0 4 1 0 3]
  [0 1 2 5 0 4 3 0 4 3 4 4 0 0 1 0 5 0 4 2 3 0 2 4 0 1 2 4 1 1 1 3 5 1 3
   4 5 1 5 5 3 4 3 3 2 2 0 2 0 5 3 4 0 3 1 0 3 0 4 2 2 3 4 0 4 0 5 1 5 1
   3 5 0 5 5 0 0 5 2 0 3]
  [0 3 4 5 5 4 4 1 3 3 2 0 3 1 1 0 4 3 5 4 5 5 3 4 1 4 3 1 3 1 0 4 0 1 0
   1 5 1 3 4 1 2 4 5 0 5 5 4 2 0 0 2 2 2 3 2 2 3 5 1 0 5 1 5 4 4 0 4 0 0
   1 2 2 1 5 3 4 1 2 1 3]
  [0 0 4 5 0 5 2 2 4 2 2 0 1 5 4 0 5 2 3 2 2 3 2 2 1 5 4 4 3 1 0 3 1 3 2
   5 4 5 5 1 0 2 3 4 3 3 3 2 0 4 0 2 1 3 1 3 5 0 5 0 5 4 0 0 4 3 2 2 3 2
   4 4 0 0 5 0 5 2 4 1 0]
  [0 2 5 4 0 1 2 5 2 2 4 4 3 3 3 2 5 0 5 5 4 1 2 3 0 4 0 3 5 4 3 4 3 1 2
   4 4 5 1 1 1 5 1 4 0 5 0 1 1 1 4 0 1 3 5 2 5 4 1 0 4 1 3 2 0 4 0 1 2 3
   0 4 5 4 1 4 3 3 3 5 3]
  [0 3 5 3 4 4 0 3 5 5 1 3 2 4 4 2 5 5 3 3 2 1 5 1 2 5 4 0 3 0 1 1 5 4 5
   3 1 4 5 1 4 5 5 2 0 0 2 5 5 2 2 1 0 3 4 1 4 4 0 3 2 1 1 3 5 4 4 4 5 4
   2 5 3 1 1 4 2 2 1 0 5]
  [0 0 5 1 2 0 2 4 0 3 2 3 0 3 1 2 5 1 0 3 2 0 1 0 5 4 1 5 1 1 1 4 3 2 2
   0 5 3 1 5 3 0 2 0 3 3 3 3 1 1 0 0 1 0 0 5 0 3 4 3 2 5 0 4 0 2 0 3 1 1
   0 2 1 1 3 4 2 5 3 3 2]
  [0 4 0 2 1 1 0 3 3 0 2 3 5 0 2 0 4 5 2 2 4 0 5 2 1 0 5 0 1 3 5 1 4 2 0
   0 3 3 0 0 3 2 4 4 4 3 1 3 1 1 0 1 3 5 0 2 0 0 3 2 1 3 2 3 2 2 2 2 3 1
   3 3 0 4 3 1 3 4 0 4 5]
  [0 0 3 1 5 2 1 1 1 5 1 1 2 1 0 0 5 3 1 4 5 3 0 1 4 1 3 5 5 0 2 0 0 4 5
   1 2 3 2 5 5 1 2 4 5 1 2 4 1 4 2 0 2 5 1 0 3 2 3 2 4 0 5 4 4 0 4 2 2 3
   4 3 5 1 1 3 1 1 3 0 2]
  [0 0 2 2 5 4 2 3 5 1 3 1 5 1 2 5 0 4 3 4 5 0 3 2 5 3 1 4 3 2 5 4 5 0 0
   1 1 0 0 4 5 5 0 4 2 0 0 0 4 2 0 2 4 1 5 4 0 2 0 3 5 3 1 1 2 5 3 0 1 0
   2 3 5 5 4 5 2 5 5 3 1]
  [0 3 3 5 1 5 1 2 5 0 2 0 3 4 4 1 4 3 2 2 5 1 0 5 2 0 2 4 1 0 2 0 5 3 4
   4 2 4 4 5 1 0 4 4 3 4 0 1 5 3 3 3 1 3 3 3 0 0 3 2 2 4 2 0 3 0 1 2 1 1
   3 0 1 1 2 5 1 1 2 5 3]
  [0 3 1 3 2 4 4 2 0 5 5 3 1 5 2 5 4 4 4 4 4 3 5 0 2 0 0 4 4 0 1 0 3 2 2
   2 2 1 5 1 3 1 4 1 5 1 1 3 1 3 3 2 3 5 0 4 0 0 0 2 0 2 4 1 4 5 2 3 2 1
   4 2 3 4 3 4 4 5 0 0 0]
  [0 5 5 0 0 1 0 5 4 4 2 0 0 3 0 0 0 5 2 3 2 3 4 4 4 3 3 0 1 3 4 4 0 5 4
   1 5 5 0 2 3 0 4 2 0 4 4 4 1 4 3 1 0 1 0 1 0 4 1 0 3 3 1 0 4 3 1 1 3 0
   2 3 2 5 0 3 0 2 1 0 0]
  [0 2 1 0 0 3 4 3 4 1 4 2 2 4 2 2 3 0 4 2 3 5 1 1 0 3 1 2 4 0 4 5 1 1 1
   0 3 1 4 2 1 0 2 1 3 5 3 0 0 4 1 4 4 2 2 2 5 1 2 4 0 5 4 2 0 2 4 4 3 2
   3 5 0 1 2 2 5 5 3 4 1]
  [0 5 0 4 3 1 2 0 2 3 2 3 5 3 3 5 3 3 5 0 4 3 4 3 0 2 1 5 3 0 3 3 0 2 4
   3 3 3 5 4 0 3 3 1 0 2 3 1 4 5 4 1 0 5 3 2 2 2 1 1 0 0 0 1 0 3 5 5 5 1
   4 5 1 4 3 3 2 4 5 2 3]
  [0 1 0 3 4 2 5 3 0 2 0 4 3 5 1 0 4 5 5 2 2 0 4 5 0 3 4 5 1 2 5 5 0 1 2
   1 4 0 2 1 0 2 1 2 2 3 2 4 5 5 0 4 4 4 0 2 0 0 0 2 2 0 0 1 3 2 1 5 5 2
   1 0 5 4 5 1 4 1 2 0 4]
  [0 3 5 1 3 5 5 0 0 1 0 5 4 0 2 5 5 3 0 1 2 0 1 3 5 0 1 2 3 2 3 3 1 3 0
   1 5 3 4 5 4 4 4 2 0 3 0 0 4 1 5 0 4 3 4 1 1 4 4 5 3 4 2 0 2 0 4 4 4 4
   1 2 2 3 5 4 0 4 5 4 0]
  [0 0 4 0 4 5 0 2 0 2 0 0 0 1 0 0 0 0 2 2 4 4 3 5 4 5 2 4 2 2 1 4 1 1 5
   4 4 0 4 4 1 0 2 2 3 3 4 3 2 5 4 0 3 5 3 1 3 1 0 0 2 2 1 5 0 5 4 0 1 3
   2 5 0 0 0 3 2 5 2 5 3]
  [0 4 5 5 2 2 1 5 0 4 0 2 3 5 5 4 5 2 1 1 2 1 1 5 2 3 5 3 4 0 5 3 4 2 4
   5 2 4 3 0 4 4 2 4 4 3 1 5 2 1 0 1 4 1 5 5 0 3 3 3 0 2 3 5 0 0 5 5 4 1
   1 4 2 4 0 1 5 0 4 4 2]
  [0 4 4 1 1 0 0 0 0 2 4 3 0 5 5 4 5 5 2 2 3 3 2 3 2 5 0 3 0 0 0 1 4 1 2
   0 1 1 5 4 3 0 4 2 0 0 0 2 5 1 4 2 0 2 3 4 0 5 2 3 3 0 4 2 3 0 0 0 0 4
   0 3 1 3 4 3 5 2 0 0 0]
  [0 0 1 1 0 3 3 1 4 5 4 0 0 1 3 1 0 4 1 2 4 4 3 4 4 4 2 4 5 5 0 5 1 4 5
   4 3 1 2 1 1 1 4 1 0 4 3 0 3 1 2 0 5 5 0 3 4 2 4 4 4 3 3 3 1 1 4 0 2 3
   5 1 1 2 2 2 2 4 1 5 0]
  [0 2 3 1 0 5 1 1 2 3 5 0 0 0 1 3 3 1 0 0 2 1 0 2 1 0 3 2 4 5 2 4 0 5 4
   0 3 2 5 4 2 4 1 5 5 0 1 4 4 0 3 3 5 5 4 4 5 5 5 4 5 4 4 4 5 1 5 3 0 4
   1 3 0 5 3 2 4 3 0 3 4]
  [0 4 3 2 1 3 0 4 2 5 3 3 3 2 5 1 1 4 0 5 0 1 5 3 3 5 1 3 4 0 2 3 1 2 0
   0 4 0 1 4 2 4 3 5 0 0 2 4 2 5 3 2 0 2 2 1 2 3 2 4 2 1 1 1 4 4 1 4 4 0
   4 5 0 5 0 4 3 0 4 0 5]
  [0 3 0 4 4 1 0 2 2 5 1 3 4 3 4 1 0 0 2 1 0 4 0 2 1 2 2 0 3 1 3 3 1 1 2
   5 0 5 0 4 2 1 4 0 0 5 4 2 1 0 3 3 0 1 3 4 5 0 0 0 2 0 4 1 0 1 4 0 5 2
   0 3 4 5 0 1 2 3 3 2 5]
  [0 3 4 0 3 4 5 5 1 1 5 1 4 0 1 2 3 3 0 2 4 2 1 2 4 3 5 1 0 2 3 4 0 3 1
   1 3 0 5 1 4 0 2 4 3 3 1 1 4 4 2 0 4 5 3 0 2 5 3 2 1 4 2 0 2 1 2 5 1 4
   3 0 2 2 5 3 1 1 2 0 0]
  [0 0 1 3 0 1 4 3 4 5 4 2 1 3 4 0 1 1 4 1 4 5 5 5 2 2 1 4 3 3 5 2 5 3 4
   2 4 3 0 5 3 4 5 4 2 4 2 0 5 0 2 0 0 1 1 1 2 2 5 0 2 4 5 1 1 0 5 3 4 2
   1 5 0 3 1 2 0 5 4 3 4]
  [0 2 4 5 0 2 4 0 0 1 2 1 0 0 1 1 2 3 4 1 4 3 1 1 3 0 0 3 1 4 4 2 0 5 4
   1 1 4 4 5 3 2 3 5 0 0 3 4 5 1 0 1 5 5 1 0 1 2 1 1 5 3 0 5 3 5 5 1 4 3
   1 5 0 0 5 2 4 2 2 3 1]
  [0 1 3 3 0 1 5 2 3 0 0 4 2 0 1 3 4 4 3 0 1 1 5 2 2 0 4 5 4 2 5 4 1 0 3
   4 0 2 1 1 4 2 2 3 3 4 0 5 5 1 0 2 3 0 4 5 5 4 2 2 0 2 4 3 5 3 1 5 0 3
   3 5 4 4 0 5 2 5 5 0 0]
  [0 2 1 2 1 3 5 2 1 3 3 0 1 3 1 1 3 0 1 2 1 3 1 5 4 4 1 2 3 2 0 4 2 3 4
   3 3 3 2 0 3 1 1 4 5 0 3 3 3 2 3 3 0 4 5 2 3 3 4 2 0 3 2 1 2 1 2 5 2 3
   3 4 5 5 1 0 5 4 3 0 2]
  [0 1 5 3 2 5 4 0 2 5 5 2 2 2 0 4 1 0 5 3 5 4 5 3 4 1 0 0 2 1 2 3 4 3 0
   3 2 1 1 5 2 2 3 1 4 5 2 5 4 4 0 4 0 1 1 2 2 2 3 0 1 2 4 5 1 4 5 4 1 0
   1 4 2 1 1 0 0 2 0 5 2]
  [0 4 4 1 0 5 2 1 2 3 1 3 3 2 3 4 2 0 0 1 2 3 5 4 1 2 3 2 4 4 1 4 3 0 2
   4 1 2 1 5 5 1 1 1 1 2 3 0 3 3 5 3 2 0 1 1 3 2 5 0 1 1 3 0 0 0 5 2 0 3
   2 3 2 2 3 1 2 0 4 4 0]
  [0 1 0 1 0 2 0 3 5 0 3 5 0 4 0 3 0 2 5 1 3 5 1 3 3 3 5 1 0 1 2 4 1 5 0
   3 4 5 2 1 5 1 0 5 0 3 4 0 0 0 5 3 3 1 2 0 3 2 0 5 4 3 5 2 4 0 3 2 0 0
   5 5 2 0 4 5 1 4 0 2 2]
  [0 0 3 1 3 4 2 4 1 2 2 4 2 4 3 2 4 3 3 4 3 2 3 5 5 4 5 2 4 3 0 2 4 3 0
   2 1 1 0 1 2 1 5 2 4 3 4 0 5 1 3 5 1 3 1 1 0 2 4 1 3 5 0 5 5 1 1 4 2 3
   1 4 0 3 4 5 5 5 1 0 2]
  [0 1 2 5 4 2 3 0 4 0 1 0 2 4 0 4 1 4 3 2 1 1 1 4 1 1 5 5 3 2 0 0 0 2 3
   4 5 4 2 3 2 4 5 3 5 4 2 1 4 2 3 3 0 5 2 5 2 4 5 1 3 2 4 2 2 5 1 2 3 0
   3 4 1 3 4 3 4 3 5 0 0]]

 [[0 1 1 5 4 3 2 4 2 3 4 0 0 1 2 0 4 0 2 5 0 4 5 0 0 2 3 4 0 3 4 3 2 4 5
   3 3 1 4 3 2 5 4 0 4 4 4 2 2 1 4 3 5 1 5 3 5 3 1 0 0 0 4 0 5 2 4 2 5 0
   4 2 1 3 3 1 3 5 4 3 2]
  [0 0 3 1 1 1 1 3 2 3 5 5 1 5 0 2 5 1 2 4 3 0 5 1 5 3 2 0 3 0 4 3 1 3 0
   3 3 2 1 4 3 4 3 2 4 5 2 1 0 3 2 4 1 3 2 3 1 4 2 3 2 4 5 2 2 3 2 4 5 3
   0 0 3 4 5 0 5 3 3 5 2]
  [0 5 0 5 0 2 2 3 1 5 2 4 2 3 5 4 4 2 2 4 3 5 3 1 2 2 5 4 5 1 5 1 5 5 4
   1 3 4 4 2 1 0 0 2 1 3 4 1 3 4 3 4 4 4 4 3 0 3 1 5 5 3 5 1 2 2 0 2 4 5
   5 2 5 0 5 4 4 2 2 3 1]
  [0 3 2 0 5 2 0 4 1 1 1 3 4 1 4 2 2 5 1 0 2 5 5 0 4 3 1 2 3 4 0 0 1 5 0
   0 1 5 0 3 5 4 0 2 2 3 5 1 3 2 0 1 4 4 3 5 4 0 3 1 1 4 2 1 2 5 2 0 0 5
   2 4 2 3 1 5 1 0 0 0 4]
  [0 3 1 1 0 3 5 4 0 5 1 5 1 5 2 2 2 0 2 4 2 3 0 3 1 5 5 5 3 3 2 1 3 3 1
   5 4 5 0 2 1 5 1 5 2 5 4 1 1 3 2 2 2 1 3 1 0 4 0 1 5 5 2 0 1 4 1 4 1 1
   3 1 1 4 3 1 5 2 4 3 3]
  [0 0 4 3 1 0 1 4 2 4 1 5 3 3 3 4 3 2 2 2 4 1 0 5 4 3 2 2 0 3 0 5 4 2 5
   0 3 1 1 1 4 3 5 1 0 1 0 5 5 1 0 1 5 5 2 3 3 1 1 5 5 2 2 4 4 4 3 2 0 1
   5 3 1 1 4 0 3 2 5 1 5]
  [0 4 5 3 2 4 0 4 4 5 5 3 3 5 4 3 2 1 3 2 3 3 5 5 0 5 5 5 1 3 5 5 5 0 5
   4 1 0 2 5 5 2 5 1 2 2 0 0 1 3 5 2 5 5 1 0 5 1 1 3 4 0 1 2 3 0 5 2 4 1
   0 2 5 4 3 3 4 2 1 4 1]
  [0 0 4 4 0 5 0 0 5 2 2 1 3 3 3 5 4 0 4 2 3 2 2 4 2 1 5 0 3 5 4 3 2 3 5
   3 2 3 1 0 3 1 2 5 2 0 5 1 2 3 2 5 3 2 1 1 4 4 0 0 2 3 5 4 3 2 4 5 3 5
   3 3 0 5 3 2 4 0 1 3 5]
  [0 3 0 1 5 1 3 0 0 4 0 1 0 2 2 3 3 1 3 1 5 5 2 3 4 2 5 5 4 0 1 4 5 0 2
   2 4 5 0 2 4 4 4 3 5 5 1 1 3 2 3 5 0 4 0 4 3 1 4 1 5 5 4 3 5 1 3 1 2 4
   3 1 2 1 5 2 0 2 4 4 1]
  [0 2 1 2 5 4 4 2 0 0 3 5 2 5 2 0 4 3 3 0 2 4 5 1 1 1 3 0 0 3 4 5 1 1 2
   1 0 3 1 3 1 4 1 4 1 2 2 3 5 0 2 5 5 1 2 5 0 0 3 4 5 5 0 2 1 3 4 4 0 1
   2 1 1 5 0 0 2 1 5 2 5]
  [0 1 1 1 1 3 4 5 3 2 0 5 1 3 2 3 2 4 4 1 0 3 1 4 5 0 0 5 2 3 5 3 5 0 5
   3 4 2 5 3 0 1 4 1 2 1 4 2 5 1 4 2 4 5 2 2 0 4 4 1 2 0 1 3 0 4 5 0 5 4
   3 3 5 4 5 4 5 4 5 2 3]
  [0 2 2 4 2 3 3 4 3 3 1 0 5 2 3 0 2 3 2 2 0 2 3 0 4 0 4 4 3 4 2 0 2 3 1
   1 2 1 3 3 5 0 3 5 5 2 3 3 2 2 5 3 5 3 5 2 4 0 0 4 1 4 3 4 4 3 3 4 1 0
   3 3 0 5 2 3 4 2 1 1 1]
  [0 0 1 5 5 2 3 0 2 1 2 0 0 2 3 2 2 4 1 4 2 3 4 0 4 4 3 2 4 0 2 3 3 1 2
   5 4 2 0 5 0 2 2 3 4 3 1 4 2 0 2 3 5 0 1 0 3 2 4 2 2 5 5 5 3 1 0 2 5 2
   5 0 1 0 5 1 2 2 4 1 4]
  [0 4 0 3 0 5 5 4 3 4 1 3 1 0 5 4 3 3 0 4 5 4 5 1 2 1 5 0 0 3 3 4 4 2 3
   0 5 4 4 3 4 4 5 4 5 5 4 0 2 3 3 5 0 5 5 4 5 4 3 5 5 3 0 0 2 4 3 0 5 2
   2 3 2 1 3 3 0 0 1 4 4]
  [0 4 4 4 4 0 5 4 1 2 1 3 2 0 0 5 2 2 4 1 4 5 1 0 4 5 2 0 1 5 0 2 0 3 2
   3 3 3 0 3 3 0 2 4 2 2 2 4 2 0 4 4 2 5 1 1 5 0 4 5 2 5 2 5 2 0 5 0 2 0
   2 0 0 1 1 2 2 5 4 1 0]
  [0 1 1 3 1 2 0 0 1 3 2 0 1 4 3 0 0 0 0 0 5 3 5 2 5 0 1 2 0 3 1 5 4 2 3
   3 5 3 5 5 0 2 2 3 2 0 1 0 5 3 4 0 5 0 0 3 2 4 3 2 3 0 2 1 3 4 4 5 1 5
   5 3 1 4 1 0 0 5 3 3 4]
  [0 5 1 4 1 1 0 2 5 2 5 4 1 4 3 4 0 2 1 2 0 4 2 4 4 2 2 1 3 0 4 3 3 0 3
   0 2 0 3 2 5 1 2 0 0 3 0 4 0 4 2 0 4 3 5 2 5 5 2 2 2 0 2 5 5 1 3 4 5 2
   0 5 3 2 2 2 5 4 2 2 5]
  [0 5 5 5 3 5 5 4 3 3 0 2 3 0 0 4 0 0 4 4 2 5 3 2 2 0 5 2 2 5 2 3 1 4 0
   4 2 0 2 2 0 0 1 4 4 1 5 0 0 4 1 0 1 1 5 5 2 3 4 0 0 4 2 1 2 3 3 5 5 4
   4 1 0 1 4 3 1 1 3 4 1]
  [0 5 1 1 1 5 2 3 5 4 4 1 2 3 4 1 1 2 0 4 5 3 3 2 2 5 2 5 4 2 2 3 4 4 5
   2 1 4 5 1 5 5 2 5 4 5 0 3 5 1 5 2 4 1 4 4 2 4 0 5 4 5 5 0 5 0 0 2 0 1
   2 0 5 0 4 2 1 0 0 3 3]
  [0 5 5 5 0 5 5 4 0 4 1 5 4 3 2 0 3 4 3 0 1 5 3 4 0 0 0 1 1 5 3 4 3 5 1
   5 5 2 1 4 4 1 0 0 4 1 2 4 3 5 0 4 0 4 0 4 4 5 4 1 1 3 1 2 1 1 4 4 5 1
   0 2 4 4 0 4 4 3 5 2 2]
  [0 4 5 5 3 2 3 1 0 1 2 4 1 4 5 4 2 0 3 3 0 5 0 1 5 3 0 2 5 0 0 1 5 1 4
   5 2 2 5 5 4 4 0 0 5 4 5 1 5 4 5 1 1 2 4 3 4 3 0 3 3 3 4 0 5 3 4 4 1 0
   4 3 4 3 3 2 5 5 4 1 5]
  [0 1 5 3 3 4 5 1 2 5 1 3 5 1 4 0 4 4 3 0 2 0 1 0 3 1 2 5 5 4 1 5 3 5 2
   2 2 4 0 5 4 4 2 4 3 4 0 4 1 1 0 1 3 0 0 5 0 0 2 5 2 4 1 1 1 2 5 5 5 4
   1 0 1 5 2 5 5 2 2 0 1]
  [0 3 4 1 2 0 3 5 2 2 4 5 1 2 4 4 2 4 2 4 4 5 0 1 2 1 2 3 4 4 1 5 2 2 1
   0 0 3 2 2 0 1 2 2 1 1 2 2 0 1 4 0 3 0 3 3 0 3 1 3 1 0 1 2 5 2 4 2 3 4
   2 4 5 5 4 4 3 4 4 1 3]
  [0 5 0 3 4 4 1 1 0 5 5 2 1 4 4 0 3 5 2 5 2 0 0 0 1 3 3 2 5 2 1 3 2 5 0
   0 3 4 3 0 4 4 0 0 5 3 2 0 0 2 3 5 2 5 4 5 2 5 4 0 5 3 4 0 1 4 5 1 0 1
   4 1 4 4 2 2 1 3 4 5 4]
  [0 0 0 0 5 0 1 3 1 0 2 2 4 4 1 0 5 5 3 1 0 4 3 3 0 5 0 2 0 1 5 4 1 2 2
   1 4 1 2 3 3 0 0 0 0 3 0 0 4 0 1 0 4 3 5 2 4 2 4 4 1 5 3 1 4 2 0 1 4 5
   4 2 1 0 3 3 0 2 2 4 1]
  [0 2 0 5 3 3 3 2 0 3 4 5 3 2 1 5 0 4 2 2 0 4 0 4 3 0 4 3 5 1 4 2 2 4 1
   5 0 1 1 1 3 3 5 2 1 2 0 0 3 2 5 5 2 5 2 0 0 4 4 5 0 1 3 3 0 3 2 4 5 5
   5 1 5 5 3 4 0 2 3 4 0]
  [0 4 2 5 3 3 2 0 0 2 2 0 3 1 1 4 1 0 1 2 3 2 0 0 1 2 0 0 4 1 5 5 4 2 0
   3 4 1 2 4 2 3 0 4 5 1 4 3 1 1 1 2 3 3 2 5 4 4 4 2 2 0 1 5 2 4 4 5 3 2
   2 1 1 5 1 3 3 0 2 0 1]
  [0 0 2 5 1 4 3 0 3 0 2 1 1 2 3 5 1 5 5 3 1 0 0 4 3 2 3 0 3 3 4 5 0 3 5
   2 2 0 0 0 4 0 3 3 1 3 0 4 3 4 1 1 5 0 4 2 1 5 2 5 4 3 4 3 1 4 0 2 2 2
   3 2 0 4 1 0 4 1 1 3 3]
  [0 5 4 5 0 5 5 1 3 5 4 0 1 0 5 5 0 5 2 3 1 2 0 5 5 4 4 3 0 2 2 5 1 0 2
   5 2 3 2 5 1 5 5 5 5 4 0 0 2 2 4 2 0 2 2 1 1 0 2 5 4 0 4 1 2 5 0 2 2 4
   0 0 2 5 2 0 2 0 0 2 3]
  [0 2 2 0 4 4 0 2 5 5 2 1 3 3 1 4 4 2 3 4 5 3 4 1 0 3 5 5 0 0 0 4 1 3 2
   4 3 5 1 2 5 3 1 4 2 4 5 0 3 4 3 2 3 0 4 3 2 2 0 5 3 4 1 0 5 1 5 3 2 2
   5 4 3 1 0 3 1 5 1 2 4]
  [0 0 1 5 1 1 4 2 3 4 3 4 2 0 4 3 3 2 0 5 4 1 4 0 0 1 2 0 0 5 0 2 1 2 2
   4 0 3 5 3 1 3 1 2 0 0 3 1 3 0 2 5 0 2 3 3 4 1 1 3 2 0 3 0 1 0 1 1 0 5
   4 4 5 4 3 2 2 1 0 1 1]
  [0 2 4 4 1 0 5 1 4 0 5 0 2 5 1 0 2 3 4 4 0 0 1 1 4 2 0 1 2 5 4 0 3 0 1
   5 1 2 3 1 1 5 0 0 5 2 3 5 1 4 1 0 5 0 3 5 1 4 0 1 3 5 4 4 1 0 0 3 1 2
   3 0 0 0 0 0 2 5 2 0 5]
  [0 3 0 5 1 3 2 2 0 0 3 5 3 2 1 0 1 2 0 2 3 5 2 4 2 5 3 2 5 1 3 3 0 1 5
   4 1 3 2 4 1 3 0 5 1 5 4 0 2 5 3 2 3 4 4 0 1 0 2 1 4 2 3 0 0 5 1 2 2 0
   4 1 2 4 0 0 0 3 2 0 4]
  [0 5 2 5 4 2 2 5 4 0 5 0 5 2 5 2 4 2 2 4 1 1 5 0 0 5 1 2 5 3 5 1 3 0 2
   4 3 1 0 0 1 3 0 5 0 1 1 0 3 3 0 1 1 5 5 5 1 0 2 1 1 3 4 1 3 0 2 1 5 0
   5 1 3 3 2 1 5 2 4 3 5]
  [0 2 2 2 4 3 3 0 4 4 0 1 3 3 2 4 2 3 3 0 2 5 1 2 1 3 4 3 4 0 0 5 1 0 0
   2 3 3 1 1 1 3 4 4 2 2 2 2 2 3 5 5 5 3 5 4 0 5 5 2 5 4 2 2 1 0 4 5 1 0
   2 5 5 3 3 1 5 0 5 1 0]
  [0 2 3 1 0 2 0 0 5 5 5 5 0 3 5 2 2 4 3 1 3 1 5 5 0 3 0 4 2 1 1 5 4 1 5
   0 5 3 2 0 3 0 1 1 2 5 3 5 5 0 5 0 5 1 1 4 5 2 2 5 0 5 4 2 3 5 5 2 2 3
   2 0 2 5 3 0 0 5 0 3 2]
  [0 2 4 5 0 5 1 5 3 0 5 0 5 2 0 4 4 3 2 2 0 1 0 2 4 2 1 1 4 4 4 5 1 5 1
   1 0 4 0 0 4 3 2 5 0 5 5 0 0 5 5 4 2 5 2 2 3 0 2 0 3 2 4 5 0 2 3 5 5 5
   5 5 1 3 0 5 0 0 2 1 0]
  [0 3 5 5 4 0 4 3 3 0 1 0 1 0 0 2 5 2 2 1 3 4 1 3 0 5 2 2 0 2 1 3 1 4 5
   0 2 0 5 5 4 5 5 2 4 0 4 1 5 0 3 1 5 2 3 0 5 2 3 4 5 4 3 2 3 5 4 3 0 0
   0 0 2 4 5 5 2 5 5 5 3]
  [0 5 0 3 0 1 2 4 4 4 4 1 5 2 0 2 0 2 2 1 0 2 3 3 5 4 0 0 5 2 1 3 4 5 5
   0 5 3 0 1 3 1 2 0 4 2 5 1 4 2 0 0 0 4 4 1 0 5 4 3 0 2 2 2 3 2 3 5 1 1
   5 5 0 3 5 2 5 1 4 0 4]
  [0 3 5 2 4 5 2 0 4 3 5 4 0 0 5 2 4 3 0 3 0 5 3 5 5 4 0 2 4 3 5 4 0 4 0
   2 5 4 5 0 5 4 0 4 2 0 3 3 1 4 3 2 3 5 2 5 5 1 2 2 4 3 3 4 5 1 1 5 1 2
   0 4 3 1 0 0 2 5 1 4 2]
  [0 0 2 3 3 2 0 1 2 5 2 1 1 0 2 4 5 1 3 3 1 1 4 5 3 4 4 1 2 5 4 2 3 4 3
   1 0 4 3 5 0 3 0 3 5 0 1 0 5 2 5 3 0 4 0 2 3 5 0 1 5 3 2 1 4 3 2 0 2 0
   0 4 0 0 3 3 2 4 0 2 5]
  [0 0 3 2 0 4 2 1 2 1 1 0 0 2 3 4 0 1 4 4 1 4 2 0 2 3 1 4 4 3 3 2 0 1 5
   3 1 1 5 4 4 0 2 1 1 3 4 0 5 2 2 1 1 3 1 3 5 5 0 4 0 5 2 4 3 0 5 0 0 4
   3 3 2 5 4 1 2 3 4 4 4]
  [0 2 4 4 3 3 4 3 0 4 5 2 0 5 5 3 0 0 5 1 4 4 3 3 5 3 4 2 5 1 3 0 1 5 4
   1 1 1 0 0 2 4 0 0 0 4 2 1 0 2 4 0 1 5 2 3 3 0 1 0 3 2 3 1 1 3 1 5 4 0
   5 0 2 3 2 5 0 1 5 2 5]
  [0 1 4 5 0 0 4 5 0 0 1 0 5 5 3 0 4 0 1 5 2 3 1 0 0 2 2 5 0 2 3 5 4 5 0
   5 0 1 0 1 0 0 5 0 2 1 4 0 2 3 4 5 3 5 2 3 5 4 3 1 1 3 3 1 4 4 0 5 0 5
   2 4 3 2 5 1 1 3 0 2 3]
  [0 3 4 0 3 4 3 1 5 2 1 0 2 3 5 4 3 1 1 3 1 0 4 0 3 1 4 4 4 4 0 3 4 3 3
   1 1 0 4 2 2 1 2 2 0 5 5 0 1 4 3 2 5 5 3 3 4 0 4 1 2 4 3 5 5 1 3 1 4 5
   5 0 3 0 1 2 0 2 3 5 5]
  [0 0 0 5 2 0 3 4 4 1 2 2 5 5 5 5 0 0 2 3 3 1 5 0 2 2 2 1 1 5 5 0 4 4 0
   3 3 3 5 4 1 3 3 2 2 0 3 4 4 1 0 4 0 4 2 3 4 3 4 4 3 4 4 4 1 5 4 4 4 0
   4 4 1 2 4 3 2 2 5 0 3]
  [0 4 1 0 2 2 4 3 0 1 3 3 2 2 2 5 3 0 5 4 4 1 0 2 1 3 5 0 0 1 5 1 1 1 1
   3 2 3 2 1 2 3 4 5 5 2 0 0 0 1 0 3 4 2 4 3 0 1 3 0 5 3 5 3 4 0 4 3 1 5
   5 1 5 1 5 5 4 4 1 2 3]
  [0 3 0 2 5 4 4 2 3 4 1 3 5 1 1 4 1 3 3 0 0 1 5 4 2 4 1 0 1 2 5 1 3 4 3
   0 3 3 0 3 1 4 3 5 3 1 5 0 4 4 1 5 3 2 5 1 0 4 3 3 1 2 1 1 3 5 0 3 0 3
   4 4 5 4 1 0 5 2 1 1 5]
  [0 2 1 4 2 4 3 1 1 4 1 2 2 3 4 5 3 2 5 2 5 4 4 1 5 0 4 0 0 3 1 4 0 5 0
   4 1 3 0 1 4 3 0 5 2 5 1 5 0 3 4 1 1 5 3 4 4 4 1 2 1 5 2 0 3 4 2 5 4 1
   3 1 5 5 4 0 2 5 4 5 1]
  [0 4 1 3 0 3 2 5 5 0 0 4 2 4 4 3 3 2 4 3 2 1 5 2 2 5 3 0 5 4 5 1 4 1 0
   3 3 1 1 5 1 2 2 0 2 3 2 1 5 0 5 0 4 0 1 0 2 4 1 2 2 2 5 0 4 0 3 0 5 0
   5 3 4 2 0 4 0 0 4 4 3]
  [0 2 0 2 0 0 1 5 2 2 3 0 2 4 5 2 1 4 4 4 2 0 4 3 5 1 0 2 0 0 0 5 3 0 4
   4 1 3 1 5 3 4 0 2 3 4 3 0 1 1 0 2 4 1 1 0 4 2 5 5 0 0 4 3 3 2 0 1 2 4
   1 0 4 4 3 2 2 5 2 2 2]
  [0 2 0 1 0 0 5 5 4 5 2 4 3 4 0 0 1 5 2 4 4 2 1 2 0 2 4 3 5 2 4 0 1 0 2
   2 1 4 5 4 4 2 1 0 2 1 0 5 4 5 1 0 3 1 4 4 4 0 0 2 5 3 2 2 5 4 4 0 0 3
   1 0 2 1 3 1 4 3 1 5 1]
  [0 3 0 1 3 2 2 0 4 3 4 5 4 5 2 5 5 5 0 3 1 0 3 3 5 4 1 5 1 1 0 0 2 5 4
   5 2 4 4 3 3 0 5 4 5 1 0 5 3 2 4 5 0 1 2 2 2 4 1 4 1 1 3 4 2 3 3 3 5 5
   5 4 5 2 2 4 5 2 5 2 4]
  [0 2 5 5 4 1 0 3 4 2 0 4 4 0 3 4 5 0 0 2 5 1 4 2 5 4 0 0 2 3 4 5 0 0 3
   0 4 3 1 1 2 0 3 5 1 4 0 3 1 0 5 3 4 0 2 4 5 1 3 0 1 5 2 1 0 1 5 3 3 1
   1 4 1 2 4 3 0 3 1 5 3]
  [0 0 5 4 3 1 2 0 2 5 5 0 3 0 0 3 2 5 1 1 1 4 1 3 4 1 3 0 3 0 0 4 2 4 1
   2 5 1 0 5 4 2 3 3 1 2 0 4 1 2 5 5 0 4 0 1 1 2 1 3 3 1 4 3 5 0 0 3 4 5
   3 2 5 1 3 5 4 3 0 5 0]
  [0 4 5 1 4 5 4 1 2 0 2 0 2 4 2 2 1 5 1 5 2 0 2 5 3 5 5 1 4 1 5 3 4 2 3
   1 1 1 0 4 2 4 4 2 1 4 1 3 5 3 0 2 5 2 5 0 3 1 2 1 3 0 0 3 3 2 0 5 3 4
   3 0 5 5 2 3 2 0 0 2 5]
  [0 4 5 0 1 4 1 4 0 0 2 1 2 3 0 4 4 1 5 0 3 3 4 2 1 0 0 3 2 2 3 3 4 4 0
   4 2 3 0 5 5 3 3 3 0 1 0 1 4 5 2 4 1 0 5 1 0 5 4 1 5 3 3 0 2 3 2 1 4 1
   4 0 4 0 1 3 2 5 0 5 3]
  [0 0 2 3 4 0 5 5 1 5 3 5 1 2 5 4 4 2 1 5 0 3 0 2 1 1 1 3 5 3 0 1 1 3 3
   2 3 1 1 1 4 0 0 3 4 0 4 4 4 5 4 3 2 3 3 3 2 0 1 3 0 3 3 1 0 4 0 0 5 1
   5 1 1 4 4 4 3 5 3 1 4]
  [0 1 0 4 4 0 3 1 1 0 2 0 4 2 3 3 1 5 4 4 1 0 3 1 5 4 4 4 4 3 3 0 0 1 5
   3 3 5 2 2 4 1 3 0 1 0 4 0 1 3 0 2 3 3 4 4 1 2 0 3 3 0 3 1 0 5 0 0 4 2
   4 0 5 4 2 5 1 4 5 3 2]
  [0 5 4 1 2 1 3 5 2 0 2 1 3 4 3 3 4 5 1 0 4 3 1 1 4 2 2 0 0 1 3 3 0 3 5
   4 1 1 2 5 4 4 2 5 4 2 4 0 3 2 5 5 5 5 2 4 0 5 4 0 4 3 1 5 2 5 5 1 5 4
   4 1 4 0 3 0 4 2 3 3 0]
  [0 4 1 4 3 1 2 5 4 0 2 0 1 1 1 3 0 3 2 1 5 2 5 4 0 3 4 0 3 5 3 0 0 3 4
   0 5 0 1 3 2 5 4 4 5 4 0 0 1 1 0 4 2 0 3 5 4 2 5 1 0 3 3 2 4 0 1 4 3 2
   5 2 3 3 3 5 4 4 4 4 0]
  [0 0 4 3 2 5 4 3 5 4 3 3 4 0 4 4 1 0 4 1 0 4 3 3 3 2 3 5 2 4 0 2 2 0 0
   3 4 4 4 3 2 4 1 4 2 3 0 2 5 0 5 4 1 2 5 3 3 0 1 1 1 0 2 5 3 1 4 5 4 5
   1 4 2 0 2 3 3 2 4 4 1]
  [0 1 1 3 0 1 4 2 4 0 0 1 2 1 1 5 3 0 3 1 3 4 0 3 0 1 0 1 3 0 3 0 2 0 5
   2 5 5 3 3 5 3 5 0 4 0 4 4 5 0 1 1 5 5 3 1 2 3 2 1 2 1 0 4 4 5 0 5 3 4
   4 0 3 5 3 0 1 3 1 0 2]
  [0 4 3 4 4 1 5 5 3 0 0 5 5 2 1 3 2 3 4 2 3 5 0 5 1 2 3 2 0 1 4 3 4 2 0
   2 1 1 1 5 4 4 1 4 4 2 2 4 1 2 0 3 2 0 4 0 2 4 2 2 2 1 1 0 1 1 0 4 5 0
   4 1 1 0 2 1 0 4 3 3 1]
  [0 1 1 0 3 2 1 1 5 1 1 4 3 4 0 0 4 5 5 1 5 3 1 2 0 0 4 3 5 5 2 1 4 5 4
   4 3 0 0 3 0 2 4 5 5 2 4 2 0 4 2 0 0 1 3 0 1 4 4 3 3 5 5 1 0 1 1 3 2 4
   5 0 2 2 1 4 2 4 1 1 3]
  [0 2 2 2 5 2 5 5 0 4 0 2 5 1 3 1 0 4 4 0 0 2 1 3 2 0 0 0 2 4 5 2 5 2 4
   3 4 5 0 2 2 5 3 3 1 2 4 1 4 3 2 3 5 5 0 4 3 3 1 1 3 3 0 3 0 0 0 5 0 2
   1 3 1 0 4 3 5 2 4 1 1]
  [0 2 5 1 0 3 1 5 3 1 1 3 3 5 5 0 5 5 5 4 1 5 3 4 1 5 1 4 1 3 1 3 0 1 4
   2 4 0 5 3 5 0 2 2 3 2 5 5 5 5 3 3 5 0 0 0 3 2 0 0 1 1 4 1 4 0 0 5 1 3
   5 5 5 5 2 5 4 3 5 0 5]
  [0 1 5 3 0 1 5 1 3 3 1 5 3 0 4 4 4 5 5 0 5 1 4 0 0 0 0 5 5 0 2 0 1 3 2
   4 4 1 0 5 3 1 3 3 2 1 5 2 2 4 4 0 3 5 4 0 0 5 1 5 3 1 4 1 0 3 5 0 1 2
   1 5 3 2 0 3 4 5 1 3 1]
  [0 0 2 2 4 4 1 0 3 0 5 4 3 0 2 5 1 4 3 3 0 4 2 4 3 1 2 1 3 4 1 3 2 1 5
   2 5 0 4 5 2 4 1 5 5 2 5 4 0 5 4 1 5 3 0 5 4 4 2 1 1 4 4 5 3 5 1 5 0 0
   0 5 1 0 4 3 4 0 4 1 1]
  [0 3 1 1 4 5 2 4 0 2 3 2 1 5 5 3 1 1 0 1 0 4 2 1 5 0 4 5 3 0 2 5 1 5 3
   1 3 0 2 0 1 0 3 5 0 4 4 3 2 1 1 0 5 2 5 0 2 2 4 3 3 3 2 5 4 4 1 0 2 0
   0 1 5 1 3 4 4 1 2 0 4]
  [0 0 5 3 0 4 5 1 1 3 2 1 3 5 1 3 5 1 1 1 5 3 5 1 0 3 0 2 3 2 5 4 5 1 3
   3 0 0 1 4 4 1 1 5 4 4 0 0 2 3 2 1 3 5 2 1 4 5 1 2 3 0 2 3 0 5 2 1 3 1
   0 5 2 2 4 1 1 3 4 3 0]
  [0 5 0 0 2 5 1 1 0 3 1 2 5 3 5 3 0 4 4 5 0 4 5 2 0 5 4 5 3 0 3 3 0 5 5
   3 2 4 1 2 1 5 1 0 1 5 3 0 0 0 3 5 1 3 2 4 4 0 4 0 4 3 4 2 0 2 4 0 3 3
   3 0 4 1 0 1 2 3 2 3 1]
  [0 3 2 5 4 2 3 0 2 0 5 4 2 0 0 4 3 4 3 4 0 1 5 5 1 0 1 2 3 2 4 1 3 0 0
   3 0 0 5 3 3 0 3 1 3 4 1 3 0 1 5 2 4 1 0 2 1 4 2 3 1 4 3 5 0 1 4 1 0 3
   2 4 0 1 3 3 1 5 5 4 3]
  [0 2 5 5 5 4 0 4 2 0 3 2 1 2 2 3 2 2 4 5 5 1 2 4 4 1 5 3 5 5 1 3 4 0 1
   0 4 0 3 3 1 2 2 4 5 1 2 3 5 4 5 0 0 0 4 1 3 4 0 0 0 0 3 2 2 0 2 1 3 3
   0 4 1 0 3 3 5 0 5 5 4]
  [0 1 5 4 1 3 2 2 5 5 2 5 4 5 5 4 5 1 5 4 5 2 3 3 3 3 0 3 1 5 1 2 5 5 1
   5 1 3 4 2 1 1 4 0 0 0 2 4 5 5 5 4 3 0 5 3 3 3 5 1 1 4 3 2 3 2 1 2 1 4
   5 2 5 4 0 2 2 3 0 5 0]
  [0 5 4 4 4 0 1 1 3 5 0 2 1 3 3 3 3 5 1 2 4 1 2 1 3 0 0 2 4 5 1 5 2 3 0
   0 3 0 1 5 1 2 5 4 5 4 3 1 0 3 4 5 4 2 2 0 1 3 4 0 0 0 2 5 1 0 0 0 1 3
   1 1 4 1 0 0 2 1 4 3 3]
  [0 0 2 2 3 1 0 1 0 3 4 0 1 4 1 2 3 1 2 0 5 5 4 3 2 4 3 4 0 1 5 1 3 3 5
   0 1 0 5 0 3 4 3 3 1 4 4 1 4 3 3 2 2 3 2 1 1 1 4 4 5 2 3 4 5 1 2 3 5 3
   3 1 2 4 2 1 0 1 4 3 4]
  [0 5 2 4 2 1 1 4 2 3 1 5 1 3 0 2 2 1 2 0 4 5 3 4 2 5 3 1 3 3 1 5 2 4 4
   3 0 3 5 2 2 0 5 2 4 1 3 1 1 0 2 2 0 3 5 1 0 3 0 4 4 0 3 4 0 5 4 4 4 2
   5 4 3 0 3 1 0 0 2 1 2]
  [0 0 3 2 3 0 4 4 2 3 5 1 2 5 3 3 2 4 4 2 1 2 1 5 0 4 0 2 0 0 4 5 5 0 2
   0 5 0 5 4 4 0 3 5 5 5 2 1 2 2 4 5 0 5 0 2 0 2 1 4 4 0 1 1 4 1 0 5 2 5
   1 0 0 5 3 0 1 5 0 0 1]
  [0 5 4 1 4 0 1 1 2 4 0 1 4 0 2 3 5 0 5 2 2 0 5 3 3 5 5 2 2 2 0 2 5 4 4
   4 0 4 4 1 2 2 5 1 4 3 5 4 2 2 2 1 2 0 1 2 3 5 5 2 4 4 5 4 2 0 2 0 2 3
   2 1 5 4 1 5 0 2 5 0 1]
  [0 5 0 5 1 1 3 5 1 1 5 3 1 1 3 5 4 5 3 0 2 0 4 0 0 1 5 4 3 5 1 3 1 5 5
   0 3 3 4 4 3 4 1 1 0 3 4 1 3 3 1 0 0 1 5 1 1 0 2 3 5 5 1 2 1 0 1 4 0 3
   0 4 0 4 2 2 3 4 3 0 0]]

 [[0 4 0 3 0 5 4 0 5 4 1 1 5 4 5 3 1 5 3 0 3 5 5 3 4 0 3 0 3 3 0 4 4 3 0
   4 3 3 4 5 4 4 0 2 4 0 5 4 3 5 1 1 0 3 3 4 4 2 5 3 4 1 5 1 5 0 0 3 0 0
   0 2 5 4 4 4 3 5 0 0 5]
  [0 0 3 1 0 3 2 2 1 2 1 4 4 1 3 5 4 1 4 5 0 1 5 0 0 5 3 0 3 4 2 2 2 3 4
   5 5 0 4 5 2 5 4 1 0 5 4 5 1 2 0 2 1 4 2 0 1 4 4 1 1 2 4 5 0 0 5 3 2 5
   4 0 3 3 1 4 4 2 4 4 3]
  [0 3 0 4 5 5 0 4 1 4 3 2 2 2 4 0 0 1 2 2 3 5 3 4 5 2 0 5 1 3 0 1 4 3 0
   0 5 5 0 1 4 0 5 5 3 3 5 1 1 1 4 4 0 4 1 0 0 3 5 1 4 5 2 1 3 3 2 1 4 5
   0 1 3 1 4 3 1 5 3 2 2]
  [0 0 5 0 0 1 5 0 3 3 2 5 0 3 2 4 4 5 2 5 3 0 3 2 3 5 1 2 2 0 2 3 2 2 2
   0 2 2 0 0 0 2 3 4 1 0 2 0 0 2 5 4 3 5 3 4 2 4 0 4 0 5 5 2 2 3 2 0 0 3
   3 5 1 0 2 0 1 4 1 5 2]
  [0 3 3 3 0 0 4 4 3 3 5 5 3 3 1 2 0 2 4 5 0 1 1 0 1 4 3 5 5 3 3 4 4 0 5
   2 2 0 1 3 3 4 3 4 2 5 2 1 2 2 3 2 0 1 3 3 2 5 5 1 2 1 0 1 5 4 1 4 5 3
   3 1 4 0 0 4 4 3 2 3 0]
  [0 1 1 4 4 0 0 5 2 4 5 4 5 0 5 3 3 5 0 1 0 1 0 3 5 2 1 3 4 3 0 3 2 5 4
   0 2 5 1 2 3 0 5 2 3 0 1 4 1 3 4 4 2 4 3 1 5 3 4 0 5 5 1 1 0 4 5 4 1 2
   4 4 3 0 3 0 5 1 4 1 2]
  [0 3 0 4 4 4 0 3 5 0 2 3 2 3 0 1 3 1 3 1 4 1 0 2 5 0 5 4 1 0 5 5 4 5 0
   5 0 5 2 4 0 0 0 0 3 4 1 1 1 0 3 0 4 2 0 5 4 0 1 3 2 4 0 2 2 5 1 2 0 5
   5 1 1 3 2 0 0 4 1 5 1]
  [0 2 0 5 0 0 1 0 5 0 2 4 5 0 3 2 4 0 1 2 0 2 4 2 5 3 0 5 0 1 4 5 0 3 3
   2 4 3 2 1 3 3 1 0 3 1 2 0 3 5 0 4 5 0 4 4 1 5 3 1 2 5 1 1 0 0 1 0 4 1
   3 4 3 3 2 1 0 2 3 2 5]
  [0 4 3 3 4 1 2 4 0 2 4 0 5 1 4 1 5 5 0 1 0 2 1 2 2 0 1 0 4 1 5 3 1 5 3
   4 2 0 1 1 2 3 0 1 4 1 0 1 4 2 3 2 3 4 2 1 0 4 4 4 3 5 2 2 0 3 0 3 0 1
   2 4 2 5 0 2 4 4 4 3 4]
  [0 4 3 0 4 1 3 3 0 0 0 2 1 0 2 2 0 1 2 4 2 4 2 0 4 0 3 1 2 3 1 0 1 4 5
   4 0 3 5 2 2 3 2 0 0 3 3 5 5 2 3 0 3 2 4 1 5 0 2 2 5 0 3 5 5 3 1 1 4 2
   3 1 4 2 4 2 2 0 5 5 4]
  [0 2 1 2 2 1 2 2 0 1 0 3 0 0 4 5 5 1 2 0 3 3 4 2 0 0 4 4 1 5 3 4 4 4 1
   0 5 2 1 1 2 4 3 2 4 5 3 4 1 4 4 4 3 0 2 2 3 3 0 0 5 0 2 4 1 4 2 5 1 1
   4 4 2 4 4 0 1 3 2 1 1]
  [0 0 0 4 5 4 5 3 0 3 4 0 2 2 1 2 3 4 1 4 0 2 4 5 3 3 5 3 1 0 3 4 3 0 4
   1 5 1 4 3 1 1 5 0 0 0 3 3 2 5 0 0 0 2 5 0 1 3 3 1 4 1 3 4 4 3 3 0 3 1
   3 2 3 1 3 5 0 0 0 2 3]
  [0 0 4 1 1 2 4 0 1 5 1 3 0 2 4 1 1 5 2 5 0 2 5 4 5 5 1 3 0 4 0 5 1 1 1
   0 3 3 1 0 0 1 5 0 0 5 0 0 2 2 0 4 0 4 1 5 0 4 3 0 2 2 2 5 1 2 5 5 5 3
   4 3 2 0 1 0 1 1 4 2 1]
  [0 0 0 1 1 4 5 1 5 3 0 5 5 0 4 1 0 4 2 2 5 5 5 5 3 2 2 4 4 1 3 1 0 3 1
   3 2 5 0 5 0 2 0 1 5 5 4 2 2 2 2 4 4 2 1 4 4 1 0 5 2 3 2 0 4 5 4 2 5 4
   0 0 4 0 3 5 3 0 5 2 2]
  [0 5 4 0 4 0 1 2 1 1 1 1 5 0 0 2 1 1 5 4 1 1 4 1 3 0 5 2 4 3 2 4 0 3 5
   0 5 4 1 5 2 4 3 5 3 3 2 4 2 2 4 5 5 3 5 2 4 2 3 5 2 2 2 2 5 1 2 1 1 1
   3 1 1 0 3 5 2 3 0 5 4]
  [0 5 2 5 4 4 1 1 1 5 4 5 1 4 5 0 5 3 0 0 4 3 5 4 0 1 1 0 0 4 0 1 3 3 1
   1 4 1 3 2 3 0 5 2 1 0 2 4 2 2 2 4 2 3 3 1 4 1 0 4 2 2 0 2 1 5 0 4 2 0
   0 4 3 0 4 3 4 3 3 4 4]
  [0 4 2 4 3 3 1 2 2 2 0 5 1 4 3 5 0 1 1 3 4 2 5 2 5 1 4 0 0 4 2 2 3 1 1
   4 3 0 4 4 0 2 5 1 2 3 1 1 2 3 0 4 5 5 4 3 3 1 1 5 4 4 5 2 1 0 4 3 2 1
   2 3 4 0 0 0 5 3 2 1 0]
  [0 2 2 1 3 5 1 0 3 5 1 2 0 5 4 3 3 0 2 3 1 5 1 3 2 2 4 5 4 0 1 4 3 0 2
   2 1 2 1 1 1 3 3 5 2 5 5 5 4 1 3 0 1 4 3 2 2 0 2 3 2 1 3 3 4 4 5 0 0 4
   4 2 2 4 5 4 2 2 5 3 3]
  [0 1 2 2 2 5 5 1 3 4 0 0 2 2 2 2 2 0 0 4 1 5 2 1 2 0 1 1 1 2 2 4 3 4 4
   4 4 3 0 5 5 2 1 5 2 5 5 2 3 2 1 3 2 4 2 2 3 3 2 5 4 2 3 4 0 3 5 2 5 5
   5 3 1 3 5 5 2 3 0 3 2]
  [0 1 4 2 0 2 4 5 2 3 0 0 5 2 4 2 5 1 1 0 2 0 3 3 5 5 3 4 5 1 0 0 2 3 5
   2 5 4 1 1 1 5 0 1 3 2 5 1 0 0 4 5 0 4 1 5 3 3 3 0 1 5 3 2 4 0 3 3 0 0
   3 3 2 0 4 0 4 2 3 5 5]
  [0 0 3 0 5 4 2 3 1 3 3 0 1 3 0 4 2 1 0 1 0 1 0 3 2 0 5 2 0 2 5 0 5 4 2
   4 0 0 4 4 2 0 0 3 5 0 2 2 5 0 0 4 1 1 4 4 0 0 2 2 5 3 3 2 3 4 4 4 5 3
   1 5 3 3 3 2 2 0 3 1 3]
  [0 4 5 0 0 5 1 2 1 0 0 1 2 0 0 1 5 0 3 4 4 0 0 3 4 1 1 5 2 1 0 5 1 3 4
   3 0 1 0 3 0 3 2 4 5 5 1 4 3 4 3 3 1 1 2 1 2 3 3 3 3 3 1 4 1 2 2 5 0 0
   4 4 3 4 0 2 4 1 3 0 5]
  [0 5 5 1 4 3 0 0 1 2 3 5 0 3 1 2 5 4 4 0 2 2 0 1 3 4 3 2 0 2 3 2 5 4 3
   5 2 5 1 1 2 3 0 2 2 0 4 4 5 4 4 1 2 1 3 2 4 4 0 5 1 0 3 2 1 5 3 1 2 5
   5 0 1 2 5 2 1 0 5 3 4]
  [0 3 0 5 5 1 0 2 3 3 2 1 3 1 1 5 3 3 2 4 5 1 5 0 5 0 2 0 1 5 0 2 1 1 3
   2 4 5 2 2 3 5 4 3 4 5 5 5 4 0 1 3 5 4 5 1 5 5 3 1 1 4 5 0 1 5 4 5 4 3
   3 3 2 3 5 5 1 5 1 2 5]
  [0 3 2 3 1 2 2 0 1 1 1 5 5 0 4 2 2 2 3 1 3 1 3 0 0 3 4 0 4 1 3 1 0 4 3
   1 4 1 3 3 4 0 2 2 0 2 1 2 3 1 4 4 0 3 4 5 5 2 3 5 3 2 1 0 2 2 4 0 2 1
   5 5 5 0 3 5 1 5 0 4 1]
  [0 3 4 0 5 2 4 3 2 1 3 0 2 3 2 4 3 1 3 2 4 5 0 5 5 0 5 1 2 3 2 0 5 4 1
   1 4 3 0 0 1 2 1 2 1 2 4 1 1 2 4 4 4 3 3 4 3 1 3 4 5 5 1 4 4 4 0 4 1 4
   2 0 5 2 5 4 2 0 2 2 3]
  [0 5 1 0 0 0 3 3 5 4 4 1 3 1 1 0 3 3 3 2 3 2 3 0 4 1 0 4 5 1 0 1 4 4 0
   1 3 4 2 3 0 2 3 3 0 3 0 1 3 5 2 5 4 2 3 2 4 0 2 5 4 2 4 2 3 1 4 2 5 0
   1 2 5 1 3 5 2 3 3 1 0]
  [0 2 3 2 0 0 0 4 3 2 3 4 4 1 2 0 0 5 0 2 3 5 5 4 1 5 0 0 1 1 4 4 5 3 1
   2 2 2 1 0 4 2 0 5 2 3 5 3 0 0 1 5 5 4 0 5 1 3 2 4 2 1 1 5 5 4 5 3 0 4
   0 2 4 4 0 4 0 4 4 4 5]
  [0 5 2 4 0 5 5 2 0 5 4 4 2 3 3 4 2 0 3 5 0 1 5 2 3 5 5 1 0 1 1 2 5 1 3
   2 5 0 1 3 5 4 1 5 3 4 0 3 3 0 5 1 0 3 3 2 4 1 5 3 0 0 4 2 1 3 0 0 4 2
   3 1 3 1 1 1 4 3 2 3 5]
  [0 1 3 3 1 4 0 3 0 1 0 4 1 1 1 2 4 4 1 4 5 3 2 1 2 2 4 2 1 0 0 1 5 2 5
   0 5 0 2 2 5 4 0 3 2 0 1 0 3 0 4 0 4 4 4 4 2 3 2 4 1 0 1 0 1 3 4 2 4 4
   1 1 0 2 1 3 4 5 1 2 2]
  [0 5 3 1 0 1 4 3 3 1 2 0 0 1 2 1 3 4 0 4 0 1 3 3 5 0 4 2 4 4 0 1 0 5 1
   4 5 5 1 3 2 4 3 3 3 5 2 1 2 1 0 5 0 2 5 5 2 4 0 2 2 5 3 0 2 5 5 3 4 5
   5 3 4 5 5 1 2 3 4 5 0]
  [0 2 1 2 5 4 3 0 1 1 2 4 0 4 4 3 0 5 5 5 1 4 1 2 1 1 0 3 2 2 1 0 5 3 3
   3 5 4 4 0 0 2 0 3 4 5 5 3 2 4 5 5 4 0 4 2 5 2 2 3 2 1 0 0 0 3 0 4 4 3
   3 0 1 2 2 2 4 3 3 5 3]
  [0 5 5 2 2 5 3 1 1 4 0 4 5 5 5 2 4 3 0 2 4 2 3 0 4 0 0 0 3 3 1 3 0 4 4
   4 3 2 5 4 3 3 2 5 5 5 5 0 5 4 5 5 2 3 5 5 3 4 1 4 1 2 5 4 0 2 1 0 4 0
   0 2 5 3 1 2 2 1 4 5 2]
  [0 2 0 4 1 5 5 1 5 2 1 3 2 0 2 5 4 0 0 0 4 5 0 5 3 2 2 1 4 5 4 5 4 0 3
   5 3 4 3 1 0 2 3 2 4 5 3 4 5 0 3 2 2 2 2 4 1 4 1 0 4 1 4 4 4 0 3 0 1 2
   2 5 0 1 2 3 4 3 2 0 0]
  [0 2 0 3 4 2 3 3 3 4 2 5 4 4 3 1 4 1 0 5 1 2 2 1 4 0 3 0 0 5 5 1 0 4 0
   4 3 1 4 0 5 2 3 4 3 2 2 3 1 5 5 5 4 3 5 1 2 3 5 3 1 2 1 3 1 4 5 4 0 2
   5 2 2 3 4 1 1 3 3 1 2]
  [0 1 2 5 1 4 2 2 5 0 1 3 1 0 3 5 2 2 0 4 2 0 3 0 2 4 1 1 2 2 3 1 1 0 5
   0 5 2 1 3 1 3 1 3 5 4 3 4 2 1 1 3 5 3 4 1 1 3 1 1 1 4 4 1 4 5 3 0 0 5
   3 1 4 4 0 3 0 0 2 4 1]
  [0 0 2 4 2 2 0 5 2 3 4 2 3 3 1 0 2 1 1 5 4 3 3 5 0 0 3 4 2 5 2 3 5 3 0
   3 0 3 0 1 2 3 5 4 5 0 0 5 4 3 4 3 2 5 4 2 2 4 1 3 5 0 0 5 2 3 0 1 5 1
   3 1 0 1 1 4 1 5 3 5 4]
  [0 1 5 3 3 2 4 5 4 0 5 0 5 0 4 0 0 2 2 4 2 3 3 0 3 2 4 0 3 1 1 1 2 4 3
   0 1 0 4 0 3 1 0 5 2 5 2 4 0 3 2 5 3 5 3 3 3 5 3 4 4 4 5 4 2 5 3 0 0 3
   5 0 0 4 5 4 4 4 0 1 3]
  [0 0 3 2 2 3 2 4 4 2 4 4 4 5 4 3 4 4 1 1 4 5 0 3 5 4 1 3 2 1 1 4 3 0 5
   0 5 3 0 2 3 1 1 0 4 5 5 5 5 2 0 0 1 1 1 4 4 2 1 0 4 3 0 4 3 1 2 4 5 2
   2 3 0 1 1 2 4 0 2 4 4]
  [0 2 0 4 4 5 3 0 2 2 3 4 4 1 2 3 0 0 0 0 4 3 0 3 4 4 0 4 5 4 4 0 3 3 2
   3 4 1 2 0 1 3 0 5 4 5 1 5 4 3 2 2 0 3 1 4 2 0 0 3 4 0 2 3 5 1 4 2 3 3
   3 3 5 4 2 4 2 4 4 0 4]
  [0 3 4 3 2 0 2 0 2 3 0 0 0 0 5 0 2 0 4 1 0 5 5 1 3 5 1 1 2 4 0 2 1 5 1
   1 2 0 4 3 0 0 2 0 4 0 0 4 1 4 4 2 3 5 4 4 5 1 0 5 3 0 2 0 2 1 0 2 4 5
   2 2 2 2 0 3 2 1 1 5 3]
  [0 1 5 2 2 0 2 5 5 4 2 0 2 0 3 0 1 3 0 4 1 5 3 5 2 2 4 3 5 4 0 0 4 0 0
   5 3 5 2 1 2 0 0 2 4 4 1 0 4 4 4 4 2 2 2 2 3 4 3 1 4 0 5 4 1 4 1 0 5 1
   2 5 5 5 5 3 0 4 5 1 0]
  [0 2 1 1 2 2 5 2 4 0 2 4 2 1 3 4 2 4 0 5 1 2 1 3 4 5 0 3 3 4 2 1 2 1 2
   0 5 0 3 0 1 4 0 3 0 4 1 4 2 2 2 2 1 5 2 0 3 3 1 2 5 2 2 3 4 5 0 3 2 1
   4 0 3 4 1 2 1 3 1 5 3]
  [0 3 2 5 0 3 3 2 5 0 4 2 1 2 0 2 2 5 2 2 4 2 2 3 1 1 2 4 5 0 0 2 2 1 5
   1 4 4 1 4 5 0 0 0 3 5 5 5 3 5 0 0 2 5 2 0 0 2 2 3 3 5 1 5 0 4 5 0 1 3
   4 2 4 3 2 0 0 3 1 3 0]
  [0 2 4 1 1 4 3 1 5 2 2 1 3 3 1 3 3 1 0 2 1 0 5 4 3 5 5 2 2 0 3 1 0 1 1
   5 5 4 5 2 5 2 0 4 0 2 1 4 5 1 5 4 2 1 0 5 2 4 1 3 1 5 5 0 2 2 4 5 2 3
   1 0 0 4 5 1 3 4 2 0 1]
  [0 4 4 4 5 4 1 4 5 1 5 4 5 3 1 4 4 4 0 5 3 4 5 2 1 3 0 0 3 2 1 1 2 3 1
   4 5 4 0 2 4 0 4 3 3 0 0 2 1 0 1 4 0 5 1 3 4 5 0 1 5 3 3 1 1 0 4 2 1 0
   4 2 5 5 4 2 4 1 2 4 0]
  [0 0 0 1 1 3 1 3 2 2 0 5 4 2 3 4 1 3 0 0 4 2 1 2 4 1 0 3 3 0 3 0 1 1 2
   5 1 0 4 2 1 0 3 2 0 5 0 0 4 1 3 1 1 1 1 2 4 5 2 4 4 5 5 1 0 2 1 2 2 5
   1 2 2 4 2 4 4 5 2 0 5]
  [0 3 4 0 4 4 2 4 0 3 3 2 3 5 3 5 2 2 5 4 1 2 1 0 4 2 0 5 5 2 2 4 1 5 5
   5 4 3 2 4 3 5 5 1 5 2 0 0 1 0 3 5 4 4 1 1 2 2 2 1 4 0 0 1 0 2 5 5 2 0
   3 2 3 1 4 5 4 5 0 2 0]
  [0 3 2 0 3 0 1 2 2 5 1 1 1 5 4 2 2 0 1 2 2 5 5 1 5 5 4 2 2 0 3 5 3 4 1
   1 0 5 2 4 0 4 4 3 2 4 0 1 0 0 4 5 1 1 1 0 3 1 2 3 1 2 5 3 4 5 2 0 5 1
   0 2 3 2 2 0 1 2 0 2 1]
  [0 5 0 5 5 5 5 4 2 4 3 4 4 1 2 1 0 5 2 5 1 4 5 0 1 1 1 5 2 0 1 1 4 3 4
   3 1 2 1 0 3 1 0 0 4 5 0 1 3 0 2 0 3 5 0 1 3 0 2 0 2 1 5 4 4 2 4 5 1 1
   2 5 5 1 2 4 2 3 0 1 2]
  [0 4 2 2 2 3 4 3 4 5 5 1 5 1 4 5 2 1 0 5 3 4 0 5 4 4 3 5 2 1 4 3 2 1 0
   2 3 0 1 0 3 0 5 3 1 5 2 0 0 0 0 5 0 3 4 4 0 4 0 2 0 2 0 4 4 0 3 4 1 0
   0 4 3 5 4 3 2 0 2 0 5]
  [0 3 4 1 0 1 4 3 5 0 5 0 0 4 2 3 1 2 0 3 2 5 1 4 3 2 1 2 5 0 1 3 0 3 5
   5 2 3 3 3 0 4 0 5 0 4 5 5 4 0 2 0 1 5 2 2 1 0 4 4 3 5 3 2 3 3 1 3 0 0
   2 1 3 3 2 5 3 1 0 0 5]
  [0 5 5 1 4 3 3 5 0 5 4 1 3 0 5 1 3 5 1 3 1 5 2 2 5 5 0 5 3 0 1 4 2 1 0
   3 5 0 5 4 4 5 5 2 5 5 2 1 5 0 0 2 0 5 5 0 3 5 2 2 1 2 3 4 3 2 1 0 0 2
   1 3 4 0 0 1 3 0 5 3 2]
  [0 5 3 3 5 5 2 3 0 1 0 3 0 1 0 4 0 4 5 0 1 4 5 5 4 3 1 4 4 1 0 3 3 1 0
   0 0 5 3 0 1 5 0 0 1 4 1 0 4 3 2 3 3 0 3 3 3 4 4 0 2 0 5 3 1 3 2 0 4 5
   5 2 3 5 3 4 4 4 3 5 3]
  [0 3 4 0 4 3 3 1 2 0 4 3 5 0 4 2 3 5 2 5 4 4 2 4 0 3 2 5 0 5 0 2 1 2 3
   4 5 5 4 1 3 2 3 4 2 4 3 3 3 5 2 5 3 4 0 1 4 1 5 4 1 0 2 5 2 0 5 4 3 4
   5 2 1 0 3 0 3 5 1 2 1]
  [0 1 3 5 3 5 0 2 4 3 3 4 1 5 5 5 1 2 0 0 1 3 3 0 3 5 0 4 5 5 2 0 1 1 0
   2 2 3 0 1 5 1 5 2 4 0 5 4 1 1 0 4 2 2 4 0 5 2 2 4 4 3 4 0 4 4 0 0 5 4
   4 1 0 2 1 0 3 2 2 1 0]
  [0 5 3 5 4 4 3 4 2 3 1 5 5 5 2 2 2 0 4 0 2 0 2 3 2 4 3 5 2 5 0 0 5 4 1
   0 5 3 0 3 0 2 2 5 3 3 4 2 2 2 3 4 3 5 4 1 0 3 3 1 4 5 5 4 0 4 1 3 1 5
   1 2 3 4 0 3 3 0 5 5 0]
  [0 4 3 1 5 1 5 4 1 4 1 1 5 4 0 3 4 3 3 5 3 2 4 4 4 2 3 4 3 2 4 3 4 4 0
   0 2 3 2 5 5 1 2 1 2 3 2 4 1 1 2 3 5 3 1 3 5 0 4 2 2 4 4 5 0 0 3 5 3 1
   4 4 3 4 2 0 0 5 5 3 3]
  [0 5 5 4 5 3 0 2 0 2 1 4 0 4 4 5 5 5 5 4 5 4 2 3 5 4 4 1 2 5 5 0 2 1 4
   0 3 2 1 1 0 3 4 2 2 2 5 0 5 5 4 2 1 4 2 0 2 1 0 0 3 0 3 1 3 1 0 3 3 5
   4 4 3 3 3 2 4 0 4 5 1]
  [0 4 5 5 4 3 4 0 3 1 2 1 1 3 0 2 2 1 1 1 0 3 1 3 4 2 1 0 4 2 4 1 5 3 2
   3 0 2 0 0 1 3 1 2 2 2 2 1 4 5 2 2 5 5 1 3 2 1 0 0 4 3 5 3 5 1 1 3 0 1
   2 5 3 0 0 1 0 2 4 1 0]
  [0 5 4 1 5 0 3 2 1 0 3 1 0 3 1 1 4 5 1 3 0 4 0 3 1 1 5 4 4 2 5 3 0 0 4
   0 2 1 4 4 1 2 5 1 2 2 2 1 5 4 3 0 3 1 3 3 4 3 4 3 0 1 5 3 5 1 2 3 5 3
   2 0 4 5 2 2 0 0 4 0 5]
  [0 1 2 0 2 4 3 0 1 2 4 0 0 5 4 4 5 0 2 2 1 1 4 2 1 3 5 1 0 3 5 0 5 1 0
   2 5 2 1 5 5 2 3 5 1 0 5 5 5 0 0 1 5 3 2 2 5 5 0 3 2 0 4 3 2 0 5 0 2 0
   4 0 2 2 1 2 1 2 5 0 2]
  [0 4 2 4 5 2 5 3 0 3 2 0 3 1 1 3 5 4 2 2 3 0 2 5 0 3 0 2 1 4 2 4 2 4 2
   1 5 1 0 3 3 5 0 2 3 3 5 1 2 0 4 1 5 4 4 4 0 5 4 0 2 3 0 5 0 2 3 5 0 0
   2 1 1 4 1 0 1 4 4 5 5]
  [0 3 1 4 5 1 3 1 4 5 4 1 3 2 1 4 4 2 2 3 4 5 0 3 5 2 1 5 3 5 3 2 5 0 0
   4 4 3 5 3 1 4 4 4 4 3 3 0 3 1 3 2 4 5 1 1 0 4 1 4 2 2 3 0 4 1 2 3 2 3
   0 2 3 5 5 0 4 2 4 3 3]
  [0 5 4 2 4 4 2 2 1 1 3 2 1 3 3 2 5 0 3 5 2 3 0 3 1 0 1 5 1 4 0 5 3 5 2
   2 1 3 2 3 3 3 2 1 5 2 2 0 5 2 0 2 4 2 4 5 2 3 1 4 0 0 4 0 0 0 0 4 5 1
   5 0 3 4 4 0 2 1 4 2 1]
  [0 1 2 0 5 4 2 5 4 3 3 5 4 5 3 1 5 4 3 0 2 1 4 0 0 2 5 4 4 1 1 4 2 0 3
   1 1 4 4 4 0 2 1 2 5 5 2 4 1 2 2 5 1 4 0 5 4 3 1 1 3 3 0 1 3 0 0 2 2 0
   1 2 4 3 5 5 0 5 0 3 0]
  [0 5 0 1 5 3 4 5 3 0 2 5 4 3 0 5 1 4 5 0 2 3 5 5 3 4 5 2 5 4 2 2 3 3 3
   5 2 0 3 2 0 3 2 5 1 3 4 2 5 3 4 5 5 5 0 0 2 2 3 5 3 5 0 3 5 1 0 5 5 0
   5 3 4 5 4 5 2 5 0 3 1]
  [0 0 1 0 1 3 4 3 5 5 2 4 1 5 3 0 0 0 4 3 5 4 5 5 1 2 4 2 5 5 3 2 2 5 2
   4 2 0 1 0 4 5 4 0 3 1 1 4 3 5 4 0 3 3 2 1 1 3 3 3 1 5 3 3 2 3 2 0 5 4
   0 5 3 2 0 0 4 3 1 1 1]
  [0 4 5 5 2 0 3 3 1 2 0 5 2 4 5 0 5 4 3 0 2 2 1 5 2 2 4 3 0 5 0 1 0 5 3
   4 0 3 2 2 5 3 1 1 5 0 2 3 0 5 3 0 1 0 4 1 5 4 1 0 0 3 1 3 0 5 2 5 0 0
   0 3 5 5 1 5 0 2 0 4 5]
  [0 4 2 5 2 4 4 5 1 4 5 4 4 2 4 1 4 2 5 4 2 3 2 5 5 3 2 2 1 3 5 4 5 1 0
   3 2 3 4 0 2 0 4 2 0 3 3 2 4 2 1 3 2 2 2 2 2 1 2 0 0 5 3 4 3 3 0 0 0 0
   5 4 1 0 1 5 4 5 1 1 1]
  [0 2 3 4 0 0 5 2 5 2 1 3 4 5 0 0 1 2 1 5 2 2 2 3 0 4 1 5 3 1 4 1 0 2 5
   1 0 1 4 5 3 4 4 5 1 1 2 4 0 1 2 0 0 3 3 3 4 5 1 2 2 4 5 0 5 5 2 2 4 4
   0 3 5 3 4 5 4 3 2 2 2]
  [0 4 3 1 5 0 0 5 0 4 0 3 2 0 3 0 1 4 5 2 4 4 2 2 0 0 2 0 0 4 4 2 3 0 0
   1 3 4 2 3 5 3 0 3 2 0 1 1 0 4 0 4 3 2 4 0 3 3 0 2 3 3 2 2 1 2 0 3 0 0
   5 0 3 2 4 2 4 0 3 0 3]
  [0 3 0 5 0 3 1 5 1 5 4 0 4 4 1 1 3 2 1 1 4 2 1 1 0 1 4 2 3 2 2 3 3 2 3
   3 0 4 4 5 5 1 5 1 5 3 1 2 0 0 4 5 2 2 2 0 1 2 3 4 2 1 2 2 0 4 3 1 4 2
   3 0 0 1 0 5 0 2 2 1 4]
  [0 5 0 2 0 4 0 5 2 0 5 3 3 4 0 5 3 2 4 0 1 3 5 2 0 1 3 0 3 0 2 0 2 4 1
   0 4 1 0 2 4 1 2 5 4 3 0 2 4 0 5 3 2 1 4 1 1 1 2 0 3 1 2 3 5 5 1 0 0 3
   4 0 1 0 5 0 1 0 2 4 1]
  [0 3 3 4 5 5 2 1 5 5 4 2 3 0 4 2 2 5 0 2 3 4 5 2 0 2 3 5 3 4 5 2 5 5 2
   4 3 3 4 3 1 4 3 1 1 0 3 5 5 4 2 5 5 5 3 0 0 1 0 0 1 4 3 5 2 3 0 5 2 0
   2 0 5 0 0 4 3 5 3 4 1]
  [0 2 2 0 0 4 0 1 2 2 0 0 4 1 2 4 2 4 2 4 0 5 2 3 2 0 1 4 4 3 3 4 1 2 2
   5 2 2 4 0 1 3 2 5 4 0 5 2 2 2 1 5 0 0 2 1 5 3 4 3 2 3 0 1 5 1 2 0 5 0
   2 0 4 0 4 0 3 1 1 4 5]
  [0 0 0 4 5 1 5 1 4 4 5 4 4 2 4 1 1 4 2 1 1 3 2 2 4 3 3 4 1 2 3 0 1 5 2
   3 3 5 0 0 4 4 0 1 0 2 3 1 5 2 2 1 2 2 5 5 1 3 1 4 0 4 2 3 2 4 1 2 2 3
   1 0 2 5 2 3 0 3 4 4 1]
  [0 5 1 0 1 3 2 4 2 3 4 1 1 5 1 3 5 4 5 5 4 1 1 1 2 5 2 5 3 1 1 3 4 2 0
   4 4 0 5 4 0 1 2 4 5 5 2 5 2 5 1 0 2 2 1 0 0 3 4 1 5 3 0 3 5 1 2 4 4 2
   0 5 4 4 3 4 0 0 1 4 2]
  [0 0 4 0 5 4 2 0 0 4 0 3 4 3 1 0 2 1 1 5 4 5 2 2 2 2 5 0 2 4 3 2 1 2 1
   1 1 5 5 0 5 0 1 0 5 3 3 4 0 2 2 3 2 1 0 5 4 4 0 0 5 0 3 0 4 2 4 2 5 3
   3 0 1 1 3 3 0 4 0 1 0]
  [0 4 5 4 3 5 2 2 2 5 5 1 5 2 2 0 2 4 1 1 2 4 4 2 5 4 1 3 0 3 3 5 3 1 0
   3 5 5 3 4 2 2 4 4 5 3 0 4 5 2 1 2 0 1 5 0 4 3 2 0 4 3 3 0 4 4 0 1 1 1
   2 5 3 4 0 1 1 3 1 0 4]
  [0 0 0 5 3 5 5 5 2 4 4 0 3 4 0 0 3 3 4 1 2 1 0 3 3 1 4 1 0 3 5 0 3 2 3
   3 2 3 2 1 1 0 2 2 0 2 4 4 0 2 2 1 4 1 4 3 4 2 4 3 5 0 0 4 3 5 1 1 3 1
   3 3 2 3 2 2 0 2 4 1 0]]

 [[0 3 5 2 2 3 5 1 5 2 2 2 4 2 3 0 0 3 1 1 2 0 0 2 0 3 4 0 5 2 0 4 4 5 1
   3 2 2 3 2 1 1 0 5 1 3 1 5 4 4 5 5 0 2 0 2 1 0 3 0 0 4 3 0 5 2 5 0 3 0
   3 0 3 4 4 5 2 1 2 4 5]
  [0 0 0 5 2 1 5 0 0 5 3 5 0 1 5 0 1 2 0 1 2 3 1 0 2 2 5 4 4 5 1 0 5 4 0
   0 3 0 4 1 0 2 3 2 1 4 4 0 1 3 1 1 0 4 0 2 1 4 1 5 3 1 2 5 3 1 4 4 3 2
   0 5 4 3 2 5 4 4 2 5 3]
  [0 5 0 5 4 1 0 4 1 0 0 4 2 0 1 3 2 5 5 0 0 2 4 0 2 0 5 2 1 2 1 2 4 2 4
   1 3 1 0 5 4 0 4 3 1 4 1 4 4 3 3 4 5 3 3 1 4 4 2 0 4 5 2 4 0 1 3 0 5 0
   4 0 5 5 2 0 3 4 0 1 4]
  [0 5 2 0 2 5 2 2 0 1 2 5 1 0 2 2 3 2 4 1 4 2 1 5 2 3 0 0 5 2 3 1 3 0 2
   0 1 2 0 5 5 2 5 3 5 3 2 0 5 2 3 5 2 4 5 2 1 5 5 1 4 5 1 4 2 1 4 2 4 0
   3 4 5 0 3 2 4 2 2 4 1]
  [0 0 4 3 0 5 2 5 0 0 5 1 1 0 5 0 0 2 5 5 1 5 4 3 2 4 5 3 0 4 3 1 3 3 0
   4 4 3 4 4 1 4 4 4 4 2 0 0 0 2 0 3 0 1 2 1 2 0 4 4 5 4 0 2 0 2 3 2 1 0
   1 2 0 4 1 2 5 1 4 0 1]
  [0 4 1 3 1 0 5 0 4 2 0 4 1 2 4 1 4 5 0 2 1 3 1 3 0 0 1 4 2 1 0 0 0 0 5
   1 1 2 3 2 2 3 5 0 1 2 0 5 4 0 3 3 1 4 2 3 5 2 0 4 4 0 0 1 2 0 5 4 0 3
   5 1 5 2 4 4 1 0 5 5 1]
  [0 3 3 0 5 4 0 4 5 1 0 0 5 3 0 1 2 5 4 4 4 5 2 5 3 5 5 4 3 1 2 2 1 3 2
   4 1 5 0 2 4 4 1 2 4 2 1 0 1 1 2 2 1 5 0 1 2 4 2 3 2 2 4 5 2 3 5 1 3 4
   4 3 1 4 2 4 4 0 1 1 0]
  [0 4 2 4 3 5 1 0 3 5 3 1 0 5 4 2 4 1 2 4 2 4 0 0 1 2 3 1 4 1 3 5 5 2 2
   5 2 2 5 1 0 1 3 0 5 1 3 4 1 2 1 3 5 0 0 2 4 5 1 5 5 2 2 3 0 3 5 3 2 5
   1 0 0 2 5 3 5 0 3 1 1]
  [0 3 5 1 1 3 1 5 0 1 0 1 1 5 4 0 2 2 4 3 3 1 1 1 0 1 2 4 1 4 5 5 0 1 0
   5 3 4 3 3 3 0 1 4 5 1 2 1 2 0 0 0 0 1 5 2 1 2 1 3 3 3 4 1 2 0 4 2 5 4
   3 0 3 1 0 3 3 3 5 2 4]
  [0 5 4 5 2 3 5 4 1 0 2 2 4 0 5 0 1 1 2 1 1 1 0 1 3 0 5 1 2 5 1 0 2 3 2
   2 3 0 3 4 2 2 1 4 5 3 1 0 3 4 4 2 5 5 5 0 2 4 3 5 0 3 0 2 4 3 0 3 3 0
   4 2 5 2 3 2 3 0 3 3 2]
  [0 5 5 0 5 1 0 2 5 5 0 2 5 0 0 5 3 5 0 5 4 4 2 3 5 1 4 2 4 1 5 4 3 0 0
   2 2 2 0 2 0 4 1 1 2 5 0 1 0 3 1 0 3 3 2 1 5 1 5 4 2 3 3 1 5 3 4 2 4 3
   0 1 4 3 4 0 1 0 1 3 3]
  [0 2 0 4 4 0 2 0 3 1 2 0 4 1 3 1 0 5 3 3 2 3 2 5 1 4 4 4 0 3 3 1 5 2 0
   5 5 3 2 1 4 3 5 2 3 3 4 3 2 1 2 5 1 3 0 5 2 5 1 0 0 4 1 4 1 1 2 4 2 4
   4 2 4 4 5 4 1 0 3 0 5]
  [0 3 4 5 5 2 0 3 1 0 5 1 0 2 5 0 5 3 2 3 3 4 2 4 0 1 4 2 1 1 5 4 0 5 5
   3 0 5 2 1 2 3 1 5 0 5 1 1 4 3 0 0 3 5 4 1 3 5 3 3 3 1 3 4 0 2 3 5 2 3
   5 2 1 0 4 2 5 3 2 4 0]
  [0 1 0 4 1 3 5 4 4 3 3 2 4 0 1 5 0 4 0 4 5 3 3 0 4 2 0 3 2 1 5 2 4 4 4
   4 3 4 5 2 2 0 1 5 1 1 4 0 0 1 2 0 4 3 5 0 3 3 0 0 0 4 2 1 1 0 4 4 5 1
   5 3 4 4 2 4 0 3 4 2 2]
  [0 5 3 5 2 4 3 4 0 4 0 1 0 4 0 1 5 3 2 0 1 4 4 5 0 0 2 5 2 3 0 0 4 1 4
   3 3 2 4 1 0 5 3 0 0 5 0 0 5 3 2 0 5 1 2 0 1 2 3 0 1 1 0 2 1 0 1 5 2 5
   1 5 3 4 2 0 4 2 0 3 4]
  [0 4 0 4 1 5 4 4 4 5 5 1 3 1 4 0 0 0 1 4 0 3 0 4 2 2 3 4 4 3 3 5 4 3 3
   0 4 4 4 2 1 3 4 0 3 3 4 2 1 0 1 2 4 1 4 4 4 0 4 5 5 3 0 3 2 1 2 1 5 1
   2 2 0 3 5 4 4 2 2 1 5]
  [0 0 5 4 0 0 1 0 2 0 4 3 4 4 3 1 0 4 0 1 0 5 3 1 3 4 3 1 0 4 2 1 4 2 0
   5 2 3 2 3 3 5 1 1 2 5 4 0 2 0 0 1 4 1 1 2 0 4 2 0 2 2 0 3 5 5 0 0 4 2
   2 0 0 2 5 4 2 2 5 0 5]
  [0 3 3 4 2 2 4 5 1 3 3 4 3 0 0 0 4 0 0 3 1 5 1 1 2 4 3 5 3 3 5 0 2 3 4
   2 0 3 0 1 5 3 2 2 5 1 5 1 0 0 0 3 0 4 5 2 2 2 4 3 2 2 1 5 2 1 5 0 5 1
   1 1 0 0 3 0 0 3 1 4 2]
  [0 0 5 4 1 5 4 0 3 2 0 5 0 4 4 5 5 4 0 2 0 2 1 3 5 0 0 4 0 3 1 5 2 3 0
   0 0 4 4 5 4 0 3 0 3 0 4 4 5 0 4 2 4 5 2 3 4 1 5 4 0 0 5 2 4 0 3 1 5 1
   5 1 3 1 4 2 3 3 4 0 3]
  [0 5 4 4 4 1 1 4 4 2 0 0 1 0 1 3 4 3 2 0 2 3 4 2 4 5 5 5 1 5 5 4 0 5 0
   5 1 4 5 3 2 0 5 4 5 3 2 1 5 0 2 4 4 1 1 2 1 4 4 3 5 1 1 5 0 1 2 1 1 4
   0 4 4 0 1 4 5 5 5 3 0]
  [0 5 2 0 2 5 2 1 3 1 0 5 2 2 2 3 5 4 0 1 0 4 3 3 5 3 5 5 3 3 5 5 2 5 0
   4 0 0 4 3 0 1 0 0 2 2 2 2 2 5 1 5 5 2 2 0 2 2 1 1 1 2 0 4 4 2 5 0 2 1
   1 1 4 0 1 2 4 4 2 5 1]
  [0 2 3 3 0 4 4 4 3 3 4 2 3 5 0 2 2 4 1 2 5 0 4 4 2 0 5 4 0 0 0 5 1 1 1
   2 3 5 2 3 2 2 4 0 1 2 2 2 5 0 4 1 3 5 0 3 3 2 2 2 3 2 0 5 2 4 5 4 0 1
   2 3 4 0 5 0 1 3 5 1 3]
  [0 5 5 5 3 4 1 0 2 3 2 3 3 1 2 3 4 0 2 5 1 1 0 5 4 1 3 1 5 5 0 0 1 3 1
   2 3 3 1 0 3 3 4 5 5 2 1 1 5 4 5 4 3 3 5 2 2 2 4 4 5 5 0 2 4 4 2 2 0 2
   0 1 1 5 0 5 2 1 0 1 1]
  [0 5 3 4 5 3 3 5 3 0 3 3 2 5 3 5 0 4 1 4 3 4 5 0 3 0 4 2 0 0 1 5 4 5 4
   0 0 3 4 3 0 1 5 1 4 4 5 3 0 2 5 4 5 1 4 5 1 4 4 5 2 5 4 4 0 0 2 2 2 5
   5 5 0 4 1 5 4 2 5 4 2]
  [0 2 3 1 1 1 4 0 3 1 3 2 0 4 4 2 0 4 1 4 1 2 4 3 0 4 2 0 5 1 5 3 0 0 5
   5 3 1 3 0 5 3 5 2 0 0 1 3 1 4 0 1 2 2 3 4 5 3 1 1 4 0 5 2 5 1 0 5 4 0
   5 3 4 3 5 4 2 2 5 0 2]
  [0 0 5 5 3 3 2 0 0 0 5 5 1 2 3 5 3 0 5 1 1 0 0 0 4 0 2 5 1 0 2 5 2 5 5
   4 3 5 5 0 2 4 1 4 5 2 2 5 0 2 3 0 0 2 4 4 4 5 2 5 3 1 0 2 1 2 0 3 4 2
   2 5 5 3 3 3 0 2 5 0 2]
  [0 4 4 2 1 0 5 4 3 5 1 1 1 2 4 0 3 3 1 0 3 5 0 0 3 3 0 1 3 5 5 1 4 4 4
   3 4 0 0 4 1 5 5 1 0 4 5 1 5 2 2 4 1 3 2 0 5 3 1 1 0 0 1 1 4 0 5 2 5 3
   4 0 2 1 3 5 4 5 0 0 1]
  [0 0 0 5 2 0 4 0 0 5 1 3 2 0 3 3 1 0 3 2 0 5 5 3 2 4 5 0 3 5 5 5 0 4 5
   2 5 1 0 3 4 0 0 1 2 5 3 1 5 1 5 5 0 0 0 0 3 3 3 5 4 3 1 3 5 2 4 1 3 0
   3 5 1 2 3 4 3 2 3 2 4]
  [0 0 4 0 5 5 2 5 1 0 2 2 0 0 4 2 2 2 4 3 1 2 0 1 0 5 1 4 0 2 1 5 1 4 0
   2 5 5 0 2 1 5 0 3 2 4 4 4 1 1 3 1 4 3 2 5 5 3 3 3 3 3 2 1 1 3 0 1 2 0
   2 1 3 0 5 1 0 5 0 1 4]
  [0 5 5 2 4 1 1 4 5 4 1 4 5 4 2 1 3 5 1 0 5 2 0 2 2 3 5 4 1 0 0 2 4 4 1
   0 3 5 1 4 5 1 3 4 3 2 3 1 2 0 4 0 4 1 0 3 2 1 3 2 1 5 5 3 4 1 0 5 2 4
   0 5 3 3 4 2 1 4 1 0 1]
  [0 3 2 1 1 3 1 0 0 5 3 5 5 2 0 1 1 5 1 1 1 5 0 5 5 4 5 5 5 5 0 4 2 5 2
   2 5 2 5 2 4 5 0 0 5 5 0 0 5 4 1 3 4 4 1 5 0 3 0 4 3 2 4 1 3 3 1 4 4 4
   0 2 0 4 0 4 2 5 0 5 0]
  [0 5 4 5 5 1 2 3 1 5 1 3 4 1 4 4 4 5 0 0 2 0 1 4 4 2 3 0 2 0 3 0 0 5 3
   3 2 4 1 1 5 3 2 5 0 1 3 3 5 1 0 3 4 0 3 4 2 2 3 2 5 4 5 3 5 5 2 4 3 2
   5 1 5 3 3 4 1 0 0 5 1]
  [0 0 4 1 4 2 5 2 2 0 0 0 3 3 2 4 0 5 5 5 3 5 2 2 1 0 2 5 5 0 2 1 0 5 2
   2 3 1 4 1 0 5 4 0 1 3 2 2 2 2 0 5 1 0 1 3 0 1 1 2 0 1 5 5 2 4 1 4 5 4
   4 5 3 0 1 2 3 3 3 0 5]
  [0 0 4 4 3 1 1 1 3 3 3 5 4 5 1 5 3 2 3 1 2 1 5 4 0 0 1 3 2 1 5 0 3 0 5
   4 0 2 3 0 0 2 0 1 3 2 4 5 3 2 0 5 2 4 5 4 4 5 1 1 0 0 0 1 5 0 4 2 1 2
   0 1 0 0 0 4 2 3 3 4 1]
  [0 2 3 4 2 1 5 1 1 1 1 4 0 0 3 3 4 0 5 2 2 2 5 4 4 2 5 0 1 5 4 1 3 0 0
   5 3 1 2 2 2 5 0 3 5 3 4 5 1 0 3 3 3 5 1 5 0 2 2 3 1 3 4 1 2 3 4 1 2 5
   5 2 1 4 2 4 1 3 3 3 5]
  [0 2 5 0 0 2 3 3 1 1 5 5 1 0 3 1 1 3 3 5 0 4 5 4 5 3 1 4 0 1 0 3 3 1 5
   0 5 2 5 2 4 5 0 1 2 2 1 5 0 4 3 4 5 2 2 3 2 3 3 4 0 2 3 0 3 4 5 3 4 3
   3 0 5 3 3 4 4 2 3 3 1]
  [0 3 4 2 1 0 4 0 4 1 3 1 1 5 5 3 0 3 3 4 4 2 1 2 0 2 5 1 0 4 5 3 5 0 1
   0 0 3 2 0 2 2 5 0 4 5 1 1 5 4 1 5 5 4 4 0 0 3 3 1 5 5 0 0 2 1 2 3 0 5
   5 1 5 1 1 3 0 2 3 0 3]
  [0 1 0 4 5 1 1 2 3 4 3 2 3 4 1 0 5 1 0 3 3 5 0 0 4 0 1 3 2 1 2 4 3 1 3
   1 4 0 4 2 0 5 0 2 4 5 1 1 3 4 5 1 2 1 2 5 2 3 2 5 2 0 3 3 1 5 0 4 0 0
   1 2 5 0 3 4 4 1 4 2 1]
  [0 2 2 3 3 3 3 4 0 5 2 3 0 3 0 1 5 1 0 3 3 2 2 3 2 5 0 3 5 5 0 1 3 5 5
   5 3 5 0 0 1 1 3 2 0 2 5 4 1 0 3 3 5 1 3 2 1 1 4 2 3 5 0 5 2 1 3 3 0 5
   3 2 1 3 2 2 0 4 5 2 5]
  [0 5 3 1 4 5 2 4 0 5 5 5 0 1 2 2 4 2 2 4 0 3 2 3 1 2 3 0 1 3 1 3 1 0 4
   1 1 0 0 0 5 0 2 2 3 4 1 2 3 3 3 1 2 3 5 1 0 4 5 3 3 2 3 2 5 3 4 5 3 4
   0 4 0 1 2 5 0 3 0 2 5]
  [0 4 1 3 4 0 5 1 2 3 1 0 2 5 2 2 1 4 5 0 5 2 1 1 5 5 3 1 0 2 4 3 2 2 1
   2 0 1 5 2 0 0 5 4 5 3 1 3 0 3 3 1 2 1 3 5 4 3 4 2 3 4 2 0 2 5 3 2 5 1
   5 2 5 4 1 2 0 1 0 0 0]
  [0 5 0 1 4 4 1 3 0 2 3 5 4 5 3 2 0 3 1 5 4 4 1 2 3 4 4 1 0 3 3 2 2 3 2
   2 5 2 0 3 4 0 4 3 0 5 5 4 2 4 5 2 5 0 2 5 4 5 3 0 5 1 1 5 0 0 2 0 2 3
   5 2 5 1 1 0 0 1 2 0 5]
  [0 0 4 4 0 1 0 3 1 3 4 2 1 4 1 0 2 2 0 0 5 5 2 0 3 4 1 0 2 2 4 4 4 5 1
   4 3 2 1 3 0 3 0 3 3 0 0 4 5 1 3 5 4 4 1 1 4 5 2 0 1 4 2 5 1 2 4 1 0 1
   3 0 3 3 4 2 0 2 4 3 0]
  [0 1 3 4 1 4 2 2 2 2 5 1 3 0 1 3 4 1 3 4 4 2 1 0 5 2 5 0 4 4 4 5 1 1 5
   3 5 5 0 3 5 0 5 0 1 0 3 0 1 3 1 5 0 1 4 4 4 3 3 4 5 5 2 5 3 2 2 3 1 1
   1 5 4 2 1 3 0 3 5 3 2]
  [0 1 1 0 0 0 4 1 2 5 1 1 3 5 3 0 5 0 5 2 1 4 2 4 3 1 3 1 0 3 5 3 1 1 3
   2 0 1 0 3 1 3 4 5 0 2 0 0 4 1 0 0 0 5 5 4 1 4 2 2 1 2 4 2 1 0 4 4 2 5
   4 1 4 0 2 3 2 5 0 4 1]
  [0 5 5 0 1 0 2 2 0 5 0 4 2 0 1 4 2 3 2 4 3 2 5 3 3 2 3 2 1 0 2 5 2 1 2
   2 3 0 2 1 0 5 2 5 1 0 2 2 3 0 4 5 1 3 1 0 3 5 5 3 4 5 0 3 2 0 4 5 2 5
   0 3 5 0 2 2 2 0 3 3 1]
  [0 1 4 4 0 2 5 5 3 3 5 1 4 4 3 0 4 0 5 2 5 1 3 4 2 3 2 4 3 2 0 5 1 0 5
   5 5 3 2 1 2 2 2 5 5 4 0 0 2 4 1 1 5 3 4 4 4 2 0 3 2 2 3 3 5 0 4 2 1 3
   5 4 1 3 3 2 0 5 3 1 2]
  [0 2 1 4 4 4 5 3 4 4 0 2 5 5 2 4 2 2 3 0 0 5 5 3 1 0 0 3 2 1 4 3 2 1 5
   1 4 2 2 2 1 4 4 0 1 4 4 0 0 1 1 2 4 1 2 4 3 2 5 1 4 0 2 3 5 0 3 2 1 1
   4 3 5 5 2 0 4 5 5 2 3]
  [0 2 1 5 0 5 3 1 0 4 0 2 5 1 0 0 3 5 2 3 0 1 5 5 3 2 1 3 5 3 5 2 1 3 5
   3 5 4 4 2 4 4 4 0 4 2 5 2 0 5 2 4 4 5 5 5 1 0 4 4 0 0 0 0 2 5 3 5 4 2
   4 2 4 2 5 4 5 4 0 3 5]
  [0 4 3 3 1 4 5 5 4 2 0 5 0 0 4 1 5 4 2 0 5 5 5 4 4 3 3 3 5 3 4 1 0 1 3
   1 1 5 0 4 3 4 0 5 2 4 0 2 2 0 5 4 2 0 2 4 1 4 5 5 5 3 0 0 5 5 5 5 0 0
   0 4 5 2 5 4 0 0 5 1 1]
  [0 4 0 0 0 4 5 3 2 1 3 4 1 2 0 4 3 2 4 1 2 5 4 0 4 0 1 4 0 2 1 0 4 2 5
   5 4 1 2 0 4 4 4 1 3 0 1 5 2 4 0 4 5 3 0 0 3 4 2 1 0 5 0 4 3 1 3 3 5 2
   5 1 1 3 2 1 0 0 4 2 5]
  [0 3 1 3 1 0 2 2 3 1 3 2 4 3 2 3 3 0 0 4 1 2 1 4 5 3 4 0 1 5 5 4 3 3 1
   0 5 2 5 2 1 1 1 2 5 2 4 3 2 0 0 0 3 0 3 3 1 5 3 1 4 2 0 2 4 2 4 2 5 3
   3 5 2 3 5 2 3 2 5 4 0]
  [0 4 5 0 0 3 3 0 0 3 4 4 0 4 0 0 3 0 1 4 4 5 5 2 4 5 3 2 5 0 3 2 3 2 1
   2 0 0 5 3 1 0 2 1 0 2 1 5 0 1 3 2 0 4 4 3 4 3 4 0 2 1 5 2 4 3 0 1 0 0
   5 2 0 1 3 2 3 2 4 3 3]
  [0 1 4 3 3 1 4 1 5 4 3 3 0 1 5 1 2 3 0 1 0 5 5 2 3 5 0 5 0 5 1 0 2 2 1
   3 4 5 5 2 0 1 1 5 5 4 4 0 1 1 4 0 4 0 0 4 0 0 2 1 1 2 3 3 3 2 5 0 4 4
   1 5 5 1 0 0 1 3 0 0 0]
  [0 1 5 0 0 1 5 3 0 3 0 2 0 4 2 4 2 1 0 0 5 3 1 0 3 5 3 5 0 3 2 1 3 2 0
   3 4 1 0 3 1 1 1 5 0 4 4 4 1 3 4 1 4 3 0 2 1 0 3 5 5 0 0 0 5 2 2 0 4 1
   0 0 5 0 3 2 4 5 2 0 5]
  [0 5 0 2 1 0 2 4 5 1 4 2 5 2 2 3 2 0 0 0 4 5 1 0 4 5 5 4 3 5 0 4 4 4 4
   2 2 1 4 1 1 1 2 2 0 3 5 1 2 2 2 5 2 0 4 0 5 1 4 3 0 4 0 1 0 5 2 4 3 2
   1 4 1 1 4 4 2 1 1 0 0]
  [0 1 3 2 1 4 2 4 0 3 0 2 4 0 5 0 2 2 5 3 0 4 1 5 1 4 0 3 2 3 2 2 0 1 1
   5 2 5 4 2 1 4 2 1 2 4 2 0 1 0 4 2 2 2 5 2 0 5 4 3 0 5 5 0 0 5 1 2 3 3
   0 2 2 0 2 0 2 5 3 0 4]
  [0 2 5 4 5 4 2 1 4 4 5 4 2 4 2 2 5 2 4 2 2 0 5 0 3 4 1 4 2 1 1 0 2 0 3
   3 2 1 1 3 1 5 0 1 5 5 2 1 4 2 2 3 5 2 4 5 4 0 2 2 2 3 2 2 5 0 4 3 0 4
   2 1 3 0 1 4 0 5 4 1 2]
  [0 0 0 1 1 1 3 3 5 5 2 3 3 1 2 5 2 2 4 5 2 5 5 1 1 1 4 3 3 4 4 4 1 5 4
   1 2 3 3 5 3 1 3 2 2 3 2 5 0 5 2 3 1 3 0 4 1 5 0 3 1 0 5 3 5 2 0 3 1 5
   0 2 2 5 0 4 0 1 5 0 2]
  [0 2 4 5 3 2 5 4 3 2 0 1 2 2 3 5 4 4 4 1 1 2 1 5 4 2 5 4 0 5 3 4 0 4 4
   5 1 2 5 1 2 1 2 5 5 1 3 1 5 2 2 0 5 2 2 3 4 4 4 0 3 3 4 3 2 3 4 1 2 1
   4 3 0 1 5 3 3 1 1 3 3]
  [0 2 2 4 1 1 5 5 5 3 5 2 3 0 0 1 3 0 3 5 5 2 3 1 0 1 5 2 4 5 5 2 5 0 4
   4 2 2 2 2 3 0 0 5 1 4 4 1 4 1 5 5 2 1 0 0 0 2 2 1 0 3 0 1 4 3 4 4 5 0
   0 2 1 1 0 0 5 4 2 0 1]
  [0 4 5 3 3 5 5 4 2 2 0 4 3 4 5 1 1 0 1 4 1 4 4 4 0 0 2 3 4 5 1 3 0 1 5
   5 3 4 0 0 3 1 5 2 5 4 1 3 0 3 0 5 1 2 2 0 2 3 5 2 2 0 5 0 4 1 3 5 1 5
   0 3 5 4 5 3 3 4 2 0 3]
  [0 2 1 5 0 0 1 3 3 4 4 5 4 3 4 5 0 5 5 1 5 5 4 1 4 1 0 4 2 3 3 2 4 4 1
   0 1 3 0 5 5 4 5 2 3 0 4 2 1 1 1 1 4 0 4 0 0 1 4 2 3 5 0 1 1 5 1 2 2 1
   2 4 4 3 2 1 1 2 3 3 1]
  [0 4 1 5 0 4 4 3 3 5 3 4 2 5 3 0 0 0 0 3 5 2 3 5 5 3 4 4 5 5 2 5 2 4 4
   4 3 3 0 4 1 3 1 3 1 3 1 0 2 2 4 1 3 4 1 3 5 4 1 1 2 0 3 0 0 4 3 4 4 4
   5 2 3 0 2 3 5 2 2 4 4]
  [0 1 5 1 2 2 5 0 4 3 0 5 0 3 0 1 5 5 2 4 2 1 1 3 0 2 1 4 5 4 3 4 4 1 0
   3 2 1 0 5 5 2 3 5 5 2 3 4 0 3 1 5 2 3 3 0 0 5 4 4 4 1 2 2 0 5 5 0 0 4
   2 5 3 1 3 5 5 3 5 0 1]
  [0 1 3 4 4 3 4 5 3 3 3 2 5 2 0 0 5 2 0 2 5 5 5 0 3 1 3 1 2 1 0 0 1 4 2
   1 4 0 1 1 2 4 0 3 5 4 1 5 0 0 2 0 5 2 1 2 4 1 0 3 4 4 2 5 1 0 5 0 2 3
   3 0 5 5 3 1 0 1 5 2 2]
  [0 5 3 2 0 1 5 1 5 4 2 3 3 4 0 5 2 5 4 5 0 5 2 3 0 3 3 0 2 4 4 2 1 0 4
   2 1 2 3 4 2 5 1 3 5 3 1 2 2 1 4 1 3 3 0 1 1 1 2 1 1 0 3 1 3 2 0 1 4 3
   3 4 1 3 2 2 5 1 0 5 3]
  [0 4 1 2 0 3 5 5 5 4 4 0 4 2 3 3 4 3 3 1 3 4 2 0 3 1 5 4 5 5 0 3 3 3 1
   4 1 2 2 3 2 4 5 5 1 4 2 3 1 0 2 4 5 3 4 0 0 0 1 2 0 2 0 1 0 5 3 0 2 5
   1 1 1 4 4 1 3 0 2 3 4]
  [0 1 2 4 1 1 1 5 3 4 5 4 5 1 1 0 4 5 4 1 1 5 5 3 1 4 4 4 2 3 3 0 0 3 5
   1 0 3 0 0 5 1 2 0 0 5 0 3 5 3 1 1 5 0 5 2 2 1 2 2 4 2 2 5 5 1 3 3 0 4
   2 1 4 3 1 2 1 4 4 0 2]
  [0 4 1 5 0 0 3 2 0 3 3 1 0 3 3 1 3 2 1 4 0 2 2 4 4 4 0 3 4 3 2 5 0 0 4
   0 1 3 0 0 4 1 4 3 2 0 5 4 2 4 0 0 4 0 0 5 4 0 0 4 2 1 0 1 1 4 0 1 0 0
   2 3 3 4 1 3 5 1 5 4 2]
  [0 5 4 5 0 4 5 3 0 1 2 5 0 1 2 4 4 1 3 2 1 1 3 2 3 1 4 4 1 4 4 5 3 1 1
   5 2 2 5 3 0 5 1 2 0 1 1 2 0 1 2 0 1 4 5 4 5 3 1 4 3 4 4 3 5 3 3 4 5 3
   0 5 5 0 5 2 5 0 4 3 5]
  [0 2 4 3 2 2 3 0 4 3 4 4 4 3 3 1 5 2 0 1 4 3 0 4 2 5 0 3 2 5 4 1 5 1 1
   1 3 2 2 3 4 4 0 0 2 2 4 4 0 3 4 2 5 0 5 5 4 5 3 3 0 0 3 0 4 2 4 4 2 2
   2 0 4 1 1 1 5 1 1 2 5]
  [0 4 2 0 3 2 4 3 5 0 2 2 4 5 3 2 2 4 4 5 4 5 5 0 4 5 4 0 5 3 1 3 2 4 4
   5 1 0 3 1 0 3 2 4 5 2 0 5 3 3 2 2 4 5 1 2 1 1 1 2 1 4 1 0 4 2 3 4 0 5
   0 3 0 0 2 0 5 4 3 0 4]
  [0 1 1 0 4 2 5 3 0 4 3 3 2 2 0 0 0 1 1 2 2 4 5 4 4 1 0 2 5 1 2 1 0 2 4
   1 5 3 2 4 4 3 1 2 5 1 1 4 0 4 0 4 0 2 3 3 4 4 0 0 3 1 5 1 3 3 4 0 1 2
   3 0 4 0 3 5 1 3 5 3 1]
  [0 3 5 0 0 1 4 4 3 3 2 0 1 3 4 2 3 5 2 5 1 5 2 3 4 0 2 2 2 0 1 2 4 4 3
   3 1 0 5 2 4 5 5 0 3 5 4 4 4 4 5 3 1 3 1 3 1 4 4 1 3 1 0 4 1 4 5 2 0 0
   1 0 0 0 0 0 3 5 1 0 3]
  [0 2 4 1 0 4 2 3 0 0 2 0 1 1 3 2 1 1 5 3 4 3 0 1 0 1 2 4 3 4 3 5 3 3 2
   5 4 4 3 4 3 1 2 2 5 0 3 3 0 3 2 2 5 1 2 1 2 1 5 5 3 4 1 0 3 4 2 4 1 0
   3 3 1 4 1 0 2 2 3 4 5]
  [0 2 0 3 1 3 0 2 2 1 0 5 4 3 0 3 2 2 5 3 0 2 5 1 1 2 3 4 1 1 3 4 3 2 5
   1 3 3 5 3 0 0 4 1 3 4 5 1 1 4 0 4 3 0 1 2 2 0 0 4 1 5 3 2 5 3 5 2 3 2
   0 4 2 5 3 4 0 5 2 1 2]
  [0 4 3 5 3 3 0 4 5 1 1 5 4 4 2 5 2 2 3 2 1 2 4 1 0 4 0 3 4 2 5 5 3 4 4
   0 3 2 1 4 1 3 3 0 1 0 5 5 1 3 2 0 5 4 2 4 0 3 5 0 4 0 2 3 5 1 1 3 4 3
   2 0 4 1 2 5 3 0 4 5 2]
  [0 4 3 1 0 5 3 2 0 3 5 0 2 5 5 0 2 5 1 5 5 4 5 4 3 2 0 1 1 2 5 2 5 3 4
   2 0 2 0 1 0 1 2 5 0 5 1 0 1 2 1 5 5 4 3 5 4 5 4 2 5 5 0 1 1 0 5 3 3 3
   3 2 5 5 2 5 5 3 0 2 1]
  [0 2 4 5 2 4 5 2 4 5 1 0 4 4 0 4 4 2 4 4 5 4 5 1 3 2 5 5 4 1 0 3 3 5 0
   2 3 0 5 1 5 5 0 1 5 1 0 3 0 3 4 0 0 1 1 4 0 5 4 2 4 0 0 0 0 3 0 0 2 2
   3 4 4 3 4 1 3 2 1 0 4]
  [0 0 2 1 3 4 3 3 4 3 3 5 0 5 2 3 0 4 2 3 5 2 5 3 0 2 3 0 2 0 5 3 3 1 2
   5 5 0 2 4 2 0 1 5 1 5 3 1 0 0 3 3 1 1 1 5 4 4 4 3 1 5 3 0 4 5 1 2 3 1
   0 5 2 4 1 3 5 2 5 2 0]]

 [[0 1 5 4 4 4 1 5 2 1 1 4 4 5 1 4 1 0 0 5 5 5 4 1 1 5 3 1 1 1 3 3 4 1 2
   4 4 1 2 0 2 2 2 0 3 2 2 0 3 1 3 3 2 5 1 0 4 4 2 3 3 4 3 1 5 5 1 5 5 3
   4 0 1 1 3 4 1 5 1 4 1]
  [0 0 2 4 3 1 1 0 0 3 0 3 2 3 2 2 0 5 3 5 3 4 1 4 0 2 1 2 0 5 0 2 1 1 1
   4 1 0 4 3 4 4 3 2 1 3 1 0 5 1 4 0 1 4 5 2 1 0 0 1 2 4 1 2 3 4 3 1 1 2
   2 5 0 4 4 1 5 3 1 3 1]
  [0 2 0 5 5 2 2 5 3 2 5 2 0 4 5 3 5 1 2 3 0 4 4 4 5 2 2 0 3 3 5 1 5 5 0
   2 4 5 1 4 2 4 1 5 4 5 2 0 0 0 0 5 4 3 0 4 4 5 1 3 4 4 5 5 3 4 0 2 3 0
   3 4 2 1 3 0 5 0 5 2 3]
  [0 3 4 0 4 3 3 5 1 5 0 0 0 5 1 5 1 1 0 0 5 3 1 5 4 5 2 2 4 4 5 3 2 0 3
   5 4 4 5 4 4 4 4 5 2 0 0 2 3 2 2 3 1 4 2 5 1 5 2 2 4 5 2 3 5 0 1 5 5 2
   5 4 4 4 4 1 0 5 3 5 5]
  [0 0 3 4 0 1 5 3 4 0 1 4 5 0 1 3 5 1 0 4 4 3 2 2 5 0 0 2 5 0 0 2 1 2 1
   0 0 2 0 1 5 2 0 0 3 0 4 5 0 1 1 3 3 2 4 5 3 1 2 0 2 3 2 0 2 3 5 3 1 1
   1 1 2 3 0 2 4 4 2 5 5]
  [0 1 5 0 3 0 4 3 5 1 1 4 3 0 3 0 3 0 0 3 0 2 1 4 0 1 2 4 2 1 0 1 2 4 2
   2 4 2 5 0 1 1 2 5 1 2 2 1 3 1 3 5 3 3 4 3 5 4 1 5 5 3 0 5 0 2 1 4 4 1
   3 4 0 0 1 1 3 0 2 5 4]
  [0 0 1 0 3 0 0 4 4 0 4 2 0 0 5 4 3 5 0 0 0 0 5 4 4 2 2 3 1 5 3 5 3 4 1
   5 0 0 3 3 2 5 5 5 5 1 5 4 1 4 1 3 4 5 3 1 1 5 3 4 1 0 1 0 4 4 4 0 3 4
   1 4 0 1 2 5 5 4 0 5 4]
  [0 0 4 2 4 2 2 0 4 3 5 4 0 2 4 1 2 5 2 0 4 1 1 1 0 5 4 5 5 0 0 1 3 4 3
   2 0 1 2 0 5 2 2 1 2 2 1 0 1 2 1 3 2 2 2 0 5 0 5 4 1 1 0 4 2 3 0 2 0 2
   4 2 3 1 3 2 3 3 1 2 4]
  [0 2 4 0 0 0 0 4 0 4 5 1 5 4 5 1 4 1 5 1 3 0 5 2 2 1 2 0 4 5 1 5 2 1 2
   5 2 1 2 4 1 0 3 2 1 3 5 5 5 5 5 0 4 5 0 3 2 3 2 3 2 4 0 5 0 0 1 2 0 4
   0 1 3 4 1 5 2 3 4 2 0]
  [0 4 5 1 5 5 1 0 3 0 3 4 3 4 0 3 2 2 1 1 3 1 4 0 4 2 1 1 3 4 2 1 2 4 1
   4 1 0 5 1 0 2 0 5 4 3 0 2 4 0 1 0 3 4 1 1 2 3 0 1 0 4 0 0 3 2 3 3 0 4
   5 2 0 3 5 4 4 5 0 0 2]
  [0 0 4 0 5 5 4 2 2 0 0 5 2 5 3 2 5 0 1 5 0 0 0 1 4 3 4 4 3 0 1 5 5 5 0
   3 5 2 5 3 2 5 4 5 4 1 1 4 1 3 5 5 1 2 2 2 3 5 0 3 2 1 4 2 1 1 1 0 1 3
   1 1 1 2 0 1 4 5 3 5 1]
  [0 4 5 4 2 3 0 2 3 2 1 0 4 4 1 0 5 0 5 3 4 5 2 1 3 0 4 4 0 5 1 0 0 4 4
   5 0 1 0 2 1 0 2 2 2 3 1 1 1 5 4 0 0 1 1 2 3 1 0 5 2 1 1 4 5 3 2 0 5 4
   5 4 1 4 1 2 5 4 2 3 5]
  [0 1 1 4 4 4 0 1 0 4 1 2 0 4 4 1 0 0 1 2 4 1 3 1 2 3 2 4 5 3 0 2 2 5 0
   4 5 0 5 0 3 2 4 3 1 5 4 4 5 2 4 5 2 3 1 0 0 5 5 3 5 3 0 5 2 0 5 5 5 3
   1 2 5 0 5 4 0 2 0 0 4]
  [0 1 1 4 5 3 1 0 2 4 0 4 3 0 5 5 3 3 0 2 4 2 2 2 1 0 5 5 4 4 4 4 5 5 4
   4 4 3 4 5 4 0 5 3 1 2 5 5 4 3 5 1 0 4 0 0 3 0 3 3 4 3 2 2 2 4 4 0 4 0
   5 0 3 0 0 5 0 1 2 5 0]
  [0 0 1 1 4 3 2 2 4 5 1 3 3 0 0 5 2 2 5 3 3 0 0 4 5 0 1 5 5 2 5 5 4 1 2
   5 3 3 2 1 3 3 4 4 1 2 4 1 1 3 4 4 0 3 1 5 2 2 0 0 4 3 3 5 0 4 5 1 1 0
   0 0 2 4 4 2 1 5 2 1 2]
  [0 4 5 0 5 3 2 5 4 4 1 3 4 0 1 0 3 5 4 4 5 5 3 4 2 0 2 0 4 3 2 4 4 1 5
   3 1 2 5 5 2 3 3 4 5 2 2 5 3 1 0 4 0 4 5 0 0 0 1 3 5 5 0 5 4 4 1 5 3 3
   3 5 0 2 2 1 4 3 3 5 4]
  [0 3 5 3 0 2 2 0 1 2 4 0 2 1 1 3 0 5 0 1 4 1 3 1 0 1 2 1 0 4 5 1 3 0 1
   3 3 4 1 0 2 0 1 3 4 3 0 0 5 3 3 1 1 4 4 1 2 0 4 4 0 3 1 2 5 5 3 1 0 3
   4 3 5 5 3 4 1 5 2 1 5]
  [0 5 4 2 2 2 3 1 1 4 4 1 4 3 2 5 4 0 0 0 4 5 3 5 1 2 5 5 2 2 4 5 5 2 2
   5 0 2 2 3 4 0 1 1 0 3 3 5 4 3 5 4 5 2 3 5 3 3 4 5 1 5 0 5 0 2 2 1 1 1
   5 2 4 0 3 3 3 0 2 4 0]
  [0 0 4 3 3 3 5 5 1 2 5 4 0 4 0 1 1 3 0 4 1 2 4 3 4 1 2 0 4 1 4 3 0 5 1
   5 0 5 4 4 2 1 5 1 2 3 4 5 3 2 0 4 2 3 3 1 4 3 5 4 0 5 5 3 1 0 4 1 1 5
   1 4 2 3 1 2 5 3 2 3 3]
  [0 2 2 2 3 2 4 1 1 4 3 1 3 4 4 4 2 0 2 0 2 2 4 4 4 3 5 2 2 1 4 5 1 4 4
   2 5 2 1 5 5 5 2 4 3 4 4 2 4 5 0 2 3 5 2 2 1 0 5 2 3 2 1 0 3 2 4 1 0 2
   2 4 1 0 5 5 0 0 2 1 3]
  [0 4 0 2 5 1 3 3 3 0 1 4 1 2 4 5 1 4 1 0 0 1 4 1 4 2 0 2 0 3 2 2 0 1 0
   1 2 5 3 1 4 5 3 5 0 5 0 3 3 0 4 1 0 1 4 1 3 2 4 1 2 2 5 1 3 0 3 2 0 3
   4 4 4 0 2 5 4 0 1 2 1]
  [0 3 2 4 2 5 3 0 1 2 5 1 3 4 2 4 4 0 5 5 0 0 1 1 5 1 4 3 2 5 0 4 1 2 0
   1 1 2 0 1 5 0 3 2 2 4 1 2 5 1 3 2 3 0 3 2 0 4 5 3 4 0 4 3 0 4 1 3 5 5
   5 4 3 2 2 0 5 0 0 3 5]
  [0 2 5 1 2 1 1 0 0 4 5 5 5 0 2 1 5 0 1 5 2 1 0 2 2 4 1 1 4 1 5 5 5 4 5
   4 5 0 0 4 4 3 5 2 2 4 2 4 1 0 3 0 1 1 0 3 3 4 5 3 0 1 2 5 2 0 1 5 5 1
   1 2 1 5 0 1 3 1 3 1 2]
  [0 1 2 3 5 2 3 0 5 1 3 2 5 5 2 5 4 3 5 2 2 1 0 0 4 0 0 1 2 1 0 2 3 4 2
   4 4 3 3 4 5 2 1 3 3 0 4 1 5 0 2 3 2 5 4 2 4 3 4 1 5 1 1 2 1 0 3 2 0 4
   2 0 0 0 3 5 4 2 3 0 5]
  [0 5 4 3 3 5 2 3 3 1 1 2 2 4 0 1 1 5 5 1 0 2 1 2 0 5 4 1 3 5 2 4 5 4 3
   1 1 3 1 0 2 0 2 1 5 3 0 1 5 2 0 1 2 1 2 2 0 4 2 1 2 2 0 0 4 5 0 0 1 2
   4 3 3 3 0 0 4 3 0 0 5]
  [0 2 2 5 5 4 0 3 4 5 0 3 1 1 3 0 1 4 4 1 0 4 0 4 2 0 2 3 3 2 0 0 0 1 2
   3 1 0 2 2 0 0 2 2 0 3 0 2 4 4 2 3 0 1 0 4 4 0 4 2 5 2 1 4 5 1 0 0 2 4
   0 3 1 3 0 1 2 3 5 1 5]
  [0 4 1 5 3 1 0 3 5 3 1 3 0 0 3 3 5 2 1 0 4 0 0 0 4 2 0 1 4 0 3 5 1 4 2
   5 2 0 2 4 0 1 5 2 2 2 5 5 2 3 2 2 4 0 2 5 5 0 0 2 1 3 2 3 3 5 4 5 4 0
   5 1 0 5 1 0 1 2 4 3 1]
  [0 3 0 3 2 3 1 2 3 5 1 4 1 5 3 1 0 0 4 2 0 1 4 4 5 3 0 0 3 1 0 3 2 1 2
   4 2 4 2 1 4 0 4 5 5 5 0 5 0 5 0 5 4 5 4 5 2 5 2 3 3 0 1 4 0 4 3 2 4 5
   3 0 4 5 3 5 4 1 0 4 0]
  [0 2 3 5 4 3 2 5 5 2 0 4 4 4 5 0 5 3 0 1 3 3 5 5 5 5 3 1 0 2 0 2 3 4 4
   5 2 3 3 3 4 5 5 3 0 5 1 5 1 4 4 2 1 3 2 5 1 5 2 2 5 5 3 5 2 1 5 2 2 5
   4 2 2 1 1 3 3 1 1 4 1]
  [0 4 3 3 2 3 5 2 1 4 2 1 1 3 4 5 3 5 4 4 2 3 0 0 5 1 2 2 3 0 2 4 5 1 4
   2 0 2 3 2 4 0 4 5 5 4 3 3 3 4 3 3 3 2 0 5 0 1 0 0 2 4 0 4 4 1 1 2 5 0
   0 2 1 1 3 0 4 1 3 2 4]
  [0 3 4 0 2 2 3 4 5 5 2 4 1 4 3 5 0 3 0 2 1 4 1 1 5 1 5 1 5 4 0 3 0 4 4
   0 0 5 0 4 4 3 5 1 3 2 3 5 4 4 3 1 0 3 0 3 5 3 0 0 5 2 4 5 3 3 0 3 2 2
   3 3 4 4 4 0 4 2 2 5 3]
  [0 5 2 2 4 4 1 5 3 5 0 4 4 5 0 1 5 5 4 3 5 4 1 1 4 5 2 5 2 2 5 0 5 1 0
   2 3 2 2 5 3 4 0 2 4 3 1 4 2 0 4 5 4 3 2 0 2 0 2 1 3 4 5 2 4 0 1 3 4 0
   0 0 4 0 5 1 2 0 3 5 4]
  [0 3 5 0 0 4 1 0 5 2 4 2 1 5 3 3 2 1 2 0 2 3 3 3 3 1 5 1 4 0 5 3 0 5 1
   2 1 2 3 2 1 1 2 2 0 2 5 3 4 3 0 4 5 4 1 5 1 5 1 1 3 1 3 3 0 1 0 0 3 0
   1 0 3 3 1 5 4 3 1 5 4]
  [0 0 0 1 2 1 3 1 5 4 2 3 0 4 0 0 0 1 0 0 2 0 3 2 0 4 2 2 2 1 3 2 5 0 4
   0 2 5 3 2 4 0 5 3 2 2 0 3 4 0 2 3 1 2 1 2 5 2 4 3 1 5 4 5 3 1 1 2 1 3
   1 0 2 1 5 2 4 0 1 5 2]
  [0 3 4 0 2 2 2 0 0 2 1 5 1 2 3 2 4 4 3 0 0 4 5 3 3 0 1 0 3 2 1 5 0 3 0
   3 2 0 5 2 2 0 5 0 0 4 5 3 0 3 2 2 2 5 5 2 2 0 2 4 4 4 5 1 5 3 4 2 4 2
   3 0 5 1 3 2 0 3 0 5 5]
  [0 3 4 1 3 1 2 2 2 1 0 5 3 3 4 4 1 5 2 1 1 3 0 4 5 5 0 5 4 1 0 4 0 1 2
   0 0 1 2 4 4 4 3 5 4 0 1 1 3 3 1 3 2 3 1 2 2 4 3 1 5 0 4 5 2 0 3 5 2 0
   3 0 5 5 5 4 1 2 3 1 0]
  [0 1 3 2 1 1 3 4 4 0 5 3 5 2 3 1 4 1 3 3 2 3 0 3 3 0 2 3 0 4 3 1 5 4 0
   5 0 0 0 5 2 3 2 1 1 4 2 3 1 5 1 3 0 2 4 0 2 1 5 0 2 2 5 0 5 5 2 5 4 4
   0 1 2 3 0 2 3 3 3 1 0]
  [0 3 1 5 0 1 1 0 0 2 4 3 1 0 1 3 0 2 0 2 5 5 4 2 0 1 2 0 0 2 5 4 0 3 3
   2 5 0 4 5 3 1 1 0 1 1 1 4 1 2 2 1 3 3 4 3 3 2 3 1 5 5 5 3 3 0 1 0 1 3
   1 0 0 3 1 1 5 3 3 3 1]
  [0 0 3 0 3 5 5 1 4 1 0 5 0 2 0 2 1 2 0 0 2 1 0 1 0 0 2 2 5 3 0 0 0 4 4
   2 3 2 0 1 0 1 2 2 4 5 2 2 2 3 1 1 0 2 2 2 0 2 2 5 2 4 1 1 3 3 4 2 3 1
   1 0 4 2 1 1 4 5 0 1 2]
  [0 1 3 1 3 1 5 2 2 2 4 2 0 2 5 5 4 5 4 2 5 2 5 4 0 2 2 3 5 3 0 4 2 2 5
   2 3 0 5 0 5 4 5 1 4 2 2 2 5 4 3 5 4 3 0 1 1 3 4 1 5 2 0 5 2 3 4 2 2 0
   1 3 4 3 0 2 4 4 2 5 0]
  [0 1 5 2 1 3 0 0 1 1 2 4 5 1 3 5 0 4 3 0 2 3 5 5 0 5 4 3 3 4 3 0 1 1 0
   4 4 1 0 1 0 4 3 0 0 3 4 1 5 0 4 3 2 0 0 1 3 5 4 0 3 2 4 0 1 1 1 2 1 2
   5 1 3 0 2 2 5 1 5 4 3]
  [0 4 5 1 5 0 0 1 0 3 3 5 5 5 3 2 1 1 1 2 2 5 1 2 3 0 3 4 2 5 5 2 3 0 5
   5 2 2 2 3 2 0 5 5 3 0 3 1 4 0 3 3 3 1 3 1 4 1 4 5 1 1 1 5 4 5 2 3 3 0
   2 5 1 3 1 1 2 1 0 3 1]
  [0 1 4 0 0 2 5 0 1 2 4 0 2 1 0 4 2 5 4 2 0 1 4 5 5 5 3 3 0 4 1 4 4 5 2
   4 2 2 4 1 2 5 0 0 5 2 4 3 0 2 4 3 1 5 4 1 0 0 0 2 3 4 2 2 1 1 0 4 2 1
   3 5 5 4 3 3 2 5 2 0 1]
  [0 0 4 2 5 1 3 3 2 1 0 5 5 5 3 4 1 5 3 3 3 1 5 2 4 4 1 5 3 3 2 0 1 0 4
   2 4 1 1 4 5 4 2 0 5 3 3 5 3 2 3 2 5 5 1 2 1 2 1 2 0 4 5 3 2 2 2 0 0 2
   2 1 5 0 3 5 2 2 4 1 1]
  [0 0 3 1 1 5 0 1 0 4 1 2 0 3 2 4 0 4 1 5 2 1 4 5 2 0 0 4 1 2 5 0 1 1 3
   1 1 0 4 0 4 2 3 3 0 1 5 3 5 5 2 5 5 4 2 0 4 1 1 3 0 3 1 2 5 2 0 4 5 2
   4 0 5 1 2 4 1 1 0 4 2]
  [0 5 1 0 1 4 2 3 2 2 5 3 5 0 3 3 2 2 4 4 4 5 5 3 3 0 3 4 0 2 0 5 4 3 5
   4 5 5 3 2 3 0 5 1 3 0 1 5 4 4 3 1 1 5 0 0 3 3 1 4 4 0 4 1 4 3 4 3 5 0
   0 2 1 1 2 3 4 4 1 3 2]
  [0 1 5 2 0 4 5 2 0 5 3 1 0 0 0 3 3 0 3 2 2 0 3 4 2 4 3 5 5 1 1 2 5 5 4
   1 1 2 5 4 1 4 0 4 1 3 0 3 5 1 2 4 5 3 5 1 1 3 4 5 3 0 4 4 5 5 1 1 0 1
   5 0 0 0 0 3 1 1 2 3 1]
  [0 4 0 0 2 2 1 0 0 4 0 5 2 3 4 4 5 1 3 1 2 1 0 5 5 5 3 2 0 2 2 3 0 2 0
   4 2 5 4 1 3 0 1 5 3 5 4 0 4 0 3 5 2 2 4 4 3 5 0 1 4 1 0 0 3 3 1 0 4 0
   3 5 4 4 4 3 3 3 5 2 1]
  [0 2 2 1 4 1 3 5 1 3 0 3 1 3 2 3 3 2 2 5 0 3 0 1 2 4 4 2 5 4 3 1 4 4 1
   3 2 0 2 4 2 3 5 3 0 3 0 0 0 3 4 4 2 2 5 2 4 4 5 0 2 1 1 0 2 5 0 5 3 1
   1 2 3 5 3 1 4 2 4 1 3]
  [0 0 3 3 0 3 1 5 5 5 0 2 3 0 4 0 2 4 0 5 5 3 2 1 3 2 1 3 4 5 1 0 3 4 4
   3 1 4 2 1 3 2 2 4 3 2 4 2 4 0 0 3 0 2 1 3 2 5 3 3 4 3 5 5 0 0 5 5 4 0
   1 4 4 3 0 1 2 1 5 0 1]
  [0 1 3 5 4 3 1 3 0 4 2 3 3 5 3 0 5 0 5 1 2 4 1 0 3 4 4 1 0 5 3 2 5 1 2
   2 3 0 2 0 4 1 2 1 5 0 3 1 4 4 0 2 0 3 4 4 1 3 3 4 1 3 3 4 2 1 4 4 3 3
   2 5 0 0 0 1 4 3 3 5 0]
  [0 3 1 2 5 1 3 1 2 4 4 1 5 2 4 1 1 0 5 4 0 1 1 4 5 3 5 3 5 2 4 3 1 2 2
   0 4 3 4 2 5 0 0 0 0 4 1 4 0 0 4 0 3 0 1 4 4 4 3 4 4 3 2 4 4 1 5 5 1 5
   4 3 4 3 4 2 3 0 3 3 2]
  [0 1 3 4 5 3 4 1 5 0 2 0 2 4 5 0 1 5 0 4 2 4 0 3 3 2 0 3 4 3 0 3 3 2 0
   1 2 2 1 5 1 5 4 3 1 5 5 2 3 4 0 2 0 2 3 4 2 3 0 4 2 5 4 0 1 1 5 2 0 4
   2 3 4 2 2 4 0 3 2 2 4]
  [0 5 4 2 2 2 4 0 0 1 4 4 3 3 5 2 2 3 3 3 5 1 5 2 5 0 5 0 5 5 2 3 2 1 5
   4 4 5 5 3 0 3 3 5 5 4 3 0 4 3 4 1 5 0 1 2 2 0 0 5 4 1 4 1 5 1 5 0 3 3
   4 3 4 1 1 3 2 2 3 5 0]
  [0 0 3 3 3 1 4 3 4 4 2 5 2 0 2 0 1 4 1 5 0 5 2 0 5 2 0 0 2 4 1 0 2 3 0
   0 4 4 0 0 4 3 3 0 2 2 1 5 4 1 4 0 5 1 0 4 1 4 5 5 1 0 2 5 4 3 3 5 2 4
   2 4 4 3 0 1 2 5 1 1 1]
  [0 2 2 2 4 5 5 5 1 0 0 5 1 0 5 2 3 1 3 0 0 0 0 1 4 4 0 3 5 1 1 2 2 2 0
   1 1 0 0 4 5 0 0 5 1 4 0 3 4 5 1 2 2 5 2 0 3 0 4 3 3 1 2 2 4 0 0 5 2 3
   3 0 1 0 5 4 3 3 3 5 5]
  [0 2 3 1 1 5 0 2 5 4 4 4 0 5 3 1 3 3 2 4 2 4 3 1 5 1 0 5 5 3 1 0 0 3 2
   0 1 1 1 4 0 0 2 4 0 0 5 1 1 4 3 5 0 4 3 3 0 1 5 2 1 0 2 5 4 1 3 4 2 4
   2 3 4 0 2 1 5 5 2 1 2]
  [0 4 3 1 1 4 5 4 1 4 0 5 2 3 4 4 1 2 2 5 2 5 2 1 3 2 1 3 5 2 3 2 1 5 1
   5 0 4 1 4 2 5 1 1 2 1 3 3 5 5 1 0 0 5 3 4 2 0 0 2 5 2 0 0 1 0 2 4 0 1
   4 2 5 2 4 0 1 4 0 4 5]
  [0 0 3 3 2 4 2 1 3 2 2 3 3 4 3 3 3 0 3 0 3 1 1 2 1 2 4 5 3 2 5 5 1 5 1
   4 2 0 0 4 4 4 2 4 1 1 0 3 5 4 2 2 4 3 5 1 5 2 0 3 4 2 4 4 5 3 4 5 2 0
   3 3 1 5 5 2 1 1 3 2 0]
  [0 2 5 3 4 4 3 4 4 0 5 0 2 2 1 0 5 3 0 5 5 0 2 2 2 0 2 2 1 3 3 5 4 4 4
   5 3 3 4 1 0 0 1 1 1 1 3 1 5 0 4 5 5 4 1 4 3 5 4 0 3 4 4 0 5 3 1 1 4 2
   4 5 2 3 5 5 0 5 5 0 4]
  [0 0 3 1 0 0 1 1 3 3 2 0 2 2 5 0 2 5 2 2 2 3 0 1 3 0 1 3 0 2 2 5 1 1 4
   4 2 3 1 3 5 5 1 1 4 4 5 4 3 0 4 0 0 5 3 2 0 1 1 2 0 2 1 0 1 4 3 3 2 1
   2 0 1 1 2 4 5 4 2 5 2]
  [0 5 2 4 4 5 5 2 2 1 3 0 5 2 2 5 2 4 2 2 3 1 2 0 1 1 4 0 0 0 3 3 3 2 0
   1 5 4 5 1 4 2 0 2 2 1 4 1 3 1 0 0 0 2 5 1 4 3 5 3 5 0 0 4 4 0 3 2 0 4
   2 2 3 5 4 1 3 4 5 0 2]
  [0 1 4 5 3 0 3 5 4 1 2 5 3 4 3 0 4 4 4 1 3 0 1 3 3 3 4 2 0 2 3 1 3 2 1
   4 2 4 4 2 5 4 1 2 0 0 3 0 1 5 3 2 1 4 0 0 3 1 1 5 2 0 0 3 1 4 4 0 2 3
   5 1 3 2 4 2 4 0 0 0 5]
  [0 5 1 1 3 4 4 1 5 3 3 0 4 3 0 1 0 5 2 0 3 2 3 4 5 5 1 5 0 4 2 4 1 1 5
   3 0 0 1 1 4 3 2 2 1 2 1 2 0 3 1 5 2 5 0 2 5 2 5 5 2 3 1 0 3 3 5 3 3 3
   1 2 2 3 3 2 4 5 5 4 0]
  [0 0 1 4 1 5 4 1 0 4 2 0 0 0 1 3 0 1 2 4 0 4 4 1 0 5 2 4 5 4 0 0 5 4 3
   4 1 1 4 5 1 4 3 3 3 3 2 0 5 1 4 2 2 0 3 2 3 1 2 1 4 5 3 3 0 5 3 3 1 4
   4 2 4 4 4 2 0 3 0 1 4]
  [0 5 5 4 5 5 0 2 1 3 0 2 4 2 3 3 1 5 3 3 0 3 1 4 4 0 4 3 0 2 3 2 4 4 1
   1 3 3 5 5 1 4 0 4 4 1 0 5 0 0 0 2 4 1 2 3 0 1 0 5 2 3 1 3 0 0 1 4 1 4
   2 0 5 0 5 0 0 4 4 1 2]
  [0 5 3 1 3 4 3 0 0 1 5 2 0 3 1 3 1 4 0 0 4 4 4 0 0 2 0 0 5 5 4 2 5 4 1
   4 0 4 1 0 4 4 4 0 2 1 5 5 5 3 5 3 2 0 4 5 3 0 3 3 5 3 2 1 3 3 0 2 0 0
   5 1 5 0 2 4 5 5 0 1 1]
  [0 0 1 2 1 4 0 0 1 1 1 2 2 2 4 2 1 2 5 1 3 3 0 3 2 5 5 3 1 4 5 4 3 0 3
   3 4 1 3 5 5 1 5 0 3 4 0 0 5 5 3 2 0 1 5 1 5 1 4 0 0 2 0 3 4 2 2 0 1 1
   4 1 5 2 2 4 3 2 0 4 5]
  [0 2 3 5 1 2 2 2 0 3 4 2 0 2 0 2 2 4 1 1 0 4 5 3 2 1 5 3 3 4 3 3 5 5 2
   1 3 5 4 3 1 3 5 2 3 3 1 4 0 5 3 2 2 3 0 3 5 4 5 0 2 3 3 5 4 5 3 2 0 5
   1 0 1 1 2 4 1 5 5 0 4]
  [0 4 1 0 4 5 3 5 4 1 5 1 4 5 0 1 2 3 1 2 1 4 0 3 0 5 4 5 2 3 2 0 0 4 3
   3 4 3 4 1 5 0 5 1 1 1 3 5 5 2 5 4 5 5 4 4 3 5 0 2 2 4 0 5 1 3 4 2 0 0
   4 3 3 3 2 5 1 4 4 1 2]
  [0 0 4 1 3 3 0 1 2 5 2 2 1 1 2 1 1 0 0 2 3 0 0 5 5 2 5 4 2 4 3 5 0 2 1
   5 1 5 5 1 1 1 1 4 1 2 4 3 3 2 5 4 4 1 4 4 4 0 2 4 1 5 2 4 4 1 3 3 5 2
   0 0 1 1 5 4 0 5 2 4 4]
  [0 5 1 0 4 5 3 0 3 4 0 3 4 0 0 5 3 2 2 2 0 2 5 4 5 3 3 1 4 2 4 1 2 5 1
   0 5 1 3 0 3 1 5 1 2 1 1 5 0 2 2 5 0 0 0 5 2 1 2 4 0 3 0 1 3 2 5 0 3 0
   0 0 5 3 0 1 1 4 0 1 2]
  [0 5 2 4 1 1 1 0 3 4 2 2 3 3 1 1 4 1 4 4 2 5 0 4 0 1 0 0 5 5 5 2 2 0 5
   5 5 5 4 0 0 3 3 3 1 5 1 3 2 3 4 5 3 4 4 0 3 4 1 1 5 5 5 5 5 1 3 3 5 2
   4 4 0 5 5 4 1 4 1 4 1]
  [0 5 1 4 5 5 0 4 0 1 2 0 5 2 3 5 2 0 3 3 3 3 2 1 2 2 2 3 3 3 2 0 1 0 4
   4 4 3 2 4 2 1 4 4 5 1 4 3 2 0 1 2 1 4 3 5 0 3 2 4 5 5 3 4 4 0 2 0 5 1
   0 2 1 0 5 1 4 1 1 5 1]
  [0 4 0 5 1 4 5 3 4 5 1 5 1 1 4 4 3 3 3 2 5 2 0 2 4 1 4 1 4 2 5 5 0 1 2
   3 2 5 1 5 5 5 2 2 0 2 4 1 1 4 5 3 2 1 2 1 0 4 0 4 0 0 1 4 0 3 3 3 4 1
   0 4 4 5 0 3 4 5 3 2 2]
  [0 3 1 5 5 3 3 2 2 5 5 2 5 2 5 4 0 4 0 2 4 2 4 3 0 2 1 3 4 5 5 2 1 1 0
   3 4 2 2 5 5 0 3 5 5 1 1 5 3 2 1 0 2 1 2 1 4 5 5 1 4 4 3 4 4 4 5 5 4 3
   0 0 1 0 1 0 3 5 3 2 2]
  [0 5 0 3 0 0 3 3 2 4 4 0 4 2 3 5 0 3 4 5 1 5 4 3 1 5 4 1 5 0 1 1 1 2 5
   3 3 4 0 5 5 5 3 5 5 0 2 3 2 0 5 3 3 1 3 0 1 3 2 3 1 2 2 1 2 2 3 5 0 1
   4 4 2 0 2 0 0 0 0 1 3]
  [0 5 4 4 1 4 5 3 1 4 2 3 5 4 5 4 0 4 2 2 5 2 4 1 3 3 2 3 1 3 3 5 1 3 0
   2 2 3 3 1 3 5 5 1 0 3 4 5 0 2 0 3 1 1 4 0 4 5 3 2 4 1 0 4 0 4 0 3 1 0
   5 1 2 4 5 3 0 0 3 0 5]
  [0 4 2 4 4 4 2 5 4 4 3 4 2 4 0 0 3 0 2 3 4 3 1 5 1 4 1 3 3 5 4 4 0 4 0
   5 5 0 1 4 0 5 5 0 4 2 5 5 5 3 0 4 2 4 4 3 5 1 4 4 5 3 5 4 2 4 1 2 0 5
   5 3 1 3 2 0 3 2 0 4 4]
  [0 3 4 4 3 4 4 4 1 1 0 3 0 1 1 1 5 0 1 5 0 0 1 4 1 2 3 3 2 0 0 4 1 1 0
   0 4 1 4 5 0 2 2 0 2 3 5 5 2 3 2 3 2 2 3 1 5 3 5 2 3 4 0 1 1 1 3 3 3 0
   5 4 5 5 1 3 4 3 2 0 4]
  [0 4 3 3 2 2 4 4 0 2 1 2 5 2 4 4 1 0 3 4 1 3 0 3 5 0 3 1 4 2 4 3 0 4 4
   3 0 5 4 1 3 4 3 3 1 5 2 0 2 1 1 1 5 4 0 2 3 1 0 2 3 0 0 3 2 1 1 2 2 4
   3 5 1 0 4 0 4 0 1 4 0]]

 [[0 0 5 5 4 0 1 5 4 4 4 2 0 0 4 5 5 2 3 0 3 1 5 0 5 2 3 1 2 3 5 2 1 2 0
   3 3 3 2 0 4 5 3 4 1 2 0 1 1 3 4 4 1 2 0 4 3 3 4 5 5 3 0 4 0 2 0 3 2 0
   1 4 1 5 0 2 5 1 0 0 5]
  [0 0 3 5 0 5 1 2 0 1 2 0 3 3 3 1 0 4 2 3 1 2 4 0 4 0 0 0 3 5 4 3 3 0 3
   3 3 1 4 5 3 2 5 2 2 0 5 3 0 3 2 2 2 0 4 1 3 0 1 5 0 0 0 0 2 0 3 0 2 1
   1 1 4 5 0 5 2 0 0 0 5]
  [0 5 0 5 4 2 1 5 4 5 1 2 5 0 1 2 5 5 3 0 1 4 1 5 0 3 2 1 5 5 3 3 1 5 5
   1 5 2 3 2 5 0 0 5 1 1 3 2 2 2 2 4 4 0 1 3 4 5 3 2 3 0 4 0 5 2 5 5 1 0
   0 1 4 4 5 0 3 4 5 3 1]
  [0 2 0 0 5 1 5 2 4 0 2 2 0 2 0 4 0 2 5 2 5 4 1 3 4 5 4 0 3 0 4 1 2 5 4
   5 1 4 4 2 3 2 1 0 0 1 4 0 5 0 2 3 0 3 4 0 1 0 2 2 0 4 2 2 3 1 0 1 3 1
   0 1 0 3 2 3 2 3 0 5 5]
  [0 5 0 3 0 1 5 4 0 0 1 2 2 1 2 5 0 1 2 4 5 2 0 5 2 5 1 3 4 0 2 4 3 4 4
   3 1 1 4 5 1 2 5 4 3 3 3 2 3 2 5 2 2 1 4 3 3 1 3 3 3 3 2 1 2 1 2 5 0 4
   1 5 4 4 1 3 2 4 3 5 3]
  [0 5 5 2 1 0 2 1 5 2 3 4 3 4 2 3 3 1 3 1 0 4 1 2 0 5 3 0 3 1 2 4 3 4 3
   5 5 4 3 0 0 4 1 0 5 3 0 1 5 2 1 5 0 2 3 1 4 0 3 4 3 1 5 2 4 2 2 3 0 1
   3 4 0 4 3 5 5 4 0 3 3]
  [0 4 0 5 3 3 0 4 4 0 2 2 0 5 1 4 0 4 0 5 5 1 4 4 5 2 1 2 0 5 3 0 1 1 1
   2 4 3 5 5 4 3 4 2 2 1 3 5 5 4 3 0 2 4 3 0 2 5 4 2 1 2 1 1 4 0 1 3 5 2
   5 0 3 4 3 3 2 5 3 2 2]
  [0 2 0 4 0 3 5 0 5 4 5 3 3 0 2 3 2 1 3 5 3 3 1 0 3 2 4 2 4 5 3 5 0 0 4
   0 3 4 2 2 4 1 0 2 1 3 2 5 5 3 1 4 3 2 3 1 0 3 0 0 2 1 0 2 0 4 3 2 5 5
   3 1 3 1 3 1 4 4 0 4 1]
  [0 3 3 3 3 4 3 2 0 3 3 0 2 2 0 0 2 3 5 2 2 5 0 3 0 5 0 4 1 1 4 3 0 4 4
   4 1 3 0 3 2 5 3 5 3 1 1 1 0 2 3 5 0 4 5 4 2 5 0 0 5 0 4 5 2 2 3 4 2 4
   3 1 2 1 5 5 2 1 3 0 1]
  [0 5 3 5 5 5 4 2 3 0 2 1 1 0 2 3 5 4 0 3 2 3 5 3 4 5 2 5 5 2 3 3 3 3 4
   4 5 0 2 4 5 1 3 2 0 3 3 1 2 1 3 5 0 1 5 5 0 5 1 0 3 5 5 1 3 5 0 5 4 2
   4 3 5 3 3 3 3 0 2 2 2]
  [0 3 1 1 0 5 2 2 1 3 0 3 5 3 5 1 1 3 5 0 0 0 4 4 3 2 4 5 1 3 5 4 5 2 5
   4 1 1 3 3 1 2 3 1 1 2 5 2 3 1 4 1 5 4 1 4 5 2 1 5 5 4 2 5 0 4 4 4 4 3
   3 4 5 4 2 1 5 1 0 2 1]
  [0 2 0 4 2 1 3 3 3 2 5 0 0 0 2 2 3 0 0 3 0 4 5 2 2 1 4 2 2 1 3 5 1 0 5
   0 0 0 4 4 1 3 5 3 5 0 4 1 4 0 5 3 3 0 5 3 0 0 5 2 1 2 1 2 5 2 2 5 3 4
   4 2 5 2 2 1 5 5 3 1 0]
  [0 3 4 5 3 0 3 2 2 4 1 1 0 4 5 1 4 5 5 3 0 0 0 0 5 3 2 4 1 0 1 0 4 4 3
   4 2 5 0 5 1 4 3 2 5 2 4 1 3 5 0 4 2 4 1 4 3 2 3 4 3 4 1 2 3 0 0 4 2 0
   3 2 4 5 3 5 3 1 2 0 0]
  [0 2 2 5 2 2 3 0 3 0 3 2 0 0 3 0 0 1 0 0 2 0 4 4 4 0 0 5 4 2 5 1 5 2 0
   0 5 5 0 1 3 1 3 0 5 2 5 0 3 2 3 4 1 0 5 4 5 5 0 3 3 2 2 1 1 5 1 0 0 4
   2 0 1 2 4 1 1 4 4 3 2]
  [0 3 2 3 5 0 0 1 0 1 0 4 1 4 0 3 0 4 2 3 4 0 1 3 1 5 4 5 0 5 5 1 0 1 0
   4 4 0 0 5 4 0 2 3 3 1 0 5 2 5 3 3 0 3 1 4 3 3 3 5 4 0 2 1 2 2 0 3 2 3
   2 1 0 1 1 3 1 1 1 5 5]
  [0 0 4 5 1 0 4 4 3 4 3 3 0 0 5 0 2 3 5 4 5 5 0 2 4 3 1 1 4 2 3 4 1 1 2
   0 1 3 5 3 4 5 1 4 1 1 0 0 5 2 0 0 2 4 3 0 2 2 2 2 2 2 4 0 4 4 0 0 5 1
   3 4 1 0 4 3 2 0 0 1 4]
  [0 4 3 4 0 1 2 2 1 2 4 5 4 1 4 3 0 5 0 5 0 2 4 2 4 5 0 3 4 5 2 0 0 0 2
   5 2 5 1 0 0 0 2 2 5 0 0 4 3 2 3 0 0 5 0 2 2 1 4 0 0 5 1 1 2 1 1 2 0 2
   4 2 5 1 3 0 2 1 4 2 3]
  [0 2 1 1 0 0 5 2 4 3 1 0 4 0 1 0 2 0 0 4 2 3 0 0 4 2 0 2 1 4 2 3 3 0 0
   5 4 0 0 0 2 3 5 2 2 2 1 2 0 5 4 2 0 3 2 5 2 2 1 4 2 4 0 3 0 0 5 5 0 3
   4 3 2 1 4 5 4 1 4 4 4]
  [0 3 1 0 2 2 1 0 1 2 4 5 2 4 2 5 3 5 0 0 1 2 0 1 1 3 4 4 2 2 2 3 1 3 0
   1 3 5 5 1 4 5 4 4 1 4 4 3 1 5 1 5 0 3 2 5 2 5 5 1 4 0 2 4 3 3 0 0 5 3
   3 5 2 1 1 3 2 0 2 5 5]
  [0 0 1 5 4 2 2 1 5 0 3 4 4 2 5 2 2 5 5 0 4 4 0 2 1 2 1 4 0 3 0 2 1 1 2
   0 1 5 4 3 1 1 2 2 0 4 3 0 1 0 3 3 2 4 3 5 4 0 4 1 2 4 3 1 2 0 3 2 2 2
   1 3 5 3 1 0 1 3 2 0 2]
  [0 2 0 2 0 5 5 4 3 1 5 3 5 0 4 4 1 1 0 3 0 1 0 5 4 3 0 3 4 5 2 0 4 4 1
   3 2 0 0 1 5 1 0 4 2 2 2 0 4 2 1 3 0 3 5 1 1 0 3 0 5 5 4 0 2 2 5 3 5 1
   1 5 0 5 0 5 4 4 3 2 1]
  [0 0 4 1 0 3 5 5 2 1 4 3 4 5 2 3 1 2 2 5 3 0 2 1 5 2 4 4 2 4 5 1 4 3 4
   4 0 1 1 4 5 5 1 3 4 5 0 4 1 5 2 3 2 5 0 1 5 0 2 2 2 2 2 1 1 5 3 5 1 4
   1 1 1 0 3 4 1 4 5 5 1]
  [0 3 3 5 5 3 0 5 1 4 2 5 5 2 5 5 2 1 0 2 2 0 0 2 1 2 1 5 3 4 2 2 0 1 4
   4 1 1 3 0 4 2 1 1 0 1 2 3 4 0 4 3 3 2 3 2 5 1 1 4 0 2 3 4 2 5 3 3 3 4
   4 0 0 4 3 0 0 4 2 5 2]
  [0 2 5 5 2 0 1 5 1 2 1 0 1 5 4 0 1 2 4 1 0 3 1 0 4 4 3 3 2 1 3 5 5 2 1
   4 1 0 0 2 5 3 3 2 1 3 1 0 3 1 3 2 5 0 1 1 3 1 4 5 3 4 1 2 2 0 0 3 1 2
   1 5 3 3 0 3 5 3 1 4 5]
  [0 2 5 2 1 0 0 0 2 1 2 4 3 4 0 2 1 2 1 4 1 3 0 3 0 1 0 0 1 1 3 2 4 1 5
   5 3 5 0 1 3 0 2 3 5 5 1 5 3 0 0 5 0 2 0 2 3 3 5 2 1 5 0 3 2 0 5 2 4 0
   1 0 4 5 4 5 0 5 5 5 1]
  [0 0 1 0 1 2 1 2 0 3 4 2 5 0 0 2 0 3 4 3 3 0 4 3 3 0 3 0 5 1 2 1 3 3 4
   4 0 1 3 3 2 3 1 4 4 4 1 4 1 5 5 3 2 5 2 4 1 2 0 3 1 4 4 3 0 1 4 0 4 2
   4 2 1 3 4 1 1 3 2 4 3]
  [0 3 0 1 2 2 2 4 5 2 5 1 3 3 2 3 0 5 1 2 1 0 0 2 3 2 0 1 3 3 4 4 2 0 0
   3 4 3 2 0 5 2 1 5 5 0 0 1 2 0 5 1 5 3 0 1 1 4 0 2 0 4 4 1 3 3 3 5 3 0
   3 4 0 4 4 3 3 0 1 0 0]
  [0 0 4 4 3 5 2 3 2 4 3 2 3 1 2 4 4 2 1 4 1 2 5 1 3 0 4 0 4 0 0 0 0 0 0
   4 5 3 0 4 5 5 1 2 3 2 5 5 5 2 4 5 3 2 3 4 2 0 5 5 5 2 5 0 0 0 2 2 2 2
   0 2 1 4 5 1 5 3 3 5 0]
  [0 1 0 0 3 1 2 3 3 5 5 3 2 1 0 3 5 1 0 5 1 5 4 1 0 1 1 1 0 3 5 2 1 5 5
   5 0 1 2 2 4 5 2 1 2 0 3 1 4 0 3 4 5 0 5 5 5 4 4 3 0 0 4 0 0 0 0 5 5 4
   1 5 0 4 5 2 0 0 1 5 5]
  [0 2 1 1 0 5 5 3 2 4 4 4 5 3 4 3 0 5 5 4 3 4 3 3 3 2 2 2 5 0 1 0 1 3 3
   5 4 4 1 3 5 2 3 4 0 0 0 1 5 5 3 1 2 1 2 1 2 3 5 5 2 2 0 0 3 5 0 3 2 2
   3 4 2 4 3 5 0 4 5 4 3]
  [0 0 5 2 3 4 4 2 4 3 5 4 1 2 2 2 2 2 5 0 2 3 0 2 4 4 1 1 1 4 0 4 1 5 0
   3 0 3 1 2 1 4 5 0 1 2 5 3 0 1 2 0 1 1 4 3 1 4 0 3 1 0 4 3 5 3 1 3 0 0
   4 3 4 1 5 4 5 5 3 3 5]
  [0 1 3 5 3 1 1 2 5 1 5 2 1 3 4 2 5 4 3 1 4 5 1 4 5 4 4 5 1 3 4 0 1 3 2
   4 0 4 0 3 3 2 2 3 3 4 2 2 2 2 0 2 1 3 1 2 3 5 5 3 5 2 0 4 4 5 1 5 2 2
   1 2 1 4 1 1 5 4 1 0 0]
  [0 1 1 5 3 3 4 1 1 3 4 1 0 3 0 5 0 3 0 1 0 2 3 0 0 2 2 4 1 3 2 4 0 3 2
   2 1 2 4 3 3 3 0 4 5 1 1 2 1 1 0 3 1 5 0 5 5 3 3 5 0 1 3 1 0 2 0 2 5 0
   0 3 5 5 0 1 2 0 5 5 5]
  [0 1 5 4 1 1 0 5 3 0 3 0 5 0 4 0 0 5 1 1 3 4 4 4 2 1 5 3 1 4 2 1 2 0 1
   5 5 2 4 1 0 5 4 3 2 1 1 3 3 3 4 2 0 0 4 2 2 0 3 1 1 4 5 3 3 4 5 3 1 2
   1 4 0 0 3 1 5 2 5 2 1]
  [0 5 4 1 3 1 0 4 4 3 1 4 2 1 5 0 0 5 2 1 5 1 5 2 4 3 3 5 1 3 3 3 2 0 0
   0 0 2 1 5 2 3 2 1 0 4 4 0 0 5 2 5 3 0 5 4 5 3 4 3 5 0 4 5 0 0 1 0 3 3
   5 2 1 5 5 5 4 4 1 4 3]
  [0 5 2 3 4 4 5 0 4 1 4 1 2 4 0 1 0 2 5 0 2 2 4 4 4 1 4 2 0 2 2 3 5 3 0
   0 0 3 2 2 1 1 4 1 3 5 0 5 1 5 2 3 3 2 0 0 0 3 2 2 4 3 0 1 5 2 4 4 1 4
   5 1 1 0 2 3 4 1 4 3 5]
  [0 5 5 2 4 5 4 1 2 0 4 5 4 4 5 2 2 1 5 0 1 0 1 2 1 3 3 2 2 3 4 4 0 4 1
   2 0 3 0 1 0 0 0 3 5 3 5 4 0 4 5 5 3 4 0 2 0 2 3 3 0 5 0 5 4 4 3 2 0 0
   5 2 0 4 3 4 3 2 5 1 1]
  [0 5 1 3 1 0 1 3 2 2 1 3 5 3 1 3 5 0 3 4 1 1 0 5 4 0 1 2 0 3 3 0 2 0 4
   0 0 0 3 4 3 3 1 4 1 5 5 0 2 2 1 1 3 3 1 1 5 5 0 1 0 2 1 5 3 2 5 4 0 3
   0 0 5 4 2 5 0 4 2 0 5]
  [0 0 1 1 2 3 5 1 3 0 1 4 1 4 3 2 2 2 2 3 3 2 3 1 2 0 3 1 1 3 4 3 1 3 1
   4 4 2 0 5 2 3 4 3 5 3 5 1 0 2 5 4 3 2 3 4 1 1 4 4 1 0 0 4 2 3 3 5 3 3
   3 1 5 3 0 1 4 0 1 4 3]
  [0 4 0 1 2 5 0 2 2 5 2 2 5 4 2 4 5 4 1 3 0 4 2 3 5 2 4 3 2 4 5 2 4 0 3
   5 3 2 5 0 2 3 5 5 0 3 4 5 3 2 1 0 2 4 0 5 2 0 0 1 4 4 3 3 1 4 3 1 4 4
   0 2 5 0 3 5 2 3 5 4 4]
  [0 1 5 4 4 0 4 2 4 1 5 1 3 2 5 3 5 4 1 4 0 2 1 0 5 0 4 3 2 4 5 1 3 2 2
   2 0 0 3 5 0 0 3 1 2 5 4 2 0 2 3 2 2 4 2 4 3 5 5 5 5 5 2 4 0 3 3 0 5 2
   4 3 4 3 0 3 5 5 1 1 1]
  [0 1 1 4 1 2 0 5 0 0 5 0 2 3 0 0 0 4 0 0 5 0 1 1 0 3 2 0 4 3 3 2 3 0 2
   5 0 1 4 5 4 0 1 0 1 3 4 2 4 1 0 3 4 3 4 0 1 0 1 1 2 2 3 5 1 4 5 2 3 1
   4 0 1 2 2 1 1 4 4 0 5]
  [0 5 3 2 3 3 4 2 0 1 5 0 2 5 4 3 4 3 0 4 5 3 3 2 0 3 4 4 0 0 3 3 5 0 5
   5 5 3 0 5 4 2 0 4 5 2 1 1 2 1 5 0 0 5 3 2 5 1 1 5 4 3 0 3 0 0 0 5 3 0
   5 2 2 4 3 1 3 1 1 1 0]
  [0 4 4 3 0 1 1 5 0 5 5 4 1 2 5 2 2 5 1 2 5 1 3 0 1 5 3 0 4 1 3 1 2 0 4
   5 3 1 0 1 1 3 2 0 5 4 0 2 0 3 1 2 0 3 3 1 0 5 4 2 0 3 5 3 0 3 0 4 0 1
   2 3 4 4 1 1 1 3 1 2 4]
  [0 4 3 0 4 3 0 4 2 3 5 2 4 0 4 1 1 3 0 5 1 2 4 2 5 4 5 4 3 4 2 4 2 5 5
   0 4 2 4 1 1 5 0 5 0 2 3 2 0 4 5 3 0 2 1 5 2 1 1 5 4 3 3 0 0 2 1 3 3 3
   3 3 0 1 4 2 1 5 1 4 5]
  [0 3 2 3 3 4 3 3 0 5 2 5 0 2 2 3 1 3 2 4 2 1 3 0 0 5 0 1 5 3 4 0 2 2 1
   0 4 3 5 1 4 5 4 3 3 0 3 3 0 2 0 2 1 2 3 1 3 3 1 1 5 3 4 2 2 3 4 4 0 3
   1 2 4 5 3 3 2 3 2 3 5]
  [0 3 4 2 0 5 0 2 2 0 1 4 0 5 3 2 3 4 4 3 4 3 0 5 4 5 3 3 1 5 0 3 5 0 4
   3 1 5 0 2 2 4 3 0 2 2 0 4 3 3 0 5 5 4 1 0 2 4 5 3 5 4 4 3 2 4 0 3 4 0
   1 0 5 4 5 1 3 5 0 1 0]
  [0 4 3 0 3 5 1 1 2 0 4 2 3 0 4 3 2 4 5 0 5 0 5 0 0 5 3 2 0 0 4 0 1 2 5
   2 5 3 0 5 0 3 5 4 1 1 2 0 2 3 5 2 3 3 2 3 4 2 2 2 1 1 4 3 4 0 0 4 3 1
   2 2 5 0 0 2 1 2 2 3 5]
  [0 2 3 2 2 4 4 1 3 5 2 5 2 4 2 3 1 4 2 2 4 2 1 3 1 4 4 2 4 5 3 4 5 3 5
   3 1 3 2 1 4 0 4 0 2 3 1 5 0 3 1 4 3 1 5 1 1 1 0 1 5 2 1 5 1 3 4 3 4 3
   4 5 5 3 3 1 4 0 3 1 0]
  [0 0 4 1 2 2 0 3 3 5 4 5 5 0 0 3 3 1 3 4 4 5 0 5 1 2 5 4 3 1 4 3 2 1 2
   0 1 5 1 2 3 1 2 2 2 5 2 5 1 0 3 0 3 5 0 0 0 2 3 2 5 2 2 4 2 4 3 2 2 1
   5 4 3 5 5 3 3 4 4 4 3]
  [0 2 0 1 1 5 5 1 5 5 4 5 3 3 3 4 0 2 5 1 2 2 1 0 5 1 2 0 4 1 0 0 0 3 1
   0 5 2 2 1 1 1 0 4 5 5 5 5 0 3 0 5 1 3 1 3 5 3 0 0 5 1 4 5 2 1 0 4 1 2
   3 2 3 1 2 0 0 5 0 0 3]
  [0 3 1 3 3 3 4 2 5 3 2 3 2 0 5 5 4 0 3 2 1 4 3 1 1 3 1 3 2 3 2 1 1 1 1
   1 2 0 0 5 0 0 2 0 4 4 2 4 5 0 1 0 4 5 2 4 1 3 4 5 3 0 2 3 1 4 1 1 0 4
   0 4 2 0 4 0 3 5 1 3 3]
  [0 0 4 0 4 0 5 2 4 5 4 1 5 0 2 5 2 0 3 0 4 1 4 3 1 0 5 0 5 4 2 2 4 5 5
   0 4 5 5 2 2 2 3 0 3 5 3 0 1 3 5 1 0 3 2 5 1 3 4 2 2 2 5 0 3 0 3 2 2 0
   3 0 2 1 2 3 2 1 5 2 3]
  [0 1 3 0 1 2 4 4 1 0 3 0 4 4 0 3 0 4 1 3 2 4 0 2 0 4 1 4 0 4 0 1 4 5 2
   4 4 5 1 3 0 5 2 0 4 3 1 5 4 2 3 1 5 0 3 2 2 0 5 1 3 2 3 2 2 5 1 2 4 5
   1 0 5 1 5 5 0 2 1 5 0]
  [0 1 4 3 2 5 4 0 2 3 2 3 4 4 2 4 3 1 3 0 0 0 3 2 1 3 2 2 2 4 5 1 3 4 0
   4 1 3 3 0 1 4 2 5 2 4 4 1 3 1 1 3 3 1 0 3 3 3 4 2 3 1 5 1 4 4 5 3 0 1
   3 3 1 1 4 0 5 2 5 4 1]
  [0 5 0 4 3 3 4 4 2 1 3 0 1 4 3 1 4 2 1 4 5 4 2 1 5 3 4 1 3 0 3 4 5 0 2
   5 0 0 0 5 0 2 3 1 0 1 2 2 1 5 2 2 2 0 4 0 2 3 5 2 1 1 2 3 1 2 4 0 3 2
   0 0 1 1 3 3 3 1 0 1 0]
  [0 3 0 0 3 0 4 1 4 4 1 0 1 1 5 3 4 5 5 2 0 3 2 2 3 1 0 3 4 4 3 1 1 5 4
   2 0 5 2 2 0 3 4 2 4 3 2 4 4 5 1 5 2 5 5 0 0 3 4 1 0 2 1 4 2 2 4 0 2 3
   2 5 1 2 5 5 0 2 3 0 4]
  [0 5 5 2 3 5 3 3 1 2 0 1 4 1 0 3 1 2 5 5 3 5 2 4 5 3 3 2 3 2 4 1 4 4 2
   4 2 2 2 0 5 4 0 3 0 4 3 2 5 5 2 3 4 3 1 1 1 0 4 3 0 2 1 3 0 2 1 1 3 4
   1 1 1 4 3 3 5 3 4 5 4]
  [0 4 1 1 0 0 3 2 4 3 3 1 3 2 5 3 2 5 1 5 3 3 1 4 1 2 0 5 2 5 0 1 4 1 1
   3 0 3 3 4 2 5 2 3 1 1 5 1 4 5 1 3 5 2 3 5 5 2 0 0 1 2 5 5 4 4 4 4 2 2
   5 5 1 4 3 0 1 2 1 4 3]
  [0 2 2 5 5 5 3 5 0 2 0 2 1 0 4 5 0 4 2 4 2 1 2 3 2 0 0 1 2 3 0 5 1 2 0
   3 4 0 3 0 0 0 5 3 0 4 3 4 1 4 4 4 2 5 4 5 5 3 1 0 5 5 0 0 1 1 4 0 4 0
   2 1 3 0 2 1 2 2 0 0 3]
  [0 3 2 1 4 3 4 1 2 5 2 5 5 4 4 2 1 0 2 3 4 3 0 3 0 0 1 0 0 2 2 0 4 4 3
   0 5 5 1 2 4 0 2 4 4 5 3 2 3 0 1 4 2 3 2 3 1 2 0 4 0 4 1 4 2 1 2 5 5 3
   0 2 3 3 4 2 0 0 0 5 2]
  [0 3 4 0 3 0 2 3 0 2 1 3 1 1 2 0 4 3 0 5 5 3 1 1 5 0 4 4 4 4 0 3 2 1 2
   5 0 0 3 2 5 1 3 1 5 4 5 4 1 5 0 2 2 1 4 3 3 3 5 0 4 0 3 1 4 2 1 1 0 0
   4 5 0 3 3 4 4 4 0 1 4]
  [0 1 5 4 2 0 5 3 1 5 2 1 2 1 0 3 4 4 1 5 4 5 3 2 2 2 5 2 5 0 5 0 5 4 3
   3 5 1 5 5 5 4 1 0 3 1 4 1 3 0 1 3 5 0 4 5 2 3 5 2 0 5 0 0 3 3 0 2 2 2
   3 2 3 0 0 5 1 5 1 0 4]
  [0 5 0 5 3 1 5 5 1 0 3 2 4 5 4 3 2 4 2 0 2 1 0 5 2 1 1 1 4 5 3 5 1 1 2
   1 4 3 2 4 0 5 5 1 0 2 5 2 1 3 3 5 2 3 3 5 4 4 5 0 1 2 2 0 1 0 3 3 5 4
   2 5 1 3 4 2 1 4 2 1 5]
  [0 2 2 1 0 3 5 4 3 3 0 5 5 3 0 2 2 3 0 2 2 2 0 4 0 0 4 3 1 2 2 3 0 4 2
   4 3 0 4 2 5 2 4 3 0 5 4 3 2 5 4 2 0 0 2 2 1 2 1 2 1 1 2 5 0 4 3 3 4 2
   5 4 2 1 0 0 3 5 4 3 1]
  [0 4 3 1 0 5 1 2 1 1 0 4 3 5 1 4 4 4 0 2 1 2 5 0 2 1 2 5 1 1 3 3 0 3 1
   0 4 3 0 5 4 5 0 5 4 4 4 4 1 3 4 4 2 0 1 1 0 3 5 5 2 0 5 0 1 0 3 3 5 0
   4 5 2 2 0 5 0 2 1 0 0]
  [0 2 3 4 4 2 2 0 3 3 4 3 3 2 5 4 4 2 4 5 2 3 3 5 1 3 2 1 2 4 5 1 5 3 5
   5 3 1 1 0 0 4 0 3 0 1 1 4 2 1 4 0 5 3 3 2 3 2 4 2 0 5 3 5 2 1 0 0 2 0
   5 0 3 1 0 3 2 5 0 4 0]
  [0 5 3 0 2 2 3 2 0 1 2 2 1 5 1 4 5 4 1 5 2 3 2 5 2 2 3 5 2 1 0 0 0 4 3
   2 1 3 2 5 2 1 4 1 4 5 1 5 1 5 5 2 1 5 3 3 3 3 2 5 5 3 1 2 1 4 2 0 3 0
   5 5 2 2 0 1 4 1 1 5 0]
  [0 4 5 4 0 4 5 5 1 4 1 5 4 3 5 2 0 2 0 5 0 3 3 1 0 0 1 2 5 1 3 3 5 1 0
   0 2 1 2 4 1 2 1 4 3 4 0 1 5 4 4 4 4 1 5 1 2 3 0 0 5 2 4 2 2 3 2 1 0 1
   2 4 4 5 2 2 5 2 5 0 5]
  [0 3 1 1 2 5 5 0 3 5 2 1 5 0 5 0 1 1 0 4 0 3 0 3 0 1 3 0 3 1 4 0 0 2 3
   0 3 0 0 2 5 1 5 4 1 4 0 1 4 1 4 4 2 3 5 5 2 3 3 3 3 3 0 4 5 4 5 2 1 0
   2 3 3 5 1 0 2 2 3 3 4]
  [0 4 3 5 5 4 3 5 0 0 4 5 3 5 1 5 1 1 5 2 1 4 0 3 2 1 1 1 0 3 2 0 4 2 0
   1 4 3 3 0 3 3 1 1 3 4 4 2 0 4 1 2 1 4 5 2 3 3 3 2 0 3 0 4 1 4 1 2 5 5
   0 0 5 2 1 0 1 4 0 4 1]
  [0 1 2 4 2 5 0 5 3 2 1 1 5 4 2 5 0 5 0 4 1 4 3 0 3 3 3 0 4 3 2 5 4 3 0
   2 4 3 5 0 0 5 4 0 2 0 0 4 3 2 1 1 4 5 3 2 0 2 3 4 3 5 3 2 5 0 2 2 0 4
   3 0 1 3 3 2 4 1 4 2 4]
  [0 1 4 0 1 5 2 2 1 2 3 3 2 1 5 5 2 2 1 5 1 1 0 3 2 2 0 5 0 0 4 3 4 1 2
   2 1 4 3 1 4 2 2 2 5 5 1 2 5 4 5 0 1 4 2 4 4 2 2 1 5 3 3 0 0 5 2 2 3 3
   0 5 0 0 1 5 3 3 0 5 3]
  [0 0 1 3 1 0 1 5 2 4 4 5 4 0 5 1 3 1 1 4 1 3 3 0 0 5 4 4 2 4 3 5 3 4 5
   2 1 1 0 5 1 0 4 0 0 1 3 5 0 1 3 2 0 3 2 3 0 0 5 2 0 4 1 2 4 1 4 5 0 1
   4 3 2 0 0 3 4 1 1 2 0]
  [0 5 1 1 1 3 2 5 3 1 3 3 0 1 3 4 0 2 5 5 2 1 5 0 0 0 3 3 5 5 1 5 0 3 3
   1 2 5 5 2 3 4 2 2 2 3 4 5 1 3 3 0 3 2 4 4 4 2 3 3 2 0 2 3 0 5 5 0 3 5
   0 2 5 0 0 3 0 3 1 0 3]
  [0 3 0 0 5 4 3 0 4 3 1 3 3 2 5 5 2 0 3 2 3 1 4 2 1 2 3 3 1 4 3 0 2 5 5
   0 3 2 2 2 3 4 2 1 0 1 2 0 1 2 0 1 3 3 0 1 0 1 5 5 5 4 1 2 3 3 1 5 1 3
   5 0 0 4 0 0 0 1 3 4 2]
  [0 0 4 4 3 2 5 0 5 5 2 2 2 5 1 1 4 4 4 2 0 1 5 3 4 2 5 3 3 0 5 1 4 5 0
   4 1 4 1 3 2 5 3 5 2 0 4 2 0 2 4 3 1 2 0 2 1 5 5 4 2 4 4 2 3 4 1 0 0 5
   4 0 4 2 0 2 0 2 1 3 1]
  [0 3 2 2 1 5 0 5 5 2 4 1 1 0 0 4 2 4 5 0 2 3 0 4 3 0 4 4 2 3 3 0 2 1 0
   3 5 3 4 3 4 4 4 4 5 4 4 4 0 4 1 0 1 2 1 3 5 2 3 1 0 2 4 5 3 0 0 0 4 5
   5 3 4 2 0 2 3 0 4 3 5]
  [0 3 2 4 1 0 4 0 3 2 3 2 4 0 1 1 4 5 3 2 0 1 0 1 0 2 0 3 1 0 0 2 1 2 5
   1 4 1 1 5 2 2 3 5 3 0 4 4 0 4 4 4 1 4 1 3 5 5 1 2 5 2 3 4 3 5 3 0 0 2
   2 0 2 0 0 3 1 4 0 5 5]
  [0 3 2 4 0 0 0 5 5 4 1 2 1 4 5 5 5 0 3 4 0 4 1 4 3 5 0 0 5 5 5 5 2 0 5
   3 0 4 1 2 0 4 1 0 0 0 5 3 2 2 3 1 3 3 1 4 0 1 3 0 0 2 1 1 1 0 0 5 0 0
   1 1 3 5 3 3 0 2 1 0 5]
  [0 0 5 1 3 1 4 0 5 2 2 1 5 4 3 4 4 3 4 4 1 1 5 0 1 0 1 0 4 0 1 1 4 1 2
   0 5 1 4 2 5 4 2 4 3 4 2 4 5 2 4 2 3 2 4 2 3 3 1 5 4 0 4 0 5 4 0 0 1 4
   3 3 4 0 0 1 2 2 3 0 0]]

 [[0 5 0 1 5 0 4 1 5 0 1 4 0 5 5 3 5 5 2 4 2 3 1 5 1 2 4 5 4 2 1 3 1 1 3
   0 0 4 2 3 2 5 2 0 5 0 4 2 0 2 4 1 3 1 2 2 3 0 0 3 2 5 4 2 4 0 4 2 2 0
   3 1 1 4 5 1 0 0 3 5 4]
  [0 0 2 3 5 5 2 4 0 3 3 0 3 0 5 3 1 2 0 2 1 5 1 2 3 3 1 2 3 5 3 3 2 0 4
   0 5 3 2 3 4 4 1 5 4 3 0 5 1 0 5 1 0 3 2 0 5 3 4 2 5 0 0 3 0 2 0 5 5 5
   4 4 5 4 4 2 5 3 1 0 4]
  [0 3 0 2 4 1 4 5 0 2 5 4 5 2 2 0 5 4 0 1 2 1 2 0 5 3 3 4 0 2 2 5 1 3 3
   5 5 1 2 5 0 3 3 4 4 3 0 2 5 0 0 1 5 0 1 3 2 3 2 2 5 2 0 4 4 2 1 0 5 4
   1 4 2 4 5 2 1 0 5 3 2]
  [0 3 1 0 0 4 4 2 4 0 5 2 4 4 0 5 4 3 2 4 0 0 3 0 1 5 4 0 3 0 3 1 4 4 1
   0 1 4 2 0 5 4 4 3 0 5 4 4 3 0 5 5 3 5 2 2 1 5 5 2 2 4 0 5 5 4 0 3 5 4
   3 0 3 2 2 3 1 3 5 0 2]
  [0 1 5 2 0 1 0 0 4 0 2 1 3 2 4 2 3 0 0 4 2 3 0 0 2 4 4 2 0 4 3 2 1 0 0
   5 2 1 5 1 4 4 5 1 1 1 0 2 0 3 5 4 0 4 5 3 2 5 4 5 4 1 1 5 4 3 3 4 2 1
   5 2 2 3 0 0 0 4 2 1 0]
  [0 4 4 5 4 0 3 5 4 1 5 2 5 3 4 1 0 0 2 3 0 5 0 1 4 2 2 1 5 3 5 4 4 4 5
   0 0 4 5 4 4 1 3 0 1 1 5 5 5 2 5 0 2 3 0 2 2 5 3 0 2 1 3 4 0 5 5 4 3 1
   5 2 1 5 2 1 2 2 1 2 2]
  [0 5 4 1 1 3 0 1 0 3 3 3 4 0 3 3 1 5 0 1 2 4 3 0 3 3 3 5 4 1 5 0 5 5 4
   0 2 3 1 5 5 0 0 3 1 0 1 0 1 2 5 5 1 4 4 3 1 5 2 4 0 5 1 2 5 0 4 5 0 4
   4 5 1 5 1 2 2 0 5 3 3]
  [0 0 0 0 2 2 5 0 4 4 1 2 4 0 0 3 5 0 0 1 2 5 2 2 2 0 1 1 5 0 4 2 1 5 1
   2 3 3 0 4 1 4 4 1 5 1 0 1 3 3 1 2 0 1 0 1 2 4 5 0 4 3 4 2 2 1 2 3 1 1
   1 3 3 4 5 1 1 2 5 2 0]
  [0 4 3 5 1 2 5 4 0 4 1 2 2 4 5 1 1 5 1 0 4 4 2 3 5 5 4 1 0 2 2 1 1 1 1
   0 3 5 2 0 0 3 0 3 0 1 4 0 3 2 3 1 3 4 2 3 3 0 2 4 0 1 4 0 4 4 0 5 0 2
   3 3 0 4 0 2 5 2 3 1 5]
  [0 2 4 4 4 4 4 4 0 0 4 4 3 5 2 0 4 3 5 2 0 5 4 1 4 1 2 3 5 4 0 3 3 5 2
   1 0 1 3 0 4 2 4 5 0 1 4 5 0 2 1 4 0 3 4 5 1 2 4 0 0 0 2 5 0 3 5 1 3 3
   3 1 0 0 5 3 5 1 3 2 5]
  [0 3 0 1 3 2 5 5 5 4 0 1 4 0 2 4 5 2 4 4 4 3 1 5 5 3 1 1 2 2 4 2 2 2 1
   2 0 5 4 4 3 0 4 1 2 4 5 5 3 1 4 0 5 3 0 1 1 3 4 4 1 2 2 0 1 0 2 5 1 1
   3 3 4 0 4 1 2 0 5 1 3]
  [0 4 4 1 5 5 2 3 4 4 1 0 5 3 2 4 0 0 0 2 4 4 0 2 1 4 1 1 3 2 3 4 5 1 2
   5 2 0 5 5 4 5 0 4 4 1 3 3 2 2 0 2 2 2 2 0 0 1 1 4 3 4 0 5 5 5 5 0 1 4
   1 3 2 0 2 5 1 5 3 4 4]
  [0 4 4 1 5 0 2 5 5 3 4 2 0 5 3 0 2 2 5 3 1 4 3 2 3 0 2 1 1 1 4 4 4 1 3
   2 1 0 2 4 5 2 3 0 4 2 4 0 0 1 2 3 1 3 2 4 2 0 3 0 1 1 1 4 3 1 5 2 3 1
   2 2 5 2 1 3 2 5 2 3 4]
  [0 5 2 3 0 0 3 4 5 3 1 2 4 0 3 1 3 0 2 4 1 2 5 0 1 3 0 2 4 4 4 4 3 2 3
   1 0 3 2 2 3 3 2 2 3 3 2 2 4 3 1 2 0 0 4 1 0 1 2 2 3 4 5 4 2 4 5 4 0 5
   1 1 5 1 2 1 5 5 1 2 1]
  [0 4 1 3 1 0 5 3 4 2 4 3 0 3 0 0 1 2 1 5 1 4 2 4 0 5 2 4 2 4 4 1 1 3 1
   4 5 0 0 2 0 4 3 5 4 5 4 0 5 1 0 2 0 3 2 1 0 4 1 0 3 5 3 4 5 1 4 2 2 4
   2 2 3 2 3 5 5 2 4 0 4]
  [0 2 1 2 2 1 3 2 1 4 3 5 5 4 5 0 4 4 4 2 1 5 4 2 3 2 4 0 5 4 3 1 2 5 5
   4 3 1 1 0 3 3 5 1 3 2 0 3 4 2 0 5 4 4 0 2 0 1 5 4 4 3 1 2 1 2 2 1 4 0
   3 2 3 0 0 1 2 2 0 1 4]
  [0 0 2 0 0 0 1 0 3 0 3 2 2 3 4 0 0 1 5 3 5 4 0 2 0 1 1 5 5 3 1 3 3 1 4
   4 2 5 2 5 0 2 2 4 5 0 1 4 5 1 1 2 1 1 4 0 4 1 3 4 5 4 0 5 5 1 3 5 0 3
   3 5 0 0 1 2 0 5 3 3 0]
  [0 3 4 5 3 0 3 2 0 3 3 5 1 5 4 0 2 0 2 3 5 1 1 4 4 4 5 4 0 5 4 2 4 5 0
   4 4 3 1 5 3 1 0 1 1 2 5 2 2 4 2 4 1 1 3 0 5 1 5 0 4 2 3 1 1 4 3 5 5 2
   1 3 5 5 5 5 2 0 0 1 4]
  [0 1 2 5 1 5 4 5 4 3 0 4 5 5 2 1 1 4 0 3 3 1 2 3 2 4 0 2 5 1 4 5 4 1 5
   1 4 1 5 1 1 3 1 3 0 1 4 1 2 2 5 4 3 3 4 1 2 5 3 4 5 4 0 0 5 2 0 5 3 2
   5 3 2 4 0 1 4 2 1 1 0]
  [0 3 0 2 0 4 3 2 4 5 4 4 2 2 2 0 4 4 4 0 3 0 5 3 1 5 3 5 4 4 1 3 5 2 3
   2 4 1 0 1 2 0 5 3 3 5 5 2 2 2 3 0 5 5 5 4 2 1 4 5 5 2 4 1 0 3 3 5 3 5
   3 1 3 4 4 1 3 4 2 5 5]
  [0 2 3 4 0 5 1 0 1 1 3 5 3 0 0 0 2 5 4 3 0 1 2 4 4 3 2 3 4 0 2 2 1 3 5
   3 2 0 1 4 5 2 0 2 2 3 4 2 5 5 0 1 0 4 3 1 4 2 2 5 0 4 3 3 3 3 0 0 4 2
   4 4 0 1 3 5 4 1 5 5 1]
  [0 3 2 4 5 2 5 2 1 3 1 3 4 1 4 3 4 4 2 2 5 0 5 1 5 4 1 3 3 4 1 0 2 1 2
   2 1 4 1 1 0 4 0 4 0 4 3 3 4 0 1 0 3 1 3 2 0 5 0 2 3 3 2 1 0 0 5 0 2 2
   0 4 3 4 3 4 0 2 2 4 0]
  [0 4 0 0 1 5 1 3 2 1 1 4 3 3 3 4 4 4 2 0 3 2 0 3 2 5 5 4 4 2 3 1 4 5 5
   3 3 0 0 0 5 2 2 4 2 5 4 4 0 0 0 4 4 5 5 0 0 0 4 4 5 1 0 0 1 1 1 1 1 1
   1 4 1 0 5 1 2 0 5 4 4]
  [0 1 5 3 5 2 2 4 4 5 3 2 2 3 4 0 5 2 5 1 4 3 5 0 4 4 4 0 3 2 4 0 3 1 1
   3 1 0 2 5 0 1 2 4 3 0 5 4 5 4 2 0 1 5 3 4 5 5 2 4 3 5 2 3 2 5 5 4 4 5
   1 3 3 1 1 3 4 5 0 1 4]
  [0 2 4 4 0 0 2 2 2 1 0 4 0 4 2 5 2 4 2 4 4 1 0 1 0 4 2 5 3 1 5 0 0 2 4
   5 5 0 4 5 3 3 0 2 5 4 1 5 3 4 2 3 1 4 3 3 4 4 0 1 1 1 0 2 2 5 4 3 0 3
   2 4 4 1 5 3 1 3 4 1 2]
  [0 2 1 0 1 2 1 4 1 0 3 4 0 2 2 2 3 4 3 5 2 1 4 2 3 0 3 2 0 3 2 1 3 0 5
   0 2 0 0 2 1 4 5 0 3 2 4 4 5 0 3 3 3 0 2 0 3 3 5 3 0 3 1 1 2 3 1 1 0 0
   5 3 4 5 4 5 0 1 1 5 1]
  [0 3 5 4 2 0 3 4 5 4 4 2 2 2 3 4 5 0 4 1 5 0 2 0 0 3 0 3 1 2 5 1 4 0 1
   1 2 3 4 1 4 4 2 1 1 2 4 5 5 3 2 2 2 3 3 5 1 3 1 5 5 1 3 0 1 0 2 2 1 2
   3 0 1 5 3 0 0 1 4 3 5]
  [0 5 5 5 4 0 0 4 2 3 0 3 0 0 1 0 3 5 1 1 0 2 5 1 2 5 0 0 1 0 2 4 4 5 1
   5 3 0 1 4 3 1 0 3 5 1 2 1 5 4 4 0 3 0 1 4 3 4 5 0 1 2 0 3 2 5 4 5 3 5
   1 5 5 5 4 4 2 3 4 5 0]
  [0 5 3 2 0 2 4 5 1 1 5 3 5 5 5 0 4 5 0 3 3 4 1 4 5 4 0 5 0 1 0 5 2 1 5
   1 2 3 1 1 4 0 2 3 5 3 3 1 0 1 3 2 2 5 5 2 0 3 3 0 1 0 5 3 3 1 0 2 5 5
   1 2 1 1 0 5 0 3 0 2 5]
  [0 5 3 3 5 5 3 4 3 2 2 1 3 5 4 4 1 5 3 3 4 0 3 2 5 3 1 2 3 0 1 2 2 1 3
   0 1 3 4 4 1 1 0 2 4 1 5 4 2 1 5 5 0 0 1 1 5 4 2 3 2 0 2 3 2 1 2 3 4 2
   4 4 1 5 3 3 1 3 1 3 0]
  [0 4 1 4 3 4 4 5 3 0 1 4 1 5 1 3 4 4 3 5 3 3 1 3 4 3 1 0 3 3 0 1 0 1 3
   4 3 0 5 1 3 2 3 4 0 4 5 0 5 5 1 0 4 1 1 3 4 5 2 4 4 5 4 5 5 0 1 4 1 3
   5 5 1 2 1 3 3 4 4 5 2]
  [0 3 0 2 0 3 3 0 5 4 2 2 2 4 5 3 0 0 1 5 0 1 5 5 1 5 1 3 3 5 2 0 4 0 0
   4 4 3 5 2 5 2 3 5 3 5 1 0 4 1 3 5 0 4 3 4 5 2 2 3 1 3 1 0 4 4 5 2 3 3
   2 2 3 2 4 4 5 0 5 5 4]
  [0 4 0 1 5 2 3 3 3 2 2 0 2 0 4 2 1 2 2 5 4 2 2 3 1 2 4 5 4 5 2 3 0 5 0
   0 3 0 1 5 1 3 1 1 1 1 2 4 2 2 5 0 0 0 3 5 1 1 0 2 4 3 0 3 2 5 1 3 0 5
   1 4 3 5 1 5 1 4 5 1 0]
  [0 1 5 5 2 1 5 2 5 1 4 5 2 2 1 0 0 1 1 2 0 4 1 0 1 5 2 2 0 5 0 0 1 0 1
   5 4 2 1 0 2 3 2 2 1 5 2 3 1 0 0 1 3 0 5 4 0 4 0 4 3 2 4 2 5 2 2 5 1 3
   5 0 3 4 2 3 1 1 1 2 2]
  [0 1 5 5 2 0 2 2 4 3 5 5 3 2 5 2 5 0 0 5 0 2 3 1 1 0 4 2 4 0 1 0 4 0 0
   5 3 0 3 3 0 0 2 0 4 5 4 4 5 1 4 4 5 4 1 5 5 0 5 4 4 3 5 1 2 1 3 2 4 1
   0 1 5 1 3 5 1 0 0 4 2]
  [0 5 0 2 3 3 3 0 3 2 5 5 4 5 1 2 1 3 4 1 4 1 2 3 2 0 5 5 3 3 3 3 5 2 4
   0 3 1 5 3 1 5 1 4 3 0 1 5 4 1 0 4 2 4 4 2 4 5 3 4 0 2 3 1 0 2 5 3 3 4
   5 3 5 2 4 3 3 1 1 0 2]
  [0 0 1 0 3 2 0 1 5 3 5 2 4 3 0 3 4 1 3 4 4 4 0 2 4 0 5 4 0 4 1 1 5 5 2
   3 0 2 2 3 1 3 0 2 0 2 4 5 3 4 4 4 2 0 5 5 1 4 1 0 2 2 5 1 0 1 0 2 0 5
   1 2 0 3 3 0 3 1 3 3 5]
  [0 4 4 1 2 1 5 4 0 4 3 0 4 3 2 5 2 1 0 4 2 0 1 5 4 2 1 2 1 4 1 3 2 5 4
   0 3 0 5 1 2 3 1 4 4 1 0 1 2 5 4 0 5 1 5 1 3 3 0 4 1 3 4 4 1 2 1 5 5 3
   4 3 2 2 4 2 0 1 4 0 3]
  [0 5 4 1 3 2 2 4 2 1 2 4 5 5 0 5 4 2 5 3 0 3 5 3 4 5 5 2 4 4 1 5 0 0 3
   4 3 5 0 1 4 2 5 1 2 4 0 5 4 3 1 3 3 1 2 3 0 3 4 4 0 4 2 1 0 2 3 5 1 5
   4 1 2 2 0 3 3 0 3 4 1]
  [0 4 4 2 4 0 4 4 0 5 0 5 2 4 4 2 3 0 4 4 1 3 3 1 5 5 1 0 3 0 1 3 5 3 4
   1 0 4 0 0 4 4 0 4 5 5 4 0 4 5 1 4 2 1 0 4 4 5 2 3 5 0 0 2 0 1 2 0 2 2
   1 2 0 1 1 1 0 0 5 4 1]
  [0 1 4 3 4 0 5 0 0 4 5 5 2 4 0 0 5 1 0 3 2 3 5 3 2 4 5 0 2 2 1 2 4 2 1
   0 3 0 4 4 0 0 4 0 0 3 2 0 1 2 1 2 3 5 3 4 4 0 1 1 3 5 5 1 0 1 1 4 2 0
   0 3 4 4 1 1 1 5 4 4 5]
  [0 3 5 4 1 1 0 2 1 0 0 4 2 5 3 4 4 4 3 0 1 0 5 0 2 1 4 1 2 4 1 1 1 5 3
   1 1 2 1 1 3 0 2 5 3 4 1 0 2 4 3 1 1 0 5 1 0 5 3 5 2 4 5 2 2 2 0 2 0 0
   3 5 4 2 4 4 2 0 1 5 5]
  [0 4 3 1 5 5 4 0 1 3 3 1 2 2 0 2 1 2 5 0 0 0 1 1 4 4 5 0 5 1 3 4 2 0 4
   5 4 1 0 1 5 3 0 2 3 0 4 1 5 5 1 2 0 3 3 4 1 2 0 0 2 1 1 5 3 2 4 3 1 5
   2 4 2 3 3 0 4 3 0 5 1]
  [0 4 3 5 0 4 0 1 1 5 2 1 4 3 0 2 5 1 4 1 0 2 5 2 2 5 3 2 2 0 0 0 2 2 1
   1 0 4 5 1 4 5 2 0 5 1 4 5 4 1 1 1 1 1 1 5 2 3 2 4 4 1 3 0 5 3 0 3 4 3
   5 2 4 4 4 2 5 4 1 4 4]
  [0 2 2 1 1 2 0 1 2 2 0 0 5 3 3 4 0 4 2 4 2 4 0 4 3 3 1 3 1 3 5 0 3 3 3
   1 3 3 4 2 4 0 1 3 0 0 1 2 1 3 0 4 1 1 4 4 3 2 4 5 5 3 1 5 2 5 3 5 1 5
   1 2 1 2 1 0 1 0 4 5 0]
  [0 0 3 2 4 3 2 2 4 5 4 0 2 2 1 5 5 3 2 3 1 2 5 5 3 0 0 0 5 4 0 3 3 3 1
   2 2 0 3 3 0 3 2 0 4 0 4 2 4 2 5 1 4 3 3 4 1 1 3 3 0 3 3 3 4 4 5 2 1 3
   4 0 1 4 4 3 0 1 1 1 4]
  [0 2 4 5 2 2 1 1 1 2 0 5 1 5 0 1 1 5 5 3 5 5 2 5 1 2 3 4 3 5 0 1 1 2 0
   3 0 2 2 2 0 3 0 0 2 3 0 2 2 2 2 4 5 5 3 3 3 1 5 5 2 5 0 2 3 4 2 2 3 3
   1 2 5 3 3 4 5 3 3 1 5]
  [0 1 5 0 2 1 1 2 3 5 2 2 1 2 0 0 5 1 0 0 1 1 0 0 2 5 1 4 4 0 4 0 0 5 2
   4 0 0 4 1 4 2 3 0 1 1 1 0 3 5 0 4 0 0 4 2 0 0 0 0 3 4 3 4 1 1 0 3 3 0
   5 5 5 5 5 0 1 5 3 0 1]
  [0 1 1 3 3 5 0 2 5 2 0 5 5 4 4 3 4 0 2 0 1 0 1 3 0 1 5 2 4 4 5 2 4 4 1
   5 5 5 1 2 4 3 2 3 0 0 1 1 0 0 2 0 3 2 4 2 5 1 3 1 2 4 4 3 0 2 0 2 2 5
   2 1 5 4 0 3 3 3 0 4 5]
  [0 4 2 1 2 4 4 3 4 2 4 2 3 5 4 5 3 3 0 2 5 3 3 1 2 3 3 5 1 3 0 0 0 3 1
   5 1 2 5 3 5 2 1 5 5 0 0 0 5 0 2 5 2 4 5 4 2 3 1 2 1 5 0 3 0 4 3 4 2 2
   1 2 2 4 0 5 4 3 3 4 5]
  [0 5 1 1 2 3 5 5 5 0 3 0 4 2 3 2 4 2 5 2 3 5 4 0 1 5 2 1 0 2 2 0 1 4 1
   4 0 2 2 1 1 3 0 3 1 2 1 3 5 5 0 4 0 0 0 5 0 3 0 1 4 2 0 2 2 0 2 0 5 3
   2 2 1 3 4 4 5 4 3 4 5]
  [0 5 0 0 5 3 0 2 3 2 1 2 2 5 4 4 5 5 5 2 5 1 0 3 1 3 1 1 0 0 1 4 3 5 4
   4 4 4 1 3 2 3 0 3 5 4 3 2 2 2 4 0 5 5 0 2 4 3 4 4 0 5 2 4 1 1 1 0 3 1
   5 4 2 1 5 5 0 4 4 3 4]
  [0 0 4 4 0 5 3 5 5 0 2 4 1 0 0 3 4 0 5 0 0 0 1 3 2 0 0 0 4 4 1 0 1 3 4
   5 3 1 5 4 2 5 4 3 1 4 5 0 0 5 0 4 0 5 3 1 0 3 1 0 2 5 5 0 1 2 3 1 2 4
   0 0 3 5 3 1 3 2 0 3 3]
  [0 0 2 0 3 4 1 5 4 5 0 1 2 2 2 5 5 2 0 0 2 2 3 0 5 2 4 3 4 1 5 0 5 3 1
   5 5 4 1 2 1 1 4 2 0 3 1 3 2 4 0 0 2 0 4 1 0 3 0 4 2 5 0 4 5 3 4 2 5 1
   3 1 2 4 0 4 2 1 3 2 1]
  [0 3 0 0 1 4 5 5 5 5 1 3 4 5 0 5 3 2 0 5 0 4 0 4 1 2 1 0 1 5 5 3 1 0 2
   0 2 1 2 0 1 4 4 1 2 0 0 4 2 0 4 3 5 0 0 2 0 4 3 1 5 4 3 4 3 0 2 0 3 5
   1 5 4 1 0 3 0 2 2 0 5]
  [0 5 4 0 4 0 1 0 1 2 2 5 0 4 2 5 2 1 1 5 5 2 4 0 4 2 2 3 2 5 0 3 0 3 0
   4 5 3 4 1 2 3 3 3 0 5 3 3 3 5 5 4 2 5 0 0 3 1 1 1 2 4 2 1 2 3 0 2 0 1
   2 1 2 4 3 1 2 2 3 1 3]
  [0 3 0 4 4 3 1 1 0 3 5 2 5 0 4 4 1 4 0 0 0 2 4 3 3 4 0 3 3 0 3 1 0 4 4
   2 1 3 4 5 0 3 2 0 2 3 4 1 5 2 1 3 5 2 5 3 0 1 4 5 4 2 4 0 2 0 2 2 1 3
   4 0 5 4 4 1 1 5 3 3 5]
  [0 5 1 5 3 3 2 4 3 5 4 3 2 0 0 4 5 2 4 5 3 5 3 3 1 2 1 5 2 3 3 0 4 5 2
   5 2 0 1 3 0 1 5 4 3 2 2 1 1 5 5 1 0 0 5 1 0 0 0 3 0 5 0 1 0 0 0 0 4 2
   4 0 5 1 2 1 5 2 1 5 4]
  [0 2 0 5 0 1 3 2 4 1 4 0 5 0 5 3 3 0 0 1 3 0 5 0 5 4 3 5 5 0 5 2 5 2 2
   5 1 0 5 3 0 2 3 4 4 0 3 3 5 2 2 0 4 0 4 5 4 0 0 1 3 5 3 3 3 2 3 2 2 2
   1 1 1 0 1 4 2 0 1 4 3]
  [0 0 0 2 0 4 3 3 2 2 1 2 5 0 5 2 0 1 0 4 4 3 4 0 1 2 5 3 2 2 1 1 5 0 2
   0 1 5 5 1 3 5 2 5 4 0 5 2 5 3 4 4 1 2 0 0 2 3 3 0 5 3 4 3 4 2 0 3 1 5
   0 4 0 1 4 5 4 4 3 2 0]
  [0 4 0 3 0 1 0 4 5 1 4 3 1 4 5 1 4 0 5 4 1 4 0 5 3 5 1 1 5 3 0 4 2 4 4
   5 4 5 2 3 2 2 2 2 2 5 0 5 4 4 0 3 0 5 0 2 2 3 4 4 0 1 1 5 1 0 1 5 2 1
   5 5 4 0 5 2 3 3 1 5 5]
  [0 2 2 3 4 0 5 4 1 4 3 5 4 0 0 4 0 2 3 2 1 2 5 2 3 5 1 4 4 0 2 0 1 3 0
   4 0 0 4 2 5 4 1 4 3 0 5 4 1 2 3 1 4 1 2 4 4 1 3 4 3 0 5 4 0 2 0 4 0 2
   5 0 3 3 1 5 4 0 1 1 2]
  [0 0 1 1 2 1 5 1 3 3 3 3 0 1 2 2 4 5 0 4 2 4 2 2 1 2 5 0 2 1 0 3 1 5 3
   1 5 0 3 0 4 5 1 4 4 1 3 5 3 1 3 3 2 5 5 3 4 3 3 2 1 2 0 2 2 5 1 4 5 4
   4 2 2 5 1 3 0 0 4 2 1]
  [0 3 0 2 3 5 2 1 2 0 3 5 2 4 5 0 0 0 0 4 4 3 0 3 3 2 1 2 3 0 3 5 5 0 4
   3 1 0 1 0 0 1 4 2 0 5 1 5 1 2 5 0 3 2 2 3 0 2 2 2 4 2 5 0 2 0 2 1 2 2
   0 0 1 3 0 3 5 5 5 2 0]
  [0 0 5 2 0 0 0 0 3 3 4 3 2 3 4 0 0 1 3 3 3 5 0 3 2 4 1 4 5 5 4 1 1 3 1
   5 2 1 1 3 3 5 2 2 4 2 2 4 3 4 4 0 3 5 5 2 3 4 2 1 0 2 4 5 0 2 5 1 5 2
   1 5 4 1 3 5 4 5 5 4 5]
  [0 4 4 0 0 3 5 5 4 0 2 1 0 1 3 0 1 2 3 5 4 4 4 1 5 1 2 4 5 3 0 3 1 0 3
   2 1 3 5 3 2 1 0 1 4 1 0 4 4 3 3 2 0 1 2 5 2 0 5 4 2 2 3 3 1 0 0 5 5 2
   0 0 5 4 3 5 4 5 3 4 2]
  [0 1 1 2 3 3 1 2 1 0 0 1 5 4 0 0 3 1 4 4 3 2 3 3 5 2 3 2 1 3 0 1 1 1 2
   4 5 5 5 2 4 1 5 2 4 0 0 1 5 2 0 5 1 5 5 0 0 5 1 3 2 4 0 4 1 1 0 1 4 3
   4 3 5 3 4 4 0 2 5 4 4]
  [0 2 1 4 2 0 5 3 0 2 2 0 5 0 2 0 0 2 1 5 2 3 3 5 5 3 4 3 3 1 5 5 5 5 3
   4 2 1 4 4 0 0 4 2 0 4 3 4 0 2 4 0 2 5 5 0 2 1 0 3 5 0 4 2 4 5 4 0 4 3
   0 2 3 5 3 2 3 4 0 2 0]
  [0 2 0 1 0 4 3 4 4 1 0 5 4 2 4 2 2 0 1 1 4 0 5 4 1 4 4 4 5 1 0 5 2 5 0
   3 5 5 1 4 5 4 1 3 4 3 0 0 2 2 3 3 0 0 5 5 3 1 0 5 2 0 0 3 1 4 5 4 0 5
   5 2 4 1 4 3 4 0 0 3 0]
  [0 1 2 4 1 1 3 2 4 5 2 0 2 2 5 3 4 0 1 1 2 0 0 1 3 2 3 5 5 2 5 0 4 2 4
   1 3 2 2 3 2 1 0 4 4 1 0 3 5 3 4 0 3 2 3 4 1 2 2 4 0 3 1 2 2 1 0 3 1 0
   0 2 4 0 2 4 1 1 4 1 4]
  [0 1 1 3 5 1 2 2 0 5 0 2 0 5 1 1 0 3 5 4 1 0 3 4 0 2 1 0 4 0 5 1 3 4 0
   4 5 0 3 1 1 3 3 4 3 4 4 4 2 1 4 4 1 1 3 3 4 5 0 5 5 4 0 3 1 4 2 5 5 1
   0 4 3 3 1 0 5 0 4 0 3]
  [0 3 3 3 4 0 4 2 1 0 3 5 1 0 0 0 4 1 1 4 3 3 1 2 0 1 0 5 0 5 2 2 1 4 0
   3 0 4 3 3 2 5 0 1 1 4 3 0 1 3 0 3 0 2 4 2 0 3 5 0 0 1 4 0 5 2 2 2 4 5
   5 0 0 5 2 2 3 2 0 5 2]
  [0 3 4 1 0 3 4 3 3 1 2 3 2 0 3 0 4 1 2 2 0 4 5 3 2 3 3 2 1 1 2 4 4 3 0
   3 1 4 5 1 4 0 5 0 5 0 3 4 5 1 2 5 4 1 3 2 3 4 1 1 0 2 4 3 5 2 0 2 4 3
   2 1 0 1 5 1 3 5 5 5 0]
  [0 5 0 0 1 5 2 0 2 1 1 1 1 2 4 1 3 0 3 5 2 3 5 5 5 5 2 4 5 5 4 3 4 4 0
   3 0 4 0 1 5 3 1 0 3 1 4 4 0 5 5 2 3 1 1 0 2 1 3 3 3 0 5 4 0 4 3 3 2 3
   3 2 2 0 1 3 3 2 3 1 3]
  [0 1 2 5 2 4 3 5 2 1 0 1 4 5 1 0 5 1 1 0 5 1 0 3 2 5 5 5 2 2 4 1 5 3 0
   0 0 3 2 2 4 5 0 1 3 1 1 1 5 5 2 0 4 0 3 2 5 5 0 2 3 2 2 4 1 1 5 2 2 2
   0 2 5 0 0 3 1 1 5 5 0]
  [0 4 5 5 0 0 5 1 5 1 5 1 0 3 0 0 4 1 1 3 4 0 0 3 0 3 5 2 3 4 4 5 4 2 3
   5 5 2 0 1 5 3 2 0 3 0 0 2 3 1 4 2 4 2 0 2 5 1 0 1 5 5 4 5 0 4 5 2 3 5
   0 1 1 2 2 0 1 5 1 1 2]
  [0 4 3 4 3 2 5 3 3 0 0 4 0 4 2 0 4 2 4 5 1 0 0 4 4 4 5 2 0 3 2 5 2 4 4
   2 2 3 1 1 0 3 5 5 1 0 0 3 1 0 1 1 3 1 2 0 2 4 0 2 5 3 3 2 2 1 2 2 0 3
   0 4 3 4 2 0 0 5 1 1 3]
  [0 1 3 1 0 4 3 0 4 5 3 5 3 1 1 0 5 1 4 2 4 1 0 0 2 5 0 4 3 4 4 0 0 2 1
   2 2 1 5 4 4 3 1 5 2 4 5 0 0 4 4 2 4 2 2 3 0 4 4 3 0 2 4 0 1 0 4 1 5 0
   3 5 0 2 4 2 1 0 0 5 0]
  [0 1 4 2 0 1 1 1 3 3 1 5 5 0 5 0 5 1 1 1 4 3 2 5 1 4 5 2 5 3 1 4 4 4 1
   4 3 0 0 3 3 3 1 5 0 0 2 5 5 1 5 3 4 1 5 3 3 2 0 0 4 3 0 0 0 3 2 5 3 5
   5 3 3 0 3 4 0 0 0 1 3]
  [0 1 0 3 0 1 5 5 5 1 3 1 0 2 2 0 5 4 2 0 2 2 4 2 1 4 1 5 2 3 3 3 2 4 4
   2 4 3 2 1 5 2 5 5 5 1 1 3 4 5 5 1 3 3 1 1 5 0 2 1 5 4 3 2 2 4 2 0 0 3
   3 4 0 2 5 2 3 4 2 0 0]
  [0 2 5 4 1 1 0 4 5 0 1 0 4 0 0 4 2 5 1 1 4 1 0 4 3 5 5 0 2 3 5 0 3 4 4
   1 5 3 0 3 4 0 4 5 3 3 5 1 5 0 4 5 1 2 0 5 1 5 0 2 3 2 3 3 3 2 1 5 2 0
   4 5 2 4 5 0 4 3 5 4 0]]]
release_time
[  0  10  10  30  57   2   3  15  71   4   1  20  21   7  18   7   6  27
 597  11   1  41  14   4  22  51   0  17   0  16  18  49  43  27   3  47
  16  51  15  10  10  12 488  44  13   9   9  10  20   9  28  42  16  43
   7  46  23   6   7  49   6  23  11   3   7  33   9 190   4 746  16  50
  72  68  56  64  18  28  46   3  17]
due_date
[  0  41  56  32  64 465  35  39 351  13  57  29  42 428  41  22  28  53
 740  27   7  42  19  33  33  71   0  33   1  27  26  58  77  69  23  51
  18  57  55  72  21  14 605  57  51  10  81  12  53  36  32  42  29  58
  52  65  78  15  31  72   8  25  17   6  56  54  34 535  12 781  67  66
 345 303  58  74  32  33  59  56  23]
unit_emission
[ 5  1 11  1  7 12  3  7 12 17]
emission_limit
12009.6
setup_severity
0.02
due_tight
0.9
due_range
1.0
release_tight
10
degree_constr
0.2
