mach
10
job_rate
8
weight
[ 0  7  2 10  5  5  1  9  5  4  4  1  9  8  8  6  6  9  2 10 10  3 10  8
  8  3  6  9  1  8 10  4  1  9  8  5  1 10  8  2  1  4  4  5  7  9  6  7
  4  7  3  2  9  3  3  7  1  2  1  7 10  2  5  8  6  2  7  7  4  8  2  3
  4  7  8  8  3  7  3 10  7]
proc_time
[[  0 126 129  67  63 123 139 126 104 105 117 127  67  77  71 100 104  67
  117 116  73  99  74 112 113  54  79  96  89  82  66  75  86 143  57 132
  121  82  67  69  98 129 121 120 131  79 102  89  77  51  56  85  75 105
   59 111  99 138 148  78 114  51 137  57  59  78  87 101  70 124  68 144
  105  63 112  56 135 148 112  57  67]
 [  0  84 124 146  62  87 131  66 141  50 146 136 108 130 122  77  52  77
  146  61 144 136 125 107  88  60  90  65  66  96 135  81 111 136 127  81
   63 131 128  90  59 146 116  62 118  92 145 130 134 141  63 122  54  66
  109  56  72 115  69 131 116  77  54  78 100  91 123 107 145  60  54 139
  109 134  98 122  50 133 121  71 135]
 [  0  57 150  71 103 121  59  94  90  99 127  58  84 114  89 116 144  61
  123 143 138  72  56 103 114  68 140  69  90  69  63 147  54 132  67 102
   53 146  88  96  93  97  50  84  52  65  79 137  75 132 116 120  66  96
  146  87  60 136  75 130  54  57 141  99  65 108  65 128  59  75  75 148
   83 136 106 113  86 138 143  56  54]
 [  0 111  61 117  79  82  68  50  79 102 142  63  62  56  72  98  70 147
   70  65 130 144  87 136 135 110 133 136 130 105  99  99 104  65 128  63
  101  54  85 142  98  92  71 112  71 121  72 131 135  68 124 103 135 117
  119  77 132 100  59  99  92  65 131  67 147  64  96 109  80 140  64  66
   87  91 129  56  65 138 139  97 150]
 [  0 105  62  68  78  77 106  50 135  79 121 144 146 107  83 135 129  77
   73 145  65  93 148 123 150 137  88 147 115 142  75 144 100  77  83  63
   92 139  73  66  69  69 149  91  56  89 150 141  80  78 120  85  90  87
  149 148  66  57 136  70  88 149 129  94 116  58  57  59 119 134 138 113
  119  84 145  85 109  57  89 111 117]
 [  0 121  78 149  83 139 142 126  97  51  92  80  56 110 126 133  68 121
  148 120 115  64  70 111  81 116  97 110 102  75  89 104  74 114  81 145
  111  88 141  93  89 123  78 122 125  67  81  52 102 102 129  84 131  52
   75 122  66  74  75 109  67  95 114  64 100  75 137  50 149 105 126 111
  111 130 122  50 113 127 108 140  91]
 [  0 106 143 103  52 132 140  82  77 126 131 145 137  82 145 112 108  86
   96 108  70  51  50 117  56 132 143  94  88 110 129  91  71  61 108 128
  109 120  52  77 143  65 102 145  96 107 149  70  64  65  90 133 134 131
  127  92 103  95  58  76  57  93  61  85  85  59 102  79 120 106  62 124
   95 136 119 129 147  56 107 146 100]
 [  0 125  65 149  58  65 149  71 117  86  81 109 112 104 135 139 112  80
   85 101  81 146 150 115  90  63  80 147 118  71  59 114  88  84  71  54
  118 125  71  89  90 120 139  84  58 134 148  86 138  76  99  96  68  82
   66  60  55  72  74  69 116  71 134 129  75  53  80  51 136  63  99  58
  124 140  64 112  71  61 136  90 108]
 [  0 137 139 124  85  77 143  90 142  82 129  73  83  76  51 125 103  68
  149  95 118  86  81  78 138 108  97 144  95  95  98  73  76  85  79  84
  140  59 129  82 136  79 125 123  71  70 127  70 120 113  64 145 118  73
   93 136 130  99 109  86  71 108  97  90 137 119  83 127 146 116  75  65
   95  99 149  81 143  89 144  93 137]
 [  0 112 138 134 104 106  94 122 136 126  57  83 141 116  94 139 134 143
  103  67  50  77  72  88  84  63 138  78  56  97 145 147 119 131  71 143
  120  80  86 145 130 147  88  76 127 150 108  97 135 127  65  92  64  64
   62  74 102 118 110 142  97  51  77 141  64  79 117 141 138  60  88  72
   94 121  87  85  54 106  76 108 141]]
setup_time
[[[0 0 1 3 3 0 1 1 4 2 0 0 4 4 4 4 4 4 1 4 0 2 2 2 3 2 3 3 1 1 2 3 1 4 3
   1 1 4 0 0 2 1 0 0 0 1 4 0 3 2 3 1 1 4 4 0 1 3 4 3 0 4 4 0 1 0 1 1 1 0
   0 1 2 2 2 1 2 0 3 3 0]
  [0 0 1 2 2 1 2 1 3 3 2 1 3 1 1 2 3 3 1 3 0 4 4 4 0 4 0 3 4 0 2 1 1 3 4
   1 2 4 3 1 3 0 1 2 2 0 3 1 0 2 1 0 3 3 3 4 2 0 4 3 0 4 4 0 2 0 3 1 3 4
   1 4 2 3 3 0 1 2 3 2 3]
  [0 1 0 3 3 4 2 2 2 4 0 4 0 2 4 2 1 2 0 3 0 3 3 0 4 0 1 4 1 2 4 0 1 1 3
   3 0 0 3 1 0 0 3 1 3 4 1 1 1 2 1 2 1 4 2 1 3 2 1 4 3 4 4 0 3 3 1 1 3 1
   3 4 0 0 4 0 2 0 1 1 4]
  [0 2 0 0 4 0 0 0 0 0 3 3 0 3 2 0 1 3 0 1 1 3 0 4 3 2 1 3 1 4 1 2 1 1 4
   2 3 3 1 4 1 2 1 0 3 0 2 1 1 2 1 2 4 0 0 3 0 3 0 4 3 4 0 2 0 1 0 1 1 4
   0 2 3 4 1 4 4 4 3 2 2]
  [0 3 2 1 0 2 3 3 1 4 4 0 3 3 0 0 4 2 2 2 1 1 4 3 1 0 1 1 2 3 2 0 3 0 3
   3 2 0 1 1 2 0 4 3 2 4 4 1 3 3 2 1 2 2 3 1 1 3 4 4 1 3 2 1 4 4 2 0 4 2
   3 3 0 2 0 0 2 0 0 2 4]
  [0 2 2 0 0 0 4 0 0 1 3 2 3 1 0 4 3 4 3 4 1 4 4 2 4 0 2 3 1 1 0 1 0 1 2
   0 1 3 1 2 2 2 3 2 0 4 4 4 0 3 4 1 3 1 3 3 4 3 3 1 2 0 4 2 0 3 3 2 0 1
   1 3 0 2 3 4 0 1 4 0 2]
  [0 0 0 0 1 0 0 1 4 4 2 1 0 1 2 3 2 0 0 3 4 1 2 4 1 0 4 2 3 0 3 3 1 4 1
   0 1 0 4 0 0 3 3 3 2 0 3 2 0 0 1 3 1 3 1 4 1 4 0 4 0 3 4 0 3 2 4 1 0 0
   4 2 1 3 1 4 3 0 1 4 1]
  [0 2 0 3 0 0 2 0 0 0 3 3 2 4 3 4 4 0 1 4 1 4 2 0 2 2 2 2 2 0 1 2 2 0 0
   4 1 3 2 2 4 3 4 4 0 1 0 2 1 2 2 4 1 1 2 1 0 2 0 0 1 2 0 2 4 2 4 1 4 2
   4 2 2 0 0 3 2 1 3 3 0]
  [0 3 3 1 1 4 3 2 0 0 2 2 0 1 2 2 0 4 1 0 3 2 2 3 4 0 4 1 2 0 3 1 3 1 3
   4 2 3 4 1 4 2 0 2 0 2 3 2 4 4 3 1 4 3 0 0 2 2 2 4 0 1 2 4 0 1 3 1 1 1
   3 3 1 2 4 0 0 4 1 2 4]
  [0 4 1 1 2 1 4 3 0 0 4 3 0 0 4 0 0 1 1 4 3 4 0 1 0 2 1 2 3 0 3 3 4 0 4
   4 2 3 1 4 0 4 1 3 2 0 0 1 3 0 3 4 2 4 1 1 2 0 4 0 4 4 1 3 4 4 1 3 3 0
   1 1 1 2 2 0 3 2 2 4 1]
  [0 3 3 2 1 4 0 2 2 3 0 1 4 0 3 2 1 4 1 1 2 3 4 0 4 2 4 0 1 4 1 3 4 3 3
   2 4 3 3 3 4 3 1 2 1 4 1 4 3 2 4 2 0 1 1 1 3 3 1 2 1 3 1 0 2 1 0 3 3 3
   1 4 2 0 3 4 0 3 2 4 2]
  [0 4 1 2 1 2 3 4 2 0 0 0 4 0 0 4 1 2 0 2 0 1 4 2 4 2 4 1 4 1 0 0 2 0 2
   4 4 1 3 3 1 0 0 2 0 3 2 0 3 4 3 2 3 3 2 0 0 0 1 3 2 2 2 4 0 1 2 4 1 1
   2 0 0 4 4 4 0 2 0 3 0]
  [0 4 4 1 0 2 3 1 2 3 4 1 0 4 1 2 0 2 2 0 0 1 3 4 2 3 3 4 1 0 1 0 1 1 1
   2 3 2 2 2 1 2 1 0 1 3 1 3 4 1 1 3 0 3 0 2 1 0 0 1 1 1 0 2 4 0 3 4 0 2
   1 2 1 3 0 1 3 1 3 3 0]
  [0 2 3 2 4 2 3 2 0 2 1 4 4 0 3 0 1 0 2 0 2 2 3 3 1 4 3 0 4 1 3 2 2 4 0
   2 3 3 2 0 2 1 1 2 4 3 0 2 3 2 0 0 3 4 3 1 0 3 4 2 2 3 1 1 3 3 3 1 0 3
   1 0 0 4 1 0 3 3 3 2 2]
  [0 0 1 4 4 1 2 0 1 0 1 4 1 4 0 3 0 1 4 2 4 0 0 4 4 2 4 0 2 1 3 4 4 1 0
   3 2 0 0 0 3 3 4 0 3 1 1 2 1 1 4 1 4 2 1 4 1 2 0 4 3 2 3 4 4 0 4 0 1 1
   3 4 1 0 4 3 4 4 1 0 4]
  [0 2 3 4 4 0 2 1 1 4 4 2 3 3 0 0 1 1 4 3 3 2 1 4 2 1 1 3 3 2 4 0 1 3 1
   3 2 2 0 0 2 0 0 4 1 4 3 1 3 4 0 3 4 3 2 4 0 4 3 4 0 3 1 4 0 3 4 1 4 4
   2 3 1 4 4 4 0 2 0 3 2]
  [0 3 2 4 0 4 0 0 3 3 2 2 1 2 2 2 0 2 2 4 0 2 3 3 3 1 1 4 3 2 0 0 1 0 2
   3 0 0 4 1 1 4 2 0 2 0 2 3 2 1 4 4 0 4 4 3 2 2 3 1 1 4 4 0 2 3 1 3 2 4
   4 3 2 4 2 4 2 0 1 4 1]
  [0 1 1 2 1 3 0 4 3 0 0 1 2 2 2 2 4 0 4 0 1 3 4 3 0 2 1 4 3 4 1 1 4 2 3
   2 2 4 0 3 4 3 3 0 0 4 4 0 2 2 2 0 1 2 3 4 2 4 0 2 4 0 1 2 4 4 2 4 1 2
   2 3 2 1 2 0 0 1 0 3 1]
  [0 0 0 1 4 2 4 2 4 0 2 0 0 3 4 3 2 3 0 2 2 1 0 3 4 2 2 2 4 3 3 4 1 2 1
   2 4 2 2 2 2 3 2 3 3 4 3 1 1 0 3 4 4 3 4 4 4 2 0 1 4 0 1 0 4 1 2 1 2 1
   2 1 0 4 1 0 4 4 1 4 2]
  [0 3 2 3 1 4 4 1 2 1 3 1 0 1 3 4 4 2 2 0 1 2 1 2 0 4 2 1 0 1 3 3 3 1 3
   2 0 2 0 2 2 3 3 3 3 0 2 3 0 0 2 3 2 0 0 4 2 2 1 4 0 1 0 1 1 4 3 2 1 0
   0 1 0 4 0 0 1 4 4 4 4]
  [0 0 4 1 0 3 2 1 1 3 4 2 2 2 0 1 1 1 0 4 0 1 3 4 0 4 1 3 0 3 4 1 1 3 0
   3 4 3 2 4 1 0 0 1 0 0 1 0 2 0 0 0 3 4 4 2 0 1 2 2 0 0 3 2 1 4 4 4 0 2
   1 3 2 2 2 2 3 4 2 4 3]
  [0 3 1 4 0 4 2 0 4 3 3 1 1 1 0 2 0 1 3 3 1 0 0 1 1 2 1 2 4 0 1 1 2 0 3
   1 2 4 3 3 2 4 2 3 0 0 1 3 2 0 4 4 0 2 1 2 1 0 1 1 0 2 3 4 1 1 3 4 2 4
   4 3 4 0 1 1 0 1 3 1 4]
  [0 2 2 3 2 1 1 1 0 4 2 1 4 4 1 2 2 3 0 0 3 2 0 1 4 3 2 3 4 4 4 3 1 2 1
   0 0 1 2 0 2 1 1 0 1 0 2 1 3 4 3 4 1 1 0 2 0 1 2 2 0 3 2 1 0 0 1 4 0 1
   1 1 1 2 3 2 2 1 0 1 3]
  [0 2 4 0 1 1 1 3 3 3 1 4 4 0 2 2 1 4 3 4 2 0 1 0 4 2 3 1 4 2 4 4 4 1 1
   0 2 2 4 2 1 1 0 4 1 2 1 1 1 2 0 3 4 2 3 4 4 3 2 0 1 4 2 1 2 1 0 3 2 2
   2 3 4 0 4 3 3 4 2 3 0]
  [0 0 2 1 1 4 3 4 3 1 0 1 0 2 1 2 4 1 2 4 0 1 3 1 0 3 4 4 3 1 0 4 4 1 0
   0 1 2 2 3 0 2 2 4 4 4 2 2 0 4 4 4 2 1 1 3 0 1 4 4 0 1 3 3 1 0 4 2 4 2
   2 3 4 4 3 1 2 1 1 4 3]
  [0 3 1 4 1 0 0 1 4 0 4 3 2 0 2 0 4 3 3 3 4 3 4 1 4 0 2 4 0 4 2 1 4 0 2
   2 4 4 0 4 1 3 1 0 0 1 3 1 1 2 0 4 0 0 3 3 4 1 4 4 4 2 3 2 0 1 4 3 4 0
   2 4 0 2 1 2 4 2 3 2 1]
  [0 3 0 2 4 1 1 1 3 3 0 4 1 1 0 1 0 3 0 3 4 4 0 2 3 0 0 2 4 0 4 2 3 3 2
   4 2 1 4 2 4 1 2 4 2 0 4 4 4 1 4 1 2 2 1 2 0 2 1 3 2 0 0 4 1 0 2 1 0 1
   4 0 3 1 1 2 0 1 2 4 3]
  [0 4 0 3 2 4 0 3 0 2 4 1 0 1 3 3 3 2 1 1 0 0 2 4 1 2 4 0 4 2 1 2 2 2 0
   4 1 0 4 0 4 3 0 3 2 4 1 3 2 1 0 3 3 0 3 2 0 0 3 0 0 2 4 1 2 4 3 2 1 0
   4 1 1 0 0 0 4 2 3 1 1]
  [0 3 3 3 4 0 0 1 4 1 1 4 1 2 1 1 2 4 3 2 0 1 1 3 3 1 2 2 0 1 3 1 2 2 3
   2 1 0 3 4 3 2 0 2 4 4 0 0 2 4 4 3 1 0 3 0 2 0 0 2 2 2 4 4 3 4 3 0 1 4
   3 4 1 0 0 4 0 2 2 4 2]
  [0 2 3 1 1 3 4 3 4 2 4 2 0 0 4 4 2 0 4 4 4 1 4 3 2 1 1 2 1 0 3 1 3 0 3
   3 0 4 1 1 3 4 2 4 2 3 0 2 4 3 2 2 2 3 3 3 0 3 3 2 1 2 0 3 1 4 1 0 3 2
   1 1 2 1 1 2 1 4 2 0 2]
  [0 1 1 3 1 3 2 2 3 2 3 3 0 2 2 0 1 1 3 0 3 4 3 2 4 2 0 0 1 1 0 1 0 2 4
   1 2 0 3 2 2 4 4 4 3 4 0 2 1 3 4 4 1 3 3 2 3 1 0 1 0 2 4 4 3 1 2 3 1 2
   0 4 3 2 4 2 2 3 4 3 0]
  [0 2 1 1 2 4 4 0 4 1 2 4 0 0 4 3 2 2 1 4 4 3 0 0 1 1 4 0 1 4 3 0 4 2 1
   4 0 0 3 3 2 0 1 4 3 4 3 0 1 4 4 4 3 2 2 2 4 2 4 2 4 0 4 1 4 3 0 2 1 1
   3 4 2 3 3 1 4 1 1 2 2]
  [0 2 2 0 1 0 1 1 4 3 4 0 3 4 2 1 3 0 1 4 2 2 3 3 3 4 3 3 2 4 2 4 0 0 3
   3 4 1 2 4 2 4 4 3 4 3 1 0 1 1 3 0 0 0 2 1 4 1 3 0 2 0 3 2 1 2 1 0 4 4
   2 4 4 4 3 2 1 4 0 1 3]
  [0 4 4 0 4 2 2 3 3 4 1 3 2 1 4 0 3 1 4 0 0 4 4 0 3 1 4 1 0 2 3 0 4 0 3
   3 4 3 4 0 0 1 0 4 1 1 4 0 3 3 0 2 2 0 4 4 0 2 4 1 3 0 2 4 3 4 1 4 4 0
   4 3 3 1 0 3 3 4 2 0 4]
  [0 4 3 2 2 1 0 3 1 3 0 3 0 3 3 4 1 3 0 0 0 3 4 1 3 1 4 3 0 2 4 2 1 4 0
   0 2 0 2 1 0 0 4 0 4 4 4 4 4 0 4 2 2 1 0 3 4 3 4 0 1 4 2 0 2 3 0 1 3 1
   4 3 3 1 1 4 2 4 2 2 2]
  [0 0 4 4 3 0 3 1 3 0 2 4 4 4 3 0 3 1 4 0 3 4 4 2 1 2 4 1 4 2 4 2 4 0 3
   0 3 3 2 2 4 0 4 0 2 3 0 1 3 1 4 3 3 0 0 3 4 1 0 3 4 1 1 4 0 1 3 1 1 2
   2 1 4 1 0 2 4 2 3 2 2]
  [0 4 2 1 2 4 0 1 2 4 0 2 2 4 0 4 4 1 1 0 1 3 1 1 1 2 0 2 3 2 2 4 0 2 0
   0 0 0 1 2 3 3 0 4 1 1 0 1 1 2 1 4 4 3 0 0 0 2 0 1 0 3 3 3 3 2 2 0 1 1
   2 0 1 0 2 4 4 3 4 4 4]
  [0 1 4 4 4 4 4 1 4 1 3 1 0 0 4 3 4 1 3 4 2 1 3 4 1 2 1 4 1 1 0 4 4 2 0
   1 2 0 0 1 2 4 0 4 1 1 0 2 4 3 2 4 3 2 1 0 4 2 0 4 2 2 4 1 3 4 1 4 4 2
   1 2 2 1 1 1 1 1 4 0 1]
  [0 0 2 2 3 2 3 2 3 1 0 2 0 0 0 1 2 1 1 0 2 0 4 2 1 0 1 1 4 2 2 1 0 4 1
   0 3 3 0 1 1 2 0 3 4 1 1 0 1 0 4 4 2 1 0 2 1 4 4 0 0 3 3 3 0 4 3 1 2 4
   3 0 3 1 2 4 2 1 1 3 0]
  [0 0 4 3 0 1 0 4 4 3 3 3 0 1 0 0 1 0 1 3 4 1 3 1 1 3 0 0 1 4 3 1 3 0 3
   0 4 0 1 0 0 1 2 1 4 2 4 0 3 1 2 3 0 0 1 1 0 0 2 0 1 4 1 2 2 0 4 1 0 0
   0 1 0 4 4 1 0 1 0 1 3]
  [0 1 2 4 4 3 3 0 2 4 0 0 3 3 0 1 1 1 2 2 0 4 4 3 0 1 1 4 0 2 3 3 4 0 3
   0 1 2 4 3 0 0 2 2 2 0 2 1 2 1 0 2 2 1 0 4 1 4 1 4 4 2 2 2 2 2 0 2 0 2
   3 4 2 1 2 4 0 1 1 1 0]
  [0 1 3 3 1 0 4 3 3 1 2 2 1 2 3 3 1 1 4 2 4 1 4 4 1 2 3 4 3 0 1 0 4 0 2
   0 4 0 4 2 1 0 0 3 0 0 1 2 3 0 0 2 4 1 4 2 0 0 0 4 3 3 0 1 2 1 3 3 1 2
   2 0 0 1 0 4 0 3 2 2 4]
  [0 4 0 4 1 0 2 3 1 3 3 4 3 4 0 0 3 4 0 0 3 2 0 1 3 3 4 4 2 3 1 3 0 1 3
   4 4 2 1 3 3 0 0 2 4 0 2 1 2 1 4 0 0 1 3 4 4 1 2 3 3 4 0 2 0 1 0 3 0 1
   3 1 1 4 2 3 0 1 2 4 1]
  [0 2 1 1 1 3 3 2 0 4 4 0 1 2 2 1 3 3 0 0 4 1 4 1 2 3 0 4 4 4 3 0 1 2 4
   2 1 3 1 0 2 1 1 0 2 4 0 3 4 3 0 2 2 4 1 3 4 1 1 4 4 3 0 4 3 3 4 1 3 2
   2 2 2 4 1 3 0 4 0 0 2]
  [0 3 1 0 4 3 0 4 2 1 3 4 0 2 2 0 0 1 0 2 0 0 0 4 2 4 1 0 2 4 2 3 1 0 1
   1 4 2 4 2 1 3 2 4 0 1 2 1 0 2 3 1 1 0 2 4 4 1 1 3 0 2 0 3 2 3 0 3 0 2
   0 0 0 2 3 2 4 1 2 2 1]
  [0 2 0 4 2 4 1 1 2 1 3 0 0 4 1 0 3 3 1 0 4 0 3 1 4 4 3 1 3 4 2 0 1 0 3
   0 0 1 3 2 0 0 2 0 3 0 0 4 0 0 1 4 0 4 0 2 3 0 0 2 1 2 1 0 2 3 1 1 4 2
   1 2 2 4 3 4 3 3 3 2 4]
  [0 0 0 3 2 0 1 1 1 0 3 3 4 3 4 0 4 4 1 2 0 1 2 3 4 4 4 0 3 2 0 0 0 4 1
   4 4 3 2 0 2 0 3 3 4 1 0 4 2 2 3 2 1 2 1 0 4 3 4 0 0 0 4 3 2 3 4 0 4 0
   3 2 0 1 3 4 1 4 1 3 0]
  [0 4 3 0 4 3 3 2 3 3 0 4 2 0 1 3 2 0 4 4 3 3 3 3 2 4 2 3 4 4 3 0 2 0 0
   3 1 3 0 2 2 3 3 3 1 2 4 0 3 4 1 3 4 1 3 1 0 4 1 2 1 3 0 2 2 2 0 1 1 4
   2 2 2 3 0 0 0 1 2 1 1]
  [0 2 4 2 0 3 3 0 0 1 4 3 1 0 3 0 4 2 2 2 3 4 0 2 0 1 1 1 0 0 4 1 3 2 1
   1 1 1 0 2 2 2 2 4 1 4 2 0 0 3 0 1 2 1 3 3 2 1 2 1 1 4 2 3 0 1 0 1 1 3
   0 3 0 4 2 1 0 2 4 2 0]
  [0 1 1 4 2 4 0 1 3 0 2 4 4 0 2 3 3 0 0 3 1 1 1 3 1 3 4 1 0 2 4 3 3 0 1
   1 1 1 1 1 3 4 0 1 3 2 3 1 0 0 2 2 2 0 0 4 2 0 4 0 0 2 0 0 2 1 4 3 4 1
   0 1 4 4 1 2 3 4 0 2 0]
  [0 2 0 2 1 4 3 1 4 1 1 4 0 1 1 0 2 4 4 1 0 1 3 0 1 0 1 4 1 0 0 4 0 2 0
   1 4 0 1 3 2 1 3 2 3 2 2 3 0 4 0 4 3 3 4 0 4 2 1 3 1 2 3 4 1 3 1 2 0 4
   0 2 2 3 1 1 2 2 4 2 2]
  [0 4 0 4 0 1 1 2 3 2 0 4 4 0 4 0 0 2 1 4 4 2 0 0 4 1 0 4 1 3 4 4 3 0 4
   1 2 1 3 4 0 2 2 4 4 2 1 2 4 0 3 0 4 4 3 4 1 1 3 1 1 0 3 4 2 0 3 4 0 1
   1 0 1 1 0 3 4 4 3 3 4]
  [0 3 0 4 3 2 1 4 2 2 1 3 0 0 2 2 3 3 3 4 0 0 2 3 4 0 2 0 1 2 4 2 2 4 1
   1 0 2 1 2 1 4 1 1 3 1 2 3 1 1 2 0 0 1 4 4 1 0 3 2 0 0 1 4 4 1 3 0 1 1
   3 0 2 2 0 4 3 3 0 4 3]
  [0 4 1 0 3 0 4 2 3 0 0 2 1 2 2 3 3 0 1 1 3 4 1 2 1 4 2 0 0 1 4 2 2 0 2
   0 0 4 2 2 1 3 4 4 2 3 0 4 2 0 0 1 1 0 2 3 1 3 2 4 2 4 4 3 4 4 0 1 2 0
   4 2 3 3 4 4 4 3 0 3 2]
  [0 2 1 4 2 3 0 1 1 2 3 4 1 3 0 0 1 3 0 1 0 2 2 2 4 0 2 2 3 2 4 1 4 4 4
   4 1 1 1 1 3 4 0 0 2 2 2 3 0 3 0 4 1 4 0 4 2 3 4 4 3 2 1 4 3 3 0 0 0 2
   3 1 3 4 1 4 3 2 4 4 4]
  [0 3 2 0 0 2 3 2 4 1 4 0 4 2 4 1 1 0 3 3 3 2 3 0 4 1 4 4 3 3 0 0 2 3 2
   1 2 4 1 4 0 1 0 0 2 4 4 0 2 3 0 1 2 3 1 0 4 0 0 2 2 3 1 2 1 4 2 3 2 3
   3 1 0 4 3 4 3 2 3 0 4]
  [0 3 1 2 4 1 0 0 1 3 3 2 0 3 2 2 1 1 0 1 3 3 3 1 3 0 0 4 4 1 1 0 1 3 4
   2 4 1 4 2 1 1 4 4 2 4 4 3 3 1 2 2 4 3 3 4 0 3 0 4 3 1 0 3 0 3 4 1 3 3
   2 2 2 0 4 3 0 0 4 1 1]
  [0 0 0 0 1 3 0 2 4 2 4 3 0 4 1 1 2 3 2 0 0 1 3 4 0 1 0 1 3 0 2 4 4 4 0
   0 2 2 0 3 4 1 0 1 1 0 1 0 1 4 3 1 2 0 3 3 2 0 3 0 2 3 2 1 4 4 2 4 4 3
   4 1 3 1 0 4 1 2 4 0 2]
  [0 0 1 2 0 4 2 3 1 3 3 1 0 0 3 3 0 4 1 4 0 4 1 2 2 1 4 0 3 4 4 0 3 3 2
   1 0 3 4 1 1 3 2 2 1 2 4 0 0 1 3 0 0 4 4 3 2 1 0 3 1 1 3 1 3 4 2 0 1 1
   2 0 2 1 4 1 4 1 2 0 2]
  [0 4 3 3 4 1 1 4 2 4 3 2 3 1 1 2 2 4 3 2 2 1 3 0 0 2 2 3 2 1 1 2 2 1 2
   1 1 3 0 3 3 2 1 4 2 1 2 0 1 2 2 1 0 2 3 2 2 4 0 0 3 1 1 1 1 3 2 1 1 4
   3 2 0 0 0 4 0 3 3 1 4]
  [0 1 0 0 2 4 1 0 2 3 0 4 2 4 4 3 4 4 4 3 2 3 2 3 1 1 4 2 2 3 4 3 3 0 1
   0 3 3 4 2 2 1 0 2 4 2 1 3 0 0 0 0 1 0 0 4 4 3 1 3 0 3 1 1 0 0 1 1 1 2
   1 1 0 2 1 4 0 0 4 2 4]
  [0 1 4 0 4 4 3 4 0 0 2 3 1 3 4 4 3 0 0 2 0 0 4 4 0 4 0 4 3 4 4 1 0 0 0
   2 0 4 1 2 4 3 4 1 1 3 1 3 0 0 2 0 0 2 3 0 3 2 1 1 2 0 4 2 4 2 0 0 2 3
   4 1 4 1 4 2 1 4 3 4 0]
  [0 1 4 0 0 1 4 2 0 1 3 0 2 2 3 3 1 2 3 3 4 4 2 4 1 4 0 3 2 4 3 4 4 3 2
   3 2 3 2 1 2 4 0 2 4 2 3 3 1 4 2 3 0 0 0 0 3 2 2 3 3 4 0 2 1 4 4 1 3 3
   3 4 1 1 2 4 3 2 0 0 2]
  [0 3 3 1 1 4 0 2 0 3 0 3 0 0 3 0 2 2 2 1 1 0 3 4 2 2 0 3 1 2 3 4 0 3 2
   0 4 3 1 1 0 2 4 2 2 3 3 4 1 3 2 4 2 3 2 1 0 3 1 0 4 4 0 0 4 4 2 0 0 0
   0 4 1 2 0 0 0 2 0 3 2]
  [0 3 2 0 2 2 3 4 1 3 0 0 4 0 3 2 0 3 1 2 1 4 3 3 1 0 1 1 0 2 0 3 3 0 0
   2 3 2 4 3 3 4 3 0 0 4 3 1 1 0 0 4 2 2 4 2 2 4 2 0 3 1 0 1 0 3 3 3 0 0
   0 4 4 2 1 3 0 0 3 2 1]
  [0 2 3 4 2 2 3 0 4 3 1 3 3 2 0 3 4 2 1 4 1 1 4 3 0 0 4 4 0 0 4 2 1 4 1
   2 2 2 2 2 2 4 3 4 4 4 1 2 2 1 0 1 0 4 4 2 4 2 0 3 4 2 0 4 0 0 1 0 2 3
   2 0 1 0 0 0 0 1 3 2 1]
  [0 1 3 4 4 2 1 1 3 3 0 1 2 0 1 0 0 1 4 0 0 3 4 4 2 1 4 3 0 0 0 1 0 2 2
   3 2 1 0 1 1 0 4 0 0 1 4 0 3 0 4 0 0 3 0 1 4 3 0 3 2 1 1 1 4 3 0 3 1 4
   2 3 2 1 0 4 1 4 0 1 3]
  [0 0 1 2 3 4 3 0 4 1 0 1 3 4 2 3 1 3 1 3 0 2 0 3 1 4 3 2 1 0 4 3 2 1 2
   2 2 3 2 2 2 2 3 1 2 0 3 1 0 4 4 2 3 1 4 3 2 4 1 1 0 2 4 3 1 4 1 0 1 3
   2 2 2 0 2 4 2 1 1 2 0]
  [0 4 4 1 1 4 0 4 0 1 4 3 3 1 4 2 4 2 2 1 3 0 0 0 3 4 0 4 0 0 3 0 0 0 1
   4 4 0 0 1 3 1 2 0 3 0 4 4 4 0 0 1 0 3 1 0 0 2 1 0 2 1 2 3 2 4 3 0 0 0
   3 4 2 2 1 2 3 4 3 0 1]
  [0 4 1 4 1 3 0 2 3 2 4 1 3 0 1 3 2 2 3 4 2 4 0 2 4 4 0 4 2 2 3 2 0 4 1
   4 4 1 0 2 1 1 0 4 1 2 4 4 3 2 4 3 1 4 0 0 1 2 2 0 2 4 2 3 2 3 4 2 4 0
   0 4 2 1 3 4 1 1 2 1 0]
  [0 2 3 3 1 3 4 1 0 3 2 1 4 3 2 3 1 1 4 4 1 4 2 1 2 0 4 4 3 1 2 0 1 3 0
   2 3 4 1 1 1 2 2 0 0 0 4 3 4 3 3 4 4 0 1 1 3 4 0 2 1 3 2 0 3 0 4 4 2 1
   0 4 3 1 0 0 1 0 2 4 1]
  [0 4 0 1 2 3 1 0 4 2 2 2 3 0 2 4 1 2 1 3 4 2 3 4 4 3 4 2 4 1 0 4 2 2 1
   3 4 4 2 3 3 1 4 2 2 0 2 2 4 4 0 4 2 1 0 0 4 2 0 4 4 2 2 0 3 4 0 0 4 1
   2 0 0 1 3 2 4 4 1 4 1]
  [0 2 1 3 3 4 4 0 1 1 4 4 1 2 3 4 1 4 1 4 4 2 0 4 4 3 1 1 2 0 3 0 1 1 4
   3 0 1 0 0 1 0 3 4 2 0 4 4 1 3 1 0 1 0 3 1 1 0 0 3 1 2 0 2 1 2 4 2 0 4
   3 0 0 1 2 0 1 2 1 0 2]
  [0 4 0 4 2 3 0 2 2 0 1 3 3 1 0 3 4 0 1 4 4 2 2 4 4 2 1 4 0 0 1 2 3 3 0
   2 4 1 4 3 4 2 0 1 3 1 1 4 3 4 1 4 3 4 4 3 1 0 3 0 3 2 4 0 4 0 1 0 3 3
   0 2 3 0 4 4 0 2 0 1 3]
  [0 1 0 0 3 2 0 4 0 0 0 4 4 0 1 2 3 1 3 4 0 3 3 3 4 1 1 0 0 1 2 4 2 4 3
   4 1 4 1 1 1 3 4 3 1 3 3 3 1 1 3 0 4 2 1 2 1 2 2 2 4 2 3 0 0 1 4 1 4 3
   1 1 0 2 0 4 3 4 0 2 4]
  [0 3 2 2 3 3 4 3 0 3 0 4 3 4 2 4 2 4 3 4 1 4 4 2 3 1 4 1 2 3 0 1 3 4 3
   1 2 0 0 0 4 4 4 3 2 3 4 4 1 4 2 0 2 2 4 3 1 4 0 4 2 1 3 0 0 2 0 0 3 2
   2 1 3 4 1 0 1 2 1 0 3]
  [0 1 0 2 0 3 2 4 1 0 2 1 2 3 4 3 3 2 3 1 4 0 1 0 3 0 2 3 1 4 1 1 1 3 0
   3 3 1 4 1 4 2 2 1 1 4 1 0 3 4 2 1 3 1 2 3 3 1 2 4 3 4 3 2 4 2 2 2 0 2
   2 1 4 2 0 2 0 3 4 4 4]
  [0 0 0 0 4 1 1 3 4 2 2 2 2 0 1 1 0 2 2 2 3 3 0 4 2 4 2 1 3 1 2 1 2 3 3
   4 1 1 2 4 4 4 4 1 3 3 4 4 2 0 4 1 0 4 2 4 2 4 0 4 3 2 4 3 0 1 4 2 1 2
   0 1 1 2 1 1 4 0 1 1 0]
  [0 0 0 1 1 0 4 0 2 2 2 1 1 2 2 0 1 3 4 1 1 1 2 1 3 2 0 2 4 1 4 2 4 0 1
   1 0 3 2 1 3 3 4 0 3 2 0 3 2 0 0 1 4 2 0 0 0 0 1 4 3 4 1 3 3 1 2 3 0 2
   2 0 3 2 3 1 0 0 0 2 2]
  [0 1 1 3 1 4 3 4 3 1 3 0 4 1 4 0 4 1 2 0 4 4 0 1 1 3 2 1 3 4 0 4 4 1 0
   4 1 1 4 2 3 4 1 0 3 4 1 1 2 2 4 2 4 3 3 0 4 3 0 2 3 0 1 0 4 3 4 4 1 1
   2 3 2 1 0 2 4 3 1 0 0]
  [0 1 3 0 0 2 2 1 3 0 4 1 1 0 2 2 0 2 3 3 1 2 1 1 0 4 3 1 3 3 1 0 2 1 4
   0 2 0 0 2 2 0 2 2 1 3 4 1 1 4 4 4 0 4 1 4 0 1 2 0 0 1 0 1 0 2 1 3 0 3
   2 0 2 0 1 3 2 2 2 4 0]]

 [[0 3 1 3 3 0 2 3 2 3 3 0 0 4 2 4 4 0 3 0 1 1 2 2 3 2 0 1 1 2 1 2 2 0 3
   3 2 3 1 1 2 2 3 1 1 3 1 3 3 1 1 1 3 2 2 2 2 4 0 4 2 1 3 1 2 1 3 0 0 2
   0 4 2 1 0 1 3 1 2 1 2]
  [0 0 0 3 4 2 2 3 2 3 0 2 4 4 2 0 2 2 0 4 4 3 3 4 1 3 1 2 0 4 2 0 2 4 0
   4 2 0 4 0 4 1 0 1 4 1 0 1 0 2 0 4 1 4 4 2 0 4 3 3 1 2 0 4 0 0 1 2 0 4
   3 1 4 0 1 4 3 0 4 2 1]
  [0 3 0 1 1 0 3 4 3 1 2 3 1 1 3 3 1 4 0 1 4 0 2 3 0 4 3 4 4 2 2 1 3 4 3
   4 0 1 2 0 2 3 2 4 2 1 2 3 2 3 4 0 0 0 1 0 3 2 4 3 1 0 3 0 3 0 3 3 2 4
   2 4 4 1 0 1 2 2 0 2 2]
  [0 4 1 0 4 3 2 1 3 0 3 4 2 4 3 0 3 4 2 4 0 3 0 4 1 0 0 2 1 3 2 4 3 4 3
   4 4 1 0 0 1 3 0 4 1 1 4 1 4 3 1 2 3 3 1 4 0 4 2 4 1 1 2 1 1 1 4 0 0 4
   3 1 2 4 1 0 2 3 4 2 1]
  [0 4 3 0 0 2 0 2 3 4 3 1 0 4 0 0 0 4 4 0 0 3 3 0 4 1 0 2 2 4 4 3 4 3 4
   3 0 2 0 3 0 2 4 0 4 4 2 3 3 2 4 1 1 1 2 1 2 2 1 2 4 3 1 3 2 4 1 4 3 2
   0 1 0 0 1 1 0 0 1 1 2]
  [0 2 4 0 4 0 1 0 4 1 0 1 3 1 1 4 0 0 0 3 3 0 2 2 4 4 1 1 4 2 2 1 1 3 1
   4 3 3 0 0 3 4 0 4 0 0 1 3 0 4 4 2 2 1 2 3 3 4 0 0 0 0 4 2 4 4 1 3 1 1
   0 4 1 1 1 4 1 2 0 2 3]
  [0 2 1 3 1 3 0 2 1 0 0 1 0 2 0 1 4 2 3 1 2 2 3 4 4 3 4 0 4 3 3 0 1 0 4
   0 4 4 3 3 0 1 2 2 4 2 1 1 4 2 1 4 2 4 1 0 3 1 0 1 4 0 2 0 1 4 1 3 1 1
   3 2 3 0 4 3 2 0 0 0 4]
  [0 4 0 1 4 1 0 0 4 4 2 4 4 1 1 1 3 0 2 1 1 2 3 0 0 3 0 1 0 0 3 2 4 2 2
   4 0 1 2 1 4 2 0 3 2 0 2 1 4 1 1 2 1 0 0 0 1 0 3 2 4 0 0 1 4 1 3 1 4 1
   1 2 3 1 1 3 1 0 1 3 4]
  [0 1 3 3 3 1 2 1 0 0 0 3 0 2 0 4 4 4 4 4 2 0 4 0 4 3 4 2 0 1 1 3 0 0 0
   2 0 0 0 4 4 4 4 4 3 4 0 0 0 0 2 0 3 0 0 3 2 0 2 3 3 1 2 0 3 0 4 1 1 4
   4 4 4 0 0 0 4 2 1 2 1]
  [0 4 0 3 2 4 2 3 1 0 3 3 2 4 1 4 4 4 0 3 0 4 3 2 2 4 2 1 0 4 0 2 0 4 0
   0 3 0 4 4 0 3 0 3 2 3 4 0 3 2 0 3 3 4 1 2 4 0 4 3 0 0 3 4 1 0 4 1 2 0
   2 4 4 1 2 3 3 4 1 1 0]
  [0 3 1 3 2 1 3 4 0 2 0 2 1 4 4 2 4 2 3 1 2 2 1 0 4 1 3 4 2 1 3 3 3 3 2
   3 2 1 1 4 3 2 0 4 4 2 4 4 2 0 0 4 1 3 4 4 1 3 2 0 4 4 3 1 3 1 4 2 1 2
   0 0 0 4 3 2 4 4 3 0 3]
  [0 0 4 1 1 0 1 0 0 0 2 0 0 3 3 1 1 4 3 3 1 1 0 3 2 2 3 2 2 4 0 1 2 2 2
   0 0 3 1 3 2 0 0 4 2 4 3 1 3 4 3 1 3 1 4 2 4 4 3 1 0 0 1 3 0 3 3 4 3 0
   1 3 4 0 0 4 4 0 3 2 0]
  [0 4 4 1 3 2 3 0 0 1 0 2 0 1 1 2 0 1 3 0 4 0 3 2 1 2 4 4 2 4 4 1 0 2 1
   2 1 2 3 0 0 1 2 0 2 4 1 0 0 3 4 2 0 3 0 2 0 0 0 2 0 0 4 4 4 4 1 1 4 1
   2 4 0 0 1 3 1 3 3 3 1]
  [0 0 0 2 0 2 1 0 0 1 2 3 1 0 4 0 3 2 0 4 2 3 3 3 4 3 3 2 1 3 2 1 1 1 0
   2 4 2 1 3 0 3 0 2 1 2 4 0 3 1 3 1 4 0 2 1 1 0 2 0 0 0 0 4 0 0 4 3 1 0
   3 1 3 2 0 3 4 2 2 2 3]
  [0 0 1 4 3 4 2 0 1 1 1 0 3 1 0 2 1 4 3 2 4 2 3 0 2 0 2 1 3 3 1 4 3 1 0
   1 2 0 3 1 4 2 3 4 4 0 1 2 0 3 0 3 1 3 2 1 0 4 1 3 1 2 0 2 2 1 2 3 3 4
   0 3 3 1 4 0 4 0 1 1 3]
  [0 2 3 0 3 1 0 1 1 0 4 1 1 0 3 0 3 1 3 1 2 1 2 4 2 4 4 2 0 4 4 4 0 0 2
   0 4 1 1 4 3 1 3 0 4 1 1 2 4 0 0 2 3 2 3 0 3 3 0 2 4 2 1 2 3 1 0 2 0 0
   2 3 1 3 3 2 1 1 1 3 4]
  [0 0 2 0 2 3 0 2 2 2 3 0 4 4 4 3 0 1 3 3 4 2 4 2 3 1 4 0 0 3 2 3 1 4 1
   1 2 0 2 1 3 2 4 4 2 2 2 1 1 2 4 2 4 3 1 0 2 2 4 1 2 2 1 4 0 0 2 1 0 0
   0 0 3 2 0 0 1 4 4 0 0]
  [0 1 1 1 4 4 0 0 2 1 0 2 3 3 0 0 2 0 4 0 2 4 3 1 4 0 1 1 2 4 1 3 0 2 2
   2 0 4 3 4 1 0 1 1 1 0 0 3 0 1 2 2 1 0 1 4 1 2 2 2 0 1 0 2 1 0 0 4 0 2
   2 0 3 0 3 1 3 0 4 0 2]
  [0 4 1 0 0 1 0 0 2 0 0 2 3 2 3 4 2 1 0 3 1 1 0 1 4 1 3 1 3 3 0 4 3 3 2
   4 4 3 4 2 0 0 4 2 3 3 3 0 4 2 3 1 0 1 0 2 3 3 3 2 0 1 4 0 3 2 3 4 4 0
   2 2 3 0 0 4 2 3 0 0 3]
  [0 3 0 1 4 4 4 1 3 0 0 0 0 4 2 0 1 3 3 0 4 1 3 1 1 1 0 0 2 3 3 1 2 3 0
   2 0 0 4 1 0 2 3 2 4 3 3 3 1 4 1 4 0 3 3 3 3 3 4 4 0 0 3 0 1 2 1 0 4 0
   2 3 0 2 3 2 2 3 2 2 1]
  [0 3 3 4 4 0 4 1 3 2 3 0 1 2 1 2 3 3 1 2 0 4 0 3 0 2 2 0 2 4 0 3 4 4 0
   0 2 3 2 0 0 2 3 3 4 1 1 3 1 1 0 4 4 2 4 3 4 2 2 4 2 1 0 4 2 0 4 3 3 2
   3 2 0 3 0 4 3 1 2 2 1]
  [0 4 0 2 1 2 0 4 3 2 3 2 2 1 0 3 2 0 1 4 4 0 3 4 0 2 4 4 0 2 4 1 0 1 1
   2 3 0 2 4 1 3 3 3 0 2 4 3 3 0 2 3 3 1 1 0 0 1 3 1 4 2 3 2 2 3 4 1 0 2
   2 3 1 0 4 2 4 0 3 4 1]
  [0 4 1 3 0 0 4 2 4 2 4 3 4 3 3 1 4 2 3 1 4 2 0 2 1 1 4 3 4 2 3 3 2 1 2
   2 3 4 4 3 1 0 2 3 1 4 4 4 4 3 2 3 2 1 0 1 3 1 2 0 1 0 2 0 4 2 4 2 3 4
   0 0 0 1 1 3 1 4 2 2 0]
  [0 2 4 3 4 4 2 0 2 2 1 1 4 0 2 4 3 0 1 1 4 0 1 0 3 4 3 2 2 3 1 2 2 3 0
   0 4 2 0 1 3 4 0 3 0 2 0 4 1 3 2 1 2 0 0 0 4 3 2 3 4 1 1 2 0 2 2 4 3 3
   2 2 2 1 1 4 0 0 0 4 0]
  [0 3 0 1 2 0 4 3 3 0 1 1 0 1 4 1 2 4 2 0 4 4 2 1 0 1 4 4 1 1 4 3 1 4 3
   1 2 4 3 4 2 0 0 1 4 3 1 0 4 0 2 2 0 0 1 0 0 2 2 0 1 0 2 1 0 1 3 3 3 2
   3 3 1 4 2 3 0 2 4 4 1]
  [0 2 0 1 3 2 3 3 2 4 2 3 4 0 4 2 1 0 2 0 0 0 1 3 4 0 0 0 1 4 3 4 0 0 1
   2 3 0 4 4 4 3 2 0 1 2 4 4 0 2 0 0 2 0 0 1 1 3 4 3 2 2 2 0 3 3 3 4 1 3
   2 2 0 4 1 0 2 2 0 3 4]
  [0 3 3 2 4 3 2 3 3 0 3 1 2 0 4 3 1 4 2 0 1 4 1 4 4 4 0 2 4 2 4 2 0 0 1
   4 1 0 3 1 1 3 2 1 3 0 3 3 2 1 2 0 2 1 4 0 2 0 1 1 0 0 0 1 1 1 3 0 3 0
   1 3 2 2 4 2 1 4 0 4 3]
  [0 0 3 2 1 2 3 4 3 2 4 1 2 2 3 0 2 0 1 1 3 0 0 4 0 0 4 0 2 4 1 2 3 1 3
   4 3 1 2 1 1 0 1 3 1 4 2 4 1 3 2 1 4 2 3 1 0 3 3 3 0 3 1 3 1 4 4 1 4 2
   3 2 3 2 4 0 3 0 3 4 0]
  [0 4 4 4 0 3 2 0 1 2 3 2 3 0 2 2 1 0 0 2 4 0 3 3 0 3 2 1 0 3 2 4 3 1 4
   3 4 2 0 1 1 2 1 3 1 1 0 3 1 1 0 0 1 4 2 3 4 3 0 1 0 0 1 3 1 4 1 3 1 1
   1 3 4 1 3 3 0 1 4 3 3]
  [0 0 1 1 2 2 2 0 0 0 2 4 1 3 4 4 0 3 4 0 3 3 4 1 3 0 2 0 2 0 4 4 0 0 3
   4 3 3 3 3 4 4 2 1 0 4 2 1 2 1 2 4 3 3 4 0 1 2 2 4 2 3 0 4 0 1 3 1 4 2
   1 0 0 4 2 4 2 3 4 4 3]
  [0 0 0 0 2 0 1 2 1 3 2 3 1 2 0 1 3 4 3 1 3 1 4 3 3 2 1 4 3 2 0 0 1 2 4
   4 4 4 2 0 3 2 3 3 0 4 4 1 0 4 3 1 2 1 3 2 4 2 4 4 3 3 1 3 1 1 0 3 4 4
   4 3 4 3 0 1 2 2 1 3 0]
  [0 4 4 2 2 4 2 2 0 0 2 4 2 3 3 4 1 2 1 1 3 0 1 0 1 0 4 0 1 0 3 0 0 4 4
   4 0 3 0 0 4 3 2 2 1 3 3 3 3 2 1 1 3 1 4 2 3 0 1 0 4 0 3 0 1 1 1 3 3 0
   3 3 0 3 0 1 0 3 3 0 0]
  [0 4 3 3 2 0 1 1 0 3 2 1 1 3 3 3 1 2 1 4 0 0 3 1 3 2 2 0 0 2 1 3 0 2 1
   4 2 3 2 4 3 4 4 0 4 4 0 1 4 0 4 1 4 0 2 3 0 3 4 2 1 3 2 4 1 0 0 0 1 0
   2 3 2 4 2 3 2 2 0 2 3]
  [0 4 2 2 0 4 2 0 4 3 3 3 1 1 1 3 0 1 0 3 2 2 4 4 3 4 3 2 3 1 4 2 4 0 2
   3 3 1 1 0 0 1 1 0 2 1 4 2 3 0 4 1 1 2 1 3 1 0 3 3 0 4 1 3 4 0 1 4 3 3
   2 1 4 4 0 4 0 0 4 4 3]
  [0 1 0 2 1 0 1 2 3 1 3 2 4 4 2 4 0 3 2 3 4 4 0 3 1 1 2 1 0 2 0 3 3 3 0
   4 2 3 0 2 2 2 0 4 2 1 3 1 1 0 0 3 2 3 4 2 0 1 0 4 4 0 1 4 0 1 1 2 3 0
   1 4 3 1 0 0 2 2 1 2 2]
  [0 1 0 1 3 3 2 3 2 1 1 0 0 3 1 3 0 2 4 0 1 2 2 3 1 1 0 1 4 0 4 0 1 2 1
   0 4 1 1 3 3 3 3 3 4 3 3 1 1 0 3 2 2 0 1 2 4 4 4 3 3 4 4 3 4 3 2 1 2 4
   3 1 2 1 0 0 1 1 3 2 2]
  [0 3 3 0 3 3 0 1 4 3 4 3 1 4 3 3 4 2 2 3 3 3 0 4 3 0 4 0 4 4 1 2 4 1 0
   1 0 1 2 3 0 0 1 3 4 4 1 3 3 4 2 0 0 1 2 2 2 2 1 2 4 1 0 1 4 3 3 1 0 1
   3 0 0 1 3 3 0 4 4 0 1]
  [0 0 0 1 3 2 0 4 3 2 3 4 2 1 1 0 0 2 2 1 1 1 2 1 4 4 0 1 0 0 4 0 3 2 1
   3 2 0 4 1 1 4 0 3 2 1 3 1 1 2 1 1 3 3 3 1 4 0 0 2 4 0 4 1 1 4 0 3 0 4
   0 0 0 4 2 3 2 4 3 1 2]
  [0 0 0 1 2 4 2 4 1 4 1 4 0 2 1 0 2 2 4 0 0 4 3 1 0 3 2 3 2 1 3 2 3 3 3
   2 3 2 0 0 3 1 1 1 2 1 1 2 3 2 4 4 4 3 1 2 0 4 3 3 1 1 2 2 1 4 4 0 4 2
   4 4 3 2 2 1 1 1 3 4 0]
  [0 2 3 0 2 2 3 1 3 0 2 1 2 1 3 1 0 1 4 1 0 0 2 4 4 0 0 1 0 4 1 4 1 0 3
   4 1 3 1 0 1 0 3 2 0 4 4 2 2 1 0 3 0 3 2 1 4 2 1 0 4 2 1 3 4 0 2 3 4 3
   0 1 4 2 2 1 1 4 3 2 1]
  [0 0 4 4 2 0 0 3 2 0 2 0 3 3 3 3 3 3 3 2 4 0 2 2 2 0 0 3 4 4 3 4 4 4 0
   0 1 2 0 3 0 2 3 0 4 4 2 2 2 1 0 0 2 3 1 2 3 2 2 3 3 3 0 0 3 4 1 0 1 3
   2 4 1 4 3 2 1 2 0 3 3]
  [0 1 3 2 4 4 4 3 1 0 4 0 3 1 1 1 3 1 1 0 3 4 4 3 4 0 0 4 3 4 3 1 2 3 1
   1 1 3 4 2 3 0 1 1 3 3 0 2 3 3 3 1 3 4 3 1 1 4 3 4 1 2 0 4 0 4 1 1 2 2
   2 4 3 3 2 1 3 1 1 0 1]
  [0 0 1 0 1 2 2 4 2 0 2 1 0 3 1 4 0 1 2 3 0 1 3 0 3 3 4 0 3 0 1 1 4 2 2
   3 1 3 4 2 0 1 0 3 1 2 0 2 0 4 3 1 2 3 0 3 3 3 3 0 3 2 3 2 3 0 0 3 4 2
   1 2 2 1 3 3 1 3 3 3 3]
  [0 2 1 1 3 0 0 2 2 2 3 3 0 0 0 2 1 1 1 4 1 2 3 3 4 1 2 2 1 0 4 0 3 2 3
   1 0 0 1 4 4 2 0 0 0 0 0 3 4 4 0 0 2 4 3 2 1 2 2 4 1 0 2 4 3 4 3 0 1 1
   2 2 0 3 1 2 0 1 4 3 2]
  [0 1 4 1 2 3 2 0 3 1 0 4 3 3 4 1 4 4 4 2 4 2 3 2 0 2 3 1 3 2 3 4 4 3 1
   1 0 0 2 4 2 4 4 4 0 1 0 4 1 1 1 4 0 0 0 3 3 1 0 3 0 0 1 2 0 1 0 0 3 3
   2 4 4 1 0 1 4 1 3 4 3]
  [0 1 1 1 1 1 1 0 4 4 0 0 4 1 0 2 2 2 4 2 3 1 2 2 1 4 0 4 3 1 3 4 2 1 4
   3 4 2 1 0 0 0 4 3 3 0 0 3 2 4 0 3 2 0 1 2 4 2 3 4 4 2 4 4 0 4 1 2 3 1
   4 4 2 0 4 3 0 1 4 2 1]
  [0 1 3 1 0 4 3 0 4 1 3 3 1 1 1 1 0 4 4 2 4 4 3 0 4 2 4 2 4 2 4 0 1 1 3
   1 4 2 2 0 0 1 1 2 1 0 0 3 2 1 4 0 1 2 3 0 2 2 2 2 2 1 1 3 3 1 3 4 4 3
   1 4 0 0 2 3 2 2 3 2 3]
  [0 1 3 3 4 3 2 4 0 2 4 0 2 1 1 3 0 2 0 2 1 0 4 0 1 4 2 0 1 3 0 0 3 1 1
   4 3 0 0 0 3 4 3 2 2 0 2 0 1 1 0 1 0 0 0 2 4 3 1 2 1 4 2 2 2 1 2 3 4 1
   1 4 3 4 4 1 2 0 2 2 3]
  [0 3 2 2 0 1 2 3 1 3 0 2 0 3 1 1 3 1 4 3 1 2 1 2 2 4 0 1 0 2 3 1 1 2 1
   3 0 4 0 2 0 1 0 3 2 3 0 3 0 3 0 2 4 3 4 0 1 0 2 3 1 3 3 1 1 2 3 3 2 1
   0 2 2 1 0 1 1 4 4 4 1]
  [0 2 3 3 4 0 4 3 1 0 4 2 0 1 0 3 1 3 2 2 2 4 3 1 2 2 3 3 1 1 4 3 1 2 4
   0 0 1 4 3 3 4 2 4 4 0 3 2 2 0 3 0 1 2 1 3 4 1 0 1 1 3 3 3 3 4 4 3 3 1
   2 4 2 3 4 3 0 0 3 1 4]
  [0 0 3 4 4 4 4 4 2 2 3 2 4 4 4 1 1 1 0 1 0 1 2 3 3 3 3 4 4 3 0 2 2 0 0
   4 3 3 0 2 3 3 0 1 3 4 2 4 1 1 0 3 1 3 0 2 2 1 3 2 3 4 4 0 3 1 2 0 0 1
   1 1 0 0 4 4 0 3 0 0 2]
  [0 2 4 2 4 3 1 3 1 2 1 3 2 4 4 1 2 1 3 2 4 0 0 4 4 3 1 3 2 2 1 3 4 4 2
   3 0 4 4 4 1 4 3 3 3 3 3 4 2 0 0 0 4 2 2 3 4 0 2 0 0 3 4 3 1 2 2 0 0 2
   2 4 0 3 2 4 4 4 4 4 1]
  [0 4 2 3 4 1 3 2 1 1 3 0 4 1 4 1 0 1 2 3 2 3 3 2 4 2 4 2 4 2 2 4 1 0 1
   3 0 2 1 3 4 4 2 3 1 3 0 0 0 1 3 4 0 2 0 2 4 3 1 1 2 2 0 3 4 2 1 0 3 4
   1 2 2 3 4 0 3 3 0 4 0]
  [0 0 0 2 3 1 3 3 1 3 2 1 3 1 0 2 1 2 4 1 4 2 2 4 1 1 0 1 3 3 2 4 3 4 0
   4 4 1 4 3 4 2 3 2 3 2 3 2 1 4 1 4 1 0 3 3 2 1 2 3 2 0 2 0 1 0 2 3 2 0
   2 0 3 0 4 4 3 4 2 0 4]
  [0 3 4 3 4 3 2 2 1 3 2 4 2 1 4 2 2 4 1 1 4 0 0 3 4 4 0 3 3 0 3 1 0 4 2
   2 3 2 3 0 0 3 3 0 3 4 1 3 4 3 4 2 1 4 0 1 2 2 0 1 1 3 3 1 1 2 2 1 0 0
   0 1 1 2 2 3 2 3 4 2 4]
  [0 2 2 4 3 0 0 3 3 2 2 3 1 3 3 1 4 2 4 2 0 1 4 3 0 0 3 2 0 0 1 3 4 1 1
   0 3 0 4 0 1 4 1 2 4 2 1 0 0 4 0 3 4 0 2 0 0 2 4 4 4 4 0 0 3 3 0 1 2 1
   2 2 4 2 4 3 1 1 0 3 0]
  [0 1 4 3 1 2 3 0 3 2 2 4 3 2 3 1 2 4 0 3 3 4 1 1 1 4 2 3 4 0 1 1 3 4 2
   3 1 3 0 2 1 4 2 1 4 1 2 2 1 4 3 3 4 2 0 2 0 0 4 2 3 0 0 2 0 1 2 0 2 0
   3 4 3 4 1 4 3 2 2 0 4]
  [0 2 0 4 0 2 1 2 4 0 3 0 2 2 0 1 4 0 1 0 1 4 1 4 3 0 0 4 3 3 0 2 4 1 3
   2 0 2 3 0 4 4 3 3 2 4 3 0 1 0 3 0 0 2 1 1 2 0 3 4 4 3 3 3 0 2 0 3 2 3
   1 1 1 3 2 4 4 1 1 0 2]
  [0 4 4 4 3 1 3 0 4 1 1 0 2 1 3 4 0 1 3 3 3 1 4 1 4 4 2 4 0 4 1 3 2 0 0
   3 4 4 1 3 1 3 2 2 4 1 0 1 3 1 4 0 2 3 2 2 0 4 0 3 3 0 2 3 0 2 4 2 4 2
   0 0 0 0 2 3 3 4 0 4 0]
  [0 1 3 4 1 4 1 2 3 2 3 3 0 1 0 3 4 2 3 4 2 1 2 1 4 4 2 1 3 2 2 4 0 3 4
   4 0 1 4 4 2 3 2 0 4 0 4 3 3 4 0 0 2 1 2 4 4 2 1 0 0 0 0 0 1 3 2 0 1 0
   4 3 2 3 4 0 3 0 1 4 0]
  [0 1 2 1 0 3 1 2 0 1 0 0 0 1 3 2 4 4 0 3 1 3 1 4 2 2 3 2 4 0 4 4 3 3 0
   0 2 3 4 2 2 0 1 3 4 4 2 3 1 1 3 0 3 3 3 0 2 4 2 1 0 4 1 3 3 0 3 2 4 2
   4 3 0 3 2 2 3 3 2 2 4]
  [0 4 0 4 4 4 1 3 3 0 1 0 3 3 4 3 3 3 2 2 1 0 0 3 0 4 1 1 3 2 0 3 2 2 0
   4 2 1 2 0 4 0 2 1 1 3 2 0 1 2 3 3 2 1 2 2 4 2 0 4 3 0 1 2 0 3 3 2 2 3
   0 0 2 2 3 2 1 0 3 3 2]
  [0 0 0 1 0 2 3 1 0 0 4 4 4 0 2 4 3 1 0 4 1 1 3 1 4 1 1 3 3 0 1 0 3 0 3
   3 0 3 0 0 0 0 1 2 1 4 2 2 1 4 2 3 1 2 4 2 0 0 0 4 1 0 0 4 1 4 3 1 3 4
   2 3 3 4 0 4 1 3 1 4 4]
  [0 0 1 0 3 0 2 3 4 0 3 2 0 1 1 3 1 4 4 0 0 4 1 2 1 0 0 0 0 2 2 2 1 3 3
   2 4 1 0 4 3 2 0 1 3 0 0 4 3 3 0 1 3 4 4 0 2 3 2 4 2 2 1 0 1 4 4 0 3 0
   2 2 2 2 0 1 3 4 4 0 2]
  [0 4 0 1 1 0 4 1 1 3 0 1 3 0 1 0 1 2 2 0 0 0 2 4 4 3 2 4 0 3 1 2 2 3 0
   3 1 0 3 0 0 4 4 3 0 3 2 3 3 4 1 0 3 1 2 1 0 2 0 1 1 3 1 3 0 4 0 2 2 3
   3 2 2 3 0 1 2 1 2 1 2]
  [0 3 2 2 2 3 1 2 0 2 2 1 3 3 2 3 4 1 4 4 3 3 2 2 0 3 2 0 0 3 4 2 3 2 3
   4 3 3 2 2 4 4 4 0 1 0 4 0 3 1 4 4 2 4 2 0 2 3 4 1 4 4 4 3 4 0 4 3 0 3
   0 3 2 4 4 1 1 4 4 4 3]
  [0 4 3 0 0 1 4 4 4 3 3 3 3 3 3 1 2 3 2 3 2 4 4 1 1 0 0 1 2 3 2 4 0 1 3
   2 1 3 4 0 4 2 0 0 1 3 0 0 0 3 3 0 3 1 2 0 0 3 1 2 4 0 3 4 0 2 0 2 3 2
   0 1 0 1 2 2 1 0 3 2 3]
  [0 4 0 3 0 1 3 4 2 1 0 2 1 1 4 4 3 1 1 1 4 2 0 1 0 1 0 4 0 3 2 3 1 3 0
   3 1 1 3 3 3 0 3 0 2 2 3 3 3 0 0 2 4 4 3 0 0 2 4 2 4 4 1 4 3 0 0 0 0 4
   4 0 0 4 1 4 0 4 2 3 1]
  [0 4 0 3 2 2 0 4 4 2 2 4 2 4 2 4 2 4 2 4 4 1 1 2 0 1 2 1 1 0 2 1 2 2 3
   0 1 1 1 4 3 3 0 3 3 1 1 1 3 3 2 3 2 3 4 0 1 3 4 0 1 2 3 4 3 3 1 3 0 3
   2 4 3 3 0 2 2 0 1 1 2]
  [0 0 1 1 4 0 1 2 1 2 4 0 1 0 4 3 2 4 0 1 2 0 2 0 0 0 0 3 0 3 0 4 0 3 0
   2 2 4 2 4 2 3 3 4 2 0 4 1 4 1 2 4 3 2 0 4 1 0 1 4 3 3 3 0 0 3 3 3 2 0
   2 2 1 0 4 4 4 0 2 4 1]
  [0 4 1 2 0 0 1 0 3 1 2 0 1 4 2 2 4 2 3 3 3 2 2 0 2 4 0 3 3 1 2 1 0 4 3
   3 2 3 3 0 4 2 2 4 2 1 1 4 3 1 0 0 1 1 3 2 2 1 0 1 1 2 2 2 2 3 4 4 0 0
   0 4 0 3 1 1 1 1 1 3 2]
  [0 3 2 3 2 0 1 2 1 2 4 0 4 3 3 2 3 4 3 0 0 0 0 1 4 0 4 3 4 2 3 4 1 1 1
   4 1 2 4 0 3 4 2 1 2 3 0 3 4 0 1 2 3 3 4 0 3 1 3 4 3 0 1 2 4 2 0 2 0 1
   2 0 1 4 3 1 3 2 2 0 2]
  [0 3 0 2 1 4 0 4 0 0 0 0 2 1 0 2 0 1 1 3 4 1 2 1 1 3 0 1 1 3 4 0 0 0 4
   4 3 1 2 2 2 2 4 0 4 1 0 1 2 1 2 3 4 2 0 3 4 1 1 4 0 3 3 2 4 3 0 1 1 3
   1 4 0 2 1 2 2 0 2 3 4]
  [0 2 1 0 0 2 0 3 2 3 1 3 2 4 3 0 1 2 3 2 2 4 1 1 3 3 0 2 2 4 4 3 4 3 0
   2 4 1 2 4 1 0 2 4 1 3 1 4 4 0 0 1 1 3 1 0 4 4 1 3 4 4 0 3 4 3 3 3 1 0
   0 2 0 0 0 3 0 0 3 2 4]
  [0 1 3 0 0 0 2 2 2 3 2 1 1 2 0 2 4 1 4 2 1 3 0 3 4 2 3 4 4 4 1 1 1 1 1
   0 3 2 2 1 4 3 1 3 0 0 1 2 4 4 0 3 2 1 0 4 4 0 2 0 1 1 3 0 2 4 3 3 4 0
   1 4 3 2 0 1 3 1 3 3 3]
  [0 1 2 1 0 0 1 4 2 3 4 3 1 3 2 2 3 4 1 4 0 4 2 2 0 0 4 3 2 1 4 2 0 3 4
   0 4 0 3 3 4 2 3 1 2 1 3 3 2 2 4 0 4 2 4 3 0 4 0 0 2 2 2 4 1 0 2 4 1 1
   2 3 3 3 1 0 3 3 1 3 3]
  [0 1 3 1 4 0 2 0 4 3 3 4 1 4 3 0 4 2 0 4 4 0 1 3 2 2 0 4 4 2 4 0 0 4 0
   1 4 2 4 1 2 4 3 3 4 2 2 2 0 3 3 0 2 4 1 1 3 3 1 4 1 4 2 1 1 2 0 4 4 2
   4 0 2 1 1 4 0 2 2 3 3]
  [0 0 1 3 1 1 0 2 0 0 3 4 3 2 1 4 3 0 4 2 3 1 0 3 2 0 2 4 0 0 1 2 0 3 2
   4 1 4 0 2 2 2 3 4 0 1 0 2 4 0 1 2 1 4 1 2 0 2 0 1 3 1 0 2 2 2 2 2 4 0
   2 4 0 0 1 0 2 0 2 1 1]
  [0 2 3 2 3 0 2 3 0 0 2 1 3 0 3 2 3 2 2 1 3 3 3 3 3 0 2 1 4 2 3 0 0 4 1
   0 4 3 4 4 0 2 4 3 4 2 4 4 0 0 1 1 2 0 1 3 2 1 3 4 3 3 4 1 3 4 4 0 2 2
   4 0 4 2 2 2 2 0 0 4 1]
  [0 0 2 0 3 1 2 2 0 1 0 1 2 1 3 0 1 1 4 0 0 2 3 3 3 4 3 4 3 0 3 2 2 4 0
   1 2 3 0 0 0 0 2 2 0 4 2 0 2 4 3 2 1 0 3 0 3 4 4 0 2 2 3 4 1 1 3 0 2 0
   3 4 3 4 1 0 0 2 2 0 1]
  [0 3 2 1 3 3 1 0 1 3 3 4 2 0 2 4 1 3 1 3 4 0 4 2 4 1 0 2 3 1 3 3 3 4 4
   1 4 1 1 2 1 1 4 0 3 0 4 0 3 0 3 4 2 2 2 4 1 1 1 3 3 3 3 2 3 0 3 4 0 0
   0 3 3 0 2 0 2 0 3 3 0]]

 [[0 1 3 4 0 1 4 3 3 0 0 0 3 3 0 3 2 2 3 1 0 2 4 3 3 3 4 3 2 1 0 1 1 3 3
   3 0 0 1 0 0 1 3 4 4 3 1 2 2 4 1 3 1 0 0 0 0 0 0 3 2 0 2 2 0 1 0 3 4 3
   4 4 1 0 1 3 3 3 2 1 4]
  [0 0 1 0 2 1 0 1 3 4 3 4 4 3 0 0 0 1 2 4 2 2 0 0 2 0 2 1 3 4 1 3 3 1 4
   2 4 3 1 3 2 0 0 4 0 0 4 4 2 0 4 4 1 4 0 4 3 2 3 3 3 1 1 1 2 0 3 3 0 4
   0 1 2 3 2 0 4 3 4 3 2]
  [0 0 0 3 4 1 4 0 1 0 2 1 0 1 4 1 2 4 2 0 0 4 2 1 2 3 2 3 3 3 2 0 1 2 2
   2 3 0 4 4 1 1 3 4 4 2 2 1 1 0 0 1 3 3 1 2 0 1 4 0 0 3 3 1 1 3 1 3 2 0
   3 2 1 1 3 1 0 2 1 1 0]
  [0 1 1 0 1 4 2 0 0 4 3 0 2 3 1 4 0 2 3 0 1 0 2 3 2 0 3 2 2 4 4 1 3 3 1
   2 4 1 2 2 3 1 3 2 3 0 4 4 4 2 2 4 2 3 3 1 0 2 0 1 3 0 2 1 3 2 3 4 2 1
   2 4 4 0 0 2 2 3 4 4 3]
  [0 2 0 2 0 4 3 4 0 4 0 4 3 3 2 2 3 3 2 3 3 1 4 1 3 4 1 4 0 0 3 3 3 3 1
   0 1 2 1 1 2 0 0 4 4 4 0 0 3 3 2 1 1 4 2 2 1 0 1 2 3 0 2 2 1 0 3 3 4 0
   3 4 1 2 0 0 0 4 2 0 3]
  [0 2 4 4 2 0 3 1 1 0 2 3 2 0 1 0 0 3 4 3 3 1 3 3 0 4 4 0 0 2 4 1 0 3 3
   0 2 4 1 3 2 4 3 0 0 3 0 3 4 2 2 0 2 3 3 1 3 4 0 2 0 4 0 2 0 2 2 0 4 4
   0 0 4 3 3 4 0 3 0 3 0]
  [0 4 3 2 1 4 0 3 0 4 4 0 1 4 1 0 0 3 1 2 0 2 0 0 2 0 1 4 1 2 3 2 0 1 2
   0 2 0 0 0 4 0 0 4 4 2 1 2 3 3 4 4 4 1 3 2 1 0 2 1 1 4 0 4 0 0 1 2 0 1
   1 1 2 4 4 0 4 4 3 3 2]
  [0 4 1 2 3 2 2 0 0 1 1 2 1 1 4 4 2 4 4 3 1 3 0 3 1 3 3 1 4 3 3 4 4 1 4
   0 2 0 2 3 0 3 4 4 2 3 0 1 1 1 4 4 3 0 3 0 3 2 4 1 0 0 3 4 3 4 0 1 0 0
   0 0 3 4 0 3 3 1 1 0 3]
  [0 2 4 2 2 3 4 0 0 2 1 0 2 4 2 0 3 1 4 2 1 0 2 2 4 3 4 4 2 4 2 2 2 2 1
   4 0 0 0 2 4 2 1 0 0 0 1 0 2 2 3 2 3 2 1 2 1 3 1 0 3 1 1 2 4 0 0 0 2 0
   4 1 1 1 3 0 2 2 1 1 0]
  [0 0 3 1 0 1 4 0 4 0 3 3 2 2 0 3 0 2 2 0 2 4 3 4 1 2 0 1 3 0 0 2 4 3 1
   0 1 4 0 2 3 2 2 4 1 4 2 3 0 2 3 3 4 2 2 0 2 2 3 0 1 1 0 4 1 3 1 0 4 2
   0 2 2 4 1 0 4 4 4 4 4]
  [0 0 2 4 3 0 3 2 2 2 0 4 2 0 2 1 4 1 4 4 1 0 1 0 0 3 3 4 1 0 1 3 3 3 2
   2 2 0 0 0 1 0 4 4 2 1 0 3 0 4 2 0 1 0 2 4 4 2 4 4 4 3 2 3 3 0 4 3 2 4
   0 3 3 3 0 1 0 3 4 4 2]
  [0 3 4 0 4 2 4 0 3 3 1 0 0 1 0 3 4 2 0 4 4 0 2 1 4 2 4 1 0 2 2 2 2 3 1
   1 2 3 2 4 3 3 2 1 4 1 0 1 2 0 2 3 4 1 0 4 4 4 3 0 4 0 3 4 0 3 2 2 1 1
   0 2 2 1 0 1 4 0 1 2 0]
  [0 3 1 3 2 4 1 3 0 0 1 2 0 2 2 0 2 1 0 2 0 3 1 1 1 3 3 2 4 0 4 1 1 4 2
   1 3 0 0 4 4 3 2 2 0 0 3 3 3 3 3 0 2 4 0 3 3 4 0 1 2 0 2 3 4 3 3 1 4 4
   1 2 2 4 4 0 1 2 0 0 0]
  [0 2 0 1 0 3 2 1 2 4 4 3 0 0 3 1 4 2 4 0 2 4 4 4 3 1 3 0 3 2 0 2 0 1 3
   2 4 0 2 3 4 2 0 0 0 3 3 2 4 0 2 4 1 1 4 0 4 4 4 4 0 3 2 0 0 0 3 3 4 3
   1 2 2 0 2 2 3 4 2 4 1]
  [0 4 0 0 3 1 3 4 4 2 1 2 2 3 0 0 3 1 3 0 2 4 0 4 4 2 1 1 0 4 0 3 0 0 1
   0 1 3 3 3 3 2 2 2 2 4 1 4 4 2 3 4 2 0 4 2 1 0 3 0 0 3 1 3 0 1 2 3 4 4
   2 2 2 3 4 1 1 4 4 4 1]
  [0 2 1 2 1 4 3 0 2 1 4 2 3 3 2 0 0 2 0 4 4 0 1 0 2 1 1 0 4 3 0 1 3 2 2
   2 1 2 4 1 4 4 2 4 2 0 2 3 0 2 0 0 3 0 4 0 1 2 1 3 2 3 1 2 4 1 0 2 3 0
   1 2 0 4 1 2 4 0 2 1 3]
  [0 3 3 1 2 1 4 4 3 2 3 3 4 1 4 0 0 3 0 1 1 1 2 4 4 3 3 3 4 3 1 0 1 2 0
   4 0 2 1 1 2 3 2 2 1 4 0 0 0 2 1 2 3 3 0 2 2 4 0 1 2 2 2 2 3 1 2 4 0 0
   3 3 1 0 2 1 1 1 3 4 0]
  [0 1 0 0 0 0 0 2 3 3 3 0 3 1 2 4 4 0 1 0 1 4 4 4 0 4 3 4 3 0 0 2 4 0 2
   4 2 0 2 4 4 1 2 1 3 2 2 3 2 3 4 0 4 0 1 4 3 1 1 1 4 4 0 0 4 3 3 1 0 2
   3 0 2 4 4 3 1 1 1 1 3]
  [0 1 3 0 3 2 3 1 0 0 3 0 1 3 0 4 4 0 0 1 3 4 0 0 2 0 2 0 2 3 0 3 1 0 1
   3 2 0 2 3 4 2 1 4 4 1 4 1 3 4 3 0 3 0 0 1 4 4 2 1 3 3 4 4 4 1 0 4 3 0
   4 4 3 1 3 1 0 0 4 1 4]
  [0 2 1 3 4 0 3 2 2 1 1 1 0 2 3 4 1 3 3 0 4 3 4 4 3 3 3 0 2 4 0 1 2 3 4
   0 0 0 4 3 0 1 4 0 3 1 3 1 2 0 2 3 0 4 1 0 1 3 1 3 3 2 1 3 2 0 1 2 4 0
   2 2 0 1 0 2 0 3 1 1 3]
  [0 3 4 0 4 0 4 3 4 2 2 4 0 3 3 3 0 2 1 4 0 3 4 2 0 2 2 1 2 1 1 0 3 2 1
   0 2 2 0 3 2 4 0 2 0 0 1 0 4 0 3 0 0 1 0 0 4 3 1 3 2 3 1 4 3 2 1 4 0 0
   0 4 2 1 4 2 3 1 1 2 3]
  [0 4 2 3 1 3 0 0 2 3 1 4 2 3 4 1 1 3 2 2 0 0 1 1 4 3 2 3 4 0 4 1 4 0 2
   1 3 1 0 3 0 4 4 0 0 0 2 0 4 0 0 3 4 1 1 2 3 0 2 3 1 1 3 4 2 3 1 3 4 0
   2 3 4 0 3 2 2 3 3 2 3]
  [0 2 4 3 1 0 2 3 4 1 1 2 4 3 1 2 0 2 4 0 4 2 0 2 0 0 3 4 0 0 0 2 0 1 4
   3 3 4 4 1 0 2 2 0 3 3 2 3 1 0 1 2 1 3 3 2 3 4 0 4 2 0 2 0 2 1 0 0 0 1
   1 4 1 3 1 4 3 4 0 1 1]
  [0 1 1 1 2 2 4 1 3 1 2 2 2 0 3 0 4 1 4 3 4 4 0 0 4 3 4 0 1 3 2 2 1 4 2
   4 2 1 3 2 3 2 4 1 0 2 1 1 2 3 3 4 3 0 1 2 4 2 3 1 3 4 3 1 1 1 4 1 4 3
   4 0 3 1 2 2 1 0 2 4 4]
  [0 2 0 3 0 4 1 1 1 4 2 4 2 2 1 4 3 1 4 0 4 4 2 1 0 2 2 1 1 3 2 1 2 0 0
   0 3 3 1 4 3 3 1 2 2 1 4 2 3 0 4 3 4 1 4 2 3 3 3 0 4 1 0 3 1 2 0 0 4 1
   4 0 2 1 0 3 3 2 3 4 3]
  [0 2 1 1 0 2 2 1 3 3 3 2 1 2 2 4 1 0 3 0 3 1 1 4 0 0 4 3 0 4 4 4 1 4 4
   1 1 0 4 3 4 3 2 4 1 4 3 4 1 0 2 0 3 4 4 2 4 0 0 4 3 2 1 1 1 4 2 3 0 3
   0 1 0 0 0 4 4 1 3 3 2]
  [0 2 0 2 3 0 0 1 1 0 0 0 0 2 3 4 3 2 0 2 1 2 4 1 1 1 0 2 1 4 0 4 4 1 3
   0 0 2 2 1 2 2 1 3 4 4 4 0 3 1 0 4 0 2 2 2 2 2 0 4 0 1 3 1 1 4 4 0 1 0
   0 2 2 2 3 2 0 0 4 2 2]
  [0 2 0 1 0 0 4 3 1 4 3 4 3 3 2 1 1 4 1 0 2 0 1 4 3 0 1 0 4 0 0 3 3 1 3
   2 1 3 4 3 3 1 0 0 4 4 2 1 1 1 2 0 0 1 3 4 3 4 3 4 0 0 4 2 1 2 2 1 1 3
   0 1 4 3 4 1 3 1 4 1 1]
  [0 0 0 1 4 4 4 0 3 4 0 0 4 3 0 4 4 3 4 3 2 0 1 2 3 0 0 0 0 4 0 3 3 0 4
   2 4 1 1 4 0 2 1 1 1 3 4 3 4 4 4 1 3 2 3 3 1 3 4 3 1 1 4 0 4 1 0 4 3 2
   4 3 3 2 3 0 1 3 2 2 2]
  [0 3 0 0 1 1 1 3 4 2 1 2 4 3 1 2 0 1 2 2 3 1 3 2 3 2 3 4 3 0 2 3 4 0 0
   2 3 0 3 4 3 3 4 4 0 3 0 3 4 0 2 0 2 1 4 2 4 3 4 3 0 4 1 3 3 2 3 1 0 3
   2 0 0 1 4 2 0 0 3 0 3]
  [0 4 2 2 2 0 4 3 0 2 3 4 2 4 2 0 1 0 2 4 1 0 3 0 0 3 4 1 2 4 0 0 3 0 3
   1 0 3 3 2 2 3 3 3 4 4 0 2 2 3 0 0 0 1 0 0 3 3 0 1 3 4 4 1 4 3 4 2 4 1
   2 1 2 4 3 3 2 3 0 1 3]
  [0 1 2 1 4 3 2 3 0 1 2 4 3 0 3 2 4 4 4 3 0 3 4 3 2 2 4 2 1 0 2 0 1 3 3
   4 2 3 3 3 1 1 1 3 0 4 2 2 0 0 3 2 2 1 3 3 1 4 2 0 4 4 1 0 3 2 2 1 4 3
   0 2 0 1 4 0 1 2 2 4 3]
  [0 2 3 2 0 2 2 4 1 0 1 4 3 4 2 2 3 4 3 2 0 3 3 4 1 1 1 1 4 0 1 0 0 4 4
   3 3 3 3 1 4 1 0 4 4 3 3 0 4 4 3 2 0 1 3 1 1 0 4 4 4 1 4 2 1 4 4 3 4 0
   0 2 0 4 2 4 2 1 2 2 3]
  [0 2 2 0 0 2 3 4 1 1 1 4 0 2 4 1 2 2 4 1 0 3 4 3 0 4 4 0 4 0 1 2 2 0 3
   2 4 3 4 3 0 0 0 4 0 3 3 3 1 1 3 0 4 0 3 2 4 2 3 2 0 2 0 0 1 2 4 3 3 3
   1 0 0 1 4 0 2 3 3 4 1]
  [0 3 0 4 3 1 4 0 1 0 2 0 2 2 1 4 0 1 2 4 4 2 4 2 4 0 3 4 4 2 2 0 4 0 0
   1 0 4 0 4 3 3 4 0 1 3 3 3 0 3 0 3 3 3 3 0 2 2 0 2 0 4 3 3 3 4 3 4 4 0
   0 1 3 0 0 1 4 1 1 4 3]
  [0 0 0 1 4 1 3 0 1 3 3 0 4 3 1 3 4 1 4 0 4 0 4 0 2 0 4 1 1 3 4 4 0 0 4
   0 0 3 4 2 4 2 4 3 3 0 2 1 3 3 2 3 3 0 4 3 1 3 3 3 3 4 4 2 2 0 2 1 2 0
   0 3 4 1 1 4 2 1 4 1 3]
  [0 3 2 2 3 0 1 4 1 0 3 4 3 1 2 0 1 4 4 3 2 2 4 0 0 3 1 4 2 1 0 3 2 3 0
   0 0 0 3 2 0 3 0 4 1 2 0 1 3 3 1 1 0 0 2 3 1 2 1 1 3 3 3 0 4 0 4 0 1 1
   2 0 4 0 3 2 2 0 4 0 1]
  [0 4 3 0 2 3 2 1 0 4 3 3 0 4 1 4 3 4 4 3 4 3 3 4 2 0 0 0 2 3 3 4 1 3 3
   2 2 0 1 2 4 4 2 0 2 4 1 3 2 0 4 1 3 1 4 4 2 3 0 0 2 3 0 4 4 2 2 0 1 1
   1 0 0 0 4 3 3 3 2 2 2]
  [0 1 1 2 3 4 1 4 0 4 1 4 2 0 4 0 3 0 3 1 0 0 1 3 4 0 2 4 3 2 2 0 0 0 1
   2 1 1 0 0 0 2 0 2 4 2 1 1 3 3 4 3 2 1 4 0 1 0 4 3 3 2 1 4 0 3 2 3 2 3
   2 1 4 2 2 1 4 0 1 3 1]
  [0 4 4 1 3 0 3 1 0 1 1 1 3 1 1 0 0 0 3 0 2 4 4 4 0 0 2 0 3 3 0 0 0 1 0
   0 0 3 3 0 3 0 1 4 3 4 3 1 1 3 0 1 4 4 2 1 4 2 2 3 0 1 4 0 2 0 2 3 4 0
   0 0 2 1 0 2 4 0 3 0 1]
  [0 3 4 1 1 0 2 0 0 0 2 4 2 4 2 2 2 2 1 4 0 0 3 1 4 2 1 1 2 2 3 4 0 4 2
   1 1 3 2 2 0 1 0 0 1 2 0 1 2 3 3 0 4 0 3 3 4 2 1 4 0 4 0 4 4 3 2 0 2 3
   3 4 3 4 2 0 0 0 4 1 0]
  [0 0 1 1 4 0 3 4 4 0 2 1 0 3 0 0 1 4 2 0 2 4 0 0 2 3 0 4 1 0 3 3 3 4 4
   3 3 2 3 3 3 0 0 2 1 3 3 3 3 2 2 0 0 0 2 0 3 3 0 4 2 0 0 2 3 0 2 1 0 4
   1 0 3 2 1 2 2 2 1 4 0]
  [0 1 3 1 3 1 3 0 2 0 4 4 3 1 3 2 2 0 3 1 3 0 0 0 2 3 0 3 4 3 4 1 1 2 0
   3 2 0 1 2 2 1 0 2 1 4 2 2 4 4 3 2 4 0 2 2 4 0 2 0 3 3 2 0 2 0 0 2 4 1
   4 1 2 0 3 1 0 4 3 0 3]
  [0 1 1 1 1 2 0 1 0 4 2 0 0 1 1 3 3 1 2 1 1 1 2 0 4 4 0 4 4 4 4 1 2 2 0
   0 3 0 0 1 1 4 3 0 1 0 2 4 0 3 4 3 1 2 2 1 4 3 4 2 4 3 2 1 4 4 1 3 3 4
   1 1 2 3 3 3 2 4 0 2 0]
  [0 3 2 0 2 4 1 4 3 1 4 4 1 0 3 1 3 1 4 4 0 2 2 4 1 3 3 2 4 0 4 4 1 2 4
   0 4 0 2 2 3 2 3 4 0 3 3 2 1 0 0 3 0 0 0 4 3 2 0 0 1 0 3 4 3 3 0 0 4 0
   1 4 4 2 2 0 4 2 3 2 4]
  [0 3 3 2 1 4 1 0 1 2 4 1 0 3 3 4 1 0 2 2 2 1 0 1 1 0 1 0 0 0 1 4 2 4 1
   4 1 2 0 0 4 0 0 3 2 0 2 0 4 0 4 4 0 3 0 2 2 2 0 0 0 0 0 4 0 2 2 4 1 0
   1 2 0 3 2 2 3 2 0 3 0]
  [0 3 3 0 2 2 4 1 3 0 3 1 1 0 0 0 2 1 1 2 4 3 1 0 3 3 2 3 4 1 4 4 4 4 1
   0 1 1 0 3 1 3 4 2 1 2 0 0 4 0 1 4 3 1 3 4 0 0 0 2 4 4 2 2 4 2 0 4 2 2
   2 3 4 0 2 2 2 2 1 2 2]
  [0 3 1 3 0 3 4 1 0 0 3 1 0 2 3 0 4 2 2 2 0 1 2 1 4 0 3 3 1 0 4 4 3 2 1
   3 3 3 3 1 0 4 0 0 1 4 0 0 0 0 3 4 4 2 1 0 2 4 0 0 2 3 0 4 3 0 0 0 3 0
   1 2 1 4 2 4 4 2 2 3 0]
  [0 1 1 1 4 0 1 0 3 1 2 4 2 3 3 0 0 1 2 0 1 1 0 0 4 4 4 2 0 4 0 4 4 0 2
   4 1 2 3 1 3 0 1 3 3 3 0 2 0 0 2 4 2 4 0 4 2 0 4 2 4 3 3 4 1 2 2 3 2 4
   1 2 0 4 1 2 2 2 3 4 0]
  [0 3 0 1 3 0 4 0 2 1 0 4 2 0 2 0 1 3 1 3 1 4 4 0 0 3 2 2 4 3 4 3 1 0 1
   0 1 0 0 3 1 2 1 0 0 3 4 0 4 0 3 1 0 0 3 4 2 2 2 4 1 4 3 1 2 3 2 3 2 4
   2 4 4 2 3 1 2 0 2 3 3]
  [0 2 3 4 1 1 1 3 4 1 1 4 3 1 3 1 2 0 1 0 2 0 2 3 4 0 2 3 4 3 0 0 2 3 2
   3 2 1 3 4 2 0 3 1 2 0 3 3 2 2 0 3 4 4 3 0 2 2 0 0 0 4 1 0 3 2 3 0 2 0
   0 1 4 0 4 2 2 3 3 1 2]
  [0 4 2 1 0 1 0 4 2 3 0 0 2 0 0 1 4 3 2 1 0 2 3 3 0 1 4 1 2 2 1 4 1 4 1
   3 0 1 4 1 3 0 3 4 2 4 2 4 0 0 1 0 2 2 4 3 1 1 2 0 2 2 0 3 4 2 1 3 1 0
   4 4 3 3 3 0 1 0 3 1 4]
  [0 0 3 1 1 4 4 0 0 2 4 0 0 3 0 4 1 0 2 4 0 4 0 2 2 0 1 3 4 2 3 1 4 2 2
   0 2 1 4 4 3 4 2 2 4 4 3 2 4 4 1 1 0 1 4 1 1 3 4 0 3 2 0 1 1 2 3 2 3 3
   0 4 1 2 3 1 4 1 4 2 0]
  [0 4 3 1 1 1 3 4 0 2 1 2 2 1 0 0 4 1 1 0 4 1 1 3 1 0 2 4 0 0 1 0 3 2 2
   4 3 4 0 1 3 1 3 1 3 2 2 4 1 1 4 2 4 0 1 4 1 2 0 0 4 1 1 0 2 3 1 3 3 3
   1 2 0 3 4 3 0 4 2 0 0]
  [0 1 0 1 4 0 3 3 3 0 2 2 3 1 3 3 3 3 3 4 2 4 0 4 0 4 2 2 0 4 3 0 1 1 1
   4 4 2 2 3 4 0 4 1 3 0 4 3 4 0 1 4 3 4 0 1 4 1 3 1 1 4 4 1 2 1 3 4 1 4
   0 2 2 0 0 3 0 1 3 3 1]
  [0 4 4 1 2 3 4 2 0 3 2 0 4 4 0 4 0 4 2 4 2 4 2 3 2 0 0 1 3 0 1 3 2 0 3
   4 2 0 4 3 2 4 4 3 3 0 0 1 3 1 0 3 1 2 3 0 3 2 0 3 1 1 3 0 4 1 4 3 0 4
   1 1 2 0 3 3 4 0 4 4 0]
  [0 3 3 2 2 0 0 4 3 2 1 2 2 3 1 4 0 3 4 4 0 3 2 4 1 0 0 1 1 0 0 2 1 4 2
   1 1 1 2 3 0 0 0 1 1 0 2 0 4 4 4 2 2 2 3 1 0 3 1 0 1 2 2 2 3 1 2 2 0 2
   1 3 2 4 4 0 0 3 2 2 0]
  [0 2 3 1 4 0 0 1 1 0 4 0 3 0 3 3 0 2 0 4 4 1 1 3 3 1 2 4 0 1 2 0 0 2 4
   0 1 2 3 0 0 0 2 4 2 3 2 3 0 3 2 0 3 2 1 3 3 0 3 4 1 3 0 4 0 0 3 3 2 3
   3 2 2 0 4 0 0 3 0 0 1]
  [0 3 3 1 2 1 1 3 2 0 3 3 1 0 3 4 0 2 2 0 3 0 4 3 4 0 2 2 2 2 3 3 3 0 0
   0 4 2 1 0 1 4 3 3 2 3 3 2 1 0 0 3 2 4 3 1 3 2 0 0 4 2 0 0 2 1 3 4 1 3
   4 0 3 2 3 1 0 3 3 0 2]
  [0 0 1 2 4 3 2 3 4 3 0 1 3 4 3 2 0 1 0 0 1 4 2 0 2 0 2 2 3 2 0 4 3 2 2
   4 1 0 4 0 0 4 4 2 3 4 2 3 4 3 0 3 4 0 4 0 0 1 4 0 3 3 2 3 3 4 3 4 0 0
   1 1 2 1 4 2 2 4 4 0 3]
  [0 3 1 3 4 0 2 3 0 2 2 2 4 0 2 1 4 0 4 3 2 2 1 0 2 1 3 1 1 0 2 1 1 2 4
   0 4 4 1 1 3 3 0 4 2 1 4 4 3 2 4 0 4 1 1 3 4 1 3 1 0 1 1 4 4 3 4 4 0 1
   3 4 2 1 3 4 2 4 4 0 3]
  [0 1 2 1 3 1 3 2 4 4 4 0 0 1 2 4 3 3 3 1 2 0 3 3 4 1 0 0 2 1 1 2 4 3 4
   1 3 2 0 3 3 0 0 0 2 1 0 0 1 4 0 1 0 1 0 1 3 4 1 0 1 0 4 4 4 3 0 2 0 3
   0 4 4 1 1 0 0 0 3 0 0]
  [0 3 0 0 0 4 4 1 4 4 4 4 0 4 4 3 1 2 4 0 2 1 3 0 1 4 3 2 1 4 4 1 3 1 4
   4 1 4 3 4 0 1 0 3 0 1 2 4 4 2 3 3 1 4 0 1 0 4 0 1 4 3 0 2 3 3 3 2 4 1
   2 1 1 3 0 1 2 2 4 1 2]
  [0 1 1 0 1 3 2 1 4 4 2 0 1 3 3 1 2 3 3 4 1 1 2 2 3 2 4 3 3 2 4 1 2 4 1
   3 2 1 1 2 3 2 2 1 4 2 3 0 1 3 0 3 2 1 1 2 3 1 1 1 4 3 1 0 4 3 3 4 4 3
   2 4 0 1 4 3 4 3 0 2 3]
  [0 0 2 3 4 0 2 3 0 4 0 4 2 0 2 2 4 2 3 3 1 2 2 4 1 3 4 0 0 4 4 2 1 1 2
   2 2 4 4 3 1 4 1 3 4 1 3 2 4 2 4 0 2 1 0 1 2 3 3 3 2 0 0 1 0 2 3 1 0 1
   1 0 2 1 0 4 3 1 0 0 1]
  [0 4 3 0 4 3 1 1 4 1 0 4 1 0 3 1 4 2 2 4 1 1 3 4 3 1 3 2 3 2 1 3 3 4 0
   2 4 1 0 2 0 1 1 0 3 3 1 0 4 3 1 4 2 4 3 3 2 4 1 1 0 3 1 0 2 0 0 0 4 3
   3 0 3 0 4 3 4 2 3 2 2]
  [0 4 4 1 3 0 3 3 1 1 2 1 4 0 3 0 1 2 3 0 0 4 1 0 1 4 2 1 3 1 3 1 2 0 3
   0 3 0 4 4 0 0 2 2 1 1 2 2 2 4 4 0 2 2 2 0 1 4 2 0 4 3 3 1 3 2 0 3 1 3
   0 4 4 2 2 1 4 3 4 1 4]
  [0 0 3 1 1 2 1 1 2 2 1 1 0 4 3 3 2 4 2 3 4 0 4 3 2 0 1 4 4 1 2 1 3 4 1
   3 2 2 3 2 0 3 3 1 2 1 2 1 4 3 1 2 2 3 2 3 3 0 0 3 1 4 0 0 2 4 0 0 0 4
   1 1 4 4 2 2 3 2 2 1 4]
  [0 1 3 1 4 4 1 2 0 4 0 1 0 1 0 3 4 2 0 1 4 4 1 2 4 2 3 3 1 1 2 2 0 1 0
   2 3 2 2 3 3 3 4 3 1 0 1 4 1 0 2 3 0 4 1 4 2 4 0 2 2 3 3 4 0 3 4 1 0 2
   0 0 4 3 3 2 1 3 3 1 0]
  [0 1 1 4 2 3 0 3 4 0 2 0 1 4 2 3 1 4 3 4 1 3 3 0 4 2 0 1 1 4 0 1 2 0 3
   3 3 4 2 3 3 3 0 2 0 4 3 2 0 3 4 2 1 1 0 2 4 4 4 3 4 4 4 0 0 2 2 2 2 0
   4 1 2 4 4 2 0 4 4 3 2]
  [0 1 0 4 3 4 3 0 3 0 2 0 1 4 2 4 1 3 2 2 2 2 4 0 4 1 4 3 2 4 4 4 2 1 1
   1 4 3 0 0 4 0 1 1 1 4 3 1 3 2 1 4 4 4 1 2 1 2 3 4 4 2 0 1 3 4 2 0 4 1
   0 2 2 3 2 4 2 1 2 4 1]
  [0 1 4 4 0 0 2 3 1 2 3 0 3 4 1 2 1 1 0 2 2 0 3 2 0 3 0 3 1 2 0 1 4 4 2
   0 4 1 4 4 0 2 0 3 1 2 1 4 4 0 1 4 3 4 0 3 2 4 3 2 3 1 1 2 4 0 4 2 3 1
   4 0 3 2 3 1 1 4 0 1 0]
  [0 4 1 2 1 2 3 2 3 0 3 0 1 3 4 4 0 1 2 2 1 2 1 0 3 1 0 0 3 3 4 3 3 3 4
   0 1 3 4 4 3 3 1 2 0 2 3 4 2 4 2 4 3 0 0 4 1 0 1 3 2 3 3 3 4 4 2 4 3 0
   2 0 0 1 3 1 2 1 1 2 3]
  [0 3 3 2 2 1 0 4 3 0 0 2 1 0 4 0 1 0 1 4 3 0 3 4 4 2 2 0 3 0 4 4 3 2 4
   4 3 1 4 2 2 1 1 0 4 2 1 1 1 4 4 4 4 0 2 3 0 3 1 2 2 3 2 3 2 2 2 4 1 2
   1 4 3 0 3 4 3 4 1 2 2]
  [0 3 4 3 1 0 4 2 1 3 4 2 4 3 1 4 3 2 4 3 2 3 4 4 0 4 3 2 2 1 2 2 4 3 2
   4 4 3 1 2 2 1 0 0 0 2 1 4 0 4 1 2 1 2 4 0 4 0 2 4 3 2 1 0 4 3 0 0 1 4
   3 3 1 1 0 0 3 1 2 3 4]
  [0 1 3 2 3 1 1 2 4 1 3 4 1 1 1 0 3 2 1 1 4 0 2 3 4 2 2 4 0 1 1 1 4 0 4
   0 3 4 3 3 1 0 2 2 1 0 0 4 0 0 4 2 2 2 0 4 3 1 2 2 1 3 3 0 2 3 3 2 2 3
   3 1 1 2 1 0 0 2 3 3 0]
  [0 2 3 1 4 0 3 2 2 3 3 0 1 1 4 0 4 0 3 1 3 0 4 1 4 4 2 3 0 4 3 3 4 4 1
   3 1 0 0 1 2 0 4 2 0 3 3 0 0 1 1 2 2 2 4 4 4 4 2 4 3 4 3 1 4 0 0 4 1 2
   1 3 1 3 1 0 0 0 3 2 1]
  [0 3 3 0 0 4 4 4 1 2 1 2 3 0 1 3 2 0 0 2 2 2 1 0 0 4 2 0 1 0 1 1 0 0 0
   0 4 3 1 2 3 3 3 3 2 1 3 1 2 2 2 2 4 4 4 1 3 2 0 0 1 1 0 4 4 1 0 4 0 2
   1 1 0 0 4 2 1 0 2 4 3]
  [0 0 4 3 4 1 0 1 4 2 2 2 1 0 0 3 4 0 1 3 4 3 2 4 1 2 2 0 2 0 2 1 1 4 1
   4 3 1 3 1 2 3 2 1 2 1 0 2 3 0 4 1 1 1 3 1 1 2 0 3 0 4 4 0 3 0 0 2 1 1
   3 3 3 1 0 0 1 0 0 3 3]
  [0 4 3 4 1 3 1 3 4 4 2 0 0 3 0 3 4 3 0 1 0 3 0 2 4 2 0 0 0 1 3 1 2 0 1
   3 0 1 4 4 3 0 2 3 1 0 3 1 3 1 0 0 1 1 0 0 2 4 4 0 1 3 0 2 0 2 0 0 1 3
   4 0 2 1 1 4 0 2 1 0 3]
  [0 2 2 4 3 1 1 4 1 2 1 4 1 2 4 3 1 0 3 3 2 1 0 1 0 4 0 4 3 2 0 0 3 4 4
   2 1 0 4 2 3 1 1 4 4 4 0 2 0 2 0 1 3 3 0 1 2 2 0 3 4 4 1 3 0 1 0 4 2 1
   2 2 3 0 4 3 0 2 0 2 0]]

 [[0 0 4 3 3 2 2 1 1 3 0 4 3 3 4 1 4 2 1 0 3 0 4 1 0 4 1 0 3 0 1 1 3 2 1
   1 2 1 0 1 3 4 1 1 3 2 1 0 2 0 3 1 3 1 2 4 1 3 4 1 2 2 0 3 3 0 3 2 0 0
   4 1 1 4 1 3 4 3 0 0 2]
  [0 0 4 1 4 2 1 3 3 4 3 3 4 4 0 1 2 4 0 2 2 1 4 3 2 4 0 0 0 1 0 4 2 4 2
   2 4 2 3 1 0 3 3 3 0 0 2 4 0 2 4 4 2 3 1 0 2 2 3 3 4 2 3 2 0 2 2 4 3 1
   0 3 2 1 2 2 0 4 1 0 0]
  [0 0 0 0 1 2 2 3 4 3 4 2 4 0 3 2 4 0 1 3 3 4 2 2 1 2 2 1 2 1 2 0 3 2 1
   3 2 0 0 3 1 3 2 1 4 4 2 0 3 3 0 0 2 1 3 4 4 1 3 0 3 0 0 2 0 0 3 3 1 4
   3 1 2 0 0 2 4 1 4 2 1]
  [0 0 3 0 0 0 4 0 4 4 4 2 1 3 3 0 2 2 0 0 0 2 2 0 2 0 2 2 1 3 2 2 2 3 1
   0 1 1 3 2 2 4 0 1 0 3 1 2 0 0 0 1 4 4 2 2 4 3 0 4 4 3 2 3 2 2 1 4 0 4
   1 0 3 0 3 1 2 1 4 1 3]
  [0 4 2 0 0 3 1 4 3 2 2 4 2 0 0 2 2 1 4 4 4 4 4 1 0 1 3 4 3 0 1 1 1 2 1
   2 0 4 0 1 3 3 0 3 2 0 0 4 0 3 3 3 4 4 4 2 0 0 1 3 4 1 3 4 2 2 1 3 3 0
   1 1 2 1 2 0 3 1 2 3 0]
  [0 0 4 1 1 0 1 1 1 3 3 1 1 0 4 0 1 1 0 4 3 4 3 4 0 2 3 4 2 2 0 0 1 4 3
   2 2 0 4 1 1 2 2 0 2 3 4 2 4 4 0 4 2 0 4 2 4 2 0 3 4 4 1 2 1 0 2 3 3 0
   1 4 1 3 1 2 0 1 2 2 3]
  [0 2 2 3 1 0 0 3 4 3 4 0 1 2 0 4 2 3 4 3 0 0 2 2 0 0 4 0 2 0 4 2 3 2 3
   0 2 3 4 3 3 3 4 0 3 1 2 3 2 0 4 0 1 1 1 4 2 2 2 4 1 1 0 4 2 0 0 4 4 4
   2 2 2 3 2 1 3 2 1 4 4]
  [0 1 2 0 4 0 2 0 0 1 4 1 2 2 4 0 2 4 3 0 4 4 4 3 1 4 3 4 1 2 3 4 3 3 3
   2 4 2 4 2 1 4 2 0 1 3 1 3 4 4 0 0 3 2 0 4 0 2 2 0 3 4 1 3 1 3 3 0 2 3
   0 4 3 0 3 0 1 1 1 2 4]
  [0 1 3 2 1 3 2 4 0 1 0 4 3 2 1 1 3 4 3 1 4 4 0 1 2 4 4 4 4 0 4 2 4 1 4
   1 4 1 3 1 1 4 1 1 0 3 0 4 2 1 3 4 2 1 4 1 0 0 3 3 3 4 2 0 1 1 0 2 2 1
   0 3 0 4 3 2 2 4 1 0 4]
  [0 4 1 4 3 2 2 1 0 0 3 4 0 4 1 2 0 3 3 1 0 2 3 1 4 1 4 2 2 2 0 2 0 4 3
   4 3 0 0 4 2 0 1 1 0 1 4 3 3 4 2 4 1 2 0 0 1 2 2 0 2 4 4 0 1 4 0 3 4 1
   4 1 3 1 2 4 0 4 2 0 4]
  [0 4 4 1 1 3 1 3 3 3 0 3 3 1 4 2 1 1 4 3 1 0 1 3 2 0 1 0 0 0 1 2 2 4 2
   4 2 3 2 2 1 0 3 4 1 1 4 0 3 2 0 1 3 4 4 4 3 1 3 4 4 3 3 4 2 4 3 4 4 0
   1 0 3 4 1 0 1 4 0 0 3]
  [0 4 3 1 1 0 2 4 0 4 2 0 4 0 2 3 2 3 4 2 2 4 3 3 1 2 3 2 4 1 0 1 4 2 4
   4 0 2 4 2 4 4 4 2 2 0 0 3 4 4 2 4 1 3 3 1 0 0 2 3 1 3 0 1 1 1 1 0 4 4
   3 2 0 3 2 0 4 4 2 4 3]
  [0 3 4 3 0 4 1 1 0 4 0 0 0 1 0 4 2 2 2 0 0 3 0 2 1 2 3 1 3 3 1 4 4 3 1
   1 3 1 1 1 4 0 1 0 2 1 0 1 3 0 2 0 4 2 1 3 4 2 2 2 1 1 1 2 0 1 0 2 3 4
   3 0 4 3 3 1 0 2 1 4 1]
  [0 0 4 3 4 2 2 2 3 3 3 1 4 0 4 0 4 0 2 0 3 0 2 1 3 1 1 1 2 3 4 0 1 1 1
   0 3 1 2 2 1 3 4 4 2 1 4 3 3 2 3 2 1 1 2 2 4 1 2 4 1 3 4 3 4 0 2 3 2 1
   4 2 3 2 0 2 0 0 0 2 3]
  [0 1 3 2 2 2 1 3 4 1 4 4 3 2 0 4 1 0 2 2 3 3 0 4 0 4 2 1 0 0 1 1 1 3 3
   3 4 1 0 4 1 3 4 1 2 1 3 4 0 1 3 1 1 1 3 4 4 0 2 2 0 1 3 4 0 0 4 1 4 0
   3 4 2 0 1 0 1 3 0 2 1]
  [0 4 0 4 0 4 2 1 0 0 0 3 2 3 1 0 0 1 0 1 0 2 0 3 0 4 0 2 3 4 2 3 4 0 4
   2 4 4 3 2 1 1 0 1 2 2 2 0 0 3 0 3 1 1 1 0 0 2 3 4 0 1 3 3 1 3 0 3 2 3
   4 2 3 0 3 0 2 0 3 4 4]
  [0 0 0 4 2 2 4 3 4 3 2 0 4 2 4 1 0 4 0 0 4 0 2 4 1 4 0 0 0 2 1 4 4 1 4
   4 1 1 2 1 4 2 3 0 4 3 3 1 2 1 4 3 2 2 2 4 1 2 2 1 0 3 3 1 1 2 0 1 4 1
   1 4 1 1 4 0 0 1 2 3 0]
  [0 3 4 1 3 2 3 0 1 2 0 3 1 3 0 4 0 0 0 2 3 0 2 3 4 2 3 4 2 1 0 4 0 2 2
   0 1 3 3 0 2 2 3 3 4 2 1 0 4 4 4 3 3 3 0 2 1 2 0 4 0 0 1 2 3 4 2 1 1 4
   4 1 1 4 1 2 2 1 2 4 3]
  [0 3 4 0 0 4 3 4 2 0 3 2 4 2 2 1 1 1 0 3 0 2 1 1 4 0 0 0 3 2 1 2 3 2 0
   4 3 4 3 3 0 1 2 0 1 3 1 2 3 4 3 3 4 0 1 4 4 0 1 4 4 4 0 2 1 4 3 2 1 4
   0 0 4 1 2 0 4 4 4 2 4]
  [0 1 1 4 2 1 1 2 4 2 3 4 1 4 2 4 0 4 4 0 1 4 3 0 3 0 0 0 3 1 2 1 1 2 0
   3 3 4 2 2 3 4 3 3 1 1 3 2 0 0 1 1 2 1 4 1 4 2 4 1 1 4 2 4 4 3 1 4 3 1
   3 3 3 4 0 3 3 1 2 3 0]
  [0 4 1 2 1 1 2 0 2 2 3 1 4 2 3 3 2 1 2 4 0 3 4 3 4 3 3 3 1 2 2 3 2 2 3
   4 4 2 4 1 0 0 3 4 2 3 3 1 4 0 2 1 1 4 1 1 3 1 2 0 0 0 4 3 1 0 2 1 3 2
   1 3 2 1 4 2 0 4 3 1 2]
  [0 1 0 1 2 4 0 2 4 0 0 3 2 1 1 2 2 1 3 4 2 0 0 0 1 2 2 0 3 3 3 0 1 3 4
   4 0 4 3 0 0 3 4 0 0 3 2 2 0 3 3 0 0 4 1 1 4 4 2 1 2 0 0 1 0 0 3 1 3 2
   1 0 0 3 3 2 0 4 0 0 0]
  [0 3 2 0 1 2 4 3 0 3 1 0 3 0 0 4 0 1 1 0 1 3 0 3 0 1 0 2 4 3 3 3 0 3 0
   4 2 2 1 4 3 3 2 3 2 3 2 0 2 0 2 2 0 0 4 3 4 0 4 0 1 1 2 0 0 0 1 4 0 2
   4 4 0 0 0 2 0 2 2 4 3]
  [0 1 1 3 4 0 3 3 3 2 4 2 4 4 4 1 4 1 2 2 3 1 1 0 4 1 2 2 2 3 3 2 4 4 1
   2 4 3 3 3 3 3 1 4 1 4 4 2 1 0 0 2 2 2 3 2 2 1 3 3 4 2 1 2 0 0 1 3 0 4
   4 0 0 2 1 3 1 1 3 2 2]
  [0 4 3 1 2 2 4 2 3 4 4 4 2 3 3 4 0 4 2 2 4 1 4 2 0 2 4 2 0 4 3 3 3 1 2
   0 1 4 3 0 1 1 2 0 1 1 0 2 1 1 0 1 2 4 1 0 2 4 4 1 1 2 4 3 2 0 0 3 3 1
   2 4 4 3 0 0 2 3 1 1 4]
  [0 2 2 0 1 3 2 4 0 3 1 1 4 4 1 4 4 4 0 2 2 0 0 4 1 0 1 1 1 0 2 2 4 3 2
   3 4 4 1 4 0 1 4 3 4 2 1 1 1 3 1 1 2 3 2 1 2 2 2 0 2 0 1 2 2 0 1 1 0 0
   1 2 1 0 4 4 0 3 0 3 2]
  [0 1 3 3 1 4 4 0 2 4 2 1 3 4 2 0 4 0 0 2 0 1 4 0 1 3 0 2 1 4 3 3 2 1 1
   1 3 0 1 1 4 3 3 0 0 0 1 3 3 1 4 4 0 1 0 4 3 3 0 3 2 0 0 4 2 3 4 1 0 1
   2 0 3 0 4 1 1 2 0 2 0]
  [0 1 0 1 4 1 0 2 3 3 2 0 3 0 4 4 0 3 1 0 0 1 1 2 4 2 3 0 3 4 1 4 3 4 1
   1 2 4 3 0 0 4 0 0 0 1 2 2 3 0 1 3 0 0 3 2 2 3 4 2 0 3 4 1 0 3 1 3 0 2
   2 3 2 2 0 0 2 3 2 1 4]
  [0 1 2 2 0 4 3 1 3 3 3 4 0 4 1 1 4 2 1 2 4 4 3 1 3 3 1 4 0 1 3 3 3 4 0
   0 3 4 1 2 4 0 3 3 4 0 0 3 1 0 4 0 4 1 3 0 2 4 1 1 0 0 0 3 4 4 4 3 3 3
   4 0 0 0 3 1 1 0 2 1 3]
  [0 2 1 0 0 0 0 2 4 1 0 1 2 4 2 3 1 4 1 4 1 1 4 0 4 4 4 0 0 0 0 2 4 1 4
   4 4 0 1 4 4 2 0 4 0 3 3 3 1 4 1 1 4 1 1 2 3 2 4 3 1 0 0 1 4 4 3 3 1 3
   1 4 1 4 1 3 2 0 2 4 3]
  [0 0 1 1 0 0 3 0 1 4 0 1 1 1 1 4 4 2 1 2 2 3 0 1 4 0 0 4 4 2 0 4 2 4 3
   2 1 2 0 2 2 2 4 4 4 2 2 0 1 4 0 1 4 1 2 3 2 3 1 4 4 2 1 4 4 4 3 0 4 2
   0 2 2 1 2 4 0 3 1 1 2]
  [0 3 3 3 0 0 1 4 1 2 0 3 0 4 1 3 1 4 0 0 4 4 0 3 1 3 1 0 3 3 0 0 1 3 1
   1 3 2 0 4 4 4 0 1 0 4 3 3 4 2 2 0 2 4 0 3 2 0 3 2 2 3 0 0 1 0 3 2 1 3
   1 0 0 0 2 0 1 1 0 4 1]
  [0 0 4 2 0 4 1 0 1 3 2 2 1 3 3 1 0 0 0 4 3 3 2 0 2 4 2 4 1 0 3 3 0 4 3
   2 2 1 1 0 1 3 2 0 3 0 3 3 3 1 0 1 1 4 1 4 1 3 1 0 2 4 1 2 3 4 2 0 0 3
   2 0 2 2 3 1 1 3 4 2 4]
  [0 2 4 0 3 3 3 2 3 3 1 1 4 2 4 1 1 1 3 3 4 0 0 2 2 3 3 3 4 0 4 0 3 0 3
   0 4 2 3 0 3 3 2 1 1 4 4 4 2 0 4 4 1 1 2 4 4 3 1 0 0 4 1 0 4 3 3 2 4 0
   4 1 3 1 3 1 0 3 4 2 3]
  [0 2 0 1 2 3 1 2 0 2 4 1 1 0 1 4 1 1 0 4 1 0 4 1 1 4 3 0 1 4 2 1 2 0 0
   2 3 2 1 1 1 2 3 3 3 1 0 1 1 3 4 4 1 2 3 2 1 1 3 4 0 0 1 4 3 1 3 4 1 0
   0 0 0 2 3 0 3 3 3 4 3]
  [0 3 4 2 0 1 1 0 2 2 1 1 0 0 1 2 3 1 0 0 2 1 4 3 3 0 1 4 0 3 1 0 2 4 2
   0 0 3 0 3 1 0 3 4 1 2 2 4 1 4 0 1 1 3 2 2 1 1 2 1 0 2 2 0 4 3 1 0 4 3
   1 3 3 0 0 3 3 1 2 0 3]
  [0 0 1 0 2 1 1 4 0 3 0 1 3 0 1 3 3 0 3 3 1 1 1 2 4 2 4 2 1 2 3 0 4 0 4
   2 0 3 0 1 1 0 1 4 4 3 1 3 0 1 4 4 1 2 3 3 0 4 0 0 3 1 4 0 4 0 1 0 4 0
   1 4 2 1 1 1 4 4 2 0 0]
  [0 0 1 0 4 3 4 3 4 4 4 3 0 0 4 1 0 4 0 2 4 0 4 2 2 0 1 3 2 4 2 3 3 3 1
   2 0 0 3 4 3 0 4 3 0 3 0 3 3 1 3 1 1 1 3 1 4 3 4 2 4 2 0 3 4 1 2 1 3 2
   1 3 0 2 3 2 1 0 2 2 3]
  [0 3 2 1 3 3 0 3 0 2 0 3 0 4 0 2 4 4 3 3 4 2 3 1 2 3 0 0 4 3 2 2 4 4 1
   3 1 4 0 1 0 4 1 1 4 4 1 2 2 3 3 2 1 2 1 3 0 3 2 0 0 3 1 3 1 3 3 2 4 1
   2 3 2 1 0 0 1 0 3 1 1]
  [0 0 0 2 0 0 2 4 1 2 1 3 4 0 0 2 2 1 0 3 3 3 2 1 1 3 1 1 0 1 0 2 1 0 3
   1 1 4 4 0 2 2 0 2 2 3 2 1 4 2 1 0 3 2 2 4 3 1 4 3 0 2 0 1 1 2 4 0 1 2
   3 3 1 3 2 4 0 2 1 1 3]
  [0 4 3 2 2 1 3 3 2 0 2 4 4 2 3 2 4 0 0 3 3 2 3 3 4 2 0 4 0 3 3 3 1 3 4
   1 2 2 4 2 0 0 2 4 4 3 0 1 2 1 4 0 4 2 4 2 1 4 4 2 1 2 3 0 2 3 1 1 1 2
   2 0 2 0 2 3 2 3 3 2 1]
  [0 4 3 1 2 4 1 4 4 4 2 0 2 1 4 3 0 4 4 0 4 2 1 1 3 0 4 1 3 0 2 4 3 0 4
   4 1 0 2 1 0 0 3 4 4 2 1 1 2 1 0 2 1 0 0 0 0 1 1 3 3 2 0 4 1 4 3 3 4 2
   1 2 3 0 4 4 3 0 3 0 4]
  [0 3 4 2 4 2 1 4 4 3 1 2 1 4 1 0 0 4 0 2 0 4 2 4 4 4 0 4 1 1 1 1 0 3 4
   4 4 2 3 4 4 0 0 0 0 0 0 0 1 3 1 1 0 2 0 1 1 2 3 4 0 0 1 0 0 2 2 0 4 2
   3 1 1 2 0 4 3 2 4 1 2]
  [0 4 2 1 4 2 0 0 3 4 2 4 1 2 2 4 2 4 2 4 2 0 4 0 3 3 4 4 3 0 4 4 0 0 4
   0 4 2 0 0 3 3 2 0 2 3 1 1 0 4 2 2 4 3 1 0 0 4 4 2 3 2 1 4 1 4 1 0 3 2
   3 0 3 3 0 1 1 4 3 4 2]
  [0 1 3 2 3 1 2 3 4 1 0 0 3 1 1 3 2 0 3 4 0 3 0 4 1 1 2 0 2 3 3 3 2 4 4
   2 4 1 3 0 3 0 4 1 0 1 1 0 1 3 1 1 3 0 3 2 1 2 3 3 2 4 3 4 2 3 4 1 1 4
   2 0 4 2 4 3 4 1 0 1 3]
  [0 3 1 4 0 3 0 1 2 0 0 4 2 2 4 2 0 0 1 4 0 2 4 2 4 4 1 4 1 2 2 1 3 0 1
   2 2 2 1 4 1 2 2 1 0 0 3 0 2 2 4 4 1 2 4 1 1 1 4 0 0 1 0 0 1 4 2 2 1 4
   2 2 2 1 2 0 1 4 3 2 4]
  [0 1 3 0 4 3 3 3 2 3 0 2 0 4 0 2 0 4 0 2 3 1 0 4 0 3 1 4 3 3 3 4 0 1 2
   3 1 1 2 0 0 4 0 4 4 1 0 2 4 2 1 1 2 0 4 1 2 4 1 2 2 3 0 2 2 1 0 0 1 2
   0 4 1 4 3 2 0 4 0 1 4]
  [0 1 2 3 1 3 3 4 4 0 3 1 4 1 0 1 3 1 3 0 0 4 4 4 3 1 1 4 4 2 1 2 0 3 2
   4 4 3 1 3 0 3 2 0 3 0 1 0 2 4 1 0 4 2 0 0 2 3 4 0 0 3 4 3 1 4 0 1 0 0
   2 3 4 0 2 2 3 1 4 3 1]
  [0 4 0 4 4 2 0 1 2 2 2 0 2 3 1 4 2 2 4 1 3 2 0 3 1 3 0 0 2 1 2 0 3 3 0
   4 4 1 4 4 2 2 2 1 4 2 3 4 0 0 0 2 3 2 3 4 3 1 2 0 0 3 2 4 0 1 0 0 3 1
   0 4 1 3 4 1 0 0 3 4 1]
  [0 2 0 1 3 0 2 2 0 1 3 3 1 2 3 2 3 4 2 0 2 0 0 3 4 2 1 3 4 0 1 2 4 3 1
   1 1 2 0 3 3 3 4 4 4 0 2 2 0 0 1 4 2 4 2 1 2 0 2 2 1 1 0 2 3 4 4 2 4 4
   4 1 0 0 4 4 3 0 1 3 3]
  [0 0 4 2 1 3 2 1 2 3 1 1 3 1 1 0 4 2 2 3 0 1 1 1 4 4 2 4 4 0 2 0 3 0 4
   2 3 3 2 3 1 0 4 4 3 4 2 0 2 1 0 3 2 2 0 2 4 4 1 0 1 2 0 0 3 3 1 4 0 0
   4 2 0 3 0 3 2 0 1 4 0]
  [0 1 1 1 4 2 4 0 3 3 2 0 4 4 4 1 1 4 2 3 1 4 4 0 0 1 4 1 0 2 1 0 2 0 3
   4 4 1 4 4 1 1 2 1 3 0 0 0 1 4 1 0 1 0 0 3 4 0 3 0 0 3 1 3 4 1 2 4 0 2
   4 3 1 4 1 3 4 3 3 3 0]
  [0 3 2 1 0 3 2 3 0 2 1 3 4 4 2 1 1 4 3 2 4 4 3 1 3 3 4 0 3 4 0 0 1 2 3
   3 0 0 2 0 1 3 4 4 3 2 2 0 4 1 0 0 0 2 3 2 4 4 4 2 4 0 4 4 3 3 1 4 1 0
   2 4 3 4 1 3 0 2 2 2 3]
  [0 1 4 1 0 4 4 3 0 2 0 2 0 0 1 4 3 4 1 3 3 0 1 1 3 4 3 4 0 1 0 1 4 2 2
   3 2 4 3 1 3 2 0 1 1 2 1 1 4 0 3 0 2 0 1 1 2 0 2 3 3 3 0 3 4 3 0 3 2 1
   0 4 4 0 0 0 3 3 0 4 4]
  [0 1 3 3 4 2 3 1 1 2 2 1 3 1 3 3 1 0 4 1 1 2 4 1 3 4 0 2 4 4 4 3 0 3 1
   2 4 0 3 4 4 2 0 4 4 3 1 4 4 3 2 3 0 4 0 1 0 3 4 0 0 4 2 2 3 4 4 3 2 4
   2 4 2 0 1 3 0 1 0 0 3]
  [0 1 0 1 0 0 0 3 1 4 2 1 0 4 0 3 1 3 2 1 1 3 0 1 4 2 2 1 4 4 0 1 3 1 4
   3 3 2 1 2 2 0 1 0 2 1 3 4 2 2 3 0 3 2 2 0 4 4 4 1 3 2 1 2 3 1 2 2 4 1
   3 3 4 2 2 3 3 2 1 3 3]
  [0 1 3 1 4 1 1 2 0 4 0 3 3 2 0 2 0 0 3 3 3 3 4 3 2 0 4 4 1 0 2 1 2 0 4
   3 3 2 3 1 4 4 0 4 1 4 2 1 1 3 0 4 2 4 2 2 0 0 0 0 1 2 2 1 3 0 0 0 1 2
   2 1 0 4 4 2 2 1 1 0 1]
  [0 0 4 4 3 1 4 0 4 0 0 0 2 1 0 2 0 4 0 4 1 4 3 1 1 0 3 3 4 3 0 0 2 2 0
   3 3 4 2 1 3 3 2 0 3 1 4 2 4 1 3 2 2 1 3 3 0 0 4 4 4 1 1 4 1 3 2 2 1 2
   1 4 0 0 2 3 2 1 3 1 3]
  [0 1 0 4 0 3 4 2 3 2 1 1 3 3 2 3 1 1 4 0 1 1 0 3 4 1 3 2 2 1 1 3 4 2 3
   1 1 4 0 1 1 4 4 2 4 0 4 1 1 1 1 3 2 3 0 1 0 0 0 3 4 4 1 2 2 4 2 3 1 4
   2 0 4 0 1 2 2 0 3 2 0]
  [0 4 1 1 4 4 0 1 4 0 4 0 0 1 4 3 1 2 1 0 1 3 0 2 4 3 1 2 0 4 4 0 4 4 2
   3 4 0 3 1 3 2 4 2 3 1 1 3 3 1 2 2 1 1 0 2 2 0 4 0 0 1 4 4 4 2 3 3 3 4
   1 3 2 2 3 2 1 0 4 2 1]
  [0 4 4 0 3 1 1 4 1 2 3 1 1 1 1 3 1 2 0 3 2 1 3 2 1 0 3 4 0 3 4 2 2 1 2
   0 3 4 4 3 2 1 4 4 3 1 4 2 1 2 1 3 3 4 3 2 3 2 2 4 0 4 4 3 3 2 0 3 0 4
   0 0 0 3 4 2 4 0 1 2 0]
  [0 0 0 2 3 4 3 2 0 1 1 4 0 2 0 4 4 2 1 1 1 0 0 3 3 3 3 3 4 3 3 3 3 2 2
   1 1 3 3 3 1 4 0 0 2 4 1 2 2 0 0 3 2 0 0 3 4 2 3 0 3 0 3 1 3 2 4 3 0 2
   1 1 0 1 4 3 0 1 2 3 2]
  [0 0 2 2 3 1 0 1 1 2 4 4 1 4 0 4 3 2 4 2 0 4 2 4 1 3 0 4 2 4 0 0 1 1 0
   4 3 2 1 2 2 0 2 4 0 4 3 3 4 0 1 0 1 4 2 3 3 2 2 2 1 1 0 1 2 3 4 4 2 2
   1 3 2 0 0 2 4 2 4 1 0]
  [0 4 3 2 1 2 2 1 3 2 2 1 2 0 2 1 4 4 3 3 2 3 4 3 1 4 4 2 2 1 1 1 0 3 0
   3 1 1 1 2 2 1 0 4 2 2 3 4 0 1 3 1 0 2 2 2 2 3 1 1 0 2 4 0 2 3 3 1 4 3
   2 4 0 1 1 3 2 1 1 1 1]
  [0 4 4 2 2 2 4 2 1 1 2 0 4 1 2 3 0 3 4 0 1 1 1 4 0 0 1 0 2 1 3 0 2 2 1
   3 2 2 0 2 3 2 2 3 2 1 2 4 4 3 2 2 4 0 1 0 2 3 2 1 1 1 2 2 0 4 3 3 2 3
   3 3 3 1 3 0 4 3 4 1 3]
  [0 2 3 0 0 4 4 3 4 2 1 2 0 3 1 4 0 4 2 3 1 1 2 3 0 3 1 4 0 0 0 3 0 4 4
   4 3 2 1 1 3 4 1 3 2 3 1 2 4 0 3 3 0 3 1 1 3 3 1 4 2 3 0 0 0 0 2 3 3 2
   0 3 2 1 3 0 2 2 2 0 0]
  [0 0 4 0 2 4 0 2 1 2 4 2 1 0 2 4 0 4 3 2 1 2 2 3 0 4 2 2 1 4 1 2 4 4 3
   0 2 4 4 1 4 0 2 1 4 4 2 2 4 3 0 4 4 4 3 4 0 0 1 3 4 4 2 3 2 4 0 3 0 1
   3 2 1 3 4 4 0 4 1 3 2]
  [0 2 1 4 4 2 2 4 1 1 1 1 4 3 0 2 3 2 1 3 2 2 3 1 3 1 1 3 3 4 0 4 3 1 2
   1 0 1 0 3 2 2 2 2 0 2 0 3 2 4 3 0 0 1 2 1 4 2 2 1 2 4 0 2 2 1 3 0 4 1
   0 3 4 2 3 1 3 0 3 1 3]
  [0 4 1 4 1 0 1 3 4 0 3 3 3 1 0 2 2 3 1 4 3 1 4 4 0 3 4 1 2 1 0 0 4 0 3
   4 3 4 2 0 1 2 3 4 4 0 1 1 1 1 2 4 1 3 1 0 0 4 2 4 2 3 4 4 2 3 0 2 0 4
   2 0 2 0 3 0 0 0 2 1 1]
  [0 0 1 3 0 2 2 0 2 4 3 0 4 4 0 1 4 2 2 1 2 4 0 1 1 0 2 2 2 0 2 4 4 4 0
   0 2 2 3 0 4 2 1 0 0 1 4 4 2 4 4 0 1 3 1 3 2 0 3 4 0 3 2 2 4 1 4 0 2 0
   1 0 4 0 0 0 1 4 3 3 4]
  [0 0 3 1 4 1 3 1 0 2 1 4 3 3 0 2 0 2 2 1 4 2 4 3 4 4 0 1 1 4 3 1 0 2 4
   1 2 1 2 2 1 3 3 3 2 2 2 0 2 3 4 4 2 0 3 3 0 4 4 2 4 1 2 3 3 1 1 3 4 2
   0 0 2 3 0 0 2 1 1 4 3]
  [0 1 3 4 1 3 4 2 1 4 4 3 4 0 3 0 2 3 1 0 3 1 0 1 4 4 1 2 0 2 2 1 4 1 1
   0 2 1 0 2 2 2 3 1 2 0 2 1 4 3 1 3 4 1 0 3 0 2 0 2 2 2 4 0 0 0 1 3 4 1
   2 0 2 1 1 3 4 3 1 4 3]
  [0 1 4 0 1 3 2 2 2 4 3 0 2 2 2 2 3 2 3 2 4 4 0 3 3 4 4 2 4 0 0 3 1 0 2
   2 3 2 2 0 4 2 1 4 0 0 3 3 3 4 4 2 4 3 2 3 1 3 4 3 4 1 4 0 1 0 3 2 2 2
   3 1 0 1 2 3 1 1 0 4 4]
  [0 3 2 0 3 0 2 0 4 4 3 4 1 1 3 2 1 3 4 2 1 0 4 1 4 0 0 2 4 1 3 3 1 3 3
   4 3 0 4 3 0 3 0 4 1 3 3 4 1 2 0 4 4 3 0 3 2 2 2 4 3 2 4 1 2 0 2 1 3 4
   3 0 0 0 0 4 2 4 0 2 4]
  [0 0 2 3 0 3 4 3 4 2 3 3 1 2 1 3 0 2 1 0 2 2 0 3 4 3 1 0 0 2 2 3 1 0 3
   4 2 0 2 3 3 1 3 2 4 3 0 0 2 1 0 4 1 2 3 0 2 4 4 3 4 0 0 0 4 2 1 3 1 1
   3 3 0 3 0 1 0 0 1 2 3]
  [0 2 2 4 1 4 2 3 4 4 0 0 1 4 0 2 1 0 4 1 1 1 0 1 4 2 2 0 4 3 2 1 4 2 1
   0 0 3 3 0 4 0 4 1 4 0 4 2 4 0 4 0 4 2 3 4 2 0 3 4 2 1 3 3 3 2 1 4 0 1
   3 4 1 1 3 0 3 3 1 3 3]
  [0 3 2 0 3 3 1 0 3 3 1 4 1 4 1 1 2 1 1 1 4 2 4 2 3 2 3 3 0 4 4 1 2 3 0
   3 4 2 4 0 1 2 4 1 0 2 4 4 1 3 3 2 2 2 4 0 4 1 1 4 4 3 0 3 4 0 1 1 0 0
   4 0 3 3 0 2 0 4 0 1 0]
  [0 1 3 4 3 2 3 1 4 3 4 0 1 4 1 1 1 0 1 2 2 4 0 0 2 2 0 0 4 0 0 3 3 3 2
   1 4 4 3 1 2 0 0 0 0 1 4 1 1 4 4 0 1 2 4 4 2 3 3 3 1 3 4 3 1 1 4 0 2 1
   4 4 2 2 1 1 2 0 3 0 2]
  [0 1 2 2 1 0 0 3 1 4 4 0 0 0 4 4 3 4 3 0 4 4 3 0 3 1 4 3 2 2 3 1 4 1 1
   3 0 4 2 1 3 1 3 0 1 1 1 3 4 1 1 0 2 0 3 1 4 1 4 3 1 1 1 2 2 4 2 4 1 0
   3 3 3 2 2 1 3 0 0 0 0]
  [0 3 2 0 2 1 3 3 0 1 2 2 1 2 2 3 1 3 1 2 0 0 3 3 2 1 1 0 4 2 0 0 3 4 1
   0 1 2 4 1 3 4 4 3 0 0 1 0 3 3 0 0 1 3 1 4 0 1 3 4 4 1 4 4 2 3 3 4 1 4
   0 1 4 3 3 1 0 2 0 0 4]
  [0 3 2 2 3 0 0 3 4 2 4 4 0 0 1 0 1 0 1 0 4 1 2 0 3 4 4 1 3 1 1 0 3 1 3
   0 2 1 0 3 2 3 3 3 2 4 2 1 0 0 1 3 4 2 4 3 3 2 1 3 3 3 4 2 4 3 1 4 1 0
   1 3 2 1 2 2 3 0 3 4 0]]

 [[0 1 4 4 0 4 1 2 2 1 4 0 1 3 3 0 4 0 4 2 2 3 4 2 2 1 2 3 4 0 3 4 4 4 4
   1 2 0 2 1 2 4 4 2 4 2 4 3 0 2 3 3 2 2 1 3 4 4 1 0 1 2 1 4 3 0 3 3 4 3
   3 3 1 1 2 1 2 1 0 0 3]
  [0 0 1 0 2 3 3 1 1 2 3 1 1 2 3 3 0 2 3 4 2 3 3 4 4 4 1 0 4 2 1 0 4 3 3
   2 3 3 3 0 3 0 1 2 2 4 0 3 2 2 4 0 1 0 2 3 0 1 1 0 2 4 0 1 2 1 2 2 0 2
   4 2 1 3 3 1 2 0 0 3 3]
  [0 2 0 2 0 3 2 2 3 3 1 0 0 4 2 2 0 0 1 0 4 4 2 0 2 3 2 1 0 3 3 0 1 4 1
   2 0 3 0 3 1 4 0 0 1 1 2 2 4 2 2 3 2 3 4 3 0 3 4 0 0 1 0 2 0 4 0 0 0 1
   3 4 2 2 1 0 0 4 0 4 1]
  [0 0 0 0 0 2 2 4 4 1 4 0 0 1 4 4 0 1 3 2 3 2 1 1 4 3 4 0 4 2 3 4 3 3 4
   4 3 3 2 4 0 0 2 4 3 1 4 2 1 2 3 3 4 2 0 0 0 3 1 0 2 1 1 3 0 3 0 3 3 1
   3 2 3 2 2 4 1 3 2 0 4]
  [0 3 4 0 0 1 4 0 2 0 0 4 1 1 4 2 3 3 4 4 3 1 2 2 1 2 3 2 3 0 3 4 2 1 0
   4 0 3 3 3 3 3 3 0 3 4 2 4 3 0 1 4 2 1 1 4 4 0 2 2 4 0 3 2 3 3 2 3 3 1
   4 4 2 0 2 0 3 2 4 2 4]
  [0 4 4 0 3 0 4 2 0 1 1 2 4 1 0 4 3 3 4 2 4 2 3 4 2 3 1 4 2 4 2 0 4 0 2
   3 3 2 3 2 4 4 3 2 0 1 1 3 1 0 4 0 2 2 4 0 3 1 1 0 1 2 4 0 0 4 3 2 1 3
   3 2 2 0 4 4 0 0 1 2 0]
  [0 0 1 2 0 0 0 4 0 3 0 4 1 0 0 2 2 2 2 2 4 3 1 0 3 2 3 3 0 3 0 4 0 1 4
   4 0 4 3 0 1 3 1 1 2 0 4 3 1 1 2 2 3 1 4 1 1 2 4 0 1 4 0 4 4 1 3 4 0 3
   0 1 2 4 2 1 2 3 4 4 2]
  [0 0 1 0 0 2 1 0 1 0 1 2 4 0 3 0 4 3 4 3 0 1 2 3 4 2 4 3 2 1 4 4 4 3 1
   2 2 1 0 1 2 4 0 2 0 2 0 0 2 2 1 1 3 4 3 4 2 4 4 0 0 0 2 2 0 2 3 1 4 1
   0 0 4 4 0 1 4 3 1 0 1]
  [0 3 0 1 0 2 4 0 0 3 4 0 3 2 3 0 0 1 1 0 0 1 0 4 0 2 3 4 1 0 1 0 0 0 0
   1 3 3 1 0 4 2 4 2 4 2 2 0 0 2 0 4 1 0 4 2 4 0 1 2 3 4 3 1 2 4 0 2 4 3
   1 1 1 0 3 3 3 4 2 3 2]
  [0 3 4 3 0 0 3 2 4 0 3 3 1 0 1 0 1 0 1 0 0 4 0 2 2 1 3 4 0 0 2 3 0 2 4
   3 3 4 0 1 3 4 3 0 4 3 1 4 0 0 3 0 0 4 2 2 2 0 4 3 1 0 3 2 3 1 3 0 1 1
   2 1 4 1 2 4 3 4 4 4 0]
  [0 0 4 2 1 3 2 4 0 0 0 3 1 1 2 0 1 0 1 2 1 1 2 0 3 0 3 4 2 3 2 0 1 3 3
   3 2 4 2 0 3 2 0 4 1 1 1 0 2 1 1 0 0 1 0 1 2 0 1 0 3 4 0 0 0 3 2 1 3 0
   0 0 1 4 2 3 3 3 1 4 4]
  [0 4 0 4 0 4 4 0 4 0 4 0 4 1 0 0 2 0 3 3 0 0 3 3 1 2 3 1 3 4 2 0 2 3 2
   3 3 3 2 4 2 2 3 0 2 0 0 0 3 3 2 0 4 2 4 0 0 0 2 1 3 4 3 4 4 2 4 0 1 4
   3 0 4 0 2 3 3 0 1 3 1]
  [0 2 4 2 4 2 3 1 3 0 1 0 0 0 3 3 1 4 3 4 3 3 1 1 1 0 0 4 0 4 3 4 4 0 1
   3 2 1 3 2 1 4 0 3 3 4 1 1 1 2 1 4 0 2 4 4 0 0 3 1 2 0 2 4 4 2 3 3 2 3
   2 4 4 2 0 0 4 4 0 4 2]
  [0 2 4 0 3 0 2 2 2 1 3 2 2 0 1 3 1 1 1 0 3 4 1 1 0 3 2 2 2 2 0 4 0 0 3
   4 0 1 1 2 3 0 0 1 4 1 3 4 2 3 0 0 4 1 1 4 2 0 3 0 2 4 1 3 1 3 2 2 1 4
   4 1 3 2 0 4 4 2 1 3 2]
  [0 0 3 4 4 3 0 2 4 2 3 3 0 0 0 1 1 2 0 0 4 4 1 2 0 0 0 4 2 2 2 1 1 2 1
   3 2 1 2 0 3 1 3 1 2 0 1 3 0 3 1 4 0 3 3 2 1 1 0 2 3 0 1 3 4 1 0 4 1 0
   2 2 3 1 1 2 1 4 3 4 2]
  [0 4 0 2 2 3 0 0 4 4 1 4 3 1 3 0 0 1 0 1 0 0 0 0 2 2 2 3 3 3 0 2 0 1 2
   1 1 1 4 2 2 3 4 2 0 1 4 1 1 4 1 1 0 3 2 1 1 1 2 0 3 4 0 0 3 3 3 2 0 0
   2 2 2 2 0 2 1 4 4 0 2]
  [0 3 3 1 1 1 4 0 3 4 2 2 0 4 4 3 0 3 0 3 0 0 2 1 0 1 1 4 3 3 3 4 2 2 3
   1 2 0 1 0 3 2 3 0 4 2 1 0 1 0 1 3 1 0 0 1 3 2 2 1 4 1 2 0 0 4 2 0 2 2
   1 2 4 4 3 1 4 3 1 2 4]
  [0 3 1 4 2 4 2 4 0 1 4 2 0 0 3 2 0 0 0 1 3 0 4 3 0 3 0 0 4 0 0 3 4 0 2
   3 4 2 3 3 3 1 0 0 4 0 0 4 4 0 3 4 1 3 1 3 4 3 1 2 2 3 4 0 0 2 1 0 4 4
   3 3 2 0 0 2 4 2 2 3 1]
  [0 1 0 2 0 0 2 2 2 3 3 1 0 2 2 4 0 2 0 0 4 1 2 4 2 4 1 2 4 0 2 0 0 2 4
   1 2 0 1 4 1 4 2 1 2 1 3 4 1 4 0 3 4 2 0 4 0 0 3 3 2 1 3 1 3 1 2 0 3 1
   3 1 3 3 2 0 3 0 1 3 0]
  [0 3 3 1 3 0 1 1 4 4 3 3 1 2 2 1 2 3 0 0 4 3 1 3 3 0 1 3 4 1 0 0 3 2 3
   0 2 1 3 0 2 2 3 2 2 2 2 1 1 4 3 4 2 0 1 1 0 0 0 2 1 0 1 4 0 1 3 1 3 2
   4 1 0 3 4 2 1 0 2 2 4]
  [0 3 4 4 0 4 2 0 0 1 3 3 2 1 2 3 0 0 2 4 0 2 0 4 4 3 4 0 0 1 3 0 1 2 1
   3 2 1 1 2 3 3 1 0 4 4 1 4 4 4 4 4 4 4 1 0 4 3 0 4 1 2 2 0 1 2 1 3 4 3
   3 3 3 0 3 2 4 4 2 4 0]
  [0 0 1 2 3 1 4 0 2 2 3 3 2 0 0 0 1 0 4 1 0 0 3 4 1 2 2 4 3 0 2 0 2 1 1
   4 1 0 0 3 1 4 2 4 2 4 3 0 4 4 1 2 0 1 4 0 4 2 0 3 1 2 4 3 0 3 0 0 4 3
   4 2 0 3 0 2 3 4 2 1 2]
  [0 3 3 2 4 1 2 3 0 4 1 1 0 4 3 3 0 0 3 1 3 3 0 2 2 4 4 0 4 4 4 1 2 4 2
   4 2 0 0 0 1 0 1 3 2 0 2 1 0 3 0 0 2 3 2 0 2 1 3 1 3 1 3 0 2 3 2 3 3 2
   2 0 3 2 4 4 3 4 1 0 3]
  [0 3 1 3 0 0 4 2 0 3 1 4 0 1 0 0 3 2 1 1 1 2 3 0 4 4 1 4 0 3 1 0 3 2 3
   1 3 1 1 2 0 0 3 2 2 0 2 0 1 2 3 4 1 0 4 0 3 0 2 2 1 2 1 3 0 0 4 3 2 3
   0 2 2 0 4 2 3 0 4 0 4]
  [0 3 2 1 4 3 3 1 4 3 1 3 3 3 3 4 4 0 0 0 1 1 0 2 0 4 1 3 0 1 0 0 2 2 2
   2 2 2 3 2 3 4 1 0 4 4 4 0 4 4 2 1 0 2 1 4 3 3 0 1 4 0 2 1 1 1 4 3 3 2
   3 0 0 0 1 1 1 2 2 3 4]
  [0 0 0 2 1 4 2 0 0 1 0 1 3 0 4 3 0 0 2 3 3 1 1 0 1 0 3 3 3 3 0 3 3 2 0
   4 3 0 4 1 2 3 3 0 4 2 3 3 2 1 2 0 2 2 1 4 0 1 4 0 0 2 1 0 3 2 4 2 2 3
   3 2 3 4 2 3 1 2 4 2 3]
  [0 4 2 1 0 4 1 0 0 3 2 0 3 2 3 3 3 4 1 0 2 3 3 2 4 2 0 3 0 4 0 0 1 0 0
   4 2 1 0 3 2 4 2 1 2 3 2 3 4 4 2 3 0 2 4 3 2 0 2 4 4 0 0 0 2 4 3 4 1 4
   1 4 2 1 4 4 1 0 0 2 3]
  [0 3 3 0 2 2 1 0 2 1 1 2 4 1 1 0 4 1 1 3 3 1 4 3 1 0 1 0 4 4 3 3 0 4 2
   1 3 0 3 0 2 3 1 0 0 2 1 1 4 1 2 0 2 1 3 4 2 4 2 3 0 4 3 2 0 0 4 1 3 1
   2 0 2 1 3 3 1 2 1 2 2]
  [0 0 1 2 1 4 1 2 4 3 1 2 3 3 3 3 4 1 0 1 2 4 1 0 2 4 1 0 0 0 4 3 4 4 1
   0 4 2 4 4 4 1 0 1 0 1 2 4 0 4 2 4 2 1 4 1 2 3 1 2 4 0 1 0 4 1 0 4 2 0
   0 4 3 0 0 0 2 4 4 1 1]
  [0 3 0 4 2 2 3 0 0 0 1 3 4 3 3 0 1 2 1 1 2 2 2 0 0 1 0 2 0 0 1 3 0 4 0
   1 1 2 2 0 2 0 1 3 3 4 0 2 4 3 2 1 0 1 2 4 1 2 1 0 3 4 4 2 3 0 3 0 4 0
   1 4 0 0 1 0 0 2 3 0 3]
  [0 0 1 1 0 3 4 2 1 0 3 0 0 1 0 4 0 0 1 0 3 2 1 2 0 1 0 4 1 0 0 3 2 1 4
   1 0 1 4 0 4 2 3 2 2 1 1 4 0 0 3 2 0 2 1 3 3 4 2 2 1 4 3 3 3 4 2 0 4 0
   0 3 3 3 4 4 3 3 0 3 0]
  [0 4 3 2 4 3 2 4 4 1 4 0 4 2 3 1 4 3 4 1 2 3 2 3 3 1 0 1 3 4 1 0 1 2 3
   3 1 3 4 4 4 4 2 3 3 2 3 3 3 2 1 2 1 1 4 1 0 4 0 3 0 4 1 3 3 0 1 2 4 2
   1 0 3 1 4 2 3 4 3 1 4]
  [0 1 4 2 0 4 0 2 3 2 1 3 0 2 1 0 2 3 1 3 4 1 0 3 4 4 2 4 2 3 1 0 0 3 4
   1 1 3 0 1 4 1 0 1 2 3 0 1 1 3 2 3 3 0 4 4 4 3 2 0 3 0 3 2 1 0 4 2 0 1
   0 4 1 2 4 4 4 2 1 1 4]
  [0 1 2 1 4 1 4 3 4 3 0 1 2 1 0 3 0 0 1 4 2 4 0 2 0 1 1 1 2 3 0 3 4 0 3
   4 1 2 1 0 2 2 3 4 4 3 1 1 1 3 1 0 0 3 1 0 1 2 2 3 3 0 2 0 2 0 4 1 0 1
   3 3 1 4 0 4 2 2 3 1 3]
  [0 3 2 3 1 1 2 0 1 0 1 0 0 2 0 1 3 4 3 1 1 2 1 2 1 3 2 0 2 0 3 4 1 4 0
   1 1 3 2 1 0 1 1 1 4 4 1 1 0 2 1 0 3 1 3 4 3 2 1 1 2 2 4 3 3 0 2 0 2 4
   1 3 4 3 0 3 1 4 3 4 3]
  [0 3 1 1 0 1 1 2 2 1 2 3 4 1 3 2 3 4 3 0 0 0 2 1 0 0 4 4 3 2 4 4 2 3 0
   0 2 1 4 0 2 4 4 3 3 1 4 2 4 1 1 1 4 0 3 1 4 1 2 4 4 2 4 0 2 4 4 0 2 3
   2 1 2 0 0 0 0 2 4 1 2]
  [0 0 1 3 2 1 3 2 4 1 0 3 0 0 1 4 1 3 1 2 3 0 0 1 0 2 0 0 2 3 4 4 1 1 1
   1 0 2 2 4 4 1 4 0 3 4 1 3 2 1 3 4 0 1 3 1 1 3 3 2 4 2 0 2 2 2 1 4 0 0
   2 3 2 0 4 2 1 3 0 3 0]
  [0 2 3 2 2 1 3 3 3 2 2 0 4 2 0 3 3 4 3 1 0 1 4 1 0 1 1 3 3 2 3 4 0 3 1
   2 3 0 1 4 0 4 1 2 0 1 1 3 4 2 3 3 4 4 0 2 3 2 4 0 2 4 0 4 4 4 2 0 3 0
   4 3 4 4 4 4 2 0 3 0 1]
  [0 2 3 0 0 3 4 2 2 1 0 4 4 1 0 1 3 4 0 0 2 4 3 1 3 3 1 0 1 2 4 3 1 0 3
   1 2 3 0 3 0 2 2 0 0 2 4 3 4 2 4 1 3 1 2 4 1 1 0 3 0 4 1 1 1 0 2 1 1 1
   3 4 2 3 4 4 0 0 1 2 1]
  [0 0 4 0 3 2 3 3 3 1 2 2 2 2 4 4 4 1 2 0 0 1 1 0 2 2 4 0 3 1 1 4 4 0 1
   2 2 1 3 0 1 2 3 2 4 3 2 4 4 1 0 2 4 1 3 1 3 0 1 4 2 4 1 2 1 2 2 2 2 3
   4 1 1 0 0 0 0 1 0 3 1]
  [0 2 2 4 0 0 4 2 3 2 3 0 2 3 2 0 4 2 3 3 3 1 2 3 0 0 2 4 4 0 1 3 4 3 4
   3 3 0 0 1 0 0 2 0 2 1 3 1 4 4 3 3 4 0 2 1 3 3 4 3 2 4 0 4 1 2 0 2 1 4
   3 4 3 2 3 0 1 3 3 0 0]
  [0 4 3 4 0 3 0 3 4 3 0 0 3 3 0 1 4 3 4 3 1 0 2 1 0 3 1 4 1 4 2 1 3 2 2
   1 2 1 1 2 0 0 4 3 3 1 4 0 2 2 2 2 2 0 3 4 4 1 3 2 2 3 0 2 3 1 1 0 4 1
   4 3 0 0 1 2 3 1 0 4 4]
  [0 0 1 0 3 0 2 0 4 4 3 2 2 2 2 0 0 0 0 0 3 1 4 2 3 3 0 3 4 2 1 2 0 1 2
   0 3 0 1 4 0 3 0 4 4 2 3 2 3 1 1 0 4 1 0 1 3 0 0 0 3 2 3 0 4 2 1 2 0 2
   4 0 3 3 4 4 1 2 3 2 4]
  [0 2 3 4 4 4 1 3 2 4 3 4 0 4 3 2 3 3 0 0 0 4 3 4 3 2 4 4 1 0 2 3 3 1 0
   3 3 4 1 4 1 1 1 0 4 3 4 0 2 0 3 3 4 0 2 2 2 1 2 4 4 0 0 4 2 1 3 2 4 2
   1 1 2 1 1 4 2 4 4 2 2]
  [0 0 4 1 2 0 3 2 1 4 3 1 0 2 1 4 0 2 2 1 0 2 3 4 4 3 4 3 4 4 4 3 1 1 2
   3 2 3 4 1 4 2 3 0 0 4 1 2 1 0 0 0 4 0 3 1 1 3 1 4 3 1 1 0 2 1 3 1 2 2
   1 2 1 3 4 3 2 3 2 0 4]
  [0 4 3 0 3 3 0 3 0 0 1 4 4 1 1 0 4 1 4 2 4 2 1 0 0 3 4 1 2 1 1 4 2 2 0
   2 2 4 1 0 2 3 4 2 2 0 4 1 4 0 4 2 3 0 4 1 4 0 3 1 2 0 3 3 4 4 3 0 4 4
   4 2 0 1 1 1 2 1 2 0 4]
  [0 4 1 0 4 4 4 3 4 2 2 0 2 2 1 3 0 3 1 1 2 0 2 2 3 1 0 3 1 0 4 0 0 1 3
   0 3 1 3 4 0 2 1 4 0 0 0 4 3 2 4 4 1 1 0 0 1 0 1 1 2 4 0 3 1 2 0 4 4 2
   3 0 4 2 0 2 3 2 4 0 4]
  [0 3 3 2 2 3 1 0 1 0 4 0 4 3 4 0 1 3 4 4 4 3 4 2 2 3 1 1 3 3 1 1 3 0 4
   4 4 3 1 4 3 4 3 3 0 4 0 0 3 3 3 2 1 3 4 3 4 0 4 2 0 3 4 2 0 0 2 4 0 4
   1 4 2 1 1 3 0 4 2 1 4]
  [0 0 4 1 2 4 2 1 4 1 1 0 1 1 1 2 1 2 2 1 0 4 4 3 3 1 0 2 1 1 1 1 0 2 1
   0 2 0 3 2 4 0 3 3 2 3 0 0 0 0 2 2 3 0 3 3 1 2 2 0 1 0 4 0 2 1 2 4 4 3
   1 1 2 1 0 1 3 0 1 4 1]
  [0 4 1 1 1 4 4 4 4 3 0 4 1 0 1 3 1 4 3 2 2 2 1 3 3 4 1 3 1 2 2 0 3 3 1
   4 0 1 2 0 0 1 4 1 3 3 1 3 0 0 0 4 0 2 0 0 3 1 4 1 0 4 0 3 1 0 0 1 4 4
   1 2 0 3 0 3 2 3 2 2 3]
  [0 0 3 1 1 3 3 0 3 3 3 3 0 3 1 2 2 2 1 2 0 0 4 4 1 4 2 2 0 1 2 1 3 2 1
   3 1 0 2 2 3 4 3 2 2 2 2 0 1 3 0 1 4 2 2 4 2 4 3 2 1 4 3 2 3 4 0 2 4 2
   3 0 2 3 1 3 2 0 1 2 0]
  [0 1 1 3 0 0 0 0 4 2 3 3 0 4 2 2 0 3 2 4 4 1 3 0 2 2 1 3 0 3 3 2 3 1 4
   1 0 1 3 1 4 2 1 4 2 2 3 0 3 4 3 0 0 1 4 3 0 2 0 0 0 1 1 0 3 4 2 1 4 1
   1 3 1 2 2 1 1 3 2 0 1]
  [0 3 2 3 4 0 0 3 0 0 1 2 3 1 1 1 4 0 3 1 2 0 0 3 0 2 2 3 0 1 2 0 0 0 4
   3 4 0 0 3 0 1 2 3 1 4 3 0 4 4 4 2 0 3 2 1 4 4 4 0 1 0 0 3 1 3 2 0 2 4
   4 2 4 4 2 1 2 1 0 4 0]
  [0 2 4 0 3 2 4 4 2 3 4 3 0 3 1 1 4 2 3 1 3 3 4 1 1 0 0 3 3 2 1 4 0 2 1
   2 3 1 4 3 1 4 0 0 2 4 0 1 4 4 4 1 0 0 4 0 4 4 2 2 3 1 4 3 1 0 3 4 4 0
   0 1 1 3 1 4 0 2 1 4 4]
  [0 2 1 3 0 0 4 3 1 2 2 2 3 2 2 1 3 1 2 4 0 2 4 3 1 2 4 3 2 2 0 0 0 3 2
   3 2 2 1 2 1 3 0 1 2 2 2 2 2 1 0 2 0 1 0 0 0 0 0 0 2 2 1 1 1 4 0 0 0 2
   2 4 0 2 0 0 0 0 1 3 2]
  [0 4 3 2 1 0 1 2 1 3 4 1 2 4 1 2 2 3 1 0 1 4 1 2 3 2 4 2 3 3 2 0 2 2 0
   2 0 4 4 0 1 0 1 0 3 3 0 0 4 4 3 2 2 2 2 0 4 4 1 0 0 3 0 2 2 4 2 3 4 2
   4 3 4 1 0 2 2 1 2 0 0]
  [0 0 4 0 4 1 1 0 3 1 4 0 1 3 3 2 0 2 1 0 2 3 1 3 1 1 0 0 0 0 4 0 4 0 4
   2 1 4 1 2 3 3 3 4 3 4 4 0 4 2 1 3 2 0 1 4 0 0 4 4 1 0 0 4 3 0 2 1 2 3
   4 1 1 1 2 1 0 2 4 3 3]
  [0 0 4 4 4 0 4 1 4 0 2 4 3 0 0 2 0 3 2 4 0 4 2 3 4 4 2 1 4 2 2 2 1 2 4
   4 1 0 3 2 3 1 3 3 0 1 2 4 2 1 1 1 4 2 3 3 3 0 2 4 4 0 1 2 3 0 3 0 0 4
   0 0 0 3 0 3 3 1 3 4 3]
  [0 3 0 1 4 0 4 0 1 0 0 3 3 4 1 2 0 4 4 2 2 4 4 3 2 3 1 3 3 0 2 4 0 4 1
   0 0 2 2 0 1 1 4 2 3 1 3 2 2 0 4 1 1 1 3 3 1 1 0 1 1 1 4 0 2 4 2 0 2 1
   2 2 1 2 4 4 4 0 3 2 0]
  [0 0 2 4 4 3 4 4 0 1 3 0 3 4 4 2 4 2 3 4 3 2 2 1 0 1 2 3 2 3 4 1 1 3 2
   2 1 2 0 0 0 2 3 3 3 2 3 1 2 3 0 0 3 2 4 0 0 2 1 0 3 2 3 4 3 3 4 1 4 4
   4 1 0 2 1 0 4 4 3 2 4]
  [0 3 0 1 1 4 0 3 3 2 1 4 1 2 4 1 4 0 4 1 2 3 4 0 4 1 1 0 1 1 4 4 2 0 3
   2 4 3 1 3 3 3 2 4 0 4 3 1 2 3 2 3 0 1 0 4 4 2 2 0 0 2 2 2 3 4 1 1 0 2
   3 0 0 1 2 2 3 1 1 4 1]
  [0 1 3 2 4 2 3 0 4 1 0 0 0 1 4 4 0 4 1 0 1 1 1 1 1 4 3 1 2 4 3 3 1 4 4
   3 2 0 0 0 3 1 2 4 1 4 2 2 0 0 3 2 3 0 0 4 1 2 2 1 4 0 1 4 4 0 3 3 0 1
   2 4 1 3 1 4 1 3 0 4 3]
  [0 3 2 0 3 1 2 3 1 1 2 4 1 0 1 3 1 2 0 2 4 4 0 1 2 4 2 1 3 1 4 3 1 2 1
   3 0 2 3 1 4 3 1 0 1 2 4 4 3 2 1 1 4 3 1 1 2 2 3 0 2 4 0 0 1 1 1 0 1 2
   0 1 3 3 2 4 1 4 2 1 1]
  [0 4 4 4 2 0 2 2 3 3 2 3 4 3 2 1 4 2 2 3 1 0 1 2 0 4 3 1 1 4 2 2 0 1 4
   1 0 2 0 4 1 2 2 3 3 3 3 3 4 3 3 0 4 3 4 4 4 3 4 2 3 4 2 0 1 3 3 3 2 1
   2 1 4 1 2 1 1 0 2 2 2]
  [0 1 2 0 2 2 2 1 1 1 0 1 3 0 3 3 1 1 2 2 4 3 3 0 3 1 0 0 3 3 0 1 4 2 3
   3 1 2 1 3 3 4 1 0 0 4 0 1 2 3 4 0 4 0 2 0 1 4 2 0 2 2 3 0 0 1 4 3 2 3
   1 2 4 2 4 3 1 3 0 4 1]
  [0 3 4 4 0 2 1 3 0 0 4 2 1 2 4 1 2 1 0 4 1 0 2 0 4 4 0 1 4 2 3 3 2 0 2
   4 4 3 3 1 4 2 0 4 3 3 4 0 1 4 3 0 4 2 3 2 0 3 3 3 2 1 2 0 3 0 4 2 2 4
   2 0 2 3 0 3 1 1 1 1 4]
  [0 2 2 4 3 1 3 4 3 2 2 0 2 0 3 2 4 2 0 1 1 0 1 1 1 3 0 1 4 4 4 1 4 1 1
   0 2 0 3 0 3 4 1 4 0 0 1 1 4 3 1 1 2 4 4 4 4 2 2 3 2 2 2 4 4 2 0 3 3 3
   4 4 2 1 0 3 1 4 0 2 3]
  [0 4 1 2 2 3 3 1 3 4 4 0 4 2 2 3 0 2 2 0 2 2 3 2 2 2 3 1 1 2 2 1 3 2 0
   3 0 1 4 2 2 2 3 0 3 2 2 4 0 2 4 2 0 2 0 1 3 3 0 0 1 1 2 0 0 4 3 0 2 3
   4 1 3 3 2 4 2 0 1 3 1]
  [0 4 3 1 4 1 2 2 4 3 4 0 3 2 1 2 0 3 4 3 3 2 2 4 2 3 4 1 1 2 1 0 2 0 3
   3 4 3 1 4 1 3 3 4 4 3 3 1 4 4 1 3 3 3 4 2 1 1 3 4 0 1 1 2 0 3 0 2 0 3
   4 1 1 3 4 2 2 4 4 0 1]
  [0 3 0 4 4 3 2 1 3 1 3 1 3 0 1 4 3 1 0 0 0 4 0 1 2 2 0 0 1 2 2 1 4 3 2
   1 3 1 3 2 3 4 4 4 4 4 0 4 1 3 4 3 4 2 2 4 4 4 1 3 3 3 3 4 2 4 4 2 2 0
   4 4 1 1 1 4 0 1 3 4 4]
  [0 1 1 2 3 2 4 1 3 1 3 0 1 0 3 3 3 3 3 3 3 1 1 1 3 3 1 2 3 0 3 2 4 2 3
   0 0 2 0 1 4 0 0 4 3 2 1 1 0 4 0 2 2 3 0 3 1 2 2 1 4 1 2 1 1 3 4 1 4 0
   0 1 2 4 3 0 0 0 0 1 3]
  [0 3 1 1 0 1 2 3 3 3 3 3 3 3 0 3 2 2 2 3 3 1 4 2 2 1 2 2 2 3 3 1 2 0 4
   2 4 1 4 1 3 2 0 3 0 4 0 3 0 1 4 4 3 1 2 3 4 1 0 3 1 0 2 0 1 1 1 0 4 1
   3 0 4 2 3 2 0 4 1 3 1]
  [0 1 2 4 4 4 4 2 3 4 4 3 4 4 2 1 4 2 4 2 3 1 4 1 0 2 0 2 0 3 3 4 1 0 3
   4 0 2 4 3 2 0 2 0 2 2 2 1 3 4 1 4 3 0 3 1 4 1 4 2 3 4 1 2 1 3 1 0 1 4
   1 2 0 0 1 1 4 4 4 3 4]
  [0 1 2 1 3 1 2 4 3 1 2 3 2 3 0 3 4 1 2 0 2 1 3 2 2 3 1 1 4 2 3 1 3 3 4
   0 3 0 2 2 4 4 2 2 0 0 3 4 3 1 3 2 3 3 1 4 4 1 1 3 1 2 2 2 2 2 0 0 3 1
   3 1 3 0 4 2 0 2 4 1 2]
  [0 2 3 0 1 3 0 4 3 1 4 1 0 2 1 0 3 1 0 3 0 3 1 4 1 3 1 1 0 4 1 4 4 0 4
   2 0 1 1 1 1 1 2 0 1 2 3 4 2 1 1 0 3 1 1 4 1 3 3 3 4 0 4 3 0 3 0 1 2 4
   0 1 3 3 0 0 0 2 0 1 2]
  [0 1 0 1 1 4 3 1 2 4 4 2 1 0 3 3 4 3 0 0 0 3 2 4 2 2 4 2 1 4 2 0 3 4 2
   0 2 2 1 2 4 1 3 0 4 3 1 0 4 0 2 3 2 4 1 4 2 1 0 0 0 0 1 1 1 0 4 4 4 4
   3 0 4 0 1 0 4 2 4 2 2]
  [0 0 3 1 4 3 2 4 3 1 3 0 1 3 3 4 1 3 2 4 4 4 1 2 2 0 0 1 0 4 2 0 4 2 2
   2 4 3 3 2 3 1 4 1 4 3 2 4 4 3 0 3 4 0 3 3 0 0 2 4 2 4 0 2 1 0 1 3 0 0
   3 0 4 2 2 2 0 4 1 3 1]
  [0 0 2 4 1 4 0 0 2 1 4 2 3 1 4 1 2 1 1 3 0 3 0 4 1 4 4 0 2 1 0 1 1 3 2
   4 0 1 0 3 0 0 0 2 3 2 2 1 4 3 1 4 1 0 1 0 4 3 0 3 2 3 4 2 0 0 3 0 1 4
   4 4 4 1 2 4 0 0 0 3 3]
  [0 1 0 1 1 3 0 3 1 2 4 2 4 0 4 4 0 4 1 1 0 0 3 2 0 0 0 2 1 1 2 4 4 3 4
   3 0 1 1 3 4 4 1 1 3 1 3 4 1 2 1 0 3 3 4 3 0 2 0 1 0 4 0 0 4 4 1 1 0 0
   2 0 1 2 3 0 3 1 0 1 4]
  [0 3 2 2 1 4 4 2 3 1 3 0 0 3 0 1 0 0 3 1 2 0 4 1 1 4 0 3 1 1 4 1 0 0 3
   3 1 3 4 3 4 4 3 1 4 1 3 3 2 0 1 4 1 1 4 4 4 0 1 0 0 4 4 3 1 3 3 3 3 3
   2 0 4 3 1 4 1 0 4 0 2]
  [0 2 2 3 0 0 0 1 3 4 1 0 3 0 4 0 3 4 3 4 2 0 4 3 4 1 4 4 3 4 0 1 2 0 3
   0 2 3 2 0 1 4 1 4 1 4 2 2 0 0 3 1 0 4 1 0 0 1 1 2 3 3 3 0 4 2 2 2 3 1
   0 4 1 3 2 4 2 3 3 1 0]]

 [[0 3 0 1 2 1 3 4 0 4 0 4 4 2 3 0 2 0 3 2 0 1 4 3 2 2 4 0 1 2 0 2 4 3 3
   1 4 1 2 1 4 1 1 2 3 3 2 4 3 3 4 0 2 0 2 0 0 0 1 3 3 2 4 0 2 0 2 3 0 1
   4 4 3 0 1 2 0 4 0 4 3]
  [0 0 4 2 4 4 4 1 4 0 2 0 4 3 1 0 1 0 0 4 0 1 0 4 3 2 4 0 4 1 1 2 0 2 1
   3 4 0 1 3 0 4 1 4 2 0 1 1 2 4 4 4 4 1 3 2 3 0 4 1 1 2 4 4 3 2 1 2 4 2
   0 1 4 0 2 2 1 0 4 1 2]
  [0 0 0 3 2 1 2 4 0 0 1 3 4 0 4 1 3 3 3 3 4 1 4 0 4 0 0 4 0 3 4 0 1 1 0
   0 1 2 4 3 2 4 1 0 0 3 1 1 1 0 0 4 3 1 3 1 2 0 1 1 2 1 4 3 3 2 0 0 4 1
   3 1 4 2 4 2 1 4 1 4 4]
  [0 2 4 0 3 2 3 2 3 3 0 3 4 0 0 0 2 1 3 0 1 0 3 0 3 1 4 3 2 2 2 1 0 2 4
   2 3 4 2 3 1 2 3 4 4 3 0 0 4 0 2 4 3 3 3 3 3 2 3 0 2 4 0 0 0 1 3 4 4 4
   3 1 1 3 3 0 0 1 2 1 0]
  [0 1 3 3 0 0 3 2 0 3 3 0 1 1 2 2 4 3 4 0 0 2 1 2 2 4 1 1 1 1 2 0 0 2 4
   1 3 3 3 0 1 0 2 1 1 4 4 2 2 2 2 3 3 1 2 3 2 0 2 2 2 1 4 0 3 4 1 0 1 1
   2 1 3 2 1 3 3 3 3 1 1]
  [0 1 1 3 2 0 4 0 1 3 3 0 3 2 4 4 4 4 1 0 4 2 0 0 4 1 3 2 1 0 2 4 1 2 0
   1 4 1 1 0 2 2 1 4 2 3 3 2 1 1 3 3 2 1 3 2 0 0 4 2 0 4 2 1 3 3 4 0 0 2
   2 4 3 2 0 2 4 1 3 2 4]
  [0 1 4 1 0 4 0 3 1 0 3 1 2 0 0 0 1 0 2 3 4 3 3 4 3 1 3 1 3 0 1 0 3 0 4
   1 1 2 1 4 1 0 4 0 4 2 1 1 0 0 2 0 1 4 1 2 0 1 0 0 3 4 1 2 3 1 0 0 1 3
   4 0 1 0 4 2 1 0 0 3 3]
  [0 3 1 3 2 2 4 0 3 4 4 3 0 2 2 0 4 1 0 3 2 0 0 4 4 1 4 4 3 2 4 0 0 0 2
   0 2 1 0 3 4 3 2 4 1 3 2 2 1 0 0 4 0 1 4 4 1 1 1 2 1 3 3 0 2 3 2 4 4 2
   3 0 4 0 1 0 3 4 0 1 1]
  [0 0 4 3 1 0 0 0 0 1 0 2 4 0 1 0 3 0 3 1 3 0 3 0 2 1 3 2 1 0 0 1 0 1 3
   1 1 4 2 0 4 4 1 2 4 3 4 4 3 1 4 2 0 1 3 3 0 2 0 0 0 2 3 0 0 0 0 0 2 3
   3 2 0 2 4 2 0 0 3 3 0]
  [0 3 1 3 3 3 4 0 0 0 0 3 1 0 0 2 1 4 2 0 0 4 2 1 2 4 1 2 1 0 3 2 3 0 3
   1 3 4 4 3 0 3 1 1 3 3 4 1 1 4 4 2 2 4 2 4 0 0 4 3 3 4 1 0 4 1 1 0 4 0
   2 4 4 0 2 2 2 0 0 2 2]
  [0 4 1 0 3 2 0 1 3 4 0 4 3 4 3 3 1 0 3 0 4 4 3 4 2 1 4 2 2 4 4 4 0 4 4
   2 0 0 1 3 0 4 3 0 0 4 3 1 0 4 2 4 3 2 0 4 4 3 0 3 2 4 3 1 2 1 0 3 2 1
   0 1 4 0 4 0 4 4 3 1 4]
  [0 2 3 2 4 3 0 1 1 0 0 0 3 1 0 4 3 4 3 4 4 4 1 1 0 4 4 2 4 2 3 1 0 3 4
   3 1 4 0 1 4 2 0 4 4 0 4 4 2 2 3 3 4 0 1 1 3 2 3 0 1 0 0 4 0 0 4 1 1 4
   4 4 0 1 0 2 3 4 1 0 0]
  [0 3 2 3 0 3 0 2 0 4 1 0 0 2 4 3 2 2 2 2 0 2 2 0 2 2 1 2 4 4 3 0 4 3 4
   1 1 1 2 3 0 0 3 1 1 4 0 1 3 0 4 4 1 0 3 4 4 2 3 0 1 4 0 3 1 4 3 3 4 2
   0 0 3 0 1 3 4 3 3 0 4]
  [0 2 0 3 4 2 0 4 4 1 2 2 4 0 4 0 3 1 3 1 2 1 3 2 4 3 1 0 4 4 2 4 3 1 4
   2 0 1 3 0 2 1 1 4 4 2 0 0 3 3 3 0 4 4 1 3 4 2 3 1 0 1 0 0 1 1 2 4 4 1
   4 1 0 1 3 2 1 0 2 3 4]
  [0 3 1 4 3 1 3 1 3 2 0 4 4 2 0 0 2 2 1 4 3 4 1 4 1 3 4 4 2 4 2 2 3 0 1
   2 2 2 0 2 1 4 4 2 0 3 1 1 1 4 4 3 1 4 4 1 0 4 4 3 4 4 0 4 0 0 3 0 4 2
   0 0 1 3 0 1 4 0 4 0 2]
  [0 0 3 4 0 1 2 2 0 2 2 4 3 2 4 0 0 3 3 1 2 1 2 3 3 2 0 0 0 4 2 4 3 3 3
   2 1 1 1 3 1 0 4 2 2 1 1 0 2 0 1 0 3 1 1 4 0 0 3 1 3 0 4 0 2 4 4 1 1 0
   1 4 0 3 4 3 3 0 1 0 1]
  [0 3 3 4 1 2 0 0 0 1 2 2 3 1 0 3 0 4 2 1 1 2 0 0 3 4 3 2 3 1 1 2 4 3 1
   3 4 0 4 2 4 1 1 4 2 4 0 3 1 1 2 0 4 2 0 4 0 1 4 3 2 3 3 4 2 3 3 2 3 4
   2 0 2 4 0 4 3 3 4 2 0]
  [0 2 3 0 4 2 4 3 3 3 2 2 0 3 2 2 0 0 1 0 0 0 1 3 3 3 4 3 4 0 1 2 0 1 0
   0 2 1 3 2 3 2 1 2 0 4 4 2 4 1 0 0 2 1 1 1 2 3 0 3 1 1 3 1 4 3 2 2 4 0
   2 3 4 1 0 0 1 2 0 1 2]
  [0 3 3 2 1 1 1 3 3 2 3 0 1 1 0 1 1 4 0 4 4 1 4 2 0 4 2 1 0 3 1 3 0 2 4
   3 0 3 0 2 0 4 3 4 1 2 4 1 3 1 2 2 4 2 0 0 0 3 4 2 4 2 1 3 4 0 0 1 1 3
   2 4 3 3 0 4 1 1 1 1 0]
  [0 1 3 1 2 0 0 3 1 2 1 3 2 2 2 4 2 1 2 0 0 1 2 3 0 1 4 1 0 0 2 3 0 1 2
   0 4 0 3 0 1 4 3 3 4 4 0 4 0 4 2 2 2 4 1 1 3 4 4 1 1 4 4 4 2 0 4 0 1 2
   0 0 4 1 4 1 2 1 3 3 1]
  [0 1 4 2 1 3 3 1 3 0 4 4 1 0 4 3 2 2 2 1 0 3 1 3 2 4 2 0 2 1 4 1 2 0 4
   0 1 3 2 1 1 4 0 1 1 3 3 0 2 4 2 2 4 4 0 4 0 0 2 2 1 1 0 0 4 4 0 2 4 1
   0 2 2 1 4 3 0 0 0 3 1]
  [0 4 3 0 0 3 4 1 3 4 3 3 1 1 0 0 0 1 1 2 4 0 2 0 2 3 0 1 3 1 0 2 4 4 4
   1 4 4 1 1 3 4 0 4 0 0 3 1 4 0 1 1 3 3 2 0 3 0 4 3 3 4 4 4 1 2 0 1 0 2
   2 0 3 2 4 3 1 3 3 1 1]
  [0 3 3 2 2 3 2 3 3 0 0 2 0 4 1 0 4 3 0 4 0 4 0 4 3 0 0 2 0 3 2 3 0 0 1
   0 3 3 1 4 4 0 4 2 1 0 0 4 1 3 2 4 1 4 2 4 1 3 0 3 0 4 1 1 0 2 1 1 2 4
   0 4 1 3 3 0 1 1 1 4 3]
  [0 2 3 4 1 4 4 1 3 4 1 0 3 4 2 4 2 4 2 2 2 2 4 0 0 0 4 2 2 0 4 0 0 3 1
   2 4 1 0 1 2 0 3 2 4 0 2 0 3 0 2 4 4 2 2 3 3 3 3 2 2 1 1 4 3 3 1 1 1 1
   2 3 2 2 2 0 3 4 3 0 3]
  [0 4 2 0 4 1 2 4 4 1 1 0 3 4 3 2 1 1 0 2 4 0 2 2 0 3 4 0 0 3 1 3 0 4 2
   4 3 0 2 1 0 3 3 4 1 0 3 0 2 1 2 2 0 0 0 3 3 3 1 2 2 3 4 4 2 1 0 1 1 2
   3 3 3 1 3 1 4 0 4 0 3]
  [0 3 4 4 0 1 3 3 3 1 2 4 3 4 0 0 1 2 1 4 2 4 4 2 1 0 1 0 2 4 3 0 3 1 4
   4 4 4 1 4 1 4 2 3 4 0 4 4 3 1 3 1 3 4 1 3 4 2 0 2 2 1 3 1 0 2 1 1 3 4
   1 2 1 4 0 3 1 2 1 4 2]
  [0 3 0 0 3 0 2 1 2 0 1 1 0 4 4 4 3 4 0 0 0 2 1 4 1 1 0 1 3 1 4 0 1 2 3
   2 2 4 4 1 2 3 3 1 1 2 2 1 2 4 0 3 3 1 1 2 4 1 2 4 0 1 1 4 3 2 3 3 0 3
   0 3 4 4 2 1 0 4 2 3 3]
  [0 2 2 2 2 1 1 4 0 3 0 1 3 0 4 1 4 4 1 4 4 3 1 1 2 4 0 0 1 4 1 3 4 3 1
   3 2 3 4 3 2 2 2 2 4 2 1 1 0 1 3 0 2 2 3 2 4 2 0 2 3 4 4 4 3 3 0 3 4 0
   0 4 2 1 1 0 4 3 4 2 3]
  [0 1 2 2 0 3 4 4 3 0 0 3 4 0 1 4 2 1 3 2 0 3 2 2 4 4 4 3 0 3 2 4 4 1 1
   2 0 4 1 1 3 2 3 4 3 3 0 1 2 1 0 4 1 0 1 4 0 3 0 4 2 2 2 1 1 2 4 3 1 4
   3 1 0 3 4 3 2 3 3 0 0]
  [0 1 1 3 4 2 1 1 3 3 1 1 1 4 0 2 1 1 4 2 4 2 3 1 2 0 2 1 3 0 0 3 0 4 2
   4 3 3 0 1 4 1 1 0 2 4 3 2 4 2 0 2 0 4 1 2 0 1 4 3 4 2 4 4 3 2 4 2 3 1
   1 0 0 4 2 4 2 3 4 0 2]
  [0 4 1 3 2 2 2 2 0 2 2 4 2 0 4 0 2 0 3 3 1 0 4 4 3 4 0 0 3 1 0 3 1 4 4
   2 1 0 2 2 2 0 3 1 2 1 0 0 2 0 0 1 3 4 1 0 4 3 3 3 0 4 0 1 1 4 0 4 2 2
   0 1 2 4 1 3 0 4 3 0 2]
  [0 4 2 1 4 3 3 4 1 4 4 2 0 3 3 1 0 0 2 4 1 3 1 3 4 3 2 1 1 4 3 0 0 2 3
   3 2 2 0 3 1 3 2 0 1 3 1 0 3 1 1 0 0 4 4 0 4 2 3 0 0 2 0 0 1 0 3 3 3 1
   4 3 0 3 1 4 2 1 3 2 0]
  [0 1 2 0 2 1 3 4 4 4 0 2 1 4 1 2 4 4 2 1 0 4 1 4 1 1 0 1 4 4 0 4 0 3 1
   2 4 4 3 3 1 0 3 4 4 3 0 1 2 4 2 1 1 1 1 0 1 4 1 1 0 2 2 2 1 3 3 3 4 0
   3 3 1 2 3 3 2 2 0 0 4]
  [0 0 0 3 2 4 4 1 3 0 1 4 1 3 0 2 0 4 4 3 2 0 2 4 1 2 4 2 3 2 3 1 3 0 1
   4 1 3 4 2 1 0 2 1 1 1 4 3 0 2 2 3 4 4 4 2 3 4 1 1 1 3 4 3 0 4 0 2 3 1
   1 2 1 2 3 4 3 4 1 2 0]
  [0 1 4 0 4 3 1 4 3 3 4 3 4 0 3 1 0 0 3 2 4 4 3 2 3 3 3 4 4 1 2 4 3 3 0
   3 0 2 4 1 3 1 3 4 3 1 1 4 4 1 3 3 2 2 0 3 2 0 0 3 1 1 0 2 1 0 4 0 4 3
   1 2 4 2 4 1 2 2 3 2 0]
  [0 1 1 3 3 1 3 4 2 0 2 4 3 3 4 3 2 2 0 3 2 4 1 2 3 1 3 2 2 2 4 4 4 0 4
   0 1 3 0 1 3 4 4 2 2 0 0 2 1 1 0 4 0 3 0 3 3 4 3 0 3 3 4 4 4 4 2 3 1 3
   3 1 1 4 1 1 2 4 0 0 3]
  [0 2 4 0 3 4 4 1 2 0 3 0 4 2 1 1 0 1 0 4 0 3 0 3 0 2 0 1 4 4 4 2 2 3 3
   1 0 0 3 0 3 4 3 4 3 1 0 2 4 0 4 2 3 1 4 0 2 4 0 4 3 0 3 2 0 2 2 4 3 4
   1 4 1 3 1 0 4 2 1 4 1]
  [0 0 4 4 0 1 2 3 4 2 0 0 3 0 4 3 0 1 4 2 3 3 1 4 0 3 2 1 3 4 4 4 2 1 4
   4 0 0 0 4 2 4 1 3 0 2 3 2 0 3 0 2 3 1 3 0 2 3 0 3 0 1 3 2 3 0 4 2 4 0
   3 4 1 2 3 3 1 2 3 2 0]
  [0 1 2 0 0 2 2 1 3 2 0 2 0 0 1 0 0 2 3 3 2 1 1 0 3 3 3 4 2 0 2 2 2 4 0
   3 2 3 0 2 0 2 4 2 2 0 4 0 4 0 1 0 4 2 3 1 3 2 4 1 3 3 1 0 2 0 0 1 1 1
   3 2 4 3 3 4 4 3 0 0 4]
  [0 1 2 2 1 3 4 1 0 2 4 0 2 2 1 3 0 1 4 4 2 4 1 0 0 2 0 0 0 0 3 2 0 2 1
   4 4 0 3 0 4 0 1 2 4 2 0 2 3 0 4 1 1 3 1 3 4 0 2 4 1 2 4 2 0 0 4 2 1 0
   1 2 4 0 0 0 3 0 3 4 3]
  [0 1 0 0 3 4 2 3 2 1 3 1 0 2 3 4 1 4 1 4 3 3 3 3 4 2 1 3 3 1 2 1 1 2 1
   1 1 0 4 4 0 0 0 1 3 0 4 4 1 2 0 3 1 2 4 3 1 1 2 0 2 4 0 2 0 1 0 3 4 1
   0 0 3 1 2 2 2 1 2 2 3]
  [0 4 3 0 2 3 4 3 3 3 0 3 4 4 1 3 3 3 0 3 4 3 0 1 2 2 1 1 2 2 3 2 3 4 4
   3 0 0 3 2 4 0 0 4 4 1 3 3 3 3 3 0 4 1 4 1 2 0 0 0 2 2 0 0 2 4 3 0 2 3
   4 2 4 4 2 0 3 2 0 4 1]
  [0 4 1 1 4 1 2 0 4 3 2 2 3 4 2 3 0 1 0 3 0 4 3 0 2 2 1 2 1 3 4 2 4 2 0
   4 2 4 4 4 1 1 0 0 0 1 3 0 1 1 1 3 1 3 2 2 4 0 3 2 3 2 0 3 4 0 0 1 3 3
   0 0 1 0 2 3 2 3 2 1 3]
  [0 3 0 4 0 3 2 2 4 4 2 2 2 2 0 0 4 2 2 3 4 0 3 2 3 3 2 1 4 3 3 4 0 1 0
   2 3 2 1 4 2 0 4 0 1 1 3 0 1 4 1 2 2 1 2 4 4 2 1 3 2 4 1 1 4 0 2 0 1 3
   2 0 1 3 4 1 2 4 3 0 1]
  [0 3 4 3 4 0 2 2 4 2 2 0 4 1 2 1 3 1 4 0 3 2 0 1 0 0 0 2 0 3 0 4 1 2 1
   1 4 1 0 0 2 1 3 2 0 3 4 1 3 4 1 4 4 4 0 0 2 3 3 3 3 3 3 4 0 2 2 0 1 0
   1 4 0 3 3 0 3 3 2 1 2]
  [0 1 1 4 3 1 1 4 4 0 0 4 0 3 4 3 0 2 0 3 0 0 0 1 0 2 1 3 0 4 3 0 0 3 0
   3 1 2 0 4 0 3 0 0 1 0 4 1 0 1 4 3 4 2 3 3 3 3 4 0 1 2 4 4 3 1 3 3 1 1
   2 4 4 4 4 0 4 4 3 0 4]
  [0 4 0 2 1 2 3 4 3 2 3 1 3 4 2 3 4 3 4 0 1 0 1 3 1 2 4 2 0 1 1 0 1 0 0
   3 1 2 0 4 0 4 4 2 4 0 0 0 4 4 4 1 1 0 0 1 0 1 4 3 0 3 0 4 4 2 3 2 0 2
   2 3 3 2 2 3 2 4 2 2 0]
  [0 1 0 2 1 1 3 4 2 1 0 2 3 3 2 4 4 2 2 2 1 3 3 3 0 0 2 0 1 3 4 1 2 3 4
   1 0 1 0 0 2 1 4 4 2 2 0 0 1 0 3 2 0 1 3 4 4 0 1 2 1 2 4 3 2 0 4 0 4 0
   0 2 0 0 2 2 0 0 0 4 3]
  [0 4 2 3 0 3 2 3 2 4 0 3 3 1 3 1 1 2 1 1 3 2 4 1 2 0 2 3 3 3 4 0 0 0 1
   2 1 4 3 4 2 0 1 1 0 0 4 4 0 0 2 3 1 2 1 1 2 0 1 1 2 0 4 3 2 4 4 0 4 3
   4 4 2 2 2 1 3 1 2 1 3]
  [0 1 3 3 4 0 4 1 4 2 0 4 1 2 4 3 2 2 0 3 1 3 1 4 0 1 2 2 0 1 2 3 3 3 2
   3 1 2 0 0 0 3 3 3 0 2 4 0 1 0 4 3 4 1 2 0 0 3 1 1 2 3 1 3 1 1 1 2 2 1
   2 3 2 3 4 4 1 2 2 0 1]
  [0 0 2 2 3 0 1 2 1 1 2 4 1 4 2 0 4 4 2 3 2 3 2 2 1 3 2 4 3 0 4 2 3 2 0
   4 1 3 0 1 1 2 4 2 1 3 3 0 1 2 0 0 1 0 0 0 1 3 4 3 3 3 2 2 1 1 4 2 4 1
   3 3 1 1 1 1 3 2 1 4 3]
  [0 1 4 1 0 0 3 1 1 3 3 0 2 0 3 0 4 0 0 0 0 4 3 4 4 4 2 4 2 4 3 2 3 0 0
   2 2 2 4 2 1 1 2 3 4 1 4 4 4 0 3 0 0 2 4 0 0 0 4 4 0 3 3 0 1 0 3 1 0 0
   1 1 0 0 2 1 4 2 3 0 2]
  [0 2 3 4 3 2 3 0 1 0 0 2 0 4 3 2 1 4 3 4 0 3 0 0 3 1 0 3 1 2 1 4 3 2 2
   3 0 1 0 4 0 4 2 4 3 3 4 0 0 0 2 3 0 4 2 4 3 3 0 1 0 2 1 3 4 3 3 3 1 3
   0 0 1 3 1 1 3 1 3 1 0]
  [0 1 2 0 3 1 4 3 4 0 3 2 2 1 4 4 2 0 2 4 1 1 3 0 2 3 4 0 2 4 0 1 4 0 4
   4 1 3 0 3 1 4 2 2 1 3 2 4 4 3 3 1 3 0 3 4 3 2 3 2 1 1 1 1 1 1 4 2 0 1
   1 1 1 3 1 0 2 4 3 4 2]
  [0 3 0 4 2 3 1 2 0 1 0 3 0 3 3 4 1 1 3 3 3 4 4 1 2 1 0 2 3 4 3 1 2 2 2
   4 3 2 0 2 3 0 3 4 1 1 3 4 4 1 4 4 0 4 0 4 1 1 0 3 4 3 1 4 1 0 3 1 4 4
   1 4 0 2 2 3 2 1 1 2 1]
  [0 2 2 0 0 0 1 0 4 3 4 1 1 1 4 0 4 2 0 4 1 4 1 3 3 3 0 4 3 0 3 4 2 3 2
   1 3 0 4 4 4 2 0 2 4 4 4 1 4 1 4 1 4 1 1 0 1 2 3 0 4 1 0 2 2 3 4 4 1 3
   0 3 2 4 3 4 0 0 0 0 4]
  [0 4 4 2 1 4 3 0 2 3 3 3 3 4 0 2 1 0 0 3 1 1 0 4 0 3 3 2 2 3 4 0 0 2 4
   3 4 3 1 4 1 1 0 3 4 1 1 1 2 0 3 3 4 3 2 1 0 3 0 0 4 3 3 3 2 0 0 3 1 0
   0 2 4 1 4 4 2 3 4 4 1]
  [0 0 0 3 0 3 1 0 2 3 3 4 0 0 4 1 1 2 3 0 1 1 1 4 4 2 0 1 4 0 1 4 2 1 4
   1 0 3 4 1 2 2 0 1 4 3 2 1 1 1 3 3 3 3 4 3 1 0 4 1 3 1 1 0 1 2 3 4 3 0
   2 1 0 0 1 4 0 3 3 0 1]
  [0 3 4 1 0 2 3 2 4 2 0 2 2 1 3 2 0 2 3 3 0 3 2 3 3 2 4 2 1 4 3 4 4 4 2
   2 4 0 4 1 4 2 0 2 4 3 1 0 1 3 3 3 2 4 3 1 1 3 0 3 2 2 2 2 0 3 1 3 0 2
   0 4 2 3 2 4 2 3 2 1 2]
  [0 3 4 1 2 4 2 0 2 1 4 4 2 1 2 0 2 4 3 3 3 2 3 4 4 1 2 1 0 0 3 0 3 3 4
   2 4 0 1 3 2 1 0 3 0 1 4 0 0 2 3 2 3 2 0 3 3 1 1 0 2 0 1 0 1 3 3 3 2 0
   0 3 1 3 3 3 4 0 1 0 4]
  [0 4 2 2 4 4 0 4 0 0 2 2 4 3 3 2 1 3 2 4 2 0 0 2 4 1 2 0 1 1 2 3 1 1 1
   1 1 4 1 4 1 0 4 3 2 4 4 3 2 3 2 1 0 2 3 4 1 4 2 3 0 2 3 1 1 3 0 2 1 3
   3 1 1 3 3 3 1 4 1 1 4]
  [0 4 4 3 0 3 3 3 2 1 3 0 3 0 4 3 3 4 2 2 3 0 1 0 0 3 1 3 4 2 0 4 4 4 4
   0 3 1 3 3 2 2 0 1 0 2 3 1 1 1 4 2 4 2 4 4 4 2 2 2 4 0 2 1 4 1 1 4 1 0
   4 2 3 2 4 4 1 0 4 1 0]
  [0 3 3 0 3 1 3 2 2 1 3 1 3 1 2 4 3 0 3 3 0 1 3 1 3 1 1 3 1 1 3 3 2 2 0
   4 2 4 0 3 2 3 2 0 3 0 0 1 0 4 3 3 4 2 3 4 2 2 2 0 2 1 0 0 1 4 1 4 2 1
   1 0 2 0 3 2 3 1 2 2 4]
  [0 1 4 1 4 4 4 0 0 4 0 3 1 4 1 0 4 1 0 4 1 3 3 3 0 3 2 1 0 4 3 0 0 2 0
   4 2 2 0 3 4 4 3 2 4 4 4 4 4 2 1 4 2 2 1 3 1 1 3 2 0 4 3 0 0 2 4 3 0 2
   2 2 1 3 3 0 3 4 3 1 2]
  [0 2 2 4 3 3 3 3 4 3 3 2 1 2 1 2 0 2 0 2 0 2 2 4 1 4 4 4 1 0 3 1 4 2 1
   3 2 0 3 3 0 3 2 4 0 2 2 3 3 0 1 2 4 0 2 4 2 1 3 4 2 2 1 1 0 1 2 4 2 4
   0 1 1 0 1 3 0 2 2 3 4]
  [0 1 3 3 0 3 4 2 3 0 4 3 4 0 0 1 1 0 3 0 1 1 3 1 2 1 3 4 4 0 4 2 3 2 4
   0 4 3 3 0 2 1 4 2 0 2 0 0 0 4 0 0 0 4 1 0 4 1 0 0 2 4 4 3 1 0 0 4 1 0
   0 0 1 2 2 3 0 4 0 0 0]
  [0 0 2 1 4 3 1 4 1 1 0 4 3 4 1 1 3 3 3 2 3 0 4 1 3 1 1 1 0 0 1 0 2 1 2
   2 4 4 4 4 4 4 1 0 0 3 4 3 2 3 0 2 4 3 1 2 4 3 4 0 1 1 3 4 0 0 0 4 4 4
   3 0 4 3 1 1 3 0 1 2 3]
  [0 3 3 0 3 4 1 2 1 4 4 0 1 1 3 2 1 0 4 0 1 1 1 0 2 4 1 2 0 1 0 4 3 1 1
   4 2 0 4 2 1 3 1 1 0 4 1 3 4 2 4 4 2 2 3 3 2 0 1 4 2 2 0 1 0 1 0 0 3 2
   0 1 1 1 0 3 2 2 0 4 3]
  [0 2 2 1 4 0 1 3 3 2 4 0 4 1 3 2 4 4 0 3 1 1 2 0 3 1 0 0 3 1 3 0 1 3 2
   2 1 3 4 1 4 3 0 3 4 4 0 0 3 0 1 1 4 3 0 1 3 1 2 3 4 4 0 4 3 3 3 3 0 1
   0 0 2 0 3 4 4 4 1 1 0]
  [0 2 3 1 4 2 3 3 3 2 3 4 0 1 0 0 0 0 2 0 2 2 4 4 4 2 3 1 0 0 0 0 0 3 1
   3 2 4 4 2 3 1 2 3 1 3 4 2 1 4 0 4 4 3 3 2 4 4 4 2 1 4 1 4 1 3 1 0 1 0
   0 2 4 2 0 3 1 3 0 3 4]
  [0 4 2 3 1 0 1 4 1 3 1 1 2 3 0 0 4 3 4 3 2 1 0 3 2 2 0 1 2 2 0 3 4 1 2
   3 1 4 4 0 0 1 1 0 1 4 4 4 2 0 2 3 4 4 3 2 2 3 1 0 3 0 1 0 3 1 0 1 2 2
   0 1 4 4 2 0 4 3 2 1 2]
  [0 1 3 4 2 1 0 4 4 1 2 2 4 3 0 3 2 3 3 0 3 1 1 0 1 4 1 4 1 1 0 3 4 3 2
   0 4 4 2 3 2 2 3 0 3 3 0 2 4 1 4 0 1 2 4 4 0 4 3 4 0 2 4 0 2 4 2 3 4 1
   0 0 4 0 2 3 4 0 2 0 2]
  [0 1 0 0 2 0 3 2 0 0 2 4 2 4 0 4 3 0 4 1 3 1 2 2 3 0 1 4 0 4 4 0 4 2 2
   3 4 0 3 3 2 0 2 0 4 3 2 2 0 1 0 1 3 0 2 1 4 1 0 2 1 1 3 2 4 3 2 2 0 2
   3 3 0 0 3 1 3 0 4 3 0]
  [0 4 3 1 0 3 4 2 4 4 4 0 1 0 2 3 1 2 4 2 4 0 2 4 2 1 3 0 2 1 4 1 1 0 0
   0 1 0 0 1 4 1 4 1 3 4 3 0 0 3 4 3 4 4 0 2 0 0 2 1 2 1 4 3 0 2 4 0 1 1
   4 2 1 0 3 2 0 2 3 1 4]
  [0 0 3 1 2 4 2 3 1 2 0 0 3 2 3 4 1 4 2 3 2 0 4 3 1 0 0 2 4 1 4 0 0 4 0
   3 0 4 3 0 4 2 2 4 2 4 4 4 1 2 4 4 2 4 0 4 2 2 1 0 1 2 0 4 2 2 4 4 4 0
   4 0 4 4 0 0 3 4 1 0 4]
  [0 3 1 1 1 2 1 4 0 0 1 0 3 4 3 1 4 3 2 4 0 3 4 4 1 4 1 2 3 4 3 1 0 4 3
   4 3 4 0 3 3 3 0 3 2 2 3 2 1 4 3 3 0 1 3 0 1 0 0 3 2 4 0 1 2 0 3 0 1 2
   2 4 1 2 0 0 0 3 4 2 0]
  [0 1 4 2 3 3 4 1 4 1 0 3 3 0 1 3 3 0 2 2 0 2 3 1 3 3 4 2 0 0 2 3 0 1 3
   2 0 2 4 2 0 2 2 1 2 2 3 0 4 4 3 2 4 0 1 2 0 2 1 0 0 4 0 1 4 1 3 3 1 0
   0 3 3 3 0 3 0 3 0 3 3]
  [0 0 0 1 0 2 4 3 1 0 3 2 0 4 4 2 3 0 4 4 4 4 2 1 0 4 4 0 4 3 4 1 2 2 3
   4 2 3 0 3 2 1 3 1 4 0 2 4 4 3 2 4 0 2 2 0 4 3 4 4 0 2 4 3 0 3 0 0 4 2
   0 2 3 0 3 1 1 0 4 0 1]
  [0 0 3 4 0 3 2 0 0 4 0 4 4 3 4 2 3 3 3 4 3 4 4 2 3 4 2 3 1 2 2 0 3 0 3
   2 1 2 0 1 4 1 3 2 0 3 0 4 2 4 2 4 0 1 3 4 3 0 0 0 0 0 3 1 2 1 4 4 4 3
   1 1 3 0 2 1 4 0 0 1 0]
  [0 4 4 0 0 2 1 3 0 2 2 4 1 3 2 3 3 2 4 1 3 2 4 2 3 4 3 4 0 3 3 3 4 2 0
   3 3 4 1 3 4 2 3 1 4 0 2 4 3 4 4 0 3 1 4 2 0 4 2 3 3 2 2 2 0 3 2 2 0 0
   3 0 0 3 0 4 0 0 3 0 4]
  [0 0 4 1 3 3 2 4 0 2 4 2 3 0 1 1 4 2 2 2 0 3 1 0 3 1 3 1 2 2 3 2 2 4 2
   0 4 1 2 2 4 1 3 3 4 1 3 1 2 2 2 1 4 0 4 3 4 2 2 2 0 0 1 4 2 2 3 1 3 3
   4 0 4 0 2 3 1 4 4 3 0]]

 [[0 2 2 1 4 0 4 2 4 3 3 3 2 4 4 2 4 1 1 0 2 4 1 1 3 0 1 0 4 4 1 4 4 3 3
   1 3 0 2 4 0 1 2 4 4 1 0 0 4 1 4 2 1 0 2 3 0 0 4 1 1 4 1 0 2 3 2 3 4 4
   1 3 4 3 0 1 2 4 1 3 4]
  [0 0 2 3 0 1 2 3 4 4 0 4 0 0 3 3 0 3 3 1 3 0 1 3 3 1 0 1 0 2 3 1 0 3 2
   1 0 4 3 3 3 2 0 2 0 2 2 0 4 4 1 4 4 4 2 2 3 4 4 2 4 2 0 2 2 4 1 4 2 4
   2 4 4 4 1 2 3 3 0 0 0]
  [0 3 0 2 4 1 3 0 1 3 1 4 2 0 0 4 0 1 3 2 1 0 3 4 2 1 4 1 2 2 3 0 2 0 2
   4 3 2 3 0 2 3 1 3 2 1 1 2 4 2 4 2 4 3 2 3 1 1 3 1 0 4 1 0 2 0 1 0 3 3
   3 0 4 0 4 3 2 3 4 0 4]
  [0 0 3 0 4 0 2 4 3 1 3 4 1 1 3 3 3 1 1 0 3 0 0 3 0 4 1 2 4 1 0 3 0 2 0
   4 1 3 2 1 2 4 4 0 2 3 0 2 0 3 0 2 0 1 1 3 2 3 3 3 1 1 3 2 1 1 4 1 4 0
   3 0 1 2 0 2 2 3 4 3 4]
  [0 3 3 1 0 3 2 2 2 4 0 4 4 4 3 2 0 4 4 0 3 2 1 4 0 0 3 3 4 4 3 2 4 3 3
   4 0 4 2 1 4 1 3 3 1 0 3 0 2 0 4 0 1 2 1 3 4 2 4 0 2 3 0 3 2 3 3 1 3 2
   2 2 0 1 4 3 1 4 0 0 2]
  [0 4 4 3 0 0 4 0 1 1 3 1 1 1 4 0 1 2 2 2 0 2 2 0 4 2 1 1 1 3 1 4 2 1 2
   2 1 3 4 3 1 1 3 0 1 1 1 2 0 3 4 1 3 2 4 2 2 3 0 3 3 3 2 1 0 3 3 4 0 1
   3 0 2 3 1 1 0 4 0 0 4]
  [0 2 2 1 4 0 0 2 4 0 3 3 2 0 0 1 1 1 1 0 2 4 4 0 2 3 3 2 2 1 0 3 3 1 2
   1 1 2 3 4 1 3 4 3 1 4 1 1 4 3 1 4 2 0 0 0 4 2 2 2 4 4 3 4 3 4 1 4 2 1
   0 2 1 3 1 4 0 2 0 4 1]
  [0 0 1 3 1 0 0 0 3 3 4 3 0 3 3 0 2 4 1 3 2 3 3 1 2 4 0 4 4 0 4 2 2 3 2
   0 4 4 3 2 4 4 0 0 3 4 0 4 3 3 2 0 1 4 2 1 3 4 2 2 4 4 0 3 1 2 1 4 4 3
   0 2 3 4 1 3 2 3 1 4 0]
  [0 1 3 3 0 0 0 0 0 0 3 0 3 2 1 2 4 1 4 3 3 2 0 3 2 2 3 4 2 3 3 2 1 2 4
   3 3 4 1 1 4 3 3 1 1 1 3 4 0 4 3 3 0 2 4 1 1 4 1 3 3 2 2 3 2 3 1 2 3 3
   1 1 4 3 1 3 3 4 0 4 4]
  [0 4 4 2 4 2 2 4 1 0 3 0 0 4 4 3 1 3 0 4 3 2 3 2 0 1 3 3 1 3 3 0 2 1 4
   4 2 2 0 0 0 1 2 4 4 2 1 2 0 3 0 3 3 4 3 1 3 2 4 2 4 2 4 4 4 1 1 0 1 1
   4 4 4 2 1 3 3 0 0 3 1]
  [0 4 2 4 1 1 0 0 1 4 0 2 3 2 1 1 4 1 4 4 2 2 2 0 0 1 3 2 1 0 3 2 1 2 1
   2 2 3 0 0 4 3 1 2 3 4 4 2 3 2 4 0 1 2 2 4 3 2 0 1 3 3 3 2 1 4 1 0 1 3
   4 2 3 4 3 0 1 1 0 1 4]
  [0 1 2 3 1 4 4 1 4 2 2 0 0 4 4 0 1 0 0 1 1 3 3 4 3 2 0 3 0 1 3 3 4 0 2
   0 2 2 4 4 2 4 4 1 1 2 3 3 2 4 2 3 3 0 4 3 0 0 1 3 1 2 4 1 0 3 2 2 2 4
   0 0 4 1 1 4 2 1 0 4 1]
  [0 1 1 2 4 4 2 1 3 1 1 3 0 4 4 4 1 3 3 1 1 0 0 2 4 2 3 4 3 4 1 3 0 0 3
   3 4 2 2 3 2 4 0 3 0 2 1 2 1 0 2 0 0 2 0 0 4 1 2 0 3 2 2 3 4 1 3 3 2 4
   2 3 0 4 0 0 3 1 1 1 4]
  [0 1 1 1 0 1 3 2 4 2 0 4 3 0 4 0 2 1 4 4 4 1 2 3 2 1 1 1 4 1 4 1 0 1 1
   1 1 0 4 3 3 0 0 2 2 4 4 1 2 4 4 4 0 2 1 1 1 0 2 1 4 1 1 4 4 2 4 4 4 3
   3 0 2 3 2 3 2 0 3 3 0]
  [0 3 1 4 0 3 2 1 0 3 4 2 4 0 0 3 4 4 0 2 2 4 2 3 1 0 2 1 3 0 1 3 0 0 3
   0 1 2 4 1 2 3 1 3 4 3 3 2 3 4 0 4 2 0 1 1 0 2 1 2 4 4 2 0 1 0 3 0 1 4
   4 4 4 4 0 2 1 2 3 0 1]
  [0 1 4 1 1 2 2 0 3 0 0 1 0 1 0 0 4 1 0 1 4 3 0 3 2 1 3 2 2 1 3 2 2 4 1
   1 3 1 2 3 0 4 3 3 2 0 4 1 0 4 1 3 0 2 0 0 1 1 3 1 4 4 0 4 3 4 4 2 3 2
   2 1 1 0 4 0 0 1 4 2 0]
  [0 2 2 1 1 0 4 0 3 3 4 4 0 1 4 0 0 3 0 0 1 3 4 0 0 2 1 1 1 4 3 2 4 3 2
   0 3 4 2 1 4 1 2 3 0 4 4 3 4 3 3 1 4 0 1 2 3 4 0 2 2 2 1 0 2 4 2 3 4 0
   2 4 2 2 3 1 0 2 1 2 1]
  [0 0 1 3 0 2 0 0 1 1 0 0 3 1 1 1 0 0 2 3 1 4 3 4 4 4 4 2 3 2 0 4 3 4 1
   1 1 2 4 4 0 0 2 2 3 2 3 0 1 0 4 4 1 1 3 4 4 4 3 4 3 4 3 4 3 4 4 2 3 2
   1 4 4 2 3 1 4 0 1 4 1]
  [0 1 4 3 1 3 1 3 2 3 1 3 1 2 3 3 0 4 0 1 4 0 4 4 2 3 4 4 2 0 3 2 1 4 0
   0 0 1 0 4 2 3 3 3 3 3 1 2 2 2 2 0 3 3 4 1 2 1 3 3 1 3 4 0 3 2 0 0 3 0
   2 2 3 0 3 0 3 2 3 3 0]
  [0 4 1 3 3 1 2 0 2 2 0 3 3 2 0 0 0 1 1 0 1 1 2 1 1 2 2 2 3 4 0 1 0 2 2
   4 0 3 2 3 4 1 3 3 2 0 4 0 3 2 0 4 2 4 2 3 2 0 0 3 3 4 2 2 2 2 2 4 2 0
   0 1 1 4 3 4 0 4 0 0 2]
  [0 4 4 3 2 4 1 2 2 4 2 4 3 3 3 2 0 1 3 0 0 0 1 2 0 1 1 0 1 4 0 2 3 0 4
   4 4 0 2 1 3 1 4 0 2 3 3 0 1 0 2 2 3 1 1 0 4 1 1 0 4 0 1 4 0 0 0 0 3 2
   3 4 0 1 4 2 4 4 3 4 0]
  [0 2 3 2 3 1 3 1 2 2 0 0 4 1 2 1 3 0 4 4 1 0 2 4 3 2 0 3 1 1 1 0 1 0 2
   0 0 1 1 3 2 0 1 0 0 2 4 1 0 3 0 3 1 4 1 4 0 1 2 3 0 1 3 3 4 1 3 1 0 3
   3 3 3 2 3 4 3 3 1 1 3]
  [0 4 1 0 4 2 2 4 2 4 4 2 1 4 3 1 1 1 4 3 2 1 0 4 0 4 4 4 0 4 3 1 1 2 3
   4 0 3 1 4 2 2 0 4 0 4 1 3 0 0 4 4 3 2 3 4 0 2 3 3 2 1 3 3 4 0 0 1 3 2
   0 0 0 2 3 2 1 0 1 0 1]
  [0 4 3 2 0 4 0 4 1 1 4 1 1 3 3 3 3 3 4 3 1 4 1 0 4 0 3 3 3 2 0 0 3 4 1
   3 0 1 1 1 4 0 1 2 4 3 4 1 0 0 3 2 1 3 2 2 2 3 3 0 0 4 1 4 0 1 4 3 1 4
   4 4 2 0 4 3 0 3 1 1 1]
  [0 2 3 4 3 0 1 3 3 4 2 1 4 2 2 1 4 1 1 4 0 2 4 0 0 1 2 1 4 4 4 2 3 1 1
   0 2 1 3 3 2 0 1 3 4 3 3 0 0 4 2 4 0 3 4 2 4 0 1 1 4 3 1 3 3 3 1 4 2 0
   2 1 0 0 1 2 0 3 1 4 1]
  [0 4 1 0 0 1 2 2 2 1 4 2 1 1 4 1 1 1 1 4 1 4 3 1 2 0 0 0 0 0 2 0 4 3 0
   3 3 0 1 2 4 4 3 0 3 4 2 0 2 1 3 2 0 4 0 0 2 3 4 4 3 4 0 4 2 3 3 3 1 0
   4 2 4 2 4 3 1 1 1 1 0]
  [0 2 0 1 1 1 3 1 4 2 3 2 3 1 1 1 0 2 4 0 1 1 0 2 3 2 0 1 0 3 1 2 4 0 4
   0 2 2 3 3 2 3 1 2 2 1 4 3 3 4 2 4 3 3 0 2 3 4 4 0 4 3 3 3 0 4 2 4 1 3
   4 2 0 0 3 3 3 4 1 2 0]
  [0 4 3 3 4 2 2 3 3 3 1 4 4 4 3 2 1 0 1 3 3 0 4 0 1 2 0 0 3 2 4 2 0 1 0
   0 3 4 2 3 1 1 3 4 2 0 2 2 1 4 2 3 3 1 3 3 4 2 1 3 1 1 2 2 0 2 4 3 2 1
   2 0 0 1 2 2 1 3 0 1 0]
  [0 4 1 3 1 1 4 4 4 3 0 1 3 3 3 4 4 2 0 1 1 4 1 3 0 0 2 3 0 1 1 2 2 2 0
   0 1 1 4 2 0 1 3 0 3 1 2 0 3 4 0 0 2 3 0 0 4 1 0 2 2 1 3 1 3 4 3 4 4 4
   4 0 4 3 0 1 0 0 3 3 1]
  [0 2 2 2 4 3 2 4 3 4 0 1 0 0 4 4 1 3 1 1 4 0 4 4 0 1 3 0 1 0 4 3 3 0 2
   3 3 3 4 4 1 1 3 0 2 2 0 1 1 1 3 2 2 1 0 2 0 3 2 1 3 2 2 3 4 1 0 3 0 2
   3 4 1 1 4 4 2 1 0 1 4]
  [0 2 0 1 3 0 1 1 0 0 2 0 4 4 2 3 1 1 3 4 0 4 3 3 2 1 4 2 3 3 0 3 3 2 4
   2 0 2 3 3 2 4 0 0 4 0 2 3 4 0 0 2 2 2 3 0 0 3 3 1 3 2 1 1 3 2 0 2 2 4
   0 1 3 3 1 3 0 4 3 2 2]
  [0 4 0 1 4 4 3 4 4 3 0 1 2 2 2 3 1 2 1 0 3 1 3 1 4 0 0 1 1 0 1 0 2 4 0
   1 3 1 0 1 0 2 3 1 0 3 2 0 1 1 0 1 2 1 3 4 3 2 0 1 0 2 1 1 2 1 2 1 1 2
   4 1 2 1 4 1 1 0 1 3 0]
  [0 0 1 3 0 3 2 1 2 0 3 4 1 1 3 1 1 3 2 0 2 3 0 3 2 1 0 1 3 2 3 2 0 0 0
   0 3 3 3 1 0 3 0 2 4 3 0 2 3 4 4 3 1 3 4 3 0 4 3 0 1 4 3 2 0 2 0 0 2 0
   2 4 4 4 1 2 0 0 3 3 3]
  [0 0 3 4 2 3 4 3 1 3 0 4 0 1 1 4 1 3 1 4 4 4 4 2 3 3 1 3 2 1 4 1 2 0 2
   0 4 1 3 2 0 2 3 1 0 2 0 2 0 0 1 1 0 4 3 4 2 2 0 1 1 4 2 2 1 1 3 1 4 4
   4 2 3 4 0 0 3 1 1 3 3]
  [0 0 1 3 2 0 4 2 0 1 4 3 0 3 1 3 4 0 3 3 2 1 0 0 4 0 2 1 2 1 2 2 1 1 0
   3 1 1 0 4 0 0 1 4 2 0 4 4 1 2 4 0 3 3 4 2 1 0 3 2 1 4 2 0 3 3 0 3 3 0
   3 4 2 3 2 2 1 4 1 1 0]
  [0 2 1 3 4 0 2 4 2 3 4 1 4 1 3 0 4 3 3 1 4 1 1 0 3 0 2 3 0 1 1 3 3 1 2
   0 2 2 4 0 3 1 1 0 1 4 2 4 0 3 0 2 2 3 1 1 4 0 0 0 1 3 4 4 3 3 3 2 0 0
   4 1 4 4 4 4 0 3 1 0 1]
  [0 0 4 4 3 2 1 4 0 4 2 2 4 1 1 4 2 3 3 1 1 1 3 1 0 2 1 0 3 1 3 3 4 3 4
   2 0 0 4 3 3 4 4 0 1 4 3 2 0 1 0 1 2 0 3 3 2 3 3 2 3 4 3 3 3 2 0 0 4 3
   4 2 3 2 0 4 1 3 3 2 0]
  [0 3 4 1 1 2 4 0 2 0 3 0 0 0 0 4 4 3 0 3 0 2 3 3 3 3 0 0 1 0 4 1 0 1 2
   0 4 0 4 4 0 4 3 0 3 4 0 0 2 1 1 2 3 3 1 2 0 0 2 4 1 1 4 2 2 1 1 1 3 3
   2 2 2 4 1 4 3 3 0 4 3]
  [0 0 2 0 4 4 3 1 1 0 4 4 4 1 4 0 1 1 2 3 0 3 2 4 4 3 0 3 4 0 4 2 2 0 2
   2 2 3 0 2 4 0 4 4 2 1 1 4 1 1 4 2 0 3 1 1 4 1 0 3 2 1 4 0 1 2 3 1 4 0
   3 3 2 3 4 4 4 0 4 2 3]
  [0 3 3 1 0 0 2 1 4 0 2 4 3 1 3 2 1 1 0 0 1 3 4 3 2 2 2 3 4 1 3 2 1 3 2
   0 3 4 1 0 0 2 0 4 1 1 4 4 2 3 1 2 3 1 4 2 3 4 3 1 1 3 4 0 0 4 4 3 4 0
   0 3 2 3 4 3 4 4 4 2 1]
  [0 2 1 0 3 2 4 2 0 0 3 1 4 3 4 2 1 4 0 4 0 1 3 4 1 4 3 3 2 3 1 2 3 0 1
   4 2 0 2 1 0 4 0 2 2 0 2 1 0 0 4 1 0 4 0 3 3 3 4 1 0 2 2 3 0 0 3 3 0 4
   2 2 0 4 4 3 4 0 3 4 3]
  [0 3 4 0 2 1 2 1 3 1 3 4 4 4 3 2 2 1 3 0 3 3 0 3 0 0 2 0 3 1 4 0 3 4 0
   3 0 1 0 0 2 0 2 1 4 3 0 0 4 4 0 3 3 3 0 0 1 0 4 0 3 1 1 1 4 1 2 1 1 1
   3 3 1 1 3 3 0 2 4 3 2]
  [0 1 1 2 4 2 0 1 1 3 4 0 1 3 4 2 1 3 1 3 0 0 0 3 0 3 0 3 0 3 2 3 3 2 3
   3 4 4 3 4 4 4 0 3 1 2 3 1 1 4 1 4 1 3 1 1 0 4 3 0 1 2 4 4 0 0 1 1 3 4
   4 3 1 0 4 4 1 0 2 3 2]
  [0 2 2 1 2 4 4 1 4 1 4 1 1 1 4 2 0 1 0 1 0 1 3 0 2 4 3 3 0 0 2 3 0 0 0
   2 1 2 3 0 4 0 0 0 4 3 3 2 4 0 2 0 3 2 1 4 2 0 4 1 2 2 2 3 0 3 2 3 2 2
   0 2 1 2 3 2 4 0 2 4 2]
  [0 1 1 2 0 0 1 4 1 2 3 3 3 2 1 0 4 1 0 1 4 1 4 3 3 1 3 1 4 1 2 2 3 1 3
   4 2 3 4 4 4 4 1 4 0 3 0 3 4 2 4 1 0 3 2 4 4 3 3 3 2 1 4 3 2 3 3 2 0 0
   0 4 4 3 2 4 1 1 1 4 4]
  [0 1 2 3 2 2 3 4 1 1 4 0 3 1 0 2 3 4 3 3 2 3 2 4 3 4 3 1 3 1 4 2 3 3 2
   1 4 1 2 0 0 3 2 2 3 0 2 1 0 0 3 2 0 2 2 1 2 2 4 4 3 2 1 2 2 4 1 1 1 1
   1 1 4 1 1 3 2 1 4 0 0]
  [0 1 1 0 4 4 0 2 1 1 0 3 2 3 1 1 0 1 4 1 2 1 4 1 2 1 2 2 2 0 4 0 3 1 4
   1 3 1 3 1 1 2 4 4 1 0 0 0 2 4 1 0 4 3 2 3 4 4 4 3 2 4 3 0 1 3 4 4 4 4
   4 3 3 2 2 2 0 4 0 3 1]
  [0 2 3 2 2 1 4 1 4 0 1 2 2 4 0 1 4 3 2 1 4 4 1 0 2 4 1 2 4 0 3 3 3 3 1
   3 0 0 4 2 0 1 4 3 4 3 0 0 2 3 1 4 3 2 3 0 3 0 3 3 1 2 4 2 0 0 0 0 3 1
   3 0 4 3 4 1 1 0 2 1 4]
  [0 2 4 1 1 0 2 4 4 1 0 0 2 2 2 4 0 4 4 2 3 3 0 0 1 4 3 2 2 2 2 2 1 1 4
   2 4 0 3 2 3 0 0 1 1 3 2 1 0 1 4 4 4 2 4 3 4 1 1 0 4 1 3 4 0 2 4 0 4 1
   0 4 2 0 3 4 2 2 1 2 0]
  [0 2 4 0 3 2 0 1 2 0 3 0 2 0 4 2 4 3 0 3 4 1 3 0 0 1 3 2 4 2 2 4 4 2 3
   4 3 4 2 1 1 1 0 1 1 1 1 1 0 0 1 0 3 1 3 4 3 2 0 2 2 1 1 4 3 2 2 2 4 1
   1 0 4 1 3 3 4 2 2 1 2]
  [0 3 2 2 4 0 2 0 4 2 2 1 0 1 4 0 0 3 2 1 3 1 0 1 4 3 0 1 0 2 1 2 4 0 0
   4 1 0 0 4 3 3 3 3 2 3 2 1 3 4 0 0 3 4 1 4 0 2 3 2 2 0 1 1 0 4 1 0 2 1
   3 3 4 3 3 2 3 1 2 1 1]
  [0 3 1 1 0 2 4 0 3 4 4 3 3 0 2 2 0 2 3 4 2 0 4 2 0 2 1 1 1 2 3 3 1 2 1
   4 4 0 1 0 4 0 2 2 0 3 1 4 0 3 3 0 3 0 0 3 2 1 1 4 4 0 0 4 2 2 2 4 1 4
   0 3 0 0 2 2 2 0 0 0 4]
  [0 0 0 0 4 3 2 2 4 4 1 0 0 0 0 4 4 4 1 4 0 4 4 1 2 4 2 4 3 4 3 0 4 2 3
   0 3 1 3 0 4 4 4 0 4 3 0 1 0 3 0 1 0 4 4 4 2 1 0 4 0 3 0 3 4 4 2 1 0 2
   3 3 2 3 0 1 0 4 0 1 3]
  [0 1 0 0 0 1 2 1 3 2 0 0 1 2 2 4 3 3 2 1 1 3 1 3 0 3 4 0 0 0 1 1 0 1 2
   0 1 1 1 2 4 3 3 1 4 2 1 3 4 1 2 1 4 0 2 3 3 4 1 3 2 3 2 1 0 1 4 1 4 1
   3 4 3 0 0 3 1 3 3 2 1]
  [0 0 3 3 2 4 2 0 2 2 3 4 2 0 1 4 0 1 2 0 2 4 2 1 4 0 0 1 3 1 3 0 2 1 3
   2 2 1 3 2 2 1 1 0 4 2 0 3 3 2 3 3 0 2 0 2 3 1 0 1 1 4 3 1 2 4 3 2 3 3
   0 3 0 3 2 3 3 0 1 2 1]
  [0 3 0 0 2 2 2 0 0 1 0 1 3 0 2 3 4 3 1 1 0 1 1 3 0 1 2 1 4 1 2 2 0 0 2
   3 4 3 0 3 4 4 1 1 2 0 2 3 4 2 0 4 4 2 0 0 1 1 0 1 3 0 4 3 0 4 3 4 0 0
   1 2 2 1 4 0 1 3 3 0 2]
  [0 2 1 2 1 2 2 0 0 0 4 0 0 3 0 2 0 0 2 1 3 4 3 4 1 0 4 1 2 0 1 1 3 4 2
   0 2 2 0 1 4 3 0 1 2 3 1 0 4 2 4 1 3 2 4 3 0 0 0 4 2 1 1 0 3 3 1 2 2 0
   2 1 0 3 3 3 0 3 2 4 3]
  [0 1 3 0 1 3 3 3 4 4 4 3 4 2 3 2 2 4 3 2 0 4 4 0 4 3 3 4 0 2 2 2 4 1 3
   0 4 3 0 1 4 4 4 1 4 1 4 4 0 0 3 1 3 2 2 0 0 0 0 1 0 4 2 4 2 3 2 3 0 3
   1 2 3 1 1 2 4 1 3 4 1]
  [0 3 4 3 1 0 4 1 0 0 4 4 1 1 3 2 3 0 0 1 1 3 2 4 2 3 4 3 0 0 4 1 3 0 1
   4 2 2 3 0 4 4 3 2 1 4 4 3 2 0 1 1 3 3 1 4 3 2 0 0 1 1 0 0 2 2 2 0 0 4
   1 2 2 4 3 3 2 0 4 4 2]
  [0 4 0 3 1 4 3 1 3 1 0 1 2 1 1 3 4 2 3 4 1 0 4 1 3 2 3 1 4 0 3 1 3 4 3
   4 4 4 2 4 0 4 2 1 2 2 2 1 1 1 4 2 2 4 4 4 2 1 4 0 3 1 2 3 0 2 4 2 3 0
   0 0 2 0 0 4 0 3 2 4 4]
  [0 0 4 3 3 2 2 1 0 0 3 0 3 2 1 1 4 4 2 3 4 1 4 0 4 0 3 4 0 1 2 4 1 3 1
   0 1 0 0 2 4 1 4 2 1 3 2 0 3 4 4 2 1 3 2 1 4 0 4 2 0 4 3 2 2 3 2 3 2 3
   3 0 4 4 0 4 4 0 2 3 2]
  [0 2 1 0 3 1 4 4 3 4 1 2 0 2 1 3 1 1 3 0 1 2 1 2 2 1 2 1 4 0 0 0 2 2 3
   4 3 4 3 3 4 1 1 3 2 4 4 4 1 2 1 1 0 1 3 2 2 4 1 0 4 0 1 0 3 1 0 1 4 3
   4 4 0 3 0 1 4 1 4 0 2]
  [0 0 2 1 0 1 3 0 2 4 2 4 4 1 0 1 4 3 0 0 2 4 4 3 4 1 1 2 3 2 3 3 4 2 0
   0 4 0 0 0 1 4 1 4 4 0 1 2 4 4 2 0 0 3 1 2 3 1 4 0 2 0 0 4 0 1 3 2 4 3
   4 1 4 0 2 3 4 4 4 2 3]
  [0 0 4 0 4 1 3 0 1 4 0 1 2 4 3 4 1 0 2 3 4 2 1 3 2 3 1 0 0 0 0 2 2 0 0
   1 1 3 1 4 0 1 4 2 1 1 4 3 2 2 4 4 0 2 3 0 3 3 0 4 1 4 2 0 2 4 1 3 0 3
   3 0 0 4 3 1 4 1 1 1 3]
  [0 4 0 4 0 3 2 2 3 1 1 0 2 2 1 0 3 4 0 3 3 4 3 2 1 1 0 3 3 0 0 1 4 2 1
   0 0 1 1 1 1 3 1 1 0 4 0 4 2 3 4 4 2 3 1 4 0 3 2 1 3 1 4 3 0 4 3 3 4 4
   0 0 0 0 4 0 0 1 2 4 4]
  [0 0 3 1 0 1 3 2 1 3 2 3 1 2 4 1 3 2 0 1 1 2 2 4 1 2 1 2 4 4 1 3 4 4 0
   0 2 0 1 1 1 0 2 2 2 2 0 1 4 0 2 4 0 1 4 4 4 0 4 3 3 3 4 2 0 0 1 1 2 2
   3 4 2 0 2 0 2 4 3 1 2]
  [0 4 1 3 3 2 1 2 1 1 4 3 0 4 1 1 3 2 4 3 0 1 2 4 4 4 3 0 0 3 2 0 3 3 1
   3 0 1 0 1 0 3 3 4 4 0 3 0 0 3 1 0 1 2 0 4 3 3 3 3 4 0 4 4 4 3 0 2 3 4
   2 0 0 3 0 1 3 1 0 1 0]
  [0 0 3 3 2 2 4 1 1 1 2 0 1 2 2 4 1 3 4 3 4 3 4 1 4 3 2 1 0 4 3 0 0 2 2
   3 0 0 2 2 4 2 1 2 0 1 4 4 0 1 1 3 4 0 4 0 3 3 2 2 1 4 0 4 1 4 0 0 1 0
   3 2 2 1 4 2 0 2 4 0 4]
  [0 1 3 1 0 2 2 0 1 4 3 2 4 4 2 3 2 0 0 1 2 2 0 2 1 3 3 3 4 2 0 4 4 0 4
   3 1 3 1 1 4 3 0 1 4 1 0 1 1 1 2 2 3 4 4 4 4 0 0 3 2 3 0 2 1 1 4 4 0 4
   2 3 0 4 4 4 0 4 0 2 3]
  [0 1 2 1 4 4 1 0 2 1 2 0 3 3 1 2 2 3 3 0 0 1 2 4 3 1 3 3 3 4 4 3 4 0 4
   0 4 4 0 1 0 0 2 1 2 4 3 1 1 1 2 2 0 2 1 0 3 4 1 4 2 3 3 4 1 2 4 1 1 0
   0 2 1 2 1 0 0 4 3 2 1]
  [0 1 4 0 2 0 4 1 1 4 4 2 4 2 2 1 1 2 2 4 3 4 1 4 3 2 2 0 4 0 2 2 1 3 2
   4 0 0 2 1 3 3 2 2 0 1 3 0 2 2 1 1 2 2 1 1 2 3 0 3 1 2 2 1 2 2 1 3 2 4
   0 3 2 4 3 1 2 4 2 2 2]
  [0 3 2 4 2 1 4 2 3 4 3 1 2 3 2 0 2 2 0 0 0 1 2 4 1 2 2 1 1 4 4 4 1 2 0
   0 1 3 2 1 0 1 0 3 2 1 1 3 3 1 2 4 0 0 2 1 1 1 1 0 3 2 4 0 0 0 4 3 0 4
   3 0 0 4 3 4 1 2 4 4 4]
  [0 1 3 4 0 0 1 3 3 1 2 0 4 0 2 3 4 3 2 2 1 3 3 3 2 0 4 0 0 2 2 3 2 0 2
   0 4 1 3 2 3 1 4 2 1 0 4 2 2 4 0 0 1 4 0 2 0 1 1 4 0 1 2 3 0 1 3 2 2 1
   2 2 0 1 3 1 3 4 1 0 1]
  [0 0 2 3 3 3 2 3 0 3 4 2 2 1 4 1 1 1 0 4 0 0 0 2 2 2 3 3 1 2 1 1 4 1 4
   0 3 3 4 3 4 3 3 1 0 0 4 2 1 0 2 2 4 3 3 2 1 4 3 3 0 0 4 4 2 1 3 4 1 1
   0 4 2 0 4 3 1 4 4 1 1]
  [0 3 1 1 3 1 4 2 0 1 0 1 1 4 1 4 2 3 0 0 3 1 3 1 4 4 4 1 0 1 3 1 0 4 1
   2 1 3 1 3 1 2 1 3 4 0 4 1 3 2 3 2 2 3 2 1 4 1 0 2 3 2 4 1 3 2 1 2 3 0
   3 1 3 1 0 1 1 0 4 1 0]
  [0 3 3 2 0 4 2 2 4 2 0 1 4 2 1 3 2 0 0 2 4 1 3 4 2 1 1 4 0 1 4 3 0 1 3
   3 3 0 4 0 2 1 4 0 4 3 3 3 2 4 3 0 1 4 4 1 4 3 3 3 1 2 3 0 2 4 0 1 0 0
   3 3 0 2 0 0 4 2 2 3 2]
  [0 1 0 4 0 2 3 0 2 2 4 4 3 0 2 2 0 1 2 4 1 2 0 2 3 4 1 3 3 0 2 3 4 4 2
   3 4 1 2 0 4 4 0 0 3 3 0 4 3 0 4 4 1 1 1 1 2 1 1 1 3 2 2 1 0 4 0 1 4 1
   1 3 4 0 4 3 0 4 2 0 2]
  [0 1 4 2 1 2 1 3 3 2 4 2 3 0 2 2 0 0 4 0 1 3 2 0 4 1 0 3 3 3 4 4 3 3 2
   3 1 0 1 3 3 4 2 3 3 4 0 2 1 0 4 4 2 3 1 4 4 4 0 2 4 1 3 2 2 4 4 0 2 3
   4 2 1 0 4 0 0 0 1 1 2]
  [0 1 1 2 1 3 2 1 4 0 2 2 0 0 0 3 4 2 1 3 1 2 2 4 0 1 1 4 2 3 0 1 3 0 2
   0 0 3 3 1 4 1 4 2 1 1 0 2 3 1 2 4 1 4 1 1 4 4 2 4 4 4 1 3 1 3 1 1 0 0
   2 3 2 3 4 3 4 3 0 4 0]
  [0 1 2 4 4 4 2 3 2 2 3 2 0 4 3 0 3 1 0 4 2 1 4 1 2 4 2 3 2 0 1 3 0 3 3
   4 4 0 3 1 4 3 4 1 1 3 4 1 0 0 2 1 2 1 4 0 4 1 2 3 0 0 3 0 0 2 1 1 1 1
   0 4 3 0 4 2 1 3 3 0 2]
  [0 4 1 3 0 1 2 0 1 2 2 1 0 3 0 3 1 4 0 3 0 4 3 3 4 4 3 2 3 3 2 2 4 3 1
   4 4 2 4 0 4 4 4 1 4 0 4 2 0 3 3 1 3 4 2 0 3 3 2 2 1 2 0 1 1 3 4 3 3 2
   2 0 2 4 0 1 4 1 1 2 0]]

 [[0 1 4 3 4 4 3 4 2 2 3 2 2 4 4 1 4 1 4 0 0 0 4 1 4 2 0 0 3 2 0 1 1 0 1
   0 3 0 1 4 0 1 1 0 4 4 4 0 1 4 3 2 3 4 1 2 3 1 3 2 1 0 1 1 0 2 4 0 3 0
   1 1 0 1 1 2 0 2 4 1 3]
  [0 0 0 0 4 2 3 3 0 1 0 0 3 3 4 4 4 3 3 3 2 2 2 3 0 0 1 4 2 2 4 2 3 0 2
   0 4 4 0 1 3 3 4 2 0 4 0 3 0 0 1 4 1 4 1 3 2 3 4 1 0 4 4 3 0 2 0 0 1 0
   2 2 2 1 3 0 3 0 3 4 3]
  [0 0 0 0 3 4 4 2 0 4 3 3 1 3 3 1 4 3 2 1 3 0 1 4 0 1 3 1 0 2 0 3 4 0 1
   2 4 0 3 4 2 0 2 0 4 4 1 4 2 4 1 3 0 2 1 4 0 2 4 3 2 1 0 3 4 2 0 4 2 3
   0 4 2 3 1 1 4 4 2 2 1]
  [0 3 1 0 4 1 1 3 3 0 2 4 2 3 3 3 0 1 3 0 4 0 3 2 3 2 3 0 2 0 1 4 2 1 0
   4 2 4 1 3 2 1 3 2 3 3 0 3 3 0 4 1 0 1 1 4 4 4 0 3 3 2 4 1 0 1 1 0 2 3
   0 3 1 1 1 3 0 2 2 1 1]
  [0 3 1 1 0 2 0 2 4 1 1 4 1 4 0 4 4 1 0 2 1 3 0 3 0 2 4 1 4 3 3 1 1 4 4
   0 2 0 1 4 2 4 1 2 2 0 3 2 3 0 0 0 4 4 1 3 2 2 4 1 1 4 4 3 3 3 1 4 1 1
   3 1 1 2 0 4 4 2 4 2 3]
  [0 1 3 4 4 0 0 0 4 1 1 3 0 0 1 1 0 3 2 4 3 4 2 3 4 1 4 0 1 3 3 4 1 3 1
   2 2 3 4 4 2 3 2 2 3 2 0 1 0 1 2 1 3 3 1 2 2 3 3 2 4 0 4 0 4 1 4 3 3 4
   2 4 2 3 2 1 3 3 1 3 1]
  [0 3 1 0 3 2 0 0 0 3 1 3 3 2 1 0 3 1 4 4 2 1 0 3 2 1 1 1 0 0 0 4 4 3 4
   4 0 0 3 0 2 0 4 3 0 3 0 3 0 1 1 4 1 0 3 4 3 2 3 3 4 4 3 0 0 1 3 3 1 3
   1 0 2 1 1 0 4 1 3 3 4]
  [0 0 1 0 4 0 0 0 0 2 0 2 0 3 1 4 2 4 1 2 2 4 0 3 3 4 0 3 3 2 4 0 1 0 2
   4 4 0 3 3 0 3 0 2 3 4 2 4 2 0 1 3 2 0 0 2 4 1 3 0 3 3 0 2 2 3 4 3 2 0
   2 0 3 4 4 2 4 2 2 0 3]
  [0 1 0 4 3 3 1 3 0 1 1 3 4 2 2 4 0 1 2 2 0 3 3 4 3 4 0 2 1 3 0 3 1 3 4
   4 1 2 3 0 2 1 2 2 0 4 3 1 0 2 3 4 0 1 1 0 3 2 0 3 3 2 0 3 1 3 3 1 4 3
   1 2 0 3 1 1 3 1 1 0 0]
  [0 3 2 4 4 4 4 0 1 0 1 0 0 4 2 4 0 3 3 0 2 3 2 2 1 1 0 1 4 4 0 1 4 3 2
   0 3 1 2 1 3 1 4 1 0 0 2 2 3 3 2 3 0 1 0 0 2 1 4 2 1 1 4 1 0 1 2 2 1 3
   3 0 4 4 2 4 4 3 4 4 3]
  [0 0 3 4 0 4 1 4 4 1 0 2 3 2 4 1 3 2 1 0 0 4 0 2 2 2 3 1 4 1 2 4 2 0 0
   4 4 0 4 1 1 4 4 0 4 3 2 1 3 4 1 4 3 1 1 1 0 2 2 1 3 3 0 3 0 1 3 4 1 1
   1 4 4 3 3 3 4 3 4 3 2]
  [0 1 4 2 1 1 4 1 1 1 2 0 4 1 2 2 2 1 2 3 0 1 1 2 3 3 2 4 4 4 2 3 4 2 0
   0 2 3 1 2 0 2 2 2 0 4 0 0 4 1 0 0 2 0 1 3 1 2 2 4 1 2 4 3 0 2 0 2 4 3
   0 2 2 3 1 2 0 1 3 0 1]
  [0 4 0 4 0 0 2 1 0 1 1 2 0 1 3 0 4 2 1 0 4 3 3 1 4 4 2 3 2 0 1 1 2 1 4
   4 1 0 2 3 3 1 1 3 2 0 4 2 3 1 0 2 3 4 4 3 2 4 4 3 3 1 4 4 3 2 3 1 4 2
   1 4 3 2 2 3 0 2 1 1 0]
  [0 0 1 3 3 3 1 2 1 0 3 0 1 0 0 3 0 2 1 1 2 1 1 4 4 2 3 2 3 0 2 4 3 4 1
   4 4 0 4 4 3 2 4 4 3 0 2 3 3 2 0 2 2 2 4 4 2 1 2 1 0 1 3 1 2 4 0 0 0 2
   4 1 4 3 3 1 4 0 3 3 1]
  [0 2 3 4 0 0 0 3 1 4 0 2 1 0 0 1 1 0 4 4 1 2 0 0 1 2 1 1 4 0 2 3 4 1 2
   0 0 3 4 0 0 1 2 2 4 0 2 1 3 4 2 3 0 1 3 3 2 3 4 2 4 4 1 4 4 0 1 1 0 0
   1 4 1 2 2 2 3 4 2 1 4]
  [0 3 0 4 1 0 1 4 3 3 0 0 1 2 0 0 3 3 3 2 2 4 1 2 0 2 2 4 2 3 4 0 4 3 4
   0 1 2 2 1 4 0 2 2 4 1 0 4 2 0 0 2 2 0 2 0 1 2 1 1 2 1 1 3 0 2 0 0 1 0
   0 0 3 2 0 4 1 2 1 0 0]
  [0 2 0 0 2 3 0 3 3 1 4 0 2 4 3 2 0 2 1 4 0 1 2 1 0 2 2 3 3 4 3 3 0 1 1
   3 4 0 1 2 3 4 4 4 1 3 1 3 1 0 4 1 2 4 3 3 1 2 1 4 1 3 3 0 0 3 1 2 0 4
   0 3 4 2 2 3 3 4 3 2 0]
  [0 1 1 4 3 0 1 4 0 0 2 1 3 4 4 4 2 0 3 4 1 4 4 1 3 1 0 1 2 0 0 1 1 1 0
   3 4 1 3 1 2 1 0 0 2 4 2 3 3 0 1 3 2 3 4 4 4 0 0 2 2 2 1 2 0 0 2 4 4 3
   1 2 0 2 1 0 3 0 2 0 2]
  [0 0 4 4 4 0 4 1 2 4 0 3 0 4 2 3 1 2 0 0 1 0 2 4 4 2 3 4 1 1 4 4 2 0 0
   1 4 4 3 0 2 1 3 0 3 2 2 1 3 2 1 4 2 1 3 2 4 0 4 3 0 4 1 4 1 4 0 0 2 0
   0 3 4 3 3 2 1 1 3 0 1]
  [0 1 4 0 2 0 2 1 3 1 3 4 2 3 4 0 2 0 4 0 4 1 2 1 3 3 4 0 0 2 3 3 3 2 3
   0 1 3 4 2 2 0 3 4 3 2 3 2 0 0 2 2 3 2 4 3 0 2 3 1 2 3 4 2 1 1 0 4 4 4
   2 3 0 3 0 2 0 1 2 0 3]
  [0 0 3 4 1 1 4 3 3 0 3 1 1 1 4 2 3 3 2 1 0 4 2 1 3 4 2 2 2 1 4 0 0 1 1
   4 2 2 3 2 0 1 2 0 1 0 0 1 4 2 1 3 0 2 3 4 2 2 2 4 1 3 3 3 4 0 0 3 4 4
   0 1 3 2 0 0 4 1 1 1 0]
  [0 0 4 2 1 0 1 4 4 2 4 1 3 1 4 1 1 0 0 3 1 0 4 0 2 2 4 4 1 4 4 4 4 0 4
   1 1 0 2 1 2 2 1 0 0 3 4 1 3 3 0 3 1 2 0 1 1 1 0 0 2 0 3 2 2 2 0 0 1 3
   0 2 0 2 1 0 0 0 4 4 4]
  [0 0 2 1 0 1 3 1 2 3 0 1 1 1 3 4 2 1 4 1 4 1 0 0 1 1 3 3 2 4 1 2 1 1 0
   4 2 3 2 0 0 1 1 2 3 0 1 3 1 2 3 2 3 0 2 3 1 0 3 4 2 2 2 1 0 3 2 1 1 0
   3 2 2 0 1 1 2 1 3 2 0]
  [0 3 1 2 3 2 1 3 4 4 3 1 1 0 0 1 4 1 2 2 2 4 1 0 1 2 4 0 3 2 3 2 4 0 2
   3 4 0 0 1 3 3 4 2 2 1 0 0 4 3 3 2 1 0 3 3 2 0 3 4 1 1 3 3 0 1 0 0 1 2
   3 0 0 1 2 1 4 2 2 3 0]
  [0 1 0 4 3 2 0 2 0 2 1 4 1 3 1 1 0 0 1 1 4 0 0 1 0 4 4 4 0 1 2 3 3 0 3
   2 3 2 3 2 3 2 2 3 2 0 2 3 1 3 1 4 4 4 0 1 4 3 4 4 0 4 3 1 2 0 4 3 1 0
   0 0 4 2 1 1 3 4 1 2 2]
  [0 2 1 2 3 0 3 1 3 2 1 0 0 0 3 2 1 4 3 1 2 4 0 2 3 0 2 1 1 1 3 1 2 2 4
   1 1 3 0 3 3 4 3 4 3 0 2 3 1 1 2 4 1 2 2 2 2 2 4 4 3 1 1 1 0 4 0 3 1 3
   1 1 1 3 0 3 3 1 1 4 2]
  [0 2 4 1 1 1 1 4 2 2 1 1 1 1 0 2 2 3 1 3 3 3 2 3 1 3 0 2 2 0 4 3 2 1 0
   1 2 1 1 4 1 0 0 2 0 4 2 1 3 4 3 1 3 4 3 3 3 4 1 2 0 0 3 0 3 0 3 4 4 3
   0 4 4 3 2 3 0 4 0 1 2]
  [0 4 3 1 3 1 4 2 0 4 1 0 4 4 4 1 3 2 4 0 0 1 3 2 1 4 0 0 3 3 3 1 1 2 2
   1 3 0 1 0 0 2 2 4 0 2 0 4 3 3 3 4 0 1 1 1 3 1 2 3 1 2 3 4 2 0 0 3 2 0
   1 4 1 3 3 4 0 4 0 0 0]
  [0 4 0 2 2 1 2 1 3 3 2 1 2 0 0 2 0 0 3 4 0 0 4 4 3 4 2 4 0 4 4 3 4 4 4
   3 2 2 3 1 1 3 4 4 4 3 3 1 4 1 4 0 3 4 3 2 0 2 0 0 1 4 2 1 3 0 3 2 1 4
   4 4 3 3 0 3 1 4 1 0 0]
  [0 4 2 3 2 3 1 2 3 0 1 3 2 1 3 4 1 1 2 3 0 2 4 3 3 4 4 4 4 0 4 0 2 1 3
   1 1 1 2 4 3 2 3 0 3 1 4 1 2 3 0 1 3 3 4 2 0 0 4 3 0 1 1 4 4 1 0 4 0 2
   1 0 0 4 3 2 4 0 2 2 0]
  [0 3 2 3 1 2 2 4 4 0 4 2 0 3 2 3 1 0 4 1 3 0 2 2 1 1 1 4 0 4 0 0 3 4 3
   4 2 4 0 4 3 2 3 2 4 4 1 0 4 4 1 4 3 1 2 1 4 1 1 2 2 4 1 2 2 3 3 1 0 0
   4 2 4 2 2 0 4 0 0 4 1]
  [0 4 3 1 3 1 3 1 2 3 0 2 3 0 3 3 2 1 2 4 2 4 1 3 0 4 3 1 1 0 0 0 0 4 2
   0 1 1 1 2 3 4 1 0 1 4 3 4 0 3 0 1 0 1 0 4 4 1 2 4 0 0 0 0 2 0 2 4 0 2
   4 1 3 4 0 1 3 2 1 1 0]
  [0 4 1 2 1 2 3 4 1 4 4 2 3 2 2 4 3 0 3 4 3 3 1 0 3 2 3 1 1 2 0 2 0 3 0
   0 1 3 4 2 3 2 2 4 4 1 2 4 4 4 4 3 2 1 4 1 0 3 1 0 0 2 1 0 0 2 1 2 4 3
   3 0 3 2 1 2 1 3 0 3 4]
  [0 3 4 0 4 4 3 4 1 2 3 1 0 0 4 2 3 2 2 4 0 0 1 4 3 0 3 1 1 2 1 0 4 0 0
   4 4 4 2 2 4 3 4 4 1 4 0 1 4 1 0 0 1 2 3 4 0 4 3 0 3 1 0 2 3 2 3 2 4 3
   0 4 0 2 4 1 4 1 1 3 0]
  [0 4 4 2 4 4 1 1 0 4 3 3 4 0 1 4 0 1 3 2 3 2 4 2 4 4 4 0 4 3 4 2 3 4 0
   0 2 0 3 0 1 1 0 2 2 3 3 1 0 0 0 3 0 4 1 0 3 0 4 2 3 2 2 3 3 1 3 4 1 3
   2 3 2 3 0 4 4 4 4 1 1]
  [0 2 3 4 4 3 1 4 4 2 4 4 0 0 3 4 3 3 4 3 1 0 2 4 4 2 4 3 3 0 2 0 1 2 4
   0 0 3 0 0 1 1 3 0 0 4 3 4 0 0 3 3 3 0 4 4 3 3 0 4 2 3 2 3 4 4 1 3 0 3
   3 3 0 2 3 1 1 4 3 4 2]
  [0 3 0 1 2 1 4 3 4 0 3 3 0 3 0 2 1 3 2 1 1 3 3 4 1 1 4 3 4 4 1 2 3 0 3
   1 0 0 4 4 1 0 0 2 3 3 1 1 4 4 2 2 3 1 1 4 4 2 3 1 1 0 1 4 4 3 2 1 2 3
   2 3 3 4 1 3 2 2 3 1 1]
  [0 3 1 0 1 1 4 0 4 0 2 4 2 4 1 0 0 1 1 1 1 0 0 4 2 0 2 2 0 2 1 3 0 3 0
   2 4 0 1 2 1 3 0 3 0 3 3 3 1 3 2 0 0 3 1 4 1 1 0 3 4 2 4 0 0 2 1 2 1 4
   1 0 3 4 0 0 0 0 4 4 0]
  [0 2 1 3 0 2 1 1 4 4 3 4 1 1 0 0 4 0 4 4 2 1 2 2 2 0 4 1 0 3 2 0 0 4 1
   2 1 0 0 1 1 0 2 3 1 0 1 0 1 0 4 1 4 3 2 0 0 1 2 1 4 2 1 1 1 0 0 0 2 2
   3 0 1 2 3 3 1 3 0 3 1]
  [0 4 0 4 3 0 0 4 4 3 0 2 3 0 2 4 0 0 3 0 4 0 0 1 2 2 1 4 0 0 0 3 2 2 2
   1 3 2 0 0 4 4 0 4 4 4 0 0 1 0 3 0 2 0 1 3 2 4 1 3 1 1 4 0 4 4 3 2 2 3
   3 0 1 1 1 4 0 2 1 0 3]
  [0 4 1 4 3 1 1 1 4 3 1 3 0 3 3 0 2 0 4 3 0 0 0 0 4 4 0 2 0 0 3 3 1 3 2
   4 4 1 0 3 0 1 0 3 2 1 3 1 1 4 1 0 1 0 3 2 3 2 1 4 0 3 1 0 2 2 4 3 2 0
   1 3 4 0 3 3 2 4 4 0 4]
  [0 3 3 0 4 3 0 3 3 0 0 1 0 4 0 4 3 1 3 3 4 0 0 4 1 1 1 3 4 2 3 0 4 0 4
   4 4 1 1 1 1 0 1 3 1 1 3 4 3 4 3 0 4 3 3 1 4 3 0 4 0 1 4 2 2 2 2 4 4 0
   3 0 4 2 1 4 2 2 1 0 3]
  [0 2 2 3 0 0 2 0 1 0 4 2 4 4 1 4 2 3 4 4 4 1 4 3 1 4 2 2 2 3 3 4 1 4 1
   2 3 2 4 3 3 3 0 0 2 0 3 0 2 4 2 4 1 3 3 3 1 4 1 2 4 1 1 3 3 3 1 4 2 4
   2 2 3 1 1 0 4 2 2 3 4]
  [0 2 4 3 0 4 3 0 1 1 2 4 2 2 1 0 4 1 2 0 3 4 3 1 3 4 2 2 1 4 1 4 1 2 4
   1 1 2 2 2 2 4 1 0 2 2 1 3 4 0 1 4 1 0 3 3 0 2 4 3 4 2 1 2 0 0 1 3 0 1
   1 2 0 3 4 4 3 1 0 0 3]
  [0 3 2 1 4 4 0 1 1 3 2 2 4 3 4 0 4 4 0 3 1 3 0 4 3 2 3 3 1 0 4 2 1 0 0
   1 4 0 3 3 0 1 1 3 0 2 0 2 4 1 0 1 0 0 0 2 0 0 3 3 2 4 3 4 2 3 0 0 0 4
   4 0 2 1 0 2 0 3 1 2 4]
  [0 2 4 1 3 3 3 2 4 2 3 1 0 2 0 2 3 2 1 4 0 3 2 1 3 2 3 4 2 1 1 4 0 0 4
   1 1 0 1 0 3 1 3 1 4 0 4 2 0 0 0 1 4 2 0 3 4 4 3 0 0 4 3 2 0 3 1 1 1 1
   3 0 0 3 2 1 3 3 0 0 0]
  [0 3 0 0 4 2 2 3 4 1 0 0 0 2 1 0 2 0 2 3 4 2 0 4 0 2 1 0 3 0 3 0 2 4 2
   3 4 2 0 2 4 4 1 2 4 2 0 4 0 1 0 3 1 4 2 1 3 3 2 3 1 2 3 0 2 2 4 1 0 0
   1 0 0 2 1 2 0 3 3 4 1]
  [0 4 1 0 0 0 1 2 3 3 0 0 4 4 1 1 2 3 4 2 3 1 0 2 0 2 0 0 1 1 1 0 1 0 4
   0 0 3 4 3 4 1 4 4 4 1 0 0 3 1 3 2 0 3 0 1 1 3 1 3 0 3 4 1 3 0 2 4 1 0
   0 2 1 4 4 4 3 3 1 1 0]
  [0 2 1 4 1 1 3 4 1 3 0 4 0 4 1 4 0 3 0 1 4 3 4 0 4 4 4 4 4 4 3 1 2 3 2
   0 3 4 0 3 3 1 1 2 4 0 0 2 0 2 3 4 1 0 4 4 3 1 0 0 3 0 3 4 2 1 1 3 2 0
   2 1 4 3 4 1 4 3 0 3 0]
  [0 3 0 0 2 3 3 1 2 0 4 4 3 0 1 0 0 2 0 1 2 1 3 2 0 2 4 1 4 4 0 1 0 0 2
   0 4 1 0 4 2 4 2 4 3 2 1 2 4 0 2 0 3 3 3 1 4 1 1 4 4 0 3 1 0 4 4 1 2 1
   2 0 4 4 4 2 2 3 0 4 3]
  [0 3 1 4 0 1 0 0 0 4 2 1 3 0 1 4 4 2 3 1 0 3 0 0 1 2 4 0 3 1 3 0 1 3 2
   4 3 1 3 3 2 0 2 1 0 0 0 1 0 1 0 3 0 3 3 1 1 3 2 4 2 3 4 3 4 0 2 4 0 0
   4 3 1 4 2 0 4 0 2 3 0]
  [0 4 1 0 4 2 3 2 0 4 4 2 4 0 2 0 4 4 0 0 2 4 1 2 0 3 3 1 1 0 0 1 0 2 1
   4 4 2 4 0 1 2 1 0 3 3 0 4 4 3 1 0 2 2 1 4 0 1 1 1 1 0 4 0 4 2 2 4 4 1
   0 2 1 2 0 0 1 2 4 3 2]
  [0 0 1 0 1 1 3 3 3 4 0 2 3 4 2 4 2 1 2 4 3 4 3 2 2 4 1 0 0 2 4 0 0 2 3
   2 2 1 2 1 2 3 3 3 1 3 4 2 2 3 4 0 0 0 4 2 0 1 3 0 3 1 0 3 3 2 4 1 0 0
   2 0 4 1 0 4 3 2 2 4 3]
  [0 3 2 0 4 0 0 3 2 3 4 3 3 4 1 3 1 3 4 3 0 1 0 2 4 3 3 0 3 0 1 1 4 4 3
   3 0 2 1 4 3 0 0 1 1 2 0 1 0 4 1 1 2 0 2 4 0 0 3 4 0 0 2 1 1 0 4 1 0 3
   4 1 0 2 0 0 0 0 3 0 0]
  [0 1 0 1 1 1 4 3 1 2 0 0 1 2 1 1 1 1 2 3 4 1 3 1 3 3 2 1 4 1 1 4 4 4 4
   2 0 4 2 4 3 4 3 4 0 4 0 0 3 2 1 0 2 3 0 2 4 2 3 3 2 3 0 0 2 2 1 4 1 1
   3 0 0 4 0 4 0 0 2 0 4]
  [0 3 2 2 1 0 3 3 2 0 2 3 4 0 3 0 4 2 0 3 4 0 3 1 0 3 3 2 1 4 3 4 2 2 1
   3 2 1 0 3 0 0 3 3 0 2 2 1 0 4 2 3 1 3 1 0 4 4 1 2 4 3 2 2 2 3 2 3 1 3
   3 1 3 0 3 4 1 3 4 1 0]
  [0 0 0 1 1 4 2 2 3 1 2 3 1 1 4 2 3 2 3 2 4 1 3 0 3 3 1 4 2 2 4 3 3 1 2
   1 1 3 0 1 4 2 2 0 2 3 4 2 2 3 3 1 4 1 3 3 0 3 3 2 3 0 3 1 0 2 3 0 4 0
   3 4 1 2 4 3 0 3 0 2 1]
  [0 0 0 3 4 1 1 4 2 2 0 4 1 2 1 4 0 1 1 2 0 1 3 4 4 3 2 1 4 4 4 1 2 0 3
   4 1 2 4 4 2 2 2 3 2 3 2 1 3 2 4 1 1 2 4 2 0 0 0 1 4 3 4 1 0 4 1 0 0 0
   2 4 0 2 4 2 0 2 2 1 1]
  [0 3 2 3 2 4 0 0 4 4 1 3 0 0 0 2 0 1 2 4 1 4 2 0 0 4 4 4 4 1 4 1 0 0 4
   0 0 1 1 4 3 0 4 2 3 1 2 1 0 1 4 4 0 0 0 2 1 1 0 4 1 1 3 0 4 4 3 1 2 4
   4 1 4 2 1 3 1 3 1 3 1]
  [0 4 0 4 3 1 4 1 2 2 1 4 0 4 0 4 0 4 2 2 0 4 0 2 1 2 3 3 1 0 2 3 3 2 3
   0 0 1 4 4 3 4 2 1 3 3 2 0 3 2 0 2 3 4 0 2 2 2 4 0 0 3 0 3 1 1 2 0 4 0
   3 3 4 1 3 0 1 4 2 4 4]
  [0 0 3 3 0 3 4 2 4 3 0 3 1 3 2 4 3 0 2 3 1 4 4 2 1 3 3 0 1 1 4 3 0 1 2
   1 4 1 2 3 4 4 4 0 1 0 2 1 3 4 0 0 1 1 2 0 4 3 3 4 0 2 2 4 3 2 0 4 4 4
   0 0 4 0 4 1 0 1 4 3 2]
  [0 4 1 0 4 3 2 1 3 0 4 3 4 0 3 2 4 2 0 1 1 4 2 0 1 0 2 1 3 1 1 4 2 2 3
   4 3 3 0 4 1 0 3 0 1 2 2 4 1 1 2 3 1 4 3 3 2 4 2 4 4 0 3 0 1 1 1 2 0 0
   2 2 2 0 0 2 3 3 3 1 1]
  [0 2 0 4 2 0 0 2 4 1 1 2 3 2 0 2 0 2 2 2 2 3 0 1 1 4 3 0 1 1 3 3 0 4 2
   3 4 1 2 2 3 4 2 4 0 4 1 1 2 3 0 0 4 1 2 4 2 1 4 2 0 3 0 1 2 2 0 1 0 1
   1 2 0 2 2 2 3 0 3 1 0]
  [0 1 1 2 0 2 4 3 1 2 4 1 0 2 2 1 1 0 1 2 0 1 2 3 1 4 4 1 1 1 3 0 3 0 3
   4 3 3 0 4 4 1 2 3 3 1 2 3 1 2 1 1 3 3 2 3 4 3 3 3 2 4 4 0 3 1 1 0 4 4
   4 0 0 0 4 2 0 3 0 0 2]
  [0 0 1 4 4 1 3 0 1 0 2 0 3 2 0 0 0 4 0 4 1 2 0 2 2 0 4 0 0 3 3 3 2 3 3
   4 0 0 1 3 4 0 0 4 2 0 1 4 2 3 0 1 3 2 4 0 4 4 0 1 2 1 3 3 0 1 2 1 1 1
   0 4 4 1 4 4 2 1 2 4 2]
  [0 2 2 3 3 4 3 3 4 2 2 2 4 1 1 2 1 0 3 0 3 3 0 3 1 1 4 3 3 1 2 4 1 0 4
   1 1 2 4 1 3 1 1 4 2 3 2 4 2 1 1 4 1 1 1 3 2 3 0 4 4 1 3 1 4 0 0 1 1 2
   4 2 4 1 2 3 2 1 1 4 4]
  [0 4 1 4 2 2 1 3 0 3 1 2 0 2 1 2 4 0 0 4 3 2 2 4 2 3 2 2 3 0 2 1 4 1 4
   3 3 1 2 2 1 1 1 0 4 0 3 0 2 2 0 0 1 2 2 2 0 4 0 4 3 1 1 0 1 1 0 2 1 1
   2 4 2 2 3 2 1 2 3 3 4]
  [0 2 1 3 1 2 0 4 4 2 2 4 1 1 4 3 0 2 0 4 0 0 0 2 4 4 2 1 1 2 4 0 0 4 0
   1 3 0 3 1 3 1 0 0 4 3 3 0 0 0 2 3 1 1 0 1 0 2 1 3 0 1 4 2 4 4 3 0 4 1
   2 2 0 2 3 0 0 1 1 3 2]
  [0 0 2 4 4 2 4 3 1 2 1 2 0 3 3 1 0 0 1 1 4 0 4 0 2 0 4 3 4 0 0 3 4 2 2
   2 0 2 2 0 0 2 2 2 3 1 0 1 1 4 2 4 3 3 2 4 4 3 4 1 3 2 2 0 0 1 0 3 0 4
   2 3 2 1 1 3 0 4 3 4 2]
  [0 2 2 3 0 4 4 0 0 3 3 1 3 2 2 4 3 1 0 3 3 1 0 0 1 1 1 2 0 1 1 3 4 4 3
   0 2 1 4 2 4 2 4 3 4 0 3 0 4 3 0 0 1 3 4 2 4 4 0 2 4 3 3 4 1 0 0 2 0 0
   0 1 3 3 2 2 4 0 1 2 1]
  [0 2 3 3 4 4 3 1 1 0 3 2 3 1 4 2 1 4 2 2 2 4 3 4 1 3 2 4 0 3 0 1 0 0 3
   3 4 3 1 2 3 3 2 4 4 3 2 2 4 4 4 2 2 1 2 3 4 3 3 2 1 0 4 4 4 4 1 2 4 2
   0 0 2 3 1 1 0 1 4 0 0]
  [0 4 4 3 4 4 2 3 3 2 2 3 4 1 1 2 1 0 3 2 1 4 0 3 3 3 3 2 0 0 3 0 2 1 4
   1 2 2 0 1 4 1 3 0 3 0 1 3 4 2 0 2 2 0 3 1 4 2 2 0 3 0 2 2 4 3 3 4 2 3
   3 0 1 3 0 3 3 4 0 0 4]
  [0 0 3 4 1 0 4 4 3 1 0 2 0 3 3 2 3 2 1 0 1 0 1 4 0 1 3 3 3 0 0 2 0 4 4
   4 1 4 2 4 3 3 0 1 1 3 4 0 2 2 2 1 4 1 3 3 1 4 4 2 0 0 2 4 2 0 1 1 0 3
   4 4 0 1 0 1 2 3 1 2 2]
  [0 0 2 0 2 2 1 3 4 3 4 4 1 2 1 3 0 0 0 1 3 3 3 4 1 0 3 0 1 0 0 2 2 2 3
   0 1 0 2 4 0 2 2 1 3 0 1 3 1 1 2 1 2 1 3 2 1 2 1 1 2 4 0 2 0 4 0 4 3 4
   4 0 0 0 4 4 4 4 2 2 3]
  [0 2 4 4 1 2 4 2 1 1 1 0 4 4 2 2 1 4 4 0 4 3 2 4 3 1 2 1 4 0 3 0 0 2 1
   0 1 2 3 2 4 2 0 4 2 3 1 0 3 0 4 0 0 2 0 1 3 4 0 2 3 2 4 2 1 0 0 4 3 4
   0 0 4 1 0 1 4 0 2 1 4]
  [0 3 2 2 1 0 3 1 1 4 0 4 3 2 4 3 3 2 4 3 2 4 3 1 4 3 4 1 0 3 2 2 0 3 3
   2 3 0 4 4 3 1 1 3 4 4 0 1 4 0 3 0 2 3 2 4 3 2 0 1 3 1 3 4 3 3 4 2 0 2
   4 4 2 3 2 0 0 4 0 2 0]
  [0 3 4 2 3 4 3 1 4 2 2 1 0 1 4 1 2 4 2 3 0 0 1 4 0 1 4 0 0 3 4 0 1 1 0
   3 0 3 2 1 4 0 2 3 2 3 1 1 4 3 2 4 1 3 2 2 4 3 0 1 0 0 3 1 4 4 0 3 2 0
   1 1 3 2 2 2 0 4 3 1 4]
  [0 3 1 1 3 1 3 1 4 1 4 3 4 0 2 2 3 3 4 0 3 1 3 4 2 4 2 2 4 0 0 2 0 3 3
   2 0 0 3 0 4 0 3 2 1 0 3 4 0 1 3 4 3 1 2 3 2 4 2 3 0 3 2 1 2 0 4 3 4 3
   4 0 2 3 2 2 4 0 1 3 3]
  [0 2 2 1 4 2 1 4 0 2 2 2 4 4 0 1 4 2 4 1 3 3 3 3 0 4 2 4 1 2 0 4 0 2 4
   4 2 0 1 3 2 0 0 3 2 0 2 3 2 3 2 3 2 1 3 0 3 4 3 2 0 0 2 0 1 1 3 1 4 1
   0 3 1 4 4 2 0 1 0 0 1]
  [0 3 2 1 2 1 1 1 2 3 0 3 0 4 2 2 0 4 3 0 0 3 2 2 2 0 0 3 3 0 1 3 3 1 0
   2 0 0 2 4 1 4 2 4 0 3 2 2 1 1 2 2 0 3 0 2 4 4 3 4 1 4 4 2 1 0 2 4 3 2
   3 2 1 2 2 1 3 4 4 0 3]
  [0 4 2 2 3 4 4 4 1 0 3 0 3 1 4 3 4 1 0 3 2 4 3 4 1 1 0 3 2 2 2 4 1 2 4
   1 0 2 2 0 4 2 3 2 2 0 1 1 3 3 3 4 3 1 1 4 0 4 2 0 4 1 3 2 0 3 2 4 4 4
   2 3 1 2 3 3 3 3 0 2 0]]

 [[0 4 3 1 2 4 1 4 2 3 1 1 0 1 4 2 4 0 4 1 2 4 2 3 3 2 0 1 0 4 1 2 4 2 4
   2 2 0 3 1 1 0 0 0 1 3 2 4 2 1 2 3 0 1 2 3 1 3 1 2 0 2 1 2 1 3 2 0 0 3
   4 1 4 1 3 2 2 0 1 4 2]
  [0 0 1 2 2 1 4 2 0 0 3 3 4 1 1 2 4 4 4 2 0 4 0 4 4 3 1 1 4 3 3 4 3 2 2
   0 2 1 4 1 4 4 0 1 2 3 4 1 3 3 0 0 4 3 0 0 3 3 3 4 3 1 0 1 4 2 3 0 1 3
   4 4 0 1 3 4 3 0 3 3 1]
  [0 0 0 0 3 4 1 1 0 0 0 4 2 2 4 1 3 1 4 4 3 0 0 0 2 1 2 4 2 2 0 3 0 3 4
   1 1 0 3 4 3 4 3 0 3 3 3 1 0 3 2 3 4 0 4 0 0 0 3 2 1 3 1 2 1 2 3 2 1 2
   2 3 1 2 1 0 3 3 3 2 4]
  [0 2 0 0 0 0 0 0 1 3 0 3 2 2 4 2 4 2 0 0 2 1 1 3 4 2 4 4 4 1 4 0 2 2 3
   4 0 0 3 1 2 4 1 2 1 1 1 2 0 0 2 1 3 0 0 0 3 1 2 3 4 2 3 2 0 3 2 0 1 0
   0 3 3 4 0 3 1 0 3 1 4]
  [0 4 2 3 0 2 3 2 4 2 2 1 0 2 2 2 2 0 3 3 1 3 2 0 2 1 1 4 0 0 1 2 4 2 2
   4 0 1 3 4 2 4 0 0 4 1 2 1 2 1 1 2 2 0 0 1 0 4 4 0 1 3 1 1 1 0 0 2 3 4
   3 1 4 0 3 1 3 2 0 0 3]
  [0 0 1 2 4 0 2 3 4 0 0 4 2 3 3 0 3 3 1 1 4 0 4 2 3 1 1 1 1 4 0 2 3 0 2
   1 2 4 3 1 4 3 3 1 4 4 0 2 3 2 0 1 1 2 4 2 0 3 2 1 4 1 2 4 0 2 3 4 4 2
   3 3 3 0 0 3 3 3 3 0 2]
  [0 2 3 1 3 0 0 1 3 0 4 2 4 3 1 1 3 2 1 2 1 1 1 3 4 0 3 2 3 2 1 1 2 0 1
   1 4 0 4 1 0 1 4 1 3 2 1 1 2 3 3 1 2 1 4 1 0 2 2 4 2 0 3 2 3 3 1 4 1 4
   0 0 2 4 0 4 2 4 4 3 4]
  [0 2 0 3 4 2 0 0 4 0 4 1 0 2 4 0 1 2 3 4 3 0 3 4 0 1 3 0 1 3 4 2 0 2 1
   0 0 1 0 4 3 3 4 2 1 1 0 2 3 1 4 3 1 1 1 3 3 2 0 4 4 3 0 1 3 2 1 1 2 2
   2 3 4 4 2 3 1 4 3 3 0]
  [0 0 1 3 0 3 4 4 0 4 2 1 2 4 1 2 3 2 4 3 1 0 3 4 4 1 0 2 3 0 1 2 2 4 2
   1 2 0 1 4 1 3 2 0 1 3 1 2 2 0 4 2 4 1 3 4 4 0 0 3 0 3 1 2 1 2 3 2 1 4
   0 2 0 1 3 0 2 0 3 4 1]
  [0 0 4 2 4 2 1 3 1 0 0 4 1 2 4 4 2 0 4 1 3 1 0 4 0 0 0 3 2 1 3 0 4 2 2
   2 4 1 4 1 0 0 2 4 4 2 3 2 3 4 4 2 1 0 1 3 3 4 4 4 3 3 1 0 4 3 1 0 1 1
   4 0 0 2 3 4 4 1 1 4 1]
  [0 3 1 0 4 1 1 3 3 4 0 4 1 2 1 1 0 0 2 4 0 3 1 1 1 4 2 0 3 4 4 1 1 4 0
   3 2 0 1 4 2 2 4 3 3 3 1 4 0 2 1 0 3 2 4 1 1 1 4 4 3 2 3 3 2 3 4 1 4 4
   0 2 3 1 3 3 4 3 1 4 0]
  [0 4 1 2 2 1 4 4 2 1 3 0 3 4 0 2 4 0 2 3 0 3 3 0 4 0 1 1 2 1 0 4 2 1 4
   2 3 3 0 4 3 1 0 3 1 4 1 0 2 4 0 3 4 1 0 0 2 3 1 4 4 1 0 4 3 0 0 0 4 4
   4 0 2 2 0 3 4 1 3 0 2]
  [0 0 3 2 4 0 2 2 2 3 4 3 0 0 0 4 1 0 4 3 4 0 1 2 1 2 2 4 0 4 1 0 0 2 1
   2 3 4 4 2 2 4 4 1 0 1 3 0 1 2 3 1 4 4 0 2 1 3 4 1 0 1 2 4 3 3 1 4 1 3
   4 1 0 2 3 0 1 3 4 4 1]
  [0 3 0 4 1 4 0 4 1 3 4 4 3 0 2 4 0 2 0 1 0 0 2 0 3 1 4 1 0 4 0 4 2 0 3
   4 3 0 1 4 2 2 1 0 4 1 2 0 4 0 2 1 3 4 1 0 1 0 1 2 2 4 0 4 1 1 2 1 1 4
   2 3 2 0 4 2 4 2 2 3 2]
  [0 0 2 1 2 4 4 3 2 0 0 2 2 2 0 3 2 0 3 2 4 3 1 1 3 4 0 1 4 1 4 1 0 0 2
   3 1 4 3 2 2 3 4 1 2 1 1 4 2 3 0 3 4 4 3 0 2 0 3 0 3 3 1 1 1 1 2 4 0 1
   0 3 2 3 0 3 0 2 3 4 3]
  [0 4 4 1 4 2 3 1 0 1 2 1 1 0 4 0 2 0 0 3 1 1 0 2 2 0 3 3 4 2 0 1 3 3 1
   2 3 0 0 0 0 2 3 0 0 0 2 3 1 0 4 0 2 4 2 3 2 0 4 3 0 3 4 0 4 1 0 1 2 4
   2 0 0 1 4 0 0 4 3 0 1]
  [0 2 3 0 0 4 3 4 4 2 3 0 3 2 4 0 0 3 0 4 3 2 4 3 4 1 3 2 4 1 4 3 0 3 3
   2 3 2 4 4 2 1 3 1 0 2 0 3 0 3 0 2 4 1 3 3 0 1 0 0 1 3 1 2 2 4 0 4 1 0
   0 4 4 2 2 3 1 3 0 1 1]
  [0 3 4 2 3 3 1 3 4 1 1 1 0 2 0 2 3 0 2 0 0 2 3 4 3 2 0 2 3 0 0 1 1 4 0
   0 3 4 4 2 4 4 2 2 3 3 4 3 3 2 0 3 0 1 3 3 3 3 2 2 3 4 1 0 3 2 3 2 3 0
   1 2 4 0 2 1 3 4 4 3 1]
  [0 0 0 0 4 0 3 4 2 1 1 2 0 1 1 2 3 2 0 4 3 0 3 2 1 4 2 0 0 3 4 2 2 0 2
   3 0 3 2 1 3 2 0 2 1 0 2 2 2 4 1 2 2 3 3 3 3 3 0 4 2 2 3 3 1 4 0 4 0 3
   4 0 0 4 1 0 1 4 2 0 3]
  [0 0 2 3 1 0 0 3 4 0 1 1 1 2 2 3 3 4 3 0 3 1 4 3 0 1 1 1 0 4 4 3 3 0 2
   3 4 2 4 4 2 2 4 2 0 1 2 0 4 1 0 0 4 1 2 1 1 0 0 2 2 1 0 3 2 4 2 1 3 2
   2 2 0 4 0 3 4 2 3 4 2]
  [0 0 3 4 1 3 1 3 1 2 1 4 0 4 3 4 0 4 4 2 0 2 0 1 2 0 4 4 1 1 3 3 4 2 3
   2 2 0 2 2 0 4 4 2 0 0 0 0 2 0 0 1 2 3 3 1 3 4 2 1 1 3 0 0 3 0 3 4 1 3
   3 3 1 1 4 3 1 3 4 4 4]
  [0 2 1 0 2 2 0 0 4 4 2 2 1 1 3 0 0 2 0 4 1 0 4 4 4 0 1 2 3 2 3 0 2 4 3
   1 1 0 1 1 2 1 2 3 3 0 0 2 3 4 2 2 4 3 2 0 4 3 1 1 0 1 4 3 0 2 4 3 0 0
   1 4 4 2 2 1 2 2 3 0 4]
  [0 0 2 3 4 2 1 2 4 4 0 2 1 2 1 2 2 1 4 0 1 1 0 2 3 0 3 2 1 1 3 0 2 2 2
   4 2 0 3 2 4 2 0 2 1 4 0 4 2 4 4 2 2 0 3 0 4 3 1 2 2 2 1 4 3 4 1 4 1 4
   0 0 1 3 4 3 3 0 0 1 0]
  [0 4 0 4 2 4 3 2 2 4 4 3 2 4 0 2 1 3 2 2 3 3 0 0 1 4 0 4 2 3 0 0 0 3 1
   0 0 1 2 2 2 2 1 3 3 0 0 4 1 1 3 2 4 3 2 1 2 1 3 3 0 1 2 0 3 0 4 2 4 2
   4 4 1 4 4 4 3 3 2 1 2]
  [0 1 1 2 4 2 1 3 3 3 1 3 0 3 0 4 0 4 1 4 4 1 2 0 0 1 2 4 4 1 3 4 4 2 1
   1 3 4 2 4 4 0 0 3 4 4 3 4 3 4 1 3 2 1 4 1 1 0 1 3 4 3 2 3 0 4 0 4 2 0
   2 4 0 3 2 1 1 4 3 1 0]
  [0 1 3 2 4 4 1 3 1 1 4 1 2 1 2 0 4 3 3 2 2 1 3 4 3 0 0 2 1 3 3 1 2 3 3
   0 0 2 3 1 0 2 2 2 3 4 4 0 0 0 1 2 1 3 4 1 4 0 1 1 4 3 3 4 1 1 4 1 4 2
   3 3 3 1 2 0 1 1 3 4 4]
  [0 1 4 3 1 3 3 1 3 4 0 2 2 1 3 3 4 0 0 1 1 1 3 2 0 2 0 4 0 0 4 0 2 3 3
   0 1 4 1 0 1 2 1 4 2 0 1 0 4 3 4 0 2 3 3 2 2 2 2 2 3 1 0 2 3 4 0 0 1 3
   1 1 4 3 2 0 4 0 4 1 2]
  [0 0 2 3 1 1 4 2 3 2 3 0 1 1 4 0 3 3 2 0 3 0 0 0 4 1 2 0 4 3 4 1 4 0 4
   3 2 4 1 0 3 0 0 1 4 0 0 4 0 0 2 3 0 1 1 3 2 1 0 0 1 4 4 2 4 0 0 0 2 4
   1 4 1 0 0 2 3 0 3 4 3]
  [0 4 4 3 3 1 3 0 1 4 1 2 3 0 4 1 4 0 1 3 2 4 1 3 4 1 1 1 0 1 0 0 0 0 0
   2 2 3 1 1 1 1 1 3 0 3 1 0 0 0 2 1 2 2 1 4 4 1 4 0 0 4 3 1 3 2 3 3 4 1
   3 4 3 4 2 1 4 3 0 3 2]
  [0 3 3 2 2 3 2 3 1 3 4 2 3 3 1 1 1 0 4 4 1 2 4 0 1 1 0 0 3 0 3 0 3 2 3
   2 1 2 0 4 2 2 1 2 2 3 4 3 2 0 0 1 1 0 4 2 4 0 1 2 2 3 4 1 0 3 0 4 4 1
   3 3 2 2 2 1 3 3 3 4 4]
  [0 3 3 2 1 2 4 3 3 3 2 3 2 1 1 1 4 0 3 4 2 0 4 0 0 4 3 0 1 0 0 4 4 1 1
   2 3 4 1 0 4 4 3 0 4 4 2 1 2 0 3 3 4 1 1 1 2 3 2 0 3 2 2 2 2 1 3 2 4 1
   0 0 1 3 2 0 3 2 0 2 0]
  [0 1 3 1 2 2 1 2 4 1 1 0 4 0 3 1 4 2 4 0 1 2 0 2 3 2 1 2 1 0 2 0 1 0 0
   3 2 1 4 4 4 3 4 1 2 2 3 4 4 2 0 4 4 4 4 0 2 3 3 3 1 4 0 3 2 1 1 3 4 3
   2 3 3 1 2 0 1 2 2 1 1]
  [0 3 2 4 3 0 2 3 4 2 3 1 2 1 2 4 3 3 2 2 3 3 3 3 1 1 4 3 3 0 2 4 0 4 3
   0 4 3 0 2 0 4 3 4 0 4 3 4 0 1 3 0 0 1 4 4 0 0 3 4 4 1 3 4 1 0 3 1 0 1
   4 1 4 2 1 3 0 0 4 3 3]
  [0 0 2 0 2 4 4 3 4 4 4 3 1 4 3 4 1 4 4 0 0 0 0 3 0 0 4 2 3 0 3 2 1 0 2
   0 4 3 0 3 3 3 4 1 4 4 4 0 4 3 4 3 3 3 3 2 3 0 0 1 0 4 0 3 3 4 2 1 0 0
   2 2 4 2 1 3 2 2 4 3 1]
  [0 2 3 0 1 3 4 0 4 1 1 4 1 3 4 1 3 0 0 1 0 1 1 4 4 1 0 4 2 1 1 2 0 4 0
   2 4 0 1 3 1 0 3 2 3 1 3 0 0 3 0 2 0 2 4 0 3 3 3 4 4 4 1 0 3 2 1 0 1 0
   0 1 0 3 0 2 1 0 0 3 1]
  [0 4 4 2 3 2 2 2 3 1 1 0 2 3 2 0 4 4 2 0 0 1 2 4 0 2 1 2 1 4 1 3 0 4 0
   0 3 0 1 0 0 0 0 1 1 0 2 4 1 3 3 4 0 1 4 1 4 3 2 1 2 2 3 1 3 2 1 1 4 0
   3 0 1 4 4 4 3 0 1 2 3]
  [0 3 4 1 4 1 3 1 1 2 1 2 2 2 0 3 2 0 4 2 3 3 3 0 2 0 1 1 3 0 3 2 3 4 0
   3 0 1 4 4 1 3 0 0 0 4 4 2 3 4 1 1 2 0 2 4 3 1 3 1 2 3 3 3 2 1 3 2 4 3
   4 1 0 0 4 3 0 2 2 3 0]
  [0 3 0 4 0 4 2 1 4 3 1 1 3 4 2 2 0 0 2 0 4 4 4 1 0 1 2 4 1 1 2 2 0 2 4
   2 1 0 4 2 1 2 1 0 2 3 4 4 1 1 4 3 3 3 1 2 0 4 0 3 4 2 2 2 1 1 4 2 3 0
   2 3 3 1 4 2 3 3 1 3 2]
  [0 0 4 4 3 0 1 0 2 0 1 2 3 4 0 4 1 3 3 3 1 0 0 4 3 0 4 0 2 0 0 2 4 0 4
   2 2 1 0 3 3 2 0 4 3 0 4 2 2 4 3 0 3 0 3 4 2 2 3 2 1 1 2 2 0 0 1 2 3 4
   3 3 3 2 1 1 0 2 4 2 3]
  [0 4 4 4 1 0 0 4 4 3 4 2 4 1 2 2 2 0 2 4 4 1 3 4 2 1 3 0 4 3 2 1 3 2 2
   1 3 0 0 0 3 3 1 4 0 4 4 3 3 0 2 2 4 1 0 1 1 2 4 4 4 0 4 2 4 3 2 2 1 2
   2 1 4 2 3 4 2 2 3 2 3]
  [0 1 4 4 4 2 4 4 3 0 2 2 2 3 4 3 2 2 1 2 0 4 1 0 1 1 0 2 1 1 0 3 1 3 2
   4 1 2 2 4 0 2 0 0 1 3 0 3 2 1 4 4 0 2 4 1 1 1 3 2 1 0 3 2 1 0 0 2 4 0
   0 3 2 3 3 0 1 4 1 0 3]
  [0 3 1 0 3 1 2 4 3 2 3 2 1 0 2 0 2 1 3 2 1 1 4 3 2 4 4 4 2 4 3 1 2 3 3
   0 4 3 4 0 0 0 3 0 1 2 2 0 3 1 4 2 4 2 4 1 3 1 4 3 0 4 4 2 3 4 2 0 3 2
   0 1 4 1 3 0 1 1 0 4 3]
  [0 3 3 2 1 2 1 0 2 2 0 1 3 3 4 4 2 0 0 2 3 1 1 3 3 4 2 0 2 0 2 4 2 2 1
   2 4 0 2 4 4 4 0 0 1 4 1 4 0 0 1 0 1 4 4 4 0 0 2 2 2 1 0 1 0 2 0 2 4 4
   3 2 0 4 2 2 2 1 3 0 4]
  [0 1 2 4 4 0 3 0 2 3 1 1 4 1 2 4 2 1 3 4 1 0 3 2 1 4 3 4 1 2 2 1 4 4 1
   3 4 0 4 2 4 1 0 0 4 4 0 4 2 0 3 1 2 3 2 3 1 0 0 0 0 4 4 2 4 2 3 0 3 2
   2 4 1 1 3 4 2 4 1 2 4]
  [0 1 1 4 2 0 1 3 1 4 3 3 3 3 4 0 4 1 0 4 1 4 3 2 1 2 1 2 1 2 2 3 4 0 0
   1 4 1 4 0 2 1 1 4 0 2 2 0 0 2 3 2 0 3 1 1 1 0 1 2 4 0 1 0 4 3 3 0 2 3
   4 4 0 4 4 0 0 2 4 4 4]
  [0 0 3 0 0 4 0 0 1 0 4 2 1 0 0 1 2 1 0 0 1 0 3 2 4 2 4 2 0 0 4 4 2 1 1
   1 3 0 1 4 4 2 4 0 4 0 2 4 3 3 3 3 4 1 1 2 2 3 2 0 3 2 4 0 3 4 3 4 0 0
   3 1 1 3 0 2 3 4 3 1 4]
  [0 0 3 1 1 4 4 1 0 2 0 4 0 2 2 4 1 4 2 2 3 3 3 0 0 1 0 0 0 3 2 3 1 1 4
   4 2 3 2 1 4 0 3 0 2 2 0 4 1 2 2 3 2 0 4 0 4 0 3 4 2 0 1 0 2 2 0 0 4 0
   0 1 0 4 3 2 2 4 2 2 2]
  [0 0 1 4 2 3 1 4 0 4 4 0 4 1 3 3 0 3 2 2 3 2 3 4 2 4 4 0 1 0 4 2 1 3 3
   1 1 1 3 3 2 0 3 4 4 4 1 0 3 1 1 4 1 0 1 1 2 1 2 4 0 4 0 3 2 0 3 0 1 1
   0 3 2 0 4 1 3 2 2 4 4]
  [0 4 4 2 1 3 2 2 0 3 4 1 1 2 1 2 2 1 4 3 3 2 2 0 4 3 2 3 3 4 2 1 0 3 4
   2 1 2 2 2 0 2 0 0 3 3 4 1 0 1 2 3 3 1 1 0 3 2 0 4 0 1 0 4 4 1 4 2 1 4
   1 4 0 0 4 1 0 1 3 1 1]
  [0 1 4 4 2 0 3 0 2 0 2 4 1 2 4 4 4 3 4 4 2 2 2 2 0 3 2 0 4 3 1 2 0 1 1
   1 4 3 3 1 1 2 4 4 0 1 4 2 4 0 2 2 1 4 1 1 4 1 0 4 3 3 1 2 0 0 0 4 4 0
   4 0 3 0 2 1 4 0 1 3 3]
  [0 0 0 2 1 2 4 0 2 4 4 3 3 0 4 1 0 1 1 0 1 4 4 0 2 1 1 1 4 3 2 2 4 3 2
   1 0 0 2 0 1 4 2 0 4 0 3 1 1 4 0 1 2 0 2 1 4 0 0 2 4 2 2 4 2 1 1 4 2 4
   2 1 2 2 3 3 1 0 1 0 3]
  [0 4 0 3 3 0 3 3 1 0 4 3 1 0 2 2 0 0 2 0 3 0 4 3 1 2 0 3 1 1 4 4 4 1 0
   4 2 0 4 4 3 3 2 1 2 0 2 1 3 3 1 0 2 4 3 0 0 1 4 3 2 4 3 0 3 0 1 4 1 0
   2 1 0 1 2 3 0 0 3 0 3]
  [0 1 0 1 3 1 3 0 3 1 2 2 0 1 4 1 1 2 4 1 3 1 2 3 3 3 4 2 2 3 4 3 4 2 3
   4 4 1 4 0 4 0 0 0 4 0 4 2 0 4 4 1 0 2 4 4 1 2 0 3 3 3 4 4 0 4 4 4 3 1
   4 4 3 3 2 2 1 0 0 0 0]
  [0 4 1 2 1 3 4 0 2 2 1 4 0 1 3 3 1 1 1 4 1 2 4 0 4 1 2 1 3 2 4 4 0 0 2
   0 0 2 0 4 3 0 2 4 1 2 1 1 4 2 4 0 2 0 2 4 0 0 4 3 0 0 1 1 4 1 0 2 3 1
   0 3 1 0 3 4 2 2 1 2 3]
  [0 0 2 3 4 4 0 0 0 2 2 0 3 4 3 0 1 3 2 1 3 2 0 0 4 4 3 3 0 1 0 1 4 2 4
   4 1 3 1 4 4 2 4 0 0 0 3 1 3 1 2 0 0 0 0 2 3 4 1 0 1 4 4 1 3 3 4 0 4 2
   3 2 4 4 0 4 4 1 2 3 2]
  [0 1 2 3 1 3 0 2 2 3 2 0 4 0 3 0 3 0 3 4 2 4 4 4 3 2 4 2 1 1 2 4 2 1 1
   1 0 3 0 2 4 3 2 0 1 4 4 3 3 0 3 0 0 1 4 0 2 2 4 4 0 4 0 2 4 3 3 4 4 4
   4 4 4 4 3 3 2 0 1 1 3]
  [0 1 0 0 1 1 1 0 2 1 2 4 0 3 3 2 3 2 1 3 0 0 0 1 4 3 4 1 3 1 4 3 1 4 1
   4 2 4 2 4 2 0 1 0 2 0 2 4 1 4 1 2 3 4 3 4 0 1 4 3 0 2 3 4 3 0 1 2 0 0
   2 3 1 1 3 0 2 0 0 3 1]
  [0 0 1 4 4 4 4 0 4 3 0 0 1 1 0 0 3 2 2 1 1 4 4 2 0 1 4 4 1 3 0 1 1 3 0
   3 2 4 0 3 0 3 4 1 2 3 1 2 0 1 2 0 4 1 0 3 4 0 1 3 2 3 4 3 1 0 3 1 1 1
   4 2 2 4 0 2 2 1 1 1 0]
  [0 0 0 2 2 4 4 4 1 2 3 2 0 2 1 2 0 3 1 1 3 1 0 2 4 0 4 1 2 2 1 1 4 4 1
   1 1 2 0 1 3 0 1 1 4 4 3 3 3 2 4 4 2 4 2 0 1 3 0 0 0 0 4 3 0 1 1 3 1 0
   0 1 4 1 2 2 4 3 1 2 2]
  [0 3 4 3 2 2 4 3 3 4 0 4 2 1 4 1 1 4 4 0 1 4 2 2 3 0 2 4 1 2 2 2 1 1 0
   2 4 3 0 0 1 3 1 1 0 4 2 3 4 0 3 3 1 4 2 3 2 3 0 0 0 3 4 2 4 2 0 1 3 3
   0 2 1 1 1 2 2 4 0 4 3]
  [0 0 2 0 0 2 2 3 4 4 4 0 2 2 3 1 2 0 3 0 0 2 1 3 0 4 4 2 4 2 0 3 1 1 1
   4 2 0 2 0 1 2 4 4 2 1 3 1 4 0 3 2 4 4 0 0 3 3 1 3 0 3 3 2 1 3 2 2 4 2
   4 1 1 0 1 3 3 3 1 1 0]
  [0 0 1 2 1 0 4 4 2 2 3 4 4 4 2 3 3 3 2 0 0 4 0 0 2 0 4 3 0 2 2 4 3 3 3
   2 2 0 1 2 2 3 2 0 1 0 1 0 1 1 1 3 0 1 0 4 3 4 0 0 0 0 4 4 0 2 3 1 1 1
   4 3 3 0 0 1 3 0 3 2 3]
  [0 2 1 3 2 3 2 0 0 1 0 3 1 0 4 1 3 0 4 1 4 4 1 1 0 2 1 3 2 2 1 1 4 1 4
   0 0 1 2 1 1 2 1 2 2 3 4 2 3 4 0 4 2 4 1 1 0 1 4 0 3 3 0 3 2 0 3 0 0 1
   4 1 3 1 4 2 3 0 3 3 3]
  [0 3 1 4 4 3 4 1 2 0 3 1 3 1 2 0 4 4 0 4 3 0 1 1 3 4 4 3 4 1 0 3 0 2 1
   3 0 4 0 1 1 2 2 2 3 1 1 0 1 3 4 4 2 1 0 0 0 4 3 2 3 0 2 0 4 1 0 3 1 1
   3 4 3 1 3 3 4 0 2 0 2]
  [0 2 3 0 2 4 4 0 1 2 3 1 3 2 1 4 1 1 2 2 1 0 1 0 0 0 3 0 4 4 0 2 4 2 4
   0 0 3 2 4 0 0 1 0 0 1 4 2 0 0 1 2 0 2 3 4 3 0 4 2 3 1 0 3 0 0 1 2 1 1
   4 1 1 3 2 0 0 0 4 2 1]
  [0 2 1 4 1 1 2 4 0 4 1 2 1 0 2 0 2 4 1 3 2 3 2 4 1 4 2 4 2 0 3 4 0 0 2
   4 0 4 3 3 1 3 1 2 1 0 1 3 3 1 1 0 0 2 0 0 3 0 1 0 0 4 4 2 0 0 1 0 2 0
   1 2 1 3 2 1 4 4 4 1 3]
  [0 1 1 0 0 2 0 4 0 0 4 2 4 2 0 1 1 3 2 4 4 1 2 0 0 0 3 2 4 3 2 0 1 0 1
   0 3 4 0 3 0 3 3 4 1 4 2 0 2 0 3 2 1 3 4 3 4 3 0 3 0 0 4 4 4 3 0 3 2 3
   1 0 4 2 2 1 3 3 3 1 0]
  [0 0 3 3 2 1 4 0 1 1 2 2 4 4 2 0 0 0 4 2 3 2 3 2 3 1 0 4 2 3 2 3 4 2 0
   4 3 3 3 1 2 0 2 0 2 3 0 3 3 3 1 0 3 2 0 3 3 3 3 1 0 4 1 2 1 4 4 0 1 2
   2 0 0 0 4 0 4 1 0 2 4]
  [0 2 0 4 3 1 1 2 3 1 2 4 0 1 3 0 1 1 3 1 2 4 0 4 3 0 0 3 1 4 4 4 2 0 3
   2 0 4 0 4 2 4 1 2 1 3 4 3 1 2 2 0 1 2 3 3 1 3 4 4 1 0 1 0 3 0 2 1 0 1
   3 0 4 2 4 2 3 1 0 4 1]
  [0 4 1 0 0 1 1 0 3 2 0 4 3 4 4 3 2 2 4 0 1 2 0 3 2 4 4 3 0 3 1 3 1 1 0
   0 0 0 4 4 1 4 4 0 0 4 2 4 2 3 0 3 3 3 0 2 3 3 4 3 2 2 0 4 3 2 0 4 1 0
   2 2 4 2 0 2 0 4 2 0 2]
  [0 4 1 3 0 0 0 0 2 1 1 0 0 2 1 3 2 1 3 0 4 1 3 4 1 3 1 1 3 4 0 4 3 0 4
   1 4 0 2 3 3 1 0 4 4 3 0 1 3 1 1 0 2 4 3 1 3 4 1 0 1 4 0 0 4 0 2 0 1 1
   0 3 2 2 1 1 2 4 4 1 0]
  [0 2 3 1 3 2 0 2 3 1 1 4 0 1 4 4 1 3 2 3 4 2 3 1 0 0 2 1 2 2 2 3 3 4 0
   0 4 1 4 1 4 4 3 2 0 2 2 4 0 1 4 1 2 3 2 1 4 2 0 3 1 2 2 1 4 0 2 4 4 2
   3 0 0 2 3 0 1 3 4 3 3]
  [0 4 2 3 3 4 4 0 0 2 2 0 3 4 3 0 3 1 1 4 2 4 1 2 0 2 2 2 3 0 0 1 0 1 2
   1 0 3 2 0 2 4 4 2 4 0 4 1 0 2 0 3 1 3 2 0 4 2 2 1 1 4 3 2 2 0 2 1 3 3
   4 2 0 0 2 1 4 4 4 4 3]
  [0 1 2 2 3 3 1 3 0 0 3 0 4 4 2 4 4 4 4 1 0 0 4 1 4 3 1 3 0 2 4 2 3 1 0
   1 2 0 2 0 2 3 0 0 0 0 3 3 2 2 4 4 2 2 3 1 1 2 1 3 4 3 0 4 2 1 2 1 3 2
   1 2 1 0 1 0 0 0 1 3 2]
  [0 2 1 1 1 3 0 3 4 3 2 3 1 2 3 1 1 3 3 3 2 1 1 2 1 3 1 4 1 2 0 1 1 2 1
   0 3 1 1 2 2 4 2 3 4 3 4 2 4 0 0 0 0 2 2 2 2 0 2 2 2 4 3 3 2 2 2 0 1 2
   4 2 1 1 0 4 4 4 2 2 2]
  [0 1 1 2 2 1 3 4 3 4 1 4 1 4 0 0 0 4 2 3 3 0 4 1 2 1 3 2 2 2 4 4 2 1 3
   4 4 3 4 0 2 3 0 0 2 4 1 4 1 4 2 0 2 2 3 0 2 3 1 4 2 4 0 1 1 0 3 3 1 2
   3 1 1 3 2 0 4 0 2 4 3]
  [0 1 2 4 2 4 2 4 0 1 3 4 2 1 0 3 1 1 4 2 2 3 3 2 0 1 1 4 4 1 4 2 2 4 2
   2 1 4 4 2 4 4 3 3 0 3 2 0 2 2 0 2 0 4 0 3 3 2 2 2 1 0 1 1 1 1 1 0 0 4
   2 3 1 4 3 4 0 0 3 0 3]
  [0 4 0 4 2 2 0 1 4 3 2 4 3 4 3 2 2 0 4 0 3 4 3 2 3 3 0 4 3 0 4 1 1 1 0
   1 0 4 1 4 0 0 4 0 0 3 1 1 1 3 1 0 2 4 1 2 2 2 3 4 3 2 4 2 4 4 1 4 1 2
   0 4 0 2 4 3 1 0 1 2 4]
  [0 2 1 0 2 4 2 2 2 1 2 0 3 3 2 2 0 4 3 2 1 2 4 0 3 3 1 2 0 4 0 1 1 4 0
   0 0 3 0 1 4 0 4 4 3 4 0 0 0 3 4 0 3 3 0 3 4 1 3 0 3 4 4 0 0 1 3 0 2 0
   2 0 2 0 0 4 2 0 0 3 3]
  [0 3 1 3 0 2 3 0 1 4 0 3 3 3 1 1 0 2 2 1 2 0 3 0 3 0 1 1 2 0 3 1 0 3 1
   2 4 1 0 0 3 0 2 0 2 1 0 1 4 2 1 0 0 1 3 3 1 0 2 3 1 2 4 0 4 3 4 4 3 3
   0 4 1 1 2 1 1 4 0 0 2]
  [0 3 3 3 2 1 0 2 3 1 3 0 1 3 1 4 4 1 2 0 4 1 3 2 2 0 0 2 2 3 2 0 4 2 0
   2 2 0 3 2 2 3 0 1 4 3 3 0 4 4 4 3 1 1 4 0 2 0 0 0 1 0 2 3 2 3 3 1 0 2
   2 0 2 4 0 2 3 0 0 2 0]]

 [[0 1 1 2 4 3 3 0 2 2 1 1 4 2 2 1 0 1 2 2 2 1 1 1 2 3 4 2 1 0 0 0 3 3 0
   0 2 0 1 0 3 2 1 4 2 3 2 1 1 3 4 4 3 4 0 1 4 1 0 1 2 2 1 2 1 0 4 1 2 1
   3 3 4 3 0 4 0 4 0 4 0]
  [0 0 4 0 3 0 0 3 0 4 2 1 3 0 1 0 1 4 0 4 3 3 4 3 1 0 3 4 4 4 4 2 1 3 1
   2 2 1 4 3 0 4 1 1 3 2 0 3 4 4 4 1 2 2 1 2 2 0 1 4 2 2 4 4 0 1 1 4 2 1
   0 1 2 4 1 4 1 4 0 2 0]
  [0 1 0 4 1 1 2 4 0 1 3 1 2 1 2 2 4 1 4 3 1 2 2 0 2 3 2 1 1 3 3 2 0 2 1
   0 4 0 1 3 2 1 3 4 3 4 4 0 3 3 4 3 1 3 2 4 0 4 3 4 1 2 4 3 3 1 0 4 4 1
   1 0 4 0 4 4 3 0 1 0 3]
  [0 4 4 0 4 3 3 0 4 3 2 3 4 1 4 3 1 0 0 3 4 1 2 2 1 4 4 1 0 0 4 3 2 2 4
   0 4 4 3 1 0 2 3 3 4 1 3 4 3 1 1 4 0 4 3 4 3 1 0 1 4 2 4 0 4 2 0 3 2 2
   1 2 1 3 4 4 2 2 3 1 3]
  [0 0 2 4 0 0 2 4 3 0 0 0 3 0 3 0 4 0 0 4 3 1 4 1 0 4 1 4 0 1 0 2 1 4 0
   1 0 1 2 3 4 2 1 0 3 4 2 0 2 4 2 4 0 3 4 3 2 4 4 1 2 2 4 3 1 3 3 1 2 1
   0 3 4 3 1 1 4 1 3 1 3]
  [0 4 2 1 1 0 4 4 4 3 2 1 3 1 0 0 2 1 3 1 3 4 4 0 3 3 2 2 0 1 3 4 1 3 0
   2 4 4 4 3 1 3 0 3 1 2 4 4 1 2 0 1 0 0 1 2 1 3 2 4 3 1 1 3 2 4 2 3 4 2
   3 1 1 0 4 3 0 0 3 2 0]
  [0 3 3 3 3 2 0 0 4 3 1 2 0 1 3 4 4 0 2 1 1 4 4 4 1 3 3 4 1 3 0 2 4 4 3
   2 3 2 0 3 1 4 2 3 1 4 0 3 0 0 4 3 2 4 2 2 3 2 2 1 1 3 4 1 3 0 3 3 1 1
   4 4 4 2 4 1 3 4 3 2 3]
  [0 2 2 2 2 1 4 0 0 3 3 1 1 1 2 3 2 1 1 0 0 1 2 1 2 0 0 4 3 1 3 1 0 3 3
   3 0 3 0 4 1 0 0 0 1 2 2 1 3 1 1 0 2 2 0 3 2 3 3 2 1 1 1 2 2 3 4 4 2 4
   2 3 3 3 1 4 4 0 3 2 4]
  [0 2 0 1 0 3 0 0 0 1 4 2 1 4 3 2 3 4 3 1 3 2 1 3 4 4 3 3 1 1 3 1 4 0 2
   3 2 4 2 4 3 3 1 1 2 2 1 1 1 1 3 0 4 0 3 0 4 2 3 0 4 3 4 2 4 1 2 0 3 2
   3 1 4 0 1 1 0 0 1 0 0]
  [0 1 3 0 2 0 2 4 1 0 3 2 2 4 2 0 3 2 0 0 4 4 0 3 2 3 2 4 0 1 4 0 4 4 4
   2 0 4 2 1 4 0 2 3 0 4 3 4 2 0 1 1 2 1 2 0 0 4 4 2 4 0 4 0 2 0 1 2 2 4
   0 1 2 1 2 2 1 2 4 4 0]
  [0 0 3 2 1 0 1 1 4 3 0 2 3 0 4 0 4 2 1 0 0 3 0 0 0 2 4 3 1 2 2 1 1 3 4
   0 1 2 2 3 3 0 1 4 2 2 4 3 4 3 1 1 4 4 4 0 2 0 3 1 1 0 3 4 2 4 0 3 0 3
   2 3 4 4 4 3 3 2 2 0 1]
  [0 1 2 3 0 3 3 3 4 1 4 0 1 3 2 2 1 4 4 3 2 2 2 0 4 4 2 0 0 3 2 1 0 0 0
   0 0 4 0 4 2 3 1 1 3 2 2 0 1 0 1 4 4 4 1 0 4 4 1 0 1 0 4 1 4 4 3 4 3 3
   3 1 2 1 4 3 2 3 2 4 4]
  [0 4 3 0 0 4 2 3 0 0 1 4 0 0 2 3 0 1 2 3 1 1 2 1 3 2 2 0 1 1 4 3 0 4 4
   1 3 4 3 3 3 3 0 4 2 2 2 1 0 2 0 3 3 2 3 2 4 3 2 0 4 2 4 0 2 1 3 0 3 0
   2 1 2 2 2 2 1 1 0 1 4]
  [0 2 0 0 0 3 2 4 2 1 2 1 1 0 1 0 2 1 0 4 3 0 4 2 4 0 2 4 3 3 2 3 3 4 1
   4 1 1 3 2 2 0 1 0 4 0 2 0 2 0 1 3 0 4 3 3 1 1 1 1 4 4 2 1 2 3 1 2 2 0
   1 3 2 1 0 3 2 2 1 1 2]
  [0 4 2 1 2 2 0 4 3 1 0 3 0 2 0 2 1 4 1 4 4 4 1 4 1 1 2 3 0 1 1 0 3 0 3
   3 2 1 3 1 4 2 4 2 1 1 0 4 0 3 1 2 0 1 1 4 2 0 2 4 1 3 3 2 4 2 3 2 1 4
   4 0 0 3 4 4 4 1 1 4 2]
  [0 1 1 1 3 2 0 1 4 0 4 0 4 1 1 0 1 0 2 0 4 3 1 1 4 0 3 1 3 4 3 3 3 3 1
   4 1 0 3 4 4 4 3 1 2 1 1 4 2 1 0 2 0 2 2 0 4 0 4 1 1 4 1 4 3 3 1 0 3 3
   0 3 4 1 2 2 0 3 3 1 0]
  [0 3 2 0 1 2 1 4 2 4 2 4 2 3 4 4 0 1 0 1 0 4 0 0 4 1 1 0 2 2 3 1 0 2 0
   0 3 3 2 1 0 2 3 2 2 4 0 0 0 0 2 3 1 4 4 2 1 3 2 1 2 0 2 3 3 1 2 3 2 2
   2 2 2 4 1 0 3 0 4 3 1]
  [0 2 2 1 4 1 2 0 1 4 0 1 2 3 1 3 2 0 4 1 4 2 3 4 1 2 0 2 1 3 0 2 4 2 1
   2 4 4 3 4 3 3 4 2 0 1 0 3 0 4 3 4 4 3 1 4 3 0 0 0 1 0 1 4 2 2 3 3 3 3
   1 2 2 3 0 3 3 1 4 4 3]
  [0 1 0 0 4 2 4 2 0 3 1 2 4 0 4 3 1 4 0 4 3 2 3 1 1 2 2 2 2 1 2 4 3 1 1
   3 3 3 3 1 2 0 2 3 3 4 0 4 0 1 4 0 3 3 0 4 0 2 2 0 2 2 3 0 4 4 2 0 2 2
   1 3 1 3 3 0 4 1 3 3 1]
  [0 0 3 2 4 2 4 0 1 3 0 1 2 4 3 0 2 1 1 0 1 1 3 2 0 0 1 1 4 2 0 2 2 2 0
   4 2 0 4 4 2 3 4 4 1 0 2 2 3 0 0 4 1 3 2 1 4 2 4 3 0 1 2 1 2 3 2 0 2 4
   3 3 4 2 4 2 3 0 2 1 3]
  [0 0 1 0 3 2 3 0 2 1 1 2 2 3 3 3 3 2 4 1 0 4 3 2 3 2 4 2 0 0 4 0 4 2 4
   1 2 0 4 3 0 3 0 3 0 3 3 1 2 0 4 3 4 3 0 4 2 4 4 1 2 2 4 4 0 2 3 3 0 3
   3 1 1 3 3 4 0 4 1 2 1]
  [0 4 4 4 0 0 3 1 3 3 2 2 1 1 4 4 4 4 2 3 2 0 1 1 1 2 0 0 1 2 0 3 1 3 3
   1 0 1 0 1 0 4 4 0 3 3 3 4 4 3 4 3 3 0 4 1 4 3 4 0 3 3 2 4 2 3 0 2 1 3
   3 3 1 0 3 3 4 1 1 2 4]
  [0 1 1 2 3 0 1 2 0 4 2 0 0 0 3 2 3 3 1 3 0 1 0 2 0 3 0 1 3 1 0 3 1 4 0
   3 3 4 1 3 3 1 1 1 0 2 2 0 1 1 0 0 4 3 0 1 3 0 4 2 1 0 0 4 4 3 3 0 0 0
   0 1 1 3 1 4 4 0 0 3 1]
  [0 1 0 4 3 0 2 2 0 0 3 3 4 3 2 4 0 3 1 0 2 2 4 0 3 2 2 1 0 2 2 1 3 1 2
   0 2 1 4 4 2 1 0 1 2 0 0 3 2 3 3 2 3 3 2 1 2 0 4 0 1 3 2 3 0 1 1 0 0 0
   3 0 2 2 3 0 3 3 3 1 0]
  [0 1 3 1 4 3 0 0 1 0 2 3 4 4 2 4 0 0 1 4 4 3 1 4 0 2 1 2 3 0 2 0 2 4 1
   2 3 4 3 0 0 2 2 0 1 2 4 3 4 3 0 1 3 4 0 1 2 2 1 4 2 3 3 2 2 4 3 3 0 2
   2 3 2 4 0 2 4 1 0 0 3]
  [0 4 2 2 4 1 2 4 1 1 4 0 1 2 2 4 2 1 1 3 4 4 2 3 4 0 2 4 4 1 4 4 4 4 4
   3 2 1 3 1 0 3 3 4 2 2 4 2 4 2 1 0 4 3 4 2 0 3 1 2 3 1 4 1 2 2 1 3 4 2
   4 0 3 1 4 4 3 3 2 3 3]
  [0 4 1 1 3 3 3 4 4 1 0 4 4 2 0 0 2 3 4 3 3 2 4 1 3 4 0 3 2 2 4 1 3 1 2
   0 2 4 3 0 2 2 3 0 3 4 1 2 4 0 3 4 0 2 2 0 2 0 0 0 2 0 4 0 4 0 3 4 2 0
   4 3 3 0 2 3 2 1 1 1 2]
  [0 1 3 3 4 0 0 2 4 1 4 1 2 1 4 1 4 1 1 2 4 4 0 3 2 4 4 0 1 1 1 0 2 4 2
   2 4 4 4 1 0 0 2 1 2 4 0 4 4 3 2 1 4 2 3 4 2 3 1 4 4 2 3 2 1 3 3 4 4 1
   0 3 3 2 0 3 1 4 0 3 1]
  [0 2 2 4 4 0 2 1 4 4 2 2 4 2 3 2 3 0 4 0 2 0 4 4 0 3 3 4 0 0 3 3 2 1 1
   3 0 4 3 0 2 0 0 3 0 3 0 4 4 0 4 3 0 4 3 0 1 1 4 4 3 1 2 3 3 1 1 1 0 2
   3 3 3 0 1 3 0 4 1 0 0]
  [0 2 1 3 1 4 3 2 3 2 4 1 3 0 3 1 4 4 4 4 2 4 2 3 3 4 3 2 3 0 2 2 3 3 3
   0 4 2 4 0 3 2 1 2 1 1 1 3 1 4 3 2 4 0 1 2 4 2 2 0 3 0 4 3 2 3 1 4 2 2
   1 4 1 1 0 2 0 0 4 2 0]
  [0 2 3 2 1 1 1 1 4 1 4 1 2 2 1 3 1 0 2 1 0 1 1 3 3 4 3 1 3 1 0 4 3 1 0
   3 0 3 0 1 1 2 1 1 3 1 4 4 0 0 4 1 3 3 1 0 1 1 4 2 4 0 0 4 4 0 3 0 1 3
   3 4 1 1 1 3 1 2 4 1 2]
  [0 1 3 3 0 3 3 1 0 1 0 1 0 4 1 4 4 2 4 4 2 1 1 3 1 1 4 3 3 1 3 0 0 3 2
   0 2 2 2 3 3 4 2 0 3 4 2 4 1 2 4 4 4 2 2 4 4 2 0 1 1 3 3 2 4 2 1 1 3 2
   2 2 3 1 3 3 4 0 1 0 2]
  [0 4 0 3 3 1 4 0 4 0 1 1 4 2 1 2 0 1 0 3 0 1 4 4 3 4 3 3 0 1 1 1 0 2 1
   3 2 0 4 3 2 2 2 1 2 3 2 4 1 4 3 2 2 2 2 3 4 1 2 2 3 0 0 3 0 1 4 4 4 4
   3 2 0 2 0 0 2 4 4 4 4]
  [0 3 4 3 0 1 0 0 2 1 2 1 0 3 3 0 0 0 3 4 0 1 1 1 1 1 0 4 2 1 1 3 4 0 2
   0 2 4 3 2 2 1 3 3 2 0 2 2 1 4 0 2 3 3 0 2 1 0 4 4 2 3 4 2 4 3 1 2 0 1
   1 3 1 3 2 1 0 2 2 3 3]
  [0 3 2 0 0 0 0 3 4 4 3 0 3 2 2 1 0 3 2 0 2 0 2 3 3 3 2 0 2 3 0 1 4 4 0
   0 0 4 1 1 1 0 1 1 4 3 0 0 1 1 0 4 3 3 3 4 3 4 1 4 2 3 2 3 2 4 0 2 1 1
   1 4 1 1 0 0 1 2 1 3 4]
  [0 3 3 0 4 1 3 3 1 4 4 0 0 3 2 1 2 1 4 4 2 4 2 2 1 0 1 4 0 0 2 0 3 1 3
   0 3 2 4 3 4 1 2 1 4 0 0 0 0 3 4 1 0 4 3 2 0 2 3 4 3 2 2 4 3 0 0 1 0 4
   1 2 2 2 1 2 2 1 1 4 0]
  [0 3 2 2 0 0 2 1 3 3 2 0 1 4 0 4 0 0 1 4 1 4 1 4 4 1 0 1 3 4 0 2 2 4 2
   3 0 0 3 0 4 2 2 0 1 4 1 2 0 0 4 0 4 1 2 3 1 0 3 2 2 4 2 3 1 0 2 0 1 3
   0 2 4 0 1 3 2 4 2 1 4]
  [0 3 1 2 1 2 1 2 2 1 3 3 4 2 0 4 2 0 1 2 2 4 4 2 1 4 1 4 4 2 3 0 2 1 0
   3 2 0 0 2 4 3 3 1 1 4 2 0 1 2 1 1 2 4 3 0 4 2 3 4 4 0 2 0 4 1 2 4 0 1
   4 2 3 0 1 0 4 2 3 3 4]
  [0 2 0 4 4 4 4 0 1 1 4 3 4 3 0 4 0 0 2 0 3 4 3 1 2 0 1 4 0 1 1 1 4 2 0
   1 1 2 0 1 2 4 1 3 3 0 1 0 3 2 3 0 2 4 2 2 0 3 0 4 0 3 2 4 4 3 0 2 3 2
   4 1 2 0 3 1 0 2 2 4 0]
  [0 1 4 2 1 0 1 2 0 3 1 2 1 3 2 2 4 3 3 4 3 1 3 4 3 1 2 1 4 0 3 1 3 2 0
   4 0 0 3 0 2 3 1 1 0 1 0 0 0 0 2 1 0 3 3 3 1 0 3 4 4 0 0 1 1 3 1 0 1 3
   0 0 2 4 0 1 2 1 1 2 1]
  [0 4 2 2 3 0 2 0 1 1 3 3 0 1 4 3 3 0 1 3 0 4 3 4 0 4 1 2 4 1 0 0 0 4 4
   0 4 3 3 1 0 0 3 0 4 4 0 1 0 0 4 2 3 4 1 3 1 2 4 3 3 2 4 1 2 3 2 4 4 2
   1 4 0 1 4 3 3 1 1 3 1]
  [0 2 3 2 3 1 0 0 3 4 3 3 0 0 4 0 2 1 1 1 0 4 4 3 1 3 1 1 4 2 0 2 4 3 3
   1 2 3 1 4 4 0 1 1 1 4 1 2 4 4 3 2 2 2 3 0 3 3 3 1 2 1 1 0 2 0 1 4 2 0
   4 3 2 3 1 2 4 0 4 3 0]
  [0 0 4 3 3 0 4 2 4 4 3 1 4 2 0 4 2 2 1 1 1 3 4 3 4 3 1 2 0 2 0 4 1 4 3
   3 3 4 3 2 2 2 0 0 1 4 0 0 3 1 4 4 3 2 0 1 4 2 2 1 2 2 4 1 3 3 1 0 3 4
   2 2 2 0 2 4 2 1 0 0 2]
  [0 4 0 2 3 4 0 2 1 3 1 2 4 1 3 0 2 4 3 3 3 2 2 1 2 1 3 0 1 4 2 2 3 3 1
   1 4 1 3 1 1 2 1 0 0 4 0 0 0 4 2 0 1 3 0 2 0 4 1 3 1 2 4 3 0 1 1 3 0 1
   4 2 4 0 2 4 1 0 4 1 3]
  [0 1 1 3 2 0 4 1 1 1 4 0 1 3 2 4 1 4 1 1 2 2 1 1 3 3 2 3 3 3 0 4 0 3 4
   3 1 2 2 1 4 0 2 4 0 0 4 4 2 1 1 4 4 2 3 1 0 3 4 1 1 1 4 0 1 4 4 1 4 3
   3 0 1 4 2 2 2 1 3 2 0]
  [0 4 2 2 0 2 0 0 1 2 3 0 2 0 0 4 3 4 1 4 2 2 3 1 2 2 3 0 2 4 1 0 1 1 3
   4 1 0 2 2 3 3 0 3 3 0 2 2 4 3 0 2 3 0 0 2 1 4 3 3 2 1 2 0 3 3 0 4 0 2
   4 2 0 0 0 2 4 2 1 3 3]
  [0 3 4 3 4 2 2 3 0 2 3 0 0 0 4 2 2 3 2 0 3 0 3 1 2 4 0 1 4 4 0 1 1 3 1
   2 1 3 2 2 1 0 0 3 2 4 0 2 3 1 3 1 4 1 0 2 4 0 0 1 2 2 1 4 1 2 1 4 1 3
   1 1 3 1 3 2 2 3 0 2 3]
  [0 0 4 2 1 3 1 2 0 3 0 3 3 4 2 3 4 3 3 3 3 0 0 2 2 1 2 4 1 2 1 1 2 3 0
   2 2 2 1 1 3 1 2 4 3 1 2 0 2 1 4 2 1 2 1 0 0 4 0 1 0 1 2 4 4 0 1 3 2 0
   4 2 0 2 3 0 4 2 3 0 0]
  [0 2 3 2 0 4 4 0 4 3 0 0 0 4 4 3 0 2 4 1 2 0 4 4 4 2 0 0 3 1 3 4 2 4 4
   2 4 2 0 1 0 0 3 0 3 1 0 4 0 0 4 0 2 3 0 2 1 1 0 0 4 0 4 3 2 0 4 3 2 2
   2 3 4 0 2 2 3 2 2 1 4]
  [0 2 4 1 4 1 2 0 0 2 0 4 1 3 4 1 2 1 3 3 1 1 4 2 2 1 3 2 0 4 4 0 2 0 1
   2 0 4 4 1 3 1 4 0 2 2 2 3 0 0 4 4 1 2 1 0 4 2 1 3 1 2 1 2 3 4 3 1 4 0
   0 1 4 1 4 2 2 1 4 0 0]
  [0 4 1 2 1 3 2 3 2 4 1 2 2 2 4 0 4 1 0 2 2 3 1 3 0 1 4 2 4 0 1 2 2 1 2
   3 0 1 1 1 4 3 3 4 0 1 3 2 3 2 0 4 1 4 2 2 1 1 4 3 0 4 2 1 0 0 1 2 2 2
   1 1 2 3 2 3 2 0 4 2 4]
  [0 1 3 0 4 0 3 3 0 4 1 1 0 3 3 2 2 1 3 0 2 1 4 1 0 3 4 3 3 0 4 3 4 2 4
   0 3 0 3 4 3 4 0 0 0 3 1 3 0 4 3 0 4 0 0 3 0 1 3 1 3 1 2 3 3 2 0 2 4 4
   0 2 3 1 1 4 4 0 1 0 1]
  [0 2 4 3 3 2 0 3 4 1 4 3 3 4 3 2 3 4 3 2 2 3 3 1 2 2 2 2 1 2 1 2 1 4 1
   4 3 4 3 3 2 0 1 3 0 3 2 0 4 0 1 3 0 0 0 3 3 2 4 1 3 3 4 0 2 1 0 3 2 3
   1 1 3 0 2 2 4 1 3 1 4]
  [0 3 0 3 2 0 2 4 3 3 3 4 1 1 4 3 3 3 2 3 0 4 1 4 1 2 1 2 1 4 0 0 4 4 4
   4 4 3 3 1 1 2 3 1 3 1 0 0 0 3 3 4 2 0 3 0 0 3 3 2 2 2 1 4 3 1 3 1 3 0
   3 0 1 4 4 2 2 1 0 3 4]
  [0 0 0 2 0 1 3 4 2 3 4 0 0 2 4 1 3 2 3 0 1 2 3 2 0 1 1 1 4 4 1 3 4 3 3
   1 1 1 2 4 1 0 0 3 1 1 2 2 4 2 0 2 1 1 0 1 0 2 2 4 1 1 3 1 0 4 1 2 0 0
   3 1 0 1 4 2 1 1 0 3 2]
  [0 0 4 0 0 1 1 1 4 2 3 4 4 3 4 1 0 1 1 2 1 3 3 4 0 0 1 4 0 0 4 1 0 4 3
   3 0 0 4 0 1 1 1 0 1 2 0 4 1 0 3 1 1 3 2 0 1 1 4 0 0 4 3 3 2 4 3 2 3 1
   2 4 1 3 3 0 4 2 4 1 1]
  [0 3 3 0 1 3 3 0 2 4 1 0 1 0 0 3 0 2 1 2 3 0 2 0 4 0 4 1 3 2 3 4 0 1 2
   0 3 1 4 0 2 0 1 0 0 2 3 2 4 1 1 1 2 0 0 3 0 4 2 2 2 4 1 1 3 4 2 1 1 3
   1 2 1 4 2 4 2 0 0 1 3]
  [0 0 0 0 3 0 3 4 4 3 4 3 2 1 3 4 2 2 1 4 3 1 0 4 4 2 2 1 4 2 0 3 4 0 3
   2 0 0 0 4 0 4 1 4 0 2 4 4 4 0 1 0 2 3 4 4 0 0 2 3 0 0 3 3 0 1 0 4 2 0
   2 2 2 0 2 1 4 4 0 1 4]
  [0 0 1 3 0 4 1 2 3 1 2 4 3 4 2 0 0 3 0 0 2 3 2 0 1 0 4 1 2 2 0 0 1 2 1
   3 3 0 0 4 2 2 1 1 0 2 1 0 4 3 0 0 0 3 1 1 2 4 0 1 2 4 3 4 1 1 1 0 3 1
   3 1 0 0 0 1 2 3 0 4 2]
  [0 2 3 4 1 0 3 1 3 3 3 0 1 0 3 3 0 1 1 1 3 1 0 0 4 1 3 1 3 4 2 0 2 4 3
   4 2 4 2 1 1 1 3 0 0 1 2 3 4 1 1 3 2 3 1 3 0 3 0 0 2 3 4 1 1 4 4 3 4 2
   4 0 3 1 4 2 2 1 4 3 4]
  [0 1 4 0 4 0 0 1 0 4 4 0 3 0 4 0 0 0 2 4 4 4 4 2 3 2 2 1 3 2 0 2 0 1 4
   1 3 1 2 3 2 4 2 3 4 1 1 1 0 2 3 3 1 2 4 2 0 4 1 2 0 2 3 0 4 4 0 2 3 2
   4 2 1 0 2 3 1 2 3 4 3]
  [0 0 4 4 0 1 0 0 1 1 0 2 2 3 4 0 1 0 4 2 0 0 4 1 2 0 0 4 2 1 3 0 1 4 2
   3 3 4 3 1 1 1 2 3 1 4 2 1 1 1 3 2 0 0 2 0 1 1 3 1 3 0 4 0 0 0 3 0 1 4
   0 2 0 4 1 2 4 2 2 0 1]
  [0 3 0 0 1 4 0 4 2 3 4 1 4 1 2 1 2 4 1 4 1 0 1 4 3 2 0 1 2 0 3 4 0 3 1
   0 4 3 1 1 3 4 4 4 4 2 0 4 1 1 1 4 1 2 2 2 2 3 1 2 3 1 0 2 0 4 1 1 2 3
   2 4 3 0 3 4 2 2 3 0 2]
  [0 0 3 2 2 0 2 3 3 2 2 1 2 0 4 3 2 2 3 2 2 2 2 2 3 2 2 4 4 4 3 2 2 2 0
   3 3 2 0 0 1 1 1 1 4 3 3 4 2 0 3 3 0 3 0 0 1 3 4 4 2 2 3 0 3 2 4 2 2 3
   4 2 1 4 1 2 2 1 2 2 3]
  [0 2 0 1 3 0 3 1 4 3 1 4 2 2 3 2 3 1 1 2 1 4 2 4 2 0 4 1 4 0 1 4 2 0 4
   3 2 0 3 3 2 0 3 0 4 2 0 0 4 2 2 0 3 1 1 0 2 4 4 2 2 0 0 3 0 4 3 1 3 4
   4 4 0 4 0 2 0 1 4 2 3]
  [0 3 1 2 0 0 1 3 1 4 0 1 4 3 3 0 2 2 4 4 1 0 0 0 2 0 2 0 4 0 1 3 3 3 4
   4 1 0 4 4 4 4 4 3 0 2 3 4 0 0 3 3 4 3 3 1 2 4 1 1 4 1 0 3 1 0 2 1 1 4
   0 1 4 0 4 3 4 0 0 2 4]
  [0 3 1 0 1 0 0 4 3 2 4 0 3 3 1 1 3 1 0 1 3 1 1 2 0 0 0 0 4 0 4 4 1 2 3
   1 0 4 1 0 0 0 4 0 2 0 4 4 0 2 3 0 2 4 4 2 2 1 0 3 4 2 1 0 0 2 0 3 4 1
   4 3 0 1 0 1 2 0 3 2 0]
  [0 3 4 2 4 4 4 4 4 4 1 2 4 0 0 3 4 3 4 3 4 0 1 1 0 3 1 3 2 3 1 2 2 3 2
   2 0 4 1 3 3 2 4 2 3 2 1 1 0 2 3 2 2 4 2 3 4 2 0 2 3 0 2 0 1 0 1 0 4 4
   2 1 4 3 2 0 0 2 3 1 4]
  [0 4 0 3 2 0 1 2 1 3 3 2 1 3 3 3 3 2 4 4 0 3 1 1 2 0 2 2 1 4 4 0 3 1 2
   0 4 1 4 4 1 3 3 2 3 0 4 4 0 3 3 1 2 3 2 0 1 1 1 4 3 4 3 0 0 3 2 1 0 1
   1 3 2 2 2 4 1 4 1 0 2]
  [0 1 0 1 3 4 1 4 4 2 4 1 2 2 3 2 2 0 3 0 0 3 0 3 3 2 4 3 1 4 0 4 4 0 1
   0 1 2 3 1 3 1 2 1 2 2 4 0 0 0 2 3 1 4 0 2 2 4 2 0 0 0 2 0 4 2 0 3 0 0
   1 3 4 2 0 1 3 1 0 3 4]
  [0 3 4 3 0 0 3 3 0 4 2 3 3 2 0 0 1 2 4 0 4 3 0 4 1 3 3 2 1 3 4 2 1 4 4
   3 0 3 1 3 3 1 4 3 0 4 2 2 0 2 0 2 3 1 3 4 2 0 0 0 4 4 3 0 2 3 2 3 2 1
   0 4 0 4 1 0 0 2 1 3 4]
  [0 0 2 3 1 1 3 4 1 4 4 2 3 1 2 0 2 2 2 1 1 0 4 3 2 3 3 0 3 3 3 4 2 0 1
   1 1 3 2 3 3 2 2 4 1 2 2 3 1 1 1 3 4 2 4 4 0 0 2 4 1 1 2 2 2 2 1 1 1 4
   2 0 1 4 3 2 1 3 1 4 4]
  [0 2 2 3 0 4 1 1 1 1 2 3 2 1 2 0 2 3 4 2 3 0 0 0 3 4 2 1 4 1 3 1 1 1 4
   0 3 1 2 3 0 1 4 0 0 4 2 0 3 2 3 4 3 4 4 0 2 1 0 4 3 0 0 1 2 3 0 0 0 4
   2 2 0 4 4 1 0 2 1 2 2]
  [0 0 4 3 0 0 4 4 1 0 4 0 4 4 0 4 2 2 2 3 4 2 0 3 3 0 1 1 4 2 4 3 3 3 0
   1 1 2 2 3 4 3 2 1 1 3 1 2 2 0 0 3 2 1 4 4 0 0 1 0 1 2 1 2 2 0 4 3 2 0
   1 2 0 0 4 1 4 2 1 3 0]
  [0 2 2 0 3 4 2 2 3 1 3 1 2 1 3 1 0 1 1 1 3 4 3 4 3 3 2 0 3 4 4 4 3 0 4
   3 2 0 1 4 3 4 4 3 4 3 3 3 2 0 0 1 2 0 3 3 3 3 2 4 1 4 1 1 4 2 3 3 4 3
   3 1 0 4 0 1 2 1 1 2 4]
  [0 4 1 2 3 4 0 0 3 3 3 0 0 2 1 3 3 1 2 0 0 4 4 1 3 2 3 3 1 0 2 3 1 3 1
   1 1 1 1 0 2 0 0 4 1 4 3 0 1 3 4 1 4 3 4 3 0 1 2 2 4 0 0 3 3 4 1 2 3 1
   1 4 1 4 1 0 0 3 4 3 3]
  [0 3 2 1 1 2 2 0 1 0 2 4 0 2 0 4 3 4 2 4 4 3 3 1 2 4 2 2 2 0 2 2 1 0 2
   3 4 0 2 4 3 1 3 2 2 4 3 3 1 2 0 2 1 0 3 3 4 4 2 2 2 1 2 4 1 4 2 4 0 2
   1 1 1 2 4 3 0 2 3 3 0]
  [0 1 0 2 1 2 3 3 3 1 1 1 0 4 2 0 2 1 0 2 3 0 2 0 3 3 2 4 1 3 3 2 4 1 1
   1 0 4 1 2 4 4 4 3 0 1 3 0 3 3 4 4 4 0 1 3 1 4 4 4 1 1 4 4 0 1 0 4 2 4
   0 3 1 4 1 1 4 0 1 0 2]
  [0 1 4 4 2 4 1 3 0 3 3 3 4 4 1 0 1 3 3 4 1 3 1 3 2 0 0 1 3 0 2 2 4 2 1
   4 3 0 2 1 0 4 0 2 0 1 1 4 4 0 2 4 4 0 1 2 2 0 2 0 2 0 0 2 4 1 2 2 3 4
   3 3 2 0 4 4 0 2 0 4 1]
  [0 3 3 1 1 3 0 4 2 0 4 1 1 1 2 2 1 2 3 3 4 0 4 2 4 1 0 0 1 0 4 0 1 1 0
   3 2 3 1 1 1 2 3 3 3 3 1 0 4 1 0 3 4 3 4 0 2 4 4 1 0 4 3 4 3 4 1 4 2 0
   2 2 1 2 3 0 1 2 2 0 4]
  [0 2 2 1 3 0 0 1 2 2 4 1 1 0 3 2 3 0 0 1 2 3 2 0 4 4 3 1 2 4 1 4 4 4 2
   4 2 4 2 4 2 4 0 2 0 4 4 2 3 0 1 2 3 4 0 2 2 3 0 1 2 1 4 2 1 2 3 2 0 4
   1 3 1 2 0 4 4 4 4 1 0]]]
release_time
[  0  25  46  58  55  59   3  71  32  53  28  34  59  77  30  21  57  67
  29  21  20  63  65  44  19  42  36 224  19  57  27  54  56  22  60  15
  49 159  64  28   4  45  53 113  62   3  20   7  17 157  69  57  57  21
  43  19  40  27  70   7  24  40  33  27  53  14  64  62  52  43  64  10
  38  77   3  11   4   0  19  10   8]
due_date
[  0  62  76  64  65  69  72  80  96  69  77 121  72  79  61  77  69  75
  72  63  74  75  75  76  62  74  71 231  69  70  77  75  73  64  71  74
  64 194  79  61  68  77  78 175  96  69  63  63  78 235 126  69  75  71
  76  68  76  61  77  64  62  72  61  74  65  73  84  65  63  74  72  61
  80  79  67  67  80  65  64  61  68]
unit_emission
[ 9 14 18 14 18 11  2  8  6  4]
emission_limit
44578.0
setup_severity
0.02
due_tight
0.9
due_range
0.25
release_tight
1
degree_constr
0.8
