mach
10
job_rate
12
weight
[ 0  7  5  8  7  5  5  3  1  1  2  8  5 10  1  9  6  8  1  6  1  2  7  6
  9  1  5 10  1  2  6  4  8  9  9  7  9  4 10  8  2  6 10  1  2  4  4  6
  3  7  9  2  9  9  3  7  9  3  5  8  8 10  4  8  4  6  5  6  6  7  3  6
  5  8  9  1  1  2  2  4  6  9  3  2  1  4  6  7 10 10  5  9  6  5  8 10
  6  4 10  1 10  8  4  2 10  3  1  2  5  9  7 10  6  7  3  3 10  7  1  5
  5]
proc_time
[[  0 126  59  55  60  60  66  61 115  71 102 137  79 121 148  97 123  76
  141 114 140  63 120  80 126 149  85 118  72  52  51  80  51 144  61  89
  135 150  67 129 143  74 147 111  63 109 102 122  51 123 113 124 148 115
  109  92  65 130  98 103 147  55 111 104 119  50  79  96 123 111 145 128
   54 114  75  85  69  88  54  55  88 128 134 109 105  75 148  50 118  88
  150  58  52  50 113  97 137  71 131  53  96  84 118  71  62  57 113 139
   54 146 112 101 120  64  75  81 129  51 137  50 111]
 [  0  51 109 114 104  85  60 113 110  65  98 102 111  79  64  69 129 135
  131  87 137 114  96  77 111  69 126 147  57  86 102  81 135 117  96 112
  119  87 111 131 104  60 136  55  91  88 128 100  69  71 130 104 105  73
  146  73  74  72 136  54  71  50  91 112 101  85 114  81 103 134  80  95
  141 117  85 118 126  89  78  99 119  88  73 131  92  58  78  81 140 130
   80 120  81 106 133 135 107  50  87  58  70 114 131 136  97 132 136  92
  125 139 132 125 121 131 110 150 115  84 123  99  98]
 [  0 143 102  92 112 104  65 109  50 127  81  51  71  61 132 141  78 149
  113  56 139  73  95  70  71 133 145 137  71  81 104 148 147 150 130 107
  121 130  66 107  55 136 129 111 114  61 115 127 121  63 148 125 116 141
   74 148  92 105  67 137 116  88  54 147 108 126  54  81 120  78 146  89
   53 138 117  52  58 137 101  70  54  57  85  62 118 134 129 138  86 107
  143  60 126 142 128  72  98 123  77 120  75 108  75 128 143 108  70  63
   69  84 103  88 130 113  57 125 147  81 124 133 124]
 [  0 146 133 139 112  79 134 108 106 120  96 120  62 130  91 119  66  74
   67 105  79 148 127  67  62  70 122 147 130 111 138 122 119  83  51 115
  102 103  93  71  62 146  89  98  63  96 124  53  57 106  73  92 111 145
   92 131  98  80 134  90 143  84 135  68 102  53  65  80  55 101 100 143
   97 134 137 130 129 101 112  71 146 110  52  99  58  71  89  68  72  63
  110 122 148 114  54  55  89 127 129  66  52  96  72  65  59  74  87  66
   99  71  61 120  60 119  90 145 142  89  80  53 107]
 [  0  80 126 147  63 110 121 106  79  62 107 135  79 141  89  75  93 113
  130 130 149 100 131  84 102 146 144 107  82  84 133 113  85  98 127  51
  137  59 128  73  61 104 107  94  85 132 139  83  85 132  67  99  57 129
  146 122  85 139  97  76  60  86 121 115  88  75 141  97 133 112  91  69
  123  73 109  91 111  59  57 107  82 114 145 115 108 122  54  72  75  74
   76  76 147 147  88 132  75 147 146  98  78  64 149 115 132 122 149  81
  148  53 100 150 116  72  73 150 149  90 124 111 111]
 [  0  82  75  50 133  61  74 121  97  75  78 138  81  55 136  54 146  85
   77  67 133  54  50 110  88 113  98  93 103 140 123  65 119 124  61 106
  126 108  81  50 121 131  96  58  61  54 126 147 116 149  82 109  60 150
  133  83  95  85  73  52  81  93  75 150  70  98 117 109  63 101 109  90
   71  63  85 142  77 115 112 147 116 142  57 146  57 105  77 124  57 147
   64  63 131  95 141  64 149 122  69 123 108 143  80  74  86  77 103  91
   80  80  89 146  66 112 128 100 133 121 117  92  54]
 [  0  62  76 115  79  90  87 134 103  91  62 129 115  91  62  63  68 105
  148  76 109  63 110  63 126 122  50 143  96 124  61  74 118  66 124  66
  105 133  53 118 108  53 103 131  69 142 127 122 120  55  87  76 128  79
  116  51  81 128 133 118 128  59  74  69  56 109  73 141  60  73  69  74
   80  71 111  89  77 144  96  65 139  91  64 150 116 106  98  63  60  66
   54 130  73 100  76 137  64  98  52 131  66 139  92 149 123  80 140  85
   52  65  87 130  81 136 123  59 104 114  58 119  75]
 [  0  78  93  51  83  95 137 134 111  92  95 116 111 132  76 120 113 110
  119  53 130 128 129  51  85 109 128  95  63  85 109  56 136  69 136  60
  130  52 112  74  85 115  53 144  78 104 140 111  90 139 117 142  52  78
   65 102 122 113  57 147  78 110  80 136 117 111  51 137  62 115 143  76
   94  81 138  64 134 118  67 143  60  58  67  97  82 129  99  50 100 110
  128  78 101  88 123  97  93  56  51  93  60 103  90 112  53 116 120  84
  112 124  51 138 106  70  85  78  83 115  51 122  81]
 [  0  85  76 100 102 114 107 118  71 120 149  59 135 138  87  91  98 117
  115  79 114  73  56 105  83 119 105  83  65 110  69  60  75  99  79  70
   59  74  89  79 117  57 120 103  94 112  97  82  62 120  93  97 109  57
  120 146 118 135 145  66 149  62  51 142  50 141  53  70 112 135  83  52
   96  91  69  58  80  73  79  64  73  63  55 134  91  99 117 108  54 115
   53  51  57  60 119  83  63  98  76  85  50  89 128  67  65 135 147 132
  137  64  66 135  67 107  54 133 123  92  78  56 137]
 [  0 114  95 130 121 104 150 147  66 147 105 123 117  63  66  79 132 137
   79 111  95  95 117 148 132 108 148  89  66 126 107 148  59  66  55  76
  133 106  87 102 147 129 113 131 150 133 100 124 136 117  50 150  51 125
  150  64  69  95  95 132  71  90  53  99 103  68 142 121  82  64 116  62
  117 113  68  81  93  94  92 142  76  78 110 136  96 120 113  80 128 148
  110  80  64  86 144  92 136 126 135  56 138  80  80  87 125  67  63  55
   69 120 114  69  78 138  83 125  57 126  79 123  86]]
setup_time
[[[0 3 2 4 4 3 2 2 4 1 2 2 3 4 2 4 0 2 0 2 0 4 0 1 3 3 3 2 4 4 1 0 3 0 4
   2 3 3 4 0 0 3 0 3 0 0 2 3 0 2 4 1 3 3 1 0 3 1 4 2 2 0 4 2 1 0 4 0 2 1
   3 0 1 4 4 4 3 0 2 3 3 3 2 3 2 0 0 4 2 4 3 1 1 2 4 2 4 0 1 4 3 4 2 4 0
   0 2 1 1 2 4 4 0 4 2 1 4 0 2 1 3]
  [0 0 0 2 0 3 3 0 3 3 0 0 3 0 4 2 1 2 1 4 4 2 2 0 0 3 4 3 3 3 0 3 0 3 3
   3 4 1 3 2 2 0 3 1 4 1 0 2 4 1 0 2 4 0 0 0 3 3 0 0 3 0 1 1 4 4 0 3 1 3
   1 3 0 2 4 1 0 2 2 0 4 1 1 0 1 1 2 4 2 1 2 0 0 0 1 4 1 0 2 1 3 0 2 3 0
   1 3 0 2 2 0 2 4 0 1 0 4 4 2 3 4]
  [0 1 0 3 2 4 1 1 1 3 2 3 1 1 4 0 1 2 0 0 3 4 3 0 2 4 3 4 2 3 1 4 4 1 4
   3 3 1 2 2 2 1 3 2 3 0 3 2 3 1 3 2 3 2 4 1 0 0 1 1 0 1 0 2 2 3 2 4 4 3
   3 3 3 1 0 3 3 2 0 2 0 0 3 0 2 2 3 3 0 1 1 3 3 3 1 2 4 1 1 3 1 4 2 2 3
   4 1 3 3 4 0 0 0 4 1 3 4 0 0 1 0]
  [0 3 0 0 3 4 3 0 3 4 2 0 2 0 3 1 3 0 2 1 4 0 4 0 2 3 4 4 4 0 0 0 1 1 4
   1 0 2 3 2 2 3 1 1 0 1 3 2 1 4 0 1 3 1 0 1 1 4 4 0 0 4 1 1 0 1 0 1 1 0
   0 1 1 1 1 1 0 2 1 4 3 0 4 0 3 0 3 0 3 2 3 3 3 4 3 0 0 0 2 4 2 2 4 3 3
   2 3 2 0 0 3 1 4 4 2 4 4 2 3 4 2]
  [0 3 1 4 0 1 3 3 2 2 0 4 4 0 4 4 1 2 1 0 4 2 4 4 0 0 2 1 3 0 1 2 3 4 3
   3 4 0 0 4 4 2 2 0 1 4 2 0 3 0 3 0 1 4 4 0 1 0 3 3 1 4 2 0 2 3 1 2 0 4
   4 3 0 2 2 1 3 0 4 0 4 0 0 3 1 4 2 4 3 4 0 1 4 1 2 0 2 3 2 4 1 2 3 1 3
   0 0 1 3 4 3 4 4 0 2 2 1 0 3 3 1]
  [0 4 2 3 4 0 0 1 3 1 3 1 2 1 0 1 4 1 3 2 0 3 4 3 2 4 3 0 2 4 2 0 4 3 3
   4 3 4 4 1 2 1 0 2 2 1 4 0 4 3 4 2 2 1 4 0 1 4 1 3 3 4 4 1 4 4 3 3 0 1
   2 2 3 3 0 0 4 1 2 1 4 3 3 3 3 4 1 2 2 4 0 2 4 3 0 4 1 1 3 2 3 2 2 2 1
   2 1 2 2 1 2 0 0 1 2 4 0 0 1 2 4]
  [0 2 1 2 1 4 0 2 0 1 1 4 2 3 3 4 2 3 1 3 3 4 4 3 1 2 3 3 4 0 4 1 2 0 4
   2 1 4 0 4 0 0 0 4 4 0 2 4 4 2 4 4 3 0 1 0 4 3 1 0 2 2 2 0 3 2 3 0 4 1
   2 4 1 4 3 0 0 0 3 0 1 4 1 4 3 1 2 3 1 3 2 1 0 0 4 1 3 3 1 2 2 1 0 1 1
   2 2 4 4 4 1 0 1 4 4 2 1 2 0 0 4]
  [0 3 4 0 0 2 3 0 1 2 4 2 4 0 4 1 2 1 3 3 1 0 0 4 0 3 0 2 1 3 4 3 2 0 2
   4 2 2 4 1 1 1 2 2 4 4 3 1 1 1 3 1 0 2 3 1 0 4 0 4 2 2 3 4 0 2 2 3 2 0
   0 2 4 2 3 4 2 2 3 4 3 1 4 2 1 4 0 3 3 0 0 3 1 3 0 4 2 0 1 1 1 2 4 4 2
   4 2 4 1 1 0 3 4 1 1 3 3 4 2 1 2]
  [0 3 4 1 3 2 4 0 0 3 0 3 3 3 2 4 2 3 3 1 4 3 2 4 2 4 2 0 4 1 0 1 4 2 3
   3 2 2 3 4 3 3 0 3 0 0 0 3 3 1 1 4 2 3 1 2 1 0 3 3 0 3 1 3 3 3 4 3 0 2
   4 4 4 4 4 1 4 4 4 4 4 1 1 3 4 0 0 3 1 4 2 0 1 1 3 0 2 1 4 0 1 4 4 2 4
   2 0 3 0 1 2 4 4 4 2 0 0 1 3 3 2]
  [0 3 4 4 1 2 1 2 4 0 3 2 3 1 0 2 4 2 1 1 3 4 0 1 2 0 1 2 4 1 4 1 3 0 0
   0 4 0 0 4 0 4 1 3 3 1 2 1 0 1 4 3 3 0 1 0 4 4 0 3 3 2 3 4 1 0 4 1 1 1
   1 1 3 4 3 3 2 1 2 1 2 2 4 0 1 4 2 0 0 2 1 4 3 4 3 3 0 3 3 1 0 1 1 1 4
   0 2 0 0 4 2 0 3 4 2 2 2 0 0 3 3]
  [0 1 2 0 2 4 0 2 0 1 0 3 3 4 2 1 4 4 2 2 2 2 0 1 4 1 2 3 2 1 2 2 3 1 3
   2 2 0 3 4 1 3 3 2 4 0 1 1 3 0 3 4 4 2 0 2 2 2 2 2 4 3 1 1 4 0 0 0 4 1
   2 2 0 4 0 2 4 0 4 3 2 2 4 1 4 1 0 4 3 0 1 3 2 4 2 3 1 0 4 2 4 2 1 4 0
   4 3 3 0 2 0 1 1 1 2 4 1 4 2 0 3]
  [0 1 1 4 3 1 1 4 4 0 1 0 4 1 0 4 2 2 3 2 2 4 0 0 0 0 2 1 0 4 4 3 3 4 3
   1 2 2 0 3 2 3 1 0 3 4 3 3 0 1 3 0 4 0 0 3 0 4 0 0 0 2 0 1 3 2 3 3 4 2
   0 0 3 1 4 1 3 0 0 1 3 3 0 1 1 0 2 0 1 2 1 2 2 3 4 2 1 2 2 4 4 2 2 1 2
   2 2 4 0 2 4 1 4 3 2 2 2 1 3 2 4]
  [0 0 3 2 2 2 4 0 4 4 3 4 0 4 0 0 2 3 1 2 2 0 1 3 0 3 3 0 3 3 3 2 4 0 3
   0 1 4 0 1 2 4 4 0 1 1 4 4 2 3 4 0 3 0 1 0 1 4 4 4 4 2 0 2 2 4 3 3 3 0
   0 2 4 4 2 1 3 3 3 4 3 2 1 1 2 0 0 0 4 2 1 2 4 0 4 0 1 1 0 3 1 4 3 2 1
   0 4 4 3 3 1 0 1 2 3 2 2 4 0 3 4]
  [0 0 1 2 1 3 4 1 4 3 4 4 1 0 1 3 4 1 1 1 3 2 4 3 0 4 0 4 0 3 3 4 1 2 0
   1 0 0 2 0 1 3 1 3 2 0 2 4 1 2 1 0 4 2 0 3 4 1 0 1 4 3 4 2 0 0 3 1 0 4
   4 4 3 3 4 4 4 2 4 1 0 3 4 0 2 1 3 4 3 2 2 3 0 3 0 4 2 1 3 4 4 1 1 3 3
   0 1 3 3 1 3 2 3 0 2 1 4 2 1 1 3]
  [0 4 4 2 3 0 1 4 4 0 4 4 1 4 0 4 3 4 2 4 1 0 4 4 1 0 3 4 3 4 2 2 1 3 0
   3 0 4 1 4 0 2 1 2 3 1 1 1 2 3 1 1 3 1 1 3 3 0 4 4 4 0 4 2 0 1 4 3 3 0
   1 0 0 3 3 4 0 3 3 1 2 3 1 3 3 2 2 4 2 4 3 3 4 1 4 4 2 1 3 3 4 3 0 0 4
   3 0 1 2 0 3 4 0 0 4 0 2 4 0 3 0]
  [0 1 0 2 4 4 1 3 0 0 0 3 2 4 4 0 3 3 2 4 3 3 2 0 4 0 3 0 3 1 4 0 0 2 2
   1 0 1 1 3 2 2 0 2 2 0 0 3 2 1 3 1 4 2 2 0 1 0 2 3 1 0 2 0 0 3 0 3 2 4
   2 4 0 0 4 1 2 2 1 1 0 2 4 2 3 0 0 4 0 1 1 4 2 2 0 2 0 4 3 2 3 4 1 1 1
   0 1 3 0 0 1 0 0 3 4 3 4 2 0 3 0]
  [0 3 2 2 4 4 1 1 1 0 1 4 2 4 4 4 0 2 1 2 2 4 4 2 1 1 4 3 1 1 2 2 2 2 4
   0 1 0 4 2 2 0 2 4 1 1 0 4 1 4 0 1 0 3 4 0 0 4 0 0 4 1 1 0 0 4 1 3 2 1
   0 4 2 4 1 2 1 2 1 1 4 2 2 4 1 2 4 3 0 1 4 1 4 1 4 4 3 4 3 4 0 2 3 4 3
   1 3 2 1 1 0 3 2 1 4 3 2 3 3 4 2]
  [0 4 0 2 0 2 0 4 1 1 3 0 2 1 0 1 2 0 3 1 3 1 3 1 2 0 0 1 1 2 0 4 2 0 0
   0 3 2 3 3 4 3 1 3 4 3 0 2 3 3 1 1 4 2 1 3 2 0 2 2 4 2 3 1 3 3 2 1 3 0
   0 2 2 2 1 1 4 0 0 4 4 2 4 2 1 4 4 0 3 3 0 1 3 1 1 2 3 4 2 2 4 2 0 2 0
   4 2 0 3 0 2 3 4 1 0 4 0 3 1 3 2]
  [0 2 3 3 1 0 2 4 1 2 4 3 0 2 1 3 4 0 0 0 1 1 2 4 0 3 3 1 3 4 4 2 0 3 0
   0 2 3 1 3 4 0 1 2 1 1 0 3 2 4 2 0 0 1 0 2 0 4 3 3 3 4 0 1 0 4 3 3 1 0
   0 0 4 1 2 3 1 4 2 1 1 1 2 0 2 1 1 4 3 2 1 1 1 3 2 0 2 3 2 3 2 3 3 0 4
   4 4 2 0 0 2 3 1 3 1 4 4 0 0 2 4]
  [0 1 2 3 3 1 3 2 0 2 0 2 2 4 2 4 3 4 4 0 4 3 3 4 0 4 4 4 0 1 0 2 2 2 4
   4 4 1 4 0 3 4 1 4 1 4 1 4 0 2 1 4 0 0 4 4 2 3 2 1 4 2 3 0 4 2 0 4 2 3
   3 0 0 0 4 3 0 0 2 3 4 0 4 2 2 4 4 2 1 3 1 4 3 2 1 0 3 3 2 3 4 3 0 2 2
   4 3 0 4 2 2 4 3 4 2 3 4 0 1 1 1]
  [0 1 4 2 1 2 2 2 0 3 1 1 0 3 1 0 3 4 4 4 0 4 2 1 2 2 0 0 4 0 1 2 3 4 1
   2 1 1 4 0 1 3 0 4 1 3 3 4 3 4 3 1 3 0 2 4 4 4 3 3 0 0 0 3 0 2 3 3 3 3
   1 1 2 1 0 4 4 1 1 0 4 0 3 3 1 3 1 0 3 4 0 3 2 0 1 3 4 0 4 4 0 4 2 2 3
   2 2 4 4 2 3 0 4 0 3 2 2 3 3 3 2]
  [0 3 0 3 3 4 1 4 2 0 3 1 0 3 4 0 1 4 0 4 3 0 1 0 3 1 3 3 0 4 3 3 3 3 4
   4 4 2 3 1 1 0 3 3 3 0 4 2 3 4 4 3 0 2 2 2 2 3 1 4 4 1 3 0 2 2 3 2 3 4
   1 2 1 2 3 1 2 4 2 4 1 1 0 2 1 1 4 3 3 4 4 0 4 2 2 3 2 3 3 0 0 4 0 1 3
   4 1 3 4 0 2 3 3 2 4 1 2 1 2 2 0]
  [0 0 3 2 3 0 2 1 2 2 2 4 0 4 0 1 3 1 4 1 3 3 0 0 3 0 1 1 0 0 4 1 1 4 2
   4 3 1 4 4 4 0 0 1 1 4 1 0 2 0 0 4 1 1 2 0 2 4 1 1 3 4 1 1 3 0 0 0 4 0
   2 2 1 1 4 4 3 4 4 1 3 2 2 2 4 0 0 1 0 0 3 1 0 0 2 0 1 2 1 4 4 4 0 4 1
   2 0 3 2 1 2 3 4 1 0 2 4 0 2 1 0]
  [0 2 0 4 4 0 0 4 4 0 1 2 1 2 1 0 0 0 1 3 4 3 0 0 4 4 1 1 0 0 0 4 0 1 1
   1 4 3 1 0 0 0 4 3 1 3 3 2 3 3 0 1 3 3 1 4 1 4 2 2 3 1 2 2 0 3 0 3 1 1
   1 4 2 2 2 1 0 0 1 0 1 2 2 0 3 4 0 4 1 1 3 4 0 4 3 0 1 2 2 4 4 3 0 1 2
   2 1 1 2 1 3 0 4 4 0 2 1 0 1 3 4]
  [0 4 3 4 1 2 4 4 2 3 3 2 4 3 3 0 0 2 3 3 0 4 3 0 0 2 3 4 3 1 1 0 1 4 0
   1 1 4 0 2 2 1 4 2 4 4 1 0 0 2 4 1 1 4 1 2 0 2 3 2 4 2 4 1 1 2 3 4 2 4
   1 4 3 2 0 4 3 0 4 4 1 2 1 1 4 2 3 1 0 4 2 3 0 3 2 0 0 4 2 2 2 0 0 0 0
   2 0 1 0 1 1 2 3 0 3 2 4 3 0 0 0]
  [0 4 3 0 3 0 2 3 0 1 2 4 2 4 4 4 3 4 1 4 3 1 3 1 2 0 4 2 4 0 3 1 3 1 3
   0 1 0 0 1 1 0 3 1 2 2 1 2 4 2 3 4 4 3 3 4 2 1 4 3 1 3 4 3 2 3 2 4 1 1
   0 2 2 0 1 0 4 1 2 4 1 0 1 0 2 3 0 1 2 4 1 3 3 1 2 4 4 2 0 3 3 0 1 1 2
   0 2 1 1 1 3 3 2 3 0 4 3 4 2 0 4]
  [0 4 0 4 1 1 3 0 1 0 1 1 2 0 1 3 0 4 1 0 3 3 1 2 3 0 0 2 0 0 1 2 3 3 1
   0 1 1 0 0 4 4 1 3 1 0 1 3 4 2 0 1 3 3 4 0 4 3 3 3 4 1 3 1 1 2 0 3 4 2
   2 2 4 4 2 2 0 0 2 1 3 2 3 0 2 3 4 3 1 3 2 2 1 4 0 4 2 0 2 0 1 3 1 4 3
   0 4 1 1 0 3 3 0 4 1 4 3 2 4 1 1]
  [0 1 1 3 3 0 1 2 4 0 4 2 2 4 3 2 4 2 0 0 4 1 4 1 1 3 4 0 4 4 4 1 3 2 0
   3 1 4 0 1 0 3 4 2 0 4 4 3 3 3 3 2 4 1 0 2 3 2 1 2 4 0 4 0 2 1 1 2 1 3
   3 1 2 3 3 1 1 2 3 2 2 2 4 0 1 0 0 0 4 3 1 1 4 3 1 0 0 4 4 1 2 1 0 0 3
   0 0 1 4 4 2 3 1 4 0 4 1 4 1 1 0]
  [0 2 0 2 3 2 4 1 3 1 4 0 4 0 1 3 0 0 3 0 4 1 2 2 4 1 4 2 0 0 0 2 4 1 2
   0 0 4 1 1 4 4 0 0 2 4 0 4 4 3 0 0 2 1 3 1 1 1 0 4 0 1 4 4 4 3 0 0 0 3
   4 3 4 2 3 4 0 2 2 0 3 3 1 1 1 3 1 1 2 0 2 1 1 0 4 4 0 0 2 1 0 1 1 0 0
   1 4 3 4 0 1 1 0 3 0 2 3 1 3 1 3]
  [0 2 4 0 4 1 4 2 0 4 1 3 3 4 3 2 0 0 3 3 2 2 0 2 0 1 4 2 4 0 4 0 4 4 4
   0 0 1 2 0 3 0 4 3 3 4 4 3 4 4 0 2 0 4 2 3 2 4 2 1 1 2 4 1 4 0 2 1 4 1
   1 1 4 1 4 3 3 4 3 4 3 4 0 3 1 1 1 1 0 1 3 3 0 3 3 4 2 1 4 3 2 4 2 0 1
   1 4 4 3 1 2 2 2 0 2 0 2 0 2 0 4]
  [0 2 1 2 3 0 1 4 4 0 0 3 3 1 4 1 2 3 3 3 2 3 1 0 2 4 0 2 4 4 0 4 1 4 0
   1 2 4 4 1 0 2 4 1 0 1 4 1 1 4 4 3 4 1 0 1 0 1 4 4 1 1 1 4 3 1 2 4 4 2
   4 3 4 0 2 1 3 4 3 3 4 3 4 2 1 0 1 1 1 2 0 2 2 0 3 4 1 2 2 3 4 2 0 0 0
   3 2 0 2 0 1 0 0 1 2 4 2 3 3 4 3]
  [0 4 2 0 4 4 2 0 4 4 4 2 0 2 4 1 1 3 1 4 2 4 1 4 3 2 0 3 1 1 4 0 1 0 1
   1 4 3 4 0 0 2 2 4 1 0 4 4 0 3 3 2 0 4 3 0 3 4 0 4 0 4 2 4 2 2 1 1 2 3
   3 3 0 0 2 4 3 0 0 0 2 1 2 4 0 4 1 2 4 2 2 3 4 1 2 0 4 2 4 2 4 4 4 1 4
   3 1 0 4 4 1 1 4 2 4 0 0 2 0 3 3]
  [0 3 0 3 4 4 1 2 2 2 3 0 0 1 3 4 1 2 2 0 4 3 1 4 3 3 4 1 0 1 2 1 0 4 3
   1 0 1 3 3 4 4 1 0 1 1 2 1 0 1 4 1 3 2 3 2 2 3 2 1 4 3 0 4 2 4 3 1 1 4
   4 1 3 3 4 1 2 1 1 2 1 2 1 2 1 1 0 4 3 3 3 4 4 2 4 3 4 3 4 3 3 0 0 3 1
   2 2 2 2 3 4 2 2 1 3 0 3 2 0 3 1]
  [0 0 4 4 2 1 4 1 0 3 2 4 1 2 3 2 2 0 1 2 3 3 1 4 4 4 3 1 0 2 2 1 3 0 4
   4 0 3 0 2 3 4 2 3 3 1 4 3 3 4 2 1 0 1 3 1 2 2 3 1 3 1 0 1 4 1 4 0 1 4
   1 0 1 1 0 4 1 0 4 3 3 0 3 0 3 2 0 3 2 2 3 2 3 3 4 1 2 0 3 1 1 2 2 0 3
   2 1 4 0 1 1 3 2 1 3 1 3 3 1 3 0]
  [0 0 2 1 0 4 4 2 2 4 0 1 1 0 3 4 0 1 1 0 0 3 4 0 3 3 1 4 0 0 4 2 1 0 0
   1 1 0 1 4 0 2 0 1 1 0 0 1 4 0 0 1 2 3 2 3 1 2 3 0 3 3 0 0 2 0 0 1 4 4
   2 0 4 4 0 2 3 2 0 3 1 1 1 3 0 3 3 2 4 0 1 1 0 1 0 2 3 0 4 2 1 0 3 3 2
   4 3 1 1 4 4 1 4 2 4 4 0 1 4 4 3]
  [0 2 1 4 4 1 3 3 3 4 0 4 1 1 0 1 4 2 1 0 3 2 1 2 1 2 2 0 3 2 4 1 0 3 4
   0 2 4 1 3 0 3 4 3 1 2 4 2 4 1 1 4 2 1 3 0 4 1 3 0 3 2 0 2 2 0 1 4 2 4
   3 4 0 3 1 1 2 4 0 4 4 2 0 3 3 1 2 3 3 0 1 0 4 0 1 2 1 2 4 4 4 3 1 0 0
   2 4 2 2 0 0 3 0 0 4 4 1 2 0 3 4]
  [0 0 0 1 0 4 1 4 0 4 0 1 3 0 4 2 4 1 4 2 2 0 1 4 2 1 3 1 4 1 4 0 0 1 1
   4 0 4 3 4 0 2 4 3 0 0 1 4 3 4 1 3 2 0 1 3 0 2 1 1 2 2 0 3 0 1 2 0 0 3
   2 4 4 0 4 3 4 2 1 4 4 2 2 1 2 1 4 2 2 1 0 4 3 3 1 1 4 3 1 4 2 4 1 2 2
   0 1 0 4 2 0 2 0 1 3 2 0 3 0 0 3]
  [0 2 2 1 4 0 0 2 2 0 3 2 4 3 3 0 4 1 0 1 2 4 0 4 3 1 4 1 4 3 4 3 4 3 4
   3 3 0 2 1 0 3 4 2 1 0 0 3 2 0 2 0 1 3 2 0 1 2 0 1 4 0 3 0 1 3 3 1 1 4
   0 2 1 0 0 0 4 3 4 0 0 2 0 1 1 0 1 3 1 4 0 1 3 3 3 0 2 1 4 0 1 1 0 0 4
   1 3 3 1 4 0 0 4 4 0 1 3 2 1 0 4]
  [0 2 0 2 2 0 1 1 1 1 0 0 3 4 2 1 0 4 0 3 2 1 1 3 1 1 1 4 0 1 0 2 1 2 0
   0 3 1 0 0 4 0 1 2 0 3 3 3 2 2 4 0 3 1 1 3 4 2 2 0 2 0 4 2 1 4 4 3 3 0
   4 1 2 1 1 2 4 1 1 4 0 0 1 4 3 2 3 3 4 3 1 4 2 2 2 4 2 3 2 3 2 3 1 0 3
   3 1 3 4 4 0 4 2 3 2 3 0 3 2 3 0]
  [0 3 2 4 4 0 3 3 4 3 4 3 1 3 2 4 2 2 0 4 3 2 0 2 4 3 2 0 2 3 3 3 1 4 1
   2 2 3 2 0 2 4 4 1 3 0 1 4 1 3 0 1 1 4 3 4 4 2 4 4 3 4 0 3 3 2 4 4 4 4
   0 4 1 4 2 4 3 0 1 1 2 4 1 0 3 4 1 2 1 0 2 3 3 4 3 0 2 3 1 2 0 1 0 3 0
   0 1 0 2 1 1 1 4 0 0 4 2 3 4 3 0]
  [0 3 0 4 0 0 3 4 3 1 3 0 0 3 0 0 2 4 3 4 4 3 2 1 4 3 0 2 1 1 2 3 1 2 0
   4 3 3 3 4 0 1 3 4 0 4 3 4 0 0 2 3 0 4 1 4 4 3 0 4 1 3 4 3 4 4 4 2 3 4
   3 4 2 4 2 0 2 3 1 0 4 2 2 1 1 4 1 2 2 1 0 0 0 4 1 1 1 1 2 2 2 1 4 1 2
   4 4 3 2 2 3 4 1 0 1 2 4 2 3 0 2]
  [0 1 2 2 0 0 0 3 4 1 0 0 4 3 4 0 4 3 3 1 0 4 3 3 2 2 2 0 3 0 4 3 2 0 2
   1 4 0 1 4 2 0 4 2 4 0 1 3 2 0 0 0 1 0 1 3 4 1 1 4 2 2 3 3 4 0 0 1 3 1
   3 3 2 3 0 4 3 2 3 3 4 0 1 0 0 2 0 3 3 3 3 2 4 4 3 0 1 1 0 3 2 4 1 0 4
   0 3 0 1 4 1 3 2 0 3 1 2 1 3 0 4]
  [0 0 4 0 2 0 3 3 3 3 1 0 0 2 3 3 3 4 4 0 0 0 2 4 4 0 2 4 4 0 1 4 1 4 3
   1 0 0 0 2 2 4 0 4 3 1 1 2 0 2 1 0 2 3 3 4 1 2 2 1 3 0 4 0 1 3 1 0 1 1
   1 1 3 0 2 1 0 0 0 4 4 0 3 4 2 2 1 4 1 4 2 3 2 2 4 2 4 4 1 4 2 4 2 2 1
   0 1 0 2 0 4 0 4 1 3 2 4 0 0 0 2]
  [0 2 2 1 3 0 3 1 0 2 4 4 2 4 2 0 0 3 1 4 4 0 4 1 2 4 0 2 2 4 2 1 0 0 0
   3 4 1 2 2 3 0 2 0 0 2 0 0 0 4 1 2 1 0 4 0 4 1 0 1 2 0 2 2 3 1 2 4 3 2
   0 0 1 0 0 0 0 4 3 1 1 1 0 4 3 0 2 4 0 0 3 1 0 4 3 4 2 2 2 1 2 4 3 3 4
   3 1 0 0 4 4 0 2 1 1 4 4 2 4 2 3]
  [0 2 1 4 4 4 0 2 2 3 2 0 1 4 0 1 1 0 4 0 3 2 0 4 4 2 0 4 1 2 0 3 3 4 1
   1 4 3 2 3 3 2 4 1 0 2 3 3 2 2 1 3 4 4 4 1 0 0 1 4 3 1 2 2 2 4 0 3 0 4
   4 0 1 1 1 0 4 3 2 1 1 4 1 0 3 3 4 0 0 2 0 1 2 4 2 0 4 0 2 2 0 3 2 1 1
   0 2 1 4 3 1 3 0 4 0 4 0 1 3 4 2]
  [0 3 2 4 4 0 0 0 4 4 0 3 0 3 4 3 4 2 1 2 1 3 2 4 1 1 3 2 1 0 2 4 1 1 3
   1 0 0 0 0 2 0 0 4 4 0 3 4 3 4 2 0 3 1 2 3 4 0 3 2 4 1 0 4 1 3 4 0 3 1
   4 0 0 1 2 3 2 1 0 0 4 0 3 3 0 3 0 1 1 3 4 0 3 0 1 0 4 0 4 2 2 3 1 0 1
   1 0 0 2 4 3 4 1 2 0 1 3 0 2 4 3]
  [0 1 3 3 0 0 0 0 0 2 4 3 4 3 1 1 2 4 1 3 1 1 0 4 4 2 0 0 4 0 1 3 4 4 3
   2 0 3 0 1 4 2 1 0 3 3 0 1 3 0 4 4 4 2 1 1 3 3 4 0 0 3 4 4 0 3 1 3 2 3
   1 2 3 0 0 0 4 3 2 0 2 1 2 1 1 2 4 2 2 3 3 2 3 2 4 3 0 4 3 3 4 4 3 0 1
   2 2 2 4 3 3 2 0 1 3 0 4 4 4 2 2]
  [0 0 0 2 3 1 1 0 3 3 0 3 1 3 0 4 2 4 3 4 2 0 0 1 2 1 4 2 0 4 3 4 4 1 1
   0 3 0 0 3 3 1 0 2 3 2 1 0 1 3 1 2 4 2 2 4 2 1 1 3 1 4 1 1 3 4 2 2 4 2
   1 0 4 0 4 3 1 1 0 2 4 2 2 0 3 2 1 0 1 3 1 3 1 4 3 4 1 4 4 4 3 0 0 4 3
   4 2 4 4 1 1 4 4 2 2 1 3 3 4 1 2]
  [0 2 3 0 4 4 0 2 4 0 3 0 3 1 4 0 0 1 3 2 0 1 4 2 4 2 4 0 2 3 4 3 3 0 0
   1 0 3 0 0 0 1 1 3 0 0 1 3 0 2 3 3 2 1 1 4 3 1 0 3 1 0 0 1 4 4 4 3 4 2
   0 0 0 2 0 1 1 4 0 1 1 1 2 2 0 3 1 1 0 0 2 1 1 2 4 3 0 3 4 1 1 2 2 1 3
   0 4 1 3 4 3 0 1 1 0 4 3 1 0 3 4]
  [0 4 0 0 0 3 1 1 3 1 1 3 3 3 3 0 4 1 4 1 1 2 3 4 2 0 0 1 0 4 2 4 2 0 4
   3 0 1 2 4 0 3 0 0 3 2 3 1 4 0 1 2 1 2 1 3 1 3 0 4 0 0 3 2 3 2 3 1 4 3
   0 4 3 2 1 1 2 3 1 2 3 0 1 3 0 3 0 0 0 2 4 3 1 2 4 3 1 2 2 4 2 3 3 1 4
   2 0 2 2 2 2 1 1 1 3 0 3 1 0 3 4]
  [0 3 2 0 0 2 1 4 1 4 1 3 3 1 4 2 4 1 0 2 3 3 4 1 4 3 3 2 4 1 1 4 3 2 3
   3 1 0 1 4 3 0 3 4 2 1 3 0 3 1 0 2 4 4 3 0 4 3 2 3 3 1 0 3 4 4 0 1 4 1
   4 1 1 1 3 3 0 4 0 1 3 0 2 0 1 1 1 1 3 2 3 2 1 1 2 3 1 2 2 1 2 4 2 4 2
   4 0 3 3 1 3 2 0 0 4 3 0 2 1 2 3]
  [0 2 1 4 0 2 0 2 2 0 0 1 0 2 0 2 3 3 2 4 2 1 3 1 4 4 1 0 3 0 2 1 4 2 1
   2 1 4 4 2 1 3 1 4 0 4 4 1 0 0 3 0 0 1 4 4 0 4 4 1 3 1 4 2 2 2 1 2 4 0
   4 3 1 3 4 2 2 1 1 4 2 2 3 4 2 2 0 0 0 1 4 3 2 2 4 2 1 0 3 1 1 0 2 1 1
   2 0 3 0 4 3 1 2 2 4 1 0 1 3 3 3]
  [0 3 4 1 2 3 0 1 3 4 3 2 2 3 2 3 2 0 2 3 0 3 0 1 0 0 4 3 0 4 2 1 1 2 4
   2 1 1 1 2 1 4 2 0 2 0 1 0 3 3 2 0 0 4 2 2 4 4 4 0 1 4 1 2 4 3 4 1 3 4
   2 1 1 4 0 1 3 3 0 2 1 0 2 3 2 4 1 2 2 2 4 3 0 3 3 2 1 1 0 3 0 3 4 4 3
   0 0 1 4 0 4 3 4 3 4 2 0 4 4 2 3]
  [0 1 3 0 3 4 1 2 2 1 2 4 0 1 4 0 0 3 2 1 2 0 2 1 0 0 3 1 4 1 3 3 1 2 0
   4 3 4 3 1 1 1 1 2 4 4 2 4 4 3 4 0 2 0 4 0 3 0 2 2 2 4 2 1 4 4 3 0 1 4
   1 1 4 1 3 4 4 0 4 0 1 1 4 3 3 4 0 2 4 3 4 0 0 3 4 0 3 2 3 0 3 0 3 2 3
   2 2 0 2 0 1 3 0 2 0 2 1 3 2 4 2]
  [0 2 0 0 3 4 4 1 1 1 3 1 3 0 3 4 0 2 0 4 1 0 2 2 4 4 3 0 1 0 3 0 2 1 0
   0 4 1 3 1 3 4 0 2 0 3 3 4 3 1 2 2 1 4 0 3 3 2 3 4 4 0 0 2 2 3 3 0 2 2
   4 2 3 2 0 3 4 1 0 1 3 3 1 3 4 2 3 2 4 0 1 4 3 2 4 3 1 0 2 3 2 4 0 2 4
   1 4 3 4 1 0 0 4 0 3 3 3 0 1 4 0]
  [0 0 0 0 1 1 0 3 1 1 4 4 1 3 1 3 0 0 2 4 3 0 0 2 4 0 1 1 0 4 3 1 3 2 4
   1 1 0 2 1 3 4 4 2 3 1 4 3 2 1 4 3 1 0 2 0 4 2 2 3 3 4 4 4 2 2 3 1 0 3
   2 3 3 3 1 4 4 4 3 3 4 0 4 3 0 4 0 0 1 2 0 4 3 4 1 4 4 4 1 3 4 0 1 1 3
   1 3 0 0 1 1 2 0 2 4 0 0 2 2 3 1]
  [0 0 0 1 3 1 0 3 2 1 3 4 1 2 4 0 3 0 2 0 0 0 3 3 4 1 4 3 4 0 0 4 1 3 3
   2 4 3 4 2 3 4 2 2 1 2 2 0 2 0 3 2 1 3 4 4 0 4 3 3 0 4 4 3 1 1 0 3 1 4
   1 4 2 1 4 0 4 1 2 0 3 1 3 4 1 3 3 2 4 1 4 0 3 2 0 0 3 1 3 1 4 4 0 3 1
   0 3 0 3 0 0 3 2 4 0 0 3 4 4 4 2]
  [0 0 4 4 1 2 1 1 0 1 1 0 3 4 3 4 4 3 1 0 4 4 3 1 3 1 2 3 0 0 3 3 2 0 2
   4 3 0 0 4 4 1 3 4 2 2 1 3 3 2 2 3 2 1 3 0 3 0 3 0 1 4 4 0 2 2 0 0 0 4
   3 1 4 0 2 4 0 1 2 1 2 0 1 1 0 2 4 0 3 1 3 3 1 2 2 3 3 1 4 0 0 3 0 2 3
   2 0 1 1 3 2 3 2 3 3 1 2 0 0 4 0]
  [0 2 2 2 0 2 2 2 1 2 2 1 2 0 4 3 0 0 0 2 4 0 0 0 4 0 0 3 1 0 0 0 4 2 1
   0 0 3 1 2 3 0 4 0 2 3 3 3 3 4 2 2 3 3 2 3 3 2 0 2 3 0 2 3 2 2 3 4 2 0
   1 1 3 3 3 3 4 1 0 3 0 0 1 4 2 3 4 1 4 4 2 2 3 4 0 1 0 3 2 4 0 0 3 4 2
   1 3 4 2 1 0 2 1 2 4 0 0 1 0 1 3]
  [0 0 4 2 1 1 4 2 3 1 0 0 4 3 1 2 3 1 2 3 3 1 3 1 3 0 4 2 1 4 0 3 1 3 0
   1 1 4 4 2 1 4 0 0 1 4 1 3 2 4 3 0 2 2 1 4 3 3 1 0 1 3 4 2 1 1 2 3 1 2
   3 1 3 2 1 1 2 0 3 4 4 1 4 1 2 3 2 0 3 4 3 1 3 3 1 4 1 3 1 3 2 0 0 0 3
   2 4 2 0 2 3 3 2 1 2 4 0 2 4 4 0]
  [0 4 4 0 0 2 1 1 1 2 1 2 2 1 2 3 1 1 2 4 4 1 0 1 2 1 0 2 4 1 2 2 0 0 3
   2 3 4 0 4 2 2 1 1 3 0 1 1 3 1 3 4 1 0 0 1 1 0 0 2 0 3 1 4 1 2 4 4 1 1
   3 3 3 2 1 0 4 0 0 2 2 4 1 1 3 4 2 2 3 3 1 4 0 3 1 3 3 0 4 3 2 3 0 3 3
   2 4 3 1 1 0 3 4 4 2 1 2 2 2 0 4]
  [0 2 1 1 2 3 4 2 2 2 3 3 4 3 4 3 4 1 0 2 4 0 4 2 2 4 1 4 2 0 2 3 2 4 3
   2 1 2 0 0 0 4 3 0 2 3 0 2 0 1 4 1 2 3 3 3 2 3 2 0 3 0 4 2 0 4 2 4 4 2
   3 0 2 2 2 3 2 0 0 3 3 4 0 0 0 0 1 3 2 3 3 2 4 3 3 4 2 2 1 2 2 1 4 3 0
   2 4 3 1 1 1 3 4 3 0 0 3 1 1 2 3]
  [0 3 4 2 4 3 3 2 2 1 2 2 0 2 3 0 4 2 3 1 3 0 2 4 2 0 3 1 4 1 0 1 0 1 1
   2 2 0 2 4 0 0 1 4 3 0 3 4 4 0 1 3 1 2 4 0 1 4 3 1 4 0 0 1 1 4 3 3 4 1
   2 0 0 1 4 0 1 2 2 3 2 2 4 2 2 4 2 2 1 0 3 3 0 1 0 0 0 0 3 3 1 3 3 2 4
   3 3 1 0 4 2 2 1 3 4 4 3 4 1 1 4]
  [0 2 4 4 3 2 1 1 1 2 2 4 1 3 1 4 0 4 2 2 3 3 0 3 3 2 1 4 0 3 3 4 4 0 3
   0 2 4 4 4 0 2 4 4 3 0 1 1 0 1 3 3 2 0 2 3 2 3 3 4 0 0 3 0 4 0 1 0 1 1
   4 1 2 2 2 2 2 0 2 4 2 3 1 3 3 4 3 4 3 3 4 4 1 3 2 1 3 0 4 0 2 4 3 2 2
   0 2 3 1 3 3 0 3 1 3 3 3 4 3 1 2]
  [0 3 1 3 0 3 3 2 0 3 1 1 0 3 0 2 0 2 1 1 0 2 3 4 0 0 2 2 2 0 3 3 3 3 2
   4 3 2 0 2 1 3 3 3 1 2 3 4 2 4 2 4 2 1 3 4 0 2 4 2 0 2 3 1 0 1 0 2 4 1
   2 4 2 2 0 2 3 3 3 4 2 1 0 0 0 4 3 1 4 4 1 4 3 3 2 0 1 4 3 2 4 3 2 1 0
   3 2 0 1 2 1 3 2 4 2 4 4 3 1 2 3]
  [0 1 3 4 4 0 3 2 0 3 4 4 3 1 3 2 0 4 3 1 2 3 4 3 3 0 3 1 2 3 4 0 0 3 0
   3 1 1 4 3 2 4 3 1 0 4 3 4 2 0 1 2 1 2 3 3 4 3 0 3 2 0 1 0 1 0 0 4 3 2
   1 3 0 2 1 2 1 4 1 0 2 4 3 3 0 4 1 4 4 2 0 4 2 0 4 0 2 0 0 1 0 1 1 3 0
   3 4 2 1 1 0 0 4 0 2 2 3 2 2 2 4]
  [0 3 1 1 3 2 0 1 3 1 4 1 3 4 2 3 0 4 0 0 1 2 3 0 3 3 2 1 4 4 1 0 3 2 2
   0 0 3 0 4 0 2 0 0 0 0 4 1 3 1 3 3 4 2 1 2 4 1 3 4 2 1 4 2 0 1 0 1 4 4
   2 1 4 0 4 4 3 4 2 1 3 0 3 0 4 2 3 4 3 0 0 2 2 2 1 1 1 0 3 0 2 3 0 2 2
   0 1 2 4 3 4 2 2 4 0 1 0 2 2 2 3]
  [0 0 2 1 4 1 1 4 0 0 4 1 0 3 0 3 1 2 4 4 2 2 4 1 3 2 1 4 3 1 2 2 0 0 1
   4 1 3 3 0 0 4 2 3 4 0 2 1 0 1 0 1 4 2 1 4 0 3 4 3 0 4 0 0 4 0 4 0 4 1
   0 0 0 3 1 1 0 4 4 3 1 2 0 4 1 2 1 4 1 3 3 4 2 2 0 1 4 0 3 1 3 3 2 0 1
   1 1 2 2 1 3 2 0 0 3 3 3 0 4 3 1]
  [0 2 2 2 1 1 3 1 1 1 3 3 0 2 2 1 2 4 1 0 3 1 0 0 2 3 1 3 1 0 4 1 0 4 4
   1 2 2 1 1 3 2 2 2 0 4 4 4 0 2 0 2 1 0 3 3 3 0 2 1 3 1 1 4 0 0 4 0 0 0
   2 1 1 3 2 2 0 1 3 2 4 0 0 2 3 0 2 4 4 4 0 2 3 1 2 4 4 3 1 1 4 2 1 1 2
   1 1 1 2 3 2 3 2 1 2 2 1 1 3 2 1]
  [0 4 4 0 1 1 4 2 2 1 4 0 1 2 0 1 0 0 0 0 3 2 3 3 3 1 2 1 2 4 0 2 4 2 0
   2 2 1 3 3 4 2 1 1 2 3 0 2 2 0 3 0 3 4 4 0 4 3 1 2 0 0 4 3 2 0 0 1 1 0
   2 3 1 2 2 2 3 2 1 3 2 3 4 0 0 3 2 0 0 1 1 1 2 2 3 4 4 2 3 2 3 3 0 3 1
   4 0 3 1 2 3 3 0 4 2 2 4 3 3 3 4]
  [0 4 0 4 2 1 0 2 4 4 3 0 2 1 4 2 2 3 3 3 3 0 0 4 0 2 3 4 2 1 3 3 2 0 0
   1 2 2 4 3 3 0 0 2 4 0 2 0 3 0 2 2 1 4 4 2 0 3 0 3 3 3 3 3 4 0 3 0 3 2
   0 2 2 2 0 0 2 1 2 1 3 4 2 3 0 2 3 4 4 2 2 4 0 0 0 0 2 3 1 3 2 1 4 1 2
   1 0 3 4 4 0 3 3 3 3 4 4 3 3 1 4]
  [0 0 2 1 1 3 1 1 3 0 0 4 1 3 4 1 2 0 1 3 1 4 0 3 1 3 3 0 1 0 3 4 3 0 4
   4 3 4 0 3 0 0 3 0 1 4 1 0 0 1 3 1 2 3 2 1 3 3 4 0 4 0 4 1 4 4 4 3 2 4
   4 0 4 1 1 4 4 4 4 2 3 0 2 1 4 3 4 4 0 0 2 4 4 2 2 1 1 2 0 0 3 2 2 3 2
   0 3 2 3 0 4 1 2 1 1 0 1 4 0 1 4]
  [0 4 1 0 0 2 1 0 0 0 0 2 0 2 2 2 1 0 3 1 1 4 0 3 0 4 1 3 1 4 4 0 4 3 0
   3 3 1 1 4 1 1 1 3 2 4 1 1 3 3 4 2 0 2 4 1 4 3 2 2 0 2 2 0 1 3 1 1 3 2
   1 1 0 2 3 2 1 1 3 3 0 2 1 2 0 1 2 3 1 1 2 2 4 4 2 1 0 3 3 0 2 1 4 4 0
   3 1 4 4 0 1 2 1 1 4 0 2 2 1 3 2]
  [0 2 4 1 1 1 0 0 1 3 3 1 3 3 1 2 1 4 1 0 1 4 0 3 4 2 4 4 2 2 4 4 3 3 1
   4 0 1 2 4 2 2 2 0 4 2 1 3 2 3 4 1 2 2 1 1 1 1 0 2 4 0 1 3 4 1 4 3 2 4
   4 0 2 0 1 2 2 2 1 2 4 0 3 3 3 3 2 1 3 0 0 3 0 2 4 1 0 1 2 0 1 1 3 4 2
   4 2 0 4 3 1 2 2 4 1 3 0 4 0 1 4]
  [0 4 0 0 2 4 4 4 0 3 4 4 0 2 0 0 4 2 3 3 3 0 4 3 0 4 3 3 0 3 4 3 4 2 1
   1 1 4 1 2 1 0 1 3 4 0 3 3 0 2 2 2 2 4 1 3 4 2 4 2 4 4 1 2 2 3 3 2 0 2
   3 1 4 1 0 1 3 4 3 1 1 4 2 3 2 3 0 3 4 1 1 3 3 4 1 0 3 4 1 1 4 4 2 4 0
   4 4 1 4 3 1 3 3 0 4 2 1 1 3 1 2]
  [0 3 3 3 2 1 2 1 3 2 4 2 3 4 1 2 1 0 1 3 2 1 3 1 0 0 0 4 2 2 4 2 1 2 1
   4 3 1 4 0 0 0 1 2 0 0 2 4 0 0 2 2 1 4 4 3 2 0 0 1 2 3 0 4 2 0 3 4 1 0
   0 4 0 3 1 0 0 1 1 4 4 3 3 0 4 2 1 1 0 1 4 3 4 2 4 0 2 3 0 4 4 1 0 0 2
   3 0 1 4 3 3 0 4 1 4 3 3 1 2 1 3]
  [0 3 2 4 0 1 4 1 4 0 0 0 3 1 3 4 4 1 3 1 4 4 3 2 4 0 0 1 0 3 0 3 2 0 0
   1 0 2 4 0 0 1 3 3 2 3 0 1 0 3 4 2 3 2 0 0 1 0 4 3 0 3 3 4 1 3 2 4 0 3
   4 3 4 2 3 1 0 3 3 4 1 1 2 3 3 0 1 1 3 2 4 4 1 0 3 2 2 0 3 4 0 2 2 0 1
   4 4 3 1 1 3 1 3 4 3 0 1 2 1 2 3]
  [0 1 2 1 3 1 0 3 2 4 0 3 4 3 0 0 2 0 4 2 1 1 0 1 1 0 4 1 3 3 0 4 1 3 1
   4 0 3 3 2 1 0 1 2 3 3 3 1 4 3 0 0 3 1 1 1 4 0 2 0 3 2 1 1 4 2 4 2 1 0
   0 0 1 3 3 1 2 0 2 0 1 4 1 2 0 2 3 2 2 0 1 4 2 3 0 1 1 1 4 2 0 0 1 3 3
   2 0 0 3 4 3 4 3 0 0 2 0 1 2 3 1]
  [0 2 2 2 3 1 3 2 1 2 0 3 0 3 4 0 2 0 0 1 1 4 2 1 2 3 1 3 3 4 4 4 4 0 3
   1 0 3 2 0 4 2 3 4 1 0 1 4 0 3 0 4 0 2 4 4 3 2 1 0 1 0 0 4 0 1 3 1 3 3
   1 4 2 2 2 4 4 1 0 4 1 4 3 0 1 0 2 0 0 0 0 0 2 0 0 3 3 1 0 0 3 3 2 1 4
   1 2 3 3 2 1 1 1 0 3 2 3 2 3 2 0]
  [0 3 1 0 2 0 1 0 4 0 0 3 2 4 1 0 4 3 4 2 4 4 2 4 0 1 0 4 1 0 3 4 0 2 1
   2 3 1 3 4 3 1 1 2 3 2 2 0 1 1 1 2 0 4 0 1 1 2 4 3 3 2 0 0 4 1 1 3 0 4
   1 4 2 2 0 2 2 0 1 0 0 4 4 2 4 0 1 1 1 2 4 0 3 2 0 0 0 1 0 2 3 4 1 3 1
   3 1 4 1 1 4 2 2 3 0 0 1 0 3 4 3]
  [0 1 3 4 0 2 1 1 3 1 2 0 3 3 4 0 2 2 2 0 3 4 2 3 4 0 4 4 4 4 0 3 2 0 1
   1 2 3 2 1 4 0 3 3 3 1 2 3 0 0 1 2 4 0 2 0 2 4 3 0 3 2 3 0 4 3 2 1 0 3
   1 1 0 2 2 4 2 4 3 4 0 2 0 3 3 4 3 0 3 0 3 2 4 4 0 4 4 0 2 0 0 4 1 0 0
   4 4 3 1 2 3 2 3 2 4 4 2 4 3 0 3]
  [0 2 1 4 0 1 3 2 0 3 3 3 3 4 4 0 2 0 3 4 2 3 0 1 1 4 4 1 0 4 3 0 2 1 4
   1 2 0 2 2 0 1 2 2 3 2 3 1 3 2 0 1 2 3 1 4 2 3 4 2 2 3 0 4 4 2 3 3 4 4
   4 2 1 1 3 4 2 4 4 2 3 0 2 3 2 3 0 4 1 3 0 2 4 4 2 0 4 1 2 4 0 1 2 4 3
   4 2 4 2 0 1 0 4 4 0 0 1 4 2 3 1]
  [0 2 3 2 1 2 3 3 3 0 3 1 2 1 1 1 1 2 1 2 1 2 4 1 4 3 4 4 0 0 1 1 2 3 4
   3 3 3 1 2 3 4 3 2 3 4 1 0 1 3 3 3 0 3 4 1 0 1 4 3 2 3 0 1 2 1 1 1 1 4
   3 3 3 1 3 2 2 1 2 4 1 3 0 4 3 1 4 2 4 4 3 2 4 3 4 2 1 4 1 1 0 3 1 2 2
   2 3 0 1 4 1 0 2 4 2 4 3 1 1 2 0]
  [0 3 3 4 1 3 2 1 0 2 1 3 2 1 2 4 0 4 4 3 2 3 2 4 2 3 1 2 1 0 3 0 3 1 0
   3 3 3 3 4 2 1 2 3 2 1 1 0 3 1 4 3 1 0 0 2 3 0 0 3 2 4 4 3 3 4 2 3 0 0
   3 2 3 0 0 4 3 2 4 4 4 4 4 0 2 3 2 1 4 2 2 4 0 4 3 3 1 1 2 2 3 3 3 4 3
   0 4 1 1 2 2 3 4 2 2 3 4 4 3 2 2]
  [0 1 1 0 2 4 0 2 1 0 1 3 1 4 0 4 3 4 2 2 3 3 4 1 3 1 3 3 2 4 0 0 3 4 1
   1 0 4 0 3 1 2 3 0 1 0 4 4 2 1 4 0 0 0 1 1 4 1 3 0 2 1 0 1 1 0 1 4 4 0
   4 0 4 3 0 1 3 1 3 3 3 2 2 3 0 3 2 3 0 2 1 3 2 1 4 1 0 2 1 1 2 3 1 2 3
   4 3 0 1 4 0 2 1 1 3 4 2 0 3 2 4]
  [0 2 0 2 0 0 0 2 1 1 0 2 4 1 3 0 1 2 0 1 1 3 3 1 4 1 1 4 4 0 2 2 2 0 0
   0 1 1 1 1 3 4 2 0 1 1 4 2 1 3 1 0 3 4 4 3 0 4 0 4 0 0 1 1 2 0 3 4 1 4
   2 4 4 3 3 3 0 1 0 1 3 2 0 1 2 0 1 3 1 4 3 0 4 2 1 0 1 2 3 0 3 0 0 0 0
   1 2 2 1 3 2 3 4 3 1 2 4 3 4 2 0]
  [0 4 4 3 1 3 2 2 0 0 3 0 0 2 2 0 2 2 1 1 4 4 4 4 2 0 3 3 2 1 3 0 1 1 1
   4 2 0 4 2 4 2 0 1 0 1 4 0 0 4 3 1 4 0 0 0 4 4 0 0 4 0 3 2 0 0 3 4 3 3
   0 1 1 2 0 2 0 0 1 3 1 2 2 3 1 4 0 4 1 1 0 4 2 2 2 0 0 1 3 2 2 1 3 1 0
   2 4 1 3 2 2 4 4 1 1 1 4 2 0 4 1]
  [0 2 2 0 0 4 3 1 4 0 3 4 1 2 3 1 0 2 4 0 1 1 3 4 1 1 3 1 4 4 2 2 1 0 2
   4 4 2 4 1 0 4 1 0 4 0 3 1 1 1 3 4 2 1 0 2 3 2 1 0 1 4 3 2 4 0 1 2 0 1
   3 4 0 0 1 4 2 0 3 4 2 3 2 1 3 0 3 0 3 3 3 3 2 0 1 3 1 1 0 1 2 3 1 4 0
   0 4 2 1 1 4 3 3 0 1 0 2 0 0 4 4]
  [0 1 0 0 4 2 2 1 1 2 4 3 3 0 4 2 4 1 0 2 4 0 4 0 1 3 0 3 2 3 2 0 2 2 4
   0 1 0 4 0 1 2 1 0 2 3 1 0 3 1 0 0 0 0 3 1 2 1 3 0 2 4 0 0 2 1 2 4 0 2
   2 4 1 2 4 2 2 0 2 3 3 0 3 3 3 4 4 1 0 3 1 4 2 1 4 3 1 3 4 4 4 3 0 0 3
   3 0 2 2 0 3 4 4 1 0 2 1 4 2 4 1]
  [0 2 0 1 2 2 4 3 3 2 3 3 4 1 4 4 1 0 3 1 3 0 3 0 4 3 1 2 3 3 4 4 3 3 0
   3 1 0 1 4 4 3 4 1 0 3 4 1 4 0 3 0 3 1 1 4 2 0 2 1 1 4 4 1 3 0 0 1 2 1
   4 1 2 2 4 1 1 0 0 0 0 4 0 3 0 3 0 2 4 0 2 1 0 0 0 4 2 0 0 0 2 0 0 2 4
   4 0 1 1 3 0 0 0 0 4 4 3 3 4 2 1]
  [0 0 2 0 1 0 0 4 2 4 0 0 3 1 3 2 4 4 2 3 2 4 3 0 0 1 3 0 0 0 4 1 2 0 4
   2 2 3 4 0 3 1 2 0 0 0 2 2 2 1 4 4 1 0 0 4 0 1 4 4 2 0 1 1 4 1 2 0 1 2
   4 1 4 1 1 1 2 3 1 2 3 0 0 2 4 1 3 2 1 4 0 1 2 2 3 1 2 2 4 3 3 0 4 2 2
   0 1 3 1 3 0 0 3 0 1 1 3 4 1 4 3]
  [0 0 4 2 3 1 0 1 4 0 4 2 0 4 3 3 3 2 2 4 1 0 1 3 1 2 4 4 0 0 1 0 2 3 3
   3 2 1 1 2 4 4 2 3 2 0 1 1 0 3 1 4 0 3 2 0 0 1 2 0 4 4 4 3 2 2 1 2 4 1
   4 4 3 4 1 0 1 1 4 2 4 1 3 4 1 0 2 3 2 4 0 0 4 3 2 3 2 1 4 3 0 4 0 2 0
   3 4 2 4 0 4 4 3 0 2 3 4 1 3 4 3]
  [0 3 1 2 3 3 0 4 4 4 3 2 3 4 0 2 4 0 4 3 2 1 0 2 3 3 2 4 4 0 3 3 3 0 2
   4 1 0 0 3 4 0 0 3 4 1 2 2 1 3 4 1 3 0 2 3 1 0 3 4 3 2 3 0 2 3 0 4 3 4
   4 2 1 2 1 3 3 2 3 3 3 4 4 2 3 1 0 4 4 1 4 1 0 3 2 2 4 3 3 3 0 0 2 2 0
   3 0 1 4 2 1 2 0 0 2 1 1 3 4 2 2]
  [0 2 4 3 1 1 2 1 3 4 3 1 0 3 2 3 3 2 2 1 2 4 0 2 2 3 2 2 3 3 3 2 4 2 4
   1 0 3 4 2 2 3 1 2 3 4 4 4 2 2 4 0 4 4 0 2 3 0 1 3 1 2 1 4 1 0 2 1 4 1
   1 3 2 2 4 4 4 3 1 2 2 3 1 4 3 3 2 1 0 1 2 3 3 0 4 1 0 0 3 2 0 3 1 4 4
   3 4 2 4 1 1 1 1 4 4 3 0 4 3 4 1]
  [0 0 1 1 0 4 4 0 2 3 2 0 3 2 2 4 4 3 3 1 3 1 1 4 1 1 1 4 2 3 4 3 1 3 4
   3 2 2 1 1 0 0 2 0 4 3 0 3 1 3 2 2 1 4 2 2 3 3 2 4 1 0 3 4 0 2 4 2 1 2
   1 2 1 3 1 4 3 0 0 2 4 3 1 1 3 1 3 0 0 0 1 3 3 0 0 0 2 0 0 0 1 1 3 1 2
   2 2 2 0 3 3 4 4 0 3 3 3 3 0 0 4]
  [0 1 4 4 3 3 4 2 2 0 4 2 4 2 1 0 4 0 1 1 2 1 1 0 1 3 4 3 2 3 4 1 1 1 2
   2 3 4 0 0 2 3 0 0 3 2 0 2 2 0 3 1 0 0 4 4 3 4 2 1 2 1 0 1 1 2 2 4 0 2
   4 2 1 4 3 1 3 1 2 3 0 3 2 0 1 1 1 2 4 3 1 0 4 3 0 0 2 2 4 3 0 1 3 4 4
   0 1 2 4 3 3 2 3 1 2 3 3 2 4 0 3]
  [0 1 0 4 1 2 2 4 1 3 1 3 0 1 3 2 2 4 1 2 0 3 0 1 2 2 1 4 0 0 2 2 1 3 3
   2 2 2 2 0 3 1 4 4 1 0 3 1 0 1 0 3 3 2 4 1 3 1 0 2 4 3 0 3 4 3 3 2 4 3
   3 3 2 0 3 1 1 3 0 0 3 4 2 2 0 2 4 3 0 3 4 1 1 0 4 3 0 1 3 0 1 3 0 0 2
   2 3 0 1 4 1 0 4 2 4 4 2 4 2 2 1]
  [0 4 0 2 0 4 1 2 0 0 1 3 3 1 2 0 1 2 4 2 0 4 1 2 0 4 3 3 2 1 4 3 1 0 2
   4 1 2 4 3 4 2 4 1 4 3 1 0 2 0 2 2 4 4 0 3 4 0 2 4 1 0 0 0 1 0 1 3 0 1
   0 4 0 0 3 1 4 4 3 2 1 2 3 4 4 1 4 1 1 3 3 0 4 1 0 4 0 0 4 2 3 2 2 1 2
   3 3 1 0 0 1 1 1 3 1 3 3 1 1 1 1]
  [0 0 2 1 1 0 3 1 3 2 1 4 2 4 4 3 3 0 2 4 0 0 2 2 2 2 1 3 4 3 0 2 1 4 2
   4 2 4 4 0 1 3 2 4 1 1 2 3 2 0 3 2 1 3 0 2 2 2 0 0 1 1 2 3 0 0 3 0 0 1
   4 4 3 0 1 4 4 4 2 3 4 2 3 3 3 4 3 2 3 2 1 2 4 4 1 0 3 2 0 1 4 1 0 0 2
   2 0 0 1 3 3 1 2 1 1 1 0 0 2 0 3]
  [0 2 4 3 1 0 1 3 0 2 1 4 4 2 3 3 3 1 3 1 4 3 3 0 0 2 1 3 1 1 0 4 0 1 0
   0 0 2 0 1 2 2 0 2 2 0 0 4 3 2 3 3 4 0 0 4 1 1 4 1 1 4 0 4 3 4 2 2 1 0
   2 1 3 2 4 4 1 3 0 1 4 2 0 3 2 2 3 0 3 3 1 2 0 3 2 3 3 2 0 0 3 0 1 1 2
   1 2 4 2 4 4 1 4 3 0 2 0 3 3 0 1]
  [0 1 1 4 3 1 0 4 3 1 2 4 4 2 2 0 2 0 0 4 4 4 2 3 4 2 2 3 1 4 4 1 1 1 2
   3 3 2 2 0 0 3 0 1 0 3 2 2 2 1 0 1 3 2 4 1 0 4 4 4 2 0 4 0 4 2 2 2 4 0
   0 4 2 2 0 1 2 4 2 3 3 0 2 1 2 0 0 3 4 0 1 1 3 4 2 4 0 1 0 1 0 1 3 0 3
   3 2 4 1 0 4 2 3 2 2 1 0 0 2 4 2]
  [0 3 2 0 1 1 3 2 0 1 0 2 2 4 4 4 3 4 1 4 0 0 4 3 2 1 4 1 3 1 0 2 0 0 0
   3 2 3 0 3 4 2 0 1 1 3 3 1 2 4 3 0 4 2 3 2 3 4 0 4 1 0 1 0 4 0 3 0 4 0
   4 3 2 0 2 2 1 2 0 2 3 2 4 1 1 2 3 0 2 2 3 1 4 4 1 4 0 1 0 4 4 0 3 3 1
   1 4 0 3 1 1 1 4 0 0 3 0 2 2 1 1]
  [0 3 1 3 1 3 1 0 1 2 3 0 1 3 1 3 3 4 3 0 0 4 3 1 2 4 1 0 3 4 2 4 3 4 4
   4 3 1 2 1 4 0 2 4 4 4 2 4 1 4 1 3 4 2 1 1 1 1 0 2 1 0 2 0 1 0 4 1 0 0
   3 1 2 3 2 4 0 3 3 4 3 1 1 0 0 1 1 1 3 2 1 2 2 4 0 0 2 4 2 4 1 1 0 4 1
   2 2 3 0 4 0 1 3 0 1 1 2 2 3 2 3]
  [0 1 1 4 2 1 1 1 2 1 0 2 0 2 4 1 1 0 4 2 2 0 4 2 1 1 4 2 2 1 3 3 4 3 4
   4 2 3 4 1 3 2 3 4 1 0 0 2 3 0 4 2 1 0 3 1 2 2 2 1 1 3 3 1 0 1 3 0 3 3
   4 0 3 0 2 4 0 3 2 4 2 0 0 2 1 0 4 3 0 0 3 0 0 3 3 2 1 4 0 2 4 3 0 0 2
   3 2 1 3 3 0 3 2 3 1 2 4 3 1 4 2]
  [0 1 0 2 1 0 1 4 4 0 2 2 1 4 3 1 0 0 2 1 3 3 4 2 4 2 1 3 3 1 0 1 1 1 2
   4 0 3 2 2 4 2 2 1 0 2 1 4 1 0 4 3 4 4 0 2 1 4 3 1 4 3 2 2 1 2 0 2 4 2
   3 3 3 4 1 3 1 3 1 3 3 0 3 2 4 3 0 1 1 2 3 2 4 3 3 3 0 3 4 3 4 4 2 1 0
   0 2 0 0 0 1 4 2 4 4 3 2 3 2 2 4]
  [0 4 2 2 3 0 4 4 0 2 1 3 0 0 0 0 1 4 1 4 3 4 1 4 0 2 0 1 3 2 3 2 2 2 2
   1 0 4 4 4 3 0 2 2 2 2 4 1 0 0 4 3 0 4 4 0 4 0 2 2 3 2 2 0 0 0 2 1 2 4
   2 0 4 0 4 0 4 0 1 0 1 3 3 0 2 4 0 3 2 4 0 0 3 3 0 1 0 1 2 4 2 4 1 3 0
   0 1 0 0 1 3 3 0 1 3 3 4 1 1 2 3]
  [0 3 1 2 0 2 0 3 0 4 4 2 2 1 3 2 3 4 3 2 2 1 1 3 1 4 2 3 0 0 1 2 2 0 4
   2 4 0 0 3 4 2 0 2 2 3 2 2 2 0 3 0 4 0 3 1 4 0 2 2 1 1 2 0 0 2 1 2 0 4
   4 4 4 0 4 1 0 4 3 1 3 3 0 1 1 1 4 3 3 0 3 0 3 1 1 1 0 0 4 0 4 1 4 0 4
   4 0 3 0 1 3 0 0 3 4 3 2 1 2 4 4]
  [0 0 3 4 2 3 2 4 2 4 1 1 2 4 4 0 0 2 4 4 0 0 4 3 1 0 0 3 1 4 3 0 4 1 1
   2 3 3 2 0 2 1 2 2 4 1 0 2 2 3 0 3 0 2 0 4 3 1 0 2 0 1 1 1 2 1 3 4 4 4
   3 0 3 1 2 2 4 3 1 3 3 4 3 0 2 0 1 2 2 3 3 4 1 2 1 3 0 0 3 1 3 4 4 4 1
   4 4 0 2 0 4 3 4 4 1 0 3 4 2 1 4]
  [0 4 1 3 0 1 4 4 2 0 0 0 4 4 2 4 4 3 0 1 3 4 1 1 1 2 1 4 2 2 2 2 1 1 4
   1 0 2 4 4 1 1 0 2 4 3 4 3 2 0 1 2 1 1 3 3 2 1 0 3 0 0 4 2 0 1 3 4 0 1
   2 3 4 1 4 1 1 3 1 0 4 3 4 2 1 2 4 3 4 1 4 3 0 3 2 1 4 1 0 3 3 1 2 3 4
   1 3 0 0 3 0 0 0 3 4 1 4 4 0 0 3]
  [0 4 1 1 4 3 3 1 2 2 4 3 3 2 3 3 1 0 4 1 3 1 3 1 0 1 3 0 1 2 2 1 1 3 3
   3 2 2 4 2 4 1 2 4 0 1 1 3 1 3 4 0 1 4 2 4 4 0 1 3 4 1 0 2 0 1 2 0 2 1
   2 4 4 4 0 2 3 3 2 3 0 3 4 1 2 2 4 1 4 2 1 0 1 0 2 4 4 2 3 4 0 1 1 2 0
   3 1 4 4 0 0 0 4 2 3 3 1 3 1 0 1]
  [0 4 1 0 4 2 3 2 0 1 1 4 0 1 4 1 4 0 3 1 1 3 3 4 3 1 0 0 1 4 0 4 3 4 3
   3 4 4 1 3 0 3 2 3 1 1 1 0 1 2 4 3 3 3 2 4 2 2 2 1 0 2 3 4 4 0 2 4 4 0
   4 4 1 1 4 2 4 0 3 4 1 4 2 2 2 0 2 2 0 0 4 0 0 1 3 1 3 2 3 2 2 4 0 0 3
   0 1 0 0 4 0 1 4 4 2 0 1 3 4 4 3]
  [0 0 3 3 0 4 3 1 1 2 4 4 4 4 0 3 2 4 3 0 3 3 1 1 1 0 0 2 2 1 0 0 3 0 1
   4 0 0 4 2 1 1 0 2 1 4 4 1 4 3 3 1 2 0 3 2 4 1 3 2 4 2 3 3 0 2 3 4 4 1
   1 0 1 4 3 1 0 2 1 0 4 1 0 3 0 3 1 0 1 4 4 2 2 4 2 3 1 0 4 2 2 4 2 2 0
   4 1 3 4 2 3 0 0 0 1 1 4 3 1 4 0]
  [0 2 0 0 2 1 1 4 2 0 4 0 2 2 2 3 0 2 0 0 0 1 0 4 2 1 3 1 4 2 2 3 1 0 4
   4 3 4 1 0 0 4 3 4 0 2 2 3 1 2 3 0 4 4 4 2 1 1 2 1 1 0 0 0 3 4 3 4 1 0
   1 1 4 4 3 3 0 1 2 4 1 1 2 1 3 2 1 4 4 2 4 0 4 2 2 4 1 3 0 1 1 1 4 3 3
   2 4 4 0 2 4 3 0 3 3 4 3 0 4 3 4]
  [0 2 1 3 2 1 0 4 2 3 2 4 3 3 4 1 1 3 2 2 4 0 3 2 0 1 0 2 2 0 0 0 2 3 4
   0 0 2 4 4 2 0 3 2 0 1 0 3 2 2 0 2 3 0 1 2 1 3 1 1 3 0 4 0 0 3 2 3 1 0
   3 3 1 0 0 3 0 4 3 4 4 1 0 0 2 3 0 3 0 0 1 2 4 1 3 1 4 4 0 3 3 3 1 2 1
   3 3 4 1 4 1 0 4 0 3 4 2 4 1 2 2]
  [0 3 3 0 1 1 2 3 2 0 1 1 0 1 1 2 4 3 2 4 3 3 4 1 4 4 2 3 0 4 4 2 0 1 4
   3 0 4 2 2 0 1 0 1 1 0 2 3 2 2 1 4 3 4 1 0 4 3 2 0 3 0 4 4 3 4 2 1 0 0
   2 3 3 1 4 0 1 4 2 2 1 2 2 4 2 2 2 0 0 1 0 2 4 3 4 1 2 3 2 1 0 1 4 4 3
   0 3 4 2 4 2 4 3 0 0 3 3 4 3 0 2]
  [0 0 3 3 1 2 2 2 2 2 1 2 1 3 2 2 1 3 4 1 0 4 2 1 0 3 0 0 4 1 0 3 4 4 0
   4 4 3 0 0 3 2 4 1 4 3 1 0 4 3 3 0 2 0 2 4 3 0 1 1 3 4 4 2 2 3 1 4 2 1
   4 2 0 0 1 1 4 0 4 0 0 1 1 3 1 0 0 4 3 2 0 2 4 0 4 1 4 1 2 1 3 4 4 2 3
   3 3 1 2 4 4 3 4 3 4 0 4 4 0 4 1]
  [0 2 4 4 2 3 1 0 2 4 4 4 0 4 4 4 3 4 4 4 2 1 2 2 1 4 4 3 1 1 1 0 4 4 4
   4 1 0 2 3 4 2 4 2 3 2 2 1 2 2 2 4 4 2 4 3 1 4 4 1 4 3 3 1 3 2 3 2 4 2
   4 3 2 3 1 3 0 2 2 0 2 4 3 2 3 1 0 1 1 2 3 0 2 1 1 0 1 0 3 0 4 1 2 1 2
   0 0 2 0 0 4 4 0 4 1 1 0 3 1 4 1]
  [0 2 1 1 4 4 4 3 2 1 4 1 0 0 4 0 0 2 1 3 4 2 0 2 4 1 3 0 4 2 4 4 4 1 0
   3 4 4 2 1 2 3 1 2 1 3 4 4 3 4 2 0 4 0 1 0 1 3 1 2 3 0 0 0 2 1 4 3 0 3
   1 3 2 1 2 1 0 2 3 4 0 2 2 2 1 4 1 2 1 0 1 0 3 2 0 1 0 3 4 4 0 3 4 3 3
   3 4 2 2 1 4 1 3 0 0 4 4 0 3 2 4]
  [0 0 4 3 2 4 3 4 0 2 1 4 1 4 4 1 0 3 0 3 4 3 1 2 2 4 1 1 3 1 4 4 3 1 1
   2 3 4 2 0 0 1 2 4 0 2 3 4 1 1 0 0 3 0 4 3 4 2 4 4 4 2 1 4 4 1 2 3 1 0
   2 0 0 0 2 4 3 1 0 3 1 4 4 2 3 4 0 2 4 4 3 0 2 2 0 0 1 4 3 2 2 0 2 1 1
   4 1 1 3 1 1 0 1 0 4 3 0 2 0 0 2]
  [0 0 2 2 1 1 3 4 3 3 1 0 0 4 3 1 2 3 1 1 1 3 3 0 1 4 4 3 2 1 1 2 4 4 4
   3 4 0 2 0 3 3 3 2 4 4 0 4 4 2 0 3 4 3 1 3 1 2 4 4 2 2 4 4 2 1 2 4 4 4
   2 3 4 2 0 4 1 4 2 1 0 4 2 1 4 4 4 4 4 0 1 3 0 1 1 4 3 2 2 2 4 3 4 2 1
   3 2 0 2 1 0 2 4 2 3 1 3 0 3 0 4]
  [0 3 4 4 3 2 0 0 4 0 2 2 3 1 1 2 2 2 4 2 3 2 0 2 3 1 4 0 4 1 2 2 4 2 1
   2 1 3 0 2 0 2 4 3 0 3 2 4 1 2 1 2 1 4 4 2 1 4 4 3 1 2 3 3 3 3 2 0 1 3
   1 4 3 1 0 4 1 0 2 4 1 4 4 3 2 1 1 2 0 3 4 3 2 2 0 1 1 1 1 3 4 1 0 3 1
   0 1 2 0 4 2 2 4 1 4 3 3 2 2 0 0]]

 [[0 3 0 3 3 0 4 3 1 3 0 3 2 1 3 0 2 0 3 4 2 2 3 1 2 1 0 1 1 2 1 3 4 2 1
   2 1 3 0 4 4 3 1 3 3 0 0 2 1 1 4 3 4 3 4 4 0 4 0 2 0 3 4 1 1 4 3 3 4 0
   4 0 0 2 0 1 4 1 1 0 1 2 2 4 0 4 2 4 3 3 4 4 1 4 0 2 3 4 0 2 4 3 2 3 1
   2 3 2 3 4 4 4 3 4 0 0 2 2 3 4 4]
  [0 0 1 3 1 4 1 2 1 3 4 0 4 0 2 4 2 1 3 4 3 4 3 4 1 2 3 4 0 3 4 1 2 4 3
   2 0 1 0 3 1 1 1 3 2 3 3 4 4 2 4 2 0 3 4 0 3 4 4 3 4 2 2 3 3 4 1 1 0 4
   2 1 3 0 0 3 1 4 2 3 3 0 3 0 4 1 3 4 3 4 0 0 2 3 3 2 1 0 4 3 3 3 3 1 3
   1 2 3 4 2 3 2 1 0 3 4 2 2 0 2 3]
  [0 0 0 1 0 4 0 3 3 2 4 0 0 4 0 0 0 0 3 3 2 1 3 2 0 1 2 2 1 0 0 0 0 3 0
   0 0 0 0 3 1 4 4 1 2 0 4 2 0 2 2 0 0 1 2 1 0 4 2 4 0 3 4 2 3 1 3 4 1 1
   3 0 0 4 4 4 1 4 4 4 1 3 0 2 0 2 1 2 1 1 4 3 1 3 0 3 1 0 3 1 2 3 1 0 2
   2 0 1 2 1 2 1 4 1 4 1 2 4 2 3 1]
  [0 2 3 0 1 2 3 2 1 3 1 1 3 3 3 0 0 1 4 2 2 0 0 3 1 4 4 0 4 0 3 3 4 0 2
   3 1 4 1 3 1 3 2 2 1 2 3 2 3 1 4 2 0 4 0 2 0 1 4 1 0 4 3 4 4 4 0 0 1 1
   1 1 3 0 2 4 0 2 2 3 4 0 3 0 4 3 4 4 0 4 1 3 2 1 4 0 1 1 1 1 0 4 4 4 3
   3 0 0 3 4 1 1 2 0 4 4 1 1 1 2 3]
  [0 0 2 0 0 4 4 2 3 4 3 3 1 2 0 3 0 4 1 0 2 4 4 4 3 4 2 1 2 2 4 2 0 3 1
   3 3 1 0 2 2 2 1 2 0 3 4 1 0 0 4 0 1 1 3 4 4 1 4 0 3 2 0 1 4 2 0 0 0 2
   3 0 1 4 3 1 3 2 3 3 0 1 0 1 2 1 1 4 1 2 0 1 2 1 1 4 1 4 3 2 4 2 0 3 3
   3 4 1 4 4 4 2 1 4 1 0 2 0 4 2 0]
  [0 3 4 0 1 0 2 1 3 4 1 3 0 3 2 3 1 4 1 1 2 1 4 2 4 4 2 1 2 2 1 4 4 4 4
   1 4 3 4 1 4 4 0 3 3 0 3 2 1 1 1 1 0 4 4 2 2 4 1 3 2 3 2 1 2 4 1 2 0 1
   1 2 2 2 0 3 0 0 4 1 1 1 3 1 2 3 3 0 0 2 2 0 2 2 0 3 4 0 4 3 0 3 1 2 3
   4 3 3 0 1 4 4 4 3 1 0 3 3 4 3 3]
  [0 2 1 4 3 3 0 1 1 4 1 3 2 0 3 3 2 1 0 1 2 0 2 3 4 2 3 0 4 0 1 4 2 4 2
   1 1 1 1 0 2 4 1 3 3 2 4 3 3 0 1 2 4 4 3 1 0 1 0 0 3 4 3 3 4 3 3 4 4 3
   4 3 0 1 0 4 0 3 4 1 3 2 1 2 3 1 4 3 4 0 1 1 1 2 0 4 2 1 4 1 0 2 1 4 0
   2 2 3 3 4 1 3 0 4 1 0 1 3 1 3 3]
  [0 0 0 2 1 0 2 0 0 3 3 3 1 2 4 4 1 1 1 4 2 2 3 1 4 3 1 2 1 0 4 1 2 0 2
   3 0 1 2 3 0 2 3 0 1 1 0 4 0 1 2 0 4 3 1 2 2 2 3 1 3 4 0 2 3 2 0 1 0 4
   3 3 4 2 0 3 0 4 2 4 1 1 4 0 2 0 3 0 1 0 2 0 1 1 1 2 0 3 4 3 1 3 1 0 2
   2 3 2 3 4 0 3 4 0 2 0 0 0 0 3 3]
  [0 3 3 4 4 1 4 2 0 3 2 0 2 3 3 4 4 2 4 0 4 1 0 0 4 2 4 1 4 0 3 3 2 0 1
   2 1 0 3 1 1 4 4 0 3 1 0 0 4 1 0 2 4 0 1 0 2 2 0 0 0 1 4 1 2 2 4 0 2 4
   4 0 3 3 4 4 2 1 4 3 4 2 1 2 3 2 1 0 2 4 2 2 4 3 1 1 4 2 1 2 4 2 4 1 4
   2 0 0 3 1 4 4 1 3 3 2 3 1 1 2 4]
  [0 0 4 3 3 3 4 4 0 0 2 4 2 0 1 1 0 4 4 4 3 0 3 3 0 2 2 1 0 2 2 1 4 1 1
   0 1 1 4 1 4 4 1 2 2 1 0 2 1 2 3 2 3 4 3 1 3 0 4 0 0 1 0 4 2 4 4 4 0 0
   3 2 1 2 0 4 0 3 1 1 3 2 2 4 0 4 2 1 2 0 2 0 2 4 3 0 4 2 4 4 3 1 3 4 4
   4 4 1 0 1 3 3 1 1 0 1 1 0 1 0 4]
  [0 3 2 2 2 4 4 1 2 4 0 4 4 1 3 2 3 0 2 4 0 4 4 0 4 1 0 2 2 0 3 1 1 3 3
   4 3 0 3 3 0 3 0 0 0 2 2 3 2 2 1 1 0 0 1 1 4 2 3 3 4 2 3 4 0 2 1 1 2 4
   2 3 0 4 4 0 4 3 3 2 4 1 1 0 3 4 1 4 1 0 4 0 1 0 1 0 2 3 0 3 3 3 0 3 2
   1 0 1 4 0 4 4 4 3 1 4 3 2 4 2 2]
  [0 0 4 2 0 0 3 0 2 2 3 0 2 1 3 2 1 0 3 1 4 0 3 2 4 2 3 1 4 1 1 4 0 0 4
   2 2 1 4 2 4 0 4 2 3 2 3 2 4 4 0 3 3 2 4 1 2 3 2 0 2 1 2 3 1 3 4 4 3 2
   0 3 2 2 2 4 4 2 1 3 4 4 2 2 3 4 2 2 3 3 0 3 2 1 4 1 4 1 1 3 3 4 1 2 3
   3 2 4 1 0 1 0 1 2 3 3 0 0 0 0 3]
  [0 3 0 0 1 2 1 1 4 1 1 1 0 1 2 4 3 4 2 4 4 4 1 2 4 0 4 0 3 2 2 1 1 0 1
   0 2 2 2 2 1 4 3 0 2 1 2 4 3 1 1 2 2 1 4 0 2 2 4 4 3 4 0 0 2 4 3 3 4 1
   3 4 2 2 4 4 2 4 4 2 4 4 4 2 0 3 4 1 0 3 2 2 4 4 3 4 4 4 2 2 4 4 2 2 3
   3 2 0 0 1 3 1 2 4 4 3 3 2 2 3 4]
  [0 3 1 0 0 0 4 2 2 1 2 4 0 0 2 2 4 3 0 0 2 0 0 2 4 3 4 2 4 4 1 2 0 1 0
   1 2 0 1 0 2 1 3 2 0 0 3 4 0 1 0 3 3 4 2 0 0 4 2 2 0 0 1 0 4 4 4 3 1 4
   1 3 1 1 2 0 3 3 2 0 1 1 2 4 1 0 2 0 0 3 3 4 2 4 1 3 1 0 4 3 1 4 3 0 1
   4 1 2 2 1 0 4 3 4 0 1 3 3 2 0 0]
  [0 2 0 0 2 0 0 3 3 1 2 4 1 3 0 3 1 1 2 4 0 0 1 2 3 3 3 3 3 1 0 3 2 2 3
   2 1 3 0 3 4 1 4 4 4 2 4 3 3 4 0 2 1 1 4 2 1 4 0 3 3 3 3 1 0 2 4 1 2 0
   2 1 4 4 3 3 3 4 4 3 4 4 2 0 2 4 2 0 4 1 0 2 1 1 1 4 3 1 2 4 3 3 4 3 3
   0 3 2 3 3 0 0 1 2 4 4 2 3 3 0 4]
  [0 1 1 0 1 4 2 2 2 2 4 3 0 1 0 0 0 2 1 1 4 0 0 2 0 4 4 4 4 2 2 3 0 1 2
   4 4 3 2 0 3 2 2 4 0 3 4 4 4 0 2 0 4 4 3 0 1 4 2 2 4 1 3 0 2 3 1 0 1 4
   4 0 0 0 0 3 4 4 2 4 4 4 2 2 4 0 3 0 3 1 0 1 2 4 1 4 3 0 3 1 0 1 1 1 1
   3 1 1 3 1 3 3 1 2 2 3 3 2 4 0 2]
  [0 3 1 4 4 4 2 4 1 2 2 1 1 3 4 1 0 0 4 4 4 4 2 1 2 1 4 4 3 3 0 0 0 1 3
   0 0 3 1 2 3 0 2 1 1 4 2 2 3 0 3 2 2 1 3 2 3 4 2 2 3 2 0 2 2 2 2 3 4 4
   0 0 3 2 3 1 4 2 4 3 4 1 3 2 4 2 1 1 1 3 3 2 4 2 2 3 2 4 1 1 2 2 2 4 4
   0 3 4 4 4 4 0 2 4 2 1 3 1 4 3 1]
  [0 0 0 3 0 2 1 4 0 4 4 1 2 2 4 3 1 0 1 0 4 2 2 3 1 2 1 4 4 0 3 3 2 3 3
   0 1 1 0 1 1 4 4 3 4 2 4 0 1 0 2 4 4 4 0 0 0 3 2 4 3 3 3 3 3 0 0 4 2 0
   4 1 4 3 0 2 3 2 2 0 0 2 1 3 4 4 0 4 4 3 4 3 1 4 1 1 2 0 2 1 4 4 4 1 4
   2 1 2 3 0 4 4 1 0 4 3 0 1 0 0 2]
  [0 0 0 0 2 1 1 4 2 0 0 3 2 4 0 3 2 3 0 2 3 1 1 0 0 1 1 0 4 3 3 1 4 0 1
   4 4 4 2 4 1 2 0 2 4 4 1 2 4 3 2 4 2 0 0 4 2 2 0 4 3 2 4 4 3 1 1 3 0 0
   1 3 4 2 4 3 1 1 1 2 4 2 2 1 1 1 4 1 1 2 0 1 1 3 1 3 2 1 2 0 2 4 3 3 0
   0 4 4 4 1 3 0 2 0 0 4 1 3 0 0 4]
  [0 3 1 1 2 1 4 3 4 2 3 2 2 1 3 0 3 4 2 0 3 2 0 0 4 0 4 4 3 0 1 4 0 0 4
   4 0 1 4 0 1 3 4 1 4 2 4 0 1 3 0 1 3 1 2 0 3 4 1 0 4 0 3 2 4 0 1 2 4 3
   1 0 1 1 3 2 1 2 2 0 2 0 4 2 2 0 1 4 0 1 3 0 2 0 1 2 0 1 3 3 3 4 1 4 4
   0 0 0 2 3 4 1 3 3 3 4 3 2 0 3 3]
  [0 3 2 4 4 2 2 4 4 3 0 4 3 0 2 3 0 1 3 1 0 1 1 3 0 2 4 2 2 2 0 4 2 0 4
   2 3 3 1 4 3 2 0 0 2 4 0 2 4 0 3 4 4 3 0 3 2 4 4 2 1 4 1 1 2 1 1 0 0 3
   4 1 2 3 4 0 2 1 4 4 4 3 3 2 2 3 4 0 4 3 4 4 4 0 3 0 4 2 4 3 3 1 3 4 4
   1 3 3 2 0 3 4 1 2 2 2 0 3 4 3 2]
  [0 2 0 0 2 0 1 2 3 0 0 3 0 1 1 0 3 4 4 1 3 0 3 4 2 0 0 4 4 3 3 3 1 3 2
   2 1 0 2 1 3 4 4 1 1 2 0 4 1 4 3 0 2 1 3 1 2 2 0 2 0 3 4 2 3 2 0 4 0 0
   2 2 3 4 1 4 4 3 4 1 4 4 1 1 3 0 1 2 0 4 3 2 4 1 0 2 4 1 1 3 4 0 1 2 1
   0 4 3 0 4 3 4 4 4 2 0 4 4 0 2 1]
  [0 0 0 0 0 2 3 2 2 2 1 0 2 2 0 1 3 2 1 4 3 3 0 4 2 4 3 3 4 2 2 1 3 0 2
   2 0 4 4 2 1 2 4 2 3 4 1 2 0 2 1 1 4 1 3 4 4 0 1 1 4 2 3 2 4 4 1 1 2 4
   1 0 4 3 4 0 2 3 2 2 4 1 3 4 3 3 0 4 2 4 2 3 4 3 2 2 0 4 1 4 1 1 0 2 1
   4 1 4 0 0 1 3 1 1 0 1 4 3 0 2 4]
  [0 2 2 0 4 3 3 2 3 1 0 2 4 3 1 4 4 3 3 0 4 4 3 0 4 1 4 1 0 2 1 4 2 4 2
   3 3 2 1 2 2 2 2 1 3 1 1 2 4 0 3 2 3 1 3 4 1 0 0 2 3 0 4 1 2 0 0 4 0 3
   1 0 1 4 3 4 2 0 3 2 2 4 4 4 0 3 4 4 4 0 2 0 0 3 4 2 3 1 2 0 4 1 1 0 0
   4 0 4 3 3 0 2 0 0 3 0 1 0 2 0 0]
  [0 3 2 0 1 1 0 4 1 0 4 3 0 2 4 2 3 0 4 0 0 0 1 2 0 2 0 3 0 1 2 1 2 4 3
   3 0 3 4 4 1 4 4 3 3 4 3 4 4 3 0 0 2 1 4 0 4 1 3 4 4 0 4 4 1 1 1 3 1 4
   2 1 1 1 2 2 1 2 3 0 3 1 4 1 4 4 1 3 2 2 4 3 1 1 0 3 0 2 0 3 0 0 1 4 2
   0 2 1 4 0 1 4 1 0 3 1 3 0 1 0 1]
  [0 4 4 3 4 3 0 3 1 3 4 3 3 2 2 0 1 1 1 4 4 2 0 3 0 0 3 2 1 4 0 2 0 4 1
   0 3 3 4 2 1 1 0 4 4 4 4 3 4 2 1 0 0 1 3 4 2 3 3 3 3 0 4 0 2 0 0 0 1 1
   3 1 4 3 3 0 3 1 2 3 1 3 4 2 3 4 2 1 2 0 4 0 2 3 2 0 1 2 2 1 3 1 4 1 3
   0 4 1 0 3 3 0 3 1 0 4 1 2 0 1 0]
  [0 1 4 3 4 4 1 3 1 3 4 1 2 2 1 2 2 3 4 1 0 0 0 2 3 2 0 1 0 3 3 4 1 4 4
   1 2 3 1 2 3 0 3 0 3 3 4 3 1 0 4 0 3 3 0 0 2 4 4 0 3 4 4 4 1 3 2 2 4 3
   2 0 2 1 3 0 4 0 4 0 2 3 1 2 0 4 0 2 1 0 3 3 1 0 3 4 2 4 3 2 3 1 2 1 1
   1 1 0 4 1 0 1 4 4 0 0 0 0 1 4 2]
  [0 0 2 2 1 1 3 1 2 1 4 3 0 1 0 0 1 0 3 2 3 1 3 4 0 0 3 0 2 2 1 2 2 2 2
   0 4 4 0 4 4 4 1 0 4 3 2 1 0 2 1 0 0 0 0 4 0 2 4 3 1 3 0 0 3 2 3 2 4 2
   4 1 2 0 3 0 3 1 2 0 3 0 0 2 0 3 0 4 3 0 1 3 3 3 3 1 1 0 0 4 0 2 3 3 0
   1 0 3 0 1 1 4 3 2 3 4 4 1 0 1 1]
  [0 2 3 1 2 4 1 0 2 3 3 1 4 0 2 2 4 2 1 1 2 2 0 0 4 0 3 4 0 3 2 3 0 2 3
   0 4 3 2 2 2 4 3 1 1 3 4 2 1 4 0 2 4 4 2 4 2 3 1 1 3 0 1 3 0 3 0 2 4 4
   1 3 4 4 2 4 0 1 4 3 0 1 1 1 0 0 2 0 3 3 1 4 0 4 0 3 0 4 0 0 4 4 2 0 1
   0 2 4 0 2 2 4 3 0 3 0 3 4 2 2 2]
  [0 2 3 0 0 1 1 1 1 4 2 3 1 2 2 3 4 2 3 1 0 2 0 2 1 2 3 2 2 0 2 2 0 3 0
   3 3 0 1 3 2 0 1 4 4 2 4 4 1 4 0 0 4 4 3 0 1 2 2 4 1 2 4 4 2 4 2 2 1 2
   4 0 3 0 3 3 2 0 3 1 1 3 4 2 4 3 0 0 4 1 4 4 0 0 3 2 2 1 4 2 3 4 1 1 0
   4 4 0 4 3 0 3 4 4 2 4 0 1 3 3 0]
  [0 2 3 4 0 2 4 3 4 2 4 4 3 3 0 0 0 2 4 3 3 1 3 1 0 4 3 4 4 3 0 4 0 0 2
   0 4 2 3 1 1 1 1 1 1 4 1 2 2 0 1 0 1 3 1 3 3 4 0 4 1 1 1 3 2 0 0 4 4 1
   0 2 1 3 0 1 0 0 1 1 1 1 2 4 1 3 3 0 1 4 1 2 4 1 1 3 2 2 0 1 3 1 2 1 0
   3 3 3 2 3 3 4 2 2 4 1 2 1 3 2 3]
  [0 2 4 3 4 1 1 0 4 3 0 2 2 0 0 0 2 0 4 3 2 2 4 1 0 1 4 3 3 1 2 0 3 1 4
   3 1 4 0 1 0 4 0 2 1 0 1 4 4 4 1 2 4 1 3 1 4 3 3 1 4 4 4 0 4 0 2 1 3 1
   3 0 0 1 0 0 3 1 0 4 3 1 2 1 2 1 4 2 1 1 1 4 1 0 3 2 0 1 0 1 3 1 4 4 1
   2 2 4 1 0 4 0 4 1 1 4 4 0 0 2 2]
  [0 4 1 4 0 4 1 1 1 3 0 2 4 4 2 3 1 3 0 1 4 4 1 1 4 2 0 2 3 3 0 1 0 2 3
   3 3 2 3 0 2 0 4 1 0 2 1 0 3 3 2 0 1 0 2 3 2 1 4 4 0 0 2 2 2 0 3 4 1 0
   0 2 2 0 0 4 2 4 4 4 2 3 4 0 4 4 4 1 2 2 1 3 3 1 2 4 2 4 4 4 0 0 0 4 4
   2 4 1 1 4 2 3 4 2 2 3 2 3 4 4 1]
  [0 2 0 2 1 3 1 3 1 2 2 2 2 4 1 4 4 3 1 4 2 0 3 0 4 3 3 0 3 0 3 2 0 0 1
   2 1 4 3 2 3 3 3 4 2 0 1 4 3 4 0 1 2 2 0 2 0 0 1 3 2 4 2 2 3 4 0 0 4 0
   0 3 2 4 0 4 1 3 2 1 0 4 3 3 3 3 2 0 0 1 3 4 3 3 3 0 0 1 4 1 3 0 4 2 3
   1 0 4 2 1 2 3 3 2 0 1 0 3 0 0 3]
  [0 1 0 4 1 4 2 0 3 3 2 4 1 4 3 1 1 4 3 3 0 1 2 0 1 2 4 4 1 2 1 4 0 3 0
   4 4 2 3 4 1 4 4 2 4 4 3 0 0 1 1 0 0 0 4 4 3 2 3 0 1 2 3 0 1 3 3 2 1 1
   0 4 4 2 1 0 4 2 0 2 4 2 4 2 0 4 3 2 0 4 2 2 0 2 1 1 3 2 1 4 4 4 4 2 3
   0 3 2 3 2 2 2 4 4 0 4 1 3 3 1 0]
  [0 3 0 1 0 2 2 0 3 1 0 4 2 2 2 4 2 1 2 1 0 4 4 4 2 4 0 2 1 3 1 2 1 3 0
   0 3 4 4 1 1 2 2 1 4 4 4 4 0 1 1 1 4 2 2 2 4 4 3 4 4 3 4 3 1 2 3 2 2 2
   2 1 2 0 1 1 2 1 2 3 4 4 2 2 4 1 3 4 0 4 1 4 3 3 2 0 1 0 4 1 2 4 0 2 2
   1 0 3 4 0 2 0 1 2 1 0 3 3 4 0 1]
  [0 3 2 3 3 3 1 4 1 0 4 3 2 1 0 1 0 0 1 2 3 4 0 2 4 1 2 1 3 0 4 3 2 4 1
   1 0 0 4 2 4 3 3 1 1 4 3 4 0 4 3 0 2 0 1 1 1 4 3 3 1 1 3 3 3 3 3 4 4 0
   1 3 2 2 3 2 3 0 3 1 4 2 4 3 2 4 0 4 4 4 2 3 0 0 2 2 1 2 2 2 1 0 4 3 2
   1 4 4 1 2 0 2 3 4 1 3 3 4 3 0 4]
  [0 2 2 3 4 0 2 1 0 1 2 1 1 3 4 1 1 0 4 3 3 0 2 2 4 3 0 4 3 4 1 4 1 0 4
   4 3 0 1 4 1 1 1 0 2 3 3 2 4 4 1 3 4 4 2 3 1 3 3 4 2 1 3 3 4 2 4 2 1 4
   0 1 1 3 1 0 1 1 3 1 4 3 3 3 3 1 4 2 1 2 1 3 0 2 3 2 0 3 3 0 0 3 1 2 2
   2 3 1 1 3 3 4 1 4 1 0 4 3 4 1 2]
  [0 4 1 0 1 3 2 0 1 2 3 4 4 0 3 1 4 2 3 1 4 4 3 1 3 1 0 0 1 2 2 2 4 3 4
   1 1 1 0 1 4 4 1 1 1 1 4 0 0 2 2 1 1 0 1 1 1 4 3 3 4 0 1 2 0 1 0 3 2 2
   0 4 0 1 3 2 3 2 3 0 0 2 1 1 2 4 3 1 3 1 2 4 1 4 3 0 1 1 2 2 1 1 3 3 0
   0 4 4 3 1 4 0 3 4 2 2 0 0 0 4 1]
  [0 2 1 1 0 0 3 0 0 1 4 0 2 2 1 4 1 2 2 4 3 2 0 1 0 0 0 4 1 2 3 2 2 4 2
   2 3 0 2 0 3 2 2 0 2 0 0 3 4 4 3 0 2 0 4 0 1 2 3 2 1 1 1 1 0 3 0 1 4 0
   2 0 2 1 0 0 2 2 4 1 0 2 3 4 2 3 2 4 4 0 1 2 0 0 2 3 1 0 1 0 1 3 1 0 0
   1 1 3 4 4 2 4 1 2 1 3 1 2 0 3 4]
  [0 1 3 0 4 2 4 3 0 1 1 2 2 3 4 3 0 0 2 0 3 2 4 2 3 0 2 2 0 2 3 2 2 1 1
   3 1 1 3 3 0 4 1 0 3 1 2 3 2 2 4 4 4 3 4 2 4 0 3 3 0 1 2 1 2 4 4 1 1 3
   1 3 0 4 1 3 3 1 3 4 0 3 1 3 0 3 2 0 0 0 3 2 3 3 3 1 4 3 3 4 0 2 0 1 0
   2 3 1 1 0 4 0 3 4 2 4 2 3 2 1 1]
  [0 3 2 0 2 2 1 3 1 4 2 0 4 3 2 4 0 4 4 2 0 0 4 0 0 0 4 4 1 2 0 3 2 0 3
   0 3 0 4 3 0 0 1 2 3 2 3 1 4 3 4 3 0 0 0 2 0 0 2 4 2 3 0 4 4 1 0 2 1 2
   3 3 3 4 4 2 2 1 4 0 1 3 1 4 3 1 2 2 1 0 1 2 0 3 2 2 1 1 4 2 3 0 1 1 2
   3 4 2 2 2 2 0 2 1 4 3 4 4 3 0 3]
  [0 3 2 0 4 2 3 4 0 1 4 0 1 3 1 4 2 2 0 2 1 1 3 4 3 0 4 2 3 4 1 2 2 4 3
   1 2 2 4 3 0 4 0 3 4 0 3 1 4 3 1 3 1 1 0 2 2 3 1 4 1 4 0 4 2 1 3 3 2 4
   1 2 2 3 1 2 1 3 3 4 1 4 4 4 3 2 2 0 2 0 0 4 0 0 3 1 1 3 3 2 4 3 2 4 4
   3 2 1 0 0 2 3 0 4 3 1 0 1 0 0 3]
  [0 4 4 0 4 1 4 2 1 1 4 4 1 2 2 1 4 3 0 2 4 3 1 1 4 4 3 3 4 4 0 4 0 4 3
   1 0 4 1 4 4 1 2 0 4 2 0 2 4 1 3 3 0 0 4 1 3 2 1 2 1 0 1 3 4 2 1 2 2 3
   1 0 0 0 4 3 4 1 4 3 4 2 4 3 3 0 1 1 1 4 0 4 2 2 0 3 4 4 0 1 1 3 1 2 0
   2 1 1 3 1 0 4 3 4 0 0 0 1 3 0 1]
  [0 1 2 2 1 4 0 1 4 3 3 2 2 2 3 3 2 3 4 2 1 0 3 3 0 0 2 4 4 2 3 0 4 0 0
   4 1 4 1 0 2 4 1 3 0 1 0 0 0 3 0 0 2 2 3 1 1 1 0 2 0 1 4 3 0 3 0 4 2 4
   0 0 2 1 1 2 0 4 0 4 3 0 4 0 0 4 0 3 1 1 2 0 2 2 4 1 0 3 2 4 1 1 3 1 0
   3 1 3 3 1 4 2 1 2 4 3 1 4 4 0 1]
  [0 4 1 3 4 4 1 4 1 0 4 3 0 1 2 2 3 4 2 2 4 1 3 1 4 0 1 3 4 0 1 1 4 2 4
   0 0 1 1 4 3 3 2 4 1 0 3 3 3 2 1 2 1 0 2 4 3 1 4 4 2 1 3 2 1 1 2 3 0 1
   1 0 4 1 0 4 0 0 0 2 2 4 2 0 1 0 2 3 4 4 1 3 2 3 2 4 1 4 4 4 0 0 4 3 2
   2 2 0 2 1 1 2 2 1 1 1 3 4 4 0 3]
  [0 0 3 3 4 2 4 2 4 0 0 0 1 2 3 4 4 0 1 0 2 1 1 3 1 2 4 0 4 4 0 0 2 2 0
   4 1 4 0 0 0 1 4 4 2 2 0 1 4 1 4 1 2 0 3 1 3 4 1 0 3 3 4 0 2 4 2 1 4 4
   1 4 3 4 4 4 0 4 4 1 0 2 3 1 2 0 0 0 1 2 3 2 1 3 1 3 1 3 3 3 0 0 4 4 1
   4 2 3 0 4 3 2 1 0 2 1 3 2 4 2 2]
  [0 4 1 0 0 0 0 3 1 2 3 3 3 4 3 1 1 3 4 3 2 0 1 3 0 3 1 1 4 0 4 4 3 0 1
   2 2 3 1 4 1 4 2 0 3 2 3 0 4 3 4 0 3 2 4 1 3 1 3 3 0 0 2 1 1 3 2 4 2 3
   4 1 4 2 3 1 2 1 4 0 1 4 4 1 2 0 1 3 4 0 0 0 1 4 3 0 1 2 1 2 0 1 0 3 1
   2 4 3 3 0 1 4 3 3 4 4 2 4 1 4 2]
  [0 1 4 0 1 1 4 4 3 0 3 2 4 4 0 1 3 2 4 3 2 1 2 0 2 3 1 2 4 0 2 3 2 2 0
   4 1 3 2 1 3 4 3 3 0 4 2 0 0 3 3 4 0 0 3 1 4 2 0 1 2 0 3 4 4 1 2 4 3 4
   0 0 2 1 3 4 0 4 4 4 3 1 3 1 0 4 1 2 2 0 3 2 2 0 1 4 0 2 2 0 1 2 1 3 1
   4 0 2 4 2 0 2 1 1 3 1 0 1 4 4 1]
  [0 2 1 4 1 4 3 1 0 1 3 2 2 3 0 1 4 3 3 4 0 3 3 0 3 1 3 0 3 2 0 1 4 0 1
   4 4 4 0 1 0 1 1 0 4 3 4 4 0 0 3 0 4 2 3 0 1 1 2 0 3 1 0 2 0 2 4 2 3 0
   0 4 2 3 1 2 3 2 4 1 3 2 2 4 0 2 3 4 0 0 4 1 1 0 4 3 3 4 1 1 4 4 4 0 3
   2 4 3 0 2 0 2 1 2 4 2 0 4 3 0 0]
  [0 1 3 1 2 2 4 3 1 3 0 3 4 3 4 1 1 0 4 0 1 4 0 3 3 0 4 0 2 4 3 4 0 2 3
   2 1 1 3 2 2 1 1 1 2 2 1 4 1 1 0 2 4 1 3 1 1 3 1 3 4 0 0 1 3 4 0 0 1 4
   0 1 3 4 4 0 1 4 2 3 3 2 0 2 2 1 2 3 4 3 3 1 4 4 2 2 1 0 3 1 4 1 2 4 2
   2 4 0 0 2 2 2 3 2 1 4 3 4 1 4 1]
  [0 4 2 2 4 4 1 1 2 2 2 4 2 1 3 0 1 2 2 2 4 0 1 1 2 4 3 0 3 0 3 4 3 3 1
   4 4 4 4 1 1 0 1 2 4 2 0 4 0 0 3 0 4 2 2 4 1 2 4 3 1 2 4 0 3 2 3 1 1 2
   2 2 1 4 1 2 2 3 0 0 1 4 4 2 4 3 4 4 3 2 0 2 4 4 0 1 4 1 2 1 4 2 3 4 3
   2 0 0 0 2 1 2 0 4 4 0 1 0 3 4 0]
  [0 2 1 3 1 3 4 4 0 1 0 2 2 3 1 2 0 2 3 2 2 2 4 2 1 2 0 0 0 0 0 1 2 0 0
   2 4 3 2 1 0 1 0 2 4 0 0 3 3 1 4 1 0 0 2 3 2 0 3 3 0 3 1 1 3 4 3 0 1 1
   0 4 3 4 0 0 3 3 1 3 3 3 1 3 4 2 2 0 2 1 0 0 4 0 3 3 3 4 0 1 2 3 4 0 3
   0 0 0 4 1 2 3 4 4 2 3 4 1 0 3 1]
  [0 2 2 3 4 3 0 4 3 4 1 0 2 0 2 1 0 2 2 1 0 4 1 2 2 1 0 1 0 2 1 0 3 1 4
   1 4 3 4 3 4 0 3 4 0 1 3 1 3 2 3 1 0 0 3 1 4 3 4 1 3 4 3 4 0 2 0 1 3 3
   1 0 2 4 3 4 0 0 0 2 0 2 1 2 2 1 2 2 3 3 1 3 0 4 4 1 3 4 2 2 4 4 1 4 4
   0 1 1 2 1 3 1 3 2 4 0 1 2 4 1 4]
  [0 4 4 0 4 0 0 0 3 4 1 0 1 3 1 1 4 0 1 3 2 4 0 2 1 1 3 0 0 2 4 2 2 3 4
   2 3 4 2 2 3 2 4 2 1 4 0 2 0 3 4 3 2 0 0 4 1 3 3 2 3 4 3 0 3 0 4 4 2 0
   4 2 3 1 2 2 0 3 2 1 2 4 4 1 1 1 2 2 4 2 4 4 0 3 1 2 1 1 0 3 4 3 3 2 4
   0 3 4 1 2 1 3 4 0 2 1 3 0 4 4 0]
  [0 1 4 3 4 0 1 1 2 3 0 2 2 3 1 1 4 0 1 0 4 0 3 3 2 4 2 0 3 4 3 3 0 4 0
   2 0 3 4 0 1 2 2 2 4 2 4 4 4 4 3 1 2 1 2 0 4 0 3 3 0 4 0 4 3 2 3 4 1 1
   3 4 3 2 2 2 2 1 3 2 0 3 0 3 2 1 4 4 2 0 2 2 0 2 3 4 4 2 1 3 1 4 1 4 1
   3 0 3 0 4 3 1 4 4 3 4 2 3 4 4 3]
  [0 2 3 1 3 1 1 1 0 0 1 1 2 3 0 3 0 0 1 0 0 1 1 1 4 4 4 3 4 1 2 0 3 1 2
   0 4 3 3 4 1 2 4 1 2 2 0 1 1 1 2 0 0 1 4 2 0 1 4 1 3 1 0 1 3 3 3 3 2 4
   2 4 2 4 4 4 1 4 4 3 2 4 2 2 2 3 3 3 1 0 3 4 0 2 2 0 2 2 1 4 1 3 1 4 0
   4 0 4 1 3 3 1 1 0 3 1 1 0 1 0 2]
  [0 1 4 3 1 3 0 1 0 3 2 0 1 3 3 4 1 1 4 2 0 2 4 4 4 2 4 1 0 1 1 2 3 1 4
   1 1 1 1 3 1 2 0 4 3 1 4 1 4 2 0 4 2 3 0 0 3 0 1 1 3 1 4 3 3 4 0 3 1 4
   0 2 1 1 4 3 3 3 4 4 4 2 2 2 3 0 0 0 2 3 3 4 3 2 2 4 0 1 3 0 3 0 4 2 4
   3 1 4 3 0 4 3 3 4 0 0 0 1 1 2 2]
  [0 1 1 1 1 4 2 3 3 3 4 3 2 1 3 2 3 2 1 4 1 3 4 4 4 3 1 3 1 1 2 1 0 2 2
   0 2 1 1 2 2 4 2 2 3 4 3 0 4 0 2 2 2 4 3 3 2 1 0 1 3 0 0 4 4 1 3 4 4 3
   1 0 2 4 2 4 0 1 4 4 3 1 2 2 1 4 2 0 2 3 2 2 2 2 1 4 0 2 0 4 3 2 1 4 1
   3 3 4 2 2 3 3 3 3 3 3 2 1 2 2 0]
  [0 1 2 2 0 0 2 0 2 3 4 1 4 3 3 4 3 0 4 1 1 3 3 3 2 4 3 1 1 2 4 2 4 2 0
   2 3 1 2 2 3 4 2 4 2 1 1 3 4 1 0 0 4 3 3 4 1 1 1 0 0 1 3 4 0 1 0 1 4 0
   0 4 0 1 3 4 2 0 1 2 2 4 0 2 0 2 3 3 3 4 3 2 3 2 4 0 1 0 2 0 1 1 3 0 0
   1 3 1 2 1 2 2 2 3 0 4 1 0 2 0 0]
  [0 3 2 4 4 0 4 0 2 4 1 2 2 4 0 2 1 1 1 1 4 4 0 1 0 0 2 4 4 1 0 3 4 4 3
   0 4 0 3 1 2 4 4 2 1 0 4 3 1 0 4 3 1 4 1 0 3 3 0 4 0 1 2 2 0 1 4 0 1 2
   1 3 4 2 1 3 0 4 4 4 4 4 0 1 2 3 1 2 1 3 3 1 1 0 2 4 3 4 2 2 3 4 3 1 3
   0 3 3 2 2 1 1 0 2 2 1 1 2 2 3 1]
  [0 3 2 0 0 3 3 4 1 4 0 0 2 2 4 2 3 2 0 3 3 1 0 0 2 2 4 4 2 4 3 3 2 0 1
   2 2 3 1 0 3 3 1 0 2 4 2 1 0 1 0 4 2 4 1 0 1 3 0 1 0 0 2 0 4 2 4 2 0 1
   4 0 2 0 0 3 0 3 2 1 4 4 4 2 3 0 3 4 4 2 0 1 1 4 3 1 2 2 0 3 1 2 4 1 4
   3 0 2 4 4 4 4 3 4 4 3 4 0 1 0 1]
  [0 2 3 0 3 2 0 0 0 0 0 3 1 1 4 3 3 0 4 3 2 4 0 2 4 3 2 3 0 1 2 0 2 4 4
   4 4 2 2 2 3 0 1 0 0 2 2 1 2 3 3 4 0 3 0 3 1 3 1 4 2 0 0 2 4 0 3 4 1 0
   4 2 2 4 4 1 1 4 3 1 3 1 0 2 2 1 4 1 0 0 4 3 2 4 4 1 0 2 1 1 3 4 4 3 3
   0 2 2 3 4 0 2 4 1 3 2 3 3 3 4 0]
  [0 0 0 1 2 1 0 1 0 4 4 4 4 1 3 1 0 0 2 3 3 1 1 1 2 4 2 4 1 2 4 2 4 4 2
   3 2 2 1 3 2 3 0 1 3 0 1 1 0 4 4 0 2 3 2 0 1 3 2 0 0 2 2 0 0 1 1 3 4 4
   4 0 0 4 1 1 4 2 2 2 0 2 0 3 1 1 4 4 3 1 3 0 4 3 2 3 3 0 1 1 0 0 1 0 2
   1 0 2 0 1 2 3 2 2 1 2 0 2 3 3 1]
  [0 4 4 1 3 1 3 4 1 4 2 2 0 4 4 0 2 0 0 2 4 0 2 3 2 3 4 4 2 0 0 3 4 0 4
   2 1 3 1 3 3 2 3 0 3 2 2 2 3 2 3 2 1 1 4 1 1 2 2 0 2 3 1 3 0 2 0 3 1 4
   3 0 2 2 1 0 2 1 1 1 1 1 3 1 1 0 3 4 1 1 3 1 2 3 2 4 1 1 4 2 1 1 2 4 3
   1 3 0 3 1 3 0 4 2 1 3 4 3 3 0 0]
  [0 1 1 2 4 1 2 2 0 3 1 0 4 3 0 0 0 1 4 1 4 2 3 3 4 0 4 3 2 3 1 2 3 1 4
   1 4 1 4 1 3 3 4 3 1 4 4 4 0 2 1 2 0 2 2 3 2 4 1 4 3 4 3 3 3 0 3 1 3 2
   4 0 1 3 4 2 2 0 2 1 1 3 1 1 4 1 1 2 0 4 4 0 2 3 3 2 2 1 2 0 3 2 1 0 2
   0 3 4 1 3 0 4 4 1 3 0 1 2 4 0 1]
  [0 3 2 0 1 2 1 1 3 0 4 0 2 3 1 4 2 1 0 3 3 1 0 2 4 2 0 1 2 4 4 1 0 3 4
   0 1 2 0 3 3 0 0 2 0 1 2 3 1 4 3 1 4 0 1 3 0 3 3 1 0 0 3 4 4 3 0 2 4 2
   1 2 2 2 2 4 2 1 3 0 0 3 0 1 3 0 1 4 4 0 0 3 4 1 1 1 4 1 4 0 1 3 0 4 2
   3 2 4 1 1 1 0 2 2 0 4 1 3 0 1 3]
  [0 3 0 2 0 0 4 4 2 0 0 0 1 1 2 3 2 1 3 0 4 0 4 1 0 0 1 4 3 4 4 4 2 1 0
   2 0 3 1 2 1 1 4 2 1 1 4 1 4 1 1 4 3 2 0 2 4 3 3 3 3 4 0 1 4 0 1 0 0 4
   4 3 0 3 0 3 1 3 4 3 0 1 3 4 0 0 4 1 0 1 0 4 2 0 0 4 1 3 1 0 1 4 2 0 3
   2 1 0 0 3 1 1 2 4 3 2 0 0 3 4 2]
  [0 3 0 4 2 2 4 0 1 2 0 2 1 0 0 0 4 4 1 1 0 4 4 0 2 4 0 4 1 4 3 3 0 1 2
   0 1 4 2 2 0 0 1 4 3 2 2 0 1 0 3 2 1 0 0 3 0 2 2 4 0 4 3 2 2 2 0 0 0 2
   3 2 4 4 4 4 1 4 1 2 2 2 4 4 4 1 2 2 1 0 4 0 1 4 3 2 0 4 2 2 3 3 2 1 0
   0 2 2 1 4 3 4 1 4 4 1 4 0 2 0 3]
  [0 4 1 4 3 4 3 1 4 3 0 2 4 1 1 1 2 3 3 1 4 1 0 4 2 3 1 1 0 2 4 3 2 3 3
   1 3 0 2 3 0 3 0 1 4 0 4 3 3 2 3 3 2 3 4 2 0 0 2 1 4 3 1 2 0 4 3 2 2 0
   0 4 0 1 0 4 4 3 0 2 4 2 4 1 0 3 2 2 2 2 2 3 4 1 3 2 1 4 4 0 4 3 3 0 3
   4 4 2 2 2 0 4 1 2 0 4 2 1 0 0 4]
  [0 0 1 1 4 3 1 1 3 0 0 1 4 2 3 1 3 1 2 2 4 2 4 4 1 3 4 2 2 1 3 4 4 2 2
   0 0 1 0 0 3 0 0 2 1 4 0 2 4 0 0 4 0 4 1 0 0 0 2 1 3 0 0 0 0 3 3 1 3 0
   0 4 3 1 0 0 1 2 0 1 0 3 1 3 3 1 2 2 3 0 0 2 1 2 4 2 4 4 3 0 1 1 3 2 3
   1 0 4 3 3 3 4 2 1 4 1 4 0 2 1 1]
  [0 1 3 2 3 2 2 0 3 0 4 0 1 2 1 0 4 0 4 0 0 2 0 3 0 2 4 2 3 0 4 1 2 0 4
   0 3 3 0 2 1 1 1 3 1 4 4 2 0 2 4 4 2 2 4 2 3 0 1 1 0 3 1 4 4 2 0 2 4 0
   4 0 1 3 4 4 4 1 4 0 4 1 0 2 2 4 0 1 3 0 4 2 2 1 1 3 3 1 4 4 3 2 0 4 2
   3 1 1 3 4 2 0 0 1 3 1 2 4 2 1 3]
  [0 4 4 1 4 0 0 0 1 1 4 0 2 4 4 2 4 0 2 3 3 3 2 0 0 2 4 3 4 4 0 0 0 3 4
   0 4 1 4 1 2 3 4 2 0 1 0 1 4 2 4 0 3 0 0 2 0 1 3 1 1 2 1 0 1 1 2 2 3 4
   2 4 0 3 4 0 0 3 2 2 0 4 3 0 1 0 1 0 3 2 4 4 0 4 4 3 0 3 1 4 1 0 0 4 3
   4 4 1 4 0 2 3 4 3 0 0 1 4 1 1 1]
  [0 4 4 3 1 1 4 3 3 0 2 1 0 3 1 3 0 3 4 4 1 4 0 4 4 3 3 0 4 3 3 4 0 4 0
   0 2 0 0 0 1 3 1 4 2 1 0 0 0 4 0 2 4 2 2 2 4 2 1 3 1 3 2 3 2 1 4 2 3 0
   2 0 1 0 0 3 0 3 0 3 1 1 1 0 1 1 2 0 3 3 1 4 0 0 1 3 0 3 3 3 3 3 3 3 3
   1 2 3 1 3 3 2 1 4 3 4 0 4 0 4 2]
  [0 3 0 1 4 0 0 1 2 0 1 3 1 3 4 4 0 4 2 3 4 3 4 1 1 0 0 4 3 4 3 3 3 1 1
   2 1 0 2 2 0 2 3 2 1 0 4 0 3 1 4 4 0 4 4 4 2 3 0 4 2 0 1 4 1 3 3 3 0 0
   3 2 0 1 0 4 4 4 4 3 0 0 4 2 0 0 3 2 2 4 2 3 2 4 4 0 3 2 0 3 0 3 2 1 1
   0 0 4 3 0 1 0 3 3 1 4 3 3 1 1 3]
  [0 0 3 1 4 2 2 3 1 1 1 1 0 0 1 3 0 2 0 1 4 0 1 1 0 2 0 3 0 4 3 4 3 3 1
   2 4 4 2 3 1 4 2 2 4 1 2 4 3 3 1 2 3 0 0 4 3 2 4 1 3 2 0 1 1 3 3 3 4 3
   1 1 2 4 1 0 2 3 2 4 3 2 0 1 4 4 4 3 4 4 1 2 1 0 1 1 2 1 3 3 0 0 0 0 2
   1 4 1 4 2 2 4 3 4 4 0 3 2 0 2 3]
  [0 2 3 4 2 2 3 2 1 4 1 0 0 4 2 2 0 1 3 0 4 0 1 0 2 0 4 4 4 0 4 1 1 4 1
   3 4 0 1 4 2 4 4 3 3 0 0 3 3 3 4 1 4 3 4 3 0 0 1 0 3 4 3 2 2 2 2 2 4 3
   3 4 2 3 3 1 0 2 3 1 0 0 2 4 3 2 4 1 2 0 3 4 2 3 3 1 4 2 2 0 1 4 0 4 1
   2 0 2 4 0 0 1 0 1 0 4 3 0 4 3 4]
  [0 0 2 2 1 4 4 2 2 4 2 2 0 4 0 2 4 2 2 2 1 2 4 0 0 1 4 0 4 1 4 4 4 2 1
   1 3 2 2 2 1 1 2 4 4 3 3 1 4 1 1 2 0 4 2 4 1 1 2 3 2 1 4 4 0 4 4 4 2 0
   2 1 4 4 4 2 4 0 0 2 3 0 3 3 0 3 3 1 4 0 1 2 4 0 0 4 1 1 3 0 2 4 3 4 1
   0 0 2 4 4 3 1 3 1 1 4 0 1 4 4 2]
  [0 4 3 3 0 0 4 3 4 4 0 2 0 3 1 0 4 0 3 1 3 0 4 3 0 2 2 3 3 0 2 3 4 3 4
   4 2 3 3 0 1 0 3 1 3 1 2 3 1 1 2 2 0 2 4 3 1 2 4 0 3 1 2 4 2 2 1 4 1 1
   1 3 2 4 3 4 2 3 0 0 3 4 2 4 3 4 2 3 4 4 4 3 1 0 2 2 4 1 4 0 3 1 2 4 1
   0 0 4 4 0 2 0 3 3 0 2 2 0 3 2 4]
  [0 2 4 2 1 2 2 0 3 1 0 2 2 1 0 4 0 2 3 3 1 2 2 3 4 4 3 4 1 2 3 1 0 3 4
   2 4 1 2 0 4 2 2 1 4 4 2 3 4 3 0 2 4 2 1 4 1 4 3 3 3 3 1 3 4 1 0 3 3 1
   4 1 0 2 4 1 3 3 1 0 3 1 2 2 0 4 4 1 0 4 0 4 2 4 3 1 2 0 3 0 4 1 3 4 3
   4 3 0 4 2 4 3 4 3 0 4 0 2 1 3 2]
  [0 3 0 2 2 3 3 4 4 4 1 0 1 2 3 4 1 3 2 3 1 0 2 4 4 0 3 2 4 0 4 2 4 2 2
   1 0 3 0 3 2 3 2 1 4 1 1 3 1 4 0 2 3 3 3 2 0 2 0 3 1 3 3 1 0 0 1 4 0 0
   0 0 3 4 2 1 4 1 1 3 0 0 4 2 3 1 2 0 4 1 3 2 1 1 0 0 2 4 1 4 2 3 4 4 2
   3 1 3 1 2 4 2 4 4 3 3 1 4 1 0 1]
  [0 2 2 1 0 2 2 1 2 0 0 4 1 4 1 3 0 3 0 1 3 3 0 4 4 1 0 3 2 3 1 1 4 3 3
   4 3 4 1 0 1 2 0 2 4 3 4 3 2 0 2 3 4 1 2 0 3 2 0 2 2 3 4 1 3 2 2 2 3 0
   3 1 3 0 4 0 0 3 0 0 2 0 2 4 4 2 2 2 3 0 0 0 1 0 0 1 1 4 3 3 0 0 3 2 2
   1 2 1 4 4 3 3 2 0 4 4 2 0 1 1 1]
  [0 2 2 0 4 1 2 1 0 3 2 3 3 4 3 1 3 4 0 2 2 3 2 4 3 1 4 3 1 1 3 4 4 0 1
   3 0 4 1 0 1 0 0 3 2 2 3 3 0 0 2 0 1 1 0 1 3 1 4 3 4 1 2 4 4 1 1 0 4 0
   2 4 1 0 3 2 0 3 1 1 3 2 0 1 3 0 3 3 4 4 1 4 2 4 2 4 0 4 1 2 0 0 0 3 2
   3 3 3 3 1 4 2 4 3 3 4 0 0 4 3 2]
  [0 3 3 3 0 1 0 4 4 3 1 2 4 4 3 2 4 3 3 0 4 0 0 0 2 1 1 1 1 1 4 0 1 0 0
   2 1 4 1 3 4 0 3 3 0 0 0 4 1 1 0 4 1 3 4 0 3 3 0 3 3 0 1 0 0 1 0 2 1 3
   4 4 4 4 1 2 2 4 0 4 2 3 1 0 0 4 2 1 4 4 2 2 4 2 0 3 2 3 2 2 2 2 1 4 2
   1 3 1 1 0 1 2 2 1 4 1 2 4 4 1 0]
  [0 4 4 1 1 0 1 2 4 4 0 4 3 1 0 2 3 4 2 0 1 0 0 3 0 4 2 4 1 1 3 1 3 1 3
   4 3 4 4 0 3 1 3 2 1 1 4 0 1 1 1 3 4 0 3 3 4 1 4 1 1 0 2 3 0 4 1 3 2 1
   1 3 4 0 1 4 3 0 2 4 4 2 1 2 0 0 4 4 4 3 3 1 4 3 1 4 4 3 2 1 1 2 1 4 1
   0 4 4 0 1 0 3 4 0 1 4 4 2 1 0 4]
  [0 0 3 1 0 4 3 4 3 0 0 1 2 4 4 3 2 4 1 2 2 1 1 4 3 4 1 0 2 2 1 0 1 2 1
   1 4 4 0 3 1 4 3 0 0 2 4 1 2 3 4 0 2 0 0 1 1 1 4 2 3 2 2 1 3 4 0 1 4 0
   2 3 0 2 3 2 1 3 4 0 1 0 3 1 2 0 2 2 1 1 2 1 2 0 4 3 1 2 2 4 1 3 2 3 3
   0 1 1 1 0 2 3 1 2 2 4 2 1 2 1 4]
  [0 0 1 0 4 2 3 4 1 2 4 2 3 4 3 4 4 1 0 4 1 3 3 4 1 2 3 2 3 1 3 0 1 3 0
   3 0 2 0 2 1 2 4 0 2 2 1 1 3 3 4 2 2 2 4 2 0 2 2 3 1 0 2 1 2 1 3 1 1 4
   2 0 1 4 2 3 2 0 3 1 4 0 2 0 4 1 0 2 1 1 4 3 0 1 0 1 1 4 2 4 2 2 0 0 0
   0 3 3 3 0 0 3 0 4 0 2 2 1 2 4 0]
  [0 4 2 0 4 3 3 2 1 2 2 0 0 2 2 3 1 2 1 4 1 2 1 1 0 1 3 0 4 0 1 2 4 4 2
   4 1 2 4 1 0 0 4 0 4 1 4 2 3 1 1 3 0 1 3 3 4 4 0 4 1 4 2 3 0 2 3 0 4 4
   1 0 1 4 2 0 2 2 4 2 0 4 4 2 3 2 3 0 1 4 3 2 1 4 4 1 4 3 0 1 1 3 1 0 0
   4 1 0 1 4 0 2 0 2 1 2 3 0 2 2 2]
  [0 0 0 4 1 3 2 1 3 0 3 2 0 1 4 1 3 2 4 3 0 1 0 0 2 1 1 0 2 3 4 3 0 0 4
   1 3 0 3 1 1 1 3 2 0 0 3 2 2 0 1 1 2 2 1 4 3 4 1 2 0 2 0 0 3 4 1 4 0 1
   3 1 2 1 3 2 4 1 0 1 1 1 1 2 0 4 3 2 0 0 4 2 4 1 1 3 4 3 3 4 4 1 0 4 2
   0 3 0 2 4 3 0 3 4 1 0 4 4 2 1 0]
  [0 2 2 3 1 1 3 0 2 3 0 4 2 4 1 2 2 1 2 3 3 2 3 1 4 4 0 2 1 0 2 1 3 4 2
   0 3 1 0 1 0 0 1 1 4 4 2 4 1 0 1 0 4 1 0 2 2 0 0 0 0 1 1 1 1 0 4 0 1 0
   3 2 3 3 1 4 2 4 4 1 2 3 1 2 0 1 0 0 4 0 1 1 0 1 0 3 4 2 3 2 0 2 1 3 0
   3 3 4 2 0 3 4 1 0 3 1 4 0 2 3 1]
  [0 0 3 4 3 1 4 0 4 3 1 0 4 0 1 4 2 2 3 0 4 3 0 4 3 4 4 2 0 2 1 2 3 0 4
   3 4 3 4 3 2 2 1 1 1 0 3 0 0 0 1 2 2 3 1 1 4 0 3 0 3 1 1 4 4 2 2 4 0 4
   1 3 3 3 2 4 3 1 4 3 2 0 4 1 0 4 4 0 3 0 0 2 0 4 0 2 0 0 0 2 4 4 4 2 4
   3 1 2 1 2 0 1 2 3 0 4 4 3 4 0 2]
  [0 1 2 0 0 2 3 0 3 3 3 2 0 3 2 1 3 0 0 3 1 4 1 4 3 4 4 4 1 0 0 2 4 1 1
   1 4 1 3 0 4 2 0 3 4 4 3 4 0 1 3 2 2 3 4 4 0 3 3 3 2 0 1 0 4 0 3 1 0 3
   4 4 4 2 2 2 3 2 2 3 2 3 2 1 0 1 0 0 4 1 4 0 3 1 1 1 2 4 2 3 0 2 2 3 1
   2 4 0 3 3 0 0 3 0 2 3 0 0 0 2 2]
  [0 0 1 3 2 1 1 2 1 0 0 0 4 3 1 2 4 3 4 0 0 3 2 4 4 4 4 1 4 2 4 1 3 0 1
   1 4 4 0 4 3 1 0 1 4 4 4 3 3 1 0 0 4 4 4 1 0 3 0 4 4 3 2 1 4 3 0 1 1 2
   4 1 1 2 1 0 3 4 3 4 1 2 4 3 0 4 1 3 3 0 4 0 0 1 3 0 2 2 0 3 4 2 0 2 2
   2 4 0 2 1 4 3 0 0 2 1 1 3 0 2 4]
  [0 0 1 3 3 2 1 1 0 2 4 4 0 4 1 3 3 1 4 3 1 1 1 2 2 3 2 1 2 2 2 1 4 2 0
   2 2 1 3 4 2 4 2 0 3 2 1 4 0 4 4 3 2 4 3 0 1 0 2 2 1 0 3 1 1 3 3 4 3 4
   3 3 4 2 1 4 1 4 4 0 4 4 1 0 0 1 4 0 2 0 2 1 3 0 4 0 0 0 3 4 2 2 4 1 0
   4 1 3 1 2 2 1 3 0 3 2 0 0 3 3 0]
  [0 2 3 0 3 0 2 3 0 2 3 3 2 4 3 0 2 0 0 3 3 0 0 4 2 2 1 3 4 2 1 2 2 1 3
   3 3 2 3 4 1 2 4 2 0 4 1 3 1 3 4 2 2 1 0 1 0 1 3 0 4 1 2 0 1 3 0 4 2 3
   3 3 2 1 1 4 2 3 4 0 1 0 1 0 1 3 3 1 3 4 0 0 1 0 0 4 4 2 2 2 3 3 4 3 2
   2 2 4 4 0 3 4 3 4 4 3 3 3 0 2 1]
  [0 1 2 0 0 2 1 3 2 3 0 1 1 2 1 2 1 3 1 3 3 0 3 0 3 3 3 3 1 1 4 2 2 4 1
   3 0 3 1 3 1 3 1 2 1 4 0 4 0 0 1 0 1 1 3 3 0 0 4 3 2 2 4 1 1 3 0 4 2 2
   4 3 4 2 2 0 0 0 4 0 1 4 1 4 1 4 3 0 0 4 3 0 1 1 2 0 2 3 2 4 3 1 1 2 4
   2 2 4 2 3 2 3 3 1 0 2 3 4 0 2 1]
  [0 2 2 1 0 3 0 3 3 4 0 2 1 1 3 3 4 4 1 1 0 2 3 3 3 4 3 3 4 0 4 1 2 1 0
   2 1 0 4 3 4 2 0 1 3 1 4 4 4 4 2 1 0 1 0 4 2 1 0 4 1 1 3 4 0 0 1 2 4 1
   0 0 3 0 3 2 0 2 1 2 2 0 4 3 1 3 1 3 0 0 4 3 3 0 4 3 0 2 4 4 4 1 0 2 3
   2 3 3 1 4 0 4 0 0 1 2 4 0 4 2 0]
  [0 3 1 0 4 1 0 2 2 2 1 1 4 0 1 4 2 1 2 2 3 0 1 0 1 3 1 4 1 3 3 1 0 0 0
   4 1 0 2 4 1 0 1 1 0 3 4 2 1 3 1 4 2 4 3 4 1 2 4 0 3 0 0 0 2 4 1 1 3 4
   2 2 4 0 4 2 3 2 3 3 1 2 4 3 4 1 1 4 2 2 3 4 1 1 4 1 1 0 2 2 3 4 4 2 4
   3 3 3 2 0 1 4 1 0 2 4 1 3 0 3 0]
  [0 3 3 1 0 0 1 2 1 3 3 1 1 3 0 0 3 3 0 0 1 4 3 2 2 3 4 4 0 4 1 3 2 2 2
   2 1 3 2 0 4 1 1 1 0 1 4 3 1 4 4 2 0 4 1 3 1 2 4 4 2 0 2 0 1 1 2 3 4 3
   0 4 1 1 0 1 0 1 0 3 0 0 0 2 2 3 3 3 2 4 3 3 0 3 3 4 0 2 0 3 0 2 2 4 3
   1 4 0 3 1 0 1 2 1 3 3 3 4 1 2 2]
  [0 4 3 1 3 0 4 3 1 4 3 3 3 3 3 0 2 0 0 1 1 2 2 0 4 2 1 1 4 0 2 2 1 4 2
   2 3 1 1 3 2 2 4 1 2 0 1 1 4 1 1 3 2 4 4 2 2 2 1 0 4 0 0 3 0 2 4 1 1 0
   4 3 0 4 0 3 1 0 2 0 0 0 2 3 2 3 0 2 0 2 4 1 0 3 0 3 1 4 4 0 2 0 1 0 4
   1 4 1 0 2 3 0 2 1 2 4 4 3 4 2 1]
  [0 4 4 0 3 3 4 3 1 2 0 0 2 4 3 2 1 4 4 1 4 3 0 0 0 4 2 3 1 2 0 0 4 3 4
   0 3 1 4 1 0 1 3 1 4 2 0 3 1 3 2 2 1 2 2 3 0 4 1 0 3 2 4 3 3 4 1 1 3 4
   1 0 1 4 2 3 3 0 4 1 1 0 3 3 3 2 1 3 1 4 0 0 4 3 4 0 4 1 0 4 0 0 3 4 2
   4 4 1 4 2 4 0 1 1 3 0 4 3 3 3 3]
  [0 0 2 2 2 2 0 2 2 2 4 3 3 2 1 2 4 1 3 4 3 4 1 1 3 3 2 0 0 1 4 2 2 2 3
   4 1 3 2 1 0 2 1 1 4 4 2 2 3 2 4 3 1 4 3 0 3 3 4 1 1 1 4 1 4 0 4 2 1 0
   4 2 4 1 3 4 4 0 4 4 0 2 2 2 1 3 2 4 4 4 4 4 4 2 1 1 3 1 4 2 0 0 1 2 4
   4 4 3 2 1 2 4 2 1 4 4 4 2 3 3 1]
  [0 4 2 1 2 4 2 4 1 0 0 0 3 2 0 1 4 3 4 1 0 3 1 1 4 0 4 2 1 4 4 0 0 2 0
   4 2 3 3 4 2 2 4 0 1 2 3 4 4 4 1 0 1 1 1 3 3 4 4 4 2 4 0 4 4 2 4 1 0 1
   1 4 4 4 0 2 2 2 4 1 1 2 2 3 2 1 0 3 1 3 1 1 4 3 1 0 1 4 0 3 0 2 0 1 4
   0 4 2 3 2 2 0 0 0 3 0 1 2 3 3 4]
  [0 2 4 0 3 0 2 4 4 1 2 2 0 4 1 1 3 2 2 4 3 2 1 4 3 2 0 0 2 4 2 4 0 3 1
   1 4 4 1 2 2 1 1 0 1 4 4 4 1 2 4 4 2 4 2 4 1 0 0 3 3 4 0 4 1 0 2 4 4 0
   3 3 3 2 4 3 0 0 4 0 4 2 3 1 4 0 2 4 1 4 1 0 4 4 3 3 1 3 1 3 0 3 0 0 1
   1 2 2 1 0 3 3 1 2 0 1 3 2 3 4 2]
  [0 3 0 4 3 2 0 2 0 0 4 0 1 3 2 3 3 4 0 3 0 4 2 3 4 4 2 0 4 0 1 2 4 0 1
   0 0 2 3 3 3 4 0 4 0 0 4 4 0 2 0 3 2 0 0 4 1 2 0 4 2 1 0 4 2 3 4 2 4 1
   4 4 0 1 3 3 1 0 1 4 1 3 3 4 1 2 0 1 0 3 3 3 0 1 4 3 2 3 2 3 2 0 2 1 0
   3 4 3 4 4 3 2 0 0 0 3 4 2 4 0 3]
  [0 3 3 1 3 1 3 2 3 4 0 1 3 1 1 0 3 0 2 3 0 0 0 4 0 0 0 3 2 0 2 4 0 3 1
   3 0 0 0 0 4 2 0 4 1 4 3 3 1 0 2 3 4 2 4 4 3 1 1 0 2 4 1 2 4 0 3 3 0 4
   2 1 4 4 0 2 2 3 1 3 1 0 0 2 2 2 2 4 3 0 2 3 2 2 0 2 1 4 4 0 1 3 2 4 4
   0 3 2 2 2 2 2 4 3 3 1 2 2 1 3 0]
  [0 0 3 2 3 3 0 1 4 2 1 3 4 2 0 2 0 1 2 2 1 4 1 2 3 3 4 1 3 0 3 3 4 3 1
   2 4 0 0 2 4 2 2 3 4 4 1 2 3 3 3 1 2 1 1 3 2 0 1 3 0 0 1 3 4 3 3 3 4 0
   1 3 0 2 0 1 2 4 1 2 2 3 1 4 0 2 4 0 0 4 4 2 2 1 1 4 3 2 0 2 2 3 3 1 4
   3 0 2 4 2 0 1 1 0 0 0 4 3 2 1 2]
  [0 4 1 1 2 4 0 3 0 4 4 2 2 4 0 0 1 0 1 1 0 2 4 1 0 0 2 4 1 3 2 2 0 3 0
   0 1 2 1 4 2 1 3 3 0 3 4 2 2 2 3 1 2 1 1 4 1 3 1 0 1 4 0 0 0 4 4 2 4 1
   3 2 4 1 1 0 2 2 2 2 1 4 3 4 1 0 3 4 2 0 0 3 2 2 2 0 3 2 4 0 2 4 2 3 3
   3 2 0 1 0 2 4 2 0 2 2 3 3 1 0 2]
  [0 3 0 4 0 4 0 4 1 2 1 3 0 2 1 2 3 3 1 0 4 2 3 4 3 1 4 4 0 4 3 3 3 3 0
   0 4 1 4 4 2 3 1 4 0 1 4 2 2 2 3 2 1 0 2 4 2 3 4 2 2 4 2 0 4 1 2 0 3 3
   0 4 2 3 1 3 4 2 1 3 3 0 4 0 0 0 0 3 2 2 3 2 0 0 1 0 3 1 2 3 3 2 4 1 1
   2 1 2 0 3 4 2 1 3 1 2 4 3 3 3 2]
  [0 3 3 1 0 3 3 2 0 2 3 4 1 4 4 4 2 4 0 1 1 3 3 1 2 2 0 1 0 0 3 0 3 0 0
   4 0 3 3 2 2 3 2 0 2 1 1 1 3 2 2 2 1 4 0 4 2 1 4 3 1 0 0 0 2 3 0 4 3 1
   1 1 0 3 3 3 0 0 2 2 4 4 4 2 1 1 4 1 2 1 4 1 3 1 2 1 1 1 4 3 0 1 0 2 1
   4 0 0 3 0 2 3 0 2 1 4 2 0 1 3 0]
  [0 2 4 0 2 3 1 1 4 2 2 1 4 3 3 2 3 3 1 0 2 2 3 0 1 4 4 2 0 2 4 4 0 3 2
   1 2 2 0 0 3 1 2 1 3 3 4 3 0 3 0 0 3 3 4 2 1 1 2 2 3 4 2 1 2 4 1 3 0 2
   0 4 2 2 0 4 3 2 1 2 3 1 1 1 2 4 1 0 3 4 2 4 4 0 1 2 0 2 4 3 2 1 1 1 2
   1 4 0 4 2 0 0 4 3 3 2 1 0 1 1 0]
  [0 3 0 2 1 4 4 2 0 0 0 3 0 0 3 0 3 2 2 2 4 3 1 2 1 3 3 3 4 1 3 1 2 4 1
   0 1 0 3 3 3 3 1 1 2 3 2 4 4 4 3 3 2 1 3 1 0 0 0 1 1 3 2 0 2 4 3 1 3 4
   1 2 2 0 2 1 4 0 3 2 4 4 1 3 0 2 3 3 4 2 3 2 0 1 4 4 3 1 1 0 1 4 3 0 1
   2 3 0 1 3 4 0 1 3 0 3 0 2 1 1 3]
  [0 4 4 2 0 4 1 3 1 3 4 4 0 0 3 3 3 3 4 1 1 0 1 0 1 0 0 3 1 4 1 0 3 4 1
   1 2 3 1 0 4 3 2 3 0 4 3 3 3 1 1 0 3 0 0 0 2 1 3 0 1 4 0 1 0 2 0 0 1 4
   0 3 4 2 2 2 0 1 2 1 0 3 3 2 3 0 0 0 2 3 1 2 4 1 1 0 2 0 2 2 4 2 1 1 4
   1 4 1 1 0 4 2 0 2 4 4 0 4 4 4 0]
  [0 3 4 0 0 1 3 4 4 1 4 3 0 1 1 2 1 2 3 3 4 3 3 2 1 3 2 3 0 0 2 0 4 4 4
   4 3 3 1 0 1 4 3 2 2 0 4 1 4 1 4 0 4 1 4 4 2 0 3 3 3 2 0 0 3 2 2 4 3 1
   0 4 1 2 3 2 1 1 3 1 0 1 0 4 3 2 2 3 0 0 3 0 3 1 2 1 3 2 2 3 2 0 3 3 3
   4 1 0 1 1 0 2 2 0 0 2 1 2 0 2 0]
  [0 0 2 1 0 4 0 4 4 1 3 3 0 1 0 2 3 2 3 3 3 1 1 3 4 1 1 3 0 3 1 3 4 4 0
   2 3 0 3 0 0 2 4 0 3 4 1 1 0 4 3 0 0 4 0 4 2 0 3 3 0 1 2 3 2 2 1 2 2 2
   1 3 4 3 1 2 4 3 0 0 1 2 2 2 1 1 2 4 4 1 0 1 1 2 1 4 3 0 3 3 2 2 1 3 2
   3 2 4 0 0 1 0 1 2 0 1 1 1 3 3 1]
  [0 4 1 1 3 1 3 3 2 2 0 2 1 0 1 3 4 4 3 0 2 3 2 2 4 1 1 4 3 4 3 2 0 2 3
   3 4 4 2 2 1 3 3 2 2 4 2 2 0 2 0 2 1 0 1 4 2 3 3 1 3 2 0 1 3 2 1 1 4 0
   3 0 2 3 1 4 4 0 4 2 3 4 2 4 0 2 0 0 3 1 2 0 2 4 2 4 2 2 3 1 3 4 2 0 3
   3 1 4 1 0 1 3 4 0 0 0 1 3 2 1 4]
  [0 2 4 1 4 4 2 4 3 0 1 3 1 3 2 0 0 4 0 0 1 2 4 2 4 0 0 2 0 4 0 0 1 1 3
   4 3 2 2 3 3 2 3 0 0 2 3 3 3 2 4 0 4 2 0 0 4 4 2 0 3 1 1 0 1 4 4 3 0 2
   3 0 2 0 4 0 3 2 3 2 4 2 4 4 4 2 3 3 3 1 4 4 4 3 0 3 0 1 1 3 2 3 2 2 3
   4 4 1 2 0 1 3 2 4 1 4 0 3 1 3 0]
  [0 3 1 2 3 1 4 3 1 0 4 1 0 2 4 2 0 0 4 4 1 4 1 3 4 3 4 4 2 0 0 3 0 2 4
   1 1 2 3 1 0 1 1 0 4 3 3 0 2 1 1 0 4 1 1 2 1 0 3 0 1 3 2 3 2 4 2 0 1 1
   4 1 1 0 0 2 0 2 2 3 2 3 1 1 3 2 1 3 4 4 3 3 3 0 0 0 2 0 1 1 1 4 3 2 4
   1 2 4 1 1 1 3 2 4 3 4 3 0 4 3 1]
  [0 2 4 0 2 4 2 4 1 4 0 1 4 0 3 2 0 2 0 0 3 3 1 4 2 4 0 0 4 4 1 3 4 4 4
   2 4 1 3 1 0 1 4 3 3 2 3 3 1 0 3 4 1 0 4 1 0 2 3 1 3 0 1 3 2 1 2 1 1 1
   4 4 4 0 0 2 1 2 1 3 2 3 3 3 4 2 2 4 4 0 1 2 1 4 1 1 1 2 1 1 4 3 2 1 0
   0 0 2 4 1 2 1 0 2 1 4 0 2 0 4 4]
  [0 0 0 1 0 0 0 3 1 2 2 3 1 4 0 3 3 3 2 0 1 0 1 0 0 3 3 0 2 0 3 2 3 1 1
   4 4 0 0 3 4 4 2 2 3 0 3 3 1 4 3 2 2 2 1 0 4 2 1 0 3 0 2 4 0 3 2 3 3 2
   0 3 0 0 1 0 3 0 2 3 4 4 3 2 0 1 1 0 4 4 4 2 0 0 0 0 2 3 1 2 4 2 2 2 3
   1 2 0 4 4 3 0 0 2 2 3 0 1 3 0 4]
  [0 4 3 2 3 0 1 4 2 2 0 3 3 1 0 4 3 0 0 4 3 3 0 3 3 2 1 4 1 2 2 2 2 0 0
   0 4 2 3 4 3 4 3 0 2 2 1 2 0 0 2 2 2 1 2 0 3 0 4 0 4 4 0 1 3 4 3 0 3 3
   2 1 1 4 2 2 2 2 1 3 2 4 1 2 4 2 2 4 0 3 4 1 1 1 2 1 2 4 1 4 2 0 1 2 4
   4 3 4 3 1 4 2 2 3 4 4 0 4 3 3 0]]

 [[0 2 4 3 2 3 0 4 3 0 3 4 3 2 1 4 4 2 2 0 3 0 2 2 1 1 2 4 0 1 2 2 1 0 1
   0 0 4 0 0 2 2 2 3 0 4 2 3 0 2 3 2 0 2 1 4 2 0 3 2 1 3 4 3 1 3 3 0 0 0
   3 4 2 3 3 4 0 3 2 4 3 2 3 3 0 3 3 0 3 4 0 3 3 0 3 1 3 3 0 0 0 1 2 1 3
   3 1 0 2 4 3 3 4 2 0 4 2 4 3 2 3]
  [0 0 4 2 0 3 3 2 3 3 0 2 3 4 3 3 1 2 2 1 3 4 0 4 4 4 0 0 2 4 2 3 3 2 3
   4 0 1 4 4 2 1 4 0 4 1 0 4 2 4 3 4 3 3 2 2 0 1 4 3 3 2 4 3 1 3 4 2 4 4
   0 0 3 2 4 3 0 4 1 4 0 0 4 2 2 1 4 0 3 3 1 1 4 3 1 1 3 0 1 3 4 0 0 4 2
   1 4 2 1 0 3 3 1 1 4 4 0 0 1 3 4]
  [0 4 0 0 0 0 3 3 1 0 0 4 0 1 3 4 0 0 3 2 0 1 2 3 4 3 4 1 0 4 1 4 1 1 2
   1 2 3 0 1 2 3 3 1 4 1 1 1 2 2 4 4 0 3 2 4 3 1 4 3 2 3 0 0 2 3 2 3 0 0
   4 4 3 1 1 2 4 4 3 2 3 2 3 1 4 0 0 0 1 4 4 3 0 1 0 4 0 4 2 4 1 4 1 1 2
   1 3 1 3 2 2 0 1 1 3 0 1 3 2 4 4]
  [0 4 3 0 3 2 0 2 3 2 4 2 4 0 2 1 0 0 3 0 3 0 2 3 2 0 0 1 1 2 0 3 2 2 1
   3 4 0 3 4 1 4 3 1 1 3 2 3 4 4 1 1 2 4 3 1 1 2 2 4 0 1 4 1 1 4 3 0 4 0
   4 0 3 3 0 1 2 0 2 2 4 2 2 1 4 0 2 1 0 2 3 3 2 2 2 2 4 0 2 4 2 3 0 2 3
   2 4 3 1 0 1 3 3 1 2 0 4 1 1 2 0]
  [0 2 1 4 0 3 3 3 0 2 3 0 2 1 3 2 2 2 3 0 1 4 1 0 0 2 0 3 2 1 3 0 2 0 3
   0 2 4 0 2 4 3 4 4 3 0 3 4 1 4 3 3 0 3 3 1 0 4 2 2 3 3 3 0 2 3 4 3 2 2
   2 4 0 4 3 1 3 1 4 2 3 3 4 2 0 2 4 2 2 4 3 0 0 3 0 1 0 1 1 0 0 3 0 2 0
   0 1 1 3 0 3 1 4 4 1 4 2 0 4 3 0]
  [0 3 1 0 0 0 4 0 0 2 1 4 2 3 1 0 3 1 1 3 1 1 0 2 2 1 3 2 1 0 2 4 1 4 2
   2 4 3 4 0 4 3 2 3 2 4 1 3 3 3 3 4 3 0 4 0 0 4 1 4 0 4 4 4 0 2 4 0 4 2
   3 4 2 0 2 3 0 4 0 3 0 3 3 4 4 3 4 2 2 0 4 1 0 0 1 1 1 1 1 0 4 1 2 4 2
   4 3 3 2 4 3 1 1 0 3 4 0 2 3 1 2]
  [0 4 0 2 2 4 0 3 0 1 4 1 4 0 2 1 0 2 0 4 0 1 0 3 2 4 1 0 1 2 3 1 1 0 0
   0 2 4 4 1 1 1 3 1 4 4 4 2 0 0 0 4 1 1 0 4 2 4 2 1 4 4 3 0 1 1 3 3 3 0
   4 1 0 0 1 3 3 1 2 4 4 1 2 0 3 0 0 1 1 1 2 3 4 2 1 2 4 3 3 3 1 4 3 0 0
   2 2 2 3 3 4 2 2 2 3 3 0 1 1 2 1]
  [0 0 1 2 4 0 4 0 2 3 1 0 4 4 2 3 4 3 0 0 2 4 1 0 0 2 0 2 2 2 1 4 2 3 0
   1 0 4 4 1 2 4 4 2 2 4 2 1 4 3 4 2 3 3 3 1 3 1 3 2 0 3 0 0 3 3 0 3 2 4
   4 4 3 4 2 4 4 1 0 0 2 3 0 0 4 3 3 0 3 0 1 0 4 3 1 2 2 2 3 4 2 4 0 2 1
   2 1 0 2 2 0 1 2 2 0 4 0 2 3 1 2]
  [0 3 2 2 2 2 0 2 0 3 4 2 3 2 3 0 3 1 2 1 1 2 4 2 0 3 3 0 3 4 3 3 0 2 3
   4 2 0 4 1 2 2 3 0 2 4 0 1 4 0 1 0 3 2 1 4 1 2 1 4 2 0 3 2 4 1 4 4 1 0
   1 0 0 3 2 4 1 3 2 2 2 1 1 2 0 3 2 0 3 1 2 3 1 2 0 4 3 0 1 3 4 2 1 4 4
   3 2 0 4 1 4 1 1 4 2 2 1 3 4 0 1]
  [0 2 2 4 0 4 0 1 2 0 2 3 4 2 0 0 4 0 3 1 4 4 3 2 0 1 0 2 3 2 4 3 3 1 3
   3 0 3 4 2 1 4 2 2 2 1 0 0 0 4 1 4 3 0 4 4 4 1 0 0 3 2 0 2 2 0 2 3 1 1
   1 2 2 4 3 3 4 2 4 4 2 0 3 0 4 2 2 4 2 1 1 4 1 1 0 3 4 0 4 4 2 4 1 1 2
   4 4 1 4 4 2 0 1 1 2 1 0 4 3 0 0]
  [0 1 2 2 1 1 4 0 1 4 0 4 0 1 4 1 1 2 1 0 0 3 3 4 4 0 0 0 0 2 1 0 0 4 0
   4 2 2 2 1 1 1 2 3 2 2 1 0 4 1 3 3 1 3 4 2 0 3 3 3 3 1 4 2 4 3 0 2 4 2
   1 0 0 2 4 0 4 0 0 3 4 1 4 4 0 3 2 1 1 1 1 3 1 3 2 4 4 1 3 3 1 3 3 2 0
   4 3 0 2 4 2 4 2 1 2 4 2 2 1 0 1]
  [0 0 0 4 4 3 4 1 0 4 2 0 0 4 0 0 4 4 2 4 2 1 3 3 2 2 3 3 4 2 2 3 4 2 0
   4 3 0 3 4 3 0 4 3 1 3 0 4 2 1 0 1 2 2 1 0 3 3 2 2 4 1 1 1 2 2 1 4 4 0
   2 4 4 3 3 4 0 1 0 4 4 2 2 4 3 4 1 1 3 4 1 4 1 4 1 3 1 0 4 1 0 3 4 0 4
   2 2 3 2 2 4 2 4 4 2 1 0 2 2 2 3]
  [0 4 4 4 4 2 1 0 2 2 0 3 0 2 3 4 0 2 4 4 2 1 2 1 0 3 3 3 1 1 0 3 2 4 1
   0 4 3 0 2 3 1 2 4 1 2 4 1 4 1 2 4 0 0 3 0 4 3 1 4 2 2 2 3 1 1 2 1 2 2
   0 0 1 4 2 2 4 4 0 3 1 1 1 0 1 0 2 2 4 2 3 4 1 4 1 2 4 4 1 2 0 3 1 4 1
   0 2 2 0 0 2 0 3 1 2 1 3 1 0 2 1]
  [0 1 3 1 1 0 4 3 1 2 3 2 4 0 1 0 2 0 2 2 1 1 4 3 2 1 0 4 2 4 0 2 3 4 2
   1 0 4 0 2 0 0 2 3 1 0 3 1 2 0 0 0 4 4 2 1 2 4 3 4 1 2 3 1 3 1 3 0 4 1
   2 4 3 3 2 2 1 3 3 3 4 3 2 3 3 4 3 0 3 0 4 0 4 2 3 0 1 3 0 2 3 0 4 0 0
   1 4 1 1 4 4 3 0 1 0 4 4 2 1 4 2]
  [0 3 3 4 3 1 0 2 4 2 4 3 4 0 0 2 0 4 0 4 3 1 2 0 3 3 4 1 1 4 1 2 0 2 4
   1 3 2 4 0 4 3 1 3 4 3 2 1 4 3 0 1 3 0 2 3 2 4 1 3 3 4 4 0 1 1 2 4 2 1
   1 0 4 4 4 3 2 2 4 1 4 0 4 0 1 4 3 1 2 4 1 2 0 4 2 1 3 2 0 0 4 1 4 1 1
   3 0 1 3 3 1 3 1 1 3 1 0 0 1 0 0]
  [0 2 3 3 2 1 2 1 3 3 0 0 1 3 0 0 4 2 4 0 4 3 0 1 0 3 2 4 4 1 3 1 2 0 2
   1 2 3 2 1 2 2 2 2 2 2 3 3 3 4 4 4 3 3 1 3 1 4 4 4 3 4 0 1 3 4 1 4 4 0
   2 0 1 0 0 4 2 2 4 2 4 4 3 0 3 1 2 2 1 2 3 0 4 1 2 2 2 2 0 3 1 2 2 4 3
   2 1 0 0 4 1 3 2 3 3 4 4 2 0 0 3]
  [0 1 0 2 2 0 0 1 1 2 0 2 4 0 1 1 0 3 2 0 1 3 2 2 1 0 0 3 1 2 4 2 3 3 1
   0 3 3 4 2 2 3 1 0 2 4 0 4 0 4 2 3 0 2 0 0 0 1 1 3 4 2 1 1 1 1 4 4 1 4
   1 2 1 2 1 0 1 3 2 0 1 1 1 0 4 2 4 2 4 4 0 1 3 3 0 4 4 4 1 3 1 2 3 1 1
   3 1 0 4 3 4 4 3 0 2 2 3 2 1 1 2]
  [0 2 2 0 3 1 2 3 0 4 0 0 1 1 0 1 1 0 2 3 1 4 2 4 4 3 0 0 2 0 0 4 3 4 1
   3 3 2 1 3 3 4 1 1 2 1 1 4 4 4 0 1 4 2 2 3 2 4 2 3 3 0 1 1 1 3 4 0 1 3
   2 1 3 2 1 2 1 1 3 1 0 3 3 3 0 0 3 0 1 2 0 3 1 1 3 2 2 1 4 2 0 3 1 1 1
   3 4 4 0 4 0 0 4 1 0 4 2 4 4 4 4]
  [0 4 4 1 1 0 2 1 3 0 4 0 3 4 0 0 1 0 0 0 1 1 3 3 4 2 1 4 3 0 2 3 3 0 4
   1 0 1 0 2 4 4 4 1 2 4 3 4 4 0 2 2 0 1 0 0 0 2 0 2 1 4 1 4 2 2 2 4 1 1
   4 3 4 3 3 3 2 2 1 1 0 4 4 0 1 3 3 0 0 4 2 2 3 0 0 1 3 1 2 4 1 0 2 2 3
   4 4 4 0 3 1 3 4 0 3 4 0 2 2 2 3]
  [0 0 4 0 1 3 4 1 2 2 0 0 1 1 3 0 3 0 0 0 4 3 2 2 2 3 1 3 1 4 4 3 4 3 2
   1 2 2 2 0 3 1 4 4 0 1 0 2 3 2 1 3 3 1 4 0 3 0 0 1 1 2 0 1 4 1 4 4 4 1
   3 4 2 0 4 0 0 2 3 2 2 1 4 2 0 2 0 4 3 3 0 3 1 2 0 0 1 4 0 4 0 0 1 2 0
   2 4 0 4 4 1 4 4 0 3 2 4 4 0 3 0]
  [0 4 4 0 2 3 0 1 0 3 0 2 0 1 1 3 4 0 0 3 0 4 4 3 4 1 4 4 4 2 2 4 4 2 0
   1 3 2 3 1 1 1 1 3 4 1 1 0 2 4 1 2 0 2 4 3 2 3 1 4 4 3 1 0 0 2 1 0 1 2
   0 2 1 3 0 2 1 4 2 0 1 1 0 4 3 1 0 4 2 0 2 1 2 3 4 0 2 0 4 3 3 0 4 4 2
   1 4 1 0 0 0 1 3 1 2 2 3 3 3 4 3]
  [0 2 2 1 3 2 2 3 3 3 1 4 2 1 2 0 0 4 2 1 2 0 1 0 0 1 4 0 1 3 2 1 4 2 0
   0 4 2 1 4 2 0 0 2 0 2 3 3 3 2 0 2 1 0 4 2 3 4 3 4 2 3 0 3 0 4 4 0 0 2
   4 3 2 2 4 0 4 4 0 1 2 2 0 4 4 1 2 1 3 0 2 4 3 4 0 2 1 3 4 1 2 3 1 4 2
   1 2 0 3 0 4 2 4 4 2 4 1 1 3 3 4]
  [0 1 2 0 0 1 2 3 1 1 1 0 3 0 4 4 3 4 2 0 2 0 0 0 4 4 3 0 4 3 2 0 4 3 0
   1 2 2 0 1 1 0 2 1 3 2 3 1 2 3 0 0 4 4 2 0 4 3 4 3 0 2 3 2 4 4 0 0 2 4
   0 4 1 2 4 4 4 1 1 2 4 3 1 1 2 1 0 1 1 1 4 3 1 3 0 3 4 4 0 2 4 0 4 2 2
   4 2 3 2 2 2 2 3 1 2 4 1 2 2 4 0]
  [0 3 2 4 0 4 3 1 1 3 2 2 1 0 0 1 0 0 3 3 3 2 0 0 1 4 2 0 1 3 1 1 1 2 2
   0 1 0 4 4 1 3 3 3 4 4 0 1 2 1 1 2 0 2 4 0 2 4 0 2 2 2 3 1 0 2 0 1 4 4
   2 2 0 3 0 3 2 4 1 1 1 4 3 4 2 0 3 2 4 1 3 0 4 3 0 2 1 3 3 4 2 3 1 3 2
   3 2 3 4 1 2 0 4 3 2 1 1 0 2 1 2]
  [0 4 1 0 3 1 3 0 1 2 0 4 3 2 1 3 3 0 3 0 3 2 2 4 0 1 4 1 3 1 3 3 2 0 2
   1 4 1 4 1 1 2 3 3 2 3 0 3 2 4 2 0 1 2 2 2 3 0 0 3 1 0 4 2 4 2 1 0 4 4
   0 4 1 0 4 3 3 4 3 1 4 1 2 0 3 2 3 0 4 1 2 2 2 3 3 1 4 1 3 3 1 1 3 4 4
   3 0 3 1 4 3 1 2 1 4 4 1 2 2 0 2]
  [0 1 1 2 4 1 3 2 2 4 2 3 4 4 3 2 4 1 0 3 0 3 0 0 3 0 0 0 0 0 2 1 0 2 4
   1 1 2 3 1 0 3 3 0 1 2 4 4 0 3 1 0 2 1 0 4 3 0 4 3 4 0 2 0 4 0 3 1 2 3
   1 3 2 1 1 2 4 0 0 1 0 3 1 4 4 0 0 4 4 1 3 1 1 4 1 2 4 3 2 3 2 4 1 0 0
   2 1 3 3 1 2 1 4 1 2 3 4 3 3 3 3]
  [0 4 4 2 1 0 4 0 0 4 1 4 3 0 1 4 3 2 1 1 0 0 0 1 0 4 0 0 0 0 0 1 3 2 4
   2 0 0 1 0 4 2 0 4 2 2 4 3 2 0 2 0 4 3 4 4 3 0 3 0 2 0 2 4 2 2 2 0 2 2
   0 1 3 2 4 4 1 0 0 4 4 3 4 4 1 2 0 0 0 1 2 3 3 1 4 0 3 2 3 1 0 4 0 2 0
   0 3 3 1 2 3 0 2 4 4 1 4 0 2 0 4]
  [0 3 4 4 3 1 0 3 0 1 4 2 3 4 2 4 4 3 0 0 3 0 4 3 2 4 2 0 1 0 1 2 1 0 4
   4 4 0 2 4 2 4 0 2 2 3 1 0 2 2 2 1 4 1 0 4 0 0 4 1 3 3 3 0 4 0 1 4 2 0
   0 1 4 0 0 3 0 0 0 4 3 3 2 0 4 3 3 1 0 3 3 0 2 1 1 3 0 3 0 4 1 4 4 0 0
   1 0 1 4 3 0 1 0 2 3 1 3 1 1 0 1]
  [0 2 0 4 3 0 3 1 1 2 2 3 2 1 3 1 3 0 4 0 1 2 2 2 1 4 1 1 0 1 4 4 0 3 1
   2 3 1 0 4 0 1 1 4 1 2 0 3 4 2 3 4 4 1 2 0 1 3 2 0 4 1 1 1 0 2 3 3 0 1
   0 0 0 1 1 2 1 1 0 4 4 2 4 0 4 3 4 1 3 1 2 4 1 3 2 4 2 4 0 1 2 0 4 0 3
   3 3 2 0 2 1 3 3 3 2 4 4 0 1 3 1]
  [0 4 1 4 1 2 4 1 4 4 2 3 0 4 2 4 1 1 1 4 3 2 3 3 1 0 1 3 4 0 2 0 0 2 3
   1 2 0 2 2 4 1 4 4 4 3 1 1 4 1 4 4 3 3 3 0 0 1 4 2 4 2 0 1 1 4 3 4 4 0
   1 1 3 1 4 0 0 0 0 4 4 4 0 1 0 1 4 2 4 1 2 4 2 1 0 3 0 1 1 0 4 0 0 2 3
   0 3 0 1 4 1 0 0 3 1 1 2 4 3 0 2]
  [0 1 0 0 4 3 4 1 2 4 3 2 0 2 1 1 0 0 4 3 0 0 1 3 0 1 4 3 0 0 0 1 1 4 1
   1 2 3 0 2 1 4 1 3 0 4 4 3 4 1 3 0 2 4 1 2 1 4 1 2 2 4 0 3 1 4 3 4 4 0
   1 4 3 1 2 2 4 1 2 3 0 2 0 0 4 4 0 4 2 3 4 0 1 1 2 3 1 3 4 1 3 2 4 4 1
   4 2 3 4 3 1 2 2 4 4 2 0 2 1 2 0]
  [0 1 0 1 3 1 1 3 0 4 3 4 2 2 1 3 3 4 3 0 3 4 0 4 4 3 4 3 4 1 3 0 2 3 0
   0 0 2 4 1 4 1 4 4 1 1 4 2 1 0 2 2 3 3 1 0 2 3 2 2 2 0 3 2 2 2 4 3 2 4
   0 2 2 3 1 1 4 3 2 3 2 0 4 1 4 0 2 3 3 4 1 2 2 2 0 2 1 1 2 1 4 3 2 0 4
   0 0 1 4 4 2 2 3 4 0 3 1 1 1 2 2]
  [0 1 0 1 0 1 3 0 1 1 3 0 2 0 2 0 3 2 0 3 2 4 3 1 0 0 2 0 3 3 3 2 0 1 1
   4 2 4 2 1 2 3 0 4 1 3 0 2 1 1 0 0 0 4 0 0 1 3 4 2 3 4 0 3 2 4 4 0 4 2
   3 1 1 1 0 2 4 0 1 1 2 1 1 3 2 0 1 2 3 4 2 2 4 3 0 2 4 0 3 1 1 0 4 0 3
   1 1 2 1 4 2 4 4 1 2 4 0 0 2 4 2]
  [0 1 0 3 1 3 3 4 2 1 2 1 1 3 2 4 4 0 4 1 1 3 4 3 0 4 1 1 4 2 1 1 1 0 2
   4 1 3 2 4 3 0 1 3 4 1 1 0 0 4 1 1 2 1 4 2 2 0 2 1 4 3 2 2 3 2 4 3 3 2
   1 1 1 1 3 1 3 2 0 0 0 0 2 2 3 2 4 1 2 4 2 0 3 2 1 4 2 1 3 0 2 3 3 4 4
   2 2 4 0 4 4 1 2 2 3 1 4 2 2 2 2]
  [0 0 3 2 4 2 0 1 3 3 1 3 4 0 1 2 0 4 0 2 1 4 3 0 1 2 1 0 3 0 2 0 0 4 0
   3 2 1 3 2 0 4 2 0 1 4 4 1 4 1 2 1 4 3 2 1 0 1 2 3 0 1 3 2 2 3 2 0 1 1
   4 2 1 0 1 3 2 1 2 2 2 2 0 2 3 1 1 3 0 0 1 3 0 0 2 1 2 3 0 1 0 2 3 4 1
   2 1 1 3 4 3 4 0 3 4 1 3 4 0 2 3]
  [0 0 2 2 3 2 0 4 4 2 3 1 0 1 3 1 2 2 3 0 4 1 1 2 4 0 2 2 3 1 0 1 4 4 0
   0 4 2 2 0 1 2 0 2 4 2 4 2 1 0 4 0 1 0 3 1 2 4 1 3 3 3 2 1 0 4 1 4 2 0
   4 2 2 1 2 1 2 2 1 0 3 4 4 4 4 1 4 2 0 0 0 3 0 1 1 2 4 4 2 1 0 1 1 3 3
   3 3 4 1 3 0 4 4 2 4 4 1 0 2 1 1]
  [0 2 3 4 3 2 1 1 0 4 4 0 4 4 3 0 1 0 4 4 3 1 2 4 3 3 3 4 2 3 2 4 2 0 3
   4 0 3 3 4 1 3 2 0 4 0 3 4 0 4 0 3 4 3 0 0 3 0 4 3 0 0 4 4 1 1 0 4 0 4
   1 3 3 2 4 0 0 1 0 0 4 0 1 0 2 1 3 0 1 1 4 1 3 3 3 1 3 4 2 3 0 4 2 1 1
   1 3 3 1 3 4 1 3 2 4 2 1 4 2 2 1]
  [0 0 3 3 1 0 2 3 3 1 1 4 0 3 3 0 4 0 4 0 3 1 0 3 1 2 1 2 0 0 1 3 2 2 0
   0 4 0 1 2 2 1 0 0 2 1 4 4 4 2 1 3 0 0 4 1 1 1 0 0 2 3 3 4 0 0 1 2 1 3
   4 1 0 1 4 3 0 3 2 0 0 3 4 1 3 4 4 1 2 2 2 2 1 4 0 0 0 0 3 3 4 0 3 1 1
   2 0 2 0 3 4 0 2 1 4 3 0 2 4 4 2]
  [0 2 2 2 3 1 2 3 2 4 1 2 0 4 3 4 0 4 0 0 2 4 3 1 3 2 3 0 2 0 3 4 3 0 0
   1 0 3 0 4 4 2 3 4 1 1 0 1 4 1 4 4 0 3 4 3 1 0 0 4 3 2 2 4 1 1 4 2 4 4
   4 1 4 0 4 0 2 3 0 4 3 4 4 4 4 3 1 0 4 4 2 1 2 2 4 1 1 4 3 1 1 2 2 3 3
   0 4 3 1 3 0 0 1 1 3 4 0 1 3 0 1]
  [0 0 2 0 1 3 4 4 0 2 4 3 3 3 1 4 1 3 1 2 2 2 1 2 4 4 3 2 3 2 1 3 2 2 1
   3 0 1 3 0 3 3 3 1 0 4 2 1 3 4 1 4 2 4 0 4 4 4 3 1 3 4 3 1 4 1 2 3 3 1
   3 1 2 3 3 3 1 2 0 4 2 3 4 4 1 4 2 2 1 3 0 0 1 4 3 1 1 0 0 0 2 1 3 0 0
   0 4 3 1 1 3 1 1 2 2 4 0 2 3 3 0]
  [0 1 3 1 1 1 2 0 3 4 0 3 4 3 2 1 1 0 2 2 1 1 4 3 2 2 0 3 2 4 0 3 1 0 1
   3 0 1 4 2 0 2 0 0 4 1 3 3 2 4 3 2 0 2 4 3 1 4 3 0 2 2 2 3 2 0 4 0 0 1
   2 3 1 3 1 3 1 4 2 0 4 4 4 3 3 4 0 3 0 4 3 2 1 4 0 1 3 1 1 2 0 0 0 3 3
   2 4 4 3 1 4 4 4 1 4 3 1 4 3 2 3]
  [0 4 2 2 1 4 0 2 4 3 3 4 3 2 0 0 3 3 0 0 1 2 2 0 0 0 2 3 4 4 4 3 1 1 1
   4 2 0 1 4 3 0 0 3 3 4 4 2 3 2 3 1 2 3 0 4 0 0 4 3 2 2 1 0 0 1 0 0 3 4
   2 3 4 3 1 4 3 0 1 1 4 0 2 2 2 4 4 1 3 4 3 3 2 0 1 4 0 1 1 0 0 4 0 4 2
   1 4 1 3 2 3 2 2 4 0 1 2 2 4 1 1]
  [0 0 1 3 0 0 4 4 3 4 4 4 1 0 1 3 1 1 2 0 2 0 4 0 4 1 0 2 3 3 3 0 4 2 1
   3 0 4 3 1 1 1 0 1 1 4 1 0 0 2 2 4 4 2 1 0 1 0 0 4 3 2 0 1 2 4 3 2 2 1
   0 3 4 2 3 4 4 3 3 0 4 4 1 3 2 1 1 0 3 0 4 1 1 4 4 1 0 1 4 2 3 1 0 1 3
   3 3 2 0 2 3 0 2 3 4 0 0 4 2 2 3]
  [0 1 2 2 0 4 3 4 3 4 2 4 0 1 0 4 4 0 4 1 2 3 0 2 1 0 2 0 4 0 1 4 4 4 1
   1 2 0 3 3 0 1 3 0 2 2 2 0 0 0 0 2 0 2 4 4 3 0 0 2 2 4 4 0 2 4 3 4 3 4
   0 0 3 1 4 3 2 3 1 2 4 3 0 2 1 3 0 0 2 3 2 2 2 0 4 0 4 0 0 0 2 2 0 0 3
   1 4 2 2 1 2 1 2 2 2 1 3 3 2 2 0]
  [0 2 1 4 1 1 1 4 1 4 0 3 3 0 4 3 2 2 4 1 1 2 1 0 1 4 4 2 4 4 2 2 3 3 0
   4 3 1 3 3 3 3 1 3 0 3 4 4 0 3 1 1 2 2 2 2 2 0 2 1 4 0 1 2 3 1 3 1 2 4
   1 4 0 3 3 2 0 1 2 4 2 4 1 1 0 0 2 3 0 3 0 4 2 1 2 2 1 2 2 3 1 1 0 4 4
   0 3 3 0 2 4 4 4 2 3 4 1 4 2 4 4]
  [0 2 1 3 1 0 3 0 4 4 0 2 4 4 2 0 2 0 0 0 3 2 4 3 2 4 4 1 2 1 3 4 3 3 1
   2 2 4 4 2 2 1 1 1 4 0 4 0 4 4 1 1 4 2 1 0 3 1 4 0 4 0 2 4 1 1 4 2 3 3
   0 0 4 4 3 2 4 4 4 2 4 0 2 4 1 4 4 2 4 4 1 0 2 4 4 3 1 4 3 4 4 3 0 0 3
   1 4 2 1 1 4 2 0 0 0 3 4 4 3 4 0]
  [0 0 2 4 2 1 2 1 4 2 4 1 3 1 0 4 1 0 2 3 3 3 2 1 3 0 3 0 2 2 2 1 4 0 1
   3 4 1 2 4 1 1 2 1 0 3 0 0 2 2 1 1 2 2 1 0 0 4 3 2 1 0 4 2 3 3 2 2 3 2
   3 0 3 4 1 2 1 1 2 3 4 1 0 0 1 4 1 3 0 0 3 3 1 0 4 3 4 4 0 1 4 1 4 4 0
   2 3 0 4 4 1 0 4 2 1 4 1 0 1 4 0]
  [0 2 4 4 3 2 0 3 1 0 4 4 1 3 4 3 0 2 4 4 2 0 0 3 4 0 3 4 4 3 4 3 0 3 1
   4 2 4 2 2 2 4 4 3 2 1 4 0 0 3 3 3 1 3 4 4 3 4 1 3 2 1 0 4 3 4 1 1 1 4
   1 4 3 2 0 2 3 4 4 1 3 0 0 1 0 0 2 1 4 0 4 0 3 1 2 4 4 1 4 3 1 1 0 0 2
   2 4 3 0 3 1 0 0 2 4 2 2 0 4 4 3]
  [0 1 2 3 2 4 1 1 1 0 3 4 1 1 1 2 3 3 4 4 0 4 3 1 4 3 0 4 0 1 4 3 4 3 0
   4 0 1 2 2 3 3 2 1 4 4 1 0 0 0 2 4 3 1 0 3 3 4 4 2 1 2 3 1 4 4 1 4 4 4
   4 2 2 4 4 1 2 0 0 1 1 2 0 1 1 1 0 1 1 4 2 1 3 0 0 4 3 0 2 4 4 0 0 3 0
   0 2 2 1 1 0 4 4 2 1 0 4 0 1 1 1]
  [0 3 1 2 1 3 2 0 2 3 3 4 4 2 3 1 3 2 1 1 0 4 2 3 3 4 1 4 3 1 3 4 4 4 2
   2 4 3 1 1 1 1 2 3 3 0 4 4 3 0 2 2 2 3 3 2 1 2 1 0 4 1 2 4 1 4 3 1 2 1
   2 4 3 3 1 4 4 1 3 3 0 3 4 4 1 1 3 3 3 2 3 2 4 1 2 1 0 2 2 0 3 0 3 4 4
   0 3 2 0 0 0 0 1 3 4 0 2 1 1 0 0]
  [0 3 4 1 4 2 0 0 4 2 4 0 0 2 3 4 0 4 3 4 4 2 1 0 1 1 2 1 4 4 2 0 0 3 2
   1 1 1 3 3 4 0 1 0 3 2 1 0 1 2 0 0 3 3 2 1 3 4 2 0 2 2 0 2 3 3 2 2 1 1
   1 3 2 2 4 1 1 3 0 0 3 4 4 2 1 3 4 4 0 1 2 0 2 1 3 0 4 2 0 0 2 0 3 2 1
   1 3 1 3 2 2 1 0 3 4 0 4 3 4 2 1]
  [0 4 2 3 1 1 2 3 3 1 3 4 4 3 0 4 2 3 1 0 3 2 3 0 0 3 4 4 0 1 1 4 0 2 4
   0 1 0 1 4 0 0 3 2 1 1 2 1 3 1 3 0 3 0 1 0 3 1 0 3 4 2 4 3 2 0 1 4 0 3
   4 1 3 2 4 0 2 1 4 4 2 1 2 2 3 4 1 2 4 0 4 0 3 2 0 2 2 1 0 0 3 4 1 4 4
   3 4 0 3 2 0 3 2 4 2 2 4 3 2 3 3]
  [0 1 3 4 4 4 2 4 2 4 4 3 1 2 2 3 2 0 1 2 0 4 1 2 0 4 0 2 4 0 2 1 2 0 3
   1 4 2 3 4 3 3 0 0 1 1 1 1 1 3 2 1 0 2 0 0 3 2 2 0 1 3 0 0 3 3 3 1 0 3
   0 0 2 2 4 0 3 3 0 2 2 3 3 3 1 1 2 4 3 0 2 4 4 1 0 2 2 0 1 4 1 1 2 0 4
   1 3 1 2 0 4 0 3 1 1 0 3 4 0 0 2]
  [0 0 2 3 1 4 3 4 3 4 4 4 1 1 2 1 3 0 3 1 2 0 3 3 1 3 2 2 3 2 4 0 2 4 3
   0 4 0 4 4 1 3 0 0 4 1 3 4 4 1 3 2 4 0 2 2 1 1 3 2 1 2 4 0 3 1 1 2 4 4
   2 4 0 0 1 0 1 4 0 2 3 2 0 4 1 0 4 0 0 3 2 2 2 2 2 4 4 1 4 2 4 0 1 3 2
   0 4 4 0 2 0 3 0 2 2 3 3 1 4 3 4]
  [0 1 2 1 4 0 0 4 4 0 0 0 1 2 2 4 2 1 4 3 1 4 4 2 3 3 2 2 3 0 2 0 4 3 3
   3 3 0 3 1 4 2 1 4 1 0 1 3 0 4 2 1 3 3 0 3 2 4 1 0 0 3 0 0 4 3 3 2 2 4
   0 0 4 3 0 4 1 4 0 1 0 1 4 2 1 2 1 1 0 2 4 2 4 2 2 1 4 1 4 2 3 4 3 3 0
   2 0 4 2 1 0 4 0 4 3 0 2 2 0 0 0]
  [0 2 1 1 4 1 0 3 1 2 2 1 3 2 3 0 2 3 4 1 2 3 3 1 0 4 2 1 4 3 1 2 0 3 1
   1 0 4 1 1 3 3 1 3 3 3 0 2 1 0 3 4 2 4 4 0 0 1 3 0 4 3 1 3 2 1 3 2 2 1
   1 3 2 4 0 3 2 3 1 1 3 1 3 3 2 4 1 3 2 1 1 0 4 2 2 1 2 4 0 4 3 1 0 3 0
   3 1 0 3 3 2 1 3 2 0 1 1 2 3 0 3]
  [0 2 2 1 2 4 1 3 3 1 0 3 3 1 4 4 0 3 3 0 4 1 2 0 0 1 4 4 2 3 2 3 3 0 2
   0 2 0 1 3 0 3 4 1 1 4 3 1 2 4 2 3 0 0 1 0 0 4 3 0 1 0 4 4 3 2 0 1 3 2
   4 2 3 0 0 0 1 0 2 0 0 3 4 0 0 1 0 1 2 0 1 0 4 3 0 0 0 1 0 3 0 1 2 4 4
   3 3 0 1 2 2 3 3 4 2 0 3 0 2 1 4]
  [0 1 0 0 3 3 0 1 4 4 4 1 0 4 4 4 2 4 2 1 2 3 1 4 2 0 1 3 4 4 4 1 3 0 1
   1 0 3 0 0 0 3 2 0 4 3 4 1 2 2 3 0 0 3 4 3 3 0 4 1 2 2 3 4 1 4 3 0 3 0
   0 1 4 0 0 2 2 3 4 2 3 4 0 1 1 1 1 2 1 0 1 0 1 1 2 2 0 3 4 0 4 3 4 4 2
   0 3 0 4 0 1 0 3 3 4 2 2 1 1 4 0]
  [0 2 1 4 1 2 1 2 1 3 1 2 0 2 4 3 3 0 1 3 0 3 3 3 1 0 2 2 1 2 4 4 3 4 0
   2 3 4 1 1 0 0 4 1 0 2 3 1 0 2 4 2 2 3 0 2 4 2 0 4 4 2 3 3 4 4 1 1 2 0
   2 3 3 4 4 0 2 1 4 2 4 1 0 0 4 2 4 1 3 4 3 0 2 1 3 3 3 4 1 2 4 2 3 4 1
   0 3 2 1 2 1 0 1 1 0 2 4 3 4 1 2]
  [0 3 1 4 4 1 2 3 0 1 3 1 3 2 0 2 0 3 1 0 2 2 1 2 0 4 3 2 3 1 0 4 1 2 4
   4 2 4 1 2 4 4 4 0 0 4 3 2 0 2 0 2 1 3 2 3 3 4 3 0 3 0 1 2 2 4 1 3 4 0
   2 0 0 3 4 3 2 3 1 1 3 3 4 3 0 4 4 3 0 0 2 1 2 1 2 0 0 2 0 0 4 1 0 4 0
   4 3 3 3 4 4 3 2 3 2 3 0 2 3 1 0]
  [0 0 1 1 0 3 0 1 3 3 3 2 2 0 3 1 1 3 0 0 1 2 0 4 1 3 1 1 3 0 3 2 3 4 3
   0 0 0 0 3 4 4 4 0 2 0 3 4 4 2 1 0 0 1 3 4 0 2 3 3 0 1 4 4 3 4 0 0 1 0
   4 2 1 0 4 3 3 0 4 1 1 1 0 2 1 0 1 0 0 4 1 0 0 3 3 2 2 3 3 1 0 2 0 3 0
   1 4 2 1 2 4 0 1 4 2 4 0 3 3 3 1]
  [0 0 1 4 2 3 3 3 0 3 0 4 4 2 4 3 2 4 3 1 3 4 2 4 2 3 0 2 2 2 2 1 3 0 1
   3 0 3 3 1 1 0 2 0 3 3 0 1 0 1 3 2 3 2 3 1 4 2 1 0 2 0 4 3 0 1 2 2 1 4
   1 0 0 4 2 0 1 0 1 3 3 3 0 2 3 4 0 3 2 0 0 4 3 2 4 4 2 4 1 1 0 3 3 4 1
   0 3 4 1 3 4 4 3 2 1 3 2 1 2 0 3]
  [0 1 1 2 0 4 3 3 3 1 0 3 2 1 0 1 4 3 0 3 4 3 0 1 4 3 4 2 3 0 1 2 3 2 4
   2 1 0 1 3 3 2 3 2 4 0 4 0 2 4 1 2 3 2 1 2 0 2 0 2 3 2 0 0 2 3 0 0 3 3
   3 3 0 4 3 2 1 4 3 0 3 1 0 1 3 3 4 4 1 0 1 3 1 0 1 3 2 1 1 0 1 0 1 0 3
   2 1 0 3 2 3 2 2 0 4 3 2 0 2 2 4]
  [0 2 2 0 2 3 1 2 0 0 2 4 1 4 4 1 3 3 0 3 3 2 4 1 2 1 1 4 1 3 4 4 1 2 3
   1 4 4 3 2 2 3 0 0 3 2 0 4 2 2 2 0 4 3 2 1 4 3 4 0 0 1 0 0 3 1 0 2 0 3
   1 4 2 1 2 2 3 2 0 0 0 4 3 2 4 2 2 3 4 1 2 3 1 2 1 0 2 1 4 1 1 3 2 3 2
   1 1 0 1 2 2 0 4 1 2 3 1 1 2 2 1]
  [0 0 4 4 3 1 4 4 0 3 4 1 3 1 3 1 4 3 1 3 0 4 1 1 2 1 2 1 0 0 2 2 2 0 1
   3 2 1 0 2 3 1 4 3 2 4 0 3 2 2 1 3 0 4 1 2 4 0 2 1 0 3 1 0 0 3 3 3 4 4
   1 0 2 1 1 0 3 1 4 0 2 1 0 0 2 0 4 0 4 4 0 3 0 4 1 1 2 1 1 0 2 3 1 1 2
   1 3 3 1 2 3 4 3 4 4 0 2 2 4 3 2]
  [0 0 1 0 4 4 0 3 3 3 4 0 0 1 2 4 0 3 2 1 2 3 0 3 2 1 0 3 4 4 3 4 4 0 0
   2 4 2 1 4 1 2 1 0 3 2 0 1 2 1 1 2 0 2 4 0 4 0 3 2 2 0 2 0 4 0 2 4 2 3
   2 1 3 4 2 3 4 1 2 2 4 0 1 1 3 4 3 2 4 4 3 3 3 0 3 4 0 2 4 4 0 2 2 0 2
   3 4 4 2 4 3 3 4 1 3 0 1 4 3 4 0]
  [0 2 2 2 4 0 2 2 4 3 0 4 0 0 1 4 1 4 1 3 4 2 0 2 4 3 1 1 3 3 4 1 0 0 3
   0 3 3 4 4 3 0 4 3 4 1 3 2 0 2 3 2 2 4 4 1 0 0 4 3 0 4 4 2 4 0 0 2 1 4
   4 4 2 3 4 0 1 1 1 3 3 4 4 0 3 0 1 3 4 0 4 1 4 4 0 3 4 0 2 3 1 4 1 0 2
   2 0 2 0 2 3 0 3 0 4 0 0 3 4 2 2]
  [0 2 1 3 3 1 4 3 2 1 2 0 1 0 3 3 0 2 0 0 2 3 0 4 3 2 4 4 0 0 4 2 1 1 0
   1 3 3 1 0 1 0 4 4 2 2 0 4 2 1 3 0 4 3 2 2 2 4 1 2 3 1 1 2 3 1 0 0 0 2
   1 1 0 2 3 2 1 2 2 3 3 3 1 3 3 4 2 1 3 4 2 4 0 0 1 2 1 0 4 4 0 4 4 1 2
   2 1 3 1 1 4 3 2 2 0 1 3 2 3 2 1]
  [0 4 3 0 1 4 1 0 1 1 1 0 1 4 0 0 0 4 3 3 4 0 2 4 3 1 4 2 3 0 2 3 4 1 1
   2 4 2 1 4 4 1 2 3 1 4 3 4 0 4 1 1 3 1 1 4 0 1 4 4 2 2 1 1 2 2 4 2 0 2
   1 3 0 3 2 0 4 2 0 0 2 3 2 4 0 3 1 1 0 4 3 3 3 3 1 4 1 3 2 4 3 2 0 4 3
   2 1 2 1 1 4 2 0 3 3 4 4 0 2 3 3]
  [0 0 1 0 1 3 1 4 3 0 4 4 2 4 0 2 2 4 1 4 4 1 3 3 1 0 0 3 3 3 1 2 4 1 2
   1 0 4 3 1 1 0 3 3 4 3 2 2 1 3 3 4 4 2 3 0 3 1 0 4 3 1 4 1 3 4 0 0 0 0
   2 0 2 4 4 2 2 1 4 4 4 4 1 4 1 1 0 3 4 4 2 4 1 3 4 0 3 0 1 1 4 4 2 1 2
   0 4 1 3 0 0 4 3 2 2 1 0 0 1 1 0]
  [0 4 0 4 4 1 4 3 0 4 3 1 3 0 3 2 4 0 1 3 0 2 3 1 1 3 2 0 3 3 3 4 2 1 2
   2 1 3 0 2 1 2 0 1 0 4 3 3 3 3 1 2 3 3 1 3 1 1 4 1 3 3 1 3 2 4 0 4 0 3
   0 1 1 1 1 0 0 4 1 3 0 0 2 2 2 4 1 3 1 1 4 4 4 3 0 4 0 1 2 0 2 2 3 1 4
   4 3 1 0 0 3 2 2 2 1 1 3 3 0 1 0]
  [0 3 1 4 4 1 3 2 2 3 1 0 3 1 2 3 1 0 2 1 1 1 3 3 0 3 1 0 4 3 3 3 1 2 3
   2 0 3 2 4 3 2 1 1 2 2 0 4 4 2 1 4 2 2 3 4 2 3 0 4 0 1 4 2 0 3 4 0 1 0
   4 0 1 2 0 4 3 2 0 1 4 1 4 2 3 3 3 1 1 3 3 1 3 1 1 0 0 1 2 1 1 3 3 2 2
   2 1 1 1 3 3 3 4 3 0 2 4 2 3 2 3]
  [0 2 3 1 1 0 2 4 2 3 1 0 0 1 2 4 2 3 0 1 0 4 4 1 2 3 3 3 3 1 0 2 1 2 0
   0 0 2 2 1 1 2 2 4 2 4 1 2 4 4 4 2 2 3 0 4 1 4 2 3 3 1 4 1 3 2 1 4 0 1
   0 4 0 4 4 0 3 3 1 1 0 1 2 0 3 1 2 4 1 1 3 4 3 1 0 1 0 2 0 4 3 4 3 1 1
   0 4 3 2 0 3 2 2 4 2 3 2 0 1 2 2]
  [0 4 0 4 2 2 3 3 3 1 1 1 2 1 4 2 0 4 2 0 4 3 2 3 3 1 4 1 2 3 4 0 4 3 2
   1 0 1 2 2 0 4 4 1 3 0 0 4 0 2 3 3 4 0 1 4 2 0 1 3 2 1 1 0 0 0 3 1 2 2
   4 3 0 0 4 3 3 0 2 0 1 1 4 1 1 1 4 2 3 4 2 2 3 2 4 0 3 0 1 0 2 2 4 3 3
   2 2 0 3 1 2 3 2 0 2 3 0 4 4 2 4]
  [0 3 3 3 1 4 3 3 1 1 4 1 1 2 2 1 2 1 0 1 2 2 4 4 3 3 2 4 1 3 1 0 1 2 3
   1 2 3 4 4 1 1 1 1 4 3 2 4 4 1 0 2 4 4 4 1 1 4 4 1 4 1 0 1 4 0 2 4 2 3
   0 3 4 0 0 0 4 2 1 4 0 0 2 1 1 3 1 4 0 4 3 0 4 4 1 1 3 4 3 3 3 2 0 0 3
   2 1 2 2 0 0 4 0 4 4 3 4 3 3 0 3]
  [0 2 0 3 0 2 0 1 3 1 2 3 1 2 0 0 2 3 0 3 3 0 0 3 2 4 2 3 1 4 0 4 1 0 3
   0 0 1 1 0 2 3 1 3 3 2 0 3 2 2 1 2 0 3 4 4 1 0 3 1 2 2 1 3 2 0 1 0 0 2
   4 4 2 1 0 0 0 1 2 1 2 2 3 0 3 1 1 1 2 4 3 0 0 4 3 3 4 3 1 4 2 3 1 4 1
   0 1 3 4 1 1 3 2 4 4 4 2 2 2 1 2]
  [0 3 0 2 2 2 3 0 1 1 3 0 3 1 3 1 4 4 3 1 1 4 3 4 3 4 2 0 0 4 3 4 3 1 1
   2 0 0 1 4 2 4 2 1 3 0 4 4 3 2 4 0 0 4 4 3 1 4 1 1 2 4 2 1 1 1 2 2 3 3
   4 3 3 4 1 1 0 3 4 0 3 3 3 1 1 4 4 3 0 1 4 3 4 1 0 1 2 2 1 3 4 4 3 0 3
   2 4 2 2 3 2 4 2 2 0 2 4 4 2 0 0]
  [0 4 4 2 4 4 4 4 1 2 3 3 1 0 2 1 4 3 4 4 2 3 4 3 2 1 2 0 1 1 3 4 0 3 0
   4 4 2 0 3 2 4 4 2 4 4 1 1 1 4 4 2 1 1 3 4 0 1 3 4 0 1 1 1 0 1 2 1 3 2
   1 4 2 4 0 3 3 0 2 4 2 4 4 3 4 3 1 2 4 0 0 0 2 2 3 2 3 3 2 2 1 1 3 0 4
   3 4 0 2 4 2 2 4 1 0 2 2 4 1 1 1]
  [0 2 0 4 3 3 4 1 3 2 0 4 0 2 4 3 3 1 2 1 3 4 3 4 3 4 4 4 0 2 4 3 2 4 4
   1 4 0 0 2 4 1 4 4 2 0 1 4 1 0 0 2 1 1 1 4 3 2 2 4 4 0 2 4 3 0 1 2 3 2
   2 3 4 4 0 3 4 1 0 4 3 1 1 0 2 4 4 2 2 2 3 3 1 1 0 0 2 4 0 3 3 1 3 3 0
   0 3 3 3 4 2 2 1 0 4 2 2 2 3 3 1]
  [0 0 2 3 1 4 1 0 4 2 3 0 2 4 4 1 4 0 2 3 4 3 4 1 1 3 2 4 3 0 4 0 2 2 1
   1 0 4 0 2 2 0 4 3 0 4 2 0 1 0 1 0 2 0 4 4 4 1 2 1 0 2 1 1 1 1 0 3 4 0
   4 3 2 2 1 1 0 4 1 0 1 1 2 1 0 0 2 1 0 4 2 0 3 3 1 4 4 3 2 4 1 1 4 0 0
   1 2 0 4 1 4 1 0 2 2 2 4 0 3 4 0]
  [0 4 4 3 0 3 4 0 3 3 2 2 1 4 2 1 3 2 1 4 1 1 4 2 0 1 0 0 3 4 0 2 1 1 4
   0 0 2 1 4 1 1 4 2 1 2 3 2 4 2 1 3 3 2 2 2 4 3 2 0 1 3 0 1 4 4 3 3 1 4
   3 2 4 3 3 1 4 0 0 0 0 0 4 3 0 0 0 4 0 3 1 1 4 0 4 2 3 3 2 3 1 3 1 2 2
   2 0 1 0 1 2 2 4 3 4 4 0 0 0 2 3]
  [0 2 3 2 2 4 1 1 1 3 4 4 2 0 0 3 4 4 2 2 2 2 0 0 3 0 1 1 3 0 4 2 2 3 2
   2 1 1 4 2 2 1 4 0 0 0 3 3 2 2 4 0 0 2 1 1 3 1 4 4 4 0 0 4 1 1 4 4 4 4
   0 0 1 4 3 2 3 4 0 3 4 0 0 4 0 0 1 2 4 4 2 3 1 0 3 1 0 2 3 3 1 3 3 0 0
   2 0 0 4 1 0 4 1 3 3 1 0 4 0 2 3]
  [0 3 1 1 4 3 3 1 3 3 0 2 4 1 4 2 0 0 1 2 1 0 1 1 3 4 3 2 2 3 1 4 4 0 0
   0 3 0 2 4 0 1 1 3 3 3 1 3 1 4 1 0 1 0 2 4 2 2 2 0 3 1 3 3 3 4 1 2 0 1
   4 0 1 0 3 3 1 1 0 1 2 3 0 2 4 4 0 4 2 1 2 2 2 0 2 3 1 4 0 3 0 0 4 0 2
   0 1 1 2 2 2 2 4 0 4 2 3 4 2 1 1]
  [0 0 2 3 3 4 4 2 1 3 3 3 0 1 0 2 2 0 0 3 2 3 1 2 3 3 2 2 2 2 2 0 1 3 1
   0 2 4 2 0 0 1 3 2 1 4 4 4 2 1 3 4 3 1 2 2 0 0 3 3 1 3 2 2 0 4 4 0 3 0
   3 2 1 4 4 0 1 4 4 3 4 3 2 0 3 3 0 1 1 2 4 3 3 2 4 3 2 1 0 1 4 3 4 1 2
   2 2 4 3 1 3 1 3 2 2 4 1 1 1 4 0]
  [0 2 4 0 2 1 2 1 3 0 4 0 2 0 3 4 1 2 0 3 1 1 1 4 1 3 1 4 2 2 0 2 4 2 4
   4 4 2 1 1 4 1 4 4 1 1 4 2 2 2 2 2 3 2 2 4 0 1 3 3 2 2 0 4 4 4 0 4 3 1
   0 2 3 1 3 1 3 1 4 2 2 0 2 4 0 4 3 0 3 1 0 2 1 4 1 2 1 2 4 1 1 0 2 4 1
   2 0 2 1 2 4 3 1 3 0 3 0 1 2 2 0]
  [0 2 0 0 0 4 0 0 0 4 4 0 1 4 2 1 4 1 0 4 4 4 1 0 1 3 1 0 4 2 3 3 3 2 1
   4 3 0 1 3 3 4 1 4 0 2 0 3 1 0 2 1 2 1 4 3 3 0 1 4 2 3 4 3 1 1 1 0 0 4
   1 3 1 4 1 1 0 1 4 2 1 0 1 4 2 0 2 3 0 1 3 2 3 0 1 2 1 0 1 4 0 4 0 2 1
   3 1 0 3 0 4 0 3 1 1 2 2 0 2 0 3]
  [0 3 4 2 3 1 3 1 1 4 4 1 0 3 1 1 4 2 1 1 0 0 1 1 4 2 2 2 2 4 4 0 3 1 3
   3 4 2 4 0 4 2 4 1 0 2 1 4 2 2 0 2 0 4 2 0 1 4 3 3 4 1 2 2 4 1 4 1 2 4
   4 2 1 2 1 3 4 3 4 2 1 4 2 3 3 2 0 2 1 1 0 4 4 2 4 0 0 3 3 4 1 1 1 0 2
   3 2 4 2 4 1 0 4 4 3 4 3 3 1 2 4]
  [0 2 4 3 2 4 3 3 0 0 4 4 3 4 2 0 2 4 1 4 4 3 4 0 2 4 4 0 0 1 0 0 3 0 4
   0 0 0 3 3 4 4 1 1 0 4 4 1 1 3 3 4 0 0 4 4 3 0 2 0 3 0 3 0 4 1 4 0 2 3
   0 2 1 0 0 2 1 2 3 1 4 4 2 3 1 3 4 0 4 4 1 0 1 2 2 0 2 0 1 1 1 3 3 3 2
   4 4 4 4 0 0 4 1 1 1 1 2 0 4 4 3]
  [0 3 1 2 3 2 1 1 1 4 3 3 4 1 2 0 4 4 2 3 0 1 2 1 3 4 0 4 4 4 3 3 2 3 1
   2 0 0 4 2 2 0 2 0 3 1 1 0 1 0 0 1 0 4 0 2 0 4 2 0 3 2 0 4 0 0 4 3 1 1
   4 2 0 1 2 0 4 4 2 4 4 3 0 4 1 2 0 1 0 0 4 4 3 0 4 4 4 4 4 2 1 0 0 0 1
   4 3 3 4 1 1 0 3 1 0 1 4 1 0 1 3]
  [0 1 2 0 4 4 1 2 4 4 0 3 2 1 2 3 2 2 1 2 0 3 0 4 3 0 0 4 2 4 0 2 0 0 3
   2 1 2 0 4 0 1 0 1 1 0 2 3 1 3 3 1 3 4 0 3 3 1 3 4 1 4 4 2 2 4 0 1 0 3
   1 4 4 3 1 1 3 1 3 3 0 0 0 0 1 0 2 1 2 0 4 0 1 4 2 2 3 4 3 4 4 3 1 0 0
   0 2 0 1 2 2 2 2 0 4 4 2 4 1 3 4]
  [0 3 1 4 0 1 2 1 3 4 1 4 0 3 1 3 4 0 1 3 1 2 4 1 2 4 4 3 0 4 1 1 3 0 4
   2 2 1 2 2 4 3 0 3 1 4 3 1 2 1 4 2 1 2 3 3 4 0 3 1 2 2 3 1 4 1 2 0 3 4
   3 0 2 1 2 2 2 1 2 4 2 4 3 0 3 1 3 2 3 3 0 2 1 0 1 0 3 1 1 1 1 1 2 3 0
   1 4 0 2 0 0 1 4 2 1 3 2 1 4 0 4]
  [0 1 0 0 3 3 4 1 0 4 4 3 2 0 4 4 0 0 4 1 4 3 2 3 0 4 2 0 2 2 3 0 2 4 1
   4 2 3 3 4 3 4 3 4 0 0 3 3 2 3 3 2 1 2 4 4 4 0 1 3 2 2 2 4 3 1 3 0 0 4
   2 2 0 2 4 3 3 4 0 2 3 4 4 4 1 2 4 0 2 0 2 0 0 1 0 4 2 2 4 1 4 0 1 0 0
   2 2 3 0 3 0 2 3 4 3 1 2 3 1 3 3]
  [0 4 4 0 1 0 2 3 3 3 2 4 0 1 3 0 3 2 0 3 0 1 4 2 4 3 3 3 1 1 2 0 0 3 4
   4 3 4 1 4 3 0 1 4 0 4 4 3 0 3 2 3 4 0 0 4 3 0 0 0 2 0 2 1 0 2 2 3 3 2
   4 4 1 0 2 1 0 4 0 3 2 2 2 4 2 1 1 1 2 3 3 1 0 0 4 1 4 2 3 2 4 1 1 3 1
   1 4 0 3 3 2 1 3 3 0 4 2 1 0 0 2]
  [0 2 0 1 1 1 1 3 3 1 0 2 4 1 3 4 0 3 2 3 4 4 1 0 3 3 3 2 0 1 2 3 0 2 0
   4 1 2 0 0 2 1 2 0 2 4 3 2 0 1 0 4 0 0 2 1 1 0 0 2 4 3 0 2 4 3 2 4 1 3
   2 3 4 3 3 4 2 3 2 3 3 2 1 2 1 4 2 2 4 3 0 1 0 0 3 3 4 4 1 3 4 0 4 4 3
   4 4 4 4 2 2 3 0 1 1 1 2 2 3 2 4]
  [0 0 1 2 4 0 2 1 1 1 3 3 3 3 0 1 0 2 2 4 3 3 2 0 2 3 2 2 4 3 1 3 4 2 2
   0 3 2 1 1 0 3 0 0 1 4 0 0 1 2 2 4 4 1 4 0 1 1 2 4 0 2 2 4 0 1 2 2 4 3
   1 3 1 3 0 1 0 0 1 2 3 2 1 1 4 1 3 3 1 1 4 1 4 0 0 1 3 2 1 2 4 4 2 1 2
   0 4 1 3 0 2 1 3 3 0 4 1 2 1 0 2]
  [0 0 2 4 2 1 1 3 1 1 1 3 3 0 3 4 2 4 3 2 4 2 2 1 4 2 3 1 4 3 2 4 2 3 2
   4 1 4 2 4 0 1 3 1 3 3 1 3 1 4 2 4 3 3 3 4 0 1 2 3 2 0 3 4 2 2 3 1 2 0
   2 1 3 4 1 1 4 0 2 4 1 4 0 4 3 4 0 4 3 2 0 3 1 0 4 0 0 1 2 2 1 3 4 4 3
   1 1 2 0 1 0 0 4 0 2 1 0 3 0 1 3]
  [0 3 2 4 4 2 0 0 4 1 3 2 0 0 4 4 1 3 2 4 1 1 3 3 3 3 3 1 1 3 0 3 3 2 2
   2 2 1 3 1 2 4 0 0 4 1 1 0 0 4 0 1 3 3 4 2 4 2 3 1 4 2 4 3 1 2 0 1 2 1
   0 0 3 0 4 3 0 2 4 3 0 0 4 0 4 3 2 1 0 3 3 3 0 3 4 0 0 1 0 1 2 3 3 0 2
   1 0 1 2 3 4 0 2 2 3 3 1 4 0 1 3]
  [0 2 3 1 2 2 2 1 2 4 3 3 2 3 4 4 4 1 4 0 0 3 1 3 1 4 1 2 4 1 1 4 1 2 4
   2 1 1 2 1 0 2 2 3 3 2 0 1 1 3 4 0 4 0 2 3 2 2 3 4 3 3 4 0 3 3 4 0 3 3
   1 4 2 1 4 3 3 3 0 0 2 4 4 0 2 1 2 1 3 1 0 3 2 0 1 2 1 0 1 0 3 4 3 0 4
   1 0 2 0 2 2 1 3 3 0 4 2 3 4 3 2]
  [0 4 3 2 2 2 1 4 2 4 1 1 2 4 2 0 1 1 1 0 3 4 3 0 1 1 2 2 0 3 2 1 4 2 3
   2 4 0 2 0 1 1 1 0 0 1 2 3 4 0 2 2 1 3 2 1 3 4 0 4 4 3 3 0 0 3 1 1 2 1
   2 2 2 1 2 2 1 3 4 4 4 2 4 3 3 0 4 2 0 4 1 1 3 4 3 3 0 1 0 1 4 4 1 1 1
   0 3 3 3 3 0 4 3 4 1 1 4 4 3 4 0]
  [0 1 1 2 4 3 4 3 2 4 3 1 3 1 0 2 1 4 1 4 1 2 1 3 1 4 4 2 1 1 2 2 1 3 4
   4 3 1 4 2 4 2 4 3 1 3 1 3 0 3 0 0 3 4 0 2 0 3 4 3 0 0 3 2 2 1 2 4 2 0
   3 4 2 0 2 3 0 1 2 2 0 2 3 0 4 0 0 1 2 0 1 0 0 3 1 0 3 0 0 0 1 4 0 1 3
   1 4 0 3 4 4 3 1 4 0 2 1 1 3 4 0]
  [0 2 2 2 2 4 2 3 4 4 2 0 3 4 0 1 0 4 4 0 4 0 3 1 2 3 1 2 0 2 4 3 0 4 2
   3 1 2 0 1 3 4 4 0 3 0 1 3 0 4 0 1 3 3 1 3 2 3 1 4 1 4 4 1 2 4 2 4 4 4
   3 0 1 4 3 0 4 4 4 3 2 4 4 2 4 3 1 3 3 0 0 0 2 3 1 3 3 4 4 4 0 0 4 0 4
   0 0 4 0 4 3 1 4 0 3 1 1 4 2 0 1]
  [0 1 1 3 3 4 0 2 3 4 2 3 0 3 2 0 0 2 0 1 2 0 2 2 0 4 1 0 1 2 0 0 0 4 0
   1 1 3 1 4 4 3 1 4 3 3 0 3 1 1 2 0 0 3 4 4 0 0 2 0 4 4 2 0 2 4 2 2 0 1
   4 4 2 2 4 4 0 3 1 4 1 0 1 2 1 2 4 1 2 3 0 4 2 1 0 0 0 0 0 2 1 0 0 2 2
   1 2 3 4 3 1 2 2 4 1 3 2 0 1 1 2]
  [0 3 0 0 4 4 3 1 1 0 0 4 4 1 3 1 1 0 4 4 1 4 0 4 4 0 3 0 2 3 1 2 1 0 4
   4 0 3 2 4 4 1 4 0 0 3 3 3 1 4 2 0 1 3 1 1 2 2 1 1 2 3 4 4 3 1 0 4 3 0
   0 4 0 3 0 4 4 3 1 0 3 2 1 2 1 1 3 0 3 3 4 3 4 0 3 3 3 2 4 4 1 2 0 2 4
   4 3 1 4 3 3 0 0 2 1 4 4 3 4 3 2]
  [0 3 1 4 1 0 0 2 1 1 3 0 1 2 1 0 3 1 4 2 4 0 0 0 1 1 2 2 2 0 0 2 3 3 3
   4 4 1 0 0 4 3 2 4 2 0 4 0 2 4 3 3 0 2 1 4 0 4 0 3 0 3 4 4 4 3 0 3 2 3
   1 0 4 3 2 3 0 1 1 4 4 0 3 0 3 3 4 3 4 4 0 4 1 0 2 2 3 0 1 0 0 2 4 0 1
   0 1 4 3 0 4 0 3 0 1 1 4 2 1 1 1]
  [0 3 1 3 4 2 1 2 3 0 0 0 3 2 1 4 2 0 3 3 0 3 1 2 1 3 3 0 0 4 4 3 4 2 2
   3 4 0 2 1 1 0 3 0 4 4 1 2 1 0 0 3 3 3 3 2 4 4 2 4 0 0 4 3 0 4 1 4 1 3
   3 1 4 2 4 4 0 4 2 2 1 1 3 3 0 3 1 2 1 0 1 1 3 2 3 2 0 0 0 2 0 3 4 0 0
   0 3 2 3 3 3 4 1 2 0 4 3 1 4 4 1]
  [0 1 0 4 0 1 3 3 4 1 1 2 2 0 0 3 0 0 4 0 0 2 0 4 4 2 4 4 0 2 0 3 4 4 3
   2 3 2 0 0 3 3 4 1 3 2 4 4 3 1 3 4 3 1 4 0 1 4 3 2 4 0 1 4 3 4 2 0 3 4
   3 1 0 1 1 1 3 2 1 2 0 2 2 2 2 0 2 3 0 4 1 2 0 4 3 0 3 0 4 4 4 4 4 1 1
   0 3 4 3 0 4 4 4 1 4 0 0 4 2 2 2]
  [0 1 2 0 2 4 3 3 1 0 2 1 1 1 4 0 2 4 0 3 1 4 1 0 3 2 1 2 4 1 0 4 4 4 3
   2 2 4 1 3 2 1 4 3 4 3 1 1 0 2 0 3 3 4 2 2 2 3 3 3 0 4 0 2 4 1 1 3 2 0
   4 4 1 4 0 3 4 4 0 0 3 2 2 3 1 4 3 3 1 2 4 0 2 1 1 3 2 3 4 3 0 3 2 1 1
   0 0 1 0 3 2 1 3 4 3 3 3 0 0 4 4]
  [0 1 1 3 3 4 1 3 2 2 2 3 3 1 1 2 1 4 0 2 1 1 1 0 0 4 3 0 1 1 0 3 1 0 3
   0 1 2 4 3 1 2 0 3 4 0 1 1 2 1 2 1 1 0 3 1 3 4 4 2 3 2 4 4 3 0 2 2 2 2
   2 0 2 1 2 0 3 2 2 0 0 4 4 3 4 2 3 2 0 2 1 0 0 4 3 3 2 1 3 3 2 2 0 1 2
   0 3 0 4 2 3 0 2 4 3 1 2 1 2 3 0]
  [0 0 1 3 1 0 3 2 2 1 1 0 1 3 0 4 3 4 0 4 1 4 1 1 3 3 3 2 2 1 1 0 4 4 2
   0 3 4 2 4 1 3 1 1 4 1 1 2 2 4 2 4 2 4 3 4 0 0 4 2 2 4 4 0 4 2 0 1 4 3
   3 2 3 2 3 0 3 1 3 1 2 4 2 4 0 1 3 3 3 3 3 1 2 4 0 3 4 1 2 1 0 4 3 4 3
   4 1 0 0 1 1 2 3 1 0 1 4 1 1 4 4]
  [0 3 3 3 2 3 2 4 0 0 4 0 4 2 2 4 1 1 4 4 4 4 2 4 1 2 3 3 1 2 2 0 1 4 2
   0 1 3 1 4 4 1 2 2 2 0 1 1 3 3 0 1 2 3 3 1 3 0 1 1 4 0 4 1 3 0 4 4 4 0
   1 1 1 4 1 4 4 2 2 1 1 2 0 4 2 4 0 2 4 1 1 3 1 3 3 4 4 3 4 3 1 3 1 1 1
   3 2 3 2 0 4 0 3 2 0 1 3 0 3 3 0]
  [0 4 1 3 1 4 0 2 4 4 4 1 3 1 0 4 0 0 1 0 1 2 4 0 4 3 3 2 1 0 0 1 0 0 3
   4 2 3 0 1 3 4 0 0 4 1 1 0 1 0 0 0 0 3 0 4 4 3 4 1 1 4 3 0 1 1 2 4 3 3
   4 0 1 3 0 2 2 3 4 1 2 3 3 1 4 0 0 1 2 0 4 3 3 3 2 1 1 1 1 3 2 3 0 0 3
   4 0 3 4 1 0 3 3 2 3 0 0 1 0 3 4]
  [0 1 4 3 1 0 0 4 1 0 1 4 0 0 1 1 4 4 4 3 4 4 2 4 3 3 3 3 3 2 1 1 2 1 2
   1 2 1 4 0 4 1 2 2 1 2 3 3 3 2 2 2 3 1 4 4 0 1 4 0 0 0 3 3 4 4 4 4 0 2
   0 1 3 3 1 1 4 2 1 2 2 0 1 2 4 0 3 3 1 4 0 1 3 4 1 2 2 4 4 4 3 4 2 3 1
   1 4 1 1 2 2 0 2 0 2 4 2 0 2 0 4]
  [0 3 1 4 2 0 3 3 1 2 4 0 4 0 0 3 1 2 4 0 1 0 3 3 0 4 2 1 3 3 0 2 2 2 1
   3 2 4 1 1 0 1 4 2 2 4 3 2 2 3 2 1 3 0 0 1 4 2 2 2 1 2 2 2 2 4 1 4 2 0
   1 1 0 0 2 2 1 4 2 4 4 2 3 1 3 3 4 0 3 2 2 0 3 1 1 2 4 3 3 1 4 4 3 1 3
   4 2 2 4 0 0 2 0 2 2 1 4 2 4 0 1]
  [0 3 1 0 0 1 1 2 1 2 2 4 4 0 2 3 1 1 2 0 4 1 0 2 0 4 0 4 3 0 3 0 2 3 0
   1 3 0 3 4 4 0 2 4 4 1 2 3 4 1 0 3 4 0 2 0 3 3 1 2 0 3 1 1 2 1 3 4 3 3
   4 0 0 0 2 1 1 0 2 1 3 2 4 2 1 1 2 4 1 0 4 0 4 0 3 0 3 2 1 1 0 2 0 1 0
   0 0 1 2 4 4 3 4 0 3 3 3 1 0 2 4]
  [0 0 0 4 4 3 4 2 0 4 3 3 3 0 1 3 3 4 1 3 2 1 0 0 0 1 0 3 1 1 2 1 4 3 2
   1 1 4 3 3 4 3 0 2 3 1 4 4 1 2 0 3 0 3 4 0 2 4 1 1 3 3 0 3 2 0 0 2 0 1
   0 0 1 4 4 0 3 0 4 1 1 4 2 1 1 3 3 1 1 2 2 0 0 2 1 0 0 3 2 0 3 3 1 0 3
   0 3 3 3 0 4 3 1 2 0 4 0 4 2 0 3]
  [0 2 0 3 2 3 0 1 3 3 4 2 3 0 3 4 4 1 0 1 0 2 4 2 3 0 3 4 3 0 2 3 2 3 4
   4 3 3 2 0 3 0 0 3 1 0 2 4 0 3 1 4 3 1 0 4 2 1 1 3 0 2 0 2 2 3 3 4 4 1
   3 3 3 0 1 3 4 2 4 3 1 1 2 3 0 0 1 1 4 4 0 4 3 2 1 1 3 2 3 1 1 0 3 2 0
   0 0 4 1 1 1 2 0 1 3 0 1 4 1 1 1]
  [0 4 3 3 3 3 3 4 1 1 2 3 0 4 0 2 4 3 1 1 0 3 4 0 4 3 3 4 4 2 4 4 4 4 2
   2 0 3 0 1 4 4 0 4 4 4 0 4 0 3 4 3 0 4 0 1 2 1 0 2 4 4 4 2 4 0 4 1 4 1
   3 2 4 0 2 1 4 1 2 2 4 3 2 2 4 2 0 0 3 4 0 3 0 4 2 1 0 3 0 2 1 3 4 3 4
   0 0 2 0 2 3 0 4 3 2 4 0 2 1 0 2]
  [0 4 2 1 2 1 4 1 2 2 3 1 1 3 4 2 0 2 1 1 4 2 4 3 3 1 0 4 2 1 1 4 4 3 1
   3 4 2 4 3 3 1 1 1 0 4 2 2 3 0 4 3 4 3 1 3 0 0 1 0 1 0 4 4 1 1 1 4 1 1
   2 4 0 3 4 3 3 3 4 1 1 2 3 3 1 1 2 1 3 2 2 4 3 3 2 1 0 4 4 4 2 3 4 1 3
   3 4 1 4 4 1 1 1 3 1 1 4 0 0 2 0]
  [0 4 0 0 3 3 0 2 0 2 1 0 1 2 2 4 4 1 0 3 0 4 3 2 1 3 3 2 1 4 1 4 2 3 4
   2 4 2 1 3 1 0 4 3 2 3 3 1 0 2 0 3 1 3 1 1 1 1 3 4 2 4 1 4 1 3 2 0 4 1
   2 3 0 2 2 1 2 2 3 4 1 2 1 4 2 0 2 0 1 3 0 0 3 0 0 0 1 4 1 0 0 0 0 1 1
   4 2 1 0 0 4 3 0 3 0 1 2 0 0 3 1]
  [0 1 2 4 0 4 1 4 3 3 1 1 2 2 1 1 1 1 2 3 3 3 0 0 4 3 1 1 4 0 1 3 4 3 3
   0 1 3 3 1 1 2 1 4 2 1 1 4 2 4 3 4 4 0 2 4 3 3 3 3 4 0 1 0 0 2 2 3 1 2
   3 3 4 1 4 2 4 1 4 4 4 3 1 2 3 3 1 1 0 0 2 3 0 3 4 4 2 1 1 0 4 3 3 0 3
   3 1 0 1 4 3 3 0 4 3 4 3 1 2 0 4]
  [0 0 4 0 1 3 1 1 4 4 1 3 0 1 0 4 4 2 1 1 4 1 0 3 0 1 0 4 1 1 4 3 2 1 1
   3 1 3 4 4 2 1 3 0 4 3 0 3 4 0 2 1 0 0 1 3 1 4 3 4 1 1 4 4 4 2 2 3 4 2
   1 2 4 3 1 2 2 3 0 4 0 2 2 0 3 0 1 3 3 1 3 2 3 3 1 3 0 4 4 4 3 2 0 0 4
   3 2 2 2 0 1 0 2 1 0 0 3 0 0 1 0]]

 [[0 2 4 3 3 4 3 1 1 2 4 3 4 0 3 0 2 3 1 4 1 0 3 0 4 1 0 4 4 4 1 4 0 4 4
   3 0 4 0 1 2 4 2 3 2 0 3 3 1 2 1 0 0 4 4 0 1 2 2 4 0 1 3 0 0 4 3 3 3 3
   0 2 1 4 4 0 4 1 0 2 0 2 3 1 1 4 3 3 1 0 0 0 2 0 4 2 2 0 3 3 2 0 2 0 3
   1 4 1 3 2 2 2 1 4 3 2 4 1 0 3 4]
  [0 0 2 2 4 0 3 2 2 1 1 4 1 4 4 4 2 0 0 1 0 2 0 4 4 0 1 1 2 2 4 1 2 4 1
   0 4 1 2 1 1 3 1 3 2 4 4 1 2 3 2 1 1 0 2 1 4 0 3 0 4 0 2 4 3 1 1 1 3 4
   2 1 4 0 2 1 0 1 1 0 1 2 2 1 1 4 3 4 3 0 3 3 1 0 3 3 0 0 0 3 0 0 4 3 3
   1 0 4 4 3 1 2 4 3 1 0 2 1 3 3 2]
  [0 3 0 3 0 4 1 0 2 0 2 0 3 3 4 1 1 1 1 1 4 4 0 0 3 1 3 1 1 2 4 4 0 2 1
   0 2 1 1 4 3 2 2 0 4 1 4 0 4 1 2 3 0 2 1 4 0 2 2 3 0 4 2 3 3 3 4 0 2 0
   0 4 2 0 4 2 4 2 1 0 0 3 2 0 0 3 1 0 3 0 0 4 0 3 4 4 3 1 4 2 1 4 0 4 2
   1 2 3 1 3 3 3 0 0 3 1 1 4 1 0 1]
  [0 4 3 0 2 2 1 4 2 1 0 0 3 3 0 4 4 0 3 2 1 1 1 2 1 1 0 3 1 2 3 4 2 1 2
   2 0 2 2 4 2 4 2 4 2 2 2 4 0 1 2 0 3 4 1 1 3 2 1 3 4 1 1 0 2 4 4 4 4 3
   0 2 1 4 2 1 1 2 4 0 3 0 0 3 2 3 3 1 2 1 3 2 1 3 2 1 3 1 4 4 3 4 1 0 4
   3 4 0 3 2 1 3 4 0 4 0 4 1 4 2 0]
  [0 4 0 0 0 2 4 0 4 1 0 1 0 3 4 1 0 0 0 4 3 2 4 4 1 1 3 1 3 1 4 1 3 4 2
   1 2 1 2 0 3 1 1 4 3 3 4 3 1 3 3 3 2 4 2 0 1 3 2 4 2 4 0 3 4 4 2 4 3 0
   3 3 1 0 0 1 1 3 1 1 2 4 0 3 4 3 3 1 2 4 2 0 2 0 2 2 2 3 2 2 0 4 4 2 4
   3 3 2 4 1 4 4 4 2 2 2 2 1 0 3 0]
  [0 3 4 0 4 0 2 4 4 2 2 2 2 3 0 4 1 1 4 3 0 3 3 4 0 2 0 1 1 3 2 0 0 2 3
   2 0 3 2 1 4 0 1 4 1 0 1 1 2 2 4 4 4 3 2 2 4 2 0 3 2 0 1 3 3 4 2 0 0 0
   1 0 0 2 1 0 1 0 3 4 3 1 2 2 1 2 4 0 4 3 3 1 0 2 0 2 0 3 1 2 2 4 2 1 3
   0 3 4 2 1 1 4 4 0 2 1 3 4 2 4 0]
  [0 2 4 2 4 1 0 3 2 3 0 4 0 4 4 4 3 2 0 4 3 1 0 4 0 3 0 3 1 2 1 2 3 2 0
   3 4 3 1 3 0 1 1 2 2 2 1 4 0 4 1 4 2 2 0 4 3 3 3 0 0 1 0 1 0 1 4 1 2 2
   1 2 2 1 2 4 4 3 1 4 4 4 1 0 2 2 2 1 4 2 4 0 3 1 2 2 4 2 4 3 2 1 2 0 4
   4 2 1 4 0 0 1 3 4 1 1 3 2 1 4 4]
  [0 1 2 3 1 1 1 0 0 3 2 1 4 4 3 0 2 2 1 4 0 3 2 2 1 3 0 2 2 0 1 1 4 4 0
   3 2 0 0 3 2 2 1 4 1 1 3 4 2 0 4 2 3 3 4 4 0 1 1 1 4 1 2 4 2 4 1 2 2 0
   4 0 1 3 3 0 3 0 4 1 0 1 4 0 2 1 1 0 0 1 3 4 4 2 3 4 1 4 4 1 3 4 2 1 4
   0 0 3 2 1 4 1 3 2 0 3 2 0 0 3 4]
  [0 4 0 4 3 3 1 4 0 1 4 0 1 0 2 0 4 3 1 1 3 2 3 0 3 0 2 4 0 4 1 1 2 1 4
   2 2 1 3 3 4 2 4 4 3 1 2 0 1 2 2 4 0 2 3 0 1 1 0 4 1 1 0 0 0 1 0 3 1 1
   2 0 1 3 1 4 3 1 3 3 3 4 2 3 4 4 0 4 1 3 1 0 3 3 2 0 1 3 4 2 3 3 1 2 3
   3 3 1 4 0 1 4 2 1 0 0 3 0 2 3 0]
  [0 0 1 0 0 4 1 1 2 0 1 3 3 2 2 2 1 4 3 0 0 0 4 1 0 2 4 3 4 3 1 3 1 0 2
   3 3 2 3 4 0 2 2 2 2 4 0 0 2 4 1 2 3 0 4 4 4 0 4 1 4 1 2 4 0 4 1 4 0 4
   2 1 3 1 3 3 4 1 1 2 4 4 1 3 1 2 3 3 0 1 1 2 1 3 3 3 1 2 2 0 4 0 3 3 2
   4 2 3 2 4 2 0 3 4 2 1 4 1 4 4 3]
  [0 0 0 0 0 1 4 3 3 3 0 4 2 2 2 0 2 3 0 0 4 0 3 4 0 1 3 3 0 2 3 2 2 3 0
   4 0 4 3 4 0 4 3 1 3 1 1 2 0 2 4 0 2 2 0 0 2 4 4 1 0 3 1 2 2 0 0 4 1 1
   4 2 3 3 0 2 4 0 4 0 4 3 3 3 4 1 4 4 2 4 1 3 1 3 3 3 4 3 1 4 3 1 4 2 1
   2 4 4 2 3 0 1 3 4 4 1 2 3 0 1 0]
  [0 0 2 4 2 1 4 3 2 4 4 0 2 1 3 0 1 4 4 1 3 0 4 1 0 2 0 0 4 4 4 4 4 1 0
   2 1 3 4 0 2 4 4 0 0 0 0 3 0 1 4 4 0 2 2 2 2 2 1 0 3 0 0 1 4 1 1 2 0 3
   0 1 3 4 3 2 1 0 1 4 2 3 2 2 1 2 2 2 0 3 0 3 4 1 0 4 0 3 2 3 4 3 4 3 3
   4 2 1 4 3 0 1 1 2 4 4 1 4 1 4 1]
  [0 3 0 1 0 1 4 2 1 4 3 4 0 2 0 3 1 1 0 4 4 3 2 2 0 1 1 2 3 1 3 3 3 3 1
   1 2 2 2 0 0 0 1 0 2 4 4 3 2 0 2 0 3 4 1 0 0 1 2 2 3 4 2 2 0 1 4 4 2 2
   2 2 1 0 0 1 1 1 3 0 1 2 2 0 1 0 3 0 2 0 1 2 3 4 1 0 3 2 3 3 4 1 2 4 0
   3 2 0 2 0 3 0 4 3 3 0 4 3 2 0 1]
  [0 0 4 2 2 1 3 3 4 2 1 0 2 0 0 3 1 0 2 2 1 3 4 0 2 0 1 2 3 4 4 3 3 2 0
   0 3 0 0 4 1 2 0 0 3 1 4 2 2 2 1 0 2 3 2 4 2 1 2 1 3 3 0 4 2 4 1 4 3 0
   0 4 2 2 2 0 2 4 0 1 4 3 0 4 3 2 4 0 3 3 1 0 0 0 2 1 1 4 2 0 2 0 3 2 1
   4 0 1 2 3 3 3 1 0 1 0 1 4 2 1 1]
  [0 1 3 4 3 2 0 3 3 2 3 3 1 0 0 4 1 1 3 3 0 3 4 2 1 4 4 2 2 0 2 3 1 4 2
   1 4 2 0 1 2 4 4 2 1 1 1 4 2 4 4 2 4 2 4 2 4 0 3 2 2 0 0 1 2 0 1 1 4 4
   4 1 3 0 1 1 3 3 1 4 2 1 3 3 1 2 3 1 4 2 2 4 4 4 0 4 2 4 0 0 1 0 3 3 1
   3 3 2 4 3 0 3 1 3 2 4 1 0 1 1 3]
  [0 0 1 2 4 1 4 4 1 0 4 2 3 4 4 0 3 4 1 0 0 1 2 1 1 0 0 0 4 1 4 1 4 0 1
   1 3 0 3 0 3 4 4 0 0 3 3 1 1 0 2 0 4 1 0 4 2 0 4 2 4 4 0 1 3 2 2 2 4 4
   4 0 1 4 2 1 4 1 3 0 2 1 2 3 1 4 0 3 3 1 2 1 4 4 1 1 0 0 1 3 4 0 3 0 1
   1 3 2 0 0 1 1 1 3 3 1 1 0 2 1 3]
  [0 4 2 1 3 0 3 2 2 4 4 0 3 1 4 2 0 2 3 0 3 4 4 3 2 1 4 4 0 2 4 1 3 0 3
   1 2 3 2 2 4 2 1 2 0 0 4 1 3 3 2 2 1 3 4 2 3 3 3 2 2 3 2 3 3 3 0 0 4 0
   2 3 3 3 0 3 0 0 0 1 4 0 2 0 1 0 3 2 4 0 4 3 2 4 3 0 2 2 1 2 0 0 3 4 3
   3 4 1 1 3 3 4 4 4 1 0 1 3 4 0 2]
  [0 1 0 3 1 2 1 0 0 1 4 2 3 0 1 3 1 0 1 1 1 0 2 3 2 1 1 3 4 2 2 4 1 4 4
   0 3 0 3 4 1 2 2 3 2 2 3 2 1 4 3 3 2 0 0 1 0 2 2 4 2 1 3 4 2 1 1 3 3 2
   3 0 2 2 0 3 1 2 4 0 3 4 4 2 2 2 0 4 3 0 2 1 4 2 0 4 4 0 0 1 2 3 0 2 4
   0 0 1 1 3 1 3 1 0 4 2 1 0 4 1 3]
  [0 1 4 2 1 0 0 0 0 2 0 2 2 0 1 3 4 4 0 1 1 2 1 2 2 2 4 0 2 0 0 2 4 3 2
   2 1 2 0 0 4 3 0 3 4 3 4 2 2 3 0 2 4 4 4 4 1 0 4 2 0 4 0 1 2 4 0 1 2 3
   1 0 3 4 4 4 3 0 0 2 0 1 1 1 2 0 2 1 0 3 0 1 0 0 1 4 2 4 2 4 2 1 1 4 3
   0 0 1 3 4 1 3 1 0 4 2 4 3 4 2 4]
  [0 2 2 0 2 4 3 1 3 1 0 3 2 3 1 4 3 2 2 0 2 4 3 1 2 3 0 1 2 0 1 4 0 3 1
   4 2 0 4 0 3 3 1 1 0 0 1 3 1 1 0 0 4 3 2 1 4 4 0 4 3 1 3 2 0 4 4 3 3 2
   2 2 3 2 1 1 4 0 1 3 1 0 3 0 3 1 3 0 2 4 0 1 0 4 2 3 4 3 0 4 4 4 2 0 1
   4 3 2 3 4 0 2 4 4 0 4 4 0 4 0 3]
  [0 4 2 1 4 4 4 3 2 1 1 1 2 4 3 3 2 3 0 0 0 4 1 4 1 0 2 3 2 1 2 0 2 3 1
   0 0 3 2 0 2 3 0 3 1 4 4 4 4 3 4 4 3 4 4 1 3 3 4 0 4 2 3 4 0 1 1 0 3 3
   1 1 2 1 3 4 1 1 2 2 2 4 1 2 0 0 0 2 0 1 4 3 1 2 2 2 4 3 0 0 2 0 3 3 2
   4 2 3 0 0 3 2 2 3 3 0 0 3 0 2 3]
  [0 4 0 1 1 0 4 0 4 0 1 0 1 3 3 1 0 1 3 0 3 0 2 0 1 3 4 1 2 2 4 4 4 1 1
   3 0 2 4 0 4 2 3 1 1 1 1 4 0 2 3 0 1 2 3 1 4 0 3 3 1 2 0 4 4 1 1 3 2 3
   2 4 2 1 3 1 1 4 0 3 2 4 0 4 2 1 3 1 0 3 4 0 3 2 2 3 2 4 4 1 4 0 4 2 2
   1 1 0 2 2 4 2 1 1 4 4 1 2 2 0 1]
  [0 1 4 1 4 4 0 4 3 0 1 4 1 4 0 1 0 2 3 3 0 4 0 1 3 1 4 0 0 0 4 1 2 0 1
   3 3 1 0 2 3 0 2 4 3 0 3 3 4 3 0 1 3 4 0 4 1 1 2 0 0 0 3 0 3 4 3 4 2 2
   0 3 0 2 2 3 3 1 1 1 1 0 0 3 4 4 3 2 3 0 4 1 2 1 0 4 1 1 3 2 4 3 0 2 1
   1 4 4 1 2 1 3 3 1 2 1 4 1 0 0 2]
  [0 2 0 1 4 3 4 4 3 1 4 4 0 4 2 3 2 2 2 3 0 3 0 0 4 1 3 3 4 3 1 0 2 1 3
   2 4 0 0 0 3 0 4 4 0 3 2 1 4 3 3 0 1 4 0 3 0 0 0 2 1 1 4 2 4 4 1 2 0 3
   2 2 3 1 3 2 2 4 1 4 3 0 2 0 0 2 1 4 1 2 2 0 0 0 1 2 4 1 0 0 2 0 2 0 1
   1 4 2 1 0 0 2 1 0 3 1 3 2 3 2 3]
  [0 0 3 2 0 1 4 4 3 2 4 0 1 4 1 3 1 3 3 4 4 2 2 2 0 3 3 1 0 2 2 1 2 3 1
   1 4 4 1 3 3 0 3 2 4 3 4 4 0 2 1 2 4 3 4 0 0 0 3 3 2 0 2 4 0 3 1 2 1 2
   1 1 0 2 0 3 0 1 3 0 3 0 4 2 1 1 3 2 3 3 0 1 2 0 0 0 3 3 1 2 3 0 1 3 3
   3 4 3 3 3 4 2 2 4 3 2 2 4 3 1 4]
  [0 0 2 2 2 2 2 4 0 3 3 3 0 0 1 2 4 3 3 4 2 4 4 4 1 0 1 3 2 3 3 1 1 1 2
   1 1 3 1 4 4 3 1 1 4 0 4 4 3 4 3 2 1 4 0 3 4 1 0 2 0 3 3 4 2 3 3 3 1 0
   0 3 0 0 0 1 4 4 2 0 2 0 1 1 2 4 0 3 4 4 3 1 4 4 1 1 3 3 1 1 3 1 0 2 1
   0 1 1 2 0 1 3 2 0 4 2 3 3 0 4 0]
  [0 0 4 4 0 3 3 3 2 4 2 4 1 0 2 4 0 0 1 4 2 2 4 0 3 2 0 1 1 2 3 1 0 3 0
   2 1 0 1 4 4 3 4 4 0 0 0 2 0 4 3 4 4 2 0 3 4 0 1 1 0 0 4 4 3 3 0 3 1 2
   4 4 2 4 4 2 3 3 3 4 1 4 1 1 1 0 3 3 2 4 1 1 1 3 1 4 1 1 2 0 1 4 1 2 0
   2 3 4 4 2 0 2 4 0 1 1 2 4 1 4 1]
  [0 2 4 4 4 1 4 4 4 1 3 1 4 3 2 3 1 4 4 1 3 4 4 4 4 2 2 0 4 2 0 0 4 2 1
   4 4 4 0 1 0 1 0 0 0 3 0 1 1 4 4 4 0 3 3 0 3 1 4 4 2 2 1 2 1 3 2 3 0 1
   1 3 0 0 2 4 4 0 3 4 4 3 0 0 0 0 3 0 1 0 0 2 4 0 0 0 0 1 3 3 3 2 2 4 3
   1 3 0 0 1 2 4 4 2 0 4 4 3 4 2 4]
  [0 0 3 3 2 1 4 4 0 1 4 4 1 4 1 3 4 0 3 4 0 3 1 2 2 3 3 0 0 4 3 2 1 4 2
   4 4 0 2 1 2 0 2 1 3 4 3 1 0 0 3 0 3 4 2 4 0 1 1 3 0 3 1 0 4 1 3 3 1 0
   4 3 2 0 0 3 0 3 1 2 3 0 0 3 4 4 0 2 1 3 4 3 1 3 3 2 4 3 3 3 0 2 0 4 3
   4 4 2 1 4 1 2 3 3 1 0 3 4 2 0 4]
  [0 4 3 1 1 4 3 1 1 0 0 0 0 4 3 0 1 4 0 0 4 4 0 3 3 2 4 2 2 0 4 4 4 2 0
   0 3 1 4 2 1 4 1 2 2 3 4 4 2 2 2 1 1 2 3 3 0 0 3 2 3 4 0 2 1 4 1 0 4 0
   4 0 4 0 1 3 0 0 1 1 0 4 0 1 2 1 0 3 4 2 0 0 0 4 1 1 1 3 3 0 4 3 1 1 2
   4 4 0 3 3 0 0 1 3 3 4 1 3 3 3 0]
  [0 3 1 2 4 3 3 1 4 2 2 0 3 1 1 0 2 1 3 4 1 3 0 4 1 0 3 3 1 3 0 2 2 2 4
   1 4 1 0 4 2 0 4 4 3 4 4 0 2 4 0 3 0 3 2 1 2 0 0 3 4 4 2 2 0 0 0 3 3 0
   4 4 0 4 1 4 0 0 2 1 1 2 2 0 1 0 4 2 3 3 4 3 2 3 4 0 1 3 2 3 1 0 1 0 3
   2 0 3 1 3 4 0 3 0 3 0 3 0 4 0 3]
  [0 1 1 2 0 0 4 1 2 1 0 3 1 0 1 4 4 3 0 3 1 3 1 0 2 4 1 4 3 1 3 0 3 0 1
   1 0 0 2 4 1 2 2 3 4 1 2 0 0 4 0 0 3 4 2 0 4 1 2 2 3 0 2 1 4 1 2 2 2 0
   3 3 4 3 3 1 2 2 0 2 4 4 4 1 4 3 0 4 0 2 3 2 1 3 4 4 3 3 2 1 3 1 3 2 4
   1 3 4 1 0 2 0 4 0 4 0 0 0 0 0 2]
  [0 0 0 4 4 3 2 1 1 1 0 0 3 3 2 3 4 4 3 0 0 4 4 3 4 0 1 0 3 3 2 2 0 3 1
   2 4 3 0 4 4 1 1 0 0 0 2 0 4 3 1 1 0 0 2 2 3 1 0 0 1 1 1 0 4 2 2 0 2 1
   0 2 3 2 3 4 2 1 4 4 2 0 3 4 3 1 3 4 1 2 2 1 2 2 0 1 3 3 4 2 1 1 0 1 2
   2 2 2 4 0 3 2 3 0 4 3 2 0 4 1 0]
  [0 0 4 0 0 0 1 0 1 0 0 1 1 2 3 4 4 3 3 2 2 1 0 4 0 2 1 1 1 3 2 0 3 0 3
   0 2 1 2 2 0 1 1 2 4 0 4 3 4 3 1 3 4 0 1 2 1 1 4 4 1 2 3 2 4 2 2 4 3 0
   1 3 1 4 4 4 4 0 2 2 4 0 1 4 0 2 0 4 3 1 2 1 1 2 1 2 0 4 4 0 1 1 3 2 4
   4 2 3 4 4 3 0 1 4 1 3 4 1 1 3 0]
  [0 4 0 4 0 4 0 4 2 0 4 1 2 3 2 4 4 3 4 1 3 0 0 0 4 2 2 3 2 0 2 3 1 3 0
   3 1 2 3 2 1 2 1 0 1 4 2 3 3 4 0 4 3 4 1 3 3 0 2 4 1 2 0 0 4 1 4 2 2 3
   4 4 3 3 3 3 2 0 2 4 1 0 0 1 2 4 0 1 4 2 3 2 2 1 2 1 2 3 1 0 2 1 1 3 2
   3 4 4 3 0 0 3 3 2 3 0 3 3 2 0 1]
  [0 1 3 0 1 2 4 1 2 0 1 3 1 4 4 0 3 4 3 0 3 1 1 1 4 0 0 2 0 1 1 2 3 2 0
   0 2 1 2 1 2 4 4 4 4 4 1 0 3 4 2 4 2 4 2 1 1 0 0 1 4 0 0 4 0 2 2 1 3 0
   3 1 2 1 4 3 4 4 3 1 0 1 0 4 2 4 4 1 1 2 4 4 2 2 3 0 4 2 0 3 0 3 1 3 1
   4 0 0 1 2 2 3 2 3 4 1 4 0 1 3 3]
  [0 3 1 3 0 1 0 2 2 3 0 1 2 3 1 1 0 4 1 2 4 1 1 0 4 0 0 1 1 3 1 1 0 2 0
   3 0 4 3 4 0 4 1 4 3 0 3 3 1 3 1 4 4 2 3 1 3 0 1 3 1 3 4 2 3 4 4 4 4 4
   3 1 3 4 2 0 2 1 1 1 0 3 2 1 0 0 0 2 0 4 2 0 4 3 1 4 0 1 3 3 0 3 0 3 4
   0 2 4 0 1 1 3 0 2 3 2 3 4 1 0 3]
  [0 0 2 1 3 0 1 0 1 2 2 0 2 3 4 4 3 4 2 0 3 1 4 4 0 0 0 0 3 1 0 4 2 1 3
   0 4 0 2 4 1 3 4 2 4 3 0 1 4 3 0 1 4 1 2 4 2 4 4 1 3 3 0 2 4 1 3 1 4 0
   2 0 2 4 2 2 3 2 2 3 4 4 1 4 3 1 4 2 4 1 0 0 2 3 2 1 0 3 1 1 1 1 0 3 3
   3 0 2 1 0 4 2 3 1 1 3 3 4 0 2 3]
  [0 1 0 3 2 3 0 0 2 2 1 3 3 0 0 1 2 2 2 4 1 0 2 2 1 0 1 4 1 4 4 4 0 1 3
   3 3 4 0 2 2 4 2 3 0 1 4 4 0 4 0 0 2 0 3 1 0 3 1 2 3 0 3 4 4 0 2 4 3 1
   2 2 1 3 0 3 3 4 4 2 2 0 4 3 0 1 2 2 0 2 4 3 3 2 0 4 4 0 1 2 4 3 3 1 4
   1 3 2 4 4 3 1 2 3 3 3 0 4 4 3 2]
  [0 3 2 0 2 0 0 0 3 3 3 0 2 3 0 1 3 2 0 2 3 4 0 0 0 2 4 2 1 0 0 0 1 1 0
   4 2 2 3 0 1 1 4 4 0 4 4 0 3 1 3 3 3 0 4 1 0 3 3 3 4 4 2 4 2 0 1 1 1 0
   1 4 2 1 4 1 2 4 2 0 3 1 0 0 0 4 1 2 0 3 1 0 1 4 1 3 2 2 3 1 0 0 3 3 3
   2 0 3 2 2 4 1 2 3 2 0 1 0 4 4 1]
  [0 1 4 2 1 0 1 1 0 1 3 0 3 3 1 1 4 4 4 0 1 3 0 0 0 0 4 1 1 0 2 4 1 0 2
   2 0 2 3 4 0 4 0 3 3 2 1 1 1 2 2 4 0 1 3 3 4 4 4 1 1 3 1 2 1 4 3 0 4 0
   3 3 4 2 1 4 1 1 4 0 0 1 4 2 0 4 3 4 0 0 2 3 1 0 1 3 3 1 1 3 0 4 4 4 2
   3 1 2 2 0 1 4 0 2 2 3 0 4 4 1 3]
  [0 0 0 2 3 4 2 1 0 0 2 1 2 4 1 2 0 3 0 1 1 0 4 2 3 1 3 0 2 4 0 2 3 3 1
   4 0 3 2 0 2 0 2 0 1 0 4 4 2 2 3 1 1 0 4 3 1 4 2 2 4 1 1 0 2 0 1 3 2 3
   2 4 2 0 4 3 2 1 0 4 3 4 3 0 1 1 4 4 4 3 2 1 0 0 3 1 2 1 1 2 2 1 0 0 3
   2 0 1 0 0 3 2 4 3 4 3 2 4 0 3 2]
  [0 4 0 1 0 1 1 3 0 1 0 2 1 0 1 4 0 2 4 0 4 3 1 4 3 4 0 2 4 3 2 3 1 2 2
   0 2 4 4 2 4 1 0 0 0 0 3 3 4 2 2 3 4 2 4 4 3 2 3 2 0 0 3 2 0 0 0 3 1 3
   1 0 1 3 2 2 2 2 2 3 1 4 2 2 1 0 3 4 4 4 2 3 3 0 0 4 4 4 3 1 1 0 4 3 4
   4 3 1 3 3 3 0 3 3 0 1 4 1 4 2 0]
  [0 2 4 2 0 2 2 4 1 2 0 1 1 3 3 0 0 0 2 0 4 1 4 0 1 3 4 1 4 3 4 4 0 3 0
   1 2 1 0 2 3 1 2 0 1 4 4 0 4 4 1 4 4 3 2 1 2 4 2 1 3 1 0 1 2 3 2 3 1 0
   4 2 2 2 1 1 1 1 3 4 1 2 0 1 2 1 4 0 2 1 4 3 0 4 4 1 2 4 0 0 1 2 0 3 0
   1 2 0 2 4 4 4 0 2 0 1 2 3 0 4 0]
  [0 3 2 0 4 3 4 2 1 1 2 4 1 4 1 2 2 0 2 3 3 1 0 1 4 1 1 4 0 0 0 3 3 4 4
   1 2 4 3 1 2 3 2 3 0 1 3 4 4 1 3 3 4 3 3 3 4 1 1 2 3 2 4 3 1 4 3 3 2 4
   4 4 0 4 3 1 4 1 3 0 1 3 1 3 0 3 2 2 1 2 1 2 3 0 3 4 3 0 0 0 1 1 2 2 0
   1 0 2 0 4 3 2 4 0 1 3 1 2 2 4 4]
  [0 3 4 0 3 1 0 3 1 4 1 4 4 0 1 2 4 1 1 3 2 0 3 1 4 3 4 2 4 1 1 3 3 4 2
   4 0 2 1 2 1 3 4 1 4 0 0 0 4 2 3 3 4 3 0 1 4 4 1 2 0 3 2 2 0 1 4 4 3 1
   4 2 1 0 2 1 1 0 2 1 0 0 0 1 3 1 0 1 0 2 3 1 3 3 0 4 1 4 4 4 2 2 2 0 1
   2 3 0 0 1 1 4 2 0 0 3 1 4 4 0 2]
  [0 3 3 4 4 4 3 4 1 3 0 0 1 1 2 0 4 3 3 2 4 3 4 0 1 2 0 2 2 4 2 1 0 1 0
   1 1 0 2 2 4 3 3 1 2 2 0 0 3 3 3 2 2 1 0 2 0 2 1 2 2 3 4 2 0 4 2 1 3 0
   3 4 4 4 2 2 1 2 4 1 3 0 4 3 1 4 1 2 2 1 1 4 3 3 0 1 3 0 0 2 1 0 3 1 1
   4 3 2 1 0 0 4 4 1 1 2 1 4 2 4 2]
  [0 0 1 1 4 1 4 2 1 4 1 3 3 3 4 0 3 2 1 3 2 1 4 3 0 4 4 1 1 0 4 1 4 2 3
   0 2 1 0 3 1 2 1 2 0 0 2 0 1 3 4 0 3 2 4 2 4 0 4 0 1 2 0 4 4 3 4 0 3 2
   1 0 3 1 0 0 1 3 4 1 0 0 4 0 2 4 3 4 1 0 2 1 4 2 0 4 1 1 3 3 1 1 3 1 0
   0 1 3 3 3 3 2 1 3 3 1 4 0 0 3 4]
  [0 2 1 0 3 1 0 1 0 3 2 1 0 1 4 1 3 4 3 1 1 0 0 3 3 2 2 3 1 1 0 1 0 0 0
   0 4 2 3 0 3 4 1 1 0 0 1 2 0 3 4 4 1 2 1 2 2 4 0 3 1 4 4 1 2 1 1 0 4 4
   3 4 4 2 1 2 3 1 3 4 2 1 4 1 3 3 3 4 4 2 3 2 4 4 4 1 0 4 3 4 0 0 0 4 2
   0 3 4 0 3 1 1 1 0 0 3 3 4 2 1 0]
  [0 3 3 4 1 2 1 3 2 4 0 3 2 4 4 2 4 0 2 1 2 3 2 4 1 4 1 2 0 0 1 2 2 1 2
   1 4 4 1 4 2 0 2 1 4 2 2 0 1 0 0 2 1 1 4 0 0 1 4 3 0 0 1 4 2 1 2 3 2 1
   1 2 0 2 1 2 0 4 0 2 4 2 4 4 4 2 1 4 1 3 4 3 4 3 4 4 1 0 2 2 0 0 0 2 1
   2 3 1 0 1 0 2 4 0 4 2 2 3 3 1 2]
  [0 1 2 4 4 4 4 4 3 3 0 3 1 1 1 0 3 1 1 2 3 1 1 4 1 0 1 4 3 2 4 4 0 3 0
   3 2 4 3 4 4 2 0 3 3 2 0 4 4 1 0 2 1 4 4 0 3 3 4 2 0 1 3 3 0 2 1 4 3 3
   1 3 0 1 0 4 2 0 0 0 0 3 0 0 2 3 0 4 4 0 4 1 3 4 0 0 1 3 2 0 0 4 2 1 2
   4 3 0 4 4 2 2 0 4 4 1 2 0 4 1 1]
  [0 3 1 3 1 3 2 2 0 0 3 4 4 4 2 0 0 4 3 0 3 1 4 0 3 1 1 4 1 2 0 4 4 1 4
   2 1 3 3 1 3 2 2 2 4 2 1 3 4 0 4 0 1 3 0 2 3 0 0 0 1 1 3 1 0 2 1 1 3 2
   3 4 0 3 0 0 4 4 4 3 0 2 3 2 4 4 2 4 4 0 2 4 4 2 3 1 1 3 4 0 2 4 2 0 0
   2 1 3 1 3 1 4 1 2 0 3 1 4 1 4 1]
  [0 4 0 3 3 0 4 2 3 0 2 1 3 3 0 1 3 0 0 3 0 1 2 3 1 3 0 4 3 2 1 3 3 1 1
   3 3 0 3 4 1 1 1 1 0 3 2 0 2 2 3 1 0 4 4 4 2 4 0 1 0 3 0 3 3 3 3 4 3 3
   2 3 0 4 3 4 3 4 1 3 3 4 4 0 0 2 3 4 3 4 0 0 3 1 2 1 0 0 2 0 1 0 1 3 4
   2 0 4 2 4 3 0 1 1 2 4 2 4 3 3 2]
  [0 1 4 4 0 3 4 4 0 1 0 1 4 4 1 4 1 1 0 2 1 3 0 0 0 4 4 3 3 1 3 0 1 4 1
   3 1 4 1 4 0 3 2 1 1 3 1 2 2 1 2 0 0 0 2 4 3 0 2 4 4 4 0 1 4 0 1 4 3 1
   0 2 4 1 2 4 4 4 3 1 3 2 4 3 1 2 4 3 1 4 1 4 0 2 1 2 2 1 0 1 1 0 2 4 4
   3 2 3 2 1 4 0 0 4 3 0 2 1 0 4 3]
  [0 0 0 0 3 3 1 1 0 3 3 0 4 2 0 4 1 4 4 1 2 1 1 1 4 3 0 1 0 2 0 0 2 3 4
   4 1 0 4 0 0 1 3 2 0 3 1 4 1 1 4 0 2 4 0 0 2 2 4 1 1 0 1 4 2 1 2 1 2 2
   0 4 1 2 2 2 1 4 0 0 0 4 1 2 1 1 0 0 3 0 1 3 0 2 2 4 3 0 2 1 3 0 1 2 4
   0 1 4 2 1 4 2 0 3 0 3 3 3 3 0 4]
  [0 3 3 4 3 0 3 3 1 3 3 2 4 4 3 0 4 2 2 3 2 4 2 1 1 4 2 1 0 1 0 1 0 1 2
   2 4 0 2 1 0 1 2 3 3 3 4 3 3 2 3 0 2 4 2 0 3 2 4 2 3 4 3 4 0 2 3 4 0 4
   2 1 2 1 2 0 2 3 2 0 4 4 4 3 2 3 3 2 4 0 2 0 4 4 1 4 3 3 2 3 3 2 2 1 2
   3 3 1 3 0 3 4 3 1 1 1 3 4 2 2 4]
  [0 2 0 3 2 3 0 4 3 2 0 0 4 2 4 4 3 4 2 4 0 3 1 3 4 4 3 0 0 0 2 3 2 4 3
   3 4 4 1 1 0 1 1 0 4 0 4 3 3 3 0 3 4 3 1 1 0 1 0 4 3 3 3 2 2 0 1 2 1 4
   0 4 1 0 4 4 0 1 1 1 2 4 3 4 1 0 2 3 2 2 1 0 2 3 0 4 3 3 4 1 1 3 2 2 0
   2 3 2 0 3 4 4 0 4 3 3 3 2 4 1 0]
  [0 3 4 2 4 4 0 1 2 4 3 3 4 0 4 1 3 4 3 1 4 2 2 3 1 2 3 3 4 3 4 3 4 2 1
   1 0 2 0 0 2 1 2 0 4 0 0 1 2 0 0 0 4 0 2 0 3 0 2 4 2 1 3 4 2 4 0 2 3 3
   3 3 1 1 4 3 1 3 2 3 3 1 0 2 4 1 3 3 3 3 4 1 0 3 3 0 2 3 2 3 0 3 0 4 4
   3 4 1 3 3 0 2 4 0 1 1 1 3 1 4 4]
  [0 4 4 3 1 0 1 4 0 0 3 3 0 4 2 0 2 4 0 3 3 0 4 0 0 3 0 1 2 3 3 4 1 1 1
   4 2 1 0 1 1 4 0 2 2 1 3 2 0 4 2 0 2 1 3 4 0 4 0 3 1 0 2 4 1 4 2 4 2 0
   4 3 4 2 4 2 3 4 3 3 0 1 1 1 0 4 4 3 2 2 0 2 1 0 3 0 4 4 1 1 0 0 3 3 4
   0 1 2 1 1 1 0 2 1 3 1 4 2 1 0 0]
  [0 0 0 2 1 4 0 1 0 0 3 4 1 2 4 3 1 1 4 4 0 2 2 3 3 0 0 2 0 0 4 2 1 0 0
   0 3 3 2 0 0 3 4 4 3 0 1 1 2 1 1 2 3 3 3 0 2 4 1 0 4 0 2 3 4 2 0 4 3 2
   2 0 4 3 0 4 2 4 2 1 3 2 1 1 2 3 3 4 4 2 0 3 1 4 4 2 0 1 1 4 0 2 1 0 1
   1 4 0 2 4 1 0 4 2 4 2 3 0 2 4 3]
  [0 4 1 2 2 3 1 2 0 2 1 0 2 2 1 1 0 0 1 3 2 2 1 4 0 2 2 3 0 3 1 1 1 1 0
   3 4 4 3 4 3 0 1 2 3 3 0 2 3 1 4 1 0 1 2 1 4 2 2 2 0 3 3 4 0 0 0 2 1 3
   0 4 4 4 0 2 4 4 1 2 1 0 0 2 2 0 0 2 4 2 2 3 0 4 2 4 4 4 0 4 0 3 4 4 3
   3 1 0 2 2 1 2 2 1 4 0 4 4 3 1 3]
  [0 4 0 2 0 4 1 0 3 4 1 1 2 3 0 3 2 0 0 0 3 3 3 2 1 4 3 2 3 4 4 4 1 2 4
   4 4 1 1 1 4 3 0 4 1 1 3 2 0 0 3 4 2 1 2 1 0 1 4 2 0 0 2 4 4 2 2 3 3 0
   4 1 3 2 0 2 1 2 4 0 1 2 1 0 2 0 4 4 0 0 4 0 1 3 2 2 1 1 4 0 2 2 3 2 0
   3 1 4 3 0 4 4 4 2 3 2 4 4 2 1 2]
  [0 4 2 1 1 3 2 1 3 3 3 1 1 3 2 3 0 3 0 2 1 4 4 0 1 0 0 4 3 1 4 2 4 1 2
   2 2 0 1 3 2 0 4 3 1 3 2 1 1 2 4 4 4 4 0 3 3 2 4 4 0 2 0 3 1 1 4 1 2 1
   4 4 2 2 0 4 1 3 3 3 4 4 2 3 2 3 3 4 1 1 2 0 1 3 1 3 2 3 1 1 0 3 0 4 0
   2 1 4 1 0 3 1 1 3 3 0 1 1 4 2 1]
  [0 4 4 2 2 3 4 2 2 0 4 0 4 4 3 0 0 2 4 0 0 2 0 4 2 0 2 2 3 1 0 0 2 4 0
   1 3 3 0 1 3 2 4 0 1 1 4 3 2 0 3 1 2 0 2 4 0 2 0 0 1 0 0 0 4 3 0 4 4 3
   4 3 2 3 2 2 1 2 4 2 2 3 0 0 0 4 0 2 3 2 4 4 4 2 4 0 3 4 4 3 1 2 1 2 3
   4 2 0 0 2 4 0 0 1 4 1 3 2 4 2 1]
  [0 3 0 3 3 2 3 0 1 4 0 2 1 2 4 4 0 1 3 0 3 0 3 2 4 4 4 1 0 2 1 3 4 4 3
   4 3 3 4 4 0 4 2 2 0 3 4 2 1 2 1 4 0 4 0 2 0 0 0 0 3 2 3 0 0 1 0 0 2 2
   2 4 2 2 2 1 0 2 3 3 2 3 3 0 0 4 2 4 2 2 2 0 1 3 3 2 4 0 3 3 2 3 1 3 3
   0 1 4 4 3 2 3 2 3 4 0 0 2 3 2 4]
  [0 0 2 1 1 0 1 2 3 2 1 2 2 2 2 4 0 3 0 2 1 4 4 3 2 0 0 4 3 2 0 3 3 4 1
   0 3 3 3 3 2 2 2 4 1 1 0 2 1 1 1 3 1 0 3 4 2 1 0 2 0 4 3 0 1 0 1 2 4 2
   0 4 3 3 1 4 2 4 4 1 0 4 1 0 4 4 0 0 3 2 4 0 3 0 2 0 4 3 4 1 3 4 3 0 0
   1 2 1 4 0 4 2 0 4 3 1 3 0 1 0 1]
  [0 4 0 1 2 3 2 3 1 0 2 0 0 0 0 0 3 3 3 4 4 1 0 1 1 2 2 4 1 1 1 4 3 3 1
   3 2 3 1 4 2 3 4 1 2 1 2 0 0 2 4 2 3 0 2 4 2 4 0 3 1 4 4 4 0 3 0 4 3 1
   1 2 0 1 4 0 1 2 1 0 2 0 0 1 1 0 3 4 2 1 4 3 1 0 0 1 2 2 2 2 0 1 2 2 4
   1 0 3 3 0 2 0 2 4 0 3 2 1 4 0 4]
  [0 0 3 4 2 0 3 4 3 4 1 2 0 0 3 3 1 4 2 0 0 0 1 4 2 1 4 0 2 0 1 2 2 4 0
   2 3 1 0 4 4 3 2 1 2 0 4 1 2 3 4 4 1 2 1 3 4 0 2 4 0 4 1 0 1 4 0 0 4 2
   3 2 4 1 3 0 2 1 4 1 1 3 0 1 2 2 0 2 2 2 2 0 2 1 1 0 2 4 0 1 2 1 3 1 2
   3 2 0 4 2 0 1 3 1 4 2 0 2 3 4 2]
  [0 4 3 2 4 4 4 3 1 3 0 4 2 3 2 1 2 2 2 2 2 0 2 0 0 4 2 4 3 4 3 2 3 4 1
   4 4 3 4 2 0 4 1 2 0 0 4 4 1 1 0 4 1 4 2 2 3 2 2 0 3 4 2 2 1 3 4 3 0 3
   1 1 3 0 1 3 0 4 3 4 2 3 0 4 3 4 1 0 2 0 2 1 0 1 4 3 2 2 3 1 1 2 3 2 4
   4 2 0 0 2 1 1 3 0 2 1 0 4 1 0 4]
  [0 2 4 1 4 0 2 4 4 3 4 0 0 2 0 2 0 3 1 1 1 0 1 1 0 1 0 4 0 3 3 2 4 4 2
   0 1 3 3 0 4 0 3 1 2 0 0 1 0 1 0 1 3 2 3 3 4 2 0 2 3 0 3 2 1 0 4 2 1 0
   3 4 4 1 3 1 2 1 4 2 2 0 1 4 2 0 3 0 3 3 3 4 3 2 4 1 0 4 0 1 3 0 3 1 3
   2 1 2 0 3 1 1 0 2 4 4 3 0 0 4 2]
  [0 2 4 3 1 2 1 2 4 2 4 2 0 0 2 3 3 0 2 2 1 0 0 3 4 3 1 0 0 0 4 3 0 1 3
   0 1 3 0 0 2 4 4 2 1 1 2 0 3 0 1 0 1 3 2 0 0 1 3 1 4 4 4 2 1 1 2 4 0 3
   0 0 3 4 2 3 2 3 2 4 0 2 2 2 3 0 1 1 2 3 4 2 1 3 3 2 0 3 4 0 2 2 4 3 4
   1 0 0 2 2 0 3 4 0 1 3 4 0 3 2 4]
  [0 4 2 4 0 2 3 1 4 4 3 0 2 2 0 1 3 2 1 1 0 2 2 3 4 2 0 4 1 0 0 2 2 2 3
   1 4 3 1 2 3 2 1 4 4 2 3 4 3 1 4 4 1 4 1 0 1 1 2 2 4 2 1 1 2 0 1 2 3 2
   3 0 1 1 0 3 1 4 1 3 4 0 4 1 0 3 0 0 0 1 4 1 4 2 1 3 1 2 3 3 2 0 4 4 2
   2 4 1 1 2 1 1 3 4 0 4 2 4 3 2 0]
  [0 0 0 4 2 4 2 3 2 0 2 3 1 3 4 2 4 4 1 4 0 4 2 0 3 0 4 3 1 3 3 1 2 2 0
   2 2 1 0 4 3 0 0 3 1 3 3 2 2 4 0 1 0 3 0 1 0 3 1 2 2 0 2 1 1 4 3 4 2 2
   1 1 0 0 4 1 0 3 4 4 0 0 2 3 0 0 1 2 2 1 4 1 1 4 0 1 1 1 4 4 1 0 4 3 0
   2 3 2 0 4 1 1 2 2 3 0 4 1 3 3 2]
  [0 4 1 4 0 4 2 1 2 2 2 1 0 2 3 4 3 4 3 2 3 2 0 4 1 0 1 4 4 1 4 1 0 1 4
   0 0 3 0 2 4 2 3 0 1 0 2 2 3 2 4 1 1 0 4 2 3 3 3 1 0 0 3 1 2 3 0 1 0 2
   4 1 0 0 0 3 3 2 0 2 2 0 4 3 3 3 1 0 1 0 4 0 2 1 2 2 2 4 3 2 4 4 3 1 4
   4 3 3 3 0 1 3 4 1 0 3 0 3 4 1 0]
  [0 3 2 3 1 3 2 0 3 4 0 2 0 3 0 3 3 1 0 4 2 3 3 0 4 4 2 4 2 1 2 2 2 2 1
   1 2 4 2 3 4 4 4 2 0 1 3 2 0 3 2 2 0 0 4 1 2 2 4 0 1 0 3 3 0 2 2 1 4 3
   4 4 3 1 0 3 0 4 0 1 2 4 2 4 3 3 1 4 2 2 3 2 0 2 2 1 4 2 4 3 4 3 4 1 0
   1 2 0 1 3 1 1 0 1 0 4 1 0 1 1 0]
  [0 2 0 0 0 4 1 2 2 1 1 1 4 0 1 0 3 0 2 3 0 1 4 2 4 3 1 0 0 0 1 4 4 2 0
   1 0 2 3 1 4 3 3 1 1 1 4 1 3 0 2 3 2 2 4 3 4 4 0 1 4 2 1 3 4 4 2 4 4 0
   1 0 2 3 2 0 2 3 0 1 4 0 4 0 1 2 2 3 0 3 2 1 4 0 1 0 0 1 0 2 3 2 1 0 0
   1 1 2 1 0 1 4 1 3 2 1 1 2 3 0 0]
  [0 3 4 3 0 4 3 4 0 2 4 0 4 4 1 4 4 0 4 3 2 2 1 4 2 2 3 1 0 1 1 3 4 4 2
   3 4 0 3 4 4 2 2 2 4 2 1 3 1 3 3 4 3 0 4 2 2 2 2 1 3 2 0 3 1 2 2 4 2 0
   3 1 0 0 1 1 0 1 0 4 0 4 4 0 4 3 4 0 1 4 0 0 4 0 3 3 3 1 0 3 0 3 0 3 3
   2 2 2 4 2 0 2 0 3 4 1 1 2 1 2 3]
  [0 4 2 3 4 4 2 0 4 2 0 3 1 1 0 0 0 4 3 3 0 0 4 2 1 1 3 3 4 2 3 1 3 1 2
   3 2 2 2 2 3 0 0 4 3 3 1 4 4 1 1 4 0 1 4 2 0 1 2 1 3 3 0 4 4 1 4 3 0 3
   0 1 2 1 0 0 0 0 3 4 3 3 4 0 1 2 0 2 3 1 0 1 2 4 3 3 1 3 3 3 3 1 3 4 4
   0 2 4 2 0 4 0 2 3 0 3 4 0 2 3 4]
  [0 0 2 4 0 2 1 3 3 2 1 4 1 4 1 1 2 1 0 2 4 1 2 2 3 4 2 0 4 4 4 3 1 0 0
   1 0 0 4 4 3 0 1 3 4 1 4 4 4 1 3 0 3 4 4 1 1 0 2 2 4 1 1 0 4 4 3 2 3 4
   0 0 3 4 2 2 3 0 0 4 3 3 3 3 2 2 4 4 1 2 2 1 1 0 3 1 4 0 4 0 4 4 1 4 2
   1 0 0 1 1 3 0 3 4 4 0 0 2 3 4 1]
  [0 3 3 2 2 0 1 0 2 1 3 0 4 0 4 2 3 4 2 2 2 4 0 1 0 0 1 1 4 0 2 2 2 0 1
   0 1 1 3 4 4 4 1 2 3 1 0 0 4 0 4 1 2 2 1 2 0 4 2 2 4 0 1 1 3 0 4 0 3 4
   1 0 4 1 3 4 1 4 0 0 2 1 0 0 0 0 0 4 2 0 4 0 0 2 0 4 2 3 1 3 2 1 1 2 0
   3 4 1 2 2 2 1 3 1 3 3 4 1 0 1 0]
  [0 0 4 3 2 0 3 3 1 2 0 0 3 0 1 2 3 1 2 0 1 1 0 1 0 3 4 1 4 1 0 4 1 0 3
   3 4 3 4 0 2 2 4 0 4 2 0 2 4 2 0 1 1 3 3 0 1 3 0 4 4 0 3 3 3 0 0 1 0 2
   4 1 4 3 2 2 4 1 3 4 0 1 3 3 4 4 3 4 0 3 3 1 2 3 4 2 0 4 4 0 2 3 2 0 4
   2 1 2 2 2 0 3 1 1 0 0 1 1 0 0 3]
  [0 0 2 1 3 3 3 0 3 3 3 3 2 4 0 4 4 1 2 4 4 2 4 4 4 4 4 4 1 2 2 4 4 4 2
   2 2 1 1 2 3 1 4 0 3 3 0 2 0 3 0 2 0 1 0 4 0 0 1 3 3 1 3 1 0 1 0 2 4 4
   2 4 1 2 0 2 2 1 2 0 2 0 4 2 4 0 2 0 3 4 1 1 1 1 0 3 2 3 0 1 1 4 3 2 1
   3 4 3 3 1 4 0 3 4 2 3 1 1 2 3 1]
  [0 2 3 1 2 0 2 3 3 4 4 1 3 4 1 2 2 1 1 4 2 3 0 3 0 3 3 2 0 1 0 3 3 2 2
   2 0 1 3 4 0 1 3 3 1 4 2 2 0 1 2 2 2 4 4 0 3 2 3 2 0 4 1 1 1 0 1 0 3 2
   4 1 3 3 2 1 2 3 2 2 0 3 0 2 1 3 4 2 3 1 1 0 1 0 1 3 0 0 2 4 1 3 4 4 2
   4 4 4 3 3 3 4 3 3 0 1 1 1 2 3 0]
  [0 0 4 2 4 0 4 3 3 1 2 1 2 2 1 3 4 0 3 2 0 2 0 4 2 2 0 3 0 2 3 4 4 2 2
   1 3 1 3 2 3 4 1 2 3 2 4 0 1 4 2 0 4 2 4 3 2 0 4 2 1 0 3 3 2 4 3 1 0 2
   4 4 4 3 2 3 2 2 0 1 0 3 1 0 2 2 3 2 3 2 1 4 0 0 1 1 4 2 4 1 1 2 4 2 2
   0 1 2 2 3 0 1 4 3 2 4 2 4 4 3 1]
  [0 1 3 2 3 3 0 4 2 4 3 4 0 2 4 3 0 4 3 4 0 1 4 0 4 3 1 0 3 4 3 1 0 0 3
   4 2 1 2 2 1 0 2 3 2 0 0 0 0 2 0 1 4 4 2 0 2 1 3 4 1 2 4 4 1 4 4 3 2 1
   2 2 3 0 0 2 0 4 3 3 3 3 4 0 0 4 3 0 0 4 4 2 2 0 1 3 3 2 2 3 3 0 2 4 1
   2 4 4 0 0 3 4 0 2 3 1 2 3 1 3 0]
  [0 0 1 2 2 1 4 2 3 2 1 4 4 0 2 3 3 4 1 2 4 2 3 4 2 3 0 0 0 1 3 2 4 4 4
   2 2 0 4 1 4 2 0 0 4 3 3 0 4 0 4 4 0 4 2 1 2 0 4 0 0 4 3 1 0 2 0 1 0 0
   0 0 4 1 1 2 3 1 0 0 0 0 4 0 0 0 4 3 0 3 1 2 0 4 1 2 1 1 4 4 2 1 3 3 4
   1 2 0 1 3 1 3 2 3 4 1 1 2 4 1 4]
  [0 0 3 3 3 1 1 2 0 3 2 3 3 0 3 3 3 1 1 2 0 1 3 1 1 1 3 3 4 1 4 0 3 0 0
   2 4 4 3 0 4 1 2 0 3 1 1 3 2 1 4 4 4 4 0 4 2 3 0 0 4 3 1 1 2 0 3 4 3 2
   3 0 0 0 0 4 4 4 4 1 4 4 1 1 4 2 0 1 4 4 4 4 4 2 2 1 0 0 0 3 2 2 3 0 1
   3 3 0 3 3 1 0 0 2 3 1 3 3 0 0 1]
  [0 4 1 0 2 1 0 1 4 2 0 0 3 1 4 3 2 0 0 4 2 2 1 2 4 0 3 3 0 4 0 4 2 4 3
   2 4 0 1 4 2 4 1 2 0 0 2 3 3 4 1 4 0 3 2 3 0 1 1 0 3 0 4 1 4 0 2 2 1 0
   2 0 1 3 0 4 0 3 3 4 4 0 4 4 3 0 3 0 2 2 4 1 0 1 0 2 4 4 4 3 2 0 0 4 1
   3 1 3 3 0 0 1 1 1 2 2 4 2 2 4 3]
  [0 3 1 4 4 2 4 4 3 0 3 1 2 1 4 4 3 3 2 2 1 0 0 4 3 1 1 4 0 4 1 2 3 3 0
   2 0 2 0 1 2 2 4 4 0 2 1 3 4 2 4 2 4 0 0 2 4 4 3 4 4 3 3 0 3 4 3 3 3 2
   3 3 0 1 2 1 1 0 0 2 2 3 3 2 2 0 0 4 0 4 2 1 2 2 3 4 2 0 1 0 0 2 1 4 3
   4 0 3 3 1 0 1 1 0 4 1 1 3 1 4 2]
  [0 4 4 3 2 3 4 1 1 2 0 2 2 2 2 0 0 1 2 2 3 0 3 1 0 3 3 4 4 2 4 2 1 3 2
   2 2 0 2 2 2 4 1 0 4 1 0 0 1 3 1 1 2 3 3 3 4 4 4 3 2 4 1 2 4 2 0 4 4 0
   4 4 1 1 3 0 0 1 1 2 1 4 2 2 4 1 4 1 0 0 1 0 4 3 3 0 2 3 4 1 0 1 4 0 2
   4 4 0 0 3 2 3 4 1 3 4 4 3 1 3 3]
  [0 1 2 0 4 2 0 2 4 3 4 4 4 2 0 0 1 3 2 1 3 0 1 2 1 4 3 1 1 2 3 1 4 1 0
   3 4 3 3 3 3 1 3 3 1 1 2 1 1 1 4 1 1 4 3 4 0 3 3 0 0 1 1 1 0 0 0 2 1 1
   4 2 0 0 0 1 4 3 1 1 3 0 4 3 0 0 3 2 0 4 0 0 2 0 1 1 0 0 1 0 0 2 0 0 4
   4 4 2 4 2 1 0 4 1 1 4 4 4 0 3 2]
  [0 0 4 4 3 2 1 1 1 0 1 2 3 1 0 1 2 3 3 3 1 0 4 3 4 1 0 3 0 1 1 3 2 4 3
   3 3 1 4 1 3 0 4 1 4 3 1 2 1 3 3 1 4 3 1 2 2 3 2 3 1 1 1 2 0 1 4 2 3 2
   4 4 3 3 0 0 3 1 0 4 0 3 1 1 3 1 0 1 2 0 1 0 0 0 3 0 1 0 3 3 1 1 0 4 3
   0 2 3 1 1 2 3 4 4 2 4 3 0 1 0 1]
  [0 4 4 3 0 3 2 1 1 1 0 2 3 2 2 3 1 0 0 0 0 4 4 1 4 2 1 0 0 1 4 0 2 1 1
   2 2 2 4 3 4 3 1 1 2 1 0 1 2 2 2 3 0 3 1 4 3 2 0 4 1 2 3 2 3 4 3 3 3 2
   1 2 1 1 1 3 2 4 1 2 0 0 3 0 3 3 0 3 0 1 0 3 0 0 2 3 1 2 3 2 0 0 0 1 2
   2 2 2 1 1 1 3 4 0 1 1 0 0 1 1 1]
  [0 0 2 4 1 4 4 1 0 1 0 0 1 0 0 4 3 1 1 2 4 1 3 0 3 3 2 1 4 3 3 1 4 1 4
   3 1 4 2 0 4 4 2 4 3 1 4 4 3 2 1 1 4 2 3 3 2 4 3 3 2 2 1 3 3 2 2 4 1 3
   1 0 3 3 2 1 3 1 2 3 0 3 2 4 0 3 0 2 3 3 2 1 0 0 3 3 1 1 0 0 3 1 1 2 2
   2 0 4 2 3 1 3 4 0 1 4 3 3 0 3 0]
  [0 1 2 1 0 4 4 0 2 3 3 3 1 4 3 1 4 1 1 0 3 3 1 1 1 1 3 4 1 3 0 3 2 2 2
   1 4 4 2 4 2 3 4 1 3 4 3 1 2 3 1 1 4 0 0 0 2 2 3 0 2 3 1 0 2 3 1 2 1 4
   0 1 0 0 2 4 1 2 3 1 4 3 4 2 0 4 2 4 2 1 1 0 3 2 0 0 2 2 0 4 1 2 0 4 3
   4 4 1 0 0 0 4 2 3 0 0 2 0 0 2 4]
  [0 0 3 0 3 1 1 0 2 4 2 1 0 3 1 1 2 2 1 2 0 2 1 1 4 3 4 0 0 4 0 1 2 3 0
   3 1 1 0 3 2 4 2 3 0 4 4 0 4 3 3 0 2 4 2 3 3 2 3 2 1 2 3 4 0 2 2 2 0 3
   2 4 4 1 2 3 2 0 1 0 3 3 3 3 2 0 1 3 4 1 2 1 0 1 0 0 0 1 4 3 4 0 3 3 1
   1 3 1 3 4 2 1 4 2 0 2 3 4 1 4 4]
  [0 4 1 1 0 2 0 4 1 1 0 3 3 0 2 0 0 1 1 4 3 2 3 0 2 4 3 0 4 0 3 4 1 0 4
   4 4 2 3 2 0 3 4 3 1 1 0 0 2 3 2 0 0 1 4 4 0 4 4 4 0 0 3 2 2 2 0 0 0 3
   3 0 2 0 0 4 2 4 4 2 0 0 2 2 4 4 4 4 0 4 0 0 0 3 1 0 0 0 3 4 1 4 4 0 3
   1 3 1 2 0 1 2 0 1 3 1 1 1 2 4 2]
  [0 0 0 1 0 1 3 0 2 4 4 4 0 1 0 4 3 2 4 3 1 2 0 2 0 4 2 1 0 0 1 0 1 2 2
   2 0 4 2 4 3 2 3 2 2 4 0 4 1 4 4 4 4 1 2 3 0 0 0 0 4 4 3 1 0 3 4 1 0 0
   1 1 0 2 4 4 0 2 0 3 1 4 0 3 4 1 4 0 4 3 4 2 4 4 0 3 2 0 2 2 4 0 1 4 0
   3 4 4 0 2 4 4 1 4 1 0 4 0 0 2 2]
  [0 1 3 2 0 4 4 1 3 0 3 4 4 4 4 4 1 3 3 0 2 0 2 0 2 0 4 4 1 3 3 3 1 2 2
   3 1 0 2 2 4 2 4 3 0 1 4 2 1 3 1 1 0 0 2 0 2 1 1 3 4 4 1 2 3 1 2 0 2 3
   1 3 3 0 3 1 3 2 4 4 4 1 0 1 0 0 1 3 1 2 0 2 3 2 1 2 3 2 0 2 1 2 3 0 0
   3 3 3 2 0 3 2 0 1 3 1 2 1 1 1 1]
  [0 2 1 2 1 4 3 4 0 0 2 2 4 1 4 4 3 2 0 1 4 1 1 2 1 0 1 3 4 3 0 3 4 3 0
   1 2 1 3 4 1 3 3 2 3 0 2 0 4 1 1 2 0 3 1 0 2 0 3 3 0 1 3 4 4 1 2 4 3 0
   3 4 1 4 1 0 0 1 0 4 3 1 1 3 4 1 0 0 1 3 4 4 3 4 0 2 4 4 0 0 2 2 0 3 2
   3 0 2 4 2 1 4 3 1 2 3 2 3 0 2 0]
  [0 1 4 1 1 3 0 2 3 0 3 3 0 2 0 3 1 1 0 3 1 4 2 1 2 1 4 3 1 3 1 2 1 2 4
   0 0 2 4 1 2 1 3 3 2 1 2 4 4 0 4 3 1 3 4 0 0 3 1 3 4 2 3 1 2 1 3 0 1 3
   0 1 0 2 0 2 0 4 1 1 2 0 0 4 2 1 4 4 3 2 0 1 0 2 4 0 4 1 2 2 0 3 4 1 1
   2 3 2 1 1 3 0 2 0 0 2 1 0 3 0 3]
  [0 0 2 0 0 4 1 1 1 2 4 0 2 4 3 0 2 3 2 0 0 2 0 4 4 4 3 0 1 0 1 0 0 2 0
   0 2 1 2 4 2 0 2 4 0 3 1 2 3 4 3 1 4 0 2 4 3 4 0 0 3 3 1 3 1 1 0 2 2 4
   0 2 2 1 1 0 4 4 3 3 0 4 4 2 4 3 1 4 3 2 1 1 3 3 0 3 2 4 1 0 3 0 0 0 3
   0 4 1 1 0 0 2 4 2 2 4 3 3 0 1 0]
  [0 4 2 1 2 1 0 4 3 2 4 1 4 2 2 2 4 1 0 3 1 4 3 0 1 4 2 2 4 2 3 4 3 1 4
   2 3 0 4 3 3 4 1 3 4 2 0 0 3 1 0 0 0 1 3 2 3 2 1 2 2 2 0 0 3 1 1 3 1 4
   2 2 3 0 0 4 0 2 1 4 4 3 0 4 0 4 2 2 2 3 1 1 4 1 2 3 4 2 3 2 2 4 0 1 3
   2 0 3 0 1 2 1 2 0 1 3 3 1 3 4 4]
  [0 3 2 0 4 4 0 1 4 3 2 1 2 2 0 0 2 2 3 4 2 3 4 2 3 4 3 1 0 1 4 1 1 2 2
   4 0 2 2 3 0 3 4 0 0 3 1 1 4 4 1 3 1 2 0 0 1 4 3 1 1 1 4 0 3 4 1 4 0 4
   1 4 2 1 4 4 3 2 3 0 4 3 3 3 2 2 1 2 2 3 0 0 3 0 2 1 0 2 2 4 3 1 2 0 4
   1 3 4 4 4 4 0 3 1 0 0 0 4 3 2 2]
  [0 2 3 3 4 0 2 1 3 1 1 2 2 0 0 3 2 4 3 4 3 2 0 4 2 2 0 3 0 1 1 2 4 2 1
   0 3 3 1 4 0 3 1 2 2 4 4 3 0 1 4 2 1 2 4 2 0 1 1 0 0 2 4 4 4 3 3 4 0 4
   2 1 1 4 0 0 2 1 1 3 2 4 4 0 3 0 0 4 3 3 4 0 2 1 2 2 4 1 0 0 2 0 0 4 0
   3 3 2 2 3 3 2 3 4 1 0 4 0 0 2 4]
  [0 1 1 0 2 1 1 0 4 3 4 4 2 2 4 0 4 1 0 4 1 3 3 3 3 1 4 1 0 1 0 2 3 3 3
   3 3 3 0 1 4 2 1 2 4 1 3 1 3 1 3 1 0 1 4 4 0 0 2 4 1 2 2 1 0 3 2 1 3 4
   4 3 2 0 4 3 1 4 0 0 2 0 4 4 4 4 0 1 2 0 3 1 1 2 0 2 1 2 3 2 1 2 1 2 3
   0 3 2 3 3 2 2 2 2 1 0 2 0 1 0 3]
  [0 0 1 4 0 1 0 1 0 3 1 2 3 0 2 1 3 3 4 3 3 2 1 0 1 3 4 1 2 2 1 3 3 0 4
   0 3 4 1 2 3 4 4 4 0 0 2 2 1 4 4 2 0 3 1 1 1 4 4 4 1 2 2 4 3 4 3 4 3 4
   3 0 1 4 3 0 0 2 4 4 0 0 3 0 3 1 0 3 1 1 3 3 0 3 3 0 0 1 0 1 3 0 4 4 2
   3 0 0 1 2 4 2 4 1 4 3 4 1 0 2 3]
  [0 3 4 3 4 3 1 0 2 2 3 3 3 0 0 3 4 2 0 0 2 1 0 1 4 4 0 3 2 4 3 4 3 3 4
   1 2 0 4 3 3 4 2 0 3 0 0 1 0 3 2 2 0 4 2 0 0 3 1 4 4 4 2 2 3 0 2 4 1 0
   0 4 4 2 4 3 4 0 3 0 4 3 3 4 1 1 1 3 4 0 2 1 4 0 3 0 4 0 0 3 2 1 4 2 2
   3 0 0 3 4 1 4 0 1 1 4 0 1 0 4 3]
  [0 2 1 2 3 0 1 2 3 2 0 0 0 3 2 1 4 3 0 0 4 4 1 2 2 1 3 1 3 0 3 2 4 0 3
   1 0 0 2 2 3 0 2 4 4 2 0 0 4 2 0 2 3 3 2 3 1 0 1 1 4 1 1 2 3 4 1 3 0 1
   4 2 4 4 3 4 1 4 4 0 1 0 4 3 0 0 2 3 1 0 0 1 0 3 2 2 4 3 4 4 2 2 4 0 0
   0 0 1 0 3 0 0 0 3 3 4 3 0 4 0 1]
  [0 4 3 1 2 0 0 0 3 4 4 2 2 2 0 4 3 4 2 2 3 0 1 1 0 4 1 2 2 3 1 4 3 0 3
   3 1 0 3 1 3 4 0 0 4 0 1 1 1 0 0 3 2 4 4 3 1 4 3 2 0 0 3 2 4 4 1 4 4 1
   4 1 2 4 2 1 0 1 1 0 3 0 1 4 1 3 4 3 0 1 4 3 0 2 1 1 0 4 1 2 3 2 3 4 0
   0 4 4 3 0 0 3 1 0 4 3 3 1 2 1 0]
  [0 1 3 3 1 3 3 1 2 1 2 1 4 1 3 1 3 4 0 0 1 2 3 0 1 1 3 2 1 2 0 1 0 2 3
   4 1 3 2 1 3 1 4 3 4 1 4 0 2 4 3 2 2 1 2 0 1 0 4 1 0 0 3 2 1 3 1 0 4 1
   4 3 0 1 1 2 3 1 1 1 2 4 4 4 4 3 2 0 4 4 3 0 1 4 2 1 0 0 2 2 1 4 3 4 4
   2 3 0 0 3 0 4 4 2 2 1 4 3 0 0 4]
  [0 4 1 0 3 0 4 0 4 4 3 1 3 2 0 3 2 3 3 3 2 4 4 3 0 4 0 1 1 4 3 2 2 1 0
   0 3 3 4 3 4 2 4 1 4 1 3 2 0 3 1 4 3 3 0 3 3 1 4 4 2 2 2 4 4 2 1 4 2 1
   4 0 0 4 2 2 2 2 0 4 3 0 4 0 3 0 0 0 0 3 1 4 3 0 4 3 3 0 3 2 3 2 4 4 4
   0 0 2 2 2 1 0 0 1 1 3 3 3 3 4 3]
  [0 4 0 4 4 2 4 1 1 3 2 4 1 3 4 3 0 1 3 4 4 1 0 0 3 3 2 3 1 4 2 4 2 4 4
   3 3 0 1 0 2 2 1 4 1 0 1 1 1 4 2 3 2 1 2 3 2 2 3 3 2 2 1 0 4 3 4 4 3 0
   0 2 1 2 3 1 0 0 2 1 2 3 1 4 2 0 3 2 2 2 1 0 2 1 3 4 0 3 3 4 1 2 2 2 3
   1 2 0 3 1 3 3 0 1 2 3 2 3 1 0 1]
  [0 2 1 0 0 0 1 1 3 1 1 2 4 0 1 4 0 3 3 4 0 0 4 3 4 0 2 0 3 1 0 3 0 1 2
   4 0 4 2 3 4 2 0 4 0 4 2 0 1 2 2 1 1 1 3 0 3 2 4 4 0 3 1 3 0 0 3 2 4 1
   1 4 1 2 1 2 4 0 0 3 4 0 3 0 0 1 1 1 0 3 0 3 0 2 2 2 4 1 0 3 3 0 2 2 0
   4 0 4 4 0 4 2 3 0 0 3 4 1 2 4 4]
  [0 3 1 2 4 2 3 1 0 1 0 2 1 2 2 2 3 0 2 4 3 3 0 3 3 1 3 1 2 3 2 3 3 2 1
   0 3 3 2 3 2 4 3 4 1 0 4 1 0 2 4 0 4 0 4 0 1 0 3 4 2 2 0 2 2 2 2 2 0 0
   0 0 4 4 1 1 2 0 2 3 3 1 2 4 0 2 3 1 4 4 1 2 3 3 2 2 3 4 3 4 1 4 3 1 2
   2 1 3 3 4 1 3 3 3 0 1 3 4 0 1 4]
  [0 4 0 2 4 4 1 4 0 2 0 2 1 2 1 3 0 4 0 0 4 2 4 3 3 2 2 0 3 4 4 4 2 1 4
   0 1 4 3 4 1 0 3 0 3 3 0 4 3 1 2 1 0 3 0 2 0 0 4 4 1 4 2 0 2 2 2 0 0 2
   2 3 2 4 0 1 4 4 4 4 4 1 4 0 1 3 1 0 4 2 1 3 1 0 3 2 0 1 3 1 1 1 4 3 0
   0 3 3 4 2 1 0 1 3 1 0 3 1 2 2 3]
  [0 0 3 0 3 1 0 4 4 4 2 2 4 0 1 3 1 4 0 0 0 1 2 2 1 4 4 2 1 0 2 2 1 0 3
   2 2 4 2 4 3 0 1 2 0 0 1 2 3 1 0 0 4 3 4 0 4 0 3 1 0 3 0 1 1 3 2 4 2 4
   3 1 1 4 0 3 3 2 4 4 1 0 3 0 2 0 2 0 3 1 3 3 1 1 3 1 2 4 2 1 1 4 4 2 1
   0 2 2 2 1 2 0 4 1 3 3 0 4 2 0 4]
  [0 2 3 3 2 2 4 1 2 1 1 3 0 0 2 0 3 3 2 3 0 0 3 0 2 3 4 3 3 4 4 3 1 3 4
   2 2 4 2 2 1 0 0 0 4 4 3 0 3 0 3 4 2 0 4 2 0 1 1 0 1 0 2 0 1 3 2 0 1 0
   4 1 2 1 1 3 1 4 3 4 2 3 4 3 2 2 4 1 0 3 0 3 0 2 3 2 3 2 1 4 1 4 2 2 3
   3 3 2 1 1 4 0 2 1 4 3 3 0 0 0 4]
  [0 1 1 2 0 3 1 4 3 3 4 1 0 4 1 1 0 3 1 1 4 0 4 1 2 1 1 2 3 3 3 0 1 4 2
   3 0 0 2 2 3 4 2 4 2 4 2 4 1 4 3 1 4 4 4 1 2 2 1 0 4 4 1 3 2 0 1 3 4 1
   0 4 3 0 0 2 2 2 4 0 0 3 2 3 2 4 2 2 0 2 0 3 0 4 0 3 0 0 4 4 1 3 1 0 2
   2 3 3 2 2 2 4 2 3 4 1 1 3 0 3 2]
  [0 1 3 3 3 2 4 0 2 1 3 0 4 3 2 4 4 3 3 3 3 1 2 0 3 1 2 1 3 2 1 2 0 4 2
   3 1 1 1 0 0 3 4 1 0 4 1 2 3 3 3 1 1 0 1 1 0 1 2 1 0 0 3 2 2 3 1 1 1 3
   0 4 0 2 4 2 2 2 2 3 3 1 4 4 1 3 4 0 2 4 4 1 1 2 1 3 2 0 1 1 3 0 0 1 4
   2 3 2 4 3 3 3 2 0 1 3 1 4 3 0 1]
  [0 1 1 4 0 3 2 2 1 0 2 2 0 2 4 1 1 2 1 0 1 2 2 0 1 4 3 0 0 1 0 2 0 4 2
   0 0 1 3 3 4 0 3 4 1 2 0 4 3 4 2 0 3 2 4 4 2 3 2 4 4 1 4 4 2 0 1 1 4 0
   3 4 1 0 0 3 1 1 4 2 0 0 4 4 1 1 3 0 4 0 1 0 0 2 2 4 3 2 3 4 4 3 1 3 4
   0 2 3 2 1 3 1 3 2 4 3 3 3 3 0 0]]

 [[0 2 4 1 4 4 1 3 3 2 4 3 3 4 3 1 2 0 4 1 0 2 0 4 3 0 2 0 4 4 3 3 3 4 1
   2 0 2 4 4 3 1 3 1 0 1 4 2 3 4 3 0 4 4 0 0 2 0 2 3 3 4 1 0 2 0 2 4 1 1
   2 1 2 1 0 3 1 4 1 0 2 1 3 2 0 2 4 0 1 2 3 4 0 4 4 2 4 1 1 0 2 4 1 0 4
   0 1 0 3 0 3 1 3 2 1 4 4 1 4 4 1]
  [0 0 4 4 0 0 0 1 4 0 2 4 3 4 1 0 0 4 2 1 1 4 3 1 2 4 3 3 4 3 3 4 0 0 1
   2 2 4 4 4 3 3 1 0 0 3 3 0 1 3 2 0 4 4 3 1 1 1 3 3 3 2 3 2 0 4 2 2 2 1
   4 3 3 3 4 4 4 1 3 2 4 0 4 4 0 2 2 4 2 4 3 2 2 0 1 3 2 4 3 2 0 3 0 1 0
   1 2 2 0 4 1 4 1 3 4 1 1 2 1 4 0]
  [0 2 0 3 3 1 4 0 4 2 4 3 2 0 0 3 0 1 3 0 2 2 3 0 0 3 3 4 1 1 4 2 3 4 4
   0 1 4 4 3 0 2 4 4 3 2 2 3 4 3 2 4 4 0 3 4 1 2 3 3 0 0 2 0 3 3 3 4 2 1
   4 1 4 3 3 3 1 4 1 0 2 4 3 1 3 1 3 0 3 4 2 2 2 2 4 4 1 3 1 4 1 0 1 4 2
   3 2 4 0 2 0 2 4 4 1 4 2 0 4 4 3]
  [0 3 1 0 3 3 0 1 2 2 1 3 2 4 2 2 1 2 0 2 2 2 1 1 3 0 1 2 2 2 3 0 1 1 2
   3 0 0 2 4 3 4 1 2 0 4 3 4 0 0 2 4 2 4 3 3 4 4 1 4 1 4 3 0 2 3 2 2 2 2
   1 0 4 0 0 4 1 3 3 1 4 4 4 4 1 2 1 3 2 4 3 1 0 1 1 0 4 3 4 3 0 4 3 0 4
   3 0 1 1 1 2 1 1 0 2 2 2 0 1 4 2]
  [0 0 4 2 0 2 2 3 4 0 0 0 3 0 0 4 2 2 1 4 1 3 2 3 4 3 1 4 0 2 2 0 3 2 2
   1 0 2 4 4 3 3 2 0 1 1 2 3 3 1 2 4 3 3 2 2 0 1 0 1 2 2 3 4 4 3 1 2 3 3
   0 3 3 1 0 3 2 4 3 2 0 4 2 1 4 4 2 0 4 4 3 3 0 3 2 4 0 3 3 2 3 2 4 2 3
   3 1 4 1 3 3 2 4 0 2 4 3 2 2 3 2]
  [0 2 1 4 3 0 2 2 0 1 0 3 0 0 0 2 4 4 3 2 2 1 4 2 0 2 2 3 4 2 4 0 0 0 2
   1 2 2 4 1 4 0 1 4 1 0 3 1 1 2 2 3 3 0 1 1 2 4 3 3 1 2 2 1 0 3 2 4 1 3
   4 2 0 2 1 4 2 3 0 0 3 3 1 1 0 0 2 3 1 0 3 1 1 1 2 4 3 0 0 4 2 0 0 0 2
   3 0 3 0 0 0 1 0 3 0 2 4 3 1 2 4]
  [0 3 4 2 3 1 0 4 0 4 0 4 2 1 3 3 0 0 2 2 0 4 4 0 4 0 2 0 3 2 4 4 3 0 4
   4 4 2 2 1 3 4 4 2 3 2 4 0 1 1 3 4 4 0 2 0 2 2 1 1 2 3 2 1 3 1 4 3 2 3
   2 2 4 4 3 3 3 3 4 2 4 4 1 4 0 1 3 3 2 1 2 0 0 0 4 2 4 2 0 2 0 3 4 2 1
   3 4 1 1 1 4 3 1 0 1 1 4 2 2 4 0]
  [0 0 3 3 2 4 1 0 0 3 3 4 1 2 1 0 4 4 4 1 1 1 4 0 1 3 4 1 1 4 2 1 3 3 3
   3 4 1 4 1 3 0 4 4 1 1 1 0 4 4 0 4 1 4 1 1 2 2 0 0 4 3 2 1 4 0 1 0 4 0
   1 3 2 0 4 3 4 1 4 1 4 4 0 0 4 2 4 3 2 2 3 2 2 3 0 4 0 3 3 2 2 3 0 0 4
   3 1 3 3 4 1 4 2 4 2 3 4 3 4 4 4]
  [0 2 1 1 0 4 4 3 0 1 1 2 0 2 4 3 0 2 1 1 2 1 3 4 3 0 0 4 0 4 3 3 4 0 2
   2 0 1 4 4 3 0 0 4 4 0 2 0 3 4 1 2 4 3 4 2 2 1 3 0 1 0 1 0 2 4 4 3 4 1
   2 4 4 0 1 4 4 0 0 3 1 3 2 1 2 2 0 3 2 2 4 4 1 1 2 4 4 2 4 4 1 1 0 4 2
   2 2 0 4 2 1 1 0 1 4 0 2 1 0 0 1]
  [0 0 2 0 0 3 0 0 3 0 1 1 3 0 3 2 3 1 4 1 3 4 0 2 4 4 2 3 0 1 0 1 4 3 2
   2 4 1 4 2 1 1 0 3 0 1 1 1 3 3 2 4 4 0 2 1 3 1 1 4 2 1 0 3 0 3 3 4 1 3
   2 4 2 1 2 0 2 3 1 2 1 2 1 1 2 3 0 2 3 3 0 3 3 1 0 3 0 1 3 0 2 0 3 0 4
   0 0 3 0 2 1 0 4 0 3 3 0 2 1 0 0]
  [0 0 2 0 2 4 1 3 3 1 0 4 1 4 4 3 4 1 1 0 4 1 1 1 3 4 0 2 4 0 0 1 1 0 3
   2 3 1 1 2 1 1 1 4 4 4 1 4 2 4 1 1 3 0 3 1 3 1 2 0 1 4 4 2 1 2 0 1 2 1
   4 0 3 2 4 0 0 1 0 2 0 1 4 3 2 1 2 3 2 4 2 2 3 4 1 4 1 3 2 4 0 2 2 3 3
   3 0 4 1 0 0 4 1 0 0 2 3 3 4 0 2]
  [0 3 4 4 4 3 4 3 4 1 0 0 0 4 4 3 2 4 0 4 1 3 4 2 4 4 4 1 1 0 0 0 2 1 4
   2 4 3 4 1 0 3 4 2 3 2 0 0 1 0 4 3 3 3 3 2 3 0 2 2 3 4 3 0 2 4 2 1 3 3
   3 4 0 1 1 2 4 4 3 3 4 2 4 1 4 3 4 0 3 1 3 2 2 0 4 0 2 0 0 0 1 3 2 3 2
   0 1 1 4 2 3 3 0 4 4 1 0 2 4 0 3]
  [0 2 1 0 2 0 4 0 3 0 3 1 0 2 1 4 0 3 1 2 4 4 2 3 0 3 0 2 2 3 4 2 2 2 4
   0 4 3 3 3 4 2 1 0 0 4 2 0 0 3 1 2 0 4 4 2 2 2 1 4 0 4 3 1 4 3 1 4 3 4
   0 3 0 3 1 1 3 1 3 2 1 3 1 1 4 2 4 0 0 0 4 2 0 3 2 0 4 3 4 4 4 1 1 2 3
   1 2 1 0 3 2 1 1 0 2 2 2 0 1 0 3]
  [0 1 3 1 1 1 0 4 1 3 0 2 0 0 4 0 1 4 3 4 3 4 2 3 1 4 1 1 3 2 1 2 3 3 2
   4 1 0 4 4 3 1 0 2 4 0 2 4 4 2 3 2 3 0 1 4 2 1 2 2 3 2 4 4 2 1 1 0 0 3
   2 4 1 2 3 2 1 0 4 4 1 3 4 3 1 3 3 4 3 4 0 1 4 2 4 3 0 2 2 4 0 1 3 4 1
   4 1 0 2 3 3 1 4 4 4 3 1 3 1 1 2]
  [0 0 1 4 3 0 1 4 4 1 3 0 0 0 0 3 0 4 2 2 3 1 4 3 3 0 2 2 2 4 2 2 3 0 4
   0 0 1 4 1 0 2 3 4 0 4 3 0 2 3 4 1 3 0 1 0 1 4 4 0 0 4 1 3 3 1 3 2 0 2
   3 2 3 1 1 0 1 1 1 2 2 4 2 1 2 2 2 0 1 2 0 2 4 4 0 4 0 1 0 3 4 1 4 2 0
   3 4 2 1 2 4 3 1 2 2 3 1 3 3 0 4]
  [0 4 1 0 2 1 1 4 2 3 3 3 1 0 4 0 4 2 1 1 2 0 0 4 2 1 4 0 0 2 2 2 4 4 4
   2 2 4 1 3 2 1 3 3 2 4 4 0 4 4 3 0 1 1 2 2 1 1 4 4 2 1 1 0 0 1 0 0 2 3
   0 3 0 1 3 2 1 1 0 1 4 4 2 0 1 1 3 3 3 1 1 0 3 4 0 1 1 2 3 2 2 1 2 3 2
   3 4 3 3 4 2 2 3 0 0 1 3 1 4 1 0]
  [0 1 1 0 1 0 4 1 4 4 2 3 2 1 1 2 0 1 0 2 3 4 0 1 3 0 3 4 4 0 4 2 4 3 2
   1 3 3 4 4 3 3 3 0 0 4 2 0 2 3 0 3 3 1 2 4 0 3 1 3 2 3 2 4 4 1 0 4 3 4
   0 4 3 1 2 1 0 1 4 3 4 1 4 3 4 1 1 4 4 3 0 3 2 3 2 2 0 0 3 4 1 4 0 4 0
   4 4 0 0 2 2 3 1 1 1 4 3 2 2 2 1]
  [0 4 4 3 3 0 2 0 0 3 0 1 2 3 0 1 3 0 3 1 4 0 2 0 4 4 3 0 0 4 1 2 1 2 1
   4 1 0 4 3 3 0 2 1 0 2 0 2 3 4 0 1 1 0 1 0 1 0 0 4 0 1 0 1 2 0 3 4 2 1
   3 2 4 0 3 4 4 2 0 3 4 0 4 2 2 4 2 2 0 0 1 1 4 3 0 2 3 1 0 2 3 3 4 4 1
   1 0 0 4 3 1 2 4 0 3 0 1 4 4 2 0]
  [0 2 0 4 4 2 0 3 0 4 1 2 3 2 1 1 0 2 0 4 4 4 2 3 0 0 2 4 3 1 1 4 0 0 3
   0 4 4 2 0 2 4 2 2 3 4 4 2 1 3 4 4 0 4 4 3 3 1 4 0 3 0 4 1 0 0 0 0 1 1
   4 2 3 3 2 3 4 1 3 2 0 0 2 0 0 4 3 2 0 4 0 3 0 0 3 0 0 2 4 4 3 3 0 2 1
   0 0 2 3 3 4 2 4 0 4 4 2 3 0 3 1]
  [0 4 2 0 4 4 0 2 2 2 2 3 0 4 1 0 2 3 1 0 0 4 4 1 1 4 1 0 4 4 4 3 2 4 2
   0 2 2 0 3 2 1 0 3 2 3 2 1 3 0 2 2 0 2 2 1 2 3 3 1 0 1 3 3 1 0 2 4 4 3
   0 1 4 4 3 0 4 0 2 2 4 1 1 4 2 3 4 4 0 1 2 4 0 2 0 1 4 1 3 3 4 2 4 4 0
   3 2 1 3 0 0 0 3 3 1 0 0 2 0 3 3]
  [0 2 0 2 4 3 2 3 1 2 2 1 0 1 0 3 3 0 2 1 0 4 1 1 2 3 4 3 2 1 0 2 4 2 0
   0 1 0 1 2 3 0 4 0 3 3 4 4 1 3 1 2 3 0 4 3 3 1 4 4 1 0 3 4 2 0 4 3 4 4
   4 4 2 2 0 2 0 3 4 0 4 0 1 1 4 2 1 3 1 1 4 1 3 1 1 2 0 4 2 1 3 0 2 1 4
   3 3 3 4 4 3 0 3 3 1 0 3 0 1 0 2]
  [0 3 2 2 2 3 0 3 3 1 2 4 4 0 1 3 4 2 2 2 0 0 4 1 3 0 0 4 3 2 4 2 2 1 4
   1 4 2 3 4 2 1 3 2 3 3 1 1 1 1 1 2 4 1 1 3 1 4 2 4 4 0 0 4 0 1 0 3 2 0
   2 3 0 1 4 0 4 4 2 4 2 1 3 0 3 1 0 1 3 2 4 2 4 2 2 4 3 0 1 1 3 3 3 3 4
   2 1 1 2 0 3 4 3 0 3 1 3 4 3 2 4]
  [0 3 0 1 3 2 3 3 3 1 1 4 3 4 1 2 4 1 1 3 4 1 0 2 3 4 1 0 1 3 2 2 2 0 3
   1 2 0 3 4 2 4 2 4 0 0 2 0 4 2 4 2 0 3 2 1 0 2 1 4 2 0 2 4 2 4 3 0 3 0
   4 3 1 2 0 0 2 0 4 3 1 0 2 3 0 3 1 2 1 0 1 4 0 1 0 3 3 3 2 4 2 3 4 1 2
   4 2 0 1 1 0 0 0 0 3 1 4 1 3 2 1]
  [0 2 4 4 3 0 0 3 0 4 0 4 4 4 0 1 2 1 2 1 0 4 0 0 0 1 3 0 2 3 1 0 2 3 2
   0 1 4 1 0 0 3 4 0 4 2 3 4 2 4 0 1 3 0 2 4 1 4 0 0 4 1 0 1 4 1 2 0 1 1
   2 3 4 2 0 0 4 0 1 3 1 1 2 4 2 2 1 4 2 3 3 0 2 2 0 0 1 1 1 4 3 3 2 1 3
   3 4 4 4 3 1 2 2 1 0 0 1 1 2 0 3]
  [0 4 0 0 4 0 3 3 2 4 0 2 2 0 4 4 3 1 3 2 2 3 0 2 0 4 4 4 0 3 4 4 3 4 0
   2 3 2 4 4 1 4 0 0 3 0 3 1 2 4 4 3 3 0 0 1 4 0 0 3 0 0 1 1 1 0 3 4 1 4
   4 1 0 1 0 4 0 1 0 3 3 4 1 1 1 4 3 1 3 3 0 4 3 4 4 1 2 0 4 4 0 2 3 4 3
   4 0 2 0 3 0 2 3 2 0 2 1 0 0 4 0]
  [0 3 3 4 2 1 2 4 3 4 2 1 2 2 4 0 0 4 0 1 3 4 1 2 1 0 2 4 1 4 3 0 0 1 0
   4 4 0 1 0 2 3 3 1 2 2 4 3 4 2 4 2 4 3 4 2 4 1 1 3 4 0 1 0 4 4 4 0 0 1
   1 4 2 4 3 0 0 0 4 1 0 0 3 1 0 3 0 0 4 2 4 4 2 3 0 2 3 3 4 2 0 2 3 0 4
   2 1 4 1 3 1 1 3 2 0 4 1 3 2 2 0]
  [0 4 2 3 3 1 4 0 2 4 1 1 0 1 3 1 0 1 3 1 4 2 1 0 2 0 0 0 3 3 0 2 4 0 0
   4 0 2 1 0 0 4 0 0 1 0 4 3 1 2 4 3 2 0 3 0 3 3 0 2 4 3 4 3 1 4 0 1 3 4
   4 1 2 0 3 0 3 0 3 3 0 4 4 1 2 4 2 2 1 0 4 4 2 3 1 3 1 0 4 2 4 3 4 2 3
   0 3 3 4 4 0 4 0 4 4 4 1 1 4 4 2]
  [0 1 0 4 3 4 3 0 2 2 3 2 3 1 0 3 0 4 4 0 4 4 3 3 0 0 3 0 4 4 2 0 3 4 3
   4 3 3 4 0 2 1 3 4 0 2 2 3 0 2 0 2 0 3 0 0 2 2 3 0 0 1 4 3 4 0 4 2 0 1
   1 4 3 2 0 3 4 2 0 2 0 4 4 1 2 1 2 2 3 4 3 1 0 1 3 4 3 2 4 1 2 4 4 4 4
   0 3 3 1 3 3 4 2 1 3 3 2 2 0 1 0]
  [0 2 0 1 2 3 2 3 4 2 3 1 4 1 4 1 2 0 4 0 0 2 0 1 4 2 0 2 0 1 0 3 3 2 0
   4 1 4 4 0 0 0 0 4 3 1 1 1 4 0 3 4 4 0 0 1 0 4 2 2 2 3 2 4 2 3 1 3 4 1
   0 4 4 3 2 4 0 0 2 1 2 2 2 3 0 4 4 2 4 1 1 4 1 0 0 1 3 2 0 2 2 1 1 4 0
   0 3 4 4 0 0 2 2 0 4 2 3 1 3 3 1]
  [0 3 3 0 3 0 0 4 0 3 1 0 3 1 1 1 2 0 4 2 3 4 0 0 3 1 2 3 0 0 4 0 3 3 1
   0 2 2 3 0 1 1 1 3 4 4 2 4 4 1 1 3 1 1 4 0 0 2 3 3 3 1 0 2 0 2 0 3 3 1
   3 0 2 0 0 3 3 2 1 2 0 2 3 1 2 4 1 2 4 1 0 1 2 0 3 1 0 1 3 1 0 3 0 1 0
   4 1 0 1 0 0 4 4 2 1 0 1 1 2 0 4]
  [0 2 1 3 4 3 0 2 1 0 0 0 0 3 0 1 0 0 0 4 0 4 1 3 2 0 2 3 4 4 0 2 4 2 3
   3 0 3 4 0 1 1 2 2 1 3 2 3 3 2 3 2 3 1 0 0 3 1 0 4 3 1 0 0 2 1 0 0 0 0
   0 0 3 3 1 3 0 3 0 2 2 2 3 1 2 2 1 4 2 0 1 1 0 3 2 2 2 0 4 2 1 1 0 4 3
   2 3 3 2 2 1 4 1 0 3 3 4 4 0 4 3]
  [0 2 1 4 4 2 1 3 3 1 2 3 0 0 3 4 2 4 4 2 1 3 3 2 2 0 0 3 3 1 0 0 3 3 4
   3 2 3 2 4 3 1 2 0 2 0 1 4 2 1 4 3 0 1 2 1 3 1 4 3 4 1 4 1 2 4 1 3 0 4
   1 2 0 2 0 1 0 4 3 0 1 2 4 4 3 1 4 1 0 1 1 4 4 4 4 1 4 4 2 2 2 2 2 1 1
   2 0 1 1 3 4 2 3 3 3 4 4 1 2 4 3]
  [0 0 2 4 1 4 2 4 2 1 1 4 0 4 4 1 1 0 1 3 0 1 1 2 2 4 0 0 0 2 3 4 0 3 0
   4 0 1 2 2 0 1 3 3 0 1 2 1 1 3 3 1 3 3 0 0 1 0 2 0 4 1 4 3 2 4 1 2 4 1
   1 2 1 0 1 1 1 4 0 0 4 1 3 0 1 3 2 4 1 3 4 2 0 4 2 4 2 4 1 4 2 1 3 2 3
   4 0 0 3 2 3 4 1 4 0 4 0 3 0 2 3]
  [0 2 1 1 0 1 4 4 3 3 1 4 4 2 4 4 0 3 2 2 4 2 3 3 0 4 0 4 1 2 3 3 2 0 1
   2 1 4 3 4 2 2 1 2 4 0 1 1 1 4 4 1 3 0 0 2 1 4 2 1 4 1 4 2 3 4 1 4 4 4
   0 1 2 1 0 1 3 3 2 2 4 0 2 0 1 2 4 1 2 3 2 2 2 2 0 4 3 1 4 2 3 0 0 3 3
   4 2 2 1 3 1 4 3 3 3 0 3 4 3 3 0]
  [0 1 1 3 3 0 1 1 0 0 4 4 2 0 4 4 2 2 3 2 0 0 3 0 2 3 2 0 1 3 1 4 1 2 0
   1 4 2 2 4 4 0 3 1 1 0 4 3 2 2 0 0 3 1 2 0 1 2 4 3 1 1 2 3 4 1 3 3 3 0
   2 1 2 4 4 1 2 0 3 3 4 3 0 4 3 3 4 2 2 3 0 0 1 2 0 1 4 0 3 4 4 3 3 3 0
   2 1 0 1 3 4 1 0 0 4 4 3 4 1 0 0]
  [0 2 1 0 3 1 0 1 0 2 2 1 2 2 1 4 0 0 1 2 1 1 2 3 0 0 3 2 0 3 2 4 3 4 0
   0 0 1 2 2 4 2 3 3 2 1 2 0 0 2 2 3 3 0 3 4 1 1 4 0 4 2 1 0 2 3 3 1 0 4
   2 4 4 0 3 1 3 2 3 4 4 0 0 4 1 2 2 4 3 1 0 4 3 0 2 4 0 4 2 0 3 4 3 4 4
   2 3 2 0 2 2 1 2 2 2 3 3 1 1 2 4]
  [0 0 1 3 2 1 0 2 0 4 0 2 1 2 1 3 1 0 3 1 1 1 3 2 3 4 1 0 1 2 1 1 3 1 0
   1 0 0 0 4 0 0 4 3 0 4 3 4 4 4 3 3 2 0 2 3 2 0 1 3 0 1 1 4 3 1 0 2 0 0
   3 3 2 3 1 4 0 3 3 2 3 3 3 1 1 1 3 4 4 0 1 1 1 3 2 0 4 0 1 3 3 2 4 1 0
   2 2 4 3 3 3 2 0 0 3 1 0 2 1 2 3]
  [0 2 1 2 4 0 1 4 2 4 3 0 1 1 1 1 4 2 1 0 4 1 0 0 1 4 4 4 2 1 3 1 1 1 1
   3 2 0 0 2 3 4 4 4 1 2 0 4 4 1 2 0 3 1 0 4 1 2 1 3 3 3 2 2 0 4 1 3 0 2
   4 2 3 3 2 4 3 2 0 3 3 2 4 2 2 0 1 3 3 3 0 3 0 3 3 3 3 0 0 1 3 0 0 2 2
   1 4 4 2 1 3 1 0 2 4 1 1 0 3 3 0]
  [0 4 1 4 2 3 1 0 4 2 0 4 3 4 1 3 2 4 0 2 3 0 0 4 1 2 4 2 4 3 4 1 2 1 2
   3 0 2 0 3 0 2 1 3 3 3 3 2 1 1 2 3 4 0 4 4 0 4 2 2 0 0 2 4 1 1 2 4 4 3
   4 0 4 0 1 1 1 1 3 2 2 4 4 1 0 3 1 4 4 0 1 4 3 0 4 2 2 0 0 0 1 2 2 1 0
   2 2 0 3 2 4 0 2 4 2 0 4 2 3 0 1]
  [0 1 1 1 2 1 1 0 4 3 3 3 0 0 0 4 0 4 3 2 4 1 2 4 4 4 0 1 4 2 0 2 3 3 3
   2 1 4 1 0 1 1 0 1 0 4 1 4 0 4 0 3 1 4 3 3 4 2 0 2 0 0 0 3 3 4 3 4 3 4
   4 3 3 0 1 3 4 4 4 1 2 0 4 1 0 3 1 1 3 4 4 2 2 4 3 3 2 3 1 4 2 2 1 1 4
   4 1 2 0 0 4 1 4 4 0 3 0 4 4 0 2]
  [0 3 3 4 4 1 0 4 0 3 2 4 3 2 0 3 0 0 3 2 2 2 1 4 3 4 4 0 0 1 1 4 2 4 0
   1 0 1 4 1 0 4 4 3 3 4 3 2 2 3 0 3 3 1 0 1 3 1 1 4 0 4 2 0 2 0 2 0 2 2
   2 1 1 3 4 1 2 0 3 0 4 2 2 2 3 1 4 2 3 0 3 4 2 0 3 0 1 0 1 0 1 3 0 2 2
   2 3 4 4 3 2 4 1 3 1 0 3 3 2 4 4]
  [0 3 0 2 4 3 4 2 2 2 1 2 4 1 0 4 1 0 1 2 4 4 4 1 4 3 3 0 2 0 3 1 4 4 3
   4 4 1 2 0 3 0 3 1 4 4 4 0 2 4 4 3 2 2 2 1 2 1 1 1 1 4 3 4 4 2 0 4 3 2
   3 3 2 0 0 2 4 1 1 4 3 1 4 3 2 3 2 3 0 1 3 2 4 3 4 2 2 0 2 1 4 3 0 2 2
   3 0 4 3 0 2 0 4 0 3 4 4 1 1 1 3]
  [0 3 4 1 4 1 0 1 3 2 3 1 4 4 2 0 3 2 3 0 4 3 4 4 2 3 0 1 2 0 1 2 2 1 2
   0 0 3 0 0 4 1 0 0 2 3 2 3 1 4 1 4 3 2 3 2 3 1 4 0 1 4 3 0 2 1 1 1 4 2
   2 2 0 0 3 2 4 1 3 1 4 0 0 0 4 2 3 2 1 1 3 0 4 4 4 1 1 1 4 1 0 1 4 1 4
   3 4 0 0 1 1 1 2 1 2 1 3 2 1 1 4]
  [0 0 2 2 0 2 0 4 2 0 0 0 4 3 3 0 1 0 1 4 0 4 1 3 4 4 3 4 0 3 0 3 1 0 1
   3 4 0 2 1 3 1 4 0 4 4 3 3 3 4 0 0 3 3 3 3 2 2 0 2 1 2 0 3 1 4 4 0 2 2
   4 2 2 0 4 1 2 0 1 4 2 3 4 3 0 1 0 2 4 3 0 4 1 3 0 0 0 0 0 1 1 4 3 0 2
   2 2 0 0 3 0 3 2 4 1 0 2 1 0 0 4]
  [0 2 4 3 1 3 1 1 4 0 2 3 1 2 0 4 1 0 2 0 1 0 1 2 1 2 3 0 3 3 4 4 1 3 1
   3 0 1 3 1 4 4 3 0 0 2 2 4 3 4 0 0 2 0 3 0 1 3 2 4 4 1 4 4 0 1 2 2 4 4
   1 1 3 0 3 1 4 2 3 1 0 0 2 0 2 1 2 1 1 0 1 2 4 4 0 0 4 0 0 0 2 4 3 1 3
   0 1 0 3 0 0 4 2 3 1 2 0 2 2 1 1]
  [0 1 0 0 1 3 4 0 3 0 4 1 1 3 2 1 2 1 3 0 4 3 2 2 2 3 4 1 1 4 0 3 4 2 2
   1 0 0 3 1 2 4 2 2 0 0 1 1 3 4 2 3 4 3 1 3 4 2 3 0 0 4 3 3 3 0 1 3 3 3
   3 2 1 4 2 1 4 1 1 2 4 0 3 1 0 3 0 0 1 0 2 1 1 1 0 3 0 2 1 2 4 3 4 4 4
   4 0 4 3 0 1 0 4 1 1 0 3 2 0 3 4]
  [0 4 2 2 2 0 4 2 3 4 4 1 4 3 0 2 3 4 2 3 3 0 3 1 4 3 2 3 4 3 1 4 4 4 0
   3 2 0 3 1 4 2 3 2 0 0 0 2 4 1 0 0 1 2 3 3 2 3 3 2 4 0 4 2 0 2 0 0 4 1
   1 2 2 4 4 1 3 3 0 1 3 0 4 1 1 2 1 2 4 0 3 1 2 1 4 2 1 2 3 2 2 0 3 4 1
   3 4 4 4 2 0 2 4 3 1 4 0 4 2 0 0]
  [0 2 0 4 0 1 4 0 2 4 3 1 0 2 1 3 0 2 3 3 1 1 4 1 0 4 1 4 3 3 4 1 2 1 4
   4 1 3 2 2 0 1 2 4 0 1 0 0 2 0 0 3 4 0 4 1 0 2 1 4 1 1 1 3 3 2 4 0 0 3
   1 3 4 1 1 3 4 3 2 2 4 2 2 2 4 0 0 1 2 1 1 1 0 1 4 4 0 1 1 2 1 3 0 4 4
   1 1 3 2 1 2 0 0 4 2 3 4 4 1 0 0]
  [0 0 2 4 2 0 0 4 0 0 3 2 0 1 3 2 1 3 1 4 4 4 1 3 4 3 4 1 3 3 1 3 3 0 3
   1 1 4 1 2 3 4 4 0 0 2 0 4 0 3 3 2 0 3 2 1 1 1 0 1 4 3 3 4 1 2 2 0 3 0
   0 4 1 1 4 4 0 3 2 0 0 0 1 1 3 0 0 0 0 0 0 2 0 3 3 4 4 1 3 0 4 1 0 0 2
   2 1 2 0 2 3 4 1 1 4 4 4 1 0 2 0]
  [0 4 4 0 3 0 3 1 2 4 4 0 1 1 1 3 1 2 0 0 0 3 3 3 4 4 2 2 0 0 4 4 2 3 1
   4 1 0 3 2 1 0 0 3 1 3 0 4 4 0 4 2 4 2 0 3 1 0 2 1 3 4 0 3 0 3 0 1 3 4
   2 4 2 2 0 3 3 3 0 0 3 4 3 0 0 3 2 1 4 3 2 0 4 3 0 2 0 2 0 4 1 2 1 4 3
   2 0 2 1 2 2 2 2 3 0 2 1 2 1 1 3]
  [0 4 3 1 1 1 1 4 0 1 1 3 1 0 3 2 2 2 3 3 2 3 3 1 2 2 3 2 0 3 0 3 0 0 4
   3 1 3 4 1 1 1 3 0 1 1 1 2 1 4 0 2 2 0 3 0 1 4 0 3 3 1 3 0 0 4 3 3 3 4
   4 0 3 1 1 4 0 3 0 1 4 2 4 2 2 2 1 4 2 1 3 4 4 2 1 3 4 0 0 4 3 0 2 0 1
   4 1 1 1 0 1 0 1 4 1 2 3 4 3 2 1]
  [0 3 3 3 4 3 1 1 0 3 0 3 0 1 1 0 4 2 3 2 2 2 0 0 4 1 2 2 2 4 3 4 3 2 1
   0 1 3 1 3 4 0 3 3 2 0 4 3 3 2 0 0 2 4 1 1 3 2 4 0 2 1 2 4 2 1 4 2 3 2
   2 2 0 3 2 2 0 1 0 2 0 0 2 4 4 0 3 2 1 3 2 4 1 0 2 3 2 0 3 4 2 2 1 2 0
   2 1 3 4 2 1 2 2 1 2 2 1 1 4 0 1]
  [0 3 1 1 0 3 3 3 2 2 3 1 1 1 2 3 2 4 0 1 3 4 1 3 3 2 1 3 0 2 1 2 4 4 3
   4 2 1 2 3 2 1 2 1 3 1 1 2 0 2 3 4 0 3 4 3 3 3 4 4 2 2 4 3 3 0 3 3 3 0
   4 0 4 3 2 0 0 2 3 0 0 3 1 1 1 4 1 3 4 4 2 4 4 2 3 2 4 3 4 0 3 1 3 2 0
   3 2 2 3 1 2 2 1 2 4 1 2 2 0 1 1]
  [0 4 3 1 0 2 1 1 3 0 3 2 3 1 4 1 0 4 3 1 4 3 0 4 3 0 1 4 2 3 4 0 4 3 4
   1 0 2 3 1 4 4 0 3 4 2 2 3 0 1 2 2 0 0 0 1 4 0 0 2 1 2 2 2 4 0 4 4 3 3
   4 4 0 3 2 0 3 1 0 2 3 1 4 4 0 3 3 2 1 4 4 3 3 4 4 1 3 1 4 2 0 4 2 3 0
   4 4 1 0 4 2 0 4 4 4 4 2 2 1 1 3]
  [0 2 1 4 3 4 1 0 4 1 4 2 0 2 3 2 4 1 0 4 2 0 4 4 0 0 0 2 1 1 4 3 4 1 0
   1 0 2 3 2 1 4 4 3 4 2 4 0 3 4 2 0 2 0 0 0 0 1 0 1 4 0 3 1 2 4 1 0 3 0
   2 4 3 0 4 1 1 0 0 4 1 0 3 4 2 4 2 4 4 2 3 4 1 1 4 3 3 3 2 1 1 4 0 3 3
   4 4 1 0 1 3 2 3 3 2 3 1 0 2 1 0]
  [0 3 4 3 3 2 4 0 2 4 1 3 0 3 1 4 1 3 3 3 0 0 3 4 1 0 0 0 3 2 3 2 2 0 2
   1 2 2 1 1 2 3 0 3 1 2 2 3 1 0 2 4 0 4 1 0 1 1 4 0 2 0 2 0 2 0 2 3 0 2
   4 2 4 0 2 2 0 4 0 4 0 4 2 3 4 3 2 3 1 1 1 4 1 2 4 3 4 1 1 3 4 3 2 0 3
   2 3 4 1 4 4 3 0 0 2 2 1 4 0 2 2]
  [0 4 3 2 0 3 1 0 2 0 2 2 2 3 1 4 0 4 4 0 4 0 3 4 4 1 0 3 3 2 1 3 4 2 3
   0 0 0 4 3 1 4 3 1 1 4 2 3 3 1 0 4 4 1 2 1 0 1 4 0 4 2 0 3 2 3 1 2 0 2
   0 0 0 4 0 2 3 4 1 1 1 2 4 1 2 1 1 0 0 0 4 0 1 1 3 0 0 0 3 1 4 0 4 3 2
   4 3 4 2 1 4 4 3 1 3 2 3 0 1 3 1]
  [0 1 3 0 2 2 3 4 4 3 3 1 3 4 4 3 2 0 2 2 4 4 2 3 0 0 3 0 3 3 4 1 0 2 3
   0 0 2 3 1 2 0 1 1 0 4 1 4 1 4 1 1 2 4 0 2 2 0 1 2 1 2 3 0 1 2 0 0 3 1
   2 3 2 0 4 1 4 3 3 3 3 0 3 2 2 0 2 0 1 2 3 2 3 4 4 0 1 3 1 1 2 3 2 2 1
   3 4 3 2 1 0 1 0 0 4 2 0 2 0 0 1]
  [0 0 1 0 1 4 2 4 0 1 3 4 2 2 0 4 4 1 3 4 1 3 3 1 3 0 1 2 2 4 2 0 1 2 0
   2 0 4 3 4 0 4 0 1 3 1 0 4 2 0 1 0 3 3 1 3 0 4 0 1 3 1 0 0 0 2 0 2 0 2
   3 0 4 0 1 3 3 2 4 4 0 4 2 0 2 2 0 4 0 4 3 4 0 0 3 0 2 2 2 3 1 2 0 1 3
   1 1 2 2 0 1 0 1 4 1 4 3 1 1 3 4]
  [0 1 1 4 0 2 1 2 3 0 3 0 3 3 2 4 3 2 4 2 0 4 4 4 4 3 1 0 0 3 4 1 0 3 1
   2 3 1 2 0 1 4 0 4 3 2 4 4 0 0 4 0 2 0 1 2 2 1 0 0 4 2 1 2 0 0 4 2 1 0
   2 3 4 2 4 0 4 3 2 1 0 1 4 0 2 2 3 0 2 4 2 3 0 2 4 0 2 3 0 1 2 1 3 2 4
   3 2 0 4 2 2 2 1 2 4 0 3 1 4 1 4]
  [0 4 1 2 1 3 3 4 2 0 2 3 1 4 0 2 0 2 3 4 1 2 2 4 3 4 4 2 4 0 1 4 2 1 2
   0 3 3 3 0 1 1 4 3 0 1 3 3 3 2 2 3 3 1 1 0 3 0 4 3 0 0 0 4 2 3 2 3 0 4
   2 3 0 3 2 4 1 1 0 4 0 0 1 1 4 3 0 1 3 4 3 0 1 4 1 0 4 1 2 1 0 1 3 3 0
   4 0 4 2 4 4 1 1 2 1 4 4 0 3 1 2]
  [0 2 2 2 2 0 3 3 3 2 0 3 0 0 0 0 0 1 3 3 2 0 2 2 2 2 4 1 2 2 3 2 1 0 1
   1 1 3 2 4 0 0 3 0 4 3 2 4 0 3 0 3 1 3 1 2 1 3 4 2 2 0 1 4 3 0 0 1 2 3
   2 2 4 3 4 3 4 4 3 1 1 4 2 4 1 3 1 3 2 0 1 2 0 1 3 2 3 0 3 2 4 2 1 4 1
   3 1 0 4 4 4 3 1 4 3 1 4 3 0 1 1]
  [0 4 3 1 1 4 1 2 0 4 1 1 4 2 1 0 0 3 1 3 2 4 3 4 3 2 2 3 2 0 3 0 3 1 1
   1 3 0 3 2 0 0 1 2 3 1 1 2 1 1 4 1 1 1 4 1 0 1 1 2 2 1 0 2 3 4 2 1 0 4
   0 0 3 2 3 1 0 2 1 3 3 0 0 3 0 1 2 3 2 3 3 4 1 0 2 3 0 1 1 4 2 3 3 0 1
   2 4 0 2 1 3 0 4 3 3 2 4 1 4 1 0]
  [0 3 1 0 3 0 3 1 0 0 2 2 4 1 2 2 4 0 4 0 2 3 1 2 1 1 2 4 2 3 1 4 2 2 0
   4 0 0 4 4 3 2 3 2 1 4 0 3 2 1 0 1 3 4 4 1 0 2 4 1 4 0 1 0 1 0 0 3 3 0
   4 4 3 0 2 4 0 2 3 2 1 2 4 4 1 2 0 0 3 3 1 0 3 2 3 2 0 0 1 4 0 0 3 0 2
   2 0 0 3 0 3 0 3 0 4 1 2 2 3 1 0]
  [0 3 1 4 1 1 4 1 4 3 1 1 2 0 3 1 1 0 1 0 4 1 0 1 4 4 3 2 0 1 2 0 3 4 1
   4 0 3 2 0 2 0 0 4 2 2 0 3 0 0 4 4 1 1 4 3 4 0 2 2 0 0 3 3 0 4 3 3 2 4
   2 2 2 0 0 2 3 3 0 3 4 4 1 1 4 3 0 2 0 2 0 4 4 3 4 1 1 3 1 3 0 4 3 3 1
   0 0 3 3 4 4 4 1 1 1 0 4 1 4 0 2]
  [0 4 2 0 2 0 1 2 2 4 3 1 3 1 1 1 2 2 0 4 4 2 3 0 1 2 4 2 3 2 0 3 4 0 2
   1 1 0 2 3 2 0 3 1 4 4 4 4 0 3 4 4 4 4 3 2 4 4 4 2 4 4 1 2 3 0 3 4 3 0
   3 0 2 0 0 4 0 4 0 3 2 3 0 0 1 1 0 1 2 3 2 2 1 3 4 4 2 4 1 3 1 2 4 2 1
   1 1 4 3 1 0 1 4 4 3 0 3 2 3 1 4]
  [0 4 4 4 0 3 4 4 2 3 4 0 2 3 4 0 3 1 2 2 2 3 2 2 2 3 2 2 1 4 0 0 0 4 4
   0 3 4 2 1 4 3 4 3 2 2 2 2 2 0 1 4 2 1 0 2 4 0 1 1 3 3 4 4 3 0 0 0 0 0
   4 0 4 0 4 1 1 4 3 4 0 2 2 2 3 2 0 0 2 4 1 1 4 4 4 2 0 4 2 1 3 4 3 4 0
   1 2 2 2 2 0 2 4 3 1 2 1 1 1 3 3]
  [0 1 3 1 4 4 4 4 4 1 2 4 0 2 4 0 0 3 2 4 1 3 0 3 4 2 1 3 1 3 1 3 1 1 3
   2 4 1 4 0 1 0 4 2 2 0 3 0 1 0 0 4 3 0 0 2 4 4 3 0 2 4 1 1 1 1 1 0 1 3
   1 0 4 2 2 3 4 4 0 0 4 0 1 2 1 4 4 2 3 1 2 2 1 3 4 1 4 4 1 2 0 3 1 4 3
   4 3 4 1 3 1 0 4 4 4 2 4 0 3 3 3]
  [0 4 0 2 2 4 4 0 4 1 1 4 4 2 3 2 2 4 2 1 4 3 3 1 0 3 3 3 4 3 3 2 4 0 3
   3 4 0 0 0 2 3 0 0 0 4 1 1 0 1 4 2 1 4 2 1 2 1 3 2 1 3 0 2 0 0 3 4 0 4
   1 4 4 1 0 3 3 0 1 3 4 3 4 1 0 0 2 0 0 3 0 0 0 4 2 4 4 3 3 0 4 0 4 1 0
   4 0 0 0 4 3 2 2 4 0 4 4 1 4 2 3]
  [0 2 3 1 3 3 0 1 3 4 3 4 3 1 1 2 3 3 3 2 3 3 2 3 2 2 1 3 2 3 1 3 0 3 2
   4 2 3 3 4 4 2 0 4 0 2 4 3 3 1 0 2 2 4 3 3 1 2 2 1 0 4 4 3 4 2 1 1 0 0
   3 3 0 3 0 2 4 2 2 3 3 2 3 4 2 2 2 2 3 2 2 0 2 2 4 2 2 2 0 0 1 2 4 0 3
   3 3 1 0 0 3 4 0 0 2 3 1 0 0 2 2]
  [0 3 0 2 3 0 0 4 4 1 0 0 0 3 1 0 0 2 3 0 4 4 0 2 1 4 2 0 2 1 1 0 4 0 1
   1 4 4 1 0 3 1 2 4 4 4 2 1 4 3 0 4 3 2 0 0 0 3 1 3 1 2 1 0 3 2 4 4 0 3
   0 3 0 1 2 2 2 4 2 4 2 2 0 0 1 3 2 2 1 0 2 1 0 1 0 4 2 1 2 0 2 3 0 4 1
   1 4 4 3 1 4 1 1 4 3 3 1 1 2 0 2]
  [0 1 3 0 3 4 1 0 3 3 4 4 2 0 0 3 0 3 3 1 1 2 3 3 3 1 3 1 0 0 1 0 0 1 4
   0 1 2 0 1 2 2 0 3 2 3 0 2 4 4 3 4 2 3 2 1 1 3 4 2 2 4 3 0 2 3 4 2 1 3
   2 0 1 1 4 0 3 3 3 3 2 4 0 3 4 0 2 0 2 4 1 3 1 3 4 2 1 3 3 0 0 4 4 4 1
   2 4 3 4 0 4 2 2 0 2 2 4 4 4 4 4]
  [0 3 1 3 3 3 1 4 4 2 3 4 3 0 1 3 4 0 0 3 1 4 4 0 4 4 0 4 1 0 1 3 0 0 0
   1 1 3 0 1 2 1 3 0 1 3 1 0 2 0 1 3 4 2 4 3 3 2 3 2 0 4 2 2 0 0 2 2 2 4
   2 4 0 4 2 4 2 4 4 3 3 1 4 1 0 1 4 2 3 2 1 2 4 3 3 0 1 0 1 2 0 1 1 3 4
   1 1 0 4 3 3 2 4 4 2 2 2 2 0 0 1]
  [0 1 3 3 0 1 1 4 2 2 4 4 4 3 4 0 4 4 2 2 1 0 4 2 3 0 4 2 1 0 4 0 3 4 0
   4 4 2 2 1 2 4 2 3 4 1 0 3 3 3 3 0 4 0 0 1 2 4 4 0 1 4 0 3 2 1 2 1 0 2
   2 2 4 0 1 3 4 2 2 1 2 0 1 2 2 1 3 2 4 1 2 4 1 1 4 4 4 0 4 2 0 1 4 0 3
   1 0 1 3 1 2 0 0 1 3 3 1 1 4 4 2]
  [0 3 4 4 3 2 3 4 1 4 3 1 2 2 3 3 0 3 1 4 0 3 0 4 1 3 4 3 1 3 0 4 3 2 4
   3 4 2 3 0 0 4 0 3 2 3 1 1 4 2 0 2 3 1 3 3 2 1 2 0 3 2 2 4 1 0 3 0 3 3
   0 0 2 3 0 4 0 3 1 0 1 1 3 4 1 3 2 2 4 1 4 1 4 3 1 2 0 3 2 3 2 0 0 1 0
   2 1 4 2 0 1 2 1 4 4 3 2 3 1 1 0]
  [0 0 1 3 4 2 3 0 3 2 0 1 2 3 3 0 2 0 0 4 0 0 2 2 4 2 1 1 1 1 0 3 4 2 1
   1 2 2 0 2 2 3 3 0 2 2 0 2 4 1 0 3 0 4 4 1 3 3 4 4 3 2 0 3 0 4 1 3 3 3
   4 0 2 0 3 0 1 1 4 2 2 4 1 3 3 0 1 4 0 4 1 3 0 1 0 3 1 3 1 4 4 2 2 4 1
   1 0 0 4 0 1 3 2 2 3 0 3 3 3 3 1]
  [0 4 2 1 1 3 4 4 4 1 4 3 2 0 2 4 0 0 4 2 3 4 0 4 2 4 2 2 1 4 3 0 4 2 4
   4 4 0 4 2 0 4 2 2 1 4 0 3 4 1 0 1 2 2 0 4 4 2 3 2 3 3 4 3 4 4 1 4 3 2
   1 3 3 1 2 3 0 4 0 3 0 2 3 2 4 2 0 1 3 0 0 2 3 4 0 2 4 3 2 1 4 0 3 4 1
   0 2 4 0 1 4 2 0 4 2 3 4 0 3 0 3]
  [0 2 1 0 1 1 2 1 2 2 3 1 4 3 0 3 1 0 2 0 1 3 1 4 2 3 2 0 0 1 3 4 3 3 1
   2 0 0 0 2 3 2 0 2 0 2 1 3 4 3 4 1 1 0 0 2 3 4 3 4 4 4 0 4 3 0 0 2 1 0
   2 1 1 0 4 3 2 0 2 0 3 0 0 2 3 2 1 3 2 1 4 2 2 1 1 0 0 0 2 3 1 0 4 1 1
   3 1 1 3 0 3 1 2 4 4 4 4 4 0 4 0]
  [0 3 1 3 4 0 3 0 4 1 0 4 2 3 0 4 4 2 0 4 4 1 2 3 1 4 0 2 4 0 3 2 4 2 2
   2 1 2 1 1 1 1 2 3 1 0 2 3 1 2 1 3 4 0 4 0 0 1 3 3 4 3 4 3 1 2 0 1 4 2
   3 1 1 3 3 2 2 2 0 4 1 1 0 3 2 3 4 3 0 4 0 2 4 0 0 0 2 1 2 3 0 0 3 2 0
   4 4 4 0 2 1 4 1 3 1 2 0 4 1 4 0]
  [0 2 2 1 3 1 1 1 1 4 1 4 2 2 3 4 0 1 4 4 1 3 4 4 4 4 3 2 4 3 4 4 2 1 3
   3 0 2 0 0 4 2 2 1 0 4 3 3 2 3 2 2 2 3 1 0 0 1 2 2 4 4 1 3 0 0 2 2 3 1
   2 2 3 0 0 4 4 4 2 0 2 1 0 2 4 2 1 3 1 4 2 4 3 2 1 2 3 1 3 3 1 3 0 4 2
   4 1 1 1 3 1 4 1 4 1 1 2 3 1 2 3]
  [0 1 0 1 0 2 1 3 3 0 1 3 2 4 3 3 3 3 2 1 1 4 3 3 4 3 1 4 0 4 3 0 3 2 0
   2 0 3 1 4 1 1 1 0 1 4 3 0 1 0 1 0 3 1 1 0 0 4 2 2 2 4 4 3 2 2 4 3 2 0
   0 0 0 3 2 1 2 0 3 3 0 1 0 0 0 4 4 3 3 2 2 4 3 1 0 4 2 4 2 0 2 1 4 3 1
   3 0 3 2 3 1 3 3 4 4 2 2 2 2 0 0]
  [0 4 2 3 0 1 2 1 0 4 0 2 4 1 3 0 1 1 1 3 3 4 3 4 2 0 2 4 0 4 0 4 3 4 2
   1 0 2 3 3 0 3 0 1 1 2 4 3 4 0 2 0 1 0 2 3 3 0 1 0 4 2 1 4 2 2 3 4 4 2
   4 1 0 1 4 2 1 4 2 4 1 0 2 1 1 0 4 2 1 4 4 2 0 0 3 1 4 2 3 3 2 1 2 2 3
   3 2 3 3 1 4 2 1 2 2 4 4 4 2 0 3]
  [0 0 0 4 2 0 3 2 1 3 4 2 1 4 4 3 1 2 3 2 3 1 2 3 4 2 1 0 2 2 1 1 3 3 2
   4 2 2 4 2 3 3 1 2 4 0 0 3 0 4 4 4 1 2 1 0 4 3 1 1 4 3 0 3 2 4 2 1 3 0
   1 2 4 3 2 2 2 0 3 4 3 4 0 3 4 3 2 0 3 1 0 2 2 1 0 1 0 4 0 1 0 1 4 0 2
   0 2 0 3 1 4 2 2 2 3 2 3 0 4 0 0]
  [0 4 2 1 1 1 2 3 2 2 0 0 2 2 1 4 1 1 4 2 0 2 1 4 3 3 2 4 3 3 1 4 3 2 1
   4 0 3 2 1 0 0 4 0 0 1 4 0 0 2 1 1 2 4 2 1 3 4 2 0 2 1 1 3 2 2 2 4 4 2
   0 0 3 2 3 2 1 2 3 0 2 3 1 0 1 2 3 0 0 4 3 3 4 4 2 3 4 0 2 0 0 2 3 1 1
   4 3 3 1 0 3 3 1 4 2 3 3 1 2 1 3]
  [0 1 2 4 4 2 4 0 3 1 1 3 1 2 4 4 2 4 1 3 4 3 0 0 1 3 2 4 3 4 4 2 1 3 3
   0 2 2 3 0 2 4 4 2 1 0 1 3 0 1 1 0 1 0 3 4 3 4 0 3 3 4 1 1 0 4 1 0 0 1
   3 0 0 1 1 1 0 1 2 1 1 0 0 0 0 4 4 1 2 2 4 1 2 0 1 2 3 4 1 2 0 1 4 2 0
   4 4 3 1 2 2 3 3 0 4 0 3 0 3 1 0]
  [0 4 2 2 1 4 0 3 4 1 2 2 0 0 0 0 0 2 2 0 1 0 4 0 1 2 0 0 4 2 1 2 1 3 0
   1 0 0 2 3 3 0 1 3 0 0 4 4 4 1 3 4 4 2 0 4 0 2 0 0 0 0 0 3 1 3 2 2 4 1
   2 4 2 3 1 2 1 4 3 0 4 2 4 4 0 0 3 1 0 3 2 1 4 0 1 4 1 1 1 0 0 3 3 4 4
   2 3 3 2 3 4 4 0 3 3 4 3 2 3 1 2]
  [0 0 3 1 0 3 2 2 1 2 1 1 3 4 2 0 1 1 0 4 1 2 1 0 0 1 4 1 1 3 4 2 2 4 2
   0 2 3 1 4 2 1 1 1 4 2 0 3 2 1 4 4 3 1 4 4 4 3 4 1 3 0 0 2 2 3 4 2 3 0
   2 0 3 4 3 4 1 2 1 2 1 3 4 0 3 0 0 4 2 3 1 4 0 4 2 3 4 1 3 4 0 3 1 0 3
   1 1 4 4 4 4 2 0 3 1 3 1 4 0 2 2]
  [0 3 2 2 4 2 3 0 1 4 1 3 4 3 2 3 1 4 0 0 1 4 1 1 2 4 3 1 3 1 3 4 4 2 0
   4 3 3 1 0 2 2 3 3 2 0 4 0 4 3 1 4 1 0 1 0 0 1 3 0 2 2 2 3 0 3 0 3 2 3
   0 1 4 1 2 4 0 0 2 0 2 0 3 4 0 1 2 0 4 4 1 1 0 2 1 0 0 1 3 0 2 4 3 3 4
   0 2 0 1 0 2 3 0 2 0 2 3 0 3 0 0]
  [0 3 3 2 0 0 2 1 1 4 2 4 4 0 4 2 3 2 0 0 3 4 1 0 0 2 0 0 0 4 4 4 1 0 3
   0 2 1 3 1 2 2 3 0 2 3 2 0 3 0 2 0 3 2 3 4 3 3 3 4 2 2 3 3 4 2 2 4 1 3
   0 1 1 2 4 0 3 4 4 4 2 3 0 1 3 1 0 4 0 2 4 2 4 4 3 3 0 0 0 2 1 1 3 3 0
   4 1 2 3 4 2 3 3 1 4 4 3 1 3 0 2]
  [0 0 0 0 0 3 2 1 2 3 1 1 2 0 1 2 2 3 2 0 4 3 1 2 2 4 4 1 1 0 2 3 1 3 1
   4 0 4 1 0 2 2 3 0 4 2 2 1 1 4 1 1 2 4 0 2 2 4 2 0 1 0 1 0 1 0 4 3 2 2
   4 2 4 1 3 1 4 0 2 2 4 0 0 2 1 0 1 2 3 0 0 2 3 3 3 2 1 2 2 3 4 0 0 2 0
   1 3 4 2 1 3 0 4 3 3 1 2 3 0 0 1]
  [0 0 4 4 3 0 2 0 3 1 4 1 1 4 0 2 4 2 0 2 4 3 0 2 1 2 0 1 4 2 2 1 1 4 4
   1 3 2 4 0 4 4 3 0 0 4 3 1 0 3 3 4 4 2 1 3 0 3 3 2 1 4 0 3 0 0 3 1 1 0
   4 2 2 3 4 2 3 0 0 3 4 3 3 0 1 4 4 0 4 1 0 1 3 2 3 1 0 1 3 4 4 1 1 0 0
   3 0 4 2 0 0 3 1 3 0 3 3 0 3 3 4]
  [0 4 1 2 4 1 0 4 1 3 4 3 0 3 4 1 2 4 2 0 1 4 2 4 4 4 1 3 4 0 4 2 1 1 1
   4 4 4 1 4 4 0 3 3 2 2 4 2 0 0 2 3 0 3 2 0 2 1 1 0 2 0 4 3 3 4 2 1 3 2
   3 3 2 1 0 3 3 1 2 3 4 1 2 1 1 4 3 4 3 2 4 0 4 3 3 0 4 2 1 1 0 4 3 4 2
   0 2 2 4 0 2 4 0 0 3 1 0 4 4 4 3]
  [0 4 4 1 2 1 4 4 3 3 3 3 2 0 3 1 3 1 2 4 3 3 1 3 0 3 0 1 0 0 2 0 4 3 2
   4 0 2 2 3 2 0 4 3 3 0 0 3 1 1 2 4 1 2 1 3 4 4 3 1 4 4 1 0 2 3 3 1 4 1
   4 3 2 1 2 3 2 0 0 0 1 4 0 1 0 1 3 1 4 2 4 2 0 0 4 0 3 0 0 0 1 2 0 3 1
   3 3 2 1 4 3 2 1 2 2 3 0 4 0 2 4]
  [0 4 3 4 3 4 1 0 1 0 2 1 4 0 0 1 0 0 4 2 0 3 0 2 3 4 1 4 3 0 3 0 4 4 4
   1 3 0 4 2 0 0 4 1 0 1 1 2 4 0 2 1 2 0 1 1 3 4 1 4 1 1 4 1 0 0 2 0 4 3
   0 1 3 3 1 4 0 4 4 3 0 1 1 4 4 3 2 0 3 2 1 3 4 0 0 2 2 2 2 2 3 0 4 0 4
   2 4 2 4 1 2 4 3 4 4 2 4 4 4 3 2]
  [0 3 0 2 0 3 3 1 4 4 3 4 0 4 0 4 0 4 3 3 3 4 0 4 1 2 0 0 3 2 0 3 2 4 4
   3 1 2 0 1 1 0 4 4 1 2 1 2 2 2 2 1 3 3 4 0 1 4 4 2 1 3 0 2 3 4 0 0 0 4
   1 1 1 0 3 0 1 1 4 3 4 4 4 3 4 1 3 2 4 2 0 4 4 0 0 1 3 2 2 2 4 2 0 4 4
   0 2 3 2 2 0 3 2 3 4 0 1 4 1 0 1]
  [0 2 4 2 1 4 1 4 2 0 1 0 3 0 1 0 0 0 0 2 0 2 3 3 0 4 2 0 3 2 2 1 2 3 4
   1 4 3 4 2 2 2 4 1 0 1 1 3 3 2 3 3 3 1 0 3 4 4 3 0 3 4 3 1 2 2 3 4 1 3
   2 0 4 3 4 4 4 2 2 3 0 0 0 4 2 4 3 2 3 2 2 4 3 1 4 0 0 0 4 2 1 0 0 1 3
   0 3 3 1 2 2 4 2 3 1 1 0 0 1 4 2]
  [0 2 4 1 3 3 0 0 3 3 4 1 1 4 3 0 4 0 3 4 1 2 2 2 0 0 4 4 0 4 2 1 0 4 3
   1 0 0 3 1 4 4 1 4 2 0 0 3 3 1 0 4 4 0 4 0 3 3 2 0 2 0 0 3 4 2 3 2 4 1
   0 1 0 0 1 1 4 4 3 3 1 4 0 3 1 3 4 2 1 3 4 0 0 1 2 0 0 0 4 4 1 0 2 2 1
   4 0 0 3 1 0 1 3 4 2 1 0 2 2 0 0]
  [0 4 1 2 4 3 3 4 0 4 3 3 2 0 3 0 1 4 3 2 3 4 3 1 3 2 2 1 1 3 2 3 0 1 1
   2 0 3 0 4 4 2 1 2 2 3 3 0 0 3 4 0 4 4 2 3 1 0 3 3 3 3 1 4 3 3 0 2 4 3
   3 3 1 1 2 4 0 4 3 3 4 1 0 0 2 2 4 0 4 0 0 0 3 2 3 3 3 0 2 0 3 3 1 4 0
   0 2 1 2 3 3 2 2 3 1 4 1 1 3 3 4]
  [0 1 3 0 4 1 2 2 3 2 4 2 2 2 1 1 4 4 0 0 3 4 1 3 0 1 1 3 2 3 4 3 2 0 1
   0 2 3 4 1 1 4 1 4 1 1 1 1 4 4 0 4 1 1 3 4 0 0 4 1 4 1 4 0 2 3 3 1 4 2
   4 3 1 1 1 3 3 2 4 2 0 4 0 0 4 1 2 3 4 2 3 0 4 2 4 4 3 4 0 3 4 1 4 4 3
   1 1 3 1 3 0 0 0 0 1 2 2 4 0 4 4]
  [0 0 3 2 4 0 3 1 0 3 2 0 4 1 2 4 1 4 4 0 3 0 0 1 1 2 4 3 1 1 1 2 0 1 2
   1 3 0 3 1 1 0 0 1 3 1 2 0 3 1 2 4 1 1 4 4 4 3 1 4 3 4 3 2 2 4 1 1 0 4
   0 1 3 2 1 2 0 0 3 2 0 0 0 4 0 4 2 0 1 0 1 0 2 1 0 1 2 1 3 0 2 4 4 3 2
   4 1 2 3 3 2 3 1 1 2 1 2 1 0 2 4]
  [0 2 2 3 1 0 2 2 0 1 1 1 4 3 1 4 1 3 2 4 3 0 4 4 1 3 2 3 1 0 1 4 3 0 0
   2 4 2 2 2 0 4 3 4 3 3 0 0 4 3 2 0 0 3 2 0 3 2 1 4 1 3 1 2 0 2 0 1 2 1
   2 4 2 4 2 4 4 1 2 0 4 2 3 1 3 0 1 0 4 4 4 2 0 4 4 0 1 0 3 3 0 1 0 3 4
   3 1 0 4 1 2 1 0 4 1 1 1 0 4 3 0]
  [0 1 2 3 0 4 4 2 4 3 2 2 0 1 1 1 3 0 4 4 2 0 3 2 0 2 3 1 4 2 1 4 2 3 0
   2 4 2 0 4 0 2 0 1 2 1 3 0 3 3 0 0 1 0 4 4 4 0 1 1 2 4 2 2 4 2 4 2 4 3
   2 0 4 0 1 0 4 0 4 1 1 4 3 2 4 4 4 0 3 0 0 4 4 0 0 3 3 1 0 1 2 0 0 4 3
   4 3 2 3 4 3 4 3 1 2 0 1 0 1 0 1]
  [0 3 4 1 3 3 0 4 0 2 4 4 2 2 0 3 2 2 1 2 4 0 0 4 0 2 2 2 3 1 3 2 4 4 2
   0 0 0 4 3 4 1 0 2 4 3 3 3 2 0 2 2 4 1 2 0 4 2 0 3 4 0 4 3 2 1 1 1 3 0
   4 2 2 3 2 3 3 2 3 0 1 4 1 3 2 0 0 3 1 2 2 3 3 1 2 0 0 2 3 2 4 0 0 1 3
   4 0 0 1 4 3 3 2 4 0 1 1 1 3 1 3]
  [0 3 3 4 2 1 4 3 2 1 4 2 1 1 2 1 4 4 1 4 4 0 2 1 2 4 3 3 4 4 4 3 4 3 3
   3 3 2 1 2 1 3 0 2 3 4 0 1 3 3 2 4 0 4 3 0 2 4 2 3 0 4 2 3 0 1 1 2 2 0
   0 1 2 3 4 1 4 4 3 4 3 1 4 4 2 2 3 2 3 1 2 1 1 1 1 4 2 3 0 0 3 4 4 0 0
   1 0 2 1 4 3 3 2 0 1 4 3 3 1 1 4]
  [0 2 0 4 2 3 1 2 1 3 2 1 2 4 0 0 4 3 1 2 0 1 4 1 2 3 1 3 4 3 1 4 4 2 3
   1 0 0 2 1 0 1 1 3 3 1 4 2 3 4 3 1 0 1 4 0 1 4 3 3 4 2 4 4 2 4 4 4 3 4
   0 4 4 1 4 4 2 4 3 2 3 4 1 0 1 3 0 4 4 0 4 2 0 2 2 2 3 1 1 4 2 1 2 4 0
   3 3 2 2 1 1 0 0 3 3 2 1 3 4 1 0]
  [0 3 0 3 3 2 4 4 4 3 2 2 0 3 3 2 0 2 3 0 0 2 3 0 4 0 3 1 1 1 0 4 3 1 1
   4 1 3 1 3 3 1 2 3 4 2 1 0 4 0 0 2 2 0 3 3 1 4 3 2 4 4 0 3 0 3 4 2 4 2
   3 0 3 1 1 1 1 0 2 3 4 1 2 2 0 3 1 3 3 3 3 4 0 0 3 0 2 0 3 2 0 3 0 4 1
   0 4 4 2 3 2 3 2 4 3 0 3 1 4 1 1]
  [0 2 2 2 3 0 2 4 1 1 4 2 2 4 2 0 0 1 4 3 3 0 0 4 2 3 2 3 3 3 2 3 2 0 4
   3 0 3 4 1 2 4 0 2 0 0 2 3 3 2 0 2 2 1 1 3 1 2 1 3 4 0 0 0 0 3 4 4 2 2
   4 4 3 2 2 4 0 4 3 4 3 2 3 1 0 0 0 0 0 3 2 4 0 1 3 0 4 4 3 1 0 3 3 0 1
   0 0 2 4 0 2 2 0 0 4 3 4 2 1 3 0]
  [0 3 2 2 2 2 3 0 0 0 1 3 0 4 3 3 3 3 3 3 4 2 1 1 2 1 4 4 3 2 4 4 1 0 4
   3 1 2 3 4 0 2 4 2 1 3 3 3 4 2 1 3 0 4 3 1 2 0 1 0 0 1 3 0 2 4 0 3 1 4
   2 4 2 2 2 3 3 1 4 4 3 1 3 3 2 2 0 2 4 3 3 1 1 4 1 1 1 0 4 1 0 4 3 3 2
   3 1 0 1 0 4 4 4 3 3 1 2 1 3 3 0]
  [0 0 0 4 2 1 3 3 1 2 0 4 3 2 3 2 4 0 1 4 0 4 0 0 2 0 3 3 4 2 0 2 2 3 4
   2 2 3 0 1 4 1 4 3 3 4 1 0 2 2 1 4 1 4 2 1 4 4 2 1 2 2 4 4 3 1 0 0 3 1
   4 4 3 4 0 1 1 1 3 2 0 2 1 0 3 2 0 4 3 3 1 1 0 3 3 4 3 0 2 3 0 0 1 4 1
   2 0 0 0 3 3 3 4 2 3 2 3 1 1 1 1]
  [0 0 3 1 2 0 1 3 2 3 3 0 2 1 3 1 4 1 1 2 4 4 1 1 2 1 1 4 4 2 4 4 2 3 3
   2 3 1 1 4 0 4 0 3 4 1 1 3 2 4 3 3 0 2 1 3 4 1 3 2 0 0 1 2 2 2 4 2 1 4
   2 0 2 1 0 0 4 0 4 0 0 1 2 0 0 3 2 2 3 1 1 2 2 2 1 3 3 3 4 1 2 0 0 1 3
   3 1 2 0 0 2 2 3 3 0 4 3 2 2 2 3]
  [0 3 2 1 2 0 0 2 4 0 3 3 0 2 0 1 3 4 0 3 0 3 0 2 0 1 0 3 3 2 4 4 1 1 2
   3 3 0 2 2 4 4 1 3 4 1 2 1 0 1 0 1 0 3 4 1 4 2 4 1 3 4 0 4 0 1 0 4 1 0
   1 2 1 1 0 2 3 4 0 4 0 4 1 2 0 3 1 0 1 2 0 2 0 0 1 1 2 3 4 0 4 1 3 3 0
   3 2 3 2 3 0 0 0 1 4 1 2 0 2 3 2]
  [0 2 2 4 3 0 3 0 1 2 0 3 2 4 3 3 0 3 4 3 4 2 0 4 3 0 3 4 4 4 4 4 4 1 2
   1 0 1 1 4 1 2 2 0 0 1 3 2 0 3 3 0 3 1 3 4 2 3 4 2 4 2 3 0 3 2 4 4 4 1
   1 4 4 3 4 3 0 0 2 1 1 2 2 1 3 2 2 1 4 1 2 4 0 3 0 2 1 1 3 2 4 2 2 0 3
   3 0 4 4 2 2 0 1 1 1 2 2 1 0 1 2]
  [0 1 3 1 2 0 2 1 3 1 0 0 0 1 1 0 3 0 1 4 4 0 3 4 1 1 2 4 3 1 4 4 3 4 3
   2 2 2 0 4 2 0 4 3 0 2 4 0 4 0 0 4 0 4 1 2 3 1 4 4 0 3 2 4 2 2 1 3 1 3
   1 2 4 4 2 2 0 2 3 1 3 1 2 3 0 1 1 2 4 0 0 1 3 4 3 4 0 2 3 2 1 3 2 2 3
   3 2 1 0 3 2 1 0 2 2 4 4 4 1 3 1]
  [0 4 0 2 2 0 3 3 0 4 3 2 4 1 3 1 3 4 0 1 4 2 0 2 1 1 3 3 3 2 1 2 4 0 4
   3 4 2 1 0 2 2 3 1 3 2 0 4 2 4 3 0 0 4 4 3 2 3 0 0 4 3 4 3 1 2 1 3 4 3
   2 3 1 1 2 0 3 0 4 0 1 2 3 4 1 4 4 0 2 0 1 2 2 3 2 1 2 3 1 0 0 4 2 1 4
   2 2 2 1 1 4 2 2 0 4 2 2 1 1 2 4]
  [0 2 3 2 4 2 0 1 4 0 4 2 0 4 4 0 1 2 1 4 4 0 1 3 0 4 0 3 1 1 3 2 2 0 4
   1 2 0 0 0 0 1 1 2 1 2 2 4 3 0 2 1 2 4 3 0 3 3 0 1 2 4 2 2 3 0 3 0 4 1
   4 1 0 4 3 4 4 0 0 4 4 1 1 2 4 3 1 3 2 4 4 1 3 3 4 4 0 2 4 1 1 4 2 2 1
   0 2 2 3 4 3 0 4 0 0 2 1 2 2 1 2]
  [0 3 1 3 0 0 3 4 4 3 0 2 0 2 2 4 3 4 4 0 2 0 1 2 0 1 2 3 1 4 0 0 3 1 0
   4 4 2 0 3 0 2 1 4 4 4 0 3 1 2 0 4 1 0 2 0 4 4 3 3 0 4 2 0 0 1 0 0 3 4
   3 2 1 3 0 4 2 4 3 4 1 0 1 3 1 1 1 1 2 4 0 1 3 2 4 0 4 0 1 0 1 0 2 2 1
   0 2 1 1 0 4 2 3 2 3 0 1 3 2 3 3]
  [0 3 1 2 1 1 3 2 1 4 2 0 4 1 2 0 4 4 4 1 4 2 3 0 3 1 2 1 0 2 0 0 2 4 4
   0 3 3 1 1 4 1 2 3 1 1 1 3 1 3 4 0 1 3 0 1 0 4 4 1 3 0 1 0 3 3 0 0 2 3
   4 4 1 1 0 4 4 0 3 3 0 2 1 1 4 0 2 3 2 1 3 2 1 4 3 3 3 4 0 0 3 0 1 3 0
   4 4 2 0 2 1 0 2 3 0 4 0 0 1 1 0]
  [0 3 1 2 2 0 3 3 2 2 3 4 4 0 1 1 0 3 3 1 1 3 0 2 2 0 1 3 3 4 1 4 3 3 2
   1 1 3 4 3 1 4 3 4 3 0 3 3 2 3 4 3 4 2 3 0 1 0 0 3 2 2 0 1 4 4 0 3 3 4
   0 0 1 3 1 1 2 0 0 4 3 1 0 1 0 0 4 3 0 1 4 3 4 1 4 4 0 1 4 4 0 4 3 4 2
   4 4 0 0 0 4 2 2 4 1 0 0 0 1 0 4]
  [0 2 0 4 4 3 0 4 3 0 2 3 0 0 4 1 0 2 1 2 0 1 1 2 3 0 0 3 2 2 1 0 4 4 1
   1 2 1 0 3 0 4 3 0 1 2 1 0 4 2 0 4 3 1 2 4 0 1 1 2 0 4 0 3 3 3 3 2 1 2
   3 1 2 0 2 4 1 0 4 1 2 4 2 1 4 3 4 2 3 4 2 0 4 4 3 3 1 1 0 0 3 2 3 0 0
   4 0 0 1 1 0 4 0 3 4 0 1 3 0 3 1]
  [0 2 2 3 2 1 4 1 2 1 0 1 1 4 0 0 1 2 0 0 2 2 0 2 4 0 4 3 4 3 1 3 1 1 0
   2 2 0 0 0 3 0 2 0 2 1 4 4 0 0 4 3 0 2 3 1 2 1 1 2 1 3 1 4 4 3 3 3 4 0
   2 2 0 4 0 0 2 2 4 1 3 3 3 4 4 0 1 1 1 0 3 2 1 1 3 0 4 0 1 3 3 3 0 0 2
   1 4 4 4 4 1 0 2 2 4 1 2 2 4 0 2]
  [0 3 2 4 1 3 0 0 2 3 3 2 2 0 1 4 4 0 0 3 2 0 3 1 2 2 2 0 1 4 2 1 3 2 4
   0 1 1 3 0 3 0 3 3 4 3 3 4 0 3 4 4 0 4 0 4 1 0 1 3 2 2 0 3 4 4 0 2 4 3
   4 1 4 0 0 1 1 0 2 3 1 0 2 3 2 0 0 2 0 0 4 3 2 4 3 1 2 4 0 4 2 3 2 4 0
   1 0 4 0 0 4 3 3 3 3 1 2 1 1 4 0]]

 [[0 1 4 3 4 2 4 3 4 2 2 1 3 2 4 4 4 4 1 1 0 2 2 2 1 0 2 0 2 2 4 4 3 4 4
   1 2 1 2 2 3 2 3 2 0 0 1 2 1 2 2 3 2 3 0 3 3 3 0 1 0 3 3 3 4 3 0 0 4 4
   0 2 2 4 1 0 4 1 4 2 4 3 2 3 4 0 1 1 1 4 4 1 1 4 4 4 3 4 4 1 4 0 0 2 3
   0 1 4 2 0 3 0 2 4 1 3 2 3 1 4 0]
  [0 0 2 1 3 2 3 4 2 1 3 1 2 4 4 4 4 1 1 3 2 0 4 3 3 0 4 0 1 0 2 1 0 3 4
   3 3 2 3 0 4 2 3 3 1 1 4 2 3 1 1 1 2 0 2 1 0 2 3 0 4 2 0 1 0 1 1 0 0 3
   2 4 3 2 1 3 3 1 0 4 4 4 0 4 4 1 0 2 1 2 2 4 2 0 0 3 1 2 4 4 1 1 2 0 1
   0 4 4 2 0 3 4 1 2 1 3 3 2 3 0 0]
  [0 4 0 3 2 0 1 0 2 0 3 3 3 4 2 4 2 1 3 4 4 3 2 0 0 4 2 1 0 3 2 0 2 1 3
   1 1 2 1 0 1 2 4 0 0 4 2 4 2 0 2 1 3 4 3 1 3 1 3 0 3 3 0 2 0 3 4 1 2 4
   2 1 2 3 1 4 0 4 0 0 2 3 0 1 1 1 4 4 0 3 4 4 2 3 3 4 0 3 0 0 4 1 4 2 3
   0 3 2 0 2 0 3 0 1 3 1 2 1 4 1 1]
  [0 2 2 0 3 2 1 0 3 2 2 4 1 4 4 0 0 2 4 3 0 1 3 3 4 0 4 3 1 2 0 4 3 0 1
   3 1 1 3 2 3 2 1 0 3 2 4 3 1 2 3 0 2 0 3 0 0 4 2 0 4 3 1 3 4 0 0 0 1 3
   2 2 3 1 2 2 4 2 3 1 1 0 4 1 1 2 4 3 0 1 2 3 4 2 0 1 1 0 2 0 3 3 0 4 1
   1 2 2 3 3 3 1 2 4 2 0 1 0 3 2 4]
  [0 4 1 4 0 1 1 4 3 4 1 2 0 3 0 0 0 2 2 1 2 2 4 1 1 1 0 0 1 0 2 4 4 3 0
   1 2 0 3 3 4 2 3 1 3 4 1 3 1 3 3 4 2 1 2 2 2 2 2 4 1 2 0 3 0 4 0 2 2 0
   4 2 3 0 1 1 4 2 2 2 0 2 1 1 3 0 2 3 2 1 4 4 2 2 0 0 2 4 3 4 3 0 4 2 2
   2 2 4 1 4 2 2 3 2 4 2 2 0 1 0 1]
  [0 4 2 4 1 0 1 1 3 0 3 2 4 1 0 3 0 0 0 3 4 2 1 0 2 2 2 0 1 3 0 0 3 2 3
   1 4 4 4 4 4 3 1 1 2 1 1 2 2 3 4 1 0 1 3 0 0 3 2 4 3 3 0 1 1 1 3 4 2 3
   4 1 4 2 2 4 1 0 1 4 4 3 3 4 1 0 0 0 3 2 3 2 3 2 0 1 1 4 4 1 1 2 4 0 1
   0 1 0 3 1 1 4 1 3 3 0 1 1 0 3 3]
  [0 3 3 4 4 1 0 3 0 2 2 1 1 4 3 4 0 0 4 1 3 0 4 2 0 2 3 3 1 4 2 3 0 4 4
   0 2 2 4 2 2 4 3 4 1 1 3 4 1 0 0 4 4 3 0 3 2 4 2 4 4 1 4 2 1 3 4 4 0 3
   2 2 0 2 3 0 3 0 3 2 4 1 4 3 3 0 1 2 4 2 0 2 0 3 0 2 2 4 0 4 3 1 3 1 2
   4 1 3 1 2 1 3 4 2 2 4 1 1 4 0 0]
  [0 1 0 3 1 0 3 0 1 1 4 0 1 1 2 3 4 2 0 4 3 2 0 0 0 4 1 2 3 3 2 4 4 0 0
   3 0 1 1 4 2 1 4 3 2 0 0 1 3 0 3 1 0 2 1 1 0 4 3 3 3 2 2 1 0 4 1 3 1 1
   2 3 4 0 3 2 3 3 2 4 0 1 0 0 4 1 4 2 2 2 0 0 3 2 4 0 4 0 4 4 1 4 4 2 3
   4 0 4 2 4 1 1 4 3 2 0 4 4 1 4 0]
  [0 0 4 4 2 1 2 4 0 2 4 3 4 4 1 4 4 2 4 2 0 2 0 1 3 0 2 2 3 4 4 3 0 4 0
   2 1 1 0 0 1 3 4 1 4 2 0 2 4 1 1 2 0 2 3 4 3 4 2 0 2 1 3 1 0 1 2 2 1 4
   4 1 0 4 1 3 3 3 0 4 2 3 1 3 4 4 0 4 0 2 4 3 2 3 4 3 4 1 2 0 1 4 4 2 2
   3 0 2 3 3 0 2 3 2 4 1 2 1 3 1 1]
  [0 4 1 1 4 2 3 1 2 0 4 0 4 1 1 1 3 1 4 3 2 1 4 2 2 0 0 4 4 2 1 0 1 1 0
   0 0 0 0 2 3 2 3 1 1 3 2 0 4 2 1 2 1 2 2 4 0 0 4 0 0 3 2 1 2 1 0 4 0 4
   1 2 4 1 1 1 0 0 2 2 3 2 1 4 0 3 2 4 1 0 2 1 4 2 2 1 3 2 0 2 3 3 4 2 3
   4 3 3 1 3 1 1 2 3 2 1 0 1 3 1 4]
  [0 0 1 3 1 0 2 4 1 3 0 1 3 2 2 0 3 4 4 3 2 4 1 1 0 4 0 1 3 0 3 4 1 3 1
   0 3 3 4 4 0 3 1 4 1 0 3 2 2 0 4 3 0 1 0 3 0 3 3 0 2 0 0 0 0 2 1 3 2 3
   3 1 3 0 2 1 4 4 2 1 2 1 4 3 4 4 0 0 4 0 1 3 3 1 4 2 3 0 2 4 4 4 0 4 4
   0 0 1 3 0 4 3 0 2 0 2 3 3 2 2 0]
  [0 2 2 2 4 2 1 4 0 3 3 0 3 2 3 1 1 3 2 3 3 2 3 0 0 4 0 0 3 2 1 4 3 3 3
   2 3 2 1 0 4 2 3 2 0 0 3 4 4 1 4 2 1 1 4 3 4 0 0 2 3 1 4 3 3 3 2 3 0 4
   4 1 1 1 3 1 2 0 2 3 2 2 1 3 3 2 2 3 3 3 0 3 2 4 0 4 4 0 0 1 4 4 1 2 3
   4 4 2 2 4 2 4 1 4 2 3 4 1 0 1 3]
  [0 0 1 2 3 1 0 0 4 3 2 1 0 1 1 0 1 4 1 0 3 0 1 4 2 4 2 4 2 3 4 1 0 1 1
   1 0 3 1 1 3 4 4 2 4 2 3 2 1 0 0 0 3 0 4 0 0 2 0 4 1 0 3 0 3 2 1 4 4 4
   3 0 2 2 3 4 0 2 1 4 4 2 2 0 2 4 1 2 2 3 1 0 0 4 3 1 0 1 2 1 3 1 4 3 2
   4 0 2 0 0 4 2 4 2 0 0 1 4 1 4 2]
  [0 4 1 2 0 1 1 2 2 4 0 3 0 0 2 0 4 1 0 0 4 2 0 2 0 3 4 4 0 4 2 0 2 3 2
   1 0 4 4 3 1 1 2 1 4 1 4 1 2 0 0 0 0 2 4 3 3 1 0 2 1 4 2 4 1 3 4 1 0 4
   2 1 2 0 2 2 4 2 2 4 1 3 2 2 4 1 0 4 4 4 0 4 3 0 2 2 2 0 0 1 2 3 0 1 2
   0 1 3 2 3 3 2 4 2 2 1 2 4 0 2 0]
  [0 4 3 0 1 3 3 1 0 4 2 1 1 4 0 4 0 1 4 0 3 2 4 1 1 2 2 1 4 1 3 2 2 0 4
   1 2 4 1 0 1 3 0 2 4 1 4 0 2 3 4 4 3 4 1 4 0 2 4 4 0 1 0 0 2 0 2 3 3 3
   4 0 1 2 4 3 4 2 0 2 2 2 1 1 2 4 0 4 4 0 0 4 1 2 4 2 3 1 3 3 1 2 2 1 1
   4 1 0 0 2 1 3 1 0 3 0 1 0 0 4 3]
  [0 2 3 0 4 0 3 2 3 2 4 4 4 0 2 0 0 3 3 2 2 2 2 2 4 3 3 0 0 0 2 3 4 2 2
   1 2 0 0 2 0 1 3 1 0 0 0 0 3 0 0 1 3 1 2 0 4 1 2 4 1 1 0 3 1 4 3 1 1 1
   1 0 0 4 3 1 0 0 2 4 0 3 3 2 0 2 0 3 3 3 4 2 3 1 1 1 4 0 3 4 1 2 0 2 1
   3 1 3 4 3 1 0 2 2 0 0 1 2 1 0 2]
  [0 3 2 2 1 2 1 3 1 3 0 2 0 0 0 1 0 4 1 3 3 4 4 4 3 4 4 0 4 2 1 2 1 4 4
   1 3 2 0 0 2 4 2 3 2 0 3 4 3 3 4 2 1 3 1 3 3 1 3 4 4 1 3 2 4 1 1 3 2 4
   2 2 4 4 4 1 4 4 0 0 3 4 3 0 3 3 3 0 4 2 0 3 3 1 4 0 3 2 2 1 2 2 0 4 2
   3 1 4 0 0 1 1 1 0 4 2 1 3 0 0 3]
  [0 4 4 0 1 3 0 2 1 1 4 2 4 4 3 2 4 0 1 1 3 2 3 3 3 1 2 4 4 4 3 2 0 3 2
   1 2 4 4 2 1 2 3 0 3 3 3 3 0 3 4 4 1 2 4 0 1 3 3 4 1 1 4 4 4 4 1 0 4 0
   0 2 0 4 4 1 0 4 4 1 4 3 1 0 4 0 2 1 3 1 0 4 3 1 3 4 0 1 2 0 2 3 3 4 1
   4 0 3 4 3 4 1 1 0 4 1 4 4 1 4 4]
  [0 3 0 1 3 2 3 0 2 0 1 1 0 3 2 2 0 0 0 4 3 3 3 4 0 3 1 3 0 4 1 4 3 1 2
   4 2 1 4 1 2 0 2 4 2 1 3 3 4 1 2 0 1 2 3 0 4 3 2 1 2 3 2 0 2 3 1 3 3 1
   4 2 2 2 0 1 4 3 0 3 4 4 1 3 3 3 0 4 3 4 0 0 0 3 4 1 0 1 2 3 2 3 3 1 4
   0 1 0 4 3 3 2 1 2 4 4 3 2 0 0 1]
  [0 4 3 0 2 2 1 4 0 1 2 1 3 4 4 4 0 3 4 0 2 3 3 1 3 2 1 4 4 2 3 4 1 3 1
   4 0 3 2 1 2 3 4 2 4 1 2 4 1 2 3 1 1 0 2 0 2 3 3 4 4 2 3 4 3 4 3 1 1 1
   4 4 4 2 0 1 0 2 4 1 0 4 1 0 2 0 0 3 0 3 2 1 4 2 3 3 1 4 1 2 4 1 3 0 3
   3 2 2 2 0 0 3 2 2 3 3 2 0 1 1 3]
  [0 1 4 2 0 1 1 3 4 1 4 2 2 4 1 0 1 1 3 4 0 4 4 0 1 0 3 3 0 1 2 3 0 0 4
   0 2 0 0 2 0 4 2 4 4 4 0 4 1 4 4 2 4 0 2 3 1 2 3 4 2 2 4 3 4 1 3 3 1 4
   1 1 1 2 2 3 3 0 3 2 0 0 2 3 0 0 1 4 0 4 2 0 0 4 1 4 3 2 4 4 2 2 0 2 0
   4 3 1 0 3 0 0 1 2 3 3 0 1 4 0 4]
  [0 1 3 1 4 0 0 3 3 0 4 2 2 3 2 1 2 4 2 4 2 0 2 0 1 2 2 1 1 2 1 1 1 2 3
   0 1 0 3 2 4 3 0 1 4 2 2 2 4 1 3 2 0 0 2 4 0 0 1 2 4 0 1 4 1 2 0 4 4 2
   3 1 4 0 2 0 0 0 3 3 3 0 1 4 4 1 0 1 3 3 2 3 2 2 1 3 0 1 0 0 3 2 4 1 0
   0 2 2 4 1 3 3 1 2 2 2 3 3 4 3 0]
  [0 4 0 1 1 3 4 3 0 1 3 2 3 1 4 0 4 1 2 3 4 0 0 4 2 0 0 0 2 4 3 2 3 0 0
   3 1 4 4 1 1 4 2 2 4 2 0 0 3 3 0 1 0 4 2 2 0 2 0 2 3 3 2 3 4 4 4 0 1 0
   3 1 3 1 0 1 0 0 1 0 1 3 3 2 3 0 4 2 4 4 4 3 0 1 1 2 3 0 1 2 1 3 0 0 2
   0 3 3 4 1 0 1 4 0 2 1 0 4 1 0 2]
  [0 4 2 0 0 1 2 3 2 0 1 1 0 3 2 2 2 4 3 0 1 3 1 0 2 4 4 1 2 4 4 0 1 4 3
   2 4 3 1 3 3 3 3 1 3 0 3 4 1 1 1 2 4 3 0 2 0 3 2 1 3 2 3 4 0 0 3 4 1 1
   1 2 3 2 0 1 1 3 4 0 2 0 4 2 0 2 1 3 4 3 2 1 2 1 4 3 1 1 2 3 2 4 3 1 3
   2 2 4 1 0 3 2 1 4 0 3 0 3 1 4 0]
  [0 4 3 3 1 0 0 2 1 4 4 3 0 1 1 4 0 2 0 0 1 3 0 4 0 2 1 2 4 0 2 0 4 1 1
   0 1 1 2 0 4 2 0 1 3 2 1 1 3 0 0 1 3 1 0 2 2 0 2 0 3 4 1 2 3 1 1 4 3 2
   2 0 4 2 4 0 3 3 1 1 4 2 4 0 0 2 3 1 2 1 1 3 2 0 3 1 4 4 3 0 4 1 2 3 2
   3 0 1 2 3 1 1 2 2 0 3 1 0 0 3 4]
  [0 0 0 1 2 0 1 3 2 0 2 4 2 1 0 3 2 4 4 3 3 0 1 4 2 0 1 3 3 3 1 2 1 4 4
   3 2 0 2 1 0 2 4 2 2 3 4 1 3 3 3 1 1 1 1 0 3 3 2 0 2 1 3 3 4 4 1 2 2 3
   2 0 3 3 2 0 1 1 0 2 4 3 2 1 0 3 4 2 0 4 4 1 3 1 4 2 4 4 4 0 2 1 4 2 0
   2 4 2 4 4 2 3 2 1 0 1 2 0 0 3 4]
  [0 4 2 1 0 0 2 2 0 0 1 3 2 2 1 1 0 2 4 2 1 0 1 0 1 2 0 3 2 0 3 1 4 4 2
   2 1 0 2 3 0 3 1 0 1 2 0 1 1 4 0 3 2 2 4 3 4 1 2 3 1 3 3 1 1 4 1 4 4 4
   3 2 2 1 3 3 1 4 0 0 3 3 4 3 3 2 4 2 2 1 0 2 4 0 1 3 3 3 2 3 1 2 0 2 0
   1 0 2 3 3 1 2 0 4 3 4 3 2 1 0 1]
  [0 2 0 1 0 0 0 2 1 2 4 2 2 1 4 1 1 2 3 0 1 3 4 2 4 0 2 0 0 2 4 3 4 2 2
   4 0 0 4 4 0 4 1 3 2 0 1 2 1 2 0 2 3 1 3 3 4 0 3 1 4 2 3 1 1 2 1 0 3 4
   2 1 0 1 0 0 0 4 4 2 1 3 4 4 2 1 1 4 3 4 0 0 4 3 2 3 2 2 3 3 4 4 0 1 4
   3 4 3 2 3 1 3 1 1 1 3 2 3 4 1 2]
  [0 2 3 4 4 0 4 0 2 1 1 1 4 3 1 0 1 0 2 2 3 4 2 3 1 4 3 1 0 0 2 0 2 0 3
   0 2 1 1 0 0 2 4 1 3 1 4 4 4 1 1 4 2 4 3 0 4 1 0 2 1 4 2 1 4 4 2 1 0 1
   0 3 3 2 0 0 0 0 1 4 2 3 0 3 0 1 1 1 2 0 4 0 2 2 0 3 4 0 1 1 1 4 3 3 1
   0 4 4 0 3 4 1 3 1 2 3 3 1 2 2 4]
  [0 3 3 1 3 3 1 2 4 2 4 4 3 1 3 4 3 1 1 4 2 4 1 1 3 2 1 1 1 0 0 0 1 2 1
   0 4 0 0 1 4 4 4 2 3 3 3 2 3 4 3 0 4 3 2 2 0 0 0 2 2 2 0 2 1 2 0 3 1 4
   4 0 1 3 4 2 1 0 1 1 2 2 3 2 3 2 3 1 3 0 1 2 2 4 3 2 3 2 0 3 2 2 0 2 0
   1 4 3 3 2 2 4 0 4 2 2 3 1 4 3 4]
  [0 3 1 4 0 4 1 1 4 0 4 1 1 2 4 1 3 4 3 2 0 1 3 3 0 3 3 4 1 1 0 2 1 4 4
   2 1 2 1 1 2 3 3 3 0 4 2 2 3 4 3 2 0 3 3 3 1 3 3 1 4 2 3 4 1 0 1 1 0 3
   2 3 3 1 4 0 4 1 1 1 4 0 1 2 3 3 2 0 4 3 1 1 2 1 2 1 0 4 3 4 3 0 2 2 2
   4 3 1 2 1 1 0 2 1 4 1 4 0 0 4 1]
  [0 2 2 4 2 1 2 0 3 1 3 2 3 1 3 0 3 2 2 0 1 2 2 2 2 2 1 2 2 3 0 0 0 2 4
   2 3 2 1 0 4 3 2 4 0 3 4 4 2 3 3 3 2 1 0 4 3 4 0 2 3 2 1 4 4 0 3 3 3 4
   3 3 3 4 3 0 4 3 0 3 2 3 4 4 2 1 3 3 0 0 2 2 3 1 3 0 3 1 3 0 0 0 1 2 4
   4 4 1 3 2 3 4 2 3 0 1 2 0 4 0 2]
  [0 0 4 1 2 1 0 1 1 0 3 1 1 3 3 4 3 3 0 4 3 3 4 3 2 2 0 2 2 1 1 2 0 3 0
   3 1 1 3 2 3 2 0 2 2 3 3 3 1 2 1 0 2 4 4 1 3 1 1 3 4 4 1 0 0 0 0 0 2 4
   3 2 0 3 0 1 4 0 0 1 4 4 0 4 1 1 1 3 4 0 0 0 3 0 4 3 2 2 4 2 0 2 2 2 3
   0 2 3 0 4 1 0 3 3 0 3 1 0 4 0 1]
  [0 1 0 0 1 2 4 0 3 1 1 2 2 3 2 3 1 0 0 2 2 1 0 0 3 1 2 2 0 1 3 2 4 0 1
   4 4 0 3 4 2 0 4 0 1 0 3 2 0 0 2 2 3 3 3 1 1 2 2 1 2 2 0 2 4 2 0 2 0 3
   0 3 3 3 2 3 4 3 2 0 4 1 1 4 4 1 2 4 2 3 3 1 2 2 3 4 3 4 1 4 4 0 3 0 4
   1 0 1 1 2 1 4 1 4 0 4 0 4 3 3 4]
  [0 2 4 1 1 2 3 2 1 0 1 3 2 3 0 2 3 0 0 2 1 3 3 0 3 0 0 3 0 3 1 3 4 0 0
   4 3 0 1 2 0 4 2 1 1 4 3 4 2 4 1 0 4 4 0 1 0 1 3 3 1 0 0 3 1 1 1 3 1 2
   3 4 3 0 2 2 3 1 0 3 0 2 3 0 4 0 0 2 1 2 0 0 0 2 3 1 4 1 4 4 2 2 3 0 2
   3 0 3 0 3 3 4 1 3 0 2 3 1 0 1 2]
  [0 0 1 3 0 3 3 4 4 1 3 4 1 0 0 1 2 0 3 1 2 3 2 1 0 2 0 2 4 0 4 3 1 0 0
   0 0 1 1 1 0 1 4 4 1 1 1 3 2 2 3 1 4 2 2 4 4 2 3 0 4 3 4 1 3 3 3 0 2 2
   2 0 2 1 4 1 1 1 1 4 4 0 1 4 0 4 4 4 1 0 0 0 3 1 3 3 3 3 1 0 0 1 3 2 3
   3 4 0 3 4 0 1 3 1 0 1 4 4 3 4 0]
  [0 2 4 4 0 4 3 3 2 2 3 0 4 1 4 2 0 0 4 1 2 3 2 1 1 0 1 2 4 2 0 2 1 0 0
   0 0 1 1 2 1 2 3 3 1 1 3 3 3 4 1 3 1 0 0 4 2 3 2 3 1 2 2 4 1 2 0 2 2 3
   3 4 0 2 3 1 3 1 4 2 1 0 0 4 3 1 4 2 0 1 0 1 2 3 2 1 3 2 4 3 1 2 1 0 0
   0 1 2 4 1 1 4 2 2 3 4 0 2 1 2 2]
  [0 4 4 2 0 3 3 2 1 3 4 3 1 4 1 2 0 2 3 1 0 0 1 0 1 3 3 3 4 3 2 1 3 0 4
   1 1 0 1 1 4 3 4 2 1 4 2 0 1 1 0 1 2 2 2 0 0 3 2 2 1 0 1 2 2 3 3 3 3 3
   0 0 0 1 2 2 2 1 2 0 1 1 1 3 0 0 2 0 3 1 1 4 0 3 3 2 2 4 3 3 0 0 3 4 2
   1 0 0 2 2 0 1 2 1 1 3 2 1 0 2 1]
  [0 1 1 2 4 0 2 1 2 4 1 2 0 3 2 1 3 0 2 1 4 1 2 2 4 3 0 4 3 4 1 2 0 0 0
   1 0 4 0 3 2 1 0 0 1 3 3 0 0 3 2 3 0 4 4 0 2 2 0 0 1 0 3 1 3 0 1 2 1 4
   0 3 0 3 2 3 4 4 4 0 3 3 4 1 3 3 3 0 2 2 4 0 1 4 0 4 1 4 2 0 3 4 2 0 1
   4 3 3 0 1 1 1 4 1 1 1 1 2 4 4 1]
  [0 3 4 4 4 0 3 3 2 2 1 0 0 2 3 1 2 0 2 3 0 4 3 4 0 4 3 0 1 2 1 3 4 3 1
   3 4 3 4 0 1 0 2 3 2 0 1 2 1 3 4 4 4 2 2 4 4 1 2 4 4 2 2 4 4 2 4 4 1 1
   0 0 1 1 3 0 2 1 3 0 4 0 0 1 2 0 2 1 1 4 0 4 1 2 3 4 1 1 1 3 1 3 3 2 0
   4 3 1 4 2 1 2 0 1 1 4 3 1 0 1 0]
  [0 4 0 2 4 0 4 2 2 3 1 1 1 3 4 1 1 3 0 4 0 4 4 2 3 0 3 3 4 0 4 0 4 1 1
   1 3 2 0 1 0 1 0 1 4 2 4 4 2 1 3 3 2 0 4 1 0 2 1 3 3 1 3 4 2 1 0 3 0 1
   2 2 0 1 0 1 1 3 3 0 3 3 0 3 1 0 3 3 2 1 3 2 4 0 3 4 2 0 0 4 1 3 4 4 0
   1 2 2 2 4 4 4 0 3 1 4 1 4 1 3 1]
  [0 4 3 0 0 0 3 1 1 2 4 2 0 1 4 1 0 0 4 1 1 2 1 2 4 3 0 2 4 4 4 2 3 3 1
   3 4 0 1 2 3 0 0 1 2 3 0 2 2 4 1 4 2 2 2 2 1 2 1 4 0 1 1 1 3 0 0 3 2 2
   2 3 4 0 3 1 2 2 4 1 1 3 2 2 3 3 2 3 0 4 1 1 4 4 0 4 4 0 4 1 2 2 3 3 4
   2 4 3 4 0 3 0 1 1 4 1 2 3 3 4 1]
  [0 3 0 2 0 2 0 1 1 3 4 4 1 1 1 0 4 3 3 0 2 0 2 0 4 2 0 2 3 4 1 3 3 4 0
   2 0 4 0 0 4 4 0 1 3 4 3 0 0 0 4 3 0 4 1 2 3 1 3 3 2 0 3 0 0 3 0 4 2 0
   0 4 4 3 0 4 4 3 0 2 0 4 1 2 2 1 2 4 4 2 2 2 2 3 1 2 1 0 2 3 1 3 1 1 3
   0 0 4 0 4 2 2 0 0 4 4 2 3 4 3 2]
  [0 4 1 2 3 1 0 2 1 0 1 3 3 2 2 2 4 4 0 4 1 2 1 1 3 1 0 3 0 0 3 4 0 2 0
   0 2 4 3 2 2 1 4 0 2 4 0 3 3 4 3 4 2 3 1 0 1 4 0 3 4 4 3 2 4 1 4 1 4 4
   2 1 2 0 2 4 2 2 3 1 3 1 2 2 0 1 0 0 1 1 0 0 1 0 1 1 1 3 4 4 1 3 1 1 3
   4 1 2 3 4 0 4 2 3 4 4 1 0 1 4 4]
  [0 3 1 3 0 4 3 4 1 4 0 0 4 3 0 3 3 4 0 2 4 1 2 1 3 3 3 1 3 3 2 3 3 3 1
   3 2 4 4 1 2 2 1 3 0 0 3 2 0 0 0 3 4 2 3 2 1 3 3 0 4 1 0 1 2 4 1 2 4 3
   0 4 1 4 1 4 2 4 0 0 1 3 0 3 0 2 0 4 4 0 3 2 4 2 0 0 0 4 1 0 1 1 2 1 3
   1 1 3 2 0 0 0 3 2 0 0 0 2 4 4 2]
  [0 1 0 1 0 4 2 2 3 0 4 1 0 0 4 2 1 4 4 0 2 1 3 4 2 0 3 4 4 1 4 4 0 3 2
   3 2 2 1 2 3 4 0 4 4 0 2 3 2 1 3 0 4 4 4 0 1 4 4 2 0 3 4 4 2 1 0 4 1 0
   0 2 1 2 2 0 1 1 3 4 2 0 2 3 0 4 1 3 2 0 0 4 1 1 1 2 3 2 0 1 4 1 0 4 3
   2 3 4 4 4 0 4 3 2 4 3 4 3 2 2 1]
  [0 0 2 0 0 3 1 3 0 2 0 3 1 3 1 2 3 2 0 0 1 0 2 0 3 1 4 3 2 1 2 1 0 4 2
   0 2 1 1 2 1 0 2 2 3 3 0 3 2 1 3 0 3 4 1 0 1 1 0 1 0 2 4 4 2 0 3 3 3 4
   1 0 4 3 3 0 4 2 3 0 0 2 0 3 1 4 4 3 4 3 4 1 3 4 3 1 4 2 3 3 3 0 1 1 2
   3 4 3 4 2 3 2 2 1 2 3 2 3 3 2 1]
  [0 0 0 2 2 0 3 2 3 4 4 1 3 1 4 1 1 2 1 2 0 3 1 2 3 0 2 3 0 0 2 1 0 1 0
   4 0 2 2 4 0 0 1 4 1 3 0 0 2 4 2 0 2 2 0 1 3 2 3 3 3 4 0 4 4 3 0 2 0 4
   2 0 3 2 2 1 0 1 3 2 4 3 4 4 2 4 2 4 2 3 1 3 2 4 3 3 2 2 4 0 3 3 2 3 1
   0 1 3 2 3 2 3 2 2 2 3 3 2 4 4 4]
  [0 0 3 0 0 1 2 4 2 1 2 3 1 3 2 4 4 2 2 3 1 2 4 1 1 2 0 4 1 0 4 3 3 0 0
   0 0 0 0 4 1 1 2 0 1 3 2 1 0 1 2 0 4 0 4 1 3 1 3 0 0 2 2 3 4 3 3 3 1 4
   2 3 2 4 0 3 3 0 4 2 3 2 0 4 1 3 1 0 2 4 4 4 2 0 0 1 4 0 3 4 4 2 2 3 3
   2 1 4 1 3 0 2 2 1 0 4 2 1 2 0 0]
  [0 2 3 3 0 0 0 2 0 3 1 4 4 3 1 0 0 2 4 3 3 0 2 3 2 3 1 1 0 3 4 0 0 0 2
   4 0 3 3 0 4 4 2 2 0 2 0 1 4 0 3 2 1 4 3 1 3 1 2 1 4 3 1 1 1 0 4 3 0 3
   1 4 2 1 3 0 0 1 4 2 4 2 0 4 4 1 1 2 1 1 3 0 1 2 3 3 2 2 3 4 3 0 4 1 4
   3 2 3 0 2 4 3 0 3 1 2 2 0 4 2 0]
  [0 4 1 3 0 0 0 4 3 2 1 1 3 1 1 4 2 1 2 3 1 3 2 4 4 1 1 4 2 0 0 2 1 1 3
   0 1 3 3 0 3 3 2 4 3 4 4 2 3 3 0 2 1 4 0 2 0 2 2 2 0 1 1 3 2 3 1 2 1 0
   1 2 3 0 2 4 2 1 1 1 2 1 1 2 3 2 4 1 3 3 1 3 1 0 4 0 2 3 0 4 4 1 0 1 4
   0 4 0 4 4 0 4 2 3 2 2 2 1 1 0 3]
  [0 0 1 3 3 2 4 4 3 1 4 3 3 3 4 3 3 0 3 2 0 0 0 0 2 1 1 3 4 1 4 2 1 4 2
   0 0 1 1 4 3 0 0 0 0 1 4 0 2 2 2 0 0 0 0 1 0 0 4 3 0 0 1 1 1 2 2 1 2 4
   2 0 4 0 4 3 2 2 2 1 2 3 0 4 2 4 3 4 0 0 2 3 0 1 1 3 2 0 1 4 2 1 3 3 2
   0 0 2 2 3 1 0 3 2 2 2 1 1 3 0 2]
  [0 4 4 3 0 3 1 4 3 1 3 1 3 0 4 2 3 3 3 0 4 2 2 2 3 2 0 2 2 1 2 0 0 2 4
   0 0 2 2 2 1 3 4 3 3 1 4 2 1 1 3 3 0 4 0 0 2 3 0 4 4 0 4 3 4 0 0 2 2 1
   4 2 3 3 1 3 3 1 3 4 0 4 0 3 4 2 3 1 2 0 3 1 1 1 2 0 4 2 4 4 0 2 4 1 3
   1 4 4 3 3 4 2 4 2 2 3 3 2 0 4 1]
  [0 2 4 3 1 4 1 1 1 0 2 2 4 3 1 4 0 4 2 1 1 3 1 0 2 0 4 1 2 1 2 2 3 4 1
   2 2 4 1 0 4 1 2 0 1 3 0 3 0 3 2 4 3 0 3 0 2 0 1 0 1 0 4 0 4 4 1 0 0 2
   4 2 0 4 3 4 3 0 1 4 0 4 0 3 0 1 0 1 2 2 3 1 4 3 1 2 1 2 0 3 4 4 0 1 0
   0 3 3 3 1 1 4 3 2 3 3 1 4 2 2 4]
  [0 3 2 1 0 3 4 4 2 1 2 2 2 4 3 1 4 4 2 0 2 4 1 1 2 3 4 4 2 4 4 4 3 4 2
   4 2 3 1 1 2 0 3 3 4 2 2 2 0 0 3 3 3 4 0 2 3 2 2 0 3 0 3 4 1 4 3 1 1 4
   2 4 0 4 3 1 4 1 3 4 0 1 4 0 1 1 2 4 1 3 3 2 0 4 4 2 2 3 0 4 0 4 1 1 0
   1 2 1 0 1 2 3 4 4 1 4 2 4 2 4 2]
  [0 4 4 4 2 3 1 1 2 1 2 4 1 1 2 1 1 0 1 2 2 2 3 4 4 3 1 1 3 0 3 0 2 0 0
   1 4 0 3 3 2 1 4 2 1 4 3 1 4 2 2 3 0 1 1 0 4 4 3 2 2 1 0 0 0 0 1 0 3 0
   3 1 2 2 3 1 0 1 3 1 1 0 2 4 1 4 0 3 2 4 0 1 0 1 2 2 3 1 0 0 0 0 3 1 0
   2 2 4 0 2 3 3 4 1 0 1 3 2 4 4 1]
  [0 3 3 1 2 4 0 2 0 1 1 1 1 1 2 0 2 0 0 3 1 0 0 0 2 0 0 1 3 2 3 1 1 4 2
   3 3 4 4 2 2 0 3 0 2 3 0 0 0 4 0 2 3 1 4 1 0 3 2 1 3 2 2 1 1 2 0 4 4 0
   2 2 2 1 0 3 2 0 0 1 0 4 1 3 3 1 4 2 0 0 3 1 1 1 1 3 0 0 4 3 0 3 0 1 2
   0 4 3 2 1 0 2 3 1 1 0 0 4 0 3 3]
  [0 0 1 3 0 3 4 1 1 3 3 2 4 2 0 0 3 4 4 4 1 4 4 1 1 4 3 3 4 0 0 0 4 4 1
   1 4 1 3 1 2 0 4 0 4 3 3 1 1 3 0 3 3 0 3 1 1 0 1 1 1 4 2 3 0 2 3 0 1 1
   2 0 0 2 3 2 1 1 1 0 3 4 0 3 3 0 2 3 4 4 0 0 1 2 4 2 2 0 2 1 3 1 3 2 4
   3 4 2 4 4 0 0 2 1 1 3 0 4 3 0 3]
  [0 1 2 3 1 2 4 2 2 2 1 0 4 0 1 2 1 2 4 2 0 4 2 3 4 1 0 3 1 1 0 1 3 2 3
   1 2 0 3 0 2 0 3 3 4 1 2 2 1 1 4 3 2 3 3 1 0 2 0 3 3 3 4 3 2 2 0 4 0 2
   0 1 2 1 1 4 1 1 1 1 3 0 1 0 3 4 2 4 3 3 0 0 3 0 3 0 4 2 1 3 0 4 2 0 3
   2 0 3 0 1 0 4 1 1 0 0 2 0 3 4 2]
  [0 2 4 2 4 4 4 1 0 4 1 1 4 1 2 2 3 4 3 2 0 3 4 0 1 2 0 0 2 2 4 1 1 2 3
   4 0 1 0 1 3 2 4 2 0 0 2 2 1 2 1 3 4 3 4 3 4 3 1 0 3 4 1 4 1 0 1 2 3 4
   1 2 1 2 3 2 0 2 0 2 4 3 0 1 1 1 1 3 4 2 2 1 2 1 2 1 0 0 3 4 1 3 3 3 2
   3 4 2 0 0 0 4 1 1 4 2 4 2 2 4 0]
  [0 0 0 1 2 2 2 3 2 1 3 0 1 3 4 4 0 2 4 2 0 4 4 4 1 0 3 4 0 4 4 0 2 4 1
   0 1 1 0 3 0 2 4 3 4 0 1 4 0 0 3 3 1 4 2 4 3 1 0 0 0 1 4 1 2 4 0 2 1 4
   4 0 1 2 2 0 3 3 0 2 3 1 0 3 3 2 4 0 0 3 4 3 3 3 1 0 1 0 2 0 2 3 4 3 4
   3 0 1 2 3 3 1 3 0 4 2 3 4 3 1 0]
  [0 2 2 3 0 2 3 3 2 4 1 2 3 1 0 3 1 1 0 3 1 4 0 2 2 0 4 1 3 3 4 1 1 1 0
   1 0 4 4 3 3 4 3 0 3 2 3 1 4 4 4 1 1 1 0 2 1 3 0 2 0 0 3 2 0 3 0 0 3 1
   0 0 3 1 0 3 2 3 2 0 2 2 0 1 1 3 2 2 4 3 3 1 3 4 0 1 3 4 0 4 3 4 4 0 4
   4 4 2 2 4 0 4 4 1 1 2 2 2 3 0 0]
  [0 4 2 0 4 4 4 0 4 4 0 3 2 3 2 4 0 3 2 3 3 4 1 2 3 2 1 3 4 2 1 4 4 1 4
   3 1 0 3 2 4 2 0 2 4 0 3 2 4 4 0 3 0 1 0 0 3 2 3 1 1 0 0 4 3 4 4 2 2 0
   4 4 4 4 1 3 2 2 2 4 1 2 4 1 0 1 0 2 0 4 4 1 0 0 4 3 2 0 0 2 3 4 3 1 4
   2 4 3 4 1 4 4 3 1 4 4 4 0 0 0 1]
  [0 0 4 3 2 1 1 1 0 1 3 1 4 3 1 4 4 1 3 3 1 4 1 4 0 4 0 1 4 3 4 2 3 3 2
   0 3 2 1 4 1 4 3 0 0 2 2 2 2 4 2 3 4 0 3 2 0 4 2 4 3 3 4 0 3 4 3 3 4 0
   2 1 4 1 1 3 1 3 3 0 3 0 1 2 2 4 4 0 4 2 4 0 2 1 2 4 3 3 2 3 3 4 2 3 0
   0 4 4 2 3 1 2 3 3 0 2 2 2 3 3 3]
  [0 2 1 0 0 1 0 2 4 2 4 0 3 0 2 0 1 2 2 3 1 1 2 3 2 0 1 1 3 1 1 2 2 4 1
   4 2 0 3 2 2 3 4 4 1 2 1 4 2 3 3 1 2 0 1 2 4 4 0 3 4 0 0 1 0 2 1 2 2 0
   2 4 3 1 2 0 1 3 2 3 4 3 2 4 4 2 1 3 3 2 4 2 4 1 1 0 1 3 1 2 2 3 1 2 0
   3 3 2 4 1 2 0 1 4 2 2 0 3 1 4 2]
  [0 3 2 0 2 3 4 2 3 2 0 0 1 4 1 4 4 1 4 1 2 1 4 0 1 4 0 3 0 0 4 3 4 4 0
   4 3 0 0 4 2 1 0 3 3 4 0 3 3 3 2 2 0 0 4 3 4 4 1 4 2 4 4 0 4 0 3 4 1 3
   3 3 0 0 1 1 0 4 3 2 3 0 4 4 1 2 4 4 0 0 2 0 3 2 3 3 3 2 0 1 3 1 0 1 3
   4 1 0 0 4 3 1 2 4 1 4 4 3 1 4 0]
  [0 1 1 0 4 2 4 2 0 1 1 3 1 2 1 1 2 3 2 1 2 2 1 3 0 3 4 1 0 4 4 3 2 3 2
   1 2 2 2 0 1 4 3 3 0 0 4 3 3 4 1 0 2 3 0 0 1 4 1 1 3 1 2 3 2 2 0 3 3 1
   0 2 2 0 3 3 2 1 1 3 1 3 0 2 3 1 1 0 3 2 3 0 4 2 1 0 4 4 4 2 2 1 4 4 0
   4 2 1 2 0 1 2 0 0 1 2 0 3 2 3 0]
  [0 4 2 1 2 2 4 2 2 3 1 3 3 4 0 0 4 3 1 1 4 2 0 4 3 2 2 1 0 1 2 1 1 1 3
   0 3 2 4 3 2 2 2 0 2 1 1 0 2 4 4 2 4 0 0 0 0 1 0 4 3 0 3 0 2 2 1 0 0 2
   1 4 1 0 3 2 1 4 3 0 1 4 4 0 2 2 4 0 2 2 3 1 1 3 1 0 0 0 3 3 3 0 1 3 4
   4 4 1 4 1 3 2 1 3 2 1 1 4 3 4 2]
  [0 1 3 0 3 0 1 2 4 4 0 4 0 0 1 3 4 4 1 3 0 1 0 1 0 4 2 3 3 3 1 3 0 3 0
   2 4 3 3 2 0 2 2 1 4 1 4 4 2 0 1 3 1 1 4 2 0 4 3 2 1 0 2 4 0 3 3 0 0 1
   2 0 4 1 4 2 0 4 1 3 1 0 0 4 3 2 3 4 1 4 1 2 4 3 4 3 2 1 0 0 2 3 4 4 0
   4 2 2 4 4 1 1 2 0 4 0 1 2 1 0 4]
  [0 2 0 1 4 1 4 4 0 1 1 2 3 0 0 2 2 1 4 3 0 1 0 3 4 2 4 2 2 3 3 1 2 0 4
   2 4 3 3 4 1 0 2 1 2 1 1 0 4 1 0 0 1 1 2 3 4 4 3 0 3 2 1 1 0 0 4 3 2 0
   1 0 3 1 0 3 3 3 2 4 0 2 4 4 0 3 0 3 0 1 4 3 4 2 1 0 3 2 4 4 2 2 2 3 2
   3 1 3 3 0 4 3 4 3 1 3 1 4 1 4 1]
  [0 1 4 3 3 0 4 1 1 2 1 0 1 2 4 4 1 1 4 3 0 0 0 0 4 2 3 4 2 3 4 2 4 0 1
   0 3 0 0 1 4 2 4 2 4 2 0 2 1 1 1 4 1 1 4 4 4 4 4 3 2 2 2 3 2 1 4 1 4 2
   0 2 0 0 4 3 4 4 1 3 1 1 1 4 0 3 3 0 1 1 3 3 1 2 3 4 2 1 3 2 3 3 2 2 2
   3 2 2 0 4 3 0 2 1 0 1 4 1 4 1 1]
  [0 3 2 1 2 4 4 1 4 0 1 4 0 1 1 3 2 4 1 1 4 2 3 4 2 0 0 4 0 1 3 0 0 0 2
   3 1 3 0 3 2 0 2 2 3 4 2 4 4 4 4 4 3 4 0 4 1 4 0 2 2 3 0 0 2 3 1 2 2 4
   0 0 2 4 2 0 4 4 3 2 4 4 1 4 1 4 3 4 1 1 1 2 0 1 2 3 4 3 1 1 2 3 3 2 1
   0 0 4 1 0 3 2 0 3 1 0 0 4 3 2 3]
  [0 1 3 2 2 1 0 3 2 2 2 1 3 4 2 1 4 1 3 0 1 1 4 3 3 1 4 3 1 2 3 3 0 2 2
   2 2 1 0 4 3 1 4 1 3 4 3 0 0 3 0 4 0 3 3 1 1 1 4 3 0 1 4 0 1 1 1 0 4 1
   0 3 0 4 3 1 0 4 0 4 0 0 4 0 0 4 3 1 0 1 0 3 0 1 2 1 4 0 2 2 3 4 1 3 3
   0 4 2 0 2 2 4 0 2 4 1 3 3 1 3 0]
  [0 2 0 2 0 4 0 1 3 1 2 3 4 3 0 1 1 3 4 0 0 1 1 4 0 2 2 3 4 4 0 0 3 3 2
   2 4 2 4 2 1 1 3 1 2 3 1 4 4 2 4 3 4 4 0 1 2 4 3 1 0 4 3 1 0 0 0 1 3 1
   0 0 2 0 1 2 0 4 2 4 0 0 1 2 1 4 1 3 4 1 1 0 3 2 0 0 2 2 3 2 3 2 0 1 1
   3 2 4 4 0 4 0 2 3 0 4 2 3 3 0 1]
  [0 2 0 3 3 1 2 1 2 4 2 1 4 0 1 2 4 1 1 2 4 1 1 3 2 2 1 3 4 1 1 4 1 1 3
   0 3 2 4 0 4 3 2 0 4 0 1 2 3 3 0 3 1 0 1 3 1 4 2 1 3 1 3 4 4 4 3 3 3 4
   3 4 3 0 0 0 1 1 1 2 0 0 4 4 4 2 3 2 0 4 3 2 3 0 3 1 2 4 2 4 1 3 3 1 4
   3 3 2 2 1 3 0 3 0 4 4 1 0 1 0 4]
  [0 2 2 4 1 2 0 3 3 0 1 3 0 2 3 3 3 2 1 2 3 0 3 2 2 0 1 1 0 0 1 4 4 0 3
   2 3 2 0 1 1 2 3 0 3 0 1 1 3 1 2 2 1 0 4 3 2 4 1 0 0 4 0 2 2 0 0 1 3 1
   3 1 3 0 3 0 0 1 0 2 0 2 2 4 1 3 3 3 0 3 0 0 4 4 2 2 2 4 3 2 3 4 0 4 1
   3 0 1 4 0 3 0 0 4 1 2 3 1 0 4 0]
  [0 2 4 3 4 4 0 4 1 2 1 0 2 1 3 0 2 3 4 0 4 2 1 1 3 3 1 2 3 2 3 4 2 3 1
   0 2 0 3 4 3 3 0 1 2 1 3 3 2 0 3 1 1 1 4 2 3 1 2 3 0 3 4 4 2 0 1 2 1 4
   4 3 1 2 4 2 0 3 3 4 2 1 0 3 1 4 2 0 2 1 1 1 1 1 2 4 0 0 1 4 0 2 4 3 3
   3 1 3 0 3 0 1 4 2 1 3 2 2 3 3 1]
  [0 3 2 1 1 3 1 1 2 3 2 1 4 2 4 4 1 3 2 1 4 3 1 2 0 2 4 3 4 4 1 1 2 4 4
   3 0 1 3 0 4 1 4 2 1 1 2 1 1 4 4 3 0 4 2 0 2 3 0 1 2 0 0 2 0 1 0 4 2 0
   0 1 0 2 2 1 3 0 1 0 4 4 3 3 3 2 0 2 3 3 4 1 1 2 3 4 0 0 4 1 4 2 3 1 4
   1 3 2 3 2 4 4 2 0 4 1 3 0 3 4 4]
  [0 2 1 2 0 0 2 0 0 1 0 0 2 2 3 4 1 1 4 1 0 4 0 1 4 1 2 3 0 3 2 3 1 4 0
   2 2 0 4 3 4 4 4 3 1 2 2 1 3 0 3 2 4 1 3 0 3 0 3 3 2 2 0 2 2 3 1 4 3 1
   2 3 0 1 1 1 3 1 0 3 0 3 0 2 4 3 4 4 1 3 3 1 0 3 4 3 1 3 1 0 4 0 1 3 1
   3 1 2 0 1 2 3 4 4 1 0 1 2 4 2 3]
  [0 0 3 3 0 3 0 1 2 1 2 4 0 4 4 2 2 0 4 2 0 2 4 3 2 4 4 4 0 4 2 1 1 3 1
   0 1 4 0 1 3 2 2 2 0 2 4 4 0 3 2 3 0 4 3 3 3 3 2 4 0 2 0 0 1 3 4 3 4 2
   0 0 3 1 3 0 0 0 0 0 3 1 0 0 1 2 4 0 0 0 1 0 0 1 4 4 4 4 1 1 0 1 2 0 2
   4 4 1 3 4 3 3 0 2 4 0 0 3 1 3 0]
  [0 0 0 0 4 2 4 1 4 1 3 0 2 3 3 1 2 2 4 2 2 1 4 2 2 1 4 0 4 0 4 2 2 3 2
   0 4 3 0 4 3 0 4 1 0 0 3 0 3 3 0 4 4 2 1 0 0 0 0 3 3 3 1 3 3 2 4 2 2 4
   0 1 1 4 4 4 4 0 3 3 0 2 4 1 0 0 1 4 3 0 4 4 0 2 2 2 3 1 0 4 2 1 2 0 4
   4 2 1 4 0 0 1 4 2 2 1 2 1 4 0 1]
  [0 1 3 2 4 3 1 2 4 2 4 2 1 4 0 4 3 4 0 3 3 1 0 0 4 0 4 4 4 2 0 1 4 2 0
   1 3 1 2 4 0 1 1 1 0 0 0 2 0 2 0 1 1 0 1 1 2 3 3 3 1 4 0 3 4 3 0 3 0 1
   4 4 4 0 4 0 1 4 1 3 1 0 2 0 2 0 4 4 2 3 4 2 2 4 2 2 4 0 4 0 1 4 3 0 2
   4 1 4 1 1 4 0 4 1 1 1 3 3 4 0 0]
  [0 2 1 0 1 4 3 4 2 4 1 4 2 4 3 2 4 2 1 3 4 3 1 0 0 4 3 0 2 0 0 3 3 3 4
   2 0 1 0 3 3 2 2 2 2 4 2 4 2 4 4 1 0 3 4 2 2 3 4 1 1 0 0 0 4 3 3 0 3 0
   3 3 2 2 0 1 2 2 4 2 0 2 0 3 4 0 2 4 4 2 4 1 0 3 2 3 3 4 1 2 0 1 0 0 0
   0 3 2 0 2 1 3 2 4 4 2 3 0 2 1 0]
  [0 3 0 0 2 2 2 1 3 0 1 3 3 3 0 1 1 3 2 4 1 3 1 3 3 4 3 0 1 0 2 1 4 4 1
   3 2 4 2 3 2 2 3 1 0 2 3 4 3 2 0 0 2 3 4 3 2 3 4 3 2 1 3 3 2 0 3 0 2 0
   4 3 4 4 3 1 1 4 1 3 3 0 1 0 3 3 1 3 4 1 2 3 3 0 3 0 3 2 4 0 3 2 3 2 2
   4 1 3 2 2 0 3 4 0 0 3 2 0 4 4 3]
  [0 0 1 0 0 0 2 0 1 0 3 4 3 3 0 2 2 2 3 1 0 4 1 1 0 1 1 1 1 4 3 1 3 4 3
   0 2 0 2 4 1 2 3 2 4 3 1 0 2 2 4 0 2 3 3 2 4 0 0 1 3 2 4 3 4 1 2 4 2 3
   1 1 4 3 3 2 3 0 2 2 4 3 4 3 0 4 4 4 4 3 0 3 2 3 1 4 1 4 4 1 1 3 1 2 4
   2 2 1 0 3 3 2 4 3 3 2 2 4 4 2 4]
  [0 4 3 3 4 3 1 0 0 0 0 2 2 1 3 4 2 4 4 1 1 2 2 4 2 0 3 4 1 2 0 2 3 1 1
   2 4 3 3 4 2 0 2 2 1 0 3 1 3 4 1 1 0 4 2 3 2 2 2 4 3 1 4 0 0 4 0 4 4 2
   2 2 1 0 4 0 3 2 0 0 4 1 2 4 0 0 3 4 4 4 4 1 1 0 4 3 3 0 0 4 3 1 0 0 3
   2 2 3 0 4 0 1 4 1 4 2 4 1 4 2 2]
  [0 3 0 4 3 2 3 4 1 3 3 0 0 0 4 1 2 4 3 3 2 1 3 2 3 1 2 4 2 2 2 2 1 4 1
   4 2 1 0 4 2 0 0 1 1 4 3 0 4 3 1 4 1 2 0 4 3 0 0 1 0 3 0 3 3 4 2 0 4 0
   2 0 3 4 3 1 0 1 3 3 1 1 4 2 1 4 0 4 1 1 1 1 1 2 4 4 3 1 1 2 1 2 3 3 3
   0 0 2 2 0 0 2 1 0 1 4 4 0 0 1 0]
  [0 1 2 2 2 4 1 2 4 4 2 0 1 4 4 4 4 2 1 4 2 3 1 0 2 1 1 2 1 4 2 3 4 0 3
   4 3 2 3 0 4 3 0 4 4 4 0 4 1 1 3 1 3 4 4 3 2 3 2 0 4 1 1 1 0 4 1 0 3 4
   3 0 0 1 3 0 3 2 1 1 2 1 0 1 2 0 4 0 4 2 0 1 3 1 2 1 4 3 2 0 3 4 1 1 2
   3 2 1 3 0 1 1 4 2 0 3 1 4 2 2 1]
  [0 0 3 2 2 1 3 4 0 2 3 3 3 4 4 0 0 4 1 2 0 1 3 0 2 1 3 0 3 0 1 3 0 1 4
   2 3 1 1 1 2 0 1 4 2 2 4 2 2 0 4 4 4 3 2 0 2 4 2 1 3 0 2 2 1 4 2 2 4 4
   0 0 0 1 0 3 4 0 3 3 2 3 3 4 4 3 4 2 0 4 4 4 0 3 4 2 0 4 0 0 0 3 4 4 0
   0 1 1 2 3 0 3 3 2 3 0 1 1 4 2 4]
  [0 0 3 2 1 2 4 3 0 0 1 2 2 4 2 2 0 1 3 0 0 0 0 2 4 4 0 1 4 1 3 0 2 4 3
   4 2 3 1 1 4 0 4 0 4 3 0 0 1 4 1 4 3 3 0 2 1 1 0 2 0 0 1 1 4 0 2 3 3 1
   2 3 0 2 1 1 2 0 4 3 2 0 3 1 2 1 3 1 2 0 4 4 4 4 4 1 0 4 0 4 4 3 0 4 4
   4 1 1 0 0 3 0 4 2 4 4 0 3 3 4 0]
  [0 1 2 4 2 0 3 0 4 0 1 2 1 2 1 4 4 1 3 3 2 3 4 0 4 0 1 3 1 3 0 1 3 3 2
   2 2 0 3 4 3 0 1 1 4 4 2 1 4 0 1 1 1 3 4 4 0 1 1 0 1 2 2 0 3 4 3 0 0 3
   1 3 2 4 0 3 0 3 0 2 2 3 4 4 2 4 0 1 1 2 0 3 4 1 0 3 2 0 3 4 2 2 0 0 1
   0 2 0 0 3 2 1 4 3 4 4 4 3 2 0 1]
  [0 4 3 0 3 2 4 1 0 1 2 0 2 2 1 1 3 2 0 3 4 1 1 2 3 3 1 2 2 4 0 0 0 1 4
   1 4 1 0 3 2 2 0 2 0 0 2 0 1 2 0 2 3 2 0 1 0 1 1 2 4 1 4 1 4 4 3 1 1 1
   3 3 2 3 2 3 4 0 0 4 0 3 0 2 0 3 4 2 3 4 2 0 1 1 1 4 1 3 3 2 2 4 3 1 0
   3 4 2 4 4 1 3 0 0 3 2 1 3 4 3 1]
  [0 2 2 1 3 2 1 0 1 2 3 3 2 2 3 2 1 1 1 4 2 0 3 1 2 4 3 2 3 4 1 3 2 3 2
   3 0 1 4 4 3 2 0 4 3 4 1 2 4 1 4 3 1 4 3 3 1 4 2 2 4 2 0 2 3 2 2 3 0 0
   3 1 3 1 2 0 0 4 0 0 2 2 2 1 1 4 4 0 4 3 3 2 0 0 3 0 2 1 1 3 1 3 4 4 3
   3 1 2 0 1 2 1 1 4 0 0 0 4 2 1 2]
  [0 1 2 4 3 2 2 0 4 1 3 1 4 0 3 4 2 0 1 3 0 0 2 4 3 3 3 2 2 2 1 4 4 2 0
   1 4 0 0 3 3 4 4 3 3 2 2 2 3 3 0 4 3 4 1 3 2 1 1 1 1 0 3 3 3 4 3 2 2 0
   4 1 2 1 2 0 1 1 2 4 2 3 2 0 1 2 2 4 0 1 4 0 4 0 3 1 0 4 1 4 2 0 3 4 2
   0 3 4 2 1 3 0 3 1 3 4 3 4 1 1 2]
  [0 2 4 0 0 1 2 2 2 4 3 1 1 1 2 2 4 4 1 3 1 4 4 1 4 0 0 0 1 2 3 3 0 0 3
   2 0 1 1 4 0 4 0 0 2 0 1 3 2 1 3 2 3 4 0 4 0 4 2 1 2 1 1 4 3 3 0 1 4 2
   2 2 1 2 4 2 3 0 2 1 1 3 4 4 2 0 4 3 2 3 3 3 2 3 0 4 3 3 3 4 3 4 3 3 2
   0 4 4 1 4 2 2 4 3 4 1 0 0 3 2 1]
  [0 3 4 4 3 3 1 2 2 3 4 0 4 4 1 2 2 3 2 4 1 0 2 1 4 4 1 3 2 2 3 2 1 0 2
   2 1 0 2 4 0 0 2 1 2 1 3 2 4 0 1 1 4 3 4 3 0 4 4 2 1 3 1 0 1 3 4 4 0 4
   4 1 3 4 3 4 3 0 2 1 2 0 2 0 0 1 4 3 1 0 1 4 2 0 4 0 2 0 2 0 4 4 1 3 2
   0 4 1 1 3 2 4 0 4 1 0 3 3 2 4 2]
  [0 0 0 3 4 0 4 1 2 2 4 1 1 2 0 2 4 1 2 3 3 1 0 3 3 0 4 1 1 3 1 0 2 1 3
   1 1 0 0 2 2 0 0 2 4 2 4 4 0 2 4 1 2 4 2 3 0 3 3 3 0 3 1 1 0 4 0 3 0 2
   0 0 1 4 0 3 4 0 1 2 1 1 1 0 3 4 2 2 2 4 2 4 1 1 1 1 0 3 3 4 4 0 0 4 3
   3 3 4 0 3 0 2 4 0 2 4 1 2 3 2 2]
  [0 3 3 3 4 2 3 0 1 2 4 4 2 2 1 2 2 3 4 1 1 0 3 2 2 4 0 3 4 0 0 1 4 0 4
   4 2 1 1 3 2 1 2 0 0 3 3 0 1 2 3 2 0 2 0 4 1 3 3 3 4 2 3 3 2 2 3 0 1 3
   2 1 3 0 0 4 4 3 0 2 4 2 4 3 2 2 0 1 2 2 0 4 2 3 0 4 3 0 1 4 1 1 2 4 1
   4 3 4 4 2 2 1 1 4 3 0 2 3 4 1 0]
  [0 4 4 2 0 4 1 0 4 1 3 4 3 0 0 1 2 3 3 2 2 3 1 0 3 4 0 2 3 2 2 2 0 3 1
   2 3 3 1 2 4 2 4 2 3 2 4 1 1 4 4 1 3 1 1 1 4 1 2 3 2 0 1 0 3 0 0 4 2 3
   2 4 0 0 3 1 3 3 4 0 4 3 3 1 3 3 0 2 1 3 0 3 0 0 0 4 4 2 0 3 3 4 1 1 4
   1 2 1 1 4 1 1 0 1 4 0 3 1 0 4 4]
  [0 1 0 1 1 2 4 4 0 3 0 2 1 0 0 3 4 3 3 1 0 0 0 0 1 1 1 2 4 0 4 1 4 1 1
   4 0 3 0 4 4 4 1 1 2 0 4 2 1 3 3 4 4 0 0 1 0 2 0 1 0 0 1 3 0 2 0 2 1 3
   0 1 1 3 4 1 4 0 0 4 3 0 2 4 2 0 3 3 0 2 3 2 0 1 3 2 3 3 1 0 0 2 2 2 1
   1 2 1 4 0 3 2 4 2 3 0 2 3 3 1 3]
  [0 1 4 2 2 3 4 4 2 1 1 1 0 2 0 3 0 0 4 3 1 2 3 2 4 1 3 0 2 4 3 4 2 3 4
   3 1 0 2 4 4 1 2 4 4 4 2 4 1 1 1 1 4 1 1 3 2 1 4 1 1 2 2 3 1 1 0 4 0 0
   2 0 2 0 2 1 2 4 2 1 1 0 3 1 2 4 3 0 3 1 0 2 1 4 0 4 4 4 1 0 0 1 4 4 3
   1 0 4 2 0 3 0 4 2 2 1 1 3 2 0 1]
  [0 1 0 3 1 0 0 1 4 1 0 2 3 2 0 0 3 0 4 2 0 0 4 3 4 3 3 4 3 0 3 2 3 4 4
   0 1 0 0 0 3 3 0 3 2 3 0 4 4 4 0 2 2 1 3 3 3 4 2 2 3 0 1 0 1 4 2 4 1 4
   0 1 0 0 1 1 2 2 0 0 1 4 0 0 0 0 2 4 4 3 1 4 0 3 1 0 2 0 3 4 0 0 0 3 4
   1 2 0 0 4 3 3 2 1 3 0 2 0 4 2 0]
  [0 2 3 4 4 3 0 1 0 2 4 2 2 2 2 2 2 1 4 0 0 0 3 3 4 4 1 0 0 2 2 2 0 2 4
   0 4 1 2 2 2 4 1 2 0 4 2 1 2 0 1 2 4 4 2 0 4 2 0 3 3 0 4 3 4 4 1 2 0 2
   4 0 4 0 2 4 0 4 2 0 1 3 0 4 1 3 0 3 2 0 1 3 3 3 2 0 1 3 0 3 0 3 0 4 1
   4 2 0 3 1 1 3 4 4 1 1 3 4 0 4 0]
  [0 3 2 4 4 0 1 0 4 4 3 0 2 4 0 3 0 0 4 1 4 0 1 1 0 2 2 4 2 3 3 1 4 2 1
   2 3 3 0 1 4 1 1 0 3 4 0 4 0 0 2 3 0 4 3 4 3 3 1 1 0 0 3 0 4 4 0 0 3 1
   0 3 0 3 1 1 1 4 2 3 2 0 3 0 3 3 3 1 3 0 0 4 0 3 3 0 2 0 1 3 0 0 1 0 4
   4 1 1 3 0 0 0 1 4 2 2 4 1 3 1 3]
  [0 0 1 3 4 2 3 4 2 2 3 3 0 2 0 3 4 3 3 3 2 0 3 2 0 4 1 0 3 0 3 2 1 1 2
   4 4 1 4 4 2 1 0 1 2 1 2 0 1 1 0 2 3 4 3 3 1 2 0 3 0 1 2 1 1 1 3 0 3 4
   0 0 3 1 4 4 3 1 0 1 1 1 3 0 1 0 4 1 0 0 0 2 4 0 4 3 3 4 2 1 4 0 3 1 0
   0 4 1 0 1 3 1 0 3 2 3 2 1 3 3 3]
  [0 3 0 3 0 3 0 4 0 3 3 2 4 1 0 1 1 1 4 2 2 0 0 2 0 2 1 0 2 4 3 1 4 4 1
   2 3 2 4 2 0 0 1 2 0 4 2 4 1 4 3 3 1 1 2 0 4 1 2 0 3 4 4 1 2 0 4 3 3 1
   2 2 0 3 4 4 1 3 4 3 0 3 2 3 0 0 1 1 1 0 2 0 1 4 0 2 3 0 3 2 3 3 3 3 4
   0 3 0 2 1 0 0 0 3 2 0 0 1 4 3 3]
  [0 2 3 4 2 4 0 0 3 3 0 2 2 0 3 1 3 4 0 3 1 3 2 3 0 1 4 3 1 3 3 0 2 0 3
   0 4 3 4 3 2 3 1 4 2 3 0 1 1 2 2 2 1 3 3 2 0 2 3 4 1 3 0 0 0 4 4 1 1 2
   0 1 1 2 2 0 1 3 2 4 4 0 0 4 3 1 4 1 1 1 1 3 4 4 3 1 3 3 2 1 1 4 1 1 3
   2 0 3 4 3 4 1 2 4 3 2 1 2 3 2 0]
  [0 2 0 2 0 3 2 0 1 2 2 1 4 4 3 1 0 2 2 1 2 3 0 4 0 3 0 3 2 3 4 2 3 3 3
   3 2 4 2 2 3 1 4 2 0 4 0 1 0 0 0 2 1 0 4 3 0 3 2 4 2 0 1 0 1 3 1 0 3 0
   3 2 3 0 4 3 0 2 3 1 2 4 0 3 3 4 2 0 4 4 4 2 0 1 2 1 1 2 0 3 4 3 2 2 0
   0 0 0 4 1 1 2 3 2 3 4 0 3 0 4 1]
  [0 2 3 3 0 4 0 3 4 3 4 1 0 4 4 0 0 3 3 0 1 0 0 0 4 0 0 1 0 3 0 4 0 4 1
   4 2 2 2 3 0 4 2 4 1 4 1 2 0 0 1 4 1 3 4 0 1 0 1 0 4 1 3 1 2 4 1 4 3 1
   0 2 1 2 0 4 0 1 1 4 3 1 4 4 2 3 0 3 3 4 2 1 4 3 3 2 2 0 0 3 1 4 0 0 3
   0 2 3 0 1 0 2 1 2 0 0 1 1 4 2 1]
  [0 2 2 2 2 1 0 2 0 0 0 0 3 2 3 3 1 0 0 2 3 4 0 4 1 1 4 1 1 2 4 4 1 1 3
   1 1 3 3 3 4 2 4 3 4 4 3 2 2 2 1 0 0 2 3 0 4 0 3 4 3 0 3 2 3 3 4 3 3 1
   1 2 0 1 4 0 2 4 4 1 2 3 2 2 2 3 4 3 3 3 0 2 0 0 2 1 0 1 2 4 2 1 3 4 0
   4 1 0 0 0 2 1 1 1 1 2 1 1 2 4 1]
  [0 3 2 2 1 2 4 4 0 0 1 4 3 2 2 0 2 3 2 3 3 1 0 3 2 1 4 2 1 4 3 2 2 2 1
   0 4 4 3 2 4 0 1 4 4 1 2 1 3 1 0 3 0 1 4 1 0 2 1 4 3 1 3 0 1 1 2 4 4 1
   2 1 3 3 2 3 0 0 2 2 0 2 4 0 3 4 4 1 3 2 3 2 3 4 2 1 1 3 2 0 0 0 4 2 1
   4 4 0 3 4 0 2 0 2 4 4 3 3 4 2 4]
  [0 4 4 2 2 1 4 1 0 0 1 4 0 3 0 4 4 3 0 3 3 4 4 3 0 3 1 0 2 0 4 3 4 0 0
   2 3 0 1 4 4 2 2 2 4 0 3 4 2 3 2 4 4 3 0 3 0 4 3 4 3 0 2 2 1 4 2 3 3 4
   0 3 4 0 1 4 1 4 0 3 1 4 1 2 4 4 3 4 0 3 3 3 4 2 1 3 1 4 0 3 1 4 1 0 4
   4 1 3 4 3 0 0 4 0 1 0 0 0 0 1 4]
  [0 1 3 1 2 3 1 2 3 1 3 4 1 1 4 4 3 1 2 1 4 2 4 3 1 0 2 1 0 3 0 3 1 0 2
   2 1 2 4 3 2 0 0 1 1 3 2 2 4 0 4 2 3 4 0 4 2 4 4 1 3 4 1 2 4 2 2 4 0 1
   1 1 2 4 3 1 1 4 3 1 0 3 2 2 0 2 4 4 3 0 3 1 4 0 0 1 2 0 0 4 4 1 3 0 4
   2 1 0 2 1 4 3 0 4 3 0 4 1 4 2 1]
  [0 0 4 4 3 2 4 1 3 0 4 4 4 1 3 4 0 4 0 4 2 3 1 3 1 1 4 0 4 1 2 1 2 0 3
   0 2 0 4 3 2 4 1 2 1 3 4 3 3 3 0 4 4 0 0 1 2 3 1 1 4 1 3 0 3 3 1 1 1 0
   0 1 1 3 2 2 1 1 4 1 2 3 2 2 4 1 1 3 1 4 2 4 2 0 2 2 3 0 1 0 0 3 0 3 1
   2 0 1 0 2 1 4 2 0 2 2 2 3 2 0 2]
  [0 1 3 3 0 0 0 0 2 2 4 0 1 3 1 3 0 0 2 0 1 4 4 4 3 0 4 3 2 4 1 0 4 0 0
   2 2 4 0 0 2 2 0 2 1 2 3 1 3 2 4 1 2 4 0 0 1 0 4 2 4 3 2 0 1 3 3 2 3 4
   2 4 1 4 0 4 1 3 1 2 2 3 1 3 2 2 4 3 3 1 0 4 0 3 3 2 0 2 0 1 0 1 4 4 4
   3 4 1 1 4 3 3 0 4 0 1 4 1 0 1 1]
  [0 3 0 1 3 3 1 2 3 4 0 2 3 4 4 3 4 4 2 0 1 4 2 3 4 1 3 0 4 1 0 0 3 2 3
   0 1 0 0 2 1 0 1 1 4 4 0 3 0 4 3 1 3 0 1 4 2 3 2 4 4 4 2 2 4 0 2 1 3 0
   2 2 0 2 3 1 0 4 3 0 4 0 4 4 4 4 1 1 1 1 1 2 3 3 2 0 4 4 3 1 3 4 3 4 1
   4 3 4 2 2 1 3 4 3 4 0 3 4 2 0 3]
  [0 4 0 2 4 2 3 4 0 1 2 3 2 0 0 4 4 3 4 3 2 3 0 2 2 0 0 3 3 1 0 0 3 2 2
   1 3 0 0 3 3 0 1 4 1 4 4 4 0 3 4 1 0 4 2 1 1 2 2 1 3 3 0 0 3 0 2 2 2 2
   0 0 2 2 3 1 0 4 3 2 0 4 0 2 2 1 1 2 4 1 3 4 4 4 3 4 0 4 1 2 0 2 1 0 3
   3 4 2 2 4 2 2 3 0 0 1 0 1 0 3 3]
  [0 3 1 4 3 3 4 2 2 1 0 3 3 3 2 1 0 0 3 4 2 1 3 4 4 3 1 2 2 4 3 2 1 4 0
   1 3 2 2 1 3 3 1 4 4 3 0 2 2 0 0 3 4 1 4 3 3 4 3 4 1 4 2 1 3 2 4 4 1 1
   2 1 2 2 2 2 2 0 1 0 4 1 2 1 0 1 4 2 1 0 3 4 1 0 3 3 2 3 3 2 0 0 4 0 4
   2 4 2 1 1 4 1 3 4 1 3 3 0 0 1 0]
  [0 0 2 3 0 1 3 1 3 1 4 4 0 2 2 0 1 2 0 4 3 2 4 3 0 4 0 1 3 2 1 4 2 2 4
   1 3 3 0 2 2 2 1 0 1 0 1 2 2 4 1 0 2 1 1 2 1 4 4 4 2 3 0 0 2 0 1 1 3 0
   2 4 3 2 4 3 3 1 4 0 3 2 4 2 0 0 4 4 2 0 3 3 3 2 0 0 1 2 4 4 2 0 1 3 0
   1 4 2 4 2 3 3 2 2 4 0 4 1 0 0 1]
  [0 4 2 4 0 2 2 4 0 3 2 2 0 0 2 3 3 4 1 3 2 0 2 1 1 1 3 0 1 2 3 3 3 1 1
   4 1 2 4 2 1 4 1 0 4 0 4 0 4 2 1 0 1 1 1 1 2 0 1 4 2 4 2 1 3 2 0 4 4 4
   3 0 4 2 4 3 4 4 3 3 1 0 1 2 4 2 4 4 1 0 1 1 3 2 2 0 2 4 2 4 1 3 4 4 0
   3 4 4 2 0 2 1 1 2 1 1 0 0 0 0 4]
  [0 2 0 4 4 2 2 1 4 1 1 4 1 0 2 0 3 0 0 4 1 0 3 1 3 0 0 3 4 4 0 2 0 4 1
   0 2 1 2 2 0 3 2 4 3 0 1 4 1 2 1 2 2 3 3 2 4 2 2 2 3 0 2 2 4 0 0 1 0 0
   1 0 2 0 3 2 4 2 4 2 1 4 0 4 1 2 4 0 4 3 1 1 1 4 4 0 1 2 0 2 1 0 3 3 1
   3 2 1 3 0 1 2 4 1 2 1 2 3 3 2 0]]

 [[0 3 3 1 3 0 0 0 3 1 3 3 3 4 2 0 1 1 3 2 1 2 2 0 1 4 1 2 3 1 3 1 0 0 2
   3 0 3 4 0 1 4 2 0 2 0 4 2 3 2 3 1 4 1 1 4 0 4 0 2 1 1 4 1 0 3 3 0 0 4
   0 2 2 4 4 2 3 1 4 3 2 3 0 1 3 4 2 3 4 1 1 1 3 3 0 2 3 0 3 2 1 3 3 1 2
   4 3 4 1 1 4 1 3 2 4 0 0 2 3 4 2]
  [0 0 3 2 1 2 1 4 0 0 3 3 3 1 2 1 3 2 0 3 2 2 3 3 4 4 1 3 4 3 0 4 3 0 4
   1 2 2 4 2 0 1 0 2 3 4 3 1 4 1 1 3 3 0 4 4 2 2 4 2 2 1 1 4 1 3 0 3 3 1
   4 4 1 3 3 4 4 3 1 3 3 3 3 1 4 0 0 1 4 4 1 0 4 0 3 0 3 0 2 1 2 4 4 0 1
   3 0 3 0 2 2 0 2 0 4 2 3 1 3 0 2]
  [0 4 0 0 4 1 1 4 3 1 4 2 4 1 3 4 4 3 1 1 1 4 3 3 1 2 1 3 4 2 2 1 4 4 1
   1 4 4 2 4 3 2 0 2 0 2 1 4 1 3 1 1 1 0 3 1 2 0 2 3 2 3 3 1 3 2 3 3 1 3
   4 3 2 3 0 4 3 4 2 1 1 2 0 0 4 1 3 2 1 3 4 3 0 1 2 2 4 1 4 1 1 1 0 4 1
   0 0 2 3 4 0 4 2 2 4 0 2 1 1 3 4]
  [0 2 3 0 4 4 1 0 0 2 0 4 0 2 1 2 4 3 4 4 3 4 1 4 0 1 2 2 3 2 0 2 1 1 1
   1 1 2 4 3 3 3 4 4 4 2 4 2 3 2 0 3 1 4 3 4 0 2 2 0 1 2 2 1 3 2 2 0 0 4
   1 1 0 1 1 0 3 3 4 1 4 2 0 2 0 1 3 3 3 0 2 2 0 1 2 1 4 3 3 0 4 2 4 4 0
   3 0 0 2 4 2 2 1 3 4 4 2 2 4 0 1]
  [0 2 0 4 0 2 1 0 3 2 3 0 2 2 1 0 3 2 3 1 3 3 3 0 2 2 4 2 3 4 3 0 2 0 0
   4 3 2 4 4 4 4 2 1 2 2 3 4 4 0 0 1 4 1 1 3 1 0 1 1 4 4 2 1 2 1 3 0 3 3
   0 3 0 1 4 0 2 2 1 1 0 4 0 3 2 3 2 1 0 2 4 1 3 3 0 4 3 3 4 2 1 2 1 3 2
   0 1 0 0 2 2 4 2 0 3 0 0 1 0 4 2]
  [0 0 4 1 4 0 4 0 1 2 3 1 4 2 0 3 4 0 2 3 4 2 2 3 1 0 2 3 3 0 3 4 2 0 3
   2 0 1 1 0 2 3 2 3 4 2 2 4 3 1 1 0 1 2 1 2 4 2 1 1 4 1 2 2 0 4 3 0 1 2
   1 1 0 3 3 0 2 1 2 0 3 0 0 3 4 1 0 2 2 2 3 4 1 0 4 1 3 2 0 3 4 1 4 0 2
   0 2 0 3 3 4 2 2 4 3 1 0 2 2 0 4]
  [0 2 2 2 3 1 0 2 2 1 3 3 1 1 1 3 2 3 1 0 3 4 0 1 0 3 1 3 0 3 2 4 2 0 3
   2 3 4 0 2 2 2 2 2 2 3 4 4 1 4 0 0 3 4 4 1 1 3 3 0 2 3 4 1 2 1 3 3 1 0
   0 3 0 0 4 2 1 4 0 3 3 4 0 0 4 1 4 4 1 4 1 4 1 3 2 4 0 2 2 1 3 3 3 2 1
   2 1 0 3 0 0 0 0 1 0 0 1 0 4 1 2]
  [0 4 4 3 2 0 3 0 1 2 0 0 2 2 3 4 3 3 1 4 3 2 3 4 4 0 3 2 2 1 0 2 3 1 1
   0 3 0 1 0 2 4 1 1 0 0 0 4 3 3 1 1 1 4 2 2 3 4 4 3 3 0 0 3 1 4 3 2 0 4
   0 2 4 3 0 1 3 4 0 1 4 4 1 4 4 2 0 2 0 1 2 2 0 1 1 4 2 3 1 0 3 3 3 4 0
   1 2 0 4 4 2 3 4 3 2 0 4 2 3 1 2]
  [0 4 1 4 0 4 0 1 0 2 2 3 0 3 1 4 4 2 3 2 3 2 1 2 4 4 4 3 3 0 3 1 3 1 0
   3 2 0 3 0 3 4 1 1 4 0 2 0 4 3 4 0 3 0 3 3 3 3 0 0 2 3 3 3 3 3 2 1 2 1
   0 1 1 2 1 1 3 1 2 2 3 1 4 4 4 1 4 2 4 4 0 3 1 0 0 3 4 4 0 1 2 2 0 0 2
   2 1 0 1 0 1 0 0 3 4 4 4 4 3 3 3]
  [0 3 0 4 1 0 0 0 4 0 3 4 3 4 3 4 0 4 0 2 4 2 3 2 0 4 0 3 2 4 2 3 2 1 4
   3 1 1 4 4 1 2 2 4 2 4 4 3 3 4 1 3 3 2 4 3 1 0 0 2 0 1 3 2 2 1 3 2 2 1
   4 0 4 3 3 1 3 1 2 4 1 2 0 2 2 3 4 3 2 2 1 0 4 3 0 1 4 1 2 0 2 2 2 4 4
   4 0 0 0 4 2 3 2 4 2 1 2 2 0 1 1]
  [0 4 3 2 1 1 0 4 2 0 0 1 1 2 4 1 1 0 4 1 0 1 4 1 4 1 4 2 2 4 0 0 1 2 2
   2 3 3 2 1 4 0 3 2 2 1 2 4 2 0 1 4 1 0 2 3 1 1 0 0 2 1 2 3 1 0 2 1 0 2
   2 3 3 3 4 4 4 4 0 2 3 3 2 0 2 4 0 1 0 3 3 3 1 1 0 1 1 1 1 1 4 1 0 3 4
   4 2 2 2 3 0 3 3 2 0 4 3 3 3 1 1]
  [0 3 3 1 0 3 1 4 3 1 1 0 4 1 2 4 0 3 0 4 4 4 2 3 0 1 1 4 1 0 0 2 0 1 2
   2 0 4 0 2 3 1 1 3 0 3 0 2 1 0 1 0 4 4 2 1 1 2 0 3 1 1 3 2 0 2 2 3 2 1
   2 4 4 0 2 0 0 0 3 0 1 4 4 1 1 1 4 4 3 3 3 3 1 0 3 2 4 2 2 3 0 2 2 2 3
   4 0 2 0 1 4 4 4 4 1 2 3 1 3 1 4]
  [0 1 1 0 3 0 4 3 3 1 4 2 0 2 4 1 0 0 0 0 4 3 4 4 0 4 0 0 4 4 2 2 1 3 4
   4 3 2 0 0 0 1 1 0 4 2 0 1 2 2 4 0 0 1 4 0 3 1 4 0 0 3 2 0 0 0 4 0 4 3
   1 3 2 2 2 1 0 0 4 0 0 4 2 1 1 1 4 3 3 3 3 2 1 3 0 1 4 1 1 0 4 1 2 1 0
   2 1 4 0 4 3 0 2 2 4 2 2 0 4 0 4]
  [0 1 2 1 0 1 1 1 0 0 1 4 2 0 3 2 3 0 3 0 4 0 4 4 3 4 1 1 1 0 2 2 4 3 1
   2 1 4 3 3 2 1 2 4 2 2 0 1 2 1 3 3 2 1 4 1 0 3 1 0 0 2 3 3 4 0 0 2 0 0
   1 2 2 4 2 0 2 1 2 1 0 0 0 0 0 0 1 2 4 3 3 0 1 3 0 0 2 4 1 4 3 3 4 0 1
   3 0 2 4 2 2 4 2 3 4 1 2 2 0 3 0]
  [0 4 2 3 4 0 1 4 2 3 4 0 2 4 0 1 4 4 3 0 1 4 2 4 3 0 1 2 3 0 3 4 1 3 1
   1 2 3 0 3 3 0 0 3 3 2 0 2 1 0 0 3 0 4 3 2 3 4 4 0 0 0 4 3 3 3 1 2 4 4
   1 4 3 2 1 0 1 3 1 3 3 1 4 0 3 0 3 2 0 2 3 0 0 3 3 4 0 0 4 0 1 2 2 4 1
   0 0 0 3 2 3 4 1 1 1 4 3 2 3 0 1]
  [0 1 0 0 0 0 0 4 4 2 4 1 2 2 2 0 1 4 3 2 1 3 2 0 2 3 2 3 0 2 2 2 2 3 1
   2 4 1 0 4 1 0 1 3 0 2 3 4 1 4 3 4 2 1 0 3 2 1 3 0 4 2 2 2 0 2 3 2 2 3
   1 1 0 3 2 2 3 2 2 3 1 2 0 0 1 2 4 0 3 1 2 4 4 0 4 2 1 3 4 0 0 2 2 1 2
   1 4 1 4 3 4 4 0 2 0 1 1 4 2 0 4]
  [0 3 2 3 0 1 4 0 3 1 3 4 4 1 3 0 0 2 4 1 4 2 4 2 1 0 2 3 3 1 4 4 3 1 4
   0 2 1 0 2 2 0 0 3 3 0 3 2 1 1 4 0 2 4 3 3 1 0 0 4 2 2 2 1 2 3 3 2 3 1
   1 0 2 3 0 0 1 2 4 0 4 4 0 0 0 3 4 2 1 0 3 0 2 3 1 1 0 0 4 0 1 4 4 2 1
   1 2 0 4 1 4 2 0 2 3 3 4 0 0 0 1]
  [0 3 1 0 2 3 3 0 4 1 3 1 4 2 2 3 0 0 4 2 3 0 4 2 4 3 4 3 2 4 3 2 2 3 3
   1 0 1 3 3 2 1 0 0 0 4 3 4 4 3 3 0 0 4 0 2 3 4 2 4 4 3 2 1 0 2 4 0 4 1
   2 1 4 3 2 2 3 4 3 3 0 1 4 2 3 1 3 3 1 3 0 3 4 1 1 3 4 2 3 4 1 3 2 0 2
   4 1 1 3 1 4 4 2 0 2 4 3 0 4 1 2]
  [0 4 2 0 1 3 0 3 2 1 2 4 2 0 3 0 0 2 0 4 0 0 1 0 1 3 4 4 4 2 0 2 2 0 1
   0 3 4 0 3 2 2 3 4 3 4 2 3 1 0 0 3 1 2 4 3 0 4 0 4 0 1 2 3 2 0 1 0 1 1
   4 3 0 0 0 4 1 3 1 1 4 4 0 3 3 1 0 3 1 3 3 1 3 0 1 2 0 2 0 0 1 0 0 1 2
   0 3 0 4 3 2 2 3 4 3 1 4 2 4 4 4]
  [0 4 4 1 4 2 3 1 0 1 2 4 2 4 4 2 3 3 2 0 2 2 1 2 0 4 4 4 0 1 1 4 4 4 0
   0 1 4 4 4 4 1 3 1 3 2 2 1 4 1 1 0 3 3 2 0 0 3 1 1 1 4 3 2 2 2 3 0 0 3
   4 0 1 3 2 4 3 1 2 1 1 0 2 4 0 1 3 1 4 0 2 0 2 1 1 4 1 4 0 1 0 4 4 2 1
   4 1 0 2 1 2 0 1 1 1 0 1 2 1 4 4]
  [0 0 3 0 2 0 1 0 3 0 4 3 3 3 3 1 4 1 3 0 0 4 4 3 3 1 1 0 1 0 2 4 2 0 0
   2 2 1 2 3 3 2 1 3 3 0 4 4 0 1 2 4 0 0 2 2 4 4 0 1 0 4 2 3 4 3 4 3 2 3
   4 2 4 1 1 2 3 0 3 1 4 3 4 1 1 1 1 0 4 1 4 2 1 3 2 0 2 4 1 0 4 2 3 0 4
   2 3 1 4 1 2 4 1 0 4 0 3 1 3 1 1]
  [0 2 3 0 0 4 1 2 3 2 2 2 2 0 2 3 3 2 2 0 4 0 0 0 1 3 0 2 4 1 1 2 0 0 4
   4 0 0 2 1 1 0 4 4 2 4 4 0 0 2 4 0 0 1 3 2 1 4 0 0 2 4 4 0 1 2 4 4 2 2
   0 1 2 4 0 4 4 4 4 3 4 2 2 2 4 2 0 4 4 2 2 2 4 2 2 3 1 3 4 4 2 1 3 4 2
   2 4 1 2 4 1 1 1 4 0 0 3 1 3 0 0]
  [0 0 0 3 4 2 2 1 1 0 0 4 2 1 1 4 2 1 2 4 0 3 0 2 1 1 2 1 0 1 4 0 4 3 0
   4 0 3 1 4 1 4 4 2 0 0 3 3 2 0 4 1 2 0 4 4 4 1 2 3 1 0 2 1 2 2 1 1 3 2
   1 2 4 1 4 1 3 1 0 1 2 2 1 2 3 1 3 4 2 1 1 3 0 1 1 0 3 2 0 0 1 3 2 0 3
   4 4 4 1 0 4 3 1 3 3 0 2 0 2 3 2]
  [0 4 0 1 0 4 4 3 1 0 1 3 3 3 2 4 1 0 2 4 3 3 2 0 1 2 2 3 2 2 2 0 4 0 0
   4 4 1 2 3 1 0 1 3 4 0 4 4 1 2 2 2 1 3 4 1 2 2 4 4 3 3 4 0 2 2 0 0 3 1
   0 4 3 2 4 3 4 2 1 3 2 2 0 3 1 4 3 1 3 2 0 3 3 0 1 2 4 3 0 1 1 2 1 2 1
   4 3 3 4 3 2 4 4 2 3 3 3 0 1 4 2]
  [0 1 2 2 0 2 4 2 3 2 0 0 4 4 3 3 0 3 3 3 2 4 1 1 0 0 0 2 2 1 2 1 1 1 3
   0 1 0 2 2 4 3 0 2 0 1 2 3 3 0 3 0 3 0 4 1 1 3 2 4 4 4 4 2 3 0 4 0 0 2
   3 3 2 2 1 3 2 3 0 4 2 0 2 0 2 0 1 3 0 1 2 2 0 0 1 1 2 1 1 1 2 1 1 2 2
   1 0 1 1 3 3 3 2 1 0 1 1 1 4 1 4]
  [0 4 4 1 4 4 3 2 3 1 0 0 2 3 3 3 4 3 2 4 1 4 3 1 4 0 1 3 4 3 0 4 0 1 2
   4 1 3 1 4 3 1 4 3 0 3 4 0 4 2 1 3 0 2 3 0 1 0 2 3 0 1 3 0 0 2 2 4 1 1
   3 4 1 2 0 4 4 2 3 2 1 2 3 0 2 1 0 4 2 3 4 4 0 2 1 1 2 2 4 2 2 3 4 4 1
   2 0 1 1 2 3 1 3 2 4 2 1 2 2 2 0]
  [0 0 4 2 0 1 4 2 2 3 1 0 0 3 0 0 4 2 3 2 4 4 1 0 2 1 0 3 1 1 3 2 3 0 0
   1 1 0 4 0 4 1 2 4 4 3 3 2 0 0 2 0 0 1 0 4 1 3 2 3 2 3 3 1 3 0 2 1 2 4
   0 2 0 3 0 0 1 1 4 1 3 3 1 0 4 3 4 0 3 1 0 1 3 0 3 3 4 1 4 3 3 0 3 4 0
   0 0 1 0 2 2 2 1 1 4 0 1 0 0 2 2]
  [0 4 3 1 2 3 3 0 4 3 3 1 0 3 2 1 1 0 3 3 3 2 3 2 3 3 3 0 4 0 4 3 0 0 2
   2 1 0 3 3 2 3 0 2 4 2 3 4 0 1 1 1 4 3 0 1 1 4 1 1 0 3 2 0 2 0 4 2 0 3
   1 1 3 4 0 1 2 2 1 1 2 3 2 4 3 4 1 1 2 2 4 2 3 1 4 3 4 1 2 3 4 0 3 2 2
   3 2 1 2 0 4 3 4 1 1 2 4 3 1 0 2]
  [0 2 1 1 0 0 4 2 1 4 2 0 0 2 2 2 3 2 1 4 1 0 1 1 2 1 2 1 0 2 1 2 4 1 0
   1 4 3 3 4 2 3 1 4 3 2 0 1 0 3 4 3 2 3 3 4 4 4 4 2 1 2 0 4 4 0 1 1 2 0
   3 2 0 4 0 1 3 2 4 1 3 0 4 1 0 2 1 1 3 0 3 2 1 1 2 3 3 0 2 3 0 1 1 3 4
   3 1 2 0 0 4 1 3 2 3 0 2 1 0 2 0]
  [0 0 3 3 0 4 1 4 3 4 4 4 4 1 0 2 1 1 3 1 0 1 0 1 4 4 3 0 2 0 2 2 3 4 3
   2 3 0 4 1 2 4 2 3 3 4 4 3 3 0 0 1 2 0 3 1 3 0 1 3 2 4 4 2 3 1 4 0 3 3
   2 1 3 2 0 3 2 3 1 2 3 3 2 2 1 4 4 2 3 0 4 1 4 1 4 4 3 0 1 2 3 0 4 1 2
   0 0 4 0 4 2 3 1 2 3 4 1 3 0 1 1]
  [0 0 4 1 1 0 3 4 2 4 4 4 0 3 0 1 2 0 1 1 4 4 3 1 0 0 4 2 2 1 0 0 4 4 1
   1 4 1 1 3 4 2 3 0 2 3 0 3 1 4 1 0 4 1 3 1 3 4 2 1 0 1 1 1 0 0 4 3 3 3
   3 2 1 0 2 4 4 1 0 2 2 0 2 0 0 0 1 1 3 3 3 4 1 3 2 1 3 3 3 1 4 1 1 1 0
   2 4 4 4 4 3 2 3 2 1 2 3 2 2 0 2]
  [0 0 3 2 2 2 3 4 3 1 2 0 4 1 0 3 4 0 1 0 0 1 2 2 1 2 3 0 0 0 0 0 1 1 1
   2 1 3 4 4 0 1 1 0 3 4 0 1 0 2 2 3 1 3 3 4 0 1 3 0 4 2 2 2 3 3 3 3 1 3
   2 0 3 0 2 3 3 4 2 0 4 2 1 4 3 4 4 0 3 3 3 4 0 3 0 2 3 2 1 2 1 0 0 2 1
   4 3 4 2 1 3 0 2 2 1 1 4 0 1 4 3]
  [0 3 0 0 3 2 3 3 1 1 1 3 3 3 0 3 4 2 1 4 3 2 1 3 2 4 3 3 0 4 0 3 0 0 0
   1 2 3 4 1 2 1 4 2 3 4 4 0 4 0 2 1 2 4 3 4 4 0 2 2 4 0 3 4 4 0 3 1 0 2
   3 2 4 2 2 4 1 3 1 1 1 1 3 3 4 3 4 3 3 1 2 1 1 0 0 0 0 0 2 2 3 1 3 1 2
   4 1 1 3 3 3 3 1 3 4 4 0 3 1 3 3]
  [0 1 3 3 2 3 2 2 0 2 2 2 3 3 3 0 4 0 4 3 4 2 1 3 2 2 4 2 2 1 1 2 3 0 0
   2 1 0 4 4 0 4 1 4 1 4 0 1 3 2 1 0 0 0 1 4 2 2 1 4 2 1 2 3 3 4 2 4 4 4
   1 1 1 3 4 4 3 1 1 2 0 4 3 0 1 3 1 4 4 0 2 1 4 1 4 1 2 1 1 2 4 1 2 1 1
   0 0 4 3 0 3 0 3 1 4 1 3 3 0 2 3]
  [0 2 4 4 2 4 4 2 1 4 1 1 3 0 2 1 3 3 0 0 0 4 3 2 2 0 2 4 3 3 3 4 0 0 0
   0 2 4 3 0 0 4 1 0 4 0 2 4 3 2 4 2 2 3 4 3 1 4 2 1 0 3 3 3 2 2 4 2 2 4
   0 0 2 1 4 1 3 2 4 2 1 4 1 2 0 0 4 4 4 0 0 4 4 0 2 0 2 2 1 1 3 1 2 2 3
   0 4 1 2 2 1 0 1 4 1 1 0 1 0 3 1]
  [0 0 0 4 4 3 4 4 1 1 3 0 0 0 3 2 1 2 4 0 0 2 0 0 4 0 4 2 3 2 1 1 3 3 3
   0 0 0 2 2 4 0 0 2 4 0 2 4 1 3 0 2 4 4 4 2 0 3 3 1 1 0 3 0 0 4 3 1 4 4
   4 2 0 3 2 3 4 0 0 4 2 1 4 1 3 1 3 0 3 1 2 2 1 0 0 4 3 2 3 3 0 1 4 1 3
   3 0 2 2 0 2 3 4 3 4 3 2 1 2 4 2]
  [0 3 3 0 3 2 1 0 1 0 4 1 1 1 3 4 0 1 3 1 1 2 2 0 0 3 2 1 3 1 1 1 2 3 0
   4 0 2 3 1 4 2 2 3 0 4 0 3 0 0 4 1 1 4 0 3 2 4 4 0 3 2 2 1 0 1 1 4 3 0
   1 1 4 0 0 1 1 3 1 4 0 4 2 4 3 0 4 1 4 0 4 4 2 3 1 4 2 4 1 1 2 1 1 4 2
   4 2 0 2 3 2 0 4 1 3 4 3 3 1 0 1]
  [0 0 2 1 3 1 0 0 2 0 0 3 3 3 4 1 3 3 2 0 3 3 2 3 4 1 4 3 1 2 3 4 1 0 4
   3 0 0 2 2 0 3 3 1 4 2 0 2 0 4 2 0 2 0 1 1 1 2 1 0 3 3 3 2 0 3 3 4 1 0
   4 4 2 0 1 3 4 2 0 0 1 1 0 2 3 0 2 3 2 3 1 1 3 4 4 0 4 3 1 0 1 0 1 0 1
   3 4 4 0 1 2 1 4 3 3 2 4 4 3 3 4]
  [0 1 4 3 2 2 2 4 2 2 1 3 3 3 3 0 2 3 3 3 2 3 1 1 2 2 3 4 3 3 4 1 0 1 3
   3 4 2 0 3 3 3 3 0 0 2 2 0 3 4 0 2 2 2 4 4 2 3 2 4 3 4 1 4 0 1 3 2 2 2
   2 3 3 0 1 4 4 4 2 4 1 0 1 1 2 1 4 4 1 4 2 2 3 2 4 4 0 1 3 0 2 2 1 3 4
   2 4 0 0 4 3 1 0 0 2 2 3 3 0 3 1]
  [0 2 0 0 3 3 2 0 2 1 4 4 0 4 3 4 2 3 4 1 2 4 0 2 3 3 0 0 4 0 2 1 2 1 2
   0 4 3 4 0 0 1 1 3 1 3 2 2 0 1 1 2 3 2 1 0 4 0 1 0 4 1 4 1 0 3 0 4 1 0
   4 1 1 2 0 0 3 3 1 0 0 2 4 3 0 3 1 3 1 0 1 3 1 3 3 1 4 3 3 0 1 2 0 1 1
   3 0 2 3 4 0 0 0 4 4 4 2 2 4 0 0]
  [0 3 4 1 0 4 1 0 4 4 2 2 4 1 0 4 0 1 0 0 2 3 1 0 1 0 4 2 4 4 4 0 4 0 2
   0 2 3 1 4 0 0 1 2 4 3 4 1 3 1 2 0 2 3 3 3 2 3 4 3 2 1 4 3 3 4 3 1 1 0
   1 3 0 4 0 4 3 2 3 0 3 4 2 2 0 2 0 0 1 3 1 4 1 1 0 1 0 1 4 1 3 2 1 4 1
   0 1 2 2 3 3 1 3 2 0 3 1 1 2 3 2]
  [0 4 1 4 3 4 4 3 2 4 4 3 3 4 2 0 2 0 0 3 3 1 2 4 3 1 1 2 3 0 0 4 2 0 1
   4 2 4 3 1 3 0 3 1 2 0 1 2 4 4 2 2 3 1 2 0 2 0 2 4 4 2 0 1 1 2 4 3 4 0
   0 4 1 4 2 4 2 4 0 3 0 3 0 0 2 0 1 0 1 3 3 2 0 0 4 4 0 0 0 1 4 1 4 2 0
   1 2 2 1 1 1 1 1 0 0 2 3 4 3 2 2]
  [0 2 4 3 0 0 2 0 1 4 3 3 2 2 2 2 0 4 2 2 2 4 1 3 3 2 0 1 3 0 4 2 0 1 1
   2 0 1 3 1 0 2 0 3 3 0 3 2 3 3 3 4 2 0 4 3 3 2 1 3 1 4 4 1 0 3 4 1 4 2
   4 0 4 4 2 1 4 4 0 4 1 4 0 0 3 3 4 2 2 4 3 3 0 0 3 1 2 1 2 3 2 0 4 2 3
   0 2 1 1 1 3 3 4 0 4 2 1 4 3 3 4]
  [0 0 0 1 1 3 0 4 0 3 2 3 3 0 1 2 2 0 0 2 1 4 2 0 2 4 4 4 2 0 2 4 3 1 1
   2 3 1 2 1 0 1 0 0 2 4 3 2 2 1 4 4 3 3 3 4 0 2 3 0 3 0 0 0 4 1 3 1 0 1
   1 2 2 4 4 0 4 3 1 3 0 2 1 1 2 0 2 4 4 0 2 3 1 1 3 1 1 3 4 3 4 1 4 0 0
   3 3 3 2 1 3 1 4 0 1 2 3 4 2 3 1]
  [0 4 2 2 0 4 0 4 2 0 1 1 1 1 1 4 4 1 1 0 3 4 1 1 3 3 3 2 2 4 4 3 0 4 2
   1 3 1 4 3 3 4 4 0 0 2 3 4 3 2 0 2 2 1 1 2 4 4 2 2 1 3 2 3 1 1 3 2 1 1
   3 2 4 4 0 0 3 4 2 1 1 2 4 2 4 2 4 4 3 3 1 0 4 3 1 0 2 3 0 1 3 2 3 1 4
   4 3 4 4 3 3 2 3 0 4 1 2 2 0 4 4]
  [0 0 3 4 2 3 2 2 4 0 2 0 3 1 4 2 3 0 2 2 3 0 0 2 1 3 4 4 0 4 0 4 0 2 1
   3 1 1 4 2 2 2 1 1 3 0 3 3 2 2 4 1 3 4 3 4 1 4 4 0 1 2 2 2 4 0 3 3 0 3
   4 3 2 1 4 0 1 0 2 2 4 1 1 2 0 2 0 4 4 1 4 2 2 0 4 3 3 4 0 1 2 4 4 1 1
   1 4 0 0 3 1 0 3 3 0 0 3 1 2 1 2]
  [0 1 1 4 3 3 3 3 3 2 1 0 0 4 3 3 4 0 2 3 4 4 4 3 2 1 0 2 3 4 2 3 4 4 2
   4 4 0 0 1 1 4 2 1 2 2 0 2 3 4 1 2 3 4 0 4 3 1 1 4 3 1 4 4 1 3 3 3 2 2
   0 4 0 2 2 3 0 3 0 4 1 1 2 2 1 4 2 0 1 4 2 0 3 1 4 1 1 1 2 2 3 4 2 0 4
   3 1 0 0 3 4 0 2 1 1 4 0 3 3 3 4]
  [0 4 1 3 4 1 0 4 3 2 1 2 3 0 4 1 3 0 1 1 3 2 3 2 3 0 3 3 1 4 1 2 1 2 3
   4 3 1 0 1 0 2 2 0 4 0 3 0 3 3 4 1 0 4 4 2 4 0 4 1 0 1 0 3 4 0 3 0 0 4
   2 3 1 4 2 1 4 1 1 1 4 1 2 4 4 2 4 3 3 0 0 4 3 4 3 4 3 2 3 4 1 4 4 1 1
   2 2 3 0 4 1 2 0 0 3 4 2 4 4 1 1]
  [0 3 4 1 4 2 2 4 1 1 4 3 2 1 3 3 3 1 4 3 1 0 1 2 4 1 0 1 1 1 1 3 0 3 0
   1 0 3 0 2 4 4 3 4 1 4 4 0 0 1 3 0 1 1 4 0 2 3 1 0 3 1 2 3 1 4 0 1 1 2
   1 3 4 4 0 3 1 1 4 3 1 2 3 4 3 1 0 2 4 2 0 3 1 3 4 4 3 0 1 2 0 1 3 4 3
   1 0 0 3 1 2 4 1 3 4 1 3 4 0 1 1]
  [0 4 1 1 0 2 4 1 0 0 1 2 2 1 2 4 0 1 4 3 3 2 2 4 1 3 4 3 4 0 0 3 0 0 4
   2 4 2 1 1 0 4 3 0 0 3 1 1 3 0 4 2 2 0 3 0 4 2 1 1 0 2 0 3 3 2 0 3 2 1
   0 4 2 1 2 2 4 0 1 0 1 0 2 3 0 4 0 2 0 3 1 2 3 3 0 4 0 4 4 3 1 2 0 3 4
   4 0 0 1 2 3 4 1 0 1 0 2 3 3 3 4]
  [0 2 3 2 1 1 1 1 0 2 4 2 3 3 0 3 2 0 0 0 2 4 1 4 2 0 1 4 4 0 4 2 0 1 1
   3 1 0 2 0 2 3 0 4 3 3 2 3 0 1 0 0 1 3 4 1 1 4 0 4 0 3 1 0 0 3 1 0 1 0
   2 3 4 3 2 1 0 2 3 3 4 3 0 3 3 1 3 4 3 4 3 1 4 3 4 0 4 4 0 0 4 3 0 2 4
   3 4 2 3 3 0 3 2 1 2 0 0 2 2 1 3]
  [0 4 4 2 0 2 3 0 0 0 0 0 4 3 0 4 2 3 0 0 4 1 0 3 0 4 3 3 3 0 2 3 2 0 0
   4 1 4 2 1 4 0 1 4 0 4 0 0 0 1 1 0 4 2 2 3 2 3 0 4 0 0 2 2 0 1 2 4 1 3
   3 2 4 0 0 1 1 0 4 1 4 2 0 0 1 0 3 4 3 3 0 0 1 4 0 2 4 4 4 2 1 0 4 3 1
   0 1 3 0 3 0 4 0 0 4 1 3 4 0 2 3]
  [0 2 4 0 0 4 4 4 2 1 1 2 2 0 3 0 4 0 2 3 1 4 0 3 0 4 1 1 4 3 1 4 1 2 4
   0 0 2 4 3 4 1 0 1 0 2 3 3 1 4 4 3 0 0 0 0 3 3 1 0 1 2 4 2 1 3 0 4 2 0
   4 3 2 1 2 0 3 0 2 3 3 4 1 2 2 0 1 1 1 0 2 0 2 2 1 3 0 4 2 3 0 2 3 2 3
   1 1 2 1 0 4 4 3 1 3 2 0 0 1 1 2]
  [0 4 4 4 3 3 3 4 3 3 3 0 2 2 4 0 0 3 1 0 2 4 3 1 1 0 4 1 3 2 3 3 4 2 0
   1 4 1 1 4 1 1 3 1 1 2 1 4 0 2 4 0 2 0 1 2 2 4 3 2 4 2 3 0 3 2 1 0 0 0
   4 0 3 3 4 1 2 2 3 2 1 0 0 2 4 2 1 1 2 0 3 3 3 1 2 2 3 3 3 0 4 1 4 2 0
   2 4 3 0 4 1 2 2 0 0 4 4 2 2 4 1]
  [0 3 4 1 0 3 4 2 0 4 4 4 3 4 1 1 3 0 3 0 3 4 3 3 3 0 2 3 2 2 1 0 3 4 2
   2 3 1 4 2 4 4 3 3 3 2 2 2 2 2 1 0 1 1 0 4 3 3 3 1 1 2 0 1 3 4 2 1 1 3
   1 3 2 3 3 2 0 1 1 3 1 1 0 3 0 3 4 4 4 0 2 2 1 3 1 2 0 0 3 1 4 1 0 0 0
   4 4 2 4 4 0 3 2 4 3 1 0 2 2 4 2]
  [0 0 0 0 4 0 1 2 0 1 2 1 1 0 1 4 0 0 4 4 0 2 2 1 3 2 3 0 0 2 2 3 3 4 0
   4 2 0 1 1 3 1 2 1 2 3 1 4 3 2 0 0 0 0 1 0 3 4 2 2 2 2 4 1 0 2 0 4 3 4
   3 3 2 0 3 1 1 4 0 4 1 3 1 3 2 0 0 4 1 1 0 1 4 2 2 2 1 3 2 4 1 2 3 2 3
   1 1 2 0 1 0 0 0 0 3 2 4 2 1 3 1]
  [0 2 2 2 2 2 1 3 3 0 2 1 0 0 3 0 1 2 4 1 3 0 2 2 2 3 3 3 1 3 0 2 0 2 4
   1 0 2 0 4 2 0 3 4 4 4 3 3 0 1 1 3 2 0 2 2 0 2 3 4 1 2 3 0 1 0 2 3 2 0
   4 2 0 4 4 3 4 4 2 1 3 2 4 1 2 3 1 2 0 0 2 3 0 0 3 2 0 2 3 4 2 2 3 0 0
   0 3 3 1 3 3 2 1 0 3 0 1 2 0 3 1]
  [0 3 3 0 2 0 1 4 3 4 0 1 0 3 2 4 4 4 0 1 1 2 0 0 1 3 0 0 4 4 3 3 0 1 4
   2 1 1 1 0 2 0 4 4 1 4 1 2 1 3 4 2 3 2 2 0 4 0 1 3 2 3 1 2 3 3 2 3 3 0
   4 0 2 1 2 4 3 1 4 3 2 3 3 0 1 3 3 1 4 1 3 4 2 4 3 1 2 1 2 1 2 1 0 0 2
   0 0 1 3 4 3 1 0 1 1 3 4 3 1 3 4]
  [0 0 0 3 1 2 4 3 0 3 2 1 4 4 1 3 2 4 2 3 0 4 2 4 1 1 0 4 2 2 0 0 3 4 3
   0 3 3 1 4 0 0 2 2 1 3 3 1 0 2 2 3 2 2 4 3 1 0 0 1 0 3 0 0 0 2 3 3 1 0
   3 0 3 2 4 1 1 3 4 3 2 0 3 4 2 4 1 1 3 4 0 2 0 3 1 0 4 2 2 3 3 1 3 1 3
   2 1 3 4 0 4 1 1 2 0 0 3 4 0 3 3]
  [0 3 2 2 4 0 3 3 4 1 2 4 2 2 4 0 2 3 0 4 0 4 2 1 1 1 3 0 2 4 0 2 2 0 4
   3 3 3 0 1 3 0 3 2 1 2 1 2 4 0 0 4 1 1 4 1 4 4 2 0 1 4 4 0 4 4 0 0 4 1
   2 1 1 4 1 2 0 4 0 2 3 1 0 2 2 3 4 1 2 4 3 2 0 2 0 4 2 2 1 0 3 4 2 3 1
   1 2 4 2 2 1 3 1 2 1 2 4 3 3 2 1]
  [0 3 2 3 4 0 4 4 2 3 1 0 4 0 4 3 0 0 4 0 0 1 0 3 2 2 1 1 0 4 2 1 2 3 4
   0 0 3 3 3 4 3 3 3 3 0 2 2 4 4 4 2 2 1 4 3 3 3 2 1 0 4 3 1 0 0 2 0 0 2
   3 0 0 0 4 3 0 1 4 3 2 3 1 2 1 1 1 4 3 4 0 1 3 1 1 0 2 1 1 3 2 3 4 4 4
   1 3 4 2 1 4 4 1 1 1 2 1 1 4 0 4]
  [0 3 0 0 3 3 3 3 2 0 1 1 0 3 4 2 4 0 4 2 0 4 0 0 0 0 2 2 3 4 0 1 1 0 0
   4 1 1 2 1 4 4 2 2 3 4 1 4 1 2 0 4 4 0 3 0 1 2 4 1 0 0 3 3 2 2 1 4 4 1
   4 0 2 2 3 4 1 4 1 3 2 3 1 3 4 0 3 2 0 0 4 0 0 1 2 4 2 3 0 4 1 3 1 3 1
   2 1 3 3 3 3 4 0 3 0 4 0 4 2 2 2]
  [0 4 0 1 0 1 3 4 4 0 1 2 4 4 1 0 0 1 1 0 2 4 1 4 2 2 3 2 2 1 3 1 3 1 4
   4 2 2 0 0 3 4 3 1 3 3 2 4 0 4 3 3 4 0 0 2 2 0 2 0 0 3 0 1 1 1 1 1 1 1
   1 1 0 0 2 3 2 1 0 4 3 0 0 4 4 3 1 3 2 1 0 3 0 3 4 1 0 0 4 3 0 3 2 3 1
   4 3 0 4 2 0 3 2 3 1 2 3 3 0 1 4]
  [0 4 3 2 2 2 3 3 2 0 3 3 1 3 3 3 3 4 1 3 1 3 4 1 4 4 4 4 3 1 1 0 4 3 0
   4 3 2 4 1 0 0 2 0 3 4 0 1 0 4 3 1 4 1 0 4 0 0 3 1 3 4 4 0 2 3 2 3 0 0
   0 1 2 0 4 0 3 0 4 4 2 4 3 0 1 4 1 4 0 3 4 3 2 2 0 4 2 3 1 0 0 2 4 1 1
   3 2 2 1 3 1 4 2 2 0 4 4 2 2 3 0]
  [0 0 0 2 1 1 3 1 1 0 4 0 0 4 1 3 1 2 2 3 1 1 2 4 1 3 4 0 2 1 4 4 2 0 0
   3 4 4 3 1 2 0 0 0 0 4 3 3 0 4 3 2 3 0 3 0 2 2 1 4 4 1 1 2 0 0 2 3 4 0
   1 2 2 1 1 0 4 1 2 4 3 1 4 4 3 2 3 2 4 0 2 0 0 1 1 2 0 3 3 2 2 0 4 3 0
   3 1 2 2 0 4 2 2 4 0 1 4 4 1 4 3]
  [0 4 2 0 4 1 4 0 1 1 3 2 2 2 3 4 4 1 3 2 4 1 3 0 2 3 4 2 0 1 1 2 4 4 2
   0 1 3 1 2 0 3 3 1 3 1 1 4 3 4 2 3 3 2 1 3 3 2 4 4 2 2 3 1 3 0 4 0 1 4
   2 0 4 3 1 1 2 2 3 3 3 1 0 3 4 1 1 2 1 1 4 4 0 1 1 1 4 4 2 0 2 0 4 4 1
   4 3 0 1 0 3 4 3 4 2 4 2 2 0 0 4]
  [0 3 0 3 4 2 0 4 1 4 2 0 0 1 0 3 1 0 0 0 1 1 0 0 2 0 0 1 4 3 4 4 4 2 0
   4 1 1 4 2 2 4 0 2 0 4 4 2 0 4 2 4 3 0 0 1 0 1 0 0 2 2 4 2 3 2 0 1 2 4
   4 1 4 1 1 3 1 2 0 3 1 4 1 4 0 3 0 1 0 1 3 1 1 3 3 2 0 1 1 3 4 0 1 0 2
   4 2 0 4 4 4 1 1 3 3 1 4 1 1 4 1]
  [0 4 3 3 4 1 4 2 0 4 4 1 3 2 2 2 0 0 2 0 2 3 4 0 4 4 1 3 1 1 4 0 3 4 4
   3 2 2 3 2 2 1 1 0 1 0 1 0 1 2 0 1 3 1 2 3 4 4 3 4 4 3 4 4 4 1 2 0 4 1
   3 4 0 2 3 0 2 3 4 4 3 4 1 0 4 4 3 1 2 2 2 0 4 4 1 2 0 0 1 2 3 4 4 0 2
   2 3 2 0 4 4 4 4 3 4 0 2 0 1 4 0]
  [0 0 1 4 4 1 1 1 1 0 1 4 4 4 2 4 2 1 1 2 1 1 2 3 3 2 0 4 0 0 4 3 4 0 2
   4 1 1 3 1 3 3 4 2 3 1 4 4 0 0 0 0 2 4 3 1 1 2 2 0 2 2 3 0 1 0 2 1 0 0
   3 4 0 4 2 0 3 3 2 1 0 0 0 4 1 2 1 3 1 1 1 4 1 3 4 1 4 2 2 2 4 0 0 2 2
   4 0 4 1 2 0 4 4 1 0 3 3 3 2 1 3]
  [0 4 3 3 3 3 1 2 4 4 0 2 4 3 4 4 2 1 4 3 0 1 4 3 1 4 4 4 0 4 0 2 0 2 4
   4 4 0 2 0 3 4 3 1 0 2 2 0 0 4 3 4 4 3 4 1 1 0 3 0 0 4 1 4 4 0 3 2 0 0
   0 1 4 4 3 1 2 0 2 4 4 0 0 0 3 4 3 4 0 1 2 2 3 1 1 1 0 0 4 1 2 1 0 1 1
   1 0 0 3 1 4 4 3 0 0 2 0 1 0 3 0]
  [0 3 4 0 1 0 3 3 1 2 4 2 4 4 3 0 4 4 1 3 1 0 1 2 3 4 4 4 1 0 3 3 3 3 4
   4 1 1 0 4 2 3 1 2 3 4 0 0 4 2 2 1 3 4 4 4 1 2 3 0 4 0 3 1 0 3 2 3 4 2
   0 0 4 3 3 3 1 4 1 3 4 3 4 1 2 1 3 0 3 2 2 2 1 2 4 1 0 3 3 1 1 1 0 1 4
   4 2 0 3 3 3 0 4 2 3 1 3 0 2 0 2]
  [0 4 3 4 2 2 3 3 3 2 0 0 4 1 2 4 1 3 2 3 1 3 3 3 4 1 4 2 3 3 1 4 3 4 4
   2 3 0 4 4 3 1 2 4 2 1 3 0 3 4 3 4 0 2 4 1 0 0 0 0 2 4 3 1 1 2 0 1 0 2
   1 0 0 0 1 0 4 1 4 0 0 1 4 3 4 3 4 2 0 0 4 1 4 3 2 3 2 2 1 3 1 0 1 1 4
   2 0 4 3 4 0 1 1 0 2 2 1 3 1 4 0]
  [0 3 2 2 0 3 3 1 4 4 4 4 0 2 2 0 4 2 1 0 4 2 3 2 1 2 3 0 2 1 3 4 1 1 2
   1 0 2 0 3 0 2 0 2 1 2 4 4 3 4 1 1 1 2 1 1 3 1 2 0 3 3 3 1 4 0 2 4 2 4
   1 2 0 3 3 4 4 0 2 1 1 2 0 3 3 0 3 0 2 1 1 0 3 3 4 4 3 1 0 3 1 2 0 0 3
   1 4 4 2 3 2 1 3 2 2 3 0 3 2 2 1]
  [0 3 1 0 0 2 3 3 0 4 2 2 3 4 4 1 1 3 2 4 2 4 0 4 4 3 1 4 2 0 3 4 2 0 4
   4 1 0 0 3 4 0 0 4 3 3 3 3 0 3 3 3 1 0 0 2 2 3 1 1 0 1 3 1 2 0 0 2 0 3
   3 0 4 0 4 4 4 3 2 2 3 0 4 3 1 3 0 3 1 4 0 2 0 3 4 4 3 2 2 3 1 4 1 4 2
   0 4 3 4 0 1 0 0 2 3 4 1 2 0 0 2]
  [0 3 0 1 3 0 4 4 1 1 3 1 4 0 4 3 4 4 0 1 1 4 0 4 2 1 3 1 3 1 0 4 1 0 3
   4 2 0 0 3 3 1 4 4 3 2 2 0 0 1 2 3 1 0 4 3 1 1 4 1 1 3 4 4 3 3 0 4 4 0
   1 3 3 3 0 2 4 2 1 3 1 2 0 3 4 4 3 1 2 1 1 2 0 1 1 4 3 2 3 1 0 0 1 1 3
   3 0 4 2 3 0 1 0 4 2 4 4 2 2 4 0]
  [0 3 3 4 3 3 3 0 1 4 1 4 2 4 4 3 3 4 1 4 4 3 4 2 1 3 4 2 1 3 3 4 2 0 2
   1 4 1 3 4 4 2 2 3 3 1 3 4 0 2 3 4 3 2 1 4 2 2 4 3 2 2 0 3 1 3 0 2 2 1
   1 4 1 0 2 0 0 2 0 1 1 3 1 3 3 1 0 4 0 2 2 0 0 4 2 1 0 4 2 1 2 3 0 3 4
   2 4 1 1 3 0 3 4 3 0 4 2 3 3 0 2]
  [0 3 3 1 1 3 4 4 0 0 2 1 0 3 4 1 0 0 3 0 3 0 0 2 0 2 3 1 3 4 1 2 1 0 2
   0 0 0 3 1 0 3 3 2 1 3 1 2 1 2 3 1 1 4 2 2 0 2 3 4 4 0 1 3 2 2 2 1 2 3
   1 3 3 1 4 0 0 1 4 0 0 3 3 1 0 0 1 3 0 1 1 1 2 1 0 3 0 0 2 3 0 4 0 2 0
   2 3 2 4 4 2 0 0 1 2 2 2 4 0 0 3]
  [0 1 1 0 2 1 3 1 2 4 4 1 4 4 2 3 0 3 1 1 2 1 4 0 4 1 2 4 0 4 0 1 3 4 2
   4 2 0 2 1 0 2 1 2 0 4 4 2 1 1 4 2 3 4 1 0 3 1 0 3 4 0 2 3 4 0 0 4 4 0
   3 1 0 2 2 0 4 0 0 3 1 4 0 1 0 0 4 1 1 4 4 4 2 3 3 4 0 3 3 3 0 4 3 4 2
   1 4 1 1 4 2 2 2 0 2 0 0 3 4 4 4]
  [0 1 2 1 4 2 2 2 1 0 3 2 4 2 0 3 0 0 0 1 0 2 3 1 3 0 0 3 4 4 3 3 3 2 4
   2 1 3 0 3 4 3 1 4 2 1 2 3 2 2 4 1 2 3 0 4 4 1 2 3 3 4 3 2 0 0 2 3 2 0
   1 0 3 2 3 3 1 3 0 4 4 2 2 0 4 3 0 4 0 0 4 4 0 1 1 2 2 1 0 3 2 1 2 3 1
   1 4 2 2 4 0 4 4 4 2 3 1 0 2 1 3]
  [0 1 3 4 3 3 1 1 0 3 1 1 3 3 1 0 4 4 3 4 4 0 3 1 1 2 3 3 1 1 4 1 4 3 2
   3 1 2 3 0 4 3 1 0 0 3 1 1 1 4 4 2 1 1 2 4 2 4 2 3 4 2 4 1 1 1 4 3 0 2
   4 1 4 0 0 2 1 1 1 0 0 4 1 3 0 1 1 0 4 3 1 0 0 0 4 3 2 3 0 4 3 4 2 3 4
   4 4 1 2 3 1 2 0 3 2 1 2 4 0 2 3]
  [0 4 3 1 1 3 4 2 1 3 0 3 2 0 3 1 3 3 4 3 0 1 0 3 0 0 3 1 1 4 3 2 0 1 0
   3 2 4 3 2 0 2 0 2 3 4 1 3 3 0 4 3 0 3 2 1 0 3 3 2 3 1 1 1 1 0 0 3 4 0
   2 3 1 3 3 4 1 1 4 2 0 0 4 2 0 1 1 1 3 4 2 2 1 1 3 2 4 1 3 2 4 2 4 4 3
   3 1 2 3 4 2 4 1 3 1 4 3 0 1 3 0]
  [0 1 4 1 2 2 0 2 0 3 1 0 0 4 3 1 0 4 1 2 1 4 0 1 0 1 1 0 3 2 4 1 4 4 4
   4 2 4 3 0 4 3 3 0 1 0 3 0 1 4 2 0 0 4 2 4 0 3 1 0 4 3 2 3 0 4 0 4 2 2
   2 1 1 2 3 0 1 4 1 3 2 0 4 0 1 3 4 2 1 3 4 2 4 4 0 3 3 2 4 4 0 0 0 4 4
   4 1 0 1 3 3 4 2 0 2 1 2 3 0 3 3]
  [0 1 1 2 1 1 3 3 4 3 4 2 4 4 3 3 4 0 2 4 4 1 4 1 0 0 1 4 1 0 4 4 2 2 2
   2 3 3 2 2 1 1 0 0 1 2 3 1 4 3 3 4 4 4 0 3 2 4 1 3 0 3 0 3 0 0 4 3 2 4
   0 0 3 0 4 4 1 1 3 0 3 4 0 3 3 1 3 2 4 3 0 1 4 4 1 1 4 2 4 0 4 1 0 0 0
   0 4 0 0 0 0 1 3 0 4 3 1 1 1 1 0]
  [0 3 2 3 0 2 4 2 1 0 4 3 2 4 3 4 1 3 2 3 3 3 3 2 0 0 0 1 1 0 1 1 4 0 0
   4 2 3 1 2 2 1 0 3 3 0 3 4 1 0 1 4 3 1 2 4 4 0 1 2 4 4 4 2 0 2 2 1 0 4
   3 3 0 1 1 1 2 1 4 2 2 4 4 0 3 1 2 3 4 2 3 2 1 0 1 2 0 3 4 4 0 3 0 4 4
   3 2 3 3 2 2 3 0 4 4 2 4 2 3 3 3]
  [0 1 4 1 1 0 4 1 4 4 3 3 4 0 0 1 1 3 1 4 2 2 0 0 1 4 0 2 1 0 1 0 4 4 1
   3 2 3 4 4 4 3 3 3 0 0 3 0 4 1 2 3 3 3 0 1 2 1 3 4 4 0 1 0 1 1 0 2 2 0
   0 3 0 3 0 0 1 3 3 2 3 0 0 4 0 3 2 4 2 4 3 2 0 4 4 1 4 0 1 4 4 0 4 3 2
   2 4 4 0 3 0 1 1 2 4 1 4 2 3 3 4]
  [0 1 0 2 2 1 2 1 4 3 0 0 2 2 2 4 2 1 1 4 0 0 3 0 1 2 1 1 3 4 1 0 4 0 1
   3 0 3 1 1 0 2 3 4 1 2 0 3 4 2 1 3 0 4 2 4 3 4 4 2 1 2 2 3 3 2 3 0 4 4
   2 2 3 1 0 4 3 0 3 0 3 2 0 0 3 0 1 4 3 3 4 3 3 1 4 2 3 1 0 3 1 4 2 4 4
   2 0 0 4 3 0 0 0 2 3 2 2 3 2 2 0]
  [0 0 3 3 3 3 1 3 0 4 3 4 2 2 2 2 0 4 1 1 2 4 1 1 2 1 0 4 0 0 1 3 1 4 2
   0 0 0 0 4 1 0 2 1 4 1 1 1 0 2 2 4 3 4 3 2 4 1 0 4 4 3 4 4 0 3 4 1 1 0
   4 0 4 0 0 3 0 4 3 2 2 2 3 4 3 4 0 4 0 4 3 4 4 2 4 0 3 3 0 1 1 4 3 4 0
   3 4 2 2 1 3 0 3 0 2 0 4 4 2 0 2]
  [0 2 0 1 1 0 3 2 3 1 4 0 2 3 3 4 1 3 2 4 0 4 3 2 3 0 1 4 3 0 1 0 2 1 4
   2 4 0 1 4 0 2 3 4 0 2 4 3 1 0 0 2 4 4 3 4 2 1 2 1 4 0 2 3 2 3 4 1 4 1
   1 0 0 1 2 0 1 4 3 4 4 2 4 4 0 0 3 0 3 0 0 4 2 0 4 3 0 4 0 1 3 0 0 1 0
   1 0 2 2 0 0 4 4 3 0 0 1 1 0 1 4]
  [0 1 1 4 3 0 4 3 2 1 3 3 1 4 3 3 2 2 0 0 3 2 2 3 1 1 4 2 1 4 2 2 4 2 4
   1 1 3 3 3 1 0 4 0 1 1 1 0 1 0 3 2 4 3 0 4 4 2 1 3 0 0 0 1 2 1 3 3 0 3
   1 3 2 4 0 2 3 1 3 3 1 3 1 2 3 3 4 4 0 2 1 0 2 2 3 0 3 1 3 1 3 4 2 0 4
   1 0 1 1 1 2 3 1 2 0 4 2 2 1 2 3]
  [0 1 4 3 1 1 1 1 2 4 3 2 1 3 1 3 1 2 0 0 4 3 2 1 3 3 0 0 0 3 2 4 4 2 4
   2 0 2 4 4 3 1 0 1 2 3 4 0 2 0 3 4 2 4 0 2 4 4 2 3 0 3 3 1 1 3 3 2 4 0
   3 4 4 2 1 4 0 3 2 3 0 1 4 0 3 2 4 2 4 0 2 4 3 2 4 0 3 4 0 3 4 4 0 3 3
   0 4 1 4 1 3 3 1 1 1 0 4 4 3 3 4]
  [0 2 2 3 1 3 0 1 0 4 3 0 0 3 4 4 1 4 4 3 0 2 3 1 3 1 0 4 1 2 1 1 1 0 4
   4 0 3 3 2 3 2 3 2 2 2 2 1 4 1 0 1 4 3 4 4 2 0 0 2 0 3 0 4 4 1 3 4 2 2
   2 2 3 3 1 4 1 1 4 3 3 4 2 3 4 2 2 1 4 0 0 3 1 0 0 3 4 0 4 2 4 1 1 1 2
   0 0 3 1 2 0 3 3 4 0 0 1 2 2 2 4]
  [0 1 1 0 0 3 3 3 1 2 4 4 3 3 1 4 1 0 2 4 1 1 4 2 3 4 4 2 1 2 0 1 1 2 3
   4 0 4 2 1 0 1 3 1 1 0 2 3 1 3 0 1 1 2 1 0 1 0 1 4 2 2 2 3 3 1 1 1 2 0
   4 1 4 4 3 3 3 0 4 4 2 2 0 2 1 0 2 2 2 0 4 0 1 4 3 4 3 3 3 0 2 0 1 2 2
   3 0 3 3 2 4 3 1 4 1 3 1 4 3 3 3]
  [0 3 0 1 4 0 3 3 1 3 2 4 3 2 4 4 4 1 1 4 2 1 3 1 4 1 0 2 3 4 0 4 2 1 0
   1 1 3 0 0 3 1 1 0 0 2 0 4 3 3 2 2 1 0 3 0 4 3 1 3 2 3 0 1 0 4 1 3 0 2
   1 0 0 2 1 1 3 3 2 3 1 3 4 2 4 2 4 4 4 4 0 0 0 2 0 3 1 1 2 2 3 1 0 0 2
   1 2 0 1 4 3 2 0 2 1 4 3 0 1 1 1]
  [0 1 2 2 4 1 2 4 0 3 4 0 4 2 2 2 0 1 3 0 2 0 4 1 1 4 2 1 2 0 1 0 3 2 1
   1 3 1 4 2 4 1 3 4 3 0 2 4 3 4 3 0 1 2 0 0 1 1 1 2 0 1 0 2 3 1 2 2 3 1
   1 3 1 2 1 4 1 0 0 0 3 4 4 3 1 0 0 2 3 3 3 1 0 0 1 1 0 1 4 2 2 1 0 0 0
   1 2 4 2 1 2 4 3 4 1 3 2 2 0 4 0]
  [0 1 4 2 0 1 3 1 0 2 1 3 1 2 3 3 1 1 1 1 3 1 0 1 4 4 2 0 3 3 1 3 3 2 0
   3 2 3 1 3 3 2 0 0 2 1 0 2 0 1 4 3 1 1 2 0 4 2 2 3 1 0 1 2 3 1 1 1 3 3
   2 1 1 3 0 2 1 2 4 2 0 1 1 4 1 4 0 3 4 2 3 3 1 4 0 3 2 4 4 4 4 4 0 1 2
   0 0 3 2 1 3 2 1 1 1 4 3 3 2 2 3]
  [0 4 0 0 3 2 2 1 4 2 3 0 0 2 1 1 4 2 2 3 1 1 0 2 3 2 2 1 3 0 3 2 2 3 1
   0 3 0 1 2 1 4 2 2 3 2 1 2 0 1 3 1 2 3 3 2 3 0 1 1 4 3 1 0 1 4 0 1 4 0
   0 4 1 0 1 1 4 3 4 2 2 3 0 3 1 3 0 1 3 2 4 4 2 2 1 0 3 3 1 1 0 2 3 4 3
   2 1 1 2 2 2 1 2 4 2 1 2 3 3 1 4]
  [0 1 4 1 1 2 2 3 3 3 2 4 0 1 0 1 4 1 0 0 0 0 3 0 1 2 2 4 2 0 0 0 0 4 2
   4 2 0 2 3 4 1 4 0 3 2 4 4 1 0 4 3 4 3 0 0 2 0 4 2 3 0 4 0 4 2 1 4 3 2
   1 2 2 1 4 1 2 3 2 3 3 4 1 2 1 2 0 2 3 2 1 0 0 0 4 4 0 2 0 3 3 4 3 2 0
   4 2 4 1 0 1 1 4 3 3 1 0 2 3 0 3]
  [0 2 3 3 2 2 4 4 3 3 3 4 4 0 1 3 2 0 2 3 4 0 2 2 4 0 1 3 0 0 1 2 0 2 1
   2 3 0 3 0 0 1 0 4 4 3 0 2 3 1 1 4 4 3 0 1 4 1 2 3 4 4 4 3 0 0 3 2 4 3
   3 3 3 2 3 4 0 1 3 3 4 0 0 2 1 0 3 1 3 4 3 1 3 2 3 2 1 0 0 3 3 3 2 3 2
   4 3 0 3 3 2 0 2 1 3 0 2 3 0 4 3]
  [0 4 4 3 0 3 2 2 2 3 3 1 3 4 3 1 2 2 1 0 3 2 3 2 1 1 1 1 2 1 4 3 3 1 2
   0 0 1 4 1 2 2 1 0 2 0 3 1 4 0 0 2 1 2 2 2 1 4 2 4 3 1 4 1 0 2 3 4 3 0
   4 2 4 0 4 4 1 4 4 1 0 4 0 2 4 1 4 2 1 2 0 1 3 4 0 3 4 4 0 2 4 4 0 0 4
   0 3 0 3 4 3 1 2 0 4 2 1 2 3 3 4]
  [0 2 2 4 4 4 2 3 4 0 1 4 0 3 0 1 4 3 4 1 0 0 3 4 0 2 0 2 3 4 4 4 3 2 1
   4 3 2 4 0 2 1 4 1 4 1 0 4 1 1 0 1 0 3 3 3 2 4 4 3 2 3 0 2 1 3 0 1 0 2
   2 3 2 1 0 0 4 2 2 1 4 0 0 3 4 2 1 4 1 2 4 4 1 3 0 0 3 3 0 0 0 0 4 3 3
   1 3 0 0 0 0 1 1 1 0 0 0 0 3 1 1]
  [0 2 3 3 3 1 3 0 4 2 1 2 0 3 1 0 3 1 4 2 4 1 2 0 4 2 1 1 2 3 1 3 2 4 4
   3 0 3 4 3 3 4 3 0 3 4 1 3 0 1 3 0 1 1 4 2 1 4 0 3 3 0 2 4 1 1 3 2 0 2
   2 2 1 2 1 0 4 2 2 0 1 1 0 1 4 0 3 0 2 2 2 0 3 0 3 0 2 3 4 3 0 1 2 2 3
   4 4 2 0 2 4 0 3 1 3 2 1 0 3 1 1]
  [0 1 3 3 3 2 0 1 0 4 1 4 4 4 0 1 2 4 2 4 4 4 2 3 4 2 1 4 1 1 0 1 1 4 3
   0 1 2 4 1 3 1 4 0 2 1 3 0 4 4 3 0 3 1 2 0 0 0 2 2 4 0 1 2 1 1 1 1 2 2
   1 2 1 4 4 2 0 1 1 4 2 3 1 3 2 3 2 2 0 2 0 2 2 0 0 4 4 0 2 3 0 0 2 4 2
   4 3 2 0 2 3 2 1 1 0 2 4 3 0 3 0]
  [0 0 1 0 4 1 3 1 3 2 4 0 4 2 1 3 4 1 4 1 3 0 3 2 1 0 1 2 0 1 3 0 3 0 1
   2 4 1 3 4 3 3 0 3 0 3 2 3 0 1 4 4 4 3 0 4 2 0 3 0 2 2 4 3 2 1 2 1 2 0
   1 0 2 3 4 0 3 4 2 0 0 4 3 4 0 3 0 1 1 3 2 4 2 1 1 2 4 1 2 0 1 0 0 2 4
   0 1 2 1 4 4 4 2 0 2 1 1 3 4 2 1]
  [0 1 2 1 0 0 0 3 1 4 3 2 2 4 3 1 2 2 0 1 4 2 1 2 4 3 2 0 3 2 1 0 2 4 2
   2 3 4 0 4 0 1 4 0 4 3 4 1 1 0 0 3 3 3 2 1 3 4 4 2 2 2 3 4 1 2 0 4 0 1
   0 4 3 3 1 0 0 2 4 0 1 4 1 3 0 1 2 2 1 4 2 0 2 3 4 1 1 2 4 2 0 0 3 0 1
   4 1 0 2 3 1 1 3 0 3 4 0 0 0 2 1]
  [0 1 2 1 4 0 1 1 3 0 3 3 3 1 0 4 2 2 2 0 0 3 1 1 1 2 0 3 0 4 3 3 4 4 1
   3 1 1 0 3 4 2 0 2 1 0 3 4 3 3 4 2 2 1 4 0 0 2 2 1 4 1 4 2 4 4 0 2 2 0
   2 3 1 4 1 0 1 3 0 0 0 4 3 3 1 0 0 1 1 4 2 0 0 1 4 0 3 1 3 4 3 1 1 2 0
   3 4 3 4 4 0 2 1 1 4 3 4 1 4 2 1]
  [0 2 4 3 3 4 3 2 4 4 3 0 0 0 0 0 3 3 0 0 2 2 1 1 2 4 0 2 1 4 2 2 3 0 1
   3 3 2 2 0 3 1 4 4 4 1 3 0 0 1 1 2 4 4 3 2 0 0 4 2 4 1 3 0 4 1 3 4 0 4
   0 2 2 2 3 4 0 3 1 2 0 4 4 4 4 3 0 2 1 3 1 4 0 2 4 1 1 4 0 2 3 3 1 3 0
   0 2 4 2 3 0 1 4 1 1 1 0 1 3 1 1]
  [0 1 3 0 1 0 1 1 2 1 2 3 1 3 3 4 3 3 3 2 1 4 3 4 4 1 2 1 4 0 0 1 1 0 2
   0 2 4 0 1 3 2 0 2 3 0 1 4 3 1 3 1 4 3 2 4 4 0 0 1 1 1 0 3 0 1 3 2 1 2
   4 4 1 4 0 1 2 0 2 0 3 3 0 1 4 3 4 4 4 3 2 1 2 1 1 4 3 4 3 0 4 3 0 4 1
   0 0 2 0 3 2 4 3 2 1 0 0 3 1 4 2]
  [0 2 0 3 3 1 2 0 3 3 2 0 1 2 1 0 3 0 0 3 2 0 3 2 1 4 3 1 0 0 4 3 0 2 2
   1 0 1 2 1 0 1 3 2 4 4 2 3 2 0 3 3 4 1 3 4 4 3 0 3 2 3 4 1 2 3 0 1 0 1
   3 3 3 1 0 1 0 0 0 1 2 2 2 3 1 2 3 3 4 2 3 2 0 1 0 2 4 2 1 2 1 4 3 0 3
   2 2 0 4 0 3 1 2 1 2 3 0 3 4 2 1]
  [0 2 0 3 4 3 4 2 4 4 4 1 0 2 4 4 3 2 4 1 2 4 1 2 1 0 3 3 0 3 1 1 0 4 0
   3 3 4 0 2 1 0 2 4 0 0 2 3 2 1 2 0 0 2 2 2 0 3 2 1 1 0 3 3 1 1 3 4 0 4
   3 1 1 3 0 1 2 2 2 1 4 4 4 0 4 4 4 3 0 3 0 2 1 3 4 2 3 4 3 3 4 4 4 1 2
   4 1 3 0 4 1 2 3 3 2 3 1 0 2 2 1]
  [0 0 1 2 0 3 4 3 1 3 0 1 1 2 4 0 3 3 0 3 2 4 1 2 0 2 4 0 1 1 0 1 0 3 1
   0 3 4 3 4 3 2 2 0 4 2 1 2 1 3 1 3 3 3 1 2 1 2 2 1 4 3 3 4 4 2 2 4 0 0
   4 2 0 1 0 4 2 3 1 3 1 4 3 2 4 1 0 3 3 2 2 2 1 0 1 4 3 4 1 4 4 2 4 1 0
   0 1 0 4 0 4 0 0 4 3 4 0 2 2 3 4]
  [0 0 3 2 3 4 0 2 3 0 3 2 1 2 0 2 0 3 2 4 1 2 4 1 3 2 1 1 4 4 3 2 0 1 3
   3 1 4 3 1 4 0 2 2 0 1 4 0 1 0 4 2 0 1 1 3 1 1 4 2 3 1 3 1 0 0 2 1 2 3
   3 1 4 3 4 3 2 3 0 3 3 4 1 1 4 3 3 3 1 0 0 0 3 4 0 1 0 0 1 2 3 2 2 2 3
   4 3 2 1 3 0 1 0 0 3 4 0 0 1 4 2]
  [0 4 0 4 3 4 0 4 0 1 3 0 4 0 2 0 1 2 4 3 2 2 2 0 0 3 3 2 1 4 3 0 3 0 3
   3 0 2 2 1 3 3 4 4 1 3 3 3 2 4 3 4 2 1 0 0 3 0 3 4 4 2 2 3 1 3 3 4 4 0
   2 4 1 0 0 4 0 1 3 0 2 4 2 4 2 2 0 3 1 3 3 1 0 2 0 2 0 4 3 3 1 0 1 3 1
   2 3 2 0 4 0 0 0 0 2 3 3 3 4 4 3]
  [0 3 2 2 3 3 4 2 0 1 1 1 1 1 2 0 0 0 3 4 2 2 4 0 3 3 3 2 0 3 1 1 1 0 0
   0 4 0 0 1 0 4 0 3 3 0 3 0 4 2 1 4 0 1 2 3 4 3 1 3 0 0 0 0 0 2 1 2 1 3
   2 1 3 1 3 1 4 0 4 1 1 4 0 3 1 3 3 1 2 3 4 0 3 1 4 4 2 2 0 3 0 2 2 1 1
   2 0 1 1 0 1 2 0 4 3 1 2 2 3 1 2]
  [0 1 3 0 2 0 0 2 2 4 4 3 4 2 4 2 4 3 0 0 2 2 4 1 3 1 1 0 4 1 2 2 0 4 2
   3 2 3 3 4 4 3 1 1 1 3 1 3 3 3 4 3 3 1 4 1 4 2 0 2 0 2 0 3 1 4 2 4 1 4
   4 1 0 3 1 0 1 4 0 3 0 3 1 3 3 0 3 1 1 4 4 4 1 4 2 2 2 1 4 4 1 2 0 1 3
   1 3 1 0 0 4 3 0 0 3 3 1 2 2 1 1]
  [0 3 3 1 1 3 1 4 2 4 4 0 4 2 2 4 2 0 4 1 0 3 4 3 0 3 1 1 3 0 4 1 2 1 4
   4 1 2 3 4 1 2 1 2 0 2 4 1 1 4 3 0 1 0 3 1 0 3 1 1 3 3 1 4 2 4 0 0 2 4
   1 3 2 4 4 4 4 4 2 1 2 3 3 1 0 2 1 0 4 3 2 1 1 2 3 2 4 0 0 2 1 2 1 3 4
   2 0 0 1 2 2 0 3 0 0 2 1 3 2 1 3]
  [0 1 3 4 1 3 0 2 4 1 1 3 2 1 0 2 2 1 4 1 1 3 0 4 1 1 1 0 2 4 2 1 2 1 0
   0 0 1 1 2 0 1 2 4 4 1 3 4 3 3 1 2 4 1 4 1 4 0 0 4 1 1 3 0 1 2 3 0 2 3
   3 4 3 2 3 3 3 2 4 0 3 4 1 0 0 2 4 3 4 1 3 3 2 0 2 2 1 0 3 0 4 4 4 2 3
   2 1 4 2 2 3 1 4 3 2 0 0 2 2 3 2]
  [0 1 1 1 3 1 4 2 1 3 3 4 3 3 1 1 0 0 2 4 0 0 0 1 2 0 2 4 4 4 4 4 4 0 4
   0 4 0 2 0 2 1 4 3 4 4 3 2 3 1 0 1 3 2 2 3 1 4 1 1 3 3 4 4 4 0 2 1 2 4
   0 1 0 1 0 4 3 4 0 2 3 0 1 3 0 2 1 0 2 1 2 1 3 3 4 2 4 0 2 2 1 2 3 4 2
   2 0 0 3 3 0 0 1 2 0 2 0 3 3 0 4]
  [0 0 3 1 2 1 4 0 2 0 3 4 2 2 2 1 0 0 3 0 2 0 4 2 0 2 0 0 0 1 2 1 1 0 1
   3 3 4 0 3 4 2 1 0 1 3 3 3 1 0 3 1 1 0 4 4 1 0 4 4 4 3 2 1 4 4 4 0 2 2
   0 0 2 0 3 0 2 3 4 0 1 4 2 0 4 4 2 3 0 2 0 0 0 0 4 0 2 3 2 0 3 4 4 4 1
   3 1 1 4 3 0 4 0 4 4 2 0 0 4 2 1]
  [0 3 1 0 4 1 0 3 0 1 3 1 0 3 3 1 0 2 0 0 0 1 0 2 3 4 4 0 3 4 4 0 1 4 3
   4 0 0 1 2 4 2 3 1 1 1 4 2 1 3 0 3 1 1 1 0 2 3 2 1 4 2 3 1 2 1 3 3 4 2
   1 1 0 2 2 1 1 0 2 1 4 2 4 4 4 3 4 2 3 1 4 1 2 3 4 1 0 2 3 4 0 3 1 1 4
   1 3 2 3 4 3 3 4 0 4 3 0 4 0 0 0]
  [0 0 2 4 0 4 3 2 1 4 4 0 2 4 4 4 4 4 2 0 4 3 2 4 0 2 4 3 4 2 3 1 1 4 3
   2 3 1 0 0 1 4 0 4 0 4 4 3 2 2 4 2 2 3 4 4 1 3 1 0 2 1 0 2 4 0 3 0 4 1
   0 2 4 2 2 4 4 4 2 3 3 2 4 2 0 0 3 2 2 4 3 4 4 2 2 3 0 3 2 3 4 3 3 0 4
   1 1 2 0 2 1 1 4 2 3 3 3 2 4 0 1]
  [0 2 2 2 0 1 3 4 0 1 2 2 1 3 0 1 0 4 1 0 2 3 1 3 4 3 0 1 3 3 3 1 0 4 4
   4 2 3 4 3 0 2 3 3 0 2 1 4 2 0 2 1 1 2 4 2 2 3 0 0 2 1 0 4 1 3 1 3 0 3
   0 4 4 4 4 4 0 1 4 4 1 1 3 4 3 1 2 0 1 4 2 2 2 1 2 2 3 3 4 0 1 2 2 2 4
   1 1 4 4 4 2 1 3 1 3 1 3 1 2 3 0]]

 [[0 3 0 4 0 1 0 1 0 4 4 3 0 1 1 1 4 3 4 3 3 0 1 3 1 3 0 3 4 0 0 3 0 2 0
   2 0 4 3 0 4 1 1 3 0 1 1 2 1 1 3 2 3 1 0 4 3 2 1 4 3 0 0 0 3 0 0 4 4 1
   0 1 3 4 0 0 0 2 0 0 0 4 1 0 1 0 1 4 3 4 4 3 0 1 0 3 2 4 2 2 2 4 2 1 3
   0 0 0 4 2 4 4 3 1 0 1 1 1 2 1 1]
  [0 0 0 2 1 0 4 4 4 2 2 4 2 4 0 1 2 4 1 1 4 0 4 1 2 1 1 2 1 0 4 3 1 0 4
   0 1 3 3 2 1 2 4 0 0 0 0 4 1 0 3 3 4 2 0 0 0 1 3 0 3 2 3 2 0 0 4 2 3 2
   2 4 3 0 2 3 2 4 3 3 1 4 1 4 3 2 1 2 0 3 3 0 4 4 2 4 3 1 4 0 0 1 0 0 4
   3 4 1 1 1 2 2 4 3 3 0 0 2 4 1 4]
  [0 2 0 1 4 4 1 1 3 1 4 1 2 1 3 3 3 1 1 2 0 2 1 1 2 3 3 0 1 3 3 0 1 4 4
   0 0 0 0 1 2 0 3 2 3 1 3 1 2 0 2 1 2 1 4 0 1 4 3 2 2 0 2 0 3 3 2 3 0 4
   0 3 4 2 3 1 1 1 4 1 1 0 1 4 4 3 4 1 0 1 1 2 1 0 0 3 4 3 0 2 0 2 3 0 3
   0 1 2 0 4 0 4 1 3 2 1 0 0 0 2 1]
  [0 0 1 0 2 4 3 0 4 0 4 0 1 3 2 4 0 0 3 2 2 1 3 3 3 1 0 0 3 2 4 1 3 4 1
   0 4 2 1 1 0 4 0 3 1 4 4 2 4 1 4 4 0 4 4 4 4 2 3 3 2 3 3 0 4 4 3 0 1 2
   2 0 0 3 1 4 0 2 1 0 3 2 1 3 3 2 3 0 1 4 3 4 4 4 4 3 4 0 2 4 4 4 1 1 2
   4 1 4 1 0 3 4 0 0 2 3 4 3 1 0 2]
  [0 4 1 0 0 3 0 3 2 2 4 2 3 3 3 0 2 1 4 2 1 4 4 1 0 2 0 1 3 4 3 1 0 0 0
   3 4 3 3 4 3 3 3 0 1 4 1 4 0 4 2 4 2 3 3 4 1 4 3 4 0 4 0 0 1 0 4 1 4 0
   1 0 0 1 0 4 3 3 3 0 4 3 1 2 1 1 3 4 4 1 4 1 4 4 2 3 0 3 2 1 4 1 1 1 1
   1 0 3 4 1 1 2 0 0 2 2 2 0 2 4 4]
  [0 0 0 2 3 0 3 2 3 1 4 1 0 1 3 3 2 1 2 1 4 3 4 0 0 0 2 3 4 1 4 3 0 0 1
   2 2 1 4 4 4 3 0 4 0 2 2 4 1 1 2 2 3 0 2 4 0 1 1 2 3 4 0 4 2 1 2 4 2 4
   0 3 4 0 0 2 2 4 2 1 0 2 3 2 0 0 3 1 2 0 3 1 1 3 3 1 4 0 3 3 0 0 0 0 1
   1 3 1 3 3 1 1 2 0 3 1 0 3 4 3 2]
  [0 2 1 2 3 3 0 0 3 2 0 2 1 4 3 0 0 1 2 4 0 4 1 2 0 0 4 0 0 1 4 2 3 1 2
   0 1 0 0 4 4 2 3 2 3 2 2 2 2 0 1 3 3 1 1 3 4 1 2 0 4 0 3 2 1 1 3 4 2 0
   4 4 1 3 2 3 3 3 3 0 0 2 3 4 4 0 1 1 1 3 4 4 3 1 2 1 4 0 4 1 0 2 1 1 1
   4 1 3 4 0 4 1 4 2 0 4 2 1 4 3 0]
  [0 3 0 1 0 3 4 0 3 0 2 1 2 0 0 0 0 0 2 4 4 0 2 1 3 2 2 4 2 1 3 1 1 4 0
   1 3 2 3 4 3 0 4 1 1 2 2 4 1 3 2 3 1 0 1 3 0 3 2 1 0 1 0 2 2 1 0 2 1 4
   1 4 3 4 3 4 3 0 3 3 3 2 2 3 0 0 1 0 3 0 0 4 4 1 0 1 4 1 3 0 4 2 3 2 4
   0 2 0 4 0 0 3 0 2 3 4 4 3 0 2 0]
  [0 1 3 0 3 4 0 1 0 2 1 0 2 3 1 0 2 1 1 2 0 4 4 2 2 3 4 0 4 0 3 0 1 0 3
   1 0 0 4 4 4 2 4 1 1 1 0 1 3 3 1 4 1 1 0 3 0 4 0 4 1 4 4 2 3 2 3 4 1 0
   0 4 2 2 3 0 3 1 3 4 4 4 0 4 4 2 1 4 3 1 4 2 3 1 3 3 1 3 1 4 3 1 4 3 0
   1 0 2 3 4 3 3 2 2 4 1 2 1 1 1 3]
  [0 1 4 0 4 4 2 3 0 0 0 2 3 2 2 4 1 0 0 0 3 4 4 4 0 1 0 1 3 4 1 4 3 0 3
   2 4 4 2 0 3 3 0 2 0 2 2 1 2 3 0 0 2 0 4 0 2 4 1 1 4 4 4 4 4 0 1 4 3 2
   2 3 3 4 0 2 4 2 3 0 1 3 0 4 3 0 1 0 0 3 0 0 4 4 0 1 3 2 0 3 3 2 2 3 0
   2 2 1 3 0 3 1 1 0 0 2 1 1 2 2 4]
  [0 3 1 4 1 2 1 0 3 3 0 4 4 0 4 0 4 4 4 0 3 2 1 0 4 2 1 3 2 4 3 3 3 1 3
   2 0 3 2 2 1 0 3 4 0 4 0 0 2 3 4 2 4 1 1 2 2 3 2 1 2 0 4 0 4 0 1 2 0 4
   2 1 0 0 3 2 1 1 2 2 3 2 1 4 3 1 2 2 0 1 1 1 3 2 2 2 0 2 0 3 3 2 1 0 4
   1 1 1 2 1 4 3 3 2 3 0 1 1 1 2 2]
  [0 3 4 4 0 1 2 3 2 1 4 0 1 2 0 1 4 4 1 1 3 0 3 0 0 1 2 0 0 0 3 2 2 4 0
   3 3 2 4 3 2 1 2 0 0 1 1 0 2 2 0 4 3 3 1 4 4 0 4 4 0 1 1 4 4 1 0 3 0 3
   0 2 4 3 2 0 0 0 4 2 0 3 3 4 1 3 4 1 2 2 0 1 3 0 1 4 0 0 3 1 3 0 3 3 4
   0 4 0 4 4 2 4 0 0 4 0 3 4 2 3 3]
  [0 4 4 1 1 2 3 2 2 1 4 0 0 0 0 2 4 0 3 2 4 2 4 4 3 0 3 3 3 2 1 0 4 3 1
   0 2 0 3 3 0 3 1 0 4 3 2 3 0 0 0 0 3 1 1 2 4 4 2 0 4 4 0 0 4 3 0 3 2 3
   0 1 1 0 1 4 4 3 3 3 2 2 1 3 3 3 2 1 0 0 2 0 3 0 3 0 2 3 1 0 2 2 3 3 2
   4 2 2 4 3 4 4 4 3 4 1 0 4 4 2 3]
  [0 1 2 2 0 0 4 0 0 3 4 0 4 0 2 4 2 4 4 0 3 2 3 0 3 4 0 4 1 0 0 2 1 2 2
   2 4 4 0 1 1 1 4 3 2 0 0 4 1 0 3 3 2 1 0 1 3 0 4 4 4 3 1 0 3 3 3 0 0 2
   2 4 3 2 1 3 1 3 4 0 4 1 2 1 1 3 2 4 1 0 3 3 4 1 3 2 2 0 3 0 4 0 1 3 2
   4 3 1 1 2 3 2 4 3 2 2 0 1 4 4 1]
  [0 3 1 1 4 4 0 2 2 3 4 2 2 2 0 4 1 2 2 1 1 1 2 1 1 4 4 2 0 1 0 1 2 0 0
   2 4 3 0 2 1 3 2 3 2 1 0 2 3 0 4 3 4 0 4 3 1 2 1 3 1 4 2 2 3 0 2 0 0 1
   0 0 3 3 3 0 0 2 2 3 3 2 2 3 1 0 0 4 4 1 2 4 2 4 1 1 3 0 1 3 0 2 0 1 2
   4 4 0 4 0 4 0 1 2 1 3 4 0 0 0 2]
  [0 0 3 0 1 4 1 4 0 4 4 3 1 1 2 0 3 3 4 0 0 2 0 4 1 0 1 2 3 1 2 2 1 1 4
   4 2 3 4 1 3 3 0 3 1 2 0 0 1 2 3 4 4 4 0 0 2 2 3 0 4 2 2 2 0 3 1 3 3 0
   1 1 3 2 0 4 0 0 2 0 4 1 0 0 3 2 2 4 3 2 1 0 2 1 1 3 1 3 1 2 0 0 1 3 4
   3 3 3 2 1 4 3 0 4 3 3 3 2 4 3 3]
  [0 4 2 3 4 0 3 1 1 1 1 1 0 1 4 3 0 3 1 1 1 2 1 0 3 4 0 4 4 4 2 3 0 1 0
   0 4 2 4 3 1 1 3 3 2 2 3 0 4 0 0 4 1 2 2 2 3 1 1 3 1 3 0 2 4 1 2 3 1 2
   0 3 1 3 4 0 0 3 2 1 0 2 1 4 1 0 3 1 4 3 2 0 3 2 0 4 1 2 4 3 2 2 4 2 4
   3 3 2 2 3 2 4 1 4 3 2 1 1 4 1 4]
  [0 1 2 0 3 3 0 3 0 1 3 4 3 0 4 4 0 0 0 2 3 3 4 0 2 2 4 3 4 2 2 0 2 4 1
   3 2 4 1 3 0 4 3 3 4 1 1 4 0 1 2 4 1 3 0 1 3 0 1 0 0 4 3 1 3 4 0 4 2 0
   1 1 0 3 1 2 0 3 0 0 4 4 4 4 1 2 2 3 3 4 2 0 0 0 3 1 3 1 4 3 3 2 1 2 1
   3 0 4 1 4 4 2 3 4 3 1 2 3 2 0 0]
  [0 2 1 0 0 0 0 0 0 2 3 0 3 1 4 2 3 0 0 3 1 1 3 2 3 1 3 4 4 0 0 2 4 2 0
   2 4 0 4 3 3 3 4 3 0 3 4 4 0 2 2 4 4 0 4 4 1 0 3 1 2 4 4 3 2 4 2 3 2 4
   1 3 1 1 4 2 1 2 3 0 2 1 2 2 0 2 2 1 0 0 1 1 0 0 0 3 2 3 3 3 3 1 2 4 1
   3 1 1 4 3 0 3 1 1 3 3 3 1 4 2 2]
  [0 2 2 1 0 0 4 4 2 1 2 0 0 0 3 3 1 1 0 0 2 0 0 2 0 1 2 1 1 4 1 3 1 4 4
   1 0 1 3 4 4 3 2 0 1 1 1 3 3 1 4 2 2 3 0 2 0 4 1 0 1 1 3 1 3 3 0 2 1 1
   3 4 3 4 4 2 1 0 0 3 0 4 3 0 2 1 4 0 1 2 0 0 0 1 4 1 1 3 0 2 1 0 2 3 1
   2 1 1 1 4 1 2 1 4 3 2 3 2 2 2 0]
  [0 3 1 0 0 4 0 2 3 0 3 0 0 0 1 1 3 3 4 4 0 2 4 1 0 0 2 0 1 1 3 2 3 4 4
   0 1 1 4 2 1 4 1 4 0 1 2 2 0 3 4 4 1 1 0 2 4 3 0 1 0 2 1 4 2 1 2 1 1 2
   1 4 1 1 2 0 3 1 4 4 2 0 1 1 0 4 4 2 3 3 3 1 2 4 1 3 2 0 3 4 3 3 3 0 4
   1 0 3 4 1 3 0 2 0 1 3 4 0 3 2 2]
  [0 4 2 1 1 3 3 2 1 3 0 0 4 1 1 0 3 4 2 3 1 0 3 0 1 0 4 1 4 0 4 4 0 2 3
   0 2 4 4 4 3 1 2 4 2 3 4 1 1 3 2 0 2 4 0 1 4 0 3 2 0 0 4 3 2 4 4 0 4 2
   3 0 1 1 0 2 0 1 0 3 1 2 4 2 0 3 4 3 3 3 1 0 2 2 1 1 2 2 1 1 0 4 0 1 4
   3 0 1 1 0 1 0 4 1 0 2 3 1 4 2 2]
  [0 4 0 0 4 3 3 4 3 0 1 3 2 4 4 0 2 2 2 4 0 3 0 3 1 0 3 2 3 0 1 1 4 0 4
   3 1 0 4 4 0 4 1 2 4 2 0 2 0 1 4 2 4 2 0 3 0 0 3 1 1 4 0 3 2 4 0 4 0 2
   3 4 4 1 2 0 4 3 4 4 1 0 1 0 1 2 0 2 0 4 3 2 3 3 4 0 4 1 3 4 4 2 2 3 1
   2 0 2 0 2 1 1 0 1 1 3 4 1 2 3 3]
  [0 0 2 2 4 0 4 4 3 4 1 3 0 4 0 2 1 1 4 2 3 3 0 0 1 0 4 0 4 0 3 2 2 2 2
   2 0 4 2 1 2 4 3 4 0 4 1 0 3 1 2 2 0 3 4 4 3 1 4 1 2 0 2 0 4 4 3 2 1 3
   0 0 2 2 0 3 3 2 0 2 2 0 4 0 3 4 3 4 0 1 1 0 3 4 1 2 0 3 2 0 4 2 4 4 2
   3 1 1 1 0 0 2 0 3 1 0 3 1 2 2 4]
  [0 1 2 3 1 1 2 3 0 3 3 0 0 3 3 4 0 0 1 1 1 4 4 1 0 2 0 3 4 4 4 0 4 3 1
   4 0 0 0 4 3 4 2 1 2 1 2 2 2 0 0 3 3 2 4 1 3 3 3 3 4 2 3 1 1 1 1 3 1 4
   4 1 3 1 3 3 1 4 4 4 2 3 2 3 4 2 1 1 2 1 1 3 3 0 2 2 3 4 1 2 1 0 4 3 0
   0 3 0 2 1 3 0 2 4 0 4 2 3 3 3 0]
  [0 3 3 1 4 4 4 1 2 0 0 4 1 2 3 4 1 3 0 2 3 2 2 2 1 0 0 4 0 2 4 0 4 0 2
   2 0 1 0 2 1 3 3 1 0 4 1 2 0 3 1 3 2 1 2 3 1 2 0 2 4 3 3 4 4 0 0 3 1 0
   1 0 0 0 4 1 3 2 2 2 4 0 4 0 0 1 4 2 0 4 2 3 4 4 1 1 4 2 4 0 4 3 4 4 4
   0 3 4 0 3 0 2 2 1 2 3 3 0 4 2 1]
  [0 0 4 0 2 0 3 2 1 1 1 3 1 4 1 1 1 1 0 2 3 4 3 1 2 1 0 1 2 1 0 2 1 3 2
   2 4 0 3 0 2 1 4 4 2 2 0 4 1 0 3 3 1 2 1 2 2 1 1 2 2 1 1 0 3 3 1 0 3 1
   4 3 0 0 4 1 1 2 3 4 4 0 4 1 4 1 2 2 3 1 0 1 2 3 2 2 2 1 2 4 3 2 1 3 1
   3 4 2 2 4 3 4 3 1 3 4 1 3 3 2 1]
  [0 3 1 4 1 3 4 2 0 0 0 2 1 1 4 4 0 1 2 3 3 1 0 2 0 3 1 0 2 2 0 3 3 1 1
   4 0 0 1 1 1 4 0 2 3 1 0 1 1 3 0 0 2 0 0 2 0 3 3 1 1 2 0 4 3 2 4 0 4 4
   3 4 0 3 3 0 1 4 1 4 4 3 4 3 2 4 1 2 1 3 3 0 0 0 2 4 1 2 2 3 4 1 1 3 4
   4 0 2 4 3 2 2 2 2 0 1 0 3 0 4 3]
  [0 3 1 3 4 2 2 4 0 2 2 0 0 4 0 3 3 1 4 2 1 3 1 3 1 1 4 3 0 2 0 2 3 1 1
   2 3 4 0 1 1 2 1 4 1 1 4 0 2 1 0 2 3 0 0 0 0 2 0 4 2 4 0 0 0 2 3 1 1 0
   2 1 4 0 4 3 0 2 1 1 1 3 2 2 1 2 0 2 2 0 2 2 3 3 2 1 2 3 3 0 4 1 1 2 4
   1 2 2 3 0 1 1 4 0 3 0 4 1 0 0 1]
  [0 0 3 3 2 0 3 3 4 1 0 1 3 2 3 2 2 3 2 0 1 4 2 1 1 0 3 3 3 0 0 0 1 3 4
   0 4 3 1 2 2 2 3 4 2 4 2 0 2 0 4 4 0 2 4 0 1 3 4 2 4 3 1 1 0 2 4 0 1 0
   2 3 0 3 0 3 4 4 3 0 2 1 0 0 3 3 1 2 4 0 3 0 4 4 3 2 1 2 4 4 3 2 0 0 3
   4 0 4 1 0 2 3 0 3 3 0 2 0 0 2 0]
  [0 1 0 4 1 3 3 0 3 2 3 3 4 4 3 3 4 0 4 3 0 4 1 1 1 2 0 0 2 0 0 0 4 2 3
   3 4 2 4 3 4 4 3 4 2 1 2 3 0 4 2 1 4 0 0 2 3 3 4 3 4 3 2 1 3 1 2 0 1 0
   1 0 4 1 2 4 4 1 1 4 3 1 0 3 0 1 1 3 3 2 0 0 4 2 3 3 3 1 4 4 3 1 1 3 4
   4 0 2 1 2 0 3 2 4 2 0 3 0 1 3 3]
  [0 2 1 4 2 4 2 1 2 1 4 0 0 3 0 1 0 3 4 0 2 4 0 1 4 3 2 1 4 2 4 0 2 2 4
   4 2 4 3 1 4 3 4 2 2 0 4 3 2 1 0 4 1 4 3 3 0 4 3 4 0 2 1 1 4 4 1 0 4 1
   0 2 3 0 1 4 1 2 4 0 1 0 4 1 0 2 0 1 2 0 1 0 1 3 0 0 0 3 3 1 2 3 1 0 3
   1 2 4 2 2 2 1 2 4 0 1 3 3 4 2 2]
  [0 2 4 2 2 3 2 3 4 1 4 1 3 2 1 4 1 3 2 0 4 0 1 1 0 2 1 4 4 0 0 3 0 0 1
   1 2 0 0 3 2 4 2 1 1 3 2 0 0 2 1 1 4 1 2 3 4 3 3 1 2 3 2 4 4 1 0 2 3 3
   2 2 4 1 1 3 1 2 4 1 3 3 3 2 0 0 2 0 3 4 2 1 0 3 4 3 1 3 4 2 3 0 4 1 3
   4 4 3 0 3 0 3 3 3 3 3 0 0 0 4 3]
  [0 0 1 4 2 1 1 0 2 0 3 4 0 4 0 1 0 2 0 2 1 2 4 3 1 3 2 0 4 0 1 1 3 0 0
   0 0 1 4 4 3 0 0 3 3 4 4 1 0 1 4 1 2 0 2 3 2 3 0 1 0 4 0 1 3 3 0 1 4 0
   1 0 4 0 1 4 3 3 0 2 3 4 4 4 2 1 0 2 2 0 4 4 3 4 3 2 3 0 2 3 3 4 1 3 0
   1 0 2 4 3 0 0 2 0 0 2 1 0 4 4 1]
  [0 1 3 3 0 0 4 2 2 3 0 2 0 2 3 2 3 0 0 2 4 2 0 0 3 4 0 1 3 4 2 1 1 0 0
   1 4 1 4 0 3 2 3 1 3 3 3 1 2 0 4 2 4 3 2 2 3 3 0 0 1 3 1 2 0 2 3 3 1 1
   4 1 3 1 3 1 1 3 2 3 2 2 3 2 0 3 3 1 0 1 0 1 4 1 3 4 3 3 0 2 1 2 0 2 3
   4 0 2 2 1 3 2 0 3 2 1 1 0 3 2 3]
  [0 1 2 0 0 0 1 2 2 1 1 3 1 4 4 3 2 0 0 0 0 0 1 1 2 3 3 2 4 4 2 1 1 1 3
   0 0 0 2 2 1 0 4 4 0 3 2 4 4 3 4 1 4 2 4 2 4 1 2 0 2 3 0 2 4 4 1 3 4 3
   2 2 0 3 2 2 1 3 0 3 3 1 3 1 1 2 3 3 4 1 4 0 1 2 1 2 1 0 2 4 3 2 3 0 1
   1 3 0 4 0 4 3 3 4 0 1 2 0 1 0 2]
  [0 0 4 2 4 3 4 0 2 2 3 3 1 4 1 4 0 0 1 1 3 3 1 2 0 4 2 0 2 3 3 2 0 1 0
   2 0 2 1 1 0 2 0 4 4 2 4 2 2 3 3 2 0 2 3 4 2 4 3 2 3 0 2 2 2 4 2 1 4 3
   3 1 4 2 1 4 2 0 3 4 4 4 0 0 3 1 4 3 3 2 3 0 0 2 0 4 0 3 0 4 2 1 1 4 3
   0 4 1 0 0 1 1 3 0 3 0 0 2 2 2 3]
  [0 1 1 1 2 0 4 1 0 0 1 0 4 2 4 4 1 0 4 4 3 1 3 3 3 1 3 2 3 3 2 4 0 0 2
   4 0 0 3 4 1 1 3 0 3 1 1 4 2 4 2 0 0 1 0 2 4 4 4 1 4 2 2 2 2 2 0 3 2 0
   4 2 1 2 3 2 3 0 1 1 3 0 1 1 4 1 1 2 0 0 2 0 0 4 4 2 0 0 2 2 4 0 4 0 4
   0 3 2 2 2 3 0 1 4 4 4 4 4 0 2 0]
  [0 1 2 3 3 0 4 2 0 2 3 0 4 3 2 2 0 2 4 4 4 2 0 3 1 1 4 1 1 2 4 0 1 4 4
   3 3 0 0 0 3 1 4 4 2 4 4 3 0 3 2 1 0 2 1 4 2 2 4 4 3 2 0 4 3 3 4 3 4 1
   2 1 3 2 2 3 1 3 2 2 0 3 4 3 4 0 2 2 3 4 4 3 4 0 0 1 3 3 1 1 4 2 4 2 1
   2 2 3 4 4 2 4 3 3 4 0 0 4 3 1 4]
  [0 4 3 4 1 1 3 4 1 4 3 1 3 1 0 3 2 2 2 3 4 3 4 2 2 4 3 0 2 1 4 3 1 0 2
   0 0 4 0 0 2 4 3 3 4 2 2 3 1 4 2 3 2 0 3 2 0 3 3 4 3 2 4 3 3 1 4 4 2 4
   4 3 2 0 0 1 1 1 2 0 1 2 3 3 2 3 4 4 4 1 1 4 3 4 0 0 1 4 1 3 1 4 1 0 4
   4 2 4 1 0 0 3 2 2 1 2 2 2 3 1 3]
  [0 3 1 4 2 0 3 4 3 2 1 0 1 0 4 3 4 3 2 1 1 3 3 1 3 1 1 3 0 0 2 2 0 0 4
   4 1 1 0 1 0 3 1 3 0 2 0 3 1 0 2 2 3 1 2 3 1 2 3 2 4 2 0 0 2 1 1 4 1 2
   1 0 0 2 2 4 0 0 4 3 4 3 0 0 2 3 3 4 3 2 1 1 1 0 2 2 4 2 2 3 2 4 4 0 1
   1 2 4 0 1 1 3 3 2 2 0 1 1 2 2 0]
  [0 1 2 4 1 3 1 2 0 4 0 4 2 3 4 0 1 0 3 0 1 3 2 2 1 1 2 3 1 1 2 1 3 2 2
   2 3 2 1 1 1 0 3 3 1 0 3 3 4 4 0 1 3 2 2 2 3 3 0 1 0 4 0 0 4 0 0 3 1 0
   2 1 3 1 3 1 1 2 3 2 2 0 2 2 1 2 0 2 1 1 0 4 2 1 3 1 3 2 2 3 2 0 3 1 1
   3 1 4 4 1 3 2 3 3 1 0 0 2 0 4 2]
  [0 1 0 3 0 4 1 1 2 2 1 4 3 0 0 1 4 4 4 4 0 4 2 2 1 3 3 3 4 2 0 1 1 3 3
   0 2 0 1 0 4 1 0 0 3 2 0 4 2 1 1 2 1 0 4 1 2 1 3 1 4 0 3 4 3 1 4 4 4 3
   4 3 3 2 3 3 0 2 4 1 0 0 4 2 1 1 4 3 1 3 4 3 1 3 1 3 4 0 4 2 0 4 3 4 3
   3 0 2 1 3 3 3 1 2 2 3 4 4 2 1 1]
  [0 4 2 1 1 3 4 1 4 1 2 4 1 3 0 2 0 3 2 1 1 3 1 1 3 2 3 4 4 3 2 4 1 2 1
   4 1 2 2 2 4 4 0 0 1 0 1 4 0 2 3 2 2 2 3 0 0 1 2 0 1 1 2 4 3 3 3 2 0 1
   2 2 1 1 3 0 4 2 1 0 2 4 3 4 4 1 0 1 4 1 3 3 1 4 4 1 0 0 1 4 0 0 3 4 0
   2 1 4 2 2 4 3 2 3 3 4 0 3 3 3 1]
  [0 0 4 2 3 4 3 1 0 3 2 2 4 1 1 2 2 4 0 2 3 1 0 2 2 1 0 1 3 3 0 4 3 2 0
   2 2 2 1 2 4 0 4 0 0 1 2 2 0 4 4 3 0 1 0 1 3 2 0 3 2 0 0 0 3 0 2 2 3 4
   0 1 1 4 0 1 0 0 3 3 3 2 2 1 1 2 4 0 4 1 2 2 1 4 2 4 1 1 2 0 3 4 0 4 1
   4 0 4 0 1 0 3 0 4 3 2 2 1 0 2 4]
  [0 4 0 0 0 1 0 1 0 3 0 3 4 3 0 2 1 4 3 3 3 4 4 1 0 2 3 2 0 1 3 2 1 2 0
   0 1 4 3 2 3 3 0 2 4 0 1 2 1 4 4 4 3 2 0 0 3 1 4 2 3 0 2 4 3 0 4 0 3 0
   3 1 3 0 1 2 1 4 3 0 4 1 2 3 4 1 0 0 2 0 0 2 1 0 0 3 3 3 1 3 1 1 0 2 3
   2 1 4 1 4 1 1 0 4 2 0 2 1 2 4 4]
  [0 0 2 1 4 1 3 1 0 0 2 1 3 4 3 4 3 1 2 3 3 2 0 4 1 1 0 2 4 2 4 1 0 3 0
   4 3 2 3 2 1 3 3 1 4 3 0 4 4 4 1 0 4 2 0 0 2 3 0 3 1 0 4 0 2 2 4 3 4 4
   3 1 0 0 3 3 2 4 3 1 0 1 3 3 2 0 2 2 2 0 0 3 0 3 3 0 0 3 2 1 2 1 4 0 2
   3 4 1 2 3 0 1 4 1 0 0 0 1 2 4 4]
  [0 1 2 4 2 1 3 2 1 4 1 4 1 3 0 3 2 1 0 3 2 0 4 0 3 3 2 0 4 2 2 3 2 4 0
   1 2 3 4 1 1 0 1 1 4 0 3 0 2 1 3 4 3 3 4 2 1 2 1 3 3 2 3 2 0 4 3 2 3 3
   1 2 2 3 4 2 0 4 3 3 3 1 3 2 3 1 0 4 1 3 2 4 2 2 2 3 2 2 0 0 1 0 3 1 1
   4 2 0 0 4 4 1 3 4 1 0 3 4 0 3 3]
  [0 1 2 3 3 4 0 3 4 1 3 2 4 1 3 1 3 1 2 0 4 0 4 2 2 1 1 2 3 3 0 3 2 1 1
   3 0 1 1 0 4 1 2 1 4 1 2 2 0 1 1 1 1 3 3 0 2 1 4 0 2 3 1 2 3 3 2 0 0 3
   2 2 3 1 1 0 2 1 3 1 4 0 3 3 4 4 0 4 4 0 2 1 2 2 3 2 3 1 1 3 1 0 2 3 1
   4 0 0 2 0 4 2 2 1 3 1 1 2 1 4 3]
  [0 0 1 1 2 3 4 0 4 4 1 0 4 1 2 0 2 1 1 4 0 4 0 2 4 3 0 4 3 2 3 0 0 4 4
   2 2 4 0 1 1 4 0 2 2 3 4 2 3 0 1 0 3 1 3 2 1 4 3 3 4 2 2 1 3 0 2 3 3 0
   3 3 0 0 0 0 0 0 0 4 3 3 3 0 4 0 1 2 0 0 3 1 4 0 2 1 1 3 2 4 3 4 0 3 4
   3 2 0 2 1 4 3 2 0 0 1 0 3 1 0 3]
  [0 1 2 0 2 4 0 0 2 4 0 3 4 4 4 4 4 2 1 3 1 1 3 3 0 1 3 3 4 3 3 4 1 2 0
   3 1 0 3 3 0 0 1 0 4 0 3 4 3 4 0 3 0 0 4 4 2 4 1 0 2 3 3 3 1 3 1 0 1 2
   1 3 3 3 3 1 3 1 4 4 4 0 0 2 4 4 0 0 3 2 0 2 4 2 3 1 0 3 3 1 1 3 4 4 4
   4 0 4 0 3 0 0 4 0 2 0 3 1 2 3 0]
  [0 0 2 1 4 3 2 4 1 0 3 1 0 0 1 0 2 0 3 1 1 2 0 3 2 2 3 2 3 4 2 4 1 2 3
   1 2 1 3 1 3 4 4 4 0 1 3 2 4 0 2 0 1 4 2 4 3 2 0 4 0 2 4 2 2 2 3 0 2 4
   4 2 2 1 4 1 0 1 1 2 2 2 4 3 1 0 0 4 1 4 0 4 0 1 0 0 1 3 1 4 1 1 1 4 1
   4 0 1 0 4 0 4 4 2 0 3 0 2 3 1 0]
  [0 4 0 2 0 4 4 2 3 2 0 1 0 0 4 2 1 3 4 2 0 3 0 3 2 0 3 0 4 0 3 3 4 1 1
   0 0 2 0 0 4 1 0 4 0 3 3 0 2 2 0 2 0 2 2 0 1 0 1 3 2 3 4 2 2 4 2 0 0 1
   3 3 2 2 2 3 2 4 4 0 4 0 1 1 0 2 3 3 1 3 1 1 1 4 4 4 3 1 2 3 4 1 4 4 0
   2 2 4 4 2 2 4 4 3 0 1 4 3 3 1 2]
  [0 0 1 2 4 3 3 1 4 0 1 4 2 0 4 1 2 0 3 4 3 3 3 3 4 3 0 3 3 1 2 2 2 4 1
   3 0 2 2 2 1 3 2 1 4 2 2 0 1 4 4 2 2 0 3 1 4 1 3 1 0 0 1 0 1 0 4 4 0 3
   1 4 4 3 2 3 4 2 4 2 1 0 2 0 2 4 1 1 2 1 4 2 1 1 2 3 4 2 1 4 2 2 0 3 3
   4 2 1 3 4 3 2 1 0 4 2 2 4 1 0 2]
  [0 1 1 1 2 2 2 2 3 2 3 1 4 3 4 1 0 1 2 0 0 1 0 1 1 3 4 1 4 1 0 3 0 1 2
   4 0 4 4 3 0 2 1 1 4 4 0 4 1 1 1 2 0 1 0 3 3 3 2 4 0 1 0 1 2 0 3 0 1 3
   3 0 1 3 1 2 4 3 1 2 2 4 4 4 0 3 2 1 0 4 0 4 3 1 2 4 4 2 1 2 1 3 1 3 0
   3 4 2 1 0 4 3 3 3 2 2 4 1 3 0 0]
  [0 3 1 2 3 4 2 4 3 4 1 2 3 2 3 2 1 3 3 0 2 0 2 4 1 4 3 1 4 0 0 2 0 4 1
   3 0 0 1 3 4 4 1 1 2 3 4 3 4 1 0 1 0 2 3 0 4 1 0 1 2 1 2 0 1 3 3 3 1 0
   3 0 2 2 3 0 1 3 2 1 4 4 1 1 1 0 3 1 2 4 4 1 0 1 2 4 2 3 3 4 2 3 0 1 0
   2 1 2 0 1 0 0 0 0 1 4 2 3 3 0 2]
  [0 4 4 3 3 2 1 4 3 1 0 0 4 1 3 3 1 1 4 0 3 2 1 4 3 0 0 2 0 3 1 3 0 0 0
   2 4 4 0 0 3 4 1 3 2 1 0 2 4 3 1 4 4 3 4 0 0 4 4 4 1 2 1 0 3 3 2 2 4 3
   2 4 3 1 2 0 1 1 4 4 4 2 0 1 2 1 3 3 4 0 0 1 2 4 2 3 4 2 0 4 4 3 1 0 2
   3 4 1 2 3 3 1 4 3 0 1 0 4 1 0 4]
  [0 3 3 3 3 0 2 1 3 1 0 4 1 2 0 4 4 2 3 2 3 2 3 3 0 0 1 3 1 3 4 4 0 4 3
   1 4 0 3 2 0 0 2 0 1 1 1 0 0 1 4 0 4 3 4 0 4 0 3 3 3 3 4 2 3 1 2 0 0 4
   4 2 0 3 4 1 1 2 0 4 4 4 4 0 1 3 1 2 0 1 4 4 1 0 4 3 2 3 3 3 0 2 0 0 3
   4 0 3 4 2 1 4 0 2 4 1 2 3 3 1 1]
  [0 4 4 3 4 0 4 0 2 4 4 4 3 4 4 1 3 1 3 2 4 0 4 4 2 0 4 1 2 0 2 2 2 3 0
   3 4 1 1 1 0 1 4 4 4 3 1 3 0 4 0 4 1 4 1 1 3 2 0 4 3 4 1 3 2 1 1 1 0 4
   0 3 2 0 0 1 1 4 0 4 3 0 1 2 2 1 1 1 3 2 4 2 3 2 3 0 1 2 4 4 2 3 1 2 1
   0 2 4 0 1 4 0 1 3 4 1 3 3 1 3 3]
  [0 1 3 1 3 4 4 3 3 0 0 1 4 4 3 0 2 1 1 1 4 0 3 2 4 1 1 2 2 0 0 4 4 4 2
   2 4 0 3 2 0 2 3 3 2 2 2 0 2 1 4 4 1 0 1 2 3 4 2 0 4 0 3 0 1 4 1 1 1 0
   0 3 4 3 4 2 2 1 3 4 0 2 4 2 3 0 4 3 4 1 0 2 4 4 0 3 0 0 3 2 3 1 0 1 0
   1 0 1 1 3 1 2 2 2 0 3 4 4 3 0 0]
  [0 0 1 0 1 1 2 3 0 4 3 4 2 2 2 0 2 4 1 2 3 0 4 4 2 0 1 3 2 2 1 4 3 3 0
   3 2 3 0 1 0 1 2 2 4 1 3 4 0 1 4 3 0 2 1 3 2 1 1 1 0 1 4 4 0 1 2 4 0 3
   0 1 2 4 4 3 1 0 3 2 4 4 3 3 2 3 3 2 4 3 1 2 1 4 4 4 0 2 0 4 3 3 4 4 2
   0 3 2 2 1 0 2 3 2 2 3 0 1 1 1 2]
  [0 3 4 3 4 3 0 0 1 0 0 3 4 0 2 4 0 1 4 0 0 0 1 4 2 3 4 2 2 4 1 4 2 1 4
   0 1 4 3 3 3 0 4 0 1 3 3 1 2 4 3 1 3 0 4 2 4 0 2 3 4 0 4 3 2 1 0 1 2 1
   2 2 4 0 2 2 0 0 0 3 4 2 1 0 0 0 0 2 3 4 1 1 2 3 2 3 2 2 1 4 3 2 1 1 2
   4 0 4 4 3 2 4 0 2 0 2 1 1 3 3 0]
  [0 3 3 2 3 2 3 4 2 4 2 3 2 4 4 1 1 3 1 1 0 1 1 0 3 4 2 1 4 4 0 2 3 2 3
   2 1 3 4 0 4 0 0 3 1 2 1 0 4 4 1 1 2 1 3 2 0 2 0 2 4 1 0 2 4 2 4 0 2 3
   2 3 1 3 1 0 0 0 1 3 1 3 2 1 2 1 2 4 2 2 2 1 2 1 4 3 1 0 1 3 2 1 1 3 3
   0 0 0 3 4 1 0 3 4 4 0 3 1 2 1 4]
  [0 1 3 3 1 2 4 1 3 0 4 0 1 4 1 4 3 2 2 1 4 4 1 2 0 4 0 0 4 0 4 3 1 0 0
   4 3 1 4 1 4 2 0 4 0 4 4 4 3 3 4 4 1 4 0 3 4 0 1 2 0 4 1 0 3 4 1 0 4 4
   3 0 3 3 3 2 4 3 4 3 2 0 0 3 4 0 1 4 3 4 1 0 1 0 4 2 0 4 0 0 3 1 1 0 1
   2 3 1 3 1 1 3 2 0 4 2 4 4 2 3 0]
  [0 2 0 4 3 1 4 1 2 0 4 4 3 3 1 4 3 0 0 4 1 2 0 3 0 0 1 0 2 3 1 3 0 2 0
   3 1 2 1 1 1 4 0 2 0 2 0 2 2 2 4 1 4 2 4 0 1 2 2 2 0 0 0 4 0 0 4 4 3 2
   3 1 1 0 1 0 1 1 0 3 3 3 4 4 4 3 2 3 4 4 0 4 3 2 4 4 2 0 4 3 2 0 1 2 1
   1 3 2 1 1 4 4 4 3 0 2 3 2 4 4 3]
  [0 0 1 1 0 3 3 0 1 3 3 1 3 1 2 2 0 0 4 1 3 0 0 0 2 1 1 3 2 0 0 4 2 4 4
   0 3 3 2 1 3 2 4 2 1 2 3 2 0 1 4 0 4 0 3 0 3 4 4 2 0 3 4 1 2 0 3 1 1 2
   1 0 2 2 3 0 3 0 1 3 2 0 3 2 0 4 3 1 3 3 4 4 2 0 2 2 1 3 0 2 1 4 3 1 1
   1 0 3 3 1 4 2 0 4 2 1 0 2 1 3 0]
  [0 2 4 1 4 0 2 0 4 1 1 4 4 0 2 2 3 2 3 4 2 3 3 0 3 0 3 4 2 1 2 1 2 4 3
   3 1 0 1 1 4 4 3 2 2 0 3 4 2 2 3 3 2 2 3 0 4 1 1 0 2 1 2 3 2 0 0 0 1 2
   3 3 1 4 3 4 2 4 0 3 1 4 1 2 0 3 1 4 3 1 3 2 2 0 3 4 4 0 0 0 2 3 2 0 2
   0 1 3 2 4 4 1 0 0 1 2 2 4 1 0 3]
  [0 1 4 3 3 4 4 1 3 1 2 0 4 2 2 0 4 0 3 2 4 3 1 2 2 3 4 3 2 4 1 0 0 4 0
   1 1 1 2 2 4 4 4 1 1 1 4 1 3 4 4 4 0 3 2 0 3 1 0 2 4 3 2 0 3 4 0 0 4 4
   3 0 2 4 3 0 3 4 0 1 0 2 4 0 4 4 4 4 2 1 3 2 4 1 0 4 4 4 4 3 1 0 0 2 2
   1 3 3 4 4 0 1 4 3 4 2 2 2 3 3 1]
  [0 2 4 3 3 0 4 4 0 0 2 2 1 1 0 4 3 4 2 4 3 2 0 2 3 3 2 1 2 1 0 2 0 1 1
   3 3 0 4 2 0 3 3 1 4 1 1 1 3 2 4 2 4 0 4 0 1 0 0 4 3 4 1 4 0 3 3 0 0 2
   2 2 1 0 0 0 2 3 1 4 4 1 3 4 0 0 0 2 1 2 0 3 4 1 3 3 1 2 2 4 0 2 2 3 0
   0 3 3 4 1 1 2 3 1 4 3 2 1 3 0 4]
  [0 4 0 1 0 0 0 2 1 2 2 0 0 0 3 1 2 2 2 4 3 4 4 0 3 0 3 3 3 4 4 0 1 4 2
   4 1 2 1 3 1 2 0 2 0 1 1 1 0 3 2 3 4 0 2 3 4 1 3 1 4 2 4 2 1 3 3 3 4 0
   0 4 1 4 2 4 4 4 0 3 3 3 3 0 2 4 1 2 2 3 2 4 2 0 2 4 3 4 3 2 3 3 0 2 0
   4 0 1 1 3 1 2 1 0 0 4 1 2 1 1 3]
  [0 4 4 2 3 2 2 0 4 4 2 4 2 3 1 1 4 1 4 2 1 1 2 0 0 0 4 0 0 1 4 4 4 0 1
   2 1 0 0 2 0 0 0 1 1 1 3 4 3 1 3 0 1 3 3 3 0 4 3 3 0 4 4 0 2 1 0 2 0 2
   0 1 4 3 4 2 4 0 1 3 1 1 1 4 0 1 2 2 4 3 1 0 3 1 0 0 0 2 2 3 3 2 1 4 3
   4 0 0 0 2 3 4 1 3 4 3 0 1 0 2 3]
  [0 2 2 0 4 2 3 1 1 4 1 0 1 3 2 1 2 2 3 2 3 0 1 3 3 1 2 0 0 3 0 0 2 0 4
   4 3 3 0 0 4 1 3 1 0 0 0 0 4 0 0 0 1 0 0 2 0 3 0 1 2 4 0 3 1 2 2 0 0 3
   1 0 0 1 4 4 1 1 3 0 2 4 2 2 0 3 0 3 2 0 3 1 1 3 4 3 0 0 3 0 2 3 3 0 0
   4 3 2 4 4 3 3 1 0 1 0 1 3 3 1 1]
  [0 0 3 1 2 0 1 2 1 0 4 4 4 0 0 0 2 0 1 1 4 2 3 1 2 0 4 3 0 1 3 4 3 2 3
   4 4 2 2 1 1 3 3 1 1 4 4 4 3 1 0 0 2 3 2 0 1 1 1 1 3 4 3 2 4 2 0 0 0 2
   2 1 0 0 3 3 4 3 1 0 1 3 1 4 1 1 4 4 2 0 4 4 2 4 1 1 2 2 4 2 3 0 1 4 4
   2 2 3 2 4 3 1 3 4 3 0 4 1 0 3 2]
  [0 3 2 2 2 1 0 4 1 2 1 1 1 2 3 3 0 1 1 1 3 0 3 2 2 3 0 2 4 4 1 4 2 4 4
   0 2 3 3 2 2 3 2 0 0 3 2 0 2 0 2 1 1 3 2 1 4 1 1 1 4 4 1 1 4 4 2 4 4 3
   2 2 2 0 3 2 4 2 1 0 3 4 3 3 2 0 1 3 4 2 3 1 4 4 3 1 0 2 2 3 2 3 2 4 3
   4 2 4 3 3 1 0 0 0 3 2 1 0 4 1 2]
  [0 4 2 1 1 4 3 4 2 2 1 4 3 0 0 4 1 3 0 3 0 2 0 1 4 1 3 2 3 0 0 0 3 4 4
   0 1 3 1 2 4 1 0 2 2 3 3 2 2 2 0 1 0 4 2 3 0 3 1 0 2 1 2 4 4 1 4 2 3 3
   1 3 2 0 0 4 2 1 3 1 0 2 3 0 1 2 2 4 3 4 3 1 1 2 2 2 0 4 2 4 2 4 2 3 2
   4 3 2 1 1 0 2 3 0 4 3 2 0 0 2 3]
  [0 2 4 0 4 2 3 1 4 2 1 3 3 0 3 0 2 1 0 1 0 3 1 4 2 4 1 3 1 4 0 2 3 2 4
   2 0 0 1 1 4 4 4 4 1 2 1 1 4 2 0 0 3 2 3 0 3 0 3 0 4 0 0 2 0 4 3 1 0 0
   4 4 2 1 1 0 4 4 4 3 2 1 4 4 3 4 0 0 2 3 2 0 2 1 2 2 2 0 4 2 2 0 2 1 4
   0 0 3 0 1 2 4 0 0 0 3 1 4 4 1 1]
  [0 3 0 4 3 2 3 0 3 4 0 1 2 2 2 4 2 3 1 3 1 2 0 2 1 3 2 2 2 1 3 0 1 0 1
   0 0 4 2 4 4 0 1 0 2 1 3 3 2 1 0 0 1 1 4 3 3 0 2 2 3 0 1 0 2 1 4 1 3 1
   4 1 1 0 3 3 0 2 1 4 4 3 2 3 2 4 2 3 4 4 3 3 3 4 2 2 1 1 4 0 1 0 0 2 2
   1 0 0 0 2 3 1 2 4 1 3 1 4 1 1 1]
  [0 4 1 2 4 2 4 3 0 1 1 1 4 1 0 0 3 3 3 0 0 1 0 0 2 1 4 3 2 2 2 3 3 3 4
   2 0 4 2 4 2 3 3 3 1 2 0 2 0 1 2 4 0 2 0 4 2 4 3 2 4 4 3 1 3 2 2 0 4 3
   4 3 0 1 3 0 1 0 4 2 4 0 4 1 4 2 4 4 2 0 1 3 2 3 3 2 4 0 0 1 2 1 1 0 1
   0 0 3 2 0 4 3 3 1 4 3 2 3 1 0 1]
  [0 1 2 3 3 4 4 2 4 0 2 1 1 2 4 3 2 4 2 3 3 3 3 1 0 1 4 3 4 4 3 1 1 1 0
   3 3 0 0 0 4 4 2 1 0 0 0 3 1 4 4 0 0 4 1 2 4 4 3 3 3 1 1 1 3 0 0 4 0 0
   2 4 4 1 3 0 1 4 0 1 4 4 1 4 4 4 1 3 1 4 4 1 1 0 0 2 2 3 3 1 1 2 0 1 0
   1 1 2 0 4 1 3 4 2 3 2 2 0 1 1 4]
  [0 4 2 3 4 4 3 3 4 1 4 4 2 1 0 3 2 1 1 3 1 1 3 0 1 1 4 3 4 3 1 4 0 4 4
   0 4 3 3 3 3 1 0 0 1 3 1 4 4 2 2 4 3 0 0 0 4 3 3 0 0 4 2 3 1 1 4 2 2 2
   1 3 4 0 1 4 2 0 1 0 0 1 0 3 1 3 3 0 3 4 4 0 0 2 3 3 4 3 3 2 1 0 4 1 3
   4 3 0 4 2 1 0 0 3 4 0 3 0 2 3 4]
  [0 1 1 0 0 3 1 3 2 4 4 1 3 0 1 0 3 3 3 1 4 0 0 4 3 1 2 3 3 0 4 0 2 4 3
   3 2 4 4 0 1 1 0 4 3 3 3 0 2 0 1 3 1 4 1 4 1 0 2 3 2 3 2 0 2 1 0 0 4 4
   1 4 4 1 3 0 4 2 0 2 0 4 4 1 0 3 4 2 1 2 0 0 3 3 2 0 0 1 4 3 3 3 3 4 1
   2 3 4 1 1 3 4 1 0 3 1 4 0 0 4 1]
  [0 0 4 4 2 4 3 0 0 4 2 4 3 2 4 2 0 0 3 2 3 4 4 3 1 4 1 0 2 3 3 4 0 1 1
   1 1 0 1 4 4 1 4 0 1 1 4 4 1 0 4 4 3 2 3 3 1 4 0 4 0 4 1 3 0 3 1 4 3 2
   1 0 3 1 1 1 0 3 3 0 0 0 3 2 4 2 0 0 4 2 0 3 4 1 2 4 4 1 1 1 1 0 1 0 1
   4 1 2 1 4 0 0 4 1 3 1 4 1 3 2 1]
  [0 2 0 2 0 2 0 0 4 0 3 2 4 0 0 3 2 2 3 3 4 2 3 2 4 3 3 1 2 1 3 2 0 1 1
   0 0 3 4 3 1 4 2 2 4 2 4 1 1 3 2 0 4 0 2 3 0 3 4 1 0 0 1 4 2 4 4 0 2 0
   0 4 2 4 2 4 0 1 3 0 3 3 0 3 2 4 1 2 3 4 3 2 4 1 2 0 0 0 0 1 1 3 1 1 0
   3 4 4 0 3 4 2 4 0 2 3 1 2 4 2 3]
  [0 2 1 1 4 3 0 1 1 1 3 1 1 4 3 2 3 3 1 4 2 1 4 1 0 4 4 1 2 4 3 4 1 4 4
   1 1 2 4 1 2 4 3 0 3 4 0 0 3 1 3 2 2 3 0 2 3 1 2 1 2 3 3 0 0 3 0 3 3 1
   2 3 0 1 0 0 1 1 4 2 4 1 3 0 4 1 1 2 3 4 1 1 4 2 2 4 1 0 3 2 4 1 3 1 1
   4 2 1 2 1 4 4 1 2 0 1 0 0 3 3 4]
  [0 2 3 2 1 2 0 1 0 3 4 1 4 4 2 4 0 4 3 0 3 1 3 3 2 0 2 4 4 3 1 4 1 2 1
   2 4 2 2 4 1 3 4 0 3 3 1 3 4 3 4 0 1 3 2 4 1 0 2 3 3 3 2 1 4 0 0 2 4 0
   2 1 3 2 3 1 0 3 0 4 0 3 3 3 0 4 1 1 2 0 0 0 0 2 3 2 2 2 3 4 3 3 3 0 3
   4 3 0 1 4 2 4 2 0 4 0 4 0 1 3 4]
  [0 4 2 0 0 4 0 4 1 1 4 2 2 1 0 0 2 0 4 0 3 1 4 0 1 0 0 2 0 4 2 0 2 4 1
   3 2 4 0 2 1 3 2 1 4 2 2 4 0 1 2 3 1 1 4 3 0 0 0 2 2 4 1 4 3 2 1 4 3 3
   1 1 0 0 1 0 4 2 3 0 0 2 2 3 1 0 3 3 1 4 0 4 2 0 2 4 0 3 0 3 1 3 3 4 2
   2 0 1 0 4 1 2 1 1 3 3 2 1 0 4 4]
  [0 3 3 1 0 1 2 3 0 2 2 4 3 4 3 2 2 1 4 4 0 4 4 2 0 1 1 3 3 2 3 2 0 2 1
   2 4 4 1 2 0 2 2 1 2 4 4 4 0 1 1 1 1 2 3 1 0 1 4 0 3 1 1 1 2 2 1 1 0 1
   3 3 1 3 4 2 1 0 4 4 0 3 2 4 3 3 0 3 0 4 4 0 1 1 0 1 4 4 2 3 3 3 4 1 2
   0 4 4 0 2 2 0 0 4 0 4 4 3 1 4 1]
  [0 3 1 4 2 2 4 4 4 3 4 2 0 0 0 4 2 0 3 4 1 2 2 0 0 4 3 3 4 4 1 4 4 2 2
   2 0 4 3 1 4 2 4 2 3 4 3 0 0 4 0 0 4 0 1 4 2 4 2 4 1 3 2 1 2 2 1 0 3 0
   2 0 3 3 3 4 2 4 0 0 3 1 3 4 0 4 4 0 4 2 4 2 2 3 0 4 4 2 2 1 0 3 2 2 4
   2 3 1 1 2 1 0 1 2 4 2 2 0 3 3 2]
  [0 1 3 3 3 1 3 3 3 0 4 1 4 4 1 1 0 0 2 0 4 1 1 0 1 0 4 4 2 4 2 0 0 1 1
   3 0 3 1 3 2 0 1 0 2 2 3 3 3 2 3 3 1 2 2 3 3 2 0 2 3 2 4 2 1 4 3 1 3 0
   0 0 0 3 3 1 4 2 3 2 4 3 0 2 2 2 0 4 0 0 1 1 4 3 3 0 3 2 0 1 0 3 1 3 2
   4 3 3 1 3 3 1 3 3 3 4 0 3 0 2 4]
  [0 2 3 0 1 4 0 0 0 0 3 0 1 0 2 1 1 0 4 2 4 0 0 1 0 3 3 4 1 1 3 2 1 1 0
   0 0 2 4 1 1 3 2 2 4 1 0 1 3 2 4 3 4 2 0 2 4 1 1 2 4 2 4 1 0 2 2 1 4 4
   0 3 2 0 2 4 2 4 3 1 1 4 1 0 1 2 0 3 3 0 3 2 0 1 0 4 4 3 2 3 4 0 0 0 2
   4 3 2 3 4 3 4 2 4 1 4 3 2 2 3 4]
  [0 4 1 0 2 1 3 0 2 1 4 1 4 4 1 0 1 0 3 0 4 1 1 4 3 0 4 1 2 3 0 3 3 2 2
   0 2 4 3 2 3 4 4 0 1 2 1 3 0 0 2 2 1 3 2 3 0 3 0 4 2 1 1 0 4 4 4 0 1 0
   1 3 2 1 1 0 4 0 2 0 1 2 3 1 4 4 4 1 2 1 0 1 0 4 2 2 4 3 3 3 0 0 1 4 1
   0 0 1 4 2 0 2 4 2 0 0 4 3 4 1 2]
  [0 1 1 4 1 0 0 3 0 4 1 2 4 1 2 4 3 0 1 4 2 3 2 4 2 1 4 1 4 3 3 1 3 2 2
   3 3 3 4 1 2 2 2 3 3 0 0 1 0 2 2 3 2 0 2 0 1 4 2 1 2 1 1 0 4 3 1 4 0 1
   2 0 4 3 1 4 3 3 4 3 1 2 1 3 2 2 4 0 4 3 0 0 1 4 0 1 2 2 2 2 3 2 3 1 1
   1 4 1 3 3 1 0 0 0 0 3 1 2 3 1 2]
  [0 0 4 3 4 2 0 1 0 0 4 3 4 0 4 3 1 2 2 4 3 2 1 2 0 2 4 2 1 2 4 0 1 3 1
   0 2 0 3 4 0 2 2 4 4 3 1 3 4 2 3 1 1 0 3 4 4 3 0 2 2 3 3 1 1 4 2 3 0 3
   3 4 2 2 0 0 3 1 4 4 4 2 2 1 0 3 3 4 3 1 4 0 0 4 3 3 3 3 3 2 3 3 0 0 3
   4 1 2 2 3 0 4 2 1 3 4 0 3 0 2 0]
  [0 0 1 2 4 0 0 2 3 1 0 3 0 1 0 4 0 4 2 2 3 3 0 3 4 0 0 3 1 1 4 2 2 3 0
   2 2 2 3 4 2 4 1 1 3 0 2 3 4 2 4 2 2 0 4 2 0 4 2 0 3 3 0 0 1 2 3 0 2 0
   1 3 3 0 4 1 0 0 2 3 1 2 3 0 2 2 3 0 4 3 4 3 4 0 2 1 2 0 2 0 3 0 0 3 4
   0 1 2 3 1 2 1 3 4 0 4 2 3 4 2 3]
  [0 0 2 4 3 1 2 4 2 1 3 4 2 1 1 3 3 4 1 1 1 1 0 4 1 1 4 3 4 4 1 1 0 0 2
   2 3 3 3 3 0 4 2 0 2 1 1 4 4 0 3 4 2 1 0 3 4 0 0 2 2 0 3 0 3 4 4 3 4 3
   1 0 1 3 1 1 2 3 0 4 3 4 1 4 3 2 4 2 1 2 4 1 2 2 0 2 3 1 3 3 2 3 1 0 2
   3 0 0 1 4 2 2 2 1 4 2 0 1 0 0 4]
  [0 1 4 1 0 2 2 2 4 1 3 2 2 2 2 3 1 0 4 3 3 3 4 0 0 4 2 4 2 0 2 0 0 2 1
   3 0 1 4 0 1 3 1 2 3 3 2 2 3 0 3 2 1 2 2 0 4 3 1 1 4 2 3 0 0 1 0 3 2 3
   4 4 4 0 2 1 1 0 2 2 4 0 2 0 3 3 1 0 4 4 1 3 2 4 4 0 2 2 1 3 4 3 1 1 3
   1 1 4 3 2 3 2 0 2 3 2 2 3 1 4 2]
  [0 1 0 1 1 3 4 0 3 4 3 2 4 3 0 1 2 3 0 3 3 3 2 3 0 2 4 0 2 0 2 3 1 1 1
   2 1 0 2 1 2 3 2 0 0 2 4 3 3 4 4 4 3 1 0 4 0 1 1 0 1 0 2 4 3 1 0 1 3 0
   1 0 1 3 2 1 4 4 1 3 4 3 1 1 1 0 3 0 2 0 4 2 1 2 0 4 0 1 4 2 3 2 1 3 0
   4 2 1 4 3 3 1 4 0 1 4 0 2 1 2 4]
  [0 0 2 2 2 2 3 2 2 0 0 0 2 3 4 0 4 3 2 0 4 4 2 0 1 2 0 4 2 0 2 1 2 2 0
   2 4 2 1 0 3 2 4 1 0 2 2 2 2 3 3 0 4 3 1 4 4 1 2 3 1 2 4 2 1 3 4 4 1 4
   4 1 1 0 2 2 1 2 0 0 2 4 2 4 4 3 2 0 1 0 2 4 1 0 2 2 1 0 0 4 2 2 0 2 4
   3 1 3 3 3 3 0 0 0 0 4 1 1 4 1 1]
  [0 0 3 0 4 4 4 3 2 3 3 3 2 0 1 0 2 3 4 1 2 0 0 4 2 1 4 2 1 1 1 1 1 3 3
   0 2 0 2 2 3 4 0 0 4 4 2 0 3 1 3 4 2 4 4 3 3 3 0 0 3 1 3 3 0 0 1 0 4 0
   3 0 2 3 4 3 0 2 3 2 2 0 3 0 3 4 4 1 3 3 0 1 3 4 0 3 2 4 0 0 0 4 1 2 3
   0 4 0 1 2 1 3 1 0 4 2 0 3 2 2 0]
  [0 4 0 1 1 0 2 3 1 1 4 2 2 1 0 0 4 4 1 2 2 2 2 0 4 2 2 1 2 1 3 0 1 2 3
   0 4 1 2 3 2 2 1 0 1 1 4 3 4 4 2 3 4 0 1 0 1 3 0 4 4 0 2 2 1 1 0 4 2 0
   1 1 3 4 1 3 1 3 2 1 2 1 4 2 1 3 1 0 1 2 1 4 2 1 0 3 3 3 0 0 3 2 3 0 3
   0 0 0 1 2 1 2 2 4 4 0 3 2 0 0 4]
  [0 0 4 4 2 2 3 2 1 4 2 1 4 1 2 0 0 1 0 0 4 3 0 1 2 4 3 4 4 4 0 2 0 3 2
   3 1 1 1 1 3 1 3 3 3 2 3 4 4 3 1 3 4 2 3 3 0 3 2 3 1 4 3 2 3 4 1 4 4 1
   1 4 2 1 2 1 1 4 0 2 3 1 4 1 1 3 0 2 1 1 3 0 4 4 1 3 2 4 3 4 0 4 1 4 0
   4 0 2 2 0 2 3 2 3 3 2 1 2 1 4 4]
  [0 2 3 3 0 3 0 4 4 1 2 0 3 0 3 3 4 1 2 3 0 2 3 0 0 1 0 1 2 4 0 3 0 4 1
   4 1 3 2 4 0 4 3 4 4 2 4 3 1 0 1 2 4 2 2 3 3 2 2 4 2 3 0 2 3 3 1 2 4 1
   2 4 2 3 2 4 2 2 3 0 2 0 2 2 1 2 4 1 4 4 0 3 1 2 4 4 2 1 1 1 0 0 3 4 0
   3 1 4 3 0 0 2 3 1 4 1 0 4 4 2 4]
  [0 4 2 4 2 3 2 2 2 1 3 4 1 2 4 4 3 2 0 4 0 3 4 3 0 1 4 1 4 4 4 3 2 2 0
   3 3 1 1 0 3 0 0 4 2 2 0 4 1 4 2 3 1 2 0 1 1 2 4 2 0 0 4 0 0 4 4 0 0 4
   4 2 4 3 1 0 3 4 0 3 4 1 3 2 2 3 2 4 2 0 2 4 4 4 2 1 3 3 2 3 4 1 0 1 1
   0 2 3 0 2 0 0 4 4 3 3 4 0 4 1 0]
  [0 1 0 0 3 1 1 0 4 2 3 0 2 3 2 3 4 3 2 3 2 1 2 1 4 1 4 0 3 0 0 1 3 4 4
   1 2 1 0 1 3 3 2 0 4 4 0 1 4 0 2 3 2 0 3 0 3 2 0 0 1 3 2 0 3 1 4 1 2 1
   3 3 0 3 0 4 4 0 0 2 2 2 3 1 2 0 1 2 3 1 1 4 1 1 0 4 3 0 1 4 3 4 4 0 2
   2 4 1 3 4 4 0 1 1 4 3 1 1 0 2 2]
  [0 1 4 0 2 3 4 2 3 1 2 0 0 3 1 2 4 3 1 0 3 1 4 2 0 4 4 0 1 2 3 3 1 0 3
   1 3 1 4 0 3 1 4 2 3 1 0 2 0 4 0 1 4 0 4 0 1 2 4 4 3 4 3 4 3 4 3 2 4 0
   0 1 2 2 3 0 4 4 0 3 2 2 4 3 4 4 2 2 0 4 2 3 1 1 1 3 1 2 0 3 1 0 1 2 0
   1 0 1 1 0 1 0 3 1 2 4 2 4 4 2 4]
  [0 3 0 2 0 3 0 1 4 0 1 3 1 0 3 2 2 1 3 0 3 2 4 4 3 1 4 1 2 4 1 3 0 4 3
   0 4 1 1 0 4 0 4 1 0 3 1 0 0 1 4 4 2 3 3 0 2 0 1 1 1 2 1 0 3 3 4 3 0 4
   2 3 1 4 4 4 0 2 2 1 0 1 0 1 4 1 3 3 2 3 0 1 3 1 4 1 1 2 1 4 0 0 1 0 3
   0 2 1 0 0 0 3 1 3 0 3 3 3 4 3 3]
  [0 3 1 1 2 4 2 0 4 1 2 2 0 1 4 1 4 2 0 4 2 4 2 3 3 4 1 1 1 2 4 0 2 4 0
   4 3 4 2 3 2 0 1 0 2 2 4 4 2 0 3 3 4 1 2 2 0 2 1 4 2 4 1 0 2 2 2 1 0 0
   3 1 2 1 0 4 1 2 2 0 2 2 0 1 2 3 3 2 4 4 1 0 0 1 3 4 0 1 2 0 3 4 0 1 1
   4 0 4 1 0 4 1 1 4 0 2 4 1 4 2 3]
  [0 4 1 2 4 3 0 2 3 4 3 0 0 2 2 1 4 2 1 2 4 4 4 3 2 3 4 3 4 4 2 4 2 3 1
   1 4 3 1 3 4 0 1 4 0 4 1 3 2 0 1 4 2 0 4 0 2 2 1 1 4 3 3 4 3 1 0 1 3 0
   3 2 2 1 3 1 0 2 2 0 3 4 1 4 0 1 2 1 0 2 1 2 3 4 3 4 4 1 3 3 4 3 3 3 2
   3 4 0 4 3 2 0 3 3 3 3 4 4 1 2 3]
  [0 0 4 1 3 0 0 3 0 2 3 0 3 4 3 2 2 4 1 1 3 0 2 2 2 0 3 2 2 3 4 2 0 3 0
   2 1 3 2 2 3 2 1 3 4 2 4 3 2 4 3 1 0 0 3 3 3 0 4 2 0 3 3 3 0 1 0 3 0 0
   4 3 1 1 1 2 2 3 3 3 4 3 2 2 3 3 2 3 4 4 1 0 2 3 3 2 0 0 2 2 1 4 0 3 0
   1 0 2 0 2 3 2 0 4 2 4 1 1 1 1 4]
  [0 0 1 0 2 1 0 1 2 0 0 3 0 1 3 4 1 0 1 2 4 0 3 4 4 3 1 3 4 1 2 0 2 1 2
   3 3 3 4 1 0 4 4 1 4 1 3 1 0 0 1 2 3 0 0 4 1 0 4 3 2 2 4 2 1 0 3 1 2 3
   0 4 0 4 0 1 3 1 3 2 3 0 1 4 4 2 4 0 1 1 4 0 1 4 3 4 1 2 4 0 3 3 0 2 3
   3 0 3 0 0 2 2 3 4 4 2 0 3 1 3 0]
  [0 1 0 3 2 3 3 0 0 2 2 3 1 1 4 1 2 3 2 0 3 3 3 2 1 3 1 2 3 0 1 4 4 1 0
   1 3 4 2 0 0 1 4 3 1 4 0 2 3 0 4 1 1 1 0 1 3 2 3 1 2 4 0 1 2 0 0 0 4 3
   4 1 2 2 0 4 1 3 0 0 1 1 2 1 0 4 1 4 0 3 3 3 3 2 1 3 2 3 4 3 3 0 3 0 0
   1 4 0 2 1 0 3 2 2 4 4 2 4 2 0 0]
  [0 2 3 0 0 0 3 1 4 4 0 2 0 2 2 2 4 0 1 1 2 0 3 3 2 4 0 2 0 1 3 4 1 1 1
   1 1 3 4 3 3 0 0 3 2 2 3 3 2 2 1 3 3 2 1 3 2 4 1 2 0 3 3 4 3 4 3 4 4 1
   3 3 2 0 0 4 2 3 2 1 4 1 0 0 1 3 1 3 4 4 0 0 0 3 1 2 3 2 1 0 1 1 0 0 0
   2 0 2 4 2 1 0 2 0 2 2 0 1 2 2 2]
  [0 4 1 4 3 1 2 0 0 2 1 3 0 0 0 3 3 1 4 1 3 2 3 4 3 1 0 0 2 2 1 3 3 1 4
   1 1 4 0 2 4 1 1 0 1 0 2 3 1 2 3 1 4 3 0 0 1 2 4 1 2 0 4 4 3 3 1 2 3 3
   0 3 2 4 1 2 3 2 0 2 0 1 2 2 2 2 0 2 1 3 3 0 0 4 3 4 1 0 1 1 2 2 2 1 4
   0 3 3 0 2 0 4 0 4 1 2 0 2 0 1 0]
  [0 4 2 1 1 2 3 4 1 4 2 0 1 0 3 0 3 2 1 2 1 1 2 0 3 1 1 2 4 0 4 2 3 2 1
   4 1 0 4 2 4 1 3 2 3 2 4 1 2 1 0 1 2 3 0 3 3 4 0 1 1 3 4 3 1 3 3 1 3 4
   2 2 0 3 3 4 4 3 0 0 2 4 4 4 0 2 2 3 2 3 4 2 2 0 2 1 3 2 1 0 4 2 3 4 0
   2 4 1 4 3 1 4 1 0 4 4 1 0 3 0 0]
  [0 4 0 0 1 2 3 3 1 3 4 2 2 1 4 0 1 1 2 1 4 4 1 1 3 0 3 0 0 3 0 3 2 2 3
   0 0 4 0 3 2 2 0 4 3 1 1 0 3 2 0 1 1 0 2 4 2 3 0 4 1 2 4 0 3 4 3 2 0 3
   3 2 1 2 0 3 4 2 3 2 3 3 0 0 0 1 0 2 2 0 3 0 4 0 1 0 2 3 4 3 0 3 0 4 2
   4 1 0 4 1 4 3 0 2 0 0 0 2 1 1 2]
  [0 1 1 2 1 0 2 2 2 0 0 4 3 4 3 4 3 2 1 2 0 1 1 0 1 1 2 4 4 0 0 0 1 2 0
   4 2 4 0 4 3 1 0 1 4 0 1 0 0 2 4 2 1 0 2 4 0 2 2 0 2 3 3 1 4 4 3 2 4 1
   1 4 3 0 0 3 1 2 4 1 1 1 4 0 0 1 3 4 3 1 3 4 2 1 4 0 0 1 1 0 2 0 4 1 1
   0 3 2 3 3 1 3 3 2 4 0 4 1 1 4 4]
  [0 4 0 0 0 2 1 0 3 2 0 4 0 3 2 2 4 3 3 2 2 2 0 4 1 0 2 4 0 2 3 1 4 2 1
   0 1 1 3 4 4 0 0 3 0 2 1 3 1 2 2 3 2 0 2 1 1 3 3 4 0 2 2 4 0 2 4 1 1 0
   2 3 4 0 4 2 0 4 3 1 3 1 4 0 3 2 2 1 0 2 1 2 3 4 2 1 4 2 0 0 2 3 2 3 4
   1 2 3 0 3 1 1 0 3 0 4 0 2 2 2 3]
  [0 2 1 0 4 0 0 1 2 3 3 0 4 4 1 0 2 3 0 1 4 0 0 3 3 0 0 3 2 0 0 4 4 1 0
   2 1 2 3 0 0 1 0 3 3 3 3 4 1 3 3 1 3 3 4 4 4 1 2 4 0 0 2 0 1 2 1 4 4 4
   0 3 0 1 0 3 2 1 4 4 0 4 1 3 1 1 2 1 1 2 2 1 4 2 4 1 1 2 0 1 3 0 4 1 2
   0 3 3 3 2 2 0 2 1 3 4 4 0 3 1 1]
  [0 1 4 3 1 1 0 0 2 2 2 4 1 0 2 0 1 0 1 0 2 4 4 3 1 2 1 0 1 2 0 1 4 0 0
   2 4 2 1 0 2 4 4 4 1 2 2 1 1 1 1 2 3 2 3 0 4 2 1 2 4 0 1 2 2 1 0 0 3 4
   1 3 2 0 4 2 4 1 1 0 4 4 2 2 2 0 3 0 4 1 2 1 4 0 1 1 4 3 3 4 4 3 1 0 3
   4 1 0 3 4 1 4 3 0 1 0 4 2 0 3 1]
  [0 2 1 2 1 0 1 2 1 3 3 1 4 3 1 4 0 4 3 4 1 2 4 2 4 3 1 2 2 0 1 0 4 0 2
   3 3 4 4 0 1 2 0 4 1 1 1 0 2 3 0 4 1 3 4 4 2 1 2 3 3 2 0 3 4 4 3 3 1 3
   0 1 4 0 2 2 1 1 4 1 3 2 4 3 2 2 1 2 4 0 3 3 3 0 4 3 0 2 0 4 3 3 3 3 1
   0 3 0 0 4 2 2 1 1 3 1 1 1 0 0 4]
  [0 1 2 4 1 2 4 0 0 3 0 3 3 0 3 4 3 0 0 1 3 3 2 1 1 2 4 3 0 0 3 3 0 3 1
   0 3 1 2 2 1 0 1 0 1 0 3 1 0 1 1 3 2 4 4 2 1 4 0 2 2 3 4 0 3 1 2 3 3 2
   4 0 4 0 0 0 3 1 0 4 1 4 2 3 3 1 4 4 3 2 2 1 3 3 3 1 0 2 2 0 1 4 3 2 4
   1 2 4 3 1 4 2 4 2 4 3 1 0 3 0 0]]

 [[0 4 4 4 2 1 3 4 4 1 2 2 4 1 3 2 0 0 2 1 1 2 1 0 1 2 0 0 2 4 2 3 1 0 2
   2 3 1 0 0 0 4 1 3 0 0 4 1 3 2 1 0 0 1 3 0 4 2 2 3 1 1 0 0 4 3 1 0 4 0
   1 1 1 2 0 0 2 4 4 1 3 1 0 3 3 4 2 3 1 0 2 1 4 4 1 0 0 3 2 2 4 2 4 2 2
   0 2 2 3 2 3 0 0 0 4 4 0 3 0 2 2]
  [0 0 1 4 0 3 4 0 4 1 1 3 3 0 0 0 2 3 2 4 2 3 3 3 4 2 1 2 3 4 4 1 1 0 4
   4 1 2 3 1 3 1 2 4 2 4 4 1 4 4 3 2 1 2 2 2 1 3 4 0 4 1 2 0 4 1 1 3 0 3
   4 4 4 4 4 1 1 3 2 2 0 0 0 4 1 4 2 2 3 1 2 4 0 3 4 1 4 2 1 0 3 1 0 2 0
   1 3 0 0 2 1 3 2 4 3 3 3 2 2 3 4]
  [0 2 0 1 1 1 2 0 3 1 0 3 0 4 0 0 1 2 4 1 3 2 1 3 3 2 0 1 1 3 2 2 0 1 1
   2 2 4 3 1 2 3 3 1 0 2 4 4 3 4 2 0 2 4 4 1 1 3 2 0 1 2 1 1 0 1 1 4 3 4
   1 2 1 0 4 1 0 0 0 3 2 4 2 2 4 3 3 4 2 4 2 4 1 1 2 1 0 4 4 0 4 2 3 0 2
   2 2 1 3 3 1 4 1 1 4 4 0 3 2 4 0]
  [0 1 4 0 1 2 0 4 1 3 3 3 3 4 2 0 0 2 1 3 2 2 0 0 0 1 0 1 1 4 1 4 1 0 4
   3 4 4 3 4 2 4 0 4 2 1 2 2 4 0 2 2 3 3 4 1 2 0 2 0 1 2 0 4 1 2 3 1 4 2
   0 1 2 3 1 2 2 3 0 4 4 3 4 2 2 0 3 2 4 4 3 1 4 4 4 0 1 2 0 3 1 0 0 1 0
   0 0 3 4 2 2 0 4 3 2 0 2 0 3 0 0]
  [0 4 4 1 0 3 2 0 0 4 0 0 0 1 0 3 4 2 1 0 3 4 1 2 4 2 1 2 0 0 2 1 1 3 3
   2 4 2 0 4 2 3 0 2 4 0 3 4 1 3 1 1 0 1 2 1 0 3 3 4 4 2 1 0 0 3 1 4 3 4
   2 2 0 2 4 2 2 0 0 3 4 3 2 0 1 4 4 2 1 3 2 1 3 1 3 0 2 3 0 3 2 3 1 0 0
   2 2 0 1 4 1 4 3 1 0 3 3 3 1 3 4]
  [0 3 1 4 1 0 2 1 0 1 1 0 2 1 1 0 3 4 3 3 3 1 1 3 2 1 0 3 2 4 0 3 4 1 3
   4 1 2 4 1 2 4 0 1 2 3 3 3 0 1 4 0 4 3 1 3 3 1 3 1 3 2 4 0 0 0 4 1 3 0
   2 1 2 1 4 4 2 1 4 2 4 1 2 1 4 4 4 4 4 0 0 2 1 2 2 2 2 1 0 4 0 0 0 4 0
   2 3 0 3 1 3 1 1 0 0 2 3 4 3 3 3]
  [0 0 4 2 3 0 0 2 1 1 4 4 0 2 2 4 0 4 0 3 0 0 0 2 0 0 1 3 0 0 0 1 4 0 1
   2 1 1 0 1 2 4 2 3 2 3 3 1 3 0 2 3 0 3 0 1 1 4 4 4 0 2 4 0 2 1 1 3 1 3
   0 3 2 0 1 4 3 3 2 4 3 4 3 4 4 1 4 2 3 2 2 1 0 1 3 2 3 1 1 0 1 1 3 0 4
   3 0 4 3 0 1 4 2 2 0 3 0 3 3 4 4]
  [0 3 3 0 3 2 2 0 4 4 2 3 0 0 1 1 0 1 3 3 3 4 4 2 0 4 0 3 0 2 2 3 0 3 1
   3 3 3 0 0 1 1 0 0 1 1 1 0 0 3 0 4 4 2 0 3 4 1 1 3 2 2 0 0 0 3 4 2 4 2
   3 0 2 4 2 3 4 3 2 0 3 4 2 3 1 0 3 0 0 4 2 1 4 3 1 3 0 1 0 1 0 1 3 3 2
   0 0 0 0 2 0 3 3 0 0 0 0 3 3 0 4]
  [0 2 3 0 2 2 1 0 0 3 3 2 1 4 0 1 0 1 3 3 3 1 4 4 0 4 0 2 0 4 0 2 2 0 4
   4 2 3 1 1 1 4 3 4 4 2 4 1 0 2 4 2 1 2 1 3 4 3 4 4 3 1 2 0 4 3 4 2 0 3
   2 2 2 3 4 1 1 4 4 2 4 4 4 4 3 0 4 3 4 0 4 4 2 0 2 2 0 3 3 2 0 3 2 0 3
   4 3 4 1 1 3 4 0 2 4 3 3 4 3 3 3]
  [0 4 0 1 3 3 0 2 3 0 2 4 0 1 2 3 4 3 1 3 1 4 0 1 3 1 2 3 1 2 0 4 2 2 1
   2 4 0 4 0 4 4 3 3 3 3 2 2 1 3 2 1 1 2 1 4 2 1 4 4 0 3 0 3 2 4 1 3 4 1
   2 1 1 4 4 2 1 4 2 2 1 4 3 0 0 4 1 4 0 1 2 2 2 0 3 3 0 3 2 4 4 1 2 0 0
   3 1 0 2 0 0 2 2 0 3 1 3 2 0 1 1]
  [0 2 3 2 3 4 0 1 3 4 0 1 0 2 1 1 3 2 0 4 2 4 2 1 3 4 2 1 3 4 3 3 3 4 4
   2 2 0 4 1 3 0 1 3 0 4 4 4 0 1 1 3 4 1 2 4 0 0 1 0 4 4 4 3 3 4 0 1 4 4
   4 0 4 1 1 1 0 1 1 1 0 0 1 4 3 0 0 3 2 1 2 0 1 1 4 4 1 4 2 0 0 0 2 1 3
   0 2 1 4 4 1 0 0 4 2 2 2 4 2 4 3]
  [0 3 2 3 4 2 2 2 2 0 2 0 3 4 1 3 0 0 0 0 2 2 0 4 2 0 2 3 1 4 4 3 0 4 1
   0 0 3 2 3 0 4 4 0 2 2 2 1 1 1 1 0 1 2 4 4 3 3 2 1 0 2 0 4 1 3 0 4 4 3
   2 0 4 3 2 0 0 2 4 2 2 3 3 4 2 4 0 3 2 1 4 4 4 1 2 1 4 2 0 2 1 2 1 2 1
   4 2 3 2 3 0 0 0 4 4 0 1 3 1 0 3]
  [0 4 3 4 1 1 1 1 1 4 0 3 0 0 2 0 4 3 3 0 4 2 2 1 3 2 0 3 3 4 2 0 0 2 1
   1 1 2 4 1 1 4 1 3 1 2 4 4 1 1 0 4 0 0 0 2 3 4 4 3 4 4 0 3 4 4 3 1 1 2
   4 1 0 1 3 4 1 3 3 2 0 4 2 2 3 1 3 2 3 4 2 1 0 3 4 0 2 3 4 1 4 1 0 0 3
   3 1 0 3 2 4 3 4 0 3 0 1 2 2 4 0]
  [0 0 1 2 3 3 2 3 0 3 4 3 0 0 1 2 2 4 3 4 3 0 2 3 4 0 1 3 1 4 2 2 1 4 4
   4 3 2 1 0 0 3 1 0 1 2 4 0 4 2 4 3 0 1 4 3 2 3 0 1 2 3 1 3 0 2 1 2 3 2
   1 1 4 1 0 1 0 4 4 3 0 2 2 0 0 0 3 0 4 0 0 2 0 2 1 0 4 2 2 2 4 3 2 0 0
   2 0 0 1 0 4 2 0 4 4 0 0 0 0 3 1]
  [0 4 3 4 3 3 1 0 4 1 0 3 4 4 0 0 0 2 3 2 2 2 0 4 4 2 4 2 4 3 2 0 3 3 0
   3 2 4 3 4 4 1 4 1 4 1 3 0 2 4 0 0 2 4 3 3 4 2 2 4 2 3 4 1 0 4 3 3 1 4
   0 3 1 0 1 3 2 2 4 0 0 0 2 1 2 1 2 4 1 2 0 3 2 0 3 0 0 3 1 4 1 2 1 4 3
   3 3 3 4 3 2 2 1 4 3 4 4 0 2 3 3]
  [0 3 0 1 2 4 0 1 3 0 2 1 1 3 2 0 2 1 3 2 3 0 1 2 3 2 2 3 3 1 1 3 2 0 1
   1 3 4 3 4 3 2 1 3 0 0 4 2 4 2 3 0 0 0 3 1 0 3 4 2 1 1 3 4 4 1 0 2 3 4
   1 1 2 4 4 1 1 2 1 4 2 2 4 2 2 1 1 4 3 4 1 2 1 2 2 4 2 3 2 0 2 0 0 4 3
   2 4 1 0 3 2 3 3 2 3 4 0 0 3 4 2]
  [0 1 0 3 4 0 3 4 1 2 0 4 4 4 2 4 0 4 2 0 4 1 2 0 0 4 4 4 4 1 3 0 4 3 1
   4 0 1 2 1 3 3 4 4 2 4 0 2 4 0 3 2 1 0 4 3 0 1 2 0 4 3 0 0 4 0 0 4 4 2
   4 0 2 0 2 2 0 0 2 4 3 4 4 0 0 1 4 4 2 3 4 1 1 2 0 0 2 0 1 1 1 0 3 4 1
   0 2 4 1 4 1 3 0 0 0 4 1 3 4 0 4]
  [0 2 4 0 0 2 0 3 1 2 2 4 2 1 4 2 3 0 3 2 2 2 4 1 2 2 1 4 4 2 2 2 2 4 3
   1 0 1 2 2 2 4 2 4 3 3 0 3 1 1 3 4 2 3 1 1 0 0 2 0 4 0 0 3 0 1 0 3 4 4
   0 3 1 4 3 0 4 0 4 4 1 2 2 2 0 0 2 2 0 3 3 0 0 3 1 1 0 1 1 4 4 2 4 2 2
   2 4 0 1 0 3 1 1 1 1 4 1 3 1 2 3]
  [0 3 1 4 3 2 4 1 0 0 0 1 4 2 1 4 1 0 0 4 3 4 0 4 1 4 2 4 2 1 4 1 2 3 4
   4 2 1 1 1 3 4 4 1 4 2 0 2 2 4 3 3 3 3 1 2 0 2 0 4 2 3 1 0 1 3 0 4 1 4
   2 0 1 0 4 3 3 3 2 1 3 4 4 3 2 3 1 4 3 2 1 1 3 0 1 1 3 2 3 2 0 2 0 0 0
   3 0 0 0 2 3 1 1 2 3 4 4 2 4 4 4]
  [0 0 2 3 4 1 1 0 0 1 1 1 2 0 0 2 2 1 4 0 0 3 4 0 2 4 2 0 2 1 4 4 3 4 0
   1 3 1 0 2 3 0 0 1 4 2 3 4 4 2 2 1 4 4 4 0 1 2 0 0 2 1 1 0 4 2 1 4 2 3
   1 1 0 2 2 0 1 1 3 2 3 4 0 4 4 3 2 4 0 0 1 2 1 0 2 2 4 0 1 2 4 1 4 0 3
   3 4 1 3 4 4 4 2 4 3 1 2 4 3 0 0]
  [0 4 4 3 3 3 3 1 4 4 0 0 2 2 2 0 2 1 1 4 0 2 0 0 4 0 3 1 4 4 0 2 1 3 1
   1 1 1 4 3 2 3 1 3 2 4 2 2 4 4 3 1 4 3 1 0 1 3 1 0 4 0 4 1 2 1 1 3 0 1
   2 1 1 2 4 4 2 0 0 2 1 1 0 0 0 3 2 2 2 2 4 0 1 3 0 4 3 2 2 1 3 2 2 1 2
   4 2 4 4 1 3 2 3 4 3 2 0 1 2 1 2]
  [0 2 2 1 0 2 4 4 1 1 4 1 2 0 0 1 0 2 1 1 4 0 4 2 3 0 1 4 2 3 0 3 0 1 4
   3 1 1 2 2 0 1 4 1 0 2 4 0 3 4 3 3 4 4 2 0 3 1 2 3 4 2 1 3 3 4 4 3 4 3
   2 3 3 1 3 4 3 2 0 2 2 4 1 1 3 1 2 4 1 0 1 0 4 0 3 0 1 3 4 1 3 1 0 4 1
   0 1 4 0 4 2 0 1 3 0 0 1 1 3 0 3]
  [0 2 1 3 0 3 0 1 1 0 2 0 1 0 2 4 0 3 3 0 2 0 0 2 2 0 4 3 1 1 4 4 0 2 3
   3 1 4 1 0 4 3 4 1 3 1 3 0 3 1 0 1 3 2 4 4 4 1 0 0 3 1 1 4 3 4 1 3 3 2
   2 3 3 2 1 3 2 0 0 3 2 0 4 3 4 1 3 4 2 4 1 4 2 2 1 4 1 0 2 4 0 3 0 0 2
   1 4 4 2 2 0 1 3 4 4 0 0 0 3 3 2]
  [0 1 4 3 0 2 4 2 3 0 0 4 4 4 2 2 3 3 4 1 0 1 2 0 4 4 3 2 2 2 1 4 1 3 3
   2 0 1 1 2 0 3 1 3 1 1 0 0 1 1 0 0 1 3 0 1 3 4 3 1 4 3 2 4 4 0 2 1 1 3
   1 2 3 2 3 2 2 0 0 1 0 0 2 0 1 4 0 3 2 3 3 0 0 1 3 1 1 0 0 1 2 1 4 0 3
   2 4 1 2 3 3 1 2 1 2 4 1 3 0 4 1]
  [0 0 4 0 4 2 3 0 2 0 3 2 3 2 4 3 0 4 0 4 1 2 3 3 0 4 3 0 4 1 1 3 4 3 2
   1 0 3 2 1 0 0 3 2 4 1 1 1 2 2 2 3 2 2 2 4 3 1 3 3 0 3 2 2 2 1 2 0 2 0
   0 3 2 2 4 2 2 2 4 0 0 2 1 4 3 2 1 3 2 4 2 1 0 1 4 4 0 0 2 2 0 3 4 4 2
   4 4 4 3 0 1 0 2 2 2 1 3 1 1 0 0]
  [0 1 0 1 4 1 2 2 0 3 3 2 3 4 2 0 4 0 3 3 0 4 2 1 1 0 3 1 1 2 0 1 0 1 2
   2 2 0 4 0 4 1 2 3 0 3 1 0 1 1 4 3 4 4 0 0 1 0 0 3 4 2 1 0 1 1 4 1 0 0
   4 3 4 4 3 3 4 4 1 3 3 3 2 3 1 2 2 1 2 4 3 0 2 1 4 1 1 1 4 2 0 4 1 4 2
   4 0 0 3 2 3 2 0 4 1 2 3 0 0 3 1]
  [0 4 2 3 0 2 3 4 3 2 1 0 1 3 4 1 3 2 3 1 4 3 1 4 4 4 0 3 2 2 1 0 4 3 3
   4 3 1 0 3 3 1 3 1 0 4 2 0 3 3 3 4 1 2 2 1 2 3 4 3 4 1 3 2 1 4 3 1 2 4
   4 2 1 4 4 0 4 3 2 3 4 4 3 1 0 0 0 2 0 0 3 4 3 0 3 2 1 1 2 2 1 3 2 3 1
   1 1 2 0 3 4 4 2 4 2 3 4 2 0 4 4]
  [0 4 4 0 2 0 3 1 4 0 0 2 0 3 2 4 4 3 1 0 3 1 0 4 1 3 4 0 2 4 3 0 1 4 1
   0 3 0 2 2 3 4 1 3 0 0 3 4 4 3 3 4 3 1 1 2 4 1 2 1 4 1 2 4 1 0 4 2 3 0
   1 2 2 2 3 0 0 3 4 4 3 1 0 3 4 1 0 1 2 3 1 1 3 1 0 4 2 1 3 2 4 0 0 1 1
   1 3 4 4 4 4 1 1 4 4 2 0 1 2 1 0]
  [0 2 0 4 2 0 4 1 2 1 1 0 2 1 0 0 0 1 2 2 4 0 2 3 2 4 3 1 0 3 4 1 1 3 1
   2 1 2 3 0 1 1 1 2 1 4 2 1 1 1 4 4 3 3 2 3 0 3 4 2 0 3 0 1 2 0 2 4 1 2
   0 0 4 0 1 3 3 2 1 4 0 1 4 4 0 0 0 0 4 2 0 1 0 0 0 0 1 0 3 3 4 2 2 2 4
   0 0 0 1 3 0 3 1 1 1 1 2 0 4 3 2]
  [0 1 4 3 4 4 1 2 3 3 2 1 0 3 3 1 1 1 0 1 0 4 2 2 2 3 4 4 1 0 0 2 3 3 3
   2 1 2 0 0 2 2 0 4 4 2 2 2 1 4 1 3 1 4 4 0 4 1 3 1 4 3 4 3 3 3 1 3 0 1
   1 4 2 2 0 3 2 4 1 2 1 1 3 1 2 3 3 2 1 1 3 0 4 4 3 0 0 2 3 0 1 4 4 0 4
   4 0 3 1 4 4 2 0 0 3 0 4 1 4 1 0]
  [0 0 1 4 3 0 2 0 0 0 2 0 1 2 1 0 1 3 0 0 1 2 2 0 4 4 0 0 2 2 0 2 4 0 1
   2 2 0 1 4 2 0 2 0 4 1 1 0 2 3 2 3 3 3 1 0 0 1 2 4 2 1 2 1 1 1 3 2 1 1
   1 1 4 4 0 3 4 0 4 0 2 3 3 2 3 1 4 1 4 3 1 3 3 3 3 0 0 2 2 3 2 1 0 0 2
   3 0 3 3 3 0 3 4 3 0 2 2 3 0 2 1]
  [0 0 4 3 0 1 0 1 2 4 0 0 2 4 2 0 3 2 4 4 1 1 0 3 1 1 4 4 0 0 1 0 1 4 4
   2 0 0 2 0 0 1 3 2 1 4 0 4 1 2 1 2 3 1 0 3 0 4 1 1 3 2 1 4 1 4 3 4 4 3
   3 1 0 0 3 0 4 0 3 3 4 3 2 3 1 2 4 1 1 2 4 0 0 4 3 4 2 0 0 3 2 1 0 0 1
   2 3 2 4 3 1 4 0 4 2 3 2 1 4 3 1]
  [0 0 2 4 3 3 2 1 3 2 1 3 4 2 0 1 3 2 0 1 2 3 1 4 3 2 3 1 3 0 3 4 0 2 1
   2 3 1 2 3 3 0 2 2 0 3 0 1 2 3 4 3 0 2 1 0 4 2 1 2 0 1 2 2 2 4 2 4 0 1
   3 4 4 1 0 3 2 0 4 3 2 1 0 0 0 0 4 2 0 1 1 2 4 2 0 1 4 4 2 1 0 1 3 4 0
   3 1 3 3 2 4 2 3 4 0 4 4 0 1 4 4]
  [0 4 0 3 3 0 4 1 2 3 2 1 3 0 0 0 2 2 3 4 1 1 0 4 0 0 0 4 4 1 0 3 0 0 0
   2 3 1 3 2 0 2 4 1 3 2 0 4 4 4 3 1 0 4 3 3 1 2 4 0 3 4 3 0 2 3 0 4 4 0
   0 2 0 2 2 0 4 4 0 2 0 0 3 0 4 3 2 3 3 3 0 3 2 0 4 3 3 3 0 2 2 3 2 2 4
   0 1 1 4 3 2 4 2 4 3 0 4 3 2 1 3]
  [0 3 2 0 0 1 2 0 2 1 2 2 2 2 3 1 4 4 2 0 4 1 4 1 1 3 2 2 4 0 3 3 2 3 0
   4 3 0 3 4 1 2 2 0 4 1 4 1 0 3 4 1 3 4 3 1 4 0 1 2 3 4 4 2 4 3 1 2 1 2
   1 4 2 3 3 2 0 2 4 2 1 3 2 4 2 2 1 3 0 2 2 1 2 1 3 1 1 1 0 0 3 4 1 1 1
   0 0 1 4 1 1 1 2 2 3 0 1 4 2 0 3]
  [0 4 2 2 2 4 0 0 4 3 0 0 4 4 0 0 2 3 2 1 2 2 0 2 2 0 4 2 0 1 1 1 3 1 0
   0 4 4 4 1 2 3 3 3 3 1 0 3 4 3 0 3 4 2 2 1 0 2 1 3 0 3 4 1 3 1 3 3 2 0
   4 0 1 4 0 1 2 4 1 4 1 2 1 4 3 3 2 1 1 4 3 3 1 4 3 3 4 4 0 0 1 1 3 0 0
   3 1 0 2 4 2 4 3 0 3 1 1 3 0 2 3]
  [0 4 0 4 0 4 1 1 1 3 3 2 2 2 1 4 1 4 3 2 2 1 2 4 1 3 0 2 3 1 0 1 2 1 0
   3 0 2 3 2 0 4 3 0 0 2 4 2 1 1 3 1 0 2 2 2 1 1 1 4 4 3 0 1 3 3 0 3 0 2
   4 2 0 4 3 2 0 2 0 0 1 4 4 2 3 4 0 1 1 4 0 3 1 3 4 3 0 4 1 0 3 0 3 1 1
   0 0 3 2 2 0 0 2 2 1 1 1 1 3 2 4]
  [0 2 1 3 4 0 0 3 2 0 0 4 0 3 1 1 0 4 1 4 2 3 1 1 3 4 4 1 2 2 3 0 3 1 1
   0 0 0 3 0 1 3 4 4 4 0 4 0 2 4 1 0 1 0 3 3 2 2 0 4 4 0 4 1 4 0 2 4 1 2
   3 3 3 3 0 3 1 0 0 2 4 2 3 0 3 2 3 0 2 3 2 4 0 1 0 2 2 4 2 0 1 0 0 0 4
   0 4 2 4 3 2 0 0 4 0 4 1 4 1 2 2]
  [0 4 0 4 2 3 0 0 0 2 3 4 0 1 1 4 3 2 2 3 2 1 1 3 1 2 0 3 3 3 1 1 1 1 2
   4 4 1 0 1 3 1 0 2 3 0 2 3 2 3 1 4 4 1 2 1 1 4 3 3 4 3 3 4 1 4 0 0 4 3
   1 4 1 2 4 2 0 4 3 1 3 1 0 4 2 3 4 3 4 4 1 0 1 2 0 3 1 4 1 3 3 2 1 2 1
   4 3 2 1 3 2 1 4 3 1 2 2 4 0 1 0]
  [0 3 0 3 1 4 1 2 1 0 1 2 0 0 2 0 4 1 4 1 3 2 4 3 3 0 1 3 0 1 1 2 2 4 4
   4 1 1 3 0 0 4 4 4 3 0 3 4 3 2 0 0 0 2 3 0 3 3 0 3 3 3 2 1 3 3 1 3 3 0
   2 0 1 4 1 4 2 3 1 1 1 4 3 3 1 1 2 3 1 1 3 3 4 1 1 4 4 2 3 3 3 3 1 0 2
   4 2 0 1 1 1 0 0 3 0 3 0 0 4 3 4]
  [0 0 2 3 3 0 2 0 3 3 4 0 1 1 4 1 0 4 3 4 2 3 3 1 4 4 3 4 2 3 3 1 2 4 0
   0 2 1 4 4 0 2 1 0 0 2 3 3 3 4 1 2 3 3 1 1 3 1 1 4 0 3 4 0 4 2 4 1 1 1
   0 2 1 0 3 4 1 2 0 2 0 2 4 3 4 0 1 2 3 4 0 4 2 1 2 1 0 2 4 3 1 2 3 4 4
   1 3 4 1 4 0 4 2 2 4 1 3 2 4 4 3]
  [0 1 0 1 0 4 3 3 2 1 3 3 3 0 2 4 3 4 0 3 1 3 1 2 1 1 4 3 0 1 2 0 1 3 0
   2 2 0 4 2 3 0 1 1 0 3 1 3 1 0 4 3 4 0 4 1 3 3 4 1 2 0 1 0 4 0 3 2 1 1
   0 1 0 1 4 3 1 4 0 3 0 0 4 0 3 3 4 3 0 0 4 0 2 0 3 2 4 0 1 4 0 3 3 2 3
   0 2 2 4 2 3 1 4 4 1 3 2 4 3 0 3]
  [0 3 0 3 0 2 4 4 3 2 0 0 3 3 4 1 3 1 4 2 1 3 3 0 0 0 1 1 3 4 0 1 4 0 3
   0 1 3 0 4 1 0 0 1 3 4 4 2 1 4 0 2 1 4 3 3 2 0 1 3 4 3 1 1 4 0 2 4 2 2
   1 4 0 3 0 4 2 3 1 1 0 1 0 2 4 3 4 3 3 1 4 4 4 4 4 1 3 2 2 4 3 4 3 4 1
   0 3 1 0 3 1 0 2 4 3 2 3 3 2 0 4]
  [0 4 3 2 0 0 2 2 0 3 3 0 2 0 3 2 3 1 4 1 3 3 1 2 2 4 1 3 2 3 3 3 1 3 1
   1 0 2 4 1 1 3 2 0 1 4 0 1 2 1 3 0 0 3 0 3 0 3 4 2 1 0 3 4 1 2 1 1 0 2
   1 4 4 3 3 3 0 3 4 0 4 0 3 1 2 1 0 3 2 1 2 3 2 1 1 4 3 1 4 4 1 3 2 2 1
   0 0 1 3 4 3 0 0 0 4 4 0 0 0 2 3]
  [0 3 4 1 4 3 0 4 2 1 4 0 2 3 1 2 3 2 4 4 0 4 2 0 4 0 1 3 4 2 3 3 0 4 2
   1 4 0 2 1 3 3 3 0 0 1 4 0 0 2 0 2 4 1 0 0 3 1 2 4 2 3 3 4 3 1 4 3 4 1
   3 3 0 1 0 2 2 4 0 3 0 0 4 2 1 4 0 0 2 4 3 0 3 1 2 0 4 2 2 0 2 2 4 3 1
   0 4 4 4 4 2 4 3 0 2 4 0 2 4 0 3]
  [0 0 3 3 4 1 4 3 3 3 3 0 0 0 4 2 4 1 4 0 3 1 3 1 3 2 4 3 1 0 2 4 0 1 1
   1 2 3 0 3 2 0 1 4 4 0 4 3 2 0 1 4 3 1 4 2 2 2 0 1 2 1 2 2 2 3 2 4 3 3
   2 1 1 4 3 2 3 0 2 1 1 2 2 0 1 2 0 4 1 2 0 2 0 2 0 2 2 2 0 0 4 0 0 3 3
   4 3 0 1 3 2 4 2 0 1 1 0 2 2 1 4]
  [0 2 2 0 4 2 1 4 1 3 2 0 2 1 0 3 3 0 4 4 0 2 2 3 2 4 3 1 2 3 3 2 3 1 0
   2 3 4 3 4 2 4 0 3 4 4 0 3 2 2 3 2 0 4 4 1 2 0 4 0 4 2 1 2 0 4 3 4 0 4
   1 1 3 3 1 0 4 3 3 1 0 4 4 1 0 2 3 1 4 4 2 0 0 1 0 0 4 2 4 4 0 4 2 2 2
   4 3 0 1 2 1 4 3 4 2 4 2 3 4 2 3]
  [0 2 4 0 2 4 2 0 4 4 2 4 3 2 0 2 3 4 4 2 4 2 3 0 0 0 0 2 1 2 1 1 0 1 1
   2 4 3 3 4 1 2 1 1 3 2 0 0 2 2 4 3 1 1 0 0 3 3 1 4 1 1 0 3 1 4 1 0 2 4
   1 0 1 3 1 1 1 0 4 3 3 2 1 1 2 1 3 2 2 4 2 1 0 1 3 0 4 4 0 4 1 0 0 3 4
   2 3 3 2 3 4 1 1 2 3 4 1 3 0 3 3]
  [0 0 1 1 2 2 2 1 0 0 4 4 2 1 4 4 1 0 2 0 4 1 2 2 2 3 1 1 4 1 3 2 4 2 3
   1 3 1 2 3 1 0 1 2 0 3 4 0 0 1 0 0 3 1 1 3 2 1 1 2 0 3 4 3 4 3 4 1 4 4
   3 2 4 3 4 0 3 2 4 4 3 0 0 0 3 4 4 1 3 3 2 4 0 3 4 1 3 3 2 2 3 3 2 3 1
   4 1 0 1 2 2 1 0 1 0 3 1 0 4 1 3]
  [0 3 3 4 1 4 1 3 4 2 3 0 3 3 1 0 0 3 1 3 3 3 0 1 0 3 0 2 3 1 3 4 4 4 2
   4 2 4 2 3 0 3 3 0 1 0 3 0 3 0 4 4 3 3 3 3 2 0 4 3 4 4 3 4 2 2 3 1 2 0
   4 2 4 4 0 0 4 2 1 1 2 4 2 1 3 2 3 0 4 1 3 1 2 4 4 0 0 0 1 1 0 4 1 3 3
   4 4 3 4 4 0 0 0 1 2 1 4 3 1 0 0]
  [0 2 0 1 4 4 3 4 1 1 4 4 3 0 0 2 3 0 1 3 4 4 3 3 2 0 0 4 0 0 3 1 4 3 3
   3 2 4 0 1 4 4 4 2 2 0 2 3 3 3 0 3 0 0 0 4 1 0 1 4 1 0 3 0 3 1 3 0 4 3
   1 2 1 3 2 3 4 0 0 4 2 4 4 1 1 0 2 0 3 1 4 3 0 0 2 0 2 0 2 0 1 2 3 1 4
   4 2 3 2 4 3 2 1 4 3 4 4 1 2 3 1]
  [0 1 2 2 2 1 4 0 4 2 2 2 2 0 1 4 3 1 0 4 4 1 3 4 2 1 1 2 2 2 2 4 2 2 4
   4 2 0 4 4 1 3 3 1 2 4 3 0 3 1 3 0 3 1 0 1 2 0 1 3 0 2 2 3 4 2 0 0 4 3
   0 4 0 1 4 1 2 1 2 3 2 2 0 3 0 3 4 0 0 4 0 3 3 0 2 2 0 4 3 3 0 2 2 3 4
   2 3 3 3 0 0 0 1 0 2 0 3 2 3 0 0]
  [0 0 2 1 2 0 0 1 1 1 4 4 1 3 1 2 0 2 1 0 0 2 2 1 2 2 2 2 1 2 3 1 3 3 3
   3 3 1 3 2 1 2 2 4 0 3 3 3 2 1 2 2 0 2 0 2 2 4 3 2 0 1 1 1 2 3 4 0 3 0
   1 3 4 3 2 4 2 0 2 1 1 3 1 0 1 4 3 2 2 3 2 0 0 4 2 3 2 1 0 3 1 4 3 3 1
   4 4 3 0 3 2 4 2 0 0 4 2 2 3 1 1]
  [0 2 2 1 2 1 3 2 0 1 0 0 4 0 3 0 1 1 2 0 2 3 0 0 2 4 3 0 4 1 1 1 2 2 2
   1 2 3 3 3 1 4 0 3 4 1 1 2 1 4 4 1 2 0 0 3 3 1 0 2 4 2 3 2 2 2 4 0 1 0
   0 2 4 1 3 2 2 0 2 4 4 3 0 3 0 4 2 1 0 0 1 1 4 2 2 2 4 0 0 0 2 1 4 3 0
   1 0 4 0 4 2 4 0 4 1 2 4 2 0 0 2]
  [0 3 2 0 1 0 4 4 4 0 0 3 0 2 0 3 1 3 0 0 2 4 3 2 1 3 0 1 2 3 0 0 1 1 4
   0 4 2 4 2 0 0 1 2 3 2 1 4 4 2 0 0 2 4 0 0 3 3 1 0 4 1 1 3 4 4 2 4 4 2
   4 0 0 1 4 4 3 4 3 2 2 2 4 0 0 0 1 3 3 0 2 3 4 1 0 3 3 4 0 4 3 3 0 1 4
   0 4 0 2 4 0 1 0 2 2 1 4 2 2 1 0]
  [0 3 0 1 2 1 2 0 4 0 1 4 0 0 4 0 4 3 2 3 3 1 2 3 1 4 4 0 2 0 1 0 3 1 0
   1 0 3 4 0 3 1 0 1 4 3 3 4 3 4 3 2 1 4 0 0 1 3 1 0 2 2 3 4 3 3 1 4 1 4
   3 4 4 2 3 0 1 0 1 0 2 0 4 4 3 1 0 1 0 4 1 4 1 3 3 4 4 4 1 1 2 4 2 0 2
   3 0 1 3 0 2 4 0 0 4 3 0 1 1 0 1]
  [0 0 2 4 4 0 3 4 1 2 4 1 2 0 1 3 3 0 3 2 1 0 0 2 2 0 3 2 4 0 2 1 4 1 3
   4 3 3 3 0 1 2 1 4 1 4 3 1 1 0 3 2 0 2 1 0 0 2 1 2 4 0 3 2 3 3 4 1 4 1
   2 1 0 2 0 1 0 0 1 2 3 2 2 2 3 0 2 2 0 1 2 4 4 1 4 3 2 1 3 1 0 0 4 1 3
   2 2 4 3 2 2 3 2 2 0 0 4 1 4 4 2]
  [0 2 0 0 0 3 2 3 2 3 4 2 4 4 3 4 1 0 3 1 0 4 0 3 1 4 3 4 0 1 4 1 2 0 1
   4 4 3 3 4 1 4 3 0 0 4 0 3 0 1 3 0 2 2 3 4 0 0 4 2 2 1 4 1 2 2 0 3 3 2
   0 4 2 2 4 4 4 0 4 2 2 1 3 0 4 0 1 1 4 4 1 2 2 0 2 1 0 3 4 4 4 3 3 1 2
   3 2 3 2 0 0 1 3 2 2 0 1 0 1 4 0]
  [0 0 2 0 4 3 2 0 2 1 1 3 1 4 3 1 0 0 1 1 1 2 4 2 0 3 1 0 2 0 4 3 4 2 2
   0 3 2 3 2 0 4 4 2 4 0 4 3 2 4 2 2 1 1 1 0 1 3 0 4 3 1 0 0 2 1 4 3 3 4
   2 0 1 3 4 4 1 3 3 4 4 0 2 3 1 2 3 2 0 0 0 1 3 4 0 4 3 1 0 2 2 0 0 0 0
   4 0 4 1 2 2 3 1 4 3 4 0 0 3 0 4]
  [0 3 4 0 2 0 3 3 2 0 2 3 3 3 1 1 2 3 3 4 1 4 2 0 2 4 1 3 1 1 4 4 2 0 0
   2 2 4 2 0 0 3 1 4 0 4 3 1 3 4 1 4 2 0 1 1 1 1 1 0 0 0 2 0 0 4 3 4 4 4
   1 4 0 4 2 1 0 2 1 2 1 0 0 2 2 3 0 2 0 1 4 3 1 2 1 3 3 1 2 4 2 1 3 4 1
   0 3 1 2 1 2 2 4 4 4 0 3 4 2 3 1]
  [0 1 3 2 4 1 4 3 3 2 2 4 0 0 1 2 0 4 3 3 0 3 1 2 2 4 4 2 0 4 2 2 1 2 0
   1 1 2 3 1 4 0 3 0 0 0 2 2 4 3 4 3 4 1 4 0 2 3 0 4 0 1 2 2 3 0 4 0 2 3
   0 3 2 0 2 2 2 1 1 0 4 4 1 3 4 4 2 1 0 2 0 3 4 4 0 0 4 2 4 4 1 2 4 2 1
   4 2 2 1 1 2 1 1 3 3 3 3 4 1 0 4]
  [0 2 3 1 3 2 2 0 2 1 0 0 4 3 4 3 0 4 2 1 0 2 2 0 3 4 1 3 1 1 0 3 1 0 1
   2 2 4 3 2 3 1 4 0 4 4 2 4 4 2 1 3 4 2 4 4 3 3 2 1 0 0 3 4 3 2 4 3 4 1
   1 3 2 2 3 4 3 1 4 0 2 3 0 3 2 1 3 2 4 2 0 3 0 1 1 1 3 0 4 0 2 1 1 1 2
   2 1 3 1 2 1 3 0 2 2 0 3 3 0 1 1]
  [0 3 4 1 2 2 0 1 0 4 2 0 4 1 1 4 4 3 2 1 3 1 4 2 0 2 3 0 2 1 1 2 4 2 1
   0 1 4 3 2 3 1 1 0 0 0 0 4 1 3 2 2 3 2 1 2 3 3 4 3 1 2 0 3 1 0 3 2 3 3
   3 0 2 3 0 4 3 4 3 4 2 2 4 4 0 1 1 4 2 2 1 1 1 3 2 0 4 0 1 3 0 1 0 0 2
   1 2 4 3 4 1 0 0 0 0 2 1 3 1 4 3]
  [0 1 2 2 2 2 0 3 1 1 0 3 3 3 0 3 0 0 3 0 4 3 0 3 1 0 0 0 3 2 0 4 0 4 3
   1 1 4 3 3 2 0 4 4 0 0 4 3 2 3 3 1 3 0 4 4 3 3 1 0 1 2 2 0 3 4 0 4 1 0
   3 3 1 4 0 0 4 0 0 4 4 0 2 3 2 4 3 4 0 4 0 3 4 2 1 2 1 4 3 4 3 3 0 3 4
   3 2 2 3 2 3 1 3 1 4 1 1 0 0 3 1]
  [0 4 1 0 0 2 1 1 1 0 2 3 3 4 0 4 0 4 0 3 2 0 4 0 2 1 1 0 3 2 0 4 1 4 3
   1 3 1 1 0 4 1 2 4 3 1 2 2 2 1 2 3 0 4 4 0 3 4 1 2 3 0 2 3 0 0 3 2 1 1
   0 0 4 4 0 0 0 2 4 3 0 3 4 2 4 0 2 3 3 2 2 4 1 4 2 0 2 3 2 2 0 1 2 4 4
   0 1 1 3 4 2 3 2 3 0 3 4 1 1 2 0]
  [0 0 3 2 1 2 1 3 2 3 3 0 0 1 1 0 2 4 1 4 2 0 3 3 3 0 3 4 3 0 0 2 1 2 4
   4 0 3 2 3 2 1 0 1 2 1 2 1 3 1 3 0 3 4 4 3 0 0 0 4 0 0 0 0 3 0 2 2 1 4
   2 3 4 2 3 1 0 4 3 0 1 0 0 1 1 0 2 1 0 1 0 1 1 0 1 0 4 0 0 2 3 2 1 1 0
   1 4 0 3 4 3 2 1 4 3 1 1 3 2 2 0]
  [0 4 2 2 3 0 0 2 3 0 0 1 1 3 2 1 2 1 4 0 0 3 4 4 0 4 1 4 4 1 0 1 4 1 0
   4 3 4 4 2 4 2 0 4 2 4 4 2 1 3 2 2 0 0 4 2 0 2 0 3 2 4 3 0 0 4 0 2 0 4
   4 0 1 1 2 0 1 1 4 3 1 2 3 2 4 2 3 4 4 2 1 3 0 4 4 2 0 3 4 2 2 0 1 4 2
   3 3 1 3 2 2 3 2 1 1 2 0 4 3 0 3]
  [0 4 2 0 2 0 3 2 0 1 0 2 4 0 2 4 1 0 1 3 4 4 2 2 0 4 2 4 4 4 4 2 3 4 0
   0 3 2 1 4 2 2 3 2 1 4 4 4 2 2 3 2 4 3 2 4 2 4 0 0 2 1 0 1 3 2 3 0 4 0
   1 0 0 1 2 4 2 2 0 4 4 2 3 2 4 3 4 3 3 0 2 2 2 3 1 3 0 1 0 4 2 3 3 3 3
   3 2 0 4 3 3 1 1 3 1 0 4 1 0 2 3]
  [0 4 4 2 2 3 2 3 0 3 3 3 1 3 1 1 3 0 0 0 3 2 0 1 3 1 0 0 3 3 3 1 4 3 2
   3 4 2 0 4 3 2 2 4 4 0 0 3 0 0 0 1 1 0 0 0 1 1 4 2 2 4 0 1 0 2 0 0 0 4
   0 4 0 1 0 0 4 1 0 0 1 0 4 4 4 3 3 1 1 2 3 3 2 3 4 2 0 2 3 1 1 0 3 2 2
   3 0 3 3 0 2 4 4 3 4 0 2 0 2 4 2]
  [0 1 1 3 0 0 4 0 3 1 0 3 2 1 1 1 0 0 2 1 2 1 3 4 3 0 3 1 0 1 0 4 4 1 3
   2 1 3 2 4 4 3 1 2 4 2 3 0 0 2 2 0 0 0 4 2 0 0 4 0 2 1 4 2 1 0 0 2 2 0
   4 0 1 2 3 2 0 4 0 4 2 3 3 3 1 3 4 1 4 2 0 0 2 4 4 4 2 4 2 0 0 1 2 1 3
   4 2 4 2 0 2 0 3 4 1 3 0 2 0 2 3]
  [0 3 0 4 4 4 4 0 2 1 3 4 1 2 1 4 1 2 4 3 1 4 1 3 1 1 3 0 1 0 3 3 2 0 4
   4 0 3 3 4 0 1 1 4 2 4 4 3 1 2 1 2 2 0 4 1 3 3 1 1 2 0 2 0 0 2 4 2 1 2
   0 3 0 3 4 3 0 3 4 0 0 2 0 0 0 0 0 0 4 1 1 0 2 1 1 3 3 2 0 0 0 4 1 3 1
   1 4 2 1 4 4 4 3 1 3 4 1 2 1 3 0]
  [0 2 1 0 2 2 3 1 0 3 4 1 1 4 3 1 3 0 1 3 0 0 0 3 1 1 4 2 0 3 2 3 3 3 3
   2 4 2 4 0 1 0 2 4 3 4 2 1 3 4 3 3 0 2 3 2 0 4 3 4 4 2 4 2 2 3 0 4 4 4
   3 0 1 3 1 2 3 3 4 3 3 2 0 2 2 4 0 0 3 4 3 1 1 1 4 2 0 3 0 0 4 3 2 1 1
   1 4 0 4 3 1 2 4 1 3 2 3 3 4 1 2]
  [0 1 4 1 4 4 3 0 4 1 3 1 2 2 0 2 4 4 3 2 0 0 0 0 4 2 4 4 4 4 3 4 4 2 2
   2 2 1 1 2 4 0 3 1 4 4 4 0 0 3 2 1 1 1 1 3 1 2 0 0 4 4 1 4 4 0 1 4 4 2
   0 1 0 2 4 2 0 4 4 3 1 4 2 3 0 4 0 1 0 1 0 1 3 2 1 4 0 1 1 3 0 1 2 3 4
   4 4 4 4 0 2 1 1 2 1 0 0 1 2 0 1]
  [0 3 2 2 0 0 0 3 2 3 3 2 3 0 3 2 3 2 3 1 3 0 0 0 2 0 3 4 4 1 1 2 4 0 0
   1 3 3 0 3 4 2 1 0 0 0 2 0 2 4 3 4 0 2 1 2 3 1 2 1 3 0 0 2 4 4 4 0 3 4
   2 3 4 0 0 4 0 2 2 1 2 0 0 4 3 4 2 0 3 3 3 4 4 1 3 1 4 1 4 1 4 4 2 2 4
   4 0 3 1 0 3 4 1 2 3 1 1 3 0 0 0]
  [0 2 3 1 3 2 2 0 1 1 4 2 0 3 1 3 0 2 4 2 2 1 4 4 3 2 1 3 3 4 3 1 4 2 1
   3 4 4 0 2 3 3 0 4 2 2 3 1 0 2 1 1 2 0 3 0 3 0 4 3 4 0 1 1 3 2 4 0 2 4
   1 4 3 1 0 4 2 4 4 4 3 3 2 2 4 3 0 2 1 2 2 4 3 3 4 4 2 4 4 3 3 4 1 2 0
   2 3 2 1 2 2 0 1 0 3 4 2 2 0 3 0]
  [0 4 1 0 0 4 3 2 2 2 3 2 0 2 4 1 4 0 0 3 3 1 4 4 3 3 1 3 3 1 0 2 1 1 2
   2 3 0 0 1 4 2 4 4 4 1 0 1 3 4 0 4 0 0 3 1 1 4 3 4 1 0 4 4 2 4 1 2 1 4
   2 1 1 1 1 0 2 0 3 1 4 4 1 3 2 1 3 4 2 4 2 3 2 4 4 2 4 1 4 1 3 3 1 0 0
   3 3 3 1 2 3 3 4 2 4 3 3 2 3 4 2]
  [0 1 3 2 1 4 2 4 1 0 0 0 4 1 2 1 0 0 0 0 3 4 1 1 2 0 1 4 2 3 2 1 1 4 0
   0 2 1 4 0 4 3 3 3 2 2 0 2 2 3 0 3 1 1 4 4 1 0 2 4 1 4 4 4 3 1 1 3 3 3
   4 0 3 3 4 0 0 0 0 1 1 2 1 1 3 3 4 0 4 2 4 1 1 2 4 1 0 1 3 4 4 3 1 4 1
   4 1 0 4 4 0 2 4 2 0 4 1 3 2 2 2]
  [0 4 0 3 0 4 3 2 4 4 2 2 1 1 4 2 0 0 3 0 2 1 0 3 0 4 1 4 1 1 0 0 2 2 2
   3 1 1 2 4 1 2 3 1 3 4 3 1 3 3 1 0 2 4 1 0 3 0 0 1 0 0 4 0 4 1 1 2 3 4
   4 1 1 3 2 1 0 0 3 4 3 1 3 2 4 0 1 3 1 4 0 3 1 0 1 3 2 2 3 3 4 0 1 0 3
   2 0 2 2 3 4 0 0 0 4 2 2 2 2 1 2]
  [0 1 1 4 3 1 3 1 4 2 4 1 4 3 2 0 0 1 4 2 4 4 2 0 1 0 3 0 0 0 2 1 4 1 3
   0 0 4 4 2 3 0 3 0 3 4 3 4 4 2 0 2 1 3 1 1 2 1 2 2 1 3 3 4 4 2 1 4 0 1
   4 4 0 0 4 0 1 3 0 1 1 4 4 1 4 0 2 3 0 0 1 2 2 0 3 1 0 1 1 0 1 3 4 0 1
   1 3 0 1 1 3 2 3 1 3 1 1 4 1 0 2]
  [0 3 1 3 3 2 3 0 1 1 0 2 2 0 1 2 3 4 3 0 2 1 4 3 0 2 4 2 3 2 3 3 1 0 1
   1 0 0 4 4 1 4 2 0 2 0 3 4 0 1 0 1 4 0 0 2 1 1 2 0 3 2 0 1 3 3 4 4 1 4
   0 3 2 2 0 2 1 4 4 0 2 2 1 4 4 4 1 4 4 0 3 3 2 4 1 2 4 3 0 0 0 1 0 2 0
   2 1 1 3 4 0 3 4 3 4 2 2 0 1 2 3]
  [0 4 2 3 0 3 4 3 2 0 3 0 1 0 4 4 4 3 1 0 2 0 2 3 4 1 3 4 2 1 3 2 0 3 3
   4 0 3 1 4 0 2 3 1 1 4 3 4 0 3 2 0 4 1 3 1 0 3 0 2 3 1 3 4 0 4 4 0 1 3
   0 3 4 4 3 0 4 0 0 2 0 1 1 4 1 0 2 3 1 0 1 2 3 0 0 2 2 2 4 4 3 1 4 2 2
   2 2 3 4 0 0 0 4 3 3 2 2 3 2 2 2]
  [0 2 3 0 1 4 1 0 0 1 1 0 0 2 1 1 4 1 2 0 4 0 0 2 1 3 2 4 0 1 4 0 2 4 1
   4 3 1 1 2 0 2 4 0 4 0 0 2 4 2 0 2 4 1 0 0 4 3 0 3 2 1 2 4 0 2 0 2 1 4
   2 0 2 1 4 3 2 3 4 4 1 0 1 2 1 3 1 0 1 4 2 1 4 4 0 3 0 1 0 1 3 3 1 4 2
   2 0 0 1 2 1 2 0 4 4 0 2 3 3 4 1]
  [0 4 2 0 3 2 2 1 0 2 3 1 1 1 3 2 0 3 1 2 0 4 3 2 0 1 3 4 1 2 4 0 4 0 2
   2 4 0 1 1 2 1 1 4 1 2 4 0 0 2 2 2 0 0 1 4 3 3 4 4 4 4 4 3 2 1 1 3 3 0
   1 4 0 4 2 1 2 2 1 3 0 4 0 1 3 3 0 4 2 4 0 2 0 3 0 4 3 4 2 2 3 2 1 1 0
   0 2 0 0 1 0 2 2 1 2 4 0 3 3 0 1]
  [0 4 0 3 1 3 2 1 0 1 2 2 1 4 0 4 3 4 3 4 2 3 2 1 4 0 4 1 3 1 4 0 4 2 4
   4 0 2 0 2 2 0 1 3 1 4 2 2 4 1 4 0 3 3 2 1 4 3 0 2 2 3 2 1 3 3 0 4 0 3
   3 3 2 4 0 3 1 0 2 4 0 3 3 0 3 2 2 2 1 0 1 0 3 0 3 2 4 3 2 2 3 1 1 1 0
   4 2 2 3 1 3 4 0 4 1 1 4 4 2 2 1]
  [0 1 0 4 2 4 0 3 1 4 4 3 1 4 3 2 2 0 1 2 1 4 1 0 3 4 3 4 2 0 1 1 0 4 4
   0 4 4 2 0 1 3 0 1 4 1 2 2 0 1 4 3 4 1 2 3 1 2 4 1 2 3 0 4 4 2 4 3 1 1
   3 3 0 2 4 1 4 0 2 1 2 0 2 4 0 1 2 3 4 0 1 2 3 2 2 4 1 2 4 2 2 2 0 0 3
   4 2 0 4 3 0 1 1 3 3 1 1 0 1 0 0]
  [0 0 2 3 1 1 0 2 4 0 3 2 0 1 0 1 1 0 2 3 2 1 3 3 0 2 2 1 3 0 1 2 2 4 0
   3 4 0 1 2 2 2 4 4 1 0 4 4 4 4 4 2 2 2 0 0 4 0 3 2 4 0 2 2 4 3 2 3 3 3
   2 3 4 4 4 4 4 4 2 1 0 1 0 0 1 0 1 3 4 2 1 4 1 1 4 4 0 0 4 1 0 4 2 2 3
   4 3 1 3 4 1 2 1 4 1 4 1 2 0 4 0]
  [0 0 4 2 4 0 2 2 3 4 3 3 3 0 1 2 3 0 0 4 3 0 1 4 2 0 1 2 0 0 1 2 1 0 0
   1 1 2 1 0 2 0 3 1 0 2 0 1 2 4 0 2 4 1 2 1 1 1 4 3 4 3 3 1 3 3 2 0 3 2
   1 1 2 0 0 1 1 0 3 1 2 3 2 3 4 0 0 3 0 2 2 4 1 3 0 3 2 4 1 3 2 4 0 4 1
   0 2 1 0 1 1 0 4 3 2 4 1 4 0 4 2]
  [0 4 2 0 1 4 1 4 3 3 4 1 4 1 1 2 4 0 4 0 0 2 1 4 1 1 1 3 0 3 2 2 1 2 0
   1 3 2 3 4 3 4 2 2 1 2 0 1 2 0 2 2 3 3 1 0 2 3 2 3 0 1 3 0 2 1 4 3 2 4
   4 0 3 1 3 0 1 4 1 1 0 4 2 0 2 4 0 0 2 4 4 4 3 4 2 1 2 3 0 4 4 4 0 2 1
   1 1 0 2 2 2 4 2 4 4 4 2 3 1 1 0]
  [0 1 3 1 4 0 0 1 2 4 1 4 3 2 2 4 2 1 4 1 0 4 3 0 4 4 0 0 3 3 0 1 4 2 4
   4 4 1 0 0 3 1 0 3 3 4 4 3 3 1 2 2 2 0 4 2 4 3 4 2 4 1 3 0 3 3 4 0 0 1
   1 2 2 2 3 2 3 1 1 2 3 4 0 3 1 2 1 4 0 1 0 2 0 2 4 0 4 0 4 3 1 4 1 0 3
   0 3 2 0 0 2 0 0 3 3 2 1 3 4 1 3]
  [0 3 4 0 4 2 2 3 3 1 0 0 2 4 1 0 4 2 3 0 4 2 3 1 3 0 0 0 2 0 3 4 1 2 4
   0 0 3 2 0 0 4 1 2 2 4 2 4 2 0 2 0 4 3 0 0 2 0 3 3 4 0 1 3 1 0 1 0 1 1
   4 2 3 3 3 2 4 2 0 3 2 3 0 2 4 0 0 1 1 0 4 1 4 0 1 3 0 2 0 4 3 4 2 4 2
   4 2 0 4 3 3 0 2 0 1 2 2 4 4 2 4]
  [0 1 3 0 4 1 2 3 2 4 3 4 0 2 0 2 3 2 2 1 1 3 4 3 1 2 1 2 0 0 2 4 3 4 3
   0 3 4 1 0 2 2 4 1 1 1 0 1 3 1 1 2 1 4 4 4 1 1 4 0 0 2 0 3 2 4 2 3 3 4
   1 3 1 1 2 4 4 4 1 4 4 0 3 3 3 2 2 0 4 4 0 4 0 4 0 3 3 4 3 0 1 2 4 0 0
   4 1 1 0 4 4 0 2 4 0 0 3 4 2 1 3]
  [0 1 2 2 3 1 2 4 4 1 1 1 1 2 1 0 1 3 1 0 1 3 2 3 3 3 0 1 4 4 2 0 3 0 4
   0 3 4 4 1 2 2 2 4 4 4 2 0 2 2 0 1 4 2 4 1 0 4 2 1 3 2 4 4 3 0 0 1 4 3
   0 4 4 0 2 2 1 2 4 4 1 2 4 0 4 1 1 0 3 0 4 0 4 4 4 2 2 3 3 0 0 0 4 3 0
   4 3 4 3 2 4 0 2 3 1 0 0 0 0 4 2]
  [0 2 1 4 1 1 0 3 4 3 3 2 4 3 4 3 2 0 0 1 0 2 2 3 1 0 3 3 1 2 0 4 1 3 3
   1 1 1 3 4 3 4 4 4 4 1 2 2 1 2 3 4 2 0 3 4 1 1 3 2 3 3 2 4 1 4 0 2 1 3
   4 3 0 2 1 4 0 4 4 2 0 0 3 3 0 0 4 3 4 2 2 2 0 1 3 0 4 0 1 1 4 1 0 1 1
   4 2 1 1 4 0 3 0 1 1 4 0 0 1 0 4]
  [0 0 4 1 1 4 3 0 2 4 3 2 1 1 0 2 3 4 0 4 0 4 0 4 3 0 4 3 1 0 1 3 3 3 4
   3 0 0 2 0 4 3 4 0 4 2 1 3 2 1 3 1 1 0 0 4 3 4 0 2 2 2 3 2 4 1 4 0 2 0
   4 1 2 0 0 4 3 1 4 2 1 2 0 0 2 1 3 1 3 3 4 1 3 0 0 0 0 0 4 1 3 1 3 1 1
   4 2 3 3 1 3 1 2 2 1 1 2 4 4 3 3]
  [0 0 2 3 4 4 4 2 2 3 0 0 3 3 0 3 4 2 3 4 4 1 4 3 1 3 2 2 0 2 2 0 0 1 1
   4 3 2 2 3 2 2 0 3 1 2 3 3 0 1 2 4 2 3 1 3 3 3 0 4 4 1 4 1 4 2 1 4 4 1
   0 1 2 0 1 4 3 2 4 3 2 0 3 0 1 4 2 0 0 1 0 3 2 3 0 0 2 2 0 1 3 0 0 1 1
   3 3 3 1 4 0 1 1 4 2 3 3 1 3 4 3]
  [0 2 3 4 2 2 2 3 0 2 2 0 0 3 1 1 1 3 3 2 4 2 0 1 1 1 0 0 0 1 1 0 1 3 3
   0 0 2 2 4 4 2 2 1 4 0 0 2 2 4 1 3 3 0 4 3 4 0 3 1 3 2 2 4 1 1 1 2 1 2
   3 1 1 4 0 1 0 2 0 0 4 1 2 0 2 3 1 2 1 0 3 0 1 3 2 0 3 3 3 2 1 4 2 4 3
   0 4 2 1 0 3 0 1 4 0 1 4 2 2 4 0]
  [0 0 4 1 4 1 0 4 4 4 1 3 1 4 0 0 0 4 0 4 2 0 2 4 4 3 4 4 4 4 1 2 1 3 0
   0 0 3 2 2 2 4 0 3 1 1 4 2 4 0 4 2 2 0 4 0 4 4 0 3 3 2 1 3 3 3 1 1 2 3
   1 3 1 3 4 3 2 4 2 3 3 3 3 3 4 4 1 1 1 2 4 3 0 3 3 4 0 2 4 0 1 3 1 3 3
   3 4 1 1 0 1 4 4 1 4 2 4 3 0 3 3]
  [0 4 4 4 1 0 4 2 2 4 0 3 2 3 2 0 4 2 3 2 3 3 0 0 4 0 4 3 2 2 3 0 3 4 3
   4 1 0 2 3 1 2 4 4 1 2 0 3 0 0 3 1 0 2 0 4 0 1 3 2 0 0 4 4 3 3 3 2 0 0
   4 1 0 1 1 3 0 3 0 0 1 4 3 0 1 4 1 4 0 3 1 3 3 1 2 1 2 0 0 4 3 2 3 1 4
   0 1 2 3 1 1 1 1 3 2 0 3 1 1 2 0]
  [0 2 1 0 3 0 0 4 1 3 3 1 3 2 4 2 3 4 1 1 0 1 0 0 4 0 2 0 1 3 3 4 0 1 2
   0 2 2 4 1 4 2 1 3 1 4 2 0 1 2 2 4 4 1 4 0 1 1 2 1 3 0 3 2 3 2 3 2 1 4
   3 2 0 3 1 0 3 4 0 0 0 0 3 2 1 1 3 2 3 1 3 3 4 2 2 0 1 1 0 2 2 2 3 0 2
   3 3 2 3 1 0 1 2 2 2 2 3 1 3 2 4]
  [0 2 4 3 4 1 3 2 4 4 3 4 0 3 1 2 3 2 2 2 0 2 1 2 3 3 3 0 0 2 4 0 0 0 0
   1 0 3 2 2 3 4 4 1 0 1 4 1 4 0 2 2 2 0 2 0 4 0 2 2 4 0 2 0 3 0 3 1 0 1
   1 1 2 0 1 2 0 1 3 0 2 2 4 3 2 0 1 0 0 0 4 3 4 0 3 0 1 0 2 0 4 0 2 3 2
   4 1 3 3 1 3 0 4 3 4 0 2 2 3 4 1]
  [0 4 4 3 2 2 2 4 2 4 0 4 3 1 3 4 2 1 0 3 0 3 0 1 2 0 1 1 2 4 0 1 4 2 1
   0 1 1 2 4 4 2 4 3 1 0 1 0 3 3 4 3 2 0 2 4 2 0 3 3 2 0 3 0 3 2 1 0 0 1
   3 4 4 1 3 0 3 0 4 2 2 1 1 0 2 4 1 2 4 2 3 0 2 3 2 2 2 2 2 4 0 1 4 2 2
   4 0 3 1 4 4 0 0 0 3 2 1 1 2 4 1]
  [0 3 3 4 4 4 2 2 1 4 1 0 2 2 4 1 4 2 3 3 0 2 4 0 0 1 0 4 4 1 4 0 0 3 1
   3 4 2 1 0 0 0 1 3 0 1 0 2 4 3 4 2 3 4 1 0 4 2 2 4 0 3 1 2 0 1 3 2 3 4
   3 0 1 2 2 0 3 1 0 2 0 0 0 2 0 0 4 3 4 3 1 4 2 2 2 2 1 4 1 3 4 0 2 4 3
   4 4 0 3 4 4 3 2 2 3 4 2 4 2 0 3]
  [0 2 4 4 0 3 3 0 1 3 3 2 2 4 3 4 0 3 0 2 0 1 1 0 0 0 0 0 1 4 0 2 2 2 0
   2 2 0 4 3 3 0 2 4 3 3 2 3 2 1 3 2 0 0 2 3 0 2 3 3 3 2 4 1 1 0 3 4 2 4
   3 0 3 3 3 4 3 3 3 3 2 0 4 3 0 2 4 0 0 4 4 3 3 4 2 4 1 3 2 4 0 1 0 2 1
   2 3 2 2 2 1 0 1 2 1 4 1 0 1 1 4]
  [0 3 4 3 4 2 2 3 1 2 1 1 3 4 4 0 4 3 0 1 2 0 2 3 4 3 2 2 0 3 3 3 4 3 0
   2 3 0 4 1 3 1 4 0 1 1 4 4 0 0 3 3 1 3 0 1 1 1 0 4 1 2 3 3 0 0 3 3 1 0
   3 0 2 2 2 0 0 4 4 1 3 4 1 2 4 1 1 0 3 0 4 1 2 4 2 4 0 2 2 3 0 4 1 0 2
   3 2 3 1 2 0 0 4 1 3 2 1 1 2 4 0]
  [0 1 4 2 2 1 4 4 2 4 3 0 2 4 2 3 4 0 3 3 3 4 0 1 3 3 3 1 0 4 1 0 4 3 4
   0 2 2 0 0 3 0 4 4 2 3 2 3 3 3 2 2 1 3 3 0 3 4 3 3 0 1 3 0 2 1 0 0 0 1
   3 0 3 0 3 1 3 4 4 4 2 3 0 4 1 0 2 2 0 2 0 1 0 3 3 3 0 3 1 4 3 2 2 0 0
   3 4 2 2 1 0 2 4 3 4 0 3 4 1 4 1]
  [0 2 3 0 4 2 4 1 3 0 4 2 1 3 0 0 3 4 4 0 4 2 4 0 0 3 2 3 1 0 4 2 4 3 3
   2 2 4 2 4 3 0 4 4 3 3 2 4 2 4 3 4 0 0 1 2 2 4 3 2 3 3 0 0 1 4 1 0 1 1
   3 4 2 0 1 1 4 1 3 3 2 4 0 0 2 4 1 1 3 4 1 4 2 4 1 3 4 0 0 0 2 3 3 3 4
   0 4 2 3 0 1 2 4 4 0 3 4 2 4 0 2]
  [0 2 4 0 3 4 3 0 3 2 1 0 4 3 1 2 4 4 3 0 2 0 4 0 3 2 1 0 0 3 1 3 4 2 1
   1 4 0 0 3 1 4 0 3 3 2 3 4 0 0 2 4 2 4 0 2 4 3 4 2 3 0 1 4 2 1 3 3 4 1
   4 3 1 1 2 1 3 2 2 3 4 1 4 4 3 3 0 4 2 0 3 0 2 0 0 4 0 3 4 1 0 2 3 4 3
   1 0 3 4 0 1 0 1 1 1 1 3 1 4 2 4]
  [0 4 0 2 3 4 2 0 1 4 3 4 3 3 2 3 1 4 0 4 2 3 1 3 4 0 2 2 4 1 4 3 0 1 1
   2 4 0 3 2 2 2 0 1 0 3 3 0 2 1 2 0 0 0 2 0 4 0 2 1 3 0 0 2 3 3 4 3 3 0
   1 0 4 1 2 0 0 0 3 0 1 2 3 4 2 2 0 1 4 2 0 1 0 3 3 2 0 2 3 1 4 3 0 1 3
   3 2 0 0 0 0 2 0 2 1 1 2 4 0 4 3]
  [0 4 2 0 0 1 1 1 0 3 1 3 2 1 2 1 0 1 1 2 1 3 2 0 3 4 2 1 4 0 0 1 2 2 4
   1 1 0 3 2 4 2 4 1 0 3 2 3 1 2 4 1 0 1 4 2 2 4 3 1 3 0 0 1 4 0 4 2 2 3
   4 4 4 1 3 3 2 3 0 3 3 0 1 4 2 1 0 0 3 0 4 2 3 0 2 1 0 4 1 1 2 2 4 2 2
   1 1 1 0 0 0 3 1 0 3 0 1 3 4 0 1]
  [0 4 4 0 4 3 3 2 0 0 2 2 1 2 0 4 4 1 0 3 4 1 4 0 1 1 4 3 0 3 1 2 3 2 2
   3 2 3 0 2 0 3 3 3 1 2 4 3 0 3 2 3 3 2 3 3 3 0 2 0 3 1 2 2 4 4 1 3 3 2
   4 1 4 4 1 4 1 2 1 2 1 3 0 0 4 4 1 0 4 0 1 3 2 0 1 0 1 2 3 4 0 4 1 3 1
   3 4 2 4 0 2 3 1 3 1 2 1 1 0 0 1]
  [0 2 4 4 2 2 3 2 4 0 0 3 2 1 1 4 0 2 1 0 3 1 4 4 2 1 3 0 3 1 0 2 1 1 0
   2 2 2 0 1 3 3 3 2 0 0 1 0 0 3 1 4 0 3 4 3 0 0 3 3 0 2 2 0 2 2 1 2 4 1
   1 2 2 1 3 4 1 1 4 4 1 4 1 2 3 4 3 2 1 2 3 3 0 3 1 4 2 4 0 2 0 1 1 0 2
   1 0 1 0 1 0 2 3 3 2 4 4 1 0 4 3]
  [0 4 0 4 3 2 2 0 4 1 4 4 2 4 4 0 2 0 2 0 3 1 4 4 2 3 3 2 0 3 3 4 0 2 1
   4 1 3 3 3 1 4 2 2 4 0 2 0 1 1 1 1 4 0 4 4 3 2 1 4 3 3 0 2 4 0 4 4 2 4
   4 0 4 1 2 3 1 4 2 2 3 0 0 2 1 0 1 4 3 3 3 3 4 0 1 2 2 3 0 2 1 3 4 1 4
   3 3 2 4 1 2 0 4 1 0 2 2 3 0 0 1]
  [0 0 3 0 2 1 4 2 4 4 0 4 4 3 0 3 1 1 3 4 4 2 4 4 2 4 3 3 0 0 4 3 4 0 4
   3 1 3 2 4 1 1 2 2 2 0 1 4 4 1 4 1 2 1 1 2 4 1 4 2 2 1 4 0 2 3 1 4 2 4
   0 4 4 4 0 1 1 3 0 4 1 4 4 4 3 1 0 4 3 1 3 1 2 0 2 2 3 3 0 1 2 4 4 2 1
   4 3 3 3 0 4 3 0 1 2 1 3 3 3 0 0]
  [0 4 2 4 2 1 1 1 0 3 2 0 3 0 2 1 0 3 3 3 0 0 0 1 3 4 0 1 0 1 3 2 1 1 4
   4 1 1 0 1 2 0 0 0 4 0 2 0 1 2 2 3 1 1 0 0 3 0 0 3 3 4 0 1 3 4 1 1 4 4
   0 3 2 3 4 0 4 4 3 2 2 3 3 1 4 0 1 4 0 2 2 4 1 2 2 3 1 1 1 2 4 0 4 2 0
   0 0 3 3 1 0 2 2 0 2 4 1 4 3 2 0]
  [0 4 0 3 0 4 2 4 1 0 4 4 3 2 3 2 2 2 3 4 3 3 1 4 1 1 1 4 0 2 4 4 4 3 0
   3 4 1 1 0 3 0 1 4 1 3 2 4 3 0 1 0 3 1 3 2 3 1 3 0 4 1 4 4 3 4 2 4 4 3
   3 3 1 1 1 1 4 4 1 0 2 1 2 0 1 2 1 2 2 3 2 3 3 4 4 4 1 3 0 2 3 4 4 0 1
   3 4 1 0 4 0 1 0 2 0 1 1 2 3 1 2]
  [0 4 1 4 1 4 2 2 1 1 1 1 0 3 0 1 3 2 0 0 3 4 0 2 0 3 1 1 3 0 3 1 2 4 0
   1 1 0 1 3 3 3 4 0 4 2 2 3 4 0 3 3 1 2 1 0 0 2 4 2 4 0 4 2 1 3 2 0 0 0
   3 2 2 3 3 1 4 2 4 1 3 3 0 3 0 3 4 3 1 3 1 0 3 1 4 3 1 3 1 1 4 2 2 4 4
   1 2 4 3 0 0 3 4 3 1 0 4 1 3 0 0]
  [0 3 1 1 3 3 0 3 4 3 4 4 0 3 2 4 3 0 1 4 1 3 2 4 4 4 1 3 4 3 0 0 3 0 0
   2 0 3 0 4 2 4 4 4 0 1 0 1 1 0 0 2 2 2 0 4 3 0 2 3 3 2 1 2 1 2 4 3 3 4
   4 2 1 1 3 2 1 4 0 3 1 1 1 4 2 0 3 1 4 2 2 4 1 0 3 4 3 3 0 4 3 4 0 1 3
   0 2 3 0 4 4 1 2 3 3 2 0 4 2 3 4]
  [0 0 2 1 1 2 0 4 4 0 4 0 3 2 0 4 2 2 1 3 0 4 2 2 0 1 1 3 0 4 4 2 1 0 0
   2 1 2 1 4 3 3 0 1 2 1 2 0 3 4 2 2 0 0 4 4 2 2 2 0 1 4 4 4 4 3 0 4 0 0
   2 4 2 3 1 1 1 4 3 2 1 1 1 2 0 0 1 4 3 3 1 0 3 1 2 2 1 0 2 0 3 0 4 2 4
   4 2 1 0 2 1 1 0 3 3 2 1 0 4 4 4]
  [0 0 0 1 3 3 1 0 2 4 0 4 1 3 2 2 1 3 0 0 2 4 4 1 2 2 0 2 0 2 3 1 1 4 4
   0 1 0 1 4 2 3 0 3 1 3 2 4 1 2 1 1 4 4 0 2 0 0 2 3 0 2 1 1 1 0 4 3 1 1
   4 1 4 4 3 0 0 0 3 4 3 2 1 0 3 4 3 0 0 3 1 4 2 3 0 1 3 0 1 4 1 1 1 0 2
   3 2 4 1 3 4 3 4 0 1 4 4 0 0 3 0]
  [0 1 3 3 3 2 4 3 2 1 1 3 0 2 1 3 0 0 3 4 3 4 0 0 2 1 2 3 0 3 4 1 1 0 4
   0 1 0 0 1 3 4 2 2 0 3 3 0 2 0 0 2 4 0 4 0 4 4 2 0 3 1 0 0 1 4 4 4 3 2
   4 4 4 1 1 2 2 2 4 3 4 4 3 1 1 0 2 1 3 4 4 3 4 3 3 2 0 0 2 3 2 3 1 4 0
   4 4 3 3 4 1 1 0 4 2 0 0 2 3 0 1]
  [0 0 1 0 4 2 2 3 3 3 4 4 0 0 4 4 2 4 1 2 4 1 2 2 4 4 3 1 4 3 2 4 3 0 3
   0 2 4 4 0 4 0 1 0 2 1 0 3 3 4 4 1 3 3 1 1 1 0 3 0 3 1 1 0 4 0 4 2 3 2
   0 4 3 1 2 1 3 0 2 2 2 0 1 0 4 0 0 2 0 4 0 0 4 0 1 2 0 4 4 2 2 2 2 0 1
   0 2 3 3 3 2 3 4 3 3 4 1 3 3 2 0]]

 [[0 1 4 1 4 4 4 2 3 1 2 2 0 1 2 1 4 3 0 0 2 3 1 0 1 1 0 2 0 1 3 1 1 1 1
   3 3 1 4 1 4 1 1 1 0 4 0 0 4 3 0 0 0 3 3 3 3 3 4 4 1 1 4 1 3 0 4 2 1 4
   1 2 1 0 1 3 0 3 4 3 2 0 3 3 3 2 3 3 1 1 2 1 4 2 4 1 0 4 1 4 2 0 2 3 2
   3 2 4 2 2 4 2 2 3 3 0 0 1 3 1 1]
  [0 0 2 2 0 0 2 1 2 0 4 1 3 0 4 4 3 0 2 2 0 3 1 1 1 1 3 0 4 4 2 1 2 0 1
   1 0 2 2 1 1 3 0 3 1 3 3 3 3 3 3 1 2 1 2 1 2 1 0 2 0 3 0 3 0 1 0 3 1 2
   1 3 2 4 1 1 1 2 4 2 1 0 3 3 4 1 4 1 3 1 0 4 2 1 4 0 4 3 1 3 4 2 3 0 3
   1 3 1 1 4 2 1 3 1 4 2 3 0 4 0 4]
  [0 1 0 2 3 2 2 2 1 1 4 0 4 4 2 3 3 1 4 3 1 1 1 2 4 2 4 0 3 3 3 0 0 4 4
   3 3 2 1 4 2 3 3 1 3 4 1 3 1 1 4 2 0 2 4 3 1 0 4 0 2 2 3 4 2 0 1 0 0 4
   4 2 4 4 1 1 2 3 3 1 0 2 2 4 3 0 3 4 4 1 3 4 3 1 2 2 1 3 1 4 1 3 0 1 4
   1 4 2 2 0 3 1 2 2 0 2 1 3 4 3 4]
  [0 0 2 0 2 0 0 0 1 1 4 1 1 1 1 2 4 1 4 4 0 4 4 4 4 4 1 1 3 2 2 3 0 4 4
   1 0 3 2 4 2 4 4 3 0 2 0 4 0 3 0 1 4 3 2 2 0 1 0 0 2 0 0 1 1 2 2 1 3 2
   0 3 3 4 2 4 0 0 3 1 0 1 2 2 2 1 0 1 0 2 0 0 3 4 2 2 1 0 4 4 2 4 0 4 1
   2 3 3 1 0 3 3 2 4 2 0 4 0 4 0 1]
  [0 3 0 1 0 4 3 0 1 0 4 3 3 2 3 0 2 1 2 4 2 4 3 4 1 0 3 4 2 1 3 0 1 1 3
   2 1 4 3 2 3 2 2 4 0 2 3 2 4 1 3 1 3 3 4 1 1 3 1 2 3 3 2 4 2 1 0 3 1 3
   4 4 3 1 4 4 3 4 3 3 3 2 4 3 0 4 1 1 2 2 0 3 3 0 3 2 1 3 3 3 4 0 0 4 3
   2 1 2 1 0 4 0 3 0 3 2 2 1 2 0 2]
  [0 4 0 4 2 0 4 1 4 1 4 0 1 1 0 2 0 1 0 1 3 0 1 3 2 0 0 0 4 0 1 1 4 2 3
   0 1 1 1 0 1 4 2 0 0 0 2 3 4 3 3 2 0 2 0 4 1 2 0 3 3 3 1 4 1 2 0 2 4 4
   0 1 1 0 3 3 1 3 1 2 4 4 1 0 2 0 4 4 4 3 4 1 0 0 2 0 0 3 1 2 1 0 3 4 2
   2 4 4 1 4 2 3 1 0 0 1 2 0 1 2 1]
  [0 4 1 3 3 0 0 1 1 0 4 2 2 1 1 3 0 2 1 3 2 3 3 4 2 0 0 4 3 2 2 1 2 0 3
   4 2 0 1 1 0 0 1 2 0 2 4 0 3 0 2 0 3 3 3 3 2 4 2 1 4 2 0 3 4 3 2 4 3 0
   0 1 4 2 0 0 3 4 3 0 4 0 0 2 2 4 3 2 2 0 0 0 4 2 3 4 0 4 1 0 4 1 1 4 0
   0 4 1 1 1 0 2 0 4 3 2 2 2 1 4 3]
  [0 2 0 0 3 1 1 0 3 3 3 4 4 1 3 1 4 1 0 1 2 1 3 0 3 3 4 4 3 0 2 4 1 4 3
   1 1 2 3 4 1 4 3 0 2 3 4 3 0 4 3 3 2 2 0 2 4 0 0 4 2 3 1 2 2 1 0 0 1 0
   2 4 4 1 1 1 0 0 3 4 0 0 2 2 2 0 4 4 2 2 0 1 3 0 3 3 3 0 2 4 4 2 3 4 2
   3 2 0 4 1 2 3 3 2 3 3 1 0 1 0 1]
  [0 2 4 0 2 3 2 0 0 1 1 2 2 2 1 2 1 0 2 3 2 3 4 0 0 1 2 0 4 3 1 4 2 2 0
   4 1 3 2 2 4 3 3 3 0 3 0 4 3 1 3 0 2 3 4 0 4 0 2 2 0 4 3 1 0 4 2 2 2 3
   4 0 2 2 0 3 3 1 1 4 3 1 1 3 1 1 3 0 0 4 3 3 4 1 1 1 4 2 4 4 3 4 3 4 0
   0 2 4 2 1 2 4 2 3 1 0 1 1 3 1 3]
  [0 2 2 3 1 1 2 1 4 0 2 2 4 1 2 1 3 4 2 0 4 2 2 4 1 1 3 0 4 4 2 4 0 1 4
   1 2 2 2 3 1 3 0 2 2 2 0 1 4 3 1 0 0 4 2 4 0 4 1 0 0 3 3 0 4 1 2 1 2 2
   3 3 3 1 1 1 4 4 2 1 0 1 2 0 0 3 3 0 3 1 0 0 2 3 1 1 1 4 0 3 3 3 4 2 3
   4 3 4 1 2 0 1 4 4 3 4 1 3 4 4 1]
  [0 0 4 4 3 2 4 0 0 2 0 4 3 3 4 3 1 4 1 2 2 3 3 1 2 0 1 0 1 0 1 1 0 1 0
   4 0 1 4 4 3 0 4 4 2 0 4 3 2 2 2 0 4 4 4 0 4 1 3 4 3 0 2 2 3 2 3 0 4 1
   3 4 1 4 4 3 1 0 2 3 1 1 2 0 4 4 4 2 1 3 1 2 1 2 4 4 0 3 1 4 2 1 4 1 2
   0 1 3 1 3 0 2 0 2 2 1 3 2 1 2 3]
  [0 2 1 2 4 2 1 1 2 4 1 0 4 2 4 0 2 3 2 1 2 3 0 0 0 4 0 4 1 4 4 4 2 3 2
   2 1 4 1 2 0 1 1 0 1 0 4 2 1 1 0 1 1 0 3 2 3 2 2 4 3 4 4 3 2 0 4 0 0 3
   1 4 4 3 1 4 4 2 0 2 0 1 1 4 3 1 4 3 4 0 2 1 2 0 0 3 2 4 0 2 4 2 1 1 2
   3 2 1 0 0 0 4 0 0 4 4 2 2 2 4 4]
  [0 1 2 2 2 2 4 1 0 4 0 4 0 0 2 0 2 2 1 1 0 0 1 2 1 4 1 2 0 0 2 4 2 1 4
   0 0 4 4 3 2 0 3 1 3 1 2 2 1 1 3 0 1 2 3 3 1 2 0 3 0 0 4 1 1 1 3 2 1 3
   0 2 2 2 0 2 4 3 0 3 1 0 0 4 4 2 2 0 2 1 4 0 3 2 1 2 1 4 2 2 2 0 2 2 0
   3 1 4 0 1 1 2 3 4 4 4 1 3 3 0 0]
  [0 3 0 3 3 3 1 0 2 1 0 0 4 0 4 4 1 4 4 2 0 0 4 3 1 4 3 2 4 1 3 4 0 3 3
   0 2 4 4 4 1 0 4 1 4 0 2 2 1 1 4 4 3 3 1 4 4 3 3 2 4 1 2 4 1 1 1 0 0 3
   4 4 3 4 1 4 4 4 1 0 3 2 1 1 0 2 3 0 3 1 3 2 2 2 3 0 0 3 0 3 3 2 2 3 2
   3 2 0 4 4 1 1 2 4 3 1 1 1 2 4 1]
  [0 4 1 3 2 0 4 3 3 0 2 4 4 0 0 1 1 4 2 2 2 4 2 2 2 4 4 2 0 3 0 0 2 4 0
   3 2 0 2 0 1 0 4 0 4 4 2 2 2 3 2 0 2 1 1 4 3 3 0 4 2 2 4 2 3 1 2 4 0 0
   2 4 1 2 0 4 2 0 2 1 3 2 3 3 1 1 1 4 1 4 2 0 2 0 1 2 2 4 2 0 3 1 0 1 3
   4 4 0 2 1 0 1 2 0 4 1 0 4 4 2 1]
  [0 1 2 3 4 3 3 0 1 3 3 2 1 2 1 0 4 4 1 2 3 3 3 1 1 3 4 1 4 3 2 4 4 1 0
   2 4 4 2 0 1 2 0 3 0 3 3 2 3 1 1 2 4 4 1 3 0 4 2 0 1 4 3 4 4 3 1 3 0 0
   2 4 1 4 2 1 3 3 4 4 3 2 0 0 2 2 3 2 1 1 4 1 3 1 0 0 4 1 3 4 3 0 0 1 3
   2 4 0 4 1 0 1 1 3 2 4 4 4 3 4 0]
  [0 2 3 4 3 3 2 0 1 0 4 3 0 4 3 3 0 4 4 3 1 1 3 2 2 0 1 1 1 3 0 0 0 2 1
   1 2 4 0 4 1 2 1 1 3 1 4 2 2 2 3 1 1 0 2 1 1 1 1 2 3 3 2 0 0 3 4 4 1 4
   4 2 2 2 3 3 2 2 2 2 2 3 2 4 1 3 2 2 4 0 2 0 4 2 4 1 0 0 1 4 1 2 4 0 4
   0 2 2 4 4 1 4 0 4 1 2 3 3 0 1 1]
  [0 2 4 3 3 0 0 1 2 4 4 1 4 3 2 2 0 0 4 3 0 4 4 2 1 1 3 4 0 0 1 1 1 4 4
   0 2 3 0 2 2 0 0 0 1 1 0 2 3 2 0 3 3 1 0 1 4 3 1 3 1 2 2 1 0 1 0 3 0 0
   1 2 3 4 3 4 4 0 0 4 1 3 3 4 3 2 3 4 2 3 3 1 2 3 0 2 2 3 4 3 0 2 1 2 4
   3 4 2 2 1 2 3 1 0 2 2 2 2 4 1 2]
  [0 1 3 2 1 1 0 2 0 0 3 2 3 1 0 0 3 2 0 3 0 4 3 2 0 2 1 0 0 3 4 2 2 2 3
   1 0 2 4 3 4 3 0 1 3 3 4 3 4 1 2 4 3 3 4 0 0 0 0 4 3 3 2 3 3 2 4 4 3 3
   4 3 3 1 1 0 4 4 0 3 3 2 2 1 2 4 0 2 2 2 4 1 1 0 0 0 4 0 4 4 0 2 0 2 4
   3 2 0 2 4 1 3 1 4 1 1 2 2 1 4 1]
  [0 3 0 3 1 1 1 4 0 1 3 1 0 3 3 1 1 4 0 0 4 1 4 0 1 3 1 4 3 3 0 0 0 3 0
   1 0 0 0 3 4 4 0 3 3 3 1 1 3 4 1 1 0 1 3 0 2 0 0 2 2 1 3 2 4 3 0 3 2 3
   2 4 4 0 3 1 4 0 4 4 1 2 0 2 3 3 2 1 0 1 4 0 3 0 1 3 2 0 4 2 1 3 3 3 2
   0 4 2 0 4 4 2 4 0 2 4 2 1 1 0 4]
  [0 0 0 3 1 4 2 4 2 3 1 3 0 2 4 0 3 0 0 3 0 3 0 2 3 1 3 3 2 0 4 3 2 0 1
   3 4 2 0 2 0 1 4 2 2 2 3 3 0 3 2 4 1 1 2 2 3 2 1 4 3 2 3 0 1 4 0 2 0 3
   3 2 3 2 3 3 0 3 0 2 0 4 0 3 2 0 1 3 0 3 0 4 4 2 0 2 3 3 2 2 0 2 2 1 0
   3 4 0 2 1 4 1 2 3 3 2 2 2 0 1 1]
  [0 4 2 2 0 1 3 0 1 4 2 2 4 2 3 4 3 2 2 0 4 0 0 4 0 4 0 2 4 1 3 4 3 0 1
   4 3 4 1 2 3 1 4 3 4 4 1 4 3 3 2 4 3 1 4 4 2 4 0 1 4 2 3 2 2 2 4 0 1 2
   4 1 2 2 3 2 1 4 2 3 3 2 2 1 3 0 0 0 1 3 0 2 3 0 4 2 2 4 0 4 4 4 3 2 0
   3 0 0 2 2 0 3 0 0 3 3 4 2 1 1 3]
  [0 3 3 2 0 3 4 0 3 0 2 3 4 2 1 3 4 1 4 0 0 3 0 0 2 3 1 2 2 2 2 2 0 1 1
   0 0 1 2 3 1 2 0 0 2 0 2 2 2 4 3 3 3 1 3 0 2 0 4 1 1 1 3 0 4 1 4 4 4 1
   0 2 0 0 2 3 1 1 1 2 4 1 0 1 1 4 3 2 1 3 1 2 2 0 4 1 4 2 2 0 4 2 1 0 2
   3 1 4 4 2 3 1 2 3 4 0 3 0 1 4 2]
  [0 1 3 3 4 0 0 4 2 0 2 4 1 4 1 4 4 4 2 4 4 2 4 0 0 3 1 1 0 4 1 0 4 2 4
   3 0 3 1 4 0 0 2 2 1 4 0 1 2 2 0 3 4 1 1 3 1 1 2 4 0 2 1 1 0 3 3 4 3 1
   2 4 0 1 3 1 4 4 2 2 0 4 4 2 1 2 3 1 0 0 3 3 3 4 1 2 4 0 4 0 3 1 4 1 4
   2 3 1 2 0 4 3 3 1 1 0 4 3 2 0 1]
  [0 3 1 3 2 1 2 4 0 1 1 2 4 2 0 2 1 4 0 1 2 2 1 3 0 2 0 4 3 1 0 3 1 0 3
   3 3 3 4 0 0 4 3 2 4 3 2 1 2 2 0 3 3 2 3 0 3 3 4 3 4 3 4 3 4 1 3 0 4 3
   1 4 4 0 2 4 2 2 3 2 0 2 2 0 1 3 4 3 1 2 3 4 2 0 3 0 3 0 1 3 3 3 1 0 3
   2 4 4 1 0 2 3 1 0 1 3 0 2 4 2 3]
  [0 0 4 3 4 2 0 0 2 3 0 4 4 0 2 0 4 4 2 2 3 3 3 2 1 0 1 0 2 1 0 1 4 2 1
   4 1 4 1 2 2 0 1 4 4 2 0 4 3 1 4 3 2 1 2 2 1 4 3 4 1 2 1 3 3 0 1 4 4 4
   0 4 4 3 1 4 2 4 4 3 3 4 3 3 1 2 0 2 3 3 0 4 0 2 1 3 1 0 2 0 3 0 1 1 3
   3 2 1 3 4 2 2 3 0 4 4 4 2 2 0 4]
  [0 3 0 2 0 4 2 2 2 0 3 4 3 1 0 3 3 1 4 2 3 0 1 2 3 2 0 1 3 0 2 4 1 3 0
   3 3 3 2 0 2 1 0 4 3 4 2 3 4 3 4 1 4 2 2 3 4 1 2 0 1 3 3 3 3 1 4 4 1 2
   2 1 0 4 4 2 2 4 2 2 3 4 4 0 2 4 0 2 2 4 1 3 2 2 4 3 4 3 0 1 3 1 2 1 2
   0 2 3 2 3 3 4 1 3 1 4 3 2 4 3 0]
  [0 2 4 4 3 1 4 2 3 1 0 0 0 1 0 1 3 3 0 1 1 0 0 0 1 3 3 0 3 0 4 2 4 2 1
   0 0 4 1 4 0 3 4 0 1 0 1 3 0 0 3 1 0 3 4 3 0 2 3 2 1 1 2 3 0 0 1 2 2 4
   1 2 1 2 2 3 3 0 3 0 4 0 3 0 2 4 1 3 0 2 1 3 2 3 2 3 2 2 0 2 4 1 4 1 2
   3 2 2 2 2 4 0 3 3 4 1 0 4 4 1 0]
  [0 0 0 3 1 3 3 1 1 3 1 3 0 4 4 4 0 0 1 4 3 1 0 4 3 1 3 0 0 0 1 2 1 1 0
   1 2 0 4 4 1 2 0 4 1 0 2 2 1 3 1 2 2 1 4 2 3 0 0 0 2 1 4 1 0 1 4 2 0 1
   4 1 0 4 0 1 0 4 4 1 4 1 3 0 2 1 4 3 0 0 0 2 3 1 0 0 1 2 3 3 3 1 3 2 4
   1 4 1 1 0 4 3 3 0 0 4 3 1 3 0 1]
  [0 4 2 3 3 2 1 1 2 4 3 2 2 2 3 0 4 4 1 0 1 3 3 1 4 1 2 0 2 0 2 0 4 2 1
   1 0 1 0 3 0 2 3 4 4 2 0 4 0 3 4 3 1 1 1 3 2 0 3 1 4 2 1 0 2 4 4 1 0 0
   4 0 0 4 2 0 2 2 3 1 2 2 1 3 2 3 1 3 0 3 1 4 2 3 1 1 0 0 1 2 3 1 0 1 1
   3 4 0 1 1 0 1 2 1 1 0 0 0 2 4 0]
  [0 4 3 1 4 0 4 2 3 1 0 0 0 2 1 0 2 4 4 4 1 2 2 2 4 4 3 1 1 2 0 2 2 4 0
   2 4 0 0 3 2 1 3 0 3 4 1 4 0 3 3 3 4 4 3 2 2 2 3 3 1 2 2 1 3 3 3 4 3 1
   3 1 4 4 0 4 1 2 2 4 1 0 4 2 0 1 3 2 3 1 4 4 4 0 0 0 1 3 4 0 4 0 4 4 4
   4 1 0 4 2 2 3 2 0 2 0 4 1 2 2 2]
  [0 2 0 4 2 0 2 2 1 3 3 1 2 1 2 0 3 3 1 1 0 3 3 1 3 3 1 3 1 1 2 0 3 3 1
   1 2 4 0 3 0 4 3 2 1 2 1 0 3 1 3 2 1 1 2 0 3 3 2 3 2 2 3 0 4 3 4 0 3 4
   1 3 1 4 1 0 0 0 0 1 1 2 4 2 1 3 0 0 3 2 2 2 2 1 4 4 4 0 2 0 2 4 3 0 2
   1 4 3 2 3 2 3 2 2 1 0 3 2 3 3 3]
  [0 1 4 1 1 2 1 1 2 3 3 2 4 3 1 0 2 1 0 1 3 0 3 1 1 2 0 1 0 0 2 3 0 2 4
   1 0 2 0 4 1 2 1 2 0 3 4 2 2 2 0 0 1 3 3 1 3 0 1 1 2 1 3 4 0 0 4 4 0 3
   1 4 0 1 4 2 0 4 0 3 4 1 1 2 3 1 3 1 3 1 2 4 2 4 0 2 4 0 3 3 0 2 1 4 0
   1 4 2 2 3 1 4 2 2 1 3 4 4 2 0 3]
  [0 0 1 2 0 1 3 0 0 4 0 1 4 3 4 2 1 0 4 2 0 3 1 0 2 2 2 1 4 3 0 4 2 0 1
   0 1 0 2 4 0 1 0 0 3 0 3 0 3 0 4 3 4 3 4 3 4 0 3 0 3 3 2 2 2 4 2 4 2 1
   4 3 0 3 4 4 4 1 4 0 1 0 3 3 1 4 0 0 4 4 0 1 0 4 0 2 0 3 2 1 1 4 1 4 3
   0 4 3 1 4 2 1 3 0 4 3 2 0 1 3 0]
  [0 0 3 2 1 1 1 3 0 2 0 0 4 1 3 0 3 4 2 4 2 2 0 1 1 4 3 2 0 2 0 0 0 0 0
   3 3 4 1 4 0 1 1 0 1 0 3 0 3 2 0 1 4 1 1 1 3 3 2 3 4 1 4 0 2 0 4 1 2 3
   4 4 4 2 3 3 3 0 4 1 4 2 4 1 3 0 0 4 2 3 0 3 1 4 0 4 2 2 3 0 1 0 3 3 3
   4 0 3 4 4 3 3 4 3 3 1 2 3 0 0 1]
  [0 3 4 4 4 3 4 0 1 0 3 4 3 3 4 4 0 1 1 1 3 4 3 3 2 4 3 0 0 0 4 3 2 0 3
   0 3 3 0 4 0 3 1 0 3 4 2 0 3 3 3 0 4 3 3 4 0 0 1 1 2 3 3 1 1 1 1 3 4 4
   4 2 2 0 2 3 1 3 1 4 4 0 4 2 4 4 0 2 4 3 4 2 3 3 2 4 0 0 3 0 4 0 1 0 1
   3 0 2 1 1 2 0 0 1 4 3 1 3 1 4 4]
  [0 0 0 3 2 2 0 4 3 1 1 4 4 4 4 0 2 3 3 1 4 2 0 3 4 4 4 3 2 1 2 4 0 1 3
   4 0 3 1 4 0 4 4 2 2 0 3 1 1 4 3 1 4 2 1 4 0 2 0 2 4 3 0 2 1 1 4 0 1 3
   1 1 4 4 4 0 4 3 0 0 3 1 1 4 3 2 2 1 0 2 3 1 1 2 2 2 2 0 2 4 4 0 1 0 4
   4 3 0 3 4 0 3 1 3 1 4 4 1 1 2 2]
  [0 2 2 0 3 3 4 4 2 0 1 1 0 3 3 1 2 3 0 4 4 4 2 3 4 4 3 3 0 1 3 4 0 3 2
   3 4 0 0 1 2 1 0 2 3 3 2 2 0 2 4 3 2 2 0 4 2 1 4 0 0 2 3 1 0 3 0 2 2 0
   3 2 1 0 0 4 0 3 1 1 4 1 2 3 4 0 1 2 0 2 3 4 3 0 2 2 1 0 4 2 1 4 4 3 3
   0 4 2 2 0 0 1 2 4 2 2 1 0 3 1 0]
  [0 1 1 1 3 0 0 4 0 2 4 4 4 3 4 4 0 0 4 0 3 2 1 1 2 0 1 0 2 1 2 0 3 2 0
   3 4 0 0 0 4 1 2 0 0 2 3 3 2 1 1 1 0 1 4 4 3 2 1 4 0 4 2 3 3 3 2 0 3 4
   0 4 4 4 0 4 1 4 1 3 3 2 2 4 2 3 1 3 2 0 2 0 0 3 0 4 4 3 0 1 1 2 3 1 2
   1 2 4 0 0 2 3 0 2 4 2 4 2 3 4 3]
  [0 4 3 2 3 4 4 3 3 2 4 1 0 1 2 3 0 0 1 3 4 4 2 3 1 2 1 1 2 1 0 0 1 0 3
   1 1 3 1 0 0 1 3 4 0 2 3 1 0 2 3 2 3 0 3 0 1 3 4 4 2 4 3 3 4 1 0 4 2 2
   4 0 2 1 3 0 4 0 2 0 4 2 4 4 2 0 2 4 4 1 4 3 4 4 1 3 4 4 1 3 4 1 1 4 3
   2 0 3 4 1 2 0 2 2 1 4 3 2 2 3 2]
  [0 3 4 2 0 1 1 1 0 2 3 4 1 2 2 1 3 4 0 2 1 4 2 1 2 2 0 4 2 2 3 4 1 2 3
   4 4 1 2 3 0 0 3 4 1 1 3 3 3 3 1 4 3 4 4 3 1 4 0 1 1 3 3 4 2 1 0 3 3 1
   1 2 2 3 0 2 4 0 4 4 4 0 4 3 4 2 1 2 1 2 0 0 4 4 1 1 2 0 2 3 1 3 1 3 2
   0 2 4 4 2 4 3 2 1 2 4 0 4 2 1 2]
  [0 1 1 1 4 1 2 0 0 3 3 2 3 0 2 2 1 3 2 4 3 3 3 4 0 1 4 4 4 4 2 4 0 1 4
   3 4 2 4 3 1 0 0 0 4 3 0 0 0 2 3 4 1 1 0 1 2 2 1 0 4 3 2 3 4 1 0 4 3 2
   2 4 2 2 0 2 0 2 3 2 3 1 2 0 3 2 0 0 4 4 3 2 1 4 4 0 0 2 4 4 0 1 2 1 1
   1 3 4 4 0 0 1 2 4 1 2 3 2 3 4 4]
  [0 0 3 3 2 3 0 4 4 4 3 3 1 1 2 2 3 0 3 2 4 1 3 4 4 2 3 0 1 2 4 4 1 0 2
   2 3 4 4 1 4 3 0 2 2 2 2 3 2 4 0 2 0 4 2 2 1 0 1 1 0 2 1 1 2 0 1 0 0 1
   4 2 3 3 0 4 0 3 2 4 2 3 3 3 0 2 2 4 4 4 0 2 1 2 2 1 1 3 3 2 4 2 4 3 0
   0 4 2 1 4 3 1 4 2 2 4 3 2 1 4 0]
  [0 2 3 3 2 3 4 1 4 0 4 1 4 0 2 1 4 1 3 4 2 2 2 4 3 3 3 2 1 0 3 0 3 0 2
   4 2 4 4 3 4 4 1 0 2 1 4 1 2 3 0 3 3 0 0 4 3 4 0 1 4 2 4 2 1 0 3 2 2 1
   2 1 4 4 4 0 4 2 4 4 4 4 4 0 0 1 2 0 1 4 4 2 1 0 2 4 2 2 1 1 2 0 2 4 0
   3 4 2 4 1 1 0 2 2 2 0 4 0 0 2 0]
  [0 3 2 0 4 0 4 4 3 2 4 0 0 2 2 2 3 0 2 2 1 0 4 4 2 2 1 4 3 2 3 3 0 2 0
   0 4 2 1 3 1 1 4 0 0 4 0 0 3 0 4 2 1 0 0 2 1 4 2 3 0 1 2 4 4 1 0 2 0 1
   2 4 4 3 3 0 3 0 3 0 0 2 0 4 2 2 0 2 4 1 2 4 4 2 3 4 1 3 4 3 2 4 4 2 2
   0 0 3 3 0 4 2 1 1 4 2 2 0 3 0 1]
  [0 2 2 0 1 0 3 4 4 3 4 1 4 0 2 2 1 1 0 1 1 4 2 4 2 4 1 4 3 1 3 4 3 2 0
   2 3 4 1 0 1 3 3 3 2 0 4 4 4 2 0 3 3 1 3 2 4 1 2 3 1 2 3 3 2 1 3 0 0 2
   1 4 1 0 4 0 2 4 2 1 2 2 2 4 1 0 4 3 4 2 4 0 4 3 1 4 1 0 0 3 3 0 4 0 1
   2 2 3 4 2 0 3 2 0 0 1 0 0 3 0 4]
  [0 0 0 2 3 4 3 0 3 1 0 3 1 0 4 1 1 0 2 0 0 3 2 4 4 0 1 4 3 1 1 2 3 1 2
   3 4 4 3 0 3 3 3 2 2 2 0 3 4 3 3 4 0 2 0 3 0 0 3 3 4 1 4 4 2 4 4 3 4 0
   4 2 4 0 1 3 1 2 3 0 4 0 2 1 3 4 1 3 1 1 2 0 4 4 1 0 3 1 1 2 4 3 3 1 1
   4 2 2 0 1 1 3 2 4 1 2 3 4 0 3 2]
  [0 3 1 4 4 4 0 4 2 2 4 3 1 4 0 0 2 4 4 2 4 0 3 2 4 1 4 2 2 2 2 1 3 0 4
   3 3 4 1 2 3 1 1 3 3 0 0 0 4 3 0 4 3 1 2 2 4 0 4 1 1 1 1 4 0 0 1 3 3 2
   2 4 2 4 0 0 4 1 2 0 2 4 2 4 3 1 2 1 2 3 2 3 2 1 4 2 2 3 1 2 3 4 2 4 3
   0 2 1 2 1 4 2 2 4 2 1 0 3 1 2 2]
  [0 0 0 2 4 2 4 0 0 2 1 1 4 2 0 4 2 3 0 4 2 0 4 1 2 1 2 2 2 3 4 4 4 0 0
   4 2 0 3 1 4 0 1 3 2 0 3 1 0 0 3 0 3 3 3 3 4 3 4 2 4 4 0 4 4 1 1 4 3 0
   0 3 1 4 1 2 4 0 2 3 0 2 3 1 3 2 1 0 4 0 1 2 2 4 2 1 1 0 3 1 4 1 0 2 2
   4 1 3 1 3 1 4 4 1 4 1 4 0 0 2 1]
  [0 2 4 0 3 3 4 4 1 3 3 3 4 3 3 3 2 4 3 1 3 1 2 4 1 2 3 3 2 4 4 0 3 2 1
   2 0 1 4 4 4 4 0 2 3 4 0 0 0 0 4 4 4 1 0 3 1 4 0 2 0 4 1 1 1 0 3 1 0 0
   4 1 4 3 3 4 1 4 0 3 2 0 3 4 4 0 2 0 1 3 4 1 2 1 1 4 2 3 3 2 1 2 0 0 0
   4 3 1 3 2 2 0 2 4 2 3 2 0 1 2 3]
  [0 3 2 4 1 0 2 4 1 4 4 0 2 3 3 0 0 3 3 3 2 0 0 2 1 3 4 0 0 0 0 1 2 1 0
   1 1 2 2 2 4 0 1 3 2 0 3 2 4 2 0 4 1 3 0 1 0 4 4 0 3 1 2 1 0 0 1 0 4 1
   4 2 1 2 2 0 1 2 3 1 3 0 1 0 0 4 1 1 3 4 2 1 4 2 0 1 1 1 1 3 4 4 4 2 4
   0 0 3 3 1 4 2 1 0 0 0 1 1 3 0 1]
  [0 0 1 4 1 3 2 2 2 2 4 0 4 2 0 0 3 4 2 0 1 2 0 3 2 2 3 2 1 0 0 4 0 2 3
   4 2 2 4 4 3 0 1 3 2 2 3 2 2 4 4 0 2 4 1 0 4 1 3 0 4 0 0 2 2 3 0 2 2 4
   0 1 4 0 4 4 3 0 4 0 4 3 2 1 4 3 2 2 2 2 1 4 2 1 0 0 4 0 3 0 3 2 3 3 4
   3 4 2 1 0 2 3 0 4 0 3 0 0 2 1 4]
  [0 4 3 3 4 4 3 3 0 1 4 4 2 1 2 4 1 4 0 1 2 2 4 0 2 3 3 0 2 4 1 0 4 4 1
   3 2 4 2 2 1 3 3 2 0 3 1 1 1 1 4 0 0 2 0 0 3 0 1 4 4 1 1 4 4 3 3 2 4 2
   3 0 2 2 3 3 1 1 0 4 1 1 4 1 2 3 3 0 4 0 3 3 3 4 4 0 1 0 4 4 1 2 4 4 2
   1 0 2 4 2 1 0 1 1 0 0 4 1 1 0 4]
  [0 4 0 2 1 1 2 2 4 0 0 2 0 0 1 3 1 0 0 3 1 0 1 3 1 1 0 1 3 4 1 4 2 1 0
   3 1 0 3 0 4 1 2 3 1 1 0 1 4 3 0 3 4 0 3 4 0 0 0 2 4 3 1 0 2 4 0 2 3 3
   4 0 3 3 0 0 4 0 2 2 0 2 2 0 3 2 1 2 1 1 4 2 4 2 4 2 0 2 1 1 3 4 1 3 0
   1 0 4 2 3 0 3 2 2 3 3 4 1 0 2 4]
  [0 2 4 4 0 2 2 3 4 1 4 1 4 4 0 2 4 2 2 1 2 1 2 0 2 2 4 0 3 0 1 0 4 2 1
   4 0 2 4 0 0 2 2 4 4 4 1 2 0 2 4 0 0 3 0 4 4 3 1 1 0 4 2 1 1 1 1 1 0 3
   2 3 0 3 0 4 4 1 3 3 0 2 4 4 3 1 3 1 4 4 2 4 0 2 4 4 2 2 2 4 4 3 3 2 0
   2 1 3 3 1 0 1 1 3 0 4 0 1 1 0 3]
  [0 3 2 3 3 4 3 4 4 1 3 0 1 2 0 2 3 4 1 1 2 1 1 2 3 4 3 1 0 3 3 1 4 0 0
   2 1 4 0 0 0 2 0 2 3 3 4 1 0 1 2 1 1 1 0 0 4 4 1 2 3 2 2 3 2 2 2 4 2 1
   0 0 4 4 1 2 1 1 1 4 0 0 0 0 0 2 1 2 0 2 3 0 0 0 0 2 0 2 4 4 3 3 3 1 2
   4 4 4 3 0 0 4 0 4 0 4 4 2 2 3 1]
  [0 4 2 4 0 4 3 3 4 0 1 3 1 3 1 0 1 4 0 1 3 0 4 0 1 1 2 3 4 1 0 4 1 1 2
   1 4 2 2 0 1 4 1 4 4 2 1 2 4 1 2 1 4 0 4 2 0 2 4 0 2 4 4 2 3 3 4 3 2 4
   4 4 3 2 1 0 3 0 1 0 3 0 3 3 0 1 1 4 4 3 4 3 3 0 1 1 2 0 1 0 4 4 0 0 3
   0 4 2 2 1 1 3 1 4 2 2 1 1 3 4 0]
  [0 1 0 1 1 4 2 1 4 1 3 0 0 3 3 3 0 0 3 3 3 1 3 0 2 1 0 1 2 3 3 3 2 4 0
   1 3 1 0 3 1 1 0 2 1 2 2 4 1 2 0 3 1 0 2 1 1 0 3 1 0 3 1 0 0 2 1 3 2 3
   1 2 3 1 2 0 2 1 3 0 4 3 3 1 3 2 4 2 0 2 0 0 2 4 4 0 1 3 3 3 1 0 1 2 0
   3 0 1 3 4 0 4 3 1 2 1 1 0 0 0 1]
  [0 2 2 0 2 3 2 1 3 4 4 1 3 1 1 4 4 1 1 3 3 1 4 0 1 3 3 4 3 0 0 1 3 1 0
   2 0 0 3 4 0 3 0 0 0 4 3 0 0 2 4 0 3 1 2 4 2 3 0 4 3 3 0 1 3 2 2 1 4 4
   4 1 2 2 1 0 4 4 3 2 3 2 3 3 4 1 3 4 1 0 1 2 0 0 3 1 0 2 4 1 0 4 4 1 1
   0 2 3 0 1 3 0 3 0 0 2 1 4 3 3 3]
  [0 3 1 2 4 2 3 4 2 3 4 4 1 4 1 4 4 1 3 4 1 1 1 0 0 3 2 0 0 1 0 0 4 2 1
   0 1 3 0 4 2 4 1 1 3 0 3 3 4 0 4 1 0 1 1 4 3 1 1 0 3 4 4 0 1 0 1 3 2 4
   1 0 2 1 4 3 1 1 2 2 3 1 1 1 4 0 1 2 3 2 3 3 3 2 1 3 3 0 2 4 2 2 0 1 0
   4 1 2 1 1 1 3 3 1 3 2 4 1 4 2 3]
  [0 1 3 1 0 4 2 3 1 1 2 4 2 0 3 4 3 4 3 4 1 1 0 0 0 1 3 0 2 3 4 2 1 2 4
   4 4 2 4 2 4 2 4 1 0 3 4 3 1 4 1 4 4 1 1 0 1 0 4 1 0 4 2 1 3 3 4 4 4 3
   1 4 4 3 4 0 4 2 4 4 4 2 0 4 2 1 1 2 0 1 3 3 0 2 3 4 4 1 0 3 4 3 2 4 4
   1 3 4 3 0 0 3 2 4 4 3 3 2 1 1 4]
  [0 0 3 0 1 0 2 4 2 1 1 3 1 2 2 1 1 3 1 2 2 2 1 3 1 3 2 4 0 4 0 2 2 1 3
   3 4 1 1 0 3 2 0 0 3 4 2 1 2 2 3 2 1 3 3 4 1 1 2 4 3 0 0 3 4 0 0 0 0 4
   2 3 1 4 1 3 4 1 3 1 4 4 3 1 4 1 3 4 4 2 0 3 2 0 4 4 0 4 3 4 0 4 2 0 2
   3 1 3 4 2 1 1 1 3 3 0 1 0 4 0 3]
  [0 1 3 2 0 1 0 2 3 0 4 2 2 3 1 0 4 1 4 1 1 3 2 4 3 1 1 0 0 0 2 3 1 3 4
   2 3 4 2 4 2 1 0 1 2 4 0 2 1 0 0 1 2 1 4 4 1 4 2 3 2 2 0 0 3 0 2 2 1 0
   0 4 2 2 4 3 0 3 1 1 2 3 3 4 1 0 3 3 3 1 3 0 0 2 3 3 0 2 4 1 1 1 4 2 3
   2 4 3 2 0 2 3 1 0 4 2 2 2 3 4 3]
  [0 3 1 4 3 2 0 0 1 0 3 4 0 2 0 3 1 1 2 3 4 2 2 4 3 0 1 1 4 3 4 3 0 3 4
   0 3 2 0 4 2 0 3 0 0 3 2 0 2 2 2 3 2 4 4 3 0 0 0 2 0 1 3 0 1 2 0 4 4 1
   1 4 3 0 1 3 1 3 3 0 1 4 1 2 2 0 0 0 3 2 0 3 2 3 3 3 1 1 1 2 4 3 0 3 2
   2 2 4 0 4 1 3 0 1 0 3 0 2 2 0 0]
  [0 1 4 4 1 3 3 2 0 2 4 2 1 0 3 1 0 0 3 1 1 0 1 0 3 0 0 0 2 4 1 4 4 1 0
   4 3 2 3 3 2 1 1 1 4 4 3 4 2 4 0 0 3 0 4 0 1 1 1 1 4 0 1 3 0 0 4 1 3 4
   1 0 2 1 0 3 0 3 1 1 0 0 4 1 1 2 3 4 3 1 2 2 4 0 0 3 1 3 4 0 4 4 1 4 2
   0 0 0 4 4 0 1 2 2 4 1 0 1 1 3 2]
  [0 1 2 2 2 4 1 2 2 1 4 2 1 4 3 4 0 0 1 1 0 2 0 2 1 2 3 3 3 0 0 3 0 2 4
   1 2 3 3 3 1 3 3 0 1 3 4 4 1 3 2 4 4 3 0 4 4 4 2 2 1 2 2 0 3 0 3 4 4 2
   0 2 4 2 1 2 1 3 2 2 4 2 4 4 1 0 3 4 4 1 2 1 4 4 0 3 2 4 1 4 0 2 3 3 0
   4 4 3 1 1 4 3 2 1 0 1 3 0 2 1 1]
  [0 1 4 0 2 3 1 1 2 0 1 3 4 0 3 3 4 1 4 1 1 0 2 0 0 0 0 4 0 0 0 3 3 3 3
   1 1 2 3 1 3 1 1 4 1 4 4 3 0 2 0 4 1 4 0 3 0 0 2 2 4 0 2 2 1 1 0 3 0 4
   0 0 0 1 3 2 4 2 1 3 3 3 1 0 3 3 0 2 2 1 4 3 2 0 4 3 4 3 0 2 1 4 0 4 0
   4 1 0 2 3 3 0 4 2 1 0 3 1 2 0 2]
  [0 4 0 1 1 3 1 0 2 0 2 4 2 3 3 3 3 3 2 1 4 4 1 0 2 0 2 1 1 3 2 0 2 4 3
   0 3 1 3 4 3 4 4 3 1 0 1 2 0 2 3 4 1 2 1 4 4 0 3 2 3 2 1 2 3 3 2 0 0 1
   1 1 0 1 1 2 1 4 2 0 1 4 2 3 2 4 4 2 2 1 4 4 4 2 1 4 3 2 4 4 3 3 1 4 4
   2 2 4 4 4 3 4 0 3 3 2 1 3 3 1 1]
  [0 1 0 1 2 2 1 4 0 4 4 0 2 0 2 0 0 0 1 3 0 1 1 2 0 3 2 3 0 1 4 3 1 0 1
   0 3 1 4 4 0 2 2 2 3 0 4 1 4 3 1 1 4 0 3 0 2 3 0 3 4 2 2 4 2 0 4 1 0 4
   4 2 1 4 0 0 2 2 4 1 3 3 1 4 4 4 2 4 3 4 4 1 1 3 0 1 0 4 2 2 3 0 1 2 1
   4 3 0 2 1 3 1 2 0 3 3 3 3 4 3 4]
  [0 1 0 4 3 0 4 3 2 4 3 4 0 3 0 1 3 0 0 1 3 0 0 4 3 3 4 1 4 0 3 1 4 0 0
   3 1 4 4 0 1 4 4 0 4 4 2 4 4 0 3 2 2 1 4 2 4 2 1 1 2 2 3 2 3 4 4 3 0 0
   1 1 3 1 1 4 1 4 0 1 2 3 3 4 2 3 3 4 1 1 3 1 2 1 0 4 4 0 4 3 3 1 4 2 1
   4 2 2 0 2 4 2 4 3 0 3 0 4 4 0 0]
  [0 1 4 3 3 3 0 2 4 1 3 1 1 2 2 0 0 3 3 4 4 3 4 2 2 4 2 0 1 2 1 2 3 2 3
   3 0 3 2 2 4 1 1 0 2 3 1 1 2 2 2 0 2 3 2 0 3 4 2 0 2 4 0 1 1 1 3 4 4 1
   0 0 3 4 3 2 0 3 4 1 2 3 2 2 3 4 4 0 0 4 3 4 2 3 1 1 1 4 4 3 0 4 3 0 0
   0 3 3 2 2 1 0 4 1 0 0 1 3 3 0 4]
  [0 3 3 2 4 0 2 1 4 0 0 0 4 0 3 4 3 3 3 0 4 0 4 3 4 1 1 1 1 4 1 3 2 0 0
   2 1 4 2 3 1 2 4 4 1 2 3 0 1 2 1 2 4 2 0 4 1 2 4 0 1 2 3 3 2 4 2 0 0 0
   0 0 0 1 1 0 4 1 0 0 2 4 3 2 1 0 1 1 3 0 4 4 0 1 2 1 4 2 1 0 0 2 3 0 4
   2 3 3 4 1 2 2 3 1 3 4 0 3 2 1 3]
  [0 2 3 0 2 0 2 0 0 4 4 3 3 0 3 1 2 1 1 0 0 1 4 4 1 1 3 0 2 2 4 3 4 3 3
   4 0 0 0 2 0 0 0 4 0 3 4 0 3 4 0 2 2 2 3 2 0 1 1 3 4 1 0 3 2 0 3 3 4 4
   0 2 0 2 3 1 1 2 3 3 0 1 4 1 4 0 2 2 3 1 1 4 1 0 1 3 0 1 3 4 4 1 1 1 1
   3 0 2 1 1 3 2 0 2 4 0 1 4 0 2 3]
  [0 2 4 2 0 4 1 3 4 0 1 2 1 4 0 3 1 4 2 4 3 4 0 0 0 3 4 0 1 0 0 3 1 2 4
   0 2 3 2 4 2 2 4 3 1 1 4 4 1 1 1 3 4 1 3 1 3 2 3 0 1 1 3 1 1 1 1 0 1 3
   4 1 4 0 3 1 1 3 4 3 1 2 4 2 0 1 4 3 3 3 4 0 4 0 3 3 1 0 1 1 1 3 3 2 1
   3 4 1 1 0 1 4 3 2 1 0 2 2 3 1 2]
  [0 1 2 3 1 1 4 2 3 1 3 0 4 2 2 0 4 1 3 2 3 4 2 3 4 3 2 3 0 0 1 3 0 3 4
   0 2 1 0 4 4 2 1 4 2 0 4 3 4 4 0 0 4 4 0 4 4 4 0 3 3 0 4 4 3 3 3 3 2 1
   4 1 3 3 0 2 2 0 0 4 3 1 3 2 3 2 4 2 1 0 2 1 2 4 4 0 3 3 2 3 4 0 0 0 1
   3 3 0 2 1 3 3 2 0 0 4 2 2 1 1 0]
  [0 3 1 0 3 0 4 4 2 0 2 0 2 4 2 4 1 2 4 1 4 4 2 0 2 2 1 1 0 1 2 4 4 3 0
   4 0 1 3 2 4 4 1 1 3 3 1 2 1 2 2 4 1 1 3 0 4 2 1 2 0 3 2 0 4 3 1 2 1 1
   3 3 0 1 1 0 3 0 4 0 3 4 2 4 2 3 1 3 0 4 2 4 0 1 1 3 1 2 0 2 1 2 0 0 3
   4 1 1 1 0 0 3 1 0 3 2 2 0 3 4 0]
  [0 3 4 2 3 3 3 1 3 4 4 1 0 2 0 0 1 4 3 3 0 3 0 0 3 1 4 2 0 2 3 1 0 4 0
   4 3 1 3 0 3 4 2 2 3 4 2 0 0 0 3 0 0 3 2 2 2 2 4 1 4 2 1 1 0 3 1 3 4 0
   0 0 1 2 4 0 0 3 2 0 0 4 0 3 0 2 4 2 0 4 1 4 0 2 2 1 2 1 1 3 3 0 0 4 4
   1 1 0 1 4 2 1 2 0 0 3 1 3 4 0 4]
  [0 0 4 2 2 4 0 0 0 4 4 4 4 2 3 2 1 0 1 4 2 1 1 3 4 4 2 1 0 4 3 0 3 0 1
   0 4 1 1 1 4 1 1 3 0 3 3 2 3 3 0 2 2 4 2 2 4 3 0 2 4 0 0 4 3 2 2 0 2 0
   1 4 0 1 2 3 3 0 2 1 4 0 1 4 3 1 3 0 2 4 3 0 4 4 3 1 4 2 3 1 3 4 1 0 2
   4 2 3 3 3 3 0 0 2 3 1 4 4 4 2 2]
  [0 0 3 1 4 4 3 3 1 0 0 2 0 0 0 1 0 3 4 1 2 4 3 2 2 4 2 1 1 2 4 4 1 1 0
   0 0 4 0 0 4 1 3 1 2 0 2 3 4 0 2 0 3 4 1 1 1 4 3 4 2 1 1 3 1 4 3 0 1 4
   2 1 4 2 2 2 3 0 0 3 1 0 1 4 0 0 0 4 1 0 3 1 0 3 2 2 0 4 3 4 2 3 4 1 1
   0 3 0 0 1 2 0 2 4 0 2 2 2 1 1 4]
  [0 4 4 2 2 3 3 4 4 0 3 2 3 1 0 3 2 1 0 2 4 0 4 4 2 1 2 3 4 0 0 4 0 1 2
   1 0 0 3 2 0 1 0 3 1 0 3 2 4 0 1 1 1 0 4 3 2 0 2 4 4 3 1 2 3 4 4 3 4 0
   4 4 3 4 3 2 4 2 4 0 1 4 0 3 4 4 1 0 2 4 4 4 4 1 1 3 2 4 4 4 0 3 2 1 4
   1 3 1 0 1 0 2 1 2 2 0 1 0 1 0 0]
  [0 0 2 3 2 3 2 4 1 0 0 3 3 0 3 4 4 0 2 2 2 1 1 2 0 1 3 3 4 2 4 2 2 2 2
   3 4 3 3 2 3 1 3 4 4 2 1 4 2 4 0 3 3 3 4 4 2 0 3 3 0 0 1 1 3 4 3 2 1 1
   1 4 1 3 0 2 2 1 3 1 0 3 0 0 1 4 4 0 3 4 2 4 2 1 3 3 3 1 1 3 0 4 4 1 0
   2 4 1 1 3 2 0 1 0 4 2 1 2 0 1 1]
  [0 3 1 4 2 3 2 2 2 2 1 0 4 4 0 1 4 4 1 3 0 0 4 0 4 0 0 0 4 1 2 3 1 2 4
   1 2 0 3 1 0 4 1 1 2 2 3 4 4 0 2 3 0 4 2 3 1 1 4 3 0 1 0 2 2 2 1 2 0 4
   1 0 4 3 3 0 0 1 1 0 3 0 0 3 4 0 1 4 2 3 2 4 1 3 2 0 2 0 4 1 2 3 2 0 0
   0 2 4 4 1 2 0 2 4 3 0 2 2 2 1 1]
  [0 4 3 4 2 0 2 4 0 1 1 2 0 1 4 0 0 4 4 4 3 4 3 0 1 2 4 2 4 3 3 4 1 0 4
   2 0 1 4 1 1 3 3 4 0 1 2 4 0 3 4 1 4 3 4 4 3 4 0 4 4 1 0 3 4 3 2 2 3 0
   4 0 3 4 3 1 3 2 1 1 3 1 0 2 4 0 3 0 2 1 0 0 2 1 2 3 4 4 1 2 0 0 3 0 2
   1 0 2 0 4 2 4 0 0 2 3 3 2 3 4 3]
  [0 1 2 4 2 0 3 0 1 4 3 3 3 2 1 4 3 0 3 0 2 0 0 0 0 3 3 2 2 2 2 4 4 4 2
   0 2 4 3 4 1 1 2 3 4 1 0 3 1 4 3 1 3 3 3 2 1 4 2 3 3 3 2 3 2 3 1 0 3 1
   0 3 3 1 0 0 4 4 4 2 4 0 0 0 4 4 1 2 0 0 3 3 0 0 4 0 4 1 2 0 2 4 2 4 2
   3 4 4 2 1 2 3 0 1 4 3 3 2 0 0 3]
  [0 0 0 4 0 1 1 2 0 4 3 3 2 1 0 2 2 3 0 1 1 1 0 1 1 0 0 3 0 0 0 0 2 0 3
   0 3 4 1 1 4 0 2 3 3 1 1 2 3 4 4 1 3 4 0 4 1 1 1 2 4 1 0 0 1 1 1 1 1 0
   3 0 0 2 2 3 0 1 3 4 2 0 1 3 0 0 0 2 0 0 4 4 0 2 3 4 3 0 1 3 2 2 3 0 1
   2 0 2 2 0 2 2 4 1 2 1 0 1 4 3 1]
  [0 4 0 0 2 3 4 0 4 0 1 2 2 0 3 1 2 2 2 3 4 2 3 1 3 3 3 3 4 4 3 2 2 3 3
   0 1 0 1 1 3 3 4 0 3 3 2 0 0 4 2 3 4 0 0 0 0 0 3 2 0 3 4 0 1 4 2 1 0 4
   4 4 2 3 1 4 2 4 1 0 2 4 0 3 0 0 3 4 0 1 0 1 1 0 0 1 3 1 3 2 1 1 0 3 3
   0 1 4 4 0 0 1 1 4 2 1 4 0 4 2 3]
  [0 1 1 0 0 0 4 0 4 0 0 2 1 0 4 1 2 2 1 3 4 3 2 3 4 0 1 0 3 3 1 2 2 0 4
   3 1 4 0 2 1 2 3 4 3 0 4 0 1 1 1 4 4 4 3 3 2 1 0 1 4 2 3 4 3 1 3 3 4 3
   3 3 2 3 4 4 3 2 2 0 2 4 1 0 4 3 0 0 2 3 2 3 4 2 1 4 4 0 3 3 3 3 1 1 2
   0 3 3 4 1 2 2 4 4 0 3 2 0 4 4 1]
  [0 3 3 4 4 1 3 0 0 2 0 3 2 1 0 0 0 3 2 0 0 2 3 0 4 0 2 1 4 3 0 0 3 2 4
   4 2 2 3 4 1 3 0 4 1 0 3 0 2 2 1 2 0 1 1 4 1 0 4 3 3 1 1 1 3 3 0 4 0 1
   3 3 4 0 1 1 2 2 1 3 3 4 4 0 2 2 4 0 2 4 0 2 4 2 3 4 3 0 4 4 0 2 3 4 0
   2 4 3 0 0 0 2 3 4 1 2 3 1 4 1 4]
  [0 3 4 4 4 3 1 0 0 2 3 0 2 4 1 1 0 0 3 1 4 2 1 0 1 0 3 1 3 3 1 1 1 4 1
   3 3 3 4 2 4 3 4 1 1 3 4 1 2 1 2 4 4 2 3 1 0 2 2 1 2 3 2 2 4 2 0 4 0 4
   0 1 1 4 4 3 4 4 1 1 0 1 3 0 4 4 0 3 0 4 2 3 4 2 1 2 4 0 0 1 1 4 0 1 0
   1 3 0 4 1 1 0 4 1 0 4 2 2 2 0 0]
  [0 4 1 2 4 0 2 4 4 1 0 4 3 0 0 0 0 3 1 4 4 0 2 4 1 4 4 1 0 1 2 0 0 0 3
   0 3 4 1 2 1 0 0 3 1 4 0 4 2 0 3 0 0 3 4 2 4 4 2 4 4 3 3 3 4 3 4 3 0 3
   3 4 0 2 4 4 1 0 0 0 4 2 2 1 1 3 3 0 4 0 2 3 4 4 1 3 3 3 3 0 4 1 0 0 3
   3 2 1 3 4 1 3 2 0 0 4 0 3 4 4 4]
  [0 0 4 0 0 4 0 2 3 2 3 3 3 1 2 3 2 3 1 1 2 2 0 2 3 2 1 0 1 1 3 2 0 3 3
   1 1 1 2 0 2 4 0 4 2 4 1 0 1 3 1 3 1 4 1 1 3 4 1 0 2 2 0 4 2 1 0 4 3 1
   4 2 3 1 0 3 2 0 0 2 2 4 3 3 3 3 4 0 1 3 0 1 0 2 1 0 0 3 3 1 2 0 0 3 1
   2 1 1 3 1 4 4 0 1 3 2 4 1 3 0 3]
  [0 1 3 1 0 2 4 3 0 0 2 1 3 3 1 4 1 4 1 1 2 0 2 2 3 1 3 0 0 0 3 4 2 4 4
   2 3 2 0 0 0 4 4 3 0 4 0 3 0 3 4 0 1 4 4 3 2 3 4 4 4 2 2 3 4 2 1 4 2 2
   1 2 0 3 0 0 0 3 2 3 3 2 2 4 3 3 3 4 1 3 0 0 2 0 0 4 1 1 1 2 1 0 4 3 4
   3 3 1 4 1 3 1 2 2 4 2 2 1 0 2 3]
  [0 0 2 1 0 1 3 1 2 3 3 1 4 4 1 3 4 2 2 3 2 1 3 1 0 4 0 3 3 0 2 0 4 3 1
   3 4 0 4 1 3 2 4 4 2 3 0 4 1 3 2 3 3 0 1 0 0 1 0 1 2 2 1 0 0 2 0 0 3 3
   4 4 1 3 2 1 0 4 4 3 4 1 3 3 3 4 0 3 1 2 0 2 0 3 2 3 2 1 3 1 2 1 3 1 4
   3 2 0 4 1 4 4 1 3 4 4 2 3 0 2 2]
  [0 0 3 2 3 1 4 0 1 0 2 1 2 0 1 4 3 4 0 0 4 2 0 1 1 3 0 2 1 2 3 4 3 4 3
   1 0 1 1 1 4 0 0 0 4 0 0 2 0 3 1 1 4 0 3 2 3 1 0 3 3 2 1 1 4 2 2 3 2 2
   4 1 4 3 3 4 4 1 1 2 4 4 2 2 1 3 1 4 1 0 4 4 2 0 4 0 2 1 4 4 3 4 2 3 0
   1 4 1 0 1 3 3 2 4 0 3 0 3 3 0 3]
  [0 0 3 2 4 1 2 0 4 2 1 2 0 2 3 0 4 2 0 1 3 2 0 2 1 4 0 4 4 3 1 3 3 1 3
   4 4 1 3 1 2 1 1 3 3 0 1 2 4 4 2 4 1 4 1 2 4 1 4 1 2 2 4 0 3 0 2 0 3 0
   0 0 3 1 0 2 3 2 2 0 2 0 0 1 4 0 0 4 0 1 3 3 1 1 0 4 2 2 4 2 3 3 0 0 4
   0 0 2 1 3 0 0 2 3 2 0 4 2 1 0 0]
  [0 3 2 0 1 2 4 0 4 1 0 2 1 3 2 2 4 4 3 4 3 2 2 4 2 0 0 0 3 1 4 1 0 2 0
   4 2 1 3 3 0 0 0 4 4 2 2 4 0 0 1 2 2 0 3 0 1 3 2 2 1 0 2 2 3 1 0 1 3 3
   0 3 3 1 3 4 3 3 2 2 4 4 2 3 2 3 3 0 1 1 4 2 3 3 4 0 4 3 4 0 2 3 4 4 0
   2 2 2 1 4 4 4 3 4 3 2 4 2 0 1 4]
  [0 2 1 4 3 0 0 4 1 2 1 0 2 4 4 3 3 2 1 4 0 4 4 0 0 3 1 0 1 2 0 3 4 1 2
   3 3 4 1 3 4 3 2 0 4 3 4 2 1 4 0 0 4 2 2 4 4 2 0 1 4 2 0 0 1 0 3 2 3 0
   2 3 2 2 2 0 3 4 2 0 3 0 1 2 2 0 3 0 2 2 2 1 0 0 3 2 0 3 1 4 4 4 3 3 3
   2 3 4 1 0 0 1 0 4 2 3 4 1 1 3 0]
  [0 2 0 0 1 2 3 3 4 2 2 1 1 4 1 2 0 4 3 0 0 2 2 3 1 4 3 1 2 3 2 0 2 4 4
   1 2 2 4 1 1 4 3 1 1 1 3 3 3 2 4 2 1 4 0 4 1 4 0 4 2 0 4 4 2 1 0 3 3 4
   3 1 4 3 3 0 3 2 4 0 1 4 2 1 2 1 4 4 2 4 0 4 3 2 0 1 3 0 4 0 4 3 0 4 3
   3 1 0 4 3 4 2 0 4 1 2 4 4 3 3 0]
  [0 2 2 1 1 0 2 4 3 4 1 4 3 4 1 2 3 1 3 0 0 1 0 2 2 1 4 3 3 0 3 1 1 1 3
   2 3 3 0 2 3 4 0 3 4 1 0 0 3 3 2 4 2 4 1 4 3 2 0 3 0 3 2 4 0 1 0 3 2 2
   3 1 0 3 4 2 0 3 2 0 3 1 3 3 1 4 0 0 4 4 1 1 4 4 1 2 4 1 0 1 3 4 1 4 4
   1 2 1 2 1 1 2 0 1 1 0 4 4 0 4 2]
  [0 4 4 4 0 0 4 1 2 3 4 0 3 0 1 1 2 1 0 4 1 4 0 2 2 0 1 3 2 2 4 4 4 2 1
   0 1 4 1 2 2 3 3 1 1 2 1 0 0 3 4 3 1 4 0 0 4 2 2 0 4 4 2 0 4 2 4 2 1 3
   1 4 3 0 4 3 0 3 4 4 4 1 3 2 4 0 1 2 4 2 2 2 1 0 4 0 0 3 2 0 1 1 3 0 0
   1 0 1 4 4 3 0 1 4 1 2 4 0 0 1 2]
  [0 4 2 0 2 4 3 2 4 4 1 4 2 1 1 2 1 4 4 0 2 2 4 4 3 0 1 2 3 0 3 2 3 0 1
   1 1 3 0 1 4 2 4 4 4 0 4 3 3 2 0 0 3 2 3 1 3 2 0 2 0 2 0 4 1 3 3 1 3 2
   2 1 0 2 3 2 0 0 2 3 1 1 1 2 0 0 1 4 4 4 2 4 4 3 3 4 4 1 1 0 0 4 2 1 0
   4 3 1 4 0 3 1 0 0 0 1 3 2 3 0 3]
  [0 3 3 1 2 2 1 2 3 2 4 3 3 4 1 0 3 0 3 3 4 3 2 0 0 4 0 4 0 4 1 4 2 3 1
   0 4 2 4 1 1 4 4 3 1 4 2 2 3 2 2 4 1 2 2 0 0 2 3 4 4 1 3 1 3 4 2 1 1 4
   2 3 2 2 1 3 0 1 0 3 1 1 0 1 1 3 1 1 4 4 4 3 0 2 1 4 3 3 1 1 2 0 2 2 3
   4 0 4 1 4 2 4 3 2 0 4 3 1 0 0 1]
  [0 0 2 4 2 0 4 0 1 2 4 2 1 0 0 4 4 3 0 1 0 3 0 1 1 0 1 2 1 1 4 3 1 3 4
   4 1 1 0 4 0 3 1 4 0 3 4 0 1 4 2 0 2 1 1 3 3 0 2 4 0 3 2 4 2 4 3 1 2 1
   2 3 0 2 0 3 2 2 4 0 4 4 3 1 3 0 1 4 1 3 1 3 2 3 3 0 2 3 1 2 3 3 0 3 3
   2 0 0 4 3 0 2 4 4 3 2 2 0 3 3 3]
  [0 2 1 3 3 0 0 2 4 0 0 1 1 4 0 1 4 2 2 4 2 1 4 3 3 1 3 3 3 2 0 1 0 2 2
   2 3 4 2 0 1 4 2 3 2 4 2 1 4 2 1 3 4 4 0 3 1 2 3 3 2 0 2 0 1 3 2 3 1 0
   0 1 0 1 4 4 1 1 3 3 2 0 2 1 1 2 0 3 0 0 3 2 0 3 3 0 3 0 4 2 3 0 3 0 3
   1 0 2 1 2 0 1 1 4 3 2 3 0 2 4 4]
  [0 3 3 4 4 4 0 0 2 3 2 4 3 3 1 4 3 3 4 1 3 0 0 2 0 3 0 1 1 0 1 0 4 0 0
   4 0 2 0 4 4 0 2 2 2 3 4 4 4 2 4 3 2 1 4 3 2 0 1 2 1 3 2 0 2 3 0 2 2 4
   2 2 0 0 0 4 0 0 0 2 1 3 3 2 0 1 3 3 4 1 1 0 0 4 1 0 1 4 0 1 0 0 3 0 0
   2 0 1 4 3 4 1 3 0 0 3 0 4 0 4 2]
  [0 4 3 4 0 1 4 0 3 1 1 2 1 3 2 3 0 4 4 2 2 1 4 2 1 4 0 3 3 1 3 3 3 1 3
   3 1 2 0 2 0 2 1 2 4 1 4 2 1 1 1 4 2 4 4 3 0 2 1 1 1 2 4 3 1 3 1 2 3 2
   4 4 1 4 0 4 2 0 1 2 3 2 1 1 4 1 4 4 3 1 4 0 1 1 2 3 2 0 0 3 1 0 2 0 2
   0 1 1 2 2 1 0 0 2 1 2 3 1 1 3 3]
  [0 0 4 3 0 1 0 3 0 1 3 1 0 3 0 0 3 3 4 1 2 4 3 1 2 1 0 4 2 2 1 3 4 1 3
   0 2 4 3 1 1 2 1 4 3 1 2 0 1 1 3 0 4 0 0 3 2 1 3 1 2 0 3 4 3 0 1 4 2 3
   0 1 0 0 4 0 1 2 2 4 2 1 3 2 3 1 3 0 1 1 3 4 2 0 3 3 0 2 0 3 1 2 2 2 3
   3 0 2 3 4 0 1 3 2 0 3 3 4 3 0 2]
  [0 2 0 2 0 3 2 3 0 2 4 1 3 0 1 1 3 1 1 0 2 4 3 1 4 1 1 0 4 3 0 4 4 2 4
   2 1 2 4 0 3 0 0 0 3 1 3 1 3 3 0 0 3 3 3 4 0 1 3 3 0 0 3 1 0 0 1 1 2 1
   4 2 4 1 1 3 2 0 4 1 1 4 2 4 2 4 4 1 1 1 4 3 4 4 1 3 2 2 3 0 3 3 2 2 4
   0 2 0 4 2 4 2 0 0 2 1 3 4 0 3 2]
  [0 0 4 0 3 2 3 1 1 4 1 4 4 3 3 3 0 4 2 0 4 2 3 0 3 3 0 1 0 2 2 0 1 2 1
   4 0 3 4 1 1 1 2 0 0 3 0 2 4 1 0 3 1 1 4 2 0 2 1 4 0 1 4 1 1 2 0 0 0 4
   1 1 0 4 2 0 1 3 4 1 2 2 3 0 2 2 0 3 3 2 2 2 0 0 0 1 2 1 2 4 0 1 3 2 4
   3 3 0 0 3 3 0 3 3 0 0 0 4 0 0 1]
  [0 2 1 0 2 3 2 2 1 0 4 0 3 2 3 4 0 1 4 4 0 1 4 0 1 1 1 2 1 4 2 4 1 2 0
   1 0 1 4 1 0 3 2 3 0 3 3 4 1 4 3 0 0 0 2 1 0 2 0 0 1 0 3 3 0 0 1 0 2 0
   2 0 3 3 4 4 4 4 2 4 1 2 0 2 3 1 1 0 3 3 1 4 2 0 4 0 0 4 2 0 1 4 2 1 1
   2 4 2 1 0 3 3 1 1 2 3 0 4 3 4 1]
  [0 0 3 0 4 2 2 0 1 3 1 2 1 0 3 2 3 1 4 4 0 2 0 2 2 0 3 3 2 3 3 4 1 4 4
   0 1 4 2 2 4 2 3 4 3 3 2 4 1 1 2 3 1 3 4 4 3 1 4 4 4 3 4 3 1 4 1 3 4 3
   0 3 0 3 4 3 1 2 3 0 2 0 0 0 2 4 2 2 1 4 1 2 0 2 1 4 0 0 3 0 2 3 4 1 2
   1 3 4 0 1 0 1 3 4 2 1 0 4 3 1 0]
  [0 4 4 0 4 2 3 3 0 4 4 4 4 1 0 1 0 2 0 0 3 0 1 3 3 1 0 0 3 4 1 1 0 3 1
   1 0 4 3 1 3 4 1 1 4 4 4 0 2 1 1 1 0 2 3 2 2 2 2 0 2 0 3 1 0 4 4 4 1 1
   2 2 0 3 4 4 0 3 3 2 4 1 3 4 0 0 1 1 1 0 3 0 2 0 2 4 0 1 2 3 1 1 2 4 2
   1 2 3 2 2 2 0 2 1 3 0 3 3 4 3 2]
  [0 1 4 4 2 1 1 0 0 0 1 4 1 4 4 0 2 3 0 4 1 2 3 4 4 0 2 4 3 4 3 1 2 0 3
   1 4 3 2 4 1 2 4 4 2 4 4 1 0 1 4 1 0 4 2 2 4 1 2 4 4 2 0 4 0 3 3 3 0 4
   3 0 2 0 0 0 4 1 0 1 3 4 4 2 4 1 3 1 1 1 4 0 0 3 4 3 2 3 4 1 4 0 1 0 4
   1 4 4 2 3 1 1 0 2 0 3 0 2 3 1 2]
  [0 1 2 4 1 0 3 4 4 1 4 3 0 3 0 3 2 1 2 4 2 0 0 2 0 1 4 4 2 3 3 1 1 1 4
   1 3 2 3 4 3 0 4 3 3 0 3 0 4 0 1 4 0 4 4 3 2 2 3 1 0 1 4 1 3 1 3 2 3 0
   0 4 1 0 0 0 2 3 1 1 1 4 4 0 4 2 0 0 4 2 1 4 1 2 2 0 3 3 4 3 4 4 3 0 0
   4 2 4 1 1 1 2 2 0 1 4 2 1 0 4 2]
  [0 4 4 1 2 2 4 2 4 1 2 3 2 1 3 4 0 0 3 0 2 4 0 2 4 1 4 0 2 1 1 3 0 1 4
   3 0 1 4 0 1 2 1 0 1 2 0 4 4 1 1 1 0 1 0 0 1 1 1 4 3 3 3 1 1 3 1 1 4 1
   2 1 0 0 1 3 2 2 3 1 0 3 1 4 2 3 1 1 0 1 4 4 3 4 3 1 3 2 0 0 4 2 4 1 4
   3 0 3 0 2 0 3 2 4 0 2 4 4 4 0 3]
  [0 1 2 1 4 2 2 2 1 3 1 3 2 4 4 3 2 4 3 0 1 2 0 0 4 2 0 3 1 1 0 1 2 0 1
   1 0 3 1 0 2 2 2 1 3 4 1 4 4 2 2 1 4 2 1 3 1 0 0 0 4 3 2 4 1 0 0 4 3 0
   3 3 4 3 4 2 4 2 3 1 4 1 3 2 4 1 0 0 1 1 4 2 4 0 1 2 2 2 0 0 2 0 2 4 1
   1 0 4 4 1 1 0 2 3 2 0 4 1 0 0 4]
  [0 1 2 2 2 4 0 1 3 4 4 4 2 4 0 0 4 1 1 4 0 1 1 0 2 3 1 1 4 4 0 4 1 1 2
   1 2 1 0 1 2 3 1 2 1 4 1 4 1 3 3 3 3 4 1 0 2 1 1 2 2 3 1 4 0 0 2 4 2 1
   2 2 4 0 2 3 3 2 1 0 2 3 2 2 4 0 4 2 3 2 2 3 1 1 0 0 0 4 4 3 3 2 3 1 2
   1 2 3 4 1 2 0 1 0 3 2 0 4 2 3 0]
  [0 3 0 0 2 1 2 2 2 1 2 4 2 3 0 4 2 4 3 0 0 3 0 0 1 0 0 3 1 3 3 4 2 0 0
   3 0 0 2 2 1 3 4 3 0 0 0 1 2 2 2 4 1 0 3 4 0 1 0 2 4 3 0 3 0 4 0 0 4 4
   2 3 0 2 1 2 0 4 4 2 1 4 4 2 2 1 0 3 3 3 4 4 1 4 0 1 4 4 0 3 1 1 3 2 2
   3 0 2 4 3 0 2 2 3 3 3 2 0 0 1 1]
  [0 3 4 4 3 1 0 4 0 1 0 3 2 3 1 4 3 3 0 0 1 4 3 2 3 3 1 3 1 3 0 1 0 2 2
   1 3 1 3 2 0 4 3 3 3 0 3 1 2 2 2 3 2 3 2 3 0 1 4 0 2 3 1 2 4 1 1 2 2 4
   0 4 2 3 4 3 3 0 0 1 0 2 4 4 0 4 1 0 4 2 3 0 3 2 2 4 3 1 1 3 0 4 2 2 1
   2 0 2 0 3 1 2 1 0 0 3 3 1 0 1 3]
  [0 3 3 0 0 0 2 1 3 1 1 4 0 2 0 1 3 3 0 3 0 1 4 0 4 1 4 3 4 1 1 2 3 0 1
   1 2 4 1 0 1 4 0 3 4 3 2 1 3 0 2 1 2 0 1 0 0 3 2 1 0 1 4 3 0 3 3 2 0 4
   3 0 3 1 3 2 2 3 3 4 2 4 0 3 4 4 3 4 3 3 4 4 4 0 4 0 0 0 3 1 2 0 1 1 0
   3 0 1 2 1 4 4 3 3 0 1 1 0 0 0 2]
  [0 1 0 0 0 0 3 0 1 4 3 2 3 3 1 0 3 1 1 1 2 1 0 3 4 3 0 1 2 1 4 0 4 2 2
   0 3 2 4 1 0 2 1 4 1 2 0 3 0 0 1 0 3 4 1 3 3 1 0 3 0 3 2 0 2 1 1 0 2 1
   2 1 2 3 0 2 0 0 0 0 2 2 0 4 2 2 4 1 2 3 0 1 1 2 4 2 0 3 0 1 3 1 2 3 1
   3 2 3 2 2 3 4 0 4 2 2 0 4 4 3 0]]]
release_time
[  0 845 761 904 863 679 670 853 765 895 823 779 632 873 859 797 704 664
 898 828 906 840 591 845 829 828 861 739 858 709 768 768 770 843 621 853
 742 780 876 692 809 758 815 843 802 644 841 750 867 819 823 869 808 770
 862 596 847 781 901 811 716 813 866 833 633 904 830 864 830 840 788 758
 824 877 715 830 854 826 694 715 816 699 841 569 911 848 708 775 804 625
 601 838 638 814 826 782 860 812 718 628 670 876 804 719 780 845 810 673
 882 816 838 725 838 855 880 838 631 624 796 801 646]
due_date
[  0 878 807 904 909 748 679 869 841 914 904 859 669 913 926 864 715 747
 917 870 926 846 634 889 841 865 891 827 869 746 866 840 864 918 710 906
 835 837 913 753 844 797 913 849 850 726 894 764 905 870 836 902 873 828
 883 690 868 866 928 894 814 850 875 863 674 906 872 907 884 841 890 792
 892 895 807 888 874 890 726 759 900 783 892 677 912 872 745 847 836 688
 673 864 639 839 886 810 863 852 721 706 748 927 863 792 860 908 916 724
 923 905 914 839 915 861 886 858 721 648 882 856 744]
unit_emission
[19  6  6  5 18 11 17 12  6  3]
emission_limit
53655.0
setup_severity
0.02
due_tight
0.3
due_range
0.25
release_tight
1
degree_constr
0.5
