mach
10
job_rate
8
weight
[ 0  1  7  7  9  5  9  3  7 10 10 10  4  5  8  9  9  1  5  3  7  2 10 10
  9 10  4  7  7  6  7  9  7 10  3  6  4  6  1  7 10  2 10  3  2  3 10  1
  2 10 10  3  4  6 10  2  4  9  1  4  5  4  6  6  6  6  4  4 10  9  4  9
  3  2  3  4  2  8  4  2  5]
proc_time
[[  0  80  88 146 108 103  61 140 142  50  99 146 104  79 125 140 146 116
   98  92  97 117 132 122 146 120  59 148  53 107  57  73 134  96 128  64
   51 105  82 110 122 140 133 128  87 112 109 112 150  81  95  79  76 139
   82  96  88 104  55  91  88  67 107  68  53 103 137 136 121  77 122  85
  121 107  58  59 114 141  64 110 116]
 [  0 113 119  51 120 102 124 115  53 120  91  91  90 129 109  78  57  58
  115 146 132 133 115  66  85 146 137  89  96  86  59 121 148 105  81  66
   62 111 138 146  56 121 141 149  73 111 127  67 121 106  77 107 130  94
   93 101 127  89  78  88 112  80 123 127  92 134  62 103 136  91 136  94
  143 133  93  78  60 119 108  56 102]
 [  0  70 108  83 118  54 112 113 147 150  80 125  99 126 125 141 118  66
   61  82 122 101  56 102 131 117  76  66  89 129  82 112  50 113 117  84
  141 148 147 104  52  97  56  58 100 139 127  87 117 119 142  59 109  88
  105 111  84  59 145  60  52 117 113 139 103 114 121  69  76  99  82 134
   75  59  74  90  89 122  57 146  70]
 [  0  86 135  90  98  83  93 149  57 109  66 116  56  99 124 148  59 111
  114 120 150  90  79 119  74  51 143 147  67  84 110  98 143 141 143  81
   79 105 150  52 134 133  69  64  90  56  54  99 123  78 109  95 103 149
   98  73  54  97 115 134 101  83  81  65 119  65  92 109  62 143 114  95
   56 148 115 138  99 107  62 145  66]
 [  0 118 126 113 122 110 113 145  74  67 121 144 110  63  79 124 144  64
  133  61 133 123  93 116 111 136  53 134  97 120  51 112 109  69  56 101
  118 126 150 102 107 105  82 146 130 138 148 111 145 128  62  96  79  66
   89 150  76 140  73  54 104  71 117 145  57  69 115  97  57  78  55  64
  101 124  80 145 125 126 140 118 108]
 [  0  80 104 115  87  93  57  60  51 111  86  99 113 106 144 116 120 118
  131  50 148  64 133  68 121  74 106  73 134 114 140 134 124 120  59 120
  131  61 131  95  99 128 133 132 132 146  51 100 137 139  84  78 133 104
  126 148  98  64  63 146 121 139  52  67 103  73 117  54 143 116 110  94
  109  58 125 125 106  69  94  54 149]
 [  0 117  87  59 135 136 135  63  55  68  82 100  94  94  76  64  53  72
   67  97 107 144  93 117  87 145 124 144  90  94 111  70 136  78  82 115
   80  99  80 103  64 112  52 107  80 108 110 129 114 138 112 119 104 113
  139  86  80 127  99 139 127  81 138  99 101 141 127  59 110 139  99  99
  146  57 129  81  86 119 127  66  94]
 [  0 149 127  64  66  61 115 119  70 103 118 109  64 124  64 120 133  69
   98  86  74  53 123  74  99 135  67  56  63  84  50 101 107 104 107 143
  138 138  77  84  89 100  77  86 146 146 146  86  96  94 115 104  89 106
  113  54 144  95 117 126 110  90  52  87 132 100 139 143 102  54  57  61
  127 118  98 145 149 145 114  63  79]
 [  0  66 150 137 138  76  51  65  91 111  90  55 140 143 117 139 114  80
  118 136  76 104  64  50  87  98  87  88  51  78 144  65 134  97 120 140
  137 109 104  64 131 107 149 143  67 139  80  75  76  64 108  93 123 133
  143 125  99  76 130  86 133 124  67 147  82 114  86  99  52  95 112  99
  106 101  56 141 119  95  57  86  68]
 [  0 147  85 106 129  75 113  59 148  75  78 124  56  98  83 127 120 127
   80  53 133  51 150  77  75 142  77 131  81  81  71  66 113 102  80  63
  104 131 105 105 110 125 122  87  96  75  63 106 107  99  88  72 118 114
  112 139  72  96 135 115 118 106  72  93 144 101  69  94  83  61  93  81
   79  56  95  82  70 118  84 127 109]]
setup_time
[[[  0  73 123 182  13 216 114 265 134  64 345 318   2 355 273 277 389
   244 151  14  98 345  40 293 326 216  68 208 264 209  67 357 289 187
   318 358 300 274 105 303 280  98  49  54 118  70  76 359  73 394  98
   327 210 211 294 320 161  90 237  18 252 230 304 300 338  36 180 193
   327 240  98 405 395 165  45   8 361  98  33  57  79]
  [  0   0 116 355 305  22 370 385  69  50  16 328 311  90 284 276 337
   259 333 201 330  31 314  18 312 181 131 344 376  93 268 268 168 191
   153  53  48 122 176 197  74 403  73  23 292  20 374 167  32 201 302
    49  11 154 146 271 374 143 116 168 138  27  63 267 403 380 346  50
   311 257  67 102 342 390  49 338 365  85 144 318 103]
  [  0 207   0 227  84 228 290 191 188 381 239 142 283 314 147 250  70
   214 257  71  11 168 297   4  66 112  47 152 335  90 356 364 131 270
    40 144 249 246 352 207  24 136   0 113   9 394 194  39 356  38  70
   123 285 219 360 144 149 356 261 199 217 272 305  96  35 297  83 320
    93 379 207 194 289  37 353 104 264  59 393 155 149]
  [  0  42 375   0  36 358  16 326  82 296 333 270 260 277 391 244 254
   298  35 225 212 145 333 304 353 264  14 188 303 260 296 269  60 381
   134 112 239 152  46 380  92 232 373 153 220 309 227 199 403 121  27
   104  10  73 163 108 132 109 327 143 149 315 406 125 200 203 104 284
   371 151 314 328 102  59 251  22 166 281 302   5 226]
  [  0 395  40  33   0 386 394 384 161 208  16 280 111 347 210  72 398
   256 325 378 375 236 208 172 221  88 228 123 393 383 394 303  45 286
   131 214  83 268 309 170 366  61 359 190 199 366 135 152 358 236 361
   352 296  53 166 220 350  50 318 375   6 222 203 255 187 114  25 342
   170  74 352 317  16 228 349 273  38  52 385 399 128]
  [  0   0 166 388 151   0 234 117 221 102 216 185  72 202  95 264 333
   305 151  26 312 170  53 286 337 108  15   1 105 229 286 254 333 305
   343 286 139 308  13 280  97  72 219 137  88  38  84  97 224 217 361
   332 149 291 404 228 119  96 342 176 120  40 270 119   9 230 110 277
    41 221 126 290 356 130  44 341 153 123  17 395  74]
  [  0 267   5 305 300 201   0 181 261 249 145  18 302 253 239 342 274
   229  13 386 198 332  37 113  40 109 325 224 208  74 172 133 243 323
   372 241 369 302  32 362 151 331  23  38 280 380 144 228 247 368  30
    72 303 123 213 403  37 170 305 352 261 104 270  96  25 111 387   0
    72  70  47  20 243  79 349 159  12 402 100 207 401]
  [  0  42 324 234 226 108  60   0  92 252 303 214 387 399 103 367 200
    86 402  78 279  20 221 208 207 257 139  43 217 363 224 103 313 353
   258 159  18 224 340 201 224 130 327 379  34 238  23 235 375 247 226
   158 224 188 312  27 196 380 375   5 244 387 153 226  37 265 202 151
   166 110  56 192 205 367 150  84 259 214   0 182 343]
  [  0 204 206  81 173 177  33 313   0  63 244 184 176 182  16 264 354
   396 372  58 139 153 155 258 117 337 170 171 311  39   9  55 367 293
     7 406 189 115 377 190  79 180 383  96  84 102 100 209 396  22  38
   391 108 200 105 141  85 174 252 400 106 209 330  31 330  33  75 393
    28 349 303 152 212 155  41 270  22 154 223  13 127]
  [  0 165 285 203 280 168 287 259 191   0 129  80 303 282 363 319 179
   304 395 206   9 273 341 116 245 229 361  63   3  15 299 183 198 279
   144   5  84 122 263  87 164  45 131   6 393 163 132 137 221  61 377
   283 169 262 167 336  56  21  51  40 365 234  14 297 239 246 158 363
   342 326 303  43  90 375 353 249 380 119 360  57  34]
  [  0 186 271 365 126  31 245 396 377 247   0 364  33 220 315 210 192
   278 335 154 122 321  77  34 232  48 131 307  42 185 392 306 273 356
    55 358 354 141  90 227 249 404 355  68  51  77  55  62 373 224  32
   151 173 378 124 345 406 222 178   3 406 248 391 183  44 255  47 362
   388 261 155 199 282 338  48 326  78 214 259  72 233]
  [  0 176 371  21  32  74  29 385 182 215  84   0   4 129  49 382  55
   224  21 190 211  37  96 357 312 121 266 113 242 174 265 334 100  20
   349 346 317 370 139 362 211 273  78 220  20 157 324  94 149 125 284
   114 270  87 253  92 209 235 265 161  46 159 349 215 157 375 160   3
   152 368 254  31 219 141  63 406 273 318 163 221 111]
  [  0  89 284 235 100 131 303  14   5  84 329 114   0 360 331 225 364
   129 244 270  88 176 293  35 197 318 316  12 196  64  83  32 364 242
   279  12  50  54 204   5 281 349 149  34 229 174 267 241  98 113  72
   183 298 314  11 316 139 229   0 334 176  82  67   1  40  65 108 258
    98 177 169 278 174 203  73 134 211 249 357  33  31]
  [  0  79  74  29 286 342 214 191 136 133   4  76 146   0  25 226 192
     9 396  10 153 394 274 160 145 254 112 157 242 160  90 298  26 252
   382 370 156 203 323  63  29  45  65 111 332 209 153  90 107  43  74
   334 362  75 144  82  11 379   2  38 312 145 361  29 161 233 134 154
   164 106  56 319 115 279 306  60 205 370 163  66 184]
  [  0 106  84 255  59 364  17 335 179 188  91 243 328  63   0  27 245
   294 241 333 116 203  30 241 225 272 399 262 354  49 369 203 377 395
   215 399  22  67 201 299  94 371 338 246 213  33 377  92  57  56 406
   314 328 398 184 252 276 289  53 157 368 322 208 306 204 120 108 304
   245 348 202   1  95  11 177  28 398 373 124 144 383]
  [  0  31 238  82 395 336  97  87 172 234 323 257  98  33 395   0 127
    68 379 108  13 332  38  83 397 304   5  88 197  48 181 111 300 235
   232 121   4 173 311 182 375 170 198 132 326 327 104 400 165 339  74
   176 212 295  42 103 376 284   3 211 320  21 375 186 283 126 255   0
   229  19 360 360  87 247 232 264  10 127 122 117 175]
  [  0 156 150 311 134 363 174 315  42 262 246 332 298 186  76 190   0
     8 357 274 131 260 184  34  18 129 235 187 371 149 208 288 283 390
   193 235  46 181 298 376 180  28 243 204 153 103  66  73  11 395 265
   403 258  11  66  99 403 346 102 136 223  54  95 244 362 200  75 298
    48 206 257 370  76 365 233 116 225 283 295 322  51]
  [  0 379  43 313 299 247  75 218 390  19 244  65 321  30 368 233  48
     0 209 398 152 288 255  54 114 220 104 287 136 142 196  37 148 187
   396 399 167 361 257  59 240 156 149 313 135 269  11 135 186 354 161
   284 185 323 195 280 205  21 335 208 108  62 147 346 136  28 367 121
   390 193  68 393  43 184  68 208  65 308 196 139  23]
  [  0 326   8  78 324 236 223 296 315 108 359 273 185 299 294 366 218
   206   0 108 109 128 290 343  58 289 357 129 224 197  34 181 248 336
   283 378 308 301 367 159  26  43 104 201 273 110 223 156 299 121 310
   129 294 391  29 332  90  67 376  43 158 134 329 140 262 302 174 365
   386  28 297 400 232  15 256 338 224  18 372 119 344]
  [  0 244 174  67  17 218 294 304 151  92 321 368 320  80 318 126  64
   397 291   0 357  56 115 210 207 283 394 251 350 177 359 111 191  19
   322  71  63 179  22 205 137 394  97 378 126 394 142 114  11 274 276
   330 138   5 389 336 147 266 138 101 313   1 404 241  97 259 380  92
   141 124 373 377 375  41 153 127 197 171 112 211 316]
  [  0  27  44 393 352 259 148 126 203  53 121 193  68 388 332 100 322
   369   9 201   0 133 113 197 310 223 355  71 359 379 329  98 153 273
   310 159 108 229 146 383 293 203 164 179 212 287 362 174  35 368 168
   143 393 386  40  40 266 295 372  71  87 164 123  22 242 308  17 107
   235  70 389  97 100 324 175  50 147 381  22 240 393]
  [  0 361 334  14  40 228  80 111  20 294 277   1 254  65 155 389 359
   161 405 211 392   0 247 289  53 382 287 330 115 140 215 371 335 224
   315 161  25 391 374 344 201  81 280 381 101  99 170 230 229 165 205
   316   4  19 299 212 186  52 375  90 133  41 225 216  69 394 302 286
   329 156 336 346 346 330 128 283  85 153  19 391 317]
  [  0 194 376  35 213 257  32 335  57  52  16 322 143 224 305 303  27
    57 146  67 272 186   0 240 251 329 104 148 267 290 313 148 293 160
   114   3  77 262 327  89 201  72 202 281 103 222 219  71  12 315  60
    21 229  88 114 347  45 303  91 230 158 137 107 278 246  28 346 307
     7 388 228 280  36 219 182 138 139  18 393   6 345]
  [  0  43  10 269  23 289  90 404 156 255 265 360 279 253  31 211  72
   258 283 350  85 308 158   0 206 361 146 297 283 352   2  95 270  82
   363 311  96 263  81 134 214 400 135 169 355 140 185 225 304 355 326
   118 202   5 341 253 193  73 302 330 204  40 342  59 113 238 399  42
   214 249 354 301 264 167  58 322 268  84 371 308 284]
  [  0  33 135 353 135 120 377 226 287  47 364 293 326 121  34 173 327
   233  78 274  87 227 283  19   0 325 247 244 111  71 278 379 370 340
   289 367 112  40  24 158  68 399  67 218 277 185 267  89  27 327  92
    77 220 404 309 211 238  44  21  84 212 257  96 367 100 207 241 258
   346  72  62 185 174 107 369  10  68 145 234 398 301]
  [  0  37 286  50 245  80 159 279 302 342 190 156 330 317 114 272 190
   177  28 103 296 388 140 131 285   0  88 293 391 115 374 196 373  40
    35 361 203 140  89  42 315 398 297  90  55  82 257  13  53 378 174
   232 197 377 210 392 151 292 381 113 123 251 302  97 304  50  94 242
   134 251 197 117 355 286 127 221  53 113 296 177 163]
  [  0 124 273  54 213  61  90 282 283 174  50 117  96 124  80  73 310
   241 214 264 343 235  69  58 230 274   0 106 150 164 240 224 226 324
   405 278 263 113 336 189 185 361 262 228  55 295 115 298 269 295  56
   260 233 145 110 330 122 216 306 103  47  83 170 204  73 228 132 341
   103 164 115  77  89 299 292 247 250  44 282 108 121]
  [  0 312 164 256 406 393 333  80  69 249  72 381 144  25 397 401 322
   285 358 279  26 403 391  65 402 168 273   0 319 143  20 226 246 128
   194 287 300 282 262 300 329 376  86 277  18 197 259 146 377 240 308
   266 274 312  40 143 354 104 298 257  69 220 184  39 267  66  50 333
   264 175 338 218  11 136 104  44 113 298 227 396  74]
  [  0 245 168 318  52  48 364 102 334 180  90 188 115 193 303  71 362
    22 129 103 245 156 296  13  10 375  96 367   0 209 336  91 131  44
    47 350  51 327  18 367 300  22 194 380 337 262  45 362 231 278 396
   227  86 148  22 320  48 318  23  97 297 171 181 132 212 194 293 166
   364 336 120 170 114  37  85  78  10 353 250  29 315]
  [  0 347 391 252 358 223 190 353 198  30 192 152 241 346  77 383 375
   278 143 402 267  77 353 363 295 270 284 188 148   0 392 353 195 251
     9 158 183 140 147 227 256 363  75 326 175 109 256 260  84 207  87
    80  63 337 236 257  76 358  86 189 217 356  73   7 381  11 391 284
   152 307 175  46 404  49 348  44 405  84 315 150 267]
  [  0 341 118 101 165  70 217 348 158 292 180 234 217 219 210 366 117
   225 336 190 275 107 317 310  18 118 153 397 177 144   0 348 326 323
    68 351  81  72 398 163  58 251 202 198 203 245 315  83 336  51 390
   160 335 211 303  54  72 342 207 221 191  58 201 237 260 125 152  84
   135  36 191 382 221 377 327 176 258 240 310 358 111]
  [  0 106  79 306 368  58  99  18 290  67 378  66 287 157  23  22 395
   111 169 133 291 155 330 179 366 377 115  65 246  44 349   0  86 252
   356 391 390 112 362 285 391  34 364 339  55 112 119 309  79  49 378
   335 136 328  50 343 185  34  52 272 166 368 142  38 216 286 215 253
   279 403 346 377 361 226 280 165 114 124 312 176 258]
  [  0 330  17 150 241 385 361 121 180 148 334 130  60 378  73 210  14
   357 170  42 401 164 353 222 288 153  49 395  20 315 263 119   0 178
   145 240 317   0  22 380 405 173  54 244  13 253 180 337  58   3 126
   250  58 301  58  78   5 395  20  19  89 215 162 365  95 183 381 213
   302 280 237  63 292  54 163 168 231   6  75 302 375]
  [  0   2 172 241 189 212 181 307   5 311  72 146 400  40   0 184 200
   298  89  18 162 259 209 286 195 302  33  14  65 228  94  12 325   0
   126 163  48 369 341  34  65 263 108  41 137 318 315 330 230 135 205
   188  87 251 238 148 352 194 260  48 270 271 263 271  96 108  82 168
   342 207 171 295 212 274 369  91 110 240 329  38  75]
  [  0 210  44  70 315 292 255 394 254  81   1 313 265 132 306 386 305
   114  45 167 299  70  45 356 276 274 188 159 227 192  89 107  14  42
     0 282  76 304 179 166 335  54 367 378 373 224 186 198  98 117  78
   310 125 165 345 268 138  81  32 118 389 207  18  61  17 256 210 325
   181 286 227 208 146 140 373 180  87 321 283 184 287]
  [  0  43 240  32   8 188 383 243  12  78 333 260 107 214  54 137 337
   217 158 272  65 381 332 106  41 181 387 196 341 340  66 250  23 125
   390   0 109 136  20 398 108 348 345  39 138 111 381 101 146 134 387
    89 326 151 281 308 378  14  14 381 170 343 211 203 261 241 131  71
   158 191 241  79 191 204 305 119  93  41 234  88 121]
  [  0 236  58 111 272 254 396  76 121  25 289 276  44  38 211 379 235
    48 263 321 390 171  39 387 172 341  13  37 226 356 112 227 305 365
   249  92   0 280 119 371 107 403  47  67 346 213 335   6  45 339 333
   400 379 330 112 242 216 289 373   4 352 341  85 388 293 184 208 216
   345  14 201 169   2 393 147  40 174 365 378 168  12]
  [  0 324  27 300  55 194 339 398 306 364  37 280  16  59 374 294 288
   394 131 337 352 291 174 138 338 122  50 275 365 126 279 363 216 215
   226 281  15   0 379 166 291   3 300 225 264 314 386 145 189 309 272
   236 307  27 104  42 128  58 251 365 387 210 292  50 283 339 344 396
   173 377 315 322 359 401  54 282 230  53 174 227 374]
  [  0  24 166  92 179  68 151  17  98 383 223 211 325  30  82 220   0
   261 264 301 392 272 159   4 240 340  67 151 402 194 364 157 379 375
    95 197 176  77   0 341  32  82  10  26 346 149 337 235 237 284 203
   327  60 390 243  70  75 195 218 199 268  21  25 117 293   5 261 246
   254 201 323 191 386 142 130  30 401 366 313  90 264]
  [  0  41 390 258  92 312 299 293 354 129 320 282 199 157 402 199 257
   348 367 183 137 397 158 115 353 377 362 316 195 344 155 339 381  89
   343 324 105 234 174   0 369 350 361 186 244 291 340 132 158 205 277
   317 338 166  95 215 306  48  73 365 290 361 223 314 178  63 342 144
   342 103  55  45  78 172 182  97 344  52 180 328  76]
  [  0 295 104 222 234 395 359 226 186 138 272 299  79 348 257 362  71
   133  66 108  33 253 404 204 241  63 131  75  37 225 380 147  69 357
   197  38 367 258 335 121   0 373 177 343  73 387 103  34 151 176 153
    93  50  51  16  44 213 350 296 272  40 275 300 363 265 362 357  24
   146 255 365 360 221 165 275 271 258 170  98 164 272]
  [  0 189  24 318  32 159 397 310 389 165 194 166 274 328   4 243  40
   256 131 356 256 176 252 225  97  54  11 172 164 222  97 359 274 403
   188 289 191 157 373 167 223   0  31 247 317 315 311 112 322 352  74
    24 204 246 406 273 355 139 117 343  54  36 360 361 161 360  81  94
   275 163 163 195 283 334 207  51 142 141 376 142 152]
  [  0 131 321 154 256 361 375  15  84 261 148 299 166 343 322 250 182
   202 171 230 100  16 195 212 392 185 197 359 385 217 302 391  72  87
   392 369 255 141  51  95  67  53   0 337 288 161 145 214  56 270 327
   212 113  60 388 158 400 222  70 194 123 245  58 206 381 240 170 279
    80 102   8 168 328 127 103  47 210 140 327 367 229]
  [  0 183 322 278 402  18 122  82 245  22 309 235 112 381 292 126  87
   324 165  63 292 192 175 221 314 168 105 364 263 289  14 214 404 320
   342 293 229 321 186 275 300 113 326   0 255 310 342 150 386  68 404
    52 133 365  31 265  41 281 271 369 360 391 243 253  52 146 180 212
   136  52 399 298 221 125  75 386 175  82  22 355  22]
  [  0 392 190 371 270 129 265 293 146 165 173 218 179 133 121  10 187
   122 348  74 288 204 129 316 193 332 265 227 373  39 250 101  45 224
   373 223 342 290 123 137 355 106 182  35   0 135 345 254 325 386 348
     6 140 205  48 294 160 323 128 376 341  78 267 334 211  82 196 207
   209 161 201  24 375  36  76 263   6  20  63   7 318]
  [  0 220  64  82  75 304 393 166  93  74  48  89 205 405 135 357  65
   371 217  98  39 216 322  76 103 372  45  60 194 171  30 359 335 103
   176 390  78  82 213 203 275 204 113 185  23   0  55 277 310 199 250
   273 159 300 186 240 233 277 392 101 131 336  78  51 129 193  23 217
   202  22  40 353 377 277 400 287 220  98 305  96  59]
  [  0 213  68 352 395  78 150 150  69 372  34 124 352 111  39 139  80
   251 303 235 178 367 296   5 171  41  81  48 381  33 405 257 404  19
   336  37 192 277  92   7 348 231 248 112 198  31   0 350  81 338 258
   264 356  49  23 226 187  38 324 277 387 235 129 257 119  60  56  74
    21 248 317 338 132  46 326 232  43 331 252 275 341]
  [  0 197  27 164  69 199 127 278  12 388 118 244 298  28   0  27 147
   319 391 164  30  56  71 351 375 303 334 241 379 356 176  57 190  51
   230 383 307 271 102 114 218 120 125 269 205 171  11   0 386 394  49
   210 194 362 172 153 337 192 133 312  70  33 113 333 297 144 337 176
   387 145 225  96 241 243 258 349 257 141 380  42  80]
  [  0  31 295  56 142 159 139  69 290  59  73   5 272 256  71 324 338
    27 239 317 325 239  98 130 211  38 195  34 337 277 242 202 132 330
   138  89  57 170 183  86  41 305 334  20 128 112  99  97   0 366 380
   222 204 110  12 154 344 170 324 361 154 181 195 290 308 108 191 265
    41  63 283 317 284 250 217 351  26 308  39 340 187]
  [  0 358 395 397 367 133 198 394 264 268 219  25  52  55 362 165   1
   362 169  29 354  21 129 169  38  56 241 301 131 141 234  67 161  30
    28  80  12 139 299 394 239  21 306 244 297 260 348 230 133   0 213
   231 206 377 379 173 266 254 320 348  13  57 239 265 378 201 287 307
   208 261 211 239 380   2  86  65 147 308 130 273  28]
  [  0 309  35 392 259 149 320 340 114 250  45 154  57 113 179 171 239
   293 365 310 334 297   6 306 135  39 168  71 311 179 181 308 290 161
   378 386 311 123  65 207 274 376 164 298 303 314 118 278 307 276   0
   316 143 161  90 107  41 375 318 366 136 135 266 168 406 310 361 108
   315 381 304 170  96 284  60 260  40  94  54 244  72]
  [  0  40 122 144 389 152 186 348 185 132  84 128 120 306 360 143 100
   188  45 282 124 119 314 239 390  28  77 260 282 227 154  79 260 149
   322  71 391 259  49  67 269 294 255 395 146 352 169  44 300 230 171
     0 147 135 259 259 319 209 144 289 379 264 105 164 112 156 149 365
    87 337 111  64 366 333 106 246  49 196 111  63 162]
  [  0  57 248 242 246 272 256 111 325 387 103 325 242  16  22   6 174
   149  38 180 314 238 111 108   8   9 228 329 354 225  55 334  23 160
   284  10 237  19 284  84 105 140 224 403 398 365  13  84 204 333 211
   160   0 305  47  29 211 314 235 125 263 356 188  35 184 327 237  39
   378 373 201 135   2 278 183  98   0 128 232  77 329]
  [  0 373 177 368 369 125 278 244 157 279 331 108 191  60 101  16 340
   401 111  52 243  65 317 163  66 119  41  59 175 172 256 227 298 130
    78 327  96 307 392   9  58 404 111  62 366 299 299 181 336 392  74
    74  88   0 378  94  20 118 118 401  13 137 184  65 334 373 373 321
   126 264 371 159 361  18 149 300 103 163 301 273 136]
  [  0 166 385 246 235 203 192 223  92 280 213 314  12 240 164 394  49
   165  24 161 106  42  97 108 191 164  90 315 125 331 239 394 372 332
   120 212 369 179 280  97 259 157 230 291 102   3 261 157 145 396 340
   209  79 183   0 308 128 216 139 372 179 347  22  92  18  64 183  73
    66 283  92 406 302 113  92 281  42 232  29 116 105]
  [  0  39 183 234 164 185 194 121 170 235 388 326 270  52  87  57 111
   343 301 316 265 312 200  39 347 363 366 107 272  22 320  95   4 197
   325 398 197 365 316 272 152 317 390   8 358 406 373 211 124 289 122
     0 167 101  91   0 132 222 172 347   8 309  32 366 274  46 113  25
    11 286 150 171 190 214 201  43 374 333 214 249 261]
  [  0 171 314 171 357 307  25 223  59 157  91 305 221  13 161 250 209
   393 164  75  88  70 193  68 264 247  13 259 354 354 362 357 317 253
   108 386 115  48 276 120   2  70  27 320  66 147 179 326  83 162 367
    17 251   1 261 277   0 229 237  13 235 250 149 328   4 209 243 178
    75 301 275 206 390 132 293 368 334 237 243 150 261]
  [  0   6 195 170  73  32  74 248 103  13 342 125 120 284 172  76  32
   175 277 164 404 233  65 322 347 232 276  90  26  25 123   9 325 114
   221   5 220 309  14 356 373  32 240  40 118 381 274 308   8  56 106
   162 396 215  30 343 314   0 130 139 316 253 206  97  21 351  24 185
    91   6  48 316 240  49 400  55 384 198 286 105 237]
  [  0 193 179 319 261 255 263 259 112  72 137 301 179  78 351 338 164
   112 108  92  60 363  33  94 367 352 324 406  85 369 214 262 102 294
    39  10  76  91  42  75 174 199 126 129  81 247  58 397 114  93 147
   367 364  19 276 293 189 238   0 114 160  59  98 189  63 127 404  41
    92 184  88 272  96 134 181  23 131 168 298 109 165]
  [  0 139 176 125 126 378   3  48  31 172 242 200  21 346 324 289 320
   250 337  70 155 295  54 105  28 204  90 290 142 106 336 363 199  35
   325 168 289 121 221   2 115 386 130 146 294 213 159 177 169 171 196
   111 130  68 210  87  47  49 382   0 296 374 195 203 272 214 367 232
   128 251 370 398 223 337 105 244 365 121  16  37 208]
  [  0 259 382 353 343 352 326  98 181 201 404 308  14 244 136 117 338
   160  23  86  59 239 264 144 147  32 404 261 214 164  18 374 356 169
   352 292 302  68 383 141 310  69 398 171  32 252  51 375 164  55 199
   154 275 238 365 261  83 131 286 176   0   9 245 150 128 345  20 292
    12 374 160 370 292 177 406  22 309  52 156  96 109]
  [  0 103  71  49   9 317 326 232 147 386   6  77  34 177  56 202 386
    21 232 198 243 324 343 252 292 374  86 252 285 398 251 256 345 223
   404 276 114  73 161 134 245 366 113  64 234  89 100 157 322 334 325
    25 186   5 204  45 232 333  36 150 177   0  86 377 279 183 360 293
   298  17   4  42 295 223 175 284 214  98  56 225 115]
  [  0 119  37 247 132  24 289 135  65 162 142  88 298 175 154 277 362
   103 402 298 364 117 189 204 131 357 139  10 147 149 221 362 198  34
   317 214  45 235  20  77 185  17  17 161 218  48 223 198 107 320 174
    53 344  96 307 308 102 152 267 336 386 201   0 376 109 380 293 254
   160 115 182 187 335 180 167  49  61 280 391 172 121]
  [  0 363  54  49 144 266 379 266  85  36 223 156  43 208 220 292 185
   186 211  59  93 223 197 246  39 318  55 143 209  10 239  74 390 328
   392 265 183 161   0  50 182 349 110 183 371 145 261 228 318  55 123
    91 194 248  81 194  78 399 279  20  75 190 387   0 326 360 338 391
   233 404  63 172 375 305  41   9  93 124 347  14 388]
  [  0 347 139 380 253 387 129 150 352 195 168 269 397  92 319 134 138
    88 204 201 394 380  68 273 263  26 248 240 152  12  62 108 366  77
   113 332 244 327 296 318 159 287 156 302 170  14 167  51 335 171  21
     1 136  77 234 225  52 251 327 304 274 348  36 404   0 237 311  26
    36 229  44  75 240 209 190 384  20 125 328 263 225]
  [  0 192  18 147  45 213 143 392 380  57 282  40 371 398 296 203 179
   154 235  61 309  70 213 389  79 373  47  52 113  79 163   0 164 272
   251 303 139 201  59 176 317  74  40 300 312 237 128 160  40  76  88
   257  97  98 247 199 304 387 134 353 391  96 397 161  18   0 383  61
     9 200 388 140 336  71 183 356 384 337 190 333 380]
  [  0 233 185 235 311  96 277 154  20 230 355 285  97 344 143 334 174
   391 239  32 128 275  66 183  52 268 255 387 156 401 139  60  30 270
   362 359 205 242 334 127 270  56  68  82 120 230 102  85 299 210  54
   338 277 346 402 256 233 189 342 161 270 127 164  77  16  43   0 326
   185  47 334 370 245 354 135  37 280 156 111 111 265]
  [  0 197 126   9 248  78 245 159 141 169 383 294 123 308 150  48 109
   380  68   3 123 197 100 297 359 130 233 147  54 340 251 363 152 128
   389 219  66 155 245 186 329  32 182 364 282 188 217  66 195 192 381
    86 114 278 404  54 344 314 134 271 278   0 366 228  85 170 123   0
   112 305 187 391  94  63 345  14 266 177 271  98 102]
  [  0 217 316  56 367 332  93 261 151 209 406 188 212 149  61  49 245
   276 125 378 395 269 124 310 299 332 190 283 359 201  65  29 210 198
   324 168 293 332  64 171 275 235  72 394 333 295 234  51 396 333  83
    47 167 399 297 356  77 259  29 223 377 211 273 337 322 404 178 264
     0  87 144  64 252  35 160  86  11 375 104 189 325]
  [  0 406 391 404  39 297 267  96 162 223 325  32  65 222 369 341 125
   182 302  64 382  85 254  32 180  30 394 215 344 221 217 144 372 357
   328 372 182  23  10 123  28  71 135 360 327   6  20 307   3 254 135
    44 325  76 389 186 387 333 111 192 142 348  93 104 211 289 304 165
   252   0 230 293 199  50 324  74 261 330 276  76  92]
  [  0 382 318 373 274  33 354  47 297 228 351 261  51 330 158 249  20
   363 282 138 318 308 316 277 111 403 397  41 175 168 345 137  54 130
   116 227 221 192 358 332   9 179 297 165 167 253 311 243 274 294 363
   244  64 396 196 240 109 236 277 155 384  26   9  86  60  56 195 148
   272  45   0 301 395 119  57 156 350 283 104 355 378]
  [  0  75 200 147  91   1 326 178 263  62 284 248 106   7 114 376 364
   299 302 309  19 387 377 209 112 302  29 318 189 189 399 253 223 272
   280 182 165 297 237 331  21  41 370 202 318   8 198 168  31 381  88
    90 210 296 188  23 160 344 325  31 314 100 270 141 399 141 205   3
   251 147  61   0 311 403 400 214 404 142 284 369  95]
  [  0 294 312  88 330  61 165 133   0 254 177 240 263 203 189 356 406
   138 141 114 252 335 387 292  52 299 267 240  73 226 120  77 266 295
   296  99 270  51 278 262 136 212 178 101 344 161 316  74 100 177 240
   303 210  93  77 246 383 370  57  37 383 290 314 228 355 238 355 322
   325 310  61 155   0 112 201  79 288 299  82 219 214]
  [  0 273 367  13 246 235 374 352 284 277  73 385  43 283 373 134 174
   183 365  85  13 193 119 140  67 297  60 114 195 360 130 322 282  81
   170 106 141 332 115 152  36 163 201 373 240 107 141  22 131 336 245
   132 197 136  31 235 361   7 388 169 338 120 210 133 309 268 366   5
    11 100  79  11 165   0  66 134 202 216 123   3 195]
  [  0 254  60 273  99 145 374 326 303  56 143 246 227 384 124  30 205
   218 234 260 321 330 360 110 385 180 174 396 224 121  48 236 338  98
   328   1 265 344 285  90 152 393 112 396  21 283  12  62 139 366 175
   149  58 210 349 208 286  29  44 105 314 137  36 344 359 202 324 378
   401  60 358 275  66 297   0 294 315 215 303  13 131]
  [  0 246 386  89 309 121 388   5 387 166  66 275 161 383  72 362 198
   167  24 206  62  72 105  68 395 276 398 282 378 208 261 201 199 312
   140 176 160  52 265  75  86 202 237 259  36  71 139 143 226 116 172
   318 313  11 306 182 139 232 398 380 287  10 194  60  41 286 245 299
    27 250 369 105 264 225 109   0 224 146 101 392 225]
  [  0 303 121 298 380 143 230 278 225 302 402 193  73  66 126 123 135
   356 386 288 303  56 402 388 186 372 233 233  62  57 128 262 250 188
    72 101 308 399  68 287 225 240   0  72 170 330 299 380  41 394 111
    71 143  95 255 328 325  91 321 127  41 119 386 134 199  92 237 153
    93 243 243  39  29  51  63 301   0 395  80 348 317]
  [  0  75 374 126 204  16  45 159 333  31 206 385  73  75  60 138 101
    88 241 241  92 389 138 385  95 230  91 302 126 164 243  94  15 267
   108 275  17 165 367 114 181 388 335 188 312 105 379 124  49 337 174
   127 207 219 141 387 240 150  95  12 395 117 350  62 134 314 269 348
   105 163 210 113   5 395 181 105  44   0 203 253 379]
  [  0 144 167 388 151 209   4  94 292 268 106  57 340 192  77 374 314
   180 134 396 246 285 306 246 147 256 182  91 365  51  81  84  16 365
   281  44 115  28  93 175  99 128  70 289 179 342 162 205 288 269 200
   301  28 213 320 108 165  67  86  71 129 232  22 326 167  61 382 331
   197  90 405 227  66 253  70 393 237  93   0 230  69]
  [  0 240 185  61  65 248  11 373  72 181  24  68   9 343 121 265 144
   372  39 374 369 319 384 391 328  92 222  83 149 401   3 158 279  50
     2  37 404  21 320 278 215 249 256 327 319  94 212 362 234 392  39
   300 107 379 305  34 284 158 250 331  11 355 166 375 274 215  27  39
   373 259  64  96 314  71 310 328 143  77 274   0 312]
  [  0 285 145 248 197 270 302 280 143 399 378  40 149 364  33 340 307
   161 198 288 121 277 374 255   0 105 317  60 211 348 360   1 226 136
    90 397 331 113 359 289 253  97 380 230  79 323 196 386 152 213 155
   101 291  70 318  53 276 207 287  27 387  11 169   5 116 168  77   0
   269  32 135 308  18  19 185 133 404 295 264 384   0]]

 [[  0  95 308  13  80 317 336 280 190  38  10 320  14 164 214 221  13
   141 197 170  43 390 262  62  52  12 361 243  11 335 109 115  36 332
    36  75  21 402  65 268 249  35 200 339 181 155  67  81  57 350 339
   391  57 318  68 196 309 378  59 343 364  86 230 365 211 183 117   5
   343 112 191 341 290 349 311  81 159 107 299 127 123]
  [  0   0 336 249 160 341  22  76   8  61 181 288 405 242 250 217 404
   201 305 174 219  87 226 254 343 189 124   7 281 230   3  62 216 142
   176 186 196 289 274 244 203 355 167 324 227  88 288   3  16 244 228
     8 159   7  92 327  60 132 277 137 329 234 269 214 168   8 158 140
   154 304 187 216 133 406 164 132 228 296 266 380 160]
  [  0 293   0  98 375 118 308 269  48 271 245  39 323  90  33  11 325
    83 352 378 309 106 404  41 234 305  43  27 240 148 180 392  69 353
   277  53 301  97  36 364 120  63 135 104 310 265  31 167 258 301 144
   277  94 361 275 261 119 367 331 289 240 118 325 385 257 162  68 162
   182 197 389 199 335 294 194 147 386 190 336 283  53]
  [  0 238 191   0  32 191 134  96 148 288 185  60   4  16  98 249 352
    70   3 122  30  66 329 334 256   2 189 350 261  35 157 154  98  80
   337  37 381 237  95 180 395 316  87 405 399  49 113 301 181 387 191
   332 313 334  13  13 180 354 170 219  97  25 226  53 325 281  71 254
   365 146 270  33  12 156 213  58 203 185 348 115 108]
  [  0 199  89 167   0   5  48 148 163  80 392 167 196 292 132 241 204
   397 174  81 102 139 339  69 116 295 267 162 202 396 104 115 240 147
   308 347 187 152 288 108 161 286  82 394  73 331 145 162 181 116 224
    68 392 254 246  42  43  76 115 215 307  35 378 331 178  72 220 374
   366   2 336 115 268 386 147 114 160 163 102 355 279]
  [  0 204 265  33 367   0 335 359 191 166 384 167 275  97  69  51 177
   189 403 308   3  45 202 213   1 207  22 153 215 174 122  40 293 145
    72 295  56  91 300 307 116 117  42 345 358 265  93 232  42 190 196
   347 294 275 399 333 386  45 100 236 367 317 374   4 151 125 150 385
   299 190 131 261   6  53  90 143 160 223 296 269  32]
  [  0 112 269 367 208 179   0 261 162   0  25   0  50 273  31  53 374
    61  61 172 124  22  88  38 138 149  15 112  35  42 173  70 400 168
    62 222 230 202 284 317 220 153 405 188 247  77 104 339 320  33 296
    28  81  87 153 185 280 285  32 376   0 390 133 346  50 104  56 161
   106  51 295 268 238 127  12 387 236 365 118 159 242]
  [  0 363 213 226 360 330 101   0 286 394 210   9 281  36 368 309 127
   159 102 131 205  83 189 353 393 381 353 308 382 364 211  60 309 405
   388  72 255 280  44 126 296 374  71 402 308   0 223 222 179 404 248
   292 377 300   2 216 203 155 277 182  33 132 328 215 238 389 365 266
    40 362 316 135 209 368 133 320   7 347 251 132 349]
  [  0 323  81  99 393 348 224 388   0 158  12  63 136  80  90 307 177
   274 171 110  80 367 206 402 134 253 342 297 217 196 312 222 287 177
   252 175 112 175 166 281 276  46 179  62 278 140 358 365 343  49 401
   306 150 360 281 232 261 292 113 293  37 260 199 308  95 187  61 320
   354 248 219 184 179  89 261 357  12  84  91 126 353]
  [  0 264   2  77 116  22  33 125 215   0 234 312 225 158 318 124 380
   238 303  62  77   6 213 405 320 131 187  24 365  64 261 156 160 136
   252  32 330  15 167 293 321 133 243 327 284 224 315 206 269  12 212
   162 172 135 288 320  27 375 121 123 229 230 349 232 325 102 243 259
   338  51   9 257 346 174 404 259 352  51  91 294 156]
  [  0 201 399 315 382 158 131 129 295  34   0 275 284 363 334 250 185
   303 259 232 254 168  64 238 123  59  38 300 251 207 259  48 389 108
   363 212 106 359 205 215 208 296  21  38 378 251 138  99  30 185 344
   180 188  79 338 174 364  51 163 190  42 339 351 102 276  95 167 324
     9 203 190 216 110 127 405  87 112 162 388 113  15]
  [  0 273 313  58 244 320 147 351 190  28 118   0  49 255  46 170 383
   250  12 320 337  55 212   3 180 309 192   1 257 401 286 330  24 243
   246 373 153 168 277 269 354  47 125  79 389 220 345  35 344  81 240
   379 320 344 112 331 370 115  86 266 374 127 292 255  41 326 277 291
    13 357 139 100 253  73 245 334 127 230 260 183 153]
  [  0 324 235  67 385 151  66 392  52  49  84 210   0  95 213  62 287
   277  71 122 398 381 207  41  76 166 400 104 392  26 110  95 159 375
     7 267  45 329 108  10 233 341  98 220 131 343 241 335  65 257  57
    29 305 116 136 292 333 168 139 372 123 392  85 322 238 221 363  92
    53 174 178 120 349 168  84 297  48 249 296 375 395]
  [  0 400 374 186 146 318 315 385 377 178  52 152 291   0 350 159 137
   380 236 256 155 348 282  52 368 228 120 299 278 283 168 355 216  30
   366  16 371 234 308  93 401 284   0  91   3 274 241 265 294 334 345
    61  79 197 179 123 142 378  36 328 362 395 109 120 368 324 136 280
   141 124 325 188 268 145 355 137 106  31 371 400 252]
  [  0 160  28  26 193 376 182  20 216 364  20   3 364 328   0 360  42
   220  62 105 401 393  56 281  38  60 208 144 174 210 127 319 128 244
   207 293  57 331  77 216 273 176 213  25 212 100  97 106  32 266 177
   156 101 406  92  19  78 405  88 400 327 273  13 206 108 114  41 336
    84 313  70 287 328 389 327  19 149 315 145 332 120]
  [  0 331 168 325  88 223 287 317  67 403 339 158 345 277  19   0 110
   226 360 122  84 286 102  66  57  21 193  59 217 337 254  26 264 240
   164 321 347  36  32 377  12 149 381  58 338 292  43 369 331 390 299
    85 244 127 296 194 281 187 162 159 404 253 213 210 100 343  67  20
   307  20 257  70 134 366  70 235 188 340 184 236 263]
  [  0 258  73 330  28 147  88 344 385 332 128 220  12  47 273 301   0
   205 233 187 362  11  43 404 358 349  88 356 402 158 184 226  29 174
   138 220 174 239 236  46 357 138  63 397   2 148 122 249 317 311 316
   112 147 150 276  76 339 386 260 390   9 108 225 244 169  24 380   2
   170 345 246 367  35 163  98  14 208  51  67 109  60]
  [  0 125 385 243 321  38 180 285 183  84 286 187 235   3 326 350 233
     0  25 370 288 121  19 376  67 363 264  34 122 401   8 334 329 116
   283 270 329 402 372 299 232 147 211  49 368 124 236 396 204 174 225
   316 118 318  17 125 112 244 274 267   8 402 292 358 333 102 176  23
   183  19 325   4 324  24 341 331  63 316 293 332 269]
  [  0 137 172 331 217  12 206 382  46  14 150 382 223  92  17 127 190
   239   0 382 370  37 124 361 133 165 294 119 399  16 193 373 157 118
   125 313 241  11 259  88 231 175  98  32 370 385 230 363 386  49 159
   209 327 300  70 143 394 390   5 307 340 388 157 387 269 283 382 353
   405 339 387 328 181 236 371 399 173 238  41 112 207]
  [  0 270 394 273 103 395  20  19 369  82 316 402 362  24 176 257  84
   169 289   0 242 353 200 267  76 134 369 397  41 232 336 324 129  36
    10 388 399 276 279  55  44 239 247 230 176 199 320 153 246 393 157
    39 127 378 287 282   0 249 128 363 102 394 310 331 311 221 352  84
   224  13 385  60 280 279 130 137 147 115  72 400 364]
  [  0  86  91  23 287  25 132 242 312  23 199  36  56 376  23 397  36
   282 267  92   0 214 278 137 168 254  88  65 383 109 212  81  24 169
   171 351  70 363  10 269  24  49  24 210 136 270 161  72 344 355  30
   361  19 156 382 348 346 256 163 304 235 188  67 206 111 163 374 258
   171 305 228   5 177 402 378 118 193 164  97 166 268]
  [  0 367 161 179 261  83 198  73   6 193  81 218 344   6 136 303 289
   128 223   2  34   0 300 148 120 351 190  80 307 367 205 283 158 301
   334 273 279 362 300  82 207  75  85 301 216 102 221 287 135 123 184
   359 292 308 298  61 220 186 126 320  12 243 154 263 277 302 377 266
    92 222 292 337 354 247 219 311 186 190 385  54  25]
  [  0 180 232  37 171 381  34 232 264  48 231 301 175   1  11 383 376
   349 121 120 376  56   0 166 142 180 365  24  83  65 264 181 330 204
   393 253 182 275 334 283 232 124 346 335 210 243 208 162 123  68 119
   229 162 185 226 219 126 333 131 147  99 134 386 131 338 393 393 117
   137 178 117  77 259 111 369 315  71 317  22  72 310]
  [  0 370 171 222  58 353 326 269 233 256 388  93 174 127 230 122 220
   226 220 165 118 333 180   0 267 297 318  86 365 194 358   7 403 403
   179 387  49  33 152 115  25 189 200 119  69 273 203 246 130 146 108
   285 165   7 241  27 352 196 402 302  64 289 364 181 397 183 194 214
    87 251 213 108 214 265  99   5 276  39  68 114 341]
  [  0 115 364 301 205 124 243 177 214 169 114  57 121 149 272  55  84
    38 117  98  77  12 343 231   0 115  70 322 212 181 303 405 216 211
   243 349 208 201 363  54 337 381 158 285  97 162 376 179 126 208 318
   383  79 268  82 204 373 297 346 159 121  63 120  28 233  52  65 332
   113 136 130  88 190 369   2 390  52 396 300 208  79]
  [  0 184 380 300  79 303 230  31 263 178 123   0 288 351 234 277   3
   359 329 199 187 337 180 354 318   0 345 273 257 185 122 325 122 393
   188 206  47  53  56  43 347 349  52 199 213 187 259 117 129  87 237
    72 301 341  33  12 326 265 133 126 386  40 100   6 170  18 227 267
   237 242 318  30 288 100 360  85   9  48 332  73  95]
  [  0 313  59 340 162  91 326 238 147 156 396 250  22 160 406   6 208
   165 138 116  27 220 152 203  96 343   0 221 107  86 198 102  12 377
   105 193 274 403 406 113 159 299 355 301 196 392 123 103 399 192  20
   199 125  53 117 143  14 348 405 334 320 382 224 361 332 132 219 355
    41 367  30 134 162  73 208  28 249 273 171 269 292]
  [  0 400 167 219 362  12 214 406 273  75 232 328 122 386 106 374 163
   405  34 314 401 284 165 199 159 291 404   0 123 114 179 192  71  87
   347 176 102 107 349 398 406 376 353  29 174 260 303  47 287  79 177
    76 113  88 380 122 136 227 328 213 214 119  36 198 230 297 401  72
   351  12  47  33 258 176 254 119 388  92 211 128 126]
  [  0 219 347 369  82  12 108 330 346  48 343 303 315 238 379 214  96
   350 373   4 168  85 236 229 339 151 343 147   0 344  36 171 122 257
   175 101 364  41 181 323 179 278  66 370 131 187  82  41  65 119 314
   179 106 315 357 163  89  76  48 162 318 258 112 320   3 238 372 354
    30 283 316 265 142 274  79 399 297 187 308 353 158]
  [  0 195 399 320  93 170 379  86  41 362 385 283  13 128 328 255 385
   128 322 130 139 143 340 156 369 312 379 132 297   0 142 380 265 404
    69  48 236  50 393 104 395 158 331 132 291 272 241 281 211  26 387
   354 311 319 351 334  54 259 116 303   2 226  63 267  28 311  52 299
   361 129 163 232  17 307 380 246  50 125 286 265  41]
  [  0 195 293 201 209 108 107 149  14 196 280 390 308 300 323  23 168
   388 113  68 230 185 210   1  40   7 145  55 173  17   0 211 271 248
   220 204 327 258  96 185 280 107  69 340  73  51 128 402  72  25   4
    64 359  85 261 106 260 205  14 144 177 165 345 204 107 390 382 246
   244 306  32 396 154 165   3 369  30 376 165 168 286]
  [  0 183 181  41 226 234 107 384 386 296  34  87 264 362 177 212 181
    15 100 202  78 165 333  18 183 394 159  72 232 298 251   0 170  55
    70 299  36  63 110 310 233 144 154 154 391  27 404 366 362 112 134
    99 362 145 149 234 275  24  47 243 165 383 190  29 109  86  28 166
   253 303 406 205  59 278 243 126 210 282  50 376  17]
  [  0  30  25 390 295 148   6  33 139  19 105 375 366 254 301 145 318
   186 349 309 187 333 238  74  58 103 339  24 243 312 406  63   0 325
   324 252 219  26 145 374 131  45  30 210 143 358 304 318  67 317  56
    47 294 208  10 394 179 182 360 362 310 340 160 363  44  90  89 273
   385 287 288 202 207 316 242   4 172  79   7 156  96]
  [  0 212  21 285 234 190  75 371  42 141 221 257   8 307 215  20 361
   342 278  69 146 257 355  35 299 390 132 254 251 227 277 300  67   0
   393  89  50 371 188 206 220 356  96  43 180 348 193  84 310 157 222
   352 109 339 222  98 314 132 193 175 397 403 104 250 179 278 111  91
   332 179 353 264  82 101 279 289 290 175 149 369 223]
  [  0 203 329  61 326 342 220 335 173  47 299  82  43  77  25  87 242
   148 109 335 257 100 216 368 130 396 322 146 181 265 229 336 120 120
     0 115 177 322 229 178 343 154 385 348 302  65 209  44 151 231 299
   269  11 170  80 129  48 114  82 375 267 286 386 381 130  42 164 184
   175 258 325 196  29 212 391 150 373 299 378 376 102]
  [  0 312 368 103  78 261  75  32 151 270 396 224   6  18 353 171 353
    89 203 285  59 255 254 330   3 151  27  68 224 183  61 325 359 377
   349   0 342  47 103 140 256  41  29 177 322 271  47 398 160 358 393
   291 214 206 252 197 145 326 255  62 379 233 187 345 253 167 150 149
    20  25  51 269 330  72 375 258 246 122 114 103 377]
  [  0 331 368 247  18 282 306 385  62 350 166 106 376 112 290 212 195
   246 150 341 174 195   3 155 382   4   8  90 142 117 274 305  94  80
   395  93   0  63 250  52  63 127 109 281  69  94 401 333 242 105 406
   334 275  84 122 406 296 386 129 303 165 212 121  50 327 102 258 142
   352 368 271 318 192 139 215 402 210   3  94 320 303]
  [  0  12  89 192 341 148 129 227 184 383  36 251  56 289 294 267 261
    20 218 338 204 265 244 288 247  15 272 238 299  83  49 156  93 254
    61 231  83   0  25 381 119 371 226 195  50 348  18 237 221 318 322
   137 268  72 152  92 147 404 105  25 329 356 209  71  79 125 406 284
   303 158 261 372 339 216 138 387 177 284 338 184 263]
  [  0 178 140  79 265  98 273 160 119 125  17 139 347 155 176  23  62
   271   6  41 148 205  28 146 191 194 378  29 138 123 115 151 266  11
   283  95 326 382   0 119 152  31 280 280 250 330 280 191 395 218 244
    82 127 175  28 203 111 167  32 167 104  41 231 281 373 194 202 267
   175 240 291 376 214 121  55 366  33 370  35 100 168]
  [  0 282  32  52 321 277 155 346 286 366 376  12 168 341 297 154 167
   388  24   4 148 178 389 320 202 321 140 169 259 107 194 192 378 281
    69   6 117  14 269   0 278 172  86 198 162  47 214 235 250  88 372
    57 317 364 245 264 371  96 318 342  61 354 128  57 167 142  86  55
   216 211 303 401 301 160 296 378 291 358 386 330 237]
  [  0 396  66 256 387 295 390 290 155 240 268 378  92 333  39 300  76
   182 219 277  78 187 267 370  88 101  88 197  52  51 147 318 373 169
   205 176 105 297 230 349   0 265 340 216 294 197 365 242 395 291 123
   123 172 248 133 262  99 226 210 176 284 128 288 320 154  16 124 139
   335 118 234 315 173 213  32 296 343 112 119 235  70]
  [  0  36  18 147 171 127 156  22 197 109 180   3 333 176 214  89 138
   112 103  23 260 394 268 149 360  81 304 157 365 348 159 200 189 153
   318 337  28 194  95 149 251   0   9 144 122 106 160  61 128  18 296
     7 137  81 290  66 256 250  29 401 145 118 162 293  96 347 330 318
   365  50 232 160 117  92 307 345 231   4 354  79  43]
  [  0 358 313 225 382  46  42 117 185  87  75  79 202  77 286  85 216
   317 372 178 209 239 170 257  85 106 206  11 168 283 115 366 169 398
   139 247 243 207 248 199 131 220   0  16 344 388  53 212  95 178 174
   388 247   2 260  88 168 164 338 202 143 119 287 174  10 127 355 339
   332  45  64 357 366 182 377 393 393 305  92 381 126]
  [  0 150  57  35 246 122 348 350 222 365  10 100 265  21 119  22 138
   142 293 347  42  46  41  89 290 356  66 203 194 232 385 170  77 331
   120 297  40 144  26 248  18  69 245   0 240 359 217 181 221  43   7
   369  60 340  90 367 192 344 300 153  73 238 347  87 277  98  75  82
    85 141 111 285 406  89 351 362 171 285 230 261  77]
  [  0 406 134 151 398  56 146 271  77  55 366 137 230  29 328 201  17
    31 186 173  38 256 369 390  60 348 153 277  18 315 164 103 107 145
    54 345 152 308 318 321 171 259 288 306   0 142 306 375 138 307 260
    44  76 288 392 166  46  87  58  48 318  46  65  58 105 376 269  57
    16 265 115  21 393 283 397   8 179 344 300 220  96]
  [  0 246 238 374 218  67 386 371  75 160  92 314  10 262 306 106 228
   303 182  11  98  65 100 271  21  44  55 111 297 353  29  73 100 200
   213 305  14 326 305 318 260 298  95 243 224   0 293 392  25 140 406
    47 220 303 222 296 103  50 351 268  88 317 120 342 213 263  60 304
   122 210 300 231 383 231 147   9 331  54 274 361 366]
  [  0  31 163  49 241 235 394 226 364 235 168 306  71 380  24 315 169
    69  96 323 177 229 329 107  13  23   5 382 180 330 239 174 220 179
   218 320 274 284 150   9  52 195 127 141 156  12   0 248 302 219 182
    74 377 207 343 375  77 113 246 326 254 342  17  33 255 246 329  80
    10 380  95   9 182 309 127 316 227  55 157 136 192]
  [  0 194 168 207 165 379 124 162 367 292 116  94  99 152 114 254 313
   336  91  95 338 338 139 380 294 117 332 101 362 220 108  27  52  78
   229 193  62  79 277 141 297  22  42  23 388  94 389   0 105  86 392
   313  74 297 266 108 171 252 298 366 158 339 169 338 118 154   4  85
   133 148 257 144 243 201 155 104 103 326 152  98  28]
  [  0  21 208 342 245 385 367 316 268 233 241  28 305 402 114 184  57
   400  74  27 295 222 287 110 222 327 363 161 284 405 314 106 166 327
   253 135 305 113 217 302 285 221  29 312 146 102 123 242   0  55  55
   147 197 359 310  63  13  98 372 283 120 226 132 353 242 367 127 178
   255 385  74 255 108 205 362 213 170 345  75 339 123]
  [  0  57 158 226 377 387 258  14 211 174 319 145 215 345 334  46 383
   397 326 403 298 317 152 351 371 170 187  61 255 186 338 117 253 321
   136 256 216 309   1 254 257 130 402  40 259 144 156  18 262   0 338
   248 223 395 246  11  97 361  27 243 158  29 392 241 236 168 142 333
   335 101 106 101  29 193 387 307  72  34 283 163  33]
  [  0   4 293 157 231  27 277   7  22 110 261 158 376 306 103  36 294
   248 268 145 360 373 383 394 389 103  30 313  24 140 205 395 340 282
   145 373 267 116  24 284 162  41 297 303  74 238 123 309 329 330   0
     2 105  84 371 254 160  16 309 193 318 357 356 337 144 342 266   5
   342 126 147 244  17 243 254 317 199 364 282  35 237]
  [  0 365 166 149  50 130   5  98 335  45  13 137 211 281 100 109 105
   198 363 297 388 190 162 340 191  32 368 184 257 332 256  94 169 148
    57  32 366 100 319 287 384 339 369 387 251 254 252 277 299 275 234
     0  32 113 132 140 165 276 275 200 350 327 382 350  56 123 334  34
   333 351 177 210  43  68 172 258 152 332 314 362  14]
  [  0  46 130 397  32 117  97 131 171 255 347 122 179  99 157  37 143
   358 274 237 327 224 226  88 269  98 231  99 316 249 263 363  41 306
   113 101 348 325 307 245  16 159 306 344 393  86 163 213 117 344 394
   166   0 275 112  50   6 252 355  65 217 287 114 329 401 255 353 264
   313 246 143 187 136 261  99 173 180 222 281 177 339]
  [  0 239   7 323 227 121 151 315 380  58 354  83 141 228 126 272  33
   218 199 390 268 236 140 363 376 168 261 362 348 314 234 138  61 135
   342 350  74 138 114 254 335 307  61 248 320 392 248 243 247 156 382
    90 293   0 318  68 332   7 173 169 380 217  85 354 255 333 223 254
   164 147 375 381 220 267 199 243 102 178  62  10 362]
  [  0  39 101 232 285  91 395 323 194 383 243 127 317 160 381 220 287
    96 174 193  32 133 356 140 151  35 176 257 332 118 159 200 110 155
    53  45 338 198 178  52   1 309 330 388 108 297 169 129 265 309  15
   295  93 328   0  66 176 350 347 198 201 399 311 128 367   7 332 108
   124 292 279 133  17 278 225 284 395  29 348 180 265]
  [  0 326 297 360 115 352 275  99 394  25 172 380  52 134 349 172 198
   337 183 379 373 150 355 354   7 192  70 270 175 253 361 112 399 302
   133 116 362 302  81 230  27 242 260 180 401  77 186 395 316 316 208
   209 167  49 272   0 300 226  85 322 400  72 363 233 125 326 186 208
   277 243 329 202 360  36 287 265 384 178 233 120 342]
  [  0 216 269 372 268  44 257 367 147 304 294 165 181  10   5 330  83
    77  34 232 136 128   0 117 246  38 213 144 105 202   6 215 136 319
   168 203 315 115 119 199 381 289  48  42 339 378  56 208 190 103 119
   241 120 398 179 369   0 164   6 272  75 158 236 243 349  22 361 357
    66 173 313  28  75 354 181 305 255   8  54 390  42]
  [  0 101 223 353 210  47 149  93 386 228 393 403 390 274 110 158  99
   173 318 109 277 340   7 348 125 122 241  21 218 217  44 373  17 160
   124 300 404 325 402  53 319 134 149 396  60 334  83 164   1 309 353
   205 310 403 254  14  19   0 213 406 235 281 379 191 119 303 310 385
   293 263 288 180 305 257  10 106  42 383 296 261 169]
  [  0   3  60 184 178 220 321 310 267 287 386 145 233 400 141 283 224
   282 116 359 346  49 245 306 292 368 126  27 403 259 222 135  49 357
   113 373 167 210 188 371  60 394 331   8  76 176 164 213  67  71 137
   183  31 347 172  60 300 370   0   9 198  20 234 305 265 250 273 349
   124 292 126 339 381 399 212 395 131 293 288 288  25]
  [  0  28 136 213  81 319 206 333 122 316 375 194 138 201 282 395 386
    22 191 208  59 391 339 384 300   9 251 231 300 387  38  98 282 354
   179  42  78 335  67  51 105 185 380  17 222  54   3  47 239 279 180
   288  12 162 279  50 150   5 347   0 213 216   0 163 388 298 123 257
   341  99 186 337 104 331 356 356 183 158 382  31 299]
  [  0 303 173 253  10 118 292 196 103 115 342 309 204 270 163 195 372
   257  59 222 349  65  38 222  37  30 189 300 339 359 272 367  86 244
   270  25 269 252   4 238 290  68 279 321 210 222 334 338 283 201 215
   398 265  21 223 122 141 381 354 111   0 307 401 122 242 373 126 264
   120 130  83 380 289 101 314 147 259 384 404  81 184]
  [  0 187 279 103  14 320 297 406 182  77 226 384 125 147 360 101 399
    54 310 151 293 314  64 385 230 298  14 314 225  26  64 213 299  77
    97 219 188 237 192 272 354 311  65 295  99 242 335 151 170  90 323
     5 404  48 360 228 375  25 308 179 221   0  91  55 144  40 291 139
   218 356 331  20 178 236 121 292 211 357 364  48 194]
  [  0  34 162 131 298 404 261 386 139 405 248  40 204 162  20 290  26
   328  37 399 176 168 125 281 381 223 200 185 340 327 386 373  73  93
    67 292 399 202 185  93 266 346 221 185  97 304  28  85 177 303 283
   199 276  64 177 241 174 345 265 389 210 256   0  54 163 316 144  84
   239  95  70 246 162 153 391 316 150 360 348 394 389]
  [  0  20 220 243 216 153 369 253 267 191 149  21 145 225 253 229 358
   132 206  57 404 217 227 321  48 130 288 220 396 384  88 131 286  42
   255 176 180  89 349 211 397  44  83 128 212 288 263 226 294  93 266
   349 281 334 331 141 240 255 384 328 215 326 266   0  99 178 222 230
    62 305 373 135 199 113  69  25  84  68 241  68 110]
  [  0  82 366 275 111 357 242 403 381  62  23 231  31 246  27  70 269
   253 205 360  95 405 110 224 173 298  60 218  58 202 191 117  82 158
   266 152  71 314 127 247  92 118 389 164 180 299  36 222 367 184  23
   139  60  31   6 299  77  10 307 210 359 171 135  20   0 211 175 134
    64 222 343 164 402 360 223  62 333 274 252  66 315]
  [  0 256  87  61  68 103  95 161 249 384   2 103 363 402 344 107 184
   107 157  43  82  15 129 382 383 139  14 136 233 380 271  21  74 212
   317 249  89   4  74 366  40 335 324 159  49 220 387 202 282 235 101
   294 152 374 221 389 263  32 301 128   3 220 258 301  62   0 204 389
   133 368 318 173 366 237  86 260 127 183 391 257 244]
  [  0  77 165  13  58 217 311 272 268 336 329 245  68 244 276 389 140
   261 396 300 138 378 250 402 153 298 105 333 354  72 127 102 155 380
   406  11 375  44 349 240 397 351 154 199 301 215 307 309 399 214 166
   131  35 260 307 271  36 286 313 232 220   7 220 301   3 331   0   7
   147 253 285 299 384 217 248 399 221 349  55 297  58]
  [  0 180 202 165 153 201 278  75  99 113 340 213  12 320  59 329 197
    21 230 139 182 339 180 199 189 208  83 140 251  53 369  47  25 356
    87  15 286  51 401  23 295  32  77  55  92 207 258 305  84 154 381
   185 162 109  61 272 233 373  38 209 308 377 145   0 211 117 172   0
   293 299 111  10 117  58 116 280 159 206  81 380 325]
  [  0  33 196 104 300 325 382  83 271 127  18 286 153 172 176 117 402
   344 109 352  74 147 206 381  34 288 378 343  53 157  64 357 289  90
   299 100 320 341  95 315  13  23 267 254 366 186 165 110 384  46  59
   336 167  86 267 333 252 131 279 153  38  14   5 259 236 219 162  87
     0 345 301  61 323  95 122  85 262  17 314 325 176]
  [  0  27 399  99 341  13  32 189 244 325 394  41 388 323 143 275 338
   291 179 153 128  27 328 225  40 119  22 328 153  22 392 176  26 355
   184 147  69 392  60  24 138   3  89 293  40 294 395 231 372  37 291
   261 267 315 245 371 213 399  21  36 103 283 159 397  59  23 226 253
   263   0   5 139 322 264 264 397  68 236 230 220 205]
  [  0 137 220  62 321 196  94 393 379 210 132 328 316 275 232 238 151
   287 130  82  25 308 313 277  10 192  30 259 371 378 279 272 187  14
    89 342  65 340 328 364 163 133 293  89 163   4 333 117 274  49 179
   193 273 122 104  26 346 327  52  61 330  98 222 403 361 256 343 102
    49 317   0 395  43 301 105  69  19 234 205  10 273]
  [  0 277 300   0 362 151 205 266 237 198  45 211 389 141 401  56  20
   366  95 336 232 369 326 124 202  57  43 269 151  54 388  79  54 221
     1  41 340 322 131 338 368 231  31 387  19 220 170  63  37 228 223
   100 259 151  94 177 183 316 395 258 161  25 273 123 322 358  73 189
    83 221 175   0 367 263 225 179 322 228 364 361  11]
  [  0   9 188 126 251 249 115 352  89 180   8 329 406 179 262 397 265
   149 351 200 122 154  16 404 217 182 156 397 201 351  97 313 384 273
   237 252 145 341 395  38  95 186  98 388  60 310 226 104  81 191 122
   371 377  56 298 176 264 297 332 122  17  32 365 402 355 305 259 179
   270 320 354 153   0  17 351  88 222 390 220  30 167]
  [  0 236 332 207 313 361 384 106 243  64 179 210 379  33  47 223 258
    83 124 381 156 314 192 113 300 387 128 105 284 306 337 230 391 235
    32 158 203 184 187 297  43 273  55 295 121 102 218 259 328 165  73
   339 398 315 288 103 193 218 180 336 333 226  49 398  26 343 108 155
   160 144  90  40  47   0 139  39 174  29  39  46 147]
  [  0 391  93 350 377 379  59  25  83  36 118  27 228 142  16 155 251
   317 100 156 309 397 217  43 251 168 142 265 252 245 405 120 256 316
    95 365 241 339 298  78 348 233 145 226  54 198  82  93  28  10 147
   200 268 287 383 277 113  63 170 131  60 299 290 259  56 274 254 268
   342 259 235   0 227 207   0 106  57 325 202 325 306]
  [  0 115 120 362 265 275 299 114 361  28  59 325 370 189 395 189 320
    14 220  14 231  39 354 159 138  84 273 298  94 376 275 345 169  15
    75  53 356 347  51 150 395 120 163 160 192 367 144 159  94 162 284
    58 108 218  49  20 314 400 266 319 293 284 244 118 108 263  71 256
   276 274  19 288 206 382 291   0 225  52 125   7 342]
  [  0  87 161  62  44 195 306 148  69 146 282 325   9 278 394   5 233
    67 300  29 181  57 154 332 336 181 241 139  79 345 117 118  49 106
   302 234  11  81 404 404 278  61  16 377   0 336   0  67 297 190 261
   169  75 290 105 275  16  64 367 203  93 176 114  64 218 310 365  66
     9 256  56 115  56   2 122 180   0 120 378 139  85]
  [  0 247 156 385 287 167 201 240 162 357 250  98 286 348 262 132 355
   107 104 260 343 290 214 332 205 276 225 374  84 402 109  89 211  26
   214  71 145 142 164 303  57 159 385 248 131 133 350 189 239  24  71
   224 335 231 148  17  74 375  37 145 239  77 139 404  24 257 380 188
   252  13 353 301 207  33 293 232 109   0  92 169  75]
  [  0  22 369  58 129 239 345 226 372   2 132   3 361 282 237 332 291
   260 285 214 198 242  82 350 328 126  43 217 153 254 224 174 170 216
   107 231  13  65  60  97 367 149 287 242 301 117  37  61 281 114  73
   150  81  21  33   0 216 318  24 260 354 362 336 120 347  45 197 326
   315 179 274 290 228 352  97 125 117  36   0 249  54]
  [  0  92 337  24  86  41  45  18 338 282 321 248   0 163 105 205 273
    75 350 136 228  84 335 199 173 220 285 255  13  98  92 247 343 220
    53 330 245 122 188  16  54 164  25 346 185 104  37 279 118  40 354
   354 166 323   9 222 230 310  61  93 270  25 122 141 189 228 256  69
   269 372  53 202  31 340 165 137 166 168 165   0 145]
  [  0 375  20 328 332 301 315  28 127 299 340   7 265 298 391  62 391
   206 249 322 252 115  63 277 122  92 244 277   0 374  83  29   8 269
   208 405 163 213 337 211 221 165  55 262 309  39 223 242 144  56 351
   352 133 245  21 189 325 280  79  69 150  41  51 103 173 370  44   4
    96 101  15 359  36 152 361 129 248 373 210  95   0]]

 [[  0 161  47 373 338 239  69 316  49 104 158 276  51 189 119 405 258
   279 381  17 140  26 281 345  96 269 133 196 118  77 400 290 141 175
    38  10 386 223  29 379   3 286 394 271 149 220 366  97  77  84 276
   377 371   3 129 158 379 396 330 116  61 219  20 349 299 388 142 400
   329  26 370 375 219 172 106 115  44 182 301 377 145]
  [  0   0 223 346  81  96 322 162 374 390 249 170  66  61 166 186 173
   281 335 285 375 265  66 108  79 261  18 193 120  24 118   3 271 162
   310  55 388  31 215 166 110 261 164 273 386 175 319 214  87 397 189
   174 205 349 265 282 138 362  74 116 106 332 254 234  35  74 381 160
   169 312  75 304 102 309  15 317  32 176 345   2 386]
  [  0 202   0  61 234 230 296 337 223 379 133 255 288  69 344 113  78
    92 204 195 396 136 406 181  48 252 165 252  70 112 205 334 211  77
   385   5 179 208 198 323 138  29 119 397 190 286 224  82 367 397 312
   207 236 197  87 177 172 157 340 218 241  25 112 348 232 237 397 382
   232   0  56  94 191  16 300 237 179 294 111 170 157]
  [  0 108 192   0 342  17 209 153 331 381 143  65 234 309 262 123 367
    91 233  76  66 362 149 336 263 178 102 387 123 128  31 134 278  59
    17  86 332 282   9 201 314 233  97  70  50  22 151 197 383  83 338
   245 315 217 363 384 146 171 355 380 266 255 400 356  87 216 382 338
   134 193 197 362 230  74 193 290  88 268 363 308 151]
  [  0 157 231 318   0 137 312  32 297  50 257 193  65 100 277 378 318
   253 314 285 168 176  79 181 166 121 136 253 339 398 133  92 317  53
   185  32 278 392 321 108 308 278 197 333  17  49 218 288 202 344 203
   165 160 113 304  26 215 264  75 123 402 303 152 218 187  75 225 355
   173 402  95 230 386 295 392  25 308 322 239 121 366]
  [  0 114  79 216 340   0 185 184 382 120 316 194 149 100 269 361 316
   118  11  94 243  48 147 339 185  62 234 335 149  18 202 146 282 269
   238  35 173 325  10 374 164 375 226 294  60  97 143 382  44 218  44
    91 299 355 258  25 266 141 172  43 388 270  88   0 335 400 394 218
    28 185 367 202 224 333  28 158  12  10 215 349 107]
  [  0 368 285  27 103 206   0 212 307 353  68   8 310 209  56 103  33
   351  71 210 398 162 329 241 379 292 230 141 389 147 200 309  45 360
   143 339 240  99  13  61 253   5 368 117 371 173 386 137  30 153 324
   199 188  87 119 115 336 229 215  83 280 221 105 290 274 358 348 338
    86 132  50 328  81  63 393  65 191 110 130 115  82]
  [  0 343  95  15 372 286 333   0  48  78  96   3 341  94 270  36 333
   140 159 123 238 329 257  67 316 156 160 355 191 370 165 319 130 400
   149 231 166 288  78 346 262 367 143 326 217 370 385  43 221 232 286
   127 315 302 350 129 144 195  12 164  42  14  82 282 199 110 374 246
   155 107 101 403  76 235  19 270  28 140 111 108 161]
  [  0 215 126  41 113 339 353 145   0 173 217 393 341 241 335 145  57
    14  25 316  42   3  40 380   3  28 113  75  63 285  72 208 208 143
   174  62 160 249 260 251 165 356 242  34   9 174 152  17  88  35 148
    77 202 305 224 137 177 172  52 345 391 276 342   6 313 293 384 345
   305  64 180 400 171 143   6 258 334  87  36 196 285]
  [  0 259 261  24 365  13 160 153 333   0 239 124 244   6 108 244 365
   335 222  92 146 238 241 336 396 380 345   9 260 100  94  75 245 346
   153 211 249  63 225 306 338  39  33 200 246 334 122  30   5 197 236
   265 216 311 266 164 350 334 237 244 125 332 183 341 226 302 372 159
    99 206  83 196   8 293  23 372   5  32 217  35 235]
  [  0 258 307 286 158   5 378 377 301 208   0 161 215  36 360 283 216
    13 339 215 103 353  14 266   2 290  51  65 276 258  57 381 317 206
    23 140 219 244 159  32 344  86 163 269  54 250 142 296 391 100 297
   227 352 252 253 204  15  68 109 403 329 121 310 368 243 384 277  71
   302  64  14 300 124 195 343 126 344 356 155  71 288]
  [  0 303 170 134 320 383 215 289 390  49 189   0 194  88  84 186  57
    88 326 382 242 101 168  94 333 238  95 348 318 273 165 102 235  29
    21 254 193 123 314 231  93 309 377 387 275  81  13 308 357 113  44
   129 108 395 267 102  77 147  49 204   5   5 360  77 367 365 299 282
   257 305 402 305 304 378  22  41 133  94 221 352 247]
  [  0 250 135 165  70 404 394 251  44 265  36  48   0 287 224  48 363
   403 264 269 299 121 227  61 319 217 331 200 145  62 180 155 156 320
    37 116 293  24 160 266 252  17 386 262  82 372 369 123 127  62 102
   336 114 104 113 149 170  72 281 184 360 388 401 239 381  23  34  23
   379 205  55 206 149 384 163 304 319 194 258 220 210]
  [  0 118 200 317 406 160 396 303 401 180  40   7  46   0 132   7 337
   399 164 277 192  28 283 150 399 168 270  89 100 181 174 276 278 216
   249 174 168  74  93  67  49 119 364 145 310 250 173 254 346 289 168
   210 231 225  51  18 282 319 209  36 195 209 103 249 314 385 154 308
    19 267 235 302 140 268 244 197 225 183 337  98 321]
  [  0  16  69 237 240 117 121 121  71 228 161 300 146 376   0 222 356
   188 235 363 289 140 289  95 221  96 226 265 170  82 183 118 106  91
   296 253  17 155 327 105 336 298 404  94 398 121 351 146 244 147 344
     8 363 125  80 348 240 221 246 169 373   6 227 391 109 132 107  85
    52 262 223 175 384  22 331  85 184 191  27 140 119]
  [  0  23 129 119 204  26 104 190   7 352  54 201 209 401 350   0 281
   143 254 135 214 240 366 361 204 376 202 258 318  79 158 382 182 387
   132 223  25 333  77  75 177 258  45   9 402 296 369 296 404 204 265
   296 306 224  65 166  22 130 130 322 336  64  74 329 347 382  71  23
   338 389 134 176  42  41 316 112 275  82 296 133 199]
  [  0 323 117  44  72  74 360 379 247 167 328  19 342 269 192 398   0
   400 239 302 370  18 371 347 211 112 291 279  21 344  61  93 155  75
    82 312 342 264  93 367 151 177 284  84 215 149 212 103  94  77 100
    78 379 197  53 330  59  95  35  60  90 352 262 137 355  49 138  55
   130  39 147 326 196 213  49 244 107 192 226  63  51]
  [  0 325 109 185 181 361 334 298 235  35  15 153 137 206 184 179  86
     0 389 383 313 173 110 320 307 138 375 304 302  20 131 381 185 308
   233 309  97 147 211 131 396  31 180  82  97 335 141 237 216 274 166
   310 145 342   1  45 334 295 143 396 307 110 130 129  16 287 202 162
   362  27 243 153 164  61 261 113 223 251 150  90 104]
  [  0  68 306 294 401 283 141 378  32  65  16 362 343 192 133  22 381
   183   0 352 296 293 227  26 230 280  64 271  60 339  21 103 247  80
   342 319 402 230 226 110 121 237 173 196 308 317   8 271 379 132  51
   209  11 223 116 239 293  45 324 351 195 287 176 329 358 157  37  71
   302 121 156 223 203  98 384 365 250  36 141 192 200]
  [  0 235  16 126  37 142 127  80   5 165  60 402 237 215 262 337 354
   333   1   0 361 143 319 383  27  45 117   7 219 320  95 173  90  99
   373 273 309 279 180 145 219 305 322 120 133 149 223   4  11 155 119
   274 319 232 158 364  27 364 306 194  53  26 143 323 320 317 120 155
   386 365 236 151 370 133 298  52 126 348 373 372 141]
  [  0  60 215 309 234 140 206 289 180 279 193 232 307 119 204 353 124
   205 287 349   0  25 338 212 319   2 101 358 256 184 341 314  91  62
    33 269 363 360 218 297 222  72 249 185 135  58 277 156 104 359 283
    82 299 395 240  48 250   0 298 363  64 278 391  16  19  81 358 350
   239 403 260  47 306   9 359 254 175 201 324 152  27]
  [  0 297 181 315  58 141 188 277  51  41 214 180 131 403 333 103 308
   395 349  18  63   0 316 359 205 214 394 121 318  74 148  80 141 350
    54 270 364 340 367 201 310 164 341 406 399 360 112  99 391 276  84
   343 177  66  54 164   3 342 229 169 255  89  87 159 212 134 238 344
   385 145 229  95 223 139  73 224 231  77  86 260 105]
  [  0  94 359  56 358 369  85 265 191  15 112 404 168 278 153  55  49
    48 138 385 383 128   0 308 169 123 215 225 191  51 261 210 170 345
   291  69 230 256  48  39 112 104 117  50 214 181 141 320 315  56  34
   337 208 229  52 271  56 175 222 148 292  97 311  70 372 335 165 379
    91 190 259  97  85 293 181 191  69 396 373 282  97]
  [  0 328  55 171  30  86 224 132  63  68 260 104  49 291 299 193 121
   171  33 304 240  81 368   0  99 220 117  23  89  88 396  56 245 110
   375 190 166 137 131  82  93 252 120 141  79 121 102 234  58 215 320
   249 268 244 351 108 214  99  26 173 112 307 303 272  74 103 149 346
   126 405 356 148 188 233 145 196 338  11  62 367 258]
  [  0 205 371 209 175 393  56 392 270 152 123 255 296 399 234 151  72
   265 285 136  71 250 249  82   0  28 366 108 117 263 358   5 318 209
   116 163 148 153 322 394 295  19 371 375 191 307 392 184 149 295 245
   325 316 129  17  15 250 233 165 116 299 324  63 348 233 197 273 107
    64 308 327 165 238 316 244  44 110 293  42 365 370]
  [  0 292 404 193 307 340 257  92  20   0 295 356 190 300  77 336  84
     7 356 393 315  90 356 298 311   0 125 362 380 167 343 223  74  83
   399 132 151   2 397 324 288  16 163 257  23 178 294 406 240 229 162
   380  54 288 116  50 100 268  57 111  83  26  66 215 284 216 350  54
   113 387 231 140 393 332 222 172 299 312 286  82 236]
  [  0 111 129 235 191 162  34 186 332 212  92 157 320 364 211  98 144
   201 235 362 327 333  82 293 209 385   0 393 153 101 197 276  78 111
   138 293  54 301 107  75 299 114 353 200 271 305  45  33 224 285 217
   397 113 300 355 336  93 284  29  82 297   8 243 371 228 108  65 198
   327 183 251 152 381 151 195 252 375 155 140  37  57]
  [  0 322  69 211 164 359 365 294 143  56 195 287  78 213 326 119 288
   107 285 130  13  50  35 354   4 394  32   0 304 192 380 198 393 150
   309 230 132 130 313 319  19 354 404 334 230 344 177 191 115   1  67
    55 113 147 201 309 128 273 185 286 307  16 126   4 164  98 229 325
    79  10 333  37 327 101  41 246  50  30  18 315 310]
  [  0 254   8  33  59 270 281 101 203  21 390   2 184  14  42 202 269
    44  84 129 162  89 220 351  87 340 380 120   0 165 154 405 384 359
   252 312 303 259  51 347  51 343 323  33 162 360 356 186 225 359  84
   127   8 365 227 304 111 157  88  66  45 259 146 193  49 173 122 335
    13 143  13  26  35 319 125  24 276 356  81 283 370]
  [  0  30 300 192 314  43 308  61   7  86 178 115  67 307 252 328 238
   119  66   9 315 112  26 263 143 337 225  61 134   0 387   4 341 363
    29 195 400 338 316 198 402  18  23 379 213  68 158 188 332 309 298
   369 341 367  14 132 114  87  82 318 247  17  38 395 214  13  29   4
   300 179  35 130 387 225 212  45  58  22  56 212 244]
  [  0 205 352 145 302 367 135 342  98 119 390 298  46  34 191 111 195
   370  70 382 199 121 222 302 138 393 378 208  83 155   0 389 259 363
   111 293 356  17 103 312 380 320 267 150  45  82 292 123 191 125   6
   171 237 153 177  34  20 348   0 243 120 249 347 384 320 343 405  80
   223  13 167 124 331 134 298  20 163 348 330  45 179]
  [  0  82 139 180 136 257  70 119   0  23 243 113 229  86 356  88 111
   296   7 137 137 187 382 201 107 394 197 111 144  51  25   0 124 222
   381 392 127 200 226 173  35  54 322 195 204 111 219 318  37 275 272
   301 378  30 261 356 130  18 243 108 178 172 214 135  85 249 102 175
   259 244 378 277 397 367 164 214 273 273 391  55 306]
  [  0 256 106 168 395 149  33  38 278  47 135  60  72 394 392  46 283
   184 157 117 394 301   4 118 405 228  72 148  72 263 304 318   0 218
   104 390 310 237 288 397 353  60 291  60 271 114 383 121 348 287 155
   231  29 359 250 172 386 199 402 158 349  39 391  62 298   9 303 222
   174  21  35  10  62  24 245 215 109   2 300 118 370]
  [  0  17 124  53 117  66  47 390  39 104 369 282 228  83 205  73 372
   356  44 269  79  51  82  25 155 120 245 134 373 395  43  69 195   0
   177  87  37 111 108  40 383 115 208 137 300 261  37 197 108 158 188
   352  72  11  10 258 277  81 354 314 333 196 213 124 281 107 224  45
   259 269  32 140 178  64 262 231  95 274 323 384 342]
  [  0 256   1  32 209 376 207  50 396 121 213 379 258  73  95 250 248
   103 121  91   9 123 253 288  89  54  91 337 323 168 266 249 172 142
     0 335 229 222 342 154 381 154 186 103  49 144  22   8 115 133 178
    34 212   5  18 260 224 326 107 253 154 377  34 379 100 145  26 385
   235 280 127 110 232 386 393 371 301 163 286 118  19]
  [  0  21 227 114 127 353 234 286 339 220  75 397 262  58  10 299 239
    90 329 218 252 283 153 126 294 258  81 321 295  68  21 201 191  39
   207   0 132 211 275 170 157 277 239 213  80 197 387  28 119  80  15
   331 335  87  89 315 154  37  72  16 322 341 127 365 257 255 171 249
   315  92 303  66 249 363 357 406 202 336  99 118 176]
  [  0 281 184 238 265 400 152 102  78 251 179  85  71 334 263 304 380
   208 186 282  18 369 353  62  80 177 249  66  81 313 388 296 329 260
    79 193   0 177 380 369 314 319 177  98  19 290  26  58 216 375 300
   372 366 251  58 383 239 133 237  30 120 123 156 322  42 368 400 246
   392  65  67 159 226 273  53   1 207 240 385 273  55]
  [  0 244 401 337 144 265  96  75   6  27 189   3 175 112 394 182 394
   126  62 360 287 158 154 253  88 371  42 320 270 357 286 396 390 358
    12 345 347   0 252 102  45  31 133 117  25 169  97 376  96  21   5
   276  32 377 145 355 332  47 248 311 238 228  79 192 128  93  18 316
   216 354 275   1 211 347  97 278 205  82 118  99  28]
  [  0  52 329 288  49 160 145 210 275 132  79 318 108 143 251  97 231
   208 347 130 226 406 192 292  60  76 396  16 279 367  87 290 357 114
   240  95 354 282   0 129  11 211 281 247 294 137 326 154 176  79 187
   209  39 333 217 270 376 159 237 271 151 136 112 378 401  32 157  35
    60 308 384  55 210  72  97  77  12  26  97 122 329]
  [  0  90 377 162 338 291  91  72  95 363  38  71 345 306 322 202 221
   185  88 333  80 114 260 286 341 111  16 146  16 395 311  55  83  52
   220 314 360 308 358   0 180 111 209  37  56   6 327 231 123 209 112
   251 191 296 343 398 237 268 321 302 262 404 124 305 179  48  12   8
    47  59 152 253  88 335 210 336  69 137 167 131  75]
  [  0 171  17  72 301  38 275 221  95 175 216 264 155 209 345 202  99
    27  85  70 198  93  43 368 174 105 140 380 274 257 358 287 212  83
   139 380  42  62 343 118   0   1  81 189 281 241 131 295 190 331  29
   345 232 116 233  47 270 138  18 243 366 179  49 139 290 332 130 406
   342 246  52 205 113  12  34 126 174 318 316 127 231]
  [  0 308 332 332 389 159  40  89  32 113 221   7 266 123 124  24 183
    24  62 256 325  13  51 340 211 322 147 317 337 325  93 253 278  83
   232 108 247  36 381 239 124   0 262 217 194 182 106 207 241  15 243
   293 242  29 223  99  96 131 169 162 253 192 401 252 173 185 222 344
   267 119  37 400 173  35  25 289 182  99  57  94 155]
  [  0  92 342 115 201 228 175 226 303 198 120  40 375 268 119 286  25
   220 194 182 385 295 211 367 323 186 229  42   4 154  91  19 191  24
   391 304 185 207 126  28  94 366   0 366 316 349 159  52 301  31 106
   193 244 343 243 151 304 167 335 212 253 337 365   9 243  68  48 286
   345  80 259 369 202 309 152 143  35 402 349 173 290]
  [  0 137   8 326 370 212 190  39  64 148 160 278 192 149 215 108  44
   369 385  98 264  98 153 190 229  50  89 233 109   5 140 381 342 289
   313 261 149  20  41 401 236  94 108   0 259 217  29 164 402  52 293
   311  54 354 386 140 180 209 161 325 320  21 325 309 298 383 167  86
   287 334  92  46 386 109  19 103  47  31   1  25 314]
  [  0 184 182 311 198   8 199 152 386 266 260 291  72  14 307 307  19
   200 405 133  76   1  43 303  81  35 330 242 370 218  41 191  58 141
    85 401 308  10 133 135 248 168  72 344   0 131 406 158 211 259 269
   223 151 403 337 130 314 302 139 221 304 398 175 250 189  32  20 333
   320  65 135  48 175 149 176 375 115 275 120 156 152]
  [  0 262 199 198 218 171 273 316  56 210 339 241  48 294 406 104 262
    93  43 279 307  14 255 241  81 122 202 239 193 370  19 248 317 217
    60 161 393 192 378  22   6 338 105 236  88   0 317  43 397  52  88
   334 134 336 272 365 127 301  74 293 349 232  37 102 332 316  61 108
   338 396 343 125 354 123  58 362  99 406 243 406 311]
  [  0 196 160 255  36 287  13  74 138  22 312 307 375 316 393 284 318
   238  63  28 233 305 113 103 385  42  47 307 360 154 355 249 225 131
    64 217  65 127 115 133 236 180  44 389 370 273   0 195 256 383 143
   124 201 320 279 304  96 241 250  90 257   0 198 195 203  52 260  15
   173 171  59   3   1 332 309 171 356 313 163 391 379]
  [  0  36 194 288  22  72 115 270  28 358   0  57 203 193  95 135 248
   277 278 154 341 129 151 213 280 137 267 106 356  96 102 206  24 316
   280 237   7 106 112  75 238  61 108 162  82 166 154   0 255 373  10
   210 242  93 285 266 107  99 343 399 366  14 341 333  35 353 158 233
   317 361 135 137 194 136  72 273  17  13 100  47 295]
  [  0 138  42 298 336 334   5  65  84 215 218 307 381 357 222 161 379
    61 328 331 159 299 291 249  10 284 371  35 198 245 135 303 374 394
    63   1 205 116 389 338 166  51 264 114 135  62 349  28   0 239  85
     1 343 365 332 387 175 159  74 210  66 316   9 303 304 319 351 171
   403 218  13 139  97 367 314 172 129 200 355  93  39]
  [  0  63 139 210  50 219  59 192 232 341 284 385 161 368  58 233 179
   213 323 156 129 324 118 149 376   8 250 174   8  19  49 221 348 297
    37 340  41  52 188  93 277 137 388  74 171 388 334 130  92   0 155
   391  37  59   1 360 348 340 139 227  68  41  38  86 228 208 284 190
    60 367 113 361 174 221 129 160 277  32  74 377  16]
  [  0 312 221 176 373  13  69   7  89 199  10 153 367 102 379 272 287
   123 201 135 282 381  46 313  16 334 110  61  50 214 147 253 398  84
    74 328 208 251 377 150 169  69 139 364 290 318 248 377 131  71   0
    38 283 156 229 240 200 168 249  12  41 344 264 379 217 162  34  79
   346 379 188 359 187 179 366  54  35   7 395 286 204]
  [  0  12 295 154 121 112 241 353 348  98 216   9 262  39   8  98 250
   397 376 379  62 370 171 287  82 234 348 307   8 197 100 125 282  33
   287 237  42 173 237  70 261 122 383 244 320 385 293 272 406 212 144
     0 216   5 173 208  63  20  96 202 347 112 273 308  91 273  13 201
   145 352 400 218 351 319 165 271  23   7 273 107 269]
  [  0 329 211  54 156 112  78  75 310 213 346  78 264  38 228  69 323
   306 277 124 107 349 401  96 196 311  16 383 325 161 246 234 149 114
   209 327 139  67  41  24 340 286  37 129  43 100  98 104 285 197 195
   161   0 123 112  30 159  30 115 123 339 240 183 375 307  98 105 365
   242  77 383 213 252 107 335 106 307 305 213  56 366]
  [  0 148  26  93  63 264 302 133 111 305 347 296 114 290  46 122  93
   262 243 319 164  62 151 179 129 162 284  68 146 363   0 221 245 329
     3  47 360  23 274 323 362 121 314 270 318 318 405 187 396  11 299
    65 291   0 318 115 122 196 303  57 241 285 312 355 341 295  59  71
   294 283 394  93 270 155 165 314 358  88 215 322  69]
  [  0 156 237 216 345 130  73 292 268 235 353 263  96 272 229 210 181
    24  92 249 220 125 264 237 387 387 183 386 249  18  33  12  69 244
    66 251  80  59 165  50 181 160 108 341 205 366  96 185  46 134 114
   212 397  75   0  34 145 285 206 394 160 103 218 272 345 239 102 142
   115 280 253 171 239 131 385 124 361 309 162 181 179]
  [  0  62 195  75 339 163 196 195 241 195 387 340 233  40 170 373  93
   253 103 366 123 271 268 401 391 258 131 263 345 216 165  61 200 366
    72 139  44  23 256  60 334 353 371 180 391  61 233 332 347  21 209
    36 327 243 161   0 124 329 363 384 166 180 363 193 316 275 229 277
   282 370 214 230  31 290  44  79 231 255 370  63 291]
  [  0 296 291 295 148 197 239 395 308 110 332 102  77 389 362  90 344
   224 288 156 299 244 340  52 293  62   4 374 124 295  54 320 337 404
   227  93  33 160 128  63 275 110 226  16  79 376 381 122 381 316 311
   118 349 324 401 293   0 399 162 306  98  31 352 269 308 175 331 134
   128 223 385 202 268 130  94 311 398 337 382  95 366]
  [  0  83 292 198 341 314 398 298 347 356 398 120 403 208 375  22 253
   271 193 258 327 379 230 120 109 236   0 254 290 390 347 357 163  76
   317 362 121  11 209 385  34 181 353  56 384 220 288 361  94 134 161
   218 265  19 108 402 198   0 297 162  44 158 356 285   0 343  35 395
   100 301 348 154  60 335  85   2 149  81 189  85 207]
  [  0 136  39 225 399 145 299 182 280 239 352 337 168 147  99  17 144
   369  63  41 254 171 365 270 171 226 103 363  65  23 116 227 189 365
   288 309 115  63 205 333 299 189 308  46 234  11 244 153 354 259 319
   372  56 208 305 182  85  29   0  71  20 393  44 397 222   8  75 261
   311 347 215 238 270 155  37 377 106 104  13 274 271]
  [  0 161 385 353  43  85 136 352  27 133 157 196 377 127 170 230 356
   401 284 214  54 325 330 173 351 239 222 244  87 216 260 137 375  88
   265  46 231 217  58  21 345 302  66 342 193  76 242 376 237 311 267
   273 240   4 294  15 352  38 146   0 185 124 337 383 356 404 318 136
   141 274 393 287 397 278 390 331  28  82 346 392 372]
  [  0 306 395 203 281 264 238 125 292 143  28 389 319 282 271  89 377
   258 278 239 235 389 260 146 354 244  62 103 150  11 327 116 383 406
   240 128 166 362 256 295 376  76 196 306 354 322 200  44 248 208 343
    87 232  10 132  24  59 207 268 196   0 136 129 348 133 363 201 261
    57 251 163 338 186 231 156 356 102 109 107 105 213]
  [  0 362 385 145 183 170 177 393 159 135 389 400 356 360  88  60 221
   132  91 233 115 211 389 251  18  54 157 385 125 259 250  48 391 368
    89 269 185 307 255 138  19 174  23 128  80 186 207  94   5 169 266
   311 304  50  15 260 242 217 238 180 141   0 128  78 392  50  19 145
   111 309  39 115 238 388  94  20 345 212   5 164 162]
  [  0 342  62 349 105 351 163 134 315  50 185 402 289 324 190 385 327
   208 357 324 287 293 183  51   8 341  77 186 272 248  73   7  24 235
   194 402 341  22 343 329  56 282 105  62 298  48  75  20 288  71 174
   210 231 352 290 147 405  81 376 406 234 347   0   7 347 198 137  24
   244 199 406 399 103 349 314 134 234 396 305  14 237]
  [  0  89 286  61  44 133 154 324  60  80 240 324 361 308  63 214  50
   386 197 197 114 239  12 254 125 271 149 145 132 341   6 182 113 208
   241 366  58 185 105 356 388 365 223 278 386   8 262 197 392 247 360
   355 126  62 306 129 187 206 203  68  90 306   0   0 213 109 192 323
    49 177 210 322 321  12  37 221 388 273  56 123  21]
  [  0 357 290 351 212   3 148  52 318 223 247 394 355 316 260 137  21
   360 183  53 291 226 196  33 142 383 174 106 131  47 274 175  60 275
   158 210 277  46 372 248  31 196 189 307 398 394 387  84 254 328 165
   138 397 332  43  87 329 142 275 255 381 117 272 154   0 128 225 348
   195 316 209 127 210 135 284 175 203 105  83 270 187]
  [  0 347 270  64 193 128 217   4 341 320  59 359 237 300 384 317 154
   397 119 393 320 172 266 299 167  77 155 255   0 282 292 126  27 385
   393 331  97  47 188 286 233 140 371 159  44 241  25 100  72 103 321
   103  66  31 220 343 403 219 241 379 234 343 215 327 127   0 396 203
   113 253 232  13  49 361 126  17 187  27 294 346  78]
  [  0 294 336 311 224 182 137 290 287 227 315  22 193 322  69 155   7
   391   1 403 256 392  24  65 137 303 264 127 172 330 133  15 136 154
   271  52 163  17 286 339 385 239 182 355 225 349 265 115 398  88 209
    27  51 366 287  62 343 165 252 236 339 237 371 295 393 164   0  66
    41 386 214 238  66 291 300 256 240 214 256 303 304]
  [  0 132 117 355 126 142 241 194 247  30 210  30  32 267 123 389  45
   264  41 214   9  49 113  12 105 211  17  19 120 123 284  10 111 357
    19  96 205 364 254 146 116 214 317  11 305 294 248  93 169 165 221
   313 213 263   0  45  68 378  31 283 187  84  96 130 195  36 354   0
   359 321  18 353 366 292 181 224  47 311 191 342 122]
  [  0  31 176 348 236 226 387 377 106 214 269 256 133 201 312 171 106
   397 399 225 320 363  81 400  38 351 113 213  77 196 206 118 252 331
   235 387 396 128 101 163 257  71 241 370 159  84 108 113 329  17  99
   226 242 273 349  37 290  31  90  95 295  55 347 285  29 400  62  52
     0 264 306 319 234  23  83 353  15   9 260  13 299]
  [  0   2 264 288  22 237 107 114 326 132 160 253  14 332  83 302 238
   126 403 165 160  25 382 370 332  69 223 243 190 131  26 119  48 107
    98 210 114 233 102 174 171 235 331 105  34 199 282 293 173 205 185
   172 222 138 139 287  51 272 341 245 270 161 277  27 258 250 279 117
    21   0 300 389  44 202 174 360  65 167 324 386  51]
  [  0 276 336 189 194 387 382 381   3 241 194 339 281  51 347 243 359
   369 403 228 140 370 364 134 117 100 335 290  54  30 191 283  40  11
     0 308  66 379 173 308  35 350 320 358  66 151  20 322  17 381 137
   256 351  67 365 348 394 358  38  17 129  68 325  50 274 235  31 133
    51 280   0  69 188 279 257 373 264  23 294 221 392]
  [  0  37  28  64 356 150  46 271 152  86 378 382 270 153  44  78  26
   318  49 110 284 166  88 302 112 186  82 280 252  80 301 321 197 362
   380 165 390 346  64 356 339  49 229 254 258  76 308  93 363   8 201
   284 146 332  82 366  51  22 287 245 106 151 211 391  75 309  51 389
   242 142 115   0 136 196 355 103 333 231 195 200 342]
  [  0  47 231 334 223 227 400 235  80 105 119  17  29 131  23  35 273
   108  17 375 167 199 299 220 219   3 282 172 393 167 386 336 172 315
   237 189 149  94 289  91 306 314  44  37 311 289 359 268  66 186 284
   174 136 143 200   0 118 188 294 186 154 259 389 331  23 364 253 246
   333 212 289 211   0 100 109 297  55 230  97 124 209]
  [  0  59 214 290  10 397 145 359 233  60 176   8 319 399  40 333 358
   403 301 316 254 234 393  67 172 151 263 367 197  20 215 404 234  45
   390  74 245 337   9 138 354  51 385 282 344 156 286 248 378   2 270
    58 168 264 173 254 111 186  54 283 389 358 328  49 390 213 206   0
   363  88  69 324   0   0 223 310  58 367 235  41 115]
  [  0 257 114 249 322 389 233 241 398 242 186 200 230 182 402 348 277
   295 291 272 116 185 115 115  35  11 139 280 353 284 150 364 255 142
   175 358 361 246 315  88  53  92  21 386 289 269 247 130 221 216 345
   227 177 184  49 330 277  63 368 115 187 106 268 229 207 282 129 168
   317  48 307 396 406 340   0 138  69 245  27 197  65]
  [  0 142 296  88  79 210  66  23 209 143  94 109 287  55  99 226 250
    58 229 354 314 112 121 269 402   7 359 186 189  61 234  78 310 350
   152 402 248  71 219 257 142  39 403 365 307 328 199 140 200 243 355
   255  64 130 145 207 207 237  89 339 116 289 270 216 312 390  90 206
   282 210 306 227 389  53 308   0 358 287   8 195 142]
  [  0 151 111  42 267  46 145 275 160 383 146  10 287 109  79 377 314
   210 273 375  55 340  78 404 369  44 348 372 312 323 167 253 223  38
   244 242  67 148 365 385 166  60 310 230 175 383 222 250  56 195 370
   185 371  70  93 256 369 149  87 299 174  12 241 344 339 239 155  39
   350  40 294 274 238 216 244 401   0 337 262 171 154]
  [  0 342 385 224 396  49 401  80 127 139 152 305 304 386 271  13  64
   180  50  87 172 388 224 373 171 146 384  78 348 361 158 309  75  26
    43 366 200  23 394 344 372 108 208 359 385 107 146 181   6 132  76
   257 351 143 159 368 273  58 285 148 371  49 287 234 344 142   9 398
   209 225  16 392 220 368  99 242 264   0 406  47 133]
  [  0  83 234 341 150 311 111 210 170 211  57 219 114 358  86  72 131
   143 153  65  16 310 312 342  15 111 286 199  29 228 121 326  54 232
   169  50  77 324 376 164 119  86 202 109  14  34 142 362 179 141 266
    10 398 327 116 160 347 220 184 365  39  42 374  20 310 133  28 298
     2  63 322 172 387  43 254 385 138  62   0 228 187]
  [  0 373 228 311 247  81  31  19 224  52 223  86  94 406  24 359 197
   294 159 371 132  30 129 179 317 343 120 190   4   1  69 109 146 301
   221  63  48  24 354 192 258  76 262 150 161 303 105  61 232 233 201
     6  38 293 338   3  86 402 153 359  93 295  49 300  81 131  70  99
   364 176 170 100 406 162  13 371 169  17 170   0 152]
  [  0 172 279   9 315 220 298 361  13 174 306  13 131 289 275  15 335
   298 296 167  20 138 270  24 131 173 115 253 303 341   3 359  85 406
   202 369 191 398 249 253 131 178 296 222  98 123  19 347 291 363  35
   229  15 175 234 379  17 369 406 132 241 221 220 204 236 336  18 261
   283  56  76 295 135 372  72 297 174 388 322 336   0]]

 [[  0 274 153 364 355  36  10 225 352  93 348 168 305 231  80 165 360
    73 186  26 327 333 182 258 343 227 380 216 344  59 290 363 206 144
   363 309  94 272 115 101 215 227 306 358 255 183 258 222 242 361 359
   346 314 305 228  68 210 332 340 204  20 175 313 240 391 174 363  51
   178  13 111 355 367 142 134 121 217 350  70 212  59]
  [  0   0   1 369 349 387 171 401 247  51 233 375 177  62   6 280 141
   128 173 252 329 177 349 366 100 385  38 373 110 218 160 283 394 175
   239 402 205 183 388 163 316 374  21 112  82 247 208 384 317 145 154
   192 263 270 278  86 179 344 127 339 280 227  21 203 142 347  92 401
   318 230 370 177  87 133  51  32  88   4 340  58 234]
  [  0 184   0 357 227 110 125  35 190  67 171 370 120 241 294 278 148
     1 184  44  86 259 307 340  93 261  28 140 378 313 159  79 116 265
   119  24 370 375 230  27  70 389 116 374 361 156 220 374  75  38 241
   295 129 136  52 365  97 328 245  19 156 220 189 140 204  89  77 311
   203 343 242 394 110 211  49 224 343 111 129 349 403]
  [  0 332 229   0  55 126 373 324 211 347 235 159 155 110 361  91  84
   214 215 219 211 138 282 339  80 269 210 311  63  33 213 223 253  56
   348 290 253 265  62 152 271 400 312 255 262 207 346 126 287 207   4
     5 310 358 398 217 173  56 381 229 220 143 113  87 369  90  69 172
   353 103 295 227 306 349 216 277  46 152 199 255  89]
  [  0  92  76  23   0 274 268   0 214 292 372  51 178 301 207 255  65
   311 354 275 393  12 226 178  73 315 322 356 388 139 344  17 179 179
   140 371 223 370 356 345 101 350 239 207 349   9  87 252 164 402 161
   276 166 271 198  31 165 362 121 404  80 285 148 396 106 280 280   2
   369 121 339 199  30  25 233 244 241 127  93 352 279]
  [  0 144 354 114 126   0  38 157 357 119 354 193 201 163  64   1 280
   161 337 358 245 203 129 323  26  85 184 265 230 235 315 309  86 288
   149 102  76  59 146 224  22 127  15  97 134 201 192 222 120 389 182
   299 122  85 218 246 158 118 267 378 225 230 108 322  25 379   2 396
   303 199 166 334 293 286 185 337  59 218 183 403 323]
  [  0  36 227 130 246  77   0 152 212 355  43  15 268  36   2 349 107
     7 326 102 352   5  93 151  49 174  58 396 124 176 186 155 116 337
   346  97 101 210  69 347 384 315 141 205  92   9 391 379 334 281  60
   125 167 344 293 249  91 279 395 241  96  47  48  95 289 337 239 323
    67 271 113 264 385 293  43  68   6 252 287 396 148]
  [  0 227 121 387 255  75 291   0 398 294 207  96  86 221 197 123  34
    94  65 383 248 130 148 116  88  82 258  85 190 146 181  31 285 230
   306  73 158 281 228 235 377  24 262 112   7   8 143 255 214 333  50
   405 149 286 180 372   5 167  57 281 141 204 119 165 157 267 330 285
     8 132 380 279  11 110  56  25  77 367 294 204 265]
  [  0  55  52 341 339 129 107 349   0 359 263 365 215  30  61 276 326
    31  65 209 106 153 184 168 233 249 328 176 133  61  56 160 363 120
    67 115 358 185 344 331 139 227  32  95 157 212 122 264 200  84 282
   107 150 120 294 401  58  79  25 375  53 164  22 203 342  83  47  94
   249  41 326 392 320 377 287  67 355 386 344 262 289]
  [  0  80  71 256  93 299 255 306 357   0 281   0 266 391 140  63 148
   121 283 265 362  95 374 143 196 276 396  62 343 284 257 402 182 316
    42  44  81 112 154 313 406  67  31 397 109 373   4 289 146 153 118
   210 291 232  36 154 186  76 331 256 144 358  90  73 132 367 140 236
   198 322  93  93 276 323 357 246  54 280 315  49 108]
  [  0 301  90 312 333 213 165 380 203 155   0 377  64 278 188 117 283
   303 313 268   3 352   2 367 141 263  78 232 393 362 223 263 194  94
   218 382 328 355 235 308  21 304 309 274 326  41 404 388 323 361 243
   218 164 182  29 237  47 118 327 259 234 188 383 180 137 381  43 339
   217 161 359 346 252  40 192 145 326 394 390 197 146]
  [  0   6 153 222 293 137  21  38 207 345 223   0 334 199 391 142  38
   271  22 246  66 351 331  14 344 345 113 249  51 105 190 390 235 366
   133 357 144 179 153  71 160 251  87  13  43 266  99  32 138  94 287
   113 259 337 290 238  80 144 336 111 182   6  36 287 281 200 356 219
   372   9 227  17 218  63 113 151 300  70 202 284 288]
  [  0 164  93  17 303 315 274 146 364  41 329 205   0 204 357 315 121
   243 324 237 323 317 191 260 140 328  32 208 129  37 145 264   3  56
   335 278  22  19  59 127 303 361 381  57 167  82  84 209 378 121 321
   150  19  66 189 361 195 268 282 340 245 150 109   7 234 285 326 261
   274 294 142 279 228 280 393  18 311  69 142 196 155]
  [  0  15 252 162 276  30 326 128 206 252 130  78 346   0 226 113 256
   345  36 309 325  58 290 181 393   1   0 320 303 122 254 124 202 223
   315 279 117  23 284 290  19   3 132 314 185  60 343  70  90 364 169
   189 269 302 307 149 199 190 347   2 210 105  57 366 192 250 388 254
   110 135 141 116   3 178 384  47 335 123 215   2 362]
  [  0  58 207 230 389  66 279 338  12 294  84 248  99  32   0 387 165
    65  15 115 228 318 308  51 190 170 152  74 181 139 149 331  63 219
   262  41 158  59 143  47 240 254 287 288 132 249 278 198 155 337 352
   285 251  97 360  92 279 295  86 324   4 109  87 394 332 124 350 144
   290 104 219 379 277 127 252 330  34 400 262 164  67]
  [  0  40 161 323 153 165 335 277 364 170 210   3 134 144 242   0 388
   251 216  88 389 378 194  53 376 234 167 210 157  73 356 396  28 262
   166  86 131 241 406 134 161 304 238 300 229   9 264 306 224  42  87
   392 156  36 284 141  70  42 144  47 139 328 383 395 350  22  68 203
   170 157 236  38  40 377 222 232 361  50 197  76  73]
  [  0  31 277 383 187  18 304 206 242  21 316 215 351  47   1   2   0
   221   5 336 349 201  62  66 347 384  73 138  91 397 117 138  59  27
   405 347 251 402  95 378 247 125   3  93 221  44 284 108 154 215  76
    84 404 382 235 248   1 133  36 378 231  81 304  44  51 178 354 404
   139 156 261 335 186  93 117  47   2 145  78 251  51]
  [  0 170  89 400 383 188 229  13 203   8 226 194 215  59 282  89  93
     0 318 288 182 304 111  28 343 320 102 274 342 213  50 148 163  15
   341 290 366 297 234 342 189 386 199 209  38 143 310 263 267 161  38
   371 333 269 137 160 207 403 254   6 160 186  78 279  83 276 189 126
   324 121   9  99  15  12 222  70 188 272 110 223 121]
  [  0 105 150 390 293 394 301 159 339 385 164 258 149 201 220 148 219
   406   0 230 336   0 182  20 211  64 289  92 260 200 291 144 121 154
    50  37 290 198 307 146  45 242  80  66 109 279 270 243 405 275  42
    74 313  64 146 312 393 134 275 148 100 359 147 144 292   1 269  43
   385  28 263  48 171  28 365 385 249 377 202 144 403]
  [  0 208 175 146 285 137  77 330 190  11 159  93 257 185  27 386 363
    69  19   0 279 393 123  88  72 199 392 302 162  76  87 361  59 217
    82 105  46 310 372  78  80 241 336 171 298  18  47 149 187 400 296
   334 165 176 319 293   7 150  68 344  25 398   6  77 284 259 248 335
   353 152 330  11 325 133 390   1  24 328 155 226  22]
  [  0  89 306 372 265 257  89 391 126 317 205 121 264  92  19 265 182
   166 226 159   0  48  13 321  99 379 383 244 175  75  13 232 235 101
    84  14 191 303 246 114 295 367  28 305  27 402 154  68 199 120 213
   140 310 154  19 314 155 258 390 363 268  47  17 342  96 261  69 268
    24  90 119 101 240 115  44 386 237 109 100 222 276]
  [  0 387  71  69 157 256  91 393 183  87 388  11 237 323 136 280 319
   131 259 396 106   0 269 266  75  64 348 237  62 288 358  32 222 102
   240 237 267 198  30   1  16 217 132 225 310 243  79 182  74 104 138
   325 245 244 173  33 200 117  26 112 312 162 255 290 360 394 100 148
   385 396 123 396  77  86 327 212 185 350 351 391 209]
  [  0   8 210 334 178 125  70 147 109 389 334 243 109 405 241 291 294
   292 269  55 385 192   0 267 269 403 397 120 336  23 298  11 127 137
   178 353 222 283  54 228 347 322 264 364 180 400 195  37 323  93 378
    94 226 137 144 359 234 237 393 245  20  17 378 121 336  99 158 233
   228 195 299  23 271 394  79 200 304 161 196 155 273]
  [  0 322 181  67 360  70  15 202 158 293 164 259  98  62  23 278  54
   269 209 404  21  41 183   0 131  78 175 268  92 220  29 137 304 106
   374 342 340  32 254 315 272 218 108 347  67 371 380 227 311 121  38
    43 311 343 332 346 344 269 310 186 404 271  50 401 336 151 355 236
   161  83 220 205  58 374 404 269 226  46  98  60 394]
  [  0  63  67 166 390  44 316 221 154   4 309 138 375 227  36 343 273
   156 271 343 209 188 316 267   0  18 383 359 220 162 337 174 264 257
   177   2 138 185 256 225 112 177  82 127 219  82 254 299  23  67  50
   365 116 389  42 178  47 320 325 349  56 396 232 321 182 145 342 345
   295 324 180  73 396 126 401 384  70 344 279 114  76]
  [  0 342 325  75   7   8 104 144 336 110 203 240 336 315  77  64 206
   146  37 345   1 398 103 216  88   0 285 311 266 358   9 222 218 176
   104 119 396  38 230 296 100 400 319  88 141  31 351 165 355  63 402
   400  39 363 339 228   1  95 298 367  82 260 148 381 212 284 109  82
    16 171  49 402 227  15 238 275   2  95 317  38 200]
  [  0 219 165 246 338 250 137  28 342 232 262 151 395  32 280 107  86
   174 289 385 405  27 158 135 116 200   0 269 400  12 141 142  14   7
   268 117 222 146 158 273  19 203 337  74  85  29 203 390 125  37 325
   221 188  49 186 114  22 117  63 370 140   4 223 357 102 254  58   2
    93  46 364 308 223 200  79  23 141 145 109 189  73]
  [  0 320 251 198 239 113  63  50 336  68 250  89 159 175 201 169 258
   292 104 324 184 189 299 265 182 372 247   0  29 247 402  74 322  10
   384 119 211  86 304 344 317 383 343 307 238  20 268 138  22 271 130
   171 226   8  25  23  68 306 224 287 281 226 137 282 146 117 294 293
   100  41 343 168 374 376 381 372 263 305 352 242 329]
  [  0   6 349 165 130 355 395 256 129 383 353  86 387  55 279 324 295
   290  51 347 130  36 254   7 318  81 387  41   0 396 178 395  31 225
   346 322 214 364 101 351  81 347  54 139 170 184 172  50 348 289 310
    44  51 102  35 399 190 207 107 351 406 221  87 205  86  25 108 279
   301 251 331 330 164 150 110 273  69 365 185  50 312]
  [  0 163 351 231  47 139  44  77  91 356  60  88 331 373 167 122 208
   281 343 182 133  68 405  41 172 290 105  95 368   0 136 339 256 158
   108 242 185  43 376 358  33 350 330 390 404 363 282 178 280 245  49
   388  50  94 240 318  65 220 295 399 395 239 287  62  36 293 393  43
   309 348 304 273 137  89 311 157 334 214 146  43 245]
  [  0  26 218 403 147 121  57 324  32  26 264 349 199 300 256 161  59
   158  65 331 143  33 314 339 276 150 201  29 308 357   0 103 237 348
   153 165 189 203 285 392   7 112 323 403  41  53 315 263 243 313 176
    51 233 340  72 171  28  76 168 207  73 385  14 187 266 331  93  70
   255 249 364  65  38 206 116 169 200 112 167 330 158]
  [  0 305 260 276 224 203  57  60 197 354 247 350  23 264 286 362 379
   214 195  98 177 346 276 105  79  63 189   0  22 103 398   0 402 156
   254 393 333  74 386 275 279  61   9 222 108 377 131 199  37 363 144
   338 201 140 353  34 163 240 326 238 190  16 129 211 362 261 214  26
    61 284 119  81   1 229 316 345 104  84 344 181 219]
  [  0 382  70  68 178  75 250 357 321 197  33 286 382 139  51 305 256
   403 175 396 185 350  50 125 157 185 184 284   6 142 264 184   0  15
   188 282 397   0 197 376 230 334 365 382 377 304 266 330  61 250 103
   171 267 380  52 272 159   6  55 207 370 337 301  73 199 322  15  33
   392 300 376 281  54 304 107 379 212 151  39 211 381]
  [  0 230  39 152  16  66 193  94 288 344  62 140 295 270 380 283 127
   221 271 128 186 138  30 386  79  52  65 146 139 324 114 358   9   0
   204   9   9 377  15  94  77  57 298   1  46 238 184 146  72 312 382
   342 200  43  39  40 224  99 289  43 287  44 255 114 197  89 301 147
   333 351 136 243  84 393 304 128  64 249 200 379  36]
  [  0 165 194 222 349 343 273 145 211 315 226 314 142 254 290  84 261
   333 208 324 289 279 241 155  12 245 302 330  26 342  81 323 282 286
     0 279 342 290 302 318  85 179 271 165 373 200  73 243 231 242  78
    56 267 328  33 214 357  44  21 194  39 181 249 296  30 154 286  70
   103 100 370 153  52  12 261   0  70 276  57 135 267]
  [  0 293 226  21 121   5  47 301  31 239 244  38 251 378  44 197  26
   315 304 165 101 395 162 193   7 324 329 196 181 134 242 240 346 401
    93   0 119  93 406 395 300 124 152 189 300 267 249 252 313 192 102
   181 355  48  85 255 328 168  76  50 132 259  19 318 106 223 241  86
   230 267  18  71 397 285 288 150  13 387  30 333 373]
  [  0  70  13 264 165 116   6   3 337 182 159 322 359  85 134  63 138
    84 142 163 312  31 151   0 247 136 265 298 383 144 125 265 116 226
   213 362   0  89 130  31 135  33 252  80 189 154  86 299 179 401  86
   387 179 272 146  79   9 184 322 306 291  63 296 403 100  15   2  75
    93 135 391  70  75 184 124 217 118 215  76  87  59]
  [  0 196 366  46 391 261 387 231 381 120 369 321 253 194  33 288 100
   124 346 281 239 266  77 298 261  14  87 198  89  79  83 370 171 182
   255  93 369   0 378 259 308  69 364 139  84 182 113 301 396  67  87
   263 403 275 406 319 219 298 373 379 181  80 208  51 291  87 165 150
   112 306 296 127 231 376 336 173 128 183 146 379 203]
  [  0 168  90 263 374  28 346  20 313 280 174 291 258 184 260  95 178
   365 210 178 160 314 105 146 286 228 250  71 215 220  23 384  38 191
    69 314 230 312   0  73 248 117 163 358 250   2 206 279  13  71  36
   125 231 124 203 173 283 380  26 325   4 340  95 233 107 206 396  86
   322  44 402  67 358 135 267 189 347 263 397 302 268]
  [  0  40 294 109 104  72 132 267 260 144  61 380 389 310 332 266 225
   387 401 121  18 249 266 355 133 387 118 259 139 183 129 204 264 120
    10  78 143 342 187   0 107   2  31 347  62 400 107 119 223 178  84
   213 306 242 246 363 276 381  38  81 344 359 297 135 305 370 124  82
    55 236 276  14  19 293 197 177 356  15 386 393 159]
  [  0 269  83 330   8 150 232 324 310 137 267 138 304 173 317 258  21
   134 306  39 231 112 117  56 336 337  82 160   9 295  48 200 105 211
   387 336 297 121  52 118   0 163   2 320 380 231 224  58 213 236  53
   270 341 239 287 341 250 125 209 133 127  53 344  87 372  26  50 216
   222 370 275 104 196 339 267 368 282 358 247  81  39]
  [  0 195 331 281 392 108 308  75 328 336 175 236  88 377 271 253 217
    49 381 347 206 169 266 359 397 174 298 144 360 201 227  59 137 352
   299 340 168  21  40 342  48   0  20  96 349   6 344  47 387 140 288
   295  25 148 125 211 106 365  88 140 305  88 146 369  71 352 208 379
   374 108  92 256 369 159 385 177  28 149 243  48 224]
  [  0 142 175   6  51 211  58  40 132 105  74 114  44 125 398  28 399
   236 192 263  56 142   7  57 125 171 294  75 112 394 287 307 335 368
    52 387 146  23  78 376 389 255   0   1 334 361  84 117   6  30 144
   340 283 123 239 310 288 251  25 147 344 155  61 238  99   9 232  48
   165 311 216 152 361  69  11  70 354 184 351  74 364]
  [  0  63 321 189 349 307  62 381  60 384 209 156 193 224  67  88 180
   228 318  95 270 106  34  70 362  81 335 232  96 362 351 195  16 364
   193 114  28 304 259 199 392 258 222   0  90 346 344 147   7 264 169
   393  47 193 302  29 292 404   2 260 353 187   2  17 140  94  47  74
   402  35 400 310 398 217 257 205 151 215  45 289 369]
  [  0 152 291 174  73 368 335  95  31 245  73  88 177 309 148 260 229
   110 183 269  67 353 110 369 165 353 292 343 175 250 181  72  68 375
     1 189 336 356 189 239 270 355 138 112   0  90  31 114  21 376  52
    71 395 250 389 368 125  40 185  76 206 313  26 288  10 158  25  86
   215 241 133 280  55   4 406 325 280 155 394 362 351]
  [  0 237 347 274 258 263 161 131  74  55 116 291 283 308  97 397 216
   288 134  59   5  95 223  15 235  23 271  17 232  94 294 328 349   9
    77 230  71 151 212 200  25 242 249  55 323   0 279  92  92 291 331
   219 327 387 199 156 187  96  27 306  18  54  76  10 364 121 281 145
   276 324 261 302 199 375 236  45 333 107 255 223 295]
  [  0 318 321 225 239 252 147 106 293 356  87 351 270  58  28 283 300
   129 289  16 109  59 391 368 350 344 301  39  44 370 309 309 199 322
   205 158  20 322 274  91  27  78  27 224 213 391   0 150 239 135  25
   385  11   6  84  25 353  26  41  74  21 186  83 154  37 361 366  11
    58 217  10 311  74 184 117 238 106 134 362 285 237]
  [  0  20  49 270  72   3 320  11 125 244 110  23  16  80 261 298 120
   381 270  65 174 361 326  15 350 259 239 360 227 113 267 148  61 103
   296 137 305 292  50 312 181 294 154 281 280  86 325   0  77 177 316
   276   3 261 255 294 179 329  52 206 310 294  27  67   4 336  42 194
    17 402 262  95 246  32  55 271  36 382  55 223 213]
  [  0  58 143 261 260 302 361 260 377 373 273 386 364 100 244 339 176
   205 287 109  38 131 304 135 392 265 388 168 405  64  88 378 397 116
   195 261 318 146   3 354 177 139 194 235 199 376 362 306   0  47 121
    79 372 186 371  96  46  79 349 251 374 103  69  45   9 170  97 165
   335  19  79 144 117 343 398   1  93 221 317 249 218]
  [  0 116 361 281 336 380 217 231 387 335 170 283  25  32 263 283 251
    52 158 132 117  28 227 360 370 332 319 152  22 363 354 307 195  37
   335 128 401 296  13 306 173 295 275  55 240  21 144 305  66   0  76
   400 376 368 369 328 340 346  14 249 107 107  36 300 354 271 300 246
   373 389 127 396 204 230 260 322 371 187 244   8 275]
  [  0 379 388 333 368 147  79 314 324 296 257 404 339   9  84  73 232
   192 345 110 404 402 357 329 169 356 401 116  12 191 394  44  87 113
   351  35 297 225   2  29  73 161  41 396 277 319 303 301 377 178   0
    23  53 148 281 108  99 329 111 184  69 394 343 236 136  40 177 229
    64 136 284 283 168 261 205 265 316 144  26 150 365]
  [  0  74  53 355 192 394  69 124 333  73  30 396 318 189 329 350 232
   367 198 256 303 187 180 220  94  33 267 384 100 388 270 256   6  55
   146 304  28 185   5 196   9 169 113 159  60 207 111  75 208 110  45
     0 195   4 155 161  20 256 309 394 210 305 137 336 108   4 111 193
   188 218   5 292 402 180 280 214  58  19 336 161 357]
  [  0  81 141 313 101 392 298 243 214 266  37  76  84 123 352  55 254
   194 278 376 212 406 405 334  51  48 254 143 112 360 372 190 186 235
    81 284  56 123 229 229  51 138 192 311 136 270  66 220   4  75 235
   250   0  22 115 380  24 112 177 205 198 307 383  70  62  31 155 129
   291 271 314 232 158 188 148 134 207  34 370 355 132]
  [  0 101 390 234 144  28 248 110 225 232  85 111 372  70 261 196 188
   367 272 383 250 203 318 103  35  50 103 283 354 139 380 102  76  20
   218 301 202 400  72 354 110 172 175 193 194  70 281 341  88 196 266
   400  92   0 200  85  63 389 312  17 393 272  18 373 207 388 229 346
   126 204 160 260 215 338 342  11  90 335 391 326  69]
  [  0  88 145  51  63  25   4 376 100  35 141 298 330 257 231  74 155
   121 352 283 317 180  88 206 290 283 158 303 194  97 339 111 365 403
   284 144 300 285 251 397 126 335 125 363  64 335 152 359 214 105  93
    66 312 313   0 334 256 406 239 321 336 292 366 213  46 401  68 202
   298 246 273 103 297 146 290 161 373 178 213 405 181]
  [  0   0  89 199  38  34 371 297 344  37 262  24 116 369  56 256 314
   322  98  32 263 304   7  13 261  23 282  75 142  16 108 140 210 242
   343 233 112 115 355 133 155 236  10 353  61 339  29 285 296 182 278
   324 316 266 201   0 110 190 119 330 330 108  96 198 271 384 375 235
   318  75 307  95 293 250  28  10 288  70 105 185 172]
  [  0 262  59 390 197 368 362  10   2 186 242  53 369  67 255 181 344
    26 310 288 311 396 320 164   6  17 305 210 159 147 305 200 181   9
    44  54  55 369 335 198 354 268  80 394 380 375 209 289  19  92  80
   122 347 360 119 132   0 279  33  25  31 320 125 148 193 306 241 387
   222 231 363 379 234 165 336 212 266 261 358  89 113]
  [  0  54  90 288 347 385 345 399 369 248  71 247  58  48 202 293  46
   348 117 324 166 334 391 154 221  57 341 265 338 367 204 352 243 241
   400 228 209  50 236  94 160 213 238 353 240 403  97 269  56 199  28
    94 111 380 172 226 169   0 235 191  30 317 330  68 346  43 106 274
   299 314 167 338 227 372  11 370 304 369 184 334  65]
  [  0  91 275 389 385 204 280 155  23 233 333 375 292 386 225 380  57
    97  18  45 116 262 254 280 356 385 250  49 387 343  38 129  26 170
     2  16  59  12   5 128 376 201 403 396 237 123 295 215 111 209 187
   262 181  20 315 391 218 126   0 349 217 273 311 156 200 238 151 332
   159 150  87 205 254 248 168 285  29  33  11 107  10]
  [  0  92 173  54 229 318 215 264  33 356 306 312 292  16 101 275  73
   390 225 320 104 229  97  88  83   3 228  40 175 248  54 208 247 313
   194 155 343 187 154 210   0 229 318 244 174 400 342 339 303 335 192
   259 202 295  79 304 147 363  28   0 367  23   1 283 157 353 245   3
   329 306 264  20  69  51 339 403 127 287  65  10 314]
  [  0  84 332 200  38 159  34 305 250  11 207 334 212 130 168 400  30
    46 110  73 166 328  76 129  49 356 388 404 362  43 244   8 218  95
   188 177 113 275 221  24   2 283 147  68 297 331 300 328 308 332 175
   172 170 186 346  94 187 279 257 319   0 229  57 243 373  61 377 248
    18  14  10 368 260 299 182 313 241 199  47 251 184]
  [  0 305 384 387 151  93  15 344 352 171 304  95 205 154  78 271 254
   146 366 306 233 266 228  14  57 244 376 105  30  69 308 377 310 346
   202  10 169 277  81 365  93 379 209 196   7 392 251   4 125 263  65
    60 108 329 328 233 295  73 396 378 364   0  75 198 294 317 209 378
   242  86 371 148 370  95 405 184 281 100  41  31 393]
  [  0 104 104 118 393   0  77 311 194  94 100   5 106 383 169 110  99
   288 201 227 377  42 344 387 163 208 180 143 109  33 255 268 224 375
   325 302  67  15  47   9 288  72 212 261 287 281 282 357 305 265 376
   300  52 398 180 343  29 169 197 257 129 227   0  94 131 156 387 252
    10 305 153  74 368 122 326 164 151 310 192 152 200]
  [  0 152  35 148  66  35 364 153  85 242 195 401 196 280 391 200  67
   325  41  38 249 295 304 203 179  67  25  46 351 304  80  57 142 273
   198 135 144 280 296  72  99  29 383 121 262 341  86 307 263 164  65
    31  53 165 257  40  65 266  46  95  32 334 249   0  46 122 294 198
   303 250 371 186 156  12  14 345 283  29 165 146 387]
  [  0 195 129  50 252 171 225 232 323 397  20 366 249  18 352 163 178
    43 310 285  57 225 167 227 197  46 372 319 336 241 307 324 347  82
   385  82 210 391 280 121  23 103 230 270 284 113  73 213 176 381  86
   279 122 188 394 182 169 224 221 330 152 279 391 269   0 366 397 314
    31 371 371 287 405 317 163 252  26 240 270 295  20]
  [  0 180 210 111 283 107  21 279 375 300 156 324 214 148 324 356 121
   311 126 269 115  29 174 154  26  41 283 303  69 380 384 393 238 191
    40  17 260  43 271 388 369 126 330 179 247 216 192 317  24 266   0
   405 257 287 141 283 388  32 223 204 325 249 150 136 368   0  56  25
   393 160 194  82 181 379 349  24  81  26 154 351 259]
  [  0 305 100 237 248 180 107 296 158 388 127  51 318  78 318 113 103
   334 205  45 274 141 191 263  92 212   6 116  90  76 114 364 348 353
   397 216 366 281 163 123 405 402   1 386  41 368 343 215  83 196 370
   188 277 193 320 338 113 301 244  37  76 144 112   9  85 239   0 114
    80  13 304 222 363 360 306 180 322 231  26 109 311]
  [  0 135 307  71 180  67 214 394 327 214 361 340 246 334  31 165 327
   335 165 171 229 349  14  25 180 241 385 352 179 278 133 375 289   2
   158 205 184 279 320 101 159 260 217 117 300 269 187 347 130 155  66
   180  44 243 167 125 377 158 312 240  23 250 256  87  72 317  13   0
   325 106 305 381  19 315 177 359 205 184  34 139  90]
  [  0  94 135  77 326 199 168 216 309 370 153 205 191  46  84 290 268
   215 340  57 181 350 322 376  16  82 339 245 164 326 284 390  10 156
   363  22 301  64 201 231 335 129 153 256 165  22 393 305 297 311 398
   117 181  71 365 135 185 350 281  27 394 171  14  50 320  96 380  23
     0 405 226  77  71 354 246 209 339 112  69 243 288]
  [  0  33  30   3 371 174 354 245 397 307 171  13 131 363  17 121 268
   153 178 349 241 244 269 215 396 133 167  24  64 191 333 176 345 349
   108  27  57 220 245 165 225 148 388 239 403 246 228  95 275 351 176
   363 259 233 171  51 308 184 187 184 290 234 389 199 153 386 374 105
   346   0  39  79  35 284 217 135 350 314 213 303 112]
  [  0 335 342 303 157 222 142 220 266 362  46  31 323 339 351 227 295
   284 102 364  17 371  40 227 401 205 100 368   9   5  34 238 308 377
   180 154 100 187 251  15 316 332 223 206 298 351 158 341 149 366 124
   361 304  29 169 302 116 272 224  99 162 112 213  24  75 355 236 245
   228 143   0 267  11 389 275 155 106 285 270 151  21]
  [  0 158 270 170 333  89 331 116 298 331 124 237  66 161  62 294 336
   295 387 139  31 164 165 367   5 264  46 355 357 238 134 394 155 189
   404 231   3 146 196  85  79 141 205 323 338 136 270 280  19 308 310
    62 299 167  62 270  27 150 216 268 171 360 330  86 148 323  55 143
   384 369 355   0 396 306 118 386 327  68  95 330 193]
  [  0 170 121  67 233 273  39 180 225 321  26  40  95 397  99 198  46
   277  88  78 291 139   8  58  13 388 385 168  42  80  32  91 185  29
    79 295  43 215 143  85 185 378  60 306 120 113  71 215 236  44 386
   166 283  79 325 259 106 201 354 367  26 254 122 365 361 231 312 270
   274 170 389 201   0 288  75 108 116 295  96 269  39]
  [  0 306 371  29 372  10 118 293 364 219 236 350 380 316 352 221 378
   181 115 313 396 146 263 279 190  47 250 397 271  77  90  81  32   1
   139 348  81 382 215 278 126 234   8 307 199 130 280 353  79 227 139
   217 230 318 262 280 228  72  56 387 249 167 210 387 225 377  68  86
   311 135  98 240 260   0 290 230 339 149  33 133  56]
  [  0 308 180  43  64 290  62  49 252 211 317 318 147 111 179   9  83
   319 122 193 261 146 358  52  14 190 112 396 206 331 160  71 400  92
   310  26  72  86 335 397  96  23 269 286 142 213 289 252 172  21   3
    26 359 369 131  80  12 161 129 391 186 324  21  27 118  92  14 328
   210  64 105  59 310 177   0 196 245 111 103 351 106]
  [  0 220 314 387 282  80 188 303 184 115 397 274   7 389 354  37  18
    60  17 332 177 273 189 200 286 399 305 257   4 138  10 282  29  88
    12 236 280 351 217  57 175 364 389   1 353 110  43  14 216 265 305
   141 166 246 369  78   8  99 140  98   1 384 191 321 314 310 354 149
   230  32 127 384 292 345 393   0 384  40  38 278 147]
  [  0 301   2 176  84 401 222 359  62 310 178 324 138 253 188 400 124
   285 396 378 230 159  30 309 236  39 367  79 308  99 404   9  36 127
   329 176 263 152 389  53  36 338  33 190  64 393 100 153 193  83  63
   369 365 361 102  39 127 121 109 270  85 393 188 164 307 190 314 117
   107 161 212 327 164 332 334 385   0  74 221 349 405]
  [  0 256  16  90 378 255 388 278  68 109 327 160  49  51 227 258 362
   402 328 293 116 307 149 303 192 101 289 212 261 269  52 390  69 188
   333 347 264 159 156  34 290  84 237 345 113 259 229 252  11 362 318
   162 303 362  90 274 376 331 305 227 297 230  24 298 138 394 120  81
   235 225 202 308  16 109 267  38 375   0  71 302 237]
  [  0 404 323 106 395 406 330  67 142 351 235 317 385 405 199  18 195
   121 233  43 184 273 342 367 358  71 292 349 378  75 391 302 262 323
   318  71  57 403  15 327 345 128  70 165 361 115 279 338 404 158 383
   247  72 132 167  63  70 345 223 173 104 251 233 297  17 208 152 348
   208 265 134 406 314 397  51 223  88 104   0 165 139]
  [  0 335 385 323  49 253 142   2  25 399  54 218 161 391 349 164  50
    46 361 379  21  95 179 217  33  80 361 110  95  47 393  76 381 369
   228  69 340 326 200   3  33 290 373   0 234 268 404   0  67 270  15
   211 240 159   0 343 179 197 370 115 279 192 102 189 273 360 130 132
    86  45 398 116  59 345 173 231  65 277 400   0 197]
  [  0 148 333 278 284  50 307 249  37 125   6  62 131 360 310 127 317
   260 223 155 261 102 305 277 308 159 292  21 177  69  18 164 328 280
   282 268 155 319 149  41 200  36 366 374  64 276 127 392 343  86 195
   204  61  83 171  98 147 248 239 342  88  67  66  55 228 398 138 362
     3 336 290 314 135 201 316  59 232 308 148 185   0]]

 [[  0 322 188  24 330 172 337 276 128 131 219 308 284 115 316  53 106
   405  66 386 371  77 258 175 220  14 222 142 223 154 204  12 245 338
   366  20 397 195  60 222 337 170 212  25 146 318 304 284 304 368 315
     6 262  29 190 227 232 337 365 180 103 334 295  33 375 100 228 263
   267 194 126 243 172  27 160 345  30 343 114 255 141]
  [  0   0 145 243 193 324 370 109 395 350 251 169 226 299 280 302 170
    29  48  29 144  82 252 398 244 299 370 206 307 317 276  88 327 323
   138 262 166  37 208 114 170   6   1 247 316  10 225  32 237 228 314
    35  70 198 138  46 124 208   8 214  81 329  25  37  65  14  27 123
    28 160  26 126 253 128 269 133  59   7 206 130 400]
  [  0  32   0  68 226 345 365 335  40 322 126  39 264 179 362  28 266
   340  11 394 267 353 110 240 351 404 348 343 406 124  97 359  94 296
   239 254  41   7 206 107 205  24 323  39  47 227  41  48 209 198 213
    79 176  11  18  22 291 113 343 301 126 165 211  81 395  44  76  19
    31 187 159  17 115 209  41 217  90 237 140  35 316]
  [  0  23 309   0 293 148  42 190  46  89 335 324  27 116 225  96  11
   166 350  27 162  60 165  42 311  48 211 165 266 406 166 175  58  53
    84 258 145 254 230  53 397 376 360 114 192 112  52 256 368  64 402
    95  76 294 321 322  64 288 212 366 347  18 371 208 131  74 388 170
   268  89 100 138  72 211 190 376 249 289  61 167 232]
  [  0 384 312  15   0 246  62 189 391  14 247 359 219 291 326 352 378
   174 237 395 379  52 326 101  38 282 272 241 298 192 152 335 295 163
   345 382  43 124 103 144 377  86 141  56 201 107 352 312 160 139   2
   396 181 389 358 380  61 113 213 292  54 150  10 344 399  72 163 362
   191  79 340  44 321 320 330  28  20 290 168 280  13]
  [  0 337 188 342 351   0 163 192 112   0 320  51  42 326 252  51 219
   263 277  18 273 404 288 162 105 296 113 375  62 137  56 370 139 162
   290  14 353 194   6 115 248 141 257 283 322  89 393  65 142 338  99
   161 252 235  68 345  78 125 236  26  96  15 116 257 292 140 294  68
   182 128  28   4 400 236 392 352 235 115 263 271 287]
  [  0  63 154  72  60 229   0   2 288  63 312 127 394 222 331 322 140
   176 212 131 309  15 363 357  64 186 348 366 275 190  52 393 388 177
   272 388  60 394 284  69   9 328  74 291 330 305 358 111 166 188  83
   241  79 214 343 399  62  62 115 240 387 321 313 249  29 199 142 347
    35 392 326 267 222 317 286 284 270  26 272 145  68]
  [  0  26 325 131 348 203 331   0 261 296 193 400  56 293  89 386 259
    36 188 348 166 299 253 227 392 305 224  36 209 159 302  77  77 336
    92 283 403 360 246 244 120 363 202 208 314 230 234 396 224 372 337
    78  54  30  94 240 298 368 159  48 390 138  50 340 236 128  16 378
   283 240 350   1 225 400 224 165  33 153 151   2 302]
  [  0 165  37 102 195 146 227 189   0 263  32 363 348 286  99 311 188
   322  15  64 371 222 133 373 385 388  11  42  59  69 388  22 178 332
   146 152 193 330  49 242  27 233  75 325   6   6 322 124  42 315 320
   325 399 332 272  48 381 215 195 344 355 290  87 341 112 196 159 278
   284  30 392 325 189  11 121 104 214 186 381 292  31]
  [  0 395 323 343  15 156 296 140 404   0  77 127   7  45 202 355 196
   191 172 196  54  89 376 143  16 371  15 265 227 254 194  23 385 134
    53 100  48 252  38  23   0 280  86 142 243 125 350  69  81  71 219
   304 225 243 269 331  45 282   3  64 331 327  15 279 388  37 292  83
    87 307  67 120 271 131 376 228 116 311 216 131 241]
  [  0 308 278  50 172  91  90 280 276  34   0  91 304 351 179 311 178
    13  26 224 390 322 250 226 270  96 254 102  13 188  94  13  39 128
   109  29 342 392 253  92 259 106 292 262 167 231 143 252 257 268 344
   163 381  97  80 202 394 291 383  25 352 218  19 320 187 262  77 119
   206 143 334  48 197  41 278 150 330 288 376  80 116]
  [  0  20 337   4  59 179 294 183 344 152 228   0 397 122 131 175  26
    95 130  52  60 239 360 176 300 300 209 142  68  19  29 313 201   5
    60 284 241 198 110 354  93  25 367 121 356 392 165 320 105 161 311
   102 378  11 273 324  55 250  31 360  40 350  16  83 198  34  30 302
   227 212 141 340 253  67  74 222 320 182 113 270 117]
  [  0  68 124 249 213 177 210 196 270 322 335  35   0 301 320 121 370
   285 208 114  10 350 170  90 280 227 142 261 373  61  67 179 342 144
   316  25 201  11  85 205 314 381 102  99 347 163 398 241 230 266  35
   104  99 267  13 113  11 187 209 317 166 297  77 205  47 264  94   8
   268 251 260  76 294 278  86  82 102  49 296   8 325]
  [  0 156 132 138 364   2  35 149 150  25 201 193 226   0   1  79 279
   244 209  27 303  30  76 213 194 312 286 379  37 263 391 166  38  11
   294 145 213  41 168 108  42 113 184  79 116 286 197 242 162 336 383
    30 276 395 380 402 208 366 292  81  95  36  46 108 142  93 272 163
    54  83  60 269 285  46 269  87 373 406 274  43 225]
  [  0 119 140 197  76 301 161 252 346 142 196 104 388 109   0 343 140
   302 397 380 102  21 393 151  81 406 342  47 173 141 137  82 160 332
    26 118 367 219 336 323 343 388 364 327 366 178 282  93 207 369 223
   316 200 356 396 271  10 302  38 221  55 205 311 180 399 313 259 118
   242 380 293  90 237 360 138  30 114 398 303 144  38]
  [  0 332 304 162 371 347 118 388  73 340 385  82  31 275  73   0  47
   270 400  56  26 319 136 215  98 185   5   5 307 171  26  45 319 304
   195 163  94 349 153  97 101 312 124 181 213  66 116 144 192 220 314
   262 398 135  13 319 248 298 229  35 394 100  98 152  34 374   9  12
   223 148  12 162  22 140 231 145 390 375 162 136 253]
  [  0 338 340  28  24 129 293 237 279 290 212 105 329  57 218  63   0
   403   7 309 324 166 381 114 222  21 270 399 165 152  27 114 262 378
     2 388 367 166 135 175 229 194 351 394 161 389 344 288   3  17 360
     5 376 327  98 201 349 213  50 329 244 188 191 119 374 381 375 181
   148 207  78  34 189 374  80 175 317 222  31 127  15]
  [  0  63 244 315 374 376 347 202 369  81 379 269  30 225 180 158 255
     0 286 317 346  37 176  62 366 259  72  43 248 210   8 316 394 266
   123 143 132 356  68  17  58 151  31  70   9 180 292 188 381 351  63
   357  79  43 298 137 382 214 137 248 192  85 189 312 155 140 299 344
   185 227 364 391 177  84   7  44 148   4 382   0 143]
  [  0 306  26 337  45 127  93  31 403 149  27  19 398 142  53 309 171
   109   0 209 235 292 372 231 241 111 166  88 250 282  79 362 190 237
   244 372 312 374 356 357 355 304 254  52 255 313 355 363  80 365 341
   179 186 257 371  80  93 352 347 134 120 291 146  12  70 277 293 180
   349 210 180  52 359  99 394 263 144 385 312 172 216]
  [  0 360 119  47 300  68 349 354 382 278 281 116 266  73  89 216  71
   265   3   0  40  23  27 283 153 208 290 387 179 201 192 302 262 245
   174 285  34 229 341  59 273 370 117  99  25  55 368 184   1 387 253
   299 190 307 265 230 337 142 306 241 104 248 231  29 170 261 251 359
   193 370 279 157  67 210 386 158 137 126 344  21 140]
  [  0 108 303 153 128 219 258  65 145 269 219 218 191  55 188 112 121
   100  91 202   0  53  23 366 395  92 220 115 111 218  33 219 181 193
   173 248  88 268 283 289 249  73 288 200  89  82 160  30 136 299 184
   276 308 397 132 229 224 403 125 238  69 224  53  76  96 260  49 245
   345 253 370 116 205  20  27 354 253  76  78 143 352]
  [  0 257  39   0  44 397 104 349 148 257 270 270 340 398  14 138 398
   150 130 242 140   0 197 357 218  25 349 267 339 364  60 392 377 348
    42 233 357 153  25 232  62  10  57 392 116 115  43 313  59 363  78
   163 341 323   2 285  30 321 161 315 155 330   7 152 188 231 115 358
   266 384 187  20 327 290 175  73  55  69  56  95 152]
  [  0 390 363 286 173 255  18 389 354 320 232  13 358 169  63 351  43
   127  87 132 375 337   0 262 347 261 154 403 340 268 245 359  43  14
    20 289 292 261 395 300 311 121 355 121  71 311 126   1  35 322 167
   367  74 123 144 136 343 135 245 347 171 312 324 287 380 381 314 273
   356 389 402  38 156 406 367 193 139 236 362  38 365]
  [  0   6 192 267 400 321 381 330 291 173 332 179 254 246 158 314  99
   261 183 182 296 371 100   0 184 265 354 315 202 358 312  26 101 177
   388 138 117 226 353  99 336 295 221 216 270  17 283   3 179  14 387
   235 229 396 213 232 137 280 362  13 178 128 231  53 216 223 286 257
   367 379  37 105 369 311 321  66 323 156 169 370  87]
  [  0 116 396 269 209 230 131 206 275 163 139 353  69  15 256 387  11
   397 128 362 387 329 327 129   0 185 241 351 181  55   6  32 296 383
   215 236 311 341 343 225  37 287 144 325 226  93 215 248 299  24 216
   124 119  68  98 317 158 303 374  70  52 274 405 299  78   7  95 359
    63 360  74 307  10 393 294  64 245  72 138 402 292]
  [  0 234 260  71 183 317 257 404 155 288 158 156 118  44 105 157 396
   259 320   3 329 267  14  40 339   0  25 335   9 104 129 172 273 206
    28 195 337  50 320 369 277 254 105 390 366  15  53 129 122 358  91
   405 137 105 169  60 134 285  75 120 148   6  61 395 291 340  93 250
   225  84  16 312 273 244 242 377  76  12 131 385 254]
  [  0 340  72  43 194 324 103 236  89 384 400 151 351 318 114 133 230
   347 247 378 178 393  78 308 206 247   0 130 264 333 309  29 175 387
   324 325 264 194 252 278  95  95 239   2 357 259  64 349 295 277 373
    71  12  99 287 140 231 115 332 381  98 392 270  77 278 213 134  73
   217 241 213 230  87 143 327 189 243 265 228 176 338]
  [  0  51  65 396 252 231 349   9 157 180 184 155  15 179 266 396  48
   382 148 185   7 327 199 171 277 295 371   0 347 116 296  90 265 250
   203 299 213 375  28 133 153 156 111  94 286 176 163 368 144 229  28
   336 137 372  17 128 335 237 329  25 226  66 350 291  74 270 123 392
    52 166 151 286  10 205 396  83 331 353 193 356  60]
  [  0 122 261 302 168 234 144 219 102 169 178 242 130 167  74  34 104
   283 255 178 400 135  97 286 150  53  37  18   0 406 290 331 189 251
   145 119  72 347 131 212 323 168 137 258 355 315 118 292 356  87 196
   374 376 154  99  69 383 131 388 168 170 225 295  53 112  85 176  47
   254  47 146 393 279  49  59 234 316 157 125 165  86]
  [  0 268 271 277 291 293 112 246 242   3 331  76 269 303  80 217  14
    81  32 220 188   4 403 405 288 157 142 258  69   0  76  90 241 257
    44  45 304 320 358  24 277 264 350 253 374  39  28  95  90  40  43
    18 226 406 219 283 238 154 127  35  74 315 158 227 277 369 385 369
   388  70 210 363 174   1  58  51 400  55 200 376 152]
  [  0 125   3 376 323 232  91 248   9  44  47 115 317 203 177 118 223
   160 256 171 193 321 348 117 127   4 351 141 232 214   0 143 191 394
    43 343  40 287 376 167 233 133 148 311 219 362 218 156 182 141 121
   256 192  96  58  26 238 181 238  89 318 125 141 355 101 150 403  67
   273 290 173 113  50 226 274 179 336 128 218 235  58]
  [  0 138 279 389 341 337  97 216 274 131  78 117  94  40 304 105 186
    43 406 401 133 276 121 230  13  55 342 302 289 319 350   0  21 326
   113  79  61 134 187 337 374  37  47  50  11 400  18 288  59 170  85
    20 340 319 300  55  54  36 247 295   9 115 272  61 255  23 402  37
   280 390 231 151  89  45 258  61  24 392 359 239 196]
  [  0 144 182 110  85 156 290 348  33 104 370 107  35 311  36 393 302
   254 341 100 188 139 362  28  51 262   1 123 303  75  20 230   0 184
    28  83 320 360 272 183  15 173 108  77 220 122 232 134 337  28 165
   329 143 360  84  37  63  94 294 231 109 125  30 164 144  43 163 353
   334  25  80 180 314 297 218 196 251 136 398 159 375]
  [  0 280 337 319  50 200 201 313 294  60 217 345  60 401 154 299 398
    19 292  42 202 319 364 344 112 117  27 141  23 384 285 179  23   0
    65 179 310 360 165  42 153 392 395 253 206 220 197  92 217   5 113
    94  25  92 366 129 361 352  72 255 365 371 243 262 157  85  82   7
   157 176 230  12 207 309  75  22 242 345 406 272  73]
  [  0  11 285  75 192 124 161 125 372 290 135 353 158 288 262  42  94
   110  77 315 111 110 406 139 309 337 362 233 240 329  68 295 267 276
     0  31 250 250 249  41 278 232 197  74 111 287 129 191 180 151 234
   282 352 236 196 197 103 201  80  64 275 193 356 260 248 130 165 127
    89 178  56 142  95 395 381 208  88 155  14 173 201]
  [  0 266  56 126 404  84  39 168  63 184 397 116 364 381  69 123 131
   349  94 175 250 400   1 330 171 221  55 208 176 311 241 292 281 338
    22   0 353 246 115 195  65 317 143 230 116 385 210 119 251 305  62
   193 197 327  53 168 166 184 248 162 258 228 105 311 206  30 315  90
   363  87  96 305 399  55 276 345  12   3 335 137  10]
  [  0 275 118 201  61 281 174  91 195 207  74 224 383 233 311  75 316
    43  85  10 185  25  33 172 309  43 159  80  46 178 163 289 402 212
   340 153   0  23  92 324 367  58 196 380 231 117 311  17 308 361 385
   401  55   1  15 114  18  77 370 334 306 196 114   7 373  69  25  27
   199 401 329 370 243  54 163 268 104 146 257 203  62]
  [  0 364 109 230 128 342 247 206 195 145 379  53 148 122  95 121 155
   323 252   7  79 403  78 272 154  81 358 126 211  55 363 112 382 182
    56 312 243   0 288 257  82 259  99 369 350 296 153 312  73  79 310
   148 353 210 213 232 380  71 389 383 289 153 316 281 319 228 254  27
    64  65  76 396 399  91 375  25 275 337 132  68 129]
  [  0 368 335   4 133  56  64 317  83 382  54   4 274 152  97 336 347
    30 274 178 346 177 180 376 364 153 283 111 221 270 396   1  19  53
    74  70 319 239   0  71 275 260 153 132 102  91 288  66 371 370 247
   174 307 332 352   0 346 256 354 295 314  21 347 146 195  77 162 248
   156  70  56 206 301 214 140 311  20 359 229 139 352]
  [  0 277 354 239  77 231 343  72 302 204 273  22  88  17   5 155 218
   214 228 268 198  87 305 215 237  15 384 128   9 302 186 106 335 344
   204 289 243 252 334   0 263 210 401  74 161  34 299 263 161 383  74
   194  71 110 239 127  81 181 373 127 315  13   3 195   1 274 341 209
     1 103 241 376 143  35 126  51 185 255 156 356  37]
  [  0 218 118 162   5 216  89  80 118 119 241   3 235 343  63 184  47
    59 154 383  86 207 293  63 317  12 229 153 162 225 396 251 234 283
   176 181 190 369 181 398   0 145  91 202  36 167 280  20 333 231  68
    75 318 350 368 275  15 150 285 232  17  77 294 192  68 213 158 355
    77  65 113 363 277  99 118  81 300 141 135  28 224]
  [  0 288 257 406 224 328 153 147 201 374  36  17 291 277 151 249 207
   199 162 263 361 214  25  63 204 325 110 110 378 299 358 182 199 175
   375 104 378 325  93 143  69   0 302 379 120 186 406 119 114 128 167
   406 251 231 117 237  57 180 354 314 218 209 136 263  56 194 397 171
   346 288   6  83 198 205 335 269 119 256 125 287  31]
  [  0 350   5  52 253  44 153 369 159 350 121 353   5 128 262  69 246
   117 348 122 135 267 224 394 345 283 165 287 365 192 361 369 265   5
   249 328 284 118  69  63  88 401   0  93  60 241 338 189  31 203  56
   176 233 121 150 130 202  31 396  84 137  81 360  94 265 330  40 116
   198 130 130 352 218 200  17 184 406 126 331 288 136]
  [  0  69 263  75   5 367 140  16 314  36  40  75 138 151 380   9 226
    76 141 373  19  94 390 165 392  82 197 201  21  33 370  30 171  56
   258 113   6 295 192 210  60 187 158   0 316   5 310 197  85 246  43
    21 337  51 127 340  12  71 214  75 344 141 357   8 306 120 367 317
   116 114 283 293  66  73  91  50 271  97 190 178 186]
  [  0 169  26 246 150 294 231  31 370 194 154   5 332  54  33 249 380
    10 359  80  97 150 185 214 327 377 202 244 120  96 332 357 293 188
    88 241 188  39 232 372 264 117 293 145   0  85 227 203 245 385 287
   378 185  93  91  44 164 277 314 303 337 374   9 358 109 405 180 310
   380 369 174 399 260 233 149 251 149  15  77 170 296]
  [  0 389 253 399  68  69 326 156 320  94 178 292 121 116  81 343 211
   270  43 336  47 245 191 344 154 136 317 360  43  70 243  19 173 367
   123 280 279 149 155 129 285 105 209 384 268   0 188 181 119 208 117
   283 181 321 355 283 210 119 139 226 235  23  49  81 315 401 369 120
   386   7 122 221 102 192 360 139 272 311 101  54 243]
  [  0 106 396 346 102  25  17  73 118 364 381   3 146 178 367 153  53
   196  36 306   2 193  60 366  85  69 393 110 385 264  13  47 379 263
   377 324  65  67 174  99 314 101 249  78 187  86   0 220 328  10 355
   274 247 142 335 388 310  54  60  23 240  69 285   7 184 321 372 139
   169   1 315  97 162 350  55 333 380 388  28 189 136]
  [  0  31 169 403 267 375 137  84 164   4  36 202  61 276 323 171 138
   238  19 365 376 144 361 229 199 319 145  95 194 260 190 208  89 102
   186 329 208 369  80 311 118  75 265 240  44  13 194   0 262 380 100
    54 154 245  91 227 109  42 143 371 310 356  91  84 170 306 393 281
    53  93  91 306  24 362 102  45 286 289 367 243  35]
  [  0 375 198 157 286 399 107 165 137 261 122   0 279 178 223 316 197
   105 235 268  55 287 134 162  69 276 207 398 122 395 124   7  84 219
   157 164 309  33 110 290  27 101 366 390 233 127 245 280   0 261 322
   151 303 124 238 166 122 363 258 198 228 214  91 313 277 108 277 216
    88 214  88 171 383 194 394 116 181  34 201 328  62]
  [  0  79 366  22 197  23 108 255 381  78 160  90 324 283 327 172 371
   280 168 224 341 383 195  16 217 175 165 200 114 192 115 101 376  36
   329 332 277 228  18 132  23 157 398 310 207 174 228  41 385   0 212
   396  94 102  40  34 230 158  96 200 209  64 380 225 127 336  91  33
   280 129 131 387 168 364 304 189 401 327 295 179 313]
  [  0 180 232  12 357 271 321  72 122 246  64 174  95  24 366 315 368
   170  33 195 299 142 382 362 368 381 172 137 170  48  18 252 272 122
    92  53 282 384 374 125 284 318 119 383 162 280  29   4 333 281   0
   284 382 242 111  75 182 199 185  97 246 198 249  29   4 225 113 293
   392 239 114 276 122  76   2 250   8 211 302  98 201]
  [  0 252  76  77  79  52 135 138 196 340 328 246 380 393 386 104  40
   343 100 248 261 403 255 385 102 213 176 241 189 236 109 341 314 131
   222 334 101 386 251 130 314 316 302 278 181 259  29 296 382 173 347
     0 131 318  75  30 214 108 193  89 122 322  96 213 133  29 196  68
    52 237 389 389 110 116 405 268 192 400 283 159 326]
  [  0 135 160 135 269 372 325  14  60  49 110 126  43 360 134 250 354
   256 211 131  67 111 401 129 236  82 124 281 104 384 220 195  99  56
   340 212 400 229 334   3 300 224 405 227 205  54 101 121 306  84 262
    96   0 310 382 290 257  44 123 121  58 331 165 356  10  81 322 147
   213 385 318  37  17 313 389 111  74 169  61 262  94]
  [  0 303 259 303 406 209 332 358 335  78 121 249  66  69  26 348 303
   230 370 148 218 339 254   9 396 329  77 124 306  11 136  39 219 389
   184 324 338 248  96 106 248 349 368  35  96 269 267 338 135 349  48
   240  44   0   8 393   7 187 206 259 154  67 264 163  62 168 112 109
   224 254 236 391 210 204 119  19 122 284 370 115 295]
  [  0  83 151 119 161  21 234  87 285 320 131 159 389 350  18 360 174
    15 258 158 168 326 342 253 228  34 192 157 359 276 217  18  73 261
   287 209 375 228 230 248 396  23 235  15 386 356  62 111 130 205 209
   168 385 253   0  40  56 301 135 396 321 117 260 301 192 325 366  10
    39  65 207 139  55 224  85 376 288 224 322 359 190]
  [  0  79 267 126 108 262  34 125 313 202   4  64 406  92 187 376 165
   400 334 180 290  38 277  98 369  62 218  34 394 261  51 297 206  48
   155 113 367  71 211 106  76 214 193 338 128 340 244 132 263  69 216
   170 281 350 308   0 116 228 129 171 226 367 147 352 364 349 138 406
   314 151 347  26  57 243 366  56 292  24 148 167 199]
  [  0 228  67 291 380  60  91 238 368 228 106 289 210 196 368 335 399
   192  95 179  17 216  34 266 101 278 176  38 190 212 275 249  25 197
   364 351 284 184 245 303  15   1 248  74  42 210 253   5 292 245 237
   218 294 385  29  72   0 372  18  80 215  74 185  80 138 334 186 137
    77 271  74 250 332  45 241  26 290 130 387 260  71]
  [  0 217 247 177 359 105 349 112 210 180 274 256 333 325 302 121 151
   277 223 274 186 185  97 204 232 195 356  90 334  61 321 394 144 239
   241 296 196 286  76 106  11 138 382 382 261 178 295 147 214  19 149
    33 378 321 276 150 283   0 124 315 192 360 111  23 175 377 284 226
    19 188 183 390  55 356 330 261 232  60 345 235 279]
  [  0 367 352  73 139 229 275 339 306 123 290 243  29 376  87 363 366
    48 280 339 333  53 116 257 273 205 376  88  43 109 117 305 351 332
   146 300 138 169 402 352 343  10 316  71 397 333 225 369 106 215 218
   122 133 233 348 252 273 155   0 234 339 242 136 173  51 163  94 342
   205 161 290 219 260 234  21  61 237 352 380 316 174]
  [  0 220 405 359 226 200 301  37 368 235 110   3 255  94  69 349  66
   399 173 280 152 229  72 247 107 350  39 238 176 162 321  22 363 173
   289 377 388 183 167 273 338  56 191  29 280 147 334 158 275 197  33
   404  97 212 229 135 100 370 379   0  34  30 381 196 188 272 372 342
    81 132 346 120  47 315 404 389 330 318 235 207 261]
  [  0 357 389 319 128 234 365 379 254  42 375 112 326 116 350 367  82
   297 312 164 164 285 220  73 244 189  38 187 358 116  55 373 398  97
   170 247 190 315  68 238 185 106  16 119 149 161 367 395 367  38 262
   232 388  25 387 271  62 213 117  67   0 374 321 358 209 236 246 108
    69 323 367 380 196 220 119  89 164 137 399 326  95]
  [  0 162 167 328 320  38 303  74 285  29 324 113 211 183 360 381 237
   155 137   4 261  83 116 392  29 374   0  52 379 141 306 320 258  25
   344  20 105  18 339 114  48 331  97 366 367 281  13 339 341 115   2
    81 263 141 122  49 110 229   7 209 325   0 294 367 237  87 381 277
   322 361 188 369  19  63  71 109 377 264  75 326 183]
  [  0  73 191 102 117 289 301   4 245  21 216  16  39 171   0 333 357
   382  25 324  67  14   6 108 366 286 125  67 255 271  53 191  47 282
   153 115 148 322   4  86 287 133 324 341 152 166 159 105  27  10 161
   366 316  92  91 100  73  54 233 233 336 323   0 104  34 354 279  32
   150 124 163  12 366  23 238 199 175   0 113 364 358]
  [  0 223 219 204  76 293  26 206  21 170  83 331 210 388 174 207  95
   221 109   6 178  58 146 348 280 264  16  33 118 142  28 262  26 260
    71 303 231 240 107 144 199 229 363 382 359  73 324 281 253 273 403
   230   8 330 150 387 241 263 214 183 356  50 354   0 383 342  52 268
   341 166  65 299 320 356 101 253 258 349 301 350 405]
  [  0 147  58 232 101 137 390  97 306 179  50 146 343  27 112 318 166
   188 405 338 328 104 287 308 356 167 163  15  18 298 139 278 297 135
    31 179 109 332 339 147 312  89 273  55 190 117   8 333 378 266  28
   405 128  46 185  10 225 215 169 183 326  97 175 397   0  73 336   1
   388 358 388 188 285 333 300 183 386 206 163 332 346]
  [  0 369 359 166 365 405 401  82 101 257 130 284  26 321 315 231 109
    38 126 128 405 212 221 368  84  91 144 101 385 187 154 292 229 365
   315 162 358 363 241 123  35 369 333 123 327 265  13 211 351  38 281
   287 147 170  82 161 261 366 377  81 260 368 234 284 180   0 145 170
    37 147 275  94 113 361 209 148  94 250 220  33 318]
  [  0 157 286 402  88  31 393 120 330 258 306 116 213 170  29 379 256
   127 254 384 143 164 399 221 114 272 346 328 203  11  33 239 311 367
    50  34 322 362  48 120  37 254 248 216 200  73 279 281 349 396  24
   345  46 192  80 306 290 143 241 189 249 358 250 252  46 363   0 157
   265 170 154   9 120 378 226 111 347  56 330 230 146]
  [  0 182 158 298 383  42 368 246  41 119 396 326 197 270  68 140 354
   256  85 195 251 245  45 225  15 100  67 175 374 214  16  70 174 304
    35 275 359 109 316 378 366 229 237 399  16  96 123 332  46 256 109
     6 179 158   0 188 147  33 177 115  56  53  75 254 405 237 172   0
   225 179 163 121 186  28 309 358 350 224 144 268 222]
  [  0  77  41 217  14 252  54 270 145 102 108 283 275  13  54 208 210
   134 117 392 191 265 198 225 286 117 212 379 221 390  58 261 404 366
   268 161  38  73 104  94 405 381 223 176  35 206  70 260 287 405 257
   354  46 105 398 119 341 387 249 402 373 228 182  19 362 378  19 178
     0 360  33  69 120  17 300 211 128   4 369  62 364]
  [  0  40 148  18 102 229 185 234  33 215 278 183  11 162  34  90  98
   138 166  77 227  93 131 292 110 378 231 298 329  52 293 383 150 326
    53 156  67 329  74  69 275   9 317  94  61 217 198 112 307 184 104
   228 299  85 249 326 302 192 200 293  26 272 134  70 391 375 400  11
   237   0 320 256 257 245 125 181 212 217  42 275  39]
  [  0 150 100 296 337 314 223 379 173  36 115 352   2  90  97   8 109
   225 115  21 299 183  92 326 270 146 143 120  92  56 177 123 118 263
   326 295 108  26 107 318 237 271 238 245 228 160  45  59 277   8 396
     1  52 377 256 388 405  72 179 383 226 391   2 220 376 252 315 375
     0 170   0 397  13  74 158 245 115 166 187 315 301]
  [  0 229  98  80 196  59 337  40 263 258 163 295  62 365 203 113  65
    73 252 389  75 167  61  54 160 302 273 266 127 369 380 400 366 207
   126 145  27 344  50 394  48 357 167 257  61 118 116 119 228 395 243
     1 241 160 239 316  76 109 288 222 190  81 184 297 301 327 392 264
   139 129 372   0 304  10  73 294 135 350 344 311 296]
  [  0 188 367 389 277  12 237  84 141 182  17 232 338 151  40 247 157
    80 219 342 304 395  39 104 250  97 272 313 168   2 329   0 313 367
   287 170 138 391 320 313  49 333 260 125   7 381 336 144 346 345 259
    77  76 225 185 380  20 380  88 362 260 264  90 115  51  37 135  44
   319 142 118 204   0  93 155 383 321 281 237 224 284]
  [  0 265  36 349 284 392 135 294 383  68 109 147 232 126 157 123 106
   166 302 387 138 236 362 141 402 186 201  39 144  33 237  62 206 277
   134   6 139   9 131 310 119 122   2  33 395 307 309  22 271 132 299
   159 202 406 351 212 317 106 282  72 111  63 101 238 171 200  92  63
   342 220 155 262 316   0  92 378 135 403 290 215  29]
  [  0 308 136 400 356 179  17 239 279 191 337 260  89 397 324 326 201
   252 274 253  50 204  24 124 244 122   5  42 144   1  20   0  28 189
   134 319 165 218 289 192 297   7 372 323   3 142   2 376 357 377 333
   151 113 215   5 261 195  35  94 242  90 399 355 298 257  61 274  98
   156 149 171 354  15 321   0  53 118  45 262 233 277]
  [  0 397 151 101  14 356  26 400 151 249 155 222  93 108 345  91 242
    95 399 162 283 295 178 253 168  56 395 310 147 247 327 406 128 308
   338   6 252 399  45  14 199 183 200 390  11  46  68 342 180  93  71
   240  85  41 328 354 299 200 356 337 161 324 285 321 316 164 114  81
   138 247 308 238  35 270 284   0 246   7  55 140 119]
  [  0 297 392 311 338 327 164  67 232 167 123 275 156 155 193 331 354
   106 281 401 359  85 154 146 135 146 356 388  91 181 171 332   9 298
   343  15 121 141 139 155 390 358  10 255  66 139 388 399  56 158 190
   369 348 207  27 171  47  78 364 151 187 104  15  74 175  71 221 134
   296 118   3 309 140  26  48 319   0 262  83 314 386]
  [  0 275 190 287 198 128  84 237  68 321 337  85 153 327  31 141 313
   399  39 301  92   2 182 376 352  16 141  74  89 209 381 236 365 280
   348 230 297  79 121  12 260 124 188 291 114  44  38 266 151  94 289
   250  24 385  10 121  68  41 264 180 124 133 214 240 395 314 290  34
   218 258 257  74 287 177 292 108 211   0 108 298 297]
  [  0 267  20 367 174  63  96 339 404 218 303 275 176   7 229 164 172
   185  36  44 124 112 286  44  51  10  45 267 184  41 233 278  36 367
    37  69 118 338  10 383  98 199 159  42 206  93  55 379  97 163  38
   364 383 149  82 256 226 180 373  90   0  37 396 161  74  86 126 284
    78 210 133 206 293  91  52 384 211 157   0  25 199]
  [  0 352 338  64 263 116 289 231 288 258 391  60 166 328 330  34 322
   375 253 206 358  24 349 201 214  31 364 357 198 216  33 268 401  80
   404 386 297 133  10 232 303  53  90 240 380 233  21 237 212 168 292
    98 147 107 373 385  93 392 242 206 315 263 356 180  61  77 142 319
   339 178 246  26  12 235   8 222 280 178  77   0 355]
  [  0 238  53 246 362  32 114  85 107  43 362 164 344 322  83 218 116
   354 212 143 349  18 243 217 156 140 357  15   9  88 253 347 367 135
   275 313  84 366 331 165 260  38  69 224 102 396 175 149 252 314 182
    23 127 141 204  55 185 139   8  15 144 319 107 384  13 116 188  86
   402 386 199  74  84 392 377 166 132 293 171  88   0]]

 [[  0  80 329 213 157 328  58 368 162 246 373 353 321  71  10 104 171
   366 278 118 250 285 383 294 121  66  64 186  97  85 120 212 265 214
    69 311 167  47 126 175  23 361 279 327 138  67 152 277 222 395 192
   219 405 126 389 215 401 394 276 384 178 135  94  29 101 235 231 183
   241  11 136  16  56  31 307 126  67 325 395 198 288]
  [  0   0  27 374 305  71 388   0 284 207 186 157 365 302 278 152 291
   189 136 314 285 264 360 116 265  16 352 358 376 359 323  57 165 380
   404 129 293 286 214 335 125  64  14 131  24 192 189  92  41 120  73
   280 202  35 361  83 106  72 280 401 248 238 197 218 382  44 127 341
   204 140 268 240 391 270 375 280 154 189  61 285 355]
  [  0 214   0 183 405 317 288 300 177 129 288 246 247 315 203  24 309
   164 208 266 328 150 349 216 116 327 348 123  35 406 238  69 342 172
   168 354 115 386 353  67 288 346 267   0 178 141 169 396 371 399 393
   101 362 360 310 251 370 293 211 129 358 215 221  11  13  61 378 179
    35 341 365 404  20  21 149 240 131 179 215 304 194]
  [  0 384   4   0  57  30  30 129 114 182 143 247 216   8 118 168 187
    14  13 198   8 376 258 377 151 259 144 173 401 108 397 246 316 142
    16 321  86  17  81  62 113  67 229 326 318 186 348 150 321  64 232
   240  95 339 378 315  58 358 368 156  75 322 184   7  59 159 371  68
   279 373 214  89   3  46 167 348 265  23 208 268  72]
  [  0 373  83 212   0 291 213 153  89 109 191  38 235 150 308 397 211
   238   8   5 157 121 327 102  15 311 256 230  95 146  83 313 398  71
   262 307 239 404 149 105 305 159 227 235 321 115  39 276  22 124 132
   115 138   8 338 369  64 194 338 160 100 206 174 160 193  15  32 197
   317 148 158 398 291  42 316  60 168  20  61  11 404]
  [  0 357 399  66  47   0 158 196 301 388 268  81 398  89 346  96 224
    84 287 262  98 140 175 274 322 296 174 142 394 202 140 400 152 117
    82 305 359 200 210 113 135   7 167 294 150  40  13  26 279 174 210
   221 219 115 298  40 265  17 299  22 104 333  88 389 172 133 175 160
   229 270 337 380 112 404 403 225 263 120 380 248 245]
  [  0   0 235  42   6 371   0 128 284  59 275 202 331 264 249 357 171
   130 383 176 250  78 323  93 319 286 185 144 154 166 249  72  97  18
   349  12 165  36 268 243 396 136 250 233 370 353 367 362 176  21   2
   358  48  56  23   0 125 100 235 385 173  35 271 284 111  84  51 323
   168 208  18 200 367 203 305 165 304  45 322 243 145]
  [  0  35 216 302 201   9 253   0   3 209 323  38 270 106 149 286 395
    65 343 188 273 348 128 208 289 232 390 227 325 400 226 303 265 292
   381 247 267 318 113 177 294  26 368  85 174 296 400 114  47 118  72
   185 278 333 156 265 222 305 405  59 116 381  89 166 131   3 173 258
   333 381 317 313 166 324  95 128 316 261 403 150  41]
  [  0 309  50 330 205 186 236 387   0  14 270 394 314 182 381 121 315
   150 191  25 279 313  52 327 130 219 188  56 158 307 398 121 360  33
   325 272  53 116 166 315  80 231  50 332 274 195 312  17 234 255 182
   271 162 168  80  23  59  91 135 300 388  79 144 353 149 114 167 116
   356 130 232  23 115 222 323  99 391 103 181  73 235]
  [  0  17 226 357 381  87 268 165 360   0 327 323 171 139 149 141 403
    50 301  18   6 318  59  26 109  73 337 239 259 167 293 274 243 150
   199 164 178 376 255  35  17 184 185 349 258 348 217 224 311 283  68
   177  56 259  68 395 158 228 386 131  97 304 232 315 361 228 337 241
   199 254  83  83  34 383 210 161 170   2 229  47 302]
  [  0  35   9 230 287 207  22 364 215 202   0 385 237 216 133 395 145
   216  46 299 384 355 123 120  69 131 148  14 286 242 321 300 117 355
   258 227 274 264 286  65 187 125 236 299 181 230 190 336  35 143  89
   283  72 266 167  18 288  80 400 350 309 179 377  69  32  89 284 308
   206 132 308  84  78 336 401 131 363 149  25  79 386]
  [  0  63 214 120 165 153 357 234 344 310 405   0  25 171 362 237 220
     9 208 254 233 310 177 280 162 183 367 271  45 126 193 165  80 287
    85 322   6 367  91 172 340  19 381 179 388 192 191 128 247 341  10
   169   4 210  25 171 177  86 152 128 100 200 306 398  79  25 114  66
   400 362 187   4 289  99 249   1 373 401 206 379 206]
  [  0 273 184 331 200 364 276 170 137 351 227 117   0 241 342 403  42
    79  45  94 268  89 100  48  43 126   3 259 389 260 290  56 132 223
    47 200 257 182 161 275 205 196  22 372  62 401   4 185  11 238 114
   141 402 302  15 341  67 150  30  40  56  42 289  99 369  47  73  79
   373  13 402  27 232  93 284 204  55  19  53 356  10]
  [  0 181 107 272 224  37 307 122 320 191   0 278 332   0 139 358 219
   356 140  71 261  48 103 245 272 371 357 363 193 241 203 153 301 211
   188  77  46 161 268   4 235  96 325 376 209 154  59 236 167 211 315
   177 304 195  33 220 173 277 271 211 189  97 192 278 292 306 294 334
   380 215 203 371  23 316 302 110 314  56 157 372 311]
  [  0 295 214 405 293 122 202 362 355  66 126  74 359 266   0 357 131
   125 220 180 342 302  84 192 368 205  95 227 110 235 107 201 310 199
   323   8 245  77 388 110 132 225 103 365  61 116 248 279  16 158 321
   225 101 248  21 178 129 263 351  94 388 248 395 342 350   5  49 369
   250 161 271  16 158 271 151 334 309 215 356 158 296]
  [  0 227 381 189 184 134 232 380 344 365 235 208 357 166  48   0 212
   372 377 394 284 292 352 297 374 126 112 250 162 327 305 218 344  34
   138 388 168 134 102 101 237 337 248  31 325 399  98  43 205 362 299
    83 288 406  90 350 275  92 165 229  39  37 402 405 264 389 273 302
   385 106 315  46  96 281 329 115 112 247 180 226 356]
  [  0 215 241 279 375 315  90 226  87 119 149  63 146 355  10  73   0
   327  69 322 249 219 194 323  74 283  48 313 137  83 372  59  96 371
   402 309 318 131  12 386  39  16 191 171 276  70 135 137 131 320 364
    14  22 374 110  88 332 146 225 140 104 113  24  22 314 197 173  67
   128 174 396 358  85 332 326 340 361 304  66 240 207]
  [  0 383 221  12 280 110 149   1 161  45 136 251 125 296 390  45 105
     0 307 197 194 373 193 369  54 130 327  21 368  74  81  84  23 387
   307  91 404 335 327 154  29 260  57 301 290 356 198 138 300 315 227
   104  49  76 109 285 106 352 296 153  66 171 260  91 375  83  43 119
   293 202 365 121  89 140 389 140 138 246 244  55  91]
  [  0 215 104 305 310 266 179 280 190 169   1 378 344 134 187 370 338
   157   0 190 148 195 248 175 283 226  96 192 315 123 215 163  10   0
     2 304 110  85 190 216 316  45  86  21 306   7 367 262 102  31  99
   100  74 396 373 318 325 321 304 114 162  75  98 173 357 399 251  29
   398 226  11  80  57 148 142   5 163 113 247 347 375]
  [  0 210 369 224   9 141 258 405 176 386  47  24 333 368 272 309  14
   259 182   0 254  64 236 246  25  53 385 290  53 256  10  84 375 288
   112 125  16 199 274 384  98 346  61  63 386 390 331 342 232  52 128
   327  82 117 318 329 115 190  31 378 107 229 374 363 254 404  34  84
   132 125 329  90 132 118 108 328 378 290  64 282 229]
  [  0   1 330 223 134 261 250  45  92 285 272 207 380  37  51  65  67
   321 290 156   0 284 349 377 109  45 263 278 387 349  81  68 365 208
    55 145 186 149 275 212 353 321 195 287  54 373 132 345 302  81 247
   256 348 209  44 372 222 406  94 123 339  49  37  16 315 279 381 244
   217 159 304 213 356  15 311  75 121 277  89 199  78]
  [  0  79 126  59 144 163 131  30 163  59 223  90 351  72  90  95 134
   154 312  29 337   0 396  39 332 366 207  59 170   2  72 239  25 324
   176 376  30 346 342 299  30 391  19 335 152 215   1  31 333 156 405
   194 124 241 298 141 215 190 120 211 394 337 167 163 102 363  18 150
    56 371 402  67 141 178 268 134 306 377   9 343 248]
  [  0 394 381 266 275 131 322 215 371  74 316  96 234 235 198 101  36
   327 388   1 339 173   0 230 242  13 252  88  76 128  72  81  96  47
   201 338 278 243 230  18 383 303  63 230 273   2  91 206 132 321 127
   245 281 243   6 104 255 100 318 168 132   7   0 210 402 247  32 152
   226 134  84  70 265  89  51 238 185 176 179 113 351]
  [  0 293 370 180 157 214 329 156 176  87 252 399 151 402  13 344 166
   109 152 229 283 139 141   0 204 301  48 402 242  81  21 315  16 124
   239 238  20 223 394 166  77 187 124 233   2 183 372  48 235 231 106
    59 159  40 369  49 402 131  31 347   5 275 256  36 367  73 245  28
   394 132 379 351 179 265 331 265  59 277 382 199  34]
  [  0 393  31 371  69  95 181 130 250 331 279 375 182 107  99 273 221
   277  20 275  12 333 188 108   0 128 219 394 173 273 165 340 277 112
   218   9  69 320  49  58  24 183 256 262 361 300 188  90  64 320 204
    38  29 351   6  87 324   9 164 343 258   9  56 167 154  94 237 292
   125  74 231  20 183 288  41 252  45  22 160 349 323]
  [  0 162 397 353  63 183 275 208 217 158  62 181 266  51  49 259 297
   330  28 149 199 151 208   1 341   0   9   0  61  11 118 301 153 248
   267 195 368 201  54 145  70 372 382  84  94 336 245 145   2 369 164
   358 395 157 340  53 401 144 116  59 240 238 343 109 115 140 274 144
    31 348 213 309 254 252 128 375 232  95  57 349 257]
  [  0 276 171  93 351 204 352 130 213 282 342 151  97  37 142 167 133
   369  42 186 363  48 134  87 209 359   0 343 235  33 138 307  57 211
   392 112 268 137 150 171  84 335 245 199  85 372 129 134 287 193 110
     2 240   4  29 403 169  72 303 174 396 402  40 129 231 176 109 220
   306  80 262 237 260  89 136 371 147  37  31  25 192]
  [  0 388 365  86 326 333 116  68 178  23 197 220 194 117  18 355  56
    23 163 321 402 355  36 108 296 155 243   0 385 401  81 201  55 178
   339 145 336 316 319  82  51 221 212 201 346 379 177 270 212 226 355
   308 197 129 200 267 171 317 220 171  48 305  36 379  94 106 141 223
    43  15 157 351 396 194 196 283 300  57 235 218 396]
  [  0  28  46 148 143 164 284  58 224 139 404  81  14  50 273  14 291
    79 361  32 299  45 182 198 389 127 312 392   0  84 212 399  54 158
    12 309 270 191 103 308 337 147 209 321  91 283 402 161  35 378   2
   124 296  97 352 151 341 229  89  13 137 229  38   1 201  93 180 303
   137 109 258  26 112 312 271 399 277 312 162 304 127]
  [  0 323 364  56 229  25 223 209 210 128   9  39 380 249  91 344   1
   127 101  81  12  86  46 225  41 154 229 362  53   0 172 229 191   2
   348 244 146 263 295 203 134 254 134 229  22 123 271 296 365 401  66
   120 225  99  30  40  25 218 301 260 113 165 272 260 310 235 270 164
   346 336 192 195 383  83 403 116 242 300 364 245 394]
  [  0 209 328 210 103  24 152 390  98  97 251 201 112 168 339 319 349
   111  89 406 109 215  95 258 378 188 249  91  65  65   0 318  69 204
   237 286 203  71   1 330 131  34 278 389  26 102 159 279 297 149  85
    74 300  71 261 365 276 393 101 384  53 322 101 154 308  95 118  90
   132 339 242 227 376 355 267 122 353 257 199 186 159]
  [  0 381 184 183 117 359 243  49  10  48 117 253 326 244 337 169 353
   314 360 151 295 389 163 157 361 347  95 338 289 270 248   0 376 296
    57  68 187 243 312 115 147 227 394 227  30 209  27 368 273 377 221
   247  18   5 253 178 212 337 339 117 260 229  58  44  98 361 297  21
    57 155 112 223 239 388 340 141 238  10 332 350 394]
  [  0 131  19  92 115 227 222 404  42 189  57 358 112 292 296 214   3
   285 271 189 375 193 350 362 384 304 301  37 222 324 210 387   0 245
   305 231 213 118 211  88 182  21 360 248   0 188  27  62 109 345 310
   303  51 333 359 131  54 259 224  80 112 167 120 307 242 377 354 192
   288 191 234 390 304 315 276  87 331 372 350  68 136]
  [  0 303 135 136 396  88 348 226  93  53 163  98 282 404 378 290 312
    47 211 208 242 113 138 216 334 124  52 404  69 273  92 293 227   0
   263 305 397  71 369 397 304 124  40 339 278 350 165  85 239  49   8
    76  45 193 405  63  39 380  40 288 392  96  93  54 306 384  49 380
    61 346 136 271  55  72 349 380 185 319 351 295 156]
  [  0 224  97  27  48  79 285 223  57 278 131 111 403  40 235  79 388
   322 157  81 197  93 248 148 278  74 333 204 361 246 168 148 152 269
     0 312 153  85  96 245 365  44 328 245 249 324 249 274 106   7 316
   230 293  56 390  42  65 115 315 292 230  34 338  75 383  26 236  69
   109  45 279 105   9 156 178 347 193 326 380  99 293]
  [  0 167 299 147 297 293 100 141  66 205 359 298 210 117  74 127 235
   398 310 293 336 102  46 194  34 200 120 398 156 157 263 355 285 118
    40   0 194 337 236   8 400 354  38 274  53 141  72 105 397 183 161
   322 273  16  19  13 140 291 193 279 322 142 161 214  19 237 377 307
   216 250  51 343 165  53 235 194  22 251  96 206 166]
  [  0 276 377   8 314 293 345 125 309 206  97  51 323 148  81 228 211
   397  15 354 276 314 263 355   7 268 298 156 267   1 133   7 312 367
   379 350   0 306 353 253  49 248 156 396 318  86 173 209 194 395 148
    90  18 106  98 272 307 315 104 141  66 218 312 101 320 321 143 220
   297 361 202 113  75 245  21 302  77 216 275 130 304]
  [  0 228 288  36  15 331 187  16   6 389 398  68 200  78 254 302 358
   386 391  21 306  26 132 130 361 173 224 291 178 291 282  79 405 344
    77  15 288   0  41 164 310 389  12 281 139 248 205 155 402 369 278
   131  12 247 345 195 375 274 322 263 171 114 144 372 276  40 284 117
   162 382 125 283 208 203  94  28 122  17 342 128 240]
  [  0 281 376 391 228 244  51 230  16 212 127 270 405  78 257 180 272
   292 184  37  58 341 362  48  97 227 268   6 361  92 112 406 240 169
   144 184 230  79   0  95 370 254 148 226  99 266 289 110  50  39 219
   350 403 213  19 369 386 243 143 398 146 115  92 308 322  34  23  44
   160  53 225 395 354  16  69 123 359 243 267  64 181]
  [  0 123 236 332  23  86 143  87 389  53   3  36 136 260 270 179  63
   269 112 116 374 155  61 248 280 201 349 318 140 335 252 103 137  68
    14  96 366 406 264   0 246 122 150 155 330 113 159  46 184 335 354
    29 138 172 361 256 179  76  34 396 173 148 166 165 190 373  93  66
   132 396 305 342 288 152  88  11  40 401 164 261 386]
  [  0 320  25   2 262 205 404 276  49 137 149  93 373 307 276  14 325
   300  80  86 124 162 335 327  54 375  79 112  69 350 340 256 246 134
   183 232  10 219 168 193   0 258 308 152  43 353 332  73   5 398 344
     6 316 308 343   4  72  79 287 130  56  84 279 299 129  36 192 147
   347 279 366  65 387  29 141 206 381  31  35 278 129]
  [  0 130 403 393 111 191 382 184 256  31 343 400  10 222 215 125 205
   313 151 123 154 245 216 188 192 182 302 160 367 359 190  14 341 299
    67 349 106 295  24 355 100   0 105 235  58  38 375  66 151  72   5
    69   3 282 261 191  33 186 253 268  86 363 226 214 346 302 246 117
   272 391 110 126 119 139 219 376 203 338 171  85 144]
  [  0 300 316 195 291 325  32 273 272 147  48  69  24 314  39  45 387
   302 317  88 361 231 181 350 311 136 290 143  59 217 270 356 147  79
   404 221 329 400  88 252 216 323   0 308 122 142 210 159 130 353 237
   310 380 319 388  19 403 254 268 194 239 165 246 171 187 141 190 256
   252 104 398 181  58  87 157 297 371 247 100 126 192]
  [  0 366  14 109 313  58 264 306 108 339  32 176 247 308 386  88 289
    77 256  39 349 286  59 233 303  44 173 175  13  13  37 350 178 379
   327 399 128 226  85 119  38 349 246   0 221  60  69 163 367  85  49
   321  52 180 363 297 318 385 112 236 307 310 251 140 125 247  31 135
    54 176 339 316  38 267 182 119 150 360 112 213 205]
  [  0  79 237 218 223 363 360 178  68 248  34 259 208 169 151 297 203
   159 130 281  83  41 318 214  87 158 389  45 148 295  55 154 356 298
   341 396 370 207 117  99 366  44 373 344   0  23 401 317 215 147 391
   106  12 360 319 257 389 289 352 198 329 156 181 264 247 315 208 174
   181 179 308 357 274 249  16 264 388 366 298 316  28]
  [  0 215 160 221   0 254   8 116 131 370 384 229 309 198 201  29 194
   360 255  35 378 382  43 342 380 392  79  46 192  94 142  46 172 128
    83  86 338 350 214  98  53  47 175 403  84   0 402  53 405 108   2
   335  11 288 134 333 256 207  72 202 358 318  92  70  22 335 364 403
   294  50 395  59  26 191 282 221  89  12 141 263  63]
  [  0 321 128 193 263 123 404 398 277 120 309 206  10  42 394 298 167
   213 201  66 343 398 168 294 137 166 240 363  91  51 291 289 193  80
   395  60 101 198 382  83 216 223 137 206  30 277   0 367  99  13  83
    44 346  26 333   3 207 380 273 268  98 278 337 153 237 262 356  65
    51 167 285 191 200 204 209 317 144  86 162 119  27]
  [  0 171  59 328 348 219 327 282 215 216 143  16 366 269  22 283   2
   390 291 402 172 298 373 381  42 269 327  86 170   5 202  63 388 320
   371 340 164  64  69  47 130 308 122 243 317 345 122   0 105 309  71
   263  17 300 380 168 338  71 189 383 214 146   2 367 175 236  62 165
    18 402 244  32 343 199  41 334 395 156 236 161 140]
  [  0 149  69 274  75 356 147 164 158  16 143 283 398 284 370 365 322
   153 166 170 124 152 318 190 387 131 261 262 272 373   6 231 302  40
   382  47  13 264 132  31 396   5 363 221 131 401  18 244   0  41 281
    35 353  24 234  50   3 397 207  41 122 356  83  98 223 117 345 319
   126   3 254 324 250 139 355   7 126 118  86 164 263]
  [  0 252 267 256 323 153 406  99 199  12 260  15  35  56 173 374 211
   259 347  12   7  91 101 290 327 361 228 211   5  72 225 366 339 175
   396  24  49 214  60 272 196 154  66 372 247 285   7 182 313   0 114
    52 384 297   6 345 394  69  90 404 244 338  47 147  70 347 375 260
   263 327  30 394  89  98 104 143 296 169  78  78 109]
  [  0 203 164 168 352  70  78  65  60 236 209 297   5 150   1 333 397
   262 261  61  96 149  47 234  17 396 217  88 165 202  62  90 126 171
    72  13  72 212 117 153 278  34 404 236 168 155  60  34 370 219   0
    43 252  91 114 230 318 211 175 131 218  98 307 124 327 136 178 104
   355 273 236 247 100  80 257 401 367  14 339 363 229]
  [  0  97  34 165 292 150  10 216 128 158  38 123  70  53 105  29 135
   169 174 372  89 148  40 149 167 162 294  70   5 311  11 224  14 326
   335 161 268  22 193 247 292 175  33  80 220  65  96  61 365 320 105
     0 174  20 380 138 139  11 227 359 187 160 385  55  35 255  70 191
   343 383 297   2 159 257 243 278 101  50 175 225 372]
  [  0 191 335 218 210 294 235 271 233 187 302  35 217 215  42  20 154
    91 299 286 286 347 363 301 320   7 405 176  65 215 269 266 182 401
   399 244  42   4 157 362 238 297   5 171 249 394 204 399  11 126 289
    47   0 237 127 143  50 201 353 381 157 168 113 226 319  40 376 268
   138 276 350 386 357 291 220  37 312 170 248  86 119]
  [  0  23  91 222 197 375 382 377 144 295 169 396  66 151  13 182 255
   134 403 304 296  21 302 127 239 361 222 359  96 264 353 119  54 344
   184  41 162 316 189 119  49  58  12 277 152 319 236 396 385 126 209
   217 382   0 266 310  89 152 122 376  74 312 172  39 293 121 102 126
   356  52 273 394 235 301 140 170 244 255 179 140 220]
  [  0 337  62 198 176 330  76  38 153  77 389 107  41 316 264 386  92
   266 148 220 235 242 253 387 208 101  22 254 394 113  14 399 190 256
   138 241 329 281 103 400 169  84 380 279  18 247 312 217 406 183 132
    10 196  97   0 116 255 273  53  27  76 318 345 261  63 365 294  48
   151   8  40 272  71 116 210 336 257  98 165   1 192]
  [  0  44  66 206 321 270 131 250 313  62 208 259  66  76 244 195  69
    25 233   2 220 284 369 212  35 371  45 339  75 325 129 268 122 238
   367 232 307 277 224 354 223 310 348 121 105 310 177  29 396 133 211
   256   1 179 401   0 267 254 191 199 261 268 221 243   9  54 390 140
    66 160 120 387 393 133 180 129 385 228  15 171 112]
  [  0 148   9 156  23   8 357  37 380 181 150 328 276 399 228   6 302
   163 100 156 358 220 365 189 192 150  40 319 337  48 114 110 240 271
   147  54 264 337 229 210 226 288  36 115 128 221 234 251 353 328 305
    61 140 131   5 207   0 312 268 162 271 171 243   1  10 343 304  63
   230  16 226  44 251 127  61 406 111   7 189 139 352]
  [  0 216  69 191 240 204 318  71 134  32 374 384 148 343   5  15  11
   300  88  54   8 303 207 311 299 176 157 144 192 247 360  88  20 181
   166 288  21 133 400 197 362 329 399 317  88 268 165  81  93 128 331
   294 241 374 376 225  25   0 123 236 111  17 225  30 101 299   9  40
   141  14  17  54 113 261 381  57 210 293 228 113 209]
  [  0 245  34  16 256 404 296 121 380  16 200 306 114 341 399  75  46
   224  38  50  92  95 390 266 106  48  71  33 184  35 190 245 238  30
   296 383 377 343 369 113  87 394 221  67 127 364  65  32  77 110 142
    57  21  27 337 267 208 382   0 364  72  25 173 285  61  40 403   2
   122 206 184 256 399 162 153 162   4  69 132 177  43]
  [  0 226 368  71  88 289  16 161 327 316 130 382 237 235 177 253 298
    17  44 257 330 189 202 114 101 108 226 400 168  36  34 242 190 153
    53 101  19 337  83 350 106 264 307 145 314 268 388 390 267 224 170
   268   5 366 297  64 247 109 392   0  77 121 162 216 385 164 115  38
    38 134 219  58  84 161 144 331 213 167   8  97 174]
  [  0 400 172 381 335  86 249 180 260 218 390 176  37 265  23 349 182
   128 281 294 243 229  76  63 303 346  78  29 401  22 124 188 145 379
    83 145  56 151 112  63 126  45 338  21 122 263 196 122 188 280 386
   270  86 281 233 123 383 217 367 136   0 366 349 377  57  38 209 163
   282 156  52 376 197  44  69 276  18 115 223 284 375]
  [  0 164 392  43 218  63 142 238  97 283 262 287 153 250  21 378 251
   105 290 293 323 129 310  63 297  59 314  98 132  54 391 258 214 143
   164  92  82  39 131   7 261 334 289 397 204  92 188 260  64 237  86
     3 389  87 214 221 213 273   8  26  10   0  97 375 154 182 188 274
    37 209  43  55 272 307 394 386 359  70 156  79 323]
  [  0 359 316 141 365 325  62 347  95 346 304 143 131  85 172 261 186
   171 326   2 148 241 355 253  77  62  60 286 207  27 265 406  69 246
   314 229 390 347  94 108 310 191 354  34  85 172  88 372 105 309  23
    96  35 220 176 233 349 105  11 124 185 323   0 355  13  50 347 290
   176 129 265  71 330  28  71 249 179  77 199 184 245]
  [  0 313  97 382 142 150 299 151 188 147 359 327  70 283 105 202 176
   155 118 364 149 266  61 190 216 221  79  39 211 311 304 112 143 121
   362  63 119 231 218 266 249 271 361 210 363 279 224  38 136 208 167
   214 114 163 197 292  61 255 336  37 220 100 225   0 260  81 362 381
    64 228 228 275  42 343 170 326 129 398  85  87 231]
  [  0 158 147 235  95 395 325  97  59 143  27  99 227 248 223 310 144
   175 221 151 302 140 373  55 267 140 362 375  81 364  67  55 212 257
   187  83 167 169 272  93  21  76  92 357 104  81 128 109 147  37  46
    23  41 371 232   4 155 301 338  40  79 171 121 235   0 107  10  15
    69  32 199 391  64 126 184 284  40 279  61 404 192]
  [  0 325 367 222 374 116 117 339 360  65 265  37 264 158 148  24 272
    55 171 325 224 163 151 260 272 328  27 326  87 221 219 146 370 112
   181 260  22 231 343  18 177 188  61 318   4  88 389 377   9  53 247
   145 387 151  41  40 370 352  30 153 236 143 222 100  61   0 263 353
   101 387 158  77 315 301 291  41 385 205 393 141  84]
  [  0 332 205 127 202 182   0 367 132 372  35 151 265 406 356 188  52
   163 141 176 154  22 176 185 173 136 196 291 315   2  71  37 201   0
   372 185 232 337  98  85 328 394  84 175 219 385 218 378  41  64 279
   103 375 172 116 139  94 136  80  26 355 342 121 296 299 220   0 294
   172   5 306 160 389  11 228 225 288 330 136  73 320]
  [  0 284  55  77  18 133 381  87 336  88 185 347 375 152   1 334  54
   286 191  20 225 337 133  79  40  44   0 275  96 383 356 406 138 130
   117 100  11 240  33  46 103  97 102 279  14 291  12 282  85 111 396
   284 186  36 183  14 152 169 167  70 384 229 218 122 318  64 375   0
   289  51 109 359 300 343  27 270 105  28  72  64 219]
  [  0 291 238 279 273 365 257 388 298 148 248 108 109 372  88  20 164
   139 218  69 369 376 206   8 124 193 386  55 146 367 375 159 131 397
   131 198 376   2 137 218 368 255  77 320  21 193 226 254 229 250 311
   210 340  60 381 345 237 299 233 387 312 108 312 183 351  42  46  47
     0  30 373 127 231 100  58 216 232 394 210 235 125]
  [  0 192 314 286 212 153 255 307 132   5 359  42 342 367 319 282 305
    91 119 171 389  74 110  71 224 122 311  15 329 325 343   8 334 183
    37 354 172 250 269 368 396 300 279 138 358 136 265   7 297 191 117
   199  43 125  94 180 402 308 161 110 251 278  92 303  45 209 235 391
    79   0 111 131 108  20 314 173 136 174 269 364 195]
  [  0 357 193  18  52 229 390 240 146 183 190 127 396 278 305  55 278
   255  50 225 172  30 165  76 272 260 385 153 165  55 255  71  60 320
    98 103 166 186 243 155  92 164 385 141 276  97  88 278 392 299 391
   294   6 323  78 307 337 139 134 229 378  60 305   1 405 223 201  68
   130  43   0  96 273 365 283 350 377 375 391  65 324]
  [  0 337 182  79 263 349 230 318 130 218 172 101  88 192  44 124  29
   291  98 220 305  30 272  56  29 338 195 323 302 293 148 248 178 356
   402 320 274 216 127 293 198 112 155 293 128  61 170 208  67 371 265
   395 284 276 259 211 376 244  44 150 226 155 362 384 104 180 105 158
   196 306 339   0 144 355 245  15 332 268 142 216 313]
  [  0 378 302 289 161 102 134 183  63 266 231 256 322 190 351 354 138
   155  76 313 144 136 371 269 328 351   7 247 218 391 165 312 151  25
   152 360   6 174   1 101  62  95 131 228  54 313 227 137 349 184  16
    29 154 384 229  30 355 353 228 280  24  96  31 153 323 290 130  47
   385 219 253 387   0  31 334 321 394  21 233 256  19]
  [  0 302 165  92 364 253 269 300  96 218  69 405 349 204 284 287 126
    49 343  16 131 327 321  24 230  73 127 383 172 140 163 301  44 143
   381   4 331 203 222 294  97 374  40 367 291 222 340 126 269  84 137
   170 395 369 250  42 402   1  42 227   8 124 215 201 364 254 339 359
   222 283 160 305 381   0 310 279 386  65 303 221 371]
  [  0 191 166  10 403 183 326 141 288 320  86 239 259 362  32 261  69
   276 151 386 272  56  97 284 368 272 136 116  80 126 349 156  38 319
   327 219 110 293 270  82 295 259 103 147 117 306 360  52  13  57 288
   314 354 238 343 241 381  18 302  77 211 238 131 299 356 109  18  44
    53 313  41 105 270 309   0 270 197 167  39 119  61]
  [  0 326 384 182  28  49 203 190  41 331 207 291 259 125 204 227 303
   205  21  41 247 289 283   6 390  71 214  49 145  69 385 309 133 398
   137 364 380   4 332 148 228 223   1 387 257  63 381  12  58 304 313
    70 395 325  92 221  84 239 122 320  93 314 315 401 304  54  79 394
    50 246 366 216 377 152 198   0 192  15 142   2 322]
  [  0 137  85 280 280 190 123  89   2 318 172 196  21 362 282 265 397
   285 238 175 253 228 254  25  78 276  72   5 246 391  51 302 395 346
   141  19 373 196 292 189 134  55 381 343 115 250 313 332 240  62 361
    12 345   6 317 164  14  12  17 110 378 297 163 131  52 406 267  90
    27 304 127 230 225  65  82 214   0 138   0 196  19]
  [  0 236 388  58 348 121 328 213 226 241 195 369 163 199 353 357  50
   375 204 259 112 162 243 403 308  40 142  34 214 302 383 248 227  28
   291 206  89  86 301   2 217 152 219 367 287 194 191 381  77  19 351
   283 142 354 368 355 151 233 274 164  51 188 181  98 363 380 332  83
   341 105 189 130  57 131 315 182 375   0 252 148  47]
  [  0  61 386  26  88 294 212 263 224 276 126 120  99 127  36 277 401
    62 161  68  12 185 124  66 175 116 250  32 219 204 200 162 139 154
   212 346  89 254 392 143 289 288 143 202 325  39 182 219  44 305 113
   362  25  46 137 345  42  68 365  72 269  58  90 382 169 160 205 209
   399 215  18  85  36 356 290 304 178  51   0   9 105]
  [  0  79  41  67 154 332 156 318 228 205 143 277  78 365 246 386 124
   271 219 145 299 352  78 159 148 258 164 362 225 266 216  63 342  41
   190  68 176  78 299 235 398  28 214   8 222 245 210 152 256 172 295
   318 398 339 131 321  32 318  57 331 346  89 302 272 109 209 311  64
   322 160 183 144 383 155 265 238  45 197 224   0  82]
  [  0  43 363 383 399 298  25 361 317 329 132 244 372 303 335   6 355
   399 261 301  62 132 312 143 100 287 103 152 116 268 166  81 395 137
   335  59  76 203  71  86  83 276  39 363 176 166 244  33 258 217 315
   106  18  78 346  59 144 120 260 325 274 369 169 102 150 275 348 366
   282 289 187 296 314 375 312 234 283 189  63 106   0]]

 [[  0 378  64  89 404 207 212 357 394 260 327 220 150 200 282 202 365
   366 333 343 108 218 362  86 134  41 260 182 217  20 232 361 361  35
   370  42 362 358 360  98 363 130  88 156 378 343 386 290  27 160  73
   159 148 196 321 342 398 388 254 330 295 383  55  15 210 222   6  99
   401 271  97 315 240 227  37 290 128  94   4 190  93]
  [  0   0 181  71 379 291 135 372 350 178 393  21 298 404 176 192 219
     4 141  59  55 120   8 279 275 130  48  74 165  52 233 333 403 167
   279 276 348 302  41 176 129 109 119  15 219 324 368 145  22 104 199
    35 322  78 327  52  52 284 297  40 285  77   5  68 118 314 172  71
    89  14 169 295 160 166  98 320 262 394 208  15 229]
  [  0 292   0 264 129  14 387 382  56 209 189  25 205 105 179 113  40
   142 233 250  65 150 230 157 325 169 137  29  84 340 357 371 168 159
   314 191 373 324 224 307  74 186 302 138 382 373  14  42 278 104 149
   104 156 115 211  76 315 199  76 344 346 130 234  42   9 378 245 221
   355 233 337 184 400 358 384   6 162 172 343 349 276]
  [  0 335  86   0 215 227  34 366  66 130 259 404 328 337 382 318  54
   263 182 395 355 139 374 387 315 245 141 159 125 203  22  72 378 205
   223 219 107 320 237 342 193 155 387  25 293 389 138 330 144  30 230
   381 321 159 251  51 131   0 228 204 297 384   3 173 243 357  31 105
    62 196 215 147 142 200 181 299  29 173 129 178 246]
  [  0 174  77 230   0 248 297 177  24 246 233 227 279 286  97  63 133
   118 273 100 380 124 370 170  81 308 242 380 124  68  34 384 199 340
   102  37 174 105  77 295  56 286 131 157 237 183 131 172 131  39 341
   355 365 366  47  47 130 243  59  36  93 151 381 276  73 135  76  36
   322  81 139   0 399  13  11  14 114 178 138 245 223]
  [  0 288 301 127 348   0   2   1 132 219 403 384  26 113 142   2   2
   374  33  28  99 297  80 126  51  93 348  51  57 334 213  48 225 212
   186 297 378  21 317  61 224  78 153  80 356 129 106 119 198 276 326
    30 249 247 272 199 392 307  39  50  77  13  57 314 162  34 341 387
   357 179   7 365  72 330 216  14 282  52  26 253 120]
  [  0 177 319  47 191 361   0 259 283 261  72 167 159 213 298  53  85
   344 367  44 352 374 323 333 298 336 205 204 232  53 309  95   0 309
   289 192 159 230   8 274   2 282  65  13   8 159 311 346 135 357  95
   116  85 228 363 376 401 274  50 374  85  13  30 387 348 145 367 243
    52 373  46  69 340 173 217 226 350 181 118  12 257]
  [  0 334 230  45 247 200 401   0 351 298 112 302 215 294 308 314 109
   373 380 126 106  30 266 331 318 155  68  73 149 160 384  60  89 158
    96  57 125  43  58 130 218 273 161 341  99 128  17 373 183 400 323
   113  27 189 212 282 311   6 205 214 137 180 358 367 303 124 298 385
   140  50  72  74  79 181 349  31 197 330 160 240 271]
  [  0 358  69 222 153  65  91 360   0  53 153 261 350 246  87  10 150
   146  66 103  40 259  56 244 241 144   3  92 323 296  23 139 147 357
    55 174 191 161   9  80 330 248 378 169 324 376  86 267  67 341 246
   122 108 382  17  65 107 180 178 244 198  92 146 247 246 107 254  48
   391  90  55 140 122   8 308 308 355 395 213 357 384]
  [  0 352 323 248 315  56 335  96 158   0  51 179 252 121  48 301 160
    24 244  76 221 281 116 144 217  81 270 380 125  13 103 219 395  42
   198  54 296 167 383  56 349  26 113  48 372 355 231 168 177 243 200
   102 205 371 357 169 112  35 311  99 261 231 109 149 267 198 205 345
    87 363 283 146  22   0  91 379  81  93  76 132 204]
  [  0 111  62 123 285 350 108 266 274 234   0 146  38 116 302 357  16
   292 311 258 173 221 114 180 176 191 354 282 122 402 303  53 261  17
   221 196  33 254   4 325 104 268  27 293 292 349 242 151  72  31 159
    66  35 233   5 334  48 211 233 159 208 307 199 100 114 256  60 123
   355 363 213 203 205 243 256 243  59 324 111 326 224]
  [  0 209 189  46 114  16  67 273 105  10 356   0  90 389 209  38 141
   343  77 158 214  68  47  97 328 154 142  57 232 154 230 106  73 399
   242 295  20 313  58 102  98  11  18 273   3  46 150 356   5 366 210
   347 262 399 402 331 100  85 320 109 254  38 334  86 281   1 249 238
   134 106  64 284  11 352 256 150 171 269 316  28  29]
  [  0  87 300 143 243 187 256 252  40  38 156 191   0 248  75  81  12
   136 254 388 272 290 161  28 149  78 320 234 153   9 352 282 374 334
   270 128  66 207 205 248 202   9 128 394   9 253 239 223 209 275 295
   319 280 311 398 268  97 219 323  48   6  54  29 162 172 161 207  73
   153 365 294  15  45 335  19  17 364  11  44 163 283]
  [  0  45 157  82 276  15  22  33 246  67 298 397 398   0 273  31 224
   286  15 252  14 181 346 161 199  73  44  11  41 401 384 329 365 277
   182  90  87 369 212 232 403 348 173 257  26 105 232  38 242  86 138
   309 306 388  81 109 384 170 291  21  25 200 332 346 342 212 155 364
   114   2 341 336 222 281 382  27 321  44 317 263  68]
  [  0 338 144  27 354 297  73 393 191  22 378 190  84 133   0 251 110
   121 141 117 277 359 140 346 134 175 190 235 258  16  61  31  19  41
   166 132 129 128 276 115 185  68 183 335 140  59 319 275 169 209  51
    21 386 388 218 290 111 171  69 325 306 263  16 105 406  22 104  76
   263 234  60  92  33 270 107 182 166 209 378 315 349]
  [  0 260 294  18  11 212 189  11 350  37 251 237 255  70 296   0 172
   223 247 272 376 194 258 257 142 170 393 344 214 116 184 139 276 109
   300  49 150  98 108 118 278 127 158 360 244 228 227 316 348 154 362
   119 297 171 282 321 283 157  98 224 392 405  57 243  26 379  56 366
   119 193  41 200 356  24 335 225 112 290  69 268  65]
  [  0 147 383 270  44  33 278  75  93 285 354  59 103 355 402 196   0
   263 228 273 398 131 348 350 234 340 290 281 368 399 377   1 399 106
   286 266 334 119 368 153  42 353  60 339 346 245  23  38 169 334 134
    45  27 201 144 259 245  64 180 229  91 355 359 140  67 204 354 302
   394 346  94 188  92 128 234 181 208 365 232 316 167]
  [  0  58 309 141 362  13  83 298 394 231 233 373 348 158  13 110 336
     0  15  67 178 149  36 315 389 331 354 140  17 161 297 272 128 200
   289 404 180  14 371 296 140 346  30 261 139 148  68  39 392 236  11
   334 230 236 237 200 208  50 377  39 184 383 353 204 127 348 148 391
   190 356 273  19 294 275 213 340 262 277 333 108  10]
  [  0  34 206  65 112 121 135 323 388 405  71  82 335  65 259 264 334
   238   0 150 273 319  84 102 367 345 170 112 108 154 146 266 100 387
    95 196  28 389 233 116  28 364 403 175 118 199 397  79 151 242 140
   312 329 393 134 142 209 128 141  79 262  65  52 113  20   0 212  18
   398   1 179 394 145 357 167  65 226 314 196 147 336]
  [  0 262 402 252  48 243 362 396   4 302 159  42 383 365 136  23  56
    72 170   0  67 193 110   9 220 216 376 376  57 237 102 113 240  34
    91  17 116 190  67 362  69  52 379 242   8 256 250  93 392 329 368
   159 381 300 254 114  11 170  36 135  19  87  17 301 142 155 394 319
   371  48 129 221 257 391 261 385  79 297 244  33  93]
  [  0 198 112 214 249 309 321  92  48 196  12 268  49  18 266  24 320
   211 340 116   0 224 295 300 382 186 375 281 300  46 280 216 163 155
   400 136 376 211 299  88 277 387 296 270 123 159 251  84 383 324 381
   200 261 355 157 168  59 114 163 179 279 255 387 340 288 130 251 197
    51 167 324 223 273 340 174 245 352  27 127 354  27]
  [  0 267 104 309 253 297 395 337  93 189 266 394 210   6 271 198 347
   264 125 174 379   0 357 249 396  56 133 406 268 327 285  49 316 184
   396 138 329 405 135 124 340  37 398 107 102 254 112   8 210 220 359
     9 296 119 206 241 313 168   0 270  35 249 226 216 287 245  10 137
   325  11 157 197 362  69 361 149 226 142 124 324  28]
  [  0 323 135 253 185 221 189  84 215 296 402 391 390 118 400 334 147
   397 252 405 123 347   0 165 344 332 100  26  31  83 350 112 310 341
   235   2 158  30 120 385 206 382  39 148  86 188 306 135  51  10   3
   356 300 137 108 406 263 300 182 261 101 271 157 332 281  68 223 153
   290 317 137 244 348 337 206 259 376  44 370 234 263]
  [  0 260 146 338  34 314 186 160 399  97 162 225 387   8 405 379 210
   183 305 102 101  76 366   0 107 285 260 109 300 171 182 154  55 210
    16 357 167 157 353 269 231 396  72  20 255 293 302  98 178  12 372
   259   8  31 130 278 144  34 374 172 261  41 369  13 285 286 406  73
    16 129 175  19  70 256 271 109 374 268 151 397 317]
  [  0 355 134 404  70  95 164 177 122  59 109 154 168 347 142 178 283
    54 300 113 278 391 269 113   0 164 342 263 372 168 177 301 271  26
   105 197 243 370 394 405 277 245 130  93 175 137 218   3 315  69 327
    97 236 113 382 306 319  30 403 402 346 225 324 307 201 274 235 205
   392  76 150 319 232 102 264 151 383 221 314  14 324]
  [  0 117 249 184 132 165 183  62 219  26 335 209  54 220 144 157 383
   239  12 132 261 239 339 346 352   0 286 117 371 383 107 385 398   6
   375 366 220  22 355 263 177 389  68 307  87 390 269  15 389 353 371
   172 286 123 301 219  34 136 130 184  30 273 137 145  75 297 116 128
   187 361  53 140 223 201  10 343 400 192 232 242 239]
  [  0 395 252 223 271   6 258 151 212 139 290 257 326 290 318 405 371
    76 215 348  74 258 232 230 275 348   0 297  60  96 166 108  13 141
   108 406 277 245 262 208  46 404 152  65 311 131 304 128 106 254 169
    66 286 284 398 344  85 384 278 215 249 152 276 339 205 238   7 301
   173 356 253  87 164 388 277 388 298 203 198 161 289]
  [  0  71 392   6 180 376 230 187   9  34 274 133   2 151 102   1  63
    79 131 368 365  67  20 398  93 320 362   0 374  87 197 305 245  63
   313  88 347 337 301 323 190 108 396 110 123 217 302 188   3 187 235
   318 346 273  27 112  81 156 248 213   8 263 173  23 394  36 220  38
   397 229 365  79 378  87 292 147 116 269 391 321  93]
  [  0  35 402 108  97  12 190 266 292 330 182  84  41  58 160 184 167
   287 135 294 146  14   4 238 295   4 294 238   0 347 232 322  72  17
   189 220  39  75 151  65  77 232 128 139 364 168  66  20 321 390 172
   151 318 257 246 204  78 240 174 126 245 182  42  51 144 170 322 265
    72 329  54 355 353 131  98 235 160  37 109 343 402]
  [  0 346  50   9 302 108 398 157 177 257 272 261 102 311 100  60 302
   398 313 291   5  15 250 381   9 171  57 134 158   0  41  55 234 369
   367 275 241  46  46  64 337  29  36  78 381 209  73 328 194 126 156
    19  73 371 374   7   5 191 267 323  65 296 214 100 167 260  74 149
   294 134  40 134  78 256 304 400 381 219  30  68 230]
  [  0 157 271  38 344 297  15 143 283 359  25 128  66  98  33  39  69
   359 343 378  75  26 278   4 331 220 268  68 181 283   0 376 118 204
    77 291 193 273 109 153 129 374  82 181 164 372 126  24 325 366  58
   259 263  64 244 166 125 256  52 169 288 277 322 318 356 383  52 134
    17   3 179 265  90 254 287 372  72 163 401 211 360]
  [  0  77  25 296  13 299 403   5 237 372  86  82 157  32  88 242 345
   246  55 332  75   7 173 349 161  81 174  20 389 205 348   0  43 357
   122  44 334 308 113 232 403 106 141 207 401 144 341 359 341 362  56
   282 155 344 167  71 405  95 130 282 182 261 284 263 147 290 114  50
   349  52 400 186 202 232 293 230 378 331 354 126   5]
  [  0 153 371 378 200  36 122 185  40 304 375 280 330 257 160 220 230
   406  51 227 212 278  24 397 387 120 100 194  52 220 376  24   0 361
    61 135 255 319  30 252 297 198 360 402 395 397 243 135  85 359 134
   121  17  44 244 406 227 318 331 144 108 185 112 346 297 329 353 122
   153 144 161 100 371 114 372  38 219 202 247  17 304]
  [  0 250 198 373 296 377  46 106  20 182 112 396 369  42 372  46 368
    70 186  23 154 234  33  89 374 250 361  43 372 281 306  17  88   0
   224  81  35 132  93 108 113  14 203 347 233 310 164   0 187  86 291
   198  61 385 359 296 358 193  29  13 293 282 366 308 259 392 219 148
   367 297  48 366   1 161 395 104 220 389  95 183 189]
  [  0 224 143 193 147   1 294  58 358 260  40 357 116 177 112 332 128
   223 364 316 282  89 122  13 230 100  67 349 155 105  41 130 324 299
     0 303   7  94 168  68 186 233  36 260 123 217 262  32 101   8  97
   368   4 169 324 336  13 270 166 333  12 193 364 294 390 404 372 137
   401 168 277 157 315 265 209  24 330 120 396 214 210]
  [  0  39 120  13 117 198 162 167 381 313 205 389  84 164  22 137 148
   355  94 183 395 326 242 404 343 385 401  72  60 386 206  80 333 240
   251   0 135  81   5  90  18 384  84 132 215 380 120  20 333 281 240
    82 164 308 200 239 322  75 233 158 142 108 365 282  31 126 397 147
   381  90 300 145 106 254 239 196 269  15 295 216 227]
  [  0 322  73  27 185  55 225  23 398 178  11  43 348  84 401 126 353
   276  45 341 197  98 314 293 137 391 177 208 350  87 198  66 320 367
    71 399   0 298 148 240 261 105 303 285 246 201 230 312 218 405 149
   380 157 331  88 210 301  35  45  80  56 304  85  59 384 254 171 302
   161 221  32 368  58 122 235 132 180  21 127 143 219]
  [  0  19 152  94  33 141 311 123  50 399 107 222 139 355 324 238 128
   116  76 221  59 288 163 347 346 186 382 230 251  49  83 248 270 269
   110   8 113   0 280 314 336   4 298 209 224 334 313 306 229  24 284
   159 293  62 240 204 213 345 251  24 239 129 172 348 177 334 332 396
   294  79 233  61 368 309 199 322 139 240  94  18   8]
  [  0 165 365  89 323 200  13 282 171 359 118 387 340 123 376 300 308
    89 240 102 255  14   0  68 349   2 109 332 128 332 250 349 399 143
    32  60  50 329   0 222 145 223  77 285 231 305 365 100 115  21  82
   122 388 379 332 161 198  77 295   5 134 393 133 140  39 246  91 233
   321 145 383  44 361 183 126 319 365 142  79 223  22]
  [  0 226 335 191 101 279  68  66 326  49 220  84 193  68 251 251 118
     6  21 391 209 296 254   5 229 103 227 332 124 148 256 259 317  11
   134  85 314 151 202   0 337 159 377 383 290  61 223 140 111  52 226
   293 257  24  69 335 219  80   4 370 232  11 101 160 404 213 131 145
   396  33 388 140  74 377 136 387 169  30 247 392  65]
  [  0 267 234 360 259 149  78 265 365 110 339 390 315 330 305 400 299
    79 131 181 177  23  74  37  52 284 162 248 356 205 398 326 228 247
   372  37  14  56 289  49   0 267 222 322 187 242 273 302  58 242 135
   251 207 349 173  72 268  82 400 113 379 309 237 402 267 254 101 336
   260 216 238 104 267 154 366  76 288 348 156 194 268]
  [  0 322 370 195 384 403 345  23 143 176 390 365 380 124  70 124 252
   159 275  29 209 252 267  76 350 238 251 285  10 320  42 368 189 165
   134  37 119 369 327  39 163   0  40 237 280 237 233 127 372 168 346
   376 163  57  22 307 246 325 153 188 244  62 356  73  72 327 397  86
   188  66 327  91  76  96  83 243  95 388  32  57 257]
  [  0 378  69  91  45 280  32 274  46  16  93  33 241   9 371 202 162
   105 117  81 122 101  47 301 338 404 212 168 338 265 345  36 293 380
   307 288 315 129  68 215 131  85   0  39 131 173 267  37 347 211 304
   234 270 403  30 202 178 190 133 343  79 292  40 201 154 370 359 132
   130 304 341   4  29 140 181 347 232  50 254 349  45]
  [  0 260  70 168  86  54 177  41  65 302  37 374 317  57 225  59 304
   120 231  99 254  79  58 212 340  68  46 199 222  50 114 373 376 274
   212   5 161 256  16 190 170 282 378   0 235 202 151 143 180 218 157
   385  44  69 380 165 330 266 124 144  69  30 317 212  53 249  81  54
   205  33 230 142 105 283  73 338 406 215 131  10 351]
  [  0 399 203 257 171 316  99 356 187  82 331 331 242 388  19 322 113
   282   3 359 222 151 135  43 238 368 159 162 340  31 258 170 346 229
   116 289  74 170 315 103  58 303 250 105   0  80 261 320 250 187 124
    39 279  84  56 215 402  70  51 342 375 101 249 406 168  84 111  15
   336 351 122 236 386 337 114 220 318  93 401  63 152]
  [  0 110 348 148  81 230  96 392 373   7 125 195 362 133 126 293 289
   375  28 404  97 225 401 274  33  95 239 388 312 172 377 399 245  89
   228 281  44 358 358 374 111  80 247  33 281   0 298 358 157 381  12
    10   2 133 341  15 112 400 405 160 383  98 141 343 135 210  13 101
   317 125  90  95 127 327 322 336 309 393 194 114 367]
  [  0 274  38  12 307 150  98  58 283 390 149  23 332  46 165 244 294
   269 266  95  13 179 302 177  80 122   3 296 155 121 234 383 145 250
   154 145 245 398  90 383  34 211 172  94 158  77   0 169 392 292  88
   245   5 349 375 282 238 140 302 273  46  99 369  35 244 123 113 123
    25 162  42  92 274 317 126 269  44 397 175 356  41]
  [  0 335 261 383 236 312 280 265 316 236 161  37 405 240 132 349  10
   204 352  69 368 309 375 379 135 249 294 132 195 401 260  87 149 119
   347  24 257 240  10  75 236 272 101 250 155 311 291   0  56 236  34
   144 327  91 320 357 273 210 188  29  37 209 206 116 257 111 352 146
    58 105  76 402 369 320 377 288 344 405 318  27  83]
  [  0  74 252 128 193 104 230 287 116  28 158 354 299 180  42 195 130
   165 339 335 124 275 403 273 129 276 275  45 363  85 245 396 153  62
   255 239 277 337  67 188 352 136 270  62  63 239 145 332   0 311 159
    29 216 297 124 289 316  53  92 342 349  89  27  18 266 388 293 351
   191 313 369  24 298 277 155 104 210  79 185  15 128]
  [  0 150  78 180 122 213 210 333 109 194 314  30 127  41 400 292 395
   304  56 110 315  45  39  16 321 375 386 325 296  35  46 169  99 112
   284 191 275 146 100 248 231 148 287 227 177 245  36 185 197   0 282
   187 360 397  99  19 268 320  13  29 399 346 265 198  43 164 316 227
    56 335 357  55  82 203 378 218 386 117 366  38 261]
  [  0 376 172  13 121 256   3  33 164  56 384 401  51 164 268 374 196
   351 276  45  34 330  75 400   7 299 378 357 381 399 305 242 163 231
   256 320 374  10 324 328 284 210 223  18 139 149 177 162 294 345   0
    35 296 292  90 179 100 113 263 322 161   1  30 186 331  89 112 336
   279 347   8 216  19 153 399 262 268 307 219  83 204]
  [  0 105 281 210 209 404 298 284 122  71   6 278 395 371  65 398 275
   236 320  49 375 144 302 369  94 351   4  84  96 317 139 173 270  48
    22 208  21 329  78 232 317  73  54 162  82 163  59  68 386 127 313
     0 178  44 370  25 400 364 372  16 247   6 314 118 358 226 352  87
   388 342 235  65   9 109 135 146  98 338 313 283 314]
  [  0 362  51  96 108 229 174 309  53 166 232 302 110 343 291 298 277
   304 300 119 270 183  84 306  55 311 164  91  83 234 367 266 395 106
   110 343 361 298 371 240 291 206 209  92  77   9 104 376 208 264 142
   134   0 325 245 314 181 274 386 290  63 233 205 107 268 163 130 188
    88 404 312 286  95  30 154 189 145  34   5 345  82]
  [  0 336 203 288 227  74 215 197  71 318 305 270 352 226 266 254 250
   379 111  97   8 356 360  94 299 188  69  39 105 103 135 199 136 328
   313 253 226  85 202  72 405 155   6  77 364 406 248 236 290 105 104
   119  66   0 386 115 299 186 281  15 114 264  46 119  87 165 221 100
    62 101 161 102  44 272 100 404  24  58  20  61 364]
  [  0 192 346 377 396  32  96 267 346 231 231  25  68  59 375 393 159
   161 136 107 202 112 179 194 318 340  59  69 316 312 355 301  90 218
   230  33 360 218  59 267 375 339 261 397 399 138 210 382 126 331 369
   219 273 128   0 398 323 371 266 220 308 386 189 304 244 258 144 152
   371  44 282   6 128   5 291  44 332  14 155  21 137]
  [  0 103 227 200 103   0 392 320 298 124  52 153 296  43 122 112 366
    26 401  71 131 318 272 168 357 293 297 290  61  21 303  38 163 379
   386 321 211 302 169 374  58 391  98 237  47 200 300 282 175  12 149
   128 172 142 107   0  53 230 191 265 288  12 366 112 375 388 387   6
   317 270 147 233  59 158 377 397 400 222  98 356 149]
  [  0 294 215 358 148 198 235 202 379  12 168 389 334 356 355 139 344
   126  60  35 180  52 139 393 228 210  98  25 160 406 161 270 264 289
   223 275 386 257  62  39 148 359 233 330 387 303  76 125 185 149 354
    10   6 242 299 150   0  10 391 188 220 213 165 363 172 292 336  91
   184 145 122  91   9 247 104 290  99 165 133 367 142]
  [  0 322  55 301 177 343 223 345 143  65 306 130  10 117 181 157 354
   370 281 166 249  89 303 188  41 385 214 362  80 214 306 207 200 312
   382 395 302 270 179 204 326 211 201  21 218 359 104 100 279 370  12
   323 167  28 322 367  17   0 171 176 248 335 171  23 130  93 391  56
   254 256 154  62 298 199 284 377 353 405 207 234 257]
  [  0 288 132 113 369 248 190  85 127 159 232 330 328 260 317  63 344
   231  96  86   0 177 140 296 115  33 206 304 160 230 344  80 392 316
   326  71  39 286 234 384 392 293  58 251 265  15 128 192 334 118 386
   350  38 149 249 136  23 382   0 256 167 364  44  94 243 271  23  78
   124 336  38 333 150 304  64 178 285 276 394 369 255]
  [  0 360 180  72   6 312 110 119 357 221  64 205 185  20 320 389  83
   283 378  76  38 161 227 107 296  52 147 398 276   0  67 379 331 130
    74  27 246  46  42 151  37  84 401 252 306 312 181 170 199   4  82
    76 164  85 199 380 239 295 267   0 344 335 233 212   5  16  32  55
   337 191 299 351  16 116 235 282 345 142 307 133 226]
  [  0  79   2 137  27 251 211 182 347 156 137  86 400  65 359 124 399
   301 250  17 213   2 125  15 363 265 229 387 254 103 245 314 313 112
    56 162 219  50   2 335 250 221  50 371  39 102  18 332 221 312 221
     5  13 336 344 170  83 237 290 370   0 117 235  77  54  99 337  25
   173 338  11 285 118 128  52 224  79  28 231  24 178]
  [  0 139 272  71 266 328 286 364  63 386 132 389 198  41 243  28  94
    76 173  19 122 204 244 376 313 334 374 391  81 199 128 298 154 301
    68 223 121 369 266 234 279  33  91 204 297 388 238 172 338 269 128
   373 307 177 273 326   0  30 397 335 290   0 241 262 165 117 300 349
   315 190 112 351 127  58 205 203 237  90 186  45 192]
  [  0  31  86 308 197 229 194 368 316 128 338 341 401  31 299  42  34
   246 243 230  64 250 190   7 276 251 191 275 137  49 139   8  32 341
     7 287 249 288 128  98 369 316 268  58 312 363 116 129 133 194 220
   193 273 305 254  58 270   3  12 268 322 359   0 356  31 387   3 264
    69  46 190 291 309 270 305  19 391 118 376 213 167]
  [  0 275 291 146 111 385 363 406 290 404 370 189 268 189 262 371 401
   382 354 358 144 277 296 265  20 233  92 331 277 250 377 247 159 190
   283 125 201 364  79 343 338  42  93 383 261 293  70 249 385  91 400
   307 343 353 122 349  20 201 283  96 126 198  85   0 163  29 236 379
   273  74 165  51 402  63 225 194 225  25 235 323 202]
  [  0 275 294 212 353  37 311 141  44 163  74 400  10 227 338 277 206
   291 290  62  85 123 124 168 170 378 195 133 341 197 263 261 307 357
   205   4  91 282 175 146 188 133  77 244 404 202 226  18 218 356 196
   368 356 376  25  36 362  41 258  66 305 160 278 376   0 187 221  52
   231  54 144 140 243 148 156  91 378 283 349 187 191]
  [  0 371 197 228  89  98 336 141 203 323  89   2 266 289 329 267 265
   314 114  15 237 319 239 137 292 285 253  80 166 311 191 359 213 383
    83 367 365  41 212 293  93 353 361 199 381 328 126 221 227  76 391
   284 369 269  29 252 406 142  82  72 225 128 365  25 385   0 284 367
   325   3 230 374 101 388 391 285  12 252 195 393 215]
  [  0  35 335  41 245 178 106 379  38 377 145 307 180 188 246 150 302
   401 153 165 103 371 164 368  53  35 380  79 230 227 245 166 345 365
    78 354  80  97 243   0  66  99 180 358 321 247 354  55 405 107  80
   199  23 386 373 312 121 122 390 230 262 287 342  48 212 111   0 163
   219  40 229  55  49  87  91 237 144 299 167 403 362]
  [  0  96 300 248 314 240  15 216 344 388 371 223 309  86 193  68 252
   226 335 378 406 260  32 211 158 272 305  58 385 321 274 135 149 158
   181 256 155 280  95  88 225  40  32 206 149 333 193 385 386  90  82
   229 378 361 197 295 300 392 299 376 167 349 178 369 282 255 118   0
     0 355 342 317  46  20 401  49 317  89 194 246  21]
  [  0  90 222 282 313 251 394 340 340  89  31 396 135 126 219  93  80
   184 191 308  61 301  45  58 322  34 310 223  97 301  59 384  84 376
   256 136 394 120 383  73 282 209  22 301 101 226  89 394 213 285 216
    29 204 297 286  80 369 124 303 213 312 401  44 315 280 303 253   7
     0 190 262 206  67 286 195 403 379  60  81 264 149]
  [  0 157 298 108 136 167 132 201   1 403  10  31 320 209 133   2  74
   186 375 330 245 175  24  31 199 208  49 355 264 361 331 185 129 375
    30 366 324   0 262 272 134 127 332  91 219 205  47 116  66 249 329
   192 168 230 162  37 380 237 197 139 402 376  52 193 174 194 366 290
   208   0  44  59 157 292  20 367 171 370 181 152  75]
  [  0  26 155 351 215  32 193 216 194 275 328 293  74 125  93 183 404
   196 167 258 283 258  92 248 345 164 124 205 265 313 135 278  90 392
   381 301 175  53 189 317 234 172 273 121  56 230 188 228 125 388  93
   125 406 115 151  70 310 307 319 241  20 335 278 282 207 143  96 317
   224 302   0 299 104  88 286   7 293  61 228 280 125]
  [  0 112  20 128 212  35   1  95 325 255 256 209 277 351 124 259 161
   362 404 221 259 270 403 101 247  31 140 112 192  60  88 222 223 251
     6 207 172 100 276 342 138 249 136 142  82 147  60 339  62  74 240
   176 172  33 272 195 302  20 226 219 317 181 108 223 297 364 373 405
   403 401 315   0 173 346 272 342 203 188 333 154 141]
  [  0 274  60 203 335 105 280 128 201 161 119 107 288 295 104 244 246
   121 302 300 221 271 242 187 338 395 243 312 234 251 251 394 335  11
   374 266 139 110 266  68 232 307  21 253 331 298 174 299 346 350 406
    71 378 285 333 358 184 362 323 364  59  23 115 133  77 366  97 180
   404 319 297 126   0 300  82 348 341  50 163 203 311]
  [  0 158  31 344  17  51 282 257 188 247 138 211 244 277  64 342   0
    81 347 129  92  21 161 211 282 220  32  15  59 193 359  63 400  56
   273 201 178 222  97 365  32 139 212 333 263  98 235 167  63   1 287
   381 323 135 185 164 265   3 234  62 369  37 188 381  37 185 327 230
   276 212 168 235  38   0  88 255  87 305 213 297 383]
  [  0 203 383 372  43 220 394   1 126 253 190 273 159 293 307 219 137
   332 136 321 134 373  17 139 240 131  12 244 259 282 298 173 167 146
   394   0 269 219 251 217 279 187 324 114 224  10 248 354 226  74   0
   205 198  85  96 378  93 247  91  64 377  26 372 113 150 364 310 181
   229 163  48  20 223 237   0  16 152 358 296 115 122]
  [  0 393 284  35 373 276 287 231 195 314  71 335 188  88 305 351  95
   252  41 322 308  16  65  91 157 332 217 357 245 120 170 362  45 230
   240  84 399 292 323 149 295 349 395  61 276  62 325 236  56  34 168
   356 354 271  49 317  10 318 302 175 372 362 386 157   0 203  49 243
   383 365 265 335 330 368  77   0 100 359 365  98  88]
  [  0 261 236 359  74 307 165 178 308  97 369 261  88 270 231  36 175
   119 271 301 345 305 207 224 248 249 335 204 156 137 380 309  75  42
   185 160  78 382 212  79 377 243  80  38 223 213 403 125 129 389 175
    89 275 200 342 125 342 270 266  21 151 296 300   6 117 269  98 338
   314 181 116  60 239 320 175 106   0 380 291 246 120]
  [  0 291 244 293 118 340 223 191 253 173 221 323 308  50  85 346 152
   256 142  95  74 178 320 141 293 202 405 102 230 226 278 218 133 300
   280 149  31 270 218 321 245 241 217 343  43  47 368  93 112 113 277
   361 306  42  46 100  46 216  81 191 156  81 268 231 217 310 302 277
   116 264   9 260 320 382 240 280 194   0 165 209  90]
  [  0 376  38 375 362 385 182   4 200 208 323  37 205 298  53 170  16
   363 105  84 321 193 382 226 307 399 255 278  18 102 392 307  71 388
   141 387  47  16  49 360  35 248 389  90 196 363 215   1 134 102 194
   273 397 378 300 235 271 132  72 269  59 266 332 240 229 379 246 312
   243 104 110  22 122 305 126 133 338  41   0  97  66]
  [  0 397 287  97 281 339 288 294 224 232 206 151 396  81   0 236 139
   143 250 354 271 162 241 106 381  26 177  87 221 382 138 358  46  15
   376  73 126 380 217 361 368 295 288 140 139 221  81  40 256 171 344
   170  10  16 126 405 285 363 253 396 383 307 199 170 181 327 186 170
   301 248 275 178 178  42 105 117  82 275 113   0 394]
  [  0  81 326 249 189 321 313  31 128 277 162 214  63 277 331 375 163
   332 240 401 110  82 202   6 151 218 321 207  87 329 375 214 187 351
   278 373 331  24 344  73 371 269 148 204 205 265 359   6 259   4 196
    71 155 365 264  15 143  43 122 325 381 264  68 327  33 232 263 160
   344  66 357 211  40  38  99 318 301 381  87   1   0]]

 [[  0 124  77 138 271 242  63 324  52 223 187 173 262 311  23 214 312
   105   2 159 279  78 360 183 354 189 363 164  63 180 264   5 216 121
   180   1 325 213 256 224 102   0 285   2  38  72 187  73  75 266 183
   220 369 140 327 250 181  31 149 336  91  68 303  44 361 389 264 310
   174 363 399 148 316 291 153 342 182 279 121  16 229]
  [  0   0 191 249 406 288 100 144 402 236 217 276 224 208 311 332  23
   309  18 149  22 170 325 406 308 305   5 346 399 156 306  42 304 382
   318 263  84 253 115  46 342   2 340 377  86 328 386 118 295   1 326
   120  28 240 397 250 374 182 268  50   7 130 204 389  53  98 394 296
   313 132   7 279 299 226 228 188 374 355 225 369 274]
  [  0 269   0 352 175   7  37  57  13 164  48 303 321 258 334 228  50
   312 116 372 158 248 391 190  19 267 386  19 224 323  83 326 265 222
   362 129 257  68 195   4  99  79 251 245 177 314 211 389   8 118 311
   266 375 337 314 360 143 227 381 149 334 194  97 251 245  66  39 223
   292 211 317 266 271 144 199 390 282 105 270 234 345]
  [  0  78 116   0 240 191  87  69 102 398  37  49  15 275 278 380 245
   129 206 346 113 119  17  81 313 346 316  71 333 348 147 278 352 295
     7 174  36  80 192  33 363  89 242 110  76 123  81   5 110 343 130
   177  51  18 198  71 187 197  81 347 359 199 145  74  53 288 396 385
   124  58 216 263  90   7 142 325 285 133 124 384 256]
  [  0 259 216 110   0 270 388  87  67 158 397 142 209 390 100 385  39
   263 204 390 234 283 137  14 190   5 325 204 312 153 182  23 255 272
   271 223 341 135  73 370 286 170   9 214 378 348  45  25 344  54 110
   279 339 105 304  92 393 226 369 401  30 296  66 279 290 284 183  26
   197 243 144 358 290  53  88 308  61 246 271 350 206]
  [  0 271  94 363 247   0 152 168 272  35 162 300 155 275 315 339   7
   108 184 374 158 363  58 389  31 179 371 326 277 385  11 175 131 330
   246 275  37 147 166  83 402 295 338 304 116 403   9 290  53 233 400
    49 107 332 372 355 274 249  46  58  13 223 332 364 318 171  25 308
   231 384  10 239 119 232 179 315 369 104 257 128 290]
  [  0  69 346  27 242 207   0 163 233  41 270  65 279 228 398 183 324
   264  72 150 217   0 344 184 240 104 147  90 117 201 182 139  42 232
   157 367 232  30 382  57 266 308 294 284 340 278 247 358 375 139   5
   322 129 263 263 397 330  66 127 215 160 296 112 202 169 397 134 399
   284 293 242 321 281 376 150  61  14  57 383 351 223]
  [  0  11  53 312 270 390 279   0 394 123 158  39 349 388 372  12 153
   121  96 204 222 341 309 112 321 107 308 193 377 151 202 103  14 202
   252 316 345 194  81 259 257   4 175 171 276 239 269 281 247 226 246
   369   4 376 227  14  79 339  88 356 174 150 236 304 173 340 350 377
   291 225 374 236  69  77 159  31 230 353 358 142 162]
  [  0 205 334  13 360  88 235 323   0 314 347 268  53 396 243 377 349
   322 158 357  12 247 106 187 357 313 191   8  54 226  72  46 161 305
   161  79 398 274 376 158 361  63 209 255   9  99 349 100 286  14 289
   166  74 309 207  63 153 233 352 120  97 292  52 389 128  97 361 115
   100  28 271 281  54 146 154 102 115 328 395  46 179]
  [  0 139 306 254 238 286 136 392 398   0  99  99 316 286 130  88 210
   327 371  69 305 393 316 144 125 278 285 112 333 363 343 214 114 127
   206 269 284 310 260  37  25 166 210 110   3 152 206 128 171 179 208
   215 145 206 240 142 154 355 229 321 138 250 122 193 133 135 402 227
   371 203 321 238 290 196  26 249 274  61  45 356 134]
  [  0 141 244 297 306 149 178 319 173 390   0 271 227 356  73 330 183
    19 302  80 365 114  55 110 144 302 298 144 107 341 127 244 298  73
   271 135 371 161 132 330 292  32 113  19 112 402  83 392 135  96 399
   181 272 325 332   2 298 143 202 248 198 141 166 109 357 122 158 248
   209 194 325  28 380 209 203 261 195  43   0 348 106]
  [  0  35 396  34 166 208  92  70 135  52 279   0 399 157   0  80 252
   380 300 132 290 230 390 226 184 259 102 368  24 204 395 163   3  77
    14  26 311 402 197  69  98  13 365 334 252 221 250  65 378  71 106
   153 151 175 287 111 205  71 235 188 381 223  32 365 167 215 130  53
   226 289  25 137 235 185  45 228 169 304 375 216 175]
  [  0 255  96 266 366  58 353 119 135 286 228 185   0   1 286 388  55
   335 235 131 374 108  27 315 268 124  96 258 254 176 361 404 202 133
   374  32  50 230 262 182 284 352 177 363 234 187 188 206  14 306 339
   260   5 174  23 219 151 384  59 395   6 242 368 198 244 307 290 288
   313 284  76 388 161 399 239 183  27 170 175 344 237]
  [  0  73 137 261 128  23 161 381 113 192 167 174 175   0 152  37 343
   329 249 304  95 261 296 246 286 352  27 159 387 402  26 226 257 323
    64 144 132  12 171 208 266   9 283 219 166  25 360 177 183 393 200
   226 244 285 137 312 118 384  84  85 251  85 122  93 194  74 310  34
   300 113 248 140 107  13 382  52 313 274 165 392 233]
  [  0 399 136  51  41  57  77 380   4 106 202 293  33 213   0  23  94
    74  81 252 229  85 219 383 337 343 250 155  63 306 231  40 391 312
   333 208 343 225 225 358 312 307 250 352 332 207 101 209 297 359 302
   277  11 142 291  91 189  70 269 155  64 133 277 258  40 366   0 114
    38  29 165 348 350 373  89 140 157 123 130 232   9]
  [  0 194 227 247   8  94  48 146  78 246 377 400   9 224 125   0  99
    72   9 263 150  83 137  53 165  88 278  20 254 311 298  79 264  91
   162 363  17 247 301 273 294 406 105  37 100 256  82 174 259 311 202
    54 205 128 169 298  81 274 125  21 152 278 309 117 246 290 273 283
   180 241  89 405 384 180 165 121 131 278 230 122 182]
  [  0 317 147 302 195  37 137 296 360 314   5 175 178 361 400   3   0
   190 255 268 144 270 205  51  60   2 301 366  51 286 304 343 171 400
   401 271 376  21 293 119  11 357 350 188 359  30 240 140 303 406 357
   214 184 247 282 238 403 289 204  47  49 280 353 299 135 303 278  12
   382  31 284  35  86 405 362 372 406 133 341 223 201]
  [  0 281 214  79 227  53 368 131 336 138 162 277  27 293 235 399  81
     0 284  74 270 230 139 362  82  29  26 188 389 328 214 250 233 271
   285  27 345  66 332 157 115  79 162  74  61 257 126 125 204  70   5
   128 278 342 291 340 342 152 325  35  96  47 234 194  23 398 220  28
   389 139  26 100 155 262 156 308 152 393 369  37 144]
  [  0 360 183  31 263 280 368 117 178  94 305 379 124 108 158 150  25
   362   0 317 248 100  27 406 167 135 129  34 110 372 253 319 259 357
    65 144  75 236 258  74  97 144 386 222 216 189 402 297 266  28 230
   272 245 184 135  13 224 352 395  95 202 144  68 152 292 396 197 348
    34 194 220  46 371 390 128 205 260 352  34 278 147]
  [  0 290  70 249 113 166 283 180  87 133 128 286  82 190  61  83 353
   151 185   0 114 323 318 291 138 366  68   6   9  57 228 405 358 351
   190 385 243 360  30  81 377 395 211 259 123 354 315 321  21 344  57
   193 313 395   8 172 382 166 145 127  46 325  52 143 237 119  76 269
   168 178  89 120 136  50 370  31  66  91 279  30 145]
  [  0 382 287 123 185 305 229 130 257 365 237 187 202 136 385 285 368
   345 148 117   0 172 401 334 153  76 263  39 360  11 377 200 397 240
    27 347 265 235 115 256 268 399 181 254 195 144 244 237 372 384  37
   128 282  48 379 249 253  40 107 311 107 228  27 221   7 147  82 102
   256 200 205  10 362   8 192 372 157 121 332  55  65]
  [  0 233  66 389 393 314 382 197  48 343 147 101 164 358 162  83 260
   145 102 343 273   0 288 314 177 401 339 328 136 404 120 240 375 324
   121 285  67 335 331 378 141   6 290 360 301 374  54  96 198  49  28
    20  19  88 229 107  69 345 132 142 403  45 198 204  57  11  20  64
   234 345 391  45 186 216 164 109 271  95 198 271 172]
  [  0 386 214 224  97 166 292 391 198  83 102 333 368 209  18  44 119
   101  91 372 120 116   0 143 359 346 391 339  41  33 154 201   8 131
   157 370  13  13 392   8 252 332  53  27 310 152 313 115   6 160  12
   234  38  51 235  70 123 392 373 289 404  26 256 201 113 165  24  59
   176 400 288 120 354 233  82 396  79 304 131  64  38]
  [  0 213 261 182 356 145 334 384  68  89  16 278 171   0 159 329 394
   111 228 294 187 292 127   0  85 200 330 167 135 304 216 347 322 125
    20 130  71  47 306 308 200 281 158 349 128 302 225 393 194 369 215
   127 134 279  63 367 209 179  82  44  88 355   2  95 289 390 163  71
   335  96  45 313  47 316 135 358 254 157 386 394  72]
  [  0 192 194  91 342 125 170 246 301  16 136 309 150 350 159  17 131
   345 327 278 285 344 223 354   0  79 199 201   3 405 267 358  84 374
    44 320  25 334 163 256  75 391 204 353 388 172 288  68  69 119  83
   267  13 154 112  25 354 153 100 305 294 330  91 280  48  29 370  93
   377 330 325  75 300 355 212 333 355 176 184 359   6]
  [  0 191 124  71  80  62  47 358 123 171 115 153 326 185 157 247   5
   394 241 158 140 253 239   9  86   0   4 166 169 354 353 235 191 172
    47 211  46  47 131 181 387  32  70 391 115 152 190 228 340 216 406
   160 290 333 298 403 165 316 372 213 254  13 128 327 135 266 238 185
    76 309 277 264  80   8 215 273  25 140 329  67 384]
  [  0 288 200  46 277  74 108  71 395 236  73 312  49  81 289 226  20
   190 282 146 215 155 382  95 401 226   0 309 252 367 217 402 331 218
   301 385  67 355  96 287 134 325 213 363 256 356 291  38 331  30 188
   367 270 159 124  41 232 405 148 127   0 285  61 261 376 279 244  63
   240 384 272 125  41 328 122 208 156 213 179   0  73]
  [  0 278  19  48 104 253 371 376 151 318 185 366 295  27  46 279 296
   193 181 145 197  13 348  31  92  76 162   0 356 109 140 348 155 146
   231 116 231 289 197 382 243 326  89 104 273 362  87 153 262 145  47
   194  63 369  98 147 321  60 288 135 293 383 193 331 391 378 185 217
   189 181  83 230  38 180 375 187 181 374 225 329 191]
  [  0 323 304 190 371  80 129 395 109 192 168 271 397 265 309 367  63
   260 227 249 324 244 250  77 196 188  66 155   0 358 179 164 311 309
   254 171 101 224 302 154 123  94  90 277 289   3 369  22 264 276 323
   273 238 187 308 117 134  85 198  97 229 175 302 182 371 225 341 199
    87 289 357 312 182 149  70 134 355 276 347 269 100]
  [  0 221 180 374  32 215 146  53 173 294 131 170  76  33  29 147 348
   357 142 104  88 101 396 356 160 139 125 373 113   0 170   6  39   2
    80  64  87  86  58  24 315  54 217  77 301   7 330 280 328 169 371
    87 174 191 252 263 276 301 350  98 326 195 369 272 159 371 317 241
   359  94 395 165 337 167 182  70 128 252 406 361 281]
  [  0  98 341 264 330 268 176 283 103 246 271 324 370   5 305 341 147
    35 278 156 223 239 127 141  23  11 205 103 364  16   0 264 378 312
   120 179  36  98  62 157  22 248  33 185  44 102  31 231  55 225 278
   222 344 406 391  97 103 274  53 289   1  52  42 334 130  38 395 181
   362  59 214 356 241 317 369  70 355  93  23 103  45]
  [  0  36 321  64 347 309 351 221 301   9 286 109  84 280 198 296 138
   292  13  44 252  64 292  52 180  59 306  21 236 270 384   0  25 386
    63 121  93 191 240   1 114 108 216 275 304 270 347 336 223 239   4
   259 260 280  29   6 248 307 387  67 298  10  91 383 115 360 180 243
   169 335 360 354 137  58 352 133  88 134 178 400  48]
  [  0 118 336 360 226 277  78 280 223 182 201 121 122 362 107 192 268
    13  78 336  21 237 263 328 250 366 105  60  82 267 127 131   0 108
   209 160 140 215 201 249  37 135 367 320 245 225  86 188  43 389 191
   315 275 385 133 192  94  60 105  20 351 120 243 405 179  71 190  15
   406 389 266  69 359 388 290 162 248 320 228 312 190]
  [  0  43  31 292 148 113 288  24 171 124 330  80  20 236 351 363 264
   203 304  60 176  73 219 107 138  15 315 158 373  91  75   2 164   0
   270 272 306  78 117 328 247 107  67  42 330 370 404  61 360 164 245
   186  78 335 146 260 224 220 189  44 151 262 336 277  98 173 139 281
   115  32 117 396 318   5 133 138 134 127 335 111 139]
  [  0 266 221 202 353  39 188 107 156 350   4  24 324 133  29 121  20
   311 281 297 237 364 319 345 370 164 349  57 366 219 390 301 176 332
     0 326 158  11 113 360 312 325 338 264 329 171 244  35 352 401 405
   197 327 107 113  33 307 397 148 379  40 161 115 402 276 331 292 127
   125  45 255 339 353 302 312 141  48 224 361 287 276]
  [  0 332 226 261  37 100  28 182 206 310 176 227 323 256 355 164  79
   213 230 402 284 352 319 199 338 317  68  55  98  39  34 349 132 335
   364   0 121 389 227 327  10 355 394 150 106 245 170 126 290 368 140
   364  13  14 404  92  64  57 197 401  69 321  79 264  63 315 212 118
   135   7 173  52 267 333   6 212  78 172 131 250 201]
  [  0 210 366 150 145  70 321 281 335 191 308 220  96 333 406 213 287
   207 316 143  15 289 166 340 292  15 306 369 137 284   6 339 349 144
    54 213   0 325 230  56 217 307 328 257 268  96 396  52 312 212 353
   257 190  21 383 249 373 333 171 321 404 177  58 339 272 131  35 213
     4 356 264 321   6  88 350  45 278 355 100 387 283]
  [  0 244 166  47 277 217  98 201 227 362 388  86 277 193  94 397 287
    69 369 260 405 326 194  79 235 401 214 400 371 176 164 155 197 177
   354 248  14   0   2 347 311  85 336 219 338 303 225 376 279 123 388
   140 198 322 308 389 380 140 204  44 354 361 336 296 167 311  64 178
    42 256 369 125  28 244 281  61  87  93  21 101 314]
  [  0  67 271 339  32 354 211 152 127 402 305 283 349  26 284 232 225
    46 101 255 404 312 103 218 117  42 244 297 258 150 339  32  21 127
    67 351 237  63   0 141 377 298 233 359  45 334 258 353 280 117 247
   281 104 110 355  67 229 122  21 370  42 224  86 376   8 196 350 210
   276 377  82 339 380 250 268 304 384   9 157   6  14]
  [  0 148 376  69  47 302 102 197 385 405 258 328 139  88  98 261  34
   249 160  77 157 157 146 211 374 308 293 271 191 296  67  28 134 272
    43 307  27  72  19   0  73 156 350  92  26  83 124   5  28  93  82
   194 165 132  41 248 224 313  77  43 365 112 136 120 394 183 212 190
     7  54 204 284 260 348 170 139 213 188 304 332 303]
  [  0 373 317 308 162 356 245 332 200  60 114 210 373 243 367 114 317
   199 383 147 204 248 404  61 165  95   2 362  83 194 176  97 339 273
   153 297 252 267 223 330   0 216 151 123 110 319 250  71 382 288 311
   145 192  63 143  97  59  49  73  69 129 304 119 115  30 167 369 194
   337 310 353   7 116 379  22 134  46 395  79 159 337]
  [  0   6  83 301 109  90 313 250  52 285 119 237  73 136  71  11 282
    15  23 220  27   0 227 198 165 303  52 405 217  35 330 166  34  55
   351 352 348  23 259 400 256   0 269  97  88 342 289 143 280 107 126
   236  78 169 162 375 182  98 356 147 318  64 170 304 208 220 389 335
   383  39 279  43 369 347 245 171  63 235  93  72  18]
  [  0 338 293  53 220 296 270 340  44 236 316 354 314 360 217 163 342
    92 387 316 109 320 360 160 106 184  59  93 332 181  40   1 338  21
    93 112 178 196 300 228 376  53   0 111 298 395 117 143   5 344 312
   176 142 132 256 227   0 218 329 124 345 124   5 143 334 119  49 110
   175 288 344  31 181  10 319 185 401 153  41  91  63]
  [  0 361 143  86 250 250 395 262 138 122 276 137 342 124 200 368 372
   123 234 340 130 119 351 109  40 236 142  50 291 189 268  24 361 342
    88 210 144  83  86 147 220 174  74   0 349  46 288 184 127 281  98
   153 255 354 370  30  90 207 181 179  87 386 213 367  74 350 233  93
   159 213 328  41 389  90 376 316 152  44 120 129 317]
  [  0 302 221 244 259  55 304  93 394  49 270  25 281  95 399 100 139
   350  51  52  92 353 375  75  30 329 239 387  91 378  89 358   5 347
   222 188 127 313  80 198 137 220 295 260   0  53 222  14 362 351 173
   131 143 388 188 361 245 341 293 277  14  55 350 138 193  77 343 303
   370 116 371 322  75 359  67 274 263 134 113 382 104]
  [  0 262  82   8 144 210 270 406  69  72 141 241  47 272 100 326 344
    84 377 355  21 307 171  60 191   8 167   3 232  37 246 221 333 329
   222 288 271  22 109 102 281 334 309 214 109   0  55 272 222 275  38
   223  25 182 177   4 232 327 204 352 318 346 392 353 246  27 283 146
   337 302 395 228 307 232 389 127 381 198 165 397  87]
  [  0 322 319  74 318 124  93 157 131  56 392 111  72 160 388 267 115
    55 405 112 119 338 165  65 253  59 379  78 269   8 165 396 176 288
     3 383 166  62 127  11 166 256  87 321  25 111   0 326 317  40  98
   278 335 347 159 252 300 256 129 206 257 349 286  97 209 107 143 389
   330   6 262 337 275 294 164  23 399 328  60 389 314]
  [  0 295 119 130  94  45 381 334 249 317 306 191  91 122 385 373 103
   133 218 243  17 103 311 342  16 280 175 192 368  45 236 343  92 233
   296 298   2 188 339  55  11 116 228  55  86 226 136   0 133  42 114
   145 232 337 210 400 182 116  79  47  82 188  29 378  66 158 157  81
   136 109 363  12  47 319 197 220   4 163 128 293   5]
  [  0 295 188 273  66 140  81 160 187 189 392 207 339 275 208 287 285
   376 363 163 394 241 296 256 367 349  59 132 319   6  22 122 363 261
   166 378 174  11 382 181 161  59   3  92 294 218 269 395   0  49 218
   182 305 303  24 361 198 181 330  98 232  58 277 274 281 398 256 357
   300  31 389 169 215 377  85 203 367 219 391 331 324]
  [  0 144 377 181 124 180 248 381 225   4 141  69  20  12 344 192  63
   133 300 133 123 369 255 358 346 132 315 336 125 364 276  24 286 215
   186 235  82 167  36 360 133 154 396 290 114  10 331 324  39   0 403
     0 393  22 301 372 278 325 323 104 311  14  34 273 119   5 273   4
   395  92 127  94 207  82 383 251   9 358 133 322 171]
  [  0 216 108 272  43  44 214 361 284 241  26 166   0   6 258 109 204
   141 249 343 403 340  86 150 219  98 326 194  66 321 176 171  37  29
   204 182 197 348 285 129 322 381 219 170 207 253 373  25  34 129   0
   183 285 124 323 306 395 191 164 296  18 228 149 302 308 285 211 296
   299 197 156 307 280 245  93 355   2 243  76  65 345]
  [  0 260  12 253 307 155 293 375 209 190 298 166   4  46 287 367 272
    85 349 405 386  31 113 296 148 144  23 294 146 191  90  19 277  25
   144 406 345 315 317 280 155 226 308 199 403 304 170 299 383 200  12
     0  17 158 339 270  74 206  13 165 158 135  18 126 363  20  67  60
   281 376 211  44  10 143  11 262  97 324 121 304 254]
  [  0  25  28 351 323 260 189 268 375 335 278 169 316 227   0 201 338
   211 127 116 401 363 153 406 252 239 288 160 357 178 383 202 395 233
   154  53 284 229  17 306 391 323  66 154 105 102 223 142 376 217 206
   339   0  81  73 167 361 168  97  50 139 169  91 249 359  77 184  38
   335 238 156 275 249 209  29 160  67 288 117 105  35]
  [  0  15 205 328 137 188 129 313 101 306 196 148   9 222 330 231 194
   118 386 204 185 224 238 124 181 105 142 215 252 362 318 120 311 186
    95 262 336  17 168 101  25  96 173 148 184 150 342  42 138 113 246
   148 163   0 295 196 395 333  63 246 389 102 322 313 226 286 393 344
    56  43  37 143 399 371 396 198 300 253 199 371 169]
  [  0 197 268 380 318  50  18 267 397 263 247 141 178  92 362 139 226
   164 158  51   8 211 339  12 345 166 317 131 166 187  28  47 227  92
   386 228  25 389  77 299 142 218 369 287  45 217 214 184 120 364 300
   340 321 220   0  41 110  97  34   0 219  19 236 121 279 202 250 387
   342  58 216  24 370  30 214 354 210 320  33 370  36]
  [  0 286 337  26  68 228  19 363 119  98  31 117  91 405  96  20  89
   332 377 343 339 184 172 222 308 200 267 221 228 100 312  93 188  36
   106 238 132  69 345 400  87 311 343 285 149 366   4  75 113  54 365
   359 285  99 294   0 302 212 236   4  30 129   0 368 353 105 295 283
    96 320 211 358 355 320 295  95  94  56  30 337  64]
  [  0  95 358 365   8 140 127 299 335 288 140  72 325  31  53 242 386
    52 214  98  67 273 180 255 308 308 137 400 244  49 265 108 135 123
   303  56 108 138 385  10 203  36   5 385  81 268 347 316 257 336 189
   138  66 360 100 244   0 374 165 227 282  61 197 278   8  63 393 292
   239 315 400 139 318 208  49 246  39 327 166 210  29]
  [  0 305 130 243 360 340 351  60 121 400 396 173 360 293 267 388   3
   112  88  36 267 255 301 102 379 255 314 393 250  62 335 336 367 170
   367  20 222 382  72 397 178 271 280 179 112 235   5 388  81 221 325
   221 139 339 364 240 224   0 399 214 376  43  38  71 160 395 331  38
   393 182 150 353 220 401 327  76 385  33  49 300   5]
  [  0 247 353 228  73 296 140 145 302 344  60 282 290 249 313 319 205
   238 192 365  90 153 196 316 107 174 244 240 176 382  40 345 121 157
   283  60  58 143  89  18 390 179 315  99   9 335 303 389 107  83 347
   120   1 231  33  42 194   0   0 322 280 170 299 335 281 105 171  60
   394 264  35 320 105 382 220 164 216  69 163  92 240]
  [  0 187 342 397 401 219 246 119 124 361 189 401 327 264 370  94  50
   254 382 349 319 143  44  27 250 349   1  21  50  69 377 211 158 209
   398 116 146 190 314 371 135 398   0 309 405 276  46  75  30  62 227
    42 183 224   6 236  51 239  88   0  74 322 148 389 220 145 208  92
   283  37  70  59  99 288 296 397 331 177  95 254 160]
  [  0 368  74 399 198 384 193  59 209  11 324 137 146 392 137  39 125
   117  63 402   9 163 233 193  85 187 343 281 362 113  95 371  64 358
   338 149 264 385 213 286 164 145 365 137 318 280 394 230 357 105  32
   309  57 240 176 280  78 246 105 366   0 181 108  64 288 307  82   2
   118 333  95 240 388 287 259 389  80  35 379 350  19]
  [  0 318 247 303 396  35 262 336 371 117 395 400  25 282 120 159 205
    84 257 150 385  92 266 163 235 364  27 145 145 401  54 214 308 192
   215 111 274 361 162 182 166 257 241 197  50 229  99  72 320 167  12
   181 176  73 315 384 357  16  68 132 251   0 397  62 315 353 121 110
    46 377 327 270  94 377  30 368  39 279 118 401 141]
  [  0 170 176  28 190 134 399 354 103 224  82  18 399 325 165 168 377
   346 367 258 167 331 177 406  94 381 182 154 301 107 288 188 292 298
   344 261 249 321 244 352  20  11  12 147 358 404 363 129  61 238 171
   390 386 341 390  45 195 172 272 371 334 119   0 274  46 258 150  83
   246 259  84 312 387 180 295 166 234   4  54 113 305]
  [  0 125 284  43 117 318  75  56 166 233  76  49 367 271 179  12 378
   220 278 211 321  41 162  68 124  49   2 132 140  60  16 360 257 341
   261 108 136 246 345 167 129 164 352 184 293  53  46 145 357  47   8
     2 353 217 226 282 363 334 134 333 351 327 350   0  93 253 128 213
   145 148 390 200 212  88 324  25 305 347 267  38 405]
  [  0 343 215 403 302 315  53 266 295 241 171 373  36 170 225 313 135
    62 125 216 291 190 223  43 261  71 131  30  53 160 320  13 108 124
    55 244 225 131  84 367 387 111 391 152 155 209 247 195  14 140 396
    97  63  76 274 279 379  41 162   1 217 391 141 303   0 133 384 359
   397  61 115  95 304 191 179 345 366 345 345 210 211]
  [  0 405 356 351 287 353 188  30 304 399  16 189 174  97 126 148 289
   133 301  46 332  68  49 358 142 285 402 366 329  55 299 236 279 133
   298  92 234 196 373 302  10  73  33 170 115 233 102 356 214  53  95
   377 267 133 188 403 290  29 243 161  35 205  26 317 362   0 277 385
   333  15 308  64 194  12 116 315 246 302 209 294   9]
  [  0 180  98 149 358 283 188  50 310 243 120 169  95  69 296  59 113
   379 214  19  29 344 299 378 401 121 368 359 364 120 128 186  77  89
   148 182  25 153  93  65 396 199  98 255 181 170 334 399  59 170  44
   326 266 176 232 101   1 124 233 369 380 136 235  96 192 371   0 310
    34 307 146 101 300 129 247  94  10 225 406  29 332]
  [  0 294 146 120 357 212 402  14 211 200  92 350 339 252 164 226 229
   260 396 162 164  39  77 324 244  60 168 112 346  90 261  55 262  57
     4  25 268 157 269 209  23 211 282 272 382 392  26  88 177 338   3
    51 316 112  95 143  48 305 354  93  61 272 260 340 144 244  16   0
    67 397 242 223 225 314 276 137 208  10 262 371  44]
  [  0 383 290 263 326 118 108 342  95 225 282   0  77 235 166  81  30
   239 169 208 313 110 105  17  74 246 184 331 125 217 177 313  89 283
    59  48 174  11  17  28 394  41  64 264 136  43 349 251 195 297  48
   291  33 394 142  84  64 150  31 394 177 249 350 187  75 241 301 382
     0 340   7  59 288  47  32 151  11 202 318 393 365]
  [  0 372 181 117  82  53 210 218 135  91  64  33 271 117 147  89  31
    66 128  45  79 221  89 247 184  55  44 188 275 184 111 379 227  21
   305  56  53 216  91 325  22 346 256  79 389 317  93 145  56  37  21
   164  25 110 295  29 397  21 351 136 318 106 319 101 370 362 184 143
   318   0  95 225 230 350 108 218 304 251 340  55  96]
  [  0  30 356 316 367 171 259 305  96  49 117 293 366 190  43  31 177
   387  39 226 363 128 176 270 234 146   5 237  75 110  61 339 390  21
   224 334 354 310  17 286 164 188 401 170  70 155 189 180 216 121 101
   335 373 393 370 201  91  25 266 212 105 388 187 293 132 312 281 393
   102  15   0 197  34 384 133 254 285 275 123  97 263]
  [  0 375 173 108 147 134 158  94 251 289 323 153 211 180 367  10 273
   292 126 383 214 271 330  79 224  16 227 338 263 325 255 154  32 268
   346 111 175 276 345 243 284 326 406  20  77 172  29 301  99 136 404
   329   7 137  92 256 335 169 263 213  44 233 295 225 342  25 273 304
   198 273  43   0 152 270  63 171 139  54 308 156 383]
  [  0 164 313 140 204 221 106 324 326 110 208 255 275 392 383 162 154
    55 208 167  68  48 387  60  28 172 389 174 144 209 280 369 246 339
   399   8 314 323 221 243 187 304  22 345  67 285 149 262  81 169 131
    72 132 342 212  14 372 165 329 185 385  88 189 254  61 298 278 287
   197  93 212  57   0 204 379 288  99 141 159 259 289]
  [  0 321  63  88  27 185   5 176 394 235 311  42 378  27 391 267  67
   323 397 117 333 219 354   1 106 282  75 176 356 192 359 330 128 152
   103   9  97 304 237 336 323 152 289 262 199  51 172 330 130  44  21
    48 268 150 333  32 123  92  38 334 151 206 104 323 156 307   0 339
   139  87 331 237  57   0 318 389  23 279 380  26 255]
  [  0 274  64  16 327 238 300 390  63 115 119   8 360 356 211  91 328
   202 316 402 121 390 297  97 248  63 342  35 219 107 203 154 228  24
   101 238 373 191 353 213 335 312 166 329  61 191 261 381 260 273 206
   296 313 374 313 385 273 398  70 243 285  57 107 292  21  73 324 265
   227 206 187  50 323 311   0 227  24 331 295 359 400]
  [  0 352 348  60 140  19 158 197 395 284 297 322 113 296 305  49 357
   342  90 380  44 231 108 237  54 376   8 309 389 303 345  42  80 290
   174 296  43 336 118 325  30 166 395 225 288 155 261 244 276 376 105
   327 312 156 371 383 307 251  28 182 111  59 228 162 288  34  24  84
    67 362 104 345 332 320 221   0  80 183 155  96 272]
  [  0 168  10 177   3  29 297 218 363 212  22 319 374 178 146 224 332
    27 264 388 208  47  36  94 218 370 297 220 397 301 284 302 152 255
   179  96 336  44 321 400 269 276 314 144 257 158 240 253  85  62  41
   199  19 214 246 297 342  16  13 154 341 122 246  47 228 168 279  55
    78  60 179 295  62 349 397 189   0  47 280  49 245]
  [  0 265 267 380 116 239 318 127 199  86 127 390  87 190 280 263  71
    27 381 174 176 225   6  63 335  43 140 155 347 405  82 395 401 108
   169 382 261 378  67  21  48 321 399   6 144  67  45 404 201 332 270
   198 325  31 256  63 303 273  72 211 394 343 214 336 137  82 106 269
   324  29 331 100  21 245 111 393 248   0 208 294 187]
  [  0 131  64   2 223 223 329 110 173  11 155 231 156 120  37 388 271
   328  18 116  74  73 142 346 194 170 375  36  94  33 213  95 230 115
   250 267 120 187 298 257 177 321 278 350 324   0 278 124 276 102 317
   330 338 168 220 331  54 350 192 229 167  42 386  61 101 180 226  93
   106   4 304 141 111 377 406 232 259 228   0 382 402]
  [  0 342  75 387 356 284 374  48  90 211 264  63 354 282  40 323  95
   113  46 278 229  20 326 355 236 235 174  48 368  90 206 264 305 250
   237 326 165 247 315 124 297 338 396 219  30  68 348 159 154 282 153
   380 289 231 115 389 237 162 329 337 128 269 332 361 173 300 252 386
    28 115 124 131 244 258 111  59 167  16 166   0 189]
  [  0  67 221 314 368 344  66 166  12 177 239 319 112  92 233 369 265
    91 126  68 300 329  13 207 402 251 384 369 224 375  98 339 397 140
   153  98 251  57 230 179 149  46 220 166  19  76 238 345 155  84 339
    24 282 293  44 187 267 237 303  99 182 320 284 321 397 362 220 103
   360 387 147 277  42  25 403 265  11 390 102 131   0]]

 [[  0 286 244 223 153 120  95 144 243 191 166 168  27  87  73 385 392
   159  26 233 160 123 109 123  21   1  85 276 322   9 101 353  10 195
   186 392 392 295 129  66 243 123 280 217 233  80  43 114 116 332 206
   389  21 169 162 217 365 219 233 142 100 203  98  51 389 329 207 174
   220  47  52 163  27  79 115 296  59  56  83 167  18]
  [  0   0 327 279 404 400 244 245 303 261   1 270 143 244 190 289 121
    21 359  15 253 401 260 115 356  84 234  35 235 192  63   6  59 352
   168 276  57 391 271 340  60 102 160 132 116 389   6 259  81 295 218
   402 378 283 171  95 149 227 184  29 155 120 277 216 188 300 282 346
   268 254 299  10 394 166  54  16  97 324 309 357 153]
  [  0 130   0 306 167  80 206 109 349 213 373 325 324 270 286 126 162
   157  58 379 181 116 131  59 391 182  81 179 404 159 373 343 352 211
   244 267 344 245  54 226 116 326 343 296 397 347 345 262 328 161 250
   400  68 302 303 154 371 111  68  48 168 243 173 106 159 208 153 215
    65 178  49 129 123  25  27 174 222  68 160 285 397]
  [  0 162  90   0 222 385  71  36 312 172 148 230 342 324 225 161 249
   163 297  90 226 172 260 317  50  21 378 399 344  80 365   2  63 149
    49  18  39 140  33 125 353 212 292 265 378 145 152 282 110 200 406
   114 187  72 216  11  93  93 306  77 218 167   6 386 114 344 256 278
    96  69 351 137  86 150 389 268 385 216  47  78 300]
  [  0 291  99  55   0 405 151 362  61  50 252  54 185 303  43 233  24
    98 172 369  59 199 387 210  52 289  41 396  62  51 185  67 308   6
   193 124  39 378   8  88  94 294 285  80 355 168 333  55  31 364  93
   338  89 231   2  90 402   3  82  49 356  73  68 354 270 177 376 180
   194 124 337 160 176 214  95 162  40 258 105 378 128]
  [  0 131 221 400 406   0  46 404 227 318 129 232 137 201 331  65 206
   277  34 146 105 191 267 138 298 215  53 145  34  60  86 233 157 252
    28 149 379 124  55 382 229 403 240 222  70 259 351 195 352  49 285
   230 225 344 100 114  82   0 343 121 353 268 128  21 403  87 197 317
   370 291 144 274 139 209  70 191  59 275 305 234 312]
  [  0 104 122 193 130 391   0 217 205 375  74 333 109 317 338 171  19
    86 120 223 185 122 278 336 301 131 298 220 111 354 151  92 203 340
   359 164 187 390 111 101 230 154 178  96 326 342 381 150  93 295 346
   153 284 362 314 382  95  34 272 342 177 335 382 266 276   4 340 169
    26 343 157 249 114 297 256 265 226 133 122  39 347]
  [  0 361 213 272 187 106 176   0 192 102 209  53 207  84 251 301 404
    77 173  11 204  11 370 127  21 373 335 101  48  84  79 343 305 392
    28  76 213  18  99 275   4 212  40 128 276 146 245 360 204 246 114
    40 368 156 117 191  32  32 219 117  92  84  77 186  90 254  58 194
    88 265 254 171 304  25  98  10  13  14 130 337 256]
  [  0 187  87 240  93 376 356 202   0 330 185 266 341  64 248 384 178
   322 293 309 167 225 359 171  44 373 397 170 164  54 255 242 205 159
   248 214 396 330 106 278 347 178 142 120 284 159 373 285 119 265 298
    47 282 208 382 370 300 380  42  22 269 122 327 251  78 393  87 255
   174 110 368 307 274  97 176 285 217 147 257 168  79]
  [  0 316 292 232 225 374 239 343  66   0 243 113  31  74 317 342  99
   199 204  58 391 163  72 235 152 262  64 228 171 385 275 137 258 403
   391 227  30 204 242 372 257 148 321  32 273 158 141 358 353 316   0
    95  92  47 318 233 347 366 195  99 232  46 147 167  96 146 106 100
   337 363 312 365 336  95 330 179 153 377 390  16 331]
  [  0  82  52 213 372 204 373 213  16 221   0 334 386  69 317 348 383
   400 361 156 377  11  97  46 136 394 195 110  69  75  40 172 318 108
   391 371  74  82 245  75  88 228 115 382  97  75  24  62 137 266 168
   282 343 234 311  45 150 151  10   4  60  60 372 346 159 132   5  27
   382   9 404 105 342 267 156 183  24  43 211 255 197]
  [  0  85 215 287 136 286  69 148 141   4 163   0 355 339 318 240 273
   116 360 259  14 359  42  15  67 335 234  75  10 267 378  16 303 320
   221 371 341  47 265 202  48 149 390  87  27 320 331 270   3 297 208
   190  64 328 224 383 158 306   0 246 294 260 228 273 341 255 123 314
   391 348 326  86 301 392 138 134 274 167  81 356  22]
  [  0 375 126  92 194  35 263  50 350 216 406 124   0 124  82 277  93
   197 360 337 183 338 176 263 222 264 348 199 253  53  33  40  93  94
   285 123 383  57  29  76 254 256 272 149 231 275 161 390 329 225 240
   227 175  32 304 269  55  75 163 373 342  80  29 285  22  11  43 165
   311 293 155 386 116 273 304 306 117 212 173 123 277]
  [  0  76 381 372 230 276 176 291  20 180  47 249 181   0 379 300 261
   190 187 382 356 295 402 164 129 146  86 359 177  72 259 132 275 168
   388 364 275 370 250 209 206 155 338 249 313 217 285 405 263 225 270
    26  61   3 359 357 395  20  29 233 403  30 406  33 116 375 156   4
   369 206 261  13 278 164  76  95 205 130 263  89 151]
  [  0  41 390 317 384 297 146 287  14  42 349 189  20 192   0 295 119
    48  75 271  25 375 382  99 237 132 166 139 344 271 282 161 209 286
   158  80 364 114 338 149 391 125 125 122  59 219   0   3 284 267 329
   144 344  58 351 299 381 164 356 376  45  30 214 385 184 158  55 130
   194 364 368 405  76   5  54 371 361 142 385  24  88]
  [  0 323  99  48 372 268 273 270 275 209   4 118 282  74 203   0 172
   124 376 335 118 287 250 174 375  37 324  30 389 102 302 115 325 256
    36  59 243 285  64  32 333  97 179 273 265 102 388 224 212 299 397
    84  94  78  18 287 169 194 338 338 136 383 252 346 142 144 384 368
    45 400 271 315  55 406 175 142 402 359  38  29 116]
  [  0 167 328 107  36 343 273 247 212 250 349 169 399 378  85 372   0
   406 137 179 357 346 212  99  19 154 217 199  18 157 250 142 223 357
   398 108  55  27 125 358 223  66 220 302 350 109 179 164 370 339 313
   192 229 222 152 240 167 290 175 163 339 119 290  79 387 280 171 162
   117 322 148 179 160 372 363 279 348 197 241 373 247]
  [  0 259 252  68 261 347  60 161 381 153 149 180 235 108 157 367   9
     0 339 128 299 344 319 376 222 332 374 197 235 284 217 323 169  18
   141 200 145 225 405 111  63 373 354 220  12 320 338  68 241 283 381
    26 276 383 352 101 139 265 198 298  47 404  20 405 406 164 255  62
   225 269 396 162 202 343 374 313  82 304 129  96  96]
  [  0 302  52 329  92 133 238 101 348  54 119  38 141  10 340 345 166
    93   0 405 184 139 309 324 399 246  79  68 329 404 156 241 284 243
   103 379 311 406  94 262 399 264  76  50 248 383 373 232 120 352 347
   235  95 199 332 357 236  18  41 300 309  35  57 178 393 394  30 168
   101 107 223 296   6 395  16  31 323  38 103 229  58]
  [  0 157 247 281 380  36 312 388 292 398 300 167 386 100 322 345 292
   197 314   0 129 150 367 138 222 347 165 227 127 401 341 223   7 341
   118  74 275 380 338  51 342 132 197 170  49 174 400 134 154 181 169
   361 211 254 291 236 318 282 314  62 231 297 329 196 199 150  37 285
   377 239 340 144 128 217  30 233 206 382 192 292  12]
  [  0 132 244 205 154 344 111 255 231  22 325 312 127  15  66 294 202
    71  47  81   0 115 381 137 120 377 268  87  69  12 198 178 367 197
   272 373 203 398 187 370 224 281 113  21 207 119 274 238 129 403 113
   289 178  48 107 319 280 264 127  55 360  36 290 394 112 241 114 219
    53  68 200 267  30 251  18 240 346 336 406 344 342]
  [  0 113 313 159 369 162   4 364 154 366  45 192 234 344 216 242 278
   304 165 354   6   0  27 403 334  96  52  22 374 329 303  87 211 331
    87 230  50  96  26  25  25  39 255 107  13 261 251 251 156 135 239
   138 362 276 144  53  25  82 316 286 247 377 403 113 157 393  29 354
   163 253 122 264  91 226 335  73 315 114 385 246 311]
  [  0 124 344  12  56 115 118  85  18 309 280 244  36  23 100 235 104
   244  42  41 377 398   0 237 354  44 345 392  33 126 154 370 316 245
    42 344 155 317  58 276 152 317  46 393 328  33 190 175 177 141  27
   290 316 193 164 378  10 306 120 395 317 252 344 197 191 372 270 170
   290  87  69 169   6 182 287 313 127  94 127 288 127]
  [  0 149 184  95 190  74 205 135  90 224 261 374 186 331 118 276  65
   131 363 319 278 241   5   0 308 220 134 352 375 363 300  29  15 187
   165 402   8  95 236 139 136 201 306  31 181 392 100 204 300  55 345
   364  53 155 145 385 307  44 277 132   6 225  21 373 182 321  65  93
   105 210 292  98 225   0  61 190 165 164  58 179 360]
  [  0 275 160 235  10  72  70 196 144 266  22 223 365  11  17 369 313
   166  51  89 285 100 256 268   0 369 215 248 259 208 337 310  16 146
   189 120  86 365 101 384 286 313 387  33 396 399 328 152 387 238 381
   179 193 148 266  45 351  71  86 166 271 303   8  75 268 131 166 205
   362 293 373 394 340 274 244  72 212 275 191 251  19]
  [  0 296 226 384 297 328 144  83 327 163  96 286 180 159 325 183 206
   159 353   7 208 276  68 238  99   0   9  44  62 239 192 116  40 183
   265  34 399  77 199 239 183  14 119 224 215 194  82 190  40 115  18
     0 392 382  65  11  71 309 325 335   6 348 400 227  14 318  47 325
   233 238 338  17 349 322 339 391 338  81 127 146  72]
  [  0 312 184 157 312 343 189 383 267 219   2 209 164 266  51 174 183
   123 107 178 192 316 302 335 357 279   0  55 224 349 280 380 269 189
   297  45  33 214 250 282 319 296  85  37 406   0 394 348 250 282  71
   261 282 143 284 207 212 161 228 181 320 267  22 387 108 114  12  26
   126 351  42  36 270 319 350  91 213 148 110 403  43]
  [  0  33 368  74 215 140 373 307 334 128 135 206 294 168  60 167 341
   374 257  37 101 135 314 231  88  82 240   0 344 328 158 166 159 389
   161 388 308 315 281  65 366 382 147 104 353 132  71 376 225 374 394
   234  18 185 213 307 276 253 316 396 323 132 280  77 100 327  76  77
    64 111 116 320 342  91 385  79  74 302 356 324 330]
  [  0 107 306 404  27  77  74 144 194 173 294 319 193 365 183  48 355
   315 383 259   9 339 140 298  57 190  76 139   0 107  41 398 116  25
   253  24 353 211 311 401 374 247 189  10 102 118 164 292 216 291 363
   264 382 288 289 258 353 242 100 356 380 152 154 127 327 246 259  42
    49 195 346 132 236 109 329 367 350 172 337  51  19]
  [  0 153 200 245 248 121  33 396 109  73 208  25 392  15  56 359 115
    64  85 104 324 195 108 183 277 310   8 232  99   0 251 185 268   4
    82 104 109 249 238 163 283  37  81 367 376 238 186 406  50 328 105
    47 303 147 390 352   9  23 293 171 175 176  49  62  66 167 339 269
   210 343  63 320 303 370 331 371 278 363 271 382  91]
  [  0  75 109 189 400  49 133 360 288 384   3 289 307 158 160 380 378
   218  30 136 132 272 197  75 316 288  28 208 253  39   0  28 255  98
   253  79 210 328 337 338  92  26  29 306 171 362 302 103  56 179 236
   192  13  93   6 133 157 213 207 234 212 147 198 220  92 329 198   7
   155 303   6 124 110 372 104 229  15 168 323 317  78]
  [  0 282  25  51 345 203 229 406 404  44  18 170   2  64  24  93 142
    81 205 372 347 316 403 215 115  94  45 404 193  11 195   0 237  36
   181 258  84  74 224  48 256 107 395 341 391  49 114 194 251 264 384
   301 390 244  39  39 174 327 400  68 393  22 389 171 143 185 100  93
   179 317 324 331 136 373 335 193 306 362 225  90  22]
  [  0 355 346 144 113 166  15 177 142 140 332 258 293 327 201  84  31
   361  60  69  67 363 393 316  92 227 258  29 225 263 181 135   0  35
    65 159 202 345  87 311 273  71 215  97   2 242 155 184  86 333 354
   283 101 318 379 174  67 230 118 229 322 102 352 369  92 202 257 385
   189 312  59 403 268 131  61 335 108 285 279  53 201]
  [  0 211 202  26  64 143 232  43 162 317 323 165 199 270 391  35 119
   398 157 283   5 105 106 315 339 241 259 180 109 401 233   9 360   0
   189 305 195 201 403 194  28 190 258 249 176 241 310  20 364 401 334
   126 396 218 273 130 252 192 280 233   9 162 131 140 362 167 341  47
   137 193 261  54 280 265 283 346 299 321 384 174  29]
  [  0 251 108 379 329 397  47 338 345 196 368 226  99 137 233   1 395
   107   4  53 141   6 293 170 295  79 203 118 339 181  77 333  97 368
     0 352   0 255 264 216 368  12 250 294 373 355  54  84  41 302 296
    66 207 204 101 202 134  12 217 321  21 161  36 116 312 231  38 201
   158 166  78 140 368  64  97 377 325 369   0 115 256]
  [  0 279 114 236  77 140 139 287  60 136 274  28  59 153 271  65 245
   268 171 150 215 152 164 230 373 278  69 278 157 301  95 275 149 279
    30   0 203 214 227  82 205 290 179 202 155 239 270 256 157  39 118
   152  80 385   2 123 203 351 380  50  46 163 341 207 169 329 267 133
   308   2 394 202 365 143 139 385 105 391 293 381 184]
  [  0 277 250 263 119  16 376  41 297 326  58 255 206  38  17 116 281
   275 182 213 188  63 297  35 207 178 170  78 387 286 346 348 153  84
   355 156   0  42 297 242 153  99 180 302 314 376 354 157 235 286  27
   116 302  78 279 104 130 130 330 135  26 267 129  36 278 346 139 317
   230 163 405 332   7 335  14  11 303  92 334 109 121]
  [  0 361 166 232 236 252  88 276 242  95 229 202 178 231 383 185 267
   182  29  82 103 114 249 262 262 376 285 161 245  97  96 163 106 287
   127 297  27   0 295  54 188 333  26 382 194 346 206 372  91 340  71
   129 258  35 149 123 151 149  49 107 330  76 151 386 320 263 121  81
    43 376 278 248 170  11  10 145 298 163 385 314  43]
  [  0 256   3 292  86 278  77  45 274  60 247   0 346 189  24 238  44
    67  62 308  97 397  13 164 384 175 223   9 353 201 156 399 185 248
    10 116 121 124   0 402 206 112 249 312 130 167 360 348 150 404  83
   180   1 236 301  36 105 132 254 148 308 405 151 357 164 210 191 337
     6 276 269 204  79 124  90 220 336 342 335 200 284]
  [  0 125 235 150 369 109 223  40 266  74 295 405 198 244 236 403 329
   146 265  74 262  33 339 324 170  28 397  30  36 302 286 356 204 205
   256  58  99 286 159   0 112 225 405 251  78 391  71 114 228  84 261
   139 227  80 357 258 340  66  37 243 246 162 287 331   6 252 369 269
   116  87 224  99 209 199 354  20 317 183 288 137 360]
  [  0 206 280 290 323  38 340  57   6 367 323 175 217 106 236 350 144
    33  62 190 305 271 169 311  25 204  13 394 265  75   5 298 163  59
   306 354 289  97 230 162   0 211  96 112  60 396 349 154  77 106 313
   145 207 366 358 265 235 109 126 332 105 207 395 136 186 280 114 205
   173  99 103 374  16 283 362 112 300 269 403 261   7]
  [  0 386  60 218  42  34 138 227 147 110 266  49  39  29  23  34 170
   399 161 117 204 204 329 176 176 161 154 176 135 123 149 335 258  53
     6 307 239 207  81 219 384   0 272 358  56  94  99 280 277 248 152
   234 368 156 272  39 185 267 311 403 406 127 166 279 194 174 145  42
     0 207 261 138  77 314 310   8 195 405 159 386 201]
  [  0 263 405 198   5 349 214  11 347  12 121  47 242 139 168 256 306
   212  28 176 231 123 391 284  69 195 236 301 175 335  99 273 314  70
   316 175   6 189 119  15 375 361   0  35 368 115 256 219 179 392 370
   199 212  16 108 172 280 114 176 181  76 192   1  56  33 306 214 400
   311 298 185 362  81 310 155 104 213   6 177 352   3]
  [  0 403 336 164 112   3 188 253 296 312 266 238 170 186  77 167 367
    70 164 328 296 215 369 182  37  56 367 372 354   6  32 113 222 148
   282 139 185  66 323 302  57 122 386   0 228 268  71 140 241 403  57
   106  49  52 191 182  32 283 311 235 360 131 321 240 376 269  14 260
   271 110  55 396 182 399 326 316 310  56 394 196 341]
  [  0  84 288  92 226 372 106 360 181 240 298 377 284 382 240   7 100
   160  75  84 127  56  35 377  10 268 354 375 143 380  73 224 283 335
   135 303 204 336 179  89 207 238 302 238   0 135 328 377 312 213 127
    36 144   6   7 211 186  80  62 107 391  27 296 229  37 200 400 121
   257 241 269  52 259 223 157 257  71 280 122  78 369]
  [  0 404 378 153 295   0  66 381 292 279 356 332 352 196 272 130 142
   380 397 142 178 383  16 183 132 362 259 344  76 249 124  83 191 394
   168 328  72 147 165  36 379 398 385   7 384   0  42 114  53 399 221
    76  57 358 279  44  81 350 125  41 398  21 361 255 125 320 346 400
   320 118 404 231 116 287 322 316  41   6 297 158  49]
  [  0 361  35 233 151 156 200  87 336 391 119 356 325 233 249 244 175
   189  89   8  21   3 211 249  87 215 253 252  62 185 355 106 297 334
   116 309  96 359  31 269  43  91 303 374 294 356   0 224  97 216  32
   238  15 382 315 321 249 155 278 210 402 400  38 379 220 378  61 205
   189  61 247 150  18 159 124 258 263 173  95 343 123]
  [  0 211 274 322  10  85 340  93  25 238 396 261 353 221 406  19  47
   117  17 187 185  35 222 330 187  25 365 238  67  31 185  12 203 349
   233 394 303 160  92  22  98 371 135 167 227 212 197   0 351 150  70
   291 290  31 339 374 209 397 160 125 201 365 365 347 168 401 314 247
   404 268 217 322 261 206 389 124 255 232 188  81 192]
  [  0 338  37   3  21 363  16 264 354 364 180  98  46 198 346 245 136
   206  53  46 339 155 162 259  31 385 299 228 352 232 165   0   7  60
   386 142 147  71 268 343 252 153  73  71 278 200 401 175   0 210 244
   248 254 300 180   4 140 111 293  27 150 110   0 293 265 150 296 252
   280  13  20 265  59 288 144 113 406  82 333 141 223]
  [  0 102  51 143  37 146 330  86 278 153 193 339 397 356 128 139 214
   304  59  41 282  50 233 189 227 176 111 351 159 106  85 315 242 201
   101 281 238 247 141 145   5  92  65 159  90 217 356  69  32   0 233
   325 400 154   0 182 187 101 332 345 270 224 220  13 205 124  12  87
   133 139  23  45  66 209 147   2 285 130 352 127 406]
  [  0 355  31 212 309 105 371 338 109 119 233  95 316 202  90 106 295
   286 232 320  40 134 365 366  59 135 391   0 272 214 185 173 269 167
   383 207 111 347 169  79 159 263  75 213  81  28 148 306 321 101   0
    78  54 111 394 325 307 133 357 295  98 267 194  86 176 212 223 274
   312  63  50 201 396 133 361  61  18  53 121 355 201]
  [  0 233  15  59 305  36 143 333 333 209 381 156 111 225 118 335 116
   315 141 133  87 374 242 336 100  79 344 190 306 212 152  32 396  49
   154 223 156 323 287 222 169 218 261 115 244  36 200 120 115  62 195
     0  24  15 405 332 219  59  71 386  10 107 187  29  78  72 350 278
   246 344 395  25 379 268 213 134 394 393 191 258 109]
  [  0 248 294 371 401  56 321 196  95 124  91 224 387 242 394 102 269
    18 127  57 237 368 186 215 244 392 395 251 345 338 360   8 294 216
    75 168  59 297 239 168  23  16 203  95 338 182 203 282 203 276 311
   225   0  57 165 328 402  29 210 238 280  23  44 351 195 180 285 294
   121 146 340 316 354 288 402 280 125 123 406 371  13]
  [  0 263 322 219  33 271 388  86 386 104 134  84 196 311 158 388 114
    52 127  58 236  77 403 113 210 188 160 249  52  98  54 317 361 339
   384 252 137 399  58   1 189 386 238 224 372 265 165 394 373 352 291
   226 399   0 125 247  52 131 177  98  19 330  37 350 200 107  70 314
    63 185  30 166 405 361 171 162 387 338  77 376 323]
  [  0 383 210 398 405 348 362   1 313 313 165  90 142  73 179 378 336
   143 385   8 156 257  48  40 106  42  86  83 365  76 229  83  56  96
   258 152 227 279   7 404  83 346 205 383 243 290  43 229  60 216 389
   303 269 160   0 181 133 109 302 111 309 177 371 326 161 171 307  92
   402 174  77  82 175  41 143 193  83 232 269 187 389]
  [  0 371 207  24 153 373 188  93  49 394  54 149 260 176 301  36 289
   176  67  89 296  81  70 329 240 142 283  32 107 317 224   7 192 250
   254 193 160 293 256 396 186 189 265 172 187 329 308 179  63 103 259
   106  24 234 212   0 199 389 309 398 211 288  54 159 211 275 224 332
   227 339 333 385 107  73 404 310 360 292  99 357 330]
  [  0 248  89 113 258 275 223  27 394  64 245 299  67 253  18  72 272
   295  57 327 150 319 299 391  12  24   9 103 316 339   3 292  47 227
   129  21 387 377 380 140 120 140 217 187 344  25 266 238 154 279 352
   153 110 196  85 193   0 395 327 208 103 245 139 340 295  56 174 373
   139 264 359  59 398  16 328 125  17 319 320  37 265]
  [  0 245  37  29  55 172 307 374 344  17 368 311  67 128  60 111 223
   100 262 167  81 108 157 290 270  96 213  25  34 370 231 320 126 200
   242 349 322 161 230  65  91  67 245 111 362 101 311 294  32 319  33
    14 259  26 230 406  34   0 201 369  60 193 182 315 259 146 183 111
   402 261 165  98 122 326 168  49 280 232 350 378 116]
  [  0 266 258 363 228  11 108   9  24 193  75 389  28 126 160  86   8
   361 203 247  37 396 150 388  96 291 240 196 262 379 242 145  19 331
   151 400  85 333 366 296 274 371 401  36 252 355 143 291 197 349  38
   170 315 102 296  35  55 253   0 275   7 273 355 252  88  88 303 296
   222 307 230   8  16  76 355 191 375 157 195  42 243]
  [  0 313  59 198  78 118  32 212  38 216 211 162 242 249 245 174 152
    18  42 391 305   9 378 156  21 195  36 345 144 314 281 253  99  75
    90  76 202 265 176 213 297  67 114 144 176 230 263 179 360 384 353
   286 315 183  55 338 217 222 316   0  94 358  80 299 137 298 164 115
    62  21 193 208 366  11  71 198  74 129  61 268  20]
  [  0  33 250   1  20  47  37 289 367 387  48 386 223 100 108 289 183
   188 350 287 303 351 295  23  51 100 104  14  27 249  57 343  20  17
   248 242  18  33 388 337  92  56 333  54 361 299 305 236   1 125 328
   404 147 258   4  19 349 338  84 239   0 325 184 341 333 294 227 206
   282 266  59 265 249 132 401  65 243 347 168 217 175]
  [  0 302 117 199 120  28  91   9 119 106 195 102 164 169  18 188 197
   404  45 392 311 354 373 226 272 159  11 199 204 136 192 131  66  63
   276 294 336 131 347 385 223   6 349 350 114 218  29 378 349  65 363
   344 330 196 224 240 307 145 271  90 361   0 356 112  84 143  96 160
   305  44 321  35 264  14 148 146 325  84  66  42 317]
  [  0 218   0 323 322 118 245  91 298 295 210 206 130  38 254 227 223
   307 161  66  31  13 223 219 157 141  53 132 206 367 126 163 233 197
   242 356 394 132 397 253 360 364 222 146 361 122 285  88  15 203 103
   113 154 226  48 136 133 100 206  17 305 135   0 217 379 188 386 343
   148  13 313  33 252 134 182 339 359  47 177 323 375]
  [  0 140 344 183 228 195  16 127   1 120  91 353  60 360   1 393 346
   187 341 214 115 107 248 157 215  22 168 336 110 229  28 382 197  71
   159   2 256 328  38 248 122 144 343 126 400 282 146 401 334 277 163
   312 332 298 112  18 258 112 153 266  71 117 212   0  37  42 248 139
   154  68  37 303  10 326 336 240 347 133  74 259  88]
  [  0  43  51 163  15 106  18 270 231 204 359  25 314 178  40 103 132
    69 328   5 255 272 227 349 360 195 274  65 332  17 393   2 176 195
   154 288  86 303  81  45 306 365 352 344 307 192 364 315 287 359 133
   122 109 199 364 304 121 222 288 121   6  97  98 232   0 326   2 133
   116 346  33 297  87 378 400 125 221 248  64 348 232]
  [  0 238  70 227 126 371 339  19 127 331 350 260 107 280 178 164 101
    56  77  89 349 128 362 406 203 352 364 267 323  73 232  75   1  57
   173  78  43 184 240 272 241 151 288 169  56 252  88 154 135 406 305
   310  86  56 383 186  82 283 115 359  69 141 304 266   2   0 321 258
   125  86 172  65 134  90  88 277 188 358 392 115 290]
  [  0 240  65 365 101 222 215 379   2 155  85 345  11 127 205  34 302
   295 242 337  23 212  47 164 299  46 300 334 349 149   0 215 332 156
   283  31   9 348 385  94 400 141 317 113  11  71 126 199 220 189  53
    89 200 348 193  51 322 355 334 207 369 279 192 128 386  22   0   1
   170 212 124 402  57 400 239 387 400 369 121 136 388]
  [  0 184  85  73 167 324 281 344 116 169 359 155 397 208 261 387 370
   311 168 146 279 277 220 353  75 330 130 197  64 268 303 197 405  57
    44 238 276  77  16  32 161 211 385 159 318 163 103  25 383 114 225
   242   3 296  93 160 256 168  96 383  83 211 202 336 330  57  32   0
   240  31 337 328 267 325 237 278 341  60 141 247 234]
  [  0 206 369 214 357 371  46 240 126 359 145 192 397 262 103  35  42
    32 344  93 399 240   0 381  95 289  80 177 114 226  44  18 305 354
    97  92 254 132 285 245 319  48 381 310  52 131 310 151 404 266 296
   168  33 401 309 372 203  17 176 395 215 261  57 381 393 378 225 260
     0 311 343 395 241 186 183  38 112 341  10 121 155]
  [  0 357 395 321 335 209  20 359 143 114 236 376 288 187 180 301  62
   248 227 204 282  33 349 156  78 251 169  33 234  92  66 307 262 323
    96  77  57 219 238 309  61 152  91 125 236   0 172 158 340 235 192
   189 107 403 223 324 324 216 252 166 229 348 331 330 348  60  67  48
    62   0 163  81  76 341 215 340   7  38 160 254 335]
  [  0 163 113 352  68  23 337 397  33 294 271 118  89 261 224  24 315
    68 395 224   4  65 347   7  70 151 197 113 322 258 225 212 385 138
   317 102  77 165 349 136  36 104 182  19 368 249 102 173 265 101 217
   341  90 240 238 155 361 256 251 322  65 397 361 138 204  66 318 272
   143  76   0 174  87  97 372 229 304  17 396 140 366]
  [  0 363 339 153 339 378 202 386 252 245 283   1 133 359 314 274 149
     3  12 393 298  42 173  98  74 364   2 193 177  20 381  51  43 357
   344 353 250 145 337 174 245  59 253 316 267 116 304 224 181 308 279
   276 286 400  41 194 241 179 171 279 389  43  23 322 141  38 368 226
   189 289  10   0  73 114 405  49  97 153 319 236 313]
  [  0 267 171  62 186 314 385   0 129 306 114 121 275 378 294 372 150
   283 222 281  49 182  24 244  66 215  63 222  72 381 323 103 336 207
   260 133 127  53 153 167 394 349 354 269 342 152 203 385 352 105  88
     8 217 131  39 174 306 156 186 253 373 144 122 117 316 357  78  48
    51 195  45 133   0  15 249 376 167 173 329 156 385]
  [  0  25 153  33 359 206 320 197  57  75 255   1  41 182 240  97 160
   113 233   2 214 399  76  64 268 378 342 124 273 202  25 293 217  86
   159 344  81 224  43 283 189 282 109 151 348 367  13 341 218 376 244
    42 397 342 302  73 308 111 352 310 394  97 213 343 273 395 104 303
   196  90  61 370 406   0 203  21 213  45 125 303 309]
  [  0 267  68  35  37 305 180 199  57 292 101 243  20 336  26 186  15
    37 394 215 140  34 287   4 388 321 340   3 126 177  39 106  61  66
   105  61 406  91 290 107 237 223 392 270 112 207 352 229 167  19  91
   179 395 281 226 218 363 289 114 231 331 313 281 281 300 206 368 100
   284 198 153  34 395 254   0 226 185 119  37 350 390]
  [  0 199 305 276 127 248  77 226 277  19 187 109 271 111 114  43 284
     7 396 377 370 167  71 218 388 220 254  10 226 347  81 215 101 248
   150 293 196  38 126 251 177 335 241 361 339 181 349  37  93 306 207
   347 349 150 230 177 285 162  81 332 264 359 120 191 371 212 129 142
   180 299 155 373 175 335 325   0 182 285  70 226 144]
  [  0 231 160  91 129 174 405 234  32  43 144 202 374 137 237 133 265
   180  18 136 308 386 314 273 360 239  44 113 152  35 175 274 258 196
   254 321 107 140  45 305 196 231  21  36 118 343 201 128  97  63 260
   388 152 259  44 341 150 361 176 115 251 159 271 100  81 128 233  86
    76  83 263  86  64  65 123  91   0 326  70  16 383]
  [  0  43 192 102 386   3 305 200 280 104 402  72  40 293 397 336 171
    24  75   7 372 237 183  92 375  98 342  90 100 294  84 167 209  67
   382  23 318  85 243 210 378   7 302 316 388 385  44 212 296 142 131
   246 171 332  53 259 268 299  78 115 141 203  58  12  83 208 343 301
   252 360 377  73 120  21 354 385  81   0  90 146 300]
  [  0  58 258 399 385 313 114 140  90 239 336 291  81 188 296 173 192
   272 356 302 372 323 122 177 339 172 327 376 155 229  17 173 405 179
    72 225 399 344  52 185 243  74  89 304  68 128 346 237 121 107 302
   131 343 274 383 157 338  84 321 295  69 270 188 292 206 343  68  67
   140  89 272  78 282 157 283 102 198 134   0 210 186]
  [  0  47 406 212 246  23  60 148  94 102 150 205 255 233 357 383  90
   130 230 261 241 138 221  94 264 110  84 246  10 181 314   6 172   0
   192 248 305 122 102 266 388 136  38 165 266 109 269 405 116  29 126
   171 275 186 307 227 351 342 167 383  75 240  75 225 214 131  52  56
    98 310 303 371 290  41 214  81 240 176 193   0  45]
  [  0 358 296 380 310 130 405 199 350 270  23  12 111  25 309 405 326
   344 119 199 150 282 314  11 316 152  34 123 154 326 180 228 175 209
   306 212 365  13 315  30 145 380   6  35 302 234 227 163  77 383 357
   375  76 236 338  99 352 404  38  84  32 400   0 360  91  51  82 381
    54  45  64 134 248 259 244 177  15 128 221 220   0]]

 [[  0 324  55   7 309 127 109 349 247 301 270  21   4 236   4 219 227
   147 365 316  89  54 134  81  40 337  41  15 383  61  92 173 381 142
   179 294 327 171 309 158 333 279 363 312 255 118 385 301 147  54 297
    26  53 212 225 400 364  65 211  30 153  70 161 248 302 203 405 258
   122  49  53 385 158 348 230 268  13 292  46  43 397]
  [  0   0  20  85  14 235 116  23 214 119 111 145 326 272 115  66 269
    64 372 132 377 289 108 209  93 404  55  67  89 356  11 199 135 126
    66 160 316 388 254 363 197 226 384 225 290 339 328  36 253 100 210
   337 299 302 325 271  47 374 237 402 244 248  34 303   7 306 201  74
   103 325 284 182 322  54 319 331 187 236 250 326 363]
  [  0 260   0 316 377  14 236 188  70 161  37 260 297  42 200 179 386
    91 289 254 259 290 309 400  72  87 365 316 191   9  25 242 359 261
   363 267  11 151 281  70  29  60 322  25 138 218 286  48  29  88 170
   351  19 181 394 161  36  33 276 220  27 205 220  58 384 364 362 304
   357 120 192 271 323 134 285  80 326  75 191 249 262]
  [  0 308  16   0 352  99  63 184 145 129  65 163 115 132 354 396 297
    68 281 331 322 175 125 288 359  83 276 164 141 289 338 380  70 255
   282 365  88 300  22 390 178 404 371 326 264 400 227 239 219 166 221
   318 382 277 255 378  24 250 254 130 220 278 319 236 236 266 104 128
   278 359 300 244 122 192 142  96  71 149 121 313  39]
  [  0  59 210 108   0  76 206  14 371 117 342 104  26 222  93 206 202
   134 204 236 169  28 135  33 207 173 328 312   5 257  29 110 279  64
   225 386 344 245 395 146 390 395 327 213 248  41 181 110 325 316 168
   247 217 323 251 245 105  71 173 108 117 162 406 173 232  76 352 291
   213 315 165  62 323  16  82 228   6  39 302 219  82]
  [  0 161 125 331 369   0 278 168 402 215 399 133 376 316  26  47 389
   274 230  85 120 177  75 329 233 389 338 268 294 124 150 292 321  29
   217 288 397 225 257 236 355 113 210   7 229 127 212 339 288 189 396
   263  68 337 214 394  44 258 183 295 140  67 152 329  14  90 393 129
    53 212  16 269 175 206 256 281 247 369 109  24 272]
  [  0  22 214 338 237 345   0  59  52 155 376 106 237 268 311  82 141
   203  23 164 205 105 184  79 170 339 356 389  15 166 378 138 163  80
   401 264  56 254 158 240  56 257  55 320 242 164 387 174 120 129 322
   343 246  26 286 235  99 400 361 257 120 191 236 269 398 402  95 216
    29  80 209 240  48 359  21   3 225  95 225 369 295]
  [  0 339 265  96 197   2   9   0  56 243 341 278  25   6 134 395 102
   206  90 101 317 306 161  32 144 182 332 177 186  73 268 226 308 367
   361 180  43 150  10  32 275 127  30  80 152 194  36  22 353  94 166
   111 227 120  81 396  23   5 246 279 325 398 300   2  22  83 197 130
    60 301 275 328 274 296 234 141 100  42 352 292  98]
  [  0 284 249 394 330 247 203   5   0 269  39 364  22  52 282  17  67
   165 148 351 264 267   9 406 168   1 292 253 387 203  91  32  88 233
    84 251  23  40 197  98 350 399  28  15 257  75 258 226  61 262 194
   405 275 393 159  68  96 216 171  24 221 170 249  54 186 214 205 172
    95 332 263 196 106 405   6 357 140 291 383 387 307]
  [  0 261 309  84 371 287 224 242 167   0   3  40   3 253 134  95 330
   162 117 342  95 220  27 242 222  69 105 270 282 318  81 214 403 198
    55 285 110 163 224 168 156 155 262  19  66 171 186  42 181 189 173
   294  22 161 260 199 145  65 109  60   1  79 146 391 175 235   9 266
   365 302 263 302 254  79 170 346 347  29 348  76 110]
  [  0   1 398  93 263  27  58 183  12 107   0 146 187   1 105   8  96
   243  16  14  55   7 141 337 134  45 183 181  82 308 359 285  90 377
   322 195 137 217 384 378 276  51  13 205  87  76 131 240 101 207 292
   274 235 397  40 345 163 331 165  50  47 255 156 282 165 230 244  68
   174 230 102 130 403  29  95 396 402 355 237 194 335]
  [  0  46 250  22   0 342  63 224 338  38 365   0  54 276 397 146  56
   211 278 133 114  77  27 339 177  31 270  99 321 346 253 265  37 174
   173 340  44 209 348  55 299 263 138 127  63 284 345 224   3 374 165
   213 281 330 175  15 135 163 209  45 108  60 203  86 169   0 336  14
    63  45  92 237 171 184  77 350  25 324  42 331  74]
  [  0 356 165 372 261  81   6  64  30 406 130 228   0 343 183  14 200
   160   0 165 340  87  53 162 383  86 387  46 270  62 371 401  93  39
   242  45 196  27 338 128 123  19 364 230 262 103 138 346 140 215 352
   249 228 390  91 206 116 314 250 178 299 114 189 248 406 144 152 203
   188  11 287 196 133 342 268 248 378 345 155 210 346]
  [  0 111 129 122 270  24 212  44 130 124 406  85 325   0 402  65 285
   245 178 355  76 378 351 388 191 403 347  46 142 338 171  47 393  25
   359 188 197 367 317 200 174 317 138  62 319 242  21 362  88 295 233
   255 328 158 156 406 385  99 354 289 270  11 253 190  87  23  73  62
    38 110 373  72 124  16 229 235  66 291 352 280 383]
  [  0 256  31 370 104   9 381  90 162  86 312 161 402  16   0  88 399
   320 230 379 117 128 134  75 185 235   8  69 107  81 267 221 174 345
   197 335  74 367  55 159  13  55 253  94  64 159  29 278 360 274 290
   210 249 338  38 346  12 304 348  26 212 199 107 254 246 300 131 275
    95  89  84 290 314 332 317  62  58 315   1 291   3]
  [  0  17 353  86 143 354  23 358 102 363 306 255 342  19 309   0 353
   309 196 121   9 354 323 348 142 406 368 405 104 218 271 290 402 191
   282  84 371  15  35 246 201  10 372  70 385 125 148  92  86  18 291
   238 233 324 317 122 248 213 366 330 135 320 144 179  32 325 182 180
    97 155 398 260 189 104  98 107 188 271 297  54 131]
  [  0 213 296  26 304 196 228 277 324 374 155  40 267 236 343 111   0
   186  32 363 111 370 142 352  22 196 326 283 342 248 372  28 144  16
    56 187  38  95 140 331  27  37  69 258 321 263 218  89 297 237  68
    85 227 255 280  35 265 138 149 195 335 158  92 366 351 109 321 234
   223 380 297 391 397 190 209 250 163 149 277  13 395]
  [  0  78 162 326 381  82 355 152 292 401 391 396  64  70 273 212 152
     0 237 163  37 398 177 180 128 194 183 325  13 360  41 398  56 397
    74 231  45 260  66 129  88 305   5 215 231 136 192 310 365 316 397
    96 302 128 347 210  72 358 283 269 326 266 348 300 225  89 238 149
    34  82 305 256  72 300 101 220 316 350  16  46 115]
  [  0  73 360 327  85 190 379 285 135  37 194  15 288 379 366 282  14
    35   0 383  45 402 118 162  96 181 232  36  40 241 384  58 148 240
   399 403 325  75  94 287 354 167 231 360 161 112  42 201 250  61 372
    29   0  39 209 228 368  51 186 339 307 245 141 392 315 377 243  37
   114   4 273 283 353 154 233 249  63 180 243 164  56]
  [  0 138 139 198 229 401  36  80 188 197 326 401 184 289 185 358 170
   334 334   0 181 267 280 216 356 152 205  39 264 258 404  45 384  54
   217 406  34 118 347 127 102 375 231 144 149 244  87 151 309 300 250
    24 115 266   6 354  18 293  26  64 280 234  92 367 394 302 402 362
    53 394 290  39 137 218 141  29  14 374 312 345 363]
  [  0 203  41 288 297 253  60 179 197 185  96 257 235  20  12 364 323
    71  53 148   0 357 196 141 284 339 299 180 359  15 281 294 243 154
   343  30  74 121  11 243 289 257 275 304 194 191  37 155  98 164 270
    51 325 276 375  41 243 316 277 299 269 215 378 210 164 113  54 157
    12  79  22 334 240 161 344 377 171 265 152  92 402]
  [  0   8   6 370 311 226 263 220 258 267  96 164  24 131 288  64 178
   122 241  48 237   0 251 393 261   1 177 399 146 403 158 133  33 287
   253  35 319  89  80  42   1 350 330 168 183 375  15 376 339   0 234
    31 319 357 159 301   2 223 385 158 280 333  62 362 279 266 352  32
   141  47 108  85 200 174 270 396 379 404 183 159  73]
  [  0 197  87  35  36 217 345 360 167  89 250   8 245 206 361 148 274
   139 225  21  92 201   0  18 245 257 289 119  28 118 353 141 124 133
    52 250 110 352  63  60  40 377  96 271  92 334 233 379 278 163 386
    26 394 172 189 244 140 340  11 135 142  38 282 223 200 295 217  50
    50 230 163 375 307 157  61  68 243 272 264 350 128]
  [  0 357 284 299 191 218 339 311 155  52 262 155 115 196 211   3  24
   185 187 184 163 148 371   0 213 325 257  17  18 313 325 398 210  91
   206 372 287 221  66 370 297 363 326 105 302 105 332 130 275 216 394
   384 204 202 208 215 348 297  62 240 137 369 187 282  53 360 162 235
    55 212 381  47 324 381 313 239 300 406 392 136  27]
  [  0 205  34  25 387 205  41 200 338 262 325 203  89  61 259  60 315
     5 286 258  86 369 380 403   0 385 362 205 143 189 328 133  35 205
   244  69 245 304 227 185 331 322 333  80 246 140 146 149 210 213 146
   312 103  20  60 260  49 269 250 398 351 239 119  59 388 252 392 265
    51  60 374  50 185 273 356 119 361 247 275 389 103]
  [  0 183 296 268  60 229  71 253 360  18 101 325  35 135 130 303 308
   177 317 345 259 144 345 327 325   0 152 307 129 178 377 234 241  64
   179 224 393 182 167  25  12 240  23 290 144 277  36 228   7 103 370
   199 177 236 133 388 176 174 134 217 141 100 349 192 169 316 160  80
   367 124 213 194 351  35 389 120  96 162  35 105 187]
  [  0 310 254 271  82 325  97 255 339 198 392 266  78 287 397  29 214
    71 330 243 372 363  22  33 273 133   0 374  31 281 259  59  96 240
   193 130 379 329  42 361 346 231 400   7  68  55  53  29  33 175 181
   370 272 235 402 367 111 130  60 297  86   1  86 185  63 325   2 122
    66 315 153  99 404 383 142  28  83 101 100 324  99]
  [  0 194  32  32 279  98 324 345 331 127 188 157 230 265 126 229  42
     8  63 181 319 391 123 384 267 397  40   0 154 220 314 369 241 403
   291 213  39 241 156 129 229 163 176 139 234 340 191 271 392 124 348
   297 259 269 263 157 401 157 303 128 143 171 346 355 314 202 308  15
    57 113 257  59 283 305 323 264 380 263 253   4 135]
  [  0 234 352 177 158 240 265 167 149 182 171  94 283 384  50 345  84
    13 183   4 330 392 187  88  58 300 241 217   0  75 291 390 310 372
   162 269 164 388  98 315 282 398 186   5  55 324 364 240 366 356 235
   246  57 382 307 120   7 328 127 387 143 187 301 127 330  67 233 122
   264 144 204 403  50 155 345 296 305   0 290 203 296]
  [  0 255  10 108 343 221  93 161 263 400 344 388 360 240 397 316 260
    42 299 209 309 350 371 170 102 338 355 381 181   0  84 366 392 341
   103 108 168 189 170 360 323 298 252 280 138 297 171  50 283  39 106
    86 207 383 380  13 175  98 250 192 361 289 378 207  98 365 192 214
    45 375  21  64  81  64 118  38  28   0 288 168 187]
  [  0 128 154 247  43 161 359 351 229 274 209  86 250  46 242 270 209
   128 332  68 217 313 155 205   2 230 116 265 108  64   0 268 370 154
    13 155 242 165 303 130  52 172 132 345 305 328  70   9 352 214 376
   319 158 399  60  61 253 381 140 277  12 161  40 401  41 127 309 235
   396 219 150  49 127 130 179  76   1  27 350 383 243]
  [  0 344 402 185 278 306 283 111 134 402  37  90 287 115 255 278 111
   345 304 337 212 187 331  46 237  58 105 235 106  99 276   0   4 403
   314 183 308  19 265 221  23 119 376  46 342 182 402 222 106 108  60
   352 323 352 395 335 175 112  75 192  33 180 389 266 205 220 128 253
   373 155  86 291 294 392 155 107 332 177 262 344  40]
  [  0 187 286 108 342 177  86 240 327 237  82 347 402  60 386  64  50
   215 213 251 133 204 366 280 335 103 310  15 316 146 260 261   0 107
   236 392 148 101 325 216  77 258 177 155  75 214  27 278 263 140 206
   224 234 363  78 257 230 157 161 109 349 292  68 397  93 154 327 277
    42  82 354 332 205 289  63 306  44 284 364 340 245]
  [  0  32 404 183 331 151 371  81  83  79  72 164 339  16 126  60 221
   312 204 175 193   2  93  42 343  73 135 117  31   6 274  76 224   0
    88 210 193 208 389 391  58  59 319 383 337 121  86 327 230  68 394
   147 161 357 374 347 384  67  71 403  40  23  52 313 360 107 165   7
   273 156 350 151 120  55 152  50 194 398 123 247 267]
  [  0 335 274 202 242 200 171 215 346  24 152 389  31  51 157 386  93
   324 122  94 231 317  49 182 276  45 404  21 140 369 349  28 202  87
     0 192 140 227 312 287 213  41  64 370 296 405 279 166 344 157 333
   282  37 402 144 235 233 150  93 264 368  72 336 291 404 160  77 121
   201 191 344 176 109 324 236 223  19 254 250 310 335]
  [  0 121 264 381  85 143 177 323 185  48 125 329 203 400 118 391 315
   405  92 184 392 257   9  89 163  19  14  27 317 273 111 186 258 371
    52   0 397  84 340 183  74 335 391 257   1  27 195 231   8  40  39
   161 360 207  12  69 168 100  35  92   0 368  29 333 197  88  22 143
    40  62 141 364 189 149 186 295 346 120 130   8 340]
  [  0 340 326 208 156  26   2 324 361  69  77 101 249 127 368 242   6
     2 390 280 122 239 337 283 329 341  78 341 118 367 335 104  71 224
   278 289   0 100  68 251 189 200 120 203  90 385 157  46 247 376  68
   279 196  41 388  22 295 306 382 182  76 205  86 383 180 326  73 229
   359 236 399  21 322 129  23  11 149  94 168 285 350]
  [  0 382 252 256 212 266 132 233  31 391 187 259 182 123  49 147 292
   226 174 313 172 212 108 118 125 380 147 392 237 404 237 264  94 150
   302  22 335   0 221 243  46 276 254 399  19 329  46 354  14 179 354
   176 366 270 136 100 152 340  22 210  91 321 330  72 349 395 376  77
   102 259 229 246 328 369 375 255 210 193 283 340 103]
  [  0  29 236 207 248 170 373  25 206 130 395 398 400 304 310 149  49
    13  66 317 389 186  90 326 257 313  23 364 375  58 204 143 355  24
   112 304  38 137   0   8  53  77 296 244 297  16  53 290  74  57  70
   228 365 378 291 180 142 285  49 333 137 344 289 306 351 227  42 194
   272  95   3 145 354 219 144 201 301 176   5 248 289]
  [  0  37 320  21 152 138 307 190 155 279   8  74 119 150 296  79 231
   151 396  19 326  32 327 375 325 214 161  83  14  27 154 325 257 138
    53 116 106 184 297   0 379 145 207 355 246 133 318  59 321   3 250
   339 227 363   0 148 111 124 269 393 217 402  36  70  74  18  87 330
   311  72 120 143 312 171 308 242 299 103 130 140  33]
  [  0 317  63 208 161  35 136 116 286 387   4  27 327 338 353 240 115
    19 226 336 342   2 393 397 368 155 388 362  58 114 122   2 370 321
   319  13 143  17 202  93   0 265  56 354 402 377 128 386 199 307  50
   108 393 204   3  58 198  21  86 121 343  46 365 188  87  96 316 115
   239 262  58 167 310 323  77 103 204 273 165 192  70]
  [  0 273 101  42  76 401 207 196 405 405 283 302 132 227 351 161 145
   331   4 248 264 180 358  64 143 291 405 123 218  44 215 292  69 155
   399  91 107 338 380 165 183   0 214 266 155 143  93 170 187  46  85
    46   0 130 250 232  22 234 190  18 131 110 137  13 291  28 255 185
   184 302 316 178 256 279 346 188  60  20 161  53 123]
  [  0 374  40 214   0 352  61  94  78 270 244 386 118 175  48 107 393
     7 134  47  60 314 349  87 222  98 194 310 352  83 266  17 395 401
     4 403 403  65 212  64 256 146   0  28 221 292 268 344 179 262 395
   105  55 126  26 214 177 401 104 393 249 377  47 107 302 285  91 156
   261 179 261 400  91 303 381 148 174 220 251 363 157]
  [  0 125 195 256 345  77 135 330 350 199 368 234 355  93 339  60 304
   223   1 114 281 327 157 240 371 113 282 274 268 358 275 334 142 194
    12 343 401 193 121 171 243 295  24   0 122 165 328 324 187 298  13
    89  55 315 340 112 205 392  97 350 288 372 230  93 281  22  83   5
   377 171 350 292 136 396  63 233 209  64 259  50 302]
  [  0 301 297 220 177 281 203  95  93  65 339 402 379 339  42 246 194
    63 116 365 198 308 207 349 371  31 379 183 365 215 338 242 387 163
   355 158 394 154 399  55 215 349 187 131   0 206 256 369  21 230  96
    28 389  47 198 319 332 169 152  64 136 168 207 145  26  78 315  40
    27 150  17 168 288 274 390 361 219 193  39 128 141]
  [  0 149 138 312 187 202  59 270 180 235 117 175 155 115 390 154 151
   386  71 177 192  85 389 150 301 132 378  59 281 291   9  52 399 167
    22 259 289  41 203  53 337 240  16  74  51   0 114 228 373 374 133
   341  37 371 119 224  59 329 207 260  95 341   1 335 122 378  67 195
   364 333 286  91 276  21  28 311 210 297 287 288  99]
  [  0 381 390 298 278  18 198 142 330 178 356  64 112  14 351  63 205
   360 387 290  75 339 377  92  31 357 371 278 315 160 303 350 246 102
   139 178 333  77 264 364 254 207  90   4 327 234   0  53  26 297 148
   106 405 254 369  83 322  69 231 254 146  81 405  81  78 400 251   0
   323  20 192 127 238  35 264 303 141 103 148 115  12]
  [  0 138 304 394 135 180 293 387  31 130 341  22  69   4  98  82 181
   154  70  11 286 117   2 237   2  99  40  65 299 208 329 214 130  59
   371  83  95 358 133 133 402 370 171 162 231 169 334   0 315 297 360
   403 187 202  77 228 185 328  67 318 170 262 345 293 341 322 241  70
   308 299  27 103 317 206 205  18 280 297  25  79 276]
  [  0  34  16  43 297  92 148 304 306 147 349  62   7  17 370   7 175
   155  98  38 370 295  67 406 255 228 386 138 281  90 267 109 370  73
   283 268  85 296 195  68 346  85 333 137 200 186   1 196   0 323  41
   153 165 329 109 235 309 122  14 185 394 355 238 347 265 243 209 283
   190 250 277 304 286  63 180  26   8 365 199 359 388]
  [  0  93 245 187  34 406 287 182 231 294 237  36 404 396 254 183 284
   145 215  95  20 320 282  74 211 334 112 366 277 203 307 188 243 289
   108 163  38  90 150  87 142 193 397  36  69 302 369 356  77   0 100
   289  78 336  60 128 397 193 216 210  89  54  62 113 277 286  33 378
   167 338  57  66 343 386 115 334 225 168  61 395 137]
  [  0 301 279   8   0 258 376 135 307  39 394   1 155   8 109  54 248
    80 212  90 106 261 123 129  40 302 302  68  21  20 151  23  60 336
   366 130 325 281 345 328 260  19 406 290  74 381 365 357  34 362   0
   161 389 197 268  45 396 307 349 329 146 187 249 397 401 279 129 136
   312 362 282 173 161  19 255  96 288  17 214 245 120]
  [  0 381 127 360 273 138  89  71 281 252 166 237 387 292  55 129 243
   267 405   6 314 196 350 354 175 243 364  25 324 303 330 347 362  18
    26 301 387 198 395 343 353 393  56 315 258  45  52 380 216 217 404
     0 112  50 240  65 355 294 137 322 179  86 158 229  12 132 123  99
   151  36  72  47 185 232  11 159 308  35 341 400 238]
  [  0 300 269 113 316 297 136 315  91 182 257 302 116 110 220 216  36
   345 156  37 154  11 402  12 148  95 225 185  87 317 327 239 200 134
   192  45 400 104  67 208 384  23  69  15 388  18 252 205 385  85 364
   182   0  40 330 196 316 341 159   3  89 147  51  61 314  89 342  68
   119 266  83 253 223 381 332 337 276 349  77  90 355]
  [  0  88   7 145 404 316 199 360 217 184 387  65  36 340 156 163   0
   191 357 349 405 301 392 211 157 213 130 257 215 152 285 258 182 133
   368 335 320 255 299 196 394 233  63 199 224 391  93 373 216  29 188
   347  68   0  37 345 136  27 378  78 182 152 323 282  53 150 375  31
   406 191 249 125 125  39  11  33  83 102 274  31 184]
  [  0 201 336  54 148 155 176 306 285  84  67 399  12 307  24  58 295
   221  54 194 339  95 308 388  65 272  52 203 284 138  38 218 199  26
   146 155 232  76  38 266 310  89 234   8 174 294 303 160 316 375 208
   127 245 132   0 172 383 262 329 362 219 289 186 394 325 259 275 267
   387 102   3 360 383 101 122 245 174  19  58  87 235]
  [  0 238 244 109 165 399 221 149 152 265 165 184  44 145 289  14 149
   207  52 232  79  26 118 320 183 105  58 246 188  50 326 319  85 240
    47 298 371  67  31 324 241 249  71 377 178 143 179 231  43  48 378
   104 336 121  38   0 294  35 363  88  36 186 298  35 281  40 255 386
    29 160  19 100  21 368  51  57 133 367 164 134 149]
  [  0  49 288 263 214  11 401 233  38 152 285 177 124 190  67 333 325
   402  49 189 170 111 219 179 106 399 248 242 351 119 221  96  52 334
    51  23  57 283 162  26 236 133 164 378 353  27 205 301 334  48 232
   389 225 220 251 346   0  95 173 246 180  48 270 198 270 251 341  82
   350 140 245 355 182 293 156 375  70 258 397 203 384]
  [  0  46  16 229 211 251  87 180 221 400 253  55 251 403 113 214 396
    75 323 288 162 150 285 392 104  72 309 332 328 318 135  64  86 225
   150 224  14 105   1 129  60 115 392 279 264 220  41  65  10 159 122
   343 387  93 331 147 121   0 110  51 107  55   7 266 130  60 191 135
   200 208 148 274 235 311  84 156 324 270 234  79 257]
  [  0  47 237 142  60 382 379  66   1 272  87 191 166 331  60 327 256
    47 309  35 391 225 351 145 329   0  11 144 313 124 198 330 366 167
   289 137 153   4 226  60 101 216 401 203 252 282 362 182 161 234 337
   158  51 150 159 252 277 272   0  84 337 250 248 267  21 201  41  88
   179  32 331 207 384 229  70  95 357 368  37 172 197]
  [  0 281   0 176 215 106 216  58  35 320 158   3 361  74 342 266 376
   273  41  99 359 174  26 363 378  40 372 267 240 215 167 216 172 385
   204   5 305 374  83 386 390 116 318 170 113 254 225 177 213 158  36
     9 102   0 347 100 261 127 156   0  20 328 369 380 105 292  23 130
   115 171  57  27 323 173 376 157 327 204 261 394  49]
  [  0 299 363 108 361  38 192  44 362 286 134 385 358 320 234 312 201
    75  10 289  42 155  74 172 266 126 400 381 224 174 124 388 386 291
   134  57  75 371 143 214 197 162 367 376  57 189  62 311 112  36 325
   353 321 145 112 342 337   4 401 372   0 265 277  82  37 230 406  40
   347 368  94 156 171 290 134 379 262 179 140 335 394]
  [  0 347 388 266  11 235 324 248 297 133 322 115 175  18 325 172  48
   280 275 142 376 364 193 179 207 309 152 104 131 375 185 112  77 226
    90 200 186 151 138 293 312 305 307  55 390 171 307 179 102 319 169
   222 336 406 219 167 229   1 370  19  58   0 140 368 178 216 312 108
   318 185  39 300 144 379  68 234 263 102 296 350 167]
  [  0  27  22  98 290 217  22 182   6 231 189 156 322 278  98 213 366
   303 306 401  66 257 217 102  90 191 132 124 153 124  78 237 305 181
   293 196  46 103 169 162 360 254 367 190 137 139 179 170  20 185 405
   280 349 246   2 349  57 165 192 267 344 279   0 331 316 205 200 376
   386 308 331 374 179 114 291 124 227  53 166  95 345]
  [  0 131  95 210 375  64 365 222 354 249 323  21  56 384 229 153 231
   123 345 166 259 371 312 167 403 159 199 354 271 392 380  93  45 320
   402  45  16  98 385 212 174 362 266 353 126 181 308 325  27 325  53
   403  95  33 144 173 203 332 138 232 141 236 156   0 241   9 239 391
   235   2  18 314 211 375 258 340 260 174 306 392  53]
  [  0 271 162 362 277  59  64 261 297 379 225 343 186 236   9 222 315
   162 118  68 390 292 147 101   9 360  79 178 104 216 255  34 219 164
    38  50  16   7 204 155 111 110  19 205 351  26 225 316 118 132 325
   143  76 348 214 217 402  27 224 341 185 120 249  91   0 261 307 382
   179 293 180 167 209 387 260 151  76 352 227 307 142]
  [  0  24 164  39 159 326 192 404 381 351   1 324 295 156  85 164 284
    85 374 404 404 280 266 340  35 345 397 388 274   7 220 274 287 337
   301 257  46  73 297 307 259 254 365 279 147 127 384 208 191 402 391
   288  75 337  74 326 325 295 123 257  12 239 228 288 243   0 213  33
    63  58 334 349 155 305 353  63 164 189 269 214 282]
  [  0  34 394 395 201 318 404 333 240 169 369  14 150 121 309 204 206
   175 136  51 170 269 183 382  45 190  78 366 376   5 250 171  86 176
   140 206 160  48   2 233 335 324 305 182 377 299 192 121  26 113 102
   184 166 114 126 224 324 219 262 356 264  46 151 325 303  97   0 218
   150  64   2 358 302 402 171 278 337  33  12 282  52]
  [  0 247 371 299 287 394 129 146  35 226  46 166 252 362 227  92 372
   332 331 208 277  85 152  44 181  24 149  93 174 354 288  31  70 379
   256 299  59 313 195  43 310 359 201 387 136 341 171  45 190 183 324
    34  53 396 185 270 134 232 258 104 366 380 150 236 286 374 127   0
    76 242 252 199 317  62 281 152 293 163 396  79 294]
  [  0   0 163 209  87 350 176  24 327  95 396 127 306 291 209 123 242
   191  70 286  29 391  34  38 273  35 137 147 179 222 207  59 144 302
   367  75 160 298 397 210 137 244  52 138 321  41 248  56  33 318 308
   398 365 394 296 334  18 303  98 333 254 192 137 337  80 151 368 266
     0 176  81 288 181 278 247  32 156 265 353  33 105]
  [  0 109 370 345 328 315  77 236  72 245 364 271 126 287 248   4 290
    67 240 405 236 217 162 123 289  45  23  44  16 374 182 250 347 188
   187 212  41   8 175 179 402 398 315 224 330 400  43 101 392 206 171
   327   9  96 359 227 256 193 326 268 144 204 147 258 316  58 124 342
   406   0 362 274 322  40  41 146  59 301  12 242 332]
  [  0 398 326 197  79 264 249 225 343  17 302 323 156 242 148 179 361
   119 154 303 375 171 344 127 326 112 292 185 302 164 143 405 165  63
    32  57  43  70 229 194  12 205  46  76 387 242 278  97 397 294 142
   199 284 361  34 209 256  49 110 111 316 296 196 182 211  17 130 194
   331 360   0 290 386  49  29 347 313 140 373 277 279]
  [  0  82   0  73 194 142   5  49 321 345 346 207 261   0 387  54 296
    17   4 171 310 169 384 205 135 254  88  53 282 333 194 220   0 258
   234 227 236 129 366 301  32 384 333  37 374 370  29 235 356 320 173
   342 401 303  19 106 159 104 163  16 156 348  48   8 104  64 365 292
   153   7 144   0 349  94 221 368 159 308 114 341 323]
  [  0  41  96 247   5 385 345  29  52  78 396 135  52  68  75 121 332
    19  25 338 181 298 166 383 214 185 119 344 180 111 346 121 148 382
   375 336 108 405 396  56 165 306 148 222 333  29 175 212 192 136 260
   213 312 154   9 155 194 381 341 209 160  31 116  37 268 286 400 295
    68  61  32 185   0  20 349 155 184 271  65 306 310]
  [  0 314  37 140 405 212  26 395  39 182 142 104 402  19 186 162 147
   192 291 314 320  73 162  19 201  74 101 193 405 291 193  53 362 374
   392 283 256 270 224 298 160 185 206 350 115 160 121 188 215 401 170
   110 389 146 370 136 168 336 287 362  67 195  43 100   4  41 145 154
   350  86  48 271 272   0 292 168 382 316 123  46 315]
  [  0  27 362 403 272 160 144 395 101   4 391 253 333 390 353 300 292
   232 220  41 344 342 225 386   0 374 172 227  14 248 266 159 167 331
    18  75 213 275 286 240 236 377 161  44 399 350 237 238 253 275 121
    25 205 392 126 276   5 154 404  63 377  49  22 155 111 227   3 275
   308  28  77   4 301  40   0 176 170 299 380 289 156]
  [  0 331  91 303 168 140 170 319 369  64  17  12 267  66 299 114 285
   185 401 277 317 180 126 124 160 137 266 150 127 149  98 147 224 362
    49   1 386 158 248  72  73  23 317  51 166 227 198 201  45 379 348
   237 200 120 321 266 120 160 281  14 227 326  20 366 264  65 402  63
   179 299  72 385 266 318 100   0 154   5 396 250  11]
  [  0 207 299 204 319   0 313 144 309 258 291  60 307 280 377 252 348
   111 205 262  39 389 129 298 106  32 250 132 334 294 237 117 246 155
   359  33  68 391 197 381 271 376 312 269 253 276 117  46 352 101  26
   241 341 161  37 122 103 331  27 342 156 399 222  79 116 385 130 103
    50 346  68 339 143 261 395 285   0 183  47  23 292]
  [  0 156 259 210 251 330 197  67  11 256  87 180 294 204 272 143 135
   168 128 178  15 163 222 268 204 173 210 263 325  26 313 152 314  24
    86 143 346 384 267 324 294 392 187 354  86 406 306 394  80  39 333
   213  98 320  90   2 110 406 284 271 273 303 360 158 358 301 362  91
   249 323  14 144 140 305  41 268 133   0 251  45 251]
  [  0 386  98 317 359 243  54  89 282 170 348  32  98 345 232 198 354
   257 327  62 269  12  65 301  93  16 257 263 295  82  66 243 190 350
   316 207   6  14 239 300 379  38  77 125 373 327 247  19 375 168 400
   297 167 155  93   9 261  90 190  68 251  98 187 207 177  92 101 265
   141 370 157 120 158 340 270  83 185  78   0 131 155]
  [  0 247  12 377 320 328 115 363  27 388 255 161 210 185  23 205  92
   290 308 354  36 346 173 230 138  26 357 322 132 207 203 253 240 212
    32 349  27  66 372 375  75  66  16 104 396 103   8  85 141 101 374
   369 119 150 191 355   3 313 239 168  94 245  12 146 366  37 331 252
   343 284 258 234 311  69 290 195  30  14 335   0 311]
  [  0 353 142 149 192 115 153   9 165 346 384  13 265  47 185  22 367
   208  80  10 135 291 355 364 169 204 382 330 239  21  76  30 132 317
   145 392 331 127 223  42 122 235  72 395 309  41  68 298 146 260 168
   404 280 199 198 176  61  15 199  32 242 148 195 206 268  36   0 299
   125 254 236 355 186   0 317 116 291  25 227 177   0]]]
release_time
[  0  67  53 206  85  11  35 235  55  29   4  77  59 101  15 103  92  89
  20  16  39  33  83  28  23   9  36 107  28  26  16  19  54  35  10  19
 134  53  98 360 106  17  37   4  74  55  95  50  14  33  44 177  19  55
  87  19  75  50  31  17 205  19  73  89  79  37  15  84  93  99  18 135
  96 101  43  52  50  90   0  10  97]
due_date
[  0  94 125 342 104  99 110 316 117 122  95 113  94 124  95 119 100  99
 116 115 119  94 105  94 100 122  97 122 101  99 107 116 123 116 108  95
 355 117 124 386 106 115 112 108 103  97 118  98  95 110 108 289 103 114
 123 113 111 104 117 107 346 113 120  99 103 123 124 117 106 100 119 407
 140 118 109  94 114 125 117 116 103]
unit_emission
[12 11 19 10  8 19  4 14 13 13]
emission_limit
38184.8
setup_severity
2.0
due_tight
0.9
due_range
0.25
release_tight
10
degree_constr
0.2
