mach
10
job_rate
8
weight
[ 0  4  7  1  4  5  3  5  4  6 10  9  6  9  4  8  1  5  1  4  1  2  1  2
  8 10  5  7  3  7 10  5 10  7  3  5  6  7  5  1  6  8  8  4  7  1  7  5
  2  7  9  4 10  7  8 10  5 10  2  4  2  6  8  2 10  6  3  8  9  2  1  4
  4  7 10 10  4  8  8  9  8]
proc_time
[[  0 139  62  88  92  95  91  74 134 107 127  75 148  62 102 106  74  78
  102  73 124 123  58 131  89  66  62 124  84 144  91  68  74  97 106  77
  125  85  96 115 109 130  90  96  95  60  87  54  99  82  95  59 147  88
  134 124  74  74  96  58 141 107 132 135  93 132 128  66  97  70 143 107
  115 139  90  50 147  73  88  64  80]
 [  0 129  78 110 133 127 109  55  57  91 106  78 135 100 130  61  89  87
   89  83  59  78 107 103 132 148  95 110  66 111 116  95 125  93 142 121
   77  74  71  96  74  54  59  63 142 138 105  66 119  91  77  53  58 129
  111 108 108  90 100  69 133  69  69 141  82 103  59 109 109  99 118 129
   69 139  82 104  89 130  61 133  71]
 [  0 139  74 138 118  80 127 100  73  67  80  60 109 106  68 130 105 130
  140  66  51 131  97  84  61  67 117 121  68  91 109 133 110 111  61 101
   95 139  88  60 104 145 147 105  99  83 144 112 144  60 125 106  82  53
  109 140 104  63  75  57 108  73 102 119 113  76 123 141 105 117 103 111
   68 115  84 140  68  85  61  76 146]
 [  0 107  54 127 113 134  53 111 145  77 104  64 129 109 142  75 139 129
   54 123 106  56  94 146 132  62  91  78  93 129 118  73  64  68  79  84
  134  52 137  97 142  79  67 118  92  72 133 130  99  69  96  82  70 130
  104  80  88 131  56  55  78 122 140 116 140  95 133  64 103  51  97 108
   65  52  93  63 125 146  63  87 102]
 [  0 112  72  70  88 105 143 139  76 131  95  89 105  84  83  81  54 112
  140  57  61  69  90 146  94 104 112 132  51 150  50  94  78 130 102 145
  117  90 118  75 138  62 146  53 144  90 118 108 122 118 140 104  66  74
   55 123  92  67  87  87 105 144  69  90  76  82  96 126  63  99  84  54
   51  92 126  55  57 136  60  64 141]
 [  0 132 101 103  68 121  75  50 132  94  74  90 106  86 102 142 129 108
   87 142 138  98 110  66 116  82 108 109 125  86  67  52 150 108 146  90
   81  72 105  77 103 122 129  82 142 101 107  95 129 144  80 130 112  77
   59  82  54  87 118  57  76  67  97  80 147  71  94 129  71 113 139  99
   80 144  62  64  64  67  81  53 110]
 [  0 143  65 109 132 125  93  53 121  98 108 126  66  53  77  73  88 108
   93 143 136 145 137 132  83 109  57  96  69  96  89 131 150  79 118  82
   98  87 107  53 145  53  56 131 102  72  97 139 114  59  65  80  94 128
  135  77 124  57 145 142 107 131 126 128 137  99  94  70  55 104  80 133
   52  50  58 136  85 133 118 105  98]
 [  0 114  50  57  71  64 131  70  55  86  73  65  60  65 126 117 142  53
   57 141  59  64 150  74  77  57 144 138 129 146 122  95 132 136  86  79
  141 126 131 138  64 140  98 149  95  94  62 106 146  70  58  96  51  67
   74 148  55 104  97 103  50  88  59 120 124  77 130  81  57  52  58  96
   83  64  52 146  66  54  92 102  94]
 [  0  62  91 127 112  56 118 111  70  97  61  88 130 115  55  78  83  95
  114  70  84 118  81 118 101  53  62  64 149 117  77  62 147  58  53  68
  136  92 113 120 124 112 127 106  79 104 148 148  92 101  92 106 150  67
   74 143 138 129 135  90  99  56  84  72 116  66 100 129 143  63  71 148
   50  91  69  67 114 118  63  91  61]
 [  0  53 129 135 131  90 124 112 146  56  71 123  99  74 120  80  81 149
   96  82  84 111 126 104  71 108  80  53 112 111 145  77 142  81 127  71
  126  63 119  67 146  73 124 141 123 110  56  79 105  85  92 129 131 117
   94 100 147 120 109  78 136  55 125 121  95  79  71  63 101  69  85  96
  112 137  92  51 126 141  50 103 137]]
setup_time
[[[  0  17 279 178 348 158 332 361  78 284 132 319 278 321   5 266 307
   106 132  37 315  62 255 160  29  74   0  58 367  25 104 320 275 219
    71 375 364 280 368 245  40 133 302  49  73 197 373 313  98 185 322
    94 360 348 321 195  97 102 235 332  48 133 198 190 139  54 288  55
   135 298  57 273 202 146  17 245 259 325 378 134  84]
  [  0   0 357 268 292  19  79 104  22 277  85  16  53 354 334 124 342
    17 168 167 363 273  86 132  89 205  94 186 276 385 143 160 297  15
   347 348 209  63 286  29 125 125 274 253  76 276 347 248 314  45  32
     5  76 383 207  65 332  87 215  19  57 121  18 294 371  81 326 118
    90 344 327 160 369 195  74 388 307 112 289 348 321]
  [  0 324   0  50  99 167  87 348  53 314 196 271 112  25 261 249 366
   198  70 167  50  14 216 130   1  10 270 309  36  48 133 225 212 370
   324 326 195 149 248 364 340  84 241 345 121  55 305 228 203 339 155
   385  90 253 211 130 309 224 386 107 199 212  54 323 281 109  43 221
   301 358 266 307 288 379 385 326  37 382   6 244 169]
  [  0  85 226   0 250 171 289 277 350  90 129 375  74 132  34 147 339
    24  47   0 117 104 358 238 303 112  66  12 357 378  77  43  45 251
   180 136  93   2 210 176 163 294  18 154 255  64 344  14 203 136 234
   194 233 388 175 168 154 184 166 201 153 121 127 293 200  32 210 332
    84 208 258 293 154 279 243 366 170  54 335 160  71]
  [  0 128 149 175   0 239 116 307  61  87 297 273 288 211 279 215 249
   222 236 258  58 329 286 189  10 264  78 355   6 174 148 297 289 362
   306  65 233 109 176 374   9 132  64  58 226  55 276 308 337  60 367
    46 369 389 286 290 344 385 129 321   7  65  87 375  91  43  41  29
    58 367 118  51 108 240  38 184  86 353  74 193  83]
  [  0  94 274 120 309   0  54 270 317  24 164  20 129 140 215 247 226
   231 204 326  14 122  48  84 386  44 316  53 173 329 172 135  88 374
   231 355 240 119 255 188   1 132 322 202 136 153 280 165 151 273  65
   193 263 379 230 157  25 326 186 319 274  22 341 140 165 190  52 115
   292 375  63 201 307 302 221 157 233 145 104 216  86]
  [  0 244  18  59 322 182   0 212 147  81 126 137 265  47 318  16  88
   134  53 330 227  77 237   5 339  73 310 322  29 169 174  21  48  46
   340   9 388 289 101 277 327 288 309  72 228  48 385 371 220 216 314
   244  79 178  19 348 249 151 205 306 336 389 313 136 212  65 320 360
   118 382 333 111  13 302 364 145 116 358 234 176 334]
  [  0 304 332 349 378 336 281   0 269 213 281 142 242 134 302 315 136
    95 373 387  10 188 112 278  42 306 327  67  72 345 178 271 308 334
   271  77   6 330 218  65 298  70 138 263 171  98  64 380   9  22   3
    99 205  90 132 369 170 369  50 283  54 195  97  28 124  69 119 150
    77  33 225 114 191  28 351 109 328 255 124   1  21]
  [  0 291 304 376 321 161 307 230   0 261 326 113 245  39  87 108  35
   341 227 123 161   8 174 102  61 355 378  11 109  14  58 284 348 333
    58 127   9  75 194  73 184 138 105 353 162 233 155  31 232 309  49
   163 229 135 107  72  49 121  68 354  25  93 377  28 104 251 338 342
   287 101 334  53 204 127 116 180  16 370 229 257 133]
  [  0 385 115  61  57  35  77 133 337   0 323 241 363 139  61  35 123
    44  17 241 294 335 359  92 296 128 258 234 202 131 273 294 145 381
   352 377  16 351  65  17  64  87 286 135 139 248  43 355 149 101 297
   347 368  51 265 222 178 192 336 159   1  25 270 114 131 126  11 263
   218 180 207 198 191 203 308 387 197 347 239  14 195]
  [  0 110 200  66 123  74 207 235  81 262   0  98 241 174 355  54 332
   133  68 221  18 182 340  28  71  40  67 248  14 215  80  10 148 151
   181 340  51 261 365  84 135  55  98 105  18 218  88 176 214   2 180
    35 311 360 227  71 107 166 385 299 112   2 104 107 178 112  53 296
   130 337 249  37 176  92  16 243 154 392 282  56   3]
  [  0 127 382 382  90 209  97 310 133 226 152   0 361 231 130  34 141
   353  66 237 339  50  31  63 294 113  52 157 120 121 147  70  82  95
    26 161 276  23 211 300 177 309 136  56 124 302 305  16  11 344 289
   313 368 128 371 119 358 113 190  68 273  40 378 175 338 318 127 229
   254 203 102 343 112 319  24 148 116 341 167 202  96]
  [  0 380 109 270 118 168  97 229 264 270 197   3   0 131  34 356 277
   272 221   1 352 135 142 221 119  70 269  59 123 350  60 142 380  48
   385 179   7   3  12 289  28 356 361 231 157 251 174 350 173 277 282
   145 267 305 263 165 388 381   6 281 375 365 152 325 176  97 175 302
    59 124  98 247 283 197 289 143 227 105 392 130  10]
  [  0 130 160 199 156  77 235 116  61  26 216 177 336   0  30  95 148
   105  31 176 160  12 216  78 338 204  63 254 240  67 231 249  48 178
   125 318 245 123 367  95 363  43 147 185 176 306  32 389 156 281 227
   217 174 354 306 254 149 264 288 284 277  56  44 374 179  82  11 245
   336  46 100 227 208 244 181 316  35 265 114 283  45]
  [  0 219 159  33 221 108 169 260 324  32  77 264 282 328   0 178  11
   186 223 116 141 204 236  10 203 374 278 187 125   0  39  22 118 278
   320 162 143 351 189 320 231 377  48 274 167   2 134 291 290 230 271
   354  85 370 189  68 164 199 167 213 209 192  98  83 275 127 363 147
   367 367 212 150 199 372 312  37 223 338 111 111 336]
  [  0 302 267 166 144 180   8  23 354 274 107  66  54 239 270   0 109
   307 104 154 270  54 309  26 358  70 181 107 226 328  90 361  51 263
   138 376 224   1 209 259 239 296 273 368 327 291 218 215  27 315 219
   321 240 341 204 253 211 264 232 286 258 100 153 122 383 286 382 217
   315 331  15 176 335 195   1 296  48 388 201 145 120]
  [  0 276 377 146  97 274 344  29 354 292  79  81 201 221  23   4   0
   104 209 193 158 133 311 209 185 224 190  90 327  81 260  84 339 226
   276 263 228 338 201 164  57   4  93 105 353 101 254 307 114 356 115
    32  29  17 331  69 264  62 193 343 372 232 274 149  23 275 192 315
    71 338 111  85 202 124  51 360  68 337 109  98 313]
  [  0 169 297  98  25  48  18 372 348   6   0 266  20  27  34  41 230
     0 127 369 287  40 305   2 122 317  21 325 172  11 131  76 209 238
   367 117 158  77 112 167 277 222 353 250 269 355 240 110 252 230  63
   311  61 143 222  34 331 382 341  41  24 134 209 148 175 171  12   6
   364 301 289  30 199  15  92 300 179 379 382  98 362]
  [  0 259 194  79  84 162 279 200 359 171 261  54 223 230 207  73 176
   169   0  82 160 124  11 193 148 291 203 256 162 303 354 150 364  87
    17  23 131 259 139 276  81 115   3 301 248 365 313 303 296 119  36
   348 373  19 315  16 386 353  13 121 164 367  85 362 226 235 283 236
   238  41  90  41  24 116 376 311 390 262 109  85 251]
  [  0  58 165 103 214  66  63  97 381  11   5  27  88 330 220 184 375
    87 300   0 179 179 232  15 331  36 350 163 187 252 214 143 227  75
    59 190  11 269 179 185 364 304  90 175  86 181 225  22  95 113 322
   260  82 181 187  93 274  43 311 142 272  12  11 207 199 158 201 229
    38  45   7 328  48 177 257 267 360 384 101  20 198]
  [  0  48 128 199 298  76 262  58 316  30 248 373  65  35 129  77 217
     7 148 228   0  70 301 231 243 147  41  18 144  65  93 258  40 139
   378 260 188 131  96  88 207 235 303 110  58  82  47 252 374  35 184
   291 382 290 240 285 361 114 364  27 368 371 137 179 263 158 113 148
    78 250 209  14 150 187 382 182  74 184 116 368  40]
  [  0  46  27 348  45 324 375 139 354 316 322  93   7 241 231 230 386
   123  69 311 280   0 320 371 205 226 176 166  36 250 280 328  83   6
    35 328  74 299 325 137  72  51 172 380 194 256 208 175 204 387 318
   184 193 294 280 180 197 367 359  55 178  84 363 153 213  98 303  16
    97 154 175  66 215  50  23  53 362 209  58 142  64]
  [  0  52 363 243 244 167 245 371  78 192 185 236  40  12 208 131 352
    77 256 309  62 221   0 190 222 280 347 355 317 390  83  72 250 193
    92 272 125  89  33 303 145  13 383 270 256  18 114 187   4 238 135
    82 218 146 386 390 377  28 186 104  44  97  92  80  44 116  16 297
   181 160 215  70  46  28 210 311  57 328 336 210 181]
  [  0 248 138 100  23 142  77 336 367 275 273 111 322 165 210 255 303
   322 104   8  33  85 306   0 201 346  17 295 267 360 355 139 256 131
    42 309 235  78 214 276  61 327 293 214 265 332 230 199 197  22  59
   387 188 249 251 234  40 376  62 246 301 375 140 101 153  75 160  94
    53 115 171  75 206 172 359 328  34   8 352 241 255]
  [  0 266 209 116 293 216 145  27 373 263 128 124 253 161  96  61  15
   260 338  71 210 271  65 358   0 294 327 135 269 346 256 166 143 201
   152 101 381 150 308  45 143 373 138 132 360   3 134   8 227 153 341
   184 211 292  73 257 258  78  70 217 296 184 359 267  31   5 392 110
    98  46  74  55 255  53 387 358 371 100 354 154 117]
  [  0 111 158 109 238 307   8 387 283 301  62  77 177 358 291 186 382
     1 367 304 386 143 185 184 253   0  59 189 340 292 111 137 140 155
   267 344 241 289  16 180  78 214  86 367 264  13 237 367  62 286 382
   349 333  81 327 172 278 374  76 259  53  81  94 207 249 319 148 391
   112 268 162 367 340 199 387 278 186   6  95 214   3]
  [  0 201  98  65  22  49 353 116 276  85 384 246 236 245 120 359 215
    98 280 183 156  82  99 345 346  99   0 340 281 287 371  72 333 217
   190 148 215 381 341 239 141  35 198  71 117 122 181 168 194  22 387
   375 305 345 292 345 247 191 260 241 343  67  43  97 280 275 291 246
   349 292 366 324  27 229 265 172  20 163  94  16 166]
  [  0 277 296  16  65 377 198 252 367 147 389  67  76 245 168 310 239
   297 123 106  36 149 199 387  33 363 122   0 324 230 371 141  49 180
   286  98  65 252  50 245 195 157  94 117 162  79 127 243  77 275 365
   143 384 173 225 188   0  27 241 264 197 354 297 209 290 233 170 296
   141 101 343 343 295   8 358  24 251 160 356 206  37]
  [  0 189 318 302  88  23 106  31 198 365 360  67 290 275   0  15 194
   268  93 219 303 255 308 227  88 385 131  77   0 127 225  17 114  60
     2 306 280 277   3 356 324 267 186  71 304  61 333  97  63 224 304
   267  12  35 297 164 200 386 139 324  95 169 316  55 119 282 180 319
   245 149 229 196 390 261 247  47  81   1 147 383 333]
  [  0 176 309 131 367 139  29 165  91 343   4 112 374 102 128  50 179
   125 184 322  69 127 280 142 289 240 111 106 151   0 358 228 267  14
   215 282 357  22 139  33 344  61 228 182 246  44   9 109  84 120 212
   161 262 277 108 159 235  93 150 185 190 196 294  12  37 388  62 202
    94  87  10 299   7 385  20 242 156  62 153 375  58]
  [  0 101 286  36 102 256 300 152 260 158 230 312 331 179 330  34 275
    14 193 324 264 367 272 377 391 161 198 124  69  27   0  10 247 107
     8 225 162  17 231   5  10 154 254  84 330 181 171 207  39 316 387
   338  64   9 235 138 240 218 259 102  72  56 260  93 375 275 289  23
   132 157 336 251 243 128 195  39 334 248 215 216 354]
  [  0 313 294 245 148 263 212 108 230 225  47  56  23 268 190 215 358
    21 253 190 222 269  25 355 115 354 114  65 270 163 178   0 344 307
   144 109  82  31 263  86 304 100  24 341 145  76 342  99 266 328 382
   314 330 189 158 306 267 141 103 204  87 357 129  42 304 334 300  77
   256  45  74 141 135 125  30 268 381 326  12  14 377]
  [  0 142   2 276 259 316  67 359 126  40 219 382 223 124 265 134 349
   263  37 188 178 156 170 291  30 133 221 224 273 303 310 226   0 304
   227   3 292 190 365 153 169 116 214 121  17 366  54  42  42 273 382
   244 239 110 333  65  65 119 384 335 320 236  86  41 300 140 353  89
   211  89 182 251 258  97  82 120 221 350   7  81  74]
  [  0 242 263 169 369 179 100 276 127 150 188  29 382 291 383 232 352
   303 337 387 252 328 183 275 319  37 172 300 136 305 298 214 160   0
   184 132  96 200 278 344 220  17 329  43 144 326  63 125 311 371 277
   379 143 115  47  17  58  60 298 278 135 327 142  36 259 261 384  60
   106  36 224 207 380 216 312 387 384  30 197 366 215]
  [  0  15   4 208 371 204 349  89  20 206 283 220  17  10 241 338 113
   336 349 369 131 125  51 338  25   0 184 166 106 237  29 169 135 258
     0 201 216 319 241 250 321 217 130 202 282 124 364 318 222 331 139
   331  76 225 240  85  62 331 300  77 381 309 141 276  34  78 112   9
    89  54  58 223 333  65  30 192 316  88  65 265 101]
  [  0 367  58 218 267 187  57 133 286 212 203 281 209 294 356 163 233
   308 329  55 260 298  94 273 305 186 255 369 356 141 141 171 125 286
    41   0 293  81 203 280 180 204 107  94  25 309  68 217  77 239 260
   175 125  50 186 386  57 160  55 246  12 264 386 359 131 331 113 325
   295 320 225 326 256  89 377 282  43 138  47  43  90]
  [  0  87 161 260  68 120 303   8 334 202 220 293  55 392 305  53 358
   255 178 327 320 270 342  11  16 140 246  83  35 300 203 147 247 282
   360 317   0 283  24 150 260 106 257  46  49  84 309  72 283 335 283
   219  58  90  73 154  64 372 206 272 166 184 144  57 228 261 124 358
   391 100  41  47   0 159 350 112 376 164 385  48 142]
  [  0 200  80 318  41  96 192 192 265  63 358 354 179 364 390 340 194
    31 370 316 327 145 281 115 354 290 329 141 374 250  44 168 244 378
    42  45 336   0 321 312  74  19 389 309 103   1 114 312 167 307 332
   220  45 228 220 301 316 185  10 290 124 293  63  31 213 144 174  92
     1 318  58 157 305   3   4 244 216 232 328  17 183]
  [  0 217   7   1  88 319 271  73 222  30 114 212  94 225 277  68 123
   276 217 379 241 141 174 111 112 185 177  92 276 371 111 305 344  26
    24 227  19 325   0  34 194 264 240 262 380 231 160 296 137 357   8
   350  55   4 137 381 194  91 175 330 286 326 185 253  13 351 269 286
    25 338 132 349  47 101 305 276 158 284  14 332 218]
  [  0 371  17  38 244   8 182 115 281 351 206 388 138  27 170 197 278
   182 158 244 388 219 196 199  51 132 199 243 362 306 231 219  16 220
   187 138  11  94 215   0 124 115 140 255 377 372 335 304  46 381 206
   131 291 235  29  60 377 288  16 164 194 301 279  94 326 119  28 105
   163   0 312 146 388  82   9 291 334 205 139 302 134]
  [  0 364 228  78 135 147 224 336 372 183  38 242 299 372 365 112  92
    95 270  84 166 298   4 265 297 253 104  73 351 378 311 117  29 218
   342   3 305 305   6 377   0 314 384 364  63 307 278 180   0   8 321
   156 183 220 216 148 144 356 356  36 232 195 168 143 179 301 193   1
   348  13 109 223 115 291 232 174  47 197 289  85  58]
  [  0  92 285 151  38 191 290  25  24  27 230  40 258  95 243 155  14
   127 352 182 355  94 367 133  92 278 245 192 380 159  23  15 230 305
   382 390  88 257 193  92 312   0 135   9  48 227 286 330 175 126  92
   268  36  76 178 262 273 290 179 330 112  19  39 164 111 303 157 150
    88  37 111 208  12 175 163 300 149  68 366  31 348]
  [  0  39 162  66 161 239 156  83 154 383 292 103  71 348  79 328 381
    74 269   3 183  74 367  51 301 242 108 359 131  69 171 130 353 198
   270 242 152 189 124 288 152 385   0 262 148 251 148  80 340 364 364
   228  82 217 270  20  61 226 191 258 111 218 320  21 387 178  40 326
    90 374 253 336  61 217 109 371 135  26 265 329 347]
  [  0 112 237 165   4 223 343  24 285 125 180 344  45 212  17  90 155
    22 338 342 248  23  48 375 362  91 332 262  14  27  50 232 385 183
   342 281  68 346 294 290 205 168   1   0   2 113 311 144  41   4  52
   142 107 281 343 248 206 140 209  81 370  69 351  64  36 381 192 163
    29 329  35 235 202 138 176 301 203 191 386 385 246]
  [  0 390 142 380 218 378 252 349 310  11 307 206 367 320  40 216  68
   119 172 358  69 347 209 338 336  49  57  85 271 201 106 368  46  42
   126 310 257 252 340 368 148 214 372 243   0  40 141  51 349 333 124
   210 101   3 292  51  91 388 355 224 326 186 205  39 147 213  57 324
   148 293 379 353 382 240 267 348 328 350 277 314 174]
  [  0 293 294 216  68 329 172   5  15 178 192 159 186 322  13 341 307
   331 238 141 361 174 172   3  38 233 296 213  50 246  76 268 239 279
   329 188 319 329 304 314   8 205 259 374 320   0 207 133 279 255 277
   318 191 288 198 296  42 233  90 270 264 165 152 306 103 162 274 264
   137  95  85 158 232  55  20  94 270 297  19 132 286]
  [  0  33 294 375  80  58  99 274 145 366 320  97 102 379 224 289 377
    68 287 214 257 159 377  87 104  91  23 179 156  91 346 105  44 160
   290 216  34  74  92 356   9  45 369 310 330 133   0  22 374 182 302
   168  29 196   0 254 124 341 372 144 250 134 167 213 177 340 280 291
   138 333 209  76  47 332 285 328  65   2 117 112  25]
  [  0  98 331 273  28 357  74 251 285 183  39  83 313 124 191 390  78
   370 254 308 133 292 198  92 245   5 201 297  30 360  99 379  42 264
   157 207 117 277  71 344 108 207 313  78 107  99 233   0 124 303 128
   383  91 144 308  45 261 187 105 227  90 338   7 155 378 102 109 350
   236  81 136 329  23 253  60 334 348 351  40 357 171]
  [  0 210 317  60 372 274 103 387 145 212 338 316 285  40 151 105 368
    93 264 328  31 303 181 104 125 353 201  77  82 265  65 244 273  26
   275  35 100 284  74 236 153 108 190   3 144  17 113  61   0  31 229
   195  66 107 370 251 209 293 333 373 115 276 219 144 152  58 140  74
    17 329 361 104 226 262 294 105 107 185 130 354 255]
  [  0 300 270 207 124 306 354 207 171 223 147   8 156 203 305 344   0
   140 103 348 265 254 195 286 274 306 127  96 372 286  38 359 102 124
   291 381 257 279  78  49 246 126 161 218 117 172 151 279  82   0 391
   210 103 364  71 360 179 158 140  89 217 220 340 118 211 133 200  45
   137 342  68  54 217 336 301  12 212 333 375  58 219]
  [  0 203 375  66 199  93  23 370 385 151 257 275  71 288 376 329 134
    74 189 381 150 163 155 374  26  40 256 243  99 359 300 126 312 312
    58 165 290 383 355 146 233  32 351 162 251 196  62  58 309 292   0
   251  41 243 152 372 388 310  15  70 364   9 179 109 345   9 221   0
   219  58 375   7  47  24 284 300  52 239  22 350 161]
  [  0 158 367 368 262 294 336 188 167 304   4 249 137 141 234 101 331
   239 208 379 333 170 379 239 386 207 291   2 255 390 298  98 354 212
   315 107 339 225 186 182 337  15 195 358  36 129  22 362  17  68 316
     0 364 338  43 335  90 149  36 228 225 185  45 360  25  51 197 155
    70 109 299 294  71 353   1 375 255 220  28 305 135]
  [  0 332 154 319 150  98 344 130 198 329 227 214 211 179 201 330  38
   360 139 227 304 389 218  90 257 369 297 238 177 341 377  84  44  65
    23 345  19  92 378 234 194 227 350 354 384 387  35 240  55  68 142
   167   0 386  12 272 248  58 379 188 214 211 239 260 290 363 364 260
   380 368   3 108  63 101  67  61 161 290  85 261 126]
  [  0   8 258 292 301 334 334 169  13 335 256  17 165  79  55  85   1
   175 227 183 181 237 325 275   7  19 264  56  86 222 373  47  11 229
   344 392 186  40 228 268 143 314 140  39 344 175  32 353  54 364 255
   160  34   0  89 165 111 184 198  48 278 347 239 160 267 154 183 109
   376 248 126 284 356  92 391 318   6 186 347 229  35]
  [  0  45 152 126 304 220 336  71 356 208 171 230 324 197  65 160 125
   197 280 329 373 234   3 123 235 174 101  32 100 355 308 367 106 101
    41  91 277   8 245  18 281 231 159 302 282 333 139   4  50 146 136
   133  27  69   0 258 280 262 280 366 319 124  16 118 341 101 161 238
   372 155 354 340 173  46 211 251  63 118  59  98 166]
  [  0 296 103 163  52   1  45 108  24 216  24 290 341 389 363 376 245
   317 378 377 248  72 249 388 334  82 337 210 303 112 278  21 174 125
   320  68 295  16  65 195 199 298  81 315 152 311 197 258 370 203 321
   192 110 277  17   0 372 296 289 316  27 221 105 122  16 266 203 356
   212  49 211 366 139 159 213  80 276 189 160  32  50]
  [  0 216 113  36 218 227 381  62 299 187 257 387  53 205  45 300 239
    80   3 308 301 199 276 373 330 325  45 116 221  28 233 228 349 205
    65 180 320 352 320 162 142 137  32 158 206 336 309   5 184 367 141
   117  96  68 130 145   0  14   2 289 370   2 178 384 184 223 346  74
   378 167  94 213 301 130 267 246  25 201 190 214 366]
  [  0 123  98 240  43 384 389 157 392 188   4 245 176  27 254  24  47
   136 331 333 248 163 304 355 110 114   7 386  41  36 387 181  10 104
   242 207 229 147  84 364 229 335 172 356 189  86 277 146  74  82 107
   143 142 386 163  13  42   0 334  72 282 369 369 154 264 141 179 117
   183 382 242 369   1 172 257 116 197 225 103 283 136]
  [  0 258 241   9 319 360 362 304 179 245 163  87 236 168 238 147 257
   205 318  29 326 329 208 258   6  67 143 236  95 173  25 242 183 173
   103 378 354 364  35  66  61  26 247 235  33  91 300 118 127 107 108
   108  17  20 350 244  22 171   0 162 173 197   3 286 362 213  66  59
   337 315 100 329 279  84 290 289   6  86  22   9 259]
  [  0 208 261 151 374 229   9 105 171 303 321  54 143 342  56 347 167
   241 307  50 198  83  48 232  90  88  13 156 143 149 224 316 175 298
   205 249 274 161 194 243 312 373 230 129 151 362  20 123 238 355 230
   172 244 209 298 324 241  62 158   0 107 372 110 380 264 320 228  26
   367 344  38 276 255 308  77 169 377 167 100 145  50]
  [  0 295 224 276 327  95 240  19  92 161   5  50 209 109 204  36 249
    30 296 372   3  43  81  68 173 371   9 231  11  88 266 303 219 211
    22 270 375   0 191 245 319 332   0 314 377 160 133 127 224 120 382
   205 256 276 272  24 248 244 104 280   0  33  91 387 195 245 262 205
    15 198  35 184 120 315 185 124  22 164 246  77 243]
  [  0 229 257 367 291 125 195 343 282 333 176 153 210 138  80  66  89
   299 268 142 122  85 326 301 288 177 223 282 322  32 379 332 159  74
   163 294 202 203  84 167 251 349 161  85 187 355 171  57 148 375 237
   157 163 249 201 392 239 281 382 225  29   0   3 345 128 144 120 103
   234 200 105 215 135 382 251 148 277 180 227 219 286]
  [  0 104 361 361  23 196 215  50 296  32 196 313 340 306 190 344 193
   248   3  52  47 107 387   2 101 192 325 368 366 343 368 390 235 344
   153 174 288 267 153 274 109 106  69  64 173  31 184 162 105 321 264
    45 198 121 150 121 203  66   1 237 101 114   0  34 218  55  54  91
   382 259 127 148 265 284 173 247 111 125 362 327 331]
  [  0 256 227 329 197 239 179 117 147 258 376  68 162 215 275 179 389
    70 170 272 217 205 191  57  12 200 352 332 364  85 277 168 353 145
   339  10 376 331 387 185 247  22 195 368  34 243  82 283 152 244  88
   153  20 260 108 340 331 221 163 212 207 223 257   0 119 203  46 327
   105 361 139 375  30  86 337 300 317 152 215 105 161]
  [  0 209 351 187 136  70   0 271 367 378 299 293  24 199 156  86 342
   264 370  72  64 288 261 131  21 199 163 375 303 156 127 243 154 277
    74 168 217 133  85 277 367  68 358  33  91  74  76 331 265 197 384
    65 368 242 128  50 176 237 132 362  37  53 150 257   0  23  60 242
    71 317 292 138 147  22 218 233 171 287 195 148 275]
  [  0 179  88  90 391 273 184  30 314 151  72 153 276 284 319   0  14
   122  92 137 157 264 359 210  59 255  50 241 295 220  35  23 325 131
    97  68 123 247 227  55 255 145  16 276 382  44 207 135 230  45  12
   104 341  27 313 257 186 298 195  95 323  31 337 299 105   0   1 365
    21 374  63 154 274 382 177 103  84 359 102  12 242]
  [  0 124   7 371 268 189  28 217 312 389 140 243 386 115 268 196 339
   320  34 209 364 137 142 261 149 319  17 168 251 117  61 358 125 269
   140   5 246 229  55  38 191 119   1 176  30 235 320 294 160 337 172
   297 191 223 381  28 326 164 113 291 186 239 152  39 379 263   0 258
   278 244  51 355 251  61 333 152 288 215 371 252 208]
  [  0  58  93 293  16 346  82 325 191 318 363 217 355 376  42 110 238
   337  36 196 367  63 135 194 166  99 234  39 365 362 385  82 155 304
    29  72 156 248 122 219  31  30 228 139  86 385 229  49 386 118 334
   116 316 328 255 201   0 286 252 355   1 287 207  31 317 364 367   0
   167  54  74  91 302 380 334  92  42 218 179 237  81]
  [  0 169  64  26 204 175 139 190  89 178 138  12 384  65 270 358 310
     1 212  68  49 275  68  89 371 211 257 310 379 164 351 376  37 154
    10 114 337 181 293 197  40 320  20 304 350   9  30 335 323 239   8
   358 250 163 156 108  21 320  24 169 161 305 347 112 179 112 255 138
     0 229  68 389 300 330 181 223  54 244  29  41 310]
  [  0 320 378 258 304  13 177 237 185 277 283 205 221 340 388 237 286
   263 353 342 204  99  23 256 370 179 307 188 172 261 212 254 276  76
    82 217 325 144 262 180  60 329 126 121 140 314  93 165  49 134 127
   129 138 126 373  94 105  84 304 389  54 327  24 257 316  91 160 264
    26   0  90 392 324 240 186 251 361 378 214 389 114]
  [  0 325  85 172 384  44 119 297 369  82 158 258 145 299 293 359 329
    15  27 246 278 233  53 159 357  43 130  81 361 380 224 139 159 308
   367  80  62 332 244 363 198 291  81 346 178 183 300 115 176 206 366
   357 356 276 156 114 257 313  20  76  74 120  32 146 194 391 236 229
   262  11   0  74 102 243 381  91 325 192 245  86  96]
  [  0 104  25 190 185 199  57   2 158   6 274 336 126 331 321 242 137
   297 205 175 240 184 176 381  67  68 122  79  90 178 211 271  54 375
   308 148 185  99 337 112 148 228 133 170 334 384 283  77 164 119 122
    95 299  71  70 385 211  55 369  13 364 240 255 289  49 352 320 102
   369 184 150   0 326 382 131 365 287  87 188 171 119]
  [  0 316  72  93 181 238 232 358  62 326 139 306 277 189 115 245  24
    68 381  44 176 262 319 276 192 373 190 295 280 190  11  10  58  43
   367 181  34 123 387  26 243  76 335  66 280 292 307 346  33  39 190
   378 102 379 381  32 195 248 255 142  79  82 342 151 372 197 133 211
   196 155 186  84   0 293 203  65 328 213 238 142  60]
  [  0 169 189 252  44  27 306 300 118 122  11 335 342   6 214 155   9
   139  60  54  72 218  36 275 145 189 311 249 145 276 141 147 239 369
   138 234 346  14 225 382  32 364  32 287 135  28 392 129 292  96  94
   320 355 135 123  15 276 251 361 360 260 104 332 391 228  15  40 162
   191 238 347 191 243   0 245 111 283  62 331 258 346]
  [  0 321  18 320 156 365 386 146 220 174 357 248 208  79 255 222 317
     4 392 279 388 286  25  71 208 114 335 212 132  82 371  26 278   3
   237 150  59 232 288 212  87 348  75 352 309  47  72 133 384 166 173
   322 291 135 303 112 342 129 127 222 342 161 127 249 224 296  85   3
   162 128 129  26  91 197   0 148 345 183  32  54  84]
  [  0 284  58 363 311 146 383 106 153 305 174 194 154 151 128 171  56
   358 207 369 210 178 159 221 286 244  15 297  10   1 260  75 268 149
   357 360 212 152 366 163 216  98 200 101 351 327 309 248 265 243 143
   116 101   5 188 226 352  81 269 223  46  33  97 327 378 197 187  76
    11 308 175 155  97 151 101   0  73  61 310 349 166]
  [  0 338 285 333 214  68 188 131 142  76  32 215 382 110 297  89  99
    38 326 363 155 248 228  39   3  27 291 114 109 129 206 214 104 365
    48 295 226 220 281 153  82 216 107 361 230 199 206  89 383   5 126
   390   5 220  22  56  45 227 305 286 370 236 142 332 382 113 156 172
   336 111 341  94 359 223   4 214   0 255 328 210 112]
  [  0 369  52 159 218 346  51 380 207 261 286  72 248 359 250 175 278
   186 136 146 284 179 366  37 184 232 233 326 113 125 354 248  14 138
   231  77 156 357 278 360  18  99  39 380 116 200 388 337 351 356  15
   156 351 262 184 254  11 390   0 309  52 378  45 178  81 242 195  25
   271 103 349 119 122  29 239 304 102   0 247 131 219]
  [  0 284 219  20 308  86 386 180 301  90 155 185  74  64  90  95 329
   115  39 196 125 378 120 385 227 118  69 187 276 376 289 343 171 375
    92 259 102 125  32 214 381  40 144 371 207  30  73 253 299  95 160
   323  28   4 244  22  72 265 271 377 249 251 216 260 323 105  91 212
   200 314  24 140 299   6  27 117  24 262   0 274 385]
  [  0 190 377  24 249 127 205 215 165 324 360 163 374 189   5 295 390
   200 290 247 110 386 177  66 347 346 363 280  75 295   0  28  46  95
   129 288 355  14 200 197 276  70 211  83 299 208 153 344 151 367 185
   360 128 287  79 242 131 327  61 340 162 389 360 291 371 158 125 108
   380 280   2 290 181  71 358  65 175 114 307   0  45]
  [  0 383 325 386 215  26 359 209 319 336 219 196 105 128 295 191 116
   262  58 237 110 331 203 248 147 160 301  22 237 356 244 325 168 390
   178 321   1  18 234 122  66   3 216 372 384 259 135  55 310 257 314
   202 315  69 274 308 380 212 217  98 296  20 312  81 218 177  11 348
   105  28 238 305 267 272  31 267 218 300 331  58   0]]

 [[  0 145  73 126 317 108   5 198 117   5 320 180 231 342 277 347 354
   217  59 224 343  27 366 268 349  26 136  43 229 159 327  74 242  80
    28 296  54 259 378  10 291 197 153 154  67  20 349  79  51  17 338
   137 145 126 146 241  81 177 339 343 264  48  24 254 134 169 324 120
   371 160 324 240  78 119 219 189 317 277 291  56 300]
  [  0   0 203 319 151 256 180 240  38  34 261 247 243   6 110 332 307
    54 139 196 160 147  38 227 331  63 105 281 111 237 237 318  79 225
   242 347   4  38 118 204 318   1  23 188 149 367  15  60  71 390   5
   255 194 187 194 270  33 278 254 345 113 157 139 147 377 197  49 165
   325 158 114  66 297  17 208 325 111 121 244  63 285]
  [  0 303   0 358 277 284  53 243  47 194 117  71 275  57 367  46  96
   273  98 133 140 367  33 248 254 272  16 210  84 210 313 183 263  52
    48 230 390 257 357  67  41 240 106 256 127 337 298 173  72  33  67
   146 249 237 138 363  54 198  28 263  70 184 234 183 220 361  50 347
   102 220 350 200  81  81  62  40 258 206 124  14 118]
  [  0  41 364   0  44  79 231 232 176 101  51  63  14 211  95 237  41
   109  30 343 207 149 304 367 252  27 321 296 265  73 268 261  16 146
   103  94 185 197 298 296 113 129   4 268 208 309 311  69 345  97 271
   150 126 197 313 339  97 299 133 303 119 277   4 334 108 214 312  22
    56 243 162 167 362  20 221 371 257 368  33 309 198]
  [  0 227  69 313   0 386  14 153  15  26 324 151 256  93  26  77 147
   118 194 288 105 106 290   3 174 361 123  42 386 309 338 253 263  88
   223 337 141 276  74 209 163 349  95  48 172 339  75  68 326 174 382
    34 292 227 253 193  22 183  25 221   5 240  41 370 124 312  14  58
    58  53 271 154 308 151 178 262  94 240 242 114 301]
  [  0  88 139 152  77   0 311 141 132 355 312 286 169 166  42 373 344
   286  43  87 313  51  78  15 294 119 111 175 120 307 237 306 330 145
     5 203 372  49 315  73 176 309 199 331 354 101 237 260 126 119 172
   360 205 243  60  19 214 270  92  79  47  68 347 126 256 214 125 346
   116  79 126 317 301 142 341 136 155  64 309 386 229]
  [  0 276 331 308 129 177   0 320  22 148  12 288 284 109 203 200 244
    46 213 102 249 384 376 100  65 209 234 257 283 146 284 228  90 347
   360  13 189  57 217 281 284 169 206 306 159  68  23 158 117 229 115
   209 102 221 141 261 193 213 273 377 342  54 278 390 309  32  47  44
   264 243 316  10 337  46 163 188  79  27 231 307 301]
  [  0 379 175 126  23  33 145   0  91 296  79 162 173 129 286 159 304
    36 296   6  50  26 208 156 322 253 371 289 139  74 236  53  93 174
    66 103 136 377 259 215 234 153 341 125 331 324  73   3 391 262  57
   317 129  81  97 144 192 224  24 158 256 118 273 294 112  15  56 134
    86   6  17 224 285 353  85 236 265 135  91 195  42]
  [  0 248 131 116 304 389 157  26   0  89 179  22 168 159  43 333 381
    38 212  16  25 134 185 231 157 126  84 342 178 280 129 136 107 233
   220 244 355 173  39 333  10 205 104 328 108 190  39 298  88 283 220
   196 345 165 356 117  21 220 142 383 377  19 337  18 119 340 171 386
   287 314  92  20 276 112 348  92 222  81  50  97 355]
  [  0 216 195 319 390  30   7 366 251   0 246  70 155  39 224 362 322
   239 301 364 312 302 276  87 380 128 196 271 259 355 279 292 289  98
   127 378 136 260 293 343  16  41 112 174 385  77 107 105 210 169 350
    28 312 157 293 135 175 237 123 350 321 350 235 215 229 106 280 275
   264 144 360 163  24 313 261 117 302 348 170 167 323]
  [  0 370 298   0 313  16 132 319 246 193   0 340  20 117   8 201 326
    25 212 341 141 196  95 185 306  95 138  81  93  78  58 155 391  44
    56  41 235 332  20 271 282  60  91 374 131 194 375 362 350  17 328
    58  98 132  67 362 237  82 392 298 120 224 338 326 374 100 107 106
    95 206  85 149  66 302 330 200 148 197  20 389 202]
  [  0 125 355 174 378   2 370 250 207 301 313   0 113 215  70 289  70
   125 307 310 227 177  47 328 336 314 131 243 118 346 361 120 341 130
   300 125 103  84 359 263 149 184 150 107  57  44  14 372   1 122 124
   150 390 141  78  94 342 360 356 364 361  12 232 172 319 223 284  20
   378 271  83  85 330 193 343 179 329 148 319 247 104]
  [  0 270  97 224 210  32 144 207 387 150 172 379   0  13  53 175 262
   331 191  51 267 146 218  80 298 195 222 206  63 375  21 365  72 194
   242 301  92 201  20 375 134 117 126 145  45 158 192 384 101 288 323
   276 263 206 385 163 198 298 279 294 296 200  10 123 208 110 261 305
   153  72 102 130  67  77 135 280 315  53  78 163 233]
  [  0 391 143  68 125 167 252 162 132 188 136 323 113   0 387 175 309
   112 192 225 325  85 269   2 226  37 319 333 341 197 172   0  56  20
   139 371 223  29 102 336 125 175 128 357 378 174 115 374  71 342 358
   213 369  85 163 226 236   2 246 100 224 361 339 333  27 118 302 177
   214 390 309 274 141 176 223 216 168  48 285  41 338]
  [  0  42 308 117 180  98 256 194 382 221 322  59 135   7   0  51  45
    79  53 144 339 127 333 126  92 138 105 370  45 364 218 146 276   7
   306 265 301  24 256 176 254  47 166   6 264 193 324 232 292 267 356
   244 252 117 347 324 274  48 116 216 132 233  50  89 327 226  68  27
   369 314 131  72  77 215 126 189 376 387  49 296 304]
  [  0 171  95 178 209  72 108 309 184 306 213 387 349  12 337   0 163
    41 158  31 235 286 152 265 185  87  81  24 186  19 131 365 360 249
   158 111 335 284   1 317 386 309 325 277 157 290 295 139 343 365 195
   371 382 221 340  73 255  97 149  87  15 322 201 363 111 181 249 286
   199 246 366 111 315 285 301 135 278 116 328 136  12]
  [  0 109 151 158 285  31 209 280 171 272 198  67 239  31 242 198   0
    46  90 286  41 187 260 171 152 225  99 391 380 135  61 302 233 362
   266  25 342  57  58 300 218 142 270 180  37 340 300 141 179 381 350
   250 379  71 383 171 282 282 336  75 359 287 383 314 381  80 195 390
   283 227 322 151 206 370   0 386 139 168 111 366 358]
  [  0  95 106 235 292 171 320 142 104  36 174  53  70 170 161 328 101
     0   9 188  49 291 129 106  81 331 189 130 214 225 347 176 130 301
    24 213  46 259 215 353  43  86 120 290  29 305  91 105  62 202  25
   325 172  75  15 267 112 245 229 310 355 131 242  80 213  10 126 346
   298 280 100  64 186 250 327 186  32  23 190 218 326]
  [  0 176 314  47 252 161  15 184  66  30 348 189 126 112 288   7 112
    77   0  13  15  63  41 318 141 319 114  16 287  44  54  86 145 360
   118 182 310 203 235 356  33 147 382  39 366 277  84  99 180 114 348
   115 348 119 360  81 251  90 214  49 205 147  66 286 107  18 240 389
   151 206 277 186  62 186 350 285  82 184 351 329 168]
  [  0 238  40 125 176 349 278 358  33 162 273  11 358 381 114 164 168
   240 373   0 126 267  25 273  96 334 100  68 377  75 121 205 378 369
   183 155  33 224 220  84 299 292 238 156 202 178 354  22 368 272 294
    62 304 145  59 158 162 199 132 368 168 251  53  37 286  63 119  37
   165 126 297   9 215 191 149 196   4  82 205 170  97]
  [  0  75 236  11 243 389 264 203 304 111 171 373 261  28 108  98 191
    81  71 275   0 110  57 192 261 344 117  42  12  65 324  67  91 264
   362 131  18 196  68 274 297 308 301 335 310 196 194 332 322 373  49
   178 172 262 354 329 311 267 224 319  84 306 337  55 110 300 143 291
     7 195 329  18 322 238 172 111 354 278 232  51  83]
  [  0 357  46 285 266  61 381 342  23  34 373 285  94 259 125 337 233
    80 216 157 123   0   4 207 131  44 358  64  16 289 164 150  51 172
   246 105 367 198   9 389 172 301 209 228 314  42 258 144 188 255 106
    40 141 374 107 250 338 311 339 314 273 316 171   2   9 183 310 168
   275  24  43 240 330 177 240 370 287 300 329 174 100]
  [  0  68 149 195  54  51 212  16 317 174 343 262 142 309 159  59  64
    25  81 352  97   5   0 103   8 156 256 223 337  92 372 134 127  92
     2  22 380  92 235 303 152 121  19  23  25 345 287 189 321  97  36
   297  86 188  60  41 268 391 246 116 266 351  30 189  12  15  26 265
   347 353  85 138 251 367 194 239  76 380  47 139 114]
  [  0  61 196 178  91 122 211  34 332 381 146 105  99 252 291  74 295
    48 226 384 145 270 391   0 155 253 281 137 259 241 355 200  30 208
   237 254  70 199 376  14  22 203 243 285 143 211  15  85  72 305 155
    40 196 119 187 225 352 109 349  81  21 106 244 205 159  91 124 150
    45 144 267  32 373 199 388  51 373 348 272 150 328]
  [  0 230  43 123 153   0 177 123 130 130 288 239 356 385 141 325 300
   166 304 174 171 294 167 149   0 232 307 218  47 321 288 388 170 166
   216 107 104 266 240  25  32 334 154  87 242  75 258 117 310 306 266
   385 118 360  45 278 201 260 124 250 293 326 195  28  76 267 168 151
   327 173 282  44 286 176  77 170 239 192 217 304 138]
  [  0  53  65  69  41 293 102 110  24  72 368 238 212 175 234 108 162
    62 204   6  22  35   2 303  67   0 330 267 384 374 300 298  39  46
   212  56 220 249 239  75  68  10 230  56  96 304 270 103  86  23  44
    89 132 246 204   1 332 198 385 119 350 183 139 284 186 206 187 287
    80 287 223 361 186   0 276 250 299  17  59 330 373]
  [  0 357 339 180 350 295 279 185 283  21  19 159 306 190  77 311  47
   102 383 260 183  91 228 215 131  27   0  76 141  99  98 265 276  57
   278  47  83 147 196 236 337  79 214  16  45 374  38 309  31 195  41
   358 123 223 215 162  48  60 279 148 142 359  39 180  95  34 230 294
   191 257 334 140 335 132  92 370 186 187  64 244 256]
  [  0  63 178 298 219   7 283 320 275   7 253  45 146  13 142  32 121
    99 178  79 193  58 131 130  78 108 281   0   5 240 377 273 242 336
   250 136 151  80 281 295   3 376 301 238 314 319 246 161  42 202  22
   169 100 169 202  88 201 330 190 240 233 192 150  91  58  65 293  40
   267 243 120 114 324 309 257 306 289 215 237 240 306]
  [  0 228 253 354 297 353 337 252  34 350 190  82  32 364 211  28 343
    76   6 276 195  56 147 320 338 239 221  82   0 209 284 196  24 319
    65 286 285 308 148 114 175 318 263 147  82 170 186 329 250 160 231
    14  60  54 147  15 314 325 139 205 292  52 274 272 101 303 297 356
    33 133 150 318 315   3 156 139  76 237 155  47 270]
  [  0 319 269 364 180 113 327  31 287 210 372 332 118 140 310 361 337
   341 288 112 269  41 355 381 376 146 100   3 176   0 294  15 205 308
   359  40 162 191 164 341 391 295 340  43 256 153 330 255  72 335 350
   358 196 210 282 128 134 318 272   5 361  33 154 280  70 281 157 181
   354 164 182 351 304 230  54 218 140  80 338 387  24]
  [  0 250 275  88 376  26 210 319 279  22 321 387 104  76 232 336 312
   110 202 223 191 383  42 331  32 275  78 355  96 156   0 263 353 165
   186 383 389  89 204 208  96   4 325  29 312  38 134 276 388  56  41
   334 357  43 103 291 252  78  54 239  68 280 243 147 385  15 209 152
    79 170 239  81 285  88 330 169 239 209 265 132 172]
  [  0 292 170 139 358 358 152 260  76 165 231 267 130  68 369 239 349
    15 301  59 384 363 179  14 328 136 225 366  26 290  70   0 129  43
   334  75 204 146  45 158 339  12   7  32 108 327 179  42  35 221  72
   200 109 292  20 319 338 133 119 192 228 208  71 370 295 182 179  99
   154 253 152  32 200 319 336 190  58 274  34 211 185]
  [  0 184 256 217 148 374  47  23  34 310  18  65 196 364 156 305 222
   120 236 149 291 329  38 296 135 172  14 203  56 104 368 387   0 248
   356 351 130   4 245 143 274 368 246 282  71 169  91 271  91 111 343
   255  24 337  76 221 275  69 338 252 356 390 186 383 366  14 356 165
   324 368 250 150 337  66 328 230 217 313 289  43   1]
  [  0 243 384 252 353  73 317  46 329 262  97 338 112  24 118 228 227
   121 306 143 130 381 259 300 339 235 309 289 124 228 147 263  89   0
   149 324 339 287 108  84 153 368 104 291  78 251 349 355 100 183 174
   283  89  58 340 221 323 340 392 355 366 243  41  30 208  86 181 180
   137 290 323  59 280 281  95 169 376 343 233   2 343]
  [  0 246  99 384 138 215 183 172 305 259 257 315 305  87 160  94   7
   211 223  54 118  76  19 181 213 328  12 240 198 168  73 246 193 160
     0 144  84 189  72 212 177 151 211  90  55 134  38 162 350  25 225
   389  99 283 114 160 284 174 365 296 309 375 262 194 181 257  23 215
   354 302  75 383 149  65 361 323  41 127 261 291 159]
  [  0 300  53 356  31  92  72 322 302 179 346 209  18 243 366 337 245
   351 198 152  60 335 321   4  71 370 309 134 290 338 371  67 320 275
   313   0 141 308  32 329  85 160  77 136 207 272 222 364 199 176 249
   329 240 196 286  58  26  26 247  55 246 296  59 339 190  58 327 307
    96 229 200  76 385  18 226 347 275 224 255 206 385]
  [  0 299  73 368 251 254 282 114 293 382 148 282  86 308 107 279  16
   210 159  31 350 159 350 103 370   8 344 137 128 152  80 373 360 258
   247 356   0 224  34  74 248 102 189 374 274 183  88  36 140 126 179
   183  81  21  87  20 148 276  25 324  49 252 274  45 285 373 130 101
   138 173  91 297 243 282 192  69  19 354 305 152   4]
  [  0 295 171 381 233 292 294 269   1  15 145  76 323   7 157 360 125
   374 348   6  35 104  32 114 144 224 321  53 361  51 249 140 378  50
    35 124 205   0 204   9 346 146  81   2  44 111 160   8  15  26 193
   313 176 325  76 388 352 140 141 196  55 113   1 310 374 252  10 149
   319  75 141 349 329  85 335 297 212 141 390 283 116]
  [  0 220 302 305  44 227 207 182 387 386 148 352 290  21  14 133 310
    94 202 147 209  43 104  92 138   2 210 223  48 240 108 328 269 221
   295 138  74  23   0 333  43   1 183 108  53 299 294 143 238  23 197
   155 256 285 362 203 207  97 178 119 113  77 187   7  97  41 346 198
     8 284 104  88 127 235 350  63 188  89 246 186 260]
  [  0  87  43  76 326 257 190 262  89 375 359 147   0  93 161 334 244
   391 147 198  46 332 392 371 206 168 111 148 220 241 119 178 354 244
   168 308 363  45 235   0  64 309 290 216 155 361  67   4 170 246 157
   224 119 313  66 234  65 230  17  76 154 327 216 258  68 197 355 183
   357 253 372  60 186 245 203  47 114   4 320  48 225]
  [  0 169 113  14 367  37 185  65  66 189 361  61 151 227 322 115  47
    90 126 285 345 206 131   3 247  77 197  24  99  14  11 266   0   1
   378 212 228 114 285  51   0 312 290 302  64 221  71 222 205 114 366
   245  49 361 163 308 178 292 220 337 272 227  62 359   1 213 193 108
    46 361 345  54 345 212 211 361 192 319 349 140 108]
  [  0 239 207 330  36 360  31 184 336 269  84 334  26 145 155 267 137
   196  46 319 188 131 258  42 121 195 207  33 352 376 304   4 284 127
    35 332 137 125  86 182 103   0   7 125 145 352 107 107 304  24 161
    32 155 240 204 182 102 207 380 335   9 276  73 203 245 138 363 165
    99 127 377  64 185  81 173 161  18 328  19 244 273]
  [  0 174  38  89 375 316 184 384  31 131 203 303 101 148 207 294 195
   271  17  50 214 140 247  74  63   9 159   7 128 344 228 204 123 204
   160 305 140 152  58 355 146 134   0  15 171  17 343 300 336 373 288
   392 215 138 122 205 204  75 257 264 228  53 325 327  51 143 189 207
   308 270 104 168  89  93  38 149 142 195 131  57 304]
  [  0 372  68 320 141 164  52 291 270  48 380 173 261 375 288 274 355
   293 384 183 263 258 198 303 260 350 131 102 311 221 206 228  69 209
   188 345 300 290 122  12 280 103  89   0 352 306 357 376  47 233 345
   103  43  48 363 287 374 291  59 176 268  88 249 195  98 131 152 251
   256 379 159 217 311 217  37  31 222 104 197 174 295]
  [  0 232 380 135 113 376 296  56 273  81 205 260  33 325 257  19 323
     2 266 303 337 139 154  26 147   1 188 306 178 141 299 156 193 251
    52 363  67  67 365  26 269 179 336 241   0 240 296 364 219  93 295
   299 301 278  31 367 144 384 182 277 298 251 103 312 218 221   8 369
   325 190 232  45 225 389 311 351 230  63 313 130 340]
  [  0  68  54  26 119 315 304 320 217 218 132 308 388  54 382 189 141
   151 255 311   7  49 366 267 134 318 294  29 125   4 204 153 283 327
    38 355 340  81 154  46 163 212 281 388 158   0 175 178 234 227 325
     1 127 298 178 123 148  20 247 349  66 111 307 243   6 367 375 351
   205 239  23 252 103  14 366  89 260  37  64 193  46]
  [  0 160 177 213 140 309 233 316 188 196 194 303  67 311 276  35  97
   297 223  17  22  32 293  63 319 278  27 139 263 102 145 350  52 168
    32  24 268 222 135  66 148 227  63 274 210 300   0 199 238 257 386
   361 135 192 279 338 157 217  97  41 110  44 369   3 117 226 278 227
    50  21 271 250  17  60 103 341 190 248  59  99  31]
  [  0 281 220  41 335 388 364 154 113 272  37 245  82  27 100  36  89
   139 118  44 177 196 122 112  62   0  13 353   6 192 294  25 191 102
   377  69 335  38  92 221 187  97 163 338 312 341 253   0 376 112 191
   308 135  60 234 195  63  24 258 268 161 252 245 386 322 377 364 291
    68  78  92 380 333 107  52 134 348 111 216 119 312]
  [  0 234 215 384 306 333 341 339 277 379 317 348 193 108 114 249 187
   236 285  16 360 113 129 248 327 388  56 355 332 225 319 295 362 209
   376 215 333 387 114 300  57 337 166 338 165 202  90 161   0 113  19
   319 280 140 114 221  70 283  59  26  94 216  16 270  34 357 357 206
   213 106 234 207 370 304 237 160 147 355 212 341 170]
  [  0   2 221 378 340 379 123 248 271 119 314  39 172  85  76 137 361
   182  57   5  74  43 361  93 181 324  35 281  45 114 257 293 127 231
   108 106 155 263 340 174 265 303  34 304 242 233 171 349 312   0  98
     3 109  32 343 298  21  62  35 278  96 379 183 239 122 152 372 368
     1  13   7 122  94 295  71  26  41 373  81 112 329]
  [  0 301  40 184 368 341 284 187 114 373 216 246 124 236 177 152 350
   228 249 119 137  41  80  94 187 148 168 120 312   5 313  79 288 264
   265 194 218  91  55 268 330 381 239 308 198  87   3 176  98 363   0
   132 280 143 185 133  78 258 145  90 164  13 223 314 209  12 179 287
    66 361  17 273 354 196 206 237 187 124 353 238 225]
  [  0 159 275 301 136 280 100 347 312 262 208 366 292 103 365  62 313
   284 157 311 138 172  57 303 218 365 111  53 267 261 325 157 382  93
   209   8 116 232 256 315 162   5 235 297 316 381  20 306  97 299 177
     0 146 253 179 229  56 203 383  43  81 221 374 384 238 381 112  73
   344 165 137  45 132 161 322 210 366 192 308 274  12]
  [  0 329 339 372  96 130 355 237 392 187  52 170 179 347 269  99 324
   109 132 178 263  77 367 191 126 212 170 262 208 324  66 318 109  40
   284 189 282 380 143 233  82 128 159 229 280 210 195 358 250 132   9
   244   0 309  69 189 372 347 336 127  30 327  60 193 217 289 127 282
   318 205 145 151  60  91 257 327 164  51 357  94 257]
  [  0 122 335 285  16 113 119 299 141 280  19 305 147 323 260 293 130
   230 353  15 215 312 251 387 322  65  79 333 290 325 139 385 110 367
    80 194  64 171 251  76 384 360 388 354 355 288 148 365  15 128   1
   101 213   0  92 231 241 296 308  74  74 117  34 134 246  84 322 359
   289 249 124 191 181 272  38 375 274 213 286 326 113]
  [  0 127 105  76   5 311 116 344 301  35 300 279 173 124 304 277 149
   307 118  70 245 263 172  20 385 168 159 330 362  33 339 260 139 166
    76 195 125 253  37 111  49 322 170 211 363 348  86 232 100 123  60
    72 289 254   0 107 252 387 192 387 214 348 120 209 314 348  37 288
   160 274 235 283  83  87 310 224 358  52 367 251 159]
  [  0 158 348 326  99 130 203  50  47 174   5 376  49 268 166 246  66
    35 164 245 211 312  16 224 225 375 198 144 362 127 293  25 259 149
   343 109 271 171 358  13  72 325 192 110  96 175   4 191 101 375 231
   169 255 105 237   0 268  80 342 206 331  99  17 108 265 248 381 389
   111 310 108 284 182 208 238 139 293 370 369 259 250]
  [  0  10 304 332 269 276  90  13 262  41 278 353  38 319 357  57 158
   142 384 226 275 248 144  95 125  95   7 289 307 122 270 200 267 281
   236  77 174 208 349 350  17 213  77 227   4 368 378 235 375  45 139
    14 386 131 366 301   0  65 184 305  65 243 369 273  58 344 330 253
   333  42 326 164  55  70 334  84 210 356 358  53 255]
  [  0 256 213 296  39 376 120 170 201 134 170 229 299 120 158 171 295
    10 156 239 294 297 318 303 164 130 279 265 359 209 382  90 148  37
   165  62 314   9  92 243 296 288 332 236 149 292 226  94 177 269 134
   335  13 385 367 214  61   0 246 349 337 341 359 337 270  15 345 268
   321 331  86 111  67 202  68 194  79 301  86 170  46]
  [  0 266 281 167 350 145 157 343  52 303 349 265  86 274 248 366  44
   270 129 389 160 230 241  23 191 183 164 313 128  35 256 188  97 217
   238 379 302 301 295 200 280 260  68 104  79 301 198 177 274 169 103
   182 265 342 295  38   1  59   0 341 293  55 163   4 185  25   7  31
   217 300 180  72  72   3   3 325 158 240 158  58 201]
  [  0 118 317  55  39 216 152 302  26 234 341 339 204 323  89   0 275
   163 363 358  70 256 100 196 227 246 319 242 263 142 156  22 392 121
   384 136 283 266 359 112 206 289 385  40  11 352 219  51 261  81 175
   257 316 247 356 229 103   2 385   0 180 202  93  28  39  90   9 125
   248  16 343 283  46 134  76 260  40 330 249 126  98]
  [  0 314  26 172 224  41 146 116 332 289 375 352 224 147 157 254 241
   117  24 102 305  47 302 191 238 213  21 215 195 305 317 328 377  72
    25 330 233 244  87 307  18 110 262  40  52  20 298 362  16  96  93
   105 253 352 180 113 326 250  62 262   0 291 207 173 300 159 160 348
    60 338  58 322 237 269 317 212 318 153 383 234  72]
  [  0 108 186 250  23  39 116  12 245 265 296 104 151 128   2 128 340
   267 252 376 187 317 125 225   4   0 206  54 350 151  14 167 314 324
   338 315 374 219 102 180 295 383 291 215 152 313 129 315 344 270 206
    76 312 105 293 266  99 358  59  10 277   0 199 264 330 308 248 292
   109  70 312  21 163 235  40  35  24 303  79 201  72]
  [  0 217 188 357  80 329  49 299 250 329 157 349 122 356 164 198 274
   325  33  81 245  60 387 140 296 317 308  16 181 181 241 286  15 114
   126 129  72 382 357 252  63 127 129 135 314 325 140 215 281  57 336
     6  46 192 102  96 114  34 182 151   3 231   0  36  41 376 102   0
   166 175 264 328 134 246 184  54 345  10 180 192  25]
  [  0 315 158  80 278 224 295 295 165 127 162 370 139  23 254 207  34
    22 259 371 382 286  96 159 232 243 273 270 313 258 366 184 251  53
   224 226 256 284 106  60 245  15 299 197  58   7  60 166 221 279 324
   292 116 107 273  84  25 383 220 285 231 361 232   0 231 324 175 154
    24 133 359 120 310  80 341 170  17  15 147   7  73]
  [  0 124 321 216 326 303 342 352 151 210 323 252 258 209 150 155 329
     4 127 148 156 143 374 132 298  61 362  52 100 290 328 169 321  88
   288  31 184 140 344   7 151 225  89 364 368 382 129 138 140 339 349
   104 195  52  51 111 293 222 315 322 121  64 379 291   0  16  60 238
    10 279 284 181 147 241 169 307 273 135  48 326 387]
  [  0 132  85 106 158 155  85 316 314   1 244 106 198 271  96  59 145
   273 278 274 240 314 289  82 195  81  19 107 369 282  22 129  57  26
   160 263 217 318 128 128 293 351 373  72 191  40 313   0 364 122 187
   200 152 172 298 247  27 259 127   9   2 362 126 349 234   0 261 267
   327   2  58 382 285 192  17 102   5 380 166 250 302]
  [  0 213 350 335 102 291 206  76 159 154 359 312  53 151  69 225 221
   239 245 239 236 112  70 319  21 264  77 184 266 320 321 382  46  25
   367 106 154  18 179  30 157 184 181 357 341 280 338 180 145 262 211
   253 209 191 150 190  70  44 372 225 109 372 184 262  99 262   0 230
   207 159 278 279  97 230  43 334  52 209 205 124  14]
  [  0  77 390 301  66 183 158  71 233  86  76 230 291 278 281 209 329
   146 280  39  45  89 265 255 134  33 252  18  24  43 150 202  52 147
   249 100 262 335  59 266 114  91 328 378 143  82 205 103 164 184 277
    23  76 315 371   0 306  98 262  87  97 189 308 189  89 370 249   0
    21 128 347 366 380 231 117  34 294 205 287 212 155]
  [  0 330 179 244  70  46 251 130  13 198  70 368 173 347 388 350 176
    47  94 238 171 193 157 353 232 286 263 258 302 360 289 164 146 156
    40 117  92 241 293 337  83  62 236 155 301  95 212 304  51  38 321
   375  60  35 219 310  93 246 137 137  59 311 229  61 203 118 374 384
     0 329 319  51 243 158 304  26 302 373 274 265 315]
  [  0 155 198 282 121  50  53 324   8  51  71 252 282 245 133 109  12
   244 390 308  28  52 190 309 388  65  42 128 282  55  58 237 307 104
   202  66  92 310  18 103 155  35  55 309 291 150 349 116 320 208 187
    74 382 157 322 273 260 216  92  83 223 272 142 291 221  43 309 298
   364   0 207 148  92 151 298 265 258  28 208 210 157]
  [  0 199 148  91  73 315 188  21  95 118 121 300  86 204  63 315 192
   124 283  14  26 228 220 298 287 204 362   7 301 155  90 106 352 159
   259 356  30 298  41 213 204 216 203 139 206 372 284 294 172 316 104
   216  45 369 360 104 106 343 166  23  93 297  66 272 157   6 234 127
   178 236   0 228  61 384 103  41 319  91 148  51 310]
  [  0 351 151 329 258 176 333   7 252  43  90 385  58  62 186  17 219
   165 281 286  46 140  21  49  61 271 320  35 180 178 117 261 139  73
   284 340 168 285 261 298 218 117 248  89  26  36 320 193 224 107 156
   220 191 297  17 216 270  52 235  14  13  78 151 211 200  45 379 355
   216  61 171   0 136  57 326 350 208 363 227 287 221]
  [  0 158 220 133 385  50 312 337  75 322 140 380  33 231 317  26  16
    93 288 285 226  59  24 137 381 142 314 165  58  26 223 290 258  42
   259 370 333 295 369 286 367 128  62 297 334 196 359 110 314 214  26
   320 196   4 277  83 353 301  18 176 293 203 152  59 363  41 111 177
   163  65 333 105   0 111 133  81 103 117 194 356 391]
  [  0 384 198 132 243 135 156 348  68 341 289  85 177 220  43  68 125
   167 216   1 199  96  49 380  30  37  36 364  47 329 149 325 161 202
   135 329  88 181 222 238  25  79 138  82 216 220   3 122 375 383 305
    15 202 356  26 259 102 363 191 385 149 147  34  56 126 318 122   5
     3 332 187 228   6   0 247 106 362 224 329 178 135]
  [  0 178 325 137 121 141  60  10 371  65 310 173 391 219 334 218 192
   222  65 113 248 338 213 373 291 173  13 380 180 341   9   4 275  92
   161 366  54  49 281  65 100 268 342 216 306  66 381 142 277 373 149
   154 116  93   6 344  32 155 170 318 343  89 137 359 248 275 138 270
    67 183 275  96  73 389   0 181   5  47 112 247  99]
  [  0 357 352 233 110 186  75 132 370 240 337 111 373  74  32 114 379
   331 326 379  38  70 344 186 378 250 297 328 185 253 210  96 316 201
   130 161 201 109 203  78 342 138 231 184 229 128 275 289 275  50 222
   125 150 285 117  90 309 293 357 296  96 288 169 179 161 148 248 223
    72  17 360  15 142  75 242   0 106 299 378  41 345]
  [  0  53 343  11 233 368  94 151 314 114 357  85 343  87 142  84 184
    43 160 338 290 143 311 286 293  82 163 370 157 142 335 143 352  42
   319 172  70 155  74 356 177 249  59 292 266 203 270 152 155 192 188
   301 351 391  59 277 290 100 210  91   9 148 279   7 216 235 114  86
   147 158 340 365  87  25 217 267   0 359 383  59 295]
  [  0 134 389 239 228  61 370 105 369  88 135 171 189 347 198 367 157
   162 368  92 391 156 366   3 140 214  72 313 112 374  88 326  12 201
    90 253  19 145 140 232 181 189 336 138  81  56 300 148 250 190 121
   172 235 307 342  37 107 384 162  62 170 160 166 132 267 235 184 112
   126 304 245 229 270 296 152 109 371   0 237  14 162]
  [  0 206 319 115 227 257 360 287 342 282 189 103 252 291 301 130  76
   230 375 213 343 307 306  31 125 278 181 210 128 139   9 121 297 211
   286 308 346  43 157 199 255 286 287 107  84  24 336  37 164 243 290
   367  18 258 257  17  67 272 177  58 284 366 371 257 170 351  91 280
    73  30 129 185 265  22 194 391   3 113   0  26 280]
  [  0   1  21 141 274 144 123 302 111 322 218 209  11 282  53 234 316
   179  51  53 311 300  49 212 375 254 184 142  57  90 270 147 164  32
   305 236  53  62 356 317  76 370 200 277 159 202 259  91 377  55 204
   392 200 156 302 318 218  65 338  58   8 167  64  25 318 344  45 319
   362 350 101 203 369 335  70 156 332 209 367   0 153]
  [  0 279  69 322 219 364 209 141 202  21  94  31 362  66 322 262 237
   278 372 354 186 292 271 285 275 264 367  44 221   9  67  46 299 372
   167 203 280 281 162  71   1 195  53  72  31  59 103 382 199 220 214
   218  35  43 214 123 152 102 167  99 267  31 320 381 226 123  43 317
    25 126 391 307   6   0  88 182 135 128 127 351   0]]

 [[  0  15 282 353 289  14 230 350 241  79 236  67 110 348 362 194   0
    54 392 159  23   2 378 235 363 284  57 210 305  83 228  41 165 297
   315 250 238  14 172 313 172 289 256 276 198 325 119 169  77 156 266
    55 280 182 116  82 123 177 207 278 279 218 314 189 343 341 137   0
    32 127  73 324 352 225 310 366 352 149 382 152  77]
  [  0   0  85 220 310 356 317 210 289  49 321 246 321 120  12 167 248
   116 349  38  49 189 271 122 182  64 392 221  50 194 195 260 254 250
   178 155  37 201 248   3 372 368 352 171  84  86 143 233  20  81 201
   138 335 256 171 145 232 374 301 128 116 223 105 129 375 251 171 301
   361 113  74  97 223 344 228 200  99 257 327 151  72]
  [  0 160   0 374 165  39  68  44  18 273 158 124 380 269 386 376 216
   181 232 157 218 147 151 211  78 292   4 353 195 200 351 186  49 303
    27 211  71 163 245  58 310 363 107 273 229  60  83 213 294 252   2
   333 390 300  39 203 346 105 148 277 173  55 253 120 207 370  11  52
    82 214 267 241 234 350 301 339 143  26 336 109 316]
  [  0  28  34   0 169  83 115 142 143 118 298 290 183 199 273 359 358
    29 125 286  29 317 195 150 368 177 378 285 296 135 178  62  59 306
   364 112 313  82 310 230 365 196  88  40  96 188 340 355  37 208 279
   203 127 390 139 178 360 371 236   3 309 294 261  92  56 251 268 364
    79 264 103 175 321 280 232 310 356 108 370  29 209]
  [  0 256 280 327   0  61 225 377  80 154  21 349 206 212  47 318 392
   338 237 355 271 295 259 218 277  48 155 385 163 255 149 193 137 338
   364  21  27 388  72 300 307 339 119 196 261 280 112 262 131 309 195
   235 378 343 141 189   3 343 254 203 379 130  13 147 161 340 343  19
    23 332 202 293 287 315  30 242 385  16   3 349  62]
  [  0 343 214  56  11   0 210 289 369  78 385 164 291 293 353 188 383
   136  65  96 304 239 158 165 126 247 271 297 340 133 341 380 365 347
    52 148 168 283 155  72 260 205  70  95  67 202 156 215 383  95 296
    39 136 279   6 286  98  44  64 100  36  98 374 385  63 307   7 214
   387 111  94 255 323 220 302 152 333  85  44 319 194]
  [  0  45  36 148 177  15   0 201 123 361 303  42 272 355 365  91 369
    39 268 301 162 162 180 339 249 114  97 149 119 366 381   8 275 339
    97 309  79 126  64 350 289 114 275 367  45 148 215 235 385 344 223
   365 214 124  22 190 308 134 341  65 333   9 319 162 380 355 330 298
   144 222 260 143 392 123 216 250  64 249 145 236 212]
  [  0  64 173 364 287 287 154   0 173 178 323  25 225 317 133 281 156
   215 107 274 107  67 387 190 132 209 249 132 249 135 392 186 104  55
   288 141  73  91 354 381 105 114   8  55  59 275 310 162 127 100 114
   390 362 225 351 299 206 367 236 168 181 132 159  50  77 169 390 206
     7 214 100 276  52 313 245   0 220 348 253  72  56]
  [  0  81 364 308 318  40   2 185   0 375 327  32 246 160 377 194  25
   351 176 284 339 346 391 303 203 233  56 127 304 348 283 316 299  72
    49 302 252  10 161 331  33 207  73 240 143 175 331  15 135 322 245
   168  41  81 188 372 135 218 190 387  73 321 331  68 191 295  36 365
   384 141 352 133 337 201 174 130  64  32 386  12 382]
  [  0  33 180  53 149  18 167 209  85   0 378 381 340  54 199 368 213
    26   0  75 200 191  72 325   8 216 373  83 354 129 188 201 224 268
   202  57 309 191 142 331  29   4 179 378 265  60 265 218 114 102 227
   232  74  50 162 167 306 219 126  84 164 305 250  54  36  95 224 100
    52 296 347 392  89 376 136 160  55  91 106 345 259]
  [  0 219  36 262 302 149 305 313  15 253   0  35 336 211 176 295 107
   116 196 312 346 167  36  16 173 366 354  37 123 148  88   2 261  48
   190  91  84 181 236 214  50  88 160  63 172 305 153  37 355 292 218
   255 183   2 218 390 101 239  13 313 154  75 383  44  26 286  83  96
   198 346 120 301 378  80 188 274 351 169  11 386 126]
  [  0 166 227  36 157 384 246   2 249 236  45   0  75 179  62 123 198
   218 216  66 176 307  32 175 246  20  14  41 266 185 228 379 300 390
    76 324 184  92 203 264 376 259 237   2 241 226  40 159 103  81 277
    92 369 114 220  69 113 293  21 194 357   6 240 182  72 122 332  74
    25  42 116 282 346  65 198 131 161  38  86 315 361]
  [  0 312 365 202 307 392  80 118 149 270 378 136   0 197  94  97 306
    65 190 298 388 356 392 258 135 208 145  15 225  28   8  10 160 139
   172 187  85 315 174 105  59  34 198 273 159  97 367 330 160 213 283
   344  91 222 278 287  18 223 236 325 227 204 244 329 181 220 305 239
   370 101 207 262  64 344 174 254 370  24 331 168 292]
  [  0 207  19  27 384 379 240 360 186 248 345 174  20   0 228  16 343
   191 100 294 102  43  81 149 265 159  29 232  76  59 315  74 314 257
   210  82 253 289 266  31   6  51 116  40 261 350 275 263 383 251 240
    99 204  95 147  70 216 321 144 352 220 375  36  72 301 104 360  62
   316 350  28 257 155  16 264 166 283 278 256 120  21]
  [  0  48  46 248 330 187  94  67 182 190 303 380 360 345   0  51  55
    19  55   2  28  76  86  96 327 320 109 155 348 350 302 107 275  22
   173 282 255 390 279 257   6 375 274 307 115 373  16 346 142  44 111
   173 318 268  45 328  39 370 265 237 248 245 283 206 330 215 131  82
    83 293 323  51 309 356  46  28 315 295  33   4  30]
  [  0 357  70 120 187  77  93  63 196 136 296  48 132 199 304   0 251
   175  36 159 291 317 126 257  83  51 269 379  17 148 300 210 144 390
   224 109 352 236  23 233 317 371 233 363 210  17 340 230 359 358 144
   152 310 374 229 204  13 256 296 235  13 209 119 183 287  53 272 144
   150 103  57 100 144 372 131 220  94 286 144 240 182]
  [  0  85 106 231 138 156 364 365 373 250 299 297 358 252 212 300   0
    81 351 222 324  64 279 227  34 219 246 227 230 302 307 292 257 274
   370 330 239 209  31 296 270 169 300   8 161  24 311  61 273 182 367
   109 319  98 142 187 223   0  49  48  20  11 391  15 328 391 330 383
    68 166 301 135 371 346  18 130 317 327 239 391 254]
  [  0 390  79  98 208   3  15 108 129 329 119 162 151 380 209  32  14
     0  91 342 246 163 170 231  66 296 230  86 350  99 316 115 340 125
   309 299   6  51  33  92 149 244 284 252 306 210 129 382 130 233 185
    70  61 211 108 260  17  71 268 267 296  50  80 268  28 157  46 325
    29 183  93  67 347 197 216 178  32 338  22 114 377]
  [  0 388  56 164 327 208 131 144 130 108 154  16 134 298 225 191 135
    57   0 357 325 264 100  27 118  29 235 301 308   0  26  96 277 351
    75  68 337 257 233 135 328  15  84 275 210 184  89 247  71  80 131
    87 235 362 275 105 312 183   5  76 245 128  11 309  11 125 175 138
    73 357 226  23 326 380  48 124  11 199 176 332  21]
  [  0 302 114  66 103 187 316 213 348 230  45  59 278   9  92 175 257
   157 364   0 175 336 369 223 129  29  88 223 108 244  45 382 224  65
   238 229 153  11  69  39  39 330 257 331  56   6  49 126 332 171 109
   167 271 158 330 378 345 206 338 138 376 316 124  76 136 109 173 238
    69 205 217 332 377 326  99 233 328 353 248  22 222]
  [  0 135  70 220  24 310 140 183 239 110 183 197 288 214  98 340 237
    57 210 296   0  15 231  79 200 235 144 221   3 217  27 223 265 239
   189 373  63 380 169 135  69 383 312 155 146   4 310  40 196 336 105
   352 166 294 278  16 255  19 246 381 387 388 257 237 170 128 334 314
   171 183 166  83  59 274 388 145  56  60 314 194 159]
  [  0 219 219 296  64 246 237 245 269  19  70 333 390   2 369 103 370
   205 222 324 389   0 233 139 267 333 146 372 258 333   4 267   2  33
   113 112  20 331 143 382 109 242 308 156 345 123 136   1 329 143 134
    90   7 326 201  69 353 106 340   2 138 161 215 383  18 275 209 121
   100 318 385  71 334  29 389 286 346 370 281  78 392]
  [  0 282 297  93   9  83 195  24 352 164 222  47 318  68 157 261 274
   246 108  88  99  35   0  20 251 266 136 278 319   6 115 338 166  78
    39 346 226  89 345 163 154 362  89 189 185  10 256 137 320 240 131
   298 338 116  10 375 392 136 215 184 273 313 165  11 266 149 127 197
   321  40 119  70  73 123 300 354 139  98 225 184  85]
  [  0 190 236 253 373  51 163 214 367 292  42 202 373 254  63 319 278
   336 282 210 188 158 367   0 113 107  58  68 166 199 212  61 139 380
    69 260 336 300 344 127 316 320 354  32 148 174  64 299 345 292 193
   351  13 340 142 115 100 190 136 219  85 254  35   6 143 219 112  42
   232 102  84 182 253 279 357  66 184  15 325  74  70]
  [  0  25 226 265 193 214 231 392   5 375  50 340 144 165 292  49  63
   197 364 278  19 330 305 109   0 344 288  44 177 197 119  56 215 350
   231 116  15 266 102 346 294 251  78 140 353 238 104 303 300 125  78
   293 276 324 133 378 209 256  29 113  74 231 361 366  44 286 337 142
    74 182 343 343 346 132   6 155  44 138 310 103 366]
  [  0 129 392 184  31 226 211 102 260 327  43 151  81 157 134 102 221
   105 357 146 265 121 148 268 111   0 331 332 207 327  91 248  64 363
   193 154 149  94  30 317 291 340 323 279 234 189 224 356 148  44 344
   137 367 136 199 376 267 307 113  32 123 308 319 172  74 334 174 315
   111 115 254 118 263 289  69  98 313 123 199  39 187]
  [  0  65 112 168 204 275 248 302 173 381 201  12 102 161  64 350  20
   226  94 265   3  80 359 260  92 390   0 324 362 292 174  90 270 375
   159 317  42 241  78 100  46 291 182 371  51 350 233  69  98 112  74
    72 235 334 297  41 310 151 347  56 304 235 165   7 368  63 234 294
    31 237 185 115 290 216 106 122   5 382 302 334 378]
  [  0  34 205 218 373 278  98 300 250 304 391 122 303 297 257 371  21
   221  84  96 146 115 203  58  67 134  71   0 257   8   6 318 273 262
   109 183 391 250 100 164 251 166 158 183 251 276 225 112 313 162  44
   113 311  25  32 213 173 364 359 333 143 136 387 191 160  98 174 373
   315 197 348  58 276 372  43  78 191  60  10 245 171]
  [  0 331 216   2 133 178 188 304 270 222 315  38 234  79 307 136  36
   171 224 128 353 361 163 150  30  26  78 261   0 144 153 115  29 222
   193 135 338   8 103 316  22 164 134 364 216 346 195   8 282   3  75
   215 119   7  36 204 285  55 175  33 143 218  72 362 195 240  76 257
   194 231  96 159  33 207 320  36 304 248   4 171  70]
  [  0  52 208 315 354  93 234 278  40 258 208 258 331 110 292  44 194
   226  97  80 187  56 155   8 240 221 229 227 118   0 330 351 111 274
   313 354  88 227 267 287   0  25 204  81 322 343 356  80 323  34 203
    35 249 355  51 329 312 130 222  59 168 385  13  54 205 379  37  88
   107 126 248  44 196 158 121 362 106  86  97 240  84]
  [  0 240 285 378 226  85  59 221 330 121 300 362  17 102  71 100 232
    29 146 180  58 194 346 243 292 276  29 305 243 219   0 322 128 241
    89 114 176  58 377 273 309 134 264 319 188 276 330 302 349 217  54
   387 154 168 282 237  60 196 287 190 229  94 255  32 384 354 253 328
   185 388 255  93 174 150 237 177 378 209 231 337 356]
  [  0 321 176 353  43 335  77 330 383 203 385 166 145 128  49 160 356
   316  17 183 115 282 228 328 267 185 280 139  49 297 174   0 227  62
   251  44 106 254 246 173  92   6 206 135 198  30 252 129 233 282 272
    47 292 148 248  58 355  49 222 386  66 189 176 259  29 222 339  53
   127  56 346 276 340  47 291 210 320  50 201 244 202]
  [  0 327  78 252  37 258 278  43 220 284 113 362 253 177 140 311 226
    38  82 284 207 183 340 165 102 379 306 142   3 118 256 255   0 145
    48  68 229 307 161 198 295 135  71 144 294 219 214  39  77 193 298
   328 231 360  41 145  24 179 358 303  98 189 386 363 325  74  87 284
   124 231 163  50 362 319   9 130 117 326  68 216  93]
  [  0  96 266 122 369 238 166   2  44  72 266  96 352 182 329  65 108
   152 225 281 302 248 310 272 246   0 232 142   7 218 262 140 133   0
   285  94 281 231 272 341  29 247 208 242 319 166 203 294 297 222  82
   100 352 257 295 158 363 212 263 377 152 228 357 341 282 156 305 347
   104 366 283 356 141 238  53 348 122 305 253 170 253]
  [  0 318 131 375 385 279   5 201 380 143 271 150 239 322 137 191 372
   310 213 392 180 143 232  32 291 247 258  59  91 246 256  79 368 310
     0 193 321 148 130  61  99 355 198 221 283   8 351 199 235 250  32
   269 365 317 106 307 251 161 122 109 340 188  64 196  42 140 146  27
   322 215 100 287  83 267 386 334 235 297 115 323 386]
  [  0 242 102 266 389  78 175 144 365 270 261 142 321 197 364 294 234
     7 216 155  70 352 144 390  81 330 211  11 380 280 208 167 181 356
   273   0 325 340 113  88 124  64 237 179 262 348 100 266 315  19 120
   174 342 233 232 359  81 127 288 177  56 189 133 172 105 294 250 237
   135 336  97 159 385 163 112  14 110 114  90   3 382]
  [  0 167 179 224 162  62 293   2 380 336  95  13   6 257 341 138 110
   332  66  34  16 191 179 233  47 180 222 251 383 266 242 101 110 178
   166 231   0 265 343  13 322 370 213 356 291  34 371 251 391 294  94
    27 195 196 105 112 204 382  21 286  57 345 391 125 376 169 234 220
    26  41 265 173 372 262 199 388 173  13  55   4 338]
  [  0 270  37 175 286 178 357 117 193 229 304 240 310  51 171 336  39
   313 343 236 109 335  70 202  19  54 200  54 132  84 375 122 286 314
   386 170 287   0 314 355 139 132 133 134 222  25 287 180   8 358 180
   100 218 342  91 373 183 200  15 167 201 178  81 275 325 318 354 389
    59 158 230  77 261 125 207 150 113 294 287  28 375]
  [  0 111 349 142 178 195  85 389 310  29 110  36 222 268 180 364  67
   333  55  94 246 232 319 233 323 333  61 346 216 154 199  53  55 142
   346 301 173  82   0 326 241 235 348 308 144 139 379 227  42 161 202
   280  40  21 334 330 375 229 225 365  33 276 295 305 327 175 124  21
   249  94  45  69  47 209 201   6 267 387  28 351 138]
  [  0  57 156 244  66 163 293 130 128 198 327 355 315 298 287 150  67
   365 225 313 188 218  43 357 277  20 131 182  86 169 264 353 132 378
   279 207 169  13 131   0 280 318 353  61 288  49 234 370 312 333  99
   165 261  45 169 189 268 206  96 316 345   4 150 213 128 166 157 169
   159  56  48 337 349  88 255 355 259 235  81  84 153]
  [  0  32 219   5   0 323 222 297 146 177 108 291  74 177 372 254 361
   133  85 156  46  76   5  32  69 126 217  99 105 317 346 244 246  28
   200 333  31   8 113   2   0 362 351 141 364  63 210  75 103 226 235
   380 318 197 244 322 365 390 281 139 356 368 149  72  56 271 252 106
   181 250 339  22 229 264 155  48  21  15 382 346 292]
  [  0 372 136 377 268 105   9 230 234 243 264 200 381 308 375 341  34
   339 275  70 332  43  90 269 130 384 151 170  70 264  61 173 384  48
   390 320 388  16 158 135  51   0 345 135 239 218   3 342  31 319 126
   355 343 333 278 229 357 372  51 198 289 348  15  58 316 308 141 177
   306 342  86 152 104 297 296  22 365  39  52 149  69]
  [  0 183 282  28  26 360 162   0 188 146   8   5 351 358  93   8 108
   108 292 220 153 385 298 177 108 189 107 197 113 119  10 307 227 334
   340 272 105 183 252  63  20 233   0 109 108 207 379 370 248 113 198
   137   4 341 197 240 294 174 348 345 198 359 252 191 356 131  52 222
   148 273 169 321 112 287 259  58 295  99 390 184 217]
  [  0 273 206 282 209  22 318 266 299 175 334  55 163 114 299 322 312
    27 263 361 201 223  73 106 207  58  98 250 127 334 160 120 350  96
    81  93 300 390 122 297 307 367  48   0  16 249 333 374 114 240 143
   382 138  79 137 139 233 157 332 113  54 301 377 205 257 322 201  45
   371 177 333  18  88 121 117 125 332 272 277 236 319]
  [  0 118 327  31 244 351  29 114 173 339 135 114  83 184 380 125 132
    38  76 160 104 131  22  70 115   7 245 225 197 124 153  23 207 364
   121  48  84 307  51 342 213 196 392 190   0 124 389  34 300 362 270
   261  95 381 352 371 349 256  24 181 110 350 347  80 282 267 280  56
   225  24 138  50 331 147 109  13 246 187 253 328 238]
  [  0 133 365 243  42 131 116 106  57 271 229  35 109  31 160 293 116
   166 210 360 152  50  10  99 338 318 371 359 371 218 187 137 112 379
   286 241 197  74 136   6  79 141 157 140   2   0  23 242 342  89 351
   379 139  42  16 286 218 123  94 294 124 307 288  82  60 169 338 333
   264 204 228  25  35   7  33 252 277 323 194  50  50]
  [  0  19 375 116 112 195 103  80  66 258 350 306 285 179 183  13 128
    19 265  33  76  88 202 137 145 159 103 375 227  84  90 373  50 324
   242 324 346 211  43 221 308  55  93 317 379 299   0 299  61 389 285
   310 299 338 110  14  92 196 391 121 126 243 103 299 319 212 379 321
   137 131 140 161 210 208 223 271 245 159 126 287  40]
  [  0 364 322 267 103  90 236 283 120 310 335 192 291 119 291 343 366
   255  22 375 149  20 236  45  73 161 219  38 384  17  83 145 280 237
   162 390 129 275 124  12 144 205 186 104 284 188 345   0  57 198   3
   125 188 230 137 331 214 219 292  57 214   9  34 318   5 154 312 224
   364 184 338  52 123 129  13 207 225  54 120 214  59]
  [  0 374 379 382 331 173 281 261 123 366 272 324 235 314 387  91 109
   387 336 213 209   1 301 126 141 214  55  47 308 389 172 385 339 102
   196  77 365 275 306  93 365 262 353 200 324  43 262 333   0 245 336
    86  69 377 129 247 350 127 207  38 214 359 125 162 130 301 296 196
    62 385  94 146 360 235 272 374  52  66 359 210  69]
  [  0 161  93  87 249  38  46 240 310 369  74  43 242 127  22 327 163
   285 160  15 147 125   3   7 101 335   2 289 237 228 175 171 327 387
   180 259 363  67 129  46 319  60  25  79 322  28 206 364 260   0 104
    11 390 115 203 268 101 195 128   5 205 184 368  93 130 263 392 227
   328 327  16  98 120 210 387 235  49 180 322 386  68]
  [  0 236 324   2 270 263 218 227 258  77 139 186 335  12  61 115  97
   137 287 361  46   8  73 146 374 342 174 182 362 219 122 280  44 185
    55 255 329  20 262 249 181 350 197 127 128 234 361 353 210 245   0
    42 172  60 166 285 179 214   1 273   5  13 356 278 337 144 207 132
    50  99 326  93 226 238  14  98 296 317  88 383   3]
  [  0 236  54 120  19 214 369 231 193 323  67 356 139  80 207 305 365
   361  25 246 264 255 207  25 380 106 130   7 137  77  41 197  25 122
    15  57 373  91 330 337 188 302 340  39 111 262 171  57 161  94 377
     0 207  80 313 234 311 223  40  10 267  97 254  34 108 215  17 302
    86 339 214 152 128 354  17 146  91 290   8 176 142]
  [  0 144 340 170 158 201   1 298 182 150 212 181 236  62 218 104 157
   342 259 144 332   0  69 283  73 101  52  58 228  95 175 311 106 160
   352  35 100 170   4 104 206 331 380 373 196 194 192 325 338 167  41
   157   0 176 133  97 118 206  78 263  76 156 190 235 306  68 224 197
    84 168 231 283  87  15 158 255 239 107 224 358 328]
  [  0 352 267 261 219 188  36 134 215 245 160 230 329  90 392 213 338
   265 188 380 269 388 312 249 145 202  54 389 271 109  56  21 252  56
   304 128 269 363 169  57 236 229 239 276 364  48 262  88 235 251  17
   153 384   0 288   0  61 196 246  68 278  29 276 209  77  47 369  15
    17  13  73 302 314 219 379 112 370 325  48  60 359]
  [  0 140  12 347 391 379 263  92 188 104  93  68 287 204  42 251  58
   357  31 318 337  32 148  75 115 142 243 142 222 301 207  57 174 132
   144  14 300  80   0  47 243 326 221  37 307  27 377 106  56  47 332
   369 160 144   0  89 146 273 368 118 156  81 268 196 198  71 306 138
   250 119 150 213 317 251 107 152 320 233 305 299  77]
  [  0 157 139 202 118 114   2 266 298 126  34 358  21 217 284 222 155
   119  97  49 247 311 379 277 138 319  37  30 288 112 211  57 165 357
   362  12  78  34 330 186 153 126  26 368 385 356 103 377 205 259  50
    64 360 352 374   0 260 335  15 132 272 300  79 142 284 274 383 162
   197 141 216 289 298 127 162 238 296 127  58 355  72]
  [  0  62  15 156 259 374 288  82 329 127 356  33  11 185 342 100 293
   190   7 102   4 205  78 389 368  57 283 346 217 363  55 363  42 319
   313 225  54 327 102 378  80  35 178 160 352 169 261 384  35 191 125
    45 143  51 264  67   0 243 351 256 370 317   0  70  18 227 392 125
    82 244 318  90 309 119 371  97  59 220 263  44 178]
  [  0 162 324 169 371 259 240 301 224 174  46  82 383 362  63  24  16
   182 322 176 290 146  54 292 233 183 114 350  78 252 214 222 300 324
   295 346 366 178 121  20 281 239 127 228 359 235  37 350 194 347 322
   236 304 134 264 240 278   0 232 313  74 377 339 135 236 215  84 196
   117 285  52 155 244 145 262  51 350 335 119 288 190]
  [  0  71   9 283 288  73  31 223 258 355 252 367  98  23 245  58 123
    13 199 165 201  27  18  65 345 136  60 376 197 309 373 109 312 152
   166  22 356 129   8 379 284   8 375 200  12   1   5 299 338 238 113
    62  74   8 174 203 224 168   0 127 388 302 390  62 242 246  63 252
    36 156  76 299 363 185  38 385 309 360 182 161 213]
  [  0 354  16 265 117 131 387 184 286 253 311  68 324 295 203 278 108
    27 272 234 249 349 387 309 196 126 169 196  12 231  89 327 247 214
   350 111 115 297 116 381  22  74  58  90 303 373 370 112 126 383 211
    26 266 279 282 147 148  43 133   0  86 296  34 322 301 245 212 248
   211  91 180 372  83  77 101 224  83 148 107 134 167]
  [  0 267 188 233 370 331 107 302 332 128  30  93  19 227 226 144 325
    19   5 164 345 212 242 128   3  45 314  48 240 318 156 201  41 237
     5 267  26 322  94 125 165 164  27 150 377  59 379 348  74 387  80
   196 353 324 311 244 285 209 371 312   0 303 212 114 148 201 188  86
   236 255 139 384 140 346  99 358  39 146 336 323 202]
  [  0 245 346 216 277  38 241  57 232 299 289 216 349 300 313   3 285
   159 124  52  88 322 140 272  32 297 131  62  90 301 181 319 334  53
    85 116 198 255  75 248  79 176 155 177  99 159  41 322  25 260  10
   311  40 201 281 170 290  86 374 235 218   0 208 239 384 133 139 168
    87  86 295 188 379 361  35 366 194 314  41 386  67]
  [  0 268 375 103  98 107 339  15 228  87 180 358 236 133 185 306 340
    10   8 180 255 182 190 157  54 166 346 268 352 262  87 291 128  41
   208 246 380 359  45 280 139   5  47  23 207  42 169  20 316 358 264
   389 220  36  11 181 381  35 321 310 389 368   0 343 121 287 265  74
   172  93 321 137  32 162 230 315 102 316 209 169  36]
  [  0 294  63 111 328 158 110 233 259 385 186  25 235  53 181 309 219
   338 306  48  32 280 180 359 112 220 343 254 238 165 246 245 374 371
   263 177 315 187 301 268 271 313  20 160 295 122 284 216 330  52  29
   173 328 336 257 172  75 374  65 335 360 364 184   0  75  47 292 129
    24 268 372  40 255  77 299 188  95 195 102 173 140]
  [  0  44 336  16  40 343 296 276   8 389  94 381 237 152  56 275 240
   267  10 340 354  29 218 310 266 106 182 106 352 359 328  51 225 247
   142 253   3 176 292  49  64 303  70  62 142 334 369 207 193  96 382
   297 385 189  24 312  69 112  61 116 137 219 105 175   0 382 247 286
   319 355 232  77 194 224 293 240 148 312 131 233 326]
  [  0  40 211 167 105 104  27 283 327 284 137  26 223  80 200 240 328
   383 388  10  45 124  52 322  99  62 139 315  70 339 375 146 112 329
    69 244 266 234 272 156 367 156 268  40 360 245 290 173 356 303 167
    70 288 210 119 237 198 313 127 244 310  55 142   7 105   0  99 360
    44 314 246 229 147 107 248 123 175   3 219 318 375]
  [  0  81  10 270 128  64 184 128 260  98 194  98  60  73 160 175 275
   214 327   1  41  49 256 121 228 272 183   4 363 104 264 236  55   9
    93 215 312 201  68 132 310 305 155 291 216 173  50 213 270 152  36
   194 358  97 292 310 176  49 174 306 363 157 176 372 339 244   0   6
   355 227  11 319 184 151 150 167 141 192 213 203 187]
  [  0   5  27  23  90  45 329 184  39 277  16 324 219 328 290  36  30
   291  98 195 122 102 318 229 166 346 188 208  42 218 269  44  39 318
   270 300 358 361 137 190 219  38 182  83 102   6  42 111  76  99 246
   265  86 386 273 153 171  13 355  66 229  41  73 379 189 274 232   0
   199 362 292 171 244 299 145 308 270 382 271  70 257]
  [  0  79 363 180 251  94 285 376 252 271  39  28 130 317 340 373 118
   335  94  41 160 161 340  56 247 144 165 254 143 380 337  11 103 125
   334 137  15 118 156 380   0 191 118  15 144 369 273 371 204  34  89
   390 270 109 340 231   4 207 240 106 111 388  48  12 287  67 172 264
     0 267 205 120 192  64  41 214  50  42 172 232  83]
  [  0 163 177 230  77 349 373  82  38  43  17 275 369  39 331  60 173
    16 378 201 202 196  69  38   9 324 131  49 258  65  34 383 389 212
   299 370 329  86 286 214 367  55 128  95 182 352  14  24 209 388 263
   265  40  27 208 158  50  52 178 358 130 177 136 357 133 262  95 245
   323   0 226  47 126   5 261 308 338 229 363  58 220]
  [  0 178   1 284  78 123  78  86 322 226 363 216 279 304 376 291 299
   320  35 102  49 179 332 214 348 177 133  43 125 207 368 161 122 348
   125 323 131 389 369 253 340 279 303 221  21 184 377 288 259 378 302
   272  61  25 169 214  21 196 193 290 135 325  23 104 356 366 239 126
    34  17   0 127  85 351  47  74 177 144 303  87 348]
  [  0 357  95 334 296 263 125  70  90 102 361 369 251 159 327 142  35
   183 277 330 318  32 211 383 249 339 229 207  31 140  37   0 128 342
   223 340 319  87  32 357 346 347 354 108  16   2 267  80 298  46 120
   320 125  61 369 375 354  15 123  19 221  39 246 129 169  51 358 168
   179 202 247   0 313  83 151 135 326 307 281 285 300]
  [  0  48 139 352 341 354 169  13  81  20 114  43 383 193 278 388 230
   390 217 380  83 243 117  27 291 205 336 225 218 362 339 363  32 232
   218 253  34 104 365   4 327 316  82 289  20  24 348 230 221 276 289
   214 292 223 349 168  56 370 236 369  62 376 271 351  15 106 218  96
   125  88  72 312   0 304 203 381 390  52  15 376 104]
  [  0  33 201 321 351 202  28  27  62 134 120 183 302  17 137  84 136
   211 197 379  19 374 245 220  44 365 136 130 297 322 230 209 128 252
   221 132 386 275 279 285 104 105  88 304 295  83 223 353 120 108  70
   193 314  28 125 267  87  50  96 190 160 373 310  51 236 166 275  69
   259  70 389 110  11   0 391 180 274 137  24   8 207]
  [  0  16 108  18 334 267 168 303 390 263 278 230  68 161 346 366 285
   151 132  27 158 163  15  17 354  80  90 308 200  60  72   6  98 147
   338 287 323  73 275 208 358 354 165 170 199 259 123 123 352  27 349
    96 107  67 292 225 378 324 120 302 269 294 139 385 256 188 364 201
   103   7 367 121 109 306   0 371 302 187 135 113 383]
  [  0 109 187 366 339  46 212  22 227 243  96 339 270  21  72  95 238
   369 233 100 182 366  63 370 319  57   0  67 108 256 154 253  91 202
   357 156 364 328 266   7 335 250  26  44 316 289 297 153 371 192 187
   103  81 311 114 135 229 236 239 307  58 141 175  21 157  99 126 217
   243 159  69  39 390 190  11   0  23 104 214 231 255]
  [  0 197 231 253 281  29  52 367 238 124   2  95 331 356  65 234 264
   161 147 239 170 128 134 350 229 216  19 337  37 195 283 258 172  93
   222 346  99  98   6 227 190  14 159  62 324 376  11 380 209 386 183
   376 205 369 176 164  86 218 140 153 376 258 125  55 167  75 247  47
   205  81 269 133 223 176 252 167   0  40 344 232  72]
  [  0 162 375 332 298   2  49 123 141  98 334  51 289 363 370 167   2
   220   2 140 206 109 374 371 220 380 238 317 165 185  74 130 152 277
   184 237 228 294 211 161  68 337 127 310  47 357 322 184  12 102 207
   389 294 272 301 367 335 109 182  63 269  65 280  16 360 157 308 286
   284 140 185 244  89 214 311 306 108   0 184  19 270]
  [  0 229 149 376 159  42 331 244 113 124  46 134 298 354  82 186  60
   102  59 238 191 388  48 248 269 156  60 259 128   3 185  19 163 207
   308 193 374 294 180  76 336 174 173 221 142  27 105  43 391 206 299
     3  46 138 355 203 352  39 265 235 285  90 202  91 130 221 348 305
   226 292   7 105 163 284 294 237  43 167   0 350 154]
  [  0 333 388 321 226  35 342  45 291 289 104  79 250 205 265 362 205
   265 298 206 341  90 164 163 102 218 363 364 344 206 236 267  26 287
   154 391 206  29  57 206 288 282 267  54 106 101 224 165  60   1  46
    90 305 199 226 116 272 375 273  25  36  59  66 301 198 354 174 122
   377  15 321 329   6  32  47 333 234 318  57   0 344]
  [  0 161 285 379 149  44 328  61 386 140  22 270 167 241 348 240 365
   152 224 295  68  12 116 257 378 210 374  80 184 184 177 178 232  71
   145 297 204 233  97 331 186 110 247  79 260  97 385  14 136 207 266
   262 328   5 335 259  95  60 359 288  48 218 290  50 387 105 273 373
   314   9 207 187 201  37 274  82 265  62 373 254   0]]

 [[  0 391 109 229 381 387 105 282 299   6 142 341  48 321 382  26 294
   181  91 107 102 194  45 175 262 202 158  75  28 260 362 251  61 183
    35  47 365 372  81 159 136 217  27 112 295 231 154 142 202 367  49
   318 379  41 221 254 391  41  99 354 181 295 115  75  57  75  93 224
   262 263 265 104 359  44 160 389  65 164 156  57 307]
  [  0   0   3 287 281  97 174 265 130 199 281 114 350 199 313 257 292
   245  64  63  63  82 163 197  47 257 262 138  95  86  47  22 236 194
   203 258 194  59 305  38 222   6 234 200 371 370 287 251 180 136 201
   200  71  80 187 293 216 204 238 142 146 256 274 371 338 209  83 306
    75 260 229  74 108 390 381 282 206 310  32  26 149]
  [  0 278   0 248 113 368 391 392 189 155 194 355  12  25  52  80  41
   292 144 230 378  82 244  78  68 323 201 389 149 163   6 111 150 325
   255  73 194 100 381 340 342 326  74 270 168 147 229   9 268  92 357
    12 138 137  50  18 297 363 112 110 121 140  78  78 141 131 218  45
   126 388 171 351 336 109  52 248 264 111  29 257 328]
  [  0 381  32   0 362 151 186 275 142  81  14 104  70 297 163 258  10
   200 341 372 111  39  94 212 322 258 140 251   5 190  43 205  95 162
   271 361 285 345 160  69 162 325 201  51 105  76 345 141 229  47 197
   274  87 155 208  73  17 257 264  62 101 262 221 358   3 308  21 101
   353 146 173 219  27  83 331  90 159  93 213 302 203]
  [  0  26  16 195   0 107  37 325  45 210  66 240 201 348 392  65 245
   260 391 311 263  88 164 375  85 350 365 194 197  72 194  57  76 265
    34 247 121 293 330  36 242 229 253 283 383 279  32 350 241  52 171
   189 315 135 196 119 109  22 296 111 203  88 211  86 100 314  64 149
   201 355  31 268 326 126  95   3  10  88 201 160 262]
  [  0 181 158 194 375   0  54 312 370 245  34 175  25 226 191 202 137
   383  74 234 221 192 181 264 262 223  37  61 295 202 168  81  36 128
    73 328 245 232  65 225 179 106 183 137 127 210   8 360 173 278 374
   363 315 355  88  65 315 166 251 367 133 185   8  93 254 272 363 218
    89 317 148 203 166 379  10 354 324 254 339 383 167]
  [  0 311  98 386  98 109   0 164 156 208 305 346 192 390 195 317 296
   339 118 286 283 182 120 367 211 215 207   6  71 285 164 325  20 337
   149 344 325 299   6  91   8 172 256 211 162  50   2 311  70  19 330
   183 375 197 302 164 232 295  47 293 294 268 333 148 324 314 211 289
   207 260  59 146  53 223 191  16 176 132 372 327  60]
  [  0 368 195 292  36 275 196   0 293 285 101 160  73 158 140  41  49
   385 368 389 368 367  53  92 130 226 316 318 202  68 281 205 242 295
   123 318 329 346 317 123 366 172  15 125 139 351  15 355 312 278 180
   259  94  18 184 374 158 314 160  62 258 336 373 126 120 258  95 147
   265 386 100 201 219  44 272 215 224 315 198 306 170]
  [  0   2  22 287 198 360 245  59   0  77  60  96 248 391 133 388 333
   311  56 250 171 383  63 358  40 276 138 291  17 307  25 374 293 369
   123 198  24 373 320  42  66  92 326 133 193  18 159 317 108  76 388
   191 308 114 162 363 356 284 177 214 131  75 253  15  91   9  52 217
    36 230 392 346 273  69  26  53 348 259 326  94 303]
  [  0 263 293 231  57 214 369 281 205   0 322 376 110 364 392 323 346
   161 162 343   7 164  28 320 221   7 352 146 128 240 216 114 212 109
   234 203 277 277 380 213 220 149  45  98  11 282 263 350 223 237  17
   227 161 116 187 350 136 201 319 235 254 251  35  30 271 131 316  86
   382 133 278 318   5 118  94 278   6 271 158 296 345]
  [  0 260  63  27 338 141  10 373 290  26   0 132 352 290  77  52 281
   336 249 260  19 334 349 346  88 188 246  73 217  85  63 218 240 118
   339  72 303 214 295 298 271 111 158 164 286 332 225 332 191   6  43
    28 243  75 248 156 121 280 229 252 272 328 299 308  38 128  74 343
    84 144  57 117 156  70 147 373 185 104 261  93 151]
  [  0 339  28 274  68  54 227 187 150 112 375   0  26 231 383 148 254
   333 316 195 173 235 121  15 377 319   4 253 309  52  44 135 147 224
   151  34  13 241 100 229  32  34 167 296 293 322 335   6  75 155 286
   321 254  19 187 358 384 291 272 182 300  63  17 198 311  31 347  69
    28   5 161 262 285  27  33 297 210  64 219  84 115]
  [  0 343 307  43 284 199 112  35 299 154  27   4   0 136 108  76 288
   270 243 373  76 119  67 140 200 213 114 233 235 128  51 356 126 179
   263  92 271   8  43 110 168   6  47 166 350 214   5 258  98 309 167
     5  59  37 305 143 384 322  72 155 233 263  83  83 368 153 296  97
   211 168  50 250  29 211 189 195   4 385 266  23 124]
  [  0 313 316 184   1   4  15 388   2 207 159  65 254   0 135  12 224
   228 114   9 100 252  61 192 271   9  86 253 273 187 109  49   5   0
   247 373  47 273 182  22  19 270 346 202 249 345 217 289 188 337 299
   140 283  44 344 262 327 149  73 298 192 373 158  56 349  11 115  14
   301 211 193  73  11 156 366 232 316 205 233 111 247]
  [  0   4 114 158 379 251 302 178  22 235  70  77 268  42   0  58 119
    44 287  22 236 146 110 223  25  61 361 254 354 197 374  42 213 340
   388 324 108 282 362 325 123 255 172 181 276  48 239 341 293 351 153
   191 148 281 314 386   6  73 374 391 240  28  44 314  43 109 115 117
   191 129 109  28 152 194 351 280 140  48 235 168 239]
  [  0 292 221  75   6 378 295 352 377 296  84 107 327 364 143   0  77
   310 290 116 378 264  15 279 229 279 330  63 241  48 251  62 374 244
    82  47 151 290 214  36  97 184 349 372  64 124  17 158 217 224 206
   212 239  82 227  37 363 304 227 204 348 173 205 273 147 274 273 226
   209 261 176 336  32 176 118 114 341 300 118  19 379]
  [  0 203 177 256 284 384 295 327   3  51 141 294  18 348 163 344   0
    85 202 235  55 160 113 314  57 359 124 263 158 213 110 239 232 131
   340 369  48  36  78  87 140  20 119   3  66 128 279 195  44  18  99
   185 145  16 134  15  14 344  20  91 211 201 323 251 200 269 375 391
   137 246 365 244 174 238  58 250  83 313 369 180 204]
  [  0  79 129 206 308 282 334  90 348 241  92 352 167  86  81 174 135
     0  84  10 330 361  92 221 333 275 171  16 204 119  89 302 106 344
   383 131  10 182 204 314  94  53   8 249 110  77 303 385  41  45 129
    48 295 303 376 295 195 191 176   6 112 223 119  16 164 151 274  69
   256 112 275 252   5 350 113 389  81 223 151  91 290]
  [  0 165 342 325 204 112  91 331 121  26 379 188 123 331 236 261 311
   173   0 275 141 374 281  58 284 178  95 330 366 174 188 264 182 137
   356  70 316 243 195 200 293  52 223   0   9 136 341 239 134 310 189
   337  54 345 218 202 344 386 208  11  95 298 321 211  10  82 160 120
   130   3  87  21 270  32 104 178 279 203 164 290 120]
  [  0 333 121 198 211 112 197 283  41 156 144 101 181 181 339 271  28
    62  55   0 314 186 194 332 268 326 256  67 156 348  78  74 177 351
    75 249 100 107  10  74  42  73  15 228 131 278 220 152 222 243  94
   165  40 160 291 384 292 104 281  64 123 127 382 383 295  44   7 249
   195 242 235  24 291 291 279 155 262 227 264 220  70]
  [  0   4 339 162 205   5  70 207 337 226 277  40  61 375 132 305  29
   134  39  77   0 225 316  36  23 229 188 374  22 151 305 231 301 169
   233 298 177 117  30 184 210 174 163 364 164 379 383 178  55 277 107
   238 264 389 331  84 149 350 144 221 122  17 280 137 193  40 315 332
   343   3 277 351 140  69 354 376 297 121  85 148  25]
  [  0 345  19 351 137  94 122 328 334 326  34 152 348  64  85  10 276
   284 156 248 250   0 224 148 217  27  72 243 341 231 243 384 389 252
   392 110 294 166 321  42 330 217  14 165 212  20 157 219 102 268  70
   284 329 109 172 197 187 125 229 243 233 197 180 147 337  52 229  61
   279  77 248 102  26  99 374  42 343 229 156 273 192]
  [  0 308 290 147  77 296  14 390 316 180  45 107 254 214 311 378 224
   193  45 117  29 194   0 189 281 235 234 119 389 212 193 241 151 134
   288  43  63 158 331  35  61 145  99  67  17 264 375 380 237  16 182
   195 301  70 342 266 373 345 102 216 244 313 211  21  22 178  88 327
   215 278 249 361 199 249 282 250 178   6  28  24 282]
  [  0 272 235   9  21 363 201  51   4 180 279 356 145  10 204  53 186
   361 196 311 354 359  53   0 165 155 202 370  66  88 378 124 379 327
    21  77 292 106 226 304  50  48 245  97 179  17 373  74 149 376 211
   221 215  57  40  20 219  67  35 222 219 365 318  19  62  32 332  58
   344 122   8 206 212 283  67 142 384  68 138  37 319]
  [  0  91 122 234  82 251 186  21 337 246 286 169  26 373  63 268 351
   353  11 195  98 211 304  71   0 288 246 363 372 340  52 140 215 341
   327 275 120 112  45 310  16 206 320  34 352 367 300 233 374 121   7
   220 285 315  43  84 174 336  55 167 156 205  27 157 336 184 169 136
    42  98 174 269 204 260 351 157 271 370  51 119  48]
  [  0   8 174 333 348 362  90 192 353  45 256  45  41 165  11 379 347
    59 200 201 200 356 305 355 277   0 295 384 249 280 344  89   0 386
    76 298 133 314 289 118 300 318 238 366 288 145 342 323 211 349 228
   111 252 130  36 338 373 294 104 324 279 281 362 172 386  81 215 215
   325 183  68 102  70 290 191  95 289 271 195 346 332]
  [  0 272 308 318 333 222 140 303  31 104 346 207 343 154 367 153  36
   285 185  84 193  24 132  51  24 205   0 226 331 365  94  46 325 261
    41 362  95  41 360 363 358   6  72 196 224  40 269  56   4 152 328
   380  21 180 224 371 364 219 247 112 384 276 284 177  57 307 131 309
    13 243 155 176 290 386 112  30 113 202 214  36  69]
  [  0 213 298 181 380 241 156  10  94  67 203 197  72 246  68 300 192
   138 392 116 340 163   4 369  69 164 225   0 327 184 105 197  42 266
   260 135 198 238  59  93 182 261  39  31 345 173  92  79 204 207 276
    42  17 115 175 270 300 127 304  55 150 382  76 348   6 258 177 282
    50 241 224 380 244 250  73 110 124 257 114 316 321]
  [  0 325 252 256 267 198 154 263 117   5 195 165 338 170 204 131  40
   171 141 346 269  92 367  20 358 232 236 172   0 201 299   7 194  82
    40 284  94  44 213 352 331 170 190 168 150  78 305 344 110 303   7
   324 145  74 309  61 125 243 349 215 309 385 192 299 368 168  22  71
   246  17 117 115 107 368  60  25 154  28 312 159 146]
  [  0 345  24 189 232 158 201 320  74 147  71  57 173  39 171  59 115
   351  89 291 284 291 351  91  67   9 179  75 167   0  38 361 167 260
   164 300 342 218 280 155 136  56 117 278 174 293 119 182 310 105   7
   223 187 285 255 137 372 250 346 153  23  29  69 248  37 166 380 245
   213 334 196 261 331 362  38 313  42 197  61 344 162]
  [  0   6 354  57  28 257 254 353   0 197 180 369  27 130 139 120 110
   299  20 181 283 306 123  43 354 298 217 328 358   2   0  30 136   1
   338 295  71 185 260   7 382 226 118  28 355 188 108 123 389 328  59
    79 176 242  81 357 284 213 360 365  71  81 259 323  76   1  26 211
   339 171 326  30 214 108 354 124 389 262 149 246 132]
  [  0  59  12 247 357  70 168 336 383 364 262  43 353 301  26  60 284
   360 211  46 143  11  40 165 174 319 108 232 270 176 100   0 333 359
   265 268  46  71 201 160  77 231 135   4 278 210  72  60 233 204 367
   119  50 385  89 180 360 389 290   1 161 223 283 230 134 176  70  78
   115  83 358  53 288 243 194 379 389 384 378  98  35]
  [  0   4 322  35 247  60 383  61 262 213 222  17 232  38 162 134 389
    71 336 175 249 276 196 302 291  29 150 253 121 273 195 213   0 292
   323  47 121 242 340 310 242 320   9 168 178 245 282 116  15 175 159
   248 182 378 152 148 292  40  89 186 382  23 332  96 222 146 389 155
   329  67 116 281 195 349 358 261 268 186 173 370 378]
  [  0 245  66 282 373 379 200 138 239 389 308  31  11 254  64 101 390
   125 135 319   1  67   2 279  67 271 376 214 260  20 277 164 249   0
   288 254 164 246  36   5  66  95 191 120 187  52 118  39 298 167 161
   327 138 229 275  35 260 314 388 150  38 377 249 200 207 304 360 123
   299 166  31 345 370 391 209 199 286 322  38 292 327]
  [  0  49 209  48 226 377  73  76 259  36  81  87 170 184 309 247  36
   117 306  57 164 294 264 145 141 237 372  89  54   0 296  63 232 381
     0 139 288 173 298  75 263 294 270 131 212 329  88 337 267 164 165
   152 203  18 392 236 263  17 339 194 231 109 280 322 249 316  48 138
   251 166 237 150  58 241 231  23 291  62 200 315   8]
  [  0 112  74 145 350 290 380 140  74 251 277 307 293  75  64 250  43
   306 324  75 296 180 356 363 366 156 278 381  44 240 303 318 136 250
   243   0  66 330 187 371 136 107 293  37 260 268 202 329 117 132 269
   115 107 322 387 389 128  65 355 242 271  70 328 239 255 312 388 173
   123  26 285 242 191  36  44  96 179 237 308 138  99]
  [  0 176 133 204 152 271 299 135 132 358  15 327  82 352  90 359 139
   289  12 245  56 281 250 119 206 147 193 254   1 266 197  21 106 106
   232  20   0 350 296 258 236 102  32 205 109 239  18 293  84  69  94
   223 278   8 249  76  99 129 210  95 203 242 214 183 136 383 212 215
   342 359 146 210 230 327 265 264 230 176  74 100 136]
  [  0 105 312 266 339 335 279  79  70 117  90 385 224 226 194 245 345
   251 299  27 153  60 187 288 327 238 370 365 232 357 150 273  84 303
    29 280  30   0 358 203 355 268 341 352 275 392 284 301 213 370 282
   363 324 147  87 375 312 229  88 163 334 188 314 126 185  64 150  64
   181 311  46 164 174 323 380 171 161 299  42   8  42]
  [  0   7 236 125 279  83 236 239 101 341 250 148  48 133 288 163 289
   369 254  92 299 313 293 310  17  77 262 316  72   3 290 330  22 381
   297 373 298 182   0  97  66 327 361 314 263 207 199 171 166 190 286
   392 332  50  59 351   2 135 271 115 363 212 212 326 319 253 298   4
   325  13 308 157 299 112 346 163 354 331 244  84 364]
  [  0 106 164 242 153 320 257 102 118 148 162  39  97 157 297 152 203
   359 326 165  25  31 119 362  62 269 144 217 199 288 191  68 363 365
   177  44 330 364 186   0 195 251   8  59 345 170 387 355 331 235 372
   126 331 209  38 338 281 145 163 380 112  25 156 239 261 273 366  14
    99 356 139  92 352  33 241 277 155 256 308 279 209]
  [  0 291 305 336 181  20 104 135 241 360 164  77  55 121  47 176  83
   303 197 114  33 246 222 237 385 172 375 322 113  11 377 354 320 371
    39 207 246 112 148  13   0 368 129 300 236 187 290  24  92 376 233
   354 225 114 226 182 306  89 353  90 156 361 106 103 391 283 261 146
   239 126 124 262 392 219  24  33  56 292 227 278  82]
  [  0 347 173 348 232 326 249 264 334 324 304 159 309   0 209 161 341
    31 110 315  83   6 252 159  55  90 136 209 299 249 214 235 112  94
   323 369 373  13 368  12 250   0  83  88 244 250 228 337 365 299 184
    70  74 304  35 353 318 389 232  93 330  77 100 294 216 381  92 273
   280 161 250  26 211 166 293 346  51 347  82 210 207]
  [  0 346  41 298 123  74 168  88 195 243 154 297 359 348 158 134  60
   284 313 326 161  14 246 190 263 384 355 375 165 355 362  81  63 376
   118 255  94 145   2 165 103 184   0  31  32  31 381 329 260  44 275
   392 306 200 320  41  31 199  80 258 108 103 104  89 260  40 148 184
   338 384 295  72  50 227  31  55  14 391 314 100 214]
  [  0  63 131 185  80 206 378 184  94 133  34 361 386 124 337 248  66
   254 152  82 297  74 119 192 245 277 177  99 158 210 206 283  34  64
   339 268 239  46 288 280 317 379   4   0 339  67 253  14 367 177 340
    44  58 337 180 112 323 376  46 102 335 248 125 337  14  16 283 161
   198 374  74 150 258 307 391 207 295  77 261 302  93]
  [  0 200  42  59  51 187 291 222 359 189 254 292 233 235 381  32 140
   146 325 370  20 210 212 379 309  87 172 384 308 332 315  17 183 258
     1 186  91 113 267 162 122 138 331  55   0 293 141  49  40 268 158
    47 277  60 138 149 132 230 134 366 391  42 194 348 114 321 335 264
    52 173 347 369 215   4 305   7 353 234 381 268  23]
  [  0 195 334 230 270 290 100 339 353 150 388 159 141 300 267 215 373
    45 309 204 209 285 231 327  22 326 375 250 264 334 223 201 102 166
    22  96  87 261 234 354 325 119 295 340  22   0 166  73 168 251 140
   341 242 203 168 371 296  69 287 386 201 276 374 205  25 384 218 300
   270 231 146  53 190 295 342  33 296 223 366 123 223]
  [  0 213 167 346 386  84  20 163  57 156   1 155 172 302 212 192  53
   272 153 215 220 107 253  23 267 112 205 244 133 116  68 187  17 226
   179 327 353 356 336 207  94  84 266 353 334 157   0 320 209  16 130
    70 255 378 179 328 172 230 278 158  69 354 214 145 250 326 246 184
   140  70  69 169 376 149 160 296 292 292  93 262 363]
  [  0 110 116 140 147 102  92 107  92 218 226 220 365  63 245 137 162
    67  75 317 240 114 187 280 280  97 353 108 291 362 337   4 155 264
    22  59  67 347 178 342  45 285 237 119  94  40 289   0 370 372 293
   240  67  40 348 102 197  54 216 260 272  45 368 160 277 221 346 109
   259 207 362 140 159 303 231 116  52  35 176 313  17]
  [  0 281   5 209 213 319 205 244  73 189  45  84 262 149 369 231 100
   236 152 388 295 323 161 219 259 382 220 381 330 146 387 233 333  78
   234  11  98 191 230 192  40 339 218 130 374 359 369 105   0 127 288
   362 311 356 255  61 111 309 241 378 236  47 299 378 155   1 151 208
   246 248  33 370 188  71  50 295  35 102  64 130 309]
  [  0  11 127 194 141 207  67 306 146 187 368 188 264 123 304 270  40
   345 204  42 173  51 180  80 317 345 184  65 326 366  51 271 106  49
   336 213 142 344  69  43  42 301 132 239 132 315  75 109  14   0 364
    71 204 289 215 357 365  79 242  95 236 205 307 144 347 269 193   8
   253   5 318   5 279 157  30  60 277 236 105 166 121]
  [  0 152 390  19 356  45 151 147  62 375  36 377  61 127  63 297  37
    21 217 304 363 237  54 383 153  50 181 149  21  11 109 262 250 347
   300  30  54 119 222 182  54 343  25  35 299 124 242 382 139 121   0
   144 175 368  57 208 120 141 260 370  68 382 171  10  53 122 338   2
   217  82 364 211 350 214 255  76 155 156 381 186 208]
  [  0 162  39 250 330 236 300 345  74  85 321 293 282 107 112 213  54
   253  33  20  70 365  81 105 338 249  46 257  54  19 337 154 152  54
     8  19 233  22 280  14 228 242 391 249 149 341 166  18 247 143  81
     0 367  37  95 137 165 134 360   0 273 305 324 203  51 376  32 138
    31 125 385 237 276 126 368  57  76   3 353  30  86]
  [  0 171 106  47  59 293 111 238   7  42  64 306 246  57 158  56 356
    79 361 383 311 211 123 331 298 337 342 132 360 239 253  89  21 293
   301 163  14 273 197 257 220 381 117 266  99 281 387 214 339 199  87
    67   0 115  84 287 101 368  20 308 270 111   4 129 280  24 345 328
   245 175 160 109 369 229  24 130 100  21 203 350  17]
  [  0  56 357 259 176 205 316 275  41 256 226 339 223  54 227 389 121
   338 194 213 343 111 139 293 262  76  50 311 130 129 221 177 320  93
   164 125 268 380 104 356 238 173 185 156 190 170  61 215 158  66 345
     6 161   0   8 200  85 367  84  98  36  14 353  51 293 208 371 326
   133 144 171 334  38 325 236 171 204 102 181 176 102]
  [  0  29 219 307 232 147 239 121 106 203 351  68 182  29 349 280 328
    88  37 195  99 175 207 277 174 135 297 373 111  93 305 168 337 328
   348   1 104 347 144 367 185 196  11 359  36  72 316 350 104 129 197
     6  67 115   0 342 372 266 281 156  50  25 379 137 105 136 312 388
   149  87 115 153 187 178 373  36 189 231 206  36  49]
  [  0 225 125 392 146  41 104 358 116  53 218  26  45  24  85 174 357
   145 116 379 290 289  45 207 360  39 162 210  94 217  21 200 262  56
   340 301 294 253 271 267 345 200 325 370 283 386 145 134 235 164 164
   240 208 222 190   0 301  43 337 115 342   5 380 320 169 286 226 258
   213  13  44 116 254 185 174 296 261 342 279 375 101]
  [  0 157 168 343 341 175  22 146 125  43 309  11  80 329  78 347 333
   131 242  31 177 158 313  78  88 115  78   0  52 332 199 319 359 307
     9  88 143 339  44  56 356 164 391 389 284 163 323 168 139 329 380
   256  64 258 299 198   0 344 324 126  12  92  45 345 233  24  29 263
   302 258 141 371  39 274 100 285 189  53 232 117 203]
  [  0 333  14 183  23   6  82 333 182 391 116 207 145  11  73 145 167
    26 260 325 305  21 275  33 128 137 300 237 302 231 288 157 198 343
   103  38 189 259 182 230 260  69 118  12  30 107 329 380  45 243 373
    99   5 251 178 364 343   0 242 266  76  30 148 163 174  60 354 107
   111   3 178   3 206 345 325 360 152 335 250   2 202]
  [  0 276 147 290  79 387 378  18 294 193  16  38 244 273 356   0 238
   302 318 360 361 243 289 330 104  98 307  78 317 292  81 355 354 263
   225  43  39 207 137  58 114  54 231 357  63 369 374 374 257 252  63
   108 378 267 268 347 339 350   0  57 192  88 162 110 259 126 120  49
     3 150 275 247 368 287 339 251   6   7 337 210 145]
  [  0 308 344 297 109 213 364 290  54 235 256  80 137  47 332 157   0
   237 332 307 376 269 251 129 225 227 176  90  11 117   4 356  30 337
   261 351  13   2 135 241 178 232 325  12 208 280 190 382 360 267 356
   205 160  65  14 207   2 387 179   0  83  22 177 264  98  51 322 151
   386 195 367  17 312 111 135 341 314 280 123 138 368]
  [  0   6 370  62 332 143 138 119 226 328 290 192  65 290 321  63  48
   231 153  99  64 151 267 207 378 294 139 105 353 199 176  52 193  79
   160 271  27  78 198 268 312 382 112 286 339 272 310 163 105 152 350
   143 107 108 246 385 155 385 246  65   0 262 177  30 376 132 220  68
    13   4 253 232 144 166 326 340 128 165 329 328 116]
  [  0 362 151 288 301 350 270 144 260  37 197 233 163 322 342 267 272
   344 141  47  15 366  70 186  79  64  45 101 270 121 326 275 203 294
    60 362 275 295 342 389  35 391 293 277 253  17 167  73  60 377 252
   219 252  54 319  47 381 392 317  78 174   0 295 250 119 157 270 274
   316 363  92 217 103 253   0 240 157 328 314  45  66]
  [  0 174 105 318 225 227  18 352 363 151 189 364 188 178 287 205 235
   263  63 143 259 161  94 155 354 170 134 207  33 216   7 332 242 239
   182 206 349 196 195 141 264  21 222 312 149  42 131 123 313 357  30
   151  69 336   6  70  36 102 327   8   6 121   0 217  54 295 184 189
   354 199 332 211 307 272  60  22 252 130 358 304 272]
  [  0   9 381  69 155  74 218 154 173   7 298 152 277 154  42 249 130
   235 180 177  72  75 201 346  37 342 220 143 103  38 390 129 199 228
   149 287 156 201 281 270 198 192 270 194 302 371 286 168 250 224 315
   392 332 363  42  35  89 357  35 249 270 292  70   0 376 310 190 384
     4 208 381 219 366 333 248 362  13 345 152   3 118]
  [  0 248 386 325  89  98 146  80  40 291 216 357   0 164 110 349  21
   115  17  47 362 354 142 161 198 113 288 370 244 299 105  90 115 114
   350 264 108  21 243 306 239 218 212 212 220 352 388 158 246  65 260
   297 346 247 316  83 364 181 226 380 378 144 258 219   0 351 121 227
   262 181  76 315 127 189 236 363 374  82 288 226  70]
  [  0 124 186 297 126 237 135 275 360  66 175  79 188  95  90 285  87
   147 362 160 288 122 107 120  73 159 212 245 366 273  35 273 376 260
   278 188 303 166 157 176 125 116 118 240 273   5 255  29 293 258 152
   311 143 102 357  31 316 144 152 309 259 289  59 149  72   0 221  46
    44  75 195 351 359 375 387 241 322 313  56  87 119]
  [  0  11 267 246 329 208 176  42 370 341 380 364 115  46 369 391 172
   237 360   7 109 172 205 112 369 172   1   7 300 132 325 380  49 289
   172 339 152 106 126 357 132  79 371  67 264 308 306 318  77 264  96
    61 288 106 336 193 201 106  91  34 245 357  39 157 378  32   0 138
   387 344 355  85 374 214  84 115 215  93  36 168 202]
  [  0 375 322 283 197  91 325 340 370 131 302 344 297 363 273 103  54
   332 275 219 150  53 367   9 305 246 368 311 389  38   3 128  79 232
   344 323  52  57 305 122 264 314 144 339 156 353 387 181 277 273 216
    33  33 373 107 178 348 155 318 371 127 135 152 306 163 382  27   0
   221 365 263 190  59  43  61  42 372  36  95 272 384]
  [  0 384 195   6  57  13 114 221 135 117 222 111  41 330 356 337 261
     8  93 195 385  89 368 165 362  59  64 169 336 172 332  76 161 375
   374 186 274  52 191  95 268 348  38 193 365 262 168 123 392  58  73
   322 274 151 345 364 354  17  32 250 160 170 101 113 139 318 249  71
     0 201 222 311   6  79 209  24 230  84 195 239 341]
  [  0 203  16  18 303 195 220  35 385 110 250 173 238 303  85 330  34
   340 374  75 179 390  14 300 179 283 155 156 151 121 181 157 280 135
    15  84 342 385 152  99 140 260 225 194 222  85 106 357 268 156 275
   103  47 254 270 254 315 139 203 347 328 127 314 154  83 138 371 253
   310   0 329 114 119  12  26 138 234 247 372  93 278]
  [  0 157  93 268 278 145 118  73  13  40  45 142  67 169 226 203  12
    95 130  34  69 273 154 290 359 197 367 256 117 255  91 102 284 144
   224 120 273  61  91   0 331 135 154 156 105  49 178 372 234 376   1
   119 150 366  12 124 366 242  16 364 242 296 226 199 376 157  47 298
   365 364   0  42  79 388 355 361 362  96 346 235 326]
  [  0 129  12 357 149 308 335 123  27 212 155 288  19 347 105 297  95
   373 192  87 369 147  84 272 141 100   9 306 389 281 313 378 121  32
   109 312 166 324 190 312 266 314 130 373 262 357 205  95 206  86 113
   222  73 206 183 189 120 241 380   8 229 151 273 195 275  58 155 189
   290 286 139   0  91 168 386 105 333 237  92 267 249]
  [  0 275 274 355  52  42 102 317 190 367 291 369 389 175 337 100  34
    44 158 291 319 140 226 192 116 127  63 123 230  87 134  43 235 141
   100 148 372 296 385 273   0 325 276 105  30 389 105 149 347  89  20
    45  29 267 255 129 149  67   4 254  28 293 157 245 364  88  77 146
   384 105 352 235   0 372 214  39 364  15 228  63 373]
  [  0 292 106 341 115 362 266  40 319   7 187  87 107  36  44 358 208
   287 185 184 214  82 301 107 108 106 373  59 129 127 102 365 313 355
   213 200 339 152 330 154 203  19 332 157 234 187 235 366 208   4 252
   324 230 367 280  17 320 227 128 266 262 157 208  18 353 202 140 140
    59 310 264 103 330   0 215   6  40 348  12 107  51]
  [  0 330 369  49  17 366  45  71 122 363 131 122 268  32 192 133 109
   191 225 367 186 390 110 249 333 322 139  63 359 343 229 329 357 142
   312 138 384 122 314  84 293  75 164 274 100 256 183  14  25  82  26
   222 115  84  71 143  97 136  67 204 293 112  64 187  56 142 360  42
   181  39 380  61  92 103   0 371 115 302 324  48 199]
  [  0  66 362 228 102 327 125 229 137 103 226 149  66 321 319 324 143
   217   5 111  43 303 131 256 319 207 392 355  89  65  48  38 206  61
   247 112 377  61 391 392 272 342 120 189 362 307 161  77 158  36  97
    82 165  38 200   9 309 130 184  94 366 169   2 131  65  62 262 138
    83 190 258 237 173 229 326   0 184 206 220 112 338]
  [  0 319 125  56 206 205  96  50 287 234 111 163  42 164 294 226 145
    76 314 275  41  18 233  26 239 245 181 383  22 158 338 364 384  48
   106 128 188  27 234 265  36 384 366 108 228 233 385 214 236 350 315
   358 249 260 279 165 207 193  32 188 302 249 113 232   9  67 327 143
   391 198  52 142 228 354 152  18   0 145 165 104 110]
  [  0 312 313 270 189 346 317 263 265  98  43 390 306 323 378 380 244
   315 347 159 135 373 342  48 164   7 246 316 224 392 292  29 168  22
     5 327 244  81  37 285 222 340 244 135 266 245 216  11 202  71   8
   318  40 345 291 350 327  49  29 359 207 126 162 257 371 320 103 373
   347 112 246 188 259 283 210 235 342   0 303  11 384]
  [  0 278  89 143 241 126 127 162  22 151  89 148 376  55 309 244   3
   279 342 235 280   9 227 210 133  18 247  13 158 107 352 362  69 300
    67 145 315 365 313 330 195  90 116 328 149 242 312 323   4   1 382
   228 229 255 262  79 306 101 105 176 209 127 333 217   9   2  46  54
   347 283 270 343  81  95 111 108 245  54   0  54  35]
  [  0 162 277  68  32 278  86  45  72 304 197 346 143 119  79  42   1
    26 176 163 161 366 381 322 178 348 354  55 372  80 375  89 135  64
   378  37  75 226 186  69 257 300 118  90 270  39  72 202 216 384  42
   255 356 141 151 146 259 323 298 186 221 341 234 278  68 106 131 243
   339 205  23 277 126  50 256 148 169 363 273   0 108]
  [  0 315 139 138  81 171 110 174  91 254  37 380 320 120 325  92   1
   320 312 205 209 293  28  56 156 340 284 291 217 258 313 102 365 118
   334  60  40 105 172 110 329  34  11 280 309 199 356 265 298 376 307
   331 230  18 286  31  93 130 239 360 238 255 139 286 171  52 318 256
    29 228 237  53 129  93 196  12 188 301 352 212   0]]

 [[  0 179 369 278 112 173 332 267 150   8 348 335 245 297 104 116  96
   351 215 244  25 359  24   8 151 146  78 269 263 243 362 115  82 109
   345 230 315 150  64 221 314 272 248 101 207 359  23  61 298 361 264
   186 384 318 315 151 206 212 308 373 253 294  21  28 168 322  67 116
   232 242 384 320 348 377 369 264 303 152 253 219 343]
  [  0   0 316 309 272 148 342 239 281 242 182 196 389 100  39 324  86
   324 106 370  24 109 130 328 290 357 221 176 352 131  47 196  28 391
   333 339 233 298 143  63 320 266 383 285  96  16 244  95 284  67 388
   155 236  12 131 154 182  85 167 265  85 247 303 387 142 303 256 100
    59 148  49  94 352 124 360   2 285 353 374  29 259]
  [  0 312   0 102  91 275 343  97 170 367 354 352 139 375  78 325 278
   306 146  34   4  16  84 348  57 312 195 329  21 276 269 107 307  78
    67 194 301 144 102 301 208 261 133 109 219 339 254 284  79 241  20
   219  45  93  18  61 286  63 351 193 227 112 339  55 224 304 134 180
   214  28 133 264 232  12 246 201  88 318 253 162 156]
  [  0 144  55   0 232 112  19 139 376 134 293 146 381 204 201   1 113
   366  92 160 309 388 315 336 159 185 386 101 206  32  97 222 151 356
   362  61 145 101 342 113 351 259 392 210  27  65  57 117  33  37 265
   105 334  13 156 207 109 175 127 231  65 377  26 123 332  45  96 354
   143 143 262  84 364  58 281 249 199  32  56 182 208]
  [  0 266 359 134   0  12 104 123   1 257 230  16 245 230 384 382  85
   127 225 322 219 144 186 196 278  59 311 116 391 347 327 291 359  15
    45  85 324 288 109 361 306 343 250 256   8 240 311 323 334 205 125
   280 316 306 152 365 193 380  45 377 236  71 117 182 185 193  34 302
   227  64 301 244  75 182   8 384 374  37 279  87 203]
  [  0 341 124   0 177   0 309 151 273 216 305 264 137 256 108 388 139
   379  62 102 307  10 292 252 203  69 175 386 376  74 205  37  95 301
    82   5 152 385 265  76 329 260  74 382 255 103  23 171  36 120  13
   363 274 389 178   3 226 366  78 121 235 241 352 195 320 269  75  15
   173 348 383 230 287 360 112 148 128 199 102 163   5]
  [  0  58 268 367 376 172   0 374 197  87 102 286 172  16  11 176 363
   392 219  31  44 187 179 257 230 169 292 306 223 165 135 143 177 148
   235  60 257  13 302 213  47 207 364  89 257 268  99 226 372 111 266
   151 229 181 377 189 268 306 148 375  17 364 253 240  24 193  61 234
   233 230 302 202  29  89  34 150  11  12 351 376 321]
  [  0 121  58 342 284 125 134   0 338 189 385  42 179  60 152   3 345
   162 340 281 392 297  98 209 356 172 181 295  65 365 300  38 335 141
   178  76 208 145 369 345 147  34 322  63  33 124 387  85 373 303 361
    32  93 386 311 273 152   5 198  53 284 206 330 205   7   2  87 381
   157 268 354 238 258  47 335 184 196 139 373 139 355]
  [  0 219 155 138  65 169 266 353   0 123 174 227 305  65 356 388 149
    32 155 260 165 257 314 120  69 165 269 175 345 257 275 306  68 186
   300 168  92 264 278 189 132 269 159 384 360 117  63  97 326 153  13
   107 174 380 309 355 283 192 242 369 328 272 336 189 238 360  24 126
   314  92 140 180 349  14  45 392 328 345 217 385 356]
  [  0 122 232 188 108 298 135 195  98   0 251 108 271 279 286 161 121
    68 117 208  39  63 104 270 317 271 384 141 116 162 283  29 104 141
   166 155   4 389 377 173 177  77 283 299 159 386 138 374 381 186 283
   251 185 154 148 271 111 306 315  87 148 261 363 312  16 367 360 319
   257 255 330 382  75   2 183 179 127 184   9 161 307]
  [  0  97  74 314 137 252 201 207  65 384   0 180 308 222 133  46 255
   377   9  60 366 355 181 342 381 227 189 133  44 253 337 231  76 132
    22  61 163  16 373  27 262  93  61 262 283  78 323 258 202 148 316
   257 186  47 368  67 192  34  29 155 235 254  44 391 148 362 311  77
   204 386 331  31 268 159 110 218 380 382  45  91  42]
  [  0 328 340 330  17  98 265 391 295   5 105   0  12 390  91 329 321
   334  70 103  62 350 248  44  46  88 375 272 359 230 195 270  59 142
   362 141  75 188 324 303 166   1 102  95 193 145 151 153 341 215 246
    44 101 247 123 372 195 323 160   4 249 145  62 174 147 368  72 347
   200 384 376   6  32 149 273 291 274  36 390 204 131]
  [  0 307  40 300 284 261 334 198 125  99 290 250   0 180   4 336  60
    15 113   4 273 121  48   2  24   0  19  38 251 245 341 125  35 314
    20 202 283 278 311   3  84  44  52 156 218 235 156  49 331  45 382
    36 254 114 189 187  74  58 196 276 366 221  70   4 231 181  15 304
   300 103 189  31 259 298 110 286   4 374 107 271 324]
  [  0  12  75  23 248 266 202 330 166 382  89 271 124   0 155 163  31
   156 172 195 291 388 350  88 245 246 218  71  12 329 107  78 166 229
    48 226 357 250  63  11 108 131 360 203 149  12 166 383 270 388  28
    55  33 101 135 375 122 108 200  21 373 166  25 248 383 137 254 365
   122  59 245 148 187 146 268 177 319 219  47 218 350]
  [  0 267 318  48 117  96  10 379 343 318 163 329  97 361   0 241 331
    60 248 158 251 176  74 202 181 345 169 111 346 275 356   9 175 359
    11 228 337 378  51 352 158 101  90 111 337 310 128 336  23 315 184
   163 208 267 154 349 325 256 217 101  35 182 111 173 384 150  92 360
    86   4 288  18 220 370 341 107 387 308 123  21 387]
  [  0  93 258 316   4 137 320 295  97 371 382 386  56 102 303   0 154
   133 323 304  67 150 221 314 268   0 193 160 324 143 250 286  22 210
    91 264  49 181 131 101  64 329 364 292 154 110 213 133 232  60 199
    44 136  56 291  43  25 171 134 192  41 302 168 291 263 127 260  28
     6 354 323 105   5 104  32  25  79 153 218   9 332]
  [  0   5 353  11 289 246  55 306  40 104 219 329  38 319 274  84   0
   148 245 153 259 250 246 223 267 330 209 229  46 310 257  58 360 347
   344 177 187 385 382 248 333 254  28 333 365 211 130 256 134  54  74
   292  79  14 312 145 372 321 249 303 390   8 362 142 384  64 254 261
    90  61  77  73 138  37  22 276 371 145 371 140  13]
  [  0 228 353 109  49 380 201  30 136  90  92 131 328 237  78  10   2
     0 184 220  32 200 112 270 244 140  15 253   2   3 195 378 135   8
   155 324 117 129 132 325 362 275 379 139 285 386  54  27 364 168 371
   215 354 386 144 289 239 382 133 290 315 144 364 164  80 315  13 224
   163 348 228  75   0 209 305 125 179 131 249  49 139]
  [  0  44 390 172  83 363  47 100  26 306 302 208 330  62 206 108 323
   323   0 219 247 340 224 237 283 181 306 233 149  75 167 317  34 233
   363 247 191 265  78 372   6 226 216 154 391 224 313  64 129 300 149
   334 238 137 138 169 353  45 357 276 351 164 362 135 269 315 376 358
    80  77 269 320 180 117 389 369 373 210 273  80 347]
  [  0 117 346 195  20 299 209  53 342 287 345 324   1 100 364 346 102
   266 300   0 286 357 228  37 286 307 137 124 121 154 300  86 147 125
   140 295 100  58 113 180 312 210 107  88 262 101 344 197 242  49 234
    87 387 359 161 303 248 129  10  17 238 368 337 322 292 378  81 306
    17 384 146 337  40  22   8 219  23   5 208 222 382]
  [  0  58 185 150 221  76  43 273 115 309 119 125  92 322 142 226 189
    14  97 358   0 328 119 163  86 361 366 114 102 148 200 284 133   5
   112  25 190  47 161  12 308 140 342 367 146  63 272 201  55   2  83
   302 208 358 350  21 157 349 274 372 184 384 173 200 302 346 157 315
   149 351 325  98 163 220 250  78 132  96 312 392  30]
  [  0 383 391  85 147 100 375  81 237 252  24 290 337 303 385  97  97
   214 122 159 198   0 283 106 200  83  34 151  19  17  55 287 371 148
   272 107 188 358 230 335 353  35 193 385  40 275 289 362 178 315  96
   185 320 179 332 362  73 231 146 117  23 328 160  70 375 235 383  94
    40  89 167   0 204 260 187 321 377 296 175 382  82]
  [  0 250 277 135 207 303  93  66 390 218 321  42 335  18 265 384 381
   271 102 146   7 346   0  20 376 372 155   7 345 349 391 371 114 294
    15 224  59 262 158  14 170  64 158 354 359  64 248  80 139  59 206
    54 337 101 128 187 368  45 206 127 323   7 143 124 350 193 100 329
   168 191 314 248 253 309  86 154  96 152 365  69 207]
  [  0 289 253 336 195   2 113  87 104 342  61  85 135 102 174 272 220
   165 363 127 112 384 154   0 231 244  64   0 103 202 323 111 375 204
    52 240 222 308  68 278 212 336 145 387 126 320  28  89 390   5 133
   233  52 316 295  58  55 103   1  69 104  85 182 153 331  21 175  17
   293 248 284 312 301 244  29 186 134 150  35  84 333]
  [  0 343  71 293 352  82 134 293 208 113 280 183 233 183  31 321  13
    88  78 218 249 285  60 333   0  84 300 328 333 315 237  28  48 162
   241  17 331 247 102   7 266  68 348 195 121   8  63 121 209 365 116
   162  76 227 363 338  94 342 290 250  70 160 161 365 269 125 173  72
   380 101  87  91  99 168 130  11 209 230 223 150  81]
  [  0 213  18 374 231 392 355 281 169 267 315  32 242  43 186  75 156
   131 195 309 111 380  13 152 202   0 169 151 392 114 330  31  60  83
    35 168 120  42 195  55 223  30 282 115 364 353 117  30 264 349 193
   376 133 267   5 299 151 201 128 133 339   2  82 221  60 188 343 266
   320  44 351 233  91 290 351 318 201 161  61   8 190]
  [  0  58 138 218 232 192 317 305 256  93  40 121  95 285 192 297  45
    85 323 304 301 178 388 119  45  19   0 383 392 379 176 144 162 140
    93 371  50 376 302   0 392 155 353 160 152 305 286 319  98  51 195
   282  14 235  65 294 195 186 266 336  50 255 290  94 133 157 383 128
    62  97 347 156 208 238 209 342 333 320 308  52 134]
  [  0 273 111 150  10 164 183 231 103 367 260 348 362 179 350  85 208
   378 226 291 105 164 365 166  52 197 288   0 353 312 310 120 298 185
   154 127 383 112 118 111 334  33 166  88  61 307 385 190 283 286  89
    42 257 379  17 309 345 201 171  10  13 181 188 312 154 327  54 204
   135 114 248 204  62  85 299 348 338   8 204 148 333]
  [  0 183 283 314 194 149 162 145 344 217 357 388 174 117  96 322 360
   364 145 360 268  49  10  23 146  31  90  88   0 236 174 273 190 139
   100 280 307 207 148 307 319 263 207  62  40 350  80 204 155 325 261
    32 151  16 370 248 103 204 122 329 255 389 180  44 351  65 198 192
   288 146 339 387 272 305  87 277 246 356 356 121 316]
  [  0  62  63 259 147 386 255 226 367 183 149 271 110 289 304  40 208
   308  10  54 280  30 146 362 309 101 355 312 200   0 216 299 248 355
   368 158 168 341  66 351 257 181 102 186  77  16 388  41 200 353 247
   165  91 325 307 195 238 327 126 168 224 367 137 145   1  63 303  96
   359 291 137  57 264 121 229 384 374 336 128 322 238]
  [  0 207 189 123 260 367 175 337 173 161 177 384  32 159 207 346  33
   108  77 174 245 353 382 137 190 246 115 383 294  97   0 263 340 248
    36 128 184 144 271 133 152  81 389  66  21 379  68 175 167 209 207
     2 173  10 264  83 135   2 238 216 282 299  11 359  77 133 351 201
   389  39 186 256 388 375 333 284 265 161 327 163 300]
  [  0 291 260  18  10 304 330 314 184 342 320 386 113 194 341 161  18
   150 201  25 339 291  87 235 135  76 111  91 278 248  28   0 258 298
    22 147 324  14 255  43 262 289 281 168 302  43 274 286 225 313 294
    20 206  51 236 270   3 209  21 107 208 191 159 102 171  30  38 148
   214 160   8  91 113 221 344  68 106  79 278 310 374]
  [  0   7 231 292 178 205 281 124  40  17 134  19 184 106 384  43 296
   349 172 316 117 279  80 127 258 290 261 334 300 120 251 302   0 103
   202 354  82 139 268 320 137  87 252  15 170 115 122 330 187 387 199
   386  22 232 264 238 162 235 270 323 176 309 367 254  57 197 357 224
   242 279  95  55 273 283 117 334 332  99  72  80 190]
  [  0 342 251 190 188 295 301 384 291 355 268  85 164 219  37 282 332
   194 321 215 194 189 188 268 313 375 250 274  90 364 117  56 328   0
    68 159 127 388 180 274 112 128  91 152 376 211 191 383 368 140 227
   286 256 254 235 234 289  68 241  93 301  61 242 200  90  90 245 103
   158  98 208 337 361 364 277 116 170  40 279 318 143]
  [  0 220 164 337 270  25 161 270 237 309  37 292  94 323  50 328  76
   171 277 328 168 299  48  59 163 270 295  67 273  92 342 274 275 229
     0 166 290 299  72 119 268  30 106 376  46   8  94 284 239 272 376
   119 269 333 377 270 262 113 389 170 326  40  99 260  71 333  30 130
   312 200  64 228 101 215 154 157 380 138  61  62 286]
  [  0 251 156 247 306   1  62  48 335 165 281 365 194 359  36  82  15
   331 255 350 150 212  58 317 362 300  12 334 122  99 318 257 225  80
   143   0  70 217  58 345 234 213 302 377 180 238 134 115 390 225  45
   312 227 184 273 154 139  20 232  59  87 265 238 198  99 333 210 140
   272  96 379 148 352 278 284 202  95 151  81  40 246]
  [  0 364  72 104  15 353 118  68  22  29 112 323  73 135  85 226   3
   104 247 384 166 156 179  16  19 310  63  92 217 180  41 299 273 223
   102  17   0 299 290 172 381  63 340  80 143 200 182 110 367 131 222
   273 181 380 149  56 149 249 130 331  14  46 385 257   5 334 178 269
   153  40 122  70 366 296 122 220 277  69  86 195 347]
  [  0  38 234  99 178   7  40  29  90 175  36 181 130 144 386 101 346
   126 117 104 282  13 190 126 387 186  41  25 324 163  80 154  10  60
     3 105 299   0 343 250 337 283  83 199 126 209 325 196 261 386 188
   258  95 320 289  58  94 336 213 285 369 266 105 208 143 123 389 143
    97 114 208 361 249 375 346 183 194  38  88 122 231]
  [  0 176 325  87  27 219 115  21 374 274 223 331 386 236 101 251 341
   334 322 125 149 295 337   3 200  47  39 274  13  37 265 143 204 224
   268 170 167 216   0  11 212 248 305 252   4  10  30 157 299 231 349
   248 256 107 126  54 272 209  14 375  18 175 280  89 230 275 315  16
   197 163 304 158 291 118 273  56 346 267 292  90 302]
  [  0 148  49 216 383   7  11  97 267 332  92 150 220 389 370 232 149
   219  21 157  27 101 128  86  78  88 119 324 272 135  57 142 334  75
   167 148 370 385 193   0 347 329  84 348  17 310  56 180 186 141 266
   344 306 283  17  58 275 384 136  77 347 100  73 147 113 103 352 364
   238 126 351 366  21 244 214 357 311 278 221 349 115]
  [  0 269 159 218 321 361 261 215   1 267  82 149 342 267 132 268 267
    62 114 236 237 374  46 232 339 245  62 245 374 274 257 239 376 391
   190 276 111 332  13 336   0 257 277 381  46 170   8  69 111 189 282
   209 234 357 297 153 267 367 200 343 175 138  79 302 318 218 164 163
   110  40 288  27 294 344 246 313 283 308 272 347 320]
  [  0  88 318 323 306 216 145  57 265 164 306 284 185 339 142 210 175
   337  87 381 303 212 335   4 206 363 299 154 328  13  24 258 126 283
   234  35 179   5  89  80 236   0 195 199 352 160 240 177 258 101 330
   186 356  87 222 335 338 158 231 274 345 108  24 224 221 191 361 346
    23 373 367  82 205  84  55 274 342 364 147 167   5]
  [  0 136  39 172 137 155 391 185  45   0 303 230 316 357 231 151 209
   308 270 345  50 152  42  71 240 150 271  15 108  86  89 366 234  81
    14 275 320 294 114 358 130  96   0 309 227 103 293  69 117 296 207
   307  33 191 332  10 349 242 120  35 250 387  73  78 312 158 278 313
   152   3  94  76 116 256 303 152 139 183 223  58 387]
  [  0 121 123 239 143 141 278 251  46 338 171 269 114 163 132 300  27
   201 314 349  69 301 376 254   8 355  70  50 165 376 386  22 334  66
   243 138 274  81  26 238 327 271  73   0  90 362 195 248 136 231 299
    32 257 373 164  33 196  62 146  76 372 286 361 364 142 287 168 303
     8 258 171 264 287 174 358 373  54 225  57 201 334]
  [  0 232  32 141 377 321 145  40  75 104 123 111 240 207 386  94  89
    16 334 361 219 376 374 165 370 109 159 155  70 173 368 379  46 376
   370  63 217  56  67 196 211  88 117  44   0 343 114 189  84  48 189
   253  66 317 334 168 187 385  45 242 383  88 344 380 270 369  89 207
   104 204 327 286 338 180 173 236 173 120 162 281 120]
  [  0 386 236 149 100 116 314  62 257 379 346  56 388 242 282  61  81
   115 123 315  92 206  13   5 112  25 178 367 110 355 369 276 172  79
   114 210 191 250 334 384  50   5 373 316  24   0 380 227  27 208  75
   145 160  74 258 250  72  93 324 199 336 185 333 337  43  75  54 131
   162 348 202  91  76 220 142 376  41 233  67 164  58]
  [  0  45 371  46 255   3  90 116  70  24  85  91 235 212 294 186 206
   133 138  75 139  20 257 144 360  73 116 304 191 128 140  98 181 330
   295 250 290  26 332 110 101  24 339 179 216 204   0 169 101 317 153
   365  89 344 298 322 358 139  60 344  58 111 146 380 390 155 254 126
   364 251  17 258 159 287  85 113 111 283 244  47  59]
  [  0 203  71 178 149 290 271 365 366  62 297 176  80 110 101 345 301
   331 159 314 272  20 165 331 392 288 134  86 114  57  32 343 310 210
   367 382 279 173 341  32 370 275 159 209 104 182 324   0 372 198 215
   170 203  17 137 280  83 178 331 269 357  14 309 206 268 127 164 200
   258 186 296 270 308   5 371  21 205 181 330 237 319]
  [  0 134 382 321  69  98 289 107 262  55 262 383 221 248  29 214 186
   255 198  39 321 351  53 217 229 251 225 158 302  91 168 271   8 373
   249 241  53  98 122 356 325 202 115 191 335 366  99 237   0 368 299
   237 177 107 206 352  76  28 355 198 278  95 179 122 128 157 302 156
   235 349 194 100 115 351  57 222  32 366 241  26 377]
  [  0 355 106 331 118  41 255  52 289 335  71 281 166  46  33 326 183
   364 381 332 308 250 161 107 143 291  33  95 359 366  45 212 137 203
   108  77 326 382 334 338 312 364 117 210  99  94 309 225 218   0   0
   128  34 134  73 145  92 309 197 147 111 213  14 376 125 242 238 151
   111  92 363 267 312 322 208 329  53 213 103 243 116]
  [  0 274 214 234  77 101 164 290 321 370 176   0 315 177  22 384 345
   370   2 268 322  35 150  66  16  63 311  93   1  13   5 155  66 376
   247  50 240  35 257 349  47 345  63 186 383 332 382  33 333 356   0
   378 305 166 347 185  36 131   4 218  13  84 205  74  84 207 262 290
     8  88 304 282   9 324 240 133  47 278 135 324  32]
  [  0 248 322  37  47   4  11  98  63 312  68 325 151  24  75  19 375
   235 233 104 133 271 284 337 345 280 249 232 173 132 185 162 306 202
   178 291 102 378  66  89 261 336 154 342   7 344 110 269 230 332 311
     0 182 262 242  23 140 192 271 185 285  85 372 388 175  17  93  94
   384 380 332 339 377 287  20  21 190  49 236  83 244]
  [  0 191 307  31 213 223 362 345  77 169 130 350  13 198 382  90 198
   297 229 122  21 266 193 258 150 163  36  93  27 228 196 300 349 191
   315 128 339  87  11 387 233 152 347 251 219 384  27 330   4 307 128
   338   0 130 139 261 291 132 182  12  11 316  24  92  38   1 317 293
   200 199 377   1 327 381  28 260 366 172 196 212 258]
  [  0  99 171 366 263 129 338 187 207 147 377 374 127 185  25 109 326
   242 102 362 280 170 124 135  34  38 270  48  79 166 223 352  51  96
   118 229 334 135 222  31 108 132   7 294  83 120 216  34 266 153 221
   279 221   0 304   2 124  19  37  26 334 295 271 101 387 359 105 118
    63   3  45 252 378  38   3 185 197  50 371 222 360]
  [  0 126 263 158 231 260  19 163  72 123 126 388   5 122 343 180  51
   280  33 349 251 237 102 308 235 382 315 383 198 315  85 323  54  88
    40 156   6 348  49  84 236 151  59 301 363 262 333 118 112 170  13
   265 365 206   0 329  97  43 357 379   7 323 108  89   0  34 345 136
   158 178 240 325 313  93 371 105 171  80 233 348 139]
  [  0 125 339 347 343 243 156 152 263 171 156 179 330 195 115 101 115
   254  25 215  27   0  78 239 352  51 283  71 292  55   6 259 351 305
   243 258 147 357 221 110 363 352  57 317  32 156 226 352 358 324 103
   178 115 180 314   0 326 304  40  12  37 136 349  35 342 321 240 249
   386 384 216 364 287   2 144  36 223   8 269 185 177]
  [  0  59 283 133 263 182 221 194 214 375 131   8 376 162 349 253 385
   263 138 123   8  47 143   7 235 131 317  21 206 226 360 119  66  70
   125 146 120 352 316 351 111 272   4 120 288  71 244 328 353 123  41
   332 257 137 101 158   0 305 128 133 391  66 355 358  75 272  73 177
   165 392  28 359 315 347 378  89 364 236  92 140 236]
  [  0 297  86 324  99  49  97 105  67 165 251 293 307  83 127 346 138
   196 209 278 306 140  44  71  59  15  44 158 188 241 383 153 335  81
   127   5  58 234 365 117 235 330 342 182  33  86 185  42 168 135 163
   249  90  81 321 223 141   0 286 281 109 239 332  10 349  24 171 260
    44 174 228 210  22 105 347 248 236 171 310 202 154]
  [  0 162 306 120 135 105 315 295 159 294 301 176 369 253 318  93 284
     6 216 148 240 348 351 208 104  21 259 303 180 358 353  25 275  61
   228 169  90  62 122  55 229 232  78  21 306 106 384 161 367 261  53
    41  36  58 315 342 342  85   0 259 389 358 189 371 379 210 272 355
   239 385 246  86 215  37  27 214 235 280   9 325 369]
  [  0 131 338  30 153 322 298 120 356 156  38 187   1 301 276 188 152
   209 332  30 263  73  69 307 278 174 165 197 176 219  71 208 224 373
   166  35 115 195  86 168 367 323 340 281 179  54 161 331 174  76 246
   198  79  15 207 292 102 291 285   0   9  87 282  11  74 144  89 392
     1 109 309 202 192 319 321  53 199 332 280 210 210]
  [  0  97 198 369 174 150 319 278  79  87 254 191  66 237 163 258 282
   203 182   2 146 170 114 260 352 331 263  12  34 168  48  59 268  37
   164 312  13 136 152 126  68  26 348 171  71 271 220 276 367 283  77
    92 186  10  34 102 363 230 182 195   0  95 206 263 118 270  40 217
   148 124 104 372 193 260 293 330 282  12 215 139 226]
  [  0 358  82 107 389  22 380 382 235 186  97 102 284 147  11 250  45
   112 112 326  14 315 150  72 313 121 100 233 300 348 207 321  23 134
   318 283 346 210  44   6  92 157  86 270 153  31 353  95 166 104 253
   267 152 204  28  44 244 389 194  70 198   0 289  81 288 227  55 199
   219  53 233 169 121  75 383  36 329  46 220  32 175]
  [  0 141 217 145 196 185 326 174 238 205  59 367 371  60 198  41 230
   178 134 134 388 156 241 262 165 341 338  20 219  10 201 250 378  59
   323 289  37 381 310 310 146 234 309  72 246  62  79 158 346 263 349
    35 376 313 201 126 136 388 253 198 157 356   0  63 265 361  38 180
   203  45 224  55 330  61 380 376 320  99 283  59 293]
  [  0  19 140 235 238 214 211  17  94  95  44 284  41 308 372 229 241
   140 153  53 266 115 311 113 341  70 340 126  40 367 261 220 289   1
    66  21 374 230 212 312 102 261 233 292 341 186 127 146  79 278 333
   151 103  27 385 230 233  73 251  68 258 163  34   0 162  39 293 142
   140 185 224   9  81 313  11  82 206 116 235   4  79]
  [  0 302  89 254 389 251 291  79 250 170 158  46 354 375 241 165 143
   384 268 269 146 196 348 250 301 320 278 383  66 154  45 256  46 274
   384 273 337 318 244 105  81 142  33 348 155 226 150 322 144 289 178
   124 184 215 182 161 356   6 188 173 325 172  45 251   0 297 194 126
    95  64 145 299 204  86 278 135 180  66 376 179 292]
  [  0 298  99  18 209  77 325 169  95 102 221  44 295 374 191 249 250
   143  45 151 363 313 242  22 352  79  53 158 106 300 383 221 368 144
    66 169  41 181 175 131 127 135  77 206 261 325 129 381   2 348 242
   254   1 124 210 223 117 241 267 254 200 211 330 385  73   0 205 197
   293 190  88 284 316 366 209 198 178 138 197  56 186]
  [  0 249 268  69 381 265  65 319 345 365 256 338  38 180  25 279 201
   114 309 209  56  65 151 286  69 363 338 286  69 315  98 206 112 279
   174 299 237 223 254 201 195 199 160 240 134  61 140 165 347 302 129
   314 380  63 172 201 378  51  50  79 103 163 132  69 372 193   0 132
   320 369  54 214 216 216  32  82 261 238  10 128 239]
  [  0  24 347 370 218   8  36 196  74   1 123 101 120 151  66  85 139
    60 183  50  46 361  97  71 202 382 337 249 322 231 148 103  38 349
   334 259  88 268 116 321 296 264  29 343  76 229  75 322  15 319 103
   256 314 381 299  80 296 379  81 170  64  98  60 390 119 218 371   0
    60 299 111 338 174 273 136 260 187  14  53  57 134]
  [  0 130 148 348  35 377 328 169 258 159 123 224 255 212 322 184 196
    40 278  83  24 210   9 101 204 195 192 270 206  11 359 110 188 122
   147 263 136 354 303 125  35 231 296 249 342 366 335  94 152 327 187
   242 290 308 123 373  83 355 122  66 193 321 389 369  38 264  88  48
     0  51 324 121  35 194 100 172 139 141  71 307 204]
  [  0 248 173 386 177  75 251 195 348  89 285 339 162 183  22 168  40
   180 103 183 192  69 363  33 386 361 350   9 248 299  39 340 121 384
    83 100  88 148 157 157 313 195  29  87 193 179 168 287 307 316 221
   150 114 241 364 123 145 338 154 323 145  60 195 182 371 109 371  30
   274   0 104 279  54 165 135 253 160 187 278 311 202]
  [  0 363 368 228 103 205 327 369  12 130 378 153 103  52  93  89 278
   244 243 285 250 307  17 392 128 154 182 388 371 218   2 189 130 118
   371  47 178 129 274 346 106 153 131  97 141 369 240 147 233 285  30
    27  37 280 253 340  90 294 141 154 215 229  19 382 167 106  23 266
   152 317   0  49  87  19 207 372 135 269  63 321 272]
  [  0  43 339  24 378 243 101 246   8 250 103 301 312 185 191 323  30
    51 248  23  14 293  10 145  64 103 164 379 234 321 126 201 116 278
   311  68 168  43 308 336 285 151 177 287  24 121 379 165  32 180  80
    96 133 114 197  11 142 114 368 274  68 304 158 164 324  71 298 135
   237  47   5   0 244 391 158 254  53 363  95  62 154]
  [  0 339 377 150  67  34 275   0 138  85 226 181 254 298 374 123 226
    41 272 388 234 381 181 234 183 344  22   7 130   8 357 117 191 281
   360 104 303  68  78 299 189 276  27 146 325 354 356 159 107 211 234
   157 241  10 255 187  80 194 218 126   2  41 269 338 292 312 309 303
   313 153 236 199   0 172  96 156 292 104 391 314 241]
  [  0 264   3 181 209 316 138 322  31 292 150  78 267 131 319 301 364
   290  52  24   9 385  56 107 277 104 309 116 348  62 260 261  29 173
   334 282 234 219 189  52  19  35 330 305  75 347  29  38 383  34 332
   244 240 284 378 139 245 318  97 190 101 193 351 136 106 181  83 213
   234 368  99 225 172   0 182 296 284 353 260  72 392]
  [  0 378  10 312 172 240 390 363  94  87 378 250 369 391 379 183   1
    36 113 268 293 271  33 151 315 360  76   7 261   3 112 225 192 352
   122 375 355  50  80 246  55 154  66 343 103 326 177 201 360  17 282
    80 389 299 297 285 174   9 147  54 323 372 114 137  35 332 224  81
   159 308  89 314  23 270   0   0 186  34 278 224 160]
  [  0 177 371 244 300 128 379 285 290  55 257 205  78 173 188 218   4
   225 209 392 331 364   9 194 263 105 203  35 127 309 292 118 379 142
   353 195 386  18   8 349 326  19   0 142 215 185  91  21 244 288  32
   334 119 249  91 174 241  50 341 206 331 315  96  15 320 176 387 257
   323 342  70  11  89  11 216   0 208 199 377  20 367]
  [  0  42 169 156 371 218 225   8 309  26 210 164  38 133 255 231  44
   121 331 123 141 309 343 229 164   3 350 313 100  50 364 345 290 124
   363 116  24 360 176 244  64  75 320 378  45 281 297  51 259 279 267
   335 233 261   6 231   4 320 315 205 339 338  31 374 102 358 169 100
   269 344 314 224 254  95 318 322   0  65 301 146 113]
  [  0 282  97  53 118 157  65  48 175 379 206 100 150 272 344 388 290
   297 213   4 206 102  43  54   4 194 184 259 218 102  31 138 180  54
   330  57 306 147 357  94 379 239 189 231 284 307   1 261  79 256 132
   187 113 303 261 127  31   1 366 240 309  29 124 284 361  64 334  51
    80 354 254 269 349 181 381  59  47   0  94 177 132]
  [  0 278  11 235 132  52 181 365 270 269 138 121 201 255 301 379 357
   116 377 347 205 221  46 288 282 297 256 154  27 258  57 198 190 305
   296  79 115 154 354 204 273 204 204 365 325 391 110  72 183 151 237
    18 295 156  58 304 391 112 368  43  95 262  11 133  40 187 351 387
   131  32  16 284  82 344 120 184 391  84   0 280 258]
  [  0 339 242  90 279 118 200 369 375 244 298 196 228 204  61 197 384
   266 378  28 221  13 274 120 165  28 237  97 116 189  52 292 133 387
   243 151  99 235  22 182 251 245 132  74 223 320  94 142 161 128 101
   200 284 300 303 215 348  64 219 190 189 135 149  35 230  40 194 256
    65 207 129 167 297 125 220  95 255 210 180   0 345]
  [  0 385 149 319 114 289 315 115  22 293 345 384  80 312 163 309   1
    47 238  60  13 274 371 256 256 313 152  18 297 299 250 338 179 320
   183 352 124 105 344 256  91  46 223  10 327  67 345 392 387 165 365
     5 177 273 244  88  34 214 277 189 254 247  30 376 224 218 145 377
   231  77 353 193 257 375 273   6 388 113 184 217   0]]

 [[  0 131  51 197  46   3 164 218  76 161 140 272 214 301 292 384 388
   222 222 212   4 247 246  22 178 155   5 255 380 282 161 308  30 133
    90 237 256 351 197 267  76  53 325 243 307 315 294 277 341 245 386
   274  32 374  48 310 143 193 100 192 161 357  93 169 359 106  15 160
   378 148  53 167 331 250  70 258 313 128 298 141  42]
  [  0   0 290 324 266  33  87 342 338 137 270  51 107 220 102 358 202
   259 385  20  75  48 328  86 153 100 127 286  10 313 259 228 299 331
   362  51  90  84  62 355 367 173  37 347  50  82 300 175 219 318  15
   221  91 391 237 392  40 389  30  31 214  38 229 337 357 246 221 201
     2 236 126 273 273 121 282  38 310  26 124 132 325]
  [  0 352   0 389  39 373 240 322 173 365 359  53 380 134 281 376 330
   295  82 249 254  23 389 345 212 347 190  47 184 192 220 353 117   2
   170 299 305 283 128 296 390 109 184 287 229 283 275 271 128 155 229
   108  22 142 320 359 371  61 283 186 156  61 338  72 150  25 283   3
   360  14 196 175 331 280 260 160 312 250 365 389 136]
  [  0 301  10   0 235   4 272 179 278 247 159 212 301  75   9 119 280
   386 267 255  98 103 130 267   6 152 371 207 304  16 278 293 226 206
   338  60 316 161   4 204 387 287  11 347 292 219  40 272  38 226 129
   268  51 315 215 255  15  37  69  23 344 237  74 104  65 366 272  74
   137 220 357 299  96 260 226 261 386 236 133 344  48]
  [  0 294 340 111   0 373  82 261  36  20 249 305 114 316 212 219 189
   354 170  94 143 279 278 148 228 272  86 385 111 324 331  92 255 317
   288 108 262 301 193 256 281 167 292 219 191 158  22  60 265 328  98
    35 157 109 318 332 236 362 269 302 169 306 163 255 359 168  42 238
   381 389 338 151  99  78 137 240 116  97 212 358  36]
  [  0 251 312 389  76   0 267 299 102  99 260 157 151 115 260 184   2
    48  14 234  76 355 319  28 300  59 190 354 338  88 311  74 252  55
    92 378 253  45 248 120 218 310 204 297  51  24  12  69 242 345 128
    92 123 244  30 260  94 379 142 135 202 289 183  29  51 269 242 233
   110  13 311 202  31 220 286  33 314 384  28 370  43]
  [  0 347 208 345 157 191   0 228 165 167 222 320 237 137  64 230  56
   369 390  63  75 196 249  35 181 363  61 344  88  25 213 342 224  54
    69 310 342 322  70 154 187 351 202 113 368 134 371 139 266 388 183
   214  79 380 330   0  30 180 263 102 358 193  17 258  41 144  10  74
   169 278 185 145  79 134 205  51 117  69 255 109  43]
  [  0  11  56 332  61 209  86   0 150 151  64 299  55 254 391 251 369
   216   8 128  25 390 287 388 239 199 304 190 127 221 384 309 318  86
   112 129   6  39 383 246  67 312 253  92 329 299 198 199 365  76 391
   286 327 195 124  31 290 231 132 390 373  30 310 380 375 183 392 243
   163 315 197 219 146  51 161 140 310 336 368 144 370]
  [  0   5 342 163 144 370  92 197   0 313  62 168 252 250 346 331 385
   133 337 204  38 266 108  79 374  71 305 242 306  57  78 336  38  83
   251 215 282   5 149 289 343 246   8 357 123 363 183 304  65 233  20
   230  81  12 296 155  67 160 187 111  73  14 351 388 303 113 164 222
   230 260 376 186 297 220 202 166 168 191 234 225 140]
  [  0  98 153 350 111 324 361 122 172   0 100 243 108 340 112  36 233
    31  10 360 352  43 356 324  28  24 189 283 357  41 187 121 353 322
    22 244  13 187 351 168 188  19 206  72  54  22 353 208 355  94  34
    22 234 273 354  98 331 373 153 159 116 377  73 270 137 200 384 310
   311 265 331 355  25 195 333 214 154 272 112   8 255]
  [  0 115 198 163 131 216 378  10 156 135   0 133 293 353 355 230  59
   378 168   4 291 384 121 197  93   4 216 103 152 144 267 312 363 352
   302  52 194 186 143 392 184 112 254 280  80 203  80  63  84 291 229
   256  55 107 361 310  87   7 108 320 321  86 358 173  66 181  89 105
   337 161 207 309 262  27 117 176 246 182  61 254  60]
  [  0 375 287 157 301 138 237 155 113 365 321   0 301   9 156  25 100
     9 189  74  43  78  45 365 149 257 240  20 129  56 327  39 315 386
   368 374  32  77 162 207 198 378  77 130  83   6 216 217 234 104  45
   305 249 186 227   4   8 203   8 303 149   5  97 209 234 172 150 207
   335 181  19 333 277  84 219 228 114 389 193 384 213]
  [  0 212  18 359 187 388 340  45 109 116 119 340   0 311 354  90 377
   350 272 366  18  48 108 157  57 264 227 160 108 153   5 126 364  17
   347 203   7 234 179 231 147  49 300  28 361 272 358 368  20  25   6
    52 243 279 310 170 329 165 264 132 168 379 215 232 182 348 128 102
    69 385  64 267  51 110 177  22 150 148 126 192 194]
  [  0  73 282 369 213 262 110 295  82 374 227 350  52   0 138  38 173
   341 364  79 321 372 203 338 369 320 181 326 276 361  42 267 358 131
   290 165 298 238 248 203 367 286   4 171 229 282 293 345 362 177  52
   346  27 227 173 272  18 321  46  86 349   9 235  57 169 224 387 238
    65 343 391 201  25 388 141 244  32 181  23 293 353]
  [  0 101 384 277 192 144 392 150 234  39 293 332 139  84   0 322 220
   337 198 236 291 378  59 376  41 332 194 178  96   3 276 100 169 169
   130 156 187  90 263 224 217 222 325 294 219 372 105 309  13 304 108
   170 237  28 336 194 115 312 128 105  96 130   0   7 279 354 380  80
   384 309 341 133  75 132 288 142 343 183 351 356 222]
  [  0 159 348 261 372 236 109 128  27  74  34 196 313 216 144   0 354
   273 193 106 298  49  33 200 125  39 160 352  44  20 140 288 216 139
   341 169 277 277  89 132 346 165 200 169  29 111 309  17 302 359 282
    69 246 194  16 256 242 108 301 123  18 159  55 365 388 130 166 371
   125  82 204  46 237 227 303 192 363 212 311 272 224]
  [  0 332 143  17  15  38 241  79 320 309 156 188  73 185  13 382   0
   288 206 337 307 168 256 154 392 218  60 300 261 104   4 227  22 311
   167 115 372 263  46 344 249 172 129  27 381 285 187 149  68 280  19
   181 334 335 375 280 386 151 202  37  55   1 316 280 196 335 378 217
    39 327 296  15 133 279   7 197  94 171 283  17 364]
  [  0  85 123 318  95  10 307 185 201 143 295 262 342 326 168 130 344
     0 220 280 380 280 366 194 323 165 235 324 384 124 219  49  19 159
   174 191 223 185 232  37 115 186 199 191 118  23 194 111 345 162 277
   350  81  47 257  86 382 180 162 236 376 139 264 299 176 165 290  82
   146  71  86  33 173 305 225 382  98  11 141 300 278]
  [  0  70 166  95 375 137 160 180 107 121 381 203 311 267 116 231 131
   262   0   3 216 189  39 381 335   0 191 357 107 335 232 385 199 296
   220  37  47 185  11  20 339  79 374 240 321 131  14 382 392 376  61
    80 179 275 330 268 298 381 116  80 239  29 228 306 230 336 294 169
    76 259 304   2  21 239 283 306 141 279 265 202 175]
  [  0 183 324  83 194 171  78 108  30 253 352 274  78  29  31  41 333
   198  52   0 195 107 100 348 108 306 169 130 125 392  42 205  26 218
   392 312 181 136 369 260 165 344 155 103 187  10 155 248 225 269 287
   114  87 237 385 332 346  37 105  79  79  88  30  42  77 302 231 194
   269  60 209  30 105 133  10 146 302  75 366 324   4]
  [  0 244 211 222  21 290 353 106 231 348 370  45 278 280  53 198 284
   310 147 276   0 300  54 113 371 331 381  14 139 160 154 117 327 257
    42 371 288 104 295 123 152 241 107  12 363 229 182 153 219 181 344
   362 241 297  57  47 362 147 144 301 197   3  16  57 109 328 176 180
   205 247 292  41 307  91 298 202 302  60 315 294 343]
  [  0 132 155  64 254 236 140 368  92 154 146 217 334 266 295 364  26
   188  33 289 137   0 307  77 268 339 299 194 333 287  78 253 234 196
   192 372  26  26 287 318  85 329 110  30  83  97 215 318 303 226 377
   102 347 366  32 346 303   2 264 106 145  70 387  77 313 282 391 269
   356 111  64 366 135  39  25 333  78 343  74 114  52]
  [  0 365  86  63 309  87 219 365  21 365 157 185   2 141 241  59 290
   326 196 311  18  40   0 328 361 106 160  57  43  14 257 150 312 335
   297 146   5 129  74 306 199 292 339 368 263 139 271 250 219 328 269
   117 126 130 271 392 280 164  86 150 302 191 210  59 258 212 165 162
    10 114  16 136 384 123  94 241  66 214 239 260 250]
  [  0   8 274 233  78 194  68 138 348 239  20 328 187 220 241 227 323
    56 241  63 203 288 152   0 384 152 150  89 320 314   0  85 344 270
   296  88 295 223   8  34 105 373 150 264 224 150  73 134  59 139 321
   221  73 206  11 113  15 335 228 391 255 316 116 289 237  29 266 222
   177 256  38   4 306 359  86 198 109 330 176 247 323]
  [  0 317 141 311 271 262 114  75 387 251 118   9 185 129 334 369 364
   215  82 331  78 118  29 183   0 175 357  55 381   6 206 102 216   1
   148 200 383 302 105 293 313  65 363 166 378 154 180 280 237 164  32
   259 293 226 203  36  36   0  86  24  96   4 386  75  92 347 251 270
   184 382 265  58 334 373 229 159 257 223 369 367 102]
  [  0 309 121 364  19 274  55  52 123 330 178 261 195  67 354 159 100
   276  56 294 230 198 357 254  11   0  47 151  28   1 193 358 120   0
   190 215 133 389  36 389  55 318 269 294 316  44  94 142 127 165 358
   221 275  88 289 193 216 302 147 250 267 181 339 186 301  43 361 261
   346 145  65 107 191  88  69 197 152 366  63 339 364]
  [  0 263 246  15 185 192 369  56 124 167  91 269 173 146 317  15 176
   330  76  29  13  57 151  63 386 165   0  89 171 335 113 150 251 312
    44  60 103 319  53 260 256 161 279 311 293  98 265 225 142 222 120
     0 286 375 114 290 325 343 338 130 294 308 379 187  45 200  98 197
    76  81 169 375 255  41 237 135 151  26  79 135 336]
  [  0  85  64 237  86  34  29 167 298 278  83 213 117 372 362 259 143
    69 301 186 286 307  75 104 255  86 191   0 184 372  82  68 233 377
    68 315 254 185 277 105 325  61 185 391  31  71  62 302  46 154 205
   306 281  50  29 143  34 190  20  92 159  99 304 226  24  50 378 157
   281 167 283 258 292 277 323 165 163 283 352  34 242]
  [  0 350 322 232 156 189 105 334 374 343 220  79 348 345 377 383  63
   275  88 139 362 310 385 338 198  12 298 166   0 373 257 235  34 302
   316 352 343 121 239 118 300  84  67 233 307 201  28 199 299 215  52
   109  45 251 237 190 144  64 373  83 161 391 341 184 159  69 262 113
    40 112 372 112 121  18 145 367 231  49 132  58 168]
  [  0 182  63  66 165   8  98 131 285 272 166 361 237 224 130 352  24
    74  15 147  14  40 112 333 261 161 253  68 386   0 246 140 291 315
   249 293 365 175 282 165 178 126 325 188 197 111 108  53 243  89 366
   198 163 314 179 170 188 290 179 179 210  42 143 108 131 391  95  33
    55 233  20 111 266 282 135 106 234 166  58 306 178]
  [  0 214 251 258  94 357 162 213 361 113 321  29  58 350  66 276  95
   270 145 336 259  78 218   9  13  56   2 120 390  49   0  97 128 351
   249 248 308  90 300 280 160  44 115 130   2  30 200  23 173 350 231
   348  95 252 258 197 287 325  33 135  73 276 288 107 185 238  54  28
    85 148  20  11  92 275 199 128 279  14  33 322 374]
  [  0 188 344 204 229 193 325 327  53  28 178 342 384  21  78 186 196
   173  24 108 280 265 319 226 154  88 346   3 286 216 360   0 103 181
   385 371 277 309  96 103 214 330 245 181 356  99  50 118 103 244  89
    92 316 375  54 339  86 278 153 337  95 114  12 350 214 141  55 361
    32 324 171 358 194 366 178 237 119 337 285 124 198]
  [  0 140 364  64  91 229  45  17 210 321 104 324 327 188  52  19 317
    97 139 377 208  66 116 313  68 143 323 385 336 157  45 354   0 229
   383   7 168  82 226 310 253 156 297 358 300  90 264  57 306  14  60
   315 222  40 285 323 188  16 308 350 363  47 304  18 360 251 389 230
   154 288  98  72  82  94 259 304 129  74 124 119 224]
  [  0  31 123 258 219  99 287 358 270  45 277  58 109 278 354  45 218
   202 121 364 374 241 138 319 331  59 346 343  40  15 382  79 232   0
   248 286  47 390   7 269 101 214  27 106 158 225 136 383  60  92  23
   278  98 364 226 312 205 331 133  11 275 327 256 140 180 142 366 194
   325 388 347 367 262 372 342 289 278  73 387  60  46]
  [  0 251 209 336 156  92 317 129 205 216  18 270  64 318  81 152  71
    96 188 161  87 382 237 147   8 279 276  26 373   5 354 280 216 186
     0 123  84 201 137 361 166 174 202 218  24 287   0 135 266 219 363
   158 181 254  20 278  91 321 146  77 144 375 249 151 248 319 101 255
   156 183 303  89   8 126 298 227 193 252 185 269 179]
  [  0 147  36 261 354 217 112 381 194 208 105 123 263 303 255 172  29
   308  82  10 133 142 219  30  90  87 345 388 141 302 280 335 251 322
    36   0 278 273 177 237 209 113 362 315  48 246 272 267 164 120  43
   100 118 289 235 162 297 329 164 330 140 200 136  21 208  30 316  45
    23 261 225 161 239 251 321 168 333 133 261 182 366]
  [  0  61 189 114 141 107 173 152 351 206 173 212 102 259 270 173  16
   380 250 261 289 160 306 348  35  41   5 189 209 245 178  75 105 123
   110 236   0 121 299 251  97 175 389   8 349 237  46  73  30 296 157
   288  52 242 332 298 179 151 220  86 282 178 312 244  97  67 354 360
   156  21 317 367 254  27 181  54  44 111 109 382  31]
  [  0  41 183  43 152 315 225  36 339  74 235 361 380 265 245 157 288
    20  33 122  18 160 351 355 337 205 341 227 312 140 286 350 232 172
   164 363 342   0  59 219 156   5 244 133 192 228 117  74 361 129 265
   391 118 225 297 285 316 372 237 100 258 234  40 277 226  41 181   0
   336 238 226 368 234 168 142 307 114 205  40  61 261]
  [  0 342  58  97 350 291 266 262 108 136 245 206 213 192 256 194  73
   338 203 140 368 358 143 343 335 311 204 137  85  69  78 348 268 246
   124 145 319 354   0 216 310 350 301  73 232  63  33 341 162 340 329
   315  90 382 141 346  54 287 145  71 303 182  32 333 239  87 374  44
   174  26 381 299 371 224 232   0  29 248 167  27 109]
  [  0 369 120 251 385 207 189  97 380 269 183 372  80 162 270 349 239
    92 174  49 299 354  20 261 121 231 136 103  23 204 259 210 179 248
    10 390 359  98 213   0 278 320 181  41 269   5 358 167 302 258  34
   219 368 367  86  93  45 215 224 222 277 110 155  72 390 233 310 323
    11 150 106 217  17 136  64  46  21  47 133 104 140]
  [  0 373  51  17  86 220 352 177 210 316 392  86 122 191 242   6 279
   249 103 364 308 291 164  74   2 166 127 100 280 130 377 108 185 363
    13 296 241 123 327  48   0  70 215 128  31 384 370 267 148 178 172
   160  50 186 274  26  44 178 341 173 251 256  16 197  33 171 195 217
   359  94 348 343 254 264 350 180 275  16 241  78  60]
  [  0 390 278   1  45 300 231 377  11 121 214 341 198 291 262 278  96
   256  46 117 257 278 193 111  14 169  18 128 391 102 157 120 156 186
   125 349 383  82 317 253 152   0 319 100 142 110 117 186 242 207  86
   368  48 216 137 223  84 250  99 384 239 294  48  97  28  50 185 391
   102 112 205 239 272 259  46  19 360 283 243  14 190]
  [  0  78  95  78 194 365  82 277 119 115 360 252 210 238 250 282  24
    16  10  41 303 211 252 234 218  75 361 281 222  76 304 111  73  72
    77  88 151 117 162 255  73 338   0 202  47 273  32  84 390 164 289
   358  19  87 271 371 128  36 343 277 227 277 360 291  85 329  56 217
    99  20 386  97  45 348  59  75 367  77 230 196 212]
  [  0  40 139 379 213  47 161  22 331  95 251 314 344 131 188  27 168
    28 152  77 150 191 346 272 126 123 102  21 372 319 275   8 179  87
   200  37  23 186 161 242 382 161  24   0   5 192 363 132 174  95 167
   101 318 231  52  17 281  93 139 358 327 322 380 388 331 343 133  38
   126 189 255 291  10  51  20 190  71 147 161 354 221]
  [  0 109  86 176 172 119 340   2  35 244  86 370 139 225 340 297  77
   214  87 190 346  45 140 267  81  52 351 391 208 284 197  69   6  97
   287  80 274 315 240 102 127  14 325 174   0  18 155 385  24   7  29
     7 302 241 258  18 259 239 203 197 251 349 185 345 321 243 322  12
   230 313 280 346 214 150 102  32 200 382 285 242 128]
  [  0 358  83  78  82   1 202 224 235 235 219 325 209 352 335 126 335
    52 243 152 192   1 256 319 275  43 330  88 287  58 349 232 279 209
   122 307 270 243 158 294 233 232 241 353 222   0 189 385 349 163  29
   159 179 210   5 193  65  49 195 304 262  82 208 137 252  83 118  39
    48 109  75 161 149 235 289 132 179 321  45 336 358]
  [  0  22  52 257 164 146 362 291 126 251  47 107  39 262 236  85 177
     5  65 126 251 118 372 291 353 147 214 311  45 189 164 264 214 297
   143 358 158  17 188  78 275 250 354  21 143 350   0 365 310 252 360
    46 347  63 310 152 166 200 131  40 213 219 103  49 319 301 381 155
   103 367 255 230  14 371 155  19 268 296 250 130 341]
  [  0 275 209 374 250 338 272 382 316 274  11 243 138 348 336 351 123
   167  58 154 225 245   6 179  74 183 322 349  76 173  84 164  25 102
   247 198 333 130 101 185 285 325 253 316  64 232 316   0 243 243 151
    35 191 119  75  43 124 388 377 304 110 324 380 379 184  98 100 152
   391 111  14 103  29 206 184 212 243 146 156  24 286]
  [  0 222  57 361 359  75 203 223  67 218  97 314  28 169  56  82  80
     3 203 297 190 112 122 369 385  27 170 154 122 359 314 240 157 281
   320  47  49  33 158 219 173 120 207  32 178  85 385 303   0 169 297
    89 253  82 247  21 322  54 356 367  76 314 251 285  78 320  17   8
   239  52 271 251  34  12 340  12  90 155 307 248 134]
  [  0 128 126  11 370 198 124 336 309 256   3 258 390 129 164 237 298
   193 137 129   4 235  85 255 323 174  34  17  35 174  42 330  48 366
    70  45 181 233 310 328 288 336 267  70 339 214 221 147 238   0 241
   243  85  82 323 214 148 213  39 366  67  54 322  89 236 131 108 200
   321 329 222 212 139 205  23  92 386 264  35 348 195]
  [  0 127  45 272 320 202  95 356  88  93 266 202 147 131 290 215 387
   142 229 310  57 307 354 374 229  94  78  98  33 170  18 256 228  30
   276 146 308 160 122 261 258 125 349 239 113 361 323 219  72  37   0
   201 268 375 135  79 139  89 348 216 125  82 106 346 141 145 367  51
   183  83 361  97 359 157  64 178 235 347 380  86 296]
  [  0 211  39 281 194 192  63 367  41  80 137  28 296 279 326 275 243
   139 248  83 302  40  63  44 213 334 190  43 348  34 165 311 285 250
   110 275 305 316  35 183 204 137   4 261 383 284 365 253 377 136 328
     0 236 295  11 211   3 148 204 234 247 377 291 136 114 265 333 144
   372 351 241 211 378 200 293  46 115 223 314  33 241]
  [  0 313 297 192 228  28 304 191 374 347  89 210 316  46 125 271 244
   243  49 344  85 370  41 184 221 299 312 379 301 234 244 104 379  63
    54  22  72 185 281 346   6 359  84  16 106 215  72 382 368 288 175
   323   0  75 170 162 385 168 135  48  70  83 372 391 157 294 131 308
   182 111 238 229  25 379 146 161 334  42 133 283  30]
  [  0 175 304 189 392  29 371  67 354 301  96 142 178  98  51 132 370
   110 305 205 367 187 279   2 132 209 341 353 118 281  80 283  23 187
   313 307 199  88 230  22 337 113  66 252 321 345 200  50 276 152 377
   112 102   0 135 269 117 293 185 354  87 304  23 255 347 338 127 308
   186 116  83 309 343 208 255 118 287 231  48   2 127]
  [  0 273 160  94 167  70 222 132  49 122 336 267 128  58  86 200 278
    68 310 362 143 344 178 323  39  11 255 210 151 144 381 271  26 278
   137  28 120 335 290  70  11 207 255  66 189 360  39 228  97 134  59
    87 337 280   0 113  81 101 230 247 175 331 281 373 101  78 183   0
   353  87 189 197 117 297 242   6 382 119 295 377  72]
  [  0 153 335 335  44 122 387  15 177  89 344 223  81 143 113 257 131
    31  48 178 287 379  59  95 141 239 358  48 332 308 347  79  96 181
    86  25 139 257 371 338  67  34 173 248 296  21 225 354 187 110 349
   291 267 249  56   0 247 187 256 124  60 111  10 286  13  20 317 117
   302 248  56 213  47 207 346 120 270 197 210  14 277]
  [  0 102 290 193 306 287 371 253 325 385 143 379 147  35  29 361 193
   392 202 206  51   2 342  53 181 293  66 199 326 275  23  64 219 119
   389 379 180 234 255   7 122 142 251  80  93 374  11 231  57 316 332
    93 265  23 238 200   0 202 129  18 351 200  31 332  17 338 219 163
   295 104 359 228 295 244 128 142 124 284 104 264  86]
  [  0  59 226 247 359 247 353 374 303  76  93  40 198 116 366 322  84
   231 247 154 389 365 346 156 277 330 246 201 137  63 208 368 304 391
   222 162 383  71 317  26 384 145  72 379 388 254  92 334 129 308 182
   134 170 101  27   4 239   0 121 210 380 199  21 132 385 391 378 255
   124 336  50 148 139 260  79 105 250  97 283 299  54]
  [  0  73 140 353 156 224 216  10 269 232 250 168  71 108 148  23  17
    35  47 372  20 384  52 170 164  46 345   7 163  68 325 130 130  37
   209 310   9 134  15  38  40 110 271  92 232 378 387 337 296 378 260
   257 321 241  25   8 299 291   0 218  12 101 270  24 145 368 227 265
   276 271  20 314  49 216 305 364 239 332  77 151 180]
  [  0  48 377 369 103 323 281 190 227 222  69  12  10 309  13 364 212
   386 289  31 223  95   4  16 375 182 345 384  92 301 166 132 317  91
   368 111  20  97 289 193 356  55 248 292 346  81 346 343  15  28 354
   140  29 261  19  24 316 228 368   0 121  24 376 118 149 391 278 160
   183 339 326 327 360 252  53  31 309  51 262 270 256]
  [  0 309 235 183 122 164  31 297 171   0 167 280 121 390 254  53  63
   168  22 222  48 154  29 207 350 123 114 213 239 124 369  98 368 265
   145 135 286  37 324  73 310   5 171  11  71 207 110 205  26 135 129
   347 208  40  67  21 105 209  35 364   0 244 311 271 264 203 332 327
   223 155 210 262  97 383  20  35 146 357 324 215 322]
  [  0 107   1 161 291  70 195 184 330 125 291 361  98  35 221 335 297
    69 307 207 179  17  19 286  56  10 303 181 382 276 374 320   5  87
   278 323  63 166 315 321 165  88 378 102 315  56  45 126  84 366 192
   307 109  85 318 307 319  91 356 226 202   0 104 313 345 185 229  53
   372  65 327 352 285 340 359  16 304 368 296 105 177]
  [  0 144 385 378   3 241 161   4 138  47 100 289 334 200 279 188 285
   147 199 315 250 274  23 293  58 373 366 267  85 139 254  16 176 196
   195  13 312 271  60 255 330 356  43 372 196 387   2 201 218 314  36
    36 167 142  61 370 312 165 283 392 229 350   0 308 354  99  42 138
   233 179 206 344 101  23 361  69 288 228 328 248 139]
  [  0 317 227 348  14 101 327 356 387 364   0 130 318 222 353 387 160
   181 245 383 176  39 120 193  65 149 292 150  50 353 244  68  23  11
   117 105 164 384 386 323 169 144 357 328 260 161 271 223  96 375 286
   277 289  75 324 168 221 130  27 352 300 246 137   0 300   8 353 170
   371 319 300  82 120  67 165  94 135 346 182  33  84]
  [  0 199  70 281 359 149 301 303   8 216 313 182 217 359 182 281 330
   183 179 141 114  48  56 116 243  70 158 334  86 106 361 146 392  85
    23  10  78  14  86 347  63 271 265 384 362   2 371 175 159 242 347
    14  44  76  42 349 270 111 371 256 281  20 335 197   0 104 344 382
     5  76  63  14 262  96 303 102 237 204  74  39 308]
  [  0  69 364 191 112 344 130  88 346 337 176  39 259  34 275 238 203
   176 322 239 115 297 329 125 193 387 341 212 105 258 200 339 339 306
   368  22  91 214 276 119 380 332 383  79 222 101 145  34 133 147  30
   286  51  44 180 275 313 306 249 380 316 142 198 195 261   0  86 238
   149 147 207  25 189 175 190 365 153 347 234 296 320]
  [  0  30 347 115 383 115  70 240  22 215  47 272  39  91  48 177 178
   122 177 176 110 358 261   0  34 343 102 117  13  38 171 371  77 372
     7  84  33 339 346 224 308  83 248 301 237 125 243 101 349 241   1
   291 252 340 361 192 123 125 325 315  27 217   7 371 261 263   0 155
    19 141   2 182 273 106 379   3  37 105 193   1 244]
  [  0  14 222 160 121  45 236 359  65 232  70 136 344  81 123 202 280
    94 293 308 268 322 206 149  91  62   1 390 174 223 311 280   0  40
   116 355  73  15 141 125  43 342 283 383 297 392 297 177 221 166 142
   162 354 366 379  73 292 345 357 180 185 280 286 114 380 227  15   0
   166 335 169  39 152  68 148 194 233  98 234 310  70]
  [  0 274 276  88 271 222 296 139 307 323  92 181 251 319 185 289  15
   142   2 371 233  71 138 245 117 330 239 354  67  98 125  51 343  19
   126 327  90 185 141 272  88 282 222 371 373 349 291 280 328 249 284
   282 189 207  57 155 182 328  20 179 180 104 298 354  53 367 105  34
     0 342 122  86 111 122 346  93 220 113  38 186 361]
  [  0  59 220 213  57  10 274 139  36 171  83 321 189 127 191 324 259
   231 144  97 348 120 259 109  27 242 171  20 139  54  43  82 382  32
   238 251 247 100 302 127 338 359 250 156 150 119 222 175 179 191 378
     9 382  10 285   9  76  38 118 300 362 152 309  75  85  12 315 237
   136   0 281 102 142  51 380 328 189  36 156 269 106]
  [  0 202 310 239 123 344  50  14 291 134 120 307 365 312 111 364 321
   383 254 153 231 126 343  81 349 342  29 268 379 258  61 181 269  83
    72 307 244 150  73 331   1  33 295  39 354 212 332 116 279 265 268
   314 262 240  64 339 367 205 322 226 132 226 266 294 270 154  44 334
   200 390   0   2  91 330 193  41 122 262  99  17 387]
  [  0 157  15 190  98 177 149 331  68  78 275  28 115 225 140 112 156
   209  44 370 313  59 351  24 207 208 100  31 263 315 256   1 291 291
   358  63 140 182 255  99 223 210 177 306  22  68 365  84 227 241 136
   296 170 169 290 316 218 251  91 105 116  20 219 244  85 249 264 116
   294   3 247   0   4  41 163  86 344  68  90 249 328]
  [  0 115 378  32 248 176 266 269 175 358 371  27 267 223  91  71  13
   120 137 199 159 223  83 196 117 137 370 141  17 272 383 308 390 321
   161 188 139  54 231 316 346 251 294 220 197 225 122 379 258 119 379
    25  94 377 313 142 351 227   5  89   4 205   9  87 367 377  19 374
    20 195 115  92   0 183 200 319  33  51   6 290 339]
  [  0 351 132  51   7 210 358 186 194 243  98 313 370  51 131 157  41
    51 277 271 273 363 390 193 166  67 386 100 234 203  26 133 264 220
   188 199 169 166 290 268 322 366 351  46 217 355 211 305 253 312 348
   246 147 169 215 318 180 109 248 158 359 391 166 228  27 134   3 216
   109  80  37  79 209   0 165  21 385 100 317 228 362]
  [  0  69 328 243 114  36 230   6 271  98 143 137  25  17 136  29 331
   101 139 272  31  68 232 306 206 390 172 156 192 353 146 241 262  51
   388 351 128  80 125 188 261 315 138 358 391  26 197 116 163 338 374
   116 316 169 234 127  63 197 161 213  20   1 106  46 172 224 225 273
   124 181 254 195  79 133   0 345 392 250 219 236  70]
  [  0 339 247 178 319 326  99 172 107 147  53 286 322 224 240 285 204
   258 343 211 103 179   0  32  36 313 272  52  90 391 116 354  64  98
   223 329 234 118 276 359 189 278 313 366 387 139 191 102  67  20 344
   350 289 335 283 349  22 202  47 219 109 153 129 362 277 350  12 207
   233 253 285   7 177 327  64   0  11  19 391 224 275]
  [  0  21 293  28 119 237 248 158 235  86 220  29   0 337  28  70 147
   294 159 237  99 244 126 218 192  83 117 353  49  24  68 343 268 298
   377 225 158 376 155 275 231  89 228 117 217 247 155 161 277 335 346
    92 244 390 268  96 152 102 345   2 340 129 355 216 141 376  29 130
   100 384 126 305 191 236 216 323   0  86  92  52 355]
  [  0  18 291 204 192  19 133 289 223  65  85 332 193  13 145 374 179
   322 169 213 319  19  43 353  39  15 170 346  19 239 156 181 311 217
   170  75 302 112  27  86  30  44 154 176  82 168 122 169 134 115 387
   339 175 215 218 331  90 206  31  65 297 310  85 379 121 378  51 115
   298 342 108  20 119 345 357 365 384   0  23 235 207]
  [  0  21  56 230 383 269  62  74 116 382  62 299 373 215  44  36 368
   101 295 284  40  15 273 137 142 329 196 313 179 256 332 157 345   9
    49 149 109 298 149 239  47 204 303 335 115 275  81   3  14  56  77
    98 170 311 186  82  56 257  24  25 226 114 159  84  77 140 188 308
   139 244  25 169 353 351 159 212 321 372   0 130 387]
  [  0  20   8 183   9 256 385  24 128 263 285  15 123 159 357 104 122
   370 189 361  60 144  79 154 291 323 104 257  81 385 155 124 297 245
   299 253 327 274 355  38  13 213 238 369 182 103  41 362 356 385   0
   361 178  46 139 240 288 127 332 104 127 348 123  33  66 243 314 285
    76 239  89 182 111 207 251  44  12  58 105   0 343]
  [  0 107 106  79 253 303 315 126 110 156 115  71 228 376 239 325 376
    51 276 216 302 220 383 262 325 245 200 196   8 167 165 115 272 155
   129 193 175 100 213  72 243 199  72 325  61 232 137 336 293 318 192
    73 307 158 305 297 210 378  27  40   7 124 112 127 128 108  10  65
    61 308 154   2 133 271 348 147 206 120 270 201   0]]

 [[  0  50 107  96 144 191 165 215 116 219 213 279 101  66 215 238 144
    80  76 154 269  84 250 192  77 162 304 295 340 203 242 254 163  49
    16 311  74 209  77 243 245 135 353 332 103  45 321 210 202 313  84
   247 215 175 112 196  93 328  92  20 135 173  35 361 275 357 391 226
   306 378 134  61 108   3 179 306 275  40 230 153 193]
  [  0   0 353 372 153 293 148 100 119 132   0 166 361 190  17  94  31
   279 383  95 346 115 207  41 255  54 308 175 361 273  39 205 353 349
   319 292 250  49 285 210 388 319 194 147  49 209 308 222 192 367   2
    55 215  98 275 257 269  28 232  29 102 146  90  60 148   5 110  82
    20  37  26  32 274 367 230  67 161 337 262  24 346]
  [  0 200   0 291 330 360 196 266 356 290 117 287 212 150 289 178 234
    67 345 201 193 390 272 299 143 177 184 234 174 142 276 247 150 273
   359 382 280 182  99 286 152 290 217 242 284  74 299 346 114   1 296
    89 267  66  25 254 284 133  16 358 295 109 151 291 304  26 223  85
   106 181 276 103 252 180  15 351 149 287  57   0 378]
  [  0 307  37   0 326   6  76 319 252 231 285 248  58 127 139 301 236
    78 319 260 354 268 265 149 228 328 160 214 119 154 374 282 214 349
     2 385  17 187 248 331   4 251  55 253 374 201 294   0 298  40 190
   260 190 213  85  38 271 333 188  61  70 337 286 362 329 187  58 386
    33  69 316 392 148 193 382 294 120   3 289 146 190]
  [  0 277   7  57   0 237 334 244  19 335 370 195  38 158 225 280  78
   198 380 346  40 361 169  91 255  16  79 386  94 235 168  73  75  77
   248 320 165 203  15 350 347 260  78 347  95 200 172  52  53 176  33
    32 359 288 205  40 353  14 241 130  54 116 304 248 345   7  39 246
    94 368  89 355 303 240 123 336 336 202  60  66 106]
  [  0 314 380  52 310   0   0  56  77 349 184 364 278 258 357 318 104
    12 328 154 191 144 229 107  39 119 189 329 193 288 321 251 108 214
   142 186  68  11 145 317 284 173 375 257 279  21 207 134 246 297 210
    72   7 218 362 283  27 175  30  80  80  15 300 269 371 106 264 312
    33  46  80 105 361 274 199  52 235 188 348 187 310]
  [  0 140 283 165 123 294   0 262 245 213 163 266 362 139 209  68 339
    39 257 247 278 225  57 325  43 293  54 197 239  78 211 253 335 134
   386 205 244 361 381  17 189  21 358   6 373 335 304 316  77  86 160
   223  80  33 158 113  68 367  34 210 371 158  98 309 150 371  11 160
   139  75 391  21 183 269  55 265 163 250 141 172 128]
  [  0 354 361  37  80 314 168   0  18  48 135 373  85 350 299 350 298
    23  47  11  41 113  12 293   6 111 134 276  79 176 276 283 265 130
   346 170 176 177  10 309 387 272 324 385 315 375 371 148 110  49 306
   259 298 160 108  34 313 255 133 273   6 307 139 159   9 271 257 204
   323  13  67 174 131 183 132 100  54 159 175 391 349]
  [  0 197 308  53 236  89  29 359   0  41 195 153 214 134   6   3  17
   119 335 211 189 273  18 102 317  14 229 371 124 175 308 260  72 291
   343 114 347  90 203  45  30 176  46 257 122 176   7 336 189 305 353
    40 250 278 106 358 324  51 289  33 133   7 344  53 239  33 134 193
     4 101  46 127  10 190  28 228 171 320 179 371 366]
  [  0 342  58  99  86 108 234 261  23   0 171 123 222 260 232 109 301
   292 224 164 245 256 273 152 389 186 364 347 230 185  53 313 237 159
   205  13  46 299 293 332 240 126 358 134 319 351 291 158  86 253 305
    71  99 223 138  12 176 191 383 155 378  99 300  66 193 285 259 265
   271 243 286 313 193 343  43 109 232 378 139 230  29]
  [  0 321 143  39  97  60 380  97  94 183   0 374 204 149 390 319 287
    80 388 366 205 116  30 332 186 230 237 185 358 307 248 378 114 122
   290 170 259 268  58 180  41  83  61 112 389 276 357  54  14 251 290
    88 226 233 119  76 296  82 211 353 278  59  88 266 231 256 364  23
   383  51  51  72  20  30 279  91  16  44  56 175 340]
  [  0 328 166  76  52  48 128 287 191 179   5   0 361 205 163 176 232
   325  12 263  24 300 333 141 357 147  33 364 107  19 337  72 238 289
    95  77 308 338 136 283  27 144  75 105 225 265 128 233 169 199 137
    27  93  47 358 278 233 295 372  72 170  81  23 123 149 208 126  63
   133 386 132 118 212  52 368 298 319  27 143  73  46]
  [  0 142 374 198 387 217 302 306 214 232 194  11   0 362 164 291 208
   381 383  68 291   4 207 171  53 362 192  13 317  18  27 165 212 148
   250 222 261  53 360 101 307 257 167 186 336 259  11 260 240 147 306
   106 134 112 274 294 247 301 233  69  12 324  63  86 222 107 196  65
   167  38 188 133  87 251 286 378 376  81 385  54 314]
  [  0 193 300 236 210 140 222 224 236 287 270 264 151   0 120 372 155
    73  75 187  79 316 110 283 247 106 249  78 159 115 285 294 188  89
    20 143   1 269  18 286  17  39 272  52  85 365 346   9   7 358 227
    37  38 139  78  43  45 299 211  24 364 351 146  39 377 165  46 247
   373 254 184 214 249  35 234 232 187 281 333 245   3]
  [  0  15 173 144 380  97 277  96  90 261 159 165 133  95   0 392 320
   139 281  71 114  15 350  28 392 346  32 372 325 112  38 103  70 213
   338 307 260 227 256 347 106   7 146  82 153 220 333 242  71 188 160
   310 102 254  44 277 211 156   4 391 378 295 226 178 120 247  61 258
   272 263 131 364 230 148 100  34 113 207 150 101  14]
  [  0 192  20 229 366 171 233 183 264 312 327 249 222 320 165   0 340
   305 249 311 259 328 127 373 354 211  44  22 327 362 106 319 259 125
   307 342  44 241  97 341 281 320 140 181 276 242 226 103 360  43  94
   104 374 362 358  41 364 231  11 175  55 140  18 202 282 317 217 178
   323  93 387 200 165 317 192 221 273  66 147 134 151]
  [  0 354  43 243  26 327 222 181 140 142 148 281 314 384 147 175   0
   331 245 271 232 362  82  52 335 272  35 302 358 157  74 187  36 338
   186 149  98 227   6 177 162 195 372 375  13 359 302  84 287 243  59
   162 347 175 255  14 236 379  81 104 331 255 293  18 105 331 266 334
   232 175 351 236 320 106 165  97  99 300 317  34 366]
  [  0 144 289 172 357 249 314 386 155 231 154  81 103 375 126 110 258
     0 199 294 125  83 325 178 106 267  47  86 319 104  52 180  30  19
   292 230  46  94 315 176 332 305 132 126 288  97 139 174 352 291  59
    82 390 247 117 248 347 246 219 298 318 289 250 203 252 190  78 101
   233   1 300 184 265 271  71 272  65  12   4  65 320]
  [  0 301 274 105 207 376 110 247 231  68 322 107 367 152 242 201  39
   218   0 164 115 319  88 106  26 312 381 375 388 188  67 157 265 325
    99 275  85  98 170   2 349 277   5 102  13 258 297  96 355 327 117
    80 304 174 191 178  66  90 141 310 264 258 369 186 146 161 381 231
   369 270  78 208  63 332 368 125 307 218 283 206 132]
  [  0   8 202 353 217 213 126 150 277 275 236  78 122 286 283 314 152
   232 113   0 134 209 340  53  64 144 339 134  76  76  55  56 137  64
   366   4 202 314 191   7  81 144 202 184 338 104 331  51  82 225  47
    81 276 215   8 369 263 177 324 364 256 329 143  17 181  40 367 232
   234 160 136 344  35  30 224 333 308 233  58   7 285]
  [  0 268 382 312 284  83  21 153 315  76  73  71  98 287 104  35 157
   169 202   8   0 347  57 383 250  52  85  71  60 124 352 247 100  95
   149 361 123 304 265 290 300 208 191 272 207 352 202 360 322  53 219
   123 178 245 315 119 201  40  40 370 194 176 359 345 381 309 388 309
   146 245 279 294 296   7 107 356 354 352 194 321  48]
  [  0  75 348 150 309 340 111 203 300 234 153   2   0 122 345 191  89
     0 254 138  75   0 328  87 237 236 262 169  13 338 301 255 312  83
    76 104 243 215 258 258  75  88  91  25  88  93 238 335  85 173  82
   120 188 172  64 175 126 285 258 210 288 162 326 162 372 313  71 109
   299 170 258 365 192 294 351 238  98 351  54  77 242]
  [  0  12 321 372 328 383 173 272 278 194 318 182 146 365 214 262 320
   248 253 274 329  14   0 276 387 270 135 334 203 155 131   3 237  18
   311 267 335 202 320 283 370 191 387 102 185 215  18  87 310 261  99
   133  77  60   4 119 279 261  53 241 295 302 160 176 351   5 118 371
   246 386  86 151  14 262 196  34 225 114 194  86 283]
  [  0 203 179  99 116 257 217 315   3 255 155 348 317  79 188  42 104
   347 355 291 234 262 295   0 306 352  81 354 198  52 259 111 136 301
   377   1 231 214 122  86 199 347  64 374  47   9 252 137 344 356 156
   316  80  84 338  43 239 324 280  61 347 343  96 325 298 154 291 359
   368  36 202 320 298 268  82 345 166  53 383 303 263]
  [  0 320 198 190 252 122 295  18 390 349 134 297  27 162 357 250   6
   290   6 258 169 365  57 207   0  31 350 350  90 118  93 368 287 203
   151 142   9 372 353  77 260 148 384 170 368  34 226 132 365 350 198
   126 253 227 143 108  98 345  17 195 187 280  99 176  73 198 387 200
   343 310   3 300 318  14 327 132 309 267 279 212  48]
  [  0   2  27 328 184 340 136 354   5 324 170  40  95 313 349  92 128
   260 231 286 389 376 174 373  21   0 161  95 182 260  36 121  64  25
    84 163 306 215  66 129 237  71 148  49 270 178 301 267  16 112 236
    10   6 139 361 330 185 297 332 180 166 322 309  44 268 368  36  87
   279 112 330  11 259 276 207 382 364 166  41 321 122]
  [  0  21 245  19 322  77 328 142 171 320 230 317  70  12  94 329 335
    31  59 131  26 161 206 345 331  18   0 385 193  91 317  92 347 216
   248 250 242  84 157 185 334  52 381  71 288 239 322 211 240 145 245
    68 312  58 183 197 110 310 194 386  61 360 189 201 194 266  81 209
   368 352 105 189  93 382 117  37 202 217 380  87 373]
  [  0 281 342 230 236 130 318  45 263 332  42 170 371 100  56 378 277
    34 246  75  40 361  17 191 354  57 163   0 221 323 364 253 391  67
   295 332 142 149 297 160  33   0 322 289 350 178 153 254 232 173 167
   154 367  36 221 363 392 294 212 192 185  64 223  91  86 203 334 287
   160 358 115 192   9  91 129  60  58 248 192 166 157]
  [  0  50 311  88 325 246 222  72 268   1  77  74 147 296 295  39  64
   107 314 383 176 125 137 275 229  32 331 346   0 317 189 346 193 188
   130 178  48 228 283 276 166 249 264  94  75 366 332 159 165 215 345
   288  26 336 294 240  95  77 162 231 152  50 134 377 363 213 326  19
   177  79 305 200 106 199  77 297 300 251 177 388  78]
  [  0 160  86 118  92 126 124 186  68  71 235  95  27 338 288 291  43
   167 225 356 365  57 392 189 359  52  92 371 356   0 145 341 218 371
   221  39 217  82  48  50 206 216 226 125 205 349 165 276  91 247 165
   343  79  75 195 186  48 240 270 227 195  73 373 382 364 175 179 355
   241  17 354 322 304  50 108 392 130 281 244 369 310]
  [  0  16 103  93 235 303 195 157 125  83 253  91 209 349 173 211 206
   344  73 204 281  27 157  29 113  55 165  33  45 267   0 361 327 246
   217  93 204 271 263 252 180 368  50 327  96  75  22 176 112 201 164
    58  60 330 106 349 329 356 343 321 120 131 277 184 283 161 197 139
   293 319  15 145  33 275 298  33 159 128 321  53 178]
  [  0 207 224  51 122  18 282 321 257 226 182 184 263 138 388 162 255
   227 269 294 270 336  14 222   4  93 245 178 174 298 305   0 289 275
   385 164  22  55 155 131  68 109  36  74 239  55 310 336 255 310  72
   186  99 391 168 116 182 201  47 203 235 169 247 110 385 387 274 275
   113 207 169 290 240 134 385 219 364  55 379 117 259]
  [  0 113 192 103 153 294 261 272 111 267 319 127 148  61   9 261 380
    85 144 261 129 107 336 263 210 359 124 159  39 288 206 105   0 197
   387 218 189 207 307 334 242  42 353 102  29  16 164 347 335  40  16
   256  26 103 360 164 262 313 166 348  97 368 322 386  63  11  54 316
    12 333 142 299 203  80 278 324  79 214 303 305 329]
  [  0 184  19 129 118 362 166 105 187 228 293  60  73  88 293 252  68
    17  67 120 346 131 208 209  55 126 264 243   4  43 356 382  58   0
   141  29 341 183 215 190 323 335 305 378 332  38  56  67  86 297   3
   360  37 225 161 189 322 124 180 389 364 361 336 185 286 128 305  20
    80 320   3  74 128 201  49  81 378 111 162 298 130]
  [  0 283 290  55 139  77  18 120  92   8  56  11  56 273 154 242 349
   386 306 189 242 109 265 391  21 270 152 134 265 290 287 256 151 133
     0  44 378  81  12 331 352  66 103 104 283 272  83 152 177  39  91
   257 117 225 125  43 335  62  69 253 120 159 269  59  84 360 309 309
   301 206 265 198  10 290 169 208  58 331 367  35 359]
  [  0 113 212 251 109 372  95 351 300 229 108  95 182 386 176 247  48
   364 263 256 327 331 347 333 290  27 167  22 217 370 313 114  75 352
   291   0  96  46 116 311 386 156 294 152  76 264 238 280 384 166 198
    86 323 346 237 149  78 325  28  65 137 132  61 234 275 287 125 174
    72 208 129   0 117  46 134 194 153  94  35  18  95]
  [  0 312  37  99 315 298 380 136  49 210 258  76 188 162  23 171  49
   150 387  85 102  91 268 255 212 170 178 193 242 150 234 333 263 198
   331  84   0 266 133 235 162 326 392  14 332 201 244 217 171  33 330
   208 182 303 195 240 159 283   1 188  30 135 271  53   9 350 220  32
   170 313 227 349 230 389 287 353 316  60 356 221 233]
  [  0 357 154  29 273   8 257 135 112   6 100 185 305 343  79  75 310
   273 123  40 211  10 122 227 152  94 314  19 331 390 230  17 298 391
   360 160 302   0 341 341 132  15 192  22  13 253 171 357  51 113 298
   234 318  15 355 374  55  93 120  61 205 101 269  82  66 110   4 192
   242  52 216  89 243 290  54  68 226 214 307 352 205]
  [  0 164 100 339   6   3 113 292 354 253 288 161 285 144 212  17 190
   229  49 379  44  47  12 225  50 122 249  19 296 175 111  72 111  94
   296  18 383 358   0  69 110 297 165 238 314 104 272 212 201 263 231
   328 331 228 354 390 230  35  44 389 350 290  47 249 140 212 160 149
   212 149 111 330  82 363 270  85 359 335 318  29 349]
  [  0 366  12 317 195 331 365 360 355 320 137 187 294  93 354 157  15
   118 314 288  50  35 184 346  97 329 202 152  71  46 327 278 269 220
   141 255 221 227 285   0  11 364 330 371 373 324  36  13 339 339 214
   324  69 309 187 163  33 230 131  77 353 241  65 181 173  46  27 167
   182 245 116 168   9  65  21 253 308 252 118 355 292]
  [  0  48 146  93 109  21 200 316 280 134 120 200 335  87   6  51 362
    74 328   5  40 345 343 256 324  70 211  80 176 235  14 218  41 235
    25  48 112 361 234 143   0 162 145  88 364  37  88 221 258 274 276
   129 348 119 280 174 330 238 278  73 227 347 236 227  55 354 258 224
   140 390 237   5 326  36 195  76 152  33  58  10 205]
  [  0 128  94   0 196 330 252 213  89 377   4  69 347 319 322  39 272
   226  49 251 147 175 259 194  99 101  21 230  23 112 253 193 194 296
   109 180 203 260 146 227 344   0 327 354  49 267 254 144 107 101 307
   212  56 375  39 325 392 160 311 346 159 243 278 179 269  64 338 311
   224 173 235 315 370 370  35 115 376 324 287  27 120]
  [  0 116 351   5 302 320 132 123  47  78 262 309 185 116 273 129 195
   150 210 238 199 257  36 388  40 266  32 124  64  44 347 257  54 237
    90 377 286 350 104  95 216 380   0  27 234   6 223 175 239 291 185
   246  17 221 369 221 358 378 262 137 271 192 180 205 208  76 260 313
    33 160  64 287 388 350 329 200  93 206  56 198 188]
  [  0 265  77 309 246 248 159 156  54  44  59 144 209 227 265 321 302
   194  76 284  84 147 307 294 234  71 358 307 328 260 244 108 225 179
    57  58  55   5 103 275  51 337  65   0  25 364 238 177 201 150 317
   309 156 345 178 327 257 321 329 327 144 342 140 285  73 125 225  51
   379 264 156  54  24  55 284 245 203  78 271 218 302]
  [  0 368  23 346 148 220 266 282   0 226  76 187  93  82 260 239 333
     5 323 186 104 197 155 283 313 114 133 277 249 333 112 129 121 164
     6 335 330 119 255 107  96 100  67 365   0 320 329 347 190 202 299
   320 303 320  66 240 101  28 383 228 163 256  76 318 369 238 274   1
   250 165 129  54 262 265 162 160 370  43 280  67  42]
  [  0 185 122 346  68 222 278 116 272  27   5 102 218 269 197 134 283
   385 278 311 387  10  35 166 239 322 109  92 369 330 307 147  97 121
   153 152 284  95 338   7 140 364 267 188 332   0  22  84 372  92  93
   226 121 387 178   5 260   3 103 217  76 349 115 222  18  49 385 104
   267   9 134 300 287 157 211 139 142 278 146 383 336]
  [  0 246 217 188 122 198 155 142 118  69 289 227  59  33 166 119 255
   195  54 186 371 356 156 272 102 328 267  71 252 232 101 390 163  51
   232 135 149 298   3  16 166 124  51 291 308 314   0  12  64  43  85
    48 144 381 106 131  67 271 325  72  77 375  32 163 237 371 343 389
   169  12 347 338 167 332  68 124 135 177  49 121 229]
  [  0  87 339 226 357 236  85   2 182 124 239  31 323 186  72  19 211
   357 225  66  84  42 301 288 131 114 214 346  67 302 235  79 274  95
    37 349 335 309 140 387 265 274 188 141  24  52 101   0 151 192 195
   277  98 337  86  22  79 381  41  84  28 118 269 245  32 256  61 377
   156 161 318 215 311  16 282 208 242 316 268  71 221]
  [  0  27 222 163 382 264  87 284  33 358 102 286 109 251 156  72  14
   161 381  61 195 135  25 392 373  73 374 298 147   8  40 324 143 365
   316  75  15 373 388 191 236 350 270  85  14 375 335 382   0 250  52
    73 271 265  63 313 299 127  34 164 369 313 232  29 352  33 226 272
    37 293 371 137  75 384  17 350 236 301 107  97  60]
  [  0 148 277 357  16 161 116  20 220 212 147 390 166 296  70 342 373
   161  53 308 161 388 313 382 377 259 353 195 201 139 369 284 112 235
     9 246 376 119 256 151 331 204 295 362 153  20  30 203  98   0 376
    73 148 372 118 113 246  24 298 189 123 370   6 267 315  61 180 297
    59 143  23 306  74 290 282 369 269 207 355 224 384]
  [  0  64 351 193 118 367 376  75 209  21 277   3 170  22   2 391  81
   346  88 359 310 230 101 333 336 112 139  49   9 385 152 276 158 192
   318  50 256  47 232  73 342 105  30  62 203  90 139   8 201 238   0
   235 138  99 210  81 153 358 377  37 250  82  35 367 110 184  42 257
     5 326 162  45  82 123 317  36 100  19 214 370  37]
  [  0  24 114 174 207 320 377  15 257 231  66 264 156 132 363 385 345
   338  11 165  84 114 119  36 368   3 164 279 333 120 134 316 165 307
   151  58 375 272   6 163  10 318 241 107  25  75 359 146 192 371 348
     0  13 113 302 249 338  43 355  27 175 202 322 162  12 269   5 214
   117 212 245 299 234 144  26 260 319 156 204 230  49]
  [  0  83 213  83 344  54 207 386 263  62 298  58 269  48 101 329 192
   302 320 128   3  45 138 296 228 324  61  19 374   7 223  68 301 248
   270 326 313  69 117 199 168  94 218 193 321 153 334  65 205 181 157
    34   0 216 183 172 223  87 161 241 356 217 217 130 341  38  77  52
   348  12 144 257  48  20 225 352 194  79  37 137 127]
  [  0   4  11 298 132 307 312 360  32 331 352 239   7  88 150  12 115
   338 284 158  76  92  81 131 390 202 127 171 186  40 247   4 140 145
    29 354 294 225 374 378 286 347 343 307 341  80 217 171 270  49 349
   148 200   0 110 342 186 227 252 123 282 100 203 362 357  62  28 295
   321 275 253 125 345 144 206 282 340 116 153 236  69]
  [  0 211  55 201  40 279 218  66 203 209  43 313 130 373  87 308 225
    28 118  14 314 170 164 137 323  81 336 220 142 220 155 286 166 182
   139 292 231 177 117  26  39 135 306   0 121 224 365 154 177 358  77
   227 250 165   0 136   2 212 272 232 345  46  44 334 132 387   3 226
   146  16 242  20 164 340  57 336 332 173 345 272  97]
  [  0 312 355  75 217 198  61  73 379 356  65  56 230  62 354  30 383
   305  94 381 196 289 122 141  20 275 308  79  94 197  45 239 193 312
   288  22 200 288  62 341 112   6 163 220 222 130 126 269 226 274  93
   301 123  13 254   0  22 204 196 325 354 377 225 109 232 335 169  18
   133 134 247 309 358 107   0 279 247  31 161  24 187]
  [  0 205 144 311 285 100  52 305 276   6 241 374 386  86 389  80  24
   237 372  99 336 289  72 306  86 301 199 291 155 337 392 251  65  53
   367  82 302 257 309  98  97 234 120 329 317  74  74 327 190   0 267
   243  99  22 387 141   0  33 250 340 251  43 165  63 211 225  61  73
   221  20 142 112 282 330 305 124  55 334 369 214  50]
  [  0 241  24 223 178 135 196 213  62 324 126 297 233  37 357 183 168
    12 259  52 292 243 317 357 226 345   4 382 312 312 241 228 260 361
   130 139 176 177  98 363 387  16 280 368 155 386 179 209 325   7  37
   312 163 249 352   8 346   0 386 346 120 336 304 104 230 132 230 137
   363 374   2 170 238 110 203 272 157 104 353  51 160]
  [  0 202 152  10 375  61 318  36 274   5  46 275 118  11 293 368 323
   287 288 362  48  44 101 199  53 224 169 188 181 275 195 361  55 229
   308 171 262 373 312 373 379 183   8  27 370 186  27   2 265 356 322
   348 236 102 121  20 122 350   0 369 331 163  13 347 361 155 349 309
   219 291 370 136 252  64  29  22 189 264 161   2 304]
  [  0  26 127 155  75 218 142  88  59  60 389  31 341  35 378 356 203
   274  56 101  34 140  51 143 384 329  78 146  44 146  46 186 166  47
   292  56 148  86 361 173 307 314 333  68 203   1 216 168  45 115 303
   179 184 207 323  93 239 141  61   0 263 112 258 225 168  57 143 346
    25   1 368 203  48 107 153  24   4 144   4 244 169]
  [  0 272 232 243 304 295 360 309  96 181 187 386 150 110  78  90  83
   224 387 349 302 374 150 335 136 307 149  93 261 134  92 117  17 316
   280 345   5   3 181 141 153 389 108 380 334 272 133 325 300  60 195
   291 143  67 363 124 193 366 280 154   0  90 310 275  43 240 379 322
   237 298  35 227  85 293 191 118  93 274 274 166 229]
  [  0 137 374 291 155 235 253 235 376 377  90 211 188 184  86   0 340
   280 302 121 112  37 236  89  23 205  78 102 240 187 205 352 359 153
   312 373 141  12 153 295 317 292 314  32 276 305  10 321 207 264 290
   349 195 144 389 372 131 199  26  34 129   0 241 293  55 132 313  82
   266 341 373  41  11 244 209 391  69 369 138 273 346]
  [  0 379 318 344 156 366 194 321  81  58 376 307 165  71 132 381 164
   303   9  53 382 148 105  53 328 296 200  73  62  95 173 155  81  30
   156 362 383 292 235 163 323 110 232  73 293 209 304 199 246 295 364
   191 312 282 200 176   8 161  68 110  19 202   0 349 120 262  64  35
   325 193 250 148 112 136 211 198 108 372 193 218  14]
  [  0 325 140 282 152  88 200 388 216 338  20  57 145  93 351 117  41
    10 159 103 105   5 194 250 277 126 258  64 339  76 313 297 264 208
    36  74 277 294 369 239 283 308  88 105 284 381 118  65  73 109 289
   119 301 264 117  42  61  93 387 345  75 369  18   0  69 270 188 305
   245  80 372 364 337 331  31  65 361  21 143 326  60]
  [  0 315  29 280  80  63  85  90 152 307 215 181  23 357 353 175 294
   243 108  12  97 358 289 240  81 310  58 299 193  65 250  24 294  19
   258  69  78 311 102 290 312 122 178 290 219 173  45  55  59  39 174
   344 357  50 339 339 127 192 132 378 120 304 102 219   0  18 100 360
    46  38 222 339 359 115 279  50 136 246 321 235 141]
  [  0  90  88 233 288  45 360 201  78 106 265  19 122 188 150 246 346
    22 196  43 248 294 348 281 326 381  48  87 224 168 364  68 189 351
    84 188 221 210 327  34 380 128 340  15 370 342 153 167 260  50  85
   205 352  28 184 295 168 230   5  94  98 176  25 133 245   0  31 108
    54 337 339 337 261 345 336 260   5 149 218  86 320]
  [  0  66 247  99 348 108 102  19  31 176  98  57 267 302 170 150  27
   224  19 179  91  37 214 291 205 338 274 265 295 102 270 116 144  58
    36 364  31  85  94 382 118 252  88 288 104  76 176 369 339  28 264
   143 324 102  38  60 290  20 224 215 106 308  50   1 334 338   0 363
   140 220 120 300  29 353 221 220 319  51 235 242  79]
  [  0 206 391 187 339  29 284 374  75 349 342 242 378  80 230 349 184
   383 190 157 356 260 199  31 389  54 101  86 159   0 135 279  46 331
     4 133 358 336 260 134 180 158 111 141  70 263 219 166  89 173  69
    86 172 273 238 162 299  77  56 356 392 296 160 348 139 391 381   0
   215 363 298 340 135  85  62 184  99 245 323 129  43]
  [  0 313 162 258 345 166 163 286 258  42 115 331 223 140 353 331 307
   108 308 363 139 245 122  81 146 120  90  45  29 198 349  69  54 358
   341 224   8 376  37 213 109 370 273 192 325 334  87  56  35 185  48
   388 237  87 272 278 174  90 159 215 385 180  40 257 129 312   4 322
     0  99 251 294 391 133 377 159 174 263 342 318 295]
  [  0  45 387 350 305 175   9 341 176 182 345 250 350   7 132  10 209
   277 302 146 386 182 378 333 128 170 330 391 211 189 187 217  87 365
   339  82 329 111  89 194 382 365 350 326 184 383 138 287  86 203 265
   252 275 185 384 243 299 270  72 359 361 356 153 187 222  86 163 221
   222   0 352 136 391 208  89  27 382 255  30 237 269]
  [  0  17 300 328 293  88 369 235 355 256 321 206 238 346 349  74 118
     9 268  49 176 330 273 306 387  73 384  59 199 173 119 184 133 277
   193 176  33  92 177 258 274 230 240 226 103 379 225  19 209 216  94
   178  97  32 210   5 141  55 271 131  52 302 291  72 200  91  69 329
    45 303   0 283 161 353 312 133  19 255 383 135 356]
  [  0 154  72   0 316 309 146 203 342 149 166 142 182 266 127 292  40
   136 150  44 283 301 346 123 115 321 188 306 362 331 188 225  68 259
   392 190 298 340 316 195  38 201 120 329 189 361  58 392   5 175 180
    81  53  72  49 281 359  90 366  59  41   9  63 299 358 189 255 148
   127  63 379   0 239 103 248 177 340 125 123 287  78]
  [  0 235 237 287 192  78 318 104  63 309  95 107  64 226 236 185 262
   279 202 260 387 212 220 364  96  11 173   8 328  79 100 287  63 366
   377 102   7 382  32  53  19 184 206  70 381 252  24 103 301 352   3
   366 230 138  19   9 147 200  50 127  46 287 293 234 134 295 368 303
   342 272  72 289   0 123  42 258  87 209  48  20 148]
  [  0 283 331 240  50 140 225  56 133  74  96 171  27  99  61 193  64
    30 249   1 345  55   5  94 295 240 368  12 219 272 251 258 159 322
   187 383 388  34 250 264  51  24 186 360 143 158 178 125 288 254  77
   234 120 262   7 295 208 295  84 385 220 375  36  18 152 241  77 355
   268 256  33 339  30   0 320 321 121 159  61  75 338]
  [  0 266  27 210 176 340 276  69 388 139  82 246 176  30 328 188  74
   120 192  20 272  52  46 114 290 114 290 295  81 196  50 128  82 279
   244 178 205 219 350 206   6 372 351  72 159 265 212  13 293  80 254
   144  17 187 238 340 365 272 266 364 149  76 294 229  78 265  96 268
   167 207   0 205  19 218   0 277 162  55 234 331 155]
  [  0  55 389 271  33  20 236 268 135 247 118  92 265 206 330  92  75
   329  91 321  84 177 363  19 342  35 372 124 158 247  40 206 326 278
   285 183  54  82 284 347 130  27 338 223 298 298   1 126  93 185 356
    82 323 382  65  66 282 286  71 305 202 362 105  43 262  60 200  95
   391 165 316 191   2 104 389   0  55 366 211  44 381]
  [  0  51  44  67 268 275 158  19 310 381 357  37  38 123   0 156 271
   329 326 220 140  11 361 118 193 297 223  15 354 118 172 211 314 302
    59  22 138  70 134  18 125 144 146 235 348 343 360 273  53 145  29
   134 184 208 348 236 253 131 229 106 317  50 118 253 117  58 260 150
   348 392   3 109 332 308  30 222   0 365 110 217 264]
  [  0 215 359 301 230 215  27 200 263 225 143 158 376 249   9 392 328
   103   0 197 361 168 247 217 225  38 231 131 116 368  95 133  63   4
   309 269  25 110 164  61 183  91  76  57 380 165 128 189 351 122 164
    22 113 209  37 299 140   4  26 217  53   0 314   4 297 314   1 308
   139 220 100   5 296 119 307 258 173   0 274  16 200]
  [  0  92 327  66 314  24 201 383   8  47  30  35 234 350 233  60 308
   165 384  86 288 301  46 316 375 232 343 272 214 285   9 170 117 301
   105 121 385 309 183 191  35 306 380 135 328 225 179   9 392 229  14
     3  53 125 374 157 112 318 183 264 308 227 368 278 350 131 188 262
   204  44 352 128  74  41 365 286 363  11   0 217 292]
  [  0 346  44 268 137 373 276 326 251 155 153 103 298 250 239 246 223
   355 289 267 166 324 180 162  18 378  43  98  56  24 325 235 224 359
   138 331 202 192 213 272 103 338 242 236 306  36  66 138 156 300  98
   224 390 248 323 227 227 141 174 367  67 189  18 187  79 348   3  42
   294 356 226 383 207  63 276 231 307 368 308   0  51]
  [  0 333 171  54 292 281 321  29 200   8  82  61 385 386 195 286 342
    27 198 284 366 336 247 227 122 288 316 126 308 194   0 252  87 358
   352   3  65  17 264 373 119  66 375 119  12 186 198 188 280 342 126
   165 116 120  26 138 109 143 261 318 295  45 185 118 149  42 130 141
   149  95 187 323 366 379 132 313 127  70 221  50   0]]

 [[  0 298 221  20 290 361 286 382 380 139 313 343 363 243 339 186 353
   165 346 302 155 272 244  77 370 147 235 187  52 154 376 279 298 134
   310  36  66 229 239 375 150 391 319 175  40 179 257 275 159 116 262
    29 254 309 374  32 355   8  74 280 210 223 187  34 336 345 128  66
   337 263 254 370 335 140 215 219 379 261 249 125  34]
  [  0   0 213 260 222 326 345 167  63  15 328 323 101   8 299 110 290
   376  64 281  15 319 215  56 373 121 366 287 133  75 110 155 340 144
   372 264 348 348  32 301  96 118  85 236 118 356   6 224 288 257 131
   266 107 390 262 218  42  87 279 233 201 331 132 322 224  87 295 198
    90  57 309 111 229   7 337 111  89 326  84 294  58]
  [  0 391   0  83 112 171  10 358 254 196 371 287  35 302 329 294  83
   283 164 360 390 287  54 240   5 155   8 134  13 132 116 134 319 387
    80 132  33 382 293  88 239 239 252 318 121   1  26 257 341 143 214
    47 201 265  53 357 382   4  27 242 386 278  18 356 286 276 308  44
   358 241  91 223   8  42 215 342 363 114 309 309 318]
  [  0 223 272   0 151  27 149 309  74 342 104 136  87 235 122 267 230
   219  69 247 222  70 180  35  76  91 109 170 333 225 249  24   4 262
   281 331 129 222 198  76 124 235  55 157 211 269 308  11 134  87 322
   355 371 305  37 253 136 295 317 107  74 121 299 250  88 114 344 139
   349 138  58  46  98  14 231 319  93 225  97  19 156]
  [  0  90 238 272   0 225  48 236  58 223  26 147  95  22 327  89 156
     5 309 349 194 239 371 247 386 159  44  98 236 253 310 104 109 287
    38 163 351 308  89 252 352 386  76 110 220  11 284 292 319 126 111
   110   5 186 148 195 224 385  44 245 376 119 307 140 331 350 169 246
   381 386 147 248 383   0 117 210 215 330 329 153 161]
  [  0 155 308  83 162   0 122 392 374 155 102  72 245 137   4 102 163
   103 199 217 202 170 186 207 305 301 274 308 341 390  36 391 302 272
   211 102 106 111  56 294 378 235 318 100 201 391 107 390 277 351 344
   277 291 301  29 382 115  21 127 116 319  69  48 232  96  15 310 264
   266 191 140 106  71 132 286 199 376 323 199  33 105]
  [  0  98 304 163 284 126   0 388 312  50 109  17 333  75 315  78 113
    21 131  86 329 236 138 378 291 270 207 125 354 362 362 202 392 104
    81  68 221 267   0 140 232 380  35 256 224   8  88 328 317 114  19
    92 343  21  11  22 392 327 292 249   4 308 107 365 224 155 131 189
    66 161 228 210  90  75 221 248 286  55 386 176 216]
  [  0 221 187 191 180 238  28   0  93 126 160  83  69 182 322  15 135
    73 285 321  52 205  32 320 146 270 108  20 235   6  11 156  60 290
   185 296 125 335 265  91  41 166 290 172 309 262 297 293 362  89 173
   296 112 218 166 214 244 177 159  74 329 103 111 252 110 223 200 124
   105 173 180 164 249 331 225 211 228 208 218 307 293]
  [  0 224 287 280 366 208 202 144   0 321  95  33 306 124  21 384 294
   376 348 230  97 367 316   6  31 182  91 122 113   5  94 276 180 311
   271  82 218 205 216 249 339 129 234 200 374 280 206 320 204 351   6
    96 351 143 262  84 254  36 302 124 380 242  16 309 293 145 335 102
   317 224  73 151 302 353  73 207  81 291 367 225 152]
  [  0 117 321 338  28 309  44 229  40   0  18 124 228   2 151 150  59
    24 193 207 115 141 175 346 195 320  82 193 225 300 259  76  60 321
   392 221  32 267  45 374 119 175 124 315 300 328 115  50 169 185 391
   146 246  40 138 176 315 213 370 175 178 358 291 390 214 240 377 213
   174 165 332 110  94 188  70 146 347 229 112 354  19]
  [  0  19 358  54 386  62 166 163 272  39   0 289 241  79  54 155 156
    29 177 294 320  22 160  85 345 100 295  68 319 237  60 388  89  50
    14 125 187 146 105 234 253 180 388 146 200 280 284 315  11 349  97
   285 311 178 192 230 342 124   6  18 224 270 346 375 257  48 384 298
    85 101  51 251 330 111 336 162  76 375 222 128  98]
  [  0 301 118  98 113 298  89  27  70 138  39   0 289  72 105 112  20
   315 184 388 105 176  38  25 236  33 275 226 323 151 190 185  28 357
   378 363 225 332 315 270 321 213 206 150 254 321 133 232  18 337  88
    43  80  73  85 227  32 252  88  57  69 195   1 125   7  14 333 217
   181 150  28  38   7  26  24 286  16  27 100 286 387]
  [  0 245 271 121  47 291 327 256 303 238 208  21   0 113 215 204 392
   386 280  85  79 316  32  70  72 291  11  98 201 161 260  54 376  65
    67 212  47 268  30 346 325 164  62  74 191   3 282 360 349 259 159
   104 389 332  49  54 175 197  84  95 111 367  27 267 339 115 201 269
   286 331 294 245  57 207 337  41 340 246  40 295 354]
  [  0 287   1 240 305 249  16  89  99  98  51 374 155   0  66 376 158
   321  87 374 286 295 129  84 111  38 302 115  23 110  89 358  96 374
   334 334 229 367 287  26 279 311 211 207 279 173 391 313 372 250 118
   272 383  73 155  13 258 236 157 119 116 189 130 160 158  18 268 328
   124 202 250 352 303 379  89 224 138 226 111  41 166]
  [  0 221 139  41 172  99 305  92  74  98 287  94   0 215   0 326 147
   282 124  13 321 238 123 276   5  46 223 328 201 283 274 367  82 242
   134  48 256 178 131 216 158 137 335 248 222 118 160 367 209 149 190
   174 359 294 238 134 365 369  58  32   5 228 121 210 168 158  90 318
   280 180 261 127 198 101 279 133 156 309   1 127 128]
  [  0 165  46 304 112 344 262 316 199  44 134 165 346 238  95   0   2
   266 103 326 388 188 206  41   0 367 169  32 154 373 202  89  38 250
   374   5 345 280 241 145 190 151 318 117  31  86  13 225  75 298 287
   331 162  43 363  70 242 379 318 128 294 177 132 351  85 207 282 105
   184  16 213 326   8 312 188 289 125 148   1 171  72]
  [  0  21  44 333 372 227 278 381  33  81 306 129  20 225 310   2   0
   235 347 297  67  35  35  13 354 297  54  89 270  22 296 312 297 313
   368 356 174 158 275  28 148 109 209 303 212 283 276  30 310 122  18
   328 352 226   4  80 102 132  77 335 345  32  16 291   8 192  95   7
   352 289 213 269 124 359 137 103 348 215 125  27  26]
  [  0 184  21 276 112 336 152  45  65 377 149 231 137 249  43  77 133
     0  87 181 387 332 175  42 368 345 255 247  24 179 177 147 113 177
   263 361 135   3 257 132  72 370  18 356  73 335 161 251 279 115 175
   126 112 368 162 250 293  43 332  56 185 113 311 136 163 335  78 333
   166 262  59 298 375 159 271 348 390  75 153 313 207]
  [  0 209  94  59 120 296 284  11 130 198 204 305 271   5  94  91 236
   204   0 332 192 238   1 228 290  53  48 113  10 186 174 145  21  24
   161 121 115 217 202 335 309 184  33 279 367 186  15 107 313  75 371
   195 247 146  63 373 236 386 250 102 180 348 334 276  59 202  24 182
    15 334  39 264 325 317 271 248 123 140  11 129 219]
  [  0  28 382 141  20 318 242 356 305 181 321 190 263 211  56 218  87
   169 309   0  75 242 161 316 225 371 196 313 347 174 292 228 266 392
   302 145 231 132  66 314 117 138 366  62 122 335  31  92 302 217 316
   178  17 388 204 336 284 207  23 127 232 300 200  43 273 111  44  41
    14 354  53 391 302 301 348  98 197 191 195  70 269]
  [  0 144 252 386  94  91 158 179  87  66  76 195 162 370  66  35 342
   161 300 203   0 222 144  29 317 237  71 149 137  47 281  45 325  29
   233  95 228  80 149 251 308 243 337  67 211 108 363 209 104 371 342
    36 253  22 251  11 176  33 288  39  84 132 159 305 231 138 300 139
    56  98 112 187  53 285  38  37  15 209 354  80 282]
  [  0  24 167  32 188  64 354 120 282  90  78 165  46  86  33 331 359
   385 318 340  23   0 207 335 102  67 324  17 353 279 159 313 100 172
     5  53 113 291 392 168 317 129  84  17 131 323  79 261 158  99 317
   223 343 100 374 177 254 118 171 284  24  26 120 372 370 126  81 365
    84 145  93 162 282 257  55 204  63 110 274 258 137]
  [  0   5 365 339 367 214 221  76 115  33 199 340 101 215 158 148 385
   213 284 100  66 207   0  81 204 176 146 218 344 381 304 128  50 111
   304  10 126 261   1 167 356 215  91 282 356  88 248 271 245 199  88
   248  60 207  59 175 348  40 221 230   8 110 375 273 212 274  91  39
   244 273 298 306 381 194 370 288  17 226 342  43 305]
  [  0 391  30  47  68 244 275 299  76 107 330   3  29 317 101 248 293
    85  59 282  91  40 375   0  48 133  65 376 190  55 274 378 370 337
   340 124 227 181 232 129 386 122  94  58 143 147 341  47 219  72 287
   209  11 106  80  47 101 350 264 274 258 136 229 309 370 340 189 152
   263  14 288  14 257 225  71 115  34  79 334 383 346]
  [  0 230 313 292 260 345 270 385 304  72 370 189 172 248 386 389  98
   296  81 139 385 282  45 289   0  79  31 214 183 213 200 211 243 172
   388 114  28 365 343 147 387 376 210  45 245 116 184 313 373  77 116
    92  90 316   1 259 301 268  92  87  24 375 160 111 320 251 128 339
    41 203 177 388 195 347 341 352  98  51 165 193 124]
  [  0 225 327 299  88 387 103  97 301 207  11  39 253 265 355 211  74
   301 161 216  11 316 299 232 139   0  58  27 340 383 273 346 113 360
   110 169  23 365 106 387  51 309 289 358 175 225 193  93 223 253 341
   117 374 370 157  51  23  21 228  58 357  67 128 129 180 240  93 147
   278 319 347 361 345 215 159 366  34  66 330 223 185]
  [  0 351 201 316 299  70 168 391 278 227 237 187 201 161 137 254 305
    50 346 339 268  45  91 188   2 132   0 284  68 376 154 297  21  86
   263 221  48 295 201 173  53  34 145 264 268 230  32  46 156 328  96
   217 137  68 310 392   1 147 276 157 241 235 124   8 361 253  57 378
   144  55 123 229 312  65 276 114 220  88  61 175 205]
  [  0 177  69 360  25 373 108  56 332 131  22 165 229 137 236 142  94
   134  87  46  17 167 287 178  94 336 257   0 122 122 232 130 103 341
   169 100 120 334 272  81 319 208 301 302 212  37 259 212 220 234 342
   347 307 201 269 196 100 255 347  76 377 243 229 151 314   6 365 128
   136  29 371  96 172 294 120 188  47  76  44 369 187]
  [  0   7 330  61 236 236 249 298 139 315 137 133  39 153 346 238 114
    48  40 374 204 258  32  64  17  96 217  72   0 170 239 141  31 197
   331 278 274  99 129 151 246  14  31 359 156 222  23  38 203 329 127
    25  52   1 357  20 255 159 220 347 215  13  86  77 156 335 291 314
   136 202  50 279  28 292 341 239 236 310  87 295 275]
  [  0 119 130 347 150  59 297 207 180 245 278 136   4 314 276 184 368
   269  85 285 159 290 388 122 333 327 309 351 204   0 142  86 249 343
    67 133 154 337 128 391  14  54 232  39 162 349 357 337   4 265 376
    45 265 353  28 347 175 145 298  25 174  62 104 177 121  24 386  29
    59 371 287  18 354 344 389 176 281 300 363 188  24]
  [  0 226 150 220 178 341 308  51  96 367 288 167 152 352 226  99  39
   289 116 250 390 119 319 207 192  30 339 295 381 104   0 271 317 220
   374 276 236 135 352 213 361 102 337  51  73  52 147 160  15 275 241
   185 377 111 274 319  82  41 164  33 274 276 147 339 278 311 392 391
   222 251 179 391 307 328 133  99 340 126 121 319  99]
  [  0   0 214 349 375 136 302  46  81  26 281 119 217 338  22 348 341
    61 248 246 237 145  54 103 356 174 386 253 297 243 324   0 112 202
   118  97  20 353 138 161  90 196 217 257  97  33 361 150 346 336 321
   225 149 290 108 237 306  99 360 281 193  22  70 383 381 310 103  91
   382 188 212 153 175 200  92 329 388 100 202  39  35]
  [  0 251 267 225  89  14 249 267 312 286 145 366 251 252  99 322  22
   151 365 304 350 319 282 156 230 267  48 191 292 213 327 219   0 168
   336  93  21  64 304 388 234 157 157 132  99 235 156 375 248 227 117
   140 298  89 165  20 377 187 328  66 175 203 237  87 315 369   6 317
   371  91 135 232 161  65 189 276  64 278  84 111 354]
  [  0 121 115 148  29 265  70  56 353 254 277 313 262 345 326 258 103
   109 123  44 190 264  16 124 333 181 235 304  36  48 336  85 333   0
   212  82 313 151 255 176  35 368 378 357 300  36  11 314 156 168  90
   270 143 314 263 135 252 227 294 141 139 377  65  17 282 256 343 211
   268 259  40 340 143 317  68   3 230 223 239   3  49]
  [  0 160 366  33 314  80 195 255 197 127 379   4 273 162 169 147 317
    29 245 177  69 357 158   6 245 175  74  39 332 335 348 217 366 209
     0 169 235 121 359 151 287 130  38   7 355 338 348 383 204 147 288
    24 300 211  13 157  77 292  82 335 299 138 259 119  48 274 307 143
   229 204 280 312 385 181 113 282 278 318 383 258 195]
  [  0 315 291 389 306 112 356 149 212 316 280  91  53 245 230 293 258
   239 207 363  77 285  86 234  84 233 184  30 336 104 157 244 375 312
    80   0 283 363  28 215  24  32  55 275 127 182 169 139 158  50 330
   321 292 146 283  42   7  23 380 313  17  19 218 171 246   7 189 110
   259 352 158 377  67 283  90 260 322  39 334 330 180]
  [  0 327  28 347 273 283 161 275 178 340 372 252  73 234  36 250 291
   222 229 233 286 104  33 157 121 119 127  44 373 359 339  53  87 362
   361 123   0  59 220  13  26 139 391 332 113 300 378 194 110 330 273
   296  46 315  12 365  55  44 162 155 373  47  24 220 371 208 209  14
    59 215 292 278 239 276 271 360 110 285  37 280 187]
  [  0 235  27 287 327 358 116 116 202 123 108 164 231  42 216 201 225
   361 346 250 228  32  20 216 139 112 361  44 383 211 320  68 257 354
   340  72  73   0 150 247 132 383 350 352  46 230 315  97 388   7 103
   193 158 320 294  15 263 378 174 127  59 271  48   5 221 266 184 384
   200 308 386 189  33 363 364 239  18  98 370 230 133]
  [  0  65 366 247  16   2  41  42 265 273 196 297 257 124 324 341 330
   191  42  81  95  70   8 247  85 244  63 179  36  88  46 139  48 164
   188 331  25 327   0  70  65 115 105 115 310 299 355 144 203 386 392
   160 234 261 103 329 216 337 103 166  93 368 319  64 362 353 325  51
    54  18  26 188 251  32 175 179 389 134  49  56 313]
  [  0 220 354 134 256 172 137   5 251  58 383 258  25  76 339 144 280
   261 154  63 114 185 166 329  75 302 298 346 322 108  17  69 177 186
   274  36 207 165 361   0  67 184 321  63 203 206 186  84  83  82 128
   149 335 257  56 189 134 162  65  66 185  49 308 388 271 268 169  83
   252 182 290 300 389 270 264 286 276 130 107 182 139]
  [  0 234  46  45 204  96  76 159 316 218 204 138 183 300 276 107 212
   332 286  52 367 339  24 207 282 296 341 292  29  41  44 203  44 211
    24 293  14 152 160 377   0  41 193 347  30 353 386  23 339 374  90
   138 296 115 235 179 313  69 125 312 236 382 286 368 342  40  92 367
   119  75 195 163  19 242 285  64 102 110 234  80 174]
  [  0 199 299 332 259 123 246 145 313 151 166 221 105 195 345 362 284
   110  26 263 344 182 274 151 289 202 109  43 210 134 244 346  48  11
   164   8 373 240 349  77   2   0 337 335  28 367 335  72 227 237  13
   239 254 339 367 217 239  19 316  37 345 257 162  94 335 242 101 202
   231  44 392 234  45 206  91 304 142 368   2 140  78]
  [  0 215 131 249 376  89 197 176 323 198  10  16  46 203 383 247 284
    43 149 180 215 278 147  55  38 231 354 246  34 332  47   6 276 101
   295 318 367 379 380 127 276 216   0 166  19 371 138 300 342 113 147
    41 235 105 320 191  83 263 123 313 123 111 252  27 352 109 121  88
   203 199 146 140 269 357 303 152  28 174  78 260 155]
  [  0  22  37 160 265 154  26 258 184  30 299 146 162  77 118 384  92
   373 211 381 256 316 361  65   6  42 305  40 182 251 153  41 251  24
    62 176 123 351 240 339  69 387  53   0 188 236 267 312  22 255 300
    34  56 169 248 243 100 144 374  99 249 367 141 166 309  83 271 322
   266 312 174 241 119 227 171  76 176  60 284 195  85]
  [  0 280 194 337 367 130 369 219 268 312 191  29 119 262  91 121 146
     1  67 255 289 384 302 119 289 379 343 391 347 179 103 113 354 381
   149 317  55  60 344 141  49 378 187 327   0 158 219 355 313 367 120
   197 171 249 236 253  90 220 340 281  76  72 125   4 321 140 291 133
   366  78 263 335 142 359 163  81 103 334   0 281  98]
  [  0   5 339 137 113 387 306 290 189  47 136 242 106 208 139  50 300
   126  86  61  51 273 244 208  71 152 206 237 196 347  82 100 115  32
    12 193 311 361  11 164 371 316 335 205   2   0 310 162 365 249  39
   379 288 355  12 291 372  11  44 218 227 213 312 369 136 163 176 180
   214 217 105 175 210  59 240 150 162 113 330 112 211]
  [  0 273  59 321 134  21 341 389 147  98 113 186 122 316 247  79 168
    25  79 247  97 249 383 211 233 348 138 281 341 260 202 255 250 210
    63 233  87 320  59 160  41 358  12 220 112 103   0  20 361 320 383
   123 241 358 300 390 364 162 160 199 116 174 303 247 382 377 235 369
   123 197 261 103 199 199 195  13 133   9  67 380  74]
  [  0  94 214 144 114 349 181  46  58 221 219 162 147  13  48 199 223
    27 342 130  11 126  32   9  77 132 243  69  14 224 258 165 391 171
   188 316 284 329 146 179 124  15 165 192  24 114 271   0 366 312  38
   116  75 116 358 128 106  28 217 184 346  10 330 271 297  31 328   3
     1 162 250  62  49 353 138 259 321 369 104 251 211]
  [  0 238 197  22 164 304 112 294  32 167 213   6 277 201 102 202 392
   337  22  91 243 343 237 198 169  68 172  20 321  67 211 141  31 101
   205  41 246 346 278 134 237  17 322 251 233  61 187 245   0 389 294
   128 373 256 130 297 251 270   4 379 146 292 294 120 226 229  63 171
   190 167 138 229 114 387   3  52 354 158 353 271   4]
  [  0 228 341 105  66 193 352  21 300  85 239  26  16 192 355 305 374
   296 347 216  33 160 288 216 166 364 205  21  11  17  62 156 147  50
   349 110 382 139 349  68 164 344   7  44 173  75 193 115   4   0  81
    61  75 327 301  52 154 296 154  66  42 286  28  58 276 188  55 309
   275 382 145  86 217 364  83 177   7 331 356  69 247]
  [  0 247 323 171 340 320 200 332 330 250 321 243 356   1 223 367 338
   138 356 383 282 269 286 381 287  70 276 378  70 363 319 128 351 182
   183 388 167 160 365  45 297 344 128 291 243 113  82 215 307 341   0
   378 117 110 279  34 139 159 378 228  85  73  19 311 255 199 174 359
   154 380 331 308 261  92 351 372 350 188 285 343  16]
  [  0 200 128 205 175 171 335 188 122  33  49 186 187 204 218 293 150
   271 153 241 168 316  37   2 335 252   5 127 150 129 230 101 391  19
    66 299 154 286 107 178 136 140 385 123 109 237 122  97 369 131 357
     0 263 338  46 117 275  76  99 227 324 263  85 138 177  95 254 323
   130 241  64   2 350 283 198 182 256 366 309 137 339]
  [  0 300 175 279 311 365 133  40 148 190  73 359 369 364  88 131 198
   320 128 215  15  45 183 240 150  98 151 125 111 245 222  42  81 260
   256 356 365 379 204 289  78 313 228 316 352 254 235  33 257 246 246
   348   0 136 117 207 224 253 208 183 167 343  75 356 277 225  40 363
   272 363 107 370 249 249 240  16 341 316 130 391 286]
  [  0 173 110 245 345 320  40  64 284 314 217 255  42  24 321  78  34
    91 258  24 346 147 368 219 265  79 238 104 276  83  52 179  84 258
   373  21 225 365  90 380  23 100 326 283 378  29 157  88 223 261 339
    55  27   0 324 276  42 361  29 386 366 291 356 345 326 296 358 159
   104 319  69 217 317  27 189 101  98  57  75 330 120]
  [  0 350 232 229  35 131 181 351   5 288 200 130 197  35 259  23 101
   152 254  30 284 259 288 312 334 340 259 119 381 106 114 299  91  20
   365 291 119  58 169 322 388  48 178 297  89 188  57 293 261 196 131
   259 391 115   0  77 377  60  37  55 205 242 113 290 150 178  27 334
   200 131 328  23 293 359 334 273 316 321 387 208 229]
  [  0 205  56  28 369 168 198 275 346 307 298 392 231 172  21  61  41
     1 295  33  77 236  36  63 323  22  42 256 309 135  66 127 248 231
   315 101 139  55  49 374 357  38 378 249  18 194 242  54 114  83  32
    22 179 168  86   0 266 298  50  88 105 336 272 343 259  77 276 180
    55 325  97  96 342 255  29  47 271  73 303 210 368]
  [  0 149 269 233 354  85 388 281   3 159 236  23  61  58 197  34 171
   360 286 227  50  49  52 195 219 378  43 164  49 221 170 272 331 372
    51 148 325 256  68 139 344 358 248  17 330 220  80 210 308 241 173
   231 188 375 327 390   0 226 208 366 199 136 232  55   7 128 326 371
    59  95 336 131 123 332  47 230   0 271 328 314  85]
  [  0  48 384  58  77 109 244 239 213 147  87 376 368 376  18  48 385
   360 322 209 202 101 240 107  99 215 146 324 162 137  55  88 285 214
   389 166 142 147 236 383 314 215 332 348  94 378 212 364 105  75 291
   385 161 177 173   2 186   0 249 328  55 122 140 283 124 106 293  27
     0 109 356 144 193 231 297   3 379  23 231  26  97]
  [  0 145   9 335 215 101 241 162 221 378 217  13  93  84  50 303  38
    48  15 292 270  89 136  18 297  13 188 339 224 280  20 227  99  62
   264 143 353 247  21  61  89 324 242 137  44 275   6 224 302 299 382
   116 126 109 220  36 156 373   0 330 208  22 147 156  73 214 215 381
     9 189 184 384 169 383 370  46 294  73 100 304 339]
  [  0 351 293 146 150  72  85  28  16 185  82  84  72 322 180 295 165
   354 356 234   6 175  60 337 338 272 317  30  28 202 142  68 283  23
   285 183 274 309  32 142 364 241 305 251 388 197 315  65 170 186 115
   181 300   0 268  56 253  20 374   0 102 152 385 379 129 350 126  61
   234 221  39  55 262 207 169 181  88 176 123 229 383]
  [  0 386 357 172 218 110 376 244 172 286 367 195 330 328 244 286 287
   191 353 166 104 282 107 340 202 306 118  21 332 110 258 344 342 129
   233 160 173  57 270 193 188 110 231 244  77 239  22 319 367 173 240
    61 289 221 108  32 315 348 387 239   0  94 210 247 245 376 193 119
   110 216  52 220  96  55  37 359 376 312 246 272  38]
  [  0 370 305 173 272  57  46 192 159 226 291 148  62 116 245 318 134
   106  24 323 361 283 303 371  62  47 186 165 188 370 160 258  91 214
   299 250 152 293 217 369 362 146 268  72 380 270  60 155  76 167  88
   164 122 230 290  40 294   3 306 213 282   0 303 215  19 367  57 330
   310 384  29 233 143 295  17 359  97  56 209  42 112]
  [  0  63 371 381 371 209 342 288 155 237  51 187 324 202 209 126 138
   198 156 265 299 314 211  74  61 330 177  43 384 245 377 382   4 161
   365 380  95 200 109 180 239 201  71 283 186 233 379 337 303 205 241
    91  50 259 231 125 327  60 117 145 300 324   0  18 308 217   9 266
   131 294 200 196 193 377 194 364 107 318  80  94 201]
  [  0  66 261 174 384  53 276  76 264 367 167 356 287 307 147 269 308
   210 341 168 378 320 122  78 353 143 125  31  16 296 315  92 167  22
   246 325 330 238 200  80  91 313 194   2 135 318 120  44 102 115 166
    68 154 111 380  37 153 220 170 319 388  99  10   0 212  74 104 254
   362 229  77 215 225 366  98 149 258 273 139 384 198]
  [  0 220 305  42  28 278 333 197 355 122 227 332 114 108  15 182 318
   137  90  13 363 333 279 224 212  96  47 154  42 100 240 308 182  27
   128 306 245 292 275  16 176 268 162  28  87 374 289 298 246  73 301
   241 134  48  22 372 265  17  81 312 353 360 161  49   0 125 153 153
   260 138 241 275 313 347 358 219  57 233  90 181 227]
  [  0 244 112 139 364 347 208 134 275 305 203  60 276 172 319  36 167
   204 375 109 135  34 286 332   2 168 163 186 114  10 122 341 254 207
    55  76 342 255 192 110 114  63  11 134 267 371 215   1  69 100 378
   129 235  91 341 151 387 193 169 298 218 229 218  48  16   0 290 215
   144 376 383 186  25  44 168 112 331 121 306 301 119]
  [  0  33  86 379 336 213 256 291  80 324 170 384 104 296 188 288 109
   383 111  94 338 269 315 104 163  33  30 277 214 161 189  26  74 167
   176 315 111 138 231 190 225  66 375 105 247 184  87 387 154 367 132
    88  57  21 181  51  50 326 207  36  63 313 153  18 219 278   0 391
   307 294  94 278 200 378  41 200 208 329 129 267  17]
  [  0 231  16 384  95  73 278 243 248  60 334  59  27 262 317 224  65
    29 390  88  16 106  35 137 380 235  34  80 279  86 289 298  47 223
   113 283 388 264 341 160 133 315 330  85 155 106 150  84 114 111 339
   229 202 213 358 121  65 258 181 118 174 169 374 255  17 327 239   0
    95 277 107 276  77 141  54 109  46  50 261 262  14]
  [  0 245  50 385 126 321 330 105  99 376 212 379  18 302  96 263  67
   136 119  57 361 122 202 167  23  26  51 151 344 281 100  25  59 210
   278  24 339 351 212 378 335 207 209 152 380 250 358 214 199 262 116
    94 368 217 217 285  20 237 338 191 330 204 324 161 347 252 148 126
     0  74 271 201  85 253 327 211 284  88 149 301 109]
  [  0 273 127  46 173  33 107 334 164 209 261 161  27 116  19 141  81
   344 197  91 275  41 208 343 165 338 306  37  14 304 272 392 112 230
   113 265 378 146  21 313 293 380  17 177 372 322 303   7 164 338  83
   257 306  80  89 229   9  23 256 361 338 327  96 275 103 378 294 212
    47   0 124 347 316 385 334 165 298 179 370 105 125]
  [  0  86 205 370 276 147 175 157 114  99  65 333 107 390 138 378  89
   304 306 286  15  98 344 240 259  49  15  79  94 313 212  16  49 185
    86  67 172 146  20 193 378 175 201 199 230 243 144 235 277 197 130
   353 142 332  73  83 102 330 235   6 247  81 283 311 318  73 210  33
   308 275   0 229 165  76 241  79 385 236 142 192 362]
  [  0 110 135 286  75 349 112   6 145 295  12  78 236 190  60 126  36
    15  96 300  16  90 183 189 181 141 281 353 306 104 106 158  77 280
   202 149 310 300 290 109 330 105 148 192 200 258 107 147 177 234  20
   188 196 185 137 115 255  41 164 315  78 299 230 133 161 340 385 256
   322 315 303   0  48 322  85  28 114 220  10 359 241]
  [  0 226 228  33 339 179 313  31 363 161 386 386  39 148 123  63 149
    33 122 111 193 353  91 118 193 134 286  12 170 259  92 328 143 104
   220 164 256 163 143 335 303  31 308 362 212 106 313 324 349   2 213
   156 173  17  26 368  23 170 249 359 177 159  48 245 350  77 137 335
    87 195  90 171   0 373  26 266 163 366   9 222 343]
  [  0 165  60 203 130 365  32 238 152 116 283 266 262  45 337 368 106
   221 295  67 311  28   6  80 309 282   1 243 181  99   9 142 175 366
   284 219  12 208 245 214 327 143 371 165 186  55 364 223 169   2 196
    84 109 364 363 250 369 193 335 102 147 145 191  90 164  65 349 313
   258 379 298 261  36   0 241 375 245  39 204 256 224]
  [  0 172 378 344 267  21 345 313 230 241  51 179 221  49 364 173 266
    71 274  54 359   4 134 359 224 107 353 374 133 273 182 235 357 120
   127 141 124 197 169 149 353 339 176  39  57 227 293  35 165 277 129
     8  38  34 250  19 300 238 325 116 298 177 257  26 380 121 268  66
   346 264 319 263 369  90   0 248 264 339 209 343 372]
  [  0 220 304  19 356 247 209  19  25  79 347  32 223 362 122 157   3
   279  94 216  62 216 237 280  80  67  70  96  13 298  62  34 364 227
   342 135 214 151 159 260 106  37 224 184 199 282 173 231  89 374 238
    64  75 304 355 213  43  60 181  40 151   8  17 360 274 142 335 283
   253 280  88 275 182 171 347   0 348  49 248  70  56]
  [  0 233  73 207 153 150 390 167 263 130 236 193 238  34 156 194 223
   251 348 345 151  39 320  60 180 312  44   7 390  33 284 234 154  30
   213 289 207 320  50  33 212 321  26 224 187 308 232 302 321 326 301
   250 141 155  87 344 269  10  86 204 391 307 276 144 200 338 232 331
   218  89 327  28 185 119 154 150   0 299 358 348 153]
  [  0 207   1 104 378 320  86 331 119 211  43 169  85 369 248  92 262
    10 315 238  31 209 232 266 381  69 145 340  37  44 209 321  83  94
   125 126  74 321 301 260 218 387 358 282 150  69  26 122 143 347 384
    96  87  54  38 120 222 201 321 117 115 143  78 390 140 198 187  69
    31  51 207 320 239 143 257 254 279   0  21 289 333]
  [  0  35 258 349 342  26 120 348 224 122 194 325 117 306  96 283 249
   376 339  36 335 122 180 159  15  74 387  44 364 333  27 280  43 263
   111 311 322 370 386  23  32 370 172 151 295  50 358 156   6 348 118
   131 193 146 103 156 316 352 154 112 196  73  20 174 167  95 183 370
   150 221 142 322  45  86  20 280 388  23   0 107 201]
  [  0 305   8 137 362  15 321  91 139 357 277  27  33 267 229 137  32
   200 305 123 108 192 389 167 202  38  18 275 349  16 142 206  87 311
   208 344 381 189 382 216 190 378 293 335 183  62 192  45  81 281 326
   144 196  66 286 148 160 232 156 330 231 298  64 385  55 201 217 355
   283 296 224 329 327 218 108 148 285  90  27   0 273]
  [  0 145 300 340  82 238  94 190 318 163  45 262  94 145 340 131 285
   371 361  84 209 184 334 328  24 233 199 103   4 291 378 134 264 357
   255 381 390 359 339 381 162  63 344 117  87 277 216 203 211  74 220
   303 262 141  47 377 202  69 339 152 348 245 344 344 362 145 384 152
   164 319  15 329 183 318 202 358  83 380 204 388   0]]

 [[  0 108 227  50   1 240 385  55 272 141 302  77 385 374 115  65 341
   235 337  67  81 220 328 322 318 170  73 308  10 321 102 370 336  68
    64  87 259 211 261 347  27 115 163 351 305  55  95 390 220 145 119
   251 357 177 340 292 110 267 226 378 276 110 309 184 200 349 298 175
   173 381  95 224 257 358  97  68  77  35 118 101 127]
  [  0   0 335 350  50 153 207 260 372 346 107  88 279 305  80 130  89
   371 157 198 181 264 167   2 325  53 350 100 290 147 235 224  98 314
    20  90 318 100 100 156 140 335  94 292 171  49 190 263  29  73 132
    98  87 136 171 116 226  34  20 178 132  60 337  74 342 183 337  17
    22 250 108 219 217 316 182 257 167 142 376 187 313]
  [  0 328   0 173 285 133 113  33 135  99 177  37 247 225 383  36 190
    75  62 251  56 293 376 286 204  29 192  69 235  68 342 351  27 364
   142 259 292 105 313 240  56 353 105 174 155 352 232 261  64 246 319
    67  94 157 326  74 251 110 212 324 149 227 118 151 316 359 209  66
     4  86  93 200  56  12 157  20 112 374 106 272  33]
  [  0 321 138   0 283   8 337  57 175  66 390 293 240 290   8 161 224
   270 148 382  66 209 192 379 124 230 247 141 264 222   5 104 172 120
   224 114 251 350 353 291 155  28 103  40  23 119 346 266 103 249 314
   261 279  89 263 124 137  18 368   4 306 178  45 218 302 296 233 216
    84 102  48  47 364 232 273 149 366  43 171 100  60]
  [  0  84 386  67   0 110 123 225 161 336   9 125  32   8 222 103 193
   224  20 236  71  92 271  68 326 177 320 369 107 136  13  32 227 169
   299 101 153 228  49 357 361   8  86 388   3  21 212 251 225 359 295
   386 155 350 201 179  50 209 208 156 385 224 187  50 122 244 113 345
   301 258 128  81  83 242 143 333   4  79 334 136  62]
  [  0 182 315 320 185   0 251 138 142 371  57  27 148 292 195 253 310
   266 261 202 137 268 180 273 248 268 259  29 204 198 249 254  91 210
   319  74 145 282 364 392 196 120 222  11 120 300 234 292 162 293 129
   198 375  44 130 179  99 350 189   5 327 113 371 190 328 126  64 114
    91 166 362 132  45  48  98 205 319 184 111 360 372]
  [  0 339  44 212 136  94   0 206 152 353  80 242 161  88  54 191 204
   239 212 290  35  95   5 124 135 181 142 171 281 371  18 218 181  84
   159  34  53 285 294 381  54 101 260 239 115 281 318 187   9 288 328
   173 168 303 228  15 169 358  11 267  13 186 284  22 266 360 110 203
   210  36 318 347 132  94 257  58 172   5 293 268 354]
  [  0  11 227 332 165 230 328   0 357 168 383 227  33  59 190 219 270
   123 229 311 349 332 202 305 386 174  71  59 354  26 180 391 263 262
   203 131 209  31 317 368 335 368 389 384 215  49  97  78  91   0  64
   102  57 332 308 375 302  37 235 116 272 186 372  37 241 224 152 168
   333 206   9 245 123 209 168 326 220 386 268 380  46]
  [  0 281 265  70 110 112 150 182   0 355 130 377  19  51 321 159   4
   276 309 330  18 295 170 262  89 352 108 314 265 250 332 110 223 334
   124 108 148 219  88 140  78 177 132 340 252 198 118 201 345  17  26
   316 383  45  98 331 132 255 312 361  26 205 291 201 316 208 355 201
    86 238 301   9 338 314  35 292 267 141 273 366  60]
  [  0  45 137 378 181  16   9 291 168   0 234 378 323 343 110   7 228
    67  41 283 375 181 360 157 376 350 190 220 174  83 231  40 212 284
   231 158 381  21  24  63  73 368 245 167 109 352 336  39 225 350 213
    28 176 113 239  49 138 343 217  58 240 152 102 258 198  72 298  17
   267  13 205 330 100 171 106  79 167 232 263  24 233]
  [  0 379  55 272 392 122 128 327 362 206   0  69 224 123 190  48 242
   356 348 223  55 351 331  30 115 155 124  91  97 109 121 247 273  91
   364 101  69 316 111 190 387 317 211 300   7 291 269 345 197  81 206
   159  93 114 381 306 204 196 159 133 372 368  52 348 223 104 311 359
   381 368 134  44 337  30 160 339 208 363 105   8  94]
  [  0 257 311 314 325 297 140 368 373  32 215   0 248 264  84   9 296
    59  17 225 301 111 232 136 250  92 147 142  91  53 208 281 186 266
   308 308 277 282 329 181 134 370 323 390 200  26 346 222 159   9 286
   268 144 205 360 310 149   3 177 254 221 342 118 184 234  21 270 257
   208 379 198  40 277 220  99 339 196 247 143 303 218]
  [  0  28 160 391 188  30 236 346 383 193 257  83   0  71 241  79 257
   253 269 178  79 373  48  13 221 282 263  50 320  18  44  60  74 389
   325 173 213 331 279 304 194 383 114 366 366 338 139   3 344 189  91
   232 330 339 165 386 109 217 156  78 249 190 241  55 171 202 282 191
    21  42 108  87 245 203 113 220  92 278 232 144  23]
  [  0   4  94 148 117 371 373 273 353  53  29 107 197   0 181  72  22
   372 315 113 315  50 175 361 178 315 258 202 160  66  45 215 283 224
   252  24  83 163 234  83 343  55  39 156  33  48 269  36 333 390 249
   350 174 244 265 336 191  47 186 291 365 258   6  26   4 246 162  20
   111  97 216 258 331 206 280 343 243 315 336 178  80]
  [  0 141 291 130 137 178 211 261 148  59 308  11 304  83   0 147 199
    41  40 116  46 384  99 151 387 359 319 270 174 117 382 264 358   5
   172  85 179 371  40 288  39 245  50 306  61 214  12 356 214 326 201
   219 153 346  70 199 231 377 306 228  82  20  32 234 185 169 122 255
    47  44 307 119 204 282 344 229 109  92 159  49 185]
  [  0  39 375 231 104 365 132 177 195  40 187   2 131  76 121   0  53
   203  40 219 133  47 140 385  80 332 273 196 370 239 259  19  46  34
   285 286 367 162  26 142 233 296  50 390 240 369 113 343 132 149  83
   346 183  55   4 217 365 138 284 143 138 391  66 139 141  66 198  62
   390 347 137 356 121 334 333 354 220 142 342 109 137]
  [  0 121 353  75 232  62 182 348 387  96 269 271  48 240 257   6   0
    44  49 251 134 163 130 218 188 176 249 163 277  81 117 305 101 125
   110 323  83 148 224 308 100 267 342 339 274 186 325 213  17 129 259
   213 349 302 260  51 358  68  54 149  59 253 203 197  73 367 178 364
   254 161  73 212 256 293 352 230 113   4 216 349 354]
  [  0 179  75 348 309 377 374 182 256 223 257 203 317 198 107  84 189
     0  19 165 104 224 156 388  82 350 385 354 351 160 309 203 158 297
    48 224 206 191 147   4  83 152 109  33 213 299  38 261 114 215 338
   109  87 290  19 278   2  51 282  11 287 232  79 349 242 385   6 180
   285  10 115 143 164  88 202 311 117 264 311  65 230]
  [  0  51 317 362 382 165 281 249 367 246 121  68 126 113  59 100 193
   142   0 291 128 130 233 344 364  94 262 117 335  20 359  74 158 215
   163 152 272 148 118  91 114 188  23 336 195 295  27  94 223   3 356
    11  58 248 356  46 248 246 266 303 136 292 300 309  93  95 239 327
    10 197 270 351 232 299 114  14 150 250   0 181 150]
  [  0 381  13 287  72 141 188  96 120 206 145 347 165 247 320  61 315
   188 127   0  79  71 191 252 361 342 104 321 349  72 126 174  26 201
   313 166 171 125 379 330  93 327 324 219  48 138 100 239 242   8 380
    53 378 312 115  18 144 273 388 166 179  21 159 258 149 192 179  83
   330  34 326  68 337 253 358 279 274 310 272  30  52]
  [  0 113 304  65 205 290  85 269 244 113 131 235 252 320 356 310 242
   248  57 270   0 181 271 317 191 370 350 110 223 253 370 134 146  30
   123  57 376 236  75  15 268 255 329 286 388 277 315 362 287 115 187
   344 348 354 202  65 178 350 312 130  19 281  70 145 322  60  17 171
   392  86 220 254 391 283  80 174 225 282 364 290 162]
  [  0 384 183 231 227 309  21  29 254 139 271 109 221  48 189 145  70
   125  61 365  50   0  99 369 119 209 162 240 206 369 245 275  28 346
    54 358 203  21 197 392 348 265 140 218 239   7 246 243   3 112 330
    47 234 195 255  60 348  32 391 270 374   2  44  55  43 156 361 252
     1 383 139 230 392  68 177  38  83  37 158 383 309]
  [  0 168 376 372 143 183 251  86 132 265  78  53 380  96 361  91 264
   213 216  12 240  65   0 354 163 350 178  10 172  49  52  53 125  10
    96 118  67 363 232 361  63 293 291 283 369 149  62 337 348 308 242
   170 220  44  93 357 321 382 179 151 322 287 271  71   9 347 348 375
    46 293 379  62 310 202  37  80 250  61  19  50  72]
  [  0  39 206 336  70 129  48 236 131  31  62 118 374 293 175  71 293
   374 143 224 149  73 373   0 135 215   0  92 183 288  32 104 320 175
   324  21 366 371 317 153  16 142 154 261   1  39 214 330  71 266 267
   351  83 228 269 154 253 337 104 329 119 201 181 372 347 312  53 156
   374 153 366 225 267 251 101  98 122  30 218 298 206]
  [  0 167 299 349 259  72 166 362 379 213 297 295 202 320 194 226 355
    76 351 174 248 196 332 377   0 251  95 325 293 354  94 309 197 220
    20  93  58 295 317 357  69   4 123  33  65 103 320 348 298 330 236
   222 288 127 166 198   7   3 228 274 126  37 216 194 370  86 318  36
    32 184 195 282 210 343  17  12 123 356  32 350 275]
  [  0 190 104  34  61 276 291 315  77  49 203 181 390 267 329 164 178
   340  84 281 296 380 254 208 380   0 258 196  28 366 266 316 244 214
   302 119 373 118 362 316  61 111  28  12 359 191 186  23   6  76 374
   142 112 293 203 149  13 113 272  12 192 290  10 298 253 322 381 353
   328  51  10 380 282  15 193 224 168   2 348 270 167]
  [  0 174   4  36 171 262  26 288  79 368 319 155 311 212  41  86 108
    77 106 339 362 253 154 203 380  46   0 332  76 236  60  74 232 377
   153 370 328 106 238 306  64  37 190 290  58 332 358 345 291  94 176
    20 198  97  62 125 213 229 254 316 303 186  19 205 334  52 167 219
    42 132 364 125 220 275 146  36 108 301  59 311 138]
  [  0  88 194 248 166 322 152 215 157 374 339  72 199  66  25 251 367
    56 236  72 345 347 257 222 313 281  23   0 104 197  10 254 161 235
   220 267 363 351 388 308 179 361 297 227 120  69  31 237  24  93 183
   190 198 147 201 274  33  61 352  85 223 165 117   7 360 266  68 134
   318 365 353  15 142  72 153 158 363 100  45  98 172]
  [  0 265 262 365  67 263 337  53  88 184 211 343  94 203  43 202 308
    89 261 310 350 125   4  43 156 348  49  77   0 329 159 197  25 105
   231 196 133  51 126 224 353 325 129 286  69 297 249 381 244  71 204
   174  83  82  79 185 198 297 333 116 234 298 280 370  12 323 227  15
    81 266 392 231 319 294  53 147 130 188 389  64 345]
  [  0 271 283  87 117 120  59 103 100 223 127 339 333 127 335 267 220
   187 174 257 301  79 380 147 229 390 337  61 350   0 187 225 132 255
   349 301 173 157 225  38 221 249 337 284 157 230 256 304 117 279 101
   277  55  83 103 173 309 231 284 273 330  20 376 295 362  22 115 368
    63 334 205   2  81  61 329 161 236 245 285 329 303]
  [  0  51 227 195 340  94 198 273 278 234 221 355 186 220 220 168   7
   293 178 159 340 215  15  28 183 248 249 347 112 179   0 336 295 113
   362  79  76  13 209 111 106 190 206 369 321  88 342 373 293 353 391
   177 321  33 298  83  81  96 276  22  44 290 233  88  61 134  16 141
   337  64 173 232 209 112 238  31  53 105 234 105 243]
  [  0 219  53  25 269 196 168 379  50 212 299 344 297 324 349 241 187
   184 376 233 207 109 126  30 369 233 263   5 278 188 273   0   9  77
   341 224 325 274 297  95  55 179 282 223   0 327 260 379 126 342 168
   352   7 144 195 101 266  51 265 105   2 366 312 335 107 155 390 160
   309 351 159  29 361  46   5 387  51 339 188  60 365]
  [  0 350  45 302 126  34 344 324 377 303 361 117 159 146 154 237 289
   148 154  93 248  87  40 195 246  15 199 355  53  52 251 177   0 362
   287  92 202 290 246 306 360 295 211 375  50 305  19 254 298 150 363
   272 350  65 171   1 157 106 151   9  75 220 163  53 314 249 189 360
    97 304 211  34 155 235 146 273 373   0  66 384 303]
  [  0 204 257  93 364 356 319 232  30 131 250 113 163 249 134 385 373
    13  42 276 112 392 135  92 246  79 234  87 297 128 289 126 169   0
   279  59 322  91 189 301 191  60  61 216 225  94 337 115  75 115 336
   122  14 276 298 239 231 258 338 218 345 131 351 250 146 256 187 282
    42  67 321 286 145 316 227 124  11  65 182  88 156]
  [  0 323 144  67 249 113 180 372 106 119 359 217 202 220 290 103 161
   355 299  45  93  12 360 133 207 292 355  90 294 336 301 113 214 205
     0 298 350  49  42  26 128 277 113  28 364  25 191 119 255 267 146
   132 198 285 219 157  55 165 356 252 251 132   6   8 287 313 120 250
   356 328  82  55  62 347  61 341 172  48 325 150 274]
  [  0 183 122  99 375 154 331 354  70  37  71 290 134 178  54  19 217
   324 382  35 240 310 107  22 132 356  99  79 191  69 181 234 172  20
    48   0 276  17 157 345 245 201 337 360 157 320  30 285 127  68 317
   134 110 238  62 391 169 221 360 227 186 253 281 239  61 356  73 303
    88  23 217 363 164 167 372 145 348 170 385  11 294]
  [  0 102 142 293 275   4 301 320 136 242 251 240 253 233 152 266 199
   164 351 277 387 250 159 319  11 196  58 345 256 171 281 176  12 283
   188 382   0 107 232 312  95 293 381 370 314  40  84 188 126 171 101
    84 269 311  53 236 326  20 225 310 390 323 165  46  67 131 298 221
    53  55 336  66 229  68 116  19 275 252 117 154 145]
  [  0 281 226  40 218 185 370  42 370 376 320 357 103 213 177  51 313
   177 151 374 327 111 234 321 306  20 155  74 235  71 349 212 215 274
    73 176 147   0 162  17 306 254 289  85 266 348  87 269 272 207  95
    52  25 258 154  27 349 243 378 177  42 193  99  98 357  15  54 100
   234 308 130  66   4 148 287 327  92 315 175 235 357]
  [  0 196 331 185 105  71  89  61 234 302  31 324 203  18  16 167  68
   165 162 314 137 240 197 143 352 100 240 212 110 314  60 114 292 161
   317 183 102 297   0  83  40 212  87 343 208 192 365 390 255  78 224
   186  68 310 332 275 301  97 384  15 212 167 210 110 307 291 328  80
   183 287 196 348 238  81 385 173  61 251 187 176  85]
  [  0  67 250 374 369  56 109 253  98 171 226 117 329 373 242  28 386
    92 378 166   4 210 163 299  76 377  98 187 389 268 338 195  59 273
   324  87 147  65 318   0 138 387  61  76 327 379 362 132 229 369  90
    36 106 275 212 108  33  23 370 206 255  12  39 254  12 143   2  29
   168 102 152 103 136   5 295 103  66 179  43 235 110]
  [  0 139  78 243 220  77  74 149 332 341 289 372 298  12  53 320 176
   167 224  90  91 152 385 371  17 358  56 380  61   4 330 330  40 150
   171 114 199 144 199 211   0 366  29 192  30 355 186  26 361 115 192
   267 193 216 368 208 126 308 238 354 281 103 312 375  81 352  47 293
   272  53 113 223 234  98 205 172 202  52  85 283  54]
  [  0  64  60 320 124  72 218  71  21  59  19 350 143  88 134 156 352
   307 324  97 348  24 286  42 280 127  64 115 198 129 275 221   6  39
   136  63 262 299 284 270 113   0 351 100   0 148 106 165 112 336 305
   127  21 143 177 250 134 314 208 297 177 364 240 105 367  35  72 384
   388  79 162 381 268 391  49 266 223 326 158 350  84]
  [  0  65 326 384   7  40  60 173 278 329 296 244 200 252 184 147 296
   173 141 273 323 380  71 338  60 142 277 102  41 191  39 360 169   1
   244 126  36  20 176 339 319 378   0  17 147  16  22 180  46 268 271
   227 228 334 315 139  15 113 371 377   5  29 312  52 387 277 221 145
   194 203 288 166  26 248 106  18 177  91 166 311 297]
  [  0  45 326 271  91 373 109 185 373 200  25 374  18 133 372 342 352
   135 265 316 232 352 149 119 189 130 236 389 364 348 291  15 291 183
   252  59  70  63 290 217  94  88  60   0 145  41 172  51 343 188 135
   352 282 389 280 247 392 157 223 367  66  73 191  72 142  33 270 198
   212 111 223 170 226 250 175 359  62 382 113 272  40]
  [  0  31 223  75 126 139  44  69 325 121 136  83 258 331 366  39  36
   350  10 113  67 134 266   6 357 253 212 167 343  23 388 106 342  88
   382 309 187 282 184 164  88 125 278 253   0 315 178  41  96 207  10
   365   5 126  28 259   3   2 154 269 382   7 259 193 151  56 338  91
   317 121 113 382 167  34  79  17  36  15 386 237 247]
  [  0 254  41 229  22 263 306 363  20 377 206 244 310  51 259 242 291
   372 191 127 168 327 264 147 279 180 340 163  42 353  90 181  88 237
   384 311 380  15 148 332  30 147  37 181 154   0 165 100 382 145 256
   214  95 209  72 345 223 356 370 316  17 112   4 122 329 383  24 304
   299 289 380 276 347  35  76 191 391 143 372 255 335]
  [  0  84 188 167 310 220 301 138 305 354 202 165 320 308 246 339 275
   147 315  29 299 159 222  24  73 181  41  98  38 358 103 300 285  70
   369  82 152 184 173 363  95  39 391 143 150   7   0 260 333  30 350
   334 189 205  45 150 121 168 146 316  88   8 144 367  67  69 316 226
   196  49 264 116 311  38 242 209 200 124  62 133 255]
  [  0 376  85 325  90 203 310 344 367 230  20 254 226  51 326 282  99
   105 271 151 356  60   1  67  70 229  38 283  16 247 218  50  20 237
   318 154 383 333 301 105 258 102 170 263 337 231 232   0  14 289 384
   178 357  82 368 101 173 387 150 362 161 348 389 199 292 177 362 129
   362 265 370 320   7 162 300 187 139 103 104 351  15]
  [  0 347   9 295   2 220  80 100 122  30 387  18 265 383 232 267 261
    54 112 135  14 208 193 137 144  32  44  13  45 128 376 348  28  37
   287 246 377 271 352 385 317 181 260  69 313 105 135 113   0 239 131
   222 285 142 101 260 213 260 320  40 131  45  38  47 322  57 347 364
   312 377 230 149 384 161 321  18  17 360  25 255 177]
  [  0 171 362 151 111 101 130 176  29 222 339 111 223 179  60 216 161
   197 307 209 141 234  93  21 230  44 215  46  91 362 155 238  55 273
   384 374 285 318  14 124 190 243  71 100  95 161 242 364 299   0  26
   388 244 108   7 356 132 342  60  40  62 312 331 162  73 154 112  49
   349 381 177 345  64 141 231 121 210  25 291 171 376]
  [  0 220  39 237 272 171 348 139 313 329 359  11 374 328  48   2 385
   335 141  47 102 195 293 344  11 229 246 308 257 182 220  69 180 347
   280 353 128 338 121 251  72 376 343 313 331 266  90   1  27  84   0
   368 223  65 121 115 120 342 202 179 108 152 168  78  24  78 278 294
   255  50 346 190 220  21  19 294 320 229 335 148  56]
  [  0 204 208 115 244  82 356  35 128 291  45 355 295 289  67 233 377
   148   7  88 311 360   3 335 356  52  71  28 190 111 191 184 188 186
    87 201 342 244 391 373 240 251 312  82 114 182 378 320 167 171 189
     0  44 392 221  70 145 387  67 294 314 338 227 170 366  17 373 275
   128  56 359 380 341  22 179 206 248 220 269  45  82]
  [  0 259 338 219 255 229 168  23  18 276 220  70 352 164  75 213 371
   229 206 131 200  63  11 106  97 132  86  65 117 168 392 261 323 308
   173  12  13   4   1   7 148  27 323 211 155 278 161 166 334 391 349
   143   0  83 356 220 282 263 368  84 152  66  79 158 352  28  27 126
   130  12 212 146 263  45 375 107 206 350  19 211 296]
  [  0 234 109 347 190 386  42 213 362 342 303 267  27 246  99 391  61
   150 238 215 263 275 123   4  24 201 313 206 171 376 334 203 329 155
   205 287 369 390 339 183 361  87 285 205 367 389 264 131 133 288  78
   391  50   0  59 316 298 122  39 311  38 100 335 119 313 223 220 225
    72 216 388 378  75 311  60 349 366 301 210 279 159]
  [  0   6 386 354 100 219  51 234 131  90  94 101 238  60  37 356 150
   213 384 249 229  28 319 249  58 371  83 241 111  94 352 375  63 289
   306 215  98  62 347 141 360 218 227 231 347 138  85 119 250 146  26
   258 238 126   0 246   4 294 351  40  13 325 298 163 288 186 312 208
   190 329 310  93 386 316   5 355  47 140 290 167 191]
  [  0 295 161 257 121  49 126 380 328   5 226 259 206 186  56 114  20
   110 213 257 230 199 116 212 119  50  42 114 255 374  27  75  35 350
    21 318 261 357 384 115 358  96  77 243 131 284 199 273  10 136 273
   240 353 338 213   0 387 380 293 216 225 176 119 183 106 184  21 334
   275 207 367 367  94  89 217  89 340  84  20 259 392]
  [  0 126 160 250 298  75  91 337 222 106  15 261 372 376  62 135 286
   374 234  68 256 151 219 318  41 157  98 330 151 346  65 345  90 108
   266 356  35 327 386 263 276 366 373 328  91 390 367  28  78  89 387
   370 273 112 117 123   0  38   9  31 325 270 313 171 292 207 361 259
   334  40 210 229 388 238 228 122 113 385 100 303 107]
  [  0 220 344  81 321  19  17 264 353  64  27 160 201 129 248 307 377
   260 384 173 194 359 385  12  58  73 347 275  66 147 284 115 286   4
   389  79 328 234  17  37 310 115  50 114 205 300 180  86 218 289 169
     2 267 229  79 385  70   0  77 247 117  44 115  41 111 196 106 140
   234 288 177 171 223 370 169 173 367 274 237 337 200]
  [  0 105 103  79  18 154 147  22 203  34   9  12  45 153 110 328 261
   351 337 381  31 377 145  25  46 271 305 189 153 336  25 321   6  11
   237 162  47 272  45 216 231 223  33 226 138 179 226 254  52 112  57
   109 376 300 278  38 130 208   0  73 340 348 105 220 265 379   7 244
   261 162 220 112  41 373  26 350   7 275 388  16 321]
  [  0 176 271  15 322 161 369 149  62 165 188 252 243  53  62  83  31
   105 228 131  58 131 171 176 335  49 188 151  13 289 150 186 145 137
   105 238 289 375 101  46 332  59 248 294 304 259  16  21 318 325 219
   227 181 317  84  57 127 172 390   0 390 316 207  72 170 356 211 293
   378 103 303 331 214 389 160 384 198 312 157 252 262]
  [  0 163  89  12 100  88  40 128 338 314 361 239 113 256 323 203 247
   371 300  11 359 375  43 345  42 150 220 188   0 181 191 303  41 222
   342 383  66 120  24  29 140 135 163 387 113 156 244 288 192 232 354
   363 375 330 136 265 380  83 134 166   0  74  85 219  88 219 248  63
   333 136 271 311  71  19 316  18 197 301   2 300 311]
  [  0 317  31 209 208  81 360 309 361 154 223 281 316  45 122 146 311
   379  54 243 288 278 126  90 180 104  21 130  45  11 128 374 375  91
   239 319 173 312 115 226 169 368 274 283 163 131 314 291 268  61   6
    90  34 223  90 130  71 185 327 330 365   0  26 245 321 119  59  73
   243 378 207 298 306 263  60 263  73 269 151  34 309]
  [  0 146  95 112 179 297 183 173 117 203 352  31 257 343   2 372 232
     1   8  38 334 263 142 150 142  70 187  44  33  57 227 134 340 263
    85 288 137  20 376  60 296 160 386 108   1 284  87 283 255 248 112
   211 355 137 344 141 375 270 302 145  25 303   0 193  41 199 390 211
    10 344  93 262  40 153 273  73  39 143 120  67 141]
  [  0 193 284 291 289  76  20 219  39 358  46  24 352 262 177  73 192
    17 142  91 369   2 223 364 275 171  44  56  63  21  99  62 135 169
   345 366 147 233 114 225  68 294  14  25 312 168 307 233 241  55 241
    92  28  36   0  67 294 303 306  19 275 178 189   0 236 238 140  72
   121 374 132  52 368 220 270 149 159 323  22 117 372]
  [  0 113 328 363 138 324   3   1 362  27  69  36 252 238  15  73 207
    89  67 131 268 272 214 232 115 265 298 140  53 220  56 307 131  87
   346 305 171 376 157  77 195 276 190 286 172 267  41 125 353 239 322
    51 124  78 143 290  61 116 275 303  13  10 252 265   0  39 208 350
   347  20 231 388  88 244 215 112 334  28 339  82 359]
  [  0 163 324 321 366 311  20 204 305 334 186  62 183 183 311 372  50
   322 196 115 238 182 302 168  21 225 325 195 372 108 187  11 110 264
   327 376 377 290 351 318 164 343 120 227  27 239 311 134 285  68  73
    56 380 360 296 272 326 160 162 184 270 271  25  12 112   0 301  21
   378  79  35 224 149 346 177 165 340  72 222 274 316]
  [  0 340   5 238 122 359 346 386 149 161 383 294 194 379 316 311 306
     4 334 183 175 176 168 328  67 200 295 129 313 236  62 155  96 239
   335 277 172 163 122  95 289 262 280 240 114  14 151 195 197 356  77
    97 355 224 204  11 208 200 102   6 199  21 301 320 236 154   0 331
    75 170  46 219  31 271 247 154  73 103  17   9 183]
  [  0  41 386 221 205  83 164  18 307  87 254 284 188  92  47 132 136
   222 255 122 260 234 113 169 269 151  17 277 347 364 180 370 159 160
   337  82 279  64 265 382 161 109 105 326 110 367 127   4 124 212 337
   227 233  51 168 369 296  21 283 189 359 199 369 201 339  28 182   0
    19 379 347  96 300 114 360 331 269 351 223 361 220]
  [  0 389 100 229  60  69 320 336 118 293 351 275 160 177 273 260  38
   239 114 307  25  96  71 220   1 261 324 284 129 177 363 351  72  64
   208 248 107 124 224 203 351 309 213  57 363 371 300 190 177 321 382
    75 318  11 128 309  49 314 263 208 360 255 319 212 336 247 239 307
     0 243 388 105  75 131 178 265 246 266 365 178 263]
  [  0  94 375  67 351 177 148 282 391  12 276 376 294  51 207  43  26
   148 227 344 318  41 326 218  66 253 174 323  23 126 130 102 151 354
   195 224 361 119 381 153  56 158 313  20 278 273  10 176 263  75  87
   192  39 298  39 208 383 213 358 118 249  32 108 131 175 343 190 137
   235   0 379  29 196 129 294  77 304  13 218  32  17]
  [  0 216  64 193  63 213 379 345 269 226 266 287  26 391  58 347   4
   379 186 351 368  14 125 124 103 212 134 195 304   0 173 281 215 233
   347 219 348 118 385 334 274 283 139  36 155 178 348 236 202 260 160
   304 337 377 316 317 375 310 220 130 226 345  56 134  64 156 261 136
   219 118   0 156 358 281  78 201  78   5 221 232 287]
  [  0 267 209 201   7 283 351 145 250 311 295 131 142 115 353 385 387
   124 373  11 173 318  90  94 171 251  18 102 293  88 193 265 153 188
    96 137  38 243 184  39 361  36 123 369 219  78 205 261 223 382 129
   136 100 290  85 216 375 211   2  84 363 148 166  37 135 326 368  34
   337 350  30   0 209 176 386  34 207 369 299 343  17]
  [  0 340 287 128 345 343 237 158 323 277 346   8 337 229 389 291 207
   288 270 210  13 243 160 335 265  20 310 138 250 308  24 205 203 368
   172 382  50 187  14 130 339 210 118 358 230  98 209 266 273 217 254
   195 338 191 282  39 239 207 390 224 122  31 390  77 189 331 281 376
   314 143   1 116   0 103 212 109  98 286 223 310 253]
  [  0  32 297  60 188 237 249 186 319 202 263 104 168 336 166 139 242
   258 112  27  42 131 154   5 265 313 353 225 238 158 292 350 362 100
    34 231  89 234 300 254 185  51 240 123 207 127 198  74 330 296  82
   156  88 364 343 302 105 298 184 161  33  96  79 370 228 374 233 194
   167  99 307 262 157   0  64 315  62 389 212 383 356]
  [  0 245 237 155 278  17  15  93  77  64  74  16 161 248  67 319 249
   351 161 223 191 137 222  90  60 311 184 105 259 162 193 189 318 112
     0  31 229  70 276 304  30  99   5 216 299 313 391 148 144 242 248
   275 368 218 315 336 211 371 141 307  39 111 284 348 274  94  93 380
   245 176 224 126 302 146   0  82 188 339 376 114 127]
  [  0 347 382 191 250  13 175  52 325 371  16 176 152  48  29  41 243
   150 120  16  60  27 104  86 184 217  94  30 357 110 340 273 137  85
   343 208  65 284  36 100  49 113 193  78 210  50 164  41 177 288 137
   154 309 331 346 175 153 166 330 150  42 306  61 239  12 109  87 128
   337 284  81  67  88 348 109   0 346 146 197 373 281]
  [  0 392 142 202 171 308 369 106 206 261 291  84 186 306 273  56  36
   378 196 174 120   4 313 366  22 347 293   6 222  20 383 388 211 262
   344 357 125 200 126 299 177 135  30 297 226 124 156 238 371 318 131
   340 363  35 133 301 197 183 140 135 114  43 241 364 354 308 231 282
   333  34 358 109  68 112 135  70   0 373 102 348 380]
  [  0  37 363 128 347 184 216 149  83  26 109 238  53  12   2 276 350
   249 247 277 317 151  28 304  16 147 370 118  74 372  25 293 140 381
   234 313  72  74 306 135 304 189  48 135 153 267 158 191  83  26 107
   282 380 117  68 154 323 221 185  95 358 105 346 150  61 291 155 313
    86 190 288 196 200  73   9 243  48   0 289 225 326]
  [  0 351 263   4  36 237 221 314  57  59  33 277 281  30 308  44  39
   133 210 146 289  15 259  28  60 163  47  89 138 142  66 292   2  80
     3 254 340 366 132  13 251  27 253 211 180 221 326  90 145 373 293
    98 169 308 257  64  33  65  47 119 177 142 220 305 350  64 275 135
   359 236 321  22  10 381 197 153 323   1   0 159  80]
  [  0 212 119  43 228 116  63 272 233 379 307  20 228 302  24 234 317
   371 372 198 308  37  71 126 307  55   4 174 147 137 265 343 107   4
    98 208 305 371 272  59 274 270 139 202 261  69 237 265 151 227 196
   265 368 200  43  81 113 275 341  24  37 160 222 198 337 311 254 146
    88 283  80 306  19 161 379 315 111 197 215   0 377]
  [  0 233 287 308  71 309 324   9 252  84 178 221  23   6 338 155  54
   263  35  86 269 125 292 265 221 321  38 151 124 334 379  57 150 238
   316 158 262 106 273  32 275 124 184 268 296 340 390  49 166  24 125
   369  34 179 344 158 198 254 311   5 273 155 318 136 112 309 232  38
   270 299 261 106 392  52 223 327 128 300 320  27   0]]

 [[  0 143 347 169 118 284 230 384  33 115 342 203 261  88 152  43  37
   311 173 106 309  74 168  88 124 191 270 242 273 124 298 111 387 369
   201 151 343 288  39 382 259 223 322  49 214 264 369 153 218  57 167
   305 325 244 117  57 305 171 380 308 324  97 292 363 296 223 120 130
   371 214 301 187 363 280 265  69  49 214 275 100 145]
  [  0   0 254  93 261 297 364 380 216 388  22 241 123 366  68 343 154
   304 224 193 329 169 182  18  48  41 301 355 244 286 326  77 318 164
    39 377 330 219 316 194  24 340 266  74 223  39  25  84  76  99 127
   174 147 212   3  13 148 147 340 217 268 267 215 126  60  41  95 123
   341  68 141 180 212 325 131 255 384 391 186 114 330]
  [  0 177   0 325 231 117 309 327  90 238 293 152 225 390  98   0 366
   194 294 306 385 313 164 110 370 334 354  58  91 199  68 357 113  68
   288 124  18 159 354 120 314  17 121 250  17 150  38  42 364 386  42
   327  68 367 222  56 364 283 383 224 101 255 326 115  28 340 357 321
   139 147  39  15 375 305 242  68 359 246 145 237  32]
  [  0 273 323   0 312  80 279 383 386 265 370  53 205 347 343 250 313
   169  53 372 304 113 331 168 267 170 252   9  62 278 364 210  19 356
   279  63 170 239  65 342 292 110 227 293  74 213  80  76 294 162 157
   381 334 184 345 108 148 154  35 207  49 138 326  97 184 180 206 359
   124 319 188 340 208 121  33 139 372 240 146 115 282]
  [  0 335 284 174   0 271 277  66 136  22 246 211 217 342  54 124 309
   315 298 144 334 196 111 127 176 167 319 293 353  76 146  84 354 150
   206 329 242  17 326 344 135 170 343 285 121 350 203   8 382 245  51
   246 319 216  46  12 297  38  23 142  27 147 367 205  60  32 180 251
   342  56 302 338 319 359 144 178 112  21  78 116  22]
  [  0 346 374 108 171   0 119 107 352   8 378  22 106 302   9 361 302
   238  99 238 234 237 157 380 247   4 109   4 221 254 280  47 261  54
   204 153 267 185 253  65 263 187  82 214 143  44 305 245   1 191 286
   254 136  43 311 348  72 187 202  19  52 190 198  10 165   9 214 243
   324 379  90 251  57 258  45 102 136 184 313 353 174]
  [  0 340  55  88 152 259   0  30 358 331 320 172  33 232 136 102 196
   107 352 336 297 194 303 196 204 269  75 258  16 350 230 312 285 187
    20 271 258 126  54 312   3 146 301  51 147 203 132 193  95 356 375
    55 170 236  15 346 340 240 319  79 264 156 212  30  56 336  67   8
   286 297  89 205 271 132 379 310   5 143 159 157  11]
  [  0 117 238 378 161 238 104   0  99  18  52 383  84 369 106  49 329
   370 242  68  56  20 262 297 262  10 266 327 279 296 133 249  94 290
   350  38 131   8 169 288 206  37 366 347 147 346 383 230 128 276 164
    46  34 321 241  24 305 210 205 338 366 177   0  91 218 241 331 294
    11 305  98 134 311  67 386  53  46 235 316  15 110]
  [  0 358 286 186  92  84 197 185   0 230 315 282 265 115 151 201 249
   233 392 174 276 154  12  42 233 294 319 314 243   4 318  60 216  47
    14 301 310 303   2 140  41 184 309 144 267 266 319 245  46 184 247
   165 107 227 209 362 129  21 238 392  68  62 208 215 205 292 227 136
   199 262 215 232 289 302   7 382  81 226  88 162 321]
  [  0 111 207 172 312 134   9  91 301   0 386  81 374 184 243  85 218
   207  60 387  68  45 253 345  86 322 339 102 118  51 312 174 123 136
   277 343   3 356 188  68 371 303 101  61 287 137  45 208   6 138 378
   340  77 165  99 310 172 247  94  23 151 133 318  87 163 258 139 126
   337 188 130 252 188 147  10 260 228  45 389 126  25]
  [  0 130 202 128 199 363 172 295 252  62   0  11 145 193 115 105 281
   241 319 106 274 233 225 244  47 183 240 193 306  85 158 134 212 350
   386 144 279  99  17 170 254  41 226 141 367  48  70  81 193 200  62
    78 151 328 155 300 348 375 174  70  37 194 374  23  58  63  78 184
   290 172  60 267 255 115  51  72 126  57  14 265 220]
  [  0 303 174 102 310 189  83 101 228  20 109   0  33  39 225 136 273
   214 372 178 241 102 292 192 293 160  71 181 142 326 206 359  16 216
   133 332 353 162 309 175 160 300 169  84  77 162 302 252 161 227 236
   125  20 275 161 353   6 250 191 195 231 356  12 233  85 124 336 138
   256 104 207  12  25 258 153 112 167 208 170  41 133]
  [  0 361 332  30 323 214 247  45 119 153 277  28   0  66 111 132 348
   302 306 319 296 238  30 247 265 277 370  78 281 348 285 175 366 116
   316 113 114  35 235 147 306 193 262 165  40 106 343 308 334 286 182
   147 279 255 112  92  53  38 247 325 348 252 266 113  10 324  13 342
   257 332 234  94 116 231   9  99 177 209 367 327 363]
  [  0 119 388 307  11  80  98  92  15 297 328 165 327   0 276 379  78
   121 230 201 388 216 355  68 213  92 152 202  82  62 164 123  98  99
   225 157  94 220 105 212 192 172  46 189 173 386 317 353  61  27  36
   127 242 198 297  26 349 113  22 387 232 156  35  19 152 289 319 244
   202  57 305  38 167 150 369 275  27 384 107 139  11]
  [  0 172 313 152 174 160  71 131 296  74  48 181  42 261   0 276 275
   340  64 153 146 312  24 144 301 324  54 305 212 191 167  24  59 166
   353 202  26 359 200 224   3 308 236  47 381  90 384  30 383  19 329
   104 351 156 237  81 189 266 386 358 139 345 377 374 234  69 265   5
   225 213 271 221 102 166 284 369 322 148 280 349 219]
  [  0 160 265 274 305 240  82  63 373 348   3   9 144  77 338   0 384
   291 126 298 274 373 229  52  32 364 183  48  34 258 279 270 238 102
    65 293  62 369  84 337  97 383 118 216   8 294   7 150  36 255 257
    48 236 140 379 362 256 205 244 176  76 107   2 382 239 280  39 382
    53 276 200  55 365 150 171   5 170 388 354  35 353]
  [  0  70 175  77 370  76 253 285  80 325  87 244 156 122 316 341   0
   301 122 255 385 231 194 367  63 203 230 352 377 221  63 279 266 368
   249 336  28  46 274 354 194 343  69  34  83 379 350   8 119 274 310
   214 147 311 233  96 214 338 129 320 297 116   5 178  33 120  79 166
   136 200 363 212  56 296 133 269  17 276 259 344 327]
  [  0 329 256 226 227 169 167  31 338 155  85 315 133 183  71 258 283
     0 196 129 321 381  97 369 384  68  30  51 242 348 107 279 138 177
   358 374 249  72 288 252  47 249  30 270  65 372  90 106 153  77 357
   141 190 310 339  72 119 188  46  36 145  67 377 351  83 208  36 200
   325 319  48  25 285 269 113 200 250  81  65 124 256]
  [  0 148  22 350 122 274  78 263 369 234 223 319 293 213  50 181 321
    48   0 241  53 308 190 375 104 236  79  83  12   0 252 129 256 225
   295 381  87 338  83 245 321 364  14  17 209   2  38 341 312 107 123
   287 208 271  77  14 204 360 272 248 295  99 197 338 300  14  33 377
   358  53  68 315  45 115  36 296 248 342 269 107  99]
  [  0 232 265  55  85 163 181   3 142 117 363  70 350 186 229 291 203
    67 257   0 256  54  60 306 168 254  99  38 191 183  93 324 102 265
   319  47 263  54  67  76 337 334   2 185 296 280  79 199 207  21 248
   206 331 273 254 334 134 252  98 111 347  66 168 303 135   2  41 313
   158 143  75 208  59 156 197  93 288  65 161 285 263]
  [  0 114 261 293 135  92 166 120  75 118  69 106 321  97 376 285  76
   342 128  57   0 336 114  30 154  85 158  75  58  34 181 195 157 121
   111 111 382 314 153 392  17 113  87  18 345 327 276  94 290 320  86
    37 334 149 196  41 160 193 243 192 182  27  62 231  45 307 189  65
   261  11 241 111 279  86 167 162 350 331 251  55 146]
  [  0 319 213  64 297  19 210 251  35 156 320 211 372  31 121 206  51
   322 275 114 241   0  61  71 114 337 378 148 134 363 283  87 134  57
   148 159   5 361 340 385 246 289 175   1 300 336 261  47  29 228 255
    41 289 186  44 240  36  73 133 258 364  67  52 351   2 183 355   8
   264 378 281  19 158  28 346 184  62 316  83 245  88]
  [  0  97  64 214 192 196 155 270 192  38 132 153 379 371 180 256  86
   108 334 221 313 183   0   9 219 218 343 282 352   0 193 277 104 282
     4  14 187  49 343 206 201 383 384  31 380   4 180 155 322 250 169
    74 170 119 171 381  99 325  81   0 131 100 172 264  47 192 338  43
    72 340 252 364 101 208  22 346 295  34 116  86 388]
  [  0 365  30 125  25 222 256 199  14   2 357 134 153 104  33 228 105
   216 138 389 342 239 343   0 117 240 335 231 321 173 172 261  64 273
   339 347 352 143  14 182 166 101 205  47  82 143  79 116 273 376 281
   353 356  46 233   5  91 244 127  40 240 231 345 269 203 224 373 253
     9 289 166 328 180 326  12 165 303  20 362  53 152]
  [  0 351 351 391 197  31  15  59 235 349 377 303 136  51  91 266 224
   278 167 206  56  43 168 128   0  75 287 375 252 294 147 172 371 300
   250 376  59 172 112 300  45 310 284 283 366 357 118  72  74 383 204
   240 207 346  94 218 315 146 344  33 176 198  57  61 107 307 143 221
   178 198 315  51 320 180 225 291 177 266 246  47  82]
  [  0  42 140  99 200 279 197 301  73 348 363 179 333 164 296  36 137
   196 381  67 325 176 246  31 226   0 199   3 385 354 102  25 264 336
   175 361 238 367 390 376  89 372  57 118 116  20  81  13 196 117 175
    43 137 127 153 357 275  74 288  42 135 349 381 205 105 195 280 134
   235 146  79  65  94  39 378 237 262 268 245 123  13]
  [  0  66  88 275 114 217 126 202  21  26 115 206  63  87 340  85 307
    49 278 242 154   3  43 315 272  91   0 128 142 141  56 125 382  23
   382 206 311  62 221 147 135 326  54 262 256 287 301 299  59 135 183
    13  65 229 354  24 133 355  43 134 293 190 113 379 307  86 267 268
   246  29 382 265 118 204  17 107 289 234 352  73  32]
  [  0  94 348 110 315 368 235  11 370  19 337  52 366 377  97  86  59
   271 306  79  28  38 301 349 375 255  43   0 259 378 303  26 237  82
    66 306  58 249  79  20 146 331  63 142 151 351 115 359 122 248 245
   311 300 142  84 313  55 257 333  66 237 298  95  48 234 110   2  15
    11 275  11 219 105  93 239 127 155 114 326 176  44]
  [  0 392 246   8 170 126 258  59  44 277 193 250 120 372 357 194 206
   260 323  77 205 205   9 357 259 338 323  48   0 211 348 317 136 390
   137 282 145 221 123 392 290 225 175 281 163   7 317 368  61  67 236
    63  24 198 308 347 155 150   0  43 183 110 392 338 129 334 191  91
   326 229 349 147 266  51 107 323 372 356 332 248 336]
  [  0  55 267 234 286 112  51 364  79  86  44 184 243 381 333 239 162
   144 335 378 370 130  30 169  50 117 188  41 247   0 269 190 149  97
     1 209 309 380 193 364 228  58 223 380  19  19 391 344 190 145  72
   278 193 261 345  19  98 131 340  50 280  11 385   0 118 209   2  50
   181 278 123 196   7  31 380   3  66 343  95 149  73]
  [  0 350  53 113 154 183 370 320 253 136 222 202  16  44  11   6 204
   330 334 103 325  20 318 336 315 100  47 202 211 356   0 268 339   1
   282 327 195 310 206 107 389 322  19 162   2 297 380  59 314 227 187
   241 343  14 312  53 346 305 129 333 137 115 296  43  60 199 341 187
   239  59 149 100  81 254 328 317  39 285 175 214 186]
  [  0 344  45 276 154  32 380  61 352 349 108  32 100 380 228 375 243
   332 345 198 292 241 329  20 267  58 153 330 269  81  99   0 373 211
   181 185 328 221 106 140  55 205 305 144 245 106 323 195 324 189 190
   175 180  39 291 334 161 314  81  19  33 216 262 350 100 121 198   3
    78  68 336 231 153 120 193 171 181 365  59 336 247]
  [  0 211   5  50  52 370  77 167  95 108 354 237  77 169  57 378 133
   106 173  11 226 121 382 216 133 255 356 385  21  33 117 216   0 100
   298  83 349  41  75 305 274 101 270 233  25  53  44 191  84  58 249
   248 342  15  23 197  35 209 224 202 338 201 296 115  45 108 310 102
   338 259 332  68 198 369 109 240  41  93 105 211  36]
  [  0 217  84 366 140  82 298  52 202 299 196  36 238  34 358 114 145
   366 164   0 309 194 181 345 364  10 242 349 182 209 347  28  84   0
   334 158  40 141  87 274 166  78 179 279  49  33 243  77  80 265 215
   280 357 235  80 336 373 325  38 127  26 224 309 363  88  54 297 127
   384 153  96 250 233 200 375 132 343  27 252 265 349]
  [  0 378 318 236 355  70 320 345  93 118 223 305  60 198 344 371 289
    18 230   7   9 307 115 113 167  73  83 263 297 335 127 178 340 383
     0  35 347  99  58 125  34 271 283 127 158 158 101  80 173  59 115
   226 116 311 359 218 266 357 104  76  24 331 101 362 183 152 179  93
   122  22 216 238 256 231 365  44 105  24 114  73 302]
  [  0 104   3 245 253 356 376 257  86 104 241 336 114 159  45   8  50
   228  98 157 389 222  26  54 335 240  10 117 267 135 366 220  96 186
    80   0  24  49 165   6  38 278  76 203  75  32 336  42 171 160 273
    85  68 318 248 218 378  83 192 323 166 309 326 315 272  10 338 286
   379 187 217 375  78 295 167  79 330 391 144 334 324]
  [  0 329  74  70  10 149 245 113 380 359 103  28 169  70  23  62 174
    20 318 292 217 298 345 272 332 358 347  82 183 197 200  26 155  44
   224 387   0 204  66  81 228 256 344 124  97  20 370 168 325   0  33
   173 387  84  73 360 372 206 154   1 371 207 298 318 225  15 303 335
   321 226 384 250 360 230  55 109 116 169  44 183  29]
  [  0  86 230  74 174  19 142  52 101 244 164 102 178 134 151 200 253
   171 264 208 210  13 168 380 359  66  66 103  34 303   0 388 198  53
   104  74   4   0 364 335 276 278  29 218 275 316 174 263 106 177 124
    20 233  36 262 348 371 181 134 117 219 158 232   7 212  66 338 304
    68  15 374 376 117 144 381 352 341 209 239 140 203]
  [  0 327 333 294 364 258 374 294  44 261 159 314 103   9 321   3 130
   107  93 218  66 374 101  44 339  20 286  97   1   1 373 250 127  27
    26 222 206 214   0  69 100 241 264 244  36  89 327 308  34 287 290
   154  37 360  85  32 247 323   2  30 110  64 365  16 191 365 352 270
   195 167 336 229 275 350  86 181 228  68 293 325  98]
  [  0  12 283  50 226 326 369 297 211 217 367 195 282  96 154 326 130
   115 306  39 241 147   8 217  26 161 217 215 133  24  39 190  71 141
   256 239 116  76  91   0 275 349  80  77  64 325 267 188 253 149 311
   171  69 252 252 247 154 381  42  10 318 370 338 372 168 148 206 250
    35 384 106 164 178 276 238 149 369 171 300 161 142]
  [  0 335 270  67 255  63 194 246 169 367 298   2 346 231  73 349 226
    78 267  36 222  13 372 173  96 142 175 282 352 336  36 302 326 110
   118 214 161 303 315   5   0 284 263 320 274  15 269 210 124 307  50
   119  61 135 336  77  35 143 204 153  37 266   2 303 231  70  33  97
    55  92  96 150  98 357 199 156  69 365  82 214 260]
  [  0 137  24 176 144  41 355 178  59 265 275 185  96  89 110 376  56
   318 256 259 369 309  37  97 353 154 236 282 115 245 207 134 365  23
   158 209 303 256 219 198 135   0 348 282 332 349 184 312 341 320 369
   112 363 259  15 359 271 192  75 173 109 120 353 198  55 253  19 367
   187 137 156 279 203 257 201 157 230 327 228 131  91]
  [  0 374 243  21 152 118 136 133 348  53 207  55  53 153 196 352 302
   281 301 161 126 383 354  68 112 211 219 128 130 308 192 261 229 267
   356 365 313 233 181 274 333 375   0 208 270 266 113 177 160  24 382
   211 206 340 378 141 381 363 258 352 220 232 178 226  25 224 147 200
   196 182  93 295 120 139 201 345 288 296 339  98  50]
  [  0 275 173 218 177 125  52 353  83 291 101 110 127 126  84 199  69
   228 261 336 258 268 200 245 249  40 171 281 317 267  73 216  81 132
    67 103  87 379 183 253 286 244 192   0 385 287 144 279 208  14 304
   326 314 372 217 347 150  81 341 319 134 304 181 390  69 271 222  69
   131 382 308  85 235 206 368 114  74 332 347 162 195]
  [  0 256 206 337  10 375  35 172 367  46 232 208 362  99 311 191 121
   228  84 137 104 376 252 304  69 347 330  98 201 110 182 156 364 370
    83 192  65  25 378 153  16 164 139  91   0 296 200  49 124 366  90
   158  26 343 365 195  18 256 347 200 364 221 203 179 316  54 327 372
     8 331 314 279 377  24 283 178 304 259 383 101 325]
  [  0 146 104 202 187 292 199 311 188 149   9 342 214 351 234 371 388
   187 163 222  50 380  67  22 190  81 247  93  94  71  58 126  67 144
    53  91  52  77 312  32 183  69 364 330  14   0  56 148 155 183 181
   310 388 386 262 313 159 236 265  29 319 225  69 338 233 382 359 181
   149 131 271   1 165 363 272 163 259 120   1 265  72]
  [  0 120 367 148  41  62 381 265 297 363 135 164 138 156  79 326 116
   302 313  52  90 259 294  76  89 188  21 272 107  38  35 276  22  43
   270 375  15  39 387  73 186 134  69 236 220 173   0 246  86  62 215
   231 165 289 320 328 102  95 112 238  52 372 178 271 379  78 247 368
   258 255 367 164 113  69   2  36  73 333  27 340 174]
  [  0 235 310 317  83 238 279  20 240 104 287 137  77 211 147 153 276
   387 220 351  18 141 188  37  89 386 198 186 266 176 226 284 142 275
     8 370 286 235 123 240  60 296 251 113 123 238 127   0 369 349 266
   137 218 259 378  83 104 261  44 363 210 157 127 205 350 117 157 265
    40 316  12 297 321 348 319  15  25 140 204  82  27]
  [  0 229 279 151 234 358 304 114  26  63 209  63  85  14 210 102  42
    44 157 297 246  53  77 166  77 157 308   4  75 291 372 134 168 183
   256 201   4 300 389 214 121  15 320 298  64 168 216 197   0 343 375
     5  36  72 146 134 191 141  24  38 155 186  47   9 211 365 238 210
   345 327 223  25 136 328 245 127  22 263  28  56 324]
  [  0 241 108 353 201 253  93  92 246 287 320 158  48 176 288 378  41
   219 368  91  85 167 159 112 381 129 110 120 383 336 206 372  61 334
   375  91  70   5  17 229 358 336  84 184  86 122 163  91 144   0 111
   158 160 254 383  90 287 319 168 374 322 200 387 225  91 155 385 231
   172 191  73 121 154 265 194 131 315  13  63 341 310]
  [  0 278 383 324  37 375 239 293 314 308 129 186 264 288 215 112 319
   335  62 326 361 300 349  33 209  81 274 229 114 347 139  36  26 383
   360 191  71 165  65 233  47 141 284 301 184  18 184 336  17 361   0
   223 169  94 191 137 308 291 311 299 368 116 119 112 122  16 121  75
   126  75 100 310  24 280 348 224 153 391  58 164  39]
  [  0 201 271 305  32 127 354  27 289 329 165   3 154 376 195 165 322
   146  29 287 176 126 265 133 367 390 159 346 243 201 251 147 386   2
   212 119  14  35   6 174 146 139 272 228  72 280 264  82 335 265  48
     0 318 221 209 216 319 374 177 207 305 388 288   0 355 295   1 197
   224 190 294 273  50 158  66 235 319   6 334 155 229]
  [  0 344 266 325 273  62 166  21 120  25 100 105 289  60 127 206 123
   376  37 245 234 168 306  31 238 278 253 300 269 276 351  25 246 194
   300  76 169 363 124 135  88 211 313 341 185  93 153 166 347 376 111
   218   0 113 323 110 139 149   3 185 249 267  63 113  54 120 162  12
    14   5 186  93 347 109 300 288 326 377 292 286 103]
  [  0 157 238 349 371  17 137 287  14 151 320 289 168 118 385  84  32
   198 296 169  26 357 106 222 320 385 380  43 122  55  11 358  85 372
    18 346 312 166 208 230  59 263 243  32  42  26 218 293 337 217 229
   367 259   0 277 391 328 136  68 240   0 231  16 293  41  20 283 176
   392  24 292 195 132 115  85 182  90 316 289 196 392]
  [  0 281  27 262 101  84  61 210  23  77  60 390  46 305 365 196  80
   259 180 270  11 147 204  75 344  95 384 372 340 131 163 325 141  44
    34 211 273 342 160 262 360  62 123 302 307 183 101 149 240  16 231
    95 287 300   0 284 193   8  28  63 174 366 156 132 249 289 232  29
   257 343 302 259  87 108 158 369 253  27 294 153 238]
  [  0 190 243  82 186 227  34 199  99 173 256  35 121 226 246   4 372
   221 333  91 331 376 217 126 392  55  99 169 202 125  98 229 137 338
   295 313 168 308 351 326  17 381 292 336 208 302 209  41 390 376  67
    69 140   7  52   0 121 259 352 318 346 283 311  95 385 186 253  72
   309 220 227 142 266 100 222 344 333 249 276 226 243]
  [  0  91  68 100 256 245 155 267  47  83   0 135 163 127  64  25 253
   296  90 322 347 363  52 245  30 320  92 242 147 131 354 199 176  45
   369 358 143 315 349 162 264 267 211 112 137   3 141  72 249 140  49
    90 347 330 106  79   0 126 116 125 131  59 326 322 202  58 113 152
   268  25 342   0 147 141 273 300 320 171 240 107 245]
  [  0 244 248 303   2 210 116 361 145 184 127 340 131  50 179 316 259
   237 250  83 338 233 145 248 345  29 103 298 122 342 283  22  30 128
    61 325 306 266 212  14 267 319 267 235  51 101 231  47 281 331 259
   340 325 228  51  14  51   0 191 213 374 260 303 316   4 264 257 310
   265 361  18 134  11 358 364 294 207 374 289 177 242]
  [  0  24 257 363  18 388  92  74 380 265 341  42 270  30  41 102 105
   253 168 332 197 327 357 165 361 254 273 263 375 211 138  93 345 214
   356 229 372 110 228   1   2  45 323 307 352 138 358 160 313 262 390
   324 317 154 342 361 106  12   0 263 230  27 333 334 206 207 314 114
   209 136  59 137 337  45 369 238  90 291  44 177  93]
  [  0 266 326  52 121  16 338  15 107 351  22 273 214  62 324 260 213
   376  30 264  82 168 228 188 235  80 122  57 379 122 326 100 372 233
   238 356   0  51 214 204 183 294 176  62  52  10 214  92 347  30 301
    29 261 235 389 164 171 381 382   0 324 126 317 312  67  48 102 303
   179 175 349 345 349 317  85  42 119 250 385 158 151]
  [  0  83  40  27  22  61 319 183 119 115 194  48  94 250 241 173 379
    30 106 382 307 263 347 253 130 217  11 218 127  17 106 103 175 334
   337  35 392 345 303 162 272 357 127 211 324 254 296 264 290 367   2
    18 270  71  80 286  88 123 383  65   0 169 381 262 236 335 350 194
   270 135 140 362 221  71 363 323 336 224 189 308 122]
  [  0 363 206  17 269   4 232 118 105 340 173 168 326 101 181 136  81
    75 106 308 337 171 280   0 138 231 364 327 171 370  19  40 216 212
    60 197 369 358 249  21   9 170 219 242 162 335 383 171 122 296  95
    92 294   8  25 355 284  61 215 207  58   0   7 289 265  30 159 219
     3  92 347 166 268 264 141  95 244 238 204   1  80]
  [  0  34 259 168 248 161 112  44 197 248 133 211 256  94 247 175 298
     1  60 280 294 152 300 342  74  24 112 101  60 390 362 295 384 381
   279 237  69 237 352 156 233 107 307  46 127 331 320  26 108  34 233
   308 340 310 199 346 320 330 154 195  12 135   0 126 374 359 191 383
   378 175  91   6 257 326 290 217 146 309 186 100  76]
  [  0 325 210  52 178 201 128  46 138 251 294 250  24 300  15 271  43
    59 324  35 283 156 229 221 196 117  42 306 180 346 261  31 169  63
   250 319 152 137  54 337  93  85 357   7 139 111 144 147 216 328  23
    78 345 151  92 311 110  16 264  26 184 331 213   0 118 211 312 380
   103 249 312 385 168 297 189  19 168 274 147 283 161]
  [  0  73 154 312  68  32 265 189 381 157 263 341 279  24  25 145 215
    86 291 362 122 104 204 201 126 131 279 195  72 316  68  17 370 293
   199 337 166 386 237 307 137 238 127  10 151 258 315 117 360 241 124
   253 323 300 235 120 135  49  83  24 280  30  26   6   0 192 240 287
   286 106 304 385 154 166 218 248 231 245 282  85 235]
  [  0 337 208 359  11 345  74 368 259 228 268  70 310 372 131 320 224
   351 221 288 307 200 318 108 380 277 364   9 211 321 315 350 319 105
   341   8 338 213  91 103 287 198 155 103 374 339 219 207 330 165  20
   244  50  27 320 233 181 223 251   7  43 117  74 202 100   0  99  93
    85  67 382 140 331 293 110 224 153 291 185 305  61]
  [  0 144 334 291 269 102  24 292 380 140 340 274 383 173 243 311  45
    23 161 300 107 386  91 162 302 323 368 116 374 279 110 228 254 197
    83 366 367 260  94  46 119 108  55 189 381  15  64 269 112 133 253
    82 193 268  53 275 360  20  53  28 159  31 277 300 262  43   0 337
   391 221 149  93 379 120 373 233  89 105  65  42   3]
  [  0 180 217 308 377 271 302 163  40 327 305 211 360 233 148 220 324
   324  43 266 292  80 143 327 104   5 278 284 259 197 317 194 387  55
   334 296 324 109  91 293 167 180 228 328  98 103 228 123  88 299   6
   233 113  36 293  97 140 329 292 185 335 253 356  87 243  81 346   0
   106 107   6  96  50 198 383 166 297 115 279 224 174]
  [  0 371 285 250 192 193 116 330 103  93 307  85 350 133 170 107   6
    75 178 261  88 170  95 367 105 233 168 170 313 109 138  15 328 112
    62 207 204  43  57  73 349 277 156 309 371  99 267  37 167 132 231
   354  33 188  93 364 165 154 312   4 289 120 365  93  51 254 297 229
     0 284 388 237  69 149  93   4  99 310  41  57 120]
  [  0 320  47 121 378  89  72 310  10 129 212  80 142  96 229 371  33
   223 124  45 210 194  32 191 228  70 301 345 232  93 180 344 296 378
   157  52 141 220 150 114 209   9  70 365  78 330 382 236 197 143 154
    63 145 101 155 325 383 367  32 221 331 188 326  36 231 136 195 260
   125   0  70  81  59  16 293  60 390  12 312 378  25]
  [  0 188 160 152 180 271 158 193 216 106 222 104  51 161 232  79 137
    76 167 248 225 192 323 101 247 100  51 123  25 236 348 307 368   9
   365  14 167 259 157 217 306 288 121  26 163  84 167  78 199 343 350
   116 272 284 143 234  35 155  53 299 250  68  40 319 159 147 200 315
   204 159   0  10 162 106 368 189 152  97 107  60  77]
  [  0 271 180 361 132 324  34 324 160 367 327 185 180  51 173 120 285
   304 217   3 301 255 229  33 313 391 190 230  25 385 161 190 163 344
   227  86 143  32 386 336 325  93 350 282 292 232 184 131 326 192 340
   317 153  87 294 195 366 190  87 117 178  68 205 155 232  72  77 345
    82 135 360   0 259 214  18 184 211 154 168 112 213]
  [  0 378 159  52 248  82 101 321 280  15  36 133 262  97 348 214 123
    41 189 163 233 197 110 354 128  71  80 211 114 379 238   1 154 381
    61 209 353 144  74  89  35 280  64 198 214 112 244  91 260 151 291
   364 236 232 255 111 276  12 247 301 170  81   2 214 349  83 111 201
   379 141  60 259   0 264 176 102  88 143 175 278 224]
  [  0  15 182 279 142 381 148 146 102  92  63 379 350 361 300 339  74
   291 128 189 132 348 331 132 129 312 337 232 316 137 240 155 365  30
   334  19  50 180 187 375 288 263  57  83  72 121 226 176 114  52 275
   229 354 106 250 170  83  19  99 311 321 239 282 194 257  80 129 366
   164  70 241 302 373   0  12  58 368  19 267 139 175]
  [  0 341 212  11  77  82 218  61 125 225 382 337 232  20 131   5 250
   185 248 374 350  10 226  62 215 272  79 138 130 232 143 143  62 292
    74  97 229 259 139 266 256 257  32   9  88 216 271 121  73 258  94
   122 235  64 145 214  22  35 172 231  21  98 145 249 109 299 271 338
    23  41 311 119 281 103   0  95  21 304 159 122  27]
  [  0 142 207 229 243  64 200 295 247  54 146 243   9 195 268 302  40
   132 355 268   8  99 225 189 249  98 381 337 346 274 174  53 327  63
     6 298 175 258 280   0 269 325 181 344 280 267 388 311  31 363  22
     2 376 170  46 147 153 238  76 114 327  11 117  15   5 237  32 331
   321 194 112 175 364 387 355   0  35 378  39 342   8]
  [  0 265  88 389 140 344 145 365 372 149 151 304 218 247 192 187 304
   286 230 375 148 257 303 107 153 181  63 104 333 121 246  58 300   0
   245 199  61  66 218 257 247 167  36 335 289 274 245 303 369 101 229
   124 282  70 102 328   0 293  56 103 219 242  47 181 202 151  31 297
   328 155 174  96   5 145  49 155   0 214 315 186  74]
  [  0  42 376 251  96  92  15  29 379  28 331 353 240  62 374 298 148
     7 300 185 227 197 242  40 364 169 176 175 186  15  80 163  74 238
   213 358 213 319 304 362 110 321 122 296  93 379  67  46 310  83 277
    43  14 380 156 283  80 240 385 124 279 221 257 321   7 114 140 324
   265 229 151 289  96 103 155 246 117   0 392  38 200]
  [  0 265  56 186 214 309 342 240 314 298 174  35 308 296  56 185 326
   270 131 101 318  51  55  22 252 162 376 224 201 226 372 269  86 129
   258 177 140 380 227 352  54 274  54 113 172  38 382 198 127  29  63
   305 329 214 188 247 295 303 361  53  97  35 242 183 322 164  18 173
   291 129 387 257 331 321 104   9 319 273   0 367 267]
  [  0 391 251 264 390 220 307 202  13 392 101 349   0 318  51 177 370
    33 251 273  22 376   9 248 301 135  33  24 376 105  63 369 240 308
    58  42  71 256 188  56 285 315  85 116 266   0 135  94 225 161 112
    90 253 377  23 355  10 311 356  28  42   3 169 352 260 204 336 379
   129 155 289  19  63 132 241 139 226 205 158   0 270]
  [  0 383  65  24 129 287 115 127 102 236 174 319 259 316  21 340 188
    59 360  12  69 198   4  41 122  25  20 198 369 324 288 114 162 110
   355  41 354 297 278 324 213 207 231 290 120 304  64 265 251 187 294
   212 215  87   2 247  85  76 307 250  53 126 284  18 164 176 226 377
   152  80 368 123 298 380 168 376 310 304  64 216   0]]]
release_time
[   0 1099  954 1016  912 1139  616 1035 1033 1093   92 1040  639   67
  883  839  912  916 1029  963 1103  916  994 1024 1051 1063  745   34
  341  790  956 1014  392 1061  284 1158  712 1105 1170  799  871  825
 1068 1024  864  966 1021 1023    1  864  814 1012  910  899  995  469
 1084 1094  920  566 1034 1098 1116  986 1082  890 1114  853   48  813
    4  948  980  921 1139  538  848 1029  101 1065  927]
due_date
[   0 1099  990 1092  949 1160  663 1095 1068 1114  146 1048  741   70
  938  873  913  956 1106 1003 1137 1005 1044 1046 1064 1126  808  100
  345  850  982 1057  470 1131  308 1188  754 1167 1196  888  886  902
 1142 1080  972 1046 1036 1031    4  928  835 1055  913  974 1010  505
 1090 1170  941  586 1096 1153 1201 1069 1139  973 1129  865   61  872
   21  997  985 1000 1187  553  875 1073  155 1137  970]
unit_emission
[ 3  6  3 17 12 18  5 16 18 17]
emission_limit
52200.600000000006
setup_severity
2.0
due_tight
0.3
due_range
1.0
release_tight
1
degree_constr
0.8
