mach
10
job_rate
8
weight
[ 0  9  2 10  6  6  5  3  6  4  9  5  9  1  3  6  9  5 10  5  9  8  5  3
  4  3  5  9  4  1  7  9  7  5  1  4  9 10  8  1  5  6  7  7  9  1 10  2
  3 10 10  2  6  4  1  8  5  7  8  3  2  4  9  7  4  3  7  9  8  9  5  2
 10 10 10  4  1  3  7  8  4]
proc_time
[[  0 124  79  90  80  52 111 122  85  85  54 118  98 126 127  97 119 122
   81 103  99  78 128 144  97  80  79 109  87  88  51 143 136 115 144 108
   89  50  77  95 103  50  71  80 114  63 109 128 150  90  92 110 123 121
  121  98 109  85 148  51 108  54  87 129  95 135 136 144  76  91 142  85
   77 150 137 106  91  58  93 132  90]
 [  0  71 147 144 124 127 112 135  72  89  66 141 125 120  98  73  79 146
  110 148 128  76 128  67 101 127 136  69  88 101 108 126  67  73  89 134
   94 136  90 130 117 109  65 112 125 133  66  85  99 116  68 113 127  77
  147 102 112 124 127 121  79 109  67 114 121  53 101  99  77 106 129 101
   77  63  96 110  88  94 119  91  71]
 [  0 101 122 105  57  94 123 144  52 133  73  95 114 140  82 130 100 100
   95  51 124 102 133  60 125  66  92 127  75  90 146  80  74 100 116 135
  114 121  64  83  54 138  84 127  70 138  50  95  84 105  79 138 143 148
  106 126  70 117 142 140 126  71 140 124  94  67  86 127  91 113 127  56
  134 106 145  53 101  65 123 150  78]
 [  0  70 120 148  57 103  59 116 104 106  99 100  94  62  99 132 107 133
   68  69 143  91  75 109 102  59 102 110  60 117 146  77 110  55 120  63
  132  87  92  60  56  52  90 109 140 108 122 119  63  76  86 142 116 110
  120  54  67 108 128 114  98  58 142  76 119 126 133 149  70 137 101 120
  110 121  65 135 114  97 125 124 113]
 [  0  61  91 107  86 118 102  73  70 106  73  88  86  54  93  84  85  84
  123  51 132  50  96  55 126 135  56 145 102  99 135 100  67 143 136 111
   77 149  50  53  71 114  55 121  58  98 146  70  64  67 133 102 116  79
   76  95 114 132  69 125  85  75 125 130  57 141 108 109 102 124 138 146
  118  59  79  98 131 141  70  99 143]
 [  0  67  80  75  98 148  88  73  85 141 114  75 132 147 119  89  55 111
   91  88 125  82 115 147 128  81  79  73 107 115  81  57 145 137 134 150
   84  83  61  66  95 137 100 132  70 121  54 140  65  60 113 134  92  63
   62  76 127 130  53  61 143 139  89 128  50 101  61 106  68 137  52 109
  138 127  91 134 100 145 112 124  87]
 [  0 125 127 126  91  97  89  93 150 127 142 129 126  50 130  63 139 108
   69 141  54 116  55  51  53  82 110  74 142  96 118  64 140  70 132  68
   78 122  76  76  58 122 113 120 142 150 120  75 116 150 143  50 126  50
   91 139 104 150  61  93 144 150  79  88 122 121  64 150  54  74 103 125
   69  62  88  60  77 145  55  75  61]
 [  0 138 114 127 117 132 125  52  66 143  98 140 107 147 107 108  92  90
   51  92 119  64 137 108  86  73 141  89  56  99  60  74  99 123 118  51
  108  75  72 135  52  50  83  99  94  92  68 120 109 149 133 104  86  91
  129  75  93 124 119  60  99 110  90  59 149 123  97  83 120  59  67 134
   62  73 118  86  91  78  66 111  57]
 [  0  53  82 121  83 128  55 115  93 126  70  65  63  62 148 106 134  76
  142 117 109 116 122  71 101  59  60 139  64 129 110  96 120  89 135  77
   91 123 149 100 124 113  66  54 114  95  89  60  94 132 129  74 140 110
  125 131 126 103 106 115 119  75 139 111  71  93 134 141 135 120 144  75
  118 135  58  73 107  74 101  82 130]
 [  0  59  81  87  93 112  98 138 125  66  51  88  78 148  69  68  57  97
   75 113  63  86 119 148  89 105  68 144 111  93  73 113  65  81 132  81
  118  99 114  66 108  82  79  52  97  70 116 139 110  51 108  57 105  54
   54  94 139  52  51 142  82  88 114  82 143 147  84  62 148 108  61  91
  105 145 103 139  95 124  96 140 134]]
setup_time
[[[  0 403 158  67  24  27 205  18 218 113 140 158 233 352  71 367 355
   315   0 374 128  61 315 299 390 194 258  79 296 113 144 158 403 134
   351  64 122 279 152 208 159 146 159 199 143 139 195 278 102 389 171
   384 101 349 307  29 128 256 125  49 355  37 343 199  37  84 186 208
   214 169   2 159  64 146  31  43 242 361 233 322 120]
  [  0   0 322 168 124 357   1 323  26 201 216 396  19 139 217 371 308
   124 402 283  77  15 327 389  36 168  77 229 326  89 160 279 108 301
   371  22 358   4  80  32 198 336 338 356 380 322  20 337 305  22  56
   129 297 266 175  64 315  85 371 345  90 216 242 163 240 207 389 239
    54 324  41 193 124 288 264  12 109 102 124 242 322]
  [  0 227   0 132  84 351 364 259  48 256 347 224 321 302 232   5  93
    97 370 114 177 174 229 354   4  18 285 329  15 344 287  64 360 214
    55 225 217  36 192 382  58 155  71  29 246 184  88 189  13 309 104
   360 242 182 350 168 238 103 118 258  42 114  89 224 158 124 308 336
   213 217  47  63  18 165 291 106 211 213 296 216 222]
  [  0 359 152   0 256 304 292 187 311 250 155 324 302 106  54 261 130
   219 109 382 110  95 375 280 137 359  87 396  53  14  68 280 324 112
   309  12 158   4 223 102 240 250  89 348   4 261 306  66 263 368  12
   143 376  26 371  76  52 113 113 190 153 326 197   6 337 325 242 402
   194 296  53 336 343 121 314 131 251 136  17  60 190]
  [  0 393 258  77   0  55 137 293 350  61 248  79 149 145 154 131 271
   113 370 167  82 238 353  88 244 245 369 291  10 262 119 386 103 319
   348 242 256 133  16 387 274  83 100 349 125  54 300 137  11 203 196
   247 234 169 214 187 353 243  68  39 307 400 334 181 274 225 137 194
   302 272 360 371 244  65 307 246 256 199 339 205 156]
  [  0 288 143  36 323   0 166 391 145 343 401 223 279 195  51 214 225
   348 263 206 332 372 120 227 366   0 193 284 214  87 199 241  30 112
   203 310 330 391 381  50 347 254 140 224 351 350  17 263  42 298 180
   214  36 108 134 160 218   1  35  45 315 217 125  57 361 121 227  28
   282 267 277 398 173  19 124 347 387 244 165 249 120]
  [  0  76 298  67 354 124   0 245 229 399 325  60  76 133 364  31  44
   187 303  98 187 205 332 343  80  17 218  90  22 198 116  87 273 382
    32  15 241 254 352 175 370 285 131  22 364 222 255 403 383 310 100
   299  24 106  27 184  94 245 162 224  82 275 318  86 265 221 211  33
    35 122 310  43   6 137  48 118   3 164 109 357  56]
  [  0  18 372 169 400  29 164   0  93 102  20 195  10 316  29  99 153
   314 234 331 392  91 263 146 147 373 368 193 338 279  89 125 222 131
   157 249  22 227 339 303 119 297 117  94 350 297 195 283 142 389 154
   214 263 323 279 363 343 160  48 237 262 150  12 320 115 220 284 128
   223 281 212  47 381  69 164 204 399  20 275  61  42]
  [  0 239 237 281 258 362 100 200   0 183 174 336 365 338 303  77 168
   333  71 105  94 171  62 169 247  36 256 191 221 293 350 112 186 226
   117 390 381 400 321 196 311  67 279 383 373  51 210 119  18 129 378
   208 159 240 359 262 120 188 230  67  20 152 180 278  27 261 119 246
   152 294 242 184 240 336  73 104 269 212 119  75 268]
  [  0   6 100 122 107 365 200  75 144   0 275 131 303 339 145  91  76
   305 249 269  41  40  81 341   9 208 151 222 138 142 138 237 180  44
   243 401  70 236 135 162 389  54 134 168 388 376 158 283 207  68 259
   367 285 177  98 283 132 394 105 199 256 317 165  37  60 103  71 259
   147 264 194 142  32 169  33  22  14 362 335  60 244]
  [  0 304  60 352  19 107 378 132 344  94   0 146 140 361 127  55 300
   138  71 248 131 349 118  74 221 360 134 184 331 117 351 198 223 339
   188 307 121 170 127  75 298 246 212 403 283 205 186 267 357  29  39
    51 173 237 368 319 215  52 367 221 304 388  61 264 316 102 146  14
   381 191 308 221 368  60 175 391 189 403 161 312  66]
  [  0 357 106 320 376 227 176  81  45 372 326   0  45 388 158 262 158
   212 161 282 378 201 194 302  70 402 189 138 223 375 100 113   9  78
    18 155 189 396 348  69 308 278 193 158 128 261  20 176  88 245 114
   245  94  79 242  19 230 315 209 355 257 354 145 192  83 390   8 242
   252 100 254  52 239 146  80 223  86 282 300 272 221]
  [  0 341 223 281 207 243 106 167 300 240  47  23   0 268 342  62 245
    45  64 330 318 361  36 214 353 342  33 278 119 322   3  99 194 165
   294  36 254  18 106 157 213 345  85 297  38 388  64 148 182 337 184
    35 245 124 232  68  54 338 185 372 189 153 113 290 336   4  15 104
   126 133 403 362 184 293  33  26 288  21 178 131 320]
  [  0  39   0  32   5 175  90  63   8 216 200 377 266   0 332 160 185
   364   9  61 275  11 332 154 133 125   4 204 207 202   2 267 203  25
   331 403  39 403  92 254 312 112  49 246 320 125 125 160  85 332 253
   292 336 100 254 198 399  49  42 361  66 276 205 365  82 211 321 127
   204  24 341 334 276 347 258 367 184  24  60 269  44]
  [  0 222 346 223 252 120 250 336 351 165  31 365 311 384   0 338  56
   166  48 224 150 358 236 219  78 102  75 352 325 295 212 183  25 181
   333 373  77 363 228 388  55 356 250 240  54  31 359 148 109 208 307
   152 112 104 122 231  75  34 215 304 355 299  44 260  79 266 278  77
   156 394 250 391 333 350 307 298 332  85 255   8 377]
  [  0 347 346  78 197 135 306 314 309 355   8 100 210  81 378   0 107
    37 140 223 241 170 272 365 155 170 322  30  73 330 294 313 140  66
   399 313 286 316 164 342 396 282 370 242 299 297 325 159 324  18 346
   251 292 130 139 306   1 130 196 214 264 101 391 395 180 255 245 290
     5  95 311 375 393  45 378 190 325 278 344  63 189]
  [  0 175 249 154  64  73  88 202  16 125 255 267  79 356 214  63   0
    67 100  94 220 346 220  54  56 321 373 108 339 376  31 388  95 361
   118 335 306  17 129  52  32 272 122 155   0  89 167 365 331  35  40
   256  47 312 253  13  91 119 327 332 343 114  54 340 111 164 272 289
   376 397 327 224 159 117 266  12 393 169 333 269 403]
  [  0 305 352 399 200 355 138 312  50  51 245 207 121 114 328  94 261
     0  42 340 252 240 234  73 192 317 400 115 129  97 214 225 338 250
     8 298  72 205 216  88 293 128  39 231 209 144 112 153 221 121 346
   180  68 316  55 180  24 379  69 325  32 223 288 234 195  89  44 274
   381 102  88  64 366 259  31 325 134 149 312 128  14]
  [  0 350  15 204  58 273 210  94  41 218  75  72 136 299 257 320 209
    89   0 273 275 299 296 261 245  93 352 385 206  74 235 191 345  83
   136 313  93  51 293  57  32 233 100  86 189  42 238 128 188 106  73
   308 221 321 147 223 268 232 212 227 317 344  81 279 281 363 290   1
   191 285 106 109 368 336   5  88 222  63 335  39 274]
  [  0  15 199 135 264  68 283 185 302 350  78   9 155 129 165   3 210
   248 284   0 271 334  14 192 342  45 271  59 233  82 127 367  58 182
   277 157  92 334 147 152 174 311 263  75 403 264 187 159 144 184 238
   328 320 198 123 225 234  46 240 328 119 392 298   4 264 376 350 372
   371 133  51 101 197 298 222 401  57 203  54  29 305]
  [  0 222 217 217 281  99 256  28 286 205 162 115 294 245 335 262 255
     6 109 345   0 258 134 385 202 125 344  15 242  76 122  72 260 300
     8 193 303 250 323  81 133  53 362 135 105   1 246 376  20 392 290
    89   8 257  45 167 219 148 183 192 351 128 401 204 125 302 346 397
   333  60 262 144 199 184 156  42  47 329 166  22  59]
  [  0 216 333 171 145 396 218 179 163 321 124 121 180 116 206 274 159
   370  68 274  34   0  96 251 240 126  68 357 353  40 138 228 383 186
   393 380  46 152 332   0 285  69 334 104 128 104  69 270 190 209 354
   187 402 392 312 324  37 368 199 193 298 330  93 229 271 328 304  94
   181  86 303 382 253   0  17 101 221 130 271  29  14]
  [  0 231 339 365 305  91  38 146 204  27 374 369 223 373 226 197 134
    34 375  91 170 400   0 237 265 316 317 235   0 351 364 403 105 299
    48  83 127 309  41 328 395 354 235  96 160 327 266 330 360 327 220
   360  74 371 154 311  21   4   2  52 235 237 106  13 284  80 346 181
   336   3 219 229  69  92 139 148 219 113 279  31 291]
  [  0  61 355 369 341 314 380  32 400 354 265  28 299 294 159 296 276
    56 100 194  38 281  58   0 267 273 229 104 324 111 385 174 129 334
   239 254 152 369 288 357 168 260 322 273 301  83 387 303 355 353  16
   397 332   3 341 164 124 203 321 342 335 166  17 269  81 258  68 148
   198  70 146 106  30  15 300  49 380  45 178 160 289]
  [  0 352 214 122 266 394  39  77   8 132 270 145 194 340 273  61 349
   294 367 247 316 328 402 228   0 337 303 206  13 168  80 207 199  40
   200  99  94 295 166 398  95   0 331 185 214  77 383 250 251 118 288
   357  36 167 351 359 100 135 338 130  15 368 219 215 198   3 278 270
    23 127  16  94 172 248  21 327  43 253 169 106 322]
  [  0  89 331 113 298  35 401 219 381 345 340 394 136 138 134 337  91
   301 162 216 322  60 269 141 212   0 120 262 311 331  42 301 396 170
   332 395 379 392 149  98 170  57 274 123 125 191 118 335 199 173 320
    18   3  98 259 225 113 203 311 344 167 385 238 335 373 257 186 198
    29 297 360 190 290 203 383  69 234 154 366 163 162]
  [  0 155 120 100 103 304 183 318 256 252 299  21 300 222 123 285  14
    91 302 142 126 199 221 219 314 207   0 182 355  80 262 195 251 265
    76 292 191 163 150 294 186  75  77 111 358 224 341  25 199 122 193
   197  47 282 112 223 156 171  24 275 296 253 276  48 385  50  47  24
   267 258  87  69 319 304 300 379 293 107 209 295  88]
  [  0 336 107 314 387 373 347 148  91 317 374 213 316 280 181 284 264
    70 310 265 341 392 147 147 262 177  69   0 333 161 159  24 200 213
    81 156  87 229 289 110 241  71 378 304  10 114 274  21  26 317 223
   298 290 128  77  77  59 217 253  61 215 122  63  54 160 239  49 208
   257 391 348 104  74 283 227 276 225 263 244 251 176]
  [  0 248 230 304 169 360 259 389  39 182   1 250 155 176 353  70 378
   337 339 251 282 397 155 391 167 208 171 205   0 148 378 279  51  28
   172 237   2 258 377 298 394 126 324 203 269 216 191  92  12 355 357
   141 350 141 230 209 217 137 364 335 169 247 290 216  94 152 193  31
   176 259  18  14 294 203  68 133 224 350 337 266 106]
  [  0 334 339 226   9 235 117  84  81 186 140  84 241  32 333 383 324
    32 353 374 124 396 138 344  99 270 166   3 377   0 335 238 360 344
   143 398  65  16 115 354  27 312  67 132 397 188 237 354 383  46 383
   137  42 314 338 391 265  81 365   4  63 220 377 202 258 365 105 113
   394 326 362  93 118   3 198 205 260 219 123 226  82]
  [  0 243 287 321  13  71  78  56  14 115 190 365 265 222   5 281 179
   216  66 215 132 131  93 299 251 188 265 352 161 351   0 329 213 197
     6 144  62 393 150  73 397 230 155 153 349 370 310  10 293  50  27
    22 322  22 218 219 173 219 260 245 106 216 158 242 391  40 150 288
   210 236  93 316 180 192 239 402 222  85  56 174 207]
  [  0 176  30 333 178 215 351 184   2 389 285 390 109 300  61  21 202
   114 341 104 158 148 393 212   9 289 359 119  75  64 325   0 190  57
   359 363 372 102 229  43 278 220 336  91 308 246 295 372  99  13 296
   330 205  74  83 158 110 213 365  85 325 273 274 232  47 115  86 150
   279 378 305 278  68 101 200 316 379 347 297  33 134]
  [  0 377 200 254 137 388  47 206 306 159  75  31   2 185  13 208 262
   156  27 114 156   9 306  56 239 171 291 130 380 141 216  57   0 170
   198 140 395 354 379 403 120  69 334 259 145  66 313 110 168 293 309
   208 298 279 187  86  45 180  77 264 153 396 158 400  74 233 221 327
   122 158 104 124 253  26 326 345  23 306 214 212 210]
  [  0 361 120  62  27   8 153 340  60   3 272 122 231 120 334 115 317
   398 159 250 399 127 387 324 202 335   9 221   8  10 199   6  67   0
   325  59 197 223 100  46 253 160 394 362   8 113 392  68 337 240 359
   142  58  93 358  15 163  41 232 299  39 208 332  75 312 186 311 357
    31 289 353 336   5  15 364 336 222 278 216 181 366]
  [  0 372  93 303 209 116 355 279  51 188 306 388 305  56 151 207 304
    61 237 179 154  33  69  53  89 186  81  26  43 291 333  35 377  36
     0  42  24  54  29 285 234 387 282  79 166  17  75 143 267 187  42
   332  43 349 216 318  99 291 305 266  36 111  13 292 364 172  41 189
     5 383 313 273  31  12 335   9 138 261 233 123  51]
  [  0 201 193 145 109 198 286 284 104 295 141  34 396 108  16 107 128
    74 384 157 237  57 108  41 179 320 201  11 271  87 103 392  20  81
   202   0 316 132 394  53 360 334 126 289 201 384 144  85 303 373 135
   297 305  12 360 196 199 112 338 169 330 256 170  92 282 324 366  15
   188 274 185 253  69 233  77 289 112 299 103 365  65]
  [  0 371  57 254 195 250  31  77 401 343  60 261 240 365  27 247 178
    99  30 191 203 326 216 160 143 399 317 365 131  69 317 304 392 120
   132  74   0  47  84 216  38 358 259 401 261 195 257 136 216  83 188
   138 154   7 105 132 380  15 245 335 153 355  73 314  98 377  32 347
    13 229 314 236 246 382  77 265  63  26 381 325 317]
  [  0 346 241 203  18 293 218 213   4  38 289  38 205 228  20 142 225
   373  52 158  38  47 206 335 314 249 211 379  14 255 191 212 396 200
   281  91  23   0 226  75 133 269  50  32 156 191 203  20  58 159 144
    96  25 208 235 116  18 403  59 126 146  98   3 283 154  75 218  68
    86  69  10 377 117 318 289 400 355 280 293 160 226]
  [  0  58 363 381  95  72 277 112  83 169 381 266 109 316 116 388 321
    14 396 320  29 208 173 139 213 107  87 180   6 331 286 109 353 314
   260  33 210 361   0 204 110 127 250 384 369  74 311 313 398   2 183
   271 210 185 236 304  88 332  83 269 133 229  50  97 383 252 327  11
   253 169  47 380 395  13 120 382 349  27 244 251  89]
  [  0  77 223 386 153 120 335 281 258 162 397 341 219  55 162 307 270
   325  74 127  87 242 355 244 168  49 347 388 283 263 186 103 375 149
   374 230 221 184  47   0  18 265 126 385 259 263 261   9 250 152 300
   280 220 365 106 367 128  86 197  27 283 387  13 230  73 301 159 180
   115  17 325 169  41 200 185 105 341  44 220 251 327]
  [  0 351 362 329 119 389  97 192 219 290 353 284 223 184  81 313 366
   112 271 227 250 224 276   3  90 167 321 211 158 188   6   9 217  90
    56 202 300 189 260 126   0 268 143 193 241 262 244 297 350  99 332
    87 129 244 271 391 207 201 375 403  57  17 300 315  25 395 153 185
   200  84 254 182 304 122 136 297  83 128 186 118  42]
  [  0 238 256  53  50  45 105 356 238 275  71  45 129 375  63 115 271
   174  54  26 143  30  20 156 176 365  88 222 221  20 245 123 316 276
   148 147 148 213 115  32 250   0 357 354 218 333 180 339  30  68 267
   385 391 301 192 354 123 371  67 214 173 381 302 383   8 229 293 283
   187  29 346 319 356 389  47 367 352 402 171 163 246]
  [  0 229 236 153 137 288 392 224 110  34 321 321 266   4 391  15  73
   341 294 286  34  65  54  39 214 263 154 322 203  96 321 308 281  69
    99 332  77 266 255 121 220 324   0 131 333 247  40 199 215 216 310
   115 249 148 164  65 120 264  21 279 292  66 328 397 241 395 384 300
   371 109 138 326 343 148 179 275 317   8 265 247 298]
  [  0 114 125 330  56 311 273 263 146 161 175   9 394 349 199 334 396
   160  73 173 261 382  65 242 401 280 369  95 351 269 243  71 185 118
    59 135  48 102 128 205  52 168 246   0  19 173 367 129 359  85 313
   205 156 237 364 272 238 309 179 191 240 284 105 190 205 331 207  84
   344  89 256 176 226 341 322 298 158 175 360 155 162]
  [  0 165 375  79  73  12 252 212 349 361 329 190 374   8 202  74 132
    45  68 226 189 381 228 176  35 129 192 327 172 104  64  57 308 289
   234 100  37 276 378 189  15 320 388 126   0  36 108  24 106 211 153
    69 291 274 326 238 122 140 395 224 276 259 141 136 381 169  81   2
   166 205 311 240 373 341 116 282 261 185  65  33 218]
  [  0 248 327 111 243 146   2  45 176  76  41 307  32 139 154   7   5
   101  34   0 334  85 300  75 307 241  64  88 146 119 222 115 130 399
   349 229 171 357 159 318 297  86 155 287  85   0 156   1  90  47 250
   188  69 221  37 206  21 299 373 211 377 157   3 101 346 132 354 288
   123  93 179  40 365  70  56 157 176 174  62 109 221]
  [  0 257 136  14 120 290  13 213 276 397 107 295 278 295 255 351 198
    12 340  86 213 234 349 396  78 115 293 107  99 383 124 331 151 319
   111 130 111 169  13  29 165 295  62 297 146 187   0 345 124 233 104
    24  66 244 403 247 148 158 225 155 206   2 223 267 129 217 400 145
   222 203  51 272 286 362 273  58 316 176 183  42 151]
  [  0 129 243 207 244 320  80  47 142 118  63 231 160  99 164  74 270
    92 275 358 291 352  23 186  47 171  69 244 398 384 382  55 354 321
   380  30  47 245 245 402  85 200 305 206 356 232  44   0 155 190 173
    62 381 182  15 165 378  94 183 188  68  79 239 244 393 385  39  77
    80 399 254 313 132 255 162 258 179 107 292 335 197]
  [  0  89 197 373 111 280 103 329 394 149 241 199 165 200 268 294 394
   130  49 252 134 178 114 328 197   6 333 240  75  72 113 399 269 314
   354 290  30 253 196 238 302 133 355  92 170 305 211  81   0  15   5
   106  72  85  99 152 236 176 286 205 201  85 209 150 128 216 317 202
   263 255 210 101 150 360 313  40 155 374  18 275 172]
  [  0 304 242 287 280 396 271  83 117  53 315  11 257 303 342 296 287
    89 178 292  64   7 324 175 144  70 175 235 131 279 384 220  16 402
   328 242  72 133 117 274 326  87 243 402  14 341 126 325  24   0 356
   292 392 259 389  28 102 117 119 378  37  65 131 379 275 369 156  63
    35 335 162 231 285 280  24 222  80  11 246 246 105]
  [  0 229 397 319 102  53 218  55 264 295 392 336 346 382 251 325 342
   397 203 238 202 379 165  68 145  52  20 311 330  11 154 152 256  67
    39 236 111 263 339  39 364  75 233 152  93 121 135 300 365 300   0
    18 154 326  77 231  61 208  97  39  39 129 316 164 151 328 318 333
    75  12 286 170 271  10 110 140 104 267 313 265   8]
  [  0 215 353 199 156 343 298 350  71 157  14   1   0 351 139 370 103
   334  83  20 163 364  67 220 311 164  60  48 162 113 267 210 262  32
   135 387 332 272  15 262 319 299  49 346 179 113  54 174  52 171  95
     0 159 244  31 295 180 268 321 166 183 369 135 240 320  77 245 374
   402 327 386 375 240 220 130 161 146 182 203 280   2]
  [  0  88 364 126 375  65 216 237 234 272 229 111 280 280 324 309 316
   257 355 351 170 238 345 295  66 346 234 134 198 164 317  27  95  55
    46 181 179 157 174 217  81  41 262 397  48 183 323 197 266 316  99
    76   0 296 112 169 234 306 175 117  73 126 271 309 295 354  39  77
   403 335 343 159 175 253 101 289 285 291 377 174 256]
  [  0 161 120 192 163  82  11 285 288 128 398 334 327   0 205  54  19
    99 322 258 325 341  32 136  87 263 126 156 342  61 399 309 303  44
   316 242 198  86 234 227 148 132  23 114  88 382 325 140   3  54  29
   217 361   0 308 263  40 222 151  79 380 274  79  11 185 279 124 341
    78 328 152  16 250  70 345 157  41 191  68  88  61]
  [  0 104 271 383  84 101 260  83 297  68 201  38 332 346 298 348 317
   191 130 113 299 266 174 373 115 321 109  56 391  35 167  78 259 359
   356  83  10 294 200 194 401 120 367 345 340 284 378 194 184 220 304
    34 363   8   0 390 140 161 196 168  71 218 292 269 242 204 297 219
   155 326  97  54 296 190 364 109 195  54 230  37 344]
  [  0  93 375  12 204 125 315 309 217 199 311 185 402  79 286  72 130
   123   4  71 322 340  87 318 314 226  56 315 319  65 365 380 163 244
   387  68  93 367 239 293 272 157   1  76  18 205 318 341  84 275 295
   122 162  45 116   0  31 345  46   3 337 347 183 202 391 388 141   4
   301 328 173 189  96 155  80 280 282 166 134  41 360]
  [  0  39 182   6   0 363 304  51 399 257 136 244 360 175 176 344 259
    40 322 162 268  72  77 238 403 204 338  77   3 131 403 375  92  11
    81 315 355 139 369   1 189 295 345 268 183 156 139 378 171  15 295
   387  52 353  54 299   0 219 401 360 150 182  93 373 199 316 285 403
   107  79 213 385 225 241 341 181 216  48 206 336 152]
  [  0  50 227 216  73 393 345 345  57 387 342 218 135 217 398 126  61
   203 120 391  85 265  14  92  30 342 259 160 126 130 118  34  18  95
   207 376  40 174 339 386  26 177 229 246  65 149 256 160 147 316 148
    53 349   8 155  38 188   0  97  56 258 232 160 159 206  57 244 179
   248 297 139 229  45 240 275 403 331 334 298 191  32]
  [  0 255 120 324 403 224   9 147 251  22 401  68  22 353  43  28 282
   200 315 205 343 195 198 222 132 390 101 253  35 229 392 100 241 163
    46  35 294 382 319 218 234  48 216 329   4 118 299 359 300 123 345
   260 200 296 171 120 333  29   0  41  61 192  29 352  72 394 258 129
   177 248 110 244 217 320  46 300  33 142 110 317 119]
  [  0 390 123 273 199 202 171 299 222 259 395 282 354 275 275  19 171
   387 379  32 189  54 131 324 210 153  16 184 179 400 216 355  67 226
   217 226 392  33 344 109 167 227 170 380  58 345 150 296 171 177  70
    14 157 328  60 208 385  84  69   0 114 330 401 165 268 109 192 319
   189 299 189 281 183 243  58 178 114 177  15   1  50]
  [  0  77 287 306  99 271 322  88 386 183 393 219 191 207 187 270 173
     0 363 118 280 263 356 236 369 338 326 299 377 372 102 375 275 170
   233 237 400  40 229  23 316 211   7 249  90 304  63 281 342 387 269
   337 222  49 304 398  40 282 368  61   0 251 243  48   0 336  91 173
   304  78 128  48 395  66 268 383  84 201 225 265 174]
  [  0 246 347 208 211  61  25  42 204 359 199 191  57 149 320 119 175
   184 287 267 319 356 321 131 391  10 389 128  49 350  48 177 133  39
   138 288 223 164 395 276 220 347 155  64 196 185  12  51 282   3 348
    51 273   6 346 387 265 355 155 120 273   0 387   2 366 347 234 176
    86 270 311 185 329 191  27  43 400 173 377  53 177]
  [  0 185 360 175 133 243 147  24 180 279 180 301 125 197 233  94 234
   158 328 340  52 387 198 369   2 252 170  73 121 386   7  15 305 367
   202 245 271 290 316  26 385 227 243 288 193   1  70 401  95  20 206
    23 286 161 184 267 388   6 279  54 243   8   0  78  50 295  10 273
    80 300   4 355 373  23  42  96 100 216 384  28  60]
  [  0 258  86 316 296 279 197 391 154 311 235  17 127  24 240 248 251
   377 152 393 283 258 273 361 205  76 277  81 108 359 325 396  41  64
   110 378 281 338 327  58 272 151 104 121 139 304 259 112 328 239  64
    41   5 328 184  53  86 387 242 266 318 199 327   0  73   6 376 111
   393 260   3 272 121 395 298 401 281 149 222  29 277]
  [  0  91 194 363  74 163 206 197 175 115 270 224 211 209 187 385 102
   316  76 242 276  40 102 390  62 198 298 383  82  32  64 144  22 340
    96  34  95 379 105 158  16 193  87 148 189 161 338  27  10 172 337
   146 321 381 343 114  81  38  34 277 202 324 157 400   0 311 176 219
   163 201 165  17  65 395  89 289 336 248 129  85 349]
  [  0 396  28 204 125  40   8  12 291 345 305 130 172 131 313 367 258
   188 290 331 136 261 341 256  49 337  68  35 156  50  52 200  27 208
    38 186  27 119  72 276 289 302 373 233 117 254 136 356 352  17  40
   251 125 382 181 179 376 315 329 211  81 109  66 304   8   0 152 179
   314 282 353 120 107 302 150 131 311  44 144 380 383]
  [  0  97  16  13  16 328 203  52 241  82  63  54 128 308 344 200 205
   235 354  62 188 286 165 160 238 337 147  66  15  62   6 123  30  99
   101 196  11 157 217 337 372 182 399 239 362 268 289  38 135 362 386
   101 274 105 135 239 105 124 148 234 120 339 130 229  77 363   0  24
   342 403  75  29 296 215 196 389 293 395 191 320 318]
  [  0   8 336  10 289 400 376 340 284 108  16 209 337 330 289 337 218
   198  45 128 297 131  12 269 363 385 123 255 256 300 324 209 183 146
   239 235 155 397 370 193 280 390 238 134 372 226  62 218 142 186 116
   241 189 378 157  29 366 367  35 221  19 398 124 245 311  78 397   0
   212  26 344 254 338 276 350 193 352 170 156 335  54]
  [  0 183 314 161   1 401 350 100 357 303  17 377  66 304 249 162 230
   191 341 250  71 219 252 154  78  53 157  82 213 149 314 158 237  78
   326 200 349 214 311 208 398 369 401 350 227   5 396 189 227 253 308
   395 381 299  32  66  27 193 318 134 161   6 344 150 247 316  77 191
     0 265  18 284 232  29   5 105 119 283  68  86 141]
  [  0 402  41 199   0 230 352 170  39 302 233 107 288 109 233  45  26
   267 395 391  72 382  77 395 136 371  73 165 191 110 168 402 162  81
   344 292 237 180  62 312  69 383 361  80 388 394 161 353 385  54  80
     6 338 384 346 293 297 335 278 155 274  40 334  45  21  76  85 314
   132   0 154 192 224 380 374 201 358 123 281 295 276]
  [  0 132 155 390   4 139  75 373   1 298 379 390 224 362  73  75 147
    24 252  17 380  52  25 150  24  72 287 105 211 178 372 235 152 259
   320  64  31  13 270 190  97 251  31 179  68 228 190  23 350 277  10
   122 383 133 364 379 241 175 159 338 267 313 116 177 148 224 379  16
    23  54   0 319 258 388 162 252 198 153 137 291 215]
  [  0 298 186 227  65  30 288 318 281 398 337 309 265  25  45 294 164
   170  67 303 302 129 247 215  96 183 309 217 281  79 228 378 238 252
   192 294 379 230 209 228 371 371 185  45  41  11 277  32 312 362  45
   283 342 163  83  23 268 312 107 221 342 385 189 176 380 197 330  43
   347  23 361   0 363 206 266 225   2 325 151 195  80]
  [  0 252 396 307 241 146  36 393 127 174 142  98 330 177 291 117   8
   319 292  44  75 145 211 241 160 118 211 124 192 180 300  87   0  10
   326 227 382  58 118 397 194 244 181 250 256 309 372 248 369 209 143
   203 210 227 289 238  66 279 175  95   4 353 371 126 252  76 168 153
   381 386 304 264   0 169 140 100  88 307 299  96 120]
  [  0 320 257 212 379 385 156  45  85 148 247 215 307 261 119  82  11
   347  73  45  90 376  47 115 252 240 303 353  76 157 167 134 107 185
   142  15 171 343  47 243 128 133  74  19 258 289 386 244 320 272  10
    19 295 106 251  23  25 273 308  26  33 100 313 193 294 299 102 210
   145 249 229 256 181   0 326 350 215  24  11 171   1]
  [  0 297 368 256 271  46  86 370 103  45 279 159  24  44 228 255 148
    32 177 261 194 386 287 142 202 257   1  25   1 284   4 130 112 137
   206 144 178 277 221 205 333 193 254 263  51 192 276 320 268 186 241
   170 119 156 358 101 278 164 396 165 140  42  28  57  14 303 282 235
   302 239 293  50 371 317   0 337  52  60 226 327 211]
  [  0 376 100  26 369 391 264 301 150 131  21 320 105 297 186 365 300
   240 306  46 105 306 229 382 303 124  48 154  12 103 330 124 148 293
   226 403 319  52 283  88  50 278  21 214 370 337 211  29 363 126 332
   209 152 164 218 379 317 291 125 317 274 361 231  63 326 394  62 173
   210 365 270  83 348 203 144   0 235 195  99 150 207]
  [  0  95 178 172 231 251 185  16 218 102  79 220 266 192 178 211 283
   192  51 392 269  79 117 161 345 310  57 390  81 265 200  92  66 324
     6  69 118 313 255 330 401 273 255 308  21 293 172  72  67  80 202
    88 391 295 281 317 187 358 356  56  23 192 138 309 230 307 199  83
   149 278  64 248 196  61 193  31   0 281 153 328 156]
  [  0 259 113 313 155 142 251 178 212  71 187 311 224 331 185 206 170
   398 322 188 195 346 364 152 182  98 181 106 148  14 367  97 146 245
    12   0 237 383  45 385 124 301 201   7   0  91 377 196 169   7  54
   175 157 331 314  40 176  30 204 178 136 286 308 113 236  48  87  13
    18 175 238  80 243  91 315  58 116   0 267 170 176]
  [  0  27 302  92 301 154 102 350 317 212 197 377 214   0 353 332   1
    33 170 216 306  12 146 194 312 183  68  62 187 214 148 147 127 353
   390 399 116  99  37 377 335 322  24  34 318 189  70 163  26 238 332
   344 301   2 164 368 146 270 295 128  64 148 305 276  43 216 157 302
   192 107 370  65 179  78 328 305  37 245   0  88 254]
  [  0 314 194 244 145 293 358 270 353 169  38 199  39 116 277 147  66
   132 364  20 343 311 383 392  68  39 120 146  12 330  50 138 133 401
   263  60 395 177  17 176 282 256 332 118 121  63 359 143 205 313 163
   234 107 234 200 167 169 205 298  30 378 142 301 351  48 337  97 373
    85 130 120 101 233  87 150 217 328 285 118   0 280]
  [  0 278  82 221 376 296 399 335 402 322  26 400 210  74 192   5  29
    92 322  23 390 169 116  66 108 217 293 262  70 368 223 163 167 394
   317  41  77 332 108 179 179  47 240 151 256 151 111 293 337 100 338
   307 123  75 140  59 199 152  51 275  41 294  10 100 119 183 116  98
   332  35 181 307 212 260   5   5 155  20 325  43   0]]

 [[  0 320  12 329 360 362 178   4 298   4 127  37 304 350 286 360  95
   184 293 266 368 235 219 291 183 238 217 147 139 104 139 364 147 232
   226 157 388 286 277 276 387 210 399 394 191 206  83 195 393  70 325
   372  87 297 286 289 309 283 121 233 387 133 104 165 213 265  46 368
   373 173 318  96 245 216  65 179 129  30 298  13 133]
  [  0   0  77 363 220 385 198 168 149  70  52  92 382 334 232 255 174
   165 225  12 396 360 303  67 386  63  64  53  49 388 172 250 176 175
   229 168 199 202 260 314 227 270 119 100  26  79  91 302 370 234 227
    43 272 176 343 316 137 112  73 335 259 215 208 154 162 113 195 223
   325 163  19 212 204  39 330 231 358 131 379 322 216]
  [  0 357   0 220 370 240 208 383 130 316 133  54 144  33 185 346 337
   146 387 175 198 287 355  50  22  78  43 308 360 178  63  73 133  80
   335 317  36 282 161 387  47 164 207 360 402 109 361  93 103 143   2
     7 123 263 231 225 353  48 325 305  39 245 306 186 360 173 393  95
   191  79 213 403 134 179  56 170 212 286 198 256 191]
  [  0 190 112   0 392 378 126 196 379 274 374 218 125 176 369 368 313
   392  51  86 279 307 371 125 258 270 137 306 226 272 107  31   3 206
    90  10 307 209  47  64 378 316 184 289  83 106 137 340 403 138 210
   165 327 277 272 117 135  66  80 373 345 200  55 138  27 162 151 163
    10  41 156 242 264 237 289 374 303 197 226 136 303]
  [  0 191 302 380   0 302 292  95 223 262  86  79 113  92 133 371  73
   251  25 103  12 383 142 342 337 342 381  20 262 395 284  89 230 189
   261  11  76 354 165 397 255  90 233  67 330  13 259 167  77 125 228
   284 260 137 161 250 383 221  15 381 242   0 313 315  46 174   1 388
   114 335 219 376 231   7 244 396 376 394  97 273  97]
  [  0 167 313 358 227   0 399 207 139 172  50 360 255 363 132 130 232
   162 226 285 318 287 266 333 374 303 351 363 255 257 263  63 382 156
    15  30  56 120  95 211  68 388  49 221  93 303   7 237 313 100 143
    24   9 138   8  89 322 327 178  83 306 291 262  66 182  18  23 326
    21  26  67 295  52  56 302 290  60  38 399   5  54]
  [  0 232 318 314 190 154   0 220 107 314 339 197 231 253 400 360 292
    15 346 103  67  65 105 346 157 375 110 350 294 288 237 338  84  83
     4 339  76 155 196  50  20  60 260 172 288 147 122 238 236 360 341
    26 368  84  53  17 223  42 236 130 321 315 263  53 241  63 361  78
   147 376  78 268 298  13 308 384 208 173 141 351 294]
  [  0 189   9  75  87 309 320   0 171 228 311 251 103 270 199 254 124
   153 188 153 386 155 111 380 323 108 380 234 217 249 214 394 203 255
   360 162 149 131 175  26 245 368  64 125 324 276  48 258 384 301 223
   327  21 114   4  54  64 291 189 312 210  96 347 375 246 252  96 232
   272 203 282 397  18 319 194  19 278 344 243 131 290]
  [  0 296 157 322  77 308 358 244   0 227 361 186  49 360  57  18 244
   189  67 401 219 141 225 122 306 237 105 254 283   1  33  61 154 351
   127 246  49 339 344  80  26 288 191 229 253 277 208 348 353 173   2
   230 351 110  67 348 307 386 245 134 202 185 131 372  68 357 305 178
    41 377 330 243 111 398 172 137 275 187 244 325 336]
  [  0 273 259  97  32 398  62 164 312   0 209 385  36 278 300 214 387
     5  30 241 196 326  41 167 232 364 370 305 287 168 280 340 154 310
     4  79 380 347 139  91 356 397 157 298 284 364 309 123 358 346 382
   112  89 371 192 150 167  29 193 103 198 290 384 398 335 210 101 286
    94 243 188  63 255 284 347 181 380  60 134 330 177]
  [  0 114  46  60 256 339 247 180 145 396   0 128  58 309  83 254 300
   331 252 186 397 213 148 384  80  19 144 355 403 136 247 118 210 369
   330 158 224 160  12 110 292 118  39 124  43  33 142  91 165 143 392
    11  15  42  94 284 115 345 181 322 170 177   7 298 178  34 120   8
   293  88  98  29 189 153 316 302 291 170 159  42 275]
  [  0 144 177  84 331 100   1 369 128 336 179   0  14 294  91   2 259
   237  83 335 193 229 285  20  95  10 102 164 388 250 214 256  73 193
   204 341 139 135 289   0 204 381 367 165 359 380 359 228  97 231 158
   275 384 252 381  54  17 349 188 385  92 156 196 345 238 120  42 129
   356  63 293  26 183 288  81 164  57 142  24  18  30]
  [  0 182 148 315 182 111  85 292  29 293  63 352   0 320  39 254  67
   124  96 354  15  72 145 141 341  83 155 303  84  71  81 361  71 123
   352 193 112 236 139 325 367 125 116 367  49 201  47 210 402 391 138
   122  17 165 215  91 254 331 260 341 362  19 172 355 322 137 122 226
   197   1 128  46  67  35 133 352 342  78 399   9  35]
  [  0 245 317 157 223 392 189 203 264 229 311  67 248   0 269 365 326
   367 230 191  11  53 367 123 239 139 132 359 373  15 235 166 341 131
   136 384 379 358 387 305 268 402 266 370 245 129 133 239 293  13   2
    48  72 394 182   4 403 230  33 136  56  74  30  71 273 311 381  47
   199 121 399 114 258 169  25 328  17 345 129  69 214]
  [  0  22   9 175 278 320 390 267 329 401 339 186 108 340   0  23 374
    53 367 384   7 241 327 271  40  66 113  77 358  38  69 191 291 262
   363 257 220 289  56 297 275  19 185  46 193  14  15  46 187  15  68
   156 211 367 334 319 233 390 207 403 127 148 233  90 133 314 373 235
   187  95  66 172 196  68  20  60 385  20 361 189  97]
  [  0 147 385 351 131 235 126 232 156 331 108 113 276 108  44   0 225
   258 351 381 114 244 215  90 172 324 120  50 331 107  32 163  18 353
    36 104 236  41 339 210 209  76 181   1  34 229 280  78   0 236   2
    89  94 143  24  79  91 130  47 262 190 383 246 222  68  65  72 390
   151 363 141  49  76 137  33 309  49 262 118 247 120]
  [  0 219 171 250 312 136  92 358 293 178 287 387  21 144 246 304   0
   355 286  35 150 110  29 141 281 347  71 270 166 117  98 249 147 395
   252 199 343 105 197 173 250 164 124 259 112 318 305 191 155 142 205
   259 205 256  76 310 206   1  70 201 392 358 254 249 323  67  81  83
    95  36 400 181 382 243 394 301 268 338  30  77 392]
  [  0 110 140  63 319 236 259 163  49   2 268 104  40 316 251 381 257
     0 145 244 126  67 148 180 291 178  20 322  34 331 141 361 364 152
    81 104 181 271 403 169  38 300 346 403 300 268 401  67 385 183 167
   139 180 381 330 130 345 222 195 199  78 219 211 347 330 318 164 235
   339 375 300  22 203 351 308   2 373 229  57 144 265]
  [  0 131  82  77 245 389 295 224 244 216 281  59  37 331 391 233  76
   196   0  75 151  44 325 247 110 248 154 154 181 303 108  50  11 184
   266 296  87 394 320 361 313 241 397 175 264  56 379 190 272  90  72
   331 204 322 379 275  56 176  66 321 377 143 223 370 334 359 135 266
   356 357 256 178 383 284 118  97 225 365 393  61 236]
  [  0 369 132  50  36 135 175 226 129 143 230 298 150 113 214 186 181
   104 285   0 238 291 378  39 220 370 370 193 253 292 198 372 178 286
    10 157 113  62 334  91 209 176  70  88  10 209 231 272 297 400 329
   344 240  39  58  87 402 352 360 152 295 158 396 321 282 354 150 129
    30  83  53 371 101 353  85 228   6 219  52  75 123]
  [  0 110  39  32 103 288  86 376 397  61 256 269 212  45  60 209 273
   200 297 324   0 377   0 292 342  67 283 205 391 163   4 117 262 365
   274  42 111  56 123  47 170 261 193   4 112 256 344 390  13 131 185
   394  34  71  18   9 129 349 305   3 158 182 233 268  13 151 134 356
   184   4 273   5  65  89 101 185 136 120 244 126 120]
  [  0 121 127 215 264   2 295 249  27 390 295  19 209 295 337 332 389
    85 350 271 394   0 293 370 309 336 365  83  28 216 133 170  81 345
   307 147  58 111 222 205 290 114 169  20  43 402 388  56 126 184  24
   282 329  15  78 383 351 146 307 363 274 355 326 270 323 339 182 315
   101 202 323 312  14  16 259 131 229 244 336  71 251]
  [  0  80 356 390 249  58 260 294 213 183 219 119 116 358 376 294 294
   103  86 261  55 262   0 238  36 255 339 245  66 195 202 198 299  12
   105  89 365 138 374 343 221  22  38 211 282  17 168 207 119 239  44
   263  27 200 211  23 399 177 225 201 363  65 308 155 220 317 225 286
   303 383 149 168 277 250 400 242 212  36 352 341 169]
  [  0 129 164 389  69  58 291 371 231  20 323 211 208 169 342 101 297
   378 113 126 141  19 169   0 274  53 309   2 323  70 391 203 155 206
   179 355 353 313 349 312 288 214 390 305 355 239 379 322 240 184 327
   171 256 112 183 323  73 300 363 321  58 207 206 218 238 352 208  79
   285 375  19 330 128   6 166 195 403 242 383 188 100]
  [  0 219 248 176 371 171 179 377 193 116  69  13 113   2 197 215 261
   179 138 329 351 345 235  74   0  66 356  19 364  89  74 293 196  54
   281 197 242  70 270 225 164 308 270 331  21 111  24 147  20 306 167
   109 170 229 100 203  70 211 364  42  71  19 379  60 381 301 299 301
    67 249 364 289  54  15 335 110 137 275  54 128  13]
  [  0  64  91 236 276 319 301 144 323  63 277  20  11 116  65 396 346
   240 243 301 401 179 391 390 236   0 235 165  99 228 334 394 239 265
   152  64  90 207 250   0 341 203   8 170 339  52  79 354  59 256  13
   154 190   3 262 195 315 326 246 266 339 234 195 376 149  42 388  99
   345   7 269 360   5   8  91 178 333 253 187 243 165]
  [  0  23 313  79 276 235 346 376 283 328 200 204 151 100 385 383 353
   243 142 261 202 217  61  92 370 288   0  71  76 258 400 174 130 274
   153 282 231 108 356 198 137 359 269  40 158 156 330 244   0 368 375
   280 228 266 102 389 303 257 135  20 372  82 344 270 255 298 378  94
   224 312 174 121 118 180 158  10 313  63  43 239 124]
  [  0 364  83 244 340 207 392 364 295 344  54 251  63 356 352 252 245
    12 101 287 133 273  90  94 215 175 244   0  65 168 316 319  77 271
   319 195  46 264 271  16 341 110  35 156 273 196 323  66  43 238 145
   186 380 368 246  67 230  43 182 309 189  78 209 347 343  13 102 145
   240 194  17 371 401 388 300  38 361 315 159  73 106]
  [  0  72  51  39 368 214 347 309  89 392 185 227 244 228 282  71 210
    52 284 208 228  73 302 320 359 135  70 397   0 379 123 298  18 210
   208  10  28 223 310 249 352 163 129 348 382 189 123 350 401 386  77
   247 158 204  17 313 310   5 367 180  38 396 103 345 164 148   8 302
   208 312 249 116 116  97 141 368 355 301 374 101 113]
  [  0 301 155 235 190 333 277  43 155 300 363 340 144 367 231 266  68
    24 357 100  64  22 251 363  47  10 391  30 396   0 181 234 199 342
    16 357 401 155 148 269 174   3 307 134  21  19 344 382 244 267 301
   268 181 348  81 259 179 179 221 139  42 164 131  48 133 313 372 142
   347 114 213 146 186 381 359 124 357 189   8  64  66]
  [  0 402 257   6 377  53 371 105 144  92  25 284 109   4 152 242 192
   208 116  73 296  61 372  76 150 326 239 336 297 390   0 234  90 365
   387  19 180 254 122 140 195 221  31 351 366 194  49  65   4 381 132
     5 373 223 305 369  92 311 397 123 361 295  68 341 224 355 285 117
   103  31 342 239 238 214 319 209 265 229  68 200 273]
  [  0 324 209 215 370 350 119 339 236  95 227 230 173 303 396 131 293
   142 362 264 304 216 330 302 201  65 205  59  54  54 208   0   4 123
    34 333 256 363  64 194  37  84 229 387 342 223 363   7  21 165 186
   395 362  34 337 132   4 298 189  70 296 186 258 224 236 295  85 262
   123 355 338  94 154 272 254 133 278 106 156  92 195]
  [  0  51 345 224 343  83 124  21 359  73  14 172 131 206 172 391 333
   241 286 173  37 362  89  48 210 123 170 364 104 217 245 254   0 357
     3 114 197 374  43 124 260 327 201 161 361  12 350 211 390 381  36
    60 288 122  86  40 152 299 383 246 215 192 254  11 358 126 121 140
    85 292 236 344 304   7 398 357 168   5   3 364 307]
  [  0 154 284 186 386 345 125  86  73 107 342  69 161 315  62 294 305
   273 339 285  57 246 283 163  78 253 367 343 255 114 184  88  58   0
    53 188 341 400 227  57 117 230 120 120 159 174  75 199  20   4  68
   207 130 220 227 355 302  55  66  50  23  33 342  30  96 239 235 378
   258 303 399 262  85 276 139 251 215 116 315 366 357]
  [  0 268 141 184  33 392 334 133 231  76 122 134 226 363 341 212 315
    27 336 156 230 305 183 397 156   3 320 256 121 237 184 149 163 183
     0 305 162 355  61 121  72 381 215 325 301  91  33  50 235  93 119
   279 324 195 158 156 253 112 275  55  22 247 283 117 262 381  89 271
   335  86  92 173  74 291 214 386 375 117 359   9 354]
  [  0 253 178 159 237 356 227 112 113 375 206 155 166 164 287 373 403
   149 403 121 266 218 309 157 206 178 395 137  68  24 248 207  40 300
    34   0 208 142 157 334 188 276 121  77   4 142  36 288  78 112  23
   284  52  53 321 286 309 340 154   6  46 213  69 141 163 117 101 228
   231 237 144 226  16 103 390 104 129  52 398 298 246]
  [  0 225 123  53  79 388 285 163 160 298 224 380 281 236 353 327 313
    58 230 284 311 184 385 117  17 234 181  71 165 177 103 352 208 341
   158 133   0 326 345 375 274 327 172  33 164  99 161 298 135  69  74
   169 213 187 354  67 228 120 308 283 291  60 182 369 120  56 175 191
   256 252 161  72  51   4 322 196 274 297 395 315 199]
  [  0 172  15 269 123 395 154 164 158  56 376 249 360 100 171 126  35
   195 149  33 233 101 388 391  44  94 109 290 332 262 295 258 167 376
   184  64  58   0 357  96 301 365 311  29 291 351  61  34 372 340 267
   295 305 371 142 364  89  13 295 330  59 202 269 390 108  19 261  82
   390 310 162  29 241 217 231  62 148 317 325 176 258]
  [  0  72 395 136 314 248 306 160 330 338 348 238 312   5 317 367 286
   343 170 294 171  21  57  13  95  82  59 376 334 289 333  94 301 293
   256  52 254 208   0 167 237 100 316 233 134 383 205 349 364 375 256
   332 336  26   1 368 234 218 204   4 127  37 114  44   0 344 264 104
    97 146 389 305 147 175  29 153 307   7 157 263 324]
  [  0 349 123 351 238 363 348 217 285 207   1 280 188 302  51 139 245
   400 315 150  64  96 137 402 356 305   5 354 199  88  83  32 178 263
   275 162 227 310 182   0 205 315 172  33  70  59 143 371 250  89 301
   132 215 209 110  95 148 351 230 387 402 269 112 383 179 377 374 191
   321  32  57 353 219 349 175 352 215 201 208 324 346]
  [  0 287 337  60  77 258 230   4 158 344 277 322 126 320 144 332 374
   113 305 366 341  12 266 387 210 322 257 363 184  83 254 388 185 401
   325   8 328 375 201  27   0 132 245 247 302 239 249 348 106  50 143
   171 398 388 268 396 394  14 262 136 390 315 124 362 256 200 357 102
   275 302  75 399 381 363  61 159  66 274  96 361 118]
  [  0 107  48 150 195 155  63 211 170 263 146 114 371 137 192 399 369
   363  61 124 269 162  47  24  49 183 108 121  74 163 343 143 240  47
   213 247 296 353  45 208 270   0  38 308  94 359 127 206 217 375  95
   301  26  18 192 203 192  39 210 267 274  69 197 318  61 398   0 275
    61 325 384 360  94 183 120 353 202 397 227 394 155]
  [  0 180 320 105  19  67  20 311 334 116 227 189 295 353 292 224  45
   169 201 395 387  26  91 390 156  30 281 177 322 270  36 316 369   9
   236 132 168 340  96 116 152 208   0  17  28 307  44 246  60 300 192
    64 109  62  48 271  37  19 240 364 299 271 132 167 322 307 148 376
   245 235 117 175 343 101  63 170 256 395 271 399 142]
  [  0 106 193 364 134 225 213 235  40 215 233 308 127 320 397  68 162
   343 292 303 125 206  88  77 338 359 345 385  23 238  48 297 162 315
    54  67 257 111 105  29   6 186 233   0 170 346 367 282 269  64 162
   352  89 329 341 158  48  44 144 134  64 127  13 143 108  11 310 199
   152   7 340 312 232 118 186  72  14 370 287  34 290]
  [  0  68 271 397 254  88  47 159 151 106 220 331 401   3 126 267  35
   199  53 287 176 120  84  28 391 122 344 112 162 173 163 393 143  73
   379 353  49 363  46  56 289  82 312 343   0 324 380 104 336 293  90
    20 125  62 380 320 142 111 270 208 332  36 381 387  70  79 117 112
   288 312 382 268 203 117  63  85 238  94 268 326 324]
  [  0 102 270 259 229 360  74 235 160 258 167 128  29 207 138 156 309
   338 268 125 223 317 122 227 372 141 385  47 112   3 308 376 336 164
     5  45  12  86 108  13 100 305  51 201  23   0  21 342 217 254 134
   304  64 259 281 240 387  60 254 143 237 257 333  19 111 251  66  69
   116 264  80 265 334 390 272 197 329  97  68  76 182]
  [  0 245  36 236 392 258 330  25 302  65 169  26   4 142 339 296  46
   183 389  41 382 105 138 168 347 109 292 319 125 267 217  21 287 280
   289 212 155 316  42 359 158 204 203 268 389 337   0 157 395 297  34
   108 123 336 269 246   9 256 128 260 143  53 268  67 146 358 343 294
   310 244 233 219 271  36  72 299  29 275  29 204 149]
  [  0 118 259 138  24 365 119 320  82 112 228 394 124 352 259 209 214
   261 138  43 103 115 268 346 111   6 324 220 338  77 324  77 296  54
    66 173 348 168 179 326  24 271 165 278 281 334 155   0 393  45 195
    81 250 176   6 303 323 140 315  18 258 123  16 354 378  98 347  64
   148 204  67 267 263 354 328 312 189  27 150 235  13]
  [  0 277  77 205 356 194 153 188 298 326 270   8 355 179 372 293 194
   367 373 192 159 369 325 210 250 315 112 207 355 388 244  68 295 362
   398 120 194 358 149 165 377 251 314 111  33 361 324  19   0 223  77
   336 116 287  17  69  48  24 221 308 303 177 205 194 401  51  61 374
   299 114  76 253 192 134  63 148 249 377 232 305 367]
  [  0 195 262 149 150  88 150 185 382 108 102 337 206 125 213 279 111
   234  71 245  30 346 324 122 295  95  10 319  41   6 147 273  78   6
   106 274 155 165  85 331 342  18 126 359 342 304 361 276 148   0 178
    41 260 328 183 212   5 176  87 201  85  63  48  45 132 313 167  98
   345 356  28 142 246 385  38 251 267 192 386 177 311]
  [  0 151 277 232 249 273  99 241 212  34 391 375  45 188 187 144 125
   374 237 102 372  70 180 130 169 165 230 288 108  99 141  68  21 281
   232  61 258 395 160 210 243  68   1 397  37 380 280 128 254 270   0
    55 258 308 170 173 193 296 155  67 251 229 326 146 340  27 158 141
    18 122 200  26 392 397 390 281  87 152 392  44 281]
  [  0 241 244  79 375 136 398 390  92 166 366  33 200 318  99   3 281
    26 137 312 322 149  92 204 300 108 399 226 206 378 309 118 130  26
    68 326 147 386 198 379  39 258 114 281  92 218   2  34 203  36  21
     0 288  93 308  44 292 130 284  88 397 137  63 169 370 320 278  16
   110 306  65  12 132 136 109  39 265 264   8  99 123]
  [  0 300  57  42  98 118  53  26 183  92  75 100 194 190   5 171 403
   202 374 253 217  79 124  35 324   7  37 365 360 308 245 216 399 211
   268 392 171  23 199 400  32 278  54   0  71 369  84 376 212 215 192
   369   0 215 298 199   7 230 369 158 102  14   3 200  63 153 274  28
   189 236 304 294  49 360 249 137  58 308   2 330 119]
  [  0   6 322 205 184 319  47  85 373 250 163 261 304 222  58 234 356
   173 379   9 228 306 324 208 307 212 136 153 363 280  77 371  55 296
   341 152 216 201 401 274 230  64 309 239  60 316   2  93 150 304  57
    47  27   0 122 196  86 317 386  57  76 214 340 201 334 311 176 213
   335 294 262 253 111 149  49 136 228 104 303 179 219]
  [  0 189 368 192   4  88 211 387 262 163   5 237 223 199  21  37 380
   378   4  92 244 224 338  28 332   3 175 186  87 167 332  76  60 338
   105 329  40 119 353 300 161 120 313  49 108 192  33 308 111 166 289
   312 261  63   0 150 137 284  17 222 161 245 108  61  96 289 378 159
   246 363 115 343 341 176 345 248 354  65  24 158 335]
  [  0 187 340 229  41 308 286 187  98  97  19 168 159 279  49 347 152
   364 137 177 133 186 247 134 295 327 213  82 402 355 215 205 263 299
   186 271  77 317 241 200   8  42 292 112 292  82 145 185 172  69  87
   299   1  26  90   0 229  98  87  69 178 226 119 361 120 242 274 282
     2  50 324 345 133  60 342 154  78 242 228 372  19]
  [  0 114 154  66 181 183 278 168  89  92 302 272 275 353 252 301 288
   376 346 340 332 116 315 371 223  39 328 155  57 242  50  56 140 118
   224  22 314 375 333 338 291   0 358 209 183 106 306 171 324 121 243
   381 274 387 269 366   0 224 340 170 145 255 189  92 122 185 307 153
   249 270 391 308 181 177 179 167  51 282  13  10 255]
  [  0 295 232 109 235 368 170 380 302 220  86 183 178 207  74 214 391
   325 184  31 141  23 101 392 116  34 214 254 378 344 322  35  16  33
     6 106 236 191  83  77 270 175 164 199 341 181 194 140 160 214 131
   105 359 277 105 203   7   0  54 310 105 174 400 382 259 221  75 200
   263  18 166 217  90 311 332   9 402 179 262 361 323]
  [  0  84 130 181  21  45 184  14 230  30 265 301 150 196 326 142 401
   400 366 101 312  13  35  20 277 208 102 201 269  76 348 349  65 280
   113  55 363 341 284 291  16  86 279   3 162 120 347  67   1 172 171
   259 371   3 175  54 287 166   0  63 150  66 136 307 116 384 329  46
    82 164  85  74 321 313  50 389 333  90 137 122 354]
  [  0  44 384 220 364 295 392  57 214 252 354 221 373 380 265 139 276
   129 269 286 203 314   2  52 359 250 349 332  49 324 262 112 336  83
    91 393 196 332 339 402 275  97 251  39  57  32  33 359 222 376 230
   246 403 373  14 273 317 251 391   0 104   3 147   8 226 155 332 309
    15  32 237 273 282 163  74 247 338 315 259 216 329]
  [  0 325  26 339 312 201   7 371 394 124  78 172 390 170 151 365  58
    82 172 302 277 390 112 313 241  21 120  45 119  44 281 189 249 365
    63 337  43 204 209 229  89 177 396 291 338 285 237  39 138 231 273
   211  88 320 173  50 337  61 340  86   0 393 376  13 248 222  40 182
    62 310  52 252 135 115  32  56  46  89  42  92 116]
  [  0  35 141 237 135 302 146 101 233  63  28 345 391 205 245 304 323
   246 389 354 122 124 254 329  28 230  96  57 116 396 273 132 165 288
   375 377 314 236  70 323 387 231 330 251  65 216 322  74 371  73 356
    50 175 237 344  61 108 219 280  37 256   0 225 251 271 116 172 252
   298 335 131 285 251 345 376  28 179 299  74 231 376]
  [  0  20 265 229 155 105 230 135  36 259  62  20 351 398 175 283  85
   102  50 333 119 208 106 358 292 259 198 105 233 153 184 143  20  23
   213 248 189  54 236  21 155 251 290 391 269 283   1 377 108  50 246
   389 265 152  62 325 180   9 106 389 343 118   0 279 309 320 318 233
   210  93 185 378 120 304 203 348 158 216 343 102 378]
  [  0 170  86 155 194   4 183  77 376 301 202 326 258  49 291 188  18
   200 250 185  72  58  36  49 295  35  76  42 309 315 189 302  93 145
   280 161  26 265  76 290 217  82 328  94 399 240 363 389 400 371 262
    36 402 275 163 365 227  62  14 239  76  34  54   0 357 203 175 226
   263  81 271 136 204 183  89  38 398  44 138 193   2]
  [  0 337 261  32 206 144 239 202  76 174 318 217 232 309 318   1 159
   254 206 212  73  48 210 252 104  87 160  13 312 354 287 270 372 171
   271 296  97 240 396 397 322 379 126  41 150  64 215  25  51 362 158
     7  53 107 225 202 127 269 344 292  21  77 269  36   0   4  48 289
   269 357  65 256 237 102 396 113 315 385  90 316  35]
  [  0 223 317  25  14 269 209  85 232 266 246 212 330 375 136 262 369
   196 323  36 355 176 320  44 200   4 280  29 392 328  46   0 339 119
   184 175 249  57 343 290 245 159 233 265   8  33 200 369  28 291  49
    66  68 106 107   7  92 159 337 285 347 290 398  38 371   0   2 216
   307 292 389 368   2 208 205 122 278  33 306 200 347]
  [  0 195  10  94  49 212 135 304 137 195 317 341 267 228 397 110  93
    74 204  23  28 294  80 298 101 293 284 153 321 108 143 369 305  58
   105 275 162 347 272 365 231  47 209  17 250 164  98  88  82  30 147
   155 183  80 111 145 368 398 269 157 104  42 285 105 318 145   0 327
    23  78 253  35  17 161 398 336 232  45 284  86 238]
  [  0 316 178 134 208 245 377 324 157 330 284  82  98 341 332  62 161
   240 285 314 356 200 263 195 358  59 167  56 245 190 101 330  36 111
   230 366  58  13 356  78 292   3 240 146 104  61  88  72 152 364 137
    37 179 140 163 186  43 229 233 107 355 200 378  49 156 109 372   0
   313  68 378 323  57 297 353 345  70 329 204  48 238]
  [  0 291 251 245 116 232 277 188  90 116 370 147 267 266 314 339  56
   177 155 356  27 337  88 253 143 103 152 342 403 386 272 140 135 349
   386 139 396 104 103 308 384 339 152  31 179  94 324 272  68  25 308
    93 319 326 294 260 358 180  97 268 288 268 289 295 402   4 370 380
     0 219 108 368 358 346 148 363  42 101 339 300 320]
  [  0 375 282 105  56 213 134 348 348  27 382 401 262 112 213 293 145
   129 124 132  75 380 232 311 212  89 329 147 111 216  21 148 311 377
   159 369  62 138 198  75 308 323 342 273 383 160   4 208 277  14 400
   223 149 219 255 141 286 195 113 353  59 282 342  79 260 265 196 327
   281   0 358 286 391 229 100 385 109 304 359 391 212]
  [  0 100  91 296 243 231 322  46 402 162 264 275 128 186 398 119 201
   153 162 291 245  15 128 244 105 225 170 178 125 301 251 181  14 331
   272 338   0 176 187 399 252 287 289   6 188 352 318 303 189 111 263
    30  98 271 311  41 376 373 124 295 332 246 312 277 145 270  57 391
   375 164   0 263 246 163 217 175 402 303 362 253  16]
  [  0 151 180  76  29 269  43 388  80 175 171 308 124 135 324 281 340
   218  45 167 114 388  76  14 191 327 201  91 346 279 166  91 264 309
    68  87 230 357 356 282 284  60 135 239 335   4 291 229  37 126  38
   302 403 207 192 178  99 123  69 238 218 264 139 106  55 345 369   5
   383 129  24   0  67  95 360  98 394 347 279 122 167]
  [  0   0 274 284 305 157 229  96 106 179 217 375 130  53 243 352  77
   376  53 222 369 146 360  62 267 321 128 310 102  51 315 283 101 394
   386  69 218 201 288 357 335 290 152 340  21 155 383 170 225 132 258
   226 274 348 378 353 234 109 284 302   3  17 219  55 114 210 342 378
    71 256 108 240   0 157  85 383 195 113 213 133 185]
  [  0 187 325 343 157 270 204 234 209 287  63 338 150 209  98 175 130
   173 166 155 359 185 268   3 136 297 357 215 155 340 168 228 241 118
   145 359 144 211 148 403 184 314  36 162 333 253   7  96 315 223 134
   369  74 236 144   2 256 382 259   8 281   1 309 268 153 350 351 398
   122 183 141 215 224   0 265 154  30 393 260 222 260]
  [  0 262 211 390 307 142 232 158 358 384 273 321  31 121 121 369  59
   401 296 212  24 114   1 170 347 337 366 124 159 363  45 380 392 297
   304 369 111 240 259  21 224  33 162 144  43 293 277 115 267  95 166
   399   8  53  82 292 114  53 297 353  83 318 180 365 394 298  15 331
   401 351 313 196 171 301   0 192 341 234 103 248  60]
  [  0 198 221 130 250 310 314 248 268 134 306 366 154 394  68  51  60
   339 259 392  57  72  18 178 386 163 319  12 346  23 287  43 393 103
    55  92 172 158 178  93 137 315  94 243  72 291  59 330 303 158 258
   378 207 401  67 252 155  70 143 247 304 252 185 304 148 170 223 386
    26 128  86 304 329 238 281   0  45 234 209 338 355]
  [  0 105 173  51  59 382 167 261 356  77 401 308  56 365  29  19 207
   383 103 142 193 123 175 279 286 255 227 211  95 110 209 283 260  12
    32 277 359 343 228 134 237 163 403   0  34 280  85  61 277  85 289
    74 166 369 391 357 242 201 281 229 234 138 314 148 389 313 162 218
   331  22   0 383 366  78 299 139   0 212 218 387 129]
  [  0  74 395 307 204  33 221 254  22 204 153 183  86 387  13 229  27
     1 356  17 231 333  60 380 256  63  74 109  78 170 171 146 332 267
    45  54 184 386 389  58 123 241 243   8 265 204   2 112 274 243 234
   272 193 207 158 162  86 401 153 154  49 237  26  53 111  25 182  56
    10 320 155 192 148 312 322  21 118   0 399 196 137]
  [  0  59 205  27 121 390  44 179 140  78  42 138 385 260  64 322 403
   154 115  21 386  54 316  46 218 100  42 156 175 222 342  52 397 219
   338  88 193 227 253 250 340  51  80 264 212 326 164 110  21 174 128
   313 256 344 125   4  61 352  69  56 399 180 300 322  18  24 325  87
   254 343 390 207  65  31 176 240 303 227   0  55   9]
  [  0 130 302 166 375 292 235 294 285 353 186 176 229 287 231  89 364
   380 300  51 378  32 402 105  63 399  95 265 400 119 278 194 402 150
    29  16 191 223  89 282 132  91 386 188 207 226 221  90 238  89 212
   400 207 197 275  20 154 265 329  47 253 119 262 224  90 271 204 133
   395   5  96 166 320 278 170 239 176 368 112   0 100]
  [  0 366 325 120 374 288  75 313   9 338 333  40 180 279 322 286  78
   257 152 254  75 378 168 265 398 137 209  94 110 356 221 117  69 190
   154 127  21 293 337 200 227  31 322 358 196   3  43 337 250 230 111
   366  75 337 128 203  89  46 358 127 263 166 175 321 388 165 188  56
    67  18  14 401  45 168 179 362 320 226  20 193   0]]

 [[  0 352 112 237 387 268 167 359 142 322 136 321  38 133 125 269 153
    30 189  49 357 215 346  58   0  30 126 121 150 203 310 209 110 324
   210  92 310  62 117 310 291 331 351 223 392 401 347 215 252 272 210
   348  98 240 359 341 363  43 339  31 141 194  74 402 293 285  23 344
   157  16 304   1 176 279  87 351 369 174 322 265  63]
  [  0   0 135 101 100 108 266  53 246 239  44 343 195  24 209  29 248
   345 397 402  28 323 112  28  46  58 172 305  65 285  72 299 198  22
   292 250 321  19 128 400 174 189  35 151 308 227 133  78 322 165 218
   277  98 102 358 362 356 100 403 209  38 263  59 124  68 373 255 182
     4 130 296 300  82 167 340 362   0 197  39 128 341]
  [  0   0   0 274 300 117 141 177  72  19 265 334 103 264 270 169 232
    33 188 175 193  71  89 256  31  44 372 124 385 172 393 317 299 124
   252 402 136 213 219 291  73  40 264  30 119 228 117 110 358 158 304
   256 130 124  23  13 340 132 165  76  74  56 199 379 137 226 197 145
   203 384  29 212 211  34 320 235 319 190 267 331  94]
  [  0  58  97   0 180  15 210  63  72 392 112 209 249 264 180 384 237
   325 307 366 245 140 311 198  70 249 152 299 111 297 390 360  74  89
   212 321  88 334 223 106 215 368 166  39 147 400 110 370  64 291 300
    89 389 168  96 223 357 126 167 261 384 179 111 209 191 179 178  56
     7  85 375 322 231 384 395 382   6   3  12  33 247]
  [  0 230 273   0   0 371 173 280 173 172 352 370  46 192 220 167  26
   186  16 270 265  98 380 326   1 335  91 348 386 114  89 380 281 118
    22 160 364 351  81 220 164  27 155 159 322 367  91 346 339 267 151
   255 299 228 109 151 239  72  92  47  64 393 355  21 117  30 202 196
   187 206 144 401  39 331 395 107 233 161  91   7 147]
  [  0 192 367 403 112   0 127 243  96  68  97 171 152 179  92  54 303
   340 220  54 283 394 115 309  51 356  56 341 153 228 280 333 236  87
    89 255   3 335 162 134 263 382 128 179  77 399 159 134 372  25   7
   217  19 136 241 187 317 214 324  70 141  63  51 338 175  59  86  32
   394 157 305 394 330  29 400 335 255 104  62  94  98]
  [  0  43 101 128 158 287   0  26 369  25 355 286 332 347 348 211 400
    23 143 334 137 158 198  36 383   2  56  76 315 335 294 223 110 365
    13 349 260 156 157  11 130 170   3 321 259   3  86 158 373 256 289
   167 349 239  64 253 264  85 241 213 342 169   3 138 311  91  67 366
    20 166 150 336  98   0  87  58   4  76  13 393 347]
  [  0 296 146 344 294 162 187   0 204 377 114 345 270  82  88 380  37
    27 258 220  61  36 186  13 151 230 255 144 330 319 210 332 134 316
   159 297 366 193 263 349 299  98 345 389 220 228 188  76 263 329  69
   296 278 144 249 397 252 271 353 306 203 129 353 378 403 303 229 233
   191 242 131  52 169  29 240  46 289 249 265 171 161]
  [  0 116  62 287  91 334 175 162   0  52  11 157 381   7 223 226  15
   359 192 393 181 350  14 351 281 399 244 242 115  31  46 397  17 107
   258 327  43 358  29 114 226 163  74  48 244   2  29 353 372 157 194
   148 340 351 262 123 330   1  78 354  14 123  27 104 362  71 136 230
   201  13  23 351  59  59 102 266 368 148 118  44  16]
  [  0  54 393 215 307  81 284 264 263   0 201  74 192 289 171 102 375
   313  46 171 215  30 294  78 174 375 256 262  81 388 299  69 184 151
   319 242 176  96 109  43 102 207 320 196 198 104  55 238 153  37  41
    16 202 229 275 141 257 243 339 250 133 377  59 258 341 396  41 217
   226 322 255 132   0 403  69  31 372 295 348 339 235]
  [  0 337 300 160   5  71 246  74 312  93   0  88 168 276 113  43  72
   212 239  75 298 160 330 305 222 196  71 176 285  67 193  38 217 309
   151 183 368  31 119 367 116 401 179 292 267 311 245  83  61 169  24
   186 190 366 327 102 357 283 202 327 298 122 159 396 175 148 200  49
   269 297   2 263 337 328 361 242 403 251 246 281 370]
  [  0 379  95 339 212 234 386 177 366 258 327   0  49 346 296  78 137
   226 244  38 295  28  99 338 368 379 258 283 106 162 402 175 210 391
    78 402 125 283  64 125  97 153  56 310  69  33 360 383 118  12 312
   337 158 378 150  13 107  31 140 277 219 217 345 387  21  82 343 396
   388 303 309 205 234  71 240 305 361 224 290 115  12]
  [  0 397 281 282 161 289 190 176 204 207 230 189   0 221 281 120 114
   197 144 212 268 336 258  80 293 380 327 301 248 259 139 219 172 118
    77 326 327 142 342 116 163 287  30 190 120 195 200 219 392   2 327
   379 141 245  23 337 144 116 190  33 271 104 129  99 206 203 321 390
   184 319 206 331 268 109  36 335 342 379 210 329 325]
  [  0  34  86 321 137  16  80  81  61 363 133  20   7   0 129  13 262
   228 320  79 118 224 116 169 396 184  69 122 253  75 369 289  45  17
    97 330 105  99 234 189  86 165  45  46  85 117 368 357 244   4 215
   101 203  87  27 277  34 184 256 152 390 359 118 167 126  98 396  17
   386 150 153 321 131 139  88  43 220 203 401  96 224]
  [  0  17  85 126 227 243  68  76 377 262 298 369 378  44   0 168 344
   252  93 238  53 233 363 277 300 339 129 374  92 384 182 222 123 341
   122  34  67 202  74  47 339 135 263 252  64  54 293  62 289 157  26
   188 314  56 221 103  24 220  74 204 367   4 112 280  16 332 201 309
   268 357 159 279 303 184 120  13 398 336 166 119 244]
  [  0 308 284 158 210 159 145 299 306   7  25 218 295 207  48   0 341
    63 191 137 384 107  18  18 164  27  55 283 273 156 165  67 122 216
   192 201 176 145 314  22 403 396 135 344   3   3 304 388 345 117 197
   126  57 270 211 354  50 382 273 135 107 357 387 339 347 185  92 280
   166 236   5 207 126 206 132 143  50 160  52 308  30]
  [  0 295 402 346 156 243 374 125 203 292 347  88  32 129  38 217   0
   183  95 391 130  84 315 103 267 371 197 162  87  69 284 298 288 298
   238  17  21 160 144 345  15 138 111  71 298  88 188  31 174 285 254
    42  80  96 121 165 101 106 175 146 174 221 109 307  37 186  36 199
   359 212  48 179 260 257 182 165  37 321 157 133 143]
  [  0 397 180 125 199 206 325 147 285 252 142  24  25 279  76 147   2
     0 391 374  87 303 125 342 113  90 346 359 280 207 184 397  96 110
   197 249 173 337 111 334 182 274 188  28 312  59   8 375  19 354   1
     5 128  98 301 199 352 238 142 359   0  13  49  83 210   7  47  88
   336 322 164 231 214 330 322 378 213 136  36  82  49]
  [  0  14  71  90 213  29 318  81 211 279  64  88 156 181 177 214  21
   267   0 144 361 149 393 171 309 291  89   3  65 386  35  57 167 188
    70 236  52 325 349 397  18 290 147 345  35 101 293  19 235 128 291
    51 145 167 251   7  98 253 301 173 159   3 168 267 313 375 102  86
   272 357 392  89 229 177 271 100 259 201 403 230 152]
  [  0 283 148 274 372 330  28 137 363 215  73 354 400  42 279 252 250
   358  65   0  59  20  72 316 256 247  29  31  16 241 150 292 339 205
   297  55 377  52 315   9  38 221 370  34 358 160 327 310 341 110 353
   284 162 168 259 320 253  77 203 239  13 371 134  91  32 120 159  25
    81 106  98  91  84  20 226 298 165 149  23 262 383]
  [  0 371 127  85  98 381 390 100  54 179 216 189  82 139 349  20 345
   240 292 178   0  96  63 227  83  44 121 346 300 392 327 167 159 270
   366 376  18 208 169  79 390 262 333 182 308 238 281  40   4 379  98
   376 217   7 298 147 376 346  74  74 221 314 177 332 108 223 259  89
   399  85  94 361  57 151 207 175 255 291  78 104 353]
  [  0 220 340 179  34 226 203 361  13 395 362 136 339 338 134  83   0
   351 293  45 339   0 339 272 359  21 250 379  37  88 125 150 248 377
   379 334 337  16 111  55 159  21 324 110 100  81 185 161 385  45 198
   341 385 328  39  89 334 266 310 295 311 178 360 301 339 278 127 100
     1 251 395  93 108 146  60 251 324 287 135  59  80]
  [  0 361 330 336  77 155 321  25 326 301 251  34 183  16 178 115 396
   271 150 350 116 108   0  98  11  53 140 294 294 133 206 320 321 388
   312  60 325 245 378 211  90 383 333 305 381 384 386 314 209 114 379
   151 148 109 229 244 252 274 241 272 328 138 282 208 101  72  84  36
    37  87 287 247  72 226  48 128 342 126 302 279 130]
  [  0 204  81 161 361  85 347 287 227 298 122  83 343 366  28 375 172
   397  98 324 293 154 198   0 312 120 150 183  72 108 273 362 310 357
    79 203   2 336  55 104 183 354 287 231 341 118 362   9 387  24 258
   131 345 330 224 277  26  29 338  89 203  99  25 283  80 125  42 203
   377 121 107 289 363  53  96 248 241  49  93 364  76]
  [  0 139 170 155  68 215 118 295 260 385 151  43  43 145 273 250 124
   115 215 183  29 402  54 112   0 362 279 183 207 402 347   2  47 159
   262  45  27 226  90 137 148 375 171  19  94  45 355 365 209  24 174
     4 335 145 106   2 271 249 176 100 399  90 378 204 292 205 249 107
   313 290 320  69 319 358 320  13 169 117 386  80 231]
  [  0 357 158 338  65 263 138 325 118  83 113 118 394 194 293 214 375
   366 335 247  49  88 339 178  29   0 219 387 381 172  63  79 402 221
   376 225 237 376 256  54 259  26 297 158 335  54 401 262 378 100  75
   402  94 152 335  84 234 185   0 310 363  47  98 287 278 161 265  56
   140 208   1   0 176 345 290  67 373 303 380 337 321]
  [  0 201 322 369 133  13 296 327   1  49  43 238 282 272  83 336  24
    62 209  75 386 209 110 241 373 192   0 258 172 159  76 168 246 378
   392 158 399  97 161  31 314 232  22  86  76 305  40 388 394 297 119
    18  13  28 291 338  55  80 313 128 185 182 376  99 373 150 354 191
    38 317 340 289 196 152  30 352 319 362 357 313 212]
  [  0 398  46 309 367 200 330 191 298 336  28  46 263  77 187 283 263
   112 280 171 379  76 401 227  14 361  87   0 314 271  52 128  56 107
    24  47 380 213 337 171 233 178 139  68  91 146 179 368 127 257 252
    31 362 282 264 163 105 366 348  99  88  74  86 387 267 182   8 282
   208 326 300 368 210 259 166 371 292 255 352 188 207]
  [  0 188 191  66  14 329 127 264 348  20 390  50  63 183 351  71 291
   219 247 118 116 363 272 362 197 296 314 137   0 205 364  83  10  78
   178 121 320 231   8 323 201 116 130  94  67 258 269   0   4 239  67
   371  30 168  43 324 351 277  75 208  47 126  85  49 188 345 331  79
   283 269 385 256 236 248 118 287 375   1 276 333 181]
  [  0 375 275 104 380 372 278  81 214  58 289 147 248 396 152  44 185
   337  46 301 253 157 191  21   8 175 297 232 145   0 301 114 224 278
    40 310 311  24  47 168  40 135 233  32 255  61  69  22 350 335 165
   375 392  25 323 367  76 326 128 325 272 314 305  28 115 327 247 346
   163 246 360 178 161  57 328 306  17  89 106 164 332]
  [  0 312 313 324 206  20 203 389 324  88 393 150 162 143  16 344   4
   115 148 315 300 243 336 288 183  20 161  49 214 115   0 140 218 365
   237 295 353 396 235  83  99 132  18 222 333 203 177  88 289 279 355
   285 170 363  61  86 212 318 162 267 375 370  22 205 224  72 143  44
    65  77  88 342 224 240 183 364  35 339 286  74 280]
  [  0  90 250 264 260 104 261 144 173  55 183 118 308 304  35  53 303
   148 256 235  36 146 172 262 350 270  35 284  26 122  50   0 318  85
   256  66 108 186  41  95   4 115 235   4 108  27 353  46 182 255 230
   387 184 219 370 225 383  45 279 350  38  74 190 149 154 182 152  17
    59 360  71 403  89  66 261 326 116 348 192 199 220]
  [  0 264 313  39  81  48  41 284 277  97  19 115 240 203 151 248 113
   177  81 111 242  21 306 185 173 323 364 351 232 301 196 114   0 115
   337 138 297 174  15  52 341 163 296 253 250 123 156  53 120 266 236
     4 246 278 256 154 227 274 330 317  34 221 403 294  66  34 308   5
   378 279 189  84  53 234 139 273 180 248  37 291 210]
  [  0 260 260 327   5  35 220 237 372  49 168 353 281  18 149 268 374
   344  73 191 151 265  13 377 239 366 324 104 161 399 363  96  84   0
    30  19 130 176  56  33 210  97 326  57 110 298 214 142 325  34 209
   112 166 201   8  49  30  13 134  12  68 112 393 354   7  99 357 171
   166 166 258 113 363 126 143 165 273 321  42   3  73]
  [  0 254  79  47  88 233 133  62 367 375 145 279 245 105 314 312 343
   192  98 249 320 369 292 263  46 314 158 386   5 291 198 258   6 122
     0 345 397 186 264 262 232 304 142 302  37  74  73 366 282 139 329
   181 117 395 256  33 161 118 125 239 228  89 274 402 147 189 340 221
   176 141 129 158 205 269 242 287  16  82 222 131 235]
  [  0 236 320 319 167 338 213 208 340 256 376 356 281 108 175 204   6
    83 350   6  46 209 282 382 175 199 375 349 214 345 363 310 129 353
   274   0 131  32 133  70 347 288 323 290  68 394 325  87 343  60 345
   317 334 349 118 369  60 226 321  88 402 138  30 105 303  70 296 114
   244 108 170 179 216 276 236 239  59 151  48 108  89]
  [  0  35 175 392 314 308  44 100 118 269 386 227 115 189  95 362 283
   140 333 383 181 378 244 183 150 185 380 213  50 199 151 100  20 393
   166  76   0  87 303 342 110 170 180 318 338 239 266 376 117 312 332
    94 311  48 346  87 205 287 174  55  53 296 269 282 332 134 276 333
   255 131 164 274 338 281 143 110 245 155  30 324 373]
  [  0 140 139 321  54 101  12 250 172 349 137 296  97 388 132 286 193
   283 391  45 344  36 382   0 221  76  12  61 312 375 305  69  73 357
     0 327 128   0 374  23 203  14 392 114  85 191  34 377 116 343 118
   346 170 205  23 123 128 196 302  72 334 331 351 380 222 279  92 377
    82 327 115 300 298 363 377 157 173 219 232 222 107]
  [  0  63 394 182   0 197  94 341 150 189 280  15 214 116 317 270  52
    77  17 102 401  19 162  32   9 331 281 376 371 184  37 132  96 291
    41 167 316 306   0 225  87  98 189 289   1 161 329 310 232 277 285
   372 247 168  74 110 213  26  94 320 166 243 307 287 350  88 205  18
   174 285 373  35  66 176 292 105 199 342 137 386 131]
  [  0  20 138  93 170 147 121 387 257  97 124  15 257 254  41 172  18
    11 183 387 384 236  32 163  46  11 307  78  88 216 363   2 257 267
   395 178 223 397  14   0 156 189 186 202 207 223 354  38 260 330 218
   134 199  32  11  43 177  16 200 386 163  41 308 227 125 256  40 160
   290 312  36  50  78 390 201 292 115 229 217  51  36]
  [  0 399 291 150 158 197 341 182 311 295 246 355 294 366 109 233   1
   159 143 285 399 342 214   2 247 155  67 338 309 199  70  17  85 335
   102 285 263  79  71 392   0 370 296 214  25 125 263  51 108 164 378
    75 386 108  50 114 290  19 276 136  24 115 101   7 219 353  44 158
    77 275 361 237 121  63 161  27 171 147 166 262 384]
  [  0 331 332 250 162 155 321 311 203 352 354 325 402  11 223 187  32
    96 280 117 150 244 247 284 343 146 140 249 251  98 208 389 385  89
   309 223 255 195  85 306 312   0  68 328 357 113  41 332 216 133 301
   258 327  15   7 344  35  67 177  71 118 274  36 129 243 174 269  61
   238 385 389  94 362 283 258  62 270  29 397  54 203]
  [  0 188  54  82  13 355 252 221  55 386  46 314 160  63 335  79 319
   188  26 351 346 290 147  68 327 298 292 291 269 265 343 141  54 372
   130 358  59 388  27  58  84 252   0 286 217 127 354 141 117 377 380
    68 344   6 100 316 307  39 357   4 278 239 211 267   4 207 349 329
   185  99  78 277 347  12 309 298 221 348 299 344 149]
  [  0 126  62 228 180 293 295 245 238 109 105 130 203 275 293 259  37
    67 303 146  22 125 194  13   6 325 347 384 235  16 366  28 291 343
   126  47 312 193  43  86  22 255 228   0 273 393  67 345  49  44   1
   383  44 298 183  63 282 309 124 150 391 161 135 395 173 179 243 195
   341 372 325 346  63  86 318 347 379 151 238 137 156]
  [  0 202 176   9  51 269 288 374 353 151 364 248  59 317 242 317  29
   321 328 283 170 155 386 394  54 265 380 317 193 228 145 392  38   0
   217  38 128 243 347  62 282 370   5 157   0 381  82  20 145 176 202
   141  88  60  21 164 385  70   9 255 263 171 393  51  98 298 168  41
   305 291 328 156 273 293  72 367 140 232 187 375  55]
  [  0 279 123 155 158 216  47 319 381 376   1 353  63  23 245 298 244
    61 403 152 289 152 121 233 216 285 196 180  59 153 367 287   8 317
   265 397 268 193 387 165 193 203 292 171 178   0 383 174 239 252 308
   110 237 126 330 166 215 232  18 355  77 161 201 196 315 264 107 332
   157  35 233 315 126 154 159  90  36 336 243 308 220]
  [  0 330  89 187  11 370  74 250 275 216 243 205 204 119  89  65 213
   362 148 198 341  61 188 212 346 302 317 116 169 104 181  86 215 216
   385  67  92  45   9  77 207 327  88 145  76 127   0 155 401 274 107
   368 129  11  96 219  27  63 304 205  44 139 229 134 343 134  66 172
   389  43 324 371 399 143 187  96 203 192 350  75  36]
  [  0  19  17 101  65  21  68 245 267 261 197   8  30  21 102 150 143
   244 222 213 181 291 384  71  46  57 283 301 236 398  98 169  92 377
   282 299 137 402 130 355  43 375 324 307 329 143 175   0 216  74 217
    75 300 119 322 256 237 112 273 146 280 152 198 387  97 345 278 195
   198 261 387  22 148 390 226  39 339  13  64 328 276]
  [  0 265 380 362 100  79 223 317 311   5 125 326 141  45 187 352 191
   289 368  26 341 315 349 255 223 336 112 152  67 260 126 109 125  49
    99  13 159 389 262 103 101  95 240 264 243 154  28 367   0  29 281
    64  48 116 385 325 123 368 132 108 193 148 131 329 214 297  36 377
   164 320  35 214  73 246 390 390 167  14 255 295 316]
  [  0  26  38 232  36 305 333 377 321 259  95 291 124  13 372 221 291
   171 169 119 293 288 189 315 327 237 378 262 151  66 359 122 346  95
   296 177 150 302  78 359 400 226 187 194   8 217 179 159 180   0  62
   206 132 173 143 225 399 254 302 304 352 321 131 135 271 175 347 325
   187 342 397 355 274 308 211 305 214 201  99  96  46]
  [  0  93 323 111 247 359 359  66 112  42 162 377 223 324 316 396 201
   124 161 137  56  21  96 342 256 151 149 388   1 168  99 336 201 327
   273 345  97 124  23  26 161   3 382 349 248 372  34 262 278 194   0
   351  60 283 321 103 170 184 153  21 378 122  95 272 384 375 119  23
    80 378  47  57 193  99 363 388 399 330  24 302  78]
  [  0 156 373  55  98 376 153 131 381 276 169 299 143  33 344  23 326
    92  53  75  63  15 280 379  47 164 133  92 269  35 317 119 328 301
   272 187  35 258 398 280  45 128 395 366   2 111 168  81 310  61   4
     0 115 163 116 282 280  20 113 261 318 344 174 298 396 317  94  32
   100  44 151 346 151 337  96 295 158 388 324 361 360]
  [  0 212 324 158  35  51 336 129 230 108 394 185 221 148 374 146  11
   337  47  74   5   8 390 285 138 326 279 258 227 195 367 180 175  30
   352 238 313  39  39 205 275 119  66 225  59  49 176 265 347 151 116
     6   0 400 371 224 223  89  14  33  87 317   0   4 243 227 370 100
   114  71 240 195 137 353 261  29 326  64 205  74 135]
  [  0   0  61 400 394  83  78 238 340  59 161   4 154  50 104 299 401
   364  18 271 196 391 159  74 189  57 334 362 329  56 219 100 282 296
   147  26  33 226   2 231 288 243  97 342 295  58 107 213 185  88 194
   204 316   0  42 398 273 168 333  73 294  16   5 371 257 136 125  43
   287 372 139 383 243  74 185 198 245 103 202 381  77]
  [  0 101 298 148 217  20 240  40 218 132 208 234 389 370 285 375  14
    49  72 274  28 384 375 367  68 173 144 103 177  60 254 339 381 243
   294 183 342 377 352 367 130  46 403 305  82 334 180 359 351 189 277
   397 171 237   0  12  55  81 289 237 250  62 202  25 155 111 295  48
   297  15 240 252 222 269 185 341 196  84 372 188 361]
  [  0  61 350 124 376 302 295 350 304 335 243 150 121  37  99 231 353
     2 337 204 155  25 199  52 105  23 133 266  71 242 222 156  44 239
   357 178 334 266 162 149 240 300  75 205 120 263 244 304  27  90  97
    67 353 250 274   0 290 298 252 115 239 181 308 197 122 233  33  42
   273 370  23 335 307 366 199 225 353 242 215 169 265]
  [  0  93 252 372 337 125 285 348 173 379  38 239 337 160  24 357 368
   329 399 176  11 176 146 256 129  29 297  18 193 151 339  53 386 252
   383 303 324 398  14 275  37 292 161 362 151 360 288 116 362 353 307
   285 381 168  38 206   0 273 273 378  19 204 253  11 280 108  27 363
   318 401  84  50 236   9  72  84  94 152  89 113 165]
  [  0 394 235 309 155  36 241 243 300 142 387   0 165 266  26  24 377
   224 206 141 303 168 108 373  11  35 108 370 213 387 398 160  45 269
   159 144  30 181 310  84  57 108  27 320  44 138 360 271   9 149 189
   141  60   2 225 331 253   0 303 388 354 183 179  28 174 313 189  62
   186  49 369  11 264 303 240 122 335 202 212 177 203]
  [  0 235  37 289 258 152 134 250  95  93 168 325 151 197 259 250 395
   262 190 290 158 157 232 351 141 260  80 171 184 397 129 224 121  54
   301 272  99 140  94  26   9 261 242 310 198 305 129 333 357 340 146
     7 324  15 298 124 261 152   0 248 107 229  31 101 100 278 233  50
   214 211 164  77 133 193 260 334 146 224 323 104 176]
  [  0 299 152 176 331 191  49  99  63 125  53  46  55 307  86 169  50
   263 365 400 220  53  63 297  69 130 213  80 397  36 380 205  36 179
   362 209 241 195 173  53 392 156 345  18 222 340 151 361  35 383 235
   215  67  17 146 179 312 385 207   0 127 241 106  68 104 271  78  62
   289 120 400 127 127 246 256   8 103   2 154 254 254]
  [  0 269 236 288 231 323 402 396 133 106 162 266 356 167 324  72   0
   361  27 205 386 222 355  27 333 377 282  79 107 398 403  24 336 378
   290 191 299 340 182 294 262 313 290  47 323 382 115 121  84  13 130
   128 381 247 383  88  21 220  87  53   0 288  32 360   9 369 160 359
   297 313 134  34 246 103 325 123 335  59 302 129 214]
  [  0 224  12 370 114 381 104 157 396 176 133  96 176 150  59 315 364
   386  92 348 102  92 189 138 272 270 234 253 224 170 272 316  53 236
   301 237 204 400 212  47 300  74 296 317 398  12 215 220 215 162  91
    64 172 116 342 363 267 262 209 180 228   0 356 145 290 207 214 403
   150 180 321  85 129  87 190  85 318 208  88  98 353]
  [  0  80 249 153 252  24 304 130 367 165 274  70 277 352 196 359 383
   200 350 373   3 400  81 288 111 144 132 233 282  55  99 341 338 129
    21  10 144 347  76 155 160  47 378 365 342  23 252 107  37  77 163
   363  99  79 128 115 171 135 295 374 255 279   0 295 319 295 224 349
    85  80  66 393  41 290 199 385 155 278 257  73 295]
  [  0   1 143 110 345 162 198 381 231 348 250  93 283 363  70  53 177
    66  40 102  94 289  77  37 183  84 174 218 396  79 384  47  11 241
     0 167  32 306  25 121 121 345 310 173  49 251 184 246 101  89 321
   247 305  74 371 264   7  17  25  45 223 246  70   0 191 104 268  57
    41 337   5 347 174 334  19  25  91  14 205  96 262]
  [  0  95 266  35 126  85 137 276  91 380 179   9   8 394 188 115  86
    18 141 343 177  66 238 328 239  32 347 385 366  31 173 323  59 347
    51   2  17  30 342  36 396 287  34 201  62 173 163 217 204 328 353
   377 319 209 147 331 332 148 131 309  49 393  38 250   0 359 291 162
   383 316 286 127 319 275  60 119 284  21   1 180 356]
  [  0 324 318  84 221 306 143 289  71  71  66  37 379 291  64  94  93
   120  93 249 255 294 305 345 256 190 242 138 213 278  94 278 342 238
   269 216 162 112 364 372 270 254 150 120 140 149 202  72 199 213  35
   302 355 172 235 295   5 246 320  73  80 368 176 144 272   0  33  51
   305 352  53 218  83 108 316 221 151 378 215 331 381]
  [  0 349 119  54 105  62 399 381 326 270 403 124 103  78 337 233  71
   126 143  67  55  61 146  93 267  34 276  97 248 312 115  73 116  35
   129 273 156  48 282 206  12  34 107  69 341 255 323 194 249 335 359
   395 252 168 162 392 366 335   8 279 291 380  44  94 324 192   0 158
   158 297 183 205 150 275 213 307 323 115 296 326  17]
  [  0  76  68  27 178  86 210 119 310   8 214 300 231 240 218 133 184
   134   4 242  98 372  15 328 134 213 399 186 318 284 196 234  38 397
   271 214 196 193 395  97 380 208  38 250 100 329 308 340 149 122 321
   348  21 107 290 118 344 367 335 139 319 321 199 261 344 350 359   0
   308 342 125 130 315 297 398  28 345 243 185 162 262]
  [  0 292 185 207 262 182 143 234 359 265   5 164  83 172 373 152 246
   315 125 339 240 103 102 232 117 274  25 269 308  33 311 401 299 267
    98 358 278 238  59  26 283 156 253 364 125 353 403  86 357 113 245
   359 230 203 279 298 275 376 242 299 198  14 263 162 158 388 156  28
     0 165 260 321 156 393 311  32 193  60  77 309  73]
  [  0  86 216 242 361   5 236  84 354  72 334  90 235  73 311 327  23
   172  98 393 361  45 295 286 291  92 403  24  17 362 316 211 226 226
    73  26 197 138 339 199 325 224 207  57 153 168 365 324 328 317 264
   154  12   7   4 220 330  54  42 317 244 314 307 383 281 220 187 201
   403   0 166 133  56 120 126 243 231 164 268 176 154]
  [  0 397  47 363 119 365 136  79  34 169  48 344  67  23 241 341 277
    53 109 230 112 203 217 182 176 138 348 137  33 371 290 328 250 190
    10  57   9 203  51 109 247 146 199  57 310 163 314 345  67 262 237
   368 297  19 342 243  59 293 334   7 375 391   4 241 188 243 300 180
   296  67   0 261 308 379 102  42  50 391 343  47 267]
  [  0  25  37 184 115  92 160  85   1 222 290 169 382 268  71  77 287
   104 298 166 373 342  27 311 285 225 306 260 274 213  78 131 313   4
   112 241 111 371  83 200  54 183  53 234 324 374 263  46 282 255 359
   125  40 298 401 151  93 359  90 300 275 191 326  33 140  46 183 334
   184 262 349   0 105 158 105 290 196 278 197  52 371]
  [  0 256 153  10 269 157 213 147 312 258  38 253 162 399  32 307 302
   150 153 201 262 268 240 264 217 377  54 164 118  23 379  46  66 281
   295 258 290  34  83 118  11  56  41 145  45 396 329  15 332 269 163
   194   5 256 339 130  37  85  74  11  38 277 352 166 226 309 267 241
   399  26 388  51   0  76 352 353 202 339 390 241 393]
  [  0 153 147  44 186 125   3 339  15 225 399  33  81 268  11  44 246
    73  72  83 229 127 168 288 398 109 349 324 321 104 396 338 358 137
   197 303  54 215 316 364  14 216   6 323 165 292 344 264 217 276 126
   304 213 101 362 161 376 327 329 318  93 182  89  62 358 313 169 245
   248  59 331  94 108   0  22 398  83 264 383 347  64]
  [  0  14  50 273 192  96 374 339 165 235  10 183  62 128 163 233 381
   105 355 154 268 317 242 123 350 358 379 267 138 296  11 314 354 128
   362 264 315 303 368 140 148 378  28 203  19 160 261  17 394 298 313
   217 256 336 112 360 353 269 278 108  61 134  20 336 171  48  99 109
   155 403 101 101 370 156   0 346 138  64 146 320 370]
  [  0 236 313  78 147 319 369  56  50  93  96 398 281  15  66 385 387
   361 349 299 295 117 243 102 333 114 150 208 155  45 397 205  43 267
   305  88 260 298  54 269 110 231 364 105  53 305  37 197 256 355   0
   147 348 327 215  15 379 333 311 354   7 351 376 270 393 330 323 208
   372 133 238 100 389  21 235   0  53 132 309  63  86]
  [  0 204 149 190 124 396  99 338 187 265 244 245 319  19 360 178 249
   247 184 359  73  17 354 184   5 345  83 145 287  75 136 242 138  60
   392 197 269 313 358 173 164 256 218 117 106 177 132 149  87 258 295
   373 244 164 138  39  69 108 219  16 195 130 281 371 184 325 144 202
   223 238 114  39 100 103 131 285   0 349 137 398  57]
  [  0 372  53  40  97 229 159 325 183 178 191 337 116 139 292 273 326
    28 335 389  46 248 170  29 235 202 310 122 362 294 200 234 263 321
   321 402 186 102 317   7 292 154 141 343  65 287 241 169 188 134 303
   348 305 401 143 318 273 355 175  37 188 311 266  67  72 265 198 146
   280 178 109 165 270  63 166 349 314   0 105 349 381]
  [  0 175 325  34 161  87 355 194 196 290 213  58 211 348 260 174  17
   150 317 139  68 224 144 266 249 103 268 387 395  34 168 312 156 364
     8 197 262  31 154 299 374  25  47 231 314 394 123 257  65 350 394
   295 102 185 123 391  24 172 275 175 309 267  24 294  40  19 369 373
   347 355 128 235 216 243 146  61 319 239   0 343 340]
  [  0  77 277 263 258 328 183  59  37  29 343 331 231 297 157  12 191
    71 379   4 113  20 209  71 126  29 326  43 378 199 183 197  22 185
   119  92  23 102 176 202 257 294 274 383 200  31  51 357  44 290 363
    93  56 100  92 269 320 234 309  31 394  51 176  14  41 140 131 180
   147 227 344 118 376  79  35  84 306 386   3   0 349]
  [  0 392 214 185  51 227  94 151  31 324 230 127 228  61 114 134  67
   202 176 191  65 198 108 175 137  67 239 352  42 196 286  67  69 149
   264  43 379  44 129 215 143 335 320 186 359  37 242 322  41  76 174
   344  78 334 135 229  49  19 354 387 279 249 290 382   8 275 286 367
   211 209 196 248  45 153 169 334 289  95 197 183   0]]

 [[  0 263 211 122  33 187 138 192 365 299 247  26 330 246 146  34 298
   328   7 274 283 223 138 363 251 372 341  51 334 106 281 147 210  75
   247  28  15 289 401 354 166 391 114 166 213  74 386 347 146  24  78
    85  53 333 386  28 362  16  33 102 184 149   3 219  60 277  44 401
   186  40   7 255 271 303 190 155 207 182 306  32 364]
  [  0   0 213 315 169  41 119 195 198 393  71 169 344 177  94 206 153
   336 399 250  63 134 276  86 145  81 261  92  91 192 119 371 153 255
   207 390  59  34 261 211 220 208  81 214 347 302  20 241 277 179 385
   268 227 237 394 333 162  58 215 233 146 207 150 269  10 216 233 118
   246 201 150 299 387  50 281  93 397  73  89 327 240]
  [  0 306   0 289 202 384 370 250 220 229 122  57 100 297 293 238 196
   164  87  82 256  35 177 194 261  80 158   6 190 118  15  30 318 211
   399 218 304 317 402  26 169 351 394   6 148 321 123  16 377 277 162
    33  12 304 216 349 324   1 247  93 156 202  12 311 133 142 263 178
   318 261 364  98 267 334 227 194 222 115 403  67 139]
  [  0  39  65   0  27 182  57 110 371 140 390 238 353 176 112 148 363
    97  10 350 307 385 307 378   9 220  33 181 147  75 174 276 203 225
   238  63 398  11 306 336  63 248 278 256  67 294 195  58 327 333 295
   238  40  56  86 344 121  74 187 274  73 351 100   4 333 341 402 348
   275 324 232  71  81 108  53 224 294 254 323 306 311]
  [  0  92 374 273   0  72 377  86  50 340 161 348 184 269 121 249 399
   378 123 331 268 343 165 323 306 344 277  13 392 338 177 364 398 256
   152  29 189  44   5  47 190 340 193 245 376  48  17 304 269 251 362
    80 349 217 359 272  56 315 135 155 361 322 150  95 264 304  55 157
   130 111 235 151  66 170 199 212 167 255  75  81 289]
  [  0 139 168 139 194   0 336  93 219  78 369 396 207 392 284  87 198
    57  62  65 400 325  60 156 124 177  22 167  96 389 259 401 162 351
   113 352  65 271 160 151 268 155 132 350 296 136 284   8 274  16  23
    69 353 386  85 156  83 152  22 233 210 271 127 361 382  19 128 376
    15 380 338 263  89   8 202 176 212 225 336  52 337]
  [  0 402  37 283 141 352   0  88 268 101 377 173 126 298 323 293 144
    74  72 178 210 177 237 212   5 188 304 179 324 249 188 103 332 255
   399  45 296 203  68   2  48 132 367 333 232 146 139  17 103   3   3
   130 200 117 201   6 315 277 100 272  15 234 387 310 332 391 199 394
   210 315  81 259  23 220 392 134 326   6 124  72 399]
  [  0 200 331 115  93 286  48   0 106 128 142  56  69 100  39 288 387
   213 340 317 265 356 165  85 400  61 248 264 162 142  11  10  76 165
   164 168 364 394 284 279  47  11 169 248 372  86 339 358  79 385   6
   382  10 181  64 278 176 205 242 352 249 102 152 330 125 115 330 384
   362 365  97 224 215 274 135 197 328 297 151 367 245]
  [  0  48  17 114  73 172 297 196   0  41 154 209 176 125 199 158 308
   336 381 330 258 192 276   9 398  62 139  72  39 181 293 162   8 287
   298 225 278  89 210 264 262 282 245 333 400 151  67  92   8 319 266
   268 179 284 288 277 283 339 391 119 226 274  95 176 376 183 377  17
   221 339 297 365 118 180 345  48 271   1 256 230  24]
  [  0 101 393 292 283 294  83 112  39   0 173 103 272 377 255 271 308
   251 383 282  56 249 363 120 127 156 255   6 267 171 163  69   9 101
   160 254 225 360 265 359 317 104 382 379  55 107 227 205  73 345 335
   225 210 126 107 165  30  59 114 361 348 218 356 186 377  13 241 332
    85 243   9 126 214 137  46 217 187 110  79 147 162]
  [  0 239 300 163  63 348  88 206 269 233   0  17  85 311  90 245 262
   282 186 164 208  47 173 266 184 346 135 276 270 100 131 381  23 193
   363 251 247 402 318 119 137 320 217 346 110 297 221 373 138  21 175
   160 116  79  63 352 205 174 194 342  44 268  47 373   4 234 336 384
   246 298 126 392 376 191 311 319 244 102 255  35 146]
  [  0 218 123 122   8  62  65 164 302 206 313   0 174 402 203 222   3
   373 380 216 290  38   1 287 192 229 125 268 191 336 271 111 160 344
   135 366 384 402 100 383 144 111 198  96  25 321 100 332 204 178   0
   148 294 220 247 127  89 218 271 283 254 363   7 119  30  21 201 206
   170 174 276 393 326 345  16 335 327 173 369 121 263]
  [  0 241 133 111 194 332 393 382 343 369  30 290   0 154 384 124 271
   372 378 238 141 211  62 250 144 110  56  29 311  88  79 340 231 178
   401 368 401  78 286 375 243 365 187  72 287 283  59 300 253 275  91
    86 323   6  32  92  21 274 297  76 211   5  47 228 301  45 303 373
   116 364 256 182 131  50 133 343  12 371 146  31 240]
  [  0  14 148 204 344 118 346 142 369 119 177 284  11   0 317 233 129
   260 299   8 221  92 292 170  97 338 311  69 230 360   6 247 334 175
   122 148 389  50 324  42 213 188  84 342 365 141 204 372 115 280 180
   115 385 199 181 382  99 215 241 385 132 186  18 337 342  39  61  98
   179 343  70  91 213 246 232  17 327 295 342 230  29]
  [  0 245  85 314 222 315 196  58 205 105  79 131 275 152   0 313 175
   352 252  24 173 332 312 124 355  40 320 199 197 166 237 365 359 148
   392 301  77  24 328 286 112 184 248 401  31  55   1  95 201  97 380
   280 290 304  26 267 320 120   8 350 161 397  97   8 297 258 323 297
   271 373 393 166 277  33 139 275 104 144 242 327 265]
  [  0  89  28 399 225 381  51 252 390 373 300 275 374 120 381   0 256
    66 145  97 136 206 301  75 130 325 230  36 129 127 189 155 260 342
   292 205  29  32 166 293 384 177 213 338 310 212 158 243 204 370 108
   266 400 191 239 399 210  91  26 280  23  51 200 331 150  14 397 346
   130 123 256 248 378 400 209 272 371 393  49  42 302]
  [  0 230 335   9 146 190 382 202  49   6 334 335 174 356  90 148   0
   171 228 310 374 294 362 176 310 119 383  33 358  88 397 206  58 318
    50  84 220  79 372 254  46  96 229 372 230  41 166 341 370 231  30
    47 396 361 285 258 136  66  59 118 350 219  82 354 161 175 221  72
   165 224 182 158  41  79 317  89  64 286 372 100   2]
  [  0  84   2  68 397  24   3 384 317 112 200 267 351 279 396 322 310
     0 287 310  66  32 254 251 184 115  83  98  90 177 249 161 238  42
   286  64 284 390  80 234 200 164 106 123 178  58 278 141 260  38  58
   384 198 266 145 398  31 199 160 222 330 161 281 112  65  93 117 257
   294 275 169  14 192 343  97 100 282 285 293 175 300]
  [  0 295   3 138  12 161 133 148  38 215 144 188 186  78 177  33 280
   194   0 277 401 340  63 284 217  72 271 195 383  88 203  61  74  66
   360 199 196 203 225   8  58 333 195 282  53 314 370 133 272 363 229
   325  26 241 105  82 207 103 167   9 317 284   3  97  13 169 107 327
   317  39 308 150 230 183 283  48  39 351 293 254 380]
  [  0 114 196  42 325 322 126 217 149  79 105  36 403   5 222 206 180
   251 335   0 271   0 359 112 103 353  34 138 124 243 126 223 116 109
   379  59 279 129 358 250 346 161 203 229 284 326 324 358  21 357 159
   187 237 180 252  21  28  49 284 242 275 130 181 399 320 210 330 363
   349 326  39 300 114 373 237 122 335 167 109 249  82]
  [  0  52 139 326 230 271 354 101 248 214 152  39 244 241 184 254 263
   104 289 246   0 402 344  46 389  82  57  97 247  27 342 301 174 254
   344 194 140 202 124 126  15 233  33 334 367  38 394 392 212 266  14
   351  61 197 138  71 176 287 142  81 325 385 234 219 298 400 333   8
    97  54 168 179 339 336 309   3 117 289  45  71 216]
  [  0 273 264 311  98 306 145 177 302  82 119 193  27 238 170 206 340
   189 142  95 384   0 254  94 158 379 339 314  50 144 389 127 173 121
   305 169 110 401  60 397 119 203  84 373 155 117  97  89 392 366 247
   238  77 286 383  94 264 240 273 189 210 162 105 339  16 333  18 108
   298 108 112  75 263  37 300 258 317 163 205 334  38]
  [  0 356 226  23  41 102  85 121 200  89 304  46 392   0 357 329 118
   157  45  79 118 125   0 232 317  74 378 116 386  43 292 266 181 121
    43 391 212 145  23 276 228 398 216 336 158 339 225 279 169 382  36
   110 189 391 168 106 262 186 398 234 310 205 268 242  95  43 192 148
   108  85 131  79  24  54 396  57  84  50 220 210 206]
  [  0 371 238  16 261 191 342 205  83  80 330 331 321 346  18 273 118
   195 158 108  92 214 403   0 283 402 327 315  30 163 120 294  20 116
   396  79 325  48  61  11 239 192  38 396 231 375 197 101 129   0 342
   395 316 161 269 393 387 131 258 213 279 279 139  10 115 118 235  97
   214 218 263 305 136  95 277 239 346 204  42 256 284]
  [  0 297 366  80 188 148 286  43 296 282 298 116 108 349 378  81   0
   221 278 285 132 310 358 393   0 332 125 136 234  76 290 304 244 323
    74 230 325 173  17 367  18   7 240  97  61 112   3 196 186 114 166
    32 114  85 328 160 121 377 328 117 259 177   5  41 273 161 179 181
   279  53 344 103  30 250   3 183 381 103 399  31 357]
  [  0 217 133  53  16 393 321  30  75 262 109 368 257  99  80 125 325
   397  31 237 278 287 248 205  78   0 126 270 240  29 128  33 257  70
   369 256 191 267 217 222 218 209  66 392 306 381 129 148 305  67 254
    80 321 319  85 393  23  30 231  17 181  44 116  81 340 329  45  70
    42  64 358 125 372 260 293 316 178  75 387 380  15]
  [  0 146 169 229  51 252 170 195  44  80 343  56 216  73 299 132 169
    24 347 353  61 397  83  94 158 394   0 347 396   7 171 184 207 230
    34 334 300 379 106 250 282 289 212 213 219  32  65 229 246 213 314
    65   2 330 191 321 240 191 137 301 216 365 116 289 129  14 180 234
   218 368 240 194  20  15 396 100 226 154 101 246 123]
  [  0 378 390  87 200 394 220  27  35 141 387 269 276 148  67 355 251
   219 337 334 282 110 134 153 207 248  90   0 168  22 267 195 112 249
   385 229 149 193 346 260 365  88 221 192 182 252 331 208 307  27 245
   290 286 315 131  10  10 142 237 375 181 339  15 232 383 297 133  39
   155  87 398  46  29 232 341  49 100 284  60 274 155]
  [  0 191 367 383  19  61 244 310 320 154 394 291 252 351 318  16 110
   229 233 124 185 126 128  58 366  20 235  91   0 359 180 304  78 337
   372 141 372 381 231 274 364  60  63  72  40 219   3 191  49 277  35
   232 143  81  17 232 182  23 273 157  58 391 186 293 138 328 115 169
    87 124 221 373  76  20 371  10 282 373 247 198 338]
  [  0 316 123  41 261 156 248  62 117 143  27 123 381  56 224 288  45
    85 353  17 220 385 363 158 114  39  93  70  81   0 212  29 382 208
   137 223  87 346 365 170 211  60  37  33 226 148 247 180 226 156   8
   324 319  14 239 305 355 171 149 343  27 295  68 105 205 282  40  72
   397  23 212  31 196  96 185   6  87 390   6 193  46]
  [  0 150 168 248  62 180 217  40 229 205 299  74 149 299 363 207 245
   290 142 243 152 153 187 268 231  62 200  69 192  85   0 130  70  52
   389 123  28 396 265 282  65 365 147 202  25 179 396 300 186 349 387
   163 102 102 362 370 211 109 106 317 249 266 344 163 336 232 288  64
     0 253  42 202 276 203 246 270  87  47  86  24 188]
  [  0  92 345 383 278 223 103 237  95 184 264 137 114 304  13 153 370
   135 201 252 124 272  80  21 211   7 376 271  76  72 239   0 145 119
   190 290 188 269 218 282  46  16  22  78 205 274 264 252   3 203 216
   193 131 323 207 302 285 350 133 359 276  11 371 329  32 100 388 400
   295 263 333 229 208 146  12 125 139 193 136  27  83]
  [  0 330 240 109  55 332 256 222 163 357  70 224 375 202 308 150 225
    21 221 208  53  66   6 309 234  68 125 330  10 367 116 227   0  82
   168   6  38 200   7 158 270 169   8 224 235 379 102  72 149 396 338
   147 293   5 268 228  69 227 236 110 399 330 344  60  35  62  60 262
   396  61  85 371 345 314 351 397 227 229 189 248 153]
  [  0  78 378 378 374 109 377 250 374  14 163 225 309 401 375 261  83
   212 194 188 137  75 351  97 389 225 263 101 236 131 350 137  52   0
   101  84 361 364  37 346 286 166 379 344 349 335 310  13 311  37 257
   359 218 314 137  38 116 360 159 108 199 282 188 286  15 356 398 101
     5 204 344 145 112  31  51  81 134 229 310 247 101]
  [  0 272 246 381 376 128 151 154 270 188 166 337  34  82   2  79 119
   121 378 264 253 264 245 392 309 109 321  72 125 173 361  36 237 136
     0 222 155  10 270  13 357 253 292   2 227 235 208 295 179 253 106
   230 240 398 119  16 162 248  89 378  36  93 158 286 378  74 189 376
    64 110  53 164  82 132 301 258  66 338 312 394 355]
  [  0 322 335 111 284  41 186 156  28 206 272 191 183  71  31 135 110
   183 236 193 360  28 199 248 375 210 197 399 159 327  89 165 380  60
   329   0  44 127 103 286  90 212 119  28  61 125 261 258  70  87 262
    73 137 106 215 180  22 180 207 293 384  44 309 232 355 386 354 373
    81  67  27   7 325 278  11 289 386 325  35 114 134]
  [  0 287 361 136   3  90 132 384 226 165 270 322 316 198 152 142 232
   335  26 149 104 331   7 116 308 119 385 173 393 323 228 402 310  10
   214 374   0 176  70  80  68 305 183 233 127 170 321 310 101  20 130
   341 212   6 317  93  95 179 302 333 134 391 380 371 209 130 219   1
   360 198  68 150 266 234 206 171 130 306 361 137 288]
  [  0 272  97   0 226 355 326 341 140 244 272 346 220   0 144  99 163
    21 319  28 175 303  70 299 392 367  49 358  16 281  94  67 324 185
    78  21 322   0 173 383 383  96 328 385 339 253 330  16  83 359 240
    63 318 398 223  96 390   0  61 216 172  77  97 392 234 357 115 112
   400 375 172 402 192  86 336 106 395 113  14 217 319]
  [  0  35 224 161 112 333 367 164  29  65  14  68  89 327 247 306 202
   285 305 399 368 146  89 402 344  52 217 227 110  55 107 252 329 126
    61 229  81 334   0  96 190 169 325  89 211  76  55 125 220  92  73
   285  59 270 368  14 191  97 274  28  64 140 160 145 111 279 122 168
   281  56 344 246 142 254  64 275 180  79 357 402  60]
  [  0   7  20 294  34 143 159 122 200  18   9  94 110   2 356 272 130
   153  54 170 230 198 158  37  46  52  33 128   8 187 144 153 266 136
    75 190 147 171 245   0 240 286   7 203 250  53 121  74 301  83 109
    21 225  26  97 171  96 379 124 109 292 228 388 154 122 360   9 317
   362  76  51  36 114 395 123  64 182 393  97 367  77]
  [  0 344 251 346 327 180 158  26  60 283 133 344  77 226 381 371 189
   289 104 267 194 234 197 332 213 119 269 400  96  93 358 173   8 291
   204  39 388 240 398 381   0 217  56 234 109 199 117 285 295 364 122
   172 174 313 303 288   3  14 162 287  84 311 357 155  32  11  34 384
   335 230 386 241 304  85 145 244 205 317  53  23 230]
  [  0 335 257 388  45  42  91 181 337 205  54  38 132 189 272 330 374
   376 112 331 337  36 147  73  24 152 190 138 247 280 146  89 241 114
   256  64 269 200 295  40 229   0 179 174 145 336  63 226 374 169 290
   399 320 264 223  21  30  52  17  39 292 132 127 106 135 275  76  84
   233   6 343 231 232 186   7  68 286  91 212 204  57]
  [  0  95 112 352 160  39 336 294 368 230   4 317 255 221 251 400 132
   346 286   6 297 253 367  37 314 312 349 322  13 265 249  32 158  64
   192 350 122 301 226  31  50 157   0  98  55  48 138 387 342 140 139
    80 239 335 304 167  35 292 146 298 341  84 116 228 150 304 347 231
   396  58 312 386 104 112 392 126 276  29 137 309 318]
  [  0 335 193 293 156 303 392 374 230  30 379  57 233 236 395 238 340
   176 313 138 372 335  41 341 248 246   4  50  67 268 305 175  40 215
   183  73 316 194 164 234 193  87 266   0 331 158 392 139 169  80 206
   401  63 292 202 174 261 212  31 252  16 116 126  10 119 133  94 381
    82 203 286 114 107   6 156 286 289 131 272 305 203]
  [  0  66  97  66 266 218  28  33 267 129 212  72 262  19 382   2 250
   187 164 277 348 206 149 157 211  64 264 228 228   1 269 263  49 249
   304 219 187  50 330 178 314  90   2 332   0 201 356 198 303 161  69
   166 220 187  38 200 115 226  89  16 389 136 250  10 261 386 188 317
    63 307   1 300 282 191 335 119   5 156 154  31 209]
  [  0 387 216 398  91  30 272 272 169 165 174  22 136 356 143 253 340
    21 143 220 111 225 209  13 294 149  94 185   0 230   3 358 218   5
    90 117 123 186 178 105 171 219  28 331 390   0 327 156 340 174  71
    38 319 396 300 263 136 183 220 366 141  92 157 179 325 247  77  15
   396  48  63 272 230 152  11  52  41 180  66 113  47]
  [  0  59 379 173 154 197  49  10 351 167 240  55  89 278 330  24 117
   164 275  11 183  39 284  66 400   6 280 132  54 390 192 255 134 103
    80 186  64  64 197 344 388 193 171 102 287 232   0 119  70  84 201
    18 315 388 137 368 132 253 400 153 228 256 214 354 352  67  96  23
    15  89 262 346 228  22 184 262 102 337 347 273 297]
  [  0 251 232  39  62   1 244  13   9 268 365 164 164 382 399 371 286
   146  86 118 333 237 313 247 112 279  64 346  60  75 158 172 111 297
   190  76 306 160 231  58 304 154  69 187 198 212 257   0 124 127 108
    99 245 324 168  99 155 181 289  85 214 334 228  19 172  49  95  61
   300 147   9 110 247 334 118 145 356 159 233 146 177]
  [  0 276 321 166  64 104 202 215 349 186 235 244 337  70 196  54  32
   277 232 321 102   7 303 364  94  31 364 112 202 150 320 261 151 292
   335 190 247 141 241 331 277 348 257  90 229 165 143 364   0 390 322
   326 268 220 167 246  69 335 375 116 142  40 144 279 253 135 183 114
   322 228 196 338 142 140 120 172  79 384 239   6 159]
  [  0 248 349  78 114 314 190 265 271 154 317 238 194 293  97  56  96
   109 385 359 310 252 395 185 375 227 229 347 334 397 352 187  52 267
   248 376 157 132 327 297 146 209 282 203 184 105 309 184  59   0 325
   149  85 320 325   6 198 123 397  12  26 395 299 210 170 188  38  24
   125 335 342  53 274  97 394 137 100 160 256 203 335]
  [  0 309 207  35  18  83 384 313  86 304 375 301 246 191 195 174 301
   389  71  30 295 311  13 176  87 334 216 138 308  47 392 368 239 300
   194 329  33  53  34 187  92  27  39 363 298 150 196 242 139  67   0
    98 104 268 264 102  19  91 330 155 265 318  94  52 272  26 341 320
   210 133 367 357 384   6 231 243 253  84 106 223 331]
  [  0 190  74 363 129 398  82 200  76  26 375  52 335 178  87 221 181
   349  87 302 264   2 264 319 386  21 340 171  66  24 284 376 382 107
   296 170 208 111 104  75 151   5 315 274 290 285 241 224  32 362 129
     0 401 282 238 290 239 318  67 310  50 215 200 290 383  52 295 293
   149 151 171 191 150 225 106 164 237 146 341  80  50]
  [  0   1 208  68 137 370  15 371  63 168 284  23 384 280 389  68 199
    75 340 235 388 262  76 311 116  41 304 387  18 135 273  65 305 130
   245 247 384  96 322 145 261 321 399 328 366 278 389 314  41 239  32
    16   0 255  61 203 282  13 313 274 310 198 115 245 174  37 321 118
    78 112 272 196 285  65 278 351 317 329 365 279 363]
  [  0  57  99 270 139 377   4 260 363 190 234  93 244  97  14 377 394
   284 120 321 372 107  64 216 364 254 266  43 215 218 261  38 162 188
   326 185  68 218 327 192 117 325 267 154 258 178  83 260 286 149  87
   113 208   0  16 175 122  54 368 279 103  47  42 178 246  49 318 107
    17 131 158 129 178 384  76  21 200  65 109 134 165]
  [  0 366 128 374  58 364  87 285 388 382  92 107  48 388 383 306 338
   362 393 360 252 115  99 117 370 205 337  76 229 225 343  10 308 208
   266 336  46  26 371 113   9 257  72 336 201 262 400 331 212 131 280
   194 215 102   0  34  32 220 116 383 341  78 147 367 157 287  74 186
    72  68 201 155 372 330 146 275 323 123 268  61 156]
  [  0 298 339  75  21 290  92 270 193 332 208 232 261  30 185 153   8
   175  52 320 143  52 205 403 228  32 240 392 169  97  56 315 148 153
   117 268  48 393   1 275 213  16 206  70 329  37 225 228 342 220 326
    76 131  52 257   0 271 218 397 172 263 354 260 371 181 260 170 316
   129  95 129 137 232 399  79  12 133  41 154 203  47]
  [  0 284 172 308 325 126 103 115 204 353 213 209 270 234 219 101 241
   247 196 355 267 193 149 264  93 372  89  85 272  94  83 209 104 194
   216  71 162 395 370 358 358 285  13 261  46 115 285 284 238 220 295
   302 304 366 237 108   0 108  29 328  20 126  36 362  20  27 100  43
   214  68 109 244  10 182 174 322  84 194 317 260  92]
  [  0 357  64 159  61 395 175 362 279  76 170 118   8 342 301 294  41
   204 237  32 372  39  14 298 127 262  97 301  12 199 149  24 256  87
   200 283 363 161 187  26 290 338 118 272 260 203 156 227 334 164  32
    34 102 359 187 302  66   0 108  88   0 129 207 171 208  48 175 225
    93  89  95 129 268 132 253 400 348 201  31 401  57]
  [  0 188 284 230 116 187 271 257  24 105 162 341  80 365 186 315  69
   113 155  42 365  11 251 204 283  31  96  42 284  12 250 179 233 306
   368 366 153  51 332  62  47  50 285 142 213 203 246 302 295 222  93
   218 124  62 395 183  45 321   0  13 393 226 119 249 109 354  97 100
   197 217  95  55 148 311  68  92 314 126 243 240  39]
  [  0 270 256 159 172 261 331  23 301 400 145 281 218 137 332 240  20
   274 280 310 307  88  65 149 327 113   7  77 284 202 372 254 130 174
   183  97 396 158  73 127 214 153 168 376 101 183 102 304  81  10  33
   182  46 117 336 321 393 244 131   0  52 288  88 258 223 106 344 252
   137 272 324 168 240 204  88 220 202 287 119 284 382]
  [  0 291  24 364 352 137 114 168 356 187 391 202  23  13 263 301 385
   303  71 187 283 109  23 111 141 370 265 152 236 241  66 250 174 390
   226 373  29 387 295 150  48  56 269 141  10 380  53 233 112 152 215
   356  75 143 371  83 367 188  59   4   0  41  71  22 358 107 322  94
   302 184 255 287  60 398 379 171 281  30 264 208  17]
  [  0 387 372  37 170 244  70  37  63 140  29 235 226  49 186  48 136
    30   0 262 140 315 251 364 288  15 255 263 223 135 181 212 151 283
   322 179 290 165 251 289 324  11 254  45 351 207  31 113  93 211 170
   338 230  67 234 145  15 372  98 165 330   0 182 400 269 308 180 353
   216  38 392 393 403 363  32 136  24 239 324  75  70]
  [  0  98 199 297 271 268 134  86 113  10  23 100  66 277  98 319  37
   288 350  82 389  70 370 378 334 318 360 240 319 168 233  93 167  14
   374 187 169 134 313 341  51 313 341 202 134 141 111  90 179 226 176
   286 340 210 223 333 151  98 171 237  16  22   0 160 370  47 214 145
   250 368 306 396  18  14 288 131 134 109  77 352 230]
  [  0 327  95 129 142 272 131 283 304 109 170 214  73 399  95 391  37
   296  78 264 381 100   5  68  69 254 309  55 130 319 186 186 193 257
   294  63 373 332  38 224 246 242 293  52  48 338 269  41 288  24 135
   284 117  58  54 402 345 207 343  49 129 185  36   0 141 314  87  47
   204 283 293 375  21 391  14 270  71 211 202 346 261]
  [  0  86 259 178 121 169 188   0 101 107 129  72 106 256 155 216   8
    62 164 170 301 148 323 133  79 235 305  91 147 300 260 215 280  87
   354 291 123 102 250 181 245 228 255 315 109  26 265   9  32 362 316
   274 161 139 200  68 376 317 318 391 163 106  47 310   0  42 131  64
   370 382 321  79  54 251 187 297 372 113 200 216 372]
  [  0 124 185  62 287  76  92 165 393  49 377 103   2 279 283 287  27
   163  19 388 127 281 162 240 342 284  71 198 321 370 144 185 297 325
    95 391 361 397 100 241  53  54  15 326 273 220  91  49 310 396 201
   296 198  64 216 360  85  14 269 274 163 397 246 215 401   0 393 283
   355 132 265 395 273 175 197 193 345  68 231  14 137]
  [  0 364 290 292 141 322 348 164 340 186 169 265  74   7 268 215  14
     8  63 172 382 305 195 110 187  95 193  78 274  47 384 374  89 131
   199 258  51 189 284 394 121 131 341  76 313 222  44 354 177 384 103
   249  29   4 394 241 236 146 401 152 318   7 237  81  87 119   0 113
    64 277 131  48 229 327  41 391 382 298 355 267 228]
  [  0 165  66 390 257 193 270   5 114 142 118 221 259 331  62 111 103
   290 137 270  95  37 103 216  48 152  44 229  42 191 374 290 381 342
   370 167  82 342 323 130 260 365  36  20 319 316 217 379 106  43 258
   350 224 333  19  61 212 123 300 353 343 161  43  65 275 268 342   0
     1 170 374 319  45 381  33 205 234  93 172 301 358]
  [  0 364 137 307 190 104 313 121 206 359 266  70 252 197 310 329  14
    48 301 204  89 229 391 254 384 269 174 221  48 188  85 243 147 321
   220  85 264 267 339 191 144  93 380  85 251   7 267  55  94 178 268
   251 149 307 400 353 160  80 177 285 103 241 303   2 166 337 365 402
     0  13 169  29 215 262 323 255  54 196 169 355 196]
  [  0  53 332 310 238  47  36 109 257 164 359 296 176 316 174 200 210
   191 354 354 278 289 175  79 401 305 242 262 364   5 332 224 154 287
   376 401 232 339 400 344 281 198 324 360 197 207 225 133 277 117  99
   119 154  77  59 302 149  65  16 265 275  22 200 173  29 370 134 195
   165   0 218 365 400 246 155  73 279 286 122  35  25]
  [  0  94   7 104 337  66  55 403 396   2  74 157 374 113 330 402 300
   174 127  77 157  40  42 245 349 370 203 395 130  94 137  80  79  71
   156  33 394 179 139 210   6   5 103 144 232 374 110  13 365 224 295
   386 178 237 218 327 258  70 245 161 212 141 308 275  28 121 264 125
   246 377   0  75 327 397 108 257 221 131 369 161 266]
  [  0 186  72 276 213 122 304 349 137  89 345 385  50  34 207 216 380
   340 338  63 166 138 321 282 368 294 352 138 275 185 163 370  27 172
    97 255 391 143 108 127  79 326  86 219 121  65 206 193  56 231  60
    97 210 154 122  15 250 129 250 141 202 371  51 383 357 133 306 284
   297 115  19   0  42 351  47 371 301 361 185  69 193]
  [  0 255 141 132 394  99 111  40 170 125 116 290  37  84 358 283 194
   164 285 227  10 231 120  18 131 220 303 146 146 327 273 360 163 229
    65 146 134   6 266 204 385 161  58  73 186 274 142 200 141  34 323
   153 256 152 350 283 141 187  55 309 134 257  77 380 155  21  61 150
   274 399 150 331   0 169   1  26 366  20 260  23  12]
  [  0 257 241 204 388 304 120 245   9 270 287 283 281 365 258 173 393
   302  58 150 328 381 289   6  13 387 247 102 256 167  98  57 207 292
   314 318 377 292 380 147 300 158 156  81 113 109 189 163 280 300 381
    47 364 343 171 227 289 402 193 354 308 106  26 105 374 389 162 262
   160 213 108  97 369   0 261 182 364  98 301 133 301]
  [  0  19 354 218 331 229 233 339 128 284  94 190  34  78 247 364 285
    85 130  69  34  54 307 350  52 145  90  13 163 372 169  88 205 326
   136 242 111 364 245 376  92   2 215 277  96 347 188 281 342 201  39
   124 120  78  36 314 175  99 346 166 145 186 336 307 248 341  77 121
   329 129 128 123 135 304   0 134  55 352  86 231 143]
  [  0 297  46  77 401 228 232  72 333  17  69 309 398 122 203 388  81
    53  33 254 110 196 222  53  32 210  26 366  35 186   1  46 107 136
   199 398 152 154 310 380  42 373 147  28 301 178 329 150 347 279 394
   273 343 297  75 371 325 286 187 340 153 397 400   6 215 339 159 103
   360 323  27 327  40  87 112   0  62 123 248 335 379]
  [  0 142  56  74 309  47  22 177 373 230 241 101 199 307 106 211 297
   178 214  41 331  36 223 113 153 376  25 261 118  73 113  33 355 128
   205 297 386 322 131 124   0 192 129 144  66 191  73 362 145 106 148
    20 189 283 208  85 193 277 200 148 146 213 378 121  98 229 162 400
     2  25 201  37 383 110 203 372   0 276 129  45 245]
  [  0 318  15 397   9 144 329  90  84 115 254 328 274  13 318  49 189
    78 402  99 403 402 115 353  93  82 106  53 215 116 152 391   3  17
   219 365 312 322  19 321  53 371   6 171 211 389 371 392 293 384 289
    52 216 199  98 175  50 301 285 256 131 211 153 287 167  57 124 335
    54  60 296 399 288 202 103  67 281   0   6  18 112]
  [  0 304 107 349  26 322 119 231 178 350 291 356 308   7 242 365 266
   314  33 231  58 213  62 283 101   1  94 248 271 336 210 282 282 381
   260 150 337  74 270 194  49 391 123 147  82  63  60 236 138  68 168
   286 393 188 212 242 259  50 280  54 249 148 151  24 156  73  17 169
   221 204 317 111 204 317  30  22 393 350   0 251  69]
  [  0  23 195 289  88 151 201 354 263  68 224 382 360  70 111 352 127
    17 398  68 272  18 319 364 228 400 253  17 153  11 316 403 267 309
   206 204  53 312 362 158 256 236  75 262 320 152 206 200 256  76  64
    13 299 262  33 327  69  17  98 184 360 247 321 200 217  41 191 229
   357 343 392 243 215 187 292 173 201  69 154   0 308]
  [  0  69  82 275  70  72  99 131  43 174 132 280   4  91 241 272 314
   104 220 164 362 301  80   9  63 252 295 247 307 115 277 270 327 199
   375 120 180  39 147 284 101 198 231 181 349 369 332 390 305 383 332
   222 214 354 286 219 310 374 375 402  52 233 136 248 237  15 180 326
   204 377 263 300 114 322 281  58  48   1  39 310   0]]

 [[  0 279  89 119 101 247  28 180  96 342  27 176  12  63 214 101 338
   390  25  58 314 290 259 111 198 213  87  84  65 184 116 293 380 197
    28 169 240 233 217  54 175  75 126 374  70 354  21 192 347 321 243
   176 272 311 324 188 138 309 205 251  17 396 263 133 312 108 240  44
   147 249   9 146 394   8 268 264 169 144 317 275 194]
  [  0   0 127 327  50  24  59  70 281 205 201  46 185 316 362  66 244
   220 389 126 385 394 343 282  38 184  95  86 205  33 132 359 350   3
    61  69  60 202 215 295 182 135 294 231 204 155 242 358  77 288 253
    53 106 252  31 226  14 239 271  51 108 264 321 221 152 322 190 124
   237   4 153  21 114 121  27 146 177   0 273 390 315]
  [  0  49   0  17 202 261 209 139 380 386  67 229 168 274 222 174 162
   159 240 400 215  71 295 343  25 289 215 322 353 341 313 225 180  56
    48 372 201  27 139  82 203 236  13  61 251 256 172 371 300  89 169
   124 310 359 239 188 212  50  74   4 128 141 235 293 117  35 363 367
   212  32  56 318 396 232 211  33 392 140  16 253 117]
  [  0 287 132   0 381  30 189 261   5 348 317  42 178 134 283 247 107
   202 227 124 217   0 132 264 250 245 331  74 391 365 301 362 363 281
   327  55 247  31 307 270  93 373 271  25  64 131 252 185 367 186 383
   378 394 252  41 223 225   2 166  57   3 227  88 395 154 259  37 124
   317 294 137 131  61  87 369 363 212   1 253 338 376]
  [  0  38 169  99   0 326 191 381 367 255  77  27  83 140 389 110  87
    84  83 202  55 156 375 299 345 248  91 200  51  61 153 196  22  11
   182 384 274 175 191  12 138 386  55 183 185 401  87 386  17 101 283
   141 379  56  89 142  22 159 292  11 166 280 201 196 200 156 303 302
    58  68 360 226 250 249  21 356 142 234 348 248 337]
  [  0 104 308  50  80   0  42   9 207  68 195 251 170 327 242  96 173
    25 289 338 200  39 372  79 358 197 294 121  69 203 264 230   2 250
   159 353 198 109 111 278  58 215  85 233  44 228 131   5 172 234 359
   306  34 347  76 334  98 363 188 146 204 361 261   9  49 101 278 178
   333  32   2  52 273 203 326 298 274  73 372 160 116]
  [  0 113 139  25 130  78   0 326 254 357  51 318 343 116  28 280  77
   112 307 342 265   8 257 303  42 326   6 305 246  59 177 151 317 386
   146 376 330 402 403  10  78  75   0 272 180 138 218 335  42 200 330
   265 195 384 349 347 393 283 322 386 176  76  74 193  98 308 170  69
   191 116 373  82 375 363 266  93 396 183 368 385  45]
  [  0 398 360 185 291 236 361   0 330 383  79 341 255 380 310 218 335
    51 260 393 401 272 363 256 292  72  67 397  19  70 124 119 198  81
   112 159  99  50 234  61 137 230 265 258 337 137 304 380 257 305 237
   278 190 139 233 350 315 240 153  22 109  26 163 402 269 114  74 157
   360  76 396  85 333 241 113 391 403 301 294 179 156]
  [  0  94 205  35 238  54 106  45   0  24 111  31 157 247  15  65 150
   115 224 202 271 163  59 202 210 213  17 281   9 302   7 371 162 265
   124 361 303 108   9   1  98 105 216 319 220 301  40 259 190  51 374
   184 360 211  83  27 281 323  80   4 191 291 271 294  14 100  35   1
   121 107  61 399 173  13 376 365  32 111 192 391 170]
  [  0 109 234 370 171 155  25 205  10   0 176  30  86 119 210 359  99
    61 151 370 307 195 101 327 167 128 310   2 396 347 124 220  30 367
   161 235 276 193 131  83  44 198 303 340 242 401 135 328 268  53 139
   245 232 331 180  41 318 217 311 335 284 244 283  64 204 279 309   6
   211 349  26 319 149 364   5 369  35 189 163 261 159]
  [  0   9 223  94 339 103 303 132 136 173   0 256 236  77  43 281 293
   134 294 164 361 164 280  78 137 105 155 256 127  21  22 360 189 293
   190 152 175 171  62 142   5 360 150 370  49  61 289 172  31 211 167
   283 353 327 232 387 207 367 136 143 354 112 367 345 167 221 206 208
   391 166 328 284  32 139 222 309 120  42  64 261  36]
  [  0  46 227 145 191  52 261 233 248   8 233   0  27  29 355 165 243
   131 179 328 148 262 255 170 187 194 167  72   8 249 172 299 301 115
   337 116 144  71 309 197 105 319 389  65 152 185 229 145 117  19 190
   369 269 394 304   9 358 110  84 340 368 355  23 181  73  97 282 266
   282  87 276 211 352 377 231 147  32  11  46  72 311]
  [  0 384  38  87  91  94 107 301 133 120 338  19   0 302 172 360 246
    57  18 253 177 376 282 187 238 339 131 273 273 184 269 173 388 254
   303 320 349 212 345  68 155 116 243 113 313 266  41 179 289 151  81
   397 331 290  20 383  52  92 171 398 134 170 278 124 221  99 115 259
   274 245 311 340 169   9  30  34 310 110 157 100 197]
  [  0 305 158 324 242 226 323 339 101  93 381   4 289   0 308 155  62
   370  23 108 279 277  53 387 325   8 332 374 340 191  84  17 109  85
    81 185 246  16 117 282  42  54 206 375 248 259 296 296  93 361 260
   178  85 310 373  70  37  11 250 300 116 138  29 293  25  54 317 123
   330  69  29 323 237 173  41 307 123  60  10  27  26]
  [  0 258 274  69 366  96 288  83 262 214 179 268 342 135   0 232  41
   257 325 349 357 402 256 122  64 147 286   3   6 372  11 351  96 263
   301 365 245  11 302 203 375 365 102 287  79 367 188 274 237 152  33
    54 210 320 321 103 206 273 280 333 200 169 126  77 142 149 166 201
   222 312 161 363 321  36 148 251 237 225 343 249 231]
  [  0  43 268 306 252 282 258 209 399  30 288 171  62   5 403   0 374
     0 391 215 390 125 247  17 140 233 321 339  93 202 378  23 314 352
    46  32 142 259 222 366 121 306 246 183 296  48 386  74 144 197 170
   236 240 274  37 115  47  49 113 261  47  78 177 166  38 179 101  70
   298 385 364  21  17   5 262 276  83  61 117 184 306]
  [  0 304  70  28   3 194  47 357 306  51 186 122 391 158 321 140   0
   234 180 362 331 189 147  81 318   5 220 278 286 191 351 240 238  74
    86 216 130 192 296 385 309  14 384 208 228  97 273 153 200 265 304
   335 129 380 321  58 193 302 104 234  26 161  67 167  65 369   8 223
    99 261 317 377 236 278 390 192 136  57 226 142 186]
  [  0 196 145 246 294 172   3  32 401 188 215 115 189  62 255 139 112
     0 184  98 253 368 385 153 229 151 402 352 387 402 286 248  77  32
   370 234 337 395  84  11 217 256 228 372 223 150 220  39  32 121 154
   297 186  77 212 154 146 276 271 393 333  12 228  65 380 334  56  50
   249 291 189 195 261 136 138 173  64 268 183 312 270]
  [  0  22 172 245 239 345 287  51  17 162 251 166  78 326 401   7  40
   344   0 346  49 345  19  80 371 380 143  43 322  21  73 147 195  66
   375 193  23 283 241 389  75 305  91 386 275 136 137 236 240 364 335
   362  21 276 262 343 178 397 301 395 339 401 141  12 348 239  46 387
   106  70 144 303 383  27 166  10  16 279 326 323 266]
  [  0 314 226  39  28 214  91  83 375   7 280 227 213 398  22 353 372
   209 276   0 293 195  60  67 213 321 270 338 128 180 402  60  53 358
   153 320 278 344   6   0 355 392 295 356 386 270 101 211 193 228 170
   394  32  29 138 170 282 359 275 353 154 311 159  54 256 278 274 340
   330  82 349 150 389 197 135 254 280  61 150   7 389]
  [  0 135 342 322 121 149 124  17  75 297 203 140 191 297 285  43 100
   313 244 169   0  91 145  21  78  16  81 158  91 313 260 392 389  69
   310  31 297 178  28  70 210 346 318 236 193  10  93  65 168 256  24
    29 339 160  93  58 121 137 291 343 267 310 258 360 172 149 102  44
   301  72 370  60 146 100 382 266  69 285   0 281 398]
  [  0 292 220  25 219 177   2  36 149 382 275  93  97  26 329 314 371
   330 212 294  54   0 308 334  19 297 285 349  77 187 293  69  14 151
   394 166 148 330 143 194 319 150 101  41 146 120 302 383 387 180 330
    31 357 117 200 196 337 175 337  73 284  93 133 402 363  69 113 396
   109  73 105  73 387 127  53 309 396 371 394  87 156]
  [  0 282 269 283 349 265  73  42 174 294 365 401   0 137 177 359  19
   156 164 358  80  46   0  83  97 247  60 352  23  57 396  76 276 142
   325 156 202  70  44 229  25 368 270  36 130   3  11  55 188 206 350
   116 155 219 241 216 184 214 395  48 397 232  93 191 290 121 248  83
   346 271 204  62  84 303  44  72 333 397 127 208  30]
  [  0 185  60 318  69 143 272 255  92  97 340 221 217 132 133 131 168
   249 329  18   3  40 341   0 371  69  51 380 375 158 262 182 171 235
   189 318 187 394 175 178 403 317  64 117 290   9 400 201 390  48 218
   391 372 227 214 270  62 169 235  13 399 358 286 218 162 291 168 146
    66  27  68 108 298 382 105 280 283 346 398 301 202]
  [  0 143 391 125 281 264 313 249  23 376  15  95  20 371 128 306 310
   385 164 296 357 394 293 229   0  75 160 369  10 297  61 346 164  10
    80 401 280 307  29  75 239  80 334 110 194 191 223 187 279 151 365
   225  67 397  77 198  84 214 124  18  28 179 130 134 353 307  26 115
    58 314 121 199  17 344 313 260  11 248 211  90  34]
  [  0 201 131 236 134 180 100 356 326 287 130  86 338   2  63 297  60
   123  98 120 209 225  55  96 287   0  81 208  53  83  48 219 178  46
   354  75 225 288  63  91 112  23 247 202 143 158 366  96  43 232  48
    10 274 208 264 202 150 256  37  46 401 166 196 385  46 325 104 271
   135 216 388 277 304 225   0 194 250  37 127 214 142]
  [  0 370 279 361  68 105 318  13 393 132 109 254 274  91 122 261 329
   129 260 139 308   9 102 125 175 288   0 125 272 352 242 375 114 273
   140 298  63 188 209 218 274  23  78 198 353  69  57  99 298  85 340
   393 403 175 203  81 105 276 332 259 106 115 165 106 353   3 244 381
    27 164 111 376  45 188 370  72 353  64 126 325 125]
  [  0  54  91 283 253 394 125 186  15 178 372 212 354 234 395 318 238
   153 271  98 360 306 347 194  99  24  74   0 286  50 229  30  93 292
   296 397 219  84 115 209 293 232 202 240  47 299  64 271  72 156  56
   328   9 111 255 104  43 238  45 186 314 269  94 234 150 344 250 314
   237   9  99 367 309 162   1 398 209 206 287 355 235]
  [  0 276 175 209  97 144 104  90  32 346 383  73 180  80  22 184 166
   355  20 215 106 108 266 224 129 367  40 135   0  54 171 218 379 400
    66  64 278  71  17 163 174 212  24 246 396 244 200 204 349  39  34
   243 280 166 146  40 280 335 155  75  18  80 230 267   3 286 251 185
   192 274  57 360  83 150 235   3 110  85 129  30 196]
  [  0 242 142   8 390 264  17  31 162 345   9  87 134 374 125 178 251
    72 253  90 146 203 146 221 353 385 147 236 185   0  15 216 149 255
   310 300  99  77 163 362 288 262 376  58 114  92 172 101 107 285 215
   300 256 185  18 139 146 399 117 236 348 385  36  37 103 211 259  42
   302  78 185 373 279 302 333 339  34  37 135 115 395]
  [  0  61 310 297 286 310 159 368 340 350 338 372 312 295 174  25 391
   262  28 151 267 169 248  61  16 347 221 177 383 254   0  85 165 319
   110 260 359 342  45 134  88 273 395  85  78 301 227 377 296 170  94
    32 312 102 400 102 337 163  14 281 377 136 296  34 329  63 308 324
    28 371 224 311  51 187 144 196 250 381 401   3 303]
  [  0 367 373 339  65 313  79 254  98 150 195 197  12 271  98  81  63
    16 198  10 378   7 121 350  35 214  48 332 327  63  91   0  65 143
   307  29 256 403 208  13 362 118 349 105 403 183 369  69 250 263 389
   293 245  37 104 206  76 307  12 352 366 230 138  41 358 120  44 279
   241  57 271 165 157  47  11 292 274 293 146 150 211]
  [  0 342 280 339 376 310 162 376 284  52  88 400 251 206 323 349  49
   126 109 351 119 117 402 245 288   0 240   8 132 169 158   9   0 271
   306 158  95  83 330  24 385 295 391 360 275 234  40 337 224 227  57
   115  19  71  31  19  39 122 380 349 108 290 135 214  80 129 369 109
   303  89  30  63 244 197  93 195 305  47 230 123 339]
  [  0 282  68 291 111 308  26 379 263   0 224 188 278 271  81  79 322
   400 327 249 271  55 145 403  92 356 319 363 388 376 155  36  60   0
   367 381 276 174 281 400 212 342 222 375 142  61  76 320 379 397 300
   222 329 186 284 165  36 371  30 192 198 400 370  76 199 109 196  10
   170 318 392 386 311 379 133 162 332 322 325 124 322]
  [  0 241 357  20  56 230 343 161 360  49 333  79 137  59 169  14 114
   290  70 361 248  90 337 400   8  85 225 254 359 384 349 216 313 165
     0 241 299 379  34 203  35 275 196 222 259  72 395 326  12 245 283
   107 311 302 166 384  67 177 100 258 134 117 270 132 252 122 197 393
   183 389  89 403 337  57 279 116 139 254 287 137 235]
  [  0 386 141  50 122  94 332 382 308 150 290 182 264  13  14 286 232
   399  31 338 173  84 275  82 260  69 390 159 325  73  35 279 243 257
    83   0  72 400 236  25 326 278  71 135 212 190  39 129  82 105  90
   148 365 248 187 230 262 268  54  57 273 178 248 276 337  33 123  82
    35 253 110 173 101 174 335 151   6 113 117  25  90]
  [  0 272 400  40  23 247 291 301 175  31 394 329 233 393  38  73  70
   354 214 248 237 100 157 387 312 200 341 111 168 113  50 370 367 361
   164 229   0 277 323 159  68 259  12 380  24 224 353 142 175   2  72
   267  11  96  66  45 402 398 402 266 293 155  77 278  62 378 342 319
   221 238 214 125 308 269 358 193  66 333  80 200  31]
  [  0 104   4 344 290 244  22 149 349  68 118 120  81 206 302  23  20
   183 333 243 136 137 143 178 207 339  82  11  98 332 342 388  85 126
   242 324  15   0  29 302 154 288 258 251 283 155 275 257  62 230  47
    71 201 155 200  94  57 205 132  87  88 212  29 176 131 139 221 218
   325 250 168  99 162 259 367 308  30 229 356 239 145]
  [  0 277  27  87 401  19 150 186 259 394  88  65 308 167 364  74   9
   219 242 285  60 163 326 302 230 203 277 265 292 236 105 385 125  96
    32 199 363  50   0 320  68 360  95 220 206 206  97  17  76 134 120
   229 211  99 376 107 308 259 326 333 151  76 122  36 337 331 341 122
   381  73 139 264 222 118 355 281 121 101  12 208  97]
  [  0 335  40  30 157 170 355 267 111 129 141 123 209 150   2  77 337
   148 112 356 174 349 166 140  49 115 403  26 254 119 280 202 392  69
   333 259 273 310  38   0 154  67 314 275 341 392 383 252 128 138  71
     5 308  69 282 335 274 145 251 286   5 202 379  16 144 300 117 165
    96 331 285  96 317 156 266 370 275 248 133 221 369]
  [  0 255 124 165 227 341  59 220 182 355 235 189  54  66 242  68 312
   341 403 198 284 244 215 357 362 311 276  35 314 291 375 207 221 127
   175 173 152   0 374  30   0 309  91 209 237 384 341 242 120 241 197
   201  31  24 296 164 330 152  71 360 319 176 169  57  64  79  25 305
   378 341  19 118  57 160   1 169 154 397 263 272 333]
  [  0 384 263 133 393   7 129 214  55 322 297 343 257 335  13 119 105
   187  41 185 136 201 170 271 297 211  11  93 282 148 180  77 331 157
   238 224  97 214 349 376  33   0 196 152 137  53 171 259 210 217 367
   317  74 371   8 336 292 375 371 178 382 251  82 214  54 272   0 318
   340 377 327  65 212 296 347 395  38 213  46 236 174]
  [  0 379 214  81 338 159 332 197 394 248 291  45 188 229  49 269 253
    17 196 118 180 285 349 389  84 373  75  57 247 375 141  21  96 243
   304 138 276 166 364 357 132 242   0 181 132 263 350 129  67 293 123
    44 184  75 317 391 192  97 207  49 147  20 347 112 334  65 232 229
    55   0 259 205 137 397 287 268  62 398 204  91 340]
  [  0 294  39  14  52 353 318  10  54  81 237  32  87 127 235  21 360
   339 287 132  17 215 354   6 332 178 384 392 295 326 360 325  93 312
   364  54 229  26  72 280  87 331  70   0 260 294 319 193 138 103 135
   341 253 175  64 386 387 383 188 132  81 255 385 130  32 229 225 175
   129 392 257  27 359 132  63 387 304 293 392  22 209]
  [  0 165 288 363   3  29  74 128 375 367  51 386 341  78 237 177 317
   219 124  89 252 159 141  72  33 258 196  47  32 117 253  95 264 344
    14  48  28 129  88  85 374 148 378 170   0 145 182 281 146 128  80
   380 320 384 233  29 148  69 205 276   9 180   7 129  39 397 270 156
   360 324 250  77  82 297 381 220 291  34  93 290   3]
  [  0  15  17 328  23 334 298  90  47  50 326 137 197 402 293 324  75
   196 313 396 387 284 194 142 295  57 146 177 214 243 318 383 290 290
   185 147 312 317  53 319 270 389  57 226  92   0  77  48 109 222 188
   234 261 197 102 174  96 220 218 316 199 340  51 101 380 362 377 272
   380 301 402 132  70 256 257 375 403  84  70 143 114]
  [  0  99 161 297 166 369 101 123 306 161 315 192  53 130  40 272 309
   111 112 105  24  72 115  70 110  45 317 251 190 190 170   7 355  93
   121 355 259 325 135 229 268 289 217 183 197 116   0 145  97 233 255
   339 295 246  69  62 390 225 157 252 218 348 100 322 119 151  86 352
   213  94 372  62 266 223 111 185  34 394  95 109 206]
  [  0 159 277  54 169 355 181 369   1 133 221 327 290  17 190 201 361
   234  65  76 302 321  11  85 220 151 197  65 168  29 104  65 216 133
   122   2  14 140 200  46 337 191 348 259 145 204 154   0 312 228 360
   320 333 190  86 267   4  50  19 100 188 222 122 242 284  33 385 326
    69 302   2 332  21  32  40 191 187 363 225 125 343]
  [  0 266 355 181  71  15 286 251 365 126 260 201 175 292 319 134  34
   308 309 156 264 387  36 292 401 273 172 169 252  43 156   6 295 148
   395 339  24  64  46  85 108 313  19 319 379  17 175 260   0  83 366
   373 330 390 398 111 117 210 121 324 169 133 269 295  67  90 138 289
   305 113  85  95  19 275 366 303 346 345  45 397 263]
  [  0   7 387 388 350 332 383 164 112 345 364 125 361  91 182 253  98
   341 361  86 295   9 121  64 230 344 294 142 156 274 192  14 331 387
   394 220 167 123 259 133 350 391 241 117  45  21 133  54 282   0 238
    98 109 220  71 339  45 301 138 304  77  14 297  95 277  21  97 168
    82  12 382 289  45  88 215 383 402  99 101 113 128]
  [  0 129  49 379 401 394 299 281 283  37  45 136 280  11  42 188  60
   395 229  54 272  69 244 131  41 171  31 195 208 134 243 344 262 302
   103  84 234  54   6 210 352 277   8  72 242  65  57 236 285  98   0
   282  17  63 141 153 393 226  87 356 290  44  22 318 145 282 143  60
   335  73  51  53 359  15 169  15 298 185 129 129 396]
  [  0   2 351  82 197 250 384 149 374  14 258 177 132 393  56 225 255
   224   5 213 250  41 266  31 329 399  56  40 373 302 139  62 231 371
   382 109  84 393 194 225 100 402  42 370 398 290 311  51 364 278 393
     0 237  23 349 111 204 365 363 320 370 387 256 228 377 259  92 200
   150 395 111 152 254 291 193  48 135 244 114 269 311]
  [  0 284 233  99 326 133  38 277 187 382 185 240 185 123 288  21 287
   331  39 247 284  63 370 295 134 306  99 239 395  14 375 147 316  24
    42 180 216 266 330 364 387 393 143 389 152 294  18 237  53 104  46
   271   0 108 241 329  34 188 150  16 370 282  72 384  40  35 359  63
   344   8 388  63 232 213 201  55 163 107 277 352 239]
  [  0 270 330  49  69 174  20 243  27 335 128 350 163 281  55 335 132
   301 129 313 258 192 158  31 242 272  63 202 329 317 256 322 172 163
   189 351 354 212 332  86  68 355  22 123 135 333 387 375 125 209 177
     4 204   0 182 102 340  98 319   3 271 101 172 170 111  52 342  99
    32  57 131  92 253 284  35 362 304 152 295 214  91]
  [  0  81 203 322 236  47 343 207 268 114 330 295 164 356  74 328 263
   342 249 256 182 330 196 400 281  18 161 321 110 293 261  93 397 391
   134  28 247 374  94 302 235 217  57 159 103  82  72  88 345 326 389
   162 316 389   0 109 171 108  38 323  10 255 247 322  33  22  99 402
   253 256 155 317  32 390 287 314 115 143 204  84  54]
  [  0 124 190  27 156 253  32 198 111 168 195 328 207 349  31 151 158
   353 255  54 251 354 132 148 390 286 282 249 101 303 328  43 262 268
    47 150 332 113 218 188 174 282 184 173 158  49 319 395 257 156 131
   128 319 237  60   0 221 398 224  65  26 359 339  74  11  55 207 251
   344 279 118 256 128 235 289 361 382 236 245 395 177]
  [  0 139 188 327 360 290 156 182 368 296  56 368 399  96 262  98 365
   133 179 342 120 300 160 263 360 317 144 152 300  86 279 295 247  51
   285 250  84 280 139 283  87 188  74 281 169  37  46 374  21  16  10
    85 199   8  51  90   0 172 192   2 397 222 234  71 200  49 344 394
   364 359 217 253 381 355  43 352 157 308 107  29  70]
  [  0 276 308 186 402  64  98 316 168  41 130 175   1  43  57  91 155
   114 131 220  18 242 126 182 192 265 110 120 304 381 155 390 263 135
   358 314 238 141 323  12 235 184 309 270 337 247 364 320 144  73 365
   271 166 242 148 319  98   0 100 204  12  51 209 378  26 332 398 361
   385 214  88 187 320 246 128 135  34 261 380 267 240]
  [  0 170 192 231 321 334  69 210 119 366 111 163  46 174 102  18 258
    25 115   8  10 153 218 279 199  40 347  15 273 183 306 402 186 324
   220 164 131 169  25  86 271 299 355 396 299 177 130 209 329  49 212
   121 403 350 269  99 352 275   0  96   1 246 305  24 397 129  47 317
   347 124 219 366  94 271  79   8  87 368 142  80 158]
  [  0  28 185  34  85 208 309  63 292  73 123 362 260 107 255  39  19
   150 211 158 292 362 279 370 164 324 249 178  26  50 295  62  88 362
   186 391 269 296  88 243  88 217 297 186 394  46 311  90 153  36  43
   133 146  49 379 249 290 130 359   0 214 368  11 289  77  68 382 107
    25 115  48 190 225  87 103 138  16 102 270 334 269]
  [  0 329 216 129   9 176 128 251  58 170 263  55  18  69 162 265 131
   127 368 248 296 142 399 347 107 155 165 273 314 202 177 280 225 262
   300 355 245 126   4 330 124  51 346 391  24  66 237  27 348 358 369
   362 390  30  67 310 353 246 320 100   0 158 185  47  83  22 319 219
   346  25 381  89 157 325 225 216 201  99 204 399 143]
  [  0 264 346 203 181  51  25 296 163 323 280  59  73 391  81 398  21
   387 302 206  64 313 119  32  26 284   3 342 243  74 158 275 145 204
   172  77 310  35   6  79 158 323  45  17 294   2 314  28  17  74 333
   121 278 219 393   5 339 235 160   7 249   0  79  12   7 159 208 315
   143 304 320  61 288 332  93 110 136 175 338 148 210]
  [  0 364 183 201 178 323 225 324 205 285 318 372 198 146 184 229 351
    68 244 375 113  34  13 307  27  12 276 142  16 223  82 132  65  78
     0 254 176 375  88  67  38 129 189 398  84 359 177 218  66 106 349
   206 226  21 270 229 107 263 284  36 379 253   0  19  46 342 400 157
     8  55 396 219  86 317 202 230 328 356 130 100 147]
  [  0 371 385 385  97 151 157 322 278 292  88 186  95 169  44 196  62
   261  63 162 174  25  39 264 221 138 179 334 313 244 297 283 172 336
   283 124 271   7  84 297 221 255 122 146  22 283  23 173 109 359 152
   347 299 104  51 114 298 397  93 102 310 347 239   0  86 347  71 374
   225  86  37  30 131 217 137 368 183  26 209  45 379]
  [  0 158 378 138 188 282 293 195  38 245 176 351 262 322  99 318 131
    69 287 321  73 285 296 340 136 113 200 273  33 298 373 311 106 300
   112 135 395 299 106 133  73 114 376 102  44 246 285  98 206 163 158
    72 122 254 353  20  93   5 172 274 120  51  54 277   0 298 259  60
    47 358  47 304 300 117 188 220 222 229  46  44 299]
  [  0  80 374 215 260 160  26  49 177  48 200 156 154 184  54 219 208
   286 143 346 369 110 229 143 182 294 108 342  65 157 345 129 403 317
   284 207 308 383 332  87 208 172 286 325 108 103   5 110 214 388 238
    80  48  51  55 266 122 252 352 252 317 157  26 157   1   0 316 351
   180 247 316 176 183 401  48  92 170 392  98 255 154]
  [  0  47  29 246 344 102  51  27 135  76 358 238 146 389 224 317 223
   380 152 333 115 241 352 314  21  62 115 291 158 296 198  57 216  65
    92 107 141 119 184 394 396  78 400  76  29 279 403 207 207 248 296
   346   3 166 139 208 402 137 336 305 173 288 215 382 295 391   0 372
   160 129 140 401 270 151 144 127   0 276 151  71 308]
  [  0 310 302 353  19 204 109 272  90   3 161 200 209  28 269 255 238
   212 149 311 265 112 164 256 127 194 260 177 326 168  22  86 214 401
   278 375 223 169 283 111  96 229 193 296 361 403 309 178 323 169 382
    42 259  17  80 167  93  29 320 298 102  61 244 247  26  32 326   0
   399 315 164 284  23   0 312  72 137 147 274 155 196]
  [  0 262 126  52 237 210 245 274  78 378 386 131 115 191  21  55  86
   229  29 131 244 338  19 270 263 160 272 233 174 170  70 375 185 136
   226 193 141  41 387 103 117 130  90 218  58 290 121  95  45 186  30
    40   9 363 335 380  32 315 188 148 380  69 147 126  79 178 319 130
     0 148  35  91 225  31 356 106 167 121 361 308  78]
  [  0 368 310 253 306 288 160 247 360  23 193 283 123 321 352  53  81
   363 336 225  24 160  33 366 391 163 313 375  74  32 128 140  81  26
   392  26  18 145 179 183 183  36   3 280 247 334  69 359 361 305 355
   383 303 348  48 244 148 378 380  87 382 382 222   9 308 310  29 212
   254   0  39  41  67 264 301  16 121  42 325 211 261]
  [  0 362 284  27 294 181  88  15 228  37 330 107 294  24 124  80 248
   132 323 287 234 263 152 250 348 178 197  86   6 137 335 297 366  85
   189 205 307 359 322 198 322 215 403 107 367 250 254 342 293  40 379
   137 399 362 378 362  78 338   1 402 103 144 189 120 162 128  63  78
   345 243   0 403 374  32 100 285 123  59  53 317 247]
  [  0 342 137 179  70 167 100 353 240 233 338 359 337 168 352  43 245
   132  38 141   3 316 205 243 335 159 360 239   8 120 303 373 125   9
    65 178 211 201 373  86  67 245 177   7 105 130 194 182  66 375 270
   255 392  20 259 124  70 222 264 282 182 397 229 333 261 171 314  39
   188 260 218   0  95 159 160  47  38  52 343 345 120]
  [  0   2  20 390 216  99 188 334 133 313 395 384 269  22  84  20  23
   101 173  46 298 183 113 167 374 276   1 279  67 135 287 262 386 368
    26 126 304 192 228 197 365  28 270 235 254  92 289   4 202 243 200
   132 145 261 302 113  68 153 201 206 365 349 401 251 117 385 123  92
   100 365 235 386   0 379 205 114 389  46 110 147 320]
  [  0 174 368 364 265 347 290 133 286 131  37 378  38  95 239  67 124
   183 120 236 181 252 255 240  18  36 216 294 217 358  99 260 360 387
    16 318 341  44 205 327 110 241 372 256 111 368 241 297 203 400 403
    81 198 166 364  96  65 243  74 182 186  32  33  56 108  29 388 228
   154 144 358 219  94   0 145 120 248 305 209 329 172]
  [  0 128 237 226 214 147 210   1 142 292  18   0  91  94 216 184  57
    18   9 332 323 257 165 153  70  33 351 325 196   5 281 178 208  22
    81  81 402 259 279  13 101 292  79  74 250 132  87 164 104 272 377
   190 272 261 352 322 328  49 343 105   8 367  82 131 307 119 237  46
   399  14  45 223  84  69   0 296 241 165 249 346 134]
  [  0 121 109 233 133 355  25  97 136 403 250 355 323 334 354 172 328
   348 317 279  48 398  92 310 189 110 244 185   4  62 120 114 170  58
   307  20  38 282  90 155 294  70 135 315  57 352 119  16 277 285  87
   354  91  63 306 361 289 376  53  52 297 168 382 290 140  60 225 269
   175 293 255  54 160 119 254   0 381 271 244  41 211]
  [  0 230  54 243  82  22 305  49 258 105 315 385 188  69 182  58  34
   173 136 239 362 256 348  71 272 201   1 263 175  76  13 226 268 321
   361 314 333 351  76 352 179 283 313  86  87 209 215 375  30  67  81
   284  86  76 213 340 331 250 227 371  65 135 365 294 332 254  48 371
   317  74  56 106  40 189  81 275   0  49 368 373 307]
  [  0 291 213 370  98  78 184 376  35 176 249 364  17  97 111 317 289
   201 272 258 223   2  10   3  19 197   5 110 172  63  73 302  45 362
   330 234  25 332 309 121 221 171 128 235 350 203 195 202 396 185  83
    70 361 329  20  78 174 304  24 119  49 135  78 216 375  19 265 353
   336 348 189 285 100  34 119 138  58   0  18 162 137]
  [  0 112 261 258 341 236 391 100 239 175 209 386  69 229 336 375 200
    12 313 210 148 294 116  89 162 254 345 381 107 196  63 132  29  54
   207 186 118 174 396  94 151 299 309 150 269 247 134 355 156 267  66
    78  74 126 200 102 243 173  12 348  78 146 285 202  40  74 107 307
   143 238 223 321  62 199 113  62  76  25   0 343 213]
  [  0 187 391 287 256 107  35 210 400 142 161 255 196 214 388 258 146
   283 187 388 172 365 316  67 143 395 399  80 362 174 196 186 270 332
   219 318   5 217  41 397 248 226 127  33 295  19  12  51 118 163 336
   167 187 149 184 337  53 372 158 118 122 256 309 155 381 188 227  35
   209 370  41  86 178 337 320 209 229 202 341   0 345]
  [  0 303  67 164 399 341  78 359  13 273 357 150 250 291   6 271 153
   321 276 282 320 181  47  86 197  74 315 293  85 151 185 244 150  45
   231 185  80 202  71 161  19 211  57 306 367 305 350  15  42 390 129
   196 236 394 190  36  99 129 124  64 194 284 277 114 384 249  62 288
   208  34 103 120 397 358 159 327  79 268  32 112   0]]

 [[  0 313 210  90  87  12 283 174 382  75  49 294  69  94 395 344 169
   270 394 248 328  97  68 185 237 202 132 201 341  43 268  99 214 160
    86  75 247 243 226 398 211 104  77 402  27 197 262  89 327 152 340
   336 209 102  92  20  75 179 276 282 218 184  47  49  64   2 159 130
   341 217 232 156  26  35 274 147 308 244 349 380  16]
  [  0   0 310 104 243 399 265 227 161 309 212 151 270 240 363  55 379
    12  46 119 165 139  39 345 386 136 163 326 334   0 304 363  43 220
   206  27 163  16  50 278 249 392 332   8  29 327 364 220 388 321 145
   382 166 198 160 382 300 285 329 164 329 178 391 214  21 244 194 390
   382   7 368 137 157 322 216 146 127 189 355  73 395]
  [  0 206   0 391 171 243 186 242 216 294 264 239 280 226 366 274 292
   381 249 382 368 119 400 212 221 277  54 155 116  35 134 343 397 198
    53  62   8 299 357  72 313  11  18 156  48 359 350 284  56  38 116
   198  82 184 354 155 238 269 205 246 275 235   1 241 375 264  46  63
   329 368 137 334 287 191 377 173 104 313 378 265  85]
  [  0 371 248   0 180 196 188 250 160  20 171  90 298 244 166 337 331
   271 381 395 220 192 331  38 340 341  80  23 242 222 278 338 267 310
    54 213 141 171  55 189 253 319 349  83 220 282 209 155 204 351 380
   334 364 338 393 175 194  30 277 387 115 318 116  42 102 189 108 128
   401 283 170  42 170 100  62 120 127 358 231 182 348]
  [  0 162  75  60   0 366 221  84  69  94 313 215 372 379 309 229 206
    77 400 215  42 304 328  17 106 368 355 303 369 362 339 233 212 300
   319 165  49  11  86 160 216  20 247 395 359 288 307 390 181 269 298
   295  67 306 181 160 185 193  80 167 185 333  67 350 182  47 400 119
    29 109 345 331  59 276 343 264 159 203 360  70 352]
  [  0 391 246 224 337   0 140 299 397  71 352 161 188 122  77 259 186
   200 203 329 172 251 382 184 361 314  29 346 217 265 138 160 388 361
   371  87 350  85 107  60  30 321 216  59 342 231  55 372 122 151 298
    99 147  65 169  60 180 155 357 201  46 150 334 139 147  51 274 150
   150  11  64 167 236 385 296 109 309 155 357  15 377]
  [  0 157 157 247 163  64   0 151 254 239 310 306  95  35   2  15 156
   300 393 245 322 218 221 287 130 391  61 329 328  11 242 330  73 236
   230 114 251 398 361 300 246 368  24  45  55 101 267 340 338 374 190
   127 145 340  35 317  40 308 280 129 285 364  57 171  88 102 144 354
   338 177 219 272  72 337  32 250 289 374 182  14 343]
  [  0 246 215   3 396 135 403   0 243  35 136 221 385 135 149 291 255
   214 136 343 388 265 348 201 201 134 167 290 329 272 379  17 368  14
   204  32 180 144 370 317 166  23   3 235 152 315 127 236 120 242 101
   130 366 161 155  52 158 334 324 253 312 103 124  97 187 170 202 274
   372 171 148 296 396 293 289 165 187 123 345 123  49]
  [  0 397 195 284 304  64 235 127   0 315 129  21  14 378 286  41 199
   362  22 187 134 200 302  70 217 332 347 201 228 169  98  52 259 290
   151 136  16 188 350 208 334 149 279 124  60 353 278 371 101  82 249
    62  11 259  59  64 333  24 384 385  72 236 160 171 182 320 373 226
   390 257   1 281 307 367 194 385 251 107 386 338 111]
  [  0 187 386  42 173 323 236 330   3   0 258 324 207 220 216 139  22
    74  42  98 312 287 127 137 325 381   8 102  59 230 287 344 129 177
   243  22  92  29 168 105  61   8  16 105  30 356  32  26  36  81 244
    79 221 398 152  49 190 107 333 109 165 376 373 241 127  39 176 256
   132 213 142 216 248  56 176 241 173   9 155  31  42]
  [  0 353 159 160 291 229 402 297 392 390   0 399 366 136 115  31 171
   126 268  74 178 146 129 373 145 227 279 359  53 252 279 257 182 394
   279  20 399 222 188 331 362 203 343 147 126 182  90 370 348 143 171
     8 261 201 169 347 186  48 290  67 208 373  15 399 377 309 347 166
   116 221 278 150 215 137 336 349 214 279  54 380 134]
  [  0 174  35 321 319 277 304  52  13 167 184   0 335 271 239 386  81
   288 355 332  31 271 241 370 399 368 126 328 166  68 357 333  15  89
   356  27 112 205 215 103 143 184 355 292 395  75  71 387 378 296 304
   148 331 349 109 289  39 173 312 306 270 383 341  88 348 391 242 130
   137 284 334 389 293 126 274 176 344 111  43 336 383]
  [  0 181  53 132 161 367 176 148 280 367 208   2   0   6  28 332   1
   240  10 244  17 215  52 304 286  55 211  11 197 165 240 172 252 195
   322 117  21 294 318 361 191 373 363  85 101 157 380 366  72 263  86
   305 271 152 236 120 295 334  87 184 264  75 356 164 201 102 183 366
   131 400 337 316 134 367 272 397 370  88 287 376 217]
  [  0 269 237 210 140  18 286 213 277 188  88 124 121   0 354  54  51
   190 140 212 239 172 216 167 140 112 258 177 112  69  80 346 192  70
   157 278 351 136 169 342  70 264  50  22  40 129   3 375 359 298 322
   403  26 265 199 359 366 204  70  41 344  69 198  50 107  27  25  44
    83 370 258 305 366  25 397  57  72  60  58  34  76]
  [  0 210 112   9 347 155 339  91 286 286 379  16   0 255   0 390 125
    73  33 203  13  18 285  44 107 278 343   6  84 105 141 112   9 283
   396  20 309  99 314 278 389 254   1 172 241 234 401 376 208 174  11
    36 385 177 184 238 251  68 323 150 234 347  93  44  21 295 394 283
   222 258 280   1  87  18 324 267 137 221 161 226  24]
  [  0  66  68 205 150 157 249 234  37 125 293 210 297 168 247   0 174
    98  78 283 197  67 151  77 300 261 179  21  53 277 219 387 337 373
   342   9  18 129 364 298 396 185 310  21 191 346 368 174 111 356  62
   237 281 280 268  70 252 251 384 154 186 282 399 356  63 304 353 108
    49  43 174  85 165  28 149  82  43 232 197  58 222]
  [  0  40 169  19 227 131   1 141  29 100 278 259 382 239  31 316   0
   175 152 139 146 104  78 103 136 183  30 252 336  90  32 334 352 229
   362  41 168  79 151 170  19 257 339 143 323 330 340  43  73 181 294
    13  30 102 243 364 165 299  14  26 170 176  63 188 382 157 247  53
   113 159 206 237 208 220 193 333 312 367 361  79 204]
  [  0 169 127 162 213 393 164 133 357 154 217 283 320 154 384 147 384
     0 291 319 325 247  32 314 240 130 147 176 211 225 221  98  38  21
   240  20  50 330 151  97 375 273 176  16 182 353 115 181   5  95  89
    70 279  52 282 147  93 219  33 182 354 399 382  77 130 254 142 138
   245 383 189 199  73 166 225  80 319 286  43 136  36]
  [  0 366   7  62 181 283 361 129 175 275 184 286 342 401 356 192 128
   279   0 398 174 338 298 323 401  28 151 214  41 277 378  58 116 220
   338 189 109 131  88 213 168 104  55 253  39 180 225 305 280   6 122
   194  47 335 195 276 234 286 289 366 321 351 270 160 386 360  28   9
   161 188 272 373 125  96 395 263 324 362 274 138 332]
  [  0 317  44 166 254  62  59  12 128 389 360 335 328 403  80   2 163
   245 289   0 333 363 107 225  65 258 219 130 341 281 281 311  83 392
   315 117 185 141 173 360 393  20 250 309 285 121 155 272 398 337 233
   163  73  12 351 299 310 240 387 156  45 108 161  18 235 387 169  91
   369 131  52  27 369 103 153 132 329 123 109   5 117]
  [  0 371 212 398 224 279 264 312 226 121 202  47 129 320 338 384 132
   293  70  17   0  44 235 160  19 278 188 311 161  35 333  56  31 101
   116  74 322 302 232 212  69 325  20 155 267  33 403 375 264 329   5
   314 147 174 278  60 101 220  32 286 269  19 387  71 155 225 234 211
    50 224  56 102 202 302 358 282 402 375 376 104 315]
  [  0 316   6 183  37 237  69 103 385 374 367 371 223  22 361 195  59
   286 317 313 350   0 278 201 133 208 330 370 375  82 140 107 379  87
   289 186 364 145 192 359 134 386 319 240 394 301 389 265  37  33  98
   206 287 126  62 201  64  50 335  61 107 267 110  16  84 276 249 283
     5 293 188 100 187 306 277 272 329 102   8 124 198]
  [  0  61 392 382 224  16 324 243 394 161 153 322 394 187 302  90 371
   209 393 351 350  15   0  92 268 315 116  94 187 366  62 216  32 191
   234 225 291  17 276  89  73 108 297  26 130 152  89 395 231  40 110
   203 107 157 379  28  77 370 135 223 368 392 176  12 176  78 330 382
   107 256 220 189 116  87 314 359  17  44 144  20  67]
  [  0 373 109 340 356 142  47   9  10  76 159 367  34 366 399 241 197
   189 216 125  96 175 369   0 158 212 238 298 197  89  18 266 150 306
    69 371 235 107 171 125 199 217  99 277 255 345  29 187  32 160  69
   229 313 218 125 262 317  51  99 301  30  97 325  42 210 380 249  24
   287  33 125  99 249 285 267 387  67 156 385 184 150]
  [  0 296 340 378 250 353  93 224 142 114 151 103 248 293 227 232  98
   162  65  34  14  24  10   0   0 328 269 378 363  19 390 229 298  15
   381 364 232 175 270 211  99 364 257  25 346 243 354 403 199 119 241
   270 128 179  67 322 266 361  99 135 230 114 308 114 358 270 118 220
   260 381   3 247 254  29 326 180 174 290  52 364 302]
  [  0 389 382 230 376  79 207  13 357 125 360   0  31 108 261 215 158
   244  84 176  14 214 118  81 126   0 208 136 392 269 376  55 264 170
   200  26  92 350 120  52 117 283 199 273 294 273 241  17 376 342 323
   221 310 171 338 363  30 340 367  63  57  52 103 182  43 167  41 142
   284  83 204  18 290 188 262 211 379 241 310  86 221]
  [  0  61 187 167 366 254 159 221  30 166 150 184 210  17 236 228 135
   267 295 378 226  54 237 190  91 138   0 214  73 212 116 316  91 154
   351 179  63 339 296 136  71 311 171 185  94 306 233 212 345 120 169
   119 400 261 291 248 164 117 280  54 340 103  56 381   4  61 263  74
   271  56 313 151 275 283 136 337  40 303  14 154 255]
  [  0 256 398  18  54 328  56  40 270 221 373  76 250 321 286 235 134
   190 308 329  16 107 319 333 363  96   9   0  65 379 244 134 305  98
    79 249  88   7 227 350   9  69 172  16  20 103 144  62  68 251 368
   395 205 152 233 144 114 181 394 354 197  64  17 266 371  14 288   9
   316 200 152  86 252  40 350 355 154 349 335 153 142]
  [  0  72  33 110 268 198 202 170 276 135  38   2 170  87 367 230 150
   385 338  59 188 132 380 356 100 183 322 383   0 110 155  21 306  16
   144  94 364 172  86 223 144  86 133 175  77  17 261  41  70  81 313
   356  27 168  14 309  22  54  38  32 249 329  15 311 209 397 120 388
   125 152 244 188 295 289 329  49 212 402 295 172  49]
  [  0 245 378  36 112 202 234 180 256 263 307 215 314  28  57 336 101
   332 266 378 336 273 109 101  14 300 231  11 142   0  97 377 258  40
   223 252 326 306 392  75  19 293  70 372  10 275   5 224 170 229 307
   372 259   6  18 393  31   7 387 334 342 196 153 386 217 177 368 261
   131 372 402  45 128  25 191 161 238 356 139  75 250]
  [  0  35 137 273 384 110 218 124 143 383   9  96 208  42  24 284 334
   282 281 301 270 294 372 202 241  42 398  13 174  76   0 172  32  56
   129 403 250 262  25 196 327 254 325 109 304 286   4  59  10 339 372
   390  33 308 382 285 111 282 389 293  10 303 390 140 128  69 143 299
   145  63 200 281 287 217 232 223 401 341 383 182 265]
  [  0 235  65 225  59  35 109 193 400 205 331 300 272  10 383 259 190
   167 221 353 245  44 142 212 241 131 203  56 129 327  36   0 360 392
   328 172 144 379 110 141 135  71 144 254  13  16 357  86 129  86 162
   297 122 243 296 311  39  14 122  54 140  58  72 370  76 344  28 111
   243 368  57 170 257 244 354 195 313  29  37  24   3]
  [  0 301 208 261 281 281 139 251 190  14 120 232 111 274 336 390  99
   366 102 194 322 124 196 321 188 284  99 277 381 322 167  20   0 330
   293 283  32 225 347 135  32 229 351  54 213  24 326 279  94  98 289
   285 177  92 185 195  34  26  53 171 211 203 403 186 279  57 360  64
    78  94 292 306 318 244 294 190 363 392 171 178  59]
  [  0  38 311 267 200 384 168  84  62 204  43   0 113 314  78 221 292
   211 390 296 140  58  56 174 168  31  75 348 182 235 224  35 154   0
    90 334 132 144  85 305 210 155  75 402 192 179 383 181 133 201 322
   344  55 118 104 284 332 139 227 386 373  85 207 160 159  15  58 103
   121 120 284 133 238  14  72 188 104 332 288 305 129]
  [  0  41  87  57 306 279 345 117 108 311 164 177 123 133 255 167 150
   225 200 375 341 321 208 368 345  22 178 137 390 251 247   1 251 294
     0  54 282 188 200 315 378   7 158 142 374 311  45  35  74  25 128
   360  63 141 303 325  18 301 205  18 281 287 337 110 248 354 262  69
   219 226  92  12 101 167 290 215  66 318 400 151   9]
  [  0 217 313 212 162  24 384  52 323  70   8  11  71 137 322 279 226
    25  52 360  19  22  29 131 176 222 202  82  57 395 327 109 349   8
   247   0  69  78 167 300 358 342 285  11 397  85  86 246  66  65  18
    28 207 286   2  64 270  37 209 129 124 206 211 339 353  77 122 152
   330 383 354 194 225 395 171 259 375 161 398 292  32]
  [  0 329 225  69  28 224 110 318 252 400 205 336 296 110 162 121 319
   106 166 363 352 377 361  11 301 351 304  50 248 325 263 230 118 291
   307 232   0   2 198 320 191 317 161 341   1 283 198 257 313 260 308
    71 146  31 331 182 132 198 383 264 375  65 165 204 227 188 285 337
   167 315 340  96 393 104  90 368   5  49 104 288 154]
  [  0 327  74  75 210 155   0 369  74 172 328 136 244  99 263 278  69
    97 322 208 107 189 100 276 249 147 366 365   1  97  34  27 402  34
   120  65  67   0 362 351 357 274  11 291 272  40  78 145 101 267 158
   170  63 191  26 357  40  68 397  97 292 134 307 241  58 130 163 254
   253 104 157 279 253 256  38 162   6 312 103 201 297]
  [  0  83 386  98 387  17 199  12 311 229  24 122 351 265 324 295 185
     2  61 171 283 135 176 270  66 384 121 366 188 380 201 167 191 189
   223 199 376 301   0 403  43 325 351  74 188 118 287 120 299 284 124
    78  37 308   1  76  60 385  53 125 122 336 383  80 396 402   8 324
   235  69 107  61 171 191 189  47 107 343  97 232  35]
  [  0  31 100 280  37 292 205 326 232   4 146 388 258 352 156 234 226
   351 258  55 370 285 283  98 335 391 307  34 381 262 171 115 263 143
   322  15 246 176 128   0  40 122  44 192 248 115 347 135 142  42  88
   201 135 257 191 374 183  49 203 370 219  73 294 237 158 140 383  33
   231 287 217  86 393 386 356 300 219 331 219 215  82]
  [  0  93  61 201  11  81 167  52 181  55 108  70  22 209 314  85 201
   279  63 250  18 386 193  72 150 398 299  14 148 230 312  63 149  65
   288 334 318 175  46 154   0 381 162 144 164 269 336 358  72 153 393
    74 353  35 269  55 244  57 399 354 312 109 354 100 285 227  51 364
    88 266 277 269  17  11 326 292 382 123 396  82  57]
  [  0 211  75 292 302   0 117 236 356 372 212 263  35 355 235  98  77
   297 387 288 288 249 188 244 324 391  44 285 382 401 313 135 245 323
    23 306 285  16   5 134  14   0 388 390   6 108  19 232 226 373 196
    48 265 274 245  83  48 267 401 310  25 402 120   0 318 244 355 312
   203 147  41 256  17   7 348  89   2   9 138  41 122]
  [  0 139 372 141 368 297 402 159 152 162 356 115 134 281 140  89 310
   145   2 377 126  99  90   0  87 146 120 220 164 315 298 144  58 176
   110 120 107   4  84 369 163 286   0 373 180  20 398  65 350 113  80
    30  48 340  60 354 213 227 338  42 361 184 296  27 168 257 247 147
   204  72 347 302 152 165 325 264 161  59 170 219  91]
  [  0 213 340 376 210 153 384 221 140 250 141 181  41 402 316 357 147
   283 362 264 249  46 322 193 349 313 106  96  12 153 306  24 270 370
   312 219 364 329 305 171 369  45 193   0 100 127 246 261 218  35 377
   224 373 116  82 196  76 221 260 288 333 128  42  12 307  11  92  51
   328 391  12 389 322 232 275 297 302 232 401 306 178]
  [  0  40 193 130  54   1  97  87 329 225 219 279  56 289 393  94 221
    97  12 117 109 220 175 226 242 214 290 235 108 181  54 269 229 293
   348 362 297 105 102  74 288 309 306 356   0  65 157 201  80 278 278
   244 279 392 257 198 216 241 295  16 356 193 400  39  73 392 121 341
    34  24 198 381 355 340 341  58 345 230 308 281 371]
  [  0  91 257 237 153 135 244 139  66 237 248 316  26 264 150 369 215
   141 299 205  28 312 225 378 140 141 106  97 266 176 311  47 340 261
   112  49 261 275 367 304  94 196 160 295 320   0  83 180 342 320 362
   270   0  34 327 325 157 259 326 380 369   3 339 162  88   3 201   5
   226 187  33 227 324 285 149 220 163  79 343   4 337]
  [  0 234 311 252 272  51 243 401  43 182 277 378 196 346 399 256 371
   206 201   5 320 350 244 331 129 324 103 261 359 306  36 227 107 101
   248 162 361 265 244 261 335  62  76 392  62 378   0 196 271  54 213
   112 309 229 260 102  24 199 387  57  42 350 384 122 157 351 170 314
   171 290 252   5 402 140  64 279 251 144 120 196 240]
  [  0 244 302 230  22 329 285 149 270 213 320 262 133 312 181  65 377
    92  17  51 144 332  11 176  25 221 149  20 321   5 101 321 255 192
    97  29 108 376 280 143   5 385 342 213 260 185 327   0 196 237 311
   203 379 362 370 149 348 289 122  77 169 353 227  69  72 384   9 322
    91 143  87  58 148 100 259 314  98 319  37 312  82]
  [  0 202 336 143 211   9  83 357 252 170  35 127 386 260 158  86 390
   192 251  29 292 166 174 367  42 375 256  45 195 327 187  62 312 144
   157  19 139 393 218 360 226   5 237 401 397 185 349 311   0 190  49
   310 403 352  53  64 246 271  97  34  14 322 206 324 188 122 112  76
     0   9 259 230 308 379 399 161  80 113 327   3 204]
  [  0 349 359 158 312  45  71  23 295  10  52 302 343 224 336 354 262
   224 306 359  86 370 303 286 340 307  38 324 353 131 305 352 379  83
   155  82 329 295 317  46 159 188  24 319 399 156  24 205  84   0  78
   202 138 131 178 153  61 337 173 342 301 397  80 376  48 171 140 265
    99 365   6 346 342 167  57  14 322 235  69  30 341]
  [  0 120 352 253 403 125  69  63 209 209   8 185   1 382 112 402 274
   332   4 374 333 231 238  20 360 273 271 391  23   0 354 304 194  17
    13  79 178  90 316  38 363 104 293  58  44 335 262 216 296 193   0
   125  57 366 145 317 268 256  12 225 343  89 333  29 310 117 171 106
   372 335 122 163  41  53  67 353  27 390 143 398  23]
  [  0  80 131 279 183 184 135 331 204 192 306  38  82 104 297 339 345
   206 384 244 215 196 385 270 326 263 316 157  40 368  67 328 150 111
   202 160 301   3  22  98 319  47 234 255 247  45  83  86  45 213 141
     0 158  75  13 312  85 109 277  10 250  63 365 341  89 144 203 178
   334 197 155 158 298 150 340 270  92 400 138  91 301]
  [  0 241 295 104  35 179  73 214 314  75 336 374 400 254  48 231 309
   392 299 199 205 171 253  24  19 344 365 143 181 184 290   6 235  56
   112  59 362 350 203  58 403 158   7  32 107 101 100 272 203 189  31
   240   0 161  72  61  98 371 399 263 214 319  24 344 400 124 335 364
   265 314  19 304  29 137 139 262 290 185 202 284 180]
  [  0 388 196 240   1 247 150 225 116 387 362  38 391  56 302 184 333
   260   4  38 320  84 205 214 211  33 289 355 295 377 280 375 274 225
   232 304 149 199  46 143 363 296 130 391 197 384  13  58 366  99   3
   342  17   0 312 130   3 239 117 116 333 256 259 397 345 147  59 292
   237 355 343  42 298 279 232 241  21 197  11  78 304]
  [  0   6 241 343 106 330  99 297  32 106 286 274 252 245  77 332 126
   155  86 244 226 334   5 330 104 395 394 121  37 348 150 234 275  21
   116  29 237 122 273  52  76 355 332 153 306  82 335 224 286 166 350
    88 123 275   0  32 104 176  86 185 306   6  84  74  12 142  86 131
   150 214 195 133  57  89  61 201 258  83 151 259 262]
  [  0  82 126 123 249 298  20 119 226 185 329 335 171 163  11 258 361
    18 399 244 179  36 242 123 353 342 307  93 197 200 162 278   4 367
    23 355 260 302 306 305 398 169 303   0 236 206 359 232 207 133 245
    30 206 277 311   0 150 311 241 210  84 272  98 362 117 391 194 303
   357 401 168 103 326 369  12  24 214 270  90 326 185]
  [  0 159 387  51  44 266 167 325 193 227  13 112 254  62 202  16 132
   271 353 314  88 297 363  92 185   3 198 214 203  61 207 237 314 193
   371  86 372 126 375 249  44   2   9 323 306 315   0 117 149 258 171
   380 213 328 322  64   0 373 308  54 273 156 246 310  83 387 227 385
   187  39 206  16 336 105 330 145 366 186  30 181 267]
  [  0 261 204 233 283  32 150 191  55 174 214 153 186 389 138 123 128
   169   9 401 134 214 295  29  87 135 340 220 380 359 351  46  21 258
   374 210  73 274 385 268  97 131 181 403 355 178 213 237  25 367 316
   374 331 164 274 126 402   0 146 170   5 120 205 255 193 274 376 188
    98  28 177 252  79  96  75 342 192 382 258 279 381]
  [  0  81 273  73 364 197   6 205 162 255 363 358 270 339  59 249  13
   372 248 252   5 337   3 144 196 343 344 198 155  92  55  75 300  46
   317 244  37  87  76  65  81  32  74 254 235 151 281 383 310  67 352
   356 204 273 108  67 217 399   0  58  62 371  67  49 396   5  39  71
   230 341 105 300 327  48  56 345   3 152 116 195 384]
  [  0 119  64  36 261 160 133 364  82 248 154 309  47  21 386 376 112
   358  29 381  96 290 291 308 181 255 127 309  83 135 228 190 134 216
   124 167 365 270 239 311   8 307  62 140 340  12  73  74 165  39  17
   351 199 258 376 381 107 384 100   0 255  30  25  12 156  41 216  90
   326  22  47 143 297 193 189  87 137 370 338 227 296]
  [  0 290  79 253 212  58 239 275 184 140 138 108 337 252 374 111  82
   210 277  72 276 335  13 339 248  46 355 202 343  81  46 357 110 303
   342 129  57 341  94   7 116 265  77 162  12  37 356  22 362 292  41
    52 321 362 116 153 343  83  43 231   0 123  40 338  16  76  98 208
    21   9  57 195 132 193 247 193 209 173  32 335 358]
  [  0 149 103  27 350  23 245 402   8 195 188 321 115 176 113  91 152
   346  64 342 299 201 371 325   0 255 178  20  77 161 361 141 287 162
   165 341 147  56 398 370 207 349 281 160  44 278 259 207 395 203 361
   152   9 230 370 384  20 146 141 335 133   0 297 367 396  59 391 331
   369 197 139  51  52  80  62  92 375 299 234 111 198]
  [  0  86  65  90 371  34  72 274 401   1 337 402 369  49  52 236 205
   120 131 309 395 312 136  98  66 106  97 197 133 402 278  14 324 354
   214  53 316 395  87 113 296 259 393 305 335  14 395  73 105 172   8
   320 205 355   6 396  66 295 312 344 293 324   0   0 131 144 147 239
   182  93 305 345 365  37 112 289 397  15 350 180  68]
  [  0 394 118 388  62 168  17 118 224 367 153 355 153 402 183 400 201
   372 373 149  48 353 329 136 304 379  14 367 313 390 311 333  96 126
   316 228 198 290 293  62 313 140  18 119 290  57 277 385 301 263 290
   301 218 106 384 403 265 345 261 207 327 229 103   0  48 397 151  84
   217  97 401   9 146 253 183 193 242  78  98 212 283]
  [  0 391 260 330 295  55 177  72 325 160  19 350   3  45 255 106 157
   400  67 393 153 393  68  47 103 263 283 118 206 399  98 353 338 197
    12 371 175 268  66 132 317 217 297 389 304 144 400 168 227 168 360
    25 246 129 374 119 287 269 292 177 114 318 334 305   0 281 368  47
    57 211 273 287  70  54 307 238 131 148  97   8 171]
  [  0 180 226 355 355  40 118 100 383  67 105 309 227 188 332 105 287
   206  35 136 401 215 186 102 205  48  54 124  76 359  37 381 324 246
   158 336  91 127 172 193 320 270  13  99 286 264 205 395 264  18 300
   190  51 349  97  51  75 133  40 169  94 120 134 249 330   0 223 251
   323 188 397 181  89  12 319 297  33  52 341  12 149]
  [  0 293 164 127 218 295 150 289 236  44  49  44   5 373 295  82 192
   337 263 236 296 227 134 303 166 374 110 137 141 290 144 106 322 246
   371  86 177 357 293  42 137 233 125 108 118 349 258 176 322 202 351
   104 181 152 158 112  89  89 382  95 198 374 144 377 219 387   0 392
   267 197 364  83 191  45 243 352  16 330 220 229 186]
  [  0  14  69 111 362 181  20 198 217 358 331 346  58   4 172   7  53
   145  25 198 390 379 291 207 371 350 269 118  29  75 214 171 339 200
   230 202 228 352  39  21  40 304 329 154 367  38 143 214 109 328  60
   314 363 360 297  98  70 283 355 245 161 334 136 191 354 191 107   0
   313   1 251  36  63  81 298  89 222 362 235 391   7]
  [  0 379 200 121 264   6 217 335 336 397 353 393  46 271  90 222 293
   121 175  68 400 188 106 365   7 100  25  70  46  37  65 385 112 172
   154  47 103  50  67 266  61  16 217  36 295  17 145  94 403 339 155
   294 107  87 349  65  54 367   1 119 348 269 159 181 179 339 123 154
     0 365 246 366 326 292 336 115 127  59 165 291 174]
  [  0  65 371 183 256 354 250 233 105 147 359 220  23 106 171  95 400
   277 240 163  79 314 322 145   6 245 270 204 245 113 178 249 120  25
   287 132 146 259 388 393  31 273 193 147 219 267  49  88 372  68 216
   256 383 140 102 209  66  80 389 244  50 166  75 307 133 347 292 301
   171   0 166 295 102 115  29 344 177  25 178 187   8]
  [  0 220 296 227  92  43 181  91 382  92 297 392 161 100 347 266 191
   324 197 227 378 251 348 373  82 209 309  69 181 282 132  70 229 231
   121 381 172 221 234 314 119  29  97 101 158 313 119 246 184 126  64
   307   2 219 181 139  57 294  14 278 347 234 332 154 355 128 266  23
   399   7   0 267 332 130 367  89 305 171 248 232 310]
  [  0 184 211 283 199  54   6 167  31 169 340 242  62 220 134  60  86
   217 191  47 279  24 361 373 116 303 209  40 139 309 202  81 173 279
    64 212 304   4 220 255 298 324 136 187  44  98 295 241 197 280 382
    45   2 167 159 401 380 337  27  71 311  74 273 309 110   6 169 282
   160 116 250   0 250 345 366  27  73 318 221 378  51]
  [  0 335  37 202 331  50 201  65 177 102 244  68 274 279 314 399 324
    34 164  62 173 123 303   4 109 253  54 101 234  86 363 296 223 154
   163 222 351 206  80 171   3  99 143 136 149 340 198 201 121 144  68
   214  58  71 359  50 145 115  74 391 240 275 207  91 395 362 332  23
   400  56 153  42   0 192 230  28  56 281 334 325 288]
  [  0 354  40  15  17 133 241 201 189 114 265 383 382 245 272 275 106
    27 127  89  17  11 403  26 246 249 165  49  41 364 347  43 253  98
   173 381 123 227 303 173 180 354 309 221 158 265  76 143  19 161  23
     6 130 321 204  59  78 173 356  45 331 270  67   0  35 382 269 363
   359 219 125 320  32   0  73  41 323  83 358 349 123]
  [  0 147 401 331 315 143 151 285 167 247 213 343  62 132 374 402 389
    62 108 243 265 303 233 228 390  43  70 152 355  39 117 288 131 388
   399  16 307  46 250 312 130  68 357 378 280  86  91  58 121 135 160
   164 170  70  81 258 297  49  57 175 140 396 138 279  75 312   3 269
   132  78  11 232  18  78   0 269  14 184 123  68 192]
  [  0  56 373 228  18 139 242 123 325 250 242 110 218 166 300  74 378
   236  38 294 148 139   5  21 251 362 197   8 347 363 345 341 177 129
    82 163 202  91 226 366 260 349  12 163 110 113 143 119 152 214 345
   224 267  37 286 283 384   1 285  34 197  97 321 291 142  17 179 203
   403 388 228 317   3 362 241   0 303  82 380 266 115]
  [  0  51 208 363 113 311 116 214  75 339 277  23  64 228  98 336 399
    89 228 124  64  62  50  20 223 396  58  23 263 288 313 137 126 340
   384 145 359  60  50 159 190 222 142 147 281 255 172 375 245 264 399
    23 142 252  65 187  47 318 318 399 176 171 295 313   3  57 136 208
    55 116 376 376 397  82 325  69   0   0  57  24 386]
  [  0  63  61 265 351 328  57 224 319 190 240 310  31 392 401  49 349
   244 223 110 337  85 378 138 155 143 202  97 220 403 254  64 240  76
   131  42 172 330 393 199  73  82   2 192 258 124 367 184  97 143 318
   131 282 200 162 305 259  93  22 237 308  82 403 155 193 366  85 290
    95 210 146 249 374 382  55  11 372   0  15  70 212]
  [  0 335  83 314 184 153 273 189 244 256 161 242 265 289   6 169 100
   255 398  59 188 146 347 182 398 249  59 333  44  89 237 120  84 147
   138  97 318  99 345  66 401  31 355   8 115   7 277 192 321 384  36
   106 293 114 322 250 214  64  71  15 230 266 219  44 309 344 313  58
   216 237 233  47 186  86 280 254 395 375   0  28 226]
  [  0 354  80 218 274 234 149  54 365 165 164 271  75 235 344 229  66
    58 333 208 307 322 368 133 198 118  64 234 308 356 274 175 314  83
   271 177 185   6 228 232 282 210 240 243  23  59 337 107 392 171 189
   152 279 255 158  55 324 315 212 303 163 339 265  88  52 153  67 203
   169 381  99  86 152 338 263 349 386 167 295   0 128]
  [  0 135 255 294 337  15 295 390 348  53 104 114  65 396 262  90  14
    10 214  87 233 345  11 287 366 209 270  77 202 105  73 294 371 122
    46  10 346  91 339 238 334  27 110   7 312 170 126 174 310 263 213
   367 192  33 260 256 359 325 213  47 114 237 266 148 234 194   5 172
   377  53  10  22 257  70 206 344 332 165 110 387   0]]

 [[  0 120  44 401 202 378 148   3 136 126 253 192 111  81 297 218 186
   336 236 379 225  16  83  70 196  52 183  54 140 296 287 287 113 328
   220 243 375  94 287  97  13 334 172  75 262 135 322 396 138 239 175
   395 276  73  92   0  27 170 137 351 242   4 150 188 234  61 249 133
   110 216  38 325 169 160  76 217  80  13 363 402 167]
  [  0   0 371  22 389 275 157 308 367 339  21 122 374 251 122 244  25
   194 157 159 329 312 134 148 396 259 301 379 318 397 204  97  43  87
   136 137  94 327  61 372  36  83 356   6 346 241 281  59 267 180  61
   194 398 350 233 159 189 228  81 193 133  82  74 317   7 111 111 157
   242  14 218   1 234 244  17 166 403 230 158  75 147]
  [  0 243   0  65  58 165 179 184 373  79 306  89 242 103  35   7  49
   263 118  68  54  64 290 298 349 140 262 380  62 341 174 322 244  30
   357  36 165 119 327 209  26 277 121 182  75 182 398 104 337 274 394
   132  75   7  43 229 295 149 402   6  35  15 153  74 150 314 108 339
   220  72  57 382 330 151 288 109  28 264 403 245 156]
  [  0 264 195   0 323  69 303 144 295 354 146 352 103 236  29 116  74
   253  34  18 302 300 314 244  64 327  52  16 242 189  11 378  69  71
   301 102 219 381  65 161  18  88 272 197 284 282 385 390 102 344  10
   393 110 296  33  77 301 244 393 164 155 195 174   4  94  39 352 204
   160 117 227 332 208 168 244 323  25  84  69 329  75]
  [  0 212 121 233   0 309 350 317 296 200 110 221  96 381 207  84  99
    81 105 193  47  23  64 345 394 292 285 190  51  36  80  37 385 398
   367 134 292 114 197 329 194 227  88 303 248  14 400 271 241 358 249
    66 351 333  14 346 229 321 303 136  13 331 129 355  69 343 147   4
   100 126  26  85 225 393  94 371 215 379 118 358 349]
  [  0 397  31 160 388   0 336  66 350 283 198  32 113 301 186 300 100
   318  64 351  24 252 186 295  65 231 331 262 260  92  38 211 234 204
   220 200 304 210  66 396 355 357 245  16 316  48 368 126 359 328 306
   365 286 245 326 159 348 241 278 371  16  72 274 126  83 312  14 247
    51  61 304 297 283 206 249 354 255 135 390 187 310]
  [  0 361 149 399 141 250   0  74 149 331 176 318  62  20 355 337  13
   159 335  38 207 208   2 259 135 135 114 159 118 181 180 149 157  46
   124 300 387 183 184 106 270 222  53  26 180 170  29 284 364  48  44
    80 244 274  46  30  92 252 245 212 105 244 264 343 250 328 399 211
   283 350 179 112 215 127  81 365 202 340  64 268  41]
  [  0 286   4 392 204  61 247   0 155 225 117  99 394 127 103  93 349
   130  22 102 121 339 330 232 176 203 137  38  22 311 368  39 173 257
   398 247 281 276  37 369 321 271 156  96  44 146 107 223 270  59 283
    87   3 234 265  98 121 242 403 319 103 117  61 181  19 333 180  72
   224  47 336 203   8 117 354  78 173  46 109   0 196]
  [  0 393  49 370 371 311 271 231   0 268 251 247 110  95 172 122 311
   275 197 182 319 248  63 275  26  35  94  75 296 278 360 327 204 372
    55  42 348 153 238 238 397 253 270 363 151  47 152 372 269 221 251
   252 235  39 172 145 139 103 309  73 142 294 338 221 102 250 177   3
   122 279 315 275 356 145 150 265 280  39 168 232  20]
  [  0 310 321 184 248 232  88 328  16   0 254 329 362 323  29 375 349
    87  18 244 335  28  58 177 157 338  80  53 362  33 316 353  52 300
    60 337  50 217 198 292 102 251 240 224 118  85 116 114  58 126 128
    86  70 102 386  54  57 288 178 297 175 283  89 247 174  75 165  66
   132 365  78  11 329 121 316 261 240 223 211 351 177]
  [  0 230 166 386 104 214   7 296 367 106   0 324 316 225 371  46  86
    81 331 221 252  94  91 150 231   7  20 210 294 338 274 288 222 223
   306 172  21 323 305 346 321 351 129 187 370 231 150  35 293  61 274
   347  37 112 210 345 339 321 249 243 116 335 275  85  23 200 185 304
    12  38 340 374  46  30  84 337 314 180  72 306 257]
  [  0 229 272 261 186 166 376 253 266 219  41   0 274 136 140 262 165
   140 312 176 216 376 332  26  76  49  18 304 290   0 342 152 380  14
   255 309 396 274  22  24 308  42 300 393 154  24  11 171 284  59   2
   288 272 156 252  43  31 257 299 257 395 125  71   7   0 374 328 207
   188  23 328  61 209 233 310 338 203 325   8 116 116]
  [  0 173 157 226 261 390 341  99 148  14 184 390   0  36  78 260 364
     8 225 299 368 307 135 100  66 391 340 173 128 216  86 123 391  65
   262 126 288 234 258 394 147 114 174 197 331   0  36  22 164 282 258
   385 242   8  82 202 185 253 101 152  98 180 288 236  49  83 115   3
   186 307 304  61 360  99 373 329 390 141 119 394 326]
  [  0 318 398  32  23 136 271 252 118 272 360 377 224   0 287 323 161
   380  22 269 299  64 353 115 302 128  18 186  42  49 188  18 123 398
   234 148 209 128 349 295 307  30 224 109 363 354 254 133 120 247  32
   156 323 180 311 154 403 357 183 119 364 280 386 227  97 115 338 206
   372 245 179 309 145 360  44 314  12 114 237  41 272]
  [  0 347  11 319 403  46 289 366 267 340 341 340  78  69   0   2 156
   267  62 139   3 403  71 299 281 112 249  95   7 357  69 270 259 200
   398 403 319 223 239 261  21   2  67 382 203  16 364 378  78  76 109
    90  28 371  86 233 185  88  33 126 241 398  84 138  78 394  25  31
    95  96 287 192 130  19 164  48  40  96 169 113 362]
  [  0 129 237 291  99 130 352  21 181 351 174 390  14 390 396   0  94
    64 184 315 192  92 180 359  89  66   1  62 147 196 150  48  82 283
   101 355  21  60 348  68 330   2 100 238 383 366 268 253 161 245 351
    88  30 174 280 387 155 245 201 189 388 367 108  56  34  83 116 111
   323 197 386 288 161  18 306 325  73 298 291 185  45]
  [  0 240   2 394 357  88 239  46  12  41 102 370  28 169  49 249   0
   308 239 258 333  76 310 109  83  12 236  61 172 322   1 265 400  46
   123  72  53 262 198 216  21  79  73 214 299 270 141 370 285 316 269
   207 131 279 391 242 301 154 172 151 275  65 318 111 294  72 109 294
   285 287 326 306  15 229 115 321  98 288 353 389 223]
  [  0  12 385  69  49 187 358 324 143  92 194 118  53  89 322 211 361
     0 141 355  20 322 280 372  74 158   5  16 146  12   9 370 290  70
   101 155 336 123 326 329  74   7  15  30  73 103 122 172 153 320  37
   294 162 309 190 305 349 343 318 110 326 292 360 267 337  73 323 370
   357  71 365 194   9 159  83  18  65 133  34  70 222]
  [  0 382 365 215 251 130 289  83 288 168 353 390 111   1 386 271  85
   112   0   1 192 391 176 365  25 373  27 401 392  48  83  19 316 217
   326 145 223 182 179 355  53  64 111  71 210  13 249 161   7 331 233
   351 306  88 124 112 122 246 343  26   9 315 120 272 130 274 328 361
   267 208 192 378 292  41 370 321 357 328 227 223  19]
  [  0 327  70 366 179 289 367  58 137 115 385 294 211 376 131 288 351
   271  27   0 295 194 312   8 381 146 287 310  15  66  28 207 141 335
   280 260 185 252 245 130 400 184 310 146  54 243  57 145 188  17  76
    86 212 165 180   3  46 121 176  38 294 131 301 135  61  55 273  87
    38 250 308  84 141 120 107 357 241 220  87 146 282]
  [  0 275 370 155 123 117 191 295 130 201  32 152 157 265  31 263 383
   234 329 224   0  55 345  72 110 403 389 383 288 306 145  56  32  14
   356 205 211 197 279  32 352 146 161 390 271 325  84  97   0 189 114
   205 181 369 346 290 371 233  54 166 401  59 205 287 233 349  46 301
   152 290 139 173 357 133  22 176 196 274 115  65 150]
  [  0  73 222 220 142  82  87 122 294 354 237  30 403 111   4 172 214
   297 349 204 295   0 141 281  73  61 382 347 222 239 295 266 113 235
   402 311 316 173 143  32 169 310 348  91 225  69 374 324 273 189 172
   183 244 227 300 231  40 136 359 105  88 163 159 270 257 167  93 148
    52  35 367 326 307 258 330 323 240  83 223 137  57]
  [  0 353 296 399 115 197  80 112 249  28 163 110 232 265 174  47 113
   281 363 329 312 239   0  34 357 204  73 172  12 257 290 253 104 172
   141 100 272  11   8 251  18   9 384  27 135 380 113 150 354 298  22
   357 308 308  25  84 335 137 230 281 268 141  57 254  40 317 208 375
   345 176 180 177 352 135 339 234 240 136 351 334 144]
  [  0 282 322 367 221 360 253 396 333  11 327 168  94 107 268 164 141
   122 393 371  36 245 297   0 155 127 110  29 270 366 187 220 394 188
   270 181 243 226 148 176  77  78 192 336  10 214 139 278 133 167 360
   338 194 140 275 310 328 221 328 322 184  21 114  35 337  63 153  94
   150 245 354 401 175 370 333 120 132 367 400  60  77]
  [  0  48 101 136 362  13 396  84 172 368 116  74  33   7  80 366 142
   391 110  96 178 260 320 256   0 287 146 210 212 371   2 269 206 375
   350 168 380 221  45 187 271 279 140 206 234 148 158 123 218  79  47
    53 251  26 289  16 282  72 281  50  65 275 333  60 135 182 174 307
   251  63 271 392  91 149  20  81 193 400 313  48 165]
  [  0 298 277 254  11  40 241 233 158 109 231 380 365 353   5 110   3
    17 138 356 242 109 352  99 188   0 165 294 174 197 173  89 320  42
   310 172 337 213 348 130 240 140 345  17 338 120 339 233 210 299 296
   160 351 310 157  13  40  25 269 144 128 125 175 230  50 132  39 248
   233 308  93 258 222   5 144 363 326 393   9  33 403]
  [  0 167  59 306 248  83 257 150 269 228 399 214   0  12 294 286 183
    80 240 352 224 132 178 116 385 121   0 157 124 204 232 274 103 402
    15  81 302 230 296 188 270 289 219 136 159  92  54 332 196  73 193
    10 316 209 194 133 328 204 307 341   7 392 226 210 326 220  63  11
   147 104 245 342 307 214 242  86 195 268 100 267 366]
  [  0 197  28  80 321  81 170 368 288 345 104 109 261 306 298  68 141
   334 140 132 179 266 360  72 371  61  55   0 221 281  70  62 231 341
   338 208 197 211 314  20 147 179 333 167   3 294 261  50 102 300  51
   168  65   0  89 305 157 347  63  29 316 260 192 305 204 243 396 282
     2  53  87 184 192 300 104  79 293   8 377 268 359]
  [  0  25  14 363  10 162 258 396 118 164 177 383  39 121 403 252 115
   383 333 336  47  58 202 395 147 179 357  48   0  83 367 398 208 184
   305 169 351  48 157 217 362 183 216 167 136 174 360 268  83 177 365
    31 197 358 295 375 387 286 171 379 361 145 217 162 197 173 227 201
    82  97  76 396 346  37 331 322 254 358 302 150  70]
  [  0 330 309 281   4 208 350  28  22 286 121 211 346  77  16 330 270
   100  71 353  21  72 293 155 194 385 280 190 153   0 246 270  37 261
    71 154  82 233 148  41  86  21 401 215 234 103 331 262 189  46 104
   352 382 237 218 349 352 124  18 198  34  96 164 195  78 385 326 275
     1 151 390  78 112  22 337 181 199 319 313  13  59]
  [  0 171 267 147 173  57 266 184 133 295 189  29 375 169 200 326 162
   121  27 358  80 266 380 225  70   9  28 149  96  76   0 309 166 396
   369  81  12 128  95 348 345  91 289 100  24 343 239  75 351 271 104
   190  57 121 222 191 395 113 144 100 236 398 199 363 301 185  49 297
    95 185 174 290 275 145 247 396  93 104  27 107 149]
  [  0  15 198 387 148 130 131  81 307 397 352 375  40 310 135 154  18
    56  70 128 250  76 259 300 210 351 253 283  19 294 203   0 175 196
   198 112 306  11 119 357 115 150 194 230 201 375 403 268 357 188  32
    21   5 129  63  36 166 177 211 262  48  73 205 151  17 174 143  45
   401  64 261 392 279 244  42 192 343 134  55 292 260]
  [  0 200 197 232  54 119 100 107 331 379 219  79 302 290  87 319 199
   181 262  85 343 264 291 250 100 130 327 159  80 309 160 149   0 160
   227  41 325 396 332 105 317 131 149  64 274  19 125 227 281 196 332
    35  86 261 353 146 187 197 225 214 129   2 153 305 267 373 173 187
    28 239   5 321  76  60  74 123 336  73 325 397 220]
  [  0 371 206  95 168 264  80 174 222 397  17 374 296 285 327 256 276
   280 275 214 233   4 278  46 193 312  38 284 310 126  68 246 215   0
   237  40 248  53 228 215 346 333  70  74  77 327  89 198  38 259  42
   212  56 287 182 392  78 353 318  31 284 209 285 165  22 346 350 217
   298  81 165  73 246 113 120 180 185   7   0  89 347]
  [  0 346  86 225  99  17  80 348  83   8  32 223 115 270  40 238 303
   169   8 382 390 272  58 177 262  48  24 238 121 192 106 162 153 148
     0 279  79 215  35 234  89 161  72 259 364 132  58 223 125 212 139
   301 143  19 192 240 109 296  25 154 367 153  68 222 152 216  98  53
   363 119  54 134 335 260  48  15 382 184 388 228 210]
  [  0 339 352  76 261 326   1 100  34  25 211 377 129 271  91 239   2
   178 164   7   4 392   7 218 296 346 372 360 283 190 302  91 243 167
   382   0 175 230 185 398 199 224 110  56 174 370  87 386 207 342 216
    96 201 175 203  23 143  51 294 300 252   3 276 378 231 108 281  21
     7 169   8 200 226 344 142 316 393 191  51 103 178]
  [  0 107  23  15 393 160 132 132  81 332 202  70  93  40 231 131 347
   172 325  22 290 169 266 393  29 399 378  24 402 358 264  82  85  68
   184 221   0  15  16  73  85  29 391 184  71 130 258 369 188 226 270
    45 119 393 218 264 309 206 360 226  44 367  14 352  33 324 403 383
   280 215 194  57 182  80 340 297 109 166 166 165 297]
  [  0 332  29 141  51 150 101 401 244 192 384 395  56  61 377 150 209
   131  53 205 124 117 342 181  70 246  53 155  83 325 215   6 241 179
   235 185  36   0 116  11 313  63 391  67  73 364  70  12 287  66 122
   246 169 403 203  79 188 359 299 191 160 121  65 249  19  43 304 210
    90 108 280  40 310 196 266  14 142 136 182 268 355]
  [  0 328 292 379  97 302 146 256 159 289 169 181 393  39  63  41 180
   278 264 247 239 150 238 172  76 403 182 139  93 293 322 402  46 122
    92 303  97 396   0 338 265 154  30 271 239   9 234 266 150 244 146
    27 391 249 107 337 368 219 214 270 267  28 372 403 314 341 172  42
   140 316 143 387 402 245 283 242 346 207 127  67 177]
  [  0 338 160 228   2  72 333 155 373 395 368 385 384  31 300 293 153
    92  25 166   9 337 145 224 201 321 201 216 167 288 300 304  98  69
   333 143 212  59 202   0 277  11  56 325 248 181   7 237  95 324 105
   403 142 241 139 290   8 327 259 367 260 255 156 252 161 230  13 257
    54 361 120  64 214  62 122 132 172 294 163 102 316]
  [  0  90 170 233 162 242  84 318 192 129  90 316 182 258 343 103 265
   313  88   2 332   5 251  14  62  65 366 372  93  99  59  87 283 120
   226 257 313 209  11  98   0 327 323 132 172 201  71  30  70  43 378
   239 197  54  11 341 372  60  83 265 199 307 159 298 246 114 255 331
     1  71 318 291 351 102  68 251  82 191 218 295 261]
  [  0 143 235  87 180 170 126 196 243 349  52 285 148 395 182 223  86
   208 303 374  30  11 261 292 388   1 213 356 123  70 319 182  84 295
     3 330 299  49 214 400  65   0 372 174 162 158 198 224 139 134  87
   273 398 220 382 197 217 277 292 318 373 331 225 126 180 363 370  75
   107  11 251 248  18 104 198 143 262 355 193  48 299]
  [  0 205 195 234 256 295 369 317  39 402 154 212 281 280 396 366 302
   330  17 110 137 379 189 364 222  69 148 239 131 213 111 331   4 166
   256 146 268 256 183 399 315 308   0 305 368 124 234 299 189  78 254
   395 230 233 142 276 261 304  67 364 294 227  46 303  74  18  50  48
    71 303 398 181 162 283 155 200 294  52  95 207 354]
  [  0 207 323 309 157  23 377 200   2  76 197 297 138 130 323  67 314
   115 140   7 227 300 265 175 231 255  68 362 136  14 401 137  45 203
   121 281 124 300 351  22 140 136 350   0 234 188 160 268 172 153  83
   104 244  26 243  99  18 163 171 249  40 182 370 372 269 337 275 403
   179 223  17 378 204  87 271 304  54 337 263 223  52]
  [  0  13 231 367  34  28 366 293  93 200  79  84 237 139  19 119 339
   112 262 340 151 175  37 256 310 314 150 351  64 174 168  99   3 276
    98  83   3 327 342 198 289 381 143 256   0 322 138 161 105 114 269
   210 262 359 114 190 271   4 220 112  52 358   7 111 266 263  20 307
    22 371 230 389 246 322  93 104 149 350 122 323 171]
  [  0 117 149 236  76 346 282 186 246 116 192  37  18 155 310 205  60
   239 321 354 244 312 390  80 216  38 388 399 365 217 247 109 105  10
    57 355  12 381 102 220  35 122  68   7 402   0 365 150 271 135 261
    55 359 219 235 206 254 318  77 395 401 280  55 234 102 232 168 160
    12 132 198 210 228 110 232  95  87  97 116 275  27]
  [  0  76 160 223 245 344 226 337  59 298  27 304 142   5 295 219 396
    90 293  55 375 216 260 272  31 133 218 211 249  79 268 387 278 112
   235 147 292  15 172 300 301 127 158 272 195 131   0 357 157 121  46
    97 384  77 286  33 253   1 219 102 322 164  21 354 305 385   5 342
   275 370 144 155  18 302 266 182 284 330 148 211 236]
  [  0 276 139 186 392 248  27  57   7 159 189 184 348  71 365 218 323
   172 321 179 274 372  48  40 174 133 399 380 230  15 327  49 370  63
   226 375  14 275  89  85 214 269 156  44  34 330 400   0 171  44 101
   326 389 390  14  24 269 319 206 326 280 143 102 320 147  36 212 328
   361 302 150  16 339  44 290 231 379  57 304 243 276]
  [  0 331 296 105 156  80 302  28 333   7 245  22 271 355 269 393  33
     1 297 227 186   1 282 286 103  27 158 100 314  21   6 106 141 219
   101 105  20  86 119  73 215 278 176  82 163 172 143 256   0  75 288
   390  43 166 231 260 219 319 251 211 366  23 353  11 320 397  80 182
    22 170 166 328 399 349 311   7 307  26 391 360 337]
  [  0 356 270 208 117  37 199 259 195 350 359  39 382 184 300 354 165
   336 100 214 286 225 153 200  57 125 220 289 237 399 313 188 385 229
    55 356 158 246 151 375 335 284 130 271 386 226 238 361  49   0 135
    37  98 128 391 256 311 136 174 392 179  53 171 277 255 361  30 388
     7 359 250 176 365 299 312 280 328 311 166 317  76]
  [  0 226   4 208 252 273 324 277 307 282 188 107 165 183 403 133 278
   179  57 176 366 176 306 352 267 252 308 180   4  24 345 170 169  66
     0 151 109 320 311 142 278 344  11   2   4 202  37 275 154 234   0
   177 206  57 205 247 201 313 183 380 210  49 200 182 199 111  44 387
   271  39  16 181 332 326  75 335 358 343 330 288   4]
  [  0  71 256 324  39 300 255 199 236 117 248  35  69 252 156 331  92
   345  76 251 211 273 193 374 134 353 104 257 167 270 311  52 276 283
   297 339 112 150 269 365   9 249 175 169 184 196 381  48  60 298  33
     0 259  81   6 287 255 101 232 230 330  50 333 337 189  56 240  74
    15  65 312 225 154 137 344 151 251 346 217 351  60]
  [  0 121 131 234 242 121 295  94 142 161 335 268 291 214 160  85 293
   383 327 380 261 204 261 114 317 397 171 278 303 261 251  21  54 402
    16 352 316 340 189 133  90  43  34 200 149 274 250 243 371 282 339
   372   0 224 262  46 399 287 277 263  73  57  58 278 397 211 375  59
   279 348 329 309 211 237  15 169 262 105 394 336  76]
  [  0 126 312 313 197  24 326 348 371  73 300 110  11  74  72 101 119
   375  49 169 286 292 218 202  36 167 249 306 264 328  57 326 339 321
   153 265 199 267 134 273  15 255 311  45 175 118  73 179  31  86 126
   343 302   0 328 255  99 400 359 132  14 101 311 307 396 142  80 284
    30  83  85  21 281 131 166 324  32  76 176 222 243]
  [  0 390  48  76 374 366 189 316 233 128 393  22 280 111 279  26  35
   209 172 237 166  83 351 123 364  10 135 240  24  39 138 116   4 157
   236 296 311 144 238 196 299 160 342  59 252 385 114 181 119 287  35
   149 298 150   0 245 392 393 246 353 273 257  32 251 208 276  77 367
   126 127  75 285 312 182 388 171 138 129  97 263 165]
  [  0  48 112   5 379 383 391 361 387 262 284 354 223  20 355 119 300
   201 259  82 365  32 311  32  95 138 260 160 100  69 333 152 277 134
   170   2 224 210 300 211  10 275 119 295 337 125 281 377 143  90 349
    11  66 276 326   0  52 395 159 257 302 287  58  71  20 308  66 396
   346 218 194 330 350 177 104  90 183 393 194 221 230]
  [  0 224 363  76  66 269 342 168 223 233 240  70 381 402 106 320 183
    31 194  49 303 189  32 337 307 353  62 176 184 328 359 208 365 204
    29  80 394 281 240 118 205 379 259   0  47 200 365 393   6  21 289
   262 391 238   7 394   0  59  90 231  72 361  82 272  91  67 137 233
   338   4  61 185 369 311 315 262 121  43 106 185  36]
  [  0 111  27 101 115 321  73 222 115  16 238 173 385  60 137  37 274
   399 311  32  32 340 198 168 329 335 297 262 229 357 236 388 272  84
   128 249  31  30  82 277 248  71 222 137 165 103 311 260 352 393 227
   387 365 325 254 320   4   0 177   2  67 375   1 173 136 375 268 287
    35 377  81 208 216 367  91 270 363 158 137  16 262]
  [  0 318 294  95 299 338 155 268  16 349 210  55 352 103  76  24 206
   245 254 208  20 166 271 101 266  96 117 191 280 235 286   3 115  64
   156  45 346 266 323  52 104 252 277 174  32 250 392 363 361 266 197
   362 330 193  64 368  68 118   0  38 247 127 261 270  64  11 249 334
   278 327 248  99 215 180 310  84  78 187 296 366 301]
  [  0  28 257  31 288  14 317 377 148 366 302 104 150 189 187 174  82
    49 400 263 164 261 170  12 323  10  43  30 216 132 195  79 325 322
    74 342 255 326 227  68 253 386 107 178 303 201 351 153  84 377 338
     8  92 310 276 398 299 362  38   0 206  87  65 340 269  27 145  80
   387  39 269 291 190  84 172 156 373 222  35 239  89]
  [  0 386 368 151 379 127 390 213  39 103 244 188  65 119 164 132  53
    64 220 323 354 126 348  54  59 390  16 293  70 328 148 321 355  86
   233 307  13 346 123 284 237 200  11 131  31 324 340 153  82  77  29
    49 107 281 369 203  72 396  80 171   0 276 370 187 321 146  42 358
   362 212  25 338 140 375 272  80 240 276 139 195 379]
  [  0  75  78 167 163  31 389 288 189  46 351  63  69 307 176 168 310
    40  66 112 259 194  35 362 186  14 295 136  76 283  81 334 313  58
    78 310 220  44 316 365  92  34 127  73 311 254 246 268 283 389 352
   379 299 152  10 297 225  26 257 156 385   0 319 218 270 226 168  37
    90 269  26 128 295 221 285  36 362 125  36 231 263]
  [  0 256 348 359 168  29 196 139 195 317  12 374 117  71 293  13 241
    35 398 343 344 160 142 267 224 380 221 130 341 121  43  77  10  25
   108  15 367  48 164 138 134  47 172   3 234  21 262 352 363 217  34
    50  41  19 220 375 130 110 126 182 307  44   0  23 316 124 331 341
    14 171 196 255 282 216 401  54  81  22   9  61 222]
  [  0 391 393 336 359  26 200  54  19  16  47   1 218 319 102 136 146
   135 200 228 155 256 225 123  67 300 249 201 217 118  28  92 178 351
   356 126 194 150 132 217 307 264 218 295 151 156 155 396 107 360 356
   374 330 217 332  12  40   0 312   4  79 298 386   0  38  42 135  61
   102  26 356 381 225 129 184 344 123 253 320 192  16]
  [  0 298 333 384 372 208 374  34 355 241 301  11 350 100 199 352 303
    51 274  70 257 279 301 319 329  41  69  87  94 152 236  96 285 225
   319 184 364 147 264  16  85 235 236 370   3 340 399  96 275 164  68
   166  41  18 204 234 314  82  50 360  64 284 168 388   0 302 306  36
   385   8  82 301 299 180 283 237 264 256 373 161  27]
  [  0  20 342 257 221  62 202 114  26  98 336 243 238 295  85 258 273
    78 264  81 133 228  70  20 340   4 280 106 118 331 352 207 289 301
   250 222 218 144 281 356 140 337 203  98  40  11 355 348 310  20   1
   241   1 184 366 190 256   1  56 205  92  23  44 118 290   0  40 355
   156 369 214 327 225 385 130   6  67  59 368 283 148]
  [  0  28 167 185 380 398 321  88 120 129 109 186 277 367 264 248 168
   143 160   3 184 295  87 115 152 163 119  87  27 353 343 366 279 210
    59 224 193 167 357 287  57 214 307 107 184 299   8 276 259  56 114
   103 380 116 245 269 353   7  33 175 377 250 269 175 240 384   0 380
   101 244 283 106 191 403 212   8 280  75 261 209 102]
  [  0 145 136 345 342 389  44 152  84  94 382 213 310 130 313 223   0
    56  84 389 387 277 223 247 324  99 302 158  60 271 388 232 356 167
   346 172 128 363 355  25   5 124  71 203  51 219 318  49  13 126 247
   299 352 399  32 358   5 391 335 370 262 361  59 228 113  42 122   0
    46 188 246 103 158 209  27 308 138 380  11 137 254]
  [  0 195 235 391 252 286  96  52 373 248 126  39 187 292 389 143  54
   168 215  48 396 280 317 274 308  86 197 338 104 238 318 238  42  90
   237 357 318 215 164 120 339 174 301 286 198 106  24 163 367 141   4
   336 352 110  99  80 106  44 400 351 302 225 299 128  59  97 375 227
     0 373 304  85 321 303 318  40 150 217 383 205 258]
  [  0 370  97  81 283 217 393 157 275 403  80 395 241 255 303  71  77
    25 233 253 319 281  80 229  68 176 185   5 270 126  30 394 386 123
   105   6  84 190 137 260   3 220 269 150   1 130 317 319 260 376  67
    45 261 162 320 216 230 394 369 320  33 402 312 403 376 146 386 268
   315   0   5 352 151 105 171  11  41 249 315 311  71]
  [  0 321  94 274  36  87 258  52 148 396  56 113   5 100 243 236  34
    29 147 331 123  21 164  50 320  30 225 102 303 114 313 143 110 207
   350 205 220 192 257  81 295  89 279 117   9 402  96 292 234 182 212
   257  19 208  14 352 106 267 215  69 101  28 240 397 260 151 168 398
    80  12   0 219 204 358   3 157 150  20 366 115 277]
  [  0 167   5 144 175 395 266 238 193 113 152  48  25 330 300 314 255
   305 311 121  46 331  59 113  96 383 256 397 131 176 371 396 302 317
   117  10 124 155 395  42  35  21 272 162  49 371 208 305  11 354 314
   280  56 281 219 153 279 316  52 296 397 152   2 165 377 115 163 323
    81 335 259   0 197  81 225 203 303  33 233  35 391]
  [  0  44 335  53 256 257 265 213 304 156 154 258 304 133 210   4 127
    38  31 266 291 311  41 292  51  58 107  24 124 342 344  59 245 211
   246 314 315 128 313 151 172 349 259 237  64  78 280 370  99 224  92
   283  41  87 326  42 180 129  31 402  90 183 257 297 402 110  55 295
   146 228 292 201   0 380   0 249 378 153 354 382 335]
  [  0 290  73 249  53 278  23  14  99 397   6 297 165 379 121 376 393
   315  67  16 291  86  82 105 235  79  14 246 239 151 323 327 187 103
   343 353 352  19 380 152 177 362 124 108 293  20 342 381  36  65 220
   389  23 377  11 164 262  38 184 167  24 300 160 326 232 380 314  35
   326 243 144 154 220   0 192 130 106 339 150 210 342]
  [  0 307  21  67 213 332 242 178 346 355  26 351 106  26  39 109 196
     9 309 385 164 301  33 249   1 306  65 317 358 345 205 373 348  72
   345 122 208  22 390   4 294 188 309 290 201 403 338 165 385 174 131
   110 392  11 137 291 243 284 203  13 383  64 129 227  45 294  68 228
   254 395 283 344 343   9   0 300  11  66 284 403 357]
  [  0  55 387 115 355 349 311 139 114   1 175  20 110   2  84  45 318
   106 115 124 311  30   3 122 211 368 307 375 120 240 336 219 242  74
   350  46 174 257 272 323  75 398  84 206 112 152 150  45 257  75 225
    20 147 140 163 394 276 225 223 113 358  60 304 233 272 234 331 122
   341 238 290 305 251   7 220   0 292  65  44 288 213]
  [  0 176  11 383 345 158  73  52 272 129 179  74 343 129 388 213 271
   244  99 252 239 140  91 171 368 196 193 122 242 242 170 281 294 326
   169 146  11 171 248 316 126 303 310 176 294  64 300  47 270  49   7
   401 309  13 152 102 143 308  75  88  40  80 208 228 160 194 389  88
   141  13 378  19 164 210 264 315   0  17 301 310 128]
  [  0 313 183 119 167 332 257 313 314 163  12 382 379 125 322 226 227
    51 205 145 341 307 348 213 119 383  98  28 317 106 173 136 262   7
    65 328 311 261 144 225 321  26 132   1 241 186 211  30 141 219   2
   397 250 280 232 327 288 165 399 170  23 220 179 324 179  27 380 322
   196 260 133 264 161 379 401 328  39   0 230 121  47]
  [  0 366 392 179 139   4  35 161  99 294 371 252  33 197 220 361 193
    25  99  73  59 109 112 105 260  34 284  18 134 151 246 163  62 318
   188 200 103 277   3 211 360  98 307 359 131 263 360 353 203 340 210
    72 161 207 356 315  24 368 318  95 249 241 367 348  20 133 301 262
     4 358 189  21 148 353 303 109 260 200   0 142 396]
  [  0 127 127  74 358 282 177 335 305 236  85 287 211  55 348 309 344
   110 121  82 258 295 150 279 104 316 304 203 250  11 401  48  17 260
   390  34 204 249 117 391  70 137 163 298 193  10 246  40 174 230 292
   273 285 304 126 118 168 249 311 226  87 251 212 104 356 316 155 242
   337 241  76 388 281 312 389 151 150 173   9   0  23]
  [  0  92  13 399 393  12 120  97 149 403 172 331  67 251 264 285 101
     2  45 192  40 147 289 154 373 275 321 212  40 324 283 370  48 180
   387  44 183 278 248 329 336 234  93 170 365  70 361 110 180  71  51
   340 118 172 126 298  37 271 141 159 322  69 288  72 237 346 371 356
    84 278 267 111  57 144 384 362 380  92 244 150   0]]

 [[  0 118  62  12 152 305 153 249  59 250 330 131  44  59 330 184 217
   169 298 236 372 334 363  85 124 180 322 187 276 321 161 366 262 274
   240 152 186  32 320 200 350  50 286 178 177  39 176 317 392 267  97
   236  84 289 190  14 266 353 110 127   9  32 285  65 242 336 179 383
    80 143 148 181  25 343  65 143 402  57  87 211 291]
  [  0   0 182  94 387 210  44 263 382  33 403 369 251  28  81  51 290
   248 305   8 312 171 392  28 264 198 298 150 292  48 390 180 110 291
   341 277 285 192  53 165 280   7 282 180  50 255  22  10  17 119 363
   138 180 300 141 322 403 353 185 397  20 228 205  48 287  70  84 174
   251  82  60 325 213 299 149 206  66 364 219 382 198]
  [  0 339   0 300 234 194 236 206  78 369 273 206 399 323 225 144  72
   176 246 137 319 349 116 161 122  56 134 363 133 275 392 277 340 308
    20  92 157 216 226 334  30 185 151  17 125 202 401 304 150  61 318
   381 289 107 369  44  76 228 261  47 330 108 345 321  17 270 286  92
   186 265 240  71 200   5  71 372 325 147 141 147 235]
  [  0  85 285   0   4 378 217 329 229 209   6 209 224 304 172 375 252
   206  29 202 231 262 250  49 242 118  78 320  34 212  57  19 271 336
   265  55 368 159 361 373 265 169  82 130 259 182  38 191 221  81 213
    61  58 180 292 334 153 254  23 367   3 350 105 178 310 227 309 210
   265 305 379 398 209  44 372   8 279 357  70  48 209]
  [  0 273 373 229   0 136 238 377 245  28 314 298 269 318 278 257 310
   332  90  35 173  89  18 130 291 254 138 317 215 292   0 402 317 399
   285 196 392  18  77 157  58  84 403 122 128 143 275 286 140 192 211
   354 243 399 197 239  41 279 323  64  33 290 347  67  48 327  41 245
   162 238  66  54 373 380  63 377 267 139 298  95 395]
  [  0  67  11  93 368   0  12 192 287  99 245 251 318 252 197 132 300
    96 222 328  94 294 381 301 138  69  47 264  13 265 359 119 161 339
    55 168 151 135 363 233 390 250 139  77 102 228  13  13 196  58 198
   185 399 354 118 268 197 141 224 216 209 169 179 313 122 209  26   7
    19 153   3 266 216  73 214  84 279 290 256 263 229]
  [  0  83 123 384 263 384   0 340 237   2 250  75  10 163 301 314  44
   352 111 103 197 328 164 260 245 326 372  30 191 285  58 264 280  53
   175 230 273  43 363 398  96 162  30 233 102 336 315 114 140  15  71
   211  56 363  13   0  69 220  81 198 120 267 303 292 213 206 387 194
   379 121 316 100 106 209 203 392  31 175 284 298 370]
  [  0 366  16  39 182 379 160   0 323  24 388 309  33 114 157 112 174
   233 187 221 303  75 212 144 104 138 257  55 376 187 103 287  78  60
   368 356 224 246 391 337 191 105 217 348 210  98  92 218 210 154 343
   226 394  38 379  10 138   0 271 269  63  92 204 122 187 297 374 373
    49 162 392  37 357 369 300  96 343 234 131  24 159]
  [  0 288 361 376 372 163 115 314   0 159 201 298   8  86 233 146  67
   295 230 202 306 298 267 313 338 186 198 317 123 214 105 383   0 370
   265 244  85 171 133 256 344 292  58 108 239 168   1 369 327 393 148
   166 107 365 368  84 393 111 221 225   5  69  25 149 292 233 294 268
   240 234  70 379 383  48 113  63 295 145 143  30  84]
  [  0 179 132 185 388 297 356  27  88   0 232 395  95 284 197 283 402
   363 153 245  18  31 339 144 235  86 324  37  50 110 130 301 228 288
   279  89  53 371 261 166 309 120  60 124  33  25 125 393   2 193  27
   384 239 341   4 276 311 387 213 154 243   7 241 368 399 230 303 160
   129  52 186 157 356 131 380  80 102 255 168  88 381]
  [  0 372   7 384 349 223 265  23 392  71   0 296 377  40 130  33 363
    24 301 216 299 353  30 148 276  18  57 275 227  83 169 239 311  89
    39  79 345 320 344 219 182 235 244 256  60 342 248 387 159 375 391
   348 170 259 246 256 330 377 131 157 139 182  13 334 380 156 257 321
   198   1  45 129 256 319 236 336 245 102 203 372 256]
  [  0 366  91 372 380  66 108 250 162 298 278   0 291 222  46  23 236
   227  61 308 231 313 119 205 367 114 131  46 200  20 132 216 162   7
    62  38  63 218 231 224 290 393 102 330 214 127 402 325 100 302  50
   394 104 324 137 303  83 187  52 105 150   8 103   5   5 202 167 154
   261 337  36  21 276 175 323  53  11 328 346 213 123]
  [  0 173 378 383 234 385  36 366 191 279 274 265   0 231 135  15 352
   276 334 181 359 191 290  57 118 395 345 254 376 252 355 207   6  39
   328 357 367  87 333  22 239 152 265 361 114 345  28  46  34  93  51
   341 110 282   7 179 159 269 317 339  87 402 274 330 163  60 185 291
    17 321  77 277 188 300 179 320 251 267  73  47  49]
  [  0 215 346  81 328 154 221 347 395 178 257 169 144   0 318  44  94
   369 104 187 267 391  54  24 308 285 212  49 277 361  97 175  17 266
   223  64 287 393  11  58 281 374 159  48 363  35  46  69 340 168 282
   159 363 120  88  65  98  98 216 153 350 287 156  98 260 169 243 142
   303 240 141   7 265 254 274 178  31 184 341  83 172]
  [  0 389 140 125 254 188 281 251  89 298 243 327 346 121   0  55 227
   286 105  56 289  55 125 218 306 268  87  51 206  75  68  26  41 147
   300 372 194  68 200 257 379 238   9 214 385 165 385   1 176 112  30
   250 175 236 391 128  28 365 193 397  77 311 328 268 348 288 159 318
   305  24 319 194  55  93 261 327 152  51 395 340  48]
  [  0 206   3  68 169  43 232 268 188 201 392 129 368 278 106   0 269
    92 373 115 138 170  75 349 152 342 209 218 106  40  57  30 267 314
    56 140  88 348 280 210 108 240 302 186 114 283 316 253 172 311 135
   210  35 194  74 299   0  62  46  80 256 378 271 332 335  40  81 280
    24 282  61 264 113 288  60 223 179 215  54 220  17]
  [  0  76 288  39   2  15 341  14 145 189 355 140 378 252 195 232   0
    16 377 310 134  21 181 251 105 235 362 162 308 156 281  38 246 390
   362  31 348 331   5 225 137 139 184  88 343 319 362  97 258  62 259
   340  99  84  38  88  52 347  79  82 319  68 281  28 261 391  29 189
   304 129 194 378  79 130 201 189 171 333 326  12  28]
  [  0 122 130 159 157 305 373 150  61 357 400 166 342 165 356 308 369
     0 231 192 403 293 318 331 358 128  32 262   2 343  30 216 399 231
   193 389  88 232 402 190  23  66 147 155 281  58 124  96 342 291 332
    69 167 309  90 295 285  13  97  95 348 330  90  27 261 222  34 383
    47   4  67 236 313 268  77 124 280 228 356 276 380]
  [  0 314  98 330 296 257  46 162 211 112 328 346 186 232  53 202 322
    22   0 182  11 303 221  76 367 206  67 265   5 279 386 280 372 363
   244  82 245  13   5 124 189 362 144 341 323 225 261 162 246 290 150
   353  38  75 302 370 229 313 228   7  38   0  73 147 177 304 312 104
   283 205 351 279 169 209 193  22 206 157 271 382 105]
  [  0 367 370 334 169 112 109  64 296   1 203 112  21  39 183 299 299
   299 279   0 137 311 387 276  32 132  21  44  53 106 227 320 306 184
    86 315 121 386  43 184 119 398 280 368 214 243 400 332 306 336  88
   362 345  20 356 200 268  12 269 175  25 252  90 133 168 171 260  76
   268 259 206 132 393  43   4 357 297  39 249  14 298]
  [  0 110 208  86 102  35   2 195  58 225 230 295 150  41 315 226 396
    85 329 218   0 369 327 182 101 174 157  39 285 150 290 254   8 381
   285 369 173  27  94 171 357 324 190 225 387 391  66 241 187 345  51
   402 134 244 148  90 183 364 136  92 146 277 262 340  58 197 357  23
   132  59 235  76 193 269 291  25 112 205 162 203   7]
  [  0 391 370   8 164  93 182 334  10 114  42 163 318 326 155 125 114
   196 297 122 172   0  29 177 163 327 169 278 368 384  29 271 337 230
    90  13 169  74 145  18  90 359 101  23 328 244 217  51 333 267 397
   318 140 311 149  11 377 190 275 103  17 357 213 171 201 122  65 154
   225  79 110 126 271 153  10 101   2 320  53 349 379]
  [  0 320 384 217 197 180 391 353 297 396 397 394 118 249 221 389 220
   288 201 177 158  87   0 225  66 316 283 233 256 199  14  11 203 294
   263 323 259 155 102  88  10 140 208 224 174 342 309 355  14 124 354
   128 363  45 390 215 248 357 150  65  16 384 256 315 215 130 110 115
   112 334 194 262 279  65   2 316 249  57 227 349 118]
  [  0  22 164 110 210 393 368 403 309  50 280 300 122  22 383 151 166
   264 343 201 267 181   3   0  94 214 387 150 116 286   3 123 373 297
    39 209 140  37 299 266 297 105 174 222 181 191 221  69 347 171 136
   279 208   1 178 100 380  74 286  70 206  12 225 240 252 395 187   0
   343 118 112  30 179 337   5  56 129 214 262 148  66]
  [  0 334  67 214  10 358 308 301  78 253 263 250 374 164 152 103 102
    85 353 227 330 390  98 279   0 367  51 317 323 395 170 249 100 109
   392 224 150 192 271 324 270 217 253 227 159  43 333 213  94 323 351
   182 367 227  42 285 157 197 207 381 108 185 388 367 199 163  70 321
   301 162 121  92 310 303 147 206 164  20  91  19 266]
  [  0 199 373  99 346 388 356 141 140 334 171 307 188 195  69 321 314
   362 358  90 358 194  10 225 265   0 137 386 400 151 366 263 113 299
   291 176  59 117 284 316 350 215 178 290 177 174 119 326  60 230 157
   391 275 376 126  34 140  95 134 308 259 344 349 223 195 231 308  53
    81 205 402 103  57 118  50 333 384 397 284  17 374]
  [  0 346  86 192  95  33 289 254  92 178 338 343 335 292 205 297 298
   309 135 102 170 115 362 150  14  94   0  52 122  77  22 221  77  26
   237 269 394 266  58 304 228 206 392  60 219 267  32 337 307 284  12
   237 186  80 303   8  53  82 386 175 240 182  31 379 220 244 177 232
   205 136  99 105 332  39 387 238 318 366 345  65 359]
  [  0 150 365 302 306 173  88 250 307 129 119 318  62 126 382 349 374
   223  86 161 137 380  41 317 217 146 116   0 308  13 317  13 197 230
   192 354 293 210 151 237 354  97  14 273   9 395 202 300 241 242  19
   143 396  26 291 336 260  17  97  19 398 146 118 235 280  82 275 158
   260 377 293   8  20  89  79  90 286 331 377 200 170]
  [  0 101 294 143  85 334 111 254 217 108  97 101  49  36 355 181 215
   376 349 206 370 392 330 151   4   3  38 312   0  51 402 126 157 149
   181 126 148 215 160  89 298 383 385 356 323   4   7 258  78 328   0
   185 274 362  71 202  36 402  69 159 174 149 191 380  65 226 385 269
   276 128 245 338  22 269 220 178  95 127 235  18 217]
  [  0 139  73 319 249 400 379  96 282 200 259 232  75  56  54 304  52
    91 231 161 117 228   5  53  25 321 239 265 194   0 188 356 170 128
    51 383 236  50 382 334 200 192  63 136 369 307 102 195   1  60 123
    36 109 141  63 175 168 163 225 392 258  43  11 128 384  48 203 158
   336 257 402 363 234 305 360  70 167  21  75 132 135]
  [  0 127 324  23 386 102 182 293 346 206 306 211 269 107 286 327  89
   338 377 118 190   2 383  60  40 137 154 367 185 193   0 115 103  86
   113 161  63 128  76 364  55 327  88 257 270 313 266  50 158 307  31
   175 242 331 401 312 100 318 394 293 156 328 164 233 366  70 123   3
   239 210 207 123 105 245 240  35 262  66 367 224 337]
  [  0  49 197 356 200 166 131 349 358  90  61 299 398 235 170  68  23
   280 207  46 268 329 326 188 159  86 312 350 286 128 160   0  33  77
   221 147 364 394 357  55 367 304 227 254 402  90 332 394 192 242 193
   324 321 312  14  66 138 147 143  52 233  38 235   8 285 298 149 344
     2 310 166 301 306 363 212 394 378 283 268 393 147]
  [  0 202 157  51 208 354 394 360  23  71 214 183 174 289 336 343 285
   276 195 209   7 350 245 117 289 131  77 149 114  92 125  57   0 343
   394 385 154 111 230  78 161 122  58 340 250 395 183 203  16 366 179
   159  25 223 274 105 247 318 220  52  51 208 287 111 283 116 169 125
    58 124  50 398  31 259 171 240 206 120  21 284  29]
  [  0 393  47  69 373 316 242 131  85 180  89 127  87 206 287  25 217
   189 225 271  49 138 305 198  70  59 332 203 197 184 283   5 178   0
   376  73 356 181 284  18 325 152 100 392 129  60 397 234 396 334  65
   193 399 337 175   5 263  17 392 332 115 315  74 367 380 225 257 305
    89 279 340  61 307  41 159 346  29 294 283 193 204]
  [  0  39 349 291 145  17 267 103 364 217 323 206 382  54  37 105 288
   221 299 163  43 202 247 367  28 338  14 293  59 313 156 252 166 351
     0 115 325 243 262  35 208 198 390  69 250 202 151 385 315 315 299
   194  12 308 394 281  36 360 312 248 330   4 245  86 353 352 156  55
   331 360 324 338 182  11 292 317  80   8  22 240 321]
  [  0 310   7 247 102 129 222  36 359 218 182  29 283 120 342 379 118
    31 184 228 200 274 287 175 351 228 270 172 135 341 305  70 380 291
    51   0 209 137 282 250 177 158 223 127 170 403  16 125 253 190 141
     0 231 364 102 324 229 356  23 254 390  59 206 184 250  56 397 285
    95  68  82  55 360 154  21 158   7 156 210 269   7]
  [  0 156 395 142 126 321 272 214  70 359 363  96 209 209 134 211 284
   395  91  61 140  94 348 115  98 354 276  11 277 347 257 292  40 101
   362 178   0 183 214 115 245 294 220 267 166 170 125 271 385  12   5
   399  53  99 166 149  34 196 148 304 327  91 360 201 267  44 278 180
   118  85 154 348 112 285 103 226  13  90 187 330  14]
  [  0 317 220 281  73 226 278 294   9  33 297  92 336 123  68 175  19
    45 263 148  10  97 199  44 156 164 331  12 263 332 340 148 266  13
   394 182  74   0 309 230 271  83  46 306  60 301 344 355 221   7 142
    87 208  11 369 155 125 326 372   0 207  68 263  94   7  10  11 143
   163  62 381 198 297  85 393 205 210 342 390  53 333]
  [  0 124 180 398 295  38 402 387 200  84  69  66 149 135 315 123  12
    80 314 178 269 357 169  15 234  93 135 115  78 287   4 286 304 118
   117 402 214 202   0 153 173  28 306   8  24 141  58 387 131  84 250
    52 250 294 160 128  80 332 282 159 177 173  69 222 227 213 213 263
   303 251 234 198 357 163  12 209 240 395 371 258 142]
  [  0 357 153  77 114 390 190 305  80 155  66 103 276 363  56 126 284
   393 375 350 102 301 249 253 298  54 152 115  13 319 334 372  61 256
   244 163 341 119 329   0 261 306 162 177  11 347 340 264  23 126 231
   330 358 339  25  41 299  63 148 135   8 323 212 279  47 275 313 366
    33 339  35 277  20 366 150 182  82 134 201 105 167]
  [  0 309  73 236 126 397 169 204 167 233  62 119 100 215 354 212  84
   256 121 158 249 283 213  12 386 135 173  63 367 289 230 369 307 104
   225  83 174 163 327 308   0 401 150  53 272 248 397 292 196  84  22
   226 293  93 354 288 248  43 332 265 283 127  60 161   0 114 299  23
    10 223  36 327 395  22  43  59 265 127 327  42 315]
  [  0  84  78 129 106 383  46 199   6 358  44 180 123 194   9  95 282
   175  49  40 216 224  40  65 329 364 390 108   5 106  74  16   4 217
   206  25  39  85  43 359 361   0 144 233 214 318  73 351 310 165 116
   224 341 233 200  45 204 300 160  72  93 314 225 168 290 126 134 344
   150 171 247 179 253 258 216 396 155  17  95   2 171]
  [  0 391 187 279  90 204 166 176 324 193 185  29   8 164 293 223  60
   299 360  19 389 371 385 363 263 197 333 125 340 104 178 135  48 118
   365  19 110 365 147 142 269 177   0 267 363 358 279 219 106 286 228
   268 240 175 260 394 261 334   1 138 386 231  47 153  93 312 292 216
    38 295 352  41 274 280 290 118 232  95 357 397  61]
  [  0 221 399 295  58 377 182 216 312 278  35  98  53 375  91  57 317
    85 162 207 183 381 147  61 161 309 108 241 175  60 349 389 209 110
   234  18 175 317 289 162  68 209 131   0 229 358 155  86 129  17 155
   402 300 201  64 386 153  76  80 115 182 231 228 232  56  30 132 146
   374 291 310 159 336 154  57  33 289  23  53 393 266]
  [  0 400 366 216 158 367  69 310 141 108 368  22 346  92  42 177  40
   400 376 399 111 141  45 366  55 397 287 317 160  10   0 206 248 315
    97 148 156 225 124  10  97 173   3 126   0 111  15  28 318 106 126
    24  78 391  34 287 344 254 336 348 175 335 132 359 241 403  74  10
   279 119 302  23 172 397 198 102 236 260 112  41  99]
  [  0 163  53 324 103  32 261 116  36  68 313  34 343 217 127 210 293
    23 116 134  43 375 335 371 266 278 185 264 297 187 142 375 330 213
   287  45 385 115 220 105 322 124 155 243 103   0 287  68 222 139 127
   195 163 388 356 261 238 227 223 124 159 140 170 205 270 399  18 118
    99 382 189  60 306 196 395  63  23 254 154  87 358]
  [  0 192 154  43 264 310 171 254 234 104 105  29  56 381 362 222 306
   232 352 383 383 152 118 159 153 172   8  34  47 326 214 370 106  56
    34 209 144 364 135 109 389 116 168 321 399  66   0 116 379  98 128
   164 217 386  16 195 219 132 385  69 358 113 399 166 354  42 211  29
   388  14 185 190 219 245  95 185 358 236 146 283 135]
  [  0  79 397 103 173 299 149 384  96 349 205 322  52 227 209 174 225
   218 156 116 311 402 325 307 281 353 252  46 279  61 169 131 189  49
   194  50 400 107 361 338   0 192 340 105  48 332  56   0 121 241 311
   403 303 221 127 112  23 345 227 392 398 319 105 127 195 229 305  20
   212 167  33 151 107  41 356  83  34 369 102 382 130]
  [  0 369 376  57 348 388  86 173 222  64   5  12  20 216 113 114 233
    57 110 332 286 376 253 262  32 158 188 281   6  49 134 193 352 256
    67   3  29   3 222 374 387 315 360 339 115 338 235 318   0 163 353
   401  85 134  67 156 289 227 335  26 366 228 125 147 300  43 238  45
   177 189  25 362 249  35 333 375 229 270 165  41  60]
  [  0 379 237 370 227 144 394 184 175 320  47 250 351 150  56  29 250
   199 234 219 387 143 211 272 333  35 321 349  49  19 160 180 256 369
   168 179  40 214 109  18 216 220 269 295  72 394  55 247  49   0  54
    42  13 255 274 133 363  88   0 149 162 120   9 163 241 258 378  87
   139 258 162 355 382 118 361 119 228 198 318  71 258]
  [  0 242 100 301  65 333 112 395  85  20  33 259 209  20 142 261 218
   360 115  14  11 170 188 240 142 198 286 238 226 253 394 292 154 303
    36  97  55  11 383 130 250 382 195 309 145  22  99 244  30 361   0
   202 190 390 139 198 263 219 236 207 154  42   8 232  80 222 271 239
   110  78 263 365 170  61 237 316 330  62 116  33  29]
  [  0  44  32  98 353 262 174 142 378 111 302  47 159  66  57 351  57
    93 191 284 103  43 248  74 205 267 291  11 358 102 163 296 314 242
    60  77 153  40 241 185 224 235  26 302 177  84 109 245  17 116 175
     0  48 113  60 313 329 345  66 180 119 345 157  30 106  39 158 280
   286  20  27 306  96 218 109 357 247 390 206  38  46]
  [  0  86 186 271 342  85 208 327 155  46  55  63  44 162 269 362 276
   261 280 341 201 170 132 356 398 373  22 145   0  76 392  62  57  50
   152   1  58 265 200 330 231 356 345 196 342 225  61 304 273   6 100
   209   0 375 315 175 377  22 360 257 127 269 354 305  39 397 401  28
   367 179 370 256 108 186  53 199  65 151  36 239 163]
  [  0  31 363 322 135 365 104 363  81   7  49 242  17 380 165 175 166
   114 129 141 287  12  40  31 349 114 228  96 246 308 166   1 111 233
    23 403 335 174 115 314 169 235 182 372 374  16 364 308 286 376 288
    86  78   0  85 171 350 257 133 132 169 338 152 317 308  63 107 135
    89 171 279 142  25  42 161 135 177 324 362  41 195]
  [  0 335 319 360  57  27 354 162 390 333 378 128 126 273 224  37 365
   216 388   6 280 345 239 223 323 312 353 127 394  48  20 114 104 325
    24  66  13  44 259  91 219 358 371 339  39 264  66 209 388 183  41
   270 277 120   0  77  40 213 105 143 185 328 302 301 371 391 304 339
   329   3  52 237 134 387 203 293  99 236 361 186 163]
  [  0 126  85  20 376 358 210 350 228 100 379 361 391 133  98  96 364
   353 194  17  97 101 127 243 160 186 254 392  84 364  72 286 239  90
    28 183 222  33   3  22 262  81  69  54 261 166  32 315 187 238  34
   389 187 242 163   0 374 159  30 164 162 321 208 142 125  39 384 207
   234 224  73 337  12 147 333 381 231 242  45 378 121]
  [  0  16 127 358 100 223  68 274 171 298 218  28 107 174 249 210 341
   278   4  31  63 360 209 153 338  81 229 210   4 370 124 227 365  60
     5 183 130 256 167  69 381 225  75 127 137 300  91 298 158  32 289
   176 295 338  14 214   0 228 196 121  45 335 323 140 127 228 135 369
   160 390  52 264 324 191  27 335 251 117 230   1  66]
  [  0 297 147 135 100 226 310 102 351  92 361  73 367 249 248 193  90
   315 278  14 315 334 138 289  41 320   6 111   3 378 184 192 345  39
    64 277 329  58 118 162 349   2 402 112 330 138 127  34 377 155 363
    47 127 142 188 337 163   0 384 176 267 162 164 370 232   9 258 361
   314 243 133 315 133 217 196  89 248  64  47 392 354]
  [  0 236 264 236  28  81  57  70  20 306 221 157 174 259  10 247 210
   104 274 337  83 279 195 311 270 154 172 181 229 193 146 388 289 161
   355 274 402 201  46  94 221  47 203 321 209 307 367 165   7 299  97
   306 364 135 203  72 248 230   0 383 331  90  31 292 270 276 398 308
   211 165 311  19  77 218 310 140 112 378  44 398 362]
  [  0 177 272 280 400  61  88 267 257 165 122  49 269 354 322 286 385
   252 220 168 346 269 103  57 285 284   5  14 256  12  50 352  59 146
    72 262  31 256   3 180  92 388 343 311 380 272 222 333   4  19 172
    80 392 207 168 121  81 385 359   0 114 170 282  10 205 148 118 251
    82 339 186 288 129 190 260 355 283  45  88   7 254]
  [  0 241 395 402 118  62 346 264 281 313  46 343  88 192  12 341 288
   152  70 237 178  52 360 289 321  19 195 339 194 163 325 171 395 247
   183 157 282 308  74  89   4 317  39 225  25  71 280   5 158 218 165
   141 294 377 355 338 299  40 100 326   0 363 269 225  58 284 242  12
   320  23 147 155 131 389 297 306  25 128 402 277 376]
  [  0 310 295 125   4 132 326  48  55 300 161 284 186  27 211 252 388
   322 333 183 387 314 200 208 185 381 360 351  77 389 229 219  90  45
   264  56 321  26 288 102 331 257 280 237  83 384  19 368 201  36  68
   338  10   0 151 174 369 247 327 108 243   0 383 358  30  57  55 369
     2 139 348 168  69 163 133 257 231 299 249 288  92]
  [  0 324   6 154  59 251 288 157 163 319 114 365 177 296 239 257  98
   158 283   0 246 174 233  13  96 161 348  14 166 392 128 341  53  19
   126 215 192 253 288 363  92   3 329  85  72 331 125 344 246  66  89
   340  78 187  55 167 281  32 280  67 152 390   0 130 258  40 282  45
    25  26 196 286 252  51 113 299 165 226 220 195 372]
  [  0   0 333 368 374 394  67  13 344 235 336  66 401 206 162 281   6
   366 325  20 192 372 355 174 257 201 139 104 101 109 359 231 157  64
    38 343 154  99 330  94 108 276  41 347  23 110 138  45 199  87 398
   147 329 124 261 213 243 112 219 150 210  43 346   0 345  70 195 202
    63 343 102  49  52 227  93 257 185 165 144 110 248]
  [  0 262 183 110  50 219  69 287 356  64 185 334  71  97 323 372 290
   107 242  66 366 357 329  14 151 226 263 344 142 180 148 206 282 156
   111 207  22 251 102  89  88  51  52 114 237 154 397  29 152 228 402
    89 375 328 142  27 259  98 376 243 235 276  31  51   0  61 103 113
   196  97 271 164 354  47 335  69 150   4 353   4   3]
  [  0  56  88  13 354 308  43 202 177  36 201 372  54 391 383  35 379
   317  46 285 345 247 311 286 230 381  98 322   3 266 164 207  10  13
   276 265  22  31 328 183 249 275 357  96  29  24 322  33 333  48  51
   183 311 281 325 269 165 198  65  14  96 115 286 359   5   0 353  86
   224 238 229 258 148 392 327 338 206  55 305  28 268]
  [  0 178 327 365 185  22  32 219  99 319  90 339 233 251 182 138 162
    19 398 136 311 308  42 290  16  75 134 403 295 278 282   8  75   7
   292 389 113  74 338 338  19 202 315 227 129   4 369 283 384   6 349
    23 188  70 150 344 333 357  64 132 212 168  90 144 110 179   0 243
   315   7 341 315 394 294  67 259  70 264 391  21 372]
  [  0  54 222 104 275 362  11  42 181 330  60 314 356 376 356 308 362
   364 368  26 150 359  81  61 369 337 112 276 117  33 381  88 218 126
   215 109 183 289 283 154 392 164 380 402 318 381 338 103   2 355 331
   298 156 325 225  88 280  55 184 326 209 310  15 175  91  49 252   0
   268  34 304 336 121 132  59 297 288 177  95 245 354]
  [  0 328 328 130 401 387 176 229 253 357  13 343 255 312  93 140 101
   328  83 397  83 352 209 400   6  12  51  38 360 354 259 153 332 314
   247  51 142  55 369  82  37 350 266 306  61 141 274 390 210 114 299
   379 122 299 112  40  49 340 260 241 203  41 110  55 322  71 346  73
     0 213 286  48 195 309  34 295  44 215 113 296 227]
  [  0 172 214 332 169 306 156  29 329 153 136  50 141 400 394 363 136
    60 193  82 264 261  40 212   6 235 152  93  76 319 252 205 332 120
    27 132 286 368 353  65 207 124 280 160 338  67 319 239 180 252 173
    70   8  21 386 281   1 218 400  17   4  26 276 195 395 325  39 383
   187   0 179  97 380  30 379  58  44 393 217 154 365]
  [  0 102 250 161  76 321  88 285  25 253 353 388 391 225 169 258 353
   322 323  66 192 363 128 257 245 321 206 199 261  96 330 148 100 189
   248 229   5 118 121 298 257 308 176 164  82 108  17  25 310 118 363
   303 216  40  92 357 383 121 242 362 383 200 272 283 329 171 186  60
   304 245   0 216 208 358 223 281  72 127 301  80 130]
  [  0  73 143 312  31 269 107 316 234  62 183 118  25 103 160 286 310
     1 137 130  13 207  53 142 188 354 390  25 150 112 394 128 381 361
   349  52 328 111 374  99 327 378  44 127 340  16 339 325 273 306 139
   259  93 284 129 111 276 135 252 304 108 318 302  72 127 235 104 121
   186   6 363   0  36 176 111 110 335 396 299 340  60]
  [  0 242 308  64  47 133 172 312 219 231  94 180  63 388 193  42 198
   266 300 169 130 301 292 365  80 152 135  11 365 183 221 313 314 100
     6 376 218 308  12 371   0 248  33  58  93 391 149 268 197 309 273
   183 374   5 402 335 127  60 179 354 354  55  49 200  56 222 311  46
   287 297  73 375   0   4 348 271  44 367 318 195 257]
  [  0 202 212 330 144  20 268  58 285 337 387 363 241 164 271  96 301
   275 144 167 245  18 153 256 135 156 205 162 198 108 127  93 258  16
   342 273 300 211  56 369  82  60 359 340 371 188   7 227 132   4  79
   235  78 281 222 212 240 400  25  21 164 347 371 338 204 255 139 235
   219  41  38  39 283   0 191 320 126 122  48 168 125]
  [  0  85   3 221 356 153 336  84 375 237 196 183  53  26 281 123 155
   291 169  42 179 190  33 213 156  35 315   4 157 303 139 188 389 219
   246  80 248  23 103 350 344 166 391 144 324 337 294  30 307 207 326
   301 111 180 326 353 216  15  25 238 365 217   8  32 164  23 186 397
   337 153 256 195 289 286   0 326 104 368 205 235 377]
  [  0 132 174 362 156 367 140 180 286 396  17   5 143  51  38  11 173
    76  13 367 391 308 259 209  51 357  22 117 365 175 301 111  58  54
   270 281  28 199  76 197  58  21 141 103  58 298 217 365 136 278  30
    86 326 208 186 364 297  76 314 309  10 227 138 190  81  19 257 373
   178 196  38  77  87 127  40   0 101 374  80 158 334]
  [  0  80 368 277 110 284 176  62 182 216 156 302 137 122 214 213 318
   321  91 211 266  32 238 297   8 248 253 162 266  28 136 136 235 187
     1 318  53 257 110 131 259 190   4 292 280 380 233 284 118 208 369
   107  56 232 131 304 172   6  99  14 259 383 242 147 350  19 357 198
   143 359 104 336 153  61 281 313   0 290 232  24 285]
  [  0 170 325 257 366 216 161 249 269 226 170 256  95  97 277 328 180
   355 395 276 359 373 215 400 168 139  38  57 394  46  74 368 285 321
   293 192 240 311 274 113  17 241   8 385  84 372 113 339 348 113 348
   209 348 137 357 249 289  54  52 108 363 390  59 108 187 320 255 399
   331 175 125  74 185 235 167 195 247   0 233 348  90]
  [  0 376 148  86  56 301 174 218 245 204  41 363 363  70 386 285 388
   344  99  77 124 311 137 356 289 239 268 253 396 312 358 211 223 193
   140   7 278 287  22  87 391 248 193 366 284 333 337 386 324 366 169
   149 205 229 283 330 347 226 391 222 389 215 150 138 365 393 217 165
   122 132 284   4 342 107 200 366 389 258   0 290 270]
  [  0 181 171 103 173 396   5 376  90 317 397 120  73  32 354 240 372
    21 309  79 146 362 113 214 153  37 291 115 205  76 235  99  45 155
   257 112 318 103 146 377 142  70  84 292  43 384 254 307 403 395  20
   203 389 262 383 192  40 323  82 155 179 228 393  24 104 185 324   4
     9 213  20 265 116  36 179  13 291 191 375   0 142]
  [  0 299 273 375 205 376 242 399  22 172 130 272  48 159  11  96  11
   153  15 127 186 245 101  77 229 261 266 164 140 231 224 329 284 155
   139 116 351 299 318 118 166 196 340 218  28  48 142 106  74 314 250
   360 231 375 190  59 250  28  34 167 303  47 316 390 167  31  59  22
   142 402 213 290 227 302 305  69 315 147 399 306   0]]

 [[  0 338  40  46  77  38  85  66 224 342 254  13  47 172 218 119 191
   122  40  82  56 202  34 366 244 163 316 171 210 131 385 268 255 371
   167 359 106 111 196 247 318 265 251  83 256   8 356 287 200 246 174
    71 192 183 155 180  82 271  72 400 366 271  97 378 379 226 297 193
    46  13 381 209 168  16 186 370  21 246  20 344 100]
  [  0   0 150  91 189 234 241 143 222 265 402 159  95 361 176  69 223
   285  63 286  50 237 142  53 214 212 375  47  17  79  96  17 205 220
   127 351 187   3 238 354 115 181 275 363  91 262 362 183 403 316 280
   155 377  98   0 314 287  51 277 285  36 344 296 125 117  36 263 137
    47 328 102 358 260 234 316 360 150 274 295 113 286]
  [  0 190   0 148 166 178 131 171 218  18 128  59  83  91 191  88 228
   260 372 161  13 234 297 109  30 286 283 172  34 170 142 349 365 282
    25 203 141 154 144 373 141 272  28 112 307 349 303 323 152 182 149
   223  77 352  52 234 388 199 329 167 117 378  70 183  25 289  31 390
   323 264  13 395 328  43  43 303 187 201  97  69 301]
  [  0  35 295   0  27 255 180 291 207 324 254  62 182  74 302 273 256
    43 106 218  40 242 323 388  83 109 367  27  23 370 293 333 165 193
    75 198 401 366 342 203 244  34 301 174 373 390 140 306 253 287   2
   307 324 303   1   7 322 330 401 369 308  51 383  31 275 296 159 168
   248 390 228 233 366 320 274  69 267  21 149 352 263]
  [  0 100  21 347   0 242 144 255 133 196 321 232  66  38 343 129 388
    82  16 242 108 257 141 124 144  27 217 120 152  64 123  38 265  49
   389 393 144  14 125  67 306 104 196 105 130 301 224 401 169  86  80
   161 308 287 250 116 335 104   8  84 204 313 146 298 148 232 206  86
   241 232 313 264 315  34 170 277 309  54 396  16 139]
  [  0  37 108 157 321   0 177  37  73  85 136  45 141 278  33 104 206
   245 264 159  93 369  21  16  78  57 358 364 102 184 206 128 395 231
   271 311 226 234 325  94  38 177 299 223 358 109 266 182 349  82  65
   322  64 316 332 334 275 141 149 241  75 327 224 300 402  93 133 219
    93  47 378 148 267   3 329 381 256 196 191 192 367]
  [  0 214 361 268  26 376   0 299  29 303  81 188  38 344 209  67 187
   220 209 194 320 145  98 160 382  38 201 389 331  51 200 375 305 186
   104 123  76 252  80   8 255  28 365 140 296 289  53  87 152 284 180
   219 122 115  13 354  87 268 398 216 190 165 160 177 265 125 152  78
   364 225  22  11  95 172 260 318 122  96 317 377  26]
  [  0  13 218  85 164 185  91   0  71 147  77 353  20 362 263 296 314
    35 225 334 244 197 354   7 182 179  10  81 120 177 104 279 133 303
   387 176 265 205 152 258 251  23  38 318 200  57  79 386  62 209  21
   205  18  27 113  61 305 198 163 330 143 161 278 307 151 104   5  46
   167  59  29 276 197 206  47  10 403 198 276 298 306]
  [  0 227 229 293  71  95   1 243   0  85 223 113 265 209  61 223 105
   207  10 381 193 279 357 360 187 244 195 212 218 151 329 195 325 341
   344  37  48  48 332   0 294 118 101  98 109  30  97  85  67 241 102
     1 399 197 254 150 170   0 291 195 131 251 391  64   0 378 354 174
   300 139 204 317 320 373 153  24  36 158 322 299  85]
  [  0 350 402 173 305 234  67 141  15   0 344  94 222 338 314 264 110
    30 191 155 314 102 229 144 250  70 156 143 138 154 258  14  97  13
   262 179 263 377  26 313   8 357 333 377 381 145 187 156 400 390 154
   326 183 121  29 242 297 243 353  62 329 335  11 283 254 212  84 217
   379 402   9 332 195 173  30 236  76 216  92  24 334]
  [  0 211  51 246 121 313 161 169 286 287   0 282  42 271 170 315 170
   130  79 135 246 343 326   0 248 192 153 142 271 348 195 192 325 231
   255  81  54 107 337 278 400 387 303  15 174 290 296 178  83  36 180
    86  73 250  48  25 258 244 116 325 296 236 308 361 229 105  70  15
   246 397 216 155 138 184  10  82 307 367 290 334 117]
  [  0 111 398 189 238 258 234 205 369 384  16   0 142  43 367  36  68
   165 158 366  37 320 242  11 196  44 139 300 205  87 226 218 337 326
   155 363 373  93 340 368 131 198  74 211 180 311 112 286  79 209 211
   185 130  69 195   6 359 252 297 291 253  73 381  36 159 374 149  80
   102 332   1  89 131 225 263 360 339 247 221 140 151]
  [  0 255 353 176 300 298 185 245 205 211 170 228   0  62 345 124 192
   197 325 300 383 337  41 255 321 164  42  11 354  71 178 362 192 215
   127 296  36 166 104 127  32 354 209 219 184  24 199  54 235 134 326
   373 206  84 228  50  86 121 336 259 297  73 289 242 304  14 157 331
   174  87 146 172 149 142 165 231  49 345  16 266  32]
  [  0 108  57  53 360 400  28 287 369  73 101 248 222   0 248 357  30
    30 322 101 372 150 150 343 364 272  81 220  64 197 249 301 217 123
   298 209 191 253 180  82 114 220  21  50  41 210  65 297 241 218 100
   163  75  12  90  63 267 273 252 341 365 304 255 103 112  76 197  16
   117 204  30 336 144 133 270 212  96 370   2  75 286]
  [  0 103  42 318 380 179 350 301  26 354 298 148 360 184   0 245  71
   238 111 333 337  29 316 382 313 214  13 164 311 103 180 304 392 108
   304 247 120 227 235   7   7 169 393  53 135 178  34 154 193 353 105
    96 386 338 260  40 117  68 128 280 271 295 102 179 309 221 153  75
   382 165 398 371 131 279 151 194 228 258 110 194   4]
  [  0 289 274 341 171 306  80 131 211 338 217 109 395 311  31   0 331
   360 348 396 222   4 380 394 152 231 314 342 162  88 370 388 402  70
   246 138 352 253  91 119 273  62 273  32 341 170 187  14 376  12  60
   351 108  77 400  26 217 124  34 361 232 375 228  91   8 360 177  14
     7 376 244 137 323 238 348  48 211 210 347 311 150]
  [  0  37 173  53 209 305  13 108 369  21 161 245  78 215 164 169   0
   113  90  73 378 118 179 126 385 299 352 106 170 316  51 212 322 387
    49 265  28 126 319 324 299 254  25 160 109  98 206 144  96  75 110
   357 211 305  16 286 348 349 338 302 121  21 352 377 336  99 214 261
   172 305  68 128  21 100 147 392 278 218 264 106 364]
  [  0 394 210 206 202 387 402 272 390 171 313 149 233  63 381  76  41
     0 247  12 331 196  83 118 171 126  47 398 233 204 385 175 257 338
   341 299 150 364 209 272 327  65 142 273 264 135   7 144 319  84 100
    76 376  28 115 194 136  99 288 135  73 273 263 162 322 281 319 272
   160  95 244 149  27  83 180 329 372 185 270 123  20]
  [  0 273 384 379 344  20 246  47  55 388 185  97 296 298 196 162 212
    17   0  65 222 327  13 100 189   1  48 388  13  34  29 395 237 265
   272 303  14 115 108   2  31 272 347 130 196  24 332  18 215 307 252
    19 213  26 271  66  16 266 238 109 383 121 282 200 233 260 312 276
   103 182 349 212 134 193  21 209 109 251 254 275  24]
  [  0  74 239 169 391 172  42 197 130 239  51 210 107 357 162 384   1
    15 290   0 354 327  19 220 373   4 363 173 164 155 146  52 187 259
   131 102  84 226  65 282  24 345  62 171 112  86 109 375 160 116 283
   302 383 369 117 307 132 259 295 260 266  74 168 190 299 159  57  69
   388 317 217  46 284 311 366 214  11 251 303  39 384]
  [  0 205 204 388 383  36 308 122 222 391 175 400 292 309 269 341 379
   226 264 199   0 147 108 372 104  38  40  69 249 136 281 200 378 403
    24 356 266  33 387 315  21 287  83  16 213 361 219 152 117 194  82
   378  22 273  32 374 216  91 341 275 254 267 187  16 353  65 117 321
   359 114 171 258 125  98 253 388 158 283 174 303 200]
  [  0  21 342  94 387 402 395 260  50 192  79 221  58 326 289 135  64
   189 232 348 366   0 361 357 366  43 127 344 178 201 238 297  57  75
   153 307  32  46  85  28  25 324  32 134   7 226  51  64  83 265 264
   331 126  74 331 126 158  73  26 295 160 101 233  78  90 279 325  21
   274  48 150 206 130 299 243 192 216  52 381  76 383]
  [  0 354  41 309 116 330 360 214 335 176 237 129 376 244 350 155  48
   163 294 344 133  90   0 142   0 206  34  75 395 342 299 147  75  88
   345  18  54 147  82 282 392  90 291 181 298  10 353 116 184 366  56
   194   7 131 145 152 307 361 325  61  35  47 370 279 221 117 220 342
     9 359 277  64  41 138  96 327  18 368  57 403 220]
  [  0 232  50 127 171 334   5  67 146  17 348 341 219 345  60 121 177
   196 383  74 140 400 357   0 309 196 132 331 219 277 292 301  70  31
   306 142 129 368 148  64 197 102  46  75  83 204  29 387  11 122 351
   185 190  82 311  60 177   7 284 125  39 156  35  99  31 373  97  98
   218 273 107 162  71 263 231 320  13  97  54  71 335]
  [  0 263 319 241 237 218 347   8  13  80 323 340 401 125 251  70 176
   345 279 396 252   7 224  63   0 151 307 136 161 225  17 256 342 172
    87 159 218  12 199 202 302  45  84 203  34  45  61 348 258  58 219
   387  14 389 353 226   6 195 236 363  40  84 397 256   7 203 167 316
    66  63 110 152 323  61  26 200 284  30 210 181   2]
  [  0 145  31  37  46 100 393 148 212 366 286 337  14 334 362  66 317
   239  40 193 238 254 118 347 153   0 324  80 192 364 169  14 305 292
    21 152 322 252 296 359 282 116 131 111 274  13 286 194  98  69 237
   110 165 102  56  12  20 215  72 362  43  57  59 240 219 379 344 312
   310 146 391  79  16 205 195 172 216  98  79 289 387]
  [  0  78 218 180 250 107 102 358 123  65  42  33 400 280 300 235 307
   397 386 153  18 112 157  92  96 229   0 156 255 246  85 239 231 168
   193 239 207 377   5 297 284  87  65 153 170 247 320 394 139 351  39
   344 183 391 206 263 120 348 111 281 256 368 259 137 297 391 393 234
    76  68 164 280 325 245 183 186 225 321 242 391 308]
  [  0 262 177 398  84  75 297 285 227 385 221 250 377 359  45 265 280
   326  77 222 244 289  26 284  35 277 206   0  83 299 239  33 186  48
   399 276 358 291 278 362 302 246 208 355 184 353 208 178 306 296  47
    90 264 201 389 157 116 165 380  27 144 127 269  86  99 377  49 122
   285 114 398 266 353 319 324 393  73 378 162 333 342]
  [  0 281 206  44 393 178   9 239  23 142 339 289 316 353 243 154 328
   388 307 383 105 223  97 317  67  99 399 249   0  60 322 289 167 249
   305  97  25 396  96 332 343 105  40 311  63 154   1 253 262  78  73
   196 366 109  87 247 386 239 167 345 245 258 402 378 300 386 382  70
   247  21 335 336 276 341 367 353 183 317  99 269  41]
  [  0  49  60 161 131 235  69 380 201   5  14  54  38 212  69  23 321
   102 360 181  52 298 323 137 332  10 109 272  33   0  13  71  37 180
   157 303 123  32 294 396 165 175 168 248  33 257  64  92 336 301 399
   217 375  65 155 182  80 162 311 377 128 264 254 332 179 205 196 294
   388 275 265 196 383 233 400 292 379 285 353 363 233]
  [  0 217  17 298 312 381  55 367 166 212 361 189 308 349 183 273 198
   108 373 154 256 157  85  84 384 388  60 399 138 338   0 354 297 340
   392 208  43 246 295 116 292 395  84 344 324 212 181 113 306 229 322
   312   3 274 241 141 352 262 360 334 339 185 184  30 385  45 284  29
   270 192 394  83 204  29 374 363 344 357 361   6 263]
  [  0 231  19 369 313 221  85 205 277 284 323 215  48 214 149 248 375
   223 382 247 350 340 119  36  13 363 344 364  40  64  13   0 351  76
   250 381  75 313 318 236 155 285  41 192   5   3 102 142 317 148  98
   101 271  65 176  92 316 138 291 317 213 243  22 366 175 290  82  80
    69 379 376  85 315 239  99  25 148  87 150  40 202]
  [  0 348  63 396 336 257 389   3  66 173 213 166 388  42 110 141 396
    94 124 322 386 150 143 309 251 194 330  26 183 308   7 253   0 340
   138 171 348 125 260  28 380 126 326 122  35 305 126 356 187 273 137
   237 368 306 256  33 392 242 246 198 155  94 252 274 179 209 401 395
   138   6 332 265 137 110 141 214  50 339 361 150 302]
  [  0  97 122 368  21 342 351 381 394 335 172  44 165  70 260 263 130
   210 402 249   3 157 120 146 204 222 332 145  80 321 167  70 295   0
   376 110 385 167 248 341   4  92  98 346 119  51 253 241 171 178  82
   212  27  34 311 188 148 199 209  75 391 385 258 304 348 358 162  68
   276 111 311 191 314 318 189   0 113 267 266  74 277]
  [  0  32  25  72  66 124  23 353 159 347 151  34 380 331 104   2 224
   102 246 290 145 230 293 281 259 226 205 213 182   4 301 401 190 350
     0  67 110 201 270 306 111 301 362 218  88 393   6 346  98 202  67
   150 201  87 157  15 310 213 295 185 251 392 386  51 359  98  87 299
   291 110 121 170 128 135 185 325 102 153  48 397 341]
  [  0 189 190 227 240 143 274 245 193 205  14 246 273 215 135  58 339
    77  25 242 317 350 355 392 156 283 229  13 306 348 353 107 289 385
   356   0   8 191  12  97 212  11 306 138 101  36 214  59 346  94 294
    68 257 115 215 165 392 363 254  46 315 347 148 296 362  56  87 329
   325   0 334 342 144   4 111 202 311 187 233  21   5]
  [  0 343 230 308 323 112 212 286 337 290  84 334 200 309  51 363 350
   336 308 402  32 197   9 356 108 368  57 379 278 181 186 350 348 199
   254 242   0 173 215  26 102 246 254 151 261 194  72 104 181 359 246
   248 286  85  82  93 347 223 196 300 162 315 272 177 228 399 214 347
   377  80  41 350  88 303 303 128 200 169 258 353 308]
  [  0 266 258 255 388 244 191 228 316 342 395 348 260  43 246 364 171
   266 386  82 383  39 338 401  20  87   4  46 262  12 183 134 287 305
   397 359 263   0 161 330 151 292  63 116 329 179 338 377 271 277 268
   207 307 169 186  58 271 292 247  99  48 297 285 272 338 220  58 296
   109 193 136 129 353 166 333  25 371 139 364 122 366]
  [  0 322  76 368  40  29  54 200  70 328 316  13 383  52 328 277 203
    31 166  53 340  60 190 291  31 140 364 129 188 145 126 340 280 298
   271 115 152  37   0 188 112 175  43  67 116 396 242 266 356 308  47
   223 265  78  98 177  16 392 340 210 216 205 294 352 121 366 400 274
    51  77 161 355 146  26   4 272 184  59 161   4  29]
  [  0 332 299  27 287 125 194 183 219  78 256 197 182 241 376 386 207
   202 281 149  26 347 184 373  39 154 180 159  98  18 249 304 250  32
   340 282 359   9  26   0 122 293 172 308 120 276 294 233 139  33 111
   259 138 379 282 109 268 162 384 259  90   5 300 192   7 246 383 355
   300 389 304 242 208 263  80  99 131 267  12 211 381]
  [  0 375  10  16 378  97 241 136  44  69  57 200 271 217 369  80 227
   122 212   7  18 397 104 132 198  82 264 279 187 183 367 248 130 135
   254 180 241  43 379 211   0 132 123  99 136 211 121 274 303  63  34
   284 158 167 267 235 402 123 204 239 293 403  38 326 225  72  67  62
   394  99  69  58 357 112   0 246 329 202 124 130  87]
  [  0  10 122  76  70 258 330 275 148 362 229 294 214 315 373 280 144
   257 121 157 134  49 255 329 187 224 319 242 113   0 175 104 112 341
    83 252 117 296 377 265 299   0 265 140 399  76  49 207 325 138 123
   307  62 240 234 300 348 222 310  28 155 127 207 391  55 176 349  34
    28 232 156 353 353  89 361  16  96 163   1 315 257]
  [  0 209 291  27 231  90 326  78 118 252  95  38 201 399  31 355 235
   277 399 132 123 140 337 287 183  35  57 212 253  51 279 345  42 366
    33 342 177   9 243 300  11 328   0 175 101 362 103  33 132  15  22
   163 265 312 223 214 158 142  12 182  97 287 196 176  64  33 360 319
   387 338  97 238  18 109 145 359 113 235  83 286  91]
  [  0  84 141 300  48 240 314 231 320 330  80 228 276 169 137 153 284
   342 158 183  17 373 328 361  72 146 302 338 122 213 257  19 315 150
    22 120 233  23 121 204 308 379 129   0 308 282 102 144 107 212 285
     5 220 172 281 118 267 184 203 228  15 186 240 117 260 350 292  98
   233   4 371 279 130 261 394  38 370 194 115 209 178]
  [  0  54 176 335  74 324  84 102 113 229 273 164  23 376  21 294 294
   164  10  95 200 289 238 101  28 316 116 148 333  54 384 134  74 163
   182 221  70  30 309 107 320 129 140 144   0 376  30  77  40  38 113
   391  49 238  98 203 166 254 145  87 385   1  47 213 397  20 205 258
   234 261  93  98 288 249 342 130 363  44 320 342 166]
  [  0 117 324  46 359 368  98 191 171 273 176  83 117 351 231 220 182
   340 396 369 180 330   2 127 204 338 128  22  43 127 197 236  11 363
    43  18 116 395 178 181 131 218  17 233   7   0 359  45 247 312 290
   201 311  81  56 258 297  24 272  37 278  50 207 205  79 103 236 128
    71 397  42  36  36  98  66 389 353 334 215 189  22]
  [  0 270 347 200 293 347 350 341 354 211 109 132 130  37 358 340 332
     4 331 121  30  72 181 132 266 351  74   8 353  59 159 255  29 138
   186 348 260 226 387 119 301 227 177  87 246 166   0 229  61 264  11
   338 341 200 386 310  44 237  19 180 131 215 290 188  18 109 158 192
   398 187 382   0 274 242 302 356  36 274 189 182   0]
  [  0 277 307 402  83 261   7  26  56 333 246 293 358  92  25 380 259
   128  87  73 107 392  39 337  17 201  79 151  13  33  10 150 232 367
   349 120 347  58 365  91  26 124 387   5 375 333  99   0  65 207  54
   251 352 293 385 264 308 334 173 236  94 307  88 147 234 277 388 226
   165  73 384 331 179 342 275 368  70  28 359 218 114]
  [  0  77 287 349 354 150 246 201 259 102 115 133  83  40 214 352 129
   345  56 143 323  50  24 165 369 145  88  35 232 403   4 215 198  60
   131 400  99 203  74 360  62 278   1  95 274 250 195 218   0 109 390
   287 403  14 291 187  69 357 199 398 270 264  95  14 339 286 257 178
    64 365  68 304 190 203 214  71 394 343 208 173 178]
  [  0 211  26 100 299 180 150 332 207  50 108 154 184 350  10  24 311
   195 287  72 102 122 250  97 365  64 235 227 370 367 352 398  32  93
   253  88 281 403 196 330 393 395 348 319  12 259 293 366  76   0 135
   100 395 286 339 358 293 175 243 326 182 189 182 134 195 171 189 104
   402  89 283  84 179 288 386 291 220 348 400 385 397]
  [  0 190 191 376  68 153 184 189 286  28 193 119 156 275 395 218  67
   335 312 365 100 193   6 206  90 240 366 345 261   7 360 339 368 294
   338 132  34 217 114 361 140 132 204  66 141 159  27   1 288 110   0
   389 323 382 399  39  78  80 181  85 122 360 258  95 255 105 403 286
   325 134  73  77 355  50 175 318 155 401  75  79 348]
  [  0 376 297 260 234 303  33 388  52 379 127 138 168 317 120 147 360
   243 319 100 302 318 279 319  77  31 134 147  17 191 211 170 101 310
   105  85 312 139  64 277 290 298 274  91  95 303 257  34 237 309 335
     0 222 288 324 308 248  44 318 311 196  28 203 342 115 163 131  67
   227  41 359 142 122 382 179 341 383 354 158  47  27]
  [  0 389 244 314  13 231 382 268 197 224 396 125 333  23 202   5 283
    54  94 392 125 238 357  69 277 296  31 368 121 400   3 110 189  83
    16 178  45 301 355 197  89 216 165 332 220 359 364 100 383 265  82
   319   0 185 103 309 399 222 254 304 380 154 365 376   0 395  19  68
   361 175  84 278 250 161 393 284 250  30  93 166 143]
  [  0   2 322  79  81 351  89 165 269 141 291  89 308 387 143  85  45
   145 371 112 301 392  58  36 171  76 351 315 109 101 184  94 285  36
   171 264 217  74 223 277 122 289 264  92 288 248  17 201  90 129 228
   403 257   0 247 236 252 145 230 230 131  16  65  58 178 193 276 210
   352 170 220 112 277 206 134 184  57 378  43  55 183]
  [  0 173 294 253 293 150 152  97  67  74 389 277 374 297 110 249  96
    55  59 348 110 315 298 171 215 113 255  56 382 353 324 124 232 296
   281 342 338 261 246 255 136  64 148 251  28 378 284 119 223 239 147
   331 256 196   0 199 107 244 302 301  88 171 358  75  10 213  32 286
   135 172  95  68 209  72  88 272 206 290  40 278 131]
  [  0 221 120  45  78 151 228 195 302 114 252 182  66  75 204 366 266
   373 206  72 302  24  67 177 183 143 127  79 160 327 228  70 219 120
    86 331 149 184 246 192 183 365 167 259 342  95 260 298 242 394  21
    35 328 134  48   0  55 218  53 113 286 397  62 269   1 191 269  50
   388 286  82 107  77 216  44  55 111 146   1  63 253]
  [  0  32 229 159 107  69  45 164 293 291 317 184  85   7  28 123 170
   234 276 169  97  90 101 375 133 308 280 403 218 301 156  44 296  68
    55  93 247 197 172 305 131 166 299  23  90  65  66   6 245 158 357
   140 151   3 386 116   0 288 329 388 396 275  49 146 198  65  12 258
   109 133 185  33 108 403  37 312 173 392 113 210 169]
  [  0 108  76  58   6 336 269 312  83  58 278 285  17 254 248 128 135
   376  40  35  25 215 187 327 279 385  68 314 387   6  86 154 287 129
    45 370 176 319 357 368  36 298 134 178 121   9 105 148 331 193 241
     0 274 333 215 217 124   0 219 180 201  64  86  67 326 215  22  95
   156 137  29 307  91 184 302  93 178  30 224 206 352]
  [  0 102 189 252 161  10 160 343 395 209 102 349 361  69 126 167  81
   210  88 269 348 148 113  85 342   9   1 300 263 313 200 237  34 387
   273 301 379 357 258 239  41 390  77 380 319  87 140 195  58 206  29
    92 335 297 381 259 209 320   0 402 266 291  76  49 159 210  73 387
    85 120   7 383 126  60  81 174 202 400 334 393 283]
  [  0 327 297 106 339 275 326 190 176   5   7   5 360 353  59 193 131
   339 245 211  75 319 385 396 119  46 115 232  99 164  90 285 159 101
    52 174  91  56 124  84 268 295 284 216 158 235   3 180 205 280 301
   179 309 133 253  17  63 175 326   0 226 307 361 185 278 160 217 121
   226 379 254  40 211 277  25 349 401 225 318 106  53]
  [  0 239 171  77 357   1  61 350 108 241 293 106 342 186 329 375 238
   267  97  29  78  66 295 258 346 328  65 296 398  12 280  76 348  90
   393 113  89 104 128  36   5 194 148 231 296  21 361   3 283  39 288
   273 360 140 269 141 380 247  47  15   0  83 275  74 400 219 191 398
   387 357 165 374 391  68 289 377 244 361 185 354 373]
  [  0  52  69  21   6 261 207 360 363 401 362 377 164 207 351 382 234
   172 140 186 194 340 202 158 351 366 353 179  97 233 109 397 112 341
    87 197  28 260  73 234 104   7 391 156  51  48 292  89 385 178 147
   139 219 228 360   6 385  90 366  88 360   0  36  39 182 125 112 340
   361 283  29 105 363 154 105 153 170 204  12 221 218]
  [  0 271  70 270 156 172 322 232  68 383  41 394  25 104  81   2 169
   271 129 353 131 153 394 199  57 182 390 299 151  53  18 292  61 284
   101  47 292 266 133 304 237 320 238  60  23 265 317  65 381 323 369
   403  18  21 282  32 360  13 178 354 341 284   0   5 209  69 213 293
    96 118 255 343 211 166 160 204 183 208 343 277 179]
  [  0 346 387 155 277 320 279 378 127 269  44   3 147 191 323  33 277
   182 304 228 385 205 224 285 319 351 268  91 254  12 377 396 163 353
   275   4 216 122 351 269 250 184 399  18 101  38 241  95 189  20 256
   179 139 375 305 293 341 398 338 100 160 319 366   0 106 104 385  24
   324 363 315 300  51 342  87 224 281  21 329 359 130]
  [  0 257 260 139 213  94  58 271 367 178 301  55  10   7 164 223 115
    53  52 123 189 156 292  93 148 200  39 119 112 338 206 288   6 325
    81 381 372 402  15  33 119 280  29 313  47 158 205 103  85   2 318
   213 109 394 170 402 364 288  28 259 352 267 231  59   0 315 174 324
   401 299  68 258 383  27 313 241 175  22 353  83  96]
  [  0 301 245  62 365 392 267 119  81 111 134  39  50  90 233 369 225
   357 299 304 369  91  31 308 231 337 256 146 301 395  43 285 242 311
   276 254  62 237 328 150 164 327 167 142  40 400  20 127  68 366  66
    70 403  54 271 396 122 122 364 400 156 346  76 280  94   0  40 304
   147 167 308  40 110 311 234  60 298 175 133  41  47]
  [  0 270 289  55  87  41 274 363   7  32  58 318 142 299 361 386 254
    50 236 219 119 346  44   9 222 105  71 136 326  19 367 387 397 226
   326 359 265 149 271  27 229  24 262 252  55 205 304 113 185 390  55
   181  22 379 278 138 252 104 136 232 176 175 163 136 286 141   0 302
   379 118 123 111  19 306 395 225 313 223 393  64 263]
  [  0   9  17 292 274  29 401 293 170 181 201  70   8  54  42 273 142
   283 143 191 227 225  67 245 313 158 290  58 274 336 274 101 236 338
   375 378 128 326 301 294  71  81 109 294 205 112  86 385 259  63  59
   323  64  97  66 191 397   5 331 347  56 221 135 111  50 134  90   0
   310 334  36 174 240 103  56 230  63  31 324 226 308]
  [  0 107 382  57 177  67  86 199  19   3 318 101  95  33 203  50  28
   207 356 315 329 217 247 368 345 316 294 376 314   6 230 218  34 185
    33  81  44 381  70 380 285 173 167 326 224  21 387 126 319 291 370
   297 289 304 137 221  69 378 174  74 115  13 173  97 358 225 388 389
     0 173   0 100 102 224 235 389 330 213  85  52 385]
  [  0 102 259 114 167 231 340 134  30 145 245  11 223 194   0  84 131
   205 312 316 234 129 378 275   0  76 397 255  50  31 342 105 286  48
   235 127 397 108  32 141 203  71 306  37 392 210 205 313 300  55  85
   238  18  74 322 155  70 301 256 323 162 309 198 137 242 150  24 185
    58   0 257  59 259 322 342 137  29 315  94 155  25]
  [  0 119 366 391  89 395 184 175 335 163 150 326 295 352 251  58  78
   395  19 159 194 265 352 197 361 276 308 372 371  15  46 345  66  91
    92 148 393  79 276 366 326  58 322 399 218 368 370 326  47 250 167
   309  24 359 372 208 402 317 315   9 330 336 171   8 199 309  97 362
    56 161   0  65  67 313 199 149 104  62 294 182 352]
  [  0 147 403 218 232 187 186 377 170 156  57 303 385 347 236 392 385
   109 192 224  40 147 311  98 182  88 175  64 230  22 196  28 255  95
    59 247 328 334  55 146 369   1 186 264 323 155 226  58 355  36 149
   379 266  56  35 151 101 118 317 313 387   3 125 389  33  44 307 173
    47 160 197   0 302 146 175 371 167 227  92 369 200]
  [  0 191  23 238 138  89 174 375 151  18 130 381 268  58 276 172  68
   114 235 250 284 205 185 341 208 190 147  73 215 320   3 162   5 194
   403 402 113 101 327 234 317 239 244 306  82 331  75 317 352 294 333
   131 121 272 100 232 387  40 307 125 184 190 251 353 153 112 263 164
   303 140 386 289   0 108  51 289  80 122 298 310  98]
  [  0 209 400 363 173 227 210 225 235 332 249 341 174 301 363 166 122
   118 211 250 337 123 109  87 266 227  13 323  81 266 247 211 329  35
     3 109 166 130 241 194 164 118  75 255 111 181  29 335 367  50 120
   346 394 382  29 219  84 176 294 169 291 193 243 337 249 109  50 181
   151 341 251 351 370   0 128  80 288 374  49 353 316]
  [  0   7 253   8 254  53 101 160 300 182  10 368  34 122 301 102 246
   320 156 395 376  21 107  10 333 269 108 334 282 292  64  12 392 344
     7 295 162 287  41 385 327 199 338  79 227 167  78 215 141  77 117
   295  28 371 144 232 293 363 340 260  38 257 382  89 101 200  79 395
   225  24 208  18 268 174   0 330 144 313 143 239  41]
  [  0 204 387 134 304 292 307 357 196  21 111 350  61 109 193 162 258
   234  67 166 135  25 309 395 186 163   1 355 135 383 317 179 115  19
   228  50 168 329 297 249 312  94 300 348   8 255 324 169 367 151 230
   305   8 184 199  55 320 356 247  58 241 204 169 136 185 194 368 361
   266  81 315 105 308 101 120   0 104  74 148 162 264]
  [  0 383 244 275 125 108 187 212 206  79 359 151 125 303  63 116 269
   390 252  11 170 296 394 396 304 389  24 156 301 187 385 349 356 264
   318 168 339  43  45 254 188 237  90 396 231 317  78  63 305  95  18
   225 365 295  16 262 191  87 361 348 211 393  60 255 235 401  93 232
    72  93  66 194 317 236 204 385   0  91  62 286 387]
  [  0  33  14 103 343 214 186 280 402 248 384 212 353 234 103 161 354
   159 176 265 255 246  75 297 281 292  81 197 317 116 237  50 277 219
    20   2  29 342 247 251 132 385 115 170 251 154 167 227 294 149 185
   237  87 239  28 234 307 199 204 301 253 131 207 244 164 269 216 338
   333 223 383 169 339  13  48 159   8   0 307 110 259]
  [  0 153 132 224 294   2 198 392 315 228 285 193 324 146 181 131 204
   362 299 214 133 310 271 390  31  75 310 323 238 117 357 380 379 153
   392 375 401 269  19 396  33  57 198  47  61   4 325 215 379 180 185
   232 127 201 116 386 216  28 310  66 225  16  96  59 178 251 169 378
   142   2  45  68 175 164 382 103 122 234   0 302 355]
  [  0 244  98  35 295 368  88 119  83 239  41 217 278 152  83 278 203
   251  21 174 393 367 349 262 240 130 139  36 238 165  89 387 153 109
     8 293 220  93  12 169 159  56 223  16  99 202  12  97  95 202  82
    36 140 350 282  39 349  34 247 295 106 305 172 360 219 294 304  52
   302  40 292 336 372  10 332 194 212 334  60   0  78]
  [  0  84 154 329  29   7  11 165 111 261 213 115 167 279 313 365 315
    88 391  32  46 193  52 152 211  27  14 252 364 123  16  95 193  82
   395 104  60 247  27  61 355 242  90  46 191 322 265 184 124 341 197
   357 304  45 144 214 386 195 380  14 292 375 344  68 267 335 359  99
    78  10 285 362 144 103 289 109 179 394 364 155   0]]

 [[  0 190 152 225  27 123 385 150 133 285 215 163 104 390 148  41 384
   394 168 218 279 290  33 307  80 340 104  23 148  80 227 159 317 183
   139  83  73 225 317  97  88 225 167  21 325  92 121 320 210 186  73
   376 397  38 156 312  69 145 285 198 203  27 207 150 195 308 128 198
   300 143 208 140 384 198 213 344 167 313 302 117 203]
  [  0   0  82 268 369 261 351  19 244 221  94 353 170 172 229 246  65
   392 258 162 305 205  44 142 255 108  44 173 146  17 334  77 195 116
   301 328 384 325 277 199  56 265 213 313  68 279 342 135 111 257 352
   272  69 317 363  49 283 120 290 187 259 106 176 398 275 165  47  15
   254 229 231 230 201 279 297 266  74 221 199 244 367]
  [  0  91   0  18 238 206 187 196 256 285 301  51 335 307  70 115 190
   148 306 289 265 165  59 380 160 154 239  98 279 173  66  53 248  85
   284  60  57  66  93  62 210  16  56 379  15 137   8  22  32 177  29
   159 213 362 392 285  62 218 291 292   7   1 104   4 381 156 373 260
   172 249 352  79  62 323 238 162 344 243 326 186 294]
  [  0 282 213   0 190 115  47  13 307 110  20 220  53 133 148 386 210
   119 394 386  53 175 398 363  69 127 344 208  10  35 394 402  57  14
   100  75 136 149 143  99 179  59 290 129 124 339 285 229 255 129  98
   188 218 366 300  57 288 210  79   5 287 364 166 117 297  67  28  41
   305 143 116 207 165 376  84  78 117 332 210 113 324]
  [  0 259  80 288   0  66 353  26 351   1  55 377 223 339 331  23 148
   278   8 400 204 231 314  12 338  18  50  55 195 144  49  16 254  38
   270  57  29 100 143 328 279 240  70 100 125 117  44 213  36 290 235
     5 304 288  91 339 238 307 118 205  16 233 176 213 353 279 401 120
    39 154 375 120 133 239 361  32  22 349 331 148 395]
  [  0 301 139 343 111   0 178 179 278  67  50 308 241 393 243 328 209
    62 175 129 166 179 106   7  39  26 260 153 107 133 309  92 387 105
   194 337 153 191 355  79 106 134 312  49 391  43 344 223 214  40 117
   313 168 231 238 256   2 243 351 299 236 338  36 312 369 217 264 102
   285 390 131 236  77  82 123 224 144 226 312 130 161]
  [  0 215 114 112 246 106   0 306  38 154 402  41 181 208 223 278 366
   108 116 122 150 127 228 127  69 267 197 242 172 221 345 347 170 261
    70 325  51 359  49 198 248 110 239 230 212  88 267 262 389 262 200
   290  19 126 179 373 335 311 216 369   2 262 269 117 124 281 346 314
   174 302  46 194 323 140 206  30 158 377 334 246 299]
  [  0   6 375 314 249 390  86   0 369 388 272 380 117 249   2 118  13
   311 246 339 236  38 294 144  34 122 183 219 260 179 263 289 269 383
   195 240  87 160 373 193   6 207 254 401 352  50 319 225   8 357 282
    14  88 268 164 198  21  43  66 165  47 260 272  44 113  16 379 132
   287  25 234  28  48  39  16 168  44 105 377 157 148]
  [  0 105 394  58 182 372 333 141   0 142  21 114  87  23  48 200  29
    46  25 109 177  24  61   2 278 374 106 150 345 115 352 164 151  58
   122 320 157 134  78 171 213 252  65 378 319 352 137 177 262 191 130
   177 152 197 242  40 221 147 318 109 384 227  94 241 122  12 352  43
   239 132 293 384 249  48 324 241 128 307  81 318  55]
  [  0 223 255   0 193 317 327 171 240   0 123 287 100  74 288  26 362
   229 194 191 170 260 403  28 183 282 168 293 244  96 303 377 154 136
   250 353  56 150 213  37 319  12 167  19  88 243 310  89  50 306 120
   325 218   1 116 108 145 369  21 267 170 242 201  26 331 320 108 281
   250 314 255   0  36 275  82 149  88 254  83 358 372]
  [  0 215 212 283  60 307 112 384 321 367   0  78 245 369 373 174 248
   400 387 259 340 182  85 269  20 331   9  49 273 363  67 301 123  27
   233 105 170   7 237 297   5  10  70 301 195 352 247 277 400 311 109
   275 282 199 282 281 390 157 204 220  79 102 166 106 108  92 230 339
   200 303 133  98 212 395 222 129 261 183  90 301 338]
  [  0 219 401 119 389 296 346 153 334 131 248   0 154 107 369 272  23
   109 101 348 123 370 377 193 180  74 127  86  67 329 233 319 161 320
   191 240  98  77 329  64  51 317 339  36  68 396 155  95 234 309 300
   397 226 145 307 192 263 223 172  84 342  63 287 316  66 171  57  48
   264 273 144  51 241 359 379 116 357 180 327 335 248]
  [  0 329 401 318 161 141 179 277 275  76 342 185   0 119 163  27 150
   290 142 239 142  96 345 126 325 316 122 154 304  74 373  42 199 130
   357  54  36 149 301 121  39 257 293  99 185 278 216 223 281 163 167
    11  21 262  58 142  81 337  99 164 393 283 156  60 123 328 326  68
    33  98  40 369 239  15 351 136 352   5 182 324 151]
  [  0  10 347  89 336  37 215 293  31 334 248 204 178   0  26 304 126
   233  46 307 309   1 241 304 335 210   4 314 266 264 152  27 372 225
   174 176  76 338 304 172 306  65 403 239 247 212 368 317  71 397  54
    50 167  55 210 370 304 312 158 346 335 114   9 333  90  22 120 204
   331 305 292  33 179 297 338 317 174 322 379 128  45]
  [  0 261 179 254  67  42 342 242 149 280  12  25 198 140   0 371  86
   226 312  69  50  10 228 159 202  30  44 180 142 146 292 212 316  21
   355 365  53 101 284 313 318 205 191 144 285 134 275 118 320  22  70
   294 387 125 277 286  85  64 364 340 254 276 220 234 145 308  63 218
   217 104 397 333 358 221 183 293  19 342 130 112 158]
  [  0 118 227 171 400  74 143 152  11 272 152 193 388 333 401   0  95
   252 326 214 106 309 264 285 305 310 351 241  97   6 334 223  55  81
   146  36 196 131 114 160 361 118 100 331 197 350  39  50 398 372 118
    13  83 183 324  51 136 343 360 265 220  90 267 379 278  33 367 117
   255 240  48 107 356 211 375  64 268  61 213 122 246]
  [  0  13 100 135 177 372 249  65 278 393 343  86  29 345 306   6   0
   174 240 282 162 187 309 342 148 359 388  34 212 276  69  93 148 241
   400 280 174 186 117 362 361  27  89 359 166 170 263 172 141  42   1
   157  85  51 103 215 113 218 178 354 246 279 376 270 207 240 256  83
   132 146 306 206 339  66  54 131 187  16  81 401  12]
  [  0 227  86  81 369 143  24 247 152 165 231 197 238 239 369 223   9
     0 234 391 392  98  68 317 110  89 393 210 238  23 314 198 254 224
    59 263   7 230   0 173 183  35 289 376  91 273 113 192 308  93  50
   254 274 211 345 251  21  14  73 173 217 256 302  18 316 202 148 185
   399 179  78 380 204   2 325  41 122 201 290 179 165]
  [  0 379  33 391 172  12  43 161  53 284 353 160  72 113 356 248 225
    71   0 292  89  87 334  28  65  38 226 314 357 350 357 183  67 281
    96   6 372 383 163 287 273  44 364  91 220 186 172 147  77  29 317
   213 231 124  10 111 123 394  49  27 162 331 376 102 220 271 273  61
   367  50  62 130 104 128 202 135 170 260 314 246 191]
  [  0 205  95 179 210 190 351 347  15 282 333 100  77 314 200 293 165
   314 173   0 354 345 358 293  59 113  78 315 195  36 252 274 378 125
   108 327  64  92 105 153 128 266  11 107 351 390 179 294 399   4 351
   184 182 296 126 325  59 393 177 115   1  84  42 141 140 364 127  95
   113 144 281 206 293 211 218 142 199 166 333 224 292]
  [  0 109 312  14 323  18  22  95 252 305 266  98 208 291 160 227 234
   320 339 167   0 143 165 164 308 187 403 345  26 146 363  41 143  17
   387 238 282 248  43 278  93 328 221 321 172 394 103 387 280  70 268
   222 118 207 197  88 358  65 161 303 365 220 346 268 159 377 130 246
   152 166 294  43 397 269 160 100 345 164 178 129 312]
  [  0  45 300 207 130 211 152  82  51 241  42   9 315 321 131 241 193
   247 399 381 198   0  68 391  92 274  33 114 241 383  37  67 397  79
   101 129 284 270  28 114 276  58  99 239 147 345 369  47  68 265 215
   203 316 319 218 168  95 331 369  90 349 367 311 346 308 256 261 180
   159  30 255  46 228 381 266 270 148   3 101 117 254]
  [  0 316 364 255  92 144 127 194 179 186 249  56 125 296 313 317 287
   180 267 192 305   8   0 261 133 124 145 228 382 397  73 350  44   8
    45 167 335   9  93 118 102 144 200 383  47 349  31 358 235  56   2
    80 136 316 321 105  46 176  50  69 127  71 235 330 216 403 254 133
   317  97 343 140 189   1 152 369 348  50 204 316 175]
  [  0 120 288 247 323 225 162 310 238 272 291 143 173  76 336 278 150
   381 354 118 115   3 262   0 390 259 197 216 265 273 337 308 100  65
   135 389  88 185 315  21 340  15 385 143 309 124 284  45 159 334  59
     6 122 355 309 245 197 182 199 126 295 384  93 113 332 170 110  49
   146 401  25 275 192 100 109  76   4   7  13 271 325]
  [  0 204 402 341 276 273  80 181 396 214 118 384 236  31 173 323 216
    42 280   4 122 232 159 337   0 149 208 216 236  77 170 308 283 100
   346  49 272  84 197 217 228 161 226 224 125 176 224 303 241 336 183
   320 213  37  55 342  10 120 169 309 241 147 164  98 242 117 241 268
   178 268 146 133 336 103 390 361 169 217 361 222  33]
  [  0  24 262 146 352  49 314 311 259  18   8 393  91  56  74 398 267
   244  19 118 311  79 396 317 282   0  56 176 140 116 263 277 361  14
   256 400 278  74 345 210 272 265  98  65 283 174 251 342 235 283 218
   348 396 171 202 390 310  96  19  67  40 317 376 269 189 104 348 345
    21 346 203 290 221 159 305 292 370 302 173 182   7]
  [  0 218 104  91 252 331 242  61 342  32 377  98 220 336 162 137 149
     7  44   9  54 235 279 301 165 363   0  29 376 132  45 135 235 104
   257 284 113 105 355 344 266 358 355 337   5 170 325  82 209 164 134
    21 205  28 248 145 247   4  20 342 104 274 160 370 368 385  21 297
    70 110 368 103 255 292  40 125  35 403 249  80 276]
  [  0  43 329 125  82  46 246   7  88 153 119 134 191  73 170 246 108
   160  34 226  56 247 320 331  22 305 285   0 139 290 304 129 146 167
   214 341 388 316 140 346 233 331  44 123 402 233 332  50 115 254  19
   185 173 288 131 306 283 146 212  35 303 301  48 113 210 380 198 286
   101   0 309  74 205  15 159 108 218 226 263 297 329]
  [  0 274 322 347 173 311 191 242  14 266 349 147 357  86  12 281 346
    35 299 300 241 388 138  59 210 239  32 188   0 327 356  22 227 286
    38 377 383 211  64 144 161 349 298 255 285  15 211 244  67 257 254
    44 233  18 403 228 284 294   6 105 302 188 141  56   9 158  65 319
    33 229 241 237 269 287 380 391 250 177 247 154 232]
  [  0 218 262 125 275  17 206 274 371 356  89  41 386 347 181 144 258
   259 324  25 245 160  91 147 136  95 364 329  30   0  26 113 257 349
   333  78 170  71 300 295  80 268  44 193 130 291 327  94 150  18 392
   261 222 191 367 193 335 108 373 324  60 340 337 245 368 294 208   9
    25 331 296 149 197 148 312 131  32   1 333 264  59]
  [  0   4  67 341 114  84 271 191 293 324 236 399 343 173 120 178 104
   401  62  84 278 120 228 154 260 309   1 110 161 234   0 368 204 354
    43 289 294 287 158 326 107 383 158 190 183 217 343  87 121 287 364
   222 158 294 307 386 157 314  44 183  52 276 104 118 129 177 203 357
     7 181 136  41 355 269  84 139 367  92 345  86 154]
  [  0 348 268 185 140 104  83 267 293  37 238 305  71  13 314  90 333
   128 351 244 336 241 386  37 106 224 250 255 331 135 130   0  61 105
   142  11 367 357 176 358 291 197 321 363  28 388  77 131 260 245  53
    39  22 273 177 119 106 204  93  59 385 201 315 135 182 332 239 300
   174 249  60 403 352 338  48 153 399 329 327 156 301]
  [  0 360 299 108 117 235  89  35  93 236 149 358 229 162 248 246 141
   216 215 300 106 104 392 204 342 205 313 168  69 377 403  18   0 186
   325 400 219 381 382 396 337 259 185 102 255 335 320 332 398 129 240
   323 206  84 328  17 155  57  28  53  83 248 244 101   3 110 104 121
   230 355 167 321 245 282 350 134 327 177 403 331 389]
  [  0 272 145 394 184 388 380 289 221 255  79 156 223 249 338 263 326
   312  82 349 308  12  30  73 290 199 145 345 110  31  40 101 234   0
   122 154 182 158 139 385  96 196 284 185  86 219 196  93 125 184  59
    39 257  74 231  15  61 312 196 300 102 282  20 123 104 265 345 301
   349 252 227 179  63 105 334  56 394  54 180 269  62]
  [  0 175 304 327 148 106  92 138 396  40 219 241 353 380  92 101 384
   352 114 291 142 388 301  65 336 218 369 178 308 190  97 274 311 303
     0 373   0  28 178   6 305 103  77 311  65 294 129  35 358 181 273
   346 163  89 389 229 382  54 173 292  19 114 302 232 333 373 144   4
   357 130 239 396 282  35 188 385 350  79 244 320   4]
  [  0 315 100 134 148 228 211 185 157 124 348 275 401   1 294 378 187
   303 340 292 153 116 127 260 371  38 290 244 272 359 335 317 259 344
   200   0 324 326 286 268 138 264 117 283 153 223 163  89 377 385 155
   145 330 170 120 140 296  29 258 292  64 133  45 305 125 265 298  56
   368  81 306 249  78 105 328 145  96 229 218  92 344]
  [  0 281 122 229 317 314 352 239 351 260  10 295  36  23  40 305 222
   160  11 156 391 299 138 265 155 331  63 201 120 121 257 203  48 339
   268  34   0  69 250 123 294 367 185 402 332  79  94 325  15 199 308
   347 251 261 270  79  25 250 238 394 298 249  33 111 153 370 319 313
    37 373 332 124 145 191 357 162 100 397 256 130  61]
  [  0 185 375 390  87 247  49  40 268 380  72 348 362 169   0 343 256
   215  51 109 117 143  90 123 245 211  37 299 189  33 324 393 205 243
   128  71 108   0  70 170  46  96 324  70 328 233 232 328 398   2 187
   356 362 183  44 398 267 123 284 348 252  21 356  15 140 204   9 221
   346 271 125  53 236 244  65 129 109 247 248 228 316]
  [  0 392  45 252  46 156  96  28 403 264 211 113 310 141 161  81 301
     1 202  89  94 225 229 149 101 248 297  12  98 185 250  58  93 290
   100  34 268 216   0  73 146 150  99 100  82 271  56 317  44 178 123
     9 294 397  79  35  34 243 278 169 248 363 295 328  50 375 138 403
   252 384 128 286  95  60 245 192 211 236  84  24 139]
  [  0 335 142 364 163 325 108 139   1 395 158   1 174 232 211 255 205
   158 305  48 249 239  94 319 250 115 284 102 279 283 142 247 197 163
    64 277 347  42 372   0 301 242 277 296 297 294 149  57 318 286 370
   151 245 342   0 368 169  15 170 210 353 360  25 330 371 121  23 364
   285 226 281 386 114 150   2 318  21 104 147 192 346]
  [  0 281 120 277 395  84  81 115 171  22 402  47 284 371 349 149 253
    79  37 349 362 229 107 346 338 320   4 219 287 245  84 331 338 132
    54 179 252 283 363 103   0 134 380 362 129 108 102 168 215 295 192
   274 365 182  82 230 112 337 363 371 365 316 387  68 215 130   4 221
    79  67 192 284 387 340 278 225 337 364 309  83 345]
  [  0 318 195  84 250 107 105 266 365 394 197  30 170 109 295  82 325
   239  91 249 242  93  90 236 232  97 274 310 288 249 325  61 217 356
   289 397 145   9 264 332 306   0   7 265 174 384 110  83 211 187 394
   185 366 232  76 234 214 221 363 125  77 121 167 362  43  73 402 169
    70 368 325 368 161 285 268 192  36 311 223 135 376]
  [  0 221  40 321  88 277 312 386  99 166  17 200  92  76 200 344 231
   239  34 377 382 241  25 264 154 212 243 397  67 343 403 381 272 374
   248 180 176  62 386 292 126 307   0 398  43 203 351 351  91 219 205
   213 192 258 232   4 105   4   1 106 116 260 331 301 333 118  43 362
    44 347 343 329 230  64  18  85 363 230 318 122 339]
  [  0   7 292 403  54  75 107 350  12  27  67  13  54  62 174  52   4
   345 155  10 175 212 119  41 176 280 351 380  68 271  24 277 278 191
   110  66 352  72 382  13  34 169  97   0 314 331  70 292 400  91 149
    16 289 174 241  41 228 341 342  61 106 142 357 193  56 400   5  85
    91 160 247 171 164 185 259 326  50  86  44  98 147]
  [  0 328  37   5  95 139 112 163  34 342 253 328  70  97 306  65 240
   362 275 163 403 177 244 376 127  94 224 281 151  69  84 222 334 274
    21 278 296 165  23 324 381 239  47 401   0 399  17 186  61 287  88
     0 355 124 103  47  86 323  76 227  54  94 270  22  99  32 147 261
    61  40 275 210 307 354  30 101 205 115  71 350 375]
  [  0 315 330 281 154 279 254 363 245 187 238 248 329 350 235 193 109
   235 191 166 389 311  43 265 239 104  11 354  96 305 266 156 357 231
     2 215  98  49 255 270 339 378 217 130 346   0  22 298 360  73 248
   232 243 234 331  41 248 228 217 403  92 137  65 121 266 257 296  72
   111 198 196 113 122  14 282 295 212 363 123 267   7]
  [  0 376  50 217 144 326 331 316  98 194  52 312 342 393 120 276 183
   165 264 166 169 377   7 393 150 334 246  75 157 214 164  98 367 176
   380 199 303 383 123 285  43 221 104 372 107 351   0 208 183 345 145
   190  33 110 328 154  51 114 169 126 379 154 269 342 366  98 341 268
    62  91  96 207 187  68 190 279 183 225 383 385  14]
  [  0 223 294 171  53 111 240 115 324  37  67  57  42 104 248 227  54
   147 338  53  44 146 290 238  44 391 120 288 235 342  66 158  15  88
   152 389 200 403 108 188 250  47 233 146 169 261  42   0 403  31 253
   333 280 256 257  26 212  65 299 382 155  91  35 366 254 222 104 341
   376 202 106 104  82 322 248 292 373 137 180 168 175]
  [  0  51  27 121 109  22 393 230  74 106 350 207 128 140 168 181  55
   188 103 379  49   4 363 161 143 342 310 334 198 361 160  69 224 102
    88 257 231 245 397 239 269  38  60 291  14 326  21 323   0 186 227
   352 284 383  11 396 249 232 306 278 120 239 274 279 123 172 400 207
   152  17 258  16  79  49 218  34 309 340   2 136 296]
  [  0  55 130 100 146  39  55 393 128  87  77 260 245  77  50 107  83
   307  17 233 264  98  20  42 342 220 401  78  11 126  96  14  93  82
   221 198 249 267 119  19 381 328 328 248 317  52 206  14 113   0 170
   330  84  10 132 159  66 280  20 373 245 218  37 262  29 271 120 217
   233 221 391 157  54 385 150 336  63 394  85 241 305]
  [  0 214  36  15 344 269 155 111 211  37 355 289 211 334  27 319 193
   240 383 223  12 280  15 212 304 130  76 376 231 364 145  62 385 110
   292 178 361 388 350 366 184 155  76 395 258 148 122 311 318 123   0
   165 204  34 329 176 119  49   8 330 128  70 283 166 302 193 220 396
   209 295  80 349 189  40 120  41 351 306   2 309 165]
  [  0   0   8 303 269 152  59 210 173 201 140 199 396 384 134 134  15
     7 374  78   2  21 224 387 133 222  34  90 156 133  29 105 276 336
    95 313 330 103 122 311  32  67 381 198 215 337 191 266   3 364 296
     0  25 174  90  52 353 381 359 244 365  86 306 154 193 284  75 175
   272 285   2  67 204 315 164   5   2 367 394 189 219]
  [  0  65  46 264  72 401 401 165  53 250 229 188  59   5 272  10  28
   163 342 338 309 193   3 391 377  88  20  29 125 138 256  72  50  43
   228 264 255  39 106  26 335 257 324 104 235 347 208 121 136 352 358
   283   0 384 154 219 341  81  90  19 278 115 274  83 183 252 127 342
   152 128 205  79 246 390  37  66 169 130 362 186 293]
  [  0   5  53   1 337 223 358 102 298 349 392 148 269 345 203 292 273
   125  39 151 113 192 179 133   7 131  32 226  42 309 111  42  77 157
   263 373  31 117 249 187 174 365   4  99 176 212 248 136  66  63 148
   316  49   0  84 328  44 382 286  94 131 293   9 376  87 236 180 127
   307   2 300 373  66   6 127 396 209 171 194 364 332]
  [  0 231 233  76   3  66 165 267 313 395  86 235 212 235 164  68 280
    26 281 270 245  36 243 176 279 220 177 357 179  78  13 171 132 104
   184 268 183  88 167 191 317  96 389 391 191 178 248 389 110 167   4
   253 238 320   0 186 401 109 375 165 176   2 336 340 257  17  13 396
   203 235 214  63 332 284 123  46 249 361 113 188  57]
  [  0 234 393 136 306 375  97 155  96  72  71  24 311  27 113 162  62
   274  54 291 333 291 239 136 193 381 373 283 120 402 394  87 368 252
   184  81 265 285 342 385 184 355 349 310 379 325 222 343  30 314   9
    87 351 207 280   0 359  49 172 111 182  78  30  83 251 243  40 345
   401 194 261 260 362 351 342 368 277 206 265  39 208]
  [  0  92 269  48 284 402 184  53 145 282  55 221 165 326 115 294 152
   201 358 113 171 378 364 382 339 170 251 403 174 355 299 241 245  16
   289  84 102 284  87 247 306 237 133 224 234 273 230 304 367 184 241
   252 167   6  82 363   0   7 242 115 281 269 316  58 238  46 186 227
   233 361 379 283 254 359 330 320 214 381  95 336 348]
  [  0 329 217 122 228 215 342 335 186 252   1 178 384  38 301  86  18
   375 175 185  52 380 332 206 364 180 374  28 190 337  82 211 119 200
   104  13 222 389 288 155 224  55 142  97  86 386 333 357 260 290 176
    97 101 253 398  31 270   0  85 390 166 346 278 269 274 376  34 149
     4  90  40 232   0 367  64 145 211  68 126 390 349]
  [  0  98 198 364 301   5 299  45 166  81 171 355 403 359 311 199 206
    40 171 314 241 227 313 322 269  44 253  99 340 371  87   4  18  20
   124 261 373 344 123 254 135 246  22 222 116 237  66 397 195  95 172
   384 110 209 109 262 102 376   0 257 388 265 159 183 170 153 385 282
    64 232 205 109 283 183 381 247 210 110 185 260  64]
  [  0 155  58 396  40   2   0 154 292 113 291 290 226 379  54  84 325
   334 304 213 322 201 177 276 224 113 328  67 159 317 362  75 364 267
   310 144 335 252 219 230 354 249 269  14 161 285 397 259  66 248 117
   140  88 102  49 272 244   4  29   0 335 100 272  95 108  81  61  79
    66 391 121 388 277 180 390 237  55  69 242 101 258]
  [  0 354 134 326 144  46 252 304 271 342 349 128  80 401  50 143 154
    50 160  32 105 289  71 125   1 128 402  86 392 383 276 387  48 238
   212 193 318 229 251  91 349  31 366  65 167 345 370 242 309 143 377
   184 372  21 207 321 299 276 256 146   0  49   4 275 139 202  28 274
   111 378  66 294 142 120  27 173  77  98 307 276  32]
  [  0 305 362 265 142  82 198 248  44  21  88 276  98 275   9 242  32
   174 242 283 220 110  18 379 257 326 120   1 370 205 137 162 223 378
   214 343 275 362  77 171 259  29  29 345  14 310 294  80 360 314  57
    66 104 358 201 310 246 143   5 395  21   0  71 259 280 164 367 166
    31 198 309 164  80 245 358 125  54 332 195 321 159]
  [  0 324  12 159 211 202  69 244 122 208 155 262 243 198 230   4 281
   266  14 119  25 308  40 226   7 394 321 129 385 398 361 230  65 110
   271 181  68 399  76 278 365 319 102 389 115  96 387  92  32  74  35
    29 343 355 197 233 123   5  13  88 140  59   0 367  61  82 151 341
   310 219  66 111 362 363 179 237 285 140 210  72   8]
  [  0  42 143 102  72  36 200 313 164 277 321 262 198  51 217 137 400
   218 181 339 401 327 376 291 281 396 109 393  48 306 122 401 309  77
   151 255 370 366 289 343 304 400 143 196 184 181  92 327 100 332 175
    29 375 189 285  66  57 105 286 247 121 246 214   0 179 221 270 330
    44 375 361 199 363 283 200 384 386 121 151  99 127]
  [  0  16  43  69 219 111 117 344  63 330 195 233 208  46 238  67 224
   357  42 252  14  47 264 379  23 120 291 289 221  37 205  39 146 220
   178  50 378  72 334 129 200 375 206 114   9  74  17 320  85 148 334
    42 340 172   7   0 350  56 290 299 173 140 150 318   0 284  22 397
   384 360 123 390 386  77 287 207  90 299  18 309   1]
  [  0 241 284 282  59 183 400  40 240 218 252 312 254 135   9 270 370
    79 230 194 352  14 300 379  90 359  44 264 208 339 297 252 124 316
   142 193 329 289 380 385 105 247 296  50  10 102 338 323 149 140  42
   297 298 349 220  53 235   8 327 204 120 248 206 176  20   0 169 219
     8  76 303 389   3 382 338 100 265   4 231 262 149]
  [  0 265  76  19 359  46 323  46 253 395 213 139  22 171 324 143 240
   332 112 386 355  26 263 217 234 182 260 367  20 317 273  77  71 157
   301 375  21 353  93 116 360 308  28 329 127 129   8  54 357 300  50
   160 267 354  72 386 130  92 126 273 345  94 402 179  75 210   0 262
   122  28  37  27 311 199 198 151 284 149 306 403 392]
  [  0 318 369 367 120 110 325 335 147 132 113 161 283 134 193 183 328
   192 216 398  73  56 402 199  53  37 252  21 134 298 180 399 285 358
   286 239 210 333 330  80 400 190 133 372 288 170 374 182  69 250  81
   346  75  78 236 360 249 109  66  65 352 102 100  58 344 163  46   0
   237 164 104 283   6 131 283  65 299 196 345 189 322]
  [  0 234 102 270  79 209 288 196  93  14 162 230 182  78 253 157 322
   106 239 317  48 170 353  53 105  99 245 339  83  91 140 168 369 256
    18   7   2 141  75 283 125 278 196 239 194 327 318 295 309 106 266
    52 276 360 140 276 179 184 103 278 280   8  30 357 230 316 261 191
     0 136 131 211 352 264 188 127 159 240 159  51 314]
  [  0 225 347   1 233  53 187  91  61 227 223 298  21 306 345  78 134
   234 297  87 363 100  94 284 288 277  66 270 209 314 308  34 302  12
   101 178 371 357 383 323 323 353 236 115 276 243 208 378 152 351 377
   312 322 205 311 100  52 334 373  51  16 100 266  67 368 339 198 152
   114   0 164 179  88 161 248 114 266 222 143 165 180]
  [  0 276 396  34  15 252 381  32 277 286 325 184 245 325 344 363 167
    83 260 364 226 191 247 368  34 303 311  60 300 338 383 331  24 336
   135 126  21 227 316 317 387  93 206 145 377  81 151 304  50 282  65
   348 286 109  47 294 144 369 338 271 275 274 131 120 280  92 241 358
    52  65   0  89  40 155 149 268 388  25  95 302  93]
  [  0 281 293 286  49  35 179   9 279  57 138 123 318 334 138 184 392
     8 243 315 121 347 202 194  58 316 123 326 173 384 269  38 346  75
   263 181  20  95 394  25 123  18 345  97 305 289 179 176  56  80 250
    11 288 337 341 254 277 230 402  97 354 234 145  42  21 182  12 268
   344   0 196   0 134  90 298 184 230 225  47 334  69]
  [  0 307 114  20 332 208  26 368 180 304 288  13  56 208 124 369 221
   252  16 325 399  91 167 402 394  56 362 261 102  26 373 332  22 295
   223  28 149   0 290 107  28 135 341 312 369  95  67 231 347  90 208
    87 256 325 345 120 184 200  57 317 193 279  90  85 198  86 124  31
   117  85 365 401   0 110 140 336  97  47 271 155  48]
  [  0 245 176 297 129  27 312 146 337 128  63  91 297 351 268 354 284
   165 122 192 319 192 346 260 181   5  82 186  71 131 400  74 388 171
   314 279 132 289 313 186 361 251 373  75 177 139 142 323 191 242 377
    96 279 175 134 365 332 282 318 172 166 159  58  15  50 366 314 346
   140 363  33 106 211   0 291 206 279 383 347 301 248]
  [  0  28 166 215  17  79 135   3 391 392 270  48 331 277 358 207 145
   288 362  10   8  57 304 246 279 332 380 311 176 226 155 147 188 123
   337 298 126 225 390 275 371 148 137 192 322 375 292 277 147  22  63
     0 396 346 353 379 383 388 111  35 148 223 309 234 215  43  95  10
   246  24  80 287  13 141   0 403 297  20 354   6  42]
  [  0 254   0 371   3 103 385  93 245 204 264  96  51 375 164  84  67
    27  90 215 136 176  67 356  69 311  19  68 294  13   8 341 143  92
   372 213 112 118 222 192  69  55 277 277 155 137 332 310  31 219   0
   384 115 362 276 237 333 170 273 282 311 262 338 326  53  87 140 340
   227 192   0 236 137  97 330   0 380  89  37 219 400]
  [  0 142 121 180 216 207 205 364 329 229  41 144  79 255 311 168 385
   208 258 119  22   3 359 171 154 398   4 177 128 212 166 166  91  74
   229 224  51 269   8 276 378  46  86 138  52  41 385 280  56  30 188
   105  14 253 118  36  61 217 250 302 139  20  50 388  45  82  83 210
   185  42 364 276 370  13 223  78   0  42 299 183 257]
  [  0 110 325 186  61 320 130 148 131 351 399 259 323 383 118  22 249
   103 225  86  42 121  10 394  10  57 375  90 278 344 390  48   2 167
   214  50 218 163 287 343 334 274  54 286 279  27 370 273  67 246 384
   298 367 387 371  25 301 168 264  28  25  14 350 120 344  55 219 350
    15 398 190 275 160 371 338 116 185   0  82 311  70]
  [  0  16 262 334 397 339 336  31 306 268  86  67 139 402 301  25 272
   399 122  52 399 357 270 381 168 344 353 348 380 300 158  45 303 301
   365  97 180  34  66  62 248   6 154 149 292 290 212   2 245 277  39
   186  31 391  92  32 377 361  39  96  63 400 166 117  29 171 280 287
   216 284 356 386  33 114  38 164 205  60   0 104  62]
  [  0 153 218 386 153 191 197 337  33 238 381 140 184  59  34 145 392
    46 193 323  34 382 199 257 353 273 111 300 139 151 144 318 351  58
   125 259 276 263 251 204 317 110  16 242 334 183 181 290 276  93  86
   193  61 367 297 132 236  26 318 286  36 279 306  29 284 338 320  55
    30 346 336 217  56  39  28 252 312 313 205   0 356]
  [  0 388 209 351 204 105 153 366 320 400 173 202  46 110  13 288 394
   274 397 221 363 293 394 319 102 292  75 198 222 114 269 317 203 292
    29 325 280   9 207 164 288 169  36 263 143 386 309 311  44  84 212
   401 400 220  47 222 125 150 168 372   7 345 288 314  13 395 178 244
    30 334  46  51 118 221 265 223 270 266 327 249   0]]]
release_time
[   0   91  460  268  747  488   66  206  497  689  367  239  171  286
  346  510  100   57  543   91  503   59  408 1041 1024  944  350  730
  781    7  368  581  274  444  129  772  869   35  523 1028  510  593
  876  846  143  894  230   70  647  440  898  439  670  683  339  447
  649  427  543  265  250  966  738  755   28  342  150   86  518  136
  360 1046  908   66 1065  201  228  419  389  674  117]
due_date
[   0  887 1220 1074 1223 1047  888  366  557 1240  924  953 1150  865
  995 1189  935   75 1091  934  986   84 1195 1063 1193 1233  888 1130
 1106   49 1010  586 1188  904  439  950 1171  947 1096 1178  829  949
 1118 1152  336 1171 1138  395  896 1183 1016  630 1023 1092 1040 1092
 1154  906 1115  866 1226 1025  915  886  107 1219  602  441  897  621
  947 1147 1040   93 1119  989 1189 1129  969  879 1024]
unit_emission
[14  3 14  8 18 20 14  8 16  5]
emission_limit
49388.600000000006
setup_severity
2.0
due_tight
0.3
due_range
1.0
release_tight
10
degree_constr
0.8
