mach
10
job_rate
12
weight
[ 0  5 10 10  9  2  6  5  1  6  6  7  8  9  5  2  9  2  1  7  2  5  3  4
  3  6  6  4  7  9  3  1  3  2  1  2  2  3  2  1 10  6  6  9  2  7  5 10
  1  8  9 10  3  1  4  9  1  8  6  5  7  2  9  9  1  3  9  4  3  5  1  3
  6 10  6  1  8  2  9  3  2  8  6  2  2  7  6  5  4  7  1  3  2  9  9  9
  5  3  1  6  7  6  6  4 10  5  4  9  2  3  8  5  5  3  5  8  3  3  3  3
  6]
proc_time
[[  0  50 144 105 114 126 145 149  90 131 128 107 143 118  91  56  62  77
  101 115 129  82 109 126 127 110  57  83  58  61  99 130 123  52  61 136
   77 130 129  82 117  73  99  54 111 102  64 105  57  67 111 118 116  65
  113 107 148 131 121 115 122 136 128  66  68  61 120  92 127 109  94 119
   60  80  85 130  50  63  60  89  62  95 147 126  81 107  81 123 144 119
  150 150 137 139  74  69  64 119  81  85  66 122 116  74  62  58  58  88
   69  77 126 132  58 119  89  67 129 101 122 143 108]
 [  0  57 107  89  59 128 129  56  86 144 117 121  81  71 112  57 122  97
   73 118 142  57  89  76 107 124 141  70  60 127  55  69  98 147  96 134
   66 120  83  50 105  76 105 124  94  70  51  92  59  52 125 133  75  78
  137  82  65  65 145 115  77  74  65 132  54 132  50  75 113  60 109  58
   98  58 119 108  69  79 111  53 142  67  51 111  87  73  56  81 143 112
  109  81  54  97 143 110 135 123 124  79 129  57 119  70  94 115  55  77
   55 132 128  76 110  77  69  81  98  50  88  99  92]
 [  0  73  88 109  59  59  86  59  75  85 149  50 130  99  65 118  80 137
   85 104 118 137  79 108  89 124  68 141  86 146 126 131  90 150 107  89
   62 112 107 102  53  61 130  79 127 132  65  85  98 146 115 114 123  97
  141  58 124  84  83 148 118 115  95 116  70 135 131 114  54 117 106  50
  125 121  62  76 138  75  96 119  64  77 134  85 103 120  82 140 125 111
   76  80 104  99  60 128  69 110 125  92  96  54 144 103  74 130  98 115
   82  93 136  64  92 110  59  75  85 102 147  86 117]
 [  0 129 104  88 106 113 128 131  72  52  99  56  51  52 132  65  93  93
  101  70  81  94 124  90 147  95  56 126 102  72  58  79  97  56  72 130
  130 112 149 124 102 118  61 144 104 131  63  61  71  64  70  71 148 149
  113 144 123 143 138  88  65  71 110 102 150  68  88  90  79  73 116  96
  128 146 149  56  75 124 143  80 134  99 146  65  60 143 105  90  79  74
   70 133  78 132  85 148  56  67  96  98 103  60 120  54  54  97 128  78
  122  90  93  83 139  51  92  63  62 127 147 145  84]
 [  0 112  91  99  91 120 118  77  78  61  94  87 145  90 147 150  81  58
   50  96 131 112  93  58  60  52  65  82  51 127  72 100 139 125  61  63
  131 127  90  91 132  64  79 129  68  87 108  84 100 129  71 140  93 120
  114 135 112 117  60 137  76 120 116 118  78 122 149  93 124 129 133 116
  126  76  81 131 140 110 127  61 141  78  99  69 117 140 142 112  67 130
  143  62 121 103  80 133 128 124 119  54  92  98 139  65  59  91 115 139
  101  70  61  96  81 126  61 135 122 140  58 142  60]
 [  0  92  50  78  72 125 126  86  89  73  87  87  57  71 107  70  88  91
   98  71  71  57  92  59  83  80  96 137  91 103 148 139  84 110  75 149
   64  51  56 146 111 108  81 106  84 128 112 145  67 111 138 121  88  90
   68  77  58  70  80  68 118 146  73  76  71  88 107  58 114  62 105 140
  126  91 138 125 106  53 148 148  99 115  72  63 125 150 133  76 146 106
  110 124  63 111  84 122 131 146  78 127 128  95  89  63 138  63  74  84
  110  51  61 107  64  70 121 141 119  77 111  90 126]
 [  0  53 112 107 112 125 139  75  98  93  69 141 148 144  74 142  84 147
   81  74 140 134 120 148  57 107 135 109 121  67 134 133  96  70 112  79
  148  85  68 110  65 147  66  82  61 146 107  58  90 140  60 136 125  99
  111 150 110  81 103 131 143 141 146 138  79 101  73  60 144 113 117  92
  123 107 130 118  90 125  65 108 123  54 131  76 140 142  75 101 126 147
   53 104  92 118 110 101  60 115  69 149  66  75 133 147  52 135  65 104
  134 132 100 119 139  98  93  91 143 106  97 122  95]
 [  0  55  54  61 118  91 120 144  55  54 144  79  67  90  50 144  83 108
   72  93 139  74 110 104 144 103  91 142  67 137 129 134 104 132 121 109
   96 124 141 131  66 142  54  63 134  76  98 148 131  87 135  78 131 120
  144  95 136  53 142  79  50  74 110 100  77  91 141 142  73 121 131  89
  132  71  71  64  51 102  90 149  97 116 138 103 104 125 111  82 102 142
   86  50  90  74 144 100  83 123  86  75 123 129  57  98 105  83  76 125
   73 105 124  81 135 125 148 121 128 103 140  61 147]
 [  0  57 136 147 144  96 122  95 113  83  78  98 123 140  78  59  61  53
   63  78 107  67 133 109  86 133 135 134  81 133 112 134  85 130 108  53
   50 128  56 136  55  76 120 111 149  94 131 126  91  94  69  99 112  84
  135 110  66  77 115 121 102  62 145 128  88  56 107 148 143  59  99 102
   96  57  95  68 112  88 125 146 129  81  64 137 127  67 132 145 117  80
   86 108  74 112 126  72 144  92 112 103  67  91 147  88  78 110  95 147
  138 111  55 103  97 118 111 148 101  71 143 113  62]
 [  0  91 113 124  83 136  98 107  99  92 117  57  71 126  68 143 115 132
  100  90  60  94  56 130  65  93  63  99 148  80 116  72 102  93  99  70
   50 105  83 129 137 145  86 114  92  66 137  74 112 112 119  89  83  94
  106  78 136  50  83  54 149  77  84 104 120  89 112  85  62 143 139 143
   89 127 120  83  71 130  55 135  74  51  54 147  99 138 113 131  50 125
  139 149  55  64 126 143  64 113 150 145  50 103 146 144  99 127  67 137
  109 132 131 107 135  66 119  86 148 140  81  92 146]]
setup_time
[[[0 0 4 3 1 5 2 4 1 4 2 1 3 1 5 4 3 0 5 3 4 2 2 3 4 2 3 0 0 1 0 2 5 1 1
   3 3 1 0 1 5 0 2 4 5 4 0 4 0 3 3 5 1 2 3 3 3 5 3 4 5 1 3 2 2 2 0 2 3 1
   4 1 0 5 5 5 1 2 4 3 4 1 1 4 5 2 1 0 0 0 1 1 5 2 3 1 5 2 0 2 4 0 4 5 2
   4 3 1 2 4 1 3 1 2 3 3 0 3 1 1 0]
  [0 0 2 0 2 4 1 2 5 5 4 0 0 3 0 5 1 5 2 2 3 0 4 3 3 5 4 3 3 1 2 4 0 0 2
   1 1 2 3 0 2 4 0 2 2 0 0 2 4 5 2 5 0 3 0 5 0 4 4 4 1 3 4 1 5 5 5 2 1 3
   5 4 2 1 3 1 5 0 5 0 5 3 1 2 5 0 0 5 0 5 3 2 2 2 1 3 5 3 2 3 4 0 1 1 1
   5 4 3 2 4 4 5 0 3 5 1 5 0 2 1 2]
  [0 0 0 3 2 2 5 0 1 3 4 4 0 2 0 1 0 0 3 4 1 1 2 0 4 3 3 1 5 2 0 1 0 3 0
   3 5 4 1 0 3 3 2 1 0 1 0 2 4 5 0 0 3 1 1 5 5 3 5 3 2 0 5 4 0 5 2 4 0 3
   4 2 0 2 2 2 2 2 4 0 1 2 1 2 0 0 1 1 5 1 0 0 4 5 1 2 1 1 3 2 0 2 5 3 4
   4 5 1 2 1 3 3 2 3 1 3 1 1 0 5 0]
  [0 3 2 0 1 3 3 0 3 0 2 1 3 1 5 3 0 1 1 0 3 5 0 4 0 5 2 3 5 0 2 3 5 4 5
   2 3 5 5 3 5 3 2 2 1 2 2 5 3 5 4 5 4 0 1 3 2 3 0 5 1 0 1 3 5 0 1 4 4 3
   0 2 3 0 4 3 3 4 1 0 0 0 4 2 2 4 4 3 4 2 0 3 3 4 1 3 0 5 4 4 0 3 1 3 3
   3 2 5 3 4 3 1 3 5 5 3 4 4 5 3 0]
  [0 0 3 4 0 5 1 2 3 2 5 0 3 2 3 5 0 2 1 3 4 0 0 2 2 2 2 2 1 4 5 2 2 4 3
   4 0 1 5 2 3 1 2 5 2 5 5 2 2 1 0 1 5 2 1 3 1 3 5 5 4 2 2 5 4 0 0 3 5 5
   2 1 0 1 1 2 2 5 2 5 5 1 5 1 5 3 4 5 4 4 3 3 3 4 2 3 2 5 5 1 4 3 0 5 4
   3 1 2 1 1 4 4 0 4 5 1 3 4 2 4 0]
  [0 3 4 3 0 0 5 0 0 2 3 0 2 3 1 5 4 4 1 1 2 2 1 1 2 5 0 4 4 1 0 4 3 3 2
   2 3 0 5 1 1 5 5 2 5 5 1 2 3 1 2 1 1 1 2 2 2 0 2 2 5 5 0 5 4 5 0 0 2 5
   0 0 5 1 5 3 5 4 0 4 2 1 0 4 2 0 2 1 1 3 5 3 4 4 4 5 0 1 3 0 2 5 3 1 3
   2 5 5 0 1 1 3 3 5 0 3 0 2 3 1 0]
  [0 1 4 1 0 1 0 3 2 1 0 1 5 4 5 5 1 3 5 2 3 0 4 4 3 5 4 0 0 1 3 3 3 3 3
   5 4 3 1 1 2 4 2 0 3 1 2 4 5 4 1 1 4 4 2 2 1 5 1 3 4 3 5 4 3 2 3 2 5 3
   2 4 1 3 4 1 2 1 5 4 1 4 0 5 2 5 3 0 5 0 1 5 3 3 2 1 5 3 3 3 0 4 2 1 1
   0 0 2 2 3 0 0 5 4 2 2 1 3 3 2 1]
  [0 5 0 2 2 4 0 0 1 1 1 5 3 2 1 3 0 2 0 1 4 1 5 4 0 0 2 4 1 4 4 1 2 4 0
   0 0 3 1 1 2 2 0 5 0 2 0 1 4 5 1 2 5 4 1 3 2 2 3 5 3 4 1 1 5 5 3 1 2 0
   3 5 4 4 1 4 0 0 4 2 0 1 1 4 5 3 3 2 3 4 0 1 2 5 5 4 4 4 5 1 4 4 4 2 3
   1 4 4 2 0 1 2 1 2 3 5 4 5 5 3 3]
  [0 4 0 4 5 0 3 3 0 1 2 0 5 1 2 3 0 4 0 1 5 4 4 2 5 3 4 4 2 3 1 5 2 2 0
   3 3 0 0 3 2 0 2 4 0 5 1 4 2 1 2 1 4 3 5 5 0 1 0 3 2 5 5 1 0 1 3 3 0 4
   0 2 2 3 1 3 0 2 4 3 4 2 4 2 0 3 1 3 4 0 3 5 5 3 1 0 5 1 5 5 2 5 3 1 4
   3 1 3 5 4 5 5 0 3 4 0 5 5 2 1 1]
  [0 0 0 3 0 4 1 2 1 0 2 5 3 0 5 5 2 2 0 0 1 5 0 2 4 3 5 4 4 1 5 1 3 3 5
   5 2 3 0 1 3 2 2 5 0 1 5 5 0 2 0 1 2 0 3 5 0 5 2 3 5 1 3 0 1 2 1 1 2 1
   0 2 0 4 2 0 1 1 0 0 1 0 3 3 3 3 5 5 3 1 5 3 1 2 0 0 2 0 2 2 5 3 4 2 2
   1 0 0 1 5 3 0 2 0 3 2 4 2 3 1 0]
  [0 5 0 3 1 4 3 2 5 5 0 2 1 5 3 2 2 1 1 2 0 5 1 1 2 0 1 2 5 2 2 3 1 5 4
   0 5 0 5 4 4 5 2 1 4 4 3 1 0 4 5 5 3 2 4 5 5 1 1 4 1 1 0 5 5 0 4 5 5 3
   2 5 4 4 3 2 1 1 3 4 1 4 3 0 4 0 4 1 1 5 0 5 3 5 2 1 4 5 2 2 4 1 1 0 0
   1 4 0 4 5 4 5 1 5 1 1 0 4 3 3 5]
  [0 4 3 1 5 4 4 0 4 2 1 0 1 4 5 1 1 1 1 4 1 1 1 3 2 0 1 2 3 2 5 5 5 4 2
   1 5 5 1 5 2 4 5 3 2 5 3 4 1 3 0 1 3 2 2 0 5 0 1 4 0 5 5 2 2 1 2 0 2 4
   0 4 5 3 3 2 2 0 0 0 0 4 3 5 5 2 0 5 5 2 5 2 5 5 1 3 0 3 5 5 3 2 5 1 4
   3 4 1 2 0 5 1 1 4 4 0 5 3 4 5 3]
  [0 3 1 5 2 3 0 5 1 4 1 5 0 0 5 3 1 4 4 4 5 5 2 4 5 3 2 1 2 2 5 0 5 2 3
   2 0 2 4 5 2 3 3 2 0 4 3 1 2 4 1 3 2 2 2 4 3 1 3 3 5 2 2 3 5 5 0 3 3 2
   1 0 5 4 2 2 3 5 0 0 2 0 4 0 2 5 0 0 2 0 0 0 2 1 4 1 0 4 1 2 2 0 2 5 5
   4 1 1 3 3 2 2 0 5 3 2 1 4 4 2 5]
  [0 0 2 1 5 0 4 5 5 4 2 4 5 0 1 5 0 2 1 0 3 4 4 4 4 0 2 5 1 0 5 5 2 1 3
   2 5 1 2 1 4 4 2 3 4 5 0 5 0 2 4 2 5 2 0 0 5 5 3 4 0 1 2 3 2 3 5 2 4 0
   1 3 1 5 5 2 3 2 5 2 0 5 1 1 2 2 2 1 5 2 1 5 1 5 4 4 4 1 5 2 3 3 1 5 0
   3 0 0 3 5 0 3 3 5 0 0 5 2 0 1 4]
  [0 0 5 5 2 4 0 0 4 2 4 3 5 4 0 4 0 0 4 5 1 4 5 3 1 5 3 2 4 2 5 1 0 5 3
   5 2 5 5 4 3 4 3 4 0 3 2 3 0 4 4 3 4 1 3 1 2 0 4 4 3 4 4 5 5 1 0 3 2 1
   5 3 1 2 5 4 0 0 1 1 0 5 4 2 3 5 2 2 2 1 5 4 3 2 4 3 1 4 5 5 5 3 2 4 5
   4 3 5 2 5 4 4 1 0 4 5 0 1 2 1 3]
  [0 1 1 0 3 2 1 2 4 4 5 3 1 1 0 0 3 0 2 1 2 2 1 0 0 2 2 1 2 0 2 1 1 3 2
   4 0 4 2 4 2 0 0 1 4 4 4 5 1 2 5 5 0 2 3 0 1 4 5 5 2 1 4 5 3 3 0 1 2 5
   3 1 5 2 5 0 2 2 5 3 4 1 4 2 5 1 5 5 3 1 2 4 1 3 0 1 2 4 0 1 2 0 0 5 2
   3 0 0 0 1 2 1 2 2 3 4 1 5 2 1 4]
  [0 3 1 1 1 3 0 2 0 0 5 5 0 0 0 4 0 5 1 4 3 0 5 0 3 5 1 2 2 2 0 0 3 0 2
   5 0 1 4 5 0 3 0 2 5 3 0 2 2 4 3 5 1 2 5 4 2 4 2 3 0 5 2 3 0 2 5 4 1 1
   1 5 2 1 4 5 1 3 4 4 4 2 1 4 0 2 0 5 3 2 3 2 1 3 4 5 1 3 0 0 1 2 5 1 3
   5 4 1 4 1 0 4 1 5 3 3 4 3 1 4 4]
  [0 1 4 4 2 4 1 4 2 5 1 3 5 4 5 5 3 0 0 5 3 4 5 1 0 1 3 4 0 2 4 1 5 4 1
   1 4 2 2 2 3 4 3 5 5 0 3 2 1 4 1 0 0 1 1 3 5 3 4 1 4 2 5 1 5 1 3 1 0 1
   2 5 3 0 0 2 5 1 0 0 0 2 3 1 0 5 4 2 3 3 0 3 5 2 2 2 0 1 2 3 3 5 3 1 5
   5 3 1 4 4 4 4 5 2 5 0 0 5 0 4 2]
  [0 4 0 0 5 5 5 2 5 5 2 2 2 3 0 5 4 4 0 1 5 2 3 0 0 1 4 5 0 1 2 5 4 1 4
   1 1 2 4 1 5 4 2 0 3 1 5 4 5 0 5 0 0 2 0 1 4 2 0 1 0 3 3 0 5 0 3 0 1 0
   5 5 3 4 1 1 4 2 0 0 4 2 0 5 0 1 1 5 0 0 5 5 1 1 2 2 4 4 0 1 5 2 3 1 0
   5 4 5 3 4 5 3 2 4 0 0 5 4 0 2 5]
  [0 1 4 3 1 2 5 2 4 2 2 3 5 3 3 0 4 3 0 0 3 3 4 3 4 0 0 1 0 1 3 3 0 4 2
   1 5 3 2 0 5 0 2 1 3 3 1 3 0 5 1 1 0 0 3 3 0 0 4 5 1 0 3 1 2 4 3 5 3 2
   1 4 5 2 2 4 2 4 0 0 0 4 2 0 3 2 1 0 4 3 3 1 2 3 0 3 5 4 4 3 4 5 2 1 4
   4 1 5 0 2 2 1 3 4 2 5 3 0 4 3 4]
  [0 0 1 2 3 5 2 2 5 5 2 5 2 0 3 2 4 2 0 3 0 4 3 0 1 2 3 1 3 0 2 4 5 4 1
   0 1 5 2 5 1 5 3 0 2 2 3 3 5 3 4 3 4 4 4 5 1 2 2 3 0 5 2 5 5 3 0 2 3 3
   2 2 2 4 1 5 4 0 4 4 4 2 5 5 2 1 1 4 4 0 0 5 1 4 1 2 5 1 1 1 3 5 1 5 3
   1 5 5 0 5 5 1 3 3 1 5 4 0 3 5 2]
  [0 1 3 5 1 5 3 5 2 0 2 4 4 3 5 4 5 2 5 1 2 0 0 5 5 5 0 2 2 5 2 5 5 1 5
   4 3 5 4 0 0 2 2 3 5 1 1 3 1 1 1 2 1 5 0 1 1 5 5 5 5 2 1 3 3 0 3 0 2 3
   0 1 1 3 5 2 4 0 3 5 5 5 4 4 4 3 1 3 4 1 4 2 0 4 1 5 5 1 2 3 2 3 1 5 4
   1 5 1 2 5 4 3 2 0 3 1 1 2 5 3 5]
  [0 2 1 1 2 4 0 3 3 1 5 3 1 2 4 3 2 2 0 4 2 4 0 5 4 2 1 1 5 2 1 0 3 3 5
   3 0 5 4 1 5 2 3 3 5 2 2 0 3 5 4 5 5 3 5 3 1 5 1 0 1 0 0 4 0 0 0 1 2 0
   0 0 5 5 5 2 2 3 1 3 1 3 2 3 4 1 0 5 2 1 5 4 2 3 3 1 3 0 3 4 3 4 1 1 0
   5 1 3 4 2 4 5 3 0 4 5 2 2 2 0 5]
  [0 5 1 4 0 2 5 5 1 1 5 1 0 4 3 1 5 1 2 2 1 0 4 0 2 2 0 0 2 5 1 4 5 0 3
   4 4 0 3 4 3 5 2 1 1 5 2 3 3 3 3 2 2 3 1 5 5 0 3 4 5 1 2 1 2 0 5 3 1 4
   0 1 0 5 2 2 1 3 5 1 2 5 3 0 5 2 3 4 1 4 1 4 0 3 3 0 0 0 5 2 4 4 0 2 1
   0 1 2 5 4 4 2 1 1 5 4 0 2 3 0 3]
  [0 3 5 1 5 5 3 1 5 0 0 3 3 1 4 1 3 1 0 4 4 3 3 3 0 3 0 5 4 0 1 4 5 1 2
   1 2 5 3 2 0 0 5 0 4 0 0 2 4 2 5 2 2 4 3 1 1 4 2 0 5 4 4 4 1 5 4 0 2 4
   3 2 2 1 4 1 0 0 3 4 0 5 4 2 2 5 1 5 3 5 1 5 3 0 4 4 5 1 5 1 0 5 5 3 2
   1 3 0 0 3 0 5 3 4 3 0 5 2 4 1 0]
  [0 1 5 1 1 5 3 0 3 2 1 0 0 4 3 0 0 3 1 5 0 3 3 4 5 0 2 5 1 5 2 0 5 4 4
   0 1 2 4 0 5 2 3 2 0 0 2 2 3 3 3 0 3 0 5 0 1 3 4 3 2 3 3 1 2 5 2 4 5 5
   4 1 5 1 4 3 4 3 1 3 2 0 2 0 1 5 1 5 4 2 5 0 0 3 2 3 0 0 2 3 3 4 4 1 3
   1 4 3 5 4 5 1 3 5 4 5 5 2 2 0 2]
  [0 5 3 3 5 4 5 0 4 2 0 5 5 0 0 4 0 1 5 4 1 2 4 5 2 4 0 0 1 1 2 0 4 5 2
   0 0 5 1 0 5 5 0 5 5 5 0 1 1 1 4 2 4 2 5 3 0 5 2 0 5 5 4 4 0 3 4 0 2 5
   2 0 2 4 3 2 3 1 4 1 3 2 0 5 3 4 3 1 2 3 3 3 1 1 5 1 0 3 3 2 5 0 1 1 0
   0 2 5 3 1 1 3 1 5 2 1 1 2 2 3 5]
  [0 3 4 2 0 5 2 5 1 4 3 5 5 3 5 2 5 5 3 4 2 5 3 0 3 4 5 0 0 0 3 2 3 4 0
   2 4 0 2 0 5 2 2 1 4 3 5 0 2 0 2 2 0 3 3 1 2 3 2 1 1 3 5 2 3 5 1 2 2 5
   0 2 4 5 1 0 4 5 5 5 1 2 0 0 5 1 1 2 2 2 3 0 0 1 5 4 0 5 1 0 3 2 0 1 3
   1 0 0 1 5 5 4 3 4 4 4 5 5 1 0 3]
  [0 3 5 5 3 5 2 5 2 4 0 1 4 1 0 5 3 2 5 5 2 3 0 0 4 4 1 0 0 0 3 1 5 5 4
   5 0 1 0 3 0 2 2 4 3 2 0 1 5 0 3 5 3 5 2 2 5 3 0 0 0 3 3 4 2 4 0 1 4 4
   1 4 1 1 3 5 5 1 3 3 0 0 2 5 4 1 0 0 3 1 1 1 2 4 3 5 3 2 3 4 1 4 2 1 1
   3 4 0 0 4 2 4 5 2 5 0 3 0 1 1 0]
  [0 1 3 3 3 1 2 2 3 5 4 5 1 0 4 2 4 5 0 2 3 2 0 4 4 5 2 4 5 0 1 0 4 2 3
   2 3 3 0 0 4 5 1 1 1 3 0 3 2 4 1 2 5 4 2 2 0 5 1 3 4 1 5 2 3 4 0 5 3 5
   4 4 4 4 3 4 2 4 2 0 3 5 0 3 0 3 2 2 3 1 4 2 0 3 2 4 2 2 5 0 5 4 4 3 1
   3 1 1 3 5 5 1 4 0 3 3 5 5 1 2 0]
  [0 4 3 1 0 4 5 1 1 1 0 0 5 2 3 4 1 3 5 2 1 0 3 4 5 2 5 4 4 0 0 3 4 0 3
   0 5 4 2 3 0 2 5 1 4 2 4 2 3 3 5 2 1 5 2 2 2 5 3 1 2 4 3 5 3 2 0 0 4 3
   5 2 1 4 0 4 4 2 3 4 5 2 0 1 1 4 0 2 2 3 3 0 3 5 5 1 4 5 2 2 4 4 1 0 1
   3 1 3 4 5 0 4 3 3 5 5 2 0 4 1 0]
  [0 1 4 4 4 5 5 3 4 3 3 4 1 3 4 5 2 5 1 1 5 0 1 4 3 2 0 4 4 1 1 0 1 5 2
   3 2 2 3 3 2 0 3 3 0 5 5 3 0 5 4 3 1 4 5 4 2 4 2 4 2 2 5 4 4 2 3 5 2 2
   0 1 0 0 4 1 0 1 5 3 4 5 3 5 5 4 3 0 0 2 5 2 0 4 2 2 4 5 4 2 3 0 1 2 0
   4 2 2 5 5 1 3 0 5 3 0 3 1 2 5 3]
  [0 2 2 2 4 2 5 5 1 3 2 0 2 4 0 3 5 3 4 0 5 0 1 4 5 1 0 2 2 4 0 5 0 1 1
   5 3 0 2 1 0 5 1 5 1 5 0 2 1 4 3 4 0 3 2 2 3 3 1 2 2 0 2 2 0 1 2 4 2 5
   4 1 5 3 2 5 3 2 5 4 3 1 5 4 4 5 4 2 2 4 5 3 2 5 2 2 5 5 3 1 4 1 0 4 3
   5 5 4 2 2 4 3 2 3 3 2 5 2 4 2 3]
  [0 3 5 4 0 5 5 1 2 0 3 2 0 3 1 5 4 3 2 3 2 3 2 0 5 1 1 3 2 2 5 3 4 0 5
   4 4 2 5 0 2 5 4 4 3 3 5 4 0 5 5 1 0 2 1 2 3 4 4 5 4 5 4 5 3 5 1 0 4 3
   2 2 3 3 3 1 2 0 0 5 4 5 4 1 1 2 1 1 4 5 5 0 3 1 1 0 5 5 1 4 5 4 1 1 2
   3 4 0 2 4 2 5 5 2 4 2 5 2 3 0 1]
  [0 5 3 1 1 1 5 4 4 3 1 5 1 0 5 2 5 1 0 4 1 3 3 2 4 1 1 1 1 1 0 0 1 2 0
   1 4 1 1 0 2 2 3 4 0 2 0 1 0 3 5 5 3 3 0 0 1 3 2 0 3 1 0 0 5 4 0 3 0 1
   2 5 4 3 5 4 2 3 5 5 0 0 5 5 4 0 4 3 5 0 0 1 4 5 2 3 1 0 3 1 4 4 5 1 3
   5 3 4 5 2 0 3 0 4 4 4 0 1 3 2 1]
  [0 5 1 4 4 5 0 0 0 5 1 0 4 4 0 5 2 4 0 1 3 2 3 0 4 5 1 4 2 1 2 1 0 3 2
   0 4 1 4 5 5 3 2 0 2 3 3 1 1 0 0 2 3 3 5 3 3 2 4 0 1 0 0 3 3 5 5 3 5 0
   2 4 0 1 3 1 1 3 5 4 4 3 4 0 4 4 4 5 4 0 2 1 2 3 5 0 2 1 2 0 4 1 2 4 0
   4 0 4 1 4 5 3 5 5 1 2 0 1 1 2 1]
  [0 0 0 2 0 4 2 2 3 0 4 2 1 0 2 0 4 0 4 3 3 2 3 3 0 4 4 5 1 5 5 2 2 2 1
   1 0 4 0 5 5 4 2 2 4 0 5 5 1 0 0 5 1 4 0 5 0 3 0 4 2 1 0 1 5 2 3 4 5 4
   4 3 0 5 2 0 2 4 4 5 1 2 4 1 5 1 0 4 2 0 2 1 2 4 1 3 0 0 3 4 3 4 1 2 5
   4 3 3 5 1 5 0 1 5 0 5 5 5 4 1 5]
  [0 0 2 1 3 4 4 2 2 3 5 3 3 3 3 3 5 1 4 0 4 4 1 2 0 5 5 2 4 2 4 2 5 4 0
   3 5 0 2 3 5 4 1 5 3 1 3 5 2 4 1 2 5 3 1 4 2 4 4 3 2 1 1 2 0 3 4 3 3 4
   1 1 3 1 1 4 5 0 5 5 3 0 4 1 4 4 3 3 1 1 1 4 0 1 0 1 2 5 1 5 2 4 5 2 3
   5 4 3 2 4 3 1 1 5 4 3 5 5 1 1 0]
  [0 0 4 4 5 3 3 4 0 2 5 1 4 2 2 1 2 3 4 0 3 0 4 3 2 1 4 3 2 2 3 2 2 4 2
   2 4 2 0 4 3 1 5 2 1 4 4 0 3 1 0 1 4 0 5 1 5 1 1 1 1 4 3 0 3 0 3 3 0 0
   2 0 5 0 5 1 3 0 0 5 1 4 3 4 3 2 0 5 3 1 1 1 5 1 1 1 3 0 1 5 1 5 4 4 1
   5 0 1 1 3 4 3 3 2 1 1 0 5 1 3 0]
  [0 4 2 0 1 2 2 4 1 5 3 1 4 2 3 5 1 2 4 2 0 1 4 3 4 4 4 3 2 1 0 1 4 0 5
   1 3 2 3 0 3 2 4 2 2 3 3 3 4 4 4 0 0 5 2 4 4 3 3 5 1 3 5 4 3 0 5 4 3 3
   4 2 0 0 4 0 2 3 5 5 3 5 1 0 0 0 4 0 4 1 4 5 0 5 3 0 1 0 0 5 1 4 1 2 5
   2 5 3 1 1 0 1 4 4 2 1 0 4 4 5 0]
  [0 4 5 4 0 0 5 4 1 4 0 5 5 0 2 3 2 5 3 3 1 0 1 0 3 3 4 2 4 2 0 3 1 3 0
   5 5 2 1 2 0 2 4 0 5 3 3 1 4 4 1 2 4 5 5 3 4 3 1 1 5 5 4 3 3 0 1 4 1 1
   0 3 3 5 5 4 4 4 1 1 5 4 1 1 0 3 2 1 1 1 0 4 1 3 3 4 5 1 1 1 3 0 1 4 3
   2 3 1 3 4 5 5 3 0 0 1 4 1 2 0 3]
  [0 2 5 5 1 0 4 3 5 5 4 1 1 4 4 5 4 2 2 4 4 5 3 5 0 0 1 0 5 5 5 2 0 3 5
   2 2 0 3 4 5 0 4 1 0 3 4 1 1 1 3 2 5 5 1 1 5 3 0 2 4 1 4 3 4 4 0 4 3 0
   0 0 2 3 0 0 1 5 5 0 4 5 5 5 1 5 2 2 1 5 4 3 5 1 3 0 4 4 0 3 4 0 0 4 0
   1 0 0 2 4 3 5 5 0 3 0 0 2 5 3 0]
  [0 4 2 4 5 5 1 5 5 3 4 3 1 3 2 5 5 2 4 2 5 1 1 2 3 2 0 4 3 4 3 3 4 5 5
   0 2 2 2 0 1 2 0 2 3 2 5 0 5 4 0 5 4 3 3 1 0 0 5 0 3 1 1 4 0 5 0 3 4 0
   2 1 3 5 4 5 2 5 1 2 0 2 5 0 2 4 4 0 4 0 2 4 2 1 1 3 4 2 5 3 1 2 5 2 2
   5 0 0 4 0 5 3 4 2 1 5 0 5 2 2 3]
  [0 2 4 3 4 1 2 1 5 1 1 0 4 5 1 4 0 0 4 3 2 5 3 1 5 3 1 0 4 3 2 0 0 2 5
   5 4 1 3 3 0 2 1 0 1 4 3 4 1 1 0 5 4 0 2 3 3 4 1 1 3 5 2 4 5 2 3 1 4 3
   3 3 4 4 0 3 0 1 3 4 3 0 1 3 1 5 1 4 4 5 4 3 4 3 3 1 0 3 5 3 4 0 3 3 5
   0 1 1 1 0 1 2 0 1 3 2 4 0 3 2 3]
  [0 4 1 2 2 0 5 5 0 0 5 2 0 1 2 3 5 0 1 1 5 5 2 2 2 4 2 1 4 2 3 4 0 1 1
   3 4 0 2 0 1 5 3 3 0 2 1 3 3 4 2 4 3 0 4 3 2 3 4 2 1 1 4 0 2 5 1 1 0 3
   5 3 3 3 5 3 2 4 1 2 5 2 3 5 0 0 4 5 1 0 1 0 3 2 3 0 3 5 3 4 0 1 2 4 2
   0 0 4 0 4 4 2 4 0 5 1 5 0 4 3 4]
  [0 0 0 2 0 1 3 1 0 3 1 5 0 0 2 2 3 0 5 5 4 1 3 1 2 5 2 1 3 4 0 5 4 4 1
   1 5 3 0 4 5 5 1 2 5 0 3 0 3 1 0 3 3 3 5 5 5 2 3 5 4 4 1 1 2 1 1 2 4 3
   3 5 3 2 2 2 0 1 0 5 2 0 2 0 3 5 5 2 0 4 5 3 2 0 0 4 1 0 2 2 2 4 4 5 4
   3 4 5 1 1 3 4 1 4 5 0 2 1 5 4 4]
  [0 3 3 4 1 1 5 2 0 4 4 0 2 4 0 5 3 5 1 3 4 4 1 1 3 4 1 3 5 3 0 0 5 3 1
   3 4 5 3 2 3 5 0 4 0 2 0 2 0 4 5 2 0 2 1 1 1 1 4 5 1 4 4 4 3 0 0 2 2 1
   4 1 0 1 1 0 2 3 4 0 2 5 1 2 3 2 5 5 2 5 0 2 3 1 2 5 4 1 1 4 5 2 4 1 0
   0 2 1 1 2 3 5 0 4 1 3 3 0 5 3 1]
  [0 2 2 4 3 0 0 0 3 2 3 4 4 4 4 0 5 5 4 2 0 5 4 1 5 0 3 3 5 5 1 0 0 1 3
   3 3 2 2 0 2 1 5 5 0 5 0 0 4 1 1 2 3 3 1 1 3 3 2 2 0 1 4 0 4 0 3 4 2 3
   3 3 5 3 1 2 1 5 3 5 3 2 5 5 1 4 3 4 2 4 1 4 5 4 1 3 5 4 2 1 0 2 0 2 4
   0 5 3 2 1 3 4 4 0 5 2 5 2 1 5 5]
  [0 4 2 3 2 2 4 4 3 5 2 3 4 3 1 1 4 3 4 0 1 2 4 0 1 3 0 1 5 0 2 4 1 1 1
   5 4 4 2 5 0 1 1 4 1 0 3 0 0 0 4 4 0 4 0 0 4 4 1 5 3 1 2 4 2 2 4 5 3 0
   2 2 3 1 3 2 3 1 2 4 4 2 2 2 3 1 5 1 4 0 0 3 0 2 5 5 1 0 3 0 4 2 1 1 3
   3 5 5 5 1 2 3 5 1 5 4 1 5 0 3 4]
  [0 4 1 0 4 0 2 2 1 3 0 4 2 3 0 2 2 0 3 3 3 1 2 3 2 4 1 4 1 0 1 1 2 0 3
   0 4 3 3 1 4 0 2 3 2 0 3 1 3 0 2 0 0 3 2 2 0 0 2 0 0 1 5 5 1 1 2 5 3 5
   3 1 3 2 4 4 4 1 1 0 0 3 3 2 3 0 1 0 3 3 4 2 4 3 4 4 1 1 0 4 4 3 4 0 2
   3 4 3 4 2 0 2 4 2 3 0 5 5 0 3 4]
  [0 2 1 3 4 4 5 3 0 5 3 3 2 0 5 5 2 4 4 5 0 5 2 5 0 2 0 1 3 3 2 0 0 4 4
   0 2 4 5 1 5 1 1 0 3 2 2 1 1 5 0 0 2 5 3 0 2 4 1 0 1 4 3 4 2 1 4 0 5 2
   1 1 5 1 2 1 2 5 3 4 4 4 2 2 1 5 4 3 2 4 0 4 0 3 4 3 0 5 0 1 3 5 2 0 4
   3 4 2 3 1 1 3 1 5 4 4 3 1 0 3 3]
  [0 2 1 0 5 3 4 1 3 2 4 1 4 3 1 4 1 2 5 1 0 5 5 2 3 3 0 4 5 3 4 2 4 1 0
   4 0 4 3 4 4 5 4 4 0 5 2 1 0 5 1 0 2 2 1 3 1 3 5 0 4 1 4 4 5 5 2 1 4 5
   1 5 4 2 2 2 2 2 5 0 1 4 4 0 1 4 2 3 2 2 2 1 5 0 2 4 5 0 3 2 5 0 1 5 5
   4 2 1 1 0 0 2 4 1 3 4 5 3 4 3 4]
  [0 1 0 2 2 3 2 2 4 5 2 2 1 4 3 0 2 5 4 4 1 2 2 0 5 0 1 5 2 3 2 5 4 2 1
   5 4 2 5 4 2 4 3 5 0 3 4 3 3 1 2 5 0 2 0 1 3 0 0 0 3 2 4 3 3 2 4 5 5 3
   1 3 4 4 1 4 1 4 1 1 2 1 5 1 2 5 1 2 5 5 4 2 4 0 3 2 5 1 1 0 5 2 1 5 5
   4 2 0 2 2 2 4 3 1 3 3 1 3 2 1 5]
  [0 3 2 5 5 1 3 3 1 2 0 1 2 2 5 4 3 1 3 1 1 3 3 0 3 2 2 1 5 4 2 3 4 4 2
   5 3 5 2 2 2 5 1 0 1 2 1 4 4 1 2 0 1 0 5 4 1 3 3 1 4 1 2 5 5 0 3 3 1 5
   5 2 4 5 1 2 3 5 1 2 4 2 3 0 2 5 4 2 5 3 4 3 2 4 1 5 4 5 3 1 1 0 4 3 4
   4 0 5 4 2 5 5 1 5 1 2 4 2 0 1 4]
  [0 4 4 3 3 1 5 2 3 2 5 3 3 1 5 0 1 1 0 1 3 3 3 0 4 0 1 1 3 0 5 5 0 4 2
   0 1 2 5 1 0 0 0 2 4 2 1 5 3 0 5 5 5 3 0 4 2 0 3 4 2 5 4 4 2 5 3 5 0 0
   4 5 5 0 5 1 5 0 5 1 1 2 3 1 4 3 0 3 4 0 2 4 4 1 1 4 4 1 1 5 5 5 5 5 4
   5 4 3 4 2 1 1 2 5 5 0 4 1 4 4 0]
  [0 1 0 0 1 4 4 0 0 0 3 0 1 3 5 5 0 0 5 0 3 5 2 1 1 3 0 2 0 2 5 1 3 5 3
   4 5 0 5 2 5 4 2 1 1 3 0 5 4 0 4 0 4 4 4 0 1 2 2 1 1 5 1 2 4 5 5 5 5 5
   4 0 5 3 0 1 5 5 2 4 5 2 2 2 3 5 2 0 4 0 2 0 4 0 0 2 0 0 4 0 5 2 5 0 5
   3 2 0 5 3 0 2 1 4 3 4 1 2 3 2 4]
  [0 2 5 4 0 2 0 4 2 2 2 0 2 0 3 5 3 5 3 1 5 5 4 4 4 5 0 5 5 3 5 2 4 2 1
   5 0 5 0 0 3 2 5 1 0 0 1 1 1 2 0 1 5 3 2 5 0 1 5 5 0 3 4 0 3 2 5 2 2 1
   3 3 1 3 2 1 1 3 0 0 3 2 4 5 2 5 1 2 0 5 4 1 2 2 4 3 5 3 4 5 3 4 1 2 0
   4 0 0 0 5 1 0 2 5 4 0 2 0 0 1 2]
  [0 4 2 2 5 1 2 3 1 4 5 1 1 4 0 4 1 2 0 4 5 4 3 0 1 2 2 4 1 2 4 2 5 5 4
   5 1 5 2 5 4 0 0 5 5 3 2 4 1 4 1 5 2 1 3 5 0 0 2 5 2 4 1 2 1 4 3 2 5 5
   2 2 1 2 3 4 1 2 3 4 2 2 3 3 5 3 4 0 0 4 5 0 0 4 3 2 2 4 5 4 5 4 0 4 4
   2 4 0 2 4 3 0 5 3 0 0 3 5 5 5 4]
  [0 1 3 2 5 0 1 0 3 4 1 4 5 1 1 5 2 4 4 0 1 5 2 3 2 1 2 3 1 4 5 2 2 3 5
   5 0 2 3 2 3 5 4 3 2 2 4 1 4 4 4 4 2 1 4 2 1 2 0 0 4 0 3 4 0 4 3 4 2 4
   5 5 0 2 1 1 2 5 4 4 5 3 3 4 4 1 3 3 5 2 2 4 5 0 4 5 5 5 2 0 0 1 3 5 2
   5 1 1 3 2 2 2 3 3 5 4 2 3 1 5 5]
  [0 1 1 5 5 2 5 2 4 0 2 2 1 3 5 5 5 3 4 3 1 1 5 4 5 3 0 4 5 1 3 5 5 3 0
   5 5 3 0 5 4 1 2 0 2 3 4 2 3 2 5 4 0 3 3 2 4 3 4 0 5 3 1 2 1 1 4 0 2 5
   3 5 4 4 0 0 4 5 5 1 4 5 2 3 0 4 0 0 3 4 3 2 1 2 1 5 5 5 1 2 5 5 4 2 5
   1 1 5 1 4 0 4 3 5 1 1 4 5 0 0 3]
  [0 3 5 2 3 4 4 2 1 3 5 0 3 0 0 2 0 3 2 1 4 5 5 0 1 2 1 5 4 3 0 5 4 5 5
   0 4 1 0 3 1 0 4 4 1 1 0 5 1 5 4 0 0 1 4 3 3 2 4 2 0 4 5 2 2 1 2 4 0 1
   5 4 1 5 1 0 0 5 1 0 1 1 3 2 3 1 1 4 5 5 3 1 4 5 4 4 3 5 3 2 1 0 4 2 4
   1 2 5 2 0 0 0 3 2 4 0 3 4 3 3 0]
  [0 3 4 0 0 1 0 3 1 1 2 2 0 2 2 2 0 3 4 2 4 5 0 5 4 4 4 1 0 5 0 5 2 4 3
   1 0 3 2 3 3 2 2 4 1 1 5 3 3 5 4 3 2 3 5 4 1 0 0 3 4 0 4 2 4 1 3 4 0 2
   1 1 3 2 1 3 2 0 0 0 0 0 3 3 3 2 5 2 0 4 4 1 2 5 0 5 2 5 3 2 0 2 4 0 4
   5 3 5 4 0 4 1 0 0 2 5 0 2 3 5 3]
  [0 4 2 0 0 4 5 4 5 3 0 3 2 4 0 3 2 2 0 3 5 4 1 0 0 3 3 1 0 3 3 1 0 4 5
   2 3 1 2 1 3 2 0 3 0 0 5 3 1 2 3 5 2 3 2 3 0 4 5 4 0 3 0 2 4 2 1 3 0 1
   1 3 3 1 1 2 4 2 5 0 0 1 0 5 1 1 5 4 0 4 1 2 1 5 1 4 4 5 0 5 4 2 0 4 1
   0 2 4 5 1 3 1 1 1 2 0 4 0 2 3 4]
  [0 4 1 1 0 4 3 0 2 4 1 3 5 4 3 2 0 4 5 1 1 3 4 4 1 5 0 5 5 2 4 0 4 2 0
   3 0 5 0 0 0 1 5 0 3 0 1 0 4 1 5 4 1 2 4 5 4 0 3 5 0 2 0 0 4 1 5 0 4 0
   0 2 1 2 1 4 5 2 4 0 5 0 1 5 5 0 2 0 3 0 1 2 3 5 4 1 4 5 4 3 2 1 2 1 1
   2 5 0 5 2 5 0 1 0 1 4 2 2 5 0 5]
  [0 3 5 3 0 5 4 4 2 5 4 3 1 4 1 2 4 5 5 1 2 3 3 0 5 3 4 4 0 4 3 1 0 1 3
   2 0 5 2 3 2 4 2 2 3 0 0 4 4 3 3 4 3 3 0 0 4 5 2 5 5 4 3 1 0 5 4 2 5 5
   4 1 2 1 0 3 4 5 0 2 1 1 4 3 4 4 3 4 4 0 0 0 4 5 5 3 1 5 2 0 1 1 4 5 3
   1 3 2 1 1 4 4 0 2 2 4 4 0 2 1 5]
  [0 4 1 1 3 5 5 5 2 5 2 3 4 3 5 2 0 3 4 0 5 1 1 4 4 4 4 3 1 4 5 0 4 0 1
   1 0 3 0 1 1 0 5 1 5 4 4 2 2 5 2 3 3 5 3 0 3 2 4 0 5 3 3 5 2 0 3 1 5 5
   1 1 5 3 5 5 5 4 2 2 1 5 4 1 0 2 2 2 2 3 3 1 0 2 3 5 0 5 5 1 0 3 2 1 5
   3 0 2 1 1 1 3 5 4 2 0 4 5 5 0 2]
  [0 5 1 4 2 5 4 4 5 1 0 0 0 1 2 5 3 3 2 0 3 2 4 5 5 5 1 4 0 4 2 2 0 0 4
   5 4 1 5 5 5 1 0 2 0 0 5 5 5 4 4 3 1 5 1 3 5 5 5 4 3 4 5 4 4 1 0 3 4 2
   3 2 3 5 2 2 1 5 1 1 3 1 2 1 0 5 0 1 5 3 1 5 5 2 3 1 0 2 2 3 4 3 0 4 5
   3 0 5 4 2 0 3 0 2 0 0 3 1 5 1 4]
  [0 3 3 0 0 4 4 4 3 1 3 3 1 4 3 0 1 5 0 0 2 2 4 0 4 3 3 5 3 0 2 2 4 4 2
   2 3 3 3 2 1 5 0 3 3 5 1 2 5 3 3 2 1 1 5 0 0 2 0 4 1 0 1 0 2 3 1 0 3 0
   0 5 1 0 2 5 1 4 5 5 2 1 3 4 5 1 4 1 1 0 1 4 0 2 4 2 4 4 2 3 3 0 0 5 1
   0 2 5 5 3 2 2 3 1 3 4 4 3 4 2 5]
  [0 5 1 0 0 3 5 1 2 5 5 1 1 1 3 0 4 0 1 5 2 4 4 1 4 3 2 3 4 0 2 3 5 3 2
   0 5 1 1 2 5 5 3 2 3 3 4 5 1 5 3 3 3 2 4 4 1 4 3 2 3 1 4 2 2 5 2 4 0 1
   0 0 0 0 1 3 0 3 3 4 2 3 4 0 0 3 4 2 5 0 1 4 2 1 1 0 0 3 5 0 3 4 4 4 0
   3 0 1 5 3 0 3 1 2 0 3 4 2 2 2 1]
  [0 4 1 0 5 0 2 3 5 3 3 5 1 5 3 1 1 4 2 0 5 1 0 2 2 3 1 1 5 5 4 0 5 2 5
   2 4 2 4 1 2 4 0 2 5 1 2 1 0 3 3 2 3 0 4 4 2 2 0 4 5 3 1 3 1 4 0 0 2 0
   4 0 0 5 1 5 2 4 0 5 2 5 4 0 5 1 2 1 2 4 0 5 0 5 2 2 4 3 5 2 4 5 1 5 0
   0 4 3 3 2 1 0 0 2 2 5 2 0 2 2 3]
  [0 5 0 5 0 2 5 1 3 0 0 0 2 4 3 1 0 3 2 2 2 5 4 0 5 3 5 2 5 1 1 0 2 4 0
   4 4 3 2 3 0 3 3 4 4 5 5 0 2 4 1 4 1 0 4 4 1 1 1 5 1 2 2 4 1 2 0 5 5 4
   0 1 1 4 5 5 5 0 2 4 2 2 1 0 4 2 4 5 5 3 0 0 5 4 4 4 4 2 1 2 5 4 5 4 5
   1 3 3 3 0 2 5 5 4 5 1 5 3 1 2 5]
  [0 0 0 0 2 3 5 2 4 2 4 2 1 1 4 0 5 2 0 5 4 4 1 5 4 4 2 4 1 3 3 4 5 0 0
   2 4 2 2 5 0 4 2 0 5 2 4 2 5 4 3 3 5 4 4 2 2 1 0 5 4 5 0 1 5 4 3 3 4 5
   0 0 0 5 5 3 4 0 2 1 2 5 4 0 5 3 2 3 1 3 5 3 4 3 0 0 5 4 5 4 4 4 0 3 1
   5 2 2 0 2 5 0 4 0 4 5 1 0 3 4 5]
  [0 3 1 2 1 4 3 0 2 4 0 0 5 3 2 3 1 5 0 3 0 5 1 3 3 1 2 2 5 0 2 2 1 4 1
   5 0 5 5 0 2 5 1 1 0 1 5 3 2 0 4 0 2 0 2 4 2 3 1 0 4 1 0 4 1 0 0 4 3 0
   4 0 0 0 4 4 4 4 1 5 2 3 0 2 1 2 5 2 5 3 0 3 4 3 4 5 4 4 2 0 1 4 5 2 2
   3 4 1 0 2 4 3 1 0 3 3 4 5 5 2 4]
  [0 2 4 2 5 5 5 4 4 0 0 2 4 1 5 0 2 3 3 1 1 5 2 0 3 4 0 1 1 5 2 0 0 2 1
   4 4 0 4 4 1 0 3 2 0 5 4 4 2 5 2 3 4 1 1 1 3 1 4 4 4 0 1 3 5 2 2 4 0 5
   2 2 1 0 2 3 1 3 5 5 2 5 5 3 4 0 2 2 4 5 0 1 2 4 1 2 4 2 5 4 4 0 2 4 5
   0 1 1 1 4 3 2 0 0 3 4 1 4 0 1 4]
  [0 3 5 4 1 4 4 5 2 3 4 0 0 4 5 0 0 1 0 4 1 2 0 3 1 5 5 2 1 1 1 0 0 0 4
   4 2 0 2 1 2 1 5 4 1 2 3 0 3 4 4 2 0 2 1 0 0 4 3 4 2 4 3 3 0 4 2 2 0 2
   4 0 3 3 0 4 1 0 5 1 4 4 5 2 2 5 0 1 4 1 5 5 1 5 5 0 3 4 2 4 1 1 1 0 4
   1 1 2 1 5 2 5 4 5 0 3 2 3 4 4 5]
  [0 3 0 5 2 4 4 5 2 5 1 0 3 3 2 0 5 5 5 4 1 3 5 0 3 1 0 4 2 3 4 1 0 4 2
   2 3 4 5 0 2 4 0 5 1 1 4 4 2 2 0 3 2 3 2 1 1 2 5 2 0 1 3 3 0 0 2 5 0 2
   3 2 4 1 0 0 3 3 0 1 5 3 5 5 4 5 1 0 4 3 4 4 1 1 2 0 0 5 2 1 3 1 5 0 4
   0 5 4 4 3 2 2 3 4 1 2 0 3 0 2 0]
  [0 3 2 2 2 2 4 1 2 1 2 2 0 5 2 2 4 1 3 0 2 4 5 0 2 4 1 1 0 5 0 0 0 2 0
   3 1 0 0 2 3 3 5 3 0 0 0 4 1 1 3 0 1 2 4 5 0 5 3 4 4 2 4 4 1 3 2 1 4 4
   1 5 2 3 3 4 0 0 0 1 5 0 1 1 1 5 1 1 4 0 5 1 2 2 1 1 4 5 0 1 2 0 2 1 4
   2 0 1 3 5 5 3 1 0 0 5 0 4 3 1 3]
  [0 1 0 5 2 5 0 3 0 1 0 4 4 5 5 2 3 2 2 2 1 2 5 5 1 4 4 4 5 0 0 4 3 5 2
   2 2 0 1 0 1 3 1 1 3 0 2 0 4 1 0 3 2 3 5 4 2 3 4 2 4 2 4 2 0 4 0 2 3 4
   4 5 3 4 3 4 4 0 4 2 0 2 3 4 2 1 0 2 5 0 0 1 0 0 3 2 3 5 2 0 4 0 2 3 3
   3 3 5 0 0 3 0 5 1 3 0 0 3 1 2 3]
  [0 1 1 2 3 3 4 5 1 3 2 5 5 3 4 0 4 0 3 2 1 1 2 2 4 0 4 3 2 2 0 1 3 0 3
   4 2 3 4 5 0 2 0 3 1 1 0 0 2 2 2 5 0 4 5 3 4 0 3 4 1 3 1 4 0 3 1 1 0 1
   5 5 5 5 3 4 2 4 0 3 2 2 4 1 1 0 0 2 4 4 2 0 1 4 1 3 2 4 4 1 0 0 5 1 1
   5 0 4 5 2 5 1 5 0 2 5 3 5 0 0 1]
  [0 1 1 3 2 5 3 0 1 3 1 3 1 2 4 0 3 4 4 5 5 1 5 3 1 4 2 0 1 3 0 1 3 0 5
   5 3 2 1 2 5 2 2 3 1 1 0 3 1 1 0 5 5 1 1 0 5 2 2 2 5 4 3 0 2 2 2 4 3 3
   2 5 1 3 3 1 3 0 0 0 4 4 4 3 1 2 3 4 4 1 0 1 4 4 0 4 5 5 5 4 3 5 3 4 1
   5 5 2 5 1 1 1 5 2 5 5 4 5 5 5 0]
  [0 3 4 0 2 3 0 1 4 1 1 3 0 2 4 3 1 5 3 5 0 4 3 0 1 2 0 4 4 3 0 0 2 2 1
   3 2 1 3 4 1 1 2 2 3 2 4 5 5 5 2 5 0 0 0 4 4 1 0 0 1 2 3 3 3 3 3 5 2 1
   2 4 0 0 3 1 5 5 1 2 0 4 5 0 0 5 1 5 2 0 2 0 4 3 2 2 3 3 0 1 4 5 5 4 1
   5 3 0 4 1 2 5 2 0 5 4 4 2 3 5 0]
  [0 0 1 4 0 1 1 2 2 0 2 4 3 3 4 2 5 5 4 2 3 4 1 1 0 2 2 1 1 1 2 5 2 2 4
   1 1 1 5 0 0 4 0 2 0 0 2 4 1 4 3 3 2 2 3 2 2 1 5 2 5 1 1 2 3 0 0 2 0 3
   2 3 0 4 1 3 2 3 2 5 3 0 0 4 2 1 4 2 0 4 4 1 1 3 1 3 1 0 4 3 3 5 1 4 1
   4 1 0 1 4 3 3 3 4 5 5 5 4 5 1 5]
  [0 1 3 4 3 4 0 0 4 0 2 1 5 4 1 3 3 0 4 4 2 1 4 4 3 3 2 3 0 2 3 1 5 3 5
   0 2 1 0 4 4 1 0 4 1 3 2 2 2 2 2 1 1 0 5 2 4 5 0 4 1 5 1 2 1 0 0 2 0 1
   4 2 4 3 3 4 4 1 1 3 2 4 0 5 3 4 1 0 5 1 4 0 4 1 0 1 0 2 4 0 1 3 1 1 3
   3 4 2 5 3 1 1 2 5 3 2 4 4 1 0 3]
  [0 1 0 0 1 0 2 5 5 3 1 0 5 4 5 2 2 1 0 5 3 0 0 5 5 1 0 3 0 0 1 3 1 3 5
   3 5 3 1 3 0 5 4 2 0 2 2 0 1 1 3 1 3 3 2 4 0 3 1 5 4 4 1 3 4 1 5 0 5 1
   2 2 0 4 2 5 1 2 1 0 3 5 1 0 1 1 3 4 5 4 3 1 2 2 0 0 1 5 3 3 0 2 4 0 4
   0 0 5 3 3 2 4 4 5 1 3 2 2 0 1 4]
  [0 5 0 0 1 2 5 3 1 1 4 4 5 2 3 3 1 1 5 1 1 3 5 0 3 3 2 5 5 5 3 2 5 0 4
   0 2 2 1 0 3 0 2 5 5 1 0 1 5 2 5 0 2 2 2 2 3 1 4 0 4 4 0 4 3 5 3 1 3 5
   1 5 3 3 1 1 4 0 1 5 2 3 1 3 0 2 2 5 0 0 3 5 4 5 3 5 3 4 3 3 1 3 5 5 4
   5 3 3 1 0 1 5 2 4 2 0 1 0 5 2 5]
  [0 0 0 1 5 5 1 0 1 0 3 5 2 0 5 5 5 2 3 3 4 5 3 3 0 1 5 2 3 1 0 0 0 3 3
   4 1 2 0 5 2 3 0 5 2 1 3 3 1 0 5 0 2 4 3 5 5 0 2 1 3 5 2 5 2 5 3 0 3 4
   1 4 2 0 2 5 4 2 1 4 3 5 1 1 0 0 2 0 5 5 5 3 0 1 3 1 3 4 5 4 1 4 2 4 0
   2 0 4 0 0 0 4 3 2 2 2 4 2 1 4 1]
  [0 0 2 5 3 5 3 5 2 5 5 4 5 5 2 5 1 0 2 0 5 3 1 4 3 2 0 2 5 4 2 5 0 3 2
   1 0 5 0 0 3 1 2 2 2 5 2 0 5 0 3 0 3 2 4 2 1 2 2 1 1 5 3 3 3 1 0 3 3 1
   0 4 5 2 5 3 0 0 0 2 4 4 5 1 2 1 0 0 2 4 0 5 0 1 0 3 3 0 1 3 1 0 5 2 3
   1 2 3 3 2 4 5 0 0 0 3 2 1 1 1 3]
  [0 3 0 2 1 3 2 4 0 5 1 4 3 3 5 3 5 1 4 1 3 4 4 5 0 5 0 2 3 2 4 3 0 3 1
   4 0 3 0 3 1 5 1 5 3 1 0 1 2 5 3 0 2 3 2 0 3 1 0 4 1 5 0 5 3 4 1 3 5 0
   4 5 0 1 3 2 4 2 0 5 4 3 3 5 4 0 4 0 5 4 1 1 5 2 2 0 2 4 1 0 5 2 4 1 5
   2 3 0 0 4 4 5 0 3 4 4 5 0 4 1 2]
  [0 5 3 0 5 3 0 5 0 3 5 5 5 2 1 3 4 3 2 1 0 0 2 3 4 1 0 3 2 1 4 0 1 2 0
   1 0 0 0 0 1 3 0 4 1 2 2 2 1 5 4 5 2 3 1 1 3 3 4 5 4 3 0 4 0 2 1 2 5 3
   5 1 4 3 1 3 4 3 3 4 1 3 4 4 0 5 4 5 0 0 3 0 0 0 4 0 3 4 0 2 4 5 5 1 4
   4 0 5 4 2 1 5 4 5 5 5 0 3 1 3 4]
  [0 1 1 3 5 2 1 2 2 4 4 1 4 1 4 4 2 3 4 3 4 3 4 0 4 4 2 5 1 2 3 5 5 2 5
   1 0 5 3 2 2 3 1 4 2 0 0 2 5 4 4 4 1 4 4 4 5 0 3 4 2 2 2 1 1 3 3 3 2 0
   3 4 5 1 0 4 2 1 0 5 3 2 5 2 0 1 1 2 1 0 0 3 3 3 2 0 4 2 0 1 1 1 1 2 1
   1 2 4 0 1 3 0 4 2 1 4 0 2 5 2 2]
  [0 1 4 1 1 4 2 3 5 1 4 1 4 2 1 5 5 4 3 1 4 0 2 5 1 5 5 0 3 5 2 5 1 3 1
   5 5 3 0 3 0 0 3 0 5 1 0 2 2 4 0 4 5 5 0 3 5 1 5 1 5 2 3 3 0 4 4 2 5 1
   1 3 5 1 2 3 4 2 4 1 5 2 4 5 4 0 0 3 1 1 0 1 1 5 3 2 3 3 1 2 4 5 0 3 5
   2 1 5 3 0 5 1 0 0 4 3 4 5 0 0 5]
  [0 0 0 4 0 5 4 2 5 2 5 4 3 3 1 4 5 5 2 0 3 2 3 1 0 2 2 5 2 3 4 4 2 3 2
   1 0 0 3 1 4 1 0 4 3 4 4 3 2 1 5 0 4 5 2 2 2 2 1 5 1 1 5 1 0 2 0 1 3 4
   4 4 0 1 4 3 3 5 5 3 1 4 3 2 5 0 4 4 4 5 5 0 2 5 0 2 1 3 1 5 4 2 5 5 2
   1 5 4 0 5 0 1 3 4 5 5 5 5 5 3 2]
  [0 5 3 3 5 3 0 2 3 4 2 3 4 2 3 3 3 3 5 3 4 0 5 2 3 1 2 4 1 5 1 5 2 1 5
   2 2 1 4 1 5 5 4 3 4 1 0 0 2 4 4 2 2 2 5 0 3 2 3 5 0 1 1 0 0 3 4 2 2 3
   4 5 3 4 0 3 1 0 4 1 4 4 2 0 2 1 1 3 2 2 2 0 0 1 4 4 5 4 5 3 4 1 4 1 5
   2 2 0 1 3 4 3 5 1 0 0 2 4 4 1 4]
  [0 1 4 0 4 5 3 5 1 0 1 2 5 0 2 4 1 4 2 3 0 3 0 4 1 3 4 1 0 3 2 5 2 1 2
   1 4 1 4 5 1 4 2 2 2 2 5 3 3 3 0 0 4 5 0 5 3 4 4 0 3 4 0 0 3 1 0 1 2 1
   5 4 4 2 0 5 2 4 4 3 4 4 5 2 3 5 2 2 4 4 4 3 0 0 1 5 4 3 3 5 0 3 5 5 2
   2 5 4 1 5 2 2 0 0 5 1 5 3 1 4 3]
  [0 3 4 0 5 2 1 2 3 1 5 0 1 2 3 3 5 1 1 0 0 1 5 4 5 0 1 0 1 1 5 4 2 1 2
   4 3 2 0 5 5 4 0 4 0 0 5 5 0 1 5 2 0 5 2 5 2 2 0 3 0 3 4 0 1 0 4 3 5 2
   2 3 5 5 4 5 2 2 3 4 3 0 1 1 2 1 4 2 1 3 0 4 5 5 0 2 3 3 5 3 0 3 5 5 2
   4 5 0 1 4 3 4 2 0 4 5 5 4 5 5 5]
  [0 3 1 3 0 2 1 2 3 5 5 3 0 4 0 5 0 1 0 3 5 2 5 3 2 3 2 4 0 0 2 4 4 0 3
   2 0 3 2 5 1 2 1 1 1 4 0 0 2 4 1 5 4 2 3 5 5 0 3 5 5 3 3 3 0 1 2 5 3 0
   2 2 1 4 5 2 3 0 4 4 2 0 5 0 1 1 1 2 1 1 5 3 4 1 5 0 2 5 0 3 5 3 1 4 2
   2 0 2 1 0 2 5 2 2 1 5 1 5 4 2 0]
  [0 0 1 4 5 5 4 4 0 0 2 4 4 4 3 3 0 0 4 0 4 4 2 3 5 0 1 0 0 4 4 2 1 0 3
   5 5 2 0 2 0 5 1 5 3 5 5 5 3 5 5 2 5 5 1 2 4 4 3 1 1 0 1 0 5 4 4 3 1 5
   3 5 5 3 1 5 1 4 0 5 5 4 2 4 1 0 5 2 1 3 1 5 4 3 2 5 0 4 3 5 5 1 5 4 2
   2 2 1 5 3 0 3 4 1 3 1 1 4 5 2 1]
  [0 5 4 1 3 0 0 1 4 0 5 0 3 2 4 3 2 0 3 0 0 0 1 1 4 4 3 5 5 5 5 0 3 1 1
   4 1 0 3 5 5 4 5 2 1 3 2 4 1 5 4 2 2 5 1 5 1 3 0 0 4 2 0 2 1 5 5 4 4 4
   5 1 2 3 3 2 5 1 5 2 5 1 1 2 0 0 4 4 5 3 4 5 1 1 5 5 5 0 0 4 5 1 3 3 0
   4 5 2 2 4 4 2 2 2 5 5 0 2 1 1 2]
  [0 5 2 3 3 5 5 2 2 2 3 1 1 2 2 0 4 5 5 3 0 1 1 3 5 3 5 5 5 0 1 2 2 5 5
   4 5 2 0 5 1 0 1 4 4 0 5 5 5 5 4 2 3 0 4 5 3 1 1 3 1 2 4 5 2 4 1 4 3 3
   0 4 4 1 0 3 3 3 1 4 2 3 2 1 3 5 5 1 0 1 4 0 4 3 5 3 3 0 0 4 3 3 0 5 2
   4 5 2 0 5 4 3 2 2 3 4 2 0 3 5 2]
  [0 2 5 4 3 0 0 2 2 3 3 2 4 4 2 4 3 5 3 5 2 1 1 1 4 2 0 0 3 0 4 1 1 2 2
   1 1 1 3 5 1 5 4 0 1 0 1 2 4 4 0 1 0 0 1 0 3 3 0 2 3 3 2 0 1 1 4 1 1 1
   4 4 0 4 5 3 5 5 2 4 4 0 0 1 0 1 3 5 3 5 4 0 0 1 5 2 2 2 1 0 2 3 0 1 0
   4 2 2 0 4 4 1 5 3 1 3 0 3 5 1 5]
  [0 4 3 3 5 4 4 3 5 0 5 2 1 2 2 1 3 0 4 3 0 0 4 2 3 0 1 0 0 2 2 2 4 3 2
   2 5 3 3 4 1 0 2 2 5 1 1 1 1 5 4 1 3 5 1 3 4 0 4 5 1 1 2 0 2 2 5 3 3 2
   4 1 1 1 0 4 4 2 0 2 1 0 1 1 0 0 4 1 1 0 1 4 5 5 4 1 0 3 1 3 0 5 3 5 4
   4 3 4 3 3 5 4 1 5 0 0 5 2 1 0 5]
  [0 2 3 3 3 5 0 5 3 1 5 5 4 1 3 2 0 3 5 2 2 0 0 0 1 2 1 2 5 4 0 0 5 0 0
   5 3 0 1 4 3 0 5 4 5 3 5 3 0 3 1 1 5 4 5 0 2 1 2 1 5 3 1 4 3 5 2 0 1 4
   2 3 2 5 4 0 2 5 2 5 2 3 1 3 1 5 4 1 4 2 5 1 5 2 0 3 2 2 1 1 2 0 3 1 2
   3 4 4 5 1 4 5 1 3 2 2 1 5 2 5 2]
  [0 0 1 3 2 0 4 3 0 4 3 2 3 1 1 2 4 4 5 2 2 4 0 0 1 1 0 4 0 5 0 3 4 1 3
   0 3 5 3 3 4 3 1 0 3 5 1 3 1 2 5 3 5 2 1 1 2 5 1 0 3 5 4 4 1 5 3 1 2 1
   2 1 0 4 5 3 1 5 5 1 0 0 0 1 1 3 2 5 2 4 0 1 4 0 3 2 3 2 1 5 5 1 0 3 5
   5 5 4 0 3 5 1 0 0 3 3 0 4 2 2 5]
  [0 0 2 4 4 1 0 3 1 4 0 2 0 2 0 2 3 4 1 2 0 3 0 2 4 0 5 1 2 2 4 1 3 1 0
   4 2 3 5 0 1 4 0 1 2 1 3 3 4 5 5 1 3 5 1 4 0 3 2 1 1 3 1 1 2 0 2 5 1 2
   3 0 5 2 3 3 3 2 4 4 2 2 3 2 3 1 1 5 1 2 5 1 2 1 1 3 2 1 4 2 2 4 0 0 3
   4 1 3 5 2 1 2 3 0 0 5 1 5 1 3 3]
  [0 5 0 1 3 1 3 1 3 5 1 5 3 0 2 5 2 4 2 4 0 3 1 2 5 2 1 2 4 5 3 5 1 1 3
   1 4 4 4 0 2 0 3 4 4 2 2 0 4 0 2 3 1 3 1 4 3 5 5 3 3 0 5 0 4 2 4 3 4 1
   0 3 2 1 5 5 3 4 1 1 0 0 2 2 3 5 5 0 3 1 0 5 0 1 1 5 5 1 4 2 5 2 1 5 0
   2 5 1 5 5 5 5 0 5 3 1 4 0 1 2 1]
  [0 4 4 0 3 4 5 1 4 0 5 1 2 5 3 1 5 4 1 2 5 5 4 2 4 0 2 3 0 5 2 4 5 5 4
   1 3 3 2 0 5 4 0 4 4 2 1 4 1 3 3 4 1 4 4 0 2 1 0 3 2 0 0 0 1 0 0 1 0 4
   1 1 5 5 2 3 2 3 4 1 3 2 1 3 4 1 3 5 1 0 4 3 4 1 5 4 4 2 2 2 5 0 2 2 1
   0 4 0 5 1 2 3 1 3 4 1 0 3 2 0 4]
  [0 0 4 0 0 1 5 4 2 0 1 4 2 2 1 0 4 3 1 4 1 5 4 5 2 0 2 1 3 2 5 1 4 4 1
   4 3 5 5 3 3 2 2 0 1 1 4 1 2 2 2 2 4 3 2 0 2 2 5 2 5 1 0 4 4 1 1 4 5 4
   0 3 4 0 3 3 2 3 4 3 1 3 3 3 4 0 3 3 3 2 3 2 1 0 3 0 3 4 5 5 4 3 2 2 1
   4 0 1 3 1 5 1 1 2 3 2 1 4 5 3 1]
  [0 5 1 3 1 4 3 1 1 0 3 3 2 0 4 2 2 2 5 4 5 0 0 5 1 4 4 1 5 1 5 0 1 1 2
   4 5 0 4 5 4 3 2 5 5 5 4 0 3 3 3 5 0 2 1 5 4 3 1 4 3 3 1 5 5 0 0 0 0 0
   1 2 4 0 4 3 4 0 5 1 4 5 5 3 3 2 2 5 4 1 5 0 1 3 2 3 5 0 1 1 5 3 2 2 5
   2 5 0 0 3 4 5 1 2 4 5 2 4 0 2 5]
  [0 3 0 3 3 5 2 4 0 3 0 1 1 5 1 2 5 2 3 1 4 2 4 3 3 2 0 5 4 4 3 1 5 3 5
   3 5 1 4 2 1 4 1 0 3 4 1 5 2 0 5 2 0 1 2 2 0 0 4 0 2 0 0 0 3 1 2 1 1 1
   0 1 5 5 4 2 3 3 4 5 1 1 0 4 3 4 3 1 5 0 5 3 2 0 5 3 5 0 0 3 3 4 2 3 2
   0 2 2 0 4 4 1 3 5 1 3 4 5 5 5 2]
  [0 3 4 3 5 0 5 4 4 5 0 3 0 1 5 2 3 1 4 3 0 4 1 2 0 1 3 1 2 0 1 4 2 4 5
   4 1 0 5 2 1 1 3 5 2 0 2 3 1 2 3 4 1 1 0 0 3 5 3 4 2 4 3 4 5 0 4 2 3 1
   1 1 1 2 1 0 3 2 5 5 3 4 3 0 5 3 4 5 2 3 4 0 0 5 1 1 1 0 3 1 2 3 0 4 2
   1 5 3 0 0 4 5 4 0 1 2 4 0 3 2 4]
  [0 5 2 0 2 1 2 1 4 0 3 5 4 1 0 5 0 4 1 5 2 3 5 5 3 0 0 4 0 2 4 2 0 3 2
   1 3 4 3 4 2 5 1 0 0 3 1 2 1 4 2 1 1 2 1 4 2 2 3 0 1 2 4 0 5 1 4 2 0 0
   4 3 4 1 2 2 4 2 4 3 4 1 3 5 5 1 4 3 1 4 4 2 0 1 3 3 1 3 5 0 3 5 1 0 3
   2 4 5 0 1 0 0 1 0 4 2 3 0 4 1 2]
  [0 3 3 1 4 3 0 0 2 4 4 2 3 3 5 0 1 4 2 1 3 5 0 5 1 3 4 3 3 3 4 2 2 4 2
   5 0 3 5 5 0 5 0 3 4 4 1 3 2 3 2 5 5 0 0 2 4 1 1 4 0 0 5 0 1 4 1 2 2 4
   2 0 4 3 4 3 1 1 2 1 4 4 1 3 2 1 3 0 0 5 4 3 5 1 0 1 3 0 3 1 3 0 2 0 1
   1 3 4 3 3 5 0 0 2 4 2 4 5 5 3 0]
  [0 2 1 0 0 4 5 3 5 0 5 0 4 2 0 4 5 1 5 3 2 4 4 4 2 4 3 1 1 5 4 1 2 0 0
   4 1 3 4 5 5 1 0 4 3 3 5 1 3 5 2 3 1 5 4 3 4 2 4 5 4 2 1 3 2 1 5 4 4 0
   4 2 0 1 1 0 0 1 0 3 0 2 4 3 5 1 0 4 0 4 2 2 2 4 1 2 3 0 1 4 2 1 0 3 5
   2 4 0 5 3 0 4 0 1 3 2 4 1 4 0 5]
  [0 5 3 1 0 5 2 5 2 2 1 2 4 5 3 1 2 0 3 2 4 2 5 4 1 2 3 4 1 4 1 1 2 4 1
   1 5 3 1 0 4 5 0 1 1 2 4 5 2 5 1 0 5 5 2 3 0 4 4 5 3 2 0 5 0 3 4 2 2 3
   1 5 3 4 5 5 1 4 4 4 2 0 3 2 0 0 3 0 2 5 1 1 5 1 3 5 0 3 0 0 3 5 0 0 5
   0 5 3 5 2 1 1 1 0 5 5 3 3 3 4 1]
  [0 3 1 4 0 0 5 2 3 0 3 3 4 2 0 0 1 1 4 3 1 4 2 3 5 3 0 4 5 5 1 5 5 3 3
   0 4 3 5 4 4 3 1 5 2 3 1 1 4 1 5 1 3 1 0 4 3 2 5 3 4 1 0 3 1 0 1 1 0 5
   0 2 4 1 0 2 0 3 2 4 1 4 2 1 4 3 5 3 2 4 1 0 3 2 2 0 3 0 0 3 1 5 1 3 2
   2 4 1 4 1 0 2 3 1 0 3 0 0 1 0 0]
  [0 1 4 3 4 1 4 0 1 5 3 1 2 2 2 4 3 5 1 2 0 3 2 1 5 4 5 0 0 4 4 5 4 1 4
   1 1 4 4 0 1 2 4 4 4 4 3 5 2 5 1 0 3 4 0 2 1 3 3 5 5 5 2 2 0 5 1 2 5 2
   5 3 5 0 5 2 3 0 0 0 2 1 1 2 5 2 3 3 0 2 3 0 4 3 3 1 3 2 4 3 4 4 3 2 5
   3 4 3 3 3 2 3 1 3 0 0 3 4 3 0 0]
  [0 0 4 1 4 5 4 4 1 5 0 3 1 2 4 4 5 5 3 4 3 0 5 0 2 2 1 4 1 1 5 1 4 4 4
   4 3 0 1 2 4 1 4 5 0 4 0 5 2 4 1 3 5 2 1 5 0 5 0 2 4 4 0 1 0 5 2 0 3 2
   1 4 0 1 1 5 0 3 3 4 5 5 5 2 4 2 5 0 0 1 1 1 2 1 4 3 5 5 1 3 2 5 0 2 0
   4 5 0 3 0 2 5 2 4 4 1 0 5 0 3 0]
  [0 0 3 1 3 4 2 4 4 5 5 0 2 1 5 5 3 2 5 5 5 5 3 1 0 0 2 1 4 3 4 1 5 5 1
   2 5 5 3 5 0 3 5 1 4 0 5 0 1 0 1 3 1 0 4 0 2 4 4 3 2 5 1 5 4 1 1 5 5 4
   3 4 4 2 2 4 4 3 0 1 4 0 1 3 2 5 0 2 2 4 1 5 1 3 1 5 1 0 1 4 4 1 3 5 2
   3 1 2 2 0 2 5 0 0 1 4 2 0 4 2 0]
  [0 4 4 2 5 0 0 3 5 4 3 2 4 2 5 1 4 2 1 3 2 4 0 4 1 0 4 3 1 0 0 1 3 1 4
   5 3 1 1 4 1 0 4 0 5 0 4 5 3 3 4 4 3 5 2 5 4 0 0 3 5 1 2 0 4 2 2 5 2 0
   0 2 3 5 5 2 5 1 2 0 1 4 4 2 2 2 2 1 2 4 4 1 2 3 1 5 4 1 3 1 4 0 1 2 5
   3 3 5 5 4 1 1 3 5 3 5 5 2 0 0 1]
  [0 5 4 3 4 2 0 5 1 5 4 4 0 3 3 5 2 0 0 3 0 3 3 1 0 0 0 0 3 5 0 0 4 0 2
   4 4 5 3 1 4 0 2 4 3 1 2 0 2 5 0 4 4 5 2 0 0 1 1 0 5 5 2 2 2 5 2 0 1 3
   0 3 1 3 5 5 4 3 3 4 1 5 2 3 5 1 5 1 5 1 0 3 5 2 5 3 1 4 4 5 2 2 5 5 2
   3 1 0 0 5 5 2 3 2 2 0 0 5 3 0 3]
  [0 0 1 4 5 2 5 2 5 5 1 3 0 3 2 2 4 2 2 3 5 0 5 2 2 5 2 2 0 2 4 2 4 1 0
   0 3 2 2 3 5 3 4 4 0 4 4 3 2 0 3 4 2 1 3 3 2 3 1 4 5 4 4 3 3 1 3 0 1 3
   4 3 5 4 3 2 3 3 0 3 4 1 0 2 3 0 2 2 5 4 1 0 1 1 4 2 1 4 1 1 5 1 4 0 1
   4 2 2 4 3 0 2 1 2 2 4 5 2 1 2 0]]

 [[0 0 3 1 1 0 5 3 0 2 5 1 5 2 3 2 4 3 5 2 3 5 5 0 0 3 2 3 0 0 4 2 5 0 3
   5 5 3 4 1 0 4 5 5 2 1 2 2 3 2 2 2 5 2 3 4 4 0 4 2 2 2 3 4 3 5 3 3 2 2
   4 3 0 5 1 2 2 1 3 3 0 3 3 4 4 4 3 1 0 1 1 4 1 5 1 3 2 4 2 0 0 1 0 2 5
   1 0 3 3 3 5 2 1 1 4 5 4 1 0 2 1]
  [0 0 2 1 4 3 4 3 3 4 0 1 3 1 3 1 3 1 3 5 0 0 1 1 1 5 0 2 3 0 2 4 0 4 0
   2 2 3 3 1 1 5 2 4 2 1 0 0 1 0 1 5 3 2 4 4 1 2 0 3 5 3 5 0 2 2 5 4 0 5
   3 3 1 1 2 3 3 4 2 0 1 5 0 1 1 2 5 4 3 5 4 0 3 5 1 1 0 0 0 2 2 0 3 4 3
   4 5 2 0 5 0 2 4 2 2 2 0 3 0 5 1]
  [0 1 0 2 2 1 5 3 3 3 4 5 4 0 0 0 2 0 0 5 1 2 2 3 0 5 1 3 4 1 0 3 2 0 3
   4 3 1 2 4 3 3 5 4 5 1 1 0 0 0 2 2 0 1 3 5 4 0 4 2 3 4 5 5 4 4 2 4 0 4
   2 0 5 0 1 0 0 3 5 4 0 2 3 2 5 1 0 5 2 5 4 3 1 3 1 1 3 4 1 4 2 5 2 3 4
   2 0 2 4 0 3 2 4 2 2 2 1 2 4 1 5]
  [0 2 3 0 3 2 3 1 2 2 0 4 5 5 0 1 1 5 3 3 1 1 3 2 3 2 2 5 1 3 1 4 1 0 5
   1 2 0 1 5 2 1 1 1 0 3 2 2 3 4 4 2 1 1 3 4 2 1 0 5 3 5 4 4 5 2 5 0 4 0
   1 3 3 1 5 5 5 0 5 3 0 3 2 3 3 1 2 0 2 0 1 2 1 1 4 2 5 0 2 2 4 1 0 2 3
   4 3 5 5 0 4 4 1 1 2 4 5 4 3 4 0]
  [0 1 1 0 0 1 3 5 2 4 2 4 2 0 1 4 3 1 3 4 2 0 4 5 5 0 2 2 4 5 1 3 5 5 3
   4 4 1 3 1 0 3 2 3 4 3 0 5 5 0 1 5 4 4 0 3 5 5 4 3 1 5 0 5 2 4 3 2 0 0
   2 3 5 1 4 4 3 5 4 3 1 4 5 2 1 0 5 5 4 0 2 5 3 0 3 2 0 4 5 2 0 4 1 1 4
   2 3 0 4 1 0 3 3 2 0 4 5 0 0 2 5]
  [0 1 5 1 4 0 4 3 2 5 5 1 5 3 4 1 2 3 1 4 0 4 0 1 1 5 5 5 4 1 5 1 5 0 5
   0 5 1 2 1 3 3 0 4 0 1 3 5 1 5 3 0 2 3 0 0 0 2 4 5 5 3 5 1 5 2 1 4 5 5
   2 1 0 3 4 3 2 0 3 5 1 1 3 3 0 0 2 1 5 0 0 5 2 3 1 4 5 5 4 2 2 2 2 4 1
   0 3 1 2 2 2 0 1 5 0 0 3 1 0 1 0]
  [0 5 1 4 2 0 0 0 3 4 2 0 0 5 3 0 5 3 5 2 1 0 0 2 1 4 2 1 3 4 2 5 3 4 3
   4 3 5 4 2 2 2 3 2 3 4 5 4 3 3 4 3 2 0 1 3 2 5 1 3 3 0 0 0 0 3 0 2 5 2
   4 0 5 0 4 5 1 2 2 0 1 5 5 2 2 3 4 5 3 0 2 4 2 2 2 4 0 0 5 3 0 3 1 5 3
   2 4 5 0 1 1 0 3 0 0 4 2 1 2 3 4]
  [0 4 0 3 4 2 0 0 1 1 4 1 4 3 4 1 2 2 4 1 2 1 3 3 0 1 0 3 0 4 0 0 4 0 2
   0 5 5 3 5 1 5 3 0 0 5 0 5 5 4 0 3 5 3 1 5 4 5 2 2 2 0 0 1 5 2 5 4 5 1
   2 0 0 2 4 3 0 1 0 1 2 5 2 1 2 0 5 4 4 3 1 5 1 4 2 1 3 2 5 1 0 1 4 5 3
   4 3 1 5 3 3 5 2 3 0 5 5 3 0 3 3]
  [0 2 3 5 5 2 5 2 0 4 0 0 2 5 5 5 5 5 2 3 3 4 2 0 4 3 1 4 5 0 2 1 0 3 2
   0 3 0 4 0 3 5 2 2 3 0 4 4 1 1 4 2 3 5 3 5 1 1 4 0 1 1 5 2 0 1 4 2 1 4
   0 0 5 5 3 3 0 0 4 0 2 4 2 4 1 4 1 0 0 4 2 4 3 2 4 3 4 5 1 4 3 0 5 2 5
   5 4 5 2 5 0 4 5 5 5 0 2 5 4 2 4]
  [0 5 4 1 4 4 0 4 1 0 5 2 2 5 4 3 0 0 3 5 4 5 4 2 4 5 0 4 1 1 1 3 1 5 1
   2 4 1 0 3 3 2 5 2 1 4 5 1 2 1 5 0 1 0 3 4 3 5 5 5 2 1 3 2 2 1 2 3 5 3
   5 4 3 1 3 5 2 5 5 4 5 5 0 5 2 1 3 0 5 1 3 1 2 5 5 1 5 3 4 3 1 0 2 0 3
   1 5 0 5 4 1 3 1 2 2 5 5 1 3 0 5]
  [0 2 0 5 5 3 0 4 3 2 0 1 5 1 3 1 1 5 0 4 2 5 3 3 2 5 5 3 0 4 3 4 4 3 2
   5 1 5 1 5 1 2 0 0 4 2 5 4 2 5 2 1 1 0 4 3 3 3 1 0 2 0 4 4 0 0 0 1 1 5
   3 3 5 5 4 3 3 5 1 1 1 2 2 0 4 3 2 3 4 4 1 1 4 1 2 4 2 1 5 3 5 1 3 1 5
   2 3 2 1 2 5 1 5 1 1 1 5 3 3 4 4]
  [0 3 5 2 2 1 1 4 4 1 0 0 3 2 5 0 1 1 4 0 4 5 3 0 1 4 3 0 0 0 1 2 3 3 0
   3 4 4 1 2 5 2 1 4 1 0 2 4 5 3 3 1 5 0 3 0 2 1 4 4 0 0 5 3 2 3 3 1 5 1
   1 3 4 0 0 2 1 1 4 3 2 3 1 3 1 5 4 0 0 2 4 2 3 2 0 5 3 1 1 0 2 5 0 3 4
   3 3 5 3 4 2 5 0 0 3 5 4 5 1 3 0]
  [0 0 3 5 0 1 2 0 1 4 0 1 0 5 3 0 5 3 3 1 5 4 1 5 4 4 0 1 3 5 0 0 2 4 5
   5 0 0 0 4 1 3 0 3 4 1 1 3 5 3 0 4 5 4 0 5 0 5 1 4 1 3 2 3 2 1 1 4 3 1
   1 5 5 0 1 4 4 5 1 2 4 2 0 2 1 4 2 0 2 5 1 1 0 5 1 5 0 4 2 0 1 2 3 2 3
   1 4 2 4 1 0 0 1 4 1 1 0 4 5 0 1]
  [0 1 2 3 2 4 3 2 0 5 5 2 2 0 2 3 3 5 4 2 4 0 4 1 5 4 3 0 4 5 5 5 5 5 1
   3 4 1 4 3 4 3 0 5 0 5 2 2 4 1 1 1 3 1 3 3 5 3 1 2 3 1 4 1 1 0 1 2 1 2
   4 3 2 3 2 2 1 0 1 3 4 4 5 3 3 3 0 1 1 2 1 0 2 2 4 1 3 0 4 0 2 2 4 5 1
   3 2 1 1 0 5 0 1 0 1 3 4 2 0 5 5]
  [0 1 3 2 4 5 4 4 4 2 4 4 1 5 0 0 5 0 5 5 5 1 0 4 0 2 1 2 0 2 1 5 3 5 4
   1 2 4 3 4 2 3 5 0 3 4 4 1 4 5 0 4 0 5 1 5 0 4 3 2 3 3 1 4 5 0 0 5 1 1
   3 1 2 0 5 1 1 4 4 5 3 1 5 0 0 4 4 4 3 4 5 4 3 5 3 5 2 5 4 1 3 5 1 3 4
   5 1 3 5 5 5 2 1 0 0 4 2 4 5 3 1]
  [0 0 0 5 4 1 3 5 1 4 0 4 4 5 0 0 3 3 1 1 5 1 1 0 0 5 4 2 5 4 2 3 4 4 1
   4 2 5 2 3 0 2 1 0 0 2 5 5 3 3 2 3 0 0 4 4 4 2 3 3 5 2 1 4 2 3 0 4 3 2
   5 4 5 4 4 4 2 3 0 1 1 1 5 3 0 5 2 0 4 3 1 1 4 5 2 3 0 1 2 5 1 2 2 2 1
   0 4 0 0 3 1 5 3 5 1 2 4 0 5 5 1]
  [0 5 0 0 0 3 1 3 5 1 1 1 0 2 4 3 0 4 2 3 3 5 4 5 0 1 0 4 0 4 1 0 5 1 1
   1 1 4 3 2 0 0 4 3 4 2 0 0 3 3 4 3 1 1 3 2 2 0 4 2 5 2 0 5 4 5 3 2 1 1
   5 4 3 2 4 5 1 1 4 5 5 5 2 1 2 0 3 4 4 3 0 4 0 4 3 3 3 5 1 3 4 3 2 4 0
   5 5 5 4 3 1 5 3 2 2 0 3 4 5 3 3]
  [0 0 1 0 5 5 0 1 1 2 4 1 0 2 0 1 3 0 5 4 5 1 5 4 1 1 2 2 3 3 2 2 2 2 2
   4 2 2 0 1 1 3 4 1 3 2 2 1 5 1 5 2 4 2 0 4 2 3 3 2 2 3 3 2 4 5 1 5 1 4
   5 4 4 2 0 2 2 0 0 5 5 1 1 2 3 4 2 1 3 5 1 1 4 5 4 3 1 1 0 2 3 2 5 3 0
   4 2 5 5 4 3 3 0 5 2 1 5 0 3 1 0]
  [0 0 5 1 3 4 3 3 3 4 4 2 2 1 4 2 3 2 0 0 4 3 4 2 5 5 2 4 1 0 4 4 0 4 3
   5 0 4 0 4 2 3 3 3 4 0 5 1 0 3 1 4 2 2 2 5 3 4 5 4 1 1 5 0 3 3 5 1 4 1
   3 0 3 2 0 3 0 4 4 3 1 2 5 4 0 5 1 0 1 4 5 0 3 0 2 3 1 2 2 5 5 5 4 4 2
   4 0 3 2 3 1 0 4 2 2 3 1 4 1 4 1]
  [0 4 0 3 0 2 0 0 4 4 3 1 1 0 1 0 4 0 2 0 5 0 4 5 1 0 4 1 2 3 2 2 2 2 2
   2 0 1 5 1 1 0 1 0 4 2 3 5 3 0 3 1 2 3 0 4 2 1 2 2 2 1 5 3 5 5 4 5 5 4
   0 4 4 2 5 1 1 3 5 5 3 5 2 4 5 4 2 2 0 2 5 5 4 1 1 4 4 0 5 4 0 3 3 0 1
   5 2 5 3 0 3 3 2 2 1 3 1 0 5 2 3]
  [0 3 4 0 1 4 3 0 3 5 3 2 3 4 2 5 3 0 1 4 0 0 2 1 0 0 1 1 1 0 2 1 2 1 4
   0 2 5 4 4 2 1 2 5 4 1 2 3 1 4 0 0 0 4 1 5 5 0 1 2 2 0 0 4 1 5 0 1 1 0
   0 4 0 4 0 0 1 5 5 4 3 4 2 3 2 0 0 4 4 5 4 1 0 5 5 1 4 3 0 2 0 0 0 0 4
   4 5 0 0 1 3 4 3 5 5 2 4 1 5 1 4]
  [0 5 3 0 0 1 2 1 5 5 3 3 2 0 3 0 1 3 4 1 5 0 0 4 3 2 0 1 1 4 2 2 2 4 1
   4 3 2 0 5 1 0 5 3 1 1 0 3 2 1 5 2 1 2 4 4 3 3 4 3 1 3 0 0 4 1 2 5 5 4
   1 1 4 1 1 4 5 1 5 0 5 1 4 0 3 2 2 0 3 1 2 0 1 3 0 3 1 2 4 3 3 1 5 1 0
   4 0 4 2 5 0 2 1 3 2 2 1 5 3 3 4]
  [0 2 0 4 1 3 2 2 1 5 4 4 2 0 3 1 0 3 2 1 5 5 0 4 0 4 4 5 4 3 2 0 0 3 1
   2 1 3 4 4 4 2 2 1 0 3 0 0 5 3 4 5 1 5 2 4 1 3 3 5 0 2 2 3 1 2 3 0 2 3
   0 0 2 1 0 1 3 1 0 4 2 4 1 2 1 0 3 3 2 0 1 2 0 1 0 0 1 5 1 3 5 0 5 1 2
   0 1 2 1 1 1 0 4 4 0 3 2 4 1 2 4]
  [0 1 3 4 1 1 3 4 2 1 2 5 3 4 1 1 2 1 3 3 1 1 5 0 2 1 4 3 1 0 1 3 0 2 4
   3 5 5 1 5 4 3 2 2 3 3 2 4 4 4 5 5 5 4 4 3 1 2 0 0 4 5 0 4 5 2 0 1 4 0
   3 3 5 5 5 4 3 2 3 3 1 5 3 1 5 2 3 2 5 1 3 3 1 0 5 5 2 4 1 4 2 1 4 5 5
   0 3 5 5 5 3 5 4 5 5 1 5 5 5 3 5]
  [0 2 1 3 0 1 4 5 4 2 2 3 0 0 2 4 3 0 5 1 5 1 1 5 0 1 2 0 4 1 5 0 5 1 0
   0 2 0 2 0 1 0 1 2 3 0 2 5 3 5 4 0 2 3 1 0 1 4 4 4 1 4 4 5 1 5 1 2 2 1
   5 4 0 2 3 4 0 4 0 5 3 3 2 4 3 1 4 1 5 2 5 5 2 4 3 5 0 5 2 5 3 0 0 4 5
   0 2 5 3 4 0 3 4 1 4 0 3 1 2 3 2]
  [0 3 3 0 5 5 1 2 2 3 1 0 2 5 5 2 1 1 0 2 0 4 3 3 3 0 3 2 4 1 4 0 2 1 2
   1 0 3 4 2 1 4 1 2 4 5 2 4 0 5 3 5 4 5 5 3 4 4 3 0 4 2 1 0 1 4 1 0 2 2
   1 1 5 2 3 4 4 0 4 3 3 2 5 5 0 5 3 1 2 5 1 1 1 3 3 1 2 5 3 3 1 4 0 4 2
   4 1 5 3 1 1 3 5 3 0 4 1 4 0 5 5]
  [0 3 5 4 5 5 3 1 0 0 4 0 1 1 0 2 4 5 5 0 3 3 3 0 2 0 0 0 2 2 5 3 3 3 0
   2 2 4 2 5 5 5 5 1 3 3 3 1 2 4 5 1 5 5 1 0 1 3 1 3 4 1 2 2 3 3 5 4 4 4
   2 5 4 2 1 1 1 1 5 0 1 0 0 3 5 0 2 2 3 4 4 2 1 4 0 5 2 0 0 1 1 1 5 4 0
   4 4 0 1 0 1 1 0 2 4 0 2 1 5 4 0]
  [0 4 5 4 5 2 0 5 5 2 5 1 3 0 2 1 4 1 0 3 2 3 0 3 3 5 3 0 1 0 4 4 1 4 3
   5 5 1 5 4 2 4 4 0 4 5 0 1 2 4 4 4 5 1 0 2 1 4 0 2 2 0 3 5 0 0 4 0 4 5
   3 5 4 4 3 1 4 1 1 3 1 2 2 1 4 2 2 3 5 5 4 4 4 2 5 3 3 3 1 1 5 2 2 2 1
   3 4 4 3 2 3 1 0 2 0 2 4 2 0 3 4]
  [0 0 5 4 3 3 4 4 4 5 4 2 1 2 4 2 4 1 4 3 2 2 2 5 2 4 4 3 0 1 4 5 4 4 3
   2 3 2 5 4 5 5 4 3 3 2 4 3 1 3 1 4 1 3 0 3 3 3 3 4 2 0 4 4 0 0 0 5 2 3
   4 1 0 5 0 5 4 4 4 3 0 5 5 3 2 5 0 4 5 4 4 4 3 4 4 5 5 4 0 2 0 0 5 1 1
   3 0 3 0 4 0 4 4 2 4 0 1 2 0 2 3]
  [0 3 1 3 2 4 1 4 3 5 3 5 5 1 4 2 2 2 4 3 4 5 2 5 5 1 2 0 2 0 0 5 4 1 4
   0 5 2 1 0 5 1 2 3 2 5 1 4 0 0 0 1 5 1 2 2 4 5 5 4 4 1 5 3 3 3 5 3 1 1
   1 5 5 0 2 2 1 3 1 3 1 4 1 2 3 3 4 1 3 3 0 2 2 0 2 2 4 1 1 3 1 4 1 0 5
   4 5 3 3 5 3 0 4 2 4 0 0 0 2 1 0]
  [0 1 2 5 5 4 4 5 1 5 4 3 2 4 1 3 0 2 5 5 4 0 2 2 4 2 5 2 0 4 0 3 2 2 1
   3 0 3 1 4 5 4 3 4 0 5 5 5 2 4 2 4 0 5 4 3 5 5 1 4 5 1 0 2 5 4 1 3 4 2
   5 4 4 0 2 3 0 2 2 4 0 1 1 2 3 5 5 0 1 0 1 3 0 2 1 5 2 5 4 3 5 3 2 1 4
   0 1 3 0 4 3 3 2 4 2 3 3 3 5 3 2]
  [0 4 5 5 0 1 2 0 0 3 4 1 5 2 0 4 1 4 4 5 1 3 2 5 4 0 2 0 3 4 5 0 5 0 0
   2 4 1 2 5 1 3 2 1 1 4 5 0 4 4 2 4 2 4 3 4 1 1 5 0 4 4 4 1 5 3 2 2 3 1
   3 0 5 4 5 1 2 0 5 5 0 2 2 2 2 2 5 1 3 0 1 0 0 2 5 3 2 4 4 1 5 0 4 1 0
   1 0 3 5 5 0 5 4 0 5 1 5 4 1 2 1]
  [0 5 0 4 4 5 3 5 2 1 5 5 1 2 0 3 1 3 0 3 5 3 3 3 3 4 3 4 5 5 2 4 0 4 1
   3 3 5 4 0 4 4 3 3 4 0 1 1 3 3 5 1 2 5 2 1 0 1 0 3 2 2 5 1 4 0 1 0 1 3
   5 2 0 5 4 1 5 4 4 3 0 5 2 2 2 2 2 2 1 2 2 1 2 4 4 1 0 2 5 1 0 4 1 2 5
   0 0 3 1 5 2 4 4 2 2 5 1 2 2 5 2]
  [0 2 5 4 4 1 1 1 2 2 5 4 5 0 0 2 1 4 3 0 5 4 5 5 0 4 2 4 5 0 1 0 4 0 0
   3 2 5 3 1 0 0 4 4 2 2 1 4 4 5 0 0 5 3 4 2 5 5 3 5 0 0 3 4 5 1 3 1 3 3
   0 5 3 5 4 4 4 0 5 4 2 5 1 2 5 0 5 2 3 1 3 4 1 2 3 4 1 3 2 0 2 0 4 0 4
   4 5 3 4 0 3 4 0 3 3 5 1 0 4 0 0]
  [0 1 2 2 3 3 3 2 0 3 3 0 0 4 2 0 5 3 3 4 4 1 2 4 0 5 4 0 2 4 1 0 0 5 0
   4 4 2 5 2 0 3 0 1 4 2 0 3 3 3 1 3 3 3 3 1 3 3 5 3 0 3 1 4 5 5 2 0 5 4
   1 3 4 5 0 2 5 0 2 3 5 0 5 0 2 1 2 2 0 5 2 2 0 3 0 4 2 1 1 0 2 4 1 0 2
   3 0 5 3 1 4 4 0 2 3 3 0 3 0 1 4]
  [0 0 3 0 5 0 0 0 0 3 2 0 0 1 2 0 1 0 4 5 1 5 0 4 1 1 2 2 1 1 1 4 1 2 0
   0 3 2 0 3 4 4 5 5 5 1 4 4 1 0 0 4 5 2 4 4 4 4 5 4 4 1 4 3 1 5 3 1 2 2
   4 5 5 1 4 2 1 4 1 1 2 4 1 2 2 4 3 3 4 3 3 4 3 2 0 4 2 2 2 5 2 1 0 1 4
   1 0 3 5 1 0 1 0 3 4 4 0 4 1 0 5]
  [0 3 0 4 1 5 5 2 3 5 3 0 0 4 1 5 3 5 1 1 3 2 4 4 1 0 3 0 0 3 5 4 4 4 0
   1 0 5 1 0 2 1 0 3 1 0 3 4 5 2 1 0 2 2 4 3 4 4 4 4 0 1 0 2 0 5 0 0 1 4
   0 3 4 5 2 5 4 0 4 3 2 1 1 3 2 5 4 1 4 5 4 3 1 0 1 5 3 0 0 3 3 1 5 4 2
   1 4 1 4 4 2 0 0 5 5 5 4 5 1 1 4]
  [0 0 5 0 5 0 2 1 1 5 4 2 5 1 1 2 5 5 0 4 4 1 2 3 4 4 3 2 5 2 0 0 4 2 3
   2 3 0 3 3 3 1 4 1 1 5 2 2 4 2 1 2 3 5 2 4 5 4 3 1 3 3 5 1 0 3 4 0 0 2
   3 5 1 3 4 1 4 2 4 3 4 0 2 4 1 1 0 5 5 2 1 5 0 2 1 3 0 0 5 5 2 2 3 3 5
   4 4 5 1 0 5 4 2 2 4 2 1 0 2 2 1]
  [0 4 0 3 3 4 3 0 5 2 0 2 5 5 4 1 1 5 1 0 1 0 5 4 4 0 3 2 3 4 0 4 0 5 4
   2 3 3 0 1 3 1 5 3 0 3 1 0 2 4 4 4 2 1 4 3 1 4 1 4 4 5 5 4 2 2 5 3 1 5
   4 0 2 4 1 2 1 4 0 3 1 2 1 3 3 2 4 3 0 3 0 3 2 2 2 0 3 3 2 4 0 0 4 4 0
   4 2 0 4 3 1 1 2 4 2 4 0 4 4 2 3]
  [0 1 0 3 1 5 0 2 0 5 0 3 2 3 1 3 0 5 3 5 3 5 2 3 0 5 0 0 1 2 5 2 1 3 4
   2 3 5 5 0 3 2 4 0 3 4 3 1 0 3 2 0 1 4 4 1 2 3 0 4 1 3 2 5 2 4 0 1 4 2
   1 4 0 3 5 4 5 5 2 1 1 5 4 2 5 4 1 0 2 2 1 5 4 4 4 5 0 3 3 0 4 1 3 5 2
   0 1 4 1 4 1 4 4 0 2 3 4 5 1 3 2]
  [0 1 1 0 5 3 4 5 0 5 2 2 5 0 0 1 4 5 5 3 0 3 2 3 2 4 0 4 0 5 5 4 0 2 0
   5 5 2 4 5 0 3 0 4 0 1 1 5 5 3 0 1 3 0 0 4 5 0 4 0 1 0 3 5 2 1 4 0 3 4
   5 0 4 3 2 0 1 2 5 1 4 0 2 4 0 5 2 0 1 3 0 1 3 5 0 2 3 4 3 2 5 2 5 5 2
   3 4 0 3 2 3 0 5 0 0 1 1 3 1 5 4]
  [0 5 4 5 2 0 0 4 4 2 2 4 0 0 2 3 5 2 0 3 2 0 1 3 5 2 5 5 4 0 4 5 3 2 1
   0 0 5 0 2 5 0 2 0 1 2 2 0 4 3 2 5 1 4 3 2 1 5 1 4 2 5 1 1 3 2 3 3 1 4
   0 1 4 1 2 2 2 1 1 5 2 2 0 0 3 0 1 0 4 2 2 0 1 5 4 1 1 3 0 3 4 2 0 1 2
   3 4 5 1 5 2 5 1 3 2 4 4 2 3 5 2]
  [0 3 5 1 4 2 4 0 4 5 3 2 2 4 1 0 5 5 3 3 3 3 3 2 3 3 2 4 4 3 0 1 0 5 4
   5 2 0 5 4 2 1 0 3 3 1 0 0 5 4 2 5 4 2 3 2 0 2 3 1 0 1 3 4 3 2 1 5 2 0
   2 0 5 0 5 2 3 5 5 0 0 4 4 5 5 3 5 3 4 3 0 3 4 2 1 3 0 1 3 2 3 0 2 2 3
   3 3 2 1 5 4 5 2 3 4 5 1 4 1 4 4]
  [0 3 1 2 4 1 1 3 5 0 5 0 4 3 0 3 3 5 5 3 0 0 5 1 2 3 0 1 4 4 0 3 4 0 1
   1 2 1 3 3 1 4 1 0 3 2 5 4 0 2 0 2 3 5 5 0 1 5 1 4 2 1 1 1 4 5 0 2 2 3
   0 2 2 3 1 3 2 2 2 0 0 1 5 5 1 5 3 4 4 1 5 3 5 5 3 5 1 3 3 4 3 0 4 1 4
   1 1 4 5 3 4 0 5 3 4 5 3 1 5 0 5]
  [0 1 4 5 3 0 0 5 5 0 5 4 1 5 3 5 2 3 5 3 1 2 4 4 0 5 0 1 5 4 1 4 2 4 0
   1 1 4 0 5 4 4 4 2 0 4 1 0 0 5 1 2 2 0 1 1 3 1 3 1 2 2 5 4 4 4 5 3 3 3
   3 3 3 1 0 4 3 1 4 5 5 0 0 3 1 2 1 4 3 0 0 3 3 4 0 0 1 1 4 1 0 1 0 2 4
   0 1 3 3 0 2 5 3 2 1 4 4 2 3 5 5]
  [0 2 3 5 0 0 4 2 4 3 1 4 5 5 3 1 3 1 2 5 4 3 4 3 3 1 4 4 0 0 5 0 3 3 5
   5 1 1 0 4 5 0 0 5 3 0 1 3 2 1 1 2 1 3 5 2 3 1 4 2 1 2 5 1 0 1 5 3 3 4
   0 1 0 1 4 4 5 0 2 2 4 5 3 3 3 2 4 5 4 2 5 3 1 5 5 0 2 0 0 3 0 3 1 3 4
   4 1 3 3 4 3 0 2 3 5 2 1 4 4 4 3]
  [0 4 1 1 0 0 1 0 0 4 4 3 5 0 2 4 2 4 5 4 3 5 5 1 4 5 0 2 2 0 4 0 5 5 1
   0 0 0 0 4 3 2 4 4 4 2 0 1 1 3 2 4 2 5 1 2 1 0 2 0 5 0 2 5 4 2 2 5 5 5
   1 2 2 2 1 0 5 1 5 5 2 3 0 2 4 0 0 2 1 2 3 0 5 1 2 0 3 5 2 0 1 5 2 1 5
   3 5 0 2 3 4 5 5 0 5 3 4 0 4 1 2]
  [0 4 1 1 4 5 3 3 2 4 2 4 3 2 0 3 0 1 0 0 3 1 2 4 1 3 3 0 3 5 5 0 4 1 1
   2 5 2 0 5 3 4 3 2 3 5 4 0 1 3 4 0 2 4 1 5 2 4 5 5 0 2 3 1 4 2 4 3 5 1
   5 0 1 4 5 0 0 5 4 0 4 3 4 1 1 0 0 3 2 2 4 2 5 0 0 3 3 2 0 4 1 1 4 4 4
   1 2 2 5 1 3 3 2 1 0 0 3 3 4 2 4]
  [0 2 5 4 5 3 5 2 3 5 0 1 1 4 5 3 1 2 2 1 1 2 3 0 1 4 0 5 4 0 0 2 4 0 0
   1 3 2 0 1 1 1 0 3 0 2 2 3 0 3 5 3 0 5 0 3 2 3 5 3 4 4 1 5 5 0 1 0 2 5
   5 4 4 0 0 2 4 4 0 2 2 5 3 1 0 4 5 1 0 4 1 4 5 5 4 5 4 0 0 2 2 5 2 4 2
   3 0 3 4 2 3 0 2 5 2 5 5 5 4 5 4]
  [0 0 4 2 1 4 2 5 4 1 1 1 0 2 2 2 2 1 5 1 5 5 1 1 3 1 1 5 0 5 5 4 0 4 2
   1 0 0 3 4 5 1 5 3 3 0 4 3 4 0 5 5 1 0 2 2 4 3 3 1 0 5 1 5 4 5 2 0 2 3
   0 5 2 2 1 2 4 1 3 0 4 4 5 5 3 2 4 1 5 3 1 2 2 3 2 0 1 0 2 2 3 1 0 4 2
   4 0 3 5 1 5 4 3 1 0 3 0 5 3 4 4]
  [0 1 4 5 2 5 1 3 2 4 5 2 1 0 3 4 5 2 0 2 3 0 1 5 4 0 2 1 2 0 5 2 3 2 3
   4 2 2 5 3 2 5 1 1 0 3 2 4 2 4 0 4 5 0 4 0 3 4 5 4 4 5 4 5 4 3 1 1 3 2
   2 4 1 2 4 0 2 3 2 4 5 1 0 2 2 3 0 3 5 3 3 5 0 2 5 1 3 0 4 5 4 5 3 5 3
   5 1 2 0 4 1 2 4 5 4 0 4 2 0 4 2]
  [0 3 2 3 4 4 1 0 4 3 4 1 0 2 1 2 4 5 1 2 1 2 2 3 3 0 3 2 1 2 2 4 0 0 2
   5 1 1 2 4 2 5 0 3 2 0 1 0 4 2 5 0 3 3 2 1 5 1 2 5 4 0 4 5 0 0 1 1 1 2
   2 2 5 0 5 4 5 5 2 5 5 2 5 1 0 4 5 2 3 5 2 1 3 4 0 3 5 3 3 0 0 0 2 1 3
   4 0 4 5 4 3 0 5 2 1 3 1 2 2 5 1]
  [0 2 3 0 3 1 4 1 2 5 2 4 1 2 3 2 5 3 1 2 2 4 5 1 4 2 2 5 5 0 2 5 4 4 2
   3 2 2 5 2 5 2 2 3 4 1 2 3 4 1 0 3 0 5 2 5 1 3 2 5 5 2 3 0 2 4 3 3 3 0
   2 3 4 2 3 3 5 1 4 5 4 0 2 1 0 1 0 3 0 3 5 2 0 4 5 3 4 5 0 5 4 3 2 2 5
   1 0 0 1 1 5 3 1 5 5 1 2 4 4 1 3]
  [0 2 2 2 2 1 0 0 1 4 5 2 5 4 1 4 2 4 3 2 4 0 0 2 2 0 1 0 1 4 2 5 3 5 4
   2 0 3 4 4 3 4 5 5 5 1 5 0 3 4 3 5 5 0 4 4 4 2 4 5 1 2 2 5 2 4 5 0 4 3
   0 0 3 2 0 3 5 1 4 4 1 4 4 1 4 2 1 0 2 4 0 0 0 5 2 3 5 5 0 2 2 5 5 2 2
   0 1 5 5 3 4 3 0 5 3 0 5 0 5 5 4]
  [0 3 0 1 0 4 2 1 4 3 1 0 0 1 2 3 3 2 5 1 0 0 3 4 2 4 2 3 2 4 0 3 1 3 5
   2 2 5 5 1 1 4 4 0 1 1 3 2 3 0 2 4 3 0 0 5 0 4 4 4 0 1 0 0 5 3 2 1 3 5
   2 0 2 1 5 5 4 5 1 5 3 3 5 5 4 3 5 0 5 1 5 4 3 3 2 0 3 0 3 3 0 1 3 3 2
   0 4 1 1 3 1 3 4 3 5 3 2 2 1 5 1]
  [0 2 0 1 3 0 0 5 4 0 1 2 5 5 3 4 4 3 0 4 2 1 2 0 2 2 5 4 2 4 4 4 3 4 4
   2 1 5 5 1 1 2 3 4 1 4 1 3 1 5 0 1 1 1 3 0 3 0 2 0 4 5 2 5 1 0 1 4 2 1
   2 4 5 3 1 1 0 0 3 2 0 1 2 2 5 1 2 1 0 0 0 1 1 4 5 4 2 4 0 1 2 2 4 1 0
   3 5 1 3 3 4 3 2 4 4 0 5 0 4 2 3]
  [0 3 0 3 0 2 4 2 4 0 3 4 5 2 4 3 1 5 3 0 1 5 5 1 4 2 4 3 3 1 5 5 0 0 4
   4 5 1 3 1 1 0 4 5 4 5 4 3 4 2 0 2 4 3 1 5 0 3 0 3 1 3 5 4 3 4 3 2 0 0
   2 4 4 3 5 1 1 2 2 4 2 3 0 1 4 2 3 3 2 4 5 0 3 3 0 2 3 5 2 3 0 4 0 0 1
   4 4 5 0 5 4 2 1 4 1 4 4 1 5 2 3]
  [0 1 5 4 0 5 4 4 3 4 3 2 2 0 2 4 2 0 3 1 5 2 2 5 4 4 5 5 4 4 1 0 4 4 4
   2 0 0 2 0 0 5 5 1 5 4 3 0 0 4 3 0 4 4 4 2 2 0 1 0 4 1 0 5 3 4 0 5 0 2
   0 3 5 0 5 1 0 1 5 4 2 3 5 3 2 0 1 5 0 4 1 1 0 5 2 3 5 0 2 2 5 4 4 3 4
   3 4 3 2 3 4 4 4 2 1 1 3 1 4 4 2]
  [0 1 3 1 1 0 2 0 0 4 4 4 1 3 4 4 3 5 4 4 5 1 2 2 1 3 0 0 5 2 3 0 1 2 4
   2 4 5 3 0 5 5 4 5 1 1 4 4 0 2 2 2 4 5 1 1 0 3 0 5 5 2 0 0 1 1 2 3 4 1
   1 5 3 1 3 4 4 0 0 3 5 2 0 4 3 2 4 5 1 2 0 0 5 5 1 1 0 1 2 4 0 4 2 4 2
   0 1 5 2 3 4 4 3 2 0 1 2 5 4 4 0]
  [0 5 5 4 4 1 5 2 5 1 1 0 2 3 2 1 5 3 5 3 3 2 2 5 5 4 2 4 5 1 2 1 1 1 5
   4 3 4 5 4 3 3 4 3 3 3 0 2 2 4 0 5 3 0 1 3 2 5 2 0 1 1 1 3 3 5 0 0 0 2
   2 1 2 1 2 1 4 0 2 2 3 0 4 5 0 5 2 5 5 5 2 1 0 5 1 5 2 0 2 3 4 5 4 2 0
   0 4 0 0 0 0 0 2 5 0 4 3 5 5 1 1]
  [0 0 5 3 5 4 1 2 3 5 3 2 0 1 4 5 4 3 2 0 4 4 0 4 3 0 5 2 4 5 0 0 1 1 4
   0 0 0 3 0 0 3 5 0 2 2 1 3 1 0 5 0 4 1 1 0 5 0 2 4 0 4 3 1 1 2 4 3 5 3
   0 0 2 3 4 0 0 5 5 5 1 5 0 4 3 3 5 1 2 5 3 2 4 2 4 2 1 0 2 3 3 4 1 1 2
   0 5 0 3 5 1 4 0 1 3 2 4 3 2 0 5]
  [0 1 4 5 4 0 4 4 2 5 5 2 1 2 3 2 5 1 1 3 1 0 4 2 0 0 3 0 0 5 2 4 2 4 0
   3 3 5 3 0 1 1 5 5 5 4 5 2 3 2 2 3 5 2 2 3 1 2 1 4 2 0 0 1 0 0 2 4 4 4
   3 4 5 5 5 1 2 0 3 2 3 3 3 4 4 4 2 5 5 4 1 5 2 5 2 0 0 2 3 3 1 0 5 4 3
   2 3 2 1 2 1 2 5 0 1 2 1 4 4 5 3]
  [0 2 5 3 1 4 1 0 5 4 1 5 5 2 2 0 2 1 3 2 0 3 3 2 5 1 0 4 1 2 0 1 5 4 1
   2 3 2 0 1 1 3 0 1 4 0 5 4 3 2 2 3 1 0 2 5 0 4 1 0 3 3 0 5 3 5 3 3 4 4
   0 2 5 5 4 0 5 3 4 4 0 1 1 1 0 2 3 5 1 0 2 4 4 1 2 0 5 4 5 5 0 3 4 3 1
   2 5 4 0 4 0 0 5 3 2 5 4 0 2 1 1]
  [0 4 5 3 2 5 1 3 1 0 5 2 0 2 0 4 4 2 1 1 0 4 0 3 1 1 2 3 1 5 4 2 0 5 2
   3 5 4 2 3 3 3 4 2 3 0 0 2 3 0 5 2 1 0 0 1 0 5 3 1 5 3 3 0 3 5 2 1 0 2
   5 4 1 4 2 3 5 5 3 2 2 2 3 3 1 0 0 0 2 2 0 3 4 3 5 1 2 1 2 4 4 5 5 2 3
   4 3 0 2 1 2 3 3 3 3 5 3 2 3 0 1]
  [0 4 3 3 1 3 0 0 1 4 3 1 4 1 5 0 2 3 2 5 4 1 1 1 4 1 3 3 5 3 0 0 2 3 0
   1 5 4 4 2 1 5 4 5 1 4 0 0 3 3 5 3 0 5 2 4 2 2 0 5 2 4 4 4 0 1 2 0 0 2
   1 5 5 1 4 5 1 1 2 5 2 5 2 1 1 0 0 1 3 1 2 1 2 0 5 1 2 2 5 5 1 5 3 1 5
   3 2 0 3 3 4 1 2 5 5 2 0 1 3 2 0]
  [0 2 2 3 0 1 5 5 1 4 0 0 4 1 2 0 3 0 3 0 0 3 4 1 3 4 5 5 0 0 2 1 1 1 2
   3 3 4 2 5 1 0 4 2 0 2 0 3 1 4 0 2 0 1 2 4 1 2 4 1 3 4 4 0 5 0 5 1 1 2
   0 2 1 3 2 0 0 3 1 2 1 0 0 1 5 4 2 1 3 4 5 1 2 0 3 4 1 4 3 4 1 3 0 2 1
   3 1 2 3 1 3 5 4 4 3 4 4 5 0 4 0]
  [0 1 2 1 0 5 0 3 2 4 0 4 3 3 5 5 1 3 5 5 4 1 0 3 1 3 4 5 2 3 3 1 3 5 4
   2 4 3 1 1 5 4 0 0 5 4 3 4 1 4 3 2 1 5 3 2 0 2 5 4 2 0 2 1 2 0 0 2 5 2
   3 3 2 4 5 0 3 0 1 2 4 4 4 4 2 0 2 5 3 1 3 5 5 3 5 1 3 0 3 4 2 4 4 0 5
   2 0 5 0 5 2 0 2 3 3 1 1 0 5 3 3]
  [0 4 1 0 1 3 1 1 3 4 3 2 3 4 4 4 4 0 4 5 5 5 3 3 4 3 0 5 2 5 2 2 5 5 3
   5 0 4 3 0 5 1 2 1 5 2 0 5 0 4 0 1 4 2 2 2 5 2 5 0 3 2 4 5 1 1 4 0 0 4
   2 3 3 0 0 3 0 0 1 4 4 3 0 1 2 0 4 0 1 5 1 0 3 2 0 0 3 1 0 4 0 1 2 1 5
   2 1 1 5 5 2 3 5 2 2 0 5 3 3 0 1]
  [0 4 0 5 2 3 2 2 2 4 5 4 0 3 3 1 5 4 2 5 0 1 3 0 0 0 5 2 2 1 0 2 5 0 2
   1 1 4 3 0 4 4 0 1 3 4 2 1 1 5 4 3 5 2 2 1 4 1 2 2 1 4 4 0 1 2 0 4 0 2
   5 4 3 2 3 1 1 4 4 4 4 3 3 5 4 4 1 4 4 0 2 5 5 3 1 5 3 4 3 2 5 2 0 4 0
   0 0 4 5 1 4 3 1 5 0 1 5 3 4 1 1]
  [0 2 3 0 4 3 5 5 4 0 3 4 5 5 4 2 4 0 0 5 3 0 5 0 1 5 4 0 0 1 5 0 4 3 2
   0 0 0 1 2 0 4 0 4 4 5 1 3 2 3 5 0 4 1 4 4 0 4 3 5 0 2 3 2 2 3 5 0 2 0
   2 4 4 3 5 2 2 4 3 3 3 5 3 5 1 3 1 0 4 2 0 1 2 1 0 2 3 2 5 4 2 4 5 2 5
   3 2 0 3 1 3 5 1 5 2 0 3 4 4 0 4]
  [0 4 1 2 1 0 1 5 5 4 0 1 5 0 0 2 5 4 5 5 3 2 2 5 0 3 4 4 4 5 0 3 1 1 5
   4 5 0 5 5 2 4 2 2 4 1 3 1 0 2 2 1 2 0 2 3 0 2 3 1 2 3 5 5 2 4 3 1 0 5
   0 2 1 4 4 2 2 4 0 2 0 0 5 2 3 0 1 0 3 2 3 5 0 5 1 3 0 1 1 1 0 1 3 3 1
   4 0 0 5 1 2 1 3 4 3 2 5 5 1 3 3]
  [0 4 1 2 1 3 0 4 4 0 2 3 2 3 2 4 3 2 1 0 0 3 5 1 0 3 4 1 3 1 4 2 4 0 4
   1 1 3 4 3 5 2 4 2 4 5 4 0 0 4 2 2 0 4 2 1 4 0 1 1 1 1 5 1 2 2 1 5 0 2
   2 0 5 0 4 2 2 1 1 3 3 5 5 5 2 1 5 4 2 3 4 1 4 2 4 0 1 1 1 3 0 0 0 5 3
   0 1 3 4 3 5 0 0 0 4 5 1 4 3 4 5]
  [0 5 0 0 5 1 2 3 2 1 2 1 2 4 5 1 5 3 2 2 2 5 5 5 5 2 4 2 1 4 0 5 3 0 1
   2 4 5 3 4 5 4 5 1 4 0 1 5 4 3 3 5 2 0 4 1 0 3 5 3 3 2 3 0 3 3 3 2 2 1
   2 4 0 5 0 0 2 3 5 4 2 2 3 3 5 4 5 4 0 1 4 4 1 1 1 3 3 0 2 2 0 4 0 0 2
   4 4 1 5 3 0 1 2 2 3 4 4 2 0 1 5]
  [0 2 1 4 0 2 5 1 0 0 0 5 4 1 1 1 1 0 5 4 5 3 2 1 0 3 2 5 4 0 1 5 3 5 5
   5 4 2 2 3 2 5 5 1 4 1 1 2 1 4 1 3 3 3 5 3 2 4 0 4 3 2 3 1 2 4 5 1 3 3
   5 2 0 0 0 4 1 5 4 1 0 2 2 5 1 1 2 1 2 2 3 2 2 0 2 1 0 2 1 0 0 1 5 3 5
   3 3 5 0 2 4 5 3 4 1 0 0 2 2 4 2]
  [0 5 1 1 1 4 5 4 4 1 2 3 2 1 1 1 5 5 4 3 1 2 1 5 1 1 2 2 4 3 1 4 5 3 2
   3 1 3 4 2 4 4 1 5 0 5 1 2 4 4 1 0 0 0 4 4 5 3 5 2 4 1 0 1 3 5 0 4 2 1
   0 2 4 5 0 5 0 2 1 1 1 2 3 0 4 3 1 2 0 4 4 2 1 4 2 4 1 3 4 4 0 5 5 0 1
   3 5 2 0 2 4 3 2 0 3 4 4 4 4 5 0]
  [0 2 5 4 4 1 2 3 5 2 2 0 1 3 5 1 5 3 2 1 1 2 5 4 4 0 5 0 1 0 0 0 3 5 1
   0 0 3 0 1 1 5 2 5 5 3 1 0 3 1 1 3 1 2 3 0 5 2 3 3 5 1 0 5 4 4 2 5 4 1
   3 5 3 0 5 0 5 4 4 2 4 2 3 4 2 5 2 1 2 3 1 0 0 0 5 2 1 3 0 2 1 4 2 0 4
   3 5 2 1 0 3 2 2 5 1 5 3 1 0 4 0]
  [0 1 2 4 0 5 3 5 4 1 5 1 1 0 1 2 4 3 4 3 3 0 4 5 1 3 2 2 2 3 3 5 3 4 5
   2 2 4 4 4 1 3 3 5 2 1 5 3 0 5 4 2 3 1 0 5 2 1 4 0 5 1 5 4 1 5 0 4 1 4
   4 1 2 1 0 2 0 1 5 2 4 3 1 4 2 3 4 2 0 0 3 1 3 1 5 0 2 5 5 3 5 0 1 5 1
   4 5 5 2 4 3 3 3 4 5 1 5 2 2 2 0]
  [0 0 0 4 2 4 0 2 1 4 5 4 2 5 1 3 2 3 4 0 5 3 3 5 3 4 4 1 0 3 0 1 2 3 1
   0 5 3 2 1 0 3 4 2 3 5 1 3 3 4 4 2 5 5 4 4 5 4 0 5 4 4 0 1 5 3 1 4 1 4
   1 0 4 0 2 2 1 0 2 1 5 4 4 4 3 4 0 0 0 1 0 1 0 2 0 3 4 1 3 5 0 1 3 2 2
   5 3 0 5 0 2 0 0 4 0 2 3 0 4 3 2]
  [0 3 5 3 4 3 0 2 5 1 2 1 0 2 4 3 3 3 5 4 5 3 0 2 5 0 4 1 0 5 0 4 0 3 2
   0 0 2 2 1 1 4 5 4 3 1 0 4 1 5 1 1 2 1 5 0 4 3 0 0 5 5 2 1 5 1 3 0 2 4
   5 3 2 3 1 0 4 4 0 1 1 1 5 0 0 5 5 0 1 3 5 4 5 4 5 5 3 0 4 4 1 4 5 4 2
   2 4 4 1 3 2 5 3 0 0 4 1 0 1 3 3]
  [0 3 5 2 2 4 2 3 1 2 1 2 5 0 0 3 2 3 3 5 1 2 0 4 4 3 0 5 0 4 4 5 3 1 5
   0 5 3 3 3 1 5 2 5 2 4 2 4 1 1 5 2 4 0 1 2 2 3 3 4 3 4 3 0 2 1 4 5 5 1
   0 5 1 4 3 1 0 5 2 0 4 3 3 1 4 4 0 3 2 5 3 4 1 3 4 0 4 0 0 1 5 3 3 3 0
   2 5 4 1 1 4 1 2 1 4 4 3 2 0 0 0]
  [0 0 5 2 1 1 4 1 0 5 3 3 5 4 2 5 4 4 1 5 2 1 1 2 1 2 0 2 5 0 2 1 3 3 1
   4 1 5 5 1 3 0 1 4 5 4 5 5 3 2 4 3 4 3 2 1 5 2 5 0 2 3 1 3 1 1 2 3 3 5
   3 5 4 0 4 1 2 3 4 4 0 5 2 5 1 4 3 4 5 0 4 4 2 5 0 5 3 1 4 3 3 4 1 3 3
   3 5 2 2 2 0 2 4 2 5 4 2 2 4 5 1]
  [0 5 2 4 5 0 0 2 0 0 1 2 0 3 4 0 2 5 1 0 3 2 5 4 4 5 1 0 2 3 0 0 2 5 5
   3 2 2 5 5 0 3 1 5 3 4 4 5 1 4 0 5 4 0 3 0 3 1 3 4 0 4 5 0 3 4 3 4 2 3
   5 0 5 4 4 2 1 5 1 3 0 0 4 1 0 0 2 5 5 2 2 0 2 3 2 5 3 5 3 5 3 3 0 1 5
   5 0 4 5 2 5 3 2 4 5 5 1 1 5 4 2]
  [0 1 5 2 4 4 1 1 5 3 0 4 1 0 2 2 4 2 4 4 1 0 2 0 0 5 4 3 0 0 5 0 1 2 5
   3 2 5 4 3 1 2 2 2 4 0 5 1 1 0 1 2 0 2 1 1 2 1 1 2 5 2 3 3 1 4 1 5 5 4
   0 4 0 2 3 1 3 3 1 0 2 1 0 2 4 1 0 2 3 1 4 3 1 1 2 3 4 1 0 2 0 5 5 2 5
   0 2 5 5 3 4 4 1 3 4 2 4 3 4 1 3]
  [0 4 1 4 0 0 4 4 3 1 2 0 4 0 3 3 5 1 1 3 4 2 2 4 0 1 4 2 0 1 0 4 4 0 5
   0 5 4 3 2 0 5 1 3 2 5 5 3 4 4 5 5 0 4 5 1 2 1 4 0 0 0 2 4 0 2 3 0 4 3
   5 0 3 3 3 3 1 2 4 5 2 0 4 0 0 5 1 1 3 2 2 1 3 4 0 2 0 4 4 0 4 0 5 3 4
   5 2 3 1 1 3 1 4 2 0 0 0 2 3 3 4]
  [0 4 1 0 5 4 3 0 2 0 5 0 4 5 1 5 2 1 0 4 5 0 5 5 3 3 5 0 0 5 1 1 3 5 2
   0 5 5 1 2 1 5 3 2 4 3 1 1 0 3 1 1 4 3 1 2 5 2 4 0 4 4 0 0 0 2 2 3 1 1
   0 3 1 2 0 1 5 2 1 3 3 0 4 3 0 4 5 4 5 2 2 0 4 3 2 5 1 0 4 2 0 1 0 3 5
   4 0 1 5 0 1 2 1 4 1 5 1 3 0 4 1]
  [0 5 2 5 2 0 4 4 2 5 2 5 1 4 0 5 3 2 2 2 0 0 4 0 1 1 3 0 3 2 0 3 5 2 0
   1 4 4 5 3 2 5 1 3 3 3 3 4 5 4 2 3 2 2 3 1 3 3 4 3 0 3 4 2 4 1 1 5 4 4
   3 0 1 4 3 2 1 3 2 3 2 0 4 4 0 0 2 4 3 4 5 0 5 0 5 2 5 0 1 3 4 2 0 0 1
   1 0 3 0 5 3 1 1 2 0 3 3 1 5 2 0]
  [0 1 0 0 2 3 2 2 5 2 2 1 0 2 1 0 1 4 0 0 0 0 5 5 5 0 1 1 2 4 3 5 3 3 5
   4 3 5 0 2 5 4 4 5 5 0 3 1 3 4 2 0 5 3 5 2 1 5 1 3 5 4 1 4 2 4 4 5 0 4
   5 3 1 5 5 4 0 4 0 5 0 1 2 5 0 2 0 1 5 3 5 4 3 3 2 2 2 3 1 5 2 2 5 2 0
   4 5 1 4 5 2 1 2 2 0 5 0 2 5 4 0]
  [0 0 3 3 5 3 5 2 1 1 0 2 4 5 1 1 2 5 5 2 4 3 4 1 3 0 1 4 4 1 2 3 0 1 5
   1 5 1 4 5 4 1 3 5 3 1 2 4 3 2 5 4 5 3 1 0 5 3 1 0 5 1 1 2 4 2 3 4 5 5
   4 3 1 4 2 5 0 4 0 4 1 4 3 3 3 4 3 0 0 3 1 0 4 5 5 0 5 3 3 1 4 4 4 1 2
   1 1 1 0 2 5 2 3 4 1 3 2 1 0 5 0]
  [0 5 2 4 2 5 3 0 3 0 3 4 2 4 0 2 1 5 1 4 4 1 1 1 2 0 3 5 2 2 1 3 3 5 1
   0 2 0 0 2 5 1 2 4 3 3 5 3 2 4 1 4 3 2 5 2 3 5 3 2 4 2 1 2 2 1 4 3 3 0
   0 2 3 4 4 0 1 1 3 1 0 4 5 2 4 2 2 0 0 0 2 0 0 5 4 5 0 3 5 3 0 0 1 1 4
   2 4 2 3 0 5 4 1 1 3 0 4 4 5 1 3]
  [0 5 5 0 2 4 2 4 3 1 1 2 4 2 4 0 0 5 5 1 3 3 3 3 4 4 5 3 5 4 1 2 3 3 4
   2 2 1 5 1 0 1 0 4 0 5 2 2 0 5 3 0 1 4 2 2 5 0 1 2 0 5 4 5 2 2 1 3 0 5
   3 2 5 5 4 5 2 0 4 3 2 3 2 3 2 5 4 1 2 0 0 2 4 5 0 2 4 0 1 4 2 0 1 4 0
   0 5 4 3 2 0 3 2 0 5 2 2 4 5 5 3]
  [0 0 0 0 2 1 1 5 5 0 4 2 0 3 2 1 2 4 5 4 3 2 5 4 3 4 1 2 0 1 4 2 2 3 5
   1 3 3 3 2 0 1 1 0 2 0 5 4 0 4 1 3 3 3 3 5 1 5 4 4 5 1 5 2 0 0 1 0 2 0
   5 0 5 1 2 3 1 0 4 4 4 3 2 5 1 5 4 2 1 1 0 5 1 4 3 2 4 5 3 1 3 0 4 1 0
   4 2 4 5 4 0 3 0 1 1 0 1 4 5 0 4]
  [0 0 3 2 0 1 5 1 5 3 3 1 0 0 0 2 3 1 2 4 4 4 2 2 3 4 5 2 0 3 1 2 5 0 3
   4 2 4 4 1 3 0 2 5 0 1 5 2 5 3 5 1 3 5 3 3 4 4 2 4 4 0 0 3 4 3 2 2 4 5
   2 3 5 0 5 5 0 4 0 1 0 5 3 0 4 2 4 0 3 2 4 0 1 2 5 0 3 4 5 0 2 5 5 2 4
   4 3 1 1 0 1 2 1 2 4 1 0 3 2 1 4]
  [0 2 3 0 2 4 3 1 1 4 4 4 2 3 3 1 3 0 3 3 4 1 2 5 4 1 1 3 3 1 1 0 4 0 4
   1 1 4 1 5 1 0 0 4 5 0 4 1 3 2 1 2 2 2 1 1 2 5 3 1 4 0 0 5 1 2 1 4 1 1
   4 5 5 0 2 1 2 0 1 1 2 1 1 5 4 4 1 3 0 5 0 1 0 4 5 4 3 1 5 0 3 1 4 4 3
   3 2 0 2 0 2 5 1 4 5 4 2 3 2 4 1]
  [0 1 0 1 4 5 2 5 2 3 2 5 3 5 5 5 3 5 5 3 3 4 0 0 0 4 5 4 3 4 1 0 0 4 3
   0 4 5 2 0 4 4 4 2 1 4 2 2 0 2 5 1 0 1 5 3 4 1 1 2 5 4 5 4 3 2 0 2 4 2
   0 5 0 3 5 5 5 1 2 4 1 0 2 5 0 1 5 1 3 4 0 3 2 0 2 3 4 2 1 0 4 1 5 0 1
   3 2 2 1 0 3 1 4 0 3 2 2 4 2 1 0]
  [0 0 1 1 4 2 0 5 2 2 4 4 0 2 5 3 5 2 5 2 3 3 2 1 5 3 1 2 2 0 4 3 4 3 4
   1 2 5 3 5 5 5 4 3 0 1 1 5 5 5 1 0 2 0 1 5 2 5 2 1 2 4 0 0 1 0 0 4 3 5
   1 0 0 1 5 5 3 5 3 2 0 5 5 0 5 0 5 4 4 5 0 5 2 4 0 5 5 5 2 4 4 3 0 4 0
   1 4 2 3 0 3 3 1 1 4 1 0 5 5 0 2]
  [0 3 0 5 5 2 3 5 0 4 3 5 5 5 3 3 0 4 4 3 4 2 1 3 2 3 2 3 2 5 5 3 4 0 5
   3 1 3 2 0 2 5 0 1 3 0 3 1 1 2 2 0 0 2 4 4 5 2 2 1 1 3 5 2 1 5 4 2 2 0
   2 5 4 3 4 1 2 0 4 2 3 5 0 4 4 4 4 2 2 1 4 3 4 0 1 0 3 5 3 1 0 5 5 1 0
   0 0 1 5 5 5 1 3 5 2 3 4 3 2 5 4]
  [0 1 2 0 3 2 4 2 2 4 1 1 3 4 2 1 5 1 2 0 1 4 4 2 5 1 0 0 2 0 2 2 3 2 1
   3 3 3 5 5 4 1 3 0 0 5 0 2 1 5 5 0 0 5 5 3 2 1 1 2 1 0 4 3 2 0 4 1 3 2
   0 0 0 5 3 1 5 4 3 4 2 4 1 2 1 1 2 2 5 0 1 5 4 2 3 4 0 5 4 3 2 1 1 1 4
   3 0 3 4 0 2 0 1 5 3 0 0 4 5 1 2]
  [0 5 5 1 2 3 4 2 4 5 2 3 5 3 2 5 0 2 5 0 1 4 0 0 5 4 2 1 4 0 4 3 4 5 2
   4 5 3 4 2 5 1 5 5 3 3 1 3 1 4 2 3 4 2 5 3 4 2 0 5 5 1 1 4 0 5 1 5 5 0
   4 0 1 0 4 1 2 3 5 0 5 2 1 0 4 2 4 5 2 4 3 3 5 0 1 3 0 0 2 1 4 1 4 3 1
   0 3 1 5 0 1 3 3 5 2 3 1 0 0 2 0]
  [0 1 2 1 0 3 4 5 3 5 1 0 2 4 0 2 1 5 5 5 4 5 2 5 5 3 5 4 5 1 3 0 5 2 2
   5 2 0 1 5 5 2 1 1 1 4 0 2 1 0 1 4 3 3 4 5 2 0 0 3 2 2 4 2 2 3 4 1 0 0
   4 1 3 1 4 3 5 0 0 1 0 5 2 3 0 3 3 5 1 4 2 4 4 4 0 3 4 2 0 3 1 1 2 4 4
   0 5 4 0 2 4 5 1 4 0 2 1 3 5 4 5]
  [0 3 0 0 2 1 0 2 5 3 0 0 4 5 3 1 4 1 5 0 2 3 4 1 5 5 4 3 0 4 1 5 3 0 4
   0 5 5 3 4 1 3 2 5 4 0 3 2 0 1 3 4 3 5 1 2 3 1 5 1 1 3 0 4 4 3 3 3 3 5
   1 0 5 4 2 1 5 5 5 0 5 5 0 1 2 2 0 4 2 2 4 4 0 4 2 1 0 4 3 0 5 3 2 4 1
   1 3 1 1 2 0 4 4 4 0 2 0 5 5 3 2]
  [0 0 2 4 3 3 5 0 4 5 5 0 4 4 3 5 2 3 4 1 2 5 5 3 1 1 2 3 4 5 5 2 4 2 1
   2 2 1 4 5 1 0 4 1 5 5 3 0 3 4 1 1 2 4 1 4 4 2 1 5 3 3 2 4 4 0 4 0 3 1
   0 2 2 1 3 0 4 4 5 1 0 1 2 2 0 4 1 2 2 4 1 5 5 5 4 3 0 4 3 2 0 0 3 0 0
   2 0 2 4 2 4 4 2 4 3 2 2 3 2 5 0]
  [0 3 5 5 1 0 4 4 4 2 2 0 1 0 5 1 3 3 4 0 0 3 2 4 3 5 4 5 5 1 5 2 5 4 4
   0 1 4 5 0 0 1 5 2 3 0 0 5 5 4 3 5 0 5 3 3 2 0 1 3 1 4 5 5 1 5 0 0 3 0
   2 5 4 1 3 4 3 1 5 3 5 3 1 0 1 1 4 4 3 2 4 4 1 1 3 2 0 4 1 1 5 0 4 4 4
   3 3 2 3 2 4 3 4 5 3 5 0 1 2 3 5]
  [0 2 5 2 4 1 4 2 0 3 1 3 4 0 1 2 0 0 1 2 3 0 1 4 1 0 1 0 3 1 1 2 0 3 3
   3 4 5 5 5 1 5 4 1 4 5 4 0 4 5 0 0 0 3 4 0 2 2 4 4 3 1 4 1 3 3 1 4 2 4
   3 4 1 1 1 0 4 2 3 4 3 5 5 3 5 2 0 1 1 3 4 4 0 2 5 5 0 5 4 1 5 4 0 5 5
   0 1 4 1 1 2 4 5 2 0 3 0 3 3 4 2]
  [0 0 1 2 1 5 1 3 5 2 2 3 2 4 2 1 1 2 2 4 2 5 5 2 2 1 3 5 4 4 0 2 0 5 1
   1 4 0 4 4 3 5 3 2 3 1 1 1 1 2 0 1 2 0 1 4 1 2 2 1 4 5 1 5 4 2 4 2 5 4
   0 2 0 5 5 5 0 2 5 4 5 4 2 3 1 4 4 0 4 4 1 4 3 2 4 0 1 2 2 5 4 4 0 0 0
   2 4 1 4 3 2 5 1 0 4 5 1 5 5 0 0]
  [0 1 2 3 0 1 5 3 2 2 2 2 2 0 2 5 2 2 1 4 4 3 1 5 1 5 2 3 0 1 0 5 4 3 1
   5 5 1 4 2 3 4 5 2 1 5 5 3 5 3 2 4 4 2 4 4 1 5 3 2 0 2 2 4 2 5 3 2 5 3
   5 0 2 0 4 5 0 0 2 4 0 4 4 3 4 3 3 0 4 0 1 1 2 0 1 0 1 3 1 3 0 2 0 2 0
   0 4 5 4 1 2 3 5 3 2 0 0 1 0 1 4]
  [0 0 4 3 5 0 2 2 4 0 1 1 3 3 5 3 1 1 5 1 5 3 0 3 1 1 3 1 3 0 3 0 3 5 0
   0 1 4 1 3 4 1 5 1 3 2 3 4 5 4 5 2 2 2 3 1 1 2 5 1 3 4 5 0 3 1 2 5 0 5
   4 1 1 3 3 4 2 0 2 2 4 0 0 5 3 5 2 3 0 0 1 4 1 5 1 4 4 3 5 4 2 3 3 3 4
   0 2 5 3 0 2 3 4 0 0 2 5 0 4 3 4]
  [0 3 2 3 2 0 3 0 1 3 4 2 5 4 2 1 1 4 1 5 3 5 2 5 1 0 2 4 5 3 5 4 1 2 1
   2 3 4 5 2 3 1 2 2 3 4 1 0 5 4 3 5 4 5 5 2 2 1 1 0 0 3 1 4 5 1 2 5 3 4
   3 4 5 0 2 2 4 2 0 4 1 0 5 5 5 2 3 2 3 1 0 5 0 0 0 0 3 3 1 3 3 5 3 2 5
   5 0 3 2 2 4 2 3 5 2 5 3 3 2 0 4]
  [0 3 5 4 3 4 1 5 4 1 4 0 5 1 2 4 3 5 2 1 1 0 5 4 5 5 4 1 0 1 5 5 1 5 5
   3 3 2 0 0 4 1 0 4 0 3 5 2 2 3 5 2 4 3 3 1 3 0 4 5 2 5 2 4 4 3 3 3 3 4
   1 1 1 1 4 0 5 0 3 0 0 0 1 5 1 5 3 1 2 5 4 0 1 1 2 3 2 3 4 4 5 3 0 5 4
   5 1 0 4 2 1 4 1 0 4 2 4 5 5 3 0]
  [0 3 2 2 5 5 3 0 2 3 3 1 1 3 2 4 2 4 1 0 5 4 0 5 4 4 4 3 5 0 5 4 3 2 4
   4 4 0 5 4 4 4 3 5 0 1 1 5 0 4 3 3 0 3 2 1 5 3 3 5 1 5 5 4 1 0 1 5 1 2
   4 5 4 4 0 5 1 2 2 2 1 3 1 0 1 4 2 4 5 1 0 4 2 5 5 2 1 2 2 5 1 2 1 5 5
   2 4 4 0 0 0 1 0 4 2 5 0 1 0 5 1]
  [0 2 4 2 0 1 5 4 1 4 5 4 1 5 1 2 5 0 1 0 4 4 1 5 3 4 3 4 0 0 0 3 1 3 4
   0 1 0 3 4 2 2 1 1 2 2 1 5 3 3 5 0 4 5 2 1 5 1 4 0 5 1 2 1 3 1 4 2 5 4
   0 1 0 5 4 5 1 0 1 0 5 4 2 3 0 0 4 0 5 4 3 0 3 1 0 5 4 0 2 1 2 2 0 1 4
   4 0 5 0 0 2 1 4 3 5 2 5 3 3 2 0]
  [0 4 5 5 1 2 0 0 3 3 3 0 4 3 3 1 4 4 3 1 2 3 3 0 3 2 2 4 1 2 1 5 5 2 5
   2 1 2 0 0 3 4 4 0 2 1 4 1 3 1 1 1 4 0 0 5 0 3 5 3 2 5 0 2 5 1 4 2 3 4
   0 1 0 3 2 1 1 0 3 4 2 1 3 0 0 2 4 4 5 5 1 2 2 5 1 4 4 2 1 4 2 0 4 3 3
   2 4 3 3 1 0 2 3 1 1 3 2 0 3 1 5]
  [0 3 0 3 4 3 1 3 5 2 0 3 2 3 0 2 0 2 0 3 4 5 1 1 1 0 0 2 1 3 5 5 3 2 5
   1 4 2 4 0 2 0 0 3 0 5 1 4 5 2 4 3 5 5 1 1 0 5 2 1 4 0 4 1 5 5 5 4 5 5
   3 4 1 3 1 5 4 3 5 2 4 4 4 3 1 4 4 3 3 4 5 2 1 2 4 1 1 0 3 2 4 4 2 3 5
   0 3 4 2 5 0 0 4 1 1 4 3 3 4 4 4]
  [0 2 2 4 4 2 0 4 2 4 2 0 0 5 3 5 3 0 4 4 4 3 4 1 0 3 2 2 3 4 1 2 5 5 4
   2 1 2 5 3 4 5 2 2 0 5 1 2 2 3 0 0 5 1 3 5 0 2 3 5 5 0 1 0 4 3 2 2 0 3
   4 4 2 3 0 5 4 0 1 4 1 4 4 5 0 3 5 3 4 0 2 5 4 4 5 3 2 5 1 4 3 1 3 5 3
   5 5 5 5 3 2 5 0 0 5 2 0 0 1 4 0]
  [0 3 4 1 5 0 1 3 1 0 2 0 5 1 5 3 1 4 4 2 0 1 1 1 5 1 1 1 0 1 3 3 3 2 3
   3 0 4 2 1 0 1 5 4 4 0 3 0 1 0 2 1 2 3 0 3 3 5 0 5 3 0 1 2 5 0 2 1 0 2
   1 3 0 0 3 5 3 0 4 4 3 4 0 2 1 1 5 5 5 1 5 0 3 4 4 3 0 3 1 3 1 5 1 5 0
   2 2 4 4 0 5 2 2 0 3 3 3 2 3 3 5]
  [0 1 3 2 3 2 0 1 0 3 3 1 5 4 5 1 5 4 1 4 1 2 0 5 0 2 2 4 0 4 0 5 4 3 1
   4 3 5 2 3 0 2 5 2 0 2 5 5 4 1 2 3 2 2 5 0 4 3 5 2 1 3 2 2 2 0 2 0 4 5
   2 3 4 5 4 2 5 3 3 1 2 2 5 3 0 1 4 1 3 1 3 2 5 4 3 2 2 5 1 2 0 4 5 4 3
   0 5 0 2 5 3 5 3 5 0 5 4 2 3 2 5]
  [0 5 3 1 5 5 2 5 1 4 5 3 3 1 1 2 5 5 5 5 3 3 1 0 4 4 4 3 5 1 2 4 3 1 0
   1 5 1 0 1 3 1 1 4 2 5 3 4 4 3 0 0 0 5 0 4 5 0 5 5 3 5 1 1 3 3 4 5 1 0
   3 4 2 0 4 2 1 2 2 0 4 5 0 5 3 2 1 0 1 5 5 3 0 0 3 0 2 4 1 1 4 1 4 3 5
   4 2 0 4 5 1 3 5 2 3 0 4 4 2 3 1]
  [0 0 3 1 5 4 5 5 2 0 3 3 5 4 3 3 5 1 5 3 4 5 3 5 4 5 5 4 2 4 2 3 1 3 1
   1 1 4 3 4 4 1 1 5 1 5 2 4 4 2 4 3 3 4 0 3 3 5 5 0 3 3 5 4 1 4 3 2 4 1
   2 0 5 5 3 0 4 2 5 2 5 1 2 4 0 5 3 0 4 0 5 3 0 1 4 2 4 0 1 2 5 5 0 3 3
   2 3 4 3 3 1 0 0 5 0 1 0 3 4 3 3]
  [0 1 5 0 4 3 3 4 1 0 4 5 2 5 1 3 3 3 5 1 0 3 4 2 1 2 1 5 0 4 3 1 1 3 2
   3 3 1 1 2 2 1 5 3 4 2 4 4 0 1 5 3 0 1 5 1 4 0 1 5 1 0 5 5 1 4 5 5 3 1
   1 0 3 3 1 3 2 1 4 5 1 2 3 3 4 3 1 0 5 2 0 4 4 5 0 1 3 3 5 3 3 5 1 5 3
   3 4 2 0 1 0 2 2 4 3 4 5 0 2 5 3]
  [0 0 5 4 2 5 4 3 5 1 5 3 0 4 2 5 4 3 5 2 0 1 1 1 4 0 4 1 0 4 5 5 0 5 4
   3 0 0 4 1 5 0 0 2 1 5 4 5 4 1 2 2 3 2 3 3 3 1 5 1 1 1 3 2 5 0 5 0 3 2
   0 2 5 3 5 3 4 0 2 0 2 0 2 4 3 1 2 4 5 3 2 3 2 2 4 3 5 4 4 0 5 4 5 3 3
   1 5 5 4 5 3 3 1 2 0 5 1 3 0 5 2]
  [0 3 3 4 3 3 2 1 1 2 1 2 4 4 0 4 5 4 0 5 3 5 2 4 4 1 5 4 1 2 4 3 1 4 5
   5 3 1 0 1 1 5 5 2 1 1 4 4 5 5 5 0 0 0 1 1 2 2 1 1 2 4 5 0 3 3 0 0 4 2
   0 3 2 1 4 4 5 0 1 5 3 0 4 4 3 0 4 1 5 0 5 1 5 2 5 0 3 2 4 2 0 0 2 2 1
   3 5 0 2 2 2 4 1 1 5 5 0 0 2 0 4]
  [0 1 0 2 2 5 1 3 5 0 1 2 5 2 0 1 0 1 5 4 5 4 0 1 0 4 4 1 4 2 5 4 4 4 4
   2 5 1 5 1 4 5 2 4 2 0 0 3 0 1 2 3 2 2 4 2 2 4 0 2 5 3 0 0 4 1 0 2 3 5
   4 2 5 5 0 0 1 1 3 2 2 1 0 1 1 4 0 1 5 2 2 1 2 3 5 1 4 0 4 3 1 1 1 4 1
   5 0 1 1 3 2 4 1 1 3 2 0 3 1 1 0]]

 [[0 3 2 1 3 5 3 1 3 3 1 1 3 4 0 5 3 0 1 2 0 2 5 1 0 4 2 3 4 0 4 5 4 0 5
   4 4 2 1 4 0 3 4 2 5 2 0 4 0 4 1 4 1 4 5 2 0 4 1 2 4 0 5 2 2 2 4 1 0 2
   0 4 0 4 3 3 1 3 5 3 5 1 3 5 3 1 4 0 3 4 5 3 5 3 4 3 1 1 5 3 2 3 2 2 3
   2 3 3 2 0 2 5 2 3 0 0 4 4 2 3 4]
  [0 0 1 5 2 2 3 0 0 2 1 3 5 3 0 3 5 2 2 2 3 0 2 2 5 0 1 1 0 0 1 4 4 4 2
   4 2 3 3 0 2 1 3 4 3 0 4 4 0 3 4 4 3 5 5 0 5 0 2 5 2 0 0 1 5 5 3 3 3 2
   5 0 4 2 5 3 3 2 3 2 4 3 1 5 0 4 3 4 3 5 0 4 5 2 2 3 0 0 5 4 5 0 0 1 1
   5 5 5 5 3 1 0 5 5 4 1 3 0 0 0 3]
  [0 3 0 3 2 3 1 2 1 4 4 5 0 3 5 0 0 5 5 0 5 5 5 0 3 3 4 3 2 2 1 1 4 4 5
   4 5 3 4 2 5 5 3 5 3 3 5 2 5 5 3 5 1 1 2 3 2 1 0 2 0 3 2 3 4 0 0 4 2 2
   5 4 2 5 1 4 4 2 4 4 5 3 0 2 0 2 5 2 2 2 1 3 1 5 4 3 0 3 5 1 1 2 1 5 2
   3 1 5 1 4 1 1 1 0 4 3 5 1 2 0 5]
  [0 5 5 0 4 3 3 1 0 0 3 4 4 2 3 4 5 4 5 3 2 0 2 3 4 1 4 1 0 3 2 5 1 2 3
   5 4 1 5 5 0 3 1 1 3 3 4 5 0 5 1 5 5 4 1 5 3 4 3 4 4 2 3 4 4 1 0 0 5 3
   3 5 1 1 1 0 3 5 3 0 5 2 1 3 3 0 3 4 1 2 5 3 0 3 2 1 1 2 2 2 5 0 1 4 0
   4 1 0 0 1 4 3 1 5 1 0 3 1 4 2 5]
  [0 2 0 1 0 5 5 4 2 1 3 1 3 4 4 4 3 3 4 4 2 4 5 5 1 3 5 3 4 5 2 1 4 0 0
   4 0 4 3 0 2 0 4 1 1 1 5 3 0 1 2 0 5 0 1 0 4 4 4 4 0 5 1 1 3 4 0 2 3 3
   0 3 5 1 4 0 0 1 4 3 3 3 4 2 0 3 2 3 2 4 5 0 5 3 3 4 1 5 2 4 3 1 0 5 2
   2 0 4 2 1 1 2 2 0 0 2 4 4 1 4 2]
  [0 1 0 0 4 0 4 4 1 3 2 3 2 3 3 0 2 3 3 5 2 3 3 1 2 4 5 2 3 1 1 4 1 3 0
   3 4 1 3 1 1 0 4 3 2 1 0 1 3 4 4 4 2 4 3 0 1 0 3 5 3 2 3 0 1 1 4 3 1 2
   5 3 5 2 1 2 1 2 1 0 3 4 3 5 2 1 5 5 5 2 2 3 5 3 5 2 0 0 0 4 3 5 3 3 3
   4 3 3 0 4 2 0 2 0 5 5 3 0 0 0 3]
  [0 5 1 0 3 0 0 1 0 3 3 1 4 0 2 2 1 1 1 4 0 5 0 5 3 2 2 1 2 5 3 5 1 0 5
   5 1 3 3 4 3 4 3 1 2 0 3 2 2 5 4 2 5 0 5 2 4 4 2 3 5 1 5 0 2 1 5 4 2 1
   3 0 2 1 1 5 5 1 5 3 4 5 1 2 2 0 0 5 5 4 3 3 3 0 1 3 0 2 3 4 2 5 5 1 1
   4 2 1 1 4 4 2 5 2 5 5 5 5 1 3 3]
  [0 1 0 0 4 4 4 0 5 1 4 4 1 5 4 3 1 0 4 4 1 2 3 4 1 1 4 0 5 1 4 3 4 2 1
   1 4 0 3 0 0 3 1 5 3 2 4 5 1 1 4 3 2 1 3 2 0 3 5 0 3 2 3 3 3 1 2 3 0 0
   2 2 0 2 1 2 4 3 1 2 1 3 5 2 0 4 0 5 2 4 4 1 2 3 0 3 0 4 5 4 2 2 4 4 3
   5 3 2 4 1 5 0 4 4 4 3 2 5 2 4 0]
  [0 2 1 1 2 2 0 1 0 1 4 3 0 5 0 1 1 1 2 4 0 2 0 4 5 0 1 3 0 5 3 3 0 3 0
   5 1 0 3 1 0 4 1 2 5 1 2 0 0 3 0 5 3 3 0 1 5 1 5 1 5 4 0 5 0 2 3 1 3 5
   2 2 5 1 0 5 1 1 3 1 1 2 3 1 5 0 1 4 0 2 0 3 2 2 0 1 4 3 5 0 2 2 1 2 2
   2 2 0 1 2 3 0 4 0 5 0 1 1 4 5 3]
  [0 5 3 0 2 0 0 0 4 0 3 5 1 5 3 1 3 5 1 3 0 3 4 2 4 3 3 3 2 4 2 4 5 0 2
   4 3 4 2 5 3 2 3 3 0 2 3 5 0 5 1 0 2 0 5 3 0 1 2 3 0 5 1 4 3 5 0 1 3 3
   2 3 3 4 4 0 0 4 5 5 3 4 3 2 4 4 2 5 2 1 0 5 4 5 0 3 1 5 1 0 5 2 5 0 3
   0 2 3 3 0 3 3 1 3 2 2 3 1 1 0 3]
  [0 2 4 5 5 5 1 5 3 1 0 4 5 5 5 4 2 0 4 5 3 4 5 5 5 4 1 3 3 1 4 0 2 2 4
   2 5 3 5 0 1 4 1 2 5 3 1 1 5 4 4 4 4 1 1 5 5 3 5 1 2 5 3 3 0 4 0 5 4 5
   2 2 3 4 3 2 2 4 4 4 0 2 2 0 2 1 5 3 2 4 0 4 2 3 5 4 2 2 0 2 0 2 5 4 3
   4 0 3 2 1 2 0 3 2 0 4 5 4 2 0 1]
  [0 5 2 1 3 1 2 0 2 5 1 0 0 4 1 0 2 3 4 3 3 1 3 4 4 3 0 1 1 1 4 0 1 3 1
   2 5 1 1 2 4 3 3 3 3 0 0 3 0 0 0 3 4 5 1 1 5 4 0 0 1 4 0 2 4 1 5 1 3 2
   4 3 0 4 1 0 5 4 4 4 0 1 3 1 5 3 0 0 2 5 4 0 5 3 0 2 5 0 4 4 4 3 0 4 1
   1 5 0 4 0 4 2 0 3 4 2 2 5 1 2 0]
  [0 5 3 0 1 3 0 2 5 1 4 0 0 5 0 5 2 0 1 2 0 0 3 2 0 0 2 3 0 5 1 2 0 4 4
   1 1 1 4 5 2 3 3 2 0 3 0 4 0 0 5 5 4 4 4 1 4 5 2 3 0 5 0 3 5 2 0 0 5 1
   0 4 2 1 4 3 0 2 1 4 2 4 3 1 2 5 3 0 3 5 4 4 3 5 3 1 1 3 5 2 2 2 3 4 4
   3 1 5 2 2 1 0 1 0 5 2 3 4 0 3 1]
  [0 5 5 0 4 5 0 3 0 2 2 5 4 0 0 0 4 5 3 0 0 2 3 5 2 2 2 5 5 2 5 5 2 4 2
   4 3 1 2 0 2 0 3 2 0 5 3 1 2 4 3 2 4 3 5 2 2 3 4 2 1 5 4 5 1 1 4 0 4 5
   3 4 4 4 2 5 4 1 3 5 0 3 1 1 1 1 4 3 5 0 3 5 3 0 2 4 5 4 4 1 2 5 4 1 5
   1 3 5 4 4 1 2 5 2 1 1 5 0 3 4 1]
  [0 0 4 2 2 1 3 5 3 1 2 5 2 0 0 0 0 3 5 0 0 1 3 3 0 3 4 5 1 1 1 4 4 2 4
   3 0 2 1 0 0 0 3 0 3 4 4 5 2 2 2 1 1 1 5 5 1 0 2 2 5 0 0 3 0 1 5 5 0 5
   3 0 3 1 5 3 2 3 0 0 4 4 1 5 0 4 4 0 0 1 5 5 2 2 5 5 1 5 3 2 3 1 1 0 3
   0 4 1 2 3 0 5 0 3 4 5 4 0 5 5 3]
  [0 2 4 4 2 4 2 1 3 1 1 5 4 0 4 0 0 3 5 4 1 3 5 2 3 0 0 5 0 3 0 4 0 2 1
   0 5 0 5 1 5 3 5 0 5 3 2 0 0 5 1 1 0 3 4 1 2 5 5 3 2 5 3 4 4 0 0 4 2 5
   5 1 1 4 2 0 0 3 2 0 5 3 1 2 0 0 0 1 4 1 2 0 0 3 0 1 1 5 2 3 4 2 3 0 3
   0 1 2 0 1 4 5 3 2 0 3 4 3 5 2 4]
  [0 5 2 2 5 3 4 3 0 3 0 5 2 0 1 4 0 4 0 0 5 0 5 3 5 5 0 0 1 5 2 3 4 0 2
   2 5 0 2 4 4 1 4 3 4 2 0 2 1 5 1 0 1 5 2 0 2 5 5 2 1 1 4 2 2 0 5 0 4 4
   0 3 0 1 3 3 0 1 4 1 1 5 0 5 4 4 3 5 4 3 3 3 1 4 2 5 2 1 5 3 4 1 5 0 3
   1 2 2 1 4 5 2 3 5 2 5 3 5 0 1 1]
  [0 2 0 5 4 2 4 1 2 0 4 1 4 0 0 1 2 0 3 0 2 3 0 3 4 3 0 4 5 1 0 0 3 5 4
   0 4 3 1 3 1 5 4 1 4 1 0 4 3 1 2 0 1 0 3 2 2 5 1 4 2 0 5 4 5 1 1 3 4 5
   1 5 3 0 2 5 3 1 0 4 3 2 3 0 3 4 4 1 0 0 5 3 5 5 2 2 1 1 5 3 0 5 5 0 4
   0 3 4 2 0 3 1 2 4 1 0 2 1 3 0 2]
  [0 3 2 0 5 2 2 3 1 4 4 4 3 1 4 3 5 4 0 0 2 5 3 1 1 5 5 4 4 4 0 5 3 2 3
   1 0 5 2 4 5 4 3 5 0 2 0 1 4 0 0 0 4 2 3 0 0 4 1 1 5 4 3 0 0 4 3 4 5 1
   1 3 0 4 2 0 2 1 4 2 3 4 2 4 1 0 1 4 2 1 1 0 0 0 5 3 5 5 3 4 4 3 5 0 5
   2 4 2 4 3 2 5 5 3 4 5 1 5 4 1 5]
  [0 1 0 5 2 3 1 4 5 2 4 3 3 3 4 0 0 0 1 0 0 5 2 1 5 0 5 2 3 5 4 5 2 2 1
   3 0 3 3 0 4 1 0 1 5 1 0 1 1 1 4 2 1 2 3 1 4 2 2 1 2 5 5 1 3 0 2 0 0 1
   5 3 5 3 0 3 3 1 5 4 1 2 0 3 4 5 1 2 0 4 1 5 1 5 4 0 1 0 0 5 4 5 1 5 0
   4 4 0 1 2 4 1 4 4 4 5 1 2 3 1 4]
  [0 1 3 4 5 4 1 0 3 3 1 0 0 5 4 4 0 1 3 5 0 3 5 2 2 1 1 0 3 4 2 1 0 3 1
   5 0 0 4 3 2 2 5 3 3 3 0 2 3 2 4 0 3 0 1 4 0 3 5 4 2 5 5 1 5 1 2 1 2 4
   4 1 0 5 1 4 0 5 0 2 1 1 0 3 4 3 2 5 3 1 3 5 4 1 5 3 4 0 5 2 3 3 4 1 5
   1 3 1 4 1 1 5 5 0 2 0 2 4 3 3 4]
  [0 0 5 3 2 0 0 5 5 0 4 4 3 1 4 0 5 1 1 5 3 0 0 2 1 2 5 1 5 1 4 2 3 1 1
   5 3 2 2 1 4 0 2 3 2 5 4 1 5 5 2 3 5 0 3 3 2 4 1 3 3 0 2 1 5 5 1 5 2 5
   2 1 5 2 4 3 1 3 2 1 0 5 2 0 2 4 4 4 3 4 4 1 0 5 4 5 0 4 3 5 3 0 4 3 5
   5 2 4 0 2 5 2 5 0 2 2 0 4 3 0 0]
  [0 5 0 2 3 0 0 4 4 5 5 0 4 3 5 3 0 4 5 1 0 3 0 4 4 1 2 2 4 3 3 0 3 0 4
   1 2 2 0 1 2 1 4 2 5 5 3 1 0 0 0 4 4 4 1 5 0 5 2 3 4 1 3 0 3 1 3 3 5 0
   2 1 5 4 0 1 3 0 0 4 0 1 5 2 2 0 0 1 1 0 0 1 0 1 4 0 3 3 0 0 2 1 2 5 4
   0 4 2 5 0 3 2 0 0 4 2 1 0 5 3 1]
  [0 4 1 0 2 2 5 0 0 1 2 2 3 5 4 2 3 4 0 2 1 4 4 0 5 5 1 3 3 5 0 2 3 5 5
   0 2 0 3 5 2 5 3 4 1 5 0 4 2 2 1 4 1 5 3 0 3 3 1 4 1 1 5 1 5 1 5 1 4 3
   2 2 2 2 1 0 0 3 3 2 0 1 2 2 5 4 1 5 4 5 5 2 0 2 4 4 5 1 1 0 1 5 1 1 3
   5 1 1 2 2 0 0 5 5 0 1 1 5 3 3 2]
  [0 0 2 5 1 5 4 4 0 3 3 0 5 0 0 0 1 5 1 3 4 0 5 2 0 0 5 4 1 5 1 0 0 0 4
   0 2 1 5 2 1 2 5 5 1 1 5 3 0 2 0 2 4 4 5 1 4 4 3 1 0 5 1 3 5 2 2 5 1 1
   5 1 1 5 2 1 0 3 1 5 0 1 0 1 5 2 3 0 5 0 1 3 5 4 0 1 1 3 4 0 1 2 0 0 4
   1 3 1 1 3 2 2 4 2 1 2 4 3 4 4 3]
  [0 2 2 0 0 0 2 1 2 4 0 3 1 1 3 5 3 4 1 2 5 4 4 3 0 0 1 1 1 1 4 2 2 2 5
   3 1 5 3 0 4 5 0 3 3 2 4 3 3 5 5 0 2 4 5 0 2 3 3 2 0 4 2 1 5 4 4 2 0 5
   4 2 0 3 5 2 2 0 3 5 1 5 4 3 3 4 3 2 4 4 0 4 3 0 3 5 0 0 0 1 0 0 2 1 1
   0 3 3 1 2 4 5 5 3 4 4 4 1 0 3 2]
  [0 1 1 3 2 2 1 4 0 2 4 0 0 2 3 3 0 2 5 4 4 1 4 5 2 2 0 4 5 2 1 4 2 1 3
   3 2 2 2 0 0 5 4 1 2 5 0 4 4 3 4 1 5 5 4 1 2 1 4 3 5 4 0 4 4 1 1 2 2 1
   1 1 2 4 2 1 0 1 5 0 4 4 0 2 0 1 0 4 2 3 4 0 2 2 1 4 3 0 0 4 1 3 2 0 5
   0 1 4 1 3 0 0 5 4 0 1 0 4 3 2 4]
  [0 5 3 0 0 1 3 0 0 1 0 4 1 4 3 4 4 2 1 3 3 0 5 3 1 3 2 0 1 5 5 3 4 5 1
   5 2 4 4 3 1 2 1 5 0 2 2 5 0 2 3 2 1 3 1 1 0 2 0 5 1 4 5 2 1 3 3 1 3 1
   4 2 3 2 4 1 3 4 5 0 0 4 0 5 1 2 4 0 4 2 4 0 5 3 4 1 3 5 5 1 1 4 4 4 4
   3 0 2 1 5 3 0 1 5 5 0 3 4 2 0 3]
  [0 3 5 5 5 5 3 3 4 3 4 2 5 2 3 4 4 1 5 5 0 4 0 3 4 0 1 5 0 4 1 0 3 3 5
   4 4 3 2 5 4 4 4 0 4 1 0 3 4 5 4 4 0 0 1 5 0 0 3 0 0 0 3 5 4 0 4 0 0 4
   3 3 3 5 0 2 0 4 5 4 2 2 5 2 2 4 4 4 4 0 5 4 5 4 0 2 3 1 3 5 0 3 3 4 5
   2 1 4 4 0 0 1 4 0 1 4 2 2 4 4 0]
  [0 4 0 4 2 1 1 3 5 3 4 3 3 5 5 5 2 2 5 5 0 3 1 1 2 2 1 4 0 0 3 0 3 3 1
   4 1 5 5 4 1 1 3 5 2 0 2 0 2 2 5 3 0 3 1 1 2 4 4 2 0 4 0 4 1 4 2 2 1 5
   4 1 3 3 3 2 5 5 0 0 0 3 0 3 2 5 5 3 5 3 5 1 1 5 5 0 3 0 1 5 3 5 5 2 0
   2 2 2 3 2 3 2 3 4 0 3 0 2 2 4 1]
  [0 2 5 4 0 2 4 3 1 2 0 4 3 5 0 5 5 1 2 2 3 2 4 0 4 3 1 5 4 4 0 4 2 3 4
   2 3 4 4 2 3 2 2 1 1 2 3 4 4 5 1 2 5 3 2 3 0 1 1 5 5 2 2 0 1 5 3 3 1 4
   4 2 0 5 5 1 0 4 4 2 2 1 4 5 5 5 2 5 4 3 2 2 0 3 4 4 1 5 2 1 5 3 2 2 2
   2 2 1 2 0 5 5 1 1 4 5 5 2 5 4 4]
  [0 4 2 3 0 4 4 0 2 1 5 2 1 5 5 1 4 2 1 4 0 3 4 5 1 1 0 1 3 2 5 0 5 0 2
   3 3 2 2 3 4 1 5 2 3 3 1 1 5 2 0 1 1 4 5 4 1 1 4 5 3 0 5 3 0 5 1 1 4 2
   3 4 3 4 0 0 2 5 1 5 1 3 0 3 0 2 4 0 0 2 1 2 2 2 3 5 4 5 3 5 1 1 0 3 3
   5 2 2 0 0 0 0 1 0 5 3 5 5 3 5 2]
  [0 0 2 5 0 0 1 1 2 3 0 4 0 0 5 3 0 4 2 5 5 2 4 4 5 4 1 5 0 0 0 2 0 1 1
   1 4 5 4 2 3 4 4 4 1 0 0 3 0 5 4 3 4 3 2 3 5 0 1 5 1 2 4 0 0 2 1 0 1 1
   2 1 4 1 4 1 2 5 5 0 5 0 1 2 1 1 1 4 4 3 1 0 1 3 1 4 2 2 0 5 1 0 3 5 0
   2 0 2 2 0 3 2 1 0 1 5 4 2 0 1 0]
  [0 1 3 3 5 4 0 5 4 2 5 5 4 5 5 5 4 2 1 3 2 1 5 0 5 2 1 1 0 4 5 3 4 0 5
   4 5 1 4 4 0 1 1 0 4 4 3 1 1 3 0 0 2 1 3 2 4 1 5 0 1 5 2 0 0 4 0 4 2 1
   3 5 4 1 4 4 5 1 3 1 4 2 0 1 4 2 5 5 2 4 3 3 2 1 1 1 2 2 2 1 1 1 0 3 0
   0 5 2 2 4 5 1 4 3 4 5 5 3 1 1 1]
  [0 2 4 2 5 5 3 1 3 4 3 0 0 0 1 0 3 1 1 0 2 0 0 4 4 0 0 5 5 1 1 2 2 2 0
   1 5 4 0 0 0 4 0 1 2 3 2 1 1 5 3 1 5 4 2 5 5 0 2 3 2 5 1 2 3 0 0 2 2 1
   5 1 1 4 3 4 1 0 0 3 2 2 5 1 2 2 5 1 3 0 2 1 4 5 4 0 5 4 2 4 4 1 0 2 1
   4 3 4 1 3 4 2 4 4 3 2 4 3 0 3 1]
  [0 1 1 0 5 0 1 2 3 4 0 1 2 3 4 1 0 5 2 5 1 1 5 2 5 4 5 3 2 2 4 5 4 3 2
   0 3 5 5 4 5 1 1 0 4 3 1 0 4 1 2 2 2 3 4 5 2 3 3 1 1 4 0 5 0 1 1 3 5 5
   1 0 0 2 0 5 0 4 4 4 1 3 0 3 0 1 0 3 5 1 2 0 4 3 4 1 4 0 2 5 1 2 4 5 2
   5 0 2 5 2 5 5 0 1 2 0 3 4 5 2 4]
  [0 2 4 1 4 1 3 3 2 4 5 2 5 1 0 4 2 0 2 3 5 0 4 5 4 5 1 2 3 4 3 1 3 0 0
   1 0 1 2 1 5 0 1 1 1 2 2 1 0 1 3 2 1 0 3 2 4 5 0 1 4 3 4 4 3 2 3 4 1 3
   4 5 2 3 1 0 0 5 5 3 2 5 1 2 2 3 3 5 3 2 4 1 1 5 5 2 0 2 3 4 3 1 4 4 1
   2 1 2 5 0 2 4 5 5 2 2 2 0 1 3 0]
  [0 2 4 2 3 2 3 5 0 5 0 0 0 1 0 0 1 2 2 3 4 3 0 3 5 4 1 4 4 5 2 4 3 1 1
   1 2 0 4 5 4 1 4 4 0 3 5 4 5 1 3 2 1 1 2 2 1 3 3 1 3 1 0 2 3 5 5 0 4 3
   1 1 2 3 4 4 4 3 2 0 0 5 3 4 0 5 1 1 4 1 0 3 5 2 0 2 1 5 0 5 1 1 4 0 2
   3 2 2 4 5 3 5 0 3 0 3 4 5 1 1 5]
  [0 2 5 1 2 3 3 5 3 4 5 4 3 2 5 4 3 0 3 5 1 2 5 1 2 2 2 5 5 3 3 5 3 2 5
   0 3 2 0 4 2 3 3 0 2 4 4 0 5 0 0 0 4 5 4 1 3 0 4 3 0 1 0 5 3 2 3 1 4 0
   1 3 3 1 4 2 2 0 1 3 3 5 2 2 3 5 4 0 3 0 3 4 2 0 3 1 5 4 1 3 1 4 1 5 0
   3 0 5 0 3 1 0 0 5 3 2 4 1 4 1 0]
  [0 5 4 3 4 0 2 3 3 4 1 4 0 3 3 5 4 1 2 3 2 5 2 2 4 3 5 0 1 2 5 4 2 5 5
   2 2 1 0 0 5 4 4 5 3 1 2 5 0 0 2 5 1 3 3 2 3 4 0 2 3 0 0 5 0 4 2 0 3 3
   4 4 0 4 4 4 1 5 2 2 1 4 2 5 3 2 2 5 0 0 5 2 4 2 0 2 2 5 4 0 2 0 1 0 1
   3 1 1 2 4 4 1 5 1 1 1 2 2 3 0 0]
  [0 1 3 2 5 2 2 0 0 5 5 3 2 3 0 2 3 1 5 4 5 4 0 4 3 2 0 4 1 5 3 0 0 0 0
   2 3 2 5 4 0 1 1 2 2 0 5 3 4 0 0 4 1 3 1 3 4 3 0 4 1 3 4 5 0 1 3 0 5 2
   3 3 3 5 1 1 5 4 5 0 5 0 3 3 4 0 4 1 2 3 0 4 5 1 5 5 2 2 2 0 2 1 5 5 0
   1 4 4 1 4 5 2 5 5 0 0 5 3 3 4 5]
  [0 2 5 3 3 1 2 2 0 0 2 2 0 5 4 3 5 2 3 3 4 4 3 1 4 3 3 1 3 5 0 0 2 5 4
   1 2 5 0 2 0 0 3 3 4 5 4 3 3 1 1 4 3 3 5 3 1 4 1 0 3 3 1 3 3 0 3 3 1 0
   0 1 4 1 2 5 1 0 2 0 2 1 1 1 4 5 3 2 4 1 4 1 1 1 4 5 3 1 3 4 2 4 2 0 2
   0 2 4 1 1 1 2 1 3 2 5 1 1 0 4 2]
  [0 0 0 5 3 2 5 2 4 4 3 3 0 4 3 2 5 2 2 4 1 0 1 2 5 3 2 4 4 3 5 4 4 4 3
   1 0 3 1 3 4 5 0 3 3 0 2 2 2 1 5 0 4 5 5 5 3 3 0 2 1 4 3 0 1 5 5 4 1 2
   0 1 0 2 0 1 1 0 1 4 3 2 1 5 1 2 2 2 4 5 1 5 0 0 0 4 0 4 3 4 3 2 4 3 1
   5 3 0 2 0 0 5 0 3 1 3 2 4 0 0 3]
  [0 0 5 1 3 1 1 5 2 2 2 1 0 2 4 2 5 0 1 0 5 1 2 1 0 4 2 5 4 0 3 1 2 0 0
   5 3 0 3 2 1 5 5 0 1 3 4 5 0 5 1 1 2 0 3 2 4 1 3 1 0 3 0 4 3 1 1 2 1 0
   1 4 3 3 5 3 0 2 5 4 2 4 1 4 1 5 3 0 3 4 3 4 0 3 1 5 0 3 5 4 0 0 5 3 2
   4 1 2 0 4 1 3 2 2 3 5 3 2 2 5 5]
  [0 3 3 4 1 1 3 5 0 2 2 1 4 3 1 2 1 4 3 3 4 0 1 2 0 0 1 0 1 5 4 1 0 4 3
   1 2 1 5 1 0 4 4 4 0 2 3 1 0 5 4 5 2 3 2 3 2 5 0 4 5 2 4 2 2 3 2 1 3 5
   5 1 0 1 5 1 3 3 1 0 1 4 0 0 2 0 5 1 0 3 4 2 3 1 5 4 2 1 2 0 1 1 0 0 0
   3 1 5 1 0 2 1 4 2 0 2 3 3 3 3 1]
  [0 3 2 4 3 5 1 2 2 5 3 5 0 0 1 3 5 1 4 0 1 5 4 3 1 5 0 1 0 3 2 5 4 1 4
   2 0 3 2 3 3 1 0 0 4 0 5 3 5 0 1 4 5 0 3 2 3 2 0 0 5 2 4 4 4 0 5 2 1 2
   2 5 0 1 0 3 5 2 1 2 5 4 1 3 5 0 2 1 0 2 1 3 1 4 1 3 2 4 0 0 0 4 5 1 5
   1 3 2 2 2 0 1 0 1 4 3 4 0 5 2 0]
  [0 4 0 1 0 5 4 3 5 4 1 0 0 4 2 0 5 3 3 5 0 1 0 3 5 2 4 4 4 0 3 2 4 5 3
   2 2 0 2 5 2 3 2 1 0 0 0 4 0 5 2 4 0 2 3 0 1 1 1 3 1 0 0 3 1 0 4 5 5 1
   1 4 5 1 1 2 3 1 1 1 5 1 5 1 1 5 1 4 1 3 1 5 0 0 5 3 0 5 2 3 0 4 2 2 0
   1 5 5 0 1 0 2 4 0 1 5 5 5 2 1 1]
  [0 2 1 3 3 5 4 3 5 3 5 1 5 2 1 0 3 2 1 3 3 0 0 2 4 4 1 1 1 5 0 3 0 4 3
   5 4 4 4 3 2 1 1 2 2 2 4 0 1 5 5 2 3 2 4 2 4 1 5 0 1 1 4 3 0 4 4 1 2 3
   1 2 0 1 2 5 4 1 0 4 4 4 2 3 0 1 1 0 4 2 5 5 2 5 1 4 4 1 4 3 3 2 5 4 5
   5 2 2 1 1 3 3 3 4 5 5 3 2 5 3 3]
  [0 0 0 3 5 1 5 0 0 3 5 0 5 1 5 0 3 1 2 0 2 4 3 5 1 5 4 0 2 2 5 4 3 0 5
   0 3 0 0 5 5 2 3 1 4 2 1 4 0 4 1 5 4 3 0 1 3 4 1 1 0 0 1 2 5 4 1 0 1 5
   1 0 1 4 3 2 0 2 3 1 5 2 0 2 1 5 2 1 4 5 0 5 4 3 1 4 4 3 4 1 5 0 2 3 5
   0 3 2 1 4 5 5 2 4 4 5 4 1 5 0 2]
  [0 1 1 3 5 5 5 1 4 2 1 1 0 1 3 2 3 1 5 2 5 2 3 1 5 3 4 2 5 1 0 0 5 3 0
   0 4 5 2 3 2 4 0 4 2 5 4 2 0 0 3 1 5 3 0 1 2 3 2 5 2 2 5 2 4 2 1 5 4 3
   2 2 1 4 0 2 4 1 0 4 0 1 3 2 2 0 4 5 0 0 4 3 5 3 1 2 5 2 2 4 2 2 1 0 3
   1 5 1 4 3 2 2 1 2 0 5 5 1 0 1 1]
  [0 4 2 1 5 3 5 4 5 0 3 2 0 3 1 2 5 5 1 4 4 3 2 1 0 2 3 0 1 5 2 0 1 3 1
   5 5 1 5 1 1 3 2 5 2 1 2 2 0 0 0 3 5 3 1 1 1 4 5 1 2 3 5 3 3 0 5 1 1 0
   5 2 4 5 2 3 1 5 3 3 1 3 0 1 0 5 4 1 2 3 2 0 4 1 4 4 0 0 1 1 3 5 2 3 4
   3 0 3 3 3 0 0 0 1 5 4 0 0 2 1 1]
  [0 1 3 2 0 1 5 1 0 5 5 3 2 0 5 4 1 5 4 0 0 3 3 0 5 5 5 2 0 5 3 1 3 4 4
   5 1 1 3 5 1 1 3 0 2 2 3 5 3 4 4 0 2 0 4 5 0 2 0 0 1 0 2 1 0 2 5 3 3 1
   3 4 1 3 5 0 3 3 1 5 2 3 4 2 1 4 1 5 0 5 5 5 3 4 5 5 4 0 4 0 2 0 1 3 1
   3 4 5 2 5 5 5 5 3 4 0 3 2 2 2 2]
  [0 1 1 3 5 5 5 2 3 1 2 1 4 1 3 0 3 2 5 3 1 4 2 5 2 2 3 5 2 0 4 3 2 5 5
   3 1 2 2 2 5 2 5 4 2 4 0 5 3 2 2 5 0 3 4 5 0 3 1 3 0 5 1 2 0 1 0 0 4 5
   3 0 1 5 3 5 1 0 4 0 1 1 0 4 0 3 2 2 1 1 5 5 3 3 5 1 0 4 0 2 2 2 0 3 5
   0 4 4 3 1 5 4 4 0 0 0 3 3 0 5 2]
  [0 2 0 5 5 5 1 2 1 4 3 4 3 1 0 4 3 4 2 5 3 5 4 0 5 4 3 5 0 1 0 0 4 0 0
   3 5 5 4 4 3 3 4 0 4 5 5 0 2 1 0 5 4 0 5 5 4 4 1 2 1 2 5 4 1 2 1 1 1 4
   2 3 2 5 2 3 2 1 3 0 2 5 1 3 3 3 4 5 2 1 0 5 3 2 3 4 3 2 1 4 1 4 5 1 4
   0 0 3 1 1 0 5 3 2 3 4 4 4 5 5 0]
  [0 3 3 4 4 4 2 4 4 0 1 4 2 4 0 3 5 2 5 4 4 5 4 3 5 3 3 1 5 3 0 1 0 2 2
   4 0 1 5 2 1 4 3 1 2 5 1 4 4 2 4 3 1 0 0 0 2 3 2 2 4 2 0 4 4 2 5 5 2 0
   5 1 2 4 4 4 3 5 3 2 0 4 0 4 4 4 3 5 1 1 5 4 1 5 1 3 2 5 2 4 5 0 1 1 1
   2 4 3 3 3 4 5 3 4 1 1 4 4 3 1 1]
  [0 1 1 0 3 1 5 5 4 5 5 2 2 3 1 1 2 0 3 2 2 3 4 5 5 5 3 4 1 0 0 2 2 2 2
   2 2 1 0 5 5 0 4 1 1 4 5 4 0 5 1 1 1 5 4 0 5 4 5 3 4 0 3 2 5 4 1 3 4 3
   1 4 0 0 5 4 4 3 0 4 3 5 0 4 2 2 0 3 5 1 3 4 1 1 0 3 0 0 0 4 5 4 3 3 1
   1 4 1 3 0 0 1 1 4 4 0 5 3 0 5 1]
  [0 0 0 1 5 2 2 3 5 4 1 1 0 0 5 3 3 5 0 3 4 2 0 2 0 2 1 4 1 2 2 2 1 2 4
   3 0 3 1 1 2 2 5 3 1 4 1 3 3 1 4 0 5 2 2 4 0 2 4 4 0 5 1 5 1 3 1 3 4 3
   5 4 1 3 5 4 1 2 2 2 3 0 2 1 4 4 0 4 5 3 3 0 5 4 5 0 5 3 2 5 3 3 3 1 2
   1 4 5 2 2 4 1 3 5 2 5 1 1 1 0 3]
  [0 5 2 5 2 3 3 3 2 0 2 2 0 0 3 4 3 3 0 2 0 1 1 4 5 1 4 2 3 3 3 3 2 0 5
   2 5 1 3 0 2 5 1 4 2 0 2 2 4 2 3 0 5 1 2 0 4 0 5 1 4 3 2 0 0 0 1 5 1 1
   1 4 3 1 1 1 4 3 0 5 1 1 4 5 3 5 3 5 4 3 2 0 5 4 1 4 0 3 5 0 1 3 2 0 3
   3 1 4 0 4 2 4 2 4 4 5 0 2 0 5 0]
  [0 4 0 2 2 2 0 4 3 4 3 3 0 5 4 4 3 2 1 0 0 3 2 2 0 3 4 1 3 5 4 0 2 0 1
   1 0 0 4 3 4 2 0 5 3 3 3 3 0 4 0 3 3 3 0 4 1 5 0 5 1 0 4 2 4 3 1 2 1 1
   3 5 0 2 4 0 2 3 1 1 5 1 1 0 2 0 3 2 3 3 2 5 3 5 3 2 1 0 3 1 5 5 3 0 3
   1 1 2 0 2 1 2 2 0 4 0 4 4 4 4 4]
  [0 1 0 4 1 1 4 2 3 1 4 3 5 1 4 5 1 1 1 1 3 3 4 4 2 2 5 5 3 3 1 1 1 1 5
   1 3 3 1 1 4 4 4 2 2 1 2 2 2 5 5 1 1 5 1 0 5 4 0 0 2 1 1 3 1 3 5 2 1 4
   0 4 3 2 2 1 5 4 0 4 2 2 2 3 4 2 5 1 4 5 1 0 2 5 2 3 4 2 2 2 4 4 3 4 3
   2 0 1 2 1 0 0 3 1 3 1 2 1 3 5 0]
  [0 4 1 1 1 4 0 2 5 3 5 2 5 0 1 5 5 4 2 0 1 4 2 3 0 2 4 4 4 5 0 1 0 2 5
   4 2 1 2 1 4 0 1 5 3 1 5 4 0 0 4 2 2 2 4 5 4 0 2 1 0 1 2 5 0 5 5 2 5 3
   4 3 4 5 3 1 3 5 3 5 0 5 0 0 1 5 0 3 2 4 0 4 2 4 5 2 0 5 2 5 4 2 2 4 5
   2 0 5 5 2 2 4 5 2 3 4 3 3 1 2 3]
  [0 4 2 2 2 0 3 1 5 2 3 5 0 4 5 2 5 4 2 2 4 1 2 0 3 5 0 0 2 0 0 1 3 5 2
   1 3 2 2 4 5 5 1 4 5 2 1 1 2 3 3 2 5 1 0 3 2 4 2 4 3 0 3 2 1 5 4 4 5 1
   5 1 1 4 5 0 1 5 4 1 2 3 5 2 0 1 2 1 4 2 4 2 3 2 3 5 3 1 5 4 4 2 3 4 5
   4 3 2 5 4 4 4 0 2 3 2 2 3 1 1 4]
  [0 2 4 5 3 2 5 0 4 4 0 2 3 5 0 0 5 4 4 4 4 5 1 0 2 0 0 3 3 1 3 0 2 3 1
   3 3 4 3 3 4 1 4 2 1 5 3 0 4 5 4 2 2 1 1 0 3 5 2 3 1 3 0 1 1 2 4 1 5 1
   0 0 4 0 3 0 1 2 0 2 5 0 2 5 4 4 1 0 1 5 2 3 0 0 0 5 5 4 0 1 2 1 1 2 0
   3 0 0 0 4 0 4 4 4 2 3 0 3 4 5 5]
  [0 5 3 0 5 1 0 4 1 5 1 2 1 1 0 4 3 1 3 3 4 4 4 2 0 4 4 2 2 5 0 0 5 4 3
   5 5 3 1 3 0 0 0 1 3 4 3 5 2 3 1 3 4 2 4 2 2 3 4 4 1 5 1 0 4 4 3 3 4 1
   1 0 0 3 2 3 4 0 4 2 4 0 0 1 5 5 0 4 1 1 1 0 1 4 5 5 1 5 1 3 5 3 4 2 5
   2 0 5 0 4 5 0 4 3 0 5 3 0 2 4 4]
  [0 3 0 5 1 3 2 1 4 5 5 3 1 2 4 2 3 0 0 3 2 3 3 2 4 5 0 3 1 0 0 0 4 5 5
   0 2 0 3 3 5 3 5 1 3 1 5 5 0 5 0 3 2 2 3 2 2 4 4 0 5 1 2 3 0 2 1 4 2 2
   4 3 5 5 4 2 3 3 0 1 2 1 5 2 0 3 0 1 5 0 0 4 3 0 3 1 0 5 5 3 0 4 1 0 0
   1 1 5 4 3 5 2 5 3 4 4 5 3 1 1 3]
  [0 4 2 5 3 3 3 1 0 4 4 1 2 5 2 3 0 4 1 1 1 2 4 5 2 5 2 1 0 2 5 2 5 3 1
   4 1 1 2 0 5 4 1 5 3 5 4 3 5 4 2 2 1 2 5 3 5 5 3 5 5 3 2 1 3 0 5 5 2 1
   5 4 3 1 4 1 3 1 5 0 5 5 1 2 3 1 1 2 5 1 1 4 5 2 4 5 2 0 1 1 1 4 5 1 4
   4 1 5 3 1 4 5 2 1 5 0 1 0 1 3 4]
  [0 2 5 4 1 1 3 0 0 5 1 3 5 2 2 1 2 2 3 2 2 2 2 3 1 0 1 5 3 1 3 5 0 2 0
   0 3 5 5 0 1 5 1 2 5 1 0 2 2 0 2 3 3 5 3 1 2 2 0 2 3 3 2 3 1 2 0 2 4 3
   5 2 1 0 5 3 0 0 1 3 2 4 3 1 2 4 1 4 1 2 1 5 0 1 1 3 3 3 0 3 4 3 3 4 4
   1 3 4 5 3 4 3 1 4 4 1 2 2 5 4 1]
  [0 4 3 1 2 0 1 1 0 1 3 0 0 3 3 1 1 0 2 5 0 4 4 0 5 0 1 1 0 0 5 2 2 4 5
   4 1 2 5 1 3 5 4 5 2 1 3 0 2 3 5 0 2 0 1 4 2 1 5 0 3 1 4 1 4 3 0 0 1 0
   0 3 2 5 0 3 1 4 5 2 0 4 3 3 2 1 2 1 3 1 0 4 1 1 5 2 3 2 4 2 4 3 4 0 4
   0 1 0 1 4 3 0 5 2 2 3 4 5 3 5 2]
  [0 5 4 0 5 0 3 3 5 2 0 1 2 2 1 2 3 2 1 4 0 4 2 3 3 0 4 5 4 0 2 5 0 1 0
   0 3 0 0 3 4 4 3 4 5 4 5 5 1 3 3 4 0 1 5 4 2 3 5 2 2 5 2 2 1 3 3 5 0 2
   1 0 5 1 5 5 1 4 3 0 1 3 5 4 2 4 0 0 1 1 4 0 5 5 5 4 3 2 5 5 4 3 0 2 1
   1 4 0 1 5 3 0 4 1 0 0 0 5 4 5 2]
  [0 0 2 0 2 2 0 0 0 1 5 1 4 3 4 4 1 2 2 0 4 3 1 0 5 2 3 5 2 1 3 5 3 2 5
   4 1 0 4 1 2 2 3 4 2 3 4 2 0 1 0 3 0 1 4 0 5 2 2 3 3 2 2 3 2 5 5 2 3 0
   2 3 5 4 4 0 5 1 2 4 4 2 5 2 1 0 2 0 3 2 2 3 0 5 0 5 3 5 4 1 2 3 3 4 1
   2 3 4 2 4 2 0 0 5 5 4 4 1 2 4 2]
  [0 1 3 5 3 3 4 3 1 2 0 5 4 3 0 0 5 5 0 0 4 0 1 0 4 3 0 0 2 3 4 4 0 4 0
   4 1 2 3 0 5 5 2 4 1 4 2 4 4 3 2 0 5 3 1 2 1 5 0 2 2 1 2 4 5 0 2 0 3 2
   0 4 1 4 4 4 2 2 1 2 1 1 2 5 4 1 4 4 5 0 5 4 2 3 4 2 2 4 4 0 3 3 4 4 5
   0 1 5 4 3 2 4 2 0 0 2 5 4 0 3 2]
  [0 3 1 3 4 4 2 1 0 0 1 0 2 0 4 0 0 1 3 0 0 3 0 2 1 3 4 4 4 0 1 2 5 5 0
   5 3 4 2 1 1 5 5 4 2 3 4 2 3 5 1 5 1 0 4 3 1 3 3 2 5 1 3 1 0 3 3 2 2 3
   0 0 2 1 3 2 0 1 5 3 3 5 2 3 2 1 5 0 2 3 3 5 1 2 3 3 0 2 3 0 4 1 0 0 0
   4 4 2 0 0 2 1 0 0 5 4 0 4 0 1 3]
  [0 1 2 0 3 4 0 3 3 4 1 5 3 0 1 2 2 3 1 4 2 0 1 0 4 0 2 1 1 5 2 4 2 0 4
   3 1 5 4 5 4 2 5 5 2 0 0 1 0 1 4 4 1 2 3 5 2 2 4 0 4 0 4 0 4 0 0 5 0 4
   4 3 0 3 1 2 2 3 2 1 0 0 0 0 4 5 2 1 2 0 4 3 1 2 5 2 5 1 2 0 0 5 5 4 4
   5 3 4 3 3 5 0 1 2 2 3 3 0 4 5 3]
  [0 2 4 2 3 5 2 5 0 0 5 4 0 4 4 4 4 4 4 2 2 4 0 5 2 4 2 1 0 2 5 4 1 0 2
   2 4 2 2 4 1 0 5 1 2 5 1 4 5 5 4 3 2 0 3 4 1 1 3 4 2 5 0 0 4 0 1 2 4 4
   4 2 5 0 0 3 5 4 5 1 3 3 2 4 4 3 5 0 5 4 4 5 1 1 2 1 3 3 1 3 0 4 5 3 3
   1 0 5 3 5 5 1 0 5 3 0 5 4 1 3 1]
  [0 1 5 1 4 1 0 5 0 3 3 0 3 0 5 4 0 4 1 0 1 0 2 5 2 4 3 5 1 0 4 2 5 3 3
   2 3 5 0 3 4 1 2 4 5 2 3 5 2 3 1 0 3 3 0 4 3 1 0 4 3 1 0 2 1 5 1 0 1 0
   4 1 2 1 0 3 2 0 4 2 0 0 5 4 4 5 4 3 2 2 0 3 1 1 4 3 5 4 0 1 1 4 1 1 2
   2 4 0 4 3 5 2 0 4 3 5 1 0 1 2 1]
  [0 5 1 3 0 5 2 0 2 4 4 0 1 4 3 2 1 0 4 2 0 4 5 1 3 0 4 2 0 5 2 4 2 1 0
   2 3 4 3 5 1 3 1 1 2 1 0 0 3 5 1 1 2 5 2 3 0 3 5 3 0 3 3 2 2 0 0 3 2 4
   3 3 2 5 4 0 5 5 3 2 5 0 5 2 1 1 3 5 1 1 2 2 5 3 3 1 1 0 3 4 2 4 2 5 0
   1 3 4 0 3 5 0 3 5 0 3 2 5 4 3 3]
  [0 0 5 2 5 3 0 2 1 4 2 0 2 5 3 5 4 5 3 0 3 4 0 5 5 0 3 1 2 4 3 2 2 1 4
   1 3 2 4 4 0 4 2 1 5 0 2 5 5 0 3 5 4 0 4 1 0 5 5 5 2 5 0 3 2 0 3 1 3 4
   4 5 4 0 0 4 0 4 0 2 2 0 0 5 0 5 1 1 3 2 2 2 0 4 3 5 3 5 2 1 5 5 4 4 5
   1 5 1 5 2 4 0 2 3 0 4 3 3 3 0 5]
  [0 3 4 3 3 5 1 0 4 2 4 2 4 0 3 0 0 3 3 1 1 3 0 4 5 2 4 4 4 5 2 0 5 5 0
   5 2 5 5 5 0 0 3 4 4 1 0 2 5 1 5 5 0 1 5 2 2 5 2 2 2 2 3 2 2 2 0 4 4 4
   0 3 5 4 1 0 2 0 4 3 2 2 1 4 5 4 3 1 3 2 3 1 3 0 2 0 0 5 0 4 5 2 2 4 3
   1 2 0 1 3 3 2 4 0 4 1 3 0 0 0 1]
  [0 5 1 2 3 4 3 3 4 2 2 2 0 3 1 4 1 3 3 1 0 2 0 5 3 4 2 2 5 3 5 5 1 1 3
   1 4 2 5 5 1 0 1 5 1 3 5 1 3 3 0 1 4 1 1 1 3 1 1 4 0 0 2 0 5 3 1 0 5 3
   3 0 4 0 3 3 0 4 0 0 2 5 2 2 4 3 2 3 5 4 3 2 3 4 5 0 4 4 0 4 4 2 4 1 2
   2 0 3 4 2 5 3 3 4 4 5 3 0 1 1 3]
  [0 4 0 4 0 1 5 2 4 5 0 5 0 4 4 2 4 2 4 3 3 2 2 3 3 2 5 4 4 3 5 5 1 5 1
   0 2 2 0 4 5 4 3 0 4 1 4 2 3 5 3 3 2 0 1 5 5 0 2 2 0 0 2 5 3 1 3 0 1 3
   0 0 0 3 4 2 5 2 2 0 4 4 2 3 4 2 0 3 1 5 3 3 0 1 0 2 5 1 2 1 4 5 2 1 3
   4 5 0 5 1 1 0 5 0 3 5 5 4 2 1 3]
  [0 3 4 1 1 2 1 1 0 1 0 5 0 0 1 3 2 4 1 1 3 3 1 5 4 4 0 1 3 5 0 2 3 0 3
   5 4 1 1 5 3 1 1 5 2 4 0 4 2 1 1 3 2 3 2 1 4 5 2 3 0 0 5 4 4 1 4 3 5 2
   5 4 0 1 1 4 5 5 5 2 0 5 2 3 3 1 5 5 0 0 3 5 4 2 5 5 5 3 4 1 2 5 3 3 4
   2 1 0 4 3 4 3 5 4 1 4 5 5 0 1 1]
  [0 1 4 4 5 1 3 0 3 1 1 2 2 0 2 4 0 1 0 4 5 2 1 2 0 1 1 3 5 5 1 1 5 2 2
   3 2 0 5 1 2 3 4 4 5 1 5 2 0 5 4 0 0 1 0 1 5 1 5 2 0 4 0 1 2 0 1 2 1 2
   3 3 2 5 5 4 0 2 2 5 0 0 3 4 5 3 4 5 5 2 1 4 5 4 4 3 5 1 5 4 4 3 0 4 2
   0 3 2 4 3 0 1 5 3 5 4 0 1 5 2 5]
  [0 5 2 1 0 0 2 2 5 5 1 1 3 0 5 0 1 2 2 5 1 2 3 5 3 3 1 3 3 1 5 4 3 1 4
   3 4 0 5 4 5 4 4 3 2 5 3 3 3 5 4 5 2 4 3 4 2 3 3 3 3 3 3 4 3 5 5 3 4 2
   0 4 0 0 0 4 4 0 2 3 4 1 0 1 2 0 3 4 1 1 3 5 3 0 5 5 4 1 1 0 2 0 0 1 2
   4 1 1 4 0 2 4 2 4 4 0 0 2 0 4 0]
  [0 1 4 2 4 3 2 0 1 2 4 0 5 0 4 2 3 3 3 0 4 0 3 4 0 0 5 3 4 4 2 1 3 3 3
   5 5 4 3 4 0 1 0 1 4 1 4 0 2 5 0 0 3 5 0 1 4 2 5 5 5 1 0 1 0 5 3 2 0 4
   4 2 4 3 3 2 5 2 1 0 4 0 0 0 0 1 1 2 5 1 2 2 0 5 4 1 0 5 3 4 5 1 2 3 5
   5 1 2 0 1 4 1 3 5 4 5 0 2 5 3 0]
  [0 5 1 4 2 2 3 3 4 2 0 5 0 0 4 2 2 4 1 1 0 1 4 2 2 5 3 5 4 3 3 4 2 4 0
   0 5 5 4 1 3 4 5 3 2 4 4 4 4 5 4 0 0 1 2 3 5 0 2 2 1 3 1 1 3 5 2 5 1 0
   0 1 0 3 0 5 2 1 2 2 4 3 0 2 0 5 5 4 3 0 4 0 4 1 5 3 3 0 5 2 4 4 2 0 5
   1 5 1 0 4 3 2 5 1 1 0 5 1 4 3 1]
  [0 0 3 4 2 5 2 0 2 4 2 5 5 1 2 5 1 3 4 2 3 1 2 1 2 0 1 0 1 3 3 3 2 4 0
   0 0 2 0 1 1 4 5 2 5 4 4 4 2 2 0 0 5 0 2 0 0 0 5 3 2 5 5 0 5 1 5 1 1 0
   3 5 1 0 4 3 4 0 0 3 1 5 5 1 3 0 5 4 5 0 1 4 3 1 5 1 3 5 4 1 2 4 4 1 1
   3 3 3 0 1 4 5 0 3 1 0 4 3 5 5 2]
  [0 5 4 5 3 3 5 5 1 5 5 3 5 2 3 0 2 0 5 0 2 2 3 5 0 2 0 0 1 3 4 4 4 1 2
   1 1 3 3 2 4 0 4 2 1 0 0 0 3 4 1 2 5 0 3 2 3 0 1 2 2 2 0 0 0 1 3 3 3 5
   2 2 1 1 0 2 3 2 3 5 3 3 3 5 2 3 0 0 3 5 2 4 4 4 2 1 4 4 5 2 1 4 4 1 5
   5 3 0 5 4 3 2 3 1 0 0 2 2 2 4 2]
  [0 1 3 3 1 4 2 2 5 5 0 0 1 5 4 0 4 0 4 2 4 5 1 2 2 2 1 2 4 3 1 1 5 5 0
   1 3 2 3 2 5 2 1 4 0 2 0 3 0 0 2 2 3 2 3 1 5 2 3 5 4 2 1 3 3 2 3 2 2 5
   3 2 3 4 3 1 4 5 4 2 1 3 3 3 2 3 0 0 1 3 4 3 1 3 0 2 4 1 4 5 2 5 0 4 5
   3 2 0 3 2 2 0 1 5 5 5 2 5 4 3 5]
  [0 0 5 0 3 2 1 5 2 1 5 0 4 0 4 3 2 5 2 3 2 4 0 1 5 3 1 0 4 5 5 4 2 2 0
   4 1 4 2 0 3 5 1 5 2 0 4 2 0 1 0 4 4 0 5 2 1 1 2 0 4 3 3 4 0 3 0 4 4 0
   3 5 4 1 4 5 4 3 3 4 1 2 2 5 1 3 3 2 0 1 4 2 3 4 0 0 1 0 2 2 0 5 2 4 5
   1 4 2 3 1 0 5 5 2 1 4 0 5 3 1 5]
  [0 4 2 5 3 1 1 3 2 2 1 1 1 1 5 4 3 2 0 4 1 1 1 2 2 1 1 1 1 3 5 0 3 3 2
   1 5 1 3 1 1 4 1 4 2 5 5 4 1 0 5 4 2 3 3 0 5 2 3 5 5 3 4 4 1 3 3 4 1 3
   4 4 3 1 2 3 1 3 2 5 4 0 0 5 0 2 5 3 1 0 5 0 4 3 3 5 5 2 5 0 0 4 4 3 2
   0 1 3 3 5 0 3 3 4 3 1 2 2 1 5 0]
  [0 1 0 4 5 0 1 4 1 2 4 5 3 3 5 5 2 0 2 3 4 2 2 2 4 1 4 0 3 3 0 4 3 5 2
   0 4 2 5 4 0 3 5 5 1 4 2 3 5 2 3 5 0 0 5 5 5 1 4 0 2 4 5 5 3 5 5 1 0 1
   5 0 5 1 5 3 5 2 2 1 0 4 5 4 2 0 1 1 1 2 0 5 3 2 5 1 5 5 5 1 3 3 0 4 0
   4 2 2 0 1 0 3 0 4 5 4 3 1 1 4 1]
  [0 4 2 4 5 5 5 4 0 1 0 3 0 5 2 2 3 5 3 3 4 1 3 2 4 0 5 5 2 2 5 4 0 2 4
   1 5 2 4 0 5 4 3 3 0 4 3 4 5 3 0 3 0 2 3 5 2 0 2 3 0 4 2 1 1 2 3 0 3 2
   3 0 3 4 2 4 2 2 1 5 5 2 4 4 4 1 2 5 2 2 1 0 5 3 5 4 1 5 3 2 4 2 4 5 3
   5 3 4 5 0 0 3 0 4 1 2 0 3 5 2 1]
  [0 5 0 1 4 0 5 2 5 3 3 0 1 4 4 2 2 0 5 3 0 3 4 2 4 0 2 1 1 0 4 4 2 2 1
   3 2 5 5 1 2 1 5 4 2 5 5 5 4 5 2 2 1 3 2 3 5 0 5 0 2 1 1 0 1 2 2 3 4 2
   1 1 1 5 3 0 0 0 4 0 5 5 1 4 1 2 0 0 4 4 4 0 0 5 4 1 5 4 3 0 5 1 5 5 3
   4 1 5 0 3 1 5 0 0 2 2 1 0 1 2 1]
  [0 5 2 3 3 1 3 1 2 4 2 0 2 5 5 5 0 4 2 4 4 2 1 0 0 5 3 4 0 5 2 5 1 5 4
   0 3 5 5 3 0 4 5 3 3 2 4 5 0 0 5 1 5 2 3 0 3 4 5 2 5 0 1 1 4 4 5 1 4 2
   0 4 1 2 4 1 0 2 2 2 4 4 3 1 3 4 5 5 0 4 0 2 1 0 1 5 3 0 4 1 2 5 4 2 3
   3 3 4 5 3 0 1 3 4 0 1 0 4 1 1 5]
  [0 3 1 4 5 5 0 0 5 4 3 5 0 4 0 5 4 2 5 3 0 3 0 1 4 2 3 0 3 1 2 4 5 3 2
   1 3 5 3 3 4 1 4 1 0 1 4 2 5 2 1 3 3 4 3 5 5 4 2 3 3 1 3 3 1 1 4 4 5 5
   2 3 4 1 4 3 4 3 0 2 5 0 1 0 5 2 5 1 5 5 0 5 5 5 0 1 2 3 1 5 0 2 0 5 5
   0 1 1 3 0 2 5 4 1 3 3 0 4 2 1 3]
  [0 5 3 3 0 1 1 1 4 2 3 0 1 3 2 0 4 0 3 1 4 5 0 1 2 1 1 1 3 1 0 3 1 4 5
   3 0 3 3 2 0 5 4 1 2 3 0 5 1 2 5 5 2 0 5 5 2 3 0 5 5 5 3 1 3 0 4 3 2 5
   0 2 4 4 0 1 5 3 5 1 2 4 2 5 2 2 1 2 4 2 2 5 0 1 1 0 1 5 0 5 5 3 4 2 1
   5 2 3 4 2 2 5 5 1 1 5 5 1 3 3 4]
  [0 5 1 1 3 1 4 4 4 2 2 4 2 1 5 0 3 2 2 1 1 3 4 2 0 3 5 1 3 5 0 3 1 1 4
   1 0 2 5 0 2 1 0 1 4 3 2 1 4 5 1 1 0 3 3 0 0 0 2 0 5 4 3 1 4 4 3 2 0 2
   2 5 1 1 5 2 4 5 1 3 3 4 1 1 4 2 1 3 3 2 0 3 5 1 5 1 0 1 3 0 3 3 3 3 0
   2 1 4 1 3 5 5 4 3 1 5 0 1 0 3 4]
  [0 0 4 4 3 2 0 3 2 2 2 4 0 1 0 4 2 0 3 5 1 3 0 4 3 2 3 3 5 3 0 4 5 3 0
   3 3 0 0 5 5 2 1 0 2 5 3 5 4 5 0 4 2 5 3 3 0 5 1 3 3 0 1 5 0 1 0 3 3 4
   3 2 2 1 1 0 4 1 1 3 4 4 0 1 5 5 1 1 0 4 2 5 3 1 1 1 3 0 2 0 5 0 5 4 0
   0 1 1 3 0 5 2 2 2 1 2 4 5 0 3 4]
  [0 4 2 4 4 0 4 0 4 1 2 1 4 1 5 4 1 5 2 4 3 1 2 2 1 5 5 3 1 4 1 3 2 3 3
   0 1 3 2 5 4 0 2 0 2 5 5 2 4 5 4 5 3 2 0 4 5 5 1 5 1 2 0 2 5 1 0 1 4 5
   5 3 1 0 4 4 3 2 2 5 4 2 2 5 3 5 3 0 3 2 4 3 4 1 2 5 1 2 0 1 4 4 5 3 2
   0 4 5 0 0 3 5 3 4 0 3 4 5 0 0 1]
  [0 2 4 1 0 3 3 0 2 2 3 3 3 2 4 5 2 0 3 0 0 0 0 1 5 1 1 4 2 0 2 3 3 0 3
   4 5 2 4 0 2 5 2 0 1 2 4 1 5 1 5 3 5 5 2 1 1 5 5 5 1 5 3 4 0 5 5 2 2 3
   0 3 0 2 3 1 5 1 0 3 1 1 3 5 2 3 5 4 5 5 4 2 5 0 4 1 1 5 5 0 3 5 3 0 3
   1 0 0 1 4 0 3 2 0 5 3 4 4 3 1 5]
  [0 5 5 2 5 1 5 1 1 2 3 4 0 3 1 0 0 5 1 5 2 4 2 3 4 3 1 2 0 5 3 1 1 1 5
   0 1 1 4 2 4 0 1 0 1 2 5 5 1 3 1 0 2 0 1 3 1 5 5 2 4 4 5 2 2 5 4 0 1 2
   5 5 0 0 4 1 4 1 4 4 2 5 2 5 1 4 1 3 0 4 0 4 4 5 0 5 3 0 3 1 0 0 0 1 3
   3 5 0 3 3 4 5 3 0 5 3 5 2 1 5 5]
  [0 0 1 5 4 5 0 0 3 3 3 4 4 4 0 3 2 2 3 2 0 5 2 4 2 4 3 0 2 2 0 3 5 0 4
   1 5 3 1 4 3 5 1 3 3 4 2 0 3 1 4 5 2 5 4 2 5 3 2 1 1 0 5 4 1 4 3 0 3 4
   4 3 4 4 2 4 4 2 1 1 2 4 1 0 3 3 5 3 4 4 1 3 4 0 4 0 5 1 4 3 5 0 5 2 3
   3 2 0 2 1 3 3 5 2 3 2 5 2 1 1 4]
  [0 4 4 3 4 2 5 5 3 0 5 1 1 1 5 3 2 2 4 4 0 5 4 1 5 4 1 4 2 2 1 0 5 2 1
   0 3 3 1 5 5 4 0 0 5 4 4 3 5 5 1 1 1 5 2 0 5 1 5 5 1 2 1 5 0 3 3 4 3 4
   4 1 0 5 1 0 1 2 4 4 2 3 4 3 5 3 2 0 4 3 1 0 5 1 0 5 4 3 0 0 2 5 0 1 1
   1 3 3 1 3 0 5 5 3 3 5 4 3 3 2 2]
  [0 1 3 1 3 3 4 1 2 1 1 1 2 4 0 3 0 1 4 4 5 5 1 3 3 2 5 5 0 2 2 1 4 0 1
   5 4 5 1 2 3 5 3 1 4 5 0 0 1 0 1 4 2 4 3 5 3 5 5 5 5 5 0 4 3 2 2 0 5 1
   4 1 2 4 2 1 1 2 4 4 2 2 5 1 2 3 0 1 3 2 3 5 4 0 3 0 0 4 2 3 3 0 2 0 4
   5 3 1 3 4 1 5 2 0 3 5 4 0 2 4 1]
  [0 0 4 0 2 4 2 0 4 4 0 0 5 5 5 3 1 2 3 3 4 4 4 4 4 5 3 5 4 2 1 0 4 4 1
   1 2 5 5 3 3 2 4 2 3 5 5 1 3 2 0 4 3 4 0 5 2 2 1 4 0 0 3 5 1 2 2 5 0 3
   1 5 1 2 3 3 5 1 0 1 2 0 3 2 5 4 5 4 3 3 2 2 0 1 5 1 4 3 0 4 2 1 2 3 0
   5 0 5 2 0 0 1 3 0 3 4 3 2 5 0 3]
  [0 1 3 1 4 2 0 4 3 5 5 4 0 3 0 2 3 1 3 2 4 1 0 1 2 2 5 3 0 1 5 2 0 3 3
   3 4 5 4 3 3 5 3 4 2 4 4 2 3 1 5 0 1 4 3 3 2 0 1 1 2 3 2 3 1 3 3 2 0 1
   0 2 1 0 5 1 2 4 1 1 0 2 2 4 1 3 3 5 0 3 1 3 1 1 1 2 0 5 4 3 0 4 2 4 5
   0 5 4 4 1 5 1 1 4 1 2 5 3 3 4 1]
  [0 1 1 1 5 0 3 3 3 1 4 3 5 1 0 4 2 2 2 4 0 0 0 1 3 2 1 2 0 5 0 2 3 0 0
   5 0 0 1 5 2 4 4 2 3 1 0 4 4 1 4 1 5 0 0 5 1 0 4 5 0 2 3 4 1 3 5 2 1 5
   0 5 5 1 3 3 0 3 0 4 0 4 0 4 0 0 4 4 5 2 2 1 5 2 5 5 3 3 1 0 0 0 5 0 5
   3 0 4 1 5 1 5 5 2 5 2 0 2 3 2 3]
  [0 2 1 1 3 4 1 5 2 5 2 2 5 4 4 4 1 3 0 2 4 3 4 4 0 4 5 4 2 1 2 1 0 0 5
   1 0 0 4 2 4 3 1 3 3 5 5 1 0 0 3 1 4 4 0 1 5 4 3 1 0 5 3 2 4 0 0 5 1 5
   4 5 1 0 1 2 4 4 5 1 5 5 5 2 5 3 2 3 5 0 5 4 0 5 5 0 5 0 2 5 4 0 2 5 2
   3 5 0 2 3 0 2 5 3 0 3 5 0 0 3 3]
  [0 3 2 4 5 5 3 1 3 4 5 2 2 3 1 5 5 2 3 4 4 1 4 1 1 4 1 2 3 3 3 4 1 0 0
   4 2 1 0 0 0 2 1 5 0 2 5 0 0 2 2 0 0 3 1 0 1 0 3 4 4 5 5 5 1 4 4 4 1 2
   4 0 2 2 3 1 1 0 3 1 0 4 2 4 4 1 3 1 5 5 3 3 4 5 2 2 5 0 4 3 2 2 3 1 5
   2 4 1 0 3 5 3 5 0 2 1 2 2 3 0 3]
  [0 2 5 3 3 3 3 2 0 2 0 4 5 4 3 4 4 4 5 3 1 4 5 4 4 1 1 5 4 5 5 0 1 3 5
   2 1 2 5 5 0 5 3 2 2 3 2 5 2 0 1 5 5 4 4 1 2 0 5 4 1 2 0 2 5 1 4 4 2 0
   0 3 0 2 4 2 3 5 3 0 0 0 0 5 2 0 1 1 0 5 4 5 1 1 4 5 3 4 0 0 0 2 2 4 3
   5 1 1 3 0 4 4 2 3 1 0 1 3 4 1 3]
  [0 3 4 0 4 1 0 4 0 3 1 0 5 1 4 0 4 0 1 2 5 0 1 0 3 5 3 2 0 4 0 1 1 5 1
   3 3 1 4 5 2 2 3 3 3 5 1 0 3 1 1 5 3 2 3 0 0 1 5 3 5 3 4 5 0 4 1 4 4 5
   2 5 1 4 3 4 2 4 5 0 2 4 4 4 4 1 5 5 2 3 2 2 4 2 3 4 1 4 1 0 2 3 4 0 5
   3 0 0 5 2 0 5 5 3 1 5 3 0 3 0 5]
  [0 5 3 2 1 1 2 2 1 4 4 0 4 0 4 1 0 5 4 4 2 3 5 1 0 5 3 0 2 1 3 2 3 2 0
   0 2 0 5 0 0 2 1 1 1 2 1 3 0 5 5 5 1 0 3 3 1 2 4 0 5 4 5 1 4 1 2 4 3 2
   1 2 3 3 1 2 1 3 1 3 1 5 5 4 0 3 1 1 3 0 5 4 0 0 1 5 5 2 4 3 1 5 1 5 5
   2 1 5 1 4 0 0 0 3 2 1 4 5 0 0 2]
  [0 2 4 4 2 4 4 3 2 2 1 4 4 3 3 1 3 5 3 5 1 4 0 3 5 0 2 1 2 3 1 1 5 0 1
   0 5 5 1 4 3 4 1 0 5 0 4 4 5 1 4 0 0 3 3 3 5 3 0 1 0 0 5 4 5 0 2 1 0 5
   2 0 4 2 3 2 3 2 3 2 4 0 0 2 1 5 2 1 1 1 1 5 3 0 1 3 1 5 0 2 2 4 3 5 0
   3 1 5 0 1 1 5 0 3 3 4 0 3 1 0 5]
  [0 3 4 3 4 0 5 4 0 3 0 5 5 1 1 1 0 1 2 1 2 4 4 1 4 0 1 3 5 3 3 0 3 5 0
   1 0 5 3 5 5 0 0 1 0 5 1 5 0 4 2 4 4 1 3 5 5 0 4 3 4 0 2 3 3 4 0 5 4 5
   1 2 4 2 5 5 2 0 0 1 1 4 3 5 1 5 0 4 0 3 3 1 4 5 3 3 1 2 0 3 1 5 1 2 4
   3 0 1 1 1 2 2 2 0 3 2 2 1 1 0 3]
  [0 2 2 3 5 0 4 5 5 5 2 0 0 3 1 2 5 2 3 1 5 1 3 2 1 2 4 5 4 4 3 1 1 2 3
   4 0 4 1 0 0 2 3 1 0 4 0 0 1 0 0 4 3 1 4 2 1 2 2 3 4 1 2 3 1 3 1 0 2 4
   4 0 2 1 1 2 2 2 1 0 5 1 1 5 3 5 0 2 1 4 1 4 4 4 1 3 2 2 0 3 2 4 2 2 2
   4 1 5 5 5 4 0 1 4 0 3 4 0 3 5 0]
  [0 3 4 4 1 2 4 4 4 1 4 3 4 0 1 3 5 2 4 5 1 5 3 5 0 4 4 0 2 3 5 0 4 2 0
   3 4 3 1 1 0 1 2 5 4 2 3 3 4 1 1 0 0 0 1 0 1 2 4 1 1 1 0 0 2 1 5 1 1 0
   4 5 2 1 2 1 1 5 2 3 0 5 5 1 0 3 2 2 2 3 3 0 2 0 4 1 1 2 2 2 1 3 4 5 5
   2 3 2 3 3 1 5 5 2 1 0 5 5 2 4 0]
  [0 0 4 0 3 4 1 4 5 0 1 3 2 2 4 3 2 2 4 5 0 0 3 4 1 5 1 2 0 0 2 2 4 4 0
   4 2 4 1 4 1 0 5 1 1 2 0 4 4 1 0 3 0 2 0 1 2 0 5 3 5 1 2 0 5 1 3 3 1 3
   5 1 2 4 2 2 3 5 1 1 3 2 4 2 1 2 5 0 1 2 1 4 2 5 5 2 4 2 0 3 1 4 4 5 2
   5 1 5 5 4 2 2 4 2 5 1 0 0 2 0 2]
  [0 5 5 0 0 5 4 0 2 4 3 2 0 2 3 1 5 0 3 2 4 5 2 1 3 0 5 0 1 0 4 4 5 1 1
   2 5 3 1 2 3 4 4 3 0 4 3 5 3 4 0 2 0 4 1 3 2 2 3 0 1 1 3 1 4 2 4 1 0 4
   0 1 3 5 0 3 4 4 0 3 5 5 5 0 2 1 0 1 5 0 5 3 2 1 0 1 4 5 0 2 1 1 3 0 2
   3 2 3 5 1 4 2 1 1 1 5 2 0 4 3 0]
  [0 1 2 5 4 4 3 1 5 0 4 1 1 2 3 2 2 4 3 0 0 5 1 4 5 4 4 2 3 2 0 1 4 5 5
   3 1 3 2 3 4 2 5 5 5 1 1 4 3 5 2 5 5 0 3 2 4 3 4 3 2 2 3 4 1 4 3 1 5 5
   5 1 1 0 3 2 2 3 3 4 5 4 2 4 1 3 3 5 3 0 5 3 5 2 4 5 3 0 0 3 4 2 3 4 4
   1 2 3 2 2 3 4 0 2 4 2 0 2 0 4 2]
  [0 0 4 1 4 5 2 4 3 0 5 0 3 4 2 5 1 3 5 4 0 0 0 5 5 4 3 4 4 5 1 2 1 5 3
   4 4 5 1 1 5 2 1 1 2 3 4 3 0 1 4 1 5 2 3 0 0 5 1 4 1 1 0 4 4 1 2 1 0 3
   5 2 3 3 1 3 4 4 0 1 0 3 2 4 5 4 2 1 0 0 5 0 1 5 5 1 0 2 1 0 3 4 5 5 2
   2 3 4 4 0 2 5 1 3 5 0 2 3 2 0 5]
  [0 0 0 5 1 1 0 3 4 3 0 0 5 4 1 5 4 4 3 1 5 4 0 2 0 5 4 0 1 3 1 5 4 2 0
   5 5 5 3 1 5 3 1 1 1 4 3 1 0 5 2 4 0 1 3 3 1 5 0 0 4 0 1 3 3 5 2 2 5 2
   5 0 2 3 0 2 5 3 1 3 4 2 4 2 1 3 5 3 1 1 0 0 1 0 4 4 5 5 4 3 0 4 0 3 2
   1 3 1 3 5 3 1 2 0 1 2 2 0 4 0 0]]

 [[0 3 3 4 2 3 3 2 3 3 3 3 2 0 1 0 5 0 4 1 2 2 1 5 1 1 0 2 0 1 5 5 2 4 2
   3 1 1 4 3 4 0 0 0 2 0 5 1 0 4 1 1 1 4 1 0 0 3 4 2 3 2 3 3 0 3 1 3 1 0
   5 1 5 0 1 4 5 2 0 4 5 3 4 4 4 5 4 1 1 4 0 0 3 3 1 4 1 2 3 4 2 5 3 1 0
   3 3 2 2 5 5 0 2 2 0 0 0 1 5 4 3]
  [0 0 2 0 5 0 2 3 0 0 3 3 5 2 4 1 1 1 1 3 2 1 0 4 4 1 3 5 3 5 3 2 1 2 2
   0 3 0 1 4 1 3 4 1 4 1 0 0 4 1 2 4 0 3 1 3 1 3 0 2 4 4 3 4 5 0 0 3 4 4
   1 3 3 5 5 0 3 1 4 5 0 0 0 5 3 3 2 0 0 4 3 3 4 5 0 4 4 3 5 0 1 0 4 3 2
   1 5 0 2 4 1 0 5 5 0 2 2 3 4 2 0]
  [0 2 0 2 2 0 3 2 1 3 1 2 2 2 3 0 0 3 1 0 2 4 5 4 4 4 4 2 1 0 3 2 0 5 4
   1 4 1 1 0 1 2 5 1 5 4 0 2 3 1 5 0 2 0 3 1 4 0 3 0 0 5 0 3 4 5 3 3 2 2
   2 0 4 3 4 4 3 4 5 1 2 1 5 4 2 3 1 5 3 0 4 4 1 2 5 3 5 2 2 4 1 0 1 4 1
   4 5 2 3 3 2 1 5 5 0 2 2 5 5 2 2]
  [0 3 5 0 1 3 3 2 0 3 3 3 5 0 0 0 4 2 3 3 2 2 1 2 3 1 3 3 0 0 2 3 5 5 0
   0 3 5 2 3 0 3 5 1 3 3 2 4 5 2 3 0 1 4 5 3 0 5 3 0 0 0 3 1 5 1 5 4 3 5
   0 0 0 1 1 0 2 4 2 0 2 0 1 4 0 5 1 0 2 4 5 5 3 4 0 3 3 2 3 3 1 3 5 0 2
   0 5 3 1 3 1 5 1 0 1 1 5 0 3 0 5]
  [0 3 3 3 0 1 5 0 2 4 1 5 0 0 0 0 2 0 2 3 1 0 3 0 0 4 2 1 3 4 4 5 4 4 2
   1 3 2 3 0 5 4 0 2 0 5 1 3 5 3 4 3 2 2 3 0 5 3 1 3 3 0 4 3 0 0 2 0 2 3
   1 0 4 2 4 1 5 5 1 5 2 4 4 0 1 3 5 2 3 1 0 3 5 3 2 3 4 5 2 2 4 5 1 1 5
   4 5 0 0 5 2 0 4 4 1 5 0 5 2 4 1]
  [0 2 1 0 5 0 5 1 5 1 2 4 1 1 0 0 0 1 1 4 1 4 0 5 5 2 4 2 0 4 1 4 5 3 0
   5 3 0 3 5 1 0 1 3 1 5 3 5 5 2 3 4 1 3 2 2 0 3 5 1 5 0 2 2 0 0 1 1 5 1
   2 3 4 4 1 1 2 5 3 3 3 0 5 4 5 4 4 0 0 0 4 1 3 3 3 4 0 5 5 3 4 5 2 5 5
   1 1 5 3 4 0 3 5 4 2 0 3 5 1 5 0]
  [0 0 2 0 3 0 0 1 0 2 2 0 3 4 1 2 3 1 2 1 3 5 2 5 1 1 4 1 4 3 0 3 3 1 5
   1 1 3 2 0 1 0 4 5 3 5 5 2 4 1 3 1 1 0 0 2 3 2 2 3 5 2 4 3 3 1 3 3 0 0
   0 4 2 0 1 4 3 2 5 0 4 4 2 5 0 0 1 4 1 5 0 0 4 0 3 1 3 4 3 3 1 5 3 5 2
   3 4 5 5 1 3 1 5 4 3 5 2 1 4 3 0]
  [0 3 0 4 1 1 4 0 4 3 4 4 4 5 5 2 3 3 5 1 0 0 5 5 2 0 3 2 1 2 0 3 0 1 3
   4 1 3 4 3 3 2 1 4 5 2 3 2 0 3 1 3 3 4 0 0 0 4 0 1 4 3 0 3 3 4 4 0 0 0
   1 1 2 1 0 2 0 3 1 2 3 5 3 5 4 3 4 4 1 3 0 0 4 1 0 1 0 0 5 1 4 0 0 2 2
   2 4 2 2 0 4 2 2 2 4 3 1 2 1 3 2]
  [0 5 4 4 2 1 0 4 0 0 3 2 2 5 4 3 1 5 1 4 5 3 3 4 1 2 1 4 2 2 2 2 3 0 5
   4 5 4 0 0 0 2 4 4 5 1 2 4 0 1 1 0 3 5 2 4 0 1 3 0 1 5 5 2 1 5 2 1 2 5
   5 2 3 1 2 2 1 4 5 4 2 4 4 5 1 1 1 4 1 4 4 3 1 4 1 5 2 4 5 5 4 5 4 0 0
   0 4 4 3 3 0 3 2 5 3 2 3 2 0 2 3]
  [0 2 3 0 1 3 2 2 3 0 4 3 2 5 5 5 0 3 0 4 4 4 3 3 3 5 4 5 5 0 4 2 1 3 5
   3 2 4 1 3 1 1 5 3 3 5 4 0 1 0 3 2 4 3 4 1 2 0 2 4 4 3 3 3 4 5 1 5 5 5
   1 2 3 1 0 2 3 5 0 5 2 4 1 0 1 5 1 1 3 3 4 3 1 4 1 0 4 3 5 4 0 1 4 0 4
   3 3 0 5 1 5 0 2 3 4 0 4 2 5 0 0]
  [0 2 5 3 3 5 2 5 4 5 0 2 4 4 0 2 1 1 5 0 2 1 2 2 1 1 0 2 1 2 1 2 1 2 0
   3 0 3 5 0 2 1 4 5 0 4 5 5 1 2 2 5 1 2 1 4 0 5 1 5 2 5 1 3 5 2 4 5 0 5
   5 1 3 0 1 0 2 0 0 0 4 3 0 4 1 2 2 5 5 1 0 3 2 4 0 4 3 3 2 0 1 4 0 4 0
   3 3 5 2 3 3 1 5 2 1 2 4 1 3 2 0]
  [0 1 0 1 2 1 1 3 5 5 5 0 0 1 5 5 0 3 5 3 3 1 5 2 5 3 2 5 1 0 5 0 0 5 3
   1 5 0 1 4 1 3 2 4 1 4 2 0 2 0 5 0 3 0 5 0 4 5 4 4 1 4 4 1 5 5 4 0 3 4
   5 5 4 2 3 0 2 4 5 2 3 0 5 3 3 3 2 0 5 2 5 5 1 0 1 0 5 1 2 5 2 4 1 3 0
   0 5 5 3 4 1 3 5 4 0 1 4 1 3 1 1]
  [0 4 2 1 3 2 3 1 1 4 2 0 0 3 5 2 0 1 0 5 1 0 1 4 0 4 5 5 3 3 0 2 5 0 3
   0 0 0 1 3 4 2 0 5 0 2 1 0 4 2 5 5 1 2 0 2 4 0 0 4 4 5 3 4 1 1 5 2 1 2
   1 5 3 1 4 2 3 0 5 3 4 0 0 2 5 0 0 0 1 5 0 1 4 0 5 5 2 3 5 3 3 2 4 2 3
   1 1 3 1 3 1 0 3 1 2 4 1 5 0 4 2]
  [0 5 0 3 1 5 3 4 3 4 2 0 2 0 2 1 1 2 4 1 3 2 0 1 0 1 5 2 1 4 5 5 4 0 4
   0 0 3 3 2 5 2 3 4 3 0 4 2 5 1 4 4 5 1 1 0 4 5 3 1 1 3 3 1 1 4 3 4 1 2
   4 0 5 0 4 0 5 0 0 1 1 5 0 3 1 4 5 2 5 5 4 3 2 2 1 5 2 5 1 4 5 3 5 3 4
   0 5 4 5 5 3 5 1 2 4 2 0 0 1 2 5]
  [0 3 1 1 0 5 5 1 1 5 3 5 1 3 0 4 0 4 3 5 3 4 3 4 4 3 0 3 1 2 3 2 2 0 3
   5 4 5 1 1 0 4 2 1 2 5 2 2 2 5 1 1 1 5 4 4 3 0 0 0 0 5 4 1 0 2 4 4 2 5
   1 1 2 3 5 1 3 2 0 3 5 3 4 4 1 3 4 3 3 1 3 4 0 5 0 3 1 4 3 0 0 0 5 3 4
   2 2 5 0 1 2 3 2 2 4 0 1 0 2 5 3]
  [0 2 0 2 5 0 3 1 3 3 1 5 4 2 1 0 3 2 3 1 0 0 3 5 5 4 0 1 3 4 2 3 2 4 1
   5 3 2 3 1 0 5 3 1 5 1 3 4 1 4 4 5 3 5 0 5 5 1 4 4 5 0 0 1 0 4 3 5 3 0
   1 4 0 5 2 5 2 3 0 4 4 4 2 0 5 2 2 2 4 2 3 0 0 4 2 3 5 3 3 5 3 1 3 1 1
   2 3 4 4 1 2 1 3 5 5 5 3 2 5 3 1]
  [0 5 3 4 5 1 1 1 2 3 5 2 5 5 0 3 0 0 4 2 5 1 0 5 1 2 3 3 1 1 0 5 2 4 0
   4 3 1 4 3 0 2 2 2 4 5 3 0 5 2 3 3 3 2 0 5 2 5 1 0 1 1 3 5 2 5 0 5 4 1
   3 3 3 0 5 5 5 0 1 4 3 5 5 4 3 3 5 5 5 2 5 4 2 2 2 0 2 1 4 2 3 0 0 1 1
   0 1 1 2 5 1 0 4 4 0 0 3 0 2 3 5]
  [0 3 0 2 2 0 4 1 3 1 5 5 3 1 3 0 3 0 3 1 5 5 3 1 3 0 5 0 3 1 4 2 5 1 5
   5 4 1 2 1 4 0 2 0 3 1 0 1 5 4 5 2 2 3 5 3 5 5 4 5 1 4 2 2 5 0 3 4 0 3
   5 5 1 2 1 3 3 5 5 3 1 2 3 2 4 0 1 1 5 4 0 5 0 2 4 3 4 5 3 3 4 4 3 1 3
   1 5 1 3 0 1 3 0 5 1 5 4 4 2 0 3]
  [0 1 4 2 4 1 0 0 5 5 3 2 5 4 5 0 4 5 0 0 1 4 4 5 0 3 0 5 1 5 0 2 5 0 1
   5 0 3 4 1 3 5 4 1 2 3 5 2 1 4 1 2 5 3 1 4 2 1 1 0 1 0 3 3 2 5 0 5 5 5
   4 0 0 3 0 4 1 3 5 1 3 5 1 1 2 5 5 0 5 1 0 2 4 4 5 3 2 5 3 4 5 2 1 1 4
   4 4 2 5 2 4 2 4 0 1 2 4 5 2 1 5]
  [0 5 1 2 3 0 0 2 1 0 1 4 4 4 3 4 5 3 4 0 1 0 5 3 0 4 2 2 3 5 3 3 1 3 2
   2 1 2 4 5 1 2 2 0 0 0 3 3 5 2 0 0 0 5 0 1 3 3 1 4 4 0 3 0 3 4 1 1 3 1
   2 3 1 4 1 0 1 2 0 5 5 2 4 4 3 4 2 3 0 5 4 1 0 4 5 5 1 5 3 0 2 0 5 0 2
   1 4 1 2 5 1 0 3 3 0 5 2 4 3 2 3]
  [0 1 4 5 4 3 2 2 4 5 5 4 3 4 0 4 2 2 4 5 0 2 5 1 4 4 1 0 5 5 5 4 1 0 1
   4 5 1 4 4 1 5 5 3 5 0 5 2 0 2 2 2 1 2 2 3 2 3 4 2 3 5 0 2 0 1 5 0 4 0
   4 1 1 4 2 2 3 1 5 3 0 2 3 4 5 4 0 5 5 1 5 1 1 5 2 2 4 2 4 0 2 2 1 0 3
   0 0 2 1 4 1 0 5 1 3 3 0 2 4 2 5]
  [0 4 1 5 3 3 2 3 4 2 2 5 4 3 0 2 0 3 4 3 3 0 0 2 3 2 5 4 3 0 3 2 3 5 3
   0 3 5 1 1 3 4 2 0 3 0 5 5 4 2 0 2 4 0 4 1 3 2 5 4 3 2 2 4 2 3 5 3 3 3
   1 0 4 4 3 1 0 0 1 2 3 3 0 4 3 4 4 0 5 3 3 1 4 4 4 0 1 0 0 2 4 5 4 3 0
   4 2 3 2 3 1 2 3 1 1 3 4 5 3 2 3]
  [0 3 0 1 5 1 2 5 5 3 5 0 5 2 5 0 3 4 0 0 0 4 0 4 1 1 5 1 1 1 4 2 2 0 0
   0 2 5 1 0 5 5 1 4 3 2 2 2 5 5 4 4 5 4 0 3 3 0 5 3 5 0 4 1 2 4 5 4 1 4
   1 4 3 0 3 5 2 4 5 3 2 1 0 1 0 0 5 2 4 1 0 5 2 5 5 2 0 5 0 0 2 3 2 0 3
   3 5 3 0 4 5 2 0 1 3 1 0 3 2 4 0]
  [0 0 3 1 3 2 2 1 5 2 1 2 5 0 4 4 2 4 0 3 3 1 0 0 1 1 0 5 2 3 5 1 5 2 2
   1 3 2 5 5 4 2 1 3 4 5 3 4 4 0 4 3 2 5 4 1 5 2 0 4 4 1 2 4 3 5 4 2 1 5
   1 5 1 1 5 5 3 4 5 2 5 5 5 3 4 5 1 2 2 5 0 5 2 5 3 5 5 3 4 3 1 3 3 4 4
   1 0 0 0 5 0 0 5 4 5 1 1 0 0 2 2]
  [0 4 2 3 2 1 1 4 2 2 1 2 5 5 0 4 2 1 4 0 3 3 0 4 0 1 2 4 1 0 5 5 3 4 3
   5 5 4 2 2 2 4 1 0 3 1 2 4 3 0 1 0 1 3 0 1 2 4 4 1 1 5 3 2 0 2 1 4 5 4
   5 0 1 2 5 2 1 1 1 5 0 5 4 4 3 3 0 4 4 4 5 2 4 3 5 4 5 0 0 2 5 5 2 2 2
   1 2 1 3 2 4 3 4 2 3 5 3 0 0 5 4]
  [0 1 4 2 1 3 5 2 1 1 1 3 3 5 5 3 2 2 2 0 4 1 0 2 2 0 2 0 0 0 5 4 4 0 3
   0 3 4 0 3 0 1 2 3 4 5 5 1 0 4 5 5 3 0 5 3 2 1 3 5 1 5 0 0 0 1 2 2 0 1
   1 5 2 3 1 1 0 4 1 2 5 0 5 2 3 0 0 4 1 4 4 3 1 5 4 1 2 0 5 4 4 4 4 1 3
   2 4 0 5 5 0 1 5 5 3 2 2 4 5 5 0]
  [0 0 0 1 0 4 2 3 3 0 0 3 3 1 3 3 3 4 4 2 0 2 4 2 4 5 0 5 2 5 4 3 2 2 1
   4 0 4 3 2 3 4 2 0 1 3 5 2 2 5 5 3 3 1 2 4 1 0 0 1 0 4 1 4 1 1 5 5 2 0
   2 0 4 3 0 3 5 1 4 0 4 1 0 0 5 1 2 4 5 4 1 4 0 1 1 5 4 0 2 3 3 4 3 2 4
   4 5 3 2 2 4 0 4 5 1 4 1 2 5 1 3]
  [0 2 2 1 0 5 2 3 5 4 3 5 5 0 3 1 1 4 5 1 5 1 0 5 2 3 3 0 5 0 1 0 2 2 3
   5 3 2 3 4 3 1 0 1 0 0 2 3 0 4 2 4 0 4 5 1 2 4 1 2 2 3 4 0 1 3 4 5 3 5
   4 5 0 5 3 2 5 3 5 0 4 5 2 5 3 3 4 2 5 3 3 5 2 4 1 5 4 0 1 2 3 4 4 5 0
   1 3 1 4 4 5 4 5 0 5 5 1 3 3 3 1]
  [0 2 4 3 4 5 4 0 1 3 1 1 1 3 5 1 1 1 3 4 5 4 0 0 1 0 4 0 0 0 0 0 3 5 0
   0 4 3 2 0 4 3 1 4 5 3 0 5 5 2 1 4 0 5 4 3 0 0 5 5 0 1 5 5 0 2 3 1 1 3
   2 2 5 4 0 4 2 0 0 3 2 5 3 3 5 0 2 1 3 5 3 3 1 5 5 0 3 0 1 4 2 3 0 3 5
   1 2 5 4 4 2 5 2 3 5 1 5 2 5 1 5]
  [0 3 1 1 1 2 2 5 4 3 5 0 1 3 3 0 5 2 4 4 1 2 1 4 1 4 2 2 1 0 1 0 3 3 3
   1 0 3 2 5 4 0 0 0 2 4 5 2 1 4 5 5 2 2 0 4 3 1 2 1 3 1 0 1 4 0 0 3 3 3
   2 1 4 3 0 2 2 5 4 3 0 5 5 5 2 2 3 4 4 2 4 1 0 3 4 4 1 1 5 0 2 3 4 2 5
   4 2 3 5 0 2 0 4 2 2 1 1 0 0 0 0]
  [0 5 4 4 1 5 5 3 0 3 5 3 3 4 3 2 3 0 4 1 0 1 3 3 0 4 2 2 3 0 0 5 1 0 0
   5 3 5 4 5 1 0 0 5 3 5 4 2 2 1 2 3 2 4 5 0 0 5 1 5 0 5 1 5 3 3 5 4 0 2
   0 1 4 0 1 2 5 1 0 0 3 3 2 3 1 0 5 4 0 4 5 3 5 3 2 5 5 2 2 2 4 2 5 0 4
   3 0 2 3 0 4 4 3 4 2 1 0 4 1 3 2]
  [0 3 5 1 3 0 2 4 2 2 5 4 0 4 1 0 3 3 5 3 3 0 4 2 1 0 0 4 5 1 4 0 3 3 1
   3 2 1 4 1 2 1 0 0 3 0 0 2 5 4 2 4 5 4 4 4 1 5 0 3 4 3 1 5 2 5 3 4 4 3
   3 0 2 4 4 5 4 0 4 4 3 0 2 1 3 3 0 4 5 5 5 2 2 5 4 1 1 5 0 3 1 2 3 0 2
   3 1 4 5 2 2 5 2 0 0 1 0 5 3 5 5]
  [0 1 0 5 5 5 4 4 2 1 2 1 3 1 3 4 3 3 5 5 1 3 0 0 3 1 2 2 5 4 1 2 0 0 1
   4 3 1 3 4 4 1 1 2 0 1 0 0 1 3 2 3 1 4 2 5 3 2 5 5 1 4 5 4 1 3 1 4 1 2
   0 1 3 2 0 4 3 2 3 0 2 5 2 4 3 4 1 5 5 3 5 4 5 5 1 0 3 4 5 5 5 1 0 4 2
   0 4 0 5 5 2 5 1 1 3 5 3 0 0 2 5]
  [0 1 1 1 3 4 5 0 5 5 1 5 2 5 1 2 1 1 3 0 1 5 2 0 0 2 3 3 0 4 1 0 3 0 0
   0 3 0 2 3 0 1 0 1 1 5 4 5 3 1 4 0 3 3 5 1 2 4 4 2 2 2 4 2 1 0 2 4 0 2
   3 2 1 5 3 5 2 5 3 5 0 0 1 0 1 4 4 5 3 2 3 0 1 4 1 3 4 1 3 0 2 4 4 5 3
   0 0 2 4 0 3 3 2 2 4 0 4 1 0 5 2]
  [0 2 4 1 1 1 3 0 1 0 5 1 4 4 5 4 0 1 3 2 1 1 5 4 3 1 5 4 3 2 2 5 4 1 0
   4 2 4 5 4 2 3 1 4 5 5 4 4 1 4 5 1 4 5 1 2 1 5 2 0 3 1 2 1 2 1 4 4 0 3
   1 2 0 0 2 3 1 0 5 2 4 0 4 5 4 0 5 3 0 2 1 4 5 1 0 3 1 4 1 5 4 2 0 3 0
   4 3 5 5 1 1 2 5 4 4 1 0 4 4 5 0]
  [0 2 4 2 1 5 5 3 0 1 0 5 2 4 1 4 0 1 3 2 2 1 5 3 4 3 4 4 4 2 4 0 1 1 0
   0 5 1 1 0 0 3 0 1 4 1 2 2 1 5 2 3 0 2 0 2 5 2 5 5 5 0 1 1 4 2 5 4 4 4
   4 3 5 2 4 3 0 4 1 4 0 1 1 1 1 1 2 5 5 3 4 4 0 0 3 1 3 0 1 1 0 3 4 3 5
   3 0 1 3 3 0 4 0 3 5 5 2 3 4 4 5]
  [0 2 4 3 1 1 1 0 1 5 2 1 5 0 0 5 0 4 0 4 4 0 5 5 2 5 4 5 0 4 5 5 1 0 1
   1 0 3 3 2 3 2 4 1 0 3 0 3 2 4 3 5 0 0 2 2 1 2 2 3 2 3 4 0 4 1 0 4 3 1
   4 4 4 5 3 0 3 0 2 2 0 0 4 5 5 3 3 1 5 3 1 3 1 0 1 4 0 5 2 4 3 5 2 3 1
   2 4 1 5 1 2 3 1 0 4 5 3 2 0 4 0]
  [0 5 2 2 1 0 4 5 3 1 4 4 1 1 1 2 2 4 2 2 0 2 2 5 5 1 5 3 2 3 3 3 4 1 2
   0 2 0 2 5 3 3 1 1 0 2 1 3 5 4 1 4 1 1 4 4 3 3 1 4 3 1 4 4 2 3 0 0 4 2
   2 3 3 1 2 4 5 5 4 0 2 1 5 4 5 0 1 1 3 2 1 4 1 3 0 5 5 5 5 4 1 3 1 4 2
   2 5 4 4 1 1 5 0 4 4 3 3 0 0 1 0]
  [0 1 3 5 1 4 5 5 3 2 2 3 4 0 4 1 4 4 2 0 1 4 2 5 5 1 1 3 3 3 0 0 5 5 1
   0 3 1 0 5 4 1 4 3 2 5 4 4 4 3 4 4 3 4 3 1 0 4 3 4 3 5 3 3 1 0 3 3 4 0
   2 4 2 2 5 5 3 0 2 0 1 2 3 3 0 2 4 2 2 4 4 1 0 3 1 5 1 5 5 1 0 2 4 0 1
   1 4 5 5 2 3 3 1 0 2 1 1 1 4 0 4]
  [0 1 4 4 3 4 4 1 3 2 2 5 0 3 5 5 5 3 0 0 4 0 5 0 1 4 4 0 0 1 5 4 0 0 1
   3 5 5 0 0 5 3 3 1 0 0 3 0 1 0 4 4 2 5 3 0 5 4 2 4 3 2 5 3 3 3 4 5 1 1
   1 2 2 0 5 4 5 5 0 1 1 0 5 0 0 3 3 0 0 1 1 1 4 4 0 5 0 3 2 4 1 4 4 1 1
   1 4 5 3 1 3 4 1 2 5 2 0 3 0 0 5]
  [0 2 3 4 1 5 5 4 0 3 3 4 1 1 2 0 2 4 4 1 1 5 1 4 1 0 0 3 2 1 1 1 0 1 3
   4 0 2 2 4 0 0 3 5 4 3 2 4 4 0 3 4 0 5 5 0 5 4 4 1 5 3 0 2 2 3 1 0 2 1
   2 4 3 4 1 4 3 3 0 4 1 0 2 1 1 1 5 3 1 5 2 3 3 0 0 4 0 3 5 0 5 1 4 3 4
   1 0 1 0 4 0 1 5 1 4 2 0 4 0 4 5]
  [0 0 5 5 1 5 4 3 4 5 1 5 4 4 1 1 0 1 3 4 5 5 4 2 0 4 4 2 0 3 4 2 0 0 1
   5 4 4 4 3 5 0 1 1 0 4 4 5 2 5 2 5 2 5 2 0 3 3 5 5 4 0 1 3 0 2 5 2 3 3
   2 5 3 4 1 5 3 5 4 2 4 4 3 5 1 0 5 3 1 5 5 1 1 3 4 4 0 1 3 0 3 0 4 3 0
   2 3 0 5 3 5 3 5 0 4 4 1 2 1 5 4]
  [0 2 2 4 4 3 0 5 2 2 5 3 3 5 5 0 4 1 5 2 4 0 3 0 2 3 5 1 2 0 1 0 5 3 5
   2 5 4 3 4 5 0 0 3 0 1 4 2 3 4 4 1 2 5 2 0 5 5 5 4 3 1 4 1 2 3 2 1 2 3
   0 3 3 0 5 2 1 0 0 3 0 5 5 5 3 1 5 0 2 0 4 0 0 2 1 4 2 2 4 4 0 2 2 0 4
   5 1 5 3 0 1 3 3 4 3 4 4 2 5 0 5]
  [0 5 3 3 5 2 4 1 0 0 0 3 0 5 1 4 0 5 2 5 1 1 5 0 5 2 0 0 4 1 2 4 2 2 0
   2 4 0 2 2 2 5 1 0 1 4 5 2 3 0 3 5 3 3 3 0 2 4 1 0 1 4 1 4 5 0 1 2 2 3
   3 5 2 3 2 4 4 4 4 1 0 0 0 1 3 5 2 4 1 5 2 1 3 1 3 0 0 3 0 5 0 3 5 5 3
   1 3 0 1 3 5 4 2 5 3 4 0 3 4 1 5]
  [0 4 0 5 5 1 0 0 0 2 4 0 2 5 5 5 3 0 0 5 4 5 0 5 2 4 3 2 2 2 0 2 5 3 1
   1 4 2 3 4 3 1 3 4 0 2 0 2 1 2 4 0 5 4 1 0 3 0 2 2 1 0 3 2 4 1 5 5 5 0
   5 3 1 1 0 3 4 5 2 3 3 0 0 0 4 5 0 4 5 3 5 4 2 4 4 5 3 4 1 2 1 1 4 1 0
   2 2 4 3 0 1 3 2 3 2 2 2 5 1 0 4]
  [0 0 3 4 5 2 2 3 0 4 5 2 2 0 1 2 2 4 5 3 3 2 5 4 3 3 1 3 2 3 5 3 2 0 4
   4 4 5 3 0 2 4 4 3 0 0 0 3 3 2 2 5 2 1 1 0 2 2 0 4 1 1 4 4 0 1 2 1 5 3
   0 5 5 2 1 3 3 1 2 4 2 0 3 3 4 1 1 1 1 2 4 3 4 4 5 2 2 2 3 1 2 4 4 2 4
   3 0 1 1 2 3 4 5 5 5 4 1 4 4 3 2]
  [0 2 1 2 0 1 2 1 2 5 5 2 5 0 0 0 1 2 1 0 1 2 1 3 3 3 3 4 3 5 4 1 4 0 4
   5 2 1 3 1 1 5 0 0 3 4 0 5 4 0 2 2 3 1 1 0 2 1 0 2 1 2 5 0 1 0 5 0 0 4
   5 0 1 5 2 4 4 1 5 5 2 1 1 1 5 3 0 4 3 3 2 0 4 0 1 1 4 5 0 5 3 2 4 1 4
   3 4 1 5 5 5 2 3 4 3 3 4 0 3 4 0]
  [0 4 4 5 1 1 4 5 3 0 4 1 4 0 4 5 3 5 5 1 4 4 3 1 3 0 5 3 4 1 4 4 2 5 4
   0 0 2 5 2 3 4 1 2 3 5 3 0 0 1 4 4 0 3 0 5 5 3 1 4 2 1 3 5 0 1 2 1 3 4
   4 3 3 3 2 3 3 0 3 0 1 1 5 3 5 1 5 3 5 5 4 5 5 1 4 2 2 2 4 3 2 3 1 3 2
   3 0 0 0 2 2 5 5 2 2 5 2 0 3 3 2]
  [0 2 4 4 2 1 1 4 5 1 3 1 3 5 3 1 5 3 2 5 4 1 1 2 5 1 1 3 2 5 1 1 4 0 3
   5 4 2 2 2 3 1 5 5 4 5 1 0 0 2 4 0 0 5 1 2 2 0 1 5 5 0 2 2 2 0 2 3 2 5
   4 1 0 2 0 4 3 2 2 4 5 2 1 4 1 0 3 5 1 4 3 2 2 1 3 3 1 4 2 0 3 0 4 1 0
   4 3 2 1 4 0 2 0 4 2 4 1 3 4 3 1]
  [0 0 4 5 2 3 0 5 0 0 1 0 3 5 4 0 2 4 0 4 0 3 3 2 3 4 5 1 4 4 4 1 4 2 5
   2 4 1 1 4 4 5 2 5 2 4 4 0 0 0 2 0 0 0 1 0 3 3 0 1 0 5 2 1 3 4 1 3 5 5
   5 1 1 3 2 1 1 1 5 0 0 3 4 2 0 4 2 3 5 2 2 0 2 0 5 4 2 1 2 3 5 5 5 4 3
   3 2 1 4 1 5 5 4 5 0 2 4 0 2 2 0]
  [0 1 1 2 3 3 2 0 2 0 5 0 0 3 1 3 1 4 4 3 3 0 2 5 2 0 3 0 5 3 1 1 5 5 3
   4 4 4 3 4 4 3 5 5 5 0 1 4 2 5 0 0 4 3 1 4 0 1 4 5 5 1 1 3 5 1 1 0 0 2
   5 0 3 4 0 4 2 0 4 3 1 2 3 5 1 4 1 3 2 2 4 0 4 0 0 5 2 0 0 1 0 4 3 0 1
   1 2 5 2 3 1 4 4 2 2 4 5 5 2 3 0]
  [0 5 0 2 5 1 1 5 2 0 1 0 0 4 3 2 5 4 0 0 3 4 3 4 2 2 0 4 5 2 4 0 5 1 3
   3 0 0 0 2 4 0 5 0 0 0 0 4 3 0 5 0 0 1 4 2 2 5 5 1 0 4 2 3 2 4 5 3 0 3
   4 3 3 3 5 0 0 4 3 0 3 0 0 1 4 1 4 1 0 0 0 2 1 3 3 1 1 2 0 5 0 1 1 2 0
   1 4 2 2 4 0 5 4 2 0 3 0 3 0 3 0]
  [0 1 1 5 3 4 2 4 0 3 0 5 5 2 4 2 0 4 4 4 4 5 3 3 3 0 4 5 3 1 5 2 2 3 1
   5 2 1 3 4 5 1 0 2 1 3 2 2 1 4 4 2 0 0 5 4 2 3 2 3 5 4 5 0 0 5 5 5 4 2
   0 4 3 0 2 1 1 1 0 5 2 0 2 2 5 0 5 2 5 3 0 0 4 0 3 5 0 4 0 0 3 3 2 1 4
   0 1 1 3 0 1 4 3 5 5 2 2 5 3 2 2]
  [0 1 4 3 5 4 4 4 5 5 1 1 2 0 2 1 4 2 0 2 3 2 4 3 2 1 4 5 5 5 5 5 1 5 4
   4 4 4 2 5 0 2 0 2 5 1 5 2 4 4 2 5 2 0 5 1 4 1 3 1 1 0 4 0 5 1 3 3 5 0
   5 4 4 5 5 2 1 0 0 5 1 1 1 2 0 4 5 2 3 3 1 3 4 3 3 4 5 5 1 1 3 4 5 0 1
   4 1 0 1 3 2 3 5 5 1 3 0 2 2 5 0]
  [0 2 0 3 3 1 3 1 2 4 5 1 2 0 5 4 4 3 4 4 1 3 3 3 3 4 0 5 2 2 3 0 3 4 0
   0 0 5 3 5 1 4 1 4 3 1 3 4 2 1 0 3 4 1 0 5 5 3 0 4 4 1 0 0 2 5 5 2 5 2
   0 0 4 2 4 0 0 0 1 3 2 1 1 0 0 3 2 3 1 5 4 0 5 0 3 2 4 0 2 2 1 0 2 5 3
   4 2 1 1 4 4 5 0 2 4 1 4 1 2 3 5]
  [0 5 1 5 3 5 3 5 4 4 3 3 3 5 4 3 1 1 0 0 0 3 4 2 3 2 4 3 4 2 0 5 1 2 0
   4 3 1 0 1 1 1 0 1 0 1 0 0 0 2 3 3 1 4 5 0 0 5 5 5 4 2 4 3 4 2 1 2 4 1
   0 5 3 3 1 5 0 1 5 1 2 4 1 2 4 3 5 4 2 0 1 1 3 3 1 1 0 2 4 4 5 4 5 0 0
   0 3 2 1 1 3 3 1 0 4 3 1 4 5 4 1]
  [0 3 1 0 4 1 5 4 2 5 5 1 0 0 2 0 3 3 3 4 0 1 3 3 3 5 1 0 3 5 2 2 5 3 0
   1 4 0 0 5 2 3 3 2 1 0 1 5 3 0 1 4 0 0 3 4 0 5 1 2 3 1 5 4 0 2 3 2 1 2
   5 2 4 4 2 5 1 0 0 4 3 0 1 3 2 0 2 2 2 4 2 2 4 2 4 2 4 3 3 4 5 3 0 2 2
   4 1 3 3 0 5 3 3 4 4 2 2 1 1 4 2]
  [0 3 5 5 1 0 1 2 1 0 2 0 1 5 4 1 0 0 5 2 4 2 3 3 2 5 1 0 0 0 2 0 2 4 2
   4 2 5 3 0 5 1 2 0 0 1 0 0 3 0 3 0 1 3 2 0 1 0 4 4 5 1 2 5 3 4 3 4 2 4
   5 5 4 4 3 3 4 0 5 5 0 4 1 0 3 0 3 5 3 2 3 0 5 5 5 4 1 4 2 3 2 2 3 0 0
   5 4 0 4 2 5 5 5 2 3 1 3 2 3 5 5]
  [0 5 1 3 3 2 0 3 5 5 1 4 4 0 5 0 0 5 2 2 2 1 4 4 3 2 5 2 1 3 2 4 3 5 4
   0 3 4 2 2 5 3 4 5 5 1 0 3 2 2 0 2 5 0 5 5 4 0 0 2 2 4 1 0 2 5 2 0 0 1
   2 3 0 1 2 2 2 4 1 2 2 5 3 1 3 3 3 1 2 1 4 5 3 3 4 1 1 4 3 5 1 0 5 1 3
   2 5 4 4 4 4 3 4 0 4 2 2 1 4 2 4]
  [0 3 5 5 3 4 0 4 1 2 5 5 0 3 5 5 1 0 0 2 2 1 2 0 1 5 5 3 2 5 1 3 4 0 2
   2 2 2 4 0 0 3 4 1 4 2 5 3 0 2 3 5 5 0 2 0 4 3 5 0 1 1 0 5 5 2 2 4 3 4
   1 0 4 5 0 5 0 5 5 1 4 4 0 3 2 3 4 5 2 3 0 1 1 0 0 4 4 4 3 4 5 2 4 2 4
   4 0 1 3 0 4 4 3 4 0 0 3 3 5 3 0]
  [0 0 0 2 5 3 3 2 0 1 1 2 4 2 3 4 3 4 4 2 3 0 1 2 3 5 0 1 3 1 2 4 0 5 0
   3 2 3 4 0 1 2 0 3 0 2 0 2 2 5 2 4 5 1 2 5 0 3 0 4 0 0 2 2 0 4 4 3 5 2
   0 0 4 2 4 4 0 2 0 2 4 0 0 5 0 3 4 0 3 4 4 2 0 5 1 4 5 3 2 3 5 0 2 3 3
   2 5 4 1 1 0 4 0 4 3 3 0 3 1 2 0]
  [0 4 1 5 0 3 4 5 5 0 0 4 2 0 1 4 0 0 2 2 3 1 5 5 0 5 5 1 4 5 5 4 2 2 0
   1 2 3 5 0 4 5 5 5 4 1 3 3 3 0 0 3 3 3 3 5 5 1 1 4 1 0 1 0 2 4 1 4 3 1
   2 0 3 2 0 4 2 4 3 3 3 3 5 0 1 1 3 1 0 3 4 0 0 5 0 1 2 5 5 1 4 5 2 3 0
   0 0 2 4 4 3 1 0 5 1 5 0 1 1 1 1]
  [0 0 3 3 1 0 2 3 1 1 1 5 1 3 4 0 3 0 4 3 2 1 4 1 2 4 1 0 3 5 4 0 0 2 1
   3 2 3 2 2 0 4 0 2 3 2 2 5 2 1 4 2 3 5 1 5 2 4 0 0 5 0 0 3 5 2 5 3 0 2
   3 4 3 3 0 1 1 3 3 1 3 5 0 5 5 5 4 3 2 4 3 1 5 0 2 0 2 1 4 5 5 3 5 0 4
   1 2 3 2 0 0 5 3 1 0 2 4 1 3 0 3]
  [0 0 3 2 4 4 3 2 1 3 2 3 3 1 4 3 5 5 0 2 1 5 4 3 4 4 4 1 3 4 1 1 1 4 4
   2 5 4 0 2 5 0 2 0 4 1 1 3 2 4 3 2 1 4 5 2 4 3 5 4 1 0 3 0 4 1 3 2 1 1
   1 4 2 5 5 2 3 3 3 4 2 0 4 4 3 5 0 0 3 1 5 1 1 0 5 5 1 4 2 0 4 0 4 5 3
   2 4 1 4 4 3 2 2 4 3 0 4 2 2 4 1]
  [0 2 5 1 1 0 5 3 1 3 0 0 3 5 1 4 2 0 0 2 1 5 1 2 1 5 1 5 2 1 1 5 0 4 0
   4 1 0 5 0 4 1 4 3 0 2 1 0 5 3 2 5 2 1 4 3 5 4 5 4 4 1 3 0 0 0 2 2 5 2
   2 3 2 3 3 1 5 4 3 4 4 5 3 4 3 2 0 2 1 0 1 0 2 5 5 2 1 0 0 1 3 4 2 1 5
   2 3 1 0 1 5 0 4 3 4 4 5 1 0 4 5]
  [0 0 0 5 1 3 1 0 0 5 5 0 0 2 2 2 0 2 5 0 1 0 4 4 2 4 0 4 0 4 1 2 5 0 1
   2 4 1 1 2 2 3 1 0 5 0 0 3 1 1 5 1 4 3 2 5 1 0 3 3 2 5 2 3 3 0 4 3 3 1
   5 4 2 5 0 3 0 3 4 3 1 5 3 0 5 0 4 4 0 5 1 4 0 5 4 1 2 1 4 2 5 2 3 2 2
   5 4 5 2 0 3 1 0 0 5 4 5 0 1 1 4]
  [0 3 1 4 1 4 1 4 3 1 4 5 0 3 5 3 5 0 3 5 0 2 1 1 2 3 0 5 5 5 3 4 4 0 0
   4 0 1 2 5 1 5 3 5 2 3 2 0 2 3 1 1 0 3 4 1 0 0 2 5 2 4 0 0 4 4 0 2 4 4
   2 5 3 4 4 0 2 1 4 2 1 2 1 0 4 2 3 5 1 4 3 3 3 5 5 1 4 4 2 5 5 2 4 5 3
   4 0 1 4 2 2 0 4 5 3 5 1 4 0 0 1]
  [0 2 1 1 1 2 3 4 3 5 3 2 1 3 3 1 3 2 5 0 4 2 5 3 3 2 1 3 2 1 3 2 0 5 5
   1 4 5 1 3 1 1 3 4 4 3 2 4 0 4 5 0 2 0 1 4 3 0 2 1 0 3 0 2 3 2 2 0 3 4
   2 2 1 2 3 0 3 2 3 3 2 0 0 0 2 5 3 1 0 3 4 1 1 1 0 5 4 3 4 5 4 4 2 4 5
   0 2 2 1 2 5 4 1 1 0 3 3 2 3 4 2]
  [0 2 1 5 1 0 3 0 5 0 5 3 3 4 0 5 1 0 5 5 0 3 0 2 2 2 5 0 5 0 3 5 0 4 4
   3 5 3 0 4 2 2 1 0 3 2 4 5 5 0 4 1 0 5 1 5 5 1 3 4 4 1 2 4 2 3 2 3 0 1
   4 3 3 4 1 1 4 0 2 4 1 3 2 2 5 0 2 3 0 4 4 5 1 0 0 2 0 0 0 4 5 4 1 0 1
   1 4 1 4 4 0 0 4 0 4 4 4 4 0 0 1]
  [0 4 0 0 0 4 4 3 3 4 4 1 1 5 4 5 1 5 2 5 0 0 4 5 0 4 2 5 5 5 4 0 1 1 2
   2 2 0 4 1 3 1 0 5 5 2 3 1 2 2 0 2 1 4 2 2 5 1 0 2 0 3 0 0 1 1 2 0 3 0
   5 0 3 2 3 2 3 2 4 0 2 2 3 0 4 3 3 5 5 5 4 4 0 2 5 5 0 5 1 1 0 4 2 1 4
   1 0 1 0 1 4 3 4 0 4 5 3 5 4 0 5]
  [0 0 4 1 2 2 2 3 5 5 1 5 5 5 5 2 1 1 3 4 3 3 2 5 0 4 3 0 4 0 5 1 1 5 0
   5 3 5 5 4 0 2 4 3 1 3 2 2 1 2 0 4 2 5 4 0 3 1 0 5 5 1 2 1 3 1 1 3 4 4
   0 3 3 2 1 4 4 5 0 1 4 4 5 4 5 2 3 4 2 2 1 3 4 0 4 0 1 4 5 3 3 3 3 0 2
   2 4 5 0 0 2 3 2 1 1 2 0 4 0 2 2]
  [0 1 3 0 5 2 3 4 2 1 4 5 3 4 0 2 1 2 3 0 2 5 0 3 0 2 4 0 4 0 3 4 5 2 0
   3 1 0 0 4 5 3 1 1 3 3 5 3 2 4 1 3 0 1 4 1 5 1 0 4 2 1 1 1 3 3 3 0 1 3
   0 0 1 3 0 5 2 3 2 5 5 1 4 3 3 4 2 2 3 0 0 4 5 5 0 0 3 3 2 3 2 3 3 5 0
   1 1 1 5 0 4 5 0 3 0 1 1 4 0 4 4]
  [0 2 2 1 4 4 2 1 1 1 1 3 4 1 1 3 1 3 3 2 1 5 3 1 4 2 3 0 2 1 1 5 3 4 0
   5 3 1 1 0 3 4 4 5 0 3 0 3 5 2 0 4 0 4 4 4 4 4 1 3 0 1 4 4 0 5 5 3 5 3
   4 2 0 2 2 1 5 4 1 5 3 4 2 0 2 3 5 5 4 4 0 1 1 5 3 3 3 0 3 1 0 2 5 2 2
   1 3 1 5 3 3 5 4 1 1 0 5 1 2 5 2]
  [0 3 3 5 1 5 1 4 0 1 3 0 0 0 0 1 5 0 2 2 3 5 0 1 1 4 2 4 3 3 3 5 3 5 5
   3 3 5 2 5 0 5 0 5 1 3 3 1 3 5 4 0 2 3 4 3 3 1 3 1 5 0 1 2 1 3 1 0 1 1
   0 3 1 0 3 0 4 5 3 3 3 0 5 3 2 1 5 4 0 4 1 0 0 3 4 0 5 4 4 2 4 2 0 2 3
   4 4 1 3 2 5 5 3 0 5 4 0 5 2 4 5]
  [0 1 2 4 5 5 4 5 0 5 3 4 3 2 0 4 1 3 0 0 3 4 0 4 2 0 3 5 5 3 5 1 3 2 0
   4 2 5 3 4 5 1 5 2 5 3 1 2 2 3 3 5 2 2 2 1 0 1 2 3 2 3 1 0 2 3 5 2 3 2
   4 3 1 1 0 0 2 5 0 3 1 2 2 5 5 5 2 5 1 2 2 1 3 3 1 0 4 0 2 1 2 2 5 0 0
   5 0 0 4 1 5 4 5 5 4 3 5 4 5 4 1]
  [0 4 2 1 0 5 2 3 5 1 2 5 4 2 3 3 5 2 5 5 3 0 3 2 3 0 0 4 1 3 3 5 2 0 4
   3 3 4 5 1 2 5 5 1 2 2 1 0 2 0 3 5 1 1 2 4 2 5 1 0 5 2 2 3 0 2 4 1 3 2
   3 1 1 4 1 0 0 2 1 1 4 1 0 4 4 0 4 5 5 0 1 1 4 5 1 3 2 5 3 1 5 5 4 1 0
   3 4 3 4 5 3 5 0 2 0 2 0 3 4 5 5]
  [0 4 0 5 5 0 5 2 4 5 2 3 1 1 3 4 5 3 0 0 2 0 2 2 2 0 2 0 0 5 2 4 4 3 0
   2 1 3 5 5 0 2 3 4 2 4 3 2 1 5 0 4 1 2 0 0 1 3 3 3 1 2 5 1 0 0 2 2 3 0
   5 4 4 1 4 4 0 0 2 3 0 5 3 2 4 1 3 2 1 4 0 5 3 0 4 5 3 5 1 4 2 4 0 5 2
   5 3 4 2 5 2 4 5 5 3 5 2 5 0 3 2]
  [0 4 1 0 3 1 3 4 4 1 4 0 3 3 2 2 5 3 3 0 3 0 2 0 3 5 0 5 0 2 1 5 0 4 0
   5 2 5 5 3 5 5 0 3 0 3 0 5 2 3 4 2 2 3 2 1 3 0 0 4 4 4 2 4 0 4 1 0 1 4
   3 0 3 1 4 5 1 0 5 4 4 5 0 5 4 5 4 4 4 1 0 1 4 2 0 1 0 5 2 3 2 4 5 0 4
   2 5 0 2 5 4 1 0 0 5 2 0 4 4 3 4]
  [0 5 2 2 2 5 3 3 5 3 0 5 3 4 1 2 2 3 2 4 0 5 1 3 0 0 1 5 5 4 1 0 1 2 1
   4 3 2 1 0 1 4 2 4 1 5 1 2 3 3 5 3 5 0 0 1 0 1 0 0 2 4 2 0 5 3 4 3 1 2
   5 5 0 5 0 0 1 0 0 3 4 4 3 2 0 2 0 3 1 3 1 2 1 1 4 5 2 2 2 0 3 3 2 0 4
   5 5 2 2 3 5 4 4 5 1 5 2 4 2 4 1]
  [0 1 2 3 3 2 0 1 3 5 3 1 0 1 1 5 3 4 3 4 3 4 5 3 0 3 1 3 1 0 5 4 0 3 3
   0 2 4 4 3 2 4 2 4 0 2 0 3 5 3 5 1 1 3 3 3 5 5 2 4 1 3 1 3 5 4 1 3 0 4
   4 0 2 2 0 2 4 0 4 0 2 5 3 2 0 2 0 4 3 1 5 0 3 0 2 5 5 0 0 5 1 3 5 4 4
   1 2 3 1 2 5 3 2 3 1 5 5 3 0 0 5]
  [0 1 1 3 4 1 5 3 4 2 2 3 2 4 0 0 4 3 0 1 0 3 2 5 2 2 3 0 5 3 3 3 3 0 3
   4 0 2 5 2 1 3 2 2 4 2 0 2 1 0 1 0 1 4 1 5 2 5 4 0 2 3 5 0 4 3 4 0 5 1
   1 2 0 5 5 2 2 1 1 4 0 1 2 0 5 2 1 5 5 3 2 2 3 1 5 2 3 0 5 5 5 4 0 4 0
   1 3 0 4 3 4 1 0 1 5 1 5 5 5 3 1]
  [0 2 4 2 4 1 5 0 3 1 0 3 2 2 5 4 0 3 3 1 0 2 4 4 2 1 4 2 4 2 2 1 1 2 0
   5 0 2 4 2 0 1 2 5 0 1 0 2 3 2 5 4 3 4 4 1 1 1 5 4 4 3 4 5 3 5 2 1 3 5
   4 1 3 5 0 1 5 3 3 5 2 0 0 4 4 4 5 0 4 4 5 4 5 4 4 5 3 2 0 5 1 4 2 4 2
   0 4 0 0 1 2 5 3 0 4 2 0 1 2 1 1]
  [0 5 5 1 2 5 0 4 0 3 3 5 0 4 4 0 2 2 1 0 3 4 2 2 0 4 0 2 2 1 3 2 5 2 5
   1 4 5 4 3 0 2 3 5 1 0 2 3 0 0 1 5 0 5 0 2 0 4 4 3 4 4 0 4 2 3 5 3 5 2
   0 4 2 3 0 1 4 2 0 2 4 3 0 4 2 5 1 5 2 5 4 3 2 1 0 3 1 4 0 2 3 2 3 0 1
   1 3 2 1 0 5 4 0 3 4 2 1 1 4 0 5]
  [0 5 2 0 1 2 1 4 3 4 1 3 0 3 2 3 1 5 5 5 5 5 3 0 0 3 2 0 1 2 4 0 4 4 4
   3 1 0 0 4 2 2 0 0 5 2 4 1 0 4 4 3 3 3 0 4 4 0 1 0 4 3 2 3 2 5 5 5 5 5
   2 4 5 4 3 5 1 3 2 4 1 2 4 0 4 4 4 3 1 3 4 0 5 5 2 5 2 1 1 1 4 0 2 0 5
   3 2 1 2 2 0 4 5 4 5 1 2 3 0 3 4]
  [0 3 0 1 2 1 0 1 4 1 0 3 2 3 3 4 2 3 5 1 1 0 5 2 5 0 1 5 3 5 5 0 0 3 4
   1 3 1 2 0 3 4 3 0 4 5 1 0 1 0 1 2 0 4 0 4 2 1 2 5 1 5 3 4 1 4 0 2 1 1
   3 4 3 5 5 4 1 0 1 1 1 1 0 5 0 0 4 2 2 3 4 1 1 3 3 2 2 0 1 1 0 5 4 4 0
   0 0 4 2 4 0 2 3 4 4 1 3 2 5 2 4]
  [0 2 2 5 0 4 2 3 1 3 0 2 1 1 2 2 4 2 2 4 0 5 0 1 2 0 5 2 1 1 2 1 2 3 3
   5 2 0 4 3 1 4 5 0 1 1 5 2 4 5 0 1 1 4 4 0 5 3 2 1 3 3 3 3 0 5 4 3 0 2
   5 4 5 5 0 5 0 2 0 5 5 2 0 3 4 0 3 0 0 0 4 2 1 2 3 2 1 0 4 3 1 4 2 4 5
   3 3 4 5 5 3 0 0 0 0 2 3 5 1 5 4]
  [0 2 2 2 2 3 0 0 0 2 1 5 2 4 3 0 1 5 4 3 4 1 3 3 0 5 5 0 4 2 4 5 0 2 4
   0 1 3 3 0 0 5 4 5 4 2 1 4 4 2 2 4 0 3 1 5 3 5 1 1 2 2 5 1 4 0 1 1 3 1
   0 5 3 4 3 1 4 4 3 3 3 0 0 1 0 0 0 2 5 1 4 0 1 5 3 0 0 1 2 1 2 1 3 1 5
   4 1 4 3 0 1 2 2 4 5 3 5 5 3 0 1]
  [0 2 3 3 0 5 2 4 2 2 5 1 3 2 3 0 5 2 5 5 1 5 4 2 4 3 5 1 1 1 2 0 1 5 5
   1 5 1 5 2 1 5 2 2 2 3 1 0 1 0 4 1 0 0 3 5 3 0 3 3 4 1 2 5 3 5 2 4 2 2
   4 2 3 3 3 0 2 3 2 4 5 5 0 1 5 3 0 0 2 0 4 0 5 1 1 1 0 5 2 2 1 4 1 1 4
   5 1 2 5 1 0 0 1 1 1 0 5 3 4 3 5]
  [0 5 3 0 3 1 3 0 5 4 3 1 4 1 5 3 0 5 4 1 5 4 3 2 3 1 5 0 2 1 5 2 0 4 5
   3 2 4 1 0 4 1 4 3 2 1 5 4 5 2 5 4 0 2 2 5 0 1 5 1 3 0 2 2 5 5 4 1 0 3
   1 4 0 5 5 1 4 5 3 3 1 5 1 1 4 2 1 1 0 4 1 5 3 2 4 0 1 5 5 5 5 3 0 4 0
   4 4 2 3 1 0 3 3 4 1 2 2 4 0 2 4]
  [0 4 0 2 1 2 2 3 0 0 1 2 1 1 5 2 5 1 2 1 1 2 2 3 3 2 5 3 5 5 5 2 4 2 0
   3 5 5 1 5 4 2 0 3 2 4 4 4 5 2 0 4 2 3 1 1 3 1 4 3 5 4 2 5 3 4 2 4 5 4
   5 0 5 0 5 3 3 1 4 2 5 4 5 3 4 3 3 3 2 0 3 2 3 0 0 0 2 4 2 2 1 2 1 0 5
   1 3 5 3 4 4 2 4 3 0 2 2 4 5 0 3]
  [0 1 0 4 4 3 2 0 4 0 2 4 2 1 1 3 5 4 2 5 0 2 0 4 0 2 0 3 3 5 2 0 5 3 1
   2 4 3 0 2 5 5 2 3 4 1 1 1 0 0 5 4 4 2 0 0 3 3 5 0 5 2 1 2 2 4 5 3 1 3
   5 1 2 1 3 5 0 4 3 1 4 3 3 4 2 5 3 1 5 3 0 2 1 5 1 1 5 5 2 3 5 5 5 2 5
   1 1 1 1 0 1 3 4 5 3 3 3 1 1 1 1]
  [0 4 2 3 2 4 0 0 4 4 0 5 4 2 0 2 5 2 4 2 5 0 0 0 5 5 3 5 4 2 3 2 2 0 2
   5 0 4 2 1 3 1 2 2 0 5 5 2 1 2 5 3 0 0 3 5 3 3 3 0 0 5 3 5 5 5 5 1 2 1
   1 3 5 0 0 3 1 1 0 1 5 1 4 3 5 2 1 4 5 2 3 0 5 3 5 3 5 1 5 0 4 1 2 3 1
   5 1 2 4 0 5 2 5 3 2 1 0 4 4 1 1]
  [0 2 3 0 0 5 3 1 3 4 5 0 3 3 0 0 0 0 3 5 3 0 1 1 3 2 1 2 5 3 3 3 0 1 4
   2 5 4 2 2 3 1 5 0 0 5 1 5 1 3 4 1 4 0 2 0 4 3 1 4 3 5 3 0 5 5 4 3 1 2
   2 2 5 2 0 3 5 5 0 4 2 2 5 1 1 5 5 2 2 5 5 1 0 5 2 4 3 1 4 5 3 0 5 1 5
   0 4 4 4 5 4 2 2 4 3 2 2 1 4 2 0]
  [0 1 3 0 0 2 0 3 0 1 3 5 3 0 1 3 1 1 5 4 0 2 1 2 4 1 0 4 2 2 0 2 2 5 5
   3 0 2 3 2 4 1 1 4 4 0 3 5 1 0 0 4 3 3 4 2 3 0 2 2 5 1 3 1 5 3 4 2 2 5
   0 0 4 2 1 4 2 0 5 3 4 1 2 0 3 4 1 2 1 3 1 0 2 0 0 4 5 3 1 0 4 4 5 1 5
   1 2 1 0 1 0 4 2 4 0 0 5 4 3 5 0]
  [0 1 0 5 4 1 3 2 3 3 0 0 4 5 0 2 5 4 4 3 4 5 4 3 4 2 2 5 0 5 2 0 3 5 1
   4 0 5 2 0 0 4 3 3 2 1 3 3 2 4 0 4 3 2 1 3 1 4 1 1 0 3 1 0 0 1 0 1 1 2
   5 2 5 3 5 1 0 5 4 0 3 1 3 0 2 5 1 1 4 3 0 4 5 0 0 5 1 4 5 4 3 1 0 3 5
   4 4 2 5 0 0 2 0 2 1 5 4 3 5 2 0]
  [0 0 3 4 5 0 0 3 5 0 0 1 5 5 4 2 1 4 4 3 3 3 1 1 1 5 5 3 4 5 0 2 3 4 5
   2 0 2 0 0 3 1 3 5 1 5 2 1 2 5 5 3 2 2 5 2 3 1 0 4 2 3 4 4 0 4 2 0 0 3
   4 3 3 4 5 5 0 3 5 0 3 3 0 2 4 4 4 3 1 2 1 0 3 1 4 0 2 4 3 3 3 3 3 1 4
   3 3 3 2 0 0 2 1 4 4 4 5 3 3 4 4]
  [0 5 3 1 2 4 2 1 5 5 1 3 0 1 3 2 3 5 2 0 0 1 3 3 0 5 4 2 0 4 0 2 5 3 1
   3 2 2 4 4 1 0 2 1 4 1 5 5 2 4 3 0 3 5 0 2 0 0 3 2 5 5 1 4 4 5 1 1 0 0
   3 2 4 5 0 1 3 5 4 1 5 4 5 0 0 1 5 3 5 3 4 3 2 0 2 4 0 4 3 4 4 0 4 3 5
   3 1 5 2 5 3 5 3 0 4 4 2 2 2 4 2]
  [0 4 5 5 3 2 5 3 2 4 5 1 1 5 2 2 4 0 2 2 1 5 4 4 0 1 0 0 0 4 3 5 0 1 4
   1 5 5 3 2 1 4 0 2 0 3 5 4 4 1 1 1 2 3 0 2 5 1 3 5 5 5 3 5 0 1 2 4 3 3
   3 4 3 4 5 5 5 5 2 3 0 1 1 5 0 5 2 4 5 4 0 0 4 4 2 0 3 0 0 1 0 3 1 2 2
   0 0 4 1 3 2 3 2 0 0 2 3 2 5 2 2]
  [0 1 0 2 0 2 3 4 4 5 2 5 1 2 5 3 3 4 4 2 3 4 3 3 5 3 5 4 4 0 2 1 3 0 5
   3 4 2 2 5 0 2 0 3 0 2 1 5 4 5 3 5 0 1 3 4 1 5 1 0 5 5 5 0 1 4 2 1 0 4
   3 1 5 5 0 1 2 3 5 4 4 3 5 3 0 4 5 5 1 4 3 0 1 0 2 3 3 3 0 2 2 5 0 1 1
   2 2 4 3 0 4 5 3 0 5 3 3 0 5 1 3]
  [0 5 5 2 2 0 2 0 2 1 0 1 4 2 4 3 2 3 0 3 2 3 5 5 3 5 0 5 1 3 1 0 1 5 0
   5 3 5 2 3 3 0 4 3 1 0 3 1 3 4 3 2 0 2 1 4 1 0 0 1 5 1 1 1 3 5 2 1 3 1
   3 4 2 4 5 5 2 1 0 4 0 3 2 2 1 5 5 5 1 0 3 2 4 1 3 0 3 1 4 0 4 5 0 2 0
   1 2 1 0 5 2 5 2 2 5 5 5 0 0 0 5]
  [0 5 5 2 0 5 5 0 2 4 0 3 0 2 2 2 4 0 0 2 5 1 1 1 5 2 3 5 4 4 4 1 5 0 3
   0 0 5 4 4 1 5 0 0 0 4 4 5 2 0 0 2 1 4 0 2 2 0 3 3 4 0 1 1 3 5 5 3 2 0
   4 0 1 5 0 2 5 4 1 2 0 0 1 0 4 1 0 2 2 4 3 2 0 2 3 5 0 5 0 0 0 0 3 1 2
   0 0 5 2 3 1 2 0 0 4 3 5 1 1 4 3]
  [0 2 5 0 0 2 3 1 4 0 2 0 3 1 1 0 4 3 1 2 2 4 1 2 3 2 0 0 0 1 4 4 5 2 1
   1 0 5 1 3 5 1 5 3 3 2 2 1 4 0 0 2 4 4 1 5 2 1 0 5 2 3 0 0 0 3 5 3 3 4
   3 4 5 1 0 5 0 4 2 3 1 5 2 0 4 0 4 3 0 3 0 0 0 0 5 2 2 5 4 3 5 0 0 4 0
   0 5 5 5 1 1 5 5 0 2 3 3 1 5 3 5]
  [0 2 4 1 2 3 2 1 3 1 5 2 2 5 5 3 4 0 4 3 3 4 3 4 3 0 4 3 5 4 4 4 1 4 5
   4 3 4 1 3 2 5 1 0 4 5 2 0 5 1 3 2 2 5 5 0 3 0 0 1 5 3 0 4 4 0 5 3 3 4
   1 3 1 5 1 2 0 2 0 5 0 5 0 3 4 2 5 5 2 5 3 2 4 1 3 1 5 3 1 1 4 2 0 4 0
   2 2 1 4 1 2 2 3 4 1 3 1 5 5 5 3]
  [0 3 3 5 0 1 1 3 3 3 0 1 0 3 3 5 4 1 2 0 2 2 3 3 3 4 0 5 0 4 0 2 0 5 5
   1 2 1 0 4 4 2 2 0 4 4 1 0 1 3 3 2 5 4 1 5 2 3 1 4 3 2 0 4 3 3 0 5 2 5
   1 5 4 3 4 5 2 5 4 2 3 3 1 5 4 4 2 0 1 2 5 5 3 1 0 3 2 2 3 4 3 3 0 0 0
   2 0 2 2 4 0 1 5 0 5 3 0 3 4 1 0]
  [0 0 0 2 0 3 5 4 0 5 2 5 4 0 0 5 0 1 1 1 1 2 3 0 5 5 4 5 3 4 4 0 4 1 0
   4 3 3 4 2 2 5 0 2 5 0 2 4 5 4 0 3 2 5 3 4 5 1 2 3 3 5 1 4 0 5 0 1 0 3
   4 1 4 2 0 3 1 3 0 1 2 0 0 5 2 0 1 3 0 1 3 5 2 4 0 4 2 2 0 5 5 0 3 1 0
   2 4 3 0 1 2 0 2 5 2 0 5 3 4 3 3]
  [0 2 4 4 3 1 5 4 5 4 2 3 1 0 4 5 5 2 0 3 5 0 0 4 2 3 5 3 2 4 2 0 0 3 4
   4 0 2 4 1 5 3 3 4 5 1 1 1 5 0 3 0 1 0 5 3 2 1 2 2 5 3 5 5 0 2 5 0 5 5
   0 0 1 3 0 2 3 5 0 2 3 1 5 0 5 0 3 4 2 2 3 4 1 0 3 1 0 4 3 2 4 0 3 5 4
   0 1 4 5 4 5 3 4 0 3 5 3 3 3 5 4]
  [0 2 1 0 5 1 4 0 4 5 4 5 1 4 4 1 5 0 3 4 2 0 1 0 5 4 3 3 0 3 4 0 1 2 0
   0 1 3 5 1 2 4 1 1 1 4 4 5 1 3 4 5 3 2 5 5 0 2 3 4 0 2 5 0 4 4 5 2 0 2
   2 0 0 4 1 2 1 3 5 0 2 3 1 5 1 5 4 2 1 4 5 4 2 5 0 0 1 1 2 4 0 1 3 2 3
   3 0 5 1 1 5 2 4 0 2 3 5 2 3 1 5]
  [0 2 4 4 1 1 0 0 3 1 4 4 1 1 3 5 5 2 0 2 5 4 0 4 5 3 5 3 4 2 4 2 5 1 2
   5 1 2 1 0 3 4 4 2 2 5 2 3 0 1 3 5 5 4 0 3 5 0 2 0 5 2 5 2 1 3 4 5 4 4
   1 0 5 3 1 1 4 5 2 3 0 4 5 5 0 0 4 0 5 2 1 0 4 4 0 4 2 4 1 1 0 2 3 5 4
   2 0 0 2 5 4 1 0 0 3 2 1 4 2 0 3]
  [0 0 3 2 3 5 4 2 1 2 5 5 2 5 2 1 4 0 5 5 5 4 0 3 4 5 1 5 4 0 1 4 5 4 0
   2 3 1 3 4 1 4 5 3 1 5 0 5 1 2 2 1 0 0 2 2 1 3 5 1 0 2 1 3 4 2 0 5 3 1
   3 2 4 2 0 0 2 4 0 5 4 3 0 0 1 1 2 5 4 3 0 2 0 5 3 1 3 4 2 0 3 4 4 3 0
   1 1 0 0 4 0 2 4 5 4 0 4 5 1 2 1]
  [0 3 2 4 5 2 2 3 4 3 3 4 0 1 5 3 1 1 0 2 3 0 0 2 3 4 5 3 3 1 0 3 5 4 2
   1 4 3 0 2 0 2 0 0 2 1 5 4 5 4 0 1 1 0 0 0 4 4 2 1 4 1 0 4 3 2 2 2 5 4
   2 1 5 1 1 0 0 2 5 1 4 2 5 2 2 2 3 4 0 1 5 1 4 1 3 0 0 0 0 4 0 0 3 0 2
   0 3 5 3 0 0 4 4 3 2 3 2 1 0 4 4]
  [0 0 3 3 0 4 1 3 0 1 4 5 4 2 2 2 4 1 2 2 3 1 3 4 1 4 5 3 2 3 3 4 1 3 3
   4 2 3 1 3 0 4 4 2 1 4 3 4 2 2 4 5 4 4 5 0 4 2 4 4 0 5 1 3 1 5 5 4 0 2
   1 2 1 4 2 5 3 4 4 5 0 0 3 3 1 0 3 2 0 5 3 3 5 5 3 5 5 5 4 4 3 4 0 0 1
   3 0 5 2 2 0 1 3 5 2 0 4 5 5 0 0]
  [0 5 5 1 2 5 0 1 3 0 3 3 5 3 4 3 4 0 2 2 0 1 0 2 1 5 4 4 3 3 0 1 4 0 5
   1 2 1 0 1 2 4 1 3 1 1 2 5 1 1 2 0 0 5 0 3 0 4 1 0 5 5 4 4 4 0 3 3 4 5
   1 0 1 3 4 5 3 5 2 0 2 0 2 5 2 0 2 0 1 1 5 2 1 5 2 0 2 2 4 1 3 2 5 4 4
   4 3 0 2 4 4 0 2 5 1 4 1 0 4 2 5]
  [0 5 5 4 4 2 1 1 5 4 4 3 5 0 2 4 2 0 2 3 3 0 4 1 0 2 1 4 0 2 0 2 4 5 4
   1 4 1 4 4 5 1 1 4 2 1 5 2 0 4 5 2 0 5 2 4 3 4 5 1 5 3 4 5 1 4 3 2 2 1
   1 3 3 3 0 5 1 3 3 4 5 5 5 0 4 4 3 1 1 4 3 2 0 0 2 1 4 3 0 4 5 0 0 0 0
   2 0 5 2 5 2 1 0 2 3 0 1 0 1 5 2]
  [0 3 4 1 2 4 2 3 2 4 2 4 1 3 4 0 5 5 4 5 2 5 4 0 1 0 4 0 1 1 5 5 2 0 4
   0 3 0 3 0 4 5 3 0 3 1 0 4 5 5 5 4 1 5 3 3 4 3 4 2 4 0 4 5 2 1 4 2 4 1
   4 4 3 5 5 1 5 3 1 0 2 4 4 1 3 0 1 2 4 0 3 1 1 1 2 2 1 4 5 5 3 1 5 0 2
   5 4 4 1 3 4 1 4 0 2 0 3 3 1 4 4]
  [0 0 4 5 1 0 1 3 4 3 5 5 1 3 1 4 3 1 1 5 3 3 4 3 5 0 4 0 3 0 3 3 0 0 2
   1 0 4 1 2 5 1 3 2 3 2 5 5 0 2 2 2 3 0 4 5 2 3 3 5 1 4 4 2 0 0 4 4 3 2
   3 0 4 5 3 2 0 1 1 0 0 4 4 3 4 5 0 2 2 3 2 1 4 3 5 5 5 4 5 1 5 2 1 5 0
   2 4 1 4 2 2 1 2 4 0 0 3 4 4 5 5]
  [0 0 4 5 1 0 1 3 2 5 4 3 5 4 0 3 1 2 0 4 3 0 4 2 3 0 4 1 0 0 4 3 3 3 1
   0 2 1 1 4 0 4 2 1 4 1 0 0 0 2 1 0 2 3 2 1 3 5 5 0 3 0 5 1 4 2 5 1 0 0
   1 2 3 2 2 0 5 0 1 3 4 1 2 1 5 3 4 1 1 2 3 0 1 5 4 2 4 4 5 0 4 5 0 1 1
   2 2 5 3 3 3 5 3 3 1 0 2 4 2 2 0]
  [0 0 5 1 1 5 3 2 0 3 1 2 0 0 1 5 3 5 0 0 3 1 5 4 4 1 3 1 3 5 4 1 3 0 1
   5 1 1 1 5 1 1 1 4 3 0 3 4 1 1 4 1 2 0 3 2 0 3 4 1 4 3 4 4 0 0 2 0 1 2
   0 2 5 5 1 5 2 0 0 4 5 2 3 5 0 5 1 0 5 0 5 5 3 0 1 4 3 3 2 4 5 1 0 0 2
   5 3 5 2 1 2 5 1 2 0 0 0 0 4 1 2]
  [0 4 0 0 5 1 0 3 4 3 4 1 1 5 3 1 2 2 1 2 4 0 1 3 3 1 2 4 0 4 1 2 3 5 4
   3 0 0 0 5 5 3 5 4 0 3 0 1 0 5 1 1 4 0 2 4 3 3 1 2 0 5 4 0 0 3 2 2 2 3
   0 5 2 0 1 2 2 5 4 2 4 4 5 4 0 5 0 0 2 5 2 0 2 5 4 4 0 3 5 4 1 5 1 4 3
   1 0 5 0 5 3 3 5 4 1 3 4 0 3 4 5]
  [0 5 5 5 0 0 1 1 2 2 1 1 1 3 5 2 4 4 3 1 1 4 3 0 1 0 4 2 0 3 0 0 1 3 4
   1 3 4 3 1 0 3 5 5 2 3 0 0 2 2 1 2 0 2 2 3 1 1 2 1 3 3 3 3 4 1 5 1 1 4
   3 3 2 4 1 2 4 3 2 3 0 0 5 0 2 3 3 0 1 0 2 2 1 1 1 1 1 0 0 2 4 4 1 1 4
   2 4 3 1 2 5 0 0 2 2 4 4 0 0 4 4]
  [0 0 0 1 0 5 0 0 2 1 0 3 2 2 1 5 4 0 2 4 5 4 2 4 5 4 5 5 4 4 0 2 3 2 4
   1 4 1 1 1 0 0 1 0 5 5 5 5 1 0 1 5 3 1 5 3 5 1 3 4 4 5 4 0 5 2 4 3 1 2
   4 3 2 5 4 4 0 4 0 3 2 4 0 3 1 5 4 0 4 2 5 4 4 3 5 4 1 5 4 2 2 3 3 3 3
   3 2 4 3 4 2 1 5 5 5 1 4 5 1 0 4]
  [0 4 3 2 3 5 3 0 1 4 3 4 5 5 3 0 1 0 2 1 5 5 3 5 1 1 1 4 1 2 5 3 5 1 1
   5 2 3 2 2 2 4 5 3 2 0 2 1 0 5 4 0 3 1 5 1 4 5 1 1 2 4 5 0 2 1 3 5 3 3
   2 1 2 4 3 1 5 1 0 3 1 1 0 0 2 3 4 2 2 4 3 3 0 0 1 1 4 1 5 3 0 1 3 4 5
   5 1 1 1 5 5 2 1 0 0 1 3 4 0 1 0]]

 [[0 1 0 5 0 2 4 2 3 2 4 2 5 5 2 4 1 1 0 0 0 2 5 3 1 0 5 2 2 1 5 1 0 2 0
   0 2 1 1 2 2 1 4 1 2 4 5 1 5 0 5 5 5 0 4 5 2 2 0 4 3 4 5 5 1 3 1 2 2 0
   5 4 0 2 3 1 4 0 5 0 5 0 4 3 5 1 1 3 0 3 5 1 2 2 5 5 4 4 3 3 1 2 2 3 0
   3 4 5 1 5 4 1 5 0 3 1 3 4 3 3 2]
  [0 0 1 1 0 5 1 4 1 4 4 3 3 1 0 0 1 0 5 4 1 3 3 3 4 5 2 2 4 0 1 4 0 0 1
   4 3 1 2 1 0 4 5 1 2 3 5 5 2 1 1 3 2 0 0 3 4 3 5 2 3 3 4 3 3 5 4 1 1 4
   0 2 1 4 5 3 1 4 5 1 3 4 4 3 0 5 2 3 3 0 3 1 0 1 3 5 3 1 1 5 4 5 0 0 5
   4 0 3 2 0 1 4 4 0 1 3 0 4 1 0 4]
  [0 3 0 3 5 4 3 3 5 1 3 2 2 3 3 5 2 1 2 0 5 0 0 0 2 3 1 0 1 4 3 2 2 4 2
   5 4 3 4 3 3 2 1 5 5 1 4 2 1 4 4 3 2 0 2 5 1 1 4 2 1 5 5 1 1 5 2 1 5 2
   5 5 4 3 1 5 2 4 0 1 5 0 5 4 3 3 1 0 1 2 1 1 4 0 5 4 2 3 4 3 5 1 3 1 3
   5 2 2 5 3 4 1 0 4 3 2 2 0 5 4 1]
  [0 0 3 0 1 5 0 2 1 1 5 4 5 5 3 2 2 2 2 3 1 5 3 3 3 3 0 2 4 4 4 3 1 3 3
   2 2 3 1 5 1 4 5 0 2 1 1 5 3 0 2 4 1 4 0 2 3 2 5 2 4 0 3 4 1 5 2 5 2 4
   3 4 2 1 0 5 4 1 3 3 1 1 0 5 1 0 2 1 1 2 5 5 2 3 5 4 5 3 1 1 2 2 0 3 1
   2 1 4 1 3 5 2 2 0 0 3 1 2 0 3 2]
  [0 5 2 3 0 3 3 5 5 1 4 2 3 0 3 1 4 1 3 1 1 5 5 1 3 1 1 4 4 2 0 2 0 1 2
   5 5 5 2 3 2 4 0 4 2 0 4 1 2 0 2 2 4 3 5 3 0 2 5 2 4 0 0 5 0 3 1 0 4 4
   5 2 2 3 2 3 5 2 0 4 2 5 4 2 3 1 3 0 1 1 3 2 1 3 2 5 5 1 2 4 1 5 2 4 5
   1 0 5 4 2 2 5 5 4 0 4 3 0 2 5 4]
  [0 4 5 0 0 0 3 5 1 2 3 1 5 0 2 2 0 1 5 4 5 3 5 3 1 3 2 0 1 5 4 5 0 3 1
   1 5 4 3 0 1 1 3 3 5 0 3 0 0 4 1 5 0 1 4 0 4 5 3 4 0 5 0 2 1 3 1 0 3 4
   5 3 4 0 0 4 4 4 5 5 2 4 0 3 3 4 0 3 3 1 4 5 0 4 5 2 1 2 5 4 4 5 5 2 2
   0 3 2 0 5 3 2 0 5 4 3 4 1 5 3 2]
  [0 4 5 5 4 5 0 2 1 0 5 0 0 5 2 0 3 2 2 5 3 1 4 0 2 2 0 1 5 0 4 0 1 2 3
   4 5 3 2 3 3 1 5 4 5 5 3 2 3 4 1 4 5 1 4 4 5 0 4 4 4 3 4 1 5 1 0 4 2 5
   1 3 2 2 4 4 4 5 3 2 5 1 4 4 1 2 5 0 2 5 5 5 1 2 5 3 5 1 1 2 4 1 3 3 2
   3 1 4 0 3 1 4 2 3 2 3 4 2 4 1 2]
  [0 5 2 3 4 0 0 0 2 4 5 5 3 0 3 3 5 2 0 4 5 3 3 4 4 3 5 4 3 1 5 2 2 3 5
   1 4 4 3 3 2 0 1 2 3 4 4 2 0 4 5 4 5 1 3 5 0 1 1 4 4 4 2 3 2 5 4 4 2 5
   3 2 2 3 2 3 2 0 5 0 2 2 0 4 2 1 0 5 4 0 3 2 2 1 3 1 0 1 3 2 2 3 3 1 0
   1 0 5 3 4 5 5 0 0 0 3 0 4 2 5 2]
  [0 4 5 3 1 5 0 1 0 1 2 2 1 4 0 0 3 2 5 1 3 0 1 4 0 4 4 0 4 0 5 2 3 3 5
   5 3 3 1 1 2 0 4 0 1 3 0 0 0 4 4 3 4 1 0 4 0 1 3 4 3 2 3 0 4 2 4 0 4 5
   4 5 3 5 5 1 2 1 3 1 1 2 1 3 2 5 2 0 2 5 3 0 4 0 4 0 4 2 3 5 0 1 2 1 0
   3 4 4 1 0 0 5 1 4 4 5 0 3 3 2 2]
  [0 3 4 4 2 4 1 0 5 0 4 0 5 2 4 0 3 1 3 3 5 1 4 5 3 5 3 1 3 3 4 3 3 2 1
   5 5 3 4 2 4 4 2 4 0 0 5 4 5 0 3 0 0 3 3 4 0 4 2 2 3 2 4 4 2 4 4 1 3 3
   4 5 3 2 0 2 0 3 0 1 2 1 2 4 4 1 2 3 4 0 2 3 4 4 1 0 0 1 2 4 1 4 2 4 0
   2 1 5 0 5 5 0 0 1 2 3 2 5 2 3 4]
  [0 5 2 5 3 2 2 0 0 5 0 4 3 3 2 3 4 4 5 0 2 4 4 0 5 0 0 3 3 0 1 1 1 4 4
   1 0 5 4 0 2 4 4 1 1 4 5 1 2 5 0 1 4 1 5 1 1 5 5 2 3 4 4 4 1 1 4 1 3 4
   0 2 0 1 5 4 2 2 4 2 0 3 5 4 5 2 0 1 1 0 0 4 4 1 3 4 3 2 0 4 3 2 1 5 1
   3 0 2 3 3 3 4 5 5 1 1 5 4 0 3 1]
  [0 3 0 0 4 3 2 2 3 5 5 0 2 1 0 5 2 5 2 5 5 3 3 5 4 3 3 0 0 3 5 2 2 5 0
   4 0 2 0 3 1 1 4 0 2 0 3 5 4 5 3 4 0 5 0 5 2 1 1 5 1 4 1 2 3 1 4 2 3 2
   0 4 5 3 5 2 5 3 3 5 3 5 5 3 2 2 1 4 5 0 3 1 4 5 4 1 3 4 3 1 4 2 2 5 0
   1 2 1 3 5 2 5 3 0 1 3 2 2 0 2 5]
  [0 1 2 1 4 3 1 0 0 5 1 4 0 4 3 2 4 3 5 1 5 2 0 3 5 5 3 1 0 2 5 3 2 4 5
   1 5 1 1 5 2 3 5 1 4 0 4 2 4 4 4 4 4 1 4 3 2 5 5 4 1 2 0 2 2 4 4 0 5 4
   5 0 3 0 0 1 4 1 3 1 0 3 3 4 0 3 5 4 5 0 4 1 5 2 1 2 0 5 2 3 3 4 2 4 5
   3 5 5 5 5 0 1 1 3 1 1 2 0 4 0 2]
  [0 2 1 3 2 5 0 2 1 1 0 4 1 0 2 0 3 5 4 5 4 1 1 1 5 4 2 3 3 4 0 4 2 1 1
   2 0 4 0 3 3 2 3 4 5 1 0 3 4 0 4 0 4 5 2 2 0 3 5 3 3 2 3 0 3 0 5 3 3 2
   2 5 0 5 1 3 2 0 3 4 3 5 5 4 4 3 0 1 4 2 4 5 4 0 5 4 1 1 4 2 5 5 5 2 0
   4 2 4 5 5 3 5 0 4 0 1 2 4 1 0 5]
  [0 1 4 2 4 4 5 2 0 0 2 3 4 3 0 2 1 0 1 0 0 3 1 5 4 0 0 4 3 2 3 1 1 5 2
   1 1 0 1 1 5 1 4 0 2 5 3 0 3 4 5 1 5 2 4 4 5 0 3 1 0 0 5 2 1 4 0 4 3 2
   0 1 4 5 0 1 5 0 1 4 1 1 5 4 3 4 5 1 5 3 5 5 0 5 4 3 0 5 1 2 2 4 2 5 2
   2 4 0 3 2 4 5 3 3 2 3 3 1 5 4 4]
  [0 0 4 1 4 3 2 0 5 3 1 4 4 4 2 0 5 4 2 1 3 4 5 2 1 5 4 1 3 4 5 5 3 4 3
   2 2 4 5 0 1 0 4 4 3 0 0 0 4 1 1 5 4 4 1 1 0 3 0 0 3 3 2 5 2 2 4 2 4 3
   3 1 0 1 5 1 5 3 0 5 1 0 4 5 2 0 2 4 1 3 3 0 0 2 1 5 2 5 1 0 0 2 5 3 2
   0 2 5 2 2 4 5 5 1 3 0 0 1 0 3 5]
  [0 3 3 5 4 2 3 3 0 3 1 3 1 2 5 4 0 4 4 3 2 0 3 0 5 1 2 4 3 2 2 4 4 3 1
   3 2 5 0 3 3 3 2 0 1 1 5 2 0 2 4 4 1 2 0 0 2 0 1 2 1 3 4 5 1 4 3 4 2 4
   5 4 2 0 4 5 0 5 5 4 3 0 4 3 0 4 3 2 5 2 5 5 4 2 0 0 2 2 0 2 3 1 0 5 3
   0 4 1 1 4 2 5 2 0 2 5 1 0 5 5 1]
  [0 3 3 0 2 2 1 1 1 4 0 1 4 5 0 5 1 0 4 2 1 2 0 2 1 4 2 3 5 5 4 3 1 5 3
   0 0 4 1 2 5 1 3 2 1 0 4 4 2 1 3 4 4 5 5 0 4 2 1 0 0 4 4 0 2 5 2 5 2 5
   2 0 2 5 1 4 4 1 3 1 1 0 3 0 1 4 0 2 1 5 1 4 5 4 3 0 5 2 1 2 3 2 3 5 1
   0 3 1 3 3 1 3 2 5 4 1 4 3 5 5 4]
  [0 1 2 4 0 2 4 0 1 3 5 2 5 0 1 3 0 3 0 3 2 0 4 1 4 1 5 2 2 3 0 4 2 3 4
   4 3 5 5 2 0 1 5 4 5 2 2 4 2 2 5 4 1 1 1 4 5 0 0 3 2 0 3 4 2 5 4 3 3 4
   1 5 4 0 3 4 0 4 4 4 5 0 0 1 4 5 5 5 3 3 0 1 0 4 2 5 5 5 5 5 5 1 4 2 1
   3 4 2 0 1 4 5 1 2 5 2 1 1 0 5 3]
  [0 1 5 3 2 5 0 3 3 0 2 1 4 4 4 2 0 5 3 0 0 0 2 2 5 0 4 0 5 0 5 2 5 5 3
   1 5 0 2 5 1 0 0 5 5 5 0 0 5 4 5 0 4 5 5 0 0 4 1 0 2 2 1 2 5 3 4 1 4 4
   2 1 3 5 3 4 3 5 1 3 3 2 5 4 2 5 0 5 5 4 5 5 2 0 3 3 4 0 3 2 4 2 1 5 5
   0 1 3 2 5 2 5 0 4 1 0 2 4 2 3 2]
  [0 2 0 4 5 0 0 5 1 0 1 3 1 5 5 5 1 2 1 2 0 1 5 3 4 0 4 3 4 4 5 1 4 0 4
   1 3 0 3 0 2 2 4 4 1 1 0 0 1 3 3 3 5 3 0 0 4 3 4 0 2 4 4 1 3 2 5 4 4 5
   2 2 3 3 1 1 5 3 0 3 4 3 1 5 5 0 5 3 4 1 0 0 4 2 5 4 5 1 2 3 5 4 1 0 2
   4 3 5 4 5 4 1 4 1 2 1 4 1 3 1 3]
  [0 2 5 3 0 3 0 3 2 0 0 0 1 4 0 1 5 0 0 2 4 0 2 0 3 0 0 3 3 0 4 5 5 1 2
   1 5 5 1 5 5 0 3 0 5 1 5 5 1 4 5 1 5 3 1 0 5 2 5 4 1 1 3 4 0 3 4 1 2 4
   5 4 3 2 4 4 2 1 2 3 1 5 0 3 1 4 0 3 1 3 4 4 3 5 4 2 5 4 0 4 4 2 1 2 3
   5 0 4 5 4 3 4 2 0 5 1 4 5 3 3 4]
  [0 2 1 0 4 1 0 4 0 2 1 3 1 5 1 4 5 3 1 1 5 3 0 0 3 5 5 1 5 2 0 2 5 2 3
   1 2 4 3 4 1 1 0 3 3 2 4 4 1 2 5 2 3 1 1 2 1 4 1 1 1 4 4 2 0 3 4 5 2 4
   3 5 4 4 3 3 1 0 3 1 0 4 3 0 5 5 5 2 5 5 3 0 1 1 0 5 0 5 0 0 3 4 0 4 2
   3 5 1 4 0 1 3 5 1 5 1 0 1 4 1 1]
  [0 3 1 3 2 3 0 1 5 0 4 4 2 0 0 2 3 4 3 2 1 0 4 0 2 4 5 5 2 2 5 3 3 1 5
   2 5 3 1 0 4 3 1 0 3 0 3 1 0 0 1 2 3 1 3 0 2 0 1 5 1 3 2 2 3 4 4 4 0 2
   5 3 0 5 0 0 0 5 2 3 2 3 2 0 2 0 4 5 3 3 3 5 2 1 5 2 5 4 0 0 5 0 1 4 2
   1 0 4 0 2 0 0 3 5 3 3 5 3 2 1 1]
  [0 0 3 2 1 3 1 1 3 2 4 2 3 5 4 5 5 5 3 0 3 3 2 2 0 5 2 2 2 4 2 1 1 1 1
   3 3 0 1 5 0 4 5 2 2 3 3 1 1 3 0 3 4 1 0 4 3 4 3 4 0 4 0 3 2 3 2 0 1 5
   4 1 0 2 4 2 2 0 3 1 5 5 2 5 1 5 3 2 3 0 1 0 1 3 0 1 5 4 1 5 4 4 4 1 0
   3 5 3 5 5 1 3 0 0 2 4 1 2 1 4 2]
  [0 5 5 0 4 3 0 2 0 0 0 5 4 5 1 0 5 4 4 5 4 4 5 3 3 0 4 4 3 3 1 1 4 2 0
   0 0 5 0 2 0 4 1 4 0 4 3 0 4 2 0 5 3 4 1 3 0 5 1 2 2 3 2 4 2 5 2 2 5 3
   2 5 4 5 1 4 2 4 3 4 5 5 0 2 5 1 1 0 1 4 3 1 4 5 4 3 4 4 5 3 4 4 1 2 0
   0 2 0 0 1 0 2 5 3 1 3 0 4 5 5 0]
  [0 4 2 4 0 5 3 5 0 0 5 3 1 4 2 1 0 4 4 1 0 2 5 3 4 2 0 3 2 5 1 1 5 2 5
   4 0 0 4 4 0 3 1 2 4 3 4 3 0 3 5 1 1 1 2 5 1 0 5 3 4 1 4 3 0 0 4 1 1 2
   4 2 1 0 2 1 1 3 1 2 4 4 5 3 5 3 5 2 3 5 0 1 2 3 1 5 4 2 5 0 0 5 1 5 0
   1 4 5 3 1 3 4 2 3 3 2 2 0 0 1 0]
  [0 0 1 2 2 5 4 3 2 4 1 5 0 0 5 3 0 5 3 4 4 5 2 3 4 1 1 0 5 4 3 4 0 1 4
   2 0 4 2 3 2 0 4 3 3 3 0 2 2 3 3 5 2 2 0 3 0 4 2 4 5 5 0 4 0 1 0 0 0 5
   2 5 5 1 5 5 5 3 1 5 4 0 1 3 0 2 2 4 2 0 1 4 2 0 4 2 3 5 2 0 5 5 1 1 2
   1 1 4 2 5 4 1 4 1 4 4 5 0 5 3 3]
  [0 4 3 2 2 2 4 5 1 2 2 0 1 2 3 5 2 4 3 0 5 4 4 3 0 5 1 3 0 1 4 5 4 2 4
   4 2 4 3 5 5 0 2 4 4 3 1 4 0 3 1 5 3 3 1 0 3 0 0 4 1 1 2 0 4 0 3 3 1 1
   0 0 3 2 3 1 0 1 1 1 0 5 4 2 0 1 4 3 1 3 4 0 4 5 0 3 5 2 4 0 0 2 0 1 1
   3 3 3 1 4 3 4 3 0 1 0 1 5 3 0 4]
  [0 2 3 5 0 3 5 4 3 0 1 3 5 5 3 5 5 0 4 5 1 4 3 3 1 1 4 0 3 0 0 1 2 5 5
   5 0 2 2 5 2 0 1 3 4 5 2 1 3 4 0 0 3 0 4 3 4 4 4 1 2 0 4 1 4 4 3 1 5 4
   5 4 5 4 1 5 1 1 2 4 4 4 5 1 0 3 3 0 0 2 4 5 3 1 5 0 5 0 5 4 5 2 1 0 4
   4 3 4 2 2 3 5 3 0 0 4 4 2 1 5 5]
  [0 1 0 2 0 0 3 2 0 2 5 5 1 0 0 5 2 0 0 4 4 0 5 4 1 1 5 4 1 2 0 1 4 2 0
   2 2 4 3 0 1 2 1 0 1 5 5 5 0 1 1 1 2 4 5 3 0 0 4 4 2 1 2 2 5 4 2 4 4 0
   0 4 0 4 0 5 4 0 1 2 4 4 0 5 4 3 5 1 5 4 2 0 1 2 1 3 5 1 5 1 0 4 4 2 3
   4 5 3 3 0 1 3 3 3 3 5 5 0 3 0 2]
  [0 1 4 4 2 4 1 4 4 1 2 1 0 5 3 5 4 0 3 0 0 4 2 2 5 5 3 2 4 2 2 0 3 5 0
   4 1 4 2 4 3 0 4 2 4 0 3 2 3 0 2 5 4 4 3 2 2 1 5 1 3 3 2 1 2 0 5 3 2 5
   0 4 4 2 5 0 4 5 3 3 2 1 2 5 5 3 1 2 0 5 4 4 3 5 4 5 2 3 2 3 3 4 2 2 0
   0 1 1 3 1 1 2 4 5 1 3 2 5 1 2 3]
  [0 3 2 5 4 0 5 0 0 2 0 5 0 2 2 5 1 2 0 4 2 5 2 5 1 1 1 2 4 0 0 4 0 5 1
   1 2 5 3 2 0 4 2 1 5 4 4 3 2 5 4 3 3 0 5 0 5 4 4 3 0 1 3 4 4 0 0 4 5 5
   3 4 4 5 4 1 3 1 2 2 4 1 0 1 0 4 0 3 2 3 2 1 0 4 3 1 5 2 4 0 4 2 0 1 4
   1 2 1 1 3 4 4 2 2 0 5 1 3 5 5 5]
  [0 5 1 4 1 5 0 0 0 5 4 2 4 5 5 4 3 2 2 0 4 4 3 5 1 4 4 4 5 5 4 2 5 0 5
   5 3 2 0 5 3 3 1 2 3 0 4 2 4 5 3 4 3 5 2 2 2 3 4 5 5 2 2 1 2 2 1 5 5 1
   0 2 4 3 4 5 0 4 3 5 2 1 4 4 5 1 3 1 1 1 2 5 1 4 3 1 5 5 3 3 2 5 4 1 2
   5 5 3 3 3 0 4 0 1 5 0 2 3 5 4 1]
  [0 4 0 3 0 4 5 2 5 0 0 2 0 4 4 2 1 1 4 5 5 4 4 5 0 0 0 2 3 3 3 4 1 5 0
   4 5 2 5 0 4 5 2 2 0 1 4 2 4 1 4 0 5 1 0 2 5 3 4 3 3 2 0 4 2 3 3 2 0 3
   3 1 0 5 2 4 3 4 2 0 4 3 0 1 5 4 1 2 4 0 0 1 0 5 0 4 0 2 0 1 0 5 0 3 0
   3 1 1 4 2 0 3 2 0 1 4 0 1 4 5 5]
  [0 4 2 1 4 1 0 0 4 0 3 0 3 3 3 2 3 5 5 4 1 3 3 5 5 2 1 1 2 1 3 2 2 4 0
   0 2 1 0 2 3 0 3 2 1 5 3 5 0 4 5 5 4 5 1 3 2 5 3 2 0 5 0 5 3 5 1 0 1 3
   3 4 0 5 3 2 5 1 5 2 0 5 4 0 4 3 1 2 1 2 3 1 2 3 3 0 0 0 0 3 0 0 2 4 5
   4 5 4 4 3 0 3 0 5 1 3 0 4 5 0 2]
  [0 3 0 0 3 2 4 2 4 0 1 3 5 5 0 0 4 1 3 2 0 0 0 3 2 0 3 3 2 2 4 0 1 0 4
   3 0 3 5 3 5 0 5 3 1 3 4 0 3 2 3 0 3 5 5 4 5 5 5 1 4 2 2 0 4 0 0 0 5 3
   0 2 5 2 4 1 3 4 4 2 4 4 2 2 5 3 5 3 5 1 3 5 2 2 4 1 1 0 3 5 5 4 5 5 2
   1 2 3 1 0 0 1 5 3 1 2 4 1 0 2 3]
  [0 0 5 5 4 5 5 3 5 0 4 1 0 0 2 3 0 2 4 4 1 2 5 3 5 4 5 3 0 4 1 0 4 3 5
   5 0 0 4 0 4 0 2 3 3 5 5 0 5 5 5 3 2 5 5 1 0 3 2 2 1 1 2 0 5 3 0 3 2 4
   5 1 3 1 4 0 4 3 5 5 4 2 0 4 5 3 0 3 0 0 2 2 5 1 4 2 3 5 0 5 2 4 5 1 0
   2 5 4 2 3 5 5 5 0 2 1 4 0 3 4 3]
  [0 0 2 0 4 5 1 1 0 0 4 5 3 4 3 3 4 4 0 3 3 4 2 4 3 3 5 4 4 5 1 0 0 5 4
   5 2 2 0 0 4 3 5 1 1 1 2 4 3 2 4 5 4 3 4 2 2 3 3 5 4 5 2 0 4 0 5 4 5 0
   0 0 2 5 1 2 1 2 1 3 3 4 0 5 5 5 4 4 5 4 4 2 5 2 2 4 4 0 0 5 0 0 5 3 5
   2 3 2 0 0 4 3 5 2 0 4 0 0 0 4 1]
  [0 3 1 3 1 4 1 5 1 4 1 0 1 5 5 2 2 4 0 2 1 3 5 0 1 0 2 3 5 5 5 1 3 1 4
   0 1 2 4 0 3 5 3 0 1 5 2 5 5 0 2 0 0 3 1 1 2 2 5 0 3 4 3 4 4 1 2 2 3 3
   5 3 4 2 1 3 1 1 4 5 0 3 3 1 2 1 1 3 5 1 5 2 1 4 0 1 1 3 3 5 0 1 2 0 1
   5 2 2 4 5 2 2 2 4 2 2 5 0 2 3 5]
  [0 5 2 0 0 5 5 5 2 5 1 1 4 0 5 1 4 4 1 2 2 4 1 1 3 4 5 4 4 2 1 2 0 1 2
   3 4 0 2 0 0 3 3 0 4 0 2 1 2 2 3 4 5 5 3 2 5 1 0 0 3 5 1 5 3 0 3 5 2 0
   2 4 0 1 4 3 5 4 1 2 2 4 4 1 0 0 0 4 4 5 2 4 0 0 0 0 4 5 5 5 5 4 4 1 2
   2 4 3 2 4 2 4 5 0 1 2 1 2 2 3 1]
  [0 3 0 4 0 5 3 5 1 1 2 3 5 1 2 5 5 2 1 5 2 0 4 4 2 4 0 0 0 4 2 5 2 4 0
   4 4 4 1 1 3 0 3 0 3 2 0 2 2 1 2 1 1 1 3 3 2 3 5 5 5 5 4 5 3 5 2 4 5 0
   3 5 5 5 1 1 3 2 2 4 0 2 1 2 0 1 1 4 1 2 0 4 2 5 1 1 3 5 5 4 5 5 3 2 1
   0 3 5 4 0 5 0 5 3 4 0 2 0 5 3 2]
  [0 3 2 1 4 3 5 5 5 1 1 4 2 5 3 4 0 5 1 4 0 0 3 0 0 4 2 2 4 2 2 4 5 3 3
   3 0 4 1 3 3 5 0 3 4 2 5 3 1 4 5 0 5 5 0 3 4 0 2 2 4 2 5 1 1 3 0 2 1 3
   5 4 5 2 1 1 4 5 0 1 3 0 0 5 1 0 2 0 5 5 1 5 1 5 2 2 3 2 5 1 1 4 4 4 0
   0 2 3 4 5 3 2 5 1 5 4 4 2 4 3 2]
  [0 4 0 1 0 1 4 1 3 4 4 3 5 1 1 4 3 2 4 1 1 0 1 2 0 4 1 4 1 3 1 1 0 2 1
   2 2 0 2 0 3 3 2 0 0 2 2 5 5 0 3 3 0 5 5 2 1 3 3 5 2 4 3 1 4 1 3 2 5 5
   0 4 5 3 2 1 1 2 4 0 1 2 0 1 3 5 5 5 5 0 5 2 2 4 0 5 5 2 3 5 3 2 1 1 2
   5 4 3 5 4 4 2 3 1 5 1 2 5 4 0 5]
  [0 2 2 1 1 3 3 5 4 5 5 3 3 4 0 1 1 4 0 1 5 3 2 2 5 5 0 2 4 5 5 0 1 5 4
   0 5 3 2 1 3 4 5 1 0 5 5 1 5 0 5 1 4 1 0 2 2 1 0 2 2 2 4 5 5 1 3 0 1 5
   0 1 2 3 1 3 0 4 4 4 1 2 1 2 4 0 5 3 0 2 0 0 3 1 3 3 1 5 2 5 0 2 0 4 5
   3 4 1 3 1 2 4 5 4 1 0 2 4 4 5 4]
  [0 4 5 1 2 1 2 2 2 4 1 5 4 0 0 2 1 2 3 0 5 3 3 5 0 0 5 0 5 1 4 3 0 4 0
   1 3 4 1 2 0 1 5 3 0 0 0 5 1 0 0 1 1 4 5 0 2 4 3 1 5 5 2 2 2 3 0 4 1 5
   5 0 5 3 3 0 5 2 0 4 2 2 0 1 1 4 3 4 1 5 4 3 4 5 5 4 3 5 4 2 0 5 1 4 3
   4 4 5 5 5 4 1 2 4 5 3 3 0 4 1 2]
  [0 5 0 5 3 3 1 1 5 4 2 3 3 1 2 0 2 0 5 3 1 0 5 3 5 2 0 5 0 1 4 0 4 1 5
   4 1 5 1 5 5 5 4 1 3 1 0 2 2 4 2 3 3 2 5 4 0 4 2 0 3 3 5 3 4 0 5 0 2 0
   4 2 4 2 3 5 0 4 1 5 2 0 5 0 3 2 3 1 2 5 0 4 5 4 1 4 3 5 2 0 3 4 5 4 5
   1 5 2 0 0 5 3 4 2 5 3 0 3 2 4 3]
  [0 1 5 1 2 3 0 1 0 5 2 5 0 4 1 4 1 3 5 2 5 3 0 1 1 4 4 1 4 5 0 0 0 5 5
   0 5 0 4 2 5 5 3 4 1 3 5 0 1 4 2 2 3 5 4 4 5 0 5 2 5 0 3 0 5 5 4 2 0 4
   1 3 0 0 3 1 2 4 0 1 0 5 5 5 3 5 5 4 1 2 1 0 1 5 3 4 3 2 2 0 1 0 0 1 4
   5 0 3 0 2 1 1 1 4 1 1 4 1 2 0 4]
  [0 0 0 2 3 0 5 5 4 1 2 2 0 5 4 4 3 4 3 4 5 4 2 0 3 1 2 0 3 5 2 4 5 0 5
   5 5 5 1 0 3 5 4 4 1 1 1 5 0 3 3 0 5 5 1 4 5 5 1 0 2 5 4 0 3 0 0 0 1 2
   2 4 3 5 5 5 0 1 4 1 1 4 4 4 2 0 1 4 0 0 1 0 0 5 5 4 1 5 3 4 3 1 0 3 3
   0 2 5 4 4 2 2 2 1 5 3 1 3 3 0 3]
  [0 4 3 1 4 3 2 2 4 0 4 0 1 0 1 4 2 0 2 2 5 3 4 0 1 3 2 4 2 5 3 5 3 4 1
   0 5 2 1 2 5 5 4 2 5 5 0 5 5 0 0 2 1 3 3 3 2 3 2 1 4 4 3 2 5 4 5 2 2 0
   5 0 2 2 4 5 1 4 2 0 3 2 3 2 3 3 2 4 2 2 4 4 0 1 3 5 4 0 5 2 5 4 4 2 4
   0 5 4 5 4 3 2 2 0 0 2 1 1 2 0 5]
  [0 5 1 4 4 0 5 0 2 1 3 3 1 0 4 5 4 5 2 2 4 2 5 1 0 3 1 2 1 1 3 0 4 1 0
   2 1 4 1 4 4 2 5 1 5 5 0 4 2 5 0 1 4 2 3 4 5 4 4 2 0 4 2 4 1 0 5 2 4 0
   3 3 5 3 5 2 5 0 0 0 0 4 0 0 0 2 0 3 3 3 2 0 1 1 5 1 1 4 1 5 1 3 4 1 1
   5 2 1 2 1 4 3 5 4 1 1 5 5 1 4 0]
  [0 1 0 5 0 0 0 3 1 4 2 4 5 1 0 4 3 5 4 3 0 2 2 1 4 2 0 3 3 1 1 4 2 5 3
   4 5 3 5 1 5 2 4 1 1 3 4 3 0 5 5 0 2 2 3 0 3 3 4 3 3 4 4 2 4 3 3 4 4 4
   3 0 1 5 1 1 4 3 1 0 0 4 5 0 3 0 0 2 3 2 4 0 3 5 3 1 1 3 2 1 2 2 0 0 2
   5 2 3 2 2 5 2 4 5 3 0 1 1 3 3 3]
  [0 0 5 5 3 3 2 0 2 1 3 1 1 2 0 2 3 5 4 3 4 5 1 3 3 3 5 5 2 2 0 1 3 3 5
   5 0 4 4 2 5 0 3 1 1 2 0 1 5 1 3 1 0 5 2 0 2 1 5 4 1 0 2 5 2 3 2 4 1 3
   3 4 3 4 4 0 0 5 0 0 3 5 1 3 2 1 1 2 3 0 0 2 3 5 5 2 3 0 5 5 5 5 5 1 1
   5 0 5 5 2 2 2 4 2 0 3 2 2 1 1 4]
  [0 1 4 3 4 3 4 0 2 5 5 3 3 0 3 4 3 5 5 3 4 0 2 5 2 3 4 3 1 2 2 3 4 3 3
   3 2 2 3 2 4 2 5 3 0 3 5 4 0 4 4 1 3 0 5 5 3 5 4 4 3 3 4 5 1 3 0 0 2 5
   2 2 0 1 4 0 3 2 3 0 0 0 1 1 1 1 5 3 2 3 4 5 2 5 4 1 4 1 0 0 2 1 2 2 4
   1 1 0 5 2 3 2 4 1 1 4 4 0 0 4 2]
  [0 5 3 2 4 2 2 3 5 1 1 1 2 4 3 0 0 1 5 0 2 3 4 4 2 5 4 0 5 3 2 2 2 2 3
   3 3 5 5 0 1 5 1 2 2 1 0 0 4 4 3 2 3 2 0 1 4 5 0 5 1 0 2 3 0 3 5 3 5 1
   1 5 3 2 3 4 0 5 4 4 1 0 0 4 4 4 4 1 3 1 1 0 5 5 5 1 3 0 2 2 0 3 4 5 2
   4 1 1 1 4 4 5 3 4 3 2 3 3 4 4 0]
  [0 5 0 0 4 2 5 4 3 4 1 1 1 2 4 5 4 0 4 5 5 4 3 3 4 0 3 5 2 0 2 2 2 4 2
   5 2 0 0 1 3 5 5 3 5 0 4 4 1 4 1 5 0 4 1 0 4 2 3 0 1 3 1 3 0 3 1 3 2 4
   1 2 0 4 4 5 1 5 5 5 4 3 3 3 4 3 0 0 0 0 3 0 5 1 2 0 0 4 5 3 3 0 1 3 2
   1 3 3 1 2 1 5 2 5 2 1 4 1 3 5 0]
  [0 0 0 1 4 5 4 1 3 3 4 4 2 2 0 2 1 1 0 4 0 0 0 1 1 4 2 3 1 4 3 4 2 4 4
   0 5 0 2 5 3 4 4 4 3 3 5 5 3 2 4 4 1 1 2 0 0 0 0 3 1 5 5 3 2 0 5 0 2 3
   5 2 1 4 1 0 4 0 0 4 5 1 5 3 2 0 3 2 5 0 2 2 1 0 1 4 0 2 2 1 1 4 4 0 0
   2 5 2 2 2 3 2 3 4 5 0 1 5 4 2 2]
  [0 3 5 1 4 4 5 3 3 0 4 5 3 5 0 0 0 0 4 4 5 0 2 0 0 5 1 5 1 3 1 0 2 5 5
   5 5 0 0 0 1 4 2 3 5 3 2 5 2 3 0 4 0 4 4 5 1 0 4 3 0 5 4 5 0 5 5 0 1 1
   3 0 2 3 3 0 3 1 1 2 1 1 4 5 3 5 1 2 4 4 2 5 3 4 3 1 4 2 5 4 1 1 2 3 0
   2 0 4 4 4 3 5 4 1 1 3 0 0 1 5 2]
  [0 3 4 5 0 0 4 5 4 0 3 2 5 5 4 1 2 4 5 2 5 0 0 2 2 5 3 0 3 4 2 3 1 0 3
   1 3 4 2 3 0 3 2 0 4 1 3 5 0 4 2 3 4 2 2 3 0 4 0 1 0 1 4 0 1 2 0 5 4 2
   2 0 3 4 4 2 1 2 5 3 1 1 1 5 2 0 2 1 2 3 3 4 3 5 2 0 1 4 3 1 5 0 5 4 2
   1 2 3 5 5 0 0 2 2 1 2 5 3 1 2 2]
  [0 4 1 5 5 0 0 4 1 2 5 1 1 3 1 4 0 2 5 3 4 1 1 4 4 1 5 4 0 2 5 5 3 5 0
   0 4 0 0 2 2 0 3 2 1 0 1 1 4 2 2 5 0 0 0 0 3 2 5 0 2 4 5 4 3 5 3 4 3 5
   5 3 0 4 1 5 0 3 1 1 1 0 3 4 3 5 4 3 0 2 2 4 5 3 0 2 1 0 1 1 5 4 2 1 0
   3 5 3 4 2 0 0 1 5 2 2 3 3 2 1 2]
  [0 5 3 4 5 5 5 1 5 3 5 4 2 3 4 1 5 5 0 1 3 3 0 2 2 4 1 4 1 0 2 4 1 3 2
   3 5 0 5 2 4 2 3 1 0 3 0 0 0 2 4 0 0 3 3 2 3 1 1 0 0 2 4 0 3 0 2 0 2 2
   1 5 2 4 0 5 0 2 4 0 1 4 1 1 4 3 0 4 4 4 2 3 4 2 1 4 3 0 0 4 5 3 2 4 2
   2 0 4 1 5 1 5 0 0 0 3 4 5 1 5 0]
  [0 2 5 3 3 1 4 1 0 0 4 5 2 0 0 1 2 1 3 2 4 3 1 3 2 4 3 1 3 5 4 5 5 1 3
   1 5 1 0 5 0 3 3 5 2 3 2 2 5 3 0 5 1 5 4 4 2 3 1 4 4 0 5 4 1 0 1 5 1 2
   5 1 0 1 2 3 3 1 3 2 1 5 2 4 5 5 4 2 2 0 4 1 5 5 2 5 1 2 1 4 2 0 3 5 0
   2 4 3 1 5 3 5 0 3 1 4 4 5 0 0 3]
  [0 4 3 3 3 2 5 0 5 5 2 5 5 3 2 2 2 1 0 1 2 0 5 4 3 0 0 3 1 1 3 2 3 0 1
   2 1 1 2 1 5 1 3 5 0 1 0 2 5 3 5 0 3 3 4 5 4 5 0 0 1 2 0 5 2 5 3 5 4 3
   2 2 2 4 4 5 0 3 1 3 5 1 1 3 3 1 0 3 2 5 4 4 2 1 4 1 5 0 1 3 0 5 1 0 5
   3 4 1 4 0 3 4 5 2 5 3 0 0 0 4 5]
  [0 5 2 3 3 5 1 1 2 4 2 0 1 5 5 1 0 1 0 2 3 3 0 4 4 1 2 1 5 0 4 2 0 0 1
   2 2 0 1 2 0 1 1 4 5 5 1 2 1 1 5 4 1 0 4 4 4 3 3 2 3 2 2 0 5 4 0 2 0 5
   3 5 4 1 5 1 1 4 4 1 2 2 3 5 1 3 2 3 1 1 2 0 1 1 1 0 2 2 5 2 0 2 1 2 4
   4 5 5 5 2 4 0 2 1 0 2 0 2 0 2 2]
  [0 3 2 3 2 0 3 4 2 5 2 1 3 1 4 4 2 0 4 3 3 4 5 1 5 0 2 2 5 1 5 0 3 4 5
   1 3 2 4 2 1 0 1 0 2 1 1 1 3 2 0 3 3 1 1 4 4 5 1 1 3 5 3 0 0 4 1 4 2 1
   0 1 2 1 0 3 1 0 0 1 4 4 2 3 4 0 2 1 3 5 1 5 4 1 0 1 2 0 4 3 4 0 0 3 5
   4 2 2 4 4 3 4 2 5 3 4 1 0 3 1 4]
  [0 2 3 0 3 4 0 2 2 4 2 4 1 1 2 3 0 0 5 4 2 0 1 2 4 0 1 0 2 5 4 1 3 1 3
   1 3 2 4 0 1 2 5 2 0 2 4 3 4 0 3 0 1 3 5 5 2 4 0 0 2 1 5 2 3 0 0 0 1 2
   0 0 2 1 2 3 3 2 0 1 2 4 0 1 2 2 4 5 0 0 3 3 2 0 4 5 0 5 2 3 2 4 4 1 5
   2 5 0 5 4 0 4 2 0 2 3 5 5 3 1 0]
  [0 3 4 5 0 5 3 2 2 0 5 2 5 3 3 0 2 1 4 3 4 0 4 1 5 1 2 5 3 3 1 0 0 3 5
   1 3 5 1 5 1 3 2 0 4 0 3 0 2 1 2 5 4 0 1 2 0 3 0 2 2 1 3 2 1 5 0 4 1 3
   1 5 2 4 2 3 5 4 2 1 3 5 5 4 3 1 1 4 2 4 1 0 4 5 3 2 1 5 3 1 5 1 0 0 5
   1 4 2 0 3 2 0 2 1 1 4 0 3 3 5 0]
  [0 3 1 2 1 2 0 5 2 3 4 2 0 4 1 0 2 2 5 5 1 2 0 2 1 5 5 3 2 1 4 5 5 4 0
   1 3 4 3 3 3 0 3 3 5 2 4 5 1 3 2 1 2 2 5 2 3 5 4 0 1 2 5 3 1 4 3 0 4 2
   0 4 0 5 4 3 2 3 4 3 5 2 4 5 1 3 0 5 1 0 1 2 5 3 4 1 3 1 1 0 1 4 0 1 2
   0 0 0 2 2 3 3 4 2 0 2 0 5 5 1 2]
  [0 4 3 4 3 2 3 5 0 2 5 4 4 3 4 2 2 5 3 4 0 2 0 5 0 4 3 5 1 4 3 2 1 3 0
   3 0 4 3 1 1 0 4 5 4 1 0 4 1 0 0 4 1 3 2 0 5 5 4 0 5 3 4 0 5 1 5 5 0 5
   3 5 2 4 2 1 3 0 2 2 4 4 4 1 5 1 1 1 2 2 0 1 3 4 4 5 2 4 4 5 0 4 4 4 1
   5 0 2 1 1 3 3 0 5 3 4 0 2 0 3 5]
  [0 0 3 2 5 0 0 2 1 0 0 4 0 3 1 1 3 1 3 0 1 3 0 5 3 3 1 2 5 1 1 1 3 5 3
   2 0 0 2 3 4 0 2 4 0 0 4 0 5 1 2 0 3 4 1 1 0 5 0 2 1 5 5 2 5 0 3 1 4 0
   2 0 0 4 2 5 4 0 1 5 0 4 5 3 1 0 3 5 4 1 2 4 1 4 5 2 5 5 3 2 3 2 0 2 3
   1 5 5 4 0 4 5 0 1 5 4 5 0 1 1 2]
  [0 5 5 1 1 1 1 1 5 0 0 5 5 1 4 3 0 3 1 2 3 2 0 2 1 2 3 2 0 1 3 4 5 0 5
   4 1 5 2 1 5 3 2 2 3 4 0 4 1 5 5 3 2 4 2 0 1 0 5 2 4 4 5 1 2 4 1 1 3 4
   0 2 0 3 2 0 3 2 3 3 3 2 5 0 3 1 1 2 4 3 3 1 4 1 1 1 2 5 0 5 4 3 2 3 4
   2 3 5 5 0 1 3 5 1 5 0 5 4 5 2 0]
  [0 0 1 1 3 5 2 0 2 1 4 0 5 5 4 0 5 0 5 5 5 2 1 4 2 2 5 0 5 3 4 0 2 1 4
   5 5 5 5 3 1 1 3 3 3 0 0 2 4 4 1 5 4 1 1 2 0 3 3 1 4 2 3 5 4 5 4 0 2 5
   5 0 5 2 1 2 2 5 2 3 5 2 4 1 5 0 3 5 2 2 5 5 0 5 0 5 5 4 0 5 4 4 1 2 5
   1 2 5 2 2 1 3 4 5 3 3 4 1 4 1 0]
  [0 4 0 2 1 1 3 1 3 2 2 3 5 1 4 4 0 4 0 5 1 5 3 1 3 2 4 1 2 5 4 4 2 2 3
   2 5 0 4 5 3 3 1 4 0 2 2 2 3 3 4 5 3 3 1 4 1 0 5 3 3 2 0 5 1 2 0 4 5 4
   3 0 0 2 0 5 2 4 3 5 1 3 4 2 5 3 3 0 5 2 2 4 5 0 0 5 5 2 5 1 0 3 5 2 4
   0 1 3 4 5 3 1 1 0 3 1 0 2 3 5 4]
  [0 1 2 5 0 1 2 2 1 5 5 2 3 0 2 2 2 1 2 5 3 1 1 5 5 1 3 0 2 1 3 3 4 2 5
   3 2 0 5 1 0 5 1 0 4 4 4 0 2 5 3 1 4 4 2 3 4 0 0 2 2 4 2 1 1 5 0 1 4 3
   4 1 0 0 5 4 3 1 1 0 5 1 1 4 0 0 3 0 1 5 0 5 1 5 1 3 4 0 2 3 1 2 3 2 5
   5 5 3 0 3 4 1 4 0 5 0 0 3 2 2 2]
  [0 5 5 3 4 1 1 2 3 3 2 5 1 5 1 1 4 5 1 4 0 0 5 2 2 4 3 1 5 3 1 4 5 0 5
   3 2 3 3 3 3 2 2 0 4 1 4 0 3 2 0 5 0 4 4 2 1 3 1 1 4 2 5 5 4 2 2 1 1 5
   1 3 5 2 0 2 2 5 3 2 1 3 2 4 1 5 1 4 5 3 0 5 2 1 1 0 4 3 2 5 5 0 2 0 3
   1 0 1 0 0 1 1 5 1 5 0 0 0 4 5 2]
  [0 3 2 0 5 1 4 5 5 5 4 4 3 2 5 5 1 3 0 1 0 4 2 1 2 4 4 5 1 1 4 2 4 5 4
   3 4 1 2 0 5 0 2 0 4 0 0 0 4 3 5 0 1 4 1 5 2 3 5 4 1 5 5 2 0 1 1 3 1 4
   0 1 5 1 4 0 5 4 3 2 2 4 0 3 4 0 3 5 5 0 1 1 1 2 2 5 2 5 4 4 4 5 0 2 4
   5 5 0 2 2 1 2 3 3 0 2 5 5 4 3 3]
  [0 0 0 3 1 1 0 4 2 4 4 1 0 0 0 0 5 0 0 1 0 5 2 4 0 2 4 3 4 1 5 2 4 3 2
   5 0 5 2 0 1 4 3 1 1 2 5 5 0 4 5 4 5 5 2 5 1 4 1 0 5 0 4 5 5 2 5 0 5 5
   4 2 4 2 2 0 0 2 0 4 2 5 3 2 3 2 0 3 5 3 5 4 0 2 1 0 4 2 1 4 5 4 3 5 0
   3 2 0 1 1 1 5 1 1 4 1 3 5 5 4 1]
  [0 4 3 5 1 0 5 1 3 4 1 2 1 4 2 2 2 3 0 3 3 4 3 1 0 5 0 0 1 2 5 3 2 5 1
   2 2 2 5 3 1 4 1 1 5 5 4 1 4 4 3 3 1 3 5 1 0 2 1 5 5 2 0 0 2 4 2 3 5 4
   1 3 0 0 1 3 0 0 0 2 0 1 4 3 5 0 0 3 2 1 2 3 2 1 0 3 4 1 3 5 3 0 0 4 0
   0 0 4 5 3 0 3 4 0 1 0 2 4 1 5 4]
  [0 0 1 4 5 3 1 1 1 4 0 3 2 4 3 2 3 1 1 5 2 3 2 3 1 0 1 4 0 4 2 2 5 4 4
   3 0 0 1 0 2 2 4 4 1 0 1 3 0 1 3 3 2 3 0 1 0 5 1 4 0 5 0 4 3 2 0 1 3 2
   1 4 2 2 2 5 3 2 0 4 5 2 1 2 4 5 0 3 0 0 1 0 0 2 4 1 2 4 0 5 0 3 2 4 5
   0 4 3 0 0 3 1 1 3 2 0 5 2 5 5 5]
  [0 4 4 5 5 5 3 1 5 4 4 0 1 2 4 2 3 0 5 3 5 0 0 2 0 0 1 5 0 4 0 2 3 0 1
   0 2 2 4 0 2 5 1 2 2 5 2 4 0 2 5 2 1 5 4 5 4 4 5 3 0 4 2 3 0 0 2 4 5 2
   5 3 4 2 1 0 4 3 2 0 1 4 5 1 3 2 4 5 0 0 1 3 5 0 3 0 4 3 3 2 4 0 2 5 4
   4 1 2 5 4 0 3 1 3 4 2 5 5 3 2 5]
  [0 3 3 5 1 3 4 3 0 1 5 1 2 4 1 3 5 3 1 0 5 1 5 4 4 5 5 0 4 1 5 2 0 4 5
   3 5 1 5 0 5 1 3 5 2 2 3 3 2 2 1 2 2 3 2 0 0 0 3 5 5 4 3 2 1 5 0 0 2 1
   1 2 0 3 0 5 2 4 1 1 0 5 1 0 0 3 2 5 2 5 4 1 4 0 4 4 3 5 3 3 1 2 5 0 2
   1 4 1 4 3 4 5 1 2 5 1 1 3 0 1 3]
  [0 0 4 3 1 3 0 5 1 1 3 2 5 3 2 3 4 0 1 5 5 5 3 2 4 1 3 1 2 1 2 4 5 5 2
   4 5 4 3 5 2 3 4 2 2 5 5 3 2 5 3 3 2 5 2 5 2 0 0 2 1 2 1 1 2 5 2 4 1 5
   2 0 3 1 2 0 1 0 5 0 4 0 5 5 2 2 2 1 5 2 4 2 0 5 5 5 3 3 1 2 3 0 2 0 4
   3 2 2 5 3 0 0 0 0 2 1 0 3 2 5 3]
  [0 1 3 2 4 3 5 3 4 1 3 4 4 1 2 3 3 1 5 1 2 0 3 4 4 0 3 1 1 1 2 4 5 3 2
   0 2 4 2 2 2 0 3 2 1 2 0 3 5 3 4 3 5 0 1 2 0 1 1 5 2 2 2 5 4 1 2 1 5 5
   3 0 5 3 0 0 1 4 0 0 2 4 0 0 1 2 1 4 3 2 3 3 5 5 4 0 0 3 0 0 2 0 4 1 3
   1 5 2 1 4 1 5 5 1 1 5 0 5 4 5 4]
  [0 4 4 0 4 0 2 4 3 5 4 1 1 4 3 3 0 5 0 3 5 0 5 3 2 0 2 2 3 2 5 2 3 4 5
   3 3 3 4 1 2 2 2 3 1 3 0 2 2 2 2 0 3 2 1 4 3 4 2 5 0 1 5 2 5 5 2 3 2 4
   2 2 3 2 3 1 1 2 5 0 2 3 4 0 0 2 3 1 0 4 0 5 3 0 4 0 2 4 5 0 3 4 3 4 3
   4 3 3 2 0 2 5 0 2 4 5 2 2 1 2 4]
  [0 3 0 4 4 3 5 0 5 1 4 1 3 4 0 5 3 3 1 1 3 3 1 5 5 2 3 5 4 4 4 0 3 3 4
   1 2 0 1 2 3 2 5 5 2 1 1 5 4 1 3 3 2 1 5 1 2 0 0 1 2 1 1 5 3 0 5 0 0 3
   3 0 2 3 0 3 4 2 0 0 0 1 5 1 0 5 2 0 4 4 2 1 3 1 1 3 5 3 2 3 3 1 4 1 5
   2 0 4 2 1 0 4 0 0 2 2 5 4 5 1 2]
  [0 5 4 5 2 5 3 5 3 2 0 0 2 4 3 3 0 2 5 2 2 3 5 5 2 4 3 4 1 4 3 3 3 0 2
   4 3 2 5 4 3 1 4 4 2 0 3 3 0 5 2 2 4 5 0 5 1 3 0 5 3 4 4 5 2 5 5 4 3 3
   2 0 4 4 0 4 3 5 4 4 2 3 4 5 3 0 5 5 0 5 4 5 4 1 1 0 3 4 5 4 1 2 0 4 2
   5 0 4 3 0 3 0 4 2 3 3 3 1 4 5 3]
  [0 1 2 3 1 4 5 1 1 5 3 1 5 0 0 2 2 4 1 2 1 0 2 2 3 5 3 1 3 1 3 4 2 4 4
   4 3 1 5 5 4 2 3 2 2 2 5 2 4 1 0 2 3 2 0 3 0 4 5 3 2 1 4 2 0 3 3 0 3 0
   2 0 0 4 2 4 2 5 5 0 4 1 2 3 3 1 0 1 3 0 5 1 5 1 0 3 3 2 3 1 1 1 4 2 0
   2 1 5 3 1 4 4 0 4 0 3 0 3 4 2 4]
  [0 3 0 4 5 5 3 4 0 1 3 3 4 4 0 0 2 4 2 0 0 1 5 0 4 4 2 2 0 0 3 2 1 4 5
   4 5 5 4 5 3 1 0 4 1 5 4 3 1 2 1 1 1 1 4 2 1 5 3 2 0 0 1 0 5 5 1 1 5 0
   1 5 3 1 1 5 3 1 0 0 1 2 4 5 1 4 3 0 5 5 3 3 0 5 1 2 5 4 2 2 3 2 2 3 3
   5 4 4 0 1 5 4 4 4 5 4 0 4 4 0 1]
  [0 2 1 5 0 5 3 5 1 1 3 4 5 4 2 1 5 5 0 4 2 2 1 3 1 4 0 1 5 5 1 1 1 1 0
   1 3 3 0 2 1 2 5 2 3 5 3 3 3 1 1 0 5 5 4 2 3 3 2 0 5 2 0 0 5 0 1 2 3 3
   1 0 4 0 2 2 3 2 5 5 0 3 5 3 2 5 0 2 0 3 5 0 0 0 5 4 1 3 5 3 2 5 3 2 2
   0 0 3 1 4 2 3 3 2 4 1 0 0 2 4 3]
  [0 5 0 1 2 2 0 1 2 0 3 2 0 3 5 0 3 3 1 5 4 2 5 3 3 1 1 3 1 0 1 0 4 5 0
   0 1 4 0 5 5 0 3 5 0 1 1 4 1 5 3 0 4 2 2 2 5 2 3 5 5 1 1 1 1 1 5 2 5 5
   0 0 4 0 5 2 0 1 5 1 1 5 3 0 0 0 4 2 0 0 4 5 0 5 5 0 1 4 4 1 4 0 3 1 2
   0 1 0 3 0 3 5 1 0 3 5 0 3 0 4 1]
  [0 0 2 2 4 2 3 2 4 3 5 5 4 2 3 5 1 1 3 1 3 2 1 0 5 0 5 2 0 3 2 4 4 1 3
   2 5 3 2 1 0 2 4 3 0 4 5 1 2 5 5 2 1 5 3 1 3 1 3 5 4 3 5 0 3 4 4 4 5 2
   4 2 2 3 4 1 0 2 4 3 0 5 4 0 1 1 0 3 1 1 0 4 0 1 0 5 3 4 1 3 1 5 1 5 2
   1 0 4 1 0 2 2 4 0 3 0 2 5 4 5 1]
  [0 4 5 0 0 2 2 3 3 5 1 5 3 4 5 4 4 0 1 0 2 4 4 4 5 5 1 4 3 4 3 4 1 3 4
   1 0 3 5 5 4 2 1 4 1 4 0 5 4 4 3 3 2 5 5 4 5 5 0 0 4 0 3 4 0 4 0 5 3 1
   5 3 0 4 2 1 1 4 0 4 0 4 1 3 3 3 4 2 1 3 1 0 0 4 1 5 3 5 1 3 3 0 1 3 3
   2 2 4 2 5 2 3 0 4 4 0 0 0 4 4 2]
  [0 3 0 5 0 5 3 5 1 0 0 0 2 1 5 1 4 2 5 1 3 1 2 0 1 0 2 4 4 0 3 5 5 2 2
   0 1 5 5 0 1 0 2 2 5 4 0 0 2 1 3 0 5 1 5 4 3 5 4 0 1 0 0 5 3 4 3 3 5 4
   1 1 4 2 0 1 4 4 4 5 2 5 2 1 5 2 5 4 1 1 0 2 0 3 3 2 4 0 5 2 5 0 5 2 2
   0 4 4 3 3 1 0 3 0 0 0 3 4 4 0 3]
  [0 3 0 5 2 3 3 0 0 5 1 5 3 4 1 0 1 5 4 0 5 2 0 3 4 2 1 2 1 5 3 3 1 0 5
   4 5 4 1 1 0 0 0 2 3 1 4 2 0 3 3 2 3 1 5 3 1 0 1 5 1 4 4 1 5 4 5 5 4 2
   0 2 3 5 0 2 5 4 1 1 2 0 2 0 2 1 1 4 4 5 5 5 3 0 2 2 0 0 0 5 3 3 0 1 3
   1 0 2 4 3 4 0 0 2 0 4 4 2 1 3 5]
  [0 1 2 5 2 4 0 4 0 0 3 4 5 5 5 4 3 0 1 5 2 4 1 3 4 4 4 2 0 3 4 1 3 2 5
   1 5 3 4 0 4 5 4 1 5 0 4 5 2 4 3 5 0 1 2 2 4 1 4 4 5 3 3 4 0 4 0 1 0 5
   5 5 2 0 2 0 4 0 5 3 0 0 0 5 2 1 0 1 0 0 1 5 4 3 0 2 2 0 1 0 5 3 3 1 2
   2 4 5 5 3 3 3 5 2 3 4 0 3 5 3 0]
  [0 3 1 3 2 1 1 1 0 3 1 5 0 5 2 3 4 1 5 3 0 5 2 4 0 3 1 5 3 4 3 0 0 2 5
   2 4 1 0 3 1 2 4 0 5 1 0 5 4 4 1 3 2 2 1 2 4 4 5 1 0 0 4 0 5 4 1 5 1 1
   5 2 3 3 4 2 1 0 4 1 4 1 4 4 4 0 2 3 0 4 0 2 3 5 1 0 3 5 2 0 0 2 5 5 1
   5 3 0 2 3 2 0 1 0 2 4 0 0 2 5 3]
  [0 0 5 3 3 1 2 5 1 1 5 1 3 4 4 3 5 4 3 0 0 0 2 5 4 2 5 0 0 3 4 4 2 2 1
   5 1 1 2 2 0 0 2 0 0 0 4 0 4 2 2 0 0 4 3 2 3 2 5 0 0 1 1 4 3 5 2 4 2 1
   2 1 0 4 4 4 0 3 3 3 0 4 2 4 1 5 2 2 0 5 3 0 4 0 4 1 0 0 2 0 5 4 0 3 5
   5 4 2 5 3 0 4 4 3 1 1 2 1 2 2 5]
  [0 2 2 5 3 1 2 3 2 2 3 5 2 0 3 0 0 5 3 3 1 5 0 5 3 4 1 3 4 0 2 1 3 5 1
   2 5 2 3 3 2 2 5 5 3 0 5 0 3 0 0 0 4 1 2 2 2 0 4 4 5 0 2 2 5 2 0 2 4 5
   1 1 4 3 5 3 1 4 4 5 3 4 4 0 1 0 3 0 3 4 0 3 3 5 3 5 4 0 4 4 1 5 5 0 3
   3 2 3 1 3 5 1 4 5 5 3 0 4 2 0 2]
  [0 5 3 0 0 0 0 1 4 3 1 3 2 1 3 0 1 1 4 1 5 5 2 0 1 1 4 1 1 0 2 4 0 4 3
   3 4 2 5 3 2 0 5 3 1 3 3 5 4 1 3 1 5 2 4 3 0 0 0 0 0 5 0 4 0 2 3 2 5 1
   0 5 3 3 1 0 1 0 3 1 3 1 2 4 4 5 0 5 0 2 0 2 5 0 5 2 5 0 0 2 5 3 5 1 3
   0 3 5 1 2 5 4 1 3 2 5 3 4 0 5 5]
  [0 3 3 4 0 2 3 0 1 3 4 4 4 5 4 0 1 4 0 0 1 3 5 1 0 0 5 2 1 4 4 5 4 1 3
   0 4 4 5 4 5 0 1 5 5 5 0 4 1 4 5 0 0 3 0 0 3 0 0 1 5 5 2 0 2 4 1 4 3 1
   4 0 2 5 3 4 3 1 3 1 4 5 0 2 4 5 2 2 0 4 0 1 5 1 1 5 5 0 3 0 5 5 5 2 4
   5 2 1 0 2 0 2 1 2 2 2 1 0 2 3 5]
  [0 1 4 0 1 1 0 4 2 5 3 3 1 5 2 5 0 5 4 5 0 1 2 5 0 3 5 2 3 4 5 2 2 1 3
   0 4 3 3 0 4 4 4 3 1 2 0 1 3 3 2 3 3 0 4 3 0 2 1 4 5 1 1 1 1 1 5 3 3 1
   4 5 0 2 4 3 1 1 1 1 4 5 4 4 0 3 4 5 3 5 4 1 5 3 4 2 0 3 2 5 0 5 0 3 0
   3 4 1 5 4 4 2 3 0 5 1 2 1 4 3 1]
  [0 0 1 1 5 1 0 1 2 1 3 2 4 4 2 1 5 5 5 4 4 4 1 1 1 4 4 0 3 1 2 1 1 5 4
   3 4 3 2 1 2 4 3 3 3 0 2 0 0 3 3 4 0 5 1 4 2 5 4 0 3 2 4 3 5 2 2 0 1 5
   5 4 0 3 0 5 1 2 5 3 2 4 3 0 0 4 1 0 4 3 0 3 0 0 3 4 3 0 3 1 1 0 4 5 5
   1 2 1 5 5 2 3 4 4 2 0 2 3 1 0 0]
  [0 1 3 5 3 4 1 5 3 5 4 0 4 5 0 3 3 0 4 1 5 4 2 4 5 4 0 2 0 4 0 3 1 2 2
   1 4 1 5 4 1 4 0 3 4 5 3 5 0 4 0 1 3 3 4 3 5 1 2 1 5 4 1 5 5 5 0 3 2 1
   3 0 4 1 2 4 5 0 5 1 3 2 4 3 5 3 0 1 3 3 3 0 3 5 5 1 1 1 4 2 2 0 0 1 3
   1 1 5 0 2 3 3 3 5 2 2 4 5 2 4 4]
  [0 4 5 3 3 3 0 1 1 4 5 0 0 5 2 2 1 1 1 4 5 3 5 4 0 0 3 0 4 4 5 5 3 5 3
   3 0 2 2 1 0 2 0 4 0 4 1 5 1 3 5 4 5 0 5 1 2 0 2 3 0 4 3 1 5 1 5 2 0 0
   2 5 0 0 2 0 2 1 2 2 5 2 0 5 3 1 3 1 2 2 3 5 2 4 1 3 2 5 3 1 5 2 4 0 0
   0 3 0 1 0 1 0 0 3 0 1 4 5 4 1 2]
  [0 4 3 0 1 4 4 5 0 1 4 4 2 0 1 1 0 5 3 5 4 0 0 3 2 1 3 3 4 2 5 2 1 5 2
   3 2 4 5 1 3 3 5 3 4 5 3 3 1 5 1 3 2 0 1 1 4 1 5 5 0 5 1 1 3 2 0 4 4 3
   4 0 3 3 4 3 5 3 2 1 2 3 3 3 4 4 4 3 0 2 2 5 2 1 4 2 4 3 3 2 2 3 3 2 0
   0 1 5 4 0 5 4 3 3 0 2 2 3 5 2 5]
  [0 2 4 2 0 4 1 5 0 2 4 2 5 4 4 5 1 1 5 2 0 1 3 1 4 5 3 5 2 3 2 2 0 3 1
   5 5 0 4 1 3 0 3 0 1 4 1 0 3 2 2 2 4 1 1 2 0 4 3 5 1 2 1 5 3 2 1 2 4 3
   0 3 4 3 3 0 0 2 2 1 0 4 2 3 3 2 3 3 5 1 2 5 3 5 3 0 5 5 5 0 5 0 0 1 2
   0 3 5 3 0 1 0 1 5 4 4 5 1 3 4 2]
  [0 0 0 3 0 4 4 5 1 2 3 2 3 4 0 3 1 3 4 1 1 3 5 4 3 5 4 2 1 0 1 2 3 1 3
   3 0 3 0 2 2 1 1 5 5 2 5 0 4 5 1 5 1 0 4 4 2 5 5 4 3 4 3 0 2 5 4 3 3 1
   0 0 2 3 3 1 5 1 4 5 0 2 1 0 2 3 1 3 3 2 5 0 5 0 1 1 4 4 5 2 5 1 4 2 0
   3 0 5 4 2 5 3 5 4 1 0 2 1 2 0 0]
  [0 3 1 5 4 5 0 3 4 1 3 5 3 1 0 5 1 5 4 4 1 2 1 1 4 5 1 2 3 5 1 3 2 5 3
   3 1 0 5 5 1 0 0 2 0 2 0 5 5 2 1 1 4 2 0 3 3 4 1 1 0 1 1 4 4 1 2 1 4 4
   5 5 1 5 2 4 4 5 2 1 4 2 3 2 3 2 2 3 1 1 3 1 3 0 3 2 2 4 2 0 5 2 2 1 4
   0 1 0 4 3 2 2 5 2 5 1 5 1 1 4 1]
  [0 1 3 3 3 0 2 5 3 0 1 4 3 1 5 3 5 3 4 4 3 2 5 3 3 3 1 5 2 2 0 0 2 4 2
   0 2 4 1 0 1 5 4 3 5 0 1 5 5 2 2 2 2 4 4 4 1 4 2 1 2 0 0 2 4 3 5 3 4 1
   4 4 4 1 4 5 5 4 0 4 0 2 4 4 2 3 3 5 5 4 3 5 5 0 5 5 0 4 2 2 0 5 4 2 4
   4 4 1 0 4 1 1 1 2 1 2 4 5 0 5 0]
  [0 3 1 0 2 1 1 0 3 4 5 2 5 2 5 3 2 2 2 0 4 3 3 0 2 2 3 1 2 1 5 5 1 4 1
   4 0 0 3 1 4 5 3 2 4 3 3 0 3 1 5 0 4 4 2 2 3 0 1 0 3 2 3 5 0 0 4 3 1 1
   4 3 1 0 4 4 5 4 0 1 0 0 3 2 3 1 0 5 4 5 4 4 3 2 0 3 5 5 4 5 0 1 4 1 0
   0 0 5 2 0 4 2 2 5 0 4 1 2 5 3 5]
  [0 4 1 5 4 3 2 3 4 2 0 4 5 4 0 3 5 1 5 5 2 0 1 4 4 3 3 0 4 0 2 1 5 1 4
   3 3 5 0 2 0 3 0 3 1 4 1 2 1 5 4 2 1 1 1 4 4 3 1 4 3 5 5 4 2 1 2 0 0 3
   0 0 1 4 3 5 4 5 4 0 0 4 4 1 3 4 3 3 0 0 2 5 3 3 2 4 2 1 1 4 0 0 3 1 2
   0 3 2 1 2 0 4 5 0 3 4 3 4 3 1 5]
  [0 4 3 4 1 2 0 2 4 0 2 4 2 2 4 3 1 0 0 4 0 3 2 4 2 5 1 3 3 3 2 1 1 3 0
   2 0 3 0 5 4 4 5 5 5 2 2 3 0 2 0 0 3 5 4 3 0 0 1 0 5 2 1 2 2 3 0 2 3 1
   3 1 0 0 4 1 0 5 0 1 2 5 2 2 2 0 2 0 3 3 2 1 3 4 1 4 0 0 1 4 3 1 4 3 3
   4 5 5 4 3 2 0 0 5 1 1 0 1 1 1 3]
  [0 5 1 0 1 3 0 5 3 2 2 0 1 5 1 4 3 5 2 2 1 4 1 1 2 4 3 5 3 5 1 3 2 4 4
   0 5 0 5 3 3 3 0 5 2 1 4 3 5 2 5 5 2 5 4 0 1 3 4 3 0 4 1 0 5 5 2 5 2 2
   1 4 0 5 2 3 1 5 2 1 1 2 1 4 4 4 1 4 3 1 5 2 1 5 5 3 5 2 4 0 5 5 5 5 5
   5 5 0 0 5 5 0 0 1 1 2 4 3 4 3 3]
  [0 1 1 4 4 4 1 2 2 0 1 5 1 3 1 1 3 0 5 2 4 1 2 5 3 4 3 0 1 4 5 0 1 2 0
   4 5 4 2 1 0 5 1 1 5 1 3 0 4 2 0 4 3 4 1 2 4 1 0 3 0 0 4 3 3 5 4 0 3 0
   5 3 0 1 1 2 5 5 3 0 1 1 3 3 1 3 1 2 0 4 3 4 2 4 0 4 2 2 3 3 1 3 0 2 3
   5 0 0 4 0 2 5 1 0 0 0 1 4 1 2 2]
  [0 5 2 0 4 3 4 1 0 5 5 5 3 1 1 2 3 3 4 5 1 4 4 0 5 4 0 3 3 1 3 5 1 5 1
   3 5 5 4 1 0 5 4 2 3 3 5 0 1 2 4 3 5 2 4 1 5 4 3 4 5 4 1 2 4 1 5 2 1 1
   4 5 0 5 3 5 2 2 3 0 0 1 5 2 2 3 2 4 1 5 5 0 4 2 0 1 4 2 1 1 1 3 0 0 0
   1 4 2 4 3 0 0 3 5 0 4 1 1 2 1 5]
  [0 3 4 1 2 5 4 1 5 4 2 1 1 4 3 0 3 5 0 3 4 5 2 3 5 0 0 1 0 4 2 0 0 1 2
   3 3 2 0 2 3 2 2 3 3 0 1 1 0 5 1 5 0 5 2 1 3 5 1 1 5 2 2 5 0 3 0 4 4 1
   0 0 3 1 0 0 3 4 0 0 2 3 0 1 5 5 3 0 3 0 5 1 5 2 4 4 2 2 0 1 4 2 2 0 2
   5 3 0 4 4 0 4 0 3 2 0 3 1 3 1 2]
  [0 5 4 5 1 4 5 3 3 5 4 4 2 4 2 5 4 2 3 5 4 3 5 4 0 3 0 3 0 0 3 1 1 4 2
   4 3 1 4 0 1 3 1 5 3 3 1 5 0 0 1 5 5 4 2 1 0 1 3 3 0 2 0 0 4 0 2 4 1 4
   0 0 1 4 1 1 2 3 3 5 3 0 0 5 2 4 3 2 2 5 4 5 4 5 5 4 3 3 2 1 5 0 2 5 3
   0 0 1 2 5 5 0 5 5 3 2 0 2 5 2 0]
  [0 2 3 1 1 4 2 2 0 1 3 1 2 2 1 3 4 2 2 0 1 3 5 1 0 1 4 1 1 1 0 0 0 4 4
   0 5 1 3 2 2 1 5 0 3 2 3 2 1 4 4 2 2 3 4 4 4 1 2 1 4 4 2 1 0 2 5 3 0 0
   1 0 2 5 0 1 1 1 0 5 0 1 5 2 0 3 3 2 2 3 3 4 4 3 5 1 1 5 5 5 5 4 4 1 5
   5 1 2 0 4 4 5 4 4 5 1 2 0 3 0 4]
  [0 0 5 1 0 5 2 1 4 1 4 3 4 3 4 5 4 0 4 5 2 3 5 4 2 3 3 3 5 2 5 0 1 5 1
   3 4 3 4 0 4 0 0 5 2 5 2 0 4 5 5 0 5 2 2 1 2 3 2 3 4 0 0 0 1 1 5 0 4 0
   4 4 1 4 5 0 1 3 1 2 5 5 1 1 0 0 4 2 4 4 3 2 4 2 4 2 4 5 3 0 1 5 0 2 3
   4 5 3 0 4 2 0 2 1 2 5 0 3 0 4 4]
  [0 5 3 2 5 1 1 2 5 4 1 2 4 1 3 1 4 1 1 5 3 4 5 3 2 5 3 3 4 5 4 5 3 1 4
   1 3 2 1 0 2 4 3 5 4 2 5 3 3 3 2 5 4 1 1 4 5 0 5 4 0 2 2 1 2 4 3 0 2 2
   3 2 4 5 2 0 1 3 5 3 1 0 4 3 3 4 2 2 2 2 3 4 5 0 1 5 1 4 2 0 4 5 5 2 2
   3 5 5 2 2 1 2 3 3 4 5 2 5 5 0 1]
  [0 5 0 5 4 0 5 3 2 4 1 1 2 2 0 3 3 3 5 1 1 2 3 1 0 4 0 3 4 3 1 1 2 1 3
   4 5 4 2 4 0 5 2 1 2 5 1 2 0 4 2 3 3 3 0 2 0 1 4 5 5 2 2 2 2 2 2 5 5 3
   5 3 5 2 2 1 3 4 5 0 1 2 2 0 5 0 0 4 3 3 4 0 0 1 1 0 1 2 1 1 2 0 1 1 4
   3 5 1 3 2 1 3 5 1 2 4 2 5 4 1 0]]

 [[0 2 0 0 4 5 2 3 5 2 4 4 1 4 0 4 5 0 4 2 0 3 2 1 2 2 0 2 3 4 1 0 5 2 0
   1 1 4 4 0 5 0 3 4 1 0 3 1 3 5 5 3 3 3 5 4 2 5 3 2 2 0 3 3 1 3 2 5 5 1
   5 1 5 5 5 1 2 1 1 1 4 4 3 1 2 4 5 3 2 1 5 3 2 2 5 4 2 1 4 0 5 4 2 0 2
   4 1 3 3 4 3 5 1 4 4 0 3 4 5 5 5]
  [0 0 2 2 1 5 1 1 3 2 5 5 5 1 3 1 3 3 4 4 3 4 4 2 0 0 0 0 5 4 0 5 1 0 1
   2 5 5 2 4 4 5 2 0 1 2 0 1 4 4 1 2 5 4 0 2 2 0 0 0 3 1 1 1 3 1 1 0 2 2
   3 5 1 3 3 4 2 2 4 3 0 2 0 5 0 0 5 2 4 0 3 0 5 2 2 1 4 4 5 0 4 0 5 4 5
   2 0 3 3 2 2 0 2 0 5 0 1 2 0 1 3]
  [0 5 0 2 3 1 3 2 3 5 3 2 2 3 2 3 0 5 5 4 0 5 3 0 0 0 4 0 2 3 2 2 5 0 0
   2 2 4 1 0 2 5 0 4 2 5 3 3 1 0 2 2 5 1 1 1 4 2 3 0 5 3 4 4 1 1 5 2 3 4
   1 0 2 4 1 3 0 0 5 1 4 5 2 5 5 0 0 3 3 2 2 5 1 4 2 3 2 2 5 3 3 0 1 2 1
   2 5 5 4 0 3 0 2 1 5 0 3 4 5 5 1]
  [0 4 3 0 4 1 3 0 2 1 2 2 0 2 0 5 1 2 1 2 4 0 0 5 3 2 1 2 4 5 2 2 0 4 1
   3 1 4 5 0 0 0 1 0 4 2 4 0 1 2 0 3 2 0 2 4 2 0 0 2 3 2 5 1 5 3 2 1 0 2
   3 1 5 2 0 4 3 2 1 3 1 3 2 5 3 4 3 4 0 1 2 1 4 5 4 2 2 3 5 4 0 4 2 0 2
   4 4 2 2 5 2 0 1 2 5 1 5 0 4 0 2]
  [0 3 5 2 0 4 0 3 1 2 2 2 0 2 3 1 0 2 2 0 1 2 5 1 0 4 1 4 5 0 4 5 0 2 0
   4 2 0 0 2 4 3 2 1 0 5 2 5 4 5 0 4 4 2 0 0 2 4 5 1 4 1 3 0 2 1 3 0 0 1
   5 5 5 5 2 3 5 4 3 1 3 4 1 2 3 3 0 2 1 5 2 3 0 4 3 3 0 1 3 0 4 0 3 4 1
   2 1 4 1 2 5 5 1 0 3 4 2 2 1 0 3]
  [0 4 0 2 5 0 5 1 5 2 2 2 5 3 0 3 2 4 4 5 5 0 2 1 0 2 0 4 1 0 5 4 2 1 2
   1 3 5 1 0 1 0 5 0 0 0 5 4 1 5 5 1 2 2 4 3 2 0 0 0 4 4 2 0 3 3 1 4 2 4
   5 1 2 4 2 3 1 1 5 5 2 0 1 0 3 5 0 0 4 3 5 1 0 2 2 1 5 0 0 4 2 3 5 1 0
   0 0 3 2 0 5 5 3 1 1 5 0 1 0 2 4]
  [0 4 1 2 4 4 0 5 2 5 5 1 2 2 1 5 4 4 4 5 1 0 1 3 2 0 4 5 4 1 1 0 4 5 1
   0 5 4 5 1 1 0 5 0 3 4 0 1 5 2 2 5 5 3 0 4 2 4 2 1 4 1 5 2 0 4 0 5 4 0
   2 0 4 1 3 5 2 5 3 0 1 4 1 0 0 2 4 2 4 1 1 4 0 5 0 1 0 3 5 0 4 1 1 4 2
   1 3 0 4 1 5 5 0 5 5 2 1 5 5 0 4]
  [0 4 5 0 5 2 3 0 3 4 5 4 4 5 5 0 4 3 4 1 0 5 4 0 0 5 0 1 5 5 5 5 0 3 1
   0 3 2 5 5 4 4 1 0 1 5 5 2 1 1 2 4 0 5 3 4 2 1 2 3 0 5 3 2 3 2 0 3 0 3
   5 1 2 3 3 4 3 5 1 5 1 2 3 5 4 2 3 0 3 3 3 2 5 3 3 3 1 5 3 1 5 2 1 2 2
   5 2 2 3 1 3 0 5 5 0 0 4 4 4 0 4]
  [0 3 2 3 1 4 3 5 0 5 4 5 4 5 2 0 5 5 1 4 4 1 1 0 0 3 3 5 0 0 5 3 1 3 2
   5 0 0 5 0 1 4 3 1 4 5 0 2 1 5 3 3 3 3 4 2 0 4 2 2 0 2 3 2 2 4 2 5 4 5
   4 3 3 4 0 3 3 1 0 5 1 5 4 5 4 1 3 5 0 4 4 2 5 3 5 4 4 2 1 1 4 5 0 0 4
   1 2 4 0 1 1 1 3 1 0 0 2 4 4 2 1]
  [0 1 4 4 1 2 2 2 3 0 2 5 2 3 4 3 1 0 2 3 3 3 3 2 0 2 1 2 4 5 1 4 4 5 1
   4 1 2 2 1 1 1 0 4 2 1 3 3 4 5 0 2 2 3 5 2 3 2 2 2 2 3 0 1 2 0 0 1 1 1
   4 0 3 1 4 3 0 0 0 3 3 5 0 0 5 4 1 4 3 0 5 2 5 1 1 4 3 1 0 5 5 0 0 3 0
   2 2 4 0 4 1 4 1 5 0 1 0 2 2 4 0]
  [0 0 4 0 2 4 5 1 4 0 0 4 4 4 0 1 5 3 1 0 1 2 1 2 3 3 2 5 2 0 1 2 2 2 1
   1 0 0 4 0 4 3 2 0 5 2 5 0 4 1 2 1 4 5 5 0 0 5 5 5 3 3 1 3 2 4 5 0 2 4
   2 3 2 5 0 5 3 0 4 3 0 2 5 2 4 5 0 5 5 1 3 1 2 1 1 3 0 3 4 0 1 3 4 3 2
   3 5 1 5 0 5 4 2 5 2 2 4 2 2 2 0]
  [0 4 2 1 4 5 4 2 2 5 2 0 4 3 3 0 0 3 0 1 2 3 2 0 1 2 0 0 1 5 1 0 1 2 2
   2 4 2 0 1 3 4 5 3 4 1 3 3 0 3 5 2 4 1 2 2 0 5 4 4 4 2 1 1 0 2 0 3 3 5
   3 5 1 0 0 1 4 2 5 2 3 3 3 3 1 3 1 3 1 0 4 5 0 2 3 2 5 5 4 4 3 3 1 4 3
   2 5 2 1 5 2 3 3 3 5 4 4 3 3 2 1]
  [0 2 3 3 3 4 1 5 3 0 5 0 0 4 5 0 3 3 2 2 2 0 3 1 4 2 2 1 5 4 5 3 5 5 3
   3 0 0 5 2 1 5 3 4 3 0 4 4 4 2 3 3 4 1 5 2 4 3 5 5 4 0 0 0 3 0 1 3 0 4
   4 3 2 2 4 3 4 3 1 5 4 3 0 3 5 2 4 1 3 1 1 5 5 3 1 2 1 4 1 3 5 5 1 0 3
   5 4 4 2 2 0 2 2 3 0 0 4 3 4 4 2]
  [0 2 5 2 3 5 1 3 4 5 2 3 5 0 0 4 0 5 5 5 4 5 4 3 4 1 2 4 0 4 4 4 2 4 0
   1 3 0 5 4 5 0 1 4 4 2 3 5 0 4 3 5 3 2 5 1 4 3 0 2 4 4 5 2 4 1 5 5 1 0
   0 0 2 5 3 5 1 1 1 2 1 5 2 0 3 0 3 2 0 0 2 2 3 4 5 5 4 5 5 3 5 2 4 1 2
   5 4 3 5 5 0 4 3 0 1 0 4 3 2 2 1]
  [0 4 3 4 3 1 5 5 0 2 2 4 5 5 0 3 0 1 2 4 4 3 2 1 2 0 2 1 3 0 5 0 2 3 1
   1 5 4 5 3 1 3 5 3 3 0 0 2 1 3 3 0 0 5 0 3 4 3 5 0 5 3 1 3 1 5 3 1 0 2
   5 5 4 0 0 0 3 2 5 1 1 0 1 0 1 0 5 0 5 1 4 5 2 2 2 0 2 0 3 5 1 0 4 0 4
   1 3 1 0 3 1 5 3 5 0 0 4 4 4 5 3]
  [0 0 3 3 2 4 2 2 1 1 5 5 0 3 3 0 2 4 0 5 4 1 3 0 5 0 5 3 1 2 5 0 5 4 1
   1 2 5 4 3 4 4 2 5 4 5 5 4 0 4 4 0 5 3 5 3 2 4 3 4 4 4 3 0 2 3 3 2 1 2
   2 3 4 3 4 4 3 2 0 0 5 1 2 1 5 5 4 0 1 0 3 0 5 5 2 0 0 5 0 5 2 4 5 5 5
   2 4 4 0 2 2 4 0 3 5 2 5 5 5 1 1]
  [0 5 5 4 5 1 2 0 3 4 2 3 4 1 5 3 0 3 4 4 0 1 0 5 3 2 1 3 0 2 4 4 3 2 2
   0 4 0 3 4 0 1 5 0 3 1 3 2 0 1 2 2 5 4 2 1 0 3 3 4 4 3 5 0 3 0 2 0 4 1
   4 4 0 5 3 5 3 4 1 1 0 1 5 1 3 2 2 0 0 0 1 3 5 1 2 5 2 2 1 2 1 3 5 0 2
   5 3 0 3 1 1 4 5 1 4 3 4 3 2 3 3]
  [0 4 0 0 3 0 4 2 1 2 4 2 2 2 5 4 4 0 0 5 3 3 4 0 5 5 0 0 1 5 1 5 1 0 2
   4 0 1 4 2 3 5 5 0 1 3 4 2 5 5 0 0 5 2 4 5 0 1 4 3 0 1 5 1 1 3 4 3 2 2
   5 3 4 2 1 5 4 0 4 2 0 5 2 0 1 2 0 4 2 0 0 1 4 2 2 0 4 5 4 5 2 5 3 5 2
   0 1 2 2 2 2 2 0 0 5 2 4 1 0 5 5]
  [0 2 5 2 3 1 2 2 4 0 0 1 4 2 2 5 2 5 0 3 3 5 5 3 3 1 4 0 5 4 5 3 4 0 1
   0 5 5 0 5 1 0 3 5 0 4 4 2 0 0 2 1 5 2 5 3 2 1 0 5 5 5 4 2 3 3 3 5 1 2
   5 2 0 4 0 3 1 3 1 2 0 0 3 2 1 0 1 2 0 1 4 2 3 3 0 3 1 2 0 0 5 2 2 0 0
   1 5 0 2 2 4 2 4 0 4 1 3 2 2 5 4]
  [0 2 2 0 1 3 0 4 5 2 1 5 1 0 1 2 0 1 3 0 3 3 3 0 5 1 1 3 2 5 1 2 4 5 3
   5 5 2 3 3 2 2 1 4 5 2 4 5 1 1 1 0 3 5 2 4 4 2 5 3 3 0 0 2 4 0 4 3 3 3
   2 1 5 1 3 5 4 3 2 1 0 4 1 2 5 1 3 0 3 3 3 0 2 5 2 3 0 3 0 3 5 4 5 2 1
   5 5 3 1 3 5 3 2 5 5 3 5 1 2 2 1]
  [0 3 0 2 5 3 3 4 3 1 4 4 4 5 4 1 4 0 3 0 0 0 5 5 1 5 3 3 0 4 1 4 5 3 2
   3 2 4 3 1 1 1 2 2 4 0 3 3 2 5 2 1 0 4 1 3 1 5 1 0 5 5 1 2 0 5 5 5 3 3
   2 1 4 1 3 5 1 1 1 4 5 2 1 1 5 3 3 4 5 3 1 1 1 1 1 1 3 1 3 0 4 1 4 4 4
   3 3 1 4 1 5 2 4 4 0 1 5 3 4 5 3]
  [0 4 4 2 3 0 3 3 2 2 2 4 4 0 0 2 0 1 1 1 0 0 1 0 3 1 2 2 2 0 5 3 3 4 2
   1 3 3 1 0 0 4 5 0 3 2 2 0 1 1 1 0 5 4 1 3 4 5 1 2 0 4 3 5 1 3 4 3 0 4
   1 5 5 1 3 1 0 0 3 4 4 2 4 0 2 5 5 1 3 5 5 2 2 2 0 5 0 2 4 4 0 4 0 1 0
   1 1 0 4 5 4 4 5 2 4 1 3 1 4 0 1]
  [0 0 0 0 2 0 3 0 1 3 4 2 0 4 3 0 5 3 4 5 1 4 0 3 3 2 0 2 4 0 3 2 5 1 4
   5 0 1 2 5 2 5 3 3 3 5 0 1 2 3 1 0 0 2 3 2 3 2 3 1 0 1 1 4 0 3 4 0 3 1
   5 1 2 5 3 2 2 4 1 2 1 5 3 0 4 2 4 4 3 1 3 5 1 3 5 1 5 4 2 1 5 4 1 2 0
   5 2 3 5 1 0 3 0 2 2 3 1 3 4 5 4]
  [0 0 5 1 0 4 3 1 0 4 5 0 1 3 1 0 5 4 1 4 4 2 4 0 1 3 3 1 3 4 5 2 5 2 1
   2 4 1 0 1 2 2 4 3 0 1 5 1 4 4 0 5 5 2 2 1 4 1 4 5 3 4 0 2 5 1 0 2 4 5
   1 2 0 3 0 0 2 3 2 4 0 4 4 5 4 1 3 5 5 5 1 1 4 1 0 2 1 0 3 1 1 5 1 2 2
   5 1 0 1 1 5 5 4 1 1 4 1 1 3 0 4]
  [0 5 3 3 2 2 3 5 2 4 0 5 0 2 4 1 3 2 2 2 0 2 4 2 0 3 4 0 1 4 3 2 2 1 1
   1 2 3 1 0 1 0 1 3 0 3 4 3 0 2 3 4 3 3 2 3 3 5 1 0 4 2 4 4 0 2 0 3 1 3
   1 4 4 1 1 5 3 3 2 2 3 0 5 2 1 1 5 4 2 3 0 0 0 1 4 5 3 1 4 1 0 4 3 1 2
   2 1 0 4 1 3 0 0 4 1 4 3 0 2 0 2]
  [0 5 3 1 3 5 4 1 0 2 3 2 5 0 2 0 2 3 0 0 1 1 0 1 2 0 1 2 4 4 4 3 3 3 0
   3 1 1 2 1 5 1 2 2 5 0 5 1 3 3 0 4 0 3 1 3 5 1 4 0 5 5 4 5 5 3 0 0 5 0
   2 1 4 4 2 5 3 1 0 1 4 0 3 1 4 1 1 1 4 2 4 1 1 2 4 0 4 0 4 1 1 3 1 3 3
   1 1 2 0 1 2 3 2 4 3 3 3 0 4 1 2]
  [0 2 2 1 3 1 1 2 5 5 5 5 0 4 5 4 4 2 0 2 5 4 2 2 5 1 0 1 5 0 4 1 4 5 1
   0 3 5 1 5 3 2 1 0 0 1 1 5 4 5 2 5 0 3 1 4 5 3 5 2 5 4 3 4 0 0 5 2 2 4
   0 5 3 1 3 1 2 0 4 2 5 4 1 1 4 5 3 3 3 5 3 4 5 2 1 4 0 0 3 0 5 4 1 4 1
   3 1 2 2 3 1 1 5 5 4 1 4 4 4 0 5]
  [0 4 1 1 1 3 5 5 2 3 2 3 2 1 0 5 4 2 5 5 3 0 3 3 3 4 4 0 3 0 3 3 1 2 2
   4 4 2 3 5 1 5 4 1 0 2 3 5 4 3 1 0 5 3 1 3 3 3 3 5 2 0 1 1 1 4 0 3 2 2
   3 4 4 3 0 1 4 1 0 3 3 0 2 2 3 5 0 2 5 5 5 3 3 4 1 1 2 2 2 1 3 0 3 1 2
   4 4 4 5 0 1 1 1 1 1 3 4 4 5 5 2]
  [0 1 3 0 2 3 2 1 3 3 1 2 5 0 2 5 3 2 3 5 3 1 1 2 2 5 2 3 0 5 4 4 5 2 3
   0 0 4 3 5 4 0 3 1 2 2 3 4 1 0 1 3 3 1 3 0 0 5 4 2 2 2 2 1 5 2 5 1 1 2
   2 2 3 1 0 2 0 5 3 4 0 2 1 4 5 0 4 4 1 1 2 1 5 3 1 4 5 5 4 0 2 5 5 2 1
   2 0 3 1 5 2 1 2 2 2 5 5 4 3 4 5]
  [0 5 4 1 4 0 0 5 0 5 4 0 5 0 3 4 1 0 3 2 5 2 4 0 4 2 0 3 3 0 1 0 4 4 0
   3 3 2 2 1 5 3 2 4 2 3 1 5 1 0 0 1 1 5 0 5 1 0 5 4 4 5 3 5 0 4 3 1 0 0
   5 3 5 0 2 3 3 4 5 3 3 0 1 0 0 4 1 1 2 0 4 1 4 5 0 0 2 4 0 4 1 0 1 4 5
   0 2 2 4 5 4 0 0 1 4 2 5 5 1 4 3]
  [0 3 5 3 1 0 0 0 4 2 3 2 2 0 1 5 2 0 0 2 0 4 2 3 4 4 4 1 0 4 0 3 2 2 3
   2 5 4 3 5 4 0 2 3 1 1 2 4 0 0 5 1 2 2 1 5 0 3 3 1 2 5 1 3 1 1 0 2 4 3
   2 5 1 3 5 4 3 1 4 0 1 1 0 2 2 3 1 0 5 1 5 5 5 1 5 4 1 0 3 2 5 4 5 4 3
   1 3 3 5 2 5 1 4 1 0 3 5 4 3 3 3]
  [0 5 0 1 0 4 2 2 5 2 0 4 3 0 0 2 1 1 5 2 2 0 3 2 2 1 5 5 5 2 2 0 0 0 5
   1 2 4 5 5 2 1 0 3 2 2 2 0 5 2 2 2 4 5 1 2 5 0 1 2 3 3 3 0 4 5 1 3 0 5
   1 0 3 1 3 5 1 4 3 5 5 0 5 0 0 3 0 4 1 3 5 1 5 1 1 5 1 2 5 3 1 3 0 4 4
   4 3 5 2 0 1 3 5 5 5 3 1 0 1 0 5]
  [0 0 4 0 3 1 1 5 0 5 0 1 1 1 5 1 0 1 4 3 2 4 5 1 4 4 3 1 3 0 1 3 0 0 1
   3 1 2 2 1 3 3 3 5 1 2 5 3 5 0 3 5 4 5 3 4 3 5 3 4 4 5 5 5 3 3 1 4 1 4
   2 0 2 2 5 4 2 4 3 1 1 1 0 1 5 2 4 4 2 0 5 2 1 3 1 1 3 3 2 5 0 5 3 5 2
   2 1 1 4 5 2 0 0 1 2 5 3 3 2 2 3]
  [0 4 3 2 2 3 1 4 1 5 5 4 1 4 5 4 0 3 0 5 5 2 2 4 5 5 5 4 1 5 5 1 3 0 0
   5 1 4 3 2 5 4 1 0 5 0 2 1 4 2 1 5 3 0 3 0 0 5 5 1 3 5 2 4 2 2 1 4 4 5
   2 5 4 0 1 2 0 5 5 3 3 5 5 0 5 2 0 5 2 4 1 4 2 5 1 5 5 0 1 3 2 5 0 3 3
   2 3 3 3 2 0 0 3 1 4 1 5 0 5 2 3]
  [0 4 0 2 5 0 5 3 0 3 0 4 3 4 2 3 3 0 0 0 3 0 1 4 2 3 4 4 3 5 3 4 3 1 0
   1 1 0 3 1 0 2 0 4 2 4 0 1 0 2 3 5 2 0 5 5 4 5 2 2 5 1 4 5 4 2 1 1 4 5
   5 5 1 0 3 2 3 3 2 4 4 1 4 2 2 2 2 3 5 0 5 4 1 5 4 2 2 1 0 4 3 3 4 1 5
   5 3 4 3 3 2 5 5 3 2 5 5 3 5 0 4]
  [0 5 2 3 5 2 2 3 4 2 0 3 1 2 2 1 5 3 5 1 3 3 5 3 1 1 1 2 4 3 4 2 2 3 4
   0 2 1 1 1 4 5 4 3 0 5 1 3 4 4 3 1 4 3 0 3 0 1 4 1 3 3 0 1 5 3 5 1 1 1
   3 4 0 2 2 4 0 3 2 3 1 1 4 2 1 2 1 4 2 3 4 4 3 4 1 5 0 0 0 1 0 5 2 1 3
   4 0 4 2 4 0 5 2 0 3 2 0 1 0 4 0]
  [0 1 2 0 0 4 3 2 1 5 2 4 4 3 1 3 3 1 5 0 0 5 0 4 5 3 0 5 2 1 3 3 1 5 5
   4 0 3 3 3 2 5 1 3 3 4 4 0 1 4 4 1 0 1 4 1 0 3 3 2 0 4 0 3 4 3 5 5 2 0
   2 1 1 3 2 0 5 5 2 4 3 1 1 1 1 1 3 3 2 5 2 2 4 2 1 4 1 5 4 0 5 0 0 3 3
   5 2 0 4 3 5 2 5 2 0 0 1 5 2 4 3]
  [0 0 1 5 0 4 1 4 1 5 5 5 3 1 0 2 3 2 0 5 3 2 3 2 1 1 0 4 1 2 3 5 1 2 3
   2 1 0 1 4 2 0 2 2 0 1 3 1 5 3 3 0 4 1 4 2 2 1 1 0 4 4 2 4 4 4 4 0 0 5
   2 0 2 5 0 4 3 3 2 3 2 4 5 3 3 3 0 4 2 2 0 0 1 5 4 0 4 2 3 0 3 4 5 0 0
   0 2 5 4 2 2 2 3 1 5 5 4 5 5 1 0]
  [0 0 0 5 3 0 5 0 4 4 2 0 1 3 2 5 1 2 5 5 2 0 2 1 1 5 2 1 2 1 0 1 3 5 1
   5 5 4 0 1 4 0 4 1 0 4 0 0 3 0 4 4 4 3 0 0 3 1 5 4 2 2 1 4 4 0 0 4 5 2
   2 4 4 3 5 2 5 0 0 0 2 4 4 2 3 2 2 1 5 4 4 2 2 0 4 1 4 4 2 0 4 4 3 4 3
   1 2 2 1 2 2 2 1 0 3 0 2 4 4 4 4]
  [0 2 4 0 0 4 1 5 2 1 5 5 3 5 2 5 3 1 0 4 1 5 4 4 4 5 2 1 5 0 0 0 5 3 4
   0 0 1 3 0 1 4 5 2 3 3 4 2 1 2 0 2 4 1 3 1 0 5 3 5 4 3 5 3 3 4 0 3 5 1
   1 1 4 1 3 1 4 5 5 4 1 3 1 1 0 3 1 5 4 2 1 4 2 5 3 0 4 5 0 3 3 3 4 0 3
   0 2 2 0 4 4 1 2 2 2 3 5 4 5 4 5]
  [0 5 2 5 5 2 5 0 5 0 5 0 2 3 1 1 1 3 4 5 2 3 2 3 5 0 0 3 0 3 1 5 2 2 3
   2 2 2 2 0 0 0 4 3 4 5 4 5 0 2 2 5 3 4 2 3 3 4 1 1 4 1 2 3 1 2 0 0 1 1
   2 1 4 2 4 5 0 0 5 3 0 1 1 0 1 5 1 5 3 2 2 1 3 4 2 1 5 1 3 4 2 2 4 4 5
   2 0 5 1 5 1 0 1 1 4 0 4 3 4 4 2]
  [0 3 0 3 4 3 1 1 5 2 3 1 2 4 0 2 5 3 1 3 2 0 1 5 1 3 4 4 4 0 1 0 5 0 5
   3 3 1 1 0 5 0 0 0 5 4 2 0 4 4 4 1 5 5 4 4 3 3 4 2 4 3 2 5 1 0 4 0 0 3
   3 2 5 0 3 5 4 1 3 4 2 2 0 5 3 3 0 2 3 5 4 0 5 4 3 0 3 0 1 0 5 0 3 2 3
   3 5 5 5 4 4 1 3 4 5 4 3 3 4 4 2]
  [0 1 3 5 5 2 5 5 5 5 4 3 3 3 4 0 2 5 0 4 1 0 0 4 0 5 4 5 2 4 3 4 1 3 4
   0 5 2 3 4 2 1 0 0 4 2 1 0 3 3 4 4 0 5 4 0 4 1 2 1 2 1 1 0 4 3 4 2 5 2
   5 0 4 4 3 3 2 0 5 0 1 2 1 4 2 2 2 5 2 1 2 1 0 2 3 4 1 4 5 0 2 2 4 4 1
   2 0 0 3 1 2 1 5 4 5 1 3 4 2 2 2]
  [0 5 0 2 1 3 0 4 3 0 0 2 2 5 3 5 0 0 2 1 2 5 4 3 4 3 3 4 4 5 5 5 5 3 2
   4 3 5 5 1 0 1 3 0 1 2 4 2 4 4 0 3 1 1 2 3 3 5 3 0 3 2 4 4 1 0 0 0 5 3
   0 2 4 3 1 3 1 1 1 2 2 5 5 3 0 3 5 0 0 2 0 1 3 1 5 2 2 2 1 3 1 3 4 3 4
   3 4 2 1 1 2 1 2 1 3 3 0 3 3 4 5]
  [0 5 5 0 5 0 4 2 4 5 3 4 3 1 4 5 5 3 5 3 4 2 3 1 0 0 0 1 4 0 4 1 1 0 3
   4 1 1 3 0 0 1 0 1 0 3 2 2 1 5 0 1 4 2 3 2 5 5 4 1 4 1 0 4 5 1 3 0 5 4
   0 1 5 2 5 5 0 2 2 1 5 2 0 2 4 2 5 5 1 2 5 4 5 2 4 1 0 0 5 3 2 0 3 1 5
   0 5 5 4 4 1 3 2 1 0 2 0 3 2 1 4]
  [0 3 4 3 4 1 2 2 1 1 0 3 3 5 3 4 0 3 3 3 0 3 1 5 2 1 0 2 5 2 2 4 5 0 0
   2 2 4 3 0 0 5 0 5 4 0 3 4 3 4 5 1 1 4 0 3 4 1 3 0 2 4 3 0 2 1 1 2 2 5
   5 0 4 3 0 3 0 0 0 1 0 4 1 5 3 3 1 2 4 4 5 3 2 5 4 2 2 2 5 1 3 0 1 1 1
   3 2 5 0 1 0 3 1 3 2 3 0 2 2 5 3]
  [0 4 1 4 1 2 2 3 1 5 2 5 4 3 4 3 1 2 2 2 3 2 5 5 5 5 0 4 0 3 3 0 3 2 3
   3 2 4 5 2 2 0 3 0 2 2 0 4 3 1 4 2 5 1 3 5 4 2 0 1 4 4 1 4 5 3 3 3 2 0
   2 5 3 2 4 4 5 5 2 0 2 3 1 0 3 0 5 4 3 4 5 5 5 1 1 2 0 0 4 5 4 2 4 0 4
   2 0 4 5 1 4 1 0 4 4 5 5 4 2 1 4]
  [0 0 1 2 0 0 4 3 4 2 1 2 1 2 5 2 4 1 5 2 3 1 0 3 0 0 2 5 1 3 1 0 0 0 1
   0 1 2 2 3 4 4 3 2 5 1 0 0 3 4 1 3 5 1 3 1 2 1 2 1 3 1 1 3 4 0 2 1 5 3
   3 0 4 4 5 1 3 5 4 1 3 2 0 1 4 5 3 4 1 1 2 5 1 3 3 2 4 1 1 1 5 2 4 5 4
   0 3 5 0 3 0 3 1 1 2 0 5 2 1 5 2]
  [0 0 0 0 5 4 3 3 3 1 1 5 0 0 1 2 4 3 1 5 5 5 5 1 2 2 1 3 4 2 1 1 1 0 1
   1 2 3 4 3 2 3 1 0 2 4 4 4 0 2 4 0 3 2 0 5 5 5 4 5 1 1 3 5 2 5 2 0 4 5
   5 0 2 0 1 3 4 5 5 3 4 1 0 3 4 4 4 5 0 5 0 0 0 5 4 4 3 5 5 5 2 0 1 5 5
   3 4 0 1 0 1 3 0 0 1 5 1 2 2 2 0]
  [0 1 0 2 3 0 0 3 1 4 3 2 0 0 5 0 2 1 3 4 4 2 4 0 1 1 2 3 5 1 5 0 3 4 4
   4 3 3 2 0 3 2 3 5 3 0 5 4 4 0 0 2 5 3 5 5 5 2 3 5 2 4 4 0 3 3 3 4 3 0
   0 0 2 0 1 1 1 0 0 1 0 0 0 2 5 4 4 1 1 5 1 4 4 5 0 4 4 2 4 4 5 5 5 4 4
   3 0 5 0 5 1 1 1 2 2 0 3 2 5 5 3]
  [0 2 1 2 3 3 2 2 1 3 2 0 0 5 5 4 1 2 1 2 1 5 0 2 2 3 2 1 4 3 5 1 0 1 2
   1 4 0 5 2 1 5 4 0 4 2 2 2 0 4 0 5 3 3 2 4 1 2 1 0 1 1 3 1 1 5 5 2 0 4
   5 4 5 0 4 5 4 4 1 0 1 1 5 2 2 4 5 4 5 3 0 1 5 5 3 3 4 5 2 5 2 3 5 2 1
   2 5 4 4 4 2 1 0 3 3 5 3 5 2 3 3]
  [0 2 1 5 2 0 3 4 5 4 2 4 2 5 0 0 5 1 2 5 0 2 2 0 4 4 4 3 1 5 2 5 5 2 5
   5 5 2 3 1 0 5 1 3 1 5 4 5 0 1 3 0 2 2 2 2 1 3 4 3 1 3 2 0 2 5 4 2 4 5
   0 2 4 0 3 5 5 3 5 5 2 1 0 1 5 2 4 2 5 4 1 5 4 1 0 5 1 0 4 1 1 4 4 1 1
   0 0 2 0 2 1 4 1 3 4 1 4 5 5 2 1]
  [0 5 3 1 4 0 3 0 2 5 4 1 4 5 0 0 3 5 3 0 2 3 4 1 4 4 4 2 4 0 1 2 3 4 3
   4 4 3 3 0 4 0 3 4 1 5 3 5 2 2 2 5 0 4 4 5 1 5 4 0 0 5 4 5 2 2 3 5 2 0
   5 2 5 1 0 1 4 2 0 0 5 0 5 1 3 4 5 4 4 1 0 0 3 2 2 3 4 2 3 0 1 5 2 5 1
   2 4 2 2 0 4 0 0 0 0 1 2 4 1 3 3]
  [0 2 4 2 1 5 3 3 0 5 0 3 2 4 2 3 2 1 3 2 2 0 2 4 0 4 5 0 0 5 1 0 5 4 1
   1 3 5 3 4 1 2 1 0 3 5 1 2 1 1 2 4 0 0 1 5 0 1 1 3 0 2 3 1 0 4 3 0 4 1
   3 3 3 3 5 5 5 0 3 0 2 2 4 2 0 3 4 4 4 1 4 1 5 3 0 0 5 3 4 3 4 3 5 5 2
   4 4 1 2 0 0 3 4 2 3 3 1 4 2 3 5]
  [0 5 0 1 0 4 1 2 4 5 4 2 0 3 3 3 2 5 5 3 2 3 4 2 1 4 0 1 0 5 3 3 3 5 4
   0 1 3 1 2 0 0 4 0 1 1 3 0 5 4 5 1 4 1 0 4 2 4 1 4 5 3 1 0 1 4 4 2 5 2
   0 4 0 3 4 1 0 4 4 3 3 0 1 4 4 0 3 1 1 5 4 1 5 1 1 4 1 0 2 3 1 2 5 1 2
   1 5 3 2 0 3 2 2 0 3 5 2 3 1 0 0]
  [0 5 3 2 2 4 0 1 1 4 3 0 3 0 2 0 4 3 3 1 0 0 0 1 5 1 1 3 1 0 3 0 3 3 4
   4 3 3 3 2 5 4 2 1 4 2 1 4 4 0 0 0 2 0 4 0 5 0 1 4 0 5 4 5 0 0 0 1 2 4
   2 0 5 0 1 1 5 5 3 5 4 0 1 5 1 5 0 3 1 1 3 1 2 0 2 1 2 4 3 2 3 0 0 3 1
   2 5 4 1 1 2 1 5 4 4 3 3 0 0 3 5]
  [0 5 4 3 2 0 0 2 3 5 1 2 1 3 0 2 4 3 4 1 4 0 2 4 2 1 5 4 5 5 3 3 2 2 2
   2 0 3 2 3 3 2 5 4 2 3 5 2 5 3 2 0 0 3 4 1 0 3 2 4 4 4 5 1 2 1 4 2 4 1
   4 3 2 2 2 2 3 4 2 0 1 2 2 4 3 1 5 1 4 1 4 0 1 2 4 3 4 4 4 2 5 0 1 0 5
   0 1 5 5 2 5 2 0 1 1 3 1 3 5 4 5]
  [0 1 2 0 3 0 1 3 1 4 1 0 5 1 3 1 4 0 5 3 2 0 0 0 1 0 4 4 5 4 1 1 2 0 2
   4 2 5 1 3 5 3 0 4 1 4 2 2 0 3 1 5 0 2 0 0 5 0 5 4 1 4 0 4 5 4 1 3 1 0
   4 2 2 3 1 0 5 0 1 3 4 1 3 4 0 2 2 3 1 3 5 3 0 1 1 0 5 4 0 0 5 0 5 4 5
   0 1 4 2 3 0 0 4 2 0 4 4 0 3 4 1]
  [0 3 1 1 5 2 3 1 5 3 2 2 1 3 3 3 3 2 3 1 4 1 4 5 4 4 0 3 5 3 3 0 2 2 1
   3 2 5 3 1 4 0 4 5 1 4 3 3 1 2 4 4 2 2 0 1 1 1 0 0 0 2 5 3 1 4 5 0 0 4
   3 0 3 5 2 2 1 5 5 2 5 2 3 2 2 2 0 4 0 0 2 1 2 1 2 0 0 2 3 3 4 5 2 3 3
   3 1 0 0 3 1 4 0 0 5 4 1 5 5 1 3]
  [0 0 1 0 4 2 3 2 4 1 4 0 3 5 5 3 3 1 1 2 3 2 3 2 1 3 2 2 5 1 3 2 2 5 0
   1 2 0 1 3 4 4 5 1 1 3 2 3 0 1 5 0 4 0 2 5 3 5 4 0 4 2 2 4 2 4 3 0 3 0
   0 3 1 0 4 0 5 1 1 4 1 5 4 2 2 3 2 0 1 5 5 3 5 4 5 1 2 1 3 5 0 2 2 1 0
   5 3 3 3 1 3 3 5 5 1 2 0 4 0 3 4]
  [0 0 4 2 2 2 4 1 4 5 0 4 1 1 0 1 0 1 5 2 4 4 5 1 2 2 0 5 1 1 0 1 3 3 1
   5 5 3 2 1 5 1 4 3 2 4 3 5 3 4 2 4 5 1 0 4 0 3 2 3 0 5 5 2 4 3 0 2 0 1
   1 3 1 5 1 1 5 4 4 0 2 4 5 0 1 5 2 0 3 0 1 4 5 1 4 1 1 0 1 4 4 1 0 1 2
   2 3 4 4 0 1 0 3 2 3 4 3 0 2 2 4]
  [0 1 3 5 3 3 1 0 4 5 5 2 3 1 2 5 4 2 4 2 4 3 0 1 2 5 2 1 2 1 0 1 0 4 3
   0 2 1 3 5 0 3 4 5 1 1 1 5 1 3 0 3 1 3 4 0 3 4 3 0 1 0 2 0 3 1 5 4 2 3
   5 5 2 4 3 0 2 1 1 4 4 2 0 2 3 0 3 0 5 1 0 1 5 2 0 5 2 4 1 0 3 2 5 3 2
   3 4 5 3 2 3 0 5 0 2 1 0 4 5 0 5]
  [0 3 4 5 2 3 2 3 1 2 3 3 3 4 4 2 1 5 0 0 2 2 5 1 2 1 5 3 5 4 1 1 5 5 4
   4 2 4 1 3 3 0 1 5 0 3 4 1 0 3 1 3 3 3 2 3 3 5 0 2 4 1 0 2 0 4 5 2 5 3
   3 4 1 3 2 3 2 5 1 2 1 1 2 1 4 2 0 5 1 3 1 2 0 0 4 2 2 4 5 1 1 3 0 5 0
   2 4 4 1 2 0 5 5 5 3 1 5 4 5 4 3]
  [0 3 3 1 4 3 3 0 1 0 5 3 1 3 5 4 5 5 0 3 2 1 4 3 3 3 4 4 2 2 2 1 3 5 0
   5 4 1 0 4 3 2 1 3 5 1 1 0 0 1 3 3 5 5 2 3 1 5 3 0 2 0 3 0 4 0 3 1 0 2
   4 5 4 5 0 3 3 4 3 1 2 2 1 3 2 2 5 5 4 0 1 0 3 4 3 4 4 3 4 0 3 4 2 4 0
   5 4 4 3 1 0 3 0 1 5 3 1 3 4 4 0]
  [0 5 2 5 4 4 0 2 1 0 3 0 1 3 1 2 2 3 0 3 1 2 0 4 1 2 5 5 0 2 1 4 2 1 0
   1 5 4 5 3 1 5 5 0 2 2 2 4 1 3 0 3 5 3 2 0 3 1 0 2 2 3 1 0 0 0 0 2 5 0
   4 4 3 3 5 0 3 0 0 0 5 0 5 2 3 2 2 5 5 2 4 3 5 0 4 2 3 2 5 3 0 2 1 5 1
   4 0 2 5 4 4 3 0 3 5 1 2 3 2 4 0]
  [0 3 5 3 2 0 3 0 1 0 2 0 3 1 3 5 2 2 1 3 0 3 0 4 5 3 1 0 2 5 2 1 0 4 3
   1 2 1 5 0 5 0 5 5 0 3 5 5 1 2 2 3 1 4 2 5 4 5 2 4 4 5 3 3 2 0 5 1 4 5
   0 4 1 0 0 0 5 2 4 0 4 0 3 0 3 3 5 5 3 3 3 5 2 0 2 1 4 2 0 1 3 2 5 0 4
   5 5 1 4 5 2 3 1 5 3 0 3 5 1 1 2]
  [0 4 3 1 2 2 1 4 4 1 5 1 3 3 2 1 0 0 2 2 3 4 3 4 3 4 4 1 1 0 1 1 0 5 5
   2 3 1 0 5 4 3 1 1 4 4 1 0 0 0 2 0 1 1 4 4 4 0 1 4 4 4 5 0 5 1 0 5 4 0
   1 0 4 4 2 0 2 4 5 5 0 3 2 4 3 5 4 1 0 1 0 3 3 3 5 4 3 1 4 2 0 2 4 4 4
   4 1 4 0 4 4 4 1 5 5 3 2 2 2 5 2]
  [0 5 0 5 1 3 5 2 5 3 0 3 5 5 0 4 3 1 0 5 5 4 0 2 0 0 3 1 3 3 1 0 5 4 3
   4 0 5 3 3 3 4 1 4 5 1 3 3 5 5 5 5 2 2 0 2 1 4 5 0 3 5 5 5 5 3 1 0 5 1
   3 1 2 3 4 2 0 5 0 5 2 5 2 5 3 3 1 3 4 5 1 3 3 1 0 3 0 5 1 5 3 4 3 0 5
   3 5 1 3 4 1 2 3 4 2 5 0 1 1 4 2]
  [0 1 3 5 5 5 5 0 3 4 1 3 2 1 4 0 4 2 0 4 1 5 1 5 4 5 1 1 0 5 0 1 4 1 4
   5 3 2 5 1 2 3 5 5 5 3 1 4 2 3 1 3 2 4 0 3 2 2 1 4 4 5 2 0 2 2 2 5 0 0
   1 3 3 3 1 5 1 2 1 4 1 2 1 5 5 1 0 4 4 5 4 4 4 3 4 5 5 2 5 4 1 4 3 1 1
   2 3 2 5 3 4 1 1 0 1 1 1 1 2 4 2]
  [0 2 4 2 4 3 2 4 5 4 4 3 5 3 0 4 5 0 4 3 5 2 1 2 3 3 0 4 0 0 5 3 4 2 4
   0 2 4 5 5 4 5 4 1 0 5 2 2 3 3 2 5 3 5 3 4 1 5 1 3 1 0 1 5 2 5 3 3 4 0
   5 3 0 1 2 3 1 4 4 5 5 3 0 5 4 4 5 4 1 4 2 3 5 1 3 5 1 3 1 0 3 0 3 3 5
   3 0 1 5 3 4 1 4 2 4 0 0 1 1 2 4]
  [0 3 2 1 0 5 4 4 5 1 3 2 5 3 3 2 5 1 5 2 2 4 3 4 3 3 3 2 2 4 2 5 1 0 3
   5 5 5 5 3 3 0 1 3 0 0 2 3 0 1 4 4 2 4 3 4 1 4 3 2 4 3 1 1 4 4 4 5 0 3
   0 2 2 2 1 0 0 1 0 2 1 5 1 2 0 1 5 5 5 0 3 5 1 1 3 5 3 1 2 5 3 1 2 4 4
   2 5 3 0 0 3 3 0 3 5 1 2 5 2 4 4]
  [0 0 5 4 1 4 0 5 4 3 2 1 4 1 3 5 5 0 3 3 5 0 1 5 3 3 3 4 0 4 0 4 4 2 4
   2 0 5 4 4 3 3 1 4 5 1 3 3 2 5 3 3 1 2 3 0 2 0 4 3 4 2 2 5 2 5 3 5 1 4
   2 0 4 5 5 1 0 4 3 5 5 5 1 3 5 0 0 5 1 0 2 0 0 4 0 5 0 0 4 0 5 1 2 4 4
   0 0 3 5 0 5 0 3 4 0 1 4 3 4 2 4]
  [0 2 1 4 2 4 1 2 5 4 0 2 4 0 5 2 5 1 5 3 2 5 3 2 4 2 2 3 4 4 4 1 5 2 1
   1 5 3 2 1 0 1 4 3 5 4 2 3 1 4 0 4 3 1 5 5 5 2 5 1 0 0 4 4 2 0 3 2 1 5
   4 0 0 3 1 1 3 1 2 4 2 5 4 2 1 2 2 0 4 4 2 0 0 1 5 4 2 1 4 3 1 0 1 5 2
   4 0 2 5 0 2 1 2 1 5 5 0 4 3 4 2]
  [0 1 1 4 4 5 1 2 1 1 4 5 0 4 1 1 3 0 1 1 0 2 4 2 1 0 3 4 2 2 0 4 4 5 2
   4 5 1 0 1 0 5 3 2 2 3 2 5 4 0 4 0 1 4 2 0 2 4 3 2 0 4 1 2 0 3 2 1 3 5
   2 5 0 0 0 4 5 1 0 1 2 1 4 1 1 3 3 1 4 0 2 3 4 0 3 1 0 2 4 5 5 5 3 3 2
   0 3 4 1 3 2 0 0 2 1 0 3 2 2 1 0]
  [0 5 3 5 4 4 0 2 0 4 0 1 0 5 5 3 5 2 2 2 1 0 5 5 2 3 0 1 1 1 5 4 2 2 3
   4 3 5 5 4 5 2 1 1 1 0 3 5 0 1 4 2 5 0 3 3 1 4 3 1 1 1 5 1 4 0 1 1 5 2
   1 0 1 4 0 1 0 0 1 3 3 0 3 5 3 3 1 5 4 0 1 0 0 3 1 4 1 5 4 2 0 4 0 0 0
   3 4 1 2 0 0 5 2 1 5 5 2 4 3 2 4]
  [0 4 2 0 4 1 2 4 0 0 5 5 4 2 3 5 3 4 3 4 3 0 5 0 4 0 4 5 2 1 4 2 3 4 5
   5 2 3 2 4 2 2 2 5 5 0 2 4 1 5 3 2 5 5 1 1 5 5 1 4 4 3 2 4 2 3 0 2 2 5
   2 5 3 0 2 0 1 0 0 4 1 4 5 4 0 0 2 0 5 2 0 3 3 3 3 0 1 3 4 3 4 2 0 3 2
   5 2 4 3 3 0 0 0 3 4 5 1 3 2 3 5]
  [0 5 5 1 3 5 3 4 4 0 1 2 0 5 2 3 1 5 5 4 4 0 3 1 2 5 5 4 0 1 2 0 0 2 3
   1 3 3 1 3 4 0 4 4 1 2 1 3 2 2 3 3 1 1 3 3 4 1 1 5 5 0 4 0 5 2 4 2 5 1
   4 1 3 3 3 2 0 5 3 2 2 0 0 5 2 2 2 0 0 4 1 5 2 0 0 2 5 5 4 0 4 5 3 1 0
   2 1 2 2 2 0 0 3 4 2 0 5 1 4 3 5]
  [0 3 1 5 5 2 1 5 1 0 5 2 1 2 4 4 4 1 0 1 3 3 0 0 2 2 2 3 3 1 4 4 5 4 2
   4 1 4 1 4 5 5 0 3 1 1 2 1 2 1 3 5 4 5 0 5 1 5 3 1 2 2 2 3 4 1 3 4 2 2
   3 1 5 0 4 1 0 0 0 3 5 3 3 4 0 5 3 4 3 1 1 0 4 1 4 0 2 1 5 5 0 1 3 1 5
   3 0 1 0 5 2 1 1 3 0 1 5 3 5 5 3]
  [0 3 0 2 1 5 1 4 1 4 2 5 5 1 2 1 2 5 4 3 0 3 1 5 0 4 2 1 1 0 0 0 0 0 2
   0 2 2 4 0 2 5 2 1 3 5 4 1 2 0 2 0 4 1 5 2 1 2 2 1 4 2 3 5 2 4 3 1 4 5
   3 0 2 3 1 5 2 3 0 2 2 0 1 3 1 4 2 4 5 0 1 5 4 2 3 2 3 1 1 3 1 1 2 4 4
   2 4 3 3 0 2 0 4 5 0 2 4 5 0 3 5]
  [0 4 2 5 0 1 4 3 1 2 3 0 1 0 3 1 1 3 5 5 5 0 3 1 3 1 1 3 1 1 4 5 3 3 3
   2 3 3 4 3 3 0 1 4 5 2 2 1 5 0 2 1 0 5 2 1 2 1 1 1 1 4 1 5 5 4 3 4 1 1
   2 0 5 2 5 4 1 0 5 0 1 5 2 3 1 3 4 2 2 5 5 3 0 5 0 5 2 0 2 1 4 5 0 0 4
   5 5 0 1 0 1 3 4 0 2 4 3 3 5 1 0]
  [0 0 2 3 4 0 4 2 0 0 1 2 5 1 1 3 0 0 0 5 3 4 1 4 0 4 0 5 2 5 2 4 2 0 2
   4 0 0 4 2 5 4 5 3 0 0 5 4 4 5 4 0 3 5 4 0 4 5 5 4 4 2 3 5 3 1 5 5 3 1
   2 0 1 5 4 2 2 0 1 4 0 0 5 5 2 4 5 4 1 2 4 2 5 0 1 1 3 5 5 3 3 1 5 3 1
   0 5 3 1 0 0 4 5 4 0 2 4 3 4 0 1]
  [0 4 4 4 4 1 5 0 2 0 0 4 4 0 5 0 3 5 4 4 4 3 3 0 4 0 3 1 2 0 2 0 4 5 4
   1 5 3 3 3 1 4 2 4 2 5 4 5 0 3 4 3 2 3 3 1 5 0 4 1 1 0 4 3 4 0 4 1 2 4
   0 5 2 1 4 5 2 2 1 2 1 0 1 5 2 0 0 4 0 5 3 3 5 4 4 1 1 0 4 4 0 5 5 5 0
   3 4 3 4 0 0 0 4 2 3 5 1 1 3 0 4]
  [0 3 4 0 2 3 5 2 5 1 1 3 4 5 2 4 1 3 2 1 5 5 0 1 2 0 5 1 5 4 1 5 3 3 5
   3 0 2 4 5 2 5 2 4 0 3 2 0 4 2 4 2 2 2 5 3 0 3 1 5 4 0 0 1 0 0 1 4 2 4
   1 0 3 3 0 0 4 3 2 0 0 4 0 3 0 5 5 0 5 4 0 3 0 1 4 3 3 2 4 2 3 2 2 4 0
   2 2 3 4 3 1 0 0 1 5 3 2 0 3 1 5]
  [0 2 5 2 1 0 0 3 4 1 5 3 5 4 0 4 1 5 4 0 3 3 0 4 3 5 5 2 0 0 0 3 0 3 2
   3 0 0 0 1 3 0 2 0 2 2 2 5 5 4 3 4 3 4 5 4 0 1 3 0 0 5 5 5 5 2 4 1 3 5
   1 3 0 1 2 1 3 0 4 4 4 1 4 0 1 1 3 0 4 4 3 3 2 1 3 3 3 0 0 3 1 2 1 0 1
   5 4 2 0 1 0 2 0 3 2 2 5 4 4 2 4]
  [0 0 3 5 5 0 1 2 5 4 1 4 4 4 3 5 3 5 1 2 2 0 1 5 4 5 5 2 3 3 2 0 1 4 4
   4 3 0 0 3 4 1 1 4 4 3 1 1 0 0 1 3 5 3 1 1 2 0 2 3 0 4 5 5 3 2 3 2 4 3
   0 1 1 4 1 5 2 0 3 1 3 5 1 3 0 4 5 0 2 2 3 2 2 4 1 2 4 0 5 3 2 0 2 3 3
   5 1 4 3 4 1 3 4 2 4 1 0 3 4 3 1]
  [0 1 4 4 4 1 2 4 0 2 1 0 5 4 5 1 0 5 4 1 4 5 0 3 1 2 5 3 1 5 1 4 1 3 5
   4 4 2 5 1 5 5 2 1 4 5 3 1 0 3 2 5 4 0 3 1 4 4 5 2 1 3 2 2 0 1 0 0 1 3
   0 3 1 0 1 1 5 2 5 3 4 5 0 2 3 0 0 5 2 0 5 5 4 4 3 0 3 1 1 1 0 0 1 3 1
   0 5 2 4 1 1 4 2 2 2 1 3 4 1 3 4]
  [0 0 5 1 3 5 3 0 3 4 0 4 0 5 2 4 0 4 5 2 2 3 1 4 0 3 5 1 3 0 1 5 4 2 2
   0 4 0 3 2 2 0 1 1 1 1 1 0 4 3 3 3 2 0 3 4 2 4 1 4 4 4 0 0 2 1 3 0 5 5
   5 3 2 4 5 3 0 0 1 0 5 0 1 2 3 3 0 5 4 3 1 0 5 3 4 4 4 5 2 4 1 1 4 3 0
   0 4 0 0 0 0 1 1 3 1 1 3 3 0 2 0]
  [0 1 4 3 3 0 0 3 1 5 2 1 0 2 5 1 1 5 2 0 5 3 2 0 1 2 2 3 0 0 0 1 0 1 5
   1 2 1 5 5 1 3 4 5 3 1 1 3 0 0 3 0 0 3 4 5 0 3 0 1 4 5 1 0 0 3 3 4 1 0
   0 0 1 0 2 3 2 5 4 0 0 4 3 1 4 4 5 0 2 1 1 0 5 4 1 5 3 4 4 1 3 0 4 5 2
   5 2 4 1 4 2 2 0 4 0 1 5 1 4 3 3]
  [0 0 1 0 3 1 0 0 3 1 0 1 1 5 2 5 1 5 4 2 0 2 1 5 2 2 5 4 0 3 4 3 5 4 2
   1 1 5 0 4 2 1 0 0 3 5 1 4 1 0 5 0 4 5 0 4 1 3 3 4 2 3 0 0 0 4 0 0 2 5
   1 4 3 5 0 0 3 1 4 4 5 2 0 1 3 0 5 3 0 3 0 4 3 4 5 1 5 4 3 0 1 5 4 0 5
   2 2 2 4 5 2 2 2 0 0 0 1 2 5 3 3]
  [0 2 2 5 2 3 5 4 1 5 0 5 4 4 0 2 4 0 1 2 0 1 2 5 5 1 1 3 2 3 4 2 3 5 0
   2 2 1 4 0 3 1 5 3 1 2 1 3 4 1 4 3 5 1 1 4 5 0 2 2 1 5 3 5 3 4 0 0 5 1
   2 2 2 0 5 2 4 5 3 0 1 1 0 4 5 0 5 3 4 0 1 5 4 4 3 4 4 1 4 5 2 5 1 5 1
   4 1 3 4 2 4 4 2 2 3 3 5 1 3 4 4]
  [0 0 1 0 1 0 5 2 1 4 5 4 5 1 1 1 1 1 0 3 1 5 1 5 4 2 2 5 3 2 2 5 1 2 4
   5 3 4 5 1 3 1 2 2 0 4 2 0 3 1 2 5 3 4 5 1 1 4 1 1 0 4 4 5 3 4 4 0 1 1
   0 2 2 0 1 4 3 0 3 4 2 3 1 1 5 3 3 3 2 4 0 3 5 0 4 2 4 1 3 1 1 3 2 0 4
   5 5 4 1 0 5 5 2 3 3 2 1 2 2 0 0]
  [0 3 1 3 2 3 0 4 1 2 5 5 5 0 4 3 0 2 5 5 0 3 0 2 4 2 2 5 5 0 3 3 3 0 1
   0 5 1 3 2 5 4 4 5 4 4 3 0 1 0 3 5 1 1 3 4 0 5 4 2 2 5 1 3 4 3 2 3 5 5
   4 0 3 5 1 3 4 1 4 0 4 5 0 1 3 3 0 5 4 0 5 0 5 0 3 2 1 3 0 4 0 5 2 1 5
   0 0 4 5 1 0 5 4 1 1 1 1 3 5 5 0]
  [0 3 5 4 2 4 1 1 1 0 2 5 3 5 1 2 1 2 0 2 3 3 1 0 1 5 4 5 4 1 5 5 1 5 1
   4 2 3 3 3 5 4 1 4 1 4 4 0 2 5 0 3 1 2 3 5 4 5 1 0 2 3 4 4 3 3 2 1 1 5
   0 5 4 5 4 0 2 1 0 0 4 4 4 5 1 1 1 1 5 1 5 2 0 4 5 1 5 3 2 5 2 1 5 1 0
   5 0 1 1 5 4 2 0 4 1 5 3 4 0 3 2]
  [0 2 1 2 2 2 2 0 4 0 1 0 4 3 4 2 3 5 2 5 2 4 2 3 1 5 4 1 5 3 1 0 0 2 4
   3 3 2 2 4 0 3 2 3 0 3 2 2 0 5 1 1 0 4 1 5 3 1 3 2 0 0 0 0 0 0 2 3 4 0
   2 1 2 0 2 0 4 2 3 1 5 4 0 2 1 4 2 1 3 4 4 4 3 0 5 3 4 0 1 0 0 5 3 1 5
   3 4 5 2 2 4 2 5 2 1 5 0 2 3 2 2]
  [0 4 5 0 2 3 2 1 0 5 0 4 5 0 2 5 1 4 2 1 3 5 0 3 0 1 3 5 3 2 5 5 2 3 1
   0 5 1 4 4 5 1 3 3 2 5 0 2 1 1 4 2 2 1 0 1 2 2 4 3 4 3 1 3 0 2 5 2 4 3
   1 5 2 4 0 3 4 5 0 2 1 2 5 4 1 1 0 4 5 5 3 3 1 0 0 4 1 0 0 5 0 2 0 5 5
   5 1 3 1 4 1 4 3 0 5 1 1 5 3 2 5]
  [0 5 1 5 3 0 4 5 2 1 1 5 2 3 4 0 5 5 2 0 5 1 2 1 3 1 5 5 0 5 4 4 4 2 3
   2 3 4 2 0 5 4 4 5 0 2 0 0 4 2 4 5 2 1 1 4 5 3 1 1 4 4 1 3 2 0 1 5 2 5
   5 5 4 3 2 2 2 0 4 1 1 3 3 4 4 1 4 5 1 2 5 0 2 3 3 0 5 0 2 0 1 4 3 1 1
   0 0 0 1 2 0 0 0 0 3 1 3 4 2 0 5]
  [0 5 0 3 1 3 3 5 5 5 3 1 2 1 1 1 2 5 4 4 1 3 4 5 0 3 4 1 2 1 5 5 4 0 4
   0 0 1 0 1 0 3 0 5 3 4 4 3 1 4 0 1 1 2 2 1 4 5 0 3 0 0 5 5 0 1 5 5 0 5
   1 4 2 4 5 3 5 1 5 0 0 1 0 5 1 0 2 4 2 0 3 2 0 3 4 5 0 2 3 0 3 1 3 0 3
   1 2 4 5 3 4 3 4 2 3 3 5 1 0 4 3]
  [0 5 1 2 3 5 3 2 2 5 1 1 4 4 1 0 2 5 3 3 0 0 1 5 0 4 4 5 5 3 1 2 0 0 4
   2 5 2 5 4 0 4 5 2 1 5 0 4 2 1 0 2 4 1 1 3 4 1 4 3 0 4 3 2 3 2 5 2 5 2
   4 4 4 0 1 2 2 3 0 2 4 0 3 5 5 3 4 4 5 2 1 0 4 2 1 5 4 0 2 5 2 0 3 1 4
   1 5 1 0 3 2 2 2 5 2 0 0 5 0 3 0]
  [0 2 3 5 3 0 2 5 5 3 4 1 4 5 0 0 3 3 4 2 0 3 1 0 5 1 4 3 3 5 3 0 3 2 2
   3 3 4 5 0 1 4 1 0 5 5 4 4 3 1 4 2 1 2 1 0 2 1 1 4 3 4 0 1 5 1 1 1 3 1
   3 0 2 3 4 3 4 5 1 0 0 5 2 3 2 5 3 0 3 5 3 4 1 1 1 2 5 1 0 1 5 2 2 5 1
   2 5 0 1 3 2 5 5 0 5 5 1 0 0 1 3]
  [0 5 0 1 1 5 3 4 1 0 4 0 4 0 1 5 2 4 5 4 1 0 2 2 3 4 4 1 3 4 3 1 1 2 4
   2 4 4 4 4 3 4 4 5 2 4 1 2 3 5 0 1 2 1 5 0 3 3 1 0 5 2 5 0 5 1 3 1 3 5
   2 2 3 0 5 1 1 1 5 3 1 5 3 2 1 4 3 0 3 0 3 0 2 5 4 3 3 3 5 0 5 2 3 4 2
   1 1 3 0 0 4 4 4 0 0 0 2 3 0 5 4]
  [0 1 5 3 1 5 5 0 1 5 1 5 0 1 1 1 5 5 5 0 2 1 0 1 2 2 4 4 3 5 2 4 3 3 1
   4 2 4 0 5 0 0 4 5 0 0 4 1 4 3 4 5 3 3 1 0 0 4 0 3 2 3 2 2 1 5 5 1 0 4
   4 2 3 0 3 1 1 0 0 4 5 3 5 1 0 0 4 4 5 2 5 4 5 2 3 2 5 4 0 4 0 5 3 0 5
   1 5 3 3 0 1 2 1 0 1 0 3 5 0 4 0]
  [0 3 1 5 0 3 5 2 1 5 2 2 0 1 3 4 1 4 1 5 3 1 0 3 3 3 0 0 1 4 2 5 0 1 3
   2 0 3 0 0 5 5 2 0 0 2 2 0 4 5 2 4 2 1 2 3 5 0 1 4 1 1 5 5 3 4 0 4 3 4
   2 2 5 1 3 4 5 1 4 2 0 4 5 4 2 4 2 5 1 2 5 1 0 5 1 2 0 2 3 0 1 0 3 0 2
   0 4 0 0 2 4 3 0 4 4 4 0 0 1 3 4]
  [0 3 1 5 0 5 2 0 4 3 4 4 0 0 5 5 3 0 1 5 3 3 2 1 3 0 2 4 2 1 1 2 5 0 4
   2 2 5 3 1 0 2 4 1 2 3 2 3 2 1 0 5 1 0 0 2 5 0 3 3 3 4 4 2 0 2 1 5 4 1
   5 4 4 4 3 5 5 4 4 1 4 1 1 2 1 3 2 2 3 2 5 0 4 3 5 4 3 0 3 4 3 2 0 1 4
   2 3 2 4 4 3 3 5 1 2 0 3 0 3 2 0]
  [0 3 1 0 5 0 3 4 0 0 4 0 4 0 1 5 5 4 0 4 4 3 0 1 5 2 5 3 0 3 5 1 5 4 1
   0 0 2 5 2 1 3 3 3 4 1 1 2 1 3 1 0 3 1 4 5 2 1 3 3 0 5 1 1 3 1 4 0 0 5
   3 5 1 1 4 2 5 2 1 3 4 1 0 2 0 3 0 0 1 4 5 1 4 4 5 1 0 0 5 5 0 3 5 0 5
   3 4 4 1 3 1 2 0 4 1 4 0 2 2 5 2]
  [0 0 1 5 4 2 5 0 1 4 1 3 2 0 3 1 5 3 5 5 4 2 1 5 2 2 3 2 2 4 0 1 5 2 0
   4 3 5 2 2 2 1 4 0 1 1 2 1 4 1 5 1 2 0 5 5 5 5 5 2 1 4 1 4 3 1 0 4 1 5
   5 3 1 0 5 3 5 0 4 1 4 1 0 0 0 0 4 5 0 3 2 4 5 1 0 4 0 2 1 4 3 3 4 2 0
   3 3 2 0 4 5 5 3 1 0 2 4 4 0 5 4]
  [0 2 4 1 3 4 3 1 5 4 0 3 4 0 2 3 1 1 4 1 4 1 4 3 3 2 3 4 4 1 3 2 1 4 3
   2 4 0 4 1 0 3 4 0 1 0 2 2 1 0 0 4 2 0 3 0 0 2 4 0 2 1 4 5 4 3 5 0 0 3
   5 0 0 2 5 0 5 3 0 1 3 4 5 1 3 1 1 4 4 1 4 2 0 5 2 5 0 1 2 2 1 0 3 2 0
   0 5 5 4 4 1 2 0 2 5 3 0 1 3 3 5]
  [0 5 1 3 4 1 0 5 0 1 2 1 5 2 1 2 3 0 1 5 5 3 2 4 3 4 2 5 0 4 2 5 2 1 4
   4 3 5 5 2 5 5 2 2 5 0 0 2 0 0 5 1 2 0 2 5 5 2 1 0 3 2 1 0 1 3 4 0 4 4
   2 2 1 2 4 4 0 3 5 4 3 4 3 2 4 1 0 2 0 3 4 2 3 4 2 4 0 5 5 1 2 2 5 2 5
   3 0 2 1 4 4 3 0 4 4 3 5 5 0 2 4]
  [0 3 2 0 1 1 1 2 1 0 1 4 5 0 1 4 2 5 1 3 2 5 5 1 2 3 0 0 2 3 5 5 1 5 1
   1 5 2 0 4 0 2 2 3 1 2 2 5 2 1 5 1 0 2 0 1 4 2 0 2 0 5 4 2 5 0 1 5 0 2
   1 3 1 1 2 0 1 0 0 0 4 1 5 5 4 4 4 5 3 5 0 2 4 1 2 2 2 2 2 2 1 2 1 0 4
   1 0 0 2 1 4 5 5 5 5 3 5 1 5 4 1]
  [0 2 1 2 3 3 2 4 5 0 2 5 5 0 2 0 2 5 3 5 5 4 3 3 0 2 3 5 2 1 1 5 3 5 3
   2 4 0 3 2 4 2 5 2 5 1 5 5 5 5 0 0 3 3 0 5 4 0 5 5 4 2 2 2 1 0 0 4 4 4
   2 4 2 3 1 4 5 4 4 5 1 5 5 3 1 4 3 0 0 4 2 2 3 2 0 0 2 5 3 4 3 3 1 2 3
   3 5 4 0 0 4 0 5 0 1 1 2 1 3 2 2]
  [0 0 5 0 4 2 3 1 2 2 3 5 0 0 1 1 4 0 1 0 5 4 4 3 3 5 3 0 5 1 2 2 3 3 2
   2 4 2 0 3 1 4 4 1 5 1 0 4 2 4 4 1 5 4 2 4 1 3 1 5 3 2 3 5 2 4 1 5 3 1
   4 1 0 3 0 1 1 0 0 1 4 4 0 5 2 1 4 0 3 5 1 4 4 4 4 4 4 0 1 0 5 4 1 1 4
   1 5 2 2 0 0 3 0 2 5 0 3 3 1 5 5]
  [0 0 2 4 2 2 2 5 3 1 5 5 5 1 3 1 2 2 3 0 4 0 3 2 5 0 1 5 3 4 2 3 5 4 1
   5 1 2 3 2 2 4 0 4 0 3 4 1 4 3 3 2 5 2 2 1 5 4 1 5 5 2 1 2 2 3 2 4 5 3
   0 4 5 5 2 1 5 2 1 2 5 0 2 0 5 0 1 1 2 3 5 2 1 5 2 5 5 2 0 3 0 5 0 4 5
   1 4 1 0 5 0 0 5 3 0 2 1 4 5 5 5]
  [0 0 5 3 3 1 1 2 2 4 3 3 3 2 0 5 5 4 0 2 5 2 5 2 1 5 3 3 1 4 1 2 0 4 5
   0 2 2 3 0 1 0 1 5 4 0 3 3 1 2 2 5 2 4 3 5 3 5 3 0 4 5 5 1 5 4 3 2 0 3
   0 4 1 4 2 0 1 2 0 0 4 3 4 1 2 5 2 1 4 3 5 3 5 4 1 5 3 2 3 3 4 1 1 3 4
   2 4 0 2 3 5 0 0 5 3 0 0 4 5 3 0]
  [0 2 0 0 0 5 2 0 1 2 5 3 0 0 0 3 1 3 0 2 2 4 3 2 2 2 3 4 4 4 1 0 4 4 1
   0 4 2 1 4 1 4 1 1 1 1 3 2 1 5 0 0 0 2 3 1 0 4 4 1 1 4 1 3 0 3 5 4 1 1
   5 1 1 3 3 0 0 3 0 2 4 2 1 0 1 2 5 1 4 0 3 0 3 3 5 1 4 3 2 1 4 1 4 5 4
   1 1 1 5 0 1 2 0 5 2 4 5 4 0 1 4]
  [0 5 4 4 2 2 4 1 1 3 3 0 5 2 5 2 3 4 3 2 1 5 1 3 0 3 5 5 0 1 5 5 0 5 3
   0 0 5 3 0 5 2 2 4 1 4 2 1 1 3 4 5 3 1 5 3 0 1 4 0 2 2 2 3 4 1 3 5 5 1
   3 4 1 1 0 0 0 1 3 5 4 0 0 1 1 5 3 0 2 0 5 2 0 0 4 4 1 5 0 1 4 2 4 0 4
   2 0 5 1 4 5 0 0 0 1 1 4 1 5 0 0]
  [0 4 5 1 5 3 2 5 0 3 1 3 2 5 2 5 2 4 1 0 4 4 4 5 2 3 5 1 4 0 1 4 3 4 2
   2 1 1 4 2 0 1 0 2 0 0 5 5 3 2 2 2 5 2 1 3 0 1 1 2 4 3 3 0 1 3 3 2 0 0
   0 4 5 2 3 4 5 3 3 5 1 1 3 4 4 2 3 1 0 0 2 4 5 4 0 3 1 5 1 1 4 0 4 2 4
   4 1 0 3 0 4 3 5 2 0 3 5 2 2 5 1]
  [0 2 0 5 5 1 0 4 0 2 4 5 5 1 5 3 5 3 4 0 3 0 2 4 4 1 1 1 2 2 1 4 5 1 3
   3 5 1 3 0 0 5 1 5 1 5 1 0 2 3 1 1 1 4 5 5 3 3 0 1 1 5 2 0 0 2 4 4 2 2
   5 3 3 3 5 3 2 5 3 1 5 5 5 0 4 2 3 0 0 4 3 5 3 2 1 5 5 3 3 5 4 2 3 5 0
   2 4 0 2 3 1 1 1 3 1 0 5 1 1 4 5]
  [0 1 1 1 1 1 1 5 0 5 4 0 3 0 0 4 2 1 4 3 3 4 1 0 3 4 0 0 4 2 5 0 3 2 4
   0 4 2 4 5 4 3 5 3 1 5 5 0 4 1 5 3 4 1 5 3 0 3 0 0 1 0 0 3 5 4 4 1 2 5
   2 2 2 2 2 3 1 1 5 1 1 2 4 0 4 2 0 0 0 4 4 5 3 3 5 0 1 0 3 0 5 0 5 1 0
   1 0 3 2 3 5 2 5 2 1 3 0 5 0 5 5]
  [0 4 4 0 3 3 5 4 3 3 3 1 5 4 5 1 4 0 3 2 0 2 3 4 1 2 5 3 1 5 4 0 1 1 1
   2 1 1 4 3 0 2 1 0 5 2 0 2 4 1 4 4 1 1 2 4 0 2 0 0 0 0 4 5 0 3 5 2 3 2
   4 4 5 1 1 4 5 4 3 3 1 1 4 5 5 3 0 5 0 5 4 1 5 0 2 1 1 3 1 1 5 3 5 1 4
   5 0 0 3 1 5 0 0 2 0 2 0 0 3 5 2]
  [0 5 3 5 3 4 3 1 1 1 3 5 0 3 3 5 5 3 1 2 4 3 0 1 4 3 3 3 5 3 5 1 1 4 3
   1 1 2 4 1 1 3 0 1 2 4 3 5 2 1 0 1 5 5 3 0 5 5 5 2 5 5 1 3 4 5 3 0 5 4
   2 2 1 4 0 5 1 3 4 0 0 4 5 2 1 0 5 3 1 1 0 2 1 0 5 2 1 2 0 3 1 4 2 5 3
   5 3 2 4 1 5 1 2 5 0 3 0 0 0 3 4]
  [0 4 4 5 1 4 0 0 1 0 5 0 0 5 1 1 5 3 2 0 0 5 5 3 0 5 0 0 4 5 3 4 5 4 1
   1 5 2 3 2 3 2 0 3 3 4 5 5 0 4 1 0 0 2 5 4 2 3 1 4 2 1 2 3 0 2 3 5 3 3
   0 3 2 1 4 1 1 1 3 5 1 2 1 1 0 2 5 0 4 2 0 4 5 4 0 2 1 1 4 4 3 5 2 0 4
   2 3 1 0 3 4 3 1 3 5 5 3 2 5 0 4]
  [0 5 4 4 2 1 3 5 2 2 5 2 4 0 0 1 3 3 0 0 5 1 5 3 5 4 4 1 0 3 4 4 4 0 1
   1 1 2 0 4 2 1 2 4 1 2 5 0 0 2 4 1 5 4 5 2 1 4 5 2 1 2 2 1 5 4 4 3 2 5
   1 3 2 3 3 3 2 1 3 1 2 2 1 0 0 5 2 3 4 0 2 0 5 3 0 5 2 3 5 4 2 1 4 2 0
   5 2 0 4 3 4 1 3 4 5 2 2 4 4 4 0]]

 [[0 3 0 5 5 1 4 5 1 1 2 0 1 4 1 1 1 0 5 2 0 2 0 1 1 5 4 1 5 0 4 0 1 0 5
   4 3 2 0 3 0 3 1 2 3 5 0 3 4 0 1 5 5 1 4 2 3 5 0 1 2 2 2 1 5 4 1 4 1 4
   4 4 0 3 2 3 4 1 1 2 4 4 5 0 5 2 4 5 3 0 2 3 2 1 4 3 0 5 4 2 5 5 4 1 3
   5 2 5 0 0 4 4 2 0 3 2 4 5 3 4 0]
  [0 0 2 0 3 5 4 3 3 5 0 3 1 0 2 4 0 0 3 2 3 4 5 4 5 2 4 5 2 5 5 4 0 2 1
   5 0 2 1 2 4 0 3 2 1 3 2 5 1 0 2 5 5 0 1 1 1 3 2 3 4 0 3 4 3 5 3 5 4 4
   1 5 3 1 4 3 2 0 3 3 1 5 4 2 4 0 3 3 2 2 1 2 2 1 5 3 0 1 0 2 3 0 2 0 0
   5 2 1 2 2 2 1 4 3 4 5 1 1 0 5 4]
  [0 3 0 0 2 2 1 1 3 1 4 0 0 4 1 1 5 3 1 2 4 2 4 3 0 2 2 2 5 0 5 4 5 0 4
   1 5 3 4 3 2 1 4 3 0 5 2 0 4 3 1 3 1 1 1 3 1 4 2 3 5 0 1 5 3 0 2 2 3 1
   5 3 1 2 0 1 5 3 1 0 1 4 4 0 3 2 5 4 5 0 4 2 5 2 5 3 0 3 1 3 5 5 0 5 2
   2 3 1 0 1 2 0 5 1 3 0 4 0 2 2 0]
  [0 0 4 0 3 5 3 1 0 3 1 5 0 4 4 1 5 3 1 1 0 1 5 3 4 5 3 3 0 3 3 0 3 2 4
   2 0 5 5 0 4 1 2 0 2 3 4 3 4 5 3 5 4 2 0 1 3 4 0 2 1 3 4 4 2 5 4 1 4 5
   2 0 3 2 1 5 2 2 2 3 0 1 2 0 3 4 0 5 2 0 2 2 2 4 5 3 3 5 0 1 1 0 5 3 2
   1 0 0 4 4 0 4 1 2 1 1 5 5 0 1 2]
  [0 4 3 2 0 4 4 5 3 2 4 5 5 0 1 3 5 0 5 5 4 5 4 3 3 1 0 4 5 1 3 1 2 3 3
   0 0 0 5 4 0 5 3 4 1 4 1 2 5 5 0 3 1 4 3 3 1 5 1 5 1 1 1 5 3 3 0 3 3 3
   3 2 4 4 2 5 0 0 0 2 0 3 2 2 5 0 3 5 2 5 4 4 2 4 5 2 5 3 4 4 3 2 2 2 1
   0 1 0 4 5 2 3 4 3 5 3 3 1 4 4 3]
  [0 1 1 2 3 0 2 2 1 4 1 0 5 1 0 5 4 4 5 1 1 5 3 2 1 5 5 2 4 5 5 1 5 3 0
   4 0 0 2 4 3 1 1 4 4 0 2 5 5 3 2 2 1 0 0 1 3 3 4 5 2 4 4 2 3 2 5 3 4 0
   0 3 2 2 5 1 3 1 3 3 4 1 1 3 3 1 4 1 4 4 3 5 4 1 0 2 3 2 1 1 3 4 1 0 4
   1 3 0 4 2 0 1 4 0 2 3 4 1 5 5 0]
  [0 3 2 0 4 4 0 0 0 5 1 1 1 4 5 1 0 0 3 4 2 5 2 1 1 5 4 1 5 4 0 5 3 5 1
   2 0 0 1 1 2 2 4 5 0 1 0 5 3 3 2 4 0 0 2 1 4 3 3 3 1 4 1 1 1 5 5 2 3 2
   0 5 5 2 1 1 5 0 3 4 5 2 5 3 3 1 1 0 2 1 5 2 2 3 4 0 4 4 0 1 0 3 1 1 1
   2 2 2 5 4 3 5 3 3 4 5 2 3 0 2 0]
  [0 3 1 1 2 3 5 0 3 0 2 0 4 0 2 0 0 3 5 2 0 1 5 4 5 2 1 0 2 0 5 5 4 2 1
   0 5 5 1 1 3 5 4 4 3 1 0 4 5 3 5 3 5 5 0 2 0 1 1 3 0 4 5 5 4 2 5 1 1 1
   0 1 4 3 5 0 2 3 5 2 4 0 1 1 4 2 5 5 5 3 2 4 5 2 2 0 2 3 5 3 3 5 4 5 5
   2 3 1 2 2 5 2 0 4 0 0 0 4 5 4 4]
  [0 1 5 5 5 4 0 4 0 2 5 2 0 2 3 3 3 0 4 1 2 2 5 4 5 0 2 1 3 2 0 1 4 5 2
   1 5 0 2 3 5 1 2 3 4 0 5 3 5 4 0 1 5 3 2 0 5 0 2 3 2 5 0 0 4 5 0 1 5 1
   1 3 0 4 3 3 5 2 5 0 2 5 4 4 3 0 3 1 2 5 1 1 4 4 5 2 5 3 4 2 0 3 1 5 0
   4 5 5 5 1 4 1 0 3 2 4 0 5 5 4 0]
  [0 5 1 5 2 1 4 1 0 0 1 0 3 5 1 1 4 1 1 2 1 3 5 0 0 4 3 2 1 3 4 3 4 3 3
   2 1 4 1 2 3 3 4 0 4 5 4 4 0 0 4 1 0 0 3 4 3 1 4 1 5 0 2 4 2 3 3 2 4 5
   1 2 5 5 4 2 0 3 4 0 2 1 2 4 0 3 0 1 2 5 0 0 4 2 3 3 3 1 1 4 0 2 2 2 0
   4 5 2 4 4 4 5 4 2 3 3 2 2 2 4 4]
  [0 3 5 0 1 1 1 0 1 4 0 5 1 5 5 1 4 5 2 5 2 4 1 0 5 5 2 4 0 0 0 3 5 0 5
   3 0 3 5 4 4 3 4 0 1 4 0 5 2 4 5 5 3 4 4 4 2 3 1 4 0 3 2 2 2 4 2 0 4 5
   4 5 4 3 0 5 1 0 2 3 4 2 2 1 1 1 1 2 2 0 5 4 0 1 1 2 2 3 3 0 3 2 3 1 0
   4 2 0 4 5 3 0 2 1 0 2 3 0 5 2 1]
  [0 2 1 1 0 0 0 2 2 2 3 0 2 5 3 2 4 0 5 0 0 1 2 0 3 3 4 2 2 1 0 5 1 5 1
   3 1 4 5 3 3 4 3 1 4 2 1 0 4 1 2 3 4 2 1 2 2 0 3 0 2 3 1 2 1 5 0 4 3 3
   1 3 0 3 5 5 2 5 0 5 1 2 3 4 2 1 2 5 3 5 5 3 2 5 5 1 0 2 1 3 5 0 0 5 2
   3 2 3 4 4 0 4 2 5 4 4 2 1 1 5 5]
  [0 5 0 2 3 5 5 1 3 5 3 3 0 2 1 3 4 3 2 4 4 5 4 3 1 4 0 0 5 2 3 1 3 5 5
   5 2 0 0 5 1 0 0 4 2 1 4 1 4 0 3 5 3 2 4 0 3 4 5 4 1 5 5 3 1 4 0 5 4 0
   1 3 1 0 0 0 0 4 0 3 1 0 3 0 0 1 5 5 2 5 5 1 5 2 0 5 2 2 3 2 4 1 2 1 3
   0 1 1 1 5 0 3 0 2 3 3 0 2 1 0 2]
  [0 1 3 2 1 5 3 5 4 5 3 5 0 0 5 2 5 2 3 5 4 4 3 5 0 5 2 0 2 0 3 5 2 1 1
   1 2 0 2 1 2 2 3 0 2 2 5 2 3 2 1 2 0 1 0 1 0 1 2 3 3 5 5 2 5 2 0 3 5 5
   3 1 0 4 4 4 0 3 1 3 0 3 3 4 1 1 4 4 1 1 2 0 1 0 2 4 3 2 5 1 4 2 1 5 2
   5 5 3 1 5 3 4 5 3 2 1 3 2 2 4 5]
  [0 2 0 1 0 0 3 5 0 4 0 4 5 3 0 5 1 2 4 3 1 0 2 2 4 3 0 5 4 4 0 1 2 5 3
   3 0 3 4 3 2 2 3 5 4 4 5 1 1 2 5 4 4 0 2 2 4 3 0 5 0 5 0 3 0 5 2 1 1 1
   4 4 4 5 3 0 5 3 5 5 1 4 4 4 1 2 3 4 2 5 1 0 2 3 1 1 3 3 5 0 0 5 0 5 1
   3 3 4 3 4 4 4 1 1 1 4 3 5 1 3 1]
  [0 3 5 5 1 1 2 1 4 0 2 4 2 3 1 0 5 2 1 2 5 4 2 3 4 3 5 4 2 5 4 0 0 0 3
   0 0 1 4 2 5 5 5 1 1 0 2 1 1 1 0 4 3 1 3 3 5 0 1 4 1 1 1 3 4 0 1 5 3 1
   5 3 5 4 5 1 5 5 1 3 0 0 2 1 1 5 0 0 2 5 5 0 5 0 3 2 1 1 4 4 1 3 3 5 2
   4 5 0 3 1 1 3 1 1 5 4 2 1 0 4 3]
  [0 0 3 2 4 5 5 1 0 0 1 4 2 3 1 1 0 2 0 3 4 1 2 1 1 2 4 5 1 5 3 5 4 0 2
   5 5 3 1 5 2 2 2 3 3 0 5 3 1 2 3 2 1 0 0 2 4 1 3 0 0 3 4 1 3 2 0 2 1 5
   0 1 1 3 3 5 3 1 3 0 1 5 5 2 5 4 1 4 5 4 4 1 0 3 3 4 5 2 3 2 1 3 1 2 4
   3 2 2 1 0 5 5 0 4 1 3 3 3 2 1 2]
  [0 3 2 0 3 1 1 5 3 0 1 1 3 3 2 1 5 0 0 1 2 4 3 0 1 0 4 5 4 5 5 3 0 2 4
   0 5 2 2 2 2 4 2 4 3 3 5 2 2 3 3 3 1 1 0 3 0 2 1 2 2 4 3 0 5 1 4 0 3 4
   1 4 1 5 5 4 3 5 0 1 1 0 0 3 3 4 3 4 1 0 0 5 2 3 5 2 0 0 2 4 5 5 4 3 0
   1 3 1 4 3 0 1 1 3 4 0 1 3 2 0 4]
  [0 4 0 5 5 1 0 3 1 3 0 0 4 1 2 5 0 2 0 4 4 1 2 1 3 5 2 5 4 1 0 0 1 4 0
   0 4 5 0 4 4 1 4 3 5 2 4 4 4 4 5 3 2 2 5 0 3 4 3 4 3 1 2 4 0 4 4 3 2 4
   4 5 5 1 4 5 2 4 2 3 0 4 4 3 3 1 3 0 5 1 3 3 4 4 2 4 2 4 2 4 2 1 5 5 0
   5 1 1 1 2 1 3 1 4 5 0 4 4 5 3 2]
  [0 4 2 3 0 5 5 1 3 5 5 5 2 1 2 4 2 0 1 0 3 3 2 1 0 0 0 1 0 1 3 2 4 5 2
   0 3 1 4 3 4 2 4 1 1 5 0 2 1 3 2 1 5 2 3 4 5 1 3 5 5 5 4 2 4 1 3 1 1 3
   2 2 3 0 2 2 1 0 1 2 1 4 0 2 1 3 0 4 3 1 5 1 2 3 4 0 3 5 3 2 3 2 2 1 1
   2 4 1 2 5 4 1 0 3 2 2 5 1 5 5 5]
  [0 3 5 4 5 4 5 2 3 3 3 1 5 0 3 5 1 1 5 2 0 5 4 4 5 2 0 4 1 3 3 5 2 3 5
   3 4 3 1 2 2 1 4 1 2 2 5 5 4 1 3 5 1 2 2 0 0 1 3 4 1 4 5 3 3 1 3 0 4 2
   4 2 5 4 1 0 0 3 3 3 3 1 3 5 1 1 5 5 1 4 1 1 4 0 5 4 0 1 3 4 0 4 5 2 2
   0 5 0 1 2 0 4 4 2 3 0 2 4 1 3 5]
  [0 5 5 1 3 5 4 3 4 0 1 1 0 2 3 4 4 4 5 1 5 0 3 2 1 3 5 0 1 3 5 3 1 1 1
   5 1 4 3 4 1 1 4 2 5 1 3 1 0 4 5 2 1 4 5 4 3 2 3 2 0 5 1 2 5 0 2 0 1 5
   5 0 4 2 3 3 3 5 4 0 3 4 0 5 4 1 3 1 4 0 1 2 1 4 2 3 5 1 0 3 4 0 1 3 0
   2 4 1 4 2 1 0 0 2 2 0 2 5 3 3 4]
  [0 3 0 0 4 3 5 5 2 2 3 1 3 4 0 5 1 3 4 4 3 1 0 2 1 4 2 1 3 0 4 4 4 4 0
   3 2 1 0 1 3 5 1 5 2 2 2 3 5 3 0 1 1 4 4 5 3 1 4 3 0 0 0 5 0 5 3 2 1 1
   5 1 5 2 0 0 1 1 1 5 3 2 0 3 0 0 2 2 1 0 0 3 1 1 1 0 5 2 3 5 2 2 4 3 3
   4 5 4 0 0 0 4 2 3 5 5 3 3 4 5 5]
  [0 3 4 1 3 2 1 1 1 3 4 5 0 3 2 5 3 2 5 2 4 4 3 0 1 4 0 2 4 1 0 1 3 4 3
   5 3 3 2 2 4 0 0 2 1 5 0 5 3 0 0 3 0 2 0 4 4 4 4 0 3 4 3 3 5 3 0 0 3 5
   0 5 0 0 2 5 1 1 2 0 4 2 3 1 5 0 5 0 3 1 4 5 4 5 4 0 4 5 0 5 2 0 4 5 4
   4 5 4 3 5 4 3 0 2 2 0 3 5 0 1 5]
  [0 5 0 0 3 2 0 0 0 3 1 4 4 4 4 1 0 1 3 0 2 2 3 4 0 1 0 4 0 4 1 0 5 2 3
   1 3 4 4 2 4 5 3 4 4 4 3 2 2 1 5 2 3 3 1 2 3 1 1 4 3 1 0 4 5 2 1 0 1 1
   1 2 3 3 5 1 4 0 1 0 0 2 2 5 0 0 1 2 0 4 5 4 2 0 1 1 2 4 0 0 4 0 1 2 4
   3 0 3 5 3 4 4 3 5 1 2 1 3 1 0 3]
  [0 4 5 1 3 5 1 0 1 5 1 4 3 4 0 1 0 0 0 2 1 5 1 3 3 0 5 1 5 3 0 5 1 4 1
   1 1 5 4 4 4 1 5 4 4 5 3 5 0 4 0 4 5 3 3 0 5 3 0 3 4 3 1 0 1 5 1 4 5 5
   2 4 2 3 0 4 3 5 4 1 0 4 0 1 1 2 4 2 3 0 5 3 2 3 3 4 5 1 0 5 3 4 0 3 0
   1 5 3 1 4 0 2 4 4 3 2 0 3 3 0 3]
  [0 0 2 5 1 3 1 4 2 5 5 5 1 1 3 5 4 0 1 2 1 4 1 2 2 1 0 1 2 5 0 3 2 0 5
   4 0 3 2 4 5 3 4 4 5 0 1 5 5 3 1 3 2 3 1 3 5 2 4 2 1 1 2 1 5 4 1 4 0 3
   2 0 1 0 3 3 4 0 2 3 3 0 5 5 4 3 2 0 0 5 2 2 3 4 2 0 5 5 1 0 5 1 0 5 2
   2 2 5 1 0 3 3 2 0 2 3 0 1 2 2 4]
  [0 1 3 4 0 2 5 5 5 5 3 1 4 2 4 1 3 0 3 4 0 2 4 1 5 1 5 0 2 3 1 3 0 1 2
   2 3 2 2 3 1 4 3 5 3 2 0 5 3 4 4 1 2 3 1 3 5 0 4 3 1 1 1 1 1 1 5 0 1 1
   4 4 4 2 3 2 2 3 3 3 1 1 1 2 5 5 0 0 2 1 2 0 3 1 0 5 0 5 2 2 3 0 0 5 4
   5 4 3 5 1 3 0 5 0 0 4 2 2 2 5 3]
  [0 3 0 2 5 1 5 0 3 3 4 5 4 4 5 5 0 2 5 1 1 5 4 4 3 5 4 2 0 5 1 1 4 1 3
   5 0 5 0 2 5 4 1 5 0 4 3 2 3 1 4 5 1 4 4 5 4 2 5 2 5 1 5 5 0 0 0 4 1 4
   3 0 3 3 4 2 1 0 5 4 5 1 4 1 1 4 2 0 1 3 0 3 0 4 5 2 2 2 3 4 1 2 3 5 0
   2 4 1 4 2 2 0 0 5 3 1 2 5 4 0 2]
  [0 3 0 5 3 1 5 5 4 1 3 4 1 4 3 0 0 0 4 5 3 1 4 3 3 4 0 5 1 0 2 1 3 3 0
   1 5 5 5 2 1 3 0 1 4 1 0 4 0 4 5 3 4 1 2 2 5 0 5 5 5 1 5 1 3 2 4 1 4 5
   3 1 1 4 0 4 4 2 5 2 4 2 2 3 2 1 0 5 5 2 2 0 4 2 0 3 5 0 3 0 4 3 3 3 5
   0 0 5 4 2 5 3 1 2 3 0 5 0 5 4 2]
  [0 2 3 5 1 3 2 2 2 1 0 1 4 2 4 0 2 3 5 2 0 5 1 3 0 4 5 5 0 5 0 3 0 5 0
   0 0 2 5 1 5 0 3 2 4 0 5 0 2 5 5 0 5 1 4 1 5 1 2 4 3 1 1 2 4 0 4 1 1 5
   0 2 4 3 3 2 1 1 0 5 5 2 1 4 4 0 2 0 5 3 5 1 0 1 2 5 2 0 1 5 2 1 4 1 3
   0 5 2 4 4 5 3 2 0 1 0 0 4 1 5 2]
  [0 5 4 5 4 3 3 5 5 4 2 4 2 5 1 5 0 3 2 1 0 0 3 4 4 3 2 0 5 0 1 0 1 5 0
   1 5 4 0 1 4 4 1 4 1 0 4 4 0 5 0 2 0 2 0 5 5 2 3 0 4 4 0 4 0 4 5 3 2 4
   0 3 0 5 5 1 3 5 0 2 3 3 5 1 3 1 2 1 0 2 4 4 2 0 0 4 1 3 3 5 3 4 0 4 3
   0 0 3 2 2 1 3 3 5 5 4 4 1 3 3 2]
  [0 2 2 2 1 0 5 1 1 0 5 0 5 4 0 0 1 2 2 3 4 2 4 5 1 1 5 2 0 3 2 5 0 4 1
   2 2 5 3 1 2 5 2 3 0 3 5 4 1 0 4 5 4 0 4 5 4 0 4 0 1 4 3 5 3 1 1 3 0 5
   5 4 4 1 2 5 0 1 2 0 4 2 2 3 5 2 1 1 2 3 2 3 4 0 0 3 3 0 2 4 1 4 0 0 5
   4 5 3 5 5 1 3 0 3 2 3 0 2 5 4 2]
  [0 0 2 0 1 5 2 1 0 4 4 2 0 5 4 5 3 2 5 4 0 1 4 3 0 4 2 1 4 5 0 0 0 0 1
   5 5 4 5 1 4 0 5 4 3 3 5 2 2 0 2 2 5 0 5 2 5 4 3 0 1 4 5 5 4 4 5 0 5 1
   3 2 2 5 0 1 3 0 0 1 0 4 2 1 4 2 1 4 0 1 3 2 4 1 1 2 0 2 5 1 4 3 2 5 3
   5 2 5 3 5 2 1 0 3 2 1 4 0 4 0 2]
  [0 3 3 1 2 0 1 3 2 4 5 3 0 0 3 4 4 1 3 5 5 3 1 1 5 1 5 3 1 4 1 4 5 4 0
   0 0 5 0 5 3 4 5 0 4 2 4 1 4 3 5 3 2 3 1 1 2 2 1 3 2 5 5 2 5 1 3 3 0 2
   4 1 3 4 3 2 2 4 1 3 0 2 3 2 1 3 2 4 1 1 1 2 1 0 0 0 1 3 1 4 4 4 2 4 4
   5 2 5 4 2 3 2 3 3 4 5 1 0 0 5 5]
  [0 4 0 1 3 3 5 2 4 3 2 2 2 2 2 3 1 0 1 1 3 2 2 2 5 3 5 2 5 3 5 5 0 0 4
   0 2 5 1 1 1 3 1 5 2 3 0 1 2 3 0 3 1 1 1 0 4 4 2 2 4 0 5 1 1 0 1 4 2 3
   1 4 1 3 4 1 5 1 4 3 0 0 3 3 0 2 2 4 0 3 3 5 0 2 5 1 2 1 4 1 4 2 4 2 2
   0 0 1 5 2 0 0 3 4 3 0 3 4 3 2 3]
  [0 4 2 5 1 5 2 2 0 0 1 4 4 0 4 0 4 1 4 2 0 4 0 4 4 3 3 2 4 2 1 0 2 4 4
   2 0 0 4 4 0 1 4 1 3 5 3 0 3 4 0 2 3 3 2 1 2 1 4 0 3 2 0 5 4 3 5 5 4 2
   5 3 1 1 1 4 1 4 5 4 1 3 1 2 1 0 5 3 4 2 3 3 2 2 3 0 0 4 0 2 2 3 3 1 1
   0 0 4 1 0 5 3 5 2 0 3 2 5 1 3 1]
  [0 4 1 5 2 3 0 0 3 1 4 2 3 0 2 0 2 4 1 4 0 3 5 0 3 1 1 2 5 5 2 4 0 1 3
   5 3 0 1 4 1 4 1 3 1 2 3 1 5 1 4 1 1 0 1 5 0 4 3 4 3 0 0 1 2 3 2 4 4 4
   0 5 0 3 0 4 1 4 0 4 4 1 0 3 4 5 2 3 1 2 4 3 5 3 0 1 2 1 3 4 4 2 5 2 0
   0 5 5 0 4 5 3 0 2 1 0 2 2 4 4 5]
  [0 3 1 2 1 1 5 1 5 0 3 0 5 0 3 0 1 5 4 0 3 3 1 5 2 1 1 0 2 4 2 3 0 5 2
   5 0 3 0 4 0 3 0 2 3 5 4 4 2 5 2 5 5 3 5 1 2 2 5 0 2 3 0 1 4 4 2 1 5 3
   3 0 1 1 4 4 2 5 1 5 1 0 1 1 2 3 5 4 5 4 1 2 1 3 0 5 4 0 2 5 4 2 0 2 0
   4 1 1 0 0 5 5 2 1 4 3 3 4 2 0 2]
  [0 5 3 1 4 3 4 4 0 5 3 1 4 1 4 4 5 5 4 3 4 3 0 1 0 1 3 5 5 3 3 5 3 0 4
   5 0 1 1 0 0 5 3 4 5 2 0 2 5 1 3 4 0 1 1 4 0 4 2 4 5 1 5 2 2 3 4 2 3 5
   4 2 1 4 3 4 5 5 3 0 4 5 2 1 5 2 5 5 2 2 0 3 5 3 3 5 0 1 5 1 1 0 1 5 5
   4 0 2 5 4 2 5 5 4 5 1 0 3 4 3 0]
  [0 0 1 0 1 2 2 0 1 1 1 4 4 1 0 3 1 3 3 3 5 5 3 3 2 5 1 5 5 2 1 1 2 1 2
   2 5 0 2 0 0 3 5 1 1 3 2 2 2 3 3 3 2 5 4 1 5 1 2 0 3 4 4 0 4 3 0 5 4 2
   3 0 3 2 5 0 4 3 2 1 0 0 0 5 3 3 1 3 3 2 1 2 4 5 5 4 5 0 3 1 2 0 1 2 4
   5 0 1 4 3 0 5 0 5 0 3 1 2 3 2 5]
  [0 4 3 1 5 0 1 1 5 2 5 5 5 4 1 2 0 2 0 0 1 5 5 2 4 1 5 2 0 1 4 2 3 4 0
   3 4 2 5 2 2 0 1 2 0 2 1 1 1 3 3 1 2 1 4 5 0 0 5 3 1 0 2 2 0 0 5 2 2 2
   0 2 1 3 2 2 1 4 5 4 5 0 3 1 5 3 5 4 2 5 1 2 5 1 5 5 5 3 3 4 2 0 3 3 5
   0 0 3 3 1 0 5 4 0 2 1 1 5 0 5 1]
  [0 5 2 5 1 5 1 1 1 1 1 2 3 0 0 1 2 4 1 5 0 2 2 0 5 1 4 0 3 3 5 3 0 1 5
   5 1 1 0 0 1 2 0 0 0 1 3 0 1 1 0 3 0 5 1 3 2 2 1 2 1 4 0 0 2 1 3 4 1 1
   0 0 3 3 4 4 2 2 0 2 1 0 3 2 5 0 0 1 2 3 4 4 4 4 1 1 1 2 4 5 5 2 3 1 4
   4 0 0 4 5 3 2 0 4 2 4 1 5 3 1 0]
  [0 0 1 1 4 1 0 5 4 3 5 4 0 3 5 0 4 5 5 1 1 0 1 3 4 5 5 3 5 2 3 2 1 4 0
   4 4 5 2 3 5 4 0 0 5 5 4 1 1 0 4 0 0 0 3 2 4 3 3 0 3 0 0 0 3 5 2 0 3 4
   4 5 2 0 1 5 1 3 1 2 3 2 4 4 2 0 0 3 5 1 1 5 0 3 0 5 1 3 3 4 3 2 5 3 4
   3 5 5 0 1 5 4 2 3 0 5 1 1 0 4 1]
  [0 1 5 5 4 5 5 1 0 2 1 3 4 4 2 5 1 5 5 2 3 5 0 4 0 2 2 0 1 5 3 3 3 5 2
   5 4 5 3 5 5 0 0 3 0 0 0 5 0 3 3 0 1 2 5 1 4 0 4 4 3 0 5 2 3 0 5 4 1 4
   5 3 2 3 0 1 4 2 2 0 5 5 1 4 0 3 0 3 0 5 4 2 1 1 3 2 0 4 0 1 1 2 4 4 5
   3 4 0 3 2 3 4 3 3 3 3 1 3 5 1 4]
  [0 4 0 0 3 5 5 5 4 5 4 1 4 3 5 1 4 5 3 0 4 3 3 5 5 0 4 5 1 0 4 2 2 5 1
   0 1 5 0 3 1 2 0 4 5 0 4 0 5 0 4 3 3 4 1 4 2 2 3 3 5 0 0 4 1 4 2 2 5 3
   3 5 0 3 4 0 0 2 0 0 0 3 2 0 0 3 5 0 3 3 0 5 2 2 4 2 2 2 2 5 4 1 5 1 1
   3 2 4 2 1 1 2 0 2 5 3 1 5 5 3 3]
  [0 5 4 0 1 2 4 1 1 2 4 5 1 0 4 3 0 3 0 4 0 2 4 0 1 3 2 1 5 2 2 0 1 0 5
   1 4 2 1 5 0 2 2 0 5 1 0 2 0 4 2 4 0 3 2 4 0 5 0 0 4 2 5 1 3 1 1 1 5 3
   2 0 2 5 2 5 1 3 5 0 0 1 3 0 5 1 2 1 4 0 5 4 3 4 1 2 3 5 5 3 1 0 5 0 0
   4 5 3 3 0 2 0 2 1 3 1 4 3 4 2 0]
  [0 4 2 4 4 4 4 0 5 1 1 0 1 2 4 0 4 4 5 5 5 5 0 0 5 5 5 5 1 5 1 3 1 5 0
   4 2 1 0 0 5 4 1 4 1 4 4 0 3 5 1 3 3 5 5 0 2 4 3 3 3 3 3 2 4 0 5 2 3 2
   4 0 2 5 1 1 4 3 4 1 2 0 5 5 1 1 5 1 1 3 2 3 5 1 0 4 2 2 2 3 0 1 5 2 3
   0 5 0 4 4 2 4 2 4 1 4 5 4 5 1 5]
  [0 0 3 4 4 0 2 2 4 1 2 1 2 2 0 1 2 0 1 2 0 0 2 5 4 4 5 4 0 4 0 0 2 2 4
   3 4 2 0 4 0 4 5 0 5 0 3 5 0 3 0 4 4 4 1 0 0 3 3 0 2 1 0 1 1 2 5 4 2 3
   1 1 2 0 5 3 3 4 5 2 4 0 0 3 2 3 1 0 5 4 5 4 1 3 2 1 2 5 4 3 4 0 4 0 3
   5 2 4 0 3 4 0 2 5 0 1 1 3 5 3 1]
  [0 0 5 4 2 4 5 5 2 4 2 0 5 5 3 5 5 0 5 3 3 2 1 1 0 0 5 1 4 4 1 2 3 1 3
   0 2 4 1 3 4 5 5 1 0 2 4 1 3 0 2 2 1 1 1 1 2 1 5 5 5 0 1 4 0 1 4 5 2 1
   5 5 5 4 5 5 3 0 3 4 0 5 4 4 4 5 5 1 5 3 5 4 3 3 2 2 0 5 3 4 4 1 0 5 1
   2 4 1 5 0 5 2 1 4 3 3 3 1 3 2 3]
  [0 0 5 4 0 4 0 2 1 4 3 5 2 0 1 5 0 1 1 5 0 1 0 4 3 0 0 3 4 1 4 0 5 5 1
   5 5 0 5 0 4 4 4 1 4 2 1 4 0 2 0 4 3 0 5 0 2 4 0 0 5 3 0 1 4 2 3 4 1 4
   4 1 2 4 0 3 1 5 5 4 2 5 3 0 1 5 4 2 4 1 5 0 0 1 4 2 3 4 0 0 3 2 0 0 0
   1 5 1 4 3 4 0 3 2 1 5 3 0 1 3 3]
  [0 4 2 2 5 2 5 3 1 4 4 3 5 0 1 0 1 3 5 5 1 1 4 5 3 4 4 1 1 0 5 0 5 4 0
   1 5 4 0 4 1 2 0 4 4 5 0 0 5 4 5 0 3 2 0 5 1 3 1 4 4 5 4 2 1 2 3 4 5 5
   0 1 3 3 0 3 2 0 1 5 4 0 5 3 1 0 2 3 3 2 2 3 3 4 2 0 3 1 3 2 4 4 3 5 4
   4 2 4 0 4 1 3 5 5 5 1 0 0 1 5 4]
  [0 5 1 4 4 1 0 3 5 5 2 5 2 1 0 2 2 2 2 5 5 5 5 5 3 3 0 0 3 3 2 3 3 5 4
   3 1 1 2 0 1 4 2 4 4 2 0 5 2 3 0 2 0 5 5 3 1 1 2 4 0 0 5 3 2 4 0 5 4 0
   0 5 5 2 3 4 0 4 0 4 0 1 1 2 4 2 1 5 2 5 2 4 5 2 5 3 3 3 0 3 3 4 0 2 5
   0 3 3 1 4 4 4 0 2 3 1 4 0 5 3 4]
  [0 2 4 3 1 3 3 3 2 2 1 4 3 0 2 1 3 3 3 2 1 0 1 5 0 1 3 2 5 2 5 0 0 5 5
   4 5 5 4 0 3 3 2 1 2 5 1 1 3 5 0 4 2 0 3 0 1 4 4 5 4 4 5 1 3 3 3 4 4 0
   5 5 1 1 4 1 2 4 3 3 5 1 4 1 2 3 0 2 2 1 3 4 0 2 5 2 3 2 4 3 3 4 2 2 1
   2 4 3 5 3 4 0 0 5 0 0 1 4 4 4 1]
  [0 3 4 3 2 1 0 5 5 2 4 1 3 2 0 5 0 4 0 1 2 0 0 0 1 1 2 5 5 1 0 1 5 3 4
   4 1 2 1 0 5 0 0 1 4 4 5 5 3 1 1 1 5 1 0 5 4 5 2 3 4 4 1 1 1 1 5 5 5 2
   1 2 4 3 4 0 1 1 1 1 3 0 3 2 2 4 4 1 4 1 4 1 4 0 2 1 1 3 3 3 0 1 4 2 0
   0 2 4 2 1 5 4 0 4 0 1 1 4 4 2 5]
  [0 0 4 2 2 5 0 4 4 5 1 3 2 2 2 3 2 5 3 2 3 1 3 3 0 5 2 0 2 2 3 5 4 0 1
   5 1 4 2 3 4 1 2 1 5 4 4 5 4 2 1 4 0 2 5 0 1 0 5 0 2 4 3 4 0 2 1 0 4 2
   3 0 4 4 3 4 0 1 2 3 2 2 1 0 4 1 4 3 3 5 3 0 2 0 5 3 0 2 3 3 4 1 5 4 2
   4 3 2 3 0 4 2 3 1 5 1 0 1 1 2 4]
  [0 2 2 2 4 1 3 0 0 1 3 5 5 1 0 1 1 1 1 2 2 0 3 5 2 1 3 2 1 5 5 3 2 3 4
   2 4 0 2 3 3 4 2 5 4 0 5 5 5 4 4 4 2 3 5 0 0 2 2 2 5 1 2 4 5 1 0 4 0 3
   2 5 1 5 1 2 4 2 0 2 4 1 4 4 4 3 1 0 2 3 2 0 1 1 4 4 3 5 3 5 2 4 5 4 3
   5 2 5 2 0 5 0 3 1 2 1 1 5 0 2 0]
  [0 0 4 4 3 4 3 5 4 4 2 4 5 3 2 3 1 3 1 2 5 5 4 0 1 5 0 4 4 0 0 2 0 0 1
   4 3 0 5 4 5 5 0 4 1 3 5 5 5 5 3 3 1 2 2 5 2 0 3 2 4 4 4 1 1 5 5 1 2 2
   5 5 2 3 1 2 1 4 5 5 3 4 0 4 5 5 5 4 5 1 0 3 4 5 5 5 2 4 3 5 5 0 4 3 5
   3 0 1 1 2 4 3 2 4 3 1 2 1 5 0 5]
  [0 4 5 5 2 1 4 1 3 4 4 0 4 3 5 2 4 4 3 2 4 1 3 0 4 0 0 1 2 3 0 0 4 4 2
   0 0 5 0 5 3 4 0 1 5 2 5 1 5 2 3 2 3 0 0 1 5 2 0 3 4 4 5 0 0 4 4 3 3 0
   3 2 5 3 0 2 4 5 5 1 3 3 2 0 1 1 2 1 4 2 4 3 4 3 3 5 5 2 3 1 4 3 4 2 5
   4 5 1 2 2 1 0 0 3 2 3 4 3 5 4 1]
  [0 0 0 4 4 0 2 0 3 2 1 2 1 0 5 4 5 4 3 5 3 4 1 0 0 0 1 2 0 4 5 1 4 0 1
   1 3 0 2 3 0 4 4 1 1 2 2 3 0 0 0 5 2 1 4 5 2 3 3 0 1 5 0 2 4 5 5 0 2 0
   4 2 0 5 3 0 0 3 0 4 3 4 3 1 5 1 3 2 3 2 2 2 4 5 4 0 2 3 4 2 2 4 5 4 0
   4 2 4 5 4 1 1 2 0 2 1 0 2 5 4 3]
  [0 0 0 5 1 3 3 0 3 3 4 2 4 2 2 3 4 1 1 4 4 3 0 1 4 0 3 3 3 3 4 2 2 1 2
   1 4 0 5 5 1 3 1 3 0 2 1 0 0 5 5 3 3 4 4 2 2 3 0 0 0 1 0 1 0 3 2 1 4 2
   3 1 5 0 1 3 4 0 4 2 4 2 0 2 1 3 0 0 4 2 4 1 0 2 1 1 1 3 2 0 2 2 0 3 1
   0 2 4 0 0 3 1 0 4 1 4 1 4 5 5 5]
  [0 2 5 3 5 0 1 5 4 4 2 2 4 3 2 1 1 2 4 0 4 4 5 4 1 2 5 2 0 5 1 0 3 5 0
   3 0 3 1 2 3 3 2 2 3 2 0 5 2 4 3 5 4 5 0 3 4 1 4 3 3 0 3 5 4 1 1 0 5 3
   5 3 2 2 5 5 2 5 5 4 1 1 3 5 2 5 3 5 1 5 1 3 4 2 5 0 1 2 2 5 1 0 0 5 2
   0 1 2 3 2 1 2 5 5 3 3 4 4 1 0 1]
  [0 5 2 5 2 5 0 0 5 3 1 3 2 0 0 5 2 2 2 2 5 2 1 2 0 4 0 4 1 5 2 3 3 5 4
   1 1 5 1 5 2 1 1 0 2 0 1 3 2 4 0 5 1 2 1 0 2 1 4 3 5 4 0 5 5 2 1 0 4 3
   4 4 2 4 1 5 2 1 4 3 5 5 5 0 4 5 0 4 5 0 2 5 5 2 0 3 4 5 0 2 3 2 2 0 3
   1 4 4 0 5 0 4 2 2 2 1 1 1 2 2 0]
  [0 1 3 4 1 1 2 1 0 2 1 3 0 0 3 0 1 5 1 2 0 0 0 1 4 5 1 4 1 5 5 4 3 5 0
   1 4 5 3 4 5 4 3 0 5 0 3 1 1 4 0 0 2 0 1 0 5 0 4 5 1 0 0 0 1 3 4 1 5 2
   0 1 2 2 5 5 5 3 2 5 1 3 0 4 4 1 5 1 4 5 3 2 2 3 0 3 3 4 3 5 0 1 5 5 2
   2 4 2 0 3 2 4 2 0 1 5 2 3 4 0 0]
  [0 2 2 0 1 5 3 0 0 2 1 1 0 3 4 5 5 1 5 3 2 5 3 5 0 5 4 5 1 3 1 4 1 5 2
   3 3 3 1 4 4 1 0 0 0 2 2 5 3 5 5 5 4 3 1 4 1 5 0 5 5 4 2 0 0 4 2 3 2 4
   1 2 5 2 4 4 5 1 0 3 5 1 4 1 4 1 5 5 0 2 1 5 0 0 4 1 1 3 3 1 5 3 0 0 3
   3 3 5 2 2 0 3 3 2 0 0 1 1 0 2 5]
  [0 0 1 0 4 2 0 1 3 3 2 4 0 3 4 0 4 1 3 1 0 5 1 0 0 5 0 4 1 3 2 0 1 5 3
   3 1 4 0 0 0 1 4 3 1 4 2 2 2 1 4 2 0 2 0 3 5 5 3 1 5 0 5 4 1 0 3 4 3 3
   4 5 0 3 1 4 5 5 3 2 1 3 1 5 4 1 0 1 3 4 2 0 2 3 0 1 4 0 5 5 2 4 2 4 5
   3 3 3 0 1 2 5 3 0 3 1 2 2 0 0 5]
  [0 3 1 2 1 1 2 5 5 4 3 5 1 5 2 5 5 1 5 4 1 3 4 0 1 1 1 3 4 1 3 3 4 0 3
   5 5 1 1 2 0 0 2 0 3 2 2 2 3 4 5 2 4 3 5 4 3 0 5 4 1 5 4 4 4 1 0 3 4 3
   0 0 3 0 3 3 0 3 0 2 1 1 4 3 2 4 5 0 5 2 4 4 5 1 1 4 0 2 1 0 0 5 2 1 1
   5 3 2 1 4 1 1 2 0 3 2 3 2 1 5 3]
  [0 1 0 4 0 0 0 5 0 2 0 0 3 1 5 0 2 3 3 0 2 3 0 0 2 5 2 5 4 2 3 5 2 1 1
   1 2 3 1 3 4 4 2 1 5 5 3 3 4 5 2 4 5 5 3 5 4 1 3 1 5 0 4 3 3 3 0 0 3 0
   1 2 0 4 2 3 2 5 1 2 4 4 1 3 5 5 3 5 4 5 1 3 2 2 5 3 2 0 0 1 5 5 3 5 1
   1 2 3 3 1 5 2 3 1 3 2 0 1 1 0 2]
  [0 0 2 4 2 1 3 5 5 0 5 0 4 2 3 2 4 3 0 4 4 3 1 0 2 3 0 1 0 3 2 0 4 2 2
   2 2 2 0 2 2 5 2 0 0 1 0 3 4 3 3 5 4 4 2 1 5 4 1 3 0 4 3 0 1 0 2 4 0 0
   4 0 0 3 0 2 5 4 3 2 3 1 2 3 3 0 3 2 2 0 2 0 5 0 5 5 2 0 2 0 1 5 5 0 0
   5 5 3 4 5 0 0 5 2 1 2 5 1 5 3 2]
  [0 5 2 1 5 2 0 4 4 5 4 4 3 4 2 1 2 5 1 1 5 1 2 5 3 5 1 0 4 2 3 1 3 5 1
   1 2 4 1 4 1 4 1 0 0 2 3 3 1 4 2 0 2 2 5 3 4 0 5 4 0 5 2 4 2 4 2 0 4 0
   3 4 1 0 0 0 1 4 0 5 2 1 0 5 1 4 2 5 3 5 3 3 0 0 4 0 0 1 1 0 0 0 5 1 2
   2 3 0 4 1 0 3 0 5 5 3 1 0 0 0 4]
  [0 5 4 0 2 0 2 3 1 2 3 3 2 4 5 0 5 2 0 0 5 5 5 3 1 5 4 2 5 5 4 3 4 5 2
   1 3 3 2 5 4 3 3 0 2 5 4 5 0 5 0 1 4 5 1 2 0 2 1 0 1 2 0 1 5 1 0 0 1 5
   0 5 1 4 5 1 2 1 1 4 5 0 3 0 2 5 2 2 0 3 5 0 2 4 5 4 2 2 4 4 3 3 3 0 3
   4 5 1 5 1 4 2 4 1 3 3 3 3 2 2 0]
  [0 0 2 4 1 4 3 3 4 1 3 0 2 2 1 1 3 4 5 1 0 5 2 5 1 0 4 2 1 4 2 5 3 3 2
   2 4 2 5 1 0 3 0 0 2 0 0 2 2 4 0 1 0 2 5 3 1 4 2 3 3 0 5 2 1 5 2 1 1 5
   2 0 2 3 4 1 2 2 5 1 1 3 4 0 1 5 3 0 1 3 4 5 3 5 0 5 3 5 0 2 3 4 4 1 1
   4 2 4 3 4 4 1 2 1 1 5 3 0 3 3 0]
  [0 1 0 3 4 1 1 2 3 2 0 4 5 1 2 5 2 1 0 2 4 0 2 1 0 2 0 1 1 4 0 3 1 1 2
   3 3 4 1 0 1 4 4 3 0 5 3 5 3 3 0 2 4 2 4 2 1 1 3 5 3 3 1 3 4 4 1 1 3 1
   2 1 0 5 5 0 2 1 2 2 2 3 3 5 0 0 4 1 5 3 0 0 0 1 2 1 1 2 1 2 0 1 0 3 5
   0 0 0 2 3 2 3 4 4 0 3 5 1 0 2 2]
  [0 4 1 3 0 2 5 2 3 1 1 4 3 2 2 2 3 4 3 3 1 1 0 3 2 3 3 5 3 2 3 5 2 5 2
   1 5 5 0 5 3 4 2 4 4 3 0 0 3 4 4 4 0 2 1 3 3 4 1 1 1 4 3 1 4 3 3 1 0 2
   3 4 2 0 1 1 3 2 4 0 4 1 5 4 1 1 2 5 4 3 3 3 3 3 2 0 1 4 3 0 1 5 0 1 1
   3 5 2 1 4 5 2 4 2 0 0 4 4 4 1 3]
  [0 0 3 4 1 2 0 4 5 3 3 5 2 3 2 2 1 0 2 0 2 2 2 2 2 0 3 0 2 4 1 0 3 4 4
   1 4 0 4 1 3 2 3 2 4 4 5 0 2 4 0 3 0 0 3 3 2 3 5 1 1 5 0 3 3 4 5 1 3 0
   2 5 0 0 0 4 5 2 5 0 5 3 0 5 3 0 2 0 2 0 1 4 2 5 1 3 5 5 5 4 5 4 4 3 3
   1 4 0 5 4 5 0 2 0 0 5 0 0 2 1 3]
  [0 1 0 1 1 4 0 0 0 4 3 1 4 2 1 1 0 0 1 2 2 3 0 4 4 4 5 3 1 0 2 0 1 1 5
   5 2 0 1 4 3 0 4 2 1 2 3 0 5 2 3 5 1 0 0 2 3 0 5 4 1 2 3 5 2 4 0 5 1 4
   3 3 3 5 3 0 3 3 4 3 2 0 4 4 0 0 4 2 5 4 5 0 5 5 1 3 2 2 5 0 2 0 2 5 0
   5 1 3 2 2 5 1 2 5 1 5 2 4 3 4 2]
  [0 0 2 3 2 1 5 1 0 0 3 0 5 3 4 1 4 1 4 2 2 5 1 0 4 1 3 3 5 2 2 3 1 0 2
   4 4 4 4 2 0 3 0 2 5 3 5 3 2 4 0 2 2 2 5 3 0 2 4 4 4 4 3 2 5 3 3 4 3 0
   1 0 4 1 4 1 0 1 0 4 0 1 5 0 3 4 1 2 3 5 2 1 1 2 5 1 0 2 3 4 0 5 0 5 5
   1 3 3 4 4 2 4 0 1 1 2 5 5 2 0 4]
  [0 0 2 0 3 4 3 2 3 3 2 2 0 2 0 4 4 0 0 2 1 1 2 2 3 4 1 0 0 0 0 3 0 3 1
   4 1 5 0 5 5 2 5 3 1 2 4 4 5 4 0 4 2 5 2 5 0 5 1 2 4 3 1 4 4 5 1 3 1 4
   5 2 2 0 2 1 2 0 0 5 1 4 0 3 0 5 1 2 5 1 1 3 5 3 0 1 1 0 4 2 0 3 4 2 5
   2 0 0 0 4 5 0 5 5 1 2 0 2 3 2 1]
  [0 3 0 5 4 4 0 1 4 1 1 1 5 4 4 3 2 1 3 4 4 5 5 1 1 1 1 4 1 0 3 2 3 1 4
   2 2 3 4 0 5 5 4 3 4 1 0 3 3 3 0 2 4 4 5 5 1 0 4 2 4 0 4 3 2 2 4 5 1 1
   0 2 0 3 0 5 0 3 0 2 4 5 0 3 4 4 5 0 3 2 3 0 3 0 0 4 0 0 5 4 4 0 4 2 1
   2 0 4 4 1 3 5 0 1 4 0 4 2 3 0 3]
  [0 5 1 3 4 2 3 5 0 0 3 0 5 0 3 1 5 2 3 3 2 4 2 5 5 2 3 1 0 2 2 0 5 1 5
   4 5 1 3 2 0 2 3 1 0 5 3 1 3 5 0 5 2 3 0 0 1 3 4 0 5 0 0 4 4 4 0 3 1 2
   0 5 4 0 2 1 0 0 5 0 0 2 4 3 0 0 1 5 1 2 5 3 2 4 2 0 2 4 3 0 3 3 2 4 3
   5 0 5 3 1 5 5 0 3 1 1 0 2 5 0 2]
  [0 3 0 3 0 2 0 1 0 5 1 4 4 2 1 1 0 1 3 3 5 2 4 5 3 3 1 4 2 0 1 5 3 3 0
   1 0 1 2 2 1 3 0 5 2 4 1 5 5 5 1 0 4 1 5 4 1 3 4 0 2 0 2 4 3 4 1 3 4 5
   3 3 0 3 4 0 1 2 2 4 0 4 1 1 4 3 2 0 3 0 0 4 3 4 2 4 2 1 1 2 3 0 0 4 0
   5 3 2 2 2 2 2 0 5 3 2 3 5 0 1 5]
  [0 4 5 3 4 5 3 3 4 2 0 1 0 1 4 0 4 5 0 5 5 4 0 1 2 2 4 5 2 5 0 5 4 0 5
   1 5 2 1 0 1 1 0 1 2 5 3 2 1 2 2 5 5 4 3 3 1 4 0 5 0 2 2 3 4 0 0 0 0 0
   5 3 3 0 5 3 0 2 1 1 2 0 3 3 3 4 3 1 5 1 5 2 4 2 0 5 5 2 2 5 4 0 0 4 2
   2 3 4 5 0 5 0 1 0 3 5 0 5 2 3 4]
  [0 4 3 0 2 2 2 4 0 4 5 4 3 3 3 1 2 5 1 5 1 3 0 0 3 0 2 0 3 4 0 4 5 1 1
   0 1 0 1 4 5 4 1 1 3 2 0 0 1 5 3 4 4 4 3 2 0 5 5 4 5 1 0 0 3 1 2 3 4 2
   0 2 1 3 5 3 4 0 1 3 4 2 0 1 2 4 0 3 0 3 3 5 2 3 4 3 2 4 0 2 1 1 3 1 4
   0 2 3 4 3 3 4 1 3 1 1 0 3 5 5 5]
  [0 4 5 1 5 2 5 0 5 5 5 2 1 4 4 0 4 4 0 2 2 3 3 5 4 5 5 4 2 3 2 2 1 2 5
   0 0 3 1 5 0 1 5 0 5 0 5 1 5 5 4 0 4 0 3 3 0 4 3 1 3 2 2 5 3 0 2 1 2 4
   5 1 2 1 3 4 3 3 1 3 5 4 0 0 1 0 1 4 4 3 0 0 1 2 2 3 2 5 2 0 4 2 0 2 4
   5 4 1 2 0 5 2 5 3 0 0 5 3 3 4 3]
  [0 3 3 4 2 5 3 3 3 5 5 4 0 5 1 1 1 2 1 2 1 2 1 4 5 3 4 0 0 3 0 2 1 5 4
   5 5 0 0 1 3 0 5 5 2 4 2 5 3 1 1 3 1 4 2 2 1 3 1 2 5 0 1 2 1 0 5 5 1 0
   2 3 1 4 3 1 3 4 1 0 3 3 4 4 0 0 1 2 4 1 5 1 4 2 2 1 2 1 5 5 4 2 4 5 2
   1 2 5 2 0 5 2 0 5 1 1 5 3 3 5 5]
  [0 0 5 2 1 3 0 5 3 0 4 2 2 1 0 2 4 3 3 3 2 1 5 3 3 4 1 1 2 1 5 0 3 5 2
   1 1 2 0 3 0 3 4 0 1 5 5 4 3 4 4 5 2 2 0 4 4 3 2 2 5 0 0 5 5 2 2 2 0 1
   2 2 5 5 0 3 0 3 0 4 2 0 5 0 5 0 5 2 5 3 2 5 4 4 3 0 1 5 3 0 4 2 4 2 5
   0 2 4 5 2 1 2 2 5 0 4 1 5 2 4 2]
  [0 4 1 4 0 1 2 2 5 0 0 3 2 2 0 1 4 3 0 4 4 4 1 3 0 0 4 2 0 0 3 2 0 2 1
   1 5 0 0 2 3 0 0 4 1 1 4 4 5 2 3 0 3 2 1 1 1 4 0 4 4 3 0 3 1 4 5 0 2 5
   0 0 3 1 4 1 1 1 4 4 3 2 2 5 0 0 0 0 1 0 1 2 1 5 0 4 2 4 1 1 5 2 5 3 3
   3 0 3 5 2 5 0 0 3 0 2 5 4 3 5 2]
  [0 3 5 0 4 1 2 4 4 2 0 4 1 1 2 3 1 2 4 0 5 4 5 0 3 2 5 3 0 3 1 5 4 2 0
   5 3 2 4 2 0 2 0 4 5 1 1 5 2 2 4 1 5 0 2 3 2 4 2 0 5 4 2 4 0 0 5 5 0 1
   3 4 2 2 4 5 4 2 4 1 5 5 4 2 5 1 3 0 5 0 5 2 2 4 3 0 4 2 1 3 2 5 1 3 3
   2 3 5 4 1 0 5 2 2 2 0 1 5 2 4 0]
  [0 4 0 5 1 3 4 0 1 5 0 0 1 4 4 0 5 4 4 3 2 1 3 3 2 0 4 3 1 2 2 4 4 3 3
   1 2 5 3 2 2 2 4 3 5 2 2 0 0 4 4 4 4 4 3 3 3 0 1 1 5 5 1 0 1 4 2 0 5 4
   4 3 5 1 0 4 5 2 2 5 3 3 3 2 1 5 4 0 0 3 4 5 4 1 3 0 5 4 3 1 4 5 0 4 2
   3 1 1 4 3 4 1 0 5 3 3 3 0 5 2 0]
  [0 1 2 1 0 4 4 5 1 1 4 3 0 3 1 1 5 2 1 1 5 4 5 5 1 1 1 0 4 4 3 1 0 0 1
   2 1 3 4 2 3 4 0 5 3 4 0 1 1 0 4 0 1 2 3 4 5 2 0 3 0 0 4 4 0 5 1 4 2 4
   5 2 4 4 4 1 0 2 2 1 3 2 0 4 1 2 4 4 0 0 1 1 1 5 4 1 1 0 0 1 0 3 1 5 3
   0 1 2 0 5 5 2 2 3 4 5 0 4 1 4 1]
  [0 0 1 2 4 0 1 5 1 4 3 4 5 1 5 1 0 1 0 4 2 5 0 0 1 3 5 2 0 0 0 2 3 4 0
   1 4 4 4 5 2 3 1 5 5 5 0 5 3 3 2 0 2 4 4 2 1 1 5 5 1 1 4 5 0 2 1 5 5 0
   5 5 2 0 1 4 3 2 5 4 0 1 4 5 2 3 2 1 0 3 0 3 0 5 5 1 1 5 2 5 5 4 3 3 5
   0 1 2 0 1 1 5 2 4 3 0 3 1 4 4 1]
  [0 3 1 5 0 0 1 2 2 3 0 3 2 3 0 1 0 5 2 3 5 5 3 5 4 4 2 3 2 5 5 0 1 4 0
   0 2 2 5 2 2 4 4 2 5 4 4 0 5 4 4 4 3 1 3 1 4 3 0 2 0 1 1 1 4 1 1 4 3 4
   0 0 4 1 5 2 0 3 2 2 0 4 0 0 3 2 4 0 4 1 3 0 2 3 1 0 2 1 1 5 4 5 4 4 3
   4 0 5 5 4 1 1 1 2 1 3 0 0 3 3 5]
  [0 0 2 3 4 1 5 2 2 0 0 0 2 3 4 1 5 3 0 0 1 4 5 1 3 2 0 0 5 0 1 1 1 1 2
   1 3 1 3 1 3 4 1 2 5 1 3 1 1 0 4 3 3 1 3 1 0 0 5 1 2 4 3 0 3 5 3 1 0 0
   2 4 2 4 1 1 1 5 3 4 3 5 1 1 1 3 0 5 5 0 5 4 0 4 1 2 5 0 3 5 0 1 5 4 2
   3 2 5 2 2 3 5 3 2 3 0 1 4 5 0 0]
  [0 3 5 0 0 4 3 5 3 4 3 3 0 2 1 1 5 5 0 2 2 0 4 5 1 0 0 2 4 4 3 5 2 0 3
   1 2 0 3 4 3 2 4 5 4 1 5 1 4 4 3 3 5 5 3 2 4 4 4 4 5 4 4 4 2 5 5 4 4 0
   5 3 3 0 4 4 1 3 3 1 3 3 4 1 4 1 1 0 3 2 3 3 5 0 3 5 0 5 0 2 3 4 5 3 5
   4 1 3 3 1 1 1 4 5 0 2 2 3 4 0 1]
  [0 4 4 2 2 4 4 2 2 5 2 0 3 5 0 1 0 2 4 1 4 0 3 1 5 3 0 5 1 3 1 1 4 4 1
   2 5 4 1 0 5 1 3 1 3 0 3 5 1 1 4 2 5 1 0 1 5 5 4 4 1 5 4 2 5 0 4 3 5 3
   5 5 0 5 1 1 2 4 0 4 5 0 4 5 3 0 3 1 4 2 4 2 1 3 0 2 3 4 2 5 5 1 4 5 0
   0 2 5 0 4 0 2 3 1 2 2 4 0 3 3 1]
  [0 2 4 0 5 3 0 2 5 4 3 0 2 2 4 4 5 3 4 3 1 4 4 5 0 1 3 5 5 5 1 4 5 4 5
   4 2 2 0 3 4 4 4 3 0 5 5 3 0 2 3 5 1 4 5 5 3 3 1 2 5 1 0 4 2 3 3 5 5 1
   5 3 2 2 5 3 4 5 5 3 4 4 2 2 1 0 5 0 4 4 3 0 2 4 1 0 4 2 0 5 1 2 2 4 0
   5 3 1 3 5 4 3 1 2 5 3 1 1 5 5 2]
  [0 4 0 3 4 3 2 5 2 2 4 4 0 2 0 1 4 5 4 4 0 2 5 4 1 4 1 3 1 3 1 0 1 5 0
   1 3 0 5 1 1 3 0 2 3 3 4 3 1 1 1 2 0 3 2 2 5 5 3 1 1 1 3 3 5 2 1 5 4 1
   4 0 3 4 4 4 1 2 5 5 0 3 3 2 5 2 4 4 2 3 0 4 5 0 3 3 0 0 5 4 2 3 3 5 2
   4 1 1 1 4 2 0 5 4 3 4 5 0 5 0 5]
  [0 3 2 5 2 2 3 1 2 0 5 2 3 2 0 1 5 5 4 4 0 1 0 0 2 0 4 5 2 1 0 1 0 4 3
   1 3 5 3 4 4 2 2 0 4 0 5 0 5 5 3 0 5 0 0 4 0 2 0 5 5 1 1 4 4 3 5 5 2 1
   1 2 1 0 2 5 3 0 1 5 4 3 0 5 0 3 5 4 2 5 3 0 1 2 3 0 3 0 5 4 4 4 2 1 5
   5 0 0 3 1 3 5 3 3 3 5 2 2 2 1 2]
  [0 1 4 2 5 3 1 4 0 2 4 2 2 5 4 1 2 1 5 1 5 0 3 5 3 0 2 4 2 3 1 3 2 2 1
   1 5 4 0 2 5 3 1 5 3 5 5 4 3 4 1 1 0 2 1 5 2 5 0 3 4 5 1 4 1 2 3 0 4 1
   2 1 4 3 0 3 0 4 0 3 3 3 4 4 1 4 0 3 3 0 2 2 3 4 5 5 4 2 0 1 1 0 4 4 3
   4 5 0 2 0 0 3 4 2 2 4 1 1 2 0 0]
  [0 2 4 0 5 3 0 5 2 3 4 0 3 4 4 0 5 5 5 4 2 0 5 1 3 1 1 2 0 5 1 2 0 2 3
   5 5 2 1 1 3 4 1 0 5 1 1 0 0 1 2 0 3 4 1 0 3 2 2 4 2 0 0 3 2 5 3 3 3 5
   4 2 2 1 3 2 5 1 0 5 0 5 2 3 3 1 4 2 3 5 3 5 3 0 4 0 5 2 4 0 4 3 1 5 0
   3 0 3 0 0 1 2 4 4 0 5 2 3 5 1 0]
  [0 0 4 4 1 1 1 0 3 3 5 0 3 0 2 0 4 3 0 1 5 0 1 0 4 0 3 5 1 2 5 4 2 0 4
   4 3 1 0 3 4 5 4 3 2 4 4 3 4 2 2 0 5 3 2 1 0 1 3 3 2 0 3 5 4 3 4 5 3 0
   2 2 3 0 3 2 2 3 3 0 2 0 3 5 2 1 3 3 5 1 4 3 4 4 1 5 0 3 4 0 0 2 0 0 5
   4 4 1 4 2 2 2 5 2 3 3 2 2 5 3 0]
  [0 0 2 5 5 1 4 4 1 5 3 4 4 4 3 2 4 3 3 5 5 0 2 0 2 3 5 1 3 2 4 2 3 4 0
   2 0 5 1 4 5 3 3 5 4 4 0 0 4 0 2 3 4 4 3 5 0 5 3 3 5 5 2 1 1 1 3 5 5 2
   2 0 3 4 5 5 4 5 0 4 3 3 1 0 0 4 5 2 2 5 3 4 5 5 4 1 3 4 2 4 2 0 3 4 5
   5 0 3 0 3 0 5 3 1 4 1 5 3 2 2 4]
  [0 2 3 4 0 4 4 3 2 3 4 5 0 1 0 5 5 1 3 5 1 0 2 3 3 3 0 1 0 4 0 5 4 2 0
   5 5 1 5 5 5 5 2 5 0 5 5 2 0 3 1 3 5 3 2 5 1 1 0 3 1 1 3 3 3 3 2 3 2 4
   1 4 2 2 3 1 2 1 5 4 5 1 1 5 5 0 2 4 1 4 1 5 3 2 4 1 4 0 3 0 1 3 0 5 5
   3 0 0 5 0 4 5 2 1 4 5 3 4 3 1 0]
  [0 5 2 2 5 0 1 1 3 2 0 4 3 2 1 1 1 3 0 5 5 4 3 3 1 3 5 3 3 4 1 5 2 4 5
   4 4 1 5 1 3 2 3 2 5 5 4 0 2 1 3 1 1 3 2 2 5 0 0 0 1 2 5 4 4 3 5 1 2 5
   5 3 3 2 4 2 2 1 3 3 3 3 3 5 2 3 0 0 5 5 1 1 5 0 3 4 1 4 1 4 5 1 1 0 3
   5 0 0 2 1 5 4 4 3 5 4 5 1 1 5 5]
  [0 5 1 2 3 1 3 1 5 1 4 4 4 3 4 5 0 4 5 0 3 5 1 3 5 1 5 1 2 3 3 5 2 0 0
   4 2 5 5 1 4 4 2 1 3 1 4 3 3 5 4 3 1 5 5 3 2 5 3 2 3 1 5 3 1 0 1 3 0 1
   3 2 2 4 5 3 2 5 2 2 4 3 0 2 4 3 4 2 3 5 0 4 2 0 0 0 3 3 2 1 2 5 2 0 0
   2 3 3 1 4 5 2 3 0 3 4 4 5 3 4 3]
  [0 4 3 5 1 2 1 5 5 4 0 0 0 1 5 1 4 1 5 3 2 2 2 1 2 3 5 1 3 1 2 3 4 5 2
   1 2 0 3 0 5 1 5 2 3 5 4 2 5 1 1 2 3 3 5 0 4 1 2 0 3 0 0 2 0 0 2 2 3 0
   3 3 5 4 4 4 2 0 3 3 1 2 2 5 5 0 1 3 5 0 0 5 0 5 1 0 1 0 3 0 0 4 4 5 1
   0 0 0 0 1 2 3 2 4 1 1 0 2 2 0 2]
  [0 4 5 5 5 2 5 5 4 3 3 3 2 0 4 2 2 1 2 2 2 4 3 2 4 3 0 4 5 1 3 1 1 2 4
   5 3 1 3 1 0 5 0 3 3 1 1 5 4 5 4 3 1 0 4 2 3 3 2 0 4 4 0 4 4 3 2 0 3 3
   0 1 4 4 5 0 4 1 1 2 1 2 3 4 3 2 3 1 2 0 5 3 2 5 3 4 0 3 0 4 5 3 0 5 4
   3 0 3 3 4 3 0 2 5 1 4 1 4 4 5 5]
  [0 5 4 2 1 1 4 0 3 4 2 2 0 0 3 3 3 1 2 0 0 1 2 2 1 5 1 5 3 2 1 5 5 5 2
   4 3 2 0 1 2 5 2 1 5 2 5 0 2 4 3 3 2 0 1 1 1 4 0 4 5 2 5 4 1 3 2 5 2 0
   0 5 5 2 4 0 0 3 0 2 2 5 3 4 2 0 3 5 0 2 2 4 2 4 2 5 5 4 5 1 3 5 4 5 1
   2 3 0 4 3 0 1 5 1 0 0 3 3 4 5 1]
  [0 0 2 4 1 1 0 1 2 0 0 5 5 2 4 1 4 0 0 2 5 5 0 0 1 0 0 3 4 2 1 0 3 1 4
   4 0 0 2 1 4 0 4 4 3 0 2 4 5 1 2 2 4 3 1 1 4 5 0 5 4 2 4 2 2 1 5 3 2 2
   3 5 0 2 2 5 4 0 5 2 0 1 0 3 4 1 2 0 0 1 5 3 5 1 5 2 2 3 4 2 1 4 2 1 3
   0 0 2 0 0 2 4 5 1 2 1 3 1 0 1 4]
  [0 1 5 0 1 0 3 5 4 0 4 4 3 4 2 1 0 4 5 0 2 2 0 4 3 3 2 0 4 2 5 5 2 4 1
   3 4 2 1 3 5 1 3 3 2 3 2 0 0 5 3 5 2 3 5 1 5 3 0 3 4 5 1 4 1 2 3 4 1 2
   2 4 5 4 4 4 0 2 5 2 1 2 5 4 0 5 1 4 1 2 4 5 2 5 2 2 4 2 5 5 4 3 5 5 3
   4 4 0 2 0 3 4 2 2 4 2 1 4 3 0 1]
  [0 0 2 4 4 1 3 2 0 5 4 4 5 4 3 1 4 1 5 2 1 5 3 2 3 1 1 4 2 2 2 0 5 5 0
   0 1 4 2 4 1 2 1 0 1 1 1 2 5 5 0 1 2 4 2 5 3 3 0 2 5 5 2 1 1 4 4 1 0 5
   3 0 0 0 1 4 3 3 2 3 0 2 5 3 3 2 0 0 1 0 4 3 2 3 1 0 1 5 3 2 3 1 4 1 2
   4 4 3 4 3 0 0 0 3 3 3 0 1 0 2 1]
  [0 1 4 3 5 5 2 5 0 2 4 2 4 2 0 4 0 3 3 3 4 3 1 5 2 0 4 4 3 4 3 5 0 3 5
   3 1 5 4 3 2 5 4 4 2 5 3 5 4 5 4 2 5 4 0 3 0 4 5 2 3 4 0 1 4 0 1 0 0 1
   1 4 0 3 0 2 1 0 0 4 5 2 4 4 0 3 2 4 1 5 1 5 5 1 1 2 4 4 2 3 0 4 0 4 2
   5 5 4 3 3 5 0 4 0 0 4 3 0 4 4 1]
  [0 3 0 5 4 0 1 5 5 1 0 2 2 4 4 1 0 2 2 5 4 3 2 2 2 4 0 3 4 1 1 2 3 4 3
   2 1 4 3 3 3 3 0 2 3 1 1 5 2 4 3 1 1 3 1 1 2 3 4 3 3 1 1 4 3 5 2 4 5 2
   2 4 2 4 2 5 3 5 0 5 3 0 1 0 0 1 5 1 3 2 5 0 4 4 4 1 0 2 0 1 4 5 1 5 0
   1 5 2 5 2 2 5 0 4 0 5 5 3 1 3 0]
  [0 5 5 1 2 1 5 2 0 2 3 2 5 0 2 2 3 0 3 0 3 5 0 0 4 4 2 5 2 3 0 2 1 0 3
   5 4 5 3 5 4 0 4 5 2 5 2 2 2 0 2 2 5 3 0 4 0 3 4 0 2 2 2 0 3 2 3 1 0 5
   1 4 3 0 3 0 4 0 1 0 4 1 1 5 4 0 1 5 0 3 2 2 4 3 4 3 2 4 4 0 2 1 5 5 5
   5 5 3 4 1 1 3 2 0 3 1 5 5 4 5 5]
  [0 0 2 2 0 0 3 3 1 0 4 5 5 0 4 0 5 1 0 1 0 5 0 0 1 1 4 1 0 5 1 0 5 4 0
   0 1 2 3 2 2 2 1 1 1 2 3 3 3 4 1 3 4 0 2 0 4 2 0 0 2 3 3 0 4 1 0 4 1 0
   5 1 0 3 2 1 1 3 4 2 3 4 0 0 1 1 3 0 0 2 1 2 5 3 3 5 1 3 2 2 0 0 4 4 0
   5 1 1 0 1 3 4 2 0 0 2 1 2 4 1 5]
  [0 1 2 4 1 4 3 1 3 1 0 4 3 3 2 5 3 2 0 2 1 3 3 3 2 1 1 1 0 0 0 4 3 0 5
   3 1 1 1 4 4 2 1 4 0 2 3 0 4 0 2 1 4 0 2 4 3 5 5 1 1 5 0 5 0 1 0 4 1 1
   1 4 3 0 5 3 2 3 3 2 4 2 3 2 2 4 4 1 0 5 1 0 2 0 4 5 4 3 0 3 2 1 1 5 5
   0 3 0 4 1 3 1 0 1 5 0 5 4 3 5 4]
  [0 2 4 2 1 1 2 3 1 5 2 0 5 4 4 0 5 0 5 5 4 1 5 0 0 5 2 3 3 4 5 1 0 4 1
   3 5 0 4 4 3 5 2 1 3 4 1 2 5 1 4 5 1 3 0 2 5 4 1 2 0 2 4 3 3 2 1 5 0 2
   4 3 0 4 4 3 0 0 1 0 5 0 3 3 4 3 4 1 4 2 1 1 0 3 0 3 1 5 1 3 4 2 4 2 5
   4 5 4 4 0 2 4 3 3 4 1 0 1 5 0 1]
  [0 3 3 0 3 0 2 2 3 3 0 1 0 5 1 2 5 2 1 1 5 3 4 5 5 2 3 2 2 2 2 4 5 1 2
   0 4 5 1 2 4 4 2 0 3 1 4 0 0 0 4 4 5 2 4 2 0 1 2 3 5 2 5 1 4 4 1 3 3 4
   4 4 2 3 2 4 1 2 3 0 4 1 0 4 4 5 4 1 3 0 0 2 4 4 0 1 0 0 2 2 1 3 3 4 1
   0 0 5 1 0 5 5 4 4 5 1 3 0 5 5 4]
  [0 1 0 0 4 3 2 0 0 4 3 0 5 3 0 5 4 0 0 0 0 5 5 2 2 3 1 4 4 5 3 2 0 1 0
   2 0 4 1 0 0 0 4 0 2 3 2 0 3 5 1 3 2 5 1 4 3 3 0 5 2 3 3 1 5 1 1 5 0 2
   1 3 2 5 4 5 3 0 3 3 2 2 1 5 1 0 4 0 2 4 0 2 3 3 2 2 3 3 4 2 3 4 0 2 1
   1 4 3 0 1 2 3 1 0 4 3 5 0 0 2 2]
  [0 1 1 3 5 1 0 1 5 0 1 5 3 3 2 2 1 3 5 5 2 4 1 2 0 0 0 2 2 5 3 4 5 4 0
   4 0 2 2 0 5 1 0 2 0 4 2 3 2 4 3 2 5 2 0 2 5 1 1 0 5 1 3 0 4 5 2 1 1 1
   5 0 4 3 0 3 3 4 3 5 2 2 5 1 2 1 1 1 5 5 3 5 3 5 3 2 3 1 4 0 0 0 3 1 3
   4 2 3 4 1 4 1 5 5 1 4 0 2 0 0 3]
  [0 5 3 2 1 3 2 2 2 4 1 5 0 0 1 2 0 1 1 3 1 3 2 3 4 0 1 0 0 2 3 0 5 0 5
   3 1 3 5 4 4 2 4 1 5 4 2 4 4 1 0 4 0 3 1 2 4 4 5 3 5 5 3 3 2 5 1 3 1 4
   1 3 0 3 0 3 4 1 2 5 5 5 4 3 3 4 2 1 0 4 5 0 4 2 5 5 4 1 2 3 4 0 1 3 4
   3 5 4 1 5 1 4 1 0 2 4 4 5 4 0 0]]

 [[0 3 4 4 0 1 1 5 1 2 3 1 0 1 3 3 1 4 3 0 4 5 3 1 0 1 3 5 4 5 2 5 5 4 4
   1 4 3 5 5 2 1 2 3 2 3 5 3 0 3 5 4 3 4 1 1 0 0 0 1 5 3 2 3 5 3 2 1 5 5
   3 4 0 0 1 1 0 1 1 1 5 0 0 4 1 2 3 5 5 5 4 2 4 3 5 3 4 4 2 4 1 4 4 3 0
   4 3 0 1 1 5 3 5 1 2 2 2 2 4 5 1]
  [0 0 5 2 5 1 5 1 1 4 1 2 3 5 1 2 5 5 1 0 2 4 5 2 1 1 5 5 4 4 5 0 0 5 5
   4 5 2 4 2 0 3 2 5 4 3 3 3 0 0 2 5 5 2 1 3 1 4 2 1 5 1 4 1 1 5 3 1 5 5
   0 2 0 1 1 2 2 0 1 0 2 3 1 5 5 2 1 0 5 3 4 3 4 5 1 4 5 4 1 3 2 4 1 1 2
   4 2 1 0 0 2 1 3 4 5 1 4 1 3 4 2]
  [0 2 0 0 4 5 5 0 4 0 0 5 0 2 0 5 1 0 3 4 5 3 2 3 4 0 5 5 5 0 4 2 4 0 0
   0 2 5 5 1 0 2 0 4 0 5 2 3 5 2 5 1 5 3 0 3 0 4 4 2 0 4 5 2 3 1 0 0 0 4
   4 4 0 2 3 3 1 3 3 4 0 3 3 2 0 3 1 4 3 3 4 2 1 4 1 0 0 3 5 1 1 2 4 5 2
   4 0 3 2 4 3 3 5 5 5 1 0 2 4 0 4]
  [0 2 2 0 0 4 5 1 5 4 1 5 1 5 1 0 0 3 5 5 4 3 1 4 2 4 2 4 0 4 4 1 5 3 0
   2 2 3 0 1 1 0 4 0 3 5 3 2 2 1 3 1 5 2 1 0 0 3 2 0 3 0 3 2 5 3 5 1 3 4
   0 0 5 2 0 3 5 0 5 4 5 5 2 1 3 2 0 0 4 3 2 2 4 3 5 4 3 0 4 5 1 0 5 1 2
   4 5 0 5 1 0 2 1 3 1 2 4 0 3 1 5]
  [0 2 1 0 0 1 4 2 1 0 0 4 5 2 0 5 0 5 5 2 3 1 1 3 1 5 0 4 1 4 2 1 0 3 5
   0 5 2 0 4 3 4 2 2 4 5 5 1 0 5 4 4 3 5 5 0 2 4 1 4 5 0 0 1 2 2 0 1 2 5
   4 1 3 0 3 4 2 2 1 1 4 1 0 0 0 5 0 1 5 3 3 0 3 0 3 3 2 1 3 4 5 4 2 5 0
   5 4 5 5 4 2 1 4 4 2 3 2 3 5 0 4]
  [0 4 3 3 1 0 3 0 1 4 4 4 1 0 2 3 4 4 0 3 0 4 2 5 1 4 1 0 5 5 5 3 3 4 3
   2 1 4 1 0 2 2 1 4 5 3 4 4 2 3 3 2 5 0 2 5 4 4 5 4 0 1 0 4 4 2 2 4 4 2
   5 5 4 4 2 0 2 3 0 5 5 3 0 5 1 1 1 1 4 1 3 4 3 1 2 2 3 3 1 2 0 0 2 1 0
   5 4 2 0 2 3 3 2 0 1 1 4 0 1 0 0]
  [0 2 1 2 0 5 0 5 3 4 2 3 0 2 0 2 3 1 3 3 0 4 1 1 5 0 5 4 2 1 1 0 5 1 2
   0 3 5 3 3 4 1 1 4 1 4 5 2 4 4 4 5 1 0 3 1 3 4 2 2 5 3 3 3 1 4 3 4 5 3
   5 2 2 3 4 0 4 2 3 4 4 4 4 1 1 5 1 4 5 2 1 0 1 0 4 0 3 4 3 5 3 4 5 5 1
   3 2 0 1 3 2 5 1 3 5 3 1 0 5 5 0]
  [0 1 5 3 2 4 1 0 0 4 1 0 3 3 1 3 0 1 1 2 3 3 3 5 2 1 0 4 5 4 2 3 0 5 0
   2 3 1 2 1 0 0 3 1 3 3 5 2 4 5 5 1 1 2 2 0 2 5 4 5 5 2 0 5 4 3 4 1 1 2
   3 5 4 2 1 0 2 0 4 4 4 3 1 5 0 0 4 1 3 4 4 3 5 3 3 0 1 0 1 1 0 1 0 1 0
   0 3 4 2 2 0 3 2 5 2 4 5 2 5 1 3]
  [0 1 3 5 2 5 0 3 0 5 5 4 1 1 3 2 2 1 1 5 3 3 4 3 0 1 4 2 4 4 5 3 2 3 3
   4 0 1 1 4 1 1 0 5 4 0 1 1 3 1 3 3 5 0 3 5 4 4 3 1 2 2 0 1 3 5 3 4 0 3
   2 5 3 4 1 1 0 4 5 4 5 3 0 4 1 4 2 3 3 1 5 5 2 4 4 0 5 2 4 2 2 1 3 1 3
   5 3 2 0 2 0 0 0 3 4 2 3 5 1 2 2]
  [0 5 2 1 0 5 4 1 3 0 1 1 4 4 4 2 3 2 0 2 5 1 4 1 5 0 3 2 3 1 4 3 2 0 0
   4 2 1 0 3 2 5 1 4 0 5 2 1 2 0 0 3 5 0 2 0 3 5 2 4 3 1 5 3 4 4 0 3 3 3
   3 4 5 0 3 1 2 3 3 3 1 0 2 0 1 1 3 0 1 2 4 1 5 1 2 4 4 4 0 5 3 4 2 0 3
   4 3 5 1 5 1 4 5 0 2 1 4 1 5 2 1]
  [0 1 0 1 2 0 5 5 1 5 0 1 4 2 2 2 0 3 5 5 3 2 2 0 5 5 0 1 4 1 1 3 1 0 5
   2 1 5 0 0 3 4 4 0 1 3 1 3 3 2 4 2 2 0 3 1 5 2 3 0 3 3 3 5 5 2 0 1 4 0
   1 1 5 0 2 1 4 3 0 3 5 3 1 1 0 2 3 5 1 3 3 5 0 0 4 4 4 3 0 4 4 3 3 2 5
   1 3 0 4 2 2 3 4 0 0 1 0 0 3 0 5]
  [0 4 2 4 2 5 1 0 5 3 3 0 3 0 4 3 5 2 3 1 1 1 4 1 0 4 0 4 2 2 2 1 4 4 1
   5 1 3 4 0 1 0 4 2 0 3 2 1 0 0 0 2 2 2 0 5 3 0 1 1 0 2 1 1 5 5 3 0 4 1
   0 5 1 2 2 1 5 5 3 4 4 4 2 1 5 0 3 1 3 0 2 5 5 4 4 0 1 0 0 2 0 1 3 2 0
   0 2 5 4 4 5 5 5 3 2 5 0 4 1 4 3]
  [0 1 1 5 5 5 1 3 3 4 3 3 0 4 2 2 4 2 5 4 0 2 0 5 5 3 4 3 5 2 3 4 5 2 5
   5 2 5 4 5 3 3 5 1 2 4 2 4 1 3 2 1 4 4 5 2 4 3 4 3 3 4 4 1 5 2 5 5 0 5
   2 4 5 2 4 1 5 0 1 5 4 1 2 3 1 5 0 3 0 2 4 3 4 0 3 0 3 2 5 4 3 0 4 1 4
   3 3 2 2 1 3 3 3 2 3 5 4 3 1 3 4]
  [0 5 5 4 1 2 4 3 1 1 4 3 2 0 0 3 5 4 1 2 5 4 5 0 3 0 5 1 3 5 3 0 5 5 4
   0 2 2 3 0 5 1 1 1 3 3 5 5 0 0 1 3 2 3 2 1 1 4 3 4 5 4 1 5 2 1 5 1 3 0
   3 2 3 5 2 1 0 5 4 3 3 1 3 3 3 5 2 0 0 3 5 3 4 1 0 5 0 4 0 3 4 0 0 1 5
   4 4 0 0 3 3 4 1 1 4 2 1 3 3 5 3]
  [0 2 5 3 3 1 0 2 1 5 2 2 3 0 0 1 4 3 5 4 1 3 2 0 3 1 2 0 3 4 1 0 5 0 4
   5 4 2 0 2 0 2 2 1 0 4 1 1 3 4 2 1 0 5 1 4 0 2 0 5 3 0 1 3 2 5 1 0 1 5
   5 4 4 1 1 2 1 4 2 0 4 4 5 0 4 0 4 0 0 1 1 5 5 4 0 0 1 4 1 5 1 1 4 3 4
   2 3 3 1 4 4 4 3 4 5 3 4 5 2 4 2]
  [0 2 4 3 5 4 5 4 3 4 1 2 3 2 5 0 4 1 3 2 2 5 0 1 0 0 2 5 4 0 4 2 2 1 2
   4 5 0 2 5 1 0 0 2 3 2 5 2 2 4 1 0 3 4 2 0 5 0 2 2 1 5 0 0 2 1 2 2 0 3
   4 5 4 4 2 5 5 5 3 5 3 1 3 3 3 5 2 2 5 1 5 0 3 0 3 1 2 0 0 2 1 2 3 2 1
   4 3 2 5 0 4 2 5 5 5 3 3 1 1 3 0]
  [0 3 0 4 0 0 3 5 1 0 2 2 5 3 0 5 0 1 4 1 2 4 5 4 1 5 3 5 0 2 2 3 4 0 1
   0 1 5 4 1 2 2 0 1 1 3 0 1 2 4 3 2 2 4 4 5 3 2 2 4 2 1 2 2 4 2 0 5 2 1
   3 4 4 2 2 2 4 4 0 5 4 2 1 5 3 0 3 1 1 4 5 0 4 0 4 3 5 4 0 1 5 3 3 5 5
   3 3 1 2 0 2 3 3 5 3 4 1 1 5 4 0]
  [0 0 1 3 1 5 4 5 1 4 2 2 4 0 2 5 3 0 4 5 4 5 1 3 3 2 5 0 2 0 1 4 4 4 4
   2 5 0 3 3 4 1 3 5 4 2 3 3 3 1 2 4 2 4 4 5 5 5 4 4 4 1 3 1 0 3 0 4 2 0
   1 5 2 4 1 4 5 2 2 1 0 1 2 4 0 5 0 5 2 5 1 1 4 1 3 5 4 4 0 0 5 0 5 4 0
   1 5 2 3 0 4 4 3 0 3 3 2 1 4 0 1]
  [0 4 3 5 4 2 2 5 4 2 1 0 0 4 0 1 2 0 0 3 3 0 1 0 0 1 3 4 5 2 0 5 3 4 4
   5 2 1 5 2 4 0 2 4 5 1 1 5 2 4 0 0 1 3 5 3 0 4 3 1 2 3 0 3 1 0 1 5 1 1
   3 5 5 2 1 4 5 5 2 5 5 3 1 5 4 1 3 2 0 1 2 0 1 5 2 5 5 5 3 0 1 3 1 4 3
   5 0 1 5 3 1 0 0 1 1 1 5 4 3 3 4]
  [0 5 2 0 4 2 0 0 4 2 1 0 5 2 5 0 5 0 4 0 5 2 4 5 4 3 0 5 4 2 1 0 5 3 1
   0 1 4 3 0 2 0 2 5 2 0 4 5 4 2 1 2 1 4 3 2 1 5 0 5 2 3 1 3 2 1 1 1 5 5
   1 5 1 1 2 5 0 3 0 4 3 0 3 3 4 1 3 5 3 0 4 2 0 2 3 5 2 5 1 4 4 0 0 4 2
   1 3 3 4 3 3 5 0 3 4 3 2 4 4 0 1]
  [0 5 1 1 3 3 0 3 2 0 4 0 4 0 4 5 5 5 4 3 0 2 0 2 5 4 3 5 0 1 0 0 1 0 0
   2 4 1 4 5 2 0 2 2 4 1 1 5 3 0 2 1 0 4 0 2 3 2 5 4 3 4 1 0 4 1 2 0 2 2
   5 0 0 3 5 1 4 2 4 0 1 2 3 3 0 5 4 1 1 3 4 4 2 0 1 2 4 5 4 5 3 1 2 4 2
   1 3 5 0 3 5 5 2 5 3 5 1 1 0 4 5]
  [0 0 2 5 5 0 2 5 5 0 2 5 0 5 3 1 2 2 1 5 3 0 1 1 0 0 3 0 3 1 5 2 3 3 3
   1 1 1 0 4 1 1 4 4 2 2 1 5 5 0 1 5 4 3 0 0 0 4 2 0 0 1 1 0 1 5 3 3 2 0
   4 1 4 5 0 3 0 1 4 4 1 3 5 5 2 3 5 0 4 0 0 4 1 3 4 1 1 4 1 3 1 0 1 4 3
   2 2 4 1 2 3 4 0 0 0 1 3 0 3 5 1]
  [0 5 2 2 2 4 1 3 5 5 0 4 5 3 3 2 2 3 3 2 2 5 0 2 1 1 2 5 3 4 4 1 3 5 4
   4 1 5 1 4 5 2 0 0 2 0 2 1 5 0 3 3 3 1 2 4 1 2 1 3 3 1 3 2 1 5 1 2 3 4
   0 0 3 4 0 1 3 0 4 2 1 4 3 1 0 4 2 4 3 1 4 2 3 3 5 4 1 3 1 5 1 2 0 2 4
   1 1 4 0 5 4 4 2 0 5 5 4 3 1 3 5]
  [0 2 1 0 2 5 5 2 4 4 5 2 4 2 1 3 2 0 0 3 2 5 1 0 4 0 0 5 0 1 2 3 5 0 1
   1 3 2 0 2 3 5 4 0 3 2 5 2 3 3 1 0 3 2 3 0 1 2 3 0 3 4 1 5 4 4 4 5 2 3
   2 2 5 0 2 5 5 5 2 1 4 2 4 5 5 1 1 0 0 0 3 4 3 4 2 0 0 0 0 2 3 3 3 2 5
   0 5 3 0 1 5 2 1 2 2 0 0 0 5 3 1]
  [0 3 4 2 2 5 0 2 1 0 4 1 5 0 0 1 1 5 5 1 4 5 0 1 0 0 2 2 0 0 4 3 4 5 4
   5 2 2 3 1 2 3 4 2 2 3 3 4 0 3 0 4 0 3 1 5 5 0 4 1 2 5 2 1 0 5 3 3 2 0
   1 4 2 0 2 1 3 5 5 3 2 4 2 0 5 1 2 4 3 0 0 5 2 4 5 0 4 2 3 5 3 3 4 2 4
   5 1 3 4 4 5 4 2 3 3 1 2 0 4 1 3]
  [0 0 5 0 2 4 4 4 1 0 4 4 3 0 0 5 2 0 0 1 0 0 0 5 1 0 0 5 4 1 3 1 4 2 3
   1 4 2 3 3 3 2 2 2 0 4 1 0 5 1 1 0 2 3 1 2 2 5 4 4 3 0 0 0 4 2 2 1 3 2
   2 5 4 4 5 3 1 5 5 2 4 1 1 0 4 4 5 1 4 2 0 1 2 1 0 0 5 4 3 4 3 4 2 1 3
   3 0 1 4 0 4 3 4 0 1 0 0 2 5 5 1]
  [0 0 2 2 1 0 0 3 4 5 3 4 1 0 1 1 2 4 2 1 3 4 5 3 4 2 0 1 0 4 4 2 0 1 5
   4 2 1 0 4 0 2 5 5 0 0 5 2 2 1 4 5 5 1 0 0 5 5 2 3 2 4 3 3 3 2 4 4 1 3
   4 1 1 4 0 2 4 5 3 5 5 2 4 5 0 3 1 0 1 5 3 2 4 4 1 5 5 3 0 5 1 3 5 0 0
   0 2 3 5 1 2 2 4 4 5 3 0 2 1 1 4]
  [0 2 3 3 3 5 1 1 0 5 4 5 0 4 5 2 3 4 1 0 1 4 3 4 1 1 0 0 4 3 0 1 2 5 2
   3 5 1 2 3 3 1 5 2 2 1 4 3 5 3 4 3 4 5 2 1 2 1 3 5 4 2 2 0 0 0 2 3 2 4
   5 4 5 1 5 2 5 3 1 0 1 2 3 3 0 1 4 3 3 1 2 3 2 1 3 1 2 3 4 3 4 5 4 5 3
   0 0 1 4 0 1 2 2 4 5 1 0 5 4 0 4]
  [0 1 3 3 2 3 5 3 0 2 3 0 5 3 0 4 2 3 4 5 4 4 5 1 1 1 5 5 0 4 3 2 0 5 3
   4 5 5 1 0 0 1 2 3 3 3 4 2 1 0 5 5 1 0 2 0 1 3 4 0 0 1 4 5 3 2 3 0 4 5
   3 1 1 5 4 0 1 5 3 2 2 0 4 2 5 5 1 5 0 2 2 1 3 0 2 0 3 3 0 1 3 5 0 4 5
   3 3 2 3 4 2 0 0 2 2 5 4 4 5 2 5]
  [0 4 3 2 2 3 1 3 0 4 5 5 3 0 3 4 3 2 5 1 0 4 4 4 4 4 5 0 4 0 2 1 2 1 2
   5 3 5 2 5 5 2 4 1 3 0 4 1 4 5 1 2 1 3 1 0 4 4 0 5 2 0 5 2 1 0 5 4 5 3
   2 2 0 5 2 1 1 2 5 4 5 2 0 3 0 1 1 4 4 0 1 4 4 2 2 3 0 4 4 3 0 3 1 5 3
   3 0 1 3 2 4 3 3 3 5 1 5 1 3 5 2]
  [0 2 4 3 5 0 2 3 1 3 4 4 3 5 4 0 4 0 5 5 4 4 5 1 1 1 2 0 4 3 0 0 2 1 3
   1 1 1 2 4 2 2 3 4 1 4 3 5 1 3 0 3 5 1 1 4 3 3 5 5 3 3 4 3 0 1 2 3 0 5
   3 0 4 4 4 2 0 4 2 5 0 3 4 4 3 4 1 5 3 1 5 2 2 3 2 3 1 3 0 3 5 2 3 5 5
   5 3 0 2 1 1 3 1 2 2 0 0 0 1 2 2]
  [0 1 0 0 1 5 1 0 1 4 4 0 0 1 0 2 5 4 2 5 5 5 1 0 3 2 3 2 1 0 0 0 2 1 0
   3 0 0 2 1 0 3 1 2 1 5 3 5 1 4 4 5 2 2 0 0 0 0 4 0 5 3 2 5 5 1 2 1 5 5
   2 3 1 5 4 2 5 5 3 3 1 4 0 4 5 1 5 1 4 3 3 0 0 2 3 2 3 1 0 3 1 4 0 0 3
   3 1 1 0 5 1 4 5 2 0 2 1 0 1 5 3]
  [0 5 0 1 5 5 2 5 1 5 5 3 2 0 5 1 5 3 4 1 2 4 5 2 0 0 2 1 3 1 1 0 0 2 5
   4 0 4 4 1 0 3 0 5 5 2 0 4 2 0 2 1 2 4 5 3 2 4 2 4 5 2 1 4 3 2 3 2 4 0
   3 5 5 4 3 3 0 0 2 0 4 3 0 3 0 5 5 1 2 5 0 5 2 0 5 5 5 4 3 4 0 2 5 1 3
   3 1 4 4 4 1 0 5 5 1 5 0 3 0 3 1]
  [0 2 5 3 1 5 1 2 5 5 5 0 4 0 0 0 3 4 3 2 2 5 3 1 1 4 0 2 5 1 5 3 0 0 2
   0 3 2 4 0 1 5 5 2 5 5 0 3 4 3 5 1 0 1 4 1 5 0 1 1 3 3 3 3 3 5 1 5 3 4
   5 0 0 3 4 5 4 3 4 5 1 0 5 0 4 1 2 3 3 5 1 0 2 0 2 5 2 2 2 3 3 3 0 0 0
   5 3 3 3 3 3 1 2 5 5 3 5 5 5 1 4]
  [0 4 4 0 2 2 4 2 1 1 3 4 5 1 0 5 2 3 4 1 4 4 1 0 0 0 3 4 2 2 1 0 0 0 0
   3 3 5 1 1 3 4 0 5 5 2 1 4 5 4 3 0 0 4 0 1 3 2 0 0 2 2 3 0 3 1 5 2 3 2
   3 5 4 5 3 3 5 5 0 0 2 2 3 0 4 1 4 2 4 3 2 3 3 2 2 2 0 0 2 1 2 3 3 2 1
   0 5 5 2 4 5 5 3 3 5 1 3 2 4 5 5]
  [0 0 0 5 0 3 0 4 4 5 5 4 0 4 5 3 3 0 2 2 0 3 0 4 2 1 1 0 5 2 1 4 1 2 2
   0 4 4 1 5 2 4 3 4 1 2 3 2 3 3 2 3 4 5 0 0 0 4 4 1 2 3 4 4 5 4 3 4 3 3
   1 3 5 3 5 2 4 4 0 5 5 2 0 1 4 5 1 4 5 0 1 5 2 0 5 5 5 4 2 5 0 1 4 2 5
   0 2 0 4 4 1 3 5 5 0 3 0 5 2 3 0]
  [0 4 2 3 1 4 4 3 4 4 5 2 4 4 3 1 1 0 2 0 2 5 5 0 5 0 5 5 4 4 5 4 0 3 5
   5 0 3 0 4 2 5 0 1 1 3 5 2 1 4 5 0 4 2 2 2 5 5 0 3 1 1 0 3 1 2 5 2 0 0
   2 1 2 0 2 3 0 3 3 4 2 5 5 0 2 0 0 0 0 2 0 4 3 3 5 3 2 1 1 2 3 3 2 5 1
   5 3 1 0 5 1 5 5 3 0 5 4 2 1 3 2]
  [0 0 5 0 4 0 4 0 0 5 4 5 5 1 5 2 5 0 3 4 5 1 4 5 4 3 0 1 5 5 4 0 2 1 2
   0 4 0 0 2 0 3 5 1 0 1 4 1 2 1 2 4 4 1 0 3 3 0 5 4 5 0 3 1 2 5 2 0 3 4
   4 0 0 3 1 2 3 3 2 2 1 2 1 0 3 3 0 1 4 5 0 4 2 0 2 1 2 0 4 4 3 4 4 2 4
   0 5 5 5 1 1 4 4 1 3 2 5 3 3 0 0]
  [0 5 0 3 4 0 4 3 2 4 5 3 4 2 0 2 5 0 1 5 0 0 3 3 2 4 2 0 0 2 3 4 0 0 5
   5 5 0 0 3 0 4 2 1 3 0 4 2 0 1 5 3 4 0 5 3 3 1 2 1 0 0 4 1 1 2 3 1 0 4
   5 1 4 1 4 2 3 3 2 0 5 1 5 4 4 0 1 5 4 3 2 0 4 2 4 5 0 4 4 0 0 5 2 2 4
   2 4 3 0 1 3 4 1 4 2 3 3 1 5 2 5]
  [0 3 0 2 5 4 4 5 4 0 0 2 5 3 3 2 0 0 2 1 1 5 5 4 2 0 3 0 5 4 4 2 5 3 0
   3 5 1 1 0 5 5 0 2 2 5 5 5 5 1 5 4 4 1 2 4 2 5 1 1 4 3 5 4 3 1 3 2 2 4
   2 5 5 1 1 2 0 0 4 3 4 5 4 4 4 2 1 5 3 3 1 1 4 2 5 0 5 4 3 4 4 4 3 2 1
   3 3 0 1 1 2 4 0 2 3 1 5 0 1 0 3]
  [0 5 2 5 5 2 4 5 3 1 0 3 3 3 5 2 3 3 5 3 2 5 3 1 5 4 2 1 2 1 1 3 5 3 3
   2 5 3 1 0 0 0 0 5 2 0 2 1 5 4 0 4 1 4 3 1 0 5 3 4 0 2 5 5 5 0 4 1 5 4
   0 4 4 1 4 4 2 2 5 5 5 4 2 5 5 3 2 5 3 0 1 2 4 5 5 1 4 4 1 0 3 4 4 3 5
   0 3 4 3 1 1 2 0 5 0 2 3 1 5 0 2]
  [0 4 3 1 5 3 3 5 5 3 1 5 1 1 2 5 1 1 5 5 2 0 0 1 4 2 1 1 4 0 1 5 4 3 3
   2 2 2 1 4 0 0 5 0 0 3 5 3 1 1 0 2 1 2 4 2 1 0 3 2 1 2 4 3 5 1 4 5 3 4
   5 2 5 4 2 1 4 4 0 0 4 4 5 1 2 0 3 1 2 4 5 4 3 3 3 0 3 1 0 2 0 4 4 3 1
   0 5 5 2 1 3 3 0 5 5 4 5 1 1 2 4]
  [0 3 5 2 5 0 3 0 1 5 4 5 0 1 2 2 1 3 3 0 2 1 3 1 2 0 0 2 3 1 0 4 5 0 5
   5 3 2 1 4 1 4 0 4 4 4 3 1 5 2 0 2 4 0 3 4 1 3 0 3 4 1 3 3 2 5 2 4 0 4
   4 4 1 3 0 5 0 4 4 4 3 0 4 2 5 0 2 4 1 5 2 1 4 1 3 3 0 5 3 5 0 1 4 1 3
   1 0 5 2 3 0 0 0 1 0 5 0 1 3 2 4]
  [0 4 2 5 1 0 2 2 5 4 3 1 2 0 5 2 0 1 1 0 2 0 5 4 0 5 0 1 0 1 3 4 0 3 0
   4 0 2 1 0 1 5 3 0 2 4 4 2 2 1 5 0 3 2 0 1 4 1 4 4 4 5 5 4 3 3 3 4 1 2
   1 1 5 5 3 0 1 2 1 5 2 0 5 2 2 2 1 2 4 5 1 5 0 4 2 0 4 4 3 3 5 3 0 2 2
   5 2 4 5 0 4 1 0 4 4 2 2 2 3 1 1]
  [0 4 2 3 4 4 2 1 5 5 3 2 0 1 5 2 0 2 2 1 4 2 5 5 0 4 4 3 1 2 2 1 2 3 4
   1 3 1 0 4 0 1 2 0 0 2 5 2 1 3 0 1 3 5 0 2 5 5 1 1 2 3 0 1 4 1 2 5 1 3
   0 2 3 0 2 5 2 3 1 3 3 4 2 5 2 5 1 3 3 2 0 5 0 2 3 4 1 1 1 0 5 2 5 0 0
   4 2 0 5 4 0 3 3 2 4 0 4 5 1 5 3]
  [0 0 1 4 0 0 1 0 0 5 5 3 0 0 5 4 4 2 1 2 5 3 0 1 4 2 3 0 0 0 5 4 1 5 0
   0 5 3 2 0 5 1 3 1 4 0 0 2 0 5 4 0 1 5 4 0 5 0 2 2 1 5 0 4 4 0 4 2 1 3
   4 4 5 4 3 0 3 0 0 2 5 0 0 3 4 0 0 2 2 2 3 3 4 1 1 5 1 5 5 4 0 0 3 0 1
   0 3 3 4 1 1 3 1 4 0 5 1 5 0 1 5]
  [0 5 5 1 0 1 4 0 1 2 5 4 3 4 3 0 5 5 4 4 4 1 5 1 2 4 0 5 0 3 1 4 4 5 2
   3 2 2 4 5 3 5 1 0 1 1 0 3 3 4 1 2 2 4 2 4 1 0 1 0 4 4 4 4 3 0 4 3 5 1
   4 1 2 5 1 4 1 0 3 3 3 0 2 3 0 2 0 2 1 0 5 4 1 5 3 0 3 2 1 4 3 0 2 5 2
   5 3 1 1 4 3 2 5 1 4 1 5 0 0 0 4]
  [0 0 4 2 5 1 1 0 1 4 2 4 2 1 3 1 3 2 1 1 2 3 2 1 0 2 5 1 0 0 5 2 2 3 5
   5 3 5 5 3 1 2 0 0 3 4 2 0 3 0 1 5 4 1 0 0 4 1 4 5 3 5 1 4 3 5 0 4 0 0
   4 1 1 2 3 2 0 1 5 4 2 1 4 5 0 4 1 4 3 5 2 2 4 0 0 5 4 2 1 0 3 0 1 4 1
   4 3 4 3 1 2 4 4 0 2 0 0 0 5 1 0]
  [0 0 3 3 1 2 3 4 1 4 5 3 3 5 3 3 3 2 0 5 3 5 2 0 3 1 1 1 0 3 3 1 4 3 2
   0 1 3 4 0 4 5 5 2 0 1 1 1 0 2 5 5 5 1 1 0 4 3 2 4 3 1 2 3 1 2 3 5 0 0
   3 3 0 5 0 1 5 0 5 1 4 4 3 5 3 0 2 4 2 3 4 2 2 0 5 1 2 5 4 1 0 4 1 2 2
   5 5 4 4 2 3 4 1 1 2 4 1 0 4 2 0]
  [0 5 2 4 0 2 3 5 4 2 2 1 3 3 5 0 3 5 2 4 0 3 5 4 0 0 1 5 2 4 0 3 0 1 1
   3 5 5 4 4 1 0 3 2 3 3 3 2 3 0 1 5 2 0 4 3 0 0 5 3 5 4 0 2 4 1 5 3 1 2
   4 2 2 1 0 2 4 2 1 2 4 4 1 0 4 1 1 5 3 5 0 0 0 5 2 5 2 4 3 0 0 4 1 2 0
   5 5 4 4 2 2 4 4 2 3 0 5 1 4 1 4]
  [0 1 3 3 1 5 5 1 0 2 2 3 4 0 0 4 2 2 4 1 1 4 2 0 4 0 0 1 2 0 3 5 0 4 5
   2 2 5 4 4 1 0 5 0 0 2 0 0 1 2 0 5 0 2 3 0 4 2 5 3 1 0 5 2 2 0 1 2 1 0
   3 0 2 0 4 3 1 3 0 0 2 5 5 1 1 2 3 2 4 5 3 2 2 0 5 2 1 4 2 1 3 5 1 4 1
   2 5 4 5 0 4 0 4 4 2 4 5 3 3 5 5]
  [0 5 1 2 4 4 1 3 1 4 3 3 3 4 4 2 4 0 1 2 1 3 4 5 3 4 4 1 1 5 5 2 4 1 1
   2 5 1 3 4 1 4 1 1 1 3 1 2 3 4 5 0 0 5 4 0 3 5 4 4 5 0 4 2 4 2 3 2 2 4
   5 1 2 3 2 1 0 3 5 4 5 1 3 3 3 0 4 3 0 2 5 5 4 3 2 1 3 2 3 0 1 0 2 5 0
   1 0 0 2 1 2 5 4 3 1 1 0 3 4 4 2]
  [0 3 3 4 0 1 2 3 3 1 5 2 3 2 4 4 1 3 5 2 0 4 3 2 1 2 5 4 2 4 2 0 2 5 1
   5 1 5 0 4 0 1 2 3 0 1 1 5 1 3 0 5 0 5 2 0 5 0 0 4 2 2 0 4 5 5 4 1 3 4
   2 0 4 4 1 2 4 2 4 3 4 0 3 4 1 5 1 5 2 5 1 1 0 3 3 0 1 4 3 3 3 3 0 2 5
   0 1 5 5 0 0 1 0 0 3 3 1 3 5 0 3]
  [0 0 0 3 4 5 4 1 1 0 4 0 1 3 5 3 4 1 5 4 3 4 4 5 5 0 5 0 5 3 2 3 2 2 0
   5 4 5 5 1 4 0 3 2 0 3 0 0 1 3 0 2 4 0 4 2 0 0 1 3 0 5 4 2 0 0 4 5 4 2
   5 5 4 0 0 2 5 0 5 3 0 2 0 5 3 4 0 3 5 2 1 4 1 5 5 3 5 2 3 1 3 5 2 4 0
   2 3 2 3 1 3 1 1 2 1 4 3 3 4 2 0]
  [0 2 1 1 1 2 5 3 2 4 0 1 5 0 3 4 1 1 4 2 4 4 2 5 3 4 4 4 3 1 5 1 1 1 5
   5 3 2 0 2 2 0 4 5 2 5 2 0 0 2 3 4 1 3 0 1 5 3 2 5 5 1 5 5 4 2 0 4 5 3
   1 4 5 5 4 5 5 1 3 5 1 5 4 2 0 1 2 1 3 0 0 0 5 3 5 3 1 1 4 3 4 5 2 1 3
   5 1 2 3 2 5 0 0 0 0 4 3 3 1 2 1]
  [0 2 0 3 2 1 0 2 3 2 0 2 5 5 4 2 3 0 1 3 2 2 2 3 1 5 3 3 1 5 3 1 4 2 2
   0 2 5 4 3 4 4 3 4 4 0 5 3 1 5 4 0 2 2 3 0 3 0 5 0 5 0 4 5 1 5 0 2 4 5
   0 2 5 3 0 5 5 4 5 5 1 5 5 1 4 1 0 5 5 3 2 3 1 5 4 1 1 0 4 0 4 2 1 1 3
   1 2 3 0 2 2 3 4 2 4 2 1 4 5 5 4]
  [0 0 3 3 5 1 0 4 4 5 5 2 4 3 5 1 1 4 1 5 4 2 2 3 2 2 3 2 5 1 0 3 5 5 5
   0 2 5 2 1 3 4 1 2 4 4 2 0 0 1 1 3 5 3 0 1 0 0 5 5 2 1 2 2 4 3 4 4 3 4
   0 3 2 4 3 3 5 4 1 5 1 2 0 1 4 1 2 5 3 0 4 1 4 2 1 4 1 4 3 4 4 0 4 5 5
   4 5 4 1 3 5 1 1 3 4 3 1 5 2 2 1]
  [0 3 5 0 3 0 2 5 5 4 2 0 4 3 2 1 5 2 3 0 2 2 1 2 5 0 4 0 2 3 1 3 5 0 4
   5 3 0 0 2 4 0 1 4 4 5 0 4 0 0 3 4 0 1 3 0 5 0 4 1 1 0 0 2 3 5 5 3 0 1
   0 0 2 4 1 4 2 5 0 5 4 1 2 2 1 4 2 3 1 4 2 5 1 4 5 2 4 0 1 1 4 5 3 2 1
   2 2 4 2 1 3 4 3 2 4 5 4 1 4 0 2]
  [0 2 3 0 0 5 2 2 4 2 2 3 5 1 4 2 5 1 0 3 3 0 1 5 4 0 2 2 3 5 5 5 3 5 4
   3 1 0 5 1 4 4 0 5 1 2 2 4 0 1 4 5 1 1 0 2 5 4 0 2 3 5 5 3 2 2 0 0 0 2
   4 5 5 2 5 1 3 3 4 0 2 2 3 0 3 0 0 2 1 2 2 0 5 0 0 1 1 3 4 1 4 4 4 4 1
   0 3 1 1 3 3 4 0 5 1 2 2 0 5 3 2]
  [0 2 3 0 0 4 1 2 3 4 0 2 1 3 5 2 3 5 3 1 0 3 0 4 0 4 0 1 0 2 2 2 1 4 3
   0 0 2 5 5 5 0 4 3 0 5 0 4 0 5 3 0 1 3 1 2 3 0 4 0 2 0 5 0 2 0 1 2 3 5
   4 0 5 1 4 2 3 0 0 5 5 1 3 4 3 4 2 5 1 0 2 0 4 1 3 5 1 0 5 3 5 3 1 4 2
   0 1 4 2 3 1 4 2 1 0 4 0 5 2 3 1]
  [0 3 3 1 1 0 2 1 2 0 4 0 2 2 0 5 2 0 3 2 3 4 3 2 1 3 0 5 0 4 5 5 1 3 4
   4 2 3 4 3 5 0 2 2 4 4 0 3 2 2 0 2 4 3 0 5 4 2 0 1 0 0 0 3 0 0 2 1 5 0
   3 2 1 0 3 4 5 5 3 5 1 5 5 1 2 1 1 5 1 1 1 1 3 5 1 4 5 1 3 5 1 2 5 3 5
   5 0 3 1 4 4 2 1 4 3 2 5 4 3 4 3]
  [0 5 1 0 3 0 0 2 5 0 1 5 5 1 4 4 3 5 2 2 1 4 3 5 4 2 1 4 0 2 0 5 2 3 5
   5 0 4 0 5 1 3 1 2 2 4 3 0 4 0 5 3 3 5 3 3 2 3 4 2 1 0 1 4 5 4 3 5 2 3
   1 4 5 0 4 0 5 4 3 5 5 4 3 4 3 2 0 3 2 4 3 3 1 5 1 5 5 1 2 3 2 2 2 2 4
   0 2 4 4 4 0 1 5 4 0 3 3 0 0 0 1]
  [0 3 2 0 3 3 0 0 3 1 3 4 4 0 2 4 1 3 1 2 4 4 4 2 4 5 0 0 2 2 3 5 3 5 5
   1 3 4 1 3 2 3 5 5 4 1 5 3 3 1 0 1 2 5 3 0 5 3 5 5 5 4 0 0 1 1 0 3 5 3
   3 3 4 2 2 1 0 5 4 5 3 0 5 4 0 5 2 2 1 3 5 1 3 3 3 4 5 2 5 4 3 4 0 3 1
   2 3 2 5 5 2 4 1 0 1 0 1 3 1 2 5]
  [0 5 1 4 5 2 3 5 0 1 5 2 5 1 5 5 0 3 1 3 0 3 0 2 1 0 4 3 4 5 3 3 0 4 3
   0 1 2 2 4 3 1 2 4 2 2 3 4 1 5 1 2 4 3 5 1 2 2 3 3 1 5 5 0 2 1 1 5 0 2
   4 0 4 2 3 2 3 5 2 1 2 5 1 5 4 2 2 1 2 2 3 1 0 5 2 0 3 1 5 3 0 2 5 0 0
   1 5 4 5 3 4 2 1 2 4 5 2 1 4 1 5]
  [0 0 2 1 3 4 5 0 4 2 4 3 0 2 3 5 1 5 0 5 2 1 1 3 0 2 0 2 0 5 0 0 2 2 0
   3 5 5 5 0 0 4 5 3 3 3 5 5 1 2 3 5 3 5 5 1 5 5 3 0 1 2 4 3 0 5 2 2 3 3
   0 4 4 0 0 4 2 2 2 1 4 0 2 1 5 3 3 4 4 0 0 0 5 5 4 2 4 2 3 3 2 5 1 4 0
   2 3 5 4 1 5 1 3 5 3 3 2 2 3 4 2]
  [0 0 3 3 2 5 0 1 1 4 2 4 4 5 3 0 2 0 4 2 1 1 1 0 1 3 1 4 4 3 3 5 3 4 1
   2 1 5 5 2 2 2 5 2 0 2 2 2 1 2 0 1 4 2 5 3 4 3 5 0 1 2 4 3 1 0 1 2 0 0
   1 4 0 0 2 2 3 0 1 5 3 1 2 3 4 5 4 4 5 3 1 4 5 5 2 2 1 3 2 5 4 4 3 0 2
   3 3 2 5 4 2 1 4 2 3 2 3 3 1 1 4]
  [0 2 3 3 0 3 2 2 2 3 2 4 2 0 2 4 3 4 0 3 3 4 5 4 3 2 0 2 3 0 0 5 0 5 2
   1 1 4 2 1 0 5 1 0 1 2 1 0 1 0 5 2 2 3 4 4 5 3 0 0 2 5 3 1 1 5 0 1 3 3
   5 2 4 0 5 3 0 2 4 1 2 3 0 2 1 5 2 3 3 3 5 1 4 2 5 2 2 1 4 0 2 4 1 2 1
   3 1 2 1 3 2 2 0 3 4 3 4 4 4 1 3]
  [0 5 1 4 1 0 3 3 3 0 4 2 0 2 2 2 4 3 1 2 4 0 4 3 0 4 4 5 2 4 0 5 4 5 3
   2 4 2 0 3 4 2 2 2 3 2 2 3 1 3 5 4 3 4 3 0 3 5 4 3 5 3 3 5 0 1 5 0 5 1
   4 1 3 3 4 1 0 4 0 1 1 5 0 3 5 1 3 2 4 2 3 1 4 3 1 4 5 1 4 2 5 2 2 4 3
   4 4 5 4 2 1 5 0 3 3 1 3 5 2 2 0]
  [0 1 4 4 2 0 0 3 3 5 5 3 0 1 5 0 1 3 3 1 4 3 0 2 0 2 2 4 5 5 0 5 5 2 0
   3 2 3 2 0 0 3 2 0 2 1 0 4 4 3 0 5 1 2 0 5 1 0 0 2 5 2 3 5 1 2 5 3 0 2
   4 5 2 4 0 5 4 2 0 0 1 3 5 0 0 1 0 4 3 5 3 0 4 0 5 0 0 0 2 0 4 2 3 2 2
   0 1 3 4 4 3 3 5 2 5 3 4 5 5 0 0]
  [0 3 0 0 3 5 1 4 0 2 3 4 5 0 1 2 1 0 5 3 5 4 2 5 4 4 0 5 4 5 3 2 4 3 4
   1 1 5 2 5 3 4 4 5 0 3 4 5 2 1 5 2 1 4 0 2 2 0 0 4 1 1 2 1 0 5 0 0 5 0
   4 3 1 3 1 1 0 2 4 1 0 3 2 4 4 0 0 3 3 0 2 0 1 3 0 5 3 3 4 5 4 5 1 3 2
   1 1 4 4 2 2 5 2 5 4 5 4 0 0 3 5]
  [0 0 2 1 2 0 5 3 3 2 5 4 0 0 5 1 4 1 3 3 3 1 0 0 5 4 2 5 3 3 1 4 2 4 0
   4 2 4 5 2 4 5 2 1 5 4 5 0 5 0 3 0 5 5 5 2 4 1 3 4 1 1 1 4 5 5 2 3 5 4
   0 0 3 1 0 0 5 4 4 4 2 5 2 1 2 0 1 5 3 4 4 5 0 2 3 4 4 3 5 1 0 3 2 0 3
   1 0 5 5 1 2 4 2 0 5 2 3 5 3 3 1]
  [0 0 1 2 2 0 1 2 0 2 5 5 5 5 0 1 0 1 2 5 3 0 2 1 2 5 5 0 4 1 1 5 5 3 5
   3 4 4 1 2 2 4 1 3 2 2 3 4 4 2 3 2 1 5 2 3 0 5 1 3 4 5 3 2 0 1 0 5 0 4
   3 0 3 4 0 5 4 3 1 2 4 3 2 3 0 3 2 2 1 4 5 0 2 1 1 2 2 5 0 1 2 3 0 0 2
   5 5 1 4 2 2 3 5 4 1 3 4 4 1 1 5]
  [0 0 4 2 3 2 3 5 1 5 3 4 0 2 5 2 4 2 0 2 4 1 4 3 5 3 5 1 2 1 1 1 5 0 5
   3 4 2 2 1 5 5 5 3 1 0 3 3 0 2 2 1 3 2 2 0 4 5 0 5 4 3 0 0 5 1 1 1 4 2
   5 4 0 1 0 4 4 4 3 2 0 2 4 2 2 5 5 3 4 0 1 1 1 0 2 4 2 4 4 3 0 4 3 1 1
   4 3 1 4 0 3 3 2 3 1 3 2 1 4 4 4]
  [0 5 2 4 4 4 5 5 5 1 5 1 1 4 5 0 4 3 5 5 4 2 3 0 2 3 4 2 2 2 1 1 4 1 4
   2 5 2 4 3 1 4 0 2 4 1 5 2 1 5 4 3 1 0 1 2 2 1 0 5 4 4 0 4 1 0 0 3 3 0
   1 1 3 0 3 4 1 1 0 5 1 5 0 4 3 5 1 1 1 0 4 5 3 1 0 1 1 2 0 1 0 4 1 3 2
   1 2 0 5 2 5 4 1 0 2 1 1 5 4 5 1]
  [0 3 0 1 5 0 2 2 1 1 0 0 1 4 0 1 1 2 5 5 5 5 4 5 3 4 2 5 1 5 3 1 4 3 1
   1 5 0 4 2 0 4 0 0 3 0 1 1 0 1 2 5 5 3 4 0 3 5 0 1 2 2 3 0 4 2 0 3 0 5
   1 3 1 4 0 4 3 4 3 1 5 2 2 5 0 1 0 5 1 2 3 1 3 4 4 2 3 1 3 4 1 2 3 0 0
   3 5 4 5 4 2 4 3 2 5 0 2 0 1 3 3]
  [0 3 0 0 1 1 4 0 1 1 0 5 4 5 3 4 1 4 4 0 2 0 5 0 0 0 4 5 3 5 0 0 4 3 5
   2 4 0 2 1 4 5 4 2 5 4 3 1 5 4 3 4 4 3 2 2 3 3 0 5 1 2 2 0 0 3 4 1 4 2
   5 1 4 5 1 0 1 3 4 0 3 2 3 4 2 2 3 4 0 3 5 2 1 0 4 1 3 2 0 5 1 0 3 3 1
   0 1 0 0 2 5 2 4 1 4 5 1 0 4 0 4]
  [0 3 2 0 0 2 0 5 4 3 1 2 4 0 2 5 4 0 4 5 5 3 5 0 4 3 2 0 4 1 5 3 2 2 5
   1 4 2 5 5 5 3 3 5 5 5 3 0 0 1 5 0 5 0 0 2 0 2 5 5 1 2 2 3 0 5 4 4 2 4
   2 2 2 0 4 2 0 5 2 4 4 5 2 5 0 4 4 2 3 1 1 3 3 1 4 2 2 2 5 1 4 0 3 4 1
   1 0 4 5 5 1 4 1 3 3 5 5 4 0 3 2]
  [0 3 1 0 0 4 1 4 1 1 4 3 1 3 0 4 1 2 2 1 2 2 4 5 0 2 5 2 4 4 3 4 4 5 5
   5 1 2 3 2 4 1 2 1 4 4 4 5 4 1 1 2 5 5 1 0 3 4 3 2 2 2 5 3 2 3 5 4 3 4
   1 2 0 4 2 2 3 0 3 0 5 5 0 4 1 1 0 3 1 1 3 1 3 1 1 2 0 4 4 4 5 0 4 5 5
   4 2 4 4 2 0 1 1 5 1 5 4 0 5 2 3]
  [0 4 0 5 0 0 4 3 3 4 1 4 2 0 1 0 4 0 3 1 1 4 4 4 0 3 3 3 2 0 3 0 4 5 4
   2 5 2 1 3 2 5 0 0 5 3 2 0 2 3 2 2 1 5 1 0 5 5 3 5 3 5 0 5 5 5 4 5 0 4
   4 2 5 3 4 4 5 0 0 2 3 3 1 1 3 5 3 4 3 3 2 1 2 4 1 1 0 5 0 5 2 1 0 2 2
   0 0 3 3 1 2 0 1 1 3 0 3 5 4 1 1]
  [0 5 5 4 3 5 2 5 1 3 1 4 4 1 5 2 0 4 3 2 4 1 2 4 3 3 4 5 0 2 2 4 2 2 4
   5 3 4 5 0 3 1 5 0 3 2 3 2 2 0 2 0 2 5 0 0 0 0 3 0 5 5 5 5 1 5 5 3 5 5
   2 2 5 1 1 5 5 2 3 0 2 2 3 0 1 5 4 2 0 5 3 3 0 3 2 5 2 2 3 0 2 1 3 1 0
   2 5 3 0 1 2 3 2 2 0 2 4 1 1 3 4]
  [0 3 4 4 2 0 2 2 4 3 3 5 1 1 5 5 1 0 3 1 4 2 5 2 1 1 2 5 3 4 5 1 0 4 1
   5 1 2 2 2 2 3 2 3 0 3 3 5 3 5 0 4 0 1 4 4 0 5 0 3 3 1 2 5 2 3 1 4 5 3
   3 1 5 0 2 3 3 2 4 5 0 5 0 3 3 1 2 3 2 1 2 2 4 1 4 3 0 4 4 3 5 3 2 4 1
   2 2 5 4 5 0 1 4 2 0 4 4 1 5 0 5]
  [0 4 2 4 3 3 5 0 4 2 4 5 4 2 2 2 1 0 1 4 5 3 2 0 2 3 3 4 0 1 4 4 1 2 4
   0 5 0 5 3 0 5 5 1 0 2 4 0 3 4 3 3 0 3 3 0 5 3 3 2 0 2 0 4 4 3 1 3 3 2
   1 2 3 2 5 1 3 5 4 2 5 0 0 2 2 2 0 4 2 1 3 0 0 5 4 5 4 0 2 0 0 0 2 5 4
   5 0 3 2 2 2 0 0 0 4 1 5 4 5 4 1]
  [0 1 5 4 1 3 0 5 5 5 2 5 1 5 3 3 4 3 2 1 2 2 0 2 1 2 3 2 4 0 4 0 0 0 2
   2 2 0 1 2 5 3 3 3 4 0 3 3 0 4 4 5 0 5 2 1 0 3 4 2 0 1 4 5 2 0 5 5 3 1
   1 4 1 3 5 4 0 5 0 2 1 4 0 3 1 4 1 3 1 2 3 2 2 5 2 0 1 0 1 2 5 2 5 3 4
   4 3 3 2 5 0 5 5 5 1 1 3 0 3 0 5]
  [0 4 0 5 3 0 1 4 4 1 0 4 3 4 0 0 3 0 2 1 2 5 2 0 0 1 4 0 2 5 1 5 0 4 5
   5 5 4 2 1 1 1 1 1 1 2 4 2 4 3 5 0 1 3 4 2 2 2 5 5 2 1 2 1 3 1 0 0 3 4
   5 3 4 2 2 0 2 4 0 5 0 4 0 0 1 1 3 1 4 0 3 0 1 4 3 1 0 4 5 3 0 1 0 2 5
   5 5 5 0 3 4 4 4 2 0 1 4 3 4 5 2]
  [0 2 1 1 4 3 1 4 1 0 0 0 2 0 5 4 3 3 5 1 0 4 0 1 3 5 0 4 3 4 1 0 3 1 2
   2 1 2 0 2 2 1 2 1 0 5 1 2 5 1 1 2 1 3 1 5 1 4 2 0 3 3 5 3 1 5 1 2 1 0
   4 2 2 5 1 0 4 1 2 3 0 4 4 2 0 4 4 5 3 5 5 3 5 2 0 2 1 0 2 2 2 5 2 3 0
   3 4 5 3 4 5 4 5 4 1 5 3 1 3 3 1]
  [0 3 0 3 0 1 4 4 2 2 5 3 4 2 4 1 5 2 1 2 3 4 1 4 1 5 0 0 2 1 1 0 4 2 1
   3 1 1 0 2 5 1 4 2 2 5 2 1 2 2 5 3 3 0 3 0 1 5 0 5 1 3 2 3 3 2 3 2 1 2
   4 1 1 5 4 0 2 2 4 0 2 4 2 1 1 0 1 1 1 3 4 5 3 1 1 1 5 4 2 5 3 5 3 2 3
   1 1 5 5 3 4 4 5 5 0 0 4 4 1 0 0]
  [0 2 2 5 0 0 5 3 4 2 0 3 4 3 3 3 0 1 3 4 2 1 3 4 2 5 0 0 5 3 1 4 4 0 3
   0 3 0 4 5 2 1 3 4 2 5 0 0 4 0 2 5 0 5 3 1 4 3 4 3 4 2 3 0 4 2 0 1 0 4
   2 5 1 2 3 5 0 3 3 2 2 2 0 2 4 1 0 1 4 0 1 1 2 2 3 5 4 0 5 1 1 0 2 2 5
   2 2 2 2 2 3 3 1 0 3 0 5 5 3 3 1]
  [0 0 3 4 1 3 1 5 0 3 4 1 4 4 5 3 0 4 5 3 0 0 2 0 2 3 2 2 1 0 1 2 0 2 3
   0 2 4 0 5 0 0 2 1 5 3 5 2 3 0 4 0 0 1 4 5 2 5 0 0 1 3 3 5 4 5 3 2 4 0
   5 1 5 2 1 5 1 3 3 5 5 1 5 0 5 3 0 0 3 4 5 4 0 0 0 3 1 1 5 1 3 3 5 3 4
   2 5 4 4 1 1 3 4 1 1 5 4 0 5 5 5]
  [0 4 4 1 2 1 3 0 5 5 5 0 5 5 4 0 1 1 3 2 3 2 5 5 2 0 1 0 1 1 2 0 0 4 5
   3 5 4 0 3 1 0 1 4 1 0 0 3 2 5 5 1 5 1 0 1 2 4 4 1 4 5 0 2 0 1 5 5 3 2
   5 0 0 4 2 3 3 5 4 4 1 2 2 4 0 2 1 2 0 4 3 4 2 3 4 4 5 2 1 1 4 5 1 3 4
   3 1 2 5 2 0 5 1 1 4 4 0 5 0 5 4]
  [0 1 0 0 3 3 0 5 5 2 2 4 0 3 4 1 0 5 3 1 3 5 0 2 4 3 2 1 3 2 3 5 4 2 5
   2 2 2 2 5 2 5 4 2 2 3 1 5 1 3 5 3 4 0 4 1 4 5 5 1 2 0 4 1 0 1 1 0 2 2
   2 3 1 4 1 2 3 4 1 1 1 5 5 0 2 2 0 1 1 0 1 1 4 0 0 1 4 3 3 3 4 4 1 2 4
   1 3 0 0 1 1 2 5 2 5 0 0 5 4 2 2]
  [0 5 4 3 2 0 3 0 1 5 4 3 3 2 5 0 5 4 2 5 5 5 4 3 1 2 1 4 5 2 3 4 2 0 4
   0 2 1 4 3 3 3 3 2 0 3 2 2 4 1 0 0 1 0 4 0 3 2 3 5 0 3 3 3 4 3 4 3 2 2
   1 2 3 1 2 3 3 5 0 3 3 4 4 4 5 1 4 0 0 3 0 4 0 2 4 3 4 1 5 4 3 2 0 1 4
   3 2 0 2 1 5 4 0 2 2 0 1 5 1 5 4]
  [0 2 1 4 3 5 0 3 4 5 0 3 5 0 0 4 2 2 4 4 5 3 0 1 3 2 2 0 4 5 4 1 5 3 5
   5 2 0 4 4 1 2 5 1 2 5 1 4 1 4 2 0 0 3 4 5 5 3 4 1 2 4 5 3 0 2 2 3 4 0
   1 5 2 5 2 2 2 2 0 5 4 0 2 0 0 0 3 2 3 5 5 0 2 2 1 2 1 5 4 1 1 1 5 3 4
   3 2 1 4 4 0 0 5 2 0 2 3 3 2 1 1]
  [0 0 4 2 4 2 4 2 2 2 3 1 2 1 2 5 1 0 3 5 0 1 1 2 3 3 3 5 2 0 4 2 5 2 3
   4 4 1 2 3 2 0 1 0 0 3 5 0 0 2 0 5 3 5 5 2 2 3 1 3 0 0 4 3 5 1 0 4 1 2
   3 4 2 4 5 1 4 3 5 4 2 0 2 1 5 3 3 2 2 3 3 3 0 0 0 5 1 0 3 3 1 0 1 4 0
   5 4 1 5 5 3 3 0 3 0 3 1 3 1 5 1]
  [0 4 0 3 0 4 3 1 0 3 5 4 1 4 0 3 0 0 0 5 2 3 1 4 2 4 3 2 5 4 0 5 5 1 4
   3 1 5 2 3 1 4 1 3 2 2 3 4 4 2 0 5 5 2 3 1 1 3 0 5 4 1 0 2 4 5 0 1 2 5
   4 4 2 0 3 4 5 5 2 4 4 3 3 4 2 0 3 0 2 4 2 2 2 0 2 4 5 1 2 5 3 2 3 3 5
   4 5 0 4 2 4 1 1 2 1 2 5 3 3 2 5]
  [0 5 0 1 1 5 5 3 4 1 4 4 1 5 0 2 2 1 1 0 2 0 0 5 0 4 5 5 2 1 1 4 5 0 0
   4 0 2 4 4 2 4 3 0 3 4 4 2 0 4 3 1 3 2 5 3 0 3 2 4 3 1 0 0 0 2 0 4 4 4
   3 4 4 5 2 2 4 4 5 0 1 4 3 5 1 5 3 3 5 1 2 3 4 3 0 1 2 3 3 5 0 1 3 2 0
   2 4 4 5 0 1 2 3 3 0 5 0 0 0 3 4]
  [0 3 4 0 3 5 4 0 3 3 0 3 4 1 2 3 3 1 0 5 2 0 3 0 4 3 2 3 3 0 5 3 2 2 0
   4 4 5 2 5 3 4 0 0 2 2 3 0 0 5 3 4 2 1 3 5 0 4 4 4 0 0 1 3 1 3 5 4 5 3
   4 4 1 4 0 2 5 4 4 2 5 5 5 1 3 3 4 3 3 4 0 1 1 3 1 0 4 4 4 3 2 4 2 5 3
   3 1 3 5 1 1 5 4 0 2 1 2 3 0 0 3]
  [0 2 2 4 0 1 0 2 2 4 0 1 4 1 2 4 1 2 3 5 0 3 3 1 0 0 0 1 4 3 5 2 5 3 2
   1 2 4 0 3 2 4 2 0 3 4 4 3 3 5 4 5 2 4 3 4 1 1 2 1 4 0 5 3 2 3 0 1 1 0
   1 1 4 3 0 0 3 3 1 4 5 3 1 0 3 4 5 3 0 2 1 5 3 5 3 0 0 3 4 2 2 5 4 4 5
   2 2 1 5 0 0 0 3 3 4 4 5 0 2 0 3]
  [0 4 5 3 1 3 2 3 5 3 1 1 3 0 1 1 4 3 0 3 0 1 2 1 1 1 1 2 4 0 1 5 1 5 5
   5 0 3 1 0 4 4 1 1 5 4 0 2 2 1 4 2 3 0 0 0 2 3 1 3 0 4 4 1 4 0 4 0 1 3
   3 2 0 1 0 4 1 2 4 3 5 2 5 5 3 3 3 3 2 0 1 2 4 2 3 0 5 0 3 1 4 4 2 3 5
   5 1 5 2 4 4 3 1 1 0 1 2 0 3 5 4]
  [0 4 0 1 1 4 2 4 1 3 4 2 5 4 2 3 3 2 0 1 3 1 2 0 1 1 0 1 2 1 4 3 4 2 4
   5 0 3 3 1 3 0 0 3 1 3 1 1 1 0 5 2 3 1 2 2 3 3 0 1 3 4 1 2 2 3 0 5 5 0
   3 5 4 5 5 2 1 1 4 0 5 2 0 2 4 2 4 2 3 3 4 1 0 4 0 1 5 2 0 5 1 4 5 0 4
   2 4 1 3 0 1 4 0 3 4 0 5 1 4 0 4]
  [0 5 5 0 5 5 1 5 2 0 1 5 3 2 0 2 1 3 0 0 4 1 3 5 5 4 4 0 0 3 1 3 5 0 1
   1 2 1 4 4 5 1 1 3 4 0 0 2 0 3 4 5 2 3 3 4 3 1 2 0 1 0 0 0 5 2 2 1 0 1
   4 0 2 5 0 1 1 0 3 3 2 5 5 5 2 5 0 1 4 5 0 5 3 3 2 4 5 3 3 0 5 3 4 0 5
   2 5 0 5 1 5 5 1 3 5 1 2 5 5 5 4]
  [0 5 5 2 2 2 3 4 0 1 3 2 5 3 3 0 2 3 3 1 3 0 1 2 4 3 5 1 2 0 3 3 1 5 3
   5 4 2 2 4 4 0 4 1 5 3 2 5 3 2 3 3 5 1 4 5 5 2 0 3 5 5 1 5 0 2 5 5 3 0
   1 1 1 2 0 4 5 0 2 3 0 4 1 2 2 3 0 5 5 5 2 5 3 2 3 2 2 1 2 1 0 0 4 2 4
   0 1 5 4 0 0 4 1 0 2 5 1 0 0 1 1]
  [0 3 4 3 0 5 3 1 5 4 2 3 5 3 1 4 1 0 4 1 0 5 1 0 0 3 2 5 2 1 5 5 3 2 3
   4 2 4 4 2 1 1 0 0 3 4 3 2 3 3 1 1 4 3 1 1 1 1 0 2 2 3 0 3 1 0 1 1 5 4
   4 1 2 0 1 4 2 4 5 4 3 2 3 5 5 5 4 2 2 4 4 0 4 4 3 3 5 5 5 2 5 0 1 3 2
   0 1 1 2 5 0 1 3 0 0 1 3 0 4 4 0]
  [0 5 2 0 1 2 1 0 0 3 1 3 1 1 0 5 2 4 5 4 2 5 0 3 5 3 4 3 2 1 0 1 1 5 2
   1 3 1 2 1 2 1 2 4 0 0 0 5 3 0 2 1 0 5 0 5 0 2 2 4 5 3 0 1 1 3 0 5 1 5
   2 4 0 2 3 1 5 3 3 1 4 2 3 5 2 3 3 5 0 2 5 4 3 4 3 5 0 3 2 2 3 4 0 1 1
   4 5 2 4 0 0 2 5 2 4 0 0 1 1 5 5]
  [0 0 5 1 3 3 2 1 1 2 0 2 1 5 1 4 2 2 4 1 0 0 0 3 2 1 0 0 1 4 5 2 2 2 2
   2 3 3 3 3 5 1 1 3 0 5 5 5 5 2 2 5 4 0 5 5 0 0 2 3 1 4 0 2 3 5 0 0 4 4
   2 4 0 4 5 3 3 0 0 0 0 4 1 0 1 1 1 5 1 4 0 5 3 1 1 2 3 5 3 0 4 1 1 0 0
   5 0 4 0 1 4 4 2 3 0 4 0 4 3 0 4]
  [0 5 1 2 4 3 1 2 2 3 2 2 2 3 4 4 4 3 2 0 1 5 2 5 5 4 2 5 4 2 5 0 5 1 0
   0 2 5 1 0 2 5 2 5 4 0 4 0 4 3 4 3 5 4 4 2 1 2 2 0 4 0 3 5 2 4 4 4 2 3
   2 0 0 1 0 3 0 5 5 3 2 0 3 1 5 4 3 5 4 5 2 3 5 2 3 1 0 1 3 2 2 4 0 5 0
   1 1 0 0 3 4 2 0 0 5 4 0 2 2 3 3]
  [0 5 2 0 1 0 1 4 5 1 4 3 0 5 2 2 4 5 0 2 2 4 1 4 4 3 5 1 2 5 0 5 3 2 3
   2 4 4 4 0 4 4 5 1 1 3 2 0 5 2 3 0 1 0 1 5 3 5 5 4 4 5 4 5 2 5 1 5 2 4
   4 1 2 2 0 0 5 1 5 0 3 5 1 3 2 5 3 1 1 2 5 1 2 1 4 1 4 0 0 4 4 3 1 5 3
   0 2 3 5 4 2 4 0 0 3 3 5 5 4 0 4]
  [0 0 3 1 2 4 2 4 1 2 4 5 0 3 3 4 5 3 3 0 4 2 3 4 4 5 1 0 2 0 3 2 0 5 3
   2 5 2 3 2 0 3 2 4 0 1 3 2 3 0 0 1 3 4 5 4 2 3 2 0 5 4 4 4 2 0 0 5 5 2
   2 4 3 1 3 3 5 1 2 4 3 5 5 3 2 0 3 2 4 1 3 0 3 2 0 3 2 5 4 4 1 4 5 1 4
   0 0 5 3 1 2 4 5 1 2 2 0 0 1 2 4]
  [0 0 1 0 5 1 5 3 0 3 3 0 0 4 1 5 2 0 2 5 4 1 4 1 1 5 1 2 1 1 2 1 3 1 4
   1 3 5 5 2 0 3 4 4 0 1 1 5 2 3 4 1 3 5 2 2 2 1 2 3 3 1 0 2 1 4 1 5 1 1
   5 5 5 3 1 0 2 0 2 3 4 2 0 0 0 1 0 5 4 4 3 1 0 2 5 5 0 5 5 4 0 4 2 5 0
   1 0 0 0 2 3 5 3 4 5 3 2 3 4 1 3]
  [0 2 2 0 2 3 2 1 2 1 4 0 3 3 2 0 5 1 5 4 2 5 1 0 5 1 5 1 0 0 4 1 0 3 5
   0 5 0 2 5 0 1 4 3 3 3 2 4 1 2 0 0 5 2 2 1 0 4 0 4 3 5 0 0 2 5 3 5 0 4
   3 4 4 3 1 1 4 4 2 2 0 2 5 1 3 2 5 3 2 2 5 4 0 5 1 4 1 4 3 4 3 3 4 0 2
   3 2 1 0 1 3 2 2 0 1 5 4 3 1 5 1]
  [0 2 1 1 1 1 3 1 1 3 4 5 3 4 2 0 3 4 3 4 2 4 3 1 4 5 1 3 1 5 3 2 5 1 2
   4 2 3 0 0 2 1 5 0 3 3 4 3 0 4 2 0 5 2 2 4 4 3 1 1 4 0 5 0 5 1 4 0 1 0
   0 4 5 0 1 2 1 3 4 1 5 2 5 4 3 1 0 1 4 2 0 5 4 3 2 5 1 1 3 1 1 2 4 0 3
   1 4 2 4 0 2 0 3 1 1 5 5 1 3 1 4]
  [0 5 2 1 0 1 4 3 2 2 4 0 2 1 2 2 4 5 0 2 3 4 3 1 5 3 1 5 5 4 5 2 3 3 0
   1 0 4 2 4 2 3 4 2 5 3 1 2 4 2 3 0 1 2 5 3 1 0 0 4 2 5 2 3 4 4 2 2 3 1
   2 4 4 1 0 2 2 2 4 2 1 2 3 3 2 4 4 5 4 0 0 0 3 2 1 1 0 3 4 3 1 0 2 3 2
   0 0 5 0 1 0 2 1 3 2 4 5 2 0 2 0]
  [0 3 2 2 0 5 3 4 2 3 0 2 5 4 3 0 5 5 0 2 2 1 0 1 0 4 4 5 3 0 0 4 3 5 1
   5 1 1 3 0 4 5 5 4 2 3 3 1 4 5 0 5 0 5 1 4 0 4 5 0 4 2 4 2 2 2 3 4 4 4
   1 5 0 5 4 4 1 2 1 4 0 0 2 5 4 0 2 4 2 2 2 3 1 3 3 0 1 2 0 2 2 3 3 3 2
   5 1 0 2 4 1 0 5 2 5 2 2 1 1 3 3]
  [0 0 4 4 3 4 3 4 2 2 1 3 2 5 5 5 5 3 1 2 4 3 2 4 1 4 3 3 3 1 2 1 5 3 4
   4 1 4 1 3 5 3 3 2 4 4 4 3 4 4 4 3 5 1 2 3 0 0 0 5 5 0 3 4 1 2 5 0 1 4
   2 5 0 0 4 3 1 3 3 3 4 5 0 0 3 5 5 4 3 0 5 3 1 3 1 5 3 0 3 3 0 1 4 1 3
   0 5 2 2 3 3 4 0 1 0 4 5 5 5 1 0]
  [0 2 5 5 4 3 1 5 2 5 5 2 3 2 1 1 2 1 2 0 2 1 1 2 2 4 3 2 3 4 2 3 1 4 1
   1 3 4 2 0 1 0 3 1 3 2 3 2 1 0 1 5 2 3 3 5 0 0 0 0 2 3 3 0 2 4 0 0 3 1
   5 5 4 5 4 1 3 5 0 4 4 0 5 0 3 0 3 5 2 4 4 3 3 1 1 5 0 2 2 5 5 5 0 5 3
   3 3 1 1 5 3 4 2 0 1 0 0 1 3 5 2]
  [0 1 3 5 3 5 3 1 1 3 3 3 3 1 0 2 5 0 4 2 4 4 4 0 4 4 4 4 1 0 3 4 2 1 0
   0 3 4 1 1 1 0 3 4 1 1 4 3 1 2 2 5 0 1 5 5 0 1 2 2 5 1 0 5 4 2 3 0 4 4
   1 0 2 5 4 5 0 2 1 0 4 5 0 5 1 0 2 4 0 5 5 4 3 3 1 2 2 5 1 2 0 3 0 0 3
   1 5 0 0 3 0 3 0 4 0 2 2 4 0 4 1]
  [0 0 3 4 0 0 1 0 4 0 3 1 2 3 0 2 3 0 4 3 4 4 0 4 2 4 3 5 2 5 2 1 0 2 1
   2 3 5 1 1 5 4 5 3 2 3 5 4 1 1 2 3 2 5 3 2 3 5 2 5 0 5 2 5 3 5 5 4 5 0
   3 3 1 2 4 1 2 1 3 3 1 2 3 5 0 2 1 5 5 1 1 3 1 4 1 4 4 3 0 1 1 5 1 5 0
   3 1 4 0 4 3 1 3 0 4 0 1 2 1 3 4]
  [0 4 4 1 5 3 5 2 1 3 5 4 0 5 4 3 3 0 0 4 4 3 0 0 5 5 2 0 5 5 1 2 2 0 1
   1 4 3 0 5 3 3 4 2 5 5 2 5 5 5 5 4 2 5 1 1 1 0 5 3 4 4 2 5 3 5 4 5 5 5
   5 3 1 1 2 2 3 4 0 4 1 5 5 4 5 1 5 2 5 1 3 5 0 1 3 5 5 3 3 0 5 0 5 5 3
   0 3 2 2 5 3 3 4 2 0 4 0 4 4 5 4]
  [0 5 0 4 1 2 5 2 5 3 5 4 5 4 0 2 4 2 4 1 3 5 0 2 5 0 3 3 2 1 0 1 4 3 5
   1 2 5 3 4 4 1 1 1 0 3 4 1 1 5 3 1 2 1 1 1 5 2 0 5 0 5 2 3 0 5 5 2 2 4
   3 3 2 3 1 1 0 4 0 4 0 4 3 2 4 3 3 1 3 0 0 2 3 5 2 3 5 4 2 0 2 3 2 5 5
   5 5 1 5 5 2 1 5 1 3 3 5 0 2 3 5]
  [0 2 5 0 0 2 3 5 3 0 3 2 4 5 1 0 3 4 5 4 2 5 3 0 0 3 4 1 0 4 0 3 1 3 5
   1 1 5 4 3 0 1 1 4 4 2 3 3 4 0 1 1 1 5 5 3 1 0 2 3 5 0 0 5 0 4 3 3 2 3
   0 5 2 2 5 2 2 0 0 5 0 4 5 1 1 5 4 5 3 4 3 2 4 4 5 5 2 2 3 2 5 4 1 2 0
   4 3 4 4 2 4 4 2 2 5 1 1 0 0 3 1]
  [0 1 5 0 0 0 4 3 1 3 5 3 4 5 5 4 2 5 2 2 1 0 0 1 3 4 3 5 1 2 4 2 3 4 0
   3 1 5 3 4 5 5 5 5 2 4 0 2 0 1 4 1 2 5 3 3 3 2 4 0 0 2 0 1 4 0 5 0 1 3
   0 5 2 4 2 3 1 3 2 5 0 5 4 2 1 5 5 2 0 4 0 2 1 5 3 1 0 2 3 5 2 3 0 0 5
   1 0 2 2 4 4 0 1 1 2 1 0 1 5 0 5]
  [0 1 5 2 1 4 2 2 5 3 2 3 5 4 3 4 0 2 0 5 4 5 4 5 4 3 2 5 4 5 0 0 1 5 3
   3 1 0 5 0 1 0 2 0 2 5 0 0 2 3 5 2 4 2 4 5 2 5 1 4 0 1 1 5 3 4 3 2 3 5
   0 0 0 5 4 4 5 1 5 3 1 3 4 5 3 0 1 4 2 3 2 2 2 0 2 3 3 0 1 3 1 4 1 5 2
   0 1 3 1 0 4 5 2 0 1 2 1 0 5 4 0]]

 [[0 0 5 3 4 0 2 0 3 5 5 4 1 2 0 0 2 3 5 1 3 5 5 1 1 5 1 3 0 5 5 0 1 4 1
   1 4 4 3 5 0 4 3 2 5 4 1 1 5 3 4 3 3 3 2 4 5 2 4 2 0 0 5 3 4 0 3 2 1 5
   1 3 4 1 4 5 3 3 3 2 4 2 0 5 4 5 2 4 0 3 0 1 5 1 1 4 5 2 2 5 1 5 1 3 5
   0 4 1 3 2 4 1 1 2 2 1 4 5 5 3 2]
  [0 0 1 3 3 3 2 4 0 1 4 2 4 0 0 5 5 0 3 0 0 5 2 2 5 1 4 1 3 0 3 1 4 4 3
   2 4 3 1 3 3 4 3 3 4 4 4 2 0 0 5 3 5 4 5 2 4 5 5 3 2 5 4 0 0 5 5 2 4 4
   3 2 4 3 2 3 0 1 5 1 5 0 0 2 3 5 1 5 5 3 0 4 5 1 1 1 3 3 4 3 4 5 0 1 0
   1 5 0 3 1 5 4 4 4 2 4 4 0 2 0 5]
  [0 0 0 0 5 0 3 0 0 3 3 1 5 1 0 4 3 2 4 3 5 2 3 3 1 4 5 5 0 2 1 2 4 3 5
   5 3 0 0 1 3 1 5 4 0 3 0 0 2 1 2 0 2 1 4 1 1 2 1 0 3 3 4 2 3 1 5 1 5 5
   3 3 2 0 4 4 0 0 5 5 2 4 5 5 4 0 1 2 5 5 0 4 1 2 5 3 4 2 4 4 3 3 3 1 1
   0 0 5 5 5 1 4 5 5 4 2 1 5 3 0 1]
  [0 4 1 0 1 2 1 0 1 1 5 3 5 3 5 4 3 0 3 1 0 1 5 2 3 0 3 3 4 5 1 4 0 3 4
   1 3 2 4 4 5 5 5 4 4 1 2 4 1 0 3 0 3 1 2 0 1 0 4 3 1 5 3 5 5 5 1 0 5 0
   3 5 0 5 2 4 0 4 0 5 2 0 2 2 3 4 0 1 5 1 0 3 5 2 4 1 1 5 4 2 1 4 2 1 4
   0 0 3 3 1 2 1 0 1 5 1 0 5 2 4 3]
  [0 1 5 2 0 2 3 0 3 2 1 4 1 3 5 1 5 3 4 1 2 5 2 0 4 4 3 4 2 5 5 2 3 3 1
   0 5 4 2 3 3 1 0 1 2 3 3 3 3 0 4 0 5 0 5 1 2 0 1 3 4 0 5 0 3 5 0 3 4 3
   1 4 1 3 4 5 2 5 5 2 0 0 0 0 0 5 2 0 0 3 0 4 2 1 3 4 5 4 3 4 0 1 4 0 1
   0 3 2 4 0 3 3 0 0 3 5 2 4 4 5 0]
  [0 4 0 1 0 0 5 1 1 2 0 5 4 3 0 3 3 2 5 5 0 1 1 5 3 1 2 4 2 4 2 2 4 4 0
   4 5 2 5 2 1 5 3 0 1 1 1 5 2 2 1 3 4 1 2 0 3 0 0 1 3 3 5 4 2 0 3 0 2 0
   3 3 3 1 1 5 2 2 0 4 2 2 3 3 5 4 1 5 3 4 4 5 1 5 0 1 1 4 5 1 0 3 5 3 1
   4 2 3 5 2 4 1 4 1 0 0 4 0 3 2 5]
  [0 1 3 5 3 1 0 2 0 5 1 3 0 1 5 3 5 2 3 2 4 1 4 3 0 3 1 5 5 5 4 3 0 4 0
   0 0 1 0 5 2 1 5 0 4 2 0 4 4 4 0 3 1 4 4 5 4 1 5 0 2 1 1 1 5 4 3 1 5 2
   0 5 1 1 0 2 0 1 2 0 1 4 5 0 4 5 3 3 2 1 1 4 3 0 0 5 4 0 1 0 0 1 3 4 5
   1 3 0 3 0 5 4 5 4 0 5 4 1 4 5 3]
  [0 5 0 2 0 4 3 0 4 0 0 0 0 3 1 3 1 5 4 2 0 3 2 0 5 4 3 4 2 3 3 3 4 5 2
   2 3 4 1 2 2 0 4 5 3 3 2 1 3 3 4 3 1 4 0 1 2 2 3 0 0 4 0 2 2 4 2 4 3 1
   4 1 5 3 5 5 2 0 2 2 0 3 2 4 4 5 2 0 2 3 4 3 0 2 1 1 4 4 5 3 0 2 4 1 0
   0 2 3 4 4 1 3 3 5 3 4 0 4 4 1 2]
  [0 2 1 0 5 3 4 4 0 2 5 5 5 4 2 2 2 5 2 0 3 4 3 1 1 3 4 2 4 2 0 2 4 5 3
   0 0 5 3 0 2 4 0 2 4 5 4 4 1 2 2 0 0 0 0 5 4 0 0 3 5 0 2 3 4 3 3 3 3 4
   3 3 5 4 2 1 1 3 4 2 4 0 0 2 1 5 1 5 4 2 4 4 3 2 2 5 2 3 2 0 1 5 2 1 4
   4 3 2 1 0 1 5 1 1 2 2 0 2 3 3 0]
  [0 1 0 4 2 4 5 0 0 0 5 2 3 2 0 1 2 5 0 1 4 1 2 5 1 1 0 0 2 2 2 0 2 4 5
   2 4 0 5 0 0 0 1 5 3 0 4 3 2 4 3 3 4 4 5 0 2 2 3 1 3 0 5 1 2 0 0 5 4 4
   4 3 5 2 1 2 5 2 4 5 4 1 4 1 5 4 1 1 3 3 1 0 5 1 3 5 3 3 0 5 3 4 1 0 5
   1 5 2 3 3 4 3 3 4 4 1 1 3 1 3 5]
  [0 2 1 2 3 3 5 0 5 0 0 5 0 4 4 1 1 2 5 1 1 2 3 5 5 3 3 1 5 3 5 4 1 0 4
   0 5 0 2 1 2 2 4 0 1 4 4 3 3 4 1 2 3 1 3 0 1 5 3 3 1 3 5 1 0 3 0 5 2 2
   2 2 2 2 2 0 1 2 5 4 4 0 5 2 4 4 1 1 3 4 0 5 4 2 2 2 1 0 1 4 5 0 0 3 3
   3 1 3 0 1 5 4 0 0 4 4 3 1 2 2 2]
  [0 0 3 3 0 4 3 4 1 4 1 0 5 4 5 5 3 5 0 4 0 2 5 5 5 5 3 5 4 0 1 1 0 1 5
   0 4 4 0 2 4 2 4 4 1 4 4 3 3 5 4 0 1 0 2 3 3 2 0 1 2 1 4 1 5 1 2 4 0 2
   2 5 5 5 5 4 0 4 1 2 5 1 5 5 1 0 5 1 4 3 2 5 4 1 5 4 0 5 5 4 5 2 4 1 4
   1 2 1 3 0 1 2 5 5 2 3 4 2 5 4 0]
  [0 1 4 4 3 5 0 0 4 1 2 3 0 1 2 5 3 2 1 4 1 0 2 1 5 3 4 5 3 3 4 3 2 0 0
   3 5 4 2 2 2 0 5 5 2 2 5 4 5 3 3 5 4 4 4 0 0 3 4 4 0 5 5 1 5 5 0 4 2 2
   1 1 1 0 3 0 5 2 2 2 3 1 0 3 0 3 1 4 2 4 0 5 1 5 0 1 5 4 4 0 1 3 1 1 2
   5 0 4 1 4 3 2 0 5 1 1 3 3 5 3 0]
  [0 0 3 1 3 1 1 1 4 1 4 0 5 0 5 2 1 0 3 4 4 5 4 3 0 3 3 3 4 2 2 1 5 4 0
   0 5 0 1 0 0 0 4 1 0 0 0 1 1 4 3 3 2 0 3 2 2 5 1 0 4 3 1 0 1 4 2 3 2 0
   4 0 1 0 0 5 2 4 2 1 2 5 5 5 0 5 2 0 4 1 1 4 0 0 5 4 4 2 1 1 5 3 1 4 0
   0 0 4 3 4 0 2 5 3 3 2 1 3 4 0 4]
  [0 2 3 5 0 4 5 4 1 4 3 1 2 0 0 5 5 2 2 4 3 3 5 0 4 0 5 0 5 4 0 4 2 3 1
   1 5 1 1 5 0 1 4 3 0 5 5 2 3 3 3 4 1 0 4 5 5 4 1 0 4 5 0 3 0 4 2 0 1 1
   1 2 0 4 4 3 3 1 1 5 3 2 0 3 3 3 4 5 4 3 0 3 0 5 4 0 0 3 3 5 1 4 5 5 2
   4 0 0 5 0 0 3 5 3 3 3 4 1 1 1 1]
  [0 3 3 4 5 2 5 3 5 4 5 4 0 3 3 0 3 3 0 5 3 1 1 0 5 2 5 3 0 3 3 5 4 2 0
   5 4 3 1 2 3 5 3 1 3 0 3 2 2 0 3 2 4 5 2 5 0 2 0 4 2 5 5 2 0 4 4 4 0 3
   0 1 1 4 5 4 5 5 2 2 4 1 2 3 1 0 0 0 3 2 4 1 5 2 0 0 3 2 2 4 5 3 5 4 2
   0 0 1 1 3 4 1 2 2 1 1 4 3 0 0 0]
  [0 3 4 4 5 0 0 5 5 0 2 0 4 3 1 3 0 1 5 1 5 0 5 1 2 2 2 0 2 1 1 3 5 2 0
   5 1 4 3 1 4 2 0 0 2 2 2 1 4 1 5 1 3 5 3 5 5 2 0 2 1 3 4 3 5 4 1 3 3 0
   0 4 3 1 0 5 4 2 4 5 3 1 0 4 3 4 0 3 1 5 3 2 0 3 0 3 2 5 3 3 5 5 0 2 5
   2 0 5 4 0 0 0 2 0 3 0 1 0 1 2 0]
  [0 2 4 2 2 0 4 3 3 2 1 0 4 1 5 4 4 0 2 4 5 3 0 3 0 1 1 1 5 1 5 5 2 0 0
   2 3 4 2 2 0 1 5 2 3 0 1 5 5 4 2 3 5 0 3 1 1 4 2 5 4 5 1 1 0 1 5 4 4 1
   4 1 3 4 0 4 4 2 2 2 4 1 1 4 1 5 2 5 4 1 1 2 1 0 3 0 4 1 4 0 0 3 2 4 0
   2 3 5 5 5 2 4 3 4 3 2 4 2 3 3 3]
  [0 5 1 0 0 5 5 2 4 5 5 2 1 5 1 4 5 3 0 2 3 1 5 2 1 4 2 3 4 1 2 2 2 4 4
   0 3 5 1 3 0 0 5 4 1 2 5 3 0 3 5 3 0 4 5 4 3 1 3 1 3 5 2 3 5 1 0 1 2 4
   0 4 4 1 1 2 0 1 5 4 5 3 5 2 1 1 0 3 3 3 1 1 1 3 0 3 3 3 4 3 2 1 0 4 5
   0 2 4 1 2 4 5 2 1 3 3 5 3 2 2 2]
  [0 4 2 0 1 4 2 4 3 0 3 4 2 2 2 5 0 0 5 0 0 2 2 0 1 2 0 2 1 2 4 4 3 2 1
   3 3 3 3 4 5 2 3 3 5 4 2 1 1 2 5 1 1 4 0 3 0 4 4 1 5 1 3 1 0 0 3 4 3 0
   2 5 5 3 2 4 3 3 2 1 5 0 1 0 4 4 5 5 4 1 4 1 0 0 0 1 1 4 2 4 5 1 5 5 0
   4 5 1 3 3 1 4 2 2 0 1 2 2 4 2 4]
  [0 3 2 1 4 0 3 5 0 3 1 3 1 1 1 5 0 5 3 1 0 4 5 5 0 3 5 0 5 3 5 0 2 0 0
   1 4 0 2 4 0 1 5 3 5 2 3 5 3 4 2 5 0 4 5 5 4 2 0 3 1 1 2 4 1 3 3 1 3 0
   3 2 2 4 1 5 3 2 5 2 2 3 1 3 5 1 2 0 0 0 4 4 1 1 4 0 4 4 5 3 2 0 2 1 3
   4 0 1 3 3 2 3 5 1 4 4 5 4 4 3 3]
  [0 3 1 4 2 1 3 2 2 4 5 4 0 0 4 5 1 5 3 5 0 0 3 0 4 5 4 4 1 1 5 4 0 2 4
   3 2 4 4 4 5 2 2 1 0 4 0 2 0 1 0 0 1 0 0 2 1 3 2 5 1 4 0 1 2 3 4 3 5 1
   1 1 5 1 3 2 5 5 0 0 4 2 2 5 4 2 4 5 1 0 5 5 5 2 5 3 5 3 0 4 2 3 1 2 4
   1 5 0 0 3 0 5 0 2 2 1 1 5 1 1 1]
  [0 0 2 3 0 3 2 5 4 0 3 3 2 2 4 5 0 3 3 2 0 5 0 2 4 0 2 3 4 2 3 3 4 5 4
   5 2 5 5 4 3 5 5 0 3 4 3 5 3 5 1 0 0 3 4 5 3 0 1 4 0 2 0 4 0 1 1 2 3 0
   2 0 2 3 5 5 2 1 4 5 5 4 1 0 3 3 1 3 5 1 1 5 3 3 2 5 5 1 1 5 0 0 5 5 0
   2 2 0 5 1 2 3 5 2 2 1 1 4 0 3 4]
  [0 5 2 4 4 5 1 4 2 3 4 0 0 4 2 3 2 2 2 3 0 0 5 0 2 3 3 1 0 5 0 0 5 3 5
   0 1 5 1 1 2 3 0 3 0 5 0 4 1 4 5 4 2 4 5 0 0 0 2 1 4 2 0 2 0 0 1 1 1 2
   0 1 0 3 5 4 4 3 3 2 5 0 0 5 2 0 5 5 4 1 1 5 5 0 2 3 1 4 0 2 2 2 2 2 5
   5 5 4 0 1 0 1 3 3 0 0 0 5 4 5 4]
  [0 1 5 1 4 1 4 1 5 2 1 2 4 5 0 2 1 5 5 2 4 4 1 0 0 5 2 4 1 3 0 4 0 5 1
   0 0 0 5 3 3 4 3 0 1 4 4 4 1 2 3 2 4 2 3 3 3 0 4 2 4 5 4 3 3 3 2 0 1 2
   3 4 1 4 3 4 5 1 0 5 5 4 0 3 5 0 5 4 1 1 4 1 4 0 4 5 5 4 5 3 2 4 2 2 3
   5 1 3 4 5 3 5 0 5 2 3 4 4 2 2 4]
  [0 0 1 5 4 3 4 5 0 4 5 0 5 1 3 4 2 2 1 2 1 0 1 4 0 0 2 5 2 1 0 2 1 4 5
   4 2 3 3 3 2 4 3 0 0 0 2 0 1 5 2 5 3 5 1 1 5 3 5 3 2 2 5 3 3 3 1 3 3 2
   2 3 2 1 3 2 3 1 2 5 2 2 3 0 4 0 4 2 5 5 3 2 0 1 2 2 1 3 0 2 5 3 1 3 2
   3 0 2 1 4 5 1 4 1 5 0 0 4 3 2 0]
  [0 5 1 4 2 0 3 5 5 3 4 2 3 2 4 0 2 2 0 0 1 1 1 1 5 4 0 4 3 1 3 4 3 5 2
   3 4 4 2 5 1 5 3 1 0 1 0 1 0 2 5 4 4 1 0 5 3 4 5 2 5 4 0 1 5 2 4 1 3 5
   4 3 0 0 2 1 5 3 5 1 5 0 3 4 2 1 1 2 5 4 0 1 5 4 2 5 2 4 2 4 1 0 2 4 4
   4 2 0 0 0 5 4 3 0 2 2 3 3 2 0 2]
  [0 1 1 2 0 3 2 1 4 0 2 2 4 0 5 5 4 1 0 2 5 5 4 3 2 5 0 0 1 0 3 0 3 4 4
   0 5 2 3 2 4 5 2 1 5 1 0 4 0 5 1 5 3 5 1 4 3 2 0 4 1 3 1 3 0 5 3 3 2 2
   2 3 1 4 3 5 2 2 2 4 2 5 0 4 0 2 0 0 0 0 2 5 3 4 0 5 1 5 5 5 2 1 3 3 0
   3 3 5 2 1 2 0 5 0 5 2 5 0 3 5 1]
  [0 1 1 3 3 1 4 0 0 1 2 0 3 1 2 4 4 5 1 1 1 4 0 5 5 0 3 5 0 5 2 0 2 1 3
   1 4 1 5 1 0 5 5 4 5 2 1 0 4 3 4 2 0 0 4 5 3 5 2 0 0 5 1 3 0 2 3 0 3 0
   3 0 4 5 1 2 0 0 0 2 4 5 0 5 0 0 4 1 4 4 3 0 4 3 3 1 3 3 0 0 2 0 5 0 2
   3 1 2 3 5 5 1 4 2 2 3 4 2 2 4 1]
  [0 2 2 3 0 4 1 2 1 0 2 2 2 1 2 0 0 2 3 5 4 1 4 3 2 0 3 0 4 0 2 1 1 4 0
   1 2 2 5 2 0 3 4 5 4 3 1 1 3 1 3 3 1 2 5 2 4 5 1 4 3 4 5 0 5 0 4 3 2 4
   1 2 2 3 0 0 0 0 3 2 3 5 5 2 0 0 0 2 0 4 1 3 0 0 4 5 5 2 5 4 2 3 0 4 0
   1 3 2 3 1 4 3 0 2 2 2 2 5 4 2 5]
  [0 1 4 5 0 3 3 0 5 1 1 0 0 0 2 5 1 3 2 3 0 3 2 0 0 3 4 4 4 5 0 2 3 5 4
   4 1 5 3 5 2 4 0 2 2 3 1 5 5 2 3 1 1 2 2 3 5 5 3 3 5 0 3 3 4 0 5 4 2 3
   3 5 1 2 0 3 4 2 1 1 4 1 1 1 2 3 5 2 1 5 1 2 2 1 2 3 3 5 5 5 1 0 2 4 1
   5 5 0 0 1 1 0 5 2 5 1 4 2 4 0 2]
  [0 5 2 2 4 0 0 3 4 4 3 2 0 3 4 1 4 3 2 5 4 5 4 3 3 4 4 5 5 5 1 0 3 2 3
   2 3 3 3 2 3 0 2 0 0 4 3 1 0 2 1 3 5 3 5 0 3 5 1 2 4 1 0 4 2 5 2 0 3 0
   4 1 4 0 0 4 4 3 1 0 3 3 5 2 1 1 0 1 2 1 1 5 0 3 2 4 0 4 0 5 3 5 2 4 1
   4 5 5 1 0 2 1 2 4 4 4 3 3 3 2 2]
  [0 3 0 4 0 1 2 4 2 0 5 1 1 3 3 4 3 1 4 1 0 0 2 4 0 4 2 4 4 1 5 1 0 1 3
   5 2 2 3 4 1 4 4 1 3 2 3 2 3 1 3 2 2 0 4 1 0 5 0 0 3 5 1 2 5 4 2 3 5 0
   3 1 4 3 4 2 3 1 1 2 3 3 1 1 0 3 2 4 5 0 0 0 5 5 5 5 1 0 1 3 3 0 1 2 0
   2 1 2 0 4 2 1 2 2 3 0 5 1 1 0 0]
  [0 4 1 1 4 3 4 0 3 2 2 0 2 3 2 1 3 5 4 5 5 0 0 0 1 4 3 5 5 0 2 2 2 0 0
   1 3 0 3 5 3 2 3 3 5 1 3 3 3 0 1 3 3 5 4 2 0 2 2 2 2 0 5 0 2 0 5 2 4 2
   5 4 3 0 3 1 0 4 3 1 0 0 0 0 4 3 0 0 0 5 2 4 0 0 5 4 5 1 3 4 0 3 3 1 3
   0 0 0 0 4 1 5 1 5 4 3 2 5 5 1 5]
  [0 3 1 3 0 4 0 5 3 2 0 1 3 5 2 4 4 2 0 0 4 0 1 1 0 4 4 3 0 1 1 5 4 4 0
   3 3 2 4 2 3 0 2 1 3 2 4 2 2 4 2 1 4 4 5 4 5 5 4 3 3 2 3 0 4 3 4 2 5 5
   1 3 5 5 2 0 4 2 5 3 0 1 2 1 5 1 4 3 0 5 5 1 0 0 2 4 3 1 1 1 1 2 0 2 5
   2 3 2 4 4 3 5 0 1 3 1 2 5 2 0 2]
  [0 3 5 0 4 5 3 0 2 4 1 2 0 3 1 2 0 1 0 5 3 1 2 5 5 5 4 0 4 4 2 3 1 3 5
   0 5 4 2 5 2 5 5 5 2 0 5 4 5 5 1 5 5 4 3 4 1 1 1 4 2 1 0 5 4 1 2 2 0 5
   4 2 1 2 2 2 4 1 4 1 4 5 1 1 2 3 2 1 3 0 5 0 5 1 1 5 4 3 3 2 3 5 0 3 3
   3 4 5 3 3 2 3 3 5 4 1 4 2 1 5 2]
  [0 5 5 5 2 0 3 3 2 5 1 5 2 4 4 0 5 3 1 3 2 2 4 2 3 3 4 0 1 5 4 5 1 0 0
   4 0 5 3 3 2 0 3 1 0 3 0 5 2 4 5 5 5 4 4 2 2 2 1 1 3 3 0 1 5 2 2 2 4 0
   5 4 0 0 2 1 5 4 5 4 0 4 2 2 1 0 0 0 0 2 5 0 5 3 4 3 0 4 2 0 5 1 1 1 2
   3 1 2 1 4 2 3 4 4 4 2 5 2 2 4 1]
  [0 5 3 3 2 3 3 1 5 0 4 4 0 3 0 5 2 5 3 0 5 3 2 5 2 0 5 1 3 2 1 3 1 2 2
   1 3 0 1 0 0 4 1 3 1 0 2 2 5 3 2 5 3 3 1 1 2 5 3 0 0 0 0 2 2 0 1 4 4 0
   3 4 1 0 3 0 2 1 5 5 3 2 1 3 4 4 4 3 4 1 0 3 0 3 3 4 0 4 2 3 4 2 0 1 0
   4 1 2 3 2 1 1 5 2 3 5 3 2 1 2 4]
  [0 3 5 5 2 3 0 5 4 4 5 1 5 3 2 2 3 3 3 0 1 4 1 0 2 4 3 4 1 0 3 0 2 1 3
   3 2 5 0 5 0 2 5 1 4 5 2 4 0 3 1 2 1 0 2 1 3 2 5 4 3 0 2 3 0 0 1 4 1 5
   0 0 2 3 1 1 5 4 5 4 2 4 5 3 5 4 2 2 1 1 5 5 5 5 4 5 4 0 3 1 3 3 2 2 4
   3 4 4 1 0 1 2 1 2 2 1 2 0 0 2 0]
  [0 3 4 4 1 5 0 3 5 2 1 1 1 1 5 4 4 1 2 5 0 2 1 5 4 1 1 3 0 3 4 2 3 3 5
   1 3 3 1 0 1 1 0 0 4 2 3 2 4 2 5 1 4 3 3 2 1 0 5 0 4 0 2 4 0 4 1 3 5 0
   1 3 4 3 1 1 1 3 3 2 1 2 0 1 3 2 3 1 1 1 0 3 1 3 5 0 0 5 2 3 5 3 3 1 3
   1 2 4 4 3 2 2 5 4 3 4 0 4 5 4 5]
  [0 3 3 4 5 2 0 3 5 2 1 2 4 3 2 3 5 0 5 5 0 3 5 3 5 5 1 3 5 4 5 3 2 4 2
   2 4 0 3 0 0 3 5 5 4 0 4 1 3 3 1 2 0 5 0 3 0 5 3 3 3 0 3 3 5 2 2 5 2 3
   4 3 2 1 0 0 5 5 1 4 3 2 3 3 2 2 0 0 2 1 2 3 0 0 5 2 3 3 1 4 5 0 3 1 3
   2 3 1 0 0 4 4 2 4 1 1 2 0 5 2 1]
  [0 2 1 4 3 4 5 5 2 1 1 3 0 3 4 5 5 5 1 4 2 0 4 0 5 2 3 3 2 1 0 1 4 5 2
   0 1 0 4 1 3 0 2 2 4 5 3 0 0 5 0 1 4 3 4 3 2 2 0 0 1 5 0 5 1 5 2 2 1 4
   5 2 5 0 4 2 4 1 1 5 5 5 3 0 0 5 1 3 2 1 1 5 0 1 0 4 1 0 0 3 3 1 3 5 0
   3 3 0 2 1 1 3 4 2 2 0 0 0 2 5 5]
  [0 2 5 4 5 0 3 0 0 5 1 2 0 3 1 0 2 4 4 5 2 2 2 5 2 2 4 0 2 1 3 4 1 1 2
   0 3 0 3 3 1 4 0 1 1 0 4 5 3 2 3 3 0 1 0 4 0 4 3 5 3 1 2 1 0 0 4 5 1 4
   2 3 2 0 4 0 0 5 1 0 2 2 1 0 5 0 2 4 3 0 4 3 1 5 0 0 1 1 0 0 5 0 3 2 0
   0 1 0 3 0 5 3 3 0 1 4 3 3 3 3 2]
  [0 0 3 2 1 3 3 0 1 1 4 3 0 5 1 2 2 3 3 0 2 0 1 0 5 2 1 3 4 0 2 0 1 5 0
   3 3 0 3 3 4 4 3 0 3 0 3 1 1 2 2 4 3 2 0 5 1 4 2 3 0 1 1 0 4 0 2 2 2 3
   3 2 1 0 1 5 0 3 1 0 0 5 5 5 3 4 0 2 5 2 2 3 2 3 0 4 3 3 1 4 4 5 0 3 0
   1 3 2 3 3 4 4 0 1 3 5 0 4 2 4 4]
  [0 3 2 5 1 2 1 2 1 5 4 0 0 2 4 5 5 5 1 0 0 0 4 4 1 4 5 0 3 3 0 1 1 2 4
   0 0 4 0 5 4 5 3 1 0 5 0 3 0 4 3 4 4 1 4 1 5 4 4 0 0 1 0 2 3 3 4 1 4 1
   0 5 1 2 1 0 5 0 2 0 3 3 0 4 3 1 1 5 1 5 4 1 4 4 5 1 0 3 2 1 2 1 3 3 4
   3 0 3 2 4 2 4 3 3 4 0 0 1 2 2 2]
  [0 1 4 3 1 5 4 5 0 2 2 0 5 2 3 5 0 5 5 5 2 0 5 0 3 0 4 4 0 1 1 3 1 2 5
   0 0 1 0 1 2 0 1 2 1 0 4 1 5 3 2 2 2 3 0 3 5 4 0 0 0 3 1 3 1 5 1 3 0 1
   5 1 2 3 1 3 4 5 4 4 0 3 5 0 0 5 1 0 4 0 2 3 0 3 1 5 0 0 3 1 5 2 1 4 5
   4 2 3 3 3 1 4 4 3 0 0 5 1 5 1 5]
  [0 2 3 3 4 2 1 0 5 1 2 1 2 3 3 1 1 5 4 1 1 2 0 2 1 4 2 3 1 0 1 0 0 1 2
   2 5 3 3 2 3 4 2 2 2 0 0 2 1 2 4 0 5 4 2 3 1 0 4 3 0 4 0 3 4 4 4 1 2 5
   4 5 1 5 1 3 5 0 0 0 2 3 3 4 4 1 0 1 0 1 0 2 2 4 2 1 5 5 1 3 3 1 1 4 5
   3 0 1 3 0 0 4 3 1 0 3 0 1 5 1 1]
  [0 5 4 3 2 1 3 0 5 3 1 4 3 4 4 0 2 1 5 4 1 1 4 2 1 2 4 5 4 1 4 5 0 1 0
   5 4 0 1 2 1 2 5 1 2 0 0 0 1 1 4 3 4 4 5 3 0 0 3 0 5 4 5 4 5 3 0 4 0 0
   4 1 4 0 5 3 5 1 3 0 3 4 3 5 0 0 1 0 4 0 0 3 1 4 0 4 4 2 5 2 4 3 4 1 0
   4 0 5 2 1 3 5 3 3 1 1 5 0 1 0 4]
  [0 5 1 2 2 2 3 4 5 1 2 1 5 0 4 1 0 0 1 2 5 1 3 0 1 4 4 2 3 4 4 4 2 1 3
   1 0 4 3 4 4 0 4 4 3 0 1 1 0 4 3 2 4 5 2 1 0 2 4 1 0 3 4 4 5 1 4 4 0 5
   4 1 2 1 0 1 0 4 3 0 0 1 3 0 2 2 4 1 0 1 0 3 0 2 4 5 5 0 4 0 5 0 0 2 4
   1 3 3 1 4 0 2 4 2 0 5 3 1 3 0 4]
  [0 4 2 3 3 4 4 5 4 3 1 3 0 3 4 3 3 4 5 3 5 2 4 3 0 0 3 1 3 1 5 1 5 0 5
   5 5 2 1 1 4 1 2 0 1 5 3 2 0 0 0 3 2 0 5 4 3 0 0 4 0 1 1 2 4 4 2 2 3 0
   2 3 4 2 3 3 1 5 1 1 2 1 3 0 4 0 5 2 5 1 5 1 1 2 0 5 4 3 1 3 5 5 3 1 5
   0 5 1 5 5 4 2 2 4 0 4 0 1 4 2 0]
  [0 4 3 4 0 0 4 0 4 1 4 2 2 5 0 4 1 3 1 0 3 1 3 5 1 1 3 0 1 2 0 3 3 2 1
   1 4 4 4 5 1 3 1 3 1 0 3 1 5 2 0 4 4 3 4 4 0 5 0 5 1 5 2 0 3 3 1 5 1 3
   3 3 5 4 2 5 2 0 3 2 4 4 0 4 3 4 0 5 3 2 2 0 4 5 4 0 3 0 2 4 5 4 1 4 0
   4 1 3 1 5 2 5 2 0 3 5 4 0 5 1 3]
  [0 0 1 4 2 3 3 2 2 2 0 1 3 5 1 0 5 4 4 5 4 5 0 5 0 3 0 0 3 5 3 5 1 4 1
   0 1 1 4 3 4 0 4 5 5 2 4 5 0 1 0 0 3 1 5 0 1 1 1 1 2 3 2 2 2 2 1 5 5 5
   4 5 4 0 5 3 5 2 0 0 3 0 5 3 2 1 2 2 5 5 0 2 0 4 2 2 3 4 1 5 4 4 0 2 0
   3 0 5 1 4 1 0 3 3 2 2 1 4 5 5 5]
  [0 5 4 4 4 4 1 5 4 4 5 4 4 4 3 3 5 3 3 4 1 3 2 1 0 1 4 3 3 5 0 2 3 5 4
   0 2 2 3 4 2 5 3 5 1 1 5 5 3 3 2 3 0 3 3 3 0 1 3 1 5 1 2 1 5 4 5 4 4 1
   0 5 1 2 3 0 1 5 3 5 3 0 5 1 3 1 0 3 5 5 4 3 4 0 2 4 2 2 2 3 2 0 5 0 5
   0 2 5 5 5 2 1 3 1 1 1 4 3 3 3 1]
  [0 0 3 5 5 3 2 0 2 0 5 5 2 3 5 4 3 3 1 5 4 5 4 5 1 5 3 1 5 0 3 3 0 5 2
   1 1 0 5 1 1 1 1 5 4 1 3 5 4 5 4 3 0 0 4 1 3 1 0 1 1 5 5 4 4 4 2 5 1 1
   0 2 2 1 0 2 4 3 3 3 3 5 5 1 4 4 4 3 0 1 4 0 2 2 4 5 4 3 0 0 0 3 1 3 2
   2 5 0 5 4 3 3 5 4 1 0 0 1 4 4 0]
  [0 5 3 5 2 0 4 2 1 1 1 1 2 5 0 3 5 3 0 2 3 1 5 2 5 0 3 5 4 1 4 4 1 4 0
   1 5 0 4 2 5 5 4 0 1 0 5 0 0 2 4 0 2 1 0 0 5 2 5 5 1 3 4 5 4 1 2 5 3 5
   3 0 0 3 0 2 5 4 2 0 0 3 5 4 1 2 2 2 3 3 3 2 4 1 5 0 1 5 1 2 1 3 0 0 1
   2 1 3 0 0 1 1 2 5 1 1 0 3 4 2 1]
  [0 2 5 4 5 0 5 5 5 2 5 2 3 1 5 4 0 4 3 1 2 4 0 3 2 4 3 4 2 5 3 5 5 2 0
   5 0 0 1 5 0 4 1 3 4 3 5 2 1 3 0 5 5 5 3 0 1 2 0 1 0 4 4 0 5 0 0 5 0 3
   1 1 2 4 5 2 2 1 0 4 4 0 1 0 2 4 5 0 5 2 1 0 5 1 3 3 0 5 4 2 1 4 5 2 4
   0 3 4 1 0 3 5 4 4 0 0 0 0 3 3 2]
  [0 0 5 1 2 1 0 0 4 4 3 1 5 3 4 0 4 4 5 2 4 3 5 0 2 0 4 3 4 0 0 2 3 4 1
   4 0 4 2 0 4 2 5 3 4 4 2 2 0 1 0 5 3 3 1 4 0 2 4 4 3 3 3 4 0 5 1 4 4 3
   1 2 2 2 5 4 3 5 1 3 0 0 0 3 0 0 2 0 1 0 1 1 1 1 0 2 2 2 1 5 0 3 3 3 5
   1 5 5 2 3 5 1 2 3 4 5 0 1 0 0 3]
  [0 1 5 1 5 3 1 3 1 5 4 4 1 4 0 5 2 5 5 1 5 4 3 4 3 2 0 5 1 4 1 4 4 5 2
   3 4 4 0 5 2 0 5 3 0 4 0 4 0 2 3 0 2 2 2 0 2 0 1 2 2 4 1 5 4 5 5 1 4 4
   0 4 4 4 2 3 1 4 5 3 0 5 3 2 2 5 1 0 0 4 4 3 2 3 0 0 1 3 3 3 4 5 3 4 4
   0 1 3 4 0 5 2 3 0 4 1 1 2 2 1 4]
  [0 0 1 1 1 4 4 4 0 5 4 4 4 0 0 3 5 5 5 1 3 4 0 2 4 1 4 5 0 3 2 3 4 2 5
   4 5 4 3 4 2 2 4 3 5 2 4 1 3 4 0 4 0 4 5 3 4 2 0 1 5 3 2 1 3 3 5 2 0 4
   2 3 3 3 2 0 1 4 5 0 5 5 5 5 3 3 1 4 1 3 3 2 4 5 5 2 0 0 1 2 3 5 5 1 5
   1 0 5 3 5 4 3 2 0 2 0 2 4 2 2 2]
  [0 0 0 1 0 4 5 4 2 0 1 2 1 5 3 3 4 1 1 3 0 1 2 1 1 2 3 4 4 0 1 4 1 2 2
   2 0 5 3 5 0 2 4 2 4 5 1 4 0 5 3 5 0 1 2 1 5 1 4 0 0 4 3 1 0 4 1 3 3 3
   1 5 2 1 4 4 4 2 3 3 0 0 0 4 2 3 3 0 5 3 5 0 1 4 0 4 4 2 1 3 2 4 3 2 3
   5 2 0 5 5 3 0 1 1 1 3 4 4 4 1 0]
  [0 0 1 1 0 3 1 2 0 3 5 5 4 4 0 4 5 0 0 0 3 0 1 4 0 4 0 0 3 4 1 5 2 5 3
   1 0 5 1 5 4 2 2 2 2 0 2 4 4 0 4 1 1 5 2 3 1 1 4 2 0 5 2 2 5 0 5 4 0 0
   5 0 3 1 5 0 1 3 0 5 3 0 2 3 1 1 4 4 4 1 3 2 2 3 3 2 3 0 5 5 5 4 0 0 5
   2 5 1 1 4 5 0 4 2 1 1 5 1 1 4 5]
  [0 3 0 1 5 3 0 4 4 5 2 5 2 2 5 4 3 3 2 1 4 3 2 1 2 1 0 2 3 3 1 2 3 4 2
   1 5 5 5 0 2 1 1 1 4 2 0 5 4 2 0 5 1 3 0 0 1 1 4 4 2 0 5 4 3 4 1 4 5 0
   4 0 4 4 1 1 4 4 5 3 0 5 4 3 2 5 5 5 4 3 2 5 4 4 4 2 1 2 3 1 0 2 0 2 2
   4 5 3 1 5 0 0 0 2 4 3 0 3 4 3 4]
  [0 3 4 5 5 1 3 1 0 5 2 2 4 1 0 4 3 1 3 1 5 2 3 4 2 1 5 0 0 5 0 0 1 1 5
   2 3 0 3 3 3 2 5 2 1 2 1 4 1 3 0 4 2 5 0 4 5 0 4 4 1 5 0 5 2 0 4 0 0 1
   2 0 3 5 4 5 3 0 5 3 2 1 5 0 2 2 0 3 4 0 1 5 5 5 2 1 2 2 4 3 5 2 3 2 5
   0 4 0 2 2 1 3 0 2 4 3 4 2 0 4 5]
  [0 1 1 2 4 3 4 2 0 2 1 1 0 3 2 3 4 5 3 4 0 4 5 5 4 2 0 0 2 3 0 1 0 3 5
   4 1 3 4 5 2 0 5 3 4 5 5 5 1 0 1 1 0 1 5 3 0 1 4 3 1 5 2 0 4 4 1 1 5 4
   2 4 5 1 5 1 0 0 2 1 5 5 2 5 0 1 1 5 3 2 1 0 1 3 4 4 3 5 1 0 4 2 3 4 0
   2 5 2 5 5 1 3 0 2 1 0 5 1 1 1 4]
  [0 5 0 2 4 2 5 2 4 2 5 2 3 0 5 4 4 1 3 5 2 0 2 0 2 0 4 4 3 1 3 0 2 0 4
   4 0 0 0 3 3 3 2 4 4 0 3 5 4 4 4 5 2 0 3 3 5 4 2 3 2 0 5 5 0 0 4 3 0 3
   2 3 2 0 5 1 4 4 2 1 5 4 1 0 2 0 4 2 3 0 4 0 3 4 2 3 1 0 2 4 5 0 2 2 2
   4 1 5 3 3 2 1 2 0 4 0 5 4 0 4 2]
  [0 5 2 5 2 5 4 2 2 0 4 0 0 3 0 3 2 4 2 3 0 3 4 1 1 2 3 3 1 5 5 0 4 1 1
   5 0 3 3 4 2 3 2 2 3 1 5 0 4 4 1 3 0 4 3 1 3 0 4 3 5 4 3 0 3 0 4 4 5 5
   1 2 0 1 0 3 1 3 0 2 2 1 2 4 2 0 5 3 5 1 3 2 3 1 3 5 4 0 1 4 1 4 5 0 0
   1 4 5 1 0 4 4 0 3 4 4 0 1 4 0 0]
  [0 4 1 1 3 1 4 4 1 5 1 2 4 5 1 0 5 0 0 2 0 4 0 4 4 5 5 4 4 0 2 2 3 3 0
   1 1 0 5 1 5 3 0 3 5 2 1 2 3 2 0 0 2 3 2 1 2 3 1 3 3 0 2 3 1 2 0 3 3 0
   3 2 2 0 1 2 3 5 4 0 2 2 0 5 5 1 4 2 2 2 0 2 2 1 4 0 0 4 2 1 1 4 0 1 2
   2 3 5 1 4 5 5 2 2 3 2 2 1 5 4 5]
  [0 4 4 5 0 1 0 1 0 3 0 3 4 3 3 3 2 0 5 4 5 3 2 2 4 1 2 4 3 5 3 1 1 5 0
   5 5 0 5 5 0 1 4 3 3 5 1 2 5 0 1 1 1 4 1 2 0 0 3 4 2 3 1 0 3 3 3 0 2 3
   4 2 4 2 2 5 1 4 4 3 1 3 3 3 5 5 2 4 0 1 0 4 3 1 2 5 5 2 1 1 1 5 5 3 1
   2 1 5 3 0 2 5 1 1 2 5 2 4 3 4 2]
  [0 2 1 1 5 3 0 1 0 3 3 1 0 1 5 2 4 5 4 3 3 1 0 3 2 2 4 1 3 4 0 0 1 0 1
   4 3 2 3 2 2 2 0 0 2 5 2 0 5 2 2 2 0 1 3 5 3 4 1 2 2 3 3 0 4 1 2 1 0 3
   0 0 2 1 5 3 3 3 5 0 0 3 3 4 5 1 0 4 4 0 3 2 1 5 3 1 2 2 3 0 0 1 3 0 5
   4 4 2 3 2 4 2 0 4 1 3 3 2 4 0 2]
  [0 0 3 2 2 4 5 1 3 2 2 0 4 0 1 1 1 2 0 1 2 1 2 3 5 2 0 0 0 0 4 2 3 1 2
   5 1 1 1 2 5 3 4 2 3 4 3 2 0 0 0 1 0 2 4 1 4 5 2 0 0 4 3 4 4 1 3 5 5 0
   2 1 0 1 4 2 5 0 4 1 0 4 0 1 3 3 5 5 4 4 1 2 5 2 5 0 3 3 1 0 0 4 3 0 5
   2 4 4 0 4 3 1 0 4 1 0 1 2 1 0 4]
  [0 3 0 2 5 4 4 5 5 1 4 4 0 3 4 0 1 0 1 2 5 1 3 2 1 3 3 0 4 4 3 1 4 2 0
   2 1 3 1 2 0 3 1 1 5 5 2 0 3 3 1 0 1 0 4 5 3 2 3 1 1 3 2 2 4 3 2 2 3 5
   0 0 1 2 3 5 3 4 4 3 2 3 5 3 3 5 4 2 0 1 4 1 1 0 2 2 4 3 3 4 3 3 4 1 2
   0 5 3 0 4 3 2 4 3 5 0 1 0 4 2 2]
  [0 1 1 4 2 5 3 5 0 5 3 0 2 3 1 0 2 3 1 4 5 4 0 4 3 0 3 5 2 1 3 5 0 1 5
   1 2 3 3 2 1 3 1 5 3 5 2 4 5 2 4 4 5 3 3 3 5 0 5 1 3 3 0 2 2 1 5 5 4 4
   4 0 2 5 1 0 5 1 5 4 5 1 3 5 4 4 2 5 0 2 0 4 1 2 0 5 4 0 5 5 2 4 2 4 1
   0 5 0 0 0 1 2 0 0 0 0 5 5 4 3 2]
  [0 0 5 0 1 2 3 5 2 4 3 2 4 0 4 3 2 0 2 2 2 4 4 2 3 3 4 5 5 4 5 3 2 4 5
   2 4 5 4 0 4 2 1 2 0 3 5 4 3 5 1 5 0 2 0 1 4 2 3 2 2 3 0 3 4 0 2 0 2 3
   3 3 0 0 2 0 5 2 1 4 3 0 0 5 5 1 1 3 3 3 2 1 5 2 1 3 5 3 3 3 2 2 2 1 5
   3 2 5 2 5 1 0 0 1 4 0 0 5 5 4 4]
  [0 2 2 0 2 5 5 4 5 4 5 0 1 0 4 2 5 4 2 3 0 5 2 0 1 0 1 4 4 3 2 3 3 0 0
   3 3 0 0 4 5 0 0 2 4 4 2 1 0 5 3 3 2 4 4 0 2 5 2 5 5 1 0 0 0 1 1 3 1 4
   5 4 3 0 1 0 5 5 2 0 2 5 5 2 0 4 3 4 4 1 2 2 2 3 5 1 0 0 0 0 2 0 5 0 1
   4 2 5 0 0 0 4 0 4 0 5 5 0 4 2 2]
  [0 3 2 4 2 3 1 2 0 0 1 0 3 1 0 1 5 1 1 2 0 0 1 1 1 2 4 1 5 4 0 5 2 3 3
   0 3 2 4 4 2 0 3 0 3 3 0 2 5 4 0 1 3 3 1 4 5 3 2 2 1 0 2 3 0 1 1 4 5 3
   1 5 2 0 0 1 1 1 5 2 1 0 0 3 5 5 1 3 1 2 3 1 2 4 3 5 4 1 0 1 4 2 5 2 5
   5 2 0 3 3 1 3 4 4 3 0 0 4 5 1 0]
  [0 3 1 5 2 3 1 4 4 1 4 2 3 4 2 2 0 3 0 1 3 5 1 1 1 5 4 0 3 2 4 3 4 1 5
   5 4 0 5 3 5 1 1 5 2 3 1 3 2 3 1 3 1 3 4 4 3 4 2 1 2 4 4 0 0 0 4 0 0 3
   2 4 2 4 5 0 5 0 4 3 4 3 4 2 5 4 3 4 3 2 0 0 2 2 2 0 5 3 1 3 5 5 5 2 0
   2 1 0 1 4 2 4 3 0 3 2 1 5 0 4 5]
  [0 5 5 1 5 0 0 0 2 2 1 0 2 4 3 3 5 1 5 4 3 0 3 1 5 4 5 4 4 1 1 5 1 2 4
   1 0 2 4 2 4 4 0 4 1 3 0 5 1 2 2 5 3 2 5 2 3 5 0 2 2 4 0 3 5 5 4 0 3 4
   4 4 5 1 3 0 0 4 5 3 5 5 1 3 5 1 0 5 3 4 4 1 1 4 4 4 4 3 4 0 1 4 3 0 3
   0 4 1 1 5 3 2 3 3 4 2 1 5 3 1 2]
  [0 5 2 4 5 5 4 1 5 2 0 4 5 5 1 4 4 2 5 0 4 0 4 3 3 0 4 1 2 1 0 1 5 1 2
   2 5 2 2 0 1 1 2 0 1 5 1 4 2 1 5 2 3 1 2 2 2 2 0 4 0 2 1 3 4 5 3 4 1 0
   4 2 0 4 1 4 0 0 2 3 0 0 2 5 0 1 1 0 4 3 4 4 5 3 5 4 2 0 1 2 5 1 4 4 1
   3 5 2 1 2 0 0 2 0 3 1 1 2 4 1 3]
  [0 1 3 5 3 1 4 1 1 3 3 4 0 3 5 0 2 0 4 0 2 5 0 2 3 3 5 5 4 1 5 5 0 4 1
   4 4 2 1 5 3 4 1 2 5 1 5 2 1 4 2 0 3 4 4 3 5 4 2 5 4 5 2 0 2 0 2 1 0 0
   1 5 4 0 3 4 4 2 0 0 4 3 1 5 2 2 4 2 4 3 0 2 2 4 4 3 3 2 5 5 2 3 1 5 2
   5 0 5 4 5 4 2 5 5 0 3 1 0 1 3 1]
  [0 3 2 0 0 4 2 3 2 2 2 5 5 4 4 1 1 2 1 2 3 2 1 5 2 5 2 2 3 5 2 0 0 4 4
   2 3 0 1 0 2 3 1 4 4 3 5 5 0 4 2 4 5 2 0 5 1 0 3 0 1 4 0 1 2 2 2 3 5 4
   5 0 3 4 1 4 2 5 2 0 1 0 2 1 1 0 0 2 4 4 0 4 2 5 3 1 4 4 0 4 3 5 4 1 3
   0 2 4 1 2 2 4 0 4 0 0 5 1 5 1 0]
  [0 5 3 4 0 4 0 4 1 4 4 3 3 4 3 3 3 4 3 1 0 2 3 5 2 4 1 1 0 3 5 2 2 1 0
   5 4 3 5 3 5 3 4 2 3 0 4 3 0 1 0 1 0 5 1 0 3 3 1 0 0 3 1 3 0 1 4 4 1 2
   4 3 2 2 1 3 1 2 4 1 0 5 2 2 0 4 0 4 0 0 3 1 3 2 5 2 1 2 0 5 5 4 4 2 5
   5 5 4 3 2 4 5 2 3 3 3 5 2 3 3 2]
  [0 5 5 1 3 5 1 5 5 1 3 5 0 0 1 0 0 1 5 5 4 4 5 5 5 2 0 3 1 5 1 4 0 0 5
   0 1 3 1 0 1 4 4 5 2 4 5 1 2 0 0 1 1 1 3 3 2 4 4 2 1 3 1 0 5 1 4 2 0 1
   0 2 3 0 2 2 0 3 4 4 5 0 0 3 1 2 2 3 0 2 1 0 2 3 0 3 4 2 0 3 1 1 4 3 3
   4 3 3 0 5 0 5 2 0 5 5 1 3 4 3 4]
  [0 1 5 5 4 0 3 1 2 5 1 0 3 2 4 0 3 0 2 2 5 1 4 3 4 3 0 1 2 0 4 1 0 0 4
   1 2 3 1 4 3 2 4 4 1 3 1 1 2 0 3 1 5 2 0 2 0 2 5 1 1 4 1 2 0 1 1 2 5 2
   2 4 5 0 4 0 1 4 5 0 5 2 0 3 5 2 2 5 5 4 4 4 2 0 2 0 4 1 0 2 4 2 5 2 3
   5 2 4 2 4 5 3 5 5 4 1 0 1 4 5 0]
  [0 2 4 1 3 2 1 4 5 1 4 3 4 3 3 1 4 1 2 1 0 4 2 4 3 4 2 2 1 4 5 3 2 1 1
   1 2 1 3 4 2 4 1 5 5 2 3 1 2 3 5 0 1 2 5 1 2 0 3 5 2 1 5 3 5 4 0 2 2 0
   2 5 5 3 5 1 5 3 0 5 1 4 0 0 5 0 1 3 1 4 0 1 5 5 4 3 3 3 3 2 3 0 3 5 1
   1 5 0 4 0 1 5 1 3 5 2 3 1 3 1 2]
  [0 1 2 3 2 2 2 0 2 2 5 3 2 2 3 0 5 0 1 3 4 3 5 3 2 4 0 3 5 4 3 3 2 3 4
   3 3 0 5 4 4 0 0 5 0 2 3 1 3 5 2 1 4 3 5 1 0 4 3 0 2 3 3 2 1 0 1 3 2 1
   2 3 1 2 0 3 3 5 1 3 3 0 0 4 0 4 1 0 1 3 0 5 3 4 0 5 0 0 0 0 2 2 0 2 2
   4 2 5 0 0 4 2 0 1 2 4 4 3 2 1 2]
  [0 2 1 1 3 4 3 4 4 0 0 4 1 0 5 0 0 3 4 0 4 2 0 2 5 5 2 0 1 4 2 4 5 1 4
   1 2 1 1 1 3 3 3 1 3 4 1 0 2 5 1 5 5 0 4 3 5 0 5 1 1 1 3 1 2 0 1 2 0 1
   0 0 3 1 2 1 0 2 1 2 1 4 5 4 1 0 3 2 3 4 5 3 2 2 3 0 5 4 2 1 0 1 5 2 5
   0 2 1 5 3 0 1 4 0 2 4 4 5 0 3 2]
  [0 1 4 0 3 5 1 3 1 4 3 2 0 5 0 5 1 1 0 4 1 2 0 5 2 4 5 5 4 0 3 1 5 0 5
   3 0 0 0 4 1 2 0 1 2 1 0 5 3 0 3 3 0 2 4 3 3 0 5 5 3 2 5 1 0 3 0 5 4 3
   0 1 3 5 1 5 2 0 2 2 1 3 0 1 4 0 0 5 5 5 2 5 3 3 1 4 0 4 2 0 1 4 1 3 1
   5 3 0 2 3 2 4 0 2 4 3 5 0 4 4 4]
  [0 5 0 4 5 2 0 1 3 2 2 3 1 3 0 4 1 4 3 1 4 1 3 3 3 5 1 5 2 4 2 0 2 3 0
   3 4 0 2 3 4 3 3 5 4 5 1 2 2 1 3 1 0 2 1 3 0 5 4 2 4 1 4 1 1 5 5 4 5 0
   2 1 4 0 1 4 2 1 0 2 3 5 3 4 5 2 5 0 3 4 3 2 1 3 3 2 5 4 0 3 3 3 5 4 0
   3 5 0 2 1 2 2 1 0 4 1 1 0 1 2 1]
  [0 2 3 5 2 4 1 5 3 5 0 4 4 2 4 1 3 5 3 1 5 2 3 2 5 0 0 5 3 2 3 1 5 2 5
   5 0 2 1 1 4 2 5 0 0 2 5 3 1 2 3 1 1 0 5 5 5 4 4 3 2 2 2 1 0 0 0 4 5 0
   1 3 5 5 0 0 4 0 3 1 3 4 3 5 0 1 2 2 0 5 3 1 3 5 2 3 2 1 1 3 0 4 3 2 5
   2 3 1 3 4 5 4 1 1 2 0 4 2 0 0 1]
  [0 5 0 4 2 0 5 1 4 5 5 3 4 4 4 1 1 2 3 3 3 2 5 1 3 3 5 2 0 5 5 3 2 2 4
   5 1 4 3 5 1 2 5 2 2 5 3 2 5 3 2 3 3 1 0 0 3 4 2 1 0 4 4 0 0 4 3 0 4 3
   4 3 3 5 4 2 3 1 1 0 4 1 5 1 4 3 5 4 4 0 0 0 2 1 2 5 1 2 2 1 3 4 0 3 2
   5 1 4 1 3 4 4 0 1 2 5 4 2 5 3 3]
  [0 0 1 5 0 3 1 2 3 5 4 1 1 1 2 5 2 5 1 1 4 2 0 3 5 3 2 1 0 4 2 3 5 4 3
   5 4 4 4 4 4 3 2 5 2 5 1 3 0 1 1 4 3 1 4 0 2 3 3 5 1 5 1 1 3 4 4 0 4 4
   0 4 0 5 5 5 3 4 1 2 2 2 3 2 4 3 4 4 3 2 0 3 0 0 0 5 2 4 1 5 2 3 5 2 2
   5 2 1 4 1 2 4 1 5 3 0 3 5 3 3 1]
  [0 2 0 2 3 0 4 5 2 0 4 3 5 5 5 5 5 5 4 0 4 5 3 4 5 0 3 0 5 3 1 0 0 1 3
   0 5 1 1 2 4 3 0 1 5 0 3 1 0 5 3 0 1 3 1 5 1 2 4 3 4 5 0 2 5 0 3 0 1 3
   2 0 1 0 2 3 3 4 2 0 3 3 4 1 1 2 1 4 5 0 1 0 4 4 0 3 2 1 2 1 5 4 5 1 5
   2 2 2 5 0 5 3 0 3 3 4 4 1 5 1 5]
  [0 1 5 3 5 4 0 1 4 5 4 3 0 3 2 4 4 4 3 0 0 2 4 4 3 4 1 1 0 5 4 5 4 0 4
   5 5 4 1 0 4 0 1 0 2 5 5 4 5 2 0 2 4 3 5 5 3 2 2 4 1 0 2 5 1 0 3 2 1 2
   3 1 4 0 5 1 4 1 0 2 5 5 0 5 0 5 3 1 4 3 3 4 0 2 2 1 1 0 1 0 2 1 5 2 4
   0 2 4 4 0 3 4 5 0 3 2 0 1 1 1 5]
  [0 4 3 4 0 4 0 5 3 0 2 3 5 2 3 5 1 0 3 4 5 5 5 5 1 3 5 1 4 2 4 3 2 4 3
   3 3 2 4 4 4 4 2 4 4 5 5 4 0 4 1 3 0 1 5 4 3 1 4 0 1 1 0 3 4 5 2 4 5 4
   4 4 1 2 4 3 5 3 2 5 3 0 4 4 3 5 0 3 3 0 2 3 2 0 3 4 0 0 1 4 5 4 5 5 4
   0 5 1 4 5 0 2 0 2 3 5 4 0 3 5 4]
  [0 3 2 2 5 2 4 2 3 2 0 0 1 5 5 1 1 0 1 5 1 4 5 5 5 0 2 1 4 4 0 2 4 2 4
   3 4 1 1 1 4 4 5 1 3 2 5 0 2 5 2 2 5 2 4 0 5 0 0 3 5 3 1 0 0 4 2 1 2 2
   3 5 5 2 4 5 0 2 3 4 2 2 2 1 1 4 0 1 5 2 2 0 3 0 0 5 1 0 4 4 1 5 3 5 0
   0 4 5 0 2 5 2 3 4 2 4 1 5 1 4 0]
  [0 4 3 5 4 0 0 2 0 3 1 2 3 4 2 3 4 3 4 1 4 1 5 0 0 1 4 4 3 3 3 2 3 3 0
   0 1 5 5 1 4 3 5 5 2 5 0 1 3 0 4 4 0 1 2 2 4 2 3 4 1 4 1 5 0 1 1 4 2 1
   3 0 4 3 3 3 0 4 0 0 4 2 4 0 3 3 2 3 5 4 1 1 3 5 2 0 3 5 2 1 4 0 1 1 1
   1 4 4 5 5 0 1 3 4 1 2 5 1 5 4 0]
  [0 3 1 4 1 5 3 1 4 1 4 4 1 1 1 0 1 4 5 0 4 5 1 2 4 1 1 0 5 1 0 4 4 2 2
   0 0 4 5 1 0 4 3 4 5 3 1 3 2 3 2 2 0 5 4 3 5 3 5 4 0 4 4 5 0 3 2 0 3 2
   1 3 5 0 3 2 1 0 0 0 1 3 2 4 4 0 5 2 4 3 4 5 3 3 0 3 0 1 1 2 1 0 0 2 0
   1 1 4 1 0 4 4 4 0 2 3 5 3 2 0 4]
  [0 1 1 3 4 2 4 0 4 4 5 2 5 2 5 0 0 5 1 1 5 5 1 2 2 4 5 1 4 0 1 3 4 2 2
   0 3 1 0 0 5 4 3 3 0 4 3 2 0 3 4 3 2 5 0 5 3 5 1 0 4 3 5 4 1 2 2 4 1 4
   0 1 4 1 4 4 4 3 0 4 0 2 5 5 5 2 3 1 3 2 1 3 0 3 5 3 3 0 4 4 4 2 0 0 3
   3 3 3 3 2 5 4 4 4 5 0 3 4 0 1 5]
  [0 5 2 4 1 5 1 5 3 5 0 4 1 5 4 1 1 3 4 5 5 4 4 1 5 1 5 2 4 1 0 4 5 2 1
   5 0 3 3 1 1 4 4 0 2 2 4 4 5 0 2 0 1 4 0 2 1 3 0 0 1 3 4 5 4 3 2 2 2 2
   3 2 4 1 4 5 2 4 5 3 2 3 3 3 3 1 3 4 2 3 5 3 5 5 0 0 2 0 0 4 4 0 3 1 2
   5 0 4 2 0 1 3 3 0 3 1 2 4 4 1 0]
  [0 4 4 0 0 1 4 4 0 3 4 5 2 4 0 3 3 3 4 1 5 2 0 2 4 5 2 4 0 2 4 0 4 2 5
   0 0 0 1 2 4 2 5 5 4 0 5 1 4 3 0 1 3 0 1 4 5 0 0 2 5 0 4 5 5 3 4 2 5 0
   4 2 3 3 0 2 3 4 1 5 3 3 4 4 5 4 0 2 0 0 5 3 3 2 3 3 2 3 2 0 2 2 1 4 3
   2 5 0 3 4 2 5 1 5 4 4 2 5 0 3 1]
  [0 0 2 4 5 2 5 4 4 1 1 2 1 2 3 0 2 5 0 2 4 3 2 4 2 0 5 5 2 5 5 3 3 2 4
   0 4 0 0 2 4 0 3 2 5 2 4 5 5 0 4 5 2 1 1 4 2 3 5 5 0 3 3 1 1 0 0 2 4 4
   5 4 0 5 3 4 0 1 3 4 1 0 3 3 3 3 4 1 4 2 4 1 4 1 0 4 5 4 1 0 0 1 0 5 2
   3 1 5 2 2 4 1 1 4 5 0 0 5 1 4 3]
  [0 0 1 1 3 2 1 3 1 1 0 3 2 4 4 5 4 1 4 5 5 3 4 5 2 5 0 5 4 0 5 3 0 2 5
   4 2 5 5 2 4 3 5 1 0 2 1 0 3 5 3 1 3 2 2 3 0 4 2 1 1 1 4 3 4 3 3 5 2 2
   4 0 5 4 3 5 2 1 2 4 3 3 4 1 0 0 4 5 4 3 0 2 5 2 2 4 2 5 1 2 3 0 2 3 1
   2 5 5 1 4 4 2 0 4 4 4 4 4 3 3 4]
  [0 0 5 0 0 2 1 2 0 2 2 1 4 0 0 3 5 5 5 5 5 1 1 5 5 1 0 0 0 2 5 1 3 5 0
   1 5 1 3 3 5 5 0 4 1 5 2 3 5 4 3 3 1 4 0 5 1 5 0 4 1 2 0 4 5 5 2 2 3 3
   4 2 4 0 1 3 0 5 3 5 3 0 3 2 2 2 2 4 4 2 4 3 4 2 5 2 3 1 1 0 2 3 0 1 0
   2 1 1 2 0 1 1 1 4 1 5 3 1 1 2 4]
  [0 5 3 4 1 3 0 5 3 1 4 0 0 1 1 3 3 5 5 1 4 2 0 4 0 2 1 3 3 3 0 4 5 1 1
   3 3 2 0 5 1 0 4 0 2 0 2 4 1 5 0 2 2 3 5 5 1 3 4 5 2 1 0 4 0 1 3 4 2 3
   0 3 3 4 5 0 1 1 4 5 2 1 2 2 1 0 1 3 4 2 2 2 1 3 4 5 1 4 4 0 1 4 1 0 5
   2 2 0 3 5 4 2 0 5 1 0 0 0 4 4 4]
  [0 4 2 2 3 1 0 1 5 2 0 1 3 3 2 0 1 3 5 0 0 1 3 1 2 2 5 1 1 1 4 4 0 1 2
   0 4 0 5 1 5 2 1 4 2 0 4 5 0 4 1 0 0 0 5 0 4 0 0 5 5 3 2 2 2 0 5 2 2 2
   4 1 3 5 2 4 4 1 0 5 5 5 2 2 1 5 3 2 3 0 4 4 3 2 3 1 0 5 2 2 2 1 4 3 0
   0 0 2 0 2 4 0 2 0 2 2 4 0 2 5 2]
  [0 1 0 5 4 5 2 4 2 2 5 1 4 0 2 2 5 4 0 4 5 4 1 5 4 3 1 0 2 2 2 4 0 1 5
   0 0 1 1 2 4 3 5 0 2 0 5 2 1 3 0 5 5 2 4 4 3 3 3 5 3 3 1 2 0 3 0 1 0 5
   4 0 4 2 5 5 3 1 0 0 0 3 2 1 5 4 2 1 4 0 5 1 1 0 0 4 1 5 3 5 4 0 2 2 5
   0 3 0 4 2 3 5 4 5 0 5 2 5 4 5 3]
  [0 4 4 4 1 2 1 3 4 0 1 1 4 3 4 1 2 1 4 5 5 3 0 4 3 3 4 0 3 3 4 1 2 0 4
   1 4 0 2 4 1 4 5 3 1 3 2 3 3 4 2 3 1 4 1 4 2 0 0 5 5 3 5 2 0 4 3 1 4 3
   2 0 3 4 1 5 0 5 2 5 2 1 1 0 0 0 4 0 3 3 0 0 5 0 4 3 5 0 4 3 3 2 1 1 2
   4 0 2 4 1 1 5 0 5 0 3 0 3 1 4 4]
  [0 2 4 3 3 0 1 4 1 0 2 2 0 5 2 3 5 1 3 3 1 3 4 4 1 4 1 5 4 5 1 2 3 0 0
   5 0 4 4 2 5 1 5 2 5 5 1 4 5 3 3 1 4 2 4 2 1 5 5 4 3 1 1 3 5 5 1 5 3 1
   2 3 1 1 0 4 0 5 3 5 2 4 0 1 3 4 3 0 1 2 0 3 4 5 3 4 2 3 2 0 0 2 4 2 5
   2 1 0 1 4 3 0 2 4 3 1 0 5 3 3 2]
  [0 3 4 2 3 3 1 2 4 3 5 2 3 4 5 0 0 3 1 2 5 3 3 0 1 2 1 3 2 5 1 0 5 5 1
   0 1 3 4 3 0 1 5 2 0 1 3 4 2 4 0 2 4 3 3 5 3 4 4 3 5 3 0 5 0 1 4 4 1 3
   5 0 1 3 3 2 3 1 4 5 3 2 1 0 5 4 0 4 2 0 0 1 5 0 3 0 3 0 3 1 2 0 4 5 0
   3 3 5 0 5 0 3 3 4 2 3 1 5 3 5 5]
  [0 2 5 5 2 0 4 1 4 3 1 5 3 4 2 1 5 1 5 4 4 4 2 4 1 5 1 0 1 1 5 0 1 2 1
   3 3 1 2 0 3 5 3 3 3 1 0 3 2 1 4 1 1 2 0 3 3 4 1 3 2 2 2 2 4 1 3 5 0 2
   5 5 1 2 3 2 2 2 0 3 3 4 5 0 2 2 1 5 2 4 0 0 0 3 2 3 4 4 5 3 1 2 1 5 1
   5 0 0 0 0 0 1 3 3 3 5 3 3 0 5 5]
  [0 5 4 1 3 4 0 3 2 4 0 3 1 1 4 1 3 2 0 5 5 2 1 3 3 1 2 3 1 1 5 0 5 3 2
   0 2 4 1 2 1 0 0 0 1 1 3 2 2 0 1 4 5 3 2 3 1 3 5 5 4 1 4 4 1 2 0 2 0 4
   0 5 1 2 3 2 2 0 3 0 4 4 3 0 0 5 5 5 4 5 1 5 0 2 1 2 0 5 2 1 2 1 1 3 5
   0 0 4 5 1 0 4 1 5 2 1 5 3 1 2 0]
  [0 1 2 2 1 3 0 4 1 5 3 3 2 2 0 5 2 2 2 4 5 0 0 3 1 0 4 0 3 2 2 3 5 2 5
   1 0 5 3 1 5 4 5 2 3 1 0 3 3 1 1 1 5 3 4 5 4 0 0 3 3 2 5 3 1 0 0 0 5 5
   3 4 4 0 2 3 3 3 2 5 3 2 5 0 3 4 5 2 3 4 4 5 0 4 3 5 0 2 5 1 3 0 3 1 3
   3 5 4 5 3 5 0 4 1 1 5 4 2 3 0 1]
  [0 2 5 5 3 2 2 5 4 2 4 2 2 4 3 5 0 3 1 5 4 3 4 5 2 5 5 5 3 5 0 5 4 5 2
   5 5 4 3 1 3 0 3 4 0 1 2 1 4 5 5 4 4 4 3 4 4 0 2 5 0 5 5 0 5 0 5 3 1 0
   1 1 1 1 4 1 2 3 2 5 1 0 5 0 4 4 1 4 2 5 4 5 3 0 5 0 5 1 1 3 3 0 4 3 0
   3 3 3 2 5 1 2 0 4 0 5 0 2 3 5 5]
  [0 0 0 2 4 4 5 2 3 4 2 2 0 0 5 2 4 1 3 4 2 4 0 4 5 3 0 0 5 1 2 5 5 2 4
   1 2 2 4 4 1 4 5 5 4 1 4 0 0 3 5 3 5 2 4 3 3 1 0 1 0 2 3 0 5 0 1 1 5 2
   3 2 5 5 4 3 1 0 0 2 2 3 5 3 3 0 4 2 4 5 3 1 0 1 4 3 4 0 1 4 5 4 1 4 0
   5 5 1 2 2 5 4 4 0 1 5 2 1 0 0 2]
  [0 2 0 0 4 1 3 1 4 5 4 2 1 4 1 0 3 5 3 1 0 1 2 1 5 3 2 1 5 5 4 0 3 0 2
   2 2 5 5 1 5 1 0 1 4 4 0 3 1 5 0 5 2 1 2 3 5 0 0 3 3 5 1 3 5 4 0 2 0 4
   2 5 5 5 1 4 1 0 0 0 3 4 1 0 2 5 2 4 5 4 5 0 4 0 5 3 5 0 2 2 1 0 3 0 1
   4 2 1 4 4 1 5 2 0 0 0 4 3 2 2 1]
  [0 5 4 5 1 1 1 1 2 4 2 3 0 0 3 0 0 4 4 3 4 4 5 1 3 0 0 4 2 0 1 5 2 1 5
   3 4 1 4 4 5 2 0 4 2 0 0 1 5 1 1 1 1 2 3 5 2 5 2 2 2 0 0 2 1 4 5 3 0 3
   2 2 1 0 5 4 0 5 5 2 5 0 0 1 0 1 1 5 0 1 4 0 4 2 3 2 2 5 3 1 4 0 4 0 5
   4 2 3 5 4 4 0 0 0 3 0 1 5 1 4 0]
  [0 2 0 3 5 5 2 2 4 5 3 5 2 5 0 2 4 3 1 3 0 2 3 1 2 5 3 0 0 5 3 5 2 2 1
   1 5 0 1 5 4 4 5 4 0 0 0 5 4 0 5 1 5 4 2 5 5 4 3 4 3 5 0 0 3 2 0 0 1 3
   0 2 5 0 1 5 0 1 2 3 2 1 5 3 4 3 1 0 3 0 0 2 5 4 1 0 5 5 3 0 1 1 5 1 0
   3 0 1 1 2 1 0 5 0 4 2 0 5 0 1 0]
  [0 3 1 5 1 0 0 0 2 3 2 1 1 3 1 0 0 3 0 2 0 5 4 1 0 5 1 0 0 4 0 5 4 4 0
   0 0 2 5 1 2 5 1 3 0 1 2 4 2 3 2 0 1 0 2 3 5 0 2 3 5 5 1 3 5 2 0 4 3 1
   2 4 5 5 3 4 4 5 3 3 2 1 1 1 1 2 1 2 0 0 3 2 4 0 4 3 5 0 2 3 4 0 2 4 0
   4 4 0 2 1 0 5 1 2 3 5 5 0 2 0 1]
  [0 1 2 2 5 2 4 2 2 5 2 3 3 4 4 2 4 2 1 4 3 4 5 3 2 2 5 1 4 1 1 2 3 1 2
   3 2 2 4 2 5 0 0 1 3 1 0 2 0 3 3 5 5 1 2 3 0 5 4 3 3 1 4 4 2 2 2 2 3 2
   3 0 0 0 5 0 5 0 0 2 0 2 1 2 4 0 0 2 4 2 2 4 0 5 5 4 1 0 3 1 3 5 3 3 2
   5 0 5 5 3 1 4 2 0 2 0 5 4 0 0 3]
  [0 0 2 5 2 4 5 2 2 0 1 5 3 3 5 5 1 3 4 2 0 0 1 2 2 5 2 2 5 2 0 2 3 4 0
   0 5 0 5 5 3 1 4 3 1 2 3 1 0 0 4 2 2 2 5 0 5 0 1 0 2 0 5 1 2 2 3 2 2 3
   2 3 4 0 4 3 5 4 3 3 2 2 3 1 3 5 3 1 3 3 2 0 3 1 1 1 5 5 3 4 2 0 1 2 5
   1 4 4 0 1 4 5 1 0 5 4 2 1 5 0 1]
  [0 5 2 4 5 1 3 4 4 1 3 1 4 4 2 1 3 4 0 3 2 0 4 5 1 5 3 2 1 1 3 1 5 4 2
   4 5 4 1 0 0 5 5 3 5 4 1 4 0 2 5 5 5 0 3 3 2 0 1 0 3 1 2 2 4 5 1 4 3 1
   0 0 2 1 0 4 0 2 2 1 3 0 2 5 4 0 2 4 3 4 5 2 3 5 1 0 0 3 3 1 3 4 0 2 3
   2 3 1 3 0 5 5 2 2 2 3 3 4 0 3 0]]

 [[0 2 3 2 2 5 4 2 2 2 2 3 1 2 5 1 4 5 5 3 4 5 3 4 4 3 3 4 3 1 0 1 5 3 5
   2 0 5 4 4 0 4 3 1 3 3 1 5 3 4 4 3 4 2 4 5 1 5 1 3 5 1 2 0 2 2 3 1 4 3
   2 3 0 3 0 0 1 4 4 5 4 0 1 4 2 3 0 5 5 1 3 5 5 5 0 3 5 1 2 3 5 3 3 1 0
   1 0 4 5 1 0 1 5 2 4 5 1 5 1 3 4]
  [0 0 4 4 2 5 1 3 3 2 0 3 1 0 2 2 0 3 4 1 3 4 3 1 5 0 2 5 1 4 1 1 0 0 1
   5 2 0 3 4 4 1 2 0 0 0 0 2 1 4 5 5 3 5 0 4 1 0 1 1 3 2 2 0 2 2 5 4 1 0
   4 2 3 3 1 1 1 3 3 0 5 4 0 1 5 2 4 0 1 0 3 2 0 1 3 2 0 1 4 2 2 0 0 0 4
   4 3 1 3 4 3 2 3 5 0 1 2 1 1 1 1]
  [0 3 0 0 5 1 1 3 1 2 1 4 1 4 0 4 0 2 3 4 0 1 3 2 3 3 0 3 1 3 2 2 4 2 0
   5 0 0 5 2 0 2 5 1 1 1 0 5 1 3 3 1 2 1 4 2 1 1 0 2 3 2 2 3 0 0 5 0 0 5
   3 5 0 2 3 5 3 1 3 0 4 1 5 3 4 3 5 2 4 4 4 4 1 5 5 2 3 2 3 1 1 5 3 3 4
   0 1 5 3 3 0 3 1 3 1 2 2 0 4 3 3]
  [0 2 1 0 0 1 5 2 0 4 2 2 1 4 3 3 2 5 1 4 5 5 5 5 0 1 2 0 2 2 2 5 0 5 0
   4 0 0 5 1 5 1 1 1 3 0 2 1 2 2 2 4 2 5 4 1 2 5 1 4 0 1 0 2 0 0 1 1 4 4
   4 1 3 1 3 3 4 2 2 2 3 1 4 3 3 0 0 1 2 3 0 5 5 3 5 1 2 0 2 4 5 5 0 1 1
   2 0 0 4 3 1 0 3 2 1 4 2 1 3 5 4]
  [0 0 2 0 0 5 3 4 0 1 0 1 2 4 3 1 3 1 0 1 5 0 5 4 0 3 3 2 2 2 4 2 3 3 3
   3 4 0 3 0 3 2 0 3 1 0 2 5 3 0 2 1 4 5 5 5 0 3 2 2 1 3 0 0 4 2 5 2 2 3
   1 3 3 2 5 0 1 3 5 1 1 1 2 2 0 4 2 5 5 4 3 1 0 2 2 5 2 1 0 5 4 5 2 1 2
   4 4 1 1 0 5 0 2 5 0 2 2 4 1 3 3]
  [0 2 4 0 0 0 0 1 0 1 1 5 1 4 3 3 0 3 5 3 0 4 5 5 4 4 1 1 2 1 4 1 5 5 5
   4 3 4 5 3 4 4 3 1 3 2 5 1 5 2 5 2 5 3 4 4 4 5 4 2 4 1 3 1 2 0 5 4 4 1
   1 0 0 1 1 5 3 3 0 1 4 3 5 3 1 0 1 1 5 3 5 0 2 4 3 1 0 4 5 3 4 3 2 1 5
   3 5 0 4 2 2 3 1 2 2 5 3 4 0 3 3]
  [0 2 2 2 3 5 0 0 4 3 3 2 4 4 0 0 0 0 0 0 3 3 0 5 3 0 1 1 2 3 1 3 4 2 0
   0 3 1 0 1 3 4 1 0 2 2 0 1 3 4 0 4 2 0 5 2 4 4 0 4 1 0 2 3 0 1 3 1 2 2
   1 5 3 3 5 5 1 3 3 3 2 4 4 4 5 0 1 0 1 3 1 3 0 0 0 3 4 1 4 3 1 4 0 2 3
   0 4 5 2 1 0 4 3 5 4 4 1 3 2 5 1]
  [0 5 5 2 3 2 5 0 0 4 5 1 5 4 0 4 4 1 2 2 4 2 4 1 0 3 1 2 0 1 2 3 3 3 4
   0 3 4 1 1 0 3 2 1 1 5 4 3 1 1 0 3 5 1 4 2 2 3 0 2 3 2 3 4 5 5 1 0 4 3
   2 1 0 4 3 4 2 2 2 4 1 3 1 5 5 2 5 2 5 0 0 3 2 4 4 1 3 0 5 4 3 4 5 1 0
   5 2 4 0 2 1 2 1 4 2 2 1 4 2 5 1]
  [0 2 5 0 1 3 3 1 0 4 4 3 5 2 3 5 5 0 1 2 1 4 0 1 2 2 0 0 3 3 1 3 5 2 2
   3 2 0 1 3 5 1 0 2 0 2 3 1 0 4 4 4 4 1 4 1 5 0 5 4 1 5 2 0 1 1 5 5 4 0
   4 2 0 5 3 0 3 4 3 2 3 4 0 1 0 0 1 3 3 0 1 3 4 4 2 3 2 3 2 2 4 1 2 1 2
   1 5 5 3 4 5 2 2 3 1 4 0 5 5 5 0]
  [0 1 1 4 5 0 5 3 3 0 5 5 4 2 4 4 2 3 5 3 1 4 3 2 0 1 2 3 5 5 4 4 5 0 4
   3 2 0 0 3 3 3 4 3 3 3 5 5 5 2 5 0 0 2 0 3 2 1 3 1 2 5 4 5 4 2 4 5 2 2
   5 5 0 1 5 0 5 5 3 4 4 1 4 5 5 4 3 5 1 4 3 0 5 4 2 3 5 5 0 1 2 1 2 0 5
   3 5 2 3 0 1 3 0 5 1 5 1 2 1 5 1]
  [0 4 5 0 2 2 0 5 1 3 0 5 1 4 1 4 5 4 3 5 2 2 3 3 5 0 2 4 1 0 1 4 0 4 2
   2 5 2 2 1 5 0 3 5 2 1 2 3 1 4 1 2 2 4 0 1 1 2 0 3 2 3 4 3 0 1 3 4 4 1
   5 1 2 1 0 4 1 5 3 5 4 1 0 5 1 1 5 4 3 2 0 3 5 3 4 4 0 1 2 0 4 5 1 0 0
   3 2 1 5 4 5 3 0 1 0 5 3 3 2 5 5]
  [0 3 3 0 1 5 1 2 2 3 5 0 4 5 5 0 5 0 5 5 5 3 5 1 1 1 4 0 4 2 5 1 2 0 2
   0 4 2 5 4 2 4 4 0 3 3 3 5 4 3 5 2 4 3 5 2 3 5 3 2 3 2 2 0 3 2 3 2 4 5
   4 5 3 4 2 1 5 4 5 3 2 2 1 3 5 3 1 4 3 0 2 0 3 2 2 2 3 0 0 3 2 0 2 4 1
   3 4 2 4 4 1 2 1 3 5 2 3 5 2 0 4]
  [0 3 1 0 4 2 0 0 5 5 5 4 0 1 0 3 5 3 5 4 5 3 0 3 5 1 4 5 3 0 1 4 2 5 1
   3 4 2 5 1 1 3 1 3 4 2 1 5 2 2 5 4 2 4 3 5 1 5 4 1 2 4 3 5 2 5 4 0 4 0
   0 1 5 5 0 0 2 3 3 0 1 1 5 4 3 4 2 3 4 3 5 4 2 0 1 5 1 3 0 4 0 2 4 3 3
   2 3 5 4 5 0 0 3 3 4 4 4 3 3 4 4]
  [0 2 4 2 1 1 1 0 1 1 4 0 5 0 2 1 1 2 0 0 1 1 4 1 0 5 3 0 1 3 4 4 3 2 1
   4 1 1 1 5 2 4 3 4 4 3 1 4 4 0 0 1 2 5 2 3 0 1 2 2 4 5 1 2 3 5 1 4 1 4
   2 1 1 3 0 5 4 2 1 5 2 4 5 5 3 1 1 3 4 5 2 0 2 0 0 2 5 2 4 5 4 3 2 5 2
   1 1 3 1 3 4 0 5 2 2 5 1 0 3 5 0]
  [0 1 2 5 2 4 1 4 4 3 3 4 1 5 0 4 4 5 2 5 2 5 0 5 2 1 2 0 1 3 2 5 3 0 1
   2 3 1 4 0 5 5 1 4 4 0 2 4 5 2 1 3 4 4 1 3 2 4 4 1 4 4 4 2 0 4 2 4 2 2
   1 2 0 4 0 1 4 1 4 2 0 2 3 3 3 4 3 0 5 1 4 1 5 0 1 2 5 5 4 0 4 4 1 3 0
   1 0 4 1 3 5 3 5 2 3 3 4 0 0 3 3]
  [0 0 3 4 0 2 4 3 3 3 3 0 4 0 0 0 0 3 0 1 3 3 3 5 0 5 1 0 3 3 1 0 4 0 0
   3 2 3 1 2 4 3 0 2 4 5 4 3 2 5 4 4 5 2 3 0 2 1 2 2 1 1 0 4 4 5 4 0 3 0
   4 0 4 5 2 5 3 0 3 4 5 3 1 3 1 3 2 2 1 4 2 0 0 2 3 1 4 4 3 4 5 0 4 4 4
   0 5 4 5 5 3 0 0 5 2 1 2 1 5 1 5]
  [0 1 5 3 0 3 0 4 4 0 0 2 5 0 3 1 0 1 4 1 1 5 5 4 2 4 2 4 3 1 3 2 1 5 4
   1 5 0 5 1 2 5 5 0 1 4 1 0 5 4 5 3 2 5 0 4 4 1 5 3 0 0 2 0 3 3 1 0 3 1
   2 2 1 0 5 4 3 3 3 1 4 2 3 3 3 1 2 4 5 1 2 4 2 1 5 4 0 2 2 4 2 4 0 5 2
   2 4 3 5 0 4 0 3 2 0 4 0 4 1 0 4]
  [0 3 2 4 5 1 2 1 5 5 0 5 0 5 5 1 3 0 0 1 5 4 3 4 0 0 4 3 1 2 0 1 2 4 2
   1 4 5 1 4 3 5 4 0 5 3 4 3 2 2 5 1 3 1 5 5 2 5 3 2 3 2 5 5 1 4 4 2 3 3
   0 0 3 0 3 1 0 0 3 2 3 2 4 0 5 2 1 2 2 3 4 5 3 5 2 3 3 0 5 3 0 0 0 4 0
   0 4 4 4 4 4 3 5 3 3 3 4 5 1 4 3]
  [0 2 3 1 3 0 5 3 2 3 3 0 1 5 4 4 5 1 0 1 3 1 3 4 4 5 1 0 2 1 1 5 2 3 0
   1 2 4 5 1 5 4 0 5 5 1 4 3 4 5 0 0 5 5 2 4 5 5 4 2 2 0 1 4 1 3 2 5 5 0
   3 5 1 0 4 3 5 5 3 5 1 5 0 2 5 1 1 4 2 4 4 2 5 0 1 2 5 5 4 3 5 5 5 1 4
   4 3 4 1 0 1 4 3 3 1 4 4 5 4 3 1]
  [0 2 4 4 3 3 2 2 4 3 1 4 0 1 5 4 4 0 0 0 2 4 1 4 0 4 2 0 0 2 3 5 1 5 5
   5 2 0 1 5 1 4 4 2 0 5 0 3 4 2 1 3 3 3 5 4 4 4 4 4 4 5 1 3 5 1 2 0 4 3
   3 3 3 4 5 1 2 5 1 0 4 5 1 5 4 1 4 5 2 1 1 5 4 0 2 0 5 0 5 4 1 4 5 0 1
   0 1 0 3 4 5 0 4 3 0 1 2 0 1 3 0]
  [0 1 5 2 1 4 0 2 0 0 5 5 5 4 1 1 1 3 5 5 0 2 5 3 4 1 2 1 2 4 4 0 5 5 5
   4 2 1 1 2 2 3 4 4 3 4 4 1 0 0 0 4 3 2 2 5 4 2 0 2 4 5 2 3 0 0 3 5 2 2
   2 0 1 3 2 5 0 5 4 3 2 2 3 5 1 4 0 0 4 4 4 1 3 0 0 3 1 5 0 5 5 1 2 2 4
   3 5 2 5 0 0 0 1 2 5 2 5 1 0 3 4]
  [0 4 0 1 1 2 5 5 4 0 0 2 5 1 5 1 4 5 5 2 0 0 4 5 1 5 3 5 4 0 2 4 0 4 5
   5 1 4 4 1 4 2 0 4 1 2 2 5 3 0 3 5 5 5 3 3 2 0 3 4 4 1 2 1 2 4 3 5 2 1
   5 1 4 2 3 3 0 3 0 1 0 2 2 5 3 4 0 4 0 5 4 1 5 4 2 0 5 0 3 2 1 5 0 2 5
   1 5 0 5 3 1 4 0 5 1 0 2 1 0 2 3]
  [0 4 5 5 3 1 4 1 4 1 1 0 3 3 2 1 2 3 5 3 0 1 0 5 2 5 2 1 2 0 1 5 2 3 0
   4 4 0 1 2 4 1 2 1 3 5 4 2 3 4 3 5 3 4 4 3 4 5 3 4 2 0 3 0 3 0 3 0 1 2
   3 3 2 4 4 3 5 2 3 0 1 5 4 1 5 4 5 2 1 1 5 0 0 0 3 4 4 1 1 3 4 1 1 4 2
   5 1 4 4 1 2 3 3 3 4 4 4 0 1 2 1]
  [0 1 3 5 4 2 3 3 3 5 0 3 4 0 1 0 5 3 5 2 3 3 4 0 2 5 1 0 5 1 2 2 3 1 0
   4 2 0 0 0 0 0 0 2 4 2 3 3 0 3 0 4 5 3 5 0 0 5 4 1 4 0 4 1 2 3 2 3 2 3
   3 3 1 5 0 0 1 3 1 3 0 3 5 5 2 3 0 3 5 1 1 2 1 1 2 0 2 4 3 5 4 5 5 0 0
   5 4 3 5 2 4 0 2 4 4 1 1 5 5 0 5]
  [0 4 1 3 0 1 3 0 1 2 1 1 5 5 1 2 3 3 2 1 4 0 0 1 0 0 4 3 3 0 0 0 0 2 5
   0 0 0 0 5 3 4 5 5 5 1 1 1 2 5 0 1 2 1 4 3 0 5 2 2 5 0 0 3 2 0 1 4 2 5
   3 3 1 5 1 5 5 2 0 2 0 0 0 1 4 2 3 4 2 3 3 4 0 0 2 0 5 2 0 2 2 1 4 4 0
   1 1 1 4 1 4 2 4 0 2 0 4 2 2 0 1]
  [0 3 2 5 0 1 5 4 1 1 4 5 3 2 4 0 1 2 3 4 1 3 2 2 1 0 4 4 2 2 5 4 0 1 0
   4 0 1 1 1 0 2 3 0 5 0 5 1 4 5 1 0 2 0 1 4 3 3 4 4 2 2 4 0 1 0 0 0 0 2
   4 5 3 4 2 1 5 1 5 5 3 5 5 1 2 2 0 3 0 5 0 5 2 1 5 0 1 1 1 3 4 1 3 1 5
   1 0 2 2 0 0 1 3 3 0 2 4 0 4 0 4]
  [0 4 5 1 3 1 0 1 4 5 3 4 3 1 1 1 2 5 1 4 5 4 0 5 0 2 0 5 0 0 0 0 1 5 3
   3 3 0 2 0 0 5 1 1 4 0 1 0 4 5 4 3 1 0 1 4 0 5 2 0 5 4 0 0 0 0 3 0 3 5
   4 1 4 2 4 1 1 0 0 4 3 1 3 0 4 3 2 5 0 2 3 2 4 3 4 0 4 0 3 5 0 0 4 1 0
   1 5 0 2 5 5 0 1 5 5 0 5 1 0 0 2]
  [0 3 1 4 2 5 3 3 5 2 4 0 4 3 3 2 2 3 2 2 0 0 3 5 4 1 4 0 5 4 1 1 0 3 0
   4 3 2 5 4 4 2 0 4 2 5 2 1 0 1 2 0 1 1 5 1 3 1 3 3 0 3 5 4 4 5 5 0 0 3
   0 4 1 2 4 1 0 5 5 1 4 0 1 0 0 4 5 3 4 0 2 1 1 5 3 2 0 3 0 4 1 3 2 1 5
   0 4 0 5 5 4 0 4 5 1 1 4 2 3 0 3]
  [0 1 0 4 0 2 0 2 5 4 3 1 5 4 3 0 0 2 4 2 2 4 3 4 0 1 0 0 0 3 5 0 4 3 3
   5 1 5 1 5 2 4 0 4 0 0 5 1 3 2 4 5 2 4 0 5 2 3 1 2 3 2 5 1 4 4 1 0 4 1
   3 3 5 3 4 4 5 1 4 0 3 5 4 2 2 0 2 0 3 1 1 1 4 4 1 1 1 2 0 1 5 2 1 5 2
   4 3 3 4 5 0 1 2 4 3 3 0 0 4 1 1]
  [0 3 2 2 4 0 2 5 1 5 0 2 1 0 2 3 0 2 4 1 1 4 2 3 5 1 2 4 3 0 4 3 2 0 0
   4 3 4 1 5 4 5 0 5 0 0 4 4 2 1 0 5 1 1 5 2 2 0 0 2 2 3 2 2 4 5 2 5 0 5
   3 2 4 3 3 1 5 0 0 3 1 5 1 2 0 1 4 4 5 5 4 4 5 1 1 0 0 5 0 0 3 1 1 5 5
   2 2 0 2 5 0 2 0 0 1 0 1 2 4 5 4]
  [0 1 0 2 1 5 4 1 3 2 3 0 4 4 4 1 0 1 4 2 3 0 5 5 3 5 2 3 1 4 0 3 3 2 4
   5 2 2 2 1 3 1 3 0 3 4 5 5 2 5 4 2 5 5 4 1 4 3 4 4 5 2 0 3 4 2 1 1 1 3
   3 1 5 5 1 0 5 1 4 0 3 3 5 2 3 2 4 2 4 0 0 0 5 3 4 0 0 2 0 4 1 2 4 5 2
   1 5 4 0 3 0 5 2 2 2 5 5 0 1 1 0]
  [0 3 4 2 2 4 2 1 5 1 2 2 0 0 5 3 3 3 2 1 5 4 1 2 3 2 5 2 0 4 1 0 3 4 2
   0 2 2 3 4 2 2 4 4 3 1 1 5 5 3 2 1 2 4 3 1 2 5 0 4 5 1 0 0 3 4 2 2 2 5
   2 2 5 3 4 3 4 1 1 4 0 5 0 2 5 4 1 4 4 2 5 5 1 3 0 0 3 5 4 5 4 3 5 5 0
   1 5 1 0 4 1 1 4 0 0 3 5 0 3 2 0]
  [0 5 0 3 4 0 3 2 0 3 0 0 4 0 2 0 1 4 5 5 0 0 0 4 1 0 4 1 2 0 1 1 0 1 1
   5 3 1 3 3 3 4 3 1 5 5 4 2 3 4 3 2 4 3 5 4 1 2 2 5 2 3 1 1 3 5 2 3 0 2
   4 5 3 2 2 2 1 5 3 1 3 4 1 3 2 4 3 2 0 3 0 1 0 4 3 2 4 5 3 3 5 2 4 2 3
   2 3 0 1 2 5 2 5 5 5 0 1 5 4 2 4]
  [0 4 4 1 4 1 3 0 4 3 2 4 1 2 1 1 2 2 2 3 1 3 5 5 2 0 1 5 0 5 1 2 1 0 3
   5 5 3 0 3 0 4 5 2 2 3 3 5 0 3 5 3 0 2 5 4 2 1 1 1 0 0 0 3 0 0 5 3 4 1
   3 1 4 3 2 3 2 2 1 0 0 0 3 5 5 4 2 1 2 1 1 2 3 0 0 1 1 0 2 3 4 3 3 4 3
   0 3 1 5 5 3 5 3 2 4 2 3 3 0 0 0]
  [0 2 0 4 0 4 1 5 4 4 5 1 3 5 3 4 4 0 0 5 1 1 0 4 3 4 5 4 2 2 0 4 5 2 0
   1 0 1 0 2 5 5 4 5 1 0 3 2 5 5 2 2 0 1 2 1 3 0 1 4 3 2 3 3 1 4 0 3 5 3
   1 1 3 4 0 3 3 5 3 3 5 3 5 4 5 4 5 0 5 4 3 2 2 0 2 0 5 2 5 2 4 3 3 1 1
   5 3 4 5 3 4 3 4 5 0 1 3 2 4 2 5]
  [0 5 2 1 3 4 3 3 4 3 5 1 3 4 1 0 1 2 2 0 0 5 3 2 3 1 3 4 5 0 1 3 4 1 1
   0 0 1 3 2 2 3 0 0 4 3 3 0 2 0 0 1 4 4 3 5 0 5 2 5 5 4 1 4 1 2 4 4 2 3
   3 3 5 5 3 3 1 0 5 5 0 5 5 2 1 1 4 5 3 3 2 5 2 5 3 2 3 0 0 3 3 5 3 4 3
   5 2 5 0 4 4 1 4 0 1 4 1 2 2 0 1]
  [0 4 1 3 2 2 0 1 2 3 1 3 4 5 0 1 4 4 4 5 5 1 5 5 1 2 5 1 5 4 5 3 1 4 3
   5 0 5 5 2 0 3 0 1 2 5 4 4 5 0 4 5 0 2 5 2 2 1 0 0 3 1 1 5 3 4 3 3 0 0
   3 2 3 4 2 3 5 5 0 2 0 0 0 3 5 4 3 1 3 0 4 5 2 1 3 0 2 2 5 4 1 2 2 1 5
   2 3 4 4 2 4 4 1 3 0 2 3 3 4 4 2]
  [0 5 4 2 5 0 3 4 4 3 4 2 2 3 4 4 1 5 1 4 0 2 3 5 2 1 5 1 4 2 5 2 3 5 4
   4 0 0 4 3 3 0 0 0 3 5 3 2 0 5 1 2 0 2 4 5 1 5 5 3 4 2 0 2 5 3 0 3 0 0
   4 5 1 1 3 1 4 0 4 1 1 4 5 4 3 1 5 5 5 0 1 0 2 2 1 0 0 4 1 5 0 3 3 5 1
   3 0 2 3 4 3 2 3 3 0 1 3 1 4 3 3]
  [0 5 5 2 5 2 3 4 4 5 1 5 3 1 3 0 0 0 0 4 3 0 2 0 4 2 5 5 5 5 0 4 4 2 3
   3 0 1 0 5 4 0 5 0 3 0 3 2 5 2 2 2 4 0 4 5 3 3 1 1 3 1 4 1 1 2 4 4 3 5
   0 2 5 3 3 0 3 2 5 3 4 5 2 4 4 5 1 1 1 1 3 5 0 5 1 2 4 0 3 1 1 1 4 0 5
   0 0 4 4 1 0 3 3 2 0 0 1 2 3 1 3]
  [0 2 5 5 5 1 4 4 3 5 3 2 1 5 4 5 2 1 0 5 3 5 2 1 5 1 2 1 0 2 2 1 1 0 1
   1 3 2 0 0 2 5 0 0 1 1 4 2 0 3 0 3 5 3 0 0 3 4 2 4 5 1 0 2 3 5 4 2 3 1
   4 4 2 4 2 4 0 5 5 1 5 3 5 0 5 2 3 5 3 0 5 2 5 3 4 1 3 4 1 0 0 3 4 5 1
   2 2 5 1 5 5 4 3 4 4 0 3 0 5 2 0]
  [0 1 3 3 4 2 4 2 0 3 4 0 3 3 4 0 1 3 1 2 4 1 5 0 3 0 3 1 5 5 2 4 2 1 0
   5 4 0 4 0 0 3 3 5 4 0 2 0 2 5 3 3 5 0 5 4 0 1 5 3 2 3 0 2 0 3 3 2 1 2
   5 3 2 1 2 1 1 3 5 5 5 3 0 4 5 4 5 1 2 1 0 5 1 5 1 2 5 4 3 1 3 0 3 4 5
   2 1 0 0 0 2 2 4 0 2 2 2 5 4 1 4]
  [0 2 1 1 2 2 3 1 1 4 0 4 3 3 5 3 0 5 5 4 1 4 4 2 3 1 0 1 0 3 2 4 0 3 4
   5 1 1 0 0 3 0 4 5 4 2 0 4 4 4 4 5 5 0 3 1 0 2 4 3 2 3 2 1 1 3 5 4 3 4
   1 4 1 1 4 1 4 1 5 1 3 1 0 4 0 2 2 1 2 4 2 1 3 5 3 5 5 5 3 4 1 5 1 1 5
   4 0 5 1 1 3 2 2 1 4 3 5 5 5 4 3]
  [0 2 3 2 4 4 0 0 1 0 1 3 2 2 4 1 2 1 0 3 3 4 4 1 4 5 5 0 2 5 5 1 2 1 0
   0 0 2 4 2 2 0 0 5 2 5 3 1 0 5 3 2 1 3 4 5 3 3 1 3 3 2 0 1 4 0 0 0 2 1
   1 4 4 2 1 2 3 4 4 3 5 3 4 5 2 2 3 4 3 4 3 2 3 4 1 4 1 4 5 0 0 1 0 5 0
   0 1 0 2 3 3 1 5 3 2 5 1 4 4 0 4]
  [0 0 3 5 5 2 0 0 0 0 1 0 4 2 2 5 1 3 1 5 5 1 2 2 4 3 5 1 1 4 5 5 0 2 3
   0 5 1 3 5 2 2 2 0 5 5 4 4 1 4 3 5 3 3 3 0 1 1 5 3 4 5 2 2 0 3 0 3 3 2
   5 1 5 5 0 4 4 1 2 3 1 4 3 4 3 2 2 2 0 4 5 0 3 3 1 3 1 5 1 2 1 4 1 1 3
   0 2 5 2 4 5 4 3 0 3 5 5 3 3 3 2]
  [0 5 1 2 1 5 2 1 5 2 0 0 2 2 5 1 0 2 1 3 1 2 5 0 0 0 2 3 2 3 1 2 1 2 1
   5 0 4 4 5 3 3 0 0 0 1 0 3 1 4 2 2 2 2 3 0 1 5 3 2 4 1 0 5 3 1 3 0 2 0
   2 2 5 4 4 1 5 1 3 1 4 2 5 0 1 5 4 4 0 3 4 3 3 3 3 4 3 4 2 2 1 3 4 2 3
   0 1 4 2 5 5 2 4 0 0 0 1 4 0 3 4]
  [0 1 0 5 3 3 2 3 4 1 4 5 3 2 4 4 1 0 0 4 0 2 2 2 2 2 4 2 3 5 2 5 1 3 3
   0 1 3 0 5 5 1 3 1 0 0 4 4 1 0 3 3 0 0 3 3 5 3 3 1 0 2 4 2 1 1 3 4 2 5
   1 1 4 1 5 3 3 4 4 2 4 3 1 5 5 3 2 1 5 5 3 1 4 3 0 5 1 2 4 1 0 5 4 5 1
   2 4 5 3 4 1 3 1 4 2 3 5 2 2 2 1]
  [0 0 2 2 2 0 5 5 3 5 0 0 2 2 0 3 2 3 0 1 1 5 3 1 1 0 1 4 3 5 1 1 1 1 3
   1 1 2 0 3 1 4 0 5 3 4 0 5 4 1 0 4 4 1 0 0 4 0 3 5 5 3 2 2 3 5 4 4 3 3
   3 4 5 4 5 1 4 2 5 0 4 4 0 3 3 0 5 0 0 3 2 2 5 0 0 1 0 5 0 1 2 1 4 1 5
   4 2 1 0 1 4 2 4 2 1 2 2 4 2 4 2]
  [0 4 1 3 0 2 3 3 4 2 2 2 0 2 0 3 5 3 5 4 5 5 3 0 5 0 3 1 4 3 0 2 4 0 5
   1 2 5 5 4 1 2 5 1 5 2 2 0 5 2 0 3 1 4 3 4 2 1 1 3 0 2 4 2 0 3 0 1 5 2
   2 2 5 0 5 0 3 4 0 3 0 2 5 3 3 4 3 1 4 0 0 3 3 1 2 2 5 0 2 0 4 0 4 5 4
   0 2 2 4 5 0 3 5 5 3 5 1 0 5 2 3]
  [0 4 5 4 1 1 1 2 5 1 5 3 3 0 0 2 3 2 3 4 4 4 2 3 4 3 1 0 4 4 5 2 2 5 5
   4 5 4 1 0 3 1 3 1 5 5 2 2 0 2 2 1 1 4 3 4 0 3 0 1 0 2 0 5 3 5 4 4 1 5
   5 2 4 3 4 5 2 0 3 1 0 2 5 1 2 0 3 0 0 0 0 2 1 3 2 4 2 4 0 2 0 4 5 3 1
   3 5 2 1 2 4 0 1 0 3 1 5 3 2 5 2]
  [0 0 5 5 1 2 0 5 2 0 3 4 0 2 5 5 5 5 0 5 5 3 3 1 3 2 0 2 2 0 3 5 2 1 2
   2 1 2 0 0 1 3 3 0 3 2 4 0 0 0 5 2 3 1 4 2 4 3 0 3 3 2 4 4 1 2 3 3 4 1
   5 5 2 3 4 0 4 5 0 3 5 5 4 5 3 5 4 0 1 1 2 3 0 4 2 2 3 2 4 3 2 1 1 5 2
   0 0 4 5 1 4 5 0 5 5 1 2 4 1 3 5]
  [0 1 1 3 1 3 3 2 3 0 3 5 2 4 3 1 4 2 5 0 2 0 1 1 4 4 4 3 0 5 1 1 4 5 1
   2 2 1 3 4 3 5 0 4 1 4 4 4 5 4 0 1 2 3 2 0 2 5 5 0 4 5 3 5 5 5 4 4 0 5
   0 2 3 4 5 4 2 0 5 1 5 5 1 0 3 1 3 1 4 3 0 2 2 5 4 5 3 5 3 2 3 3 2 0 0
   4 4 2 1 2 3 0 5 4 2 1 2 1 2 3 2]
  [0 0 2 4 4 4 5 1 0 5 3 2 0 2 3 2 1 4 1 0 4 0 0 4 2 5 5 5 3 4 1 4 2 1 1
   1 1 0 4 3 5 4 2 5 3 3 4 2 1 0 4 0 1 1 1 3 3 5 5 1 4 2 1 2 2 1 0 4 1 3
   3 3 4 5 1 2 1 2 2 4 5 2 1 2 0 3 3 5 0 3 1 4 5 2 4 1 3 4 0 5 1 3 0 0 0
   2 5 3 5 2 2 3 3 5 3 3 2 0 5 4 0]
  [0 0 5 5 3 4 5 0 2 4 1 5 2 4 4 0 2 3 5 3 3 1 2 5 4 3 0 4 0 0 3 3 4 5 2
   1 3 0 2 3 5 5 5 2 1 3 1 3 0 3 3 4 0 2 1 2 3 4 2 3 0 3 5 0 3 5 4 4 1 2
   1 3 0 3 1 4 4 0 0 1 0 4 5 0 2 1 0 4 2 4 0 2 5 5 3 2 1 4 5 5 2 5 5 3 5
   0 0 1 0 3 1 3 0 5 0 4 4 3 1 2 1]
  [0 0 2 4 1 3 0 0 5 5 2 2 4 2 1 0 3 5 3 3 4 5 2 0 1 2 5 1 2 2 0 2 5 1 1
   2 5 1 5 5 4 3 5 5 5 3 4 2 0 4 4 1 4 0 1 4 2 2 4 2 0 3 5 4 2 0 0 0 1 5
   1 1 4 0 1 0 3 2 4 2 0 0 4 3 1 4 5 4 4 0 5 5 4 5 4 3 3 3 1 4 4 4 0 4 2
   3 2 1 4 0 4 1 0 1 1 0 4 2 4 1 3]
  [0 4 0 3 1 1 4 3 1 5 2 1 0 1 1 4 0 5 3 0 1 1 0 1 4 2 5 2 0 5 1 2 4 0 3
   0 5 0 5 3 3 2 2 4 4 0 5 5 1 3 0 5 2 1 0 2 4 0 0 2 3 3 4 1 4 2 4 3 0 5
   4 4 0 2 2 1 1 5 2 0 0 4 2 3 3 0 3 4 4 4 0 2 3 4 1 2 0 2 1 2 5 0 0 3 5
   1 3 2 2 5 2 4 4 4 1 3 4 2 1 3 0]
  [0 4 3 4 3 2 2 1 5 1 3 0 4 2 4 1 5 2 3 4 4 0 0 5 4 3 3 5 2 5 3 2 5 3 1
   4 4 5 0 1 2 0 3 3 2 0 0 4 0 3 1 1 5 1 4 0 0 0 4 0 5 1 0 4 0 3 2 1 2 3
   0 1 4 2 5 5 2 5 0 4 2 1 0 0 1 0 3 2 4 0 5 3 3 3 3 2 0 0 1 2 2 0 3 3 4
   2 0 4 1 2 3 4 0 2 0 4 4 5 3 5 5]
  [0 2 0 5 0 2 0 0 2 3 5 4 5 5 5 1 4 4 2 3 3 5 2 2 1 3 2 1 2 5 2 2 1 1 4
   2 0 5 4 3 5 1 0 0 2 5 1 4 4 5 1 3 3 3 4 4 0 3 0 1 2 3 5 5 3 2 4 5 1 3
   5 2 1 5 4 0 2 1 5 0 0 5 4 3 1 3 4 1 1 5 0 0 1 5 0 2 3 5 3 3 0 2 4 4 4
   4 2 3 0 4 1 3 0 3 2 2 5 1 1 1 4]
  [0 0 4 0 4 5 2 2 2 5 0 3 2 5 3 3 4 0 3 4 0 2 3 4 3 5 3 5 3 4 2 3 0 4 0
   1 4 0 1 4 2 1 4 5 2 0 2 4 1 0 2 1 1 5 1 1 2 0 0 3 4 0 3 0 1 2 5 5 5 5
   0 3 4 0 2 0 0 0 4 3 5 4 3 4 5 4 0 2 2 4 3 4 0 4 5 4 3 5 5 2 0 3 0 1 1
   5 4 0 2 2 5 5 3 2 5 5 1 1 5 1 5]
  [0 0 1 1 5 1 2 5 1 0 1 4 4 2 5 1 3 2 0 3 2 1 5 0 3 3 5 5 0 4 5 0 3 2 2
   3 2 1 5 2 2 3 4 5 3 1 5 1 2 1 1 2 3 4 2 5 0 5 0 5 5 1 4 4 0 0 1 2 5 0
   2 0 0 3 4 5 0 3 0 2 1 0 1 2 1 4 1 2 3 5 2 5 4 1 4 0 2 5 2 2 0 4 1 1 3
   3 3 0 4 2 1 5 5 2 0 3 3 5 3 2 4]
  [0 0 3 3 4 0 5 5 2 2 2 2 2 3 5 0 4 1 4 2 5 3 5 4 3 3 2 3 1 2 2 2 0 5 2
   3 1 4 5 1 3 5 5 0 4 2 0 5 2 4 1 5 0 2 3 4 5 5 3 0 2 1 4 3 4 1 5 0 4 5
   5 2 3 2 4 2 4 2 4 3 1 2 5 5 3 5 0 1 2 0 5 3 0 0 4 1 3 4 2 4 3 2 5 0 1
   2 3 1 3 2 1 3 5 4 3 0 3 5 3 0 5]
  [0 3 4 0 4 1 5 5 0 4 5 0 2 0 4 4 0 4 2 0 5 2 1 5 1 0 2 2 0 1 1 5 2 4 2
   4 2 3 5 2 1 5 3 3 3 3 0 4 4 0 5 2 5 5 4 3 3 1 2 1 0 4 0 2 2 3 1 5 0 1
   3 4 0 4 4 4 2 4 2 2 2 0 0 1 2 4 2 5 0 2 2 0 3 5 3 4 5 3 1 5 0 1 1 1 1
   2 2 5 0 2 5 4 1 3 2 3 2 2 1 2 4]
  [0 1 1 0 2 3 1 3 2 5 0 5 0 3 5 2 4 4 0 5 5 1 4 2 3 3 0 3 2 3 5 3 4 3 3
   3 0 5 4 1 3 3 1 1 2 3 5 1 0 1 4 3 5 0 5 2 0 4 3 5 4 0 3 2 2 0 1 2 3 5
   1 1 0 1 4 5 3 3 0 4 4 1 5 3 3 0 3 4 4 1 1 5 5 5 3 4 0 3 4 1 3 1 0 3 3
   2 5 2 5 0 3 4 5 4 5 2 3 0 4 4 2]
  [0 4 5 5 4 1 5 2 0 4 4 5 4 4 0 1 1 3 5 1 2 1 2 3 0 5 2 0 1 5 3 1 2 1 4
   5 1 4 4 3 1 2 5 2 3 4 5 1 2 0 0 0 3 0 0 2 2 4 0 5 0 4 0 5 3 5 2 4 5 1
   0 1 0 3 5 2 5 2 1 5 1 5 4 4 0 4 5 4 4 1 5 0 2 3 5 3 0 1 1 1 3 1 0 0 0
   3 1 4 2 3 3 2 2 0 2 0 1 5 2 5 2]
  [0 2 0 3 0 1 2 4 5 4 5 1 2 4 2 3 5 0 4 5 0 1 2 2 4 4 0 1 4 3 5 4 5 0 4
   2 5 2 2 4 3 1 3 3 4 4 5 4 3 5 5 1 5 1 1 3 2 4 5 0 0 4 0 0 1 2 5 1 1 5
   0 2 5 4 3 3 0 2 0 2 1 2 5 3 2 1 0 1 4 2 5 2 4 4 4 3 1 2 3 4 5 0 0 3 0
   2 1 1 5 2 2 5 0 3 1 3 4 2 3 3 5]
  [0 5 5 3 4 0 1 5 4 4 3 2 1 1 1 3 2 4 1 3 0 2 0 2 0 4 4 3 5 3 1 4 1 3 4
   5 2 2 4 0 5 5 1 5 3 1 3 3 3 0 2 4 4 1 0 0 2 4 0 0 1 3 0 2 0 4 0 2 2 1
   4 3 2 1 5 0 0 4 0 2 0 3 2 5 5 4 0 5 3 4 2 5 3 0 0 1 2 5 2 1 2 4 2 5 5
   5 1 4 5 1 4 2 3 1 0 4 4 0 4 1 5]
  [0 0 1 4 4 2 3 4 4 2 1 1 5 2 1 5 3 3 0 4 0 5 5 3 0 1 4 0 4 0 4 1 4 5 0
   5 0 5 0 2 4 3 3 5 1 5 3 0 4 0 2 3 5 1 4 0 2 1 3 2 3 3 1 2 5 0 3 1 5 1
   1 1 4 5 5 1 3 2 5 2 1 1 0 2 2 2 4 2 1 1 2 5 3 4 0 4 4 5 5 5 1 3 1 1 1
   0 4 2 1 1 3 4 2 5 4 5 2 5 0 5 2]
  [0 4 0 5 3 5 0 4 5 3 1 1 3 4 3 1 4 5 4 5 2 1 3 0 2 1 4 1 3 4 1 5 4 5 1
   3 1 5 4 4 0 5 0 5 3 0 3 0 2 3 4 4 5 4 4 0 2 2 2 1 0 5 0 2 0 2 0 1 0 1
   3 3 3 3 0 2 1 3 5 1 1 5 4 1 2 0 0 3 0 3 2 0 5 5 3 3 2 2 2 3 0 2 0 4 0
   5 3 1 1 3 5 2 2 2 0 3 2 5 0 4 3]
  [0 5 3 0 0 5 1 5 1 0 5 1 1 5 4 2 0 3 2 4 1 3 5 2 0 4 2 5 4 1 2 0 4 4 3
   3 3 4 0 4 1 2 1 0 0 4 1 4 5 3 0 3 5 2 0 4 0 1 5 2 3 3 4 3 3 0 0 0 3 3
   5 2 5 5 4 3 3 0 1 2 5 1 1 2 4 5 2 1 4 3 0 2 0 5 5 4 2 4 0 4 0 5 5 1 2
   3 2 5 5 2 1 3 1 4 0 1 2 1 0 2 2]
  [0 0 1 3 5 3 3 1 3 3 1 2 3 3 5 4 4 0 0 3 2 3 1 2 5 5 2 3 4 5 2 0 1 4 1
   5 3 3 0 5 2 2 4 5 3 5 4 4 4 2 2 0 0 4 4 5 0 0 1 3 2 0 1 2 2 4 5 4 0 5
   3 1 3 2 2 1 1 3 0 5 1 4 2 5 1 4 0 1 4 5 4 3 2 5 0 0 3 3 3 3 3 4 5 5 1
   2 4 1 3 1 4 2 3 0 0 3 5 2 2 5 5]
  [0 3 5 3 1 5 0 5 2 4 5 5 0 5 5 0 1 5 1 3 1 1 4 3 1 2 5 5 2 2 4 5 2 5 1
   3 2 3 4 2 0 5 0 0 4 2 5 1 5 4 3 4 5 0 0 3 5 2 4 3 1 4 5 4 2 2 3 3 1 0
   1 1 2 5 2 2 0 1 5 5 1 3 5 0 4 2 4 4 5 1 3 1 0 1 0 3 3 0 1 4 4 5 1 4 2
   2 3 0 4 3 5 3 0 5 4 4 1 1 0 2 4]
  [0 2 4 4 0 5 5 5 3 0 2 3 1 2 5 0 5 1 1 1 4 5 4 4 5 0 1 2 3 1 2 5 3 2 1
   3 3 0 3 4 1 1 4 4 5 3 2 4 5 4 5 0 4 5 2 1 2 2 5 1 3 4 2 4 5 0 2 5 5 5
   0 0 3 4 3 1 1 0 1 0 3 3 2 1 3 2 4 1 2 4 3 0 5 0 5 0 4 0 0 3 3 2 4 1 4
   0 4 3 2 5 4 0 1 3 2 1 4 3 0 1 0]
  [0 4 4 2 5 0 1 5 4 5 3 3 0 2 1 4 1 3 1 1 5 5 5 4 5 0 1 3 2 0 3 4 1 1 3
   3 0 4 1 2 1 0 0 4 4 0 4 5 1 5 2 2 5 3 4 1 1 4 4 4 2 4 5 0 1 5 3 1 3 4
   0 0 2 5 2 2 0 0 4 4 3 2 0 1 0 5 4 3 5 3 5 0 1 1 0 1 4 2 5 4 5 5 3 0 5
   2 4 5 3 2 5 5 1 2 4 0 2 5 4 5 0]
  [0 0 2 4 4 5 0 1 4 0 0 2 0 5 2 2 2 4 5 0 2 1 3 5 3 1 2 3 5 0 4 1 3 3 1
   5 3 4 5 0 3 0 4 1 4 4 3 0 3 4 3 2 4 5 0 5 4 3 5 3 3 0 3 0 5 0 0 0 2 5
   0 0 0 3 0 0 2 4 1 5 5 5 1 4 0 0 1 0 1 2 4 1 0 5 5 5 0 1 4 1 3 4 2 5 3
   2 3 3 1 4 4 3 0 2 1 0 1 4 3 1 1]
  [0 3 2 4 0 0 3 2 3 0 2 4 2 3 5 3 2 5 1 5 0 3 4 2 5 4 0 5 3 5 2 2 3 0 1
   5 5 5 4 0 0 0 3 3 0 0 3 4 0 2 5 5 2 3 0 2 5 4 4 1 4 0 5 1 0 0 3 0 3 3
   5 0 5 0 3 2 4 3 3 5 0 2 3 3 0 5 1 2 5 4 4 3 4 4 3 5 0 2 5 4 5 2 4 1 5
   4 0 1 5 1 0 1 4 4 3 3 0 1 1 4 3]
  [0 1 0 0 4 3 0 3 0 0 1 1 1 2 5 2 2 2 3 5 4 5 0 2 0 3 0 3 3 5 1 1 4 0 2
   3 5 4 3 2 5 4 3 3 3 3 1 3 4 1 3 2 4 1 1 3 3 5 1 4 4 2 0 3 0 0 3 2 5 0
   3 1 3 1 0 4 0 5 5 4 5 0 0 3 4 0 0 1 4 0 4 3 2 4 0 2 3 4 5 3 5 2 1 3 2
   5 3 0 2 2 3 1 3 5 1 4 2 1 5 1 5]
  [0 5 5 4 4 2 5 5 1 1 4 4 5 3 4 5 0 0 5 0 1 0 1 1 5 3 0 3 0 2 4 2 0 1 0
   5 0 2 3 1 0 3 4 5 1 2 5 3 2 2 1 3 1 3 5 5 4 1 4 4 0 5 3 1 5 5 5 2 5 1
   2 1 4 0 5 0 1 5 2 4 1 0 1 2 3 5 0 3 3 2 0 3 2 4 0 5 2 3 3 2 5 5 2 0 0
   5 5 4 4 1 5 4 2 2 3 0 2 1 1 1 0]
  [0 3 3 0 3 2 5 2 3 2 4 3 4 4 5 4 3 0 1 2 2 0 5 5 1 4 2 0 3 4 5 3 2 5 2
   4 0 1 5 1 1 0 3 2 0 1 2 3 2 3 5 5 4 2 5 5 0 1 2 1 3 1 4 5 4 2 5 2 3 3
   0 5 3 0 2 0 0 2 2 2 0 3 4 5 0 2 3 0 0 3 4 1 2 2 1 0 1 2 0 5 1 5 1 0 0
   2 4 0 5 1 3 2 4 4 3 3 0 4 3 4 4]
  [0 0 5 2 3 3 4 4 1 5 2 3 0 3 2 0 4 0 4 1 3 3 0 0 0 5 2 2 1 2 1 3 3 0 5
   0 2 5 0 1 5 0 4 4 5 0 1 3 2 0 0 0 4 2 1 3 3 3 0 3 1 0 1 4 3 4 3 3 4 5
   0 0 4 1 5 1 2 0 2 2 4 4 2 3 5 4 0 3 2 1 5 4 4 3 0 4 0 3 4 5 1 4 4 3 4
   5 0 5 1 1 5 0 2 2 1 2 1 0 5 3 3]
  [0 2 2 2 5 0 0 3 4 3 4 2 5 4 4 1 1 3 0 5 5 1 5 5 1 5 3 4 3 3 2 0 0 4 2
   3 1 1 5 0 1 2 3 5 4 0 4 0 3 3 5 4 5 5 0 2 3 4 0 3 4 5 3 0 5 3 1 2 0 2
   2 1 3 2 4 5 1 1 0 4 4 0 4 0 5 0 1 3 3 2 2 4 3 4 2 5 5 0 3 1 5 5 3 4 4
   0 5 3 4 5 1 3 2 4 3 2 0 3 0 3 0]
  [0 2 1 2 4 4 2 5 2 2 3 1 5 4 3 4 0 1 5 4 0 5 2 0 1 3 3 5 5 5 1 5 2 4 1
   0 1 0 0 5 2 3 2 4 4 5 5 2 4 3 2 3 3 2 4 1 4 0 1 2 3 0 0 1 0 3 0 2 5 1
   0 5 2 1 1 5 2 5 4 0 3 0 1 2 0 5 0 3 1 0 4 5 1 5 4 3 0 5 4 0 2 3 3 0 4
   1 5 2 5 4 2 2 1 4 5 5 4 3 0 5 2]
  [0 1 0 5 0 5 0 1 1 1 2 2 4 2 0 1 4 3 0 3 5 3 0 5 0 5 2 5 3 0 3 0 4 0 1
   3 3 2 0 5 1 5 2 4 0 4 5 1 1 5 5 1 0 0 2 3 5 1 4 4 4 0 5 1 3 5 0 5 5 0
   1 3 1 4 0 0 3 4 3 4 0 0 5 0 1 4 2 5 2 1 1 5 2 0 1 5 0 5 1 5 0 2 3 4 0
   1 3 1 3 5 5 2 2 5 0 5 0 0 0 2 5]
  [0 3 0 1 4 3 0 2 3 5 4 1 1 1 0 3 5 0 3 4 1 1 1 1 1 5 1 0 4 1 5 1 0 5 3
   1 2 1 4 0 1 5 0 4 0 3 5 4 4 1 0 4 5 2 1 5 1 0 2 2 0 1 0 3 5 0 3 1 1 3
   1 3 4 2 4 1 1 0 0 0 5 0 4 4 4 0 0 5 0 4 5 5 0 1 0 4 0 1 5 5 3 3 0 0 1
   0 1 0 1 1 2 3 3 5 3 3 1 2 5 0 2]
  [0 5 0 0 0 1 4 0 2 0 2 2 4 5 0 4 2 4 2 1 5 1 0 1 4 4 3 4 0 3 2 3 3 2 1
   0 1 5 4 1 0 5 5 1 3 1 4 0 2 1 3 2 5 2 0 4 3 4 0 0 3 5 1 0 1 5 2 3 2 4
   5 1 0 3 3 0 2 0 5 5 4 3 0 3 5 4 2 4 2 1 5 2 0 2 2 3 1 1 4 0 3 5 4 0 1
   1 4 1 4 0 4 0 0 2 2 0 1 3 4 4 2]
  [0 5 2 3 3 3 0 5 4 4 3 3 2 0 3 3 2 4 0 5 5 0 5 1 4 2 2 0 2 4 1 1 2 3 5
   3 4 3 0 4 2 2 2 5 1 0 0 1 0 2 3 2 1 2 1 4 0 2 2 0 0 3 2 3 4 4 0 5 0 2
   4 4 2 1 5 0 2 4 1 5 2 0 4 0 4 0 2 0 2 5 5 3 5 0 5 4 4 4 3 2 0 0 2 2 4
   2 4 1 5 1 3 4 2 0 3 4 2 0 4 1 2]
  [0 4 0 5 3 1 3 2 0 4 3 3 5 3 0 0 4 3 5 1 3 0 1 1 0 5 1 1 0 4 2 2 3 5 4
   2 0 2 3 0 3 4 4 1 2 2 3 0 4 4 4 0 5 2 1 2 0 5 3 0 0 4 2 0 5 0 0 5 1 4
   5 3 0 4 0 1 2 3 4 5 3 5 3 3 0 4 4 3 2 2 3 0 5 4 3 0 0 5 5 1 4 4 3 1 1
   1 0 1 3 2 5 0 5 3 1 4 4 2 5 5 4]
  [0 4 3 4 5 4 3 0 1 3 1 2 1 2 5 0 1 5 5 0 3 5 1 5 1 3 4 4 4 3 1 1 0 1 0
   4 2 5 0 1 1 5 2 2 3 1 1 2 2 3 4 0 5 4 2 4 4 3 4 5 5 5 1 5 2 4 4 0 5 2
   5 1 0 1 0 3 2 0 2 2 3 0 5 2 2 0 1 3 5 5 5 1 3 1 0 4 2 0 3 3 2 4 0 0 2
   3 2 2 0 3 3 3 0 5 2 1 1 1 4 2 3]
  [0 4 2 5 0 4 2 2 0 3 4 2 2 4 3 0 2 4 5 1 3 0 0 4 5 2 5 3 2 0 0 5 0 3 2
   2 0 1 1 1 0 5 4 2 0 2 1 3 2 3 4 5 0 3 4 1 0 2 3 4 2 1 3 2 0 3 4 5 5 5
   1 1 2 2 4 2 5 1 1 1 5 3 0 1 0 5 0 0 5 2 3 0 5 0 5 4 1 5 3 1 3 0 5 3 3
   1 3 2 0 5 4 1 0 4 0 5 3 2 2 1 5]
  [0 4 0 4 1 2 0 3 3 4 3 1 2 5 3 0 4 1 5 3 0 5 3 2 0 1 5 1 0 0 5 2 3 0 4
   4 4 1 2 4 2 5 2 1 1 2 5 3 3 4 2 2 0 1 2 0 1 0 0 2 2 1 1 0 5 4 1 0 4 4
   1 2 3 2 0 1 0 1 4 0 2 4 4 5 0 4 3 0 2 3 4 2 1 4 3 1 0 0 0 5 5 1 0 4 4
   5 2 1 4 3 3 2 1 3 5 3 1 1 4 0 4]
  [0 1 4 5 0 3 2 1 3 5 4 2 0 0 3 2 4 3 2 4 1 5 4 2 1 0 4 0 5 4 5 4 3 0 4
   3 1 2 4 5 3 4 5 5 0 4 1 4 3 1 2 2 1 1 3 2 0 5 2 1 0 5 3 2 3 2 0 0 2 2
   5 4 5 1 5 0 1 2 2 2 2 5 1 5 1 4 1 0 0 5 2 5 3 4 1 1 4 0 2 5 1 4 1 5 0
   5 2 1 1 1 1 2 1 4 0 4 2 3 0 2 4]
  [0 2 2 5 5 1 2 4 5 2 5 4 1 2 4 2 0 4 5 5 0 1 1 1 3 4 3 3 5 1 3 1 0 0 2
   4 2 3 1 1 2 3 5 3 3 1 0 0 3 0 1 2 4 0 0 4 2 4 0 2 0 1 3 0 0 3 5 1 2 0
   5 4 1 4 3 0 3 4 1 3 2 3 2 4 3 4 0 1 3 0 2 3 0 4 2 4 4 1 1 0 1 2 0 4 0
   1 4 2 4 0 3 2 0 3 2 0 2 4 5 4 0]
  [0 3 1 3 4 3 5 3 1 5 2 1 4 1 0 3 5 4 4 4 1 1 4 1 1 3 0 3 3 2 0 1 5 0 3
   3 3 5 4 2 3 0 4 1 5 3 5 4 2 3 4 3 2 3 4 4 1 5 0 4 3 4 5 0 3 5 3 3 1 3
   4 1 2 3 0 2 5 1 0 5 2 2 2 4 3 1 3 4 0 3 0 0 0 2 3 5 2 2 3 2 4 2 2 1 3
   4 0 4 5 2 1 5 5 3 3 1 5 3 0 0 3]
  [0 1 0 0 5 3 2 4 3 4 3 2 1 5 0 4 1 5 3 1 3 1 0 4 3 5 5 2 1 0 3 0 4 5 2
   4 1 4 1 1 0 3 2 3 2 0 3 5 5 4 3 2 0 1 3 3 3 1 2 5 2 5 0 1 3 0 3 0 1 0
   1 5 0 3 5 0 1 0 2 2 2 1 0 4 2 5 4 2 1 2 4 0 4 5 3 1 2 0 4 2 0 4 2 4 3
   2 2 1 3 0 1 3 3 3 4 3 2 0 0 2 4]
  [0 0 2 4 1 0 4 1 4 5 2 1 1 2 1 1 1 4 3 1 0 2 5 5 5 1 0 4 0 4 2 1 0 4 4
   2 4 3 5 2 0 3 3 2 3 4 1 3 5 4 0 5 2 3 2 4 4 5 2 5 1 3 4 0 2 3 5 5 5 2
   4 3 5 2 1 5 0 1 2 0 4 4 4 5 0 5 2 1 2 5 5 5 0 4 1 2 5 4 4 5 1 4 4 5 1
   2 0 4 1 3 5 4 0 0 4 0 5 0 5 4 4]
  [0 5 4 2 1 3 2 3 2 0 0 3 1 1 3 0 3 4 0 5 5 4 3 4 3 3 5 4 2 5 5 5 2 1 4
   5 2 5 2 2 2 2 5 3 1 0 2 5 0 4 5 2 2 1 0 3 3 5 0 4 3 3 3 1 2 3 4 1 2 4
   2 3 2 2 1 0 0 4 5 2 2 5 5 1 3 0 1 2 2 3 5 3 2 0 3 5 0 4 4 3 2 4 1 1 4
   0 5 0 5 2 3 5 4 3 1 1 1 1 1 0 1]
  [0 4 0 1 4 3 4 5 4 5 1 4 0 2 3 3 0 1 1 3 1 1 3 3 3 2 5 1 2 1 3 4 5 1 2
   2 5 5 0 5 5 4 0 2 2 3 0 1 2 4 4 5 4 4 0 1 1 2 3 3 5 1 0 2 1 2 2 2 3 1
   5 3 5 1 3 4 2 0 3 2 5 5 5 0 0 2 0 1 3 0 0 1 3 1 0 2 3 0 4 2 5 0 0 1 1
   0 2 0 3 3 2 0 2 3 0 1 1 1 5 2 5]
  [0 3 0 0 0 5 5 3 3 2 5 2 0 2 4 1 4 1 5 4 2 5 1 2 4 5 3 2 0 5 4 2 2 1 0
   1 3 2 4 4 1 2 4 5 3 4 0 0 2 3 2 4 4 0 4 4 4 0 0 3 0 0 0 1 2 3 5 4 1 0
   0 3 1 3 2 0 0 2 0 2 1 5 3 0 3 2 3 3 4 4 3 2 1 1 1 0 2 1 2 3 2 1 4 0 4
   4 0 2 0 3 5 0 5 4 5 1 0 3 0 2 1]
  [0 4 3 3 3 1 1 0 5 1 5 4 1 5 1 1 4 1 4 2 0 0 1 5 4 1 4 3 3 4 2 4 3 1 2
   1 5 0 4 2 2 0 0 1 1 5 2 5 0 5 3 5 3 5 4 0 1 1 2 1 5 1 5 2 1 5 4 4 1 3
   4 2 3 2 5 4 4 3 5 2 3 1 5 4 1 4 4 4 4 2 3 4 0 5 3 4 0 4 2 1 5 0 3 5 5
   1 1 2 5 2 1 4 3 4 1 5 0 0 4 1 3]
  [0 3 2 0 0 4 2 2 5 3 4 5 2 3 1 0 4 1 1 5 0 0 3 1 4 0 1 1 4 3 3 3 2 1 1
   3 3 4 5 3 3 4 0 0 5 0 0 5 4 2 0 0 4 3 4 0 2 2 4 4 3 2 3 3 0 2 3 1 1 4
   2 4 0 4 0 1 2 1 1 4 3 3 3 2 4 3 2 0 1 2 2 3 3 4 3 0 2 0 2 5 1 3 5 1 0
   4 2 0 0 4 0 0 3 3 1 4 4 1 3 5 5]
  [0 3 5 1 3 3 0 3 4 5 5 3 5 5 4 0 4 3 0 5 4 5 1 4 0 5 1 2 2 3 2 4 2 4 4
   1 1 1 0 0 0 5 2 5 1 1 0 3 0 2 0 3 4 0 4 1 4 2 5 2 1 3 5 4 3 1 2 3 1 3
   3 1 2 0 1 5 2 0 5 1 3 3 2 1 3 3 4 2 0 0 4 3 1 0 2 4 1 4 0 1 2 3 1 5 5
   1 2 2 3 1 4 3 2 5 5 3 2 2 2 2 0]
  [0 4 1 3 4 2 0 3 3 0 3 0 3 3 1 1 1 1 0 4 1 5 5 4 0 1 1 3 4 4 2 3 3 4 3
   0 5 0 0 4 5 2 4 2 3 3 2 1 2 3 1 5 1 1 3 5 2 4 1 2 5 4 3 0 5 2 3 1 4 5
   3 0 2 3 2 0 5 1 4 2 3 5 1 2 0 2 2 3 4 2 4 4 4 3 1 1 4 5 5 0 3 2 3 2 3
   5 5 4 3 1 3 3 5 0 1 5 5 1 2 4 2]
  [0 2 2 5 5 0 1 4 0 5 1 0 0 3 3 2 0 1 0 3 0 1 2 0 0 2 0 2 0 5 5 1 0 1 3
   2 4 2 0 2 4 5 0 3 0 0 3 2 2 0 1 2 0 2 0 0 0 2 1 2 0 2 4 5 3 2 5 1 0 1
   5 5 5 5 2 0 3 4 5 1 1 5 5 1 0 0 5 1 2 0 1 2 5 1 4 1 0 4 3 2 0 1 0 0 1
   5 3 4 2 5 0 2 3 2 0 1 0 2 0 4 0]
  [0 1 3 5 5 1 2 0 3 2 5 2 5 0 5 2 0 2 0 2 0 3 0 1 5 0 4 1 0 5 1 3 4 4 2
   5 2 1 0 0 0 1 3 3 3 3 2 5 2 3 0 3 2 3 5 5 4 3 1 2 2 5 1 1 5 3 1 1 5 1
   3 5 0 3 1 3 3 5 4 3 1 0 5 3 4 1 0 3 4 3 4 0 1 0 3 5 2 0 4 2 2 0 3 0 5
   3 2 0 5 5 2 0 0 5 0 4 1 5 0 5 1]
  [0 5 5 2 1 0 5 2 0 5 4 1 4 0 4 5 4 3 5 2 5 5 0 5 0 2 0 0 5 4 2 1 2 3 1
   0 3 3 3 5 4 2 3 1 5 0 5 5 5 3 1 5 1 5 3 1 1 1 0 0 4 5 3 5 1 0 3 3 4 0
   3 4 2 0 3 5 3 0 5 1 4 1 2 4 1 4 3 0 1 1 3 5 4 2 5 5 2 4 4 5 5 4 0 1 1
   3 5 2 2 3 5 4 0 5 4 3 5 5 3 5 5]
  [0 4 3 3 0 1 4 5 1 1 4 0 0 3 2 5 2 1 2 2 4 0 2 0 4 5 3 4 3 4 1 1 5 1 4
   4 3 5 5 2 2 3 5 1 4 0 3 3 5 4 1 2 1 3 2 0 1 0 0 4 1 1 5 1 4 4 0 3 3 4
   2 5 3 1 1 3 5 1 1 1 4 2 4 0 3 1 4 2 1 4 1 1 5 1 0 0 1 2 3 1 3 3 4 0 3
   4 5 2 1 0 5 4 3 0 5 3 3 0 5 5 0]
  [0 3 4 1 3 4 3 5 2 3 2 5 3 3 0 4 3 5 1 2 2 5 3 2 5 0 2 3 2 4 2 5 3 2 3
   0 1 4 5 3 5 4 0 5 2 4 0 2 0 4 0 5 3 4 3 3 1 5 1 3 1 3 2 1 2 3 4 5 2 0
   1 3 3 3 1 5 1 2 3 4 5 0 2 2 2 1 3 2 3 3 1 5 4 3 4 2 5 0 4 2 5 0 2 5 0
   4 0 0 0 5 4 5 0 1 3 4 2 2 4 4 1]
  [0 2 1 3 5 2 1 0 0 5 0 0 1 0 5 2 3 4 1 0 5 4 1 2 1 2 5 1 2 0 4 2 3 0 4
   2 2 2 2 5 4 1 5 3 4 0 2 5 0 3 3 2 3 1 4 1 3 1 4 1 1 1 2 2 2 0 5 1 3 3
   1 3 0 1 4 4 3 2 4 5 3 1 3 1 5 0 0 2 3 3 2 4 1 4 2 5 0 5 4 0 1 2 5 1 2
   0 5 3 3 3 3 5 3 0 5 1 0 3 3 2 0]
  [0 2 5 4 2 1 0 3 2 0 1 0 5 1 3 2 1 4 0 1 5 3 4 5 1 2 0 4 0 2 2 4 1 1 4
   1 3 4 0 2 5 5 5 2 4 4 5 2 4 3 1 3 1 1 2 0 0 0 4 3 0 3 1 3 4 0 2 0 3 3
   5 5 1 4 1 0 1 5 3 0 4 5 4 0 4 3 2 4 3 2 0 1 2 4 4 2 5 4 5 4 3 4 0 5 4
   3 0 5 2 0 4 4 1 4 2 4 5 3 4 0 2]
  [0 4 0 5 3 4 2 0 2 5 2 0 5 4 1 5 5 1 4 2 4 2 2 0 2 0 5 4 5 4 4 4 5 2 4
   0 0 4 5 5 1 4 3 4 0 0 3 0 2 3 2 2 4 2 2 2 5 3 5 3 5 4 2 2 1 1 0 0 3 3
   5 4 3 5 4 1 0 3 0 0 5 1 4 4 2 0 0 0 2 2 5 0 3 3 5 1 3 4 0 1 2 5 3 2 2
   0 4 0 4 5 4 2 4 3 0 0 1 0 5 5 1]
  [0 4 4 5 2 4 0 2 3 5 3 0 5 0 4 4 3 4 1 0 0 4 2 0 5 2 3 0 4 1 3 0 0 3 4
   4 3 1 1 1 3 1 0 0 4 3 4 1 1 4 4 3 3 3 5 2 1 0 2 5 2 2 5 4 3 0 3 3 3 2
   0 5 5 3 4 3 0 0 4 5 2 4 5 1 1 2 1 4 3 4 4 2 4 3 0 4 4 0 1 4 0 0 1 4 4
   2 0 4 0 3 1 2 0 2 0 1 3 4 5 0 5]
  [0 3 5 0 2 0 1 2 5 3 3 3 3 2 2 4 2 4 2 5 0 3 4 4 4 3 5 3 1 4 4 4 3 2 2
   5 0 4 4 1 5 0 1 0 4 1 4 3 4 0 0 3 1 0 4 5 1 1 3 1 2 1 1 1 5 2 4 4 5 4
   5 2 2 1 3 3 3 1 2 5 0 4 2 2 0 3 1 1 0 1 4 5 2 0 5 5 2 0 4 5 4 3 4 0 0
   1 4 1 3 0 5 4 2 5 1 3 2 0 5 0 1]
  [0 2 2 1 0 4 3 3 0 0 2 1 3 3 3 0 0 5 4 2 5 5 0 1 4 4 3 5 0 0 3 3 1 1 3
   5 5 3 4 5 0 1 5 4 3 0 5 0 2 2 2 3 3 2 0 0 4 4 3 5 5 2 3 2 5 4 1 3 3 1
   0 2 5 1 5 3 1 1 2 1 0 2 3 2 2 5 0 1 3 0 2 5 2 5 1 5 2 0 2 2 4 5 3 5 1
   4 4 4 1 4 0 4 5 4 0 3 3 3 3 4 0]
  [0 1 1 4 0 5 4 1 3 3 5 4 3 0 2 0 0 3 2 3 0 5 2 2 3 3 2 0 2 1 1 2 1 3 1
   4 1 3 3 4 1 4 5 5 5 1 5 4 3 4 0 3 5 1 1 0 5 0 2 3 3 1 0 4 4 3 5 1 2 2
   0 0 5 2 1 0 2 5 5 0 4 0 2 3 3 1 1 3 5 2 5 2 0 4 2 3 2 4 3 4 4 0 3 1 5
   0 1 1 0 5 3 0 2 5 2 3 4 3 1 2 0]
  [0 2 2 3 0 5 4 5 5 5 2 4 4 3 5 5 3 5 4 3 1 2 0 5 4 4 3 1 5 4 4 0 0 5 3
   5 5 1 0 2 2 1 2 2 3 4 0 2 2 5 5 4 5 1 0 1 0 4 0 1 5 3 5 0 2 3 5 2 1 2
   5 2 1 2 2 0 3 4 2 4 4 2 1 3 2 0 3 5 5 1 5 0 1 4 5 2 4 1 5 5 1 4 5 5 2
   0 5 2 1 2 1 2 0 2 5 5 5 5 4 0 1]
  [0 2 5 3 1 5 0 0 4 0 5 2 1 5 4 5 4 1 0 4 4 3 0 0 3 3 5 1 5 1 1 1 1 0 1
   3 4 0 1 3 3 3 4 0 4 1 5 2 0 0 4 2 0 1 4 4 3 1 3 3 0 0 2 1 2 5 4 4 5 5
   0 1 2 2 1 0 4 1 2 1 2 5 5 3 3 4 2 5 5 2 0 5 0 0 5 2 5 1 4 0 1 0 4 4 2
   1 4 4 3 2 4 4 2 0 3 5 5 3 1 4 3]
  [0 4 5 3 3 4 4 2 5 2 4 5 0 4 4 4 4 3 1 4 4 5 3 3 1 5 3 1 3 3 2 5 1 3 1
   4 1 0 5 0 3 0 1 3 5 3 1 3 2 1 3 4 5 1 0 1 5 4 4 5 2 0 1 1 0 0 4 3 4 3
   1 2 2 0 3 3 5 3 5 1 2 2 0 4 5 1 1 0 5 5 1 3 3 4 4 2 0 0 5 3 1 0 1 4 2
   1 2 5 1 0 2 2 4 1 0 2 4 5 2 0 1]
  [0 1 2 2 1 4 0 5 2 0 3 1 1 4 2 5 4 5 3 2 2 0 4 5 2 5 5 3 0 4 0 2 4 3 5
   0 3 2 4 5 5 0 2 3 4 0 1 2 1 3 0 0 3 0 2 2 3 1 4 3 4 3 4 5 0 3 4 3 1 2
   4 2 1 3 5 3 0 5 4 4 3 4 5 4 1 5 1 0 1 1 3 4 4 1 4 2 0 0 0 1 1 2 0 4 5
   5 2 3 4 5 0 0 2 5 2 0 1 1 5 2 1]
  [0 5 1 1 4 5 5 3 3 0 1 2 2 1 4 5 0 3 0 5 2 0 1 2 0 0 5 0 0 5 0 5 5 4 5
   0 5 5 2 5 2 5 1 2 5 0 1 5 4 3 2 5 2 5 1 0 2 0 3 3 3 0 3 3 2 4 1 2 0 5
   4 0 2 3 2 4 4 0 3 4 1 4 2 5 4 5 4 2 5 4 2 4 2 4 3 1 5 5 2 1 0 0 2 1 1
   1 2 5 5 2 5 1 0 3 0 5 0 5 0 0 2]
  [0 3 0 5 4 2 1 0 0 5 1 1 0 4 4 2 0 1 3 4 1 1 5 1 0 4 2 1 2 4 4 3 5 5 1
   2 3 5 0 5 0 1 4 2 1 1 1 0 4 0 1 0 1 0 2 3 4 2 0 1 4 0 3 0 5 4 2 3 3 3
   3 3 1 5 3 3 4 1 0 1 0 2 4 0 3 4 2 2 3 3 2 2 4 1 2 4 0 4 3 0 5 1 3 2 3
   3 0 0 5 0 5 3 1 4 0 4 2 0 0 0 4]
  [0 3 3 1 5 4 0 2 1 4 0 3 4 1 0 4 5 5 0 1 0 2 3 1 1 4 2 4 3 3 3 2 4 0 4
   0 0 5 4 1 4 0 5 5 2 2 0 3 2 4 4 5 1 5 5 2 0 3 4 2 5 4 5 5 3 4 0 0 5 5
   5 0 0 2 1 1 5 0 0 2 0 2 4 3 2 5 4 2 1 1 3 5 5 4 4 4 4 1 5 5 5 1 5 0 5
   4 3 0 2 4 0 2 4 5 4 2 0 4 0 0 5]
  [0 0 2 2 4 0 1 0 2 4 1 0 3 5 1 3 4 4 3 4 3 5 1 5 5 4 5 0 5 0 4 0 2 0 0
   0 0 5 0 1 4 1 2 3 4 2 4 4 2 5 4 3 4 1 3 1 1 2 0 3 4 3 5 3 5 5 1 1 0 1
   0 4 3 0 0 5 5 0 0 1 3 4 5 3 2 2 5 4 5 5 5 1 0 0 2 2 5 1 4 5 5 4 3 5 3
   1 5 5 0 1 2 1 3 5 3 5 5 4 4 0 3]
  [0 0 5 4 5 2 2 2 0 0 0 1 2 4 2 2 4 4 2 3 5 2 4 5 4 5 0 0 3 0 2 5 3 3 3
   4 3 4 4 0 0 0 1 5 4 5 2 3 2 3 5 4 4 3 1 0 3 0 1 4 3 0 4 4 3 3 5 2 3 0
   1 4 3 5 2 2 1 3 3 1 1 1 1 5 1 4 1 3 3 0 3 5 5 4 1 4 3 5 2 3 3 1 2 2 5
   1 0 4 2 4 0 2 4 1 3 3 1 1 2 2 0]]]
release_time
[  0 409 251 652 170 426 816 685 449 308 729 658 306 504 565 165 257 657
 667 629 100   2 596 870  90 835 328 366 627 352 721 441 561 149 692  21
 764  51 468 592 255 667 461 839 582 329 219 634 258 380 900 129 102 750
 269 795 579 629 343  52 820 450  72 395 178 584 495 226 192 725 727  86
 481 551 462 647 378  14  76 185 344 101 236 275 402 214 317 538 417 621
 814  37 172 378 517  58 280 684 309  89 286 623  42 805 889 301 651  11
 399 304 890 280 432 431 247 462  27 173 928 432 440]
due_date
[  0 890 923 893 876 931 937 907 858 876 892 877 890 926 943 833 932 918
 889 906 643 775 860 880 926 858 862 858 686 848 859 927 655 816 860 921
 881 649 735 720 848 933 814 861 662 860 916 935 869 679 929 883 843 862
 655 866 928 799 888 658 888 900 907 927 923 929 931 668 885 937 855 884
 918 883 704 928 892 874 728 894 877 934 653 841 753 846 866 885 899 883
 853 750 859 886 702 826 784 876 904 919 732 921 797 934 943 763 651 772
 926 833 899 866 943 871 924 941 894 905 932 880 752]
unit_emission
[12 10  8  4 18 13  6  2  6  7]
emission_limit
53940.8
setup_severity
0.02
due_tight
0.3
due_range
0.25
release_tight
10
degree_constr
0.8
