mach
10
job_rate
12
weight
[ 0  1  7  5  9  3  5  4 10 10  3  9  9  1  5  5  8  2  4  6  7  4  3  9
  6  8  1  2  8  5 10  4  8  1  4  2  4  9  3  9 10  3 10  2  2  3  5  6
  6  5  2  8  7  4  7  1  1  8  4  1  1  2  7  9  7  3  5  9  4  9  5  8
  8  8  5  3  3  3  8  5  9  4  5  2  3  2  6  8  5  8 10  6  7  5  5  3
  6  5  9  3  6  4 10  3  6  9  8  5  8  5  7  9  3  8  7 10  2  6  3  6
  9]
proc_time
[[  0  79 114 123 142 118 100  50 131 133 102  88 150  57  92  81  55  66
   61 132  90 105  66  87  56 119  97  54  64 125 111 103 120  99 145  55
   90 102  75  59 116 128  76  77  79 109  54  59 125  93 131  97 110 137
   71 145  78 121  56  90 113  91 141 138  50 133 141 120  81  96  68  83
   98 140 115  66 104  62  71  60 136 127  56 127  84 140  58  92 128 121
   50  87 124  72 100 127  60  63  74  62 113  92  98 114 127 140  60 108
  137 117  56 103 132  56 136 123 103  62 112 143 122]
 [  0  84  66  72  71 106  82 145  87 123 111  59  79 121 110 134 129 131
  139 101  84  67  83 102  75  66 139 147  56 141 135  60  95  59  85  87
   70  84  61 140 111  82  86  84  59 122  90 150  77  56  94  50  54  71
  114  74  83 118 138 142  92  50 145  82 119  58 111  79  91  80  85 133
  149 100  68  55 126  97 107  86 123  77 109 147 144 150  84  85  99  71
   88  75  79  93 112  84 140  68  70  54 132 129 132  73  99  80  53 144
   64  79  92  82  91 102 119 127 142 110 146 103 112]
 [  0  63 138  53 115  72 111 104  93  81  74 109  84  51  85 128  93  74
   96  54  94  66 106 130 106  96  92  84  98 114 120 100 132 112  87 145
   70 106 130  70  68  68 105  59  90  67 106  53  67 149 104 120 145 110
  139  95 141  73 125 103  62 109 116  57 133 114 109 149 103  53 148  87
  104  60 117 149 102  77  97  68  95 138  50  63 126  65 136  97 126 119
  107  81  94  64  90  61 148 119  89  53 139  50 137  84  69  82  96  69
   95 128  77  98 136 124  92 124  57  96  63  80 102]
 [  0  59 138  62  69  74 120  87  60 130 125 119  64 142  59  55 145 110
   62 104 128 121 120 110 104 103  71 135 145  60 113  86 130  50 102  57
   53  80 125  61  52 128 110 134  94  68 144  87 114  50 131  78 101  77
  128 118 145 140  66 124  68 121 116  93 147  51  89  82 141  79 108  65
  104  57  82 110  95 122 115 115 100 136  66 100  59 133  76 103 126  61
  148  67  75 126 131 131 105  84 125 125 137  90 114  97 134  96  75 141
  127 120 107 112  50  90  95 103  95 143  97  50 121]
 [  0  72  59 103  64 149  58  91 106 144  88 143 125  55  87  55 137  56
  127  94 137 118 109 141 107 132  54  78 144  87  81 118 144 147 112 139
  135  87 114 129 147 127  71  85  93 109  95 143  63 124  84  87 105  78
  116  51  86 149  99  64 113 132  59  55  55  79 140  65  52 117  76 103
   92  52 126  58  53 127  62  65 131 121 104  58  89  56 120  64 101 109
  145  98 106 148  60 111 119  77  91 142  89 107  52 143  86  88 100 103
  125  50 114 125 106  69  97 144 147 111  77  97 143]
 [  0 127 119 103 148 120 135 130  80 131  66  68  90 103  51  55  72 110
  108 124  88  88  90  58  55  59  54 117  81 104  52  68 119 144 125 115
  136 101 144  81 118 113 101 138  98 119 143  53 110 128 100  92  96 104
   51  74 135 133  83  92  91 103 113 113 122  64  56  85  81 126 146  80
  114 101  86  91  72 129 119  77 150  56  50  50  58  61 132 116 150  56
  150  89  80 138  90 122 123  70  93 128  87  54 117  76  65 100  56  94
  122 142  94 135 109 116 145  54 136 122 147 102  77]
 [  0  79  72 135 119 103 102  86 133  76 140  75  63  80  99 123 115 124
   67 118  69  73  86 109  62  92  57 144 123  69 103 116 103  70  95 124
  148  58 105 113  76  52 102  69  96 107  64 129 107 148 129 118  62 139
  123  88 131  65 119 109  66  73  81  92 103 143  67  75  74  62 150  52
   69 121  94 147  87  55 124 106  79  63  70  74  74  53  86 133  72 150
   80  79  96 141  68 109 147 102  78  80 140  50  86  62 125  51  69  51
  128  95  58 150 108  85  67  72 112 108  84  84  53]
 [  0 132  84 110  95 104 113  72  90  58 116  93 104  92 113 121  50  74
   55  76 136 138  64 147  58  86  53 117  64  58 107  65  56 129 111 129
  144 133  70  66  87 148 106  94  86 120  62 103 142  89  67  69 121 126
  105  52  55  87  79 150 107  83 116 126  78 134  90  65 124  74  69 125
   50 141  98  95 147 131 128 103  67 146  79  91  87  58  59  85 139 113
   94  98 100  57  80  53 102 134  81  76  88 142 128 142 139  76 141 110
  136 112 112  89 108  67 150  73 142  61 109 114 124]
 [  0  81  59  95 149 117  81  70  85 139 108  67  80 118 129 107  96 138
   60  58  99  98  67  58  79  83 147  79  58  89  64 130 124 117  51  61
  134 129  68  77 127 117  65  98 126 102  58  71 143  85  98  57  57  94
  137  70  72 126 114  80 109  63  53  54  65 105 100 106 136 138  77 148
   89  94 132  69  60  55  74  54 147  93  79  87 103  54  77 146 101 132
  114 121 103 102  74  70  50  80  67  96  62  56 103 137  64 128 143  94
   59 113  95 116  99 150  55 144  63 116 125 132 115]
 [  0  53 104  74 102 116  85  89 107  86 112  72 138  65 108  81  94 108
  102  84  60  94 148  85 142  65  56  61  61  50 134  98  71 108  65 137
   92 101 126  52 131 108 111 134 136 100 124  83 130  63  63 127  61 139
   85 148 147  85 120  76 137 111 141  70  70 128  76 148 131 119 106  73
  135 122 102 121  77 106  70 147  97 126  64 139  76 144 113  61  63  62
   55  53  76 104  63 131  82  53  92  70  92 124  92  64  90  77  62 114
  120  67 131  77  56 131  56  89 100 128 103 136 140]]
setup_time
[[[0 0 4 0 2 0 4 1 2 0 2 3 0 0 3 0 0 3 3 3 1 0 2 4 2 0 4 2 0 1 0 1 3 2 3
   4 0 4 4 4 0 2 4 3 1 4 3 4 0 2 2 3 3 1 0 1 0 0 4 4 0 3 2 1 3 2 0 0 1 2
   0 1 1 4 1 0 0 0 3 2 4 4 1 1 3 2 4 3 3 2 4 1 1 2 0 1 3 0 2 3 0 1 4 4 3
   0 2 2 4 1 2 4 4 3 1 4 1 1 0 0 2]
  [0 0 3 0 3 2 2 3 3 4 4 0 1 1 1 0 2 0 3 1 2 4 3 1 2 3 4 1 1 4 1 3 0 1 1
   1 4 1 4 4 0 4 0 2 4 3 0 0 2 2 4 1 3 3 1 3 1 2 0 3 4 0 4 2 2 4 3 2 0 3
   2 1 3 1 2 0 1 0 1 0 2 0 2 3 2 3 0 4 1 3 2 0 3 4 2 0 3 1 4 0 3 2 2 3 0
   3 0 1 4 4 4 3 1 4 0 2 3 4 2 4 0]
  [0 4 0 2 1 3 1 3 1 0 2 4 4 4 4 1 4 1 0 2 1 1 2 0 1 0 2 4 1 2 1 0 1 4 2
   0 4 0 3 3 2 3 1 3 2 0 4 4 4 1 2 1 4 1 2 3 2 4 1 2 3 0 1 3 3 3 1 2 4 3
   4 0 3 2 3 1 2 3 1 4 4 2 0 2 4 4 0 0 0 2 2 3 2 0 2 1 1 2 1 4 2 2 1 4 4
   1 4 2 0 1 2 4 4 3 4 1 3 0 0 2 4]
  [0 0 4 0 3 1 3 2 2 1 3 1 2 2 4 3 4 4 3 0 1 4 1 3 0 4 1 2 2 2 0 0 3 0 3
   1 0 0 0 3 4 2 1 1 3 3 1 3 1 0 2 3 4 4 1 1 1 4 0 1 3 2 4 4 0 2 2 0 4 0
   4 0 3 1 0 1 3 0 4 0 4 4 4 0 4 1 1 2 0 1 3 4 0 4 0 2 2 0 0 2 3 2 0 1 4
   0 4 0 4 2 4 3 1 2 4 1 4 3 4 0 2]
  [0 4 3 1 0 0 3 0 4 4 3 4 3 0 4 0 3 0 0 1 3 4 1 4 2 2 2 4 3 1 1 1 4 0 3
   1 0 4 1 0 4 3 1 4 3 4 4 1 4 2 2 3 1 0 4 3 2 1 0 0 1 0 0 1 4 2 3 3 3 3
   0 0 3 1 4 3 2 0 0 4 4 2 2 3 1 4 3 4 2 3 3 1 1 1 2 2 4 3 3 1 1 1 2 3 0
   1 0 1 1 2 1 1 0 4 2 0 2 0 1 0 4]
  [0 1 1 1 2 0 4 3 0 0 3 2 2 3 0 1 4 2 1 3 4 3 2 0 0 3 0 0 2 4 4 0 2 3 1
   3 1 3 1 2 2 3 0 0 3 3 2 4 0 2 4 3 2 4 2 2 0 3 1 0 1 1 3 4 0 3 1 3 3 0
   4 3 4 3 3 0 0 1 1 1 0 0 0 4 4 1 2 0 2 1 2 1 4 0 4 1 4 0 4 1 4 0 0 3 4
   1 4 0 2 4 3 3 2 2 0 1 1 1 0 1 0]
  [0 3 2 3 2 0 0 1 0 4 4 2 0 4 3 4 4 0 4 1 2 1 1 1 3 0 3 1 3 2 1 3 2 1 3
   4 2 0 4 1 4 3 2 4 3 3 1 2 0 1 2 0 3 1 0 3 0 4 4 2 1 4 3 4 2 3 2 0 2 3
   3 0 0 0 1 0 0 3 3 2 3 3 0 4 0 1 1 3 0 0 0 1 3 0 3 3 2 0 3 0 2 4 2 4 0
   1 3 2 4 3 2 4 3 1 1 0 1 2 2 2 4]
  [0 4 1 1 2 4 4 0 1 4 4 4 3 0 4 0 1 3 3 0 4 3 4 3 4 4 3 1 0 2 3 1 4 2 3
   0 4 0 1 2 1 0 0 2 3 3 0 2 4 1 4 1 4 3 3 0 4 1 3 0 1 0 3 4 4 3 3 2 1 3
   2 4 4 2 4 0 0 4 2 3 0 0 0 1 1 3 0 3 1 4 2 0 2 0 3 3 1 3 1 4 0 0 4 3 2
   4 2 3 3 3 2 1 0 1 4 1 4 2 1 4 1]
  [0 4 0 2 4 3 2 4 0 2 4 3 3 3 0 1 4 4 3 0 0 0 1 4 4 3 4 2 1 4 1 4 3 1 4
   1 1 3 2 1 4 0 1 0 4 1 3 1 2 0 0 4 0 3 3 2 1 1 0 2 4 4 3 0 1 3 1 1 4 1
   2 3 2 3 0 1 1 0 2 2 4 2 3 4 1 3 0 4 3 1 3 1 0 2 0 1 1 4 0 3 4 2 3 0 3
   4 4 1 2 2 4 4 4 0 1 0 3 1 1 4 1]
  [0 4 4 0 4 0 1 1 3 0 3 3 0 1 4 1 3 2 3 4 2 2 0 4 4 1 3 0 2 2 4 2 2 0 1
   3 3 2 2 2 1 1 4 2 3 0 2 2 2 1 0 0 4 3 2 4 2 2 1 1 2 4 3 4 4 4 4 0 2 3
   3 3 2 2 4 3 2 4 1 1 3 0 0 4 2 4 3 3 3 3 2 1 3 4 3 1 1 4 0 3 0 0 0 4 3
   2 2 4 4 1 0 2 1 4 4 1 3 3 2 1 4]
  [0 0 4 1 4 2 1 2 4 0 0 3 2 2 4 0 0 2 3 4 0 2 3 2 0 0 4 2 4 4 2 3 1 1 2
   1 0 4 2 0 2 0 0 1 1 4 4 1 0 0 3 3 3 0 1 1 2 2 1 4 0 3 1 2 4 4 0 3 1 0
   2 4 3 3 2 3 4 4 1 0 2 1 0 1 3 4 0 3 2 4 1 2 4 0 2 3 3 2 1 2 0 4 3 1 0
   3 4 4 3 2 1 0 3 2 4 0 2 3 3 1 3]
  [0 2 3 0 0 4 4 1 2 0 0 0 2 2 1 3 3 2 4 2 4 3 4 2 4 2 4 0 2 1 3 2 3 3 1
   0 0 1 1 4 4 2 2 2 3 4 1 1 3 0 1 1 0 4 3 0 4 0 3 1 2 1 1 0 1 3 3 1 3 1
   1 2 4 0 2 3 4 4 4 4 0 0 4 4 1 0 3 2 4 0 2 1 3 3 0 2 4 2 0 2 4 2 0 1 3
   0 1 4 3 2 3 1 0 1 4 3 0 3 1 2 4]
  [0 1 0 2 1 0 3 4 0 4 4 1 0 0 0 3 3 2 2 4 1 1 2 4 0 1 2 3 2 2 3 2 2 4 4
   0 4 0 2 3 4 1 2 4 0 0 4 2 4 2 2 1 1 3 2 0 1 2 4 0 4 3 4 0 4 0 1 3 1 4
   1 0 0 2 2 4 2 3 1 0 3 1 3 1 4 4 4 3 4 4 2 1 1 3 3 2 3 1 4 1 1 0 1 4 1
   0 1 2 3 0 1 3 1 0 4 1 2 4 4 2 4]
  [0 1 1 0 0 3 1 4 3 2 3 0 4 0 1 1 2 3 3 3 4 4 1 3 0 1 0 0 1 3 0 4 1 3 3
   3 3 1 3 3 1 4 1 2 4 1 2 0 3 1 1 2 3 2 1 4 0 0 3 4 2 1 4 0 4 2 3 2 1 0
   0 1 3 4 1 1 1 4 1 1 0 2 0 1 2 4 4 4 0 0 4 4 1 2 3 2 0 3 0 3 2 3 1 0 1
   4 0 2 4 1 4 0 4 3 4 1 3 4 4 2 0]
  [0 1 3 4 1 1 3 1 1 3 1 0 0 2 0 4 3 0 0 1 2 1 2 2 2 1 4 3 2 0 2 4 4 3 1
   3 4 0 4 3 0 1 3 4 4 3 4 1 4 3 3 3 2 2 4 1 1 3 2 2 0 2 3 2 4 1 3 3 4 4
   0 2 0 1 0 4 3 1 0 3 3 3 4 1 3 3 3 3 1 2 3 0 0 0 3 3 0 3 2 0 4 1 2 4 2
   1 3 3 1 4 4 4 1 0 4 4 1 2 0 3 0]
  [0 2 2 4 3 0 4 0 1 0 3 2 4 4 2 0 4 2 2 0 1 1 1 3 2 4 4 4 3 1 4 0 3 2 2
   3 0 2 4 2 3 4 3 4 0 0 1 4 2 4 1 1 0 2 0 0 4 3 1 4 2 0 2 2 4 2 4 3 4 4
   0 0 0 2 4 3 2 4 1 4 4 4 0 2 3 1 4 0 4 3 1 2 4 0 4 3 0 0 4 2 4 1 1 4 4
   4 4 1 3 0 4 0 0 3 2 4 0 2 0 3 0]
  [0 1 1 1 2 4 1 1 2 2 1 3 2 4 4 1 0 1 4 0 2 4 2 3 3 4 0 3 0 2 0 3 0 1 4
   1 2 0 1 2 2 4 2 0 3 0 4 1 3 4 2 1 1 4 1 2 0 0 0 0 3 2 3 4 2 1 2 1 0 0
   2 3 2 3 2 3 4 1 3 4 3 4 1 4 2 1 3 3 3 0 0 1 1 2 4 0 3 4 1 2 4 1 0 3 0
   2 0 3 3 4 2 1 0 2 4 1 0 4 1 3 2]
  [0 1 3 1 4 1 0 0 2 4 3 3 3 4 2 0 3 0 1 3 4 1 3 2 1 0 1 0 4 1 2 0 2 0 0
   4 1 4 1 2 4 2 0 0 3 0 1 1 3 4 2 2 0 1 2 4 0 3 3 3 4 0 2 1 2 2 1 1 1 1
   2 1 4 0 0 2 0 3 1 4 4 1 0 2 2 0 4 4 2 1 3 3 3 4 4 0 3 4 1 0 0 1 0 2 2
   1 3 1 1 1 0 1 2 1 0 2 2 3 0 1 4]
  [0 1 4 4 0 2 4 2 2 2 2 1 2 1 1 0 4 0 0 0 3 4 3 0 0 0 2 2 2 4 4 1 0 3 4
   3 0 3 2 1 4 3 1 0 4 4 1 0 0 2 3 4 4 0 4 2 1 1 2 0 2 2 1 3 2 4 0 2 0 2
   1 2 1 4 0 1 3 1 4 4 1 3 1 2 2 2 3 4 1 2 1 3 3 3 2 0 4 4 2 3 1 1 1 2 2
   2 0 0 1 0 2 3 2 1 1 0 0 0 0 0 4]
  [0 2 4 1 0 2 2 3 3 4 2 4 2 1 3 1 2 2 1 0 0 0 2 4 4 2 0 4 2 3 0 0 4 4 0
   3 2 2 3 3 4 1 1 3 3 1 0 3 4 4 4 1 2 1 4 0 1 3 0 1 0 4 3 2 0 2 0 4 2 2
   0 2 3 0 4 4 2 3 0 2 0 0 4 0 0 1 1 4 0 1 3 1 4 4 3 1 3 1 4 3 4 0 1 0 2
   3 1 1 2 2 1 0 0 4 0 4 2 3 2 1 2]
  [0 4 0 1 2 2 1 3 4 2 4 0 3 1 3 3 3 3 1 4 0 4 4 2 3 4 0 0 0 3 1 4 3 3 2
   0 1 3 0 1 0 2 2 1 4 1 4 3 0 3 1 0 4 1 4 0 0 0 0 2 0 1 0 0 1 0 2 2 2 3
   4 3 0 3 2 4 0 1 2 2 4 4 4 4 1 3 2 4 0 4 4 0 0 2 3 3 3 2 1 3 4 4 0 1 1
   3 2 2 0 0 0 3 3 0 2 3 4 4 0 0 4]
  [0 1 3 4 0 1 4 1 2 4 0 3 3 2 1 3 1 3 4 4 4 0 4 4 3 4 1 0 0 1 2 4 1 1 4
   2 3 0 4 2 1 3 2 0 4 4 4 1 4 2 3 4 4 0 4 0 0 0 4 4 1 0 3 2 1 2 4 3 3 4
   2 2 4 2 3 0 3 4 3 4 0 1 3 1 2 1 3 4 0 3 4 1 3 1 3 1 0 2 3 4 2 0 3 0 2
   4 0 0 3 1 1 2 1 4 4 4 4 2 1 4 0]
  [0 0 1 1 3 0 0 4 1 1 2 4 4 0 1 2 3 4 0 4 1 2 0 3 2 4 2 4 1 2 4 3 1 1 2
   1 1 3 0 3 1 4 1 1 0 1 4 1 3 4 0 4 0 2 3 4 0 4 2 2 4 0 4 1 0 1 2 2 4 3
   4 1 1 0 0 1 1 2 2 3 3 3 4 2 0 1 1 2 1 2 3 3 2 1 2 1 1 0 0 4 4 0 3 2 1
   4 4 0 4 3 3 2 1 3 2 1 1 1 1 1 1]
  [0 2 1 4 4 1 4 4 2 4 3 3 3 4 4 3 2 2 3 3 3 3 0 0 1 0 1 4 2 3 0 3 1 3 0
   4 1 0 2 1 3 0 0 3 0 1 2 3 2 1 4 2 0 4 0 1 0 3 1 1 0 2 0 0 3 1 1 4 0 4
   0 1 0 4 0 2 4 1 4 4 0 4 0 0 0 4 2 0 3 3 2 4 0 1 3 4 1 0 3 3 0 3 1 0 2
   3 4 3 3 2 0 4 0 1 4 2 0 0 2 2 1]
  [0 0 2 4 3 0 3 2 3 4 1 0 2 1 2 4 4 3 0 4 2 0 3 0 0 1 4 0 1 0 3 1 4 2 2
   3 4 2 0 3 4 3 3 0 3 1 1 0 2 0 1 1 4 2 3 1 1 1 2 0 3 2 1 1 4 1 3 1 2 3
   0 2 0 1 0 4 3 2 4 1 0 0 2 3 3 0 0 0 1 4 2 4 1 4 3 2 1 1 3 0 2 4 3 0 4
   1 4 4 1 1 4 1 0 1 0 0 2 4 0 0 1]
  [0 4 1 0 1 4 3 0 2 4 2 4 3 2 1 2 2 2 3 0 1 4 0 3 0 0 3 3 4 0 1 3 3 3 1
   3 2 2 3 2 4 2 4 4 2 0 3 2 0 4 1 2 2 2 4 4 4 1 1 0 4 4 1 1 2 1 1 1 1 3
   3 1 0 3 3 3 0 1 1 0 2 4 1 0 2 4 4 1 0 4 1 4 1 3 3 3 1 4 2 0 3 1 2 1 2
   2 0 1 4 2 1 3 3 0 3 1 0 1 3 4 2]
  [0 4 3 2 2 3 4 3 1 4 2 1 4 3 2 2 2 4 3 3 2 1 3 4 2 3 0 2 4 2 2 0 1 4 2
   3 3 2 0 4 4 1 3 4 4 3 4 2 1 2 4 4 2 1 4 4 3 2 2 2 2 2 0 3 4 1 0 2 4 3
   0 3 1 1 0 0 1 3 0 0 3 2 0 1 1 4 1 4 4 0 0 3 0 0 3 2 1 1 2 1 1 0 3 1 1
   1 2 4 4 4 3 4 4 1 4 0 3 4 4 4 1]
  [0 3 2 2 2 1 0 1 3 3 1 3 0 3 2 2 4 1 4 3 4 3 4 4 0 4 0 0 0 3 2 2 2 0 0
   2 3 4 2 3 4 1 0 4 4 3 0 1 2 1 2 1 3 0 0 1 3 3 2 0 1 0 3 3 3 1 4 3 0 0
   3 2 0 4 1 4 0 4 3 3 2 1 3 3 3 0 3 4 0 1 0 2 3 2 4 1 3 4 4 0 1 3 0 2 2
   4 1 2 4 2 4 1 2 1 0 0 4 3 0 4 4]
  [0 0 2 3 4 3 2 0 3 2 3 1 4 4 4 4 3 4 4 4 0 0 3 3 4 4 2 3 0 2 4 4 1 1 4
   2 1 4 0 2 3 2 1 3 1 2 4 0 0 1 1 3 1 2 0 3 1 3 4 1 4 4 3 2 2 4 4 2 4 1
   1 2 2 3 2 3 4 0 2 1 4 1 1 2 3 4 2 4 0 3 3 2 2 1 1 2 1 2 2 2 4 0 1 3 0
   0 0 4 0 2 3 2 4 4 2 0 0 4 0 4 0]
  [0 1 2 3 0 0 2 2 0 2 2 3 1 1 4 1 0 4 2 0 4 2 0 2 4 4 0 0 3 0 3 2 4 0 2
   4 3 3 3 1 3 4 0 0 3 4 0 0 2 2 3 1 0 0 1 3 4 3 0 2 4 2 1 3 3 4 0 4 2 4
   1 3 0 4 4 4 2 0 2 4 0 3 0 4 4 3 3 1 1 0 3 3 3 3 2 1 1 4 0 3 3 1 0 4 2
   4 4 2 0 3 3 4 4 4 1 2 4 0 1 2 0]
  [0 3 4 1 0 0 0 1 2 4 3 1 3 0 4 2 3 4 2 4 1 2 4 2 2 1 0 2 4 2 0 1 3 4 4
   4 0 3 3 2 0 4 2 2 4 0 1 1 1 4 1 0 1 4 1 3 0 1 3 4 3 4 4 1 4 4 3 0 4 3
   2 2 0 4 1 1 4 1 1 3 4 2 2 0 3 0 4 1 2 4 4 0 4 2 0 4 1 0 2 4 0 2 3 2 0
   4 4 3 1 3 2 3 3 4 4 2 4 4 0 4 4]
  [0 4 3 0 3 0 0 2 2 0 4 1 3 4 1 4 2 0 4 4 1 1 3 4 2 1 2 1 2 0 4 0 1 4 2
   0 0 3 1 3 4 4 3 1 4 0 3 3 3 1 1 4 3 2 3 3 0 1 1 0 3 0 3 2 3 0 0 0 4 0
   1 3 2 3 1 2 4 4 3 3 1 3 3 2 0 1 3 4 4 1 2 2 1 4 0 3 2 1 2 2 4 3 2 4 4
   4 0 0 4 4 1 0 1 2 3 2 1 0 0 3 2]
  [0 0 2 1 3 1 2 2 3 3 4 2 4 0 2 4 0 3 0 2 1 0 1 1 4 4 3 2 1 0 4 0 0 3 4
   2 3 0 3 1 1 2 0 3 0 0 4 2 1 2 4 0 1 4 0 4 1 3 3 0 4 2 4 1 0 1 2 0 4 1
   0 4 1 1 4 2 0 3 3 0 4 3 1 1 4 0 2 1 2 0 2 2 2 3 3 3 1 0 4 0 4 3 0 2 3
   4 2 0 3 1 1 0 1 0 2 3 3 4 2 3 4]
  [0 2 0 0 0 1 2 3 3 1 1 0 1 4 2 2 4 1 1 4 1 2 1 2 3 4 2 3 2 4 0 3 1 0 2
   3 1 4 3 3 2 0 1 3 1 2 3 0 4 4 3 2 2 4 3 3 0 4 0 0 4 2 2 2 2 3 0 1 4 2
   4 3 3 0 3 0 4 3 1 1 2 1 1 0 3 1 4 4 3 3 1 1 0 2 2 0 2 4 4 4 0 3 2 2 3
   4 2 1 4 4 3 3 2 1 4 3 4 3 2 1 3]
  [0 1 3 2 2 0 4 1 3 0 1 1 3 4 2 1 0 0 2 0 3 4 3 3 1 1 4 3 0 2 4 2 2 1 0
   2 3 3 3 0 3 2 1 0 4 1 0 0 4 3 3 3 1 0 1 0 1 3 1 2 3 0 2 4 2 0 3 4 4 4
   1 4 2 1 0 2 0 3 2 4 0 2 3 3 2 3 3 4 4 1 3 3 3 4 3 0 2 0 0 0 2 2 1 4 4
   0 2 3 3 3 4 0 4 4 1 0 2 4 0 3 3]
  [0 4 3 2 1 2 3 2 0 1 1 2 3 3 0 1 1 3 4 4 1 1 3 2 3 1 4 3 2 1 2 4 4 4 1
   0 0 3 3 4 3 1 0 0 0 0 2 1 3 3 0 1 4 3 3 1 2 0 4 3 4 0 1 3 3 0 0 2 2 0
   0 0 1 3 0 0 2 2 1 4 4 0 2 1 1 1 1 3 2 4 2 0 1 4 4 3 3 1 3 2 1 3 3 0 0
   2 2 3 4 3 1 2 2 2 2 3 1 2 1 1 2]
  [0 2 3 0 0 4 0 0 3 2 1 2 0 2 4 0 0 4 3 0 3 0 1 0 4 4 2 2 1 3 2 4 4 4 4
   1 0 3 1 4 2 2 3 4 3 2 2 2 0 0 0 3 0 4 1 0 3 3 2 3 3 0 1 0 2 2 1 2 0 4
   2 0 2 1 0 0 2 0 0 3 1 0 0 4 1 3 2 4 0 4 1 1 1 1 1 2 4 0 0 2 0 2 4 0 0
   1 0 1 4 1 1 1 0 1 2 3 4 1 1 0 0]
  [0 1 0 4 4 2 1 2 1 2 1 4 0 1 3 3 3 3 3 3 0 1 1 4 2 1 0 0 4 4 1 3 0 1 1
   0 4 0 0 0 2 1 4 4 2 3 3 4 0 0 0 1 0 1 2 1 4 3 1 0 3 3 3 0 2 0 4 3 4 4
   2 1 1 2 0 4 3 3 4 0 2 0 0 4 4 4 3 2 1 4 3 2 0 4 0 1 4 1 0 2 0 3 4 4 0
   3 3 1 3 3 0 3 4 0 3 1 4 1 4 2 2]
  [0 1 1 0 2 3 4 0 4 2 0 2 1 2 2 2 0 0 1 3 1 4 2 0 4 3 2 4 3 1 4 2 0 0 1
   4 0 0 0 1 4 3 4 3 2 3 0 4 1 2 2 0 0 1 4 1 2 2 0 0 1 0 1 3 4 2 4 1 1 2
   0 2 0 1 1 2 1 2 0 4 0 4 1 0 0 3 3 3 1 2 4 4 1 4 1 3 4 0 2 2 2 3 1 4 3
   4 1 0 1 0 2 1 0 2 1 0 0 4 1 4 4]
  [0 4 4 3 2 1 4 0 2 4 0 0 2 1 4 2 0 1 2 1 0 4 2 3 4 1 4 3 3 2 4 0 4 3 0
   1 1 4 1 0 0 3 1 4 1 1 3 4 3 2 3 0 4 3 0 3 2 3 0 0 2 4 4 1 1 0 1 2 1 4
   4 3 2 3 2 4 1 1 1 2 1 3 0 0 2 1 4 2 1 3 0 4 1 3 1 0 4 2 1 0 0 1 4 3 3
   0 2 1 1 2 2 4 1 0 4 3 2 4 3 3 2]
  [0 2 4 3 1 2 1 0 2 4 0 3 3 2 4 4 1 4 1 1 4 2 2 1 4 2 2 1 0 1 2 0 1 3 4
   3 3 1 3 4 0 3 0 0 4 1 2 4 4 2 2 4 4 2 0 2 0 1 1 1 1 0 3 1 0 1 0 3 2 1
   2 3 4 2 1 4 0 4 1 2 3 1 3 2 3 4 0 3 3 3 4 4 3 2 1 4 4 3 2 3 1 3 0 2 3
   3 0 2 3 3 4 0 0 0 1 4 3 0 1 0 3]
  [0 3 4 0 4 3 0 3 0 1 3 0 1 4 4 1 2 1 2 0 3 4 0 4 4 3 4 2 4 2 4 3 2 4 3
   1 0 1 2 0 1 0 1 1 0 0 2 1 2 1 1 2 4 3 2 4 0 0 4 2 4 1 1 4 1 4 0 2 0 2
   0 3 3 4 3 3 3 0 0 4 1 2 3 4 4 0 2 2 3 1 1 3 1 4 3 4 0 2 2 4 2 1 1 2 1
   2 3 3 1 3 4 4 1 3 1 4 1 1 4 4 2]
  [0 2 3 3 1 1 0 0 0 0 4 1 4 2 2 0 0 1 4 2 0 0 3 3 1 3 3 2 1 1 2 2 4 1 2
   1 1 4 2 2 1 3 0 4 1 2 0 0 0 4 2 3 3 0 3 4 1 0 2 0 4 0 2 3 4 0 1 1 1 3
   0 3 2 3 2 2 2 3 2 3 2 3 3 3 4 0 1 1 4 4 2 3 3 3 2 4 3 1 3 1 2 1 2 2 4
   3 4 2 3 3 1 1 0 3 2 0 2 1 2 4 2]
  [0 2 1 3 3 0 0 4 1 1 0 2 2 2 2 1 0 3 4 1 0 4 3 1 1 1 3 4 1 4 2 4 4 3 4
   4 0 2 3 0 4 4 1 0 1 1 4 1 0 3 3 2 2 4 4 3 2 4 2 0 4 1 1 2 2 1 4 4 0 2
   4 3 3 0 3 1 1 1 3 4 3 2 3 0 4 0 0 2 2 3 4 3 1 1 1 0 4 0 1 3 0 2 4 3 4
   0 4 0 4 1 2 2 4 1 2 4 3 0 3 4 2]
  [0 1 4 0 0 4 3 1 1 4 1 4 1 2 3 0 4 2 1 4 0 1 3 4 1 0 2 1 3 4 3 4 0 1 3
   2 1 2 0 3 3 4 3 1 0 2 4 1 0 1 4 0 0 4 0 1 2 3 1 4 1 1 1 1 0 2 4 1 0 3
   3 1 2 0 2 0 0 3 1 4 4 0 4 1 3 0 0 2 0 4 1 3 3 2 0 4 1 2 1 0 1 2 4 3 2
   1 3 2 1 4 1 2 3 2 0 3 4 0 2 4 1]
  [0 0 4 2 2 2 1 1 1 4 0 0 1 0 1 4 1 1 4 2 3 4 1 2 4 0 4 2 4 2 2 4 4 2 4
   3 4 1 1 2 0 3 2 0 1 0 1 1 0 3 0 2 4 0 3 3 4 2 1 2 1 0 3 4 4 4 2 1 3 2
   4 0 2 3 4 0 3 4 1 2 0 4 1 3 4 4 0 2 2 0 4 2 2 0 1 1 3 1 3 1 4 4 3 1 2
   1 4 0 0 1 2 2 4 1 3 3 4 4 0 3 3]
  [0 3 4 4 2 0 4 1 1 1 2 4 1 0 4 1 0 0 3 0 4 3 2 2 4 4 0 4 0 3 4 1 0 3 0
   1 3 0 1 3 4 0 2 3 3 4 0 4 2 2 0 3 4 0 4 3 3 2 4 0 2 3 1 4 2 0 3 3 2 2
   3 0 3 1 4 3 4 3 4 2 0 4 2 3 4 1 2 3 0 0 3 4 0 2 4 3 4 4 1 1 2 0 3 4 0
   0 0 0 1 1 1 4 4 4 3 0 0 1 4 2 1]
  [0 1 3 1 4 1 3 4 0 2 0 3 0 4 0 0 4 1 0 2 1 2 0 2 0 0 2 2 2 3 2 0 1 0 1
   0 4 1 0 3 0 1 4 0 0 1 0 0 1 3 4 4 4 2 3 2 0 0 4 0 3 1 2 4 0 4 0 0 4 2
   1 0 1 2 4 2 3 2 3 0 4 0 1 1 0 2 3 3 2 2 2 1 0 3 1 0 3 3 2 1 4 2 3 1 3
   2 3 3 3 2 3 2 2 0 0 3 4 3 3 0 1]
  [0 1 4 1 1 2 1 2 0 3 2 4 0 2 1 0 0 0 2 4 4 2 2 1 2 3 0 3 1 3 0 1 3 0 0
   4 0 1 2 0 0 1 0 3 1 4 0 2 0 1 1 2 1 2 0 0 0 1 4 3 4 3 0 1 2 2 1 4 4 2
   4 0 1 4 2 4 0 4 4 1 2 1 3 1 2 2 4 3 3 1 0 4 3 0 0 3 1 2 2 1 3 3 1 3 0
   3 0 4 2 0 2 4 3 2 3 4 4 0 0 4 4]
  [0 2 3 4 1 0 0 0 3 3 0 4 1 2 2 1 1 2 1 4 0 0 3 3 1 3 4 2 2 4 1 4 3 2 3
   0 0 0 3 0 3 0 2 2 0 0 0 4 3 0 4 0 0 1 2 3 1 4 0 0 2 4 3 4 2 2 4 1 0 4
   3 3 3 0 2 4 2 0 0 0 4 2 0 0 1 4 4 4 3 2 4 0 1 4 1 4 0 3 2 1 2 0 0 2 4
   0 1 1 2 0 4 1 3 2 4 4 4 0 3 0 1]
  [0 4 1 0 1 2 3 4 2 1 0 2 3 2 3 0 4 4 4 2 2 3 0 0 2 1 0 3 1 4 2 1 4 2 0
   2 2 2 0 2 0 4 3 1 1 2 3 1 2 0 0 3 4 3 2 1 0 4 4 3 1 1 1 2 0 1 2 2 3 0
   0 3 3 3 3 3 3 4 0 0 0 4 3 2 1 2 2 1 1 4 3 3 1 1 0 1 1 3 2 3 4 0 2 0 0
   3 2 4 3 3 4 4 1 1 3 3 1 4 4 2 2]
  [0 1 3 2 2 4 0 1 0 2 1 1 0 4 0 0 1 3 0 2 2 1 3 4 2 4 2 0 0 4 4 2 3 1 4
   2 4 0 3 0 2 4 0 3 4 1 0 2 2 3 1 0 1 4 3 3 1 4 3 3 2 2 3 1 4 0 4 0 0 4
   4 2 1 0 3 1 3 4 2 0 4 3 0 3 2 4 3 4 0 2 0 3 1 1 4 3 0 3 1 4 2 1 4 0 1
   1 3 4 4 2 0 2 0 3 1 0 1 4 1 3 0]
  [0 4 4 0 4 2 1 2 2 2 2 2 3 0 0 0 2 0 1 1 3 0 3 1 4 0 3 2 3 2 1 1 4 1 1
   1 3 2 0 3 0 1 3 4 4 4 1 3 3 4 2 3 0 3 1 1 1 2 1 1 2 3 3 1 2 3 2 2 2 1
   1 4 3 4 0 2 3 4 1 4 4 3 0 0 2 4 2 1 1 1 2 1 1 0 4 3 3 0 3 3 2 3 2 1 3
   3 0 4 1 3 4 1 1 3 0 4 4 4 4 1 1]
  [0 2 2 0 4 2 3 3 2 1 2 1 1 1 1 4 0 3 3 3 1 4 0 1 4 2 0 2 0 2 2 3 4 0 3
   2 3 4 4 4 2 0 2 4 2 4 2 0 0 2 3 4 1 0 1 1 1 1 1 4 1 4 0 3 2 2 1 4 1 4
   4 4 2 1 3 0 3 4 2 1 4 4 0 4 3 2 0 1 3 4 4 2 4 3 4 3 1 3 2 1 4 4 3 1 4
   4 3 3 2 3 0 2 1 3 0 0 4 1 0 0 2]
  [0 2 3 4 1 0 3 3 2 1 4 0 2 4 1 0 4 2 4 1 1 4 2 2 2 2 4 0 2 4 0 0 0 2 1
   1 0 2 1 2 4 0 2 4 0 0 4 3 0 4 0 2 4 1 0 1 2 4 4 3 4 4 0 3 1 2 0 3 1 1
   4 3 0 1 2 3 4 0 1 2 2 2 4 2 4 1 3 1 2 0 1 4 1 1 1 3 0 2 1 1 3 2 3 4 2
   2 3 4 1 0 1 2 4 3 4 2 2 1 0 1 0]
  [0 0 4 0 3 3 3 3 3 0 0 1 2 4 2 4 0 4 3 2 2 1 1 0 3 4 0 3 4 0 2 0 3 4 1
   4 4 2 2 1 1 3 2 0 2 3 0 0 1 1 2 3 2 4 0 0 2 4 1 4 0 2 0 3 3 4 0 1 2 1
   2 2 3 4 2 2 0 4 0 0 4 0 2 2 2 3 1 0 4 0 4 2 4 3 2 2 4 0 2 1 4 0 1 4 3
   3 2 4 0 0 4 2 4 4 0 0 4 0 2 2 1]
  [0 0 4 3 2 2 3 2 3 1 0 1 4 2 4 0 4 4 0 1 1 2 4 4 0 1 3 2 2 4 0 0 3 2 0
   3 0 2 4 3 4 4 0 2 0 3 1 4 0 4 0 0 0 3 3 0 0 4 0 3 2 1 0 3 4 3 3 0 4 0
   1 3 0 3 2 0 2 4 0 2 3 4 1 2 0 2 2 3 2 3 2 4 2 2 2 3 1 3 0 0 2 1 4 0 3
   4 2 4 2 0 2 1 3 3 1 4 4 2 1 2 0]
  [0 1 2 3 0 1 0 3 1 0 0 2 2 1 3 4 1 4 3 1 1 4 2 4 1 3 4 0 0 2 2 0 3 1 4
   3 1 1 3 4 4 3 4 2 4 3 2 4 2 2 4 0 1 2 0 1 3 0 2 1 4 0 1 0 0 1 4 2 4 1
   3 4 4 3 3 4 2 0 1 3 2 0 4 4 3 1 0 3 4 1 3 1 1 0 3 1 3 3 4 2 1 3 0 3 1
   3 3 0 4 4 1 3 3 2 1 1 2 1 2 4 1]
  [0 2 0 3 2 2 0 0 1 3 0 0 4 2 4 4 0 3 1 0 1 1 2 3 1 2 1 1 4 1 3 2 1 0 1
   0 2 0 4 0 2 1 1 3 1 1 2 0 1 4 3 0 1 4 0 0 1 3 0 0 4 0 1 3 0 4 2 0 1 2
   0 4 4 2 4 1 2 0 1 0 0 4 4 4 3 4 0 1 0 3 1 4 4 2 0 4 1 4 4 3 4 3 4 1 4
   1 3 0 1 4 3 4 2 0 3 3 1 3 3 0 3]
  [0 0 4 2 1 1 3 2 2 1 0 0 3 3 0 4 3 1 1 4 1 1 1 3 4 2 3 4 0 2 2 2 2 1 4
   0 1 2 2 0 1 2 3 2 1 0 4 1 2 4 4 3 3 2 1 3 3 1 4 0 3 3 1 1 4 2 0 1 4 3
   3 4 3 3 4 3 2 3 1 1 0 2 2 2 2 3 1 0 1 4 4 2 2 1 1 1 0 0 4 3 1 3 4 2 3
   0 1 2 0 3 4 1 3 0 0 4 4 2 3 1 0]
  [0 3 0 3 3 4 0 0 1 2 3 3 0 1 0 1 1 2 4 0 0 4 1 0 3 2 3 3 4 1 0 3 4 4 2
   3 2 1 3 3 0 3 0 0 1 2 4 3 3 1 4 0 2 1 2 3 1 4 0 2 0 1 1 2 3 3 1 3 1 3
   4 1 2 3 3 1 2 1 1 3 1 0 3 4 2 1 1 4 1 2 4 1 3 2 4 0 4 3 0 1 0 4 2 3 1
   1 4 3 2 4 3 2 3 2 1 0 4 3 0 2 0]
  [0 2 1 2 3 4 2 4 0 3 0 4 1 0 3 2 3 3 1 0 4 4 3 4 4 1 4 0 1 2 1 4 3 4 4
   3 0 2 3 2 1 2 0 1 1 0 3 0 0 2 3 1 4 2 2 1 3 2 4 2 2 0 3 2 3 2 3 0 2 0
   3 0 4 1 2 1 0 2 3 2 4 4 3 4 4 4 3 1 4 4 3 3 1 4 0 0 1 1 3 4 3 2 3 3 2
   1 3 4 1 0 4 1 1 3 3 0 4 3 4 4 4]
  [0 3 0 1 1 0 1 4 2 2 0 3 0 3 3 3 0 3 4 2 4 4 1 2 4 3 4 4 1 0 4 0 2 4 0
   4 3 1 2 3 4 0 4 1 3 2 2 2 0 1 1 4 4 4 1 4 3 2 1 3 2 4 0 4 4 0 3 4 0 1
   3 0 3 2 2 2 2 0 1 0 3 3 3 2 1 4 2 4 4 1 0 4 2 3 2 3 1 3 4 2 2 2 0 2 2
   2 1 1 0 2 2 1 2 3 1 0 0 2 3 1 2]
  [0 3 3 3 0 2 2 2 4 1 2 2 3 0 0 4 2 2 4 3 4 0 1 2 2 0 4 2 2 0 3 0 2 1 1
   4 0 0 4 4 0 0 0 1 3 2 0 1 4 4 3 0 4 2 4 3 4 1 1 3 3 0 4 0 0 0 0 3 1 1
   0 4 4 3 4 1 1 4 4 4 1 3 4 3 1 4 0 3 4 1 2 4 2 2 3 3 1 2 4 3 3 4 3 0 0
   4 4 1 0 4 2 4 2 2 0 3 3 4 3 1 1]
  [0 4 4 4 1 1 1 3 3 0 2 2 2 4 1 2 4 1 3 1 4 1 2 4 4 3 1 2 4 4 2 2 1 1 3
   1 3 0 1 3 1 1 1 0 1 2 1 3 2 0 0 4 1 3 1 2 1 4 1 3 2 1 3 3 0 2 4 4 3 0
   3 0 3 2 2 2 0 1 4 4 3 2 3 1 2 2 0 3 3 2 1 4 0 2 1 3 1 4 1 2 3 4 2 2 2
   0 2 3 1 4 1 4 2 0 2 4 3 0 0 3 3]
  [0 2 2 3 3 0 3 3 0 4 4 0 4 3 3 3 3 3 3 0 0 0 1 4 4 0 1 3 0 3 0 4 2 4 0
   2 1 4 0 4 4 4 1 1 2 4 0 2 3 4 0 0 1 1 0 3 1 3 0 4 0 3 4 1 3 0 3 2 4 4
   2 0 3 2 0 1 3 3 3 1 1 1 2 3 3 0 1 3 1 1 1 0 1 0 4 1 0 1 3 0 1 3 3 3 1
   0 0 3 3 1 1 0 0 2 3 2 1 1 0 0 2]
  [0 0 4 0 3 4 1 1 0 3 1 1 2 1 2 3 4 4 3 3 0 2 3 3 3 0 2 1 2 4 4 3 1 3 4
   2 1 3 2 1 3 2 1 4 1 0 2 3 2 0 2 1 4 1 0 0 4 2 1 4 3 2 2 2 1 0 0 1 4 4
   0 4 2 3 3 1 0 3 0 1 0 1 1 2 1 1 4 4 4 2 4 4 3 4 1 3 0 2 3 3 1 4 3 0 1
   3 4 0 1 4 4 4 3 4 4 0 0 3 4 0 3]
  [0 0 0 2 1 4 3 2 1 4 3 2 4 0 0 1 3 2 3 1 4 2 3 4 1 4 1 4 1 3 0 4 3 0 1
   3 2 0 4 1 4 4 1 1 2 4 2 2 2 3 2 0 3 3 2 4 1 3 4 3 3 0 4 0 3 2 2 0 4 4
   1 2 3 0 4 1 0 1 0 1 1 4 0 3 1 3 1 2 1 3 4 0 2 2 1 0 4 2 3 4 3 4 2 4 3
   4 4 0 1 2 1 4 1 0 3 0 3 1 4 0 4]
  [0 2 2 1 0 3 4 0 3 3 1 0 1 0 2 3 4 4 3 3 2 2 2 1 0 0 0 1 2 2 3 4 2 1 4
   0 4 2 2 0 4 2 4 4 0 0 2 0 0 4 3 2 4 0 2 4 4 2 4 0 1 3 4 2 2 4 3 2 0 2
   1 4 0 3 1 3 2 3 3 0 2 0 4 4 0 2 4 2 2 4 0 4 0 2 3 1 3 2 4 4 2 2 2 0 3
   3 0 1 3 2 0 4 1 1 4 0 0 1 1 0 0]
  [0 0 0 4 0 1 3 0 3 1 4 1 3 1 3 3 1 0 0 4 1 2 0 3 0 4 3 0 3 0 2 0 0 4 1
   0 0 1 1 0 3 2 4 0 3 3 3 4 1 0 3 4 4 2 0 4 1 3 0 2 3 3 4 0 1 4 1 1 1 0
   0 4 0 3 2 0 1 2 3 0 0 2 3 3 2 3 1 1 4 0 1 0 4 3 2 1 2 3 3 4 4 1 2 0 2
   0 0 2 4 1 4 2 0 4 3 4 4 1 3 4 1]
  [0 4 0 2 1 0 1 3 3 3 1 4 2 4 3 3 4 2 2 0 0 2 0 2 0 2 2 3 3 0 4 4 2 1 1
   2 2 1 3 1 2 3 2 0 0 1 1 3 0 3 0 1 0 3 4 0 3 2 3 4 1 1 4 2 0 0 0 4 3 2
   0 0 3 4 3 1 3 0 2 3 4 0 0 4 3 1 2 2 1 4 0 3 2 4 0 2 4 3 2 2 4 4 2 0 3
   0 0 3 4 3 0 0 0 1 3 2 0 1 0 1 0]
  [0 0 1 1 0 3 1 0 3 4 0 2 0 3 2 1 3 2 0 3 2 1 3 4 3 2 2 4 3 0 1 3 4 0 1
   0 2 0 2 1 3 1 3 4 1 0 3 0 3 3 0 0 4 1 0 3 1 0 2 3 3 2 3 2 4 2 2 0 4 1
   4 0 3 1 2 2 3 3 2 1 3 1 1 3 4 3 2 4 3 2 1 4 4 3 0 4 4 3 2 0 2 4 2 3 3
   2 4 0 1 2 0 4 2 3 2 1 0 3 2 0 1]
  [0 2 4 2 0 4 1 2 3 0 1 3 2 3 0 2 4 4 3 3 2 3 3 0 4 2 4 3 1 1 0 4 2 4 4
   2 3 4 0 3 4 0 0 1 2 1 1 0 1 2 3 0 1 1 1 3 4 3 2 2 2 1 0 4 1 4 1 4 2 2
   0 3 0 2 3 2 2 0 4 0 1 1 4 1 4 0 4 1 3 0 4 2 2 0 0 4 2 1 2 4 3 3 3 4 0
   2 3 4 2 1 2 3 4 4 4 1 1 2 1 1 4]
  [0 2 0 1 4 0 0 4 0 2 1 0 4 2 3 0 0 4 4 2 2 3 3 4 2 2 0 3 0 2 1 1 3 3 2
   4 4 4 2 1 2 3 2 1 0 2 2 0 3 4 4 3 3 2 0 3 2 0 4 3 3 0 4 1 4 0 1 0 3 2
   1 3 2 0 2 4 1 4 2 1 4 3 4 1 4 0 3 3 1 1 1 3 3 1 2 0 1 3 1 3 4 1 2 2 4
   3 1 3 4 2 0 4 1 2 1 2 1 2 0 4 1]
  [0 0 4 3 1 4 0 4 4 4 0 3 1 3 0 4 1 4 2 4 4 2 0 1 4 4 1 4 3 3 3 1 4 1 1
   1 3 1 3 0 4 0 4 0 3 1 3 0 3 3 3 3 0 1 4 0 2 3 4 4 0 0 0 4 1 4 3 4 2 0
   4 2 1 3 0 4 4 2 4 4 2 4 3 0 3 4 3 4 1 0 4 1 1 0 2 1 4 3 0 1 3 3 0 0 3
   3 2 3 4 2 1 4 4 4 0 0 1 1 1 3 4]
  [0 2 4 4 0 2 4 1 4 0 2 1 4 3 0 4 0 1 1 4 2 1 1 1 2 0 2 2 3 2 2 0 4 1 3
   3 0 1 4 2 3 4 1 4 4 3 4 1 3 1 3 0 2 4 2 4 1 4 2 0 3 3 1 0 3 2 3 1 0 1
   0 4 0 3 0 0 4 3 1 1 0 0 4 0 2 3 4 4 4 2 2 1 1 4 0 2 0 3 2 2 3 4 3 0 2
   2 4 0 3 1 1 4 4 3 0 0 0 4 0 2 2]
  [0 1 4 3 3 3 0 3 1 4 1 2 1 0 0 3 3 0 2 2 1 0 4 4 1 3 0 2 2 0 4 3 4 0 2
   0 1 1 3 4 3 4 0 1 0 0 4 0 3 0 3 1 2 4 3 0 3 3 3 3 1 3 4 2 1 4 2 0 3 3
   2 3 1 0 3 0 0 3 3 1 1 2 1 4 4 4 0 1 0 4 3 0 4 1 2 4 2 2 1 4 1 3 3 2 0
   1 3 1 0 0 4 1 2 4 0 3 3 1 4 0 3]
  [0 4 3 1 4 0 1 0 0 2 3 3 3 4 3 4 0 3 0 2 4 4 3 4 2 3 2 0 0 4 4 0 4 2 2
   4 4 4 4 1 3 0 0 3 0 2 4 1 2 3 0 3 3 3 2 3 4 1 3 0 3 4 0 3 2 3 1 2 2 4
   1 4 1 2 0 0 0 0 0 3 2 0 3 0 0 1 3 3 4 4 1 3 3 2 2 1 4 0 4 2 4 4 2 1 3
   0 2 2 4 1 3 3 3 3 0 3 3 0 1 1 4]
  [0 4 4 0 2 2 1 3 4 0 3 3 1 1 2 0 0 1 0 2 1 1 0 0 1 4 2 3 4 1 1 3 4 3 0
   1 3 4 4 0 3 3 1 3 0 1 3 2 2 3 1 3 3 2 0 3 3 4 2 4 3 3 3 2 1 4 2 2 4 3
   4 3 3 3 0 2 1 4 0 0 2 4 0 4 4 3 4 4 4 1 4 3 0 0 1 1 0 2 4 4 1 4 4 1 0
   4 2 0 3 4 3 4 4 3 2 2 0 4 4 1 3]
  [0 1 3 4 3 2 4 3 3 1 4 3 4 2 2 1 3 0 0 1 3 0 3 0 2 4 2 4 2 2 3 0 2 4 4
   0 3 1 2 4 4 4 4 1 4 0 1 3 4 3 0 0 3 0 0 3 0 4 1 4 2 0 1 3 4 4 2 0 4 4
   1 2 3 3 0 2 4 1 3 0 0 1 3 3 4 0 3 2 3 4 2 0 2 4 2 1 4 4 1 4 0 4 4 4 4
   0 2 4 4 2 3 1 4 1 1 4 0 0 0 1 3]
  [0 3 4 0 3 3 0 2 2 1 2 1 4 3 0 2 0 2 3 4 4 1 4 1 0 0 0 0 0 2 4 3 4 2 3
   4 1 3 0 4 0 2 1 0 4 3 4 1 2 1 1 3 4 4 3 3 4 0 0 1 1 0 1 1 1 0 1 0 0 1
   0 1 3 3 1 0 1 3 3 4 0 2 3 4 0 2 0 0 4 4 2 0 4 4 2 2 1 2 0 0 4 0 1 4 3
   3 3 0 3 4 3 0 0 3 2 2 2 2 0 1 0]
  [0 3 4 1 4 3 1 0 2 4 1 0 4 3 1 0 1 3 2 3 0 2 4 3 2 4 0 2 0 3 1 4 4 0 1
   3 0 0 4 3 3 0 2 4 0 0 0 4 3 2 1 1 1 4 1 3 1 0 3 3 0 0 4 0 1 2 2 4 0 1
   0 1 1 3 3 4 1 0 3 3 0 0 3 4 2 1 4 3 4 3 4 1 0 0 3 0 0 1 1 4 2 3 0 4 4
   0 4 4 4 0 2 4 2 2 0 4 4 4 3 0 4]
  [0 2 1 3 4 0 1 1 3 0 0 4 2 0 3 2 0 1 1 3 3 2 0 0 4 2 3 1 4 2 2 1 3 1 0
   2 1 2 1 0 3 2 3 0 4 4 3 2 0 0 3 4 2 4 3 2 4 1 1 4 4 3 3 3 4 2 0 3 0 4
   0 0 1 3 0 1 3 3 3 1 2 1 0 1 0 4 3 1 3 0 2 3 1 0 2 2 1 4 1 0 2 3 3 4 1
   3 2 0 0 1 2 0 4 4 1 0 4 3 1 3 2]
  [0 1 0 0 2 3 1 3 4 0 4 1 2 0 0 0 2 0 4 1 2 1 4 4 0 4 4 1 1 3 3 2 3 0 1
   0 2 0 1 1 0 0 1 4 4 2 4 1 2 0 2 3 1 2 1 0 4 0 2 1 1 3 2 2 4 0 0 3 2 3
   1 4 0 3 0 2 3 0 2 4 0 2 1 0 3 2 0 4 1 4 1 4 4 4 2 3 0 0 4 3 2 2 4 3 1
   3 2 4 3 2 2 2 3 4 1 3 3 1 1 2 4]
  [0 4 3 3 3 2 4 1 3 1 3 4 2 4 4 0 2 4 2 3 3 3 1 1 4 2 1 4 0 2 3 4 2 0 3
   1 4 3 1 2 3 0 1 3 2 0 4 0 0 2 3 1 0 1 1 1 1 4 3 2 0 4 2 1 0 4 4 3 1 2
   4 1 0 4 0 0 1 3 1 4 0 3 2 0 0 1 2 0 2 3 2 0 3 4 1 2 0 1 4 3 2 0 1 4 2
   2 2 4 3 4 3 3 0 4 1 2 1 3 1 4 0]
  [0 0 4 2 2 1 0 4 3 3 4 2 3 4 2 4 0 3 4 3 2 4 1 1 2 1 3 4 1 0 4 0 3 1 3
   1 2 2 1 1 4 2 0 4 4 4 4 2 3 0 0 4 4 2 1 0 3 2 4 2 3 4 4 4 1 1 0 0 0 0
   2 0 1 3 4 1 4 3 2 3 3 3 1 2 2 0 4 0 3 4 0 1 4 0 0 0 4 3 0 2 3 0 1 3 2
   0 3 3 0 4 3 2 4 2 3 4 1 2 3 3 1]
  [0 0 4 0 2 0 3 4 1 1 2 3 4 3 0 4 3 2 1 2 4 0 0 2 1 2 2 2 0 2 3 0 2 1 3
   3 0 3 0 4 0 3 0 1 0 0 1 3 0 3 0 1 0 1 0 3 3 4 0 3 2 4 3 0 1 1 1 2 1 4
   0 2 4 4 1 0 4 1 1 2 3 3 2 0 4 1 0 3 1 2 1 0 4 1 3 3 4 1 1 2 4 4 1 4 2
   2 0 3 0 0 3 1 0 4 3 4 2 0 2 1 4]
  [0 3 2 3 4 4 0 1 4 0 4 2 2 0 2 1 0 1 0 4 4 4 3 4 2 4 2 0 3 2 4 1 0 0 3
   4 4 4 4 1 4 4 4 3 3 4 2 3 3 0 0 2 0 3 1 3 1 3 4 4 0 0 3 0 4 4 3 0 1 1
   4 1 4 2 3 1 4 1 3 4 1 1 2 4 1 0 4 0 2 3 3 3 0 2 3 1 2 2 3 1 1 4 2 4 1
   2 2 3 2 1 0 0 0 3 1 2 2 3 1 2 0]
  [0 3 1 2 0 3 3 2 4 0 2 2 0 2 2 2 4 3 0 0 4 2 3 4 2 3 3 2 2 1 0 3 1 4 4
   4 2 3 3 3 0 4 4 0 3 3 3 2 3 2 3 0 2 1 1 3 2 3 2 1 1 0 0 0 3 4 2 3 0 4
   1 3 4 4 0 2 2 4 0 3 3 4 2 2 3 4 4 3 0 2 0 3 1 1 2 1 3 1 2 4 3 1 4 4 1
   0 4 1 2 0 1 4 3 2 0 0 2 2 3 3 2]
  [0 0 1 0 2 3 4 4 0 4 3 4 4 0 0 1 0 1 4 4 0 0 3 0 3 1 0 4 3 1 1 3 2 1 3
   1 4 1 1 3 2 3 2 2 2 1 2 2 4 2 4 0 1 2 2 4 4 0 2 4 0 1 2 0 0 2 1 4 3 3
   3 4 3 0 0 3 3 2 2 1 4 2 1 2 1 2 2 0 4 0 0 0 1 1 4 4 4 1 3 4 0 1 4 0 3
   3 3 4 1 3 1 2 0 2 3 0 0 0 4 3 3]
  [0 3 1 4 4 1 1 0 2 3 2 3 1 4 0 4 4 3 1 3 4 3 1 2 2 0 4 3 2 1 0 4 1 3 1
   0 3 1 1 0 2 1 3 4 2 2 2 1 0 0 3 2 3 0 2 4 0 2 1 0 1 4 0 2 0 3 2 0 0 0
   3 3 4 3 4 1 1 1 4 4 3 4 3 0 1 3 3 0 4 0 0 1 3 0 1 3 0 2 3 4 2 0 1 4 0
   1 4 0 1 2 4 4 0 2 3 4 2 0 0 4 2]
  [0 4 4 2 3 1 2 0 0 0 4 4 4 0 0 0 0 2 1 2 1 2 4 3 2 3 0 3 1 2 4 2 2 0 1
   2 0 1 1 2 2 1 1 1 2 0 4 3 2 0 1 4 0 2 4 2 4 4 2 4 0 0 0 0 1 2 2 4 0 1
   1 3 3 2 1 2 2 4 3 1 0 3 2 2 2 2 2 3 4 4 2 0 3 2 4 0 3 1 4 1 4 1 3 3 1
   4 1 0 4 3 4 0 2 2 1 2 1 3 2 3 4]
  [0 4 1 3 1 4 4 0 0 1 4 2 0 2 2 3 2 2 3 1 2 3 0 4 2 1 4 0 4 2 3 1 4 1 3
   4 4 2 2 0 2 3 3 2 0 2 0 4 1 0 1 0 0 3 3 4 3 3 2 4 3 1 0 1 2 0 3 0 4 2
   4 3 1 0 3 1 4 4 0 4 2 2 1 3 2 2 4 2 2 2 4 0 0 3 3 2 1 0 3 1 1 1 3 1 1
   2 3 4 2 0 2 3 1 2 3 2 2 2 3 1 3]
  [0 1 1 3 3 1 1 3 4 1 3 2 1 0 2 3 4 4 2 2 0 4 2 0 0 1 2 1 4 4 1 0 0 0 4
   3 2 1 0 2 2 4 0 4 0 4 2 2 4 3 2 1 2 4 2 3 0 3 3 3 1 3 0 2 4 2 1 0 4 3
   4 2 0 4 4 4 2 0 1 3 4 4 3 1 1 4 4 4 2 1 1 2 2 0 1 4 3 2 3 1 0 1 2 4 3
   0 0 2 4 1 4 0 1 3 4 2 1 2 3 2 0]
  [0 4 4 4 3 1 0 3 4 1 3 3 0 2 4 2 2 3 4 3 0 3 1 0 2 2 1 1 2 2 0 4 4 3 2
   1 3 2 0 2 0 4 2 0 2 3 3 2 3 1 4 3 3 3 1 3 3 1 4 1 2 2 4 1 1 1 1 0 0 1
   4 0 4 4 4 0 4 4 4 2 0 1 1 2 3 4 4 4 1 2 3 2 0 2 0 4 4 0 2 3 3 0 3 2 0
   2 1 0 4 4 0 0 2 4 1 1 4 4 2 3 3]
  [0 4 4 0 1 4 2 2 2 3 0 0 2 3 2 3 3 1 0 1 3 3 1 1 3 3 1 1 4 3 2 4 1 4 2
   0 4 0 1 1 0 1 2 0 0 2 1 4 4 2 2 1 4 1 1 1 1 2 4 4 4 3 3 1 4 4 1 3 0 1
   2 3 4 2 2 2 1 3 2 2 3 2 3 1 2 3 1 4 4 3 4 3 0 2 3 0 4 4 4 2 0 4 0 1 1
   0 4 4 3 1 2 1 2 3 4 3 2 0 3 2 1]
  [0 0 3 1 1 1 4 4 4 2 1 3 0 3 3 1 3 3 1 0 3 4 0 0 1 2 1 3 4 0 1 2 3 0 3
   0 1 2 4 2 2 0 1 4 3 2 4 0 1 4 1 0 1 1 4 4 0 0 1 2 0 2 4 2 1 1 1 1 3 4
   3 3 1 1 4 0 4 3 1 3 0 1 3 0 1 3 0 2 3 3 4 1 2 0 2 3 0 0 2 2 0 0 4 3 1
   2 0 0 1 0 4 4 0 4 0 2 2 0 0 2 1]
  [0 1 4 2 2 0 2 3 1 1 4 4 3 1 1 3 0 0 2 3 2 3 2 1 1 4 3 3 3 1 4 0 4 1 1
   3 2 3 2 0 2 0 0 2 4 0 1 3 2 4 1 2 0 1 4 0 2 4 1 1 2 3 4 4 2 3 4 4 4 1
   0 1 2 4 2 2 4 4 0 1 4 3 4 3 4 4 0 2 1 0 3 3 2 1 3 1 0 0 2 4 3 0 4 3 4
   3 1 1 0 4 1 3 0 2 4 0 4 1 2 4 0]
  [0 3 3 2 4 0 1 2 3 0 2 0 1 1 1 2 3 4 2 4 2 4 2 1 1 3 1 0 3 0 3 4 3 1 0
   0 3 0 4 4 4 4 4 4 3 1 4 3 4 3 0 2 3 1 2 2 4 1 4 0 1 1 1 4 2 4 1 3 0 2
   0 2 0 1 4 0 2 0 0 0 0 1 2 2 4 3 2 0 2 2 3 0 3 3 1 1 3 3 0 4 0 4 1 1 0
   0 2 0 1 0 1 4 4 0 0 2 1 1 2 1 2]
  [0 2 3 0 0 3 4 4 0 3 0 4 0 1 4 0 3 0 0 4 2 4 2 2 0 0 1 3 4 3 0 1 0 1 0
   2 2 2 2 3 2 4 3 1 3 1 4 2 4 1 1 3 3 2 2 3 0 0 4 1 0 1 1 2 0 3 2 0 0 2
   4 1 1 1 1 3 3 3 1 2 1 2 2 2 2 2 2 3 4 2 4 0 2 3 1 4 2 2 4 0 2 2 4 1 1
   3 3 4 0 1 2 3 3 4 1 1 2 3 3 4 4]
  [0 0 1 3 4 2 3 1 4 4 1 0 4 0 3 1 1 0 4 1 0 4 3 1 2 4 2 4 1 4 1 0 4 4 4
   0 2 1 0 2 4 1 0 0 0 3 0 2 4 2 4 4 2 4 1 0 1 2 4 4 0 3 3 4 4 4 1 1 0 4
   4 0 0 1 1 3 0 4 1 0 3 1 3 0 2 1 2 3 3 1 0 1 0 2 3 2 1 4 2 3 0 1 3 0 4
   3 0 2 0 2 2 0 0 4 4 4 1 4 0 0 0]
  [0 3 2 1 4 2 4 3 0 2 3 1 3 4 1 2 4 1 1 3 2 4 1 2 4 1 4 3 0 4 2 3 3 4 2
   0 0 0 2 4 3 0 2 2 4 1 3 1 3 4 1 4 3 3 4 1 0 1 2 3 4 1 3 1 0 1 1 0 1 3
   1 1 1 2 3 2 0 1 3 3 4 2 0 2 1 1 3 2 2 1 0 0 1 3 3 3 1 0 0 3 0 0 1 1 1
   3 2 4 4 4 2 1 1 2 0 2 3 2 2 4 0]
  [0 3 3 2 2 3 1 2 1 0 1 4 0 0 0 3 2 1 2 0 4 2 4 3 4 0 4 3 0 1 1 3 1 3 3
   1 0 3 1 3 3 2 0 0 4 1 3 4 0 2 3 1 3 2 0 1 0 4 1 4 1 3 0 0 4 2 3 0 1 2
   3 1 0 1 1 3 1 3 3 2 1 4 2 4 4 3 3 4 3 2 3 1 2 2 0 2 1 0 4 0 4 0 0 4 4
   3 4 4 3 3 1 3 0 3 0 1 0 2 3 3 4]
  [0 2 2 2 0 4 0 0 1 4 2 0 1 0 2 1 1 2 2 2 4 2 1 0 3 1 0 0 1 3 2 2 3 1 2
   4 4 4 3 1 4 4 1 1 4 4 2 4 1 0 0 1 4 1 0 4 2 2 3 1 0 1 4 1 1 4 4 2 1 0
   1 1 3 2 2 4 3 0 3 4 4 3 2 3 0 3 2 1 3 2 3 2 3 4 3 2 1 4 3 4 0 1 3 0 4
   4 4 0 2 1 1 0 2 3 0 1 3 2 0 0 1]
  [0 4 3 2 0 4 1 0 1 2 4 4 4 1 1 0 3 1 1 3 4 1 1 0 4 1 2 2 3 2 4 2 1 0 2
   3 1 4 4 4 0 1 1 1 3 2 0 2 1 1 4 0 1 3 2 2 1 4 0 4 3 4 1 1 2 4 0 0 1 1
   0 0 4 0 0 3 3 1 1 0 2 1 0 3 3 1 2 0 0 3 4 4 3 3 1 1 3 2 4 2 0 4 2 1 0
   4 4 3 0 1 0 3 2 1 1 3 4 2 1 2 2]
  [0 4 3 2 4 3 4 1 2 1 4 2 2 0 0 2 4 3 3 3 4 0 3 0 2 2 4 0 0 2 3 0 2 0 1
   2 3 3 1 4 4 4 1 3 2 3 0 0 1 2 1 2 1 4 0 2 4 3 4 4 4 2 2 3 0 2 0 1 3 3
   1 3 1 1 0 0 0 2 1 3 4 1 0 2 0 1 2 1 3 2 0 3 2 1 0 1 4 4 4 4 4 4 2 0 3
   0 2 4 0 0 0 0 3 2 1 0 3 0 1 0 1]
  [0 1 3 0 2 4 0 2 2 4 3 2 3 1 2 2 2 4 3 2 0 2 1 0 1 3 0 4 0 3 0 3 0 3 2
   1 4 0 3 4 2 0 3 3 2 2 3 3 4 0 4 4 2 4 4 1 0 3 1 0 4 0 2 4 0 4 1 1 0 1
   3 1 4 1 1 4 1 1 4 4 0 0 3 1 1 3 1 2 4 2 4 1 4 3 3 4 4 1 4 2 3 2 4 2 3
   3 0 4 0 4 3 2 2 1 1 0 4 0 3 4 1]
  [0 2 1 4 4 4 0 1 3 0 4 1 0 4 0 0 1 2 1 4 4 1 4 3 1 2 2 2 3 4 1 1 3 4 3
   3 0 0 1 3 1 2 2 1 2 2 4 3 4 3 4 0 1 0 1 0 3 1 4 1 4 4 2 2 2 4 0 1 2 3
   0 3 2 4 3 4 0 4 4 1 4 4 0 1 4 4 3 3 3 4 0 1 4 0 3 3 0 4 4 2 0 2 2 1 2
   1 3 0 2 4 4 0 1 2 2 3 3 3 2 2 1]
  [0 2 2 1 2 2 2 4 3 3 2 4 2 0 4 4 1 4 1 4 3 4 2 1 2 3 1 2 3 4 2 1 0 0 4
   4 0 4 0 3 0 2 3 1 2 0 3 1 1 1 2 2 3 2 4 2 1 2 3 2 4 3 0 0 2 3 1 4 2 2
   4 0 4 4 2 2 0 4 2 4 4 3 4 3 1 1 0 4 4 2 3 1 2 0 2 1 0 1 1 1 2 0 4 2 2
   0 3 0 0 1 2 2 0 0 3 3 2 0 1 3 2]
  [0 0 0 3 1 4 4 1 0 4 2 1 3 4 4 0 2 0 0 2 1 0 3 1 3 2 0 4 0 0 0 0 3 4 4
   3 2 1 3 1 3 2 3 2 3 2 4 4 0 4 2 3 2 4 4 0 4 3 1 2 1 1 0 0 1 2 0 0 0 4
   0 3 3 2 2 0 3 4 2 4 2 1 4 0 4 3 0 0 2 1 0 2 0 4 2 2 0 0 2 4 1 4 3 3 2
   2 1 2 4 0 1 4 1 1 2 1 3 2 4 4 3]
  [0 3 2 1 0 1 0 0 1 1 2 2 0 3 2 2 0 1 3 3 0 0 1 2 4 2 4 2 4 2 1 0 2 0 3
   1 4 0 2 4 0 2 1 2 2 3 0 4 2 3 1 1 1 3 3 1 0 0 2 0 0 4 4 1 4 3 1 0 2 0
   4 2 1 3 4 4 1 3 2 2 4 0 0 3 3 2 2 1 2 3 0 1 4 4 4 3 3 2 4 1 0 4 4 3 3
   1 2 1 4 3 0 0 4 4 0 1 2 3 3 4 0]
  [0 0 3 0 4 4 0 3 3 4 1 1 0 1 3 2 2 2 2 4 1 0 1 2 4 3 3 2 1 1 0 2 1 2 1
   4 1 3 3 1 1 1 1 1 2 1 2 3 3 4 3 3 0 0 0 2 1 3 4 4 2 1 4 1 2 2 4 2 4 2
   1 2 4 1 2 4 3 4 4 0 0 4 0 2 3 2 2 1 2 3 1 4 3 2 2 2 3 1 3 4 2 3 0 2 3
   0 0 1 4 3 4 0 4 3 4 1 2 4 3 3 2]
  [0 1 3 1 2 4 1 3 3 1 0 1 0 2 1 2 4 2 1 0 4 1 3 4 2 4 3 1 2 0 1 2 2 0 2
   2 4 4 3 0 4 0 3 0 4 4 4 2 2 2 0 2 3 0 1 3 0 0 2 2 0 4 0 1 0 3 3 4 1 4
   4 4 2 1 0 3 2 1 0 4 1 2 3 2 0 2 0 0 0 2 1 3 2 4 2 1 2 4 3 1 0 2 2 0 2
   1 0 0 3 1 2 3 0 4 0 2 1 3 2 2 1]
  [0 1 1 2 0 2 2 1 3 4 2 4 1 4 2 3 0 2 2 4 0 1 0 3 4 4 1 1 3 4 0 3 1 4 0
   1 3 2 1 0 0 1 4 3 0 0 2 4 3 2 3 3 4 2 2 0 2 0 2 3 3 1 0 4 4 3 1 0 1 0
   4 3 2 2 1 1 0 1 1 0 4 3 0 0 2 2 0 1 3 4 0 4 0 2 0 3 0 3 0 4 4 2 1 4 2
   0 0 2 2 3 1 3 3 0 2 3 0 1 4 0 3]
  [0 4 1 4 4 0 1 1 3 1 2 0 0 1 2 2 0 0 3 2 2 0 1 4 1 0 2 2 2 0 3 4 3 3 2
   3 4 4 0 3 1 1 0 1 1 3 3 1 0 3 0 2 0 3 0 2 1 1 2 3 4 0 0 3 2 4 0 2 1 0
   2 0 4 4 3 0 1 2 2 4 0 4 0 4 1 1 2 4 4 4 4 4 2 4 4 1 2 4 3 4 2 2 2 2 3
   0 3 3 2 0 2 2 0 4 0 1 4 3 0 3 0]
  [0 4 1 2 2 3 1 4 1 1 0 0 1 3 0 3 2 0 3 2 3 2 1 0 1 4 3 0 4 0 0 4 2 4 1
   4 2 0 2 3 1 1 0 0 2 3 2 2 0 3 0 1 0 1 3 3 2 0 1 3 4 0 2 2 2 2 0 4 3 3
   2 0 0 3 1 4 4 3 0 4 3 4 1 2 0 0 2 2 2 0 1 1 3 1 3 4 4 0 3 3 2 1 3 4 2
   1 0 3 1 3 3 0 2 0 1 0 3 1 2 4 0]
  [0 1 3 4 1 0 1 1 3 1 1 0 4 0 3 2 3 1 1 0 4 1 2 3 1 2 3 4 1 4 1 4 4 3 3
   1 4 1 0 4 4 3 1 1 0 2 1 4 2 4 4 0 0 3 4 0 0 1 1 2 0 1 0 0 3 2 1 4 3 0
   0 2 4 0 3 1 1 3 0 2 0 4 2 4 3 4 4 4 3 1 4 1 3 2 4 4 2 2 2 1 0 2 4 1 1
   3 0 3 1 1 4 2 4 2 1 4 0 3 1 1 0]
  [0 3 3 1 3 0 0 0 2 4 4 1 3 0 0 0 1 1 3 2 3 4 0 4 1 4 1 4 1 4 1 3 0 2 2
   4 2 0 4 0 4 1 4 0 3 2 4 1 2 1 3 1 3 3 0 0 4 0 4 1 4 2 0 3 4 3 3 0 1 3
   1 4 0 1 2 1 1 0 1 4 4 0 1 2 4 3 1 0 0 4 1 0 3 1 3 0 2 1 2 2 2 0 1 0 3
   3 2 0 3 2 4 0 4 3 1 0 2 0 2 3 2]
  [0 3 2 2 4 2 0 3 4 2 1 0 4 3 3 2 1 1 0 2 4 0 3 0 0 3 0 4 4 4 0 3 0 1 2
   2 1 0 1 0 3 1 4 2 0 4 2 4 1 0 3 0 1 0 4 2 1 4 1 4 4 1 4 2 4 2 0 0 3 1
   2 1 1 0 0 4 2 0 1 1 2 0 2 2 0 4 1 2 1 3 1 1 3 1 1 3 1 4 0 0 1 0 3 3 2
   3 2 4 4 3 1 2 4 4 4 0 1 3 0 0 3]
  [0 3 1 1 4 0 3 2 4 4 3 0 3 1 1 3 1 1 4 3 4 4 0 1 0 2 4 4 3 3 2 0 4 4 3
   2 1 0 4 0 2 0 2 0 2 1 2 3 0 0 0 4 3 2 3 0 0 4 4 1 4 1 1 1 4 3 4 3 4 0
   3 2 0 0 0 3 2 2 3 1 3 2 2 4 4 4 3 3 4 4 1 0 1 2 0 4 3 0 1 2 2 0 4 3 3
   2 0 2 1 1 4 4 2 1 0 1 3 0 4 0 1]
  [0 4 0 4 1 0 0 3 1 0 0 0 0 4 4 0 3 2 4 3 4 4 1 4 2 0 2 0 1 4 1 3 4 4 2
   0 2 3 1 3 4 3 4 0 1 4 3 1 2 4 0 0 0 3 1 0 1 1 4 0 2 3 3 1 4 4 1 0 2 2
   3 1 4 2 3 3 1 0 0 0 3 2 3 3 4 1 3 2 4 3 2 1 0 1 3 2 0 1 4 0 4 0 0 3 0
   0 3 3 2 2 1 1 1 2 1 1 1 3 2 2 0]]

 [[0 2 1 2 1 2 3 4 3 3 2 1 0 4 4 3 0 4 4 4 1 0 2 1 3 2 0 2 4 4 1 2 3 1 3
   3 2 4 2 2 2 0 0 1 2 4 0 3 0 1 2 4 2 0 3 2 2 2 1 3 2 2 2 0 0 4 1 0 4 3
   0 4 4 2 4 0 0 2 2 1 0 0 1 2 3 2 2 2 2 1 3 4 0 2 1 2 3 0 3 3 0 0 2 4 3
   4 3 4 3 4 4 0 2 4 1 4 0 3 1 3 3]
  [0 0 2 4 4 3 4 1 2 3 1 1 3 2 2 3 0 4 3 1 2 2 2 0 0 2 0 2 4 4 4 1 0 4 4
   3 3 1 2 2 3 3 4 0 2 4 4 2 3 1 3 4 3 0 0 1 0 3 3 2 2 1 2 3 1 0 1 1 2 1
   1 0 2 0 2 0 1 1 2 2 1 2 3 2 2 1 0 0 0 4 2 2 4 1 1 2 1 3 4 0 1 0 4 1 4
   3 0 3 4 2 1 1 0 4 0 2 2 1 0 1 3]
  [0 3 0 3 0 0 0 2 4 2 0 2 3 1 3 2 1 4 3 3 3 3 4 3 2 4 4 0 2 0 1 1 0 3 2
   4 0 1 4 3 0 1 3 0 2 0 2 2 1 1 1 2 4 2 2 4 0 1 1 2 4 0 1 0 0 4 4 4 4 0
   1 1 3 3 1 3 0 2 3 0 2 3 1 4 2 1 1 1 4 2 0 1 2 4 4 4 1 3 3 0 3 0 1 4 0
   0 4 4 4 2 4 3 1 1 2 4 3 0 2 0 0]
  [0 2 1 0 2 0 4 4 0 4 4 4 2 2 1 2 3 2 2 4 2 4 3 3 2 3 3 4 3 2 1 0 1 0 0
   0 0 1 3 2 2 3 0 4 3 4 2 0 3 0 2 4 1 3 4 3 0 4 3 1 4 2 1 3 1 3 4 1 2 4
   0 3 2 1 2 1 2 3 4 3 2 4 0 3 0 1 4 4 2 0 1 4 4 1 4 0 3 3 1 1 0 1 1 2 2
   2 0 3 3 2 0 0 0 2 1 3 1 0 2 2 4]
  [0 2 0 4 0 2 4 0 3 0 0 0 4 0 0 3 3 3 1 3 4 1 4 3 4 3 2 2 4 3 2 4 2 2 0
   2 4 3 2 0 4 2 1 3 4 0 4 4 0 1 2 1 3 1 1 3 1 2 1 1 1 0 0 4 2 2 3 4 2 3
   0 1 2 0 0 2 3 3 4 4 4 3 1 2 4 1 1 0 3 4 1 1 2 0 4 2 2 0 2 4 3 3 2 0 1
   3 4 4 1 2 0 3 0 0 0 4 0 1 0 4 0]
  [0 3 0 3 3 0 1 2 4 0 0 2 0 0 3 0 3 4 1 3 2 3 4 1 4 4 0 1 0 4 3 0 2 2 3
   2 4 1 4 1 2 0 3 1 0 0 0 3 0 2 2 4 4 0 0 0 1 4 3 2 1 2 1 0 3 3 0 1 0 3
   3 4 4 1 4 0 0 3 2 4 2 2 2 4 2 4 0 0 1 1 2 0 3 3 3 2 2 3 3 1 0 0 4 1 4
   3 0 0 4 0 0 1 1 1 0 1 4 3 2 3 3]
  [0 3 4 1 3 4 0 2 4 3 1 0 2 2 2 0 0 1 3 1 2 3 1 1 4 2 4 2 2 0 1 2 3 1 1
   0 3 4 2 4 0 1 3 1 3 1 3 0 3 4 3 3 4 3 2 2 2 0 3 1 0 1 3 0 2 3 2 4 2 3
   2 1 0 3 4 4 3 2 0 3 0 0 2 4 4 2 2 4 3 0 2 1 4 3 1 0 3 1 1 0 0 4 4 1 4
   0 2 0 4 3 0 3 4 3 1 2 3 4 4 0 4]
  [0 0 2 0 2 2 0 0 0 1 0 0 1 1 2 3 0 2 4 2 3 0 4 1 1 3 3 0 1 4 1 0 4 2 0
   3 1 0 2 1 3 4 3 3 2 1 0 0 1 1 1 4 2 0 4 4 4 1 1 1 1 3 4 2 2 3 2 3 1 2
   3 0 0 1 3 1 0 1 3 2 2 1 0 0 2 0 1 3 0 4 4 3 0 0 2 1 4 3 4 3 0 2 4 0 0
   2 0 0 0 0 4 2 3 1 4 1 1 2 4 3 0]
  [0 0 0 1 2 4 1 3 0 4 4 4 0 3 1 1 4 3 4 1 1 3 1 3 2 3 4 2 2 1 3 1 0 1 0
   4 1 0 3 4 3 1 1 3 4 2 4 0 3 2 4 2 1 0 2 3 1 0 0 4 0 0 2 3 1 1 1 1 4 2
   0 0 3 1 1 1 0 2 1 0 4 2 4 3 1 0 4 3 0 4 3 0 3 0 0 1 2 0 1 3 2 3 4 2 4
   2 3 0 3 3 0 4 2 3 2 0 1 1 2 2 3]
  [0 3 2 3 0 0 3 0 2 0 1 0 2 3 2 2 3 2 3 1 2 4 3 4 2 3 2 4 4 2 3 0 2 0 1
   4 1 4 1 2 2 3 4 4 3 0 4 4 0 1 2 0 4 4 4 3 2 1 4 2 2 4 2 1 2 1 4 3 3 1
   1 1 2 3 0 4 4 4 3 4 0 1 4 0 1 4 4 4 1 0 0 3 3 4 1 1 4 4 2 4 2 2 3 4 3
   1 2 4 1 0 1 0 0 4 1 3 1 2 1 2 4]
  [0 3 2 2 4 0 4 1 0 1 0 1 1 1 4 3 0 4 1 2 3 4 1 1 2 1 2 0 2 0 4 4 4 1 3
   1 0 3 3 4 3 4 4 0 4 3 4 1 4 3 3 2 1 2 0 2 4 1 1 1 3 2 4 2 4 2 0 2 3 4
   3 0 3 4 4 3 3 3 2 3 0 2 1 3 1 3 1 2 1 3 3 1 2 0 0 1 4 3 0 1 2 3 0 2 4
   2 3 3 4 4 1 0 2 1 3 0 0 4 4 4 0]
  [0 4 4 0 0 3 0 4 0 2 3 0 1 3 1 4 2 4 3 3 0 2 4 4 3 4 1 0 2 0 4 4 0 0 4
   1 0 2 4 4 1 2 1 3 3 4 0 1 4 4 2 3 3 1 2 2 1 0 0 0 2 0 0 4 1 0 0 0 2 1
   0 0 2 1 1 0 0 0 2 4 4 1 2 0 2 3 1 1 2 4 4 0 0 0 0 4 0 2 2 2 1 1 2 2 4
   2 3 4 0 0 4 3 2 0 1 2 0 0 3 3 0]
  [0 3 3 3 2 3 1 2 1 3 0 3 0 3 1 4 0 0 2 1 3 2 0 4 0 1 2 1 3 0 1 0 3 1 0
   2 3 0 4 2 1 2 3 0 2 2 4 1 3 4 1 3 0 2 2 0 0 2 3 2 4 0 2 3 1 4 3 2 4 1
   2 1 0 3 0 4 0 4 4 2 4 2 3 3 4 4 2 0 4 4 1 4 4 4 0 0 4 2 2 0 1 3 0 0 0
   2 0 2 3 3 3 0 3 1 4 3 1 2 4 0 0]
  [0 2 4 2 2 2 0 4 1 3 4 3 4 0 1 1 0 2 3 3 2 3 2 2 2 4 4 4 3 4 4 0 1 4 1
   2 2 4 2 1 0 2 0 1 0 0 2 4 2 4 2 2 2 3 3 4 0 3 0 2 2 2 4 1 2 0 2 3 3 2
   1 2 1 4 3 1 3 4 3 0 4 0 0 1 4 0 2 4 4 0 1 2 2 3 4 1 2 2 4 4 3 3 0 1 2
   0 4 3 4 2 3 0 3 2 0 3 3 3 2 0 4]
  [0 4 2 2 0 3 3 2 0 2 3 1 2 4 0 3 0 3 4 1 3 0 4 0 2 0 1 4 0 2 0 1 2 4 1
   4 1 1 0 4 3 1 4 4 0 4 4 1 3 2 1 3 2 2 2 1 1 3 2 3 0 3 1 3 1 4 0 1 4 2
   4 2 1 3 3 1 1 1 2 0 0 3 2 0 0 4 4 1 1 3 2 4 3 2 3 4 2 0 3 2 1 3 0 1 3
   0 4 3 2 4 4 2 1 4 2 3 4 0 1 4 3]
  [0 4 0 0 0 0 3 0 1 1 2 4 0 2 3 0 3 1 4 0 2 2 0 4 3 4 3 1 0 0 2 2 3 2 4
   2 3 4 2 3 4 3 0 2 3 0 4 4 4 0 4 1 0 2 2 1 0 2 1 1 2 4 3 2 0 4 1 4 0 2
   1 1 2 0 3 4 1 1 4 0 3 3 0 1 3 1 4 3 0 2 4 0 3 2 0 0 1 3 0 3 3 2 3 3 3
   2 4 3 1 3 0 4 0 0 4 3 4 2 0 1 1]
  [0 0 0 0 1 2 0 2 0 2 2 2 4 3 1 2 0 1 0 3 2 2 0 4 3 4 0 4 3 0 4 2 1 2 4
   4 4 0 4 1 0 2 1 4 3 1 1 0 0 1 2 2 1 4 4 3 4 4 1 0 1 4 4 2 4 3 4 2 3 3
   1 4 0 4 2 0 1 0 0 3 3 4 0 0 2 3 2 0 2 2 1 3 4 2 3 2 0 4 3 3 2 0 1 2 4
   1 0 2 4 0 4 2 4 0 2 2 0 0 3 3 3]
  [0 2 2 3 1 0 3 2 4 0 1 0 2 4 2 2 0 0 0 1 2 1 1 0 4 4 1 3 0 1 4 1 4 0 3
   1 4 0 1 4 0 0 4 4 0 1 0 4 1 1 4 4 3 3 3 1 3 2 2 2 4 2 1 3 4 4 1 1 3 0
   0 2 1 0 1 1 4 3 0 4 3 3 3 3 2 2 1 0 1 0 0 1 4 1 4 4 2 4 2 4 0 4 4 2 2
   4 2 2 0 3 1 4 2 2 3 2 3 4 0 4 3]
  [0 1 3 1 0 1 4 4 1 1 1 1 0 3 0 3 1 4 0 2 3 1 3 3 4 0 0 4 4 0 3 0 3 1 3
   4 0 2 1 2 4 3 2 3 1 0 3 1 1 2 2 4 2 2 2 4 3 4 1 1 0 0 2 3 0 3 3 0 0 4
   0 1 3 2 0 2 0 3 2 0 3 3 2 0 3 1 2 2 1 3 3 0 0 3 2 3 1 3 2 3 2 3 1 3 4
   4 3 4 2 1 4 0 3 0 1 3 0 4 1 3 2]
  [0 0 0 2 1 3 4 3 2 4 0 1 2 0 2 4 0 3 0 0 4 3 4 3 2 2 4 0 3 3 2 4 1 3 4
   2 2 0 2 3 2 3 1 3 4 0 4 4 1 0 1 1 3 4 3 4 3 4 1 2 2 2 4 0 3 2 2 3 1 4
   2 4 2 0 1 2 0 3 0 4 0 0 2 3 3 0 0 0 2 3 3 4 0 4 4 3 1 2 4 3 4 4 4 2 2
   0 4 0 0 2 2 3 4 3 4 1 2 0 0 0 1]
  [0 0 0 3 3 3 3 1 4 2 4 4 1 1 1 3 4 0 1 1 0 1 0 4 4 0 2 0 0 3 1 1 4 4 4
   3 3 0 2 2 2 1 0 1 4 4 3 4 2 2 4 0 2 4 4 3 0 0 0 2 1 4 3 4 1 2 4 2 1 2
   2 3 1 0 4 0 4 1 3 0 1 2 0 1 1 4 1 0 4 0 0 4 3 0 3 4 3 1 0 2 4 2 4 4 2
   0 3 4 1 1 4 1 4 0 4 1 0 2 0 1 4]
  [0 0 3 3 0 4 1 4 3 0 4 1 3 0 1 1 1 4 4 0 1 0 4 3 3 1 1 2 2 4 2 3 0 2 1
   2 2 0 0 2 1 4 1 2 3 3 0 2 3 3 3 4 0 1 0 3 3 2 0 4 0 0 3 1 2 1 3 0 3 2
   3 1 3 0 0 4 1 3 3 4 2 1 2 4 1 0 4 1 4 3 4 1 2 0 3 0 3 2 0 4 1 4 1 3 0
   4 1 0 2 1 3 2 2 4 1 0 0 4 2 1 4]
  [0 2 3 3 2 3 2 2 3 0 3 2 0 3 0 2 1 2 0 4 2 2 0 2 4 0 3 3 1 3 3 2 0 2 0
   4 0 0 0 2 0 0 2 1 1 4 4 4 4 0 3 4 4 0 1 0 1 1 4 2 3 1 2 3 0 4 4 4 4 4
   3 0 2 3 2 0 0 4 1 4 2 1 3 3 0 1 4 3 1 0 0 0 4 1 1 0 4 0 4 4 1 0 2 0 1
   2 3 1 4 3 0 1 4 4 4 4 0 4 2 0 2]
  [0 3 4 4 0 2 2 4 3 4 0 3 1 2 2 2 0 1 0 3 4 0 2 0 4 3 1 3 2 4 4 4 2 3 2
   2 0 1 1 3 1 4 2 0 4 2 4 3 0 4 0 2 0 3 3 4 4 1 1 2 4 0 1 3 0 3 3 2 1 4
   4 4 1 2 4 1 0 0 1 2 4 0 4 2 0 1 3 3 0 4 2 4 1 1 0 4 2 4 2 2 4 3 2 1 4
   2 2 2 4 0 2 4 2 1 4 4 3 4 4 2 1]
  [0 1 1 0 2 3 3 3 1 4 3 4 1 1 0 1 4 3 2 0 2 0 0 3 0 0 1 4 0 3 0 1 2 0 2
   1 0 0 0 3 1 0 2 4 4 4 0 1 1 3 3 4 2 2 1 2 1 0 3 3 3 2 1 3 4 0 4 2 1 0
   2 3 2 2 4 4 0 3 0 1 3 4 3 0 1 4 4 4 0 1 4 4 1 1 3 1 1 2 3 4 1 3 3 2 0
   2 4 4 0 2 4 4 3 2 2 3 2 4 0 2 1]
  [0 4 0 0 0 2 1 1 3 3 3 0 0 3 2 0 2 1 0 0 4 4 2 0 1 0 3 4 0 0 1 3 1 2 1
   4 1 0 4 0 0 4 4 1 1 3 0 3 0 2 4 4 2 3 4 2 1 1 3 3 4 0 0 1 2 3 2 4 0 2
   4 0 2 4 3 4 4 2 3 1 2 4 0 2 3 2 4 1 4 2 1 1 3 4 0 0 1 4 4 1 1 2 0 2 2
   3 4 4 2 1 1 1 2 2 1 3 3 0 0 0 0]
  [0 2 0 4 2 2 3 0 1 1 2 3 4 3 4 2 2 0 3 1 2 3 2 2 0 2 0 2 1 1 0 1 4 2 3
   4 2 0 1 3 2 2 4 4 3 2 0 1 1 2 0 0 2 2 4 1 1 0 0 2 4 0 2 0 4 3 0 4 0 4
   1 3 2 4 4 0 2 1 0 0 1 4 0 4 1 3 3 3 3 4 1 1 1 2 4 3 4 2 1 4 3 2 3 1 3
   0 4 0 2 4 2 2 1 0 4 4 0 2 0 4 3]
  [0 1 3 1 1 4 2 4 1 1 1 3 1 0 3 0 0 4 1 2 2 0 0 1 2 0 1 0 0 1 2 3 4 3 3
   1 0 2 4 1 0 1 0 3 0 2 3 2 1 1 0 4 2 4 0 2 0 1 0 3 0 4 2 4 2 4 3 2 3 0
   1 2 4 1 3 0 4 2 0 1 4 1 1 1 2 2 3 2 2 4 2 4 1 0 1 1 0 1 4 1 4 0 1 2 3
   4 0 3 0 1 4 1 2 4 4 4 3 3 1 2 4]
  [0 0 2 0 1 1 0 0 4 2 3 0 0 2 0 0 1 4 0 4 2 1 3 2 2 0 4 2 0 2 1 2 1 1 3
   0 1 1 4 2 0 0 2 4 4 4 1 4 0 3 1 1 1 1 0 0 2 0 0 2 1 3 4 1 1 1 3 2 4 2
   2 3 0 2 3 3 3 1 4 1 0 4 2 0 3 2 4 2 4 1 2 0 1 3 3 2 0 2 4 3 0 3 1 0 2
   0 0 4 2 2 4 3 2 2 4 0 1 4 4 2 2]
  [0 3 2 1 3 4 0 3 4 2 0 3 3 4 1 4 1 4 3 0 2 2 0 1 1 3 1 0 3 0 3 1 3 2 3
   0 0 2 3 3 4 4 4 0 0 0 0 3 3 2 2 2 2 4 4 1 1 2 2 0 4 0 1 3 4 3 0 1 0 1
   2 1 3 4 1 2 4 1 2 2 4 0 1 3 4 3 2 4 2 4 1 2 2 1 4 3 4 2 4 0 3 3 0 0 4
   1 4 3 2 4 4 3 4 3 1 4 0 4 4 4 0]
  [0 4 4 0 4 4 0 0 0 1 1 3 4 0 0 0 3 0 4 4 3 3 4 2 1 3 1 3 0 4 0 2 0 1 4
   0 3 4 1 0 0 2 2 3 0 1 0 1 1 1 4 1 4 0 2 3 0 0 2 1 1 4 1 2 3 2 0 4 3 4
   4 2 1 0 1 1 0 4 1 2 1 0 3 2 1 2 0 4 1 4 1 4 1 3 0 4 1 3 3 2 0 0 2 2 4
   2 2 3 0 1 2 0 3 0 1 4 4 0 1 1 2]
  [0 1 3 2 3 4 1 4 1 2 2 3 4 0 3 4 2 3 1 1 1 4 4 0 0 2 1 1 0 0 1 0 2 1 3
   4 0 2 2 0 3 2 3 3 0 2 0 4 3 2 2 1 1 1 3 0 2 2 4 4 2 3 1 0 0 3 2 1 3 0
   0 2 1 3 0 1 3 4 0 4 2 0 2 4 1 1 4 2 1 3 0 0 4 0 4 0 2 2 0 3 4 2 1 3 0
   1 1 3 0 3 3 3 3 3 1 1 1 3 4 1 1]
  [0 0 1 2 0 3 4 1 2 0 4 3 3 2 2 1 2 4 2 2 4 2 2 3 3 3 2 2 2 3 3 1 0 2 1
   2 4 3 2 1 4 4 2 1 4 1 3 1 1 1 3 2 3 1 0 2 0 4 4 4 0 3 1 3 4 2 1 1 4 1
   2 2 4 3 2 3 2 2 0 4 3 4 4 3 1 3 4 1 2 1 2 3 0 3 3 0 4 2 0 1 0 2 3 4 2
   2 3 4 4 3 1 2 1 3 1 1 3 3 1 3 4]
  [0 1 1 1 0 2 1 1 3 1 3 4 1 0 0 1 3 2 4 1 3 2 3 1 4 0 2 4 0 3 2 1 4 0 2
   0 1 3 0 0 1 3 2 2 3 3 1 1 3 4 2 0 3 1 4 0 4 0 0 4 2 2 2 1 1 1 3 3 3 4
   2 2 3 2 1 2 1 3 2 3 2 3 2 4 3 2 3 2 0 1 1 0 0 4 0 3 2 2 0 4 0 2 3 0 4
   0 2 2 2 2 1 4 1 2 0 4 2 0 1 1 1]
  [0 1 1 1 2 3 2 1 3 2 3 0 4 1 4 1 2 1 2 4 3 1 1 3 0 0 0 1 4 1 2 3 3 1 0
   2 4 3 1 1 4 0 4 3 2 3 2 1 1 1 0 4 1 1 1 3 3 1 1 2 0 4 2 3 4 4 3 3 2 0
   0 0 1 2 1 4 4 2 1 3 4 0 0 1 4 3 1 4 2 3 1 2 3 1 1 3 0 4 0 4 1 3 2 2 3
   3 3 0 4 2 3 3 0 4 2 3 0 4 4 0 1]
  [0 0 0 0 4 3 1 3 4 4 4 2 4 0 4 0 2 0 2 3 2 3 4 1 2 0 0 4 2 2 2 3 3 2 0
   0 1 3 3 0 1 4 1 2 1 3 3 2 4 4 1 0 0 4 3 3 0 1 1 1 2 1 1 2 0 1 1 0 3 4
   4 1 0 1 4 4 4 4 2 0 1 4 3 2 4 1 2 1 0 4 2 1 1 2 0 2 2 0 2 4 3 2 1 0 3
   1 1 1 4 2 1 1 0 1 1 4 3 4 4 3 2]
  [0 4 0 0 2 1 4 2 1 4 2 4 3 2 3 4 1 0 4 4 0 2 4 0 3 4 1 1 4 3 4 3 4 2 2
   0 0 3 2 0 3 2 1 3 0 4 4 0 0 2 2 1 1 3 3 4 4 1 0 0 2 3 1 1 0 2 2 0 0 3
   3 2 1 2 1 4 0 3 2 2 2 0 1 0 2 4 4 0 2 2 1 2 0 0 2 4 0 3 4 3 1 1 2 1 3
   0 4 3 3 4 1 2 2 1 2 2 0 1 3 2 3]
  [0 1 0 4 4 4 1 1 1 4 3 2 0 1 4 2 1 1 1 0 3 0 1 4 3 2 1 3 2 0 1 2 2 1 4
   4 2 0 2 4 4 1 3 3 3 0 3 3 2 3 3 1 2 1 0 0 0 2 4 2 4 3 1 2 3 3 0 3 4 4
   2 1 2 2 0 2 0 1 1 2 0 4 4 3 2 0 0 4 4 0 1 4 3 2 3 1 4 3 2 2 1 4 2 3 3
   0 3 1 0 4 1 0 2 2 4 3 2 0 4 2 3]
  [0 4 3 0 2 1 1 1 4 3 0 1 0 0 3 4 2 3 2 3 3 3 2 3 2 4 0 2 0 3 2 0 0 3 3
   2 2 0 0 4 0 1 2 3 1 1 1 2 1 1 0 3 0 4 2 2 4 4 3 3 4 2 0 0 0 2 0 4 1 0
   1 1 2 0 0 4 2 2 4 3 4 1 0 1 3 2 3 4 3 2 1 3 1 0 1 0 0 0 2 3 4 1 2 4 4
   4 3 0 3 1 3 4 3 4 1 3 2 3 1 1 0]
  [0 0 3 2 1 4 2 1 1 4 4 4 4 2 2 4 2 2 1 3 2 2 0 1 0 0 1 3 1 2 4 2 1 4 0
   4 1 0 2 0 4 4 0 3 3 3 0 4 2 2 2 3 1 4 1 0 4 0 1 4 0 2 4 2 0 2 2 4 1 2
   3 1 0 0 4 4 3 0 2 3 2 3 2 4 0 1 0 1 0 0 2 4 2 1 4 0 2 4 0 3 2 2 1 1 4
   4 0 1 4 4 0 0 4 0 3 0 1 0 4 0 0]
  [0 2 0 1 4 2 4 0 3 4 1 2 1 1 1 1 3 2 1 3 2 2 1 2 2 0 3 4 0 2 4 1 1 1 4
   0 2 2 0 1 0 4 0 1 3 1 2 2 0 4 4 4 4 1 0 4 3 2 1 0 0 3 2 2 4 0 1 2 0 3
   0 1 1 3 0 1 4 4 4 4 0 4 2 1 1 3 2 4 3 0 0 0 2 0 4 1 2 2 4 1 2 3 0 2 1
   0 2 2 3 3 0 4 1 0 3 2 0 3 0 2 1]
  [0 0 4 1 3 1 1 4 2 0 0 1 3 4 0 1 2 2 2 1 1 1 2 2 1 3 4 3 4 1 3 0 3 1 0
   3 4 0 1 1 0 0 3 2 0 0 2 2 4 0 1 0 4 4 0 2 3 2 0 1 0 1 4 4 1 1 0 0 1 2
   3 2 3 4 1 0 3 4 1 2 1 0 0 1 1 1 2 4 1 1 4 2 3 0 2 0 0 2 0 1 4 4 3 2 3
   3 1 4 1 2 3 1 4 3 3 0 3 4 4 1 2]
  [0 2 2 4 2 0 2 4 0 4 4 0 4 0 3 0 0 1 0 0 2 0 1 4 3 3 1 4 1 4 1 1 2 0 2
   2 4 3 4 2 4 0 0 4 0 1 3 4 0 0 1 2 3 1 0 1 2 2 0 0 1 2 4 2 3 1 0 4 4 4
   2 2 3 3 2 3 4 3 4 0 0 2 3 1 1 0 2 4 2 1 1 4 3 0 1 3 2 1 3 0 2 1 3 4 3
   4 2 4 0 4 3 0 2 3 3 2 4 0 1 4 4]
  [0 0 0 0 0 3 2 3 1 0 4 2 1 3 0 4 4 4 0 0 3 1 2 3 4 0 3 1 4 2 4 0 3 1 0
   4 4 0 4 4 3 4 2 0 2 1 3 1 3 1 3 1 4 2 3 0 0 2 0 1 2 3 0 0 4 1 4 1 2 4
   0 4 2 2 0 2 3 1 4 0 2 4 0 4 4 2 4 1 0 2 1 1 0 4 1 3 2 2 3 4 1 0 0 2 4
   4 0 3 4 2 0 1 1 0 0 3 4 1 1 0 1]
  [0 1 3 0 0 1 4 0 3 2 1 3 2 4 3 3 1 4 3 3 1 1 2 1 0 0 2 3 1 2 2 2 3 0 2
   0 3 4 0 0 0 1 3 0 0 3 3 3 2 1 4 2 1 2 1 4 4 3 2 0 4 2 3 3 0 0 1 3 1 4
   2 0 2 1 1 0 3 2 3 4 4 0 3 0 3 2 3 3 4 1 1 4 3 2 0 1 3 3 0 2 0 4 2 4 2
   1 0 4 2 4 3 2 1 1 4 4 2 2 1 1 3]
  [0 3 0 1 3 1 2 1 1 3 2 0 2 1 4 0 3 4 1 3 0 4 2 3 3 1 2 2 1 1 0 4 3 0 1
   3 3 0 3 4 0 1 3 2 2 0 0 1 1 1 4 4 3 4 0 2 0 2 4 0 4 4 4 2 1 2 3 0 2 4
   3 0 2 0 3 3 3 3 1 3 1 3 3 4 4 2 1 3 4 2 3 0 0 0 0 4 3 2 0 3 4 4 4 2 3
   4 3 3 0 1 3 2 4 0 4 3 3 3 0 1 2]
  [0 0 3 0 1 2 4 3 0 2 1 1 0 4 3 1 4 2 0 4 2 1 1 0 4 1 2 2 1 2 1 4 2 3 4
   2 3 0 4 0 0 1 2 0 3 2 0 4 1 2 4 0 2 0 3 2 3 0 3 2 2 4 1 3 0 1 4 4 1 1
   2 4 4 0 1 4 1 3 3 3 2 2 4 2 0 1 4 1 1 1 3 1 2 0 1 4 1 1 2 3 3 0 4 4 0
   0 2 4 2 3 1 2 3 2 4 3 4 2 1 3 4]
  [0 3 3 3 3 2 0 0 3 0 1 0 4 4 1 1 1 1 4 2 4 4 0 4 4 4 1 4 4 3 0 4 1 3 4
   1 0 0 2 0 1 2 0 3 0 4 1 0 3 1 2 4 2 2 1 2 3 0 1 4 1 1 1 1 4 3 4 1 3 1
   0 4 1 0 0 3 3 3 2 2 0 2 0 2 0 4 2 2 2 3 4 2 0 3 0 4 0 0 2 1 3 1 3 3 1
   1 3 3 2 2 3 4 4 2 4 2 3 1 4 0 3]
  [0 3 0 3 4 3 2 2 2 3 4 0 3 1 1 2 4 3 2 0 2 2 3 4 0 3 4 1 0 3 1 1 1 1 0
   4 4 0 2 4 4 4 2 4 4 2 0 2 0 4 4 2 4 0 1 1 1 2 0 2 0 2 4 1 4 1 2 3 1 1
   1 1 1 1 1 0 0 2 0 4 0 3 2 3 3 0 2 4 2 3 3 2 0 2 1 2 4 4 2 3 2 0 2 2 4
   0 2 2 1 4 2 0 4 3 3 2 1 2 3 1 3]
  [0 1 2 3 0 2 2 1 2 4 1 1 0 2 0 0 1 0 1 4 3 4 2 1 0 4 0 1 2 3 1 3 4 1 1
   3 0 2 4 3 0 2 0 4 3 2 1 1 4 0 4 1 3 2 4 2 0 1 3 4 2 1 2 4 0 0 3 2 1 0
   2 0 2 3 4 2 3 0 2 1 1 1 4 2 2 2 1 0 2 4 0 3 2 3 4 2 1 1 1 3 4 3 1 1 2
   1 1 3 1 2 1 2 3 4 1 0 1 3 2 0 3]
  [0 1 3 2 3 3 2 1 3 2 3 3 2 1 2 3 0 4 2 1 2 0 3 3 3 3 2 2 2 0 4 3 1 0 3
   3 2 2 4 1 4 4 3 1 0 2 2 0 3 2 0 0 3 0 1 3 2 4 3 0 0 2 0 1 0 0 4 3 4 2
   0 0 0 1 1 4 1 0 1 4 1 4 3 3 4 0 4 1 2 4 1 1 2 4 0 2 3 0 4 2 3 1 1 2 3
   0 3 1 4 4 0 1 2 3 4 0 3 0 0 1 1]
  [0 2 2 4 4 1 1 1 0 1 0 4 2 3 1 3 3 3 3 3 0 2 3 3 0 0 3 3 2 4 0 3 2 3 2
   3 1 3 0 4 0 2 1 2 4 1 1 0 4 3 3 0 4 3 1 2 0 4 3 4 1 4 1 3 2 4 0 4 0 1
   2 1 1 4 2 0 4 4 3 3 4 4 1 3 1 1 2 2 3 3 4 0 3 1 3 0 0 4 4 3 0 0 3 3 4
   0 0 2 3 1 0 1 1 1 1 1 1 4 0 4 3]
  [0 1 4 0 4 2 2 1 1 4 2 0 0 0 4 3 2 0 2 0 0 3 1 4 0 3 1 1 0 1 2 4 2 0 2
   1 1 4 0 3 4 0 0 0 2 1 0 1 0 0 3 1 0 0 0 0 3 0 0 3 0 1 3 1 0 1 2 2 3 2
   4 4 1 1 4 4 0 0 1 4 0 0 0 1 2 0 0 3 3 2 1 0 4 4 2 2 1 3 1 2 3 4 1 4 3
   3 4 2 1 0 3 3 2 0 2 2 3 2 3 2 3]
  [0 3 4 0 3 0 1 0 3 3 2 0 3 2 0 3 2 3 3 4 1 4 3 0 4 1 1 0 2 3 2 2 3 4 3
   1 2 0 1 1 1 0 4 4 0 2 3 2 1 4 3 3 4 0 4 2 0 1 4 4 2 3 3 3 1 1 2 3 3 3
   3 2 1 0 2 1 2 1 4 2 3 2 0 3 2 3 3 3 3 0 2 0 4 2 4 2 3 2 1 1 1 3 2 4 1
   4 3 3 1 3 4 1 0 0 3 2 1 2 0 2 3]
  [0 2 1 3 4 3 3 4 1 0 3 4 4 4 0 4 1 1 3 4 1 2 1 2 0 1 0 2 2 4 3 2 4 1 3
   2 2 1 2 2 2 0 0 3 1 4 4 0 3 2 3 2 2 2 0 4 4 4 1 1 1 3 4 0 0 3 1 3 0 4
   2 2 2 3 0 2 4 3 1 0 0 0 3 3 2 3 4 2 1 2 4 4 1 1 1 1 1 0 2 2 2 1 4 3 4
   0 1 3 4 1 4 3 4 2 4 3 3 0 1 2 2]
  [0 0 1 1 4 0 1 3 0 4 2 4 3 4 2 3 4 0 0 1 2 1 4 3 4 1 0 4 4 3 4 1 3 1 3
   1 1 3 2 2 3 2 0 1 2 2 1 1 4 3 3 4 4 0 4 0 4 0 1 1 3 3 3 3 4 0 4 3 3 4
   0 0 3 3 0 4 3 3 0 4 2 3 0 3 1 0 1 3 3 2 0 2 0 3 3 4 0 4 0 1 1 4 0 1 0
   3 3 1 3 3 1 2 2 0 1 3 3 1 2 1 4]
  [0 3 1 2 1 0 2 1 1 4 2 0 4 2 2 0 4 0 0 3 1 0 4 4 4 0 4 3 4 0 3 0 2 0 1
   2 3 4 4 2 2 3 3 0 3 0 3 1 4 2 4 0 0 3 0 4 0 0 1 4 1 1 0 3 1 0 3 1 1 0
   0 4 1 4 2 0 1 2 2 4 0 4 2 0 2 4 4 4 0 0 1 4 4 0 3 4 2 1 2 1 3 4 0 1 4
   1 1 1 2 1 3 4 3 1 2 1 1 0 0 3 4]
  [0 2 1 1 4 0 4 2 3 0 1 1 3 1 3 4 1 2 3 1 4 3 1 0 0 0 2 0 3 0 3 3 3 2 1
   4 1 4 2 2 3 4 4 0 3 0 1 3 3 1 1 3 1 3 3 3 4 0 4 1 3 4 1 0 0 3 1 3 0 3
   3 3 2 1 2 4 0 0 4 1 2 2 3 3 0 4 1 1 2 1 0 1 4 0 1 2 1 3 4 4 2 0 3 1 1
   2 4 4 0 1 3 4 4 1 1 4 1 0 1 1 1]
  [0 2 3 4 2 2 2 3 1 0 2 3 1 0 0 2 2 1 4 4 4 1 2 1 1 3 0 4 1 1 2 4 3 4 3
   2 1 1 1 2 0 1 4 0 0 3 2 1 4 2 1 2 4 3 3 3 3 0 0 1 0 1 1 1 2 0 0 4 1 0
   2 1 2 3 0 0 4 0 3 4 0 4 3 0 2 3 4 4 3 0 0 3 1 0 4 0 1 4 0 4 3 2 4 4 1
   1 1 1 4 0 3 1 4 2 1 3 3 0 2 4 2]
  [0 1 3 0 0 3 3 1 1 2 4 3 3 2 4 4 2 1 4 2 3 0 4 2 1 4 0 2 2 4 0 3 0 2 0
   3 2 4 3 3 4 2 4 3 3 4 4 0 3 4 3 1 1 3 4 4 0 3 2 0 2 2 2 3 3 4 3 2 1 0
   3 0 2 3 3 4 3 4 1 3 1 1 1 2 3 4 3 1 2 3 4 2 2 2 3 1 0 4 1 3 2 4 2 1 4
   3 4 3 2 1 3 1 3 1 2 2 3 2 1 1 0]
  [0 3 1 2 3 4 0 0 0 1 3 4 1 3 1 1 4 1 0 3 4 0 1 1 0 1 2 4 4 1 3 2 3 0 4
   1 2 2 0 4 0 4 3 3 1 2 0 0 2 3 3 4 1 1 4 1 4 4 3 4 0 3 2 1 1 1 3 1 0 1
   1 2 3 3 1 2 3 2 4 2 2 4 4 3 2 0 3 1 3 3 4 3 3 4 1 4 3 1 2 2 1 2 3 3 0
   0 1 3 2 4 2 0 2 2 2 4 0 4 0 2 1]
  [0 1 0 2 1 0 2 3 0 2 3 3 3 1 0 2 0 0 3 1 1 4 3 2 1 4 4 3 4 0 1 4 3 4 2
   1 0 2 3 0 4 3 3 0 2 2 1 0 0 0 3 2 1 3 1 1 1 3 4 4 1 0 0 2 4 1 0 0 3 2
   4 2 2 2 0 0 1 3 2 1 2 1 4 0 4 1 4 1 1 2 4 1 0 1 1 1 0 0 3 2 1 0 2 4 0
   1 1 3 0 3 0 4 2 2 1 2 1 4 2 1 4]
  [0 3 1 3 1 0 1 2 1 1 1 3 2 2 4 2 1 3 0 2 3 1 3 2 3 0 1 0 0 1 4 2 4 4 3
   4 0 2 1 2 0 0 4 4 3 3 3 0 4 1 3 1 4 4 3 1 2 4 4 0 0 2 0 2 2 2 0 4 4 4
   2 0 2 2 3 1 1 3 4 0 4 1 1 2 0 4 3 1 1 2 3 0 1 4 2 1 4 2 0 2 3 2 3 1 3
   4 1 2 1 0 3 0 1 4 2 3 0 2 4 0 3]
  [0 0 1 4 2 3 4 0 4 2 2 3 2 4 2 2 1 0 1 0 0 4 3 3 3 0 2 3 4 1 4 2 0 4 2
   3 2 4 4 1 0 1 2 3 3 3 1 0 0 2 0 3 1 3 4 4 4 1 0 4 2 4 4 0 2 3 3 1 4 4
   1 0 3 1 0 1 2 4 3 0 2 4 0 1 0 4 4 4 4 4 0 4 3 3 1 2 4 4 1 3 0 3 3 1 3
   4 3 3 3 1 4 2 0 0 3 3 2 1 4 2 0]
  [0 4 2 3 0 4 4 2 0 4 4 2 1 1 4 4 0 4 2 3 2 1 4 0 4 4 4 3 1 0 4 1 2 4 0
   1 4 3 0 2 4 1 4 3 2 0 0 3 3 0 0 0 3 1 2 0 4 1 1 1 0 1 2 3 0 4 0 3 2 4
   4 3 1 3 1 2 1 4 3 1 3 3 4 1 3 0 0 1 2 3 2 3 4 1 0 4 2 1 3 4 3 0 0 4 3
   4 4 0 2 0 4 1 3 4 2 1 4 4 2 4 1]
  [0 1 1 2 3 0 2 3 0 0 2 3 2 4 1 0 1 4 2 2 0 0 2 4 0 1 3 0 4 4 2 0 4 4 1
   3 4 2 2 4 2 0 0 4 1 3 1 4 0 3 4 0 4 3 0 2 0 2 0 3 4 4 3 4 3 0 4 1 0 0
   3 3 2 4 3 3 4 4 2 3 1 0 4 2 3 0 1 3 1 0 2 0 0 3 3 0 1 0 0 0 4 3 2 1 3
   2 3 0 0 4 1 1 0 3 0 1 1 1 1 2 1]
  [0 0 3 4 1 1 0 3 2 2 3 4 4 3 0 1 1 3 1 4 2 0 0 0 3 1 3 4 0 4 1 1 4 4 4
   3 2 1 2 3 0 3 0 2 0 2 4 1 4 0 4 2 4 3 4 4 0 0 2 3 4 4 3 1 1 3 0 2 2 1
   2 2 3 0 2 1 4 2 4 2 3 0 2 1 0 4 2 0 0 2 0 4 3 0 3 4 1 0 3 0 1 2 1 0 0
   2 2 0 1 4 2 0 0 3 1 3 0 1 1 2 0]
  [0 3 2 3 3 2 4 1 3 1 0 1 3 4 3 1 2 3 2 1 3 0 0 2 1 0 4 1 2 1 0 2 4 4 1
   2 0 2 2 0 1 4 1 4 3 2 4 0 1 2 0 4 4 1 2 0 1 4 3 1 3 3 0 3 1 4 3 0 3 1
   0 1 0 1 4 0 4 0 1 4 3 3 3 1 3 1 2 1 1 1 0 4 2 2 1 4 1 2 0 1 2 0 0 4 2
   3 2 2 1 4 1 3 2 1 1 2 4 4 2 1 3]
  [0 1 0 3 3 0 2 0 3 1 4 4 2 1 2 4 3 0 4 4 1 0 3 2 1 4 2 4 4 2 2 0 0 3 1
   4 0 3 2 3 0 2 4 0 3 1 1 1 4 4 1 4 2 2 2 0 1 3 4 1 0 2 4 2 1 3 1 0 0 0
   4 1 1 4 1 1 2 2 1 2 0 4 3 0 3 4 0 0 1 3 3 3 1 1 0 4 3 0 1 0 2 2 1 2 0
   0 1 1 3 1 4 3 2 0 2 3 0 1 3 2 4]
  [0 2 2 1 0 2 0 4 2 1 4 0 3 1 2 1 4 1 3 0 3 3 3 1 4 3 3 4 4 0 0 4 0 2 0
   4 3 1 1 3 3 2 4 3 1 3 4 0 0 2 3 1 2 2 1 3 3 4 4 3 0 4 1 4 2 0 4 3 2 0
   1 2 4 2 0 3 2 4 4 3 3 1 0 1 1 0 4 0 0 3 3 0 2 2 1 3 1 0 2 4 3 4 2 0 0
   0 4 1 1 1 3 3 1 2 4 4 4 4 0 4 3]
  [0 4 2 4 4 1 2 4 1 1 0 3 3 2 4 3 1 3 2 0 3 1 2 2 3 1 1 3 4 2 4 0 1 0 2
   4 0 1 4 3 2 4 1 2 1 2 1 4 0 1 3 2 0 1 4 2 1 4 4 1 0 2 3 1 4 1 0 0 0 1
   0 0 2 3 0 3 4 1 4 0 0 0 0 1 0 4 2 1 1 4 3 0 1 4 1 2 1 3 2 4 2 2 4 1 3
   3 2 3 0 1 1 1 2 2 3 2 2 2 3 0 4]
  [0 3 4 4 1 4 0 0 0 0 2 2 3 0 0 4 3 4 0 2 1 3 3 3 4 2 1 3 2 2 2 2 2 4 1
   2 2 3 2 2 3 0 3 0 4 4 3 4 2 4 4 0 1 3 0 3 2 4 1 4 3 2 3 1 2 4 1 2 2 0
   1 0 1 3 1 1 1 1 3 4 2 0 0 2 0 1 3 2 2 4 4 0 2 2 3 2 3 3 2 4 4 4 1 3 4
   2 3 2 3 0 0 0 1 4 4 3 4 0 0 4 3]
  [0 1 3 3 1 0 2 1 4 3 3 4 2 4 2 0 2 3 0 4 2 0 0 0 4 0 2 2 3 3 4 0 1 0 2
   1 1 1 3 0 1 2 3 1 0 3 3 3 1 1 4 3 1 2 2 1 2 3 1 0 0 4 1 3 4 3 3 4 0 4
   4 3 0 2 4 1 4 0 3 3 0 4 0 3 1 3 1 0 0 3 0 1 3 2 4 2 3 2 0 4 0 0 0 0 2
   4 2 1 2 1 2 0 4 0 4 2 0 3 3 2 2]
  [0 2 1 4 1 3 2 2 1 0 1 3 1 1 4 0 4 2 3 2 1 1 1 2 1 4 4 3 1 2 4 3 0 1 4
   4 2 2 3 1 3 0 0 1 3 1 1 4 1 4 4 1 0 0 3 3 3 3 4 3 4 0 1 3 3 1 0 3 3 4
   0 3 4 0 4 1 2 4 4 3 0 2 3 2 4 2 3 2 2 3 2 2 0 0 1 4 3 1 3 2 0 1 4 2 1
   0 3 4 0 0 3 3 1 1 3 2 2 3 3 2 2]
  [0 2 4 3 1 3 4 0 0 2 3 0 3 4 0 3 1 2 3 4 1 4 1 1 1 1 0 4 4 4 2 3 1 3 4
   4 4 3 3 4 3 1 1 2 0 1 3 2 0 2 0 0 4 0 1 3 2 1 3 1 2 0 3 2 1 0 0 1 4 2
   2 2 1 1 0 3 2 0 2 0 4 0 3 1 0 1 3 2 1 1 0 1 4 2 1 0 2 1 1 1 0 0 4 2 2
   1 4 3 1 4 1 1 1 2 0 0 2 0 2 1 1]
  [0 0 4 1 2 2 2 4 3 1 3 3 0 3 0 4 0 2 2 4 2 0 2 0 4 0 3 1 1 3 0 0 0 0 0
   0 2 3 3 1 4 2 0 3 1 3 4 3 1 0 1 0 4 1 1 1 3 4 3 0 4 1 0 0 0 0 4 1 3 0
   4 4 0 2 3 0 4 1 3 0 4 0 2 4 4 2 3 4 4 1 4 3 1 1 0 2 2 1 2 4 2 1 4 2 4
   0 4 1 0 2 4 2 0 4 0 4 0 3 1 2 2]
  [0 1 4 3 1 4 3 4 3 3 4 3 1 4 3 2 1 0 2 0 2 3 2 3 4 1 2 1 4 0 4 0 0 1 2
   3 2 2 1 4 3 0 4 0 4 4 3 0 1 3 4 4 3 2 0 1 0 2 1 0 4 1 0 2 1 2 0 3 4 1
   3 1 0 0 0 2 0 2 1 3 4 1 1 3 2 4 2 4 1 3 2 3 2 1 4 4 2 3 0 3 3 2 3 3 4
   2 4 0 1 1 4 3 1 3 2 0 4 2 0 3 2]
  [0 1 2 1 4 3 2 2 1 2 0 3 4 4 0 3 3 4 2 0 4 2 2 1 0 3 2 4 2 3 3 4 4 0 3
   2 3 2 3 4 3 2 3 2 2 2 2 4 2 2 3 2 3 1 4 4 2 2 1 2 2 2 3 2 4 0 3 1 3 4
   3 0 4 4 0 4 1 0 4 2 3 1 1 4 1 0 2 1 4 1 0 2 0 4 2 4 3 4 1 1 2 3 0 3 0
   0 0 3 1 0 4 2 0 3 0 0 0 1 2 0 2]
  [0 1 2 2 0 2 2 3 1 1 3 0 1 2 3 4 2 4 4 2 2 4 0 0 1 3 3 0 4 4 2 3 2 2 0
   3 0 3 4 2 2 4 3 1 0 0 1 0 0 0 0 4 3 2 0 0 1 0 0 1 2 2 1 2 1 3 1 2 2 0
   0 0 0 0 3 1 2 1 0 0 3 4 4 4 4 0 4 3 3 2 3 4 2 0 3 0 0 4 3 2 1 0 4 2 1
   0 1 3 4 3 3 0 2 1 0 4 2 2 1 4 2]
  [0 3 2 4 4 0 1 2 1 0 4 3 4 2 4 0 0 4 2 4 0 0 3 3 1 2 4 3 3 2 1 0 1 4 4
   3 4 3 1 1 1 1 4 4 1 3 0 1 4 4 2 2 4 1 0 4 4 4 2 0 1 4 1 2 2 0 1 1 4 3
   2 0 2 1 2 1 2 3 3 0 2 4 1 2 4 4 3 4 4 1 0 0 4 4 4 3 3 4 2 1 4 4 2 4 0
   1 3 2 3 3 2 4 2 1 1 3 2 4 3 2 4]
  [0 3 4 2 3 2 4 4 3 0 1 4 3 4 2 1 0 3 3 4 4 2 2 0 4 2 2 3 2 1 0 3 0 2 2
   1 2 0 4 0 3 2 4 1 4 1 3 1 4 0 3 0 0 4 4 2 3 1 0 3 0 2 3 3 3 2 0 3 0 2
   4 3 2 2 4 2 1 0 0 2 0 0 4 3 1 1 3 0 3 0 1 0 0 2 2 3 4 1 1 1 4 1 1 1 4
   4 4 2 2 0 0 1 3 4 4 3 4 1 0 0 2]
  [0 0 2 4 0 4 1 0 4 3 4 3 3 4 4 1 0 2 0 0 4 2 0 3 2 0 3 3 0 4 4 0 0 0 3
   4 4 0 4 4 3 4 1 2 2 4 0 1 0 1 2 3 3 3 2 4 3 0 2 3 2 0 2 4 4 2 0 1 1 1
   1 3 2 1 4 1 4 2 3 0 1 0 3 1 4 3 3 4 4 1 2 1 2 2 4 4 4 0 1 3 3 3 4 0 4
   2 0 1 0 1 2 3 4 4 3 4 2 1 2 2 3]
  [0 2 0 3 4 3 2 3 0 3 2 4 1 0 4 4 0 1 2 2 3 3 4 2 2 2 3 0 3 2 4 1 3 0 1
   1 3 0 3 2 4 1 3 1 2 2 0 1 3 2 3 4 3 3 2 3 4 4 3 2 4 0 3 0 4 0 0 0 0 1
   3 0 4 2 3 1 3 2 0 4 3 3 0 2 4 4 4 2 3 4 0 2 0 4 2 2 2 2 3 3 4 2 3 3 0
   0 2 2 0 4 0 1 2 2 1 3 2 1 1 1 1]
  [0 3 4 2 2 1 1 0 4 1 0 2 3 2 4 3 4 3 3 4 0 3 1 1 3 1 0 3 4 2 3 0 1 3 2
   2 3 2 4 2 4 2 4 1 1 1 1 4 0 2 1 1 1 2 0 2 1 1 4 3 2 1 4 2 2 4 1 1 4 1
   0 2 2 2 0 3 2 2 4 4 0 2 3 0 4 1 4 2 0 0 1 1 3 0 0 4 3 4 0 3 3 2 4 3 1
   2 4 0 3 4 0 4 1 3 4 3 0 4 3 2 2]
  [0 4 3 1 1 1 1 0 2 2 1 3 1 1 1 1 2 1 1 2 0 2 1 3 2 1 2 0 2 4 2 2 2 1 2
   1 4 3 0 1 0 2 0 2 4 0 0 1 4 1 1 0 1 4 3 4 4 0 0 2 4 1 3 3 4 4 2 2 2 2
   0 1 4 2 0 4 4 1 0 2 4 0 0 0 0 1 0 4 0 3 2 4 3 4 0 4 4 2 4 4 2 0 4 4 3
   2 4 4 1 4 2 4 0 2 2 1 2 0 1 1 2]
  [0 0 0 4 0 3 3 0 3 0 0 4 1 4 1 2 1 2 2 4 1 4 0 2 3 0 0 4 3 4 3 1 1 0 1
   1 3 3 0 1 1 3 0 1 1 2 3 4 2 2 3 2 4 1 3 1 2 1 3 3 4 2 2 0 3 3 2 0 3 3
   4 3 3 2 1 0 1 1 0 3 1 2 4 3 4 0 3 4 2 4 3 4 1 1 0 2 0 4 0 0 2 4 3 3 2
   2 4 3 2 4 1 3 3 3 3 3 4 2 4 4 4]
  [0 4 1 2 1 4 3 2 3 3 1 3 3 3 4 4 1 2 2 3 4 0 2 2 3 4 4 3 3 2 2 3 3 4 4
   1 1 2 0 1 1 1 2 2 1 2 0 2 1 2 2 0 3 2 4 2 1 0 3 1 4 1 3 2 2 4 3 2 2 3
   2 4 0 2 1 4 3 0 3 4 0 0 4 3 3 1 0 4 1 0 2 4 4 2 1 2 3 2 1 4 2 3 3 2 2
   2 1 1 3 2 2 3 3 1 3 1 4 3 4 2 3]
  [0 0 0 2 0 0 2 2 1 3 0 3 3 2 1 4 4 3 1 4 2 2 2 3 3 2 3 4 0 4 3 1 2 4 2
   2 3 2 3 1 3 2 3 1 1 3 2 0 0 4 4 3 3 4 2 1 0 2 1 0 1 4 3 2 3 0 3 0 4 2
   0 2 0 3 2 4 1 0 1 2 4 2 0 2 0 2 0 0 1 0 1 4 4 2 2 2 2 2 0 4 4 1 3 3 3
   4 3 0 4 4 3 4 0 1 0 2 4 3 3 2 2]
  [0 0 0 3 3 4 2 2 0 2 1 3 3 3 0 3 3 0 1 0 3 4 4 3 2 2 4 0 3 4 0 1 2 1 0
   0 3 3 4 0 2 0 3 0 0 4 2 2 1 4 0 2 1 2 4 1 0 1 3 2 2 1 1 1 4 3 4 2 1 1
   3 3 3 2 2 2 1 4 4 0 0 4 2 1 0 2 1 0 0 0 0 2 3 2 4 4 0 3 1 3 4 3 0 0 1
   4 0 2 4 1 2 4 0 0 0 1 1 1 4 0 4]
  [0 3 0 3 4 1 1 0 1 1 1 4 0 0 0 3 2 1 4 0 2 3 4 2 3 1 2 1 1 3 1 1 0 0 2
   2 2 0 0 0 3 3 0 3 2 2 3 2 3 4 0 1 1 1 3 1 2 2 2 0 3 0 3 1 1 4 4 4 0 4
   1 1 2 2 3 4 3 1 0 4 2 3 4 3 1 3 3 4 3 0 0 1 3 3 1 4 2 4 4 4 4 4 1 0 1
   4 2 1 1 2 1 1 4 2 1 3 0 1 0 0 3]
  [0 4 1 4 3 0 1 0 2 2 3 0 4 2 0 4 3 0 2 3 2 3 1 1 4 1 4 2 0 2 1 1 0 2 0
   4 0 0 4 3 1 0 2 3 0 0 1 0 0 4 0 2 3 0 3 0 0 2 4 3 1 4 0 3 3 2 4 2 0 1
   3 4 2 4 2 1 4 1 3 4 2 2 4 3 3 4 1 2 2 4 0 1 2 4 1 1 0 3 4 1 2 4 1 4 1
   4 4 2 4 0 0 4 0 1 2 3 2 1 1 3 0]
  [0 0 3 3 4 2 3 2 2 1 1 3 0 3 3 1 4 1 2 3 0 1 0 3 4 3 4 0 2 3 4 0 0 2 3
   0 2 0 3 0 3 4 2 3 0 0 0 4 1 1 0 4 0 0 0 4 4 1 4 4 1 3 0 3 2 2 4 3 0 2
   1 0 1 3 4 3 4 2 2 3 1 4 3 2 0 2 2 2 0 1 3 0 0 0 2 1 3 2 0 0 2 1 3 2 2
   0 1 1 0 0 2 2 4 3 2 1 3 4 2 3 3]
  [0 3 2 1 2 2 3 0 1 0 1 0 0 1 1 3 2 1 1 3 2 0 2 1 2 4 2 3 2 4 1 3 3 3 1
   3 4 4 3 3 4 2 4 3 4 2 0 1 0 1 0 1 3 3 4 0 3 4 1 2 2 2 2 1 1 1 1 2 4 2
   4 0 1 0 1 4 2 0 3 3 4 3 1 2 1 0 4 3 4 1 2 1 0 3 4 4 1 2 3 1 1 4 3 3 4
   3 2 1 3 2 4 2 2 0 0 0 2 3 2 3 4]
  [0 0 4 1 1 0 1 4 4 1 1 2 0 2 3 3 0 2 3 3 3 1 4 0 4 4 0 4 1 1 4 3 1 1 4
   0 4 1 1 2 2 4 2 0 4 0 3 1 2 2 2 4 3 4 2 0 2 2 3 2 3 0 2 1 4 4 4 0 3 2
   1 0 3 1 0 4 1 1 1 1 3 4 4 1 4 3 0 3 2 4 3 3 1 0 1 3 1 2 3 2 3 0 2 2 4
   3 2 2 4 3 1 2 3 1 3 2 2 2 0 1 2]
  [0 4 2 2 4 4 4 0 1 3 4 0 4 2 2 4 2 0 2 4 3 4 3 2 2 2 4 3 0 2 0 2 3 1 1
   2 2 4 3 2 1 3 3 1 3 1 2 0 1 3 1 0 3 3 0 1 4 4 1 3 2 2 1 3 3 1 1 4 0 3
   3 0 3 1 3 1 4 3 4 4 1 1 4 3 4 4 2 2 4 1 3 4 1 0 0 3 1 3 2 3 1 4 0 4 2
   0 0 4 0 0 3 2 1 2 3 2 2 4 3 2 2]
  [0 1 3 0 0 3 3 2 4 0 4 4 3 0 1 3 3 2 2 0 2 1 3 1 4 2 2 3 0 4 3 2 1 0 2
   2 1 2 4 2 3 1 4 4 1 1 4 4 3 2 4 4 0 4 0 1 2 3 1 4 4 3 1 3 3 2 1 1 2 1
   4 4 2 1 0 1 4 4 3 4 4 0 3 3 3 4 2 2 2 4 2 3 3 3 1 0 1 1 2 2 4 2 1 4 0
   0 2 1 0 4 2 4 0 1 0 1 0 3 0 3 4]
  [0 1 2 4 0 1 1 2 1 3 2 4 1 0 1 4 2 1 1 4 2 1 2 1 4 2 2 3 0 1 2 3 3 3 4
   3 0 4 2 0 4 1 0 2 2 0 0 3 1 1 0 4 2 3 0 0 4 1 3 0 2 0 1 4 0 1 2 2 2 2
   4 4 4 3 0 3 4 0 3 0 0 3 0 1 2 0 2 1 2 0 3 0 3 2 2 1 0 0 1 2 2 0 4 2 1
   1 2 2 3 0 4 0 4 1 0 1 4 1 3 1 2]
  [0 4 2 4 4 4 3 4 3 0 0 0 1 1 0 2 3 3 2 2 2 4 0 3 3 0 1 3 0 0 0 2 1 3 2
   2 4 0 3 2 2 2 0 2 2 1 1 1 1 3 1 3 2 2 1 4 3 0 4 1 0 4 2 3 3 4 0 4 2 2
   3 1 1 1 0 0 0 0 0 2 1 3 3 2 1 4 0 2 2 1 4 3 2 0 1 4 1 0 1 2 1 2 3 0 4
   3 1 0 4 0 4 4 4 2 4 3 0 1 4 4 2]
  [0 3 1 0 4 1 0 3 4 2 0 4 2 2 2 1 4 1 1 0 2 1 0 2 2 2 4 4 0 1 1 4 2 2 2
   0 4 2 0 3 0 0 3 4 3 3 0 4 2 2 1 4 0 0 0 0 0 4 2 2 3 0 4 3 1 3 0 4 0 2
   3 1 3 0 3 0 2 4 1 3 1 2 0 2 1 1 0 3 4 1 3 1 0 1 1 2 2 4 0 4 2 2 1 0 3
   2 0 4 4 0 0 0 2 1 0 1 0 3 1 4 3]
  [0 2 2 4 2 2 0 0 2 1 4 0 1 0 1 2 4 1 3 3 2 1 2 1 1 0 4 4 1 3 1 3 2 3 3
   1 0 2 1 4 0 1 3 4 1 3 0 2 0 3 1 2 4 1 0 4 3 2 4 3 0 2 3 4 3 2 0 1 0 1
   3 0 4 4 0 0 4 1 3 0 0 2 3 0 0 2 2 1 2 4 4 4 1 3 1 2 3 0 3 0 3 3 1 0 3
   3 4 3 3 2 4 1 3 3 2 1 1 1 4 3 1]
  [0 1 2 2 4 0 2 0 1 0 1 2 3 2 3 3 4 0 0 1 1 2 0 2 2 1 3 2 0 4 3 3 0 0 3
   1 1 3 1 4 4 0 4 3 4 3 0 3 0 0 1 0 4 1 0 3 4 2 1 1 2 1 2 1 2 4 0 3 4 0
   2 3 3 4 3 3 0 3 0 2 0 4 0 2 1 1 1 1 1 3 4 2 3 3 2 3 2 0 2 2 0 2 4 4 2
   2 3 2 2 1 4 0 4 4 4 0 1 0 0 4 1]
  [0 2 2 1 0 0 3 4 2 2 2 0 1 3 2 1 2 0 2 2 0 0 1 0 1 0 4 0 0 4 2 1 1 3 2
   4 1 1 0 3 4 2 1 2 1 4 3 0 0 2 0 0 4 1 3 2 0 4 1 4 2 4 3 2 4 0 0 3 2 4
   2 2 3 2 0 3 1 0 2 1 0 1 3 4 1 2 3 0 2 0 1 3 3 1 2 4 4 1 3 0 0 0 3 2 1
   2 4 1 3 2 1 0 2 2 3 3 0 0 3 3 2]
  [0 3 1 3 3 2 4 4 2 3 1 3 0 2 4 0 3 2 4 3 0 4 1 1 4 2 2 4 2 1 3 4 4 2 2
   1 3 4 1 3 4 1 0 4 2 0 2 1 3 1 1 1 4 3 2 3 1 1 3 2 2 4 2 3 0 0 3 2 0 1
   2 0 3 3 1 0 0 0 4 2 2 2 4 0 0 0 4 1 4 0 1 0 3 0 4 1 1 1 1 2 1 0 0 1 0
   2 3 1 0 1 4 3 2 0 1 0 3 3 0 1 0]
  [0 2 0 2 0 3 3 3 0 0 0 0 0 4 2 4 3 1 2 2 2 3 4 4 1 0 4 0 3 4 0 1 3 0 0
   2 2 4 1 2 0 2 3 2 4 4 2 4 0 2 0 0 0 0 1 3 2 1 4 2 1 0 3 1 1 1 4 3 2 1
   1 0 2 0 0 4 2 2 3 1 1 0 0 4 1 1 3 4 4 1 1 4 1 3 4 0 2 4 2 3 2 2 0 0 1
   2 3 0 0 2 0 4 2 4 1 1 3 2 4 1 0]
  [0 0 0 1 1 4 0 1 2 0 4 1 0 2 0 4 4 1 2 2 4 0 2 0 3 1 2 0 2 1 0 2 2 3 3
   2 1 2 4 3 4 0 1 0 2 0 0 1 0 3 2 0 2 1 0 3 3 4 1 3 2 3 3 1 4 0 3 4 1 1
   1 0 4 1 0 1 0 3 2 4 2 3 3 2 4 1 3 1 3 1 2 0 0 2 2 4 3 4 3 3 1 3 1 3 0
   1 2 3 2 2 1 4 1 4 0 1 2 4 3 3 4]
  [0 3 3 1 4 1 2 4 1 3 3 2 2 3 1 1 4 0 3 3 2 2 2 3 3 1 2 3 3 4 0 0 3 0 2
   0 1 1 2 1 3 2 3 0 3 1 0 1 2 1 3 1 3 4 3 4 2 4 0 1 0 0 2 2 0 4 2 1 0 3
   2 0 0 3 2 3 1 2 4 3 2 4 0 1 1 1 1 4 0 2 3 3 3 1 0 1 0 1 2 2 1 3 2 4 4
   0 3 4 0 1 2 0 2 0 1 3 2 2 1 1 1]
  [0 4 0 3 4 3 4 1 2 2 0 4 4 3 0 4 3 2 1 2 0 1 2 3 3 2 0 0 1 1 1 1 0 0 3
   4 1 2 0 0 4 3 0 4 2 4 2 2 2 2 1 3 0 0 2 1 3 1 0 0 0 3 2 4 1 4 4 2 0 1
   1 3 3 0 0 2 2 2 1 2 0 3 3 1 1 2 1 1 1 4 4 0 4 4 3 2 1 0 2 0 2 1 3 2 2
   4 0 4 3 3 3 3 2 3 3 1 2 4 3 2 1]
  [0 2 0 1 4 4 0 4 0 1 4 2 1 1 1 0 3 0 4 0 3 3 4 3 4 4 0 0 1 3 0 3 3 3 1
   3 0 3 3 2 2 2 2 1 1 1 0 4 3 3 4 4 0 0 4 3 2 2 4 0 2 0 3 4 1 2 4 1 1 2
   3 4 3 1 0 0 0 0 1 4 3 3 0 2 0 3 4 4 0 1 0 2 4 4 1 3 4 4 4 3 4 4 1 2 3
   2 3 0 3 3 3 2 1 1 4 3 2 0 1 3 1]
  [0 4 4 2 2 1 4 2 1 1 4 3 4 0 2 2 1 2 3 1 2 3 1 0 4 1 2 2 4 2 2 3 3 2 3
   1 0 4 1 4 1 3 4 1 2 3 1 0 4 4 2 3 3 3 0 0 2 2 0 2 4 4 0 2 2 1 0 1 0 0
   3 4 3 2 0 2 1 4 1 4 0 2 1 4 0 1 2 3 0 1 3 2 1 4 3 4 0 0 2 3 2 0 0 4 0
   3 1 2 0 3 4 4 2 4 3 1 3 0 4 4 4]
  [0 2 1 0 3 2 2 1 3 0 1 4 3 2 0 1 0 4 4 1 1 4 2 3 2 3 2 4 3 4 0 1 1 0 1
   3 4 4 4 2 3 0 4 3 4 4 1 2 0 2 4 3 2 0 3 2 1 4 4 4 0 2 4 3 0 0 3 2 0 0
   3 3 1 0 4 2 3 4 3 3 3 1 3 0 1 4 0 2 4 4 1 2 1 4 3 3 4 0 1 0 3 4 0 2 4
   3 3 4 1 0 0 0 2 1 0 4 2 0 2 1 2]
  [0 2 1 0 2 1 1 3 4 0 3 2 4 3 0 2 0 1 2 0 2 2 1 4 4 3 3 3 2 1 1 1 4 4 0
   3 1 2 2 0 2 1 0 3 2 3 3 1 0 1 2 0 4 0 2 4 2 4 1 2 1 1 3 0 2 1 0 2 1 3
   4 4 0 0 3 0 1 1 4 2 4 3 2 0 4 0 3 1 0 3 1 2 1 3 0 1 2 2 2 1 3 4 3 3 1
   4 0 4 2 4 0 0 4 0 2 1 4 0 0 0 1]
  [0 1 0 1 4 4 0 1 0 0 4 2 4 1 0 1 0 3 2 1 2 4 1 2 3 2 3 4 3 1 1 3 4 1 4
   1 2 1 3 1 3 2 4 1 1 2 4 4 2 3 3 4 3 0 4 0 0 1 4 0 1 3 4 4 3 4 2 0 3 3
   1 3 0 3 2 1 0 3 1 2 1 1 0 0 3 3 1 0 3 0 4 3 3 2 3 2 4 1 4 0 1 1 2 1 1
   3 3 0 0 4 0 0 3 4 4 4 2 3 3 2 3]
  [0 2 2 2 1 3 3 2 2 4 4 1 4 0 4 2 0 3 4 1 4 2 3 2 0 4 0 3 2 1 0 0 2 2 1
   2 2 3 2 3 0 2 0 4 4 4 2 4 3 1 4 1 4 4 1 0 3 0 4 1 0 3 4 0 4 2 3 4 3 0
   3 0 2 4 1 1 1 4 3 3 1 4 3 2 4 2 4 3 3 1 0 4 2 2 4 3 3 1 4 3 3 2 4 3 0
   3 0 1 2 3 2 0 0 3 3 0 0 4 1 2 4]
  [0 4 3 3 4 4 0 0 1 4 1 0 1 1 2 4 1 4 3 4 2 0 3 4 1 3 0 1 4 2 1 0 2 2 2
   3 3 0 2 0 2 0 1 3 4 0 1 4 4 3 4 4 2 4 3 0 1 4 3 0 0 2 1 2 2 4 4 4 2 0
   2 4 1 4 2 4 4 4 0 3 0 2 3 3 4 3 0 4 4 2 0 1 1 4 3 4 1 3 2 1 1 4 2 4 4
   1 3 1 1 3 1 3 3 0 1 4 2 2 1 1 1]
  [0 4 0 0 4 2 1 1 2 3 2 0 0 0 1 2 0 1 3 2 3 4 1 0 1 3 0 4 4 2 4 2 4 3 0
   4 1 4 0 4 2 4 4 4 2 4 2 2 1 2 3 4 3 2 2 1 4 3 4 0 4 3 3 1 0 1 2 0 4 3
   1 4 3 4 0 4 3 0 1 1 0 1 4 1 4 1 1 3 1 0 1 2 4 1 1 1 1 2 2 2 1 3 4 2 3
   0 2 4 4 4 4 3 1 2 0 3 3 3 4 1 4]
  [0 3 1 1 0 2 3 3 2 2 0 2 3 2 1 1 4 0 2 4 2 3 0 3 4 1 3 3 2 3 0 1 2 3 2
   2 0 0 4 3 4 1 0 1 4 1 1 0 0 0 0 3 3 4 1 1 4 0 4 4 4 3 4 2 1 3 0 0 1 2
   3 3 0 4 4 2 2 4 3 4 0 1 1 3 4 0 2 1 1 2 0 2 0 0 3 3 2 2 1 4 0 0 4 0 3
   0 4 1 3 2 4 3 3 1 4 0 4 3 2 3 3]
  [0 3 2 1 0 4 1 0 1 1 0 2 4 1 3 3 1 0 0 3 2 4 3 1 2 0 1 4 3 1 0 4 3 3 3
   1 4 2 2 4 0 2 2 3 1 3 4 3 1 2 1 4 4 3 0 1 4 0 1 4 2 1 4 2 1 4 0 3 3 0
   2 3 2 4 3 2 1 1 2 2 1 4 2 2 3 2 4 0 2 2 4 4 2 1 0 1 3 4 1 0 1 3 3 0 4
   3 2 2 3 2 1 4 4 0 2 4 0 4 3 0 4]
  [0 2 4 0 2 4 4 2 0 1 4 4 0 0 0 1 4 0 4 2 1 1 4 3 3 0 0 1 3 2 2 2 0 0 2
   1 4 2 4 1 4 0 2 3 1 2 4 4 4 0 0 1 0 3 0 4 2 3 1 1 2 1 4 4 2 3 2 1 4 0
   0 3 2 1 3 4 3 3 2 2 0 2 3 2 3 0 4 4 4 3 1 2 2 1 1 3 2 3 4 0 2 4 4 3 3
   2 3 2 3 1 3 0 2 0 2 4 0 0 1 2 0]
  [0 2 1 4 4 4 3 0 1 1 1 2 4 4 3 0 0 1 0 3 2 4 2 1 1 2 4 3 0 1 0 0 0 0 2
   0 0 4 2 2 1 2 4 2 0 3 4 0 0 4 3 2 2 4 0 4 3 3 1 4 1 3 0 2 4 3 0 0 1 0
   1 2 4 2 4 1 3 3 0 2 0 0 1 2 4 0 3 0 0 3 2 0 0 3 2 4 2 3 2 0 4 2 2 0 2
   2 3 2 4 0 1 4 4 2 3 1 2 2 0 4 0]
  [0 1 0 2 0 1 3 4 2 2 1 4 3 4 1 4 0 4 0 2 1 3 0 1 1 2 4 4 0 4 2 1 4 0 4
   1 0 0 4 1 0 3 2 4 1 4 0 0 1 0 0 0 3 0 3 4 0 2 2 0 4 3 4 0 2 2 3 4 3 3
   4 4 1 3 2 0 3 2 1 1 0 2 0 2 3 1 1 0 4 0 1 3 0 3 2 4 0 2 1 2 0 0 0 4 2
   3 4 4 4 1 0 3 3 3 3 2 1 2 4 0 4]
  [0 4 0 4 3 1 3 1 0 1 0 1 2 3 4 3 1 4 2 2 3 4 0 0 1 2 3 3 1 1 3 4 0 0 0
   0 1 1 2 1 2 3 0 0 0 2 2 0 3 1 2 3 1 4 3 3 4 1 0 4 4 2 4 3 4 2 0 2 4 3
   4 2 3 2 1 2 0 1 4 3 4 2 0 3 0 4 3 1 4 0 0 4 0 4 1 3 4 4 1 0 4 3 4 2 2
   3 3 1 1 3 1 3 0 1 0 0 2 3 4 2 0]]

 [[0 4 3 0 0 1 3 3 1 1 1 2 1 3 1 4 0 3 0 4 1 0 0 2 0 0 3 1 1 3 2 1 1 4 4
   0 0 0 3 1 2 4 0 4 4 3 4 4 1 4 0 2 2 4 3 2 1 3 0 2 4 0 1 3 0 3 2 2 0 1
   0 0 0 0 2 1 0 4 0 2 4 4 3 1 2 3 3 2 3 3 3 2 2 4 1 4 2 4 0 3 0 1 2 4 1
   0 4 4 1 3 0 2 2 4 2 4 4 4 1 2 4]
  [0 0 0 2 2 2 3 4 0 4 4 3 1 1 3 4 3 3 4 4 1 4 3 1 4 2 2 0 2 3 2 3 1 1 1
   4 4 2 2 3 2 4 1 1 0 1 2 2 2 2 4 1 3 1 4 4 0 4 3 0 3 4 4 2 4 4 3 4 3 2
   0 3 2 2 2 4 4 3 2 2 1 0 3 3 0 2 0 3 4 2 4 0 2 4 1 1 2 2 0 3 2 1 1 0 0
   1 0 1 1 3 4 3 1 3 2 2 2 2 2 0 4]
  [0 3 0 1 3 4 1 2 4 1 1 1 3 4 0 4 0 3 2 4 4 2 4 2 1 0 0 4 4 1 0 4 4 0 3
   1 1 4 2 3 4 3 2 3 1 2 1 1 0 3 2 3 2 4 2 0 2 4 0 1 2 1 1 0 3 0 1 3 2 0
   0 2 0 0 3 3 0 1 3 1 4 1 0 0 4 1 3 0 0 1 3 4 3 4 4 4 1 2 3 3 0 2 0 2 3
   2 3 1 4 3 2 1 4 0 3 2 2 4 2 1 1]
  [0 3 2 0 4 2 3 2 1 0 4 2 3 3 1 3 0 3 2 4 3 2 1 1 2 4 2 2 0 1 3 2 4 3 2
   3 0 3 1 2 3 4 0 4 2 2 0 0 4 2 2 0 4 2 1 0 3 3 0 1 0 3 3 3 2 0 4 4 2 0
   0 3 4 3 3 0 1 1 4 4 3 0 3 2 0 2 1 1 3 0 3 2 0 0 1 2 3 0 4 3 1 1 2 2 3
   1 4 1 4 1 2 4 0 4 1 2 0 1 0 3 3]
  [0 3 3 4 0 1 1 0 1 4 1 4 1 4 4 1 3 3 4 0 0 2 4 0 3 0 4 3 2 3 3 3 2 0 0
   1 3 0 0 0 3 3 1 4 2 0 1 0 4 4 1 2 1 1 4 0 4 3 4 0 0 0 2 3 4 1 4 0 1 4
   1 1 3 3 0 0 0 2 3 3 4 4 3 3 4 1 0 0 2 4 3 4 4 4 3 4 2 1 2 3 0 2 2 0 3
   2 1 1 4 2 2 2 3 1 1 0 1 0 1 0 4]
  [0 0 2 2 1 0 4 0 4 0 3 3 3 3 2 4 2 2 1 4 3 4 4 3 0 4 0 1 0 4 1 3 0 1 4
   4 4 4 1 3 3 3 3 3 3 0 0 4 3 0 1 2 4 4 1 4 2 3 1 2 3 1 0 3 3 0 0 0 0 4
   4 2 0 4 1 1 4 0 3 1 2 3 0 2 2 1 2 3 3 1 3 1 4 1 0 2 3 4 3 1 2 4 0 0 1
   2 0 3 4 1 0 2 2 2 2 4 1 0 0 1 0]
  [0 3 2 3 4 2 0 3 1 0 1 4 2 4 0 2 4 2 0 4 2 4 2 4 0 1 3 3 4 2 4 2 4 0 1
   1 3 1 3 0 2 3 0 2 4 4 3 4 0 1 3 0 0 4 2 2 3 1 1 4 2 1 4 2 0 3 1 3 2 0
   3 4 2 3 1 4 3 0 2 3 3 1 0 1 4 3 2 1 0 4 0 4 3 4 1 0 0 0 0 1 2 0 4 1 4
   1 1 2 2 1 2 4 3 3 1 2 4 4 4 4 2]
  [0 0 3 1 0 1 0 0 0 0 2 0 4 2 0 2 4 3 1 0 2 0 2 2 4 3 3 3 4 2 1 3 3 1 3
   0 2 4 2 0 3 4 3 3 0 2 0 1 3 3 2 3 3 3 4 2 2 4 0 0 2 1 0 0 4 4 4 3 1 4
   4 0 4 0 2 3 4 3 0 3 1 4 2 4 0 3 2 2 0 3 4 3 0 1 4 2 1 4 0 4 3 4 1 2 1
   3 4 3 1 4 4 0 3 3 3 0 3 2 0 2 2]
  [0 0 0 2 0 2 2 0 0 1 3 3 0 3 1 3 1 0 0 4 3 0 2 1 3 4 1 0 1 1 1 1 3 3 0
   4 0 3 0 1 2 2 1 2 4 1 3 3 2 0 3 4 0 4 0 4 1 0 1 2 2 1 4 3 0 3 1 4 1 0
   2 2 4 0 0 3 3 1 4 4 1 2 1 4 2 3 1 4 3 1 0 4 4 3 0 2 1 1 2 3 0 2 1 1 3
   0 2 1 1 0 2 3 0 4 0 0 3 2 4 4 2]
  [0 2 3 0 1 2 3 3 0 0 4 1 4 4 1 4 4 4 2 0 2 2 2 3 1 0 3 4 4 1 4 3 1 4 3
   1 2 3 0 0 4 1 3 0 3 0 3 4 1 4 2 4 2 1 3 0 0 2 4 0 2 4 2 2 3 0 3 0 2 2
   3 0 3 4 4 1 0 3 2 3 4 1 1 2 0 3 3 0 4 0 2 2 2 3 2 0 4 1 4 3 2 2 0 1 2
   1 4 0 4 4 1 1 1 4 1 2 3 1 4 0 3]
  [0 0 3 4 2 3 3 0 2 1 0 2 2 4 4 1 4 4 2 0 1 2 1 3 2 0 0 4 4 4 0 0 1 3 4
   3 4 1 1 3 3 4 1 2 1 4 1 1 4 0 2 3 4 3 0 0 3 1 4 1 4 2 1 4 3 2 4 2 0 0
   0 2 0 1 2 3 2 0 4 2 4 0 3 1 1 4 1 1 4 1 3 4 4 2 3 0 0 3 1 3 1 1 1 1 2
   4 1 0 3 4 1 4 0 3 2 0 2 0 3 4 3]
  [0 1 3 0 3 1 4 4 1 1 3 0 0 0 4 0 3 2 3 0 2 1 3 2 1 1 4 1 3 3 0 1 4 3 0
   4 1 3 3 4 2 0 3 2 2 1 1 1 0 3 4 0 1 2 3 0 1 4 3 2 0 1 4 1 1 2 0 0 1 4
   4 0 2 2 2 0 1 3 2 4 3 1 0 1 1 3 2 2 2 4 1 0 1 2 0 3 2 3 0 2 4 0 3 3 2
   1 2 3 3 3 4 0 2 1 1 0 0 4 3 3 3]
  [0 2 0 4 4 1 1 1 4 2 2 3 0 3 4 3 3 2 0 0 1 0 3 3 1 0 4 3 1 4 3 0 1 2 3
   1 1 1 1 2 1 3 1 3 4 4 3 2 0 3 1 0 4 4 3 4 0 1 0 1 2 3 4 1 3 3 4 4 0 0
   4 3 2 0 4 4 1 3 0 0 3 4 2 0 3 3 2 2 2 1 4 0 2 3 2 2 4 1 0 2 4 1 1 4 3
   1 2 4 1 3 4 3 4 1 2 3 3 3 4 1 0]
  [0 3 3 2 4 4 0 2 1 4 1 0 1 0 4 1 3 1 1 0 2 1 2 4 3 4 1 2 4 1 4 1 4 1 2
   0 4 0 4 2 3 3 2 3 4 0 0 2 1 2 3 0 1 0 4 1 2 4 2 1 2 4 3 4 1 0 0 3 2 4
   1 3 4 0 0 2 3 4 4 2 1 1 2 3 1 3 0 4 4 0 0 4 0 1 2 4 0 2 4 3 3 4 1 4 0
   0 0 3 0 2 3 0 2 4 4 3 3 1 2 2 4]
  [0 4 2 4 0 1 0 3 4 3 4 1 1 3 0 2 0 0 4 4 3 1 2 3 2 2 1 3 1 0 4 0 1 3 2
   4 0 0 1 1 4 2 4 0 1 4 3 1 1 2 0 0 3 0 3 4 1 3 3 1 2 0 0 4 3 1 1 0 0 3
   1 2 3 1 4 1 1 3 3 3 2 1 2 3 3 1 4 0 1 3 4 2 1 0 1 2 2 1 3 3 3 0 4 3 0
   4 0 1 4 4 4 2 0 1 4 3 4 4 0 1 3]
  [0 0 1 1 3 4 3 1 2 2 4 0 0 0 3 0 3 4 2 0 3 1 2 2 1 2 4 0 0 1 3 1 1 1 0
   3 4 4 1 3 4 1 1 3 2 0 3 0 3 1 4 1 3 3 3 2 1 1 2 2 1 4 4 2 2 1 1 4 2 1
   3 4 2 1 3 0 2 0 0 2 2 2 4 0 1 0 0 0 1 3 1 3 4 4 2 0 3 0 4 4 1 3 2 2 2
   4 1 2 3 0 4 2 4 3 2 0 1 3 3 1 1]
  [0 0 4 1 4 0 1 0 1 2 1 4 3 1 3 4 0 4 2 4 4 3 1 2 1 4 0 1 0 1 3 2 4 4 1
   3 0 4 0 4 3 2 4 2 2 0 1 4 0 3 1 1 2 0 0 2 3 4 0 1 2 2 1 2 2 3 4 0 2 2
   4 3 0 0 1 2 4 3 0 0 3 2 0 2 0 4 2 1 0 3 0 2 2 1 4 3 1 2 3 1 3 1 2 4 3
   2 2 2 0 4 2 3 0 2 3 1 3 2 1 0 2]
  [0 4 3 3 2 3 1 0 1 4 4 4 4 0 2 3 3 0 1 1 3 0 2 1 3 1 1 1 0 3 4 0 4 0 2
   2 1 2 4 1 1 1 4 3 0 1 3 0 2 2 4 4 4 0 2 1 1 3 4 3 2 0 1 0 3 3 1 4 0 0
   4 1 1 0 4 4 2 2 3 3 1 3 2 3 3 0 3 4 4 0 4 4 0 1 3 1 3 4 2 3 4 3 2 2 0
   1 2 2 4 1 1 1 1 3 0 0 0 4 2 0 3]
  [0 4 2 4 2 0 1 4 2 2 1 4 3 4 2 4 4 4 0 3 2 1 1 4 0 0 3 3 3 2 0 3 1 4 2
   3 1 1 3 2 4 2 0 3 0 3 2 0 3 2 4 1 2 2 0 4 3 4 0 2 1 2 0 3 0 2 2 2 4 0
   0 0 3 2 4 0 3 1 2 3 0 0 1 4 4 4 1 1 2 4 1 2 4 1 4 4 4 3 1 2 2 2 0 3 1
   0 1 0 1 1 2 1 1 0 2 4 0 4 4 1 3]
  [0 2 3 1 3 1 4 4 1 4 2 0 0 1 4 4 0 4 3 0 2 1 1 1 1 2 2 4 4 1 1 4 0 1 1
   4 3 1 2 3 3 1 0 2 1 3 4 4 0 1 4 0 2 1 3 4 1 1 4 2 2 3 2 1 1 1 4 4 0 4
   2 2 3 2 4 2 4 1 4 0 3 2 1 4 0 1 1 4 3 1 4 3 3 1 4 2 4 0 0 0 2 3 0 3 1
   1 2 3 0 4 4 4 3 0 0 3 2 4 3 2 4]
  [0 2 1 3 1 1 1 1 4 1 4 0 0 4 1 1 1 3 2 0 0 3 2 4 1 0 0 1 4 2 3 2 3 2 4
   2 4 0 1 2 0 4 0 3 1 2 3 3 4 0 3 2 3 4 0 1 1 0 2 2 2 1 4 0 1 3 3 1 3 1
   2 2 3 2 3 1 4 2 1 0 1 0 2 2 2 0 1 0 2 3 2 3 2 4 0 2 3 3 1 4 0 0 4 3 0
   2 2 2 0 0 0 0 4 1 3 2 3 3 4 0 2]
  [0 2 3 1 4 0 0 4 2 2 3 4 0 4 0 4 4 3 0 0 3 0 4 0 0 2 3 1 2 1 1 3 2 1 1
   3 3 3 3 1 0 1 4 1 2 1 1 3 4 3 4 3 3 4 1 4 4 1 1 1 3 3 3 0 4 1 2 4 1 2
   2 2 1 2 1 2 1 3 4 3 0 3 2 2 4 2 3 1 3 1 4 3 0 0 3 0 0 1 0 2 2 0 2 0 2
   1 2 2 3 2 1 2 0 4 0 4 1 1 1 0 0]
  [0 4 0 3 3 2 4 2 3 4 1 1 3 3 1 2 0 0 1 2 3 4 0 2 2 2 0 0 1 4 2 1 1 4 0
   2 3 3 0 2 1 3 3 0 4 0 4 1 0 4 4 1 3 0 4 3 4 3 1 4 1 3 4 3 4 2 1 4 2 4
   3 3 0 1 0 1 4 2 2 1 1 0 2 4 3 1 0 0 2 2 3 3 0 3 4 0 4 1 4 1 0 0 1 1 2
   2 4 3 2 0 2 2 4 4 2 3 3 2 2 2 2]
  [0 1 3 4 2 0 1 1 1 0 1 0 4 4 2 0 0 3 0 0 3 1 4 0 4 3 3 0 2 2 0 4 0 4 4
   3 0 2 0 0 1 3 3 4 3 2 4 4 4 2 0 3 2 0 3 3 2 1 1 3 1 3 0 1 3 3 0 2 3 0
   1 2 0 2 2 4 2 3 3 2 2 3 4 2 3 3 3 2 2 1 3 3 0 0 2 1 2 0 3 2 4 2 2 0 3
   2 3 3 2 3 1 2 1 3 4 0 2 0 4 2 3]
  [0 3 0 2 0 4 4 4 1 0 3 0 4 1 2 4 3 2 3 1 1 4 2 3 0 3 4 2 4 4 4 0 0 3 2
   1 1 2 3 0 2 3 2 0 2 2 2 4 1 3 3 1 1 4 1 3 1 0 4 3 1 1 1 3 0 0 2 1 3 1
   2 1 4 2 2 2 3 2 0 4 1 2 0 1 0 2 2 4 2 2 2 3 2 1 1 0 3 0 3 2 1 0 3 0 1
   3 0 3 0 4 0 0 1 4 0 1 3 2 0 3 0]
  [0 3 1 2 2 2 4 4 3 1 1 4 3 0 2 4 0 3 3 4 0 2 0 1 1 0 3 4 3 0 1 0 1 4 3
   3 0 2 4 2 3 1 4 4 3 1 4 3 3 3 1 0 2 0 3 3 3 0 4 0 4 2 0 0 1 1 0 1 0 2
   1 1 3 1 0 3 1 3 0 3 4 2 4 2 1 0 0 2 0 0 2 4 4 1 0 2 0 4 4 3 4 3 0 0 3
   4 2 4 4 0 4 1 4 0 2 4 1 3 3 1 4]
  [0 0 4 0 4 2 1 3 2 1 4 4 4 2 1 2 4 2 1 2 1 0 1 4 4 1 0 2 3 0 3 2 0 0 4
   2 0 0 4 2 2 3 2 0 1 0 1 4 2 0 3 1 1 2 4 2 1 0 0 0 2 0 4 2 4 4 3 3 3 0
   4 2 0 0 4 1 2 1 3 4 1 1 2 3 0 4 1 0 3 3 4 2 1 3 4 3 2 2 0 3 3 2 2 2 2
   0 1 4 1 2 4 0 1 2 0 0 3 2 1 3 0]
  [0 0 3 3 0 0 1 2 0 1 4 3 4 0 4 4 3 3 0 3 3 0 4 1 3 4 4 0 1 4 1 3 1 0 1
   1 2 4 3 3 1 0 2 3 4 4 1 4 2 4 0 4 1 1 0 2 1 1 2 2 2 2 1 4 3 4 3 2 1 4
   1 2 4 1 2 4 0 3 4 0 2 1 4 1 1 2 3 2 1 2 0 2 2 2 4 2 1 4 0 2 0 2 2 0 4
   2 1 1 3 1 3 3 2 3 2 2 1 0 2 1 4]
  [0 2 3 0 1 2 2 4 2 4 2 1 4 1 0 1 4 4 2 4 4 4 0 4 2 1 4 3 0 2 3 1 4 2 4
   3 1 1 2 2 3 0 0 1 0 0 2 1 2 0 2 3 1 3 3 3 0 4 1 3 1 0 1 1 0 1 3 4 3 3
   0 2 4 0 4 2 4 2 1 1 0 4 4 2 0 3 2 4 0 1 2 1 1 3 4 0 3 3 4 1 0 3 2 1 1
   1 4 1 3 4 3 4 2 0 3 2 2 1 2 3 1]
  [0 1 3 1 3 3 3 4 1 2 1 4 2 1 0 0 1 0 4 1 4 0 3 1 0 3 3 3 3 0 1 0 3 2 4
   4 3 0 3 2 1 3 4 4 0 4 4 2 0 2 2 0 3 1 3 4 2 1 0 3 3 2 3 1 2 0 3 2 1 2
   2 0 3 1 0 3 2 0 1 3 0 4 2 1 4 0 3 4 0 3 4 2 0 2 4 1 2 4 1 4 0 3 2 4 3
   0 3 3 3 1 0 2 3 2 0 2 1 4 0 1 0]
  [0 0 3 3 4 2 0 2 1 2 4 2 4 4 0 2 1 4 4 0 2 2 2 2 1 2 2 1 3 0 0 0 1 2 1
   2 2 2 3 4 3 0 0 2 4 4 3 2 2 1 2 1 0 1 2 2 2 4 1 4 1 4 2 1 4 4 0 3 1 3
   3 1 3 3 2 0 4 0 2 3 1 0 0 3 1 0 0 1 4 4 1 2 2 3 0 3 0 2 0 3 1 2 1 4 4
   3 1 1 1 1 4 0 3 3 4 3 0 0 0 3 1]
  [0 0 3 2 4 4 4 4 0 4 0 1 1 2 1 1 1 3 3 4 1 2 2 4 4 0 2 3 3 2 1 0 1 4 4
   0 4 0 4 4 1 3 3 1 2 0 2 1 1 1 0 2 4 3 3 0 3 4 1 1 1 1 1 4 0 1 4 4 3 1
   0 4 3 0 1 3 3 0 0 0 0 0 2 3 1 1 1 0 2 1 0 0 0 4 1 0 2 2 2 0 0 2 4 2 0
   2 2 1 1 1 1 4 4 3 0 3 1 4 3 0 3]
  [0 4 4 2 4 2 0 3 4 4 4 4 0 1 2 0 3 0 2 2 2 3 2 1 0 3 0 0 2 3 1 3 0 2 4
   3 0 3 0 0 3 0 3 4 3 3 3 0 1 1 2 4 2 3 0 3 4 1 1 4 2 2 4 1 1 3 3 2 0 1
   1 4 3 2 3 2 0 3 2 1 2 4 1 2 2 4 2 3 3 4 1 3 0 2 0 0 2 1 3 0 0 0 4 1 2
   4 1 4 4 2 0 3 1 2 3 0 0 3 1 0 4]
  [0 1 2 3 4 1 3 0 4 2 3 4 4 4 0 3 1 2 4 3 1 4 3 0 1 0 2 3 4 0 2 4 4 0 0
   0 0 0 1 3 3 3 2 0 3 1 4 0 1 4 3 2 1 1 0 4 2 2 2 3 2 4 2 1 0 1 1 1 4 4
   3 4 1 2 4 4 0 0 4 2 1 0 3 2 3 2 4 1 2 0 4 4 0 0 3 4 0 2 2 1 3 4 0 4 2
   2 2 0 3 2 3 4 3 1 3 1 4 1 2 0 2]
  [0 2 3 4 4 3 2 0 0 2 0 4 0 0 3 1 1 2 0 2 4 2 4 3 4 2 2 2 3 2 1 3 3 3 0
   1 4 2 2 0 3 1 2 2 0 0 4 4 0 1 1 4 0 4 4 1 4 0 2 3 2 1 1 2 3 1 4 4 0 1
   1 1 0 0 0 1 4 2 2 4 0 0 4 4 1 1 4 2 0 0 1 1 0 0 3 4 4 2 2 0 4 4 4 0 0
   2 3 0 0 1 3 0 0 4 2 1 2 1 0 0 4]
  [0 4 1 2 2 2 4 2 0 0 2 4 2 3 3 3 1 2 3 2 0 3 3 0 2 2 3 0 1 4 3 2 1 1 0
   0 0 1 0 4 0 1 4 4 0 4 4 0 2 4 0 2 1 3 2 3 0 1 0 4 4 4 4 4 2 0 0 4 3 1
   2 1 1 1 0 2 4 1 4 3 2 2 3 3 2 3 3 1 0 4 4 1 3 1 3 3 1 3 0 1 3 2 3 4 4
   1 4 3 3 1 4 0 3 0 1 2 1 1 4 4 1]
  [0 4 4 0 2 2 1 2 1 0 1 4 3 3 1 2 0 2 1 4 3 3 1 2 1 2 4 2 0 1 2 3 2 0 3
   2 0 4 4 1 1 0 0 4 1 1 4 2 2 1 4 2 3 3 2 2 0 4 4 4 3 2 3 1 3 3 2 4 2 2
   2 1 4 2 0 0 0 3 4 4 4 4 3 0 1 0 3 3 3 3 2 4 4 3 3 4 0 0 4 3 2 1 4 3 4
   0 3 2 2 2 3 2 0 2 4 3 2 1 0 3 1]
  [0 3 1 3 0 3 4 1 1 2 3 3 3 2 2 3 2 4 3 1 1 1 0 0 1 4 3 3 1 1 2 3 3 0 1
   0 0 0 1 0 1 3 1 1 2 2 0 3 1 4 3 2 4 0 3 2 1 3 3 0 2 2 3 1 1 1 1 3 0 4
   1 1 4 1 1 2 0 2 0 4 3 0 4 3 0 1 3 2 2 2 4 0 2 2 0 1 3 2 0 4 3 4 0 3 4
   2 0 1 1 2 0 3 2 0 2 2 4 3 3 1 3]
  [0 1 2 0 0 1 3 4 3 4 2 0 3 2 0 3 3 2 2 4 0 1 0 4 3 0 0 2 4 0 0 4 0 3 3
   3 0 1 0 3 3 2 0 4 4 3 3 0 0 0 1 1 4 2 1 1 4 2 3 4 3 2 1 2 1 0 2 1 4 1
   4 3 4 4 2 2 0 3 2 3 1 1 1 1 4 4 0 2 4 3 1 1 1 1 2 2 0 0 3 0 0 4 0 2 3
   3 1 0 1 2 1 3 4 0 2 0 3 3 0 2 3]
  [0 0 3 3 3 1 2 0 3 2 0 0 4 4 2 3 0 0 1 2 3 4 2 4 3 3 2 0 0 1 3 3 0 3 1
   4 1 2 4 0 3 4 4 4 2 2 0 1 0 4 3 1 3 0 1 1 4 4 4 3 0 4 1 1 3 0 0 4 1 3
   3 2 0 1 0 2 2 3 0 3 0 2 3 1 3 0 1 3 2 3 2 0 3 2 4 4 3 1 1 2 4 2 4 1 2
   3 1 3 1 4 3 4 1 2 1 4 4 0 0 3 2]
  [0 2 4 0 2 2 3 3 3 4 0 3 0 2 0 3 3 4 4 4 0 2 1 2 0 1 2 1 2 2 4 0 1 1 3
   0 3 0 4 1 0 4 2 0 2 4 1 1 4 4 4 3 2 1 2 3 1 3 0 0 4 4 0 2 1 2 3 0 0 1
   4 4 3 4 3 0 4 2 1 0 3 1 1 3 0 4 3 2 4 4 3 0 0 1 1 0 4 2 4 2 2 0 4 0 0
   0 0 4 1 4 2 2 1 3 0 0 4 2 2 2 4]
  [0 2 2 1 3 0 0 0 2 0 2 2 0 0 3 3 2 2 4 2 2 3 4 2 3 1 3 2 4 2 4 0 1 3 4
   1 0 3 0 3 1 0 3 2 0 1 1 2 1 1 1 2 3 3 2 2 2 0 3 2 3 4 3 2 2 4 4 0 4 2
   2 0 4 0 3 4 2 0 2 2 1 2 3 0 4 3 2 2 4 1 2 1 4 2 4 4 4 1 1 4 3 0 3 3 4
   4 1 1 4 4 0 3 2 0 3 0 3 1 4 0 1]
  [0 4 2 4 2 4 2 2 1 1 1 1 4 1 4 4 2 4 1 0 2 3 3 2 2 1 1 0 2 4 4 3 0 0 2
   1 1 4 2 4 2 3 0 2 0 3 3 4 3 0 2 2 1 3 3 2 3 1 4 2 2 1 3 2 0 2 4 1 2 0
   1 0 3 1 0 1 1 0 4 4 2 2 1 4 0 2 2 3 1 2 1 4 2 1 4 1 3 4 2 1 0 0 0 2 4
   2 1 2 4 2 0 3 3 4 4 2 3 1 4 1 2]
  [0 2 0 4 0 1 3 3 4 4 3 1 2 1 0 2 4 1 1 1 0 0 3 3 2 0 3 1 1 1 3 0 4 4 0
   2 2 2 1 3 1 3 4 0 3 3 1 1 2 1 2 1 0 3 0 0 1 3 1 4 4 3 1 0 4 0 3 3 3 0
   1 4 3 0 1 0 0 3 1 0 2 4 0 3 0 4 3 4 2 1 1 2 4 1 4 1 3 2 1 3 4 4 3 1 3
   0 1 0 3 4 1 4 2 2 4 2 3 0 1 4 2]
  [0 1 1 1 2 4 0 1 3 4 2 3 1 0 4 3 4 1 2 4 0 2 1 2 3 1 4 4 0 4 2 0 1 1 4
   0 0 4 3 1 4 0 1 0 0 1 0 3 3 4 0 3 0 2 4 3 4 4 4 4 1 2 4 2 4 4 1 4 2 4
   1 4 0 0 2 4 3 2 4 0 1 2 0 0 3 2 0 3 3 2 4 4 1 3 0 0 2 2 4 2 0 3 4 4 3
   1 1 0 4 4 1 4 0 0 4 1 4 3 0 2 1]
  [0 3 3 4 1 4 4 2 1 3 2 4 0 3 3 2 2 1 3 2 2 3 4 0 3 4 0 4 0 3 2 2 4 1 2
   4 2 3 4 4 0 0 4 1 2 0 2 2 4 1 4 3 3 0 3 2 2 2 3 0 1 2 2 2 3 4 3 4 4 2
   1 0 3 1 0 2 4 2 1 2 0 4 0 2 3 2 3 4 0 0 3 1 0 2 2 2 3 1 4 0 2 3 4 3 1
   2 4 1 4 0 1 0 1 0 2 4 0 2 1 4 3]
  [0 1 1 3 4 4 0 4 1 4 2 4 4 3 1 3 0 1 3 3 0 1 1 4 3 1 4 2 2 4 2 4 0 0 0
   2 4 4 1 0 1 2 0 1 3 0 0 3 4 0 1 1 0 0 4 3 3 4 1 3 4 1 4 3 0 3 0 0 2 4
   2 3 0 1 3 1 0 3 3 1 1 0 1 1 2 4 3 0 3 4 0 3 4 1 2 3 4 4 4 0 0 1 1 3 3
   4 2 1 4 0 0 0 0 2 0 4 0 2 0 0 4]
  [0 2 0 0 0 0 1 4 4 0 0 2 1 2 1 2 2 0 1 3 4 2 0 4 2 2 3 4 1 1 3 3 2 3 4
   1 1 1 2 1 2 0 4 0 4 2 0 0 2 1 3 1 4 2 0 0 1 3 4 1 0 3 2 1 3 0 4 4 3 1
   3 3 3 2 1 1 1 4 1 1 0 0 3 1 1 4 0 3 2 3 1 3 2 0 3 4 3 4 0 4 0 4 3 4 4
   3 1 2 3 4 2 2 1 1 3 4 1 4 1 1 2]
  [0 0 0 0 3 3 3 3 3 3 1 1 4 2 4 1 3 0 0 4 4 0 4 1 3 0 3 4 4 4 4 2 0 1 2
   1 4 3 1 0 3 2 3 0 3 0 3 4 0 3 4 2 1 3 3 3 0 4 4 0 1 3 2 2 1 3 3 3 1 1
   3 4 1 0 2 4 4 4 1 3 1 2 2 3 4 2 3 4 3 1 2 4 1 3 2 3 2 3 3 1 1 1 1 4 4
   0 0 3 4 2 2 4 4 4 4 2 0 3 3 0 0]
  [0 3 0 4 4 1 0 2 3 2 4 0 2 0 0 0 2 4 0 4 2 4 4 1 2 1 1 1 1 4 4 2 3 2 3
   4 2 1 0 3 1 1 4 3 4 1 4 0 2 0 0 0 3 4 4 2 0 2 4 1 3 1 1 3 2 3 0 0 3 1
   4 3 2 3 3 0 4 2 3 0 4 0 4 0 0 0 4 0 1 2 3 4 1 2 2 3 3 3 1 0 1 0 2 2 4
   1 0 0 1 4 4 2 0 1 3 3 4 4 1 3 3]
  [0 0 2 4 4 0 0 4 1 2 4 0 2 1 1 4 4 4 2 2 1 4 2 4 4 3 0 1 4 0 0 3 3 3 4
   4 0 0 4 0 3 1 0 3 4 4 0 0 4 0 0 2 2 3 3 4 3 0 0 3 4 2 4 3 1 0 0 2 1 4
   3 2 1 2 1 1 3 0 4 4 1 0 4 1 0 2 2 3 1 2 4 4 4 4 1 3 4 2 2 4 1 2 2 4 1
   2 1 4 1 2 4 4 0 0 3 0 1 1 4 2 3]
  [0 4 2 0 1 0 3 0 2 0 0 3 2 3 3 0 0 1 0 1 1 4 1 0 0 3 3 0 1 4 1 4 4 4 1
   4 0 0 0 3 2 0 3 4 3 0 0 4 3 4 2 0 3 3 3 1 1 2 1 0 1 1 2 3 0 1 4 0 0 0
   1 4 4 4 2 3 3 1 1 0 4 2 4 4 3 4 3 2 0 1 1 4 3 4 2 4 4 4 2 2 3 3 2 0 2
   4 3 2 3 1 0 3 0 2 0 1 1 3 4 1 1]
  [0 2 4 0 1 3 0 2 4 2 0 1 0 0 3 3 2 1 1 2 0 3 1 0 2 4 1 1 4 4 4 2 0 3 4
   3 1 4 3 4 0 0 1 1 2 4 1 2 3 3 0 4 0 0 2 1 0 4 3 3 3 2 2 0 0 0 3 2 0 3
   2 0 3 0 3 3 0 3 0 3 4 4 1 4 2 4 1 3 2 1 1 0 2 2 4 3 2 2 2 4 4 0 0 1 2
   4 3 0 2 3 0 0 3 1 0 2 1 3 4 1 4]
  [0 2 2 3 1 3 4 0 3 4 1 2 1 0 4 2 3 0 2 3 1 2 4 4 2 4 4 3 2 2 0 2 1 1 2
   4 4 4 4 4 1 1 0 3 3 3 2 2 0 3 2 0 3 0 0 2 2 1 2 4 2 3 1 2 0 0 2 3 3 3
   4 0 0 2 4 1 1 3 4 1 2 2 1 0 2 3 1 1 0 4 1 0 3 4 1 1 1 0 1 4 3 2 1 2 4
   2 1 1 0 0 0 0 1 1 3 1 4 1 1 0 0]
  [0 1 3 4 1 4 4 2 3 4 1 1 1 3 4 4 4 1 4 0 0 1 0 4 1 1 2 4 0 4 0 3 3 0 3
   4 4 0 3 0 2 2 3 3 3 1 2 1 1 1 2 3 1 0 0 3 2 4 2 3 4 3 0 0 4 2 1 0 1 1
   3 4 4 2 1 1 2 1 2 1 1 0 4 2 4 4 0 1 4 3 0 0 0 4 3 0 0 3 3 4 0 3 1 1 2
   1 3 1 1 1 4 4 4 3 1 1 1 3 0 0 1]
  [0 4 2 1 0 2 2 1 3 4 4 2 3 4 2 3 0 3 4 3 0 1 4 1 1 1 2 2 4 3 2 1 3 3 2
   3 1 2 3 0 2 1 2 3 3 3 3 1 0 2 3 0 4 0 3 0 4 0 2 1 0 3 2 0 3 2 2 3 3 3
   0 1 0 0 4 3 3 3 1 4 3 0 4 2 2 4 4 0 1 1 1 4 3 0 2 0 1 3 1 0 1 3 4 0 2
   0 2 2 3 3 1 4 3 4 3 0 1 0 0 3 0]
  [0 3 2 0 1 1 1 4 1 4 0 1 0 3 3 0 1 4 2 0 3 1 4 3 4 4 1 3 4 2 3 0 0 1 1
   1 3 0 2 0 4 0 0 0 3 4 1 2 2 1 1 3 3 4 2 0 0 1 1 1 3 2 3 4 2 1 0 0 4 2
   1 1 0 1 2 2 2 1 0 0 3 0 0 2 0 4 1 3 4 4 0 0 0 4 1 1 4 1 4 0 0 0 4 2 3
   2 4 4 1 3 2 0 4 1 4 3 3 4 1 2 2]
  [0 2 4 1 0 3 2 1 4 1 4 1 3 0 4 4 3 0 3 3 3 3 1 0 1 1 2 4 4 3 3 3 2 0 1
   1 4 0 3 3 0 2 0 3 3 4 3 2 4 2 3 3 3 2 2 3 0 0 0 1 3 0 2 4 3 4 0 1 1 4
   1 2 0 4 1 2 0 1 4 2 2 1 1 2 2 1 1 0 1 1 0 3 3 3 1 0 1 1 4 2 0 0 3 1 2
   3 4 1 4 0 4 1 2 2 0 0 3 4 3 2 3]
  [0 3 2 0 2 2 1 1 3 0 4 4 2 3 2 3 0 3 3 4 1 3 1 4 1 3 3 4 4 4 2 3 3 1 4
   4 1 2 4 1 1 1 0 1 0 0 0 0 1 1 3 2 3 4 3 2 0 1 0 4 0 2 2 4 4 1 2 4 2 0
   3 0 3 1 3 0 0 2 2 4 3 0 3 3 2 0 0 1 1 1 4 4 3 0 3 2 1 3 1 1 0 1 2 0 3
   2 1 2 2 2 4 3 0 2 3 3 0 1 3 0 0]
  [0 3 3 2 4 2 0 2 4 1 1 0 1 4 2 4 0 1 4 1 0 0 4 3 1 4 3 3 4 2 2 3 4 1 3
   4 1 4 2 0 4 2 1 4 0 2 4 1 2 4 3 2 1 3 2 3 1 4 1 0 2 2 0 0 4 3 4 3 1 0
   3 2 4 1 4 1 4 0 2 1 3 2 4 1 1 0 1 4 3 1 4 0 2 3 4 4 4 1 0 2 3 2 2 4 0
   4 1 4 3 3 0 4 3 0 4 4 1 3 4 1 2]
  [0 3 4 2 4 2 4 1 0 2 1 3 2 3 0 4 3 2 2 2 3 1 2 1 3 2 2 1 3 4 1 0 1 2 3
   1 1 1 4 2 1 4 3 3 1 0 1 4 4 0 0 4 1 0 3 4 4 2 4 0 0 0 0 4 4 0 1 2 1 0
   1 0 1 1 4 1 2 4 4 2 0 4 3 2 4 2 2 0 4 1 4 0 4 0 1 4 4 1 4 4 1 2 1 0 2
   1 4 3 2 0 3 1 4 0 2 0 0 2 0 2 0]
  [0 2 1 1 2 1 1 0 3 2 2 2 2 2 2 4 3 0 2 0 4 0 0 0 4 2 0 3 4 1 0 2 1 2 3
   3 1 3 1 4 1 2 2 2 1 3 1 4 2 3 0 1 2 4 3 4 4 1 4 3 3 0 2 1 0 4 2 2 2 2
   0 3 3 2 2 0 2 4 2 4 2 0 2 4 1 2 1 0 1 1 3 3 2 4 4 3 3 4 3 3 0 2 3 3 1
   0 3 3 2 0 3 2 2 2 4 1 0 4 0 0 1]
  [0 3 0 1 0 1 1 4 4 3 1 3 4 0 3 0 2 1 2 3 3 1 2 4 0 4 1 4 1 4 4 2 2 0 4
   0 3 3 4 3 1 1 2 4 4 4 1 4 2 4 2 0 2 1 0 4 3 4 2 1 0 4 0 0 0 0 1 2 4 2
   4 3 0 4 3 0 2 2 0 2 0 1 2 4 4 4 1 3 0 1 4 2 1 1 2 3 2 2 4 3 3 0 0 2 1
   2 4 1 3 3 4 0 1 1 0 2 0 0 1 3 2]
  [0 1 4 0 4 2 0 2 2 1 3 1 4 2 1 0 0 1 2 1 2 0 3 0 0 2 3 3 1 4 4 3 2 1 3
   4 3 4 2 4 3 2 3 1 3 0 3 1 1 4 1 3 0 2 2 1 4 1 1 0 3 4 4 0 1 4 3 0 1 3
   2 3 2 0 1 2 1 3 1 4 2 0 3 0 0 3 0 0 2 0 1 4 1 1 3 2 1 3 3 3 3 1 1 1 2
   0 0 4 4 3 4 0 4 2 3 4 1 3 1 1 4]
  [0 1 4 1 1 0 4 3 1 4 4 4 0 3 0 3 4 0 4 4 1 3 3 3 0 3 1 3 1 4 0 2 3 0 2
   1 0 0 4 4 0 2 0 1 3 0 2 4 0 3 4 1 1 1 1 3 3 1 2 4 4 1 1 0 0 4 3 0 4 2
   1 3 1 1 1 4 4 3 4 2 4 0 3 3 0 0 0 4 2 3 4 4 3 1 3 0 2 2 3 3 2 1 3 3 3
   3 3 0 3 4 4 2 0 0 3 0 3 2 4 3 0]
  [0 4 4 1 3 3 2 0 3 0 0 2 3 2 4 2 3 4 0 4 3 4 0 1 0 0 4 2 4 1 3 4 4 1 1
   4 3 2 1 0 3 3 4 0 2 3 1 4 0 1 3 3 4 4 4 2 3 0 3 3 1 1 1 2 0 0 3 1 4 1
   1 2 1 0 3 2 1 3 1 1 4 0 3 4 1 0 3 1 2 4 2 4 0 4 3 3 1 2 3 0 2 4 4 0 2
   2 1 2 3 0 3 2 0 4 2 1 0 3 4 0 0]
  [0 4 0 2 2 0 1 0 0 3 4 0 0 1 2 2 3 3 2 2 3 3 4 4 3 1 3 2 3 2 2 0 1 4 3
   2 0 4 0 2 1 3 3 3 0 4 4 0 4 4 3 0 4 0 2 0 1 3 2 3 2 2 2 4 2 3 0 2 0 0
   1 2 4 0 1 4 3 0 0 3 3 4 0 1 1 2 0 3 2 0 0 3 3 4 2 1 1 1 1 2 2 4 3 4 1
   3 3 3 0 1 3 2 0 1 1 2 0 3 1 3 4]
  [0 4 4 0 4 0 1 0 4 4 1 2 0 1 3 4 0 1 1 0 1 4 4 0 4 2 0 4 2 4 1 3 3 4 4
   3 3 4 2 3 0 1 2 3 4 1 1 1 3 4 0 0 1 0 4 4 4 4 0 4 4 2 1 4 2 1 4 0 4 1
   1 1 4 0 1 0 0 4 3 2 3 2 3 0 1 3 0 0 4 1 4 4 0 2 3 2 2 2 0 0 4 1 0 1 2
   2 2 1 0 2 3 1 3 2 4 1 1 0 2 4 2]
  [0 4 3 0 3 3 2 4 4 1 3 3 2 1 1 2 1 2 2 4 3 0 1 3 2 1 4 2 3 1 1 0 3 3 1
   3 3 3 1 2 0 2 2 4 2 4 0 1 1 2 0 0 0 2 0 2 3 2 1 2 0 0 0 4 2 1 0 4 0 0
   3 0 4 2 4 3 4 1 0 3 3 3 1 3 2 1 0 1 0 3 2 0 3 3 1 3 3 4 1 2 1 3 2 4 1
   4 0 2 3 2 1 2 0 0 1 3 4 1 0 2 0]
  [0 1 4 0 1 4 2 1 3 3 0 0 3 0 0 4 0 1 2 1 1 3 1 3 4 4 4 0 1 4 4 4 4 4 3
   0 1 3 0 0 3 1 1 4 4 2 4 2 0 0 0 4 1 3 4 2 3 2 3 1 0 1 3 3 3 3 0 3 4 0
   1 0 1 0 4 0 4 4 3 0 2 2 0 2 1 0 0 1 3 2 1 3 4 2 4 1 2 4 2 2 2 2 4 2 3
   4 2 3 3 4 4 0 3 0 2 0 0 3 1 4 1]
  [0 1 2 3 2 4 1 2 1 2 4 2 1 4 2 4 1 3 2 1 0 2 1 4 2 3 2 3 3 0 4 1 1 3 3
   3 4 2 4 0 0 0 0 4 1 2 0 3 4 4 0 1 2 3 4 4 2 2 3 3 3 2 1 1 4 2 3 0 0 1
   0 1 3 3 3 3 2 2 3 2 3 4 4 2 3 4 3 1 4 0 1 0 2 0 1 0 1 0 0 0 1 0 0 1 1
   3 1 0 1 4 0 4 0 4 1 3 2 3 4 2 4]
  [0 4 0 3 1 0 2 3 2 3 4 0 4 0 4 2 2 4 4 0 3 2 2 2 1 2 3 0 2 0 1 1 1 0 0
   4 4 2 3 1 4 4 2 3 3 3 1 2 1 0 0 2 1 2 0 2 0 4 4 3 2 4 2 4 0 1 4 1 0 0
   1 0 2 2 1 1 2 1 0 4 3 2 3 2 4 0 0 1 3 1 2 0 2 3 1 0 1 0 0 1 0 1 0 0 1
   2 1 3 1 0 3 1 3 4 4 2 1 0 2 3 3]
  [0 4 2 3 1 1 3 2 4 4 3 4 0 2 3 2 2 1 4 4 4 1 1 3 4 4 0 1 3 3 3 2 4 2 0
   4 0 2 2 4 2 4 3 2 3 2 0 3 1 2 3 4 2 2 3 2 4 4 1 4 4 0 2 2 0 0 0 0 3 1
   0 0 0 3 3 1 4 4 2 1 4 3 0 0 0 0 2 4 4 3 1 2 3 2 1 1 4 4 1 2 1 0 3 4 4
   2 2 0 4 0 3 0 1 1 1 3 0 2 1 2 1]
  [0 0 2 0 2 2 2 2 0 2 3 0 4 4 1 2 2 2 3 1 4 0 3 0 1 1 3 0 2 3 2 1 4 2 2
   4 2 0 3 1 3 3 3 0 2 4 3 2 2 4 3 1 2 2 2 3 2 1 1 2 1 3 3 2 3 3 0 0 4 0
   3 2 0 0 3 1 2 4 1 1 4 3 2 1 4 2 4 4 1 1 2 1 2 4 3 1 0 0 2 3 3 2 1 1 1
   2 2 3 4 1 4 2 1 0 2 4 0 4 2 2 2]
  [0 4 1 1 1 1 2 2 2 4 1 1 3 4 1 1 3 2 4 0 0 3 3 2 1 3 4 2 4 3 4 1 1 0 1
   3 1 0 4 1 1 0 1 3 2 1 1 4 3 3 0 3 4 2 1 4 2 3 3 4 3 4 1 1 1 3 0 0 2 4
   3 4 2 3 0 2 0 2 1 1 1 4 3 2 1 4 3 2 1 4 0 4 0 0 4 4 1 0 1 2 0 3 0 2 2
   2 0 1 3 4 0 3 2 1 2 4 2 1 2 4 3]
  [0 2 2 1 2 0 4 3 2 4 0 4 4 0 1 1 2 2 1 3 2 4 0 2 2 0 1 1 2 4 1 0 2 0 0
   0 3 3 0 3 0 0 2 2 1 2 3 2 2 4 2 2 4 0 1 0 0 2 0 1 0 1 1 1 1 0 2 3 3 0
   0 1 0 1 0 0 4 3 3 2 4 0 3 4 3 2 4 3 0 0 2 0 3 3 0 4 1 3 0 0 3 1 3 0 2
   4 2 1 0 1 3 2 1 2 3 4 3 1 2 2 0]
  [0 0 2 2 4 3 1 1 4 4 3 0 4 0 0 1 0 1 4 3 1 4 3 3 3 3 2 1 3 1 4 2 0 3 2
   2 3 1 4 4 4 2 2 2 4 0 3 2 0 0 1 4 3 2 2 1 2 2 4 3 3 4 0 4 3 0 2 1 1 4
   2 2 4 2 0 4 0 3 0 1 1 2 1 0 1 1 0 0 0 4 2 4 4 1 2 3 1 1 4 2 4 0 3 2 2
   2 3 3 0 3 0 4 0 0 2 1 3 0 2 1 1]
  [0 3 3 4 1 3 0 3 3 2 3 2 1 2 1 4 3 1 3 1 2 0 1 4 4 1 3 1 3 0 4 3 2 1 2
   1 0 3 4 3 0 1 0 0 3 3 1 1 0 4 0 4 4 0 3 0 2 1 4 4 0 2 0 4 1 2 2 1 2 1
   1 3 1 2 4 4 2 0 1 4 1 3 4 4 2 3 3 2 0 0 4 2 0 0 4 3 4 3 1 4 1 3 1 1 2
   2 0 4 3 1 4 2 0 2 3 4 4 4 4 4 3]
  [0 3 3 1 0 0 4 4 4 3 3 0 4 0 4 3 0 4 2 3 0 2 1 1 1 0 2 0 2 1 2 4 0 3 4
   2 0 4 4 2 3 4 2 0 2 3 1 4 0 3 4 3 3 4 2 3 2 2 0 2 4 0 0 2 0 2 2 2 1 4
   2 4 0 0 3 3 4 0 0 0 4 4 4 3 4 1 2 3 3 3 1 3 3 2 4 0 2 1 2 3 0 2 3 0 3
   1 0 4 4 1 0 0 2 4 2 2 3 0 0 3 0]
  [0 0 4 0 1 2 4 3 4 2 1 0 4 0 1 3 4 2 4 0 4 2 3 1 1 0 2 0 1 4 1 2 2 4 0
   1 1 1 2 3 0 3 2 2 1 3 0 4 0 3 0 2 4 2 2 2 2 4 1 0 0 4 0 4 3 4 0 4 2 3
   1 3 2 1 2 4 0 0 0 0 0 4 1 1 2 3 1 3 0 2 2 0 0 4 3 2 1 0 2 1 4 0 2 3 1
   3 1 3 1 2 4 2 4 2 4 0 0 0 3 4 3]
  [0 3 3 1 4 4 0 0 3 3 3 0 2 2 3 0 2 2 2 0 3 0 4 4 4 1 0 1 3 0 0 0 4 1 2
   2 0 0 4 4 4 3 2 1 0 1 1 2 4 4 3 3 0 3 1 0 2 2 0 3 4 1 4 3 3 2 2 0 2 3
   3 1 4 4 1 0 4 1 1 0 0 0 0 4 0 2 2 4 3 1 0 3 1 1 0 4 2 3 4 3 0 4 4 1 0
   1 1 2 3 0 2 3 0 0 0 0 2 4 3 2 4]
  [0 2 2 3 2 0 4 3 3 0 4 3 1 4 0 0 2 4 0 3 2 0 2 1 0 4 1 1 1 0 4 2 1 4 4
   2 2 4 3 1 2 2 3 3 2 1 3 1 4 3 2 3 4 4 1 3 1 2 0 3 1 4 4 4 4 4 2 4 3 3
   4 3 0 1 2 3 4 1 1 2 0 0 3 1 2 3 0 4 2 2 2 4 2 1 3 2 1 2 2 1 1 2 4 1 1
   0 1 3 4 2 2 4 1 4 0 3 4 3 0 3 4]
  [0 4 2 0 0 0 0 0 3 1 3 3 2 4 0 2 3 3 4 4 3 0 0 1 0 1 3 0 3 0 2 2 0 1 4
   1 0 2 1 2 1 4 2 0 4 0 2 0 4 2 2 4 0 1 2 1 2 4 1 0 3 2 0 2 1 2 1 0 0 4
   3 0 4 0 1 4 0 4 1 3 1 3 0 0 0 0 2 3 3 3 3 2 2 4 3 0 4 2 0 3 2 2 1 2 2
   4 3 2 4 2 0 3 4 3 3 1 3 0 4 1 0]
  [0 4 3 3 4 2 0 2 0 3 4 4 1 2 3 0 2 0 4 0 0 0 3 0 4 0 3 2 3 0 1 0 0 2 3
   4 1 2 1 0 2 0 4 3 1 4 4 4 1 1 2 0 2 1 2 1 2 4 3 1 2 1 3 4 3 2 0 0 1 0
   2 2 2 1 1 2 2 1 3 0 1 0 0 0 1 1 0 2 0 2 1 1 4 0 4 0 1 0 1 1 3 0 1 4 2
   0 0 1 3 3 0 3 1 3 3 0 0 1 2 3 1]
  [0 0 3 1 4 3 1 1 4 1 3 0 0 0 2 2 3 1 0 3 4 0 3 1 2 0 4 3 4 4 0 3 1 2 4
   2 1 4 4 2 0 1 4 1 4 2 4 0 0 1 4 2 2 4 2 4 3 1 1 2 2 2 4 4 4 3 1 3 0 0
   0 2 1 1 2 2 0 3 0 2 3 2 2 1 0 4 3 1 4 2 0 0 4 4 1 1 2 3 1 4 0 2 1 0 2
   4 3 1 2 1 4 4 3 3 3 1 3 2 2 2 3]
  [0 0 0 1 4 2 2 3 4 3 2 1 2 2 2 3 3 4 0 2 4 1 3 1 1 0 1 1 4 2 4 0 4 3 4
   3 0 3 2 2 3 1 1 3 3 0 1 2 2 2 2 0 0 3 2 4 2 3 4 2 4 2 4 1 2 3 2 2 3 2
   0 0 2 4 2 1 2 4 2 3 2 3 3 1 3 0 0 0 1 4 2 3 4 3 0 0 1 1 1 2 0 2 0 0 0
   4 2 4 1 2 2 3 0 4 4 3 1 4 1 1 3]
  [0 4 2 0 1 4 4 1 4 1 2 3 3 2 0 3 0 0 2 1 3 4 3 4 3 3 4 1 3 1 0 0 4 1 3
   4 4 1 0 3 0 4 4 3 0 3 4 3 1 2 3 4 1 0 0 2 0 2 0 0 3 1 3 4 3 2 0 2 3 1
   1 0 3 4 0 0 3 2 1 0 3 3 1 0 3 3 0 0 1 1 4 1 0 1 2 3 1 4 4 0 0 3 2 0 4
   4 0 0 2 1 3 4 0 4 1 2 3 1 4 2 0]
  [0 2 1 1 4 2 0 4 0 0 0 1 1 4 1 3 0 4 1 2 2 4 2 3 4 1 2 0 4 1 2 2 1 2 1
   3 3 3 3 4 0 0 4 1 3 2 0 3 2 3 0 0 1 0 2 0 2 0 4 2 0 0 1 1 4 4 2 3 0 3
   3 2 4 4 4 4 0 3 0 1 3 1 4 1 0 0 2 0 0 1 3 4 4 3 2 1 4 0 1 2 1 3 2 3 2
   4 2 0 0 4 1 0 1 4 1 2 4 0 2 3 0]
  [0 0 1 2 1 2 1 1 4 2 3 0 2 3 3 4 3 3 1 3 4 0 4 4 0 3 0 3 4 1 1 3 2 1 0
   3 3 2 3 2 2 0 4 0 4 1 1 2 0 4 2 2 3 2 3 3 3 1 1 2 4 0 2 0 0 0 0 4 2 0
   3 1 4 2 0 2 2 1 4 3 1 0 0 1 3 1 2 4 0 0 0 3 0 4 3 0 4 4 3 2 1 2 0 0 4
   0 1 2 3 4 1 2 1 1 2 2 1 3 4 4 1]
  [0 0 1 3 3 0 1 1 1 0 0 4 1 3 1 4 0 1 3 1 4 4 0 2 0 0 0 2 1 3 1 0 3 3 0
   2 4 0 2 2 1 0 2 2 4 4 1 0 0 1 2 0 3 0 2 4 1 3 1 2 3 4 2 0 3 2 4 0 0 2
   1 4 3 4 0 4 4 4 2 0 4 1 3 1 0 2 2 4 1 0 4 3 2 1 0 3 2 3 3 4 0 3 0 2 0
   2 4 3 1 1 3 4 2 3 4 3 1 0 2 4 0]
  [0 4 3 1 1 1 0 0 4 0 1 3 3 0 3 4 0 2 0 0 0 1 2 1 2 2 0 2 4 1 1 2 0 1 1
   2 1 0 0 4 1 3 1 1 3 2 0 2 3 0 4 4 3 0 4 2 3 4 0 4 0 3 2 1 3 0 2 1 0 2
   2 4 0 2 4 3 4 1 2 2 3 4 1 2 4 1 2 4 2 4 0 3 2 1 4 4 4 3 3 0 0 4 3 1 3
   0 2 3 1 3 3 1 1 1 4 2 3 2 4 1 1]
  [0 4 1 3 3 2 1 1 1 4 0 3 1 1 4 0 2 3 3 2 0 0 0 3 1 4 1 2 4 1 4 4 4 2 0
   2 1 1 2 1 2 4 1 0 0 4 0 0 0 2 4 1 2 0 4 2 1 1 3 0 2 3 2 3 1 0 1 4 3 2
   0 4 2 4 1 2 0 0 4 1 3 0 1 4 3 0 1 2 0 1 2 0 2 1 1 0 2 3 2 1 3 0 2 2 3
   4 2 1 3 3 2 0 3 1 1 2 1 2 1 2 0]
  [0 0 1 2 2 1 0 1 4 4 2 0 3 3 4 4 4 0 3 1 3 0 1 1 2 2 2 1 3 4 0 1 4 0 2
   0 2 1 0 4 1 2 3 1 1 2 1 1 2 4 2 4 2 0 3 1 2 2 0 0 4 1 3 4 2 0 4 4 3 4
   1 4 4 4 3 3 1 3 4 3 4 4 0 0 0 4 1 1 0 1 4 1 0 3 0 3 3 3 0 2 0 2 4 3 1
   4 2 1 1 1 4 1 3 4 3 0 1 3 0 4 0]
  [0 0 0 2 2 1 1 1 4 4 0 3 0 2 2 4 1 0 4 0 0 4 3 0 0 4 3 0 3 1 0 2 2 1 1
   4 4 2 0 0 0 3 0 0 2 3 4 2 2 3 3 3 1 4 1 4 4 3 2 0 0 0 2 0 3 1 0 3 4 1
   0 4 1 2 3 4 3 3 0 0 3 4 0 1 2 2 2 0 4 1 0 1 3 0 3 3 3 2 4 3 1 2 2 1 4
   1 4 0 1 4 0 3 3 3 1 3 0 2 3 0 2]
  [0 1 3 1 4 1 0 0 1 3 2 2 1 0 3 3 3 3 3 4 0 4 2 4 1 4 0 3 2 2 0 3 4 4 2
   2 2 3 0 4 1 2 3 3 4 1 3 4 3 1 1 0 1 4 1 2 3 4 3 0 0 1 2 0 2 1 1 0 0 3
   2 3 4 1 4 0 0 3 4 0 3 0 4 3 3 3 1 3 4 1 0 1 2 4 0 0 0 3 0 4 2 3 2 0 2
   2 1 1 1 4 3 0 2 3 0 1 0 1 1 2 1]
  [0 4 3 1 2 3 1 0 0 2 0 3 0 1 1 1 1 4 1 1 3 0 3 3 0 4 4 4 2 2 0 2 4 2 1
   2 2 3 2 2 2 4 2 1 3 2 1 2 3 4 4 4 2 1 2 4 2 3 2 4 2 3 4 0 0 3 2 0 0 3
   4 4 0 3 0 4 2 3 1 2 2 3 2 4 0 2 0 4 0 2 1 0 3 3 0 0 3 4 3 0 3 1 1 2 1
   3 1 3 0 4 2 0 3 3 0 1 1 2 3 3 1]
  [0 4 3 3 0 2 1 3 2 2 2 0 3 2 1 0 2 4 3 0 1 0 4 0 0 0 0 4 2 1 4 1 3 3 0
   4 4 2 0 2 3 4 4 1 1 0 1 0 0 1 3 0 3 4 4 1 2 1 4 0 2 4 1 3 4 0 1 0 4 4
   3 1 1 2 1 0 1 3 4 4 1 3 0 3 0 1 1 0 1 1 3 2 2 4 0 0 0 3 0 4 2 4 4 2 4
   2 4 3 0 4 0 1 2 3 2 4 3 2 4 4 0]
  [0 0 1 2 4 4 0 0 1 1 1 2 2 2 0 0 4 0 0 4 4 1 4 0 3 4 0 2 4 3 0 3 2 1 2
   1 4 0 0 3 1 4 0 1 0 3 0 2 2 1 0 3 2 4 2 2 3 1 1 2 1 3 1 0 3 2 4 3 1 4
   1 2 2 2 3 4 3 2 3 3 0 4 4 2 0 3 1 1 1 1 1 0 4 4 0 3 3 0 1 3 2 4 2 4 4
   4 2 4 4 4 0 3 3 3 3 4 2 0 1 1 3]
  [0 4 4 0 4 4 0 3 4 4 0 1 3 2 0 0 2 0 3 2 2 4 0 1 1 0 0 3 2 3 2 0 1 3 0
   0 3 2 4 2 4 3 0 4 3 1 4 2 0 1 2 2 1 2 0 0 4 4 2 1 2 2 2 1 2 3 3 3 4 1
   0 3 4 3 4 3 3 2 4 0 2 1 4 1 2 2 4 4 2 1 0 3 3 4 1 3 1 1 0 4 2 4 1 4 2
   1 4 1 4 3 4 0 4 2 3 1 2 0 1 3 3]
  [0 1 2 3 1 1 3 3 3 2 3 3 3 4 4 1 2 4 1 0 1 2 2 3 0 2 1 0 4 0 0 3 0 0 1
   2 0 2 1 3 2 0 0 2 2 4 3 0 4 4 2 3 2 2 3 4 3 2 0 0 3 0 4 2 0 4 1 4 0 4
   4 4 2 1 3 1 3 0 2 4 0 4 0 2 1 2 1 4 0 1 0 4 0 3 2 2 3 4 4 0 0 1 2 0 3
   4 0 3 4 0 2 0 0 1 4 4 3 1 4 3 3]
  [0 1 3 3 0 0 4 0 1 2 3 0 2 2 1 1 1 0 4 4 1 0 3 1 3 0 2 4 2 1 0 2 4 2 2
   0 0 0 3 2 3 1 4 4 2 2 2 3 1 0 1 3 1 3 0 4 3 1 0 4 3 2 4 1 2 3 2 4 1 1
   3 2 0 3 4 3 1 3 3 3 3 3 4 2 3 3 0 4 2 3 3 1 4 1 0 4 2 4 1 4 0 0 3 3 3
   4 1 0 1 0 0 0 3 1 3 3 2 0 4 4 4]
  [0 4 4 3 0 1 4 4 1 4 4 4 0 2 0 3 4 1 3 0 2 3 4 1 3 3 0 3 0 0 4 3 1 0 2
   2 2 1 0 1 2 1 3 2 4 3 0 4 2 4 4 0 2 0 2 3 3 2 4 3 4 2 1 3 0 2 4 4 0 0
   2 0 2 3 0 2 3 3 2 1 4 1 0 4 4 2 2 0 2 0 4 2 1 4 4 1 4 2 3 3 4 0 2 1 1
   2 1 4 1 1 0 4 3 0 4 2 3 1 0 3 1]
  [0 3 1 4 4 1 4 1 2 3 3 4 3 4 2 0 4 1 2 3 1 2 2 3 2 0 3 2 2 3 3 3 2 2 4
   2 2 1 3 1 0 1 1 0 3 1 2 1 3 4 2 4 0 2 2 1 3 4 1 3 0 3 0 3 4 0 4 1 3 2
   2 3 2 1 4 0 3 3 1 0 0 2 0 1 2 0 1 3 2 2 1 3 3 3 3 0 0 1 3 4 1 3 0 1 1
   2 4 2 2 4 2 1 1 2 3 1 4 2 3 1 0]
  [0 3 1 2 3 1 0 4 3 0 1 4 0 4 3 1 3 3 4 0 0 4 0 0 1 2 0 4 4 4 3 3 2 4 2
   3 3 4 1 1 0 1 4 2 2 3 0 4 1 0 4 0 2 2 4 3 1 4 2 4 4 0 1 2 2 2 4 4 4 1
   3 2 1 4 1 4 2 1 1 1 4 2 2 0 0 2 0 2 0 3 4 0 1 1 3 3 2 3 2 2 3 0 4 0 4
   2 4 1 1 1 3 4 2 0 3 2 0 4 4 0 4]
  [0 4 0 4 3 2 3 0 2 3 3 2 0 1 2 2 0 2 1 3 2 2 2 3 2 2 1 4 3 0 0 2 1 1 4
   1 0 2 3 4 3 1 1 0 0 3 3 2 2 4 3 1 0 2 4 0 4 1 3 4 4 2 1 3 4 3 0 4 3 3
   1 1 1 0 3 3 3 0 3 2 1 1 0 3 1 3 4 2 4 2 0 0 2 3 0 1 0 4 3 2 4 4 3 0 0
   2 2 0 1 1 3 4 0 0 1 3 2 2 4 3 2]
  [0 0 2 3 0 1 3 0 0 4 1 2 2 2 1 3 0 4 1 1 2 2 2 0 4 0 0 0 4 4 2 4 2 0 0
   0 0 1 1 2 3 2 3 1 3 4 4 3 0 0 4 1 1 1 1 2 2 3 4 1 0 2 2 0 2 2 1 2 2 1
   1 0 3 4 1 1 4 4 4 2 0 4 0 4 3 4 1 1 0 3 4 4 1 2 0 3 2 4 2 2 4 3 3 3 4
   0 3 1 2 4 0 2 4 0 0 3 3 4 4 3 0]
  [0 1 2 0 1 1 0 1 3 4 3 4 1 1 4 3 1 0 4 1 4 2 2 1 1 1 4 4 4 3 2 4 0 1 3
   4 3 0 4 2 2 2 4 4 0 4 0 1 1 4 4 3 4 3 3 2 2 0 1 0 0 3 2 1 2 4 2 1 4 2
   0 0 0 0 4 4 1 0 1 2 4 3 3 1 1 0 2 3 2 2 1 3 0 4 4 0 2 0 2 1 3 0 1 3 1
   2 0 3 3 0 3 0 4 2 3 1 1 4 2 1 2]
  [0 2 4 3 3 1 1 1 1 3 2 3 2 4 4 0 1 4 2 1 0 4 3 1 2 3 1 0 2 2 4 0 3 2 2
   1 3 4 3 1 4 2 0 3 2 2 0 3 3 4 1 1 1 2 2 2 4 3 3 4 3 1 4 3 1 2 2 4 1 2
   1 1 3 4 1 3 3 1 2 3 0 0 1 0 0 3 2 1 3 4 3 3 2 0 4 4 4 1 4 4 2 4 1 3 3
   0 2 0 1 2 2 2 0 2 3 0 0 1 4 1 1]
  [0 1 3 3 0 1 2 4 0 1 4 4 4 3 4 4 2 1 0 4 4 1 1 0 1 4 3 2 4 4 2 2 2 4 1
   2 4 3 2 1 1 3 1 3 1 3 4 0 1 3 0 1 0 0 4 2 4 2 4 2 1 1 1 2 1 0 0 2 3 0
   4 1 1 0 4 4 0 0 4 2 2 3 3 4 1 3 1 3 4 1 1 3 0 3 4 2 3 0 2 3 4 1 2 4 3
   0 3 0 0 2 3 0 0 0 4 1 2 1 3 4 1]
  [0 2 4 0 3 4 2 3 4 2 0 3 1 1 2 3 2 4 3 1 1 1 2 0 0 3 0 1 1 3 2 3 0 1 3
   3 4 1 4 3 0 3 2 4 1 4 2 2 4 3 0 4 2 0 2 3 4 0 0 1 2 1 1 2 4 1 0 4 2 2
   4 4 3 2 2 2 2 3 2 2 3 0 1 4 3 0 2 1 2 2 2 0 3 4 1 1 1 2 1 2 0 4 3 2 4
   1 2 1 4 0 0 4 4 4 1 2 1 4 4 4 0]
  [0 2 3 1 2 1 4 1 4 4 3 0 1 4 2 1 4 3 1 0 1 1 0 4 4 1 0 2 2 2 4 0 1 3 2
   3 2 2 1 3 2 2 4 1 1 2 3 3 4 4 4 4 3 0 1 1 2 2 2 2 2 3 4 0 1 3 2 0 2 3
   3 0 4 0 2 1 3 2 0 3 4 3 0 4 3 2 4 4 1 2 0 2 3 2 4 4 3 2 0 3 3 0 0 4 4
   0 1 0 2 4 0 4 3 4 4 2 3 4 4 3 3]
  [0 4 0 3 1 4 4 4 2 2 4 2 3 0 2 2 4 3 0 4 4 0 3 0 4 1 3 4 1 1 3 2 1 3 2
   1 0 4 3 4 1 0 4 3 1 1 2 1 2 0 3 3 0 3 4 2 2 1 2 1 3 3 0 4 3 4 2 0 1 2
   3 0 3 0 0 3 3 0 2 3 0 3 0 1 2 3 0 3 1 4 1 2 0 1 1 0 4 4 0 3 4 3 2 4 0
   0 2 3 3 0 3 0 2 2 4 3 2 3 4 4 2]
  [0 2 1 0 1 4 0 3 0 4 1 0 3 1 1 1 3 3 2 1 2 0 2 4 4 4 1 2 3 3 0 2 2 1 2
   3 0 3 4 0 4 3 3 2 1 2 3 2 3 4 3 0 1 0 0 3 1 0 2 2 2 3 3 2 4 1 4 2 1 3
   3 3 2 0 0 4 3 4 4 0 3 3 1 0 2 1 3 1 3 0 1 4 2 4 4 4 3 0 0 2 2 2 1 0 1
   2 1 0 4 2 4 0 0 4 4 4 4 0 2 1 4]
  [0 3 1 3 1 2 2 0 2 2 3 2 4 0 4 4 4 1 1 0 3 3 1 3 0 0 1 3 4 4 1 3 4 3 0
   2 2 1 0 3 3 0 3 4 2 1 3 0 1 0 2 4 2 1 4 1 2 4 1 0 4 1 2 1 1 0 0 3 1 4
   4 1 4 2 4 0 2 0 3 3 2 0 1 4 3 4 1 0 0 0 3 3 1 0 2 2 2 1 4 4 3 2 4 1 2
   0 1 0 3 3 1 3 2 0 1 4 1 2 0 4 2]
  [0 3 0 0 2 3 3 0 3 2 1 3 1 1 0 0 2 0 2 1 1 3 2 4 0 3 0 1 4 1 3 3 2 3 4
   3 0 1 0 0 0 1 4 2 3 4 2 0 1 4 1 0 3 0 2 2 0 1 4 2 3 2 3 0 3 1 0 1 4 4
   0 3 4 4 1 3 2 0 1 2 1 2 3 3 3 0 2 0 3 1 2 0 0 2 0 0 3 3 2 4 4 1 4 2 4
   1 3 4 2 2 2 1 4 0 0 0 4 2 3 2 1]
  [0 4 2 4 3 1 3 4 2 1 0 2 3 3 4 3 0 4 0 4 2 2 1 0 3 3 1 3 3 3 0 4 2 0 4
   4 2 1 3 2 4 1 4 1 2 0 1 2 3 0 0 3 4 0 0 1 3 3 1 4 3 2 3 1 2 3 1 3 0 4
   3 4 0 1 3 2 1 3 0 3 1 2 3 1 4 2 4 4 2 4 0 1 2 1 4 4 4 0 2 4 2 3 4 2 2
   4 4 0 1 3 0 1 1 4 3 0 2 4 2 1 2]
  [0 0 4 4 0 2 3 4 2 2 3 3 2 4 0 2 4 0 2 2 4 3 1 3 2 0 4 2 0 3 4 4 2 1 4
   2 2 3 2 0 0 4 4 1 4 1 3 3 2 3 0 2 1 0 2 2 0 1 2 0 1 2 4 3 4 4 0 1 1 3
   4 2 1 2 2 0 1 3 2 2 1 0 0 1 2 2 0 0 1 4 2 2 2 1 4 0 3 4 1 1 1 1 0 4 0
   4 4 1 2 4 0 1 0 1 1 0 0 4 2 4 3]
  [0 2 1 2 4 2 0 3 2 4 0 4 0 1 4 3 1 4 0 1 1 4 1 1 2 1 1 2 1 1 0 3 4 3 2
   2 4 4 0 1 3 1 4 1 0 0 0 4 4 1 2 4 4 4 4 3 3 0 2 4 4 0 4 0 2 3 1 2 4 4
   1 2 0 4 0 4 2 2 0 1 2 0 0 4 3 2 3 4 0 3 3 1 0 2 1 3 4 2 2 4 3 2 4 4 2
   3 2 2 3 1 4 1 1 4 1 4 3 0 3 3 0]
  [0 2 3 0 2 2 3 0 0 1 3 0 1 3 3 3 3 2 1 0 3 4 4 0 2 3 4 4 1 4 0 2 2 4 0
   3 3 1 0 0 4 3 4 2 0 3 2 0 3 1 0 4 4 4 4 1 2 3 2 4 3 1 2 1 1 2 3 0 3 0
   3 1 3 0 2 2 3 3 4 1 2 3 1 3 2 0 2 1 1 4 1 3 2 4 3 0 2 1 0 3 4 4 3 3 2
   0 4 0 3 0 3 1 4 4 0 0 2 2 0 3 4]
  [0 2 3 3 1 3 0 1 4 1 4 0 2 4 2 1 0 4 2 4 2 3 1 4 3 3 1 2 2 0 1 4 4 2 1
   2 0 3 4 2 4 0 4 3 3 2 0 0 3 1 1 3 0 0 1 2 1 2 3 4 3 0 0 3 3 4 0 3 3 3
   2 0 1 4 0 3 0 0 3 2 0 1 1 2 1 1 2 0 2 0 1 3 1 2 1 0 2 3 4 0 0 0 4 2 4
   3 4 0 2 1 0 2 1 1 1 0 0 4 0 0 3]
  [0 2 3 4 3 4 2 4 4 0 4 0 4 0 2 3 4 4 3 1 2 4 4 1 1 3 3 1 3 2 0 1 3 2 4
   4 0 2 3 1 2 1 3 3 2 0 0 3 4 0 2 2 4 4 4 2 4 2 4 1 0 0 2 4 4 0 0 2 3 1
   2 3 3 3 1 2 2 4 3 1 3 2 2 0 4 2 4 2 1 3 4 4 4 3 3 0 1 2 1 1 2 1 4 3 1
   2 0 1 4 1 2 0 4 1 4 1 0 3 2 4 0]]

 [[0 4 0 1 1 2 1 3 4 2 0 4 4 2 0 0 4 0 4 0 1 2 4 2 1 4 3 0 1 3 3 1 0 4 1
   2 2 4 1 4 1 1 3 1 1 1 1 1 3 3 1 3 4 3 1 2 4 4 2 1 2 0 2 1 2 0 1 2 4 0
   1 3 0 1 3 0 1 0 2 3 1 2 2 2 4 2 2 1 2 3 2 4 0 1 2 1 0 3 3 4 2 2 0 2 3
   0 4 2 4 2 3 2 4 3 3 3 0 4 0 1 3]
  [0 0 0 1 0 0 3 4 3 4 4 0 0 2 4 2 1 4 4 4 1 3 3 4 1 4 4 4 0 3 0 1 3 4 1
   1 0 4 4 2 3 3 4 3 3 2 0 0 4 1 0 0 3 1 1 4 2 1 2 4 2 1 0 0 0 1 0 3 1 1
   0 1 3 4 4 2 0 1 1 0 0 4 1 2 1 0 3 2 3 1 2 0 0 0 2 2 4 0 4 0 4 3 0 2 1
   1 0 2 3 4 0 3 2 3 0 1 2 0 2 0 0]
  [0 2 0 4 0 4 4 0 1 0 4 0 0 0 3 1 3 1 4 2 3 2 0 1 1 2 2 4 1 2 0 2 4 1 3
   4 2 1 0 3 0 1 0 0 0 0 4 4 2 2 4 1 0 3 1 2 2 0 3 3 2 2 2 4 1 3 1 1 2 2
   0 0 3 2 1 1 4 1 2 3 1 1 2 1 1 0 0 4 4 4 3 4 3 1 1 1 1 1 1 2 2 4 2 4 2
   0 0 2 3 1 1 1 4 2 2 0 3 2 3 3 4]
  [0 2 1 0 4 1 3 0 1 4 1 1 3 1 4 4 3 3 0 4 0 0 2 0 0 0 4 0 1 2 1 0 3 0 4
   2 0 4 3 4 3 2 1 4 3 0 2 3 4 0 0 1 3 4 0 1 1 3 4 1 0 1 4 1 4 4 3 2 3 2
   2 0 2 0 3 2 2 2 2 3 0 1 0 4 4 3 1 1 1 0 0 1 2 4 2 3 0 0 4 3 3 3 0 3 0
   4 0 2 3 3 0 4 4 0 2 3 3 2 0 1 4]
  [0 0 2 4 0 1 1 2 2 4 0 0 3 4 3 0 4 0 3 4 2 2 3 4 0 2 0 4 1 0 2 2 0 2 4
   3 2 0 0 2 0 4 3 0 4 3 0 4 1 3 3 0 1 1 0 1 4 3 4 1 4 3 1 4 1 4 2 3 2 4
   0 2 3 4 0 4 0 2 4 0 3 4 0 1 2 4 1 4 1 2 1 3 1 1 2 4 0 1 4 1 0 2 3 4 2
   2 2 1 1 3 0 4 4 4 0 2 4 1 4 1 0]
  [0 2 3 0 4 0 0 4 1 2 2 3 1 3 2 2 3 3 1 1 3 3 4 2 4 4 0 4 4 0 2 3 2 2 1
   1 3 0 0 0 2 1 0 1 0 2 3 2 0 2 2 0 4 1 3 0 0 2 3 0 3 0 3 1 3 4 2 3 1 3
   1 0 3 4 0 3 4 2 3 3 0 2 0 1 4 4 1 3 0 2 4 3 4 2 4 1 2 4 4 2 2 2 4 2 1
   1 4 4 4 1 1 4 0 4 0 2 3 2 3 3 3]
  [0 4 2 0 1 1 0 3 2 0 2 1 0 0 3 3 2 1 4 4 0 2 3 1 3 3 2 1 1 1 1 1 0 2 1
   3 0 0 1 2 3 1 3 3 4 4 4 1 1 4 3 3 2 2 1 2 0 1 0 2 1 0 0 2 1 2 3 0 3 0
   0 3 0 1 2 1 3 0 3 1 0 4 0 4 3 1 3 2 4 0 2 0 2 2 0 2 4 4 1 1 3 0 2 2 1
   0 2 2 4 1 0 0 0 0 4 1 0 3 1 4 1]
  [0 1 0 2 1 2 0 0 3 2 4 4 1 4 4 2 2 2 0 0 2 3 2 3 2 1 2 2 2 1 1 1 3 0 2
   3 0 0 1 0 4 2 4 3 1 4 0 1 1 1 3 2 2 0 4 0 1 3 1 1 4 3 3 0 2 4 0 4 0 2
   1 0 2 4 3 3 1 3 0 2 4 1 0 3 3 3 3 3 2 0 3 1 4 4 0 0 4 4 2 2 1 2 0 3 4
   2 4 4 4 1 0 0 1 0 1 3 4 2 2 0 3]
  [0 1 0 4 3 1 4 2 0 2 2 0 4 4 0 4 1 0 0 0 2 3 3 0 2 1 4 3 0 2 2 0 2 4 0
   2 2 4 4 2 2 2 1 3 1 3 1 1 0 4 1 4 4 2 3 1 3 2 0 1 0 1 2 3 0 2 0 0 1 2
   2 1 0 0 4 3 0 1 1 0 2 2 2 3 3 0 4 1 4 4 1 4 2 0 4 0 2 3 1 0 3 4 3 1 4
   0 4 0 2 0 1 0 2 2 3 3 1 2 0 0 0]
  [0 4 2 1 0 0 0 0 3 0 1 0 2 0 0 3 3 0 4 3 1 3 0 2 2 2 3 3 4 4 4 0 3 3 0
   3 0 1 4 1 1 1 4 3 2 1 2 4 1 4 2 4 2 0 3 1 0 0 4 0 2 3 0 0 0 4 1 3 3 1
   2 2 0 4 2 4 1 3 0 1 4 4 1 4 0 1 2 0 3 4 3 3 1 3 1 1 2 0 3 2 2 4 1 0 3
   1 3 4 2 1 4 2 3 1 2 3 0 4 4 2 4]
  [0 0 3 2 2 3 1 3 3 2 0 0 2 1 2 0 4 1 1 4 1 0 1 4 2 4 2 3 3 4 0 0 4 2 0
   3 2 2 0 2 1 3 4 4 2 2 2 4 0 3 0 3 1 2 2 4 1 4 1 4 1 2 3 4 0 4 0 3 0 1
   1 2 2 0 3 3 4 4 0 4 3 1 1 1 4 0 2 4 2 1 1 2 3 0 1 3 1 0 4 4 0 4 2 1 2
   0 3 4 4 3 1 4 2 1 3 0 4 1 1 3 4]
  [0 1 2 4 3 2 1 1 3 0 4 0 3 0 0 1 4 4 3 2 4 2 2 1 3 1 2 1 3 1 3 3 3 1 2
   0 3 3 2 4 4 4 2 0 0 4 3 0 4 0 3 4 4 4 1 2 4 3 4 3 2 0 2 0 1 3 3 0 3 4
   3 2 0 3 0 4 3 0 2 4 0 4 3 4 3 0 1 0 4 2 4 2 1 1 3 0 0 0 2 0 1 4 1 0 0
   2 0 4 3 1 4 0 1 0 3 4 2 2 2 1 2]
  [0 0 4 4 1 0 1 4 2 0 0 1 0 0 1 1 3 4 1 3 3 2 0 3 3 1 1 1 1 2 2 3 2 4 3
   4 1 0 2 2 4 4 2 0 0 3 3 0 3 0 4 4 2 0 3 1 1 0 4 2 4 4 2 0 4 4 4 2 2 1
   4 0 2 0 0 3 1 2 4 3 3 3 2 1 3 1 3 1 3 0 3 3 1 2 3 1 4 2 2 3 4 4 3 1 0
   3 3 4 2 2 3 3 2 2 4 0 4 3 1 1 2]
  [0 0 3 2 2 4 0 4 0 3 0 1 0 0 0 0 0 3 0 0 2 0 1 4 4 2 4 4 0 3 1 0 3 0 2
   0 3 4 4 3 0 0 3 3 0 0 2 2 3 1 2 1 0 0 0 2 0 4 3 4 0 4 2 0 4 2 0 4 3 2
   4 3 4 2 2 3 1 3 2 4 3 4 1 4 2 3 4 2 3 3 3 0 4 3 4 3 2 3 0 4 3 3 2 3 1
   1 2 3 3 3 4 3 1 3 3 2 2 4 3 0 4]
  [0 4 4 2 2 0 0 2 2 0 0 3 4 1 0 0 4 3 3 1 1 1 3 0 0 1 0 4 0 3 4 3 4 4 1
   3 1 0 1 0 2 2 2 2 1 0 4 2 3 3 4 0 1 2 2 2 0 2 0 2 4 4 4 4 3 1 3 2 4 1
   4 2 3 1 3 3 4 4 4 2 2 4 4 0 0 1 1 1 1 3 1 0 0 2 3 2 3 2 0 4 0 1 2 2 2
   1 0 4 4 0 1 4 3 4 2 0 3 4 2 1 3]
  [0 4 4 2 1 0 0 4 3 2 0 2 3 3 1 0 4 2 3 4 3 1 2 1 2 1 3 1 1 0 0 3 3 4 0
   1 0 4 4 1 3 3 0 1 3 4 0 1 4 1 4 3 0 3 3 4 4 0 0 4 0 2 1 1 4 0 2 3 4 4
   4 0 3 3 2 3 1 2 3 1 2 2 3 3 0 1 2 4 1 4 0 4 2 0 1 4 1 3 1 4 0 4 1 2 3
   1 3 1 3 1 0 4 4 2 1 4 2 0 1 0 2]
  [0 1 2 3 4 2 4 1 2 2 2 3 3 0 3 0 0 4 4 3 0 0 3 4 1 1 1 3 4 3 0 2 3 1 2
   1 4 0 0 2 3 1 0 1 3 3 1 0 0 2 2 2 2 1 3 4 0 4 2 1 2 1 0 4 2 4 3 0 1 1
   0 4 4 3 3 2 4 2 2 1 0 2 0 3 1 2 4 4 3 1 4 4 3 0 1 2 1 3 3 0 2 4 3 3 2
   1 4 3 2 1 1 0 4 0 2 0 2 0 3 3 4]
  [0 0 3 2 1 0 4 4 2 0 4 4 0 0 1 4 1 0 2 3 0 3 1 2 0 2 3 1 4 4 1 3 0 0 4
   2 0 1 0 1 0 4 1 2 1 0 4 4 1 3 4 1 0 2 1 1 1 0 1 0 0 3 2 2 2 2 4 3 0 3
   4 2 0 2 0 2 4 3 1 0 0 2 1 4 0 4 2 3 0 3 3 4 4 2 3 2 4 1 4 4 0 1 0 4 4
   4 3 0 2 4 3 1 2 3 3 0 3 3 1 4 2]
  [0 2 3 2 4 0 3 3 1 2 4 3 4 3 2 2 4 4 0 1 2 0 4 3 2 1 2 3 1 0 1 2 2 1 2
   3 0 2 3 2 2 3 2 0 3 1 3 3 4 2 4 1 2 4 4 4 0 1 4 3 0 1 2 0 3 0 0 0 0 1
   2 1 1 3 4 0 1 0 1 3 4 1 0 1 2 2 3 1 4 0 1 0 2 4 2 0 3 3 0 1 4 2 0 1 3
   4 2 0 3 0 0 0 4 0 0 3 0 0 3 1 1]
  [0 2 4 3 3 1 1 1 0 2 3 2 1 4 1 4 2 3 3 0 0 4 0 0 1 0 0 4 3 0 1 0 1 0 2
   0 3 2 2 4 0 1 4 3 4 4 0 1 1 3 2 4 1 2 2 2 0 3 2 0 1 4 4 2 2 1 1 2 4 0
   4 0 1 4 3 3 1 1 4 2 3 2 1 1 3 3 0 0 1 4 4 3 4 2 3 0 4 4 0 1 2 3 2 0 1
   2 3 4 0 0 3 3 2 2 2 2 0 0 1 4 2]
  [0 0 4 3 4 1 4 3 0 3 0 4 4 1 4 4 2 2 3 1 0 4 0 2 4 2 2 4 4 0 3 3 0 1 2
   2 2 2 3 4 1 1 4 2 3 4 3 2 3 4 0 2 4 2 1 0 4 2 2 4 4 1 3 1 3 3 0 4 0 1
   3 4 4 3 4 3 3 4 1 1 4 3 3 4 3 0 1 2 0 3 0 0 2 3 4 3 4 4 3 4 3 0 2 2 3
   4 4 1 3 3 4 0 4 1 2 4 3 0 2 3 2]
  [0 1 0 4 3 1 1 2 2 0 3 2 0 3 0 1 0 2 3 2 2 0 0 1 3 3 1 1 0 1 3 0 2 4 1
   4 2 3 3 4 0 3 1 3 3 4 2 1 2 4 0 0 3 3 1 1 1 2 3 2 0 0 2 3 3 4 1 2 0 1
   3 1 2 3 3 2 3 2 3 0 1 2 3 0 2 3 1 1 2 0 2 0 4 2 3 2 2 4 0 4 1 4 1 1 4
   2 2 4 4 4 3 3 4 4 0 4 4 1 0 0 1]
  [0 2 3 0 0 0 0 4 3 0 4 1 3 2 0 4 3 4 1 4 1 1 0 1 3 3 1 0 0 1 4 2 3 4 2
   4 3 3 4 4 1 1 2 1 3 4 4 2 2 4 0 3 0 4 0 2 2 3 2 4 4 3 3 3 2 2 3 4 3 4
   3 4 4 2 0 0 2 3 1 0 1 3 4 3 3 4 1 0 0 3 4 2 4 3 3 1 1 3 0 1 4 1 4 1 2
   1 0 2 1 4 3 3 0 4 2 3 0 1 0 3 1]
  [0 0 1 2 1 4 4 4 2 1 1 1 2 0 2 0 0 3 3 4 0 2 3 0 0 1 0 3 1 0 4 3 2 1 1
   2 3 2 2 0 0 2 2 3 4 2 0 0 4 1 1 4 1 4 3 0 1 0 0 1 4 4 2 4 1 2 1 2 4 1
   2 2 4 0 0 3 1 3 3 0 2 0 3 4 2 1 4 3 3 3 2 1 1 1 3 3 3 3 0 4 2 1 2 4 4
   1 0 4 3 4 1 2 1 0 0 4 2 1 1 1 2]
  [0 3 0 0 4 4 4 1 1 1 3 2 1 1 2 1 4 0 4 1 4 2 2 3 0 2 1 1 0 3 4 1 0 4 1
   4 0 3 3 1 4 4 4 2 1 0 4 1 1 4 0 0 2 2 3 3 2 0 3 3 2 2 1 1 0 2 1 0 1 1
   4 3 1 2 1 2 4 0 1 1 4 0 1 2 0 4 0 0 2 2 0 2 4 3 4 0 0 3 1 4 2 4 0 4 1
   3 4 3 4 3 4 1 3 3 4 0 3 4 1 0 1]
  [0 3 1 2 0 3 2 1 4 4 1 3 4 2 3 2 3 2 3 4 2 4 3 4 0 0 1 0 2 4 2 1 1 2 2
   0 0 2 1 1 1 0 3 0 4 1 2 4 2 4 3 4 2 2 1 1 0 3 0 4 1 2 4 2 3 1 1 4 1 0
   0 2 1 2 1 3 2 1 4 0 1 3 3 3 2 1 3 3 1 1 0 4 1 3 4 1 3 4 0 1 3 2 3 3 2
   2 2 1 3 3 1 2 0 2 3 4 0 3 3 3 3]
  [0 3 3 2 0 0 2 3 1 2 3 1 2 4 0 3 0 4 1 0 0 2 4 1 2 0 0 0 3 1 0 1 0 2 1
   2 0 0 1 3 0 4 4 4 2 1 2 2 4 2 3 1 0 0 2 4 4 1 4 4 1 3 1 3 0 0 0 2 2 2
   4 1 3 2 0 0 0 4 0 4 0 3 4 1 2 1 4 0 0 3 0 4 1 3 3 2 3 1 1 4 3 2 3 2 1
   3 4 2 0 4 2 0 2 2 3 1 0 1 3 3 0]
  [0 1 3 2 3 3 4 4 0 0 0 1 1 0 2 2 2 2 0 0 4 1 2 1 4 0 4 0 2 1 2 4 3 2 2
   0 4 3 0 0 3 4 2 4 4 3 4 2 2 2 0 3 2 0 1 3 2 3 3 4 4 4 1 3 1 4 3 4 1 3
   4 4 2 2 2 1 0 1 2 2 4 0 0 0 1 3 0 4 1 3 4 4 4 3 4 4 4 0 0 0 0 0 0 2 1
   0 1 4 2 4 2 2 2 1 4 3 1 3 2 3 2]
  [0 0 0 3 0 0 4 4 3 4 1 1 1 0 4 0 3 4 0 0 3 2 1 4 2 2 4 4 0 3 0 0 0 1 0
   2 3 1 3 2 0 3 2 4 0 4 3 2 2 3 3 1 2 3 3 0 0 3 3 3 2 2 2 0 2 1 1 3 3 3
   3 4 0 2 3 4 1 3 4 3 1 3 2 1 4 3 1 1 1 2 0 0 0 3 4 3 3 0 1 1 1 2 2 1 4
   4 0 1 0 4 0 0 2 2 4 2 2 2 2 2 0]
  [0 4 4 4 4 4 2 3 2 2 2 3 2 2 4 4 3 1 3 3 3 1 4 4 4 2 3 0 3 0 0 3 3 0 0
   2 2 0 0 3 2 3 0 3 0 0 4 4 4 2 4 0 2 0 0 0 4 0 0 1 0 1 2 3 4 2 4 3 1 3
   3 1 4 3 4 3 3 3 2 2 2 3 0 4 0 4 3 1 0 1 3 0 4 2 3 0 3 2 1 0 2 4 1 2 0
   2 1 3 4 4 2 4 2 4 4 3 4 3 1 2 3]
  [0 3 2 0 1 2 4 3 4 2 2 3 2 4 1 1 2 3 0 0 0 2 3 3 1 2 1 1 4 3 0 2 3 1 1
   0 0 1 0 1 0 4 2 3 2 0 2 0 1 0 1 3 0 4 4 3 0 4 4 0 2 0 1 2 0 2 4 0 0 1
   0 4 4 1 4 0 4 1 4 1 1 1 1 1 1 4 2 3 3 2 4 2 2 1 0 4 1 4 4 4 1 1 1 1 1
   3 2 2 4 0 1 4 2 2 2 2 3 3 1 3 4]
  [0 3 2 1 2 4 3 1 2 4 4 2 1 1 0 0 3 2 4 3 0 0 0 4 1 2 4 2 2 4 4 0 0 2 1
   3 0 1 4 4 4 1 0 0 1 2 1 4 4 1 3 1 3 2 4 3 0 0 4 1 0 3 4 4 1 2 4 4 3 0
   3 1 4 4 4 4 1 4 2 4 1 2 3 2 4 1 0 4 4 4 3 2 4 0 2 1 3 4 4 4 1 1 0 0 4
   0 4 3 0 3 3 2 0 4 2 2 2 2 2 3 4]
  [0 0 3 3 3 3 4 2 4 0 1 3 1 0 2 1 1 0 1 3 0 3 2 4 0 1 3 4 1 1 1 1 0 4 2
   1 4 3 2 1 2 4 4 2 2 0 1 4 3 4 4 3 3 2 0 0 2 4 3 4 1 1 1 2 2 4 2 3 4 3
   3 0 1 0 4 0 4 4 1 0 0 4 1 1 1 4 2 4 2 4 2 1 4 0 0 2 0 1 2 1 1 3 2 1 1
   1 4 0 4 4 4 1 1 4 1 1 0 1 2 3 4]
  [0 4 1 2 4 1 1 0 4 4 2 4 3 2 1 1 3 4 2 2 0 0 0 1 2 1 1 3 4 3 0 1 1 0 3
   1 4 4 0 4 3 3 2 1 0 1 3 1 1 2 1 2 3 4 1 3 4 3 1 4 3 4 0 1 2 2 1 3 3 3
   2 1 3 2 0 0 4 4 2 4 4 0 1 3 1 2 2 4 2 0 2 1 0 4 0 3 0 0 2 2 4 4 0 0 2
   0 1 3 2 0 1 0 4 4 1 0 0 0 4 0 3]
  [0 3 1 3 4 3 4 2 0 0 1 2 4 2 2 3 0 1 4 4 3 3 1 4 3 1 1 2 3 4 3 1 4 0 0
   4 3 0 0 3 4 0 1 1 1 1 2 4 4 2 4 1 3 2 0 0 3 3 0 1 0 0 0 2 2 4 4 1 4 1
   4 3 2 2 1 1 4 1 1 0 3 0 4 2 4 1 1 3 4 1 4 4 1 1 2 0 1 2 4 1 1 1 0 2 3
   1 0 2 1 3 4 4 2 1 3 1 0 3 3 2 2]
  [0 0 2 2 1 4 2 3 3 4 0 4 4 0 2 0 0 1 4 3 2 3 1 2 3 3 1 0 4 4 1 4 3 4 1
   0 0 3 4 0 4 3 1 1 1 0 0 1 2 4 2 3 1 0 4 0 1 3 0 1 4 4 4 4 4 2 0 2 1 2
   3 0 1 0 3 4 0 2 4 2 3 4 0 3 1 3 3 2 1 2 0 1 0 2 1 0 3 0 0 3 2 0 2 2 3
   1 0 0 2 0 3 3 1 2 4 3 3 1 0 0 2]
  [0 4 3 2 3 1 2 1 0 2 4 3 4 4 1 0 3 3 0 2 0 1 2 3 4 2 1 1 3 1 0 2 1 2 1
   0 0 3 0 3 1 2 1 2 0 4 2 4 1 4 3 0 4 2 2 4 2 3 4 3 3 0 4 3 2 3 1 1 1 3
   0 0 4 0 0 2 4 0 1 0 2 2 1 4 4 2 3 0 0 0 4 4 2 1 4 4 4 0 4 3 2 2 2 1 0
   0 3 2 1 3 0 2 3 2 0 1 1 3 3 2 1]
  [0 2 2 0 1 1 4 1 2 1 4 4 2 2 4 0 1 4 2 1 0 3 1 0 3 2 1 2 3 2 0 0 1 1 2
   0 3 0 4 2 2 3 0 0 3 4 3 3 4 2 1 0 4 1 3 1 1 2 4 4 1 3 1 2 3 4 4 3 3 1
   0 4 4 2 2 1 4 0 4 0 0 4 2 4 3 3 4 1 3 1 2 3 0 1 2 3 1 2 1 0 3 3 1 1 0
   1 1 4 3 3 4 1 2 0 1 1 0 2 3 4 4]
  [0 2 4 0 3 4 3 4 1 2 4 0 4 0 0 0 0 4 0 1 0 3 4 4 3 4 3 1 3 4 1 2 3 3 0
   4 0 2 0 3 3 2 3 4 3 3 1 1 4 1 0 4 2 4 3 1 1 1 1 4 4 3 0 0 4 4 2 4 4 0
   0 3 4 3 0 3 0 3 4 4 4 3 1 1 3 0 3 4 4 4 0 4 1 2 0 3 0 4 2 3 0 1 1 1 2
   2 3 4 0 3 3 3 0 0 2 3 3 3 0 4 4]
  [0 1 0 2 2 1 2 4 2 3 2 1 2 0 1 1 3 0 3 4 1 4 3 4 0 2 0 2 3 4 3 1 4 1 3
   1 1 3 4 0 4 4 0 3 1 4 4 3 2 0 3 0 3 1 1 3 4 2 4 3 2 3 2 4 4 4 2 1 0 3
   3 2 4 4 4 2 0 2 4 2 1 3 4 0 2 0 2 0 0 3 1 4 1 1 3 4 2 1 4 4 2 4 2 1 2
   0 4 3 0 3 2 1 2 3 3 4 0 4 1 3 1]
  [0 2 3 0 0 2 2 0 1 2 4 3 2 1 4 1 1 0 3 3 0 2 1 4 4 4 3 0 0 3 3 1 3 4 3
   2 4 3 4 3 0 1 0 1 1 0 2 2 0 2 2 1 1 4 4 4 0 4 0 3 4 4 3 2 3 4 1 0 1 1
   2 3 0 2 1 1 3 3 2 3 4 0 2 2 1 2 4 1 3 0 0 0 0 0 0 3 3 0 0 0 1 3 4 1 3
   3 1 0 1 2 0 3 3 3 0 2 2 0 4 3 1]
  [0 2 1 3 3 1 1 2 1 1 1 2 3 4 0 0 2 3 3 0 3 0 2 4 0 1 1 3 3 4 1 2 0 2 3
   2 2 2 4 3 4 0 2 4 2 2 3 3 1 1 2 4 3 3 4 2 3 3 4 2 3 3 3 2 3 1 3 2 0 3
   1 2 3 1 2 2 3 2 3 0 2 1 2 2 2 2 4 2 2 1 3 3 1 3 2 0 1 0 3 3 3 2 2 1 2
   1 1 2 2 0 3 0 0 3 2 0 2 4 2 4 4]
  [0 3 2 3 3 3 2 0 3 0 1 4 4 3 3 2 2 0 3 4 3 1 1 1 2 4 2 3 4 3 0 2 1 4 0
   3 1 2 4 4 1 1 0 0 1 0 0 1 0 4 3 4 2 4 0 3 3 0 1 1 1 1 2 4 1 4 4 4 0 4
   0 3 4 0 1 0 4 0 2 1 2 0 1 4 4 4 3 0 4 3 0 2 3 0 0 0 1 3 4 1 4 4 3 4 3
   2 1 1 4 0 1 1 2 0 0 3 2 3 2 4 2]
  [0 3 1 1 4 4 4 2 3 1 2 3 2 4 0 1 2 3 4 3 2 1 0 3 4 0 0 3 1 2 3 2 4 3 1
   3 4 2 0 3 2 2 4 0 3 2 4 0 3 1 2 4 4 3 3 2 0 1 1 3 3 1 0 1 0 3 3 2 2 0
   2 3 1 1 0 3 2 3 3 0 0 2 3 0 1 4 0 3 4 2 1 4 4 4 2 4 1 0 4 3 1 0 3 1 0
   0 3 2 2 4 0 0 1 1 1 4 4 2 2 2 3]
  [0 4 3 3 2 3 3 1 0 1 4 1 1 3 2 0 4 0 3 2 3 1 0 2 2 4 3 2 0 3 0 2 2 3 3
   2 3 3 2 1 1 4 4 1 0 4 2 1 4 4 4 1 3 1 0 2 0 3 2 0 2 2 4 3 1 2 2 3 0 4
   1 1 2 3 2 3 4 0 1 2 0 4 3 0 4 3 4 4 1 3 4 1 0 1 1 1 0 2 2 3 3 2 3 1 2
   1 1 3 2 0 0 2 4 4 0 3 3 0 0 4 3]
  [0 0 4 0 0 2 2 1 4 2 0 4 4 2 4 4 0 2 4 2 0 3 1 0 3 0 2 0 2 1 3 2 2 2 3
   3 4 0 3 2 2 4 1 4 4 0 0 2 0 4 0 2 0 4 2 1 2 3 4 4 4 1 4 4 1 3 0 4 1 2
   4 3 3 3 3 0 0 4 1 2 2 3 0 3 4 2 3 2 3 1 3 0 3 4 1 1 0 1 3 2 3 0 2 2 3
   2 3 4 4 3 4 2 3 2 3 4 1 3 4 1 1]
  [0 3 4 4 4 4 2 2 0 4 1 2 0 0 4 1 2 0 1 4 3 3 0 3 3 4 2 0 4 2 2 2 1 0 0
   3 2 2 1 3 3 2 2 2 4 4 0 0 1 1 0 2 1 0 3 3 4 0 2 1 4 3 1 3 1 1 1 4 0 4
   1 4 2 3 1 0 1 1 0 3 3 2 3 2 3 4 4 3 1 4 2 1 3 2 4 0 3 1 0 3 2 1 1 3 0
   3 0 1 2 1 0 3 2 2 2 4 2 0 4 4 1]
  [0 4 1 0 1 1 3 0 1 0 1 2 2 3 4 0 3 4 4 4 3 1 1 1 1 4 4 0 0 3 2 2 3 0 3
   1 2 4 1 1 2 1 3 4 4 0 2 0 2 2 1 2 2 3 1 4 2 2 4 0 4 0 4 2 0 0 1 3 0 0
   4 3 1 1 0 1 2 3 3 0 3 3 0 0 2 4 0 3 2 3 1 4 1 3 0 3 2 3 1 0 0 0 1 4 2
   4 2 3 2 3 3 3 1 1 0 4 3 1 1 3 3]
  [0 0 3 2 3 0 3 2 0 3 0 4 3 1 3 4 2 4 0 4 2 4 1 4 2 3 3 1 3 3 3 3 1 2 2
   4 3 0 2 0 3 3 3 1 2 3 3 3 0 3 3 1 1 0 3 0 0 4 0 4 2 1 4 0 0 3 0 1 0 0
   0 2 0 1 3 1 2 2 1 4 4 0 2 4 0 1 3 3 0 4 2 2 0 2 1 0 1 0 0 3 1 2 1 0 4
   0 2 1 3 4 4 0 2 3 2 0 3 2 2 1 2]
  [0 3 2 2 3 4 3 3 1 1 1 4 0 0 3 0 1 1 1 1 1 0 0 1 0 3 0 2 3 4 0 3 4 0 2
   1 1 3 1 1 3 2 4 0 0 4 2 1 4 0 1 0 3 2 0 4 3 2 2 4 0 3 2 2 2 1 3 1 1 3
   4 1 2 4 3 2 4 0 1 3 4 4 3 1 0 3 3 2 1 1 2 0 0 3 0 2 1 3 4 4 4 4 1 3 4
   1 0 1 2 0 1 3 3 2 4 0 4 3 0 0 0]
  [0 0 1 3 4 3 3 2 0 0 1 3 4 2 0 4 2 3 1 1 1 3 3 3 3 3 3 4 3 0 1 0 3 3 3
   0 0 4 3 3 2 3 0 2 0 1 3 3 0 4 0 2 2 3 2 1 4 0 3 4 1 0 1 4 2 2 3 3 1 1
   3 3 3 2 0 1 0 1 4 4 2 3 2 4 3 3 2 1 4 4 1 3 1 1 2 2 3 0 2 0 1 1 1 1 1
   0 4 4 0 0 3 2 1 3 4 4 2 1 3 3 0]
  [0 2 3 3 1 0 1 3 0 1 1 4 3 0 0 0 4 1 2 0 1 3 4 4 3 2 1 1 3 4 2 0 4 4 4
   0 4 1 4 4 1 0 1 1 0 0 0 2 2 1 2 0 3 1 0 0 2 1 0 3 0 0 4 0 4 4 2 1 2 1
   2 0 2 0 0 2 2 4 4 3 2 4 2 0 4 0 1 3 1 1 4 0 1 4 2 0 1 4 1 2 3 3 4 2 4
   3 0 0 3 4 1 3 1 3 4 3 1 3 4 1 0]
  [0 1 2 2 0 1 3 3 1 2 1 1 4 1 2 4 3 3 2 4 2 4 1 4 1 3 0 0 0 0 1 3 0 1 0
   1 4 3 3 0 1 4 0 2 4 2 4 4 0 2 0 0 0 1 1 4 4 1 1 4 2 0 0 1 3 3 2 2 4 4
   4 2 1 4 2 1 1 4 2 2 0 2 2 2 4 0 2 4 0 2 2 4 4 2 2 2 0 1 2 0 3 2 3 2 3
   4 1 2 4 1 4 4 3 0 1 2 1 3 3 3 0]
  [0 2 2 1 1 3 0 1 2 4 2 1 0 0 4 4 2 1 0 1 3 2 3 3 2 3 3 2 4 2 3 1 3 1 3
   2 0 4 0 4 1 0 2 4 2 1 1 0 0 0 0 3 1 0 4 2 3 1 3 2 1 3 0 1 4 3 1 3 3 1
   4 3 4 1 1 4 3 0 2 1 3 2 1 2 2 3 4 2 2 0 3 4 0 1 1 4 0 2 2 1 2 4 2 1 1
   1 4 1 2 0 1 4 0 1 0 2 0 2 1 1 1]
  [0 1 4 0 3 3 2 2 2 1 4 1 1 3 1 0 3 4 2 4 3 3 2 0 0 2 2 0 0 3 2 1 4 1 1
   4 4 1 2 2 0 4 3 4 2 2 1 2 4 1 4 1 2 1 0 2 4 3 0 1 2 1 2 0 2 3 4 0 1 2
   3 0 2 3 2 2 1 3 3 0 2 3 0 2 4 4 0 2 0 3 4 3 2 2 3 0 4 2 4 1 4 0 2 1 0
   1 4 2 3 3 1 0 2 4 1 1 2 3 2 3 3]
  [0 2 4 4 4 3 1 2 3 0 1 2 1 2 1 1 2 0 3 2 0 0 4 1 2 1 4 0 4 3 0 3 4 2 0
   4 1 4 1 4 3 3 4 3 0 0 1 1 3 2 2 0 1 4 0 0 3 0 0 4 1 0 4 3 4 1 4 2 4 1
   2 4 2 0 4 2 1 3 3 3 3 4 0 3 4 0 3 2 2 4 1 3 0 0 0 4 3 3 2 3 3 4 0 1 4
   1 1 2 4 3 3 1 0 4 3 1 0 2 1 1 1]
  [0 3 4 1 4 3 1 4 0 4 2 1 0 1 0 1 1 2 3 3 2 0 1 3 1 1 3 1 4 3 0 2 0 0 2
   3 0 0 4 1 0 0 1 3 3 1 0 0 1 4 1 4 3 2 4 1 0 2 1 0 4 0 4 4 3 4 3 4 3 1
   4 0 0 4 1 4 3 3 4 3 1 0 2 1 3 2 4 1 3 3 4 4 1 0 2 2 3 0 1 1 3 3 0 3 2
   3 4 4 1 3 0 4 4 0 3 2 3 3 1 4 3]
  [0 1 3 0 4 2 1 4 0 3 2 2 0 1 1 1 1 3 4 1 4 4 4 4 1 0 2 0 1 3 0 3 2 2 0
   0 0 4 4 4 2 2 3 1 4 4 3 2 1 1 0 2 0 3 3 1 4 0 4 0 1 0 0 2 1 3 4 0 4 0
   2 4 0 1 1 4 2 4 4 4 2 4 0 0 0 4 2 4 2 3 2 0 2 2 3 0 2 0 0 2 0 3 3 0 2
   2 4 0 4 1 1 1 2 1 4 3 4 2 3 0 2]
  [0 2 2 1 0 4 3 3 0 3 3 4 2 1 0 0 3 0 2 4 2 0 1 2 1 1 4 1 3 1 1 4 1 3 4
   2 4 4 3 2 3 2 0 2 4 4 0 3 3 1 0 2 3 1 4 2 3 3 0 4 2 3 2 3 4 0 2 4 2 3
   2 1 0 3 1 0 2 2 2 2 1 3 0 3 4 0 2 1 1 0 1 4 2 2 4 4 3 0 3 0 2 2 1 1 4
   0 3 4 4 0 3 2 0 0 2 1 0 0 2 2 4]
  [0 3 4 4 1 1 2 2 4 0 4 4 2 1 2 0 2 1 2 3 3 3 1 3 1 3 4 2 4 3 0 2 1 4 3
   2 3 4 1 4 2 4 2 0 0 3 1 3 2 1 2 3 4 0 0 0 0 4 3 0 2 0 1 3 2 3 2 1 3 2
   0 3 4 3 0 1 0 1 2 1 0 0 4 1 4 4 0 4 3 1 1 2 0 0 3 2 1 2 1 0 2 1 0 3 3
   1 2 2 0 1 3 4 2 1 2 4 1 1 2 3 4]
  [0 1 2 1 4 1 4 1 3 2 1 1 1 1 2 3 1 2 2 2 0 4 1 2 2 3 2 2 3 0 3 3 3 3 1
   4 0 1 2 0 1 0 1 0 4 3 1 3 0 1 0 3 3 0 3 2 4 0 1 1 0 2 0 4 4 4 1 2 0 1
   2 3 4 1 0 4 4 2 1 4 2 4 2 3 2 2 3 3 1 3 2 1 2 3 0 2 4 2 3 0 0 4 1 4 3
   0 4 1 2 0 0 4 2 3 3 2 1 3 2 0 4]
  [0 2 0 2 2 3 2 3 3 0 0 0 1 4 0 2 4 2 0 0 0 2 2 3 3 3 4 0 1 3 0 2 1 1 2
   1 2 3 0 0 2 1 2 1 2 0 0 1 2 0 1 0 3 4 0 3 4 4 2 3 3 0 3 0 1 2 0 3 3 3
   2 2 3 3 0 1 0 2 4 0 3 4 2 3 0 1 3 4 2 3 2 4 2 3 4 3 3 0 2 2 0 1 4 3 3
   2 2 3 3 3 3 1 3 4 1 1 1 0 0 0 3]
  [0 2 0 3 0 2 3 0 2 1 3 4 1 3 4 0 3 4 2 4 1 3 2 0 0 2 2 0 2 1 1 4 4 0 3
   2 2 0 1 3 4 3 4 3 3 3 2 3 3 4 3 0 2 1 0 2 1 2 1 4 3 3 0 2 1 1 4 3 4 2
   4 0 4 2 4 0 2 4 1 0 3 4 0 4 2 0 1 0 4 3 4 2 2 0 3 1 0 1 3 0 1 4 4 1 3
   4 0 0 0 0 1 0 2 0 3 4 1 0 1 2 3]
  [0 0 3 2 0 2 0 0 1 1 3 1 4 4 1 1 4 0 1 4 1 0 4 2 4 3 2 3 0 1 4 4 3 4 2
   1 0 3 3 1 1 4 3 2 4 1 4 3 1 4 4 2 4 4 1 3 4 3 1 0 1 2 0 0 0 0 2 3 1 1
   2 3 1 3 4 0 0 4 4 4 0 1 4 1 3 1 3 1 1 2 1 4 1 4 1 3 2 2 4 0 1 3 2 3 4
   1 0 1 2 4 3 3 2 3 2 0 4 2 2 0 0]
  [0 3 2 1 1 4 3 2 4 1 4 4 2 4 2 4 1 4 2 3 1 1 2 0 0 4 3 2 4 3 0 4 0 1 4
   1 2 2 2 2 3 4 0 1 1 3 0 3 2 3 0 3 1 3 0 3 1 1 4 3 3 4 3 4 0 4 4 0 1 4
   1 4 3 4 0 2 4 2 0 0 4 2 3 1 3 1 1 4 3 0 3 2 3 4 3 3 3 1 4 4 3 4 4 3 4
   2 0 2 2 2 0 2 1 0 0 2 0 2 0 0 0]
  [0 2 2 0 2 1 2 0 1 0 2 4 2 1 0 2 2 3 4 3 3 4 4 3 3 4 1 1 2 0 1 4 4 0 4
   0 1 4 2 2 2 3 2 4 3 0 1 3 0 2 0 2 1 2 2 1 1 3 2 1 0 3 3 4 4 0 1 2 1 2
   1 0 0 4 3 4 3 0 4 1 1 1 0 1 0 2 4 3 0 1 4 2 1 2 3 3 4 2 2 3 2 3 2 3 2
   4 0 3 3 3 0 0 4 1 2 0 2 4 3 2 2]
  [0 2 1 3 2 2 1 4 0 0 4 4 1 4 0 1 2 3 2 0 0 3 0 2 2 4 4 1 2 2 0 2 2 2 0
   4 4 1 2 4 4 4 2 4 0 2 1 4 1 1 4 2 2 4 3 4 3 1 2 2 1 0 3 2 3 0 0 4 0 4
   4 1 2 2 1 4 4 2 4 0 0 3 0 4 3 2 3 4 3 2 4 4 1 4 2 3 4 1 4 3 0 1 2 4 2
   3 0 4 4 0 3 4 1 0 2 3 1 4 0 0 0]
  [0 4 1 3 3 3 1 2 0 3 0 3 3 1 1 4 1 3 3 2 1 0 3 4 2 0 3 0 4 2 0 2 1 3 1
   0 2 1 1 4 4 1 4 0 1 3 4 4 0 2 0 4 4 4 0 1 1 1 2 3 2 1 0 3 1 4 0 0 1 4
   4 1 4 2 4 1 3 3 0 4 0 3 2 4 4 4 0 3 4 1 1 4 4 2 0 3 4 1 3 3 4 0 3 4 0
   3 0 2 0 2 2 1 3 3 2 2 0 2 2 2 1]
  [0 2 2 4 4 3 4 2 0 1 0 2 2 0 1 1 4 3 2 2 4 0 0 0 2 2 4 2 1 0 4 0 1 1 1
   1 3 4 3 1 4 4 4 0 3 4 3 4 0 3 2 1 0 0 2 4 4 0 0 2 2 1 4 3 3 3 4 4 0 3
   3 2 4 0 4 0 3 0 3 3 0 3 2 4 2 2 1 4 3 3 1 1 4 4 1 2 3 4 4 4 4 0 4 4 4
   4 4 1 2 0 1 1 3 2 4 2 4 3 4 3 3]
  [0 4 1 1 0 4 3 0 3 1 4 4 1 3 3 0 2 4 0 1 3 1 0 2 3 1 1 4 0 0 3 4 1 2 1
   3 2 4 3 1 1 3 1 2 0 4 1 4 3 1 0 0 1 2 0 3 1 2 2 1 2 4 2 2 2 0 0 1 2 0
   2 3 2 0 3 1 2 4 2 1 3 0 4 4 3 1 0 3 3 3 0 3 2 3 1 1 0 0 2 3 0 0 4 4 2
   0 3 1 1 1 1 1 3 1 3 3 3 4 1 0 0]
  [0 1 0 0 4 2 2 0 4 4 0 0 1 1 1 0 1 0 1 4 1 4 1 0 2 1 2 3 4 3 2 2 4 0 1
   4 4 3 4 0 3 3 1 0 3 3 3 0 4 1 0 0 4 3 4 0 4 0 2 0 4 1 3 4 1 2 1 2 0 1
   0 3 0 1 0 1 3 2 4 1 3 3 3 2 1 1 4 4 0 0 1 0 4 0 3 4 3 3 2 3 1 3 2 0 3
   3 1 3 3 0 1 1 3 2 1 2 1 2 3 1 4]
  [0 0 0 2 0 0 2 3 1 2 2 3 2 4 3 4 0 0 2 1 0 2 3 2 3 2 0 0 2 1 0 3 0 1 1
   4 3 0 0 1 3 0 3 3 1 4 2 1 4 2 0 1 4 0 3 2 4 4 1 0 0 1 1 4 2 1 4 2 1 2
   4 0 0 2 0 3 2 3 0 3 4 3 1 4 2 4 0 0 3 1 3 0 4 0 0 3 0 1 3 0 2 1 0 1 2
   3 3 2 0 2 4 2 3 1 1 4 0 0 1 3 0]
  [0 2 0 1 1 3 4 4 0 4 4 3 0 2 0 2 3 0 0 2 3 1 3 0 2 3 1 0 2 4 2 4 1 0 1
   1 0 3 0 2 3 3 1 0 1 4 1 1 4 1 3 4 4 2 1 4 1 0 3 3 0 2 3 2 4 4 3 1 0 1
   2 3 0 3 3 4 0 3 3 2 1 1 0 0 2 1 2 3 2 2 3 4 1 2 1 2 1 2 3 2 2 2 0 3 1
   1 1 1 1 0 3 4 3 1 2 4 4 0 2 3 2]
  [0 0 0 0 2 1 0 1 4 1 1 3 4 4 3 2 1 3 0 0 1 0 0 1 3 3 0 1 2 0 4 3 2 0 0
   1 1 3 2 3 1 1 3 4 4 2 4 2 2 0 4 0 1 3 0 4 2 0 1 4 0 2 2 1 2 2 4 3 4 3
   3 4 2 0 4 1 0 0 0 3 2 4 0 0 1 3 4 4 3 4 2 3 0 2 0 3 0 4 2 0 0 3 3 0 2
   0 0 2 3 1 0 0 0 4 1 4 1 1 4 2 0]
  [0 2 3 0 2 1 0 2 4 3 2 3 0 4 3 1 4 0 2 4 3 0 1 3 2 0 4 2 0 0 1 2 3 4 2
   2 0 2 4 0 1 4 2 2 1 0 3 3 4 0 3 2 0 1 3 2 3 3 3 0 2 2 1 3 1 3 2 0 0 4
   1 0 0 3 0 0 2 2 1 3 3 0 2 2 2 0 3 1 2 1 1 3 3 3 0 3 1 0 3 0 2 0 0 4 4
   2 0 3 0 0 2 1 1 4 4 4 1 0 4 0 1]
  [0 2 4 2 4 2 0 2 1 3 0 0 0 4 0 2 1 3 3 3 4 0 3 1 0 1 1 2 0 1 4 3 2 1 3
   0 0 1 1 1 0 0 0 1 1 2 0 3 2 1 0 0 0 2 4 0 4 2 2 1 2 1 2 2 1 2 3 4 4 3
   1 4 0 1 4 0 1 4 1 3 1 0 3 4 0 0 0 1 3 3 3 2 4 4 0 1 1 0 0 3 3 3 4 0 3
   3 1 4 2 1 4 1 0 0 3 2 3 2 1 0 0]
  [0 0 1 0 3 4 3 4 2 3 0 3 3 4 2 3 3 3 0 3 4 1 1 1 4 0 0 0 4 0 2 4 0 3 2
   1 4 4 0 3 3 2 1 0 2 0 0 2 1 4 1 4 3 4 2 4 1 0 2 4 3 4 3 2 2 1 4 3 4 4
   3 4 0 2 4 1 0 4 0 2 4 0 3 2 4 3 3 4 0 3 2 4 0 3 2 4 3 2 4 4 0 0 3 0 4
   4 3 2 2 2 0 3 0 4 1 2 1 2 0 1 3]
  [0 0 1 0 1 3 4 1 3 2 1 3 3 1 4 1 4 2 0 1 0 2 0 2 2 2 4 4 3 4 4 4 4 1 4
   4 2 1 3 4 3 0 0 3 4 4 1 4 2 1 0 3 2 0 2 2 1 2 4 0 0 0 3 4 1 4 1 2 2 0
   2 4 1 4 4 0 2 0 1 2 4 1 4 4 1 3 2 1 0 4 2 4 0 2 1 3 4 0 2 3 3 3 0 2 3
   4 1 2 2 3 2 3 3 2 1 0 2 3 2 0 1]
  [0 3 2 0 4 4 0 0 2 4 4 0 3 1 2 2 2 2 1 4 3 1 0 3 1 0 2 2 3 4 2 4 1 0 4
   2 4 2 2 3 1 4 3 2 4 2 2 0 3 1 1 1 4 0 1 4 2 1 2 4 4 2 4 4 2 3 0 1 3 3
   3 1 3 0 3 3 2 2 0 4 2 1 0 1 3 4 0 4 4 4 2 3 4 2 0 4 3 0 2 1 4 3 4 4 1
   0 0 1 1 1 4 3 4 1 1 0 2 2 4 1 1]
  [0 2 2 0 0 0 1 3 2 1 2 4 4 2 2 2 0 1 0 4 0 2 4 2 1 1 4 3 0 3 3 2 2 2 2
   1 2 4 2 4 0 2 3 0 0 0 2 1 1 3 2 4 3 0 2 0 2 1 0 1 4 0 3 1 2 4 2 0 3 4
   0 3 2 2 3 1 2 2 4 0 1 1 0 1 2 0 0 2 0 2 0 3 4 1 0 0 0 4 1 3 4 0 1 3 2
   4 4 4 3 2 1 3 2 3 2 2 4 1 1 0 1]
  [0 3 0 2 4 1 0 1 2 4 4 1 3 1 0 0 0 2 2 2 0 2 1 1 0 4 1 0 0 4 1 0 3 0 1
   4 2 2 0 4 3 0 2 3 3 3 1 2 4 0 3 3 2 3 3 1 2 3 2 0 4 2 0 3 0 2 2 0 2 1
   2 3 3 2 1 2 0 1 2 2 0 2 4 2 1 1 4 4 3 1 0 2 1 2 2 2 4 0 3 2 0 4 3 0 4
   2 4 4 4 4 0 0 4 4 3 1 0 0 4 4 1]
  [0 2 4 2 3 2 3 3 1 3 3 3 0 1 3 1 2 1 1 0 4 1 3 3 3 1 1 0 0 1 1 4 3 3 3
   4 3 1 3 1 2 2 4 4 0 1 2 3 0 2 1 0 3 2 2 1 0 0 0 1 3 2 2 1 0 3 0 2 1 4
   2 4 0 0 3 2 3 3 2 3 3 0 3 1 4 4 1 2 3 0 0 2 4 1 2 1 3 1 1 4 0 2 2 2 0
   2 1 1 1 4 3 1 4 3 2 1 0 4 4 4 4]
  [0 0 4 0 4 1 3 3 4 1 2 3 4 0 3 0 0 3 2 4 1 2 4 3 1 0 0 4 3 3 2 1 0 2 1
   1 1 0 1 2 1 2 4 4 4 1 4 1 1 2 2 2 1 4 2 0 2 3 0 0 0 3 2 0 1 1 2 3 4 4
   2 3 1 3 4 1 4 4 1 1 0 0 0 3 1 2 3 1 3 3 3 0 4 2 2 4 2 4 2 3 3 4 3 0 0
   0 2 2 4 4 3 4 3 3 2 1 1 0 2 1 0]
  [0 2 0 3 4 2 3 4 4 2 3 1 1 4 2 1 4 1 3 0 4 3 3 0 2 3 4 2 3 1 2 0 4 0 0
   0 3 3 2 1 0 1 2 1 3 1 3 4 1 1 4 3 1 0 2 3 1 2 3 4 1 4 2 0 0 4 0 3 4 4
   1 1 4 0 2 2 1 1 0 0 1 4 4 0 3 1 4 2 2 3 2 1 3 2 1 4 4 3 1 4 4 4 0 0 0
   2 4 3 4 1 1 2 0 1 4 1 1 1 0 1 4]
  [0 2 3 0 1 3 2 0 4 0 3 1 3 0 3 0 3 0 2 3 3 3 3 2 1 0 3 0 0 3 1 2 2 3 2
   4 4 1 3 0 3 3 2 0 1 2 0 1 0 3 2 0 4 2 0 1 3 0 1 3 1 1 0 3 1 1 3 3 4 4
   2 3 4 2 3 4 3 0 2 0 0 4 2 4 0 0 4 3 4 2 1 0 2 1 0 1 2 1 4 3 4 4 1 4 3
   2 3 2 4 2 2 2 4 2 2 1 2 2 1 4 1]
  [0 3 4 0 4 1 3 1 1 1 1 1 4 3 1 4 2 3 1 4 1 0 2 2 3 1 3 3 2 2 4 1 2 0 3
   1 3 3 3 4 0 0 2 1 4 4 3 0 2 4 1 1 4 3 1 4 0 1 1 2 2 0 4 4 2 2 4 3 0 3
   4 2 3 1 3 4 3 1 0 3 2 0 1 0 3 0 4 2 1 3 4 0 4 4 3 2 0 4 3 3 4 1 3 3 2
   2 0 0 1 1 4 2 2 4 0 3 1 4 2 4 1]
  [0 4 2 1 4 3 0 2 3 2 4 2 4 0 3 1 2 0 3 0 3 2 3 0 2 1 2 0 0 4 0 2 0 3 2
   0 2 3 0 1 0 4 1 2 0 2 0 0 0 0 2 1 3 1 3 1 0 0 1 3 2 1 0 2 3 4 4 4 1 0
   2 1 2 0 4 3 4 4 3 2 2 0 1 2 0 1 0 2 1 4 2 0 2 4 3 2 3 2 4 0 0 1 3 4 0
   2 4 4 3 2 1 4 2 3 3 3 3 2 4 1 2]
  [0 1 3 1 0 2 1 1 0 3 0 0 4 2 0 0 3 1 0 3 1 0 4 0 3 2 2 3 2 3 1 1 1 1 1
   1 1 4 1 0 0 0 0 2 3 4 0 1 2 1 1 1 3 3 0 4 1 0 1 4 2 2 3 0 1 3 2 4 4 0
   1 0 0 0 0 2 1 0 4 1 4 2 4 1 0 0 2 0 0 4 0 1 2 3 1 0 1 4 2 4 3 3 4 1 1
   2 2 2 2 0 2 2 4 0 3 0 3 2 0 4 2]
  [0 4 2 0 2 4 0 2 3 1 3 4 0 4 3 3 2 4 3 0 2 2 2 3 1 4 4 1 2 2 4 1 3 0 4
   3 2 0 3 1 2 0 0 2 2 3 4 1 4 2 4 1 4 4 3 1 2 1 0 1 3 4 2 1 2 3 4 0 2 3
   4 0 0 4 0 0 2 1 2 1 3 1 1 4 4 1 4 0 0 0 2 1 4 3 3 4 0 0 0 3 4 1 3 1 2
   2 3 0 1 2 2 4 3 2 2 2 1 0 1 1 3]
  [0 1 4 4 4 3 4 2 1 1 2 4 4 4 2 0 1 4 0 0 3 0 2 1 4 0 3 0 0 0 4 3 1 2 2
   4 1 1 4 1 0 3 0 4 4 1 1 4 0 0 3 0 4 2 2 0 3 4 0 2 2 0 0 2 1 0 1 0 0 3
   1 2 1 0 2 3 1 1 4 1 3 4 1 4 3 2 2 1 3 0 1 3 0 3 3 3 2 4 2 1 1 0 0 3 2
   4 3 4 0 4 1 0 1 0 3 3 1 4 3 2 0]
  [0 4 2 1 1 0 2 1 0 2 0 1 0 1 0 4 2 2 1 2 3 2 0 1 0 0 0 2 0 0 4 0 3 2 4
   1 3 0 0 1 3 3 1 4 2 2 4 0 3 2 0 1 3 2 0 1 2 1 0 1 1 4 4 3 1 2 2 0 2 1
   3 0 3 1 1 3 0 0 0 1 1 1 0 2 1 3 1 3 2 3 0 4 1 0 4 1 2 4 4 0 3 0 2 1 4
   3 3 4 4 2 4 0 3 1 0 0 4 2 2 1 1]
  [0 4 2 1 0 0 2 4 0 4 4 0 3 2 1 0 1 2 4 3 3 4 2 4 2 3 1 3 3 4 2 0 2 0 4
   0 3 0 3 3 1 3 4 4 0 3 3 3 4 0 4 3 3 0 0 0 2 4 3 3 2 0 1 3 4 3 3 0 2 3
   2 3 4 3 2 4 0 2 0 1 2 3 1 4 4 3 0 1 4 1 2 0 1 0 4 1 4 3 3 4 4 2 1 3 0
   0 1 3 4 4 3 2 1 3 4 4 4 3 2 1 0]
  [0 2 3 2 0 1 4 3 2 2 1 4 2 3 0 4 1 2 2 2 0 3 3 0 3 1 2 3 3 0 2 2 0 4 4
   2 2 0 2 3 3 2 4 2 0 0 2 2 3 2 4 4 0 4 4 0 1 1 1 2 2 0 0 0 2 2 3 1 4 4
   1 3 2 4 1 3 4 2 2 4 1 3 4 4 4 2 3 4 3 0 0 2 0 1 4 0 1 4 4 0 4 0 0 0 1
   4 4 4 0 0 3 0 1 2 4 0 4 2 2 4 2]
  [0 2 2 3 2 0 1 4 3 1 0 0 1 3 1 3 0 3 0 0 3 3 2 2 1 4 1 0 3 0 1 0 1 4 2
   0 2 1 0 0 4 4 1 4 0 0 4 3 2 0 0 4 2 1 4 2 3 3 0 3 1 1 4 1 4 0 2 1 3 2
   2 3 1 0 2 1 4 2 4 3 4 1 1 2 3 2 1 1 4 2 3 2 0 0 0 2 0 1 2 2 1 2 1 1 3
   4 1 1 3 0 1 3 1 2 2 4 0 0 0 0 4]
  [0 2 4 0 2 1 0 0 2 1 0 4 2 3 0 2 2 2 2 4 2 2 2 1 3 1 0 1 4 1 0 1 3 1 4
   4 0 1 2 3 0 3 2 0 1 4 0 3 1 4 2 4 0 2 2 4 3 0 2 3 0 0 4 4 3 3 3 2 2 3
   2 4 1 3 4 2 3 1 1 1 0 2 2 3 2 3 1 0 1 1 4 0 1 4 0 4 4 1 0 1 0 1 1 0 4
   4 2 3 4 4 3 4 3 2 2 3 1 3 1 1 2]
  [0 3 0 1 2 2 3 4 1 2 0 4 2 3 2 0 2 4 2 2 2 1 3 1 2 4 3 1 0 2 1 2 4 2 0
   1 1 1 4 4 4 1 4 0 1 1 3 0 1 2 1 0 2 4 0 3 1 3 3 4 0 0 0 3 2 3 3 2 4 4
   1 4 1 4 3 2 2 2 2 4 2 1 2 4 0 3 2 1 1 0 3 4 4 1 2 0 4 2 2 1 0 3 4 3 4
   0 3 4 3 1 2 0 2 2 1 4 0 3 3 3 4]
  [0 1 3 2 3 4 3 4 1 0 3 0 4 2 3 1 3 2 1 0 2 1 0 3 3 0 1 3 1 4 3 4 1 1 3
   2 2 3 4 1 3 4 1 1 4 0 1 2 1 1 0 0 4 2 0 1 1 1 1 3 1 1 3 4 3 0 4 1 2 4
   4 2 3 0 3 1 2 0 2 2 0 1 0 2 1 4 0 4 1 0 4 2 4 0 0 2 0 1 0 1 2 0 1 4 4
   3 1 1 2 0 0 1 1 3 2 3 0 1 1 2 2]
  [0 0 0 4 2 4 0 3 3 4 1 1 1 3 0 2 2 4 2 4 1 4 3 3 3 0 4 1 0 3 4 3 3 2 3
   1 1 3 2 3 2 2 1 2 0 1 1 1 0 1 4 3 2 1 4 0 3 0 3 1 1 2 3 3 0 4 2 3 2 4
   4 2 0 4 0 3 4 3 3 3 3 2 3 4 1 3 3 1 4 3 3 3 3 2 1 4 4 0 1 4 1 0 4 3 3
   4 2 4 0 2 4 2 3 0 2 1 0 2 4 3 1]
  [0 2 1 4 2 3 1 0 1 2 3 3 1 1 2 2 4 4 0 3 1 4 3 2 2 2 4 2 3 2 2 1 0 1 1
   4 4 3 4 1 3 3 0 4 3 3 3 0 3 0 2 0 0 2 2 3 1 3 4 3 3 0 1 1 2 2 3 0 2 1
   0 4 1 3 3 1 3 3 0 1 0 2 0 0 4 1 2 1 4 4 3 2 4 2 0 0 1 3 0 1 2 2 2 2 1
   0 2 3 1 1 0 1 3 0 2 4 0 2 0 4 2]
  [0 2 1 0 3 1 3 4 3 1 1 4 0 1 4 1 0 1 2 2 4 0 3 4 4 0 0 2 2 1 3 2 3 3 2
   2 2 0 3 4 2 2 4 4 2 1 1 1 3 3 4 2 0 4 4 2 2 4 2 2 1 2 0 3 2 1 0 4 0 4
   1 2 1 3 2 0 0 0 3 0 2 4 2 3 2 2 0 3 0 3 0 3 3 2 3 4 3 2 1 0 4 3 0 0 4
   3 4 2 4 1 2 2 1 3 3 4 1 0 1 4 2]
  [0 3 4 1 1 1 3 3 3 3 1 3 2 2 0 2 1 1 1 1 1 3 2 2 3 3 1 2 0 2 3 2 2 1 1
   0 3 3 1 3 2 4 0 4 0 0 0 4 4 1 2 2 4 1 1 4 0 3 0 4 0 4 3 0 4 0 1 3 3 1
   4 2 4 1 2 2 0 3 1 3 3 1 0 3 2 2 3 2 4 3 0 4 1 4 0 2 2 3 2 0 0 3 1 0 1
   2 0 1 0 4 1 0 3 0 1 2 3 1 4 3 3]
  [0 2 1 2 0 2 0 2 2 3 4 1 3 2 0 4 0 3 0 2 3 4 4 4 0 0 2 1 4 2 1 3 3 0 3
   2 0 4 3 0 1 3 0 2 2 2 4 4 3 1 4 0 2 3 2 2 3 2 3 3 0 4 0 0 2 3 0 3 2 3
   4 0 2 4 4 1 1 3 1 4 3 0 4 4 0 0 4 0 2 4 2 0 3 3 4 1 0 4 4 0 4 0 4 0 3
   1 0 1 3 2 2 3 2 1 4 3 3 4 2 2 4]
  [0 4 1 2 1 3 3 4 1 0 0 0 3 3 3 4 0 3 4 0 0 4 1 2 4 1 3 3 1 3 1 3 2 2 4
   2 2 0 4 1 0 0 3 3 2 3 2 0 0 4 2 1 0 3 1 4 3 0 0 0 1 3 4 2 3 2 4 4 0 4
   4 1 1 0 2 1 2 0 4 1 1 1 4 4 2 0 1 4 1 1 2 1 3 3 0 0 0 3 2 2 4 3 0 2 0
   4 4 0 2 1 4 3 2 4 0 2 1 1 2 2 1]
  [0 1 1 3 1 1 1 0 2 1 2 2 4 3 1 1 1 1 0 2 1 0 2 2 0 3 0 1 2 1 2 0 0 0 2
   2 3 3 2 1 2 0 2 0 3 2 4 4 4 3 3 2 0 1 2 4 3 4 2 4 4 0 2 4 0 0 2 1 3 3
   3 2 1 3 3 3 2 0 0 0 2 0 1 0 0 0 3 3 4 0 3 4 0 3 0 4 2 4 1 0 4 1 4 0 1
   0 4 2 1 3 1 4 3 1 3 4 0 2 3 2 3]
  [0 1 0 1 4 2 0 4 2 4 4 1 1 4 3 4 0 0 3 0 1 0 0 0 4 4 3 1 3 2 0 0 2 4 1
   3 0 2 2 2 0 0 0 3 4 0 4 4 2 0 3 0 2 0 4 1 2 2 3 0 4 1 1 2 3 2 0 3 2 3
   4 0 4 3 1 4 4 2 0 1 1 1 4 4 2 3 3 1 1 3 2 4 1 2 3 4 0 0 0 1 3 1 0 0 0
   3 0 1 2 1 2 2 4 3 1 0 4 2 1 1 0]
  [0 1 2 4 1 4 3 0 4 4 2 4 4 1 1 1 2 2 4 0 1 1 3 0 4 4 3 0 4 0 4 0 4 1 3
   3 2 1 3 1 0 0 0 4 4 1 0 4 2 1 0 1 1 3 4 2 2 3 4 4 2 1 4 1 3 0 0 0 4 3
   4 0 3 3 2 3 1 3 3 2 2 2 1 4 2 2 1 2 3 1 4 0 2 4 1 0 0 0 3 4 1 1 1 4 4
   0 4 4 3 1 4 3 1 4 2 2 1 4 3 1 1]
  [0 2 1 3 2 4 2 3 4 3 0 1 4 0 1 1 3 0 2 3 2 3 1 3 1 0 1 4 1 1 1 2 0 2 0
   2 4 3 3 3 3 0 1 0 4 0 3 4 3 2 2 3 2 0 1 4 3 4 3 1 4 4 2 4 2 0 3 1 2 0
   4 1 3 2 4 1 4 3 1 3 2 2 2 4 2 2 1 0 2 0 0 3 4 3 2 4 3 2 4 4 1 3 2 0 2
   2 0 1 3 2 0 2 1 1 2 3 4 3 1 2 3]
  [0 2 1 2 1 4 4 2 0 2 4 1 2 1 1 2 1 3 2 2 4 0 4 2 3 4 4 4 1 4 3 4 2 2 3
   0 1 0 3 3 4 1 0 3 2 1 0 1 2 1 0 1 2 2 4 3 0 0 4 4 0 0 1 1 2 4 4 3 1 4
   3 3 2 0 1 3 3 3 1 0 2 1 2 3 2 2 2 3 2 0 3 0 2 4 1 2 1 1 4 3 2 1 0 3 3
   2 4 0 1 2 0 0 4 3 2 3 1 0 2 0 0]
  [0 0 4 4 4 0 1 1 3 4 0 2 1 2 0 1 0 4 4 0 3 1 3 3 2 3 3 3 1 1 2 1 2 4 3
   0 2 4 2 0 2 2 0 2 0 1 4 0 2 2 0 3 3 4 4 1 2 3 4 4 4 0 3 3 4 1 1 3 3 0
   1 2 3 4 1 4 1 4 4 4 1 4 0 2 1 3 2 4 1 1 2 0 3 1 4 3 2 4 3 4 1 2 2 0 1
   4 2 0 0 3 4 1 1 1 4 1 4 2 4 2 3]
  [0 1 4 3 2 4 0 0 3 3 3 0 3 2 4 0 4 2 3 2 0 2 1 3 3 0 0 3 2 0 0 2 2 1 3
   4 3 4 1 1 0 0 3 1 0 3 4 0 3 1 3 4 1 2 3 2 3 1 3 4 4 0 4 4 3 4 3 3 2 0
   0 0 2 2 0 1 1 1 3 0 4 0 4 4 4 0 2 2 0 3 4 2 4 1 0 3 2 1 2 2 3 1 2 2 0
   4 0 3 1 0 0 1 0 4 0 1 0 1 4 3 4]
  [0 4 0 0 4 1 2 1 0 4 0 2 2 2 4 0 4 2 4 0 3 0 3 3 1 1 4 4 2 3 3 2 0 4 1
   1 3 0 4 3 0 4 4 2 1 0 2 2 1 2 0 1 4 4 0 1 0 3 1 3 2 0 2 2 3 0 1 3 1 0
   1 4 2 3 1 1 0 2 0 3 4 0 0 1 1 3 1 0 0 4 0 0 4 2 2 0 0 0 1 3 4 1 3 4 1
   0 2 3 2 3 0 2 2 1 3 2 0 0 3 1 0]
  [0 0 1 3 3 1 1 2 4 4 0 1 1 1 4 1 3 0 3 3 3 0 0 2 2 0 3 0 2 2 4 0 2 2 3
   1 2 1 2 1 1 1 2 4 4 4 0 0 4 2 2 0 0 4 1 3 2 4 4 3 3 1 0 4 1 3 2 1 0 1
   1 1 1 3 4 4 1 3 0 4 0 0 0 1 4 2 1 3 0 2 2 0 4 3 1 4 3 4 3 0 4 4 0 4 3
   3 0 2 2 0 3 0 1 0 0 1 1 4 4 4 3]
  [0 1 1 2 1 4 4 4 1 4 2 4 3 3 2 2 3 2 3 1 2 4 0 4 4 0 3 3 1 2 2 3 3 4 1
   2 1 2 0 4 2 2 0 2 4 0 1 0 3 0 0 0 0 1 1 2 4 2 4 2 1 2 2 0 4 3 3 2 2 1
   2 1 2 0 1 1 1 4 4 2 1 3 1 3 4 1 1 4 0 1 2 1 0 1 0 3 4 1 4 2 0 2 3 0 0
   1 3 4 3 2 2 4 0 4 2 0 4 0 3 4 3]
  [0 3 4 4 0 1 1 1 0 2 0 2 4 4 4 0 4 1 4 2 4 1 0 4 4 1 3 2 4 1 0 4 4 3 2
   2 2 4 1 1 4 1 2 2 3 2 1 0 0 0 4 1 3 4 2 1 2 1 2 0 3 4 4 4 3 0 2 3 4 2
   4 1 3 4 3 1 0 4 4 0 1 4 3 3 1 0 4 3 0 1 0 0 2 4 4 4 4 4 3 1 3 3 3 3 1
   1 2 0 1 3 2 1 3 0 3 0 0 1 4 1 4]
  [0 0 4 0 3 4 4 4 0 4 0 0 4 3 0 0 0 3 0 2 1 3 3 0 0 1 1 4 1 2 3 0 0 4 3
   3 3 4 1 1 3 3 0 2 1 0 4 1 0 4 1 0 3 1 4 4 0 1 3 3 0 2 0 4 4 0 1 1 1 3
   1 2 4 3 2 2 4 4 0 3 0 0 2 0 0 0 1 0 3 2 0 1 0 2 3 0 2 2 4 3 0 0 3 0 1
   3 3 3 0 4 0 1 1 3 0 4 3 3 2 4 2]
  [0 3 3 1 2 2 4 2 3 0 0 2 0 3 0 2 3 1 0 1 0 2 2 1 3 1 1 3 1 0 3 4 4 1 1
   0 3 4 1 0 4 2 0 0 1 0 3 2 1 4 1 3 3 4 0 1 0 3 1 1 1 3 0 1 4 3 2 0 3 1
   0 0 4 0 0 2 3 0 1 0 2 4 4 4 2 3 4 0 1 3 4 1 3 1 4 0 4 0 0 1 1 3 3 1 0
   2 4 0 3 2 2 2 2 0 2 0 3 2 3 2 4]
  [0 3 4 0 0 3 1 1 3 4 0 2 1 1 4 0 1 1 1 2 0 1 1 1 0 1 4 4 0 3 0 4 3 4 0
   0 1 4 2 3 0 1 3 2 1 3 4 2 4 0 1 3 2 4 1 3 2 0 2 1 3 0 0 4 1 0 2 4 3 2
   0 3 4 2 2 1 4 0 4 4 1 4 4 4 1 4 1 0 3 3 2 0 3 3 3 0 3 2 2 3 4 2 1 2 3
   0 3 1 3 2 4 1 1 2 4 3 0 4 2 3 2]
  [0 3 2 0 4 3 2 1 0 2 2 3 2 2 3 4 4 1 4 4 1 3 3 4 3 0 1 1 1 2 1 0 0 4 0
   4 1 4 0 4 2 4 1 0 2 1 4 4 0 2 3 1 2 1 0 4 1 2 0 2 2 3 0 3 3 2 3 1 3 2
   1 1 3 1 4 2 1 1 1 3 1 4 1 0 3 3 0 4 3 2 1 2 3 1 1 4 1 4 1 4 1 3 2 3 2
   4 0 0 1 0 2 4 1 4 1 4 2 0 3 1 4]
  [0 0 4 4 3 0 4 4 1 1 3 1 1 2 2 2 4 1 3 3 0 3 3 4 3 0 4 2 3 2 1 4 4 1 0
   3 0 2 3 4 4 1 2 3 4 1 0 0 0 2 3 1 1 2 4 2 0 2 4 3 2 2 0 3 2 3 2 1 1 4
   3 4 3 3 2 1 1 1 4 1 1 4 1 3 3 3 4 1 2 2 3 2 1 1 3 4 4 4 2 2 4 3 0 2 0
   0 3 1 3 1 0 3 1 2 0 2 2 4 0 2 3]
  [0 2 1 3 3 1 1 0 3 1 1 4 0 2 2 2 4 1 0 1 3 3 1 2 3 4 3 4 1 4 1 2 2 4 1
   0 4 2 1 4 4 4 1 3 3 4 2 1 1 4 1 2 2 4 4 3 4 4 4 2 1 2 4 4 3 2 3 1 3 4
   4 3 0 4 3 0 3 1 3 3 1 4 4 4 0 3 2 2 0 4 4 1 3 2 3 1 0 0 2 3 1 3 1 4 2
   3 0 0 1 2 3 4 0 4 2 2 4 1 0 0 3]
  [0 2 3 0 2 3 0 0 0 1 1 0 3 4 0 3 3 4 1 3 2 3 2 1 0 4 2 1 0 0 3 0 1 0 3
   1 1 1 1 2 1 2 0 2 0 2 0 4 3 1 3 2 4 2 3 1 2 2 0 0 1 1 0 2 1 4 1 3 1 4
   1 0 4 3 0 4 3 1 0 3 3 0 2 3 3 0 2 1 1 0 2 1 3 2 4 2 2 2 2 0 3 2 2 4 0
   2 2 0 0 1 3 4 4 4 4 1 4 4 1 0 0]]

 [[0 4 0 0 4 3 3 1 3 4 1 1 3 3 3 4 4 0 3 4 3 4 2 0 1 0 4 0 1 4 0 4 2 0 4
   4 3 1 0 1 4 0 0 4 0 4 4 3 2 2 2 2 1 4 4 3 3 1 1 4 2 4 4 0 0 0 1 4 2 4
   2 0 3 2 1 2 3 3 3 2 3 4 1 0 4 0 3 3 2 1 3 1 3 2 2 1 4 1 0 0 0 1 1 2 1
   3 0 1 2 4 3 3 0 4 4 0 1 2 2 0 1]
  [0 0 4 4 3 1 2 4 2 4 0 0 0 4 4 2 2 2 0 3 1 4 4 0 0 3 2 2 0 2 4 1 0 3 1
   2 2 0 2 3 4 4 1 2 0 3 4 4 0 4 4 3 4 2 1 1 0 3 1 2 4 0 2 4 2 4 4 4 2 4
   3 2 2 2 2 1 1 0 0 0 4 1 3 1 2 2 4 0 0 4 3 4 0 4 2 3 3 3 2 0 2 3 4 4 4
   1 4 4 2 4 4 2 4 2 4 3 2 1 4 3 1]
  [0 2 0 0 1 4 3 2 4 1 0 2 0 4 4 4 3 1 1 2 4 2 0 1 1 4 4 4 3 0 0 0 2 1 2
   3 1 3 3 0 4 1 0 2 2 4 2 1 1 0 0 4 4 1 4 4 4 1 2 2 2 0 0 2 2 1 2 3 2 4
   3 4 0 0 4 2 3 2 3 0 0 4 3 1 2 3 1 0 2 0 3 0 3 1 4 3 1 0 0 0 3 4 2 2 0
   1 2 0 3 4 0 3 1 4 2 2 2 2 4 2 4]
  [0 2 4 0 2 4 0 0 0 3 2 1 0 0 0 3 2 2 3 3 0 3 0 2 1 0 0 2 0 2 2 3 3 4 1
   4 4 4 0 4 2 0 2 1 2 4 1 0 1 0 4 0 3 0 1 0 3 1 0 1 1 4 1 3 0 1 0 4 3 1
   4 4 3 1 2 3 3 3 0 2 1 3 4 1 0 3 0 1 0 3 3 3 0 4 4 1 1 0 4 1 2 0 1 0 2
   1 0 1 1 2 0 0 4 0 1 0 3 1 4 1 4]
  [0 0 4 0 0 0 0 4 1 4 3 0 4 4 1 4 0 4 0 4 3 4 4 3 2 1 3 0 3 3 3 3 0 4 1
   0 2 1 0 3 0 3 0 2 1 4 3 3 4 1 3 1 3 3 4 3 3 0 4 4 3 2 3 0 2 1 2 2 4 4
   3 1 1 0 2 0 0 4 2 2 0 4 1 0 2 0 0 2 0 3 4 2 0 2 3 1 1 3 3 4 0 3 1 0 0
   1 4 1 3 4 0 1 2 3 4 1 3 4 1 2 0]
  [0 1 2 2 0 0 4 1 2 3 3 0 0 0 1 1 3 1 2 1 0 2 3 0 3 1 2 4 3 4 4 4 4 1 2
   1 1 4 4 3 0 0 3 0 3 3 3 0 0 3 3 2 3 0 1 2 2 1 4 1 3 0 3 2 1 1 1 2 2 2
   3 4 1 4 4 2 0 0 4 4 0 2 2 2 1 0 4 4 0 0 2 0 2 2 4 3 3 0 0 0 1 3 3 4 0
   0 0 4 0 0 4 0 4 3 3 0 1 1 1 4 0]
  [0 2 3 3 1 4 0 0 1 1 2 4 0 2 4 1 3 1 2 2 1 4 4 0 1 2 4 0 2 1 4 1 2 2 3
   1 1 2 1 2 0 1 0 0 0 3 0 3 2 0 2 4 3 2 4 2 3 3 0 3 2 2 4 4 0 4 4 1 2 2
   3 1 3 2 4 2 0 1 2 1 2 3 3 0 3 4 4 3 4 1 3 3 1 4 2 2 2 4 0 0 2 2 0 4 2
   4 1 2 1 3 1 0 3 3 1 3 0 4 4 0 1]
  [0 2 3 4 4 2 4 0 4 3 2 1 2 4 4 3 0 0 2 4 2 4 2 3 4 0 2 0 3 1 1 3 3 4 1
   4 2 1 4 0 3 2 0 1 3 1 1 1 3 2 3 0 3 0 4 1 4 1 1 3 0 3 3 0 0 3 0 3 0 2
   3 2 4 4 1 0 3 4 2 3 2 2 2 4 4 0 4 4 1 4 0 1 1 0 3 3 3 4 2 1 3 2 3 0 3
   3 3 3 2 3 1 0 3 4 0 0 2 2 0 0 2]
  [0 0 0 4 1 3 3 0 0 3 3 0 3 2 0 2 3 3 1 3 0 3 4 0 1 0 4 4 0 0 2 1 3 0 2
   1 4 2 2 2 4 3 1 3 3 0 3 2 0 3 2 4 1 4 2 4 1 4 1 3 1 0 2 4 0 3 3 0 0 4
   4 1 1 3 4 1 0 2 4 3 0 2 3 2 2 1 3 4 4 4 0 0 1 1 2 1 3 2 1 3 0 0 2 0 3
   0 3 4 0 1 3 3 3 4 0 2 2 2 1 1 2]
  [0 1 4 4 0 4 2 0 2 0 4 2 4 3 4 4 1 1 4 2 1 4 4 4 3 0 1 3 3 4 1 4 1 0 0
   0 4 3 4 1 0 3 1 0 3 3 0 0 4 3 0 3 1 2 1 1 3 1 1 4 4 3 0 2 4 4 1 2 4 2
   4 4 0 2 2 0 0 0 1 4 1 3 1 2 3 1 1 0 0 3 4 1 0 4 3 3 1 2 3 1 1 1 1 4 4
   1 0 4 0 2 2 1 2 1 0 0 2 2 2 1 1]
  [0 3 3 4 0 1 1 0 4 2 0 3 0 3 0 4 0 4 4 0 4 0 2 1 1 4 0 2 3 1 3 0 2 0 1
   4 0 0 1 0 2 2 1 4 2 3 1 4 2 4 0 4 1 4 4 1 1 1 3 0 0 3 0 0 0 4 4 4 3 2
   4 0 0 4 2 1 2 2 0 3 0 1 1 4 1 1 2 0 3 3 2 4 4 1 3 2 4 1 1 1 4 0 0 4 1
   3 4 3 1 1 1 1 3 0 1 3 1 1 3 2 3]
  [0 4 3 0 1 4 4 2 2 1 2 0 3 1 1 4 4 0 3 4 2 0 2 0 2 3 0 1 1 4 1 0 3 3 1
   1 2 3 1 0 4 4 2 2 4 4 3 0 3 2 2 4 4 4 1 0 2 2 0 1 0 3 0 2 4 4 0 3 2 3
   3 4 2 1 2 0 0 0 3 3 4 4 4 4 3 3 4 1 1 3 0 4 3 4 4 1 2 0 4 2 4 3 1 1 3
   3 2 4 2 3 2 1 4 1 1 2 0 3 2 0 3]
  [0 0 1 3 1 4 2 0 3 0 0 3 0 1 2 2 1 1 4 3 4 3 4 2 2 3 1 0 1 0 2 4 3 2 3
   4 1 3 1 3 1 2 2 0 3 3 0 2 0 0 3 1 3 0 2 1 4 3 0 4 4 0 0 3 1 4 4 1 0 1
   3 1 1 3 0 0 4 3 0 2 0 2 3 4 3 3 1 1 3 3 1 3 3 4 0 2 4 2 1 3 3 1 0 4 2
   3 1 2 1 0 4 0 2 0 2 3 4 0 4 3 4]
  [0 0 0 3 2 1 0 0 1 2 4 0 1 0 4 0 4 0 3 2 3 2 4 2 1 0 3 2 0 3 2 1 2 2 4
   4 0 2 0 3 0 3 3 2 2 1 4 1 4 4 1 2 2 1 3 0 4 2 3 4 1 1 1 4 0 3 1 4 3 2
   1 1 0 4 2 1 1 0 3 4 3 1 2 0 3 0 0 2 1 0 0 3 4 2 4 4 0 3 3 2 2 3 2 2 4
   1 2 1 3 4 3 2 4 4 1 4 3 0 4 3 3]
  [0 3 4 0 2 2 2 4 1 1 2 0 3 1 0 2 4 0 0 2 3 2 4 0 4 4 0 1 2 3 0 2 2 2 1
   1 2 2 1 3 4 3 1 2 4 2 0 1 3 4 2 1 2 3 0 0 0 3 4 2 4 1 2 1 2 1 3 2 3 3
   3 1 3 4 2 0 4 0 2 2 0 0 0 3 3 4 1 1 0 3 3 2 1 4 0 2 1 4 2 2 2 0 1 4 4
   4 4 1 0 0 0 3 0 2 4 3 3 3 0 3 2]
  [0 0 1 3 3 0 1 0 3 4 1 3 4 3 0 0 0 1 4 1 2 0 2 4 0 2 1 2 4 3 0 4 2 2 4
   3 2 1 2 4 3 4 4 1 2 2 1 3 4 0 0 0 3 0 2 4 0 3 4 2 4 2 4 3 2 1 4 3 2 1
   0 0 1 1 2 2 2 2 0 2 2 0 3 2 3 0 2 2 3 4 2 4 0 1 0 2 1 1 4 0 3 2 1 4 4
   2 4 2 4 3 1 2 0 1 1 4 4 0 2 1 2]
  [0 2 0 2 1 2 0 2 1 1 1 2 4 0 2 0 0 4 1 4 0 2 4 4 1 1 0 3 3 4 4 3 0 4 3
   3 1 4 4 3 3 4 1 0 1 4 0 3 0 3 1 1 4 4 0 1 3 4 4 1 4 4 2 4 2 3 3 4 4 2
   4 1 2 4 3 0 2 2 3 4 4 2 1 4 4 3 2 1 1 1 3 1 3 3 1 0 1 1 0 0 4 1 3 1 0
   1 1 2 2 4 1 1 3 4 1 2 1 2 3 2 1]
  [0 2 4 0 1 2 3 2 3 1 2 0 4 1 4 0 4 0 1 4 2 2 3 1 2 2 3 4 4 4 0 0 4 4 1
   1 1 2 2 4 1 4 2 3 2 4 4 3 4 3 1 0 1 2 2 3 4 0 3 0 1 0 0 0 1 2 0 2 0 2
   3 0 3 1 3 0 3 0 4 1 4 0 2 4 2 1 4 1 1 2 3 0 0 3 4 2 4 1 0 0 3 2 1 4 0
   3 1 3 4 2 4 3 2 1 3 2 3 3 2 3 3]
  [0 2 1 0 0 4 2 0 1 0 3 2 2 4 4 1 1 2 0 4 3 2 0 0 4 1 0 3 4 4 3 0 2 3 4
   0 0 1 4 2 3 4 2 0 1 2 4 4 0 3 0 4 4 0 4 2 4 3 3 0 2 3 1 3 2 2 1 3 4 2
   4 2 0 4 4 4 3 4 2 2 0 2 3 4 3 3 3 2 2 0 3 1 4 2 0 4 3 3 3 2 2 3 4 3 0
   2 2 2 4 4 1 1 2 1 3 4 1 4 4 1 1]
  [0 0 0 4 2 4 3 4 4 2 1 4 4 4 1 4 3 0 4 0 0 3 3 2 3 2 3 2 1 0 1 2 2 4 4
   3 2 0 4 1 3 4 2 2 0 0 1 2 4 3 2 2 0 1 4 0 2 2 1 1 4 1 0 1 2 1 0 1 2 1
   1 2 1 0 3 0 0 4 2 2 1 3 3 1 1 4 4 4 0 3 1 4 0 4 1 0 2 4 0 2 1 3 0 3 4
   0 1 1 3 3 2 1 1 4 0 0 0 1 3 0 4]
  [0 1 3 3 3 1 0 0 3 1 2 2 4 1 2 0 1 0 3 2 0 3 2 1 1 1 1 0 4 2 4 4 2 1 0
   1 0 1 0 0 2 2 3 4 2 4 0 0 0 1 3 2 4 1 2 1 1 4 1 1 4 4 1 0 3 1 2 4 4 0
   3 2 2 0 0 2 0 3 1 0 1 1 3 3 4 2 1 0 3 1 1 3 3 1 2 2 1 4 0 4 2 3 1 1 3
   3 0 1 2 2 2 2 1 2 3 4 3 0 2 3 2]
  [0 0 2 4 0 3 0 1 0 2 4 1 2 3 3 3 4 1 2 4 3 0 1 3 1 3 1 3 1 1 4 2 3 4 0
   3 0 2 3 4 1 1 2 0 3 0 2 1 1 0 1 1 4 2 4 0 1 0 3 0 1 0 3 4 3 0 1 3 2 2
   0 2 1 3 4 0 2 1 4 0 2 4 2 4 2 0 4 2 3 2 3 3 1 3 3 2 3 1 2 1 1 4 1 2 0
   4 4 0 0 4 3 2 0 3 4 3 3 2 2 1 2]
  [0 1 0 3 0 3 1 2 4 2 3 3 3 3 2 4 2 1 2 2 1 3 0 1 0 2 0 2 4 2 1 1 0 1 1
   3 3 2 3 2 4 4 0 2 2 0 0 0 0 3 1 0 1 1 2 0 1 0 2 2 0 4 0 0 3 3 3 0 1 3
   4 3 0 4 0 2 1 4 3 3 4 4 1 4 3 1 1 4 2 3 3 1 1 2 4 2 3 0 2 2 1 1 4 4 3
   2 2 4 0 1 0 2 4 0 4 4 1 3 2 2 4]
  [0 1 4 1 0 3 0 4 3 4 1 3 3 0 1 3 4 3 2 4 2 4 0 0 4 4 4 0 3 4 1 2 4 2 2
   0 3 3 3 1 2 1 0 3 4 0 3 3 0 4 4 2 3 0 0 4 2 1 0 0 2 4 0 1 2 3 2 0 4 4
   1 3 0 2 0 1 2 1 2 0 1 1 4 4 1 4 0 0 3 1 2 0 2 0 2 3 3 4 4 1 3 3 3 1 2
   4 4 3 0 2 1 2 4 0 1 1 2 2 0 3 4]
  [0 2 4 1 4 1 2 1 0 2 1 4 0 4 2 4 2 0 1 4 3 1 4 4 0 4 4 2 0 3 1 1 3 0 4
   4 3 3 1 0 4 3 4 3 1 0 4 2 2 2 4 0 3 0 2 2 0 1 0 4 0 2 0 4 0 1 0 2 1 4
   4 4 2 0 1 0 0 4 1 3 3 1 1 4 2 2 4 0 3 4 4 2 4 0 0 4 3 4 4 3 0 2 1 1 2
   0 0 0 0 0 0 2 4 0 4 3 0 2 1 2 4]
  [0 0 3 3 0 3 1 2 2 2 3 3 2 4 3 0 2 0 1 0 2 3 1 4 2 0 2 3 2 0 1 2 0 2 2
   1 2 1 4 1 0 0 2 1 2 3 4 0 0 3 1 0 3 1 2 4 0 2 2 1 1 2 3 1 0 3 2 3 3 0
   3 0 3 2 3 3 2 4 1 1 0 3 0 3 1 4 1 2 1 0 4 3 2 0 3 4 1 0 1 1 1 0 2 1 0
   3 3 2 3 4 4 1 0 2 2 2 3 0 0 2 4]
  [0 0 2 0 3 3 3 3 4 4 1 1 3 2 0 0 2 2 4 0 3 3 1 1 2 0 0 0 0 2 1 2 2 3 0
   4 3 4 4 0 2 2 3 2 4 0 4 1 1 0 0 2 4 2 1 0 4 0 3 1 4 0 1 3 1 1 4 2 0 3
   3 3 4 4 4 3 1 4 3 2 1 4 0 2 2 3 2 1 1 3 4 2 0 4 0 2 3 3 1 2 3 0 0 1 4
   3 2 1 0 0 0 4 0 4 0 3 4 3 3 4 3]
  [0 0 2 4 0 3 4 0 3 3 1 1 4 2 0 4 3 3 0 4 3 3 1 1 3 1 3 0 0 0 4 1 2 0 3
   3 4 1 3 0 0 4 1 1 0 4 4 0 2 4 2 1 3 4 2 1 1 2 0 4 3 4 4 4 4 4 4 3 0 3
   0 3 1 1 0 2 2 4 1 1 1 1 1 3 1 4 0 4 1 3 0 0 1 2 4 1 4 2 1 2 3 0 2 2 1
   3 2 4 2 2 1 0 1 1 3 1 2 3 1 4 4]
  [0 0 1 3 0 2 1 4 0 0 3 2 4 3 2 1 0 0 3 2 4 0 4 1 0 1 1 3 0 0 4 0 4 1 3
   0 4 4 2 4 0 2 0 2 4 4 1 4 0 4 0 3 3 2 3 1 0 4 3 0 1 2 2 2 4 0 3 3 3 2
   3 4 2 4 3 1 1 4 2 1 0 2 4 2 1 0 2 0 0 2 3 1 0 4 2 2 4 4 0 2 3 0 4 0 2
   3 2 0 0 4 0 1 4 1 0 1 2 0 0 3 1]
  [0 0 1 0 1 0 2 4 4 4 1 2 4 3 1 3 1 2 0 0 2 1 4 4 0 4 3 0 0 0 1 0 2 1 4
   4 4 1 2 1 3 1 2 1 1 3 0 1 2 4 1 3 0 1 2 3 2 3 1 3 2 1 3 0 4 4 2 3 3 4
   2 1 4 3 3 2 1 4 1 0 2 4 4 0 3 4 0 0 4 1 2 4 3 0 2 4 3 0 4 1 2 0 0 1 2
   3 3 1 0 4 1 2 1 2 1 3 3 4 3 0 0]
  [0 4 0 0 3 4 2 3 1 0 0 3 1 3 3 4 1 1 2 4 1 2 1 0 0 1 4 1 3 4 0 0 3 1 4
   1 2 3 3 1 3 3 3 1 0 2 2 1 4 3 4 1 3 1 1 0 0 4 1 2 4 4 0 4 0 0 3 3 4 3
   0 3 0 2 0 3 4 1 2 4 3 1 1 1 4 1 3 1 4 1 0 4 4 3 2 4 4 0 0 2 4 0 1 4 2
   2 4 3 2 1 0 4 3 4 0 0 1 1 0 1 0]
  [0 0 4 4 2 3 1 4 2 2 3 0 2 3 1 4 3 3 3 4 0 1 4 1 1 4 4 1 2 4 3 0 3 0 1
   4 4 1 4 4 4 2 0 3 2 1 2 3 0 1 0 3 4 1 4 1 0 2 3 0 1 0 0 1 0 4 1 4 3 4
   1 0 0 2 4 2 1 2 4 1 4 4 4 1 3 2 3 0 2 4 0 1 0 3 3 0 3 3 3 4 4 3 4 2 2
   0 1 4 0 1 4 1 0 1 1 0 1 2 2 1 2]
  [0 2 0 0 4 0 0 2 4 4 1 4 1 0 2 1 1 2 3 4 1 4 2 3 1 1 1 2 2 1 0 4 0 4 2
   4 2 4 1 3 0 1 2 1 1 4 2 4 1 2 1 2 1 4 4 0 4 2 4 4 4 4 3 4 2 1 4 3 4 1
   3 0 0 2 2 0 1 1 3 4 4 2 1 4 1 1 3 4 3 2 1 3 0 4 4 2 3 4 0 4 0 1 2 2 2
   4 4 3 0 3 2 2 3 0 3 4 2 4 0 0 2]
  [0 2 1 4 1 2 1 1 3 3 0 0 4 0 2 2 2 2 0 0 0 3 0 1 4 2 1 4 2 1 2 2 2 0 2
   0 2 1 2 0 3 4 1 3 2 0 1 2 2 1 4 1 2 0 3 4 2 2 4 3 3 1 3 4 4 4 2 1 0 1
   3 0 2 0 4 2 0 1 3 3 0 4 1 0 2 4 1 0 1 2 3 2 3 2 2 3 4 3 3 3 1 4 1 2 0
   4 0 4 1 0 4 2 2 4 3 0 1 2 2 3 4]
  [0 0 0 2 4 1 0 0 0 0 3 3 4 0 3 2 4 4 3 3 4 3 1 2 4 3 4 3 1 0 4 4 4 0 0
   4 0 0 0 1 3 1 0 3 4 0 0 3 4 2 4 2 1 1 1 0 2 4 4 0 3 3 0 0 1 0 1 4 2 4
   1 3 4 4 1 3 4 4 4 1 4 2 2 1 4 3 4 3 3 4 4 2 4 3 4 0 2 4 0 4 3 0 1 2 1
   2 1 3 0 4 3 4 3 3 0 3 4 2 1 0 1]
  [0 4 4 4 3 2 4 3 3 0 0 3 2 2 0 1 0 4 1 0 1 3 3 0 0 3 1 2 0 0 3 4 3 2 1
   0 2 3 2 2 1 3 4 0 2 4 3 1 0 0 1 0 0 4 0 4 0 0 4 1 1 1 3 2 0 0 0 1 3 3
   0 4 4 4 1 3 1 4 0 4 3 0 3 2 2 1 1 2 3 2 0 0 0 4 0 2 3 1 2 2 0 1 2 4 4
   0 3 1 2 4 4 3 1 3 3 4 2 1 0 4 3]
  [0 0 1 3 1 2 0 0 0 4 3 4 0 3 4 3 0 3 4 4 1 1 0 4 0 0 4 4 3 4 3 3 4 2 1
   0 0 0 2 3 2 2 3 1 3 2 0 1 3 4 1 1 2 2 4 1 2 2 3 2 3 1 3 2 1 3 3 1 0 2
   0 0 2 3 0 0 0 3 3 4 0 4 0 0 4 3 3 0 2 2 2 0 2 3 1 3 3 2 2 1 1 4 0 1 1
   0 1 3 0 1 0 2 2 4 4 1 1 1 1 1 1]
  [0 4 4 1 3 3 0 3 2 3 3 0 3 1 1 3 0 2 2 1 2 0 2 0 3 3 2 4 1 3 4 1 1 3 4
   4 4 0 1 0 1 4 1 2 3 0 4 2 0 2 1 3 0 1 1 0 0 2 1 0 2 4 0 1 0 1 4 3 2 3
   2 4 0 2 1 0 1 3 1 1 3 4 2 2 2 0 0 2 2 2 1 3 0 1 1 3 4 0 2 3 4 0 1 3 4
   3 2 2 2 4 0 4 3 1 3 0 2 4 1 3 0]
  [0 1 1 0 1 4 4 3 1 2 0 4 4 3 2 4 0 3 4 2 2 3 4 0 1 0 4 1 1 4 2 1 4 2 1
   3 1 0 0 0 0 0 1 2 2 0 1 4 4 1 4 2 0 4 3 0 4 4 3 3 1 0 3 3 3 4 1 4 3 3
   1 2 3 1 0 4 3 3 2 0 1 1 2 4 0 4 3 0 2 4 0 1 4 0 1 2 1 0 4 4 2 3 0 0 2
   4 4 0 1 4 2 2 2 3 0 2 3 4 3 3 1]
  [0 3 1 4 4 3 3 3 3 0 2 2 3 3 3 4 0 1 2 0 2 2 0 2 4 3 2 0 4 2 0 4 2 0 4
   3 3 4 2 0 3 0 4 0 1 1 3 4 3 4 3 3 2 1 1 4 1 4 4 3 1 2 3 4 2 0 3 3 0 4
   1 3 3 3 3 1 3 3 4 4 1 3 2 3 3 4 1 3 2 1 1 0 2 4 4 1 4 4 3 0 4 4 0 1 2
   1 0 0 4 0 2 3 2 1 0 1 0 2 4 3 4]
  [0 4 0 0 2 3 0 1 0 4 2 0 3 4 1 1 0 4 2 1 1 4 1 0 0 2 1 4 0 2 0 4 3 3 0
   4 4 4 0 0 0 1 2 2 4 3 0 2 0 3 4 3 2 0 1 3 4 0 4 0 3 4 3 0 3 1 4 1 1 0
   2 2 0 0 1 2 0 2 2 0 3 2 0 2 1 0 4 3 3 0 4 1 4 0 4 2 1 1 4 2 2 2 4 2 4
   0 2 1 2 2 0 4 2 3 4 1 0 4 1 0 2]
  [0 0 3 4 2 2 3 1 4 4 4 1 4 0 3 3 0 2 0 4 1 1 3 2 0 0 3 0 0 4 2 3 0 4 0
   0 4 2 1 2 1 0 2 2 4 4 2 4 2 2 1 3 2 0 2 4 2 3 2 0 3 1 4 4 2 2 2 3 4 4
   0 0 2 1 1 0 3 3 2 1 3 1 4 4 2 2 0 1 4 0 1 3 3 2 1 1 4 3 2 2 2 4 3 4 1
   1 1 4 2 0 2 0 0 4 2 4 3 3 2 3 0]
  [0 4 4 3 0 0 2 3 4 3 1 4 3 3 3 0 1 4 0 2 3 3 3 1 2 0 0 2 4 2 1 2 2 2 4
   3 2 4 0 4 2 2 0 0 1 2 2 0 1 4 1 4 0 2 1 4 3 1 0 0 3 4 2 3 1 0 1 3 0 4
   0 3 2 3 0 1 4 0 2 2 0 2 3 0 2 0 4 3 4 3 3 3 4 0 4 4 1 0 2 1 1 3 4 2 0
   2 2 0 0 4 0 3 4 4 4 0 0 4 2 2 2]
  [0 2 2 2 3 2 1 2 0 0 3 3 2 4 0 1 1 2 3 1 2 0 3 3 3 2 0 4 2 3 2 3 3 1 4
   0 3 0 1 4 2 0 4 0 0 4 3 2 1 0 1 0 4 0 2 0 4 4 4 3 2 4 2 4 1 4 1 0 0 2
   2 4 3 0 2 3 4 3 0 2 0 4 0 1 2 3 0 2 0 4 0 2 1 4 2 0 3 3 1 4 4 0 4 1 4
   0 2 0 3 3 4 3 4 4 4 3 3 0 3 4 2]
  [0 2 2 2 1 3 0 1 3 4 1 1 2 1 0 2 2 2 1 1 1 0 4 1 0 0 2 4 4 4 4 2 1 4 0
   0 0 4 1 1 1 4 1 1 0 1 2 0 4 4 1 3 3 1 0 1 2 4 3 1 0 0 3 3 2 4 3 2 0 1
   0 1 3 4 0 3 2 1 1 3 3 1 2 0 2 3 4 1 0 3 0 1 2 3 4 0 4 2 2 4 0 4 1 1 4
   3 2 1 4 1 4 0 4 0 0 1 2 3 2 3 3]
  [0 0 1 4 0 0 0 3 2 2 0 1 0 3 0 4 0 1 4 2 0 3 1 4 2 2 2 0 2 3 1 1 1 0 4
   0 1 0 1 0 4 0 0 0 4 0 0 2 4 1 2 1 0 3 3 4 3 0 2 4 1 2 0 3 2 1 4 1 3 4
   2 0 2 2 2 0 3 4 4 3 0 0 3 0 1 2 3 4 4 2 4 4 2 1 4 2 3 1 2 0 1 4 2 2 2
   2 1 1 0 1 1 4 2 2 2 4 1 1 0 3 4]
  [0 4 0 2 3 3 1 0 4 4 1 0 3 2 1 4 1 3 1 1 3 3 3 0 4 3 2 3 0 1 0 3 4 2 3
   2 3 1 0 1 1 1 0 2 4 4 0 0 4 2 2 1 0 0 3 4 4 2 2 0 0 3 4 3 0 0 3 0 1 4
   4 2 4 0 1 0 4 0 0 0 4 3 3 0 3 4 4 3 3 0 2 4 4 3 1 2 4 4 4 4 3 1 2 0 2
   0 0 2 3 4 0 2 0 0 4 1 0 0 4 1 3]
  [0 4 3 2 3 0 2 0 4 2 4 3 1 2 4 1 4 4 1 1 3 1 2 0 3 0 1 4 2 1 4 4 2 1 0
   1 0 3 3 3 0 4 0 0 3 2 1 0 4 2 4 2 1 1 0 4 2 0 0 2 3 1 2 1 2 1 4 0 2 2
   3 1 0 4 0 1 0 3 4 2 4 2 0 3 2 2 4 2 4 4 4 4 1 1 1 3 0 1 2 2 3 2 3 2 3
   2 1 3 3 2 0 3 4 3 0 1 3 4 2 4 3]
  [0 0 0 3 1 2 3 2 4 4 0 0 2 0 1 3 2 1 1 3 1 4 4 3 0 3 0 3 4 1 4 2 2 2 0
   4 3 1 3 0 1 1 1 2 4 2 4 2 0 1 2 1 2 1 2 2 3 1 3 0 1 0 1 3 2 3 2 2 3 0
   2 3 1 2 4 2 1 4 4 2 4 1 1 4 1 4 1 0 4 3 4 0 1 4 4 4 1 3 0 3 2 1 2 2 0
   0 3 4 0 3 3 0 2 4 3 1 1 1 4 4 1]
  [0 2 2 0 4 3 0 2 4 2 0 4 1 2 1 1 4 3 3 3 0 0 2 0 0 1 3 2 4 4 1 4 0 0 2
   4 2 3 4 0 4 4 3 4 0 2 2 4 1 0 1 4 3 2 3 3 2 2 3 3 3 0 2 3 0 2 1 4 3 0
   4 4 0 4 3 0 3 3 0 1 0 0 3 4 0 1 1 2 2 0 1 3 2 1 1 3 4 1 1 0 3 2 1 1 1
   0 0 2 3 1 3 2 4 4 4 1 4 3 4 4 1]
  [0 3 0 2 4 1 4 2 2 1 0 0 4 2 1 2 3 2 1 2 0 4 4 2 1 2 4 2 1 1 3 0 3 3 1
   2 1 1 0 2 2 1 4 0 3 1 3 1 2 3 0 4 1 4 2 4 2 1 0 1 1 2 2 3 2 1 0 3 3 0
   4 0 1 1 3 3 1 3 1 1 0 0 2 4 0 2 1 0 1 0 3 0 0 4 3 3 4 0 1 4 1 1 1 2 3
   0 2 4 4 0 0 3 4 0 0 0 1 0 4 4 4]
  [0 2 4 3 2 2 2 3 1 0 4 3 1 2 0 3 4 3 3 1 4 0 2 2 4 0 2 3 0 3 1 1 3 4 3
   3 3 1 3 1 1 1 2 3 0 4 1 2 0 0 0 0 3 1 0 1 1 0 3 0 0 0 2 4 0 2 3 1 1 2
   3 3 1 1 4 2 0 2 3 1 1 1 4 3 3 0 1 0 1 4 1 1 4 3 0 2 1 1 3 2 2 3 2 0 3
   3 0 4 2 0 4 2 1 1 3 4 2 1 0 2 2]
  [0 0 3 1 1 3 2 0 0 1 4 4 1 4 4 3 4 2 4 3 3 0 2 1 4 2 3 0 1 2 3 4 0 0 2
   0 0 0 3 3 2 0 2 3 4 1 4 3 2 0 3 3 0 2 3 3 2 2 2 1 3 2 3 2 3 4 2 1 2 3
   1 1 4 1 4 0 3 3 0 1 2 4 2 2 0 3 0 2 4 1 4 0 2 4 3 4 4 0 2 3 2 2 1 0 0
   2 4 2 2 2 0 2 0 0 1 3 1 3 1 1 2]
  [0 4 0 2 3 1 2 4 0 4 2 1 2 3 4 0 4 4 1 1 1 3 4 0 0 1 3 0 0 1 4 0 4 4 2
   1 0 4 4 1 3 0 2 0 0 3 2 1 0 3 3 4 4 0 1 1 3 2 3 3 3 1 2 3 3 0 4 0 4 1
   2 2 3 1 3 3 3 2 3 1 2 4 4 0 3 3 1 1 0 2 3 3 3 4 4 4 2 2 0 4 3 0 4 2 1
   2 4 1 4 0 0 0 1 0 2 1 2 2 0 1 3]
  [0 3 4 1 0 1 4 0 3 1 0 0 2 2 0 3 1 1 3 4 4 0 3 3 0 4 0 4 4 3 3 3 4 2 3
   1 3 2 2 2 1 4 4 4 2 4 1 1 1 2 0 1 4 0 0 1 0 2 2 1 2 4 1 4 2 3 1 1 3 1
   4 0 0 0 1 4 0 0 1 0 1 4 1 4 1 3 2 3 1 2 1 4 4 2 1 4 3 2 4 2 0 1 1 2 3
   4 3 3 0 3 3 2 4 3 2 4 0 0 4 0 1]
  [0 4 0 3 3 2 4 1 4 4 1 4 0 2 1 3 0 3 2 4 1 0 2 1 0 0 0 1 2 2 3 0 0 2 0
   0 2 0 1 4 1 4 1 0 3 4 0 0 0 0 0 3 0 1 4 0 0 4 3 4 0 2 0 0 1 3 4 3 0 2
   4 2 4 0 0 2 3 2 0 1 4 3 1 0 4 2 3 4 2 1 0 2 2 1 2 2 2 2 0 0 2 3 3 3 3
   2 3 3 3 4 3 2 0 2 1 0 2 4 2 1 1]
  [0 2 4 0 2 3 1 1 1 0 3 4 4 1 4 0 2 4 3 3 4 2 3 2 3 2 3 1 2 2 4 3 2 3 2
   0 1 2 3 2 1 4 1 4 1 0 1 4 1 4 3 1 2 1 2 2 0 3 2 3 2 4 4 0 2 0 4 2 0 4
   4 0 3 1 0 1 3 0 4 1 3 0 3 4 4 0 1 0 1 0 4 3 1 4 3 4 4 1 3 2 1 2 1 2 4
   4 1 4 1 4 4 2 1 4 0 4 1 3 3 3 0]
  [0 4 4 4 1 1 2 1 0 3 2 0 0 3 3 4 0 3 1 3 2 1 3 1 1 2 1 1 4 3 4 4 3 4 0
   1 2 0 3 1 2 3 3 2 2 4 2 1 4 2 4 0 0 1 3 3 0 0 3 0 4 3 3 2 2 0 0 2 4 4
   2 4 2 2 2 4 1 4 2 4 3 0 0 2 2 4 3 0 1 1 3 1 4 2 3 3 0 0 4 4 1 4 3 3 3
   3 3 0 2 1 2 1 2 0 1 1 0 4 4 0 0]
  [0 1 0 3 3 3 2 0 2 4 4 0 2 1 2 1 2 3 3 2 0 2 2 0 3 0 3 3 1 1 3 0 4 4 1
   3 2 2 1 0 4 4 0 4 4 4 4 4 3 0 2 2 1 0 2 1 0 3 0 0 4 0 1 2 0 0 2 1 1 3
   4 1 4 1 4 4 3 3 2 4 1 2 4 2 4 0 2 3 4 1 3 3 4 0 3 2 1 0 4 2 2 2 1 1 0
   1 0 3 4 1 1 2 1 1 2 1 4 3 4 4 4]
  [0 3 3 4 0 3 2 0 1 4 1 0 2 3 0 1 1 2 4 3 0 0 4 0 2 2 0 2 4 1 1 2 1 3 1
   3 3 0 2 4 0 4 0 3 0 1 4 1 2 0 4 2 4 4 1 3 2 2 2 0 1 4 1 2 3 0 1 0 0 3
   2 3 0 2 2 1 0 0 3 1 3 2 2 0 0 2 0 0 3 0 4 3 1 1 1 0 1 4 1 2 4 1 3 1 1
   2 2 3 2 0 3 4 3 4 1 4 0 0 4 0 3]
  [0 0 0 3 2 0 4 3 2 0 0 0 4 4 0 4 4 1 3 3 1 4 2 2 4 2 0 1 4 3 2 4 3 1 1
   2 3 4 2 3 4 3 3 2 1 3 4 0 4 3 1 2 0 3 3 4 4 1 4 1 0 3 3 4 3 3 1 4 3 0
   1 1 2 1 2 4 4 4 4 1 1 1 0 0 1 1 1 1 1 0 0 4 0 3 2 0 1 2 3 2 2 2 2 4 1
   4 2 3 0 2 3 3 2 3 3 2 2 1 1 4 1]
  [0 1 1 3 1 1 1 1 3 2 1 1 3 2 4 1 3 3 3 2 1 1 1 3 4 3 4 2 4 2 4 4 4 2 1
   1 4 1 1 2 0 3 2 4 2 1 0 0 0 1 3 4 3 1 1 2 3 4 3 0 0 0 1 2 2 3 3 0 3 1
   4 1 0 4 1 0 4 0 4 3 2 2 3 3 1 0 3 0 2 1 1 3 0 1 2 3 1 1 0 0 0 2 2 0 2
   2 3 1 0 0 0 3 4 4 4 1 3 2 0 1 2]
  [0 2 0 3 2 3 2 4 1 0 3 4 2 1 4 1 3 4 0 1 0 4 2 0 0 3 1 0 4 2 3 1 3 3 4
   0 4 2 2 3 1 3 1 3 3 3 1 1 3 3 0 0 3 2 4 2 3 4 4 0 0 3 0 4 3 1 4 0 4 4
   0 1 3 0 1 1 2 4 1 0 2 0 0 3 2 1 3 2 3 1 1 3 3 4 2 3 3 0 4 0 4 1 2 0 4
   2 2 3 4 2 1 1 2 2 1 2 3 3 1 4 0]
  [0 4 4 4 2 1 1 1 4 0 4 2 4 2 4 4 4 4 4 2 2 0 0 1 0 1 4 0 4 1 2 3 1 1 1
   0 2 3 2 0 0 3 4 1 4 1 4 0 0 2 2 3 0 3 1 2 2 2 3 1 4 1 1 0 0 2 1 1 2 0
   1 2 1 2 0 3 3 1 1 3 0 3 2 1 4 3 4 1 0 1 4 2 0 4 4 4 1 2 0 3 0 4 4 4 1
   4 1 0 4 4 2 4 1 0 4 4 1 1 0 2 1]
  [0 1 3 1 1 0 0 1 3 2 3 4 3 1 2 3 2 4 4 2 4 1 3 0 1 0 1 2 2 2 4 4 1 2 3
   3 3 1 0 2 2 0 3 3 0 2 3 0 3 3 1 2 3 1 2 4 4 4 1 2 1 3 4 4 0 4 4 4 1 2
   4 4 3 3 2 0 4 0 0 0 3 2 2 0 1 2 4 0 0 3 3 0 3 2 2 1 4 1 4 1 4 0 2 0 1
   0 4 2 4 0 3 3 2 3 0 3 2 0 0 1 4]
  [0 0 4 1 0 2 0 0 2 0 4 4 1 4 4 4 3 4 2 2 2 4 3 0 0 1 4 2 0 0 4 4 3 4 2
   2 0 3 0 0 1 4 3 1 1 2 2 2 4 2 2 1 2 0 4 1 3 0 4 0 3 4 1 3 2 0 3 3 3 1
   4 3 2 3 2 2 4 2 3 4 1 4 2 4 1 3 1 4 3 4 0 4 0 3 0 2 4 0 3 0 2 2 2 3 1
   1 3 0 0 2 3 1 1 0 2 3 1 4 1 2 0]
  [0 3 4 3 0 4 2 2 0 3 2 2 0 1 3 2 3 4 0 0 1 2 3 0 3 3 4 2 2 3 3 3 2 3 4
   2 0 4 2 4 4 3 4 4 0 1 2 4 1 4 4 4 4 3 1 1 0 3 2 1 3 0 0 2 3 4 0 1 2 1
   1 3 1 4 1 1 4 4 1 2 3 2 0 3 4 4 4 1 2 2 0 1 3 0 1 4 0 0 4 4 0 0 0 4 0
   2 0 3 2 2 1 2 2 0 3 3 4 2 3 3 4]
  [0 4 0 4 0 2 0 2 4 2 0 1 4 3 4 2 0 3 1 3 1 3 0 0 0 1 3 3 1 3 0 2 1 3 4
   4 2 1 0 0 4 2 0 0 3 0 2 2 2 1 4 3 3 4 1 0 4 2 4 1 0 3 2 0 4 3 1 0 1 1
   4 2 3 0 4 2 0 1 0 3 4 4 2 1 1 1 0 4 4 0 3 1 2 3 3 3 4 0 3 4 4 1 1 3 0
   4 0 4 3 0 3 4 4 1 0 2 1 3 1 3 1]
  [0 3 3 0 4 0 1 1 1 1 4 0 4 1 2 1 0 0 1 4 4 0 3 0 1 3 0 1 4 3 4 1 0 3 0
   1 2 1 4 1 2 4 1 4 4 4 2 4 4 4 0 3 0 1 0 1 3 1 4 2 4 1 4 2 4 0 3 0 0 4
   3 3 0 4 0 3 3 0 4 0 4 2 1 3 4 3 1 1 1 3 0 3 1 4 1 0 2 4 1 2 2 1 1 0 1
   4 3 4 0 0 1 4 1 4 1 2 1 3 0 1 3]
  [0 1 4 2 0 1 4 1 4 2 4 1 4 0 0 4 0 3 4 1 0 4 2 2 4 4 0 1 0 0 4 0 3 0 0
   0 1 1 0 4 4 4 0 0 4 4 2 0 4 3 3 2 2 3 0 3 0 2 4 1 0 4 4 1 0 4 4 0 4 0
   3 3 0 4 3 3 0 0 3 1 0 2 3 3 0 3 2 0 4 3 4 2 4 3 4 0 3 3 0 2 4 3 2 2 0
   2 1 2 0 2 3 0 3 2 2 0 3 3 3 4 0]
  [0 3 3 3 4 2 4 3 0 3 3 4 3 0 1 1 0 0 0 4 1 2 4 4 1 2 1 4 2 4 3 1 2 2 1
   3 4 1 1 1 3 2 1 0 4 3 2 4 2 4 3 2 2 3 0 2 1 3 1 0 2 4 3 1 4 4 1 1 4 2
   0 4 2 4 0 2 3 4 3 0 4 3 2 2 1 3 0 3 1 2 2 0 1 0 4 2 3 3 1 1 1 3 1 2 1
   2 0 2 4 4 0 3 3 1 1 4 0 2 0 0 4]
  [0 4 3 0 3 0 0 1 1 4 2 0 4 3 1 4 3 2 4 2 1 0 2 2 4 1 4 2 1 3 2 0 3 0 3
   4 0 4 1 0 3 1 0 3 1 1 0 3 1 1 1 4 0 1 0 3 0 0 0 2 3 4 3 2 3 1 4 4 1 1
   2 0 0 0 4 2 0 4 3 2 2 0 3 2 2 4 4 3 2 4 2 2 2 1 0 0 3 1 2 1 0 0 2 3 3
   1 0 4 3 2 4 0 4 4 2 4 2 4 1 1 1]
  [0 0 2 4 1 1 3 0 4 1 3 0 2 3 3 1 3 3 4 4 0 4 0 3 0 1 1 0 3 3 2 1 4 0 3
   3 2 0 2 1 4 3 1 0 4 2 0 1 1 1 1 3 2 3 3 2 0 4 0 4 2 1 0 0 4 2 3 0 3 4
   0 2 0 1 4 3 3 4 3 2 2 1 1 2 0 4 3 1 3 1 2 1 0 2 1 2 2 3 3 4 3 2 1 2 4
   0 1 4 2 1 0 4 0 4 2 2 3 4 1 4 0]
  [0 0 0 2 1 4 3 3 3 0 3 0 1 1 1 1 0 3 3 4 0 1 2 2 3 3 1 1 0 0 4 0 1 4 4
   0 2 3 0 0 1 1 3 2 1 3 1 2 2 2 0 1 3 3 2 1 4 0 0 3 4 0 2 2 2 1 4 1 0 1
   1 1 1 0 2 2 4 4 2 2 0 3 3 1 0 0 4 2 0 4 4 2 0 3 1 1 3 3 0 1 0 1 4 3 2
   1 4 2 0 0 2 0 3 4 0 1 4 0 1 0 2]
  [0 2 2 1 0 4 3 2 3 0 0 3 4 2 1 0 3 2 2 3 4 1 4 0 2 1 2 2 4 3 0 1 2 4 1
   0 2 3 4 1 0 0 0 4 4 4 4 0 0 1 2 0 0 1 2 4 1 2 2 1 2 0 3 0 1 2 2 2 3 3
   4 2 0 0 0 3 3 3 3 1 2 1 4 3 3 1 3 3 0 0 2 3 3 4 4 1 2 3 1 1 2 3 4 3 1
   1 4 0 4 2 3 3 4 3 3 3 4 0 4 3 0]
  [0 4 4 1 3 1 2 3 4 0 0 4 0 0 2 4 2 1 1 2 0 2 2 4 4 3 1 4 1 1 3 0 0 2 1
   4 1 2 3 4 3 4 2 2 0 1 1 4 3 0 0 0 0 1 0 4 3 4 3 4 2 3 2 2 3 1 2 4 3 1
   2 2 3 0 2 0 3 3 4 2 2 1 3 2 2 4 4 0 3 0 0 0 0 2 3 3 4 2 2 4 0 1 2 1 0
   2 4 1 2 4 0 0 0 1 0 4 1 2 0 3 0]
  [0 1 0 1 2 0 4 3 2 1 2 1 4 0 3 2 4 4 0 1 0 2 1 3 1 2 0 0 4 1 4 4 4 1 1
   3 0 0 0 3 4 1 2 4 4 2 4 4 3 4 0 4 1 3 0 1 3 0 0 1 3 3 2 2 0 3 0 3 2 1
   4 4 4 2 1 1 0 1 0 1 0 4 0 4 2 1 4 3 2 4 3 4 0 1 2 4 4 4 2 3 4 2 3 3 1
   4 3 4 3 4 0 4 2 0 1 1 1 1 3 3 0]
  [0 2 4 4 0 3 1 1 1 4 4 1 3 0 3 2 1 0 3 1 2 4 4 2 0 4 2 4 3 4 4 1 4 1 1
   0 4 1 3 1 0 4 3 0 4 2 3 4 1 1 2 3 4 3 0 4 0 4 2 1 0 2 3 0 1 0 1 4 0 2
   2 2 3 2 4 4 2 0 4 4 1 2 1 1 2 1 2 2 3 0 0 3 1 3 3 3 1 2 2 1 4 4 0 1 1
   3 4 0 0 0 4 0 1 4 1 2 3 0 3 3 3]
  [0 3 1 4 2 1 0 1 2 2 1 4 1 4 2 2 1 2 1 3 4 4 2 1 2 4 3 0 3 4 4 0 1 3 2
   0 0 4 2 2 1 4 3 1 1 1 4 0 2 0 1 3 0 4 3 1 1 1 3 3 4 3 1 1 2 4 4 2 0 0
   0 1 0 2 4 2 2 0 0 3 0 0 2 1 0 2 4 4 3 0 4 4 2 4 4 0 4 1 0 3 0 1 2 0 4
   2 4 0 0 2 3 0 1 0 2 4 4 2 4 2 3]
  [0 0 3 3 2 2 0 0 2 0 1 3 2 3 0 3 4 2 0 3 0 1 0 0 2 3 3 1 1 2 3 3 2 0 1
   0 0 4 3 4 0 0 4 1 1 2 3 1 3 1 0 4 3 2 4 1 3 4 4 1 1 1 3 2 4 4 1 4 0 1
   0 0 1 1 1 3 4 2 4 0 1 2 3 0 0 3 1 3 0 4 0 1 1 0 1 3 0 4 3 1 4 3 1 0 4
   3 1 4 4 0 3 4 0 2 0 0 4 2 3 2 3]
  [0 0 1 3 2 4 2 1 0 3 4 3 3 2 2 2 3 3 1 0 2 3 0 1 1 4 0 1 4 2 2 2 1 1 1
   4 3 4 4 3 2 4 1 3 3 4 0 4 2 4 1 4 2 2 4 1 0 3 2 2 0 2 2 3 0 0 4 4 0 4
   4 0 0 3 1 0 2 0 1 3 0 0 2 3 3 3 3 3 1 2 0 2 3 2 3 4 3 1 2 1 2 2 3 3 1
   0 4 4 4 0 4 1 0 3 2 1 3 2 1 1 4]
  [0 3 2 3 3 0 4 1 4 3 0 4 3 3 0 2 1 3 0 0 3 2 2 1 2 1 2 3 0 2 2 0 2 0 3
   2 2 4 4 1 4 4 2 1 0 0 2 2 4 3 1 2 3 1 1 0 3 0 3 2 2 4 1 0 0 4 2 4 4 2
   1 1 1 4 3 2 2 1 4 1 0 0 2 0 2 2 1 1 1 4 1 2 4 1 3 3 0 3 3 2 3 0 0 0 3
   2 4 4 0 3 2 4 0 4 0 4 4 3 2 1 1]
  [0 1 3 3 2 4 3 4 3 3 1 1 3 3 2 0 1 1 1 0 0 4 1 0 3 3 1 2 2 1 0 1 4 3 3
   1 1 3 2 3 2 4 0 1 0 0 3 3 1 1 3 1 1 0 0 3 2 2 2 1 1 4 1 0 1 1 0 4 4 3
   2 1 3 2 0 2 3 3 0 3 3 4 0 4 4 0 0 2 3 2 1 3 4 1 0 4 3 1 2 1 1 4 3 3 0
   4 4 0 1 2 3 4 3 0 4 2 3 2 4 0 4]
  [0 3 1 0 2 4 2 1 1 1 4 2 4 2 2 0 3 2 1 4 1 4 4 0 3 3 4 4 0 4 3 2 1 1 4
   0 2 4 1 3 3 1 1 2 0 3 1 2 3 0 4 3 3 3 0 4 3 1 0 0 2 3 2 1 1 0 4 2 3 1
   4 3 3 2 4 4 0 3 0 2 3 0 1 0 1 1 1 1 3 1 3 0 2 3 4 2 1 3 3 3 3 4 4 4 4
   3 4 1 4 2 1 1 1 4 0 0 3 0 2 3 3]
  [0 1 3 1 1 4 1 3 4 1 4 3 1 2 2 3 2 2 3 1 2 3 0 4 1 0 2 0 2 2 0 3 2 0 2
   1 0 4 0 2 1 2 0 4 2 1 2 3 4 3 0 4 0 1 1 3 4 2 1 4 4 4 1 0 2 4 1 3 4 4
   1 1 2 4 2 1 4 3 1 3 1 3 4 1 0 3 4 2 1 3 2 1 2 4 0 3 2 2 4 2 2 1 2 4 0
   4 1 2 0 3 3 0 4 3 4 1 3 0 3 4 0]
  [0 4 0 0 4 4 0 2 3 2 2 3 4 3 0 4 3 2 2 3 4 0 3 3 0 0 4 2 4 1 0 2 2 4 2
   1 0 2 2 3 0 0 2 2 1 4 1 1 2 4 0 0 1 4 1 2 1 0 2 3 0 1 4 1 1 0 0 3 3 3
   4 1 1 1 1 4 2 3 3 1 1 2 4 0 2 0 3 3 1 1 2 0 1 2 1 3 1 4 3 2 2 2 3 1 4
   0 4 0 1 0 3 0 1 1 3 1 4 0 2 4 0]
  [0 4 2 1 4 2 4 0 0 3 1 3 1 4 1 2 1 4 2 2 1 0 3 3 0 3 0 2 4 2 0 1 1 4 2
   4 3 1 0 2 0 4 2 2 1 4 0 4 3 4 0 4 1 0 1 1 4 3 1 1 0 4 1 2 2 4 4 3 0 1
   4 2 0 4 2 1 2 1 2 0 1 3 0 1 4 1 0 0 2 3 1 4 4 1 0 1 2 1 4 1 2 4 2 4 0
   3 0 3 1 2 0 2 2 2 3 4 1 4 3 0 0]
  [0 0 2 1 0 4 1 1 0 2 1 0 4 4 0 2 1 3 3 4 2 0 2 3 3 1 2 2 2 0 2 4 4 1 1
   3 4 3 1 2 0 0 3 2 4 3 1 4 1 3 2 4 1 3 1 3 2 1 4 3 1 1 2 4 2 4 4 0 1 2
   1 1 4 2 1 4 1 2 0 1 4 0 1 3 3 0 1 0 4 2 2 4 1 0 1 2 1 2 4 0 0 3 3 4 2
   2 3 1 0 2 0 1 3 1 2 1 3 4 2 4 4]
  [0 2 2 2 4 4 1 1 4 0 4 3 3 2 3 1 2 0 2 3 1 4 3 2 3 4 4 2 3 0 3 1 1 3 2
   0 4 1 0 4 3 0 0 3 0 4 3 0 1 2 4 1 4 3 3 1 1 4 1 0 0 3 1 2 1 2 1 0 4 3
   2 2 0 1 3 4 4 2 3 4 1 0 3 4 2 3 1 4 0 4 3 3 2 4 0 3 0 1 2 4 1 3 1 3 4
   3 1 3 2 3 1 4 1 0 4 2 1 0 0 1 4]
  [0 3 0 4 0 2 1 0 0 1 2 2 2 3 4 2 2 2 0 2 2 3 1 1 4 0 4 1 4 0 3 0 0 3 2
   1 2 2 4 0 0 4 3 2 1 2 0 3 1 0 4 3 0 0 2 3 3 1 4 2 1 3 1 1 2 0 1 4 3 0
   1 2 3 0 1 2 3 0 3 3 4 0 0 0 3 0 3 1 4 0 2 4 2 3 1 2 2 2 2 3 2 2 1 1 3
   0 0 4 3 0 1 2 1 1 2 0 2 2 0 4 0]
  [0 2 1 4 2 1 4 2 4 4 1 2 2 2 1 1 3 1 3 1 3 3 3 1 4 3 4 4 0 2 1 1 3 4 2
   3 4 1 3 1 4 4 1 1 4 1 0 1 0 4 3 3 2 0 3 1 0 1 1 3 4 0 3 2 2 0 0 0 2 4
   1 4 1 0 0 0 2 1 0 0 3 4 4 3 4 2 3 2 3 2 0 0 3 3 4 0 4 4 2 1 3 0 4 1 2
   3 1 0 4 1 2 1 2 0 3 2 2 1 4 4 4]
  [0 0 2 3 1 2 3 2 0 1 2 3 3 2 1 3 2 2 4 4 2 1 2 3 4 1 4 0 4 0 4 4 3 4 0
   3 2 0 0 1 4 4 3 4 2 2 3 1 0 4 3 4 4 3 0 0 0 0 3 1 2 2 2 2 1 4 4 4 4 0
   2 4 0 2 2 0 2 0 2 4 2 3 1 4 1 2 4 3 2 1 3 0 2 1 3 0 3 0 0 3 1 0 2 1 4
   0 1 3 3 0 2 1 1 0 2 2 4 2 3 1 3]
  [0 4 4 3 0 0 0 4 4 4 2 2 1 0 1 0 3 3 4 4 1 2 3 4 2 4 3 1 0 2 3 3 3 1 2
   4 4 4 2 1 4 1 1 4 2 2 1 0 4 1 1 0 0 4 1 4 1 4 2 3 1 3 0 2 4 1 2 2 1 1
   1 3 4 0 1 3 1 0 4 3 2 1 0 3 0 4 4 0 2 4 1 4 0 3 3 2 4 3 3 2 4 4 4 1 4
   2 2 4 1 0 2 4 3 0 3 3 2 0 1 0 4]
  [0 3 3 3 2 2 3 4 0 4 0 1 1 0 3 2 3 4 0 0 4 0 0 1 0 2 4 4 3 0 3 3 0 4 1
   4 4 0 4 3 2 0 4 2 0 0 1 4 2 4 4 0 1 2 0 3 3 4 3 0 3 4 2 4 0 0 1 1 1 2
   1 1 3 2 2 4 2 4 3 0 0 1 2 2 4 0 2 2 3 1 3 4 1 0 0 3 0 1 4 2 1 2 2 1 1
   4 0 4 3 1 1 2 4 2 3 4 3 2 0 4 2]
  [0 4 2 0 1 4 4 1 0 0 3 1 3 4 4 2 0 2 1 1 1 2 1 3 1 4 2 3 2 4 3 4 4 2 0
   0 1 3 3 3 4 2 0 2 4 2 1 0 0 2 2 1 2 4 4 1 0 3 0 3 4 1 2 0 1 1 2 0 1 2
   0 3 0 3 3 3 1 1 3 0 0 0 0 3 2 3 3 4 4 0 2 3 4 4 0 1 3 1 2 4 3 3 0 3 4
   4 1 3 0 3 4 1 4 0 4 0 0 0 4 2 2]
  [0 0 2 3 2 0 4 4 2 1 3 1 1 2 1 3 2 0 1 1 2 3 0 4 1 0 3 1 1 4 4 3 1 1 4
   0 4 4 2 3 2 0 4 0 2 0 2 1 1 4 1 2 4 2 3 2 1 1 0 2 1 0 1 1 0 3 3 1 1 0
   0 4 2 1 1 3 4 2 3 1 4 1 1 3 4 3 2 2 1 4 2 4 0 2 1 0 2 4 3 4 0 0 0 1 3
   4 3 3 1 3 3 0 0 0 4 4 0 2 4 3 2]
  [0 2 3 1 3 4 0 2 4 3 2 0 4 2 4 0 4 2 4 3 1 4 4 3 1 2 0 0 0 0 0 4 1 1 3
   3 1 2 3 4 0 2 4 0 4 3 3 2 0 0 0 0 2 1 1 4 2 2 3 2 2 4 4 2 3 1 2 2 0 2
   4 2 2 3 2 1 0 3 2 0 3 3 1 1 3 2 3 2 3 1 2 1 0 4 3 3 0 3 2 0 4 1 0 2 4
   4 0 0 4 2 0 1 1 0 4 3 2 4 1 4 3]
  [0 1 1 4 2 2 2 3 1 2 4 0 2 3 2 2 0 3 3 3 3 2 4 2 0 4 3 4 0 3 1 1 2 1 1
   1 4 3 3 0 4 1 3 0 3 2 1 1 3 1 3 4 4 3 4 1 0 0 3 3 4 4 0 4 1 1 0 3 1 1
   2 1 3 4 4 1 1 3 1 0 3 3 0 4 2 4 2 2 4 4 2 1 4 3 3 3 1 0 2 1 3 4 3 4 1
   0 4 0 0 1 3 3 2 0 2 3 2 4 3 3 2]
  [0 0 0 4 4 3 1 2 3 3 2 0 2 2 4 3 4 0 1 4 3 0 2 1 1 2 0 3 0 2 4 4 0 4 2
   1 0 1 2 4 3 4 3 1 3 4 2 0 1 3 3 1 0 3 4 2 4 3 0 3 2 3 3 3 2 4 1 4 4 3
   0 3 0 3 2 3 0 2 2 4 3 1 4 4 1 2 1 4 1 1 4 4 4 0 0 2 1 2 0 3 2 2 0 0 0
   4 2 3 2 2 3 2 2 3 4 2 2 2 2 0 4]
  [0 4 0 0 4 1 2 1 2 1 1 2 1 4 4 1 0 1 1 4 2 4 2 0 3 3 1 2 2 2 2 4 3 3 4
   4 1 0 1 0 1 0 4 0 4 2 4 1 0 2 2 3 1 1 0 4 1 4 3 1 3 4 4 3 1 2 3 4 2 3
   0 4 2 4 1 2 1 4 2 0 2 1 0 0 3 3 4 1 2 4 0 4 1 1 1 3 2 2 2 0 2 3 1 4 1
   4 1 0 0 4 1 4 3 2 4 2 4 4 1 1 2]
  [0 4 4 4 1 4 1 3 0 1 4 1 0 0 4 3 1 0 1 4 0 2 0 2 2 1 1 0 4 3 2 4 4 4 4
   4 2 4 0 1 0 0 0 4 4 3 0 0 1 3 0 3 3 2 0 0 2 3 4 1 3 1 2 2 1 2 3 0 1 4
   1 0 0 0 0 1 4 4 2 2 2 4 0 0 0 2 2 0 1 1 3 4 3 2 4 3 2 1 2 3 0 4 2 2 2
   3 1 4 1 1 2 4 4 1 0 4 4 1 2 1 3]
  [0 1 2 1 3 3 2 2 3 4 4 0 2 4 2 1 1 4 2 0 4 1 4 1 1 1 1 1 1 3 3 4 4 3 3
   1 4 0 2 0 3 3 4 2 4 1 4 0 1 3 2 3 2 4 3 0 0 3 0 3 1 3 3 1 2 4 2 2 4 0
   1 3 4 2 0 1 3 4 1 0 2 4 4 0 4 3 0 4 0 2 1 2 4 1 0 1 0 0 0 0 0 0 1 4 3
   4 1 1 4 0 2 2 2 3 4 3 0 2 3 0 2]
  [0 0 4 0 2 4 4 0 4 1 0 2 1 1 4 3 4 4 1 3 2 0 2 1 2 0 3 3 0 4 4 0 2 2 0
   2 4 2 2 2 1 0 3 1 0 2 0 0 0 2 2 4 3 2 1 3 1 4 3 0 2 1 3 4 3 4 2 0 1 0
   0 4 1 1 3 1 1 0 0 2 1 4 1 4 4 3 3 3 3 4 1 0 4 0 3 3 1 0 3 4 2 4 0 3 3
   4 4 3 0 4 2 0 2 2 3 4 1 2 1 4 3]
  [0 4 3 4 0 1 1 4 3 4 0 2 3 3 2 3 4 4 2 1 1 0 3 4 2 0 3 1 2 4 2 4 3 2 4
   1 4 2 0 4 4 4 3 2 3 0 0 3 1 4 4 0 3 1 1 0 0 0 0 2 4 3 2 1 1 2 4 3 4 1
   0 1 2 1 0 3 2 1 3 3 4 2 2 3 0 1 2 3 4 1 1 3 4 2 2 4 3 0 0 0 3 3 2 0 4
   1 1 1 3 2 3 2 2 0 4 2 0 1 1 2 4]
  [0 4 3 3 0 1 0 3 2 0 4 0 0 1 0 2 1 4 3 0 2 0 3 1 1 4 1 4 0 0 2 0 1 3 3
   1 2 4 0 3 0 4 3 4 1 4 2 2 0 3 2 2 3 4 0 4 1 2 3 0 4 1 2 0 4 0 2 0 1 0
   3 0 1 3 2 0 3 0 1 3 2 3 3 3 3 3 0 2 1 0 4 4 4 3 4 0 4 0 1 1 1 4 0 3 0
   2 1 0 0 2 0 1 4 1 2 4 3 3 1 3 4]
  [0 0 1 0 2 3 2 1 4 3 0 0 0 2 1 3 2 1 2 2 3 1 2 4 3 3 1 2 4 2 4 1 3 2 4
   3 3 3 3 4 2 1 0 2 4 1 3 1 0 2 3 2 4 2 3 3 0 1 1 4 4 1 2 0 2 3 1 1 4 2
   2 0 4 2 0 1 2 1 2 1 1 0 3 1 1 2 1 1 4 2 4 2 0 4 0 4 3 2 4 1 1 3 3 2 2
   0 1 1 3 3 4 2 4 1 1 2 3 3 2 3 4]
  [0 2 0 3 1 4 0 2 3 0 3 1 2 3 4 4 3 3 2 1 4 3 2 4 1 3 1 1 4 0 4 4 3 1 1
   4 0 1 3 1 1 1 0 4 2 2 4 1 2 4 4 2 1 3 2 1 1 4 3 2 1 0 2 4 2 4 0 0 0 2
   2 0 0 4 0 3 0 4 2 4 1 2 3 4 0 0 4 1 3 4 3 2 3 2 2 4 2 1 3 3 4 3 1 3 2
   3 0 0 0 1 0 0 2 2 4 4 2 3 4 4 0]
  [0 4 0 2 0 2 4 1 1 1 4 1 1 2 1 1 4 3 0 1 0 2 3 0 4 4 4 0 0 3 0 4 4 1 3
   1 0 3 0 4 3 0 1 4 3 2 0 4 1 2 4 3 2 3 2 4 0 0 1 3 3 2 3 4 3 1 4 1 3 0
   1 1 3 3 0 2 3 2 0 0 0 0 3 3 3 1 3 0 2 1 4 4 2 3 0 1 3 2 2 2 2 0 3 4 0
   3 0 0 1 0 1 2 3 3 0 3 3 4 3 1 2]
  [0 0 2 0 3 3 3 2 3 4 0 0 0 3 1 1 4 1 2 0 2 4 0 3 1 4 0 0 0 2 0 1 0 3 2
   1 2 4 2 3 2 4 1 1 1 3 1 2 1 2 3 4 1 3 0 2 1 2 2 0 1 3 4 3 0 3 4 3 4 4
   0 3 3 3 0 0 1 2 2 3 1 4 3 0 1 3 2 0 1 1 4 2 1 0 2 4 1 4 0 2 4 4 0 0 2
   1 2 2 0 0 4 3 3 3 2 3 4 2 2 3 3]
  [0 0 2 1 0 1 4 2 1 1 3 0 1 3 4 3 1 3 4 0 2 4 1 3 2 0 3 4 3 1 3 4 1 2 4
   2 0 0 1 1 0 4 0 1 1 0 0 4 4 4 0 2 3 4 3 0 3 1 2 4 1 0 3 4 0 4 3 0 0 1
   0 2 4 3 0 4 3 4 3 4 2 3 2 2 0 2 4 4 2 4 2 4 3 2 1 4 0 3 2 2 0 0 4 2 4
   3 0 2 1 0 2 4 1 3 0 3 0 4 2 0 2]
  [0 1 2 4 1 0 4 3 2 4 4 0 0 4 2 1 0 3 3 4 2 4 1 3 0 4 3 1 2 0 0 3 1 3 1
   2 0 2 3 0 3 2 3 4 2 0 0 2 2 0 1 3 1 0 3 0 0 0 3 4 2 3 4 4 3 0 0 1 3 4
   2 0 3 3 0 0 1 1 1 2 1 3 3 4 3 3 4 4 1 1 2 4 3 2 0 4 1 1 3 2 2 3 3 4 4
   0 1 3 0 3 0 0 1 4 1 4 2 1 1 0 0]
  [0 3 0 2 0 3 1 4 2 4 2 2 0 3 3 3 1 2 1 0 3 3 4 2 4 1 0 0 2 2 0 4 3 2 1
   0 3 0 2 0 3 2 0 0 2 3 3 3 0 4 4 4 2 0 2 4 3 4 4 2 1 0 1 2 1 3 4 4 1 0
   1 2 4 2 4 2 2 1 2 1 1 4 3 4 3 3 3 3 2 1 2 3 3 3 3 0 2 4 1 0 4 0 0 4 3
   4 4 4 0 2 3 0 0 4 4 4 0 3 3 2 1]
  [0 2 0 4 3 2 0 1 3 3 1 2 0 3 4 0 2 1 3 3 0 1 2 4 4 1 3 0 1 4 0 0 4 2 0
   3 2 3 0 0 1 1 4 4 2 1 1 1 2 4 3 3 4 0 2 4 3 2 2 4 3 4 4 1 3 3 3 3 4 3
   1 0 0 0 0 3 2 4 2 4 1 2 1 2 0 4 1 4 2 0 4 4 4 4 0 0 2 4 3 1 3 0 1 1 1
   2 1 3 4 3 0 3 0 4 3 4 4 3 2 3 2]
  [0 3 2 4 1 3 3 2 1 3 3 1 4 0 3 0 3 0 0 1 3 0 2 3 3 1 3 0 2 0 1 4 1 3 1
   3 2 3 3 4 4 2 1 2 2 1 1 0 3 3 3 3 0 4 2 4 4 2 4 3 3 1 1 0 4 0 3 0 2 1
   1 4 2 2 3 0 0 1 4 2 4 3 2 4 4 0 1 3 4 4 3 4 4 0 1 1 3 4 4 0 2 3 0 4 3
   1 2 0 4 0 3 4 1 0 0 4 2 1 4 1 2]
  [0 0 2 2 4 3 0 2 1 2 2 1 3 1 0 2 4 2 4 2 2 4 1 3 2 2 1 3 4 2 3 4 0 3 1
   0 0 3 4 3 0 4 2 4 3 2 3 2 4 4 2 1 0 3 4 1 1 0 0 1 2 3 4 4 0 0 1 3 0 1
   4 2 2 1 2 3 1 3 4 2 4 0 2 2 4 0 2 2 0 1 0 2 3 4 0 2 2 2 3 2 0 4 2 1 2
   4 1 2 1 4 0 3 0 2 0 4 4 1 1 0 4]
  [0 2 0 2 4 0 2 3 1 3 4 1 4 3 1 4 4 0 4 3 1 2 1 0 3 3 4 4 2 4 4 4 0 4 3
   3 4 2 4 2 2 2 2 3 0 0 3 1 4 4 1 0 1 2 4 3 3 0 2 3 4 0 1 1 1 3 0 3 1 1
   1 4 4 4 0 0 4 0 4 0 0 0 4 2 3 1 2 3 2 1 1 4 0 0 3 2 2 0 3 1 0 4 1 2 3
   1 4 2 1 3 3 1 1 1 4 0 1 1 3 4 0]
  [0 4 0 2 3 0 4 2 2 1 4 2 1 2 2 0 0 4 4 1 0 1 4 4 1 1 1 0 2 4 4 3 0 2 3
   2 1 0 3 4 4 4 0 2 1 4 3 2 0 1 0 3 3 0 4 0 2 4 4 3 4 0 2 4 2 4 2 1 1 4
   0 0 0 4 0 0 3 1 4 4 3 2 0 4 2 1 3 3 0 3 1 4 2 3 4 2 3 3 2 0 4 3 3 2 1
   2 2 3 3 4 0 1 0 2 3 0 0 2 0 0 4]
  [0 3 2 0 1 4 2 2 1 1 4 0 4 2 4 2 1 0 4 2 2 2 0 2 2 2 2 0 2 1 4 3 4 0 1
   4 4 4 0 2 1 2 2 3 3 0 0 4 1 3 1 0 4 4 1 2 4 2 4 1 0 4 4 2 2 3 2 3 4 1
   0 2 0 2 1 3 0 3 0 1 2 1 3 0 4 1 4 2 3 2 3 0 4 4 0 0 3 0 3 4 0 1 0 0 2
   1 3 3 1 3 3 1 1 0 1 1 1 0 4 0 2]
  [0 0 3 0 2 3 2 2 0 3 4 3 4 4 0 0 3 0 1 4 3 0 2 0 2 0 3 4 2 1 3 3 1 0 0
   0 2 2 3 1 4 1 0 3 0 1 3 0 0 1 2 1 3 4 0 3 0 3 2 3 0 0 2 0 3 4 2 4 4 2
   1 0 3 4 0 0 3 4 1 3 4 2 0 4 4 0 0 1 2 4 0 3 3 1 4 1 4 1 3 1 2 2 3 1 0
   2 4 4 0 1 3 4 4 0 2 2 1 1 0 0 4]
  [0 4 3 0 0 0 1 2 4 3 1 4 1 0 1 1 3 1 0 2 2 1 3 1 4 1 3 1 2 4 1 0 2 0 2
   1 3 2 2 4 1 3 1 0 1 0 4 0 0 4 0 0 1 2 1 4 2 2 0 3 0 3 3 4 1 0 0 2 2 2
   3 4 4 1 4 3 0 1 4 2 2 1 4 3 1 3 4 1 4 2 0 1 3 4 3 0 3 4 0 0 0 0 3 4 1
   1 1 0 3 0 3 2 3 1 0 3 4 4 3 0 3]
  [0 2 4 4 0 3 4 1 4 2 2 0 3 3 1 1 1 3 4 1 3 1 1 3 4 2 0 4 4 3 3 3 0 3 0
   1 3 1 3 0 4 1 0 4 4 3 3 3 1 4 3 0 0 3 1 4 4 3 4 3 2 0 4 0 0 2 0 1 1 1
   4 1 3 4 1 2 1 2 0 4 1 0 2 4 1 4 3 0 2 0 2 3 0 3 4 3 3 3 2 1 2 0 3 2 3
   2 1 4 3 3 3 3 0 0 0 4 4 3 0 1 0]]

 [[0 3 2 3 1 0 0 0 4 2 0 4 3 2 0 1 3 1 0 0 1 1 3 4 0 2 3 4 0 0 2 4 4 1 2
   3 3 0 4 0 3 1 1 2 0 2 0 3 1 1 0 1 2 0 3 3 2 3 0 3 4 0 0 4 2 0 1 0 3 2
   0 3 3 3 0 1 4 1 0 4 4 2 2 3 2 3 4 0 0 2 4 4 4 1 4 0 0 4 0 3 3 0 4 2 3
   1 0 1 3 4 4 4 4 4 3 2 2 4 2 0 3]
  [0 0 0 3 2 3 1 1 1 4 4 4 4 3 0 2 1 1 4 2 4 1 1 1 4 3 0 1 4 3 3 4 0 2 0
   4 0 3 3 2 4 2 4 2 2 2 3 1 3 4 2 4 4 1 3 2 4 3 1 3 1 0 1 2 1 2 3 3 0 3
   0 2 4 3 0 3 1 0 2 3 2 0 0 0 3 2 1 1 2 0 0 1 4 0 3 0 0 4 2 2 4 4 2 2 1
   1 4 4 0 0 3 4 1 2 0 4 1 1 4 2 2]
  [0 0 0 3 2 4 2 2 4 0 1 3 2 1 1 1 2 0 2 1 1 2 2 2 2 4 1 3 3 1 0 4 4 2 4
   1 2 0 2 4 4 1 2 0 1 1 1 1 1 3 3 0 4 4 2 3 1 1 4 1 2 0 4 3 4 2 2 2 1 0
   2 4 0 4 0 1 0 4 3 2 0 1 0 1 2 0 4 1 0 3 3 1 3 4 1 0 0 3 2 1 2 4 3 0 1
   3 0 3 1 3 1 4 0 3 2 1 4 2 3 3 1]
  [0 4 2 0 0 2 0 0 2 0 4 2 0 0 1 4 0 2 1 4 0 2 4 0 0 3 0 4 0 3 0 3 0 4 3
   1 0 4 1 0 4 1 2 3 1 1 4 2 0 2 1 2 4 2 3 3 1 3 3 4 3 3 3 3 0 4 1 1 2 0
   1 1 3 0 0 2 4 3 3 2 0 0 1 4 0 2 3 3 2 2 0 0 3 2 2 1 3 1 1 0 4 3 3 4 4
   2 0 1 2 0 4 4 4 3 4 4 1 0 2 2 3]
  [0 1 1 3 0 4 1 1 2 0 3 4 1 3 0 0 3 4 0 4 0 0 4 0 3 0 1 1 3 2 0 3 0 0 4
   3 1 4 3 2 1 3 2 4 0 2 2 2 0 4 1 0 0 2 1 4 2 0 1 2 1 4 1 2 1 4 0 0 2 1
   1 3 4 4 2 3 1 1 4 2 3 1 3 4 4 0 2 3 2 0 1 4 0 3 0 4 2 3 4 3 4 2 3 3 1
   3 2 0 0 0 1 3 4 2 4 0 0 2 4 4 1]
  [0 2 4 3 3 0 4 4 3 0 4 0 2 1 0 4 2 4 1 1 1 1 2 4 2 4 0 1 2 2 2 4 2 2 2
   3 2 0 3 4 2 2 1 3 4 0 4 0 3 4 0 3 1 4 0 3 0 1 1 4 0 2 4 4 0 2 3 4 2 0
   4 0 3 0 4 2 3 1 0 0 3 4 1 1 0 4 1 2 1 4 0 4 3 0 3 4 3 1 1 4 3 4 0 4 0
   4 2 3 4 2 2 4 2 1 3 4 1 0 0 3 4]
  [0 1 0 0 1 4 0 1 4 2 0 1 4 3 1 3 4 3 1 0 0 2 1 3 0 3 4 0 1 2 4 2 0 3 0
   2 1 1 2 2 4 1 2 4 3 4 3 2 4 0 1 4 0 4 2 1 2 0 2 2 4 4 3 3 3 0 1 1 0 2
   0 1 3 1 4 1 0 1 2 4 3 4 2 1 4 0 3 3 1 1 3 4 3 0 0 0 3 4 1 1 3 0 4 4 4
   4 2 0 4 1 4 2 3 4 2 3 3 2 1 4 2]
  [0 4 0 2 0 0 2 0 2 0 0 4 4 3 3 0 1 2 0 0 3 4 2 2 3 2 3 3 0 2 2 2 4 4 3
   4 4 2 0 2 2 0 0 0 1 2 0 1 4 2 4 1 4 3 0 4 0 1 4 3 0 1 3 0 1 0 4 1 2 3
   0 2 0 1 0 1 1 0 1 4 2 3 2 1 0 2 2 3 4 0 3 2 4 3 4 3 0 1 2 3 2 4 1 0 0
   2 0 1 1 0 2 2 1 2 0 0 1 0 4 0 3]
  [0 2 4 1 2 3 2 3 0 1 3 4 1 0 0 3 2 1 4 4 4 1 1 3 2 3 3 3 3 4 1 4 1 4 0
   3 0 3 1 1 2 3 2 2 1 0 2 4 4 0 0 0 4 1 4 3 3 2 0 1 1 0 3 1 2 1 1 4 3 0
   2 4 2 0 3 1 0 1 1 4 1 0 2 0 2 2 2 4 2 1 2 1 0 3 1 3 2 0 2 4 2 4 0 3 2
   4 3 0 1 4 4 0 2 3 1 3 1 1 2 4 1]
  [0 4 4 1 0 1 0 4 4 0 3 0 3 0 1 0 1 0 2 1 3 3 2 0 0 0 1 1 3 4 3 2 0 4 4
   2 3 0 3 4 3 4 1 1 2 4 3 3 3 3 4 4 3 4 2 4 0 0 2 4 0 2 2 2 0 1 2 3 1 2
   4 1 4 0 2 3 4 3 2 2 3 4 0 2 0 4 0 3 2 0 0 3 2 0 3 3 0 4 4 2 2 4 4 2 0
   3 2 1 4 4 2 1 1 4 0 0 0 1 0 3 2]
  [0 4 2 1 4 1 2 3 2 3 0 2 2 2 4 0 4 0 2 1 3 1 0 1 0 4 2 4 0 4 0 0 3 3 2
   0 4 3 3 4 3 4 4 3 0 1 3 2 1 4 3 4 4 2 3 1 4 2 3 1 4 1 1 2 4 3 4 1 0 0
   0 4 2 2 2 0 2 0 3 3 1 2 1 4 2 1 3 0 1 3 3 4 1 1 4 0 3 4 3 3 4 2 0 0 0
   3 0 1 1 3 3 0 0 3 0 1 0 2 1 3 2]
  [0 1 2 1 0 3 2 1 4 4 0 0 0 1 0 4 1 2 1 4 0 3 1 1 1 1 3 1 4 0 4 2 3 4 0
   3 1 2 3 0 1 4 3 3 4 2 0 3 3 4 0 0 3 2 3 0 1 4 2 0 2 1 4 4 3 1 1 0 0 3
   3 1 4 1 4 3 2 1 3 0 3 1 4 1 3 4 1 1 3 4 4 4 4 1 1 0 2 0 0 3 4 3 1 3 3
   0 4 0 3 4 2 3 4 3 1 1 3 3 2 1 4]
  [0 2 3 4 0 4 2 3 4 1 1 1 0 2 1 1 1 0 3 3 4 2 3 2 1 4 0 3 4 0 0 2 1 3 2
   0 2 4 3 3 2 2 0 2 4 1 2 3 2 1 4 2 4 3 3 3 0 3 0 1 1 2 2 3 4 3 4 0 1 2
   1 2 4 0 4 2 3 0 3 1 2 2 4 4 2 2 0 0 4 3 1 4 3 3 3 3 2 2 1 2 4 2 0 3 0
   2 2 2 2 2 2 2 1 1 4 3 1 4 2 0 3]
  [0 2 4 1 3 2 3 1 0 2 4 3 1 0 1 4 1 4 1 0 1 0 3 2 3 1 4 1 1 1 3 0 4 1 1
   1 1 4 1 2 4 1 3 2 4 3 1 1 2 2 2 1 1 1 3 0 4 2 4 4 4 0 3 1 2 3 4 4 1 3
   0 1 4 3 3 4 0 1 0 3 4 3 2 2 4 3 3 1 4 4 1 2 3 1 0 2 2 2 0 3 0 2 3 1 3
   0 1 3 1 1 2 4 4 0 1 1 1 0 4 1 1]
  [0 3 2 0 2 0 0 4 2 2 2 2 4 3 0 1 3 1 4 0 1 0 3 1 0 3 3 0 2 2 0 4 1 3 3
   0 3 1 2 1 3 3 4 0 4 3 3 4 4 0 0 4 0 1 0 2 3 2 0 1 2 0 2 2 1 4 2 1 0 1
   2 0 1 0 0 0 4 4 2 4 1 4 1 4 4 3 4 1 0 1 1 3 4 2 1 2 1 4 0 0 0 3 1 2 3
   2 2 3 4 1 2 4 3 0 0 0 3 4 2 0 4]
  [0 0 2 3 1 1 0 4 2 1 3 3 1 4 3 0 2 3 0 4 0 1 2 1 0 0 4 1 0 3 2 0 4 3 3
   4 1 3 1 0 2 2 1 0 1 0 1 3 2 0 1 1 2 2 4 1 0 1 4 3 0 2 2 2 3 4 2 4 1 3
   4 1 3 0 0 2 4 0 3 4 3 3 2 2 0 0 3 0 1 2 2 1 0 1 4 3 1 2 2 4 1 2 3 3 4
   4 4 4 0 0 3 2 1 3 4 3 0 1 0 2 2]
  [0 2 3 4 1 0 0 4 1 2 3 0 4 3 4 3 0 2 0 2 0 3 2 2 3 4 1 2 0 2 2 0 4 1 3
   3 3 3 3 4 4 3 4 0 4 0 4 0 0 3 2 3 3 4 3 3 1 2 3 3 0 3 1 0 3 3 3 2 3 2
   0 1 4 0 3 0 4 4 3 4 0 3 4 0 2 1 1 4 3 3 0 2 4 2 3 1 3 3 0 2 4 4 0 1 3
   2 0 4 3 3 3 3 0 2 4 1 0 1 1 3 4]
  [0 0 3 3 0 1 2 3 2 3 2 2 0 3 3 4 2 0 2 1 0 4 1 4 3 2 0 0 0 2 4 0 1 2 2
   0 1 2 0 3 3 1 1 4 2 3 3 3 3 0 4 1 1 3 3 3 2 4 3 2 1 4 3 0 4 3 3 2 2 1
   1 0 2 4 4 3 3 1 3 3 3 0 2 1 4 0 0 4 3 0 2 0 1 0 1 0 3 1 3 1 0 4 1 0 0
   2 1 0 1 0 1 0 2 0 2 3 3 4 3 1 1]
  [0 4 1 4 0 1 2 0 3 1 3 2 1 3 0 4 3 1 0 4 1 3 4 0 4 0 2 0 2 4 4 1 4 4 4
   4 4 1 3 1 2 0 3 0 2 3 3 4 0 3 1 1 1 3 2 1 3 0 4 0 3 2 3 0 4 0 2 0 3 3
   2 2 3 1 2 0 3 3 4 0 3 1 1 1 1 1 1 2 4 2 0 0 2 4 3 2 3 4 2 2 3 0 3 4 2
   1 4 0 0 0 3 2 4 1 3 1 2 3 0 3 2]
  [0 2 2 0 2 2 3 2 1 2 2 1 2 4 3 0 1 2 4 0 4 2 0 2 2 3 2 4 2 3 4 2 2 2 1
   2 4 1 3 3 2 3 4 4 1 1 0 3 2 0 4 4 3 3 1 1 3 4 4 4 2 2 0 0 4 3 0 1 0 0
   3 4 0 1 0 3 1 1 4 0 4 2 3 0 3 2 1 2 3 1 1 2 3 2 3 1 0 2 1 3 3 0 4 1 4
   2 2 1 1 2 2 4 4 3 0 2 4 2 2 4 1]
  [0 1 4 3 0 4 4 2 0 1 3 4 1 3 1 0 4 1 1 3 0 1 3 3 3 0 4 3 4 1 0 0 1 2 0
   4 4 1 3 3 1 1 1 0 0 0 2 3 1 2 4 1 0 1 2 3 4 4 1 2 1 0 0 2 0 3 3 0 2 4
   2 3 2 4 0 2 2 2 1 4 1 1 0 0 0 3 0 4 4 2 3 0 0 3 4 0 0 4 0 3 0 2 1 3 1
   1 1 1 1 4 3 4 3 2 4 3 4 1 4 4 3]
  [0 3 4 0 3 2 3 0 0 2 0 3 2 0 1 1 0 3 0 4 0 0 4 3 4 4 4 3 2 3 4 1 1 2 3
   2 3 0 0 3 3 3 0 0 3 4 3 2 2 3 0 0 2 2 4 0 1 3 3 1 0 0 1 2 3 1 2 4 0 1
   2 2 0 1 4 3 4 2 0 3 2 1 1 0 2 3 0 2 3 1 1 1 4 1 1 3 1 0 0 1 2 2 4 4 0
   0 3 2 4 1 0 1 3 0 0 3 3 0 2 2 0]
  [0 0 2 2 1 2 3 2 2 1 1 0 0 3 0 1 0 3 0 2 0 1 0 0 4 4 4 0 2 0 3 4 4 1 1
   3 4 1 4 4 3 2 1 1 4 1 2 0 1 1 0 1 4 0 4 4 1 2 4 0 2 1 4 1 2 0 2 4 0 0
   0 2 0 1 2 0 4 0 4 3 0 0 0 4 3 3 1 3 2 1 4 1 3 4 0 4 0 4 3 2 4 2 3 2 4
   0 3 4 1 1 2 2 1 2 4 0 3 1 2 0 4]
  [0 4 3 2 3 4 4 4 2 1 3 0 1 0 0 1 3 0 1 1 2 1 2 0 2 4 4 3 0 4 0 3 2 1 0
   3 3 1 3 2 2 1 3 4 1 1 1 2 4 4 2 3 4 1 3 2 0 2 3 2 1 4 0 1 4 0 0 2 4 3
   0 2 4 2 0 1 2 2 3 4 3 3 3 0 1 2 1 0 3 1 3 4 4 2 4 4 0 1 2 2 3 3 2 0 4
   3 3 3 1 4 3 4 1 1 1 2 3 4 0 0 2]
  [0 3 3 4 2 2 4 0 2 4 0 2 4 2 2 0 0 4 1 3 1 2 3 3 0 1 3 1 3 3 0 1 0 2 4
   1 4 0 2 1 2 4 1 2 3 1 2 4 1 3 4 1 3 0 1 3 4 4 0 1 4 1 0 1 1 1 0 4 1 2
   1 2 2 3 3 3 2 2 1 0 3 2 3 4 2 3 4 0 4 2 3 3 3 0 2 0 2 0 2 3 2 0 2 2 2
   0 0 3 1 4 1 2 4 0 0 2 3 2 4 0 0]
  [0 2 1 2 3 2 3 2 3 0 3 4 2 0 2 0 2 1 4 1 2 1 0 0 4 0 3 4 1 2 4 2 0 3 3
   0 2 1 3 3 0 2 0 0 1 2 3 1 2 4 1 1 4 1 3 3 0 1 4 1 0 0 1 1 2 0 3 2 4 0
   0 1 2 2 3 1 0 4 2 2 3 0 4 2 1 2 0 2 3 3 4 4 1 0 2 4 0 2 2 1 2 1 0 3 4
   2 3 4 1 0 0 1 4 1 4 4 4 1 3 2 4]
  [0 4 1 0 1 4 3 3 3 2 2 2 2 0 1 4 2 1 4 1 3 1 4 0 1 2 0 4 1 2 2 4 3 4 3
   2 1 2 1 2 4 0 1 4 3 2 0 2 2 2 4 0 3 4 2 1 4 3 4 4 3 4 2 4 3 2 1 2 2 2
   2 0 2 1 1 2 4 1 2 3 4 3 4 4 2 1 2 0 1 4 3 2 3 4 3 4 3 1 4 1 4 1 4 2 2
   3 3 1 2 0 4 4 4 2 0 4 3 4 3 0 0]
  [0 2 4 4 2 0 3 4 0 0 0 2 1 2 1 0 2 0 0 2 3 2 1 4 4 1 4 0 1 1 0 0 1 0 4
   3 0 2 0 2 2 0 1 1 3 1 3 2 1 0 4 0 0 0 1 1 4 0 2 4 2 2 0 2 4 2 4 0 4 3
   2 3 4 3 4 2 3 4 4 2 2 1 4 1 2 1 0 4 1 4 1 1 1 4 2 1 0 0 1 2 4 0 4 0 2
   0 3 2 4 0 0 0 0 3 2 0 4 1 3 4 4]
  [0 1 0 4 4 1 2 2 2 1 0 3 1 2 1 0 1 0 2 4 3 2 2 0 0 3 2 2 0 0 0 2 1 2 4
   3 3 0 1 0 1 3 4 4 1 1 2 2 2 4 1 1 4 2 3 1 1 3 1 0 2 1 4 1 3 4 3 1 1 1
   2 3 0 2 3 3 2 0 3 4 1 4 0 4 1 1 3 0 3 0 4 2 2 0 0 1 2 0 1 2 2 3 3 0 4
   2 0 1 4 2 4 1 0 4 4 1 2 3 0 1 0]
  [0 0 3 4 4 0 3 2 3 3 1 1 4 2 2 2 0 1 4 0 2 4 3 2 3 2 0 0 3 0 1 2 2 4 2
   3 3 0 4 4 1 3 1 1 0 0 4 0 2 2 2 2 0 1 2 1 1 1 0 0 4 0 4 3 2 1 0 3 1 2
   4 0 4 0 3 2 2 0 2 1 1 3 2 4 1 2 4 1 0 0 1 0 2 0 4 4 0 4 2 2 2 2 0 4 1
   3 2 3 1 3 3 0 0 2 2 1 2 4 1 3 1]
  [0 2 4 1 0 0 1 2 1 2 4 3 0 3 1 2 3 0 2 2 0 0 0 4 3 0 0 4 3 3 0 2 4 2 4
   1 0 4 1 4 2 3 1 2 4 4 1 0 2 3 3 2 3 4 2 2 2 3 1 3 0 4 0 0 1 0 4 2 3 2
   3 3 3 3 4 0 2 2 4 4 0 3 0 1 4 2 0 1 2 1 4 4 0 1 2 2 0 4 4 0 4 3 4 0 2
   2 0 0 1 0 3 1 3 1 4 1 3 1 4 0 4]
  [0 1 0 4 1 0 0 3 1 3 3 3 1 2 2 2 3 1 0 1 4 4 4 2 1 1 3 1 1 3 3 0 1 4 4
   0 0 0 3 1 3 0 0 4 3 1 1 1 0 1 0 1 2 3 2 1 4 2 4 3 0 0 0 0 1 4 0 4 0 2
   3 2 1 3 0 4 4 2 2 4 2 3 4 0 4 3 4 4 3 1 3 1 1 3 0 2 3 4 0 4 0 1 3 2 1
   4 0 4 0 2 2 0 4 0 4 4 1 0 2 1 1]
  [0 3 1 0 1 4 4 0 0 3 2 2 2 2 0 4 1 3 4 0 1 2 1 4 3 3 2 0 4 0 4 2 0 2 0
   3 1 4 0 4 3 2 4 3 4 2 1 2 3 0 4 0 3 2 0 4 0 0 4 4 0 3 3 2 4 0 2 3 2 1
   3 2 0 2 4 0 0 4 0 3 1 4 2 2 4 1 3 0 3 0 2 1 4 1 0 1 0 4 1 4 1 3 3 3 2
   1 0 1 2 3 4 0 3 2 3 1 2 4 2 2 0]
  [0 1 3 0 1 1 4 4 3 2 4 4 1 0 3 4 3 4 4 3 0 1 3 3 4 2 0 0 2 4 2 2 3 0 3
   4 3 2 1 1 3 1 4 1 4 3 1 0 3 0 4 1 0 1 4 1 3 2 0 4 0 3 4 3 4 3 0 3 3 1
   1 4 3 0 0 4 2 0 4 3 0 0 2 2 4 2 1 2 2 2 0 1 0 0 3 4 0 2 2 0 1 3 2 4 0
   3 0 3 2 4 0 0 4 4 3 4 0 3 1 0 4]
  [0 3 2 1 0 2 1 0 4 2 4 4 1 2 1 4 0 0 0 1 4 3 0 3 0 0 4 2 2 3 4 1 2 2 0
   0 0 0 3 3 2 3 2 3 0 2 3 2 4 0 1 0 0 4 4 1 4 1 1 1 4 0 2 0 3 1 3 0 2 1
   3 1 2 2 2 3 2 2 2 3 2 1 3 2 0 4 0 2 2 3 2 2 3 0 2 3 2 3 1 1 3 4 3 3 4
   0 0 1 0 1 3 0 4 1 1 0 0 2 4 0 2]
  [0 3 4 0 2 2 3 2 1 1 0 4 1 2 4 1 4 1 3 2 2 2 2 3 1 3 3 0 4 4 4 0 0 0 3
   0 1 1 2 0 3 2 1 0 4 4 4 1 3 4 2 2 2 0 2 3 3 0 0 2 4 4 3 3 3 0 0 4 2 2
   3 4 4 0 2 0 4 4 3 3 2 3 1 2 2 1 0 0 2 4 2 4 3 0 4 1 0 4 1 4 0 0 1 0 0
   2 2 1 0 0 2 3 0 3 2 1 0 4 2 4 2]
  [0 3 4 3 4 4 1 2 0 3 2 4 4 2 2 1 2 1 4 1 2 1 1 1 2 4 3 4 1 1 3 0 3 4 2
   1 0 2 1 0 0 4 3 2 1 3 4 4 2 2 4 3 4 4 3 3 1 2 3 2 2 3 2 3 1 3 1 2 2 2
   0 4 3 1 0 3 1 0 0 2 4 4 2 2 3 2 4 1 3 0 3 4 1 1 3 2 2 0 4 0 3 4 3 4 3
   4 2 0 4 1 4 2 1 0 3 1 1 4 4 1 0]
  [0 3 1 1 3 2 0 3 0 0 4 0 1 0 2 2 1 2 1 4 2 4 3 1 2 3 4 1 0 3 2 1 4 4 3
   1 3 0 0 1 3 1 4 0 4 3 3 4 1 0 0 2 3 3 4 1 0 2 1 0 4 2 1 4 1 0 4 2 2 2
   0 0 3 2 2 1 1 0 1 1 3 4 1 3 2 3 3 2 1 3 0 0 2 2 1 1 1 4 0 2 3 2 4 3 4
   0 1 4 2 3 2 2 1 1 4 1 1 1 4 4 4]
  [0 0 3 0 2 0 3 1 1 4 3 4 1 1 1 1 4 0 0 3 4 4 1 1 3 2 1 3 2 3 3 1 4 2 3
   1 3 4 0 2 3 1 0 1 2 2 2 0 4 2 3 2 4 3 1 2 3 1 1 4 4 2 4 1 2 0 4 1 3 0
   3 3 3 1 0 2 3 3 0 3 1 1 4 0 2 0 2 3 2 0 0 1 3 1 1 0 2 2 1 1 3 2 4 0 1
   4 1 1 2 2 1 2 0 2 3 2 1 2 3 4 2]
  [0 3 1 1 3 0 2 0 1 1 4 0 0 1 4 2 2 3 0 2 3 1 3 3 3 0 4 1 3 1 1 1 3 2 4
   0 3 2 0 0 2 0 2 2 4 2 2 4 4 2 1 1 0 3 2 0 1 2 0 1 4 4 4 0 0 1 4 0 4 3
   2 1 4 0 0 3 2 3 0 0 1 3 4 2 0 2 1 4 1 2 0 3 1 3 0 2 1 0 1 4 3 2 0 2 1
   3 3 4 0 3 2 0 4 2 0 0 2 1 1 3 3]
  [0 0 1 1 2 1 0 0 4 3 1 2 3 2 1 4 1 2 0 4 1 2 0 2 2 3 3 4 3 0 3 2 2 3 1
   2 3 1 3 2 0 3 0 4 1 3 0 3 0 0 0 2 1 0 2 2 1 2 4 2 0 4 0 4 1 1 2 4 3 4
   4 0 2 3 4 2 1 4 4 1 2 4 1 3 1 4 1 3 4 1 2 4 1 1 2 4 2 1 3 1 3 3 3 0 2
   3 2 3 4 1 1 1 1 1 3 0 2 2 2 3 1]
  [0 0 4 4 0 1 3 2 0 1 3 3 2 3 3 2 1 3 3 4 0 4 2 3 1 1 4 3 1 3 2 3 1 2 3
   2 2 1 2 0 3 0 3 0 2 1 0 2 4 3 3 0 4 4 0 1 4 1 4 4 3 4 3 0 2 4 1 1 0 1
   1 3 3 1 4 4 3 2 1 2 3 4 2 3 2 1 2 0 4 1 3 1 4 0 3 3 1 1 0 2 1 0 4 4 1
   3 1 4 4 4 1 4 3 4 2 4 1 2 3 3 2]
  [0 2 1 3 1 0 1 2 3 2 1 3 4 4 2 1 0 4 1 2 1 0 0 0 2 4 2 4 4 0 0 3 2 4 1
   1 2 0 4 1 4 3 0 2 2 0 2 4 2 1 4 1 0 2 2 2 1 1 2 2 1 2 2 1 2 2 3 2 1 0
   3 2 4 0 1 3 2 4 1 3 4 3 4 0 1 3 2 0 0 3 1 0 4 1 2 0 2 0 1 1 3 4 4 1 2
   3 0 0 0 4 1 1 2 2 0 2 0 3 4 1 0]
  [0 1 4 3 1 1 1 3 2 0 4 2 4 3 0 3 3 4 1 4 0 3 0 1 0 3 2 0 1 0 3 1 0 4 0
   2 0 1 1 3 4 0 4 0 4 2 0 1 2 2 3 1 0 4 4 0 2 2 0 2 2 4 3 4 4 1 0 1 4 1
   3 2 3 1 4 0 4 4 1 0 1 0 0 1 2 3 2 0 1 0 3 4 1 0 3 4 2 4 0 0 1 1 2 0 4
   3 2 2 4 4 3 4 4 3 1 4 2 1 2 3 1]
  [0 2 3 3 4 2 1 3 1 2 1 3 2 4 1 4 4 1 3 3 4 3 4 0 1 4 0 2 1 1 3 1 1 0 3
   2 3 0 0 0 1 4 3 0 0 0 0 4 0 0 4 1 1 4 2 3 1 0 3 0 0 0 2 0 0 4 1 2 2 0
   1 3 1 2 4 1 3 4 4 3 3 2 3 0 1 3 2 1 4 3 2 1 2 2 2 3 4 2 4 4 1 1 4 3 2
   3 2 0 1 1 0 0 0 0 2 3 0 4 4 0 2]
  [0 1 0 1 2 3 4 4 1 0 4 1 0 2 3 0 1 2 0 1 0 2 0 3 1 0 2 2 0 3 2 3 0 0 2
   0 0 1 0 3 2 0 1 1 0 0 2 3 4 2 4 1 0 0 3 1 0 0 0 1 4 0 4 1 1 0 3 3 0 3
   0 2 2 1 4 1 2 0 2 0 4 4 4 1 2 0 2 0 0 2 4 1 1 2 1 4 1 4 0 2 1 3 4 2 0
   0 2 0 0 3 3 1 2 3 0 4 4 4 2 0 1]
  [0 0 3 3 3 3 2 0 3 2 2 2 4 0 1 2 2 0 0 4 3 2 0 1 4 0 2 0 1 3 3 0 3 3 3
   1 0 3 3 3 0 3 2 3 4 1 0 2 1 4 4 0 0 4 1 2 2 1 4 0 4 0 3 2 4 0 3 3 3 2
   4 4 1 2 3 3 0 2 4 3 4 3 1 1 1 3 4 2 0 2 4 1 2 0 4 3 4 4 4 0 1 0 3 0 0
   1 1 4 3 2 2 2 2 1 3 4 3 1 0 1 2]
  [0 1 3 3 2 3 4 4 3 0 0 2 0 0 0 2 4 0 3 0 1 4 4 3 0 2 1 0 2 4 3 0 0 2 4
   1 0 1 4 0 4 2 2 3 0 2 1 0 1 0 4 3 3 3 2 1 0 2 3 1 3 2 2 2 3 2 3 1 4 3
   1 3 1 4 4 4 3 4 1 2 3 1 3 3 0 4 2 1 2 4 0 4 2 0 4 0 1 2 1 3 2 0 2 0 2
   1 3 0 3 2 1 4 2 2 2 0 3 4 4 4 3]
  [0 3 3 1 0 0 4 3 4 4 0 2 1 0 2 4 1 1 2 1 4 0 4 3 3 0 2 2 2 0 3 2 4 4 0
   1 2 3 0 2 3 0 1 2 2 0 2 3 0 1 3 0 1 2 2 2 0 1 3 4 0 3 3 2 2 3 2 3 3 0
   3 3 4 2 0 0 3 0 1 2 3 1 1 1 1 0 1 4 2 3 1 4 2 2 3 2 3 4 4 3 0 4 2 3 0
   0 0 4 2 0 2 1 0 1 2 4 4 3 3 3 3]
  [0 0 0 2 1 4 4 0 3 0 2 0 0 3 4 0 4 2 1 0 2 0 0 4 3 1 2 0 1 2 0 2 4 0 0
   3 0 4 3 3 2 2 4 3 4 3 4 0 4 0 3 0 2 2 4 3 4 4 3 3 1 4 2 4 2 1 4 2 3 4
   4 2 1 1 2 2 4 1 4 0 3 1 1 3 0 1 0 3 4 1 4 4 4 4 4 0 1 2 4 1 4 4 2 1 0
   2 4 2 4 0 4 0 4 0 2 2 4 0 0 2 2]
  [0 2 4 4 3 4 1 4 3 4 0 1 3 1 4 1 0 0 2 1 3 0 2 0 1 1 0 3 2 2 3 4 0 4 0
   2 2 0 2 3 4 1 3 2 4 1 3 2 4 4 0 0 3 2 4 4 4 0 4 0 3 4 4 2 0 3 4 4 0 4
   1 0 4 0 4 4 0 2 4 1 0 4 0 0 4 4 3 0 3 1 0 3 1 2 0 3 3 2 1 3 4 1 1 3 0
   3 4 1 1 4 1 2 1 0 3 0 2 4 3 0 2]
  [0 2 0 4 2 0 1 2 1 2 4 4 3 1 4 4 4 0 0 0 4 3 4 1 1 3 1 3 4 2 2 3 3 3 0
   1 4 1 4 4 4 3 3 4 4 0 4 2 2 2 2 0 2 4 1 2 1 3 3 4 3 3 4 2 3 3 1 0 3 2
   3 3 0 4 4 2 4 4 4 2 0 2 1 1 0 3 1 3 0 2 1 0 4 4 4 1 4 0 2 0 3 4 0 1 4
   3 1 0 2 3 1 3 2 0 3 4 1 2 4 0 1]
  [0 1 1 0 4 2 4 3 0 1 0 3 4 4 3 1 4 3 3 3 4 4 4 2 4 4 1 4 4 0 3 4 4 4 2
   4 4 0 1 1 0 2 4 4 4 4 1 0 2 1 3 3 0 1 4 3 2 3 1 1 0 1 0 0 3 3 0 0 0 0
   4 0 3 1 3 1 2 4 4 3 3 0 2 1 4 3 1 2 0 2 0 3 0 3 1 1 1 4 3 1 0 4 1 0 4
   2 2 3 1 3 4 2 1 1 3 1 0 0 2 3 0]
  [0 2 0 4 4 3 2 1 1 1 3 1 0 0 1 2 0 2 0 4 2 0 3 2 0 1 2 1 0 4 2 3 0 2 1
   0 2 3 1 3 4 1 0 3 3 1 0 0 2 2 3 3 1 0 2 2 4 2 2 4 3 0 3 3 2 0 1 0 4 3
   4 3 2 4 1 0 1 3 2 3 1 1 0 3 3 4 2 0 4 3 4 4 1 3 0 4 3 2 2 4 4 4 0 3 0
   1 3 2 2 3 3 0 3 4 0 2 3 2 4 0 0]
  [0 2 1 1 3 1 1 4 0 2 4 2 4 3 0 2 0 2 2 2 3 0 1 2 3 3 3 2 1 2 1 2 4 2 0
   4 4 4 2 0 2 3 2 2 2 4 1 3 3 2 3 4 0 4 0 4 0 2 3 2 2 1 3 4 4 4 1 3 4 0
   0 4 4 4 2 0 0 1 0 0 2 4 1 1 1 2 1 0 1 1 0 4 0 1 0 1 2 1 2 1 3 4 4 4 1
   4 3 2 3 4 4 3 1 1 4 1 2 4 0 1 3]
  [0 0 2 2 3 0 0 1 3 4 0 4 2 3 1 3 0 2 1 1 1 2 1 0 3 0 1 4 3 1 2 4 3 1 2
   2 3 3 3 4 0 0 0 3 2 2 3 4 4 2 4 0 2 2 1 0 2 3 3 0 1 2 4 4 1 3 2 3 3 2
   1 3 3 2 2 4 3 1 4 0 0 1 4 3 0 4 3 4 3 1 4 2 2 1 1 3 0 2 0 4 0 3 4 2 1
   0 0 2 0 0 1 0 4 0 2 3 4 2 3 3 3]
  [0 2 1 3 2 4 3 0 0 0 2 4 0 4 0 4 0 1 2 0 4 2 2 1 0 3 3 3 3 2 3 3 0 0 2
   1 4 3 2 0 0 1 3 1 4 0 4 2 2 4 4 4 2 0 3 3 0 1 2 4 2 0 1 4 1 4 3 2 1 2
   4 3 0 3 4 4 3 4 1 3 0 4 3 2 0 3 0 4 0 0 0 2 0 0 0 3 2 3 0 2 0 4 3 0 0
   3 4 4 2 0 1 4 4 3 3 0 0 3 3 3 0]
  [0 1 0 0 0 4 4 2 2 0 4 1 0 4 0 4 3 4 1 4 1 4 2 3 0 0 1 4 0 4 1 3 3 1 3
   1 3 0 0 2 1 0 1 1 0 1 0 1 3 1 1 2 2 3 2 3 4 0 1 2 4 2 0 3 3 4 3 4 2 3
   4 2 4 1 3 0 4 4 4 1 2 0 3 1 0 4 1 2 3 3 4 2 1 3 2 0 3 2 0 3 2 1 4 0 1
   2 2 1 2 1 4 0 0 1 0 0 1 2 3 0 4]
  [0 1 0 4 0 3 4 4 1 3 4 0 3 0 0 2 1 0 2 0 2 2 2 3 2 4 3 2 2 2 1 4 4 0 1
   3 3 3 2 2 0 2 3 0 4 4 1 3 0 0 0 4 2 2 1 1 0 4 0 0 2 2 2 2 4 0 0 0 4 1
   0 1 0 4 1 1 0 2 4 4 4 2 4 0 4 1 2 3 1 3 2 3 1 0 2 3 1 0 2 1 2 3 3 2 3
   4 0 2 3 1 1 2 3 1 2 3 2 2 0 2 0]
  [0 1 1 3 0 3 3 3 2 2 1 4 2 4 1 1 4 0 2 4 3 1 1 3 4 3 1 1 3 1 0 0 3 4 4
   4 2 1 4 0 4 3 2 0 4 2 4 4 2 3 3 1 4 2 3 1 3 3 3 0 2 4 2 1 1 1 0 4 3 0
   3 4 2 2 0 2 0 3 1 2 1 4 1 2 2 2 4 4 1 1 0 3 1 4 1 2 1 4 3 3 3 2 4 2 4
   0 4 4 1 0 4 3 0 2 2 2 0 4 0 3 1]
  [0 0 3 4 1 3 1 2 4 3 4 3 3 4 3 4 1 0 3 3 3 1 3 2 3 2 1 3 1 1 1 4 1 3 0
   4 0 0 0 2 3 0 4 1 1 2 3 2 0 3 2 3 3 1 0 0 3 4 1 4 0 2 4 0 3 0 4 0 0 4
   1 3 0 1 2 3 3 4 0 3 2 2 0 4 0 3 4 4 2 2 3 3 2 4 1 0 2 4 3 2 0 1 4 0 2
   2 4 0 3 4 4 0 0 1 3 2 0 0 1 0 1]
  [0 2 1 3 1 3 4 1 1 3 3 0 2 4 2 1 3 3 1 1 0 4 4 4 0 0 3 0 0 3 4 3 3 2 3
   2 4 0 4 0 4 1 3 3 1 0 2 4 0 2 2 2 0 4 0 3 1 2 2 4 1 0 1 4 1 4 3 3 1 2
   0 4 2 4 3 1 4 3 2 3 2 3 4 3 3 4 4 1 2 1 3 0 1 4 4 2 3 1 3 0 4 4 0 0 2
   0 1 1 2 2 1 1 2 1 2 2 4 3 3 0 2]
  [0 1 1 4 3 1 1 4 3 3 4 0 0 4 3 1 3 2 3 1 4 4 4 3 1 0 2 0 0 3 0 1 2 0 1
   2 1 3 1 4 0 3 4 0 0 1 1 3 3 3 4 0 2 1 3 3 0 2 4 4 0 4 0 1 1 1 0 3 4 2
   1 3 2 1 3 3 1 0 1 2 4 4 4 1 0 4 0 4 3 2 0 2 4 2 1 4 0 1 2 2 2 1 1 3 1
   3 1 0 1 3 4 0 2 3 4 4 3 2 2 2 0]
  [0 4 1 3 0 0 2 2 4 2 0 1 3 2 1 1 1 0 0 1 0 3 1 4 1 2 2 3 4 3 4 1 0 0 3
   3 4 0 1 0 4 2 3 0 0 3 0 4 4 3 4 3 0 4 3 1 3 4 3 1 0 1 4 0 4 1 3 2 3 1
   4 2 4 1 2 0 1 3 4 0 3 3 1 4 4 1 1 0 4 1 3 4 0 4 3 2 1 3 0 0 1 1 4 0 3
   4 4 1 0 0 4 2 1 2 4 1 0 0 2 2 3]
  [0 3 4 1 1 2 1 0 0 4 4 0 4 2 1 1 1 1 3 3 4 2 0 0 1 0 4 3 1 4 3 2 2 4 1
   3 1 1 1 3 2 2 3 1 1 1 1 4 1 3 2 3 0 3 1 4 1 0 2 1 1 2 2 0 0 0 0 0 2 1
   0 0 0 0 4 2 3 4 2 3 3 0 0 0 4 1 3 2 1 2 0 2 0 1 0 2 4 0 0 1 4 2 3 3 2
   1 0 0 2 1 0 1 4 2 1 1 4 2 2 3 2]
  [0 3 1 4 0 1 4 1 0 0 2 3 4 0 3 1 4 0 3 3 4 3 4 1 4 3 2 1 0 3 0 0 1 4 4
   3 1 0 3 1 0 3 3 2 0 0 4 4 3 0 4 2 2 1 0 4 3 2 4 4 4 4 2 3 1 0 4 2 2 3
   4 4 2 2 4 4 3 3 2 3 1 2 3 0 0 0 1 4 3 4 0 4 0 0 3 2 0 3 0 0 1 3 0 1 0
   0 0 4 4 2 4 0 0 2 2 0 4 1 0 3 4]
  [0 0 3 0 1 2 1 3 0 1 3 0 2 4 2 1 3 3 4 4 1 3 0 1 1 2 2 3 4 2 0 3 3 1 0
   1 0 1 2 3 4 3 4 1 4 3 1 0 4 4 2 0 0 3 4 2 2 4 4 0 1 0 3 1 0 1 0 4 3 4
   1 4 3 0 2 1 2 0 4 2 0 1 3 4 0 3 4 0 0 0 4 0 2 0 2 1 0 4 0 3 0 0 0 4 4
   4 4 3 0 1 0 4 0 1 4 4 2 4 0 3 1]
  [0 2 4 2 3 0 4 2 1 1 1 2 0 1 1 0 0 3 0 4 3 0 2 4 3 4 3 3 4 2 3 4 4 0 3
   3 4 0 4 3 0 4 2 4 4 1 1 4 3 2 4 1 2 2 1 0 4 0 1 2 1 3 4 4 4 3 4 0 1 4
   4 0 2 2 1 0 2 2 0 2 0 4 0 4 1 3 4 3 2 3 4 4 1 1 1 0 0 4 3 0 0 4 3 3 2
   0 1 3 1 2 4 3 2 4 0 4 0 3 2 3 0]
  [0 2 3 3 3 3 1 4 1 1 2 2 2 1 4 3 2 4 2 3 1 4 1 0 0 3 4 1 3 3 2 4 0 0 3
   0 4 1 1 4 2 1 1 0 0 0 1 2 0 2 3 4 3 4 3 0 2 0 0 1 4 4 1 4 2 0 1 1 0 0
   1 4 4 3 2 3 3 2 3 0 2 0 0 4 4 2 0 4 0 0 0 3 3 3 3 0 0 1 2 1 4 3 0 4 3
   3 3 4 2 4 4 4 4 2 3 1 1 0 0 2 3]
  [0 4 3 2 1 0 4 0 2 0 1 0 3 3 3 1 0 2 2 3 1 0 4 2 2 2 3 4 0 2 3 2 4 0 2
   2 4 3 2 4 0 1 2 3 0 3 1 2 1 0 3 2 0 1 3 2 3 0 3 3 2 2 0 1 1 1 1 4 0 0
   4 1 1 2 1 3 1 4 0 4 4 4 0 3 0 3 2 2 4 2 4 4 2 3 1 3 0 2 0 3 4 2 4 0 2
   3 2 2 1 3 3 0 0 2 0 0 0 3 2 4 1]
  [0 4 4 2 3 4 3 1 1 2 2 3 4 4 1 3 1 0 3 3 4 0 0 1 0 0 3 3 2 4 1 0 0 4 4
   3 1 3 0 2 4 3 4 2 0 0 0 0 1 0 0 1 3 3 0 2 0 1 0 4 2 4 0 2 2 4 1 1 4 2
   0 0 0 1 0 2 0 4 2 2 4 1 1 0 2 1 2 3 3 0 1 4 0 0 4 4 3 4 0 0 1 4 1 4 0
   3 1 3 0 1 4 4 0 3 4 3 0 1 0 3 4]
  [0 1 0 0 2 3 4 4 3 1 0 2 0 4 3 1 4 0 4 2 4 3 3 0 0 0 0 2 1 4 1 3 3 0 2
   2 1 3 2 4 4 1 2 4 1 3 2 0 4 3 2 1 4 0 2 4 4 3 4 2 3 1 1 4 2 3 3 0 1 3
   1 0 4 0 1 2 2 3 2 2 3 1 4 0 0 0 4 0 0 3 1 2 4 2 2 2 4 4 2 3 3 3 2 1 2
   2 1 3 3 0 1 0 4 3 3 0 3 0 4 2 4]
  [0 0 4 4 2 2 4 2 0 4 0 4 3 3 0 3 1 0 1 1 1 4 2 3 4 3 0 4 2 0 1 2 3 4 3
   1 0 4 4 3 2 4 2 4 4 1 3 3 3 1 3 4 3 3 2 2 4 3 0 0 1 1 0 3 1 1 3 3 4 1
   2 1 0 0 4 0 0 4 3 2 0 3 1 4 2 4 1 4 3 0 0 4 1 0 1 2 0 1 4 3 4 3 0 1 4
   2 1 2 4 4 3 1 2 3 4 0 0 3 1 4 2]
  [0 0 2 0 2 3 3 3 4 1 2 3 4 2 4 2 2 3 1 1 4 2 0 3 2 2 3 4 3 2 3 2 1 4 3
   4 0 4 0 1 1 4 1 1 0 4 0 1 1 2 4 2 3 0 2 1 0 2 3 0 3 4 0 1 1 2 2 1 2 2
   3 3 4 0 0 1 3 3 2 4 0 0 4 1 0 2 4 3 3 1 2 0 1 3 3 0 4 1 4 3 1 4 3 3 1
   4 2 3 1 1 0 2 2 3 3 2 4 1 2 1 1]
  [0 2 0 3 0 0 0 4 0 1 2 3 0 1 1 1 3 1 4 1 4 0 4 4 1 1 4 1 4 3 3 4 2 0 2
   4 4 4 2 2 0 0 2 1 2 3 0 2 2 0 3 3 4 4 2 3 1 0 4 2 2 1 2 0 4 2 0 2 1 3
   3 4 1 2 0 2 0 0 4 3 2 0 4 3 1 0 4 2 2 4 1 2 1 3 1 2 3 3 2 0 2 1 2 2 2
   4 1 2 2 3 2 2 4 2 1 0 3 2 4 3 0]
  [0 2 1 3 1 0 2 1 0 4 0 1 4 3 2 4 3 2 0 2 4 3 2 1 1 0 0 0 4 4 0 1 1 4 2
   3 1 4 3 3 1 2 1 2 4 1 0 0 0 0 3 0 3 0 0 4 4 2 1 2 2 4 0 3 4 1 4 3 4 4
   1 0 3 1 2 0 1 0 2 1 0 3 2 0 2 0 1 4 3 2 0 2 1 3 2 3 1 4 0 0 2 4 3 1 4
   2 2 2 0 4 3 3 0 4 3 3 4 0 2 2 2]
  [0 0 2 3 0 2 4 2 2 4 3 3 2 0 4 2 1 2 2 4 0 0 3 0 0 3 4 4 4 3 4 2 3 2 2
   3 1 0 1 1 0 0 1 1 2 1 4 3 3 3 3 1 3 2 0 0 3 1 4 0 2 2 4 3 3 2 1 4 4 4
   1 0 2 1 2 4 0 0 4 1 2 1 2 1 4 3 1 1 3 0 4 0 0 4 1 4 2 4 4 2 0 1 2 0 4
   1 0 4 1 1 4 0 1 2 0 2 3 4 2 2 3]
  [0 0 4 1 0 0 3 3 4 2 0 3 4 0 2 2 0 0 1 2 0 3 2 4 3 1 0 3 3 3 0 4 3 1 1
   2 1 2 3 0 3 2 1 4 0 1 2 3 1 4 1 1 3 1 4 4 4 1 3 1 3 4 4 4 1 2 2 1 4 3
   0 4 1 4 2 3 4 0 2 4 3 1 0 2 3 4 0 4 1 3 2 3 3 3 4 2 3 3 4 4 4 2 3 0 3
   2 4 2 0 4 4 1 2 2 4 0 2 0 4 4 3]
  [0 2 2 3 4 2 4 2 0 4 1 1 4 4 4 2 1 0 3 4 2 4 0 0 2 2 3 0 3 1 3 1 2 2 2
   0 4 0 3 4 2 3 2 3 3 4 3 4 4 2 2 1 3 1 0 3 1 4 0 0 2 3 2 1 1 2 3 3 4 3
   0 0 4 0 3 3 4 3 0 4 3 3 2 2 0 4 0 1 0 2 4 3 2 0 2 3 2 0 2 3 0 4 4 0 2
   0 2 0 2 0 2 2 4 2 0 1 3 0 0 1 3]
  [0 1 0 0 0 1 0 0 2 0 3 3 1 4 4 4 3 4 2 2 1 3 0 3 2 1 2 3 4 0 2 2 1 3 3
   0 3 3 1 3 2 2 0 0 2 3 3 0 0 4 1 3 0 1 0 4 2 0 3 1 1 3 0 1 3 4 3 1 1 4
   0 2 2 3 4 1 4 4 3 0 0 0 4 4 2 0 3 3 2 4 4 1 4 4 2 2 4 3 2 1 2 1 1 4 2
   0 0 4 0 4 0 1 4 4 3 0 3 3 3 0 2]
  [0 1 1 1 1 0 2 3 0 4 4 1 3 1 3 1 3 0 2 2 1 0 3 0 1 4 2 1 3 0 3 4 4 1 3
   0 1 3 1 4 2 1 2 0 1 2 3 3 0 1 4 1 0 3 4 0 1 1 2 3 0 2 1 4 2 1 1 3 2 1
   3 2 3 2 1 0 0 4 1 4 0 0 2 1 0 1 4 0 2 1 3 0 4 3 4 4 4 0 2 4 3 4 4 2 3
   4 2 4 0 1 2 1 1 4 3 2 0 3 0 2 0]
  [0 3 0 3 3 0 3 3 1 3 2 2 4 2 3 2 4 1 3 4 0 4 4 2 2 0 4 0 2 1 2 0 1 0 1
   4 2 4 4 0 2 4 2 3 0 1 0 4 4 4 1 4 4 2 1 2 2 3 0 2 1 3 1 4 1 1 0 0 1 1
   4 3 2 3 0 1 3 1 2 3 1 0 3 2 2 4 2 0 1 2 1 4 2 4 3 3 1 0 4 3 2 0 3 2 1
   1 2 2 3 2 0 1 3 1 3 3 1 3 3 2 3]
  [0 4 4 4 3 3 1 1 0 2 4 2 2 1 1 4 4 0 2 4 0 2 3 3 3 2 4 1 1 0 1 1 2 0 4
   3 1 1 0 4 3 2 2 2 3 0 1 0 2 2 0 2 2 3 0 4 2 3 4 4 4 4 0 0 2 1 0 4 4 0
   0 0 4 4 1 1 3 3 2 3 0 2 0 3 2 0 0 0 3 2 4 1 1 1 2 2 2 2 2 3 4 1 3 0 3
   2 3 1 4 1 4 3 3 0 2 4 1 0 3 0 1]
  [0 3 1 2 2 4 3 3 2 2 3 1 4 4 1 4 1 1 0 4 1 1 2 3 3 2 4 3 0 3 0 2 1 2 1
   3 0 0 2 1 1 4 2 2 2 0 0 1 0 1 2 0 3 0 3 3 2 1 3 2 0 0 4 1 2 4 3 2 4 1
   4 2 2 0 0 2 2 1 3 4 1 1 3 0 4 1 3 4 3 0 3 2 1 2 4 0 4 4 2 1 3 3 0 1 2
   1 3 2 2 1 4 3 1 3 4 0 2 2 2 3 3]
  [0 1 3 3 3 4 1 0 3 2 0 2 2 2 2 2 2 0 3 2 0 2 4 3 2 0 3 4 1 0 2 4 1 1 0
   2 2 1 4 3 2 4 3 0 1 1 3 0 3 0 0 0 0 4 0 1 1 2 3 1 3 0 1 2 3 3 0 2 1 0
   2 0 4 0 0 2 2 4 1 3 0 3 0 1 0 4 0 4 4 3 4 1 0 0 1 0 0 0 0 2 3 1 2 4 2
   2 3 1 3 2 3 1 4 1 3 1 4 3 1 4 0]
  [0 4 2 0 0 0 3 4 3 4 1 4 4 2 2 2 3 0 3 3 0 1 2 4 4 2 4 1 0 1 2 4 3 4 0
   0 4 3 3 4 3 0 2 4 3 4 2 4 3 3 0 0 3 1 3 3 2 0 3 2 3 2 3 0 3 0 2 4 0 0
   2 3 4 0 4 3 4 1 2 0 2 0 3 3 0 0 2 3 2 1 0 4 0 0 0 1 1 0 4 2 4 1 0 0 1
   2 2 3 1 1 2 0 2 2 1 2 2 4 3 3 4]
  [0 0 1 1 0 0 2 1 1 4 2 4 3 0 3 0 0 4 1 2 2 3 4 4 0 0 1 1 4 4 0 2 2 2 1
   1 2 4 0 3 3 2 1 2 0 3 0 2 4 4 3 3 3 2 3 3 0 1 3 4 0 2 1 4 3 2 2 2 3 4
   0 4 0 4 3 1 1 4 1 0 1 3 1 1 3 4 0 0 3 2 3 3 4 2 4 3 2 1 2 0 2 1 2 3 3
   1 1 1 4 1 4 2 0 0 4 0 3 1 2 1 2]
  [0 2 4 3 3 2 2 0 4 3 4 0 0 1 1 4 0 4 4 2 1 3 1 1 0 4 2 2 2 2 1 1 3 3 1
   3 0 1 0 3 4 4 3 1 4 3 0 4 4 1 4 3 3 4 2 0 2 2 2 4 2 3 3 4 4 2 3 1 1 1
   1 1 2 3 3 2 3 4 4 1 4 0 0 0 4 1 0 0 0 4 1 1 2 1 1 1 2 2 0 3 1 1 4 1 1
   1 4 2 3 3 1 3 0 0 1 2 1 0 2 1 1]
  [0 2 4 1 2 4 4 1 1 4 4 2 3 1 4 4 3 1 4 2 3 1 3 4 2 0 4 1 2 0 3 4 1 3 0
   1 0 1 4 0 1 1 0 3 4 1 3 3 3 1 1 0 1 2 4 4 3 4 1 4 4 1 1 0 4 3 4 2 1 1
   2 3 1 3 2 2 4 0 3 0 1 4 0 3 2 2 4 1 0 3 0 4 2 2 4 1 0 2 2 3 2 1 1 3 3
   4 3 3 4 3 4 0 2 1 3 2 2 4 4 1 0]
  [0 0 3 1 1 3 4 0 3 1 2 4 1 0 0 4 0 2 4 0 1 2 4 0 1 1 2 1 3 3 3 4 0 3 4
   2 0 4 4 3 0 4 4 2 4 0 2 3 3 0 3 3 1 3 4 3 2 4 1 4 3 1 4 1 1 2 2 2 2 2
   2 2 2 1 1 4 1 4 3 4 4 4 1 0 2 0 2 2 3 0 0 2 4 1 4 0 1 3 2 2 2 0 1 1 1
   4 4 0 1 4 1 4 4 4 4 4 1 2 3 3 2]
  [0 1 1 3 2 0 3 2 1 2 2 4 2 0 0 2 1 4 4 0 2 4 2 4 0 0 4 2 2 3 2 1 2 3 1
   2 2 1 3 2 1 3 1 2 3 1 0 1 3 4 3 0 4 2 3 0 2 0 3 2 3 0 3 1 2 3 0 3 0 2
   3 2 3 4 4 2 3 3 4 2 1 3 2 1 2 3 4 1 1 1 0 3 1 1 0 4 4 3 0 2 4 2 1 2 0
   4 4 3 2 1 3 1 2 3 0 2 1 4 1 0 3]
  [0 1 2 2 3 4 0 3 0 3 3 1 0 2 4 4 1 2 2 4 2 3 3 3 2 0 4 2 0 1 3 3 4 0 0
   3 2 1 2 3 0 1 3 4 4 4 0 3 1 4 2 0 1 2 2 3 1 2 4 0 3 4 1 3 2 4 4 0 1 2
   4 3 3 3 2 0 0 3 0 1 3 3 0 3 0 1 3 0 4 1 0 0 1 3 4 1 3 3 4 4 3 2 4 0 1
   2 0 1 0 2 1 0 1 0 0 4 2 4 4 2 3]
  [0 0 2 2 4 4 4 3 4 1 1 3 2 3 0 4 1 0 1 4 2 0 0 2 2 4 3 0 0 4 3 1 3 4 2
   2 4 4 0 3 3 0 3 4 0 2 3 0 4 2 1 2 2 2 2 0 4 1 1 3 3 0 0 4 1 1 0 4 1 1
   2 0 4 3 1 4 1 4 0 3 1 2 2 2 0 3 4 2 2 0 4 3 0 2 3 4 2 1 2 2 0 4 2 0 1
   1 3 4 4 1 3 0 2 1 0 2 4 2 3 2 4]
  [0 4 4 3 3 3 1 1 2 2 2 1 2 2 0 0 4 3 4 0 4 1 1 3 2 2 1 3 4 0 4 0 0 3 1
   3 0 1 0 3 3 2 3 0 4 0 3 0 3 4 1 2 3 4 3 0 2 4 1 3 2 1 2 4 0 1 4 2 1 0
   0 2 0 1 0 4 4 4 0 4 4 3 2 4 2 0 1 3 4 3 4 0 0 0 3 0 2 1 4 1 2 2 3 3 4
   1 3 1 0 0 2 3 1 4 2 2 3 3 4 1 0]
  [0 1 2 3 4 4 0 0 0 0 2 4 4 0 4 1 1 3 0 3 3 1 1 3 1 3 1 1 4 0 2 0 1 1 1
   2 3 3 3 0 1 3 1 4 2 0 0 2 3 4 4 4 1 4 4 3 2 3 3 3 0 0 4 0 3 3 3 1 0 0
   0 2 3 3 3 0 0 3 4 0 4 2 3 0 0 3 2 0 0 4 4 0 4 4 0 1 3 4 0 0 4 3 1 3 2
   2 0 1 3 3 3 4 0 0 0 2 3 2 2 0 2]
  [0 3 3 1 0 3 0 2 3 0 2 3 4 1 1 2 0 4 2 4 2 2 1 3 4 3 2 4 4 1 2 0 3 2 1
   4 0 0 4 2 1 2 4 0 3 4 4 0 1 0 3 2 1 2 1 1 4 2 3 3 2 0 1 4 4 4 2 0 3 4
   4 2 3 4 1 4 0 0 1 3 0 0 1 0 3 1 0 1 1 0 0 0 0 0 4 0 4 3 1 1 4 4 2 2 2
   1 1 2 2 3 2 3 4 0 2 0 4 0 2 3 1]
  [0 4 1 4 3 1 4 4 2 0 1 1 3 3 3 1 4 2 4 1 4 2 3 0 3 2 3 1 3 1 2 2 4 2 2
   0 2 1 0 1 2 3 0 0 4 1 4 1 4 4 0 3 1 2 1 4 4 3 2 4 0 3 0 3 4 3 2 2 1 3
   1 3 0 3 4 2 1 0 3 3 3 2 3 3 0 2 3 0 1 4 0 0 2 4 1 1 0 3 1 4 4 0 1 4 1
   1 1 4 1 2 2 4 3 3 1 2 0 1 3 1 2]
  [0 3 1 1 4 1 0 2 0 0 2 0 4 2 0 4 4 3 1 2 0 2 3 2 2 0 2 3 2 4 0 1 2 3 0
   3 2 0 4 1 4 0 1 4 1 1 0 4 3 0 1 4 0 4 3 4 4 1 1 1 4 4 1 4 1 3 4 4 0 2
   1 3 0 0 2 1 3 1 4 4 1 0 1 3 4 2 0 4 2 2 0 3 3 0 3 2 4 0 1 0 3 1 2 0 1
   3 3 1 1 2 1 2 3 2 1 1 2 3 3 2 4]
  [0 3 3 4 4 1 3 2 0 4 4 2 1 4 3 3 1 3 0 0 2 4 3 1 3 4 1 2 3 2 4 3 4 3 3
   1 2 1 0 1 3 2 0 4 2 0 2 3 0 2 0 0 4 1 4 3 4 4 3 1 0 2 0 4 4 1 1 0 0 1
   3 1 2 2 0 1 0 4 2 3 0 4 2 3 1 0 2 3 0 0 1 0 3 2 3 2 4 0 0 0 2 2 3 2 4
   2 4 4 1 4 0 2 3 2 2 2 1 2 4 2 3]
  [0 2 3 0 4 4 3 2 4 3 3 2 0 4 2 2 4 3 4 3 3 2 1 2 0 3 0 1 0 4 0 4 2 0 0
   0 2 0 0 1 3 0 1 2 1 2 0 2 2 3 3 1 2 0 2 0 3 1 0 2 0 0 4 4 0 0 1 2 3 3
   3 2 4 1 2 0 4 2 3 4 4 1 4 3 1 0 1 3 2 2 3 4 1 1 2 4 4 3 3 0 1 1 4 3 1
   2 1 1 4 1 0 4 0 0 4 2 0 0 0 0 0]
  [0 4 4 1 4 0 0 2 0 1 0 0 1 2 3 0 2 0 1 2 0 3 4 2 3 0 0 1 1 3 2 4 1 3 1
   1 2 0 4 4 1 4 1 2 2 3 4 3 4 2 1 3 4 0 4 0 2 3 3 3 0 3 2 1 0 1 2 0 2 2
   4 1 2 0 0 2 1 3 1 4 0 3 4 0 1 4 2 0 3 1 2 2 3 0 4 0 1 2 2 0 0 2 2 3 0
   2 1 0 0 4 4 3 4 3 3 1 0 1 4 0 1]
  [0 1 3 4 2 4 3 2 2 1 3 3 3 1 0 3 2 0 0 0 4 0 3 3 0 0 3 3 0 3 4 0 1 3 3
   4 3 2 2 3 4 1 1 2 3 2 3 3 0 1 4 1 2 2 1 3 2 3 1 1 3 1 0 2 1 3 1 2 3 4
   2 2 0 2 1 4 3 3 3 2 2 0 3 1 1 1 3 1 2 2 4 3 3 2 3 1 4 2 0 4 2 0 2 2 4
   3 4 0 3 2 0 3 0 1 2 0 1 0 1 2 4]
  [0 0 1 0 4 1 3 2 3 1 4 1 3 2 4 2 1 0 1 1 2 3 3 3 4 1 4 3 4 4 2 1 4 3 4
   1 3 1 1 0 1 2 0 4 3 0 4 3 3 4 1 4 3 2 4 4 3 3 3 0 0 3 3 3 0 4 3 2 0 3
   0 0 3 2 3 2 4 3 4 2 2 0 2 0 3 1 2 0 4 2 1 4 2 4 4 2 0 3 4 0 0 3 0 2 3
   3 4 0 3 4 4 1 0 2 1 4 4 0 0 1 0]
  [0 0 1 2 2 2 3 3 2 0 2 4 3 2 2 4 0 4 1 0 3 2 2 0 4 2 2 1 3 4 4 4 4 1 3
   3 0 0 0 4 4 2 0 2 3 1 1 4 0 2 2 1 2 1 0 1 0 1 3 1 1 1 3 1 4 4 4 2 3 3
   4 1 1 4 2 0 1 3 1 4 1 0 2 3 2 2 0 2 4 4 0 0 2 3 3 1 2 1 2 2 2 1 4 0 3
   0 4 0 2 3 0 3 3 1 4 2 3 0 0 2 0]
  [0 1 2 1 3 4 4 1 0 2 1 2 0 0 1 1 2 2 1 3 2 1 4 4 4 3 3 0 1 1 3 4 4 3 0
   4 2 4 4 3 1 4 3 0 2 0 3 4 0 4 4 1 0 2 1 4 1 3 1 3 3 3 2 3 4 2 2 2 2 1
   3 4 0 3 3 4 3 3 3 1 2 1 2 0 2 2 1 4 4 4 1 1 1 2 3 1 2 0 2 1 2 3 4 1 0
   1 0 3 3 2 1 2 4 3 0 1 1 4 0 0 3]
  [0 2 1 0 3 4 3 1 3 3 0 1 4 3 4 3 2 3 0 2 4 3 0 0 1 2 3 2 0 1 4 0 3 4 4
   1 4 4 4 0 2 1 2 3 1 3 2 1 1 3 0 2 2 1 4 0 0 4 2 1 4 1 2 1 2 1 2 0 0 3
   2 1 1 2 3 2 3 3 2 0 0 3 0 4 1 4 3 2 2 3 4 0 2 2 1 3 2 0 2 2 1 1 2 3 3
   0 1 3 1 2 3 3 3 4 0 4 2 0 0 2 0]
  [0 2 4 4 4 3 2 0 0 0 3 1 2 1 4 3 0 4 4 3 1 1 3 3 2 3 1 0 4 2 3 1 4 1 4
   1 4 4 1 1 3 0 1 4 2 0 3 0 4 4 1 2 0 4 0 2 3 4 1 3 1 0 3 1 4 1 1 1 3 3
   1 2 4 1 4 1 1 1 3 0 0 4 3 1 1 4 4 3 3 1 1 4 2 1 1 1 1 3 2 0 1 2 3 2 2
   1 0 1 2 2 3 1 1 3 1 4 0 3 4 4 0]
  [0 0 4 0 4 0 0 0 4 3 2 3 0 1 1 0 0 3 4 0 2 3 1 4 3 2 1 3 4 4 3 0 3 3 0
   0 4 4 0 4 3 4 4 0 1 2 4 4 0 4 3 4 2 4 0 0 0 4 4 3 0 0 0 1 2 1 4 0 2 1
   4 0 3 1 1 2 1 2 3 4 0 2 4 0 4 1 0 1 2 3 2 4 1 3 4 4 3 4 3 2 1 0 4 1 1
   2 4 0 1 2 2 4 2 3 2 0 2 3 3 3 0]
  [0 1 1 2 3 2 2 4 0 4 3 4 2 4 0 0 3 4 4 4 3 3 2 2 1 3 4 0 0 0 1 2 2 1 3
   3 2 4 2 2 3 0 3 3 0 1 0 4 0 1 2 2 4 2 1 4 2 1 0 2 0 4 3 4 1 1 0 1 1 4
   1 4 4 2 3 2 4 1 3 2 4 3 4 2 4 3 0 0 0 4 0 1 4 4 0 1 1 1 0 3 4 2 2 1 3
   3 1 0 0 1 3 3 0 4 3 4 2 3 4 1 0]
  [0 0 1 1 0 1 1 4 4 4 1 2 1 0 3 4 2 4 1 4 4 1 0 4 1 3 0 1 1 3 4 0 2 0 2
   4 1 4 3 1 0 0 3 4 1 1 2 0 1 4 0 4 0 4 3 4 2 0 4 4 4 4 3 4 2 3 4 0 0 1
   3 1 4 1 4 3 3 1 2 4 3 4 4 0 1 2 2 1 3 2 3 4 0 1 4 0 3 3 4 3 0 2 0 1 3
   3 2 1 4 0 1 4 3 1 0 3 1 4 1 1 4]
  [0 4 4 3 0 3 3 3 1 1 4 4 3 0 0 0 4 1 4 0 4 0 4 0 4 0 0 4 1 1 2 1 0 3 0
   2 2 2 4 0 1 0 0 0 4 3 1 3 4 1 4 3 3 4 1 1 2 2 0 3 2 1 4 0 0 3 1 4 0 3
   2 0 2 0 1 2 4 4 0 0 0 2 1 1 0 3 2 2 0 3 3 4 2 4 0 1 4 3 0 2 4 0 2 2 4
   2 4 4 1 0 0 2 0 3 1 4 3 0 3 4 1]
  [0 0 4 4 1 2 0 1 4 1 4 3 0 1 1 4 4 2 0 4 0 1 4 3 2 0 4 4 2 3 4 4 4 3 0
   2 3 2 0 4 3 2 1 4 4 1 0 1 0 3 0 4 1 3 0 1 4 1 1 3 1 4 3 4 0 4 4 4 1 3
   0 2 2 2 0 2 1 2 0 3 4 1 3 4 2 3 2 2 4 2 0 2 4 2 4 4 4 4 0 1 3 1 3 1 0
   3 3 4 2 1 4 0 4 0 1 3 0 0 4 4 0]
  [0 4 2 0 2 1 2 1 2 4 1 2 2 3 3 0 3 4 1 1 1 0 2 4 3 2 2 0 3 3 0 3 0 2 0
   4 4 4 1 4 4 0 0 0 1 4 2 4 0 1 4 2 4 2 0 1 2 4 2 3 1 3 1 3 2 4 4 0 1 3
   1 0 0 2 2 4 0 4 2 1 3 1 4 3 3 4 0 4 4 4 0 0 4 0 4 2 3 1 0 0 4 2 1 2 3
   4 2 4 0 4 4 1 0 2 1 0 1 4 4 0 2]
  [0 4 0 1 3 0 2 2 1 0 2 4 4 0 4 2 1 3 0 0 3 1 1 3 3 2 4 2 3 2 0 0 2 2 1
   3 4 0 0 4 2 4 2 0 1 2 1 2 3 3 4 4 0 1 2 2 2 1 0 2 4 0 0 4 3 1 2 2 4 1
   2 4 4 2 1 0 3 4 2 2 1 0 4 3 2 2 0 2 2 3 4 3 2 3 4 3 2 2 1 2 2 1 1 4 0
   0 1 3 1 4 0 1 3 0 2 1 1 3 2 3 0]
  [0 0 3 4 1 0 3 0 2 2 3 4 0 1 3 2 2 0 4 2 2 4 4 0 3 0 2 1 1 3 1 1 0 3 4
   2 2 0 3 3 4 4 2 4 3 3 0 0 2 2 0 3 2 1 4 0 0 0 2 1 1 2 1 0 1 0 2 3 4 1
   0 1 1 2 2 2 4 2 1 1 4 2 3 2 2 2 3 1 1 2 3 0 3 1 3 0 3 1 3 3 4 0 3 1 3
   1 3 4 3 1 3 2 3 4 0 0 1 0 2 3 3]
  [0 1 0 1 4 2 2 1 2 1 3 3 1 0 3 3 1 1 1 4 1 2 0 2 3 3 1 0 3 0 3 4 3 1 4
   0 3 3 4 1 2 2 1 3 3 3 1 3 3 0 0 2 3 3 4 1 0 2 3 3 0 1 2 0 2 4 2 2 0 4
   4 2 4 2 4 3 2 2 1 1 3 3 4 0 4 0 4 4 3 0 2 4 2 1 0 2 1 0 0 4 2 1 3 0 4
   2 4 3 0 1 2 3 4 3 1 0 0 1 0 3 2]
  [0 3 2 1 1 1 0 3 0 1 2 0 0 0 2 4 2 3 4 3 3 2 0 1 2 3 1 0 0 1 3 0 2 3 3
   3 4 2 4 1 3 4 1 0 2 3 4 2 4 0 4 2 3 1 2 0 2 2 4 1 1 1 3 4 3 4 2 0 4 2
   3 2 4 4 3 0 1 0 3 0 3 1 3 3 4 4 1 1 0 2 3 4 0 2 4 0 3 4 0 2 2 1 2 2 0
   4 4 1 1 0 0 1 2 4 3 4 0 1 4 4 0]
  [0 4 1 1 0 2 4 1 4 1 0 0 4 0 2 0 0 1 2 4 0 3 4 2 1 4 2 4 0 0 1 4 0 3 2
   0 0 4 2 3 1 0 1 3 2 3 2 3 4 2 1 3 0 2 1 4 3 0 3 3 4 0 1 3 4 2 4 2 0 2
   4 0 1 3 4 4 2 2 1 3 2 2 0 0 1 3 0 0 0 2 2 3 2 3 3 4 2 0 0 0 0 4 3 1 1
   0 0 4 2 1 3 3 2 1 4 2 2 0 4 1 3]
  [0 0 0 3 1 4 2 2 4 2 3 4 3 2 3 3 1 1 1 0 4 0 3 4 4 2 2 1 0 0 2 3 4 2 2
   1 4 4 4 0 0 4 4 3 2 0 0 3 3 0 3 2 3 4 4 1 1 4 4 1 0 0 4 2 1 4 0 2 2 2
   1 2 1 3 2 1 4 0 0 4 2 3 2 3 2 2 0 1 4 1 0 1 1 2 4 0 0 1 4 2 3 1 4 4 3
   2 3 0 0 4 1 0 4 3 2 0 2 2 0 4 1]
  [0 2 0 2 0 0 4 0 0 1 3 3 2 2 4 1 4 1 2 2 1 3 3 0 4 3 4 4 2 4 4 1 1 2 4
   0 4 0 3 2 0 0 4 1 2 1 2 3 0 4 1 1 1 3 3 0 1 3 3 3 4 4 3 1 1 2 0 4 4 1
   2 2 0 1 0 0 0 4 0 1 2 1 0 3 0 4 4 2 2 2 0 2 3 3 2 0 1 4 3 3 2 1 4 2 1
   0 3 0 0 0 0 0 2 1 2 0 1 3 0 0 2]
  [0 4 0 0 0 3 3 4 3 4 2 1 1 1 2 1 3 1 4 2 0 0 2 2 4 0 2 1 4 0 0 1 4 2 2
   3 0 4 0 2 2 3 0 4 1 0 4 4 4 4 0 2 1 4 4 0 4 4 2 0 1 3 1 2 0 4 2 2 4 2
   0 4 2 1 2 2 4 3 1 1 0 2 1 3 4 4 2 2 1 1 2 0 3 1 0 3 0 3 0 0 2 2 3 0 4
   3 1 1 1 2 1 2 1 4 0 3 3 1 1 0 0]]

 [[0 1 0 4 3 4 1 3 1 1 1 0 1 2 4 0 3 2 0 0 3 4 0 1 1 0 2 3 2 1 0 0 0 1 1
   1 2 2 2 0 3 2 4 0 2 4 1 3 4 4 4 0 3 2 4 4 2 2 4 1 1 3 3 2 2 0 4 1 4 2
   2 3 1 2 1 4 1 4 0 1 4 1 3 0 2 0 4 4 0 4 1 2 1 0 0 4 2 4 1 2 2 1 1 3 4
   0 0 4 1 0 4 1 0 2 3 3 1 3 0 4 2]
  [0 0 0 4 2 0 4 0 4 0 0 4 2 2 2 1 1 3 0 0 1 0 4 3 1 3 1 4 3 1 0 3 0 1 2
   2 4 3 0 3 2 1 0 3 3 0 4 4 2 0 0 0 3 1 0 3 1 2 2 3 1 3 4 1 1 0 0 0 0 3
   4 0 0 1 4 1 2 4 2 2 0 4 0 2 4 4 4 1 1 3 3 1 3 1 3 0 3 1 3 2 1 0 1 1 3
   0 4 0 3 3 0 0 2 0 0 1 2 1 4 0 4]
  [0 4 0 0 2 0 4 0 1 2 1 0 0 1 3 3 3 0 0 4 1 3 3 3 2 0 0 4 0 3 4 4 1 2 0
   4 0 1 2 3 2 1 1 2 3 4 1 0 4 3 2 4 0 1 0 2 2 2 3 1 3 0 3 3 3 2 3 1 1 1
   2 4 0 3 2 0 1 1 1 2 2 0 1 2 1 1 2 3 4 0 4 1 1 1 3 3 4 3 3 1 4 0 4 2 3
   3 2 1 0 0 3 0 4 0 3 0 4 2 0 2 2]
  [0 4 0 0 0 2 1 4 2 2 1 4 3 3 3 2 0 4 4 0 1 2 0 2 0 3 2 3 3 2 4 0 3 4 4
   2 2 4 1 0 2 0 4 1 0 3 4 4 3 4 4 0 2 0 2 0 2 3 2 3 0 1 0 3 3 4 1 3 2 4
   2 3 2 2 1 2 1 0 2 2 2 0 0 2 0 0 3 2 3 3 0 2 1 1 1 1 2 2 3 2 3 4 3 2 4
   0 2 1 1 1 1 2 3 4 3 0 4 2 4 0 0]
  [0 4 1 4 0 3 0 1 3 3 4 3 4 3 0 2 3 2 1 3 0 4 1 4 0 2 4 3 3 0 3 4 3 4 3
   4 0 0 3 0 0 1 1 1 3 3 4 4 1 0 2 2 3 1 0 3 1 0 4 2 2 1 1 2 1 4 0 1 0 1
   0 0 1 0 0 1 3 4 2 3 3 2 3 1 1 4 3 0 1 4 1 0 3 1 0 3 0 1 1 4 4 0 3 1 2
   1 3 4 3 3 4 1 0 3 4 0 2 0 2 0 3]
  [0 3 0 0 2 0 3 1 3 2 3 0 0 0 1 1 3 4 0 1 3 0 0 0 3 2 4 3 3 2 0 4 2 0 4
   2 0 1 1 4 3 2 3 2 4 3 3 3 1 2 3 4 0 1 1 2 4 2 0 1 1 2 3 2 0 1 0 1 4 3
   0 4 1 4 0 1 1 1 4 1 3 4 1 1 0 3 2 4 4 4 0 1 1 4 0 3 4 2 2 4 2 1 3 4 1
   3 2 0 2 3 4 1 4 3 3 0 0 2 3 2 4]
  [0 4 0 1 3 0 0 2 0 3 3 0 0 0 3 2 1 1 4 0 2 1 1 4 1 1 1 4 1 4 0 3 0 1 2
   2 0 0 0 2 1 4 1 3 1 4 4 3 2 0 2 3 2 1 4 3 3 2 4 3 2 1 3 0 1 3 0 4 1 4
   4 3 4 3 4 3 2 1 2 2 3 4 4 1 2 2 3 4 3 3 3 3 3 3 3 0 0 4 1 1 3 1 2 2 3
   4 3 3 0 3 2 3 2 4 2 1 4 1 3 4 4]
  [0 3 4 3 0 3 1 0 3 3 3 4 0 2 4 3 0 1 3 0 1 3 3 3 4 2 0 0 2 0 0 4 1 0 3
   4 0 4 4 0 2 4 4 3 1 4 0 2 4 2 0 4 2 3 2 0 3 3 3 0 3 2 3 4 4 3 2 4 2 4
   0 1 3 4 0 3 2 0 1 2 0 0 2 1 2 3 4 3 1 3 3 2 2 1 2 3 2 1 2 3 2 4 1 2 4
   4 1 2 4 1 2 2 1 1 1 0 0 4 4 1 2]
  [0 2 4 2 1 4 4 2 0 4 1 4 0 4 0 1 0 4 4 0 3 4 3 4 1 3 3 4 3 0 2 1 0 2 4
   4 0 4 3 1 0 0 0 4 2 4 3 3 3 1 4 2 4 2 3 4 2 4 1 1 4 1 1 0 1 3 2 2 2 4
   0 2 3 2 4 2 2 4 2 1 2 4 2 2 0 3 3 2 2 1 3 3 1 3 4 1 2 1 2 3 4 4 1 2 0
   3 0 0 1 0 2 0 1 2 3 2 2 3 2 2 2]
  [0 1 4 1 4 1 3 0 0 0 4 4 0 2 2 2 1 4 3 2 4 4 0 1 2 3 3 3 3 2 1 2 3 0 0
   0 1 4 1 4 3 0 1 3 4 4 2 0 4 3 4 1 4 2 3 1 1 0 4 3 0 2 2 4 0 2 1 4 2 2
   0 0 0 4 1 4 4 2 3 4 2 3 3 4 0 3 2 0 2 0 2 3 1 3 1 4 4 2 0 0 1 0 0 3 2
   0 2 0 0 0 2 0 4 0 4 3 1 0 2 0 0]
  [0 1 1 1 2 4 1 2 0 1 0 2 2 1 3 1 0 2 1 3 0 3 3 4 1 3 4 1 0 4 2 3 4 1 1
   2 1 4 1 2 3 3 3 4 3 0 0 4 0 0 4 2 1 4 0 2 4 3 3 3 4 4 0 2 3 4 0 3 3 3
   0 3 3 3 4 0 4 4 3 2 3 2 2 3 0 4 1 0 4 4 4 2 4 1 4 2 0 1 3 3 2 4 2 1 0
   3 2 2 4 2 3 1 2 2 2 3 1 1 3 1 3]
  [0 0 3 0 3 4 2 3 4 0 3 0 4 1 1 1 2 2 2 0 3 0 1 2 2 4 0 1 0 0 4 3 3 1 0
   1 3 1 2 1 1 1 2 3 0 3 4 3 2 1 4 2 3 1 1 2 4 4 4 4 2 2 3 1 2 3 0 2 2 0
   3 3 0 2 0 1 2 2 3 3 2 4 3 3 4 4 3 3 0 2 0 1 2 4 2 2 4 2 2 3 3 3 2 3 4
   3 1 1 3 0 4 1 2 0 2 3 4 2 4 1 4]
  [0 1 0 0 3 0 3 0 2 1 2 0 0 3 4 4 0 2 0 0 2 1 4 2 3 1 1 2 2 1 3 4 1 3 2
   4 3 4 3 1 0 2 3 2 3 3 4 1 4 3 0 0 3 0 3 1 4 1 4 2 0 1 1 3 2 4 1 0 4 2
   4 3 1 0 2 3 2 1 2 3 1 2 1 0 1 2 4 1 3 0 3 4 2 0 1 4 0 4 2 4 3 2 1 0 0
   3 2 2 3 0 1 0 0 4 2 0 4 2 4 2 2]
  [0 4 1 2 0 4 2 1 4 4 1 0 0 0 1 4 4 2 0 2 3 4 1 0 0 0 2 4 1 0 0 2 1 1 0
   3 3 4 3 0 3 4 2 0 0 3 4 3 0 0 0 0 3 1 2 2 3 0 1 0 0 2 3 4 3 1 2 0 0 1
   3 3 0 1 0 0 4 2 2 1 3 1 1 4 2 1 0 1 0 1 4 1 0 4 2 2 2 2 0 2 1 4 2 0 4
   4 4 2 1 4 1 4 4 0 0 0 3 3 1 2 1]
  [0 3 4 1 3 1 4 3 1 1 3 0 4 3 0 4 0 1 4 2 2 4 3 2 2 2 1 0 2 0 1 1 0 1 2
   4 4 2 1 3 4 1 3 2 1 2 3 0 1 3 4 3 4 1 3 2 4 1 4 2 1 1 0 2 3 0 1 1 4 0
   4 0 0 4 1 1 2 2 4 0 2 2 4 1 2 3 4 2 0 1 3 4 1 1 3 4 1 0 2 2 0 0 1 1 0
   1 2 4 4 1 1 2 0 2 0 1 0 0 1 2 2]
  [0 0 4 1 4 1 2 2 3 2 4 4 3 4 1 0 3 4 0 1 1 0 2 1 2 3 2 2 2 2 0 4 1 3 3
   0 4 1 2 0 3 2 0 4 3 3 2 1 2 3 3 0 0 4 2 1 2 2 4 2 4 2 4 0 4 3 4 3 3 4
   0 3 0 0 0 4 2 0 3 3 2 0 2 4 2 4 0 4 1 1 0 0 4 1 2 0 3 4 4 2 2 1 4 0 3
   1 3 2 2 1 0 2 3 0 4 1 2 0 1 0 2]
  [0 3 4 1 1 4 4 4 2 0 4 3 0 1 2 4 0 2 3 1 1 4 2 4 2 0 2 0 4 4 0 2 1 2 2
   2 2 2 2 2 4 0 3 3 2 3 4 3 4 1 0 2 1 3 1 4 1 4 3 2 0 1 2 3 3 2 1 2 4 2
   3 3 3 4 2 3 2 0 0 1 0 1 0 1 3 1 0 1 2 3 0 1 4 0 1 0 4 4 1 1 4 2 2 1 1
   0 3 1 1 0 1 0 2 4 3 4 2 0 4 4 4]
  [0 2 2 3 0 2 0 2 4 1 0 0 4 0 2 0 2 0 3 2 2 2 1 0 2 1 2 4 4 2 1 2 0 4 1
   3 0 1 2 0 1 1 0 1 1 3 0 3 1 0 2 4 0 3 2 3 3 0 1 3 3 1 2 3 2 3 0 2 4 4
   1 1 1 4 4 0 4 1 0 1 0 3 4 3 1 0 3 4 1 0 0 0 0 1 4 2 2 4 4 1 0 1 2 2 1
   0 3 3 0 2 0 1 2 1 3 0 2 4 4 4 3]
  [0 1 2 1 0 4 1 2 0 1 0 2 1 1 3 4 0 3 0 0 3 2 1 0 0 4 4 4 1 4 2 1 2 2 3
   0 0 0 0 1 2 2 4 3 2 0 1 1 2 4 2 4 1 2 2 3 1 1 2 0 3 2 3 3 4 4 1 3 4 1
   3 1 4 2 1 0 0 4 3 2 2 2 0 1 3 4 3 3 4 3 3 3 1 2 3 3 1 4 0 1 2 0 4 4 1
   2 0 1 2 2 0 0 2 1 0 2 0 0 2 2 0]
  [0 2 1 2 1 4 2 3 2 0 2 2 3 0 2 2 2 2 0 0 1 4 0 3 0 0 1 3 2 4 3 2 3 4 0
   2 1 4 4 0 2 3 1 2 1 4 2 1 0 3 1 3 0 4 0 0 4 3 2 1 4 4 1 4 2 0 1 2 3 4
   3 0 4 3 4 3 4 4 2 2 0 0 3 0 3 4 2 3 2 1 1 3 4 0 2 4 4 4 1 4 2 3 4 4 1
   4 1 1 0 3 0 4 4 3 1 1 4 1 4 2 2]
  [0 0 0 0 3 2 3 1 4 0 0 4 3 3 0 2 3 2 2 0 0 2 0 3 2 2 2 0 2 4 3 3 4 2 1
   2 4 3 3 1 1 3 1 2 4 2 0 0 2 4 1 4 0 1 1 3 0 4 3 4 2 4 0 1 2 2 4 1 4 4
   2 3 3 4 3 1 0 3 3 3 4 0 2 4 1 1 4 1 2 3 1 3 0 0 3 0 0 0 4 4 1 0 4 4 4
   0 1 1 1 4 2 2 2 1 4 1 2 1 4 3 0]
  [0 0 0 1 4 3 4 4 2 2 3 0 4 1 2 2 0 1 4 0 1 0 0 1 3 2 4 3 0 4 2 0 0 3 1
   2 4 1 3 3 1 2 4 1 2 3 4 2 0 2 2 1 4 3 3 2 1 3 2 4 1 1 3 2 0 0 4 3 1 3
   4 2 1 0 2 0 1 0 1 4 2 3 0 1 3 2 3 2 3 4 2 3 1 3 4 3 2 0 4 0 4 2 4 4 2
   3 1 2 3 2 4 2 0 4 3 2 0 1 0 3 4]
  [0 3 2 2 2 1 0 2 1 1 3 0 2 1 3 1 4 2 0 3 2 4 0 3 0 2 1 4 1 4 1 4 2 3 3
   2 0 2 0 4 3 4 1 2 1 4 3 0 3 2 4 4 4 0 0 0 4 0 2 4 3 4 4 0 2 4 2 3 1 4
   3 0 0 4 2 4 2 0 1 2 3 3 3 2 3 2 0 3 0 3 4 1 1 2 2 1 1 2 0 0 3 2 3 4 0
   4 0 2 2 0 3 0 0 3 2 1 3 0 4 4 2]
  [0 3 2 1 4 2 0 3 0 3 2 4 3 1 1 3 1 4 1 3 2 4 0 0 2 0 1 3 1 2 0 1 3 2 4
   4 4 0 3 3 1 4 1 1 2 2 2 0 4 0 4 0 1 1 0 4 2 3 0 3 2 3 0 4 0 4 3 0 2 1
   3 1 4 4 3 4 0 4 0 1 3 1 0 2 2 0 2 1 2 1 4 4 1 4 2 1 3 0 3 4 2 2 1 1 2
   1 0 4 0 0 0 1 0 2 1 2 4 3 0 4 0]
  [0 4 3 4 1 2 2 1 3 2 0 2 1 2 2 2 0 4 4 2 3 3 2 4 0 1 1 3 1 1 3 3 3 4 3
   0 4 4 3 4 1 1 1 0 3 0 2 2 2 1 3 3 2 1 2 3 3 2 0 2 4 1 2 0 1 4 3 2 0 2
   3 1 1 4 0 1 4 0 2 3 0 0 4 3 2 3 2 1 2 1 2 2 3 3 2 1 3 3 2 4 0 4 0 4 2
   4 1 1 2 4 0 1 0 3 2 1 2 0 2 0 1]
  [0 0 3 2 4 1 3 3 3 2 4 1 0 1 1 2 0 0 2 3 3 0 3 0 0 0 0 1 1 4 4 1 1 0 1
   2 0 4 1 1 3 0 2 1 4 1 2 3 4 2 1 3 3 1 4 0 3 3 2 3 1 1 1 4 3 4 0 3 0 0
   0 4 4 1 2 4 0 4 4 2 0 1 3 1 4 0 2 4 4 4 2 1 2 0 3 3 2 3 0 0 2 4 2 2 0
   3 3 1 1 1 3 1 0 1 4 2 2 1 4 4 2]
  [0 3 4 2 3 3 4 1 4 0 1 0 3 0 3 2 2 1 2 1 3 4 1 2 2 1 0 2 1 4 2 0 0 2 3
   2 3 3 0 3 2 2 2 4 2 4 2 3 0 0 2 4 3 2 2 1 2 0 2 1 1 4 0 3 3 2 3 0 4 2
   0 3 0 3 2 0 2 1 2 4 0 0 4 4 4 3 1 0 2 4 2 3 1 3 3 1 4 1 0 0 0 1 2 3 3
   1 3 4 0 2 2 4 3 4 3 3 2 2 2 1 0]
  [0 0 2 4 1 3 1 4 3 4 0 1 1 2 2 1 3 1 0 3 1 0 2 2 1 2 4 0 4 4 4 3 2 4 1
   2 1 2 0 1 1 1 3 3 4 2 4 4 0 4 3 1 2 0 4 2 0 4 3 0 4 4 2 3 4 2 4 2 0 3
   3 1 2 3 4 3 2 1 4 0 2 0 1 1 0 3 1 4 4 4 1 4 2 2 1 0 4 3 2 2 3 4 3 3 0
   2 0 0 0 1 1 1 4 1 3 2 2 4 0 1 3]
  [0 1 4 2 3 1 1 4 1 3 0 3 1 1 4 3 3 0 4 1 3 0 4 0 4 3 2 0 0 2 4 2 0 4 3
   0 4 1 3 1 0 1 0 0 0 4 1 3 3 1 2 1 3 2 0 4 4 4 3 3 4 0 2 2 0 1 3 3 0 2
   2 3 3 2 2 3 2 1 2 3 2 4 4 2 0 3 4 2 0 0 3 3 3 3 0 4 1 0 2 2 1 4 3 4 4
   0 2 4 3 4 0 1 1 2 3 2 4 2 4 1 3]
  [0 3 3 1 2 4 1 1 4 1 0 1 4 0 2 0 4 2 4 4 2 0 0 2 0 4 4 2 3 0 3 2 1 2 0
   2 3 3 0 4 1 0 1 2 4 1 2 3 2 1 0 2 1 3 0 4 2 0 4 3 1 4 0 0 4 0 4 2 2 2
   1 0 3 2 0 0 0 0 3 4 3 4 1 2 4 2 2 4 0 4 1 2 0 2 1 0 2 2 0 2 2 0 0 2 1
   0 1 1 4 3 0 3 2 2 4 1 4 0 0 3 2]
  [0 4 0 4 4 4 3 3 4 2 4 3 4 4 3 4 4 4 3 1 0 2 1 2 4 3 4 0 4 2 0 4 0 1 2
   1 0 2 2 2 1 3 0 1 3 2 2 0 4 1 3 0 1 1 4 1 2 3 0 0 2 2 3 0 2 0 3 4 1 2
   0 0 4 2 3 3 0 1 4 2 1 0 2 2 3 2 2 4 2 4 4 2 0 4 2 0 2 3 3 3 1 4 2 0 3
   0 3 4 2 4 3 3 1 4 3 3 1 1 2 0 3]
  [0 4 4 3 1 2 3 0 4 0 1 3 3 1 2 3 4 2 3 3 4 3 4 3 1 2 1 3 2 4 3 0 2 0 1
   0 0 3 1 0 1 0 2 1 4 4 4 1 1 4 2 0 4 4 2 0 3 2 1 0 0 0 3 4 1 3 3 2 0 0
   1 0 4 4 0 4 1 1 2 0 2 4 1 0 4 1 0 1 2 3 0 0 4 0 0 4 1 4 4 4 1 0 4 3 3
   3 1 3 2 4 3 4 4 2 0 1 2 1 4 2 2]
  [0 3 4 2 1 0 4 0 0 2 2 0 2 0 0 2 3 4 0 3 1 1 2 3 4 0 1 0 4 3 2 0 0 1 4
   2 0 3 1 3 3 3 3 4 2 1 2 1 4 4 1 2 2 4 2 0 1 2 3 3 0 4 0 4 0 0 2 4 0 4
   4 1 1 0 4 0 3 2 4 3 0 0 2 2 1 4 0 4 3 2 2 3 0 3 2 3 0 1 1 3 4 4 4 2 2
   3 3 1 0 0 2 4 4 4 0 2 2 1 4 0 1]
  [0 4 3 0 0 3 4 3 4 4 0 2 1 0 1 2 1 3 1 4 0 1 4 4 3 0 4 1 2 0 2 2 3 0 3
   1 3 1 4 1 1 2 2 0 1 0 2 3 1 0 1 1 4 3 4 0 0 0 4 0 4 0 1 0 0 2 2 3 0 0
   3 4 2 0 0 2 3 4 1 0 4 0 3 2 1 1 2 0 2 1 2 2 0 3 2 3 3 2 3 1 4 1 1 1 4
   2 3 4 1 0 1 2 1 3 2 0 3 1 1 2 0]
  [0 0 2 0 0 1 3 4 0 4 1 4 2 4 3 4 3 3 3 3 0 4 3 3 3 4 3 0 3 0 4 3 4 3 0
   0 4 3 1 0 3 2 1 1 4 1 1 4 2 4 3 3 4 2 2 0 2 4 0 4 3 2 4 1 4 4 1 3 1 1
   1 0 4 2 2 1 1 3 3 4 1 1 1 0 0 3 3 3 1 3 0 3 3 1 2 3 0 1 0 4 4 0 3 4 0
   1 4 2 1 4 2 1 0 1 3 2 0 0 1 1 3]
  [0 2 1 4 4 0 1 4 4 1 3 0 0 1 2 1 4 4 2 2 2 2 1 4 3 4 2 0 4 1 2 4 2 3 2
   0 4 2 2 3 0 2 0 4 4 1 1 2 3 4 2 1 4 2 4 2 3 3 2 3 2 4 3 2 0 3 2 0 0 4
   2 2 3 3 4 3 0 0 4 2 3 3 3 4 0 3 1 0 3 2 3 0 1 1 2 4 4 1 4 2 4 0 2 4 3
   3 0 4 3 1 2 2 1 0 3 1 1 2 1 1 4]
  [0 1 1 2 0 3 2 3 3 1 1 4 2 2 2 1 2 4 1 4 3 2 4 4 3 4 0 3 4 2 3 1 0 1 1
   4 0 1 2 1 2 3 1 1 3 1 4 4 3 0 4 3 0 2 0 2 1 0 4 2 2 0 2 3 1 1 3 0 2 0
   3 1 3 1 1 0 0 1 2 0 0 2 3 2 3 0 1 2 4 2 3 1 2 0 3 2 3 1 2 1 3 4 2 2 1
   1 0 1 1 3 4 0 2 0 2 1 4 2 1 3 4]
  [0 0 4 1 4 2 0 1 1 4 2 2 3 0 2 0 2 2 2 3 0 1 4 2 1 3 4 2 1 4 1 1 0 3 1
   0 1 0 2 4 4 2 1 1 4 2 1 4 0 4 3 4 3 0 3 0 4 4 2 3 1 2 4 1 2 2 3 0 4 4
   3 0 4 4 3 4 2 2 3 0 0 0 3 1 2 1 2 2 1 2 3 1 1 0 2 0 1 1 4 2 2 1 4 2 3
   2 3 3 0 0 4 4 2 1 3 4 2 0 3 0 4]
  [0 1 2 2 2 4 2 4 2 2 4 0 3 0 0 0 4 3 1 0 1 0 2 2 3 0 3 4 0 2 1 3 1 4 0
   1 4 3 0 4 0 4 1 0 0 2 2 4 3 4 1 3 0 1 3 4 2 1 0 0 0 4 4 0 2 0 0 3 1 2
   1 2 2 4 0 1 4 1 0 0 3 2 3 0 3 4 4 1 1 1 3 1 2 0 0 0 0 2 4 4 3 2 2 0 4
   2 1 2 3 2 3 1 4 2 2 4 2 2 3 0 1]
  [0 4 4 3 0 0 3 3 4 1 2 0 1 3 1 3 1 0 2 3 2 0 0 1 3 1 0 2 0 2 0 3 1 4 3
   1 2 3 3 0 3 2 2 3 0 1 0 1 2 0 1 3 1 0 2 0 1 0 1 3 3 2 2 3 2 2 4 3 1 1
   4 0 4 0 3 2 2 1 0 3 4 0 4 1 2 0 1 3 4 3 2 0 3 3 1 3 1 1 3 0 1 3 4 2 0
   3 3 3 0 3 3 0 1 4 2 0 3 2 4 2 2]
  [0 0 4 3 0 4 1 3 0 2 4 3 1 1 2 2 4 3 2 2 0 4 4 3 0 2 2 4 0 0 2 4 4 4 2
   4 4 2 0 2 0 1 3 3 3 1 3 4 1 0 4 4 1 4 4 1 0 4 0 4 4 4 4 4 1 4 3 0 1 0
   0 2 3 4 2 1 0 0 2 4 2 2 4 4 0 0 4 0 2 1 1 3 4 0 0 1 4 0 4 2 1 2 0 0 0
   0 1 3 0 1 4 1 1 1 0 3 4 3 0 1 1]
  [0 1 2 4 4 1 0 1 1 3 4 0 2 0 2 0 3 3 3 1 2 2 0 0 0 1 4 1 4 2 2 2 4 0 4
   3 0 1 2 0 3 0 2 4 4 3 0 2 4 4 1 1 1 1 2 1 1 1 0 3 2 3 2 3 4 0 2 1 4 1
   4 0 2 3 0 0 0 3 4 4 0 1 2 3 4 2 3 4 4 0 4 4 0 4 1 4 1 4 3 4 2 2 2 2 3
   4 0 2 2 0 0 3 4 4 1 0 0 2 2 0 0]
  [0 3 4 0 1 0 4 0 2 3 3 0 2 0 0 0 1 0 4 0 2 1 4 0 4 3 4 4 2 4 2 0 3 0 1
   4 3 4 1 3 3 0 0 2 2 3 2 2 0 1 3 3 4 3 2 4 4 1 4 0 3 1 2 0 1 0 2 4 4 4
   3 3 4 3 2 3 3 2 1 4 3 4 4 1 0 3 4 1 3 2 2 0 3 2 2 2 3 4 4 0 0 3 3 1 4
   0 0 0 3 1 2 1 1 2 0 3 2 0 1 2 0]
  [0 1 4 3 4 2 0 0 2 4 3 2 3 0 3 1 2 1 2 3 0 1 3 0 0 1 1 2 4 1 1 2 3 0 3
   0 3 2 0 0 4 3 1 0 3 3 1 3 2 0 4 3 4 2 3 3 1 0 2 2 2 2 1 4 4 0 1 1 3 3
   2 2 1 4 0 0 4 4 0 1 2 4 4 3 4 1 0 4 0 2 2 3 2 1 1 2 4 3 2 1 3 4 3 1 4
   4 2 1 1 4 3 3 2 2 2 2 3 1 1 1 0]
  [0 3 1 2 4 2 1 4 0 2 4 2 2 0 3 3 2 4 1 0 3 3 3 1 0 0 4 4 1 4 2 3 0 2 2
   3 0 1 4 1 0 4 0 1 0 1 4 1 0 0 3 2 0 0 0 0 1 3 3 3 4 3 0 4 2 3 4 2 1 3
   0 4 4 4 0 1 4 3 4 0 1 0 0 0 0 4 4 1 4 3 1 1 0 2 4 1 4 4 2 0 3 1 1 2 4
   3 4 3 2 3 1 0 2 4 3 2 1 2 2 1 0]
  [0 2 2 4 2 0 4 1 1 2 0 2 0 4 2 1 3 0 2 1 0 0 0 3 0 3 3 2 2 3 4 1 3 2 2
   2 4 4 1 4 2 3 0 2 3 0 0 0 4 4 0 2 0 2 0 2 4 1 2 1 1 2 0 3 3 0 4 3 3 4
   2 2 3 0 1 0 3 4 0 2 2 4 2 0 1 1 4 0 4 4 4 2 0 4 2 0 0 4 4 0 1 0 3 0 1
   1 1 4 0 3 0 3 4 4 1 2 4 3 2 1 4]
  [0 0 2 3 2 2 4 4 4 3 1 0 2 2 3 2 2 2 3 3 1 2 4 4 0 0 2 2 0 3 3 0 1 4 3
   4 2 1 0 3 0 3 4 1 0 0 0 0 4 0 1 1 2 2 2 1 4 1 0 1 1 1 3 4 4 4 0 4 2 0
   2 0 1 2 1 3 4 1 1 1 2 2 3 2 1 3 0 0 1 1 3 0 1 0 2 2 4 3 3 0 1 4 0 0 4
   4 3 3 1 1 1 1 3 3 0 1 0 3 0 1 2]
  [0 2 1 3 1 0 0 1 0 4 2 1 0 3 0 2 0 1 2 1 4 2 3 0 4 2 2 3 2 2 0 4 0 2 3
   3 3 3 4 3 0 4 1 0 4 3 1 0 3 0 4 3 0 4 3 4 3 3 1 3 1 1 2 2 4 0 3 3 0 1
   0 2 1 2 1 4 2 3 4 1 1 0 4 0 4 1 1 1 3 0 4 0 2 2 4 1 4 0 3 2 2 3 4 3 1
   0 0 4 2 1 2 2 3 1 1 1 3 1 2 3 0]
  [0 0 0 4 3 4 0 3 2 4 0 0 3 4 4 4 2 3 1 0 1 1 4 1 1 4 1 2 1 1 4 4 3 0 0
   3 3 4 1 0 0 0 1 3 1 0 4 3 0 4 1 4 1 3 0 4 3 1 4 0 0 2 1 2 0 3 0 2 0 1
   1 3 0 2 0 0 2 3 0 0 4 3 4 1 0 4 3 1 1 3 1 0 4 2 0 3 2 3 4 2 1 3 3 4 2
   4 3 2 2 0 1 3 1 1 0 0 0 1 0 0 2]
  [0 2 3 4 3 0 4 2 2 0 1 4 4 3 0 1 4 4 1 0 0 1 3 3 4 2 3 4 4 4 0 3 3 0 3
   4 1 1 3 3 3 1 0 2 3 4 2 4 0 0 2 3 3 4 1 4 3 3 1 3 0 2 3 1 4 1 3 2 1 1
   2 2 0 2 1 2 4 2 2 2 0 0 3 3 1 4 1 1 0 1 2 0 1 4 1 3 3 1 1 2 0 0 2 3 4
   3 1 2 3 0 0 0 0 0 3 2 3 4 4 2 3]
  [0 1 4 2 2 3 2 1 1 1 1 2 0 2 0 0 0 0 3 3 4 4 0 0 4 3 0 0 3 1 4 2 4 2 1
   0 1 0 2 0 4 2 2 3 4 1 2 4 2 0 0 4 2 2 0 1 2 3 2 4 0 3 3 0 1 1 4 4 3 2
   3 2 3 1 4 0 4 4 3 1 4 0 1 2 2 3 3 1 0 3 3 3 3 0 2 1 4 4 3 0 2 1 4 2 1
   0 3 2 1 4 3 3 0 4 0 1 0 1 2 0 2]
  [0 3 2 4 0 2 1 0 2 4 4 0 0 2 2 2 4 3 2 3 2 4 2 4 4 4 3 1 0 0 1 2 0 0 3
   0 0 0 0 2 0 1 0 1 2 3 0 2 1 2 0 0 4 2 0 3 1 2 2 2 1 0 1 0 2 3 2 3 1 4
   4 4 2 2 0 3 4 3 0 4 0 1 2 2 3 4 3 2 0 2 4 1 2 1 2 0 2 3 0 2 2 3 3 2 3
   1 3 1 1 3 0 4 2 4 1 3 0 4 3 2 2]
  [0 0 0 4 1 0 1 4 2 1 0 0 2 4 4 3 2 3 3 4 3 4 2 1 1 1 4 0 3 4 0 1 2 2 2
   0 0 1 1 1 1 1 4 4 4 3 3 3 0 4 3 4 0 3 3 2 3 1 0 1 4 0 1 2 4 4 3 0 3 2
   4 0 3 0 1 4 4 1 4 0 4 4 4 4 1 1 4 3 4 2 3 0 0 1 1 3 4 1 4 4 3 1 2 2 1
   4 1 2 4 4 0 0 0 0 0 1 1 4 2 3 3]
  [0 4 0 0 2 4 3 1 2 0 2 2 0 1 1 2 2 2 4 4 2 2 4 2 0 0 0 3 4 4 0 3 4 4 4
   2 0 4 0 4 0 1 3 1 0 3 3 1 3 0 3 1 0 0 1 1 0 0 2 0 3 1 2 0 1 0 4 3 4 2
   1 2 3 0 3 4 2 0 1 4 2 3 2 1 0 1 2 4 3 1 3 0 0 1 2 3 2 0 2 3 2 1 3 1 3
   0 0 3 1 3 0 3 3 2 2 2 3 2 1 4 1]
  [0 0 2 4 0 3 3 3 2 3 0 0 3 2 3 0 4 2 1 3 3 3 4 4 3 3 4 0 2 3 3 4 2 4 2
   2 0 0 3 3 3 2 3 2 4 3 4 0 2 3 0 4 1 1 0 1 4 4 3 1 0 3 2 0 3 0 1 2 4 4
   4 1 3 0 1 1 0 4 1 2 2 0 4 0 1 0 3 1 1 1 2 3 1 1 3 3 3 0 4 3 3 1 3 3 3
   4 1 2 1 4 2 2 1 0 1 3 2 4 4 3 2]
  [0 1 3 1 1 2 4 4 1 3 4 1 2 1 0 1 0 2 4 2 2 1 0 0 0 4 2 3 4 4 2 4 2 4 4
   3 1 0 0 1 0 4 3 0 4 4 2 0 4 0 1 0 1 0 0 0 4 4 0 4 0 3 3 1 3 1 1 0 3 1
   1 4 1 3 2 4 4 1 2 4 3 0 4 3 1 3 0 3 2 4 2 4 0 2 0 4 1 0 0 2 2 3 2 4 1
   2 0 2 4 3 1 1 2 2 0 2 2 2 4 4 2]
  [0 2 2 0 1 0 2 3 2 4 2 4 0 4 2 4 0 0 4 1 3 0 3 0 2 3 2 4 0 4 1 2 2 3 0
   4 4 1 2 4 2 1 1 4 0 3 2 3 0 3 4 2 2 4 3 2 0 1 0 0 1 4 3 4 0 3 4 1 1 3
   4 0 4 0 2 2 0 4 0 1 3 2 3 0 2 4 2 4 0 1 1 4 1 3 2 0 1 4 3 4 1 4 2 2 3
   0 4 4 4 2 3 3 0 4 4 1 4 1 1 3 3]
  [0 4 3 3 4 3 2 4 4 0 2 1 2 1 4 4 3 3 4 1 0 2 0 0 3 4 2 4 3 3 4 3 1 0 1
   1 1 0 2 1 2 3 0 3 4 4 2 0 0 3 1 2 0 0 2 4 1 0 0 0 0 2 4 0 3 2 3 3 3 3
   3 1 1 4 1 3 1 1 1 0 2 1 3 0 4 4 3 0 4 2 4 1 2 0 3 2 0 4 0 4 0 1 3 2 3
   1 4 3 1 2 0 2 0 1 3 1 3 0 3 0 1]
  [0 1 0 2 2 1 3 0 3 4 4 1 0 3 4 2 4 2 4 3 0 0 2 2 0 4 3 3 2 0 1 1 4 1 4
   0 1 1 2 4 2 0 1 4 1 2 4 0 4 0 4 3 0 4 3 1 1 1 0 2 1 0 2 4 0 4 0 0 2 1
   1 3 4 2 3 4 2 0 2 0 0 0 3 2 0 3 3 0 0 2 3 2 3 2 1 3 4 2 3 3 2 0 2 3 3
   4 3 2 0 2 2 4 1 4 4 3 2 4 4 4 2]
  [0 4 3 4 1 3 1 4 3 3 0 2 0 0 1 0 4 1 0 3 4 0 3 2 2 1 4 0 1 0 0 4 4 0 1
   4 0 2 3 2 1 2 0 1 0 1 1 0 0 2 3 4 0 3 0 2 3 0 2 0 1 2 3 2 0 1 2 1 2 3
   2 3 0 2 4 4 2 3 0 0 3 4 4 4 4 2 0 4 1 0 3 1 3 0 2 1 3 4 2 1 4 0 1 2 0
   1 0 2 0 2 3 2 0 4 3 3 0 0 2 2 0]
  [0 1 3 0 4 3 4 1 2 1 1 1 1 2 0 2 0 4 3 4 0 1 2 1 1 1 4 3 4 3 4 0 3 2 2
   4 0 3 4 1 0 2 1 4 1 0 0 3 2 4 2 3 2 4 1 3 1 2 0 0 0 4 0 2 2 2 3 0 2 4
   1 3 1 4 3 0 0 2 4 1 1 2 0 0 3 4 3 0 2 2 3 2 1 1 3 4 3 0 3 3 4 2 1 4 4
   1 3 3 0 4 2 3 3 3 0 3 3 3 4 4 3]
  [0 0 1 2 2 0 4 0 1 0 1 0 0 3 2 0 1 0 0 0 3 2 4 2 4 2 4 1 1 4 0 2 0 0 2
   3 3 4 4 1 3 1 1 1 3 3 2 1 3 3 3 1 4 1 3 0 4 0 4 4 0 0 0 3 3 0 4 2 0 0
   0 0 4 2 4 4 1 1 2 1 2 2 2 2 4 2 0 4 2 3 2 0 3 4 2 0 4 3 4 4 4 3 1 3 2
   1 3 3 0 2 3 3 3 4 3 0 1 4 3 0 3]
  [0 3 0 4 4 4 0 0 1 4 1 3 0 1 1 3 0 0 4 2 4 0 0 2 1 3 2 0 4 4 3 0 1 3 4
   4 4 4 1 4 0 4 3 0 3 3 2 1 3 3 2 3 0 4 1 4 3 4 1 4 3 2 0 1 0 4 0 2 3 1
   3 2 3 2 2 4 0 0 0 2 4 3 3 4 1 1 4 2 2 4 1 4 3 4 1 2 0 4 0 1 4 3 1 2 4
   3 0 3 1 1 0 3 4 2 2 2 3 1 0 1 3]
  [0 4 3 4 1 2 3 1 1 0 0 1 4 3 1 4 0 3 3 3 4 0 0 1 4 3 2 1 4 0 4 3 3 1 2
   2 3 3 4 2 4 2 2 3 3 3 3 3 0 1 1 3 1 4 4 1 0 4 2 1 1 2 4 0 0 2 2 3 0 2
   2 3 0 3 0 0 0 3 1 1 2 1 4 0 2 1 1 0 4 1 1 1 4 2 0 4 4 0 0 4 3 4 1 0 0
   4 0 0 3 4 0 1 0 3 0 2 1 0 2 2 2]
  [0 1 1 4 4 0 1 2 2 4 0 3 3 1 2 1 4 1 4 3 2 4 3 2 4 3 2 3 3 0 4 4 0 2 1
   2 0 2 4 2 2 4 3 0 4 1 0 3 2 3 3 4 0 0 2 2 3 4 2 4 2 4 4 2 0 2 0 0 0 4
   4 1 2 3 1 3 4 3 3 3 0 3 4 2 2 1 4 1 4 3 4 4 0 4 4 2 1 2 4 1 4 0 0 4 1
   2 1 2 2 2 1 1 1 0 4 1 3 3 0 2 2]
  [0 3 3 2 2 1 2 2 3 2 1 1 0 2 2 4 0 4 3 1 3 0 0 1 0 1 1 0 3 0 2 4 0 3 3
   3 0 1 0 0 3 0 2 4 3 1 3 1 1 2 0 4 4 2 4 3 4 0 3 4 4 0 2 2 4 0 1 0 1 2
   1 1 1 0 3 1 0 0 2 4 1 3 0 1 2 0 3 1 4 3 1 2 2 2 1 1 3 4 3 2 1 4 0 3 4
   2 1 0 0 1 4 2 3 4 3 4 0 4 4 4 0]
  [0 0 1 1 1 0 0 0 0 3 1 1 4 1 1 4 1 4 4 1 4 3 4 4 1 3 2 1 1 4 4 2 3 3 1
   4 3 4 2 1 4 1 1 0 1 1 2 2 4 0 4 4 2 1 0 3 4 3 3 2 4 1 4 3 1 4 0 3 0 0
   3 4 0 0 2 4 3 1 1 4 1 3 0 4 2 3 0 4 2 4 2 3 1 0 0 3 1 0 0 1 3 1 4 1 2
   4 2 4 0 0 2 0 4 4 0 1 2 0 0 2 3]
  [0 0 0 3 1 4 2 1 1 1 3 0 4 2 1 2 1 2 0 0 4 4 0 0 4 3 1 4 3 0 3 2 1 3 1
   2 3 2 4 0 0 2 0 0 3 4 0 4 4 4 0 1 2 0 0 3 1 0 2 3 0 1 0 2 4 3 0 0 3 3
   1 0 2 3 2 2 0 3 4 4 1 1 1 0 3 2 3 0 4 3 1 0 0 3 3 4 1 1 4 4 4 1 0 3 2
   2 4 1 0 4 2 2 3 1 2 4 2 4 2 3 4]
  [0 3 2 3 0 4 0 0 2 1 1 1 2 1 3 2 3 1 0 3 0 1 3 3 1 3 3 3 0 3 4 3 0 0 1
   0 3 1 0 3 1 0 2 3 0 0 4 4 0 2 2 0 0 3 3 3 1 2 4 3 3 0 1 2 4 0 1 4 0 0
   2 4 2 4 0 3 3 1 0 1 1 4 4 1 2 3 4 0 0 0 4 3 1 4 3 2 4 2 0 1 0 0 2 2 0
   3 3 1 4 3 1 4 1 4 1 1 3 4 2 4 1]
  [0 1 1 4 2 4 2 0 1 1 1 1 2 1 2 2 1 2 1 2 3 3 1 4 0 2 2 0 2 2 3 2 1 3 4
   2 2 0 1 3 0 2 0 4 2 3 4 1 1 3 0 2 0 2 0 4 3 4 3 2 2 4 0 2 1 2 2 1 3 0
   2 4 1 1 2 0 2 0 1 3 2 2 1 0 2 1 2 4 0 3 1 3 0 0 2 4 4 3 2 1 1 1 2 2 0
   3 4 1 0 3 2 4 3 0 4 0 0 0 2 4 4]
  [0 4 3 2 4 4 0 1 3 0 4 2 2 2 2 1 1 3 1 1 4 3 3 2 2 2 3 2 1 0 3 2 3 0 4
   4 0 3 4 4 2 3 3 4 1 1 3 4 0 0 1 3 0 1 0 2 2 1 1 0 1 1 4 4 0 1 3 1 0 4
   0 0 2 3 2 3 4 4 0 4 0 1 4 4 3 1 4 3 1 1 0 3 1 1 1 1 0 2 2 4 2 3 3 2 0
   4 2 1 1 4 1 4 3 4 1 1 0 0 1 0 1]
  [0 0 0 2 0 2 0 0 3 3 4 4 0 0 4 4 4 1 2 0 2 0 0 0 2 1 0 1 2 4 1 1 1 1 3
   2 2 3 4 0 0 2 2 0 2 0 1 2 3 3 3 2 1 4 3 4 4 2 3 0 0 4 1 0 4 3 4 2 0 0
   1 0 4 3 2 1 4 1 4 4 3 2 4 2 0 1 1 0 2 1 4 2 3 4 1 0 3 3 3 3 2 0 3 0 0
   2 2 0 4 1 1 1 4 0 4 4 1 4 4 2 1]
  [0 3 2 0 4 1 0 1 2 3 1 3 1 2 4 3 2 2 1 0 3 1 2 3 2 4 2 3 1 3 1 2 4 3 2
   0 3 3 1 3 3 4 0 0 2 1 0 3 3 4 3 1 0 2 0 2 2 4 2 2 3 2 3 1 1 4 4 1 2 2
   1 3 0 0 1 0 1 0 3 3 4 4 0 4 2 1 3 4 3 2 2 1 3 2 1 2 2 3 2 3 3 3 3 4 0
   0 1 1 3 0 0 4 2 3 3 2 4 1 1 2 0]
  [0 1 1 4 1 0 4 1 4 4 3 1 0 3 0 0 4 0 3 2 0 4 1 2 4 3 0 2 1 0 3 4 1 3 4
   1 3 4 0 2 2 4 1 1 1 1 3 0 1 4 0 4 2 2 0 4 0 2 1 4 0 4 2 3 2 1 2 2 3 3
   1 4 3 0 0 3 3 0 4 0 0 1 4 1 0 1 2 3 4 4 2 0 0 1 4 3 2 3 1 2 3 2 0 3 0
   0 0 2 1 4 2 3 2 0 1 4 0 0 0 0 1]
  [0 0 2 2 3 0 0 3 2 2 4 2 1 2 3 2 4 1 1 1 0 4 0 0 1 2 1 0 4 0 4 3 4 1 4
   4 1 3 4 4 1 4 0 2 2 1 0 1 3 1 1 1 4 2 1 4 3 3 3 4 3 3 1 3 1 1 2 4 3 4
   4 4 1 3 0 1 2 0 3 2 4 4 2 0 3 0 3 0 2 1 2 4 2 3 2 4 1 4 4 4 2 3 0 0 1
   3 1 0 0 3 3 1 2 3 1 4 2 2 1 4 0]
  [0 1 3 2 0 3 0 2 0 1 4 0 4 3 2 1 4 1 4 3 0 1 2 4 2 0 1 3 4 3 4 0 3 1 4
   2 2 0 2 2 3 2 2 3 1 3 1 0 2 1 3 3 4 2 0 3 2 4 2 2 3 2 0 0 4 2 3 4 4 2
   0 0 4 2 4 0 4 3 2 2 3 4 3 3 1 0 2 2 0 1 1 2 0 2 4 4 0 3 4 0 3 3 1 4 3
   3 2 0 0 2 2 2 1 2 1 4 4 0 2 4 2]
  [0 1 4 3 1 1 3 0 2 1 1 1 2 1 0 2 3 3 4 3 0 0 1 3 0 2 4 2 0 4 4 0 4 0 2
   0 4 1 1 0 0 2 2 4 2 3 4 2 2 4 3 3 4 1 4 0 3 4 3 1 3 4 3 4 0 4 1 2 2 0
   0 0 3 3 1 4 0 1 0 2 2 0 1 1 1 0 3 3 2 3 0 4 1 4 0 2 1 1 2 2 2 4 1 1 2
   1 1 3 1 4 4 1 0 4 1 1 4 4 4 0 2]
  [0 2 4 1 2 3 4 1 1 3 1 0 1 2 3 2 2 2 4 1 0 4 3 2 3 0 1 4 2 1 2 1 4 4 0
   2 1 0 4 1 0 3 0 3 3 3 0 4 1 4 0 0 1 1 4 4 3 2 1 4 4 1 4 0 2 3 3 3 0 1
   4 2 2 0 0 1 1 0 3 0 3 2 1 3 1 3 3 1 0 3 3 2 4 0 2 3 2 4 4 4 3 2 0 2 3
   1 0 0 3 3 2 1 0 1 3 0 4 2 4 3 1]
  [0 3 0 2 0 3 0 3 3 1 3 2 1 4 3 4 2 0 2 1 0 0 0 1 3 0 1 4 2 0 2 3 3 3 0
   2 4 2 2 3 3 2 3 4 3 1 4 1 4 4 4 1 2 3 1 2 4 3 3 1 1 4 0 1 4 2 0 2 3 2
   1 4 4 1 0 1 1 1 0 4 3 1 4 4 1 4 2 2 3 2 1 2 1 3 1 2 0 0 2 2 2 1 0 0 4
   0 3 1 2 4 4 4 2 4 2 2 2 4 4 3 1]
  [0 0 4 0 1 2 2 1 1 1 2 3 1 1 0 4 0 4 2 1 3 0 4 0 0 1 3 0 1 3 0 2 3 1 1
   4 0 4 1 0 4 1 3 1 3 2 3 0 1 0 0 2 1 3 4 0 3 4 1 4 2 4 2 0 1 3 4 3 1 3
   3 4 4 0 3 0 2 2 2 0 1 4 4 0 2 0 0 0 0 3 1 2 0 3 4 4 0 0 1 1 1 2 1 2 0
   3 2 2 0 0 0 0 1 4 0 0 1 4 4 2 0]
  [0 0 1 3 1 3 4 3 2 1 1 4 0 4 0 2 3 0 2 4 3 2 1 4 3 4 0 0 2 2 1 3 4 3 4
   0 1 0 4 0 4 1 3 0 0 0 3 1 1 2 0 2 4 1 1 4 3 0 0 2 2 0 2 1 1 4 1 0 4 0
   2 2 2 2 2 2 4 4 3 2 0 2 1 3 2 0 0 2 2 1 0 3 2 0 3 2 0 3 2 2 2 4 2 1 2
   4 4 3 4 0 3 2 3 0 1 2 1 2 0 4 2]
  [0 3 3 3 2 3 3 4 2 3 1 0 3 0 4 4 3 4 3 4 3 4 0 1 1 0 0 3 2 4 3 1 0 4 0
   4 0 0 3 1 1 1 2 3 4 0 4 0 3 3 3 2 0 4 4 2 2 1 4 1 2 2 2 4 4 1 0 2 3 2
   2 3 3 1 1 4 3 3 3 0 4 0 3 3 3 1 0 1 2 3 3 4 0 2 1 1 0 1 3 1 2 3 0 1 1
   2 0 2 4 3 1 0 2 3 0 4 0 1 4 1 0]
  [0 4 2 0 1 0 1 3 0 4 0 1 4 0 1 2 2 3 2 1 4 3 1 0 4 2 2 4 1 1 2 3 2 4 2
   0 0 0 1 1 4 4 4 2 3 2 1 0 2 1 1 4 0 4 3 3 2 0 0 1 1 0 3 3 3 2 3 3 2 3
   3 2 2 3 3 1 3 4 2 4 0 3 0 3 3 3 2 1 3 1 2 0 4 3 3 2 2 0 1 4 3 3 2 1 2
   2 0 2 4 2 4 0 0 2 0 1 4 4 2 1 0]
  [0 4 3 2 2 3 2 2 3 2 2 0 4 4 3 3 3 0 4 2 4 2 4 0 2 4 1 3 2 0 3 3 3 3 1
   4 0 1 0 3 0 0 1 4 4 1 3 4 2 1 2 4 0 1 2 1 4 3 3 2 0 3 2 2 3 1 3 2 2 2
   1 0 2 1 1 2 2 4 2 0 2 2 3 0 1 0 0 2 2 1 4 4 2 2 3 0 1 3 2 2 2 0 0 0 0
   4 4 4 2 1 2 4 2 0 0 3 1 3 2 1 0]
  [0 3 4 3 3 1 4 0 4 4 1 0 4 2 1 4 2 4 0 2 0 1 1 4 4 0 1 1 2 3 2 3 1 2 2
   3 3 4 1 2 2 1 3 4 3 4 0 3 3 3 2 4 3 2 2 2 1 1 3 2 3 2 0 2 1 1 2 1 0 0
   2 2 4 0 0 4 1 2 0 1 2 0 3 4 0 1 0 2 2 0 1 1 0 3 0 2 3 3 4 3 1 0 3 2 2
   3 1 1 2 4 0 4 1 1 3 0 1 2 2 4 3]
  [0 0 0 2 4 1 4 2 1 3 3 2 2 0 4 3 2 1 0 2 3 1 3 2 0 3 0 4 1 0 4 2 0 1 0
   2 2 3 1 4 3 2 4 0 3 1 1 2 3 2 1 3 2 2 4 2 4 0 1 3 0 3 2 3 4 4 4 0 0 0
   3 4 2 2 4 1 3 2 3 4 3 0 4 2 3 0 2 2 1 0 0 0 4 0 1 4 2 1 0 4 3 0 0 4 1
   0 2 2 2 3 4 0 2 2 2 3 1 3 0 3 0]
  [0 0 3 3 4 0 1 0 3 3 0 3 0 1 2 0 4 4 2 2 2 0 4 0 2 1 1 2 4 4 2 3 3 3 0
   3 3 4 3 2 4 0 0 4 3 2 0 2 1 4 2 2 1 2 4 1 1 4 2 1 1 0 0 4 3 3 1 0 4 0
   0 2 0 2 0 2 3 2 3 0 3 3 0 1 1 3 0 3 4 2 3 0 2 3 0 2 1 2 2 4 2 0 4 0 0
   4 2 2 1 4 2 0 3 1 4 0 3 0 3 1 2]
  [0 3 3 4 4 0 3 4 2 4 4 1 3 2 0 1 4 1 1 2 3 0 4 4 1 1 4 2 4 2 3 1 4 0 1
   2 3 3 1 2 4 1 1 0 3 4 1 3 3 1 4 3 3 1 1 4 3 4 0 4 1 1 3 1 0 3 0 1 1 4
   0 0 4 0 1 2 3 2 0 2 3 1 1 3 0 0 4 0 3 3 4 4 0 2 3 0 1 2 1 4 0 2 1 3 2
   1 1 1 4 1 0 2 1 1 1 1 2 4 4 0 4]
  [0 4 2 0 4 1 1 1 0 1 4 1 0 2 2 4 1 2 4 3 0 4 1 3 0 1 0 4 0 1 0 2 3 1 1
   2 1 0 2 0 3 0 3 2 0 3 1 1 3 1 1 4 3 4 4 1 2 0 0 0 3 2 4 4 1 1 4 3 2 4
   1 3 1 0 4 4 3 1 3 1 4 4 0 0 3 1 1 2 0 1 4 4 4 2 2 4 4 1 1 2 3 3 2 3 0
   4 2 3 0 2 2 4 4 4 3 2 4 1 2 1 4]
  [0 1 3 2 2 4 3 0 4 0 1 2 0 1 3 0 1 0 0 0 0 0 3 3 1 3 2 1 3 2 3 4 4 0 3
   1 0 2 3 2 0 1 3 3 0 2 1 2 0 3 1 0 1 2 0 1 0 0 1 1 4 0 0 2 0 0 3 1 1 4
   4 0 0 4 1 3 3 3 4 4 1 1 2 3 0 2 1 0 3 0 3 2 0 0 1 2 1 4 2 1 1 3 4 4 1
   1 1 2 2 4 3 0 0 4 4 0 4 4 2 2 2]
  [0 0 3 1 3 0 4 4 0 1 2 4 4 3 1 4 0 1 0 1 0 4 0 0 3 0 0 4 3 3 1 0 1 1 3
   0 1 2 3 1 1 1 0 3 1 2 1 0 1 2 3 0 2 2 4 1 0 4 2 1 0 3 3 3 4 2 1 3 4 3
   3 1 2 0 1 3 1 4 3 4 2 4 4 1 1 0 0 4 4 0 0 1 1 0 0 1 3 4 2 4 0 4 0 0 3
   0 2 2 0 0 0 1 2 0 2 4 0 1 2 1 1]
  [0 4 2 1 2 3 0 4 2 2 0 4 0 0 3 3 1 1 0 1 3 1 1 2 2 2 4 0 3 0 0 1 3 0 2
   2 4 2 2 1 3 2 2 3 1 4 2 4 1 1 2 3 2 3 3 1 3 4 3 2 2 1 4 2 4 1 3 0 3 1
   3 4 4 4 1 4 2 2 0 0 0 1 0 0 2 3 3 3 0 3 1 0 0 4 2 1 3 1 3 1 1 0 2 3 2
   1 0 4 2 3 1 0 0 0 3 0 0 2 4 4 4]
  [0 1 2 0 4 2 4 4 4 4 3 0 2 1 4 3 0 4 2 0 2 1 3 3 4 0 0 2 1 3 0 4 3 1 1
   0 1 0 2 0 0 0 4 4 4 3 1 3 1 2 3 4 3 4 3 2 1 1 1 0 0 3 3 1 2 1 3 2 0 2
   0 3 3 3 1 4 2 2 4 3 4 2 0 1 2 0 0 3 1 1 4 3 0 4 1 2 2 1 0 0 3 4 3 0 2
   1 4 4 0 0 2 2 2 0 4 2 0 0 4 3 4]
  [0 0 4 2 4 0 3 0 4 3 4 4 3 1 3 0 2 1 1 4 2 0 3 1 4 0 3 2 4 4 1 4 1 1 4
   4 1 3 4 1 0 2 0 3 0 4 1 1 3 3 4 4 2 2 2 1 0 2 2 4 0 0 3 4 0 1 0 1 4 1
   1 2 1 1 4 0 3 3 1 0 3 0 2 2 0 2 2 0 1 2 4 3 3 0 1 2 2 3 2 3 2 0 4 3 0
   0 4 1 4 2 0 0 0 2 3 4 0 3 3 3 0]
  [0 0 4 3 0 1 0 2 1 2 1 2 3 4 3 0 0 0 4 3 3 3 3 4 4 2 1 1 0 0 2 0 3 3 3
   3 0 2 4 2 1 3 4 1 3 4 1 1 1 0 1 2 1 4 0 3 2 1 2 3 0 0 4 1 2 0 4 0 4 3
   4 0 0 2 3 2 0 2 4 2 3 1 4 3 3 3 2 3 4 2 0 3 4 4 0 1 0 2 2 1 1 0 2 3 2
   4 0 4 1 4 1 1 4 2 2 0 2 4 1 0 4]
  [0 4 2 2 4 3 1 1 4 3 1 3 0 4 2 1 2 2 2 4 1 2 4 1 0 4 0 2 2 2 0 2 1 2 3
   1 0 2 4 3 4 2 3 2 2 1 0 3 0 0 1 1 4 0 3 2 4 1 2 0 2 3 3 2 1 0 1 0 4 2
   1 1 3 1 2 0 2 3 3 1 2 4 1 3 3 4 3 1 3 0 2 1 1 0 1 0 3 4 3 1 0 4 1 3 1
   3 2 0 4 1 2 1 4 0 1 4 3 1 0 0 4]
  [0 1 2 1 1 0 2 1 3 4 4 2 1 3 3 1 0 1 0 3 0 4 3 0 2 3 1 0 0 4 0 4 0 2 2
   3 2 0 4 3 0 0 0 2 4 1 0 0 1 3 2 3 3 3 3 0 2 4 0 4 4 3 2 2 1 3 0 1 3 3
   0 4 1 3 2 0 0 2 4 2 1 0 1 3 3 1 2 0 0 3 0 0 2 4 3 2 0 3 4 4 4 0 3 1 2
   1 1 1 0 4 0 3 4 2 0 4 0 0 3 1 2]
  [0 4 2 2 2 4 0 2 0 0 2 4 0 2 1 3 1 3 4 3 0 1 3 4 4 2 3 1 4 3 4 4 1 3 3
   1 0 3 3 4 0 0 4 2 0 0 3 1 0 0 1 3 4 1 0 1 0 1 1 3 2 3 4 2 2 3 0 4 3 3
   3 3 3 2 1 1 2 3 4 3 2 1 3 0 4 2 2 3 1 2 4 2 2 2 2 2 2 0 2 2 4 3 3 3 4
   1 0 3 2 2 4 1 0 2 4 3 2 4 1 3 2]
  [0 4 1 2 3 1 4 2 3 2 1 3 1 0 1 3 2 3 4 0 2 4 2 3 0 3 1 4 4 4 3 4 4 4 3
   4 2 0 4 4 2 2 2 2 3 0 0 2 2 1 2 4 0 2 2 1 1 3 3 4 4 1 1 2 4 2 0 3 1 0
   2 4 2 1 4 2 1 1 3 4 4 1 4 2 4 4 2 2 2 2 0 1 3 4 3 3 3 4 0 3 2 4 3 0 3
   4 3 0 2 3 1 3 1 3 3 0 2 1 2 3 0]
  [0 4 1 3 2 1 2 1 4 0 1 0 2 2 1 0 3 4 1 3 3 4 0 3 0 2 3 1 0 2 3 3 2 3 1
   2 3 2 3 3 3 0 0 1 3 0 1 1 1 4 4 1 0 2 4 0 2 1 1 0 4 1 0 3 3 1 0 4 2 4
   4 1 2 4 3 1 1 2 3 3 0 2 1 2 0 4 1 3 4 2 2 0 1 1 0 1 0 4 4 0 4 1 1 3 2
   0 4 2 1 1 3 0 0 0 0 0 4 3 2 4 1]
  [0 4 3 1 1 4 2 1 2 3 2 3 3 2 4 3 2 2 0 2 4 0 0 1 3 3 1 4 3 2 3 1 0 4 0
   4 2 2 4 2 4 4 1 1 2 1 4 3 3 3 1 0 1 2 0 1 3 1 0 1 4 2 1 0 4 1 4 3 4 4
   1 3 1 4 1 0 2 3 2 1 1 1 4 1 4 2 2 0 2 1 4 2 1 0 1 0 3 0 0 1 0 3 4 3 0
   4 3 2 0 0 2 3 4 1 1 1 0 1 1 1 1]
  [0 1 3 0 2 2 0 2 3 2 0 1 4 2 0 2 3 1 1 0 0 0 0 4 4 2 3 2 0 4 3 1 3 1 4
   1 2 3 3 0 0 1 0 4 1 4 4 1 1 1 0 0 1 0 0 2 0 1 3 4 0 0 0 3 3 3 4 2 2 0
   0 0 4 2 4 0 4 2 4 4 1 0 4 0 1 0 1 3 4 3 0 4 2 0 4 1 4 0 1 0 3 0 4 1 0
   2 0 3 2 0 2 4 4 4 0 1 2 2 4 1 4]
  [0 4 2 3 4 2 2 3 2 3 3 3 3 1 0 1 2 4 0 2 0 2 0 1 0 3 0 2 0 0 4 0 0 1 3
   0 1 4 3 0 3 0 1 4 1 0 2 2 0 1 3 3 2 0 3 4 3 0 4 3 1 4 1 4 2 2 4 4 0 4
   0 1 1 0 1 2 0 3 3 0 2 3 1 4 3 4 4 2 4 2 0 2 2 3 2 0 3 2 1 1 1 0 0 4 3
   2 1 0 1 1 1 4 0 2 2 1 2 1 3 3 2]
  [0 2 1 1 0 4 1 3 4 4 0 0 3 4 4 2 3 2 4 2 3 3 2 4 2 0 3 0 4 0 4 3 1 4 4
   1 0 1 1 3 3 2 2 1 4 3 2 4 4 4 3 4 3 1 0 0 3 1 3 2 4 0 1 2 3 3 4 3 0 2
   0 4 0 2 0 2 1 3 2 0 1 3 2 4 2 0 4 0 0 4 3 3 2 1 1 1 1 0 4 0 1 2 1 0 4
   3 3 1 3 2 2 0 4 3 1 1 0 2 2 4 3]
  [0 4 0 4 0 1 2 0 4 4 3 4 1 0 2 2 1 0 4 4 1 4 1 2 4 0 1 2 1 4 1 3 1 1 4
   4 3 4 1 0 4 3 0 1 3 3 0 3 4 0 4 4 1 4 3 0 4 1 0 0 1 3 1 4 0 4 2 2 0 4
   2 3 1 4 1 4 1 2 4 0 0 3 4 1 1 2 0 2 2 0 2 1 0 1 4 3 0 2 1 0 2 4 1 4 0
   0 0 3 3 2 1 0 3 0 0 0 2 1 4 1 3]
  [0 0 0 0 1 1 1 0 3 3 3 3 4 2 1 2 1 1 1 2 4 0 1 0 0 4 0 3 3 2 4 1 2 0 3
   3 4 1 1 1 1 2 0 1 4 0 4 4 1 2 0 2 1 1 2 0 4 0 0 0 4 4 4 2 1 1 4 4 3 4
   4 0 0 0 1 0 4 1 2 3 0 2 1 2 3 1 1 2 0 3 3 2 1 1 1 1 4 4 4 4 1 3 1 0 2
   0 4 1 2 1 0 0 3 3 1 1 2 0 0 4 2]
  [0 4 1 0 1 1 1 3 2 2 3 1 1 3 0 3 4 1 0 3 2 4 4 3 1 0 3 1 2 3 3 1 2 1 3
   2 1 1 2 0 4 1 1 0 1 2 3 4 2 3 3 4 0 4 4 1 3 0 3 3 2 1 3 1 0 0 4 3 2 4
   1 1 1 4 0 2 4 1 3 4 4 3 2 0 4 1 3 2 1 2 4 0 1 2 1 1 1 0 3 2 3 3 0 2 4
   4 0 1 3 0 3 2 1 2 2 2 3 1 1 1 1]
  [0 3 0 3 2 3 4 0 3 1 3 2 0 4 1 2 3 2 1 1 0 2 3 4 0 2 2 3 4 1 0 2 4 3 0
   3 1 4 2 3 3 2 0 3 2 4 4 0 1 4 2 4 2 3 4 1 2 1 3 0 1 1 3 4 0 3 3 1 4 0
   3 1 4 3 2 0 3 0 3 2 0 0 1 4 0 4 1 2 2 1 3 2 0 1 4 3 4 3 1 3 2 3 4 4 3
   3 0 0 2 4 3 2 2 1 4 3 3 0 4 0 4]
  [0 3 3 1 0 1 1 0 1 1 0 1 0 2 0 2 2 1 4 2 1 2 3 2 3 2 0 1 2 4 1 3 4 1 1
   0 0 2 1 3 2 1 2 4 2 0 4 1 0 4 2 1 2 4 1 4 2 3 4 0 1 3 2 0 1 1 1 3 3 4
   4 4 1 3 4 3 1 2 0 1 1 0 0 0 2 3 4 1 4 2 4 2 4 3 2 0 0 4 2 0 1 3 3 0 3
   2 3 0 0 3 3 4 1 4 4 3 0 1 1 4 4]
  [0 4 4 3 0 0 1 3 4 3 2 4 0 2 1 1 3 0 3 0 2 4 2 1 3 2 3 3 1 0 4 3 0 1 1
   2 1 2 3 0 0 3 1 3 4 3 2 4 1 4 0 2 3 2 3 2 3 2 4 0 1 0 4 2 0 0 3 1 1 4
   1 1 1 4 0 2 2 2 3 1 4 0 0 1 3 0 0 3 0 2 4 1 4 0 3 1 0 4 2 2 2 4 0 4 0
   3 0 4 0 0 2 4 2 2 3 4 1 3 2 3 3]
  [0 3 4 4 2 3 4 4 4 0 2 2 3 0 2 0 2 1 0 4 0 4 2 4 3 2 3 0 1 4 3 3 4 1 0
   3 1 2 4 2 0 0 1 2 0 4 2 3 0 3 1 3 0 2 3 1 4 2 4 3 0 3 3 4 4 0 3 1 3 0
   3 2 4 4 2 2 3 3 4 4 0 1 0 0 2 2 0 1 2 3 4 3 1 1 3 0 0 3 3 4 0 4 1 3 1
   3 3 0 3 0 0 2 1 0 4 2 3 0 2 4 2]
  [0 0 0 1 2 1 2 4 2 3 2 4 0 1 1 4 2 2 1 1 4 3 1 3 0 4 1 0 0 0 1 2 1 0 2
   2 3 0 0 1 1 1 1 3 4 2 3 4 0 4 1 1 0 1 2 3 0 0 2 3 2 2 4 0 2 1 0 2 4 4
   2 4 4 1 2 4 2 4 2 3 0 1 1 3 2 3 2 0 4 2 2 1 4 1 2 0 3 2 0 2 2 4 4 2 3
   3 1 0 3 0 4 0 1 2 3 4 4 2 2 0 2]
  [0 1 2 4 0 0 4 0 4 3 0 3 4 3 4 0 3 0 3 0 2 2 3 0 4 3 2 1 4 3 3 0 3 1 1
   4 2 2 3 1 1 2 3 4 2 2 4 3 2 2 1 2 0 3 1 2 4 1 0 2 3 3 0 0 1 4 0 3 0 2
   1 3 4 1 3 4 1 2 2 0 0 4 3 2 1 0 4 4 2 2 2 4 3 4 1 2 2 2 1 1 1 4 1 0 0
   4 4 1 3 4 1 4 0 1 4 0 4 4 1 4 1]
  [0 2 3 2 4 4 3 0 4 4 4 1 4 0 2 3 4 1 1 0 0 2 4 1 2 1 1 2 4 2 0 2 2 3 2
   3 2 3 1 0 4 1 1 1 2 0 0 0 3 2 1 1 4 1 1 2 3 3 4 2 1 3 4 4 2 1 1 0 0 4
   2 3 0 3 2 4 1 3 3 1 1 1 2 2 0 3 1 3 2 0 1 0 1 0 2 3 4 0 2 1 0 2 3 4 0
   3 3 3 2 3 1 0 2 0 3 0 0 4 2 1 4]
  [0 4 2 2 4 1 1 2 3 2 2 0 4 2 2 2 4 2 0 3 4 0 3 1 0 1 1 0 0 1 3 2 1 4 4
   4 1 2 1 3 3 1 3 0 0 0 4 2 0 4 0 0 1 1 1 4 4 1 0 3 0 1 0 1 3 1 1 3 0 1
   3 0 3 3 2 3 1 0 0 4 0 0 1 4 1 1 1 2 2 1 1 0 4 0 0 0 3 0 3 1 1 4 3 2 1
   1 1 2 3 2 4 3 1 2 0 0 1 1 4 2 2]
  [0 4 0 2 3 2 2 2 1 2 1 1 4 0 2 3 0 0 2 2 2 3 2 1 1 1 2 3 2 0 1 0 4 3 4
   0 4 0 3 0 4 2 2 0 1 2 2 3 2 2 3 1 3 1 3 3 2 4 1 0 3 0 2 0 1 1 4 0 3 1
   0 2 1 0 2 3 2 4 3 2 4 3 3 2 2 0 4 4 0 2 3 2 2 4 3 4 2 2 3 2 4 3 3 0 1
   4 1 4 3 0 4 4 3 2 1 0 3 1 0 0 1]
  [0 0 3 0 4 3 3 4 4 0 3 1 3 3 1 1 0 4 4 4 3 1 0 2 2 4 0 2 1 3 0 2 3 0 4
   2 3 0 0 2 4 3 1 2 0 1 3 2 4 3 2 2 2 4 4 1 4 4 0 3 1 1 1 3 0 4 0 1 1 4
   2 3 1 3 4 4 2 0 4 3 0 0 3 3 1 1 0 3 0 1 0 1 2 3 0 3 3 3 4 3 2 4 2 3 2
   3 2 2 2 4 3 0 2 3 0 0 0 2 0 4 4]
  [0 2 3 4 3 1 3 1 0 4 4 1 2 4 1 3 3 0 1 1 2 4 1 4 2 4 1 4 2 2 0 3 4 2 2
   4 2 3 1 3 0 4 1 3 3 3 3 1 1 3 2 2 0 4 2 2 0 1 0 4 0 4 2 4 1 2 4 2 4 2
   4 2 2 1 0 2 2 4 0 2 4 0 2 4 0 4 0 0 1 4 1 3 0 3 3 1 4 2 3 0 1 2 2 3 4
   2 1 2 3 3 4 1 1 0 2 0 3 0 2 3 0]
  [0 1 2 2 1 0 2 1 3 0 4 3 1 0 2 3 4 1 2 2 3 4 1 2 3 4 3 4 4 4 3 0 2 2 4
   2 3 1 3 0 2 2 1 0 1 1 1 3 2 0 1 2 1 3 0 1 2 1 1 0 4 3 1 4 0 0 4 0 3 1
   2 1 4 3 2 1 3 4 0 4 0 3 3 1 4 1 4 0 0 2 4 1 1 4 3 0 2 0 0 2 2 1 2 1 1
   2 2 1 4 1 1 0 1 3 2 3 2 1 0 4 3]
  [0 4 2 4 0 0 3 3 0 1 0 0 4 2 2 2 1 2 3 2 3 4 3 0 3 2 0 4 0 2 1 4 1 4 3
   1 0 3 4 1 1 2 1 0 0 1 0 3 3 1 1 1 4 1 0 0 0 4 2 4 2 3 0 2 1 4 1 0 3 1
   3 0 3 4 1 1 3 4 2 1 4 4 0 3 0 1 1 2 1 3 3 4 1 4 4 1 4 4 3 3 3 2 0 0 1
   3 2 4 0 2 3 3 4 0 0 4 1 4 3 0 0]
  [0 4 2 3 1 1 4 1 2 1 4 2 1 0 3 0 4 1 4 4 1 1 2 4 3 4 4 1 3 4 1 2 3 4 4
   3 2 0 4 1 4 3 1 1 0 0 4 2 4 2 3 0 1 4 1 3 0 1 4 3 1 4 1 4 3 0 1 4 2 3
   1 2 3 1 0 0 4 0 4 0 1 4 3 3 2 4 3 4 1 4 4 3 0 3 4 2 0 0 0 3 3 0 0 3 3
   0 1 2 0 3 3 3 2 4 1 3 0 1 4 2 0]]

 [[0 3 3 0 4 4 4 4 4 3 0 3 0 3 0 4 3 1 0 0 2 4 3 4 0 1 3 0 3 3 1 4 3 3 2
   0 2 0 4 1 1 2 1 0 2 2 0 2 0 1 3 0 3 2 2 2 3 1 3 1 2 1 2 1 4 0 2 2 4 1
   0 4 1 2 0 0 3 1 3 4 2 1 4 0 0 4 4 0 0 2 4 1 3 0 4 1 3 3 1 1 3 4 2 3 1
   0 0 0 4 2 3 3 2 3 1 3 1 4 3 3 0]
  [0 0 3 3 4 2 2 2 4 2 0 2 0 0 2 0 3 2 0 2 4 4 1 3 1 0 1 0 0 0 0 3 4 1 0
   4 4 2 2 1 0 1 3 1 2 4 0 0 4 0 4 1 4 2 2 3 4 1 1 3 0 1 4 4 4 1 3 1 1 4
   0 1 0 3 0 1 2 2 0 3 2 3 1 4 0 0 4 1 0 4 4 4 1 2 1 0 4 0 2 1 4 0 2 1 3
   0 0 4 3 4 3 4 4 0 0 2 4 0 2 2 2]
  [0 4 0 0 2 0 2 3 1 3 1 3 3 2 0 1 1 3 3 0 4 2 4 3 0 2 3 2 4 1 0 0 2 3 0
   1 1 2 2 4 1 1 1 2 3 0 2 1 0 0 2 3 4 0 2 0 4 4 4 0 1 4 1 3 3 4 3 4 1 2
   2 2 0 1 3 2 1 3 1 4 3 3 0 2 3 1 3 4 4 1 2 0 1 2 3 1 2 0 4 4 3 1 3 1 2
   3 0 3 3 2 0 2 2 0 4 4 1 4 1 4 0]
  [0 0 0 0 0 2 4 4 0 3 3 1 0 2 1 1 3 2 4 1 3 3 1 4 2 0 0 0 0 4 2 0 2 2 2
   3 4 0 2 1 0 3 4 4 0 1 0 4 3 2 0 2 1 1 4 0 1 3 3 1 3 3 4 2 2 1 1 1 2 2
   4 4 0 4 2 4 4 2 1 3 3 3 4 0 3 2 2 1 1 0 4 0 3 3 2 3 1 1 3 0 4 1 3 4 2
   1 3 2 4 3 2 3 2 2 3 4 0 0 2 4 3]
  [0 1 2 0 0 1 0 2 1 2 2 2 0 3 3 1 4 2 4 2 3 1 2 1 2 0 3 3 2 2 3 1 3 4 4
   4 1 1 2 0 4 4 2 2 4 3 1 4 1 1 1 4 1 2 1 1 3 1 0 2 2 4 2 2 0 0 2 2 0 4
   0 2 0 2 2 3 4 1 4 4 1 4 3 0 4 1 0 0 1 2 1 3 1 0 2 2 0 0 1 4 2 2 3 4 1
   1 1 1 3 2 4 3 2 1 2 0 4 0 2 2 3]
  [0 0 0 3 1 0 0 3 4 4 0 4 4 2 0 1 3 2 0 0 1 0 0 4 1 1 3 4 2 2 4 0 2 2 0
   2 1 0 2 1 4 1 4 1 2 0 0 4 1 1 4 2 0 4 0 0 3 3 3 4 0 1 0 3 0 2 4 4 2 0
   0 3 3 2 1 1 4 4 0 3 4 4 0 4 2 3 2 4 2 4 0 4 3 4 4 0 2 1 2 3 0 2 1 1 3
   0 4 1 2 2 4 4 1 1 4 0 2 4 1 0 3]
  [0 2 1 0 4 0 0 1 4 2 3 4 3 1 4 1 3 2 0 3 0 4 3 3 2 2 1 1 4 1 0 1 0 2 3
   1 1 0 4 2 3 0 3 3 1 4 2 2 4 2 0 4 1 4 2 3 4 2 3 0 4 1 4 2 1 1 0 0 4 4
   1 1 2 2 2 2 1 0 0 4 3 1 0 4 2 2 3 0 2 1 2 3 2 3 4 0 3 1 3 2 3 2 3 2 2
   1 1 0 2 3 3 3 2 2 1 2 2 3 0 0 1]
  [0 3 2 3 0 3 1 0 3 0 2 2 2 3 0 2 2 0 3 3 1 2 3 4 2 0 1 4 0 0 3 0 1 4 1
   4 3 0 2 0 4 0 2 1 1 3 1 1 2 2 4 4 3 1 1 2 1 4 4 0 0 3 4 2 3 1 0 0 2 1
   4 1 1 0 1 1 1 0 3 3 4 1 1 3 3 2 3 3 4 4 2 4 0 1 3 4 4 4 0 1 2 0 1 2 4
   1 3 3 4 3 3 3 2 0 3 2 0 4 4 4 3]
  [0 3 2 3 4 3 2 3 0 3 1 0 4 4 4 3 0 0 3 4 3 4 2 4 4 0 4 0 1 2 4 3 1 0 4
   4 1 3 1 3 4 4 4 1 3 0 1 3 1 2 4 0 0 4 4 0 2 2 4 2 1 3 0 1 1 0 2 1 2 3
   4 1 2 0 1 4 2 3 3 0 1 3 0 0 2 4 1 0 0 2 0 1 3 1 3 4 4 4 1 0 3 1 0 1 4
   1 4 1 1 1 4 3 2 3 1 0 4 3 3 1 0]
  [0 2 4 3 2 3 1 4 1 0 2 0 0 0 0 4 1 3 2 4 2 4 1 0 0 2 3 4 3 0 4 4 3 2 3
   2 0 1 1 2 0 4 3 3 0 0 1 2 4 3 0 0 2 0 4 4 0 4 1 0 3 2 3 4 0 0 0 0 0 4
   3 0 1 2 3 0 2 4 0 1 2 1 0 0 2 2 3 3 4 3 3 2 0 0 4 3 0 1 2 3 4 3 1 4 1
   3 0 2 0 1 1 1 1 1 3 1 4 2 2 0 3]
  [0 0 4 0 1 1 2 4 0 2 0 4 2 2 3 0 2 0 0 3 0 0 0 1 1 4 0 3 2 4 2 2 0 4 1
   1 2 0 2 1 0 3 1 4 0 1 1 1 4 4 1 1 0 4 2 2 0 4 4 1 1 1 4 4 2 1 1 2 3 3
   3 3 0 1 2 0 0 4 1 1 0 0 0 3 2 4 0 4 2 4 3 4 4 0 2 4 3 0 1 3 0 2 1 4 4
   2 0 0 2 3 1 0 2 4 1 3 1 2 1 1 0]
  [0 1 1 2 2 1 0 1 0 3 3 0 1 0 1 3 0 1 2 4 3 3 4 4 0 1 1 2 2 0 0 0 0 2 3
   4 3 0 4 3 2 4 2 0 2 2 3 0 1 2 4 3 3 4 3 4 0 0 4 2 3 0 2 4 1 1 3 0 1 0
   1 4 1 4 1 4 4 0 0 3 1 3 0 4 4 3 2 2 0 2 0 3 3 3 2 0 2 1 1 4 2 1 2 4 1
   2 1 4 4 3 0 3 1 3 0 3 0 0 3 4 2]
  [0 4 3 0 2 1 0 2 1 2 3 1 0 1 1 1 0 4 2 2 4 3 3 0 4 2 4 0 2 2 4 0 2 2 4
   2 3 2 1 4 2 4 1 0 0 4 1 1 3 0 1 4 1 2 1 1 2 0 4 1 2 0 2 2 4 1 2 4 0 0
   2 0 0 0 2 2 3 1 0 2 3 2 2 4 0 3 3 3 0 2 0 0 0 3 0 2 4 2 0 2 4 2 0 0 3
   0 2 2 2 2 3 1 0 0 4 3 3 3 2 4 0]
  [0 1 0 4 0 0 4 2 1 1 4 0 3 0 1 1 0 4 2 3 4 1 3 1 1 2 2 0 2 0 3 2 3 3 3
   0 2 1 4 3 4 1 3 1 1 4 0 4 4 1 0 0 2 1 1 1 0 3 3 3 3 1 1 1 0 2 0 4 3 0
   4 4 0 1 1 0 2 4 0 0 1 3 1 1 0 2 0 2 2 2 0 3 2 4 0 4 0 3 1 3 4 4 3 0 0
   0 1 3 4 0 4 2 3 2 0 2 1 4 4 3 0]
  [0 3 2 3 0 2 3 2 2 1 0 1 4 4 0 0 1 0 0 2 0 4 0 3 3 2 1 1 2 4 2 2 3 1 0
   2 0 0 1 4 4 0 1 0 0 3 2 3 0 2 4 3 3 3 3 3 3 2 1 1 0 1 1 3 3 3 3 4 4 0
   3 3 0 4 4 2 2 0 1 4 1 2 3 3 3 4 0 3 1 4 2 3 1 2 2 2 2 1 2 2 4 4 1 3 0
   3 1 1 1 4 0 2 1 4 3 4 4 3 1 3 2]
  [0 2 1 2 4 3 1 1 1 4 0 2 4 1 0 0 3 3 0 0 4 1 4 4 1 2 3 1 1 0 3 4 2 3 3
   0 2 1 3 0 2 2 4 1 4 4 0 2 3 1 4 3 3 4 0 0 2 4 2 4 3 1 2 0 4 2 3 3 3 2
   3 2 1 1 1 3 2 1 0 2 0 3 1 0 4 1 2 1 1 4 3 0 4 0 4 1 0 4 3 0 2 1 1 0 1
   2 4 4 3 3 0 4 4 1 3 1 0 4 2 0 0]
  [0 3 2 1 4 1 2 0 4 2 1 3 1 3 1 4 0 4 2 0 0 1 4 2 1 0 1 1 2 2 1 1 3 4 4
   2 2 1 2 4 3 3 4 2 4 4 1 1 3 1 4 2 3 0 3 2 1 4 4 2 3 4 0 3 1 0 0 0 1 2
   4 1 3 0 2 3 3 0 3 0 2 2 2 3 0 0 2 3 2 2 1 4 4 2 4 2 1 3 1 0 3 2 1 0 4
   0 1 3 3 1 2 2 2 1 3 1 1 3 0 3 2]
  [0 2 1 0 3 4 0 3 4 2 4 2 4 0 1 1 1 0 2 4 4 4 2 4 2 4 1 2 4 1 0 4 3 2 3
   0 0 1 2 3 4 2 1 0 2 4 1 0 0 2 4 0 4 4 4 1 3 4 0 3 0 3 0 1 2 1 2 4 1 4
   1 2 4 3 1 0 4 2 4 2 1 3 2 2 3 3 0 1 2 3 1 4 4 0 0 4 3 1 3 3 0 3 1 3 2
   1 2 0 0 2 4 2 4 4 4 0 2 4 1 0 0]
  [0 0 4 3 2 0 2 1 3 2 3 2 2 3 4 1 0 3 0 1 2 3 3 3 2 0 2 3 2 3 1 2 1 4 4
   4 1 4 2 3 0 2 1 1 4 0 1 2 0 3 3 1 4 4 3 1 2 2 2 3 2 0 0 1 3 3 0 1 2 2
   1 1 4 3 3 4 0 4 1 3 3 1 4 3 1 4 2 4 4 3 1 3 1 3 3 2 3 1 2 0 2 4 0 0 0
   1 0 0 3 4 0 4 2 4 2 2 4 2 1 0 2]
  [0 1 0 1 2 2 2 3 4 2 4 3 2 0 3 3 4 4 0 0 0 4 1 4 2 1 1 4 2 1 3 3 4 4 4
   2 1 4 3 3 1 0 0 3 1 0 0 4 4 0 0 0 3 4 3 2 2 1 3 3 4 0 0 4 4 1 4 0 4 3
   0 1 1 1 3 2 0 4 3 0 1 0 2 2 3 1 4 4 0 3 1 0 3 4 3 2 1 2 0 1 0 2 2 3 2
   4 0 2 1 1 0 0 4 3 0 0 4 4 3 0 4]
  [0 3 3 3 2 2 4 2 2 2 0 2 1 1 4 4 3 2 3 1 0 3 4 3 3 4 4 4 4 3 1 2 4 2 4
   0 2 1 3 1 1 2 4 1 3 1 0 2 0 2 4 0 4 2 3 2 2 1 4 2 2 1 4 4 4 3 2 2 4 2
   2 4 0 4 4 1 1 0 3 1 1 3 3 0 0 0 2 1 3 3 0 1 3 4 1 0 0 3 1 3 0 2 4 0 1
   2 0 0 4 4 1 1 4 3 1 2 4 2 0 4 2]
  [0 1 3 0 3 4 0 2 3 0 4 4 1 4 0 1 4 1 2 3 2 0 0 4 0 2 3 1 1 3 3 3 3 3 2
   0 3 2 2 4 2 1 0 1 3 0 1 3 0 0 3 0 0 3 1 2 2 3 1 2 4 1 0 4 1 2 2 1 1 2
   2 0 3 0 2 4 3 1 3 3 3 4 4 3 1 3 3 2 3 4 1 3 1 3 0 4 3 4 2 0 1 4 2 2 3
   4 3 0 1 2 4 3 2 0 4 2 3 3 4 4 0]
  [0 3 2 2 0 1 3 3 4 1 2 4 4 2 0 2 4 0 3 4 0 3 0 1 4 0 3 3 4 4 3 2 3 2 1
   1 1 2 0 4 1 2 3 0 3 2 4 1 0 1 1 4 0 1 0 2 4 2 2 4 4 1 4 0 0 4 0 3 3 4
   4 2 0 2 1 3 1 3 3 0 4 0 4 0 4 3 4 4 3 2 2 3 0 3 1 4 4 0 2 2 1 1 2 1 1
   2 4 2 3 4 3 2 0 4 3 4 1 4 4 2 3]
  [0 4 3 0 1 2 4 0 2 4 4 4 3 1 2 0 0 1 3 4 2 2 0 0 0 1 0 3 0 0 1 2 3 1 2
   2 3 4 4 2 4 4 4 0 3 3 1 4 1 0 2 4 1 0 3 4 3 2 4 3 1 3 0 2 2 4 3 2 3 0
   4 3 2 0 2 2 3 4 1 1 1 3 3 0 4 1 0 4 3 2 0 3 0 1 4 1 1 1 1 0 0 2 0 0 0
   0 1 2 4 4 1 2 2 2 0 1 4 2 2 4 2]
  [0 3 3 2 2 2 4 3 0 2 1 4 0 2 2 3 3 0 2 4 2 0 3 2 0 0 2 0 0 2 1 0 3 0 1
   3 3 3 3 1 2 3 4 1 2 2 2 3 1 4 3 3 4 0 4 1 0 4 4 3 2 3 1 3 3 2 4 0 2 1
   3 2 1 1 1 0 3 1 2 4 4 3 2 4 1 4 3 0 1 0 0 4 0 2 3 1 2 0 4 4 4 3 3 1 2
   0 2 1 2 1 1 1 0 1 2 1 2 3 1 1 2]
  [0 2 1 1 4 0 3 0 1 2 0 1 0 1 0 4 4 4 2 4 1 4 4 2 1 0 4 2 4 0 4 2 1 1 1
   1 2 4 0 4 0 1 2 1 1 1 0 1 2 3 4 4 4 0 4 1 3 1 3 0 2 2 0 1 0 0 1 4 4 3
   0 1 0 4 4 1 2 1 0 4 0 1 0 0 3 1 4 2 4 2 4 1 2 3 3 2 2 4 1 1 3 2 3 1 1
   2 3 3 4 1 2 2 2 0 0 0 1 4 2 4 2]
  [0 1 0 4 4 0 3 2 1 2 0 2 3 3 1 1 2 2 4 3 1 4 2 2 0 2 0 1 1 3 4 0 4 0 1
   1 1 3 1 4 0 2 2 0 3 2 3 3 1 1 2 2 3 1 2 3 0 2 0 3 4 3 2 4 3 1 1 2 2 0
   3 2 3 1 3 3 4 2 4 2 2 0 1 1 4 3 1 0 2 2 0 2 4 2 1 2 3 0 0 2 4 2 3 0 2
   3 0 0 4 3 0 4 3 3 2 2 4 2 4 4 1]
  [0 4 2 4 3 3 1 1 3 1 3 3 2 0 3 4 0 3 2 4 1 2 3 3 0 0 3 0 3 4 2 1 2 4 2
   4 4 2 1 2 2 3 2 4 3 3 1 3 0 2 4 3 1 4 4 1 2 0 1 0 1 1 1 2 4 2 4 4 2 3
   4 2 0 1 1 3 0 3 1 2 1 1 2 3 3 4 0 2 2 3 4 2 4 4 4 3 0 0 0 2 4 2 3 0 4
   1 1 4 1 2 3 4 1 4 1 3 1 0 1 2 1]
  [0 0 0 1 3 4 0 0 2 0 4 1 2 4 0 0 4 0 4 2 3 3 3 1 2 4 1 0 0 0 0 0 1 0 1
   3 2 3 1 3 2 4 1 1 0 1 2 1 2 1 2 1 4 3 2 2 1 0 0 1 0 4 3 1 2 0 1 1 4 2
   1 0 4 0 4 1 1 4 0 2 0 0 2 1 4 2 1 2 0 4 3 2 2 1 1 3 2 2 0 1 3 0 3 4 3
   2 3 0 3 1 0 1 1 1 4 4 0 1 3 4 4]
  [0 3 3 0 2 2 1 1 1 1 4 3 1 1 1 0 1 3 4 2 0 2 0 3 2 2 4 1 4 0 3 4 3 1 4
   2 3 3 1 0 0 4 1 2 0 4 3 0 2 1 2 4 3 4 4 4 3 0 1 4 1 4 3 3 3 2 4 1 1 0
   1 3 3 3 3 4 0 0 0 1 3 1 2 1 1 3 3 2 1 0 3 3 1 2 2 4 2 3 2 0 2 2 1 0 2
   4 2 1 1 1 0 4 4 4 1 0 4 1 1 0 3]
  [0 4 3 1 2 0 3 2 2 0 4 2 4 2 0 4 2 4 2 2 4 4 3 1 2 2 1 1 4 3 0 1 3 1 0
   2 1 4 2 2 4 1 1 0 2 2 3 1 1 2 4 0 0 2 0 3 4 0 1 4 2 0 3 0 4 4 0 1 0 3
   2 2 1 0 3 1 1 4 4 0 0 1 2 2 0 1 0 4 4 0 4 4 0 1 2 2 2 4 2 1 0 1 2 1 3
   2 4 2 4 1 3 1 2 4 0 4 1 0 2 3 3]
  [0 4 1 2 1 0 0 1 1 2 4 2 1 1 1 0 0 1 4 0 0 2 4 4 3 0 1 2 2 4 4 0 4 3 1
   4 4 3 4 1 1 3 1 4 0 4 2 4 4 1 0 0 4 0 3 2 2 0 3 1 1 3 2 4 2 4 0 3 4 4
   3 3 1 2 3 1 0 1 4 2 4 0 0 4 1 3 4 2 1 3 1 2 2 2 2 2 4 2 0 1 1 1 1 3 2
   2 0 4 4 3 1 4 2 3 2 4 2 1 1 1 1]
  [0 3 1 0 1 4 2 0 4 4 0 3 3 1 3 2 1 1 3 1 1 3 0 2 4 1 2 0 1 4 2 4 0 4 0
   2 2 1 0 0 1 1 1 4 3 1 3 3 1 3 4 3 2 3 3 2 4 3 0 3 3 3 3 3 2 2 2 3 1 0
   4 3 4 0 1 1 3 3 2 3 4 2 2 1 3 1 2 2 3 4 2 0 2 1 0 3 0 4 3 4 0 0 1 0 2
   3 2 4 2 3 3 0 3 1 1 3 0 1 0 0 3]
  [0 4 4 2 1 4 4 1 3 3 3 3 0 1 4 0 4 1 3 1 2 3 0 3 1 4 4 3 1 3 3 0 4 0 4
   1 0 2 0 3 3 0 3 0 1 1 1 2 2 3 2 0 1 3 0 4 3 4 1 3 3 4 2 0 3 0 4 2 0 0
   1 4 1 3 3 2 2 2 3 4 3 3 2 3 4 3 3 3 1 1 2 4 1 4 0 2 0 1 3 2 0 1 0 0 4
   4 4 0 0 1 4 2 1 0 2 1 2 4 0 1 2]
  [0 2 2 1 2 1 2 1 0 0 3 4 0 0 3 4 2 0 1 0 0 4 2 2 0 0 0 2 1 0 3 0 2 4 0
   3 3 0 1 4 3 3 4 1 4 4 0 2 0 0 2 4 4 1 0 3 0 2 0 1 2 1 3 2 3 3 1 2 1 0
   0 2 3 4 3 0 2 2 2 2 1 4 2 3 3 1 0 4 4 3 2 4 3 3 2 3 4 0 4 0 4 0 1 3 4
   2 4 2 1 3 1 0 4 4 2 4 3 1 2 1 2]
  [0 2 1 3 4 4 1 2 0 2 2 3 3 3 4 0 3 4 3 3 4 3 2 4 0 3 2 2 1 4 2 1 4 3 3
   0 4 1 2 2 2 3 0 4 1 2 1 2 3 4 4 4 2 4 0 3 2 2 0 1 1 0 3 3 2 1 1 1 1 3
   1 3 4 2 3 1 1 1 4 3 3 0 3 1 3 1 2 2 2 2 2 3 3 4 1 0 3 2 2 4 1 0 1 3 3
   3 1 4 0 3 3 3 4 0 4 2 0 4 0 3 4]
  [0 0 4 0 2 4 1 1 0 4 4 3 0 3 1 3 3 0 0 3 0 3 3 0 2 2 4 0 4 4 1 1 4 2 1
   0 0 3 2 2 1 4 4 4 2 3 3 0 4 4 4 3 1 0 0 2 1 0 0 4 4 3 4 0 0 4 0 2 1 4
   4 3 3 3 2 3 3 3 1 1 2 1 0 4 0 4 3 2 3 1 2 3 3 1 0 2 2 0 4 1 4 4 4 0 3
   4 3 0 1 4 2 1 1 3 2 3 3 1 3 4 4]
  [0 1 0 0 2 4 1 1 2 3 1 1 1 1 3 1 0 4 3 1 2 3 1 3 2 2 1 0 0 4 4 0 1 3 2
   1 1 0 2 1 4 4 2 1 0 0 2 0 4 0 1 4 4 2 0 3 2 4 1 1 2 1 0 4 4 1 1 4 3 2
   0 4 0 2 3 4 1 3 3 2 3 2 4 2 3 0 1 1 1 3 4 3 2 1 3 0 4 2 2 1 3 4 0 1 2
   1 0 1 0 2 4 1 0 2 3 1 0 2 0 4 4]
  [0 2 2 0 2 2 2 0 4 1 1 3 4 2 3 2 0 1 4 0 4 2 4 3 4 0 1 2 1 0 0 1 0 3 3
   1 1 4 0 2 4 2 0 1 1 2 0 0 2 4 3 3 2 2 4 3 2 2 0 1 4 3 0 3 4 0 2 4 2 1
   1 4 1 4 4 3 4 0 1 2 4 2 0 4 3 2 1 4 0 2 2 3 3 2 4 2 1 1 0 3 4 0 4 1 0
   4 2 0 4 1 0 1 2 4 2 0 1 2 4 4 3]
  [0 0 2 4 0 4 0 2 2 4 3 0 1 2 1 1 4 0 0 1 2 0 1 0 2 3 4 3 0 3 0 2 0 1 2
   4 3 4 2 0 1 1 2 3 1 4 4 0 2 2 4 4 1 2 2 3 1 0 2 1 3 3 4 4 1 1 2 0 1 3
   0 3 1 0 1 1 1 0 3 2 0 1 3 2 4 2 3 0 0 2 4 4 1 0 0 2 4 3 1 1 0 2 0 2 3
   3 1 3 0 0 3 3 4 4 3 4 2 2 3 0 1]
  [0 4 0 4 4 4 2 0 0 0 3 4 1 3 0 3 0 2 4 0 2 3 4 2 4 1 1 3 4 3 0 0 2 1 4
   4 0 3 3 2 0 4 3 3 3 4 0 0 1 3 2 0 4 3 2 3 1 1 0 1 2 1 1 4 3 3 3 1 0 2
   0 2 1 1 4 2 2 1 2 1 1 2 4 2 3 4 2 3 1 4 4 3 1 4 0 0 2 3 0 1 0 1 1 0 2
   1 0 3 3 3 1 0 4 3 4 2 3 1 2 0 4]
  [0 0 3 0 0 2 0 4 3 1 4 0 3 0 1 4 3 4 3 3 3 4 3 4 1 1 2 0 4 4 1 2 2 2 4
   0 2 1 3 3 4 0 3 0 4 1 3 2 4 2 2 2 4 3 2 0 2 2 4 3 2 2 2 4 0 1 1 3 4 1
   3 2 3 3 2 3 1 3 0 4 3 3 0 0 4 1 2 0 0 1 4 4 3 2 0 2 3 4 2 3 1 1 1 3 3
   3 2 4 1 4 2 4 1 0 3 4 0 1 2 2 3]
  [0 1 3 3 0 1 4 1 1 2 0 3 2 3 0 4 3 4 0 1 0 0 0 4 3 4 3 0 0 0 3 1 2 0 4
   0 1 0 1 1 1 3 0 2 4 0 2 2 1 2 4 2 3 0 1 2 3 0 0 2 4 3 0 3 0 1 3 2 1 0
   0 1 1 3 3 3 0 4 2 1 1 2 4 2 3 0 2 4 3 2 1 2 3 1 2 1 2 4 3 0 3 0 1 1 1
   0 3 4 1 0 1 1 0 3 4 0 3 0 3 2 3]
  [0 3 4 4 0 4 4 1 4 4 4 3 2 4 3 1 0 2 4 3 1 3 0 4 2 3 0 0 0 1 0 4 2 4 0
   3 2 1 0 0 3 4 4 0 3 4 3 3 4 1 2 0 1 4 2 1 0 0 0 4 2 2 1 4 1 1 3 3 4 2
   3 4 0 1 3 0 3 4 1 3 3 0 4 3 3 1 0 0 2 1 3 4 3 3 1 4 3 1 2 4 1 1 0 3 3
   3 3 0 2 4 1 0 2 3 0 2 3 0 0 2 1]
  [0 0 3 3 4 1 2 0 3 4 0 1 1 4 3 2 1 2 0 4 4 4 4 4 1 0 0 1 3 4 3 4 4 1 0
   3 3 1 1 2 1 3 4 3 0 0 3 3 1 2 3 3 1 4 1 3 3 4 1 2 2 3 4 2 0 4 2 1 4 2
   1 0 3 0 0 1 2 1 4 2 2 4 0 4 3 1 3 3 1 3 1 3 2 1 4 4 4 0 2 1 2 4 3 0 1
   4 0 0 1 0 4 0 2 2 1 3 1 0 2 3 3]
  [0 1 4 0 4 4 1 4 3 2 0 4 0 1 3 1 4 0 2 4 0 3 3 3 0 2 0 2 4 1 3 2 3 3 3
   0 4 1 4 0 0 2 2 3 0 0 4 2 1 4 4 2 3 2 3 3 0 0 0 1 0 1 3 1 1 2 3 1 0 3
   1 0 4 1 3 2 0 0 1 0 2 2 3 0 0 0 4 1 3 3 0 4 4 4 2 0 4 3 1 4 0 3 1 0 4
   4 1 3 1 4 0 3 0 2 1 3 0 0 3 3 0]
  [0 3 0 0 0 2 3 1 1 4 0 0 2 3 2 1 0 1 0 2 2 1 3 3 2 2 0 4 2 3 2 1 2 3 4
   3 1 2 1 3 2 4 4 1 4 4 0 1 1 1 1 3 3 2 4 2 0 4 4 3 1 2 3 0 1 1 1 1 1 4
   4 0 4 1 3 0 4 0 4 0 2 2 3 3 2 4 3 0 1 4 3 3 2 1 4 4 3 2 3 4 0 1 3 3 2
   4 0 3 4 2 3 3 1 0 2 2 2 1 1 2 3]
  [0 2 1 0 0 4 0 1 0 0 2 3 0 1 0 0 1 4 2 1 4 2 4 2 4 1 3 4 2 3 4 4 4 2 0
   0 2 1 3 2 1 1 3 3 0 4 0 0 4 4 0 1 0 3 2 0 0 2 2 0 0 0 1 4 1 3 2 2 1 1
   1 0 4 2 2 0 2 1 0 2 3 3 2 2 0 3 4 0 3 3 4 3 2 2 1 1 0 3 2 1 2 3 3 0 4
   3 0 2 3 2 1 0 2 4 1 0 3 0 3 0 2]
  [0 1 0 1 3 0 0 2 2 1 2 0 0 2 2 2 0 2 4 2 1 1 4 4 1 0 2 3 0 3 0 4 0 1 1
   1 1 2 2 2 2 0 0 3 0 2 1 3 0 3 0 2 2 1 4 2 2 2 3 4 4 4 3 2 3 1 3 0 2 1
   1 0 2 3 1 3 3 0 1 4 1 1 1 0 0 1 2 3 0 1 2 2 4 3 4 3 1 3 3 0 3 1 0 4 1
   3 3 0 0 3 2 3 1 3 1 0 2 2 4 3 2]
  [0 0 1 1 2 0 1 2 1 3 0 2 2 0 2 4 3 4 1 0 4 3 4 3 1 2 1 4 1 1 0 3 0 2 0
   2 3 3 3 1 2 3 2 1 3 4 0 2 1 0 4 1 2 0 2 3 3 0 2 0 2 3 1 0 4 0 0 1 1 0
   1 4 0 4 1 4 3 1 1 2 3 2 0 3 1 2 3 1 2 1 4 1 0 1 0 3 3 4 3 4 1 2 1 3 2
   3 0 0 3 3 3 3 4 4 0 3 0 4 3 2 3]
  [0 0 0 3 4 4 3 1 4 4 1 4 1 4 2 4 3 1 2 0 1 2 1 4 2 2 3 4 2 3 1 0 3 4 3
   2 3 0 0 1 0 1 1 3 0 4 0 3 4 2 0 2 2 4 1 1 1 1 4 2 2 3 0 2 2 4 3 0 4 3
   0 0 3 1 1 3 1 4 3 1 1 2 1 4 2 4 1 1 1 2 1 1 1 0 4 3 0 3 4 4 0 2 4 0 0
   4 3 4 1 0 2 3 1 1 4 0 4 4 0 2 4]
  [0 4 4 3 1 2 1 4 3 1 4 4 1 2 2 2 2 3 1 4 4 1 0 2 2 2 0 3 0 4 0 2 4 0 3
   1 0 1 3 0 1 0 1 3 3 3 3 4 2 3 0 0 1 3 0 1 0 3 3 0 4 2 4 2 2 2 3 2 1 2
   2 0 0 0 4 0 0 2 1 0 1 2 3 4 2 2 3 4 0 1 3 0 0 2 3 4 3 3 1 4 1 3 4 2 0
   1 4 3 0 2 0 2 4 3 4 3 3 2 1 2 0]
  [0 4 3 1 2 1 3 0 3 0 3 3 4 0 0 3 3 2 1 0 3 0 3 3 2 0 4 3 1 4 0 4 2 3 4
   1 1 4 2 4 0 0 0 2 2 2 4 1 0 0 2 2 0 3 0 3 4 3 0 2 4 0 2 2 2 2 4 2 3 1
   0 2 2 2 3 2 4 1 1 0 3 2 2 3 2 2 3 2 4 4 0 3 3 2 3 3 3 1 1 2 4 2 2 0 3
   3 2 3 1 4 1 3 4 1 4 1 2 3 1 2 4]
  [0 3 4 4 0 4 0 4 2 3 0 2 2 4 3 3 2 2 4 4 0 2 3 3 2 1 0 1 0 3 4 2 0 3 4
   2 0 2 4 2 0 1 4 1 0 2 4 4 3 3 4 1 4 0 4 0 1 3 2 1 3 0 2 0 4 4 2 4 3 4
   3 4 1 2 0 0 4 4 1 1 0 4 4 3 4 0 3 1 4 4 3 3 3 0 2 1 2 3 3 0 1 0 4 4 0
   2 2 0 4 0 2 0 0 4 2 1 4 4 4 1 4]
  [0 2 4 4 0 2 4 1 4 3 2 3 0 0 0 4 4 2 2 3 2 1 4 1 3 1 2 2 4 3 0 4 1 0 3
   2 2 2 4 4 0 2 0 1 2 4 2 1 2 0 1 2 0 4 0 1 1 0 3 0 0 3 4 1 4 0 1 1 2 1
   0 3 1 4 1 2 2 2 0 0 3 3 1 2 2 0 0 4 4 1 1 4 3 4 0 4 2 2 3 4 3 1 0 1 0
   2 2 4 2 4 0 3 3 3 1 2 2 2 0 2 3]
  [0 0 1 4 0 0 4 4 2 1 0 3 4 4 0 2 4 0 0 0 2 0 3 0 4 2 0 3 2 4 4 1 2 1 4
   0 4 4 1 2 2 1 0 0 4 1 3 1 0 2 0 2 4 3 1 0 1 4 0 1 4 2 0 4 0 4 2 3 4 3
   2 4 2 1 4 3 4 1 2 4 3 4 0 3 1 0 0 3 1 4 0 3 1 0 1 2 1 1 2 1 1 1 4 2 4
   3 1 2 1 2 0 4 4 0 4 0 4 0 1 2 1]
  [0 4 1 3 1 3 1 3 0 3 0 1 2 3 1 3 0 3 0 3 2 4 2 1 0 0 4 2 1 4 3 0 2 2 3
   2 1 0 0 4 4 3 2 4 4 3 0 2 4 2 2 2 1 1 1 2 0 4 0 3 0 1 2 1 4 1 2 2 1 0
   1 3 4 3 1 3 0 4 4 1 4 3 4 2 1 1 3 2 0 3 1 4 0 3 3 3 2 1 4 0 1 4 1 2 2
   4 1 3 3 2 4 3 2 2 0 1 1 4 0 4 3]
  [0 1 0 0 2 1 1 0 4 4 4 0 3 1 1 4 4 0 0 4 1 1 1 2 4 3 1 1 1 4 1 4 4 2 2
   4 3 3 3 0 2 2 1 2 3 3 4 3 0 2 0 2 2 1 4 2 4 0 0 1 1 1 1 3 0 0 1 2 3 3
   2 4 2 1 0 1 1 4 2 3 1 1 2 1 1 4 1 3 1 2 4 1 1 1 2 4 3 4 1 1 0 4 3 4 2
   2 4 3 2 1 0 2 2 2 4 2 3 0 2 1 0]
  [0 0 0 2 1 4 3 1 0 3 0 1 1 3 1 2 4 3 0 2 4 2 0 1 2 4 2 3 3 4 1 2 2 0 1
   2 4 1 0 3 3 0 0 2 3 0 3 0 1 4 1 1 0 1 4 3 3 3 0 2 0 1 3 0 4 2 2 3 0 2
   2 3 1 1 3 4 3 2 1 3 2 0 3 0 1 4 1 4 0 4 2 4 0 3 2 0 4 1 4 4 0 3 4 4 0
   3 0 3 3 2 0 1 1 0 4 2 4 4 0 2 2]
  [0 0 4 2 3 0 0 1 2 0 4 0 1 2 0 3 3 4 1 2 3 3 1 1 1 4 0 0 0 4 2 0 1 2 4
   2 1 3 2 2 2 1 1 3 2 1 3 2 1 2 4 4 2 1 0 2 0 1 2 0 0 1 4 4 1 0 3 2 3 1
   2 4 0 0 1 2 2 2 0 1 2 2 0 3 4 0 2 0 3 0 3 3 1 1 4 4 1 4 0 3 0 0 4 0 4
   3 2 4 1 3 4 1 1 0 3 2 0 3 3 0 4]
  [0 2 0 3 4 4 1 1 0 0 4 3 4 0 4 1 0 3 3 2 4 4 1 3 0 4 4 0 0 0 0 4 3 1 2
   0 3 1 3 2 2 4 4 4 2 1 2 0 2 3 0 2 4 2 2 0 3 0 0 1 0 0 0 0 0 4 0 4 2 1
   3 3 4 4 0 1 2 2 2 0 4 2 2 4 1 3 4 2 3 2 2 3 4 4 4 0 2 3 4 0 2 2 1 4 2
   0 3 0 3 1 3 1 0 2 1 4 2 4 0 3 2]
  [0 1 3 1 2 1 3 0 1 0 2 1 0 2 1 0 0 0 4 0 2 4 3 2 0 0 2 3 1 3 0 0 4 1 1
   1 2 0 1 1 1 2 4 3 4 0 0 1 3 3 0 0 3 2 2 1 3 3 1 1 1 0 4 1 0 0 2 1 2 3
   1 2 1 2 3 3 1 4 3 0 1 1 2 1 0 3 0 0 2 1 1 4 3 0 0 3 3 2 1 2 1 2 3 3 4
   2 2 4 2 4 4 0 3 3 3 2 0 4 2 0 1]
  [0 1 2 4 2 1 1 2 3 2 0 2 4 3 1 0 1 4 2 2 1 4 2 1 3 3 0 3 1 2 0 0 3 1 4
   0 4 1 4 4 4 1 1 4 1 4 0 1 4 0 3 0 0 4 4 2 0 2 0 0 3 4 0 4 4 1 2 4 4 2
   2 2 2 4 3 1 3 1 0 2 4 3 0 1 2 3 2 0 0 4 0 3 2 2 1 4 0 3 2 1 0 4 4 3 1
   4 0 3 2 1 3 4 1 3 0 0 0 1 1 3 4]
  [0 1 1 4 4 0 4 2 1 4 4 2 0 0 2 0 3 0 4 0 2 3 3 3 0 4 0 3 4 4 3 0 3 2 3
   0 0 4 1 2 0 2 1 0 1 3 3 3 1 2 1 1 1 1 0 4 3 3 1 1 1 2 3 0 2 0 2 0 2 0
   0 0 4 4 3 1 3 4 0 1 0 2 4 4 1 4 3 0 4 1 0 0 0 0 1 1 1 0 4 3 4 1 2 1 2
   4 1 0 0 3 2 3 2 3 4 2 2 4 0 4 0]
  [0 0 0 2 0 4 4 3 1 1 2 4 1 2 4 4 3 0 3 3 3 3 3 0 1 0 0 4 1 3 3 1 4 1 4
   0 4 1 4 2 4 0 4 4 4 3 4 2 2 0 4 4 2 2 1 4 4 4 4 0 2 4 3 3 0 1 4 0 4 3
   0 2 1 3 4 4 1 4 3 4 0 1 0 0 1 3 2 1 4 0 3 3 3 1 4 4 3 2 2 4 1 2 3 4 4
   2 2 4 4 1 3 3 3 0 2 0 0 3 1 4 4]
  [0 0 1 3 1 2 0 4 2 4 3 3 3 4 1 1 1 2 2 4 1 0 3 3 0 4 4 0 0 0 2 3 1 4 2
   2 4 1 4 1 1 0 0 2 0 4 2 4 4 3 1 3 4 4 2 4 3 3 0 3 4 4 2 1 2 0 0 3 0 1
   4 2 1 0 1 1 0 4 3 0 4 1 2 3 1 0 2 0 4 1 2 4 4 3 4 4 4 3 0 2 2 3 1 0 2
   3 3 1 2 4 2 2 3 0 0 1 1 1 2 4 4]
  [0 3 0 1 3 4 4 2 1 4 1 2 2 3 4 2 0 4 0 4 0 2 4 3 1 1 4 3 3 4 4 3 3 1 4
   2 0 3 0 2 2 4 4 2 1 2 4 1 0 4 2 1 3 0 4 2 3 2 2 3 4 1 1 1 4 1 0 3 1 1
   4 3 4 1 1 1 1 3 2 2 2 3 4 3 2 3 2 0 4 2 3 3 0 1 1 2 0 0 1 1 3 0 1 2 3
   0 1 1 2 4 2 2 2 4 3 4 3 4 0 2 0]
  [0 1 0 1 3 3 0 2 1 1 1 2 2 0 4 0 0 1 2 2 0 3 0 1 2 0 1 4 2 2 0 2 4 4 3
   4 4 4 2 0 1 2 2 4 1 4 4 3 2 0 0 3 0 2 2 0 2 0 0 0 0 0 1 4 4 3 0 0 3 1
   3 2 3 2 3 1 2 2 4 1 4 1 4 4 4 3 2 2 1 4 4 4 3 3 0 0 2 3 0 0 2 3 3 1 0
   3 3 3 0 0 4 4 4 4 2 2 3 4 3 2 3]
  [0 0 0 3 2 1 0 4 3 2 3 1 0 0 4 4 0 2 2 3 1 4 2 1 0 2 4 4 4 1 2 2 3 3 1
   1 2 1 1 1 1 4 4 3 2 1 0 0 0 4 1 3 0 0 0 2 2 1 2 4 4 1 1 2 2 4 0 1 0 2
   3 3 4 3 0 2 4 0 0 3 1 3 0 2 1 2 0 1 4 0 1 3 1 0 2 3 3 3 2 1 2 1 1 4 2
   1 0 3 0 1 1 0 3 3 3 0 1 0 1 1 1]
  [0 2 1 1 2 1 1 1 1 0 2 4 1 2 4 0 3 4 0 0 2 1 2 2 2 0 4 0 2 2 2 0 1 4 4
   0 2 4 4 2 0 1 2 4 4 1 0 0 1 1 2 3 4 4 2 1 1 3 1 2 2 2 2 4 4 4 4 4 2 0
   4 4 1 4 0 4 2 1 0 1 3 0 1 3 3 2 1 3 1 2 4 4 3 1 3 4 2 0 0 3 1 2 3 3 4
   2 4 2 1 0 4 2 0 3 0 1 4 0 2 3 4]
  [0 1 4 0 0 0 2 3 3 0 0 2 4 1 0 4 2 4 0 2 2 3 4 4 2 1 3 3 3 4 4 1 2 0 2
   3 2 0 2 4 2 1 2 2 0 0 0 0 1 0 3 3 1 2 0 2 0 4 4 3 1 3 0 4 3 2 0 4 2 2
   0 1 3 0 2 2 2 3 1 3 1 4 2 4 2 2 3 2 4 0 3 2 0 0 3 2 3 3 0 1 0 2 1 0 1
   3 3 0 2 3 4 3 1 2 1 4 0 0 0 2 2]
  [0 4 3 1 2 1 3 3 2 3 1 1 2 0 0 4 4 1 4 0 2 3 0 1 0 0 4 0 1 4 0 3 2 4 1
   3 2 0 4 0 1 2 2 2 0 1 3 3 0 1 0 4 0 0 4 1 1 2 4 3 3 1 2 1 0 1 3 0 1 4
   2 0 4 1 4 3 1 4 1 1 2 1 2 2 2 3 4 2 3 4 0 3 0 3 2 0 3 4 2 4 0 3 3 0 2
   2 4 0 0 2 0 4 3 1 3 1 2 0 3 2 1]
  [0 4 2 2 2 3 0 1 3 2 1 2 4 3 4 4 1 1 4 2 2 4 2 1 3 4 1 0 0 0 3 1 4 4 2
   2 4 2 1 2 1 0 0 0 1 4 2 2 2 4 4 2 2 1 4 3 1 0 2 2 1 1 2 2 2 1 1 1 1 1
   1 3 0 2 0 3 4 0 1 1 3 1 4 2 4 4 0 1 0 3 2 3 2 3 4 0 1 1 2 2 4 3 3 1 2
   2 3 1 0 4 2 4 2 0 1 2 3 2 2 0 4]
  [0 2 1 0 3 3 1 4 4 0 4 1 0 3 1 3 2 3 4 4 2 0 0 4 4 2 2 4 2 0 0 1 1 0 1
   2 0 3 3 0 1 2 1 2 4 0 4 3 2 4 4 0 1 0 4 0 4 0 4 3 3 2 2 2 4 4 3 4 4 3
   4 0 4 0 0 4 0 4 2 0 3 2 3 2 0 0 1 3 3 1 1 2 4 4 2 2 1 2 1 2 1 1 2 0 4
   0 1 4 0 2 1 0 0 1 3 1 0 3 4 3 4]
  [0 4 3 0 4 3 1 4 2 0 1 0 0 4 2 2 4 0 3 0 3 4 2 0 2 0 0 1 4 2 4 0 3 1 3
   0 4 1 2 2 4 3 0 0 2 3 1 1 1 4 4 2 3 3 2 3 1 0 2 0 3 4 4 2 2 4 1 1 4 0
   1 2 2 3 0 2 0 3 4 4 2 0 4 2 0 3 4 2 3 2 1 0 4 4 0 2 3 4 0 2 2 3 0 2 2
   3 3 3 3 2 4 1 2 2 0 2 1 2 0 2 4]
  [0 0 3 0 1 4 0 2 2 2 3 2 2 2 0 2 2 2 1 1 0 3 0 1 3 1 3 4 2 3 3 3 4 1 1
   4 1 1 4 4 4 4 3 0 3 3 1 2 1 3 2 4 4 3 2 2 3 4 4 4 0 4 4 4 4 3 4 2 2 3
   4 0 2 1 0 0 4 0 1 0 4 4 2 3 0 1 3 2 1 0 4 3 1 1 1 0 0 4 3 0 2 4 3 2 1
   3 2 2 0 0 2 4 3 0 1 2 3 4 2 0 3]
  [0 0 0 1 4 2 2 3 4 3 2 0 1 3 0 0 2 3 4 3 1 4 1 2 1 3 0 2 3 2 2 0 4 1 1
   1 1 3 2 1 1 2 0 2 0 4 3 4 3 3 0 0 4 0 1 3 4 0 0 4 4 2 3 1 0 0 2 3 3 3
   4 2 0 3 0 2 0 1 4 4 1 4 3 2 2 4 2 0 0 1 4 0 4 3 4 0 0 4 4 1 3 2 3 4 2
   0 1 4 4 0 4 2 0 4 2 2 4 4 1 0 2]
  [0 1 0 4 0 4 2 0 2 3 0 4 1 4 3 3 0 0 0 2 3 4 2 1 3 0 4 4 0 1 3 2 0 3 3
   1 2 0 0 3 1 1 0 2 0 3 4 0 4 2 0 1 0 2 0 3 3 3 3 4 1 1 2 0 2 0 2 3 1 0
   3 2 3 3 2 3 0 0 1 0 1 2 4 1 1 4 1 4 2 1 3 1 3 4 2 3 4 2 2 4 1 1 3 2 0
   0 3 0 1 3 0 3 0 1 1 2 1 3 0 4 4]
  [0 4 2 3 2 4 0 2 0 4 4 2 0 1 2 0 4 3 4 4 2 4 1 3 2 2 3 3 3 1 2 1 4 2 1
   2 4 3 1 3 2 3 4 4 2 2 3 0 1 0 2 3 3 1 4 0 4 2 3 3 4 0 2 2 3 0 0 0 3 4
   2 1 3 3 4 1 2 4 0 4 4 0 2 0 2 0 1 3 3 2 2 2 1 3 0 3 0 1 3 4 4 2 3 3 2
   2 1 3 2 1 4 1 3 3 4 0 3 3 2 2 2]
  [0 1 4 4 2 1 1 0 2 4 2 4 2 4 3 4 1 3 4 3 2 3 3 4 1 4 0 3 2 3 2 1 0 3 3
   3 4 0 3 0 4 2 4 0 2 0 2 4 4 0 3 0 1 1 0 2 2 2 3 0 2 2 1 1 0 2 2 3 0 4
   3 4 4 1 3 2 3 1 4 0 2 2 0 0 1 4 4 2 1 4 4 4 2 2 1 4 1 2 4 3 0 2 0 3 4
   1 2 0 0 3 0 1 0 1 0 4 4 0 4 1 3]
  [0 1 0 0 4 1 4 4 2 0 3 1 0 2 2 1 1 0 3 1 1 4 2 0 4 1 1 3 1 2 0 1 4 2 0
   2 1 3 1 0 4 3 0 3 4 3 1 4 0 0 2 4 2 0 1 3 1 2 3 1 4 0 1 3 0 2 2 1 3 0
   0 3 3 3 3 1 4 0 0 1 0 1 3 4 0 2 2 1 3 0 4 2 4 3 0 0 3 2 2 1 4 2 1 4 0
   4 2 0 3 4 3 1 2 1 1 0 2 0 4 2 2]
  [0 2 4 2 2 4 3 4 3 0 3 0 2 0 3 4 1 1 2 1 2 1 1 2 2 1 0 4 0 2 4 1 2 0 3
   0 3 1 2 3 0 0 4 1 0 2 1 3 0 0 1 0 0 2 4 2 1 1 1 0 4 4 3 0 4 4 1 4 0 2
   4 2 3 3 4 4 0 2 1 2 2 0 1 0 4 3 1 1 1 3 3 3 0 3 4 1 2 4 3 1 2 2 1 1 3
   1 3 0 1 3 1 1 1 1 2 1 1 0 3 0 2]
  [0 0 2 0 1 1 3 1 3 1 4 2 4 3 1 4 1 2 4 2 4 3 4 0 3 2 1 3 4 2 2 2 3 4 4
   4 3 0 4 3 0 1 2 1 1 0 4 4 3 1 3 1 4 0 2 1 2 2 0 3 0 1 4 4 3 4 4 0 2 1
   0 0 4 0 2 1 2 0 4 4 3 0 0 0 3 3 0 4 0 1 2 4 4 0 4 1 1 1 4 0 1 0 2 1 0
   3 4 4 3 2 1 0 1 4 1 2 4 1 2 1 3]
  [0 3 0 4 2 4 1 4 3 0 4 3 1 4 1 4 4 3 4 1 4 3 4 3 0 2 2 2 3 4 3 1 1 3 3
   2 1 3 0 2 2 4 2 2 2 3 4 2 0 4 4 3 4 1 4 3 2 1 0 4 0 1 3 2 3 0 2 1 4 0
   0 0 1 3 3 2 4 2 2 0 1 1 0 0 3 4 1 3 2 1 4 2 3 2 0 0 3 0 1 4 0 2 0 0 3
   0 2 4 2 2 4 4 0 4 1 4 3 2 0 1 4]
  [0 1 2 3 1 0 2 0 4 2 3 0 3 4 1 3 1 2 0 1 2 2 1 1 0 2 1 0 3 0 4 1 3 1 2
   3 4 2 1 2 1 2 4 4 4 1 3 1 4 2 2 1 0 2 4 2 3 3 0 1 1 0 0 2 2 1 3 2 0 0
   3 4 3 1 0 2 1 4 3 3 1 4 4 3 0 4 4 2 4 1 4 4 2 4 0 1 1 1 0 1 1 0 4 4 2
   3 1 0 0 2 1 3 1 3 1 3 2 4 0 1 0]
  [0 4 3 4 4 2 3 2 1 3 1 3 4 2 1 1 1 0 0 3 2 4 3 2 2 0 4 1 3 0 2 0 0 4 1
   3 2 3 0 2 1 0 2 1 4 4 4 1 1 0 1 3 2 0 1 4 3 1 2 1 0 0 3 3 4 1 0 2 2 4
   0 3 0 2 0 1 0 2 0 1 4 1 1 4 4 0 4 3 4 1 0 2 4 2 0 0 0 1 4 0 1 2 2 4 1
   2 3 4 4 0 4 0 2 0 3 2 4 1 2 1 1]
  [0 4 0 2 3 1 2 2 0 1 3 3 3 1 0 1 3 1 3 0 0 3 0 4 3 1 1 3 0 0 4 3 3 2 4
   3 3 1 1 4 3 1 2 2 2 1 1 0 4 0 4 1 3 1 3 2 0 2 4 3 0 2 1 1 4 3 1 2 3 1
   1 2 4 4 2 3 2 4 2 3 0 0 0 0 0 2 0 2 1 2 0 2 2 0 2 3 1 2 3 2 2 4 1 0 1
   2 2 2 0 3 0 1 3 4 0 0 2 3 0 2 0]
  [0 1 2 0 3 4 4 2 0 4 3 0 0 4 3 4 3 1 4 4 0 2 1 1 4 2 2 2 2 0 3 2 1 1 4
   1 0 4 2 3 4 3 0 0 2 3 2 1 0 0 4 2 1 4 4 4 0 3 4 3 3 4 0 3 2 2 4 1 1 2
   2 4 0 0 3 1 2 0 3 4 3 2 0 2 2 2 3 0 4 0 4 0 3 3 1 1 3 1 3 4 3 2 2 0 2
   1 0 0 4 0 2 1 1 4 1 0 4 3 3 2 1]
  [0 2 1 4 2 1 1 4 1 0 4 3 1 4 4 3 4 0 1 0 3 1 1 4 2 1 1 1 4 0 0 4 3 0 2
   4 0 3 1 1 1 0 3 2 4 0 2 3 0 4 0 3 3 2 2 0 3 3 3 0 3 2 2 3 2 0 4 1 1 0
   3 2 0 4 1 1 0 1 1 3 4 0 3 2 4 2 4 0 0 3 0 4 3 4 2 0 0 1 2 1 0 3 4 4 4
   1 1 1 1 2 1 1 4 1 2 1 0 3 3 3 1]
  [0 1 1 1 2 4 0 1 4 2 2 3 3 1 3 2 3 4 2 1 0 2 1 0 2 0 2 2 3 2 3 1 0 2 0
   4 1 4 1 3 2 2 2 0 2 2 4 1 4 4 4 3 4 1 3 4 2 4 4 4 4 1 2 0 3 3 0 0 2 1
   4 0 4 1 3 4 2 1 2 1 2 2 1 0 1 3 1 2 4 0 4 2 3 1 4 1 2 4 1 3 0 4 3 0 4
   4 1 1 3 4 0 2 2 1 1 4 0 4 0 1 4]
  [0 0 4 2 4 4 3 3 0 1 0 3 0 2 2 1 2 2 1 3 3 2 1 4 0 2 0 0 4 0 3 3 2 2 1
   2 4 4 3 3 0 3 4 1 2 1 0 0 2 1 2 3 0 0 3 0 2 1 1 3 0 2 4 4 2 0 2 2 1 4
   3 3 0 2 4 2 3 3 0 3 3 4 4 4 2 0 1 4 0 2 0 4 3 2 0 2 2 4 3 4 1 4 4 0 4
   0 1 0 4 2 1 0 3 3 3 4 3 2 3 3 0]
  [0 2 0 0 1 0 1 4 0 2 3 1 4 3 4 3 2 2 2 0 3 0 2 1 0 0 4 1 1 4 1 1 3 0 2
   3 2 2 2 1 2 2 1 1 3 1 2 0 3 4 1 4 4 2 2 2 1 0 3 1 4 1 0 4 3 0 0 4 1 2
   2 4 4 2 1 2 2 2 1 1 3 1 2 2 0 0 2 0 1 3 3 0 4 4 3 0 4 1 4 2 2 0 3 1 4
   2 4 0 4 1 3 0 0 2 0 2 4 3 4 0 1]
  [0 1 0 4 4 1 3 4 2 0 0 2 2 1 1 1 4 2 2 0 3 3 0 0 4 0 4 3 0 1 2 0 3 1 0
   0 1 1 2 3 4 0 4 0 0 4 0 0 0 3 0 0 1 2 1 1 4 1 3 2 0 0 3 1 2 3 4 4 3 0
   4 3 4 4 0 0 0 0 3 2 4 2 3 2 2 3 2 1 3 2 0 3 0 1 1 3 0 4 3 0 4 1 4 0 4
   4 1 2 3 2 1 3 1 4 1 0 4 1 3 3 0]
  [0 4 2 1 0 1 2 0 1 0 4 0 0 4 3 1 3 2 4 3 2 0 1 3 4 1 1 0 3 0 1 0 4 4 4
   2 1 4 0 4 0 3 1 0 4 1 4 3 4 1 0 0 4 1 4 0 4 3 0 2 2 2 2 1 3 4 1 4 2 2
   2 1 4 1 2 2 0 0 1 0 4 1 3 4 0 2 3 1 0 0 0 3 0 0 0 0 3 2 3 1 4 1 3 4 2
   2 4 3 0 2 3 3 2 1 1 2 0 1 3 3 0]
  [0 1 1 0 0 3 2 2 0 4 4 2 2 3 0 1 0 4 4 1 1 4 1 0 3 2 0 2 2 2 0 4 1 3 0
   3 4 2 1 4 1 2 0 2 0 0 4 1 4 2 3 3 4 1 1 2 0 3 1 1 0 3 0 0 4 4 4 1 3 1
   1 0 4 1 0 3 1 3 0 1 3 0 2 4 3 3 0 1 4 2 0 2 2 2 0 4 2 2 3 1 2 3 1 2 2
   1 3 4 3 2 4 2 2 2 2 2 0 1 0 4 3]
  [0 1 2 0 1 1 4 2 1 3 1 3 0 0 4 0 4 1 1 0 0 4 0 3 0 2 4 1 4 3 3 1 1 2 1
   1 1 3 2 4 4 0 1 3 3 4 4 3 1 3 3 1 0 3 0 4 3 2 0 2 2 2 4 4 0 0 0 2 1 4
   3 3 4 3 2 2 0 0 2 0 2 1 1 3 0 3 1 3 3 4 3 1 1 1 3 0 4 0 2 1 3 2 4 1 0
   2 3 1 1 0 2 1 3 1 4 2 1 3 2 4 0]
  [0 3 3 2 2 2 4 4 4 0 1 4 2 1 2 2 3 4 1 3 4 0 1 0 3 3 1 2 3 0 4 0 1 3 2
   2 4 3 3 2 1 1 3 0 4 4 3 4 4 0 3 4 4 3 3 1 2 3 2 1 4 3 4 1 4 1 1 0 3 4
   2 0 1 0 2 3 0 4 4 4 4 2 2 1 1 1 2 2 1 2 0 3 3 2 3 2 0 3 3 1 2 0 3 4 4
   1 3 3 2 4 3 0 4 4 1 4 1 2 3 1 0]
  [0 2 0 1 2 3 0 2 0 2 3 3 1 0 1 0 3 2 2 4 3 2 4 4 3 3 0 2 0 1 2 0 2 4 1
   1 2 2 0 1 2 1 0 4 2 0 2 4 2 0 0 1 3 4 3 0 3 4 0 4 4 2 1 3 1 2 0 1 2 4
   2 0 1 3 0 4 2 0 1 3 1 1 2 1 0 0 3 0 4 4 1 1 2 4 3 0 4 0 4 4 1 3 4 4 0
   0 4 2 0 4 2 3 0 0 0 3 1 2 1 3 4]
  [0 2 0 2 3 2 4 1 3 2 0 2 4 0 0 1 0 0 4 1 2 2 4 3 2 1 4 0 0 2 0 2 4 3 4
   2 4 1 3 0 2 0 3 1 4 4 4 1 4 3 1 0 3 4 1 4 0 0 0 2 3 3 0 4 0 0 3 0 1 2
   0 1 2 2 4 2 0 1 3 1 2 2 4 0 0 0 0 0 3 4 1 3 0 3 1 1 3 3 0 2 2 2 2 4 4
   2 1 3 2 2 1 3 4 0 4 2 4 3 3 1 3]
  [0 4 2 2 2 1 4 2 2 0 0 2 1 2 2 4 0 2 3 1 4 0 4 3 2 3 0 1 0 2 2 2 2 0 3
   2 4 2 4 2 0 4 0 3 4 4 3 3 1 0 4 4 4 3 2 1 0 2 0 4 4 0 1 2 1 2 4 3 1 0
   0 4 0 3 3 4 4 1 0 3 2 0 2 3 3 3 2 0 1 2 2 1 4 2 0 2 4 4 4 0 0 1 4 4 0
   4 1 3 1 4 2 1 0 3 1 3 3 4 3 1 1]
  [0 1 3 0 3 2 4 3 2 1 4 4 2 1 0 0 4 2 1 3 1 4 4 3 0 2 4 1 3 3 3 0 3 4 2
   4 1 3 4 3 4 3 1 1 1 1 1 4 3 4 1 2 4 4 1 4 4 2 2 1 0 3 3 2 3 3 3 4 4 2
   2 1 0 3 1 4 0 3 0 2 3 4 2 2 3 0 0 0 3 2 4 1 3 3 0 1 2 3 1 3 0 0 4 2 3
   2 1 1 2 2 1 0 0 3 0 0 4 0 4 1 4]
  [0 1 1 1 1 0 1 3 4 2 2 0 4 3 0 4 4 4 2 3 0 0 1 3 1 3 3 2 0 4 0 3 0 0 2
   3 2 3 4 3 3 4 4 4 2 2 0 0 1 0 4 1 4 2 2 4 3 2 0 0 3 1 0 0 2 1 1 1 4 0
   1 2 1 0 4 0 4 1 4 2 1 0 1 1 0 0 0 1 1 0 4 4 3 3 3 0 1 3 4 2 3 0 2 4 2
   2 1 1 2 3 1 3 1 3 3 2 0 3 0 0 3]
  [0 2 3 3 4 1 2 4 4 4 1 2 1 3 3 3 3 4 0 2 2 0 0 4 3 3 4 4 4 4 2 3 2 1 4
   4 4 3 1 2 4 3 1 3 4 4 0 3 0 2 2 1 3 4 3 2 0 2 0 4 2 2 0 4 4 3 2 1 2 1
   1 1 2 0 0 1 2 0 2 1 3 4 1 1 1 1 3 4 3 2 3 3 1 2 2 1 3 1 2 0 2 1 0 2 3
   2 1 1 1 4 3 4 1 4 0 3 0 2 4 4 0]
  [0 0 4 2 3 2 3 4 4 2 0 0 1 0 3 1 1 4 3 1 2 1 1 3 0 1 1 4 1 3 1 0 3 0 4
   2 3 2 0 3 3 3 3 4 3 2 0 1 3 4 4 2 1 3 2 4 2 1 4 3 4 3 4 1 3 1 3 0 2 4
   3 2 0 2 3 2 2 0 3 0 0 1 2 0 1 2 3 1 3 4 0 3 0 0 0 3 4 3 2 2 0 1 2 0 2
   0 2 2 2 2 1 2 0 1 1 3 3 0 0 2 0]
  [0 2 3 3 3 3 1 3 4 1 2 0 1 3 3 0 0 2 2 4 2 0 1 2 3 0 1 3 2 4 4 3 3 2 1
   1 2 1 0 2 4 3 4 2 2 4 3 4 4 3 3 1 0 2 1 2 1 1 3 4 1 2 1 1 4 1 1 0 0 1
   3 1 1 4 2 2 2 4 3 2 3 0 1 2 1 4 1 2 1 4 4 3 0 2 2 3 1 3 3 3 1 1 1 0 0
   1 1 3 0 2 4 4 1 3 0 0 4 4 3 3 0]
  [0 0 4 1 0 0 2 2 1 1 2 1 3 3 4 3 4 4 3 4 4 2 2 1 1 2 2 3 3 3 1 1 3 4 0
   2 0 4 4 3 2 0 0 1 3 1 2 3 2 1 4 1 3 1 2 4 2 4 0 4 0 2 0 0 1 1 0 1 3 4
   4 4 2 0 3 3 1 1 0 0 0 4 4 3 1 4 4 1 3 4 0 1 1 2 4 4 1 3 4 1 2 0 3 4 1
   0 0 2 1 1 3 3 1 0 4 0 3 0 0 1 1]
  [0 2 1 2 1 3 4 1 0 4 0 0 1 1 1 4 4 2 3 3 2 3 2 3 1 0 4 4 2 2 1 0 3 0 4
   3 4 2 2 4 3 2 4 0 3 1 2 1 3 3 2 4 2 0 1 2 3 4 0 2 1 2 3 2 4 2 4 3 0 4
   3 4 4 3 3 3 4 3 2 3 0 4 2 0 0 2 4 4 0 4 3 4 0 0 3 4 0 1 2 1 0 0 1 0 1
   4 0 4 4 4 0 0 3 0 3 4 3 2 2 4 3]
  [0 3 1 2 0 4 4 3 4 2 2 3 1 1 3 2 3 1 2 0 0 1 4 3 3 2 0 4 1 1 0 1 0 1 3
   0 1 2 3 3 4 0 3 3 4 3 2 2 0 3 4 1 1 0 2 4 2 1 3 2 4 2 4 4 0 2 3 2 2 1
   1 0 4 2 2 1 0 3 2 0 3 3 2 3 2 3 2 1 3 1 1 3 0 4 4 4 1 2 1 2 4 1 2 0 0
   3 3 0 1 4 1 2 3 3 2 2 3 3 1 3 2]
  [0 3 1 2 0 4 0 2 4 1 3 0 1 0 2 4 3 4 3 2 0 2 4 4 4 0 0 4 2 4 2 3 4 4 1
   1 2 4 3 2 0 4 0 2 4 0 4 4 4 2 3 4 0 2 3 4 2 3 1 3 2 1 0 0 1 4 1 1 4 0
   0 1 0 3 2 1 4 3 2 2 4 4 2 4 2 3 0 3 4 0 1 0 0 1 1 1 0 0 1 0 3 2 3 1 0
   3 0 2 0 1 2 0 2 4 0 0 0 0 3 1 3]
  [0 0 2 0 3 2 0 1 3 3 4 2 0 1 2 1 4 2 4 0 2 2 2 2 1 4 1 2 3 2 0 3 4 2 0
   3 2 3 2 4 1 1 1 1 3 4 4 4 4 3 2 4 4 4 4 3 4 1 3 0 4 2 2 2 4 3 1 3 0 0
   0 2 4 4 0 3 1 1 1 1 0 1 2 3 0 0 1 3 0 4 2 3 1 0 1 4 4 4 1 2 2 2 1 3 4
   1 0 1 3 0 2 0 1 0 4 1 3 1 1 0 2]
  [0 3 4 3 2 2 0 0 3 0 2 0 4 3 2 3 2 2 2 0 3 1 4 0 2 2 1 1 4 4 1 3 1 1 2
   1 3 2 0 3 4 4 1 1 4 3 3 1 0 3 0 1 0 3 2 1 1 4 4 4 2 4 2 3 0 1 4 4 1 2
   0 3 3 1 4 0 4 3 1 4 4 1 2 1 1 0 2 2 0 3 4 1 4 4 1 0 4 0 1 2 1 1 2 1 4
   0 3 0 0 1 0 0 2 4 2 1 3 0 0 4 3]
  [0 4 4 1 4 3 3 0 0 4 1 2 2 2 4 0 4 3 3 3 3 4 3 0 0 2 3 1 1 4 1 1 1 4 2
   1 4 4 1 3 0 1 2 1 4 2 3 1 3 4 3 0 2 1 2 0 4 3 2 4 3 4 2 2 1 0 0 0 4 4
   3 4 0 0 2 2 2 2 3 2 2 4 4 4 2 1 2 2 2 0 2 4 2 3 0 2 2 2 4 0 4 1 2 1 2
   0 0 0 1 4 1 0 3 4 4 2 3 3 3 4 4]
  [0 0 4 2 4 4 4 2 2 2 1 1 2 1 4 0 2 2 3 1 0 3 2 4 1 0 3 1 0 4 0 3 1 1 2
   1 1 3 4 0 4 2 2 3 4 3 2 3 2 3 4 0 0 2 0 4 0 2 1 4 2 2 4 0 4 3 1 1 0 2
   0 2 0 0 2 0 3 3 2 4 0 0 3 4 3 4 2 0 4 2 1 1 0 0 3 3 0 3 0 4 3 4 4 1 3
   3 4 4 4 4 3 2 0 2 3 4 1 2 1 1 2]
  [0 4 1 4 3 0 1 2 0 4 3 0 1 1 1 0 1 0 0 4 4 3 2 2 0 0 4 4 3 1 1 0 3 4 0
   1 2 4 4 0 0 0 3 0 3 4 4 0 0 2 4 3 3 0 1 2 2 4 1 2 0 3 2 3 2 2 1 4 4 3
   4 2 3 2 1 0 2 3 0 3 0 3 0 3 4 2 1 4 0 1 0 2 0 2 4 0 4 2 4 3 3 3 4 3 0
   2 3 0 3 4 2 1 4 0 4 2 3 1 3 1 1]
  [0 4 3 4 2 3 3 0 4 3 0 0 2 3 2 1 4 4 2 0 4 4 1 2 4 0 2 3 4 1 3 3 4 0 0
   3 0 1 1 2 3 4 0 3 4 1 4 3 2 0 2 2 0 4 4 1 3 3 4 0 2 4 3 4 2 2 1 1 3 4
   4 2 2 3 4 3 0 0 3 0 2 1 0 4 4 3 1 4 3 3 2 0 0 3 1 2 3 1 2 2 0 3 4 0 3
   1 0 1 0 4 3 3 1 4 0 0 1 0 4 0 3]
  [0 1 0 3 0 3 2 3 2 1 4 4 4 2 0 2 4 3 0 1 2 1 1 1 4 0 2 1 4 0 4 2 3 1 4
   2 0 3 0 2 0 2 1 1 3 1 3 3 0 4 2 1 2 3 3 0 3 4 1 3 1 3 4 0 4 2 1 4 2 4
   3 3 3 1 1 1 1 4 2 1 2 3 1 0 1 3 3 4 0 4 2 0 1 2 3 4 2 2 4 4 4 4 3 3 3
   0 2 3 3 1 1 4 1 2 0 0 0 1 3 4 3]
  [0 1 3 1 3 1 0 3 1 3 2 1 0 3 1 4 4 1 3 3 4 0 3 0 1 3 0 1 2 2 1 3 0 1 0
   1 1 0 1 3 3 4 0 0 2 4 1 1 4 1 2 1 3 4 0 0 2 2 1 0 2 4 1 1 4 1 4 0 1 4
   3 2 4 3 3 3 0 1 1 1 0 2 0 3 2 3 0 0 2 1 3 1 0 3 0 0 4 2 0 1 4 2 3 1 4
   4 4 4 0 0 2 2 0 3 1 2 0 3 4 0 2]
  [0 1 0 3 2 1 3 4 2 3 2 2 1 2 1 0 3 0 4 1 4 1 3 2 0 3 4 2 2 1 3 1 4 4 1
   0 4 0 2 4 0 3 3 2 1 3 0 1 2 1 2 2 4 0 2 3 2 2 3 0 2 0 2 4 3 4 0 1 1 3
   4 3 1 2 1 4 4 3 4 3 0 2 4 1 3 3 2 2 0 3 3 2 0 0 1 4 4 2 2 3 2 1 2 2 2
   1 0 0 2 0 1 4 4 4 3 3 1 0 0 2 3]
  [0 4 0 3 1 3 4 1 1 0 0 4 3 0 1 2 0 4 4 2 1 1 3 3 3 1 3 4 3 1 3 4 3 1 1
   2 1 1 2 0 2 1 2 4 2 1 2 2 4 0 0 4 3 0 1 3 0 0 2 3 2 1 3 2 3 3 3 0 4 3
   0 0 1 1 4 4 0 3 2 0 3 4 1 3 1 4 0 4 3 4 4 1 4 1 3 0 1 3 3 1 3 1 0 1 1
   1 0 0 4 0 3 3 0 3 1 2 2 4 0 4 4]
  [0 2 4 0 2 3 4 0 1 0 0 1 2 1 3 4 0 0 2 4 4 1 4 4 0 4 2 2 4 3 0 4 2 0 0
   4 0 3 2 2 0 4 2 2 0 3 1 0 2 1 0 4 4 2 4 2 3 2 2 1 2 1 1 1 1 1 3 1 3 4
   2 4 0 0 1 1 3 3 2 3 4 2 3 4 1 3 4 3 3 1 4 2 2 4 1 3 2 1 2 2 2 4 3 2 1
   1 2 1 4 4 3 2 1 0 4 1 1 2 1 0 3]
  [0 0 0 3 3 0 2 2 0 0 0 4 4 4 2 1 2 2 1 0 4 0 2 4 2 0 1 4 2 1 2 0 3 0 0
   3 3 0 0 1 0 3 1 4 0 4 0 1 4 3 2 1 1 1 3 3 2 4 2 1 4 3 0 1 1 0 0 0 4 4
   4 2 2 0 0 1 1 4 2 2 0 2 1 0 3 1 3 0 2 1 0 1 4 4 3 2 1 4 2 1 0 4 4 2 0
   3 0 4 1 1 3 0 1 0 4 2 2 2 0 0 0]]

 [[0 2 4 1 4 1 3 2 2 0 4 0 1 0 1 1 1 4 0 2 3 0 0 3 1 3 1 4 4 3 0 0 1 4 1
   4 0 1 4 3 3 3 0 4 0 4 4 2 4 3 0 1 3 3 4 0 3 1 4 2 2 0 0 1 0 1 3 3 1 0
   3 0 0 1 3 0 0 3 4 1 0 0 2 0 0 1 4 4 3 1 2 4 4 3 1 1 1 4 3 3 1 4 4 1 0
   2 4 1 2 4 0 4 2 3 3 1 2 2 2 0 3]
  [0 0 3 0 0 1 0 0 0 2 4 2 2 3 0 2 2 3 3 1 4 1 3 4 2 3 0 4 2 4 4 1 3 2 1
   4 0 1 1 4 1 2 3 1 2 1 4 0 0 4 2 4 0 2 4 0 3 2 2 4 0 1 4 1 4 0 2 4 0 4
   1 0 3 4 0 2 4 1 3 0 1 4 4 4 1 1 1 2 1 0 3 0 0 2 1 4 0 3 0 1 2 1 3 3 4
   3 1 2 4 0 3 3 4 1 0 4 0 3 1 0 0]
  [0 1 0 2 0 0 3 0 0 2 2 0 4 2 2 3 0 1 1 4 4 3 2 0 0 3 4 0 3 4 0 0 3 4 0
   4 0 2 4 4 1 4 1 0 4 2 2 2 4 2 1 3 0 4 3 3 0 4 0 0 4 3 3 4 0 3 4 1 2 1
   2 2 4 1 2 4 1 4 4 1 1 1 3 1 2 2 2 4 1 2 0 1 1 3 4 1 2 0 3 3 0 0 1 0 4
   0 4 1 4 0 1 2 2 3 0 1 1 3 4 1 2]
  [0 4 4 0 2 4 3 4 4 4 4 2 2 3 1 2 1 2 4 3 0 2 2 3 1 0 3 4 2 4 2 2 0 3 3
   1 4 3 2 3 3 1 0 2 3 2 2 2 4 2 3 1 3 1 3 4 2 2 1 4 0 4 0 0 0 2 2 2 4 0
   1 4 1 2 2 1 2 3 0 2 3 1 1 0 4 3 3 3 4 0 3 1 1 0 0 2 3 4 2 1 3 1 0 0 0
   4 0 0 0 0 2 1 4 4 3 4 2 2 3 3 0]
  [0 3 1 1 0 3 0 3 1 1 3 3 1 0 3 1 3 0 2 4 0 4 2 2 1 4 4 3 1 2 2 1 4 3 0
   3 2 4 2 1 1 1 1 0 1 1 1 3 2 0 4 4 1 0 3 3 4 1 3 4 1 0 4 2 0 3 3 4 3 4
   3 0 0 2 3 2 2 2 0 4 0 0 1 4 3 1 0 3 0 4 2 1 0 2 0 4 0 1 0 0 4 4 3 2 0
   4 1 0 4 3 0 3 0 0 1 1 0 2 2 2 3]
  [0 1 2 3 2 0 1 0 2 0 3 2 1 3 4 0 0 1 3 4 1 2 2 0 0 0 2 0 3 0 1 0 2 4 2
   2 4 4 3 4 2 4 2 0 2 0 1 3 3 3 3 0 1 2 3 3 0 2 4 4 4 2 0 3 0 0 0 1 3 1
   2 2 3 0 4 2 4 3 3 4 4 1 0 3 1 2 2 3 2 2 2 0 0 2 4 0 1 0 2 3 0 3 3 1 3
   0 1 2 4 1 0 2 1 4 1 3 0 2 0 4 2]
  [0 2 3 4 1 1 0 4 4 1 0 4 1 3 1 2 4 3 0 0 4 3 2 3 2 2 0 4 1 0 4 4 3 0 2
   0 4 2 1 3 4 4 0 3 4 2 3 2 1 3 1 4 2 2 0 2 0 0 2 3 1 4 1 0 0 1 4 3 0 4
   4 3 4 4 2 4 1 3 3 1 2 2 1 2 2 1 2 4 2 4 4 3 3 4 0 0 4 3 4 3 4 4 3 0 1
   3 3 0 1 1 0 4 2 2 3 0 4 0 3 1 1]
  [0 4 3 2 2 2 1 0 4 3 2 3 3 1 3 3 4 2 4 2 2 1 1 1 3 2 2 4 4 2 3 2 2 1 1
   2 0 3 3 4 1 4 3 0 0 0 3 1 4 0 2 1 1 3 1 4 4 3 0 0 0 3 4 3 3 2 4 4 0 1
   1 2 2 3 3 0 2 1 1 4 4 4 2 2 1 4 2 2 1 4 1 0 1 4 4 4 0 0 3 3 1 1 4 4 1
   2 1 4 2 0 2 3 1 0 2 1 0 3 4 1 1]
  [0 4 3 1 2 3 0 3 0 0 2 4 0 1 2 1 4 3 1 0 3 2 1 1 0 2 1 2 0 3 1 4 1 3 0
   1 4 4 3 4 2 0 4 0 2 1 3 1 0 4 4 4 0 1 4 3 2 3 2 4 1 0 2 2 4 0 3 1 0 2
   1 1 4 3 0 0 1 4 2 1 2 0 1 4 4 0 1 2 4 1 4 2 1 0 1 4 2 1 2 2 0 1 2 3 1
   0 3 1 3 0 0 1 0 3 3 0 0 3 0 3 1]
  [0 3 2 2 2 2 4 0 1 0 0 2 0 3 3 2 4 4 0 2 4 2 2 2 1 2 4 0 2 4 0 4 4 1 3
   3 2 1 3 2 4 3 0 2 1 0 2 3 4 2 3 4 3 1 0 3 3 0 1 0 0 3 4 3 4 1 0 2 3 3
   0 0 1 3 0 2 4 2 3 0 0 0 1 4 4 3 4 4 4 3 1 1 4 3 4 0 3 0 1 3 4 2 4 0 4
   0 3 1 4 3 4 1 4 3 3 1 2 4 4 3 1]
  [0 0 4 4 1 4 4 4 3 3 0 3 3 1 4 0 4 3 2 1 1 1 4 1 4 0 3 2 4 3 4 4 3 0 0
   4 1 4 4 3 1 0 1 2 4 1 3 4 1 0 1 0 2 2 2 2 1 2 4 1 3 3 3 0 2 3 0 2 4 0
   4 1 3 3 3 4 1 4 0 4 2 3 4 4 4 3 3 1 2 1 0 3 1 4 3 3 1 2 0 4 0 0 1 0 4
   0 0 3 0 3 2 3 1 0 4 1 4 3 2 2 2]
  [0 4 4 3 3 3 0 3 3 4 1 0 0 2 1 3 1 3 1 0 4 0 3 1 1 3 2 4 0 1 4 1 1 2 3
   0 4 1 1 0 2 3 4 0 4 3 2 4 4 4 0 2 2 0 3 0 0 1 1 3 0 2 4 3 4 3 2 4 3 0
   3 4 2 0 4 4 3 0 4 3 1 0 2 3 0 3 0 2 0 0 4 3 0 0 2 0 2 3 0 0 3 0 0 2 1
   3 1 3 2 0 1 2 1 1 3 3 4 3 4 1 1]
  [0 2 2 1 1 0 4 4 0 4 1 2 0 2 1 2 4 0 4 3 2 3 2 2 4 1 2 3 4 3 0 1 4 2 4
   4 3 1 0 4 2 3 4 2 2 1 0 1 0 0 0 4 4 3 3 0 1 4 2 3 2 3 4 1 0 3 0 1 3 1
   4 0 3 4 2 0 1 0 0 0 1 0 4 2 2 3 4 2 4 3 0 2 1 4 1 0 4 4 1 1 4 1 1 1 1
   4 3 0 1 4 2 1 3 2 4 0 2 2 3 1 1]
  [0 2 4 1 0 1 1 4 3 3 1 0 4 0 3 2 0 0 0 2 3 2 0 2 3 0 3 4 0 1 1 2 1 4 2
   3 1 2 1 4 3 3 4 4 2 0 2 1 2 2 1 0 2 0 0 4 1 1 4 1 4 1 1 3 2 2 2 1 3 4
   0 3 3 0 0 4 2 1 0 1 2 2 2 4 0 2 1 4 0 0 0 2 0 1 2 4 3 2 4 4 0 4 1 4 0
   3 3 3 0 3 3 2 1 2 1 4 3 4 2 2 1]
  [0 1 1 1 1 0 0 4 0 0 2 3 4 1 0 4 1 3 0 0 0 1 1 4 4 0 2 2 0 1 2 3 4 3 1
   4 3 3 3 4 0 4 2 3 0 0 3 0 0 0 4 1 3 2 3 3 4 3 4 3 4 4 1 2 0 0 1 4 1 0
   3 1 1 2 1 3 1 1 1 2 3 0 2 1 1 0 1 4 0 2 0 4 3 2 4 1 2 0 0 0 1 0 4 1 4
   1 4 0 4 1 2 3 3 3 0 2 4 4 4 1 1]
  [0 0 1 2 1 1 1 4 0 3 1 0 0 0 4 0 1 1 0 1 2 2 3 2 0 2 0 0 0 1 3 1 2 1 2
   3 3 3 3 3 2 0 0 1 4 1 4 2 2 3 0 3 4 0 4 1 0 0 4 4 0 0 0 4 2 4 0 1 2 2
   4 4 2 2 3 1 1 1 0 0 2 4 4 4 4 4 0 0 4 1 0 3 2 4 2 2 4 1 2 1 0 0 0 3 2
   4 0 2 2 0 1 4 3 2 4 4 2 0 3 0 2]
  [0 2 2 4 4 4 4 0 0 2 2 0 0 3 1 3 0 0 4 4 0 2 1 0 4 3 0 4 1 0 3 0 3 2 1
   4 3 3 1 3 1 3 0 3 4 4 3 4 2 3 2 0 1 4 3 0 4 4 0 1 2 3 1 1 4 4 0 2 2 3
   0 0 2 0 4 0 4 2 2 3 1 0 1 1 2 4 1 1 0 4 4 0 0 0 4 0 4 0 2 3 1 4 1 0 4
   2 3 3 4 1 3 3 2 2 4 3 4 1 0 0 4]
  [0 2 4 4 1 4 4 3 3 3 4 1 2 1 0 2 1 0 3 3 2 4 1 3 1 4 0 1 3 0 3 3 2 0 4
   1 4 3 3 0 1 4 3 0 0 2 2 1 1 2 0 1 0 4 1 3 2 2 4 1 0 1 1 2 4 2 2 3 0 1
   4 2 2 1 0 0 3 0 1 0 1 0 4 3 4 3 4 1 4 3 2 1 1 2 2 1 3 3 1 2 0 3 0 0 3
   2 0 3 2 1 0 0 2 3 0 0 3 1 4 2 3]
  [0 1 4 2 2 2 4 0 0 2 4 1 0 0 1 1 1 2 0 4 3 0 4 3 2 0 1 2 3 4 2 0 1 1 3
   3 1 0 4 0 2 1 3 0 0 3 1 0 0 4 1 3 1 1 4 3 3 1 3 4 2 0 4 0 3 1 3 4 4 1
   3 3 3 4 2 1 4 3 4 4 1 1 3 1 0 2 0 4 1 1 2 3 1 4 0 3 1 1 0 3 3 2 0 2 4
   3 2 2 1 1 0 3 2 2 2 1 3 3 1 4 2]
  [0 2 2 1 3 4 4 2 2 2 1 3 3 4 1 3 3 2 3 0 3 0 3 0 1 0 3 2 1 3 1 3 4 0 2
   2 4 4 0 1 1 0 0 1 1 0 4 0 3 2 2 1 0 4 4 2 4 4 0 3 1 0 4 0 4 1 2 2 4 3
   3 0 0 2 1 3 3 0 1 3 1 4 3 3 0 2 1 4 1 2 2 0 3 2 0 4 3 2 1 4 0 1 3 4 1
   3 2 4 0 4 1 2 1 2 1 2 2 4 3 4 0]
  [0 2 1 2 4 2 0 0 4 0 2 2 0 4 4 4 0 3 2 2 0 3 1 3 2 1 3 1 4 3 3 2 0 0 0
   2 2 3 1 4 4 2 3 0 2 3 0 0 1 0 4 3 2 4 4 4 2 1 0 4 1 0 1 4 2 1 0 4 4 0
   2 2 0 2 1 2 2 0 2 0 1 2 4 2 2 0 4 2 1 0 0 1 0 0 0 3 0 1 1 4 2 3 0 4 4
   2 1 0 2 4 0 2 0 4 2 0 1 1 4 2 2]
  [0 3 3 0 0 2 0 0 2 2 3 2 1 4 4 1 1 0 3 4 4 0 4 1 0 0 1 1 1 2 0 0 0 4 4
   3 3 1 3 1 3 3 1 2 3 1 4 3 3 3 0 0 2 1 4 0 3 0 0 0 0 2 1 2 3 2 4 4 1 3
   4 4 2 3 1 2 1 4 0 2 0 0 0 2 2 3 1 1 1 0 2 1 4 1 0 3 1 0 1 1 0 4 0 2 0
   2 2 1 1 1 4 2 1 4 3 1 1 4 0 3 1]
  [0 3 4 4 0 2 1 1 3 4 3 0 0 0 4 0 1 0 0 1 1 4 0 4 0 2 3 1 3 0 0 0 4 2 3
   4 0 4 1 3 2 4 2 1 4 4 2 1 4 0 0 1 1 1 3 1 1 2 0 3 4 2 3 1 2 4 3 2 4 4
   1 0 0 3 1 4 3 3 4 2 3 2 1 3 0 4 0 1 4 3 3 4 4 4 3 0 2 1 4 4 1 1 1 3 4
   3 1 2 1 2 0 0 1 3 2 2 3 2 1 3 2]
  [0 3 3 1 0 1 1 1 0 2 1 0 0 2 0 2 2 3 0 2 0 1 0 0 0 2 2 4 4 3 1 2 3 4 2
   1 1 1 2 0 1 3 0 0 0 1 4 2 4 2 1 0 1 4 3 4 2 4 3 3 3 1 2 3 2 0 2 1 1 1
   2 1 4 2 1 3 3 0 3 0 2 1 3 3 0 3 2 3 1 0 1 0 3 2 0 4 1 1 1 0 1 0 2 4 2
   0 2 0 4 0 0 0 3 2 3 1 1 0 2 2 3]
  [0 4 4 0 2 0 3 2 2 2 3 0 1 2 0 4 2 4 1 1 0 0 1 2 0 2 0 3 2 4 0 3 3 1 4
   3 3 4 4 4 2 1 1 1 1 1 2 1 0 0 0 0 1 3 2 3 1 1 1 0 3 2 3 2 2 3 4 3 4 3
   3 4 2 1 4 0 3 0 1 3 1 3 0 0 1 3 1 3 1 1 1 4 3 3 4 1 1 0 1 3 1 2 4 2 0
   4 4 2 2 2 3 4 1 4 4 3 4 0 3 0 2]
  [0 2 2 0 1 3 3 2 1 4 1 4 2 4 2 3 3 3 1 3 2 0 2 0 4 0 3 0 2 1 3 4 1 0 4
   2 0 4 1 3 2 0 4 4 0 2 2 3 4 3 4 4 0 4 3 2 4 3 2 1 1 4 1 2 4 3 3 1 2 2
   4 3 2 2 4 2 4 0 2 2 4 4 4 1 4 3 2 2 1 2 2 2 1 3 3 2 0 1 0 4 2 0 1 3 2
   1 2 2 3 3 0 4 2 2 2 3 2 1 2 3 2]
  [0 2 2 0 1 1 2 3 3 2 0 2 1 2 3 2 1 2 2 0 1 0 2 2 1 3 0 3 1 1 3 1 0 3 2
   1 1 1 1 4 2 0 1 2 4 0 2 3 1 4 1 4 2 1 0 4 2 0 4 1 2 4 2 4 2 4 3 0 3 2
   2 1 2 0 1 2 3 4 3 3 2 3 1 4 3 1 0 1 0 4 1 4 1 2 1 2 2 0 4 1 1 4 1 4 4
   0 2 0 0 0 3 0 0 0 3 0 1 3 2 2 0]
  [0 1 3 3 0 3 4 2 0 4 4 2 2 1 3 4 0 1 2 1 3 0 3 2 3 3 2 0 3 3 4 4 2 3 3
   1 4 1 4 2 3 2 4 1 3 1 4 4 2 3 4 4 1 2 4 3 0 2 1 1 3 2 2 4 4 0 1 3 1 2
   0 4 1 3 1 2 2 1 3 3 4 0 2 4 2 4 4 1 3 1 1 4 2 2 3 3 3 4 0 2 3 0 0 0 1
   0 0 4 1 3 0 3 1 0 4 3 1 3 1 2 1]
  [0 2 2 3 3 4 4 2 1 4 1 0 3 1 1 4 3 3 2 4 3 4 0 3 4 1 4 4 0 2 3 0 4 2 4
   4 3 2 2 0 3 4 2 3 3 1 4 0 3 0 2 4 1 1 2 0 4 1 0 1 0 0 1 4 3 0 3 3 3 4
   0 4 1 3 4 0 1 3 2 0 2 0 3 3 4 1 1 0 0 2 2 0 0 2 2 4 2 3 3 4 2 4 3 0 3
   2 3 1 0 3 0 3 2 1 0 3 3 2 3 2 2]
  [0 1 0 0 0 2 2 2 0 0 2 2 3 3 0 2 1 1 0 4 0 1 4 3 3 1 1 3 1 0 3 0 0 0 2
   3 1 4 2 4 3 4 0 4 4 3 1 2 2 3 1 3 2 2 4 2 0 3 3 0 4 2 1 2 3 2 0 2 0 0
   1 2 0 0 3 0 4 1 4 1 4 4 3 3 3 2 4 1 3 1 1 2 1 1 0 1 1 1 1 2 2 0 1 4 3
   2 1 2 2 4 4 3 4 2 1 0 0 4 3 2 2]
  [0 4 0 0 0 1 0 2 1 2 4 3 0 3 0 1 2 0 4 3 1 1 2 0 3 2 4 0 2 1 0 1 3 3 0
   4 2 4 3 4 4 0 2 1 1 2 1 4 0 3 2 1 3 2 4 3 2 3 3 0 0 3 3 2 3 3 3 1 1 0
   4 3 4 1 0 4 0 4 0 2 2 1 1 3 0 3 3 1 3 1 1 1 1 2 2 2 4 1 1 0 0 1 3 1 1
   1 0 2 4 3 1 0 2 3 2 1 1 1 0 1 1]
  [0 3 2 4 1 1 1 0 1 3 2 2 3 1 2 1 1 1 3 0 2 4 3 2 1 1 2 1 4 4 0 0 0 1 0
   2 3 4 2 0 0 3 4 4 4 2 1 2 1 1 0 3 0 3 1 4 1 1 2 2 4 3 2 3 0 4 4 1 0 4
   4 3 2 2 2 3 1 3 1 4 2 4 4 3 4 2 4 3 0 0 1 0 0 1 4 3 1 1 4 3 1 4 2 0 3
   4 1 1 2 2 3 3 4 0 3 2 4 3 2 3 4]
  [0 2 1 3 2 0 2 3 0 3 2 2 3 3 2 2 1 1 0 3 1 2 0 2 1 2 1 0 0 4 1 3 0 0 2
   1 1 4 0 3 0 0 4 3 0 1 1 3 3 4 0 1 4 1 2 1 2 0 3 0 2 2 1 0 4 4 0 4 3 0
   1 2 2 2 0 0 4 1 1 4 0 0 0 4 4 0 2 3 2 0 2 4 4 3 2 2 2 2 1 2 1 4 4 3 3
   1 4 3 2 3 4 2 2 0 1 1 4 3 4 0 2]
  [0 4 3 1 2 4 0 3 2 1 4 3 1 3 2 3 1 4 4 3 4 0 2 0 0 2 2 2 4 1 2 2 0 0 0
   0 1 3 3 0 4 2 0 0 2 0 1 2 1 4 0 1 2 0 4 4 2 3 1 0 0 3 3 2 0 2 2 3 4 3
   1 4 4 0 4 2 4 4 2 2 2 1 0 2 0 4 1 1 3 2 4 3 0 0 2 0 4 0 0 2 4 4 4 1 1
   2 3 2 3 1 2 4 4 1 4 0 3 3 3 0 1]
  [0 0 3 3 4 1 1 0 1 0 0 3 0 3 2 2 0 4 0 4 0 1 3 3 4 4 1 0 1 1 4 2 2 4 0
   3 2 4 3 2 0 0 2 1 0 4 1 4 0 0 3 2 4 3 1 4 0 4 1 1 3 2 3 3 1 4 4 3 2 1
   1 2 3 4 3 0 2 4 0 3 1 0 0 4 0 3 4 4 3 3 4 4 0 0 2 0 4 4 4 4 3 3 1 4 1
   1 1 4 0 2 4 0 1 2 0 3 3 1 1 0 1]
  [0 4 1 1 4 0 0 0 2 4 2 0 1 3 4 2 2 3 2 3 0 3 1 1 2 3 2 1 4 1 3 1 1 2 3
   0 2 2 4 4 1 0 2 1 0 4 0 4 2 2 1 2 3 2 2 0 2 1 0 0 4 0 4 0 0 1 2 2 3 3
   2 4 0 0 3 4 0 4 3 3 4 2 1 2 1 4 3 3 2 0 0 0 3 4 1 1 1 4 1 1 2 1 4 1 0
   1 3 3 1 0 0 2 1 3 2 0 0 1 0 2 2]
  [0 0 0 3 0 3 0 0 1 1 1 4 2 0 3 1 2 3 0 4 4 4 2 4 1 4 2 1 1 2 2 3 2 4 2
   4 0 1 2 4 0 3 4 3 2 0 3 3 2 2 4 2 0 1 0 3 3 4 3 3 0 0 3 1 0 0 0 3 2 0
   2 0 3 0 3 3 2 1 3 0 4 0 1 0 4 3 4 2 0 4 2 1 3 2 0 2 0 2 2 4 4 3 2 1 2
   0 4 3 0 1 0 0 2 3 2 4 1 2 2 4 2]
  [0 3 2 2 4 1 0 4 1 2 4 2 2 4 0 1 4 2 2 2 4 4 0 4 3 4 2 2 2 3 1 4 1 1 0
   0 3 0 2 1 3 4 4 1 1 2 3 0 1 1 3 3 0 3 2 1 3 3 4 0 4 4 2 0 1 4 3 4 2 0
   2 2 4 1 3 0 3 2 4 2 2 4 0 4 1 0 1 0 1 1 4 2 2 3 2 3 2 1 1 2 0 3 2 3 3
   4 0 4 3 0 1 3 1 4 1 4 0 2 2 0 3]
  [0 3 3 1 4 3 2 2 3 4 3 0 0 4 3 1 1 0 4 2 3 3 1 3 2 1 1 2 0 1 2 2 0 1 1
   1 1 2 0 0 0 0 2 0 4 2 1 1 3 1 0 2 4 2 4 1 1 4 1 3 0 3 1 3 3 3 0 0 0 0
   3 4 0 4 0 1 1 2 4 0 2 2 3 2 1 3 3 3 4 0 4 1 0 3 1 4 3 3 1 0 0 2 4 4 4
   0 4 1 4 2 2 3 3 1 1 0 2 1 4 4 0]
  [0 1 3 3 1 2 2 4 2 0 3 1 0 1 0 4 4 2 1 3 1 0 0 4 0 3 1 0 1 0 2 0 2 2 4
   1 1 1 3 0 4 0 1 1 2 1 1 3 1 4 4 3 2 1 2 3 3 4 4 4 0 0 3 0 0 1 4 0 4 3
   2 3 4 2 2 3 4 1 3 3 2 1 1 1 1 0 2 0 3 0 3 1 0 1 0 1 2 2 0 3 2 2 1 0 2
   3 0 4 4 3 4 2 1 3 1 1 1 2 4 2 4]
  [0 3 4 4 1 3 2 0 1 3 3 0 4 2 3 3 0 4 0 1 1 4 1 2 2 4 4 2 0 4 2 3 0 2 0
   4 4 4 3 2 0 3 3 3 2 0 3 0 0 4 2 2 3 2 1 4 3 0 2 3 3 0 0 1 2 4 3 0 3 1
   1 0 3 4 4 2 0 0 1 1 4 2 0 1 2 0 4 1 1 2 2 0 3 1 4 3 4 3 0 4 3 1 2 4 2
   0 1 0 3 1 1 4 3 2 4 1 4 4 0 2 4]
  [0 2 4 1 3 0 0 3 4 4 3 0 2 0 4 2 4 3 1 4 3 0 0 4 0 0 0 4 0 1 1 2 0 0 2
   4 1 3 1 2 2 0 0 4 2 3 1 1 2 2 4 4 3 2 3 4 0 1 0 4 2 3 1 4 3 2 1 2 2 4
   2 1 4 1 4 3 4 3 0 4 1 4 1 4 0 4 3 1 2 2 1 4 1 3 4 3 3 3 3 4 4 0 0 1 3
   4 2 4 4 2 2 2 1 1 0 3 0 4 2 0 0]
  [0 4 4 3 2 4 4 3 4 1 2 2 3 0 3 3 4 2 0 4 2 2 1 0 3 1 0 1 3 0 2 2 4 1 2
   0 0 4 4 4 1 2 0 0 2 3 3 1 4 4 4 3 2 1 4 3 0 0 0 2 0 1 3 2 3 2 4 4 3 2
   3 4 3 3 1 1 1 4 1 0 4 1 2 4 3 2 4 0 0 3 4 1 0 2 0 2 0 3 2 1 3 4 3 3 1
   1 0 4 3 4 0 1 0 3 3 3 2 1 4 0 3]
  [0 0 0 0 3 4 4 0 0 4 4 0 3 1 3 1 1 1 0 3 3 3 2 3 2 1 0 1 0 2 2 0 3 1 0
   0 2 0 1 3 2 4 2 0 1 0 1 2 2 2 2 2 3 1 0 1 2 4 3 4 3 2 1 4 1 4 0 0 3 4
   1 1 2 4 0 1 3 1 2 1 4 3 4 0 2 2 4 2 2 4 3 0 3 3 2 3 0 0 1 2 0 0 3 4 2
   4 4 0 2 3 4 0 4 4 0 2 2 3 4 0 4]
  [0 4 3 4 2 4 0 3 4 1 1 2 0 1 3 4 2 1 2 1 2 4 0 3 0 0 3 2 1 1 4 2 3 3 3
   2 0 3 2 3 2 0 0 4 0 2 0 1 2 0 3 1 2 3 1 3 1 2 2 4 3 0 0 1 1 1 2 0 4 3
   0 0 4 0 2 1 0 4 1 2 1 2 0 2 3 0 2 3 2 4 3 4 4 4 2 4 1 2 4 2 4 0 2 2 0
   0 1 0 4 0 3 2 4 1 1 1 3 1 1 1 3]
  [0 0 2 3 2 2 2 4 0 1 2 1 2 2 1 4 0 0 3 2 4 1 1 3 0 2 3 2 4 3 0 4 0 3 1
   0 4 3 0 1 3 1 1 3 4 0 0 3 1 4 1 0 0 0 3 3 3 1 1 4 3 0 4 3 0 3 2 0 4 3
   4 1 0 0 4 4 2 1 0 1 2 0 4 0 2 2 0 3 0 0 3 0 1 3 4 3 3 3 4 1 2 3 1 1 0
   3 4 4 2 4 3 0 4 1 0 1 3 0 1 3 2]
  [0 0 2 3 3 2 2 3 0 3 4 0 3 4 3 3 4 0 0 0 2 4 3 0 0 3 1 3 3 4 0 2 1 4 0
   3 4 4 4 2 2 0 2 3 2 0 0 1 2 2 4 2 2 0 4 0 1 3 4 4 0 0 1 3 1 1 4 4 0 4
   2 4 3 0 3 4 0 1 3 4 0 0 1 0 0 3 1 1 1 1 4 2 1 2 4 3 3 0 2 4 1 4 2 3 2
   4 2 2 1 2 0 0 3 1 3 1 4 3 2 1 4]
  [0 1 4 4 0 4 1 3 3 3 2 2 3 1 1 0 1 4 3 2 0 2 2 1 0 3 3 1 2 2 2 2 4 1 3
   3 4 2 0 1 4 0 0 4 1 4 0 0 2 1 0 1 1 0 1 2 2 3 3 1 0 2 2 0 1 1 2 1 3 4
   3 3 3 2 3 1 3 3 4 1 4 4 1 3 2 2 4 4 0 4 3 2 4 0 1 3 1 1 4 0 2 2 2 0 1
   1 2 3 2 1 1 4 2 2 3 2 4 2 0 3 3]
  [0 0 4 2 4 4 2 3 2 1 0 2 1 4 1 2 0 1 2 3 4 0 3 4 1 2 0 0 2 0 1 1 2 4 3
   0 3 3 4 2 2 3 0 2 1 0 1 3 0 0 2 1 1 2 0 1 3 3 4 1 1 1 2 4 0 0 2 2 3 4
   4 1 2 1 0 2 1 2 4 1 4 4 2 1 3 1 2 4 4 0 1 4 4 4 2 1 3 3 0 3 4 4 2 2 3
   0 2 4 1 2 2 3 3 1 0 4 3 2 4 3 4]
  [0 4 0 4 4 3 3 3 3 0 1 2 3 4 1 0 4 4 3 2 1 1 3 3 2 1 0 0 0 1 3 1 2 4 1
   1 0 0 1 2 4 0 1 3 1 0 1 0 1 0 3 2 1 2 0 0 1 4 0 1 4 4 0 3 3 2 3 2 2 2
   0 3 3 1 1 4 0 4 4 3 4 1 0 4 1 1 0 1 0 4 2 4 3 2 3 1 2 1 4 3 0 1 0 4 1
   4 3 4 2 3 0 0 3 1 0 3 4 1 2 3 4]
  [0 1 2 2 1 0 1 2 1 3 0 0 3 3 2 1 2 3 2 1 1 0 4 0 1 1 1 0 1 4 4 1 3 2 4
   2 1 2 0 4 3 2 0 4 3 2 1 2 2 3 0 1 0 4 4 4 4 1 1 4 3 0 0 0 2 2 3 0 3 3
   1 2 0 2 1 0 2 4 0 3 1 2 3 4 4 2 0 3 3 4 3 2 1 1 3 1 3 1 2 1 4 1 1 0 2
   2 3 0 4 0 4 1 0 3 2 4 0 2 0 0 3]
  [0 0 0 1 3 1 1 2 3 2 4 1 3 2 4 1 2 1 2 2 4 1 2 0 0 3 2 1 1 0 0 4 1 1 0
   2 3 4 4 4 3 3 0 3 3 2 1 0 4 0 2 0 0 0 4 4 4 2 2 1 3 2 2 4 4 2 4 4 0 0
   4 4 0 4 1 0 2 1 3 2 2 3 0 4 0 2 1 1 2 1 0 0 1 0 3 4 1 2 1 2 3 2 4 1 4
   2 1 2 2 1 0 1 2 1 3 0 4 0 1 2 1]
  [0 3 1 2 4 1 1 1 4 4 2 0 0 4 3 4 0 2 3 4 3 1 1 3 1 2 4 3 3 4 4 0 3 4 4
   1 1 3 3 4 0 2 0 3 1 1 0 3 1 3 3 1 0 2 0 4 2 2 0 4 1 0 2 4 1 4 1 1 0 3
   2 1 4 1 4 4 0 3 1 0 0 0 3 0 4 4 1 3 1 4 1 1 0 2 4 2 0 3 0 3 4 0 4 2 0
   0 0 4 4 1 2 1 3 0 4 1 2 1 2 1 0]
  [0 0 4 3 1 1 3 0 4 1 0 1 4 1 0 3 2 1 3 2 2 2 2 0 0 1 4 4 4 0 1 2 0 1 4
   1 2 1 0 2 0 4 1 1 2 3 4 0 2 3 4 3 2 0 4 2 3 0 1 2 2 0 0 4 2 1 0 2 3 3
   4 1 1 0 4 4 2 3 3 1 4 3 2 2 0 4 2 4 2 3 3 0 2 0 0 4 1 0 0 4 1 3 0 0 0
   3 4 3 1 3 0 1 0 4 3 3 0 3 1 3 4]
  [0 2 1 4 4 0 0 4 4 2 1 2 4 0 2 3 0 3 4 3 0 2 2 2 3 0 0 4 0 0 3 3 0 2 4
   0 0 4 4 2 4 4 4 3 4 1 4 2 0 0 3 1 0 3 0 3 1 1 0 0 0 4 0 0 1 2 0 2 0 3
   3 1 2 4 0 3 0 1 4 4 3 0 2 4 0 3 1 0 4 3 2 3 4 4 3 2 0 3 0 0 0 1 2 0 4
   2 3 4 2 2 1 2 1 2 0 0 3 1 1 2 3]
  [0 1 2 1 3 0 1 0 3 1 1 0 4 3 1 1 1 2 4 4 4 4 3 3 2 3 4 4 3 2 2 2 4 3 1
   1 1 1 4 0 0 0 4 4 4 4 4 4 1 4 3 3 0 4 3 0 3 2 2 2 4 0 2 4 0 0 0 4 0 4
   4 2 2 0 3 3 2 0 0 2 4 0 3 4 1 2 4 0 4 2 1 4 2 0 2 3 4 3 4 2 0 3 0 3 3
   4 0 0 1 2 0 2 0 3 1 3 0 0 1 3 3]
  [0 0 3 4 2 0 0 0 2 2 1 2 0 0 4 0 2 1 4 1 0 1 4 3 0 3 3 3 0 1 4 2 0 0 2
   1 1 2 1 3 0 2 4 4 0 1 0 0 0 0 2 0 4 2 4 1 0 3 4 0 3 2 0 4 1 1 1 4 3 0
   1 3 0 4 3 0 2 3 4 3 2 1 4 4 0 1 1 4 0 3 2 0 0 4 3 0 3 3 0 4 2 3 3 1 3
   4 2 2 3 3 0 0 1 4 1 0 4 3 1 2 0]
  [0 0 4 1 0 1 0 4 3 0 3 4 2 3 4 4 2 0 3 4 1 0 0 3 2 4 1 2 2 0 2 1 4 1 4
   3 4 4 2 3 1 0 4 1 3 0 0 3 3 1 2 2 3 0 3 0 3 0 0 2 3 1 4 3 1 3 2 1 0 2
   1 3 1 2 2 0 3 4 0 0 1 4 1 1 0 2 2 2 1 0 4 0 4 1 4 4 0 1 2 4 1 4 0 4 1
   2 4 0 1 1 0 2 1 1 4 2 4 2 3 0 2]
  [0 3 2 0 0 3 4 4 0 2 3 0 4 4 3 3 2 0 2 3 3 1 1 1 0 3 2 3 1 0 0 4 4 0 4
   1 0 4 1 3 0 3 2 1 4 2 2 2 1 4 3 2 4 4 1 2 4 3 0 3 1 3 3 4 2 1 2 3 4 3
   2 1 0 4 4 1 1 0 2 1 3 3 4 2 2 0 1 4 0 1 3 4 4 4 3 3 4 0 4 2 4 3 0 1 1
   1 0 0 2 3 4 2 4 0 3 1 1 1 3 0 3]
  [0 4 4 0 4 3 1 3 3 2 0 1 2 0 1 4 2 3 2 3 2 1 4 1 0 0 1 3 0 0 0 1 4 4 3
   4 4 4 3 4 3 4 3 3 4 3 2 4 0 4 4 0 1 0 4 2 2 0 4 0 0 3 2 3 2 1 4 0 4 3
   3 2 0 0 0 0 3 3 4 2 4 1 4 2 0 2 3 1 3 2 0 3 3 4 4 0 1 2 3 4 0 1 4 4 4
   2 3 1 0 1 0 3 4 4 2 2 1 1 4 4 0]
  [0 2 4 0 2 2 2 4 4 2 1 2 4 0 1 0 1 3 2 1 0 3 4 1 1 0 0 0 0 0 3 2 3 2 4
   1 4 2 0 2 2 1 2 3 1 4 4 3 3 0 2 0 2 4 4 3 0 1 3 3 0 1 3 0 1 0 0 4 0 1
   0 0 0 4 2 3 1 0 2 3 1 4 4 3 4 3 0 3 1 4 1 4 2 4 4 1 0 1 2 0 4 1 0 1 1
   1 2 3 2 3 3 3 2 0 4 4 1 2 1 4 4]
  [0 4 0 2 3 3 4 3 0 1 1 1 4 1 3 4 1 4 3 4 0 1 2 3 2 3 1 3 3 1 2 3 3 2 2
   3 0 2 1 2 3 4 4 4 4 4 2 2 2 2 3 0 0 1 4 0 2 0 1 1 0 0 2 0 2 2 1 1 4 4
   3 4 1 0 3 3 1 1 4 4 0 1 1 1 1 3 1 1 4 1 4 1 0 1 4 1 2 2 0 1 3 0 4 4 1
   0 4 1 2 4 1 2 1 2 4 3 2 0 4 4 0]
  [0 1 3 4 4 3 4 2 2 0 1 3 2 1 1 3 4 3 1 2 0 0 0 2 2 3 3 1 0 1 0 2 0 4 3
   1 4 3 0 1 3 4 3 4 1 3 1 1 2 0 3 0 0 1 3 2 1 0 0 1 0 2 0 0 1 0 3 0 1 3
   2 4 1 0 0 4 2 1 2 3 2 1 3 2 4 2 2 4 4 1 4 1 0 0 2 3 3 2 2 0 0 4 1 0 3
   3 4 2 4 2 4 0 2 2 2 2 0 3 2 0 0]
  [0 4 4 4 1 3 0 1 3 1 4 0 1 0 1 1 2 1 3 3 4 0 1 4 3 4 0 1 3 1 1 1 2 4 1
   4 4 3 4 1 0 2 0 4 4 1 1 0 3 1 4 0 0 0 2 1 4 1 2 0 2 3 3 0 1 4 4 3 2 1
   1 2 2 2 4 0 3 4 0 2 1 2 4 2 0 4 1 1 2 1 1 0 3 3 3 4 4 1 2 2 0 4 4 4 1
   3 4 1 0 4 4 1 1 3 4 2 1 0 1 4 1]
  [0 4 1 0 0 3 4 3 0 1 3 2 3 3 4 3 0 4 4 2 3 3 3 1 4 0 1 0 1 3 2 0 3 2 4
   4 3 0 2 0 4 4 3 3 2 2 0 4 0 0 0 1 3 0 2 1 0 4 3 1 0 1 3 3 0 1 1 1 1 3
   4 0 4 1 3 1 1 1 0 2 3 2 4 4 2 4 2 0 2 0 1 1 3 0 0 0 3 2 1 2 3 2 1 2 2
   0 1 1 3 2 2 1 1 4 3 1 4 4 1 4 1]
  [0 0 0 4 4 3 3 2 1 3 3 2 1 1 2 1 2 0 3 0 2 0 4 1 3 3 2 4 4 1 1 4 4 2 1
   1 3 1 2 1 3 4 3 1 3 0 1 0 4 4 0 0 4 2 2 4 3 3 4 0 1 4 1 3 4 0 0 2 4 0
   1 4 2 2 3 1 0 1 1 0 4 3 1 2 4 4 1 4 4 0 1 4 1 1 4 4 4 2 4 0 2 1 1 4 2
   0 3 0 2 3 0 1 1 4 0 0 2 1 0 3 3]
  [0 2 4 0 1 4 3 1 1 4 1 4 0 1 4 2 2 1 0 0 3 1 4 4 3 3 3 1 0 4 1 0 3 0 1
   0 3 1 1 4 2 3 2 4 4 2 4 1 0 4 3 2 4 3 3 2 0 4 3 4 4 2 4 0 4 4 0 1 3 0
   4 0 0 1 3 1 1 2 1 4 2 1 2 3 1 2 2 3 1 3 3 3 3 3 2 0 0 0 2 3 0 4 2 4 1
   4 0 0 0 1 0 4 1 2 4 1 1 3 0 2 4]
  [0 2 2 3 1 4 2 1 2 2 0 1 3 1 0 4 0 1 2 0 2 2 3 1 0 0 0 0 1 3 4 2 1 1 4
   2 3 0 2 0 4 4 3 2 4 4 3 4 1 2 4 0 1 4 0 0 2 4 0 1 0 2 4 1 3 0 3 0 1 0
   4 4 3 3 0 0 0 3 4 2 1 0 4 3 4 1 3 3 4 4 0 4 2 2 4 4 3 4 4 4 3 2 4 1 4
   2 3 0 2 0 1 2 1 0 3 3 4 1 2 1 3]
  [0 4 2 4 3 3 2 3 0 4 0 2 1 3 0 4 4 2 1 1 4 4 2 3 3 3 2 0 0 2 4 0 4 2 3
   3 0 2 1 2 3 1 0 4 3 1 2 2 2 0 0 2 3 1 1 1 1 1 3 4 4 4 1 3 4 4 0 2 0 1
   3 2 0 3 3 2 0 2 2 0 3 0 2 4 2 4 2 1 4 3 1 4 2 3 2 2 2 4 3 2 3 0 0 2 1
   4 1 1 2 3 2 2 4 2 4 0 0 1 4 3 3]
  [0 2 3 0 2 3 1 3 2 0 0 1 4 2 3 2 4 2 2 4 1 2 3 3 0 3 2 4 0 3 0 2 3 0 2
   1 1 3 0 0 3 1 3 0 4 1 1 1 0 2 3 2 0 1 2 4 1 3 0 0 1 3 3 4 0 0 4 2 1 0
   0 2 1 0 0 2 2 1 2 2 4 4 4 4 1 1 3 1 2 1 3 3 3 4 4 2 0 3 0 4 2 1 2 3 0
   2 3 4 2 2 2 1 3 0 1 0 2 0 1 1 1]
  [0 3 4 1 2 0 2 3 1 3 1 1 1 2 2 4 0 0 3 3 0 1 3 3 0 1 0 3 0 3 4 3 4 3 1
   2 3 4 2 4 2 4 4 2 4 4 1 3 1 2 1 3 4 0 0 3 4 1 2 2 0 4 1 2 1 0 0 3 4 1
   0 1 4 1 0 4 1 0 3 3 1 2 2 3 4 3 3 3 0 3 1 0 3 3 1 0 1 0 4 1 4 4 3 0 0
   2 4 1 1 0 3 3 2 4 2 2 3 1 3 3 1]
  [0 2 2 3 0 0 0 2 4 4 4 2 1 0 4 2 0 4 0 4 3 4 4 2 1 4 0 4 0 0 2 0 2 4 2
   3 3 0 2 2 4 3 0 3 2 0 1 4 4 1 3 4 4 3 1 2 2 4 2 1 1 1 2 1 3 1 3 2 3 1
   2 0 2 1 1 0 2 0 4 0 0 4 3 4 3 2 3 3 4 4 3 2 1 2 1 4 1 1 2 1 2 1 2 2 4
   3 1 4 2 2 4 3 1 2 3 0 4 0 1 0 0]
  [0 3 1 0 3 3 4 1 4 3 1 1 2 0 3 3 1 0 4 4 1 0 1 1 0 2 0 1 0 4 3 4 2 2 3
   1 2 1 1 3 0 0 2 2 1 1 0 4 0 0 1 3 4 0 3 1 2 4 3 2 2 2 0 3 2 1 3 2 3 0
   1 4 0 2 2 0 3 1 1 2 4 3 1 2 0 3 1 2 4 3 0 3 4 3 1 3 0 4 0 3 0 2 1 4 1
   4 4 0 2 0 1 4 2 0 4 3 3 4 3 2 3]
  [0 1 2 2 0 3 0 3 4 2 3 1 3 1 3 2 1 0 4 0 1 3 4 0 4 1 3 3 3 1 1 3 3 4 1
   2 1 1 3 2 0 1 3 4 1 3 4 0 2 3 4 1 2 0 0 0 2 0 1 4 1 2 0 1 1 3 0 3 4 2
   4 4 3 0 4 0 0 1 3 3 4 0 2 3 1 3 0 0 0 2 4 4 4 1 4 3 1 3 1 4 4 4 1 3 0
   3 2 0 2 2 3 3 4 2 2 1 2 0 4 3 3]
  [0 2 0 2 3 2 3 2 4 4 1 0 0 3 4 1 2 3 2 2 4 0 1 0 4 1 1 2 1 4 3 3 2 2 1
   4 0 0 1 2 3 1 0 1 4 2 0 0 2 3 0 0 1 3 4 3 0 3 4 0 2 2 1 0 2 4 3 3 3 4
   1 3 3 0 0 1 0 0 2 0 1 1 2 3 2 3 0 1 0 1 2 3 0 2 1 4 1 3 4 2 0 2 1 0 1
   3 1 3 4 1 2 2 3 0 2 3 0 4 4 4 0]
  [0 4 0 2 1 4 2 1 0 1 0 2 4 3 1 2 1 1 1 0 2 3 4 3 1 4 2 2 0 1 1 3 4 0 0
   3 1 1 1 1 2 3 3 0 4 0 3 3 2 3 0 1 3 2 4 4 0 2 0 2 4 3 4 2 4 2 4 1 1 2
   2 2 2 2 4 0 2 1 1 4 1 2 2 4 0 3 3 0 0 4 4 4 4 3 1 0 1 4 1 1 1 3 0 2 2
   1 3 3 1 1 0 4 1 0 1 2 4 0 4 1 3]
  [0 2 4 2 2 3 4 0 3 4 1 3 0 2 1 1 0 2 3 0 3 1 0 0 0 2 0 1 2 3 2 0 2 4 3
   0 4 2 2 3 0 3 2 4 2 0 1 0 2 1 2 1 4 1 3 2 1 3 3 2 2 4 1 1 4 4 4 1 2 1
   1 1 1 2 3 2 0 4 3 1 2 4 2 1 3 4 1 0 4 1 3 3 2 3 3 1 4 0 0 0 4 1 0 1 3
   2 1 1 4 1 0 2 3 1 0 1 2 0 1 1 4]
  [0 2 4 4 2 2 1 3 1 4 1 1 4 4 3 4 1 4 2 0 4 2 0 1 1 1 1 2 1 4 4 1 0 1 3
   0 4 0 0 1 4 4 2 2 1 4 1 3 2 0 0 0 2 0 0 4 4 4 1 2 1 0 0 1 4 1 4 4 2 2
   2 2 3 0 2 1 3 0 0 1 3 0 2 4 1 1 0 2 4 0 4 0 3 2 2 3 1 1 2 3 1 0 0 4 1
   1 2 4 4 2 2 4 1 0 1 1 3 0 2 2 2]
  [0 2 0 1 4 4 1 4 1 2 2 3 3 3 1 4 0 2 0 1 4 2 1 2 4 3 0 0 3 2 1 2 3 1 2
   1 4 1 2 4 4 0 0 4 4 1 3 2 2 0 1 4 4 1 0 2 1 2 2 3 2 3 4 0 0 2 1 2 0 3
   4 0 3 1 1 3 3 3 0 3 3 2 2 1 2 3 0 0 3 1 2 4 4 3 2 2 0 2 3 1 0 2 3 3 2
   3 1 4 2 2 0 3 2 2 2 1 2 0 1 1 4]
  [0 4 0 3 0 2 1 4 4 0 1 3 3 2 4 3 0 0 0 0 2 3 4 2 4 4 0 3 2 4 1 3 1 3 3
   4 0 2 3 3 0 3 1 0 1 2 4 1 3 0 1 1 1 1 1 4 1 1 1 2 0 1 1 3 1 1 0 1 2 0
   4 2 1 1 4 0 0 3 1 0 4 3 2 4 4 4 1 4 4 0 0 4 0 0 4 2 4 4 1 2 0 1 1 0 3
   4 3 4 3 1 0 0 3 0 4 0 4 1 1 3 0]
  [0 4 4 3 2 1 0 0 4 3 0 4 2 1 0 1 0 4 4 2 2 3 4 4 4 1 3 3 4 1 3 2 4 0 2
   1 4 4 1 4 1 4 2 2 2 4 0 4 1 3 1 0 4 0 0 2 0 4 0 0 0 4 3 3 1 0 0 0 2 4
   1 2 0 2 0 0 3 2 1 3 0 2 2 1 3 3 0 3 3 2 3 4 0 0 0 0 2 2 2 1 3 4 0 1 4
   0 4 4 2 3 4 4 4 4 1 4 3 2 2 0 0]
  [0 2 0 2 3 1 0 0 4 0 2 2 3 2 4 2 4 4 0 0 2 2 0 4 2 4 3 3 3 3 0 1 0 3 4
   0 4 1 0 1 3 1 2 3 1 1 0 2 1 1 1 3 1 0 4 2 0 0 4 3 0 4 3 3 3 1 0 3 3 1
   3 1 1 1 0 4 1 1 1 3 4 0 3 4 1 4 0 4 2 1 3 2 0 4 4 0 1 0 1 2 4 4 0 0 4
   3 2 1 0 2 3 4 1 2 0 1 3 0 0 4 0]
  [0 1 0 0 1 3 4 3 2 0 4 0 2 0 3 2 3 0 2 0 4 2 4 2 1 4 2 2 4 2 2 2 2 3 4
   2 0 2 0 0 2 3 0 1 2 4 4 3 4 3 3 3 0 4 0 2 2 2 4 2 1 2 3 2 0 2 3 1 3 4
   4 2 4 0 1 0 1 1 2 1 2 2 0 4 3 0 0 2 1 0 2 3 1 4 2 4 1 4 3 3 3 3 1 4 4
   4 2 4 3 3 3 2 4 4 4 2 1 2 3 2 2]
  [0 3 3 0 0 3 1 2 0 0 2 0 2 2 2 3 0 4 0 3 1 2 3 1 3 0 0 4 3 3 1 3 0 1 0
   1 3 1 4 2 0 0 0 4 2 1 4 3 4 1 0 1 4 0 4 4 2 4 4 3 1 3 0 3 1 4 2 4 1 1
   0 3 0 1 1 4 3 1 4 4 1 2 4 0 0 4 1 3 4 3 4 4 2 0 4 1 4 2 1 0 4 4 2 2 3
   2 1 2 4 4 2 4 3 0 1 0 3 2 4 3 4]
  [0 2 1 4 4 4 3 0 3 0 3 3 2 3 0 2 0 0 3 1 0 4 4 0 2 0 1 1 4 0 4 4 0 0 3
   1 4 3 1 4 1 4 1 1 0 1 0 2 4 0 2 1 0 3 3 3 3 3 3 3 1 3 4 4 2 0 3 3 3 4
   4 0 0 3 4 4 2 0 3 1 4 4 2 0 0 0 2 3 0 1 3 2 3 4 2 2 0 1 1 3 4 2 2 1 3
   2 3 2 4 3 2 2 2 3 0 4 2 2 1 4 2]
  [0 0 2 3 1 2 4 3 4 4 1 1 1 0 0 2 4 4 2 3 3 3 4 3 2 4 4 4 3 3 0 0 1 4 4
   0 0 0 1 3 0 0 4 3 4 4 3 2 3 0 1 4 0 1 2 3 3 2 2 2 2 0 3 3 1 3 3 0 1 1
   3 2 1 0 0 3 3 4 1 4 3 3 2 2 4 0 0 2 3 4 3 0 4 3 3 0 2 0 1 4 3 2 0 2 0
   1 1 0 3 4 0 3 0 2 3 3 3 2 3 4 1]
  [0 2 0 3 3 0 2 0 3 2 4 3 2 3 4 0 1 3 1 0 0 3 1 4 1 4 4 3 1 4 4 1 2 1 0
   2 3 3 0 2 3 0 3 1 0 1 3 2 2 3 3 2 0 4 4 0 1 2 2 2 4 2 2 2 3 1 0 2 2 2
   4 3 4 2 0 3 3 4 3 4 0 3 4 2 2 0 0 4 1 1 3 1 3 3 1 2 2 0 4 3 2 2 3 3 4
   2 1 4 0 2 3 3 3 0 3 3 4 4 4 3 1]
  [0 3 0 1 1 3 0 4 2 0 2 3 4 3 0 1 1 4 0 0 1 2 3 2 0 2 1 1 2 3 2 1 3 0 4
   2 1 0 2 2 4 3 4 4 3 4 1 2 3 1 1 3 4 1 4 3 2 2 4 3 4 4 2 2 2 0 0 3 2 0
   1 4 4 4 1 1 4 3 4 0 0 1 4 2 3 4 0 0 0 2 2 4 2 1 3 1 3 0 1 2 1 3 4 1 4
   1 2 1 3 1 0 0 4 1 0 0 1 3 1 0 1]
  [0 4 4 0 1 0 0 0 2 2 2 3 0 4 4 2 1 1 3 0 0 1 3 1 1 1 4 3 3 2 0 1 0 2 4
   4 2 2 0 4 3 3 2 2 3 3 2 4 2 1 0 0 1 3 4 3 4 4 4 2 0 4 1 0 4 0 3 1 0 0
   3 2 1 4 0 0 4 2 2 1 2 1 1 2 3 1 4 3 0 2 4 1 3 0 4 1 2 3 3 2 4 0 0 0 4
   3 0 2 2 1 3 1 2 4 0 3 4 1 4 3 4]
  [0 1 3 4 3 0 4 0 4 4 4 0 4 3 1 1 3 2 2 0 4 2 4 1 0 2 2 2 3 3 0 2 2 1 4
   4 2 1 0 0 3 1 0 4 4 1 3 1 1 4 3 2 2 1 3 1 2 0 4 4 0 2 2 0 2 2 1 0 3 2
   1 2 4 2 4 0 1 3 1 1 4 3 0 3 3 3 1 3 3 0 4 1 2 1 2 0 3 0 3 4 4 0 3 2 3
   3 0 1 0 1 4 4 1 3 2 4 1 4 4 3 1]
  [0 1 4 4 4 2 4 0 0 0 4 2 2 0 3 0 4 4 2 1 3 4 3 3 4 4 4 0 2 2 4 4 3 1 2
   2 0 0 0 0 1 2 4 3 1 0 4 4 0 1 2 2 0 2 3 3 4 4 4 0 3 1 4 4 3 0 1 2 4 1
   1 4 3 2 2 3 2 3 3 1 0 1 0 0 1 2 2 0 1 1 0 3 3 4 3 4 3 4 0 1 3 1 1 4 4
   3 2 2 3 0 2 0 1 1 3 3 3 0 2 1 1]
  [0 0 1 2 2 4 0 1 1 0 3 0 0 1 1 3 1 1 0 3 0 4 4 0 4 4 1 2 3 1 2 1 0 1 2
   2 1 3 4 3 2 1 0 2 0 1 3 2 2 0 0 3 3 1 2 1 2 0 3 4 4 2 0 3 3 4 0 4 2 1
   0 4 3 2 3 4 4 2 4 4 0 2 2 3 4 2 3 2 3 4 2 0 1 4 4 1 2 3 4 2 4 4 4 3 2
   0 1 4 2 0 3 3 0 3 4 3 4 3 2 0 4]
  [0 1 1 2 4 4 0 1 2 3 2 3 3 1 2 3 3 4 3 0 4 1 2 3 1 1 0 3 0 1 2 4 1 2 1
   0 0 1 4 2 3 1 2 0 3 1 4 4 0 3 3 1 0 1 4 0 3 0 3 1 4 1 2 3 2 2 2 4 2 0
   3 0 3 3 4 2 0 4 0 1 0 0 4 4 2 3 2 1 1 2 2 2 0 3 3 1 2 3 1 1 3 1 4 4 4
   4 1 0 4 2 0 4 1 2 4 0 2 1 2 3 4]
  [0 0 1 3 0 1 2 4 3 1 0 4 2 0 3 0 3 4 0 0 2 1 1 0 1 4 1 3 2 1 0 4 3 4 3
   1 1 0 1 2 1 4 2 2 3 4 0 1 1 1 0 0 2 4 0 1 1 1 3 3 2 4 4 1 1 0 1 3 1 3
   0 3 0 0 1 0 2 0 4 3 1 1 2 1 3 4 3 2 2 4 0 0 2 0 2 3 1 2 4 0 3 1 3 0 1
   4 0 0 3 4 3 0 4 2 3 1 3 1 1 4 0]
  [0 3 3 0 1 4 2 4 2 3 1 1 2 0 3 3 2 3 0 3 3 4 2 2 0 2 4 3 1 3 2 2 3 3 3
   4 3 4 3 0 2 1 1 2 3 0 0 1 2 4 0 2 3 2 1 0 3 4 2 1 0 1 4 2 4 4 1 4 3 1
   1 0 3 3 3 2 4 0 0 1 4 3 4 0 4 1 3 2 0 3 0 1 1 0 0 0 3 2 3 4 0 0 1 3 4
   1 3 4 3 3 3 0 4 4 2 0 1 3 0 0 4]
  [0 2 4 1 3 0 0 1 2 0 2 4 1 4 0 0 1 4 0 1 3 1 0 0 4 2 3 2 1 2 2 3 0 1 0
   3 4 3 1 0 0 3 1 4 4 4 1 4 4 3 3 1 0 0 1 4 0 4 2 0 0 2 0 1 2 4 1 3 4 2
   1 4 2 3 2 3 4 0 4 4 1 2 1 0 2 0 1 4 0 3 4 0 2 1 3 0 1 3 3 3 3 4 3 1 0
   1 3 2 3 4 0 3 4 0 2 1 4 1 0 0 1]
  [0 2 2 2 0 3 4 2 4 1 3 4 4 4 0 1 2 2 3 2 2 0 3 4 2 2 1 2 0 3 4 4 0 4 4
   1 2 0 4 1 3 1 2 1 3 2 2 3 1 0 2 1 2 0 0 1 1 0 4 4 2 1 4 3 3 2 3 0 2 1
   0 2 3 1 3 4 3 1 0 1 4 2 2 0 1 4 4 2 0 0 2 1 3 3 3 1 0 3 1 2 2 4 4 3 2
   1 3 1 3 2 3 3 0 3 3 2 4 4 2 3 3]
  [0 0 2 3 1 1 2 0 1 1 4 2 2 4 2 3 4 3 0 1 2 3 3 0 2 3 3 2 1 1 1 4 3 4 3
   3 4 3 2 1 1 0 3 4 1 2 3 1 0 1 2 1 3 1 1 0 1 2 3 0 2 0 2 3 3 0 2 0 1 1
   2 3 0 3 1 0 1 1 2 1 3 3 1 0 0 4 1 3 4 1 4 1 1 3 1 4 0 0 2 0 2 2 1 4 0
   2 2 3 1 2 2 3 3 3 2 3 2 0 0 4 0]
  [0 0 2 4 0 2 4 3 3 2 3 0 0 1 4 3 3 0 0 4 2 3 0 1 3 1 3 3 4 0 2 0 4 0 2
   0 0 4 2 0 0 2 1 2 1 0 2 3 0 0 3 4 0 1 2 0 2 0 3 1 3 2 1 4 1 4 3 3 4 4
   0 0 0 1 0 3 1 2 3 3 4 4 4 4 1 0 0 3 3 0 0 4 4 0 0 3 3 0 0 4 1 1 4 0 2
   3 0 2 3 1 1 2 0 4 4 1 4 4 0 0 4]
  [0 1 4 0 2 0 4 4 3 0 0 3 2 4 0 4 0 0 1 3 3 3 1 2 4 3 0 0 4 2 3 0 0 2 0
   2 4 0 3 0 0 2 0 0 2 4 4 2 4 3 2 1 3 1 1 3 4 1 1 2 0 0 2 4 4 0 0 4 1 1
   4 4 0 4 1 2 1 0 3 1 3 0 1 0 4 0 3 2 1 1 0 2 2 2 1 1 3 1 4 0 2 2 0 2 4
   2 1 1 2 2 3 4 4 4 3 3 1 0 1 4 4]
  [0 3 3 2 0 1 3 3 0 4 4 4 1 3 1 2 3 2 2 3 4 3 2 3 4 0 4 4 4 2 1 2 0 1 3
   1 3 2 4 2 2 2 2 3 4 1 4 0 0 2 2 4 1 2 4 0 0 3 0 4 3 4 4 0 1 2 1 2 3 3
   0 4 0 0 3 3 0 1 3 4 4 2 0 1 2 2 3 0 1 3 1 3 2 4 1 3 3 0 4 0 0 3 4 0 1
   4 0 1 2 4 0 0 0 0 3 0 4 3 4 4 4]
  [0 2 4 3 0 0 3 2 4 4 1 0 2 2 0 0 4 0 3 1 1 2 4 3 4 1 0 4 2 0 2 0 3 1 2
   3 0 1 1 4 3 4 2 0 0 1 3 4 4 3 2 3 3 0 4 0 4 0 0 0 3 4 2 4 3 0 3 0 3 4
   2 4 2 2 1 0 2 2 1 4 0 1 3 4 2 3 3 1 1 2 1 1 1 4 2 3 3 4 4 2 1 0 1 3 2
   4 0 1 3 2 0 4 0 2 0 3 2 1 3 0 2]
  [0 2 1 0 3 3 0 4 3 1 1 0 1 4 0 2 0 2 2 1 3 0 4 1 0 3 0 2 0 0 0 2 4 1 4
   3 3 0 1 3 3 2 3 0 3 4 1 1 4 1 4 3 0 1 2 3 1 1 1 3 4 2 3 3 1 4 2 4 3 2
   0 1 4 0 4 1 4 3 2 2 0 4 4 0 4 1 2 4 2 1 3 4 2 0 4 0 3 2 3 3 0 2 0 0 4
   2 0 1 0 2 2 2 4 1 0 3 2 4 1 1 2]
  [0 0 4 4 0 3 1 0 1 2 4 1 0 1 1 2 1 0 0 0 4 3 3 4 2 0 2 3 2 0 2 0 0 4 0
   1 1 0 4 1 4 2 3 0 3 0 2 0 4 1 2 4 3 0 1 4 3 1 3 3 1 2 0 0 1 3 0 1 1 1
   4 3 1 2 3 0 0 1 4 0 0 3 1 4 2 4 3 1 3 0 3 0 4 0 1 2 4 0 0 4 0 2 3 0 1
   1 2 1 2 4 4 0 2 3 3 2 3 2 4 2 4]
  [0 3 4 3 1 4 0 3 2 4 0 1 3 1 4 3 0 3 3 3 1 4 3 3 3 3 3 4 0 4 3 4 1 2 3
   3 2 0 1 2 1 2 1 4 4 2 4 4 0 3 0 4 3 4 4 4 1 3 4 2 3 2 3 4 1 4 2 2 3 2
   3 1 3 1 2 0 1 1 3 1 0 2 0 4 3 3 4 3 3 0 4 2 1 2 1 4 0 2 3 2 0 4 3 3 0
   0 1 1 2 0 0 1 3 2 2 1 0 0 1 4 1]
  [0 1 2 0 1 3 1 2 3 3 0 2 4 3 1 4 4 1 4 2 0 2 1 4 3 1 0 2 2 2 3 4 4 2 2
   0 1 1 3 0 1 4 4 4 3 1 3 2 2 4 0 1 4 2 2 1 0 1 4 4 4 1 2 3 1 3 1 0 1 1
   3 0 0 0 2 4 2 2 4 1 0 0 3 3 4 1 0 0 3 4 0 0 2 1 2 0 3 2 3 2 2 1 3 0 0
   0 0 4 2 1 0 0 1 4 3 0 2 0 2 1 4]
  [0 4 1 4 4 0 0 4 0 3 2 1 0 3 4 1 3 3 1 4 1 0 3 3 3 0 3 3 3 4 0 0 1 1 4
   1 0 3 3 3 2 1 3 3 3 4 3 0 0 4 2 4 1 0 1 1 1 4 1 1 3 0 2 0 1 2 2 0 4 2
   3 0 2 4 3 0 3 4 2 1 3 0 0 1 2 1 3 1 0 0 2 4 4 2 2 0 2 2 4 4 0 0 2 4 4
   2 0 3 2 0 1 0 2 0 2 4 1 0 3 2 4]
  [0 3 4 3 1 0 1 0 2 0 2 3 0 3 0 3 0 3 1 0 2 0 2 0 3 4 4 1 2 4 4 3 3 0 3
   1 0 2 1 4 2 2 4 0 0 1 2 0 0 4 1 3 0 1 1 3 2 4 1 0 2 2 2 2 4 4 0 3 4 3
   3 1 0 1 3 0 3 0 0 4 2 4 4 3 3 3 3 2 2 4 0 2 4 1 0 1 0 3 4 4 4 0 3 1 2
   0 2 0 4 4 1 3 1 1 1 2 3 1 3 4 3]
  [0 3 1 0 0 2 2 1 2 4 1 3 4 2 0 3 2 3 0 4 4 3 2 1 4 3 2 0 4 0 3 1 2 1 3
   4 2 2 1 1 4 3 3 2 3 2 2 2 4 1 3 2 0 1 3 2 2 2 3 1 4 1 0 3 0 1 0 0 2 2
   1 2 0 1 3 1 4 3 0 1 1 4 1 4 0 0 1 2 4 0 2 4 4 3 1 2 3 1 0 3 1 0 3 1 3
   1 2 1 0 3 2 4 0 0 2 1 0 4 2 4 0]
  [0 3 3 4 1 2 4 1 1 0 2 4 2 1 3 3 4 1 0 4 1 3 0 4 2 4 4 4 4 1 4 4 2 1 0
   0 0 1 3 1 4 0 2 4 3 3 3 0 2 2 4 0 0 2 3 4 2 2 3 3 3 2 4 0 0 1 1 2 0 0
   1 3 4 1 2 1 0 1 3 4 3 3 0 3 1 1 2 3 1 2 1 4 1 1 1 0 1 2 2 0 1 2 4 0 3
   1 4 0 4 0 0 3 2 2 3 1 2 4 2 0 3]
  [0 4 4 4 4 4 2 2 4 0 2 2 3 2 0 0 4 3 3 4 1 3 1 1 0 0 1 2 3 2 3 3 0 1 4
   2 4 1 1 1 0 4 3 4 3 1 1 2 0 3 3 0 3 2 3 3 3 1 0 4 0 0 1 4 0 1 3 2 3 0
   4 1 2 4 2 4 4 2 3 0 3 0 2 3 4 4 2 2 4 4 0 0 3 3 2 2 2 4 1 0 0 4 0 1 3
   3 2 4 1 0 0 2 1 3 3 0 2 2 3 2 0]
  [0 3 3 0 0 1 2 3 1 1 0 1 4 4 0 4 2 1 2 1 4 3 2 1 3 3 3 3 3 2 1 4 4 2 3
   1 1 0 2 4 2 0 4 0 1 2 0 3 2 3 3 4 0 1 4 4 1 4 1 4 1 3 1 3 4 2 3 4 0 4
   1 3 0 2 4 2 2 2 4 4 1 4 0 1 0 4 0 2 1 0 0 1 2 1 1 1 1 0 1 2 0 3 4 1 1
   2 1 2 3 0 0 0 2 3 0 1 2 2 1 0 2]
  [0 2 2 2 0 3 0 3 3 2 2 2 2 4 1 0 3 1 2 1 4 0 4 1 3 3 1 0 2 4 1 2 3 3 4
   1 2 1 4 2 0 2 3 1 1 1 2 1 4 3 3 1 0 2 3 0 1 0 3 3 2 3 0 3 2 0 2 4 2 0
   1 2 3 1 1 2 2 1 1 2 3 3 1 0 3 1 3 1 2 0 0 4 3 4 2 4 4 3 0 1 1 1 1 1 1
   2 3 1 2 1 4 4 0 4 2 2 4 2 4 4 4]
  [0 1 2 3 3 2 2 4 1 1 4 1 2 2 3 0 0 2 2 4 4 4 2 2 0 3 4 4 1 2 1 0 1 4 1
   4 4 0 3 3 2 0 4 1 4 1 4 0 1 3 4 0 2 2 1 1 0 2 1 1 1 0 2 0 3 0 4 4 2 0
   2 2 0 1 0 0 1 4 1 4 2 1 2 3 0 4 1 2 4 2 3 0 1 0 1 4 4 0 3 3 2 3 0 1 0
   0 1 3 2 3 3 4 1 0 0 1 1 4 0 0 0]
  [0 3 0 3 2 0 0 2 0 1 0 4 2 3 0 1 3 0 3 2 0 4 3 3 4 3 2 4 4 4 2 4 1 2 3
   4 2 1 3 0 3 4 0 2 0 4 4 2 2 3 1 1 2 3 4 2 4 4 0 2 3 3 0 2 0 3 2 1 4 3
   3 3 3 1 0 1 4 0 2 0 3 3 0 3 2 4 3 0 3 1 3 1 0 1 4 0 1 2 1 0 3 0 4 2 2
   3 2 3 4 1 1 2 4 1 0 0 1 3 2 0 1]
  [0 4 4 3 2 4 1 4 3 2 2 2 0 4 2 1 2 4 3 1 1 1 0 4 3 2 2 2 0 1 3 3 0 3 2
   0 0 4 3 4 4 4 2 2 4 1 2 4 1 4 3 0 4 4 0 1 4 3 1 4 4 2 4 1 0 2 2 0 4 2
   2 3 4 4 1 4 0 3 4 4 1 2 3 3 4 3 1 0 1 0 4 1 3 2 4 4 0 3 0 3 1 2 2 1 2
   3 2 2 4 4 1 3 4 4 3 0 3 2 3 2 0]
  [0 1 3 3 4 4 2 4 2 1 0 0 2 1 1 2 1 1 3 4 2 3 4 2 4 2 0 4 0 2 4 4 2 2 2
   4 4 0 0 1 2 4 3 4 2 0 3 2 0 2 2 2 2 2 2 4 4 1 0 3 0 1 4 2 4 3 0 0 4 1
   1 2 0 2 1 4 4 0 0 2 3 4 0 4 2 1 0 4 1 1 4 0 4 2 0 0 3 0 3 3 0 3 0 2 1
   1 3 1 1 2 2 2 1 3 0 2 0 4 4 2 0]
  [0 1 4 1 1 4 0 3 1 3 2 0 4 4 0 2 4 4 2 4 3 1 4 1 2 2 2 1 0 4 2 4 0 0 2
   0 3 2 4 1 0 1 4 3 4 3 3 3 2 4 2 3 0 0 2 0 4 0 2 1 4 1 3 3 2 2 0 3 3 4
   0 3 2 0 3 0 1 0 3 3 1 3 1 3 0 1 3 2 2 3 2 3 3 0 4 0 2 0 4 1 3 0 0 1 2
   1 0 1 3 1 3 4 2 3 4 4 0 0 2 4 0]
  [0 0 2 1 2 0 4 2 1 2 2 3 2 1 4 4 3 2 4 4 3 1 1 0 1 3 2 3 3 2 0 2 4 3 4
   4 1 1 3 2 2 1 2 4 4 3 3 3 4 3 2 2 0 2 3 0 2 3 4 0 0 4 3 3 3 1 4 0 0 2
   0 4 3 3 3 1 3 0 4 0 3 0 1 0 4 2 4 4 0 0 1 4 3 4 1 2 4 4 3 4 1 3 2 3 4
   2 4 0 1 4 3 3 3 4 2 1 2 3 0 1 4]
  [0 3 3 2 0 3 1 4 0 1 3 4 0 3 2 2 1 1 4 3 0 3 2 4 4 4 1 0 1 1 1 1 4 3 3
   2 1 0 0 4 1 2 1 3 3 2 4 4 0 1 2 0 1 3 0 2 1 1 4 3 3 3 1 0 3 1 4 0 1 4
   0 3 3 0 4 4 4 2 3 0 2 4 2 0 0 4 0 0 1 3 2 4 2 4 1 1 3 3 2 1 1 3 1 4 4
   1 4 3 1 2 1 3 3 1 4 1 1 3 4 0 1]
  [0 2 4 0 2 2 4 2 3 4 0 4 3 4 3 2 2 1 1 2 1 1 1 1 2 2 1 0 2 4 0 4 4 2 4
   3 0 4 2 0 1 0 0 0 3 3 1 2 1 1 2 2 2 0 3 1 1 3 1 3 0 0 4 1 3 1 2 1 0 0
   0 0 3 4 3 4 3 3 4 2 2 1 0 3 2 3 0 4 3 3 3 4 3 4 3 1 4 2 0 4 1 4 1 1 3
   2 1 2 2 1 4 4 1 3 2 4 0 1 0 1 0]]

 [[0 4 3 4 4 3 4 0 1 3 1 2 2 4 3 0 3 2 1 0 4 3 0 3 1 3 0 1 3 2 2 4 1 1 4
   3 1 2 3 4 2 0 2 2 4 3 3 3 1 4 1 1 3 4 0 3 0 3 0 1 0 0 4 3 1 1 2 1 1 1
   3 4 3 3 1 4 0 2 0 3 1 4 4 3 0 2 4 2 4 2 3 4 1 4 3 3 3 4 0 0 3 1 1 2 4
   2 2 4 1 1 0 3 0 4 3 4 2 1 2 1 3]
  [0 0 4 3 2 0 4 1 4 1 2 4 1 4 2 0 1 2 1 0 3 0 3 2 1 2 4 1 1 3 4 1 1 0 1
   4 3 2 3 4 0 3 1 1 3 2 0 1 1 1 2 3 4 3 4 4 1 2 2 4 4 4 4 3 3 3 4 3 3 2
   0 2 0 1 2 1 3 1 3 0 1 0 3 0 0 3 2 1 3 4 3 3 3 4 1 0 0 2 4 4 1 2 0 2 2
   1 4 0 0 3 2 3 3 2 0 0 4 4 4 1 1]
  [0 3 0 3 1 0 2 0 4 2 0 2 3 3 4 2 1 3 3 1 2 1 3 1 4 4 2 2 0 4 2 0 0 0 4
   0 1 4 4 3 0 3 4 4 2 1 0 4 2 3 2 1 3 3 3 3 2 0 2 1 3 0 3 2 2 1 4 4 1 4
   0 4 3 1 1 2 4 3 0 1 2 3 1 0 3 4 1 4 4 4 3 2 2 0 3 4 0 0 3 4 0 1 4 4 4
   1 4 2 3 2 0 0 2 3 2 1 3 0 2 3 2]
  [0 1 3 0 3 3 1 2 0 1 3 1 4 1 1 0 1 2 0 3 4 2 2 1 0 4 3 3 2 0 0 3 0 4 0
   0 0 4 1 0 1 2 3 3 2 4 0 4 2 3 3 0 1 4 2 2 1 0 2 0 3 2 1 1 4 1 3 2 3 1
   0 1 2 3 3 2 4 1 1 1 0 4 1 3 3 3 1 1 1 1 0 4 3 0 2 2 1 0 2 0 4 4 3 2 1
   0 2 2 3 3 2 3 1 4 1 1 4 4 3 0 1]
  [0 3 2 2 0 4 3 0 2 0 4 0 1 3 4 1 1 2 4 1 4 4 1 2 4 4 2 0 0 4 3 3 4 1 4
   2 4 4 4 1 3 3 2 4 3 0 2 2 3 2 3 0 4 3 0 3 0 2 1 1 2 1 2 4 0 0 2 3 4 3
   0 3 0 2 1 1 3 3 4 0 0 3 1 4 3 0 4 2 2 0 4 3 2 1 1 1 3 1 4 4 0 4 1 1 4
   3 2 3 0 2 2 1 3 2 2 2 0 2 1 1 4]
  [0 3 3 3 4 0 0 2 0 4 0 1 4 1 3 0 0 3 1 3 4 4 2 4 3 2 0 2 4 4 0 0 2 3 2
   0 1 3 1 2 3 0 4 1 4 0 0 1 4 2 1 2 4 0 4 2 3 2 2 3 1 1 4 0 3 1 3 0 2 2
   2 1 3 0 2 4 0 1 2 3 1 0 0 1 0 1 0 0 4 0 1 0 0 2 3 0 0 3 3 4 0 2 1 4 0
   1 2 3 0 4 3 3 4 1 0 4 2 3 2 4 2]
  [0 3 1 0 1 4 0 0 1 0 1 4 2 4 2 3 1 4 1 2 4 3 2 2 1 2 4 4 1 0 1 2 2 0 4
   3 2 1 0 0 1 4 4 4 2 0 3 1 4 1 3 0 1 4 1 2 1 1 4 2 4 1 1 3 3 2 3 4 4 1
   4 3 2 0 0 2 4 3 3 4 2 0 0 1 2 3 4 4 3 4 0 0 2 4 4 1 3 0 0 1 0 4 1 3 3
   4 4 1 1 2 2 3 0 0 2 0 3 4 3 1 1]
  [0 3 1 1 0 1 4 0 1 4 0 0 3 4 3 4 4 4 1 3 4 4 1 4 4 1 1 0 0 4 1 1 0 0 0
   1 3 1 4 2 1 4 3 2 0 2 3 4 3 4 4 2 3 0 0 1 0 3 1 4 4 1 2 4 1 1 0 4 0 2
   4 1 1 1 4 1 3 2 2 4 1 2 2 1 1 2 3 0 0 3 1 3 0 4 3 4 2 3 1 3 0 3 3 1 4
   3 1 0 2 0 0 1 1 0 1 3 1 2 1 1 1]
  [0 4 4 4 1 1 2 4 0 2 2 3 3 2 0 3 0 3 1 1 4 3 3 0 1 0 3 1 2 2 3 0 1 3 4
   3 2 4 1 2 0 4 4 2 2 3 0 4 4 2 2 2 3 1 4 2 1 0 2 3 4 2 3 0 4 4 3 2 3 3
   3 4 1 0 0 2 3 1 2 4 2 2 3 2 0 0 0 2 2 3 4 2 0 2 0 2 1 4 2 4 0 0 2 4 2
   2 4 2 1 0 4 4 0 2 4 2 0 3 1 1 3]
  [0 1 1 2 2 3 2 0 3 0 3 3 0 4 0 1 4 4 3 1 2 0 3 2 0 2 2 0 2 2 3 3 4 4 1
   0 0 1 1 3 2 4 3 0 3 4 2 2 1 4 4 2 0 0 4 2 1 0 4 3 0 3 4 3 2 3 0 2 0 0
   1 2 2 2 1 2 3 2 2 0 4 0 4 1 2 1 1 4 2 4 0 3 4 0 3 1 4 1 1 4 1 1 1 0 4
   2 3 1 4 2 1 2 0 1 4 2 3 2 0 0 3]
  [0 4 0 1 2 4 4 0 1 4 0 2 0 0 4 0 2 4 2 1 2 4 2 2 1 3 2 4 2 0 4 1 4 3 2
   1 3 2 4 2 3 3 3 0 4 4 3 3 0 2 4 3 2 2 0 2 4 4 4 2 4 0 1 3 3 0 3 1 3 0
   2 0 3 1 3 0 1 0 2 3 2 3 0 0 1 1 3 4 0 1 0 0 1 0 1 1 1 2 4 2 2 2 3 3 3
   2 1 0 2 2 0 1 1 1 0 4 2 4 2 2 4]
  [0 0 3 3 0 1 0 1 0 0 1 0 1 4 1 4 3 1 2 2 1 0 0 2 4 4 0 0 4 1 2 0 2 4 1
   0 3 4 1 0 1 1 0 4 3 1 2 0 2 0 1 0 3 3 2 4 1 4 0 2 3 0 1 3 4 2 2 3 4 4
   3 2 2 2 1 3 0 0 0 1 2 2 1 0 4 4 2 1 1 2 1 4 4 3 4 2 4 1 0 3 1 3 1 1 1
   3 2 3 4 0 0 3 0 3 1 3 0 2 0 3 2]
  [0 2 4 0 3 2 3 2 2 4 3 2 0 3 3 3 1 0 1 1 3 4 0 0 2 4 3 1 4 3 0 3 1 3 0
   3 1 4 1 1 0 1 0 2 1 3 1 3 1 4 4 2 4 1 1 2 2 1 4 1 0 0 3 0 1 1 2 1 1 2
   0 1 0 0 4 4 3 0 4 1 3 2 1 2 2 4 1 1 2 1 2 0 2 1 2 0 1 1 3 1 2 0 1 3 2
   1 3 4 2 0 3 1 0 0 4 2 1 4 3 3 0]
  [0 2 0 0 4 0 3 0 0 1 1 1 1 0 1 0 3 1 0 4 1 4 3 2 2 4 3 0 4 0 4 0 3 0 2
   3 2 3 1 3 3 4 0 3 1 4 3 4 1 1 2 4 3 2 3 3 1 3 3 4 2 2 2 4 3 4 4 1 1 3
   2 0 2 3 3 3 4 1 3 4 4 0 3 2 2 0 4 2 3 1 0 1 3 4 0 2 4 0 4 1 4 3 3 4 4
   4 1 2 3 4 1 0 0 3 3 1 0 1 2 1 2]
  [0 4 0 1 0 2 1 2 0 0 4 2 3 3 0 2 0 3 3 2 4 3 3 4 2 4 1 0 1 3 2 4 2 2 0
   2 2 1 3 0 0 0 4 0 2 0 1 3 0 0 0 0 1 4 0 0 4 1 2 1 2 4 0 0 0 0 1 1 4 3
   2 2 0 4 4 1 0 2 3 4 3 3 4 3 4 4 1 1 3 1 4 3 2 1 3 1 0 3 3 3 0 4 1 2 3
   4 4 0 2 3 1 1 0 2 0 3 4 4 2 2 4]
  [0 0 2 2 1 1 3 1 1 0 2 3 3 2 2 0 1 2 1 0 2 1 2 0 3 4 4 2 0 3 1 0 0 1 4
   0 3 4 4 3 0 1 4 2 0 3 0 0 4 4 0 2 2 3 0 4 4 2 2 3 3 4 2 2 0 3 1 4 2 2
   0 3 3 0 4 3 4 3 2 3 1 4 4 0 1 2 2 3 1 1 4 3 2 4 0 4 4 1 0 2 3 3 3 0 4
   4 1 4 1 2 2 0 0 0 4 2 1 2 1 4 0]
  [0 4 1 2 1 1 4 1 1 3 4 2 4 1 4 3 0 1 0 1 2 0 0 2 2 4 1 4 0 2 0 1 4 3 4
   1 2 4 4 3 1 0 2 0 2 3 3 1 4 4 2 3 0 0 2 3 4 0 2 1 4 4 3 1 0 3 1 4 2 2
   0 4 2 3 3 0 0 2 1 2 4 4 0 4 4 0 4 1 0 0 0 4 0 0 3 0 2 3 0 1 4 2 0 1 4
   2 0 3 4 1 1 1 1 2 0 3 4 0 4 0 3]
  [0 0 4 0 4 4 4 0 1 1 4 1 0 1 3 2 3 0 0 3 0 2 1 1 1 1 2 3 3 4 0 0 4 1 4
   0 0 2 1 2 1 4 0 2 4 1 4 2 3 2 3 4 2 1 3 3 1 1 2 0 0 0 1 3 2 1 0 0 4 3
   2 0 3 4 1 3 2 2 4 0 2 4 0 4 2 1 0 3 3 3 0 2 1 0 4 4 2 3 4 0 0 2 1 2 4
   0 4 3 2 4 0 2 0 0 1 2 2 4 2 3 0]
  [0 3 0 1 4 4 0 4 0 4 3 3 0 4 0 4 3 4 0 3 2 2 0 2 4 2 1 4 2 1 0 4 3 2 2
   3 4 1 2 1 4 3 0 3 2 2 4 1 0 0 3 2 3 3 0 3 4 1 4 0 3 0 3 2 2 0 0 2 4 0
   4 3 0 3 3 4 2 3 0 2 3 2 3 4 3 0 3 3 4 4 0 1 1 0 1 2 3 0 4 4 3 3 2 1 4
   0 4 2 3 1 0 2 2 4 4 2 0 0 2 0 2]
  [0 0 1 1 2 2 4 3 1 0 3 0 1 0 1 2 1 2 4 0 4 3 3 1 1 1 2 2 0 0 3 4 1 2 1
   4 1 2 2 3 3 3 0 2 0 3 3 4 3 2 4 3 1 2 3 1 1 3 0 4 3 0 4 2 2 4 4 0 2 0
   2 3 2 0 2 2 4 3 0 4 1 2 2 0 2 0 3 4 2 4 4 2 4 4 0 0 1 2 0 4 2 0 1 0 4
   4 4 1 0 3 2 1 0 0 3 2 1 1 3 1 4]
  [0 4 0 1 4 0 3 3 2 1 3 3 4 0 0 1 2 4 1 1 0 2 4 2 3 3 3 1 2 1 3 1 1 0 3
   1 1 0 4 1 1 0 1 4 3 0 1 2 2 2 0 3 0 2 1 3 2 4 0 2 2 4 3 0 0 1 4 2 3 3
   2 0 3 2 3 4 2 0 2 4 1 3 3 2 0 3 1 3 3 3 0 4 2 2 2 0 0 4 0 0 4 3 1 2 0
   0 1 0 4 2 4 2 2 3 4 0 4 1 4 4 0]
  [0 0 0 2 1 1 3 4 3 3 0 3 2 4 2 0 1 4 0 3 2 0 4 3 2 3 4 0 3 0 1 1 3 4 1
   3 0 2 0 4 1 0 3 1 1 4 4 1 1 2 0 0 3 0 1 2 0 0 4 0 4 0 4 4 0 4 1 2 4 3
   3 2 4 3 0 4 2 1 1 1 3 0 4 1 1 1 0 4 2 4 4 3 4 4 0 4 4 3 1 0 3 3 1 0 4
   1 3 2 4 3 4 3 3 2 0 4 0 2 1 2 0]
  [0 4 0 3 1 4 1 3 0 3 0 1 1 2 3 3 0 1 1 1 0 3 0 2 4 4 1 3 2 4 0 4 2 4 0
   1 1 0 1 1 1 2 3 4 1 1 4 0 2 1 3 2 3 4 4 0 4 4 1 0 0 4 1 1 3 3 0 4 2 2
   4 2 0 3 1 2 3 1 0 1 2 2 3 0 0 2 2 4 0 2 3 1 1 4 0 3 1 1 4 1 3 4 2 3 2
   3 3 1 2 1 0 1 4 4 1 4 4 1 2 4 4]
  [0 1 1 4 0 1 1 2 0 4 2 2 4 3 0 3 0 1 2 2 4 3 1 0 1 2 2 0 2 0 2 0 0 1 2
   3 1 1 0 4 3 0 2 1 2 1 1 1 3 4 3 0 0 3 0 1 1 0 3 1 3 1 4 4 3 3 4 2 1 2
   4 0 4 2 1 1 4 4 3 1 4 3 3 1 2 2 0 3 4 3 0 4 2 0 2 3 2 1 2 4 3 1 1 0 1
   1 4 1 1 1 0 1 3 2 2 2 0 4 0 2 3]
  [0 0 0 1 4 0 4 0 4 1 4 4 0 4 1 2 1 1 1 1 3 1 0 3 0 1 1 4 1 0 2 2 1 1 0
   3 4 4 1 4 1 3 1 4 0 1 4 3 4 3 4 2 0 1 3 2 1 4 4 2 2 3 2 0 2 4 2 4 3 0
   0 1 2 0 0 3 1 0 3 2 2 0 0 4 2 1 2 4 3 3 3 3 2 0 0 3 4 0 0 4 0 0 4 1 1
   1 1 4 1 4 4 2 2 3 3 0 2 1 4 0 0]
  [0 2 4 3 4 2 0 4 1 3 4 2 2 2 4 4 0 3 4 2 3 0 3 4 0 0 3 3 3 1 2 3 2 2 2
   3 2 1 3 4 1 4 3 4 1 0 3 3 1 4 4 0 4 0 4 2 1 0 4 4 4 4 1 0 1 1 4 1 3 4
   3 3 3 4 1 3 1 3 1 2 1 4 2 3 3 1 4 0 3 2 0 4 0 0 4 4 1 4 2 1 2 4 1 0 3
   2 4 1 4 4 1 1 2 1 3 3 1 2 4 3 0]
  [0 4 2 0 2 4 4 0 0 1 4 1 1 4 1 4 4 1 3 1 3 3 4 4 1 1 0 2 1 2 4 2 4 0 0
   2 0 1 0 0 0 4 3 2 0 4 0 0 2 3 1 4 0 0 2 4 2 4 2 1 0 4 1 3 4 4 3 2 4 3
   3 3 3 1 2 4 1 4 0 0 4 1 2 4 4 2 0 0 2 1 3 0 2 1 0 4 4 2 4 2 1 2 2 3 0
   3 2 0 4 0 3 0 3 3 2 1 1 1 4 4 4]
  [0 3 1 3 0 4 0 2 1 2 0 2 4 2 0 1 2 1 3 0 4 4 1 2 3 3 4 0 2 2 0 2 0 0 1
   2 1 2 0 4 0 2 1 2 4 2 0 2 1 4 3 4 1 4 4 1 3 0 1 4 4 1 3 2 4 3 0 3 3 3
   4 2 1 1 0 4 4 0 1 1 3 2 1 0 0 3 1 2 4 2 4 3 2 0 0 4 3 1 3 2 0 0 2 4 3
   2 1 4 2 0 2 1 3 0 3 4 1 4 4 0 4]
  [0 1 3 3 1 1 2 1 3 3 2 3 0 3 1 2 4 0 4 1 1 1 1 4 3 4 2 2 0 3 1 0 0 0 2
   1 2 1 0 1 2 4 3 2 3 1 1 1 0 4 0 3 0 3 1 1 0 2 0 3 1 3 3 4 1 0 3 2 2 4
   3 4 4 1 4 2 0 3 0 0 3 2 1 0 4 0 1 3 4 3 0 0 3 4 0 4 3 1 3 4 0 1 3 2 3
   0 3 1 1 1 3 4 0 1 3 1 4 3 0 3 2]
  [0 3 2 0 1 3 3 3 3 4 3 3 3 0 0 3 2 4 4 3 2 2 3 4 0 1 0 0 4 0 4 0 2 1 0
   4 2 2 4 1 1 4 4 3 2 4 0 4 3 0 0 2 3 3 4 1 4 3 3 4 4 1 4 3 2 4 1 4 2 3
   4 1 1 3 1 2 4 1 2 3 1 1 1 3 4 3 3 0 0 2 0 1 1 1 1 2 3 2 0 0 2 4 4 0 1
   4 2 2 4 4 4 1 2 3 2 4 4 3 3 4 1]
  [0 3 4 1 1 1 0 3 0 2 2 4 2 3 4 3 1 2 1 1 3 1 3 4 0 2 4 3 1 2 0 4 0 0 2
   2 4 4 2 0 3 4 0 2 4 1 0 4 4 2 0 3 2 1 3 3 1 4 1 2 3 3 0 2 3 2 3 2 3 3
   0 0 0 2 1 1 2 4 0 0 2 3 0 3 2 1 3 1 2 0 3 2 4 4 1 3 1 4 1 2 1 4 0 1 0
   0 3 0 4 4 0 1 0 4 2 1 3 3 4 4 0]
  [0 4 1 2 4 4 3 4 2 1 2 0 3 0 0 1 3 3 1 2 4 3 2 2 2 0 0 1 4 3 0 0 0 0 1
   0 4 2 1 3 2 3 2 2 4 1 1 2 4 1 3 2 3 2 4 2 3 4 0 3 4 4 3 0 1 3 4 2 0 2
   4 3 4 3 2 3 1 0 1 4 4 1 2 4 3 0 3 2 3 3 4 2 0 1 2 0 0 0 3 4 0 2 1 0 4
   2 0 1 0 1 2 4 4 0 0 4 4 2 2 1 0]
  [0 4 1 3 0 3 0 4 4 1 0 0 4 2 0 0 2 1 3 3 4 0 0 1 4 0 2 3 2 0 0 2 0 0 2
   2 3 2 0 4 0 0 3 1 3 1 0 3 3 1 2 1 0 1 0 2 1 2 4 4 4 0 2 4 1 1 0 0 3 2
   0 0 3 0 4 4 0 3 1 3 0 2 3 2 1 0 3 0 2 2 2 2 1 2 0 2 3 0 1 0 1 1 1 2 1
   4 1 0 4 1 4 1 3 1 2 4 4 3 2 3 1]
  [0 2 4 1 2 1 1 1 3 4 0 1 3 0 3 4 0 0 3 2 4 4 2 3 3 0 1 3 4 0 1 2 4 0 3
   4 0 3 1 1 3 2 3 4 1 1 3 4 1 1 3 0 4 4 2 2 2 3 2 1 3 0 1 1 3 3 0 1 2 1
   2 0 3 2 3 2 2 3 1 4 2 4 0 3 2 1 3 4 4 3 1 2 0 4 1 4 3 2 1 4 4 2 4 4 4
   0 3 2 3 0 2 2 0 1 4 2 0 3 1 3 0]
  [0 3 0 3 2 0 4 4 1 0 0 4 0 0 3 1 2 3 3 1 3 3 1 4 3 4 1 3 0 4 1 3 4 4 0
   0 4 0 1 4 2 1 0 1 1 4 2 1 3 1 3 3 1 4 1 0 4 1 4 0 4 3 0 2 3 1 1 2 2 1
   2 0 4 4 4 1 2 1 2 0 4 2 3 1 2 0 1 0 1 4 0 4 1 4 4 4 3 3 3 2 3 3 1 2 4
   2 0 0 0 2 1 0 3 3 0 1 3 3 0 1 0]
  [0 0 0 1 0 4 3 0 0 2 3 0 0 3 0 3 0 1 2 2 0 4 2 2 2 4 4 4 3 2 3 1 2 3 0
   0 1 1 0 2 2 4 3 0 4 1 1 4 2 0 4 3 3 3 0 1 0 4 4 3 3 4 0 4 0 0 4 0 0 3
   4 4 3 3 0 3 4 3 0 1 4 2 2 1 3 2 1 4 0 1 3 2 4 2 1 4 3 3 4 4 0 2 1 3 4
   2 3 1 3 4 3 3 0 0 4 1 4 1 4 1 1]
  [0 3 2 0 0 4 4 2 4 1 1 2 2 1 3 3 4 3 1 3 0 3 1 2 4 1 3 2 2 4 3 4 1 4 4
   2 0 1 1 0 2 4 2 1 1 1 1 1 1 1 4 2 3 4 4 4 0 2 0 0 0 4 1 2 2 0 4 2 0 2
   3 0 0 1 3 0 3 2 4 4 0 2 4 2 0 0 0 3 0 4 2 2 1 2 4 4 0 0 2 1 4 1 0 4 3
   3 0 1 3 1 0 4 1 4 2 0 3 4 3 2 2]
  [0 0 2 1 1 3 1 3 0 1 4 1 4 0 2 2 3 3 2 3 3 1 2 0 2 3 2 3 4 4 2 2 4 1 0
   3 2 0 2 2 1 4 2 2 2 4 3 0 1 0 4 0 0 4 2 3 1 3 1 3 3 2 3 3 0 3 0 0 0 0
   0 3 0 4 3 1 0 3 4 3 1 1 4 0 3 3 2 3 1 1 0 1 3 4 1 3 3 1 0 0 0 1 4 4 1
   2 0 1 1 2 0 4 0 0 3 4 3 3 3 0 3]
  [0 3 4 1 4 1 2 3 0 4 4 1 4 0 3 1 1 4 1 0 1 0 1 1 0 2 3 4 3 0 0 2 0 0 1
   1 0 0 0 3 4 4 1 2 3 1 2 3 3 2 0 2 2 3 3 4 3 3 3 4 2 3 3 3 2 3 1 3 1 1
   2 2 2 1 0 3 4 4 4 2 4 2 1 1 4 0 0 1 0 0 4 1 0 0 2 3 4 3 2 4 1 1 2 3 2
   0 2 4 4 3 2 2 4 1 2 1 0 2 0 4 3]
  [0 2 3 4 4 1 4 0 2 2 0 4 4 1 3 2 4 4 2 4 3 0 3 4 4 4 1 4 0 2 2 4 3 4 4
   2 1 4 4 0 0 1 1 2 3 3 3 3 1 2 2 0 3 3 1 4 0 2 2 1 2 4 0 0 0 3 0 0 4 4
   2 2 4 2 3 4 4 1 2 1 3 4 0 2 3 4 3 4 4 0 1 4 4 4 0 0 1 2 3 4 3 4 0 0 2
   0 1 1 3 0 3 0 3 4 1 1 3 2 4 2 4]
  [0 3 2 2 3 3 3 4 2 3 3 1 2 0 1 4 1 3 0 4 4 2 3 4 0 2 4 2 1 0 2 3 1 0 0
   1 1 2 0 4 0 0 3 1 1 3 2 1 0 3 3 0 4 4 4 3 1 1 1 2 0 4 0 1 3 0 1 1 1 1
   4 4 1 4 1 4 0 4 0 0 4 0 0 3 1 1 4 4 2 4 2 1 2 2 0 1 0 0 1 0 1 0 2 3 2
   1 0 0 1 0 4 1 3 1 1 4 2 4 1 0 0]
  [0 3 1 3 2 4 2 4 0 4 2 2 4 3 2 0 1 3 3 2 3 2 2 1 0 0 3 0 4 4 4 3 4 4 3
   3 4 1 4 1 1 0 4 1 2 2 4 3 4 0 0 0 2 4 3 0 3 2 1 3 4 2 3 1 0 4 0 2 1 2
   0 2 0 4 2 0 3 0 1 3 1 1 3 2 1 0 1 2 1 3 0 4 4 1 2 0 0 4 4 3 4 4 4 3 0
   2 2 0 0 1 2 3 3 1 1 2 2 0 4 2 3]
  [0 2 3 4 3 1 0 3 4 4 0 1 2 2 2 0 3 1 4 0 2 4 1 4 0 3 4 4 0 3 4 3 1 2 4
   3 0 3 2 2 4 4 0 4 3 3 2 0 3 0 4 3 2 0 2 2 2 3 1 4 0 3 3 4 1 1 3 0 1 0
   0 1 3 2 3 2 2 3 3 4 4 4 0 0 1 0 2 4 1 2 4 4 3 0 0 4 0 1 2 3 3 0 0 0 1
   2 0 2 1 1 3 3 2 3 3 3 3 1 3 4 0]
  [0 1 3 4 0 2 4 2 1 2 2 4 3 2 0 0 1 3 2 1 2 0 0 3 4 2 0 3 1 2 4 1 0 2 2
   2 1 2 0 4 3 1 0 0 0 1 1 1 0 3 3 0 2 1 1 1 3 1 0 2 3 4 4 3 0 2 2 4 1 1
   3 4 3 1 3 1 1 0 0 0 3 2 0 4 1 2 0 3 3 4 1 3 0 1 1 3 4 3 2 3 2 1 3 2 0
   0 1 3 2 4 4 3 4 3 1 3 3 1 4 2 0]
  [0 2 3 3 3 3 1 3 1 2 2 1 1 4 4 4 2 2 3 4 4 2 2 0 2 1 0 3 3 4 3 0 2 3 3
   2 0 3 3 0 1 4 4 4 0 4 1 0 0 3 1 2 4 2 2 0 0 4 4 1 4 0 4 4 1 2 1 4 3 2
   0 3 3 4 1 2 1 0 4 4 3 2 0 1 3 1 4 4 0 3 0 4 1 2 3 1 2 4 2 1 1 1 0 0 2
   1 4 2 0 0 4 4 1 2 2 2 3 1 0 4 4]
  [0 1 2 1 1 1 1 1 3 1 2 3 1 4 2 2 0 4 3 3 4 0 3 2 0 0 0 2 0 0 2 2 3 0 0
   1 4 0 2 4 0 0 2 3 0 0 0 1 2 4 0 2 4 4 4 2 0 3 1 2 0 3 4 2 2 2 3 0 3 4
   4 2 1 3 3 2 2 0 0 0 1 1 1 1 2 4 0 2 3 4 0 2 1 3 3 3 2 4 3 2 3 0 1 4 3
   2 3 2 1 1 2 2 4 3 2 1 4 3 0 2 3]
  [0 3 1 4 1 1 1 3 0 3 4 1 0 0 3 4 4 2 1 0 0 0 3 0 2 2 1 1 0 3 4 4 4 1 3
   1 3 0 2 2 4 3 3 0 0 3 0 4 2 2 3 3 1 0 2 1 2 1 0 3 0 1 3 3 4 0 3 3 3 3
   2 3 3 0 2 3 3 2 1 2 1 1 0 1 1 1 0 2 3 0 4 0 1 3 4 2 3 2 2 4 3 1 4 2 2
   1 2 0 1 3 2 4 4 2 0 2 1 0 4 3 0]
  [0 4 1 4 4 4 1 1 3 2 1 2 3 4 0 1 2 4 2 2 0 3 2 4 3 3 0 1 3 2 4 2 3 1 3
   0 0 0 3 2 0 1 2 0 2 0 2 0 4 4 1 2 2 1 2 2 0 1 2 2 2 4 3 0 4 0 1 0 4 2
   4 2 3 1 3 3 2 1 1 1 0 1 3 0 2 4 3 2 0 2 0 2 3 4 3 0 2 4 1 3 4 2 1 3 0
   4 4 2 2 3 1 3 1 4 0 0 4 3 1 4 1]
  [0 2 1 1 3 2 0 3 4 4 2 0 4 2 3 4 0 4 2 1 1 1 0 2 1 1 3 4 4 1 0 1 3 0 3
   1 4 0 3 1 0 1 1 0 3 4 3 2 0 1 2 3 0 1 4 4 4 4 1 4 1 4 3 1 0 1 1 4 0 0
   0 4 3 1 2 2 2 1 1 4 0 2 3 2 2 4 1 0 4 3 0 1 0 2 3 3 1 0 2 1 4 2 0 1 4
   1 0 0 0 3 1 0 1 1 2 1 0 1 0 3 1]
  [0 1 2 2 3 3 3 2 2 1 0 2 2 2 4 4 4 3 1 0 0 2 0 1 2 4 4 4 1 2 1 2 1 1 4
   3 4 1 1 3 4 1 0 2 1 3 3 4 3 0 0 1 2 2 2 1 4 4 3 0 2 3 3 4 4 4 3 3 3 4
   2 3 1 1 2 3 0 3 4 3 0 3 0 1 4 3 4 4 3 3 1 0 0 2 0 2 0 3 1 3 1 2 1 0 1
   2 2 0 2 2 1 3 2 3 3 4 1 1 2 2 2]
  [0 3 2 4 1 1 2 1 1 1 3 0 0 3 1 3 3 1 0 1 4 4 2 2 1 1 3 2 2 3 2 0 0 0 2
   1 0 1 0 0 0 4 2 0 4 4 4 0 3 4 0 1 2 4 4 3 3 3 4 2 4 2 2 0 2 0 1 3 2 3
   1 3 3 4 4 0 1 3 1 3 2 0 2 1 4 3 0 2 2 0 1 0 4 1 3 2 0 1 2 1 2 2 4 3 3
   3 2 2 2 4 3 3 1 4 4 4 1 4 1 3 1]
  [0 0 2 1 2 2 4 3 3 3 1 3 0 1 2 2 2 3 0 1 1 1 2 2 1 4 4 2 2 4 3 1 0 1 0
   1 3 1 1 3 4 4 3 1 3 4 1 2 1 1 4 0 1 0 3 4 2 1 1 3 4 4 4 2 4 4 4 4 2 4
   1 4 3 0 0 4 3 1 0 4 2 4 1 3 3 4 0 1 3 0 3 1 4 1 1 2 3 0 3 2 2 0 2 4 4
   0 2 4 3 2 2 0 1 3 2 0 2 0 1 0 1]
  [0 3 4 4 4 3 4 1 1 2 4 3 1 1 4 1 3 4 0 0 0 1 1 1 1 1 2 0 1 0 1 4 2 3 1
   0 2 0 3 3 1 1 3 0 2 1 2 2 1 3 3 3 0 2 3 1 4 4 1 3 3 4 3 4 2 2 3 0 3 4
   4 1 1 2 2 4 1 1 3 2 4 1 4 0 2 3 4 3 2 0 0 2 3 0 0 2 4 0 3 4 1 2 0 3 1
   2 4 1 2 2 1 4 0 2 3 3 0 0 2 0 1]
  [0 0 2 1 3 1 4 1 1 2 0 4 0 0 1 0 3 0 2 0 1 4 0 2 1 2 3 3 1 1 1 2 2 1 2
   0 2 0 0 4 3 4 1 4 2 2 0 2 1 2 2 2 0 0 4 2 4 4 4 4 0 4 4 4 0 0 0 3 0 2
   3 2 3 3 2 1 2 3 0 3 0 4 3 1 1 3 1 0 4 1 2 0 1 4 1 0 1 2 4 1 2 1 1 1 4
   2 0 1 3 0 2 3 2 0 1 1 0 4 0 1 2]
  [0 1 3 2 0 4 3 4 2 2 2 1 4 2 0 0 3 4 3 4 1 2 0 4 3 1 3 3 2 4 1 2 2 1 1
   4 3 3 0 1 1 0 0 0 0 3 3 0 2 4 3 1 0 3 0 3 2 0 1 0 4 0 2 1 2 0 2 1 3 4
   2 1 3 3 1 0 1 3 3 2 0 4 4 2 0 3 0 2 0 0 4 1 2 2 4 0 2 3 1 2 2 0 3 4 0
   0 4 2 3 1 1 1 0 2 3 2 2 1 2 1 2]
  [0 4 1 0 3 2 4 2 4 1 2 0 4 2 3 1 4 2 0 4 2 2 4 4 2 4 4 2 2 4 3 1 2 0 4
   4 0 0 2 1 0 1 3 3 0 2 4 0 1 2 2 0 4 4 3 0 1 1 0 0 0 3 0 1 1 3 4 4 1 1
   3 3 1 4 4 2 2 3 3 1 3 3 1 1 2 1 0 0 0 4 1 2 4 0 0 0 3 1 2 2 4 3 1 0 4
   3 4 0 2 1 3 0 1 0 3 1 4 2 3 1 2]
  [0 2 0 1 1 0 1 1 2 1 0 1 2 3 0 1 1 3 4 0 3 4 3 0 2 2 4 0 4 2 0 1 2 4 1
   1 3 2 0 0 4 4 2 2 3 1 1 2 4 1 4 4 4 4 2 2 0 3 3 1 0 1 2 3 3 4 4 2 1 2
   0 2 0 3 3 1 0 3 0 1 2 2 4 2 3 2 0 1 4 1 3 4 3 2 1 3 3 3 2 3 3 2 2 1 0
   1 1 1 1 4 2 0 3 4 2 1 1 2 1 1 4]
  [0 4 1 1 2 0 2 0 4 1 1 0 4 4 2 0 4 3 2 3 3 2 3 3 3 4 4 4 3 0 3 2 2 3 2
   0 0 1 0 3 2 1 1 1 4 0 0 1 2 4 3 2 2 2 3 1 3 0 2 0 0 1 0 1 3 4 4 0 4 0
   1 2 2 4 0 3 2 2 1 4 4 4 4 1 1 4 4 3 0 2 0 3 1 0 1 4 2 3 4 3 4 4 4 4 4
   3 3 0 2 1 1 2 1 4 0 3 0 0 3 3 2]
  [0 0 0 0 4 2 3 2 4 2 2 2 4 3 4 0 2 3 2 2 0 2 0 2 3 1 2 4 2 4 4 3 3 3 1
   2 0 2 2 4 0 4 1 1 2 4 3 0 4 0 0 3 3 1 4 0 0 1 0 1 2 0 0 3 4 3 3 4 4 1
   2 3 3 3 1 2 1 3 0 1 0 2 2 0 3 3 2 0 4 2 3 3 0 4 1 3 4 4 2 1 4 0 3 4 0
   0 4 3 0 3 2 2 1 3 4 4 4 2 1 3 0]
  [0 1 4 2 3 1 1 4 3 3 2 1 3 1 4 2 3 4 4 3 1 0 2 1 1 0 2 1 4 4 2 1 0 2 2
   3 1 4 1 0 2 2 0 4 0 4 3 3 3 1 4 1 2 2 3 4 2 2 4 0 1 2 4 1 0 0 3 4 2 4
   2 2 0 1 4 2 2 1 0 4 0 1 1 1 1 3 3 1 0 2 1 2 2 3 1 1 2 2 4 3 1 0 0 4 3
   4 3 2 4 3 0 3 3 4 3 3 0 0 1 2 3]
  [0 2 2 1 2 4 4 3 0 2 0 0 1 3 3 3 0 4 3 4 1 4 0 0 3 0 2 2 1 1 0 2 1 0 4
   1 2 1 0 4 0 3 2 1 0 0 4 3 0 3 2 0 3 0 1 2 1 1 4 0 0 1 3 0 4 0 0 3 0 4
   0 0 2 2 0 2 3 3 3 2 4 4 4 0 3 0 4 1 3 4 4 3 4 2 2 2 2 0 4 1 4 2 4 2 4
   1 0 3 3 0 1 0 1 3 0 2 1 3 2 2 0]
  [0 4 4 1 1 1 0 2 4 4 0 1 3 2 0 1 3 3 0 0 2 4 3 4 2 1 4 3 0 1 0 4 4 2 0
   3 1 4 1 4 4 3 1 0 0 1 1 2 4 3 3 0 0 3 4 3 3 3 4 2 2 0 2 2 4 3 0 4 3 4
   0 2 2 1 3 3 4 4 4 4 4 4 4 4 4 4 2 4 2 3 3 3 4 0 4 4 0 4 2 3 4 4 2 4 2
   2 2 3 2 4 3 3 1 1 2 4 2 1 0 2 3]
  [0 0 0 1 0 3 4 0 0 3 1 1 0 2 3 0 2 4 4 1 0 1 4 3 0 4 3 2 3 3 4 2 4 1 1
   3 3 1 3 3 2 1 2 1 1 4 3 2 4 2 3 0 1 4 2 2 0 0 3 4 2 3 0 0 4 2 4 2 3 4
   0 0 0 1 0 4 3 4 2 3 4 2 4 3 4 3 1 4 2 0 0 1 0 1 1 2 2 0 1 4 3 2 4 0 4
   2 3 1 2 4 2 4 3 3 3 1 0 1 1 4 2]
  [0 2 0 4 1 2 4 2 3 2 4 2 4 3 1 1 3 1 1 0 2 3 4 3 1 4 4 3 0 1 4 1 0 4 3
   4 1 1 2 2 3 0 4 1 1 3 3 3 3 4 0 3 1 1 0 4 1 1 4 3 2 2 4 0 3 2 2 3 1 2
   0 0 4 0 1 4 1 0 4 2 2 1 0 3 0 3 4 4 4 3 2 2 1 0 4 2 1 4 3 4 4 1 3 0 3
   3 2 0 1 1 1 0 1 2 1 3 2 4 3 3 3]
  [0 2 2 1 4 0 0 0 0 0 3 0 2 1 1 0 2 2 0 4 2 4 3 0 4 1 4 1 2 3 3 1 3 2 0
   4 4 1 4 0 1 4 2 1 0 0 0 3 3 0 3 2 3 1 3 1 2 3 0 4 4 2 0 0 0 1 3 3 1 4
   3 1 4 1 4 3 4 1 0 2 0 4 2 0 3 2 0 0 3 4 4 4 2 3 1 1 2 3 2 2 1 2 0 3 4
   1 4 2 0 0 3 4 0 0 2 2 4 4 4 2 3]
  [0 3 3 0 0 4 0 4 0 4 2 4 3 1 1 3 4 4 3 4 0 0 3 3 4 1 2 3 0 3 0 4 1 1 4
   1 2 3 0 0 3 4 1 1 1 3 4 3 4 3 4 2 1 2 1 3 4 0 4 4 4 2 1 4 2 0 3 1 4 4
   2 1 1 3 4 1 3 3 0 2 4 3 3 2 0 2 0 0 1 3 3 3 0 2 2 4 3 2 0 3 1 2 3 0 2
   1 1 0 4 3 2 3 4 3 3 3 4 1 3 4 1]
  [0 3 2 4 0 1 1 3 2 2 4 0 1 3 2 2 3 0 4 2 1 4 0 3 0 4 0 3 2 3 1 0 0 4 1
   3 3 3 3 3 1 1 3 2 0 3 3 0 0 2 0 1 4 0 0 0 0 0 2 2 0 0 1 4 2 4 0 3 4 3
   4 2 3 4 1 3 1 3 3 3 3 2 0 4 0 3 0 2 4 2 4 0 1 2 4 2 3 4 1 2 1 2 2 4 0
   2 1 4 1 0 2 3 0 2 2 0 0 2 3 4 1]
  [0 4 2 4 2 3 3 1 0 2 3 0 4 1 2 3 3 4 0 4 3 1 1 2 0 0 0 2 2 2 1 2 2 4 0
   2 3 0 0 4 2 4 4 4 0 4 0 3 0 1 2 1 0 1 4 4 2 2 4 2 4 1 2 1 3 0 3 0 0 0
   4 1 4 1 3 3 0 0 4 0 2 3 1 1 3 3 1 3 1 2 3 3 4 1 2 4 0 1 3 1 3 3 0 3 3
   3 4 1 1 4 4 0 2 1 0 1 2 2 1 4 2]
  [0 1 3 4 2 1 2 2 3 4 0 4 4 0 4 1 3 3 2 0 0 1 0 2 0 0 1 0 1 4 3 4 2 3 0
   3 3 0 0 0 1 3 0 4 2 3 4 2 1 1 1 0 1 3 0 3 2 2 4 2 3 3 1 4 2 0 2 0 0 2
   2 4 2 3 0 0 4 0 3 4 4 4 0 2 2 4 1 3 1 2 4 4 3 3 3 4 2 4 0 0 0 0 0 3 4
   1 1 4 3 2 1 4 4 3 1 2 3 3 4 1 4]
  [0 4 3 4 4 1 3 4 0 1 1 2 0 2 1 1 3 1 3 1 3 0 4 3 4 3 3 1 3 4 1 2 3 4 3
   3 4 4 1 4 4 3 1 2 0 4 0 1 1 3 2 2 0 3 3 0 4 3 3 3 3 3 3 0 4 3 4 3 1 0
   0 4 1 2 0 2 0 1 1 3 2 2 0 1 1 3 4 0 1 0 3 2 4 3 1 0 3 4 4 1 0 1 0 3 0
   3 4 1 0 0 3 4 3 0 1 0 0 0 1 4 4]
  [0 2 2 1 4 4 4 0 1 2 3 0 3 1 4 3 2 1 4 1 1 0 3 4 4 1 0 1 1 2 4 3 2 3 0
   1 1 3 2 3 1 0 2 1 1 3 4 2 4 2 4 3 0 3 1 0 1 0 1 3 1 2 3 1 1 1 1 3 0 0
   0 4 0 3 3 0 3 3 2 4 4 2 3 2 2 4 4 0 2 3 2 4 4 3 3 1 2 3 3 1 0 2 4 1 4
   1 1 3 2 3 3 1 3 4 0 4 1 0 0 1 1]
  [0 2 2 1 1 2 1 1 0 3 2 3 4 3 3 3 3 2 2 3 4 1 1 1 0 0 4 3 2 4 2 1 4 1 3
   3 1 0 0 1 2 1 1 1 1 4 0 0 0 1 4 0 2 1 2 2 0 4 2 0 2 3 1 3 4 4 4 2 1 1
   4 0 0 3 4 2 4 3 3 1 4 0 0 0 2 4 3 3 4 0 1 0 0 0 1 3 1 0 4 2 0 0 3 2 0
   3 0 4 0 3 3 1 3 1 2 4 0 1 0 1 0]
  [0 1 3 3 2 0 0 1 1 0 3 1 0 3 2 4 3 1 0 4 4 1 2 0 2 0 3 3 0 1 2 2 1 4 4
   0 2 2 4 1 4 4 1 0 0 1 0 3 2 0 0 2 2 4 2 0 0 2 3 1 3 0 1 2 1 1 2 0 0 1
   0 4 0 3 4 1 2 3 0 2 1 0 0 3 0 0 1 3 0 3 1 4 2 0 2 1 0 3 2 2 4 2 4 2 0
   4 2 1 1 0 3 1 4 4 1 4 2 4 3 2 3]
  [0 1 1 2 4 0 0 0 3 4 4 1 1 1 1 3 4 0 0 0 4 0 1 4 1 1 0 2 1 0 4 4 4 3 4
   0 2 4 1 1 2 4 4 0 0 0 1 2 2 2 0 4 2 1 1 4 1 2 2 2 3 4 2 2 2 1 1 1 1 3
   1 0 2 0 2 4 2 3 1 2 0 3 0 0 1 4 2 4 3 3 1 3 1 3 2 4 1 0 2 1 3 2 1 0 4
   2 4 2 0 0 1 3 1 3 0 1 2 0 2 1 4]
  [0 3 1 2 2 0 3 4 4 3 2 1 4 2 0 0 3 4 0 0 3 1 3 2 4 3 0 3 4 1 4 3 4 3 2
   2 2 1 0 0 1 3 1 3 1 4 1 0 4 1 2 1 2 2 2 1 1 0 2 2 0 4 1 4 1 4 4 3 0 1
   0 3 3 1 0 2 4 2 3 4 3 3 3 0 4 2 3 2 4 2 1 0 1 4 4 0 0 1 2 4 0 4 2 0 1
   2 2 3 2 1 4 3 3 3 3 1 1 0 2 1 2]
  [0 3 4 4 2 2 4 0 4 1 0 1 0 3 3 2 0 4 0 3 3 2 0 4 1 4 0 1 1 2 4 1 0 2 0
   1 4 2 2 3 4 2 0 0 1 1 4 0 2 3 3 2 1 4 4 3 2 4 0 2 1 4 0 4 0 1 0 4 2 0
   4 0 0 1 2 0 1 2 3 0 1 3 2 4 0 0 0 1 2 2 4 1 1 2 3 4 4 4 4 1 4 1 2 3 4
   3 2 2 0 2 2 4 4 0 3 1 2 2 1 3 4]
  [0 0 0 4 0 2 3 2 0 0 3 1 0 1 0 4 2 0 2 4 1 0 3 0 4 2 4 3 1 4 3 0 4 4 4
   1 3 0 0 3 2 1 4 4 1 4 4 0 1 0 1 1 0 2 2 0 1 2 3 3 4 3 1 1 2 0 3 1 0 3
   1 2 3 4 2 4 0 4 4 0 3 3 3 1 2 0 3 1 1 1 0 2 4 2 0 2 1 3 3 3 1 4 3 0 3
   4 0 1 0 4 4 0 1 0 3 1 0 0 0 4 0]
  [0 2 3 0 2 0 4 1 2 4 1 3 2 3 0 0 0 2 0 4 1 0 4 0 2 3 0 4 4 0 3 2 1 0 3
   4 0 3 1 3 3 2 2 3 2 2 2 0 4 3 3 2 4 0 1 1 1 2 0 1 2 0 0 4 1 4 2 1 4 4
   1 0 4 3 0 3 2 0 2 3 1 0 4 3 2 1 2 0 1 3 2 4 2 2 1 4 1 2 3 4 1 1 4 1 2
   3 1 1 4 4 4 4 3 2 0 2 0 1 3 4 2]
  [0 2 2 1 1 3 2 1 1 3 0 4 4 0 1 2 3 2 0 2 1 0 2 4 4 2 4 0 1 0 1 4 1 1 2
   3 2 4 2 3 1 2 3 2 4 0 2 1 2 0 0 0 1 3 1 3 2 4 1 3 2 4 0 2 3 4 1 4 1 3
   3 1 3 2 2 3 2 2 0 3 3 1 0 4 3 2 1 3 0 2 0 0 3 2 4 3 3 3 1 4 3 0 1 1 3
   0 3 0 3 3 0 2 1 0 4 1 0 1 2 2 0]
  [0 2 1 4 0 2 4 4 0 0 3 1 1 1 4 3 1 4 0 2 4 2 3 2 0 1 4 4 4 1 1 1 1 1 2
   1 4 4 3 1 0 0 4 2 4 1 3 0 2 1 1 1 4 0 0 4 4 1 2 1 2 4 1 3 2 1 2 0 4 1
   2 0 2 4 3 1 1 3 2 0 2 1 3 4 3 0 0 3 0 2 1 2 1 4 1 0 3 4 1 1 0 0 2 4 1
   2 0 2 3 3 2 0 1 1 2 0 4 1 4 2 0]
  [0 4 1 3 0 0 3 2 0 2 2 1 0 2 0 4 4 1 1 1 4 3 3 0 4 0 4 3 0 2 3 0 4 3 2
   1 3 3 1 3 1 2 3 2 4 3 1 3 1 0 3 4 4 0 3 2 1 0 4 4 0 2 4 3 0 4 4 0 2 4
   3 2 2 4 0 1 4 4 2 2 0 1 0 4 4 2 0 1 0 2 0 3 4 2 4 2 0 2 3 3 3 4 3 3 1
   4 3 4 4 2 3 4 4 4 3 4 2 0 3 4 0]
  [0 2 2 2 0 1 0 0 3 1 2 2 1 0 1 1 3 0 2 1 0 1 1 3 4 1 4 0 1 0 0 3 2 3 1
   3 1 4 4 0 0 3 1 3 2 4 0 0 2 1 2 3 2 0 3 3 0 4 2 3 3 3 4 3 4 0 3 1 1 1
   3 0 0 2 4 4 4 0 0 4 0 0 3 2 3 3 4 1 3 1 1 4 4 2 1 0 1 1 1 2 1 3 3 2 1
   3 2 2 2 2 1 3 3 1 4 3 3 0 1 4 2]
  [0 4 3 4 3 0 1 2 2 1 1 3 1 3 4 2 2 2 0 0 3 0 4 1 3 0 4 3 2 2 2 4 4 2 3
   1 3 2 4 0 3 4 4 2 3 1 2 0 4 4 4 2 4 2 1 4 1 4 0 3 1 0 3 2 2 0 1 0 1 4
   1 2 3 1 2 4 4 4 1 1 2 2 0 4 4 4 4 3 0 1 3 1 4 1 0 1 0 2 0 1 2 4 2 0 4
   1 1 1 2 0 0 4 3 0 1 4 2 4 0 0 1]
  [0 2 3 0 4 4 3 1 3 4 0 1 2 1 3 4 4 2 1 4 3 1 3 1 3 0 4 4 4 1 4 4 1 0 3
   2 1 2 3 1 3 1 2 3 1 3 0 0 2 0 1 2 1 4 2 2 1 3 0 4 0 1 1 3 1 4 0 4 3 1
   2 1 1 2 0 2 3 3 1 4 2 3 2 0 3 1 1 4 1 4 0 1 4 4 4 3 0 1 3 3 2 0 0 0 3
   4 1 2 1 1 2 3 0 0 3 2 1 4 2 1 3]
  [0 0 4 2 4 1 3 3 0 2 0 4 3 4 2 4 4 1 4 4 4 4 0 3 1 3 3 1 0 4 1 2 2 3 4
   1 1 1 4 2 0 1 0 0 1 2 2 0 1 3 3 1 3 3 0 1 0 1 1 4 3 2 3 0 4 2 0 4 1 2
   1 0 2 0 3 1 4 2 2 3 2 2 2 3 0 0 3 1 3 0 3 3 2 2 3 0 2 3 4 4 3 2 4 0 1
   2 1 2 0 0 1 4 1 0 2 0 2 0 4 1 1]
  [0 1 0 0 1 0 3 0 2 4 3 2 0 1 2 0 2 4 3 1 1 3 0 4 4 1 2 0 0 1 0 3 1 0 0
   4 0 3 2 3 2 3 3 3 4 3 1 3 0 3 1 2 0 2 4 2 2 1 3 1 4 2 0 3 4 1 4 2 3 3
   3 1 4 4 2 2 0 2 0 1 1 4 2 2 3 0 0 4 1 3 0 1 2 2 0 4 2 0 0 2 4 1 4 4 2
   3 3 2 2 2 4 0 4 3 0 0 3 0 1 2 3]
  [0 2 0 3 3 2 2 0 2 3 0 0 3 3 1 4 2 2 0 0 4 1 4 3 0 4 3 2 3 2 4 3 1 4 3
   4 2 4 4 4 3 0 1 3 0 4 1 2 1 2 2 4 3 2 2 2 3 1 4 1 3 1 2 1 3 3 2 1 4 3
   1 1 2 2 4 2 1 3 4 1 4 3 1 0 3 4 0 0 0 4 0 0 4 4 0 4 2 2 4 3 3 4 3 3 2
   3 0 1 2 2 4 1 2 4 1 3 2 1 1 0 2]
  [0 4 2 0 2 2 1 0 1 0 4 1 0 0 3 2 2 0 1 1 4 3 0 3 4 3 3 4 2 0 3 0 3 3 0
   4 1 1 1 4 1 1 3 3 0 2 3 2 0 0 0 3 3 3 1 2 2 3 2 0 3 2 0 2 1 1 1 1 3 2
   2 3 2 2 0 1 1 1 4 1 0 3 4 4 3 4 0 0 1 3 1 2 2 0 4 2 3 0 4 3 2 0 3 3 0
   4 0 1 4 0 0 1 2 3 3 1 1 4 1 1 1]
  [0 3 4 0 4 1 3 1 1 4 4 2 4 1 3 1 0 1 0 4 4 0 0 2 4 1 0 2 2 4 0 0 2 0 1
   1 2 1 2 1 2 3 3 1 1 2 1 4 1 3 4 4 1 2 1 2 0 3 4 4 2 3 4 0 2 4 1 0 2 2
   1 4 2 3 2 0 4 0 3 1 3 3 3 0 1 4 3 3 0 0 2 3 0 4 1 1 4 0 0 0 3 3 2 4 3
   1 2 2 4 0 0 4 3 1 1 4 3 3 4 3 1]
  [0 0 4 1 0 0 4 2 4 1 2 2 4 2 0 4 4 0 2 1 3 3 3 0 3 1 4 2 1 4 3 0 4 3 4
   4 1 4 3 0 4 0 0 4 2 3 0 4 3 2 3 3 4 4 1 1 3 1 1 3 3 1 0 2 2 1 0 0 4 0
   1 2 2 4 1 3 0 4 0 0 0 4 1 3 2 0 0 0 4 0 3 0 4 0 3 0 3 3 2 2 4 0 2 1 2
   3 0 0 0 1 4 0 3 0 0 4 1 0 3 2 0]
  [0 0 4 3 1 1 1 4 3 4 4 4 0 4 2 1 4 3 4 4 1 1 2 0 3 1 0 0 1 3 1 3 2 4 2
   3 1 4 1 1 1 3 0 2 3 2 4 1 2 4 1 2 3 1 0 4 2 2 4 2 2 2 4 0 4 0 0 0 2 1
   3 4 2 4 3 1 2 2 0 4 4 3 1 3 3 3 2 3 3 1 0 0 1 4 0 3 0 0 4 2 4 2 4 3 1
   1 4 1 1 4 1 3 2 3 2 4 4 2 1 0 0]
  [0 2 3 3 3 3 2 0 1 4 0 0 0 1 3 2 1 2 2 1 0 4 2 1 2 3 3 2 0 0 3 2 4 3 2
   0 3 0 2 3 3 1 0 0 1 1 0 4 1 3 2 3 0 1 2 4 2 0 0 3 4 2 1 3 2 4 2 1 0 2
   0 0 3 0 2 3 3 0 3 4 0 0 1 2 4 3 4 3 3 1 1 0 0 1 1 0 1 3 3 3 1 3 3 2 1
   1 0 3 0 3 3 0 0 3 3 0 0 1 4 4 2]
  [0 3 2 2 3 1 4 1 4 2 1 2 0 1 2 2 1 3 4 0 4 0 2 2 4 1 0 3 1 0 3 3 0 3 0
   3 4 4 1 2 3 1 1 0 3 4 4 2 2 0 3 3 1 0 2 2 2 1 4 0 3 0 3 4 1 0 4 4 2 0
   2 1 1 3 1 2 0 0 2 0 0 0 2 2 1 0 4 4 3 4 0 0 0 0 0 4 3 0 0 4 1 3 2 2 3
   1 0 4 0 3 4 4 0 4 2 3 1 2 3 0 0]
  [0 0 1 1 3 2 2 4 2 3 0 2 2 4 3 0 0 3 1 1 0 2 4 1 4 0 0 2 4 2 3 1 4 1 3
   3 1 3 3 2 1 0 4 1 0 4 4 3 0 3 4 1 2 0 0 4 1 1 1 0 1 4 2 2 4 2 0 1 0 0
   2 4 4 0 1 1 4 0 1 2 4 0 2 4 2 1 1 2 3 1 2 1 2 0 3 1 0 4 1 0 2 3 3 4 2
   2 1 1 1 4 4 3 4 2 2 2 0 0 2 2 3]
  [0 1 1 2 3 2 4 4 4 1 4 1 1 0 1 4 0 3 0 4 1 1 2 3 0 2 0 2 1 1 4 2 1 1 1
   1 0 2 2 2 3 0 2 0 2 2 2 3 0 2 2 2 3 1 1 4 4 3 4 3 0 1 0 4 1 4 3 1 1 4
   0 0 3 4 2 0 2 3 3 0 3 2 3 0 2 3 3 4 0 0 1 1 1 1 0 4 4 2 1 1 4 4 2 1 2
   1 0 1 1 3 2 4 1 0 2 1 2 1 0 1 2]
  [0 0 0 2 2 3 1 4 1 3 3 1 4 2 3 1 3 4 3 2 0 4 1 0 0 2 0 2 1 1 4 1 1 4 0
   0 2 2 1 2 3 2 4 0 3 3 0 3 2 2 1 1 1 1 2 3 3 3 3 2 0 3 4 1 4 2 4 2 0 2
   1 0 2 2 3 2 1 4 2 1 3 3 1 1 3 1 0 0 0 3 4 4 0 3 0 0 4 0 4 3 3 4 0 1 0
   1 3 2 2 2 2 2 1 4 1 4 4 4 1 1 4]
  [0 1 2 2 0 0 4 3 4 2 3 2 2 3 1 2 4 4 0 4 2 3 3 0 2 4 1 2 1 4 3 4 1 0 2
   1 0 0 2 1 3 3 1 0 3 3 0 1 1 4 2 3 4 3 0 2 0 4 0 1 4 2 4 3 1 2 2 2 4 0
   4 3 3 1 4 3 0 3 1 3 0 0 3 1 0 0 0 1 4 4 2 0 0 2 1 2 0 0 0 4 1 0 3 4 4
   2 4 0 0 3 4 0 0 3 3 2 0 0 3 4 1]
  [0 0 0 2 2 0 2 1 3 2 4 0 3 2 1 2 2 3 3 1 1 2 1 3 1 0 1 4 3 2 0 4 2 0 2
   2 0 0 1 4 3 0 2 2 0 1 0 3 2 0 2 3 4 2 2 0 3 0 2 3 4 3 3 3 4 3 2 0 4 3
   0 2 4 2 2 1 1 3 0 0 2 1 2 2 4 3 3 1 4 1 1 1 4 2 3 3 2 0 0 0 1 3 0 1 4
   1 3 3 3 2 1 2 1 2 3 1 3 1 4 0 3]
  [0 1 1 2 0 2 0 1 0 4 4 1 4 2 2 1 4 0 4 4 1 1 1 3 4 1 3 2 2 2 0 2 3 1 3
   0 3 2 4 4 3 0 3 1 1 2 2 1 1 2 3 3 2 2 4 1 1 2 3 1 3 4 3 0 2 2 2 1 3 0
   2 2 0 0 1 3 4 2 2 2 2 3 3 3 0 2 4 1 1 3 1 1 2 2 2 2 2 3 0 1 1 4 3 4 3
   1 1 2 4 3 2 0 3 4 4 3 1 0 1 1 1]
  [0 2 3 1 3 4 1 3 2 1 1 3 0 2 0 4 2 0 0 4 1 2 4 0 0 2 1 3 0 3 3 0 0 2 1
   0 3 0 3 4 4 4 3 0 4 0 3 0 1 2 0 0 0 1 1 1 4 0 2 0 0 1 1 4 0 1 2 4 2 0
   0 3 4 1 3 3 1 0 0 1 2 3 0 0 2 4 3 2 0 0 4 0 4 0 0 0 2 4 3 0 2 2 2 4 2
   2 3 2 3 2 1 2 2 0 0 0 0 1 0 2 0]
  [0 0 2 1 2 0 2 0 4 3 4 2 4 3 3 2 0 0 1 1 0 1 0 0 3 0 3 2 4 3 2 0 2 4 1
   1 1 0 3 2 4 4 2 1 1 4 2 4 4 3 1 3 0 4 0 4 2 4 0 3 4 1 1 3 0 3 3 3 4 4
   3 1 4 1 0 2 4 2 1 1 1 1 1 4 0 1 0 4 1 1 4 1 3 4 3 2 1 4 0 2 0 0 0 0 0
   0 2 2 1 1 1 0 3 1 2 2 3 1 2 1 0]
  [0 0 4 2 0 1 3 1 2 0 1 1 1 2 2 3 1 1 0 2 0 0 2 4 0 0 4 3 4 0 4 0 1 1 1
   4 1 0 3 2 4 1 0 1 1 4 0 4 1 1 0 3 4 2 0 2 4 0 4 0 3 3 0 4 3 0 4 0 3 1
   4 0 4 0 0 4 4 4 0 3 2 4 2 1 0 2 1 4 2 2 4 2 0 0 1 3 1 3 2 0 1 0 2 4 3
   0 3 0 2 2 3 4 2 2 1 2 2 1 3 4 4]
  [0 3 1 2 0 3 1 0 2 3 2 0 2 4 4 1 0 4 2 0 1 0 2 3 3 2 1 0 2 3 0 0 2 1 4
   4 2 4 1 0 0 1 3 2 3 0 1 1 0 3 2 3 1 2 2 0 3 4 0 0 1 3 4 2 0 1 0 0 3 1
   3 4 2 0 3 0 3 0 3 2 1 3 4 3 1 1 4 2 3 0 0 3 3 3 1 1 4 1 0 4 2 0 0 3 2
   1 2 0 2 2 0 3 3 3 3 2 1 2 1 2 2]
  [0 1 1 0 1 1 0 0 3 3 0 3 2 4 1 0 4 2 4 0 0 1 2 1 0 0 0 2 3 4 1 1 1 0 2
   3 1 1 3 3 4 2 0 4 3 2 4 4 1 2 1 1 1 3 1 1 4 2 0 2 2 2 0 4 1 3 2 1 3 4
   3 0 2 3 3 0 2 3 4 0 1 3 2 1 0 1 0 1 2 1 1 1 0 3 4 1 4 3 1 2 3 1 1 0 0
   4 2 2 3 1 3 2 1 1 1 0 1 4 1 0 4]
  [0 1 1 1 1 2 2 3 0 0 4 3 0 3 4 4 1 0 2 3 2 3 0 1 4 1 4 1 3 4 1 4 1 1 1
   1 4 2 3 0 3 0 0 0 1 4 4 1 2 0 2 1 3 0 4 0 3 3 3 2 3 3 2 4 1 4 0 0 0 4
   3 3 3 1 3 0 3 4 4 3 3 3 2 0 4 2 3 3 2 1 1 3 1 2 1 1 3 2 2 1 3 1 3 1 0
   3 3 4 2 4 4 4 2 2 3 2 4 2 3 3 2]
  [0 4 2 4 0 1 0 1 4 2 2 0 3 2 0 2 1 2 0 0 4 1 3 3 0 1 4 0 3 1 0 3 0 0 0
   3 1 0 0 2 4 4 2 1 2 3 3 3 2 3 2 1 3 3 2 2 3 3 0 1 0 2 3 3 3 4 0 0 3 4
   0 2 2 4 2 4 1 2 3 2 1 2 0 0 1 0 3 4 0 3 2 0 2 2 4 3 4 2 1 3 0 2 4 0 2
   0 3 4 1 4 1 0 3 2 2 1 2 3 0 2 2]
  [0 3 4 4 1 0 2 3 4 3 1 3 3 1 0 3 3 4 2 1 4 3 1 3 1 3 2 1 1 4 0 3 1 3 0
   1 1 4 2 4 4 3 3 0 3 2 0 2 0 3 1 4 3 3 1 0 3 3 0 1 4 1 3 4 2 0 1 0 0 1
   4 4 4 2 1 0 0 2 4 1 2 2 3 2 1 1 0 0 2 3 0 2 3 1 2 3 3 1 2 2 0 3 1 4 0
   4 0 4 2 0 2 0 1 2 3 4 3 4 4 2 2]
  [0 1 1 4 1 3 2 3 3 4 0 4 4 0 3 2 4 0 1 2 2 2 0 3 0 0 0 2 1 0 1 2 1 4 1
   3 3 4 2 3 3 2 3 0 1 3 0 2 1 4 4 0 0 0 1 1 4 3 1 3 4 1 3 4 0 1 1 4 0 2
   1 1 0 1 3 0 3 2 3 0 1 1 0 3 2 2 4 4 2 3 1 3 4 0 1 4 0 0 2 1 2 3 0 3 2
   1 0 0 0 0 3 2 1 2 4 3 0 3 2 3 1]
  [0 2 2 3 4 1 1 2 2 3 1 1 0 3 2 1 4 2 0 4 3 1 2 1 2 3 3 2 2 1 2 1 4 2 2
   1 0 0 4 1 2 2 1 4 1 0 3 1 3 0 2 3 2 3 1 1 1 4 1 1 0 2 1 4 0 3 2 2 1 3
   2 0 4 4 1 3 3 1 1 4 0 1 0 4 3 4 3 1 2 4 1 1 1 1 3 2 0 1 3 1 0 3 0 0 4
   1 1 3 0 3 3 1 1 3 0 2 0 0 3 2 1]
  [0 0 0 3 0 4 0 1 3 3 2 2 3 1 4 2 0 0 0 3 4 4 0 0 3 3 1 3 3 1 2 1 0 4 4
   1 0 1 3 0 2 4 3 0 4 0 4 3 4 1 3 2 0 4 3 2 2 2 4 1 2 4 4 0 1 4 1 4 3 4
   2 1 0 3 2 1 2 0 2 1 2 1 2 4 1 4 3 1 3 1 2 2 3 1 4 0 3 1 2 1 3 1 2 3 3
   3 0 4 3 0 0 4 3 2 2 2 3 1 4 0 2]
  [0 2 0 4 1 4 3 4 0 1 3 1 2 2 2 4 2 3 1 4 3 4 4 2 4 2 0 3 1 1 0 0 2 1 1
   0 1 1 1 0 2 2 1 2 2 0 1 0 2 4 4 4 3 2 3 2 2 3 4 1 0 2 1 1 1 4 4 1 2 0
   3 0 2 0 1 4 3 2 1 4 2 0 0 3 1 1 3 0 2 1 1 4 1 4 2 3 3 2 4 1 4 3 2 1 2
   0 3 2 3 3 0 4 4 2 4 3 0 1 3 4 2]
  [0 3 1 2 0 4 0 1 4 1 3 4 0 3 4 2 3 0 4 1 2 2 3 3 4 0 3 1 4 1 1 2 2 2 2
   3 4 3 0 1 4 0 2 0 1 1 4 4 2 2 3 0 2 4 3 0 1 0 1 1 1 0 3 0 0 1 3 1 2 4
   3 1 4 4 3 2 2 4 3 2 4 1 0 1 0 4 2 1 3 1 1 1 4 3 1 4 0 4 3 2 0 1 3 2 1
   2 4 2 0 2 3 0 2 2 0 2 1 4 2 2 2]
  [0 3 4 2 2 4 1 3 3 1 3 3 4 2 3 4 4 3 1 4 4 2 2 2 3 1 2 2 1 3 1 3 0 3 1
   2 0 3 2 4 0 1 3 4 0 1 0 4 2 1 4 0 2 1 2 0 1 1 0 4 3 0 1 2 0 0 2 1 2 4
   2 4 0 4 4 3 3 2 1 4 1 1 3 4 1 2 2 2 2 2 3 0 2 1 0 4 3 4 1 1 0 3 1 0 4
   0 4 1 2 3 2 0 0 2 2 0 4 0 3 0 3]
  [0 3 0 1 0 0 3 1 0 4 1 4 1 3 3 4 2 1 2 4 2 1 4 2 3 3 3 4 2 0 0 2 4 1 4
   0 1 3 0 1 3 2 2 3 3 4 3 0 4 3 2 1 3 3 3 4 2 2 2 1 3 3 1 0 4 1 3 4 2 3
   3 0 0 1 4 4 2 2 1 2 4 2 0 3 4 0 1 0 1 4 3 0 2 0 0 4 4 2 3 3 3 2 4 2 4
   3 1 3 0 3 1 4 2 0 2 0 1 2 0 4 2]
  [0 0 4 1 2 1 1 3 4 2 0 4 3 0 1 4 1 2 3 1 3 1 3 2 3 0 1 3 3 4 2 4 3 1 2
   3 4 1 4 2 1 4 1 2 2 4 2 4 2 2 1 1 4 1 4 2 1 2 3 4 3 3 2 3 4 4 0 4 4 0
   1 4 3 1 2 4 1 3 1 1 2 2 3 0 4 3 2 4 4 2 2 4 4 4 4 3 0 2 0 0 4 4 3 3 3
   2 2 3 3 0 2 1 2 2 0 1 0 2 3 2 0]
  [0 1 1 3 2 3 1 3 1 2 3 3 1 3 0 2 2 0 2 2 3 1 4 4 3 2 0 4 4 0 3 3 1 0 2
   4 2 3 3 3 4 4 3 0 1 0 3 1 4 4 2 2 3 0 0 1 2 1 3 3 3 4 3 2 2 1 2 4 4 4
   2 2 3 1 0 4 0 4 0 4 0 0 2 0 4 2 1 0 2 2 3 4 3 3 2 3 2 1 4 4 3 2 2 0 1
   0 0 0 0 0 4 1 2 3 1 0 3 2 4 1 2]
  [0 2 3 4 3 1 1 0 0 1 2 1 0 3 0 1 0 0 4 0 3 0 3 1 1 4 1 3 0 1 2 0 3 3 4
   3 2 1 0 1 2 3 1 2 2 0 0 0 2 1 4 2 1 0 0 1 0 1 2 0 1 0 1 3 1 2 4 4 4 0
   2 4 1 3 4 1 1 2 4 0 4 4 2 3 4 3 3 3 1 3 3 3 4 4 0 1 4 4 4 3 4 3 3 4 4
   1 3 3 0 2 2 0 3 4 4 3 0 4 2 4 2]
  [0 1 3 2 2 1 0 3 1 1 2 3 2 3 2 1 2 4 4 4 1 1 0 4 4 1 1 0 3 2 1 2 2 2 2
   3 2 3 1 2 3 0 3 2 4 3 2 4 2 0 3 4 3 3 0 2 2 0 0 3 2 3 4 0 3 4 1 0 4 2
   0 3 0 4 2 1 4 0 1 3 2 1 2 0 0 1 4 3 3 0 4 2 1 4 3 3 0 1 2 0 0 4 2 1 4
   1 1 4 3 0 0 3 3 1 0 0 0 0 0 4 2]
  [0 4 1 1 3 3 3 0 1 2 0 2 3 3 0 3 0 4 0 0 1 2 3 3 3 2 0 2 3 4 3 2 4 1 1
   0 4 4 4 4 3 2 3 4 2 4 3 1 2 4 0 1 0 2 0 4 4 4 4 1 0 0 0 1 3 0 4 4 3 0
   4 2 4 4 1 1 1 4 2 4 0 2 1 2 0 1 2 3 4 4 1 2 3 3 3 0 4 3 0 2 1 3 1 3 4
   4 2 1 4 3 2 3 1 2 3 1 0 2 0 0 4]
  [0 3 3 3 3 0 2 4 4 4 1 4 3 1 0 1 4 0 0 4 2 0 0 4 3 0 3 2 0 3 2 3 2 4 2
   0 0 0 3 4 2 3 0 2 4 4 2 3 1 4 0 3 0 1 3 0 1 0 4 0 4 4 3 4 3 2 3 4 1 4
   1 4 0 3 0 0 3 0 0 4 1 1 4 0 1 2 1 4 0 4 1 2 3 2 2 4 2 1 2 0 1 3 4 1 3
   2 2 3 1 3 3 3 0 4 2 4 0 4 0 0 1]
  [0 4 1 3 4 0 1 2 2 3 3 1 2 0 2 1 1 0 1 3 4 2 0 2 0 2 0 4 4 2 3 3 3 4 3
   4 3 4 3 2 4 2 1 3 3 2 3 3 1 1 4 3 0 3 1 2 2 2 0 3 4 4 1 3 1 3 3 2 1 4
   1 4 2 3 4 0 2 4 4 4 2 2 0 1 4 0 1 0 4 4 2 4 3 4 1 0 2 3 4 2 3 1 3 3 3
   1 3 3 4 3 2 3 3 2 3 4 2 1 4 4 0]]]
release_time
[   0  537  576  918  824  877    5  894  192  395 1129  871  900  688
  890 1094  988  989  859  874 1127  137  675  733  785  914 1059  290
  516 1093 1048  160 1084 1038 1016  966  949  648  913 1139 1086  482
    0  511  323    1 1143   33  172  307 1088  863 1008  912  813  886
  787 1102 1100  917 1025  807  245    9  971 1102  731  818 1118 1035
  885  915 1088  987 1113  979  565  119  984    4 1074  808  906  176
  825  440   80 1095 1145  728   52  331  436   38  688 1027  184 1057
  373  563  870 1122 1053  489  964  459  891    4 1092  861   90 1049
  845  814  953   59 1002  373 1133  140 1037]
due_date
[   0  618  652  993  897  881   10  964  196  398 1134  883  933  760
  950 1132 1014 1005  902  944 1151  182  753  783  862  946 1075  367
  551 1124 1091  241 1149 1045 1112 1047 1037  678  959 1152 1153  566
   86  551  379   34 1148   35  208  325 1173  883 1046  998  889  926
  865 1149 1158  961 1038  865  261   13 1029 1165  749  904 1119 1077
  965  927 1179  995 1115 1014  655  207 1079   79 1127  814  952  250
  866  520  168 1180 1148  776   80  374  517   56  736 1049  196 1061
  418  564  888 1178 1116  500 1058  494  941    4 1122  903  140 1138
  902  891 1009  138 1101  472 1178  197 1132]
unit_emission
[ 8 10  3  8 16 12 17  2  3 15]
emission_limit
55241.0
setup_severity
0.02
due_tight
0.3
due_range
1.0
release_tight
1
degree_constr
0.8
