mach
10
job_rate
12
weight
[ 0  3  4 10  5  9  4  3  3  3  8  3  8  4  9  6  1  7  1  6  8  3  8  3
  3  9  7  5  3  1  6  8  1  5  5  7  2  7  6 10  7  4 10  4  6  1  1  3
  8 10 10 10  5  6 10  8  3  5  2 10  2  3  5  6  6  2  4  1  1  2  8  2
  6  1  7  8  4  2  5  8  4  3  9  5  7  7 10  5  9  6  4  5  3  8  6  8
  7  2  8  8  2  8  5  4  6  7  1  1  3  7  3  2  2  2  3  8  8  5  5  2
  7]
proc_time
[[  0  62  57 106  74 110  81  60 140 122 141  90 141  82  83 120  84  90
   72 138  81 121 126  93 125 133  51 110  91  83  52  88 121  85 144  98
   95 125 130 143 114 113 118 139 144  71 107 109 111 131 129 128  86 127
   84  77  90  70 133  99 149 139 107  86  59  76  89  68 104 123 131 144
   81  95  70  51  95 146  69  58 137 142 120  53  50 121  90 144 145  74
  146  89 128 104  61  64 118  71  59 148  86  95  75 107  77 137  56  69
   71  51 110 128 136  62 136 131 103  68 105  53 124]
 [  0  55 119  63  59  97 139  64  85 131 112 149 125 136  68  94  82 145
   69 125  69  91  78  73 102  74 149 138 122  63  85 147 129 131 132  99
  134 142  65  62 114 102 128 112  73  75 105 128  67 108  90 103  97 120
   93 101 113 139  52  66  92  58 113 102 123 100  82 136 104 144  90  72
  133 110  70  65 125 108 102  78 128 103  93 129 122 110  52 115  72  60
  116  60 134 134  99  91 131 132 108 132 137 105 105 144 140 123  51  77
   81 113  95 150 117 108 145 100 118 111  95 114 115]
 [  0 106  64 122  77 147 142  54  75  70  75  84  51 124  56  66  78 121
   56  68  65 120 150 135 149  95  63 111 129 110 125  61 127 108 128  99
   73  55  56 146 146  58  89  88 119  83  57 122  90  87 147  50  79  64
  113  52 107 150  75  78 110  50 140 142  70 129  60  74 134  54  63  85
   81  60 122 117 111  92 115  71 102  71 129  97  59 145  87  52  56 148
  144 104  70  71  92  58  79 110 101 101 136  74  96  98  72 142 103 123
   99 130  55  96 131  96 144  80  89 141 109 105  67]
 [  0 107 122 102 107 136 129 126  80  62 106  95  81  75  58  91 149 133
   68  71  95 140  95  94  67  90 106 120  82 127  52 140  87  98 124  51
   65  54  89 109  86  68  91 102 139  71 147  56 144  85  65  65  72  53
   99  69  84 104 125  82 144  63 115  69 115 130  50  71 138  88  96 147
   69 103  70  99 135 138 142 135  85 102 129 123  56  57  81  89 110  55
   77 138 124 133  52  85 100 107  73  82  53 137 121 150 146  52  85  81
   60 110  51  50  52 102  81  61  72  99 110  74 149]
 [  0  84  71 139  61  60  65  56 117  69 116  66  66  77  52  64  73 127
   56  93 107 138 147  90  94  96  92  76 120  99  95 103 120  50 145 101
  126  98  61 105 137 117 120  80 131  84 123  93 147 142 136  76  87  78
   80  50  51  95 100  89 137  51  85 117 114 132 138 117  52  60 130 135
  111  69 110  61 104 125  72  61  71 123 150 108  75 148 148  93 100 135
   64  77 125  59  83 144 148 122  55  84  79  71 108 118  71 150 146 139
   83  84  80  86 147 112  97  61 130 110  74  97  93]
 [  0 130  66 102 110 149 110 135  57 111 148  78 123  55 127 119 140 118
   81 120 125  60 132  71  61  57  58 105 121  59 149 119  76 110  78  96
  145 139 147  61  50  93 150  62  70  90  83 142  90 130  51 116  59 110
   55  63 148  65 130  50 138 136  80  66 137 109 136  91  96  56 131  58
  138 150 132  63 104  51 127 140 113  70 137  51 125 147  86  89 113  67
   73 141  69 140 109  82  64  86 103  69 131 114 136 130 143 136  51  90
   78 123  91  52 127  85 130  71  53  97 149 115 144]
 [  0  96  77 103 106  92  62  56  87 148  88 121 114 141 100 119  87  58
   82 102  84 103 122 121 110  57  90 100  93 126  82 121 116 112  74  62
  102  92  68  82  96  70  64  72  63  52 136 137 144  72 138 147 136 139
  104 104  91 145 143 146 148 108 137 108  76  74  75 104 150 116 121 122
   78 140  56 147 119  57 106 150  94 124  79  81  60 145 134  57  68  58
  140 124 148 102  96 146 110 109 111  99 139 138 127 121 136 126 146  69
  132 135  53  71  87 138 116  57 137  64  94  86  91]
 [  0  93  55 116 104 147 132  58 131  51 113 114 103 141 100  58 106 127
   94  69  61  88  65  90  74  82  51 139 108  92 105  98 125 103  66  89
  112 141 127  56  66 118 138  75  71  89  85  94  71 139 149 147 145  98
  118 137  84  91 118  84  95  76 120 121 122 121 150 148  63  96  88  52
   56  76 137  74  74  77  73  60  96  63 121 135  65 143  91  76 130  69
  142 120 110 104  70 132  65 120 127 146  61 148  75 144 119 119  55 125
   94 142 150  52  97  81  91  86  72  87 134  84  77]
 [  0  55 134 109 112  65  86  83 103  65  80  96 118 111  99  91  72 142
  144 101  95  63 145 112 149  59  59  57 132  56  84 130  98  80 127  94
   88 149 120 107 137 118  68 119  84  96 141 139 137  96  88  58  60 149
  124  93  55  72 102  78  78  86  71 125 144  70 131  89 114  55 110  69
   65  92 109 129 124  68 105 109 143  53  88  89  63  50  66 141  91  66
   59  80 148  97  67  72  72  95  81 149 123 105  70  62 105 115  77  91
  116  74  63  90 103  63 102 142  66 121  64 109 108]
 [  0  73  62 136  99 128  95 127 110 149 109  51  66 148  55  53  53  70
   96 144 110 134 128  54 139 141 120  81 139 108  58 141  80 131 137  76
   97  91  85  84  71  71  50 122 105 124 103  67 137 119 149  61 109  55
  116  80 127 112 144 141  52  80  51 142  58 141  52 113 123 117 121 108
  132 127  99 115  69  93 149 130 103 129  52 129 128 122 134  68 107  90
  125 148 131  96 103  66  59 147 109 104 131 139 110 125  51 106 100 144
  119  69  69 150 112  53 116  50  93  82  69  86  73]]
setup_time
[[[0 0 3 4 1 4 3 4 1 0 3 4 3 1 0 4 0 4 4 3 0 0 1 3 1 1 1 0 1 3 0 4 3 1 1
   0 0 3 3 1 0 0 3 3 2 4 4 4 4 3 3 1 3 3 2 4 1 1 0 0 4 3 2 2 1 4 2 0 3 3
   3 3 3 2 2 4 4 0 1 1 2 1 1 0 2 1 1 3 3 3 1 0 2 0 0 1 1 0 0 2 1 0 1 4 0
   1 4 0 0 4 4 1 1 3 1 1 1 2 2 2 1]
  [0 0 4 0 3 0 1 2 2 3 0 0 1 3 3 0 4 0 1 0 0 0 0 4 4 3 3 0 0 2 1 1 4 1 1
   4 3 3 0 4 2 2 1 2 2 1 4 0 1 4 2 1 1 3 3 2 1 2 3 0 1 1 3 3 3 1 2 2 1 3
   2 2 1 1 1 0 2 1 2 2 2 3 4 0 4 1 3 1 2 1 2 0 2 3 0 0 4 2 0 3 3 3 1 1 2
   4 2 2 4 1 1 0 1 1 4 1 2 1 2 2 3]
  [0 3 0 0 0 0 3 4 2 2 4 2 4 0 3 2 4 4 3 0 0 3 3 3 2 3 1 1 0 3 3 0 4 2 0
   2 4 0 0 1 0 4 0 0 2 0 1 2 3 4 3 2 0 1 2 3 3 0 0 2 2 1 3 4 0 1 0 1 1 0
   1 1 2 0 3 2 0 4 2 1 2 3 2 3 0 3 4 4 3 3 2 2 2 3 0 3 2 0 1 4 3 4 0 3 1
   1 1 1 4 2 2 0 3 4 0 2 3 2 0 2 4]
  [0 4 1 0 1 2 0 2 3 0 0 2 0 4 3 3 1 4 1 2 0 1 3 1 1 1 1 0 1 0 1 4 1 3 0
   1 4 0 4 1 2 2 1 1 3 0 0 1 2 0 1 3 4 1 2 4 1 3 0 3 3 3 4 2 2 3 3 2 1 2
   1 4 0 4 4 3 2 4 2 3 4 1 2 2 3 1 2 4 0 3 3 3 0 4 2 1 1 4 4 3 3 2 4 3 4
   1 4 2 1 1 1 0 0 0 1 3 2 2 2 3 1]
  [0 4 1 0 0 2 3 4 4 2 0 0 2 2 0 4 4 2 0 1 4 4 2 0 3 1 2 2 0 1 0 3 1 2 3
   3 2 2 4 2 2 1 0 2 2 1 1 0 1 3 1 1 0 2 4 2 3 4 2 1 4 1 4 1 0 3 2 4 1 2
   3 1 4 3 1 4 3 0 2 2 0 0 2 0 2 1 4 4 1 0 3 1 3 4 1 1 2 3 3 1 4 1 4 4 2
   2 2 4 1 2 2 2 2 2 1 4 2 2 0 4 4]
  [0 2 0 3 4 0 3 3 3 0 0 2 3 3 2 1 4 2 3 4 4 1 2 4 2 3 1 2 0 0 1 0 2 4 1
   4 4 0 2 3 1 3 1 4 2 1 0 4 3 4 0 0 0 4 3 2 4 3 2 4 0 3 0 0 1 4 1 4 3 1
   2 0 3 2 2 0 4 2 1 4 0 1 1 1 1 2 1 0 2 2 0 4 0 1 1 1 4 2 2 0 2 3 0 2 4
   1 1 4 2 1 0 3 4 1 0 3 3 0 2 2 4]
  [0 2 0 1 3 1 0 2 3 2 1 2 0 2 1 1 3 0 1 4 3 2 0 2 3 4 0 0 0 0 3 2 1 1 2
   3 4 0 1 1 3 4 4 2 4 4 3 2 3 2 4 2 0 0 2 1 0 2 4 4 3 2 0 1 4 3 4 4 3 3
   4 3 2 4 1 4 0 2 1 3 0 1 3 4 2 4 2 4 0 3 2 2 0 4 1 0 0 4 4 0 0 4 4 2 0
   2 2 2 1 2 3 0 3 0 2 4 1 2 1 1 0]
  [0 2 2 1 1 3 1 0 1 0 2 1 3 0 4 1 4 4 4 4 1 4 0 0 2 4 1 4 4 4 0 4 2 4 4
   4 1 0 4 4 4 3 2 4 1 4 4 4 0 1 0 3 3 2 0 1 1 4 1 3 0 3 4 1 3 2 2 2 3 0
   4 0 2 1 0 1 1 0 0 1 2 1 3 0 4 2 2 0 2 0 0 4 1 0 2 0 3 1 2 3 4 4 2 1 4
   4 4 0 1 4 2 3 0 2 4 3 2 1 3 1 0]
  [0 1 2 3 3 1 3 2 0 2 1 1 0 0 3 2 2 0 3 0 0 1 4 1 4 1 3 0 4 4 0 0 1 1 4
   2 2 2 0 1 1 0 1 2 1 0 0 0 0 0 4 3 2 4 1 2 0 3 2 4 4 1 2 0 0 0 3 3 1 4
   0 0 4 1 0 0 0 3 1 2 0 1 4 0 4 1 1 2 3 4 0 1 4 1 2 0 0 3 4 0 4 4 1 2 2
   3 4 2 3 1 4 0 3 1 2 0 4 4 3 2 1]
  [0 0 1 3 4 3 4 3 1 0 2 4 4 4 2 2 4 1 3 0 0 0 0 1 1 0 1 3 0 2 1 0 0 3 4
   0 1 1 3 2 4 4 3 3 3 3 3 0 3 3 2 3 4 0 3 4 3 2 1 2 1 0 3 3 1 1 3 1 0 2
   4 2 4 1 2 1 2 4 4 4 0 1 1 2 0 3 4 2 0 3 1 1 3 1 0 0 4 1 4 0 0 2 2 4 1
   4 4 4 3 2 2 0 0 2 0 4 3 0 4 4 3]
  [0 4 2 1 1 0 0 1 3 0 0 2 0 1 3 1 3 2 2 0 4 2 1 2 4 3 0 4 0 3 1 0 0 2 3
   0 3 2 1 4 2 3 1 0 3 1 2 1 0 4 1 1 0 4 0 1 3 1 4 1 0 0 3 4 3 0 0 0 2 3
   1 3 2 0 2 2 0 3 3 4 0 0 3 3 0 3 3 4 2 3 2 3 3 4 3 3 3 1 2 1 4 0 0 3 1
   3 0 0 0 2 4 0 1 0 3 1 3 0 0 4 0]
  [0 3 0 4 4 4 0 4 3 0 1 0 2 1 3 2 3 4 0 4 4 2 3 3 4 3 3 1 0 1 1 0 3 1 0
   4 4 1 4 4 3 0 1 0 2 1 0 4 3 1 2 2 0 3 2 3 4 2 4 1 0 3 4 4 4 3 1 0 4 2
   0 0 2 4 1 1 0 2 0 3 1 3 3 2 4 4 4 0 4 4 0 1 2 0 4 2 1 3 4 3 1 1 0 1 1
   2 1 0 2 2 4 3 1 3 4 4 1 0 4 0 0]
  [0 0 0 1 1 2 1 1 2 1 0 4 0 2 1 1 0 1 2 4 2 1 0 1 4 1 0 2 3 0 4 3 2 3 4
   3 0 1 4 2 1 2 4 3 1 4 3 0 3 1 3 0 3 1 4 2 1 3 4 1 1 3 4 4 3 3 0 2 1 0
   4 4 1 3 2 3 2 1 1 4 0 0 3 4 1 0 4 2 4 1 3 1 4 1 0 3 3 4 3 1 4 3 3 1 3
   3 3 0 4 4 2 1 0 0 2 1 4 3 1 1 1]
  [0 4 1 0 1 1 2 1 3 2 4 1 2 0 3 4 1 3 0 0 3 4 1 3 0 3 0 3 2 2 3 3 3 3 3
   0 3 0 2 0 2 4 3 4 2 1 3 1 0 4 3 0 2 0 0 1 2 0 0 2 2 0 2 2 0 4 1 1 4 0
   1 4 3 1 1 3 1 1 0 2 1 4 4 2 4 0 3 0 1 4 0 2 4 4 2 1 4 3 2 2 1 0 3 0 3
   0 0 1 1 4 2 0 4 4 4 0 1 0 3 4 3]
  [0 2 1 3 0 2 1 3 2 3 2 0 3 0 0 3 2 1 1 2 2 0 1 0 0 4 3 4 2 4 4 2 2 1 0
   0 2 3 3 4 0 2 0 4 3 4 1 0 2 3 2 1 0 1 4 0 2 0 4 1 4 4 3 0 4 3 3 0 1 2
   3 2 3 2 3 0 3 1 2 2 4 3 3 0 0 1 1 4 0 4 2 4 2 3 4 2 4 4 2 2 1 0 4 0 4
   2 0 0 1 2 2 0 0 4 1 4 4 3 4 3 1]
  [0 0 0 2 0 2 2 2 1 2 4 3 2 3 1 0 4 4 4 3 1 3 0 1 1 0 0 2 2 0 0 0 1 3 0
   3 2 2 0 4 4 0 3 0 1 3 3 4 2 3 1 3 0 3 3 2 2 3 2 1 2 4 3 0 3 2 0 1 3 3
   3 1 2 4 4 4 2 2 0 3 0 0 2 3 2 0 4 3 1 0 0 0 3 4 1 1 4 1 0 3 2 0 2 4 3
   4 2 4 2 4 3 4 2 0 1 4 2 0 3 1 4]
  [0 3 1 4 4 4 4 1 1 4 1 3 2 3 0 4 0 2 4 2 2 3 3 2 0 3 4 2 1 1 1 3 4 2 4
   3 3 3 4 2 3 3 1 4 2 4 1 0 2 2 1 3 2 4 3 4 4 1 3 0 4 4 3 4 1 4 4 4 4 1
   0 4 0 0 1 3 2 2 0 3 0 2 2 0 0 2 2 2 4 2 4 4 1 3 2 2 4 4 2 4 1 2 0 3 4
   0 4 3 3 2 0 0 2 1 2 0 2 0 4 2 4]
  [0 1 1 0 2 3 3 2 0 1 2 2 3 3 4 3 4 0 1 3 2 2 3 4 4 4 3 2 1 3 3 2 3 2 0
   3 0 0 2 1 3 4 3 1 1 0 1 2 0 3 2 4 2 0 1 0 2 2 4 1 2 4 3 0 3 1 1 2 3 2
   4 4 2 2 4 3 2 2 2 1 3 1 1 4 3 4 0 0 1 4 0 2 1 3 2 3 1 4 0 0 2 4 2 4 2
   2 3 1 2 3 0 3 3 4 2 0 1 0 3 2 4]
  [0 2 4 2 3 4 0 4 3 2 3 4 3 4 2 3 0 0 0 2 4 3 4 0 1 1 4 1 0 2 2 0 3 4 3
   0 0 3 4 2 1 2 2 2 4 2 4 1 4 4 3 1 1 2 4 4 0 1 2 3 0 0 1 0 1 2 3 2 2 1
   1 0 1 0 3 4 0 1 3 1 4 0 2 2 3 0 0 2 3 3 1 1 0 2 0 3 0 1 0 1 4 2 4 2 4
   3 1 2 3 3 4 3 0 2 0 3 1 2 1 0 1]
  [0 3 3 3 4 4 1 3 0 1 0 2 0 0 4 2 2 3 2 0 1 3 2 3 2 3 3 3 4 4 4 3 0 4 4
   4 2 2 2 3 0 2 1 3 2 2 0 1 1 4 3 0 3 0 2 2 4 0 1 0 4 2 2 3 0 0 0 3 3 4
   2 2 0 0 0 4 3 2 2 2 1 2 3 3 2 2 4 0 0 0 1 1 0 4 3 3 1 0 3 0 3 3 0 4 0
   2 3 2 3 2 4 0 1 2 1 4 4 3 0 2 3]
  [0 3 4 0 0 3 2 0 4 0 4 4 4 1 0 1 3 1 2 4 0 4 1 1 2 1 3 4 3 2 3 2 2 0 2
   0 2 4 4 0 1 4 0 1 1 3 3 2 1 4 3 1 0 1 0 3 4 2 1 4 2 3 3 2 2 2 4 3 2 4
   1 2 4 4 2 1 2 1 1 3 1 0 2 3 1 3 1 0 4 4 1 2 3 0 0 4 4 3 4 2 2 4 3 3 3
   3 0 0 4 0 1 4 4 2 4 1 4 4 2 0 2]
  [0 3 2 3 2 1 0 4 2 4 1 3 3 3 3 1 3 4 2 3 3 0 3 0 0 2 1 3 0 4 4 0 2 0 2
   1 2 2 0 4 1 4 1 3 4 1 2 0 4 2 3 1 0 4 3 3 3 1 1 4 1 1 2 3 1 4 2 4 2 4
   4 1 0 0 2 2 3 4 4 0 2 0 4 3 3 4 3 3 3 3 4 4 4 2 1 2 3 1 4 0 4 4 3 2 1
   3 3 2 3 4 1 1 4 0 1 0 1 1 4 1 0]
  [0 1 0 0 0 0 3 2 0 2 3 0 1 0 2 0 2 4 3 4 2 2 0 3 1 1 2 0 4 0 3 0 3 3 2
   0 0 1 1 4 4 2 1 3 0 4 0 0 4 2 4 0 0 3 4 2 0 2 0 0 0 3 4 1 3 4 1 2 2 2
   0 3 3 2 1 0 4 2 3 0 1 4 3 2 3 2 2 0 3 0 4 0 3 2 3 2 0 4 4 3 1 4 2 3 2
   1 0 2 4 4 2 1 0 3 3 4 2 1 1 1 3]
  [0 2 0 0 3 2 0 1 4 1 2 2 1 2 2 1 1 4 1 0 2 4 3 0 2 4 0 2 1 4 2 0 2 1 1
   0 2 4 2 3 1 2 4 3 1 3 2 0 0 1 0 2 1 4 3 0 1 0 2 2 3 4 0 2 4 1 4 3 4 3
   2 0 0 2 2 4 3 4 2 3 2 4 3 2 2 2 4 3 1 2 3 2 1 2 3 0 3 4 1 0 3 2 2 4 0
   2 4 3 4 0 3 2 3 1 0 2 2 3 0 1 3]
  [0 1 3 4 3 3 2 4 1 0 4 4 3 2 2 0 3 3 3 0 2 1 3 4 0 2 3 0 1 2 1 1 1 2 4
   2 0 2 0 3 0 3 3 2 2 2 0 4 1 0 0 4 2 2 0 1 0 0 4 3 4 4 1 2 1 4 0 2 4 1
   3 1 4 1 3 4 0 3 3 2 4 1 2 2 0 0 4 4 3 3 1 2 3 4 1 4 0 0 2 3 4 1 2 3 0
   3 2 2 0 0 2 2 1 4 2 1 3 3 0 4 1]
  [0 0 4 0 0 2 0 1 0 1 4 2 4 1 4 0 3 3 2 3 4 4 0 0 1 0 0 0 3 0 4 4 2 1 4
   0 3 2 1 0 4 3 2 1 0 1 2 2 4 4 4 3 1 2 3 2 4 3 4 2 0 1 1 4 2 3 1 3 3 0
   2 1 0 4 4 1 3 2 4 3 0 1 3 0 2 0 4 0 0 4 3 2 1 4 2 2 2 0 3 2 2 3 2 0 1
   0 0 3 0 4 2 1 4 4 2 1 3 2 0 1 3]
  [0 4 0 0 1 3 2 1 0 1 4 2 1 3 0 2 2 0 4 3 1 3 4 0 1 3 0 1 1 2 4 4 2 3 1
   1 4 2 1 4 0 0 0 4 0 1 4 1 2 2 1 1 1 3 0 1 3 1 2 1 0 1 1 3 4 3 0 4 2 1
   0 1 0 3 3 0 3 1 0 4 1 0 4 4 0 3 1 2 1 2 0 4 0 4 2 4 1 1 3 1 1 4 3 1 3
   1 0 3 1 4 2 3 1 3 1 3 4 2 1 4 0]
  [0 0 2 0 2 4 2 0 4 1 4 4 1 0 2 1 2 1 0 0 0 1 4 1 4 1 0 0 4 4 2 0 1 0 3
   0 0 2 4 3 0 2 4 3 2 4 4 4 2 1 2 2 0 0 2 1 3 2 4 4 3 1 1 4 3 4 3 3 1 0
   0 4 4 2 2 0 0 1 2 2 3 0 2 1 2 3 2 2 1 1 0 4 0 3 0 4 1 4 0 1 0 2 3 4 1
   1 4 2 1 2 1 0 2 3 2 3 2 3 2 3 2]
  [0 1 4 3 0 2 3 3 0 2 0 4 2 1 4 0 3 1 2 2 4 0 0 0 1 1 0 3 0 4 2 3 3 4 2
   1 4 3 4 3 1 4 0 2 4 2 2 4 2 3 2 0 1 4 3 2 3 1 2 2 2 4 2 2 3 3 0 3 2 3
   2 1 4 3 4 0 4 1 2 1 4 3 3 0 3 2 4 3 0 1 0 4 1 1 0 2 1 4 1 4 4 1 1 3 3
   4 3 0 0 1 1 3 2 1 1 1 3 1 3 0 3]
  [0 2 4 4 2 2 2 3 0 2 2 3 0 2 0 4 2 1 3 2 2 1 4 3 4 3 4 4 3 0 0 0 3 1 0
   1 2 0 1 4 4 0 3 1 2 0 0 2 1 3 3 0 4 3 1 1 4 0 0 2 1 1 1 0 4 0 2 2 0 1
   1 2 2 2 2 4 2 0 3 3 1 0 4 2 1 2 0 3 2 4 0 0 4 0 3 3 2 4 3 2 0 4 3 2 1
   0 3 4 2 0 4 4 1 2 2 2 3 4 0 1 0]
  [0 0 1 2 1 2 2 4 0 3 2 1 4 3 0 2 1 2 2 3 4 3 4 2 0 0 2 0 0 3 0 1 4 1 3
   3 1 4 4 2 0 0 0 3 1 4 3 2 2 3 1 4 4 4 2 2 2 4 3 2 0 1 1 3 4 2 4 3 0 4
   3 4 1 3 0 1 3 0 1 1 3 0 3 4 2 3 4 2 4 0 4 1 2 1 4 0 3 3 3 4 4 4 2 3 4
   1 1 1 3 4 2 0 2 4 2 0 4 1 3 3 4]
  [0 3 3 4 3 3 0 0 4 0 0 2 4 2 2 3 0 4 0 1 1 4 1 4 4 3 1 1 0 3 2 0 3 2 1
   3 2 0 3 2 4 0 4 2 4 0 2 1 4 2 4 3 0 2 4 4 3 0 1 0 0 4 0 3 1 4 3 2 2 3
   0 4 4 2 1 4 0 0 4 3 2 2 1 1 0 2 4 4 0 3 3 3 0 0 2 3 4 2 2 0 3 2 2 0 1
   1 2 4 4 4 4 1 4 1 0 2 4 2 0 4 0]
  [0 4 4 4 0 4 1 3 1 2 0 0 2 3 4 3 2 4 0 0 2 3 4 1 2 2 1 0 3 0 0 3 0 1 4
   3 0 0 3 0 2 4 0 1 2 2 4 4 3 3 1 1 2 4 3 2 3 4 4 3 1 1 3 1 1 2 0 1 3 0
   3 1 1 0 3 0 0 0 4 1 2 3 4 1 1 1 0 0 1 2 4 3 2 2 1 4 1 1 3 3 4 1 2 0 0
   4 3 1 0 0 3 3 0 4 1 3 4 2 0 4 3]
  [0 3 2 0 3 2 0 3 1 3 4 3 0 2 4 3 1 2 2 0 0 0 3 3 2 1 4 2 1 2 3 3 0 0 0
   4 1 0 4 3 2 2 2 2 0 4 1 4 0 1 3 0 2 2 1 3 4 0 0 4 1 3 1 2 4 4 4 0 0 4
   0 1 2 0 2 0 3 3 3 3 4 2 0 0 3 3 3 4 2 2 3 2 3 4 3 1 2 1 4 4 4 2 3 1 3
   1 1 4 3 3 4 1 0 1 1 2 2 2 2 1 4]
  [0 4 2 1 3 1 1 0 2 1 3 0 4 0 3 4 2 1 4 3 3 4 2 3 1 4 2 0 2 0 3 1 3 3 0
   3 4 3 0 4 4 2 4 3 1 1 0 4 0 2 3 3 3 0 1 3 0 0 4 0 1 4 2 2 0 3 3 0 0 4
   0 4 3 3 2 2 1 0 3 1 2 1 2 3 1 4 3 0 3 3 0 4 1 0 0 1 2 4 4 0 2 4 2 4 1
   0 4 3 0 2 0 3 1 2 0 0 0 3 0 0 3]
  [0 2 3 3 3 3 3 2 4 2 2 0 4 4 1 3 3 2 4 1 1 1 4 2 4 1 0 2 1 2 4 2 1 0 1
   0 3 4 1 2 2 4 1 4 3 1 4 1 0 0 1 1 1 4 4 3 3 4 0 2 0 2 3 4 0 1 4 1 2 1
   2 4 2 3 4 2 2 1 1 1 4 1 4 3 4 4 1 0 4 2 1 4 3 2 3 0 3 3 1 0 1 0 0 1 1
   3 3 1 0 4 2 0 3 4 3 4 0 3 0 2 2]
  [0 1 0 4 1 3 0 1 4 2 3 3 3 3 0 2 3 2 1 4 0 3 2 2 1 4 1 3 2 3 0 1 0 2 4
   3 0 3 3 2 0 2 2 3 1 0 4 1 0 3 4 3 3 1 1 2 2 1 3 2 4 2 1 4 2 3 3 4 3 1
   4 1 3 1 2 3 4 2 2 3 2 4 2 3 2 4 3 0 2 0 1 2 0 3 0 2 4 2 0 1 3 0 1 3 0
   2 2 1 2 0 1 2 2 2 0 2 2 2 3 1 1]
  [0 2 0 0 4 3 2 1 3 3 4 1 4 2 1 2 3 3 4 0 4 1 2 4 2 0 4 0 2 1 0 2 0 0 2
   2 3 0 2 4 3 4 4 4 0 1 3 4 3 2 3 1 4 3 3 2 3 0 0 1 0 3 0 4 0 2 0 4 0 0
   2 1 1 3 0 1 0 4 4 1 2 3 4 1 0 2 3 4 0 1 0 0 3 2 1 2 1 4 3 0 1 4 2 4 4
   3 2 1 3 4 4 2 4 2 1 0 0 0 4 2 2]
  [0 0 1 4 4 1 0 4 1 0 4 3 3 3 3 2 3 3 4 3 1 0 1 0 2 2 3 1 1 2 3 1 3 1 3
   4 3 1 0 1 2 1 1 4 0 2 3 2 0 4 3 0 3 1 4 2 4 3 2 0 2 2 0 0 1 3 2 1 4 2
   4 2 4 2 1 2 0 1 3 2 4 4 4 3 2 0 3 4 2 3 4 0 2 0 3 1 4 4 3 1 0 3 3 1 2
   0 0 4 2 2 1 3 1 1 2 1 2 4 0 2 3]
  [0 0 1 2 1 0 3 2 2 0 0 4 2 3 0 4 2 0 0 4 1 4 2 3 3 4 4 3 0 3 0 1 3 0 4
   0 1 0 1 0 3 0 1 1 2 4 3 0 1 0 4 4 3 3 4 1 2 2 4 1 4 4 1 0 2 4 1 2 3 2
   1 0 1 4 1 3 0 0 1 3 3 0 4 0 1 4 3 2 1 4 1 3 0 0 3 0 3 1 4 3 2 3 2 4 3
   1 2 4 0 1 3 4 3 4 3 4 1 3 4 0 2]
  [0 1 3 3 0 0 4 2 3 3 0 3 3 2 0 4 4 4 1 0 0 2 3 1 3 0 4 2 1 2 4 4 4 3 4
   0 4 1 4 4 0 1 3 1 3 1 0 0 1 4 2 1 4 2 2 0 2 1 4 4 0 2 0 2 3 4 0 2 2 2
   3 0 0 2 1 2 2 3 1 3 4 0 1 1 3 1 2 0 0 1 4 4 0 3 2 2 0 1 0 2 4 4 4 2 1
   3 0 0 2 2 3 2 1 3 4 3 4 1 4 2 1]
  [0 2 3 3 3 2 1 4 1 1 3 0 2 1 4 4 0 4 1 2 3 4 2 0 1 2 1 1 3 2 3 1 3 2 4
   3 3 2 2 2 3 0 4 1 0 2 3 0 3 4 4 2 2 1 3 4 2 2 0 4 3 4 1 3 4 1 4 3 3 3
   1 4 3 1 4 3 0 0 0 1 3 2 3 0 1 2 1 2 3 3 1 4 3 3 2 4 3 3 1 4 0 0 3 2 2
   2 0 4 4 1 2 0 1 1 0 4 1 4 3 4 0]
  [0 0 3 4 3 3 1 0 1 3 2 4 0 2 4 4 3 1 3 2 1 3 3 0 2 0 1 3 2 3 0 3 2 2 2
   4 1 3 1 1 2 0 0 1 0 2 3 0 1 4 1 3 1 0 4 0 3 3 2 0 4 3 2 4 1 3 0 2 1 2
   2 3 1 4 2 1 2 1 2 4 3 3 4 4 1 3 0 0 0 3 1 3 0 0 2 4 1 4 3 0 1 2 3 1 1
   0 0 0 0 1 4 2 0 1 4 0 2 0 1 2 1]
  [0 4 3 0 0 0 0 0 0 4 4 3 1 1 0 3 2 4 0 3 2 3 3 4 3 4 1 1 0 1 0 4 1 3 1
   1 4 3 1 3 1 3 0 0 2 2 0 0 2 1 4 0 3 2 4 2 3 2 4 1 4 4 1 3 1 2 1 4 1 3
   0 1 4 2 3 2 4 3 0 3 0 2 4 1 0 0 0 3 3 4 1 2 2 4 1 1 3 4 0 2 0 1 3 1 0
   0 4 3 4 4 4 0 0 1 4 4 1 2 0 2 2]
  [0 4 4 4 0 0 1 3 3 3 3 4 4 3 4 0 2 1 0 3 2 4 0 0 0 0 3 3 3 3 2 3 3 2 3
   2 0 0 1 0 1 1 4 0 0 3 2 0 1 1 0 3 0 4 2 2 4 4 4 3 2 2 2 2 4 2 3 3 2 2
   2 2 3 1 2 3 1 3 0 1 1 0 3 1 0 3 4 1 1 4 4 2 1 0 1 0 0 2 4 2 4 1 3 0 1
   0 3 1 0 0 0 0 2 0 1 3 3 4 1 2 1]
  [0 2 1 1 0 2 3 1 3 2 3 1 0 3 1 0 0 0 3 1 0 0 4 1 2 4 1 1 0 3 4 3 3 3 4
   0 3 1 4 1 2 1 0 0 1 0 3 3 0 2 3 0 0 2 0 3 4 4 2 2 0 1 4 4 1 3 2 0 0 3
   1 2 3 3 1 2 3 0 3 3 3 4 3 0 3 2 2 3 0 3 1 0 0 2 0 4 1 3 3 3 4 4 3 3 0
   0 0 3 4 0 4 1 2 0 1 3 2 2 3 3 2]
  [0 4 2 0 2 4 0 4 4 3 4 4 0 4 2 4 3 4 3 4 1 1 3 4 3 4 0 2 2 4 4 1 4 1 0
   4 2 0 4 0 1 2 2 0 1 4 0 1 4 1 2 0 4 1 0 3 2 4 4 4 0 1 3 3 1 4 4 2 1 1
   4 2 0 3 2 0 4 3 0 4 4 4 2 1 2 0 4 0 1 4 0 1 4 4 1 2 0 1 1 3 2 0 2 4 3
   4 1 1 2 4 3 0 4 0 0 3 1 1 0 2 2]
  [0 0 4 3 2 2 4 3 2 0 4 4 2 0 1 1 0 0 3 1 2 1 0 0 2 1 3 4 1 0 1 4 0 0 1
   1 3 1 2 4 0 1 0 1 2 2 2 0 1 4 2 4 1 1 0 4 4 4 1 4 2 4 2 2 1 0 3 0 4 1
   2 2 4 1 4 2 3 0 4 2 2 2 3 2 3 3 4 0 1 1 4 4 0 3 4 4 2 2 3 4 3 1 3 4 4
   0 4 3 1 0 3 4 1 4 2 1 2 4 0 1 3]
  [0 3 1 1 2 4 3 2 2 2 1 0 1 1 4 1 1 2 2 4 0 4 0 2 0 1 2 2 2 1 4 2 2 2 2
   1 4 2 2 3 0 3 0 0 3 0 0 0 0 2 1 2 1 2 2 4 4 2 2 4 0 2 1 0 3 1 2 1 0 2
   1 0 1 2 1 1 1 1 2 2 3 0 1 1 1 2 1 3 3 4 2 3 1 0 1 2 4 0 2 4 1 4 4 0 2
   1 3 2 1 4 4 1 0 2 0 4 3 0 4 3 3]
  [0 3 3 0 3 3 0 2 1 3 1 1 3 0 0 2 2 1 0 1 2 1 2 4 4 2 2 1 4 2 0 1 1 4 2
   4 4 2 3 0 1 4 0 3 4 0 3 4 0 0 4 1 0 1 1 0 3 4 2 2 4 3 1 1 2 1 0 1 2 4
   3 1 4 3 4 3 3 4 3 4 0 4 1 0 0 0 0 0 4 2 0 3 2 3 0 3 4 4 0 1 4 1 3 4 4
   1 3 0 0 1 3 4 1 2 3 0 3 4 4 3 2]
  [0 0 3 4 0 0 4 4 1 1 1 0 4 4 2 3 0 0 4 1 4 4 3 1 3 2 2 4 4 3 4 1 2 4 1
   2 1 4 3 3 0 2 3 1 0 4 3 2 2 4 0 4 1 4 4 3 2 3 4 1 3 3 1 1 2 3 4 3 2 2
   0 0 3 1 1 0 1 4 2 2 2 1 2 2 2 0 2 0 4 1 4 4 3 0 3 3 4 1 2 2 4 4 0 4 0
   0 1 0 1 1 3 0 0 3 2 3 1 2 4 2 0]
  [0 1 1 2 4 2 2 0 2 1 1 3 1 0 3 0 4 2 3 0 0 2 2 4 2 1 3 2 4 1 2 4 2 4 1
   2 1 3 0 3 4 2 3 0 2 2 3 2 2 4 1 0 1 2 1 1 4 0 3 4 4 1 0 4 0 2 3 4 1 2
   4 0 0 3 3 3 1 1 2 3 3 2 1 4 0 1 1 3 1 4 2 3 1 1 2 4 0 4 0 4 1 2 3 3 0
   4 4 4 1 0 4 2 3 0 0 1 0 2 1 1 0]
  [0 1 4 0 0 0 1 3 0 0 3 0 2 1 4 3 3 4 0 4 0 3 0 4 4 4 2 2 2 3 1 1 1 3 4
   4 0 0 4 1 4 1 4 4 2 4 4 4 0 1 1 0 0 3 3 3 1 3 2 0 4 3 2 1 4 0 2 0 2 1
   3 0 4 3 2 1 4 2 3 3 1 4 1 4 1 0 4 2 3 3 1 0 2 1 3 1 4 4 2 1 4 1 0 4 2
   4 2 0 0 4 1 3 4 3 4 1 1 4 4 4 4]
  [0 1 4 3 0 0 4 2 0 1 2 3 3 0 1 1 3 1 0 0 4 2 0 1 2 3 3 0 1 2 1 1 1 3 4
   1 1 0 3 4 4 4 0 1 2 1 0 1 3 3 4 4 1 0 0 3 0 2 0 3 0 1 0 3 0 0 1 4 2 3
   0 0 2 3 4 0 0 0 3 1 0 4 3 1 4 4 3 2 3 1 0 1 0 1 4 2 2 0 0 3 0 0 2 2 2
   3 3 3 0 0 1 3 1 4 4 4 3 1 3 4 0]
  [0 3 1 3 1 0 2 0 1 2 4 0 2 1 3 3 2 4 4 4 3 3 3 4 2 4 4 4 4 2 2 1 4 1 4
   2 4 2 0 2 0 4 1 3 1 1 2 1 4 2 0 3 4 4 0 3 0 0 3 0 2 4 0 1 1 1 3 1 0 0
   1 3 3 0 4 3 0 2 4 2 1 0 1 4 2 1 4 4 1 4 3 4 4 3 3 4 0 1 4 3 1 3 3 4 2
   3 3 4 3 3 3 3 3 4 1 3 4 1 1 0 0]
  [0 0 2 0 2 3 1 3 3 3 4 2 4 3 0 1 2 2 1 4 0 1 0 1 1 3 0 4 1 2 0 2 1 2 2
   2 3 0 2 1 2 4 3 2 2 4 2 4 3 1 3 2 0 1 2 0 2 2 4 2 2 3 4 1 4 4 2 1 0 4
   1 4 3 1 4 0 4 1 1 4 1 4 0 3 2 1 4 3 1 0 1 3 2 4 0 1 2 4 2 3 3 4 1 3 2
   0 4 1 2 4 2 2 0 1 4 1 1 3 1 4 3]
  [0 4 4 3 3 1 1 4 2 4 0 2 0 3 4 0 4 2 2 3 2 2 0 0 2 0 2 3 3 2 3 4 4 2 0
   4 0 1 3 2 2 0 1 2 2 0 0 4 1 0 2 2 4 2 2 2 0 4 4 4 3 4 0 1 1 0 2 0 0 4
   0 2 1 2 3 0 1 1 2 0 0 0 3 1 4 0 4 1 1 3 2 0 1 0 2 4 3 4 0 0 1 0 2 0 1
   1 4 0 2 3 1 4 3 1 2 0 3 2 3 1 2]
  [0 4 0 0 3 1 1 1 4 2 4 2 1 3 0 2 3 2 0 0 4 2 0 1 2 3 4 3 2 4 1 2 1 4 4
   3 2 0 4 0 4 0 2 0 2 0 3 1 3 0 2 1 4 0 2 1 0 0 3 3 2 4 3 1 1 1 2 1 1 3
   2 2 4 1 2 4 4 2 0 4 1 3 3 0 4 1 4 4 2 0 2 2 2 2 4 0 2 2 2 4 0 4 0 4 2
   4 4 2 4 0 2 4 2 1 1 2 4 1 0 2 3]
  [0 1 3 1 0 1 1 1 0 1 2 2 1 4 1 3 2 0 0 3 4 0 1 3 3 4 2 2 4 4 3 2 4 3 0
   1 4 0 0 0 1 1 2 4 3 0 2 1 4 0 3 0 1 2 4 4 0 1 0 1 1 2 3 3 2 3 4 2 1 4
   2 1 3 1 1 0 3 4 4 2 0 1 3 3 3 2 3 3 3 3 1 2 3 0 4 1 1 4 3 0 0 2 1 4 4
   3 3 2 0 1 2 0 4 4 1 1 4 2 3 2 3]
  [0 1 4 1 4 2 1 3 2 3 2 4 1 0 4 1 4 3 1 2 2 4 4 0 2 3 4 4 0 3 4 2 3 2 0
   1 1 4 1 0 3 3 3 2 1 1 2 2 0 1 0 2 4 4 3 1 3 4 1 0 3 4 1 3 2 2 1 4 0 3
   1 1 1 2 4 0 2 2 1 0 4 1 4 0 4 2 1 1 3 2 1 1 3 4 1 4 1 3 0 1 2 4 1 2 1
   1 1 0 2 4 3 4 3 2 1 2 3 3 2 3 1]
  [0 0 4 0 1 0 2 1 3 4 0 2 4 0 4 4 4 2 2 4 0 4 0 3 1 4 2 4 1 0 0 1 1 2 4
   2 1 1 3 0 3 4 2 0 1 4 4 3 4 1 1 1 0 0 3 3 3 1 3 4 0 1 4 2 3 2 2 1 4 0
   0 3 2 4 3 4 3 1 3 2 0 2 4 1 2 1 1 3 2 3 3 2 1 1 4 2 3 3 1 1 3 2 2 3 0
   1 0 3 2 0 3 3 2 3 3 3 3 3 4 2 0]
  [0 3 2 1 4 0 0 2 0 1 2 4 2 1 0 1 2 1 1 2 0 3 4 4 0 3 2 2 0 3 2 2 0 2 4
   4 0 1 0 1 2 2 1 1 1 0 2 1 4 0 3 1 1 0 1 4 4 2 4 1 1 0 0 1 0 4 4 0 1 0
   3 3 2 1 2 3 0 1 0 2 2 3 2 4 1 4 3 0 1 3 0 2 1 2 1 1 3 1 3 2 4 2 4 3 3
   4 1 1 4 2 2 4 1 2 4 4 0 1 2 2 3]
  [0 0 4 3 3 1 2 1 0 2 2 4 3 0 4 0 4 0 1 3 4 2 2 0 2 3 0 4 2 0 4 2 1 4 2
   3 1 1 4 4 1 1 2 3 0 0 2 0 0 4 1 0 3 2 0 4 1 0 4 3 0 3 0 1 3 3 0 4 1 3
   2 4 2 0 4 0 0 1 0 2 2 1 4 4 2 0 1 3 1 1 4 0 3 4 0 0 2 3 2 1 1 1 4 1 4
   1 4 0 4 0 4 4 1 0 1 1 3 2 4 4 4]
  [0 4 2 3 3 3 3 0 4 0 3 3 4 4 1 0 4 4 2 0 1 0 2 3 3 1 2 1 1 0 3 3 0 1 1
   2 0 1 1 4 2 0 1 0 0 2 3 0 2 2 1 0 2 0 1 2 4 2 1 0 1 2 2 0 2 3 2 2 4 0
   4 1 3 1 0 0 0 2 4 3 2 3 1 1 3 3 4 0 1 2 1 3 2 3 3 4 1 4 4 1 4 0 3 4 2
   1 3 0 3 0 1 0 3 3 4 4 4 4 3 4 1]
  [0 4 3 1 2 3 3 0 3 2 1 4 4 3 0 1 3 0 2 2 1 3 3 4 3 4 3 4 4 2 1 3 2 3 3
   2 1 4 0 1 3 4 4 2 1 1 0 2 3 4 4 0 3 3 1 4 3 2 4 1 1 0 3 4 0 4 0 3 3 1
   1 4 1 2 2 0 0 2 3 3 2 4 1 0 4 2 2 1 4 4 0 2 3 0 1 1 2 0 4 0 2 4 1 1 0
   3 2 2 0 4 3 3 1 0 4 3 0 4 4 1 4]
  [0 2 2 3 2 0 3 2 2 2 1 2 1 3 0 3 2 2 4 0 0 1 2 0 0 3 0 1 2 2 3 2 0 0 2
   1 1 2 3 1 4 4 4 3 4 0 1 0 1 0 0 4 4 2 1 0 0 2 4 2 4 1 4 3 3 0 1 1 1 3
   0 0 0 2 0 3 3 2 0 0 2 0 2 3 0 4 0 1 3 1 2 1 2 1 2 4 4 3 4 0 3 0 2 1 2
   0 2 4 3 1 0 3 1 1 2 1 0 2 2 2 4]
  [0 1 4 3 0 3 4 1 1 2 0 4 4 3 1 2 2 2 1 3 0 1 4 2 4 4 4 1 2 0 3 1 3 1 2
   1 0 1 2 0 3 1 0 2 3 2 1 2 0 2 2 2 1 4 4 0 0 0 4 2 0 2 4 4 2 2 0 1 4 0
   2 2 2 1 2 3 0 1 1 4 0 3 0 0 2 3 4 2 1 2 0 0 4 2 2 3 4 1 2 3 4 1 2 3 0
   1 4 1 4 1 2 0 2 3 3 0 0 4 1 3 1]
  [0 1 2 3 0 2 4 0 2 4 4 4 1 0 1 4 2 1 0 2 0 0 3 4 3 2 4 2 3 2 0 0 2 2 2
   4 3 0 1 0 4 4 2 0 2 2 0 4 1 4 3 2 1 2 2 4 0 2 0 1 4 1 4 2 2 4 2 0 4 4
   2 2 2 3 2 1 2 3 0 2 3 4 3 3 3 2 4 4 4 2 3 4 4 0 2 4 4 0 3 2 4 2 3 4 0
   4 1 4 0 0 3 0 4 2 2 3 3 1 4 1 0]
  [0 4 2 3 1 3 1 0 3 4 1 3 0 3 2 0 2 0 0 2 4 3 1 4 3 0 1 1 0 3 3 3 4 1 4
   0 1 3 1 0 1 3 3 1 1 4 2 3 0 1 0 2 0 1 4 0 3 4 2 4 0 2 1 2 2 4 2 2 0 0
   3 4 1 1 1 1 2 4 2 2 1 2 4 3 1 1 4 0 4 3 2 4 4 4 1 3 4 0 0 1 1 3 2 1 3
   0 2 4 1 0 2 1 0 2 4 4 3 3 2 4 1]
  [0 1 4 4 3 4 1 4 4 4 2 1 4 3 4 2 2 0 0 3 4 1 3 1 1 0 3 2 0 3 4 2 1 3 0
   4 4 0 3 3 1 3 0 4 3 4 0 0 4 3 0 0 3 4 0 0 1 4 2 4 3 4 0 0 0 1 0 2 3 0
   2 1 1 4 2 0 2 1 3 4 3 4 1 0 4 3 3 1 1 2 1 1 0 1 2 2 4 2 3 0 4 1 4 0 0
   0 4 0 1 1 0 2 3 0 3 0 2 2 0 2 0]
  [0 1 3 4 2 2 2 1 3 1 4 2 1 0 3 2 2 1 0 2 3 2 1 3 3 0 0 2 0 4 0 1 4 1 2
   0 3 1 2 2 2 4 1 4 0 3 0 0 4 0 0 3 2 4 1 0 0 4 2 2 4 3 3 4 0 1 3 2 0 4
   0 0 4 3 0 1 2 0 4 4 0 1 1 0 4 3 4 0 2 2 2 2 3 3 0 4 1 3 2 3 3 0 2 0 2
   2 2 0 4 3 3 2 1 0 1 1 3 4 4 1 4]
  [0 3 3 0 4 1 3 1 2 0 0 3 0 0 0 2 1 2 3 1 0 3 4 1 4 0 4 3 0 0 4 3 2 2 3
   1 4 2 2 4 4 2 4 4 3 1 0 1 3 4 0 1 2 1 2 3 3 1 0 4 4 3 0 4 0 0 0 0 1 4
   4 0 1 1 1 0 3 0 4 3 1 3 4 2 3 4 3 3 0 1 0 0 2 0 4 4 4 4 0 3 4 4 4 4 2
   1 4 4 1 0 0 0 3 2 3 3 1 2 0 1 3]
  [0 1 3 4 3 4 0 4 4 0 3 4 1 0 3 3 0 3 1 3 2 4 1 3 4 2 4 4 0 3 2 1 4 4 1
   0 2 0 2 1 2 1 2 4 4 3 2 3 3 0 2 4 3 1 4 0 2 3 0 3 4 4 2 1 2 4 2 0 2 3
   3 1 0 0 2 0 4 1 2 4 3 1 1 2 1 2 2 3 1 3 2 4 0 0 3 4 1 2 0 2 4 3 3 4 4
   0 3 2 3 4 1 4 2 1 1 2 1 4 4 4 4]
  [0 0 4 2 4 2 3 1 2 0 0 2 2 2 0 4 4 0 1 1 4 0 2 0 1 2 4 2 2 2 1 4 4 3 4
   2 1 2 3 3 3 2 2 1 4 4 4 3 1 4 1 1 0 2 3 1 0 2 4 4 0 3 0 0 0 3 4 3 0 2
   3 1 3 0 0 0 2 3 4 4 1 3 4 4 2 0 3 3 3 4 4 1 3 4 1 0 2 0 2 2 2 1 3 3 4
   0 3 3 4 2 3 4 2 4 4 2 4 3 2 0 1]
  [0 1 3 3 1 0 2 2 1 3 1 4 1 4 2 4 0 4 2 0 3 1 0 1 0 3 3 4 3 3 2 1 1 4 0
   4 2 1 4 3 4 2 3 1 1 1 1 4 0 2 3 3 2 0 3 1 1 1 4 2 0 3 3 3 0 2 0 2 4 4
   3 0 2 1 0 4 1 3 2 4 0 2 2 0 2 3 2 0 3 4 1 2 1 1 2 4 0 0 3 4 2 2 2 4 4
   4 1 3 1 3 1 1 3 3 2 4 1 3 4 3 4]
  [0 3 2 2 1 0 2 2 0 4 3 2 1 2 3 1 2 1 1 4 0 1 1 4 4 0 2 0 3 3 2 1 4 4 4
   1 0 0 0 3 1 2 4 2 4 0 3 1 0 2 2 1 1 3 4 0 4 4 4 1 2 0 2 2 3 0 2 2 0 1
   2 0 2 1 3 0 3 4 3 3 3 4 3 3 1 4 2 4 4 2 0 2 2 2 3 2 2 2 1 2 4 4 3 4 3
   1 3 0 4 2 2 4 2 2 1 1 1 2 4 0 0]
  [0 2 1 1 1 4 0 0 0 3 1 2 4 1 2 0 2 3 4 4 3 3 0 1 0 1 3 1 4 0 2 4 1 4 0
   1 0 2 3 2 1 3 1 3 3 0 1 3 3 3 0 3 2 3 1 4 4 1 0 2 1 2 4 0 3 3 3 1 4 0
   3 1 2 3 3 0 0 3 3 1 0 4 3 0 0 3 2 4 3 3 1 0 4 2 2 3 1 4 0 1 0 1 3 0 4
   1 1 3 3 0 4 1 3 3 3 0 2 2 2 2 0]
  [0 1 3 2 2 0 2 1 1 1 4 1 3 4 2 3 1 1 4 2 0 4 4 2 1 2 4 3 3 4 3 3 1 0 0
   4 3 3 4 0 1 2 3 3 4 2 3 4 4 2 1 1 2 2 4 0 2 0 4 2 3 2 3 4 3 3 0 1 3 0
   2 3 4 3 0 4 1 0 4 1 3 2 1 3 4 2 3 1 2 1 1 3 4 3 3 4 2 3 3 1 3 1 2 4 2
   3 1 1 1 1 3 1 3 2 2 2 4 4 4 3 4]
  [0 0 3 0 0 1 3 0 3 4 0 3 1 4 0 2 2 2 0 1 3 2 3 4 4 1 3 0 3 3 1 1 2 1 0
   3 0 2 2 2 4 4 1 4 2 3 3 4 2 2 2 0 0 0 3 4 2 3 4 1 4 0 2 2 4 3 2 2 4 1
   2 1 4 3 4 1 4 3 0 1 0 4 4 1 1 1 1 4 2 4 0 0 2 3 4 0 0 1 0 1 0 1 0 3 2
   4 0 2 2 0 4 4 4 4 1 1 0 1 1 2 2]
  [0 3 3 0 4 2 2 1 3 1 2 3 2 3 0 2 0 2 0 0 0 1 2 2 3 3 0 0 0 1 0 0 4 4 3
   2 3 0 4 4 3 3 1 4 3 2 3 4 1 4 1 2 2 3 0 4 2 4 2 3 3 4 0 1 0 0 4 3 4 1
   1 3 3 4 2 0 2 3 3 0 0 3 4 2 1 2 1 0 3 2 1 3 0 3 1 2 1 1 2 3 2 1 0 1 4
   0 4 0 3 2 0 4 3 2 2 3 1 2 4 0 2]
  [0 0 3 0 3 1 1 4 2 2 4 0 3 4 3 4 3 4 0 4 3 4 1 4 1 1 1 1 3 4 0 3 1 3 0
   3 4 0 3 3 3 2 3 3 1 3 2 0 0 0 4 1 3 2 3 4 2 3 2 3 0 4 0 3 2 4 1 3 0 3
   2 2 4 2 2 3 0 3 4 3 0 3 0 1 0 2 1 3 3 3 2 2 3 0 4 1 1 1 3 2 2 3 3 2 1
   0 4 0 4 4 1 3 3 0 1 2 2 4 1 0 0]
  [0 4 0 2 2 3 4 1 3 3 1 4 1 3 2 0 0 1 0 4 2 0 0 0 4 3 0 1 1 4 3 0 4 0 3
   4 1 0 4 2 3 2 1 4 4 1 1 3 4 4 1 2 0 4 0 4 2 2 3 2 3 0 1 2 2 3 4 2 4 1
   0 2 1 4 0 0 1 3 3 0 3 0 0 1 3 1 4 1 4 0 3 3 1 3 0 0 3 3 4 2 2 4 3 4 4
   0 0 2 3 3 1 2 4 4 3 4 3 3 4 2 2]
  [0 3 2 1 1 1 3 3 2 2 3 0 1 1 0 0 0 3 3 4 3 1 3 4 1 4 0 3 4 1 3 4 1 0 2
   0 0 2 3 2 0 2 4 0 2 2 3 0 1 1 2 0 2 3 1 3 0 1 4 2 2 4 2 1 0 1 1 1 0 1
   3 0 4 3 3 3 1 1 1 3 4 2 0 0 1 2 2 3 1 0 4 3 3 0 1 1 4 3 0 3 2 1 4 2 1
   0 1 2 3 0 4 4 2 3 0 2 3 3 0 0 2]
  [0 2 3 3 4 2 3 2 0 3 2 1 2 3 4 1 4 3 4 4 0 2 4 2 1 4 2 0 4 3 3 3 1 2 0
   1 4 2 3 4 2 3 1 0 2 3 3 2 1 3 4 0 2 3 4 2 3 3 1 3 4 2 2 4 4 1 0 0 0 0
   2 4 4 3 2 4 0 4 4 2 4 2 0 0 3 4 4 2 0 3 0 1 3 2 4 0 0 1 3 1 1 4 4 1 4
   2 2 3 0 4 4 2 3 1 0 3 2 0 1 2 1]
  [0 4 2 3 0 4 2 4 0 0 2 4 0 1 0 2 3 1 0 3 3 1 4 2 0 1 2 4 2 3 3 4 3 4 1
   3 2 4 1 3 0 4 4 2 0 1 2 1 0 1 3 0 3 4 2 0 2 0 2 0 3 0 1 4 2 1 2 3 1 3
   3 1 0 0 0 3 0 1 1 3 3 2 3 0 0 4 2 1 0 2 2 3 3 0 4 4 2 1 1 2 0 0 3 1 3
   4 0 2 0 1 4 4 4 3 4 0 4 0 3 4 3]
  [0 1 2 2 2 1 3 2 1 4 2 2 1 2 1 3 3 2 4 4 2 3 0 3 3 4 2 2 0 2 0 3 1 3 1
   1 4 3 4 0 2 0 2 0 4 2 4 1 2 4 3 4 3 2 3 2 1 3 1 2 4 0 4 0 4 3 1 4 0 2
   3 1 3 2 1 2 3 3 3 3 1 4 4 0 4 0 4 1 1 1 1 1 4 3 0 1 1 0 2 4 3 2 3 0 3
   1 1 3 0 3 1 1 3 1 0 1 4 1 3 0 1]
  [0 4 4 0 1 4 3 3 4 1 3 3 4 0 4 4 3 1 3 2 3 4 0 2 0 0 2 4 2 2 0 1 1 3 1
   3 4 2 4 2 4 0 4 3 3 3 1 1 3 1 4 1 0 3 0 2 1 4 1 1 3 2 0 1 4 2 4 3 1 1
   0 0 0 1 3 4 0 2 0 1 1 2 1 2 0 0 0 2 3 0 2 4 1 2 1 4 4 2 1 1 2 3 2 0 3
   2 4 1 2 1 0 0 1 3 4 0 1 3 0 0 4]
  [0 2 0 3 3 1 2 1 0 0 4 0 4 4 3 0 2 2 4 3 1 4 1 4 1 1 4 3 0 1 2 2 4 0 4
   4 2 0 4 0 4 3 0 0 1 3 3 3 3 1 2 0 4 4 2 3 1 1 3 0 0 2 4 1 3 2 2 0 0 0
   3 1 2 0 0 2 4 1 2 3 4 2 2 3 1 0 2 0 0 1 0 4 1 4 4 3 0 0 0 3 0 3 4 0 1
   0 2 4 0 4 1 3 1 4 1 2 2 2 1 4 3]
  [0 2 4 1 4 1 0 4 4 3 3 1 2 0 0 3 4 3 2 2 0 1 2 3 2 0 4 4 1 4 1 0 1 1 4
   3 4 4 2 1 1 4 3 0 4 3 0 0 4 3 1 2 1 1 1 4 1 0 2 1 2 2 1 2 2 2 1 2 4 3
   0 0 0 0 3 3 1 0 3 3 1 4 1 2 4 2 1 2 0 3 0 0 1 2 4 0 3 4 4 2 4 4 0 3 2
   1 2 1 3 1 0 1 3 4 0 1 4 0 4 1 1]
  [0 0 0 3 1 1 4 4 3 1 3 3 4 1 2 2 4 0 3 4 4 2 2 4 4 4 0 0 2 4 3 2 1 4 1
   2 4 2 3 3 0 2 2 3 3 1 4 2 4 1 2 1 3 2 2 0 1 3 1 3 0 2 1 0 3 2 1 3 3 3
   1 0 1 0 2 1 2 4 1 0 4 3 2 3 2 4 2 3 4 0 0 0 2 2 4 2 3 3 3 1 4 4 2 0 0
   0 3 4 4 0 4 0 0 2 3 3 4 2 2 4 1]
  [0 0 2 1 3 1 4 1 0 1 2 4 0 1 3 2 4 1 3 2 3 4 0 4 0 3 1 2 4 2 3 1 1 2 0
   0 1 3 1 1 1 2 0 0 2 2 0 1 2 0 4 4 3 2 1 3 1 4 3 2 4 0 0 0 4 1 3 1 0 1
   3 3 3 2 3 3 3 1 0 1 4 3 3 0 4 0 4 4 3 3 0 2 2 1 2 0 4 3 4 3 0 0 2 1 2
   0 3 3 1 4 1 4 1 3 0 0 0 4 3 0 4]
  [0 2 2 0 0 2 2 0 3 2 2 2 4 3 4 2 0 3 0 4 3 3 0 2 4 4 3 2 1 2 0 2 2 2 0
   1 3 0 1 1 3 3 1 2 1 2 1 3 4 0 3 0 0 0 0 2 2 1 2 2 0 4 0 1 1 4 0 1 2 1
   0 2 2 3 4 0 4 2 3 4 1 0 3 4 4 3 2 0 4 0 0 0 2 0 0 0 3 3 0 0 0 1 1 3 3
   2 0 2 0 0 1 1 2 0 2 3 2 0 0 4 4]
  [0 3 4 2 4 4 2 0 0 2 4 4 3 4 4 0 2 2 3 2 1 4 3 4 1 3 0 0 1 3 3 0 2 3 0
   3 4 4 3 3 4 2 2 0 0 3 0 3 4 0 4 2 1 4 1 4 3 3 2 3 0 3 4 3 3 1 3 4 2 4
   4 1 1 0 3 4 0 2 3 1 2 2 1 0 4 1 4 1 4 3 1 0 0 0 4 1 3 0 1 3 3 3 4 0 4
   0 2 4 2 4 3 0 4 2 1 1 3 4 3 2 3]
  [0 0 4 4 1 3 4 1 4 1 3 1 1 0 0 0 1 3 2 4 2 0 4 3 2 0 3 2 0 3 0 3 0 4 3
   0 1 4 0 0 0 2 0 0 4 1 1 0 0 1 3 0 0 2 3 1 2 1 4 4 1 2 0 4 2 4 4 2 4 3
   1 4 4 2 4 3 0 1 1 1 0 4 0 4 1 0 3 1 2 1 0 0 2 0 3 4 1 2 1 0 0 4 0 4 2
   4 2 0 0 1 0 1 4 3 3 4 4 4 2 4 1]
  [0 1 3 2 1 3 4 1 0 4 0 0 4 3 0 1 2 1 3 2 2 1 1 4 0 1 3 4 4 2 0 3 0 1 2
   4 3 4 1 2 0 4 3 1 3 4 2 1 0 2 2 4 2 0 0 0 0 4 0 1 1 1 4 2 0 4 2 4 2 2
   1 2 3 3 4 3 1 2 1 3 3 1 4 2 2 1 3 3 3 4 0 4 0 4 0 0 4 1 3 3 0 1 2 4 0
   2 4 4 3 4 1 2 0 0 0 4 2 3 0 0 3]
  [0 4 4 3 0 0 0 4 0 3 3 4 0 2 3 1 0 0 0 2 4 0 3 3 3 2 1 0 1 2 0 0 0 0 4
   4 4 0 2 4 1 1 0 4 1 4 2 2 2 0 0 2 4 1 3 3 1 1 1 3 2 4 1 3 4 1 1 0 0 4
   3 3 1 1 4 0 2 0 4 0 3 3 1 4 3 1 4 3 4 3 3 3 2 1 4 0 2 1 0 2 2 3 1 2 0
   4 2 0 4 0 1 2 2 2 0 1 1 4 1 4 0]
  [0 3 2 4 4 4 3 1 4 0 3 2 3 4 2 3 0 2 2 3 3 3 0 2 0 0 1 4 4 4 3 4 4 0 3
   0 0 4 2 2 0 1 3 1 2 2 0 4 0 0 2 2 0 2 4 3 4 3 1 1 4 3 2 0 1 4 2 1 3 4
   2 4 0 3 4 2 3 3 1 3 1 4 3 2 1 3 3 0 3 0 1 0 4 2 4 0 0 4 3 0 2 1 0 3 3
   3 0 2 3 2 3 0 1 1 0 0 4 3 4 3 3]
  [0 3 3 1 0 0 4 3 2 4 0 0 0 0 2 0 2 4 2 3 4 1 0 3 0 0 2 1 3 3 2 2 0 1 0
   2 4 0 2 1 1 1 2 0 3 2 4 2 1 2 0 4 1 3 4 3 1 4 2 0 0 1 3 0 3 0 1 3 1 3
   1 1 1 4 2 2 1 2 0 3 1 4 2 1 4 4 4 2 0 4 2 0 0 3 2 1 1 0 1 3 0 4 2 3 2
   4 4 3 3 1 0 1 4 2 0 0 0 4 0 1 4]
  [0 2 4 4 3 4 4 4 3 4 1 2 1 3 0 1 0 2 4 2 4 2 0 1 4 3 4 1 2 1 4 2 4 4 0
   1 2 2 2 4 4 3 2 0 3 3 2 2 2 0 2 0 1 4 4 4 3 4 4 3 4 2 1 4 4 2 1 0 3 0
   0 1 2 4 1 4 0 4 3 1 4 2 1 1 3 1 3 0 4 0 0 3 0 1 2 2 3 0 0 2 1 2 1 4 3
   0 0 4 3 4 2 4 4 0 4 2 0 4 2 0 0]
  [0 1 3 0 1 0 1 2 4 2 1 4 1 4 2 4 4 0 1 3 3 2 0 3 4 3 3 4 1 4 1 2 4 2 1
   2 0 4 1 0 0 1 1 3 4 1 4 1 0 4 4 1 2 3 1 4 1 2 1 0 3 0 3 0 0 2 3 4 0 1
   1 1 4 4 3 4 1 0 2 3 3 4 2 1 1 2 4 0 1 2 1 1 3 0 0 0 2 4 0 0 2 3 2 0 1
   2 3 1 2 2 2 0 3 3 4 0 0 3 2 3 2]
  [0 4 3 2 2 0 4 1 2 3 1 4 0 3 4 0 0 2 3 4 0 2 1 1 1 3 1 3 4 3 0 4 3 1 4
   4 2 0 4 1 3 1 3 3 4 2 3 0 2 0 2 3 4 3 2 2 4 3 0 2 1 2 2 1 3 2 0 0 4 4
   4 1 4 2 3 1 2 3 1 1 1 3 4 3 2 2 4 0 4 0 2 0 3 2 3 4 2 0 3 2 0 1 2 3 0
   4 0 2 3 0 2 3 1 3 0 0 2 3 4 4 2]
  [0 4 1 3 1 2 2 2 4 2 4 0 3 0 3 3 1 0 3 4 0 2 1 2 3 4 0 2 4 2 1 2 1 4 2
   1 3 2 3 0 4 0 2 4 0 1 4 3 2 4 1 4 3 0 4 2 2 4 3 0 3 0 3 1 3 4 4 2 2 0
   1 1 1 4 3 2 1 1 3 1 0 2 2 3 1 1 4 2 2 3 1 1 0 3 4 1 4 2 0 2 4 0 2 4 1
   2 4 0 0 3 3 1 3 1 2 1 0 3 1 0 3]
  [0 2 4 1 3 1 2 0 1 4 1 4 2 0 1 2 1 3 3 2 2 1 3 2 2 4 1 2 4 2 2 3 1 0 0
   3 4 3 4 2 4 2 1 2 0 0 1 0 4 3 3 0 0 1 2 2 4 1 2 0 1 0 1 2 2 1 2 4 3 0
   1 4 1 1 4 1 0 4 1 2 2 3 3 0 1 2 4 0 2 0 4 1 1 1 0 0 3 4 3 2 3 3 0 0 4
   3 4 2 4 0 3 0 2 3 1 0 4 2 3 4 3]
  [0 1 3 0 0 3 0 1 3 4 0 0 4 3 3 2 1 3 3 0 3 3 0 1 1 4 3 4 0 3 3 4 0 0 2
   2 2 4 2 1 3 3 4 4 2 0 4 0 4 2 3 1 4 2 0 3 2 0 4 0 1 1 2 2 2 1 0 0 2 2
   2 1 4 3 0 0 4 4 0 0 0 0 3 3 0 0 0 2 0 4 3 4 1 1 4 2 4 0 2 0 4 4 0 0 0
   4 3 4 2 2 3 4 0 0 1 4 1 4 0 1 4]
  [0 2 1 2 0 2 0 0 1 2 4 3 2 2 2 0 0 3 2 1 0 0 2 1 4 3 2 4 0 0 1 1 3 3 2
   2 2 4 4 2 3 2 2 3 2 4 4 1 0 3 1 4 3 2 3 3 0 1 4 4 2 1 0 2 1 0 2 3 4 0
   4 3 1 2 0 4 3 4 1 2 2 1 3 2 4 4 2 3 1 0 3 0 0 4 1 1 2 1 0 0 2 0 1 4 0
   1 1 1 4 2 0 4 3 0 3 4 3 4 0 1 0]
  [0 4 1 1 0 0 3 3 3 1 1 2 0 2 0 1 3 2 1 3 1 4 4 3 0 3 2 1 3 2 1 2 4 1 2
   3 1 3 1 3 0 1 3 1 1 1 3 0 2 2 3 4 2 1 0 4 3 0 2 2 4 0 4 3 2 3 2 2 3 3
   3 3 0 0 4 4 1 2 3 1 3 3 1 2 0 3 0 2 0 0 3 3 0 0 3 3 3 4 0 4 4 2 4 0 2
   0 2 1 2 1 1 2 0 1 1 1 2 2 1 2 2]
  [0 3 0 3 3 0 0 4 3 3 2 1 1 3 1 3 1 3 4 1 0 4 2 0 1 1 0 0 3 3 1 4 1 2 1
   0 3 0 0 3 2 2 1 4 0 4 1 4 1 4 1 0 2 3 2 2 1 0 3 1 0 1 2 3 4 1 4 0 2 1
   3 3 0 2 3 0 4 1 2 1 3 3 2 3 3 4 1 0 2 2 1 1 3 0 2 2 1 1 0 2 4 3 3 0 3
   2 0 3 1 4 4 3 1 4 2 0 2 4 2 1 0]
  [0 0 3 1 4 4 2 4 1 4 4 2 1 3 1 4 1 0 3 3 2 4 2 3 4 4 3 0 0 0 3 1 0 0 0
   0 2 0 1 4 4 4 2 0 0 2 2 4 2 3 4 3 1 3 3 2 4 4 2 4 3 3 2 4 1 1 2 1 2 4
   4 4 3 1 2 4 4 4 4 0 4 1 1 3 0 3 0 0 3 2 3 1 4 2 3 3 0 0 4 3 3 2 2 1 3
   4 4 0 1 4 0 1 4 0 3 3 4 2 1 0 4]
  [0 1 0 3 0 3 3 2 0 3 1 3 1 1 4 2 0 0 3 0 4 1 1 1 4 2 4 3 3 1 1 0 1 0 3
   4 0 1 0 3 1 2 0 2 1 4 3 2 2 0 4 2 2 2 2 1 1 1 1 1 2 1 4 0 1 3 3 2 4 3
   0 0 2 0 4 2 4 2 1 3 1 3 1 4 3 0 0 0 2 1 4 1 4 2 2 0 2 1 3 0 3 0 4 4 4
   1 0 2 0 4 2 2 0 3 2 4 0 3 0 2 2]
  [0 2 2 1 1 2 4 3 0 3 4 4 1 4 3 0 0 1 1 4 2 1 4 0 0 1 2 3 0 1 1 0 3 4 1
   0 4 0 1 0 3 0 1 4 1 0 1 1 2 4 3 3 2 4 0 3 0 2 2 4 1 2 3 3 1 3 1 0 0 1
   2 2 3 3 1 3 4 0 3 2 3 2 2 0 3 3 4 1 2 2 4 0 2 3 0 1 0 0 3 3 4 4 4 3 3
   1 4 3 3 0 3 3 2 2 2 2 0 1 1 1 3]
  [0 0 2 1 2 3 4 3 2 2 1 1 0 3 0 4 4 1 0 2 0 2 4 1 4 2 2 4 0 4 3 0 3 2 4
   3 1 4 1 4 4 4 1 2 1 3 1 0 1 3 3 2 0 0 4 0 0 3 4 1 1 3 4 3 1 2 2 3 1 1
   3 4 0 4 0 3 2 1 0 3 1 2 3 0 1 4 0 3 1 3 2 1 3 3 4 3 4 2 3 4 1 4 4 2 4
   4 4 1 4 1 0 1 1 0 3 0 2 3 1 2 4]
  [0 3 2 0 2 2 3 0 1 3 1 1 0 1 1 0 2 1 3 2 4 1 3 2 3 2 4 1 1 4 0 4 4 2 0
   4 4 0 4 0 1 3 0 4 0 1 4 1 3 3 1 2 2 1 0 0 3 1 4 3 0 2 0 1 3 0 2 0 4 2
   4 4 0 0 2 3 0 2 0 0 1 4 3 2 2 4 3 1 1 0 4 2 2 0 1 0 4 3 4 1 3 3 0 3 4
   1 3 1 0 2 2 0 3 2 4 3 4 3 1 4 3]
  [0 2 2 3 4 0 4 0 2 4 3 1 4 4 2 4 2 3 4 0 2 0 1 2 1 4 3 1 0 1 1 1 3 1 4
   4 1 2 3 4 4 0 4 1 4 3 3 2 3 0 2 4 4 3 4 1 1 0 2 1 1 1 3 1 1 2 2 3 4 3
   4 0 3 0 2 2 3 1 1 0 1 0 4 2 2 4 4 0 3 3 0 0 4 1 4 2 4 4 1 3 1 3 2 3 0
   2 0 0 4 0 2 1 0 2 1 3 3 2 2 3 1]
  [0 3 4 1 2 3 3 2 3 0 3 0 0 1 4 0 1 1 2 4 3 2 4 4 1 2 0 1 1 0 3 3 4 2 2
   4 4 4 2 3 1 0 0 4 1 4 2 0 1 4 1 4 4 3 3 0 1 0 2 3 0 2 0 0 2 4 0 3 0 2
   1 4 1 2 2 4 2 4 3 4 4 3 1 4 4 0 1 2 0 3 0 3 3 1 0 2 0 3 1 4 2 1 0 0 0
   1 0 4 3 3 4 4 2 0 0 4 0 0 0 2 0]
  [0 0 2 3 0 3 1 2 0 0 3 1 3 4 4 1 4 0 4 2 2 1 2 1 2 0 4 2 4 4 3 0 2 0 1
   3 2 3 3 2 3 4 4 0 1 0 2 3 0 0 4 3 4 4 2 0 1 2 0 4 2 0 3 0 3 3 4 1 1 0
   2 2 4 2 3 2 0 0 4 4 0 0 1 4 3 1 1 2 3 0 1 4 2 0 3 1 0 0 3 4 1 3 3 2 3
   1 0 0 1 1 0 2 0 3 0 0 2 3 3 0 0]
  [0 3 1 2 1 4 0 2 1 0 4 0 4 2 3 2 3 3 1 4 1 2 0 4 4 4 2 2 1 4 1 0 1 2 4
   2 1 3 0 1 4 2 1 4 1 0 4 3 2 2 0 1 2 4 0 2 3 4 0 4 0 0 4 3 1 0 2 3 3 2
   3 3 3 2 0 0 4 4 0 0 3 3 4 0 1 3 1 4 2 1 4 2 3 2 2 3 1 0 1 1 4 0 4 0 2
   1 0 0 0 1 1 2 2 3 4 0 2 2 0 2 4]
  [0 2 2 2 2 3 4 2 0 0 4 4 4 4 3 3 4 4 2 1 0 0 3 1 2 0 0 0 4 3 1 4 2 1 0
   2 3 2 0 3 4 4 3 4 4 3 4 4 4 2 1 1 2 1 1 1 1 4 4 2 2 1 1 1 2 0 4 1 2 4
   2 3 4 0 3 2 1 4 0 2 1 1 1 3 4 0 2 1 2 1 1 4 0 1 4 2 1 3 4 1 0 0 2 0 0
   3 4 3 2 2 2 2 0 2 4 0 0 4 4 1 1]
  [0 0 3 4 0 2 1 3 0 1 3 3 4 3 1 1 2 2 0 3 0 3 3 1 4 3 1 1 3 2 1 2 3 0 2
   3 0 2 3 4 3 4 2 3 0 3 4 2 4 0 2 0 4 4 0 1 0 1 0 4 3 2 3 0 1 4 4 4 1 2
   2 3 4 0 3 2 1 2 4 3 0 2 2 2 4 4 4 1 3 1 2 0 2 0 2 0 4 3 4 2 4 0 1 2 4
   4 0 0 3 3 4 4 0 2 3 0 2 0 1 0 2]
  [0 0 2 1 2 0 3 2 0 3 3 4 3 2 4 3 2 3 0 2 4 0 3 2 2 3 4 0 0 4 0 2 2 3 0
   0 2 0 4 4 0 0 0 2 3 2 0 1 4 2 4 1 3 4 4 1 3 1 4 2 3 3 2 3 3 1 1 3 4 1
   2 1 1 3 3 0 3 2 0 2 2 1 1 1 2 2 2 4 4 0 1 3 0 2 3 1 3 3 1 1 1 4 4 3 0
   2 0 0 1 4 2 1 1 4 4 4 3 2 0 2 1]
  [0 1 0 0 2 4 2 3 1 3 1 0 4 1 0 3 1 4 2 3 4 4 2 3 2 0 2 1 3 0 0 0 2 0 1
   0 2 0 3 2 0 4 3 1 1 2 4 4 3 3 3 1 3 3 3 0 1 3 2 1 0 4 1 1 0 3 0 4 2 0
   4 1 0 4 0 2 3 2 1 1 2 1 0 2 0 0 1 3 3 3 2 0 1 1 0 1 3 2 1 1 0 3 3 0 0
   1 0 3 4 2 2 1 0 4 2 0 3 1 1 0 0]
  [0 0 3 1 1 2 2 3 3 2 3 4 2 4 4 3 2 0 2 3 3 3 2 4 2 3 4 0 3 3 2 2 1 4 4
   1 4 3 4 1 1 1 0 0 3 3 0 3 1 2 2 1 1 4 3 2 4 3 2 0 2 3 2 1 3 0 3 0 2 4
   4 3 1 0 4 2 2 2 3 0 0 0 4 3 2 2 3 3 2 3 1 4 3 3 0 4 4 0 0 3 4 1 0 2 1
   0 0 2 3 4 4 3 2 1 4 2 4 4 2 4 0]]

 [[0 0 2 3 3 2 4 4 0 2 3 2 4 2 4 1 3 1 3 0 4 4 4 4 1 2 2 2 2 3 2 2 3 2 4
   4 0 1 4 2 4 2 1 4 1 0 3 2 1 2 1 0 1 3 0 3 0 0 2 1 2 4 4 1 3 4 2 0 2 1
   1 0 3 3 4 4 3 2 4 3 4 2 2 1 4 3 0 3 2 0 1 0 0 1 1 3 4 4 1 4 1 2 0 4 4
   3 3 3 2 1 1 1 4 2 3 0 3 4 2 0 0]
  [0 0 0 3 3 2 3 4 3 3 2 0 4 1 0 4 0 1 2 0 4 4 1 2 4 0 2 2 2 0 2 4 2 2 2
   2 3 3 1 3 1 4 2 3 1 2 1 1 1 4 2 1 0 3 3 4 4 0 0 4 0 1 2 1 4 4 1 2 4 4
   3 0 1 0 2 0 1 3 4 1 2 2 3 3 2 2 2 3 4 3 1 2 3 3 1 1 1 0 3 1 4 4 4 2 2
   2 1 2 4 1 2 0 1 0 2 4 4 0 2 4 1]
  [0 4 0 4 1 1 1 4 2 2 0 3 3 0 1 1 1 1 1 4 3 4 1 1 2 4 1 3 0 1 4 0 3 1 1
   3 4 1 3 1 2 1 0 3 4 3 1 1 4 0 0 0 2 3 1 1 2 0 4 3 0 3 0 4 0 1 0 2 3 1
   4 1 1 2 3 4 1 0 1 4 1 1 0 2 1 0 3 0 1 2 0 2 0 4 0 3 0 2 0 3 3 1 1 0 1
   0 1 0 3 1 2 1 1 3 0 1 2 4 3 1 4]
  [0 0 2 0 4 1 4 2 2 1 4 1 0 2 0 0 4 2 3 4 3 4 0 1 4 2 0 0 3 1 1 4 4 2 0
   2 3 4 4 4 0 1 1 3 4 4 3 4 3 1 0 0 4 4 3 2 2 3 0 1 1 2 1 0 2 1 0 2 1 0
   3 2 2 4 3 2 2 2 3 3 2 2 1 0 2 2 0 1 3 1 2 2 4 2 4 2 1 2 4 3 1 3 3 3 4
   2 4 0 2 0 2 1 4 1 0 1 1 1 2 2 0]
  [0 3 1 0 0 3 3 0 0 0 0 3 4 2 0 3 4 2 1 0 2 1 0 0 2 0 2 1 1 3 3 0 3 1 1
   1 0 1 1 4 3 0 4 1 3 1 4 1 1 1 0 4 3 0 2 0 3 2 0 3 0 0 4 1 4 1 1 1 0 1
   1 1 1 0 4 1 2 4 4 4 2 2 3 4 0 4 3 4 4 4 4 4 0 3 4 0 1 4 2 2 2 2 3 4 0
   3 1 3 1 1 3 3 1 2 1 3 1 1 4 0 1]
  [0 1 3 4 0 0 3 1 2 4 4 1 3 3 1 3 2 3 4 0 3 3 1 3 2 3 3 4 0 3 0 2 0 2 4
   3 0 0 0 2 0 2 3 1 4 1 4 3 4 2 4 1 0 0 2 3 0 4 4 4 4 1 4 3 0 4 3 0 4 1
   3 3 3 2 3 4 3 0 1 0 0 4 4 2 0 4 0 4 1 1 3 3 2 1 4 4 1 2 4 4 2 2 2 2 3
   0 2 0 1 1 4 2 3 2 2 2 0 0 4 1 0]
  [0 2 0 2 0 1 0 1 0 0 3 1 3 1 4 4 0 1 3 1 4 4 0 3 3 3 1 4 1 1 3 4 2 3 4
   0 3 3 3 0 0 1 1 1 2 4 0 3 3 4 1 0 3 4 3 0 4 3 4 2 4 4 2 4 1 4 2 3 3 4
   3 4 0 2 1 4 0 0 1 1 2 2 4 0 2 3 0 1 0 4 2 2 4 0 4 2 0 1 0 3 3 1 1 1 1
   1 1 0 4 4 2 1 0 4 1 0 3 0 2 1 4]
  [0 3 4 0 2 3 2 0 4 3 4 1 0 3 4 3 0 3 3 4 0 4 2 2 1 2 2 2 3 2 4 1 2 0 3
   1 3 4 2 3 4 0 0 1 1 4 4 0 4 1 1 0 0 1 4 2 4 4 0 4 2 4 0 0 4 2 4 1 1 4
   2 1 4 2 4 1 0 3 0 3 4 4 1 0 1 4 2 3 1 1 4 1 2 1 3 3 1 4 3 3 1 0 0 2 4
   3 3 2 2 3 2 1 3 2 4 1 0 4 1 4 1]
  [0 4 3 2 2 3 1 2 0 0 0 2 0 2 3 0 1 3 1 0 4 0 1 2 4 2 3 1 2 1 3 3 4 2 4
   2 2 3 0 3 3 1 1 1 4 1 1 1 3 3 1 3 4 0 4 3 1 2 3 0 3 1 3 2 1 3 4 0 0 1
   2 3 0 4 0 4 1 1 3 4 2 4 0 0 0 1 4 1 4 3 3 2 2 2 2 3 0 1 4 3 0 3 4 1 4
   3 0 1 2 1 2 4 3 0 2 0 1 1 0 2 2]
  [0 4 1 4 3 3 1 2 4 0 3 4 4 3 3 1 4 2 2 3 0 3 0 4 0 4 0 4 3 4 3 3 4 3 3
   3 0 2 2 3 4 1 4 2 0 1 0 4 0 4 0 4 4 2 2 3 2 2 4 1 2 2 1 0 0 2 3 1 4 3
   4 0 1 1 2 1 0 1 2 1 0 0 2 1 2 1 3 2 3 3 2 1 1 4 2 0 0 1 0 3 2 0 3 0 2
   2 1 3 3 3 2 0 2 1 3 1 3 1 2 4 0]
  [0 2 3 2 2 4 2 0 0 4 0 0 4 4 0 3 1 3 1 1 1 2 3 0 4 4 4 4 0 2 4 0 3 2 1
   0 0 1 0 0 0 0 0 3 1 4 0 1 1 3 0 2 2 0 1 0 2 2 0 2 4 4 4 2 1 0 1 4 3 4
   0 2 4 3 3 4 1 2 0 3 0 4 0 4 0 4 4 2 0 2 2 1 2 3 3 0 2 1 4 1 1 3 4 4 3
   2 1 2 1 3 3 1 3 0 1 1 2 0 2 2 3]
  [0 4 4 0 2 2 0 3 0 0 1 0 2 0 2 4 1 4 3 3 4 1 4 3 1 3 4 3 2 0 0 1 1 3 2
   3 4 3 0 2 3 0 1 3 1 2 2 4 0 0 4 4 4 4 1 3 1 1 3 2 1 3 3 4 0 2 0 0 3 2
   3 0 2 1 3 3 4 1 4 1 2 0 3 1 0 4 0 2 2 0 1 4 1 1 0 4 3 3 3 4 3 0 0 3 1
   4 0 3 0 0 2 4 1 0 4 2 1 4 4 2 2]
  [0 4 0 2 3 1 3 1 3 1 2 2 0 3 3 0 2 1 4 1 0 1 1 0 2 0 0 1 0 3 3 0 1 0 1
   0 4 1 0 2 2 3 1 0 1 0 2 2 1 3 3 3 4 2 3 4 4 4 0 1 0 0 3 0 1 4 1 3 3 4
   4 1 3 2 4 0 1 3 1 4 1 3 0 0 4 3 0 4 4 4 3 4 2 4 2 3 4 3 4 0 3 4 1 2 0
   1 3 3 4 4 0 2 0 2 3 1 1 3 2 0 3]
  [0 0 1 1 0 2 4 2 1 0 3 0 2 0 0 2 0 2 0 0 0 4 0 4 4 2 0 4 0 2 0 3 2 0 1
   0 2 0 1 4 1 1 4 4 4 0 3 1 2 0 1 2 1 3 4 4 0 1 1 2 3 1 2 0 0 4 2 2 0 2
   2 0 3 0 2 0 4 0 4 0 0 3 2 3 3 0 2 2 4 2 1 0 0 1 2 0 1 1 2 2 1 1 4 3 0
   4 2 1 1 4 4 4 4 4 3 1 4 4 4 4 1]
  [0 3 4 0 0 3 3 1 2 2 1 1 0 3 0 0 0 2 4 2 0 4 0 1 2 4 0 3 4 3 1 2 4 4 2
   4 1 3 2 0 3 4 3 3 3 3 2 1 0 2 4 0 3 1 4 1 2 0 4 4 1 3 4 2 4 0 2 4 4 3
   1 1 0 3 4 1 2 1 0 2 3 0 2 3 2 1 3 2 1 4 3 0 0 0 2 3 2 4 1 2 4 4 2 4 0
   1 3 1 2 1 0 0 4 1 0 4 0 0 3 3 0]
  [0 0 3 3 2 2 2 0 3 4 3 1 3 1 0 0 4 2 0 3 3 4 1 1 2 4 3 0 1 1 3 4 0 2 2
   3 3 2 0 3 2 4 4 4 3 4 4 2 2 1 3 1 4 0 2 3 3 0 3 4 3 0 3 3 4 4 1 2 4 0
   4 0 3 2 4 0 0 2 4 0 0 4 3 3 3 4 0 2 0 4 1 1 1 0 2 3 4 3 4 4 0 1 2 3 2
   2 2 2 1 2 0 0 1 1 0 4 1 2 4 0 4]
  [0 4 2 3 3 1 4 2 3 1 2 2 4 3 4 1 0 1 4 1 1 3 3 0 0 1 1 3 2 0 0 0 3 2 4
   1 3 3 2 1 3 2 0 0 3 1 3 0 0 1 3 4 3 0 3 0 1 0 4 1 1 2 1 4 1 0 3 2 1 3
   2 4 2 2 1 2 1 4 0 2 3 0 1 3 0 1 3 3 0 1 2 1 1 0 0 1 3 3 2 1 0 0 4 2 0
   1 1 1 0 4 0 3 4 3 0 0 2 3 4 4 0]
  [0 4 2 0 3 2 3 1 3 2 3 4 1 0 2 3 4 0 3 1 1 2 4 4 4 2 3 0 2 4 0 2 3 4 4
   0 3 4 1 1 1 0 0 2 0 3 1 0 3 4 0 4 3 0 1 4 2 0 0 3 0 3 0 1 0 1 4 0 0 3
   0 4 4 0 2 2 3 3 4 3 0 1 1 0 0 4 4 3 3 0 4 4 3 4 0 1 0 2 4 0 0 4 2 1 1
   3 1 2 3 0 0 3 0 2 3 2 2 3 1 3 1]
  [0 3 2 4 1 0 1 2 3 4 3 2 3 2 1 2 0 1 0 2 4 4 0 1 2 3 3 1 3 4 4 4 0 0 2
   0 4 4 4 3 1 2 3 3 4 1 2 2 2 4 2 1 2 4 3 2 0 3 2 0 4 1 4 0 4 2 4 2 3 4
   2 2 0 2 1 0 4 0 4 3 0 4 2 3 1 1 4 1 3 4 3 4 3 1 3 4 2 4 2 3 0 0 4 4 0
   3 0 1 3 0 0 3 1 4 3 3 2 4 3 4 2]
  [0 4 0 2 0 1 3 2 0 3 1 2 3 2 2 3 3 2 2 0 3 1 1 0 1 4 3 2 4 2 2 3 0 0 1
   0 1 3 3 0 1 4 0 0 0 0 4 1 4 2 1 1 3 3 0 4 1 4 2 1 0 0 3 3 3 0 4 1 4 4
   2 4 3 3 4 0 0 2 1 3 3 3 0 3 0 3 1 3 3 1 3 0 2 1 0 2 4 1 3 2 2 1 2 4 1
   2 4 0 1 3 2 4 0 4 1 1 4 1 4 2 1]
  [0 3 4 3 2 4 2 3 2 4 2 0 4 1 1 3 2 2 1 0 0 1 2 1 0 3 0 0 3 4 1 2 2 0 4
   2 3 4 4 3 2 0 4 1 1 2 2 3 3 0 2 3 2 0 1 0 1 2 2 0 1 1 0 0 0 3 4 4 4 1
   3 2 4 3 0 3 1 2 1 4 1 4 0 4 1 4 2 2 2 3 2 3 3 2 3 2 3 4 3 3 3 1 0 3 3
   3 3 4 3 1 2 2 1 3 1 1 4 3 4 4 1]
  [0 3 4 2 3 1 1 2 3 1 3 0 3 3 1 2 2 4 1 1 4 0 2 3 2 0 0 4 4 0 2 3 2 3 0
   4 1 4 1 3 1 3 3 4 4 2 4 1 2 0 0 2 3 1 2 0 0 2 3 3 3 1 3 4 4 2 2 2 0 4
   4 4 0 2 1 1 3 3 0 0 1 1 0 0 2 3 3 4 1 4 4 1 0 3 4 2 2 4 1 0 0 1 2 2 1
   3 4 2 3 0 2 0 0 4 3 4 2 3 4 4 0]
  [0 4 3 1 1 0 3 3 0 2 2 2 2 0 4 2 2 4 3 3 2 3 0 2 3 1 0 1 2 0 1 0 4 3 0
   3 1 0 1 0 1 2 2 1 3 4 4 2 1 0 2 1 1 4 2 3 4 0 3 2 1 2 2 0 1 1 0 4 0 1
   2 3 4 1 2 1 2 1 0 0 3 2 0 4 1 0 0 0 0 1 3 4 1 2 2 0 4 1 0 0 1 0 0 0 2
   1 4 1 0 2 3 1 1 4 3 3 4 3 3 3 4]
  [0 3 2 1 2 0 0 3 1 1 0 4 0 1 4 2 0 1 1 3 4 2 0 0 2 2 4 4 2 0 2 2 1 4 2
   1 0 1 1 0 3 1 1 1 0 3 0 1 3 4 4 3 4 3 2 1 2 0 0 4 2 1 1 4 4 1 0 4 2 1
   2 2 4 1 4 4 4 2 4 2 0 0 3 4 1 1 0 4 4 1 4 3 3 4 0 2 0 2 4 4 1 3 3 0 1
   1 0 0 4 2 3 0 0 3 3 1 4 2 2 2 2]
  [0 1 1 4 2 0 0 1 0 2 2 3 4 0 4 1 1 2 1 2 3 4 0 3 0 2 3 2 3 3 3 0 1 0 0
   3 2 3 2 4 3 3 4 0 1 1 2 3 0 1 1 1 0 1 4 0 1 3 0 0 1 2 2 4 4 4 3 3 3 1
   1 2 4 4 1 3 3 3 2 3 2 2 3 2 4 4 1 2 3 1 4 4 1 0 2 4 4 2 0 0 2 2 1 1 3
   2 2 2 1 4 1 0 1 3 3 0 1 3 0 3 3]
  [0 3 2 4 0 4 2 3 2 3 0 0 4 0 1 4 2 3 2 1 1 4 4 0 4 0 1 4 0 2 3 4 1 1 1
   3 0 2 4 2 0 3 3 4 1 0 1 4 2 2 4 1 1 3 2 2 1 3 2 4 4 0 2 0 3 4 0 2 0 1
   3 2 1 1 3 3 2 2 1 3 1 3 1 3 4 1 1 1 1 1 1 1 1 0 3 3 4 0 1 0 2 4 3 3 1
   2 3 1 3 1 3 0 0 0 3 2 2 2 4 1 0]
  [0 1 1 4 2 0 0 0 4 1 1 0 2 0 4 1 0 3 1 2 0 1 2 2 2 2 0 3 2 1 3 3 0 4 0
   0 3 0 0 3 2 2 3 0 4 3 1 3 1 3 3 0 4 4 3 0 3 1 4 4 4 0 0 1 4 3 0 4 1 4
   3 1 1 4 4 1 0 1 4 4 3 1 4 3 0 4 4 3 0 2 0 1 1 0 0 1 3 1 2 3 1 2 3 0 2
   2 2 4 2 0 1 4 4 2 3 4 3 3 0 1 0]
  [0 3 0 0 4 2 4 2 2 4 1 3 0 3 1 4 3 4 1 2 3 3 4 4 4 0 3 0 3 2 0 4 2 1 0
   0 3 4 4 2 1 4 2 2 4 4 0 4 1 3 3 2 4 3 1 3 4 0 3 2 3 3 3 3 4 0 1 3 2 0
   0 4 4 4 2 4 3 2 4 1 1 3 0 2 1 4 1 3 1 4 2 3 3 3 3 0 0 4 1 4 0 0 3 4 3
   0 4 2 1 2 1 3 4 4 4 1 1 0 4 3 0]
  [0 0 0 4 2 1 4 4 4 4 4 1 4 3 0 1 3 0 1 4 1 0 2 0 0 2 0 4 0 1 4 0 1 2 4
   2 1 1 4 2 0 4 1 3 3 4 3 0 2 2 4 1 1 1 0 0 2 1 2 0 2 2 1 2 2 3 3 0 4 2
   2 0 2 4 0 4 1 1 0 4 2 2 2 2 3 4 4 2 0 0 3 1 4 3 2 3 3 0 1 2 2 4 4 1 3
   0 3 2 0 0 1 2 4 0 1 4 1 0 1 2 0]
  [0 2 2 3 0 1 4 0 1 1 1 3 2 2 2 1 1 0 1 0 2 3 1 3 3 0 3 0 2 0 3 3 1 1 4
   0 4 1 2 2 0 3 2 0 2 3 2 3 1 3 2 1 1 2 2 2 1 2 4 2 4 2 1 1 3 1 4 1 2 4
   4 3 3 4 1 3 3 2 2 4 4 0 2 0 0 1 2 4 3 3 2 2 1 0 1 0 1 1 4 1 3 1 2 1 0
   0 4 2 0 2 3 2 4 2 2 0 0 2 4 4 4]
  [0 4 0 3 4 1 3 3 4 0 3 1 4 0 2 4 1 4 3 1 4 3 2 4 3 3 0 2 0 1 0 1 1 4 4
   1 3 1 1 4 1 2 0 3 1 2 4 3 2 0 4 4 3 4 1 4 4 0 4 2 3 0 2 3 4 1 2 3 3 3
   2 4 2 1 2 1 4 3 2 0 4 3 1 3 0 4 1 3 3 0 1 2 0 1 2 2 3 2 2 0 0 1 0 4 0
   0 3 0 1 3 4 3 2 2 0 4 1 2 3 3 1]
  [0 1 2 0 1 1 0 0 3 4 0 2 0 2 0 3 0 3 4 4 0 1 3 2 3 1 3 0 2 1 4 0 0 2 3
   4 2 4 2 4 3 0 2 1 0 0 0 2 1 1 3 2 4 2 4 2 0 2 4 3 0 0 4 1 1 3 0 1 2 2
   1 3 0 4 2 2 1 4 4 0 4 4 1 4 2 2 3 4 4 4 0 2 1 0 2 4 0 0 4 3 1 4 1 0 0
   0 4 4 4 4 3 4 0 0 0 0 2 0 0 2 4]
  [0 4 4 0 2 2 0 3 0 2 1 1 1 4 2 0 1 0 4 1 2 4 2 4 4 1 3 0 4 2 2 4 0 3 3
   2 2 2 0 4 0 1 2 2 4 2 1 0 1 0 2 2 3 2 4 3 4 4 3 0 3 0 1 4 1 0 1 3 0 3
   2 3 4 4 4 3 3 0 0 2 3 4 4 2 4 2 1 2 2 1 3 4 1 0 0 0 0 1 3 4 4 3 2 2 3
   1 3 1 1 4 4 0 1 0 0 0 4 0 1 1 0]
  [0 2 2 3 2 3 0 3 2 1 0 1 0 1 3 4 3 2 1 4 0 3 4 3 4 3 2 1 4 3 4 3 3 0 0
   2 0 1 2 4 0 4 0 3 4 1 3 2 2 4 1 0 1 1 0 0 2 1 4 1 4 4 2 3 3 3 4 2 3 4
   4 0 2 0 2 0 2 1 1 3 4 1 2 3 0 2 0 4 1 3 2 0 0 1 2 2 1 2 1 4 0 2 3 3 0
   4 1 1 1 1 4 4 2 3 0 3 3 3 1 3 2]
  [0 0 4 0 4 1 2 3 3 1 0 1 4 3 2 4 3 4 0 4 3 1 2 0 3 3 1 1 2 3 2 0 3 3 0
   1 2 0 2 3 3 2 3 0 1 2 2 4 2 3 3 0 4 1 1 1 2 0 3 4 1 3 3 2 0 4 3 2 3 2
   2 2 0 0 1 2 3 4 2 1 4 4 0 3 1 1 3 3 0 0 3 4 0 4 1 0 3 3 4 3 0 0 3 0 3
   1 0 2 3 3 2 2 3 4 2 3 3 3 3 4 1]
  [0 4 3 4 4 4 3 3 4 4 2 0 3 1 4 2 3 4 3 1 3 3 1 3 0 2 2 4 0 3 4 3 1 1 1
   0 1 0 4 1 1 1 0 0 3 2 4 2 3 0 0 2 0 2 1 1 4 4 2 3 3 3 2 4 1 3 1 2 4 4
   1 2 0 1 1 0 2 3 1 4 4 0 4 3 3 0 1 3 0 3 0 1 1 2 3 4 4 3 4 3 4 4 1 1 3
   1 0 3 0 4 4 0 0 2 4 3 0 0 4 4 4]
  [0 2 4 0 4 1 4 3 0 1 3 0 1 1 0 0 1 4 4 3 4 0 0 3 0 3 1 3 2 3 3 1 3 2 3
   2 0 0 1 1 0 4 2 0 1 1 2 4 1 1 1 1 2 3 0 3 4 1 4 0 3 0 2 1 4 3 1 0 1 3
   2 1 4 3 0 2 2 1 4 1 3 3 2 3 3 3 0 2 0 0 1 0 1 0 2 4 3 4 1 2 3 3 2 0 1
   3 3 3 2 2 0 2 0 0 0 1 3 1 2 4 4]
  [0 3 0 4 2 4 4 0 1 1 2 1 4 1 0 0 4 2 0 3 2 3 2 0 0 3 0 3 1 2 3 3 2 3 0
   3 4 0 4 1 1 4 1 3 1 3 4 2 1 2 2 2 3 1 0 1 2 4 2 0 3 4 0 0 3 1 2 1 4 3
   3 4 1 4 2 1 2 2 2 0 4 2 1 0 1 1 3 0 2 2 3 0 0 2 1 4 2 4 4 0 0 0 1 1 0
   3 1 4 1 1 0 4 3 2 1 1 1 0 2 1 4]
  [0 3 1 2 0 0 4 1 1 2 4 0 2 0 4 3 1 2 4 1 4 3 3 0 1 0 2 2 1 2 1 1 0 0 0
   0 4 2 0 4 2 2 1 1 3 4 2 3 0 4 2 1 4 1 4 1 3 2 1 0 1 1 4 4 1 2 4 2 3 0
   1 3 2 3 0 3 3 0 0 0 3 2 0 2 4 3 0 0 1 0 1 2 2 0 4 0 2 1 4 0 3 4 0 0 0
   1 0 2 0 1 1 1 2 4 3 3 2 2 1 1 1]
  [0 0 4 4 1 1 3 4 4 0 3 4 1 3 4 3 2 0 2 3 1 4 1 1 1 0 2 4 4 4 4 1 0 1 1
   2 3 1 2 0 1 2 1 3 1 0 0 2 2 2 1 4 0 4 0 4 3 1 0 0 3 4 3 1 0 4 4 1 1 2
   0 4 0 2 2 1 4 1 2 4 4 4 2 2 2 3 2 2 1 4 4 1 0 1 2 2 3 1 0 3 1 1 0 4 4
   4 3 1 2 2 0 3 0 2 0 1 0 4 4 4 0]
  [0 4 2 1 0 4 2 1 0 1 0 1 2 2 0 1 2 0 2 1 3 4 2 1 4 0 0 4 2 1 3 1 1 3 3
   3 2 3 4 2 0 0 4 2 3 1 1 2 4 3 4 1 1 2 2 2 2 3 2 3 2 2 4 2 0 1 2 0 2 0
   2 3 2 1 3 2 1 2 1 4 0 1 1 4 3 4 3 0 3 1 0 3 2 2 3 0 3 1 1 0 3 2 2 3 2
   2 2 1 4 3 2 0 4 4 0 3 2 3 0 4 4]
  [0 4 1 4 0 4 4 4 1 2 4 2 0 3 2 3 3 3 0 0 3 3 3 1 3 1 0 1 4 1 0 1 2 1 1
   3 1 4 4 3 2 0 4 2 1 1 2 4 3 1 1 3 0 0 4 3 4 4 3 0 1 3 1 4 1 1 3 1 3 2
   2 4 3 1 0 3 4 3 2 0 2 0 2 1 2 2 2 4 4 4 4 3 2 3 2 1 2 3 4 4 1 0 1 3 1
   4 4 2 4 0 0 4 3 0 4 1 2 3 3 0 4]
  [0 3 4 2 2 1 3 2 3 0 1 1 0 0 0 1 0 2 0 0 1 0 1 4 0 2 1 1 1 0 3 3 0 1 4
   2 0 0 4 1 1 3 0 1 0 4 1 4 0 2 0 4 3 1 3 0 2 4 0 1 4 3 3 1 2 0 2 3 0 4
   2 4 1 4 3 3 2 2 0 4 1 4 4 1 4 4 3 3 3 0 1 2 1 0 3 3 3 1 0 0 3 3 0 3 0
   2 1 0 2 0 2 4 4 4 3 1 2 1 1 2 3]
  [0 2 1 1 0 4 3 1 0 2 2 0 2 2 3 0 0 0 3 1 0 2 0 4 1 0 4 2 3 3 1 0 2 2 4
   1 0 1 2 3 0 4 0 0 4 1 1 0 0 0 2 0 0 1 3 0 4 1 4 4 2 1 3 4 3 2 1 3 1 2
   4 1 2 1 3 4 3 4 3 3 3 3 2 4 1 1 1 1 4 0 2 4 1 0 0 2 3 1 3 1 0 4 0 3 0
   3 1 3 4 3 0 2 2 1 2 1 4 0 4 2 2]
  [0 4 1 3 0 3 3 0 4 4 0 1 3 4 1 0 0 3 3 3 0 2 1 4 3 0 4 4 0 2 1 3 0 1 2
   4 1 2 2 0 1 2 3 4 0 3 4 1 4 3 1 4 3 3 1 1 1 2 1 0 3 2 3 1 1 1 0 3 3 1
   4 4 0 4 2 2 3 3 3 4 3 0 1 1 0 0 3 4 1 2 0 0 4 0 1 1 1 2 1 0 4 0 3 2 3
   0 2 2 2 0 2 1 3 0 0 3 1 0 1 1 3]
  [0 1 4 4 1 4 2 4 3 4 3 2 1 2 1 1 2 2 3 1 2 1 2 0 0 2 3 0 4 4 1 3 2 4 3
   2 2 2 2 1 0 3 0 3 0 0 2 2 2 4 0 4 2 1 4 3 3 3 1 1 0 0 4 4 2 4 0 3 1 4
   1 1 0 1 2 1 2 0 1 2 0 1 1 0 4 1 4 4 0 3 1 3 0 4 0 0 0 2 3 2 3 4 1 3 3
   3 3 4 0 1 4 0 2 1 4 2 1 2 0 0 2]
  [0 2 3 2 0 4 1 3 2 0 4 3 3 4 3 0 1 2 4 2 0 3 0 3 0 0 2 1 0 2 1 2 3 3 1
   1 3 2 4 0 1 2 4 0 1 4 0 1 2 2 2 2 3 0 2 0 4 0 2 0 3 3 1 1 0 2 2 3 2 2
   0 3 1 4 0 3 4 2 3 1 0 2 4 2 0 3 1 3 0 4 4 0 3 0 0 4 1 0 4 2 3 3 3 1 1
   1 4 4 0 3 1 1 0 0 2 4 0 4 4 4 4]
  [0 3 2 4 4 1 3 1 0 4 2 2 1 1 3 4 1 3 3 4 0 0 4 3 1 4 2 3 2 2 4 2 4 3 1
   2 0 4 2 0 2 2 4 0 0 4 1 0 3 3 1 2 2 4 3 1 2 1 4 0 0 0 3 3 3 1 3 2 1 2
   2 2 3 1 2 3 0 4 2 0 4 2 4 1 3 0 4 2 2 3 3 0 0 4 2 4 2 1 2 4 3 3 2 4 4
   2 4 3 3 1 0 4 3 1 2 1 1 1 3 1 2]
  [0 0 0 0 0 4 0 2 1 1 4 4 4 2 0 0 3 1 4 2 1 0 0 0 0 0 3 4 2 2 0 3 2 0 3
   1 1 3 3 0 3 2 2 1 2 2 4 3 0 3 1 4 3 0 4 0 2 0 3 2 2 3 4 3 3 1 0 1 0 0
   0 0 0 4 4 4 2 1 0 2 3 0 2 2 0 0 2 2 3 1 3 1 4 1 3 4 1 1 2 1 1 4 3 2 0
   0 4 4 3 4 4 3 4 2 3 4 0 4 0 1 2]
  [0 2 0 0 2 4 0 1 3 2 2 3 2 3 1 2 2 4 2 4 4 4 1 0 4 3 4 1 4 1 0 2 3 1 4
   2 1 0 1 1 3 3 4 3 1 4 2 0 1 0 4 4 3 0 0 2 0 0 0 0 2 3 0 3 0 0 0 0 2 1
   4 4 4 2 2 0 4 3 2 3 2 0 1 2 0 4 0 0 4 3 1 4 4 4 4 0 1 2 1 0 2 3 2 1 1
   1 4 1 2 4 3 3 3 3 4 2 1 1 0 1 3]
  [0 2 3 2 2 0 0 2 4 3 3 4 3 0 1 1 3 1 4 4 0 0 0 4 4 1 2 3 0 3 0 3 1 1 0
   1 4 2 1 1 0 2 0 2 3 3 0 1 1 2 0 4 1 3 1 0 0 3 2 0 4 0 0 2 1 0 1 2 1 1
   3 0 2 1 2 4 0 0 0 1 3 3 3 1 2 3 1 3 3 3 1 1 3 4 4 1 1 0 3 2 1 1 0 4 3
   3 0 4 3 4 4 3 4 2 3 3 0 0 4 3 2]
  [0 3 0 2 4 0 2 2 4 0 0 1 1 2 4 0 3 0 4 1 3 3 0 1 0 2 4 0 1 2 2 2 1 1 2
   2 2 3 1 4 3 2 3 4 3 1 3 4 2 1 4 0 3 2 2 0 0 2 1 3 0 3 4 3 2 1 4 0 0 3
   4 2 3 3 2 3 2 1 0 4 2 3 1 3 1 3 1 2 3 2 0 4 4 0 2 4 2 3 4 4 4 0 2 1 0
   3 1 2 4 4 1 3 1 0 4 2 3 3 2 4 3]
  [0 1 1 0 1 0 3 3 4 2 0 1 0 3 3 2 2 2 0 1 4 3 2 2 1 3 2 2 3 1 1 2 4 3 1
   3 1 4 1 3 2 1 0 4 3 1 1 3 2 1 2 0 0 1 0 1 2 4 0 0 1 1 4 2 2 4 0 4 3 0
   2 1 4 0 2 4 4 3 2 0 1 2 2 4 4 0 2 4 0 0 3 4 1 0 1 2 2 1 4 3 1 2 2 0 2
   3 2 3 4 1 4 2 1 4 3 3 4 3 3 3 4]
  [0 1 3 2 0 0 4 1 2 0 1 2 1 0 1 3 0 1 0 4 0 4 3 2 0 4 0 1 2 3 0 2 1 2 0
   0 3 4 0 4 0 1 1 2 3 2 0 2 3 1 0 1 0 0 2 4 0 3 0 2 0 0 3 3 1 4 2 4 2 0
   0 3 0 1 2 4 2 0 3 3 2 1 4 3 4 4 2 1 3 4 0 3 4 0 4 3 4 2 0 4 1 2 0 2 1
   4 3 3 4 4 3 2 4 1 0 1 4 3 1 4 2]
  [0 3 4 0 1 0 2 1 4 1 3 1 3 3 2 4 1 1 2 1 2 3 4 1 2 2 0 1 1 3 4 1 0 1 4
   4 3 4 4 2 2 4 0 3 0 4 3 3 1 1 4 0 3 4 0 4 1 4 2 1 0 4 2 4 4 2 2 1 4 3
   4 2 1 2 3 1 1 3 3 3 0 1 0 4 3 3 0 1 1 1 4 2 1 4 4 3 3 2 0 4 2 3 2 4 4
   1 1 0 4 2 1 2 1 3 2 3 1 0 1 4 2]
  [0 4 2 4 3 1 4 1 1 0 1 3 3 3 2 4 2 0 1 2 2 4 4 3 1 1 2 4 3 3 4 4 0 1 3
   1 4 3 0 0 1 2 2 0 0 1 4 0 3 4 2 4 3 3 0 0 2 3 4 0 4 2 4 1 4 1 3 4 3 2
   3 0 2 0 3 1 1 2 0 3 2 4 3 4 3 4 0 2 1 2 1 4 2 1 2 2 0 3 1 4 2 2 1 3 4
   2 0 4 4 4 2 2 4 0 0 4 4 1 2 1 0]
  [0 1 1 2 1 0 0 0 4 3 2 3 2 3 3 2 0 1 2 4 2 2 2 3 4 2 1 1 0 0 4 2 4 1 1
   3 3 2 1 0 1 3 0 0 3 0 3 1 3 2 1 2 4 0 4 3 0 0 0 2 3 1 0 3 0 3 3 3 0 2
   3 2 4 2 3 2 1 0 3 0 0 0 2 3 4 1 3 2 0 3 4 3 3 2 4 0 4 4 4 1 1 1 3 0 4
   1 1 0 1 2 3 4 0 1 0 4 1 2 0 4 3]
  [0 2 0 0 0 0 2 4 2 1 0 3 0 0 0 1 4 2 1 3 0 4 0 4 3 4 1 3 2 0 2 2 0 0 0
   3 3 4 3 1 3 1 4 2 1 3 2 3 1 1 1 4 2 0 4 4 0 0 2 0 4 0 3 2 1 4 4 1 3 1
   4 1 1 1 0 1 2 3 1 1 4 0 2 1 0 0 0 0 2 2 1 4 0 2 2 3 1 2 0 1 0 2 2 1 0
   4 4 2 4 3 3 1 0 3 1 2 3 3 0 0 0]
  [0 4 2 1 3 3 3 1 0 0 3 0 2 2 3 2 2 2 1 4 3 4 4 2 1 2 4 0 0 1 2 1 1 2 3
   3 4 0 1 1 2 4 1 3 1 1 1 1 4 2 0 0 4 4 4 4 2 1 0 2 1 3 2 0 3 0 1 4 2 0
   1 1 0 2 3 3 2 2 4 3 2 2 4 4 2 4 1 3 4 0 0 0 4 4 1 3 0 4 4 3 3 2 2 2 1
   2 0 1 3 2 2 0 0 1 0 4 2 3 1 0 1]
  [0 1 1 2 3 2 1 4 0 2 0 1 2 0 4 1 3 3 2 4 4 4 2 4 1 1 3 2 4 2 4 3 2 0 4
   4 0 2 0 4 3 0 3 1 3 1 1 1 4 4 0 4 0 0 1 0 3 1 1 0 4 4 4 1 2 0 4 3 4 2
   0 0 0 1 4 0 4 4 1 3 2 2 1 0 2 3 3 3 3 2 1 1 0 0 4 1 1 2 1 4 3 0 3 0 4
   4 3 1 4 0 2 1 4 0 1 0 3 0 3 0 4]
  [0 3 2 4 2 4 3 1 1 4 2 0 2 3 2 3 0 3 4 2 3 0 2 3 4 0 4 0 0 2 2 4 3 0 4
   2 0 1 1 4 4 2 2 0 1 3 0 3 0 0 2 4 3 0 4 1 4 1 1 4 0 1 1 2 2 4 4 4 2 0
   2 3 2 1 4 0 4 0 4 0 3 2 3 3 2 4 0 1 4 1 3 1 3 0 1 1 3 3 2 4 0 1 4 2 1
   0 3 0 3 3 0 1 3 0 0 2 4 0 1 1 0]
  [0 3 2 1 0 0 3 3 1 1 4 2 2 0 2 3 3 0 1 4 1 4 1 2 0 1 1 2 0 1 3 4 0 0 1
   3 1 2 4 3 2 4 1 3 3 2 0 2 0 3 2 3 2 0 1 3 3 3 1 1 3 0 2 4 4 4 0 1 0 0
   0 2 1 2 1 4 0 1 4 3 3 3 3 1 1 4 0 3 0 1 4 0 2 1 3 1 4 1 2 2 3 3 0 1 2
   2 1 4 1 4 0 2 2 0 2 3 2 0 4 0 3]
  [0 0 4 1 1 0 0 1 2 3 0 4 4 2 0 2 4 2 3 2 4 2 3 0 2 1 4 1 2 0 3 4 4 3 0
   3 0 3 2 2 2 2 3 1 2 1 3 4 0 3 1 3 4 4 2 0 3 3 1 3 0 3 0 4 0 3 0 3 2 4
   4 3 0 0 0 0 2 4 0 1 1 2 0 1 2 4 0 4 2 2 3 3 3 3 3 3 1 0 1 2 3 0 1 0 4
   4 0 4 0 1 0 0 1 4 1 0 2 0 2 0 4]
  [0 1 3 1 0 0 4 4 3 1 2 4 2 0 4 2 4 2 4 2 3 3 2 4 4 3 0 2 4 0 4 0 0 0 2
   3 3 0 2 4 0 1 2 2 3 0 2 3 3 2 4 3 0 0 3 3 3 1 0 3 0 2 0 0 1 3 4 0 1 0
   0 3 0 0 2 0 4 3 1 2 4 0 2 0 2 1 4 3 3 0 3 2 4 1 1 4 3 0 3 3 1 0 4 4 0
   1 4 4 1 2 0 2 4 1 0 3 1 1 1 4 2]
  [0 2 4 0 4 4 2 0 0 2 0 2 4 0 4 4 4 2 2 4 1 1 4 4 0 3 0 4 3 2 3 1 3 2 1
   1 1 2 2 2 1 0 3 3 1 2 2 0 0 1 1 3 3 3 2 3 0 0 4 4 3 0 0 2 0 2 3 4 2 1
   3 0 1 1 1 3 4 4 1 4 1 2 4 0 3 2 3 0 0 4 2 1 3 3 4 0 0 0 1 2 0 4 2 3 0
   2 1 4 2 0 2 3 1 2 3 0 0 1 4 2 2]
  [0 3 1 0 2 4 4 0 4 0 0 0 0 0 1 0 0 3 1 4 2 2 0 1 0 2 3 1 4 4 0 1 4 2 1
   3 2 2 1 3 1 3 0 2 4 3 3 3 1 2 0 1 3 3 3 3 4 3 3 4 0 0 2 4 2 0 2 0 3 0
   3 3 3 3 4 0 2 3 1 0 2 3 4 0 3 1 2 0 4 2 3 0 3 3 3 1 2 4 1 0 0 0 2 4 2
   4 4 4 2 1 1 0 3 2 2 4 4 0 1 2 4]
  [0 1 3 1 1 3 1 4 3 0 3 2 1 3 2 2 0 0 4 4 2 3 2 2 1 4 1 4 3 0 2 3 4 2 0
   2 2 3 4 0 0 4 3 2 3 1 0 4 2 0 2 4 4 2 0 3 3 4 4 2 1 3 4 3 1 0 0 2 1 3
   2 2 2 4 2 4 3 0 0 2 2 1 1 0 4 1 2 4 2 1 1 0 3 2 0 1 1 4 2 1 3 2 1 2 2
   4 0 0 4 0 4 1 4 0 3 1 2 2 0 4 0]
  [0 0 4 2 3 1 2 2 3 0 4 1 1 3 0 4 1 1 2 3 1 3 0 2 4 2 4 1 3 2 4 3 2 1 3
   0 0 1 2 2 4 4 2 2 1 1 4 1 2 3 0 1 0 4 3 2 3 3 4 0 0 1 3 3 3 4 2 0 3 3
   0 1 1 0 1 1 4 4 4 2 1 0 2 0 0 3 2 3 1 4 0 1 2 3 0 0 3 2 4 1 2 3 2 4 2
   2 1 3 0 1 0 3 0 2 4 3 3 4 0 2 3]
  [0 0 4 1 3 1 0 3 3 3 4 4 0 1 4 3 0 4 0 3 3 0 2 1 3 2 3 1 2 0 2 4 2 2 0
   4 0 0 1 2 0 4 0 3 0 2 4 2 2 1 1 3 2 4 3 4 2 2 0 0 2 2 1 3 1 3 0 2 0 3
   4 2 2 0 4 0 4 3 0 4 3 4 2 3 4 0 4 2 3 3 0 1 1 3 2 4 0 1 0 3 3 2 2 3 2
   1 3 0 2 2 0 0 0 4 4 0 1 4 2 0 3]
  [0 2 2 0 4 4 1 4 3 3 3 3 3 4 3 3 0 0 4 1 1 0 4 1 2 4 0 1 3 3 0 1 2 2 4
   4 3 4 3 0 4 1 0 3 3 0 2 4 2 4 1 1 1 1 1 3 2 4 1 3 2 2 0 4 3 3 4 4 4 0
   1 3 1 2 1 3 2 1 1 3 3 0 3 3 0 0 4 4 3 0 2 0 3 3 1 3 4 1 0 3 4 3 2 2 1
   3 4 0 2 2 2 3 1 3 3 2 1 2 0 1 4]
  [0 2 0 1 0 1 4 0 3 1 3 2 3 0 3 1 0 4 2 4 1 0 3 4 4 1 3 1 3 1 1 3 2 1 2
   4 3 2 3 4 2 2 3 2 4 1 3 4 3 2 2 0 2 1 2 1 2 1 3 4 0 4 3 4 0 4 0 3 1 4
   0 4 4 1 4 0 2 2 1 2 1 4 2 0 2 3 1 3 0 4 1 2 2 2 1 3 4 1 1 4 3 3 2 1 0
   0 3 2 1 3 3 1 0 1 3 3 2 3 3 0 2]
  [0 4 3 1 0 0 2 1 0 0 4 4 3 1 2 4 3 4 0 4 1 3 1 4 2 3 0 0 0 4 4 3 3 0 0
   1 1 4 0 4 4 4 1 1 3 2 4 0 3 0 1 0 0 3 1 1 3 0 4 0 3 4 1 2 3 2 4 0 2 3
   1 0 4 4 2 4 0 0 1 2 1 0 0 4 1 1 0 0 4 3 3 2 4 2 1 1 4 4 3 4 4 0 4 2 0
   1 2 4 3 4 4 2 4 4 0 3 1 1 2 2 3]
  [0 3 1 3 1 4 0 0 1 4 3 0 1 2 3 4 4 0 0 3 4 2 1 4 3 3 3 0 0 3 3 3 0 0 1
   1 4 1 2 4 4 3 0 4 2 0 4 4 4 0 3 4 1 0 4 2 4 0 4 3 0 2 2 2 2 1 4 3 1 3
   3 4 0 2 0 3 4 1 1 2 4 2 3 3 0 2 3 2 2 1 4 0 4 0 2 0 3 2 3 3 4 3 2 3 0
   2 0 0 4 2 4 2 1 4 2 3 3 4 2 3 4]
  [0 0 2 0 3 2 1 0 4 2 1 4 3 3 4 4 2 4 1 0 1 4 3 3 3 2 4 3 1 0 2 0 0 3 4
   2 3 4 2 3 3 4 4 4 1 3 1 0 0 1 1 3 0 3 0 1 0 3 2 3 1 0 1 2 4 1 1 3 3 3
   1 4 1 0 2 2 0 4 4 0 1 4 1 4 2 0 2 3 0 0 1 2 4 3 4 2 4 0 3 2 4 1 4 0 3
   2 3 4 3 1 1 4 2 2 3 3 0 2 3 2 2]
  [0 0 2 3 0 2 0 2 1 3 3 1 1 1 3 4 1 3 3 2 2 3 1 1 2 3 3 2 1 1 4 3 4 0 3
   3 3 4 0 0 1 0 3 3 0 4 0 2 2 0 0 1 2 4 3 2 1 4 0 0 3 1 4 4 1 4 2 1 0 0
   3 3 1 1 0 2 0 2 0 3 4 4 1 4 4 3 1 2 3 3 0 3 1 2 0 4 1 2 4 3 2 3 1 0 0
   3 2 1 3 3 2 3 4 1 1 2 4 0 2 3 0]
  [0 0 4 4 0 1 2 0 0 3 2 3 1 2 2 1 2 3 4 1 3 0 4 0 3 0 1 3 0 0 1 3 4 3 0
   1 4 1 3 2 0 3 0 1 1 4 2 4 4 4 1 3 3 1 1 1 3 3 1 0 3 1 2 1 4 2 0 0 4 3
   0 2 1 3 1 0 1 2 3 3 0 3 1 0 4 4 2 4 3 1 3 3 4 3 0 0 4 3 4 2 2 0 2 0 4
   4 1 3 2 1 0 1 0 3 1 3 4 2 3 3 4]
  [0 1 4 3 1 3 2 1 3 1 0 2 4 3 4 0 0 4 2 4 2 2 1 3 1 3 3 1 1 1 2 3 3 4 4
   4 0 2 4 0 0 0 3 4 2 4 4 0 3 2 3 3 4 1 0 2 0 1 1 0 4 3 2 0 3 4 1 0 4 1
   4 2 3 1 3 1 0 0 0 1 4 2 1 0 1 2 2 0 1 4 1 2 1 1 4 2 2 1 0 0 2 2 0 3 1
   0 4 1 2 4 4 4 4 3 4 4 3 4 3 1 3]
  [0 1 0 0 3 1 4 1 3 1 1 2 3 4 3 2 0 2 3 3 2 2 0 4 4 2 3 3 1 3 1 4 4 1 0
   2 1 3 3 3 3 3 4 4 3 0 1 4 3 4 2 3 4 3 3 1 3 2 2 0 1 4 0 2 2 0 1 4 2 0
   2 0 2 1 0 1 1 0 3 2 3 3 4 2 0 0 0 4 0 0 0 1 4 3 2 0 0 3 0 4 2 4 0 0 0
   2 3 1 3 1 2 0 0 3 3 4 4 1 4 4 2]
  [0 1 0 4 0 1 3 2 4 0 2 0 0 3 2 0 1 1 4 3 0 1 3 2 3 4 1 0 2 1 2 2 4 1 0
   2 4 3 1 4 3 2 0 2 3 3 3 2 3 3 1 2 4 3 3 2 2 0 2 3 1 0 2 3 4 2 3 2 1 1
   4 4 3 3 2 4 1 1 0 1 1 3 2 0 2 3 2 1 4 2 1 3 4 0 4 4 4 3 3 3 1 1 3 2 4
   0 4 4 0 0 3 1 3 3 1 0 3 1 3 1 0]
  [0 2 2 1 3 1 3 0 0 4 1 0 1 3 4 3 3 1 0 0 2 4 4 3 3 2 1 3 1 2 1 3 2 3 4
   4 1 1 4 3 1 0 2 4 4 4 4 2 1 3 2 0 3 4 1 0 0 0 1 2 2 3 3 4 0 3 4 0 1 3
   3 4 0 1 2 0 3 2 4 0 3 3 3 3 3 0 1 1 4 0 0 2 4 3 1 3 4 2 1 0 4 0 3 4 3
   4 4 2 3 1 1 0 3 2 3 3 0 4 1 0 0]
  [0 1 1 1 3 1 1 1 3 0 0 0 1 2 2 1 4 4 0 1 3 1 4 0 4 1 2 2 3 0 0 2 4 1 2
   1 4 4 2 1 1 4 3 2 3 3 3 4 4 2 0 2 2 4 3 2 1 0 3 0 1 4 3 4 2 0 0 4 1 2
   3 0 2 3 1 2 4 0 0 2 0 4 3 0 3 2 3 1 3 4 0 2 1 0 1 0 0 3 1 4 0 2 1 1 3
   2 2 0 4 2 2 3 0 1 1 0 3 0 0 0 4]
  [0 3 0 4 0 3 2 1 1 4 3 2 0 2 3 4 2 0 0 1 3 3 2 0 2 2 0 0 4 1 2 2 2 2 0
   3 3 1 0 3 2 1 1 3 3 1 2 4 0 3 0 2 2 1 0 3 2 0 1 4 0 4 1 4 2 2 0 2 0 3
   3 2 4 1 4 1 1 3 0 2 0 0 2 0 4 1 4 0 0 3 1 0 4 4 1 1 4 2 2 0 3 0 0 4 0
   0 2 0 1 4 1 4 3 0 0 1 3 0 0 4 0]
  [0 1 4 4 0 4 1 3 1 4 3 2 1 0 0 4 1 3 0 4 4 4 3 1 4 1 1 1 1 2 0 0 2 3 0
   2 0 2 3 3 4 2 2 2 3 3 0 3 3 4 1 2 1 1 2 1 3 0 3 0 4 3 4 1 3 1 3 2 2 3
   2 1 0 2 0 1 4 0 1 3 0 0 0 4 1 0 4 4 4 3 1 0 3 1 3 0 0 3 4 3 3 2 1 0 3
   3 4 0 1 1 0 2 0 0 0 0 4 3 3 2 4]
  [0 1 1 0 0 1 2 3 0 2 3 4 1 2 0 4 3 2 0 4 2 1 4 3 4 0 1 2 2 3 4 2 1 1 1
   2 4 1 3 2 1 2 4 2 0 1 2 0 0 4 1 2 1 4 0 3 1 4 3 0 2 4 0 3 2 3 3 3 3 4
   0 2 0 3 3 1 2 2 1 0 4 1 2 0 4 1 0 1 4 0 1 1 2 0 4 1 4 3 4 1 4 4 2 4 0
   1 4 4 0 1 2 2 1 3 0 4 2 0 2 1 1]
  [0 4 4 2 2 0 2 1 4 4 0 4 0 0 2 3 0 3 0 0 1 2 0 0 3 3 1 2 4 4 3 4 0 3 0
   2 3 1 4 2 2 1 2 1 3 2 1 2 4 0 4 4 1 2 2 3 3 2 0 4 2 0 1 2 4 4 4 3 2 3
   4 3 1 1 4 2 4 0 3 3 2 3 3 2 0 1 3 1 1 4 0 4 4 1 3 3 3 1 1 0 4 4 1 4 0
   0 1 1 0 4 1 2 1 2 3 4 1 2 1 4 4]
  [0 0 1 4 2 4 3 4 4 4 1 3 2 3 0 0 1 4 3 2 2 2 2 1 1 1 1 1 1 3 3 1 1 3 4
   2 0 1 1 1 1 4 0 3 4 1 0 4 0 0 0 2 4 2 4 3 0 1 3 3 0 4 4 2 2 3 2 0 3 4
   0 2 0 2 1 0 2 1 2 2 2 1 4 4 0 0 1 1 0 1 0 0 0 3 4 3 1 4 4 0 2 0 1 3 4
   2 1 1 1 2 2 2 4 1 4 0 1 2 1 1 2]
  [0 0 4 2 0 4 0 0 2 4 2 1 0 2 4 4 0 0 1 2 4 2 1 1 1 1 3 0 4 0 3 2 2 2 1
   2 2 3 1 0 1 2 0 3 4 3 3 0 0 0 0 3 0 1 0 2 1 4 3 2 0 2 0 1 3 2 2 1 0 4
   0 2 4 4 0 1 0 1 4 3 3 4 3 1 4 3 0 3 0 1 4 2 3 2 2 4 0 1 0 4 1 1 2 0 3
   4 2 4 3 2 0 2 3 3 1 3 1 0 3 2 1]
  [0 0 0 1 1 4 0 3 0 1 4 4 4 1 0 3 0 3 1 2 3 4 0 1 2 0 0 1 4 1 2 1 2 2 3
   0 1 0 1 1 3 3 1 0 2 1 1 0 0 1 0 2 3 4 0 0 1 3 0 3 4 0 2 0 4 1 4 2 2 3
   0 4 2 2 0 2 0 1 3 2 4 3 0 2 0 1 1 0 1 1 0 1 4 3 4 2 3 2 3 0 2 1 0 0 2
   4 3 3 4 4 3 0 2 1 2 1 4 1 2 4 4]
  [0 0 0 3 0 3 4 0 3 1 0 2 0 2 4 2 3 2 4 4 4 4 3 3 4 4 4 1 1 3 1 2 0 2 4
   1 0 1 2 3 2 0 3 3 0 1 2 0 3 1 3 2 0 4 2 4 3 0 2 0 2 2 0 0 0 1 1 1 2 3
   2 2 1 3 4 0 2 3 0 1 4 0 2 2 4 1 0 0 0 0 2 1 2 1 4 3 4 4 4 0 0 4 4 2 0
   4 3 0 0 0 1 4 1 1 1 3 3 4 1 1 1]
  [0 0 0 2 1 3 0 2 3 4 2 1 2 1 0 3 2 3 3 3 1 1 3 1 1 2 3 3 0 4 3 0 1 1 2
   4 3 4 3 2 4 3 1 4 3 4 3 3 2 0 0 0 0 0 4 4 1 4 4 3 4 0 3 4 1 0 1 0 2 3
   3 2 2 1 4 3 4 0 2 1 0 2 3 4 0 3 2 0 3 0 4 1 1 4 0 4 0 1 3 0 4 3 1 3 1
   4 4 4 3 4 3 4 3 1 3 3 2 0 0 2 2]
  [0 1 4 1 2 2 2 3 1 0 2 1 1 2 0 2 1 0 0 3 4 2 0 1 4 0 3 2 1 0 3 0 3 1 1
   3 3 3 1 0 4 1 1 2 4 3 3 0 0 1 4 1 2 0 3 4 0 0 0 3 1 3 4 2 4 4 1 4 4 2
   1 3 0 3 1 2 0 2 1 4 0 0 2 4 1 1 4 0 2 2 0 4 4 0 2 1 3 1 0 2 2 4 1 0 3
   2 4 4 4 2 0 0 0 0 1 2 0 4 4 0 3]
  [0 2 3 2 0 1 3 2 3 2 1 0 0 2 0 2 3 1 2 4 2 3 3 4 2 1 1 2 0 1 3 1 2 1 4
   2 0 0 3 2 4 3 3 3 3 0 0 3 3 4 3 4 2 0 0 3 1 1 0 0 2 2 0 2 3 1 1 2 1 2
   1 1 4 1 2 3 2 1 3 3 2 4 1 2 4 4 2 0 0 2 1 0 3 3 2 3 3 4 1 3 0 2 4 0 4
   1 0 2 0 0 4 3 1 4 4 1 1 0 0 0 4]
  [0 3 2 2 3 3 4 2 2 4 1 0 4 2 2 3 3 2 0 4 2 1 2 1 1 2 3 3 2 4 2 0 0 0 2
   2 1 2 2 0 1 1 0 3 2 4 3 2 1 2 3 2 4 2 0 0 4 3 3 0 3 1 4 4 0 2 4 1 2 3
   2 2 4 4 3 3 4 4 0 2 1 2 1 0 1 2 1 4 1 0 1 2 0 1 2 0 4 0 2 1 1 0 0 1 3
   1 0 3 4 0 0 0 3 1 0 0 1 3 3 2 0]
  [0 1 4 4 0 3 0 2 4 3 3 0 1 1 4 4 0 1 3 2 2 3 3 3 2 2 1 1 3 2 1 3 1 3 2
   4 3 4 2 2 4 0 3 2 4 3 1 1 1 3 0 0 3 3 2 1 3 3 0 4 4 0 0 0 1 1 4 4 2 3
   2 4 0 4 4 2 4 1 4 2 4 3 3 2 2 1 1 2 1 4 1 0 4 0 1 2 4 4 0 1 3 0 1 3 2
   0 4 0 2 0 4 4 3 4 4 4 1 0 4 0 0]
  [0 0 4 2 2 1 3 0 0 3 1 3 3 4 1 0 4 1 4 3 0 1 0 4 1 2 1 2 0 0 2 0 4 2 1
   4 2 1 2 1 0 2 0 4 2 4 3 3 4 3 4 4 2 4 0 0 3 4 2 4 2 2 4 2 1 1 4 4 2 1
   1 4 2 4 2 2 2 0 2 4 4 4 1 1 0 2 4 1 0 4 3 1 4 3 0 4 1 0 1 1 4 0 0 2 0
   0 4 3 2 2 3 3 2 4 1 1 2 3 2 3 4]
  [0 3 0 4 2 4 3 4 2 1 3 2 0 1 0 0 2 0 4 4 2 0 2 3 2 3 0 2 3 4 4 0 0 0 4
   4 0 1 4 1 3 1 0 0 4 1 2 4 1 3 4 2 1 0 0 1 0 1 0 1 3 1 1 4 3 3 3 2 1 0
   2 3 1 0 1 1 1 3 1 3 4 2 4 0 3 2 3 4 3 2 3 2 0 2 3 0 3 4 4 1 2 2 4 0 1
   2 1 0 0 1 4 1 0 3 2 3 4 1 1 1 1]
  [0 1 2 3 0 2 2 3 1 3 0 1 1 3 2 3 2 2 3 0 1 1 0 0 4 0 1 3 4 2 0 3 3 2 1
   0 4 4 0 1 1 1 4 1 1 0 3 4 1 3 4 2 4 3 4 3 3 0 0 0 4 3 3 1 3 2 3 2 3 1
   0 2 4 3 3 2 1 3 3 1 2 1 3 4 1 2 4 3 3 1 0 3 1 1 1 0 0 4 3 3 0 0 2 1 3
   0 2 2 0 3 2 3 2 2 2 4 3 2 0 3 4]
  [0 1 2 2 0 3 3 1 0 3 4 3 0 4 1 1 1 2 3 2 3 4 2 4 4 4 0 2 1 2 4 2 0 4 1
   4 3 2 2 1 1 0 4 2 0 0 4 2 2 2 2 0 1 4 2 4 3 3 1 2 4 2 3 3 1 3 0 1 0 4
   3 4 4 0 3 0 4 4 0 0 3 1 3 3 4 4 0 3 0 3 3 2 2 1 4 4 1 0 0 2 2 2 3 1 3
   0 3 0 1 1 4 3 1 3 4 4 3 2 1 1 4]
  [0 3 2 4 4 3 4 4 4 2 4 3 2 0 3 3 3 0 4 3 4 2 2 3 3 1 2 2 1 4 0 1 2 0 4
   2 4 3 1 1 0 4 4 3 2 1 3 1 0 4 2 1 3 3 2 4 1 1 3 3 0 2 3 1 4 0 3 2 2 1
   1 2 1 2 0 2 2 2 1 3 2 4 4 0 0 4 3 1 3 0 3 2 0 1 4 2 0 0 0 1 4 2 3 4 2
   0 2 4 3 1 0 4 1 2 2 0 3 2 1 4 1]
  [0 0 1 2 3 3 3 2 2 2 2 3 0 2 3 4 3 1 2 3 2 1 1 2 0 4 2 1 2 1 0 2 0 4 4
   2 4 2 4 1 2 0 2 3 2 0 1 0 2 0 1 3 3 3 3 2 1 3 4 3 3 1 3 3 2 4 1 4 1 3
   2 0 0 0 4 2 4 1 2 0 2 4 0 3 4 0 3 4 2 3 2 2 0 0 0 4 1 1 0 0 4 0 1 4 2
   4 4 3 4 4 3 0 0 4 0 0 0 4 4 2 1]
  [0 2 0 4 1 1 3 2 4 0 1 2 4 0 1 2 2 1 2 1 1 1 4 0 2 1 1 0 4 1 3 1 3 3 4
   0 0 3 0 3 0 4 0 0 4 4 4 2 3 0 2 2 0 0 1 3 3 2 0 1 1 4 3 2 3 0 0 1 2 4
   4 3 2 2 3 1 4 4 1 1 4 4 4 1 4 1 2 3 3 0 4 1 4 4 4 0 1 3 4 4 0 3 2 3 0
   0 2 0 2 1 3 1 3 1 1 0 2 2 0 3 0]
  [0 4 4 3 3 2 1 2 1 2 4 1 4 3 0 2 2 2 3 2 0 2 4 2 4 1 0 1 3 4 4 0 3 3 0
   1 3 4 0 4 0 3 2 3 3 3 3 4 0 0 0 0 3 4 4 4 0 1 4 4 3 0 0 1 1 2 3 1 3 0
   0 1 0 2 2 1 1 1 3 2 2 0 3 4 0 0 2 3 1 3 4 1 3 2 4 2 1 1 3 4 4 0 2 3 4
   1 2 1 3 0 0 0 2 4 3 1 2 3 1 2 3]
  [0 4 3 3 2 4 3 3 0 1 4 3 2 0 3 4 1 1 4 0 2 0 4 1 0 1 3 1 4 4 1 2 0 3 0
   0 1 1 3 4 1 1 3 4 1 1 0 3 4 1 1 2 0 3 2 4 2 2 4 2 1 0 2 3 0 2 3 0 3 3
   0 0 2 0 4 1 3 0 3 2 0 3 2 1 3 2 1 4 2 1 0 3 3 4 2 3 0 2 4 2 0 1 0 4 3
   0 4 2 0 2 0 1 2 2 3 1 0 2 2 2 4]
  [0 2 0 3 1 3 0 3 0 4 3 2 1 2 4 4 1 0 0 0 0 3 3 1 1 3 1 3 0 2 0 0 4 1 4
   4 0 1 0 2 4 1 2 3 1 1 4 3 0 2 1 0 4 2 4 3 3 2 0 0 3 4 3 0 2 2 4 3 4 0
   3 1 1 0 0 1 1 2 1 1 3 4 3 3 3 4 3 4 0 3 3 2 4 1 3 2 4 1 0 4 4 1 2 0 1
   1 3 4 4 4 4 0 4 3 0 4 2 0 2 1 4]
  [0 4 4 1 2 2 1 0 1 4 1 1 0 2 3 0 4 0 1 2 0 1 0 4 4 1 1 0 1 3 1 1 4 4 2
   4 4 0 2 3 3 0 3 1 0 1 4 4 0 0 2 1 1 0 1 4 2 2 4 2 1 3 3 2 1 0 1 3 2 4
   4 1 2 0 3 1 0 0 1 1 4 0 1 0 3 3 4 0 0 4 2 2 0 1 1 1 4 2 0 0 1 4 4 1 0
   0 2 3 0 0 4 0 1 1 0 2 0 3 0 3 0]
  [0 4 0 4 2 0 3 4 2 2 1 1 2 3 1 2 3 4 1 2 3 1 0 4 2 0 1 0 3 2 1 3 0 3 1
   3 3 3 3 4 0 2 2 4 2 4 1 3 2 1 2 4 4 1 3 4 0 3 3 3 0 3 1 4 1 3 4 4 3 2
   3 2 4 3 4 4 1 0 0 1 0 4 0 4 3 3 4 0 3 0 3 2 0 1 1 3 0 0 0 4 0 2 3 2 4
   0 1 1 2 0 3 4 0 4 4 0 4 1 0 3 4]
  [0 1 3 2 4 1 1 1 3 1 1 4 3 1 1 4 3 0 2 0 2 0 3 3 0 4 4 2 2 1 4 4 1 0 3
   0 0 4 3 0 3 3 3 4 4 2 2 3 0 3 2 1 2 2 1 1 3 0 2 2 0 2 1 3 1 3 3 4 1 1
   2 2 1 2 4 0 0 4 2 1 0 4 3 3 0 0 2 0 0 4 1 4 2 1 1 1 4 2 3 3 3 2 3 3 3
   0 0 1 1 3 1 4 3 3 1 2 3 4 1 3 0]
  [0 2 4 0 0 2 2 2 1 0 4 1 4 2 3 4 0 3 2 2 1 0 0 4 1 1 1 0 1 0 3 4 0 3 2
   1 2 4 0 0 1 4 2 1 1 3 2 0 0 1 1 2 0 4 4 3 2 2 3 1 3 1 4 4 1 1 1 3 4 3
   1 4 0 1 3 2 1 3 2 2 3 3 2 3 1 3 0 3 2 1 1 0 2 4 0 3 3 1 1 4 2 4 2 4 4
   0 2 0 4 0 4 2 3 3 3 1 3 4 4 1 0]
  [0 0 3 2 1 4 1 1 3 1 2 0 1 2 2 2 1 2 0 2 2 0 4 0 0 0 0 0 4 0 0 4 1 1 3
   4 3 4 3 3 4 4 2 4 2 1 1 1 2 0 2 2 0 4 0 0 2 0 4 3 3 3 2 0 0 4 3 0 3 4
   0 2 1 2 0 0 0 2 3 4 1 3 0 0 3 1 1 2 1 0 2 1 3 2 1 0 3 0 3 3 2 0 4 0 2
   4 0 4 0 2 3 2 1 0 1 2 0 2 4 2 2]
  [0 0 4 1 2 4 3 0 2 1 2 1 2 0 3 0 4 2 3 0 1 3 0 0 3 2 1 2 2 0 2 0 0 0 1
   0 3 0 4 4 2 4 0 0 2 3 1 1 1 0 3 4 1 2 0 1 2 4 3 4 1 4 2 2 1 2 1 2 0 3
   4 4 1 4 2 0 1 4 3 0 3 0 2 4 3 1 4 0 4 2 0 0 1 1 1 0 4 0 0 0 4 3 3 0 3
   1 2 3 4 0 2 1 0 4 3 2 0 4 1 4 3]
  [0 1 4 3 2 2 3 0 4 2 2 0 1 3 4 2 0 0 0 2 1 4 1 3 1 2 1 1 1 0 4 2 0 2 1
   0 0 4 3 1 1 0 1 1 4 4 4 4 1 4 2 0 4 1 1 1 1 3 2 2 1 4 4 0 3 1 3 0 4 3
   3 0 4 2 1 2 1 3 4 2 2 0 0 1 3 3 3 4 2 1 3 4 3 1 2 3 1 0 2 3 0 2 3 1 0
   2 2 1 4 1 0 1 4 3 1 3 0 1 2 4 0]
  [0 3 4 3 0 3 2 4 4 1 3 1 4 3 4 1 1 4 4 0 4 1 0 0 2 2 2 1 3 2 1 1 3 1 3
   0 0 3 2 0 0 3 3 2 4 3 2 2 2 0 3 0 4 4 1 4 4 1 1 1 4 0 1 2 1 2 1 2 3 2
   3 1 1 2 3 4 3 1 3 1 4 3 4 4 4 4 1 4 4 2 0 2 1 0 1 4 0 3 2 1 3 3 4 3 1
   0 3 4 1 1 0 0 3 3 2 2 2 3 3 4 4]
  [0 2 4 4 4 4 1 3 3 2 0 1 3 4 3 3 3 0 4 0 2 4 2 3 0 2 2 2 2 2 4 1 3 4 2
   2 2 4 2 2 3 0 1 2 3 1 0 0 4 0 3 1 4 4 1 0 0 1 0 1 4 0 4 1 3 3 0 0 3 0
   2 1 3 3 4 2 4 2 4 2 1 4 0 3 0 4 4 2 0 3 0 0 1 2 2 4 1 0 4 0 1 2 4 1 2
   1 4 2 4 4 2 0 0 1 3 1 3 3 0 4 3]
  [0 3 1 1 1 0 3 4 3 0 0 1 0 2 1 0 3 0 0 0 1 3 2 3 2 0 3 4 4 4 4 3 2 3 0
   3 1 2 2 2 0 1 4 2 1 0 0 4 0 1 1 3 1 4 1 1 0 3 1 2 0 1 1 4 0 3 1 3 1 4
   0 3 1 4 1 3 2 0 1 3 0 0 1 3 3 2 0 2 0 2 3 3 3 1 0 0 0 2 0 1 4 4 1 1 3
   4 3 1 1 2 0 1 3 0 4 2 4 2 3 1 2]
  [0 3 4 1 1 3 3 4 3 1 4 3 4 4 0 2 0 1 1 2 0 4 2 2 1 2 2 0 2 0 0 2 0 4 4
   0 3 2 0 2 3 2 1 0 0 0 0 1 0 3 4 1 4 0 2 3 0 2 0 1 3 2 4 1 1 4 0 1 3 0
   1 4 2 0 2 0 4 2 2 0 3 1 3 4 4 3 1 0 4 0 0 0 2 1 1 4 2 0 0 3 3 0 3 3 1
   4 0 3 3 0 0 2 3 1 0 2 2 4 2 4 1]
  [0 4 2 2 4 4 0 1 3 3 4 2 4 4 2 3 2 0 0 1 2 0 3 1 4 0 2 2 3 0 2 0 4 4 1
   1 3 3 1 0 4 4 4 0 3 1 2 2 0 4 2 3 0 4 2 2 3 4 3 3 3 4 0 3 3 0 2 3 1 0
   4 1 2 2 3 2 2 4 3 1 0 4 1 1 4 4 0 0 0 0 2 1 3 4 4 4 2 2 3 3 4 4 2 3 0
   1 3 3 2 0 4 0 3 0 1 0 4 4 2 4 4]
  [0 4 0 1 0 3 2 4 3 3 0 1 2 1 0 2 0 2 4 4 4 3 2 1 3 0 0 3 4 2 4 2 0 3 4
   3 3 3 4 1 1 2 3 1 0 3 0 2 0 3 4 1 2 0 4 3 1 0 1 3 0 3 1 0 1 3 0 4 3 0
   4 0 1 3 3 2 2 4 4 2 0 4 2 1 1 1 1 4 2 3 2 4 0 3 3 1 3 0 3 4 4 3 1 0 1
   1 3 3 1 0 3 2 3 2 3 1 0 2 3 3 3]
  [0 2 3 3 3 3 2 3 2 4 2 4 4 2 0 2 4 4 2 4 3 1 0 0 2 2 2 1 3 0 4 3 2 2 3
   4 3 3 2 4 2 1 0 3 1 2 1 1 1 0 3 2 0 0 4 0 1 3 1 1 2 3 3 1 0 4 4 3 2 3
   0 2 2 1 0 1 4 0 2 1 4 3 0 4 3 2 0 1 0 0 2 2 2 4 4 4 4 4 2 0 3 4 2 2 4
   2 1 1 3 1 4 0 2 3 0 1 3 0 1 1 3]
  [0 0 2 4 3 1 2 3 4 0 1 3 2 4 0 2 4 2 4 4 1 1 4 0 4 2 0 4 0 4 2 4 0 1 4
   2 1 2 2 3 2 1 3 0 2 3 0 0 4 0 2 4 2 2 1 2 2 4 1 2 3 2 1 2 3 1 3 1 1 2
   0 0 3 1 3 0 3 1 3 0 0 2 4 1 2 1 0 1 0 0 1 4 1 1 1 2 4 0 0 4 4 0 1 3 1
   0 0 3 3 3 1 0 4 3 0 4 1 0 0 3 2]
  [0 1 2 2 2 1 2 3 1 3 2 3 4 4 1 3 1 4 0 1 0 1 2 3 0 1 0 2 4 2 0 0 3 2 0
   1 2 0 3 1 0 3 2 3 4 2 2 2 1 2 4 0 2 0 2 0 4 2 1 2 4 0 3 2 1 2 3 4 0 2
   4 4 4 2 0 4 0 4 0 2 3 1 4 3 3 2 0 3 3 1 1 0 0 3 3 3 4 1 4 0 1 2 3 4 1
   2 4 3 3 0 2 4 0 0 0 3 2 1 3 0 1]
  [0 1 4 2 0 4 4 0 4 0 4 4 4 3 3 3 2 2 0 0 0 4 2 1 1 4 2 3 4 3 0 2 2 1 4
   2 4 0 4 1 2 2 4 3 4 1 2 2 4 1 4 4 2 1 0 0 2 0 3 0 0 1 2 0 4 0 2 2 2 4
   0 0 0 2 1 3 4 0 2 0 1 4 1 4 2 1 3 2 1 3 0 0 2 0 3 1 1 0 1 4 3 2 0 4 3
   2 0 1 2 2 3 0 4 4 2 3 0 4 1 1 0]]

 [[0 4 2 2 4 1 2 2 0 4 4 3 3 3 1 3 2 0 2 3 2 4 0 4 3 1 2 3 0 1 2 4 3 3 2
   3 2 3 4 4 0 2 3 0 0 4 0 0 2 0 0 4 4 0 0 2 4 2 0 1 1 0 3 2 0 3 0 1 2 4
   2 0 2 2 3 4 4 1 1 0 2 2 1 3 3 0 2 1 3 3 1 0 0 0 2 4 4 1 4 4 1 1 1 4 3
   2 0 1 4 4 1 0 1 1 0 1 3 1 0 2 0]
  [0 0 1 0 0 0 1 4 3 2 0 2 3 0 2 4 3 3 1 1 3 0 4 4 0 0 2 2 3 4 3 3 4 3 1
   3 3 1 3 1 1 2 0 4 3 2 4 3 0 2 0 3 0 4 4 3 0 1 4 4 3 2 0 1 1 1 3 2 0 4
   3 4 2 4 2 0 1 0 2 4 3 1 1 3 0 0 4 4 2 4 1 4 4 2 2 4 3 3 1 3 3 3 4 4 2
   2 0 1 1 3 2 3 3 4 3 2 3 4 2 3 2]
  [0 3 0 0 3 0 4 1 0 1 1 1 3 4 2 2 3 1 2 2 4 2 3 1 2 3 0 1 2 4 0 1 3 2 4
   1 0 3 1 1 4 0 4 0 1 1 2 3 1 0 1 0 1 3 0 3 3 3 4 0 1 1 0 3 1 4 4 0 0 2
   2 4 0 0 2 1 4 3 4 3 0 0 3 2 3 2 3 0 0 3 2 1 0 3 2 2 1 2 0 1 1 0 4 2 0
   1 2 1 2 3 4 3 4 0 2 0 2 0 4 2 3]
  [0 1 4 0 0 2 1 1 3 3 3 1 0 1 1 4 3 2 2 4 1 0 2 4 2 4 1 3 1 1 2 4 3 1 1
   2 3 2 4 0 0 4 2 1 1 2 2 2 1 3 0 3 0 1 1 2 3 1 0 3 2 1 2 4 4 1 1 3 1 0
   1 0 2 2 2 3 0 2 4 3 4 2 1 2 3 3 2 2 3 2 1 2 1 4 3 4 1 1 0 4 2 3 0 1 4
   0 1 0 0 2 2 4 4 4 3 3 3 4 4 0 1]
  [0 3 4 1 0 1 0 2 4 4 2 0 2 1 1 3 3 0 3 1 4 3 1 1 4 2 0 4 2 3 1 2 1 0 3
   2 0 3 3 1 4 1 3 4 0 3 3 0 2 4 0 4 3 1 2 1 0 0 4 0 4 1 2 2 1 2 2 2 0 0
   0 4 3 3 3 0 1 3 0 4 0 3 1 3 3 0 4 2 3 2 3 3 0 2 1 3 3 3 3 3 4 0 2 3 1
   3 2 0 2 0 4 2 4 2 1 3 0 0 4 0 0]
  [0 0 2 0 0 0 0 1 3 2 0 0 1 1 2 1 2 2 3 3 1 1 2 2 4 0 1 2 0 4 2 1 0 4 3
   2 2 2 2 2 1 2 2 4 1 3 2 2 0 0 1 3 0 0 4 2 0 3 2 2 3 4 2 0 4 2 1 3 2 0
   3 2 3 3 2 2 2 2 1 1 1 3 1 3 0 3 1 0 3 3 3 1 0 1 2 4 0 1 3 4 4 3 0 1 2
   0 3 3 2 3 2 0 1 0 3 1 1 3 1 3 3]
  [0 3 4 3 1 3 0 2 3 0 3 2 1 1 0 1 2 0 1 0 1 4 2 4 2 4 4 1 3 4 0 1 0 1 2
   4 4 3 4 0 4 4 3 0 3 1 1 4 3 2 0 2 1 2 3 1 4 0 4 2 3 1 2 0 0 0 4 2 4 4
   4 4 2 4 0 4 0 4 0 3 1 1 2 4 2 3 0 4 3 1 2 0 0 4 3 2 3 1 2 3 2 1 0 4 1
   0 2 0 0 1 4 1 3 3 4 2 1 4 4 2 0]
  [0 3 2 1 0 4 1 0 3 2 2 1 2 0 3 3 3 2 2 2 2 2 0 1 3 1 2 0 4 0 1 1 3 3 1
   1 4 4 4 0 4 0 3 0 0 2 2 2 1 3 0 2 2 2 1 0 4 0 1 3 0 3 1 4 0 0 3 2 4 3
   4 4 3 4 4 2 2 0 3 2 0 0 2 4 3 1 0 0 4 3 0 0 3 0 2 1 0 0 3 4 0 4 1 0 1
   4 3 1 1 4 3 4 4 0 4 0 2 1 1 4 3]
  [0 1 2 3 1 4 4 3 0 1 4 1 3 3 4 0 4 4 1 4 3 4 2 4 2 2 4 4 3 4 0 4 2 2 4
   3 3 1 3 4 0 0 3 2 0 4 4 1 4 1 2 4 2 2 0 3 4 0 2 3 1 3 0 0 0 2 1 3 4 1
   4 4 0 3 0 1 0 1 1 2 4 3 0 4 1 0 0 4 4 3 4 2 4 1 4 2 0 1 3 2 0 2 1 3 3
   0 3 1 1 3 3 0 0 3 0 2 3 3 0 1 2]
  [0 3 3 1 0 3 2 1 4 0 3 4 2 2 0 2 4 1 0 2 3 4 0 0 3 2 4 0 4 1 0 3 1 3 4
   2 3 1 2 3 0 0 3 4 1 0 2 0 2 2 0 4 4 2 2 1 4 1 1 0 0 0 4 2 2 1 4 0 4 3
   4 2 2 3 0 0 4 4 2 3 4 0 2 3 3 2 4 1 4 0 3 2 0 1 2 0 2 2 2 2 3 1 1 2 3
   1 2 0 1 3 0 2 4 2 1 0 3 2 4 1 0]
  [0 0 2 1 0 1 1 2 1 3 0 0 0 2 4 2 0 2 4 4 2 1 3 0 1 3 2 3 3 2 3 1 1 2 1
   4 0 3 4 4 4 2 2 3 2 3 4 4 3 3 1 4 3 3 2 4 2 3 0 3 3 0 4 1 1 4 1 3 2 2
   0 2 4 2 0 2 2 4 4 4 0 3 4 2 3 4 4 1 0 0 2 2 0 3 0 1 3 2 4 1 1 4 4 4 0
   1 3 1 1 0 1 4 3 3 4 1 2 4 3 0 1]
  [0 2 0 4 1 1 2 3 1 1 4 0 3 3 4 0 2 4 4 0 3 3 0 0 2 3 2 4 3 4 4 4 3 0 4
   3 4 4 0 0 1 4 4 1 4 2 1 4 1 2 4 2 4 3 2 2 2 4 4 2 3 0 1 0 4 0 4 3 1 3
   2 4 3 0 0 3 4 0 1 1 0 0 4 1 3 1 3 3 3 0 2 0 3 0 0 2 2 4 1 1 3 4 2 1 2
   2 2 0 1 4 3 4 4 2 1 0 0 4 0 0 2]
  [0 1 2 3 3 2 2 3 0 2 3 3 0 1 3 1 1 1 1 3 1 4 0 2 2 2 3 3 0 4 2 1 4 0 3
   3 0 1 4 4 4 1 0 2 0 2 1 0 2 4 4 3 3 1 2 1 1 1 3 4 1 1 0 2 4 3 1 2 4 4
   3 4 3 2 3 0 3 1 2 2 0 4 2 1 4 0 3 3 2 2 1 4 2 2 4 1 2 2 3 0 2 2 1 0 1
   0 1 2 3 1 4 0 0 2 4 2 1 1 3 3 2]
  [0 0 1 3 1 3 0 3 2 1 1 4 1 0 1 0 4 4 1 1 3 1 4 2 2 0 3 4 3 2 1 0 3 1 1
   3 1 0 1 4 1 2 1 0 3 3 1 4 0 4 3 0 3 0 1 1 4 3 0 4 2 0 1 2 4 4 2 0 0 4
   0 4 0 0 0 0 3 3 4 2 3 2 3 1 1 1 4 0 0 0 1 3 1 4 4 2 2 2 2 1 4 4 3 4 1
   0 2 1 0 3 0 0 1 2 3 4 2 1 4 2 0]
  [0 0 1 0 4 1 0 0 4 3 2 1 1 3 0 2 2 3 1 0 1 4 1 0 4 4 1 1 3 4 1 2 4 4 0
   1 4 4 4 2 0 4 1 3 2 4 4 3 3 0 4 1 0 2 0 0 0 1 0 4 2 2 3 2 3 4 0 2 3 3
   4 0 1 1 2 2 1 2 3 4 4 3 1 0 4 0 4 4 4 0 3 0 2 0 2 0 2 1 4 4 3 1 1 3 0
   4 2 1 2 1 0 2 4 3 2 3 0 4 4 3 0]
  [0 2 1 2 0 4 4 1 1 2 3 3 3 2 0 0 3 2 1 3 3 2 0 4 1 4 2 2 4 2 3 0 0 1 3
   0 2 4 4 3 1 1 1 4 3 2 2 4 3 3 1 1 2 1 4 3 3 3 3 2 1 2 2 0 4 1 1 2 2 4
   3 4 4 4 1 2 4 4 0 1 4 0 1 1 2 0 1 2 2 1 4 3 3 1 0 3 1 4 0 1 4 4 3 0 0
   4 1 3 1 2 2 3 1 4 3 2 2 2 1 1 3]
  [0 3 4 1 2 2 3 0 0 3 2 0 1 4 4 0 0 4 3 4 0 1 1 2 3 1 0 2 4 3 2 4 0 3 2
   1 3 3 0 2 1 2 0 4 0 1 1 2 0 1 3 3 2 0 2 3 0 1 0 0 0 1 0 2 4 2 2 1 0 3
   0 4 0 4 4 1 4 1 0 3 3 2 3 2 3 4 1 3 2 1 4 0 2 1 1 1 2 3 4 2 4 2 1 3 2
   2 4 0 4 3 0 1 2 1 2 3 4 1 3 2 1]
  [0 4 3 3 0 1 0 4 0 3 1 2 4 3 4 0 1 0 4 1 3 0 2 3 2 3 2 3 3 4 2 0 2 0 2
   4 4 2 3 3 2 1 1 3 3 4 4 1 3 4 3 2 4 0 4 3 1 1 1 1 1 0 2 0 0 4 3 4 3 4
   0 0 1 4 0 4 2 0 0 2 3 4 2 4 2 3 1 1 0 0 2 4 0 0 0 0 3 0 2 4 3 4 1 3 2
   4 0 3 1 2 1 2 2 0 0 4 3 0 3 4 4]
  [0 2 3 4 4 1 4 1 1 3 3 1 0 4 3 1 2 2 0 0 0 2 0 2 1 4 0 0 4 4 1 2 4 2 4
   2 2 4 3 3 4 1 3 1 0 2 2 3 0 0 2 4 0 2 2 3 0 2 3 4 3 2 1 1 3 3 4 4 3 4
   0 3 2 1 4 0 2 1 0 4 0 3 0 0 2 1 1 4 4 4 3 3 2 0 0 3 4 3 0 1 1 3 2 2 3
   4 2 4 2 1 2 3 1 2 4 3 0 3 2 4 3]
  [0 1 0 0 1 0 1 4 3 3 0 4 3 2 2 2 1 3 2 0 2 1 0 1 3 1 2 0 4 2 3 1 1 1 0
   4 0 4 0 3 4 0 0 4 2 4 2 2 3 4 1 3 3 1 0 1 3 1 1 3 1 1 0 0 1 4 3 2 0 1
   2 1 3 1 0 4 3 2 3 0 2 4 3 3 2 4 3 0 0 1 0 0 2 2 3 1 4 4 0 0 4 1 0 4 4
   3 4 0 4 1 0 0 4 1 0 1 4 0 1 0 0]
  [0 4 4 1 3 1 2 4 4 2 1 0 0 1 0 2 0 3 2 1 0 2 1 2 4 0 0 3 4 0 3 4 1 3 2
   4 3 3 0 1 1 1 2 1 4 4 1 2 0 0 0 1 0 0 2 4 3 1 2 2 2 2 4 0 0 1 0 2 3 0
   4 3 0 1 4 2 3 2 1 4 4 4 2 1 2 0 1 2 2 2 4 2 4 3 3 2 1 3 4 0 1 1 4 0 4
   0 4 2 3 4 3 3 3 0 0 0 2 4 3 3 4]
  [0 1 2 0 4 1 2 3 0 1 0 3 1 1 0 0 3 4 1 0 2 0 4 3 4 0 4 0 0 1 0 2 3 3 3
   2 2 2 1 1 0 0 2 0 3 2 1 0 2 3 1 4 2 2 2 4 2 2 0 1 4 4 4 2 2 0 4 2 3 4
   3 3 3 3 4 0 2 1 3 3 0 0 3 3 2 0 4 4 2 4 0 1 2 4 3 4 4 4 0 4 1 1 4 0 4
   0 0 3 4 4 0 2 2 2 3 0 3 4 1 1 0]
  [0 4 2 4 0 2 4 1 2 0 3 1 4 4 0 1 4 0 0 1 1 2 0 4 2 1 3 1 3 2 1 0 1 3 4
   3 2 4 3 0 2 4 2 2 3 2 4 4 1 1 1 1 1 0 4 0 4 0 1 2 4 2 1 2 4 4 4 0 0 0
   0 3 4 2 1 4 0 4 3 4 2 2 0 1 4 0 1 0 1 1 0 2 4 1 0 0 1 3 1 1 1 3 4 1 1
   0 2 0 4 4 0 0 3 1 3 0 1 2 4 3 2]
  [0 4 1 3 2 4 2 3 0 0 2 2 4 4 4 1 3 4 0 2 0 0 0 0 0 0 4 1 1 2 2 0 2 0 0
   1 2 0 0 4 1 3 4 1 1 1 3 2 0 1 3 0 2 4 0 2 4 1 0 1 2 1 2 0 0 4 2 1 1 0
   0 3 1 3 0 1 2 2 4 2 2 4 3 2 1 1 0 3 3 4 2 1 2 4 4 4 2 3 3 4 1 3 3 1 2
   2 4 1 2 1 0 3 4 3 4 4 1 0 4 0 2]
  [0 0 3 4 4 1 4 1 3 2 2 1 2 2 0 2 3 3 1 3 2 2 4 2 0 4 0 1 1 3 0 3 2 1 1
   2 2 3 0 3 0 1 3 4 3 4 3 3 1 1 2 2 1 4 3 2 3 0 0 1 1 4 4 1 4 2 4 2 2 3
   0 4 1 1 3 0 1 0 2 3 4 1 0 1 2 2 0 0 1 2 3 4 3 1 3 0 0 1 2 3 1 2 0 1 2
   2 3 0 2 2 0 0 2 1 4 2 1 2 0 3 4]
  [0 2 1 3 3 4 4 1 4 1 2 4 1 3 2 3 0 2 3 0 3 0 1 3 4 0 3 3 4 4 2 1 1 4 4
   2 1 4 4 2 3 4 1 4 0 1 1 0 1 4 4 3 4 4 1 4 0 2 4 0 0 0 3 2 4 2 1 4 4 3
   1 3 4 4 2 1 1 1 2 3 3 1 0 3 4 3 3 1 3 3 2 2 4 3 1 2 1 4 0 3 3 0 4 1 0
   1 3 1 3 4 2 4 1 2 4 0 1 4 4 3 4]
  [0 2 1 1 3 2 4 2 0 4 0 2 4 0 2 0 4 0 2 4 0 0 3 4 0 3 0 1 3 4 3 0 3 4 0
   3 4 3 1 0 2 1 1 2 2 1 0 4 3 1 3 4 0 2 3 3 3 1 2 3 0 0 0 4 1 2 0 3 0 0
   0 4 0 0 0 0 0 4 1 3 3 4 2 0 4 1 1 3 2 4 0 1 1 1 3 3 4 1 4 4 1 2 1 1 4
   0 4 2 1 3 3 1 2 1 4 0 3 2 2 2 0]
  [0 3 1 0 4 2 1 3 4 0 0 3 1 4 4 3 0 4 4 4 2 1 0 3 2 1 4 0 3 3 4 3 3 3 0
   3 0 2 0 1 1 3 4 3 2 3 1 3 1 3 0 2 3 4 1 3 4 2 4 0 4 1 2 0 4 1 3 1 2 0
   1 1 3 1 4 0 2 4 0 3 0 4 1 4 3 3 1 2 2 1 1 0 1 0 1 4 3 1 4 1 3 4 1 0 1
   3 4 1 2 3 4 0 2 3 4 4 0 3 2 3 4]
  [0 2 1 4 4 2 0 0 3 1 1 1 2 2 4 1 0 2 0 3 0 2 1 1 1 2 4 2 0 2 0 0 2 4 2
   2 4 0 2 1 3 1 0 1 3 1 2 3 4 1 0 0 1 1 0 3 1 2 0 1 0 2 3 2 0 2 3 2 4 3
   3 4 3 3 4 3 4 1 3 0 3 0 4 2 0 0 3 3 2 2 2 2 0 2 0 2 1 2 1 4 0 0 3 1 3
   2 4 1 4 3 0 0 3 0 4 3 3 2 4 1 4]
  [0 2 3 0 0 4 3 3 3 0 1 3 0 3 0 3 2 2 4 2 3 0 4 1 0 4 0 4 1 0 3 4 0 0 1
   0 1 4 4 2 1 4 1 2 4 0 0 2 4 4 4 1 3 1 2 1 2 1 4 1 0 3 4 3 3 2 0 1 0 1
   0 0 0 3 0 3 2 1 1 2 1 0 1 1 3 4 4 3 1 0 3 0 4 4 2 1 0 2 0 0 1 0 0 1 3
   1 3 3 2 2 2 0 4 2 2 3 3 3 2 3 2]
  [0 4 4 1 3 2 4 4 1 2 2 4 2 1 2 3 0 2 0 2 3 1 0 3 2 3 0 2 3 1 0 4 0 0 2
   3 3 2 0 2 1 1 2 2 0 0 4 1 1 0 4 4 3 1 2 1 0 1 2 4 2 0 2 3 1 1 1 1 3 0
   1 2 3 3 0 2 3 1 1 2 3 0 0 2 3 3 1 4 2 3 4 4 3 3 1 3 3 3 2 3 4 0 2 0 0
   3 4 1 3 4 1 1 2 0 0 3 1 3 0 0 0]
  [0 3 1 2 4 4 1 3 1 3 4 2 4 4 2 3 2 0 4 4 1 1 4 4 3 4 2 1 2 4 1 0 1 2 2
   2 2 3 2 2 2 1 3 2 4 4 3 1 0 1 4 2 1 3 1 3 4 0 4 2 2 2 4 0 4 4 3 4 4 1
   3 4 0 4 4 2 4 4 0 1 4 4 1 0 0 4 0 4 0 1 0 0 4 1 4 1 1 3 4 0 0 0 0 1 0
   4 2 0 2 4 1 3 3 1 2 0 1 4 1 4 4]
  [0 4 1 0 2 0 2 0 1 0 2 4 4 1 1 3 2 1 2 2 3 2 3 3 3 3 0 1 2 2 1 1 0 0 3
   3 2 3 1 2 1 3 3 0 4 1 3 2 0 4 3 3 2 3 0 3 4 4 4 3 0 3 2 4 1 1 1 3 1 0
   2 0 3 0 2 3 1 0 3 2 0 2 1 4 3 1 1 4 0 0 3 4 2 1 3 0 1 4 2 3 3 4 3 0 4
   4 4 2 3 1 3 0 4 3 3 3 3 4 1 4 2]
  [0 2 4 1 3 0 1 3 2 0 3 4 2 0 0 1 2 3 2 4 4 0 4 2 1 2 1 4 0 2 2 1 4 0 2
   3 4 1 0 2 2 1 0 2 2 3 1 2 1 1 1 4 0 1 2 1 4 2 0 3 4 4 2 2 2 3 4 0 0 0
   4 3 0 4 3 0 0 3 4 4 4 4 0 2 3 4 3 4 3 3 3 3 2 2 0 0 3 4 1 4 1 4 1 2 0
   3 4 2 4 2 2 0 0 3 0 4 0 3 3 3 4]
  [0 4 2 4 3 2 4 2 2 1 0 2 4 2 1 1 3 1 1 4 1 4 4 0 2 2 4 0 1 4 4 4 3 4 0
   1 2 3 1 4 3 4 3 4 1 0 3 3 2 3 1 4 3 0 2 0 4 1 1 1 4 2 2 1 0 2 0 4 3 1
   2 3 0 2 2 2 3 4 3 0 1 0 4 4 2 2 2 4 4 2 0 1 4 0 3 4 2 1 0 4 2 0 2 4 1
   4 3 0 2 4 1 3 3 3 4 3 4 4 4 4 4]
  [0 4 2 2 1 2 4 4 0 4 0 3 2 1 0 3 4 4 4 0 3 1 4 3 1 3 3 2 0 3 3 0 4 4 0
   0 2 3 1 0 0 3 4 4 1 3 4 1 4 1 1 0 1 3 0 2 3 3 2 2 1 4 1 2 2 4 4 4 1 1
   3 3 1 1 1 4 2 4 3 4 4 4 0 0 4 3 4 4 1 4 3 0 3 0 1 0 2 1 2 3 2 2 3 1 4
   1 4 1 0 2 4 3 0 4 4 3 3 4 4 0 1]
  [0 4 3 1 2 4 2 3 0 0 0 2 4 1 3 0 1 2 3 3 2 0 2 0 3 3 2 4 4 1 0 2 2 4 0
   3 0 2 1 3 0 0 4 3 3 0 1 1 4 0 0 4 4 2 2 2 4 1 3 1 4 4 0 1 0 3 0 3 2 3
   2 0 1 2 2 2 0 0 3 2 0 0 2 4 3 0 2 4 0 3 0 2 3 0 0 2 2 0 0 4 3 1 0 4 0
   4 3 4 0 0 1 3 0 1 4 1 3 0 3 4 3]
  [0 2 1 0 1 2 0 3 4 0 3 0 4 1 0 3 2 0 0 4 0 0 3 3 3 0 3 0 1 4 3 3 0 2 4
   1 0 0 2 0 1 4 0 1 0 1 2 4 0 3 0 4 2 1 4 3 2 1 2 3 2 0 0 3 3 1 0 1 3 3
   4 2 2 4 3 0 0 4 4 2 4 0 0 3 0 0 1 3 1 4 1 3 1 2 1 2 2 2 2 0 1 0 4 0 0
   2 3 3 4 2 2 0 2 2 0 0 4 2 3 0 3]
  [0 1 3 3 3 0 2 4 0 1 1 2 1 0 3 4 0 1 3 4 4 3 3 4 3 3 1 4 1 2 3 1 2 2 0
   0 3 2 0 2 4 2 3 0 2 4 2 2 2 2 2 1 1 3 4 4 4 2 4 1 1 2 2 0 0 4 4 4 1 1
   2 0 0 4 3 1 4 3 1 0 2 1 2 2 2 3 0 1 2 3 4 1 0 0 2 0 0 0 3 0 4 0 1 0 1
   1 1 0 2 3 4 1 3 3 4 1 1 2 4 0 3]
  [0 0 3 3 3 4 3 3 4 3 2 0 2 0 0 4 3 0 0 3 2 0 3 1 1 4 2 2 4 4 1 4 3 2 4
   3 4 0 0 0 1 4 1 2 0 3 3 2 0 2 1 1 1 0 0 4 0 3 1 3 3 4 4 0 3 4 3 3 2 4
   1 1 2 2 0 4 4 1 4 0 1 3 0 1 4 3 1 0 4 3 1 4 0 3 0 2 0 4 1 3 3 0 1 0 4
   0 1 2 1 3 1 3 2 1 4 4 4 3 3 1 4]
  [0 3 3 4 2 1 3 3 0 4 4 0 1 1 4 2 4 2 3 1 4 4 1 4 3 4 1 0 3 1 1 0 1 4 1
   0 1 4 1 2 0 3 0 4 2 2 3 3 1 0 1 0 1 3 1 2 4 3 4 3 0 2 4 2 1 2 3 3 3 1
   0 0 4 2 2 1 4 2 4 4 4 0 2 2 0 0 4 3 2 3 3 1 1 4 1 1 1 4 4 2 3 4 4 0 0
   4 1 1 4 1 2 0 4 1 0 0 0 1 1 0 2]
  [0 4 3 0 0 0 0 4 1 3 1 3 2 4 0 3 4 2 3 4 1 1 1 3 0 0 0 3 2 3 3 3 1 3 2
   1 2 4 1 4 4 0 1 4 1 3 1 0 4 2 1 3 4 4 1 2 0 1 3 3 4 2 4 1 1 4 2 4 1 4
   1 4 1 2 1 1 4 1 2 3 4 0 0 1 2 2 3 3 1 2 0 0 2 3 1 3 1 0 0 4 1 4 2 4 2
   4 2 3 2 1 3 1 2 2 0 4 3 1 2 0 1]
  [0 4 0 2 3 0 0 1 2 0 2 2 0 1 1 2 2 4 1 3 4 2 3 2 4 1 3 4 4 3 0 4 4 3 1
   0 0 0 2 1 3 1 0 2 4 2 1 2 2 2 1 3 2 0 4 1 3 1 3 2 3 2 1 3 4 4 0 1 2 3
   4 3 2 3 1 3 2 1 1 4 4 3 1 0 0 0 0 2 1 2 1 4 4 4 0 3 0 0 2 1 1 2 0 2 1
   2 1 2 3 2 4 3 4 4 4 0 1 3 1 4 0]
  [0 1 1 4 0 2 2 3 2 1 3 4 3 0 0 2 1 1 4 3 1 3 4 4 1 2 0 2 3 1 3 4 4 0 2
   2 0 2 4 4 0 4 4 0 2 2 4 1 2 4 1 4 4 4 3 2 3 4 3 2 0 3 3 3 2 0 3 4 1 3
   0 1 0 2 4 0 0 4 3 1 4 3 0 2 1 0 0 1 1 0 2 1 0 1 1 1 0 0 1 4 4 2 1 0 4
   1 2 1 3 2 4 4 2 0 3 0 2 1 1 2 0]
  [0 3 0 2 2 3 3 3 0 0 0 0 4 3 3 4 2 2 4 4 1 4 1 1 2 0 1 2 0 4 0 1 1 1 1
   0 4 3 2 4 0 3 2 0 0 1 0 2 1 2 0 2 1 1 1 2 4 2 4 2 3 2 4 4 0 3 0 0 3 3
   0 2 3 1 4 3 2 4 1 0 1 2 3 2 0 2 1 2 2 1 4 3 1 1 2 0 3 3 1 1 1 2 3 4 2
   1 4 3 1 0 3 4 1 3 3 3 1 1 4 0 2]
  [0 0 0 0 4 2 4 4 2 0 0 3 3 3 3 3 0 3 3 3 2 3 1 4 3 1 3 3 4 1 3 1 0 3 4
   4 2 3 2 1 4 1 4 4 4 0 2 2 0 3 0 0 4 1 4 0 2 1 4 2 2 1 2 1 0 1 3 0 1 2
   3 0 2 2 3 1 1 0 1 2 2 4 1 2 0 3 0 4 2 0 3 2 2 3 4 2 3 2 0 4 4 0 3 3 0
   3 1 3 1 2 1 4 0 4 0 3 0 0 0 2 4]
  [0 3 3 4 0 0 1 2 3 2 4 2 4 4 0 3 1 1 4 2 2 4 2 0 2 4 4 1 4 1 0 2 3 0 2
   2 0 0 1 3 0 4 1 4 1 0 0 1 4 1 4 0 4 1 4 2 2 4 1 1 2 2 3 4 2 0 3 4 1 2
   0 0 3 1 3 4 3 2 3 3 2 0 4 0 4 3 2 2 1 3 2 0 2 3 4 3 1 4 0 0 4 1 2 2 0
   1 2 2 2 1 1 3 4 2 4 0 0 0 4 1 2]
  [0 4 1 0 2 0 1 2 2 4 3 0 2 1 3 2 1 2 2 3 0 1 2 2 0 4 4 0 0 4 3 3 3 4 2
   1 3 3 4 4 2 1 0 3 4 3 3 0 1 0 2 1 2 4 1 1 2 0 3 4 2 1 3 0 2 3 0 2 2 1
   1 1 3 1 2 1 1 2 2 0 4 2 2 3 2 1 0 4 4 1 0 3 2 1 4 1 2 0 0 3 0 1 4 2 3
   3 2 4 3 4 0 2 1 1 3 1 3 1 3 3 2]
  [0 2 1 4 1 1 2 0 2 2 0 3 2 2 1 1 1 2 3 1 4 0 1 1 2 0 2 2 1 3 1 4 2 0 1
   4 2 0 4 2 4 0 4 1 0 0 0 1 0 0 2 0 3 1 2 4 1 0 4 1 4 4 4 4 3 0 3 4 4 1
   0 2 2 1 4 2 1 4 3 1 2 2 3 4 0 3 2 2 1 0 1 0 2 3 0 0 4 2 3 3 4 3 2 4 0
   3 0 0 2 2 1 0 2 3 3 0 3 1 3 2 2]
  [0 0 1 0 3 4 4 4 4 3 3 3 0 4 1 4 4 3 0 3 4 0 3 3 0 4 0 2 2 0 2 3 4 3 2
   3 0 0 2 1 2 0 3 4 3 4 0 0 0 0 0 0 1 3 1 1 0 0 2 3 1 3 1 4 1 2 1 2 1 3
   4 0 3 2 0 0 0 0 3 4 3 0 4 1 2 1 2 2 4 3 1 3 2 0 3 4 3 3 4 4 2 1 1 0 4
   1 2 0 4 0 2 2 0 4 0 0 0 4 2 1 2]
  [0 3 2 1 0 4 1 1 2 3 3 1 1 4 4 3 0 4 3 1 0 2 2 0 3 2 4 2 2 2 4 1 0 0 2
   0 3 1 3 2 1 0 3 4 1 4 0 0 4 2 0 0 1 3 0 2 4 1 2 4 4 0 0 3 4 3 3 3 1 1
   2 2 2 3 2 1 4 0 2 4 1 2 3 2 2 1 0 0 1 1 0 4 4 1 4 4 0 0 0 4 0 1 4 0 3
   2 1 2 2 0 4 4 3 4 1 2 2 0 4 0 0]
  [0 1 2 2 3 1 2 4 4 4 1 2 3 0 4 2 3 1 3 1 4 4 3 1 4 3 3 4 0 4 0 1 2 3 2
   3 1 3 4 2 3 1 0 1 1 0 0 1 1 1 3 0 3 2 0 2 3 3 3 1 1 1 4 1 3 0 3 4 1 2
   3 4 4 0 3 3 3 4 2 1 4 4 1 2 0 1 1 1 3 0 2 1 0 4 3 2 2 0 1 1 1 2 0 4 0
   4 3 3 1 2 2 1 4 3 4 0 2 0 0 1 1]
  [0 3 2 2 1 3 2 2 4 0 2 3 4 2 3 3 2 3 3 2 0 1 0 4 3 3 2 2 3 4 2 2 1 4 0
   2 2 1 3 2 1 1 1 4 3 1 4 2 4 4 3 0 0 0 4 0 1 0 0 3 3 4 4 1 4 1 3 2 1 3
   2 1 4 0 0 1 1 3 3 3 2 3 4 0 1 1 2 1 1 0 0 2 1 1 2 3 4 4 2 4 0 3 0 3 3
   1 0 0 1 2 0 4 3 2 3 2 0 4 4 0 2]
  [0 4 2 2 4 3 2 0 4 1 2 4 0 2 2 2 0 2 0 2 1 0 3 3 1 2 2 4 1 2 2 0 2 1 4
   3 2 2 3 1 0 1 2 1 4 2 2 3 0 1 0 3 0 0 0 4 4 3 1 3 3 4 1 3 4 4 4 1 0 4
   3 4 0 0 1 4 3 3 4 4 3 0 1 3 4 1 2 4 0 2 4 2 4 0 2 3 4 2 2 4 0 3 4 3 1
   2 2 2 3 2 1 2 1 1 3 4 0 1 0 0 3]
  [0 2 1 3 4 4 1 1 1 2 1 3 2 3 3 2 1 4 0 3 4 4 3 0 2 1 4 2 4 4 4 2 3 0 1
   0 0 1 2 4 4 0 1 4 0 1 2 1 0 3 4 0 3 2 0 1 0 1 0 4 3 1 3 1 3 0 1 4 0 3
   3 3 4 0 3 2 3 4 0 0 4 1 1 4 4 1 3 3 1 4 0 1 4 3 3 4 1 4 2 3 2 3 2 2 3
   1 0 3 1 4 3 2 4 3 0 3 2 0 3 4 2]
  [0 3 2 1 4 4 2 4 1 0 2 3 0 0 1 3 2 2 3 0 1 1 4 2 0 4 4 0 3 2 4 0 2 4 1
   2 0 2 3 0 2 1 1 0 3 3 0 3 4 0 3 4 3 2 4 0 2 2 1 2 2 4 3 3 4 1 3 4 0 1
   0 4 0 1 0 3 1 3 1 0 0 4 0 1 3 0 2 0 4 4 2 3 0 2 0 4 1 0 2 0 2 2 4 1 0
   2 0 2 4 3 4 0 4 4 2 3 4 3 4 2 0]
  [0 2 1 3 0 1 1 2 4 1 4 1 1 4 2 3 0 2 2 2 1 1 0 4 4 1 2 0 2 2 1 4 2 4 0
   0 3 3 2 1 0 0 2 4 4 3 1 2 1 1 4 0 1 1 1 0 0 1 2 2 3 3 0 4 3 3 0 4 3 1
   3 1 2 2 4 1 0 4 2 3 4 1 0 2 2 4 0 1 1 4 2 2 0 1 1 1 4 1 2 3 4 3 2 2 1
   0 1 2 3 1 2 0 0 0 4 1 1 0 4 3 2]
  [0 4 3 1 3 0 2 2 3 3 4 4 0 1 2 2 2 4 3 1 3 2 3 0 3 2 2 2 4 1 2 4 3 2 4
   1 1 1 1 2 1 3 3 4 2 3 0 2 2 0 4 4 0 4 3 0 2 0 4 4 3 1 4 4 0 0 2 1 4 4
   2 4 2 1 1 2 4 3 1 2 3 2 3 3 1 2 0 0 1 4 4 2 3 4 0 4 2 3 4 0 1 1 2 4 1
   3 2 3 0 3 1 4 3 4 0 4 0 1 2 1 4]
  [0 1 4 2 4 0 0 3 0 1 3 0 4 0 0 2 0 2 2 2 4 3 4 2 4 2 3 4 4 4 2 2 4 0 1
   2 4 4 4 3 3 0 4 2 1 2 4 3 2 1 3 2 4 2 3 0 4 3 0 3 2 1 0 2 2 1 3 2 3 0
   2 3 4 4 3 4 0 4 0 0 4 4 1 4 3 0 3 2 4 3 0 4 1 4 1 2 2 4 3 1 2 3 0 2 4
   2 1 3 4 1 1 4 0 1 0 2 0 4 4 3 1]
  [0 0 2 2 1 2 0 0 4 1 1 4 4 0 4 0 4 2 2 2 2 3 0 2 3 3 4 1 0 1 4 2 1 0 4
   4 1 0 0 0 0 4 2 4 4 1 0 3 2 4 4 0 4 1 4 2 4 2 3 0 1 0 0 1 0 2 0 2 4 4
   2 3 4 0 0 2 3 4 1 3 4 3 3 2 1 3 3 0 2 1 3 1 1 0 3 4 3 4 1 4 4 1 0 1 3
   0 0 4 3 1 4 3 3 2 2 4 3 3 3 3 1]
  [0 0 3 2 1 2 0 1 2 4 4 1 0 4 4 0 0 1 1 4 2 0 1 2 1 2 3 1 1 4 3 3 0 4 3
   1 3 1 3 0 2 4 1 3 3 0 0 0 4 3 3 3 0 3 3 1 1 4 3 1 0 3 0 4 2 1 3 2 3 2
   4 0 0 0 4 3 0 4 4 1 3 2 0 2 3 0 2 0 2 3 1 2 3 3 2 2 0 2 1 4 4 4 3 2 0
   0 1 1 1 3 3 3 2 0 2 1 1 3 2 0 3]
  [0 0 3 3 3 4 1 4 2 1 3 3 4 2 0 3 2 1 4 1 0 1 0 2 0 2 0 0 2 1 4 2 3 0 3
   4 2 4 3 0 3 2 2 3 2 0 4 2 0 3 2 0 4 3 2 0 3 1 3 3 1 0 0 4 2 3 3 2 1 2
   0 2 3 3 1 3 1 1 4 2 1 4 1 3 1 3 4 1 0 1 0 3 4 2 1 4 3 3 3 0 0 4 2 4 1
   2 1 4 2 4 4 1 3 4 4 3 4 3 4 4 1]
  [0 4 4 4 1 4 2 2 0 1 0 1 1 2 0 1 2 4 4 0 2 4 0 0 0 1 2 3 0 2 2 2 1 2 3
   2 4 2 0 1 4 0 3 1 2 0 2 3 1 3 3 1 1 3 3 2 0 2 1 3 0 2 0 1 4 2 2 3 2 0
   2 4 0 2 2 2 1 2 2 3 2 1 2 0 1 2 2 1 1 1 0 3 3 4 2 3 1 1 3 1 4 0 1 1 4
   4 0 3 3 3 1 4 1 2 1 4 4 1 1 1 3]
  [0 4 2 1 4 2 4 4 2 3 1 0 0 0 3 0 3 2 2 1 3 0 2 3 4 2 0 1 2 3 0 0 3 2 2
   1 4 2 4 0 1 3 0 1 4 0 4 1 3 4 2 0 0 0 1 3 1 0 1 3 2 3 1 0 3 0 4 4 1 3
   3 4 3 2 3 1 2 2 1 2 0 0 4 0 2 4 0 2 3 0 4 4 0 1 2 4 1 2 4 2 2 4 0 1 3
   0 2 3 4 4 0 1 0 4 3 1 4 3 0 1 3]
  [0 0 3 3 4 0 1 1 2 3 3 1 1 2 2 4 4 4 2 3 1 3 1 1 4 1 4 3 4 4 0 0 4 4 0
   2 1 4 0 4 2 4 0 3 2 3 0 2 1 4 4 3 1 1 2 0 2 0 4 3 1 4 1 3 0 1 0 2 3 4
   4 2 3 4 2 0 1 0 2 3 3 1 2 2 3 4 4 3 1 0 4 2 4 2 2 3 4 0 0 0 4 1 4 4 4
   0 3 1 1 4 3 3 1 1 1 0 1 1 1 2 0]
  [0 3 3 1 4 0 3 0 1 0 1 0 1 0 1 1 3 4 3 0 1 3 2 4 4 2 4 2 2 3 3 2 4 0 1
   2 2 3 3 0 2 4 4 0 1 2 0 2 0 4 4 4 3 3 3 4 2 4 1 1 2 4 1 4 0 0 0 3 0 4
   3 3 2 0 2 0 4 3 2 0 0 4 4 0 4 4 4 0 1 2 0 2 2 3 4 0 0 4 3 2 1 3 2 0 1
   1 2 3 1 0 2 4 0 2 1 0 3 3 4 4 3]
  [0 4 0 2 3 0 2 2 1 1 0 2 4 3 4 1 4 3 1 1 3 2 2 0 3 4 4 0 3 3 3 1 4 4 2
   0 3 3 1 2 1 1 4 4 1 3 1 0 2 1 3 0 2 4 0 2 0 0 3 0 2 2 1 1 0 2 0 3 0 2
   0 0 3 4 0 2 3 0 2 2 0 3 1 0 4 0 4 2 2 1 0 3 1 4 1 3 4 1 3 0 3 2 2 0 0
   0 2 2 0 0 2 3 3 4 2 2 4 3 0 3 2]
  [0 2 1 2 0 0 4 2 1 2 1 0 0 3 3 3 3 3 0 2 4 1 2 1 1 2 3 3 3 3 0 1 3 1 2
   0 1 1 4 3 1 3 0 3 3 1 4 4 4 0 1 3 2 0 4 4 3 1 4 1 1 1 2 1 0 3 4 0 1 3
   3 0 0 3 2 2 3 1 4 2 3 3 1 3 4 4 1 2 4 3 0 3 4 4 4 0 1 1 3 3 1 3 3 1 0
   0 3 0 0 3 1 0 2 0 1 0 0 1 0 2 0]
  [0 1 0 4 4 4 1 1 0 0 2 0 4 0 3 3 1 4 3 2 4 2 4 4 4 2 3 3 1 4 4 0 1 2 1
   3 0 4 1 4 1 4 3 2 3 2 4 4 3 4 3 4 3 2 2 2 3 0 0 4 0 1 4 3 3 3 3 3 0 4
   3 3 0 2 2 4 4 2 4 2 3 2 1 0 3 4 0 0 3 2 3 2 4 1 0 3 4 1 3 3 3 4 4 1 2
   1 3 4 0 1 1 2 4 4 3 2 1 2 4 1 2]
  [0 4 0 0 3 1 1 1 4 1 0 4 0 1 4 2 0 2 2 1 3 0 3 1 4 1 1 0 2 4 0 4 2 0 3
   0 0 4 4 4 3 4 0 3 4 2 0 1 4 2 1 0 4 1 4 3 3 1 0 0 1 4 3 0 3 3 4 2 0 0
   0 4 0 0 4 2 2 3 0 0 3 0 0 2 0 2 2 2 0 1 4 2 0 2 0 3 0 1 4 3 1 0 0 0 3
   1 1 1 3 4 1 3 3 2 0 2 2 4 0 4 3]
  [0 4 1 2 1 0 0 1 0 3 1 0 3 2 1 3 3 4 0 4 2 1 4 4 1 0 4 1 4 3 3 1 3 1 1
   1 3 4 2 1 3 4 1 1 0 1 2 2 4 0 2 3 1 1 0 0 4 2 4 4 2 0 3 2 0 1 3 0 4 3
   0 0 4 3 3 0 4 2 0 0 0 3 2 0 0 1 3 0 0 0 3 3 0 0 1 2 2 0 4 4 0 1 2 4 0
   1 1 0 4 1 1 0 3 1 1 0 3 1 4 0 2]
  [0 3 2 2 1 4 2 1 0 0 4 4 4 1 2 4 3 1 1 3 2 1 4 0 2 2 2 4 3 1 4 3 2 2 4
   3 3 3 1 3 0 1 4 3 0 1 4 1 1 0 0 2 1 0 2 0 1 1 1 4 1 3 1 2 2 3 1 0 2 1
   1 0 3 2 2 1 3 1 0 1 0 1 1 4 4 3 3 4 2 2 4 4 4 3 3 4 4 2 0 0 0 2 3 4 2
   0 2 3 1 3 1 4 1 1 2 1 3 3 4 2 4]
  [0 1 2 3 1 4 3 4 0 2 1 4 3 2 1 0 4 2 1 0 1 4 2 2 0 3 4 4 0 4 1 4 1 3 0
   3 4 2 3 3 1 1 1 4 2 1 2 2 2 2 0 1 4 1 1 1 3 3 2 2 4 0 0 1 2 0 3 2 4 1
   0 3 0 3 3 4 0 3 0 1 4 0 3 2 4 0 4 4 1 1 3 2 2 0 0 2 1 2 1 1 0 0 0 1 4
   1 3 1 1 0 0 4 1 3 3 3 2 0 1 4 0]
  [0 1 1 1 0 2 2 4 4 1 3 0 0 3 2 0 2 0 4 3 4 0 0 0 0 2 2 1 0 1 1 4 2 0 3
   0 3 4 0 4 2 1 1 3 4 1 1 0 0 0 3 0 4 4 3 0 0 0 2 1 4 3 2 0 1 3 2 4 3 3
   2 4 4 0 1 3 2 0 1 4 1 2 4 3 1 4 2 0 1 0 2 4 1 1 0 2 0 2 1 1 2 4 1 4 4
   3 3 1 0 3 0 0 4 3 3 1 0 1 2 1 2]
  [0 1 2 2 0 0 0 2 0 3 2 3 3 2 3 0 2 4 1 0 2 4 3 3 4 0 4 0 0 1 4 2 3 3 1
   0 4 0 3 2 0 1 3 0 4 2 3 3 4 0 2 2 4 3 3 3 0 0 2 1 2 1 4 0 0 1 2 4 4 0
   1 3 0 1 0 4 3 3 3 0 0 1 2 1 2 4 0 4 4 3 4 1 2 2 2 4 1 3 3 1 3 0 3 2 0
   3 4 3 1 1 2 0 0 2 3 4 4 2 3 2 2]
  [0 0 3 3 4 4 4 1 1 0 2 4 1 4 4 1 4 3 0 4 1 2 3 1 3 0 3 0 1 1 0 3 4 4 4
   0 2 2 0 1 3 3 1 2 2 4 1 2 3 2 3 0 4 3 2 1 2 0 4 3 4 3 1 0 3 1 2 2 3 4
   3 3 4 1 4 0 1 2 4 2 1 4 2 2 0 3 0 4 0 0 2 1 4 1 1 1 4 2 0 2 1 3 1 1 4
   4 1 3 4 3 2 1 3 3 4 3 2 2 3 2 1]
  [0 0 2 3 1 0 3 4 1 3 4 2 1 1 0 2 2 1 4 4 0 0 0 2 1 2 0 3 3 2 4 3 1 4 2
   0 0 1 2 4 3 1 4 2 2 4 3 1 4 1 0 2 2 1 3 0 4 4 0 1 0 3 3 2 2 1 2 2 2 4
   3 0 1 4 3 1 0 0 0 4 3 1 1 3 2 3 4 3 1 3 4 0 2 0 4 4 2 3 2 2 2 0 0 4 2
   4 2 3 2 3 1 3 4 1 4 2 3 2 1 0 4]
  [0 4 0 3 2 4 0 0 0 0 3 2 0 2 0 1 1 2 3 3 3 2 0 1 1 3 3 3 3 0 1 0 4 1 0
   1 3 2 1 2 1 2 4 2 4 3 0 3 4 0 1 0 4 2 3 2 2 3 2 0 0 4 3 3 2 1 2 0 3 4
   4 2 0 4 3 3 2 0 0 2 4 1 0 2 2 0 2 2 0 0 2 1 3 2 4 0 4 0 3 3 2 1 1 4 0
   3 0 1 0 4 4 2 3 1 1 4 2 3 2 4 1]
  [0 4 4 1 2 4 3 3 4 3 3 4 1 0 4 3 3 1 2 4 0 2 0 1 0 1 2 2 0 2 0 4 3 3 1
   3 1 2 1 2 3 0 2 3 4 3 2 0 1 4 4 1 3 4 3 4 4 4 3 2 3 0 1 2 3 3 0 0 1 0
   0 3 4 3 1 4 4 0 0 3 3 2 1 2 3 1 1 3 2 3 1 3 4 2 3 1 4 4 3 0 1 0 1 1 4
   1 4 1 1 2 2 3 4 4 4 4 1 1 0 0 2]
  [0 4 0 2 1 2 4 2 2 4 1 1 0 4 4 0 1 4 2 4 4 0 2 1 1 2 1 4 4 0 3 3 2 2 3
   0 0 3 3 0 0 2 0 4 4 0 2 1 2 1 1 2 3 0 3 0 0 2 2 3 4 3 3 1 2 4 0 4 3 1
   1 2 3 1 2 1 0 1 3 0 4 3 0 2 1 1 0 1 4 3 4 1 2 0 2 0 2 0 3 2 0 3 3 1 0
   2 0 1 0 2 4 2 0 2 4 1 2 2 2 1 0]
  [0 0 0 1 2 3 0 3 0 0 1 0 4 4 2 2 0 2 0 3 2 0 3 0 0 0 1 3 1 2 1 1 1 4 3
   0 1 2 4 0 0 2 0 2 0 0 1 3 0 1 2 0 0 1 0 3 0 0 2 4 1 2 4 2 2 1 0 0 3 4
   1 0 3 4 1 2 4 2 1 3 0 0 3 1 4 4 0 1 4 1 2 1 3 4 1 0 3 2 1 1 3 2 0 3 4
   1 3 2 1 0 1 1 3 2 0 2 1 2 0 4 4]
  [0 0 4 4 4 4 4 3 3 3 0 2 3 1 2 4 2 4 2 0 1 1 1 0 1 1 2 0 1 3 4 1 4 4 1
   1 4 0 4 2 2 0 2 3 4 4 0 0 0 4 1 4 3 0 3 2 2 1 1 3 4 2 2 4 0 3 0 3 4 2
   1 3 3 3 1 4 4 2 3 0 2 0 1 3 3 3 0 4 2 2 4 3 3 2 0 1 2 0 3 0 4 0 3 4 0
   1 0 1 3 3 2 0 3 2 4 4 4 3 0 3 0]
  [0 3 0 4 3 1 3 0 1 0 1 2 3 1 2 2 2 1 2 1 3 1 3 2 1 1 2 4 1 3 1 1 0 0 2
   2 1 3 0 3 3 1 4 2 4 1 3 2 3 2 3 3 4 4 0 0 4 2 4 4 3 1 1 1 2 3 2 3 3 3
   1 1 2 3 0 1 1 3 3 2 4 1 0 4 0 0 3 3 2 1 3 0 4 4 3 4 0 2 1 4 3 2 2 3 0
   3 2 0 0 2 3 0 1 2 0 1 4 4 0 4 2]
  [0 1 2 1 4 1 0 1 2 3 0 4 3 3 4 3 2 1 3 2 4 4 3 1 0 3 4 4 0 3 2 0 2 2 0
   2 3 4 0 0 2 1 0 3 4 2 3 1 4 2 2 1 0 2 3 1 2 1 3 4 3 2 0 4 2 2 3 3 4 2
   3 1 2 2 0 2 2 3 4 1 3 0 2 0 0 0 1 4 0 1 2 1 4 3 4 0 3 1 2 3 2 2 0 3 0
   1 2 1 1 2 0 0 0 0 2 4 4 3 2 4 2]
  [0 0 2 0 2 0 3 1 3 4 2 1 1 1 0 0 0 0 0 0 0 4 0 3 1 3 1 3 0 2 2 2 3 2 2
   3 0 3 3 1 0 1 3 0 3 1 3 1 4 0 3 4 4 3 4 1 2 0 3 4 2 0 4 3 1 0 1 4 3 1
   4 4 0 0 0 1 3 2 1 0 1 3 2 0 0 4 0 2 1 3 4 4 3 3 1 1 3 1 2 4 0 1 1 2 2
   3 0 4 3 2 2 4 3 3 0 0 2 1 1 4 3]
  [0 4 4 4 1 1 4 1 0 4 1 2 1 2 3 1 1 3 2 1 4 3 3 0 1 0 0 3 3 1 0 1 3 2 3
   2 3 3 4 1 0 1 0 2 4 3 1 2 3 4 2 1 4 2 1 4 3 3 0 4 2 4 4 1 4 3 2 1 0 3
   2 2 4 3 1 2 0 0 2 0 3 2 4 4 0 0 1 4 2 4 3 2 1 4 4 3 0 4 4 2 4 2 0 3 2
   2 1 3 3 4 3 1 0 0 2 4 3 0 0 4 3]
  [0 1 2 3 2 1 2 0 0 3 2 4 1 0 3 2 1 2 3 3 3 4 3 4 2 1 1 3 3 4 4 1 2 1 1
   2 1 4 3 3 4 2 3 1 4 2 3 4 2 3 3 2 3 0 2 1 4 0 3 1 2 2 3 0 2 4 1 3 3 4
   1 0 3 0 2 0 0 3 2 3 2 3 2 3 1 1 0 0 4 1 4 1 3 4 1 3 2 1 0 3 1 3 2 1 0
   1 0 1 1 1 3 4 1 4 0 4 2 4 4 0 2]
  [0 4 4 0 1 0 1 0 1 0 2 3 2 2 3 3 1 4 0 0 0 4 3 3 4 0 0 1 4 0 1 1 1 3 0
   1 0 1 1 0 0 1 0 4 2 1 2 2 3 1 0 4 1 4 0 0 4 3 1 4 4 0 2 1 2 0 3 3 3 1
   2 0 2 2 3 2 3 4 3 4 4 3 1 3 1 2 4 0 4 2 0 0 4 2 0 1 3 2 1 4 2 0 3 2 1
   3 4 1 3 2 3 3 4 0 3 4 3 1 0 1 0]
  [0 1 3 4 4 4 1 3 0 3 3 3 2 4 2 4 1 4 3 1 1 4 2 2 3 2 4 1 1 4 1 3 1 1 2
   3 4 2 4 1 2 2 0 1 1 2 1 1 1 3 4 1 1 3 3 1 4 4 4 2 4 0 0 1 2 4 2 2 0 3
   0 4 2 4 1 2 3 4 3 0 2 2 3 3 2 1 2 2 0 0 4 4 1 2 1 2 0 1 0 3 3 2 4 2 2
   1 0 1 2 3 4 1 3 2 3 3 2 0 3 3 3]
  [0 1 0 2 4 2 4 3 1 2 4 3 3 1 4 0 4 3 2 2 3 3 2 3 2 1 0 0 1 2 2 4 2 4 0
   1 1 2 2 4 3 2 4 2 0 4 3 3 3 1 0 0 0 1 1 1 3 4 1 4 2 1 1 1 2 3 2 3 4 3
   0 0 3 0 4 2 1 3 0 4 0 2 4 1 0 4 3 2 0 0 0 2 4 3 1 2 2 1 1 0 2 2 0 1 0
   3 1 4 4 0 2 1 0 3 4 0 0 2 1 4 2]
  [0 3 2 3 2 1 4 2 1 3 3 0 1 2 3 2 4 0 3 4 4 2 0 1 3 0 3 3 4 1 1 2 1 1 4
   0 0 1 1 0 1 4 4 0 4 3 0 0 1 2 2 1 0 3 1 1 4 0 4 1 4 4 2 2 4 1 0 3 3 4
   2 2 1 4 3 1 2 1 2 2 2 0 4 2 3 3 0 2 0 4 0 3 4 4 4 2 0 0 3 2 1 1 4 4 3
   1 0 0 2 3 0 0 0 4 2 2 4 4 0 0 0]
  [0 2 1 2 3 0 0 4 1 1 2 4 3 2 0 2 3 1 3 1 2 2 4 2 3 0 3 1 1 2 1 4 4 4 4
   0 2 4 4 3 4 0 3 0 3 0 1 1 3 2 0 3 2 1 0 4 1 4 1 3 1 1 0 3 3 2 3 2 4 1
   1 1 1 3 3 2 1 4 1 3 3 4 3 0 4 3 4 2 1 1 0 0 0 0 2 1 0 2 1 2 1 1 1 1 2
   0 1 4 2 4 3 4 0 1 2 3 0 2 0 1 0]
  [0 2 4 0 4 3 2 0 1 3 3 1 3 2 3 0 2 2 0 0 1 3 3 3 1 3 4 3 3 3 0 1 0 1 1
   2 2 0 0 1 1 1 0 4 4 3 1 4 2 2 1 2 0 3 1 4 0 1 0 1 1 2 0 1 4 2 1 3 2 4
   2 4 1 0 3 4 4 2 3 4 1 3 0 1 3 4 0 1 0 2 0 1 0 4 2 1 1 0 1 3 2 2 4 3 0
   2 3 2 1 2 4 3 4 2 4 4 4 4 1 0 0]
  [0 1 1 3 3 0 2 2 0 3 3 3 4 3 1 1 1 2 3 0 1 1 1 0 1 1 2 2 4 1 2 1 2 4 2
   0 4 1 2 0 2 2 4 2 4 3 3 0 3 2 0 2 3 1 4 1 0 0 4 1 0 4 0 3 2 1 0 4 4 1
   3 0 0 2 3 3 2 2 4 3 0 1 3 2 0 3 2 4 1 3 2 3 3 0 0 3 1 0 3 4 1 2 1 4 1
   2 1 0 1 2 1 0 3 4 3 2 4 3 4 4 0]
  [0 0 3 0 0 1 0 3 1 1 4 4 4 4 4 2 3 0 1 0 0 0 0 2 0 0 0 0 2 2 3 0 4 1 0
   4 0 0 0 0 4 1 1 4 1 3 4 2 1 1 3 1 0 3 1 1 2 1 3 2 0 0 2 0 2 0 0 2 0 3
   0 2 1 3 2 0 4 3 1 0 0 2 4 1 2 0 2 4 0 3 2 4 4 0 0 0 4 0 1 2 0 3 1 4 1
   3 4 0 3 0 1 0 0 2 2 2 0 1 0 1 4]
  [0 0 3 4 1 0 2 1 4 3 4 4 1 3 3 4 0 2 2 0 3 2 4 2 0 0 2 1 3 0 3 0 4 1 0
   1 0 1 1 2 1 0 2 0 3 3 0 0 0 1 4 0 0 4 1 1 4 3 3 4 1 0 2 0 3 0 4 1 4 1
   3 1 4 2 0 3 3 0 3 1 1 4 0 4 2 3 3 3 3 1 1 2 3 2 4 0 4 0 2 0 1 2 3 1 1
   2 4 0 1 2 2 1 3 1 3 2 3 4 4 4 2]
  [0 4 3 2 3 3 0 4 1 1 1 1 0 0 0 2 0 3 1 0 4 4 3 3 1 3 2 2 3 0 4 1 3 0 3
   2 4 1 3 1 3 0 2 2 4 4 2 2 3 0 0 2 1 4 3 3 4 1 2 4 0 3 0 3 2 1 3 0 1 3
   1 3 0 2 0 2 3 3 1 2 0 3 0 0 2 1 2 0 2 1 0 4 2 3 0 3 0 3 1 0 0 2 2 1 3
   3 4 3 4 4 1 2 4 2 1 3 4 1 1 0 3]
  [0 1 1 4 1 3 4 4 4 2 1 2 2 4 2 2 2 3 1 3 2 3 0 1 3 0 4 2 2 2 2 1 1 2 2
   4 3 2 1 3 3 3 3 3 3 4 2 3 2 3 1 3 1 0 3 3 0 3 2 1 3 4 3 3 4 4 0 0 3 4
   2 3 2 4 2 2 2 4 3 4 4 0 1 0 3 1 3 2 3 3 2 0 1 1 2 4 4 0 0 2 0 3 4 4 1
   3 1 2 4 0 2 1 1 2 0 2 4 0 2 4 1]
  [0 1 4 4 2 0 4 1 4 4 2 0 2 3 4 3 4 3 1 3 4 4 0 1 0 3 1 2 0 4 3 1 0 3 1
   1 1 1 1 4 2 2 1 0 1 0 4 1 0 2 3 3 2 4 3 0 1 3 1 4 0 1 0 1 4 0 3 2 3 4
   0 2 1 3 0 4 0 4 3 4 4 4 3 0 0 4 2 2 4 1 0 0 3 2 4 4 2 4 0 1 4 2 4 3 3
   1 1 2 1 2 4 4 0 3 4 3 2 2 3 3 0]
  [0 1 0 0 0 3 4 0 3 2 4 2 4 4 1 3 2 0 4 1 0 4 1 0 0 2 4 2 3 4 3 1 0 2 1
   2 2 4 3 4 0 4 2 3 1 3 0 1 1 3 3 0 1 4 2 4 1 1 1 0 2 3 2 3 0 1 0 4 1 0
   4 4 3 3 4 4 1 2 1 4 2 1 3 1 0 2 3 3 0 2 3 3 2 4 1 0 4 4 0 0 1 0 4 3 4
   0 2 1 1 1 1 4 2 3 0 3 3 3 0 1 0]
  [0 3 0 4 4 3 2 0 2 1 2 4 1 4 3 4 0 0 4 1 4 4 4 4 3 4 3 3 1 3 3 3 2 2 2
   0 1 2 1 4 2 2 4 2 0 1 4 4 1 2 2 4 2 0 4 2 4 4 3 1 3 0 4 4 2 0 3 4 4 0
   2 0 2 0 1 4 0 2 0 0 3 1 4 0 0 3 0 4 0 0 2 4 3 3 2 4 1 4 3 3 0 1 4 2 4
   0 1 3 4 3 3 0 3 0 3 1 1 3 3 3 1]
  [0 4 1 4 1 0 0 2 1 2 2 4 4 3 3 1 0 0 0 3 4 2 4 0 2 2 1 3 2 0 2 4 1 1 4
   2 1 3 0 4 4 2 3 1 1 3 1 0 0 1 4 2 4 1 0 4 1 4 0 0 3 3 0 2 3 4 1 4 2 1
   0 1 0 4 1 2 1 4 1 4 4 0 3 1 2 2 0 3 1 2 3 3 3 0 3 1 4 3 2 2 4 0 2 0 4
   1 4 3 4 2 3 4 0 3 1 3 1 4 3 0 4]
  [0 4 4 2 0 4 3 0 4 3 0 0 1 2 1 0 1 4 1 3 3 0 4 2 4 0 0 3 3 3 0 4 1 2 0
   2 4 0 1 1 0 1 0 3 4 4 1 1 4 0 1 2 1 1 0 3 3 2 2 2 3 3 3 2 0 4 1 1 0 4
   0 2 3 0 3 0 1 4 1 0 3 0 2 1 1 3 1 1 1 0 2 4 1 3 2 0 0 2 2 3 3 2 0 0 3
   4 3 4 1 4 4 1 0 3 1 2 3 1 2 1 3]
  [0 3 0 3 2 4 1 0 4 0 0 3 1 0 3 0 2 4 4 3 1 1 4 0 4 3 3 0 4 0 1 1 4 3 0
   2 3 1 1 4 2 1 1 4 2 2 2 2 4 4 0 4 4 4 4 4 4 4 0 2 3 2 1 1 0 0 0 1 0 4
   2 1 1 3 0 4 2 4 4 1 4 3 1 1 0 0 0 1 1 0 2 1 1 2 3 1 0 0 1 4 1 1 1 0 0
   2 2 3 4 2 4 0 1 2 1 4 2 4 3 3 0]
  [0 4 3 1 1 0 1 2 1 4 0 1 1 0 1 3 0 2 0 3 4 3 1 1 1 0 2 0 2 2 0 2 3 3 1
   4 1 2 1 4 4 2 4 2 3 0 3 4 2 2 0 4 2 0 0 1 0 2 3 4 4 3 4 3 3 4 3 0 0 0
   2 2 1 2 1 2 3 4 4 3 4 3 1 4 2 3 3 4 1 0 4 1 0 4 3 0 2 3 0 2 2 4 0 1 0
   2 3 1 3 2 1 0 2 0 0 2 0 3 1 0 1]
  [0 2 4 0 2 3 2 2 2 0 2 1 3 3 4 4 0 3 2 4 4 1 2 1 0 0 2 4 2 4 3 4 4 3 3
   3 4 0 0 2 2 1 3 0 4 2 2 0 3 4 4 3 4 0 0 4 2 4 3 1 3 2 0 4 4 2 1 3 3 3
   3 0 2 4 4 4 1 2 0 3 2 4 4 1 3 1 3 4 2 4 3 3 0 3 2 1 1 0 4 4 4 0 0 3 0
   0 3 0 1 3 4 2 1 1 0 0 3 4 3 0 0]
  [0 3 0 1 3 3 1 2 4 1 3 2 1 3 0 2 1 3 3 3 0 2 3 2 2 1 3 4 3 1 0 1 4 0 4
   2 0 2 0 0 0 1 1 3 1 4 4 0 3 2 2 3 2 2 0 2 2 1 2 1 4 1 2 0 4 0 1 4 0 1
   0 2 2 0 0 2 4 4 0 3 1 1 0 1 0 1 2 3 0 4 2 3 3 2 1 4 3 0 1 0 4 1 2 0 1
   0 0 1 4 4 0 3 4 0 2 2 0 1 3 4 2]
  [0 4 3 2 3 4 0 4 3 4 3 2 0 1 0 2 0 0 2 2 3 1 0 4 0 2 4 2 2 2 1 4 3 2 1
   3 0 0 2 4 2 2 4 0 4 0 4 3 0 0 0 3 3 3 0 3 2 2 1 1 3 1 2 1 3 3 3 3 3 2
   0 0 2 3 4 0 3 2 4 2 1 0 2 2 2 4 3 0 4 1 4 0 3 3 0 1 3 1 1 4 4 1 1 3 1
   4 0 0 3 2 3 4 0 4 2 1 4 4 0 3 3]
  [0 4 1 3 2 0 4 3 2 0 3 2 2 1 2 2 1 1 2 1 2 3 3 3 1 4 1 2 2 2 4 4 3 1 1
   0 3 3 0 2 0 1 4 2 4 4 3 4 4 0 4 1 2 0 4 1 0 3 1 4 3 3 1 2 3 3 4 2 0 0
   3 4 3 2 2 4 4 0 3 1 1 4 2 4 3 0 2 2 1 3 2 4 2 2 0 1 4 3 4 0 1 3 3 4 1
   0 4 2 0 4 3 0 2 2 0 2 0 3 4 1 3]
  [0 4 0 0 0 3 0 2 2 3 0 0 1 2 0 2 1 4 0 2 4 0 1 1 3 4 3 2 2 3 4 0 4 2 4
   1 0 2 3 3 3 4 4 3 1 1 0 3 2 3 3 4 1 0 2 0 1 0 4 1 4 2 2 3 4 0 1 3 3 2
   0 1 0 0 3 2 1 2 0 3 1 3 3 4 3 4 3 1 0 4 2 2 4 4 3 0 2 1 4 4 1 2 4 2 0
   1 1 4 4 0 0 3 3 0 0 1 1 4 3 3 2]
  [0 3 3 2 0 4 3 1 0 1 1 0 3 3 3 2 3 3 3 3 4 2 3 2 0 1 0 1 0 0 0 0 2 1 4
   3 1 3 2 0 2 3 4 4 2 3 2 2 1 0 3 2 3 3 4 4 0 3 3 2 1 3 4 4 4 3 1 0 0 4
   4 0 3 3 2 3 2 1 3 3 3 2 3 4 3 3 0 0 0 0 0 1 0 2 1 4 0 3 2 2 3 1 3 3 1
   0 2 3 1 2 0 3 0 3 3 1 4 0 2 2 0]
  [0 0 0 1 0 0 1 4 2 3 0 1 3 3 1 1 2 1 1 2 1 0 3 4 2 0 3 2 4 0 1 1 1 2 2
   4 3 4 3 3 2 2 2 2 0 1 2 3 0 4 3 1 1 3 4 4 1 1 4 4 4 0 2 3 4 4 3 1 4 1
   1 4 2 2 4 2 3 3 1 3 1 1 1 0 4 0 4 2 2 0 1 3 1 1 3 1 4 1 0 3 4 1 4 1 4
   1 2 0 4 3 2 0 3 0 0 2 1 0 2 0 4]
  [0 4 1 4 1 4 3 3 4 1 2 3 3 0 4 4 0 2 0 0 1 3 1 0 1 1 1 3 4 0 3 3 2 0 1
   0 3 3 4 1 0 4 0 4 1 2 3 0 0 4 1 0 1 1 3 0 0 1 2 3 4 1 0 0 0 0 2 3 1 4
   4 0 0 4 3 0 2 1 0 1 4 3 4 1 2 2 3 0 1 1 0 0 4 1 0 2 4 0 1 3 3 3 0 4 1
   2 1 4 3 3 2 2 0 1 2 4 3 1 0 2 2]
  [0 2 1 1 2 1 0 4 1 0 1 1 1 2 3 3 2 0 1 1 2 1 0 3 2 1 4 1 1 3 3 2 1 0 4
   3 3 4 4 0 3 3 1 4 0 3 1 2 0 0 0 3 4 3 3 0 3 4 0 1 3 1 1 0 3 3 4 0 4 1
   0 1 0 3 3 0 2 3 4 0 3 3 2 2 3 2 0 0 3 2 2 1 0 1 0 3 0 4 1 0 2 4 0 4 1
   4 3 4 0 1 3 2 0 0 4 2 0 3 4 3 2]
  [0 4 2 1 1 1 3 2 3 2 0 2 4 0 3 4 1 1 4 2 1 3 0 1 0 2 2 4 1 4 4 2 3 3 1
   4 4 2 2 3 1 1 4 4 4 4 0 0 3 1 3 3 4 4 4 4 2 3 0 2 0 3 1 3 2 3 0 1 2 3
   2 2 1 3 0 1 0 0 2 2 4 2 4 1 1 3 2 4 2 0 0 2 0 1 1 4 1 0 1 2 2 1 0 3 0
   0 2 3 3 0 1 0 3 0 0 2 0 0 3 3 2]
  [0 3 1 1 4 1 0 4 1 3 4 1 2 4 0 0 0 1 0 2 3 2 0 4 3 1 3 4 0 1 4 0 0 2 3
   1 3 2 1 0 0 3 4 4 2 4 0 3 4 1 4 3 3 3 1 4 2 1 1 4 0 2 3 3 1 1 0 2 3 1
   1 4 0 1 2 4 2 4 4 3 3 1 3 3 1 0 4 2 4 2 3 3 1 3 2 1 2 4 1 4 4 4 3 2 3
   0 0 0 4 2 1 4 2 0 0 0 2 3 0 2 2]
  [0 3 0 3 3 2 2 0 1 0 2 1 0 1 4 1 2 2 2 3 2 0 1 4 4 3 4 1 3 4 3 1 4 2 1
   2 1 4 4 1 1 3 4 1 3 0 1 4 2 3 3 1 3 2 2 0 4 0 3 1 3 3 1 2 1 4 1 0 0 4
   0 3 0 2 0 0 2 4 4 4 2 1 0 4 3 1 1 3 0 2 3 0 2 2 3 4 1 0 1 1 4 3 2 3 1
   0 3 0 3 2 3 3 4 1 4 1 0 1 4 0 4]
  [0 4 4 0 1 3 1 3 1 3 3 3 0 2 3 4 3 1 1 2 4 1 1 0 3 4 4 1 4 0 1 0 3 3 1
   3 2 3 3 3 3 0 1 0 0 4 3 2 2 2 2 4 0 1 1 3 0 2 1 1 3 3 1 4 0 1 0 4 4 3
   3 1 2 4 2 2 2 4 1 3 2 3 0 0 0 1 3 4 1 2 2 0 4 4 0 2 2 2 2 1 4 1 2 4 1
   1 4 0 1 4 0 2 4 4 2 4 4 0 2 0 3]
  [0 1 2 4 2 0 0 2 4 2 3 2 2 0 2 3 0 0 1 3 0 2 2 0 3 3 3 4 4 0 1 0 2 4 0
   4 4 1 0 4 3 2 2 3 2 3 2 0 1 3 0 3 0 4 2 0 3 1 0 4 4 0 1 0 1 2 2 4 2 0
   3 2 3 3 3 0 0 1 3 3 2 2 1 0 0 1 2 2 4 0 1 4 1 0 4 3 4 0 0 0 1 1 4 1 2
   4 4 1 3 3 3 1 1 1 4 1 1 0 0 4 3]
  [0 0 0 4 4 2 3 3 1 2 2 1 3 4 4 4 2 3 1 2 2 0 2 2 3 1 0 4 2 2 0 4 0 2 0
   0 0 4 0 0 0 3 4 1 2 4 4 1 3 0 2 4 4 2 0 4 4 2 1 0 4 0 0 3 2 2 2 0 4 0
   4 0 3 3 2 3 4 1 3 3 0 3 4 3 4 1 0 1 4 2 1 4 0 2 3 1 1 3 0 1 4 3 2 0 2
   3 0 1 3 2 3 2 4 0 3 1 0 2 4 0 0]
  [0 2 2 4 0 0 3 0 2 3 0 0 3 3 3 2 3 0 1 1 3 1 0 3 0 4 0 2 1 4 4 4 2 0 3
   4 0 4 4 4 3 1 2 3 3 2 1 4 1 4 3 2 1 2 0 0 3 4 4 4 2 0 2 1 0 1 1 1 3 0
   1 3 0 0 3 1 3 1 0 1 3 3 0 0 3 0 2 1 2 4 2 4 3 3 4 4 3 1 1 4 1 2 2 4 4
   4 1 4 4 3 1 1 1 0 0 2 0 1 2 0 0]]

 [[0 4 4 0 4 0 3 3 4 1 4 0 1 3 1 0 3 3 4 4 0 4 1 0 2 0 2 3 3 2 4 0 3 4 4
   1 3 3 0 0 3 2 0 1 0 2 3 1 0 1 0 0 3 3 2 3 0 0 2 4 0 0 0 1 0 1 1 1 1 3
   2 0 3 2 2 3 1 0 3 1 3 1 4 1 1 0 3 1 0 0 3 0 0 4 0 1 3 2 1 4 0 2 2 2 2
   3 4 0 1 4 1 2 1 0 4 4 3 2 0 3 0]
  [0 0 4 0 3 1 0 4 4 0 3 1 4 4 4 3 3 0 1 1 0 2 3 3 0 3 0 4 0 3 1 2 4 4 1
   3 1 3 3 0 1 2 4 4 1 3 4 3 1 4 0 3 3 0 0 1 0 1 4 0 2 0 4 4 0 2 1 2 1 1
   4 0 3 2 3 1 3 2 1 0 3 3 2 0 2 1 3 4 1 4 2 1 0 2 2 2 2 4 4 1 0 0 2 4 2
   0 1 0 3 3 0 4 3 0 4 3 1 2 3 2 2]
  [0 2 0 3 3 1 1 3 2 0 3 2 1 2 2 2 1 3 4 2 4 4 2 1 0 2 0 1 2 4 3 1 3 2 4
   4 0 3 4 3 0 3 0 1 3 0 2 3 4 1 4 3 4 3 4 0 2 2 4 2 2 3 1 2 4 0 3 3 3 4
   2 3 3 2 1 0 2 1 4 1 3 2 0 2 3 0 2 3 3 4 1 2 0 3 2 4 1 0 3 0 2 4 1 2 0
   0 2 0 0 4 4 0 0 1 3 4 4 4 2 4 3]
  [0 1 4 0 2 4 4 1 1 0 4 1 3 0 4 0 2 4 0 4 4 2 3 1 1 4 4 0 0 4 0 3 3 3 1
   2 0 0 0 2 1 2 0 3 3 0 3 4 4 1 4 0 4 0 1 0 4 2 2 1 4 1 2 2 0 1 2 1 1 0
   0 1 1 1 3 1 0 0 4 3 3 1 2 3 2 1 1 3 2 3 1 1 4 2 3 4 4 0 0 1 4 4 4 4 0
   2 1 3 4 4 1 0 4 4 3 3 3 4 3 0 1]
  [0 1 2 3 0 0 1 3 4 4 4 1 4 2 4 4 3 0 2 0 1 1 1 2 1 4 2 0 1 3 0 4 2 3 2
   0 4 1 2 0 4 1 1 3 0 4 4 4 3 2 2 2 2 0 3 1 4 1 0 1 1 2 2 0 2 1 3 0 0 3
   4 1 1 3 1 4 1 0 0 1 3 1 0 4 0 1 3 1 3 4 2 0 2 0 3 4 4 4 2 1 2 0 1 4 3
   3 1 3 0 4 0 4 0 1 3 3 4 0 4 2 3]
  [0 0 1 4 1 0 1 4 1 4 0 1 1 2 3 4 0 4 2 1 3 2 1 0 3 1 2 1 4 0 3 1 2 3 0
   4 0 0 2 2 2 2 3 4 2 1 4 2 3 2 0 0 1 4 4 0 1 4 3 2 3 2 3 3 1 3 0 3 0 4
   3 4 3 2 0 2 0 4 4 2 3 4 1 1 1 3 2 2 3 4 3 2 1 4 4 4 4 0 4 2 2 4 4 2 1
   2 2 4 4 4 1 3 4 4 0 4 0 4 0 3 1]
  [0 0 0 3 2 3 0 4 4 1 1 2 4 3 0 1 1 2 2 1 4 4 4 0 1 4 4 0 0 3 2 0 2 0 4
   3 4 1 0 1 2 2 2 1 0 2 2 3 2 3 3 2 4 2 3 1 1 0 0 3 0 4 2 0 3 1 2 4 3 4
   4 2 0 3 0 3 0 2 4 1 3 2 4 2 3 3 3 2 0 0 4 0 2 0 1 3 2 4 0 1 0 3 3 3 1
   0 1 0 0 1 0 3 1 2 2 0 4 1 3 4 4]
  [0 1 4 2 3 0 4 0 2 2 4 4 3 1 4 3 4 1 3 2 2 3 1 3 0 4 3 3 3 1 0 3 2 3 0
   1 3 4 4 1 3 0 4 4 2 3 3 2 2 4 1 3 4 0 2 0 2 2 3 3 3 3 1 3 2 3 1 2 1 1
   0 1 2 4 1 1 4 1 2 0 0 1 4 4 4 2 4 1 3 1 0 3 4 1 2 0 0 0 0 1 3 1 3 1 1
   2 0 1 0 4 3 2 0 0 2 2 4 1 0 0 0]
  [0 3 2 1 4 0 4 3 0 1 4 4 0 4 1 3 1 3 3 4 1 1 2 1 0 0 3 1 0 0 1 1 1 1 0
   3 0 2 2 4 3 3 4 2 0 2 0 1 4 4 1 3 2 3 2 3 2 3 1 0 2 4 3 3 2 0 3 2 2 1
   2 0 1 3 0 4 4 2 4 3 1 1 4 1 4 4 3 0 3 4 3 3 2 2 3 1 4 0 4 1 0 2 3 2 4
   0 0 1 4 4 2 4 4 3 0 3 4 4 0 3 2]
  [0 3 4 0 2 1 3 0 4 0 1 2 1 0 0 2 3 0 3 4 2 2 1 4 4 3 4 3 3 4 3 1 2 1 1
   3 2 4 1 2 2 1 3 4 1 0 3 3 3 3 3 1 2 4 0 3 0 0 0 4 2 1 3 1 2 3 3 4 3 3
   4 4 2 0 1 2 4 2 1 0 1 1 0 0 4 4 4 0 1 2 0 0 1 4 0 4 1 1 3 3 1 4 4 1 2
   2 0 4 2 2 3 2 4 3 2 0 0 0 4 2 3]
  [0 2 3 1 3 2 2 3 4 2 0 0 2 4 1 1 3 3 2 0 4 1 0 3 4 3 0 1 3 4 0 4 3 4 4
   4 2 3 1 1 3 3 1 0 1 3 0 1 1 3 4 1 3 3 3 4 2 2 4 2 0 4 2 0 0 1 0 1 2 1
   4 0 0 2 4 2 3 0 4 4 1 0 4 0 1 2 3 0 3 3 3 4 0 4 0 3 4 1 1 0 2 1 2 3 4
   2 0 4 2 3 2 0 4 0 3 4 4 2 1 4 3]
  [0 1 2 0 2 2 4 0 1 4 1 0 4 0 2 2 4 0 0 2 3 2 0 3 0 0 4 4 4 1 2 1 0 2 1
   0 1 3 2 3 3 1 4 0 2 0 2 3 3 0 3 1 0 3 3 2 2 0 3 2 3 3 4 4 3 1 0 4 2 4
   0 0 3 3 4 0 3 0 1 0 2 2 0 3 2 3 1 3 1 4 1 2 3 0 1 3 3 2 4 3 1 2 3 3 1
   2 4 2 2 1 4 4 4 1 1 0 4 1 3 4 3]
  [0 2 4 1 3 4 2 2 0 0 3 1 0 2 1 0 4 3 0 1 2 1 1 0 4 0 3 1 4 2 2 3 1 2 2
   3 3 1 2 4 3 1 3 1 1 3 4 1 0 4 3 1 1 3 1 0 2 3 4 4 4 1 4 4 4 0 0 1 3 2
   0 1 4 1 1 0 2 3 3 2 3 4 4 3 4 0 1 3 0 0 0 3 2 4 3 4 0 1 3 1 0 1 1 2 4
   2 1 3 2 2 4 1 2 2 0 4 0 2 1 2 3]
  [0 3 4 0 4 2 3 4 3 1 2 2 2 0 4 4 4 3 4 2 2 3 2 1 3 1 3 2 2 1 2 0 4 1 1
   2 4 1 4 0 1 0 0 0 3 3 3 3 1 2 1 3 4 2 2 0 3 1 4 3 4 1 3 0 0 0 3 4 1 0
   4 2 3 3 2 2 3 2 1 4 4 3 1 0 2 0 4 4 3 2 2 4 1 1 0 0 4 0 0 3 4 0 3 1 3
   1 3 4 1 0 4 0 2 2 1 1 3 4 1 4 1]
  [0 1 3 0 3 3 1 2 4 0 2 4 3 4 0 3 4 0 0 3 0 3 0 4 1 1 2 2 1 4 0 4 1 0 3
   0 1 3 3 4 3 4 4 0 4 2 1 4 2 0 3 1 1 0 3 2 3 4 4 3 2 0 1 1 2 1 0 4 3 3
   0 4 2 4 4 2 1 2 1 1 3 3 3 2 2 3 2 1 3 4 0 3 1 2 2 1 1 1 2 1 4 2 3 0 1
   4 0 4 2 3 1 3 4 0 2 0 1 3 0 1 1]
  [0 3 1 3 1 0 1 4 0 2 4 1 0 0 0 0 2 0 1 2 0 4 4 1 2 4 0 2 1 0 2 2 2 3 2
   2 2 3 1 4 0 0 2 3 1 3 2 3 2 2 2 3 2 0 2 1 4 3 4 2 4 3 1 3 2 1 1 1 3 3
   2 3 2 3 3 1 0 4 2 2 0 3 3 2 0 4 3 1 1 1 0 1 2 1 3 4 1 4 0 3 4 1 2 3 0
   1 3 1 3 4 4 4 1 1 1 2 3 2 2 0 4]
  [0 2 0 3 3 4 4 2 3 1 1 4 3 0 4 2 0 3 4 1 1 3 0 4 1 3 0 1 0 3 1 0 2 3 4
   1 4 2 1 0 1 3 3 3 4 0 3 1 0 0 0 2 2 0 0 1 0 3 1 4 4 2 0 1 3 4 4 2 3 4
   2 0 0 3 1 1 3 0 4 2 3 0 4 4 2 1 4 1 2 2 3 2 1 3 0 2 1 3 1 1 3 4 2 1 0
   0 2 4 1 1 2 3 4 1 4 3 3 4 3 0 3]
  [0 2 3 2 3 2 0 0 1 4 1 3 4 1 1 1 1 0 3 4 0 1 0 0 3 1 3 3 0 0 4 3 3 2 1
   4 1 1 1 3 4 2 2 4 4 0 1 0 4 0 4 1 3 2 1 1 0 4 3 1 2 1 4 0 0 3 2 0 2 0
   0 0 3 3 4 4 2 4 1 4 0 0 1 3 0 2 3 3 0 1 2 3 4 1 2 0 1 2 3 3 0 0 3 0 0
   2 2 3 4 0 2 2 1 4 2 4 0 0 0 3 2]
  [0 3 4 4 2 2 3 0 0 2 0 0 1 0 3 2 3 4 0 2 3 4 2 2 3 4 1 1 3 3 4 1 1 4 4
   1 4 2 0 1 0 0 1 2 0 1 3 0 2 2 3 0 4 0 2 1 1 4 4 4 3 3 2 4 4 1 1 4 0 2
   1 3 3 1 3 3 4 2 0 1 1 4 1 4 4 2 1 4 1 1 3 1 1 0 1 0 3 1 3 1 2 4 3 2 1
   2 2 0 3 0 4 4 3 4 0 1 2 3 2 4 3]
  [0 1 1 2 1 3 0 1 4 3 4 0 2 0 4 2 0 0 4 0 0 0 3 4 1 1 2 4 2 0 3 2 3 4 3
   3 4 3 0 3 1 3 3 4 4 0 1 1 0 2 1 4 1 2 1 1 3 2 3 3 4 1 3 2 2 4 1 3 4 2
   2 4 4 3 4 1 4 2 4 0 1 3 4 2 4 4 0 0 3 2 0 1 3 0 3 1 3 1 2 2 0 3 0 3 0
   2 0 2 4 4 4 3 3 1 4 2 4 4 4 0 1]
  [0 4 3 3 4 4 4 0 0 1 0 2 3 1 1 3 4 3 1 1 0 0 4 3 4 3 0 1 2 3 2 4 0 2 1
   1 0 2 1 4 3 4 3 2 2 1 3 3 2 4 4 4 4 3 3 4 4 1 1 2 0 1 0 1 1 2 2 0 2 3
   1 0 0 2 1 2 0 4 2 0 2 4 4 1 0 3 2 0 1 1 1 1 2 2 4 4 4 1 4 4 3 2 0 3 3
   1 3 0 3 4 4 4 4 0 0 2 2 2 1 1 1]
  [0 4 3 1 1 0 0 2 4 4 3 0 3 3 4 4 2 1 3 2 1 0 3 0 4 0 3 3 2 4 4 0 0 2 4
   2 4 3 2 1 4 1 2 0 1 4 4 0 2 2 0 0 2 1 0 2 1 1 1 2 1 3 0 3 0 1 4 0 3 0
   4 0 2 1 3 1 3 1 4 1 4 4 0 4 0 2 0 0 1 2 4 1 1 2 1 1 3 2 0 1 4 4 3 1 4
   3 2 3 2 4 4 1 0 0 3 0 0 1 2 3 1]
  [0 2 0 0 3 1 0 0 2 0 0 2 0 1 1 1 0 4 3 3 2 4 0 1 3 1 1 2 1 1 4 4 4 4 4
   2 3 2 0 2 4 3 0 0 1 1 3 3 0 1 3 0 2 2 1 0 2 1 3 2 2 2 0 1 1 3 3 0 2 4
   1 1 3 2 1 3 1 0 0 1 2 2 0 2 0 4 0 2 4 1 2 0 1 0 3 1 4 1 0 1 3 3 2 3 4
   4 2 2 3 2 0 1 3 4 0 1 0 0 3 4 3]
  [0 1 0 4 1 1 2 3 3 1 4 1 3 3 4 3 4 2 4 1 0 4 0 0 0 1 0 0 0 0 4 0 4 1 2
   4 2 4 0 0 1 0 0 2 1 1 4 3 3 3 1 3 0 2 3 0 2 3 4 4 4 3 1 1 0 4 2 4 4 2
   2 2 1 0 4 0 2 2 3 0 0 0 2 4 1 2 0 1 0 4 2 3 4 3 1 2 1 2 0 1 4 4 0 4 1
   3 1 1 0 3 3 4 1 1 1 2 4 3 2 4 1]
  [0 2 0 2 0 1 0 0 1 4 1 4 1 3 4 2 0 3 0 3 0 1 3 1 0 0 0 1 2 0 0 4 0 0 1
   0 4 3 0 3 4 1 4 4 4 4 2 0 3 4 4 3 2 0 4 4 1 0 4 4 1 3 0 1 3 1 1 4 4 3
   2 2 4 4 4 4 3 0 0 0 3 1 2 4 1 1 2 0 2 0 4 0 2 4 0 1 3 4 2 0 0 1 2 2 0
   0 3 2 3 2 2 1 0 0 3 2 3 1 0 0 4]
  [0 3 0 3 0 0 4 0 3 0 4 4 2 4 4 1 3 0 0 1 2 0 3 3 2 0 4 0 4 2 1 2 2 0 1
   4 2 3 4 4 1 2 3 1 2 2 3 0 2 2 1 2 2 4 1 1 0 3 1 1 4 2 1 0 3 3 4 0 1 3
   4 2 0 2 2 3 3 0 1 0 0 2 4 4 0 0 4 4 3 1 3 0 3 0 3 2 4 2 3 2 2 1 0 0 0
   4 0 4 1 3 0 2 4 1 1 4 1 3 4 1 0]
  [0 0 0 3 3 2 3 2 3 4 1 4 3 4 1 2 3 3 0 4 4 1 2 2 0 0 0 3 2 3 2 4 4 3 2
   3 4 2 1 0 4 0 0 0 2 3 1 4 3 2 1 4 1 0 2 3 3 3 0 2 3 3 3 3 0 1 1 4 1 1
   4 4 4 3 3 3 2 3 1 4 2 0 0 3 4 2 3 1 4 1 0 4 1 4 0 2 1 4 1 3 3 2 4 4 2
   1 0 3 3 4 3 3 4 3 3 0 4 4 3 2 3]
  [0 3 3 0 1 3 1 0 3 2 4 2 2 3 4 1 2 3 3 4 1 4 4 4 3 4 3 0 4 4 0 2 4 2 1
   2 0 4 1 1 4 4 2 3 2 3 0 4 3 4 1 0 3 0 1 1 3 1 0 4 2 1 3 1 4 3 2 2 1 1
   1 1 2 1 4 0 2 1 0 3 2 3 1 0 3 3 3 3 1 4 1 2 0 2 0 4 4 4 4 1 2 2 0 4 3
   3 2 2 4 4 1 1 0 3 0 3 3 0 4 3 2]
  [0 3 4 4 0 0 3 2 1 2 3 3 0 1 2 1 2 1 2 2 2 1 1 3 3 2 0 2 0 2 3 2 3 2 0
   2 1 2 1 0 3 3 3 1 4 1 2 2 3 1 2 4 2 3 2 4 2 0 1 0 1 3 4 0 1 2 2 2 0 0
   3 3 1 0 3 2 4 3 4 0 3 0 0 4 3 4 3 4 4 0 3 2 0 4 0 3 0 3 2 4 4 4 2 3 3
   2 4 4 1 4 1 2 4 3 2 3 1 2 3 2 2]
  [0 4 0 4 4 1 4 4 4 1 4 1 0 4 1 0 3 0 2 0 3 4 1 4 3 4 3 4 3 0 1 0 1 4 4
   0 3 0 0 0 4 2 1 1 1 4 1 4 2 4 2 2 0 3 4 4 0 3 2 4 1 2 3 1 3 2 2 2 3 0
   3 0 4 0 0 0 4 1 3 0 0 3 1 4 1 1 2 3 2 4 3 4 4 2 2 3 0 2 0 4 1 3 4 1 0
   2 4 2 1 1 0 3 2 1 3 3 4 2 3 4 0]
  [0 4 2 3 0 4 0 3 3 4 1 3 2 2 3 3 3 3 2 3 3 3 0 0 0 2 0 4 2 2 0 1 1 2 1
   0 3 0 4 0 4 0 2 1 3 1 1 2 4 3 1 1 4 1 0 0 1 0 2 1 4 0 4 1 1 4 2 3 2 3
   2 2 1 1 1 2 2 2 2 2 0 4 2 4 4 3 0 1 3 0 0 0 3 2 0 3 0 4 0 4 0 1 0 4 0
   3 4 1 3 4 2 1 1 2 3 4 1 0 0 1 0]
  [0 1 3 3 3 2 0 0 0 4 4 3 1 4 2 2 0 4 3 0 3 2 1 0 0 4 2 3 2 2 1 0 2 2 2
   3 2 2 0 2 3 1 4 2 3 2 4 3 3 2 3 3 1 1 1 2 3 0 3 0 3 2 2 2 1 2 2 1 1 1
   0 0 3 1 2 2 3 4 0 1 3 0 2 3 3 0 1 2 0 0 3 0 0 2 3 1 4 1 1 4 2 1 3 0 1
   4 2 2 4 2 0 3 4 2 0 0 2 3 0 1 0]
  [0 2 3 1 1 0 0 1 0 4 1 2 4 0 1 4 2 3 1 3 4 0 4 3 0 3 3 1 3 0 4 1 0 0 0
   2 4 4 0 4 3 2 4 2 3 1 2 1 2 4 0 4 2 0 3 3 1 0 4 0 4 0 3 2 2 1 2 0 2 2
   2 4 3 0 1 0 4 3 3 3 3 2 4 0 3 2 0 4 3 0 1 0 3 0 2 0 3 3 3 4 1 3 1 2 4
   0 1 2 1 2 3 1 1 3 1 0 1 4 4 3 3]
  [0 1 1 0 3 0 2 1 0 2 3 1 1 2 2 0 0 4 2 0 2 3 3 4 4 1 0 3 4 2 0 2 0 0 3
   0 1 4 2 0 2 3 2 0 2 4 0 2 4 0 2 1 1 1 4 3 2 2 2 3 0 0 0 4 4 1 1 3 1 0
   3 1 0 3 1 3 3 0 0 1 4 4 2 0 4 4 1 4 1 4 4 4 1 0 4 1 3 2 0 3 4 2 3 1 1
   4 4 0 2 1 0 3 1 3 3 3 0 3 4 0 0]
  [0 2 2 1 2 0 2 0 4 0 3 0 4 2 4 3 4 1 3 3 0 0 1 2 1 0 1 0 3 3 1 4 0 2 0
   3 1 1 3 0 3 3 0 3 3 3 1 0 1 4 0 0 4 3 2 1 0 2 3 2 2 2 3 1 1 0 3 3 4 3
   3 3 2 4 0 4 4 2 3 2 2 2 4 4 0 4 0 1 2 0 1 4 4 1 4 1 3 1 3 2 4 4 3 0 2
   1 1 4 3 4 2 0 0 2 0 2 2 3 0 3 3]
  [0 3 1 1 1 4 4 2 3 4 0 4 3 4 3 4 4 4 0 1 4 0 3 2 2 3 4 1 4 3 3 0 4 2 0
   0 1 0 0 0 1 2 3 3 1 3 4 2 0 2 0 3 2 0 0 3 3 2 2 3 3 2 4 2 3 4 0 1 3 2
   4 0 3 3 1 4 2 1 4 2 1 4 2 4 3 0 3 4 4 1 1 3 4 1 1 4 4 1 1 1 1 4 3 2 2
   0 3 0 1 2 4 1 2 4 0 2 4 1 3 4 1]
  [0 4 4 4 2 2 3 4 2 0 1 1 3 2 1 4 0 4 4 3 2 4 0 0 2 2 0 3 0 3 3 2 1 0 0
   1 0 1 1 2 3 0 1 4 4 3 4 2 2 1 2 1 0 4 1 4 2 4 4 3 2 3 0 1 0 0 0 1 0 2
   4 4 1 4 0 2 4 1 1 2 2 4 2 0 0 4 3 2 0 3 2 2 2 3 1 0 4 4 4 3 2 4 3 1 4
   1 1 4 3 2 2 3 1 3 3 2 4 3 4 1 0]
  [0 4 2 1 4 1 3 1 1 2 0 0 1 0 2 1 4 4 4 0 3 3 1 1 2 1 4 3 1 1 2 2 4 1 1
   0 4 0 3 0 2 1 2 2 0 4 4 1 4 1 0 1 4 4 1 3 4 0 3 3 0 4 3 0 4 4 3 3 2 0
   3 0 4 4 4 3 1 4 0 4 3 2 3 3 0 4 4 1 0 3 3 2 0 4 3 2 4 0 4 0 1 1 4 1 4
   3 4 2 4 3 2 3 1 3 1 0 1 1 4 0 4]
  [0 2 3 3 4 4 1 2 0 4 3 0 1 3 2 2 2 0 4 3 3 3 3 0 1 4 2 1 4 2 2 2 4 2 0
   1 1 3 0 0 3 3 0 3 4 1 3 3 4 4 0 3 3 0 0 1 3 2 0 0 0 4 3 3 3 2 0 4 1 4
   3 3 0 3 1 2 0 0 3 3 1 1 1 2 3 4 4 3 1 1 3 4 0 3 3 1 4 1 1 4 2 1 2 4 4
   4 4 4 4 3 4 0 4 4 3 2 4 1 1 4 4]
  [0 0 4 1 2 1 4 1 2 2 3 2 1 0 4 2 2 0 2 0 2 1 4 0 3 4 2 1 4 1 3 3 3 3 1
   1 2 1 2 0 2 2 4 1 1 2 1 4 3 4 1 3 1 4 2 1 2 0 2 4 2 0 1 2 0 0 0 4 1 0
   1 2 2 1 1 0 0 1 3 4 0 1 1 0 3 2 2 1 1 2 3 2 3 3 1 1 4 2 2 1 2 1 0 2 0
   3 0 0 2 3 3 4 2 2 3 4 4 3 3 3 3]
  [0 1 0 3 1 4 2 3 2 3 3 3 2 2 1 4 0 2 4 3 2 4 2 3 2 0 3 3 4 0 3 1 2 2 3
   4 4 1 4 4 0 2 4 3 0 4 4 1 2 3 4 4 2 4 3 1 4 2 1 3 2 3 1 0 2 3 4 3 1 2
   4 0 2 2 2 4 1 2 3 4 0 1 3 4 0 3 0 2 3 4 0 4 2 2 2 3 1 0 0 1 3 2 2 0 2
   3 3 3 4 4 1 1 3 4 4 1 1 2 4 4 0]
  [0 0 0 4 0 1 3 1 3 0 1 2 4 3 1 3 1 1 2 4 1 0 3 3 3 0 2 4 2 3 4 0 3 3 2
   2 2 1 1 2 4 0 1 3 3 2 0 1 4 3 3 2 4 3 0 2 2 2 2 0 4 0 2 1 1 4 3 4 1 1
   4 0 3 0 0 1 0 3 1 0 4 1 0 0 1 2 4 0 2 4 4 1 1 4 3 1 4 3 1 4 0 4 1 3 3
   3 1 1 0 4 3 4 1 1 2 0 0 1 3 0 2]
  [0 2 3 3 0 1 2 2 4 1 0 3 4 3 3 0 2 4 3 4 2 1 0 1 2 0 3 3 1 0 4 1 4 2 0
   0 1 2 0 2 0 4 0 2 0 2 2 2 4 0 1 4 2 1 4 0 3 3 3 1 3 3 3 1 4 0 3 3 4 4
   3 2 0 2 3 0 4 3 2 1 4 1 2 0 0 4 1 1 2 1 0 3 3 0 1 0 1 2 0 1 2 0 4 2 0
   2 0 0 2 3 4 3 3 3 0 3 2 4 2 4 2]
  [0 0 0 4 3 0 1 0 3 2 4 3 4 1 4 3 2 3 0 4 0 1 4 4 2 3 1 0 0 2 1 4 3 0 1
   4 4 3 3 4 0 4 0 0 2 1 4 4 4 3 2 1 3 3 2 1 3 4 1 4 0 4 3 4 4 3 1 3 4 1
   1 2 1 1 1 2 3 1 2 1 4 0 3 3 1 2 4 0 4 3 4 3 4 2 0 3 3 4 1 4 3 0 1 3 1
   2 4 1 0 0 1 4 1 0 0 3 2 0 2 3 1]
  [0 4 4 0 0 0 4 2 4 4 3 0 3 2 4 4 0 3 1 1 3 3 1 3 0 1 0 2 0 1 0 0 2 3 4
   2 1 2 1 3 1 3 3 3 0 1 0 2 0 3 3 0 1 0 1 1 2 3 4 4 4 2 4 2 3 4 0 1 2 2
   0 4 4 2 4 4 0 4 0 3 4 4 4 2 1 3 2 3 3 1 1 1 2 2 0 0 3 3 4 4 3 3 2 0 1
   4 0 3 3 3 4 3 1 0 3 2 2 4 3 1 1]
  [0 1 0 0 1 3 1 3 2 4 1 4 3 3 1 3 2 0 3 2 0 3 0 3 1 1 2 0 3 0 0 3 4 1 0
   3 2 4 3 0 1 4 0 0 1 0 4 0 2 1 4 3 1 0 2 2 0 2 1 2 4 2 2 3 2 0 1 4 0 3
   4 2 2 1 1 1 4 4 0 2 0 0 0 0 2 2 3 1 2 3 3 0 4 4 0 2 0 1 0 0 4 2 3 2 4
   3 3 2 0 1 0 0 0 4 4 2 2 1 4 0 0]
  [0 1 2 3 0 2 2 2 4 0 3 3 3 4 1 0 0 0 2 3 3 1 1 1 0 0 3 2 1 1 4 3 0 0 0
   4 4 4 3 4 4 2 0 3 2 1 0 1 2 4 4 0 4 2 1 2 2 3 3 4 1 3 4 4 2 3 2 2 2 2
   1 3 1 4 3 4 3 3 2 2 1 0 0 2 1 1 3 4 4 1 2 4 0 3 0 2 1 2 0 3 3 0 1 4 2
   2 3 1 3 2 2 4 0 1 4 3 0 0 2 4 4]
  [0 0 4 0 1 4 2 2 3 3 2 1 4 4 4 3 1 0 4 4 4 2 2 2 1 2 2 4 0 0 0 1 0 3 0
   3 2 4 4 1 1 4 2 0 3 3 3 0 4 4 3 0 3 2 0 2 4 0 3 1 1 1 2 2 2 3 4 3 1 0
   2 4 1 2 1 1 4 1 1 0 3 0 3 2 2 3 1 3 3 0 1 2 4 4 1 4 2 1 2 2 0 4 3 2 4
   2 1 2 4 4 3 1 4 1 0 0 2 0 1 1 2]
  [0 1 1 2 1 2 1 2 3 4 4 1 4 2 1 1 0 1 2 2 2 3 0 3 3 0 3 2 4 3 0 4 2 3 3
   1 2 1 0 3 2 2 1 4 4 2 1 2 0 4 4 2 1 1 1 1 0 0 2 2 3 1 1 2 1 3 4 3 2 4
   4 4 2 3 4 0 3 2 3 1 2 1 3 3 3 4 4 1 4 3 4 0 2 4 2 1 1 2 1 2 2 1 1 0 2
   3 3 1 1 4 3 3 3 3 4 4 3 3 3 4 2]
  [0 4 0 2 1 4 3 2 4 4 2 3 3 1 1 4 4 2 2 1 2 3 0 0 0 3 3 1 1 4 2 0 2 2 4
   4 3 1 4 3 0 2 2 3 0 0 1 4 2 0 4 2 3 3 1 2 3 3 3 0 0 4 2 4 2 2 3 4 4 4
   0 1 1 1 4 4 1 4 4 1 2 4 1 2 0 3 0 0 2 0 2 0 1 4 1 3 0 4 1 1 0 4 2 4 4
   4 2 1 3 1 0 0 0 2 3 0 1 1 1 2 4]
  [0 0 3 1 2 2 3 1 1 1 3 3 4 0 0 2 1 0 3 0 2 3 0 0 4 2 0 4 0 0 2 4 2 3 1
   2 4 0 2 4 2 4 3 1 1 4 0 1 3 0 0 0 0 0 0 3 0 2 2 2 1 2 1 0 1 4 1 3 4 4
   2 0 0 1 4 4 1 2 0 4 4 1 1 4 1 3 2 0 3 4 0 2 0 2 2 1 2 0 2 4 2 3 3 3 4
   4 1 0 0 2 1 0 2 2 0 4 2 4 2 4 1]
  [0 3 3 3 4 2 0 0 0 1 0 0 0 2 0 4 0 3 3 0 1 1 2 1 4 3 0 1 4 2 0 1 4 0 0
   2 0 3 4 4 2 3 0 4 3 3 4 3 4 0 1 0 4 1 3 2 2 3 1 1 0 1 0 0 1 0 3 1 2 3
   3 4 2 1 1 4 0 4 4 1 0 1 2 4 0 1 3 3 2 2 4 3 3 0 2 3 0 0 2 3 1 3 1 0 0
   0 0 1 2 4 1 1 1 3 2 1 4 2 1 0 3]
  [0 0 1 3 0 2 1 4 3 0 2 2 4 2 2 0 2 4 0 0 3 1 1 3 2 2 0 2 0 3 2 3 4 3 2
   1 1 4 1 3 1 3 4 2 1 1 3 2 3 2 1 2 0 2 0 3 2 1 3 3 2 0 0 1 0 1 3 2 1 2
   1 2 3 2 0 4 2 3 3 2 0 2 1 0 1 2 2 3 0 3 1 0 1 4 4 3 3 1 0 4 0 3 0 1 3
   4 2 4 2 4 4 1 1 4 0 1 3 4 2 4 4]
  [0 3 0 4 1 0 4 3 3 2 2 3 4 0 0 3 2 3 4 1 4 3 1 1 4 4 3 3 4 4 0 3 1 3 1
   0 4 1 0 3 4 1 1 2 3 1 1 2 0 2 4 4 4 0 0 0 2 4 3 4 3 2 3 1 0 4 2 0 0 4
   3 3 4 3 1 2 0 1 4 3 1 4 1 1 0 0 3 0 3 4 3 0 3 1 3 3 0 1 0 0 1 4 0 2 2
   3 0 4 4 3 2 4 3 2 3 1 2 3 2 3 1]
  [0 1 1 2 1 1 3 2 2 4 2 2 3 3 3 3 3 4 4 0 2 0 2 0 4 3 4 2 3 2 0 0 1 3 4
   0 3 3 3 2 1 0 1 3 4 4 1 3 3 3 0 4 3 1 0 2 1 0 1 4 0 2 4 1 1 0 1 3 2 0
   3 0 2 3 3 1 2 3 2 1 2 4 0 2 0 3 0 4 0 3 1 2 1 1 2 2 0 4 0 4 4 3 1 0 4
   0 1 0 3 4 1 3 3 1 0 3 4 1 0 3 1]
  [0 4 1 4 3 4 0 1 0 2 1 4 1 1 1 0 3 3 2 1 4 0 0 4 3 4 4 1 4 4 4 0 1 4 2
   1 3 2 2 2 2 0 3 2 4 3 3 2 1 2 1 0 4 2 4 0 0 4 4 4 1 1 0 1 1 3 2 1 4 4
   4 0 3 1 4 0 3 1 3 3 4 0 4 0 1 3 2 0 2 2 4 2 1 3 2 2 0 4 1 3 2 3 4 0 3
   1 3 3 0 1 1 2 3 3 4 1 3 1 1 3 1]
  [0 1 3 0 1 1 0 2 0 4 2 3 2 3 0 4 2 0 1 1 1 1 1 0 1 0 1 3 0 4 0 3 1 4 4
   4 1 3 3 3 0 0 4 0 4 4 3 1 0 0 2 1 3 3 3 2 0 1 4 3 1 4 0 2 4 3 3 0 3 2
   2 1 1 2 1 1 2 2 0 2 0 0 0 4 4 1 1 1 1 2 2 1 0 1 1 2 2 0 4 0 1 1 3 2 4
   1 2 1 1 0 2 4 0 0 1 1 2 0 3 1 1]
  [0 4 1 2 2 2 4 1 3 2 1 0 4 2 1 0 4 0 0 0 0 1 1 1 1 1 4 1 4 4 0 2 0 0 1
   3 4 3 3 2 2 0 4 3 3 4 4 3 1 3 2 0 3 2 0 4 4 0 1 0 0 4 2 0 2 2 1 3 0 4
   4 0 0 4 1 1 0 0 0 1 3 0 4 2 4 4 0 1 3 1 4 1 1 3 0 1 3 1 4 0 0 2 2 1 4
   0 2 4 3 3 1 4 4 0 3 2 1 1 2 0 0]
  [0 1 2 2 0 3 0 1 4 2 0 4 0 0 1 2 2 4 0 0 0 4 0 3 4 1 1 3 2 2 3 0 1 2 1
   0 2 1 4 0 3 0 3 0 4 4 0 2 3 4 1 4 0 4 3 1 3 4 0 4 1 2 1 1 0 1 2 1 3 1
   0 4 3 3 3 3 4 0 0 4 3 3 4 1 1 3 1 2 0 0 1 4 2 0 4 3 1 0 2 1 2 4 1 0 0
   3 4 0 2 3 0 4 0 2 1 3 4 1 0 2 1]
  [0 0 1 4 0 3 0 0 1 2 2 2 1 1 2 1 3 2 1 1 1 2 1 2 2 1 2 0 3 2 4 2 3 4 3
   3 0 1 1 0 4 0 0 4 4 3 3 2 0 4 2 1 2 2 2 0 2 0 1 0 2 3 1 3 3 0 3 1 0 2
   3 1 1 1 0 4 2 3 0 4 3 1 4 2 0 3 0 0 1 1 1 4 1 0 0 4 3 3 3 3 4 0 0 2 3
   2 0 4 0 3 2 4 0 1 1 2 1 1 2 4 1]
  [0 0 4 3 4 0 4 0 1 1 0 3 0 3 1 0 1 0 1 4 3 0 0 1 0 2 2 4 2 2 4 2 0 1 4
   2 1 4 4 2 2 0 3 2 4 4 0 4 4 1 2 3 1 3 2 3 0 0 2 2 0 4 1 2 3 1 1 3 3 3
   3 1 4 1 2 1 0 1 2 0 4 1 0 1 1 1 4 0 0 3 1 0 3 4 2 2 4 2 4 4 4 1 1 4 3
   2 3 2 3 1 1 3 3 1 0 0 4 2 4 1 2]
  [0 4 2 3 4 4 3 2 3 0 4 2 4 0 4 0 3 2 4 1 2 1 2 3 1 0 1 0 3 1 1 2 3 1 1
   0 2 1 4 3 4 4 3 1 2 0 0 0 0 4 2 2 0 3 0 2 0 0 4 0 4 0 3 4 4 2 3 0 3 4
   3 0 0 1 3 4 4 4 3 3 1 1 2 2 3 3 1 0 1 4 4 2 3 4 1 4 4 1 4 4 1 4 0 1 3
   2 4 1 2 3 4 4 2 3 4 3 2 1 4 3 0]
  [0 1 4 0 0 3 2 4 1 0 3 4 3 4 1 0 4 3 4 3 0 2 4 2 1 1 0 1 2 1 2 3 0 1 1
   4 3 3 4 0 1 4 3 4 2 1 1 4 0 1 4 3 2 2 2 4 0 4 1 1 2 4 0 0 1 4 3 1 1 4
   3 1 4 0 4 4 1 1 1 2 0 1 3 0 3 4 0 4 1 4 4 2 2 0 0 3 4 4 1 3 3 2 1 0 3
   1 1 4 3 0 2 2 2 3 2 2 1 1 4 2 2]
  [0 4 4 2 1 0 2 2 0 4 1 2 4 0 2 0 2 1 4 4 3 1 4 4 1 2 4 2 3 1 3 3 3 2 4
   2 1 1 2 0 3 2 4 1 3 2 4 3 1 4 0 4 0 1 1 0 1 0 2 2 1 4 3 0 0 0 1 3 2 3
   1 4 0 4 2 2 1 0 0 2 4 2 3 3 0 4 2 0 0 3 1 4 1 3 3 2 3 4 3 0 0 2 1 1 0
   1 0 2 0 1 4 3 0 3 3 2 2 2 3 0 3]
  [0 3 2 3 4 2 2 4 1 1 2 1 4 0 3 1 4 4 4 1 2 2 2 1 0 3 4 1 1 3 4 0 1 2 4
   2 2 4 1 4 3 1 3 0 3 0 0 0 3 4 3 2 2 3 3 4 4 0 2 0 3 2 1 4 0 0 0 4 4 2
   4 0 4 0 0 0 1 4 2 4 0 3 0 4 0 3 4 0 3 4 4 3 2 0 1 2 0 3 2 1 3 2 2 0 4
   2 4 4 0 3 0 2 2 3 2 0 1 1 0 0 4]
  [0 4 2 1 1 4 3 2 4 3 1 2 0 4 0 0 1 2 1 2 3 2 0 1 1 4 4 3 1 4 0 3 3 1 3
   1 3 3 2 1 2 2 3 2 1 2 1 2 0 4 2 4 0 4 0 2 0 1 0 2 0 0 4 3 2 0 1 0 3 0
   1 1 1 2 0 3 0 1 2 2 1 2 2 0 1 4 1 0 3 4 4 2 2 2 1 1 3 4 4 2 1 4 2 3 2
   1 4 2 1 2 0 1 3 0 4 1 3 1 4 0 1]
  [0 3 0 3 3 1 3 3 3 0 3 1 3 4 3 1 4 2 0 1 2 1 1 4 3 0 1 2 1 3 3 2 0 0 0
   0 3 3 3 2 0 1 0 3 2 0 2 2 4 0 1 0 4 0 1 0 0 3 3 1 0 1 0 4 1 2 0 4 2 1
   4 2 4 1 3 0 2 4 0 3 4 2 0 0 4 3 1 1 1 1 3 3 1 2 3 3 4 1 3 0 0 4 4 4 4
   2 1 0 4 1 2 2 1 4 0 1 0 4 2 0 0]
  [0 1 3 4 1 1 3 3 0 4 2 4 3 4 0 0 0 4 4 3 3 4 3 3 3 0 3 2 4 1 1 2 4 3 2
   1 3 0 4 4 1 0 1 4 3 4 0 1 0 3 3 3 4 3 4 1 2 2 0 3 0 1 3 3 4 1 1 0 4 0
   3 3 0 3 0 2 2 4 2 1 4 4 1 2 2 4 1 0 3 2 2 1 4 2 1 0 0 2 1 4 4 2 3 4 4
   1 2 0 4 0 0 3 1 2 2 1 3 3 3 4 0]
  [0 2 4 2 0 1 0 1 2 2 1 1 2 2 1 3 0 1 2 0 0 0 2 1 4 4 2 2 4 4 1 0 1 4 4
   0 3 1 2 1 4 1 1 1 4 0 0 4 1 0 3 0 3 0 0 0 0 2 0 0 1 2 1 2 3 0 0 2 0 1
   0 2 1 3 4 3 4 2 4 1 4 0 3 1 4 2 3 4 3 3 1 1 2 0 2 2 0 1 2 1 4 4 4 0 1
   0 3 1 4 2 1 1 2 1 0 3 3 4 1 2 4]
  [0 0 2 1 3 2 3 1 2 2 4 1 2 0 2 1 3 0 4 2 1 3 1 3 3 2 3 1 4 0 2 3 0 2 3
   4 1 1 2 2 0 0 0 3 3 1 0 4 1 1 2 4 0 0 3 3 1 1 3 0 1 2 4 0 0 3 2 2 3 0
   3 4 4 1 4 4 2 3 0 3 3 3 1 2 4 1 1 3 2 0 3 3 0 1 4 4 4 0 2 3 4 4 3 0 3
   3 3 0 3 0 4 0 2 1 2 1 3 1 1 2 1]
  [0 4 4 4 2 1 0 4 3 4 1 1 4 0 3 1 2 3 0 2 4 2 3 4 3 0 4 1 1 0 3 4 3 4 1
   1 0 1 0 1 1 0 2 0 4 2 4 2 0 3 0 3 2 0 1 4 0 2 2 3 3 0 0 0 2 0 1 1 0 0
   0 0 0 2 0 2 1 1 0 4 1 0 2 1 4 2 4 2 2 2 4 0 1 0 1 1 1 0 0 1 4 3 2 0 2
   2 2 0 2 1 3 2 0 3 1 4 0 3 2 4 0]
  [0 1 1 0 4 1 3 4 2 4 4 3 3 4 2 4 4 0 0 2 0 1 3 0 4 0 4 4 1 3 3 2 0 2 4
   0 3 0 3 1 2 1 1 3 1 4 4 0 4 2 1 1 3 1 1 2 2 0 1 1 1 0 1 3 3 1 1 3 0 3
   3 0 2 3 0 0 1 4 3 3 4 2 0 0 3 3 2 0 0 2 4 2 2 3 2 1 3 4 2 4 2 1 0 1 4
   2 4 4 3 2 3 3 4 4 3 4 2 2 0 0 2]
  [0 4 4 1 0 2 3 2 1 1 1 0 3 3 1 2 0 2 1 1 3 1 0 1 2 2 0 1 4 3 3 2 2 2 4
   4 4 2 3 3 1 4 2 0 3 1 1 3 0 3 1 4 0 3 4 0 4 0 2 0 0 2 1 4 2 1 0 0 0 2
   1 3 0 2 0 3 3 3 0 1 0 0 3 4 1 2 4 1 1 0 0 2 1 4 3 0 1 0 3 2 0 4 1 4 4
   0 4 1 0 3 2 1 2 2 4 1 4 4 3 4 0]
  [0 0 2 1 3 0 0 1 1 4 0 3 1 4 1 1 4 1 1 1 0 3 4 4 3 2 2 0 2 1 4 0 2 3 2
   4 4 0 0 2 4 0 4 2 2 1 2 2 1 4 4 4 0 2 2 2 0 2 0 4 3 0 4 2 4 1 4 4 4 2
   3 4 1 0 2 3 2 1 1 2 0 2 0 1 2 0 1 1 1 4 4 0 4 2 0 1 2 3 0 3 1 2 3 1 1
   2 0 3 2 2 2 4 1 3 0 1 1 2 1 2 1]
  [0 2 0 1 3 3 2 1 3 3 1 0 3 1 3 1 4 1 1 0 1 3 0 1 2 1 0 0 0 1 2 0 1 2 0
   4 4 3 2 2 1 1 4 3 3 2 3 0 4 2 2 4 2 2 4 3 0 0 2 1 4 3 4 1 1 0 2 1 0 2
   2 0 3 3 0 2 2 0 0 0 3 2 4 0 0 0 3 0 2 3 3 1 2 2 3 4 0 1 4 2 1 2 3 4 4
   0 2 1 4 2 4 1 4 2 2 0 4 3 4 0 3]
  [0 4 1 0 4 1 2 0 4 1 1 0 2 0 1 4 3 3 3 4 1 1 3 1 1 0 4 2 3 0 1 4 0 2 1
   4 4 1 3 0 1 2 4 4 3 1 3 0 0 3 3 1 2 1 1 1 4 2 1 4 3 1 3 0 4 2 0 2 0 0
   3 3 0 4 1 0 1 1 3 3 0 1 4 2 4 2 0 2 1 3 2 4 3 2 1 2 4 2 2 1 0 3 1 1 0
   3 4 1 1 3 3 1 4 2 3 0 3 3 4 0 1]
  [0 2 1 1 1 3 1 3 4 0 4 0 3 4 2 2 3 2 3 3 1 2 0 3 2 3 0 0 2 4 1 4 3 2 4
   1 2 3 3 1 4 2 3 2 0 2 2 4 0 4 0 0 2 3 4 3 0 2 2 4 4 4 2 0 1 0 0 1 2 2
   4 1 4 0 3 0 0 1 1 1 3 0 2 4 3 2 1 0 4 1 1 0 3 2 3 3 4 4 3 2 2 4 4 4 0
   3 0 1 2 1 0 3 1 1 2 0 1 4 3 2 3]
  [0 0 4 0 1 2 4 3 4 3 4 1 2 0 0 3 4 1 0 2 3 3 0 1 4 0 2 4 1 4 0 0 3 3 1
   2 2 0 3 1 4 3 4 2 3 2 0 2 0 4 3 4 4 4 3 3 1 0 1 2 0 0 4 0 0 4 4 4 2 4
   3 1 2 2 4 4 0 0 2 1 2 0 4 2 2 4 1 1 0 1 4 4 2 1 0 2 2 2 3 2 2 3 4 0 0
   3 1 1 4 0 4 0 0 1 2 0 1 0 4 0 3]
  [0 0 3 3 4 1 0 0 2 2 4 2 1 4 1 0 3 4 2 4 0 4 1 3 2 1 2 3 1 1 2 3 2 3 2
   0 0 3 0 0 0 4 4 1 4 2 0 0 1 4 4 1 1 4 2 2 2 0 1 0 1 3 0 3 4 0 0 0 0 2
   4 1 3 2 1 1 3 1 0 1 0 0 1 3 2 3 2 4 4 0 1 2 2 4 2 2 3 1 1 1 1 4 2 1 2
   3 3 2 1 4 3 4 4 2 3 0 0 0 0 2 3]
  [0 3 4 1 4 2 3 4 0 0 2 4 0 3 2 0 1 4 1 1 2 1 2 0 1 1 0 2 4 3 2 3 4 0 3
   1 3 2 1 0 4 0 3 2 2 1 3 4 3 0 0 4 1 2 3 3 1 2 2 0 0 4 1 0 3 1 4 0 3 3
   1 0 2 2 0 2 3 2 0 0 3 0 1 4 1 3 4 1 2 3 0 3 4 4 3 0 1 1 0 0 0 1 1 4 0
   2 0 3 0 1 3 3 0 3 3 1 2 3 0 0 3]
  [0 3 3 1 3 3 3 2 1 2 4 0 1 2 4 2 0 1 3 2 0 4 4 3 0 1 4 3 4 1 2 4 1 3 0
   3 4 4 2 2 0 2 1 0 0 3 0 0 0 1 1 0 0 0 4 4 2 0 4 4 2 4 4 4 3 2 0 2 4 1
   1 4 4 3 3 1 0 4 3 1 0 3 4 0 2 4 3 0 0 3 1 4 0 2 1 0 3 3 1 4 1 0 0 1 1
   3 0 2 0 3 4 2 3 2 0 0 2 4 1 3 2]
  [0 2 0 0 2 4 2 3 1 0 4 2 1 1 2 4 3 0 1 1 0 1 3 2 0 2 1 0 0 4 3 3 1 2 1
   3 4 1 4 1 0 4 0 0 0 4 3 1 2 3 1 4 2 0 2 4 2 0 3 2 1 0 4 0 1 2 4 4 3 0
   0 2 3 1 3 3 1 0 0 2 2 0 2 1 1 3 2 3 0 0 4 3 2 3 2 3 2 0 2 4 2 3 1 1 3
   0 4 1 4 0 2 4 4 1 3 3 0 3 2 3 1]
  [0 0 4 4 2 0 4 1 4 0 3 0 0 4 0 1 4 0 3 1 4 0 2 0 3 1 2 4 2 1 0 2 0 1 1
   2 1 3 3 4 2 4 3 4 2 4 1 0 0 2 1 0 2 0 0 3 0 4 4 0 1 2 0 3 4 0 2 3 3 3
   1 3 2 1 0 3 1 1 2 2 1 4 0 4 0 0 4 2 4 0 3 1 4 2 2 0 4 3 0 1 3 4 3 2 4
   2 1 4 1 4 1 0 2 0 4 2 2 1 4 0 0]
  [0 4 3 1 4 2 0 1 3 3 2 0 0 4 3 1 0 4 3 3 2 2 0 2 2 3 0 1 2 4 0 2 1 1 1
   4 1 1 3 3 0 2 3 2 2 2 1 1 2 4 3 4 4 1 4 1 1 4 3 1 4 1 1 1 0 1 2 3 1 4
   0 0 2 2 4 0 0 3 3 1 4 0 3 0 4 1 0 1 0 3 3 4 3 3 0 4 0 2 4 1 4 4 3 0 2
   4 3 2 0 3 4 0 1 2 1 0 2 2 2 2 3]
  [0 0 3 3 3 3 3 4 2 4 3 1 3 3 0 2 0 2 4 3 4 0 1 0 2 0 1 2 2 2 1 3 1 2 4
   2 0 1 4 3 2 3 4 0 0 2 3 1 1 1 4 1 1 3 3 1 1 3 4 0 1 2 4 0 0 0 0 3 0 1
   2 4 4 1 3 0 3 2 0 4 3 0 4 3 0 4 1 4 0 4 1 2 2 3 3 4 4 4 4 3 2 3 0 1 3
   1 3 1 2 3 0 2 2 2 3 3 4 2 1 0 0]
  [0 3 4 4 0 4 3 2 4 0 1 4 0 3 4 1 0 2 1 4 1 4 3 0 0 0 1 3 3 1 4 2 2 4 4
   2 3 3 0 1 1 0 3 0 0 3 2 4 2 1 3 0 3 1 3 3 0 1 1 0 1 0 0 4 1 1 1 1 3 1
   0 3 4 3 0 0 1 3 3 4 3 3 4 0 4 0 0 1 4 0 4 4 4 1 2 0 4 0 1 1 0 2 3 0 1
   0 0 3 1 3 2 0 2 2 3 4 1 2 2 1 3]
  [0 0 1 4 4 3 0 3 0 3 1 3 0 1 1 4 3 1 1 3 2 1 4 1 0 2 4 4 0 2 0 3 4 1 2
   3 0 1 0 3 0 4 1 4 4 2 2 1 2 2 0 0 1 4 1 1 4 3 1 1 0 4 0 4 3 2 3 3 2 3
   2 4 0 3 4 3 0 0 0 2 1 4 3 4 1 1 0 0 0 0 1 0 4 2 1 4 0 0 0 2 3 2 3 0 3
   1 3 0 2 2 3 0 3 1 4 4 4 1 1 2 0]
  [0 1 0 2 1 1 0 2 1 3 0 2 3 1 1 3 0 2 1 4 0 4 2 1 1 4 1 3 3 0 3 2 3 3 2
   0 1 0 1 3 1 0 0 1 2 4 4 3 1 0 2 2 2 2 4 3 4 1 4 1 3 2 1 4 4 3 1 3 1 4
   0 3 1 1 1 4 3 0 3 4 0 3 3 3 3 1 1 0 2 3 3 0 4 3 4 1 4 1 3 0 4 4 1 3 1
   2 1 2 2 2 2 2 4 2 1 0 2 1 3 0 2]
  [0 1 1 0 3 1 1 2 0 3 3 0 0 1 3 4 0 4 0 0 4 1 4 0 1 3 2 4 3 0 2 1 4 2 2
   4 1 1 0 3 3 0 1 1 0 1 3 2 0 1 1 0 3 4 0 4 1 1 3 2 2 0 2 0 0 3 4 1 2 0
   0 3 1 4 1 3 2 4 4 2 0 1 0 4 4 4 1 1 0 3 4 1 1 1 3 3 0 4 1 2 2 3 0 4 0
   3 2 4 1 3 0 4 3 3 3 3 3 4 4 0 3]
  [0 4 3 2 3 1 2 0 4 4 3 1 2 0 2 3 1 1 1 3 4 1 2 2 4 0 0 4 4 3 0 3 3 3 3
   1 2 4 4 1 3 3 3 1 4 3 3 3 1 3 1 0 1 4 0 1 0 2 4 4 3 4 3 1 4 0 2 1 2 3
   2 1 2 3 1 4 2 2 3 0 4 0 2 3 3 2 1 3 0 0 4 2 3 0 0 4 2 1 2 1 2 0 0 1 1
   4 4 2 1 0 4 4 1 0 1 2 4 0 2 3 0]
  [0 4 1 3 4 3 0 3 4 4 1 2 1 0 0 3 4 2 4 4 1 3 2 1 1 3 0 3 4 1 0 1 0 2 3
   1 4 2 4 1 2 3 1 0 2 3 3 3 3 2 0 0 0 3 0 1 2 4 2 3 4 1 3 4 0 4 1 4 3 2
   4 1 0 3 4 1 1 2 0 2 4 2 1 3 4 4 0 0 2 0 0 0 2 3 1 4 0 0 1 0 1 3 1 3 2
   3 3 1 1 2 0 0 1 4 4 2 4 2 3 1 2]
  [0 2 4 0 0 2 3 2 3 0 4 3 2 2 3 1 3 0 1 1 0 3 4 4 4 4 1 0 0 4 0 1 1 3 1
   1 2 1 2 3 3 3 4 1 1 4 1 1 1 4 1 3 1 0 0 3 1 0 3 1 0 4 3 1 4 4 2 0 1 2
   0 1 2 0 1 4 0 0 2 2 1 0 2 2 3 1 4 2 4 4 0 0 4 2 1 2 2 0 4 1 1 2 3 4 4
   3 3 4 2 3 4 1 4 2 3 1 1 3 0 1 3]
  [0 2 4 0 4 3 3 3 0 0 4 0 3 1 4 2 3 2 0 1 2 2 0 1 3 2 0 4 0 3 4 2 4 4 2
   2 3 3 2 0 0 2 2 3 0 0 2 1 1 1 4 4 0 3 4 3 0 1 0 1 1 2 3 4 2 3 0 3 4 0
   0 2 1 3 4 0 4 3 4 4 0 2 2 2 1 2 4 3 0 2 3 1 0 2 4 0 4 0 2 2 4 3 3 0 4
   0 2 1 0 1 3 1 4 3 2 3 3 3 0 3 0]
  [0 4 3 1 1 3 0 3 2 1 3 0 0 4 4 3 4 4 1 0 3 0 3 2 4 0 4 2 1 0 2 3 2 1 1
   3 2 2 1 0 1 1 1 1 4 4 4 0 3 0 3 0 1 1 3 0 4 2 3 1 1 0 1 2 1 1 4 1 0 3
   3 2 4 2 4 1 4 0 4 2 2 1 2 2 1 1 4 4 3 2 0 2 0 0 2 1 2 4 2 4 2 1 1 1 3
   0 3 0 1 3 4 3 3 0 0 0 3 4 1 2 2]
  [0 1 4 2 0 1 0 4 0 0 0 3 3 3 1 1 0 2 3 0 1 0 0 4 2 3 3 0 0 3 4 4 0 0 1
   1 2 0 4 1 4 1 3 2 4 1 3 0 0 2 0 4 3 2 1 0 4 2 3 4 1 4 0 2 3 0 4 0 4 2
   0 3 0 4 0 2 1 2 2 0 1 0 4 2 3 4 0 3 1 4 4 1 4 1 0 2 3 3 1 2 3 3 0 1 3
   4 4 0 3 1 1 4 0 1 4 4 0 1 2 3 2]
  [0 1 2 3 3 4 3 2 2 4 0 1 2 2 3 3 2 0 4 3 4 3 2 0 0 3 3 0 0 0 0 0 3 3 4
   1 0 1 4 3 4 1 3 1 3 4 3 2 1 1 4 3 1 0 0 2 4 0 4 4 2 0 0 2 2 2 3 4 1 4
   0 1 4 0 1 1 0 1 1 3 2 2 1 4 3 2 2 1 2 2 0 4 3 1 1 0 4 0 2 2 4 1 3 4 0
   0 0 3 2 3 2 1 3 1 2 3 4 4 0 2 3]
  [0 1 4 4 3 3 0 4 2 2 4 1 4 0 1 4 4 0 3 2 3 4 3 3 4 0 0 2 1 4 3 4 3 4 0
   4 4 3 4 3 1 1 3 0 2 1 3 2 0 3 3 2 1 3 2 0 3 1 2 1 2 4 4 0 1 1 2 3 0 0
   1 1 1 0 0 0 4 1 1 2 0 4 1 3 4 3 2 4 0 0 3 2 3 3 1 0 0 2 3 1 2 4 1 0 1
   0 1 1 4 3 2 0 4 1 3 0 2 2 3 3 4]
  [0 4 0 4 2 0 2 4 4 4 3 2 1 0 2 0 0 3 0 4 0 3 1 1 3 3 3 4 2 0 2 4 1 3 1
   3 3 0 0 2 1 4 2 3 1 2 3 3 0 2 4 1 2 4 0 3 2 3 1 2 2 4 4 2 4 2 0 0 0 4
   2 1 2 2 4 1 2 3 3 2 0 2 1 4 4 0 2 4 3 0 3 1 4 2 1 4 3 0 0 4 4 3 1 2 3
   0 3 0 4 0 0 0 1 4 2 2 1 3 2 0 3]
  [0 2 0 0 4 1 1 2 1 4 4 1 4 0 4 4 2 0 4 2 1 1 1 4 3 2 4 3 3 4 3 1 0 1 3
   1 4 3 3 1 3 2 2 0 3 0 2 2 0 3 2 0 4 4 4 2 1 3 0 4 2 1 4 2 4 1 3 0 0 1
   3 2 1 2 3 4 4 0 1 1 4 1 4 3 1 3 0 1 4 0 4 1 3 1 1 3 0 3 0 4 4 0 4 0 4
   1 1 0 0 2 2 4 1 2 4 0 4 4 0 1 2]
  [0 1 2 0 3 3 2 4 1 4 3 1 2 3 0 3 3 0 1 4 0 2 2 4 4 2 0 0 2 1 4 4 0 4 4
   3 3 2 1 3 4 4 3 4 1 4 0 1 0 4 3 0 0 4 1 2 0 4 1 2 2 2 1 3 1 3 4 1 1 4
   1 0 1 3 4 4 3 2 4 4 0 1 2 0 3 2 4 1 2 3 1 1 2 4 4 1 3 2 4 0 1 3 0 4 0
   3 4 1 0 1 2 3 3 1 4 4 4 1 4 4 3]
  [0 2 2 0 3 3 4 0 1 3 1 3 3 2 0 0 0 1 2 0 4 2 1 2 3 2 1 3 0 4 4 0 4 1 2
   3 0 4 4 4 3 2 4 3 4 2 4 4 3 2 1 2 3 2 1 4 4 0 4 2 1 2 1 4 1 3 1 2 3 2
   2 3 2 0 3 0 0 3 3 2 4 1 2 2 4 1 3 2 1 2 2 4 2 3 2 0 0 2 3 0 0 1 3 0 1
   0 4 3 4 2 2 1 0 1 3 4 0 0 3 4 4]
  [0 2 3 2 2 1 0 2 2 3 1 1 0 2 1 0 1 1 4 1 0 0 2 3 2 0 3 4 4 4 2 2 2 4 3
   4 4 2 0 3 3 3 4 0 0 1 0 2 0 2 1 1 2 2 4 4 4 4 2 1 3 2 2 1 4 4 2 3 3 0
   4 4 0 0 4 4 0 0 0 0 0 1 1 0 1 4 1 3 2 3 4 3 2 4 4 4 2 4 0 1 3 0 0 1 4
   2 0 3 3 3 0 0 3 2 3 2 2 1 2 0 0]
  [0 2 1 1 3 2 1 3 3 4 4 0 3 2 4 4 2 1 2 2 3 4 4 3 1 4 0 0 1 4 4 0 2 2 1
   1 0 3 4 2 4 4 1 3 4 1 1 4 4 2 3 0 0 4 4 3 2 2 4 4 4 2 0 0 4 4 4 3 3 2
   4 2 1 0 1 3 0 1 1 2 1 3 4 4 3 0 2 2 1 2 3 3 0 2 2 4 1 0 3 2 3 3 0 0 3
   4 3 0 3 2 2 0 4 1 3 2 0 0 4 1 1]
  [0 4 0 3 2 1 4 4 1 1 3 4 3 4 0 3 3 0 2 1 1 3 2 0 4 2 1 2 4 2 0 0 4 1 3
   2 4 0 2 1 0 1 4 2 0 0 3 3 1 4 4 0 3 1 4 0 2 2 4 3 0 2 4 2 1 0 4 2 3 4
   3 3 0 2 3 0 4 4 0 0 4 2 0 1 2 3 0 2 3 1 3 3 0 0 4 2 1 0 1 4 3 3 0 0 4
   0 1 1 1 4 2 4 1 4 4 4 2 3 3 0 0]
  [0 2 2 1 1 3 4 1 4 1 0 4 4 1 0 1 3 2 4 3 2 4 3 2 4 0 1 0 0 1 3 3 4 1 4
   4 3 0 2 0 2 2 2 0 2 2 3 3 2 4 0 2 0 4 0 1 4 3 2 2 1 2 1 3 1 4 4 3 4 4
   0 4 0 0 0 4 4 4 1 4 2 3 2 1 3 3 2 3 3 3 4 4 3 2 0 3 4 4 3 2 4 4 1 0 0
   1 3 4 2 4 0 4 3 1 1 0 1 0 4 3 4]
  [0 1 1 0 4 2 1 3 0 1 3 1 3 0 1 3 1 3 1 2 0 2 1 3 4 1 3 3 4 4 2 0 4 3 1
   2 1 1 2 2 2 1 2 3 4 4 4 1 2 0 2 0 4 1 3 0 0 3 2 1 4 0 3 1 0 3 1 4 3 1
   2 4 0 1 3 2 3 3 1 3 3 2 1 2 4 1 0 1 2 1 2 1 3 0 2 3 3 2 0 0 0 3 4 3 3
   0 1 1 4 3 2 4 0 1 2 4 2 3 2 1 3]
  [0 0 0 1 4 0 1 3 1 2 1 3 2 0 0 1 0 3 1 3 1 2 2 1 3 4 4 0 3 3 3 4 0 4 2
   2 1 2 4 2 3 2 0 0 1 2 0 2 2 3 4 4 1 3 2 0 2 2 0 2 4 0 3 0 1 3 0 4 4 4
   1 2 1 2 4 0 4 3 2 1 1 4 3 4 3 2 3 3 0 1 2 1 1 3 3 4 1 2 2 0 1 4 1 4 0
   4 0 3 3 2 2 4 0 2 3 0 2 2 3 1 4]
  [0 4 4 3 3 2 2 1 3 2 4 2 0 0 2 3 4 1 2 2 0 4 4 3 0 2 2 3 1 2 0 4 4 4 1
   2 2 0 2 0 2 0 4 2 2 1 2 3 0 1 2 4 4 3 1 3 3 2 2 3 3 1 4 4 3 4 3 1 0 4
   1 1 2 2 3 1 0 4 3 3 4 4 1 0 0 0 3 3 1 1 1 0 0 3 3 1 1 0 3 1 2 1 4 3 4
   2 4 0 4 1 0 2 0 0 0 0 1 3 2 3 1]
  [0 0 2 4 4 1 0 3 1 1 2 3 2 2 1 1 4 4 2 4 3 2 1 3 3 1 4 3 4 3 4 2 4 2 2
   4 2 2 4 3 3 4 0 2 3 0 3 3 1 1 2 2 0 3 4 1 2 3 1 0 4 2 4 3 4 4 4 2 3 2
   2 2 0 3 3 2 1 3 2 4 4 0 0 4 3 1 1 3 2 2 0 3 1 1 2 3 3 4 1 1 3 3 1 4 1
   3 2 2 0 1 3 3 0 4 0 2 3 1 2 0 4]
  [0 0 0 2 3 3 4 2 3 4 2 1 0 0 0 2 1 2 4 1 0 0 2 4 2 2 2 1 3 1 3 1 0 3 0
   4 1 4 4 0 3 1 0 3 2 2 1 3 3 3 0 1 2 3 3 0 2 0 1 1 3 0 1 3 1 2 2 1 0 2
   2 0 4 4 2 2 1 4 2 3 2 1 3 0 2 4 1 1 3 1 3 0 4 0 3 1 1 1 3 2 0 3 1 3 4
   4 2 1 1 0 0 1 0 0 1 2 4 4 1 2 3]
  [0 1 4 2 4 3 1 3 0 2 2 1 1 3 1 3 2 4 2 1 0 3 4 4 0 4 1 4 1 2 3 3 3 4 0
   2 3 3 2 3 1 3 4 4 4 1 0 1 0 0 1 1 0 2 1 2 3 1 0 3 2 1 1 1 1 3 1 3 4 1
   1 3 0 3 4 1 3 4 4 1 3 0 4 0 1 0 2 0 1 2 1 3 3 1 4 1 3 0 4 0 2 4 1 3 3
   2 0 1 0 3 0 2 2 2 3 2 0 2 0 2 3]
  [0 3 4 0 4 1 3 4 3 2 0 1 4 2 1 0 1 1 2 2 3 0 4 0 3 3 0 4 1 3 1 4 1 4 3
   2 3 2 1 3 4 3 3 1 1 3 3 2 0 0 1 2 4 3 4 0 0 3 2 0 3 1 1 3 3 2 2 1 2 1
   4 0 0 1 0 1 3 1 3 2 3 0 4 1 2 4 3 2 2 2 1 0 1 0 4 0 1 3 0 2 0 1 4 1 2
   3 1 4 1 4 4 0 3 4 4 4 3 4 0 2 1]
  [0 3 4 4 3 3 0 4 1 0 3 4 3 1 4 1 3 3 1 3 3 3 2 0 2 2 1 3 1 3 2 2 0 2 2
   4 2 0 1 4 0 4 2 0 2 3 4 3 4 3 1 0 0 2 4 1 4 2 4 3 4 4 2 2 0 0 4 0 0 0
   1 1 3 3 4 3 1 2 1 2 1 3 4 3 0 1 4 2 2 2 1 4 4 4 4 4 2 3 2 4 1 1 4 1 1
   2 3 1 4 3 4 1 0 3 4 1 4 1 4 3 2]
  [0 4 1 2 2 2 3 1 3 3 0 0 4 4 1 1 2 0 0 2 1 4 1 2 4 2 1 1 4 0 4 2 4 3 2
   4 4 2 4 0 0 1 1 4 2 1 4 3 0 1 0 2 0 2 3 3 2 0 3 3 0 2 0 1 1 0 1 4 3 3
   3 3 4 3 0 2 1 4 0 3 3 1 3 3 3 4 3 0 0 1 2 4 1 3 3 4 4 0 4 2 1 0 2 3 0
   3 3 0 0 0 1 1 1 0 4 0 3 0 4 2 0]
  [0 4 1 1 2 1 2 3 0 4 4 3 1 0 1 2 2 3 4 2 0 4 4 4 3 3 0 0 4 3 0 3 0 0 1
   4 0 4 3 4 3 3 0 1 1 3 1 4 1 4 1 3 3 1 3 4 2 4 2 4 4 4 2 2 3 3 2 0 0 3
   4 3 0 2 4 0 3 2 0 1 2 3 1 1 3 3 0 2 1 1 0 0 1 4 1 4 2 3 2 4 1 1 0 4 2
   0 1 4 0 0 1 1 2 4 0 1 0 3 2 0 3]
  [0 2 0 1 0 1 2 0 4 1 0 4 4 0 4 3 1 1 0 3 1 0 1 3 2 3 3 1 4 0 2 1 0 3 3
   3 2 0 0 4 0 3 1 3 2 0 0 1 3 4 1 4 2 2 1 4 4 1 1 4 1 0 1 4 2 3 1 0 0 4
   1 3 3 1 3 1 2 2 3 4 1 3 3 2 1 4 4 4 0 0 1 2 0 1 4 0 1 0 3 0 0 3 4 2 0
   3 1 2 1 3 1 4 1 0 3 0 2 1 0 1 3]
  [0 2 1 4 3 4 4 1 3 2 2 1 2 4 4 1 3 2 0 3 2 0 3 1 1 4 3 3 1 4 2 4 0 1 0
   2 1 0 3 3 3 4 0 3 3 0 4 4 1 1 0 1 2 3 0 4 0 4 4 4 1 0 2 0 1 0 3 3 1 3
   0 3 1 2 1 0 1 0 0 3 0 1 4 4 3 1 2 0 3 0 3 2 1 4 0 2 2 2 3 4 3 2 4 2 1
   4 0 0 0 4 0 3 1 4 3 0 0 2 2 4 0]
  [0 0 1 2 3 1 4 3 2 3 0 2 2 1 0 2 2 4 3 2 2 2 2 2 1 1 2 3 0 2 1 0 2 4 3
   2 1 1 4 4 3 3 4 1 4 0 2 2 2 1 1 3 1 0 3 2 2 3 3 3 1 4 3 3 4 1 0 4 3 4
   1 3 3 3 1 2 0 1 1 4 3 0 3 3 3 3 0 2 1 2 4 3 0 0 0 1 1 4 2 2 3 2 2 4 3
   1 4 0 1 4 1 3 3 0 1 2 3 0 0 2 3]
  [0 4 2 4 3 1 2 1 2 4 2 4 3 4 1 0 4 2 3 3 4 3 1 1 2 1 3 0 4 1 2 0 3 1 0
   3 4 3 1 2 0 1 0 0 3 1 0 3 1 2 2 3 1 3 0 3 1 4 1 3 4 4 3 3 4 1 2 3 3 2
   2 2 3 2 0 0 1 2 2 0 4 2 3 2 1 4 1 1 4 1 0 1 3 1 3 4 4 2 3 0 3 1 0 3 0
   1 2 3 4 3 4 3 2 1 3 4 4 0 0 0 4]
  [0 1 0 0 4 3 2 3 1 2 2 4 1 3 2 0 1 4 3 3 4 4 4 1 3 3 4 3 2 2 3 3 3 1 0
   1 3 1 2 0 0 4 4 2 0 2 4 0 4 2 2 4 2 3 4 4 3 2 0 3 1 2 1 4 4 3 2 4 0 1
   2 2 2 3 0 3 1 0 1 2 1 2 4 4 3 4 2 0 0 4 0 4 0 2 3 2 4 1 0 0 2 0 0 3 1
   4 1 1 1 2 4 0 1 3 2 1 3 3 0 0 2]
  [0 2 0 3 1 4 3 1 0 4 1 1 2 2 3 2 2 3 1 0 3 3 2 1 2 2 0 2 3 0 2 4 2 1 0
   1 4 4 0 3 4 4 3 1 4 4 2 3 0 0 2 0 0 1 0 3 2 4 2 3 2 2 2 1 2 4 2 2 4 0
   3 2 0 0 4 2 4 0 4 4 1 3 1 3 0 3 4 2 1 1 1 3 3 0 2 1 1 4 2 4 4 3 4 0 2
   3 4 3 0 1 4 1 1 1 0 2 4 0 1 0 0]]

 [[0 1 3 0 2 3 2 3 1 1 2 1 3 0 0 4 0 0 4 0 3 1 2 4 0 4 1 4 3 1 4 0 0 0 1
   0 2 2 3 4 4 2 4 4 4 1 2 0 0 0 3 2 2 2 4 1 2 3 1 0 1 1 0 3 1 1 3 0 1 0
   2 3 2 4 3 3 4 0 2 3 2 2 1 2 3 0 3 2 1 2 0 0 0 3 2 1 1 4 3 1 0 3 1 3 1
   1 0 4 2 4 1 3 4 4 4 3 1 1 4 3 3]
  [0 0 1 4 0 1 3 3 4 2 0 1 1 1 4 2 0 4 4 3 4 3 3 1 3 4 3 3 2 4 0 4 1 2 1
   4 4 3 4 4 0 1 4 0 0 0 0 2 2 3 3 4 0 3 0 1 3 4 1 1 1 3 1 3 1 4 3 3 2 0
   1 2 4 1 4 3 0 3 4 2 2 3 2 4 4 2 4 2 2 2 0 2 0 4 0 2 3 1 0 2 4 2 4 4 0
   4 0 3 4 4 2 2 4 4 1 0 3 0 4 3 4]
  [0 2 0 3 4 0 1 4 0 3 2 3 3 2 0 2 2 1 0 3 1 1 0 1 4 1 4 1 0 4 0 2 4 1 2
   2 3 3 1 0 3 1 3 2 2 3 3 3 1 3 2 0 2 2 2 1 4 1 4 1 1 0 3 4 1 1 3 0 1 2
   3 0 1 4 2 2 0 0 4 0 4 2 1 4 4 4 1 2 0 0 2 0 3 2 1 2 1 4 1 4 1 1 2 0 1
   2 2 1 2 0 0 1 2 4 2 2 2 4 0 0 0]
  [0 3 1 0 1 1 1 2 4 3 3 2 4 2 3 1 0 4 4 3 1 4 2 4 4 2 1 2 3 0 4 2 1 2 0
   1 3 2 3 2 3 1 2 1 2 1 1 2 1 3 0 2 4 4 3 2 0 0 2 3 3 3 1 0 3 1 2 4 0 3
   4 1 1 3 3 3 0 0 3 4 0 2 1 0 1 2 3 0 3 4 3 2 3 2 0 4 3 2 3 4 0 2 4 4 1
   3 1 1 1 2 1 0 1 0 1 3 0 1 4 3 4]
  [0 0 4 1 0 1 3 0 2 1 0 4 1 0 0 3 1 4 1 2 3 2 1 3 0 1 0 3 1 1 4 0 3 1 1
   0 0 3 0 2 3 3 3 4 4 3 1 0 4 1 3 1 0 1 1 3 3 0 4 0 0 1 0 1 2 2 3 3 3 3
   4 3 3 0 0 4 1 3 1 4 2 1 0 2 0 0 4 2 3 3 3 4 0 0 3 4 3 3 4 0 1 3 3 4 2
   2 3 3 3 1 4 1 3 4 4 2 2 3 0 0 4]
  [0 4 2 1 4 0 4 2 1 0 1 1 3 1 1 1 3 3 2 0 4 4 2 3 0 2 4 2 0 3 3 4 2 1 3
   4 0 4 2 4 2 4 3 1 2 2 0 4 0 3 3 2 4 1 2 0 2 4 3 0 3 2 2 3 1 1 4 0 0 1
   3 2 0 3 3 3 0 2 3 2 0 2 2 4 2 2 2 2 2 1 1 4 2 2 1 2 2 4 4 0 1 3 0 4 3
   4 2 1 4 1 4 2 2 2 2 2 2 2 1 2 3]
  [0 3 3 0 3 2 0 0 1 0 2 3 1 2 0 4 1 2 2 3 3 4 3 0 2 3 4 4 0 1 2 1 3 4 1
   4 0 4 3 0 0 1 3 3 1 4 3 1 1 4 2 1 2 4 4 1 1 2 3 4 3 1 1 1 2 3 0 1 0 4
   0 4 4 0 1 4 2 1 2 4 0 0 4 2 2 0 1 1 2 4 3 2 3 3 4 4 3 0 4 0 1 1 2 1 3
   2 4 3 3 2 0 4 0 1 3 1 3 2 1 4 2]
  [0 0 0 0 3 4 3 0 4 4 2 0 3 0 1 2 2 3 0 2 4 2 3 1 4 0 3 1 3 3 4 4 2 2 3
   1 0 3 2 3 4 4 0 3 0 0 0 4 1 0 2 2 4 4 1 3 3 2 1 1 4 0 1 0 4 0 0 3 1 3
   3 4 4 3 3 0 0 3 0 3 1 1 3 3 2 1 3 3 4 4 0 4 0 0 3 3 3 1 2 3 1 4 0 1 3
   0 1 0 4 2 3 4 0 2 1 1 3 0 0 2 3]
  [0 4 4 2 3 1 4 4 0 0 4 4 3 2 1 0 0 2 0 4 3 3 4 0 1 1 4 4 4 4 3 2 1 4 0
   3 4 1 4 2 4 1 4 3 1 4 3 3 0 3 2 1 0 2 4 4 2 3 4 1 4 1 2 0 2 2 1 4 2 4
   4 4 3 2 0 1 3 0 2 2 4 3 2 1 3 0 0 2 0 4 2 2 4 1 3 3 4 3 0 1 1 3 4 4 3
   1 4 3 0 3 4 3 0 1 2 2 0 4 0 2 4]
  [0 4 1 3 2 4 0 0 3 0 4 2 2 1 4 3 2 4 2 4 4 2 2 3 4 2 2 1 3 1 3 4 4 0 1
   4 4 1 4 1 3 2 2 3 2 2 0 2 1 2 1 3 4 3 2 0 4 4 1 4 2 3 1 0 1 0 1 2 3 2
   1 0 4 3 2 3 1 1 2 0 0 1 1 3 1 1 3 2 3 1 4 2 1 4 3 2 3 2 3 1 2 4 1 0 0
   2 3 2 3 0 0 0 4 1 2 3 1 3 0 1 0]
  [0 4 4 2 1 1 1 2 1 3 0 1 2 2 3 2 2 0 4 1 0 4 4 3 0 2 1 1 1 2 1 1 3 4 4
   3 3 2 0 0 2 1 4 3 3 1 2 0 1 4 3 1 3 4 2 1 1 4 2 0 2 3 2 0 4 1 2 4 3 1
   3 3 0 2 0 2 1 4 3 2 4 4 0 2 1 3 1 3 3 1 1 1 3 0 0 2 2 4 1 4 3 0 3 3 1
   1 2 1 0 3 4 0 2 0 3 4 4 0 1 0 4]
  [0 0 4 3 2 1 1 4 4 0 3 0 4 1 3 0 2 2 0 2 3 0 3 4 2 2 0 2 0 2 0 4 0 1 0
   4 2 3 0 4 0 1 3 1 3 2 2 2 2 4 2 0 0 1 4 3 4 0 2 3 4 0 2 3 4 1 4 4 3 2
   1 0 3 2 1 0 3 1 4 2 3 3 0 0 1 1 4 2 3 2 0 3 2 1 1 4 1 2 4 0 0 2 1 0 4
   4 4 0 2 4 1 3 3 3 2 3 4 4 1 1 1]
  [0 4 3 3 4 1 4 1 0 3 4 3 0 2 2 3 4 4 1 2 2 0 3 3 4 1 1 3 1 4 0 3 4 0 0
   4 2 4 2 4 2 0 2 3 0 0 2 0 3 3 0 1 1 4 3 2 1 4 4 3 2 3 1 1 1 3 3 1 4 1
   0 2 0 0 0 0 1 0 1 3 4 3 1 2 3 1 2 2 2 0 0 2 0 4 0 4 0 1 0 4 3 0 0 2 0
   0 3 2 3 3 2 1 0 0 3 2 3 0 3 4 0]
  [0 4 0 2 1 1 4 3 0 3 2 2 0 0 0 0 3 3 0 2 1 0 1 2 2 0 2 1 1 1 2 0 4 4 4
   2 3 2 2 3 3 1 2 1 3 1 3 3 3 3 4 1 1 1 3 1 4 0 4 2 1 1 3 2 2 4 3 1 1 2
   2 0 4 0 0 1 0 1 0 1 4 1 2 0 4 0 1 3 3 4 2 4 1 4 0 1 3 3 4 2 4 4 2 4 3
   1 0 2 4 1 1 0 1 3 3 1 2 2 0 0 4]
  [0 4 3 0 4 3 2 2 2 1 3 3 4 2 0 2 2 2 3 2 2 1 2 2 1 4 1 4 4 0 2 1 2 3 3
   4 3 1 2 4 4 2 3 2 0 1 0 0 3 2 2 2 1 1 3 1 0 2 3 4 4 1 0 3 3 3 2 4 0 4
   3 0 2 3 2 3 1 2 2 2 0 2 4 3 3 1 2 4 0 0 2 0 1 3 3 3 2 4 1 3 1 3 4 1 3
   4 3 0 0 2 4 1 4 3 0 0 1 0 4 2 4]
  [0 0 3 3 3 4 1 3 2 4 1 0 1 4 4 0 3 1 2 2 0 0 2 0 4 1 0 3 4 0 3 2 3 2 3
   4 1 4 1 2 1 3 2 3 1 4 2 2 0 2 3 3 3 3 0 3 1 1 1 1 3 4 1 2 0 1 4 4 3 2
   1 0 2 4 0 2 2 1 0 3 2 4 1 3 0 4 2 2 0 3 3 4 4 4 3 2 1 2 3 1 4 2 1 3 2
   4 3 0 1 2 3 4 3 4 3 4 3 4 4 0 2]
  [0 2 1 3 2 0 1 0 2 1 2 2 3 2 4 4 0 0 2 4 0 2 0 0 4 1 4 3 3 3 3 3 3 0 4
   3 3 2 0 2 4 0 1 4 1 3 4 3 0 1 3 4 1 2 1 4 3 3 4 2 2 4 4 3 4 0 1 1 2 3
   2 0 0 4 1 1 2 3 2 0 4 2 2 4 3 1 3 4 2 4 0 2 1 4 2 4 3 0 3 1 4 4 1 0 0
   0 0 4 2 0 3 3 2 3 3 1 2 4 3 4 2]
  [0 1 3 4 4 0 4 3 1 0 4 1 2 3 2 3 0 0 3 1 3 2 0 4 3 4 3 0 2 4 3 3 3 4 2
   2 0 2 4 3 4 3 1 2 3 1 1 0 2 4 1 1 0 2 1 1 1 2 4 3 2 0 2 1 0 3 4 2 2 1
   0 4 2 4 1 0 4 4 0 3 3 1 0 4 2 2 0 3 4 3 0 0 3 1 2 1 3 2 1 1 0 1 3 3 0
   3 0 4 0 2 1 2 1 3 3 0 1 4 4 3 4]
  [0 2 2 2 4 2 4 4 1 4 4 4 1 1 1 0 3 2 0 4 2 0 0 2 2 3 0 2 0 4 1 3 4 3 1
   4 3 3 2 1 2 3 4 4 4 3 2 1 2 2 3 0 3 3 2 2 1 4 1 4 1 3 2 4 1 1 0 0 1 2
   2 2 4 3 0 0 1 4 3 0 3 3 3 3 2 3 0 4 0 0 3 1 3 2 2 3 4 0 1 3 1 3 3 0 3
   4 3 4 3 2 1 4 0 4 0 2 4 0 0 3 1]
  [0 4 3 3 1 3 3 4 2 4 3 4 2 2 2 4 0 2 0 0 4 0 4 0 0 3 2 4 1 2 0 2 0 1 2
   4 0 0 4 2 3 4 4 2 1 0 2 0 4 3 4 2 0 1 2 2 1 0 0 3 0 2 3 0 1 0 2 3 3 3
   3 3 3 4 2 2 1 0 2 3 1 3 2 3 3 2 4 0 2 1 0 3 2 4 2 3 3 0 3 4 2 0 0 3 4
   1 0 3 2 2 0 1 2 4 2 1 2 0 0 2 4]
  [0 3 3 1 0 1 1 3 4 3 2 0 0 1 0 1 4 3 2 2 0 3 1 2 0 1 2 1 1 1 2 4 4 4 1
   2 2 2 0 4 3 2 2 4 2 0 3 1 0 3 4 3 4 1 1 3 2 0 4 1 4 2 0 1 4 4 4 0 0 0
   3 3 0 2 4 1 4 0 2 2 0 1 2 4 4 2 0 0 0 3 4 2 1 2 2 4 3 0 4 4 1 4 1 3 0
   0 2 1 3 3 2 3 1 3 2 0 3 0 1 1 4]
  [0 2 4 0 2 3 4 2 4 4 0 0 2 2 2 4 4 0 0 1 4 0 3 0 3 3 0 2 3 1 3 1 0 1 4
   4 4 2 4 3 3 0 0 4 3 3 2 3 2 3 4 3 0 4 1 3 4 4 0 0 0 3 4 2 1 2 4 2 1 1
   3 0 2 1 1 2 0 1 4 4 0 0 1 0 2 2 3 2 1 3 0 4 2 4 0 3 1 0 1 1 1 3 1 4 4
   3 4 3 3 4 0 4 1 3 3 3 3 1 4 0 1]
  [0 2 2 1 1 2 3 1 1 4 4 4 4 4 0 0 1 3 3 0 0 2 0 0 2 3 4 3 3 3 2 3 1 4 2
   3 4 1 2 1 4 0 4 0 3 4 4 1 2 3 1 0 2 3 3 1 3 1 2 2 0 2 2 2 2 1 3 2 0 0
   4 1 2 4 2 2 0 1 3 4 3 1 1 3 0 2 2 2 0 4 2 2 0 1 2 0 3 3 1 4 2 1 0 2 2
   0 0 4 3 0 4 2 1 4 4 2 3 0 4 1 1]
  [0 1 2 4 3 4 2 1 3 2 0 3 4 0 0 2 4 2 4 2 4 4 0 0 4 0 0 2 1 3 0 4 3 2 2
   0 0 1 4 4 1 0 0 3 4 0 1 1 1 1 4 1 3 4 1 4 1 4 3 4 1 0 1 1 4 4 0 0 0 2
   4 0 4 1 1 0 3 2 2 1 3 4 1 1 1 1 1 2 4 0 4 4 4 0 1 1 2 2 4 0 4 1 1 2 4
   2 3 0 1 1 2 0 2 1 0 1 2 3 0 2 2]
  [0 0 1 2 4 1 0 4 2 4 2 2 0 3 2 3 0 4 4 4 3 3 2 2 0 1 1 1 1 3 4 1 3 0 4
   4 2 3 2 0 4 0 4 4 0 1 4 2 2 0 2 0 1 4 4 3 3 3 1 4 3 0 4 1 0 2 1 0 4 2
   2 0 2 4 1 0 0 2 3 3 0 4 4 0 1 4 2 2 0 3 1 4 0 1 3 2 4 1 0 2 4 3 4 2 2
   2 4 3 0 1 2 3 3 1 3 4 4 0 4 2 4]
  [0 4 2 4 3 2 0 0 2 0 4 2 0 3 2 4 1 3 4 2 4 2 4 0 1 0 1 2 3 1 2 0 2 4 4
   3 4 2 1 2 0 2 0 1 1 1 3 2 2 1 2 0 1 4 0 0 1 1 2 4 1 3 0 0 0 4 4 1 0 4
   3 0 0 3 1 4 3 2 4 4 3 4 2 2 1 1 3 4 2 0 2 2 3 0 3 3 2 3 3 1 2 0 4 3 4
   3 3 3 3 3 2 3 0 4 2 3 1 2 4 2 4]
  [0 3 2 2 4 4 0 4 1 2 3 2 4 0 4 3 1 0 4 1 4 4 4 1 2 3 0 0 2 1 1 1 1 1 1
   0 0 2 0 4 2 4 1 1 4 3 1 3 0 2 3 1 2 0 1 4 2 4 3 0 3 0 2 4 3 0 2 0 3 3
   1 3 2 1 2 2 1 1 1 3 2 4 2 0 2 1 4 1 2 1 4 2 4 2 3 3 2 1 3 1 1 4 0 2 4
   3 1 4 3 4 1 2 4 2 0 4 3 2 2 2 4]
  [0 2 3 3 3 1 2 0 2 2 0 4 0 2 0 1 4 3 3 0 3 0 3 3 4 0 3 0 4 0 3 4 0 0 0
   0 1 4 2 3 3 0 1 3 3 3 0 0 1 4 4 4 3 3 4 3 3 3 4 1 2 1 0 0 0 3 4 1 4 4
   1 0 4 2 3 0 2 1 4 0 4 0 4 2 2 4 3 3 4 1 1 4 1 3 4 4 4 3 2 1 3 1 1 1 2
   0 4 4 4 2 1 3 1 4 0 4 4 3 2 4 0]
  [0 0 2 1 1 4 0 3 2 0 4 0 1 1 2 2 0 4 4 1 3 1 0 2 4 0 3 1 0 2 0 1 3 4 0
   1 0 3 4 4 3 4 3 1 3 1 2 1 4 0 3 3 1 3 1 4 2 2 1 4 0 4 2 2 4 4 2 4 3 2
   3 4 1 4 0 1 1 0 3 3 2 2 1 4 1 4 1 0 2 0 3 4 4 2 1 2 1 0 4 2 1 0 1 3 1
   0 0 2 1 2 0 2 2 1 1 3 0 2 3 3 3]
  [0 1 2 0 3 0 2 1 0 4 4 1 3 0 2 4 2 0 2 1 3 0 1 2 0 0 0 4 4 0 1 0 1 1 4
   3 1 4 1 4 2 4 3 0 3 2 3 3 2 4 3 3 1 0 1 1 3 4 4 1 1 3 0 4 0 4 2 3 0 4
   3 2 3 4 1 0 0 4 4 1 0 4 1 1 4 3 0 2 1 0 4 3 1 3 2 2 2 0 4 3 4 0 3 4 4
   0 0 0 4 2 3 2 0 3 4 2 1 3 1 4 2]
  [0 4 0 1 2 3 4 2 4 4 1 4 3 0 0 4 0 2 0 4 2 3 1 0 0 3 3 0 3 1 0 1 4 1 1
   4 0 1 4 2 2 2 0 0 2 3 2 1 1 1 1 1 2 0 1 0 1 1 3 1 3 3 2 2 4 4 0 1 4 3
   3 4 4 3 1 1 3 0 2 1 2 0 4 4 0 3 1 4 3 0 2 3 2 4 1 1 1 4 4 2 0 2 0 3 4
   1 2 4 4 3 4 1 4 2 0 2 0 4 1 1 4]
  [0 3 1 0 4 3 0 0 2 2 0 1 1 1 4 1 0 1 1 3 2 4 3 4 4 0 4 4 4 1 1 0 4 3 3
   1 4 2 0 0 0 1 3 1 1 4 3 2 4 4 3 0 1 3 3 1 3 1 1 3 4 4 4 3 2 1 2 2 0 2
   2 2 3 3 3 0 2 3 2 3 4 2 4 4 4 0 1 1 1 4 2 2 1 3 4 2 3 0 1 1 0 3 4 3 4
   1 3 1 1 0 4 3 3 4 4 0 1 1 1 1 1]
  [0 0 0 0 0 2 2 2 1 0 3 1 3 3 4 1 0 0 2 0 3 3 3 1 2 0 3 1 4 0 2 4 0 4 0
   3 3 4 3 1 4 2 0 3 3 3 4 0 0 2 0 0 4 0 2 4 3 2 1 0 2 0 3 1 1 2 0 1 3 3
   3 3 2 4 3 4 3 4 1 1 4 0 4 1 0 3 0 2 0 4 0 4 3 1 2 2 0 4 1 4 4 1 2 0 3
   4 3 4 4 0 1 4 3 0 4 2 0 4 4 3 2]
  [0 1 1 4 3 1 2 0 2 1 1 0 3 2 2 2 3 0 4 0 2 3 3 1 2 0 4 3 4 0 4 4 3 0 2
   2 1 0 0 0 2 3 3 0 3 1 4 1 1 4 3 4 3 2 0 0 0 1 4 3 3 2 3 2 4 1 4 0 2 2
   0 4 1 2 4 1 4 1 0 4 2 0 4 4 3 3 1 0 1 4 1 3 0 4 2 4 1 1 1 4 4 3 2 0 0
   2 3 2 4 0 3 1 4 3 2 3 1 3 0 1 0]
  [0 2 1 0 4 0 3 1 2 2 4 2 2 0 0 0 3 2 1 2 3 3 1 1 2 4 2 4 2 0 2 0 3 3 0
   3 1 1 3 1 4 4 2 4 1 2 2 0 4 2 2 2 3 3 1 2 3 1 4 3 2 2 4 2 2 4 2 1 4 3
   2 3 4 3 3 2 3 2 0 4 2 1 2 4 0 2 1 3 2 1 0 3 4 4 3 3 0 4 0 3 4 3 4 4 0
   3 3 3 4 3 0 1 4 3 4 2 3 2 1 2 0]
  [0 4 4 4 1 4 0 2 1 2 4 0 3 0 0 1 2 0 0 1 1 3 4 0 4 4 0 3 2 2 3 2 1 2 3
   0 2 2 0 4 2 2 0 4 2 0 1 4 0 3 0 3 1 0 2 0 3 4 1 1 2 0 2 3 0 4 0 0 3 0
   1 0 4 0 3 3 0 0 4 3 0 1 1 0 2 4 4 1 2 2 0 1 2 1 0 2 1 2 3 4 2 1 2 2 0
   4 1 3 0 2 0 4 4 1 4 0 4 3 0 1 4]
  [0 0 0 2 1 1 0 3 1 3 0 1 3 1 3 2 1 1 1 1 2 2 3 3 4 4 3 0 1 2 2 4 0 4 2
   4 0 4 2 1 4 4 0 0 0 0 0 0 4 3 0 0 2 2 1 3 3 4 4 2 0 4 4 1 0 1 0 0 0 3
   3 0 4 4 4 2 1 3 0 0 3 4 3 3 1 1 0 4 3 0 4 1 2 0 2 1 0 2 1 1 2 1 0 3 0
   0 1 4 3 4 3 2 4 3 2 0 0 4 0 0 2]
  [0 2 0 4 0 3 0 3 3 4 1 3 1 2 3 0 1 2 1 3 1 1 2 4 1 4 1 0 0 0 0 1 4 1 3
   4 1 0 4 4 2 4 4 4 2 3 2 3 3 2 1 0 1 1 4 4 3 4 0 3 3 3 2 1 0 4 2 4 0 2
   4 4 4 2 1 4 1 3 1 2 0 0 3 3 4 3 1 4 4 0 4 3 1 3 3 1 1 2 2 2 1 4 3 3 3
   2 4 1 3 0 4 3 4 2 3 2 3 4 1 0 2]
  [0 4 3 2 0 3 1 3 2 1 0 3 1 4 0 4 3 1 4 4 3 2 0 2 1 0 1 3 0 0 0 1 3 2 4
   1 4 4 0 2 3 2 2 4 4 0 4 2 2 4 4 2 2 1 3 1 1 1 2 2 0 2 2 3 0 0 4 0 4 4
   0 3 2 0 4 0 1 4 3 0 1 4 0 1 0 3 3 2 2 0 0 4 1 1 0 1 3 3 3 1 0 2 4 1 1
   1 1 2 4 0 2 3 1 1 3 2 2 4 1 4 2]
  [0 3 0 0 3 2 0 0 0 3 4 2 0 4 1 2 4 2 4 4 3 0 0 3 4 4 1 2 2 1 2 2 4 3 4
   1 1 4 2 0 4 1 1 4 4 1 0 3 1 3 0 0 0 4 0 2 0 0 4 3 2 3 1 1 3 2 1 0 0 0
   3 1 4 0 4 1 3 2 1 0 2 3 3 0 3 0 2 3 1 1 2 4 2 4 3 3 4 2 3 1 4 2 3 0 4
   2 2 1 1 2 1 4 0 3 1 3 0 4 0 2 0]
  [0 2 4 2 4 4 3 2 2 3 3 1 0 1 0 1 3 2 0 0 4 4 4 0 4 4 4 2 0 2 3 1 2 2 4
   2 4 4 4 0 0 0 2 2 2 3 4 2 2 2 3 3 3 2 0 3 3 4 3 2 4 1 0 2 0 2 1 0 3 0
   2 4 0 3 2 0 3 3 4 2 3 0 1 0 4 2 0 0 3 4 4 2 2 2 0 1 4 3 0 1 2 0 3 3 4
   1 2 4 1 2 0 1 0 1 3 1 3 2 4 4 3]
  [0 0 1 0 2 1 1 0 3 3 2 0 3 2 3 3 3 0 1 3 3 2 3 4 0 1 0 0 4 3 4 4 2 4 0
   2 3 1 1 1 2 0 4 1 1 2 4 0 1 0 2 0 2 4 2 3 4 4 1 1 4 1 2 0 1 0 2 1 1 0
   3 0 4 2 3 1 0 1 1 4 4 4 0 3 4 3 3 4 2 4 3 1 2 0 1 2 3 1 1 0 0 2 4 3 3
   1 2 1 2 4 2 2 1 0 2 3 1 4 4 0 0]
  [0 1 0 2 4 1 1 4 0 4 2 4 3 3 2 4 2 4 4 3 0 4 4 2 4 3 3 2 0 0 0 0 3 0 1
   3 1 3 2 1 1 3 0 0 3 0 4 1 0 2 2 2 2 2 0 1 1 2 4 3 1 3 4 2 0 2 4 3 4 2
   4 3 2 2 4 3 2 3 3 0 3 3 2 0 2 2 3 0 4 4 4 0 3 1 0 0 4 2 1 2 1 0 3 4 1
   0 4 2 2 4 0 2 1 2 1 0 4 2 2 1 1]
  [0 2 0 0 4 4 0 3 1 3 1 3 1 1 0 2 1 4 2 0 3 4 1 4 2 3 0 1 4 2 3 2 1 1 2
   3 1 3 0 3 4 3 3 0 1 1 3 3 0 0 4 1 0 2 1 0 2 0 0 1 2 3 3 2 1 4 2 1 0 2
   2 0 1 3 3 2 0 0 2 2 1 1 3 4 3 4 3 4 3 2 4 1 3 0 2 3 4 4 0 1 0 2 4 0 4
   1 3 1 2 0 1 1 0 2 2 0 4 2 2 0 3]
  [0 2 2 2 3 3 3 4 3 1 3 3 1 1 2 1 0 4 1 4 4 0 2 2 3 0 1 0 0 0 2 1 2 0 2
   1 4 2 3 1 3 4 2 1 0 1 2 4 0 4 4 2 2 3 2 0 1 4 1 4 3 4 3 1 4 3 1 3 0 3
   2 2 2 4 3 2 1 1 4 1 3 4 1 3 4 0 4 3 4 0 2 1 3 1 4 0 2 0 0 1 4 1 2 0 4
   1 3 1 0 0 3 3 4 0 2 0 1 3 4 0 4]
  [0 3 2 0 4 3 3 0 2 0 0 0 0 0 1 2 4 0 4 1 4 0 0 1 0 1 3 0 4 0 0 3 3 3 3
   1 2 1 0 1 1 2 1 2 0 0 1 4 2 2 2 4 4 4 1 2 0 0 1 0 1 4 3 2 4 3 1 3 3 0
   0 4 1 3 1 3 4 1 1 2 0 0 3 1 1 3 2 1 3 0 2 3 3 0 1 3 4 4 3 4 1 2 4 2 3
   2 3 2 1 1 4 1 0 1 3 4 0 3 4 3 4]
  [0 0 4 2 0 0 2 0 0 1 4 4 1 4 3 1 3 2 3 2 3 2 1 3 3 0 1 1 1 2 0 3 2 0 4
   2 3 1 2 1 3 2 1 4 3 2 0 1 2 1 1 2 2 1 0 1 1 4 0 3 3 0 1 3 2 0 3 2 3 1
   0 0 3 3 0 4 3 3 2 0 2 1 0 4 1 1 1 1 3 4 3 4 4 2 2 4 0 1 4 1 4 2 0 0 3
   4 3 1 3 2 1 1 1 1 1 1 4 4 4 2 0]
  [0 1 4 0 4 3 4 0 0 0 4 1 2 2 0 4 3 1 3 4 2 4 0 0 3 2 0 3 3 2 4 3 1 3 0
   3 4 1 3 3 0 3 0 4 1 3 0 0 3 1 3 0 0 0 4 3 4 1 1 2 2 0 2 2 2 0 1 2 4 1
   3 4 0 2 2 3 3 0 1 3 1 1 3 0 0 0 4 0 1 2 1 3 2 2 1 0 3 2 1 0 3 4 3 2 4
   1 2 0 0 3 0 3 1 1 3 2 2 0 1 0 0]
  [0 2 3 3 0 1 0 4 4 2 3 1 3 2 4 1 0 4 2 2 1 4 1 0 3 0 4 1 2 2 0 0 2 1 2
   4 2 4 3 3 1 1 2 2 3 2 1 4 0 2 0 1 0 1 1 0 0 4 2 0 0 3 0 1 3 3 1 3 4 3
   0 0 4 0 3 4 2 2 3 3 0 1 1 0 1 0 2 3 1 3 0 4 4 3 1 2 1 2 0 0 4 3 1 1 4
   4 4 4 0 4 4 3 3 1 1 2 3 0 3 2 0]
  [0 1 0 4 4 4 2 2 3 4 0 1 3 0 3 2 4 1 0 1 0 2 1 3 2 0 4 1 0 3 3 4 1 2 3
   3 1 1 0 3 4 4 0 2 1 4 3 3 2 0 3 1 4 2 0 1 2 4 2 2 3 3 4 3 3 1 4 4 2 4
   3 0 2 0 4 1 2 2 3 4 3 3 0 1 1 2 0 2 2 0 4 0 3 2 4 2 1 2 3 0 2 4 0 0 0
   4 4 1 3 1 1 4 1 0 3 0 0 0 0 2 2]
  [0 4 1 1 2 4 0 4 4 2 0 1 1 4 0 3 2 2 0 3 4 4 4 4 1 3 4 3 1 1 1 4 2 0 3
   0 1 4 1 2 4 1 4 3 4 2 0 1 3 1 0 1 2 2 0 3 1 1 0 3 0 0 0 0 0 4 2 3 2 3
   3 1 0 2 2 0 2 1 1 4 2 2 2 2 4 0 0 4 0 1 4 4 2 0 1 4 2 4 0 1 3 2 3 2 2
   2 2 0 3 3 4 0 3 3 1 0 4 4 0 1 2]
  [0 2 3 2 4 1 3 4 2 4 1 4 0 3 3 1 4 1 1 3 2 1 0 4 2 4 3 3 1 0 0 0 4 4 1
   3 1 2 1 2 4 4 1 4 1 2 1 0 1 0 1 0 4 0 2 2 2 2 1 2 2 3 4 4 3 2 2 1 2 0
   3 4 3 4 3 4 1 0 0 2 4 1 4 4 4 2 1 0 0 0 0 0 2 1 0 4 2 1 2 2 2 2 1 2 3
   3 3 1 0 0 4 4 4 0 2 2 3 0 0 2 2]
  [0 2 0 4 2 0 2 3 2 3 0 4 3 0 1 0 0 2 2 3 0 1 4 1 2 0 2 3 0 0 2 2 4 3 1
   2 3 3 1 2 1 3 1 0 4 2 3 3 0 2 2 2 0 1 4 4 2 2 2 2 2 3 1 4 1 0 0 2 4 1
   4 4 0 1 0 1 4 4 4 2 4 1 3 2 3 3 2 3 4 4 1 4 3 2 0 4 2 4 2 4 2 3 2 0 1
   0 1 3 4 1 3 3 2 2 3 2 0 4 4 0 0]
  [0 0 0 3 1 1 2 4 2 3 0 0 1 2 3 4 2 2 4 0 3 3 2 0 0 2 2 0 4 4 0 4 1 2 2
   2 0 1 4 0 3 3 0 4 3 3 4 3 1 2 3 4 1 0 0 1 2 3 3 1 4 2 0 1 0 4 0 3 4 0
   0 1 1 4 4 4 1 4 1 0 1 2 2 2 0 4 0 0 0 2 0 0 3 4 2 0 0 2 1 1 3 0 0 1 4
   2 0 3 3 4 1 3 3 4 0 0 1 1 0 0 3]
  [0 4 0 4 4 2 2 0 1 4 0 3 0 0 0 2 0 3 3 3 1 3 1 2 2 1 0 0 3 2 2 4 4 2 3
   0 4 1 2 1 2 3 0 0 1 1 3 3 4 4 0 2 2 2 0 2 4 3 4 4 0 0 2 4 4 1 0 0 2 4
   1 1 3 2 0 2 4 1 0 2 4 3 4 0 4 4 2 2 0 4 3 2 4 2 4 2 0 3 4 4 0 4 2 1 1
   4 0 2 4 1 4 3 2 4 4 3 3 2 4 4 4]
  [0 1 3 1 2 2 4 3 3 0 2 0 2 0 3 0 1 1 3 3 2 2 3 1 2 2 2 1 4 3 0 4 1 4 2
   2 0 0 0 0 2 1 4 1 1 1 2 3 3 2 0 1 3 1 3 0 3 1 4 2 3 2 0 0 3 0 3 0 3 4
   3 0 0 0 0 3 3 1 4 4 1 1 3 1 0 2 0 4 2 2 2 0 1 4 4 0 2 4 1 2 0 2 1 1 3
   2 3 4 2 2 3 1 3 0 0 0 1 1 0 3 2]
  [0 3 3 3 1 0 2 1 2 3 3 2 1 4 4 0 0 0 4 4 0 1 2 4 1 3 3 0 0 2 2 1 0 0 1
   3 2 1 3 3 2 3 0 2 4 1 1 0 3 0 0 3 0 1 4 2 0 2 1 1 0 4 1 2 0 2 3 0 0 4
   2 4 1 4 1 0 0 3 1 4 1 4 1 2 0 2 4 4 4 4 0 4 4 3 2 1 3 4 2 1 3 2 3 3 4
   1 1 1 1 4 3 3 2 1 3 2 3 3 0 3 0]
  [0 1 0 1 4 4 4 2 0 0 1 0 1 0 0 4 1 3 3 3 3 3 3 3 0 2 2 0 0 1 0 2 3 2 3
   2 2 0 0 3 0 2 1 0 4 1 1 2 4 4 0 1 1 1 4 4 4 0 2 4 0 4 4 4 3 3 2 4 1 3
   2 3 1 3 0 2 2 4 1 2 2 0 4 3 1 0 2 3 4 1 2 4 4 2 1 4 0 1 1 1 1 1 4 2 1
   4 3 4 0 4 0 4 1 2 1 3 1 4 0 4 1]
  [0 0 0 2 4 0 3 0 0 2 2 0 3 2 1 2 1 0 2 4 1 2 2 0 0 0 1 1 0 2 2 1 2 0 4
   1 2 1 4 4 2 4 1 1 3 3 2 0 3 4 1 4 3 2 3 2 1 3 0 1 1 1 1 2 1 1 3 0 3 3
   1 1 2 1 2 1 3 4 4 2 0 3 4 2 1 3 4 2 1 3 3 1 2 4 3 2 4 3 1 1 4 4 1 0 0
   3 2 4 2 1 1 3 4 0 1 0 3 0 4 1 1]
  [0 3 2 1 4 2 2 1 0 2 4 2 4 1 2 1 1 0 4 2 3 3 2 2 1 2 0 2 2 1 4 1 1 4 0
   4 3 1 2 1 4 2 0 2 1 2 3 1 3 4 0 4 4 1 3 3 0 0 1 0 2 1 4 3 3 2 3 3 0 0
   3 3 3 3 4 0 4 1 1 4 0 4 3 0 2 1 1 4 2 4 3 1 1 1 4 3 0 2 4 2 1 3 1 3 1
   3 1 4 1 4 2 0 0 3 0 2 0 3 0 2 4]
  [0 4 4 1 2 3 0 1 4 0 1 1 2 3 1 3 3 0 4 3 4 0 4 3 0 4 4 2 1 4 3 4 0 3 2
   1 4 3 4 0 2 3 1 3 2 2 0 2 4 4 4 3 2 0 1 4 2 0 0 3 0 4 3 2 3 4 0 0 2 4
   2 3 4 1 0 1 4 1 2 2 2 2 2 3 0 4 3 2 1 3 3 1 2 2 4 2 1 0 0 2 1 3 1 3 1
   4 3 1 0 3 1 0 0 3 4 1 1 3 3 3 4]
  [0 3 4 2 3 0 3 3 1 4 4 3 3 0 4 1 3 1 1 2 2 4 0 1 3 0 1 3 3 0 3 0 3 2 4
   4 0 0 4 3 3 4 2 2 2 1 4 3 2 3 3 1 3 3 0 0 1 1 0 1 1 0 3 3 2 1 1 3 0 1
   1 1 3 0 4 2 4 2 3 2 3 1 4 3 4 1 2 1 2 4 2 3 4 2 2 3 4 0 2 2 2 0 1 3 0
   1 0 3 2 1 1 3 4 0 1 1 3 3 1 2 0]
  [0 2 1 1 1 3 2 2 3 1 0 2 4 4 4 2 1 3 2 3 4 0 2 4 0 3 4 4 0 1 3 4 1 1 4
   0 4 1 0 2 0 1 0 1 1 2 4 4 2 1 0 1 2 0 4 3 1 2 1 3 0 0 0 0 1 1 3 1 1 0
   4 1 0 3 1 0 0 3 3 1 1 2 3 0 0 0 1 4 4 1 4 1 2 3 2 4 3 2 0 2 0 2 0 2 0
   1 3 0 4 3 1 0 0 4 2 4 3 3 1 1 4]
  [0 3 0 0 2 4 2 3 4 1 0 1 4 1 4 1 2 4 1 0 2 2 0 1 3 4 0 0 0 2 0 0 2 0 0
   3 3 4 0 1 0 0 1 3 2 4 2 1 0 4 0 3 3 1 0 0 0 0 1 3 0 0 2 0 1 0 0 2 0 4
   2 4 1 4 3 2 3 2 4 4 4 0 0 2 3 0 3 2 3 2 1 3 4 4 4 2 1 1 3 0 4 3 0 4 2
   3 4 1 3 2 0 4 3 3 2 2 0 4 1 1 4]
  [0 1 2 1 2 1 3 0 1 4 1 1 2 4 4 3 4 3 0 1 4 1 2 2 1 4 2 2 4 4 4 4 0 4 2
   1 0 0 2 3 0 2 2 2 4 2 3 4 3 1 1 1 4 4 1 2 3 0 3 1 4 1 2 0 0 4 3 3 1 3
   0 2 4 0 4 0 3 2 2 0 3 1 2 0 2 1 0 0 3 1 3 0 2 3 3 1 0 4 3 0 2 4 3 0 2
   4 2 3 0 3 3 3 4 4 2 2 0 4 2 4 3]
  [0 2 2 0 1 0 3 0 1 4 3 0 1 1 2 4 4 4 0 0 2 3 2 2 3 2 1 4 1 4 3 2 3 4 2
   3 1 1 1 4 4 4 0 2 4 4 3 2 0 3 3 0 1 2 4 1 1 2 3 4 1 1 0 3 1 0 2 2 4 2
   1 4 3 3 4 3 1 3 1 1 0 0 2 0 3 1 1 4 1 0 3 1 4 1 1 4 2 0 0 4 0 3 0 4 2
   0 3 1 3 1 0 4 2 3 0 1 1 3 0 4 0]
  [0 4 1 1 4 3 1 0 1 0 3 4 1 2 1 2 1 3 2 1 0 0 0 3 4 2 1 1 1 3 2 4 4 2 1
   1 3 3 0 3 4 2 2 4 2 4 0 2 3 3 1 4 4 0 1 4 4 0 0 2 4 0 2 4 0 3 0 1 1 0
   1 0 0 3 1 2 0 3 4 4 4 2 0 0 0 0 2 2 4 2 4 4 4 3 1 1 0 4 2 1 4 4 4 0 0
   0 0 0 2 2 2 4 3 1 3 4 4 1 4 1 1]
  [0 3 1 4 4 2 2 1 0 1 2 0 4 3 4 2 2 1 2 2 4 2 0 2 2 1 2 3 0 1 0 1 2 4 3
   3 2 2 0 1 3 2 4 3 2 4 4 1 0 1 0 2 4 0 3 1 2 1 3 3 4 1 3 4 2 0 4 0 0 0
   4 3 4 4 0 3 1 4 0 2 1 4 1 1 3 2 1 4 0 2 0 2 2 0 0 4 1 3 1 4 4 1 1 0 1
   1 0 3 4 0 3 4 4 1 1 3 3 1 1 3 1]
  [0 4 1 0 0 4 4 3 1 4 0 2 0 3 3 1 4 0 3 0 4 1 0 0 4 4 1 0 3 2 3 2 4 1 2
   3 4 2 3 1 0 1 2 4 2 2 2 2 0 0 4 0 1 0 2 4 1 2 0 2 3 4 1 0 1 0 0 3 0 0
   0 3 0 1 1 2 0 4 1 2 4 1 1 4 3 2 2 4 1 3 1 0 0 1 2 1 1 0 1 2 0 0 2 4 1
   1 0 0 2 0 3 2 4 0 1 4 4 4 3 1 4]
  [0 3 4 3 1 0 3 1 0 4 2 3 4 3 4 3 2 2 2 1 1 2 3 4 0 0 1 1 4 1 0 1 2 3 3
   4 2 3 0 0 1 4 3 0 1 2 0 3 2 2 4 3 0 4 1 1 0 2 4 0 3 2 4 3 0 0 2 4 0 0
   4 0 4 1 4 1 2 1 0 0 2 2 4 1 1 3 4 4 2 2 0 1 2 1 1 3 1 1 1 0 3 2 2 1 1
   3 2 2 2 3 0 3 3 1 3 0 0 2 1 1 1]
  [0 0 1 0 0 0 1 0 3 4 4 3 0 3 4 3 4 0 1 3 1 0 3 3 0 3 4 4 0 0 0 2 2 3 4
   3 1 1 3 1 0 1 0 4 2 2 0 3 4 1 4 4 0 0 3 0 1 3 0 1 3 4 2 2 1 0 4 3 2 0
   0 2 2 3 4 2 2 2 3 2 2 2 2 0 2 1 0 3 4 0 1 1 1 2 2 2 2 2 1 2 0 2 1 1 0
   0 2 4 1 0 0 0 3 2 2 3 1 0 2 1 3]
  [0 3 4 2 0 2 3 4 4 0 1 3 0 4 0 3 3 0 2 2 1 0 2 2 2 2 3 2 0 4 1 1 4 3 0
   0 0 2 0 4 1 2 3 1 1 0 0 2 3 2 0 1 4 0 4 4 2 1 2 3 4 3 2 4 4 2 1 3 1 2
   1 0 3 0 4 3 3 0 1 2 4 4 0 4 1 3 0 1 1 0 2 3 1 3 4 1 3 1 2 0 1 0 0 3 0
   4 2 2 1 2 1 3 4 3 0 4 1 0 0 3 3]
  [0 1 2 1 4 4 1 2 2 0 2 4 0 2 4 3 0 2 2 2 4 0 0 1 4 1 1 2 3 4 2 2 4 4 3
   3 0 0 0 3 0 4 4 1 2 3 0 3 3 2 3 3 3 0 2 4 4 0 0 2 2 1 3 3 3 3 4 3 1 2
   1 0 0 1 4 1 1 4 3 0 1 4 4 0 1 2 0 4 2 3 2 4 0 1 4 1 1 4 3 0 0 4 0 1 0
   1 1 1 4 0 4 0 1 4 1 3 0 2 3 0 3]
  [0 2 3 0 1 4 0 1 0 1 1 3 3 3 0 3 2 0 4 1 1 3 4 3 1 1 0 1 1 3 1 4 3 4 3
   4 4 4 2 3 2 4 3 4 4 0 3 3 1 0 2 2 0 4 2 1 3 4 2 1 2 2 4 0 1 1 0 3 3 1
   4 0 2 0 0 1 1 4 3 4 2 4 1 3 0 1 2 2 3 0 4 2 2 1 1 1 0 1 4 4 1 1 4 3 3
   1 1 3 3 2 4 3 0 1 2 0 1 4 4 2 1]
  [0 0 2 1 3 3 0 2 2 1 1 3 1 2 4 4 3 4 0 3 0 0 2 2 2 1 4 0 2 2 2 4 2 0 3
   0 4 1 3 4 2 4 3 3 4 0 1 0 1 3 0 3 4 0 4 2 2 1 3 2 2 1 0 4 3 4 0 3 3 2
   2 2 1 2 0 0 2 1 1 2 3 2 4 3 0 1 3 2 2 0 4 1 1 2 1 1 1 3 3 0 4 1 0 1 1
   4 3 2 3 3 0 0 1 0 0 1 3 1 1 0 0]
  [0 1 4 0 3 4 0 3 2 4 3 2 4 0 2 2 3 4 0 0 4 1 3 2 1 4 0 4 0 1 0 3 0 3 1
   0 3 2 4 4 3 3 4 1 1 3 0 3 0 0 1 3 2 4 0 0 1 2 2 0 2 2 1 0 3 2 0 4 1 0
   1 3 1 0 4 0 2 2 1 1 3 2 3 1 0 3 1 2 0 4 4 3 3 2 0 4 4 3 3 2 1 3 1 1 3
   1 0 1 4 1 1 1 1 1 0 4 4 3 4 1 2]
  [0 0 1 1 4 4 4 4 0 1 2 0 4 4 3 3 0 1 2 2 3 2 3 0 3 3 3 0 1 3 3 4 0 0 4
   1 1 0 4 3 1 4 4 2 2 3 3 2 2 0 3 2 1 0 4 3 2 0 0 4 3 1 1 0 1 0 3 1 0 2
   0 3 4 0 4 4 0 4 3 2 2 2 1 0 2 2 4 3 1 0 4 4 1 2 2 1 0 3 3 2 4 2 0 2 2
   4 3 0 3 4 1 3 2 1 3 2 2 2 2 2 2]
  [0 0 0 4 2 0 2 1 3 0 0 4 4 2 4 3 1 2 0 0 0 1 0 4 1 3 3 2 0 3 2 2 4 2 2
   1 4 3 2 0 4 0 1 2 2 3 3 4 3 1 0 4 3 2 2 1 4 2 1 3 4 3 2 4 3 0 2 3 1 2
   4 2 0 2 0 1 1 0 0 3 2 1 3 1 1 4 3 0 2 4 4 2 1 3 2 1 0 0 4 3 2 3 4 0 4
   1 3 2 3 3 1 4 4 3 3 1 4 3 0 2 0]
  [0 1 1 4 4 3 3 0 0 1 0 3 1 4 4 1 2 1 4 3 0 4 0 4 3 0 4 2 2 2 2 4 3 4 3
   4 4 4 4 0 4 3 4 1 4 0 4 2 2 1 3 1 4 4 0 0 3 2 4 1 1 3 3 2 0 0 4 4 3 2
   4 1 1 3 3 1 3 0 0 0 1 3 2 1 3 2 1 0 3 2 1 3 4 3 0 1 0 3 0 1 0 3 2 2 0
   2 3 1 2 4 3 4 3 4 4 2 1 3 3 2 2]
  [0 2 0 1 1 0 0 4 1 3 2 2 2 2 3 3 1 3 1 1 0 0 4 3 0 1 0 2 4 1 2 1 4 3 3
   4 3 2 1 0 0 1 4 3 4 2 2 2 0 4 1 1 3 3 4 0 4 0 4 1 4 0 4 3 2 4 0 2 2 0
   0 4 4 1 0 2 0 3 1 0 2 4 0 2 4 3 4 0 4 4 2 4 2 4 2 1 1 4 0 0 1 1 4 3 4
   1 3 3 4 2 2 4 3 0 2 0 0 3 1 1 1]
  [0 4 2 2 4 0 4 3 2 1 2 0 1 3 3 1 1 4 3 4 0 0 0 2 4 0 0 2 2 2 2 1 1 4 0
   3 2 4 1 1 0 4 3 0 3 3 2 4 0 4 1 1 2 4 2 0 3 3 2 1 3 0 4 1 0 0 3 0 3 4
   0 4 3 1 1 3 1 0 3 4 0 2 3 3 1 1 2 3 3 3 1 1 3 4 4 4 1 3 2 3 1 4 2 3 4
   3 2 2 0 2 0 0 0 0 1 1 1 2 0 3 3]
  [0 1 0 4 2 4 4 3 3 2 3 2 2 4 4 0 2 0 0 3 1 4 1 2 4 3 1 1 4 1 1 4 2 4 0
   3 1 3 2 3 2 3 0 1 2 3 1 3 1 1 1 1 2 3 4 3 1 3 1 2 2 2 2 0 2 2 4 0 4 1
   3 3 0 1 4 0 4 3 0 0 0 0 4 2 1 4 1 2 4 1 1 4 4 3 1 1 4 4 1 3 2 2 0 2 0
   1 3 2 4 0 4 3 2 2 0 2 0 1 2 1 0]
  [0 2 0 1 0 1 1 0 1 0 1 4 1 2 4 0 0 2 1 4 2 1 1 1 4 0 4 4 4 3 1 3 4 3 1
   1 4 0 3 2 2 0 3 1 3 3 1 2 0 3 4 0 0 4 2 0 2 2 0 1 4 2 2 1 4 0 1 3 0 3
   0 2 3 0 0 2 1 0 3 2 3 1 0 2 1 3 3 0 1 2 2 0 1 4 3 2 1 1 3 3 1 1 3 2 2
   1 1 2 0 4 1 1 2 1 3 1 0 1 3 3 4]
  [0 1 1 0 4 1 2 4 4 4 3 0 1 4 4 4 3 4 4 3 1 3 0 4 0 4 4 2 0 1 3 2 2 4 4
   1 0 2 0 1 1 2 0 0 1 4 0 0 3 4 2 4 3 1 3 2 4 1 3 2 1 0 4 1 2 1 4 1 3 3
   2 2 2 2 2 4 2 3 3 1 0 0 4 0 1 2 1 3 4 0 2 0 3 1 1 3 1 1 4 3 1 1 2 0 1
   3 1 1 1 3 4 4 2 0 0 4 2 2 0 0 2]
  [0 0 3 1 2 2 3 1 0 4 3 2 2 3 0 4 3 3 2 1 0 2 4 2 2 3 3 0 3 3 0 3 3 0 2
   4 0 3 1 2 1 1 3 4 4 0 3 3 0 4 3 3 3 1 2 2 0 0 0 2 2 3 3 4 1 4 0 3 1 3
   0 4 2 0 1 2 3 1 2 2 2 3 1 4 0 0 2 1 3 1 0 3 4 1 1 2 0 0 0 1 1 0 2 0 0
   2 0 0 4 2 4 1 3 0 2 3 1 2 3 0 1]
  [0 3 1 0 4 0 3 3 0 1 1 4 4 2 1 1 2 2 3 2 3 4 0 4 0 1 3 1 4 3 3 4 1 3 1
   2 2 4 2 0 3 3 0 3 2 3 4 2 3 2 3 2 2 4 1 0 3 4 0 3 2 1 4 4 2 3 0 3 0 0
   4 4 3 2 1 4 4 2 2 0 2 1 4 2 3 0 1 4 3 3 1 1 3 1 2 4 4 3 0 4 0 4 2 3 2
   3 0 0 1 1 0 0 0 0 1 1 4 4 3 3 3]
  [0 4 2 1 4 4 1 4 1 2 0 4 3 3 4 4 4 3 2 3 4 2 3 2 4 4 1 0 4 4 0 3 2 2 4
   3 1 0 3 2 4 1 1 4 1 2 2 2 0 0 3 2 0 4 3 2 0 4 0 0 4 0 2 3 1 1 0 1 3 1
   1 2 4 0 1 1 2 4 4 0 4 3 2 4 0 4 0 2 0 4 3 3 1 3 2 1 2 0 3 0 3 2 0 3 1
   3 1 1 3 4 3 3 3 3 2 3 3 4 0 2 1]
  [0 0 0 3 1 2 1 1 0 3 4 4 0 4 2 1 2 4 1 4 0 3 0 0 0 2 3 3 0 3 3 2 3 2 3
   4 2 4 0 1 1 3 4 4 4 2 1 3 1 2 2 0 3 1 4 1 1 2 1 2 1 3 2 0 4 0 2 0 3 2
   3 2 4 3 2 3 0 0 2 0 0 4 4 1 3 0 0 0 1 0 0 3 2 0 3 1 4 4 1 0 0 0 4 4 1
   3 3 1 0 0 2 4 1 1 2 2 4 1 1 0 1]
  [0 4 2 0 1 2 1 2 2 1 3 4 3 0 0 2 1 4 2 3 0 1 0 3 4 0 0 3 1 1 3 4 4 3 3
   1 2 4 2 3 3 3 4 0 2 4 1 2 2 2 3 2 0 4 4 4 2 4 0 4 1 3 2 4 3 1 3 2 2 0
   4 4 4 1 4 4 1 3 0 2 4 0 3 2 0 3 1 4 0 1 3 4 2 3 1 4 3 3 0 4 4 4 2 1 4
   2 3 0 4 3 2 2 0 2 4 4 0 4 0 4 2]
  [0 3 3 2 1 1 0 2 4 1 1 1 1 2 3 0 0 3 1 4 3 2 1 2 0 2 4 4 1 0 4 0 0 3 3
   4 0 1 0 2 2 4 1 1 2 2 1 1 4 2 0 0 2 1 4 4 4 1 2 3 0 2 4 4 2 1 1 4 1 1
   1 3 0 4 4 4 1 1 4 0 4 1 2 0 0 1 0 0 4 0 3 0 4 1 4 2 3 2 1 4 3 2 1 3 3
   2 2 4 2 4 1 0 0 1 3 0 4 0 3 4 1]
  [0 3 4 4 3 2 3 0 0 2 3 4 1 1 3 3 1 0 2 0 4 3 1 0 2 2 4 2 2 4 2 2 1 0 2
   1 0 4 2 2 1 0 0 4 2 4 1 4 2 3 4 0 1 0 3 0 0 3 4 3 4 2 4 4 2 4 0 3 2 0
   3 0 0 2 0 3 2 4 3 1 0 1 4 3 2 2 2 2 3 3 0 2 2 3 3 0 3 3 1 3 0 3 4 1 3
   0 2 1 4 3 4 3 1 4 3 2 0 0 3 1 2]
  [0 2 3 0 1 0 1 1 0 3 2 3 2 3 0 1 2 4 2 4 4 1 2 2 4 0 3 1 2 0 1 4 1 1 0
   2 0 0 4 1 3 4 1 0 1 1 4 2 2 3 1 1 2 2 0 4 4 1 3 3 3 0 1 4 0 0 2 0 3 3
   3 2 0 0 4 4 0 4 1 2 0 1 1 1 4 3 3 1 4 3 4 0 2 3 2 1 0 1 4 4 3 4 4 1 2
   4 0 0 1 0 0 4 4 3 1 0 4 4 0 2 1]
  [0 0 0 0 0 1 0 3 2 4 4 0 3 4 2 3 2 4 4 1 4 0 0 2 0 0 1 0 1 4 1 0 0 1 0
   2 1 0 1 1 1 4 4 3 4 1 4 0 3 4 2 3 4 0 1 4 3 1 4 2 0 0 0 3 3 1 4 1 2 1
   2 3 0 1 4 0 4 3 2 1 3 2 0 4 1 4 3 0 2 4 0 2 0 1 0 3 0 2 3 4 4 3 4 3 2
   3 4 0 2 0 2 1 2 2 2 4 4 1 4 4 1]
  [0 2 1 0 4 1 1 1 4 0 2 3 4 2 2 3 2 2 3 3 3 4 1 2 0 4 1 3 1 1 1 4 3 2 1
   4 1 1 4 4 1 2 3 3 4 1 0 0 4 0 4 3 0 0 1 1 1 4 0 2 3 3 1 4 4 2 4 1 3 4
   4 1 0 4 4 2 2 1 0 0 1 4 2 4 1 3 2 1 1 3 0 1 1 0 1 4 3 2 2 3 4 1 3 2 2
   0 0 2 3 1 0 3 0 2 2 3 1 0 1 1 2]
  [0 4 2 1 3 2 3 2 2 4 1 1 2 2 0 2 1 3 0 2 0 3 1 1 0 3 0 1 3 0 1 2 1 4 0
   4 4 0 2 2 3 3 0 1 4 0 2 1 1 0 0 3 0 3 4 1 4 1 4 2 2 1 3 3 4 1 3 4 3 4
   1 4 3 4 0 2 3 1 0 0 0 4 1 0 0 1 4 1 0 3 1 2 2 2 0 3 3 0 3 0 1 0 1 3 3
   4 0 3 4 1 0 3 0 4 0 3 0 4 0 2 1]
  [0 3 0 0 2 4 1 2 1 2 0 2 0 0 2 3 0 2 2 1 1 1 4 1 2 1 0 1 4 0 0 3 4 3 1
   4 3 0 3 4 3 4 3 1 0 3 3 4 3 1 3 3 0 4 2 3 1 1 3 0 2 2 4 0 2 1 3 1 4 0
   4 2 4 0 1 0 2 4 2 2 1 0 0 3 1 2 3 0 0 1 1 4 2 0 2 0 4 3 3 2 1 0 0 3 1
   2 1 1 2 4 4 3 0 2 4 4 0 0 1 4 4]
  [0 3 1 4 3 0 1 3 1 4 3 4 1 2 0 3 3 3 3 4 0 3 4 1 0 0 4 1 1 1 4 1 1 4 0
   2 2 4 4 2 4 3 4 0 3 0 3 3 3 3 1 0 3 3 1 3 3 0 2 0 4 0 0 3 4 4 2 3 3 2
   4 2 1 3 4 4 2 2 1 4 0 2 2 2 4 0 4 1 3 3 4 1 3 4 4 4 0 0 3 0 1 3 1 4 1
   0 0 4 2 1 3 1 1 1 4 2 0 1 2 0 1]
  [0 2 2 2 4 4 4 0 0 4 1 3 1 1 1 2 1 0 3 2 3 4 0 1 4 1 3 4 1 0 3 2 0 4 3
   2 0 2 1 1 1 2 1 0 3 1 3 3 3 4 4 2 2 0 0 4 0 1 1 1 4 1 3 0 1 1 0 4 4 2
   4 4 0 1 1 3 0 1 3 4 1 2 2 1 1 3 1 0 1 0 4 3 4 2 3 1 0 0 1 0 4 2 4 1 0
   1 1 0 4 3 3 4 4 0 0 2 0 3 3 2 4]
  [0 1 0 1 1 3 3 4 4 2 1 3 0 4 0 4 4 0 1 0 0 3 1 1 0 2 0 2 0 1 1 1 0 4 3
   4 2 3 3 1 4 4 1 0 2 4 2 3 4 1 2 0 2 2 0 1 1 3 1 4 2 4 0 3 1 0 0 3 1 3
   2 3 3 0 3 1 0 3 0 1 1 0 2 0 4 0 0 0 3 0 3 4 4 4 2 0 1 3 0 0 1 0 0 3 0
   3 4 2 0 1 2 1 1 1 4 3 2 2 3 2 4]
  [0 4 2 1 2 2 3 0 4 0 4 0 0 1 3 4 4 4 0 0 2 3 4 2 2 1 4 2 1 0 3 3 1 0 4
   1 3 1 2 4 4 4 3 1 2 4 3 0 1 0 0 3 0 2 3 3 1 4 3 4 2 2 4 1 4 1 0 3 0 2
   0 3 0 4 3 0 0 0 1 0 4 0 1 0 1 1 1 4 1 1 0 1 1 3 1 4 2 1 0 0 3 2 0 1 0
   0 0 2 2 0 4 0 2 4 4 1 2 1 2 4 3]
  [0 4 2 0 2 4 3 2 3 2 1 3 3 3 3 2 4 3 1 2 3 4 2 4 1 3 2 0 1 2 0 0 4 0 1
   4 1 2 3 0 3 3 3 4 0 3 3 2 2 3 1 4 4 1 2 3 3 4 4 2 4 4 3 1 3 4 2 4 1 2
   2 1 0 2 4 2 0 4 4 0 1 3 0 3 4 0 3 1 1 0 1 4 0 1 1 2 0 4 2 3 0 2 1 0 2
   2 4 3 3 1 0 4 4 4 3 4 3 3 4 4 2]
  [0 0 1 1 1 3 1 4 4 4 3 2 3 2 3 0 3 2 2 4 0 4 1 4 1 1 0 1 2 3 4 3 3 2 0
   1 3 4 2 1 1 0 2 3 4 4 3 0 0 3 2 1 4 0 2 1 3 3 0 3 3 1 4 2 3 2 2 4 4 4
   0 2 0 2 0 0 2 1 2 4 4 4 4 3 4 3 3 4 1 3 1 1 2 2 1 2 2 0 0 0 0 0 2 0 2
   1 4 2 4 1 0 1 0 2 1 3 0 0 2 2 0]
  [0 3 1 4 2 3 0 4 1 4 1 1 0 0 2 3 0 4 1 3 4 3 3 3 1 4 3 2 4 0 4 0 0 0 4
   2 0 4 3 3 4 2 4 3 1 3 1 1 3 4 2 1 0 4 1 1 3 3 0 4 3 3 0 1 0 3 3 0 4 1
   0 4 4 4 3 3 0 4 3 2 2 0 3 4 4 1 1 2 0 1 2 4 3 1 3 0 0 0 1 2 3 0 0 3 4
   0 1 1 0 1 0 3 1 4 4 1 2 1 4 0 4]
  [0 3 2 4 4 2 1 4 3 3 1 0 1 2 1 2 1 4 1 0 0 1 0 2 4 3 2 3 0 3 1 2 2 0 3
   3 3 1 4 1 0 1 3 3 2 1 2 4 3 1 2 0 3 1 1 4 4 1 3 2 1 1 2 1 2 3 1 3 4 3
   3 2 0 1 4 1 0 4 4 3 1 4 4 1 0 3 3 2 4 1 4 3 2 4 4 3 2 1 4 4 3 0 1 0 0
   1 0 4 3 3 1 2 1 2 0 3 2 1 3 0 4]
  [0 1 0 3 1 0 3 1 2 3 2 4 1 3 1 1 2 2 2 1 4 1 3 2 0 0 0 2 4 0 1 2 4 2 0
   0 2 0 0 1 1 0 0 2 0 4 1 3 0 1 0 3 4 0 4 0 1 4 4 3 2 4 4 1 3 3 1 4 4 2
   1 4 4 3 3 3 3 4 2 4 1 1 2 2 1 2 2 2 2 3 1 2 1 0 4 0 3 2 1 2 0 0 3 0 0
   0 1 3 1 1 4 0 2 0 4 3 0 1 3 4 3]
  [0 2 1 4 3 0 3 3 1 1 1 0 2 4 3 2 2 4 1 3 1 4 2 0 3 2 2 4 1 4 4 3 4 3 4
   2 3 2 2 1 4 4 3 4 3 1 0 4 2 3 0 4 2 3 4 0 2 4 1 1 3 1 0 1 1 1 0 4 2 2
   0 2 3 4 0 4 4 2 3 4 2 2 1 1 4 4 0 2 3 3 0 3 1 1 0 3 4 2 0 2 1 3 0 2 0
   0 1 3 2 0 4 0 0 1 1 4 0 3 0 2 3]
  [0 1 2 2 2 4 2 0 1 1 1 4 0 3 1 0 4 2 0 3 4 3 0 3 4 0 3 2 2 3 2 1 1 3 0
   0 2 2 4 2 2 3 0 3 3 4 1 3 1 3 2 3 0 4 0 3 2 0 0 2 0 3 2 1 2 3 3 1 4 4
   4 2 0 0 0 4 0 3 0 3 1 1 1 1 4 0 2 3 4 3 4 3 1 0 0 4 0 3 2 2 2 4 4 3 2
   1 0 1 4 2 1 4 4 2 3 3 0 2 3 0 4]
  [0 2 2 1 0 4 4 2 1 4 0 4 3 1 1 4 0 0 2 3 1 1 4 4 4 0 0 4 4 2 4 1 1 4 0
   0 4 1 4 0 4 4 4 0 1 1 2 2 1 4 0 1 2 2 3 1 3 3 4 2 0 1 2 3 1 0 2 1 3 1
   0 2 3 3 4 3 1 2 2 1 2 1 2 2 0 0 3 1 4 1 2 1 2 4 4 4 3 2 1 2 2 1 1 4 3
   2 2 0 4 3 2 4 3 1 3 1 0 1 1 3 3]
  [0 1 2 0 4 1 2 2 1 1 4 1 0 1 1 4 4 2 3 2 0 0 0 1 0 4 0 4 2 2 4 2 3 3 3
   0 2 0 4 3 4 2 4 1 0 2 0 0 0 3 0 3 2 3 1 1 0 4 3 2 3 0 4 3 3 0 1 4 1 3
   4 0 4 4 0 3 1 4 4 3 3 0 3 0 3 2 3 2 1 4 3 3 0 4 0 1 1 3 4 4 4 1 4 4 4
   1 1 4 0 4 1 2 1 4 3 2 0 3 0 2 2]
  [0 0 3 1 3 2 4 2 2 1 0 4 1 0 2 3 0 4 4 2 0 2 1 1 3 4 0 0 0 0 4 4 3 3 2
   1 2 2 3 0 1 2 4 4 3 0 2 2 0 4 2 1 0 4 4 0 1 0 1 1 2 0 4 4 4 1 4 1 4 1
   2 0 4 1 4 4 4 2 1 4 3 2 0 0 2 3 0 3 4 0 2 2 0 1 3 2 3 1 0 2 2 2 3 2 0
   3 2 0 4 0 4 1 1 3 0 2 2 3 0 2 0]
  [0 0 1 0 1 2 3 0 0 1 2 4 4 3 2 3 3 1 1 1 0 0 1 1 4 0 2 3 1 3 4 4 1 0 3
   4 2 3 4 1 3 1 1 1 2 3 2 0 1 0 2 2 0 2 1 3 2 4 1 2 1 2 2 2 4 2 0 0 1 1
   4 2 2 3 1 2 4 3 3 4 3 1 2 2 0 1 0 0 3 2 4 0 3 2 4 3 0 2 3 3 2 1 0 2 4
   2 4 4 3 2 0 4 2 2 4 2 4 3 2 0 1]
  [0 3 3 2 4 1 4 3 3 0 2 1 1 2 0 1 0 0 1 0 1 0 1 4 4 0 1 1 3 0 2 2 2 3 1
   1 1 0 0 3 4 0 2 2 4 2 1 2 1 2 2 1 0 0 0 4 4 3 2 0 0 1 4 1 2 1 0 0 2 1
   0 0 3 0 4 0 4 1 4 1 4 3 1 2 4 1 2 3 2 1 1 1 2 2 0 4 2 2 3 1 3 3 1 0 4
   2 3 2 2 3 1 0 3 1 0 3 4 0 1 1 0]
  [0 4 1 1 0 1 3 0 2 3 1 0 1 3 4 3 4 3 0 4 0 0 2 1 3 2 1 2 0 3 3 1 3 0 2
   4 2 0 3 3 2 0 3 3 0 4 0 4 4 4 2 0 4 4 0 1 1 4 0 1 0 0 3 3 3 1 3 2 0 4
   1 1 0 3 4 3 3 0 1 2 3 2 3 1 4 1 1 4 4 4 4 0 4 4 1 4 2 3 1 2 3 1 1 3 2
   3 1 3 4 4 1 2 0 0 3 0 4 0 3 0 2]
  [0 1 0 2 3 0 1 3 2 1 0 2 1 3 2 2 3 0 1 1 2 3 3 1 2 4 0 4 3 4 0 1 1 1 3
   4 2 2 2 1 1 0 2 1 3 1 4 0 2 1 0 1 1 3 4 0 3 2 2 1 0 2 4 2 4 0 2 2 4 2
   3 0 3 4 2 2 1 4 2 2 3 0 4 0 2 2 4 2 0 4 3 1 2 4 3 4 3 1 2 3 3 2 1 2 2
   2 2 1 2 0 0 0 3 0 0 1 1 3 4 2 0]
  [0 4 0 3 4 2 1 0 3 4 4 2 1 4 0 3 3 2 2 4 4 1 0 2 0 4 4 2 2 1 0 2 3 0 4
   3 0 4 4 3 0 2 0 4 2 4 3 2 3 4 2 3 2 0 3 0 4 1 1 1 2 2 3 1 1 4 3 0 0 3
   0 2 2 1 3 0 2 4 2 1 3 2 0 4 3 4 0 1 4 0 4 2 1 4 4 0 4 1 1 1 4 4 0 4 1
   1 1 3 4 4 1 1 3 2 0 1 2 2 2 2 3]
  [0 1 3 3 0 1 0 2 0 0 2 1 2 2 3 0 2 0 3 0 3 3 4 4 1 1 1 1 2 0 1 1 1 0 1
   0 3 3 3 0 0 1 1 0 3 4 2 3 2 4 1 3 0 3 3 4 4 4 0 4 1 3 1 4 1 2 0 2 1 0
   0 1 4 1 0 3 0 3 2 0 3 1 2 4 0 2 1 4 3 2 2 2 4 3 0 4 2 3 4 4 2 1 0 1 3
   3 2 3 2 4 1 3 4 2 0 0 0 1 4 3 1]
  [0 4 2 2 2 4 4 1 0 3 0 1 0 3 3 4 1 4 4 3 1 2 0 0 3 1 1 3 2 1 1 1 2 3 3
   1 3 0 0 1 4 3 2 4 3 4 2 3 0 1 0 4 1 2 0 3 3 2 3 2 0 3 1 3 0 4 3 2 4 3
   1 3 4 4 4 1 1 1 0 2 3 1 3 2 4 0 0 3 3 3 1 1 0 4 4 1 2 0 2 1 0 1 4 0 2
   1 3 4 2 4 0 4 2 1 2 1 0 4 2 3 0]
  [0 2 3 2 2 0 1 1 3 0 0 3 4 1 3 3 3 0 1 4 2 0 3 4 0 1 0 0 3 4 1 4 3 0 0
   2 0 3 3 1 4 3 4 0 3 3 0 4 2 2 0 4 0 0 1 0 4 1 3 2 4 0 3 2 1 0 4 4 0 2
   1 3 2 1 3 1 3 0 4 0 1 1 1 2 4 4 0 1 4 0 4 1 4 2 1 0 1 2 0 1 0 4 2 1 4
   3 4 0 1 4 2 3 3 0 1 2 3 0 3 2 3]
  [0 0 2 4 4 1 4 2 0 3 2 4 4 2 2 3 0 3 3 1 4 3 2 0 3 3 3 1 3 0 0 4 3 4 4
   3 1 2 0 0 3 0 1 3 1 2 3 1 0 2 3 1 3 2 0 4 1 2 1 4 3 1 3 4 0 0 3 2 0 4
   3 2 2 0 1 2 1 0 4 4 4 3 0 3 1 1 4 4 3 4 4 1 4 3 3 0 1 1 0 4 0 1 2 1 4
   2 2 4 1 2 3 1 1 2 2 1 4 2 0 3 3]
  [0 2 1 3 2 2 4 3 0 2 4 3 1 4 0 3 1 3 0 1 4 3 0 3 3 4 4 4 1 2 1 1 4 1 1
   0 2 0 2 0 4 3 2 2 1 3 1 0 3 2 3 3 2 3 3 2 1 3 0 4 1 1 0 4 3 0 0 2 1 1
   4 4 3 2 0 0 4 2 4 4 1 0 2 2 3 2 4 2 4 1 3 4 0 4 4 1 3 2 3 3 3 1 1 2 2
   0 0 1 1 1 0 3 1 4 2 1 2 2 3 0 3]
  [0 2 2 3 2 1 1 3 1 4 0 3 3 3 1 1 2 1 3 0 4 0 3 1 0 2 0 1 2 1 2 3 1 0 4
   2 1 0 4 2 3 4 4 0 1 4 4 2 4 3 1 4 2 2 2 4 0 2 2 3 1 0 1 2 3 4 0 4 2 0
   0 2 4 2 3 2 0 2 3 2 3 1 2 0 2 0 2 3 1 4 4 2 4 3 4 2 3 1 0 4 2 3 2 2 4
   3 0 1 0 0 2 0 4 2 0 1 3 0 0 4 0]]

 [[0 4 1 3 0 2 3 4 3 0 3 2 0 1 3 2 0 4 2 1 1 4 2 0 2 0 1 2 3 4 4 2 0 0 2
   1 2 3 0 2 1 4 1 0 2 0 2 3 1 2 3 0 4 2 3 2 3 3 1 1 3 2 3 4 2 4 1 1 4 0
   2 2 3 3 2 1 3 1 4 1 2 4 2 3 1 0 1 1 1 2 4 3 2 0 4 3 2 0 2 0 2 3 4 2 4
   0 1 4 2 4 2 3 3 2 4 2 3 1 4 3 0]
  [0 0 1 2 0 2 3 2 2 3 3 0 2 3 4 0 4 3 1 1 2 0 1 1 3 3 2 4 0 1 3 4 3 2 3
   3 0 1 2 2 3 1 4 1 2 4 2 3 3 3 3 1 3 0 2 2 0 3 1 0 3 2 3 3 4 1 1 2 0 1
   1 0 3 3 3 0 3 2 0 2 4 2 2 3 0 0 3 1 0 4 2 1 2 4 2 3 2 0 3 1 2 0 0 1 4
   3 4 3 3 2 2 0 2 3 3 1 3 0 4 1 1]
  [0 0 0 1 1 4 1 3 3 4 1 4 0 3 0 2 4 1 0 4 4 3 4 0 1 2 3 4 1 3 2 4 1 4 1
   3 3 4 4 0 3 2 2 0 3 3 0 4 3 2 0 1 2 4 1 1 4 0 1 1 3 3 4 3 2 3 3 0 2 1
   1 3 3 2 0 1 0 3 3 2 3 3 3 0 2 2 2 2 1 0 4 1 1 0 3 3 2 3 1 2 4 1 1 3 1
   0 0 0 0 2 3 2 3 3 3 1 3 0 3 4 3]
  [0 2 1 0 1 2 3 3 2 0 4 1 0 2 2 0 4 4 4 1 1 4 0 1 4 3 0 0 2 3 0 1 2 4 4
   2 1 4 1 0 2 1 1 2 2 2 1 1 1 2 4 0 3 2 3 4 3 3 2 0 4 1 2 4 4 3 2 2 0 2
   0 0 4 0 1 1 1 3 2 3 4 2 4 0 3 4 1 1 0 4 0 3 4 3 0 4 4 2 1 2 2 3 1 2 2
   2 4 2 2 0 0 3 1 4 3 2 4 0 2 1 0]
  [0 1 0 4 0 3 2 4 1 3 2 0 2 0 1 0 0 3 3 4 4 4 1 2 2 4 4 2 3 2 1 0 0 2 4
   0 1 2 0 1 2 4 4 1 1 2 2 1 1 3 0 3 2 0 0 0 2 3 0 3 1 4 0 0 4 2 4 1 2 1
   2 1 1 4 1 4 4 3 0 1 4 4 3 4 3 2 3 1 3 3 0 2 0 2 0 3 2 1 1 1 0 0 1 2 3
   0 2 0 3 4 2 0 3 2 1 4 1 2 3 4 1]
  [0 4 3 0 3 0 4 3 3 1 3 3 1 2 4 3 2 3 1 3 2 2 3 0 1 2 0 3 3 1 4 2 1 4 0
   3 4 1 4 0 3 2 0 0 0 2 3 2 0 1 1 2 2 3 0 3 2 2 0 3 3 2 3 4 1 0 1 0 1 3
   3 1 4 2 0 0 4 3 2 2 0 0 2 2 2 3 3 3 0 1 4 1 4 0 0 1 0 1 3 3 2 2 3 4 4
   0 2 3 4 0 0 4 1 4 0 0 1 0 0 1 3]
  [0 2 3 0 0 3 0 0 3 1 0 4 0 4 1 2 4 1 2 0 1 1 0 1 0 2 0 3 2 3 4 0 4 1 2
   4 2 4 2 0 3 4 2 3 0 4 3 4 4 4 2 0 3 3 2 4 0 0 0 0 2 4 1 4 1 1 0 1 4 0
   0 4 2 2 3 1 0 4 0 2 2 0 4 1 2 0 3 3 0 2 3 4 0 3 0 4 3 3 3 0 4 3 2 3 4
   1 3 0 3 3 1 4 4 3 1 0 2 3 4 0 4]
  [0 0 0 2 4 0 2 0 0 2 2 1 3 2 2 1 3 1 3 2 0 1 4 0 0 4 3 0 2 0 1 3 0 2 4
   0 3 0 3 3 2 3 2 1 2 2 3 1 0 4 4 1 1 3 4 2 4 0 0 3 2 2 3 1 1 4 3 0 4 3
   3 0 1 1 4 0 3 0 2 4 2 4 1 0 0 1 1 2 4 1 3 1 3 3 0 0 1 0 2 4 4 3 0 4 4
   4 3 3 4 3 1 1 2 0 3 3 4 2 2 4 2]
  [0 3 0 3 2 0 4 0 0 1 1 3 2 2 4 0 0 4 4 3 1 1 3 4 1 3 1 1 1 0 2 4 0 1 1
   3 4 1 0 0 2 3 3 4 4 1 2 3 3 2 0 2 0 0 3 4 2 2 3 4 4 0 2 1 3 3 3 1 4 4
   0 2 2 1 3 2 2 0 0 3 4 1 4 0 4 4 0 4 1 4 4 2 4 0 4 1 1 2 4 0 2 3 1 3 1
   1 2 3 4 3 3 3 3 0 3 4 0 4 1 1 3]
  [0 3 4 2 2 0 4 2 1 0 4 0 3 1 2 2 0 2 0 4 4 1 4 4 1 2 3 0 3 3 2 4 1 0 1
   4 3 2 1 1 4 4 0 0 2 3 1 1 4 4 4 0 0 1 4 4 0 0 4 3 2 0 2 4 4 3 3 0 1 2
   3 3 3 1 3 3 2 4 3 3 3 4 2 3 1 3 4 4 0 0 3 3 4 1 3 4 3 4 0 1 0 1 0 4 2
   3 3 2 4 0 1 4 3 1 0 0 2 0 3 1 2]
  [0 0 4 4 2 3 4 3 0 0 0 2 3 2 4 3 4 3 1 3 1 1 3 4 4 2 3 3 0 0 3 4 3 1 3
   2 2 0 1 2 3 2 3 4 4 0 4 2 2 3 0 4 2 4 4 4 4 0 3 4 4 3 2 0 2 3 0 2 2 0
   1 2 4 3 4 4 4 3 2 0 0 4 1 4 0 0 2 1 1 4 1 3 4 1 3 1 3 0 1 0 2 1 3 3 1
   3 1 4 3 4 0 0 4 1 3 3 4 3 4 0 3]
  [0 2 0 0 4 1 1 2 1 1 3 0 0 4 0 0 2 3 2 0 3 0 2 4 3 0 0 3 2 1 1 1 1 3 4
   0 3 0 0 1 2 3 1 4 3 3 3 2 4 1 1 4 2 3 2 1 2 4 1 3 1 0 3 1 2 1 3 1 4 1
   0 2 0 2 4 0 1 3 2 2 0 4 3 2 1 3 4 2 1 4 4 1 2 2 3 2 0 3 2 1 3 2 4 3 3
   2 4 3 2 1 3 0 3 4 4 0 2 1 1 2 2]
  [0 3 3 4 1 3 3 2 0 2 0 0 0 1 4 4 1 1 0 0 2 3 2 0 3 3 2 0 4 4 1 0 3 0 4
   0 3 4 2 4 2 4 1 1 4 4 2 3 2 0 0 3 0 3 0 3 1 4 0 1 0 2 1 4 1 4 1 2 0 0
   0 1 1 4 0 1 2 0 4 2 1 3 0 4 0 0 3 3 3 4 3 3 3 1 2 4 1 1 3 1 1 4 0 1 3
   2 0 2 2 4 1 1 4 4 2 2 1 1 2 3 0]
  [0 0 1 1 3 2 0 2 1 0 0 1 0 0 0 3 2 4 2 3 0 0 1 2 1 3 0 4 2 2 4 3 0 4 4
   4 3 3 0 3 0 2 1 4 4 1 3 2 0 0 1 0 1 2 1 4 3 3 1 1 2 0 4 1 3 4 2 0 0 2
   1 1 1 2 3 4 2 3 2 0 1 1 0 4 3 2 0 0 1 0 3 4 3 1 4 3 4 2 1 2 1 1 2 0 2
   4 3 1 3 1 0 0 4 0 2 3 3 3 1 3 4]
  [0 1 2 2 2 3 2 4 0 4 4 4 4 1 0 4 2 3 2 4 1 2 3 4 0 4 2 0 0 1 0 0 1 1 1
   3 2 2 4 3 2 1 3 0 4 4 3 3 2 0 0 3 3 1 0 1 0 3 2 1 1 2 1 4 2 0 4 3 0 0
   1 2 1 1 3 0 1 3 2 0 1 4 4 1 1 2 2 3 3 3 1 4 3 4 1 4 3 3 0 0 3 4 4 0 1
   1 0 2 0 0 3 1 1 0 2 3 0 1 3 2 2]
  [0 1 3 2 3 2 3 2 2 1 4 0 0 2 2 0 2 2 0 2 0 4 1 4 2 2 1 3 3 3 3 1 0 4 1
   3 1 3 4 1 1 3 2 2 1 2 1 2 2 2 2 0 3 0 0 0 2 3 0 0 0 0 4 3 4 2 4 3 3 1
   1 4 2 4 2 1 2 1 2 4 4 4 0 4 3 2 0 2 0 4 0 3 2 3 4 3 0 0 0 0 3 2 0 4 4
   0 1 3 4 3 0 0 2 2 0 2 2 0 4 4 1]
  [0 0 4 3 0 3 2 0 3 3 2 0 3 2 0 4 0 0 1 2 3 4 4 2 3 3 4 0 0 1 4 1 0 0 3
   1 0 2 3 1 4 1 0 0 1 3 1 3 2 2 1 2 1 2 0 1 3 2 0 2 4 1 2 3 3 2 0 2 0 2
   1 2 4 3 1 0 0 0 2 2 3 0 3 3 0 2 1 0 1 2 3 1 0 0 0 2 4 0 0 1 3 2 3 0 4
   0 1 2 1 2 4 1 1 3 2 3 2 1 0 1 3]
  [0 0 2 3 3 0 0 0 2 2 1 4 4 0 0 2 2 0 0 4 4 0 1 2 3 3 0 3 1 2 4 0 2 3 3
   3 3 1 2 4 0 1 0 4 2 0 1 1 0 1 0 3 2 3 3 4 1 2 3 1 1 0 1 0 1 0 2 4 4 2
   1 2 2 1 2 2 3 0 4 2 4 4 4 0 0 4 4 0 0 3 4 1 3 2 2 1 4 3 0 0 3 0 0 4 4
   4 0 0 4 2 1 0 0 0 3 4 3 4 0 1 1]
  [0 3 0 3 0 4 3 2 4 0 3 0 1 0 2 1 1 4 0 2 0 1 2 3 3 2 4 0 0 0 0 4 4 2 3
   0 3 0 4 1 4 1 1 3 1 2 0 3 0 0 0 2 0 2 3 3 0 1 2 0 2 0 4 3 2 0 3 2 3 1
   2 3 0 3 0 4 0 1 2 4 0 1 3 2 0 4 1 2 0 4 1 0 4 1 1 1 0 1 1 4 4 2 1 0 2
   0 2 2 0 4 3 0 4 3 3 4 3 0 3 3 3]
  [0 2 1 2 1 0 4 4 3 2 2 2 4 2 0 0 2 2 2 0 4 1 0 0 4 0 2 1 3 4 0 0 2 3 1
   2 0 2 0 1 0 1 4 4 3 2 4 0 1 1 0 2 4 1 1 4 1 3 0 2 1 4 2 1 2 2 0 3 2 2
   3 0 4 0 4 0 1 3 1 3 3 0 0 1 1 1 4 3 2 4 1 0 0 4 4 4 4 0 4 3 1 3 3 2 4
   2 4 2 2 1 1 3 2 1 4 3 0 1 2 0 3]
  [0 1 1 2 0 2 0 4 2 4 2 1 1 4 0 3 2 0 3 0 0 2 1 4 3 2 2 3 4 0 3 0 1 3 2
   0 4 4 4 0 0 0 0 1 0 0 3 3 3 1 3 3 2 1 3 4 4 0 2 3 4 0 1 0 2 3 0 4 1 2
   4 1 2 3 0 2 3 0 0 2 4 0 1 3 2 0 4 3 3 4 4 1 1 3 1 2 1 0 1 1 0 0 0 0 3
   3 4 4 0 3 1 1 4 2 1 4 1 1 0 4 0]
  [0 0 2 3 2 4 3 0 2 0 4 4 4 1 4 0 0 4 4 0 3 0 0 4 2 4 4 3 3 4 1 1 0 4 4
   0 2 1 4 2 3 1 1 1 1 2 3 1 0 0 1 2 1 4 0 1 0 1 3 4 3 2 3 2 3 2 2 3 4 4
   3 1 3 3 0 4 0 1 2 0 2 0 3 4 0 3 3 2 4 0 2 0 2 4 2 1 1 0 0 1 1 1 2 2 4
   4 0 1 0 4 1 0 3 3 2 2 3 3 4 3 1]
  [0 4 1 0 2 0 1 4 2 1 3 3 2 3 4 3 2 2 4 3 2 3 0 1 2 0 3 1 4 2 3 1 1 1 0
   0 0 4 1 3 0 0 3 0 2 1 3 2 4 2 1 0 1 2 2 2 1 1 1 0 4 3 4 3 3 4 4 0 4 0
   0 1 2 2 3 2 0 1 1 0 3 3 0 0 1 3 0 3 4 0 3 4 2 0 4 2 1 0 1 3 3 2 2 4 2
   4 3 0 2 0 2 0 0 0 4 4 1 4 4 3 4]
  [0 2 4 2 4 4 4 4 1 3 2 4 1 1 3 0 3 0 4 4 2 3 4 0 1 2 4 3 2 2 3 2 2 4 0
   2 4 4 0 3 4 4 4 2 1 0 2 0 3 1 1 3 2 4 0 4 4 0 1 4 4 4 4 2 0 3 1 3 0 1
   4 1 2 3 3 0 1 4 4 1 3 2 4 4 1 2 3 2 4 4 2 3 2 3 2 4 1 1 1 3 2 1 1 2 2
   1 1 1 4 3 1 1 4 4 1 2 2 4 3 2 2]
  [0 4 0 2 4 2 0 1 4 2 2 4 3 4 2 4 0 1 3 4 1 4 3 3 0 0 2 3 4 4 4 4 3 2 0
   4 2 1 0 1 0 1 2 1 1 0 0 1 0 3 3 0 4 0 2 4 1 2 1 3 2 1 4 0 1 3 1 4 2 1
   0 3 0 0 2 0 2 1 2 0 4 1 2 0 4 0 4 0 3 4 3 1 0 4 3 4 3 2 0 3 2 0 2 3 2
   1 4 0 0 0 0 1 2 0 1 1 4 0 3 3 2]
  [0 3 4 0 3 2 3 3 0 0 4 2 1 2 0 2 2 4 3 4 3 1 1 3 1 0 2 0 0 2 3 2 2 4 4
   2 0 0 3 0 1 0 4 3 0 1 0 4 0 2 2 1 4 4 4 1 4 1 2 4 0 3 1 1 2 0 2 0 4 3
   0 1 4 3 0 0 1 2 0 4 2 4 4 2 2 4 3 2 3 3 2 1 0 2 2 2 0 0 0 2 2 4 0 2 0
   2 1 3 3 3 3 0 4 4 0 3 1 3 0 1 2]
  [0 4 1 4 2 1 3 3 0 2 0 1 1 4 3 2 2 4 0 4 1 3 0 0 0 3 0 2 3 1 0 1 4 2 1
   3 4 4 1 2 2 1 0 0 4 2 2 1 1 0 2 2 4 0 4 2 2 2 0 0 4 0 2 1 1 2 4 2 0 2
   0 4 2 2 0 3 2 1 0 3 1 1 1 0 2 2 4 2 1 0 2 3 1 3 3 3 1 2 3 1 2 3 2 4 0
   0 3 1 4 1 2 0 3 3 3 4 4 4 2 1 0]
  [0 0 3 2 2 0 0 3 4 1 3 4 4 1 4 3 2 0 0 0 0 3 2 3 0 2 1 0 4 1 3 4 0 2 2
   4 4 4 4 4 4 3 3 2 0 1 4 4 1 3 2 4 0 3 3 0 0 3 2 3 2 0 4 2 0 4 2 4 3 2
   3 4 0 1 2 0 4 3 1 0 1 4 3 2 0 2 0 2 2 2 4 1 1 0 2 2 4 0 0 2 3 2 2 1 2
   3 0 1 1 0 4 1 2 3 2 1 0 3 4 2 0]
  [0 4 1 3 4 0 2 3 4 0 2 0 4 3 2 4 4 2 2 0 3 0 2 3 1 0 4 4 0 2 4 1 0 0 4
   1 2 2 3 4 2 4 2 3 4 2 0 0 0 3 0 1 0 3 3 2 2 3 0 0 3 4 0 1 0 3 1 4 1 4
   4 1 4 1 0 4 3 2 1 2 2 0 2 2 1 3 3 2 4 4 0 1 0 1 4 2 0 4 0 0 1 2 0 1 3
   1 4 3 4 1 0 0 3 4 4 4 4 3 1 0 4]
  [0 2 4 4 0 4 2 2 4 1 0 4 4 4 4 1 3 3 3 2 4 2 2 2 0 3 1 2 4 0 4 4 4 4 1
   4 2 0 0 0 4 4 4 1 1 4 3 1 1 4 1 0 4 3 2 0 0 1 1 4 3 4 1 0 4 1 3 4 4 1
   1 3 3 0 1 2 4 3 2 1 4 2 4 2 2 1 0 3 4 4 4 4 1 3 4 0 1 4 1 2 0 0 0 4 4
   1 1 3 2 0 3 4 0 2 0 0 0 1 2 0 1]
  [0 2 2 4 4 2 4 3 2 3 1 0 3 4 3 1 3 4 3 2 0 0 1 1 0 3 1 4 4 4 0 3 4 3 2
   4 2 1 3 3 3 4 4 0 4 0 1 0 0 2 1 0 3 3 3 3 3 1 2 3 0 0 2 0 0 4 3 0 0 1
   3 0 0 1 1 0 2 2 3 4 2 0 3 4 4 3 3 2 0 1 4 1 0 2 2 0 0 2 0 1 3 0 2 1 0
   3 2 4 2 2 4 3 0 3 0 0 1 2 1 4 1]
  [0 1 4 4 2 1 4 0 3 4 3 3 3 1 1 1 4 0 0 0 2 1 4 0 1 4 2 0 4 3 4 0 1 1 1
   2 3 2 1 3 3 0 3 0 0 2 0 4 4 3 2 3 2 0 4 2 0 2 4 0 1 1 1 3 0 4 3 3 1 2
   3 2 1 0 0 1 1 2 3 3 2 0 0 1 3 4 4 1 0 2 1 3 3 4 3 1 0 0 0 1 4 1 4 4 4
   3 1 2 3 1 3 1 3 4 2 1 3 4 1 4 3]
  [0 0 0 3 4 2 2 4 1 0 3 2 3 1 1 0 0 4 0 0 0 0 2 1 3 2 4 4 1 4 0 1 0 1 4
   1 2 0 3 3 2 0 3 4 4 2 3 0 4 4 1 0 0 3 4 2 4 2 0 2 3 0 3 4 4 2 3 4 4 1
   0 4 3 3 1 3 3 0 1 4 1 0 4 3 2 2 2 0 4 4 3 4 4 3 1 4 3 1 1 2 4 4 0 1 3
   0 4 0 3 1 4 4 3 0 4 1 2 4 0 2 4]
  [0 4 3 4 0 0 3 0 2 4 4 4 4 4 2 1 2 2 2 4 2 3 0 4 3 4 4 2 3 4 0 4 3 0 0
   4 3 4 1 1 0 3 4 4 1 1 4 1 3 3 0 3 3 3 1 4 1 0 1 4 0 2 2 4 0 0 4 4 3 3
   4 4 3 1 0 0 2 3 0 2 0 1 2 4 1 0 1 2 2 0 2 0 4 2 1 2 0 1 3 4 1 3 3 0 0
   3 3 0 1 1 0 3 3 1 3 2 1 3 2 3 1]
  [0 0 1 1 0 4 2 1 2 1 0 0 3 1 0 0 0 0 4 3 4 2 4 4 4 4 0 3 1 1 1 2 3 4 0
   2 3 4 1 2 1 2 1 1 2 3 0 1 2 4 3 4 3 1 3 1 4 4 1 2 0 1 1 0 2 1 4 0 2 1
   0 3 3 0 1 4 3 4 3 0 2 0 3 3 4 1 3 4 2 1 2 3 0 2 1 2 2 2 4 2 4 2 0 3 2
   2 4 3 1 0 0 4 2 1 2 1 1 0 2 4 3]
  [0 3 4 3 2 0 0 3 0 3 0 1 4 3 1 1 3 4 3 3 3 4 1 0 1 2 3 4 3 4 4 2 3 3 3
   0 1 2 3 1 2 1 3 4 3 1 2 3 3 2 0 4 2 3 0 0 2 1 0 1 0 0 3 2 0 4 1 1 4 0
   0 0 4 4 1 3 3 1 1 1 4 0 0 4 0 2 0 4 1 3 4 0 2 2 2 4 0 0 4 2 3 4 2 2 2
   0 1 0 4 1 3 4 3 2 1 1 3 4 2 2 1]
  [0 3 3 0 1 3 3 0 3 4 4 4 0 2 1 4 3 0 1 1 2 1 2 1 0 0 4 1 3 4 4 4 4 1 4
   3 0 4 2 0 2 1 1 0 1 1 2 0 4 2 0 2 2 3 2 4 3 4 3 4 1 2 0 3 3 2 1 4 3 3
   1 4 3 2 4 1 2 4 2 3 1 2 2 4 1 1 0 0 3 0 1 3 0 2 2 0 4 1 2 4 1 4 3 3 2
   4 4 2 0 2 1 2 1 2 1 3 0 0 2 1 2]
  [0 0 3 3 4 4 4 0 3 2 3 3 0 4 0 4 0 4 3 3 0 3 4 4 0 4 0 2 2 0 0 4 0 3 4
   4 3 0 2 4 4 4 1 1 2 3 0 4 4 0 1 3 3 3 3 3 4 4 2 0 1 1 0 2 4 3 1 0 0 3
   0 1 4 2 4 1 1 3 4 0 2 3 3 2 1 2 2 0 2 3 2 4 1 2 1 2 4 0 1 3 2 1 0 4 3
   0 2 0 3 0 3 3 3 1 4 1 1 0 3 1 1]
  [0 1 0 0 3 1 2 1 1 3 4 2 3 4 1 2 1 0 3 0 1 4 2 3 4 2 0 0 0 4 1 2 2 1 1
   1 1 3 0 2 3 4 1 3 3 4 2 1 4 4 0 4 3 1 1 0 1 2 0 2 1 2 2 3 3 0 1 2 0 2
   4 3 1 1 3 3 4 4 1 3 1 4 3 3 3 2 2 4 2 0 3 4 3 2 1 2 4 4 0 0 3 3 4 0 0
   1 3 0 0 1 2 1 2 1 2 2 3 0 2 1 0]
  [0 2 2 1 2 0 1 1 4 2 4 3 1 0 3 1 2 0 4 4 0 1 3 4 2 1 0 3 4 1 1 0 0 2 2
   4 4 3 0 0 1 4 3 2 0 1 0 1 2 4 3 1 2 4 1 1 3 1 0 1 2 0 2 4 3 3 0 0 4 0
   0 1 4 1 1 4 3 2 2 2 0 2 0 3 1 1 0 3 4 0 0 2 1 3 2 3 2 4 2 1 4 1 0 4 1
   2 3 1 4 4 1 2 0 2 3 3 0 0 2 0 1]
  [0 3 4 4 0 2 1 0 4 1 4 4 2 2 4 3 2 0 3 4 2 1 0 3 0 3 4 2 2 2 2 3 1 3 0
   1 2 3 0 2 0 2 0 3 2 0 1 3 3 2 2 0 3 3 1 4 0 2 3 2 3 2 4 1 1 0 1 0 1 1
   2 0 2 4 4 3 1 0 2 4 0 4 4 2 1 3 2 4 1 2 1 2 4 2 3 3 4 0 0 1 4 0 2 4 2
   3 2 2 1 2 0 2 3 1 3 4 1 3 1 1 1]
  [0 4 0 3 0 2 0 3 2 3 2 2 0 4 3 4 3 3 3 1 4 1 2 0 0 2 3 0 0 3 4 1 1 0 0
   0 1 0 1 2 4 0 1 1 3 2 1 2 1 4 1 2 2 1 1 1 0 2 0 4 2 4 2 0 4 4 1 1 2 4
   2 1 1 0 1 2 2 2 1 0 0 4 0 1 3 2 3 1 0 0 0 3 2 1 1 2 4 4 4 3 2 2 4 0 1
   3 0 0 4 0 4 4 4 2 4 2 2 2 0 4 1]
  [0 3 2 0 1 3 1 3 2 2 4 2 2 4 3 1 2 4 2 0 0 2 3 2 4 4 0 0 0 2 4 0 2 1 1
   2 0 3 2 2 2 1 0 4 4 4 2 2 4 2 3 2 1 2 3 4 0 4 2 3 0 3 1 4 3 2 1 2 3 1
   3 1 4 3 1 2 4 3 0 2 2 1 2 4 0 1 0 0 1 3 3 2 4 1 3 2 2 3 3 1 1 3 1 3 1
   2 4 1 3 4 2 2 3 4 3 4 2 4 0 0 3]
  [0 1 3 4 4 2 0 4 3 4 0 2 3 2 4 1 4 1 1 3 1 3 4 0 0 2 2 4 4 4 2 3 3 2 1
   3 4 1 0 3 4 2 2 0 3 4 3 4 3 1 0 0 0 0 0 1 0 4 3 3 3 2 2 2 1 4 0 2 3 0
   3 2 0 0 1 4 0 4 0 2 3 0 1 3 3 0 3 1 4 0 4 2 2 3 4 2 1 2 2 0 3 1 3 2 1
   0 1 4 3 0 4 2 0 3 2 1 4 2 4 2 4]
  [0 4 0 2 1 4 3 1 0 2 3 1 4 2 1 4 2 0 1 0 2 1 1 2 2 2 3 3 0 4 3 0 2 3 4
   1 1 0 4 1 4 4 1 3 0 4 2 2 3 4 2 3 3 3 3 3 2 3 1 0 3 0 2 4 0 3 0 2 3 3
   0 4 4 1 1 2 3 3 4 3 2 4 1 0 2 1 4 0 3 0 1 1 3 4 4 0 4 2 2 0 4 2 0 4 3
   2 4 0 2 4 3 1 0 0 0 3 4 3 4 0 4]
  [0 3 0 2 1 2 2 1 2 2 1 0 0 4 4 1 2 3 1 0 4 3 4 0 4 2 1 2 4 1 0 2 3 1 0
   0 2 4 3 0 3 3 2 4 3 0 4 4 2 3 0 4 2 1 3 0 3 3 2 2 2 2 1 4 2 3 0 3 4 2
   0 0 2 2 1 1 3 3 4 0 4 3 1 2 2 2 1 3 3 3 1 1 0 2 3 0 3 3 0 0 0 1 0 4 1
   1 4 2 4 1 1 3 0 1 2 3 2 3 1 0 1]
  [0 4 1 2 1 1 2 2 0 3 4 2 2 2 4 0 4 1 2 4 2 3 4 2 4 0 3 2 0 2 4 1 4 4 4
   4 2 4 2 1 4 2 4 0 4 1 0 2 3 2 3 3 2 1 1 3 4 3 4 1 1 4 2 2 4 1 4 3 4 0
   3 0 1 0 2 2 1 3 0 1 2 0 4 1 2 4 4 0 3 1 2 0 4 4 4 3 0 2 1 2 0 0 4 4 3
   2 1 2 4 0 2 0 4 1 2 3 1 2 2 3 1]
  [0 2 2 0 3 2 0 1 3 1 4 0 0 0 0 3 4 4 4 2 0 2 2 1 2 2 0 1 1 1 2 4 2 2 1
   3 2 1 2 1 4 4 2 0 3 0 1 0 1 3 0 3 1 4 2 0 4 1 3 3 2 3 3 4 1 3 1 0 3 1
   0 3 1 2 4 3 1 0 1 1 4 1 4 0 3 4 1 4 2 2 4 4 0 1 4 2 4 2 2 2 3 3 0 2 4
   3 3 1 4 0 4 3 2 0 4 4 4 3 1 1 4]
  [0 1 4 3 1 0 0 1 2 4 3 0 3 0 0 0 2 0 3 2 3 0 1 1 3 2 0 0 3 1 3 2 3 1 4
   4 4 4 4 3 0 1 4 4 3 0 0 0 0 3 4 4 2 3 3 4 1 0 3 2 0 4 4 0 3 3 2 2 3 0
   0 2 3 1 0 1 1 0 2 3 0 1 3 3 0 2 2 2 0 3 4 3 4 2 4 3 0 0 1 2 2 4 2 3 4
   3 0 1 4 1 3 0 4 4 3 0 2 3 1 2 4]
  [0 3 0 4 0 3 2 1 0 1 1 0 2 0 0 2 4 3 0 4 4 2 0 1 0 3 4 0 0 4 0 4 3 4 3
   1 3 4 2 4 0 4 3 3 2 1 0 0 1 0 1 0 0 0 0 3 1 0 4 3 2 1 2 3 2 0 3 3 1 1
   4 3 4 3 2 1 0 4 0 0 2 1 0 0 1 3 0 2 2 1 1 0 3 4 1 2 1 1 2 3 4 4 3 2 3
   1 4 4 4 4 4 2 0 2 3 4 3 3 1 3 1]
  [0 3 1 0 3 2 0 4 4 0 3 0 2 4 1 0 1 3 2 2 1 3 4 0 3 1 1 4 0 2 0 1 3 0 2
   3 3 2 1 0 3 1 4 4 1 0 3 2 4 3 0 4 0 1 2 3 2 1 3 2 4 3 3 1 4 2 3 2 3 3
   4 4 1 1 1 1 4 4 3 2 0 1 1 4 1 1 1 3 1 1 3 3 2 0 2 0 2 0 3 2 0 4 2 0 1
   4 0 0 2 3 1 1 0 1 0 3 3 1 2 1 1]
  [0 0 3 1 4 2 2 3 0 0 3 4 1 2 0 1 2 0 3 1 1 2 3 0 3 4 0 1 4 0 4 1 0 4 1
   4 2 1 4 4 3 0 2 2 4 3 1 0 3 3 4 0 0 1 4 3 2 2 2 2 1 0 4 1 2 4 3 4 2 3
   3 0 3 3 0 2 3 1 4 4 2 4 1 1 3 0 4 4 2 3 3 3 4 1 1 1 2 3 4 0 3 0 4 2 3
   3 3 0 2 4 3 4 2 3 1 2 1 3 1 4 2]
  [0 2 2 2 2 1 0 1 0 3 0 4 3 4 2 1 3 3 1 4 4 2 3 1 3 0 3 1 4 1 3 4 4 3 3
   1 2 4 2 1 4 4 4 0 0 1 0 2 1 4 2 0 0 0 0 3 1 1 1 4 4 1 0 1 1 4 1 4 4 0
   4 4 4 3 4 2 3 1 1 0 3 2 1 1 4 0 1 0 3 4 4 1 1 2 1 4 2 4 3 0 4 1 0 2 1
   3 4 0 1 0 4 3 3 4 3 4 1 3 2 0 3]
  [0 0 4 1 2 3 0 1 4 3 4 3 2 3 3 1 1 3 3 2 2 2 0 3 4 1 0 4 0 2 2 0 4 2 1
   1 3 1 4 4 3 1 4 4 4 0 1 2 0 1 4 0 0 0 4 2 1 4 0 1 2 3 4 4 2 2 2 2 4 4
   2 3 0 0 3 2 0 1 4 2 1 3 0 2 4 0 2 3 1 0 0 3 0 0 4 3 3 4 2 3 1 2 1 1 1
   2 1 1 1 3 3 0 0 2 3 1 4 4 2 0 4]
  [0 1 3 4 1 0 4 2 0 1 4 2 4 2 0 4 1 2 3 0 1 0 0 4 0 0 3 1 0 4 0 1 3 0 4
   0 0 3 2 2 4 2 2 0 3 1 2 3 4 4 3 1 4 2 0 0 0 3 3 1 2 1 1 3 1 3 4 0 0 3
   0 3 4 0 2 4 0 0 1 1 2 3 3 4 2 3 0 2 2 2 3 4 4 3 1 1 4 4 0 3 2 4 0 2 4
   1 2 3 4 4 1 1 4 4 3 3 4 3 1 2 0]
  [0 2 0 3 2 3 1 2 3 4 3 2 1 2 4 3 1 1 2 2 1 4 0 0 1 1 3 4 2 3 1 2 4 0 3
   3 3 0 2 2 0 3 4 4 4 3 2 3 4 0 0 0 1 2 3 0 3 4 0 0 2 0 4 2 0 3 0 2 2 2
   1 2 2 0 2 4 3 1 3 2 2 1 4 3 4 3 1 1 0 3 3 4 0 0 1 2 1 3 3 3 1 4 0 2 3
   4 3 4 2 2 0 1 4 0 0 3 4 2 2 1 4]
  [0 1 2 0 0 0 4 2 3 3 0 1 1 1 3 4 4 2 3 0 4 1 0 3 1 3 0 2 3 1 2 2 0 3 1
   1 1 0 3 1 3 1 4 2 0 4 1 3 0 4 0 1 1 2 4 1 0 1 1 3 4 3 3 1 4 3 1 4 1 1
   1 1 3 1 0 0 0 3 4 1 2 2 2 2 2 1 2 0 2 1 4 4 3 2 3 2 2 0 1 0 2 2 4 3 1
   2 4 1 0 2 3 4 3 0 0 3 2 2 1 2 0]
  [0 0 2 0 2 3 2 1 0 4 0 2 2 3 3 0 4 4 0 2 2 0 2 1 0 4 0 3 1 4 1 2 3 2 2
   3 2 2 3 2 4 3 3 2 0 1 1 3 3 4 3 1 2 2 4 3 0 0 4 4 1 3 2 2 3 4 4 0 3 1
   2 0 3 0 4 4 0 3 0 2 0 4 2 0 0 1 1 1 0 4 4 3 0 3 0 4 1 3 4 4 3 2 1 4 1
   2 2 1 3 4 0 1 1 1 1 1 0 3 1 3 3]
  [0 3 1 1 0 1 2 4 4 3 3 4 0 4 1 0 3 3 4 0 3 1 3 2 3 1 1 1 4 2 4 1 1 1 0
   1 1 3 4 4 3 2 3 4 4 1 0 4 2 0 0 1 4 0 2 2 4 0 0 0 3 0 3 4 1 4 4 0 0 3
   1 0 3 3 2 3 2 2 1 4 1 2 3 3 0 3 1 4 3 2 3 1 1 3 0 0 0 1 4 2 0 3 0 4 4
   3 2 3 4 3 2 2 1 0 2 4 4 0 2 2 3]
  [0 4 1 4 1 0 0 4 1 1 1 4 2 4 2 0 2 0 4 3 4 1 4 2 0 1 2 2 2 0 0 4 4 0 4
   3 4 1 3 3 0 3 3 2 4 4 0 0 1 2 2 1 3 4 3 2 3 3 2 0 1 2 2 3 4 2 2 1 2 4
   0 3 2 0 2 1 0 2 1 0 3 3 0 4 1 3 0 2 2 1 2 4 2 4 1 4 3 4 4 4 0 0 4 3 3
   1 1 3 2 1 4 0 1 4 3 3 3 2 1 0 2]
  [0 1 1 2 2 1 2 4 3 1 4 1 2 3 0 4 0 1 0 4 3 3 0 4 3 3 0 0 3 4 1 1 1 4 4
   1 2 3 0 4 0 4 4 1 4 1 3 1 3 3 2 4 0 1 1 2 0 2 3 3 0 0 1 0 0 2 2 1 3 2
   4 3 1 1 2 2 1 0 4 3 4 3 4 3 0 1 2 3 0 0 1 3 1 4 4 0 0 3 0 1 1 2 4 2 0
   0 0 1 2 1 0 4 2 3 0 2 1 1 2 0 4]
  [0 2 3 4 2 2 3 1 1 1 0 4 2 0 2 2 0 4 3 3 4 3 2 1 0 1 4 3 4 4 1 4 0 2 3
   3 3 4 4 3 2 1 3 0 2 3 3 1 0 4 3 4 3 3 4 0 0 0 2 0 0 0 4 1 2 0 1 4 2 2
   1 1 1 2 4 0 0 3 0 0 4 4 0 3 2 0 1 0 1 3 4 4 2 3 3 2 4 1 0 1 3 4 2 4 1
   3 3 2 1 4 1 2 3 0 2 3 0 2 1 2 4]
  [0 0 2 2 0 2 4 1 1 0 3 2 0 0 3 0 4 4 4 4 4 0 4 0 3 2 2 0 2 2 1 3 0 2 4
   2 2 2 1 0 0 4 0 3 2 2 0 4 2 1 1 4 0 2 4 3 4 3 4 1 4 0 0 1 3 2 1 1 3 2
   1 2 1 0 4 3 3 3 3 0 0 2 0 1 4 1 2 4 0 2 3 1 1 3 4 1 3 4 1 2 3 3 4 2 1
   0 2 4 1 2 1 0 2 0 4 4 4 3 3 3 4]
  [0 0 4 3 1 2 4 2 0 2 2 0 0 3 2 0 1 2 0 0 3 0 3 0 2 2 2 3 3 0 2 4 4 3 2
   2 4 1 1 1 4 3 2 1 2 0 0 0 2 2 2 3 0 2 4 2 2 4 0 2 3 2 2 0 4 4 1 3 2 3
   3 2 0 2 4 2 4 0 1 1 2 1 2 0 4 2 3 0 2 1 3 4 4 2 0 2 0 2 2 1 3 2 4 1 0
   0 2 4 1 0 2 4 1 4 1 4 2 4 4 3 4]
  [0 3 3 4 1 4 1 3 3 4 2 4 1 1 1 2 3 0 4 0 1 2 0 3 4 4 0 3 3 4 1 4 0 0 1
   2 4 0 2 0 2 4 3 1 1 2 1 3 1 3 0 0 3 4 1 2 1 4 1 1 0 1 1 4 0 1 4 0 4 3
   0 3 2 4 0 0 3 3 0 1 2 4 4 2 2 3 2 3 2 2 0 2 1 2 1 4 3 1 4 3 1 4 1 2 2
   4 4 2 4 2 2 3 3 3 0 4 1 1 3 1 4]
  [0 0 0 3 2 1 0 4 2 1 2 1 3 0 2 2 0 1 3 2 1 4 3 4 3 3 0 1 2 4 1 4 1 4 0
   0 2 3 0 2 4 4 3 3 2 2 3 4 3 2 3 0 0 2 3 4 4 3 0 1 4 4 2 2 2 0 0 3 4 0
   2 2 2 3 3 2 2 4 2 0 4 1 0 2 4 1 1 0 0 1 1 1 3 1 3 4 2 2 4 1 4 4 2 1 1
   1 1 4 0 4 2 2 2 4 4 3 0 2 0 0 4]
  [0 0 1 1 2 4 2 2 2 1 2 1 1 2 0 0 0 1 3 2 3 4 2 1 1 1 2 0 0 2 2 3 2 4 1
   3 1 3 1 3 3 4 4 0 3 4 2 1 4 4 4 2 4 2 0 0 3 0 2 0 4 4 4 3 2 2 0 2 0 3
   1 4 1 2 1 1 3 1 3 2 0 3 2 4 3 3 1 4 2 3 2 3 1 4 2 0 3 0 2 2 1 0 3 0 2
   1 1 1 0 3 4 3 0 1 2 0 1 1 4 1 0]
  [0 1 2 3 2 2 3 4 4 3 3 2 1 0 4 4 2 0 2 1 3 2 0 3 1 0 2 2 2 3 1 3 2 3 4
   0 0 3 0 2 0 4 3 1 2 3 3 1 1 4 2 1 1 1 4 4 0 4 2 0 0 0 2 4 0 4 0 0 3 2
   2 2 2 0 4 0 4 1 4 3 4 0 4 0 1 1 0 4 2 1 3 2 0 2 4 0 2 3 0 2 4 0 4 3 0
   2 4 0 1 1 0 2 2 4 0 2 2 3 3 4 3]
  [0 3 4 0 2 3 2 0 1 1 0 3 3 2 0 1 3 3 3 2 0 3 2 2 1 0 4 1 0 0 4 4 4 0 3
   1 3 3 2 4 2 3 1 3 4 2 4 1 4 4 4 3 3 2 0 2 3 2 0 4 0 4 0 3 3 0 0 3 0 3
   2 0 0 4 3 3 3 1 4 1 3 0 0 3 2 0 1 1 4 2 2 2 3 3 2 4 4 3 3 3 0 4 2 2 4
   4 2 0 1 3 2 0 3 1 1 1 4 3 4 2 1]
  [0 2 1 1 0 0 2 2 4 4 2 0 2 2 2 0 4 4 4 4 1 1 0 4 0 2 4 0 0 2 1 1 1 4 2
   2 1 2 4 4 1 4 3 3 3 3 3 0 0 4 3 1 0 1 4 0 2 1 0 1 0 3 4 1 3 2 0 2 3 0
   4 0 2 4 3 1 3 0 2 0 3 2 3 2 0 4 1 2 0 1 4 4 0 0 0 3 3 0 4 0 1 2 4 3 1
   3 2 4 2 1 2 4 2 2 0 2 1 0 1 0 1]
  [0 1 1 4 2 2 2 3 0 2 2 3 2 1 3 2 4 4 0 4 1 4 1 1 4 1 4 2 4 4 1 2 2 1 4
   2 4 3 3 0 3 4 3 0 1 1 3 1 4 2 4 1 4 4 0 1 4 3 4 3 1 1 3 1 3 1 0 2 3 4
   0 4 3 2 0 0 3 3 3 2 0 0 0 0 2 1 1 1 1 4 3 1 3 4 4 1 3 2 0 0 0 4 2 4 0
   1 0 1 4 3 2 0 2 0 2 0 4 2 2 2 0]
  [0 1 2 0 2 3 4 0 3 4 2 2 0 1 4 3 0 4 3 0 0 0 4 3 4 4 4 1 1 0 1 4 2 0 0
   1 4 3 2 0 4 1 2 2 0 3 0 0 1 2 4 0 3 3 4 3 0 1 0 1 4 1 4 1 0 3 3 0 0 0
   1 0 3 3 2 4 0 4 4 4 3 1 1 2 1 1 1 0 3 2 1 2 1 3 0 1 4 1 1 3 0 4 1 0 2
   4 2 2 2 1 2 1 2 4 1 1 0 1 1 0 0]
  [0 3 2 1 4 3 0 1 2 1 4 4 4 4 1 2 2 4 1 2 1 0 1 0 0 3 0 3 3 0 4 4 1 1 2
   3 1 2 0 2 3 3 3 1 4 2 2 4 4 2 0 2 0 4 2 4 3 0 0 3 2 4 1 1 4 3 0 0 1 3
   1 3 0 1 2 2 4 2 3 2 3 0 4 0 3 0 3 3 4 2 2 3 1 4 1 3 2 4 3 4 2 4 4 2 0
   1 2 1 0 0 2 3 2 2 3 4 3 0 2 0 3]
  [0 1 0 3 0 1 1 3 2 1 3 2 1 3 0 1 2 1 4 0 4 2 1 0 4 3 1 4 0 2 1 1 2 3 3
   2 3 0 3 1 0 3 1 0 3 4 1 1 3 4 1 0 3 0 1 1 2 3 2 0 2 3 3 2 4 4 1 3 2 3
   1 0 1 0 2 0 0 4 0 1 3 3 4 3 1 2 3 4 2 4 1 4 2 3 4 4 1 3 1 2 4 2 3 1 3
   0 2 4 2 3 3 3 0 0 1 0 2 1 2 3 4]
  [0 0 4 4 1 4 2 4 4 4 2 1 3 1 2 0 2 1 3 2 2 4 0 0 0 4 3 4 0 2 3 4 2 4 0
   0 4 4 3 3 4 1 1 4 2 4 3 2 1 0 2 1 1 0 2 4 2 4 3 1 4 0 4 0 2 2 0 4 1 3
   1 1 3 3 0 3 4 2 1 2 1 3 1 1 3 4 3 2 3 3 1 4 3 4 2 2 0 4 0 3 3 2 2 4 3
   4 3 0 2 4 4 3 2 3 4 2 1 1 4 4 3]
  [0 0 3 1 0 0 2 4 4 3 2 0 4 0 3 3 3 1 1 1 0 4 1 2 3 2 2 3 0 0 4 2 4 4 1
   2 4 0 0 1 1 2 0 2 4 4 0 2 3 4 2 1 1 1 0 4 1 2 4 1 4 1 0 3 1 0 0 4 1 0
   3 0 2 4 0 0 1 0 4 2 2 3 3 0 0 4 4 1 3 0 4 3 3 0 3 0 1 0 2 3 4 2 3 0 2
   4 0 3 1 2 1 4 3 1 1 0 4 2 4 0 4]
  [0 0 3 4 0 0 3 3 2 4 4 0 1 3 0 4 0 1 1 2 0 3 2 4 2 4 4 2 0 1 4 1 0 3 3
   4 2 4 2 3 4 0 2 2 3 3 0 2 3 2 3 0 1 0 0 0 0 3 1 4 4 0 3 2 0 1 4 3 1 0
   4 4 0 3 4 1 0 4 0 4 0 3 2 3 3 3 1 2 4 1 2 4 0 3 2 4 0 3 3 4 3 3 1 3 3
   1 0 3 0 4 3 1 4 0 2 4 4 2 4 2 4]
  [0 0 4 3 0 0 3 0 0 1 1 4 4 3 2 3 3 1 4 3 2 4 3 1 3 2 3 1 3 1 4 2 3 4 2
   4 1 2 4 0 2 3 3 1 0 3 1 2 2 1 0 1 2 3 1 2 0 1 1 0 2 2 1 4 4 0 2 2 0 3
   2 3 1 0 3 2 4 0 1 1 3 3 1 3 1 3 3 4 2 4 1 0 4 4 0 0 2 2 3 2 0 4 2 4 0
   0 2 3 3 1 3 4 4 1 1 4 3 1 1 2 3]
  [0 3 2 0 2 1 0 1 2 1 0 1 2 2 1 4 3 0 4 0 3 3 4 4 0 1 1 2 1 3 4 4 3 0 1
   1 3 4 2 2 1 0 0 0 2 4 4 2 3 0 4 1 3 2 0 2 3 0 2 3 2 4 2 2 0 4 2 3 0 0
   1 2 4 3 2 0 0 0 0 4 4 4 1 3 0 2 2 0 3 1 4 2 4 2 1 0 0 1 1 4 2 1 0 0 0
   2 2 4 1 2 2 2 3 2 0 0 2 0 0 2 2]
  [0 3 4 3 4 4 4 1 2 3 2 1 3 4 4 2 3 2 0 3 4 2 0 3 4 0 0 3 0 4 4 4 0 2 4
   4 4 4 1 1 1 4 3 0 2 3 4 4 4 2 1 1 1 1 4 0 1 2 1 3 2 0 2 4 1 2 0 1 1 1
   3 1 2 2 4 2 0 2 4 0 1 0 4 2 3 1 3 2 1 2 1 3 2 4 0 2 3 1 2 3 1 4 1 4 2
   3 2 4 0 1 2 1 2 1 3 2 3 0 4 1 4]
  [0 4 4 3 0 1 2 4 2 2 4 4 4 4 1 0 4 0 2 4 4 1 3 4 2 0 1 1 2 2 3 4 4 4 0
   2 4 0 2 2 1 2 0 4 2 3 4 0 2 4 1 4 3 3 2 3 4 1 4 1 4 0 4 4 2 4 0 1 3 4
   4 4 1 1 1 0 0 4 4 3 0 1 0 4 4 0 0 0 0 3 4 0 0 1 0 3 2 0 4 4 0 2 1 1 3
   4 3 3 3 4 4 4 0 2 3 2 3 0 1 0 4]
  [0 0 2 0 4 1 3 0 1 4 4 1 0 0 3 0 3 3 1 0 0 0 2 2 2 0 0 3 1 2 2 2 0 4 1
   4 0 4 4 3 0 4 1 4 4 4 1 0 4 1 3 4 3 2 2 1 2 0 1 0 0 1 1 1 4 1 1 2 3 0
   0 3 0 2 0 0 0 4 0 3 4 0 1 1 4 4 2 4 0 3 0 0 3 4 1 1 2 0 3 1 3 0 2 1 1
   4 2 1 2 2 0 2 2 3 3 4 4 4 3 2 3]
  [0 3 3 3 2 3 3 1 0 3 0 4 0 3 1 4 1 3 1 1 2 0 0 2 1 4 3 3 3 4 2 4 2 0 2
   1 1 4 1 2 4 0 4 2 1 0 4 3 2 4 3 3 2 4 0 3 4 1 3 1 3 4 3 0 3 0 4 0 3 1
   1 4 1 0 1 3 2 1 1 3 3 3 0 3 4 1 2 2 0 3 2 1 3 3 3 4 0 1 4 2 3 2 1 1 4
   0 2 4 2 3 1 4 3 2 2 4 2 3 0 3 4]
  [0 3 3 1 2 0 4 4 4 4 0 0 0 4 3 1 0 3 4 2 4 0 0 4 3 2 1 0 0 4 4 4 0 2 4
   0 0 1 3 4 0 1 0 0 1 2 3 4 3 2 2 3 3 4 0 0 1 0 4 1 2 1 1 3 4 1 0 1 3 1
   0 0 1 0 4 2 2 3 3 1 4 2 2 0 2 3 0 1 0 4 2 2 1 2 2 4 0 0 4 0 1 4 3 2 3
   0 1 2 0 4 0 1 3 1 2 2 2 2 2 3 3]
  [0 4 4 3 2 3 3 3 3 0 4 1 3 4 0 0 3 4 0 1 0 3 1 2 2 3 4 4 0 0 0 3 3 0 4
   1 2 3 3 3 2 3 0 2 0 1 0 2 2 4 0 3 0 4 2 0 3 3 0 3 0 1 3 1 2 2 4 0 3 1
   0 4 0 3 4 1 2 2 4 3 1 4 3 2 0 3 4 4 3 1 1 3 4 1 0 0 0 3 3 2 3 0 1 4 2
   3 2 3 1 4 2 1 4 2 1 4 1 3 3 3 3]
  [0 3 2 2 3 0 2 3 2 4 4 0 4 1 4 1 3 2 3 4 3 1 3 1 0 0 4 3 2 2 0 1 1 3 2
   2 0 4 0 1 3 3 0 2 1 2 2 2 2 2 0 3 0 3 0 4 0 1 3 1 0 1 1 1 1 2 3 3 0 0
   2 4 2 2 0 0 0 2 2 1 3 1 2 1 2 0 2 1 4 1 3 2 3 4 2 3 3 0 1 1 2 4 4 2 3
   0 2 4 2 4 4 3 3 4 3 4 3 0 4 3 1]
  [0 4 2 0 1 1 2 0 2 3 3 1 3 1 2 4 1 4 2 2 4 2 0 0 3 2 3 2 1 4 1 1 0 1 3
   4 3 4 4 1 0 4 3 3 2 1 4 2 2 1 3 2 4 4 3 1 0 0 3 1 4 3 1 2 4 4 1 4 3 1
   1 3 4 3 3 1 0 4 2 0 3 1 0 1 0 4 0 0 2 2 3 4 4 0 4 1 4 0 0 3 2 0 2 2 4
   3 3 0 3 4 4 2 3 1 1 3 1 3 4 4 4]
  [0 4 0 1 0 3 3 1 3 4 1 0 2 3 1 4 2 0 0 4 4 4 2 2 3 0 3 3 0 2 4 2 2 3 1
   3 0 3 2 0 3 3 2 4 0 0 0 4 1 1 2 1 0 2 4 0 4 0 3 3 4 0 1 3 0 3 1 2 2 3
   2 4 4 4 3 3 0 4 2 4 2 4 4 3 4 0 0 0 3 4 4 3 3 0 0 0 3 4 0 3 2 2 1 3 0
   4 0 1 1 4 1 2 3 0 2 3 4 4 4 0 4]
  [0 2 3 4 3 0 1 1 3 2 1 2 1 3 1 2 2 1 3 3 0 3 1 3 3 4 4 4 4 1 3 0 2 4 0
   0 4 4 0 3 2 1 0 1 0 0 4 0 2 1 1 3 3 0 3 4 4 1 4 1 1 0 2 3 3 2 3 4 0 4
   1 1 0 1 0 4 2 2 4 0 4 3 1 0 3 0 4 0 0 3 0 4 3 1 2 2 0 1 1 0 0 0 3 4 3
   0 2 2 3 4 4 2 3 4 2 0 3 2 2 3 4]
  [0 4 3 0 4 4 0 4 4 2 3 2 1 1 4 4 4 1 2 3 1 1 0 1 1 1 0 3 0 1 1 2 4 0 4
   3 4 2 2 0 0 3 4 2 4 3 2 2 2 2 4 3 2 0 4 2 2 4 2 1 0 3 3 1 0 0 2 2 0 1
   1 1 3 2 0 4 4 0 0 4 3 2 4 3 0 3 0 2 0 0 1 1 1 3 3 4 3 3 2 2 0 0 3 0 0
   0 2 0 0 4 0 1 2 4 3 1 2 4 4 1 1]
  [0 0 2 0 4 4 0 3 0 0 2 1 4 0 1 1 2 2 3 4 2 3 0 4 1 4 1 1 4 0 1 2 0 0 3
   2 2 3 0 4 2 1 3 0 2 2 4 2 2 4 1 3 4 2 1 2 3 0 1 3 1 4 2 4 0 2 3 4 2 2
   3 3 0 2 0 4 3 3 3 0 2 3 3 3 4 2 0 4 2 0 0 2 1 1 2 4 4 2 1 4 1 2 0 0 1
   4 4 4 1 0 4 2 2 4 3 1 1 3 4 0 2]
  [0 2 1 1 1 2 4 2 1 2 1 1 1 2 4 1 1 0 1 2 3 2 0 1 3 2 0 4 2 1 4 2 0 3 2
   4 0 1 0 3 3 0 3 3 4 3 2 1 2 2 1 0 3 0 1 2 0 2 1 1 1 0 0 1 2 0 3 3 0 3
   0 1 4 0 2 2 0 2 0 0 1 3 1 4 3 3 0 1 4 4 0 0 3 1 2 3 3 4 2 0 1 1 0 2 3
   3 3 0 0 2 4 3 3 1 1 1 0 1 4 0 1]
  [0 0 1 3 0 2 2 4 4 1 0 2 0 0 0 3 4 0 4 4 4 1 3 3 0 2 3 4 4 0 4 4 4 4 1
   1 0 2 1 0 2 4 0 3 3 3 4 0 0 2 4 3 3 4 2 1 1 2 2 2 2 1 1 4 3 3 0 4 1 4
   2 3 3 1 4 1 2 3 1 4 1 3 3 3 3 0 0 1 4 1 4 2 0 0 4 1 3 3 2 4 2 1 2 4 2
   0 0 4 4 3 1 4 1 2 0 3 2 3 0 3 3]
  [0 2 1 4 4 4 2 1 1 3 2 1 0 4 3 3 4 1 0 3 0 3 4 2 4 1 2 1 3 2 0 2 3 1 0
   4 4 4 2 4 1 2 0 3 1 1 0 4 3 4 1 0 3 3 2 2 2 0 0 2 3 0 2 1 2 2 0 4 1 1
   3 3 3 0 1 3 4 3 0 0 0 1 2 4 0 0 3 2 3 4 3 1 3 0 3 2 2 3 3 2 3 2 4 4 4
   1 4 0 3 2 1 1 2 1 2 4 2 0 1 3 4]
  [0 2 4 2 2 0 3 3 2 1 3 4 0 0 2 4 0 3 2 3 1 1 0 0 1 4 4 4 1 1 3 2 0 1 0
   2 3 3 0 2 4 4 1 3 4 0 1 4 0 1 2 1 3 2 0 4 3 2 1 0 4 0 1 0 0 0 1 4 0 4
   3 4 1 4 1 4 4 0 2 2 4 4 0 4 3 1 1 1 3 2 0 1 1 3 0 4 1 1 0 1 4 4 1 1 0
   4 3 2 0 3 2 3 0 0 2 0 3 0 3 2 1]
  [0 1 0 4 3 3 1 2 4 3 0 2 3 2 3 0 0 3 3 4 0 4 2 1 2 1 0 1 4 1 4 2 1 1 1
   4 2 2 1 3 0 2 1 4 4 4 2 0 4 2 3 1 0 1 4 4 1 4 3 2 4 3 4 3 1 2 0 3 0 4
   4 1 4 2 1 4 1 2 2 1 2 1 1 2 0 3 4 3 4 3 2 2 2 1 2 0 1 0 1 2 2 0 2 0 2
   3 2 0 2 2 2 2 1 4 3 4 2 3 0 4 4]
  [0 4 2 3 3 0 4 2 3 3 2 4 3 3 1 2 4 2 4 0 4 0 0 4 2 1 4 1 2 3 0 2 2 4 2
   1 1 0 3 4 3 2 1 2 1 0 3 1 3 1 0 4 2 0 2 1 1 0 3 3 3 0 0 0 3 2 1 0 0 3
   0 4 3 4 2 2 3 3 4 0 2 2 4 4 2 0 0 3 0 0 0 1 4 0 3 4 0 0 0 3 3 1 2 3 0
   0 1 4 3 3 2 0 0 2 3 4 0 0 1 3 3]
  [0 3 2 2 1 1 2 1 1 1 4 1 2 2 0 4 2 1 2 0 2 0 3 2 0 4 3 1 2 4 1 3 0 3 4
   1 0 0 2 4 3 3 4 2 1 2 3 4 1 3 2 4 0 1 2 0 3 2 3 2 3 0 0 4 0 1 2 4 3 4
   4 1 2 1 3 3 3 3 4 2 1 4 2 0 4 1 4 3 4 4 0 4 3 4 0 1 1 0 4 4 0 0 1 0 0
   4 1 4 1 3 4 0 1 4 1 2 3 4 1 2 2]
  [0 2 0 4 0 4 4 4 4 0 1 4 4 3 1 2 4 4 0 3 1 0 4 2 3 1 4 0 4 3 3 4 1 2 3
   2 2 2 3 1 0 4 3 1 3 3 4 2 1 2 4 0 1 1 1 4 1 0 4 0 1 0 3 4 2 4 2 0 3 2
   3 3 1 2 2 1 3 1 0 2 0 1 4 1 3 4 1 1 2 2 3 3 3 0 0 0 4 0 0 4 3 0 3 1 1
   2 0 1 0 3 4 4 3 0 3 0 2 1 1 4 1]
  [0 0 2 2 0 3 3 2 1 1 4 1 1 0 1 1 0 3 0 1 1 3 0 4 4 4 0 0 0 1 1 0 0 0 3
   1 4 3 3 2 2 0 3 4 3 3 3 4 3 1 2 3 2 0 1 3 2 2 2 1 3 2 1 0 3 0 1 3 2 1
   4 2 0 1 0 3 4 0 3 3 0 1 3 0 2 4 2 1 4 0 4 3 2 1 0 3 3 3 3 0 1 1 3 2 2
   2 4 2 2 4 3 0 4 2 3 0 1 3 0 0 2]
  [0 1 2 0 1 0 4 4 1 4 2 4 1 2 4 2 3 1 0 0 4 2 3 3 0 1 2 0 2 3 0 1 2 0 2
   0 1 1 0 2 4 3 2 2 1 3 4 2 0 2 2 1 2 4 1 1 2 4 1 4 2 0 4 0 2 0 0 4 0 4
   2 0 3 4 2 4 4 0 1 4 4 0 0 4 0 1 3 1 0 4 1 0 2 0 2 0 2 2 2 1 0 0 2 0 1
   1 0 3 0 4 2 0 2 0 4 3 3 0 0 4 3]
  [0 4 3 3 2 1 1 4 2 2 2 1 4 2 0 3 1 0 1 2 4 2 4 4 2 4 2 4 4 0 3 3 3 4 2
   1 3 1 0 2 1 0 4 0 4 0 1 0 1 0 2 3 0 2 4 1 0 0 2 4 0 1 1 2 3 1 3 0 2 3
   3 4 2 4 4 3 4 0 2 0 2 4 1 1 1 1 1 0 2 3 0 2 2 2 2 1 3 2 3 0 2 0 2 0 4
   3 0 2 1 2 4 2 2 4 4 3 0 3 2 3 4]
  [0 2 1 0 1 2 2 1 0 3 3 2 1 4 2 0 0 2 4 0 4 3 2 3 0 1 0 4 0 2 2 4 1 2 2
   4 3 4 0 2 2 2 2 2 4 1 2 2 4 1 0 2 2 3 0 3 2 0 4 1 0 2 2 2 1 3 2 2 3 4
   0 4 0 2 3 3 4 1 2 2 4 4 4 3 2 2 4 2 2 3 0 4 2 1 3 2 4 2 2 1 4 0 0 2 2
   1 3 2 0 1 4 0 4 0 0 4 0 2 3 0 2]
  [0 3 0 0 4 0 1 4 3 1 4 4 4 2 4 4 1 2 3 3 0 2 4 1 1 1 1 4 2 3 4 4 2 0 2
   0 2 2 3 1 0 1 3 4 0 2 3 4 0 2 2 4 0 2 2 1 4 1 2 2 4 1 0 0 1 4 0 3 3 3
   0 3 1 2 4 0 4 2 1 4 4 3 1 2 4 4 2 0 1 0 3 1 0 2 1 2 0 2 4 4 3 2 2 0 0
   1 1 0 2 1 3 4 0 1 3 2 0 4 2 0 1]
  [0 3 2 4 2 2 2 1 1 1 0 0 2 3 3 1 2 0 1 4 0 2 0 2 1 0 0 4 3 2 2 0 3 1 0
   3 1 4 4 0 3 3 2 2 4 0 3 2 3 1 0 0 3 1 4 0 4 0 4 0 3 4 1 4 2 0 4 2 0 0
   0 4 0 2 4 0 2 4 3 0 0 3 4 3 3 0 2 3 4 3 4 2 2 4 3 3 1 3 4 1 0 1 1 4 0
   1 1 2 4 2 4 1 3 0 3 0 1 2 0 1 4]
  [0 4 0 0 2 0 3 0 0 0 0 0 2 0 2 1 1 2 0 3 3 3 1 0 2 1 1 0 0 2 4 3 1 4 1
   4 2 4 3 1 2 2 2 0 4 2 2 2 0 0 2 2 0 3 1 0 0 1 2 4 2 0 4 4 3 2 1 2 0 1
   4 4 2 4 3 1 2 3 0 2 2 4 0 1 4 1 1 3 4 0 3 0 4 1 2 3 2 3 1 0 2 4 2 3 0
   0 4 0 0 4 3 2 4 2 3 4 4 3 0 2 1]
  [0 1 0 3 1 1 3 4 3 4 1 4 3 2 4 4 3 0 2 3 2 2 1 1 3 0 3 4 0 1 4 0 2 1 0
   1 4 3 2 0 0 1 3 0 4 0 3 1 1 3 1 3 1 3 3 2 2 3 0 2 0 3 3 1 0 4 3 3 0 1
   2 2 1 0 4 3 3 3 0 3 4 1 2 1 2 1 2 1 4 4 0 0 1 0 4 0 4 0 1 4 0 0 0 4 3
   3 0 3 4 3 2 2 2 4 4 2 4 3 1 1 0]
  [0 2 3 1 2 2 2 3 3 4 3 3 4 0 0 2 1 3 1 3 1 3 0 2 4 4 3 3 3 1 4 4 3 4 0
   3 3 1 2 0 4 1 4 4 3 3 2 0 1 1 2 3 0 3 1 0 4 3 3 3 4 4 2 4 1 3 2 3 1 1
   1 1 2 4 1 4 2 1 3 3 4 1 4 0 3 4 1 3 3 1 3 1 4 2 3 3 1 2 4 3 4 0 2 0 4
   0 0 0 4 2 4 0 0 2 1 3 1 2 4 2 4]
  [0 2 4 0 2 0 4 1 2 2 1 0 1 0 0 4 3 3 0 1 2 0 0 2 3 3 1 2 0 4 2 2 0 4 1
   3 2 0 0 3 2 2 2 0 3 1 3 4 0 4 2 3 3 0 2 4 1 2 3 0 0 2 1 3 2 3 1 0 1 4
   2 4 0 4 0 4 4 0 3 4 4 3 4 2 1 4 4 3 1 0 4 3 1 3 0 4 1 0 2 1 4 3 0 4 0
   4 3 3 0 0 1 1 2 1 2 4 0 1 4 0 4]
  [0 2 1 2 4 0 4 0 0 4 4 0 4 1 4 0 0 3 4 4 4 2 4 3 4 1 2 0 4 1 4 2 2 4 3
   4 0 4 2 3 0 3 3 1 2 2 4 0 1 0 0 1 4 3 0 3 0 3 2 4 1 2 3 2 0 2 0 3 0 4
   0 1 4 0 1 1 1 1 1 2 0 1 4 2 0 4 2 1 2 1 4 1 2 2 4 2 4 1 4 3 0 1 0 3 3
   1 3 3 2 0 3 0 1 2 2 0 3 2 0 0 1]
  [0 4 2 1 4 4 2 1 0 0 2 4 0 2 1 0 0 4 2 4 1 4 4 3 3 2 1 1 2 2 1 3 4 2 1
   0 4 0 2 2 1 1 0 4 2 2 3 2 2 4 3 0 0 4 3 1 0 0 3 1 1 1 1 1 2 2 2 1 0 3
   2 3 4 4 2 0 3 1 1 1 1 3 1 2 0 0 4 3 1 4 4 1 1 1 2 0 2 0 4 2 3 1 0 4 1
   0 0 1 3 3 0 4 1 0 1 4 1 1 1 1 1]
  [0 1 3 3 4 4 0 4 1 2 0 0 2 1 2 3 4 2 0 2 1 0 3 0 2 4 0 4 0 3 4 0 2 0 4
   2 2 3 4 3 1 3 2 2 3 0 3 1 2 2 3 0 1 0 1 3 2 3 3 4 0 0 2 4 2 1 0 2 3 4
   3 3 0 4 2 0 0 0 2 3 0 4 3 4 3 3 1 0 3 0 0 2 3 3 4 3 0 0 1 0 1 0 3 4 1
   0 4 2 4 1 2 0 2 4 2 4 0 2 0 0 0]
  [0 4 0 4 1 2 4 4 1 2 1 3 0 0 3 3 0 1 3 4 1 1 4 4 2 3 0 3 1 3 4 4 1 2 1
   2 0 0 0 4 1 1 2 0 3 1 4 2 3 0 2 2 1 3 0 1 1 2 4 2 1 2 3 2 4 3 4 3 3 4
   4 3 4 1 1 0 4 4 3 1 4 0 1 0 3 2 3 4 1 2 1 1 4 1 4 3 1 0 2 2 0 1 0 0 4
   0 3 2 2 3 1 2 0 1 0 2 3 3 3 0 1]
  [0 0 1 1 2 3 2 1 0 3 2 2 0 0 4 3 0 0 0 2 1 1 0 4 1 1 4 0 4 2 0 2 0 1 0
   0 2 3 4 1 1 3 4 1 1 2 4 2 1 3 2 4 3 3 3 0 3 0 2 4 3 2 3 2 4 2 3 4 2 2
   4 0 4 4 1 4 1 0 2 3 0 2 1 1 0 1 3 3 2 2 3 0 0 0 4 1 3 1 3 2 2 3 0 3 3
   1 0 4 0 3 2 1 0 0 3 3 4 4 0 4 0]
  [0 3 0 3 0 4 3 3 4 2 2 1 3 3 4 1 3 3 1 0 2 0 0 1 3 2 0 0 2 0 0 3 4 1 4
   3 3 3 1 0 2 0 0 1 4 2 3 0 3 0 1 1 0 4 2 2 0 2 1 4 4 4 3 3 2 1 2 0 0 1
   0 3 3 2 4 3 1 2 3 4 1 2 3 2 4 0 3 1 0 1 0 3 1 0 4 4 3 3 0 1 3 1 3 3 4
   3 1 0 4 2 3 3 3 0 0 4 4 3 3 1 3]
  [0 2 0 1 3 0 2 1 3 1 3 4 3 3 2 3 3 3 4 1 4 4 1 0 1 1 4 3 2 4 4 2 4 0 4
   1 0 4 4 0 4 2 3 4 1 1 4 3 1 2 3 3 3 3 3 3 3 4 3 0 3 3 0 0 4 0 3 1 3 0
   3 0 0 0 2 1 3 4 1 1 0 1 0 2 3 0 4 4 3 0 2 4 2 4 2 2 3 0 4 3 4 4 1 1 0
   2 1 0 1 3 4 0 0 1 0 0 0 4 3 0 4]
  [0 4 2 3 3 2 1 4 2 1 3 3 3 0 2 2 3 2 0 1 3 3 3 3 3 4 2 3 1 4 2 2 1 0 4
   2 2 2 4 3 4 0 1 2 2 4 0 3 1 4 4 4 3 0 3 4 4 4 2 4 2 0 4 4 1 4 0 0 4 4
   3 1 0 3 1 3 0 1 3 0 0 3 0 3 2 2 3 2 1 0 3 4 1 4 0 3 0 0 0 4 4 3 2 1 2
   1 2 4 3 0 2 3 3 2 4 0 0 1 4 0 1]
  [0 1 0 2 1 1 1 4 3 2 4 0 3 2 4 3 3 2 3 0 3 4 2 4 1 4 0 4 1 0 2 4 1 2 1
   4 0 2 1 2 4 2 1 3 1 2 3 2 2 4 4 2 3 4 1 3 2 3 4 2 0 1 1 3 4 1 3 0 3 3
   3 3 4 0 4 2 3 0 2 1 0 1 3 0 1 4 2 3 3 2 2 1 3 4 0 2 2 2 1 1 3 0 2 3 0
   1 1 1 3 1 0 4 2 1 3 0 4 0 1 2 2]
  [0 3 4 3 1 2 4 3 2 3 1 1 0 0 1 2 1 3 4 0 1 2 1 4 2 4 2 2 3 3 4 3 0 4 3
   0 3 4 4 3 3 3 2 3 1 4 0 1 4 0 1 4 1 3 4 1 3 3 0 0 1 2 3 0 1 0 3 3 4 4
   0 2 2 1 2 3 1 0 2 0 0 3 3 1 0 1 2 1 4 0 2 2 4 4 0 1 1 0 2 3 3 1 1 2 1
   1 3 3 4 3 1 0 0 0 1 0 1 3 0 0 3]
  [0 2 3 4 1 3 3 3 2 4 2 1 4 3 4 1 4 0 1 0 3 1 3 2 4 4 1 3 2 1 2 4 0 0 1
   4 4 1 3 3 0 1 4 2 4 2 3 0 2 0 2 2 0 4 3 0 1 4 2 1 1 4 2 1 4 4 1 3 0 0
   2 0 0 0 3 2 3 2 0 3 4 0 3 1 1 3 2 0 2 2 2 1 4 0 3 3 4 1 3 0 4 4 4 4 4
   4 4 4 4 0 2 3 1 1 2 3 0 1 0 0 0]
  [0 2 3 3 4 2 3 3 3 1 3 4 2 2 3 0 0 1 1 0 0 4 2 3 0 2 2 2 0 3 3 2 0 3 1
   1 4 3 4 0 0 4 1 3 4 0 0 4 2 1 2 4 1 2 0 0 1 0 1 3 3 1 2 3 0 3 0 0 2 1
   1 4 0 3 4 2 0 0 4 3 4 3 2 1 4 3 2 4 1 1 0 4 0 1 4 4 3 4 4 3 2 2 0 4 4
   3 3 0 2 0 0 1 4 0 0 0 0 4 0 3 0]]

 [[0 2 0 3 1 1 1 0 2 3 4 0 0 0 1 4 3 3 2 1 4 3 3 0 2 4 2 0 1 3 4 3 4 4 3
   2 3 2 0 2 0 0 3 1 3 4 4 3 2 0 4 4 0 3 3 4 3 0 1 1 4 2 1 3 1 0 2 4 3 4
   0 1 4 0 0 2 2 3 1 4 3 1 2 4 4 1 1 1 4 3 2 0 3 3 3 1 2 4 2 4 2 2 0 2 1
   4 4 4 4 3 4 0 2 2 3 3 2 2 4 3 4]
  [0 0 2 3 4 2 1 4 2 3 2 3 3 3 4 2 2 4 2 3 1 1 3 1 0 1 4 3 2 1 4 2 3 2 1
   0 0 4 3 1 3 1 1 4 2 2 1 1 2 4 1 2 1 3 1 1 2 3 4 4 0 3 2 1 2 4 2 4 2 1
   4 2 3 1 3 4 0 3 2 4 1 0 0 3 3 0 3 0 3 2 3 3 1 2 3 1 1 1 3 1 3 2 2 2 3
   3 1 4 4 3 0 0 4 2 4 3 0 1 1 3 2]
  [0 2 0 1 0 0 4 0 3 1 4 4 1 0 2 2 1 2 3 3 2 2 1 1 4 3 3 4 1 1 1 4 3 1 0
   0 0 2 1 4 2 3 1 1 3 1 2 1 3 0 4 3 3 4 3 0 0 2 4 3 1 4 1 2 4 0 3 4 0 3
   0 3 3 3 0 0 0 1 4 2 4 3 3 3 3 0 3 1 2 1 2 0 0 4 3 0 4 2 2 0 4 4 1 3 1
   4 1 3 2 2 3 4 0 0 1 0 1 2 4 1 2]
  [0 0 1 0 0 4 0 2 3 2 2 3 1 2 1 1 2 2 4 1 3 3 0 1 3 4 4 2 3 1 1 3 3 3 4
   3 1 1 3 0 0 3 3 2 3 4 4 2 4 2 2 4 2 1 1 1 2 0 1 3 1 3 0 1 0 1 2 1 2 2
   3 0 2 1 1 4 3 4 1 4 2 3 4 0 0 1 1 2 0 2 4 2 0 4 3 2 3 0 0 1 2 0 2 1 4
   2 3 0 3 1 3 4 3 2 2 4 2 2 4 1 3]
  [0 3 2 0 0 4 3 2 2 1 2 1 3 4 0 0 3 1 4 1 2 3 1 4 2 1 2 0 0 1 2 2 0 0 0
   4 0 3 1 2 4 2 2 3 3 1 2 0 1 3 3 1 1 4 2 4 1 4 2 2 4 1 0 2 4 0 2 4 2 3
   4 1 3 0 2 3 3 3 4 3 4 4 4 2 1 0 0 4 0 2 1 0 4 3 1 4 1 4 2 1 1 0 0 2 3
   1 0 3 0 4 3 0 1 0 0 1 2 4 2 4 1]
  [0 3 0 1 2 0 1 1 2 1 4 0 0 4 4 2 1 4 4 4 2 4 1 0 1 2 4 4 3 0 4 0 3 3 3
   0 2 2 2 0 2 0 3 1 2 0 0 0 4 0 4 1 2 3 1 4 4 2 3 3 1 3 4 1 1 1 2 4 1 1
   2 2 1 2 0 4 1 1 3 1 0 0 2 2 1 3 1 0 4 3 0 1 3 2 4 1 1 1 1 2 1 2 1 4 4
   1 3 3 0 0 1 3 1 0 4 4 0 0 0 4 2]
  [0 1 1 0 1 1 0 1 1 3 2 4 1 1 4 4 4 1 4 2 0 2 0 3 3 1 0 2 4 2 4 4 2 0 2
   2 2 2 4 1 0 4 1 1 1 0 1 0 0 1 1 1 1 2 0 0 3 0 3 2 2 2 4 3 0 3 2 0 1 3
   1 2 2 3 3 1 4 3 3 2 3 2 0 0 3 2 0 0 0 3 3 1 0 3 0 2 1 3 0 0 1 2 4 0 0
   0 4 4 3 3 0 4 1 0 0 0 0 0 0 1 4]
  [0 1 1 2 1 1 3 0 3 1 2 4 3 1 0 1 0 2 3 2 3 0 0 1 3 2 3 3 2 0 4 3 0 4 4
   2 3 4 0 0 2 3 3 0 4 2 4 4 2 0 1 1 2 3 1 0 2 2 3 1 1 4 0 0 3 4 1 0 4 4
   3 4 3 4 0 1 0 0 1 3 3 4 4 3 3 1 3 0 2 0 2 3 4 2 1 1 1 4 2 4 1 1 1 1 4
   4 0 0 4 1 2 2 4 0 2 0 4 4 1 4 0]
  [0 1 0 0 4 3 2 1 0 3 1 3 0 0 0 2 0 2 2 3 4 1 3 1 4 0 0 1 4 1 0 2 2 2 2
   2 1 0 0 0 4 3 1 0 0 2 3 3 3 2 4 1 1 1 2 4 2 4 0 1 0 1 4 4 3 4 3 1 4 1
   2 2 4 3 4 2 1 0 2 1 2 2 0 3 0 4 3 0 2 3 1 1 2 0 0 0 1 3 0 2 0 2 4 4 3
   2 1 2 1 2 2 1 4 3 4 1 4 4 3 3 0]
  [0 2 0 2 4 0 1 1 2 0 2 2 0 0 1 0 1 4 2 2 0 1 0 1 4 4 0 4 1 0 1 3 3 2 0
   2 4 4 0 4 2 4 4 4 3 1 1 0 2 1 0 2 1 2 4 1 0 0 4 0 0 0 2 1 0 3 2 4 3 0
   3 0 1 2 4 3 1 2 2 2 4 0 0 0 0 1 0 4 4 1 0 2 1 3 3 3 4 1 1 3 4 4 4 0 0
   3 3 1 1 2 2 3 4 2 2 0 2 1 4 3 1]
  [0 3 2 3 3 1 0 0 3 2 0 4 4 0 3 4 4 3 1 4 0 1 4 2 3 3 3 3 2 2 1 2 2 3 0
   3 4 4 4 1 1 0 4 1 2 1 4 2 1 3 1 1 0 4 4 0 3 3 2 0 4 1 4 2 4 3 4 3 4 1
   3 2 1 1 4 1 3 3 3 4 4 2 3 3 0 3 2 2 4 1 1 1 2 0 1 2 4 0 0 0 4 4 3 2 4
   4 4 3 1 1 0 2 0 2 3 4 4 3 3 2 0]
  [0 2 4 3 1 1 2 0 1 3 0 0 3 0 0 0 4 3 0 1 2 3 0 1 3 3 0 3 1 1 1 4 3 2 1
   1 0 0 3 2 1 3 2 1 3 4 4 0 2 4 0 1 4 3 3 3 3 4 3 3 1 1 3 4 2 1 3 3 4 2
   0 1 0 3 2 2 0 3 0 0 2 0 2 3 4 3 2 2 3 0 0 2 1 0 1 2 2 2 0 2 0 4 1 1 3
   3 3 4 2 0 1 2 1 4 3 0 0 0 2 0 2]
  [0 0 4 0 4 0 1 2 1 2 2 3 0 2 2 2 3 2 4 3 3 1 3 2 2 0 1 2 0 1 0 1 3 4 1
   1 2 4 3 3 0 0 0 4 3 2 2 2 1 1 2 1 3 2 1 3 4 1 1 1 3 4 0 4 3 4 2 0 4 3
   0 2 3 4 4 2 1 0 4 1 2 3 2 0 0 0 3 4 0 3 3 1 2 2 2 0 1 3 1 0 2 3 3 0 2
   0 4 0 2 0 4 1 0 3 3 4 1 0 1 4 3]
  [0 2 0 4 3 0 3 2 1 2 1 3 3 0 4 1 0 0 3 3 0 1 2 1 3 3 2 1 4 4 4 0 2 3 2
   1 2 0 4 0 1 0 2 0 4 2 0 1 2 1 2 4 2 2 1 0 4 2 1 0 0 3 3 1 1 4 0 4 3 3
   0 1 0 3 4 4 4 2 2 0 3 3 4 4 3 3 4 1 1 0 1 2 3 1 2 2 3 3 0 4 3 3 0 3 2
   3 0 0 1 3 0 3 2 0 3 3 3 1 3 0 1]
  [0 2 2 0 4 3 3 0 1 3 0 0 2 0 0 3 1 1 0 4 3 4 0 3 2 3 4 0 4 0 0 1 3 4 0
   4 2 1 1 2 3 4 0 4 1 4 3 2 3 2 2 4 4 2 4 0 4 1 2 1 2 4 3 1 4 0 3 4 4 1
   4 1 3 0 1 4 4 1 3 0 1 2 4 0 2 4 4 4 2 3 0 1 3 2 1 1 0 1 4 4 2 2 0 3 4
   3 3 3 4 4 1 1 2 0 1 4 2 3 0 1 0]
  [0 0 4 4 1 0 2 1 4 1 4 4 0 1 1 0 0 2 2 0 3 4 1 3 0 3 0 0 4 4 4 4 4 4 3
   1 4 1 1 3 4 2 1 3 1 0 3 4 4 0 0 1 0 4 3 0 0 4 2 4 2 0 2 1 2 2 4 1 0 3
   2 1 0 3 3 2 1 0 3 1 0 0 1 4 2 0 4 3 3 4 3 0 0 2 2 3 2 4 0 1 2 2 2 0 3
   3 0 1 4 2 0 2 2 3 3 0 2 0 3 2 1]
  [0 2 2 1 2 4 0 1 3 2 1 0 2 2 3 2 0 0 3 3 0 1 0 4 3 4 1 0 4 4 4 0 4 3 0
   0 1 0 1 4 2 1 1 2 0 2 0 2 2 0 2 3 4 4 1 2 1 0 1 1 2 4 3 4 0 1 4 0 2 1
   1 4 0 0 1 2 2 4 0 0 0 3 2 1 1 0 4 1 0 3 4 3 1 4 2 3 1 0 3 2 1 4 3 1 3
   4 1 2 2 3 4 1 4 2 3 1 3 3 0 0 0]
  [0 3 3 0 4 0 1 1 1 4 3 4 1 2 3 1 0 0 4 4 2 1 1 3 4 2 4 4 1 1 3 4 3 1 1
   1 4 3 1 2 3 0 2 4 1 1 1 0 1 4 1 1 4 2 3 0 4 0 1 4 0 1 0 4 4 3 1 3 3 0
   4 4 4 1 0 4 1 2 1 1 0 0 2 0 2 3 0 4 1 4 3 2 3 2 4 2 3 2 3 1 3 3 3 2 3
   3 1 2 3 2 3 3 3 3 2 3 3 0 3 2 4]
  [0 4 0 0 3 4 4 3 4 2 1 1 4 4 0 2 2 1 0 0 4 2 4 1 1 3 2 1 4 3 0 1 1 0 4
   1 1 4 3 1 3 4 3 2 1 3 0 1 0 3 4 1 4 0 4 2 0 2 1 4 1 2 0 1 1 1 2 0 1 3
   3 0 2 1 3 3 0 3 4 0 4 4 3 0 2 4 3 1 0 2 4 3 0 3 4 4 3 2 0 0 2 3 3 2 2
   3 2 3 1 0 1 0 0 3 3 4 2 0 2 1 2]
  [0 3 0 4 1 2 2 3 4 1 1 4 0 1 4 2 2 0 0 0 1 2 4 4 3 2 4 2 0 1 4 4 0 3 3
   4 2 3 2 3 0 3 2 2 2 4 1 4 4 2 4 1 0 1 4 2 1 4 4 2 4 0 4 3 3 2 0 4 4 1
   4 3 1 1 1 0 4 2 4 2 0 3 4 0 2 0 2 2 1 3 1 1 2 3 0 1 4 2 4 4 1 0 0 0 1
   3 4 4 1 1 3 2 2 4 2 4 2 3 3 3 0]
  [0 3 4 0 4 1 1 2 2 3 0 4 1 3 3 1 3 1 4 3 0 2 4 2 2 4 1 0 1 3 0 4 1 2 1
   2 3 0 1 0 3 4 4 4 0 0 1 4 0 4 2 0 2 1 0 2 1 1 3 1 2 4 3 2 2 4 0 1 4 2
   2 2 0 1 0 0 0 0 2 2 0 4 0 3 4 3 3 4 2 1 1 2 4 1 3 1 2 2 2 4 4 4 3 4 1
   1 1 3 4 2 2 4 2 1 2 0 4 1 3 3 0]
  [0 4 2 2 3 1 3 2 1 0 0 2 1 1 0 0 3 3 0 1 0 0 3 1 2 2 4 2 4 2 0 2 1 0 3
   0 3 4 0 0 0 1 4 2 0 3 4 2 4 3 4 3 2 1 1 0 2 2 1 1 1 4 1 0 2 4 3 0 1 0
   0 0 4 2 0 2 0 0 3 2 0 0 1 2 1 0 1 1 1 3 4 0 0 3 2 1 0 3 2 0 3 2 3 1 2
   3 3 4 3 4 2 3 1 1 1 4 4 4 2 1 1]
  [0 1 2 1 1 1 2 0 1 0 0 1 0 2 0 3 0 4 2 2 2 4 0 2 0 1 1 3 2 1 0 4 3 0 1
   1 2 2 4 0 4 0 1 2 0 2 2 1 0 1 1 3 1 2 0 0 1 2 1 0 2 2 2 4 3 1 1 3 3 1
   0 1 0 2 3 4 3 4 4 0 1 4 0 4 4 1 0 1 1 2 4 4 3 3 0 4 2 3 3 0 3 1 2 4 1
   4 0 3 0 1 1 3 0 0 4 4 4 0 4 4 0]
  [0 2 1 1 3 0 0 4 3 2 0 2 3 0 1 1 1 4 1 2 1 0 4 0 0 2 1 1 0 3 0 0 1 1 0
   4 4 2 0 3 0 4 2 2 1 2 2 2 3 0 0 4 4 4 2 0 4 1 2 2 3 4 0 1 3 4 2 0 2 3
   0 1 0 2 2 2 3 0 2 2 4 2 1 1 4 2 1 0 2 4 4 2 4 4 2 1 4 3 3 3 2 3 1 3 1
   0 3 4 2 3 0 2 2 3 0 3 4 3 1 1 1]
  [0 3 1 2 0 1 3 1 2 4 4 3 0 2 4 3 0 3 1 0 0 3 4 1 0 0 4 1 3 4 1 1 1 2 2
   3 3 3 2 0 2 2 1 4 0 1 2 2 2 3 3 3 4 4 3 0 4 0 4 3 1 0 0 3 2 0 1 0 4 3
   2 2 3 1 2 1 0 4 1 4 0 4 1 3 1 2 2 4 1 3 1 0 4 3 0 3 2 3 3 3 4 4 0 0 3
   1 2 4 2 3 0 2 4 4 3 2 3 3 3 1 3]
  [0 3 3 4 0 3 4 2 4 3 0 0 0 3 1 2 1 4 4 1 0 4 3 2 0 0 1 0 2 1 0 3 3 0 4
   2 3 4 1 1 4 1 2 2 0 1 0 3 2 0 1 0 1 2 0 4 2 4 4 4 4 3 4 3 0 2 0 0 4 1
   1 1 3 0 2 3 1 2 3 0 3 1 2 1 3 4 1 0 4 0 0 4 0 2 2 3 2 4 2 0 2 1 3 1 3
   4 4 2 1 0 1 2 4 1 3 0 2 3 3 4 2]
  [0 1 0 2 2 1 0 0 3 1 4 2 1 4 0 2 4 1 4 3 4 1 0 4 3 4 0 1 4 3 2 4 4 3 1
   0 2 4 1 1 4 1 3 3 3 3 3 2 2 2 4 0 3 3 4 1 2 0 3 2 4 4 1 4 2 1 2 0 1 3
   0 3 4 2 0 3 4 0 1 3 1 1 3 0 2 4 1 4 3 0 2 2 0 3 0 0 4 3 3 3 1 2 3 3 3
   2 1 3 3 0 2 3 0 1 4 1 2 0 2 1 4]
  [0 1 1 3 4 3 3 3 3 1 2 2 4 3 4 1 3 3 2 3 3 3 1 4 3 4 1 0 4 2 4 0 2 2 0
   0 2 1 4 0 2 2 0 0 3 1 0 0 0 3 3 4 0 4 2 2 3 2 0 4 0 3 3 2 2 2 1 0 0 4
   3 0 0 3 1 4 4 3 0 0 3 0 2 1 4 1 4 2 4 3 2 4 0 1 4 4 1 2 0 1 4 4 2 0 3
   2 2 1 1 4 3 3 2 2 4 0 2 2 3 4 4]
  [0 2 0 1 3 3 4 2 2 2 3 2 3 0 3 0 3 1 3 4 2 3 1 4 0 4 2 0 0 2 0 3 1 4 3
   4 0 1 0 2 2 1 1 0 4 3 4 4 4 2 2 0 3 1 3 3 0 1 1 3 2 2 2 3 0 3 1 2 4 4
   4 1 2 4 2 3 1 4 0 2 0 2 3 2 4 3 4 2 3 3 4 2 4 4 1 3 4 2 3 4 3 0 2 4 4
   1 0 0 3 4 4 0 3 4 2 4 1 1 1 3 4]
  [0 0 4 3 3 1 0 4 1 3 1 0 3 3 1 0 3 4 4 2 2 3 2 0 3 4 1 1 3 0 0 3 2 4 2
   1 3 3 3 3 2 3 1 1 1 0 3 0 2 2 0 3 2 1 4 2 4 3 0 1 0 0 3 3 1 1 0 4 1 2
   4 3 0 0 3 0 3 1 3 0 3 4 2 1 1 4 4 3 2 0 3 4 1 1 3 1 2 3 1 0 0 2 4 3 4
   2 1 4 4 1 4 4 3 3 1 2 0 3 4 2 2]
  [0 2 0 1 4 1 4 1 2 2 2 0 3 1 1 4 1 1 2 3 4 1 2 1 3 1 4 2 0 1 0 3 3 4 4
   3 4 1 3 4 4 2 2 1 2 1 3 0 3 1 4 4 4 2 2 2 0 4 4 0 3 0 0 2 2 4 2 2 2 4
   2 3 1 0 1 4 1 2 4 1 1 0 0 4 1 0 2 2 3 3 0 1 2 4 1 0 3 1 0 2 1 1 3 1 0
   4 3 3 3 4 0 2 4 1 1 2 4 3 4 4 4]
  [0 2 3 0 2 0 2 1 1 3 4 4 1 1 0 4 3 1 0 0 0 2 4 1 2 2 3 1 0 1 0 0 0 1 0
   2 4 1 1 3 0 4 4 4 3 0 2 0 0 1 4 1 4 0 1 3 3 4 0 0 3 3 2 3 4 4 1 4 0 0
   2 2 2 4 0 2 3 1 0 4 3 3 0 4 3 0 0 3 3 4 2 1 2 1 4 1 0 3 4 0 4 2 2 2 2
   0 3 1 2 1 1 3 3 4 2 3 2 2 3 2 2]
  [0 3 3 0 1 0 4 3 0 2 0 3 2 3 2 0 0 0 2 2 4 1 2 1 3 4 3 2 1 1 0 2 0 2 4
   4 4 0 2 4 4 1 0 3 0 2 2 0 4 1 2 2 0 2 1 0 3 0 1 2 3 0 3 4 4 1 1 2 2 3
   1 3 3 0 3 0 0 2 0 3 0 1 3 2 0 3 3 2 1 2 1 1 1 3 4 2 4 2 2 0 1 1 0 0 1
   0 3 2 4 3 0 4 0 0 4 4 1 3 2 3 1]
  [0 2 4 4 2 3 2 1 4 0 1 1 2 4 3 1 3 3 1 2 0 4 4 1 1 2 4 0 4 1 2 3 1 0 4
   4 4 2 2 1 0 4 0 2 3 1 2 2 1 1 4 1 3 3 4 0 3 3 0 3 1 3 0 3 1 2 4 2 4 3
   1 1 3 1 1 2 1 3 4 3 0 3 4 3 3 1 4 3 1 0 0 3 1 2 3 1 4 1 1 3 4 4 1 1 2
   0 4 4 0 3 3 0 1 3 2 1 3 4 2 3 2]
  [0 2 1 2 2 1 2 2 4 0 2 0 3 0 0 0 0 0 0 0 4 2 3 3 0 3 3 3 2 4 0 4 3 4 0
   0 3 3 1 0 1 4 3 0 0 1 4 1 1 4 3 4 4 4 3 1 0 2 1 2 1 3 1 2 2 4 2 1 0 4
   0 2 0 3 4 3 3 2 1 2 3 2 4 0 4 4 1 1 2 4 4 3 0 4 4 3 3 1 4 1 1 3 2 4 4
   4 2 2 3 1 4 0 0 0 2 0 0 4 2 0 3]
  [0 2 0 2 0 0 4 2 3 1 2 1 4 3 4 1 1 1 3 3 4 1 0 0 3 1 2 4 1 4 2 1 2 2 0
   0 4 1 0 2 0 1 2 3 4 4 1 3 2 1 4 2 4 1 0 3 1 1 2 1 2 0 0 1 4 0 0 1 0 2
   1 3 2 4 1 0 4 0 0 1 2 0 3 3 1 3 1 1 1 3 3 4 4 2 0 2 2 0 3 3 4 0 2 3 1
   3 1 0 0 4 1 2 3 0 3 1 1 1 0 1 0]
  [0 0 2 1 1 4 4 1 4 4 1 1 2 3 4 3 1 1 3 0 1 2 3 3 1 1 2 4 1 3 1 1 0 1 1
   3 0 2 0 3 3 3 1 4 0 1 4 0 0 3 0 0 2 2 2 0 1 4 1 3 1 3 3 2 4 3 2 4 4 4
   4 1 1 0 0 1 0 3 3 4 1 3 0 3 2 3 0 1 3 4 4 3 0 3 4 3 3 0 0 1 0 4 1 2 3
   2 1 1 1 3 3 2 4 0 2 3 4 2 1 2 3]
  [0 0 0 0 4 1 2 4 1 0 2 3 3 0 3 4 0 2 0 3 1 0 2 3 3 4 1 4 1 2 3 2 1 3 0
   1 2 0 2 4 3 4 1 1 4 0 1 0 3 4 4 0 1 3 4 3 4 0 2 3 3 4 1 0 2 2 3 2 4 0
   3 1 3 2 3 1 4 0 4 4 1 2 0 0 0 2 2 3 0 1 2 0 0 0 0 0 4 3 3 2 2 3 1 1 1
   4 1 3 1 4 0 2 0 4 4 0 1 3 3 2 4]
  [0 1 1 0 1 1 2 3 4 4 1 3 1 0 4 1 3 4 1 4 4 1 3 2 3 4 1 0 0 2 3 3 1 0 4
   0 0 0 0 2 2 1 2 3 3 1 1 4 2 3 3 1 4 4 2 0 2 3 0 2 1 2 0 2 2 3 1 4 3 0
   2 0 0 4 4 0 2 4 4 4 4 1 3 4 3 4 3 0 3 4 2 2 0 0 1 4 2 4 1 0 4 2 3 4 1
   0 2 3 4 2 2 4 3 1 4 1 0 2 0 2 1]
  [0 3 2 4 0 1 2 4 1 0 2 1 2 2 0 4 1 1 3 0 0 2 3 4 4 3 1 2 4 1 4 4 4 0 1
   1 0 3 0 0 4 3 3 1 4 0 1 3 0 0 1 0 4 3 1 2 0 3 0 4 1 1 3 2 2 4 4 3 3 4
   3 0 4 4 2 2 1 0 2 2 4 0 3 3 2 0 0 2 2 3 1 2 4 0 4 4 3 0 1 0 1 3 2 4 2
   1 4 1 1 1 2 4 0 0 1 3 3 1 2 0 4]
  [0 0 4 3 4 3 4 4 1 3 0 0 1 1 0 3 3 4 2 1 1 2 3 3 3 3 0 1 0 1 1 3 0 1 4
   4 1 4 3 1 0 4 4 4 3 2 2 4 1 4 1 0 4 4 1 3 4 3 1 1 3 4 4 2 2 4 0 2 1 2
   4 3 0 1 3 4 3 2 3 4 4 3 4 4 1 2 3 1 3 0 1 1 4 1 4 4 3 4 3 2 0 1 0 0 1
   2 4 1 3 1 2 3 0 0 0 1 0 4 4 1 0]
  [0 0 2 0 3 0 1 4 4 3 0 4 2 0 0 4 0 2 3 1 3 0 4 0 2 1 2 4 4 3 2 3 0 1 0
   2 3 2 0 4 1 0 0 1 1 3 1 3 0 2 3 1 1 2 2 0 2 0 4 0 4 0 4 3 1 3 0 3 3 1
   0 2 2 2 3 0 4 1 3 0 4 0 4 4 4 0 2 1 2 4 4 2 2 4 3 1 2 4 3 0 4 3 2 0 4
   3 1 0 4 2 3 2 3 0 4 1 2 4 2 0 4]
  [0 2 0 2 3 1 0 3 4 2 4 3 2 3 1 3 2 0 2 0 3 2 1 0 2 0 1 1 3 4 3 4 2 4 2
   4 0 3 4 0 2 4 0 1 2 1 1 4 0 3 4 0 2 1 1 0 4 4 1 4 1 1 1 4 3 4 0 1 2 0
   0 4 3 0 0 1 3 0 4 2 1 3 0 4 1 1 0 3 1 3 4 0 2 4 4 4 4 0 0 4 1 0 1 1 1
   2 2 4 3 0 2 4 3 0 2 1 4 0 3 3 2]
  [0 4 1 0 4 0 3 0 1 4 2 0 2 1 0 0 2 3 4 2 2 4 3 1 3 4 4 0 0 4 0 4 4 0 2
   4 1 2 1 4 1 0 0 0 3 4 3 2 2 2 1 3 2 1 2 0 2 3 2 3 2 3 0 4 2 2 2 4 2 3
   2 2 4 3 1 3 2 4 0 1 3 4 1 2 3 0 3 2 4 0 1 3 4 0 2 4 4 3 4 4 4 2 2 2 1
   4 0 2 4 1 1 4 4 2 4 1 2 0 3 1 3]
  [0 0 0 4 1 3 3 0 3 3 0 4 4 0 3 0 4 0 1 2 2 2 4 0 2 4 4 4 3 3 1 4 1 2 1
   4 1 3 1 0 3 1 2 3 0 2 2 0 3 4 0 3 4 2 2 1 4 4 2 3 0 2 1 2 1 1 4 0 1 2
   2 4 4 4 1 0 4 3 4 0 2 2 0 3 3 2 0 2 4 0 3 2 1 4 2 0 1 0 3 0 2 1 3 3 1
   2 4 2 2 0 3 2 0 2 4 4 0 1 1 4 2]
  [0 1 4 3 4 1 3 4 4 3 3 2 0 4 3 4 2 0 0 0 0 4 0 4 3 4 3 0 3 2 3 2 0 3 3
   0 1 0 4 2 3 0 0 1 3 0 3 1 1 0 0 4 2 1 1 2 3 4 4 1 4 0 4 4 1 3 1 0 1 0
   0 1 1 3 2 4 0 2 3 4 0 2 1 3 4 2 3 0 1 4 0 2 1 1 3 3 2 0 0 0 0 0 0 1 3
   3 2 4 1 2 4 1 2 4 1 0 4 1 2 1 2]
  [0 2 0 3 4 3 0 4 0 3 4 4 0 1 1 0 3 0 2 3 0 3 2 0 2 0 1 1 4 2 1 1 4 3 2
   1 4 4 3 2 3 0 3 3 2 4 0 4 3 0 2 4 1 1 1 1 3 2 0 2 0 3 4 0 3 3 0 0 1 3
   3 3 3 0 4 3 3 1 0 2 2 2 4 3 0 2 2 2 1 0 3 4 2 4 0 3 2 4 2 2 0 1 1 1 2
   0 0 4 4 4 2 1 2 2 3 4 4 0 4 3 0]
  [0 2 4 0 1 2 0 0 2 3 1 0 1 1 0 2 0 4 2 0 2 4 2 2 4 0 4 3 2 4 1 0 1 3 1
   3 0 1 4 3 2 0 2 3 1 1 2 0 4 2 2 0 2 2 3 1 0 4 3 0 2 1 3 1 1 2 3 4 1 4
   4 2 4 3 1 0 2 3 1 3 3 0 1 3 0 3 4 0 3 3 4 2 3 3 3 1 2 4 1 4 1 0 0 2 4
   1 4 4 0 0 3 2 2 2 3 2 2 0 3 1 4]
  [0 0 1 3 4 2 0 3 3 3 0 1 3 2 3 2 1 0 0 4 2 2 2 1 3 1 2 1 4 1 1 2 4 3 4
   0 1 1 4 2 3 4 2 4 3 0 3 4 0 3 1 2 1 3 0 4 2 1 2 3 2 0 2 2 1 1 4 0 2 2
   2 0 0 2 1 1 0 0 4 0 0 4 4 0 4 2 3 4 3 4 4 4 2 0 0 2 4 3 2 1 4 0 4 0 3
   4 3 4 4 3 1 4 2 4 0 2 1 2 4 0 0]
  [0 0 1 1 2 0 1 0 1 0 1 4 3 1 1 1 2 1 3 1 4 1 1 4 2 0 0 4 2 0 0 4 4 4 3
   0 2 4 2 0 2 2 3 0 0 4 1 4 1 0 4 2 3 2 3 3 4 2 0 3 2 0 4 4 0 0 1 1 2 0
   4 0 4 3 1 0 2 2 1 3 4 0 2 1 0 2 3 2 3 3 3 1 1 1 3 2 3 1 0 2 2 4 0 3 2
   3 1 1 4 1 4 1 3 3 0 2 3 1 2 2 1]
  [0 0 0 0 0 3 1 3 2 4 1 1 1 2 0 2 3 3 0 3 0 0 0 2 3 4 4 4 4 0 3 3 1 0 1
   4 2 1 0 2 3 0 1 4 0 0 3 1 0 0 0 4 1 2 4 4 4 1 4 1 1 4 0 0 0 3 0 3 4 2
   3 2 2 4 2 1 0 0 2 1 4 1 2 1 1 3 2 1 0 4 3 4 2 2 2 1 2 4 4 1 3 0 2 1 3
   2 2 0 4 4 0 3 2 3 4 4 3 0 1 4 1]
  [0 1 2 4 3 3 0 4 3 4 4 0 2 2 3 3 3 0 1 2 4 1 2 4 4 1 0 1 4 1 2 3 0 0 0
   1 4 4 3 0 4 2 3 2 2 3 2 4 4 4 1 0 2 3 0 2 2 3 2 4 0 0 2 0 1 1 3 1 2 1
   0 3 0 1 2 3 4 4 0 3 0 4 4 3 3 4 1 1 0 3 2 1 2 0 2 4 0 3 1 2 0 0 2 0 2
   2 4 2 1 2 0 4 4 3 0 1 3 2 4 2 3]
  [0 2 3 0 3 3 2 3 1 3 3 4 4 1 4 1 3 3 4 4 2 0 1 3 4 2 2 3 4 3 3 3 1 1 1
   4 4 2 0 1 2 2 0 0 1 4 1 0 1 0 4 1 0 3 4 2 0 3 4 1 3 2 3 4 0 2 2 0 3 4
   3 0 4 4 3 0 0 2 4 0 1 0 0 1 3 2 2 2 1 3 2 1 4 3 3 4 1 0 1 1 1 2 1 2 1
   1 3 2 2 2 3 2 0 4 4 1 4 0 1 3 1]
  [0 4 2 3 3 4 0 0 3 4 2 0 3 4 0 4 1 1 4 1 2 4 2 4 3 0 0 4 3 0 4 3 1 2 4
   1 3 2 3 2 1 3 3 1 3 0 2 1 3 4 1 4 2 0 0 4 4 0 4 1 0 3 1 3 1 1 2 3 1 4
   2 4 0 0 4 3 3 0 0 1 0 4 3 4 2 2 0 3 0 4 1 4 1 3 4 2 1 4 3 1 2 3 0 0 3
   3 4 0 0 0 4 1 3 4 2 2 0 3 3 1 0]
  [0 2 3 1 3 0 0 0 0 1 2 4 4 2 2 0 0 1 2 0 1 3 2 4 1 0 3 1 3 3 1 0 1 2 0
   2 2 0 2 0 0 3 2 2 1 3 2 0 4 3 4 2 4 3 0 3 3 2 4 0 4 0 3 2 4 1 4 4 1 4
   1 1 1 0 4 1 3 1 4 4 1 1 0 4 4 3 2 1 3 3 3 3 2 1 0 3 3 1 3 4 4 2 4 1 1
   4 1 0 3 1 2 1 0 3 1 1 0 1 1 3 4]
  [0 3 1 4 1 2 4 4 4 2 0 0 2 0 3 2 0 3 4 3 3 0 0 0 4 2 2 4 3 2 3 4 2 1 1
   2 0 0 2 2 3 0 3 0 2 3 1 0 1 0 3 1 4 4 4 0 0 4 1 3 3 3 3 4 0 2 4 3 1 4
   4 4 2 1 0 1 2 0 2 0 1 2 1 2 4 2 3 3 2 0 0 4 4 3 0 3 0 3 0 0 0 3 2 1 3
   0 3 4 2 0 4 2 2 3 4 3 4 4 4 2 2]
  [0 4 0 1 2 4 2 3 1 1 2 4 2 1 0 1 0 4 2 1 1 4 3 3 0 1 4 0 1 3 3 4 4 3 4
   2 4 4 2 3 4 3 0 3 4 2 4 2 2 2 2 4 4 1 1 4 0 0 3 1 3 0 4 2 0 3 4 2 2 0
   0 2 3 4 3 3 3 3 4 0 1 0 1 2 0 0 0 4 0 4 0 3 2 3 2 1 3 2 3 0 0 2 4 2 3
   2 0 0 0 2 2 4 2 2 1 3 3 4 1 4 4]
  [0 1 2 3 2 4 2 3 2 3 1 2 2 2 1 2 2 0 0 0 4 2 1 1 2 2 1 0 2 4 2 0 0 2 4
   2 4 0 1 0 0 1 3 0 0 2 0 4 2 4 3 2 2 0 0 4 1 0 3 0 3 1 2 1 0 4 3 1 2 4
   1 1 0 3 1 0 1 1 4 4 0 0 4 3 4 1 1 0 3 2 1 3 0 3 2 4 2 4 4 1 0 1 4 1 3
   3 3 0 3 1 1 1 2 1 1 1 0 0 2 4 2]
  [0 3 0 4 0 3 3 3 0 0 2 1 0 0 0 4 1 3 0 0 0 0 0 4 3 3 3 1 3 1 1 0 3 1 3
   4 2 1 0 4 2 0 1 1 0 3 2 2 0 4 1 2 4 3 2 2 3 0 0 1 0 1 4 1 2 0 4 2 1 1
   3 2 3 3 1 0 2 0 4 3 1 2 1 4 2 0 1 4 0 0 0 1 3 3 0 3 3 4 1 3 0 2 4 4 1
   4 2 3 2 2 2 2 2 0 4 3 1 4 1 3 0]
  [0 4 2 4 2 1 0 2 1 2 2 0 2 1 1 3 0 2 3 1 3 1 4 1 2 3 1 0 0 4 1 2 0 1 1
   0 3 3 4 3 2 2 3 1 4 4 4 0 2 4 3 1 4 4 3 0 2 2 1 0 2 2 0 2 1 1 0 1 2 3
   3 1 1 1 0 0 0 4 0 1 1 1 4 4 4 1 4 1 0 2 4 1 2 1 0 3 1 2 4 4 1 3 0 4 4
   4 2 2 1 0 3 0 2 0 4 4 1 4 4 4 4]
  [0 4 3 1 3 1 0 3 3 4 4 3 1 4 1 3 3 2 3 3 2 0 4 2 1 4 2 1 3 1 4 1 4 0 4
   0 4 3 3 0 1 0 3 2 2 1 4 2 0 0 0 0 0 4 2 2 4 3 0 3 0 3 3 3 3 3 4 0 4 2
   3 0 2 4 2 1 3 0 2 4 2 3 1 0 0 1 2 3 2 1 2 3 4 3 2 4 4 0 3 3 2 2 3 0 0
   1 2 4 2 3 3 0 4 1 3 3 4 1 4 0 1]
  [0 0 3 3 4 3 0 2 2 2 1 2 4 2 4 1 2 4 0 0 4 2 1 0 1 3 1 0 3 4 3 0 3 3 2
   1 1 3 4 3 2 4 1 0 2 2 1 4 2 0 4 1 2 1 2 1 1 3 3 2 0 0 2 4 4 1 1 1 1 0
   0 0 0 2 0 1 3 0 1 4 0 4 2 2 0 2 0 1 4 2 4 3 1 0 1 1 0 0 0 0 4 4 3 2 1
   4 0 2 4 3 3 0 1 4 2 0 4 1 3 0 1]
  [0 1 3 1 2 1 1 4 2 2 4 0 3 1 4 2 1 2 0 0 1 4 4 1 2 3 0 4 4 0 1 3 1 1 3
   0 1 4 0 0 2 4 2 4 1 1 3 1 2 1 2 4 4 1 4 0 0 1 3 4 1 3 0 0 1 1 4 4 1 1
   0 4 3 0 2 1 1 4 2 3 2 0 2 2 0 3 2 4 0 1 4 4 3 2 1 0 1 1 1 0 2 1 0 4 0
   0 3 1 3 0 4 2 2 2 0 2 4 3 4 2 4]
  [0 0 4 4 2 1 3 3 1 0 0 1 4 1 2 3 4 3 0 1 0 0 1 0 2 1 2 1 2 0 1 1 4 0 3
   0 2 1 0 3 3 1 4 1 3 2 1 0 3 3 1 0 2 1 2 0 2 2 4 2 2 0 3 0 0 3 2 2 2 0
   0 2 3 4 2 1 0 1 1 4 4 3 0 0 0 1 2 3 4 1 3 4 0 4 3 1 3 2 4 0 0 4 0 1 2
   1 1 0 3 2 0 2 0 1 1 4 1 0 0 0 1]
  [0 2 2 0 4 1 2 2 3 2 2 3 2 0 0 1 4 1 4 2 0 3 1 4 1 0 0 4 4 0 2 0 3 2 2
   2 4 2 3 3 0 0 0 3 1 2 4 2 4 2 4 0 0 2 1 0 2 3 4 1 4 1 0 3 0 1 1 4 3 1
   0 3 1 3 3 1 2 4 4 2 2 1 2 3 4 4 1 1 4 2 2 4 4 0 3 2 4 2 4 4 3 1 1 2 0
   0 2 3 0 1 3 4 0 1 4 3 4 0 0 1 0]
  [0 0 4 2 3 2 4 3 1 1 0 1 3 0 2 3 0 1 2 0 0 2 3 0 3 3 0 4 0 4 4 3 4 0 1
   0 4 1 0 4 3 2 0 3 0 3 3 0 0 1 1 1 2 1 2 0 1 0 3 4 1 1 1 1 0 0 0 4 4 4
   4 4 2 2 0 3 3 4 0 4 0 1 0 1 3 1 3 0 1 1 1 4 1 0 2 3 0 4 0 3 0 4 2 3 3
   4 2 0 1 0 2 1 2 2 0 1 3 0 0 4 3]
  [0 1 3 2 1 4 3 0 3 1 0 3 2 1 0 2 4 4 0 2 4 3 3 4 3 2 0 3 3 1 2 0 3 0 0
   4 0 3 1 3 3 2 2 2 0 2 3 2 4 0 3 4 0 1 3 0 2 4 2 3 2 2 1 2 2 3 0 2 0 1
   2 3 1 3 2 0 4 4 0 1 2 1 0 3 3 3 4 0 1 4 3 4 0 2 0 4 4 1 0 0 2 3 0 0 0
   2 4 1 4 2 2 1 0 1 1 1 2 4 1 4 3]
  [0 3 4 3 0 0 3 3 4 4 3 1 3 0 0 3 2 2 1 2 2 1 1 4 4 3 0 0 4 3 1 2 0 3 0
   0 1 3 3 3 2 2 4 3 1 4 2 2 1 2 2 3 2 3 4 2 4 0 2 1 2 0 4 0 0 0 1 0 2 1
   2 1 0 2 3 2 2 1 0 0 2 2 1 0 0 2 2 2 2 1 3 1 2 4 2 1 4 0 0 1 2 3 4 1 0
   0 4 3 2 3 3 4 1 0 3 0 0 4 4 4 1]
  [0 3 1 2 0 2 0 0 1 0 3 4 1 0 4 2 3 2 4 2 2 0 0 2 0 0 0 2 2 3 2 3 3 0 2
   1 4 4 2 2 0 1 3 0 0 0 1 2 2 2 2 0 2 3 3 0 0 4 4 4 3 1 3 3 4 2 3 0 0 4
   2 2 3 4 0 0 4 0 1 1 0 0 1 1 1 2 2 0 4 3 2 3 2 4 1 1 4 2 4 4 4 0 3 4 0
   1 1 2 0 4 2 3 3 0 3 3 4 1 2 3 2]
  [0 1 0 3 3 4 4 0 1 0 4 1 1 3 1 0 4 3 1 4 4 4 1 3 4 2 2 3 4 2 1 0 4 0 4
   4 3 1 4 3 1 0 0 2 2 2 4 1 1 4 0 2 4 4 0 2 2 0 4 3 4 4 0 4 0 4 0 1 4 0
   1 1 0 1 0 1 2 3 1 2 0 0 0 1 1 3 4 2 4 0 0 1 4 2 1 1 4 4 4 4 1 0 3 2 3
   3 4 4 3 4 2 3 3 2 4 1 0 1 0 3 0]
  [0 0 4 0 3 3 4 4 4 4 0 3 2 1 1 1 2 4 1 0 2 4 0 3 0 4 0 4 1 0 0 1 4 1 3
   0 4 2 2 2 3 1 1 0 2 1 2 1 2 1 3 1 0 4 3 0 3 1 4 3 4 2 0 3 4 0 3 1 0 4
   0 3 2 3 0 3 3 3 2 3 4 4 2 1 1 2 1 3 0 1 0 4 2 3 0 1 4 2 3 1 1 3 3 2 4
   0 2 3 2 2 3 4 0 3 3 2 1 2 0 2 1]
  [0 0 3 1 1 3 3 2 1 0 4 2 0 4 4 3 4 2 3 2 2 4 3 2 0 3 1 3 4 2 4 2 3 0 2
   0 3 4 0 4 0 3 4 0 3 3 4 4 0 1 3 3 0 0 3 0 4 4 2 2 3 4 1 4 2 4 1 0 0 2
   1 0 1 4 2 3 1 1 3 4 3 4 3 3 3 2 4 3 0 0 3 3 3 2 1 0 2 0 4 0 4 2 0 4 3
   4 3 4 4 3 0 1 0 2 2 0 0 2 2 1 4]
  [0 1 1 3 3 2 1 4 0 4 2 3 3 4 1 2 1 0 1 4 3 3 2 0 4 3 1 1 2 3 1 1 1 0 1
   0 0 2 1 0 1 2 1 3 1 4 1 0 2 3 2 0 3 2 4 2 2 4 0 1 4 1 0 4 3 3 0 1 2 0
   4 3 0 2 2 2 2 2 4 4 4 2 1 3 1 1 1 4 1 2 4 3 4 0 0 3 1 4 0 3 0 4 2 0 1
   3 2 0 3 0 1 3 3 3 0 1 4 0 4 1 3]
  [0 2 1 3 0 1 2 0 3 3 0 0 4 1 4 1 0 2 2 0 1 0 3 1 2 4 1 4 4 4 4 1 1 0 0
   4 2 1 1 3 2 4 0 1 1 4 0 1 3 3 1 1 0 1 0 3 0 1 1 2 2 3 4 0 0 0 1 4 2 0
   2 0 3 0 3 3 0 1 1 4 4 1 3 2 0 3 3 2 0 1 0 0 4 0 3 3 0 0 4 4 0 4 0 1 0
   4 0 1 0 0 3 2 4 0 4 2 1 0 4 3 4]
  [0 1 4 1 2 0 1 4 4 2 1 1 2 1 4 3 2 0 3 3 0 1 0 3 0 4 2 2 2 4 1 1 1 0 3
   0 0 4 4 3 1 1 2 3 1 2 1 0 2 4 3 2 1 4 4 3 3 2 3 4 0 1 3 4 1 2 3 0 1 1
   3 2 0 1 0 1 2 0 2 3 0 0 4 2 2 3 3 0 4 3 2 4 2 4 0 3 4 2 2 2 1 4 0 4 3
   0 0 3 4 1 2 4 4 1 2 2 1 1 2 1 3]
  [0 4 0 3 4 4 0 4 2 3 2 4 2 1 0 4 2 0 2 2 1 3 4 4 2 4 2 4 1 2 0 1 1 4 3
   2 3 1 1 2 2 1 0 0 4 0 1 0 0 1 2 1 0 4 2 4 2 1 4 2 0 4 3 3 1 3 2 1 0 3
   2 3 0 4 3 0 1 0 0 1 1 3 0 2 2 0 3 1 1 0 3 1 0 0 1 2 4 0 3 0 4 4 0 2 1
   4 3 1 0 0 4 0 4 3 1 3 1 3 2 2 4]
  [0 3 2 2 4 1 1 2 4 0 3 3 1 3 1 0 4 2 3 3 2 3 0 1 1 1 4 3 1 0 1 1 2 1 2
   0 4 2 4 1 2 3 4 3 4 0 3 1 1 3 2 4 1 2 4 3 4 4 3 3 4 4 4 0 3 3 3 1 1 1
   2 4 0 4 4 1 0 0 0 0 4 1 0 0 1 3 4 2 1 3 2 1 0 0 2 3 3 1 4 1 1 4 1 2 1
   1 4 0 4 1 1 4 0 3 3 2 0 1 0 4 0]
  [0 2 2 3 0 4 2 0 0 1 0 4 0 3 2 1 4 0 4 3 0 0 3 1 3 1 4 3 2 0 1 4 0 4 0
   1 0 4 2 2 0 3 0 4 1 1 2 3 4 2 2 1 3 3 1 3 1 2 4 1 1 2 3 4 4 2 2 3 0 2
   1 3 4 0 3 4 3 0 1 0 3 0 1 3 0 0 4 2 0 3 3 3 3 0 3 1 3 0 2 4 3 1 3 1 0
   4 0 0 4 1 3 0 4 0 0 2 2 1 3 2 4]
  [0 4 0 3 2 1 1 4 2 2 2 3 0 4 4 1 3 3 4 1 2 0 0 1 4 4 1 0 0 1 3 0 4 3 2
   2 2 1 3 1 3 0 4 2 1 0 4 4 0 4 0 4 4 4 3 3 2 3 4 2 1 4 3 4 0 2 1 4 2 2
   4 0 0 0 0 0 2 1 0 4 0 4 0 4 4 3 2 2 1 0 3 4 2 2 3 1 2 1 1 0 4 2 3 2 0
   1 2 0 4 1 3 1 3 3 3 4 1 0 3 3 4]
  [0 0 3 0 4 0 4 4 3 4 0 0 0 3 0 0 0 1 1 0 0 2 2 0 2 3 2 1 4 1 0 1 1 1 2
   0 4 4 4 2 4 2 3 0 0 2 1 0 1 1 1 4 3 3 1 2 3 4 2 0 2 2 2 3 3 0 1 1 4 2
   2 4 3 1 0 0 3 2 1 0 3 3 4 4 3 2 0 2 4 0 3 2 3 1 0 0 4 3 2 0 2 3 3 1 3
   0 3 0 1 4 3 2 1 3 4 4 3 3 2 4 2]
  [0 3 4 4 4 4 4 1 3 1 3 1 3 4 1 4 4 4 4 2 1 3 4 3 0 1 1 0 3 2 2 1 4 2 2
   4 1 0 4 4 4 0 3 4 4 0 2 1 1 2 2 0 0 4 0 2 0 0 1 4 3 1 4 0 2 2 4 3 1 1
   2 1 2 1 2 2 2 0 2 2 0 3 3 1 4 3 3 4 1 4 1 4 0 0 3 2 1 2 2 0 4 2 1 3 0
   4 2 1 0 3 3 4 3 2 2 2 1 3 3 1 1]
  [0 0 2 4 3 4 1 0 4 4 2 0 4 3 3 4 3 3 2 0 1 0 2 3 1 0 1 2 2 1 4 0 2 2 1
   0 0 1 0 2 3 3 0 0 3 1 1 1 0 2 0 2 2 2 3 3 2 1 0 4 0 0 3 0 2 4 1 1 4 2
   0 2 2 4 1 2 3 4 4 3 2 0 3 1 0 4 3 1 1 2 3 2 3 0 2 4 1 0 3 2 2 1 3 4 4
   3 1 0 3 2 2 2 3 0 4 0 4 1 0 3 1]
  [0 1 1 1 0 1 2 4 3 3 3 3 3 2 1 1 3 3 1 2 1 3 3 0 3 0 4 0 2 2 4 3 1 3 2
   3 1 0 2 0 4 2 1 0 3 2 2 1 1 4 4 3 3 2 0 0 2 4 4 0 0 1 4 2 1 3 1 2 2 3
   0 2 4 4 0 0 4 3 4 3 4 1 0 2 3 2 3 0 0 2 4 3 0 1 2 0 1 1 0 0 1 4 4 3 3
   1 3 4 0 4 3 1 0 1 2 4 4 3 2 1 2]
  [0 3 0 1 2 0 3 2 2 1 0 3 2 1 3 4 0 0 0 0 0 4 2 0 1 1 1 4 1 3 2 2 0 4 1
   0 3 4 2 0 0 0 2 1 1 1 0 0 1 4 2 0 0 3 0 1 0 2 3 4 0 4 4 2 0 4 0 0 0 4
   2 4 4 0 0 3 3 3 4 2 1 4 0 0 1 3 3 4 0 2 0 1 2 1 1 4 1 2 1 1 0 3 3 3 1
   3 3 1 1 4 4 1 1 0 4 1 2 4 2 2 1]
  [0 1 3 1 3 4 0 1 4 1 4 3 4 3 3 2 3 2 2 3 1 3 3 1 0 1 0 2 1 0 2 0 2 1 2
   4 0 4 1 2 2 3 3 1 0 4 3 2 4 0 2 2 4 0 3 3 1 0 2 3 1 4 4 4 4 4 3 4 2 4
   0 4 3 1 2 2 4 3 2 0 1 0 1 1 0 3 0 1 3 3 2 3 3 1 3 2 2 1 3 4 4 2 4 4 3
   3 1 3 4 4 2 1 4 2 2 3 1 4 3 0 1]
  [0 0 4 3 2 1 1 0 0 3 0 4 3 4 2 2 0 0 1 0 1 1 0 2 1 2 4 0 3 3 4 2 4 0 1
   0 0 2 4 3 2 3 2 2 0 1 0 1 4 0 3 2 2 0 0 3 0 2 3 0 1 2 4 4 4 3 4 4 2 4
   2 1 2 0 0 2 0 4 0 2 2 4 1 0 0 0 4 3 4 1 0 4 3 3 0 3 2 4 2 0 3 2 1 4 2
   4 2 2 4 3 3 2 3 3 4 2 3 2 2 1 4]
  [0 4 0 2 0 2 1 0 0 2 4 3 4 1 1 3 3 4 4 1 1 2 0 2 2 2 1 3 0 1 2 4 2 0 4
   0 0 4 2 2 0 4 0 3 3 2 4 2 4 0 0 1 0 2 3 3 1 3 4 2 2 4 0 1 0 1 0 4 1 4
   3 2 3 4 3 3 1 2 1 3 1 4 1 3 4 4 0 1 3 0 2 1 1 4 1 3 1 0 2 3 4 2 4 0 0
   4 2 4 0 2 2 0 2 4 2 1 2 1 1 1 3]
  [0 1 1 4 2 1 1 0 0 2 1 0 3 4 3 1 0 0 2 1 4 4 2 3 1 2 2 0 2 3 3 0 3 1 1
   0 4 2 2 4 3 3 4 0 0 3 1 4 4 0 4 2 2 4 1 4 3 0 4 3 3 2 4 2 3 1 2 0 2 0
   1 1 2 0 2 1 3 4 2 4 4 2 3 3 1 3 2 0 2 4 3 1 0 2 4 2 3 1 1 3 0 1 0 3 1
   0 4 2 4 4 4 2 4 4 1 2 3 2 4 3 0]
  [0 3 2 2 1 1 3 4 4 3 1 4 3 3 3 1 4 2 4 3 1 1 4 1 4 1 0 3 4 0 0 0 2 4 2
   1 4 0 2 4 0 3 0 2 0 1 3 2 2 3 1 3 0 4 2 2 1 0 3 3 3 3 1 2 1 3 2 1 1 0
   1 1 3 2 1 4 1 3 2 2 0 4 4 1 1 0 3 4 0 0 1 4 3 4 1 2 0 2 4 0 3 3 0 0 2
   4 4 1 1 2 2 3 3 3 1 4 0 3 0 2 3]
  [0 1 1 0 1 3 2 1 4 1 3 2 2 4 3 2 2 1 2 0 4 1 1 4 4 3 0 0 1 2 4 0 2 4 4
   4 1 1 0 1 1 1 2 4 2 0 1 0 1 4 2 0 2 0 1 0 0 3 0 1 2 4 3 0 2 3 0 3 1 3
   3 1 1 1 3 2 1 0 4 0 4 3 1 3 4 2 4 1 2 0 0 4 3 1 3 3 4 0 1 2 1 1 1 0 0
   3 0 2 1 0 1 1 0 2 1 3 1 1 1 2 0]
  [0 0 0 0 2 3 3 1 0 0 3 0 1 0 2 1 3 4 2 1 3 1 4 4 1 4 2 4 3 3 3 3 3 4 4
   1 4 1 0 1 2 4 2 0 1 3 0 4 1 2 1 4 2 2 0 2 4 4 3 3 0 3 1 1 2 0 1 2 0 3
   2 0 3 1 3 3 4 4 2 2 1 3 3 1 4 0 1 1 2 0 0 1 3 3 4 4 4 4 2 0 1 3 2 4 4
   2 0 2 1 2 2 2 4 0 0 1 1 4 1 1 1]
  [0 0 2 0 1 4 3 4 4 0 3 3 1 3 2 4 1 0 3 2 1 4 2 4 3 4 1 2 1 1 2 2 1 4 0
   0 3 3 1 1 1 1 2 1 2 2 1 0 1 2 4 0 2 0 4 0 4 1 3 0 3 4 3 4 1 2 0 1 3 3
   1 1 1 1 0 1 1 1 0 1 3 4 4 2 0 1 0 4 0 0 0 0 3 0 0 1 0 1 1 2 4 4 0 4 0
   2 0 2 3 2 4 3 4 0 1 0 2 3 2 1 1]
  [0 2 2 4 1 1 2 4 0 0 1 4 3 1 1 3 3 4 0 4 1 1 3 0 2 2 4 3 1 2 0 3 1 4 2
   2 3 2 3 4 3 0 4 3 1 3 0 2 1 0 4 2 4 4 0 0 4 0 4 1 1 0 3 4 0 0 1 4 3 0
   1 2 2 4 1 1 0 0 1 0 3 1 3 4 3 4 3 0 0 4 1 0 0 2 4 2 2 0 4 0 1 1 2 2 0
   2 2 4 1 2 1 1 4 2 4 3 0 3 2 0 2]
  [0 0 1 3 3 1 4 4 1 0 2 4 2 3 4 0 4 0 1 2 0 4 1 4 0 3 4 0 1 3 3 1 0 4 0
   0 0 0 2 2 1 1 1 0 4 1 2 1 4 3 4 1 1 0 4 1 4 0 3 4 4 1 1 0 3 0 1 0 0 2
   0 0 2 4 0 3 1 3 0 1 2 2 2 3 4 3 2 1 0 0 4 2 2 0 2 4 3 2 1 1 3 2 1 4 1
   4 2 1 1 4 1 1 4 4 3 3 1 1 4 2 2]
  [0 1 0 1 0 3 3 2 2 2 0 2 4 2 3 4 1 0 3 0 3 2 1 0 1 4 4 3 2 0 0 4 0 2 3
   1 2 4 3 3 0 0 1 1 4 2 3 2 3 1 4 3 1 2 3 1 2 2 0 4 1 1 1 0 1 3 3 1 2 3
   4 2 1 1 1 1 1 1 0 1 4 2 0 3 4 0 3 0 0 1 2 0 4 3 0 4 1 2 1 3 0 2 3 2 2
   1 3 0 1 1 4 4 2 2 3 0 2 0 4 4 0]
  [0 4 0 2 2 0 2 2 2 4 0 1 1 2 1 4 4 3 0 0 2 1 2 2 0 3 1 2 2 1 0 2 4 1 4
   4 1 4 0 1 2 1 2 3 2 1 3 0 2 1 1 3 1 0 2 0 1 1 1 3 4 2 4 1 0 3 2 2 0 4
   4 3 2 4 2 3 0 0 3 1 0 1 0 1 3 4 4 4 2 2 3 2 3 3 1 0 0 4 2 2 1 3 2 1 1
   4 2 3 0 4 2 1 1 3 0 1 2 4 3 3 3]
  [0 3 1 3 3 0 0 0 1 2 0 3 2 1 0 3 0 1 4 0 3 4 1 3 1 1 3 1 4 3 3 3 0 3 4
   0 0 2 1 3 0 0 1 2 2 2 3 4 4 2 0 0 2 1 3 4 3 2 0 1 1 4 4 4 0 2 2 1 4 1
   0 2 3 1 0 4 0 2 0 0 0 2 1 1 0 4 3 4 0 1 0 1 3 3 3 2 0 1 3 4 2 0 3 3 0
   4 0 1 1 3 1 1 2 2 4 2 1 0 1 4 4]
  [0 4 0 2 0 2 1 4 4 0 2 1 1 1 0 3 4 3 1 2 3 0 4 2 3 0 2 0 0 3 0 4 4 4 3
   0 4 2 1 0 1 3 3 4 2 2 1 3 0 3 4 1 0 0 1 4 2 0 4 4 3 2 3 3 1 4 1 2 0 4
   3 1 4 1 1 1 4 4 3 0 1 3 0 3 4 4 3 3 2 3 0 3 3 0 3 4 3 0 4 2 0 1 1 3 4
   3 0 1 1 0 3 4 2 2 4 1 4 2 2 0 2]
  [0 3 1 4 0 2 2 4 1 2 3 4 1 4 2 4 4 0 4 1 1 2 4 4 3 1 4 0 3 3 2 2 3 1 4
   0 3 0 1 0 3 1 2 3 3 0 4 1 2 0 4 0 4 3 0 4 1 1 4 2 1 2 4 4 4 4 1 2 4 3
   1 4 0 1 1 3 2 4 1 4 4 1 3 0 4 1 2 4 1 0 4 1 0 2 2 2 1 2 0 4 3 1 4 2 1
   2 1 2 1 2 0 3 1 2 1 1 0 1 1 1 1]
  [0 0 1 3 3 2 2 3 3 1 2 0 4 4 3 2 2 0 3 0 1 1 1 1 4 1 2 1 3 3 3 2 1 1 2
   1 0 1 2 3 4 4 4 1 3 1 1 4 0 3 0 2 1 2 0 1 4 4 2 0 0 0 2 4 4 1 0 3 0 0
   1 0 2 4 0 1 4 4 2 3 3 2 2 3 4 4 1 3 3 2 1 2 4 0 0 1 4 4 3 0 4 2 4 4 3
   1 3 3 3 4 0 3 4 3 3 3 1 4 4 0 1]
  [0 4 4 2 2 2 0 0 3 0 4 0 1 3 1 3 2 1 3 1 1 1 3 1 4 0 3 3 4 4 3 0 0 4 3
   0 0 4 4 4 1 2 4 4 0 0 4 0 2 4 4 0 1 4 0 4 1 2 4 4 4 4 2 2 2 1 2 3 1 4
   2 3 1 2 0 1 2 0 1 1 1 1 2 4 4 0 2 4 1 2 0 0 0 3 2 4 3 2 3 2 0 4 3 4 0
   4 1 2 2 0 1 3 4 4 3 4 3 2 3 2 4]
  [0 1 0 3 2 3 3 1 4 3 0 1 0 1 0 0 0 2 0 0 1 2 1 0 4 3 1 3 2 2 3 1 2 0 1
   2 0 4 0 1 1 2 3 2 1 2 4 2 3 1 3 1 1 0 3 4 0 2 1 0 3 2 3 4 3 0 2 1 4 0
   4 2 4 3 1 1 2 0 3 2 4 1 3 1 0 1 1 0 4 2 4 4 0 1 1 4 0 2 2 1 2 0 0 2 2
   0 2 3 1 1 4 1 4 4 0 3 1 1 3 4 4]
  [0 4 1 0 4 1 4 0 0 3 1 0 2 2 2 2 0 2 2 2 0 1 0 2 2 4 2 1 3 2 0 4 1 4 2
   0 4 2 0 3 3 0 0 3 4 1 3 1 4 0 3 0 2 2 1 4 3 3 4 0 2 0 1 2 4 3 0 2 3 2
   0 1 4 4 4 4 2 4 1 2 1 0 1 0 2 0 4 3 4 1 3 1 3 3 3 3 0 3 0 4 3 0 0 4 3
   3 3 0 2 0 4 3 1 1 0 3 4 3 2 4 3]
  [0 4 3 3 1 2 4 0 4 2 4 4 1 1 0 0 4 4 3 0 2 0 2 1 4 1 2 2 1 4 0 3 0 1 3
   0 1 4 4 1 2 1 0 3 2 3 0 4 1 4 0 1 4 0 0 0 4 1 0 3 0 2 3 4 0 1 2 0 1 2
   3 1 4 4 4 0 4 3 1 1 4 2 3 1 4 4 2 0 0 2 2 0 2 2 0 2 1 1 2 0 2 0 1 0 4
   2 3 1 2 4 3 1 1 2 2 3 1 4 3 1 1]
  [0 0 3 0 0 0 0 2 0 2 3 2 0 1 0 0 1 2 1 2 0 1 1 4 3 0 3 0 1 3 4 1 1 1 1
   3 2 2 0 1 4 0 1 3 1 0 3 3 0 4 4 1 0 0 1 3 3 4 2 3 4 0 2 0 3 4 4 0 2 2
   3 1 4 1 1 3 3 0 0 0 4 4 2 2 0 3 2 2 0 4 4 1 3 1 3 4 4 4 2 3 2 2 4 3 0
   0 1 3 4 0 0 4 1 3 2 2 3 0 1 2 3]
  [0 2 4 4 0 1 2 2 2 2 3 4 1 3 2 1 3 1 1 0 4 1 0 3 4 1 0 3 0 1 0 2 4 0 3
   3 0 3 4 4 0 4 2 3 2 3 0 2 4 0 1 2 3 3 2 1 3 2 3 4 0 1 2 3 4 2 2 0 3 1
   2 4 3 3 2 4 3 4 1 0 0 4 0 4 1 4 0 3 4 1 1 2 1 0 2 2 3 4 3 4 2 1 0 2 1
   0 1 0 2 2 1 2 3 4 2 3 1 1 0 1 0]
  [0 4 1 3 0 3 1 1 0 3 3 1 3 1 4 2 4 4 2 1 0 3 1 4 4 4 1 2 0 0 3 2 1 0 0
   3 2 0 4 3 3 1 3 1 2 0 4 3 3 4 4 3 0 1 4 0 0 2 2 2 0 4 2 4 0 4 1 2 1 3
   1 3 2 3 1 2 0 4 1 0 3 0 4 2 2 2 0 2 0 2 3 1 3 3 3 3 2 3 2 4 4 2 1 0 0
   1 0 2 2 1 4 2 2 2 1 2 2 0 2 1 4]
  [0 2 2 0 3 3 0 0 4 1 4 1 1 2 2 0 4 2 2 1 0 0 4 1 1 3 3 2 0 2 3 4 2 3 4
   2 3 3 1 4 3 4 1 2 4 3 3 2 3 4 3 0 0 4 4 2 0 4 0 2 0 1 2 0 2 2 3 3 0 0
   2 2 0 0 2 4 4 3 3 3 1 1 0 0 0 3 1 3 3 4 2 0 1 4 4 1 4 4 3 0 2 4 3 1 3
   3 2 0 3 2 2 3 2 0 1 2 2 2 1 1 4]
  [0 2 4 4 3 2 2 2 2 1 2 3 0 4 3 1 2 0 3 0 3 4 4 1 2 3 0 4 1 1 1 2 0 2 2
   4 3 1 4 3 3 2 1 2 1 0 1 4 4 4 0 4 0 3 2 4 3 2 0 4 0 1 4 3 4 3 3 3 4 1
   2 4 1 1 0 3 3 1 3 4 1 2 4 4 2 2 0 0 0 4 3 2 2 0 3 3 4 3 4 2 1 0 2 1 2
   4 1 4 0 4 3 4 3 4 4 1 1 4 4 1 1]
  [0 0 4 0 1 0 4 0 3 4 2 2 4 2 1 2 2 1 3 3 0 2 0 0 3 1 4 0 4 0 1 4 2 1 4
   2 1 3 2 3 0 0 0 4 2 2 0 3 1 4 2 1 2 2 3 3 1 0 2 1 2 1 4 2 2 3 4 4 1 4
   2 0 3 1 0 4 2 4 4 2 2 4 1 1 4 0 2 0 1 4 1 2 4 0 2 0 4 1 3 2 3 2 1 3 4
   0 4 1 1 0 1 2 0 0 4 2 2 3 4 0 0]
  [0 3 3 2 4 2 0 1 0 0 2 1 0 2 0 0 1 1 1 3 4 2 0 3 4 0 0 3 2 3 1 1 2 0 1
   4 3 2 2 4 3 4 3 2 4 1 2 0 3 0 0 3 1 0 2 1 4 3 4 3 2 1 4 3 0 3 4 4 4 1
   4 2 4 3 1 3 2 0 0 0 0 0 4 1 3 0 4 4 2 1 1 1 0 3 4 2 3 2 3 0 0 3 3 4 3
   3 0 4 2 0 0 4 4 3 4 2 0 1 4 0 2]
  [0 4 3 0 1 0 2 1 1 0 1 0 1 4 1 4 4 3 3 2 1 2 1 3 2 4 3 1 0 4 0 3 3 2 0
   3 4 0 1 2 1 3 3 2 4 4 0 3 0 2 1 1 3 2 0 0 0 3 0 1 3 1 2 2 0 2 1 2 0 2
   0 2 3 0 1 4 0 3 0 4 1 0 1 3 3 4 2 2 3 3 1 2 2 0 0 4 0 1 3 1 2 4 1 2 2
   2 2 0 4 4 4 0 4 2 3 2 0 0 1 1 1]
  [0 4 0 4 3 1 2 1 4 0 4 2 2 3 0 1 1 2 4 1 0 3 2 3 0 1 2 3 1 3 3 3 0 4 2
   4 1 0 3 3 1 1 0 2 1 2 2 3 3 2 0 4 3 4 2 2 3 0 2 2 1 4 2 2 4 1 4 0 3 3
   3 1 2 1 4 1 0 0 3 4 2 2 4 0 1 4 4 4 4 1 3 3 3 2 4 1 2 3 2 4 3 3 1 4 1
   2 4 0 2 0 3 2 0 3 4 2 1 1 0 0 1]
  [0 2 1 3 0 2 2 1 4 4 2 3 4 1 1 0 3 4 3 4 4 0 1 3 3 2 1 1 2 2 0 2 3 1 1
   3 1 1 1 0 4 4 1 0 4 1 3 3 4 3 4 1 1 3 4 4 4 4 2 1 2 4 3 3 4 0 1 3 2 1
   1 3 0 0 3 3 0 0 1 4 3 4 4 2 2 4 3 3 0 1 0 4 0 2 4 0 2 1 4 4 3 0 4 1 2
   0 1 1 1 1 3 3 3 0 4 1 1 4 2 2 2]
  [0 2 2 3 4 1 4 3 4 2 3 4 2 4 3 1 1 0 1 3 1 4 0 3 3 1 0 4 1 4 4 1 0 3 4
   2 1 0 3 3 4 1 0 2 2 1 1 3 2 4 3 2 2 4 3 4 2 4 1 4 4 1 4 3 2 0 1 4 0 2
   0 2 0 1 1 1 1 3 2 1 1 3 4 4 2 4 2 2 3 4 4 3 3 3 2 2 3 2 1 3 0 3 3 0 0
   4 4 1 0 2 1 2 1 2 0 3 2 0 3 3 4]
  [0 0 3 0 1 0 2 4 4 4 3 4 3 4 3 4 1 1 2 3 1 2 1 4 2 4 0 3 4 4 4 3 3 3 4
   2 0 3 4 2 0 0 4 3 0 1 0 2 2 4 0 3 3 2 2 4 4 3 1 0 2 4 3 3 2 4 2 3 4 1
   2 2 2 1 3 0 4 1 1 2 3 1 4 4 3 2 2 4 4 3 2 4 3 0 0 1 2 2 4 2 4 1 0 1 1
   3 4 2 0 3 1 0 0 3 3 0 0 0 3 2 4]
  [0 1 0 1 2 1 4 3 1 4 2 1 1 1 0 4 4 0 1 1 2 2 1 3 1 2 4 1 1 4 1 3 4 2 0
   3 3 1 3 2 0 4 1 1 3 3 2 3 3 4 2 3 4 4 1 1 3 0 3 4 4 0 2 1 3 3 0 2 4 1
   2 3 4 1 4 2 4 3 0 2 0 2 2 2 1 1 0 1 2 4 4 3 2 2 2 3 0 3 0 2 1 4 2 4 1
   2 0 3 1 1 4 3 3 1 3 3 0 4 2 4 1]
  [0 2 3 4 3 1 3 4 2 2 2 4 1 1 4 3 1 4 3 0 0 0 0 1 4 1 3 1 0 1 1 3 3 1 2
   3 0 4 3 0 0 2 1 3 2 0 2 0 2 1 4 2 2 2 1 3 4 4 0 3 0 3 1 0 0 4 1 0 0 1
   3 1 0 1 4 0 0 4 1 3 4 2 0 3 2 2 0 1 1 4 1 2 1 1 2 2 2 2 2 2 3 2 3 4 0
   2 1 0 3 2 4 2 2 3 0 2 1 0 3 4 1]
  [0 3 3 4 1 3 0 0 1 1 3 0 0 3 4 1 3 0 3 2 2 4 2 0 4 1 1 3 2 0 4 1 4 4 1
   4 2 2 0 4 0 1 2 1 0 2 3 4 4 3 0 4 3 2 1 1 2 3 1 0 0 2 3 2 1 4 3 0 2 4
   3 1 4 2 3 4 2 1 1 0 4 4 3 1 2 0 2 0 0 2 0 0 2 2 1 3 1 4 3 1 4 1 4 4 3
   4 1 2 2 4 1 1 1 3 1 3 3 4 0 0 1]
  [0 4 1 2 1 0 2 4 4 4 4 2 1 3 0 3 0 2 0 0 4 2 1 2 2 1 3 1 3 3 3 2 1 3 2
   1 2 1 1 3 1 3 3 2 0 2 0 4 4 0 4 1 2 3 4 4 0 1 0 4 4 3 3 2 2 0 4 4 2 2
   0 1 2 0 0 2 0 4 0 2 3 1 3 0 0 4 4 0 1 2 1 3 4 4 1 0 2 1 4 2 1 2 3 3 4
   1 3 0 4 4 2 0 4 1 4 3 4 0 0 0 4]
  [0 3 4 1 2 1 1 1 4 1 3 4 2 0 1 1 0 2 2 3 3 4 3 1 3 4 4 2 1 4 0 2 3 4 0
   4 0 4 2 2 3 4 0 1 4 2 2 3 3 2 2 0 4 1 2 0 3 1 2 3 2 1 0 3 4 0 1 4 1 3
   1 4 4 3 0 2 4 2 1 3 4 3 1 0 4 4 0 2 4 4 2 2 0 4 1 2 0 3 3 2 2 2 1 0 3
   1 2 1 0 1 2 0 4 2 0 2 0 3 4 0 0]]

 [[0 3 4 2 1 1 4 1 1 1 1 3 2 2 4 4 2 2 4 2 2 3 2 0 1 1 0 2 0 1 2 3 0 2 3
   4 2 4 1 1 2 3 0 2 4 1 3 2 4 0 4 4 2 0 2 3 0 0 4 3 0 0 0 3 3 1 1 2 4 1
   3 3 1 3 1 1 1 3 0 3 4 1 3 3 3 4 2 3 0 0 3 4 0 1 2 4 0 1 2 4 3 2 4 3 0
   0 2 4 2 1 1 0 1 0 1 4 0 3 2 4 2]
  [0 0 2 3 2 1 2 3 1 0 4 4 2 1 4 1 0 2 2 4 4 3 1 1 1 3 1 1 3 2 4 1 4 4 3
   3 3 0 0 4 2 4 0 0 4 2 0 0 0 2 2 4 3 1 4 3 1 1 2 0 2 4 0 0 2 1 0 2 0 4
   0 0 1 4 3 3 4 2 1 2 3 2 0 1 3 3 0 3 3 3 4 3 4 3 4 3 4 3 1 3 4 2 4 1 0
   0 0 0 1 2 2 3 1 1 0 0 1 0 1 1 2]
  [0 3 0 1 2 1 0 4 4 2 4 3 1 0 3 0 0 0 4 3 4 2 0 1 2 3 3 0 4 2 0 2 1 3 2
   0 0 0 3 4 0 0 3 3 1 3 2 1 4 2 2 2 1 2 2 0 1 1 0 0 2 0 2 3 1 4 1 2 4 1
   1 1 4 1 4 3 2 4 3 2 3 2 4 1 2 0 0 0 2 3 4 0 3 3 4 3 4 3 1 0 3 4 4 2 2
   4 0 2 4 1 0 3 4 4 3 3 0 3 4 1 0]
  [0 1 2 0 2 0 2 3 4 3 1 2 2 2 3 4 4 4 4 2 2 0 1 4 3 2 1 4 1 4 0 4 1 0 2
   0 3 3 3 2 2 3 2 2 1 0 1 4 1 3 1 1 1 1 0 1 3 0 4 4 3 3 1 0 2 4 0 3 0 2
   3 3 0 3 0 4 3 4 3 4 3 1 0 2 3 4 2 0 0 0 0 4 3 0 0 3 0 2 0 1 1 0 3 4 2
   0 1 0 0 4 2 2 1 4 1 2 3 0 4 0 2]
  [0 4 2 4 0 4 1 3 2 2 0 2 4 4 4 2 4 1 2 1 1 0 1 0 1 3 4 2 3 0 2 0 3 1 3
   3 2 3 4 1 2 0 4 1 2 4 4 4 4 4 2 1 4 4 3 1 4 3 2 4 1 3 4 2 4 2 1 0 0 0
   4 1 3 1 0 3 3 4 0 2 4 4 0 3 4 2 1 0 1 4 4 4 1 1 0 0 0 2 0 3 0 4 4 1 0
   4 3 0 2 3 1 3 4 1 0 2 4 2 0 0 0]
  [0 0 2 1 1 0 1 0 2 2 1 1 3 2 2 4 4 1 1 0 1 3 3 3 1 3 3 4 1 1 4 2 1 1 0
   2 1 2 4 1 4 2 3 0 2 2 3 0 0 1 3 2 4 0 4 4 4 2 4 4 2 0 1 0 0 3 2 3 4 1
   2 0 3 0 0 3 1 3 0 1 0 2 2 2 0 1 2 4 2 4 3 0 4 0 2 3 2 0 3 2 3 3 1 0 4
   0 3 3 4 1 1 0 4 2 3 1 4 2 0 4 2]
  [0 3 4 3 1 1 0 0 2 2 4 1 3 0 2 3 4 3 2 2 0 0 4 3 1 3 3 3 0 3 2 0 0 4 4
   4 0 3 1 4 2 3 2 1 0 3 2 1 0 2 4 2 1 4 0 2 2 4 1 1 3 3 4 3 3 3 1 1 4 4
   0 1 2 1 3 3 0 0 2 1 0 2 1 0 1 1 2 3 4 3 1 0 1 1 1 1 0 3 2 1 4 1 4 0 3
   3 1 2 1 2 1 4 4 0 0 4 0 2 2 3 2]
  [0 2 3 4 2 1 1 0 3 2 0 0 0 2 2 2 0 2 4 0 0 4 2 0 4 2 2 0 2 4 0 4 4 2 4
   3 2 4 1 4 4 3 3 3 4 3 3 2 3 3 2 3 2 4 4 0 2 3 0 3 0 4 2 1 2 4 3 3 2 1
   1 4 2 1 3 2 2 4 1 4 3 3 4 3 3 1 3 4 2 3 0 4 2 1 4 0 4 3 2 4 4 3 1 2 0
   4 0 3 0 3 1 4 4 2 0 1 4 3 3 0 2]
  [0 0 0 4 3 4 2 2 0 3 4 3 0 3 1 4 1 2 2 1 1 3 0 1 1 0 2 1 4 0 3 4 0 0 4
   3 3 4 2 2 0 1 3 4 3 1 4 1 2 3 1 2 0 2 2 1 2 1 3 1 3 1 3 0 1 4 4 0 2 3
   4 4 2 3 0 0 2 4 0 0 4 4 1 0 0 0 4 1 2 0 4 4 3 3 0 2 2 1 2 1 2 1 1 2 4
   2 4 1 4 2 4 4 1 0 0 0 2 0 0 3 3]
  [0 2 3 4 0 4 0 2 4 0 3 2 1 2 0 2 4 0 1 2 4 0 4 1 3 1 3 2 2 0 2 1 3 2 1
   3 4 2 2 4 0 0 4 4 0 3 3 3 4 1 1 3 1 0 0 2 0 0 2 0 2 0 1 2 0 1 3 2 3 2
   0 2 2 2 0 2 4 3 1 0 1 0 0 2 3 0 3 3 3 3 1 1 4 0 4 4 0 2 0 3 3 4 3 2 0
   2 2 1 3 0 0 2 0 2 2 2 0 1 3 3 2]
  [0 0 0 3 3 1 2 4 0 3 0 4 4 4 2 3 0 3 2 1 2 1 1 4 2 4 4 2 4 3 4 1 4 1 1
   4 3 0 2 2 1 4 2 2 2 3 2 3 0 3 0 0 2 3 2 2 1 1 4 3 3 2 3 4 4 2 1 2 2 4
   2 3 4 0 1 1 3 0 3 2 1 1 2 2 1 1 2 1 0 4 0 4 1 3 0 0 0 3 3 3 4 4 0 4 3
   0 1 0 3 3 0 4 4 1 1 2 1 1 3 1 1]
  [0 1 2 0 3 3 3 1 2 4 4 0 4 4 4 0 4 2 1 4 1 4 0 1 4 2 1 4 1 0 4 3 1 2 3
   3 4 4 0 2 4 3 2 4 1 2 2 3 2 0 3 1 4 3 0 4 1 2 1 2 3 1 2 1 3 4 1 0 3 1
   2 2 0 0 0 2 3 3 2 0 3 3 0 1 1 2 0 1 0 4 3 0 4 3 0 1 0 3 0 3 3 4 0 2 3
   3 3 1 2 0 1 2 1 4 3 0 0 4 0 1 2]
  [0 4 0 1 1 4 2 1 0 0 4 4 0 2 2 4 0 1 4 1 3 3 2 2 0 4 1 1 0 2 2 2 2 4 0
   1 2 1 4 0 0 4 3 0 0 2 3 4 4 0 0 1 2 2 4 2 4 3 4 1 0 0 3 2 4 3 4 0 0 4
   0 0 3 2 3 1 1 0 0 4 3 4 0 2 3 3 0 2 0 0 2 3 4 2 4 0 3 0 2 1 1 1 2 4 4
   2 3 3 4 2 1 1 2 3 4 4 1 3 2 1 1]
  [0 4 3 3 1 1 0 3 0 1 3 3 2 0 4 2 3 0 2 3 2 1 2 1 3 4 4 1 3 0 4 0 1 0 2
   1 1 0 0 1 4 1 0 2 0 2 3 0 1 2 2 4 0 2 0 4 3 4 0 0 4 4 3 2 4 3 1 3 3 4
   1 4 1 3 0 2 2 0 4 0 2 2 3 1 2 1 0 2 3 0 0 1 0 2 0 2 4 3 4 2 3 3 0 3 3
   3 3 1 4 2 1 4 4 1 2 4 4 2 0 3 3]
  [0 2 0 4 0 1 0 4 4 1 2 2 1 0 0 1 4 3 4 3 3 2 3 0 0 4 3 1 2 0 0 0 3 2 3
   2 1 3 0 3 0 3 0 4 3 3 4 3 3 4 1 1 2 3 3 0 3 2 1 0 1 0 4 4 1 4 3 4 4 2
   3 4 4 1 3 0 1 0 3 3 3 1 4 3 1 1 0 1 4 4 3 0 0 1 3 2 2 3 0 1 4 2 0 3 3
   2 0 4 1 1 0 4 0 0 4 0 0 1 2 4 3]
  [0 4 2 0 1 4 3 4 1 1 4 4 1 0 2 0 4 1 2 0 2 2 4 3 4 2 4 4 1 1 3 2 2 2 0
   2 2 4 3 0 2 2 3 2 1 1 0 4 2 0 4 2 1 2 3 4 4 2 1 4 2 0 0 0 1 1 0 4 2 2
   0 1 0 1 2 4 4 1 4 3 0 1 4 1 0 4 0 4 0 4 2 4 1 4 4 4 0 1 1 0 1 2 1 1 2
   2 3 1 2 3 4 4 3 2 3 3 1 1 3 1 2]
  [0 4 2 1 2 1 2 4 3 2 2 3 2 3 2 0 0 3 1 2 1 2 1 1 4 0 3 4 4 0 3 0 3 2 2
   0 1 3 3 4 1 1 0 1 0 1 0 3 4 4 2 1 3 0 1 4 0 3 2 3 4 1 1 3 4 0 3 3 4 2
   4 0 4 3 4 3 3 3 4 1 1 4 4 1 4 0 2 0 3 4 1 2 3 0 0 1 0 0 0 4 2 2 0 0 2
   1 4 2 0 1 4 2 4 1 3 4 4 2 0 2 4]
  [0 2 4 4 4 4 2 3 2 4 1 1 0 0 4 0 2 0 2 3 4 3 1 4 0 0 4 4 3 4 3 4 2 4 4
   1 0 1 4 4 3 0 2 4 2 3 4 0 3 0 0 1 0 4 3 0 4 1 4 2 2 3 1 4 1 0 0 2 2 4
   1 4 1 1 4 0 4 2 3 1 0 0 2 3 3 1 1 4 0 1 0 1 2 1 4 0 4 3 3 4 4 0 2 3 4
   0 3 0 2 0 4 3 4 1 0 4 0 2 3 0 0]
  [0 3 4 0 1 0 1 2 0 1 4 3 4 1 0 3 1 2 0 3 2 0 1 1 3 4 4 2 4 3 0 1 0 0 4
   3 1 2 4 1 4 4 0 2 4 2 4 1 1 1 1 4 4 0 2 0 1 3 2 1 0 1 2 2 1 4 0 2 1 1
   0 0 2 1 1 3 0 4 3 3 2 3 4 0 3 3 2 3 2 3 3 3 2 4 2 1 2 1 0 3 3 3 3 2 3
   0 4 3 3 2 3 1 4 4 0 1 1 1 3 3 3]
  [0 2 3 1 0 0 2 3 2 4 0 2 1 1 4 2 1 1 4 0 3 3 2 2 4 2 2 4 1 3 0 1 2 2 4
   4 4 2 2 2 4 1 1 4 0 0 4 4 1 1 1 2 0 4 1 1 4 3 1 0 4 0 4 4 0 4 0 4 1 3
   4 3 0 2 0 1 2 3 4 0 2 4 2 2 2 0 1 0 3 1 2 3 4 2 3 4 0 3 2 2 3 1 3 4 0
   1 0 3 0 3 0 0 3 1 0 0 1 4 1 1 4]
  [0 2 1 1 2 4 3 2 4 0 3 2 0 3 4 0 2 1 1 0 0 0 1 2 3 0 2 1 2 0 4 3 0 0 3
   0 0 1 3 2 4 1 0 1 3 2 0 4 4 0 3 0 0 3 4 1 1 3 2 3 3 4 1 3 3 0 0 1 3 1
   2 2 1 1 3 2 1 0 2 2 3 3 4 4 2 1 1 2 0 3 4 1 2 1 0 3 3 2 4 0 1 0 0 3 2
   3 3 3 4 2 0 1 3 2 1 0 0 2 2 1 3]
  [0 0 2 1 4 4 2 1 4 1 0 3 4 2 2 1 4 1 2 2 2 0 4 2 0 2 0 4 0 1 0 4 0 0 3
   0 2 3 4 2 4 3 3 3 2 2 0 1 0 3 1 3 4 4 3 2 3 4 3 1 1 2 2 4 0 0 1 3 2 1
   4 2 3 2 4 3 2 1 0 0 3 4 4 4 3 4 3 1 2 4 1 4 1 4 0 2 4 1 3 4 4 3 1 0 0
   1 3 2 4 4 2 0 0 2 2 3 2 4 0 1 3]
  [0 4 1 2 2 3 1 3 3 1 4 0 2 4 1 2 3 1 3 3 2 0 0 3 0 0 2 3 2 1 4 2 3 0 0
   4 4 3 4 2 0 4 3 3 0 3 1 4 4 1 0 1 1 1 0 1 2 4 1 0 3 0 0 0 2 2 2 4 1 3
   3 1 2 0 1 1 2 3 2 3 4 2 2 2 3 4 2 3 4 0 3 1 1 2 3 3 0 2 1 2 3 1 3 3 1
   3 3 0 4 0 4 4 4 2 4 3 3 2 0 4 2]
  [0 1 0 2 3 4 0 4 2 1 2 0 4 4 3 3 0 2 1 1 4 2 1 0 2 4 2 4 2 0 0 2 0 4 2
   4 0 4 2 3 0 1 3 2 2 2 4 0 1 0 0 4 3 4 4 2 1 3 0 0 1 4 2 0 2 0 1 1 4 4
   4 1 1 4 2 4 2 4 0 2 0 3 2 2 4 2 2 1 2 4 3 2 2 3 1 0 1 2 0 1 2 1 3 2 4
   0 0 3 2 0 2 4 4 2 1 0 2 0 0 1 3]
  [0 1 0 2 3 0 1 1 1 1 3 3 1 2 4 4 2 2 3 1 0 1 4 2 0 0 4 4 3 3 0 3 4 1 2
   4 0 4 2 4 4 0 4 3 2 2 4 4 0 0 1 2 1 2 0 4 3 0 3 2 0 2 3 0 3 4 1 1 1 3
   1 3 1 0 4 4 0 1 4 0 4 0 0 0 1 1 0 4 0 2 2 0 1 1 2 1 1 2 2 4 1 3 1 3 0
   3 2 2 1 1 2 1 3 1 2 0 3 3 4 2 4]
  [0 4 4 1 3 2 1 3 3 4 0 1 1 4 1 3 3 3 2 3 3 1 4 0 0 0 4 4 1 4 2 0 3 3 3
   1 2 3 1 3 4 1 4 2 1 1 2 2 3 0 2 1 2 2 2 2 1 4 2 1 2 3 2 3 4 2 1 4 1 1
   3 4 2 3 2 0 0 3 3 2 2 0 3 0 3 4 2 3 0 2 1 0 4 2 4 0 1 0 0 0 2 2 2 3 4
   4 1 2 1 4 4 1 0 0 2 2 4 1 2 1 3]
  [0 1 3 4 4 3 4 1 3 2 0 0 1 0 2 1 0 2 4 3 0 3 3 3 1 3 0 2 0 3 1 1 1 1 4
   0 1 3 3 0 0 1 2 2 4 3 1 2 1 1 0 2 1 2 2 2 0 4 0 4 2 3 0 1 3 4 3 1 3 3
   2 2 4 0 1 1 0 3 1 0 0 1 0 4 0 2 4 0 0 3 4 2 0 3 3 4 4 2 3 1 3 4 1 2 0
   4 1 0 0 3 3 4 4 0 4 3 0 3 4 0 2]
  [0 0 1 4 4 2 2 3 2 3 1 3 0 4 0 0 4 0 0 1 4 1 4 3 0 1 4 0 0 2 2 1 4 2 0
   0 2 4 3 3 3 1 2 1 0 1 2 4 2 3 2 3 3 2 0 4 4 1 4 0 3 0 1 4 1 3 4 4 1 2
   0 4 4 3 2 2 4 0 4 2 3 4 4 0 1 0 4 3 4 3 1 4 2 4 1 2 1 2 3 2 0 2 0 3 2
   3 2 2 1 0 2 1 0 1 2 1 0 1 0 1 4]
  [0 3 1 4 1 0 3 4 1 2 0 2 0 1 4 3 2 4 3 4 1 2 3 2 3 1 0 1 0 0 4 0 2 3 1
   4 4 3 3 1 1 1 4 4 4 4 1 1 1 2 0 0 4 2 2 2 0 1 3 4 3 2 4 3 4 1 2 2 4 3
   4 4 1 2 0 1 3 1 0 3 0 1 4 3 1 2 2 4 0 3 0 4 4 2 2 1 2 2 4 1 1 0 0 3 0
   2 4 2 1 1 1 0 0 1 1 4 0 0 1 0 1]
  [0 0 0 0 2 1 2 0 2 1 3 4 0 3 1 0 2 1 3 4 0 4 4 3 3 4 0 1 2 0 2 4 0 2 0
   1 4 0 1 4 4 3 2 1 0 3 1 2 3 1 1 0 1 3 2 2 0 2 2 3 3 3 3 2 1 4 2 3 4 0
   2 4 3 3 2 0 4 4 4 2 0 4 0 4 4 4 0 3 3 4 0 3 1 1 1 2 2 4 0 3 4 0 4 3 2
   3 2 0 4 2 0 1 3 1 4 4 4 3 4 0 1]
  [0 3 2 2 4 3 4 2 1 1 2 3 3 4 2 0 3 2 0 2 2 0 3 0 4 1 2 2 4 2 0 0 3 4 3
   1 0 1 3 1 2 4 4 0 2 3 1 0 4 2 0 3 4 4 2 1 4 3 1 1 1 0 3 3 2 4 4 0 2 3
   2 0 3 2 1 2 2 0 3 4 1 0 0 1 2 4 2 0 3 4 1 3 1 4 0 3 4 4 2 2 0 0 4 1 0
   4 2 3 0 2 0 0 4 0 1 1 0 0 4 3 1]
  [0 2 0 4 2 2 4 3 2 3 1 4 1 1 0 1 3 0 0 4 4 0 1 4 0 0 1 1 0 2 2 0 2 4 1
   2 3 0 4 4 4 1 2 1 2 2 2 2 1 4 4 0 3 2 4 0 0 0 0 3 0 3 4 4 2 3 4 4 4 4
   2 1 0 3 4 4 4 0 0 3 1 1 0 4 2 2 2 2 2 2 2 1 4 0 1 3 2 2 1 0 2 3 2 2 1
   0 3 4 3 1 0 4 4 2 1 2 4 1 0 4 4]
  [0 2 1 2 4 3 1 2 4 4 2 1 2 0 4 2 1 4 3 2 0 1 1 1 1 0 1 0 4 3 0 3 0 3 1
   0 1 3 0 2 0 2 4 4 4 0 4 0 3 2 1 4 2 2 1 4 0 4 1 0 4 0 4 0 2 2 4 0 3 3
   1 4 4 4 2 3 4 0 4 4 4 2 0 0 0 0 0 0 0 1 2 3 1 4 1 0 2 4 3 4 3 4 4 1 4
   2 2 0 1 1 3 4 0 4 1 2 2 1 3 3 0]
  [0 4 1 2 2 0 0 3 0 1 1 0 2 4 4 1 3 0 4 3 0 3 1 4 3 4 2 3 4 3 3 3 0 0 1
   1 1 4 1 1 4 2 1 1 4 0 2 3 2 3 3 0 1 4 4 3 2 0 1 2 0 3 1 0 2 2 0 1 3 0
   1 1 3 2 3 0 2 3 2 4 2 4 3 3 4 1 2 1 2 2 0 0 0 1 2 3 0 1 3 0 1 0 2 1 2
   4 2 2 4 0 3 0 4 3 4 0 0 0 1 3 1]
  [0 4 2 0 1 1 2 3 3 1 0 1 3 3 1 0 2 3 3 3 0 4 1 4 3 1 0 4 2 1 3 3 3 2 0
   4 1 0 0 3 3 2 4 2 2 3 2 1 3 0 4 2 2 0 2 4 1 2 3 1 0 3 0 0 4 1 3 0 4 0
   3 4 3 0 4 4 1 2 1 0 4 3 1 0 4 0 2 0 4 3 4 4 1 4 4 3 2 2 4 3 2 1 0 3 1
   3 0 1 0 3 0 3 3 3 1 4 4 0 4 2 1]
  [0 1 3 3 4 0 3 0 1 4 3 3 3 4 3 0 2 0 2 2 3 3 4 0 2 4 0 0 1 0 3 3 1 3 0
   0 4 4 0 1 2 0 2 4 2 0 3 0 3 2 4 2 0 2 0 2 1 2 4 3 0 1 2 2 0 3 3 4 0 3
   0 3 1 1 2 1 4 3 3 0 0 4 2 1 0 3 0 3 1 0 4 3 1 4 0 0 3 3 4 4 4 2 0 1 0
   1 3 1 0 4 3 2 0 3 1 1 2 4 1 4 0]
  [0 1 1 1 3 3 4 3 2 0 1 0 4 0 0 1 0 0 0 1 4 1 3 2 3 1 4 2 1 2 1 3 4 1 2
   2 0 2 1 4 0 1 2 3 4 0 4 4 0 4 0 4 0 4 3 2 2 2 4 2 2 1 3 3 2 0 2 1 0 3
   1 3 4 4 0 2 4 4 1 1 1 4 1 3 2 0 2 3 1 3 1 4 1 4 0 1 2 1 4 4 4 1 4 1 0
   1 0 4 3 0 2 0 2 3 2 1 2 4 2 0 3]
  [0 3 3 2 2 1 4 2 3 1 1 4 3 4 1 3 2 4 0 4 2 4 2 0 4 4 2 4 2 4 3 3 4 2 2
   0 0 0 0 1 3 3 0 0 0 2 2 0 4 1 2 3 2 3 4 0 2 2 0 0 2 0 4 1 1 3 3 2 1 3
   0 0 4 0 2 2 1 2 1 1 3 0 1 3 0 3 1 3 3 0 2 1 2 1 0 3 4 3 4 0 3 4 0 2 3
   1 4 4 2 1 3 0 3 2 0 3 3 2 0 4 3]
  [0 2 1 1 4 3 3 0 1 3 3 0 3 2 1 2 3 2 0 1 3 4 3 1 0 4 2 4 0 3 0 2 0 4 3
   0 1 2 0 4 0 2 1 2 3 3 2 1 4 2 3 1 2 2 0 0 4 3 0 0 3 3 1 0 2 0 2 3 1 0
   3 1 4 2 0 0 4 0 0 1 1 4 0 4 3 1 2 4 2 2 0 4 4 3 3 2 1 0 2 0 3 2 4 1 3
   3 2 4 0 3 1 4 0 3 1 2 1 0 0 0 1]
  [0 1 1 2 2 1 1 1 4 3 1 3 0 4 3 2 4 2 0 2 2 4 4 2 2 1 3 1 2 2 0 3 3 0 2
   2 4 3 0 0 4 1 2 2 3 4 1 3 4 1 3 4 2 3 1 4 1 3 4 0 1 2 4 1 4 1 1 4 4 0
   4 4 0 3 1 3 3 1 0 0 4 1 2 4 3 4 4 3 0 2 0 0 2 0 2 3 2 3 3 3 3 0 1 4 4
   2 3 1 2 2 3 0 3 3 0 2 2 4 3 2 3]
  [0 4 3 3 0 0 3 1 1 1 1 4 1 3 4 0 0 3 3 4 2 0 3 4 2 2 0 4 2 2 3 4 2 0 2
   3 4 0 1 3 0 1 4 4 0 2 2 2 3 4 3 3 1 1 4 3 4 0 4 0 2 3 0 1 1 0 3 0 3 0
   3 2 4 4 0 0 0 1 0 0 4 4 4 3 4 3 4 4 2 2 4 2 0 4 4 2 3 0 1 1 1 2 3 1 3
   0 0 4 2 0 2 4 3 1 0 2 4 1 1 2 3]
  [0 0 3 2 2 1 3 1 0 0 2 2 3 2 1 0 0 4 1 3 0 4 2 2 3 0 1 1 2 1 0 3 2 3 3
   4 4 4 0 0 0 0 4 4 3 1 0 4 4 4 4 1 3 1 0 0 1 4 0 1 4 0 4 1 2 0 0 2 2 0
   1 0 2 2 3 3 2 3 4 4 1 0 0 0 2 1 0 0 0 0 2 2 4 3 3 2 1 2 4 1 1 2 0 0 0
   1 3 0 3 2 4 0 3 4 1 4 3 1 2 1 4]
  [0 3 0 3 1 2 4 0 2 4 1 0 2 4 0 3 4 0 4 0 2 1 3 2 3 4 1 0 4 0 0 3 3 0 3
   1 4 0 3 3 0 1 0 0 0 4 1 3 2 3 0 2 2 2 3 4 0 4 2 2 4 3 2 3 2 1 1 3 1 0
   3 0 2 0 2 4 0 0 1 2 1 4 3 0 3 4 4 4 3 1 3 0 3 4 0 2 0 0 1 2 4 1 4 2 3
   3 4 0 1 3 4 4 1 0 4 3 0 3 3 3 1]
  [0 4 2 2 2 3 2 4 3 3 2 0 3 3 4 2 1 0 2 1 2 4 3 3 3 4 2 0 3 1 4 1 4 2 3
   1 4 1 2 4 0 4 4 0 1 3 0 4 0 0 4 4 0 0 3 2 1 0 3 0 0 3 2 2 2 0 2 2 0 4
   4 2 0 1 1 2 4 4 4 1 0 2 2 0 1 4 2 3 1 4 0 0 1 0 2 1 2 1 2 0 2 4 4 2 2
   0 2 3 2 4 1 3 2 3 1 3 1 0 0 0 4]
  [0 3 1 2 0 2 4 1 4 4 0 4 2 0 4 3 4 3 3 3 0 3 2 4 0 0 0 4 1 4 3 3 4 1 4
   3 4 0 1 1 1 1 0 0 0 2 1 3 4 4 2 2 0 2 4 2 4 1 1 0 1 3 1 3 3 0 4 3 0 0
   2 3 2 1 0 0 2 4 1 4 3 4 2 1 0 2 3 2 1 0 0 1 3 0 1 3 1 1 4 2 3 2 2 3 0
   0 2 0 2 0 4 3 3 3 4 1 0 2 1 0 0]
  [0 3 1 3 2 1 3 4 1 4 4 4 0 3 1 1 3 4 1 2 2 0 2 4 0 4 4 4 2 3 1 2 4 4 2
   2 4 4 4 0 0 0 0 2 1 0 1 0 0 3 1 4 0 1 1 4 0 4 3 2 4 4 4 0 0 1 0 3 1 3
   1 2 2 3 0 2 4 4 0 2 0 3 3 0 1 0 0 2 1 2 0 3 2 2 1 0 0 2 3 1 4 4 0 1 2
   3 2 0 1 0 3 3 0 4 4 4 0 3 0 2 0]
  [0 1 4 4 1 2 4 1 3 0 2 3 3 4 3 0 3 3 1 0 4 4 4 4 0 3 4 0 0 1 4 3 4 4 3
   4 1 1 0 1 1 0 2 0 0 4 0 1 3 4 1 0 3 2 4 3 3 0 3 3 1 1 0 3 2 4 3 2 3 4
   4 2 1 4 0 3 1 3 1 1 1 4 0 2 0 1 1 1 4 2 1 0 2 1 3 4 0 3 4 0 3 0 3 3 4
   1 3 3 1 2 2 0 0 0 2 3 4 2 3 1 3]
  [0 4 2 0 2 4 3 4 4 3 2 1 3 4 4 2 1 0 2 4 4 4 4 3 0 0 2 4 1 1 1 1 1 1 0
   0 0 2 3 0 2 3 0 1 4 2 3 0 1 0 4 3 1 1 4 2 0 1 2 4 3 3 1 0 1 2 4 2 3 0
   3 4 0 3 1 2 2 3 0 4 2 0 4 4 3 0 4 0 0 4 2 4 0 4 2 1 1 0 1 2 1 4 1 1 2
   1 1 3 2 1 2 0 2 4 4 2 0 2 0 1 3]
  [0 3 3 2 3 4 0 4 4 2 2 2 0 4 3 2 1 0 0 0 1 3 4 3 1 3 4 4 1 3 2 4 4 2 1
   2 3 0 2 0 4 3 4 2 3 0 3 0 0 4 4 0 0 3 1 0 3 4 0 1 2 4 1 2 1 4 4 0 3 4
   0 0 3 0 0 3 3 4 3 4 3 3 0 0 0 4 1 3 0 0 0 1 3 1 4 0 0 4 1 2 2 4 1 3 4
   2 0 0 2 0 1 1 2 1 1 0 0 4 4 1 1]
  [0 0 0 3 2 4 0 0 2 3 4 0 0 4 2 3 4 3 4 1 1 4 3 1 1 0 1 0 4 4 2 2 3 0 3
   4 2 3 0 4 4 3 1 4 3 2 3 4 3 0 4 4 3 2 3 3 1 0 0 1 4 3 4 3 2 3 4 4 2 3
   3 0 2 3 3 3 2 1 0 2 2 3 3 2 0 1 2 4 1 2 3 4 1 3 2 4 1 3 1 1 0 3 3 2 1
   1 2 1 3 4 3 4 2 2 3 4 2 3 3 1 1]
  [0 4 1 2 3 4 4 4 3 1 4 1 0 0 3 2 3 4 4 0 4 3 1 1 0 3 2 0 0 4 2 1 2 1 2
   1 3 4 0 1 1 1 0 4 2 0 0 2 0 4 0 2 0 2 0 4 1 3 0 3 1 4 0 3 4 1 1 2 4 1
   1 0 3 4 0 4 3 4 4 1 3 0 4 2 2 0 0 3 3 1 3 1 3 1 0 3 2 4 3 2 1 0 3 0 4
   1 0 0 0 1 1 1 0 4 4 3 1 4 2 3 3]
  [0 3 1 3 0 1 3 0 2 3 1 3 1 4 3 1 4 0 0 4 4 0 2 3 3 0 0 3 0 0 0 3 2 0 0
   1 2 1 3 1 1 4 4 1 4 1 3 4 4 2 1 0 1 3 3 3 2 0 3 3 1 0 2 0 2 2 2 3 3 2
   3 1 4 1 4 3 2 1 3 1 0 4 1 3 3 4 0 1 3 0 2 3 0 1 3 0 1 2 1 2 2 2 4 2 0
   2 4 1 2 2 2 1 2 2 3 4 1 0 2 0 0]
  [0 4 4 1 4 2 2 1 1 3 1 2 0 1 4 0 1 4 2 3 3 1 4 4 1 4 2 0 2 4 0 4 2 2 4
   3 1 2 3 0 4 0 4 1 3 3 4 2 4 3 2 1 0 1 1 3 0 1 1 3 2 3 4 3 3 4 2 1 4 0
   3 0 3 4 0 1 4 3 0 1 2 1 4 4 2 1 3 1 4 1 1 1 3 3 2 2 1 2 3 4 1 3 2 1 2
   3 0 4 4 1 4 4 0 1 1 1 2 3 3 0 0]
  [0 1 3 3 0 1 2 1 2 3 4 3 0 0 3 3 4 3 2 4 2 3 0 2 3 4 1 1 4 4 2 0 2 0 0
   2 0 2 0 0 0 3 2 2 0 4 1 1 2 2 1 2 4 0 3 0 0 3 3 4 0 4 1 4 3 1 4 1 1 0
   4 3 0 2 3 0 2 4 4 0 2 3 2 2 2 1 0 1 0 4 3 3 2 1 3 2 4 4 3 0 4 3 2 3 2
   4 3 4 0 0 1 3 2 2 3 0 0 2 2 4 4]
  [0 1 2 2 4 3 4 0 2 2 2 3 4 4 0 1 0 0 1 0 2 3 4 0 1 0 3 2 4 2 2 0 0 2 3
   1 3 2 0 0 3 0 4 4 1 0 4 2 1 4 0 1 4 2 0 0 0 1 0 4 0 0 2 3 2 4 4 4 1 0
   3 3 0 2 0 2 1 4 1 1 4 1 4 1 2 2 3 4 2 2 4 2 0 3 3 3 1 3 3 2 2 3 0 0 4
   4 2 0 1 3 3 2 3 3 3 1 0 4 0 3 0]
  [0 2 3 1 1 2 2 4 2 1 4 1 4 3 0 4 2 0 4 1 0 4 3 4 2 3 2 4 4 2 0 3 2 3 2
   0 0 1 3 4 4 0 3 2 0 2 3 4 2 3 1 3 4 3 3 0 0 4 2 3 4 2 3 2 2 2 1 0 4 4
   3 3 2 0 0 4 4 1 4 2 3 1 2 4 3 4 0 4 1 4 4 0 2 0 2 0 2 0 3 2 3 3 2 1 0
   3 0 1 0 4 3 0 1 0 1 1 1 3 2 3 1]
  [0 3 2 2 2 3 2 0 2 3 4 4 4 1 4 3 3 2 3 1 2 4 4 3 1 3 1 3 0 4 4 4 1 2 4
   1 4 4 4 0 2 4 0 1 1 0 4 0 1 1 3 0 3 1 0 2 0 0 1 1 1 0 2 2 0 0 4 3 4 2
   4 2 1 4 0 4 2 0 0 2 2 0 1 2 2 2 4 0 0 3 1 4 2 3 2 3 1 3 4 4 0 2 3 0 3
   1 1 4 0 0 1 4 4 0 2 3 0 1 3 3 1]
  [0 3 0 4 1 1 0 0 4 4 3 3 2 2 1 0 3 3 3 3 1 1 4 2 4 3 0 2 0 2 4 1 2 0 1
   3 2 2 3 1 3 3 3 1 0 3 1 3 4 0 2 2 0 1 4 3 2 0 2 2 1 4 4 1 1 0 1 3 1 4
   4 4 3 0 3 2 4 0 1 4 0 0 1 2 2 3 0 4 4 1 3 4 0 0 2 1 2 0 1 1 4 2 4 4 4
   3 1 3 0 2 2 4 3 2 4 4 1 4 2 0 0]
  [0 4 1 0 4 4 0 4 0 3 2 1 2 3 4 0 1 4 3 1 2 2 2 1 4 3 4 4 2 0 1 3 4 1 2
   4 2 4 0 3 3 3 2 4 1 2 3 4 3 4 1 3 4 1 3 3 3 1 0 0 1 2 2 3 2 1 3 0 4 4
   0 4 0 0 2 0 3 3 3 0 3 0 0 4 2 1 2 2 1 2 1 4 1 4 3 1 0 4 3 3 1 1 4 2 1
   4 3 4 3 2 0 2 3 1 4 2 4 3 0 0 2]
  [0 0 0 4 1 0 0 1 3 0 3 4 4 4 0 2 4 4 2 3 2 3 0 4 2 4 3 3 3 4 0 2 4 3 0
   3 1 1 4 3 0 2 0 1 1 3 1 2 3 3 0 4 1 3 1 2 4 0 3 0 3 2 3 0 2 3 0 2 1 0
   1 2 1 1 0 1 2 4 0 2 4 4 0 1 0 2 2 4 3 4 0 2 1 3 4 4 1 4 0 0 3 2 0 2 4
   2 0 0 4 3 0 1 3 1 4 4 1 0 0 3 4]
  [0 4 4 3 4 3 0 3 3 0 1 0 4 0 4 3 3 0 4 2 0 2 2 2 4 3 4 2 4 0 2 3 4 3 4
   0 2 0 1 2 1 3 3 4 1 2 0 0 2 4 0 1 4 3 1 1 3 3 0 1 0 2 1 0 1 2 3 4 1 3
   0 0 1 1 4 3 2 0 2 2 0 0 0 3 4 3 1 1 2 0 0 1 0 3 3 3 1 2 4 1 1 0 2 4 0
   1 4 4 4 2 2 4 1 0 4 2 4 1 3 3 3]
  [0 2 0 1 3 0 3 1 3 0 4 4 2 2 1 3 0 3 0 4 4 2 4 3 3 1 2 4 2 0 0 2 3 2 2
   3 0 4 4 1 0 1 1 2 1 1 0 2 1 0 3 1 2 2 4 2 4 1 3 0 2 0 4 0 2 4 3 3 0 2
   3 4 0 4 2 0 0 3 1 2 1 0 1 3 3 1 3 1 3 3 3 4 4 0 4 1 0 4 3 4 0 1 3 0 3
   1 3 4 2 3 4 3 4 2 4 3 4 2 1 1 2]
  [0 2 3 4 3 0 2 3 3 0 2 1 1 0 3 1 4 0 1 2 0 2 1 1 4 0 2 0 3 2 2 0 0 0 1
   4 2 2 4 1 0 0 0 0 0 4 0 2 3 2 0 1 4 1 2 1 0 0 2 2 1 2 0 4 0 0 1 0 3 4
   2 2 2 0 0 2 4 3 1 0 2 1 1 2 0 2 2 3 4 4 2 4 0 0 2 0 0 4 3 0 2 4 4 4 3
   0 2 1 4 0 1 0 3 2 3 0 4 3 4 4 0]
  [0 4 3 2 1 2 1 3 0 3 0 0 4 2 2 4 4 4 2 1 3 0 4 1 1 1 2 1 3 2 2 0 3 2 2
   4 4 2 0 3 0 1 0 1 2 4 3 2 4 2 2 0 2 0 4 1 2 0 0 4 4 2 0 0 2 3 2 0 4 2
   0 1 2 0 4 4 1 0 0 1 0 3 2 0 0 0 0 2 3 3 3 1 3 0 3 0 4 3 4 3 3 2 2 4 0
   0 1 2 2 2 4 2 3 2 4 4 2 2 3 2 2]
  [0 3 1 0 3 1 3 3 2 4 0 3 4 1 2 4 1 4 3 2 1 1 3 4 1 3 3 0 3 1 0 0 4 4 1
   2 2 1 4 2 0 0 2 0 4 0 4 2 2 1 4 4 1 0 3 3 1 2 4 1 3 1 1 4 0 2 0 1 0 1
   2 2 1 4 3 3 1 0 2 4 4 0 1 2 0 4 0 2 1 4 1 2 2 3 1 0 4 0 0 3 0 3 2 1 0
   4 4 2 0 3 0 2 1 2 0 2 2 3 0 3 0]
  [0 4 4 3 2 3 0 1 0 1 0 0 3 4 0 1 3 4 4 1 3 1 2 1 0 2 1 2 4 3 3 2 1 2 0
   0 4 2 3 3 4 4 3 2 0 2 3 1 0 4 0 0 4 1 4 4 3 2 0 2 3 1 2 4 4 0 3 1 4 4
   4 3 2 4 4 2 1 4 2 4 3 1 4 0 3 3 2 3 1 3 4 0 0 4 3 4 2 3 2 1 4 0 2 1 2
   2 3 2 2 0 0 0 0 4 0 4 3 3 3 0 1]
  [0 1 1 3 0 3 0 3 1 0 1 1 3 4 4 0 1 1 2 4 2 3 2 0 3 3 2 0 4 2 1 4 2 1 0
   0 1 2 1 2 0 3 2 2 3 2 4 2 0 4 2 0 4 2 2 3 3 1 3 3 1 3 3 4 1 0 0 1 0 0
   0 1 3 0 1 2 2 2 3 4 4 0 1 2 2 1 2 4 0 4 1 0 2 2 1 4 1 4 1 3 0 1 1 4 0
   0 1 3 0 1 4 0 3 3 2 2 0 1 1 3 4]
  [0 2 0 0 4 2 3 0 0 4 4 2 1 1 3 1 0 1 0 4 0 3 1 1 1 1 4 3 0 1 0 0 3 1 1
   0 3 2 2 4 3 4 2 0 1 3 2 0 4 3 2 4 4 4 3 1 3 1 4 2 4 3 3 4 2 4 1 0 4 4
   1 3 4 4 3 2 0 1 1 2 2 0 1 4 3 3 3 3 2 3 4 1 1 1 2 2 4 4 0 0 4 2 4 3 0
   0 3 4 2 4 1 0 3 4 3 2 2 0 1 4 3]
  [0 0 3 4 0 4 1 1 1 3 1 3 4 1 0 4 2 0 2 1 4 0 2 3 2 4 1 3 4 4 4 1 1 0 1
   3 4 1 1 0 1 1 3 4 4 2 2 1 4 0 2 2 3 1 0 2 0 1 2 0 3 4 2 0 2 0 1 3 0 3
   2 0 0 3 0 2 3 2 1 3 1 1 3 3 1 1 0 1 0 3 2 0 0 4 4 1 0 3 4 0 3 3 3 4 3
   1 0 0 3 1 2 1 4 4 0 0 0 2 1 3 4]
  [0 1 0 0 0 1 1 4 2 0 0 4 0 4 0 2 2 4 3 4 2 2 0 4 1 2 2 3 2 1 2 3 1 4 0
   0 0 0 3 4 3 1 0 0 0 2 0 4 3 2 1 4 2 4 2 1 4 2 0 3 1 2 1 1 4 0 2 4 1 0
   1 3 3 3 4 1 2 1 3 2 0 1 0 3 2 1 3 2 3 1 3 4 3 1 1 3 0 2 4 2 4 1 4 3 2
   4 1 1 0 4 3 0 3 3 4 3 3 1 3 4 2]
  [0 0 4 0 1 2 1 1 4 0 3 0 1 4 4 3 1 3 2 1 4 1 0 1 3 0 4 3 2 0 4 2 0 1 1
   1 0 4 0 3 1 4 0 2 0 0 0 4 2 2 3 4 0 4 1 3 0 1 0 4 0 3 1 2 0 3 0 3 1 3
   0 4 3 4 1 2 0 1 1 4 3 0 2 3 4 1 0 0 1 4 4 4 4 3 0 3 1 1 2 2 2 0 4 4 1
   3 0 0 1 4 3 4 4 3 2 3 1 2 1 3 4]
  [0 1 4 1 4 3 0 0 3 3 4 3 3 3 2 3 4 1 1 2 3 0 4 1 1 4 3 1 2 4 1 0 0 3 1
   0 0 3 4 0 3 2 3 0 0 1 1 3 4 1 0 4 3 1 3 4 0 1 2 0 3 4 1 2 2 4 3 3 1 2
   2 0 4 1 1 1 3 4 3 1 3 3 3 4 3 2 2 1 3 3 1 1 2 4 3 4 2 3 2 1 0 2 4 4 3
   2 4 1 3 1 1 0 1 3 2 1 2 1 1 1 4]
  [0 4 3 1 4 3 4 1 0 2 3 0 0 1 1 0 2 2 3 0 4 0 1 0 1 3 1 0 0 4 4 3 0 2 3
   4 0 3 0 0 0 4 1 3 4 0 0 3 4 1 3 1 0 1 4 2 0 1 2 4 2 4 1 1 0 1 4 1 1 3
   1 0 0 3 2 3 4 0 2 2 2 0 2 0 1 0 1 2 0 4 0 3 1 1 3 4 3 2 0 2 3 2 0 3 4
   3 2 4 4 0 3 2 4 0 0 3 0 2 1 0 0]
  [0 1 0 1 0 4 0 2 0 3 3 3 3 1 4 4 3 3 1 1 4 1 3 2 2 2 2 4 3 4 1 1 4 0 3
   4 4 4 2 3 3 4 3 4 1 3 3 2 1 2 3 2 4 2 3 2 2 2 4 1 0 0 3 3 2 1 2 2 1 0
   0 2 0 0 1 3 0 0 0 4 2 1 0 4 1 2 2 3 0 4 3 4 4 3 2 3 3 3 2 0 1 0 3 2 1
   0 1 4 4 1 3 0 2 2 4 3 3 2 1 4 0]
  [0 4 4 0 3 3 4 2 3 3 4 1 3 3 1 0 1 3 1 2 3 3 0 1 3 4 3 4 1 4 1 4 1 1 0
   1 1 0 2 2 2 1 1 2 4 4 2 1 3 2 2 1 0 3 0 3 4 2 0 3 1 4 1 1 3 1 3 0 0 1
   4 4 2 3 0 4 1 0 4 0 0 4 1 4 2 3 0 1 2 3 4 0 0 2 3 1 3 4 0 3 4 2 1 3 0
   1 3 3 1 2 0 0 0 4 3 0 3 1 4 1 2]
  [0 4 1 4 2 0 2 3 4 2 1 1 4 2 1 2 0 2 1 1 2 2 3 2 1 3 0 0 1 3 1 3 3 4 3
   2 2 2 4 1 0 4 4 1 4 4 1 2 1 0 2 4 2 0 1 4 1 0 0 4 1 2 0 2 3 3 1 2 0 0
   3 0 0 4 4 0 1 4 4 2 1 3 1 4 4 3 2 2 4 0 3 4 3 2 4 2 0 2 3 1 4 3 1 2 1
   0 0 2 1 3 2 4 0 4 1 0 4 1 0 2 3]
  [0 4 2 0 4 2 0 2 4 1 1 4 0 0 4 0 0 1 2 2 1 1 4 4 4 2 0 2 1 1 1 3 4 1 4
   2 2 1 0 1 4 2 4 4 2 0 3 3 2 0 0 1 3 4 2 2 3 2 1 4 0 4 1 2 0 1 3 3 0 0
   4 3 2 4 2 1 0 1 3 3 2 4 1 1 2 0 4 2 2 3 2 4 1 4 1 2 1 3 2 1 2 3 0 0 3
   3 2 3 1 2 1 2 4 2 2 3 1 1 2 1 0]
  [0 0 4 1 1 1 0 3 0 1 3 3 4 1 4 2 1 0 3 4 2 3 4 2 1 1 0 2 3 2 1 0 3 3 3
   3 3 1 3 1 2 4 3 1 0 1 0 1 0 4 4 2 2 0 0 4 1 0 0 1 2 2 3 4 3 1 0 4 0 0
   0 4 1 1 4 2 1 0 0 0 3 0 4 1 0 1 1 0 3 2 0 1 0 3 4 4 4 3 4 2 1 3 0 1 0
   3 0 3 1 1 4 3 3 2 0 2 3 0 3 2 1]
  [0 1 3 2 0 0 0 2 0 2 1 4 0 0 0 3 4 1 4 2 0 4 1 4 1 3 0 4 4 2 2 1 2 2 1
   2 0 3 2 4 0 0 3 1 3 1 4 1 1 0 0 0 1 4 3 4 1 2 4 4 1 4 2 1 0 0 1 2 3 4
   1 0 2 1 2 2 3 4 0 3 3 2 3 4 4 4 0 3 3 2 0 4 4 0 0 3 4 3 3 2 1 1 4 1 2
   4 0 4 2 1 1 2 2 4 4 1 0 0 1 4 3]
  [0 2 4 0 3 0 0 2 0 3 4 0 1 3 1 0 0 0 1 3 1 3 4 2 2 1 1 4 1 0 1 3 3 1 1
   2 3 4 3 2 1 3 0 0 4 2 1 4 4 2 4 4 2 1 4 2 3 4 2 1 2 4 0 1 0 2 3 4 1 4
   0 2 0 3 4 1 1 0 4 0 0 0 4 2 1 1 4 4 1 3 4 1 1 0 1 0 3 0 4 1 4 4 2 1 0
   1 3 0 0 3 1 2 3 2 3 1 2 3 0 1 2]
  [0 0 4 4 2 1 3 3 1 3 4 1 4 4 3 0 1 2 3 0 4 2 3 0 2 3 2 1 2 3 4 2 0 0 0
   0 2 4 0 3 1 4 2 2 2 3 1 1 0 0 1 1 3 0 0 1 4 4 4 2 0 1 0 1 1 4 0 1 2 4
   0 2 2 4 4 4 4 0 4 1 0 1 2 2 4 0 0 4 0 3 2 3 1 2 0 0 4 2 4 0 0 0 2 2 4
   0 2 1 0 0 2 0 0 1 0 3 0 0 2 4 2]
  [0 1 0 4 1 2 4 3 3 3 2 1 4 0 2 1 2 0 2 4 4 1 2 4 1 0 3 1 0 0 1 2 4 4 3
   2 2 2 4 3 3 0 3 4 2 4 0 4 1 2 4 3 3 4 0 3 0 1 2 4 2 4 4 3 3 1 2 1 4 0
   0 0 3 4 3 3 1 4 1 4 3 0 3 2 1 1 1 1 0 4 2 3 1 3 4 2 2 3 1 1 0 0 1 1 0
   2 4 2 2 3 3 1 2 2 2 4 0 4 4 4 0]
  [0 2 1 3 3 2 4 3 2 3 4 2 0 2 4 4 3 4 0 3 1 0 3 4 2 2 0 3 2 0 3 4 3 0 4
   3 4 3 3 4 4 4 4 1 2 3 2 3 2 3 4 4 2 4 2 4 0 3 3 4 4 0 0 0 0 0 3 2 3 0
   2 0 4 3 3 0 0 3 2 2 3 3 0 0 4 4 1 2 2 3 0 1 2 4 1 4 1 4 2 1 1 2 3 2 0
   0 1 1 1 0 0 1 3 3 0 2 0 2 1 3 0]
  [0 4 4 4 2 4 2 3 2 2 4 0 4 4 2 3 1 3 4 2 2 3 4 2 2 1 1 3 0 0 4 0 2 4 1
   2 3 2 0 3 2 2 1 4 0 1 3 3 3 1 0 0 4 1 0 2 1 3 1 3 4 2 1 3 1 1 2 1 2 4
   3 3 2 2 2 0 2 2 0 4 0 2 1 0 2 3 2 3 2 4 2 4 3 3 3 0 0 4 4 4 3 2 4 1 1
   0 4 4 0 0 3 0 4 4 0 3 2 3 3 3 2]
  [0 2 3 1 0 3 2 3 2 0 1 0 0 4 0 1 1 2 1 4 0 0 1 3 3 0 1 4 4 4 2 2 1 3 0
   0 4 0 0 3 1 2 2 2 0 4 3 0 0 0 1 0 1 3 2 0 4 0 1 1 3 1 3 1 1 1 1 4 1 0
   3 2 2 0 0 1 3 4 0 3 0 4 4 0 0 2 4 0 3 2 2 3 2 1 1 1 3 3 0 2 2 3 0 1 2
   1 4 3 0 2 3 0 4 2 0 2 3 2 0 1 2]
  [0 2 3 4 2 4 2 3 1 1 0 1 4 3 1 0 0 1 1 3 4 0 4 1 4 1 1 2 3 4 4 2 2 1 2
   0 4 4 0 4 0 4 0 2 4 1 1 4 4 4 2 3 0 2 4 1 2 4 0 0 1 4 4 3 2 1 4 1 4 2
   4 0 0 2 0 1 0 0 4 0 2 4 1 2 0 0 4 0 0 3 1 0 3 1 2 2 3 0 2 0 1 4 4 1 4
   2 3 1 3 2 2 2 2 1 2 4 0 1 4 3 1]
  [0 0 1 1 0 3 4 2 1 2 3 3 0 4 0 2 3 0 3 0 3 3 4 3 3 4 1 3 2 3 1 3 2 1 0
   1 4 2 2 4 3 4 2 0 0 2 3 0 0 4 0 3 4 1 1 0 4 2 0 0 4 2 4 4 3 3 1 4 0 2
   3 4 2 2 4 4 1 1 2 0 2 1 2 2 3 2 0 0 2 1 4 2 0 2 2 1 0 2 3 1 0 3 2 2 4
   0 4 4 3 1 2 4 4 3 0 0 4 3 0 3 1]
  [0 3 0 1 3 2 3 3 4 0 3 4 0 2 2 0 4 2 3 3 2 2 4 4 1 4 4 1 4 2 2 0 3 1 0
   1 3 2 2 0 4 2 0 3 1 1 0 1 1 0 2 3 3 3 4 3 4 3 0 1 0 2 3 1 3 0 0 0 1 1
   0 0 0 2 2 4 1 4 0 1 1 2 1 4 2 3 0 0 2 3 2 2 3 0 3 4 1 3 4 0 3 3 2 3 2
   0 0 4 0 2 4 1 4 2 4 2 2 1 0 0 4]
  [0 1 3 3 2 2 1 0 0 0 1 0 3 1 3 4 4 4 1 0 4 1 0 0 1 0 2 1 1 0 3 4 4 1 3
   2 4 4 0 3 0 4 1 2 0 3 2 3 4 4 2 2 1 2 4 2 3 0 3 3 0 2 2 0 3 2 3 4 1 0
   4 1 0 4 3 3 4 0 1 1 0 3 4 2 4 0 4 1 0 0 1 1 0 0 3 0 2 0 3 0 3 2 4 0 2
   1 0 4 0 3 0 3 0 0 0 3 4 2 2 0 4]
  [0 3 3 4 0 2 2 0 0 0 2 0 1 0 1 2 1 2 1 0 1 2 4 1 2 0 4 3 3 1 0 1 4 0 1
   0 0 2 0 3 1 0 0 0 3 2 4 1 1 2 1 2 0 4 3 2 3 0 2 4 3 0 4 0 0 3 3 4 4 3
   2 0 4 3 2 0 1 2 4 0 2 1 4 1 1 4 4 2 4 0 0 2 2 2 0 0 2 0 4 1 1 0 0 3 4
   4 0 4 3 0 4 4 4 4 4 4 4 4 3 3 4]
  [0 0 4 1 4 0 2 3 1 4 1 1 2 1 2 1 0 0 0 3 0 4 0 3 1 2 4 3 4 0 4 0 2 0 1
   0 2 3 0 2 4 3 2 4 1 1 3 1 3 0 1 4 1 4 3 0 2 1 3 3 0 0 2 3 4 3 1 2 4 3
   3 2 0 3 1 3 2 2 4 1 2 3 3 1 0 0 0 2 4 3 0 0 0 0 3 3 4 0 3 3 1 0 0 0 1
   4 3 0 4 3 2 3 4 2 0 0 3 2 4 0 4]
  [0 4 4 0 4 2 2 1 0 2 1 4 4 0 1 4 3 4 4 4 2 4 1 3 1 1 4 0 4 1 3 4 4 0 4
   0 0 1 2 3 0 2 1 1 2 2 1 4 1 2 3 2 4 1 1 2 1 1 2 0 2 3 3 3 3 3 4 2 4 0
   2 0 3 3 0 4 4 0 1 2 3 2 1 1 4 4 1 0 0 3 3 0 0 0 4 4 3 4 3 3 4 1 4 2 4
   2 4 2 2 3 2 0 2 3 1 1 4 1 0 2 2]
  [0 0 3 3 1 3 0 3 4 0 4 2 3 0 2 4 3 1 0 1 0 1 4 3 2 4 0 1 0 2 3 0 0 0 0
   0 0 4 1 3 3 1 3 2 2 0 0 2 1 3 3 0 3 3 4 3 1 0 4 0 0 1 2 0 1 2 0 2 0 3
   2 1 0 2 0 0 3 3 2 4 3 0 4 4 2 4 0 4 0 4 4 3 0 1 0 4 1 3 4 1 3 4 1 0 2
   1 2 4 2 3 1 3 4 1 0 3 3 0 3 0 4]
  [0 3 3 2 2 0 3 0 2 4 0 2 2 3 3 3 3 4 4 3 4 4 3 1 1 1 0 3 3 0 0 4 4 4 2
   4 3 0 1 0 0 0 4 4 2 1 1 4 4 4 0 1 2 0 0 3 0 3 1 1 0 2 4 3 4 3 0 3 0 0
   0 2 1 4 0 2 1 3 2 3 1 4 3 0 0 1 0 2 1 1 4 3 0 0 4 1 0 2 2 2 0 4 1 2 3
   0 3 2 0 2 0 1 0 3 4 4 4 2 0 3 4]
  [0 0 2 2 4 4 4 0 0 2 2 1 4 2 2 2 1 4 0 3 0 1 4 1 0 0 1 1 1 1 3 3 1 0 3
   0 1 3 2 4 3 4 1 1 4 1 4 4 3 3 4 4 3 2 4 1 3 4 2 1 0 4 4 1 3 2 2 3 2 4
   1 3 2 1 1 0 3 1 1 3 2 0 1 1 3 0 4 3 1 3 4 1 0 0 0 3 0 3 2 4 3 2 2 3 4
   2 3 0 0 3 2 1 2 2 1 3 2 1 4 0 4]
  [0 1 1 0 3 1 0 1 4 1 0 1 0 2 0 0 3 1 0 4 0 0 0 2 1 1 0 0 4 2 3 0 1 4 0
   4 2 3 4 4 3 4 1 4 0 1 2 4 1 0 3 2 4 1 3 3 2 3 1 4 0 3 3 0 1 4 1 0 4 0
   3 2 1 2 2 2 4 0 2 0 0 4 2 1 1 3 1 2 0 0 3 4 4 0 1 0 1 4 1 4 4 2 3 0 1
   2 1 4 2 4 4 2 3 1 3 3 3 4 3 3 4]
  [0 4 2 0 4 2 3 4 0 4 4 3 2 2 3 4 0 3 3 1 1 0 4 4 4 0 0 4 4 4 3 0 2 4 3
   3 0 3 0 1 2 0 4 0 3 4 4 0 4 4 4 4 4 0 0 3 4 0 2 2 0 3 0 0 4 0 1 2 3 3
   0 0 0 0 3 3 4 1 1 0 2 4 2 0 0 3 2 3 1 1 3 0 1 1 2 1 0 4 2 0 1 4 4 0 0
   3 2 4 1 0 1 4 0 1 0 4 1 0 2 3 1]
  [0 2 1 1 1 3 3 4 0 2 2 1 1 2 3 4 1 2 2 3 2 4 4 0 1 0 0 0 1 4 3 3 2 3 3
   1 3 0 1 0 4 4 0 1 3 4 2 3 0 2 4 3 1 4 2 0 3 3 0 1 3 0 4 2 3 3 2 0 2 2
   1 0 3 1 4 2 3 3 4 0 3 3 0 4 0 3 3 3 4 2 2 0 2 4 2 1 2 0 1 1 0 2 4 1 2
   4 2 3 4 1 2 3 1 0 1 0 4 2 4 0 1]
  [0 0 3 2 2 2 1 4 2 2 0 3 2 0 2 0 3 2 1 3 0 3 1 3 1 3 2 0 0 1 2 3 0 2 4
   3 4 2 2 1 1 3 1 0 0 3 0 0 4 2 2 0 0 0 4 3 2 4 1 0 3 2 2 4 4 3 2 3 0 3
   4 2 1 4 3 3 3 3 4 1 4 4 4 0 3 4 0 1 4 4 0 4 4 0 1 2 4 4 0 1 2 1 3 4 2
   1 4 0 1 1 3 4 4 0 0 3 1 3 4 4 4]
  [0 2 3 0 1 2 4 1 4 3 3 0 1 0 3 2 0 2 2 2 1 3 4 2 0 0 2 0 3 4 3 2 0 1 1
   4 1 3 2 0 0 1 1 0 2 3 1 2 4 3 2 1 0 2 1 0 4 0 0 0 1 0 4 1 1 3 1 3 1 3
   1 3 2 1 2 1 0 0 2 2 4 3 2 4 2 0 2 3 4 0 4 2 4 1 0 0 2 1 2 0 0 0 3 2 4
   0 3 3 3 3 0 3 0 2 2 3 4 3 1 3 2]
  [0 3 1 3 0 1 0 3 1 1 0 2 0 2 3 1 2 0 4 3 0 1 2 2 3 1 0 3 1 4 3 0 3 0 1
   1 1 4 3 1 4 4 3 1 4 4 1 1 4 3 2 0 2 4 4 1 2 4 4 1 2 4 0 2 4 0 2 0 4 0
   2 1 4 0 4 1 1 3 0 4 4 1 2 3 0 3 0 2 1 0 2 3 4 2 4 1 0 2 3 3 0 3 1 4 1
   4 2 4 2 2 2 3 0 0 0 0 4 0 1 1 0]
  [0 4 1 0 0 0 2 3 4 3 2 3 3 4 3 4 0 2 0 4 4 0 3 0 1 3 1 2 0 2 2 2 4 4 1
   3 0 1 2 0 4 3 3 1 4 2 1 3 2 2 2 4 4 2 4 4 3 4 1 2 0 3 3 1 4 4 0 2 3 4
   4 0 1 0 4 1 0 2 3 4 1 3 3 3 1 3 0 3 0 2 1 4 1 2 4 1 0 4 4 4 4 0 0 0 0
   2 4 1 4 4 0 1 2 2 1 3 4 1 4 2 2]
  [0 4 3 0 2 4 2 0 1 0 4 0 0 4 1 4 4 0 2 4 4 4 1 1 2 1 3 3 0 2 3 0 1 4 2
   0 3 4 4 4 3 4 2 1 3 2 1 0 4 4 0 4 1 1 3 1 4 1 2 3 2 1 2 0 4 4 4 0 4 1
   4 2 0 4 2 2 0 4 2 4 3 2 1 2 1 4 0 0 1 1 1 1 0 1 3 3 2 1 0 0 1 4 0 1 0
   0 3 3 3 3 0 3 1 2 1 0 2 0 4 4 3]
  [0 2 3 0 3 2 1 1 1 3 1 3 4 3 0 1 4 4 2 1 3 3 3 0 0 3 0 3 4 4 4 2 3 0 1
   1 0 0 4 2 2 3 2 4 4 3 4 0 3 2 3 1 4 4 0 1 1 3 3 3 4 0 4 0 2 4 1 3 1 0
   3 3 4 1 4 0 1 3 3 0 4 0 2 3 4 1 4 1 2 2 1 3 4 4 2 2 4 2 1 0 3 1 1 0 3
   3 4 3 4 3 2 1 3 2 4 1 3 1 2 0 1]
  [0 3 1 0 2 4 2 1 3 0 0 0 3 0 3 3 1 1 4 2 0 1 2 1 2 2 3 3 2 4 2 3 1 4 0
   0 4 2 0 4 3 1 1 0 0 2 0 4 3 4 3 4 0 2 2 2 2 0 2 2 1 2 1 0 0 4 4 4 3 4
   4 1 1 0 4 0 4 2 2 4 4 0 4 1 4 3 1 0 1 1 4 1 1 1 0 0 1 4 1 3 2 0 2 4 0
   0 3 3 0 4 4 3 0 1 2 4 0 1 2 2 3]
  [0 2 0 0 2 3 0 0 4 0 2 1 4 1 4 4 0 2 1 4 0 3 1 4 1 3 4 2 0 1 2 2 0 2 2
   2 3 4 1 4 0 4 3 4 1 2 1 4 0 3 1 0 2 0 0 0 1 4 4 4 1 0 0 1 0 4 1 4 2 2
   0 4 1 1 4 3 3 0 0 1 4 3 3 2 4 1 0 2 0 2 0 0 0 2 0 0 1 2 2 3 0 3 2 1 2
   0 3 1 4 1 3 2 0 0 1 3 4 1 2 4 3]
  [0 1 3 3 4 0 2 3 0 4 3 2 4 1 1 1 0 1 0 3 1 3 1 3 1 3 1 1 3 1 4 4 4 0 2
   2 2 3 3 3 2 3 3 1 4 2 0 3 1 3 4 1 2 0 0 4 3 0 2 1 4 1 2 2 4 0 1 0 2 1
   2 3 2 1 4 4 0 4 0 0 4 4 4 0 4 3 2 4 0 1 3 2 2 1 4 1 4 0 2 0 1 0 4 2 4
   4 0 2 4 0 0 4 1 4 0 1 0 4 1 3 2]
  [0 3 3 4 1 3 2 1 4 4 1 2 0 1 2 2 4 3 0 0 0 1 4 2 0 4 1 4 0 1 2 1 3 1 4
   4 1 4 3 3 0 4 4 1 2 4 0 2 1 0 2 1 1 1 0 0 1 3 3 2 1 3 4 3 1 2 4 2 1 1
   1 0 3 1 1 0 3 2 1 3 2 0 2 1 3 0 4 4 4 0 3 3 4 4 2 4 0 2 1 2 1 2 0 2 3
   3 4 0 4 3 4 0 2 1 0 2 3 1 2 3 2]
  [0 0 4 4 2 0 0 2 2 2 2 0 3 4 4 1 1 1 2 1 4 1 2 1 0 2 4 3 0 3 3 0 0 4 4
   3 0 0 2 1 1 2 1 3 1 2 1 4 0 1 3 1 2 4 1 3 2 0 2 2 0 1 0 3 4 0 2 0 2 4
   2 4 3 0 3 3 3 0 4 1 3 1 2 0 1 2 4 1 3 0 3 1 1 4 3 2 0 0 1 1 1 3 0 2 1
   3 2 4 0 0 3 2 4 0 2 1 1 1 4 3 2]
  [0 1 3 3 0 0 4 2 1 0 0 0 4 3 3 4 4 3 3 3 1 4 4 1 3 0 2 1 4 0 0 1 1 1 4
   4 3 0 2 2 3 4 1 1 4 3 0 3 3 0 4 1 4 2 0 2 2 0 2 3 3 1 0 0 1 3 1 0 0 4
   0 3 0 3 4 1 2 2 3 0 0 3 1 1 3 4 1 2 2 3 1 3 4 4 2 1 4 2 2 0 3 2 3 2 1
   4 4 3 4 0 4 2 1 4 0 0 1 4 4 2 1]
  [0 3 3 2 2 2 2 0 2 1 2 2 2 1 3 2 0 0 0 2 4 3 3 4 3 2 1 3 2 2 2 3 4 0 3
   4 3 4 2 4 4 0 0 3 0 3 0 3 1 2 1 0 2 2 0 4 1 0 3 1 1 3 2 1 3 4 4 0 3 0
   3 4 4 4 2 1 1 1 4 0 1 1 2 2 4 3 4 1 3 4 2 2 4 2 0 2 0 4 4 4 2 2 2 0 1
   0 4 4 1 1 0 4 1 1 0 3 3 0 4 3 3]
  [0 4 1 2 2 2 3 3 0 0 1 4 4 3 2 4 0 3 4 0 2 2 2 1 0 1 0 0 2 1 3 3 0 3 4
   0 0 3 2 3 2 0 3 3 1 0 3 3 1 0 3 3 4 3 3 3 2 2 0 1 2 3 0 2 4 0 3 2 4 0
   1 1 1 0 0 0 0 4 3 4 1 1 1 4 4 3 4 4 0 3 0 1 1 3 0 3 3 1 0 2 2 1 0 1 1
   3 2 1 2 2 3 0 4 2 0 4 2 2 3 1 3]
  [0 1 0 2 0 3 4 2 2 1 3 0 1 4 0 4 2 4 4 1 2 1 0 0 1 2 0 2 3 4 0 2 4 3 1
   0 0 4 4 0 0 3 1 4 1 2 4 3 1 4 0 0 4 4 1 3 0 0 0 2 2 2 3 2 4 1 2 2 0 3
   0 4 4 2 3 0 2 0 4 0 3 2 3 2 4 4 1 3 3 0 4 3 3 1 1 2 2 0 4 0 0 3 0 1 2
   1 3 1 3 1 1 3 0 2 4 1 2 2 3 0 1]
  [0 1 1 2 1 2 4 2 3 3 3 2 3 3 3 0 1 0 2 0 3 2 3 1 2 4 2 0 4 0 0 3 0 1 2
   3 0 3 1 3 4 2 4 2 4 0 1 4 2 0 1 0 3 4 1 3 4 3 3 2 4 2 4 1 3 4 3 4 1 0
   1 4 4 3 3 3 3 4 2 2 2 1 0 3 1 3 3 1 3 1 3 3 3 3 3 3 3 4 4 3 3 4 4 3 3
   2 2 2 4 2 2 0 4 0 3 2 1 1 1 3 2]
  [0 4 0 3 3 1 1 1 2 1 1 0 2 4 2 2 0 3 1 3 0 2 4 4 2 0 1 1 3 2 3 1 3 2 3
   3 1 0 4 0 3 0 0 4 4 4 2 1 0 3 2 3 4 1 0 0 4 1 2 0 1 4 1 4 3 1 0 0 2 4
   3 4 0 2 4 4 3 1 1 3 2 4 0 0 2 4 0 1 3 4 3 2 3 2 3 2 0 1 2 1 1 0 0 0 0
   4 2 0 1 0 0 3 1 3 0 3 2 3 4 0 0]
  [0 4 1 3 0 0 0 0 1 2 1 1 0 2 1 0 3 0 1 4 0 0 1 3 0 0 1 2 1 3 4 2 1 2 0
   3 3 4 3 3 3 2 0 0 0 3 4 2 0 1 3 1 1 1 3 0 0 1 2 4 1 0 3 3 4 4 2 0 4 2
   1 4 1 0 4 4 2 4 0 0 4 2 2 4 1 1 2 3 1 1 0 1 1 3 3 0 3 4 3 2 1 4 1 3 1
   0 4 2 2 0 2 2 2 2 2 0 3 1 3 0 3]
  [0 0 4 1 0 1 2 0 0 0 1 0 3 4 0 0 0 3 0 4 4 3 3 3 4 1 0 1 4 4 3 0 1 1 4
   2 2 0 3 4 3 2 0 2 3 2 1 4 1 3 0 0 4 3 1 4 0 4 4 2 2 3 3 1 1 2 3 0 0 3
   2 1 0 1 0 1 1 2 2 4 2 3 0 3 1 1 3 4 1 2 4 3 0 3 4 4 2 1 2 2 0 0 4 3 3
   2 2 0 1 2 1 0 1 2 4 0 0 4 1 1 1]
  [0 1 2 4 4 1 0 1 4 1 1 2 4 0 3 1 1 2 0 3 3 1 0 0 4 3 2 0 4 0 0 2 0 4 4
   3 0 1 0 4 1 0 3 3 1 3 0 3 2 2 0 3 1 3 1 2 0 0 0 4 0 1 2 2 1 3 1 3 1 1
   0 0 2 2 0 4 2 4 0 2 3 3 0 4 3 4 4 2 3 0 3 2 0 4 3 3 0 2 1 1 2 0 2 2 1
   1 4 1 0 0 3 2 3 3 0 1 0 0 4 4 3]
  [0 0 3 4 1 0 1 2 1 1 3 0 0 4 4 4 3 2 2 0 2 3 1 4 1 3 1 3 2 2 4 2 1 2 0
   0 4 2 4 4 2 1 3 0 4 0 3 4 0 2 2 4 1 1 0 1 2 3 4 4 3 3 3 0 4 1 2 3 4 2
   0 3 0 2 0 0 3 3 1 2 3 3 1 0 2 2 0 4 0 0 4 4 1 4 0 4 1 0 1 1 2 1 2 4 1
   0 0 2 0 3 3 4 1 2 4 2 0 1 0 3 3]
  [0 2 3 2 1 3 0 2 4 1 0 2 1 1 4 0 1 1 2 1 3 1 3 3 4 1 4 4 1 4 0 3 3 4 2
   1 1 3 1 0 1 2 3 4 4 3 2 4 0 0 2 1 1 1 1 0 1 1 2 4 3 4 3 3 2 2 1 3 1 4
   4 2 4 0 1 1 4 3 0 4 1 3 3 2 3 1 0 1 0 1 0 0 3 0 3 4 1 2 2 1 4 4 1 0 0
   1 1 4 2 4 4 1 4 4 2 2 3 2 3 0 4]
  [0 2 0 1 1 4 0 1 2 3 3 0 2 1 1 4 2 2 2 2 1 0 2 2 0 4 3 1 2 1 3 2 1 1 2
   0 3 2 1 4 0 0 1 3 3 4 3 1 4 0 0 3 0 0 1 0 0 3 0 4 4 4 0 1 3 1 4 2 1 0
   1 3 0 1 3 1 2 1 3 0 3 2 3 0 0 0 3 3 2 2 1 3 4 4 4 1 1 3 4 0 0 2 4 3 1
   2 2 1 1 2 0 1 1 4 4 1 1 0 4 2 0]]

 [[0 1 2 2 2 2 3 0 1 4 4 1 0 1 1 4 4 3 4 1 3 1 4 4 3 0 4 4 3 2 3 4 0 3 3
   1 1 1 1 0 3 1 3 4 3 3 2 1 1 2 4 0 0 0 4 0 3 0 0 1 0 0 3 2 4 0 1 2 3 3
   3 3 2 2 3 0 0 0 3 1 1 1 3 1 1 4 3 3 3 3 3 0 0 0 0 2 1 3 0 0 3 3 2 1 4
   0 0 4 3 3 3 2 0 2 4 2 0 0 2 4 0]
  [0 0 3 1 1 2 0 3 1 2 1 2 1 0 2 4 3 0 0 1 0 0 4 3 1 0 4 0 2 2 4 3 0 4 4
   4 4 0 0 2 4 3 4 0 4 3 3 2 4 1 2 3 1 4 2 1 2 1 4 4 3 3 3 1 2 1 4 2 3 0
   3 0 4 0 1 1 2 3 0 0 3 0 2 1 4 4 2 2 3 4 1 4 4 4 2 2 4 2 3 0 3 0 2 1 0
   4 0 0 1 3 3 4 2 0 1 2 2 3 1 4 0]
  [0 2 0 3 0 4 3 0 4 4 0 0 4 0 3 1 0 0 1 3 4 1 1 0 2 3 3 1 1 2 4 3 4 0 2
   4 4 3 2 0 4 4 3 3 4 4 1 2 2 2 2 3 4 0 4 2 4 3 3 1 1 4 3 0 3 3 4 2 4 0
   2 1 1 3 2 3 1 1 0 3 4 2 0 2 2 2 1 4 1 4 1 1 1 2 0 2 3 0 0 0 1 2 0 2 4
   4 3 0 0 1 0 1 2 4 1 4 3 3 0 3 3]
  [0 3 1 0 2 1 0 3 3 1 0 2 3 4 0 2 1 0 3 0 3 3 0 1 3 1 2 1 3 2 4 3 1 2 3
   1 2 2 0 0 1 1 1 4 1 2 1 0 0 1 2 1 1 4 1 2 3 0 0 0 4 0 1 1 0 1 2 1 3 0
   0 0 1 4 3 0 3 0 2 0 2 1 0 4 2 1 4 1 3 3 0 2 0 2 1 0 2 2 2 1 4 4 3 4 0
   2 0 3 2 1 4 2 2 2 2 0 0 0 3 1 1]
  [0 2 2 2 0 4 2 1 2 3 1 1 3 1 1 0 0 1 2 2 0 2 0 1 1 3 4 2 4 2 3 4 4 4 3
   3 1 4 3 0 2 2 2 1 3 1 2 3 1 1 3 4 2 4 0 0 0 2 0 0 3 3 1 3 0 1 4 2 0 2
   3 0 4 0 1 3 0 0 1 4 2 1 3 2 0 3 1 3 0 4 4 4 4 3 4 2 4 1 4 4 4 2 3 1 0
   4 0 4 0 3 3 1 1 2 2 0 4 1 3 2 2]
  [0 1 3 3 1 0 3 4 2 3 2 2 2 4 1 1 0 0 1 2 2 1 2 3 0 1 2 4 3 0 1 1 4 1 1
   4 2 1 0 3 0 0 4 1 0 2 3 2 0 1 0 0 1 3 1 4 1 0 3 1 0 2 2 0 4 2 0 1 4 2
   3 2 0 3 3 4 1 4 0 3 2 2 3 4 2 2 0 0 2 3 0 3 2 0 4 3 2 0 2 3 0 0 0 2 3
   4 3 0 4 1 1 2 4 0 1 3 0 0 3 2 2]
  [0 0 2 2 1 0 0 3 0 1 3 4 1 1 4 2 1 0 0 4 1 0 1 2 1 3 0 2 1 2 3 3 4 0 4
   3 3 4 1 4 2 4 3 2 1 0 4 3 4 0 4 4 2 3 0 2 3 1 1 2 2 4 1 2 4 0 3 0 1 1
   2 3 1 1 4 3 1 3 4 1 1 4 3 1 3 3 2 1 0 4 0 4 3 4 1 1 0 1 2 4 1 4 1 4 3
   3 0 4 4 2 1 4 1 1 0 0 3 0 2 1 2]
  [0 2 3 1 0 0 4 0 3 3 2 3 0 2 1 0 2 3 0 4 4 0 2 3 0 4 1 3 3 3 1 1 3 0 4
   2 1 4 0 4 1 3 3 4 0 4 0 1 1 2 3 2 4 1 0 2 1 2 2 4 1 2 3 1 2 1 0 2 3 3
   2 0 2 3 2 4 3 4 4 0 3 3 1 1 1 2 1 4 1 0 2 0 3 3 1 3 1 1 4 4 3 1 3 1 3
   4 2 3 0 4 2 1 2 4 4 1 3 4 3 0 2]
  [0 2 0 4 4 4 4 4 0 4 1 2 4 3 2 2 4 0 3 1 1 3 3 4 2 1 0 1 4 0 2 4 1 3 2
   1 1 4 2 4 3 4 1 2 0 3 4 0 4 1 0 2 0 0 0 4 1 2 0 3 0 0 0 3 1 1 4 1 2 4
   0 3 1 3 4 1 1 3 3 4 3 2 4 4 0 2 0 2 2 0 2 0 3 2 2 1 3 2 2 1 4 0 1 3 0
   2 4 2 3 2 3 4 1 0 3 3 3 0 3 0 2]
  [0 4 2 4 0 1 4 3 2 0 2 3 1 3 1 4 0 0 3 2 3 1 0 3 3 0 2 3 0 2 1 4 4 4 1
   4 4 3 1 1 1 0 3 1 2 4 4 2 0 1 2 4 1 3 0 3 3 4 1 3 3 4 3 2 1 0 3 3 2 0
   2 0 1 4 1 1 0 2 1 1 4 1 1 3 1 4 4 1 0 4 3 1 2 0 3 3 2 1 0 0 3 0 2 4 0
   4 4 1 2 1 0 4 4 4 2 3 0 1 3 4 3]
  [0 1 1 3 4 2 4 1 0 3 0 4 1 0 0 3 2 1 3 1 1 1 4 1 1 1 4 4 0 4 0 2 4 3 3
   1 3 1 3 1 2 3 4 2 0 2 4 4 3 1 2 3 3 0 2 1 3 3 0 3 2 2 0 1 1 2 0 4 0 1
   3 0 0 4 2 4 1 2 2 4 2 1 0 3 0 4 4 1 2 1 4 3 3 1 3 0 0 2 4 3 2 0 1 3 4
   0 4 3 2 4 3 1 3 4 1 3 3 4 3 4 4]
  [0 3 1 2 1 3 2 1 4 2 3 0 4 2 1 0 4 1 3 4 4 1 0 4 0 0 4 1 0 4 2 2 1 0 4
   3 0 4 2 1 3 0 0 0 3 1 2 2 1 3 4 3 3 1 2 2 4 4 4 0 1 2 4 3 2 1 3 0 1 0
   3 2 1 3 3 3 3 2 0 2 4 3 1 1 2 0 3 4 4 0 3 0 0 4 2 2 1 1 4 2 3 3 3 3 1
   3 0 1 3 2 1 0 3 0 1 4 4 4 2 2 0]
  [0 4 3 1 2 3 1 0 4 4 3 2 0 1 1 4 1 1 1 4 1 2 4 3 0 4 4 1 3 1 0 4 4 1 3
   1 3 0 1 0 4 4 3 1 1 2 1 3 3 1 3 2 4 4 1 1 2 2 1 3 2 3 3 4 3 3 2 1 1 1
   4 1 1 1 0 2 0 3 3 1 0 4 4 4 0 4 0 4 2 0 3 1 4 1 4 1 0 1 2 3 0 4 0 0 3
   2 0 2 4 3 2 1 1 3 1 1 2 1 0 2 1]
  [0 2 0 2 4 0 1 0 2 2 4 2 0 0 1 4 4 3 2 0 4 0 2 1 1 2 0 4 0 4 2 1 4 4 3
   1 0 0 1 3 1 1 0 3 1 4 0 2 2 4 0 2 1 4 0 3 2 1 4 0 2 4 3 4 1 0 4 3 4 2
   1 2 2 1 4 1 2 4 3 2 3 2 2 0 3 1 4 0 3 1 4 4 4 1 4 0 4 3 4 2 4 4 1 2 0
   2 3 4 1 2 4 4 0 2 4 1 4 4 0 2 0]
  [0 0 3 0 1 4 4 2 4 1 0 0 2 0 0 4 3 3 1 2 1 2 4 4 0 3 1 3 1 0 2 0 2 1 0
   0 2 1 4 0 0 1 2 4 0 2 0 1 0 2 1 1 4 4 1 3 0 1 2 1 2 1 3 4 0 0 0 0 1 0
   1 4 4 4 3 2 0 2 2 0 4 2 4 1 3 4 3 4 3 2 1 1 2 4 4 3 3 3 3 1 1 3 2 4 4
   2 4 4 4 3 1 4 2 2 3 1 0 3 0 1 4]
  [0 1 2 1 0 3 3 0 1 2 3 4 0 0 3 0 1 2 4 1 1 3 1 0 3 0 4 3 1 2 0 2 0 2 3
   3 0 3 3 1 4 2 1 0 4 1 0 1 2 0 2 1 0 2 4 0 1 0 0 0 0 1 2 1 3 1 1 3 0 4
   1 2 2 2 2 4 2 0 1 0 0 3 0 4 1 3 2 2 1 3 4 2 3 0 3 0 4 2 2 1 4 1 4 4 0
   2 2 4 2 2 2 4 4 4 4 0 3 1 4 1 4]
  [0 1 1 2 1 4 2 4 0 0 3 2 2 4 0 0 0 2 1 3 1 2 1 3 1 4 0 3 4 3 1 1 3 0 1
   4 4 2 0 0 3 1 2 1 0 0 1 1 0 1 3 4 4 3 0 1 4 2 3 4 1 3 4 0 0 1 1 3 2 1
   3 2 2 2 0 2 3 4 2 3 1 0 2 4 3 2 1 1 4 1 1 4 1 2 0 4 2 0 0 1 4 4 4 0 3
   2 3 2 1 4 2 4 2 4 0 0 3 0 3 3 2]
  [0 4 2 3 1 2 3 1 1 1 0 0 4 0 1 0 2 0 3 3 3 0 3 3 4 0 2 1 1 4 3 4 4 4 1
   4 4 1 3 3 4 1 1 3 4 1 3 3 0 3 4 2 0 3 1 4 2 3 2 4 2 2 4 3 3 3 0 0 3 2
   4 3 3 0 0 4 2 2 2 3 2 4 2 3 1 1 0 1 4 2 1 1 1 0 1 4 4 2 3 2 2 0 2 4 4
   1 0 1 2 4 0 3 2 0 3 1 0 4 4 1 1]
  [0 4 0 1 4 0 1 2 1 2 0 3 4 1 3 2 3 0 0 2 4 3 4 4 1 3 4 3 2 3 2 4 1 1 0
   1 0 2 2 1 4 4 2 1 4 1 3 4 4 2 0 4 3 1 1 4 1 2 0 4 3 2 0 4 3 4 4 2 4 2
   3 3 4 0 3 2 2 2 0 2 3 2 4 4 3 0 1 0 2 2 2 4 4 0 0 4 1 4 3 3 4 0 4 0 4
   4 2 2 1 3 2 1 2 1 1 0 3 3 4 4 1]
  [0 1 0 4 0 2 2 3 0 3 0 4 3 4 4 1 0 3 2 0 4 0 0 3 3 4 4 2 0 3 0 3 0 0 0
   3 1 2 0 0 1 0 1 3 0 0 4 3 0 3 1 3 4 2 2 0 1 0 3 4 1 0 0 4 2 3 3 3 3 2
   0 3 2 4 2 1 3 3 0 2 3 3 4 1 4 4 2 0 0 3 2 4 0 4 4 4 4 0 2 0 2 0 4 1 4
   2 3 0 2 1 3 4 3 1 0 1 1 3 0 2 4]
  [0 2 3 1 1 0 4 3 2 1 2 2 3 0 2 4 4 2 4 4 0 0 1 0 2 1 4 0 2 2 0 0 1 0 3
   4 2 4 4 4 3 2 3 1 2 1 2 1 2 1 0 4 3 1 2 0 4 2 0 0 1 1 3 4 4 3 3 0 3 4
   4 4 4 4 0 4 2 1 0 4 2 2 0 4 1 0 3 1 4 2 3 3 2 0 4 0 3 1 3 2 1 2 1 3 1
   3 1 2 2 4 0 1 4 0 3 3 4 1 2 1 0]
  [0 4 1 3 0 4 2 4 2 0 4 0 1 1 3 1 2 4 0 3 3 0 1 2 3 4 2 2 4 0 0 2 3 2 2
   1 2 1 3 4 3 2 1 1 4 4 1 4 2 4 0 2 4 3 3 4 3 1 2 3 3 1 0 2 3 0 2 1 2 3
   0 0 2 0 2 3 4 4 3 0 2 4 4 2 4 1 1 0 2 1 4 1 2 1 0 1 2 2 2 2 2 3 3 4 2
   1 3 0 0 1 2 3 4 4 3 1 4 1 3 4 4]
  [0 2 1 4 2 2 0 1 0 3 2 4 1 3 1 0 4 0 2 0 1 4 0 1 4 0 4 3 2 0 4 1 3 3 2
   2 3 4 1 3 3 4 3 1 3 2 0 1 2 0 1 2 3 3 3 1 3 1 4 0 3 2 0 3 2 4 3 4 2 0
   4 0 4 3 4 0 4 4 3 4 2 3 2 0 0 4 4 4 4 3 1 3 3 0 0 2 1 4 0 3 3 3 0 0 4
   4 4 0 4 4 0 3 4 0 0 2 3 3 3 3 2]
  [0 1 1 4 1 1 4 4 1 3 4 0 0 0 4 2 1 0 3 3 3 3 4 0 1 3 0 4 0 3 4 4 2 1 0
   3 2 2 2 0 4 0 1 4 2 0 3 1 1 3 2 0 0 4 3 3 1 4 0 4 1 3 1 2 1 3 2 3 2 2
   4 2 1 3 3 2 1 0 3 3 2 0 4 1 3 4 2 4 0 2 4 3 2 0 3 2 1 3 3 2 4 3 0 3 1
   0 4 2 4 1 3 4 2 0 4 3 1 2 2 2 3]
  [0 0 1 4 1 2 1 4 0 3 2 0 3 3 4 0 2 4 4 2 2 3 2 1 0 4 1 3 2 0 2 2 4 3 3
   1 2 2 2 2 2 2 1 0 3 1 3 1 0 3 1 1 1 4 3 0 4 1 2 3 4 1 4 2 4 3 2 3 1 2
   2 2 3 1 2 1 1 4 3 1 4 1 3 2 0 1 2 2 0 0 4 2 1 0 3 4 1 4 2 0 3 3 0 2 3
   3 3 0 3 1 2 0 4 2 3 3 3 4 0 3 2]
  [0 1 4 0 1 0 2 3 1 4 2 0 3 2 4 1 4 2 0 3 3 4 1 0 4 0 3 1 3 0 3 1 3 1 2
   1 1 2 3 1 1 2 4 4 3 2 4 2 0 0 2 3 2 1 4 1 4 2 3 4 0 3 3 4 0 4 0 3 1 2
   0 1 0 4 1 0 4 3 4 1 1 1 1 4 2 3 3 0 2 4 3 3 3 4 4 3 4 4 2 2 1 4 0 1 3
   1 3 1 3 3 1 3 3 0 4 3 2 0 3 2 0]
  [0 3 4 0 4 2 2 4 3 2 3 3 3 2 0 1 4 1 0 0 4 4 1 1 0 4 0 0 2 1 0 2 2 1 0
   0 1 0 3 2 1 2 4 0 4 0 1 4 1 3 4 4 4 3 4 2 1 2 3 1 0 3 4 3 1 1 0 1 4 2
   0 4 3 3 0 3 3 1 4 2 4 2 2 0 0 3 0 2 3 1 1 1 4 3 0 3 3 0 1 3 0 2 2 4 4
   4 2 1 3 2 4 2 0 2 2 0 4 4 1 0 1]
  [0 0 4 0 2 1 3 3 2 0 3 4 3 0 3 1 2 3 0 2 0 0 3 2 3 0 0 0 4 4 3 0 1 3 1
   1 4 0 4 0 1 3 2 4 2 0 3 1 2 4 0 1 2 4 0 2 1 1 1 4 0 2 3 0 2 1 2 1 4 3
   4 2 1 0 2 4 3 0 1 0 1 1 1 3 3 0 0 0 2 4 0 3 1 3 4 3 1 4 1 3 3 2 2 4 2
   4 1 1 4 1 4 0 3 0 3 4 3 3 3 0 4]
  [0 3 0 4 1 2 3 3 0 1 3 1 1 2 1 3 2 3 2 4 0 0 2 0 0 2 3 0 0 3 0 3 1 0 3
   2 1 4 4 4 0 4 4 1 2 4 3 0 0 3 0 1 2 4 4 1 0 4 2 2 2 1 0 2 3 0 4 3 3 1
   2 2 3 4 1 1 1 3 3 4 1 2 1 0 4 1 0 2 0 3 4 2 0 1 4 0 1 1 2 4 3 1 4 2 3
   3 4 3 0 2 3 3 1 1 3 3 0 1 4 0 0]
  [0 4 4 4 2 0 1 2 3 2 1 3 3 2 3 2 1 1 2 1 4 2 2 1 1 0 2 1 3 0 0 3 3 4 0
   3 2 4 3 0 3 4 1 0 2 3 1 3 3 2 1 4 2 3 4 4 0 1 0 2 1 1 1 3 3 3 1 2 2 3
   0 4 4 0 0 1 2 1 3 3 4 0 1 0 2 2 1 1 0 3 0 0 0 3 3 3 4 4 0 0 2 3 3 1 2
   0 2 2 0 4 0 2 1 2 1 0 2 3 3 3 3]
  [0 3 2 0 3 1 4 0 0 1 1 1 4 3 2 0 0 0 0 2 3 0 4 4 1 1 4 3 2 0 0 4 1 2 2
   2 3 1 1 4 1 1 0 0 2 0 3 0 3 0 2 0 1 1 2 2 2 1 1 2 4 2 3 3 2 2 2 2 4 2
   2 2 0 4 0 0 4 2 1 1 1 3 1 1 1 0 2 3 1 0 0 3 0 2 0 1 3 1 3 2 2 3 0 3 0
   4 2 3 4 2 3 4 1 1 1 1 3 1 4 4 1]
  [0 4 3 3 4 2 0 3 0 4 1 3 3 4 4 0 2 0 2 3 2 2 2 3 4 0 1 3 1 3 3 0 0 1 3
   1 2 0 0 3 2 2 2 1 2 0 4 0 3 0 1 2 1 2 3 3 3 3 1 0 0 0 0 1 2 1 3 3 2 0
   3 4 1 3 3 1 2 4 4 1 4 2 3 1 3 0 0 2 2 3 0 2 3 4 4 3 1 2 1 2 4 4 0 1 2
   1 1 4 1 2 4 3 4 3 1 0 4 2 4 3 3]
  [0 2 0 2 1 1 1 1 2 3 0 1 1 2 4 2 1 1 0 2 1 2 1 0 1 4 1 0 1 3 1 0 0 0 0
   2 3 3 2 4 4 3 3 1 4 3 3 0 0 0 3 1 4 0 2 2 2 4 0 0 1 4 2 2 3 4 1 3 2 1
   2 3 2 2 4 4 0 3 2 0 1 1 4 4 3 3 3 3 0 1 4 4 2 4 2 2 3 0 3 1 4 2 0 1 2
   2 4 0 3 4 0 0 3 3 3 3 2 4 3 3 2]
  [0 4 3 1 3 2 3 3 1 0 1 2 1 0 4 2 1 4 1 1 0 4 2 4 4 3 4 3 3 2 2 0 1 0 1
   2 2 4 0 1 4 3 2 2 0 2 2 1 2 0 4 0 4 4 2 3 0 1 0 4 2 3 2 2 2 4 0 2 3 1
   0 3 0 2 2 2 4 3 0 0 1 1 0 0 1 1 0 2 4 1 2 4 2 0 1 4 4 0 0 1 0 0 2 0 1
   1 4 0 3 0 4 3 2 4 1 0 3 4 3 3 1]
  [0 2 1 0 1 3 0 0 4 3 4 3 3 2 3 3 0 3 2 2 3 2 4 4 2 2 1 4 2 2 1 1 4 3 0
   4 4 4 1 3 0 4 1 0 1 3 1 0 1 2 0 0 0 2 1 0 4 0 0 0 4 4 4 3 1 1 4 3 2 4
   4 3 0 2 3 1 3 4 4 2 2 3 2 1 2 1 1 3 1 3 3 0 3 3 2 0 0 2 4 4 0 1 4 2 4
   3 4 0 4 3 0 4 3 4 0 3 4 2 0 4 4]
  [0 3 4 2 0 2 4 1 1 1 4 1 0 1 2 3 1 1 0 1 1 1 0 1 4 0 0 1 0 2 0 4 3 0 0
   0 0 0 0 4 4 1 0 2 0 4 0 1 0 0 4 2 4 2 3 3 2 0 0 3 2 0 2 2 0 2 4 1 3 0
   3 1 4 3 4 1 4 2 3 0 2 3 0 4 3 4 1 4 2 1 2 3 4 4 2 1 0 0 1 0 3 3 4 1 2
   0 0 1 4 1 3 4 1 4 4 0 0 0 4 2 0]
  [0 4 3 4 4 0 2 3 4 1 1 1 0 4 1 0 4 2 1 0 4 4 4 2 4 3 4 0 3 0 4 1 2 1 1
   0 0 0 3 1 3 0 3 3 2 3 3 1 2 4 1 0 2 3 2 1 4 3 4 3 1 0 0 4 4 4 1 2 4 1
   1 1 4 3 3 3 4 0 2 1 2 1 3 1 0 0 2 2 2 0 4 3 4 4 3 4 2 0 4 2 4 0 2 1 0
   1 4 0 0 2 4 4 1 3 4 4 2 3 1 4 2]
  [0 4 2 3 3 3 3 3 4 4 0 4 0 0 1 3 4 3 0 2 0 3 4 2 4 4 1 3 3 2 0 2 3 2 4
   2 2 0 3 1 3 2 3 1 1 3 0 0 3 2 1 2 0 2 2 1 0 4 1 4 3 1 3 1 0 1 2 1 4 4
   2 4 2 1 1 2 3 3 2 4 4 0 2 1 2 2 1 1 2 1 0 2 2 1 3 2 2 3 3 4 2 0 3 2 3
   3 2 1 4 2 4 4 2 4 3 3 2 4 4 0 1]
  [0 4 4 0 1 1 3 1 2 2 3 1 1 0 4 0 1 2 3 2 4 1 2 2 2 2 3 4 3 3 2 0 1 2 0
   0 4 2 0 2 2 0 2 0 2 4 1 4 1 0 1 2 2 3 0 3 3 3 1 4 1 4 0 1 2 0 0 1 1 3
   4 0 3 0 0 3 2 2 3 3 2 0 1 0 1 1 1 3 3 2 4 0 3 1 1 1 4 1 1 2 2 2 4 3 2
   3 2 1 4 2 2 2 1 3 1 4 2 1 3 2 1]
  [0 1 1 2 3 1 3 2 2 1 2 0 0 3 1 3 4 2 4 4 0 0 0 4 0 1 2 3 0 1 1 4 0 4 4
   2 1 0 3 0 4 4 0 3 3 2 0 3 3 2 3 1 3 3 0 1 2 4 3 3 4 2 4 1 1 2 4 1 3 4
   0 0 2 1 1 1 4 4 0 3 1 2 0 1 2 1 0 4 3 0 0 4 3 0 0 0 3 2 1 2 2 1 1 3 0
   3 3 2 0 4 4 3 2 3 1 3 0 4 2 4 1]
  [0 0 3 4 2 4 1 0 4 2 4 0 4 0 4 0 1 1 2 3 4 0 0 4 2 0 3 4 3 4 0 4 1 0 2
   0 1 4 0 2 0 2 1 0 3 3 4 1 1 4 2 1 3 2 1 3 3 4 1 4 3 4 4 2 1 3 3 2 4 4
   1 1 3 1 0 2 2 2 0 2 2 2 1 1 1 2 1 3 4 2 0 4 3 1 4 2 0 2 2 2 3 0 0 3 0
   3 1 2 0 1 4 1 0 0 3 3 0 0 1 3 2]
  [0 1 1 3 3 0 4 2 0 0 2 4 0 3 4 0 4 4 0 4 1 4 0 0 0 4 2 3 2 4 2 3 1 4 2
   0 0 4 3 3 4 0 1 3 1 4 0 3 2 1 0 2 0 1 1 4 0 3 2 2 2 4 0 4 0 4 0 2 1 0
   0 3 4 4 0 0 3 3 2 4 3 0 4 2 3 4 3 3 2 4 3 4 3 0 4 2 3 3 0 0 4 3 4 2 3
   2 3 2 2 1 3 0 1 4 1 3 0 3 1 1 3]
  [0 3 0 4 1 2 3 4 1 2 1 3 2 3 3 2 3 3 3 1 4 0 2 4 1 2 0 4 3 2 4 3 2 1 2
   1 1 3 0 1 3 4 0 2 4 4 4 0 0 2 1 2 1 2 1 0 4 0 2 2 0 1 3 1 0 4 2 1 2 0
   2 4 1 2 0 0 2 2 1 0 2 2 1 3 0 0 3 1 4 2 0 2 1 1 4 0 4 1 3 2 1 1 4 4 1
   1 2 2 0 4 1 3 1 0 1 3 3 2 3 2 1]
  [0 4 1 3 4 0 4 0 2 1 2 1 3 2 4 0 2 0 0 4 2 4 2 4 4 3 3 2 2 4 3 0 2 0 4
   1 4 3 2 3 0 4 1 0 4 1 0 1 1 0 1 2 1 1 3 1 1 3 2 4 4 3 4 4 1 0 1 0 1 2
   2 4 1 4 0 1 1 3 1 1 3 0 2 1 4 4 4 0 1 4 1 1 3 4 2 0 3 0 4 1 4 0 0 3 3
   4 3 2 0 2 3 2 4 1 4 1 2 3 2 1 1]
  [0 3 1 2 1 1 4 1 4 2 0 4 1 4 1 4 3 0 4 4 0 1 1 0 2 3 4 0 2 2 0 2 4 4 0
   3 3 4 1 0 0 1 2 2 0 2 0 1 1 1 2 2 4 2 1 0 1 4 4 1 3 1 0 3 0 3 3 4 1 3
   2 3 1 4 0 1 4 1 4 1 0 3 1 0 3 3 2 0 0 4 1 3 4 3 4 1 2 2 1 1 1 3 2 0 4
   1 3 2 2 1 3 2 4 2 1 0 2 1 4 4 3]
  [0 3 4 1 1 1 3 0 2 2 0 1 4 4 2 2 0 2 1 1 1 1 1 4 2 1 4 2 0 4 4 3 4 1 2
   3 4 1 2 0 0 1 4 2 4 0 1 1 4 3 1 2 3 2 0 2 2 1 3 3 4 0 4 0 4 4 0 4 4 2
   1 1 2 3 4 0 1 2 1 4 0 2 4 4 0 4 1 2 2 3 0 1 0 0 4 4 1 3 2 1 0 4 2 1 0
   3 1 2 0 1 3 3 4 4 2 4 4 3 4 1 4]
  [0 1 0 4 4 4 1 4 1 2 0 0 1 3 1 4 4 3 1 1 2 0 1 4 0 0 1 1 0 1 1 0 3 4 0
   3 0 1 3 1 3 3 3 3 4 1 0 2 4 3 0 2 0 0 4 3 1 2 3 3 4 1 3 0 2 4 1 1 1 0
   2 3 3 4 0 0 4 0 2 4 0 4 3 0 0 1 3 1 3 3 0 4 0 4 0 0 2 1 3 2 0 1 0 3 0
   3 4 4 1 1 1 1 0 0 1 1 4 3 2 0 0]
  [0 4 0 2 4 0 1 3 1 2 3 2 3 3 0 3 4 0 4 2 3 0 4 0 2 4 1 2 0 3 3 1 0 3 3
   4 2 0 0 1 4 3 4 2 3 4 4 0 2 3 4 4 4 1 3 4 3 1 2 2 0 2 3 2 3 3 3 4 1 4
   1 3 2 3 1 3 2 4 0 1 4 1 4 0 3 4 1 4 3 0 1 3 2 4 1 1 2 3 3 3 1 4 3 4 0
   4 1 2 4 1 1 2 1 0 1 3 2 1 0 3 0]
  [0 1 1 2 4 4 1 4 2 1 2 2 2 2 2 0 1 1 4 3 4 4 3 2 3 0 4 2 4 3 4 0 0 2 0
   3 3 0 4 3 0 2 2 1 2 3 3 3 0 0 3 1 1 2 4 4 1 3 4 3 0 3 4 2 2 0 1 3 0 2
   4 0 3 2 1 0 3 2 4 2 3 0 2 4 1 0 1 3 1 2 1 3 0 4 3 4 1 3 2 3 1 1 4 1 3
   2 2 1 0 2 2 1 3 0 2 3 4 0 1 3 0]
  [0 1 4 0 0 3 3 1 0 1 1 2 0 4 0 3 2 4 0 4 0 0 1 2 2 3 4 3 1 0 1 1 2 1 0
   2 0 2 1 0 3 1 3 3 3 4 2 3 3 0 3 0 4 3 0 3 3 0 4 2 1 1 2 1 2 3 1 2 2 3
   3 0 3 4 4 3 2 0 0 2 2 4 2 3 0 2 3 4 1 3 3 4 3 4 2 1 0 2 4 0 3 1 2 2 3
   3 0 0 0 0 0 3 4 2 4 4 0 3 0 2 3]
  [0 3 4 4 3 1 0 3 0 3 0 4 2 4 0 3 2 1 4 4 1 0 1 0 3 0 2 4 4 2 4 4 1 1 2
   0 2 4 0 3 3 3 3 1 1 2 1 0 0 4 0 1 0 3 1 2 3 0 4 1 3 3 0 2 3 3 4 4 0 3
   0 3 0 3 0 4 0 3 1 2 1 0 4 2 1 2 0 2 2 3 2 1 3 2 3 1 4 0 1 4 3 0 1 0 1
   4 1 3 2 2 3 2 4 4 0 0 4 1 2 0 3]
  [0 0 2 3 2 3 1 4 3 0 3 4 4 1 0 4 3 2 4 1 2 4 3 3 0 3 0 0 3 0 1 1 2 4 0
   3 4 4 0 1 1 2 0 2 4 2 0 0 2 0 1 0 3 4 2 0 4 1 4 1 1 4 0 0 2 0 3 0 2 4
   4 2 0 1 4 2 1 2 1 1 3 2 2 2 2 2 2 4 2 1 1 4 4 4 1 0 2 1 1 4 1 2 2 1 3
   0 4 4 1 1 0 2 0 0 0 2 3 1 3 4 1]
  [0 3 4 4 2 2 4 4 1 3 4 2 0 1 1 4 1 3 0 1 3 2 4 0 3 4 4 3 0 1 4 3 4 4 0
   4 4 1 3 1 2 3 2 3 0 1 0 0 4 3 3 1 0 3 3 4 2 1 4 0 0 2 3 3 0 0 2 3 4 2
   2 1 4 2 1 3 0 0 3 2 2 4 1 2 0 0 2 0 1 3 0 1 2 4 0 1 1 0 3 0 0 3 3 0 3
   1 0 4 1 3 3 4 1 0 4 2 1 4 2 0 3]
  [0 1 4 0 2 1 4 2 3 1 3 1 3 2 2 1 0 2 4 0 3 4 3 4 2 4 0 3 4 4 0 3 4 3 3
   4 0 0 4 1 1 1 1 2 2 0 3 0 3 2 0 3 0 0 4 2 4 1 0 0 2 3 2 2 4 4 2 1 1 1
   1 3 4 3 0 0 0 3 2 0 1 2 3 1 2 3 3 3 1 0 3 2 0 4 0 0 1 3 1 3 2 3 3 0 1
   4 0 3 4 3 3 0 0 3 0 2 2 2 3 3 3]
  [0 3 4 2 2 1 3 3 2 4 3 0 4 4 1 0 3 0 3 1 3 4 4 4 1 1 1 1 0 4 3 2 2 4 2
   3 4 3 2 1 1 4 3 0 2 3 1 1 1 0 3 0 1 1 0 0 1 1 1 4 3 0 4 3 1 4 2 1 1 0
   1 1 3 1 2 1 4 4 3 0 0 1 4 3 0 0 0 1 3 1 2 3 0 2 3 2 3 3 3 1 4 1 4 4 1
   4 4 3 3 1 2 2 0 2 1 4 1 1 2 0 4]
  [0 2 4 4 0 0 4 3 2 4 1 4 1 4 2 2 4 1 2 2 1 3 1 4 3 0 2 4 3 3 4 3 0 1 4
   3 0 0 3 3 4 1 1 0 2 3 3 3 4 4 4 2 2 0 1 0 3 2 2 3 3 1 0 4 3 2 0 0 4 3
   3 0 0 0 3 3 1 3 2 1 2 4 2 4 3 3 3 1 3 3 1 0 1 3 4 0 2 4 2 3 4 2 2 0 1
   2 1 1 4 0 4 3 3 1 2 4 0 2 2 3 0]
  [0 1 3 3 4 0 4 2 4 3 0 1 0 3 4 2 0 0 0 0 2 1 0 0 3 4 2 4 3 3 0 4 0 2 2
   3 0 1 3 0 4 3 3 1 0 1 3 1 4 3 3 4 2 1 2 2 0 0 1 3 1 2 2 1 3 3 2 1 2 0
   0 0 2 1 2 0 1 0 1 1 2 1 4 2 1 4 1 1 1 0 0 3 2 2 3 3 3 1 3 4 0 3 2 0 2
   1 4 3 4 4 1 1 3 3 2 4 2 2 1 3 2]
  [0 4 2 0 0 4 3 0 0 3 2 0 1 1 0 1 4 3 0 3 4 2 4 1 3 3 3 0 4 2 2 4 4 0 3
   1 3 2 0 2 2 3 4 1 0 3 2 4 2 0 1 2 2 1 3 0 4 0 4 0 2 3 4 1 3 4 3 1 2 4
   1 2 0 0 0 2 0 4 3 1 2 1 1 2 3 1 1 3 0 4 0 0 1 3 3 2 0 1 0 0 1 3 2 1 2
   0 1 1 2 2 0 2 3 3 1 2 3 1 0 1 1]
  [0 1 0 3 1 3 2 2 1 4 4 1 3 1 3 4 0 3 2 2 3 4 4 1 3 4 0 1 4 2 1 3 0 1 1
   4 3 4 3 2 1 0 3 0 0 2 3 1 4 4 3 0 3 3 0 0 2 2 0 0 0 4 2 4 4 3 1 2 1 2
   1 2 3 3 2 0 1 0 4 0 3 2 3 4 1 1 0 4 1 2 1 2 0 3 1 1 3 2 4 1 0 1 2 1 4
   1 0 4 3 4 4 3 0 3 0 1 4 1 1 1 2]
  [0 1 1 3 3 4 0 1 3 1 3 1 2 2 0 2 0 3 0 3 3 1 4 0 2 0 3 4 0 4 4 3 3 0 2
   4 2 3 4 2 0 2 4 2 1 4 3 3 2 3 0 3 1 3 2 0 2 1 2 0 2 0 1 4 1 4 2 4 0 0
   4 0 4 0 3 0 2 2 4 1 1 4 2 3 4 1 4 3 2 0 4 0 2 3 1 2 2 1 2 4 0 2 2 2 3
   4 3 4 2 2 3 4 2 0 3 2 1 3 0 1 2]
  [0 4 4 1 0 2 4 3 4 2 0 0 2 1 3 1 3 0 0 3 1 4 4 2 1 4 1 1 0 1 3 0 0 3 2
   2 2 3 3 0 1 2 0 0 3 3 1 0 2 2 4 2 1 1 1 1 3 2 3 0 0 1 2 0 1 3 2 4 3 4
   0 1 3 3 0 3 2 0 3 1 4 2 1 2 1 2 4 0 0 3 4 1 4 3 2 0 0 3 2 4 1 3 1 4 2
   4 2 1 3 0 1 1 0 4 0 2 1 2 3 0 2]
  [0 2 1 1 0 0 0 3 2 3 0 0 3 4 3 4 2 2 4 0 3 0 4 4 1 3 0 1 1 3 1 2 1 1 4
   4 1 0 0 4 1 0 3 2 3 3 1 3 4 4 4 2 2 4 4 1 0 0 3 1 1 0 3 0 3 4 2 3 2 1
   0 0 3 0 2 2 1 1 4 4 2 2 0 0 2 4 2 2 0 2 4 0 2 1 3 3 4 0 0 4 3 3 4 4 2
   1 4 4 2 0 3 2 4 0 1 4 3 1 4 0 4]
  [0 2 1 1 1 4 2 0 1 2 1 1 1 3 1 4 1 3 3 1 4 0 4 4 4 3 1 3 2 2 0 2 4 3 2
   4 0 2 2 0 1 3 1 3 3 2 1 1 4 4 1 0 3 4 0 3 4 4 2 3 0 3 0 4 0 0 4 2 0 2
   0 0 4 3 2 0 4 4 0 0 0 4 0 3 2 2 4 2 0 2 3 0 4 0 0 2 2 0 1 4 0 4 0 4 1
   3 3 1 0 1 2 4 4 3 2 3 3 4 0 1 3]
  [0 0 1 0 2 0 4 0 1 1 2 4 4 1 0 0 1 4 0 2 2 3 4 3 0 3 0 1 4 4 3 4 4 2 3
   2 1 2 0 2 0 3 3 0 2 2 4 1 2 4 1 2 2 0 0 1 0 1 3 0 4 4 3 0 3 0 2 2 4 1
   3 3 0 0 1 1 4 4 2 3 1 0 2 3 3 4 2 4 2 0 0 2 3 1 3 3 1 3 3 1 4 2 1 3 2
   3 2 4 1 1 1 4 0 2 2 3 0 0 1 3 3]
  [0 2 1 3 3 1 2 3 4 2 2 0 1 2 2 2 4 1 3 1 4 1 2 3 4 4 1 3 3 1 0 2 0 2 2
   1 1 0 3 2 2 4 0 0 4 1 4 3 0 4 0 1 4 1 4 1 4 0 2 3 3 2 4 0 0 1 3 2 1 4
   0 2 0 4 4 1 2 4 0 4 4 3 4 2 4 4 1 4 4 0 4 4 2 2 3 4 3 4 1 2 0 1 0 3 3
   3 1 0 1 3 1 3 3 3 4 3 4 4 2 4 2]
  [0 2 3 0 4 0 1 1 0 3 4 4 1 1 4 0 1 0 1 1 3 1 0 4 0 1 2 1 3 0 1 1 3 3 4
   2 3 1 3 0 0 2 2 0 0 4 4 3 2 0 1 3 4 2 0 2 4 1 1 3 0 2 0 3 1 0 2 0 3 2
   2 1 3 3 4 2 2 1 0 1 1 3 0 2 4 1 4 3 1 3 2 2 4 2 2 0 3 0 4 2 1 4 3 3 1
   3 4 3 2 2 2 1 0 2 4 0 1 0 2 2 1]
  [0 4 1 2 4 0 0 0 1 1 1 4 0 1 3 2 4 0 0 4 2 0 2 3 3 4 2 3 3 2 0 0 0 0 2
   2 1 4 0 4 2 0 3 4 0 3 2 0 0 2 2 0 1 2 3 0 0 1 1 0 1 4 2 3 0 3 0 1 2 2
   4 4 3 2 3 2 0 3 3 1 3 2 2 2 2 0 1 2 2 2 3 3 3 1 0 2 0 4 4 0 0 1 3 4 4
   0 1 1 2 3 4 2 3 0 3 2 4 1 0 1 1]
  [0 4 0 2 3 1 2 1 0 0 0 4 4 3 0 0 4 0 4 1 3 4 1 2 2 1 1 4 3 0 0 2 3 1 2
   0 3 2 3 0 4 2 1 0 1 3 2 1 4 0 0 1 3 3 3 2 4 3 2 3 1 1 4 2 3 4 3 0 3 4
   4 0 1 0 2 2 0 0 0 3 0 2 3 1 0 3 2 4 4 3 2 1 1 3 0 2 3 3 4 0 4 1 4 4 4
   4 0 2 4 0 0 3 2 1 0 0 4 2 2 0 1]
  [0 3 2 4 0 2 3 4 2 2 3 3 0 3 4 2 1 4 2 3 3 0 3 2 0 1 3 2 4 2 3 4 2 2 0
   0 1 0 2 3 4 4 0 4 0 2 4 3 0 2 3 4 2 1 3 3 3 2 1 4 1 4 1 3 3 4 0 0 0 3
   2 2 4 1 0 4 4 1 4 3 3 0 3 4 2 2 4 0 1 3 2 2 3 3 0 3 0 4 3 2 2 1 2 1 4
   1 0 2 0 0 0 1 3 1 0 4 3 3 1 1 2]
  [0 1 4 4 4 0 0 3 0 3 3 0 3 2 2 4 0 2 3 2 1 4 3 1 1 2 3 1 1 3 3 4 0 4 2
   0 3 4 2 3 4 1 0 3 2 1 4 1 0 2 1 4 2 1 0 3 3 1 3 1 0 4 2 4 2 4 1 4 3 0
   0 3 2 2 0 3 1 3 4 0 1 1 4 1 0 0 2 0 0 4 0 2 3 4 2 4 4 3 4 2 3 2 2 1 3
   4 4 0 1 1 1 3 0 0 2 1 2 1 3 3 1]
  [0 2 1 0 2 4 4 1 4 4 1 2 4 0 0 2 0 0 1 0 2 0 1 3 2 2 3 4 1 2 3 2 1 2 0
   0 0 3 1 1 0 3 3 4 0 4 0 4 1 1 3 0 1 1 0 0 4 2 1 3 1 4 3 3 1 3 0 3 1 4
   0 0 4 3 0 2 0 0 2 3 0 4 2 1 3 4 0 3 3 3 0 4 1 3 2 4 2 1 2 4 2 2 4 2 3
   1 1 2 1 4 1 4 3 3 1 3 1 0 0 2 4]
  [0 3 1 0 2 0 0 4 4 3 2 3 4 2 0 4 0 0 0 0 1 0 4 4 3 2 2 3 4 4 2 2 2 2 0
   3 3 3 1 4 1 1 0 1 2 0 2 4 4 0 4 3 3 0 4 2 1 1 3 3 0 4 1 1 3 3 1 3 1 2
   0 0 4 4 2 4 1 3 1 0 4 2 2 0 4 0 0 3 4 2 4 2 2 1 3 0 0 0 0 1 2 0 0 0 0
   4 3 3 3 1 2 1 0 0 0 1 0 0 2 0 0]
  [0 3 2 2 3 2 2 1 4 4 0 0 1 3 4 3 2 3 2 0 2 2 4 3 0 1 4 3 1 3 1 4 4 0 2
   4 4 1 3 4 3 3 4 1 3 2 1 3 1 2 4 2 0 1 3 2 3 3 3 2 1 0 3 2 0 3 0 2 3 3
   4 1 0 1 4 1 2 4 1 3 4 4 0 2 0 2 4 2 4 2 3 2 2 3 4 4 0 1 4 3 1 4 2 2 4
   3 4 4 4 3 3 3 2 4 3 1 2 4 4 2 4]
  [0 2 1 0 3 4 2 4 3 4 1 2 4 4 1 0 2 3 4 1 0 1 3 1 1 3 0 1 2 4 4 1 2 4 0
   2 3 4 3 2 3 2 0 1 3 3 4 3 3 1 0 4 1 3 4 1 2 1 0 2 4 2 2 3 3 0 3 1 1 2
   1 1 3 0 4 2 3 0 1 0 1 4 3 0 3 0 3 0 3 1 4 3 0 4 2 2 0 1 1 1 4 3 3 4 1
   0 4 3 0 0 2 4 2 1 0 1 0 3 0 4 3]
  [0 1 2 2 4 1 0 2 4 3 3 2 0 0 0 0 3 2 4 4 2 2 1 0 4 3 1 0 1 4 0 3 0 2 3
   3 2 4 3 0 2 2 4 0 0 1 4 0 3 1 4 0 4 4 0 1 2 1 3 2 2 0 3 1 1 2 3 2 3 3
   1 1 1 4 0 3 2 4 2 3 0 0 4 3 0 4 4 3 4 3 2 4 0 1 1 4 4 4 1 4 2 1 2 1 1
   1 0 4 4 0 0 2 3 1 1 4 0 0 0 1 4]
  [0 0 4 0 3 1 4 0 3 4 4 4 4 4 4 0 3 1 2 0 1 0 1 1 2 2 1 4 1 2 3 2 2 3 4
   4 2 4 3 2 2 1 1 1 1 4 3 1 2 3 0 0 1 3 3 1 0 3 4 2 2 0 4 0 4 1 4 3 3 0
   3 3 4 0 1 0 3 3 1 0 4 2 2 1 4 0 3 3 1 2 2 0 3 2 0 3 1 0 3 2 3 2 1 2 1
   4 4 4 2 1 0 3 3 1 1 0 1 2 1 1 1]
  [0 2 0 0 2 0 0 2 2 1 3 1 2 0 2 3 4 3 1 3 0 0 2 4 2 1 3 3 1 0 4 1 4 0 1
   4 0 3 2 3 2 2 1 4 4 0 1 0 1 2 0 3 0 4 1 1 3 0 1 1 4 4 2 4 3 3 1 4 0 0
   1 3 4 3 4 3 0 3 0 2 1 2 4 3 1 3 2 4 2 0 1 2 3 1 4 3 2 3 3 0 4 0 2 4 4
   1 1 0 4 4 4 0 2 0 4 2 1 3 2 3 2]
  [0 4 3 4 0 2 4 0 1 1 0 2 3 3 4 3 3 1 3 1 0 0 4 1 0 2 2 2 3 4 0 3 4 0 0
   4 4 1 3 0 1 4 2 2 1 3 2 4 0 1 2 1 3 1 4 0 2 0 3 3 4 1 2 1 4 1 1 1 0 3
   2 0 1 0 3 2 3 0 3 0 1 2 2 4 2 4 2 1 4 0 0 4 4 4 0 2 0 1 1 0 3 3 4 3 4
   0 4 0 2 0 1 2 1 1 2 0 3 4 0 2 3]
  [0 3 1 0 4 4 2 1 3 1 1 4 1 3 4 3 3 1 2 2 4 4 4 1 2 0 3 0 2 3 1 4 1 1 4
   2 0 1 2 4 0 3 0 0 3 3 2 3 4 0 0 1 0 0 4 2 4 3 1 1 3 2 0 0 3 0 4 4 2 4
   2 3 3 2 2 3 3 0 0 3 2 0 4 4 0 3 2 3 4 1 1 2 4 2 3 1 4 3 1 4 4 0 3 3 1
   2 1 0 1 2 0 3 1 2 2 1 3 3 3 1 3]
  [0 4 0 0 2 0 1 3 3 3 4 1 3 3 4 3 0 4 1 1 0 4 2 0 2 3 0 1 0 1 0 4 0 2 2
   2 2 0 3 4 0 4 0 3 4 1 3 0 1 2 4 3 1 4 3 2 1 3 1 4 3 4 2 3 4 4 4 2 3 4
   0 3 0 3 1 1 0 1 0 0 4 3 1 3 1 3 3 4 2 4 2 0 1 3 3 4 2 4 1 1 3 0 3 4 1
   3 0 0 4 4 0 0 1 4 3 2 1 2 4 3 1]
  [0 3 1 0 2 2 0 0 2 0 3 4 4 2 4 4 1 3 1 0 3 1 4 1 0 3 1 4 0 0 3 0 1 1 2
   3 1 1 3 3 2 0 1 1 0 2 3 3 4 3 2 2 3 4 1 4 2 1 2 3 2 1 4 4 3 3 1 3 0 4
   1 0 1 1 4 2 4 0 3 0 0 1 0 1 2 4 3 2 0 1 0 4 3 1 2 1 0 2 1 4 0 4 0 3 2
   3 0 2 3 4 0 3 1 0 3 2 0 1 2 0 3]
  [0 4 2 3 4 3 2 4 0 4 3 2 2 1 2 0 1 2 1 4 2 2 4 0 3 1 0 2 4 0 2 4 0 1 0
   4 3 1 0 3 4 0 1 2 4 0 1 2 0 3 4 4 3 0 4 3 1 3 2 4 3 1 2 3 2 3 1 4 2 0
   4 2 1 3 0 3 2 2 2 4 1 0 1 1 1 2 3 0 0 3 0 4 0 3 2 2 4 1 2 2 4 4 0 2 3
   2 3 3 1 2 1 0 0 4 0 0 1 1 0 3 0]
  [0 2 4 1 4 1 3 4 3 2 0 2 4 2 4 1 3 1 4 3 4 4 4 3 1 3 2 3 1 4 2 4 4 4 4
   1 3 3 3 2 1 2 2 1 3 3 1 3 0 1 3 3 0 1 2 4 0 1 0 0 2 1 0 2 3 4 3 0 3 2
   2 4 4 1 0 1 1 0 3 1 3 3 0 0 4 2 2 1 1 3 3 0 0 1 3 1 4 0 4 0 1 1 0 4 3
   2 3 0 4 4 1 0 2 2 2 1 4 0 0 0 4]
  [0 3 4 0 0 4 0 4 2 0 0 4 0 3 0 2 4 2 4 3 3 2 1 3 4 4 3 3 2 1 3 3 0 4 2
   0 2 2 0 1 2 4 1 0 4 4 4 1 3 3 0 0 4 0 0 2 1 2 2 3 4 2 4 0 2 1 1 0 1 1
   2 2 0 0 0 3 4 1 4 4 2 2 1 0 2 2 2 0 1 0 4 1 4 4 4 0 1 2 1 0 0 0 1 4 4
   1 0 4 3 4 2 1 3 4 3 4 0 3 1 1 2]
  [0 1 0 0 0 0 3 0 2 2 0 2 3 2 3 0 4 3 4 1 1 0 1 3 1 4 1 2 3 1 0 4 2 4 0
   0 1 4 2 1 0 0 1 3 4 3 2 1 0 2 1 0 1 4 3 2 0 2 4 1 3 2 1 2 4 3 3 2 2 2
   3 1 4 3 0 3 2 4 3 1 0 1 0 1 0 4 0 2 3 0 0 1 1 2 0 3 0 0 1 3 0 3 1 1 1
   3 3 1 0 0 2 4 0 0 0 0 3 4 3 0 0]
  [0 0 3 4 1 2 3 4 4 1 3 1 0 2 1 2 3 1 2 0 2 1 1 1 0 1 0 3 0 3 2 2 3 1 3
   0 4 0 4 2 4 1 4 2 1 2 0 0 2 2 2 2 1 2 2 4 4 4 4 3 0 0 3 1 3 0 2 0 2 3
   3 1 0 0 1 1 2 1 2 2 0 1 3 1 4 0 0 2 1 2 4 4 1 3 4 3 0 0 3 3 2 3 3 1 3
   3 4 1 2 1 1 3 1 4 2 3 2 2 4 0 1]
  [0 1 3 2 1 2 4 3 0 1 4 1 0 3 1 2 3 1 3 0 4 2 2 1 3 4 1 4 3 3 1 3 0 1 0
   0 3 3 0 1 4 3 3 1 1 1 1 4 0 0 3 4 2 3 4 0 2 3 3 0 2 2 3 2 3 2 2 1 4 2
   1 3 2 3 3 4 1 0 3 1 1 0 0 1 2 0 0 4 0 3 3 0 3 4 2 0 4 2 0 4 1 4 0 3 0
   3 3 1 1 1 0 4 3 2 2 1 3 4 0 2 4]
  [0 3 1 1 1 1 2 2 1 4 0 3 2 3 3 3 4 1 3 3 1 4 2 3 2 4 0 4 4 1 0 3 3 4 0
   0 1 2 0 3 0 0 3 4 0 2 1 0 0 2 0 2 1 3 1 2 2 4 0 1 3 4 3 1 2 0 3 4 1 1
   3 3 3 1 4 1 1 1 1 0 4 1 4 2 2 2 2 0 0 2 0 1 4 3 3 1 4 0 4 0 3 0 4 4 2
   1 3 3 3 4 2 4 2 3 0 3 1 2 1 2 2]
  [0 4 1 1 0 0 1 4 2 0 2 0 1 0 2 4 3 3 1 2 4 4 3 0 3 0 3 0 4 2 3 1 0 0 2
   1 3 0 0 3 2 4 2 0 2 3 4 4 3 4 3 0 1 4 1 1 3 4 2 3 1 2 3 3 0 3 3 4 4 1
   1 4 4 1 4 3 4 3 0 0 0 0 3 3 3 3 1 2 0 4 4 4 0 3 2 1 2 4 1 1 2 2 2 2 4
   0 1 4 3 2 2 0 3 3 0 1 4 2 0 3 3]
  [0 2 2 1 1 0 1 4 3 0 4 1 2 1 4 0 2 4 2 1 1 3 3 4 4 1 1 3 3 0 4 0 4 3 1
   1 4 3 3 1 2 0 2 4 1 1 3 3 3 2 4 3 2 0 4 1 1 2 0 2 1 3 4 2 4 1 1 3 3 2
   3 1 2 2 4 4 4 1 1 4 0 2 4 2 2 0 0 0 2 0 2 3 2 4 2 0 3 0 3 1 4 0 4 3 0
   1 4 1 4 4 3 3 0 0 0 4 2 4 3 4 1]
  [0 0 2 4 0 2 3 4 1 0 2 2 4 1 3 1 1 0 2 3 1 1 0 3 3 1 2 0 0 0 0 0 1 3 2
   4 2 4 1 3 3 3 2 3 4 4 2 2 0 1 0 4 3 2 4 0 2 2 3 0 1 0 0 0 0 4 2 4 4 2
   0 4 3 3 4 1 0 4 1 0 3 1 0 2 3 4 4 2 2 3 0 0 4 3 0 2 4 3 1 1 2 1 0 0 1
   0 2 3 2 3 1 1 3 2 4 1 0 1 4 0 2]
  [0 1 0 0 4 2 0 1 1 1 3 0 0 3 3 2 2 3 3 3 3 2 4 2 2 0 3 4 1 4 0 3 4 4 2
   1 4 3 4 3 3 4 1 1 0 4 2 1 1 0 0 2 2 1 0 1 3 0 1 3 1 4 4 1 0 0 4 0 1 0
   0 2 3 1 4 2 3 3 3 4 1 4 1 2 2 1 1 4 0 4 3 0 2 4 3 4 1 1 1 1 1 4 1 3 3
   3 3 4 2 3 0 0 1 3 4 3 0 0 0 2 2]
  [0 2 4 0 2 2 2 0 3 4 0 0 3 0 0 2 0 4 1 1 2 1 1 2 2 0 1 1 2 3 1 2 3 4 3
   1 2 1 2 3 1 4 1 0 4 0 2 1 2 0 4 4 3 2 2 4 3 4 2 2 4 4 4 1 0 3 4 3 1 4
   0 2 4 4 1 4 2 0 1 3 3 3 2 0 2 2 3 2 2 4 0 0 0 3 3 1 4 0 4 0 0 3 4 4 4
   1 2 1 3 4 4 1 1 3 0 2 1 1 3 0 3]
  [0 1 3 2 3 2 1 1 3 4 3 0 4 0 3 0 2 1 2 0 4 1 0 1 4 2 1 4 1 2 0 4 3 1 4
   3 4 2 3 2 2 2 3 1 0 4 3 0 3 0 2 2 2 0 4 2 4 2 1 3 0 3 3 0 4 2 4 3 3 2
   4 1 1 1 0 1 4 1 0 1 1 0 0 3 4 1 4 1 4 1 0 4 0 0 4 4 2 0 1 1 4 2 1 0 4
   0 1 4 3 3 4 2 2 0 1 0 3 1 0 1 1]
  [0 2 0 2 4 2 2 3 1 4 3 3 0 2 4 1 1 0 4 4 0 2 0 2 3 0 3 1 4 2 3 4 1 0 0
   3 0 1 4 0 1 2 1 1 3 3 2 4 2 3 0 2 0 1 4 3 1 1 0 3 2 0 1 0 2 4 3 2 4 0
   3 2 2 3 0 3 0 1 2 4 4 0 4 2 0 2 1 1 2 4 4 0 1 1 0 0 1 0 0 1 2 1 3 3 3
   4 4 0 0 1 2 4 0 0 3 1 3 2 0 4 4]
  [0 2 2 3 1 2 4 2 4 0 2 3 4 0 2 2 2 0 2 2 3 3 0 2 1 1 1 3 1 4 3 4 1 3 0
   3 2 0 0 0 4 1 4 4 2 2 3 2 0 2 1 0 4 1 4 0 3 0 4 4 1 1 1 0 2 3 4 1 0 1
   2 1 0 1 0 1 3 3 2 0 0 2 0 2 1 2 1 1 1 3 1 1 2 1 4 0 3 2 3 0 3 3 1 1 0
   4 0 0 1 2 2 0 1 0 0 1 1 4 0 2 2]
  [0 2 0 4 0 2 3 4 1 1 2 0 0 1 0 0 1 0 2 0 2 3 4 2 2 1 2 4 1 2 2 1 4 0 1
   0 1 3 2 1 2 1 1 3 1 0 2 2 0 4 4 2 0 2 0 4 2 0 2 4 3 3 3 1 1 4 4 2 3 0
   4 4 2 1 1 0 3 4 2 2 2 2 1 4 3 0 1 2 2 4 2 1 4 0 4 4 0 0 1 3 1 0 0 3 1
   3 1 0 0 3 2 0 3 3 4 4 0 4 3 0 3]
  [0 2 0 0 0 0 1 0 1 3 2 2 4 1 4 4 2 2 1 1 3 1 1 1 2 0 4 1 0 0 1 2 2 1 2
   3 3 0 0 1 0 1 3 1 3 0 2 2 0 1 0 3 1 0 1 2 3 1 3 4 3 0 4 0 1 0 1 3 3 4
   3 3 4 4 4 0 1 3 4 0 4 4 1 0 1 3 0 0 3 4 1 3 0 3 1 0 0 0 1 2 2 0 1 2 0
   1 0 1 4 2 1 1 1 2 3 2 4 3 3 4 1]
  [0 3 4 4 1 3 1 1 4 1 1 4 4 3 0 3 4 1 1 2 0 2 2 3 4 0 0 4 4 3 2 4 0 4 4
   3 2 2 0 1 0 3 4 2 2 3 4 0 0 2 2 2 0 0 3 1 3 2 3 4 2 0 4 1 3 2 1 2 3 3
   0 2 0 0 2 3 1 4 3 2 4 3 3 1 3 3 3 0 0 0 3 2 2 4 0 2 1 3 0 0 4 4 3 3 1
   4 0 2 0 1 4 0 4 1 1 4 1 3 0 4 2]
  [0 3 0 2 2 4 3 0 3 0 3 3 3 1 3 1 3 1 2 1 3 2 1 3 1 1 3 1 2 4 0 1 2 0 0
   2 0 4 2 3 3 4 3 2 4 1 4 0 0 1 0 3 3 0 2 3 3 1 4 4 1 4 2 1 1 2 4 1 1 0
   2 0 1 0 4 0 2 0 3 0 4 4 1 3 0 0 2 4 0 2 4 4 2 2 0 3 4 1 4 0 4 2 3 3 3
   1 3 4 0 2 2 3 3 4 0 1 2 4 0 4 0]
  [0 4 4 3 0 4 0 2 4 3 4 3 0 1 0 3 3 3 3 4 1 3 2 3 4 1 3 3 2 0 2 4 4 1 1
   2 2 3 4 3 3 3 4 2 1 0 3 4 3 4 1 2 1 0 3 2 3 4 1 1 2 4 4 1 0 2 4 0 0 2
   4 3 3 1 2 1 2 2 3 4 3 3 3 3 3 4 2 4 3 1 0 4 0 1 1 2 2 2 4 4 0 1 2 3 3
   0 2 0 0 4 1 0 1 4 0 3 2 1 4 4 4]
  [0 1 0 1 1 1 4 2 1 4 2 4 1 0 3 3 2 0 1 1 0 0 0 1 2 1 0 3 4 4 0 2 1 3 2
   2 1 3 0 0 1 0 3 1 3 3 1 0 4 3 0 0 3 2 1 2 1 4 0 2 4 2 4 3 0 4 4 0 2 2
   0 2 4 4 3 4 4 1 0 2 2 2 4 1 2 2 1 4 0 2 4 0 0 4 2 3 0 4 3 3 2 0 3 2 1
   2 2 2 4 2 0 0 1 1 1 1 0 3 1 4 4]
  [0 2 0 3 3 0 4 2 2 2 1 1 0 0 4 4 0 4 3 4 2 3 1 3 0 2 4 3 1 2 1 3 3 4 2
   1 2 0 4 2 2 3 1 4 2 0 1 0 4 3 2 0 1 1 4 3 4 0 0 1 2 0 0 3 1 3 2 0 3 0
   4 1 3 0 1 3 0 2 3 0 4 2 3 3 1 1 4 4 2 2 2 3 1 4 1 4 3 3 0 3 3 0 0 2 1
   0 2 2 3 2 4 1 0 0 1 0 1 3 2 4 0]
  [0 3 0 1 1 0 2 3 2 0 1 1 2 0 0 3 4 3 3 3 4 3 1 4 4 1 4 2 1 0 2 2 2 2 2
   2 4 3 3 3 3 3 2 3 0 1 1 3 4 4 2 0 1 4 2 3 3 3 1 4 4 4 2 4 3 2 3 3 2 1
   3 4 4 0 1 4 4 2 3 0 2 4 1 0 4 2 0 1 3 2 2 1 1 1 4 4 2 4 4 3 4 0 2 0 0
   3 4 4 2 1 1 0 2 3 4 3 1 3 0 4 2]
  [0 3 4 0 2 3 4 1 0 3 3 3 3 4 1 3 0 3 3 4 2 0 4 3 0 4 0 4 1 1 1 2 4 4 0
   2 1 2 3 4 0 4 4 4 0 0 1 0 2 3 0 0 1 2 4 3 4 2 0 0 3 4 2 1 4 2 2 0 2 3
   0 4 1 3 0 3 3 3 2 4 0 3 1 4 0 1 3 0 2 1 0 2 0 2 2 0 3 1 2 4 3 4 0 3 0
   3 3 1 1 2 4 0 4 2 2 4 4 4 1 2 0]
  [0 0 2 3 4 2 1 1 2 3 2 2 1 0 4 0 1 1 0 4 3 3 1 4 3 0 1 4 4 0 1 4 1 1 1
   0 4 0 0 0 3 2 4 1 2 0 1 4 0 3 4 1 0 0 1 3 4 3 4 4 3 1 4 4 0 2 0 4 1 3
   3 0 0 4 4 0 2 3 1 0 4 1 1 0 4 1 1 1 1 3 1 4 0 0 4 4 0 2 2 0 4 2 4 2 0
   0 2 2 4 1 2 2 1 1 0 1 4 0 4 4 4]
  [0 1 2 3 2 2 2 1 3 4 2 0 4 4 0 4 4 2 2 0 3 3 4 2 0 0 4 2 2 1 3 0 4 0 2
   2 4 2 2 3 2 4 4 1 4 2 4 3 3 2 0 2 1 0 2 4 3 0 1 1 0 2 4 1 3 0 1 0 4 2
   2 2 0 3 0 4 3 0 4 4 0 4 3 1 1 2 3 3 4 0 3 1 1 4 0 1 1 0 4 3 3 2 4 2 0
   3 0 0 4 2 4 4 1 4 0 1 2 2 3 4 3]
  [0 1 2 0 2 2 4 0 0 2 0 1 4 2 2 0 3 3 2 0 4 2 2 4 3 2 4 1 2 3 0 2 4 4 3
   2 3 2 3 3 4 0 3 3 4 3 2 2 2 1 4 1 4 0 0 4 0 3 4 4 1 2 0 2 0 0 4 0 2 0
   4 4 2 2 1 2 3 1 0 0 1 2 1 1 1 1 2 2 4 1 2 2 3 1 3 3 3 1 1 3 1 0 2 4 2
   3 0 0 4 2 0 4 0 4 1 4 2 3 4 1 4]
  [0 2 0 4 1 4 2 2 1 1 4 0 0 2 3 3 0 1 3 4 4 2 3 2 0 4 3 0 3 0 3 2 0 3 1
   0 0 4 1 4 3 3 0 1 0 4 0 2 4 1 3 4 1 2 3 0 1 4 3 1 1 1 2 2 1 4 4 2 3 2
   3 0 0 3 2 1 2 3 0 4 4 2 1 4 2 1 2 3 3 2 4 0 0 0 3 2 3 2 3 4 4 2 3 3 1
   3 0 1 0 2 2 1 2 1 0 2 4 2 0 2 4]
  [0 2 3 1 4 4 1 2 1 0 3 3 2 4 1 1 0 1 4 1 0 2 2 0 1 3 2 3 4 2 2 0 1 0 1
   1 3 1 1 3 2 2 1 4 2 2 4 2 1 0 0 4 2 4 2 0 1 3 4 3 3 3 2 1 1 3 4 3 4 4
   1 0 1 3 3 4 3 4 3 0 4 4 3 2 0 2 0 3 0 4 4 0 1 4 1 0 4 1 0 3 3 1 1 4 3
   3 0 1 0 0 1 4 3 3 3 1 4 4 3 1 1]
  [0 4 2 1 0 1 0 0 3 0 4 4 3 2 4 0 2 3 1 3 4 4 4 2 1 0 0 2 1 1 2 4 4 2 4
   1 1 2 1 0 2 3 2 1 2 0 1 2 4 1 2 2 4 3 2 2 1 4 3 3 4 3 4 3 3 1 4 0 2 3
   4 1 1 0 4 0 4 3 1 3 1 1 0 1 0 0 3 0 4 4 0 4 3 1 4 0 4 3 0 4 2 3 1 3 2
   4 1 1 2 0 0 2 2 2 4 4 0 1 2 3 2]
  [0 1 3 1 0 4 0 2 3 3 3 2 1 1 3 0 2 1 3 3 0 2 2 1 2 4 4 0 4 2 2 1 1 3 4
   4 2 3 4 4 3 4 3 0 3 3 3 0 3 1 4 1 0 0 1 3 3 1 3 2 2 0 2 1 4 4 2 3 4 4
   4 4 4 1 2 0 3 1 4 2 2 3 1 0 3 4 4 3 0 1 2 0 3 3 2 1 2 4 3 4 3 2 4 1 2
   3 1 2 1 1 0 0 1 0 2 0 3 0 3 4 4]
  [0 0 1 1 3 1 4 0 0 1 3 4 3 4 2 0 2 0 2 3 0 0 4 0 4 3 3 1 3 4 3 2 4 2 0
   2 3 2 4 1 2 2 2 1 4 4 2 0 3 3 3 3 0 2 3 4 4 1 3 1 1 0 2 1 2 0 3 1 0 1
   1 2 0 0 3 0 1 4 4 4 2 0 2 0 3 1 1 1 1 3 2 2 3 4 2 1 2 2 0 1 2 3 1 3 3
   0 0 1 3 1 1 2 0 0 1 0 2 0 0 3 2]
  [0 1 1 0 0 2 2 4 3 0 4 1 1 0 4 3 3 4 1 2 4 0 3 4 4 1 2 3 0 0 3 1 3 0 0
   2 2 0 0 4 1 0 4 4 3 4 0 2 4 2 4 0 1 4 0 2 0 2 3 1 4 2 0 4 3 0 4 0 4 3
   2 0 4 4 4 2 4 2 0 4 2 4 1 3 0 1 1 3 4 4 3 0 0 2 2 1 4 1 1 0 1 2 3 4 2
   0 1 3 3 2 3 3 3 0 4 0 2 2 2 0 1]
  [0 0 3 2 0 3 0 1 4 2 1 1 2 3 0 4 2 1 0 3 2 4 0 1 3 1 3 4 4 4 0 1 2 0 3
   1 1 2 2 0 4 2 3 3 2 2 2 1 3 4 2 0 0 1 4 3 0 3 3 0 0 4 3 2 2 1 1 4 3 2
   1 1 4 4 0 0 2 4 4 2 1 2 4 2 2 3 0 2 0 3 2 3 2 3 2 1 1 3 2 3 3 1 3 4 4
   1 1 2 2 4 0 2 2 4 0 4 0 0 4 2 4]
  [0 4 4 4 1 3 1 3 1 1 1 2 2 4 4 2 3 4 4 1 3 4 4 2 2 1 0 3 2 4 4 3 2 1 4
   2 2 0 4 0 4 4 2 1 1 1 0 0 0 0 0 1 3 0 3 1 4 4 2 2 2 4 0 1 1 2 2 0 0 4
   0 0 2 2 3 3 4 1 0 2 4 1 1 0 4 1 0 0 3 0 3 3 1 3 3 3 4 2 4 3 4 2 0 4 4
   4 2 3 0 3 0 4 1 1 2 0 4 3 2 3 3]
  [0 3 0 4 2 1 3 4 4 2 4 4 0 1 4 3 3 2 4 2 0 4 3 4 2 4 2 4 0 4 2 2 1 0 4
   1 3 0 2 0 4 0 4 4 1 1 1 3 3 4 3 2 1 0 4 3 0 4 2 3 1 3 0 1 3 2 1 4 0 2
   4 3 2 4 3 2 3 4 1 0 4 4 3 1 0 0 0 0 0 1 0 4 4 0 3 2 2 3 3 2 2 0 0 1 4
   1 4 2 1 2 4 3 2 3 4 2 0 0 4 1 3]
  [0 4 3 1 4 2 3 3 1 1 1 3 4 3 0 0 2 3 2 0 3 4 3 1 1 0 0 4 4 3 1 3 4 1 4
   1 0 4 2 1 4 4 1 2 3 2 1 2 4 3 3 4 1 3 4 1 3 4 3 3 1 4 1 1 3 1 1 1 1 2
   1 3 1 1 1 2 1 2 4 2 0 0 4 0 4 3 3 0 2 0 0 2 1 0 3 2 0 4 4 0 0 0 1 4 1
   3 1 0 0 3 0 2 1 4 1 0 0 0 1 3 1]
  [0 1 4 4 4 1 4 1 3 0 4 1 4 3 3 0 2 1 1 4 3 1 1 1 4 2 3 2 0 4 1 2 2 1 2
   1 1 3 4 2 3 3 0 2 4 4 0 3 0 1 1 1 1 0 3 1 0 1 0 4 2 2 0 4 3 0 3 2 0 4
   4 0 2 3 0 4 3 0 1 3 4 1 3 3 4 4 1 4 3 3 3 1 4 3 3 1 2 0 1 3 2 2 1 0 1
   1 2 0 1 1 3 4 3 1 1 3 1 4 0 4 1]
  [0 1 2 2 4 2 0 3 3 1 0 3 3 2 0 2 4 1 3 2 3 2 4 1 2 3 4 3 1 2 4 4 0 4 1
   1 1 1 1 4 2 1 2 2 3 3 4 4 4 3 4 4 4 4 1 4 3 3 1 1 3 3 4 3 1 1 0 1 1 3
   0 3 1 0 3 4 3 1 1 0 3 0 3 0 4 0 0 2 3 2 3 3 3 4 3 1 2 3 4 3 2 2 4 2 0
   1 4 0 0 4 3 1 0 1 2 1 2 0 3 0 4]
  [0 3 3 4 1 2 2 3 0 2 3 0 4 2 4 4 0 1 1 3 2 2 2 1 3 0 3 1 1 0 0 3 0 4 2
   4 3 1 1 0 3 1 1 0 2 4 3 1 0 1 1 1 3 3 3 2 0 1 2 0 2 1 0 3 2 3 1 2 3 0
   3 1 2 1 0 4 3 2 1 1 2 3 2 3 3 3 1 2 0 1 0 0 1 2 3 3 4 0 3 4 2 1 2 2 4
   2 4 3 0 1 4 3 0 4 4 2 3 0 2 1 0]]

 [[0 4 2 4 4 0 3 1 2 1 0 4 1 1 3 2 3 2 1 1 3 4 2 3 0 2 4 0 1 2 4 3 2 2 1
   3 1 2 4 2 1 0 4 4 1 4 4 2 4 1 0 0 4 1 1 1 0 2 1 1 3 0 3 1 1 2 3 0 2 4
   2 1 0 0 4 1 3 0 2 0 0 2 0 2 3 2 0 0 4 3 0 1 0 4 2 4 3 2 4 2 0 1 4 0 2
   4 2 1 0 3 4 4 0 2 3 4 2 1 4 4 1]
  [0 0 1 3 3 4 2 1 0 4 0 1 2 1 1 4 3 4 3 4 0 0 0 4 2 4 1 4 3 2 2 0 0 0 4
   4 0 4 2 4 3 1 0 2 1 3 3 2 3 0 0 2 4 0 0 1 2 0 3 3 3 2 2 4 4 1 1 1 3 3
   2 0 4 3 1 1 2 2 1 4 0 3 1 4 0 0 4 1 0 2 2 0 1 1 0 4 1 0 3 3 4 1 2 0 0
   2 0 3 3 2 3 0 1 3 0 1 1 4 0 2 1]
  [0 2 0 1 2 3 2 2 3 1 3 0 4 4 2 3 3 3 0 0 3 1 2 4 1 4 4 4 1 2 2 1 2 0 4
   0 4 3 4 4 3 3 1 2 0 0 0 2 4 1 0 1 3 1 4 3 3 1 2 3 0 1 2 4 0 1 1 2 2 1
   3 4 3 0 0 3 4 3 0 1 2 4 1 1 0 0 2 1 4 2 4 2 4 0 1 4 4 0 2 2 2 2 3 2 0
   4 2 1 2 0 4 2 4 4 2 0 0 0 3 0 3]
  [0 1 0 0 2 4 1 3 4 0 3 0 3 4 4 3 1 0 2 4 4 3 2 2 4 4 0 4 2 3 2 2 4 1 3
   3 0 0 2 0 4 1 0 4 1 4 2 2 1 0 2 4 4 4 4 0 2 2 0 4 1 2 0 0 4 2 3 4 2 0
   1 1 3 4 2 2 2 3 4 0 4 4 2 4 3 4 1 1 3 1 4 1 1 4 3 0 1 0 1 1 4 4 1 0 2
   2 4 0 0 3 4 2 0 2 3 0 2 3 4 4 1]
  [0 4 2 0 0 3 1 2 3 1 4 2 4 4 2 1 0 4 4 2 2 1 3 1 1 0 1 1 4 0 1 0 1 3 0
   3 4 0 0 1 3 1 2 0 1 1 2 0 4 1 2 1 1 1 3 2 2 4 0 3 1 1 3 3 0 4 4 0 3 2
   2 2 0 3 3 0 4 1 4 1 4 3 0 1 1 4 1 4 0 0 0 1 1 3 4 1 3 3 1 4 3 4 0 2 0
   1 4 1 1 3 4 3 2 4 3 4 2 3 4 2 0]
  [0 1 4 2 1 0 4 4 4 0 1 3 1 3 4 4 1 4 2 2 1 0 0 0 0 0 2 1 3 3 1 0 2 4 3
   1 2 2 1 1 4 0 2 4 0 4 0 3 3 0 1 2 0 0 1 0 4 0 0 2 2 4 2 4 3 1 2 0 2 3
   4 0 3 2 1 2 0 0 2 3 2 3 1 2 4 0 4 3 2 3 4 3 3 1 2 0 4 4 3 3 2 1 1 4 3
   2 0 1 0 1 4 0 3 3 0 0 1 4 4 0 4]
  [0 0 0 0 4 1 0 4 0 1 3 4 4 4 2 2 3 0 3 0 1 3 3 3 4 1 3 4 0 1 0 3 4 1 2
   0 1 4 0 4 3 2 3 2 0 1 3 0 2 2 2 1 0 2 1 4 1 4 0 4 3 0 4 3 1 2 1 0 2 2
   1 0 3 0 2 0 3 3 1 4 2 2 4 3 2 3 1 1 2 1 2 0 0 3 4 3 1 0 3 3 3 4 1 4 0
   4 1 2 1 3 2 2 0 1 1 1 0 1 2 3 4]
  [0 2 4 2 0 4 1 0 1 0 4 0 0 0 2 3 1 0 2 3 4 4 0 3 3 2 4 3 3 3 3 0 3 2 4
   4 3 2 0 2 0 3 2 0 3 0 0 3 0 2 0 4 0 2 4 0 1 3 4 1 4 1 2 0 0 2 3 0 1 2
   4 3 0 2 4 4 2 0 4 2 1 1 1 0 2 3 1 3 2 1 3 0 3 0 3 1 1 1 3 2 4 1 1 0 2
   1 1 0 1 4 1 3 1 2 4 1 4 4 0 4 4]
  [0 3 1 1 4 1 1 3 0 2 3 2 3 0 0 1 3 0 3 2 2 1 0 0 4 3 1 1 2 2 3 0 0 0 1
   0 4 2 4 0 2 3 0 3 4 3 1 0 1 3 4 3 3 4 3 4 2 2 4 4 2 3 1 0 1 3 2 2 4 2
   1 4 2 1 3 1 1 1 3 1 2 2 3 2 3 2 3 3 2 1 0 0 3 3 4 3 0 0 2 0 4 1 1 3 2
   0 0 4 3 2 1 0 1 3 0 0 3 3 0 1 3]
  [0 2 0 0 0 0 2 3 1 0 0 2 1 0 4 1 3 4 3 1 4 3 1 1 4 4 1 0 2 1 2 0 4 1 4
   0 1 4 2 0 3 1 2 4 3 2 3 4 0 2 1 2 0 2 0 0 1 4 0 3 3 1 2 0 3 0 4 3 1 0
   2 1 3 0 1 4 3 0 1 1 1 0 2 1 2 4 0 2 4 1 3 3 2 0 4 4 4 1 1 1 2 2 0 2 2
   0 4 4 0 3 3 3 2 4 0 1 2 1 4 4 0]
  [0 0 0 1 3 4 1 0 3 2 0 2 0 4 3 1 0 3 2 0 1 0 1 1 3 4 1 1 2 3 4 2 1 3 1
   2 0 2 3 1 3 4 2 2 0 3 0 0 1 3 4 4 2 2 1 4 4 3 2 3 4 4 3 1 3 0 0 1 3 0
   4 3 1 4 0 1 3 0 3 2 4 3 0 3 3 2 0 0 1 0 4 1 1 2 4 2 0 4 4 1 1 0 4 0 4
   0 3 4 4 0 1 1 0 3 3 2 3 3 0 4 1]
  [0 0 1 2 0 3 0 3 4 0 0 0 1 4 0 4 3 3 0 0 3 1 3 3 3 3 3 3 3 3 0 3 0 4 0
   3 3 0 4 2 4 0 3 2 1 1 2 4 0 1 1 0 4 0 2 2 1 4 2 0 2 4 4 1 4 0 2 4 1 2
   1 1 0 3 2 4 3 1 3 4 0 1 4 3 2 0 4 3 2 0 2 2 4 4 1 0 3 1 4 1 1 1 1 0 2
   1 2 0 0 0 4 1 3 2 3 2 3 2 3 2 2]
  [0 2 3 4 3 3 1 1 4 4 3 3 0 1 4 1 0 0 1 3 1 0 3 2 3 2 4 4 4 4 0 2 1 1 3
   3 3 4 2 3 1 0 1 0 3 3 2 2 0 1 1 2 3 0 4 0 2 4 4 4 2 1 4 4 3 2 1 3 1 2
   2 0 2 4 0 1 4 2 0 3 3 3 1 1 3 2 1 2 3 3 2 2 0 4 2 3 4 2 2 1 2 3 4 0 1
   4 0 4 0 4 1 0 3 4 3 2 2 4 0 2 2]
  [0 4 3 4 1 2 0 2 1 3 2 4 4 0 0 0 1 0 2 1 0 1 2 0 4 3 2 1 2 4 2 1 0 2 2
   2 3 3 1 4 1 3 4 1 4 3 3 0 1 2 4 3 3 1 1 0 1 2 0 4 4 3 0 0 1 4 2 0 2 3
   4 0 4 2 4 3 1 0 2 0 1 0 1 0 3 0 3 2 0 2 0 4 4 1 2 4 2 0 3 4 4 0 3 1 1
   1 1 4 1 4 0 0 1 1 2 2 3 3 1 3 0]
  [0 1 1 0 2 2 0 4 4 3 2 4 1 4 0 3 4 0 4 4 1 2 4 2 2 3 0 0 1 0 1 2 2 0 2
   3 2 4 4 1 0 0 1 0 0 3 1 2 2 3 3 1 4 3 1 2 3 4 0 3 0 0 2 3 4 1 2 2 4 3
   0 2 4 0 4 3 4 4 3 2 4 0 1 3 0 2 3 0 3 1 1 4 2 2 4 2 1 3 3 4 4 4 0 1 2
   1 4 1 3 2 1 4 0 0 3 2 0 0 1 0 2]
  [0 3 3 3 1 1 1 2 4 0 0 0 0 4 4 0 3 2 4 1 1 4 4 3 1 3 2 0 3 0 4 3 4 2 3
   4 3 4 2 2 3 2 3 4 0 2 0 1 1 2 1 4 3 0 3 2 4 1 4 4 3 0 1 4 0 0 4 1 0 4
   3 1 0 1 3 4 0 3 4 0 0 4 2 4 2 1 4 1 1 3 3 4 0 4 3 0 0 0 3 2 4 4 0 3 2
   4 1 4 3 4 4 1 1 4 1 3 2 3 3 3 2]
  [0 3 2 2 1 3 0 1 4 3 4 0 4 0 1 0 0 3 2 3 4 3 0 1 3 2 1 1 1 4 0 0 3 3 4
   3 0 3 2 1 2 2 4 2 1 0 0 0 1 1 3 0 1 3 2 0 2 4 0 2 4 3 3 2 0 2 4 1 4 3
   4 4 1 4 4 0 4 4 1 3 3 1 0 4 2 3 3 1 2 3 0 3 0 3 1 3 1 3 3 4 3 1 4 4 1
   3 4 2 1 2 4 2 1 0 4 3 4 4 0 3 0]
  [0 4 4 1 1 1 4 2 4 3 1 2 3 4 4 4 4 0 2 4 4 2 2 0 4 3 1 4 3 4 2 0 0 3 2
   1 1 4 3 3 1 2 3 3 4 1 0 1 1 0 0 0 0 2 1 2 3 4 2 3 4 4 4 0 1 3 2 2 0 3
   3 1 2 1 2 3 1 4 3 3 1 0 2 2 1 1 1 2 0 0 3 0 2 3 1 1 3 4 3 1 0 4 4 0 1
   2 2 2 3 3 0 0 0 0 0 3 3 1 4 1 3]
  [0 3 2 1 4 2 1 2 2 3 2 0 3 0 3 4 2 3 0 2 0 2 0 0 2 3 4 3 2 3 3 0 1 0 0
   4 4 0 1 1 2 1 2 1 3 4 3 0 1 4 1 2 4 3 2 0 3 1 2 3 2 2 2 2 1 1 1 4 1 2
   0 4 4 0 2 3 2 0 3 2 4 3 0 1 2 0 3 2 1 4 4 0 1 3 3 4 1 2 1 4 0 1 1 2 0
   2 0 1 4 4 4 4 1 0 4 1 3 2 3 2 0]
  [0 1 3 2 1 0 3 4 2 2 3 1 1 0 2 1 1 4 4 0 1 3 3 3 1 4 2 3 4 2 3 4 1 0 0
   2 0 1 0 3 1 2 2 0 0 0 0 1 1 1 0 0 1 3 2 0 2 3 4 2 3 3 4 3 0 3 4 0 2 3
   3 4 0 4 0 0 0 3 2 1 4 1 1 4 2 3 0 2 1 0 0 0 1 4 3 3 2 4 3 4 2 0 4 0 2
   2 4 4 4 0 1 2 0 1 2 0 0 0 4 2 3]
  [0 0 3 1 0 1 1 4 2 2 2 1 3 3 1 1 0 1 0 4 0 3 0 0 1 2 1 2 4 2 0 1 4 4 0
   3 3 1 1 0 0 2 3 4 2 2 4 3 2 2 0 1 1 0 0 3 3 0 1 0 3 1 2 2 4 3 0 2 0 3
   3 3 0 0 3 3 0 3 2 0 1 2 4 4 1 1 2 2 0 2 0 2 3 2 1 4 2 3 4 2 4 0 4 1 1
   0 1 1 1 3 2 4 0 1 0 0 3 2 4 0 2]
  [0 4 1 4 1 0 4 3 4 2 2 0 1 4 0 2 2 1 4 4 0 0 1 0 4 4 0 2 2 0 1 2 0 2 0
   1 3 3 1 1 3 4 0 0 4 1 2 3 3 2 1 1 1 2 3 2 2 0 2 1 3 0 0 1 0 3 4 1 4 2
   0 4 3 0 2 0 0 3 0 2 3 0 2 1 0 1 0 3 4 0 3 3 3 2 0 4 3 1 3 2 3 1 3 1 3
   2 3 1 4 2 4 1 2 0 1 0 0 2 4 4 3]
  [0 2 2 3 3 1 1 0 4 4 1 0 1 2 1 1 0 1 2 1 1 1 0 0 3 0 3 0 1 3 3 3 2 2 2
   4 1 1 3 3 2 2 2 3 1 3 3 3 0 2 1 3 2 2 0 4 4 1 1 2 3 0 4 0 1 1 2 2 4 3
   1 2 3 4 3 2 3 0 2 1 4 3 3 3 3 4 2 3 2 2 4 0 3 0 1 1 2 0 3 3 0 1 4 3 3
   2 4 3 1 4 4 2 4 2 3 2 2 4 2 4 1]
  [0 0 0 3 0 0 3 0 0 4 2 1 0 4 2 2 3 2 4 4 2 0 3 0 4 3 3 1 4 4 1 1 3 0 1
   4 0 2 2 2 2 1 2 3 2 1 3 3 0 0 2 1 2 1 3 4 0 0 2 3 4 3 3 3 3 4 0 4 4 1
   2 3 4 3 4 0 3 0 1 2 2 2 2 4 3 1 0 3 4 3 3 0 2 0 1 4 4 3 2 2 4 0 1 4 1
   4 4 0 4 0 1 0 3 3 1 4 2 4 4 3 1]
  [0 1 2 1 3 4 0 2 2 4 2 4 1 4 4 0 3 0 3 0 0 4 0 3 0 3 2 4 0 2 1 3 4 4 3
   1 2 1 1 2 0 2 2 4 1 4 3 4 1 4 2 4 1 4 4 2 3 4 4 2 3 2 0 2 4 4 1 4 3 0
   2 1 1 1 3 0 1 4 4 3 2 2 0 1 0 2 4 4 4 2 1 1 2 1 3 4 3 4 3 2 0 1 1 0 3
   3 0 2 0 4 4 0 2 0 4 4 4 1 2 1 0]
  [0 1 4 0 3 4 0 4 2 0 2 2 2 0 4 2 0 3 0 0 4 4 0 3 0 0 1 2 4 4 3 3 3 2 3
   1 1 0 2 1 1 2 4 4 3 4 1 3 4 2 0 0 0 2 4 3 4 2 1 1 2 2 2 4 1 3 1 3 3 1
   2 2 3 4 1 3 2 3 4 1 4 1 1 0 1 3 1 4 3 2 3 3 4 1 3 0 4 1 2 2 2 2 3 4 1
   3 1 4 3 2 0 4 4 4 2 2 4 3 2 4 1]
  [0 4 3 1 4 4 3 4 1 4 3 3 4 2 1 1 3 2 1 0 1 0 1 1 3 0 0 3 4 1 4 2 2 4 0
   0 3 4 3 2 3 4 4 2 1 4 2 0 0 2 0 4 0 3 0 1 2 3 4 1 3 0 0 0 1 0 3 0 3 4
   1 4 4 0 2 1 1 4 2 4 4 0 0 3 4 0 1 1 2 1 3 1 4 2 2 2 0 2 1 4 0 0 1 1 4
   0 0 4 4 4 0 1 1 4 2 4 0 2 1 1 4]
  [0 3 2 4 0 4 1 3 0 3 4 1 0 1 0 2 4 4 0 0 1 2 3 2 3 1 4 0 1 0 0 1 4 3 2
   2 1 4 4 0 1 3 2 1 1 0 1 4 0 1 0 2 3 0 0 0 2 1 1 2 1 4 0 1 0 4 2 3 4 3
   3 3 0 4 2 0 3 0 3 2 4 0 2 1 2 2 1 4 2 0 2 4 3 1 1 1 4 3 2 3 4 3 4 1 0
   2 3 3 2 4 4 1 0 3 1 2 3 2 1 4 4]
  [0 4 2 1 2 4 1 2 0 1 0 2 4 4 0 2 3 1 3 2 3 3 0 4 0 3 1 4 0 0 2 2 1 2 2
   2 2 0 0 2 0 2 2 0 3 0 2 1 2 3 4 1 2 1 1 1 1 2 1 2 4 2 2 0 0 2 1 4 0 0
   1 0 0 1 2 2 3 1 4 1 1 4 1 0 3 0 4 0 2 1 4 0 0 1 4 0 3 4 3 3 4 1 0 2 1
   2 2 1 4 4 1 1 1 3 4 4 3 4 4 0 0]
  [0 3 3 2 4 2 4 2 2 0 3 4 3 2 1 2 0 4 3 2 2 4 0 2 4 2 4 0 0 0 4 4 4 1 1
   3 0 1 4 4 0 4 1 3 1 4 0 0 4 4 3 3 2 4 0 2 1 2 0 3 2 3 0 0 2 4 2 2 1 1
   3 3 4 0 3 0 1 3 4 3 0 2 0 2 3 2 2 3 4 3 2 4 1 3 1 2 4 1 4 2 3 2 1 2 2
   2 3 1 4 0 3 1 2 1 4 4 1 0 3 4 0]
  [0 1 4 4 2 0 3 1 1 0 3 3 3 2 1 2 4 2 3 1 3 2 1 1 1 3 3 3 1 0 0 4 1 3 0
   3 4 0 2 2 1 0 4 1 4 1 1 4 1 4 3 2 1 1 2 1 2 2 3 2 0 2 1 4 0 4 2 2 3 4
   3 3 0 2 1 0 3 3 0 1 1 4 1 4 4 4 1 2 3 0 3 0 4 3 1 3 1 4 0 1 1 0 1 1 0
   4 2 1 3 4 0 2 0 0 0 1 2 4 1 3 2]
  [0 0 4 4 1 3 3 0 2 4 2 2 4 2 0 2 1 3 4 0 3 1 4 3 4 4 1 1 3 4 0 0 4 4 3
   2 0 1 4 3 3 2 1 4 1 1 0 4 1 0 0 1 3 1 0 3 4 3 4 4 0 2 2 4 0 2 4 0 3 4
   3 3 0 3 4 0 3 0 1 0 3 2 4 4 4 3 2 2 2 0 1 0 0 0 0 3 3 4 3 1 4 1 3 1 4
   1 4 2 2 4 0 3 4 1 1 1 4 4 2 2 2]
  [0 1 0 4 2 1 0 3 1 4 1 4 2 0 0 2 4 2 1 0 3 0 4 0 2 1 0 0 1 1 1 4 0 4 3
   0 2 1 1 4 4 2 1 3 4 3 1 0 0 3 0 4 1 1 1 4 0 0 4 1 1 4 2 1 0 1 1 0 4 3
   2 3 4 1 2 3 0 2 1 4 0 1 3 3 4 0 4 1 0 2 4 3 2 0 4 4 0 4 1 2 1 4 3 1 2
   4 2 1 1 3 1 3 4 3 1 1 2 4 0 4 0]
  [0 4 2 2 2 4 4 3 0 3 0 3 2 3 0 4 1 4 1 4 3 3 2 2 3 0 0 0 4 3 1 4 0 0 0
   2 4 4 4 3 0 0 4 3 4 1 3 1 1 3 3 0 3 0 3 3 2 3 0 0 1 1 3 4 2 4 0 3 0 0
   2 0 0 4 4 3 4 0 1 2 1 0 1 1 0 4 3 1 3 0 1 0 4 1 3 4 2 1 2 3 0 4 3 3 0
   3 2 3 0 4 2 1 1 1 4 0 2 2 0 3 1]
  [0 4 4 0 4 0 2 3 0 3 0 1 0 4 3 3 0 1 2 2 0 0 2 1 4 4 2 4 3 0 2 0 4 4 0
   0 3 1 3 0 2 0 3 3 0 0 4 1 2 2 3 0 0 4 3 3 3 2 4 2 4 2 3 1 4 2 1 1 0 1
   3 4 1 0 4 3 4 4 4 3 2 4 4 2 0 1 0 1 1 4 4 4 2 4 0 0 1 1 0 1 3 1 1 0 2
   0 4 3 4 4 0 1 1 1 1 4 0 3 1 3 2]
  [0 1 1 4 0 1 2 4 1 4 1 1 3 1 4 4 3 2 2 4 0 4 3 1 0 4 3 1 1 4 2 3 4 1 2
   0 0 0 4 0 2 4 2 0 1 3 0 2 1 1 3 1 4 4 0 1 0 3 2 4 3 2 3 0 0 4 2 2 4 3
   4 4 3 3 1 0 3 0 1 1 1 2 1 3 2 2 3 3 2 1 0 0 4 1 2 1 2 0 3 1 2 3 1 1 4
   2 0 0 4 3 0 4 4 1 4 3 3 1 1 0 1]
  [0 0 0 0 1 4 2 0 4 3 4 1 3 4 4 0 1 3 1 3 4 2 1 4 3 3 4 4 0 4 4 4 1 3 0
   2 0 4 3 2 1 4 3 2 4 1 3 4 2 2 3 3 4 0 0 1 2 3 2 2 2 4 2 0 4 1 1 4 4 1
   0 4 1 4 2 2 2 1 3 0 2 2 3 2 0 3 2 4 2 2 3 3 3 4 1 4 2 4 3 4 2 0 1 4 3
   4 1 4 1 0 4 2 0 4 1 4 1 3 4 3 0]
  [0 4 3 0 0 0 3 1 1 1 0 4 0 1 1 3 0 1 1 3 4 0 1 2 4 1 0 4 1 3 0 4 1 0 2
   0 3 0 4 0 1 2 4 1 3 1 3 2 4 2 4 3 4 3 0 3 2 2 4 4 1 0 3 3 3 2 2 3 4 2
   2 3 2 4 2 2 0 3 1 2 0 0 1 4 2 1 1 1 4 3 1 0 2 1 0 4 2 1 4 2 4 3 3 0 4
   3 4 4 4 0 4 1 0 4 0 4 4 3 4 3 1]
  [0 1 3 3 3 4 3 0 1 2 3 0 1 0 4 2 3 2 1 0 1 3 3 4 0 1 0 3 4 4 0 4 0 0 0
   2 3 4 0 3 0 3 4 4 1 4 0 0 3 1 0 0 0 2 0 2 2 2 1 2 3 0 4 1 0 1 2 1 3 2
   0 0 2 4 4 0 0 4 1 0 3 2 3 4 1 0 2 2 0 1 2 4 0 4 4 4 1 4 4 4 2 1 4 2 0
   0 2 4 4 2 0 2 4 3 0 1 0 2 1 3 0]
  [0 4 1 0 3 3 2 2 1 3 3 1 0 0 1 1 1 1 0 0 4 1 2 3 0 3 0 3 1 0 4 3 2 2 2
   0 3 4 1 0 4 4 4 4 4 0 2 4 4 4 2 2 2 3 3 4 4 1 0 2 4 1 2 0 0 0 0 3 0 1
   1 2 2 2 0 2 4 3 4 3 0 4 1 4 3 3 3 1 0 2 3 4 3 1 2 1 2 3 0 4 1 2 2 0 3
   2 3 1 0 3 3 1 2 1 2 0 3 3 4 1 0]
  [0 0 4 2 3 1 0 0 4 1 2 2 4 4 4 3 3 3 4 4 1 1 2 2 2 2 0 1 2 3 1 4 4 4 1
   1 0 3 3 0 0 3 2 0 2 1 0 1 2 4 1 3 1 1 3 2 1 1 2 4 0 1 0 1 3 2 0 0 2 3
   3 4 2 3 2 4 0 3 1 0 1 0 1 1 2 2 2 3 3 4 1 2 1 2 3 0 4 0 1 1 3 0 0 3 1
   3 2 0 2 3 1 2 3 4 4 4 3 0 0 0 4]
  [0 4 3 3 1 0 0 1 4 0 3 2 3 4 2 4 2 2 3 0 4 3 2 1 4 2 2 1 3 2 0 3 1 4 3
   0 4 0 3 3 0 0 3 2 3 4 2 2 4 4 1 1 2 1 3 3 4 1 2 3 4 1 0 2 1 0 4 3 3 4
   0 2 1 0 1 1 4 2 0 0 2 2 3 4 4 1 0 2 4 2 1 0 2 2 2 0 2 3 0 2 3 4 1 3 1
   3 3 1 4 0 3 2 3 3 2 3 0 1 2 3 1]
  [0 1 3 0 2 2 1 1 3 0 3 1 3 4 0 4 4 2 1 0 0 2 2 3 3 4 1 4 2 4 0 3 4 3 4
   2 2 3 1 2 0 2 0 3 4 4 2 3 3 4 1 2 3 2 3 4 0 2 0 1 3 4 0 3 4 4 1 2 0 4
   2 0 1 4 2 3 1 1 3 4 4 4 2 1 2 2 4 0 2 3 4 1 2 0 0 1 2 3 1 2 2 1 3 1 4
   1 2 0 2 3 4 3 1 2 1 1 2 4 4 2 0]
  [0 2 0 1 3 0 3 0 3 3 0 0 0 3 3 2 3 1 3 3 4 0 1 4 2 0 1 4 0 2 3 3 4 2 1
   0 0 4 1 1 3 3 0 0 3 0 1 4 0 0 4 0 4 0 1 4 3 1 1 3 0 3 4 1 3 4 1 3 0 0
   0 3 3 2 0 3 2 4 1 2 0 2 3 2 4 0 3 1 4 2 3 3 4 1 0 2 1 1 3 2 1 4 1 2 4
   1 2 0 2 3 3 4 1 4 4 1 4 0 1 3 3]
  [0 3 4 3 1 2 0 2 1 2 4 0 0 3 2 4 4 0 1 0 2 3 0 4 1 1 0 1 2 1 4 0 2 2 2
   4 4 2 1 0 4 2 1 3 0 4 1 3 1 0 2 1 4 4 1 4 3 1 0 1 1 1 2 0 4 4 2 0 0 1
   4 2 2 3 2 0 1 3 1 1 0 0 2 2 0 1 4 1 2 4 1 4 1 1 2 4 4 4 1 2 3 2 3 3 3
   3 4 1 4 2 1 1 1 2 0 1 1 0 4 2 3]
  [0 2 2 3 1 4 3 4 2 1 4 2 2 4 3 3 4 0 4 0 1 4 0 1 4 2 3 3 2 3 0 2 1 4 0
   3 3 2 1 0 0 2 1 4 2 0 0 3 4 4 0 1 4 1 3 1 4 0 0 1 4 4 1 1 1 2 2 2 3 1
   3 1 3 0 0 3 1 0 2 4 1 3 0 4 1 3 0 3 4 2 2 1 0 2 1 4 2 1 0 0 3 0 3 1 1
   1 2 4 2 3 3 0 1 2 1 2 3 3 0 3 4]
  [0 2 0 2 4 2 4 4 1 1 0 4 3 4 1 4 4 3 4 0 0 1 4 0 3 0 4 0 0 2 1 2 2 1 1
   3 4 1 0 0 0 0 0 2 3 2 0 2 2 1 0 2 2 0 2 1 3 4 3 2 2 1 1 3 4 4 4 4 0 2
   1 2 3 3 0 0 3 4 4 0 0 4 2 0 2 0 1 1 2 1 4 1 0 4 2 2 3 1 2 4 1 1 2 1 0
   3 0 0 1 4 4 1 3 1 2 1 0 0 2 4 3]
  [0 0 4 1 2 2 1 3 0 0 3 0 3 3 1 3 0 4 2 2 3 0 4 1 4 1 2 0 0 4 3 1 3 4 4
   1 4 0 1 3 0 4 1 1 0 3 4 0 3 3 1 4 2 2 2 0 4 4 1 1 2 3 4 2 3 0 2 1 1 0
   0 3 3 0 1 3 3 4 2 4 3 4 2 0 3 1 3 3 0 2 2 2 2 2 4 2 0 3 4 3 2 3 3 4 1
   3 4 3 4 4 2 2 3 2 4 3 3 4 4 1 1]
  [0 4 1 2 4 4 3 1 3 0 2 3 3 0 4 3 1 1 4 2 1 0 0 0 4 4 2 1 3 3 2 3 3 1 4
   2 4 2 1 2 1 1 3 1 0 2 1 4 0 2 3 2 0 0 2 3 2 4 1 2 0 1 0 4 2 4 4 4 2 0
   0 4 0 0 3 3 4 3 4 1 2 2 4 4 2 0 2 3 3 1 0 3 2 0 4 3 4 0 4 0 4 1 1 2 0
   4 0 0 0 4 1 4 4 4 1 0 0 4 1 0 0]
  [0 1 2 2 2 0 4 4 1 2 4 4 4 2 2 3 1 0 4 0 1 2 2 4 3 3 4 1 4 1 4 1 1 3 3
   0 3 1 2 2 1 1 0 2 2 3 0 1 4 0 2 4 2 4 2 0 3 4 1 4 1 1 4 2 4 1 2 3 3 2
   1 1 3 0 2 1 3 1 1 0 0 1 3 2 1 4 3 3 2 1 0 0 2 0 4 3 2 2 0 1 3 0 1 4 4
   1 4 1 1 0 4 0 1 4 2 3 1 0 4 3 3]
  [0 1 3 2 1 4 0 0 2 1 1 4 4 3 0 4 0 3 1 0 1 1 3 3 4 2 4 0 4 4 4 0 4 2 1
   2 4 4 2 0 0 3 1 0 0 0 0 1 4 3 0 4 2 4 0 1 4 2 4 2 0 4 3 3 0 0 0 3 1 2
   1 0 0 2 0 2 0 2 0 1 1 3 1 4 2 4 3 0 1 0 1 1 3 4 3 2 1 4 3 4 0 3 4 2 3
   0 4 4 3 0 2 2 3 2 1 1 1 3 1 1 3]
  [0 4 2 0 4 1 3 4 3 1 1 1 3 4 3 4 4 0 1 3 3 1 2 1 4 4 1 2 3 2 2 0 3 4 3
   1 4 3 3 3 3 2 2 0 2 4 1 4 3 2 2 0 0 0 1 0 3 2 1 0 4 4 0 1 0 0 0 1 1 3
   0 1 1 2 0 4 3 0 4 2 2 4 1 1 0 2 0 3 1 0 0 1 4 2 0 1 3 2 0 3 4 3 4 2 2
   3 4 0 1 0 1 2 2 1 0 4 2 1 1 1 4]
  [0 0 1 0 4 3 0 3 2 4 1 0 0 3 0 4 1 2 2 4 4 2 1 0 2 4 3 1 2 3 4 1 4 0 4
   0 3 1 0 2 1 4 1 3 3 2 3 0 3 2 1 3 0 3 1 0 3 4 2 4 0 0 0 4 3 0 2 4 2 1
   4 3 1 4 0 3 2 4 4 0 4 2 3 4 3 4 2 0 3 0 3 3 4 4 1 3 2 0 1 1 3 2 0 0 4
   0 0 1 1 4 4 4 4 4 1 3 3 1 2 1 2]
  [0 4 1 2 0 4 2 3 1 4 2 4 2 1 1 0 1 1 0 2 3 1 0 4 3 4 1 3 3 2 2 1 2 4 0
   3 4 1 3 2 1 2 2 3 3 3 3 4 4 4 0 0 4 0 4 2 4 3 3 1 1 0 4 1 2 0 2 1 3 1
   1 0 2 0 4 0 3 0 2 1 0 2 0 2 4 1 2 3 0 1 1 1 4 1 0 4 2 2 4 4 4 0 3 0 2
   2 0 0 4 1 1 4 3 3 2 4 1 0 3 2 3]
  [0 2 3 0 1 2 1 4 2 4 1 3 2 2 4 4 3 2 0 1 2 2 2 0 4 3 1 1 3 0 3 0 4 1 2
   1 1 1 2 0 3 0 3 4 2 0 0 0 1 1 3 4 2 1 0 3 4 4 4 1 2 2 1 1 1 3 4 1 4 2
   4 4 1 1 1 0 1 3 3 2 4 1 3 2 3 3 1 0 3 3 1 2 4 0 4 3 3 0 3 1 2 0 2 2 3
   0 4 2 4 1 2 4 2 2 1 4 0 4 4 3 4]
  [0 1 3 0 0 3 2 2 1 2 1 3 1 2 2 0 1 2 4 2 4 3 2 1 0 1 2 1 1 4 4 2 2 0 3
   3 4 1 4 2 1 3 4 4 1 0 0 0 2 2 3 0 0 1 3 0 3 4 3 3 3 0 1 4 0 0 3 3 0 4
   2 0 3 4 3 3 2 2 2 4 0 3 1 2 2 3 4 2 4 0 3 2 0 1 3 2 4 3 4 2 3 1 3 2 1
   1 4 1 3 4 0 3 1 4 0 4 3 4 1 3 3]
  [0 2 3 4 1 0 3 1 2 0 0 2 0 1 1 4 1 0 3 2 4 1 1 2 3 3 3 0 4 0 3 0 0 2 3
   3 0 3 4 3 1 3 2 3 3 3 2 0 2 3 4 0 0 2 3 3 0 2 0 2 2 1 0 3 1 3 1 3 2 3
   0 2 3 4 4 2 3 1 2 4 2 4 4 2 0 0 0 0 3 3 3 3 1 3 4 4 1 3 3 4 2 4 4 4 1
   1 2 4 0 1 4 0 4 4 2 3 2 2 0 2 2]
  [0 0 0 2 4 1 1 1 4 1 1 0 0 1 1 1 2 0 2 2 1 0 3 3 2 0 4 4 3 0 0 3 2 3 0
   4 2 3 1 4 1 4 0 0 3 0 4 3 2 0 3 1 3 4 3 3 3 0 2 1 4 2 2 2 4 3 0 2 3 0
   2 2 1 3 0 3 1 2 3 4 2 4 0 2 2 2 0 1 3 4 4 1 1 0 0 1 3 4 2 0 0 2 0 2 4
   1 1 3 2 1 1 2 0 4 3 1 2 4 1 2 3]
  [0 4 2 3 3 4 2 1 2 4 4 2 1 1 0 2 0 1 3 3 2 0 4 4 3 0 0 2 1 4 3 0 1 0 2
   3 0 0 1 1 2 0 2 4 0 2 3 1 4 4 2 0 4 4 4 4 1 1 0 3 2 0 2 3 2 3 1 3 1 3
   0 4 0 3 0 3 0 2 3 4 4 4 4 4 3 1 3 2 2 4 2 2 1 1 1 0 1 2 3 0 0 0 0 1 4
   0 3 3 2 3 0 2 0 4 0 1 2 1 1 4 1]
  [0 0 0 4 3 2 1 1 3 4 4 3 4 2 0 2 0 1 2 4 2 2 2 2 3 0 2 1 4 2 1 2 0 4 1
   0 1 1 2 3 1 3 4 2 2 0 0 1 1 2 2 1 2 4 3 0 3 4 4 0 4 4 1 2 4 4 3 2 4 3
   4 2 2 2 1 1 3 0 0 0 1 4 0 2 4 0 4 3 3 4 2 3 2 3 4 2 2 3 1 4 1 4 1 4 0
   3 3 2 0 1 0 2 3 2 0 3 0 1 0 0 1]
  [0 4 3 3 0 3 2 2 3 4 3 2 1 2 0 4 1 4 1 1 2 1 2 0 0 2 4 0 3 3 3 2 1 4 0
   0 0 2 1 3 2 1 2 3 1 3 1 3 2 0 3 4 3 3 0 4 2 1 4 3 0 0 1 3 1 2 3 2 0 2
   1 3 2 1 3 2 1 3 0 2 4 0 2 3 0 3 2 3 1 4 0 0 3 0 0 2 2 4 2 0 0 0 1 1 4
   0 1 2 2 4 1 2 0 2 2 0 3 3 3 0 4]
  [0 1 0 2 2 3 1 2 4 4 0 1 1 3 3 4 4 1 2 4 2 3 0 0 4 2 0 4 0 0 0 2 1 4 3
   2 2 0 4 0 4 1 3 1 0 0 4 2 0 2 4 4 0 0 4 1 0 3 4 1 2 0 4 3 4 1 3 4 1 2
   3 0 1 3 2 1 3 2 2 4 1 0 2 1 4 0 2 2 1 2 3 0 4 4 3 3 2 2 4 4 0 1 1 0 4
   1 1 0 4 3 0 0 4 2 2 0 2 4 4 0 0]
  [0 1 0 3 4 1 1 4 4 3 4 1 1 0 2 0 0 4 3 0 2 2 3 3 0 4 3 1 2 4 4 3 4 2 4
   0 4 4 4 0 3 0 1 3 4 3 0 1 1 4 2 0 3 4 3 1 0 0 3 1 4 1 0 3 1 3 0 4 1 0
   3 3 1 3 3 4 1 1 0 3 3 3 4 1 4 0 1 4 2 3 0 1 3 1 3 0 0 3 3 2 3 1 0 0 2
   2 3 0 3 2 2 0 1 2 2 2 2 0 2 1 0]
  [0 0 2 4 4 1 3 0 4 3 2 1 2 3 1 2 4 0 0 1 4 4 0 4 3 1 3 4 3 4 3 4 2 4 0
   1 3 0 2 0 2 3 3 4 4 1 1 4 4 2 0 1 3 4 1 2 3 4 2 4 4 1 4 0 3 1 1 3 4 3
   0 4 4 0 1 4 1 1 0 2 4 1 2 4 0 1 3 2 2 4 1 2 1 0 3 2 1 0 2 2 0 4 0 0 2
   0 3 2 0 1 2 1 3 3 2 0 0 1 4 3 0]
  [0 3 2 2 1 3 3 0 2 3 1 3 1 4 0 1 0 3 3 0 1 4 1 3 4 3 2 0 1 0 1 1 3 2 2
   3 1 3 4 4 4 0 1 4 4 1 4 0 4 0 4 2 0 1 3 0 1 4 3 2 0 1 1 1 0 1 2 1 0 3
   3 3 1 3 3 2 3 1 0 0 4 0 1 4 4 2 0 3 1 3 2 4 3 3 3 1 2 0 4 4 3 1 3 1 4
   3 1 3 1 1 2 2 3 4 2 3 4 0 1 3 4]
  [0 2 3 2 4 4 2 0 2 2 4 0 1 0 2 1 0 3 0 1 2 1 1 1 0 1 3 4 0 1 0 1 4 0 3
   4 2 3 3 1 3 4 1 4 0 3 2 1 3 0 3 3 3 4 3 4 1 3 4 0 4 4 3 0 3 0 3 3 4 0
   0 4 0 3 0 1 0 2 2 1 0 3 2 3 1 1 4 3 2 2 2 1 3 1 4 3 1 1 3 0 3 1 4 3 2
   4 2 0 3 4 3 4 4 0 0 4 1 1 3 0 2]
  [0 3 2 2 1 2 0 3 2 4 2 0 0 3 1 3 1 1 3 3 0 4 1 4 0 3 0 2 0 0 4 3 2 0 0
   3 0 2 3 3 0 3 4 2 1 2 2 3 0 0 0 0 2 4 3 1 1 3 2 0 2 0 1 0 3 0 0 2 2 2
   2 4 4 2 4 0 4 2 0 0 0 2 1 4 3 2 3 1 4 4 0 4 2 2 3 4 3 4 0 1 2 0 3 3 0
   3 4 0 3 0 1 2 3 4 4 0 3 1 1 2 1]
  [0 1 0 0 0 3 0 4 4 1 1 4 2 2 4 4 4 2 1 4 3 4 3 0 4 2 0 2 2 4 4 0 1 1 0
   3 4 3 1 3 0 0 3 3 4 0 1 2 0 4 2 0 3 4 1 0 2 1 3 3 1 2 4 1 1 4 2 0 1 4
   2 0 3 2 2 4 0 2 0 1 0 4 4 3 2 4 2 0 4 3 3 1 0 0 0 1 2 4 2 2 0 4 0 0 4
   0 2 1 1 3 3 4 2 0 0 1 4 0 3 3 0]
  [0 2 3 4 1 2 4 0 4 2 3 1 3 1 4 4 1 0 0 1 3 4 1 0 2 1 2 3 1 1 0 2 2 1 4
   0 4 0 4 2 1 0 1 2 3 4 1 2 3 3 4 3 0 1 3 3 1 4 1 2 4 0 2 3 2 2 2 4 0 1
   0 0 3 4 0 1 1 4 3 2 1 1 0 3 0 4 0 0 4 3 2 2 0 4 3 3 3 2 4 2 0 2 1 0 3
   4 4 4 0 3 4 0 2 4 2 1 3 0 3 3 2]
  [0 1 2 2 3 0 2 4 3 0 2 1 4 3 4 0 4 2 0 3 4 0 2 1 1 4 3 4 1 1 0 0 3 3 1
   2 2 0 0 1 2 2 0 4 4 1 0 1 0 3 4 3 2 0 2 0 4 2 0 3 1 2 4 2 0 0 2 3 0 0
   2 4 0 1 3 2 1 4 3 1 1 3 1 3 2 2 0 2 3 2 2 1 3 2 2 2 1 4 2 4 3 2 4 3 1
   2 4 4 1 0 3 2 0 3 4 1 3 1 4 0 2]
  [0 1 3 0 1 2 4 0 0 3 1 0 4 1 2 1 2 0 1 4 2 4 0 1 4 1 0 1 0 0 1 1 4 2 4
   1 4 4 4 4 2 2 3 4 4 3 4 4 2 0 1 2 3 3 0 3 1 4 1 1 3 4 0 3 3 2 2 0 1 2
   0 2 1 3 1 3 4 4 1 0 1 2 0 0 4 2 4 4 1 3 3 2 1 4 4 4 2 4 2 0 0 4 0 4 1
   1 0 2 4 3 3 1 4 0 2 2 4 0 0 4 4]
  [0 2 3 4 4 2 1 4 2 2 1 0 0 2 0 0 2 4 0 4 2 1 1 3 1 1 3 1 1 4 1 0 4 4 2
   3 3 3 0 4 1 1 2 3 4 0 2 2 0 4 2 1 3 1 1 0 2 1 1 0 3 1 2 4 2 2 2 3 1 2
   3 0 4 0 0 2 2 3 4 2 3 1 2 3 2 2 1 2 4 0 3 1 0 4 3 2 1 1 0 3 0 0 1 4 3
   1 4 2 2 0 3 3 3 0 4 2 4 0 2 2 1]
  [0 1 2 4 4 1 1 1 1 4 4 4 2 2 2 0 0 0 1 3 0 3 0 4 4 0 2 1 0 0 0 1 1 1 4
   4 0 0 2 0 3 4 2 0 0 4 4 0 1 3 2 2 4 1 3 2 0 4 2 3 1 3 4 2 3 3 2 1 1 3
   4 4 0 1 0 4 3 2 2 4 0 4 4 3 2 1 0 3 4 2 1 4 2 0 2 4 3 2 4 4 1 4 3 2 0
   0 2 3 1 1 2 4 3 4 1 1 4 1 2 2 2]
  [0 1 1 4 2 1 2 1 4 1 4 4 3 2 0 2 3 3 4 3 3 0 3 4 2 1 3 0 4 4 2 3 0 0 3
   1 1 1 2 0 0 3 2 3 0 2 4 0 2 4 4 4 3 0 1 2 1 4 0 3 2 2 4 1 4 4 3 1 4 0
   3 0 1 0 0 1 0 2 3 4 3 3 4 2 0 2 0 3 1 4 0 1 2 2 0 4 1 2 2 1 4 2 3 0 0
   0 4 0 3 2 4 2 3 2 1 2 0 1 1 1 2]
  [0 0 1 4 0 2 3 3 4 4 4 1 0 0 2 2 0 0 4 1 2 0 2 1 3 0 1 1 1 3 1 0 2 4 1
   3 3 2 2 0 1 1 2 4 3 4 2 0 0 4 3 4 1 1 3 4 3 0 4 0 0 2 4 0 1 3 2 4 3 1
   2 2 0 2 0 4 1 1 3 1 0 2 0 0 2 2 4 2 2 1 0 0 0 2 1 3 0 1 2 2 4 1 1 1 2
   1 2 0 3 4 2 4 4 0 3 4 2 0 1 4 3]
  [0 1 1 2 3 2 1 1 1 3 0 3 0 1 3 4 4 3 0 3 3 2 3 3 4 4 2 3 1 0 1 3 2 3 3
   3 2 0 2 3 1 2 1 3 3 1 1 4 4 0 4 1 4 2 4 4 4 1 4 0 0 3 3 4 3 3 1 1 3 0
   2 4 4 2 0 0 2 4 2 1 1 4 0 4 3 0 1 4 0 4 0 1 3 4 0 0 1 1 1 1 4 3 3 4 2
   1 1 4 2 1 2 2 0 0 0 4 2 1 4 4 0]
  [0 1 1 0 0 0 3 4 4 3 1 2 0 3 2 4 0 0 2 3 3 3 2 0 4 4 0 4 3 0 0 2 2 1 4
   1 3 2 0 4 4 0 2 4 4 1 2 3 4 3 1 2 3 3 4 0 3 2 1 4 3 2 4 2 4 0 1 4 4 0
   4 4 1 3 0 1 0 4 2 4 4 4 4 2 0 0 4 4 3 3 2 1 4 0 0 2 4 1 1 4 2 3 1 2 0
   4 4 4 1 0 2 3 0 0 2 3 4 2 4 0 1]
  [0 0 2 1 4 4 4 4 1 2 1 1 1 0 0 4 4 1 4 1 2 1 1 2 2 3 4 3 1 3 1 3 2 3 2
   0 3 1 1 0 4 1 4 0 0 0 0 4 2 0 3 2 0 0 0 1 3 3 3 1 1 0 0 1 0 3 1 1 0 0
   1 3 3 0 1 3 0 0 4 4 4 4 4 2 4 0 3 2 3 1 2 0 2 2 1 4 4 1 1 1 2 0 2 4 0
   3 1 0 4 1 3 2 1 1 2 1 4 2 1 4 1]
  [0 2 3 1 0 0 4 0 0 1 3 3 4 2 4 2 4 4 4 1 3 0 1 1 3 3 3 2 4 3 2 3 3 3 2
   1 4 3 3 0 3 4 2 2 1 3 0 2 3 0 1 4 2 2 0 2 3 2 1 2 0 3 1 0 3 3 0 1 2 0
   4 0 3 2 3 4 0 2 0 0 2 1 0 4 1 3 0 4 3 2 2 3 0 0 0 1 1 3 2 3 2 2 1 4 4
   0 2 4 1 4 3 3 2 4 3 1 2 2 3 1 0]
  [0 2 2 2 4 2 1 1 2 4 0 0 1 0 1 3 0 3 3 4 0 4 3 1 3 1 3 3 1 1 1 4 1 0 4
   4 1 1 4 1 0 2 2 0 1 4 1 2 3 2 3 3 1 4 1 3 0 0 4 4 3 2 3 3 3 3 2 2 0 1
   2 4 0 1 0 3 2 4 3 0 2 1 3 0 2 3 2 4 1 0 2 4 3 2 0 0 4 0 2 1 2 0 3 3 1
   2 1 3 4 2 1 3 1 1 2 4 3 4 2 3 3]
  [0 1 0 4 4 0 2 4 4 3 3 3 4 1 1 4 1 4 3 0 1 2 1 4 1 3 4 3 1 4 1 4 1 4 1
   0 3 1 3 1 1 3 0 2 0 4 4 3 4 4 3 1 2 3 3 2 4 0 3 2 3 2 1 0 1 2 4 2 3 1
   4 1 2 3 0 1 1 0 4 4 0 0 0 1 0 4 2 1 4 3 3 1 1 0 0 3 0 1 1 3 2 2 1 4 2
   0 2 1 1 4 1 3 2 4 1 1 3 3 0 0 0]
  [0 3 0 0 2 4 0 3 2 2 3 2 2 3 1 0 2 2 4 3 0 1 3 2 2 0 2 3 2 2 1 2 1 4 0
   3 2 0 0 1 0 3 3 4 3 0 2 4 0 3 0 3 0 3 1 3 3 3 2 3 4 4 4 3 0 2 3 0 3 3
   4 1 4 0 0 0 1 2 3 0 4 0 2 3 2 4 3 0 3 4 4 2 4 1 1 2 0 1 3 4 1 1 3 2 3
   0 3 3 2 1 0 4 0 3 0 2 1 4 2 2 4]
  [0 4 0 1 1 0 2 3 4 4 0 2 1 2 2 4 1 4 1 1 2 3 2 0 2 1 3 1 0 3 0 1 1 4 2
   2 3 0 2 2 4 2 3 4 2 0 1 0 3 2 0 0 2 4 0 3 0 0 4 4 0 3 2 3 0 4 4 1 1 1
   2 3 2 2 3 2 1 1 0 1 2 1 0 2 1 3 0 3 0 1 1 3 0 2 0 3 0 2 3 3 2 0 3 1 1
   2 0 2 2 4 2 3 1 3 1 1 3 1 0 4 4]
  [0 1 4 1 3 0 0 0 0 1 3 2 1 4 3 4 3 3 4 0 0 2 0 2 1 1 2 2 1 3 1 4 4 0 3
   0 4 2 3 4 2 2 1 3 3 2 4 4 0 3 1 3 0 0 2 4 1 0 4 0 1 1 2 4 1 1 0 2 3 2
   0 4 3 1 0 4 1 2 2 1 2 4 3 0 0 1 3 3 0 3 2 1 4 3 4 0 2 4 1 0 4 1 1 0 3
   0 3 2 4 2 3 1 3 4 1 0 0 0 2 3 4]
  [0 2 0 2 0 4 1 1 1 3 3 2 2 0 0 3 1 1 0 3 4 3 4 0 1 0 1 4 1 1 2 0 1 0 0
   2 3 3 4 0 2 2 3 3 2 4 0 1 4 4 1 4 0 1 2 3 3 1 3 3 3 1 2 2 1 0 3 3 2 1
   0 0 4 0 4 1 4 2 0 1 2 1 2 2 0 2 3 0 1 0 4 4 0 1 4 1 3 0 3 0 4 1 1 3 1
   0 3 1 0 1 4 2 4 1 2 3 1 4 1 1 0]
  [0 3 3 0 3 1 3 4 4 0 4 1 4 1 3 2 2 2 3 2 0 0 4 2 4 2 3 3 2 0 3 3 4 1 3
   4 3 0 4 3 3 4 2 2 4 2 4 1 1 3 0 0 3 2 2 3 3 0 4 0 1 0 4 3 3 3 2 0 1 2
   4 2 3 3 2 3 2 0 2 0 1 0 1 2 1 0 3 1 3 0 4 0 1 2 1 2 4 1 2 4 1 2 0 3 0
   1 1 2 2 2 3 2 2 2 3 0 4 1 3 3 4]
  [0 0 4 3 1 2 1 0 0 1 4 0 0 3 4 0 0 4 3 2 3 1 2 1 4 0 0 2 4 1 4 4 1 1 0
   3 3 0 0 3 3 4 4 0 4 0 3 1 0 3 4 2 4 0 4 3 2 4 0 0 4 3 0 0 4 1 2 1 3 3
   4 2 2 2 3 4 3 4 1 1 3 3 2 0 2 3 0 2 1 0 1 2 2 1 4 4 2 4 0 0 4 0 0 2 0
   1 1 0 0 3 4 2 4 3 2 1 1 1 4 0 0]
  [0 3 1 3 4 1 1 4 3 0 3 4 3 1 1 0 3 3 2 4 1 1 1 1 0 2 0 3 0 1 4 0 1 4 3
   1 3 1 4 2 4 2 2 1 0 4 4 3 1 4 2 1 0 0 4 0 3 3 0 3 2 0 3 2 2 3 3 3 4 3
   2 2 0 1 1 0 4 3 2 2 3 2 2 1 4 2 0 0 2 0 2 1 0 4 1 0 3 0 0 4 0 0 1 4 0
   3 4 0 2 4 4 3 2 2 2 4 3 2 2 1 3]
  [0 4 3 3 1 4 2 3 4 2 3 1 3 2 3 4 1 1 2 3 4 0 0 1 1 4 2 2 1 4 0 0 1 4 0
   0 4 1 2 1 2 4 4 2 0 3 4 2 1 0 4 1 3 3 4 1 0 1 3 0 1 4 3 3 4 3 0 2 3 4
   3 2 3 4 1 1 1 0 1 3 3 3 4 2 3 4 0 4 0 4 1 2 0 3 0 2 4 4 0 0 2 4 1 3 0
   4 0 4 3 3 4 4 1 3 4 3 2 3 0 3 1]
  [0 1 2 2 2 2 1 4 4 1 1 3 4 2 4 4 2 4 4 2 4 1 3 0 2 0 2 4 4 2 4 3 1 3 0
   4 1 3 3 0 3 3 1 1 3 2 0 3 0 2 4 1 4 0 2 2 3 4 2 3 1 4 0 2 1 3 1 2 1 3
   1 3 1 4 0 1 0 1 0 3 0 2 3 3 4 4 0 4 0 0 1 2 1 2 0 2 2 0 4 4 0 4 4 1 3
   4 3 1 2 1 2 3 0 1 1 3 0 0 0 2 1]
  [0 1 2 2 2 3 0 2 3 0 2 2 3 2 0 4 1 1 4 2 3 2 2 3 3 2 0 3 4 3 0 1 4 2 4
   3 2 1 2 2 4 0 4 2 4 3 3 3 2 4 4 2 1 4 3 4 3 4 4 4 3 2 4 4 4 3 1 4 4 1
   4 3 1 3 0 2 3 2 3 0 4 1 2 4 1 3 4 2 0 4 0 3 4 4 2 2 0 0 2 1 4 3 3 0 2
   0 4 4 1 1 2 0 2 1 2 2 3 2 3 3 3]
  [0 2 4 2 0 4 3 3 1 3 1 2 4 3 2 0 0 0 3 4 0 0 4 1 3 0 3 2 4 1 1 0 2 2 3
   4 2 2 4 0 2 3 3 0 1 1 4 0 3 0 0 4 3 3 1 2 1 1 4 2 3 3 2 0 2 0 0 3 0 4
   4 4 4 2 4 0 2 2 4 3 1 3 4 2 3 2 1 0 0 0 4 0 2 0 0 1 2 4 0 1 3 3 4 2 1
   0 2 4 1 4 2 1 2 4 4 4 3 3 2 1 3]
  [0 4 1 1 1 0 3 4 1 3 2 4 3 1 4 3 1 4 1 3 1 3 1 4 1 4 0 3 4 0 0 0 3 1 3
   3 2 4 1 1 2 4 2 0 1 4 2 0 4 3 1 1 1 4 0 3 4 3 3 2 3 2 3 4 1 0 1 0 4 3
   0 4 1 4 3 4 0 2 2 1 3 0 4 4 2 2 2 3 2 2 1 1 0 0 1 1 1 0 4 4 4 0 2 2 3
   4 3 1 0 1 2 0 4 2 1 1 3 4 1 2 0]
  [0 0 3 4 4 2 2 2 3 2 2 0 1 3 4 4 0 3 0 2 3 0 3 3 2 1 3 4 3 2 2 1 2 4 4
   1 4 1 0 0 2 3 2 1 4 0 0 1 2 4 0 2 2 3 4 2 2 2 1 4 0 3 0 2 2 4 4 0 1 3
   1 2 1 4 0 3 3 2 1 1 3 0 4 3 1 1 2 4 0 0 4 3 0 0 2 1 1 1 1 0 4 2 1 4 4
   0 1 2 4 4 0 0 2 3 2 1 1 4 1 0 0]
  [0 4 0 2 4 2 1 3 0 1 3 0 1 4 2 1 1 2 0 2 0 4 2 3 2 3 4 2 2 4 1 4 2 4 0
   0 0 0 2 3 3 2 4 1 0 2 2 1 4 0 2 4 1 0 2 2 2 4 4 3 3 3 0 4 0 2 1 1 1 3
   4 3 0 1 0 2 4 0 0 0 2 4 2 3 2 3 3 1 3 1 3 4 2 2 0 4 3 1 1 3 2 1 4 1 2
   0 0 4 3 3 3 1 2 1 2 1 3 3 0 4 4]
  [0 3 0 3 0 1 3 0 1 4 2 2 1 3 4 1 4 1 4 1 4 2 1 1 2 4 4 1 2 3 1 1 2 3 2
   1 0 4 1 2 2 2 2 1 4 2 0 0 1 4 3 1 0 0 3 1 3 3 3 3 4 1 4 0 2 2 3 2 0 2
   4 2 3 2 1 1 1 4 0 1 0 0 0 3 4 2 1 4 0 0 0 1 0 1 1 0 2 2 3 4 3 1 2 0 2
   0 2 1 1 2 2 1 1 3 0 2 1 4 2 0 0]
  [0 2 0 0 3 0 2 1 2 1 1 1 4 0 4 2 3 1 2 1 3 4 4 2 2 1 1 2 0 1 0 1 2 0 0
   3 1 1 2 4 4 0 4 3 3 4 0 3 0 3 1 4 4 2 4 2 4 4 3 1 4 2 2 3 0 2 3 3 1 1
   2 4 0 0 2 3 1 3 4 3 4 0 2 2 2 4 4 4 0 3 0 1 3 3 1 0 0 3 2 0 0 0 0 4 1
   1 3 3 1 4 4 2 2 1 3 4 0 4 4 3 3]
  [0 3 2 0 3 4 3 1 2 2 3 4 0 2 2 2 1 3 0 4 3 2 4 0 0 4 3 1 3 4 3 2 3 3 1
   2 0 0 2 1 3 2 1 0 1 1 0 3 4 1 2 4 0 1 1 1 2 1 3 2 3 3 3 2 0 2 0 2 4 3
   1 4 1 2 1 4 0 1 4 0 1 3 2 2 4 0 1 1 1 0 3 1 4 2 2 0 4 0 0 3 0 2 4 1 3
   3 4 3 1 2 2 2 0 4 0 1 1 4 4 1 0]
  [0 0 1 0 3 2 3 0 4 3 3 1 0 3 4 2 0 2 4 1 4 1 3 2 1 1 3 3 1 2 1 2 1 3 4
   1 0 4 3 4 3 3 4 2 0 0 4 2 4 0 3 0 2 4 4 2 1 0 1 3 2 3 4 2 3 4 2 3 3 3
   2 0 2 1 4 3 0 0 4 2 3 3 3 1 4 0 2 0 3 2 4 1 0 2 2 1 2 4 0 3 2 3 4 2 0
   1 2 1 3 0 2 0 1 4 3 3 4 2 4 1 2]
  [0 1 0 4 2 2 0 3 3 1 0 3 2 2 2 0 2 0 2 0 1 0 3 1 2 2 3 0 3 0 3 4 4 3 4
   4 0 3 2 1 3 0 3 3 2 3 0 1 3 0 4 1 3 2 2 4 2 1 2 4 0 0 2 1 0 2 0 0 0 4
   4 0 4 4 2 3 4 3 1 0 4 1 4 2 2 4 0 2 4 2 4 2 3 1 4 2 2 2 0 0 4 0 0 0 3
   1 0 0 0 2 4 4 2 1 2 4 2 2 0 2 3]
  [0 2 0 3 1 1 4 1 2 3 2 3 1 1 1 0 1 0 3 4 3 4 0 4 4 4 2 0 4 4 4 0 3 2 1
   4 1 0 4 2 3 4 0 4 2 4 2 2 1 2 3 2 3 4 0 1 1 3 3 2 0 0 1 4 0 4 0 0 3 0
   0 0 2 0 0 3 0 4 4 1 0 1 0 3 1 1 1 0 1 1 3 4 4 3 2 0 2 3 4 3 0 1 2 3 3
   0 1 3 0 2 2 0 0 0 4 2 0 4 0 4 4]
  [0 1 3 2 4 0 1 3 4 4 4 3 1 3 4 2 4 1 2 1 1 4 4 4 4 0 0 1 0 1 0 3 4 2 1
   0 2 2 0 1 0 3 3 2 4 2 1 4 3 3 4 2 4 4 3 0 2 1 4 3 0 2 2 0 2 3 1 1 0 3
   4 1 4 3 2 3 1 4 0 3 4 1 3 4 2 3 0 4 1 3 0 0 2 2 1 4 1 0 0 2 2 0 0 3 3
   0 3 4 2 1 2 3 0 2 0 2 3 4 4 0 2]
  [0 2 0 3 1 1 3 1 0 0 3 0 0 2 1 4 0 3 3 4 4 0 2 3 3 4 3 4 2 3 3 2 4 4 1
   3 2 4 2 1 1 2 2 3 4 0 4 0 4 2 3 3 2 2 3 3 0 2 0 0 2 0 3 4 0 3 0 0 1 2
   1 0 3 2 0 1 0 4 4 0 4 4 3 2 4 1 1 2 1 2 0 1 4 1 2 1 3 4 0 4 2 3 0 4 0
   4 2 3 4 0 4 3 1 4 2 3 4 1 1 2 2]
  [0 3 3 1 0 4 4 2 0 2 1 2 3 2 1 1 4 0 2 4 3 3 4 0 3 2 4 3 0 3 4 0 2 0 2
   3 2 4 3 3 0 3 1 3 0 0 1 0 1 2 1 2 3 2 2 0 3 0 0 0 4 1 2 2 0 0 0 3 4 4
   2 1 3 1 3 1 4 2 0 2 3 2 4 3 4 2 3 1 1 3 0 1 0 4 2 1 3 2 4 1 3 3 0 0 2
   2 3 4 0 0 2 4 1 0 3 3 2 3 4 1 0]
  [0 0 3 0 0 2 1 0 1 2 3 4 4 3 4 3 4 3 0 3 2 1 4 3 0 4 2 3 3 0 2 2 4 2 2
   4 2 3 4 1 2 1 4 3 3 2 4 4 2 2 2 4 1 0 4 1 4 1 4 0 1 3 3 1 3 0 4 4 0 1
   0 3 4 0 2 1 0 2 1 0 0 4 2 3 0 4 4 4 2 3 3 1 0 1 4 2 3 2 4 4 0 2 3 3 0
   4 3 4 0 3 4 3 4 2 1 3 0 0 2 1 0]
  [0 2 0 1 2 2 4 1 2 0 4 1 1 4 2 3 1 0 3 3 1 1 4 1 2 3 4 4 3 3 1 1 2 2 0
   2 4 2 2 3 3 1 2 1 4 1 0 0 0 3 2 2 1 1 0 3 1 0 0 0 1 0 2 4 0 4 1 3 2 0
   1 4 2 4 3 2 4 3 1 4 3 3 1 2 4 0 0 4 4 2 3 1 4 1 1 4 0 0 3 3 3 3 2 0 1
   0 1 1 3 2 3 3 2 3 0 1 3 2 4 1 2]
  [0 4 0 2 1 0 3 3 0 4 0 1 1 3 1 3 1 2 1 3 2 3 2 1 2 3 1 2 2 4 1 3 2 1 3
   3 3 0 2 2 0 0 4 4 1 1 2 3 4 1 4 2 3 3 4 3 1 2 2 0 1 4 1 2 1 0 3 1 4 1
   4 3 0 2 4 3 2 1 0 4 0 0 0 3 0 1 3 1 2 1 1 4 3 1 4 0 2 2 4 0 1 4 1 3 1
   1 0 0 2 0 0 2 2 2 1 1 0 3 3 2 4]
  [0 4 1 1 1 1 2 3 4 3 4 4 0 4 0 1 1 2 3 3 0 0 4 1 0 0 0 4 0 3 2 2 0 4 4
   2 2 3 2 0 4 0 4 4 1 4 3 2 3 1 1 0 3 2 3 1 2 3 1 2 3 0 1 1 2 4 0 0 4 2
   0 4 4 2 4 2 3 3 4 1 4 1 0 3 0 2 2 0 0 2 0 3 2 1 4 1 3 2 0 0 4 1 0 0 1
   2 0 0 4 0 3 4 2 1 4 3 2 0 2 1 3]
  [0 1 1 0 3 4 3 4 2 3 3 3 1 0 2 2 3 2 1 2 3 2 0 2 0 0 4 2 2 2 0 4 4 3 3
   1 1 4 1 0 2 0 4 1 2 4 2 1 4 3 4 1 2 0 2 2 0 0 3 0 1 1 0 0 1 4 1 1 4 1
   3 1 1 1 0 2 3 1 3 3 4 0 0 1 4 4 0 1 1 3 2 4 4 2 0 0 3 3 4 1 1 4 2 4 3
   4 2 4 0 3 4 1 3 3 1 2 0 3 3 2 4]
  [0 2 2 2 4 4 2 2 3 4 4 0 1 4 1 1 2 4 0 3 4 4 3 2 1 0 2 3 3 0 1 4 0 3 0
   2 0 4 4 3 0 4 0 4 1 0 4 3 3 4 3 2 4 2 0 3 3 1 2 0 0 2 4 1 4 0 0 1 1 3
   1 3 3 4 4 0 2 2 4 0 0 2 2 3 1 4 3 0 4 3 1 4 3 1 2 3 0 0 0 3 2 0 4 0 3
   4 1 0 0 0 1 3 0 0 1 0 1 3 4 0 1]
  [0 3 4 3 1 2 4 1 3 4 1 0 0 3 0 3 0 4 2 2 2 3 1 2 2 0 4 3 0 1 2 1 4 3 1
   3 2 0 3 1 3 3 4 2 4 4 1 3 2 2 3 4 3 1 0 4 0 3 4 4 0 1 2 2 1 1 3 0 3 0
   0 2 2 0 1 3 1 1 4 4 1 1 4 2 2 1 1 1 4 4 2 3 0 2 3 2 0 1 0 2 4 0 3 2 2
   1 4 0 3 3 0 0 0 2 4 2 0 4 0 4 0]
  [0 3 0 2 0 1 0 1 2 4 2 4 2 2 3 1 4 2 0 1 3 1 2 0 3 3 3 3 4 2 2 2 4 2 0
   2 4 2 4 2 1 4 4 3 0 3 2 1 3 1 1 4 3 3 2 1 3 3 4 3 2 3 2 3 0 1 0 3 2 3
   4 3 3 1 2 0 1 4 1 4 0 2 1 1 4 4 4 4 2 2 1 0 2 0 3 2 3 4 2 3 3 2 1 1 2
   4 1 2 1 4 1 0 2 1 4 1 2 0 3 2 4]
  [0 4 0 3 2 4 3 3 3 3 0 4 0 4 0 1 3 1 3 0 3 1 1 0 4 1 2 1 0 0 3 3 1 0 1
   0 0 0 2 0 2 2 2 4 0 4 3 1 0 2 4 3 3 4 3 0 2 2 0 4 0 0 4 3 0 1 0 0 4 3
   0 1 3 3 0 3 1 3 1 2 2 3 3 0 3 1 2 3 4 3 1 0 1 4 2 4 0 1 1 3 4 4 3 1 1
   4 1 4 0 2 2 4 0 4 3 4 0 2 2 4 2]
  [0 4 1 1 4 2 0 2 4 1 3 0 3 0 1 4 4 2 2 4 2 1 2 0 3 2 2 0 4 4 2 1 0 4 4
   0 0 1 4 1 3 1 3 2 0 2 1 1 1 4 1 3 1 4 1 3 4 3 3 3 1 3 4 1 1 1 0 2 1 4
   1 4 1 3 2 3 4 2 1 3 0 4 0 0 3 4 4 4 4 4 0 0 2 0 2 1 3 1 0 4 2 2 1 3 4
   3 3 1 0 2 4 0 1 0 4 2 1 2 2 4 0]
  [0 3 4 2 1 2 0 2 0 1 3 1 0 3 1 2 3 4 0 3 0 3 1 1 2 1 4 4 2 0 4 3 2 1 4
   1 0 3 3 3 3 2 0 2 3 0 0 0 3 2 0 0 3 3 1 1 1 2 2 3 3 2 3 4 0 3 1 0 4 1
   0 3 2 2 2 0 2 2 4 1 0 3 3 3 3 3 3 4 3 1 0 3 0 3 4 0 0 2 4 4 3 0 1 4 0
   3 1 2 1 1 1 1 1 0 0 3 1 0 2 2 4]
  [0 1 1 2 0 0 3 0 0 0 1 4 3 0 4 3 3 4 2 4 3 0 4 0 4 0 1 2 0 2 4 1 0 2 2
   3 0 0 4 4 4 2 1 1 3 1 2 2 2 3 4 0 0 2 4 0 1 3 0 1 2 3 3 3 0 0 4 3 4 3
   0 3 1 3 3 2 1 1 4 3 4 0 2 3 2 4 3 2 3 3 3 1 4 2 0 2 2 2 2 1 4 4 2 4 1
   0 0 4 2 4 2 4 0 3 3 0 0 0 2 0 3]
  [0 2 2 2 3 2 1 0 3 3 0 3 2 3 0 4 2 2 4 2 4 3 3 0 1 4 2 2 4 3 0 4 3 3 4
   4 3 1 4 4 3 2 2 1 4 2 2 3 3 2 2 1 1 3 0 2 0 2 3 2 2 1 0 3 1 2 4 4 0 4
   2 3 3 4 3 0 2 1 2 3 0 3 1 2 2 4 4 4 2 0 4 0 4 0 1 0 2 4 4 3 3 1 2 2 4
   0 4 4 1 2 3 3 0 1 2 2 0 3 0 4 0]
  [0 1 3 1 2 3 1 0 3 4 2 0 1 2 0 2 0 1 4 1 0 0 2 1 4 2 0 1 3 0 3 1 2 2 3
   3 1 3 4 4 2 2 3 0 3 3 3 1 3 0 3 0 2 4 3 3 1 1 3 3 3 4 4 4 4 3 4 2 3 4
   4 2 3 1 3 3 0 0 2 1 2 0 4 0 2 1 0 1 0 1 0 2 3 2 4 2 2 3 1 4 4 1 2 3 2
   1 3 2 4 0 4 4 4 0 2 4 2 0 2 1 2]
  [0 1 3 1 4 2 2 3 2 2 0 4 2 4 4 4 0 3 4 2 3 3 0 3 3 1 1 0 2 2 1 1 1 4 1
   2 2 4 1 2 2 3 3 0 0 0 3 4 3 0 2 2 3 3 1 0 0 3 3 1 3 3 4 3 0 0 2 0 4 3
   3 0 4 3 4 3 3 1 2 0 3 3 2 3 2 2 0 3 3 2 0 1 0 3 4 1 1 0 0 3 1 3 3 0 0
   1 4 3 4 1 2 0 4 0 3 1 2 2 0 2 3]
  [0 2 4 1 1 2 0 1 2 1 1 4 2 1 1 2 2 3 1 1 1 4 4 4 3 2 3 1 3 0 3 4 0 1 3
   0 1 0 0 1 4 1 2 3 3 0 2 1 2 3 4 1 0 0 4 1 3 4 3 4 0 4 1 1 0 0 0 0 0 0
   4 2 0 2 4 2 2 4 2 4 0 2 3 4 4 1 4 4 1 2 0 0 1 1 4 2 1 2 2 1 1 3 0 4 3
   1 1 3 3 4 2 1 4 2 4 0 0 2 3 0 0]
  [0 3 0 2 4 2 0 4 2 3 2 3 3 4 3 3 1 1 4 1 4 3 0 2 0 3 4 0 2 2 4 0 0 4 4
   2 0 0 3 4 3 3 4 3 1 1 0 2 2 3 0 3 3 4 3 3 4 3 2 0 0 0 3 0 0 0 1 0 3 0
   4 3 4 3 4 3 4 0 4 0 2 2 1 4 2 0 0 2 4 0 2 0 1 1 4 0 3 3 4 2 1 2 4 2 3
   3 2 0 1 4 1 1 0 3 3 0 2 2 0 2 0]]]
release_time
[  0   6  54  14   9  40  57  74  25  65 101  36  24 106  12  93  35  74
  80  55  46  37  99   2  36 105  54  37  53  23  82  68  87  19 221 112
  35  71  24  33  22  82  18  52  72 102   5 104  15   7  32   8  53  47
  91  22   0  98  88   8   7  61  42  11  70  50  70   1  47 102  15  94
  35  98  45  36  36  37  75  80  62  84 152  55   6  66  94  12   3  84
  81  33  62  98  76  97  18  86  28  54 286 107 252  29  49  39  76 187
  58 104   0  94  66  38  90  93  77  57  17  32  52]
due_date
[  0 107  92  91 109 113 110 108 100 109 107 107 113 118 109  96 114 113
 119  98 112 114 102  95  91 106 114 117 103 100 112  95  94  99 298 273
  98  98  98 109 105  92 114  98 236 219 108 104 114 103 102  94 293  91
 119  99 104 204 119 101 100 105 103 183 101 154 117  97 103 121 108 102
 112 101 117  95 116 259  93 105  96 109 384 103 106 109 116 118 116 117
 109 118 101 103  93 109 101 118  93 102 394 108 370  94  93 112  91 189
 110 105 110 104 102 102 317  95  95 113  95 108 110]
unit_emission
[ 8  3 16 17 16 11  9  9 10  2]
emission_limit
64865.4
setup_severity
0.02
due_tight
0.9
due_range
0.25
release_tight
10
degree_constr
0.8
