mach
10
job_rate
12
weight
[ 0  2  1  3  3  6  2  3  7  8  8  2 10 10  1  9  7  3 10  1  2  3  5  5
  7  3  1  2  4  5  4  3 10  8 10  7  7  8  4  1  6  4  1  9  8  2  6  1
  7  6  9  2 10  8  8  1 10  7  4  1 10  9  3  1  4  2  3  4  5  7  9  5
  8  7  9  6  3  8  9  1  6  4  2  7  7  6  5  8  4  4  1  4  4  1  5  3
  3  4  4  6  4  3  6  8  3  7  5  7  7  8  2  5  9  6  9  1  7  7  3  1
  5]
proc_time
[[  0 141 109  73 148  98  56  52  89 134 125  90  66  99 130 147  98  75
   55 136  84  70  95 103  95  75 139 126 110 103  75  62  77  79 146  99
   67 118 108 134  87  87 120  99 140  55  80  75 145 126 117  50  96 116
  142 150 138 141 136  79  87 113  56  78 110 105  56 133  72  57 106  68
   77 114 120  91 106 131  76 138  89 119  65 136 130 129 107 142  97 108
   78  95  73  88  74  71 112 108 147 135 119  74  93 144 111  54  89 106
   66 143  75 132 131  63  76 132  70  87  77  63  67]
 [  0 131  75  93  91  56 108  57 122  92 115 148 111 109 134 147 108  77
   54  63  70 121 148 112  59  90  55 119  80 120 143 122  84  59  88  67
  103  57  74  97 105 144 130  90  88 107 102 106  97 108  96 133 128 139
   74 123  80 132  68 137 101 101  99  74  74  85 116  99 150  86  70 104
  143  53  65 123 137 100 129 123 120 141  51  50  70 119  61 100 102  97
  139  53  63  94  56 111 127 131 100 148  66 115  77 119 101 142  66  79
  139  76 130  87  50 144  95 118  63 113  98 107 140]
 [  0 110  99  72 112  86 141 123  54 134 145 129  51 125 145 149  80 138
   55  51 134 147 150  85  71 135 121  77 107  55 144  55 150 103 108  69
   58 103  81 126  51  66 137  70  64 100  99  98 104  90 121 128  76  83
   51 111  85  73  95 120 122  83 120  71 117  55  55 106 126 120  59 144
  141  74  74 134  50  99  89  61  78 150  65  52  78  90  73 106  69 109
  144 102  51  84  88 141 138  83 119  92 148 121 121  76 146 133  91 119
  150 136  52 124  76  79 108 144 131  93 122 114  99]
 [  0 114 111 121 145 143 137 148  57  60 138 100 126 145 140  72 134  74
  139  59  74 141  57 106  92  80 137  59 148 126  91 128  90  60 131  62
  134 139 130  75 105  54 106  80 138  63  96  76  51 107 142  56  83  70
  130 131 120  99 146  85  92  71 117  68  52  56  64 129  50 115  92  80
  150 138 129 119 124  64  64 141 107  81 125  73  73  71  96  79  85  94
  121 107 108  80  63 142  83 147 138  86 144 141 134 121  72 149  68 103
  105 124 119 127  82  69 127 132 101  74 100 104  81]
 [  0 132  84 115  95  62  89  64  84  62 100 103 124 147  55  98 138  82
   65  98 133 118 122 101  66  64  79 150  63  71 110 110 142  58  62 113
  145 150 121  61 146  78 150  87  69  60 130  56 114  59 125 140 113  59
   98 129  74  91  69 150  84  74 116  70 115 138 134  66  50  88 105  59
   96  51  55  57 117  53 137  57  67  50 112  78  60 123 136 146 132  76
  143  67  78  68  83  74 145 116  85  66 141  78  74 102  53 139  70  97
  145 112 127 126  95 136 135 135 122  92 135  58  88]
 [  0  96 108  66  86 107 131  50  78 142 141  71  57 147 113 101  80  79
   87  55 146 113 132 117  94 150 130 121  64 123 140  65 127  52 133 107
  111  88 116  89  67  81 124  63  50  79 110  96  88 110 112  81 103 105
   74  86 145  83  87  64  61  75 110  73  96  84 115 117 124 139  95 118
  113  79 129 120 135 144 102 140  68 100 109  56  92  53  96  77  73 119
   83 111  50  86 146  55 150  60 127 118  98 145  93  78  52  62  99  90
   52  82 135  99  73 143  86 147 141  69 102  56  65]
 [  0 124 105 119  84 142 114 133 135  83  69 122 140  58 114 138 126 138
  145 127  69  94 135  88 131  76  95 106  95  71 147 101  93 122 136  63
   56  55  57  91  56 135 134 142  69 112  80 109 103  69  99  96  80  81
  104  59  51  81 148  54 126 145 132  68 147  66  86 112 120 127  98 137
  107  51  69 109  62  79 144 116  53 144 109  86 118  54 127 136  79 128
   92 135 131  85 111  98 147  72 142  50 102  68  69  59  68 143  85 127
  132 108  86  97  62 149  73 124  61 133  89  74  55]
 [  0 112 120  99 128 128  74 112 144  91  57  86 115  53 128 136  78  62
   95 125 129 147  89  53 118 130  75  73  88 120 107  52  97  53 138  92
   99  87 124 141  52  67  71  75 110 113  91  60 129  72  85  98 134 116
   60  65  61 105 112 133 110  75 126  88 118 110  97  64  63  54 103 141
  121 101  65  86 101 105 137 110  61 138  78 110 129 150 109  88 148  58
  102  52  89  60  94 132  69 144 142  86  89  72 102 121 124  50  52  67
   70 139  70 134  82 150  92 125  92 113 109  57  70]
 [  0  96  69  82  70  70  83  82  88 145  89 107  67 113  59  60 108  76
   89  96 132  62  93 121  62 114  73 121  59 129 124 122 132  89  88  80
  148  62 131 119 112  72 127  97  85 140 112  82 101 117  74  71  68  62
   81 150 119 104 141  88  88  84 140  93  94 107  97  87 100  91  82 139
   78 115 142 130  86  82 110  64 134  94 110  63  66 119  70  64  75  54
  109  96 136 100  83  55 127  66 119 118  51  73  75  50 142 138 150 142
  103  94  70 125 120  50 150 140 141 101  60 100  58]
 [  0 101 139 136 122 114 115 122 147 110 149 106  61 117 143 123 150  85
  135 114  77 111 120 118 130  96  63  95  52  50 126 150 137  66 116 128
   98 104 147 137  92  57  90 129  82  91  74  59  96  85  76  79 120  66
  116 118  64 128 149 104 121  98 112 106 112 104 148  85  96 150  68 136
  117  87 100 142  85  79 131  77 124 112 136  66  55  93  87  83 118 125
  134 114 145  72  60 141 121  89 101 139  69 103  98 105  75  64 146  52
   78 129  93  64  67  91 144 126  79 137 119  82  83]]
setup_time
[[[0 1 3 2 4 4 1 1 2 5 4 0 5 2 1 4 2 5 1 4 4 2 0 4 0 3 1 4 4 1 1 5 3 5 3
   0 3 1 3 5 0 2 2 5 4 1 3 0 0 0 5 0 2 1 3 2 4 0 2 4 2 4 1 3 5 1 4 1 4 4
   2 1 3 0 1 0 5 4 0 2 4 4 4 0 2 5 4 1 0 5 0 3 5 2 2 0 3 4 3 2 0 4 2 4 2
   2 1 2 3 5 2 4 3 1 5 5 0 4 0 1 1]
  [0 0 3 5 0 3 1 0 1 1 2 4 2 1 1 0 5 2 1 1 2 4 2 1 4 4 4 1 5 2 3 1 0 2 0
   1 4 5 3 3 5 5 4 2 0 5 2 4 3 0 5 4 5 0 4 2 0 1 2 0 0 0 3 3 5 4 4 3 4 2
   2 5 4 0 3 4 4 3 4 2 3 5 0 5 5 5 1 5 2 3 5 0 4 2 5 1 4 5 5 2 2 0 2 4 2
   3 2 0 3 0 1 1 3 4 5 0 4 3 3 4 2]
  [0 0 0 0 0 3 2 3 4 3 2 4 0 1 2 1 2 4 3 3 3 4 3 0 1 1 0 4 2 4 2 3 5 1 0
   4 3 3 2 5 4 0 0 2 3 2 4 5 5 1 4 3 2 4 2 0 0 1 2 4 4 3 0 0 1 3 3 5 3 5
   3 1 4 0 4 2 1 3 3 1 0 0 4 1 1 5 3 2 0 5 2 0 1 3 4 2 0 5 5 3 5 3 4 3 0
   1 3 0 3 0 1 1 5 0 0 2 5 0 2 1 1]
  [0 4 3 0 5 2 2 2 0 5 5 5 5 1 4 0 0 2 5 4 3 4 1 5 5 5 0 3 4 3 0 0 3 2 1
   5 2 4 1 1 0 4 3 2 3 5 2 4 5 3 2 0 5 0 4 4 5 2 1 5 2 0 2 4 1 4 1 3 5 2
   3 2 4 5 0 4 5 4 4 1 2 3 3 1 2 0 0 4 5 3 2 4 4 0 3 1 5 1 2 0 0 2 3 1 2
   1 2 2 5 0 2 2 4 3 2 0 4 0 4 1 5]
  [0 3 0 1 0 3 5 2 2 2 5 2 4 2 2 5 0 5 4 0 2 2 2 4 2 0 0 2 1 4 5 4 1 5 0
   5 2 2 2 0 3 0 1 4 2 5 5 0 1 4 3 0 4 1 0 2 4 3 1 2 1 3 0 5 0 1 0 4 5 4
   3 0 1 4 0 1 0 4 4 3 4 4 0 0 4 3 5 2 3 5 0 3 3 3 5 3 1 3 0 3 1 4 3 4 1
   0 3 2 1 5 4 1 2 2 0 3 5 5 3 1 4]
  [0 2 4 1 5 0 1 0 0 2 3 3 1 4 1 2 4 1 4 3 2 0 4 2 0 1 1 5 1 1 1 2 3 5 5
   1 1 3 0 0 4 1 1 0 1 5 3 4 4 0 1 1 3 3 4 1 2 5 0 4 1 1 3 0 3 3 5 1 3 0
   2 5 0 2 1 5 4 1 3 0 3 0 2 2 3 1 5 3 2 3 4 2 2 5 5 2 2 1 3 3 4 4 2 3 1
   5 3 5 0 1 4 3 4 1 3 4 5 2 4 3 5]
  [0 0 5 0 5 2 0 1 2 0 0 4 5 5 2 1 4 3 1 3 0 4 0 0 1 2 1 2 3 1 2 0 2 5 5
   1 4 4 4 0 4 4 1 4 2 4 1 1 0 4 5 2 5 4 3 2 5 5 3 1 4 4 5 5 1 3 5 4 0 5
   5 1 2 2 5 4 2 3 5 0 0 2 2 2 4 1 0 0 4 0 0 1 1 0 2 5 4 0 4 4 5 2 0 3 0
   4 3 4 3 3 0 0 3 5 5 1 5 1 2 3 4]
  [0 0 1 4 0 3 4 0 1 3 3 4 4 0 3 5 3 2 5 3 1 2 0 0 1 2 5 3 5 2 0 1 2 5 2
   1 1 1 4 5 1 0 2 4 0 3 5 2 0 2 5 3 5 5 4 1 0 2 0 0 1 3 2 4 4 1 4 0 0 2
   0 0 3 1 5 2 2 3 0 4 4 2 4 3 5 4 5 0 2 5 0 2 1 0 3 5 4 4 2 5 0 2 0 1 5
   2 5 2 4 1 3 2 0 5 2 5 2 5 3 3 5]
  [0 2 5 2 1 1 5 3 0 3 5 5 1 0 2 4 4 4 5 3 2 3 3 5 0 1 0 2 1 0 0 2 3 1 3
   1 2 1 4 3 2 5 5 0 4 0 3 2 1 2 4 5 1 1 3 5 3 5 0 3 0 5 2 2 2 3 3 5 3 4
   3 5 4 0 5 3 0 1 3 4 4 5 4 3 3 1 5 3 5 5 0 2 3 0 0 1 0 1 1 2 3 2 1 3 5
   0 1 2 2 2 0 5 5 0 5 1 3 5 3 4 3]
  [0 5 5 2 5 1 0 2 1 0 3 0 2 4 4 2 0 1 1 2 4 5 4 3 0 0 3 2 3 0 0 2 3 5 4
   5 4 2 4 5 3 5 3 1 4 4 2 1 3 4 2 3 2 0 0 1 2 2 5 4 5 1 4 2 3 1 0 3 2 5
   1 0 2 4 0 3 3 5 1 1 2 5 2 3 1 0 5 0 3 2 1 0 0 4 4 2 3 0 4 4 4 3 2 3 0
   5 3 0 4 0 2 3 2 3 0 2 4 1 3 4 0]
  [0 0 1 2 5 2 5 1 0 3 0 4 5 3 1 1 3 3 5 1 0 5 4 1 2 3 2 2 4 5 0 0 0 0 5
   0 2 3 0 3 1 0 0 1 1 2 2 1 2 5 4 1 1 5 0 1 1 4 1 1 4 0 1 0 0 0 4 3 2 3
   3 1 0 5 5 4 5 3 1 2 5 1 5 4 0 1 1 4 5 3 3 4 2 4 1 4 2 5 5 0 0 2 1 1 4
   3 4 2 2 0 3 0 3 5 4 4 0 1 2 5 3]
  [0 2 4 1 3 1 5 0 3 3 4 0 3 1 1 5 4 4 3 3 3 1 2 1 4 3 2 2 4 1 0 3 3 5 2
   0 2 0 1 3 4 1 1 2 1 2 0 0 1 2 4 1 2 4 0 5 1 2 3 1 4 0 0 1 0 3 3 0 2 0
   0 5 0 4 3 2 0 2 5 3 1 1 1 3 0 2 0 4 2 3 2 5 5 5 0 3 5 1 4 0 2 1 1 4 3
   2 3 2 0 2 3 0 1 4 1 4 5 3 3 4 3]
  [0 1 0 4 3 0 2 0 1 0 4 2 0 5 5 2 1 4 0 0 3 0 0 4 1 3 2 0 4 4 4 4 5 1 3
   5 5 4 0 3 2 4 4 0 5 0 4 3 4 4 2 0 3 1 5 2 2 4 4 2 3 0 0 1 0 2 1 2 0 3
   1 4 3 2 2 3 3 4 2 3 2 3 2 0 4 0 0 0 3 2 4 4 2 3 0 3 0 4 4 2 0 1 5 0 3
   1 4 4 5 3 5 0 5 5 4 4 1 2 4 0 4]
  [0 4 5 2 3 1 3 3 5 2 3 0 5 0 4 5 3 2 3 1 5 3 2 2 3 1 2 3 0 3 3 1 0 4 4
   1 4 1 5 2 2 3 4 0 1 2 5 5 1 5 3 3 0 3 5 0 5 3 4 5 2 4 0 5 3 1 1 0 4 2
   3 2 4 0 5 4 0 4 2 3 5 0 1 0 4 2 3 1 1 4 0 1 2 0 3 2 1 3 5 5 3 2 2 4 3
   3 1 2 1 5 3 5 3 3 2 3 0 5 5 5 2]
  [0 1 1 4 2 3 4 0 1 4 4 5 5 0 0 2 3 5 0 4 3 2 0 4 4 4 4 1 0 3 5 5 1 0 0
   4 4 5 1 1 2 4 2 4 4 2 1 1 5 5 0 3 5 4 4 0 1 1 3 4 4 5 5 1 3 0 5 3 4 0
   1 3 0 2 4 5 1 3 0 5 2 0 0 2 2 1 5 4 0 0 3 0 5 3 4 2 0 1 1 4 5 5 3 3 1
   4 5 4 3 3 5 5 0 1 2 0 2 2 0 1 5]
  [0 0 0 3 1 3 1 0 2 3 3 4 4 0 3 0 1 1 2 1 5 4 3 5 0 5 1 1 2 3 5 1 0 3 1
   0 4 2 2 4 2 4 1 2 2 4 0 5 2 4 5 3 4 1 5 3 1 0 0 4 1 5 0 1 4 4 1 5 3 0
   1 1 1 2 2 0 2 0 4 1 1 3 2 5 3 1 0 4 0 3 5 4 4 1 5 5 2 4 4 3 3 1 0 0 2
   4 2 1 4 3 3 0 3 2 2 3 0 2 0 1 1]
  [0 2 2 3 3 4 4 0 3 2 2 5 5 4 3 0 0 2 0 4 3 1 1 3 4 5 4 3 0 4 2 1 0 4 3
   1 4 5 0 0 5 2 2 4 0 5 4 3 0 4 0 3 5 2 5 5 1 2 3 4 4 2 4 2 2 0 4 5 5 2
   1 3 3 2 0 3 0 4 4 2 3 2 4 3 2 2 3 3 2 5 0 2 3 4 4 3 1 2 3 5 4 2 2 2 4
   5 5 3 0 3 4 2 4 3 2 0 3 0 1 0 2]
  [0 4 0 4 3 4 1 0 2 1 2 1 2 0 5 1 5 0 1 5 4 2 1 1 1 5 4 3 4 2 0 4 0 5 1
   1 0 4 2 1 4 5 1 4 0 5 3 4 0 1 2 5 2 3 1 2 4 2 0 4 4 4 0 3 2 1 5 5 3 0
   4 4 0 5 5 4 0 0 5 2 1 2 4 3 2 5 1 0 3 3 1 5 4 2 5 1 0 3 1 0 2 5 0 4 4
   1 4 0 0 1 5 3 3 2 2 5 2 1 0 5 0]
  [0 2 1 2 5 1 3 0 4 2 4 4 4 2 5 1 0 2 0 5 0 4 1 4 4 4 0 3 2 4 4 5 4 5 1
   3 4 5 2 3 2 5 4 3 3 0 3 5 2 0 4 3 2 5 1 5 2 3 1 4 2 5 3 0 4 4 1 3 2 3
   2 4 2 4 0 1 0 1 0 0 0 0 2 4 2 3 2 4 1 1 4 4 4 0 5 4 5 2 5 4 2 0 1 3 5
   3 5 1 3 5 1 1 5 4 3 0 1 5 4 2 2]
  [0 1 5 2 2 0 3 0 4 2 5 2 5 5 0 0 5 2 0 0 2 3 5 4 1 2 4 2 0 4 4 5 5 4 5
   0 4 0 2 1 4 0 1 5 4 0 0 5 1 1 1 0 5 2 0 4 0 1 5 0 1 3 4 3 1 3 1 1 0 2
   0 1 0 4 0 2 0 5 3 4 3 3 0 4 5 3 4 1 4 0 5 2 3 0 0 2 1 5 5 3 4 1 3 4 5
   4 1 1 3 2 0 5 1 5 3 0 1 1 1 1 2]
  [0 1 0 2 1 3 3 1 3 0 2 4 5 2 5 2 3 0 5 3 0 3 5 0 5 5 3 5 2 5 3 0 0 4 4
   4 4 0 2 3 1 0 1 2 0 3 0 5 5 4 5 1 0 0 3 2 3 1 3 1 5 2 1 2 5 4 4 4 0 3
   3 3 3 2 0 5 2 0 5 1 4 0 5 1 0 5 0 5 4 5 4 2 1 1 0 0 4 5 2 3 3 5 3 5 2
   4 5 4 4 3 3 2 5 0 1 0 5 1 1 4 3]
  [0 2 3 0 5 4 0 1 5 4 4 1 1 4 0 5 5 5 5 3 1 0 5 1 1 4 4 1 2 3 3 2 5 0 1
   1 5 5 4 0 4 5 4 0 1 2 1 2 2 5 2 5 0 2 4 0 5 5 1 5 2 5 2 3 1 2 2 4 0 2
   2 0 0 2 5 3 4 2 4 0 5 3 1 3 0 1 4 3 4 0 3 0 3 1 1 4 0 1 5 2 3 1 1 5 2
   3 1 5 2 5 5 3 0 4 3 3 1 2 0 4 0]
  [0 0 0 1 1 2 0 0 0 5 1 0 5 0 1 0 1 4 3 3 3 0 0 4 3 2 1 5 2 4 2 0 0 3 0
   4 3 2 5 1 0 2 2 5 3 2 1 5 1 2 2 0 4 3 5 1 1 1 1 0 0 2 1 1 3 0 4 0 3 0
   5 3 1 5 1 0 2 5 4 0 3 0 0 1 3 1 5 1 5 1 4 0 3 5 3 2 4 0 3 1 2 0 2 3 5
   3 4 1 4 2 0 5 2 4 5 3 2 1 3 5 0]
  [0 4 4 4 2 0 4 1 4 1 2 5 4 1 1 1 5 2 0 5 1 3 0 0 2 3 2 4 2 4 5 2 1 1 4
   5 0 4 1 5 2 1 3 5 0 1 5 1 1 1 2 2 0 5 4 1 1 4 0 2 4 5 4 3 2 0 2 5 4 5
   2 3 4 3 3 5 4 3 2 5 5 2 3 5 3 1 2 3 5 3 4 2 5 5 5 5 2 4 5 0 3 2 4 1 5
   4 4 5 3 0 5 0 2 0 4 0 5 1 5 5 0]
  [0 3 1 0 0 4 2 1 0 0 4 4 1 3 1 4 3 4 1 1 2 0 5 1 0 2 1 1 5 5 5 1 5 4 3
   5 2 4 5 1 0 1 2 4 4 2 2 1 0 5 5 1 4 0 0 1 2 4 1 2 4 4 0 0 2 4 1 0 0 5
   5 4 2 5 1 4 5 3 4 2 4 1 2 3 5 5 1 3 0 5 5 2 5 1 2 1 1 0 0 3 2 0 1 2 0
   4 5 1 1 0 5 3 4 1 1 4 2 2 5 0 2]
  [0 1 5 1 0 5 3 4 4 2 5 1 4 3 2 1 4 1 4 0 0 1 5 3 5 0 4 2 5 4 4 0 5 0 3
   1 2 0 0 0 0 5 4 4 3 0 4 0 1 0 4 5 1 2 1 5 3 0 3 4 5 2 3 2 0 1 3 2 4 3
   5 1 5 1 4 3 5 1 4 3 4 0 4 2 5 4 5 3 4 0 3 1 2 0 3 3 2 0 4 5 0 0 0 1 3
   4 5 0 4 0 4 2 2 1 5 2 0 4 2 0 5]
  [0 4 1 4 2 3 2 1 2 5 2 5 3 4 0 2 4 5 1 1 0 5 1 0 3 2 0 0 2 2 2 3 2 1 3
   4 2 4 0 1 5 1 4 5 0 2 1 4 2 1 4 0 0 3 2 1 5 1 5 1 1 4 0 3 3 4 3 5 1 0
   4 4 0 2 3 2 2 2 5 0 0 3 4 4 3 3 1 4 5 3 0 5 2 4 5 4 3 3 4 2 3 0 5 1 5
   5 3 1 3 1 1 5 3 2 3 2 2 2 3 3 5]
  [0 3 4 2 2 0 4 5 0 5 2 3 0 2 0 2 4 2 5 0 2 5 2 1 2 2 5 0 2 2 0 4 3 3 4
   5 1 1 4 5 5 3 5 0 3 1 0 2 3 5 0 3 2 3 0 1 0 5 5 5 2 2 5 3 1 3 2 2 5 0
   1 2 0 0 4 5 1 1 3 5 4 2 2 2 5 1 1 1 3 0 0 5 2 0 1 3 0 5 0 2 1 4 1 3 0
   1 4 1 2 1 0 5 4 5 2 1 5 2 5 2 1]
  [0 1 2 1 5 0 0 3 4 5 0 4 2 2 3 0 3 2 2 3 3 2 5 5 2 4 5 5 0 4 1 4 4 0 1
   4 0 4 5 0 5 4 1 1 2 2 5 0 3 4 1 0 3 2 5 5 0 5 5 4 4 0 4 4 1 4 3 1 3 4
   0 3 0 2 0 3 5 0 3 4 2 1 5 3 5 3 1 4 1 4 3 2 4 3 3 3 5 0 3 1 3 2 3 0 1
   0 3 2 3 2 0 3 4 0 0 2 2 5 2 4 5]
  [0 4 2 1 5 4 5 4 3 1 1 2 1 3 1 2 5 0 3 0 3 4 5 5 5 4 1 0 1 0 0 1 2 4 1
   1 2 2 2 4 1 2 1 4 2 4 4 0 2 1 3 0 2 3 0 2 1 2 4 2 3 1 3 2 2 0 4 5 2 3
   5 0 5 5 1 0 0 5 4 0 5 5 0 3 1 1 4 3 2 2 2 1 5 0 0 4 0 5 3 2 4 5 5 0 4
   1 2 2 1 2 2 0 3 3 2 2 4 5 3 1 2]
  [0 0 3 2 4 1 5 1 1 0 5 3 2 4 5 2 2 3 2 3 4 4 5 3 2 1 0 0 5 1 0 5 4 5 1
   3 5 1 3 3 4 2 0 4 0 5 1 4 5 0 5 5 4 4 2 0 5 0 3 0 2 4 5 3 5 2 2 2 0 1
   3 0 3 2 3 3 3 1 0 5 0 3 4 4 2 5 2 5 5 2 3 1 1 4 4 5 4 1 5 4 1 1 3 1 3
   1 0 0 4 3 1 1 5 1 4 4 4 4 2 1 4]
  [0 4 1 1 4 0 5 1 0 1 5 3 5 2 3 0 1 2 3 0 1 0 2 5 3 5 0 5 2 0 1 0 4 2 1
   1 5 0 3 1 3 3 1 5 2 4 3 3 3 4 3 4 2 3 5 5 4 3 4 2 2 1 3 5 1 3 5 4 1 2
   3 4 0 4 0 3 4 4 0 2 3 0 0 0 4 5 3 2 0 2 0 2 3 2 5 1 3 1 1 2 1 1 5 2 0
   2 2 1 2 0 2 2 5 3 3 0 0 5 5 3 0]
  [0 5 5 2 5 3 5 4 4 5 5 5 2 5 4 2 4 1 1 2 1 2 2 3 3 2 0 3 1 4 0 0 0 3 3
   4 3 1 4 4 2 1 5 4 5 1 4 0 2 0 1 2 0 3 3 2 0 3 4 4 0 1 3 2 4 5 1 0 4 1
   2 1 2 0 4 2 2 3 0 4 2 3 2 4 4 3 1 0 0 4 0 3 2 2 5 3 4 2 5 5 0 1 1 4 0
   2 0 3 4 0 3 1 4 4 0 0 0 5 1 5 2]
  [0 3 5 5 5 2 1 4 5 2 1 5 1 0 2 5 5 4 3 3 4 0 1 5 4 5 5 2 5 2 2 5 1 0 0
   0 5 1 3 3 4 5 2 3 2 0 5 5 0 3 0 5 3 3 1 2 3 5 5 1 4 3 3 3 1 2 4 2 2 4
   2 2 4 0 2 2 5 0 2 2 3 2 2 0 5 5 4 2 1 3 3 1 1 3 5 1 3 0 0 5 3 4 5 5 4
   3 2 4 5 1 2 2 3 4 1 0 2 0 1 5 3]
  [0 5 1 4 4 3 4 5 5 0 3 3 0 2 0 5 4 2 4 0 2 0 0 1 0 3 2 4 5 3 5 0 4 0 0
   0 4 4 2 1 0 3 1 5 5 0 1 4 0 4 0 3 3 0 2 5 3 3 1 4 4 4 5 3 5 4 2 2 1 5
   2 3 3 4 5 1 5 5 2 1 4 3 5 2 4 5 2 2 2 4 5 0 4 1 3 4 5 2 2 1 2 0 0 1 2
   2 2 0 4 4 3 1 4 0 4 5 3 1 4 1 5]
  [0 0 3 2 3 0 1 5 3 4 1 2 2 4 4 5 1 1 1 4 0 3 4 0 5 5 3 4 2 5 1 3 0 2 4
   0 1 0 3 3 3 0 4 4 1 2 0 4 2 4 2 0 4 3 1 5 1 1 1 3 2 0 1 0 3 3 2 3 0 2
   3 4 0 3 0 4 5 0 5 3 5 4 0 5 3 2 1 1 0 1 2 5 5 0 0 1 0 0 3 1 1 5 5 4 4
   5 1 5 5 1 3 2 5 2 2 3 0 5 5 0 0]
  [0 3 0 4 3 5 3 1 1 0 2 5 1 5 5 5 5 4 0 1 5 0 3 3 0 1 5 0 4 3 5 2 2 0 4
   3 0 1 4 4 4 4 3 0 1 3 2 3 3 5 0 0 1 2 3 4 5 4 5 0 2 4 1 4 4 5 5 4 2 4
   1 0 1 5 1 1 3 2 3 4 1 1 5 1 1 0 4 5 3 1 2 0 3 2 1 0 5 4 3 0 5 5 5 0 2
   0 5 5 0 5 5 3 1 5 5 1 1 5 0 3 3]
  [0 5 4 3 3 4 0 4 3 5 0 4 2 0 2 3 4 1 3 2 1 1 3 1 0 2 0 1 0 5 0 4 4 5 4
   1 3 0 0 5 3 0 2 1 0 0 5 4 4 1 1 0 5 2 3 4 4 4 5 4 0 5 1 4 3 4 1 2 5 5
   0 4 1 5 5 2 1 3 2 4 2 5 0 5 2 3 2 4 3 3 4 4 0 4 4 0 3 1 3 0 5 5 1 3 5
   1 2 1 5 4 5 2 0 5 0 3 3 4 5 1 3]
  [0 3 2 4 5 5 2 1 1 5 4 2 4 4 1 4 5 2 2 3 2 5 1 5 4 2 3 3 5 1 0 0 1 5 1
   0 2 2 0 3 1 0 4 0 2 3 0 4 0 3 0 0 1 0 5 0 3 5 0 4 5 1 1 0 3 5 5 5 1 0
   5 3 3 5 3 2 5 0 0 4 4 4 3 5 3 5 1 4 3 0 5 0 5 3 5 0 1 2 1 1 3 5 0 3 5
   4 1 2 1 5 0 5 1 2 0 4 3 4 5 5 1]
  [0 2 0 0 0 3 5 4 4 3 2 1 5 5 2 2 2 1 4 0 1 2 2 1 4 4 5 2 0 5 2 2 3 5 1
   1 2 2 5 0 0 3 0 4 0 2 3 1 0 1 5 1 1 4 1 1 3 3 2 0 5 0 0 1 2 3 1 5 3 2
   0 3 2 4 2 1 2 5 2 5 5 4 1 4 3 0 4 2 0 2 2 4 0 5 5 3 3 0 2 4 1 3 1 1 0
   5 1 5 0 0 0 2 5 3 2 5 5 3 3 1 2]
  [0 5 1 0 2 5 3 2 1 5 1 2 5 1 2 5 4 4 0 5 5 4 2 3 2 1 1 3 5 2 0 1 2 2 1
   2 0 2 2 4 0 5 0 5 4 2 2 4 1 2 2 0 2 4 4 4 1 3 2 3 1 4 1 5 5 3 1 2 0 4
   2 4 1 2 1 3 2 2 3 5 5 3 5 5 1 4 5 5 3 4 0 3 1 0 1 0 3 4 0 0 5 1 4 4 4
   1 0 5 1 0 1 4 2 1 4 2 3 5 0 4 0]
  [0 0 1 1 2 3 5 0 1 5 5 0 5 2 1 2 2 3 4 3 0 2 2 4 2 0 2 3 0 0 1 4 3 4 3
   2 3 2 4 5 5 0 3 1 1 5 3 2 1 1 3 0 1 5 5 2 2 4 2 0 2 3 3 5 0 4 4 4 2 5
   1 3 3 0 1 4 2 2 4 4 1 4 4 3 0 1 1 2 0 5 5 1 5 5 0 4 5 1 1 2 1 4 5 0 2
   2 1 3 1 3 0 0 3 4 5 0 1 1 0 1 3]
  [0 5 3 5 5 1 5 1 2 4 1 1 4 2 3 0 5 3 3 2 1 4 4 5 3 4 3 4 4 1 4 5 2 0 2
   5 1 1 3 0 0 2 0 1 5 3 4 0 2 0 3 4 2 3 5 3 3 0 2 2 0 1 1 0 3 5 2 0 3 5
   2 2 1 4 1 0 4 1 5 1 4 1 4 3 0 4 5 3 2 3 2 5 1 2 2 0 4 0 0 0 3 2 3 2 5
   5 3 1 0 3 3 1 3 5 5 3 5 5 2 4 0]
  [0 2 3 2 3 3 5 4 1 1 4 4 1 3 5 4 0 4 4 5 0 2 0 2 2 1 5 5 0 4 2 5 2 1 3
   0 3 5 4 1 2 3 3 0 5 2 4 5 0 4 2 5 3 4 5 0 2 0 4 0 0 1 3 1 2 5 5 3 0 2
   0 1 3 4 4 2 3 5 1 4 5 0 2 0 3 1 0 4 5 5 3 0 4 5 4 4 5 3 0 0 1 0 5 3 1
   0 4 1 5 1 1 5 0 2 5 3 2 1 2 0 5]
  [0 3 1 1 0 2 1 3 1 5 5 1 1 2 5 5 0 2 4 3 2 4 4 5 4 1 2 3 3 4 4 1 5 0 5
   1 5 3 4 1 1 4 0 1 0 3 1 1 4 1 4 5 0 0 4 2 4 4 0 3 1 1 5 1 1 2 4 5 3 2
   3 4 4 2 1 3 0 2 4 3 4 2 0 2 4 3 4 5 5 3 2 0 1 2 0 1 3 1 2 3 1 2 1 5 4
   2 1 0 5 5 5 1 4 3 3 0 5 0 3 5 3]
  [0 0 2 2 1 5 0 5 2 1 4 4 0 3 5 1 1 3 3 2 1 1 3 2 2 1 5 4 1 1 4 0 2 2 1
   2 0 2 5 2 1 0 3 4 2 0 0 1 1 5 3 0 5 1 5 3 4 4 1 1 1 3 5 0 3 5 1 2 3 5
   0 4 1 3 5 0 5 0 4 3 1 0 5 1 3 5 0 5 3 0 5 2 5 3 1 2 3 3 1 2 1 1 2 4 5
   1 4 5 0 3 5 2 3 4 2 1 4 1 2 2 5]
  [0 3 2 1 2 3 5 0 2 2 5 2 5 3 5 5 5 3 2 0 1 0 0 0 0 3 4 5 3 1 0 1 1 4 5
   1 3 3 1 3 5 0 3 1 4 3 0 1 5 1 0 3 1 0 3 0 5 0 1 1 5 1 4 1 0 5 0 3 1 2
   0 5 1 0 1 4 3 4 3 5 3 3 5 4 3 0 1 1 3 3 4 1 0 3 2 2 0 3 4 5 3 2 0 3 0
   1 2 2 5 1 5 2 5 3 4 0 0 5 1 2 2]
  [0 2 3 2 4 0 1 2 1 5 2 5 0 5 1 5 2 0 3 5 5 0 0 3 5 1 4 2 2 0 4 1 4 4 3
   1 4 0 0 2 4 4 0 1 2 4 5 0 2 5 1 0 5 4 1 5 5 2 1 5 4 3 4 1 1 0 4 4 0 1
   2 3 3 2 3 2 5 2 5 5 0 3 1 1 2 2 2 2 0 4 2 1 0 2 1 1 3 3 4 4 3 1 0 3 3
   4 4 4 2 0 0 4 2 1 2 0 5 4 0 0 1]
  [0 2 0 1 0 5 1 0 2 3 0 1 4 5 5 1 0 4 2 3 4 0 1 3 2 1 1 2 5 0 4 1 2 1 1
   5 1 2 4 1 5 0 1 1 3 0 1 2 0 3 5 2 0 3 4 4 2 4 3 4 0 4 4 1 2 2 5 5 2 5
   4 2 4 0 4 2 0 4 0 3 5 2 0 5 1 5 3 4 0 1 3 1 1 0 3 2 2 3 3 4 2 0 5 1 0
   1 3 3 5 2 2 0 4 3 1 4 4 5 1 3 1]
  [0 5 3 1 3 0 3 3 3 0 4 0 1 4 5 0 3 0 4 0 2 2 0 1 4 0 3 2 0 4 1 3 3 5 2
   0 1 5 5 0 2 1 0 4 4 2 4 0 5 0 0 1 3 0 3 5 4 4 3 4 2 5 3 4 4 4 0 2 5 1
   4 3 4 2 5 3 2 3 4 4 2 0 0 4 4 3 2 1 2 5 0 0 0 1 2 2 0 1 2 5 5 0 5 0 4
   1 2 1 3 5 2 0 0 0 0 3 3 3 3 0 0]
  [0 4 4 0 1 5 5 0 1 5 1 3 4 3 1 4 2 3 2 1 1 1 5 1 4 3 5 1 0 3 3 0 2 2 5
   5 2 5 5 0 5 4 2 3 3 0 5 4 2 4 0 1 2 5 5 4 0 4 3 0 5 3 3 2 2 4 3 1 2 2
   4 1 2 2 5 5 2 2 5 0 5 5 5 3 2 0 1 3 5 2 2 1 1 5 4 5 2 5 0 3 1 1 1 0 4
   3 3 2 1 1 5 0 1 4 1 4 0 1 2 1 3]
  [0 3 5 4 3 4 3 1 1 1 2 1 5 2 4 3 0 4 1 3 4 5 0 1 1 0 5 3 5 2 4 3 3 3 2
   2 1 5 2 2 0 4 1 0 5 0 2 3 5 3 5 0 4 2 4 2 0 5 0 1 2 3 3 2 5 3 5 2 4 2
   1 4 2 5 3 2 3 0 5 5 3 3 3 4 0 5 0 1 2 3 2 2 4 0 3 5 3 5 2 2 3 1 2 2 0
   0 5 2 1 5 3 4 2 4 2 5 5 3 5 3 3]
  [0 3 0 2 1 2 3 5 2 4 5 0 1 2 4 3 3 4 3 0 3 0 0 0 4 5 4 2 3 5 0 4 2 2 1
   5 0 0 5 4 2 1 5 3 2 0 0 3 2 3 1 5 0 4 1 5 4 5 4 4 0 3 5 1 4 0 0 5 0 1
   3 1 0 0 1 4 5 4 1 5 5 5 5 4 0 4 1 3 2 5 4 0 5 1 2 4 1 2 0 3 3 1 1 5 1
   0 4 4 1 1 5 2 2 4 2 0 0 2 2 5 0]
  [0 5 1 0 3 3 3 2 1 4 2 4 4 2 4 3 5 2 0 1 2 1 2 5 4 0 5 0 2 0 3 5 0 2 0
   5 2 4 2 1 0 5 4 0 1 0 0 2 2 0 2 0 5 0 1 0 0 5 3 3 2 3 3 2 5 4 5 4 1 2
   2 4 3 2 1 1 4 0 2 0 1 4 0 2 0 2 0 5 5 0 0 2 3 0 5 5 3 0 5 5 2 0 0 2 5
   1 1 0 1 2 5 3 0 5 2 0 1 5 4 1 5]
  [0 5 1 4 1 2 5 1 0 4 3 2 2 2 3 2 0 1 0 3 3 5 5 2 1 3 4 3 1 1 2 2 4 0 0
   0 0 1 4 2 1 2 0 1 4 0 2 4 1 3 1 2 3 2 0 5 3 2 5 1 4 3 3 0 3 2 1 2 0 1
   5 3 2 2 1 2 2 3 1 5 4 0 2 5 1 0 4 4 1 5 4 4 5 3 2 0 3 4 5 3 0 2 2 1 5
   4 5 4 3 1 4 3 4 5 2 5 1 4 2 1 5]
  [0 3 2 3 2 2 1 0 5 1 1 5 5 0 0 3 4 5 3 5 2 0 5 0 5 3 1 3 3 0 3 2 0 5 1
   4 4 2 1 4 2 1 0 0 3 3 3 2 4 5 1 1 1 2 0 0 2 0 4 4 4 3 5 2 2 0 4 5 3 0
   4 5 2 1 0 2 5 4 4 2 5 1 5 1 5 0 5 0 5 4 2 4 0 5 1 1 1 5 4 0 2 5 1 3 5
   4 0 0 4 3 4 1 0 5 0 1 1 2 0 2 3]
  [0 5 3 2 1 0 0 1 1 4 3 5 1 2 5 5 1 1 1 4 0 4 0 5 4 2 1 2 2 2 2 4 5 2 3
   5 2 5 1 4 0 0 4 3 4 3 1 0 0 0 4 2 3 0 4 3 0 0 4 1 4 4 4 5 1 3 3 2 3 2
   1 1 3 0 0 5 2 0 0 0 0 4 3 1 3 0 0 3 0 2 4 0 0 1 3 4 2 0 1 2 2 0 0 2 0
   4 4 5 5 3 5 0 2 2 1 3 2 5 4 4 3]
  [0 4 5 3 1 3 0 3 4 4 2 5 1 2 1 0 1 2 3 3 3 2 4 2 0 2 2 3 1 2 1 0 0 4 0
   2 1 2 2 5 4 1 0 0 1 4 5 2 0 1 2 3 4 2 5 0 0 0 1 3 3 2 3 1 0 2 5 2 2 4
   4 1 3 5 1 0 3 5 3 4 2 4 0 3 2 0 1 0 4 3 0 2 4 3 0 1 5 5 5 3 5 5 4 5 3
   2 4 5 0 0 3 2 2 3 4 4 3 2 1 2 2]
  [0 4 0 2 2 4 3 4 3 0 2 1 3 1 5 0 5 3 2 5 3 5 0 1 2 1 5 1 1 3 5 2 2 0 4
   5 1 1 3 5 2 3 1 2 3 2 0 2 0 1 2 0 4 3 3 0 5 1 0 0 5 5 5 1 3 4 4 0 3 3
   2 1 0 0 0 1 1 1 2 2 0 2 2 5 1 0 3 5 4 3 2 1 0 4 2 1 1 3 3 4 3 0 4 5 5
   2 0 2 2 0 4 0 3 0 1 4 5 3 2 3 4]
  [0 0 4 1 3 2 1 3 0 5 4 5 4 0 2 3 0 2 0 4 3 1 0 4 1 2 4 1 4 4 0 3 1 1 2
   1 5 3 2 1 0 4 2 4 3 3 3 5 2 3 0 2 5 0 5 1 0 1 0 0 5 3 5 0 0 2 1 4 2 0
   5 1 4 1 4 2 2 4 1 3 1 1 3 0 0 3 5 4 0 1 4 4 2 4 3 0 2 0 4 2 5 4 3 0 4
   1 2 3 2 3 0 0 3 2 3 4 2 5 0 1 1]
  [0 4 4 1 1 3 2 4 5 4 0 0 2 4 1 5 5 1 3 1 5 3 1 4 2 1 1 2 1 5 2 0 5 0 2
   2 3 5 2 2 2 0 0 3 3 4 5 2 3 4 5 3 2 1 4 3 4 0 4 2 0 1 2 4 5 3 5 3 1 2
   0 3 3 2 3 0 1 4 3 0 2 3 5 4 4 3 5 4 2 5 5 1 5 2 2 4 2 5 3 4 1 5 4 4 1
   3 4 5 1 3 2 3 2 0 4 2 3 3 5 4 3]
  [0 4 5 0 4 3 1 1 2 4 3 1 4 5 3 2 5 2 1 3 0 0 0 2 5 3 1 0 5 5 5 0 3 3 2
   5 1 3 1 1 3 3 1 0 3 1 3 2 1 4 3 0 1 4 3 0 4 5 4 5 3 0 1 2 0 0 3 5 5 5
   1 0 4 3 0 5 2 4 4 4 2 4 1 4 5 0 4 4 5 4 3 2 0 1 5 4 1 3 1 3 2 4 5 2 0
   2 4 2 1 2 2 2 3 2 4 4 1 0 5 0 2]
  [0 0 2 4 1 3 0 3 4 4 1 0 5 5 1 1 4 0 4 0 1 3 0 5 3 4 4 1 4 4 3 5 0 1 1
   3 0 4 4 4 0 3 2 5 4 0 4 1 2 3 0 5 1 4 0 0 2 2 2 0 2 1 0 1 5 4 1 1 4 2
   5 3 1 1 1 0 3 1 3 2 5 4 2 1 1 3 2 0 4 3 2 0 0 1 2 5 5 3 2 2 1 1 3 2 5
   5 5 0 5 0 2 3 3 2 1 3 2 5 4 0 0]
  [0 2 4 5 5 2 3 5 2 5 1 2 3 4 5 2 4 4 2 5 3 1 4 4 3 2 4 2 4 3 4 0 4 0 3
   4 5 3 1 1 2 2 4 3 4 2 4 1 4 5 0 4 2 2 5 1 5 3 4 4 5 4 0 0 4 1 0 3 2 3
   1 3 4 3 1 0 4 2 2 0 1 2 1 2 4 3 3 2 2 3 5 4 4 4 3 4 4 0 5 1 0 5 4 2 2
   4 2 4 0 1 0 0 2 0 4 5 5 5 1 5 3]
  [0 2 2 2 2 0 2 3 5 1 0 1 5 2 2 0 5 4 2 0 3 2 0 5 4 2 1 1 2 0 3 3 4 3 3
   5 1 5 5 5 3 4 4 2 4 4 5 5 2 3 2 1 3 3 2 1 5 1 2 3 2 3 1 0 0 5 4 4 5 2
   4 1 2 5 2 2 5 1 2 5 2 0 5 3 2 5 2 4 3 2 4 0 5 5 3 1 4 1 2 4 0 1 3 2 0
   5 0 1 1 5 5 3 0 5 5 2 4 0 2 3 3]
  [0 2 4 5 3 2 3 0 4 3 2 1 3 2 4 5 3 0 4 2 0 0 2 2 1 4 0 0 2 3 5 0 0 3 4
   0 0 0 2 5 5 1 5 5 3 0 4 3 3 0 4 5 0 5 2 1 2 3 4 1 5 5 3 3 0 0 2 0 5 1
   3 1 0 3 2 4 1 2 3 2 3 2 5 5 4 1 5 4 1 3 1 3 3 5 4 5 5 0 4 2 5 0 2 1 3
   3 2 2 5 1 1 1 3 5 1 3 4 1 0 3 4]
  [0 5 5 5 1 2 3 0 3 0 4 5 3 1 5 4 2 4 0 4 4 0 0 3 1 5 1 3 0 2 1 5 1 1 1
   2 5 3 1 0 2 4 4 5 2 2 5 0 0 5 3 2 5 4 3 2 5 1 3 2 5 0 4 2 3 1 0 3 5 4
   1 2 3 5 1 5 5 1 3 0 5 2 3 2 3 2 3 3 0 0 4 4 4 1 2 1 0 0 0 0 3 4 1 3 0
   2 4 5 1 2 1 4 2 2 0 2 5 5 3 5 4]
  [0 3 4 5 5 5 2 1 1 4 1 0 1 2 0 0 0 3 0 1 5 0 1 5 4 0 2 3 3 2 1 4 4 4 3
   0 3 5 2 4 0 1 2 1 2 5 5 2 5 3 4 1 4 0 0 5 0 2 5 1 4 4 2 1 2 0 1 0 2 0
   5 0 1 4 0 5 1 5 1 0 2 3 0 4 1 0 5 3 1 0 1 0 1 2 0 0 1 5 3 3 2 5 4 0 1
   2 5 0 3 5 3 1 0 1 2 2 3 3 0 3 0]
  [0 1 0 0 1 5 1 1 3 0 3 5 0 2 4 2 5 1 2 5 0 4 4 4 2 4 5 4 5 0 1 1 1 2 2
   4 5 4 4 0 5 0 3 3 5 2 4 4 0 4 1 3 5 0 3 3 4 4 5 5 3 2 5 1 3 4 5 1 0 3
   1 2 1 0 2 1 2 0 4 4 5 5 1 2 5 3 1 3 2 5 4 5 4 2 4 4 3 0 5 4 4 4 3 3 5
   0 3 5 4 1 0 2 2 1 3 5 3 2 2 3 5]
  [0 4 4 3 4 1 4 1 3 2 0 2 3 3 4 0 4 4 5 3 4 2 0 4 5 2 2 3 2 0 5 5 2 3 1
   3 3 3 0 3 5 5 0 5 4 2 2 3 2 1 2 1 1 0 4 5 4 5 1 4 4 0 0 2 4 0 3 1 3 0
   3 2 0 5 0 0 4 3 2 1 0 5 4 1 3 1 3 0 0 2 1 2 3 2 5 3 2 5 3 5 3 2 3 2 4
   2 5 1 0 0 1 1 1 0 5 2 2 0 1 5 2]
  [0 5 5 0 2 5 2 3 4 2 1 0 4 0 1 4 3 1 2 4 4 1 4 1 3 1 0 1 3 0 2 4 2 2 2
   1 0 4 0 0 4 1 5 1 4 0 5 3 1 3 0 4 5 2 3 1 0 2 5 5 0 0 3 0 1 4 4 5 1 4
   0 0 3 3 2 1 5 5 4 1 2 5 4 1 5 2 4 0 2 3 2 2 5 4 3 0 3 4 1 2 1 1 4 1 1
   4 5 4 4 3 1 3 0 0 2 1 3 3 2 5 3]
  [0 5 1 3 2 2 5 2 2 4 1 2 2 1 0 1 5 2 1 2 1 2 0 0 5 0 0 2 3 5 5 3 2 5 3
   2 0 4 3 0 0 1 1 2 0 1 3 1 2 2 3 0 4 4 5 0 2 5 3 0 2 0 2 1 1 2 2 0 5 2
   5 0 5 5 3 0 2 4 4 4 0 3 2 1 0 5 4 0 5 4 1 0 0 4 0 5 5 4 3 0 5 4 5 3 2
   2 1 4 3 0 1 0 4 4 4 2 2 4 3 4 5]
  [0 3 4 0 1 3 2 2 1 0 3 4 0 3 1 2 3 3 3 3 2 4 4 0 4 5 0 4 1 4 2 2 5 5 0
   0 2 1 0 1 2 0 2 3 5 2 2 5 2 0 4 5 4 2 4 0 2 4 2 4 4 3 3 5 2 4 2 3 4 2
   0 2 0 1 2 3 0 4 0 3 2 0 4 4 0 4 2 5 0 2 4 3 2 2 4 1 1 1 0 4 5 3 3 2 2
   3 1 4 1 2 3 2 2 5 0 3 5 1 1 5 5]
  [0 4 4 5 0 3 4 5 5 0 0 0 2 4 0 5 1 2 5 0 0 0 2 5 4 2 2 1 1 4 0 4 4 1 3
   4 2 2 1 2 1 5 4 0 1 2 4 5 3 3 1 5 4 1 5 4 3 3 0 0 1 5 0 2 0 3 1 1 3 5
   3 2 2 0 2 2 4 4 1 5 1 3 3 1 0 5 4 5 3 2 4 3 3 0 4 2 3 1 4 5 2 0 3 1 1
   0 0 0 4 5 5 3 5 4 1 1 3 0 2 4 4]
  [0 1 5 1 1 2 5 4 1 4 5 1 2 5 3 4 5 3 4 4 3 0 0 5 3 2 0 0 4 3 0 1 5 1 2
   3 3 4 0 2 3 0 0 1 5 5 5 0 3 2 1 5 5 2 2 4 2 1 1 5 2 0 2 5 4 3 4 1 2 3
   3 0 3 1 0 3 1 0 5 5 2 0 5 0 2 0 2 2 1 0 5 1 2 1 0 0 3 4 3 1 1 3 2 5 2
   1 5 4 3 4 3 3 5 2 1 3 4 0 4 4 1]
  [0 2 4 2 5 2 1 3 4 4 0 2 0 0 1 0 2 3 1 4 2 0 3 4 3 5 4 2 2 5 0 4 5 3 4
   1 5 5 2 3 1 4 2 5 4 4 2 1 1 2 2 2 5 1 2 0 0 0 4 4 5 2 5 3 4 3 4 5 0 5
   0 0 5 3 3 0 4 3 1 3 3 0 3 5 2 5 1 3 3 1 3 5 0 3 4 1 1 2 0 5 2 3 1 0 4
   0 1 4 2 1 2 4 1 3 1 0 3 1 0 3 4]
  [0 1 2 3 5 1 2 4 5 3 2 1 0 2 0 5 2 3 5 0 2 5 4 2 4 4 1 0 1 2 5 0 3 2 3
   5 1 3 5 2 4 3 1 5 1 0 0 2 3 3 0 5 5 2 4 2 3 5 1 0 2 1 5 1 2 1 4 5 0 5
   0 5 1 4 1 1 0 0 3 1 2 2 5 1 4 1 3 5 1 3 1 0 3 4 1 5 1 1 5 2 0 4 0 4 2
   4 4 4 1 5 0 3 4 3 5 2 2 0 3 2 1]
  [0 3 4 1 2 1 4 2 0 0 1 4 5 5 3 0 3 5 3 4 1 1 1 1 2 3 5 2 1 3 3 3 0 4 2
   1 5 5 5 2 3 3 0 2 5 5 4 5 4 4 2 1 3 1 4 5 2 3 3 3 1 2 5 3 2 2 4 2 2 4
   3 0 3 2 5 5 1 0 1 5 4 5 2 4 0 4 0 2 5 5 2 0 3 5 0 0 3 5 5 0 4 4 4 1 0
   3 5 5 5 5 2 3 3 4 3 2 4 1 5 3 1]
  [0 1 5 4 2 2 3 4 2 2 3 5 3 2 4 3 4 2 1 4 0 3 0 0 5 5 3 2 4 4 0 3 3 1 4
   4 0 2 0 3 4 2 0 0 3 0 0 3 5 1 1 3 1 2 3 0 2 2 3 4 3 4 0 5 5 4 4 3 3 5
   2 5 1 5 4 1 1 0 0 4 5 0 2 5 5 0 4 2 0 5 2 1 4 3 0 2 2 3 0 2 4 4 3 2 3
   3 5 2 5 1 4 2 0 1 2 4 4 0 2 1 4]
  [0 0 4 1 1 5 1 2 5 5 0 2 3 4 0 0 5 3 2 1 2 2 2 5 3 5 1 2 5 2 2 4 0 4 5
   0 3 1 3 3 2 0 3 4 3 5 5 2 3 1 2 1 3 4 1 5 3 1 2 4 4 3 4 3 3 1 1 3 2 4
   5 3 5 1 4 2 3 5 5 0 1 5 4 2 0 2 3 4 5 3 4 0 1 2 3 1 5 0 5 0 5 2 0 5 1
   3 3 1 1 2 2 1 2 3 1 1 2 0 4 5 5]
  [0 2 4 5 4 1 5 2 5 1 4 2 5 5 0 2 2 1 1 1 2 1 2 5 3 2 1 2 3 1 3 4 2 2 1
   5 0 5 4 3 3 0 0 5 0 2 0 2 4 5 5 3 4 5 2 1 0 4 4 5 0 3 4 4 1 5 3 1 4 0
   1 5 4 1 2 0 4 1 1 3 0 4 1 4 1 0 4 3 4 1 1 0 0 2 4 5 3 1 1 2 3 3 1 3 3
   3 2 5 5 3 4 5 4 0 4 1 5 5 0 5 4]
  [0 5 1 2 5 0 3 2 1 2 5 1 0 4 5 3 5 0 1 3 0 5 0 4 3 4 3 4 3 2 5 4 4 5 4
   4 3 1 4 4 0 1 2 4 1 0 5 1 3 5 5 3 3 0 4 3 0 3 2 1 2 3 3 1 0 0 4 2 2 0
   2 4 1 0 3 4 5 2 4 2 2 0 4 1 0 0 1 2 1 0 2 1 2 1 0 4 3 0 1 2 5 0 2 1 3
   1 3 3 2 1 5 2 0 2 3 2 5 4 3 3 2]
  [0 0 4 1 2 3 1 1 4 4 1 3 2 3 3 0 4 2 2 5 0 4 0 2 2 3 4 3 3 1 2 2 1 2 4
   3 2 5 0 2 0 1 5 3 1 3 3 2 3 3 5 1 5 3 2 3 5 0 0 4 4 2 5 2 1 2 4 4 5 5
   2 0 4 0 2 3 0 3 3 2 4 3 0 0 4 2 4 3 5 1 2 4 2 0 1 3 2 2 5 4 4 4 4 3 2
   3 5 3 0 2 1 0 5 4 4 0 2 0 2 1 5]
  [0 5 0 4 3 1 1 3 4 2 0 1 2 3 0 3 5 2 2 2 4 4 2 5 0 0 3 4 4 4 4 5 0 4 3
   4 4 5 0 4 5 4 0 3 1 3 4 0 5 4 5 2 1 5 3 2 1 2 3 0 1 4 4 3 2 2 5 5 2 0
   4 1 5 1 5 1 5 4 5 4 5 2 1 0 2 5 4 1 3 1 2 2 3 2 1 1 4 1 3 2 2 5 4 4 5
   4 1 5 4 3 3 2 3 5 4 5 4 4 4 3 2]
  [0 3 3 4 4 4 2 1 2 4 1 5 0 3 4 4 3 0 3 0 2 4 0 2 3 0 5 3 0 4 3 5 5 5 1
   0 0 3 3 3 0 5 4 3 2 2 1 4 4 5 2 1 5 2 4 2 2 4 4 2 5 2 1 4 3 0 5 1 0 4
   3 1 5 4 5 4 5 4 2 0 0 0 5 2 0 5 2 5 2 0 3 4 0 5 0 2 5 1 2 4 2 2 4 3 2
   1 2 5 5 3 0 3 2 2 0 2 4 2 1 4 4]
  [0 3 4 3 0 4 3 0 1 2 3 0 0 2 0 1 4 4 2 0 4 3 2 4 3 0 4 0 2 2 0 3 5 1 2
   3 4 4 4 5 2 2 2 4 1 5 2 0 4 3 0 1 3 2 3 1 5 4 0 2 1 3 3 0 5 5 5 3 1 4
   3 2 2 2 4 5 5 1 4 5 1 3 0 5 3 0 4 2 0 0 2 0 0 1 0 1 2 4 3 0 4 2 3 3 1
   0 1 2 2 1 0 1 1 0 1 3 5 1 2 4 4]
  [0 3 2 1 0 4 0 1 1 4 1 4 1 1 2 4 2 1 4 3 5 0 5 3 0 0 0 1 4 5 0 2 0 5 0
   1 0 2 0 0 3 2 3 1 4 1 0 4 1 3 5 3 5 5 2 5 5 1 5 5 1 2 3 0 2 4 2 1 5 4
   3 3 0 3 5 3 5 1 2 1 0 3 5 0 2 4 0 3 4 1 5 0 0 2 2 2 1 5 5 2 3 5 2 2 1
   5 3 2 3 5 4 3 4 0 1 4 0 3 2 5 1]
  [0 3 3 5 4 3 2 0 2 5 3 0 2 3 2 4 2 1 1 1 5 5 1 2 1 3 1 0 2 2 3 0 1 3 1
   5 4 4 3 5 2 4 0 1 2 2 4 1 4 1 4 0 1 1 2 2 5 5 2 1 3 2 2 0 3 4 4 5 4 3
   0 5 4 3 3 1 5 5 4 5 0 4 0 1 0 4 4 0 0 3 5 4 3 4 1 4 1 3 3 4 2 1 2 1 4
   5 5 5 3 2 1 2 4 0 4 5 2 1 3 5 1]
  [0 0 5 0 4 1 1 3 4 0 2 1 0 5 0 1 3 4 0 0 3 5 1 2 3 2 2 2 0 1 0 1 1 0 1
   0 3 1 1 1 3 3 5 2 2 5 2 0 1 5 1 2 1 3 5 2 1 4 0 4 0 4 0 3 2 1 0 2 3 4
   4 5 2 3 5 5 0 2 1 1 4 5 3 5 2 4 5 0 0 0 1 0 3 2 0 4 4 1 0 4 2 0 1 0 4
   0 4 3 0 4 5 1 2 4 2 2 0 3 3 4 3]
  [0 4 4 0 2 0 0 0 0 3 3 3 5 3 0 5 3 2 1 3 1 2 3 4 3 0 5 3 5 1 4 2 3 2 3
   0 5 1 2 2 3 0 2 0 4 5 1 2 5 5 1 3 1 1 5 0 3 0 4 4 0 4 4 0 2 0 5 1 4 0
   0 3 0 2 1 2 0 4 1 1 2 0 1 2 3 3 5 1 5 0 0 0 5 1 0 0 2 5 5 3 5 4 3 2 3
   2 5 2 4 5 0 4 4 4 3 1 5 2 2 0 2]
  [0 1 4 3 3 1 1 2 4 1 4 1 0 4 5 1 2 5 2 5 2 1 0 5 2 3 4 3 3 1 0 4 0 0 4
   4 3 1 4 2 4 1 5 1 0 3 5 2 1 0 3 0 0 2 2 3 2 5 3 2 1 3 4 3 4 2 2 2 4 4
   2 3 3 1 2 5 3 2 1 2 5 5 2 3 2 3 3 4 4 3 0 4 2 0 1 1 3 1 1 1 0 5 1 3 0
   3 3 5 5 2 5 2 3 1 1 3 4 2 0 1 5]
  [0 3 5 0 4 0 1 3 0 5 0 0 3 1 1 4 4 0 4 4 3 4 0 3 1 4 0 5 3 1 4 2 3 0 0
   3 5 2 5 1 3 2 5 4 4 4 1 4 3 1 5 1 1 4 4 5 0 4 0 5 1 1 0 1 1 1 2 5 4 1
   4 3 1 3 0 5 5 2 3 3 3 0 4 5 4 3 0 5 3 5 2 0 2 4 5 0 2 1 5 0 2 3 0 3 3
   4 1 5 1 2 1 5 2 2 4 2 5 5 1 2 1]
  [0 3 4 3 3 2 2 5 3 1 2 3 2 0 3 1 0 2 2 5 4 5 5 0 1 1 2 5 2 4 5 2 5 2 3
   3 5 3 4 5 0 0 5 2 4 0 0 2 4 5 1 0 0 3 3 3 0 1 0 1 0 5 1 1 2 0 0 0 4 0
   3 2 5 0 4 1 5 1 0 1 0 5 2 1 4 2 1 5 4 5 1 3 0 0 0 1 1 0 4 2 3 5 4 5 3
   4 4 0 3 3 5 3 0 3 4 2 2 2 5 0 1]
  [0 2 1 5 3 3 3 5 2 5 2 3 4 0 0 3 2 5 2 3 5 5 1 3 4 0 1 1 2 1 2 2 5 2 2
   0 1 4 1 0 4 1 4 4 5 0 4 3 2 2 4 5 1 5 4 5 4 2 3 4 0 3 3 1 2 3 0 4 4 3
   3 3 2 5 2 0 4 4 1 0 1 3 3 4 4 3 3 0 5 1 3 2 5 0 3 5 3 2 5 1 5 4 2 5 0
   5 3 4 1 0 2 3 4 3 4 4 1 5 0 0 5]
  [0 0 3 2 2 1 4 0 0 5 0 0 5 2 4 2 4 0 3 1 2 2 1 1 4 2 3 5 1 0 5 1 1 0 2
   4 3 3 5 3 5 4 4 4 3 5 4 5 3 2 4 2 4 5 3 3 4 5 1 2 2 5 3 0 0 4 5 0 5 2
   5 1 1 3 1 2 0 0 1 3 0 4 2 4 5 0 4 1 2 1 1 5 0 5 0 3 3 5 4 4 5 5 3 5 3
   5 5 5 0 2 3 1 3 0 4 3 5 4 3 3 1]
  [0 1 5 4 1 1 3 5 0 3 3 4 0 4 4 0 1 5 2 0 4 5 0 0 3 2 4 4 1 4 1 2 1 1 2
   4 2 2 5 0 0 0 3 3 4 0 1 5 4 0 0 3 2 3 3 3 3 1 3 3 4 1 2 2 4 1 5 1 5 5
   5 0 5 0 2 5 5 4 0 0 2 4 2 0 1 3 5 3 1 2 1 1 5 3 2 0 1 4 4 4 2 2 2 3 1
   4 5 0 4 2 5 3 3 4 4 5 0 1 2 3 2]
  [0 5 2 4 2 3 4 2 1 5 2 5 4 4 3 0 0 3 3 3 5 5 0 3 1 4 3 3 5 4 0 5 2 4 3
   3 5 1 0 1 1 2 1 4 1 0 5 1 1 4 2 1 5 4 2 4 5 4 5 1 0 4 5 1 1 5 2 4 4 3
   5 1 4 5 0 1 2 0 1 3 2 2 3 2 0 4 2 5 1 4 2 3 1 5 1 2 0 2 4 5 5 1 1 5 3
   4 4 4 2 1 4 1 5 1 5 3 1 5 2 0 3]
  [0 0 5 3 3 5 0 4 5 3 2 5 2 2 5 5 3 5 5 3 4 2 1 4 0 5 5 1 3 1 4 3 2 2 5
   1 1 1 5 5 0 3 1 5 0 5 2 1 1 1 0 0 5 4 4 2 0 5 4 0 2 3 1 4 1 3 4 0 4 0
   4 1 3 1 1 4 5 2 2 1 4 2 0 3 3 4 0 1 4 2 3 4 1 0 0 1 3 0 3 1 4 1 4 0 1
   3 5 1 3 3 1 4 1 5 1 4 1 5 3 0 0]
  [0 1 0 5 0 5 3 2 4 5 5 2 2 5 2 4 2 1 1 5 3 0 1 3 0 1 1 3 3 3 2 3 0 1 1
   3 0 3 5 0 0 2 1 2 2 1 4 0 4 1 1 1 4 5 1 4 3 4 4 5 1 2 3 1 4 1 1 5 5 4
   3 5 0 0 4 2 2 0 1 5 5 0 2 5 5 0 0 1 2 5 4 0 4 0 2 0 3 5 0 2 1 3 1 3 4
   3 3 2 0 5 2 4 4 2 5 1 3 1 2 4 3]
  [0 1 2 1 2 5 3 3 3 3 1 2 1 4 2 4 1 2 1 5 4 3 4 0 2 5 4 3 0 2 5 2 4 1 5
   1 2 5 4 0 1 1 2 3 2 1 4 5 4 1 5 5 5 3 0 0 3 5 5 5 2 2 3 0 5 2 1 1 4 0
   1 3 4 2 4 4 4 1 1 3 0 3 1 2 0 3 2 4 1 5 1 1 0 0 4 5 3 4 0 0 3 2 1 2 5
   4 4 5 5 0 4 0 2 1 1 0 3 4 0 2 5]
  [0 0 4 0 3 4 4 0 3 2 4 0 3 2 1 2 2 1 5 5 2 0 1 0 5 3 5 2 2 4 2 5 5 5 4
   0 3 4 2 2 0 5 1 5 4 5 4 1 4 4 5 5 2 5 0 3 4 1 2 2 1 4 0 2 2 4 2 3 4 2
   1 0 2 5 3 3 3 2 4 5 4 5 2 0 4 4 2 5 5 4 5 0 2 5 0 2 3 2 5 3 0 5 1 4 3
   4 4 5 1 3 1 0 2 0 4 2 0 2 5 3 4]
  [0 0 5 5 4 5 0 1 3 0 3 0 4 1 0 1 1 0 5 1 5 0 2 1 2 5 0 2 4 2 2 2 2 2 5
   4 0 5 0 5 5 4 0 4 3 5 4 1 3 0 3 3 0 4 0 3 4 1 3 0 4 5 3 1 2 2 0 5 5 0
   5 2 2 2 5 3 2 3 1 1 0 4 3 0 3 5 1 1 2 2 3 4 0 2 5 3 1 1 0 1 2 0 3 3 3
   5 1 2 2 1 0 0 0 1 5 2 0 3 0 3 5]
  [0 5 2 4 4 0 1 5 3 4 2 0 4 5 1 4 5 2 1 4 5 3 1 0 4 5 5 1 4 5 3 2 2 5 5
   3 5 1 3 5 0 1 1 5 5 4 0 2 4 4 3 3 2 4 3 0 2 0 1 1 4 2 4 5 4 2 2 1 4 5
   4 5 1 4 2 1 2 5 5 5 2 4 3 3 5 4 1 0 5 5 2 3 4 3 2 1 1 2 5 3 0 4 0 5 0
   3 0 4 3 3 3 2 1 1 0 5 2 1 2 4 1]
  [0 1 3 5 1 2 0 3 4 1 4 4 1 4 0 5 0 3 1 5 0 4 5 5 0 3 4 0 5 2 0 4 0 5 3
   5 1 3 0 0 2 5 3 3 5 0 3 1 4 3 2 0 3 0 1 2 1 5 4 3 2 0 4 4 5 3 5 4 3 4
   1 5 3 5 5 2 4 1 1 0 4 4 1 4 2 3 1 0 0 0 1 5 3 0 3 1 1 4 4 1 2 3 1 0 1
   2 1 1 3 1 4 4 1 5 4 0 5 1 3 4 3]
  [0 5 1 2 1 4 5 1 3 3 5 4 2 4 3 4 5 0 5 5 2 3 0 0 1 2 1 0 4 4 5 1 1 4 2
   1 1 1 5 0 5 0 1 0 0 4 2 0 3 1 3 4 3 5 4 1 4 4 1 1 0 0 0 0 1 5 4 5 2 4
   5 5 3 3 3 5 5 0 5 3 3 3 5 1 4 3 2 3 4 2 3 3 3 0 2 1 0 4 2 5 0 5 5 2 0
   5 0 4 2 0 2 5 3 1 0 1 0 2 5 0 2]
  [0 5 2 2 5 2 5 0 5 5 4 4 2 0 0 0 3 5 0 5 2 2 3 0 0 5 5 0 4 1 5 2 4 0 5
   5 2 4 5 5 4 4 0 4 0 2 0 2 5 4 1 1 1 0 1 1 4 3 4 5 3 5 0 5 4 1 2 0 3 3
   1 5 3 2 3 1 1 4 1 2 2 4 5 4 2 3 3 2 4 0 5 4 0 4 5 5 5 1 4 5 2 3 5 0 5
   0 2 3 4 2 3 3 1 3 0 0 4 2 3 4 4]
  [0 2 5 2 4 1 4 5 5 5 3 4 5 3 4 2 1 1 0 5 0 1 4 5 5 5 5 0 0 1 4 4 0 5 3
   0 2 1 3 3 4 4 1 5 5 4 1 1 0 1 0 2 1 0 0 1 0 2 1 4 5 5 5 1 2 1 4 0 4 5
   1 1 0 2 3 5 1 3 1 1 1 2 5 4 1 1 1 1 2 4 0 3 5 0 2 2 1 4 5 0 4 2 3 1 0
   0 0 2 3 2 2 1 2 4 0 2 4 2 2 1 0]
  [0 0 2 3 3 3 0 3 0 5 5 3 4 0 3 5 1 2 2 2 0 2 0 1 0 5 0 3 2 2 3 1 1 4 4
   0 1 2 4 4 2 1 4 1 3 0 5 5 5 5 1 5 3 0 3 2 2 1 2 3 2 3 1 2 0 1 3 3 2 5
   0 0 4 2 3 0 3 5 0 1 0 5 5 2 0 5 2 5 5 1 2 2 0 2 3 0 3 1 1 0 5 4 4 3 3
   2 1 0 4 1 3 1 1 1 4 3 1 4 2 4 0]
  [0 5 4 0 4 0 2 5 0 4 2 3 0 4 3 0 2 4 3 1 5 1 0 1 4 0 2 3 3 3 5 2 3 2 4
   4 1 0 4 2 2 2 1 2 4 1 0 3 5 1 5 2 2 4 4 3 2 5 5 1 4 1 2 2 2 4 1 3 4 2
   5 5 4 2 1 0 3 3 4 4 1 1 2 5 0 1 5 1 4 1 1 4 3 3 2 4 2 0 4 3 0 3 5 2 2
   4 2 0 0 4 0 0 5 3 5 4 3 3 3 0 3]
  [0 4 0 0 0 1 5 1 0 1 5 5 4 2 3 1 3 1 3 4 1 0 2 3 1 0 1 5 5 4 1 3 2 4 5
   4 2 5 5 1 4 2 5 1 3 0 0 4 5 2 1 3 1 1 4 1 0 1 5 0 0 0 3 4 5 4 2 4 2 5
   1 4 2 2 4 5 1 4 3 2 5 3 4 2 5 0 2 4 3 0 1 4 4 5 3 1 1 2 2 0 3 3 1 5 1
   5 3 2 2 0 4 3 5 5 0 4 1 5 5 5 2]
  [0 2 4 0 4 1 2 4 4 2 4 0 2 2 4 1 3 1 2 4 3 0 4 3 4 0 1 2 5 5 2 3 1 2 3
   4 4 3 3 5 1 0 5 5 0 5 0 4 5 4 3 3 4 4 5 4 5 1 1 4 1 2 1 4 0 2 3 4 5 2
   3 0 3 3 5 1 2 3 0 2 2 1 3 5 0 4 1 5 0 5 0 0 0 2 1 4 5 4 1 0 5 4 3 3 5
   1 1 0 5 2 0 4 0 0 3 0 5 5 5 5 4]
  [0 3 0 4 4 4 0 3 3 1 1 3 3 4 3 4 2 3 3 3 3 0 3 2 2 0 4 1 4 0 1 3 2 2 0
   2 5 3 0 4 1 1 2 2 4 1 5 5 0 2 3 0 3 4 4 1 5 0 5 1 4 0 0 2 5 5 4 3 0 3
   2 3 0 2 0 2 0 1 3 0 3 5 4 2 4 0 3 3 5 3 5 4 2 3 1 0 1 2 5 2 5 0 3 4 1
   1 1 5 1 4 3 0 3 1 1 0 4 3 2 2 2]
  [0 4 0 0 3 3 3 2 0 1 0 4 2 4 2 0 2 4 2 4 3 1 2 2 1 3 0 5 1 4 3 1 3 5 3
   0 4 3 5 1 5 5 5 2 1 4 2 0 0 3 1 3 5 5 3 3 0 0 3 1 2 5 1 2 4 3 0 0 5 1
   3 3 1 2 5 3 4 0 1 4 1 5 1 4 2 1 3 3 4 0 3 3 2 4 1 4 0 2 4 4 3 0 0 3 5
   3 5 4 5 5 2 0 0 3 0 3 3 0 2 5 0]
  [0 5 4 0 1 0 2 2 4 3 2 0 2 3 1 2 5 4 5 4 0 5 3 5 4 2 2 5 3 5 2 4 3 1 2
   4 4 0 3 5 1 0 3 0 1 3 2 4 5 4 5 5 3 1 1 1 2 2 2 1 1 2 3 5 0 2 0 2 0 5
   5 1 5 5 2 1 3 1 0 4 3 5 2 3 4 3 3 3 3 3 5 0 4 1 0 4 5 5 0 0 1 5 2 3 5
   2 0 3 4 3 0 2 2 0 4 3 1 4 0 3 5]
  [0 0 0 0 3 0 1 4 1 1 0 0 3 1 1 3 2 4 1 3 3 4 2 1 2 2 1 5 3 2 2 1 3 2 3
   4 0 1 2 1 2 5 3 3 5 4 2 1 1 2 3 4 2 0 0 2 1 5 5 1 5 5 5 4 1 3 1 3 3 1
   3 5 5 0 5 0 2 5 0 5 3 1 3 4 5 5 0 2 0 4 2 1 3 0 0 0 5 5 1 0 2 0 4 4 1
   5 3 5 4 5 3 3 4 0 0 2 5 2 1 0 1]
  [0 5 1 5 2 4 0 3 0 2 4 3 1 1 4 2 1 5 3 4 2 0 3 0 1 4 5 3 1 2 5 0 0 1 0
   4 3 1 3 4 2 3 0 3 1 2 5 2 3 5 2 4 0 5 5 2 0 0 0 3 4 1 2 1 1 3 2 2 3 2
   5 0 3 4 2 5 5 2 0 3 5 1 5 0 1 3 3 0 3 4 1 1 1 3 5 4 1 0 5 4 4 2 3 1 2
   4 3 5 0 0 1 3 1 4 5 0 3 3 3 5 5]
  [0 3 3 5 0 4 3 2 2 4 3 2 1 3 4 5 0 1 5 3 3 2 3 1 5 4 3 5 3 1 1 1 3 1 1
   4 1 1 3 5 0 1 2 4 2 0 5 5 2 4 0 2 4 5 4 2 1 1 0 1 2 4 5 3 3 5 2 1 0 3
   3 1 3 4 0 0 2 5 1 3 0 4 3 5 5 3 5 0 5 1 3 3 2 3 4 0 5 0 0 0 3 1 4 0 1
   0 2 0 3 2 3 5 4 4 3 4 0 4 5 3 0]
  [0 5 0 4 2 0 1 0 4 4 3 1 5 2 5 3 5 2 2 0 0 1 1 5 1 5 2 1 4 4 4 0 3 2 3
   2 5 2 4 5 3 3 2 0 1 3 2 1 4 5 1 5 1 2 4 4 5 5 3 1 3 5 3 3 3 1 2 4 1 2
   0 0 1 1 1 1 5 0 5 5 3 1 5 3 4 1 2 5 5 3 0 5 0 3 1 1 4 4 4 0 5 1 3 0 0
   4 1 1 3 3 2 4 2 5 5 4 1 0 1 3 5]
  [0 3 2 5 1 1 5 5 3 3 1 3 4 1 0 5 0 3 5 2 2 3 3 0 3 1 4 0 4 0 2 1 4 0 5
   4 2 2 3 1 4 4 5 5 5 4 5 1 2 0 2 0 2 4 3 2 5 1 0 0 5 4 0 2 4 3 5 4 0 2
   1 4 3 1 0 2 0 5 3 1 2 2 2 0 5 2 4 2 3 5 2 5 4 0 0 4 3 4 2 1 5 5 3 0 1
   3 4 3 2 3 2 4 5 2 2 4 4 2 0 2 4]
  [0 2 3 3 1 0 4 4 4 0 3 2 1 3 0 2 5 5 4 5 1 0 0 4 4 1 3 0 2 2 0 2 1 5 1
   4 3 0 1 3 1 4 0 2 5 1 1 0 1 1 4 1 4 1 1 1 1 2 3 1 5 3 1 0 3 4 2 1 5 0
   5 5 3 5 5 3 5 3 1 5 3 1 0 1 0 3 4 5 3 2 3 1 4 2 3 1 4 1 5 0 0 2 2 3 5
   4 2 4 4 2 3 3 1 4 0 3 3 4 2 0 5]
  [0 2 5 2 1 4 3 0 3 4 4 0 0 3 3 2 3 5 3 2 0 4 1 1 0 1 2 5 4 5 2 0 2 4 2
   2 1 0 0 1 4 2 0 4 5 3 4 2 2 0 3 2 5 2 0 5 4 2 2 2 0 5 5 0 1 5 2 4 5 4
   1 0 1 0 2 1 4 3 1 2 0 0 4 0 1 4 3 2 0 5 4 5 0 1 2 2 1 2 2 0 0 4 5 4 0
   4 4 5 1 3 4 4 1 3 4 4 1 4 2 1 0]]

 [[0 1 2 2 0 4 2 0 5 2 4 0 1 5 0 4 3 2 1 2 2 3 3 3 1 4 2 4 5 2 4 2 4 4 2
   2 0 1 1 3 0 0 3 3 3 0 1 2 3 3 4 2 0 4 4 3 2 2 1 2 0 5 0 1 2 4 5 3 0 3
   4 2 5 2 5 4 5 5 2 5 2 5 0 4 1 5 5 4 0 0 4 1 2 0 5 5 2 4 1 4 0 4 0 5 2
   4 3 5 5 1 3 5 3 3 4 0 2 0 0 3 4]
  [0 0 1 1 1 5 1 0 2 0 0 5 1 3 3 3 1 1 3 1 3 1 3 1 3 1 1 1 4 5 0 1 0 4 3
   0 3 1 2 1 1 0 2 1 1 2 0 3 0 0 0 0 5 3 3 4 3 0 3 2 4 0 3 5 5 0 4 3 0 2
   1 1 1 4 3 2 4 3 5 1 1 4 4 4 5 1 4 1 0 3 3 0 3 5 4 4 5 5 1 2 5 3 3 3 1
   0 1 4 1 4 5 1 4 1 0 4 1 2 4 5 5]
  [0 3 0 4 1 5 4 3 0 2 0 0 4 2 5 0 4 1 5 5 4 0 2 5 0 0 3 2 2 5 4 4 5 5 4
   0 1 1 4 5 2 1 5 2 5 3 5 1 3 0 5 1 2 0 2 3 5 2 5 0 0 5 1 3 2 2 5 4 3 2
   1 0 0 3 2 5 1 1 1 2 3 0 1 4 5 0 3 5 4 4 5 0 5 4 5 1 4 2 5 0 5 5 5 0 3
   5 3 1 3 2 2 0 4 3 4 5 3 0 4 1 5]
  [0 5 4 0 0 2 5 3 5 0 4 2 5 4 4 4 0 3 5 5 3 3 4 2 5 1 2 0 5 5 5 2 3 2 1
   2 5 4 1 3 0 0 4 1 4 0 4 5 0 5 4 3 5 2 0 1 1 4 2 3 3 5 0 5 3 1 2 5 5 5
   2 2 3 3 0 5 3 3 0 0 4 0 3 0 5 2 3 1 2 4 4 3 5 2 0 0 4 0 0 0 4 1 0 3 1
   2 4 1 1 0 4 5 2 1 4 1 5 4 2 4 1]
  [0 1 4 2 0 2 1 1 5 5 4 0 3 1 3 4 3 1 5 5 0 0 3 5 5 4 4 0 4 3 4 3 5 5 4
   1 3 0 5 3 0 5 3 3 4 5 5 1 3 4 2 0 1 0 1 0 5 1 1 3 1 1 4 4 3 4 0 1 3 4
   1 3 1 1 1 5 3 2 4 5 3 1 3 1 4 2 1 2 1 0 5 3 2 2 3 1 2 0 2 0 5 1 3 4 0
   4 0 2 2 3 0 3 3 3 1 2 1 5 1 4 0]
  [0 0 1 2 4 0 3 2 3 4 2 4 0 3 2 0 5 1 5 1 0 0 0 3 5 1 2 2 5 1 3 0 4 0 0
   2 4 4 3 3 4 0 5 1 2 4 1 3 1 1 0 0 1 2 2 2 0 1 2 1 2 3 5 1 3 1 3 4 0 1
   4 5 4 2 4 4 2 2 5 5 3 0 3 1 5 2 0 3 3 2 1 3 3 4 5 3 4 3 3 5 2 2 3 3 5
   2 2 0 1 1 1 1 5 1 4 0 1 3 1 4 5]
  [0 0 0 3 0 2 0 1 2 3 1 0 4 3 2 3 3 4 3 0 2 3 0 3 3 2 4 2 1 2 2 0 1 3 4
   0 4 4 2 5 4 5 1 0 2 4 1 5 1 1 3 0 5 0 5 2 1 5 0 5 2 1 2 5 5 3 3 4 3 3
   5 2 4 1 2 4 5 2 2 1 4 5 0 0 5 3 3 1 2 0 0 4 1 0 2 5 2 1 4 5 2 2 5 3 4
   2 3 4 4 4 0 2 3 3 3 1 3 5 5 2 2]
  [0 2 3 4 3 2 1 0 5 3 1 0 1 4 2 1 5 1 3 2 3 3 0 0 4 1 1 1 2 4 5 0 4 3 5
   2 5 4 2 0 3 4 4 2 2 3 5 4 3 3 1 3 1 0 2 3 4 4 3 2 5 0 4 5 0 3 1 1 0 5
   1 5 0 2 0 3 1 3 4 3 5 3 2 2 0 3 4 3 5 3 1 0 0 4 3 5 0 5 3 5 4 2 1 0 2
   2 1 2 4 5 1 4 2 1 5 0 5 2 5 2 5]
  [0 4 4 3 3 0 1 5 0 4 4 4 5 5 1 3 1 0 1 3 4 2 4 2 2 3 0 4 2 1 1 2 1 2 2
   5 4 5 2 5 4 5 1 2 2 2 4 4 0 5 2 5 2 2 4 2 3 0 0 5 0 1 0 0 1 5 0 1 0 3
   0 0 4 3 0 4 1 3 3 1 2 4 4 2 2 5 2 1 2 3 2 1 3 4 5 2 3 3 2 1 0 4 2 4 3
   4 4 0 1 4 2 5 1 1 0 0 4 2 4 5 4]
  [0 3 1 2 3 2 1 3 2 0 3 5 4 3 1 1 4 1 0 4 2 0 2 1 1 2 4 1 0 3 3 1 1 3 3
   1 2 5 3 0 1 0 1 4 2 1 2 1 4 2 4 2 3 4 3 3 5 4 1 2 4 5 0 3 0 0 5 1 0 4
   5 1 0 2 4 5 5 4 4 3 0 2 4 3 0 2 1 3 5 2 4 0 3 2 3 3 4 4 1 1 2 5 5 0 0
   1 0 5 2 4 4 4 5 5 0 5 3 1 2 4 1]
  [0 3 2 4 2 0 1 2 3 2 0 2 5 4 5 2 2 5 0 3 5 0 1 5 2 5 2 4 1 3 5 1 3 2 5
   2 0 0 3 4 1 1 3 4 0 0 3 2 0 4 0 0 0 4 5 1 5 0 2 4 1 1 3 5 0 4 0 5 0 5
   4 1 0 2 3 3 4 4 5 1 1 1 3 2 3 5 4 2 5 4 1 3 4 5 4 5 5 4 2 2 2 4 1 3 0
   0 0 5 5 2 5 3 1 4 5 5 3 1 4 1 5]
  [0 5 0 2 2 2 4 3 1 1 4 0 4 4 5 5 1 4 2 5 4 1 1 4 3 5 2 4 2 3 3 1 5 4 4
   5 5 1 5 2 0 5 0 1 4 4 2 1 5 0 3 2 5 0 5 0 3 3 4 5 5 5 3 3 4 5 0 4 1 3
   3 5 2 4 1 0 3 5 5 5 3 4 1 3 1 3 1 0 0 0 3 5 2 5 2 2 1 0 4 2 4 5 1 0 4
   5 1 4 1 5 4 0 1 4 2 0 2 4 1 5 2]
  [0 4 3 2 1 3 5 0 3 0 1 2 0 4 3 3 3 1 4 2 2 3 5 5 4 2 3 0 2 2 0 3 0 1 0
   2 4 5 4 3 0 3 5 1 0 3 3 0 4 3 2 2 5 4 2 5 3 2 0 5 1 3 2 2 4 2 2 4 1 4
   3 5 3 0 4 3 1 2 0 1 5 4 2 4 5 1 3 4 4 5 1 1 2 0 1 0 3 2 4 0 2 3 5 3 2
   3 0 2 3 3 2 5 3 3 0 5 4 5 3 0 5]
  [0 0 1 2 3 4 5 0 2 5 4 0 0 0 0 2 2 5 2 4 3 0 5 5 0 3 5 0 2 1 2 3 2 1 1
   4 2 2 2 4 1 0 1 3 3 2 1 5 0 2 1 3 3 0 4 5 1 4 2 4 0 0 0 0 0 1 1 0 3 0
   2 0 2 1 0 3 2 5 4 0 3 2 2 2 0 0 3 1 2 2 5 4 0 1 1 4 2 5 5 3 4 3 1 3 3
   4 1 1 1 3 3 4 3 3 1 3 3 0 1 0 2]
  [0 5 2 0 1 1 3 1 5 4 4 2 4 5 0 5 0 5 5 2 0 4 3 2 3 3 3 5 5 2 1 2 1 3 5
   5 5 1 0 4 1 3 4 5 1 2 5 0 5 5 0 1 2 2 0 0 4 3 0 4 1 4 5 2 5 1 5 5 1 1
   4 0 0 5 5 1 5 2 1 2 2 3 2 2 4 1 4 3 2 5 4 5 1 0 0 4 2 2 5 0 4 4 3 4 2
   2 1 2 1 1 3 0 3 5 4 2 3 2 0 3 1]
  [0 4 3 4 3 0 0 0 3 1 5 4 5 1 4 0 2 2 0 5 0 2 0 2 4 2 0 3 2 0 1 2 4 4 4
   1 4 3 3 1 5 4 1 5 1 4 0 0 2 4 3 3 3 0 0 5 0 1 0 2 1 0 5 0 4 5 1 5 5 3
   0 1 0 0 5 2 1 0 5 2 4 1 5 3 2 0 0 5 1 2 4 0 1 3 3 4 4 2 1 5 3 4 1 5 3
   4 1 0 2 5 2 5 0 3 5 0 4 4 5 5 1]
  [0 0 3 4 0 3 4 1 3 3 1 5 1 5 1 0 0 3 4 5 2 0 5 1 1 4 5 1 3 2 5 4 3 3 2
   3 1 3 0 2 1 5 4 3 2 3 2 1 1 2 3 0 4 1 3 3 1 3 1 5 4 4 4 1 2 3 0 0 1 4
   0 1 0 0 0 4 2 0 4 1 2 0 2 3 2 1 5 3 5 5 4 4 3 0 5 5 1 2 0 3 2 3 1 1 3
   4 3 5 1 3 2 0 3 0 5 5 3 0 3 0 1]
  [0 3 2 5 1 4 5 0 4 3 1 5 2 4 0 1 5 0 3 3 5 2 4 0 1 5 1 0 4 4 0 0 5 3 4
   3 2 0 3 0 5 5 0 3 4 0 1 0 5 0 3 2 1 1 4 1 1 1 0 2 3 5 1 3 2 2 2 5 5 5
   1 1 0 1 0 5 5 4 3 3 5 0 1 4 2 0 0 5 5 5 3 4 4 3 2 4 0 4 3 4 4 0 2 4 0
   4 5 3 5 4 3 3 1 1 5 2 2 2 4 1 2]
  [0 1 4 2 3 4 4 5 2 2 2 3 4 4 5 0 5 0 0 0 5 2 2 4 0 0 3 0 4 3 2 3 1 0 5
   5 1 4 2 0 2 0 2 0 1 0 5 2 1 1 5 5 0 1 5 0 4 5 5 3 1 1 1 1 2 5 4 3 2 1
   3 5 3 4 5 1 0 0 1 0 5 1 5 2 0 5 1 4 2 1 0 5 5 3 3 0 0 2 2 4 1 2 2 3 2
   3 0 0 3 2 0 2 0 1 2 4 3 0 0 4 2]
  [0 1 0 4 4 4 0 3 3 5 4 3 5 5 0 5 3 4 0 0 1 5 5 1 4 2 3 2 4 1 3 1 1 1 4
   5 2 2 5 5 4 1 5 2 0 3 4 3 3 2 1 2 0 5 4 3 3 1 4 4 0 2 4 2 1 3 1 2 3 0
   5 5 2 0 0 4 5 4 1 3 3 4 2 3 2 4 4 1 3 2 5 1 2 1 4 5 4 5 0 5 5 4 4 5 3
   5 0 2 2 5 2 0 5 5 5 2 0 2 3 0 0]
  [0 3 5 2 1 3 1 3 0 0 1 0 4 3 4 0 4 0 0 0 0 1 2 3 3 2 4 1 2 5 5 4 4 2 2
   5 5 1 5 0 2 5 1 2 3 2 3 0 4 3 3 4 1 2 5 3 5 5 3 4 2 4 3 0 2 5 2 1 0 2
   1 0 2 5 4 2 2 0 2 5 3 3 3 0 0 1 4 5 4 0 1 2 3 4 0 0 0 4 0 2 1 4 0 4 4
   0 2 3 4 2 3 4 4 5 3 2 2 1 0 5 3]
  [0 2 0 3 4 5 1 4 4 4 0 2 0 3 1 2 5 1 2 1 1 0 3 0 0 3 2 1 2 4 1 1 0 1 5
   3 2 2 3 0 1 3 1 5 3 1 4 1 4 5 2 5 1 4 5 3 0 2 0 1 0 2 4 0 1 5 2 0 2 2
   5 5 3 3 5 4 4 0 4 1 0 2 1 0 4 2 1 5 0 1 0 0 0 1 2 4 4 5 0 3 4 0 0 0 1
   2 0 1 0 0 2 2 3 1 4 4 4 0 0 3 0]
  [0 3 3 0 5 0 0 5 4 3 0 3 0 1 4 5 5 1 3 0 2 3 0 4 5 0 3 4 0 0 1 2 3 4 1
   2 2 5 3 4 4 0 0 5 2 1 3 4 2 4 5 3 1 5 5 2 1 1 2 2 1 3 1 5 5 3 1 2 0 3
   3 4 5 3 1 5 4 0 2 3 0 4 0 0 1 2 5 5 3 1 1 2 0 5 1 0 5 4 5 3 2 0 0 1 1
   5 3 4 2 0 3 4 0 2 0 3 5 4 3 2 4]
  [0 4 0 2 4 2 3 5 2 3 3 3 5 1 1 0 1 0 2 0 4 0 3 0 5 2 4 2 5 5 0 1 0 3 0
   4 3 3 2 1 1 2 3 0 1 0 3 5 4 5 3 0 1 2 1 5 2 4 3 5 5 1 3 1 0 0 4 2 1 3
   2 3 3 3 5 4 2 1 2 1 3 4 4 0 5 1 1 3 5 5 2 1 1 1 5 5 2 3 5 0 3 4 0 2 3
   4 0 4 2 5 2 2 5 2 0 0 4 3 0 4 4]
  [0 5 0 2 3 4 5 5 4 3 2 5 3 4 0 3 0 2 4 0 5 3 3 4 0 1 5 0 5 0 2 3 5 4 3
   3 3 1 4 2 2 2 0 5 5 4 2 1 4 1 2 3 3 0 2 1 5 0 4 0 2 1 3 1 3 1 2 3 4 2
   0 5 3 0 2 0 4 0 0 1 2 4 5 4 1 2 0 3 2 1 0 4 3 0 1 0 1 4 5 1 0 1 2 4 0
   3 3 2 3 2 1 4 5 5 2 4 2 2 4 4 5]
  [0 4 4 3 4 4 1 0 0 2 4 0 4 1 5 2 2 4 4 2 5 0 2 0 2 0 3 4 2 5 3 0 2 0 3
   3 2 3 4 2 1 3 3 1 3 4 5 1 5 2 5 0 3 1 0 2 4 0 4 0 3 1 4 1 1 1 3 5 3 5
   5 4 1 2 3 3 2 0 2 0 2 2 2 3 2 0 4 0 2 3 5 0 0 5 4 4 1 2 3 2 4 1 4 1 0
   2 0 0 2 3 3 5 1 5 3 2 4 3 5 1 5]
  [0 1 5 2 5 4 1 5 0 3 0 0 4 2 4 5 3 3 3 1 4 0 4 0 2 2 0 3 1 5 2 5 4 1 1
   2 5 4 1 5 2 5 3 3 2 0 5 4 0 5 5 4 2 4 4 3 3 1 4 3 0 5 2 2 0 4 1 5 4 5
   4 0 5 3 2 2 3 4 1 3 1 1 3 3 2 2 4 0 2 0 1 1 2 2 4 1 4 5 2 1 2 3 1 1 2
   5 3 1 2 3 5 3 4 0 4 3 2 1 2 2 0]
  [0 2 4 0 3 0 0 1 4 3 4 4 4 1 2 2 5 3 5 0 5 5 0 0 3 0 2 0 1 5 1 2 3 3 1
   5 2 1 4 3 4 4 2 0 4 5 1 0 3 3 5 4 3 5 4 1 0 2 3 5 5 5 4 2 4 3 0 3 1 1
   4 2 3 1 1 1 1 2 5 1 5 5 0 0 1 1 2 2 2 4 2 0 3 3 0 3 1 5 0 1 4 4 0 4 1
   3 3 4 2 3 4 4 3 5 1 3 0 2 0 0 1]
  [0 3 0 4 4 3 5 5 5 1 1 4 3 3 3 2 3 3 5 0 2 5 2 5 0 0 5 1 0 2 0 3 3 3 1
   5 2 1 5 3 5 1 2 1 1 5 0 4 4 5 3 2 2 4 4 5 2 1 4 3 1 2 1 1 0 1 3 1 4 5
   4 0 2 4 0 0 3 5 1 5 2 1 4 0 0 5 5 3 2 0 1 4 4 0 2 2 1 5 3 4 4 3 3 3 3
   5 2 0 0 5 2 3 4 5 3 1 2 0 2 4 3]
  [0 4 2 4 4 4 1 4 4 5 2 2 3 1 1 2 3 1 4 1 1 1 1 5 0 3 2 5 0 0 2 1 1 5 3
   3 4 5 4 0 5 0 4 2 2 1 2 2 4 4 0 4 0 2 1 5 3 2 5 0 4 2 3 4 4 2 3 1 2 0
   1 4 0 3 3 5 4 0 5 4 4 1 1 1 5 5 3 0 5 5 3 3 4 3 0 3 0 2 2 2 4 0 3 0 3
   5 4 4 0 5 3 2 4 1 0 4 2 1 1 4 2]
  [0 2 4 3 2 3 1 1 4 0 2 2 0 1 0 4 2 0 4 0 4 4 3 3 3 2 1 2 3 2 0 0 5 2 1
   4 3 0 2 5 2 4 1 3 5 2 5 4 2 4 3 1 4 0 3 1 2 1 0 0 1 3 4 0 1 1 4 2 5 5
   2 3 3 0 1 1 1 2 1 2 2 3 4 3 0 3 2 0 5 1 3 0 1 0 5 4 1 3 5 0 1 1 2 3 3
   2 0 1 5 5 1 0 4 3 2 1 2 5 2 3 4]
  [0 5 3 5 5 5 2 4 5 3 4 3 4 5 5 3 2 5 2 0 3 5 0 0 1 2 3 1 0 4 4 0 0 4 3
   1 4 3 0 3 1 4 1 0 2 4 0 0 5 0 5 3 0 4 3 3 1 3 4 0 4 5 3 5 5 3 1 5 1 2
   3 4 2 1 3 2 2 3 5 1 0 4 1 0 2 3 4 5 2 5 3 5 1 0 3 0 3 5 0 4 4 5 3 4 0
   4 3 3 0 5 1 3 5 5 4 3 5 5 0 1 4]
  [0 2 3 3 2 0 2 4 1 1 5 3 2 2 0 4 0 1 1 3 4 2 3 2 5 0 2 1 5 5 3 3 0 2 2
   2 3 3 3 1 5 2 1 1 0 2 1 2 1 1 3 0 1 2 3 1 1 2 4 4 2 0 1 4 5 1 5 1 1 3
   3 3 3 2 1 1 0 3 4 1 5 4 0 5 2 4 0 1 0 5 0 4 4 0 3 3 2 1 1 0 0 4 2 4 4
   1 1 3 0 4 4 1 3 0 5 4 4 5 2 1 1]
  [0 3 3 0 4 0 1 3 5 0 4 4 2 3 0 2 3 5 2 2 4 1 5 2 0 5 0 0 5 2 1 3 5 0 5
   4 1 2 5 5 2 5 1 2 4 5 4 4 2 5 4 0 4 4 2 2 4 5 5 4 3 3 3 0 5 4 5 3 4 5
   2 2 1 4 3 5 2 4 3 5 3 0 4 1 3 4 2 3 3 5 4 4 4 3 0 0 1 1 3 1 1 0 0 3 0
   5 5 2 4 4 1 1 4 4 4 1 3 3 5 0 3]
  [0 5 2 1 5 3 3 4 0 2 4 2 0 0 2 3 3 0 0 3 3 3 2 4 0 5 3 4 5 0 2 3 5 2 0
   0 4 0 2 2 5 4 2 4 0 2 3 2 4 3 2 4 2 5 5 3 1 0 0 0 0 3 5 0 3 0 5 0 4 5
   1 3 2 5 3 4 2 2 4 4 1 4 5 2 0 3 5 0 1 3 4 5 2 3 4 5 2 1 0 2 5 0 4 5 4
   2 1 2 5 1 3 2 1 3 3 2 5 5 5 4 0]
  [0 0 1 0 5 2 5 4 0 1 0 2 5 3 1 1 3 5 3 0 2 2 1 5 5 0 0 0 1 2 3 0 4 0 2
   0 3 4 5 4 5 5 2 1 1 2 0 2 1 3 3 3 1 2 1 4 0 4 1 0 1 1 3 0 0 3 1 1 3 1
   4 3 0 2 4 5 3 4 1 4 0 1 0 1 0 3 5 5 3 2 5 4 5 1 4 0 5 4 0 1 5 2 1 1 2
   0 4 0 3 2 4 1 4 5 1 2 0 1 1 4 1]
  [0 0 5 2 1 5 4 3 1 0 0 5 0 5 3 1 4 4 5 4 4 0 2 1 0 1 2 2 5 0 1 3 1 1 5
   1 0 0 1 0 2 1 0 0 5 3 5 1 2 2 3 1 2 5 2 1 4 2 5 0 2 2 2 2 3 3 5 0 5 5
   3 2 2 4 5 2 5 4 3 3 2 0 1 5 4 2 3 4 3 1 4 2 2 0 2 3 0 2 2 4 1 4 2 1 3
   0 3 4 1 2 5 4 1 0 5 2 5 3 5 3 5]
  [0 4 4 3 4 1 5 2 0 0 1 3 3 5 3 3 0 4 3 4 4 1 1 5 2 0 5 5 5 0 0 1 2 0 0
   5 2 0 3 5 5 1 3 2 0 0 3 3 5 2 5 0 5 4 2 1 3 1 2 1 1 4 2 1 0 4 3 1 5 3
   1 4 2 1 3 0 4 2 3 5 4 2 3 3 0 0 2 2 0 0 1 4 0 3 1 4 1 0 1 0 1 3 2 2 1
   4 0 0 0 4 2 5 2 4 0 2 3 2 1 3 0]
  [0 0 2 2 0 3 0 3 5 1 5 4 3 2 4 0 1 4 2 0 0 1 2 4 2 5 5 5 2 3 1 4 0 0 1
   4 3 0 0 4 5 1 3 2 4 4 0 5 0 5 3 3 3 3 1 0 5 4 0 2 5 5 2 1 2 0 1 3 0 4
   4 4 1 1 2 0 1 1 5 4 3 2 3 5 1 3 0 0 0 1 1 5 4 3 2 0 2 4 1 0 2 0 2 2 5
   3 4 4 5 1 3 0 1 1 3 5 1 5 3 5 3]
  [0 5 2 2 2 2 4 3 4 2 1 2 0 4 0 2 2 3 0 4 0 4 4 0 0 2 0 2 3 5 3 4 2 2 2
   2 0 0 1 0 5 1 3 1 3 2 2 1 5 2 2 1 3 0 5 2 5 2 5 2 0 4 3 4 5 1 1 1 2 2
   4 2 3 1 1 0 0 2 1 4 2 2 5 3 4 2 4 0 2 2 3 4 4 0 5 4 0 0 1 1 5 2 1 1 4
   1 5 1 0 5 3 1 2 3 0 2 2 2 1 5 1]
  [0 2 0 4 4 1 4 2 4 0 4 5 3 5 3 1 1 5 3 4 3 4 1 3 1 3 2 0 5 1 1 0 2 4 1
   0 5 5 3 0 0 0 3 0 0 4 2 4 0 1 1 1 2 0 2 2 5 1 4 0 0 0 4 1 1 2 3 4 3 2
   0 2 3 5 3 4 3 2 1 5 5 1 5 2 0 3 3 1 2 3 3 2 2 0 0 2 2 0 3 3 2 5 5 0 4
   4 5 1 4 0 4 2 5 2 4 0 4 4 4 4 5]
  [0 0 3 2 3 3 0 0 1 0 1 2 2 5 3 1 2 0 1 0 4 1 4 1 5 4 2 2 1 1 0 2 3 1 5
   4 2 5 5 5 2 0 5 2 3 3 0 3 4 2 1 4 0 3 1 4 3 1 0 0 4 5 2 1 3 2 4 5 0 3
   4 0 1 4 3 5 1 2 4 1 5 3 0 4 3 2 0 5 1 3 5 2 0 1 4 1 4 1 3 0 3 2 2 0 2
   3 4 1 1 2 0 1 4 5 0 5 1 3 5 4 5]
  [0 0 0 2 2 2 2 0 2 0 2 1 4 2 5 4 0 5 2 4 3 3 1 2 4 3 3 5 4 5 3 1 2 5 4
   3 1 1 3 3 5 3 0 5 2 3 2 4 3 0 2 4 2 0 1 5 5 4 5 4 1 0 3 5 4 0 3 4 5 4
   3 2 5 5 5 5 2 1 3 4 5 2 1 5 2 3 3 4 1 1 1 1 5 2 1 5 5 5 4 0 2 3 4 2 4
   5 3 0 1 1 3 2 5 5 5 1 2 0 3 3 3]
  [0 5 5 5 0 0 0 5 4 5 5 2 3 1 0 4 3 2 3 2 2 2 1 5 4 4 4 5 0 1 1 2 2 0 2
   1 0 4 3 3 2 0 4 0 5 5 1 1 3 2 2 0 4 5 2 1 3 5 5 1 3 3 2 1 0 3 3 1 2 2
   0 4 4 3 2 4 1 3 2 3 3 1 4 0 1 0 0 5 0 4 3 3 3 4 4 2 2 3 2 4 2 4 4 4 2
   1 5 5 0 0 0 0 0 5 4 1 2 1 5 3 0]
  [0 5 0 2 0 5 2 2 1 3 2 3 5 5 1 3 3 1 2 0 1 3 2 4 2 1 5 0 2 0 4 3 5 0 3
   3 2 0 1 3 5 3 0 3 0 0 5 2 1 1 5 3 1 3 5 0 4 2 0 3 5 0 1 0 4 5 2 0 1 4
   1 1 1 3 3 4 0 4 5 5 0 0 5 2 5 3 1 0 2 5 4 2 3 3 4 1 3 0 0 2 0 0 5 1 1
   4 4 2 5 3 2 4 5 2 0 2 2 4 0 4 5]
  [0 1 2 3 4 4 2 3 0 5 5 2 5 1 1 3 4 0 0 0 2 3 3 2 5 4 5 3 1 0 5 0 1 3 3
   4 1 3 1 0 0 2 2 2 1 0 2 3 5 5 0 3 3 1 4 4 4 1 2 2 0 3 1 2 2 2 3 3 3 5
   2 3 5 4 3 1 0 5 2 3 5 0 1 0 2 3 3 0 0 0 3 1 0 3 1 1 2 2 5 0 1 3 3 5 0
   1 1 0 0 2 3 4 0 2 1 4 4 2 4 4 2]
  [0 4 5 5 2 5 2 2 3 2 5 4 0 0 5 5 3 3 4 3 3 4 1 2 3 3 2 0 0 0 0 3 1 1 3
   2 1 2 2 5 2 1 3 0 5 2 0 3 1 1 3 2 4 5 3 3 4 3 5 2 4 5 0 2 4 0 0 1 4 2
   5 5 0 1 0 3 3 5 2 5 0 5 3 4 4 1 4 1 2 4 0 0 0 1 2 1 4 2 2 4 0 0 3 2 4
   4 3 5 3 0 0 0 2 2 1 5 1 2 3 5 1]
  [0 5 2 5 1 4 5 4 3 2 1 0 2 5 2 3 4 5 3 5 5 4 5 2 2 0 4 1 3 5 4 0 1 4 2
   0 4 2 5 1 0 0 2 4 4 2 3 0 3 2 3 4 5 2 0 4 4 0 5 2 2 5 0 5 2 0 3 1 4 5
   3 0 5 4 4 5 2 3 4 3 3 2 3 4 0 4 5 4 0 2 4 3 1 3 4 2 3 0 2 5 4 0 0 0 4
   3 4 1 2 0 0 3 4 1 0 2 0 5 4 5 5]
  [0 5 5 5 3 2 4 0 1 2 5 4 0 1 2 5 2 5 0 4 0 0 1 5 3 5 1 5 1 2 2 4 0 3 5
   4 5 2 4 2 0 4 3 5 0 3 4 5 0 1 2 4 0 1 0 4 1 3 5 4 0 4 5 3 4 2 0 1 3 5
   4 3 2 2 5 0 1 1 1 1 0 4 4 0 0 3 2 2 2 0 5 4 5 5 3 4 0 3 5 0 5 2 0 4 2
   0 4 1 1 5 0 1 3 3 1 4 3 2 1 5 3]
  [0 4 2 5 1 5 4 1 4 5 3 0 0 5 2 0 2 2 2 2 2 4 0 3 4 4 4 5 2 5 2 3 0 4 0
   2 5 4 0 5 3 3 5 0 0 5 5 4 1 0 1 4 1 2 4 2 2 1 4 3 5 5 0 4 2 0 4 4 5 1
   4 0 3 1 4 5 1 4 5 1 5 4 3 3 0 2 4 5 4 5 5 2 4 5 0 0 2 0 5 2 2 3 1 2 3
   1 4 2 2 0 0 2 1 5 3 4 3 0 1 5 1]
  [0 2 4 3 1 1 1 1 1 0 3 4 0 0 3 1 0 2 3 2 5 2 2 3 0 5 3 2 1 1 4 5 2 1 3
   3 2 5 2 2 5 5 5 3 5 2 1 1 2 1 0 3 0 5 1 4 1 5 0 0 5 2 0 2 2 1 1 4 0 1
   5 0 2 3 5 0 5 1 4 0 1 0 1 4 4 4 0 3 3 4 1 3 3 1 2 3 1 1 2 3 0 0 1 0 3
   5 5 3 2 4 0 1 3 4 5 0 3 0 2 2 4]
  [0 3 1 3 5 5 0 3 3 5 5 3 1 5 3 2 3 5 0 1 2 2 5 2 1 0 2 1 2 5 1 4 2 0 0
   0 2 3 4 2 3 4 5 4 4 1 0 0 0 1 1 0 0 4 3 5 4 4 4 3 5 1 1 5 5 2 2 4 1 5
   0 4 3 5 5 5 2 2 2 5 2 1 3 4 3 4 0 0 2 0 0 3 0 5 0 0 0 4 5 4 4 4 0 4 2
   4 0 3 2 3 1 2 5 0 4 3 3 0 5 5 4]
  [0 0 1 5 1 0 3 3 2 3 0 2 4 4 3 0 3 2 1 2 2 3 3 4 3 1 3 0 2 1 1 0 0 2 5
   5 4 1 3 0 3 2 1 2 3 3 5 3 2 1 0 0 0 1 1 1 2 4 2 3 1 3 0 5 1 5 4 0 5 3
   3 0 4 1 4 4 2 5 2 3 0 5 2 4 2 5 4 3 5 4 5 1 5 3 5 1 5 1 4 2 0 3 4 3 3
   3 3 1 4 0 1 4 2 1 2 0 3 4 4 3 0]
  [0 0 0 2 3 4 3 4 2 0 2 4 3 5 1 3 5 2 1 0 2 2 0 4 4 5 2 3 2 3 3 3 1 1 3
   0 0 3 5 2 5 3 1 0 4 3 4 3 0 2 2 4 5 0 5 4 2 0 5 3 1 1 5 0 4 3 3 3 4 0
   4 3 4 1 1 4 2 3 3 2 2 0 5 4 5 1 2 3 2 3 5 5 4 3 4 5 3 2 2 1 5 1 3 3 4
   3 5 0 3 1 5 2 5 5 2 4 4 1 3 2 2]
  [0 4 3 1 2 2 3 2 1 3 4 4 1 5 0 3 4 4 3 0 3 4 5 4 2 5 4 2 5 0 4 1 4 4 5
   3 4 3 4 1 0 0 2 2 1 3 0 2 5 4 1 5 4 1 0 3 3 3 5 1 0 0 2 0 5 1 1 0 1 5
   4 4 5 4 1 3 2 2 0 2 1 4 5 5 1 0 5 4 3 4 3 3 4 4 0 5 1 5 4 1 4 2 2 0 5
   4 1 5 5 3 4 3 0 1 4 2 3 1 0 2 2]
  [0 2 2 4 5 1 3 4 0 3 1 3 2 1 1 0 2 1 1 1 0 3 3 0 0 5 2 0 5 3 5 3 4 4 3
   4 1 5 5 2 1 3 1 1 2 4 2 1 3 4 0 0 3 4 5 0 2 1 2 4 2 5 4 2 4 0 4 4 4 1
   0 2 2 1 1 5 0 4 5 5 1 0 0 3 1 3 5 1 3 4 2 5 4 5 2 2 2 4 3 5 0 2 5 1 1
   2 5 3 1 4 1 1 5 3 0 4 3 4 0 5 2]
  [0 1 5 4 3 4 2 4 2 0 1 1 1 1 4 5 0 2 0 0 1 4 0 1 0 4 3 1 1 4 0 0 3 1 4
   5 4 5 0 2 4 3 2 3 4 4 1 1 5 5 1 1 0 5 2 5 0 2 5 2 0 0 1 2 1 4 1 3 3 2
   4 4 4 5 3 0 2 4 1 3 0 2 2 3 0 0 4 4 5 2 5 4 5 3 5 3 3 1 5 1 3 4 0 5 4
   0 4 4 0 2 3 2 0 3 5 3 4 2 1 0 0]
  [0 3 1 2 3 1 3 2 3 4 2 2 1 0 1 0 3 5 4 0 2 3 1 4 1 1 2 2 1 5 1 1 3 2 0
   1 5 2 1 2 4 3 3 2 5 3 0 0 5 2 4 4 5 5 5 2 1 0 0 1 2 4 0 0 2 3 5 3 1 5
   1 0 5 2 0 1 3 3 1 3 2 4 5 3 5 4 0 1 1 5 2 4 2 4 5 3 3 5 5 3 5 5 3 0 1
   0 0 4 2 1 0 1 1 3 4 5 5 4 0 5 2]
  [0 1 2 4 3 2 4 4 0 0 2 4 3 4 0 3 1 1 4 5 4 0 1 4 4 4 1 5 3 1 0 3 4 2 5
   1 4 0 3 3 2 5 2 4 4 3 4 5 2 0 5 2 1 3 2 5 5 0 0 1 3 0 2 0 4 4 1 4 5 1
   4 5 2 0 0 1 0 0 3 1 0 2 3 4 5 1 5 2 1 0 1 4 5 2 0 3 4 0 2 2 5 5 4 5 2
   4 2 3 2 3 4 3 3 4 5 1 3 2 1 5 2]
  [0 4 3 4 1 5 4 0 1 3 0 3 2 1 0 0 1 5 0 1 2 3 0 0 3 4 1 4 2 0 0 0 1 5 4
   2 4 5 2 4 5 3 5 5 1 2 5 1 0 1 0 4 0 5 5 0 4 1 1 0 5 5 1 5 0 1 3 0 4 3
   4 1 3 5 1 0 4 1 1 4 0 4 0 3 1 1 4 3 1 0 4 4 4 0 3 2 5 2 4 3 1 1 4 3 0
   0 1 3 4 4 3 0 4 3 1 4 5 2 4 5 3]
  [0 4 3 1 1 0 1 0 4 5 4 2 3 1 2 5 1 1 5 4 0 0 1 1 3 1 5 5 5 1 3 0 1 4 2
   0 0 5 2 4 3 4 2 4 0 3 3 0 4 3 1 5 2 1 2 0 4 5 0 4 0 3 4 4 3 0 5 4 0 3
   5 2 3 0 3 1 0 4 4 4 1 3 2 1 3 2 2 2 5 4 5 2 2 4 2 5 2 0 0 3 0 3 3 0 1
   2 2 5 4 3 2 5 0 3 1 5 0 0 0 5 0]
  [0 1 3 5 1 2 3 3 3 5 2 0 0 2 4 2 5 5 5 3 0 3 5 0 1 1 0 3 4 4 2 1 0 4 1
   5 1 5 4 2 0 1 3 2 4 3 4 3 3 4 4 4 1 3 3 0 0 2 1 1 3 0 0 4 3 0 5 5 5 1
   3 5 4 2 5 4 1 2 1 0 1 5 2 0 4 5 0 4 1 5 1 0 3 2 5 4 5 0 3 1 4 2 0 2 1
   0 4 5 0 4 3 2 2 5 4 0 0 4 4 5 3]
  [0 1 2 5 3 4 5 5 2 1 3 3 4 1 5 4 1 1 4 0 2 5 2 2 1 0 2 5 2 2 2 2 0 4 2
   5 1 5 1 2 2 0 4 4 5 1 4 3 0 2 0 1 1 5 2 2 1 3 2 5 2 3 0 5 1 0 2 5 4 2
   1 1 0 4 2 0 5 0 2 1 2 5 1 2 3 5 2 4 5 3 2 2 3 1 4 1 1 5 4 5 0 5 3 2 2
   0 4 3 3 0 0 2 5 1 2 1 0 4 4 1 3]
  [0 0 0 0 3 0 2 5 0 3 5 3 4 5 2 1 4 1 4 2 3 0 0 0 0 3 1 0 0 3 1 0 3 5 1
   3 1 1 2 5 4 3 2 5 0 0 0 0 1 5 1 2 3 2 1 4 5 1 5 0 4 5 5 0 5 5 0 5 5 4
   0 2 3 5 3 1 1 5 4 1 1 1 3 2 1 3 0 1 5 5 2 2 1 2 0 3 5 1 1 1 1 5 2 3 4
   3 0 4 0 4 1 1 3 2 0 3 2 0 3 5 1]
  [0 4 2 4 4 3 5 0 1 0 1 2 4 4 5 4 1 3 2 1 4 1 0 0 0 5 5 1 2 4 1 3 5 5 0
   4 3 1 0 4 5 2 1 3 2 4 2 4 2 4 0 1 4 2 5 1 1 5 2 4 3 1 3 3 0 3 2 0 0 3
   0 1 1 1 3 2 5 4 4 0 3 5 1 5 0 4 4 0 4 5 3 2 2 5 0 5 3 4 2 0 1 0 1 5 0
   1 3 3 3 0 0 5 1 3 2 5 2 2 1 1 4]
  [0 4 4 5 0 4 2 1 2 2 5 2 0 3 0 4 3 1 0 1 2 0 4 3 2 1 3 2 5 0 5 5 4 2 0
   1 0 4 0 0 0 2 2 1 4 2 3 1 4 0 2 4 4 0 1 4 1 2 1 0 3 3 3 5 1 0 4 4 4 5
   3 2 0 1 4 5 5 2 5 3 5 2 5 3 1 1 4 2 3 2 2 4 2 4 1 0 1 3 5 4 1 1 5 1 3
   4 0 3 2 2 4 0 4 5 0 4 5 4 5 1 2]
  [0 0 3 5 2 1 2 4 3 2 5 3 3 3 1 0 0 1 3 2 0 5 1 3 2 0 2 1 5 4 2 5 5 5 4
   2 2 5 1 3 3 2 5 4 0 4 1 3 0 4 4 4 1 3 0 1 1 0 2 3 2 5 4 1 0 3 0 5 2 3
   2 1 1 3 4 5 0 3 1 0 5 5 4 5 1 2 3 2 2 1 2 3 5 1 4 5 1 1 4 3 1 0 1 0 0
   1 1 3 3 2 3 4 0 5 0 3 4 0 1 0 5]
  [0 2 1 5 3 3 2 1 3 2 1 3 5 0 0 2 4 5 1 3 3 2 1 4 5 5 3 1 5 2 3 3 4 4 1
   3 1 1 3 1 0 5 0 0 4 2 0 3 5 2 4 2 2 3 0 5 5 5 0 3 3 1 2 1 3 3 3 0 1 0
   0 1 2 3 0 0 1 2 1 2 3 3 5 0 1 2 1 0 5 4 2 1 4 2 5 5 4 0 3 1 4 2 4 4 2
   2 5 1 2 0 3 5 4 4 5 2 2 2 0 0 0]
  [0 5 5 4 3 1 5 2 3 5 1 1 3 4 4 2 4 0 3 1 4 1 4 5 1 0 1 2 2 0 1 5 3 1 3
   0 2 4 3 0 0 1 5 2 3 4 2 1 5 1 3 3 1 0 0 4 2 5 0 0 2 0 4 3 2 5 4 0 0 5
   2 2 3 3 1 2 4 4 2 4 5 4 5 2 0 4 0 1 3 1 5 2 3 1 2 1 1 1 2 0 0 4 0 3 1
   2 5 5 2 4 5 1 0 0 2 2 0 1 4 5 1]
  [0 2 2 5 5 2 4 0 4 1 5 0 5 5 4 2 5 2 4 2 2 2 5 0 0 0 0 3 1 1 0 1 3 3 2
   4 1 2 3 3 2 5 4 5 1 0 3 4 5 4 5 0 2 5 5 0 5 5 1 4 5 4 0 1 5 1 4 5 2 0
   4 4 4 3 3 0 1 0 5 3 5 5 5 5 4 3 1 1 1 5 2 2 1 1 3 5 3 1 0 4 2 2 3 1 1
   1 5 5 0 5 4 1 0 0 4 0 1 0 3 2 1]
  [0 4 2 5 0 1 2 1 2 0 4 0 3 4 5 3 1 5 4 3 3 5 4 0 3 1 0 5 2 0 5 2 0 1 2
   4 5 3 1 4 3 5 2 5 1 4 0 3 3 2 2 2 4 3 0 0 0 4 1 4 4 1 2 0 4 2 1 1 1 0
   0 0 3 5 1 4 3 4 1 4 4 4 3 4 3 1 2 3 5 2 0 1 1 5 1 3 4 1 2 1 3 2 1 3 3
   2 0 5 1 3 3 3 1 4 1 0 3 5 4 2 4]
  [0 2 2 5 0 1 3 1 5 1 2 4 1 3 4 2 3 0 4 4 2 0 2 3 0 0 1 2 3 1 1 0 2 3 2
   2 4 1 2 3 2 2 2 1 2 1 4 0 2 1 2 0 2 5 4 0 2 1 1 0 3 1 4 5 1 5 0 1 4 1
   1 0 4 3 3 1 3 1 2 5 1 0 3 1 3 1 5 5 5 0 2 5 1 4 0 2 1 2 2 5 2 2 3 1 3
   5 0 4 2 2 3 0 0 4 5 5 3 4 4 2 3]
  [0 3 1 5 1 1 0 4 1 1 2 3 1 1 0 5 2 0 5 5 1 4 5 3 1 5 1 0 4 2 2 0 0 4 2
   1 5 0 0 0 0 2 4 1 0 1 1 5 0 4 3 1 4 3 0 1 4 3 2 4 5 0 5 0 1 1 3 0 4 0
   1 0 0 3 2 5 5 0 0 1 4 4 1 0 4 4 3 5 2 3 2 0 2 1 5 1 0 3 0 2 3 0 5 5 5
   5 5 1 1 0 4 0 3 5 3 4 2 0 1 2 4]
  [0 3 5 1 3 4 4 2 5 0 5 0 2 2 1 5 2 2 2 4 0 2 5 5 0 5 5 4 5 5 2 5 2 0 2
   5 4 5 1 1 2 2 4 2 0 0 5 0 0 5 3 1 5 5 0 0 1 4 4 2 3 4 2 3 4 0 1 4 4 1
   3 3 1 0 0 5 5 0 3 3 1 0 5 3 3 4 4 1 5 0 0 4 1 0 5 5 2 0 4 4 2 0 5 2 2
   0 4 2 0 3 2 2 3 4 3 3 3 3 5 4 4]
  [0 2 5 1 3 4 4 2 5 1 0 4 4 3 2 3 3 3 0 4 0 2 3 2 0 2 5 3 1 5 0 1 0 0 4
   2 1 2 4 2 3 1 4 1 2 0 3 3 0 2 5 3 3 5 0 5 4 4 1 4 3 0 2 3 3 2 2 4 1 4
   4 4 0 0 0 1 4 0 5 1 2 3 1 2 1 5 0 4 1 3 5 5 2 0 4 4 0 1 0 1 5 4 3 0 2
   5 5 5 2 0 1 2 3 3 5 1 5 1 3 4 1]
  [0 0 2 4 4 1 4 2 5 2 2 4 3 2 1 5 4 2 1 4 4 3 2 3 4 3 0 1 5 4 5 4 4 5 0
   4 3 0 5 2 3 0 2 0 0 2 0 5 1 1 2 0 2 1 1 3 5 4 2 4 2 5 1 1 1 2 3 4 2 4
   5 1 0 3 5 0 0 2 5 4 5 3 5 2 5 5 3 2 3 1 5 3 4 1 1 0 4 0 0 3 2 5 0 3 1
   3 5 5 2 0 3 5 4 4 3 4 2 3 0 2 2]
  [0 4 3 2 3 0 5 0 5 2 3 4 3 2 0 5 4 1 1 5 4 1 4 1 5 1 2 1 1 1 2 2 0 2 0
   1 4 0 1 1 0 1 1 2 1 2 1 5 1 0 2 4 0 2 4 0 2 5 1 2 3 3 1 0 4 1 0 5 1 3
   1 4 0 2 4 3 0 4 5 3 0 2 5 0 3 4 3 4 1 5 4 4 0 3 4 5 1 4 3 5 2 3 1 0 5
   3 2 5 1 0 1 4 5 1 5 1 2 1 3 3 5]
  [0 0 4 1 0 4 4 1 4 4 1 3 5 5 5 3 2 3 1 4 0 1 2 3 1 3 2 0 2 4 3 4 3 4 1
   2 5 3 4 4 5 2 1 3 0 1 4 3 4 2 3 4 0 3 3 3 5 5 4 3 4 1 2 1 5 3 2 2 2 2
   3 4 1 1 1 1 3 0 4 4 2 0 2 2 2 3 1 0 4 4 2 5 2 2 2 0 3 5 1 4 2 5 0 2 4
   1 0 4 1 1 2 3 3 5 1 4 3 3 4 3 1]
  [0 3 4 4 1 3 1 4 4 5 1 2 5 0 5 0 2 4 1 2 0 4 2 0 4 2 1 1 1 2 4 2 5 2 0
   0 3 1 4 4 3 1 3 3 5 1 2 1 2 4 1 5 1 0 4 3 0 4 4 4 0 5 5 0 3 2 2 1 4 2
   2 0 3 3 2 2 0 4 0 3 4 2 2 2 4 4 2 2 4 0 4 3 5 1 0 4 0 2 3 2 0 4 2 3 3
   0 1 1 3 4 1 0 2 2 3 3 0 2 1 3 0]
  [0 1 2 4 1 0 4 5 2 2 1 5 2 2 4 2 0 1 1 2 3 1 1 4 4 4 5 2 5 2 5 0 4 3 5
   1 0 0 3 2 3 2 0 3 2 3 0 5 4 4 1 4 3 1 2 4 0 5 5 3 5 3 0 0 2 1 2 3 4 2
   2 3 3 1 1 5 4 1 3 0 3 1 2 4 0 0 1 4 2 2 2 5 2 3 3 2 0 3 5 1 4 2 2 1 3
   0 4 1 5 1 2 4 3 0 3 0 4 0 0 4 1]
  [0 2 0 2 1 0 2 2 2 4 0 4 1 2 5 4 1 5 1 1 5 5 5 1 3 4 5 1 5 4 0 4 3 5 3
   1 4 4 2 1 2 4 5 4 3 1 5 4 0 0 5 2 4 3 3 4 2 1 5 1 2 3 0 5 1 1 1 0 4 4
   5 1 5 1 0 2 2 3 2 0 0 2 1 2 4 1 1 3 1 5 2 3 3 3 3 3 2 5 1 2 4 0 1 0 3
   2 0 1 5 5 5 5 2 4 2 2 3 0 4 4 1]
  [0 5 2 4 3 3 0 2 3 5 4 4 2 0 1 5 4 2 2 4 4 5 3 4 2 1 5 0 1 0 3 1 1 4 1
   4 2 0 2 1 3 4 5 4 1 5 5 3 1 1 0 0 1 2 0 3 3 2 1 2 2 0 0 2 3 2 4 2 2 1
   2 4 3 2 2 0 3 4 3 2 1 0 2 2 1 5 5 1 1 1 2 5 4 3 2 5 5 1 4 2 4 1 4 0 4
   4 5 1 5 4 3 4 5 1 1 3 2 4 2 0 2]
  [0 4 0 1 2 1 4 1 3 0 2 3 2 1 3 5 3 1 4 4 1 1 5 1 1 5 4 4 3 5 4 1 4 1 3
   5 0 2 1 0 2 5 5 1 1 0 1 2 4 3 3 3 1 2 1 4 5 0 2 3 3 4 1 2 2 1 3 1 5 2
   2 3 4 1 0 2 2 0 5 1 2 5 0 1 0 1 2 4 0 1 1 0 1 3 1 3 1 2 3 0 0 2 0 2 3
   5 2 0 5 0 4 1 4 3 0 0 4 5 5 2 1]
  [0 3 5 1 2 0 4 1 1 3 3 2 0 2 2 0 4 0 4 2 0 0 2 3 2 5 1 2 2 0 0 0 3 1 3
   4 1 5 1 2 2 2 1 2 5 4 2 5 1 5 4 0 4 2 1 0 1 2 0 4 0 5 4 3 1 5 1 2 0 3
   1 4 0 4 4 3 0 1 2 0 2 1 3 0 1 0 0 4 0 5 1 4 2 5 2 1 4 2 2 0 2 3 1 1 3
   0 1 5 5 1 4 2 3 4 4 3 0 1 0 3 1]
  [0 3 2 5 4 2 4 5 0 5 0 4 4 3 5 0 5 0 1 4 3 0 2 3 3 0 5 2 4 5 1 0 2 1 3
   0 5 1 2 3 1 2 3 2 1 2 4 1 3 4 2 3 0 0 3 0 1 0 1 5 2 2 2 2 0 1 5 3 4 4
   0 4 1 3 0 4 2 0 5 2 5 2 0 4 0 2 4 3 3 3 5 5 1 0 5 1 0 4 2 4 4 1 0 0 3
   1 0 5 1 2 4 1 2 2 3 1 3 3 0 2 2]
  [0 4 0 0 1 0 3 4 4 5 0 2 0 1 1 3 2 4 5 2 0 2 2 5 5 1 1 3 0 3 0 3 2 1 5
   4 5 2 3 0 3 4 1 2 5 2 5 2 5 4 1 2 1 5 0 1 3 3 2 2 3 3 5 4 0 2 0 5 4 4
   5 2 3 0 2 2 2 1 0 4 2 1 4 3 2 0 1 3 3 3 4 1 5 3 1 4 0 5 5 1 2 2 0 0 4
   2 3 3 3 1 5 1 1 3 5 0 4 0 2 4 3]
  [0 4 0 4 3 0 3 0 0 1 5 2 5 0 4 5 0 2 2 0 5 1 1 2 4 0 0 2 1 5 3 2 4 1 3
   5 0 3 4 0 2 1 1 2 0 5 0 4 0 3 5 4 0 0 5 3 5 5 1 0 2 2 3 2 5 0 0 4 5 2
   5 5 0 4 1 1 5 3 4 5 3 1 0 3 3 3 0 5 2 5 2 5 3 0 5 1 0 4 5 0 2 5 2 1 1
   5 5 0 1 2 5 5 3 2 5 5 1 5 0 0 4]
  [0 5 5 2 4 5 1 3 3 0 4 5 4 0 4 1 1 5 2 2 3 2 0 2 3 3 5 4 3 5 3 2 4 3 0
   4 0 3 2 0 3 0 2 4 5 4 1 4 0 1 3 1 5 0 2 1 0 0 1 5 5 1 2 1 1 4 1 1 3 0
   3 4 0 0 0 1 2 2 4 0 1 1 4 3 2 1 2 0 4 1 1 0 2 3 2 4 2 2 4 3 4 3 2 3 5
   0 4 3 2 0 0 1 4 3 2 5 1 3 4 3 2]
  [0 5 3 1 4 3 2 2 1 1 5 1 0 5 3 5 3 5 3 1 4 4 1 0 2 4 4 2 1 3 4 5 0 0 3
   4 1 1 1 2 5 0 2 1 3 3 3 4 4 4 3 2 4 2 2 1 5 0 0 3 0 3 4 5 0 4 3 5 0 0
   3 2 2 5 3 1 4 5 4 4 2 4 4 2 2 5 5 1 0 0 5 2 5 1 2 3 1 4 4 0 5 5 4 0 5
   5 5 1 0 2 4 1 5 1 2 0 0 1 4 2 5]
  [0 0 1 0 4 2 3 0 3 3 2 0 5 5 3 5 3 4 0 2 2 0 1 4 5 2 0 0 2 0 0 1 2 2 1
   0 5 5 1 3 4 2 0 4 4 3 2 0 2 4 5 3 1 4 4 0 0 3 4 0 4 0 5 0 4 2 5 0 5 1
   1 4 2 1 2 3 2 1 5 5 5 4 5 1 0 0 0 0 2 0 5 3 4 0 5 2 4 2 2 0 5 1 3 1 5
   2 1 5 1 1 5 1 3 2 3 2 2 0 0 0 2]
  [0 4 3 2 0 2 1 4 0 2 5 1 3 0 0 2 3 5 3 1 4 0 2 0 3 0 1 3 3 0 3 0 5 2 1
   3 1 3 5 0 3 2 4 5 5 5 0 1 2 5 0 3 5 3 1 0 4 2 1 5 1 5 4 0 0 3 1 3 3 3
   2 3 3 0 3 3 4 1 4 4 1 5 4 0 2 2 0 5 1 2 0 4 0 2 0 0 5 0 2 2 2 5 4 0 1
   2 1 2 1 4 2 1 5 3 2 1 5 5 4 1 5]
  [0 2 1 0 1 1 4 2 3 0 4 5 0 4 1 2 0 4 3 3 4 2 3 2 5 3 5 0 1 2 5 4 4 5 0
   1 3 4 5 1 2 3 5 3 1 5 0 3 4 3 0 2 0 4 1 5 3 5 3 4 1 1 4 5 4 5 1 0 5 4
   0 0 2 2 0 4 0 5 2 1 1 4 1 5 5 3 2 5 4 0 4 0 3 3 4 4 3 0 5 3 1 4 4 5 0
   0 2 4 3 5 4 5 3 4 0 1 0 4 0 2 0]
  [0 0 2 2 5 4 2 2 4 0 0 2 3 1 4 2 2 5 0 3 4 3 4 1 2 3 2 3 0 5 3 0 4 1 4
   2 5 4 0 4 4 5 3 1 5 0 4 4 4 5 3 4 3 3 4 2 2 0 5 2 0 5 1 1 1 1 2 5 4 0
   2 4 4 1 2 4 3 3 3 0 0 0 5 1 3 0 4 0 0 0 2 1 0 5 2 2 1 5 5 1 5 2 0 5 4
   5 4 1 5 2 5 1 1 4 2 2 2 2 5 2 3]
  [0 1 1 0 3 2 1 0 0 1 4 0 5 4 1 0 1 0 2 3 5 1 1 4 4 1 5 4 0 2 4 1 0 0 3
   4 2 2 3 1 3 4 3 4 0 4 4 2 1 3 1 2 5 4 3 4 1 0 4 2 5 2 1 1 1 5 3 2 4 0
   5 2 2 0 3 1 4 4 1 5 4 0 4 2 5 1 4 3 1 5 1 4 0 0 5 0 1 5 3 4 2 2 2 2 5
   5 5 1 4 2 2 1 3 2 0 4 4 0 0 4 4]
  [0 2 4 0 5 0 2 2 5 3 3 1 0 4 5 3 5 1 0 5 5 0 0 1 2 1 2 3 5 1 5 1 1 5 0
   3 0 1 2 1 3 1 2 1 0 0 1 2 1 2 4 0 0 1 3 1 2 1 1 4 4 0 2 4 5 4 2 1 3 1
   2 4 2 4 0 3 2 5 1 1 0 4 5 5 4 4 4 1 5 4 3 1 3 5 0 3 4 1 3 1 2 0 1 0 5
   1 4 2 1 2 2 0 4 0 4 5 1 3 2 1 1]
  [0 2 5 5 5 3 2 0 4 4 4 4 1 4 4 2 0 2 3 0 1 2 5 2 1 5 2 5 0 4 2 5 2 4 3
   2 1 4 2 4 2 2 4 0 3 2 2 5 5 3 1 3 1 0 5 0 5 5 1 4 5 5 1 5 3 2 5 5 3 5
   5 0 3 0 4 2 5 0 0 3 3 2 3 0 3 3 4 1 1 2 4 3 5 2 4 0 4 3 0 3 2 5 1 2 3
   1 1 3 0 1 2 2 3 5 5 3 5 5 4 0 3]
  [0 0 3 2 2 2 4 3 5 1 4 1 2 3 5 3 1 0 5 1 4 1 1 4 3 1 0 2 0 0 2 0 3 1 0
   5 4 0 2 4 4 2 0 4 0 5 3 4 5 5 3 0 5 4 5 0 3 2 2 2 3 1 1 1 1 5 1 0 5 3
   4 1 3 0 0 5 0 0 5 3 1 2 3 0 5 4 3 3 5 2 4 0 0 3 3 1 0 1 1 4 3 0 5 1 5
   4 2 3 0 2 3 2 5 4 1 4 0 5 2 0 0]
  [0 3 0 4 4 4 0 4 5 4 4 1 4 3 3 3 3 4 0 0 1 3 1 5 5 1 4 0 1 0 0 4 0 1 2
   0 5 2 0 3 4 5 4 0 1 3 4 0 3 0 0 2 1 3 0 1 3 5 0 4 3 4 5 4 2 0 1 5 4 0
   5 4 5 4 1 2 4 0 5 1 3 1 2 4 2 0 5 2 5 3 0 5 3 1 0 2 4 0 4 3 4 0 2 5 0
   0 1 0 3 3 5 3 4 4 5 3 0 2 3 4 2]
  [0 3 2 3 0 4 3 2 2 3 4 4 2 0 3 4 5 3 5 0 2 0 0 3 0 2 5 1 1 0 3 4 0 5 3
   1 4 1 2 5 5 4 0 3 4 0 4 2 4 4 3 0 2 3 2 5 2 5 1 5 0 4 3 2 0 5 2 5 3 5
   1 0 3 2 2 5 5 5 1 2 4 0 1 3 0 5 1 5 1 4 3 1 0 0 3 0 0 1 0 5 3 1 4 2 0
   1 0 4 4 1 2 5 1 1 3 1 1 3 1 1 4]
  [0 0 2 3 2 2 1 1 4 5 3 4 4 4 0 5 1 2 4 0 4 2 2 3 3 1 2 1 4 4 5 0 1 0 5
   1 3 0 4 1 4 1 2 4 5 4 0 5 0 2 0 4 2 4 5 4 3 5 0 4 1 4 4 1 4 1 2 4 1 5
   3 1 5 5 1 3 4 1 3 2 4 3 0 4 5 0 5 0 3 0 3 3 1 5 1 0 1 2 1 0 3 3 1 0 5
   0 1 2 5 4 5 4 2 5 2 3 5 5 2 2 0]
  [0 2 3 0 2 0 0 4 5 5 5 2 0 4 2 5 1 1 1 1 4 2 0 3 5 2 2 0 2 0 4 1 0 4 0
   3 1 4 3 3 4 2 0 5 0 0 0 2 3 4 5 0 0 4 1 4 1 3 1 0 4 0 0 1 0 1 5 0 3 0
   3 2 1 1 3 5 4 5 5 1 0 1 0 0 3 0 2 5 4 4 0 4 2 5 5 4 2 0 4 2 0 3 0 1 5
   3 3 3 1 0 2 5 4 2 5 5 5 0 2 2 4]
  [0 5 5 4 1 2 5 3 0 1 1 0 1 5 1 0 5 0 3 2 1 2 5 0 1 5 3 1 4 3 4 2 3 0 4
   1 4 2 3 2 3 4 4 1 0 1 0 1 1 2 5 3 1 1 5 5 1 2 5 0 3 4 5 3 1 0 3 3 4 5
   0 5 2 1 4 5 0 0 1 0 2 1 5 2 2 5 4 5 4 0 3 0 3 3 3 2 2 1 1 4 3 0 4 0 2
   0 5 4 1 3 0 1 5 0 4 0 2 0 5 0 3]
  [0 0 4 5 5 0 1 0 5 4 0 0 0 3 4 0 3 5 4 2 4 1 0 0 1 5 0 4 3 4 5 2 3 0 1
   3 1 1 0 1 3 5 0 2 3 3 0 5 5 4 1 2 4 0 1 4 1 1 1 0 1 3 3 1 0 0 3 2 0 2
   2 1 3 3 2 0 3 0 5 3 1 5 0 3 1 3 3 3 5 2 1 2 3 3 3 5 3 4 4 1 4 1 0 0 4
   1 1 4 0 3 5 0 3 3 3 5 5 2 5 4 1]
  [0 5 0 1 4 3 5 3 5 0 2 0 1 4 0 2 2 1 1 3 3 0 2 2 5 5 0 0 5 1 4 2 4 5 0
   4 2 2 4 4 0 0 2 0 3 5 0 1 4 4 1 1 4 5 0 3 4 1 2 1 2 2 0 1 4 4 5 0 2 5
   2 1 1 0 4 1 1 3 5 5 2 5 4 0 1 1 0 0 5 1 4 1 1 5 2 2 4 2 4 2 2 3 2 0 3
   5 0 4 5 1 0 2 5 2 4 1 5 0 5 2 0]
  [0 3 4 3 0 1 3 0 0 0 3 3 4 0 3 5 2 3 1 0 0 5 4 2 4 3 4 5 4 4 3 3 1 2 3
   3 1 1 5 5 3 2 2 3 3 4 2 4 0 1 0 3 5 0 1 5 5 4 1 3 3 2 5 5 5 3 0 3 4 2
   5 1 1 4 2 0 0 3 2 4 2 1 3 2 0 1 5 0 5 5 0 5 3 5 4 0 4 4 1 1 4 3 1 4 0
   5 5 1 4 4 0 1 0 5 0 3 2 4 4 5 3]
  [0 1 5 1 1 4 0 0 1 3 5 1 0 2 4 1 5 2 2 3 1 4 0 5 3 1 2 5 1 2 0 3 5 4 3
   2 5 2 2 1 3 1 2 0 2 2 3 5 3 5 3 5 4 2 1 4 5 2 0 2 1 2 1 0 5 0 3 1 4 4
   0 4 5 1 5 4 1 0 1 4 2 4 4 4 4 1 0 3 0 0 1 0 1 0 3 1 0 3 5 3 3 1 3 1 2
   0 3 2 4 2 4 1 4 3 5 2 5 4 3 1 0]
  [0 1 3 5 5 0 5 2 4 3 1 2 5 2 3 5 0 1 5 3 4 1 5 0 5 0 5 4 3 5 1 2 3 2 3
   1 2 0 4 2 1 2 3 3 4 0 2 0 3 1 4 2 0 5 2 0 3 5 5 4 1 5 5 2 2 4 4 5 2 1
   4 5 5 4 0 1 3 2 2 4 2 3 3 3 3 2 0 2 1 5 4 1 0 0 4 4 3 4 4 4 1 1 2 4 5
   1 0 3 1 5 3 0 5 0 3 2 5 1 4 0 2]
  [0 1 5 2 3 0 2 2 2 3 1 4 3 5 0 4 5 3 5 2 0 0 5 5 0 3 3 3 0 0 4 3 2 5 2
   4 4 0 4 4 5 0 2 0 0 0 0 3 0 5 2 0 3 5 5 2 4 5 4 3 1 4 4 0 5 2 1 3 3 1
   2 4 4 3 1 1 5 0 0 0 0 2 3 2 0 4 1 0 2 0 5 1 2 2 5 5 4 1 5 0 5 3 3 2 0
   3 4 0 4 0 0 4 1 0 4 2 1 5 3 5 1]
  [0 3 1 1 5 0 4 4 0 4 4 1 5 2 5 4 3 5 5 3 4 1 5 0 0 1 2 0 4 3 5 4 4 3 5
   3 2 5 1 5 4 1 4 0 4 4 1 0 2 1 0 1 0 0 4 0 3 4 4 3 2 4 1 2 3 4 5 1 4 5
   5 5 5 3 4 2 4 2 5 4 0 2 4 0 5 1 2 4 3 2 1 5 3 3 2 4 1 2 1 0 1 5 5 5 0
   4 5 1 0 5 1 2 4 0 0 3 2 0 2 3 2]
  [0 4 1 2 5 3 4 3 2 5 1 3 1 2 0 4 5 0 5 2 4 2 4 4 5 2 0 3 5 0 2 0 0 1 2
   3 5 5 3 2 3 5 2 0 0 3 1 5 4 2 5 0 0 1 5 4 3 1 5 0 1 1 0 4 3 3 1 3 5 0
   1 1 1 2 5 4 0 5 5 4 3 2 1 4 0 4 5 1 1 3 5 1 3 0 3 3 2 4 5 4 4 3 0 1 3
   2 4 1 4 0 5 2 5 0 5 3 1 1 3 3 0]
  [0 4 1 3 3 5 4 1 0 4 4 5 2 4 1 3 1 4 2 5 2 5 5 3 0 4 4 4 4 1 0 1 3 0 3
   3 0 3 0 5 4 2 2 4 5 3 1 1 4 2 2 1 5 3 1 1 2 0 3 4 5 0 0 0 3 1 2 4 5 5
   5 4 2 4 2 0 4 3 4 1 0 2 2 4 2 3 5 0 2 0 5 4 2 3 1 5 2 5 3 2 5 2 1 1 2
   1 1 5 5 2 0 5 5 0 3 3 5 5 5 3 4]
  [0 4 3 1 0 5 0 5 0 3 1 5 5 1 0 1 2 5 2 4 3 0 3 1 5 1 4 5 0 5 3 4 3 3 2
   5 3 5 5 3 3 3 4 4 4 1 2 5 0 4 0 1 1 1 4 1 0 0 1 4 5 5 5 5 3 1 5 2 5 5
   2 5 2 3 1 3 0 0 1 0 4 2 0 0 0 4 5 2 4 3 4 1 1 4 5 4 1 0 5 2 5 5 5 2 0
   2 2 2 2 2 0 0 3 4 2 0 4 3 4 2 5]
  [0 0 4 0 0 3 3 2 2 0 2 0 0 0 3 5 4 3 1 2 2 0 3 1 4 3 2 1 3 0 5 2 2 3 3
   5 5 1 0 3 3 0 1 5 2 1 5 3 1 0 4 4 1 3 1 3 3 0 2 2 2 0 2 2 3 0 0 5 1 3
   1 5 2 3 1 0 3 4 1 3 4 1 3 2 4 2 3 2 4 2 5 5 3 0 2 1 4 4 0 2 5 2 5 2 3
   3 1 4 2 3 1 4 0 3 4 0 5 0 3 2 1]
  [0 0 0 2 0 5 3 3 2 2 4 4 4 1 2 2 2 5 1 3 5 0 2 2 5 3 0 3 1 0 5 0 4 2 0
   4 4 1 3 3 4 4 4 2 5 4 5 2 1 0 3 0 2 1 5 3 0 1 4 1 4 0 1 5 5 3 3 0 5 2
   5 3 3 5 2 5 1 3 3 4 0 2 3 4 2 5 4 0 3 0 3 5 4 0 4 3 2 2 1 2 1 5 2 5 5
   3 5 3 5 0 0 2 0 0 3 1 3 4 3 4 2]
  [0 2 1 1 5 5 4 1 1 4 2 4 5 5 2 3 5 5 3 3 2 1 1 5 5 0 5 2 2 4 4 2 5 5 1
   1 4 5 2 5 5 3 5 3 0 0 2 3 1 1 5 1 3 1 2 1 0 3 3 3 3 5 1 5 0 1 5 2 0 0
   1 4 3 1 3 2 5 0 3 0 4 5 5 2 1 5 0 4 2 1 1 1 3 1 3 0 0 0 3 5 0 3 3 4 4
   3 4 4 5 5 3 0 2 4 0 4 3 2 2 4 0]
  [0 5 4 1 4 3 1 1 3 4 4 1 2 1 1 5 0 3 3 1 0 0 4 3 2 4 3 4 1 1 4 3 4 2 2
   4 3 1 5 5 3 5 5 4 3 0 3 1 2 0 3 4 3 1 2 1 2 4 4 5 2 0 4 2 2 2 2 3 5 0
   2 2 3 0 4 4 3 0 3 3 3 3 4 5 5 4 2 1 4 5 0 3 4 0 5 0 3 0 5 0 3 4 4 3 5
   0 3 1 2 5 4 0 2 1 4 0 1 2 2 0 1]
  [0 0 4 0 5 3 0 3 0 2 1 0 5 4 1 3 4 1 1 3 3 5 5 0 4 4 0 4 5 3 0 2 3 0 4
   3 0 5 4 4 1 0 4 4 5 3 0 5 0 2 4 1 0 4 5 1 0 3 4 0 2 3 0 5 2 2 3 0 2 4
   4 0 5 0 1 2 2 4 2 4 1 5 0 3 0 5 4 4 0 3 3 2 5 3 5 1 0 1 5 5 5 3 4 0 3
   0 3 4 1 0 3 4 4 3 5 3 0 3 3 3 2]
  [0 2 2 0 3 2 2 0 5 2 0 1 3 0 1 5 0 1 3 5 1 3 2 1 4 2 1 0 2 2 5 1 3 4 4
   1 2 5 3 1 4 5 2 5 4 5 2 3 2 0 5 4 2 1 5 4 1 3 3 1 0 4 0 3 2 0 4 0 3 5
   5 5 5 2 0 2 4 1 0 1 2 0 1 3 3 3 4 4 0 2 1 5 4 5 3 5 1 5 4 2 5 5 1 1 3
   3 2 1 5 1 1 0 3 2 2 0 4 0 0 4 2]
  [0 1 0 3 4 1 5 1 1 0 3 0 5 0 3 0 1 0 2 5 4 1 2 3 3 5 3 0 1 4 0 4 4 0 5
   5 0 1 0 2 0 5 4 2 2 3 1 3 3 0 0 5 2 2 3 5 1 1 5 3 2 4 5 3 0 0 2 0 5 5
   1 3 0 2 2 4 3 5 2 4 4 0 1 5 0 3 4 0 5 0 0 1 4 2 2 5 3 3 1 4 2 1 0 4 5
   3 3 1 0 4 1 2 2 5 2 3 4 2 0 0 5]
  [0 3 4 1 2 2 3 3 0 4 1 2 4 4 4 4 2 0 2 4 5 5 4 2 5 5 5 3 0 0 4 5 4 5 2
   2 4 2 0 2 1 0 3 3 0 3 5 2 3 0 4 3 5 0 1 3 5 4 0 2 0 0 2 0 4 0 4 1 3 1
   2 0 2 2 1 3 3 4 5 5 2 5 4 5 3 5 5 4 0 5 3 0 4 3 5 1 3 2 5 2 0 0 2 2 4
   2 2 1 1 1 5 2 2 1 5 1 5 4 2 0 3]
  [0 2 2 2 1 4 4 3 4 3 4 5 0 3 5 0 3 1 2 4 5 0 5 5 4 5 0 3 1 1 3 2 3 3 4
   5 5 4 2 4 0 3 2 4 1 2 1 5 3 1 0 1 2 2 4 4 3 4 1 5 4 0 4 3 0 5 2 2 0 0
   0 4 0 1 0 5 1 2 4 3 2 1 5 2 0 5 3 2 3 0 1 4 2 3 5 3 2 1 1 1 3 4 5 1 3
   3 4 0 4 0 4 0 4 5 2 2 0 4 4 5 0]]

 [[0 2 5 1 1 2 1 4 5 1 1 2 1 4 0 1 0 4 5 4 2 5 3 4 0 1 1 5 2 4 4 4 3 5 0
   4 1 3 4 2 1 4 1 2 4 3 0 0 5 4 5 4 3 2 3 5 4 2 3 0 4 2 3 0 0 5 2 5 1 4
   2 0 2 4 4 5 2 4 2 1 3 5 2 1 5 2 1 0 4 4 2 5 1 4 2 4 1 5 1 1 3 2 0 3 0
   4 5 4 4 2 5 1 5 3 2 5 3 0 1 2 4]
  [0 0 3 0 0 4 4 3 2 5 1 1 5 5 3 3 3 0 0 0 0 1 3 4 3 0 0 4 2 4 4 2 5 0 1
   3 1 4 0 0 4 1 0 2 5 4 3 1 2 5 2 1 0 2 4 2 1 2 1 0 0 0 5 1 0 4 4 3 4 4
   2 5 1 4 2 3 1 2 1 5 4 4 4 0 4 0 3 1 5 5 0 4 4 2 4 2 4 2 1 1 5 5 3 0 4
   5 5 4 5 1 2 4 2 4 0 4 4 0 3 4 1]
  [0 2 0 3 1 5 3 2 2 3 5 4 5 1 2 5 1 2 1 2 0 5 0 1 0 0 2 2 4 4 5 2 0 4 1
   1 1 0 3 1 0 1 2 5 5 2 5 1 4 5 5 4 4 2 0 4 0 3 0 0 4 0 1 0 3 3 0 2 4 1
   0 0 3 2 4 0 3 4 5 5 4 1 5 3 5 4 2 4 0 0 0 0 2 1 5 0 2 3 4 3 0 0 1 1 3
   2 1 2 3 5 1 2 0 3 0 0 4 4 4 0 0]
  [0 4 0 0 3 4 4 3 1 3 5 4 3 3 4 2 3 5 5 1 1 3 3 0 5 4 5 2 3 3 0 4 2 0 4
   4 5 4 4 4 0 1 5 4 5 1 5 4 4 1 0 0 0 3 5 5 1 2 5 2 4 0 4 4 5 3 5 0 0 0
   1 0 5 4 0 5 2 5 2 3 2 5 1 5 2 2 0 5 2 3 5 4 2 2 3 1 3 2 2 5 1 1 0 3 1
   2 2 0 0 3 4 3 5 0 4 4 5 5 2 5 3]
  [0 3 0 4 0 0 3 0 1 2 4 3 4 0 3 5 2 1 2 2 5 5 0 1 2 1 0 0 0 2 1 5 0 0 5
   5 2 4 4 0 4 2 5 1 3 3 4 5 5 5 3 3 4 1 5 0 3 1 0 0 1 3 0 4 2 0 4 0 5 0
   1 3 1 4 1 3 2 1 2 5 0 5 3 3 4 5 5 4 1 3 2 2 0 4 5 3 0 3 3 0 1 5 5 2 3
   2 2 2 0 1 5 3 3 3 2 2 0 2 0 0 3]
  [0 2 3 3 2 0 0 3 3 4 1 3 2 5 0 4 3 2 3 1 0 1 1 4 2 4 2 5 3 1 2 2 3 1 4
   5 3 1 2 0 3 5 1 4 2 0 5 5 4 4 2 4 3 0 4 1 3 4 2 5 4 4 4 4 2 2 4 0 1 0
   4 1 2 0 4 5 3 2 2 4 1 2 0 5 4 4 5 1 5 5 5 4 3 4 1 2 2 4 0 1 0 0 3 1 3
   2 0 0 5 1 4 5 4 2 5 2 2 3 0 3 3]
  [0 1 2 2 0 5 0 1 5 0 0 1 0 3 2 0 1 0 4 2 5 0 2 0 5 3 0 2 0 2 5 3 1 1 0
   3 3 0 5 4 1 1 1 3 0 2 2 3 0 4 2 0 5 4 4 2 1 2 5 3 4 5 5 0 4 3 3 2 3 1
   1 2 5 2 5 0 3 3 4 5 1 5 2 4 1 5 1 0 3 2 3 0 1 3 4 3 1 3 5 2 0 5 0 3 1
   3 1 3 3 5 3 1 5 1 0 5 4 5 4 0 3]
  [0 4 1 4 5 0 4 0 3 2 0 5 2 0 1 5 4 3 0 0 5 3 5 2 2 1 0 2 0 1 0 0 0 3 3
   0 2 5 2 2 1 5 4 0 2 4 4 3 1 1 0 3 1 1 3 2 2 3 2 4 5 1 2 5 2 3 5 5 5 0
   1 0 4 4 3 2 0 1 1 1 0 1 2 0 0 3 3 0 2 1 4 3 4 0 5 3 1 5 4 4 2 1 4 5 5
   3 2 2 0 3 0 2 2 0 1 0 0 1 5 3 2]
  [0 0 5 4 0 4 4 3 0 0 5 3 1 4 1 4 3 3 0 3 0 3 5 1 5 3 5 3 1 1 3 0 2 0 2
   5 2 0 2 5 0 4 5 5 4 1 5 0 5 1 2 2 3 2 1 0 4 1 2 2 3 0 1 1 1 3 0 4 5 1
   2 0 3 2 2 3 4 2 3 0 0 3 4 5 0 4 4 2 4 3 4 4 0 5 5 1 0 3 2 2 3 3 2 2 5
   5 5 4 4 4 1 1 1 5 4 5 4 3 0 0 2]
  [0 0 0 1 1 3 5 0 2 0 3 3 5 4 1 5 2 2 2 3 3 1 3 0 3 0 3 5 4 2 3 0 3 3 0
   3 1 4 4 4 3 4 4 2 5 0 3 0 5 1 5 1 2 5 2 3 5 1 4 2 1 3 2 2 3 1 4 3 4 3
   3 3 1 2 4 4 2 4 1 5 0 0 4 0 1 2 5 4 4 5 0 1 5 5 1 3 0 3 1 4 2 4 1 1 5
   0 5 4 2 2 1 1 5 5 4 1 5 3 0 0 4]
  [0 0 3 4 0 5 4 1 0 4 0 0 3 4 3 3 3 1 4 1 3 2 4 1 1 5 1 2 1 1 2 2 2 0 3
   3 2 3 0 3 0 3 0 5 3 2 2 1 5 2 4 2 5 1 3 4 2 1 4 3 5 4 4 2 0 3 2 0 2 5
   0 1 4 4 4 1 1 4 2 5 2 4 4 1 5 4 3 0 4 4 3 3 4 3 1 2 2 4 4 0 0 3 1 2 0
   3 1 5 1 3 4 1 3 4 1 2 1 0 2 1 1]
  [0 5 2 4 0 2 0 3 5 0 5 0 4 4 5 0 5 1 5 4 5 3 0 2 1 0 4 3 4 1 0 2 3 1 0
   2 1 4 1 3 2 2 4 4 5 5 2 3 3 3 3 4 5 0 0 4 2 0 0 3 0 4 5 4 4 2 1 3 3 2
   2 1 0 0 0 1 1 3 3 1 5 5 0 5 3 0 1 3 3 1 1 2 0 5 1 4 1 4 2 3 1 2 1 3 5
   3 5 4 3 4 5 3 2 2 1 4 2 0 2 2 5]
  [0 1 5 5 0 0 1 5 1 3 1 4 0 1 4 0 0 2 2 1 3 0 1 2 0 0 5 0 4 4 1 0 1 0 2
   4 1 3 1 2 2 5 3 2 4 3 5 2 0 1 3 1 2 5 3 5 4 2 5 0 1 5 2 3 4 4 5 1 5 1
   0 5 5 3 1 0 4 5 1 0 5 4 4 4 2 2 2 0 2 0 3 4 0 1 4 5 5 3 0 2 1 5 2 4 4
   1 4 5 3 1 1 3 5 5 4 0 5 1 1 0 2]
  [0 0 3 0 0 3 2 4 4 0 5 1 3 0 0 2 1 4 3 5 2 0 2 4 5 1 5 2 3 4 4 1 0 0 0
   3 5 0 4 5 4 3 2 3 0 2 3 4 2 2 3 5 3 1 3 2 0 2 1 0 5 2 2 2 0 2 2 3 0 4
   5 1 4 1 4 3 4 1 3 3 5 3 3 4 0 1 4 2 2 0 0 0 4 4 5 0 0 4 2 4 3 4 1 0 5
   3 2 1 5 0 5 0 2 4 2 3 4 3 3 5 4]
  [0 4 2 0 2 3 0 5 3 5 2 4 4 5 0 0 4 3 0 5 2 5 1 1 5 1 4 4 4 4 0 4 1 4 1
   1 0 1 2 3 2 5 0 3 2 5 0 4 2 1 3 1 3 3 0 3 3 3 1 3 4 0 3 3 3 0 0 4 5 2
   3 0 4 3 2 1 0 2 2 5 5 1 3 4 2 5 5 0 3 1 5 3 3 3 3 3 0 0 2 3 4 3 2 0 0
   5 1 3 3 3 5 4 3 5 1 2 3 1 5 5 2]
  [0 0 3 1 2 0 5 3 5 0 2 5 1 2 0 0 5 1 2 3 2 3 1 4 5 5 0 3 3 2 0 5 1 5 3
   2 4 5 0 1 5 4 0 0 2 5 0 5 1 2 3 3 1 5 3 5 2 2 3 2 3 5 2 5 3 0 1 1 4 0
   1 0 5 0 5 3 3 3 2 3 5 2 3 1 0 4 5 4 3 0 4 0 1 2 1 0 3 1 5 0 3 0 5 4 4
   1 4 2 1 2 5 1 4 1 2 2 3 1 0 2 0]
  [0 4 5 5 1 2 2 1 5 0 2 1 1 0 0 3 0 3 3 1 1 3 4 3 1 4 1 2 3 1 4 3 0 2 1
   0 2 5 0 0 4 1 2 5 1 4 0 1 3 1 0 3 3 0 1 4 0 2 0 0 2 5 2 2 2 4 0 0 5 0
   4 5 3 5 5 3 5 4 2 3 1 1 2 3 4 3 3 2 5 0 0 2 5 4 0 3 3 2 4 5 3 2 1 1 3
   0 3 5 0 1 5 0 4 5 1 3 4 4 4 2 3]
  [0 3 4 0 1 2 3 2 5 5 0 1 4 0 3 0 3 0 1 3 4 5 2 4 2 1 1 2 3 0 1 5 1 4 0
   2 3 5 5 4 1 3 1 4 5 2 4 1 3 5 2 0 1 0 2 0 2 3 1 3 4 1 1 1 3 4 1 0 2 3
   3 2 2 2 4 0 0 4 3 3 5 0 0 2 4 4 1 0 0 4 4 4 3 2 2 0 0 0 4 1 3 2 4 1 2
   1 0 4 1 4 5 0 3 5 5 1 2 2 4 3 4]
  [0 3 3 1 0 2 1 0 2 1 2 5 3 3 2 5 1 5 0 3 2 1 2 5 2 3 5 4 0 0 4 2 1 5 2
   3 4 5 2 4 1 1 1 2 3 2 2 5 3 3 3 2 2 5 4 2 5 1 5 3 5 5 5 0 0 2 5 4 3 2
   4 2 5 1 3 5 2 5 1 2 0 0 1 5 1 0 4 3 4 3 4 0 4 4 1 5 0 4 0 4 3 5 0 5 3
   2 5 3 3 5 0 0 2 0 0 3 3 0 3 1 2]
  [0 0 4 5 3 0 5 2 4 2 1 4 3 5 2 5 0 5 1 0 5 0 5 2 5 4 1 4 3 3 1 3 0 4 3
   1 3 1 1 2 1 4 0 5 1 3 0 5 4 0 3 0 0 0 4 2 1 4 5 0 4 2 1 5 3 3 3 3 5 5
   2 4 4 2 5 4 3 4 5 0 3 3 3 0 5 5 5 5 3 2 4 4 4 1 2 3 3 0 5 1 3 4 5 5 3
   5 4 4 3 5 0 3 5 0 3 5 4 2 2 4 2]
  [0 2 2 4 5 4 3 4 5 1 2 3 0 1 2 2 1 5 0 4 0 0 2 4 3 4 4 3 4 0 2 0 0 3 4
   0 1 3 1 3 0 2 2 4 1 0 4 4 4 1 3 4 0 5 1 4 2 1 0 1 4 5 4 0 3 5 4 4 3 1
   5 0 0 5 5 0 2 4 5 2 4 2 5 5 3 3 0 5 2 4 0 5 3 4 3 1 5 1 0 4 1 4 4 4 0
   0 2 0 0 0 2 5 4 5 2 5 2 3 2 1 2]
  [0 5 0 5 3 5 2 0 4 1 5 3 5 3 5 3 1 3 2 1 5 0 4 3 2 0 4 4 4 0 4 0 5 3 0
   5 3 3 4 4 4 4 5 2 2 1 1 1 4 2 4 2 5 1 5 5 0 1 4 2 2 2 3 2 3 2 2 5 5 4
   5 4 2 2 1 3 2 0 3 5 2 5 0 1 0 0 5 0 0 0 3 0 0 2 1 5 2 3 4 5 2 5 2 3 3
   1 0 0 5 4 5 2 2 0 2 2 2 2 0 5 3]
  [0 2 2 0 0 0 5 4 0 5 1 3 3 0 4 2 1 1 1 2 3 1 0 2 5 1 5 1 1 1 3 3 3 0 2
   2 0 3 4 1 2 0 0 1 3 5 1 0 4 3 1 2 2 3 4 2 4 5 5 0 2 5 4 3 4 3 5 1 0 2
   3 5 0 5 5 3 0 3 4 5 4 5 2 3 2 2 5 4 1 3 1 1 2 4 1 0 0 3 1 1 5 2 3 4 4
   4 3 3 3 4 0 3 1 3 1 2 1 3 0 5 3]
  [0 1 3 1 5 5 1 0 1 2 3 2 0 1 5 5 2 5 3 1 3 3 5 0 0 4 5 0 5 5 5 2 2 3 4
   4 5 3 2 3 3 3 0 4 5 1 3 3 4 4 3 5 4 3 4 5 3 0 2 2 4 0 1 1 4 1 1 5 5 2
   2 3 5 5 5 2 1 5 5 1 4 2 5 5 3 1 0 5 5 1 5 1 1 0 1 2 3 0 2 4 1 4 2 0 2
   2 3 5 5 5 1 0 1 4 0 1 0 1 0 1 2]
  [0 0 3 2 4 2 3 4 2 3 0 0 0 3 5 1 2 0 4 4 5 3 5 0 0 1 0 5 2 5 2 0 1 0 1
   0 4 4 1 1 3 5 4 2 4 4 3 1 0 2 1 5 3 0 5 5 3 0 5 3 3 5 0 2 5 4 2 4 2 0
   0 5 3 4 4 5 1 1 5 2 3 3 2 4 5 5 2 0 0 3 4 4 5 0 0 1 5 3 4 2 4 0 3 5 4
   0 5 1 3 3 3 0 1 4 5 5 5 3 4 2 2]
  [0 5 3 1 3 3 0 2 0 3 1 5 4 2 0 0 5 2 0 0 3 3 5 4 1 0 2 1 0 1 2 3 3 4 3
   5 3 2 2 0 4 0 3 0 4 4 5 3 1 2 5 5 0 1 4 3 1 4 2 4 5 1 3 0 0 2 0 2 1 0
   4 5 1 1 1 4 5 4 3 2 2 0 4 2 1 3 0 0 1 5 3 4 0 0 1 4 2 5 2 0 2 2 2 3 5
   0 1 2 0 5 1 2 1 1 3 5 0 1 0 1 2]
  [0 1 1 2 5 0 3 0 3 1 4 5 1 0 2 2 3 4 2 4 3 1 0 3 5 0 0 3 0 2 4 5 5 1 1
   4 4 4 0 2 5 4 3 4 4 5 2 4 0 5 1 1 4 0 5 2 2 1 0 5 4 2 2 2 1 1 3 5 1 5
   4 3 4 3 0 4 1 3 4 0 5 0 0 3 5 5 5 4 3 1 5 3 4 2 0 1 5 4 2 1 0 2 1 3 1
   5 0 0 1 0 4 1 2 2 5 5 5 2 2 0 2]
  [0 0 1 1 1 4 4 4 4 3 5 2 4 4 0 4 0 1 2 3 1 5 2 1 0 3 4 0 5 5 3 4 1 2 0
   3 4 0 0 0 3 0 0 1 1 2 4 3 0 5 1 3 5 5 5 1 0 1 1 2 3 3 4 2 4 0 5 5 1 2
   1 2 1 2 3 4 4 3 2 5 5 1 4 2 4 3 1 2 0 0 3 2 2 1 3 3 2 1 5 4 2 4 4 4 5
   5 3 4 0 5 2 3 5 3 4 1 5 4 0 1 4]
  [0 4 1 1 3 1 0 4 1 5 1 1 3 4 2 0 4 3 1 5 1 2 5 0 2 1 0 4 0 3 3 4 0 3 2
   4 2 0 3 3 5 1 0 2 0 2 0 5 3 5 0 3 0 3 4 1 1 1 5 4 1 3 2 1 0 1 5 1 4 0
   4 2 4 4 3 1 2 5 1 2 0 0 0 0 0 4 1 2 5 3 3 1 1 2 4 5 4 1 5 4 4 5 5 1 0
   1 1 4 1 5 5 3 1 4 1 3 0 4 2 5 0]
  [0 5 0 2 1 4 3 1 2 3 5 2 4 0 4 5 1 3 4 2 2 5 1 4 5 0 2 3 1 0 5 5 5 1 0
   1 3 1 0 5 5 4 1 4 3 0 3 4 3 1 2 3 3 0 2 5 4 1 5 4 1 3 0 3 1 4 2 3 2 4
   0 2 0 4 5 4 0 3 2 1 2 0 4 4 4 1 3 1 1 2 5 0 1 2 5 5 2 2 0 5 4 0 5 2 5
   2 4 3 1 5 5 3 1 0 4 4 4 1 2 2 1]
  [0 2 4 4 3 5 1 4 3 4 5 3 5 4 1 5 5 5 0 4 5 2 5 3 5 1 1 2 2 4 0 5 2 5 4
   4 2 2 2 0 2 4 0 1 5 2 5 1 1 0 1 5 4 3 1 3 1 0 2 5 5 0 1 2 4 4 4 2 3 1
   2 5 3 4 2 4 2 5 5 1 4 4 1 0 1 0 4 0 4 3 0 5 4 1 4 1 5 2 0 0 5 0 4 2 5
   1 1 3 3 2 2 2 4 1 4 0 3 4 3 2 0]
  [0 4 1 2 3 2 0 1 3 0 1 3 0 4 3 3 5 3 3 0 0 4 1 2 5 3 4 3 5 3 1 0 1 4 3
   5 3 3 2 0 1 0 3 3 4 2 1 2 3 2 5 2 2 4 1 3 2 5 0 1 3 1 2 1 4 3 0 1 1 5
   2 1 0 1 2 5 3 2 5 3 2 1 3 1 3 2 3 3 1 4 0 2 2 5 4 2 3 1 0 5 4 1 3 2 5
   3 1 1 1 5 0 2 1 3 4 5 3 0 4 2 5]
  [0 1 3 2 4 3 5 1 0 1 5 5 1 4 4 3 0 1 3 5 5 3 2 5 4 4 0 4 5 1 2 0 0 4 0
   2 1 4 4 4 1 2 2 0 0 3 0 5 5 1 1 3 3 2 5 2 2 4 5 4 0 4 3 3 2 1 4 2 1 0
   4 3 2 4 5 0 5 3 3 3 2 1 0 1 5 1 0 2 0 4 2 2 3 0 3 1 2 0 1 5 3 3 2 1 0
   0 4 0 3 1 4 5 4 3 5 2 5 3 4 2 0]
  [0 5 1 0 1 5 5 5 2 4 1 2 1 3 1 0 3 2 3 0 4 5 5 5 4 4 5 5 0 4 5 3 2 0 2
   2 5 2 2 1 3 0 2 4 2 5 0 3 2 4 3 0 3 1 3 4 4 5 3 3 2 0 4 2 3 4 3 3 0 2
   4 3 2 2 4 4 1 4 1 2 3 2 2 2 5 3 5 5 2 4 4 1 1 1 1 1 2 4 3 3 4 3 3 0 1
   4 1 3 4 2 3 5 2 1 4 1 1 5 1 3 0]
  [0 3 4 3 2 0 1 5 3 5 4 1 3 0 2 2 3 5 5 5 5 3 5 4 4 3 2 2 1 0 1 0 3 0 0
   5 1 3 4 0 2 1 1 3 1 4 1 4 1 4 5 0 5 4 3 1 4 4 5 3 3 0 1 4 0 3 0 2 1 1
   2 1 4 4 3 3 1 1 2 5 4 3 3 1 5 5 3 2 4 5 2 1 5 4 4 1 1 4 0 5 1 0 2 2 4
   1 1 2 5 0 0 4 0 2 1 5 4 2 2 4 2]
  [0 5 2 2 2 0 1 0 2 2 5 4 5 5 4 5 2 2 1 1 2 3 0 0 0 4 3 2 1 0 2 3 0 3 2
   0 1 5 3 1 5 1 4 0 0 1 3 3 3 0 4 4 2 5 0 0 4 1 2 1 2 2 5 1 5 3 1 4 4 1
   5 0 1 0 3 2 2 2 1 2 1 0 4 2 0 1 3 0 2 0 3 2 3 4 1 3 4 0 2 0 4 3 5 5 0
   4 0 0 3 1 1 0 2 3 0 2 2 2 3 3 4]
  [0 1 5 4 5 0 5 0 2 1 4 5 3 1 4 5 2 3 5 3 2 5 4 4 0 4 4 2 1 0 3 2 3 4 2
   5 0 1 2 3 5 5 1 0 5 5 5 3 4 2 0 3 1 1 5 5 2 1 3 4 5 4 2 5 0 0 0 3 4 3
   1 2 2 2 2 1 1 4 0 1 5 3 0 0 2 4 1 4 4 5 0 5 5 1 2 3 0 2 1 2 4 0 5 3 3
   3 1 5 3 3 5 2 1 2 4 4 1 1 2 0 4]
  [0 5 3 0 5 2 0 2 4 1 5 0 5 1 0 5 4 5 2 4 3 4 0 1 1 1 3 2 4 3 4 4 4 2 1
   0 3 0 4 1 2 0 1 5 4 0 1 4 0 0 1 0 1 3 1 4 5 5 5 5 0 4 5 1 3 0 2 3 3 2
   0 5 4 0 3 0 0 0 1 3 3 4 4 5 0 5 0 4 3 4 4 3 1 2 2 4 5 2 5 3 2 3 1 4 2
   4 5 2 1 0 3 5 2 1 5 2 3 5 2 3 3]
  [0 1 4 5 5 2 2 0 3 2 4 3 2 2 4 2 5 5 1 4 1 2 0 5 5 3 3 4 5 4 3 3 4 2 2
   2 4 0 0 2 0 0 2 3 1 2 2 3 2 2 0 2 3 5 3 5 0 0 5 2 2 3 1 4 1 1 3 4 1 5
   2 0 3 4 5 5 5 2 0 0 0 2 0 2 2 1 1 5 5 2 4 4 1 5 1 5 1 4 1 1 4 1 5 2 0
   3 0 3 0 1 2 3 5 3 2 0 2 0 5 3 4]
  [0 1 0 2 2 5 1 2 3 1 0 4 4 0 0 4 5 4 5 0 2 2 0 5 2 2 2 4 2 3 1 2 5 4 3
   2 5 2 0 0 5 0 2 1 1 0 2 2 5 2 2 4 4 3 2 3 0 2 5 2 3 5 2 2 3 5 2 4 4 3
   1 4 4 0 3 2 4 3 2 1 5 3 1 5 0 4 3 4 3 1 0 3 4 1 0 0 2 5 4 0 1 0 3 3 2
   2 0 3 3 2 3 4 2 0 5 1 3 3 5 4 2]
  [0 1 4 5 1 3 0 4 1 4 4 1 1 5 1 1 4 4 4 0 0 0 4 1 2 0 3 1 1 5 3 1 5 3 5
   2 4 1 4 1 0 2 2 0 5 0 3 0 4 5 3 0 0 0 5 4 4 0 2 2 3 0 3 2 0 3 5 4 2 2
   0 4 4 5 0 4 5 2 5 5 1 5 0 1 5 3 3 1 2 2 0 1 5 5 5 5 0 4 4 3 0 4 0 0 3
   1 1 1 1 1 0 3 0 2 4 4 0 0 3 3 2]
  [0 0 4 4 3 3 3 4 3 1 2 2 4 0 4 0 5 3 5 0 0 2 3 5 2 4 4 0 0 3 1 2 3 5 4
   0 4 0 4 3 4 0 0 3 1 2 1 4 2 2 2 1 4 4 3 5 2 5 0 2 5 2 0 1 2 4 5 1 5 4
   4 3 0 2 2 2 5 4 0 1 5 0 3 1 2 5 4 5 4 3 4 4 4 0 2 3 1 4 1 1 3 0 1 1 4
   4 0 3 5 4 2 4 2 4 4 5 4 5 4 3 3]
  [0 5 3 4 3 3 0 5 1 1 1 3 0 1 4 1 4 1 2 3 5 1 1 4 3 4 3 1 4 3 0 4 0 5 4
   2 5 4 1 0 0 2 0 5 5 1 2 2 2 5 2 0 1 5 0 2 4 1 3 4 5 5 4 4 3 1 5 4 1 4
   1 1 1 1 4 2 2 4 1 2 5 1 4 5 0 4 4 5 4 3 5 4 5 3 2 2 4 0 4 2 0 1 4 0 5
   2 5 2 5 3 3 0 5 5 2 5 0 5 0 3 2]
  [0 3 5 1 0 1 3 0 3 5 2 1 4 0 1 3 5 3 4 2 1 5 3 1 4 0 0 2 2 4 2 3 2 0 4
   2 5 4 0 3 2 5 4 0 1 3 1 2 1 5 3 3 4 4 2 4 4 4 1 5 0 3 3 0 5 1 1 1 3 4
   3 2 0 4 1 2 1 5 2 5 3 0 5 0 2 1 3 1 5 4 3 4 3 3 5 4 3 2 5 0 1 2 4 1 0
   2 1 3 4 4 2 2 4 5 3 4 1 0 5 5 2]
  [0 4 5 1 5 0 0 1 0 5 0 4 1 3 3 1 4 1 4 5 3 3 2 4 0 5 4 3 2 1 2 0 0 3 4
   5 1 1 3 2 0 3 2 2 0 1 0 5 1 1 4 0 2 0 0 3 1 0 5 3 5 1 0 2 3 1 2 5 0 1
   5 2 5 1 5 0 4 2 1 5 0 0 1 1 2 3 2 2 1 2 5 3 1 0 5 2 0 5 4 5 2 2 4 0 3
   4 0 0 3 4 0 0 3 0 4 1 5 1 0 3 1]
  [0 3 5 0 2 0 0 3 5 2 1 5 2 2 2 4 4 0 4 3 4 0 4 4 1 5 0 2 5 4 3 5 0 2 1
   0 3 3 0 2 5 5 2 0 1 0 1 1 2 4 3 4 3 1 5 1 5 4 2 0 2 5 1 0 2 2 3 2 1 5
   1 5 0 3 1 5 5 0 0 3 0 2 3 1 3 5 1 1 4 4 2 3 1 2 0 3 2 4 1 5 3 1 4 3 0
   3 4 0 2 1 1 0 5 0 3 1 2 1 2 1 1]
  [0 4 5 5 5 5 1 2 5 0 3 0 2 5 4 3 1 5 4 0 1 0 4 0 1 4 2 1 2 1 1 5 2 5 2
   4 0 2 2 1 3 0 1 3 3 2 0 5 2 2 0 1 5 2 4 0 1 2 0 1 5 4 1 4 0 0 4 4 5 3
   0 5 5 3 2 2 0 2 1 3 4 4 4 1 5 1 3 2 1 1 5 4 0 4 4 0 0 3 1 1 4 1 3 4 0
   3 3 3 5 3 0 5 5 2 4 3 0 4 0 5 5]
  [0 2 4 1 5 1 5 2 3 5 1 3 2 4 3 3 4 0 1 1 3 5 0 1 3 2 4 1 4 3 5 1 1 0 4
   2 1 1 4 2 3 1 3 1 5 0 4 0 0 3 1 3 3 1 4 4 0 3 5 1 2 2 1 1 4 1 4 5 1 4
   4 0 0 5 2 1 1 2 1 4 2 0 3 1 2 5 1 5 0 4 3 0 4 0 3 2 3 3 1 1 2 4 4 1 4
   5 5 3 4 0 2 3 0 1 2 4 1 3 3 5 5]
  [0 0 1 0 1 4 4 3 2 0 4 1 0 1 2 1 5 5 2 2 5 5 2 3 3 4 2 3 4 1 5 2 5 3 2
   3 1 4 3 3 2 1 1 2 5 4 4 4 0 3 2 3 4 2 5 0 4 0 2 1 3 4 4 4 5 2 5 0 4 1
   5 3 4 0 5 5 5 5 0 3 4 2 2 0 3 3 0 4 2 4 1 3 1 2 1 5 1 5 3 4 1 5 3 0 4
   3 1 0 5 2 4 5 3 5 1 1 5 0 5 4 4]
  [0 1 0 2 3 1 5 3 2 2 1 2 4 0 4 3 4 2 4 4 4 3 0 3 5 0 2 2 5 0 0 0 3 4 2
   1 3 5 4 5 3 4 0 4 4 4 0 3 3 0 5 5 1 3 3 1 3 4 4 4 4 1 0 3 5 2 0 4 1 3
   3 0 2 1 4 5 5 4 3 2 1 2 5 2 3 2 0 0 1 0 2 5 0 3 2 5 3 4 3 0 5 5 0 0 2
   4 3 5 2 0 0 3 2 2 3 0 0 4 4 3 4]
  [0 5 2 0 2 4 1 1 3 0 1 3 3 0 1 4 4 4 1 1 5 5 0 5 4 3 5 1 1 3 4 3 3 1 2
   3 2 4 1 1 4 3 5 3 4 3 5 3 5 4 0 0 0 4 2 0 3 4 0 1 3 1 5 5 0 1 2 1 4 5
   2 4 4 4 2 4 3 1 1 5 2 2 3 5 0 1 0 5 2 5 1 4 4 4 1 0 5 2 4 4 2 0 2 4 4
   2 1 2 5 3 0 3 3 2 0 3 3 3 3 5 2]
  [0 5 3 4 5 5 3 0 0 0 4 3 0 0 1 0 3 1 3 3 3 4 5 4 2 1 2 5 5 1 1 3 5 5 2
   5 0 0 3 3 1 4 1 0 4 1 3 3 2 4 4 0 2 3 1 5 5 3 4 1 4 2 3 1 4 2 0 2 2 4
   1 0 1 4 1 4 2 1 5 0 1 4 3 3 2 1 2 2 1 0 0 1 1 5 4 5 5 0 0 0 4 1 3 2 0
   5 2 3 5 3 5 3 3 0 0 3 2 2 1 5 4]
  [0 4 0 5 0 4 1 4 4 1 2 2 0 5 0 4 2 3 5 4 4 1 4 0 2 5 1 3 0 0 0 3 2 0 2
   0 3 5 0 2 5 1 3 2 2 5 4 3 0 0 0 3 0 2 3 0 4 4 3 1 1 4 2 1 3 2 5 3 4 0
   0 4 0 5 0 2 2 2 2 4 3 2 3 3 4 1 1 3 5 3 0 2 4 3 2 0 5 5 4 1 5 4 3 1 4
   1 2 2 2 4 1 0 1 4 3 2 4 0 5 1 0]
  [0 1 2 0 1 3 5 1 0 4 1 3 5 2 2 1 3 2 3 2 0 2 0 4 5 2 4 1 4 3 5 5 0 1 0
   0 5 3 4 2 3 1 3 5 2 4 2 5 4 1 0 4 1 0 2 1 5 0 2 5 3 0 3 2 2 1 3 5 1 4
   5 5 2 1 0 5 2 5 5 2 3 0 5 3 2 2 1 1 3 3 0 3 4 4 1 0 5 1 4 3 5 3 3 2 4
   3 2 0 4 0 2 3 1 1 2 4 0 5 4 1 0]
  [0 2 1 3 2 2 2 4 2 2 4 2 5 0 5 4 4 5 3 0 3 1 0 1 2 5 1 1 0 4 4 1 3 4 2
   4 1 3 2 1 0 2 0 4 5 1 5 0 5 2 0 2 5 0 0 4 5 0 4 4 2 0 0 4 0 2 0 4 4 4
   5 1 3 4 1 1 5 5 3 1 4 0 0 3 4 3 3 4 0 2 0 4 1 5 1 1 2 2 1 1 2 5 4 0 3
   3 4 0 3 0 3 2 2 4 3 2 2 3 1 2 5]
  [0 4 3 5 1 0 3 5 0 3 4 2 0 1 5 1 5 3 3 0 4 5 3 5 5 3 2 2 2 5 2 2 5 4 5
   5 4 5 1 5 0 5 0 2 0 0 4 0 5 0 1 0 1 4 3 0 2 4 0 0 2 3 0 4 5 3 3 4 4 5
   1 1 0 4 2 0 1 0 1 3 1 1 1 1 2 5 0 1 1 2 5 2 3 2 3 0 1 0 2 0 0 4 5 0 5
   1 4 1 2 3 0 5 4 0 4 3 1 2 2 5 0]
  [0 0 1 5 5 2 5 4 2 2 1 2 5 1 1 3 3 3 1 5 2 0 4 4 3 5 3 0 1 2 4 2 1 0 2
   5 5 4 5 5 0 2 2 2 4 5 3 5 3 1 5 4 4 1 0 0 0 4 0 2 2 2 2 2 4 5 4 1 3 5
   5 1 0 0 1 4 5 4 5 4 4 2 1 2 3 5 1 2 2 2 5 4 1 2 3 4 0 1 3 2 5 1 2 0 4
   4 1 0 0 0 3 1 0 1 1 5 3 0 2 5 2]
  [0 1 1 5 2 2 2 3 3 1 0 2 0 2 5 2 2 3 5 2 5 1 4 3 2 0 0 4 0 5 1 4 0 0 3
   5 4 3 4 5 1 5 4 4 5 3 5 0 4 0 4 4 0 5 3 3 3 0 5 0 2 4 2 3 4 4 4 3 5 3
   2 3 0 1 5 2 0 1 2 1 5 0 4 5 3 4 1 0 4 0 3 0 2 4 5 3 2 2 1 2 3 5 4 0 2
   2 0 3 3 4 4 4 2 3 5 3 5 5 0 3 4]
  [0 1 5 0 4 4 5 1 4 0 1 3 4 2 0 3 1 3 2 0 0 2 3 4 1 4 2 2 2 2 1 5 5 1 1
   1 0 4 1 0 5 3 2 1 3 0 3 1 3 0 2 0 0 4 2 0 3 3 0 5 2 1 3 1 1 2 0 1 4 5
   1 1 4 2 3 3 1 2 0 1 4 3 4 3 0 3 3 1 3 3 3 1 1 0 0 5 1 0 1 0 1 5 4 2 3
   1 3 2 3 4 3 5 0 4 4 1 5 1 0 2 0]
  [0 1 3 0 5 3 3 3 4 2 4 5 4 5 5 2 2 5 1 0 0 5 3 1 4 4 5 2 4 1 2 4 1 5 3
   3 3 0 5 5 0 4 5 5 3 4 3 3 4 2 4 5 5 4 2 0 3 3 0 0 2 2 0 2 2 2 1 1 0 2
   2 0 5 4 2 4 3 4 5 5 2 4 5 3 0 3 5 0 4 1 1 4 0 2 4 0 0 5 4 2 2 1 0 2 3
   4 1 2 2 5 4 1 5 1 5 2 3 4 2 1 1]
  [0 2 1 2 0 5 0 5 0 3 3 2 0 3 3 4 0 5 0 0 0 3 1 5 3 5 5 5 0 3 0 1 4 5 4
   2 3 5 2 0 0 5 3 2 5 1 2 3 2 1 3 1 0 1 5 4 4 1 4 3 0 5 3 0 2 2 1 3 2 3
   2 1 5 2 0 0 2 1 5 0 1 4 0 2 3 4 1 3 4 2 1 4 4 0 3 3 1 1 3 3 0 4 5 1 0
   5 4 3 4 5 3 3 4 3 2 2 0 2 5 5 5]
  [0 2 5 2 0 3 1 3 3 2 4 0 1 2 4 0 2 5 4 4 5 2 0 4 2 1 1 0 3 1 0 0 3 2 1
   3 3 3 4 5 2 2 3 0 5 5 2 3 2 2 5 3 0 3 1 2 0 0 4 5 3 0 4 3 3 5 5 5 4 2
   3 1 3 0 4 1 3 1 1 4 2 5 0 3 5 1 1 4 2 4 1 0 5 2 0 0 1 5 4 0 5 3 3 0 1
   3 1 3 4 4 2 4 1 1 2 1 3 0 4 0 3]
  [0 1 0 3 0 1 0 0 3 0 1 2 0 4 0 1 2 3 3 0 3 5 2 2 4 5 0 1 1 4 1 3 4 1 2
   3 3 5 5 3 5 3 1 2 3 3 2 3 1 5 3 0 3 1 5 2 3 2 3 2 0 2 0 2 5 5 5 2 0 0
   1 2 1 1 1 3 4 2 5 3 5 0 4 2 2 0 4 4 2 5 2 3 1 4 5 4 0 3 2 0 0 4 3 2 3
   2 5 3 2 4 3 5 5 4 2 4 0 4 2 5 3]
  [0 2 2 0 1 1 1 4 4 1 3 5 4 0 1 5 1 2 0 5 3 0 0 4 5 3 4 5 4 3 2 3 1 1 3
   3 4 0 4 0 1 0 3 4 2 2 4 0 0 1 1 4 0 1 2 4 0 5 0 3 3 2 1 0 1 0 2 2 1 3
   3 4 1 0 2 1 4 3 1 0 1 5 1 0 1 2 4 5 2 2 4 3 4 2 4 3 4 5 1 3 5 2 2 3 4
   1 2 3 4 5 3 3 0 3 1 2 5 0 4 1 4]
  [0 1 3 5 0 5 0 0 4 5 0 2 5 5 0 0 3 2 3 1 2 4 4 4 3 1 5 4 1 5 3 5 4 1 1
   3 4 2 0 5 2 4 1 0 4 4 1 4 3 3 5 2 0 3 4 5 3 4 3 0 0 1 1 4 0 3 5 2 4 2
   3 1 1 2 2 1 3 2 0 1 0 0 0 3 3 5 0 5 5 1 0 1 5 5 2 0 4 3 3 2 4 5 0 0 0
   4 1 1 5 1 0 0 1 3 3 0 5 4 5 1 4]
  [0 0 3 2 1 2 2 0 1 4 2 1 2 5 1 5 1 5 4 5 1 0 1 3 4 0 2 1 3 3 2 5 5 3 2
   5 0 3 0 1 3 4 0 4 4 3 1 3 3 1 2 3 1 4 2 3 2 0 2 5 3 0 4 5 1 0 3 0 4 4
   1 4 2 2 0 3 4 2 0 5 2 1 2 4 5 1 4 3 5 5 2 4 1 3 3 1 3 2 4 4 1 4 1 4 3
   0 0 0 3 2 3 0 4 4 1 1 3 3 1 5 2]
  [0 1 1 0 3 4 3 2 3 1 1 3 5 3 4 5 3 0 5 2 1 1 3 3 3 4 2 5 5 2 5 2 2 4 4
   5 0 0 5 3 3 0 1 1 4 4 3 4 1 5 5 2 3 3 3 1 1 4 2 3 3 5 5 5 1 5 0 2 1 3
   3 3 5 0 1 1 5 5 3 3 5 2 1 1 5 5 0 2 5 3 1 3 3 4 0 3 5 4 5 4 3 4 2 3 2
   2 4 3 4 1 0 0 4 1 0 1 5 2 0 2 3]
  [0 5 5 4 5 0 3 3 3 5 2 5 1 5 4 3 4 2 4 4 5 2 4 4 1 1 0 3 4 5 4 1 3 1 1
   2 2 2 0 1 2 0 2 2 3 0 2 0 1 4 0 2 0 1 1 3 2 2 4 1 2 1 2 1 2 5 3 0 5 0
   0 0 4 5 5 1 0 5 5 1 1 2 3 1 1 1 1 3 5 5 4 5 2 3 0 5 0 2 2 3 5 1 0 1 3
   5 0 3 1 1 5 1 2 4 0 4 5 1 3 1 1]
  [0 0 5 4 5 2 5 1 3 3 2 4 5 3 0 2 1 3 5 5 4 1 5 1 3 1 1 1 5 1 4 2 4 2 4
   1 3 0 1 1 3 5 0 3 5 3 1 4 2 1 2 0 5 5 4 0 0 5 3 5 3 3 0 0 1 2 3 5 0 0
   2 3 2 3 4 4 0 5 3 5 1 5 2 1 5 4 1 3 2 2 3 2 0 4 0 3 1 4 4 0 0 0 3 3 2
   0 4 0 1 5 1 5 4 3 5 4 0 5 4 5 4]
  [0 3 5 1 4 5 4 4 0 0 2 4 5 3 1 4 3 1 5 4 5 5 0 3 1 2 5 4 2 0 3 3 4 1 1
   0 4 4 0 3 1 0 1 2 1 4 2 5 3 3 5 1 3 0 4 3 1 2 0 4 3 2 3 4 2 3 4 2 0 0
   3 0 3 2 2 5 2 3 3 4 0 3 3 3 4 4 4 0 1 0 3 2 0 3 1 4 1 5 1 1 1 2 4 5 3
   0 1 3 5 5 1 2 3 2 5 4 0 2 1 1 2]
  [0 0 1 5 2 1 2 2 1 4 2 1 4 4 5 5 3 4 3 2 1 2 5 1 4 3 2 5 2 2 2 4 2 1 4
   4 4 1 4 4 5 2 2 1 1 2 4 1 5 5 1 4 1 1 1 4 2 1 1 1 3 0 5 4 4 1 0 5 5 5
   0 0 3 3 1 3 1 3 5 2 1 2 1 5 0 1 2 1 1 3 5 1 0 0 5 5 5 0 2 2 3 0 1 1 4
   1 5 5 2 5 0 0 3 1 3 0 3 0 0 0 3]
  [0 0 1 1 1 4 0 2 3 0 0 5 4 3 5 2 2 1 3 1 2 0 2 1 1 3 1 4 0 2 5 4 4 5 4
   4 1 4 5 1 2 1 2 5 1 3 1 2 5 3 2 3 2 3 0 1 3 2 3 2 4 1 1 5 3 0 2 1 4 0
   3 0 3 1 3 4 3 2 5 5 5 2 5 1 4 3 2 4 4 2 4 4 1 5 3 3 3 3 5 5 5 3 4 5 0
   2 1 0 0 4 3 2 0 2 0 1 2 4 5 1 4]
  [0 0 4 5 2 1 5 2 0 1 2 0 5 1 4 5 2 2 3 4 1 5 3 0 1 1 5 5 0 4 2 2 1 1 0
   0 3 4 3 1 4 5 1 2 5 1 4 3 3 1 3 5 2 4 3 4 4 5 3 1 5 2 2 2 4 2 0 5 5 4
   4 1 0 0 1 4 3 4 4 0 2 3 0 0 0 2 0 5 4 4 5 0 3 5 0 1 1 4 5 1 4 3 1 5 5
   3 2 3 0 5 3 5 3 4 2 2 3 5 3 4 3]
  [0 5 3 1 3 2 3 2 4 0 4 1 0 5 1 4 2 0 1 5 1 3 1 3 1 1 3 3 1 3 2 5 4 3 4
   2 0 1 5 1 4 0 2 0 2 4 3 1 3 3 5 4 2 0 4 0 2 3 1 3 2 2 4 4 2 4 1 5 2 5
   1 0 1 0 3 2 4 3 5 0 0 1 3 5 2 4 4 5 0 5 4 5 4 4 1 0 0 2 0 0 0 3 2 2 5
   0 4 4 5 5 4 3 1 0 3 4 3 5 3 1 5]
  [0 3 4 1 5 5 2 2 5 2 1 4 2 2 5 2 2 4 1 2 5 4 0 0 5 3 2 5 0 4 4 0 3 3 2
   3 2 4 4 5 3 4 3 5 3 0 1 2 2 5 3 3 1 3 3 3 4 4 4 4 5 2 4 2 2 5 3 5 2 4
   5 2 2 0 0 0 3 1 5 1 1 2 2 3 3 5 5 3 5 3 5 5 1 2 1 2 4 3 5 0 4 1 2 0 3
   2 1 2 2 1 5 0 4 0 3 5 0 1 5 2 0]
  [0 2 0 5 1 0 2 1 2 0 2 3 5 2 4 2 0 4 3 0 3 3 2 1 1 4 3 4 5 3 5 5 1 0 3
   1 0 5 2 0 0 0 0 1 0 1 0 1 0 5 0 1 5 1 5 0 3 0 4 2 3 1 3 3 1 4 2 4 0 1
   2 3 0 4 1 0 5 1 4 0 4 1 2 2 2 3 5 2 1 5 0 0 2 3 0 4 3 2 0 3 1 3 0 1 2
   4 2 1 5 2 0 1 1 4 2 3 2 2 1 2 2]
  [0 3 4 5 1 3 1 5 1 1 3 1 3 3 1 1 0 0 3 4 1 1 0 1 4 3 4 0 0 3 4 5 4 2 0
   2 1 1 1 3 1 0 1 4 3 1 4 2 5 1 1 3 0 1 0 0 0 0 3 4 4 3 3 5 3 3 0 4 5 1
   4 1 2 4 0 1 0 5 4 2 2 3 4 0 4 2 0 3 4 4 1 4 3 1 3 3 4 3 3 2 1 2 3 4 1
   5 0 4 0 5 4 2 2 1 3 2 4 1 4 3 0]
  [0 1 2 4 1 3 3 3 4 4 4 4 3 3 2 0 0 0 5 3 1 1 5 4 3 4 3 2 4 5 4 3 2 3 2
   4 0 2 0 2 3 3 2 1 5 4 0 3 0 3 5 5 2 0 2 3 5 4 3 0 4 4 2 4 2 4 0 0 2 3
   2 4 2 5 4 4 5 0 0 3 0 2 5 2 1 3 0 5 2 2 5 1 1 3 5 5 4 2 3 2 0 0 5 0 5
   4 4 0 2 2 3 1 5 3 5 3 2 0 1 0 4]
  [0 4 5 0 1 1 4 5 4 5 5 5 4 1 0 1 1 0 1 2 5 0 1 5 2 0 1 3 4 2 4 0 2 3 2
   5 1 0 1 2 2 0 4 1 4 3 0 0 1 0 2 0 5 2 1 1 3 2 4 3 3 4 4 5 3 0 4 0 4 4
   0 2 5 5 2 3 1 0 0 0 0 3 0 0 3 3 5 2 1 5 5 0 5 3 0 3 3 3 3 5 0 5 3 2 5
   5 5 3 4 0 3 5 2 1 4 1 5 2 1 3 0]
  [0 3 2 2 2 2 2 1 0 5 4 5 3 3 1 5 2 1 5 4 2 4 0 0 3 1 4 5 4 0 0 3 5 1 3
   2 0 5 0 4 5 2 3 2 3 4 3 1 3 4 4 4 3 2 1 0 3 3 3 2 5 1 5 4 2 2 5 5 0 4
   0 4 5 4 4 0 0 4 5 0 3 4 0 5 2 0 2 4 4 4 5 2 0 5 4 5 2 1 2 2 2 1 1 5 4
   0 0 1 3 2 1 4 0 3 4 0 3 1 3 4 3]
  [0 1 1 1 1 5 4 5 0 3 5 4 1 2 4 5 4 2 3 0 4 4 1 5 4 1 2 2 0 0 1 5 5 3 2
   4 3 5 1 1 1 5 5 1 1 4 5 1 1 1 2 1 3 3 1 5 3 3 3 4 4 3 3 1 0 2 3 1 4 3
   5 1 2 1 4 0 2 4 3 4 0 3 4 5 1 3 1 1 3 1 2 3 2 3 5 5 2 5 4 5 2 5 0 2 3
   3 3 4 5 5 3 1 0 2 5 0 4 2 0 1 0]
  [0 0 4 3 0 5 0 1 2 0 3 3 2 5 0 3 1 5 4 3 1 3 3 2 0 0 2 4 5 2 5 2 0 4 4
   2 1 3 0 4 4 2 4 0 4 2 1 0 4 0 2 5 1 2 2 3 3 1 5 2 0 2 2 2 3 2 1 1 1 0
   2 4 1 4 4 0 5 3 5 5 1 0 0 4 3 5 5 4 3 1 2 2 1 1 4 5 3 1 5 5 3 3 2 0 1
   3 1 5 5 3 2 0 4 2 5 3 3 1 2 4 1]
  [0 4 1 4 5 0 2 1 2 4 0 2 5 2 5 1 1 1 4 5 0 4 5 1 3 1 2 1 4 3 2 0 4 0 3
   2 1 4 1 4 5 0 1 0 3 1 1 1 3 3 2 4 3 0 0 4 0 1 1 0 4 5 4 0 4 3 4 1 2 3
   4 1 4 4 2 3 5 1 2 1 2 1 0 4 2 1 1 2 0 3 5 5 1 2 1 5 0 5 1 5 4 5 4 4 5
   3 0 5 2 4 2 5 4 2 3 1 0 2 0 1 1]
  [0 5 4 4 3 2 0 0 2 2 5 0 0 0 2 5 4 0 5 2 0 4 2 0 0 0 1 4 4 4 5 2 2 0 0
   2 2 4 5 5 3 3 0 0 4 0 1 1 1 1 4 4 1 0 5 0 0 0 4 5 4 2 0 3 3 1 5 2 5 5
   4 3 0 0 5 3 3 0 5 5 4 4 2 0 3 1 2 4 3 4 4 2 4 4 1 0 5 1 4 1 4 3 5 0 1
   0 1 4 2 5 3 0 3 4 5 3 3 3 4 4 0]
  [0 5 5 3 4 5 2 3 0 3 5 0 5 3 5 1 5 1 2 0 4 3 0 4 4 3 0 4 1 3 4 0 4 0 5
   2 5 1 1 5 1 0 1 3 3 5 4 4 0 4 3 5 4 1 1 1 0 1 3 3 4 3 5 1 1 4 5 5 1 2
   5 5 4 0 2 2 0 3 4 4 2 2 1 5 0 4 4 1 5 3 0 4 4 2 3 1 1 2 0 4 4 0 4 3 3
   2 1 3 5 5 0 2 3 4 0 1 3 4 0 4 5]
  [0 2 4 0 3 2 5 4 5 0 5 5 4 5 3 2 3 5 0 0 3 1 1 1 2 3 0 4 0 5 0 3 2 1 2
   4 4 1 4 5 3 0 5 3 0 0 3 5 5 4 0 3 3 1 1 2 2 4 1 2 3 4 0 3 0 3 0 5 0 5
   2 2 3 3 1 1 2 5 4 2 5 5 0 0 5 0 0 1 5 4 3 1 1 1 3 4 1 0 2 5 3 4 0 2 3
   0 2 3 4 0 5 2 0 3 0 4 0 3 5 4 3]
  [0 3 5 0 1 2 1 2 2 0 1 3 2 2 0 3 3 5 4 3 5 0 2 3 5 5 1 0 3 1 5 4 1 4 3
   2 5 4 5 5 3 3 2 4 4 2 1 5 5 0 4 0 4 5 2 0 5 1 0 3 1 2 4 3 3 4 5 2 2 0
   4 4 0 0 5 4 3 2 3 4 3 4 2 4 2 2 0 1 5 2 5 0 5 3 3 5 3 1 3 0 5 4 1 5 3
   2 3 4 3 5 4 5 4 2 4 1 1 4 2 0 2]
  [0 1 2 5 4 3 4 5 3 5 1 3 4 5 4 3 4 5 3 0 5 2 0 0 3 1 0 2 3 5 2 2 2 1 5
   3 0 1 4 3 0 0 1 3 2 0 5 1 1 2 5 4 0 0 5 4 0 2 0 0 3 3 3 1 1 0 1 5 0 3
   3 1 2 2 3 3 3 0 5 1 5 2 5 5 0 2 5 0 2 2 2 0 1 3 4 1 3 5 0 2 0 1 2 2 3
   3 3 1 5 3 1 3 1 1 4 1 1 1 2 3 4]
  [0 5 1 3 0 4 5 0 5 3 5 1 2 3 1 5 3 0 3 5 4 0 5 3 2 2 0 4 5 1 5 2 2 5 2
   5 0 3 1 5 1 5 2 1 4 1 5 0 5 2 1 3 3 4 4 5 3 0 4 5 0 2 2 4 0 2 4 3 0 1
   0 5 3 4 2 4 2 5 5 2 5 0 0 4 5 5 0 2 0 0 5 0 5 3 4 1 4 1 2 3 0 5 5 5 0
   5 1 1 5 5 3 2 3 1 1 1 0 0 2 0 3]
  [0 4 3 0 0 1 0 4 4 3 4 5 3 3 2 4 0 0 4 1 5 5 0 0 2 0 1 4 5 1 5 0 2 2 3
   1 1 5 3 2 0 5 0 5 4 0 1 0 4 2 3 5 0 2 5 4 4 1 4 5 1 3 3 4 4 3 2 0 4 5
   0 4 3 4 1 3 4 3 0 5 3 1 2 5 5 1 0 0 1 0 3 4 5 1 3 5 4 1 5 3 5 2 2 5 0
   0 0 3 4 2 1 0 4 4 2 2 2 4 0 4 0]
  [0 5 5 0 4 1 3 1 3 0 4 3 4 0 5 1 4 2 4 5 5 4 3 2 2 3 2 0 4 4 5 0 1 2 0
   1 4 3 2 3 4 1 1 5 0 2 4 4 2 2 0 4 3 4 3 4 3 3 1 1 1 5 2 2 2 2 1 1 5 0
   1 0 5 2 3 2 2 4 1 5 3 2 5 0 3 4 5 2 1 4 0 1 5 1 5 4 3 0 0 3 3 2 5 3 4
   5 1 4 5 3 5 1 3 0 1 0 5 4 1 1 0]
  [0 0 3 1 5 4 4 4 0 2 0 2 3 1 2 0 4 5 2 2 2 0 5 5 2 2 2 3 1 1 1 1 4 2 4
   4 5 4 1 4 4 2 4 4 1 5 0 4 3 0 3 2 5 0 0 3 1 1 0 3 4 1 4 3 5 0 3 3 3 3
   5 1 2 3 0 5 1 1 3 4 0 0 2 5 0 4 4 5 0 0 2 0 5 3 1 5 1 3 0 0 1 3 2 2 4
   1 4 2 1 0 0 5 0 1 4 5 5 5 0 4 1]
  [0 5 1 0 3 4 3 1 3 3 3 2 4 5 1 4 2 5 4 2 0 3 4 4 1 2 3 0 4 0 2 3 1 2 4
   0 3 5 0 1 2 1 5 3 0 3 1 2 1 4 4 0 5 0 0 3 5 5 0 3 1 3 5 3 5 4 5 3 2 5
   1 3 0 1 3 4 0 5 0 5 5 5 0 5 1 2 5 0 1 3 5 1 0 0 5 3 1 1 4 5 1 4 3 4 4
   0 5 0 3 3 3 0 3 5 1 3 5 5 2 0 4]
  [0 0 4 4 4 1 1 3 0 3 2 1 2 4 5 2 5 5 5 4 4 2 4 3 2 4 4 4 3 3 5 2 2 0 1
   1 1 1 4 0 5 4 5 0 2 0 4 4 3 3 1 0 1 0 4 1 0 2 1 1 5 2 2 1 4 3 5 1 2 0
   4 0 0 4 2 3 3 0 2 5 0 5 2 3 0 0 1 5 5 3 3 3 0 0 4 4 0 5 2 5 1 3 5 4 2
   1 2 5 0 3 1 4 1 3 1 0 1 4 0 2 2]
  [0 1 0 4 4 1 0 5 4 2 3 3 5 2 2 3 2 0 0 1 3 0 2 4 5 2 2 2 1 4 3 2 4 3 1
   5 1 3 4 1 0 5 0 0 0 3 4 5 2 4 3 2 1 3 3 4 5 3 0 5 3 2 1 4 2 2 0 0 0 1
   0 1 3 3 0 3 5 5 5 4 1 0 5 5 0 3 2 2 5 5 1 1 5 4 0 1 5 1 5 5 1 1 0 0 3
   0 4 0 4 0 1 3 3 0 1 0 0 1 4 4 1]
  [0 2 5 0 1 4 2 1 2 0 5 5 0 1 1 4 1 3 3 1 1 3 0 5 5 3 1 0 2 1 3 4 1 2 5
   3 1 0 2 3 2 0 5 1 4 2 4 4 4 1 1 1 0 5 5 2 2 4 4 5 5 4 1 3 3 1 3 0 3 3
   1 3 0 3 3 5 5 0 1 4 2 4 4 1 1 1 2 5 0 2 1 5 3 0 2 0 4 2 1 0 5 5 0 5 4
   0 5 4 2 3 0 3 0 2 2 5 3 3 3 2 0]
  [0 4 3 2 1 1 1 1 4 1 4 2 3 3 2 2 5 0 3 2 3 1 5 1 4 5 1 3 1 1 5 2 1 0 3
   1 1 0 1 4 5 1 4 4 1 2 2 4 5 2 2 4 2 5 5 2 0 1 2 0 1 4 0 5 4 3 5 1 1 2
   5 0 1 5 1 3 5 3 2 3 1 0 0 2 4 2 5 0 1 0 1 1 4 3 2 4 0 0 2 3 5 2 0 0 2
   4 1 4 3 5 3 5 0 0 4 0 5 2 0 0 0]
  [0 5 1 0 4 1 1 0 4 1 2 5 4 1 4 1 2 5 2 3 2 0 0 1 0 5 4 2 1 4 3 3 5 4 3
   4 4 3 3 2 5 0 5 5 4 4 1 2 0 0 3 0 5 3 1 2 2 2 1 2 4 3 1 5 1 3 1 4 1 0
   0 0 1 0 3 3 3 4 5 0 5 3 3 0 5 0 4 2 5 5 3 4 0 2 2 2 0 0 5 0 5 1 4 2 5
   1 2 0 2 5 5 0 0 3 1 2 3 1 2 3 5]
  [0 4 1 2 5 3 2 3 2 4 0 1 1 4 1 1 0 4 4 4 4 0 4 5 1 4 5 3 1 4 2 4 3 4 3
   1 3 0 3 2 3 0 5 5 5 1 0 1 2 1 1 2 1 3 5 5 5 2 3 5 5 1 4 4 1 2 5 0 1 0
   1 5 4 1 0 5 5 3 1 5 4 4 0 5 1 1 4 5 4 2 4 1 3 3 2 5 5 0 0 1 0 3 2 1 1
   0 1 5 4 1 1 2 4 3 0 3 3 0 5 3 1]
  [0 0 2 4 3 2 3 1 3 5 5 5 5 4 1 4 3 3 0 4 4 3 5 2 2 3 0 5 0 0 1 4 1 0 0
   1 0 3 0 0 0 4 4 0 4 3 4 2 3 4 1 1 3 0 5 1 1 2 2 2 4 2 5 1 0 1 5 2 2 1
   0 0 2 1 0 5 3 3 5 4 4 5 4 5 5 1 4 0 2 2 4 0 3 3 4 0 5 0 1 0 4 3 2 2 0
   5 1 4 4 0 5 0 1 5 3 0 5 4 5 5 2]
  [0 4 1 5 4 4 5 2 3 5 3 3 2 1 2 2 2 5 5 2 4 3 3 2 4 3 1 5 5 1 3 2 5 1 2
   1 3 0 2 4 4 0 0 0 5 1 1 2 3 5 3 0 0 5 0 4 2 3 2 3 2 4 4 3 0 2 4 5 2 0
   3 4 2 2 2 4 3 3 4 4 1 0 1 4 5 2 2 0 5 4 2 0 2 5 0 1 1 1 5 1 0 1 4 3 3
   5 0 5 3 5 4 2 1 0 4 3 3 2 1 5 5]
  [0 3 1 1 3 5 0 0 2 1 3 3 1 4 5 0 2 2 1 2 4 2 1 4 0 4 1 1 0 2 1 0 0 3 5
   4 1 2 0 2 3 5 3 2 3 5 3 5 1 0 5 2 0 4 0 3 4 3 0 3 3 3 3 0 2 5 3 0 5 2
   4 3 1 2 3 2 3 2 4 1 4 5 5 2 0 3 2 2 3 1 4 0 2 0 0 0 5 5 1 2 1 0 3 0 3
   2 5 5 3 5 1 1 3 1 5 0 2 0 2 4 0]
  [0 2 0 1 5 1 2 1 5 5 2 0 3 3 4 4 0 4 1 4 1 2 2 4 4 5 1 2 4 5 5 1 4 4 0
   3 1 5 5 1 1 5 3 4 1 3 0 3 1 2 2 3 4 4 3 5 3 1 4 4 1 0 5 5 0 2 3 1 4 2
   0 1 5 3 5 0 4 3 0 3 2 2 3 1 1 4 3 2 5 3 4 1 2 5 0 4 4 3 1 0 1 1 0 5 2
   5 4 0 2 0 4 0 1 3 0 5 0 1 3 4 2]
  [0 5 2 4 5 2 3 5 3 0 0 2 2 1 1 1 2 5 4 0 1 5 2 4 0 3 2 3 3 4 1 5 1 1 5
   1 5 0 5 4 5 5 4 4 0 4 5 1 2 3 3 3 4 1 5 0 0 5 2 3 0 0 1 3 0 0 0 3 3 4
   0 3 1 2 4 1 3 1 4 5 4 3 2 3 4 1 2 4 3 1 0 5 4 0 2 2 5 0 3 2 3 2 5 0 1
   5 3 1 1 3 1 4 2 1 4 3 5 2 3 4 3]
  [0 1 3 2 3 5 5 0 0 5 1 5 1 3 5 0 4 3 5 2 4 0 1 5 4 4 4 5 5 5 2 5 1 1 3
   4 2 2 0 1 1 2 1 0 3 3 2 1 5 0 4 0 5 1 2 4 3 1 0 4 5 0 2 5 2 5 4 1 4 1
   1 1 1 2 2 2 1 3 0 0 0 4 2 5 0 2 5 5 4 4 3 1 4 2 5 3 2 5 4 4 3 3 2 1 0
   2 5 0 5 3 1 0 3 1 5 1 2 1 0 1 5]
  [0 3 2 3 2 3 4 1 5 5 3 1 5 4 0 2 0 4 1 0 5 4 3 3 3 1 0 5 5 0 5 4 5 5 4
   1 0 4 5 4 5 5 3 2 2 1 1 2 2 2 3 0 3 4 4 3 1 5 3 5 0 5 2 4 3 1 2 4 3 5
   5 1 3 1 1 5 5 2 0 0 0 4 5 5 4 1 2 0 3 5 4 4 2 3 3 3 3 2 2 4 2 5 3 3 3
   0 5 1 0 4 4 1 1 1 2 1 5 4 5 3 2]
  [0 3 4 0 0 0 3 2 3 3 4 2 0 4 3 1 1 2 0 3 2 1 1 5 3 3 3 3 3 2 3 3 5 1 0
   3 0 5 5 0 5 2 3 0 3 4 2 4 4 1 2 5 1 4 1 5 4 5 4 0 4 2 1 4 5 3 2 5 3 3
   3 5 4 0 2 0 1 3 1 5 1 3 0 0 2 1 0 1 1 2 3 0 1 3 0 0 0 2 3 3 2 4 2 1 0
   2 0 5 5 4 2 3 4 2 1 2 5 5 4 5 2]
  [0 1 2 3 2 5 1 5 3 0 3 3 0 1 1 1 0 1 4 0 2 1 3 2 3 5 2 2 5 2 4 0 1 1 3
   0 1 1 4 0 2 5 1 3 0 1 2 3 2 4 1 3 3 5 3 3 1 0 2 4 1 3 4 1 0 5 1 3 2 4
   1 5 0 4 1 1 3 2 4 5 2 0 4 4 5 3 2 5 0 1 0 5 5 3 1 1 3 2 2 3 4 4 4 3 3
   2 3 0 2 2 0 0 1 1 2 5 0 1 2 2 0]
  [0 5 2 2 4 5 5 2 0 4 1 0 2 3 0 4 4 1 3 3 5 1 2 0 1 1 0 2 2 5 4 1 0 2 4
   1 4 5 1 5 2 0 2 0 3 3 5 4 3 4 5 1 5 0 5 4 2 5 1 5 3 3 0 0 5 2 0 2 1 4
   0 1 3 1 5 5 5 1 1 1 0 3 5 5 5 2 3 0 0 3 3 0 0 4 4 1 1 1 4 3 0 5 3 1 4
   1 2 5 0 3 0 0 0 3 3 0 5 1 4 1 3]
  [0 1 0 4 1 4 4 2 4 5 4 4 2 5 0 2 4 2 4 0 4 1 1 4 4 4 5 0 5 2 4 4 2 4 4
   2 0 2 1 3 1 3 5 5 2 1 1 3 4 0 4 0 5 5 4 3 5 3 5 4 0 0 4 2 5 2 1 2 4 2
   3 0 3 2 0 5 2 0 1 0 3 1 2 5 1 1 3 3 2 4 5 5 2 0 2 0 2 4 2 5 5 5 1 0 4
   1 5 5 2 0 5 4 1 0 0 5 0 5 1 2 3]
  [0 3 2 0 4 5 5 0 5 5 4 4 4 0 1 1 1 0 3 4 2 1 1 5 2 3 4 3 5 3 0 3 1 1 3
   1 4 3 1 4 2 5 3 5 5 5 4 5 1 3 5 0 2 5 1 4 4 3 2 1 5 5 5 4 2 4 5 1 0 4
   1 0 2 5 1 1 4 1 1 2 4 1 4 3 2 1 1 4 4 4 4 3 0 0 3 4 3 1 1 0 5 0 2 1 4
   3 1 5 3 1 0 0 1 3 1 3 2 2 1 0 0]
  [0 5 4 2 3 2 1 4 4 5 1 4 3 3 2 3 3 2 3 0 0 1 3 5 2 4 4 3 0 2 1 1 4 4 0
   2 3 0 5 5 1 0 5 0 5 3 5 4 2 1 0 1 1 0 5 0 2 2 5 3 5 5 4 0 4 1 2 5 3 2
   5 1 4 3 3 0 4 5 2 0 2 2 4 4 4 1 3 0 5 3 4 2 4 1 3 4 5 4 5 3 3 2 2 5 1
   4 5 2 3 1 4 0 3 0 0 4 5 1 2 1 1]
  [0 2 3 0 2 2 0 2 0 0 4 2 4 0 0 2 2 4 1 4 5 5 2 4 4 0 3 3 3 1 0 5 1 3 4
   4 0 1 4 2 2 1 4 0 5 4 5 3 0 2 1 0 2 5 5 5 4 0 2 4 2 2 1 2 2 5 5 0 5 2
   1 0 3 0 4 0 2 5 3 3 5 2 1 4 0 2 4 1 5 0 4 5 5 4 4 5 5 2 1 5 0 0 4 4 4
   3 5 2 4 5 5 2 0 5 3 1 2 3 4 1 0]
  [0 3 2 2 1 0 1 5 3 1 3 3 0 5 0 2 0 2 5 0 4 1 2 2 0 4 0 5 1 4 2 2 1 5 3
   0 3 0 0 5 3 3 5 0 1 3 3 0 2 2 5 0 5 0 3 1 0 5 4 5 2 2 2 2 4 1 1 2 1 0
   5 0 0 4 2 0 2 3 0 4 1 1 2 1 3 3 2 3 4 3 2 0 4 0 3 3 1 2 2 2 1 2 3 4 2
   0 2 4 1 4 0 2 1 0 5 4 3 5 3 1 2]
  [0 0 2 2 2 0 1 5 2 0 2 1 5 2 0 0 5 1 3 4 5 4 5 5 4 4 4 3 0 1 2 0 1 3 2
   0 4 3 5 1 4 2 2 1 2 1 0 4 1 2 0 1 2 5 1 2 4 5 5 5 4 2 2 5 1 5 5 2 3 0
   1 3 3 4 5 3 4 5 2 5 3 0 1 4 0 2 3 0 3 4 0 3 2 1 3 3 4 2 4 3 0 1 1 1 0
   4 1 4 0 5 1 1 3 1 0 0 5 3 4 4 5]
  [0 1 3 3 0 4 5 1 4 3 4 1 4 1 3 5 0 0 5 3 0 2 1 1 0 4 5 0 1 2 2 4 5 3 0
   1 1 5 2 5 0 5 0 2 3 3 3 3 0 0 3 2 3 0 1 1 5 4 3 1 2 5 4 5 2 0 1 5 5 5
   1 1 5 3 2 1 2 1 0 1 3 2 2 5 5 5 3 5 0 3 3 0 2 5 2 5 3 2 0 2 1 0 1 3 4
   1 0 2 1 0 5 3 5 3 0 0 3 1 5 4 3]
  [0 5 4 5 2 3 1 1 0 5 5 3 0 5 1 1 2 2 3 0 3 5 4 1 4 4 0 4 3 1 4 3 1 1 0
   4 0 1 4 1 4 4 5 5 4 5 0 0 0 4 5 2 1 2 2 2 2 2 0 5 0 5 3 2 4 4 2 4 3 3
   3 3 1 2 0 1 4 2 1 4 0 1 5 4 5 1 2 3 0 4 2 3 4 0 3 0 3 1 0 5 0 2 4 2 5
   3 3 3 2 3 1 1 4 5 1 2 0 0 0 5 0]
  [0 0 2 3 0 3 5 0 5 1 4 0 0 2 4 5 3 4 3 5 1 0 5 3 5 1 1 3 5 5 0 3 0 3 3
   1 0 3 5 3 1 3 5 4 2 0 2 1 1 3 4 0 3 2 5 2 4 2 3 1 4 3 5 4 0 2 3 3 1 5
   0 5 2 3 0 4 2 2 3 5 4 0 2 0 3 2 1 1 4 3 5 1 5 4 1 2 3 1 2 0 3 0 5 1 0
   1 5 2 2 3 4 5 4 5 0 5 3 0 2 0 1]
  [0 2 3 5 0 0 5 2 4 2 5 0 3 5 4 5 5 4 1 3 5 2 1 0 3 2 4 0 5 1 4 4 4 2 4
   5 0 1 3 1 3 1 1 3 4 0 5 0 0 5 5 2 4 3 3 4 5 3 0 5 0 1 2 1 3 1 0 5 0 3
   5 2 5 2 1 5 0 1 5 1 5 1 3 5 3 4 3 2 1 4 1 5 0 3 2 2 0 0 1 5 0 2 0 4 0
   4 3 5 5 2 2 1 2 1 5 1 1 3 0 2 0]
  [0 4 1 1 2 5 4 2 0 4 2 5 3 4 4 3 4 3 1 0 4 1 5 0 2 0 3 0 3 1 2 1 0 4 0
   3 5 0 5 1 5 0 3 4 3 5 1 1 3 5 5 2 1 3 4 2 1 0 5 3 2 3 5 2 4 4 5 2 0 2
   3 5 0 5 2 1 1 3 1 2 5 4 3 2 0 3 1 4 2 3 4 2 5 0 0 2 3 3 4 1 0 2 5 2 5
   5 1 4 2 0 1 1 0 2 3 3 5 2 5 0 5]
  [0 5 3 5 4 0 4 1 4 3 2 1 2 4 4 5 1 0 0 3 3 1 1 4 4 2 0 0 5 2 5 2 4 3 3
   4 1 2 2 4 0 0 4 2 2 3 3 5 0 0 3 3 2 5 2 1 1 1 4 5 2 3 5 1 3 0 0 2 3 3
   1 4 2 3 4 3 2 0 0 5 3 2 1 1 1 2 2 0 4 3 1 1 3 2 3 5 3 2 5 2 2 4 0 2 2
   3 1 0 1 3 1 2 2 1 5 5 5 3 5 0 0]]

 [[0 5 2 0 3 3 1 0 4 5 4 1 4 0 5 5 3 0 5 1 1 4 3 5 1 2 2 3 3 4 1 0 5 2 3
   2 1 5 3 1 4 1 5 1 5 3 4 0 3 3 0 4 2 5 5 4 5 1 5 5 1 2 2 2 1 0 1 2 5 4
   2 1 3 4 0 4 3 0 3 1 3 3 2 5 3 0 5 5 0 3 4 0 2 3 4 4 5 1 4 3 4 5 1 4 2
   0 5 5 4 1 0 2 5 0 0 0 5 1 0 5 4]
  [0 0 4 0 1 0 0 1 0 1 3 3 2 3 1 2 4 4 0 0 5 5 5 5 4 2 2 0 4 2 5 5 0 4 3
   1 0 4 4 5 2 4 3 4 4 4 4 2 5 3 5 3 3 0 3 4 0 5 1 5 3 2 2 3 5 3 2 3 2 1
   0 0 1 5 3 1 5 4 4 2 5 4 5 5 0 3 3 5 2 5 5 5 0 4 2 3 1 5 0 2 1 4 0 1 4
   0 0 2 3 3 2 2 1 4 3 4 5 3 4 2 0]
  [0 5 0 0 5 0 5 3 3 0 2 1 1 3 5 5 0 2 3 0 3 5 3 5 1 5 0 5 5 0 4 2 2 0 4
   5 2 0 4 4 0 4 4 2 1 5 3 1 4 0 4 3 4 4 4 0 1 3 2 1 3 0 2 2 5 4 3 1 1 5
   5 5 2 2 3 1 4 2 1 5 1 5 2 0 5 2 3 2 3 3 3 1 1 5 1 1 4 4 1 0 5 5 5 3 4
   4 5 3 5 3 3 1 4 4 1 5 5 4 4 5 4]
  [0 5 4 0 3 5 0 0 1 3 4 0 5 5 3 0 3 1 2 2 4 4 4 2 1 5 4 3 3 5 3 5 2 2 2
   1 3 2 0 0 4 4 3 2 0 4 4 3 5 2 2 2 4 4 3 4 2 3 1 0 5 3 2 1 1 0 1 3 2 0
   2 3 0 4 4 4 1 5 0 5 1 4 4 3 3 2 5 5 5 5 4 0 4 2 4 4 2 2 2 5 0 3 2 1 3
   2 2 3 3 2 1 4 1 4 1 3 0 3 5 2 0]
  [0 5 0 2 0 3 0 3 5 5 0 5 2 1 1 3 2 4 1 4 1 5 0 1 1 2 3 0 4 5 4 2 4 3 1
   1 4 2 1 3 2 0 5 0 1 3 1 0 5 5 4 5 2 5 3 2 0 0 2 4 0 0 4 4 2 0 0 2 4 2
   2 1 0 0 4 1 3 4 3 3 2 2 5 0 2 5 5 3 4 1 0 3 0 4 5 3 4 5 5 3 3 4 1 4 0
   5 5 0 2 1 3 5 2 1 3 5 5 4 3 4 3]
  [0 1 5 1 4 0 0 5 1 5 5 3 5 1 0 0 0 2 0 4 1 5 4 5 3 0 4 2 2 0 1 0 2 3 3
   5 3 3 5 4 3 5 3 2 0 1 4 1 5 1 2 4 3 2 4 4 2 3 5 1 0 4 1 1 3 2 5 4 4 0
   1 4 2 0 1 5 3 2 5 1 1 5 3 1 4 0 2 5 5 0 3 4 0 0 4 3 0 4 2 4 5 2 5 5 1
   4 1 1 5 0 2 3 3 3 5 1 3 3 5 5 3]
  [0 3 1 5 1 5 0 3 3 0 1 3 5 1 3 2 0 1 3 2 0 2 1 3 4 5 3 4 3 4 3 4 4 2 1
   1 1 1 0 2 3 0 1 2 0 4 2 3 0 0 2 0 4 4 4 4 4 5 3 5 2 2 5 1 3 0 1 5 1 0
   4 2 2 3 3 0 4 1 0 2 1 2 1 4 0 3 0 3 0 2 5 0 1 0 1 5 5 1 2 3 4 5 5 3 5
   1 2 3 4 1 4 5 2 0 3 4 2 5 2 1 0]
  [0 5 5 1 1 4 5 0 3 5 0 5 4 3 2 1 4 0 4 2 0 0 5 1 3 2 4 1 3 1 5 0 3 0 1
   1 4 0 3 5 3 5 5 3 2 1 0 5 3 2 5 5 5 5 1 5 2 5 4 3 3 3 3 4 1 1 0 5 3 1
   5 0 1 4 2 2 4 5 0 0 5 0 3 3 0 1 3 3 4 3 0 5 0 5 3 3 5 4 1 0 5 3 0 1 3
   0 0 4 0 2 1 4 3 4 1 2 3 3 0 5 0]
  [0 2 1 0 2 2 2 1 0 3 5 0 2 2 2 3 4 1 0 0 3 3 3 3 1 5 2 3 0 1 5 4 5 2 3
   0 0 4 1 1 2 5 2 5 5 4 0 0 5 0 2 4 1 3 5 5 4 4 1 1 0 5 4 2 5 4 5 0 3 5
   2 3 2 2 5 2 3 5 1 5 4 5 4 5 1 1 1 4 3 5 4 0 5 3 3 2 2 2 4 2 2 2 3 0 3
   5 4 0 5 3 4 3 2 2 0 2 5 2 2 3 4]
  [0 2 2 3 0 3 2 4 4 0 1 0 1 1 4 0 3 3 5 3 0 0 0 1 0 2 4 2 5 3 0 4 4 0 5
   3 0 1 3 4 1 1 1 1 1 5 2 0 3 0 2 2 2 5 1 2 2 5 5 1 5 5 3 3 4 5 4 1 5 0
   1 3 5 4 1 0 5 3 2 3 1 4 2 4 4 1 4 4 5 2 0 2 1 1 3 5 5 2 2 0 0 4 5 4 4
   0 0 1 3 1 0 1 0 1 4 1 5 1 4 4 5]
  [0 1 1 2 1 5 5 2 4 2 0 1 0 2 5 1 5 2 3 0 5 3 3 1 5 4 1 1 4 1 4 2 2 1 1
   1 0 1 2 5 2 3 0 0 4 3 0 4 2 0 2 1 1 5 4 1 3 1 0 1 5 0 2 0 4 1 0 3 1 3
   4 2 1 2 5 5 4 3 5 0 0 0 5 0 2 3 4 3 4 4 4 3 1 1 0 1 2 2 5 1 0 0 4 3 5
   2 0 1 5 3 1 0 2 4 4 4 2 3 4 1 0]
  [0 5 4 4 4 0 0 5 5 5 3 0 1 1 1 2 0 5 3 5 4 3 2 2 5 3 1 3 5 0 5 5 4 3 0
   3 2 4 0 3 3 0 0 1 0 4 4 4 5 4 5 5 2 3 0 0 5 2 2 0 5 3 1 0 2 4 1 3 5 0
   3 2 1 2 0 1 0 3 0 0 5 3 2 3 4 0 0 2 4 0 1 5 3 5 3 5 0 3 1 2 0 2 1 4 4
   2 5 5 0 5 2 3 3 4 3 0 2 1 0 2 4]
  [0 5 5 1 0 0 1 2 2 2 1 2 0 1 2 3 5 5 1 2 0 1 2 3 2 0 5 5 5 3 5 3 4 1 2
   5 1 0 2 2 4 2 3 3 5 1 5 1 2 2 1 3 2 0 0 5 1 0 2 5 4 4 0 0 1 1 1 0 4 1
   1 4 4 4 1 4 0 5 0 5 5 1 4 3 0 3 0 2 5 3 3 5 4 3 1 3 0 2 3 1 4 1 3 2 5
   5 5 4 3 4 1 0 3 5 0 0 1 2 5 3 3]
  [0 1 0 5 1 4 5 0 0 2 5 5 0 0 3 3 4 3 2 4 4 4 3 2 1 5 2 1 5 1 3 2 1 1 2
   3 0 2 5 1 4 1 0 2 2 1 0 4 0 3 4 3 5 3 1 1 4 0 4 5 1 1 5 0 5 0 4 2 4 3
   4 1 5 1 3 0 3 2 4 3 3 4 4 4 3 4 0 0 3 4 3 2 0 1 3 3 2 1 5 5 5 1 4 5 5
   1 5 2 4 3 3 3 4 0 4 5 5 2 0 5 4]
  [0 0 4 2 1 5 1 3 5 5 1 0 3 0 0 5 0 5 0 0 0 1 5 0 3 5 5 0 4 3 0 4 1 2 1
   4 4 1 1 4 2 5 5 2 0 0 0 2 4 4 1 5 1 2 4 0 2 5 1 3 5 5 3 0 2 1 2 1 0 4
   1 4 0 3 2 1 4 4 1 3 4 2 1 2 1 0 0 3 1 5 0 3 4 0 5 0 4 5 5 4 0 3 0 3 2
   1 3 4 3 4 1 2 3 0 3 1 0 3 5 2 5]
  [0 3 2 1 0 4 2 4 3 5 1 3 1 2 1 0 4 2 1 5 3 2 3 3 4 0 2 3 1 2 0 1 4 3 5
   1 0 0 5 5 0 2 5 0 5 1 3 5 3 2 4 1 4 1 2 2 4 4 4 0 3 4 3 4 4 3 0 0 3 3
   4 0 0 1 3 5 0 2 5 1 1 4 3 2 4 0 5 2 2 4 0 2 2 2 2 5 2 4 4 1 2 4 2 1 2
   3 1 5 2 1 4 3 3 4 0 0 2 0 5 3 1]
  [0 1 4 2 2 1 2 3 3 5 0 1 5 2 5 3 0 1 0 0 3 4 2 2 3 4 1 0 2 2 0 2 5 4 4
   4 4 1 0 2 4 4 2 1 0 0 1 5 4 1 0 3 5 0 4 1 1 2 4 1 4 2 4 5 1 2 1 3 0 4
   2 5 0 0 3 0 0 4 5 1 4 1 5 1 4 5 3 3 1 3 1 0 4 0 4 3 1 5 0 1 4 2 1 4 0
   3 2 2 5 1 0 0 2 4 1 4 3 4 4 0 3]
  [0 3 0 5 4 1 1 1 1 1 5 0 2 1 1 0 4 0 3 4 4 2 3 3 1 1 4 5 5 4 3 3 5 5 2
   1 0 0 4 3 3 1 4 1 4 5 5 1 2 3 2 1 3 1 3 1 3 0 5 2 3 1 1 3 5 1 5 3 4 5
   3 2 2 3 5 0 0 5 3 0 0 5 0 5 0 5 4 4 2 1 5 4 5 5 0 0 1 4 3 3 4 1 5 2 2
   0 3 1 1 5 3 1 2 0 3 2 1 4 0 4 1]
  [0 2 0 5 0 2 4 0 2 5 4 1 1 0 3 2 0 1 0 5 1 2 3 1 0 5 1 1 4 3 4 0 4 3 4
   2 5 4 5 3 4 2 2 1 2 0 0 2 2 0 1 3 3 2 0 1 5 5 4 4 3 4 1 3 5 2 4 5 0 5
   3 3 0 5 4 1 5 5 2 0 5 5 5 4 0 0 4 3 5 3 3 3 3 4 3 1 0 1 2 1 3 5 2 5 4
   0 2 0 5 0 3 0 4 4 0 1 2 2 3 5 4]
  [0 2 4 5 1 0 2 3 5 2 1 4 4 2 5 3 2 4 5 0 0 1 1 1 4 3 0 1 1 5 5 3 0 4 1
   3 3 2 4 0 1 0 5 0 0 1 1 5 2 3 1 4 1 2 3 1 1 2 5 2 3 5 0 5 0 2 0 0 4 3
   1 1 3 1 5 0 5 0 2 4 4 0 2 1 0 3 3 3 0 0 4 5 2 5 4 2 0 4 2 5 3 2 0 0 3
   4 5 1 1 4 0 4 0 4 5 5 4 0 2 3 5]
  [0 3 2 3 1 2 2 1 4 5 0 5 0 2 0 3 3 2 3 5 0 4 3 3 1 4 5 1 3 3 2 5 3 2 2
   0 5 4 2 2 0 4 5 2 5 3 1 2 4 5 2 4 3 3 1 0 5 4 3 1 2 2 1 5 3 2 5 1 0 2
   3 2 4 5 0 0 3 3 0 4 5 2 0 2 1 2 2 2 4 1 0 0 0 0 0 4 0 4 1 1 1 1 4 4 3
   4 2 5 0 5 5 1 2 0 2 1 4 2 0 0 4]
  [0 4 5 2 4 3 0 3 2 5 1 1 1 2 3 4 0 3 2 0 0 0 0 5 4 1 1 2 3 2 2 3 3 0 3
   4 2 1 5 4 5 1 2 1 5 2 0 2 0 3 0 4 3 2 4 0 0 5 2 4 5 3 0 4 4 3 5 0 5 4
   3 2 5 4 4 5 1 2 1 4 4 0 4 4 3 2 5 2 5 0 4 5 4 5 0 0 5 4 1 0 3 4 3 4 2
   5 1 5 5 2 2 4 5 4 0 5 0 3 5 2 2]
  [0 3 3 2 4 1 2 0 2 2 2 5 0 1 2 1 0 1 1 4 0 3 0 2 0 4 5 4 5 5 1 3 1 5 1
   2 0 2 0 0 5 4 2 0 5 2 0 3 0 3 1 5 3 3 5 5 5 1 3 5 1 5 4 5 1 3 0 2 5 2
   4 4 1 3 2 0 1 3 3 4 4 2 4 5 2 5 5 3 5 4 4 4 5 1 3 3 1 3 0 3 2 4 1 5 5
   2 3 3 2 3 0 5 4 5 3 3 5 1 5 5 0]
  [0 3 5 0 2 3 3 0 0 5 3 1 2 1 3 3 5 0 1 3 3 0 0 0 1 0 4 4 2 0 1 1 2 3 0
   2 0 4 3 4 1 0 0 1 3 1 4 1 0 1 4 3 1 1 5 2 4 4 3 5 0 4 2 4 4 1 3 5 4 3
   0 2 5 0 4 5 0 1 5 5 3 4 2 1 4 1 4 2 5 5 0 2 5 5 5 3 4 4 3 5 0 2 5 0 1
   2 2 5 4 5 1 0 4 2 2 4 2 2 4 5 4]
  [0 4 5 2 1 4 0 3 2 3 0 3 2 0 3 4 2 0 3 0 1 3 5 0 0 2 5 5 2 1 3 4 0 1 3
   3 5 0 3 4 3 0 5 5 3 5 4 0 2 5 2 5 2 3 3 4 1 0 3 2 5 1 0 5 4 2 3 1 1 5
   4 1 3 0 4 0 5 4 2 0 2 2 5 2 2 2 1 2 1 0 1 1 1 4 5 2 3 5 4 1 4 4 1 0 4
   4 0 1 4 3 0 2 5 4 0 0 4 2 0 0 2]
  [0 4 3 4 4 4 3 0 5 2 4 4 5 3 4 2 2 1 1 1 3 2 0 2 0 0 3 3 5 3 5 1 3 3 3
   5 0 2 1 2 4 2 5 0 2 0 2 5 4 2 2 4 2 1 4 5 1 1 0 3 5 3 0 2 4 4 3 4 4 2
   5 1 2 1 1 1 3 3 0 0 3 5 5 5 5 0 0 3 1 4 1 0 3 5 2 0 3 4 0 2 1 0 4 2 2
   0 5 4 4 1 1 5 3 3 1 5 1 3 2 0 2]
  [0 3 3 3 5 4 0 3 1 5 1 4 0 4 5 5 1 1 3 4 5 3 0 1 1 1 0 4 4 2 1 2 2 2 3
   1 4 3 4 4 0 2 4 1 3 0 0 1 4 3 0 1 4 0 1 5 3 5 4 0 3 4 1 1 2 0 3 2 1 3
   0 5 3 2 3 3 4 2 5 4 3 4 4 3 1 1 5 0 0 2 3 2 3 0 2 5 5 0 0 4 4 5 5 0 4
   1 3 2 4 2 1 4 1 1 0 2 4 0 5 0 1]
  [0 2 4 1 2 1 0 1 0 2 4 5 4 5 0 3 2 1 5 0 5 0 0 0 2 3 0 0 3 2 2 2 3 3 2
   4 2 5 1 3 5 3 1 3 1 0 0 1 1 2 5 2 3 4 3 5 0 3 4 5 3 4 3 4 5 4 1 1 5 5
   3 0 1 1 3 3 5 1 2 2 1 5 4 2 4 1 1 2 0 0 4 3 1 4 0 1 2 3 1 5 2 1 5 2 1
   4 4 2 3 5 1 0 0 0 4 3 1 2 5 1 0]
  [0 1 2 1 4 1 4 2 0 3 2 0 5 2 3 1 5 3 1 2 3 4 3 3 1 1 4 2 0 4 2 5 3 1 2
   0 5 5 4 5 2 1 2 1 3 1 0 4 3 5 2 3 1 2 4 1 1 3 0 2 0 1 0 0 3 1 4 1 2 4
   3 5 1 4 3 3 1 3 4 0 3 1 5 1 0 3 2 2 2 0 2 4 2 3 5 4 2 3 4 0 5 5 0 4 0
   5 0 0 3 2 0 3 3 1 3 5 5 5 1 4 0]
  [0 5 4 0 5 2 0 2 1 1 3 2 2 2 4 5 4 3 1 0 5 2 5 0 5 5 3 2 2 0 0 2 5 3 1
   3 1 4 0 3 0 1 2 4 1 3 1 0 3 1 2 5 1 4 0 5 3 0 3 2 4 5 4 2 2 5 0 5 3 0
   2 1 3 4 2 0 0 5 1 4 2 2 2 3 1 5 5 3 0 3 4 3 3 3 5 5 5 2 0 0 2 2 3 2 3
   3 3 4 5 3 0 1 3 0 2 2 1 2 2 0 4]
  [0 5 0 5 2 2 3 3 5 4 2 1 0 5 0 3 1 4 5 3 0 5 2 0 5 0 2 1 3 0 0 0 0 5 5
   3 0 1 1 3 0 4 2 0 5 0 4 3 0 0 1 5 2 5 2 5 4 0 0 1 4 5 5 1 2 1 5 4 1 2
   5 3 0 2 3 2 3 4 4 2 0 2 2 0 1 4 3 1 5 5 1 5 4 2 0 4 4 2 0 1 5 0 1 0 1
   3 3 0 4 3 5 3 3 5 5 3 5 3 4 1 0]
  [0 3 3 3 1 0 5 2 0 5 0 3 3 0 3 2 4 5 1 5 2 1 5 3 0 4 1 2 4 5 2 0 4 3 3
   2 1 1 0 4 3 5 4 4 0 0 1 1 1 5 3 4 2 1 0 4 1 4 5 1 2 3 2 4 2 1 3 0 0 4
   2 4 0 1 0 1 4 5 0 0 4 1 2 5 1 5 4 0 3 2 3 4 0 0 0 4 1 2 5 1 5 4 1 3 5
   1 2 1 1 5 2 3 0 1 2 5 4 4 0 2 5]
  [0 3 0 4 3 5 0 4 3 2 3 2 3 2 0 2 3 0 0 2 5 5 5 1 2 4 0 0 3 0 0 4 0 1 4
   3 3 1 0 5 5 2 2 2 1 5 5 1 5 4 2 3 3 1 4 2 4 0 5 5 5 4 5 1 5 5 2 3 1 1
   1 4 5 3 4 5 0 5 4 2 4 0 0 4 5 0 4 0 5 0 1 3 5 5 0 1 4 5 0 0 2 2 3 2 1
   4 4 0 2 1 1 4 0 4 0 0 5 3 1 5 2]
  [0 1 2 2 4 5 3 0 0 0 3 0 4 3 2 1 0 2 1 0 0 3 1 3 5 4 3 3 3 1 5 0 5 0 3
   0 2 1 3 1 3 1 0 4 5 5 1 1 5 5 1 0 2 1 0 3 0 0 5 4 5 2 3 4 1 0 0 5 0 5
   0 1 5 0 2 5 0 0 3 2 2 5 4 5 2 0 4 2 4 1 3 3 1 2 4 1 1 4 3 2 0 0 0 0 0
   4 3 2 0 5 4 3 3 0 2 0 4 3 2 3 2]
  [0 5 3 5 4 3 1 2 0 2 1 2 4 5 3 4 5 4 3 3 2 2 5 4 5 5 1 1 4 5 3 2 4 0 0
   2 3 1 3 5 4 5 3 2 3 0 0 4 3 0 1 0 3 4 0 2 1 2 0 5 1 5 5 0 3 0 4 3 4 1
   3 2 1 3 0 2 1 0 0 4 0 1 5 2 2 0 4 1 2 4 1 4 3 3 3 2 5 2 1 4 5 2 3 5 0
   4 2 0 3 0 5 0 1 2 2 2 2 3 4 2 4]
  [0 4 0 4 3 3 3 3 3 4 1 5 5 3 2 4 5 1 0 1 1 4 4 5 1 0 1 3 1 1 0 5 3 4 2
   0 3 3 0 4 5 5 5 3 3 5 5 1 0 1 1 2 2 4 4 3 3 1 2 1 0 5 2 5 0 0 5 2 2 2
   5 4 0 4 1 3 3 4 0 1 2 4 3 5 2 0 1 0 1 2 3 0 0 0 3 1 5 4 0 3 5 4 4 3 0
   5 5 1 4 3 5 4 0 4 2 4 5 5 1 0 4]
  [0 4 3 2 0 5 1 1 0 2 2 2 1 1 3 2 0 0 2 3 0 0 4 5 0 3 2 0 3 2 4 3 0 2 2
   5 0 1 5 3 4 5 4 3 4 1 5 3 2 1 5 5 5 2 2 1 1 2 4 5 4 3 3 2 3 1 2 2 4 5
   0 4 1 0 3 5 3 3 3 0 4 5 1 4 5 0 4 4 1 5 2 0 4 4 2 5 4 3 0 1 4 2 3 0 0
   5 4 0 2 4 2 1 4 1 3 3 1 4 0 0 0]
  [0 5 1 1 5 4 2 1 5 4 1 1 5 2 2 3 5 0 4 5 4 2 0 1 1 2 2 1 5 3 5 5 4 0 1
   2 1 0 2 1 0 3 1 2 4 1 2 4 0 0 3 0 4 1 4 0 3 3 2 5 1 3 5 0 2 0 0 5 2 0
   4 2 3 2 0 1 0 5 5 5 0 0 3 2 4 1 4 5 5 4 0 3 5 2 3 4 2 4 3 4 4 0 5 4 3
   5 0 5 1 5 4 4 2 4 1 4 3 4 2 3 3]
  [0 3 3 4 1 4 2 1 1 4 1 1 0 3 5 3 3 0 4 5 0 5 3 2 3 3 0 5 2 4 1 2 5 5 3
   1 0 0 0 3 1 3 5 0 3 5 4 1 3 0 1 2 0 2 4 5 1 3 1 5 3 2 1 4 0 2 2 0 2 5
   5 2 5 5 4 0 3 1 2 0 1 0 5 5 2 0 0 3 2 4 1 5 3 4 2 2 1 1 1 4 3 3 3 0 0
   3 1 1 1 1 0 5 2 5 2 2 3 5 4 0 4]
  [0 1 3 3 5 2 3 1 0 1 0 4 4 3 5 0 2 3 2 1 4 3 2 4 2 0 1 2 1 4 1 4 0 2 4
   0 2 1 5 0 3 3 2 2 1 5 5 4 2 5 3 5 1 3 3 5 5 3 2 2 0 1 3 2 1 5 3 0 2 5
   0 4 0 3 3 1 1 3 0 1 1 5 2 0 3 4 3 2 3 2 0 3 3 0 3 2 1 2 0 0 4 4 3 1 4
   3 5 4 5 4 0 5 0 3 0 0 4 0 1 5 3]
  [0 4 1 1 3 2 3 3 3 1 5 3 5 4 1 5 3 5 1 0 4 0 5 5 3 1 0 1 1 1 2 5 4 5 3
   0 5 5 2 5 0 3 5 1 5 5 0 4 5 0 5 5 0 0 2 5 5 2 0 2 5 0 1 1 1 3 2 0 2 1
   2 5 4 2 1 0 3 5 4 0 1 0 5 3 1 2 2 4 0 4 3 3 1 0 1 3 5 1 0 2 4 3 3 1 2
   5 0 0 4 4 3 4 1 0 3 0 5 3 2 3 2]
  [0 2 3 1 2 4 1 1 5 1 5 2 4 2 0 5 0 4 3 3 3 5 5 3 2 4 5 1 2 0 0 3 0 0 5
   5 1 5 4 5 3 0 5 4 3 1 4 3 2 1 5 2 0 4 2 0 1 2 0 5 3 3 3 0 2 4 2 4 3 0
   4 4 2 4 4 1 2 0 5 1 1 0 2 5 0 0 1 4 1 0 0 5 4 4 3 2 5 3 0 5 1 1 1 0 0
   1 5 3 0 2 2 2 0 2 4 2 4 5 5 0 4]
  [0 2 2 0 3 1 5 4 0 3 0 1 2 0 3 5 2 5 1 1 0 2 4 2 2 4 4 1 5 2 4 2 4 5 3
   4 5 1 3 5 2 1 0 0 4 5 1 4 5 2 5 2 3 0 2 5 5 5 0 0 3 2 0 5 0 0 5 0 5 4
   0 1 4 5 5 0 3 3 1 0 3 3 2 5 3 3 5 5 2 4 0 3 3 3 5 0 3 5 4 1 1 0 4 0 4
   2 0 5 5 5 3 1 3 3 0 5 2 1 3 5 2]
  [0 0 5 2 3 0 2 1 3 1 4 3 1 1 4 2 4 1 5 4 5 5 4 2 5 1 4 3 3 0 5 0 0 4 1
   4 4 1 3 0 2 0 2 0 2 1 4 2 0 2 1 3 1 3 4 4 5 3 0 2 3 1 2 2 3 1 5 3 0 0
   4 5 0 1 2 0 5 4 2 4 1 2 2 5 2 0 5 1 3 2 4 4 3 3 1 3 4 4 1 0 5 5 2 2 4
   1 5 5 5 2 4 0 2 0 5 2 4 0 3 5 3]
  [0 0 5 1 3 2 5 1 5 3 5 1 3 3 4 1 1 5 2 1 2 0 1 5 2 4 5 2 1 1 1 1 1 2 3
   5 1 0 1 3 2 1 5 4 0 4 2 0 0 3 3 0 1 5 2 1 0 4 3 5 0 1 5 3 1 4 1 2 4 4
   0 1 1 1 3 2 1 0 1 2 2 2 2 2 0 2 2 2 2 4 3 2 5 3 4 5 4 5 0 5 2 2 5 5 5
   1 5 5 1 5 1 0 1 3 3 0 4 5 5 0 4]
  [0 5 1 4 4 3 3 2 2 2 5 1 5 4 4 0 4 0 3 3 5 3 1 5 5 3 4 3 4 2 2 3 0 2 2
   2 3 4 2 1 4 0 2 2 3 0 0 5 5 4 2 0 0 1 3 2 2 2 4 3 5 3 1 1 3 5 1 5 4 1
   5 5 0 5 3 1 5 1 5 4 1 5 3 4 3 3 2 2 5 5 5 3 4 1 1 3 4 2 0 5 4 3 3 1 0
   0 0 3 0 2 4 2 5 5 0 4 4 2 3 3 0]
  [0 2 0 0 2 3 3 1 3 2 3 3 3 4 1 1 5 0 0 4 2 0 1 4 4 1 0 2 2 2 4 0 1 2 2
   0 1 3 3 4 2 3 1 1 1 5 0 4 2 2 4 1 4 2 4 4 1 4 0 3 3 4 3 2 1 3 3 5 0 1
   3 0 3 1 2 4 0 1 4 2 1 4 5 5 5 0 5 0 1 4 3 2 3 1 0 4 1 5 5 4 0 3 0 3 5
   4 3 1 0 4 1 3 3 4 1 0 0 3 2 5 2]
  [0 5 3 4 5 3 4 0 5 2 4 1 2 3 3 2 4 1 1 0 5 2 0 4 0 1 4 0 1 3 3 4 4 4 0
   1 5 3 2 2 1 2 1 1 4 5 4 0 1 0 2 3 5 4 5 2 1 0 5 5 3 0 0 0 2 4 1 3 4 3
   2 2 3 5 2 5 3 0 1 3 2 2 1 4 0 1 5 5 0 2 3 3 3 2 1 5 3 1 5 4 1 1 4 4 2
   2 3 0 2 0 3 0 2 1 3 5 3 0 0 5 5]
  [0 0 2 0 5 3 4 0 0 0 4 5 1 3 0 1 0 2 4 2 1 0 4 4 0 5 3 2 3 4 3 0 0 1 5
   3 1 1 2 5 0 0 4 5 0 0 3 3 0 1 3 1 3 2 5 1 5 4 2 1 2 1 3 3 4 4 4 2 3 4
   3 3 3 0 0 1 5 5 2 2 0 1 0 3 5 4 5 5 2 0 3 5 1 4 2 3 0 5 0 3 3 0 2 4 2
   2 5 5 0 1 3 0 0 4 4 4 3 3 3 2 3]
  [0 0 5 1 3 0 1 4 4 2 4 1 4 0 1 1 5 1 1 0 3 4 2 5 1 1 5 2 1 2 5 3 4 3 1
   3 4 1 5 3 0 1 2 2 1 0 3 4 5 0 4 5 4 4 0 4 5 1 3 4 0 4 3 1 4 0 1 5 1 4
   0 4 4 5 3 2 3 0 5 1 3 1 3 2 5 0 4 5 3 4 1 4 2 0 4 4 3 1 5 5 2 5 2 5 1
   4 0 4 3 5 2 1 0 3 4 0 2 4 3 4 1]
  [0 2 4 1 4 3 1 2 5 0 0 5 2 0 4 1 3 0 2 0 4 4 1 0 2 0 2 0 5 4 4 0 3 3 5
   1 2 2 4 1 2 3 5 2 3 5 1 2 3 3 0 0 3 3 2 5 3 0 1 1 0 0 4 3 1 3 4 1 2 3
   0 1 4 1 1 4 5 4 1 5 0 0 1 0 4 3 5 0 2 2 2 1 1 2 2 4 0 3 2 1 0 2 2 0 1
   2 4 2 2 4 5 1 2 2 3 5 4 2 3 4 4]
  [0 5 3 3 2 0 2 2 3 5 1 4 5 0 3 0 2 3 3 2 3 4 4 3 3 3 2 3 3 4 4 4 3 1 4
   0 1 1 3 3 3 2 0 1 4 5 4 0 0 0 3 0 1 1 3 2 5 0 4 2 5 0 2 1 2 4 5 5 3 1
   0 5 4 5 3 1 2 4 0 4 3 4 3 1 5 2 1 2 5 2 4 3 2 2 2 4 3 3 2 1 4 2 2 4 5
   4 3 2 4 2 4 2 4 4 0 3 0 4 3 1 4]
  [0 0 3 2 1 5 2 4 3 0 4 5 3 4 3 0 1 5 3 2 3 1 4 4 0 2 4 4 3 5 2 0 2 5 2
   4 2 2 5 3 0 0 4 3 3 2 4 1 1 2 2 3 0 2 5 5 0 1 3 4 1 2 0 4 1 5 1 2 3 3
   2 2 2 2 1 0 2 0 1 5 2 1 3 3 0 4 0 3 1 1 4 0 0 0 0 0 0 0 3 1 1 0 2 2 3
   2 0 3 2 0 3 0 2 2 2 0 1 2 0 1 4]
  [0 4 1 5 4 0 3 1 1 3 3 4 1 1 4 4 5 4 1 4 1 5 0 4 3 0 4 0 0 5 0 4 1 3 5
   1 4 0 3 4 5 0 4 0 2 5 3 5 5 1 2 4 0 0 3 1 3 4 1 4 4 3 4 0 2 4 4 2 0 1
   2 2 0 4 0 0 0 0 4 4 2 5 4 2 4 0 0 2 3 0 0 4 0 1 5 2 2 0 4 4 0 3 3 3 5
   2 0 1 3 4 3 1 5 1 2 2 2 1 4 2 0]
  [0 1 1 2 2 0 2 5 2 5 4 2 1 0 3 3 4 3 0 3 5 4 4 2 5 1 4 3 1 2 5 4 5 3 0
   2 1 3 2 2 2 3 3 5 2 0 5 1 1 0 1 0 2 5 0 5 4 4 2 5 2 5 5 4 0 5 3 4 5 0
   5 5 1 1 4 4 5 3 1 4 5 0 4 3 4 3 5 1 2 1 2 2 0 5 5 0 1 3 4 1 0 3 0 2 3
   3 2 2 4 0 1 0 0 5 1 0 4 3 2 2 5]
  [0 0 5 4 0 4 0 0 0 3 2 1 5 5 4 4 1 4 4 0 4 2 3 4 3 5 0 5 4 2 1 4 1 1 5
   3 4 4 1 0 0 4 4 4 1 4 0 1 5 1 5 2 1 5 0 0 0 4 2 3 3 1 1 0 4 1 4 1 4 4
   0 1 3 4 0 1 5 4 3 2 4 1 3 2 2 1 2 4 0 4 1 5 1 0 2 0 1 5 5 1 0 4 1 2 4
   0 2 5 2 3 4 4 2 5 1 2 0 0 5 4 1]
  [0 5 3 5 3 4 5 5 3 2 2 1 1 2 2 0 3 2 3 2 0 0 4 3 5 1 0 0 0 1 1 3 1 5 2
   2 0 3 0 5 1 0 4 1 3 4 3 5 0 1 5 1 3 2 0 3 0 1 3 0 0 4 5 2 0 0 3 3 4 0
   3 4 4 1 4 1 1 4 3 2 3 5 2 0 0 5 1 2 1 4 5 3 3 4 0 0 2 1 2 0 1 5 3 5 0
   2 5 2 4 1 3 4 0 3 2 0 4 2 0 3 1]
  [0 1 4 4 0 0 5 5 2 3 0 0 4 1 4 3 5 0 4 2 4 1 5 1 0 2 4 3 1 2 5 1 5 5 2
   4 4 2 0 2 3 3 3 2 1 4 3 2 3 0 4 2 0 4 3 0 5 0 2 0 3 2 5 4 0 1 0 3 5 2
   1 5 4 3 3 3 5 1 1 5 1 5 0 1 0 0 2 4 4 4 0 1 2 5 4 4 3 2 0 4 5 2 1 2 0
   0 3 5 3 4 0 3 1 5 3 2 1 3 3 2 2]
  [0 0 4 1 3 2 3 3 1 0 5 0 1 1 0 2 3 2 3 2 5 5 5 2 2 2 0 4 4 1 4 2 0 3 0
   0 4 0 4 1 1 2 0 3 2 5 3 4 2 5 0 0 4 4 3 3 4 1 0 5 3 5 4 0 5 1 4 3 5 4
   4 1 0 5 5 0 3 4 3 0 5 5 4 4 1 5 1 2 1 5 1 3 3 1 2 1 2 0 5 2 1 5 0 4 0
   4 1 4 2 0 0 3 2 3 0 4 4 5 3 5 3]
  [0 5 1 1 0 0 5 0 2 2 0 4 3 1 1 1 0 0 1 5 1 4 2 4 0 2 2 0 5 3 0 1 4 1 3
   3 1 0 2 5 3 3 3 4 1 1 0 0 0 2 2 0 0 5 5 1 5 0 1 0 4 3 4 5 1 3 3 1 3 3
   4 3 5 4 4 3 2 4 2 2 1 2 0 3 2 3 4 0 4 0 4 3 3 1 3 1 5 3 1 0 3 0 1 2 0
   4 0 2 0 2 3 1 1 2 0 0 3 5 3 5 3]
  [0 5 3 3 1 0 0 0 1 2 4 4 3 4 2 4 2 3 1 1 5 5 3 4 0 0 4 4 3 3 2 5 4 2 3
   1 0 1 1 3 2 5 5 4 3 2 4 1 4 3 5 1 3 4 5 0 1 1 0 0 0 4 0 5 1 2 3 3 1 0
   3 5 3 2 5 2 5 4 5 5 3 2 3 5 3 4 0 2 5 4 2 0 5 1 0 2 3 0 5 4 3 3 2 3 3
   0 3 5 4 1 2 3 3 2 3 1 1 3 2 1 3]
  [0 0 1 2 2 3 2 0 2 3 0 1 2 5 4 5 2 3 1 3 2 2 3 1 5 0 1 3 2 2 1 3 3 1 2
   3 5 2 4 3 2 5 1 0 0 0 3 3 0 3 2 1 5 3 0 1 3 4 4 3 5 0 3 4 1 2 2 4 2 2
   3 4 1 3 0 0 0 1 3 5 1 0 1 0 4 2 0 2 2 2 0 1 4 2 0 3 3 5 2 2 1 2 1 4 5
   2 3 0 1 0 2 5 1 2 1 3 4 4 3 1 3]
  [0 2 3 4 2 0 1 1 3 5 3 4 4 5 1 0 4 0 1 4 0 0 3 3 4 4 2 1 5 4 5 0 4 5 0
   3 0 5 5 1 2 0 4 2 0 4 0 3 0 4 5 4 3 4 0 2 3 1 1 1 3 1 0 4 0 3 5 2 5 2
   4 4 4 2 1 4 1 1 5 4 1 2 5 2 4 0 3 1 5 2 3 2 4 1 4 0 0 3 3 1 1 2 0 0 4
   4 3 5 1 2 5 4 4 2 5 0 0 3 0 4 2]
  [0 3 2 3 0 1 3 0 0 1 2 4 5 3 2 2 5 1 4 1 1 2 3 3 3 5 0 0 2 5 4 1 1 4 0
   5 1 1 5 0 2 4 2 2 5 4 3 4 3 4 2 0 2 3 1 2 1 1 3 1 2 1 3 0 5 3 4 4 2 3
   5 5 4 0 4 2 0 4 1 0 0 1 1 3 0 5 0 1 3 0 2 1 4 4 0 0 5 5 2 1 0 1 2 0 4
   4 0 5 2 0 2 4 0 0 2 0 1 0 3 3 5]
  [0 2 3 0 2 4 3 2 2 2 5 0 4 1 4 4 0 5 5 0 0 2 2 0 1 2 3 1 1 2 2 5 4 3 1
   5 3 2 0 2 3 3 4 1 1 3 0 5 5 2 2 0 5 2 5 4 1 1 1 4 0 0 4 1 0 2 0 0 5 5
   4 2 5 0 3 0 1 0 4 3 3 4 2 2 2 3 1 1 5 4 3 1 1 0 4 0 5 3 1 4 0 5 4 5 2
   1 1 5 0 4 2 0 4 3 1 1 1 5 1 2 0]
  [0 3 5 4 1 0 0 1 2 0 5 5 2 4 0 2 2 5 3 2 1 2 1 0 0 1 0 5 3 0 3 1 0 0 0
   4 3 4 5 2 4 1 0 5 2 4 1 2 2 5 3 2 3 5 0 2 1 1 5 3 0 4 1 3 2 0 5 2 4 5
   5 2 1 0 3 3 5 5 1 2 3 4 2 3 4 4 4 2 0 4 0 0 2 4 2 4 2 5 1 4 2 4 4 3 4
   3 3 0 3 4 4 4 5 1 1 0 0 5 4 1 0]
  [0 2 2 5 5 0 2 4 5 0 0 4 5 4 4 0 5 0 2 0 1 5 5 0 2 3 1 5 2 3 3 5 0 4 0
   2 5 5 2 5 5 1 1 0 4 5 2 4 3 0 5 0 5 5 3 2 1 3 2 5 3 2 4 0 3 0 0 0 3 4
   4 4 3 3 1 3 0 1 4 4 2 3 1 5 3 5 1 4 1 1 0 4 2 3 4 1 3 3 5 0 5 5 1 4 2
   3 0 1 3 4 5 4 1 2 0 2 3 0 2 0 1]
  [0 4 0 1 3 1 0 0 2 0 1 5 2 3 1 5 5 4 3 1 4 4 0 3 5 0 0 5 3 3 5 3 0 0 4
   4 1 3 4 3 5 5 3 2 0 0 0 3 1 2 1 0 5 4 1 5 5 3 3 4 2 0 3 4 3 2 5 0 3 4
   2 0 1 1 3 3 3 1 0 5 2 0 4 4 3 3 3 4 5 5 3 3 2 3 5 3 1 1 4 4 0 1 0 4 0
   2 0 0 4 5 5 2 4 1 4 0 3 4 3 2 3]
  [0 0 1 0 3 3 2 1 4 5 4 5 4 1 3 4 2 1 5 4 3 4 5 3 0 5 2 1 5 2 2 1 4 1 5
   5 5 0 3 2 4 5 5 5 4 2 3 1 2 2 1 2 5 5 5 0 1 4 4 1 0 2 2 2 4 2 3 0 0 1
   1 0 5 0 0 0 3 2 4 5 1 2 4 5 3 5 1 0 5 3 0 4 4 4 0 4 3 1 4 3 2 1 0 5 2
   4 1 2 4 2 3 0 2 3 0 3 3 3 5 4 3]
  [0 4 2 1 3 0 3 2 1 2 3 4 3 5 5 3 4 4 3 4 3 1 0 1 1 2 4 2 2 4 5 2 5 3 3
   2 3 2 1 0 3 5 2 0 2 2 5 1 1 3 0 4 0 2 2 5 3 1 5 0 0 3 0 4 2 1 0 3 0 0
   0 4 3 3 1 2 2 2 2 2 4 4 1 2 5 0 3 4 5 4 1 5 4 5 1 2 4 0 1 1 1 3 4 2 5
   5 4 1 1 2 0 1 3 1 3 2 1 3 5 0 5]
  [0 1 5 3 0 5 2 4 5 0 2 0 2 0 5 5 2 3 1 3 3 3 2 1 2 3 4 1 1 0 5 1 3 4 1
   1 0 3 5 0 0 0 3 0 1 0 4 0 3 2 0 5 4 4 3 5 3 2 3 5 1 1 0 5 2 3 1 1 1 2
   0 3 2 0 4 3 2 4 4 2 0 2 5 3 1 2 3 4 1 4 3 3 0 2 4 5 3 5 3 5 2 2 0 4 1
   5 5 2 5 0 2 4 3 3 4 4 4 0 4 3 3]
  [0 1 2 4 5 0 3 4 0 1 4 5 5 2 0 4 1 2 4 4 5 0 1 0 0 4 4 2 4 0 1 3 2 1 1
   3 3 1 0 2 2 3 0 4 3 2 5 1 2 3 4 3 3 5 2 2 2 2 0 4 0 4 3 2 5 0 0 3 4 1
   1 0 4 0 4 3 5 5 0 0 2 3 4 1 0 5 2 1 4 4 4 2 5 2 0 5 4 5 3 4 1 0 2 4 4
   3 5 5 3 4 1 5 5 4 4 5 4 3 0 1 0]
  [0 1 5 4 4 4 5 3 3 3 1 1 2 1 0 2 0 4 3 2 3 3 2 2 0 3 0 5 2 4 5 3 5 5 1
   5 5 4 3 2 2 4 3 5 3 4 4 1 3 3 4 2 1 2 4 5 5 0 4 0 2 2 2 2 5 1 5 1 3 2
   5 0 0 4 4 1 3 2 0 1 0 1 3 3 0 5 3 3 3 5 4 0 1 5 2 0 1 0 3 0 4 4 3 4 5
   4 0 4 4 2 1 4 4 1 3 2 4 1 0 3 5]
  [0 4 1 3 0 0 0 3 5 1 1 0 5 3 2 1 2 5 0 3 5 0 0 2 5 1 4 4 4 2 3 0 1 0 1
   2 5 1 3 2 3 3 5 0 1 4 5 4 3 5 3 2 5 2 4 4 0 0 4 2 0 5 4 0 0 5 2 5 2 3
   0 2 5 0 4 0 4 3 3 2 0 4 3 3 2 3 3 5 3 1 4 1 5 0 0 4 4 0 4 2 3 5 4 4 2
   3 5 4 0 2 0 0 0 5 3 0 1 3 3 2 2]
  [0 0 1 2 5 5 0 5 1 1 3 5 4 1 3 4 2 4 0 2 5 0 3 2 1 3 3 1 2 2 5 3 1 5 2
   3 0 5 1 2 2 0 2 3 4 2 1 0 1 0 1 3 1 0 2 2 4 4 5 5 2 5 4 4 0 4 5 2 5 1
   2 3 2 2 0 3 2 3 1 5 4 5 1 3 4 4 5 0 0 1 1 0 1 2 2 1 2 1 4 3 1 2 5 4 0
   2 3 5 0 4 2 2 5 5 4 0 2 2 5 3 1]
  [0 5 0 4 2 3 5 4 2 2 4 1 2 1 2 4 2 4 1 3 4 5 1 5 3 2 0 5 2 0 1 0 5 3 4
   2 3 2 2 3 4 4 3 3 4 5 5 4 5 3 1 2 4 2 5 5 1 3 4 4 5 2 2 3 2 3 2 4 4 5
   5 3 0 1 4 0 2 5 5 0 1 1 5 5 3 2 3 5 4 4 2 3 3 0 1 5 2 3 3 4 0 0 4 0 2
   3 2 0 0 1 3 0 0 5 4 0 1 4 1 0 3]
  [0 3 5 2 3 1 0 3 5 5 1 2 0 4 0 2 5 2 3 0 1 0 4 2 1 5 4 3 5 2 5 5 2 0 5
   5 0 4 3 4 0 4 3 4 1 5 5 1 3 0 4 5 4 4 5 0 3 1 2 4 0 1 2 3 0 4 0 1 1 1
   2 0 2 1 0 3 0 4 5 1 4 0 1 1 1 4 4 1 5 5 3 0 4 5 1 5 0 3 2 2 2 5 0 5 4
   0 0 4 2 5 0 4 2 1 2 1 3 5 2 5 0]
  [0 4 1 2 1 5 4 5 3 5 4 2 5 4 1 1 5 4 3 0 4 3 4 4 1 5 1 4 5 4 2 3 1 2 0
   4 0 4 5 4 4 4 0 3 0 2 5 2 4 4 3 5 2 5 4 5 5 1 5 5 1 4 4 5 2 5 2 3 1 3
   0 1 1 0 4 5 1 0 5 2 2 1 0 5 2 0 1 3 4 0 0 3 4 4 0 3 4 4 3 2 3 5 1 4 4
   4 5 1 1 2 2 3 1 3 4 0 0 2 1 5 4]
  [0 0 2 4 4 1 5 1 2 0 5 3 3 3 0 5 0 0 5 1 5 4 4 4 2 2 1 0 1 5 3 3 4 2 5
   3 5 1 4 5 5 5 4 5 2 3 2 2 4 3 3 0 5 0 0 5 4 4 3 5 0 3 5 5 0 2 4 5 4 4
   1 2 0 0 0 4 3 1 0 5 4 3 2 3 5 3 5 0 1 5 5 2 2 2 1 4 1 0 5 5 5 4 1 0 5
   3 1 0 4 5 2 4 3 3 4 5 2 2 0 1 2]
  [0 5 0 1 0 0 0 4 2 5 0 4 4 2 4 4 1 4 0 4 3 5 4 3 3 0 1 0 2 3 4 1 1 4 3
   0 4 4 1 3 0 1 1 3 1 0 1 4 1 0 5 5 1 0 4 1 1 5 4 3 4 1 4 4 4 5 1 2 4 3
   2 5 3 3 1 2 4 2 4 0 4 3 2 0 0 5 4 3 3 1 3 4 5 1 0 0 4 4 2 1 0 5 1 4 2
   2 3 5 4 0 4 3 1 2 5 1 3 4 3 3 2]
  [0 1 0 4 4 1 0 4 1 1 4 0 2 1 0 3 0 0 3 4 1 1 1 2 5 1 1 4 4 1 0 3 4 2 0
   4 4 5 4 5 4 4 3 0 1 3 5 1 5 5 5 2 0 0 4 3 5 5 0 3 1 1 3 4 1 1 0 2 2 5
   0 1 1 1 3 3 4 1 0 2 0 0 0 5 1 4 1 2 4 0 3 1 4 1 3 4 0 2 1 3 3 2 2 3 0
   4 5 5 1 3 5 5 3 4 2 3 2 3 0 2 4]
  [0 1 0 4 0 1 2 0 4 0 3 1 5 5 3 5 5 0 5 4 2 3 2 3 5 1 3 3 1 4 3 4 1 2 1
   5 2 0 2 5 1 4 4 5 1 5 2 4 2 3 2 2 4 5 4 0 1 5 2 4 3 5 5 0 2 1 4 2 0 1
   3 4 1 1 0 2 1 2 0 0 1 0 5 2 1 1 2 3 2 5 1 5 2 5 3 1 3 1 4 4 2 5 1 4 5
   3 4 1 1 4 1 5 2 3 5 1 3 3 1 1 0]
  [0 0 5 1 5 3 4 1 5 0 1 4 0 5 0 4 1 4 3 5 2 0 4 1 5 0 4 1 5 3 3 3 4 0 1
   3 3 0 0 0 3 5 5 4 1 4 1 0 4 0 5 0 4 5 3 0 3 1 2 4 5 5 4 4 0 1 3 0 1 1
   2 4 0 3 5 0 2 5 0 2 4 2 0 1 3 5 0 1 3 1 5 4 1 1 0 0 3 4 1 2 2 1 0 0 0
   3 5 0 2 5 2 3 1 1 5 0 4 3 3 1 1]
  [0 2 2 0 0 4 2 5 1 1 5 1 4 1 3 5 0 5 5 3 5 5 0 5 2 3 0 2 2 4 4 4 0 2 4
   5 5 0 3 3 1 5 2 4 0 4 1 1 0 3 0 3 0 3 3 0 0 3 1 1 4 5 2 3 2 4 4 4 1 3
   3 4 5 0 4 2 4 4 0 1 5 4 0 0 4 3 0 0 1 5 0 2 3 0 2 5 5 0 4 2 2 2 3 5 5
   1 3 2 0 5 2 2 3 3 0 4 2 2 3 0 4]
  [0 2 3 1 1 4 1 1 4 3 2 4 0 3 4 2 1 5 1 1 1 2 0 4 1 4 5 4 4 4 1 5 1 1 1
   0 3 1 3 3 5 4 2 5 1 2 3 3 2 3 3 2 0 5 1 0 5 5 3 2 4 1 1 1 3 3 5 4 1 1
   0 3 3 2 5 0 0 0 3 1 0 3 3 0 0 5 4 4 5 5 0 0 2 0 0 3 2 5 4 1 1 1 1 4 0
   3 1 0 2 2 2 2 2 1 0 3 3 2 1 4 4]
  [0 2 5 1 1 2 2 5 3 0 1 5 4 5 3 2 0 3 0 1 3 2 0 2 3 3 1 2 5 4 1 0 4 1 4
   1 3 0 5 0 5 2 1 1 2 5 4 3 3 4 2 2 2 2 4 2 3 4 2 3 1 4 2 3 4 0 1 3 3 2
   5 3 2 1 2 0 1 0 4 3 3 5 0 4 2 0 1 5 0 0 2 4 3 3 3 3 0 3 0 3 0 2 0 3 2
   1 1 0 5 0 2 1 2 5 4 0 2 3 5 5 5]
  [0 4 5 3 0 1 1 1 2 2 2 2 0 2 1 4 2 5 3 4 0 2 5 0 1 0 5 3 4 0 0 5 1 5 0
   4 5 4 1 0 5 1 1 0 3 4 4 5 0 3 2 5 3 4 0 0 2 0 3 5 4 3 1 4 4 4 3 3 4 0
   0 3 0 2 1 4 2 1 1 0 4 1 1 1 1 0 0 2 1 1 4 5 1 2 4 1 2 0 5 5 2 1 4 3 4
   2 2 2 2 1 5 0 1 1 5 5 2 2 3 3 5]
  [0 5 2 1 4 0 5 4 1 0 5 5 5 3 1 4 2 2 4 5 2 5 4 4 4 1 5 1 1 1 5 2 4 5 2
   0 1 0 3 3 3 4 5 5 3 1 5 0 1 4 3 1 2 0 2 3 4 2 2 3 5 4 2 4 3 5 2 1 3 5
   4 2 3 4 0 1 4 0 5 1 1 1 5 1 0 5 5 0 3 4 2 3 5 4 2 3 3 1 1 0 1 3 5 0 2
   5 5 4 1 1 2 3 1 5 4 5 2 0 5 5 5]
  [0 4 1 5 3 0 2 2 4 2 3 1 4 0 3 5 3 3 0 0 3 0 3 2 3 3 0 4 2 3 0 0 2 1 0
   5 0 4 1 1 5 0 4 4 1 0 4 0 5 2 1 0 5 0 1 4 5 5 4 3 1 2 4 3 1 5 2 1 1 1
   2 4 2 2 5 0 4 4 4 5 0 2 4 0 3 4 3 2 0 0 4 0 0 2 1 0 2 4 2 2 4 1 0 5 0
   3 3 5 3 5 0 5 1 3 3 2 2 4 2 0 3]
  [0 5 2 0 5 3 0 3 1 5 4 0 0 0 5 4 3 1 5 0 3 0 2 0 3 3 4 0 3 5 5 3 1 3 0
   2 1 0 2 3 0 5 5 5 5 2 2 2 3 0 4 2 5 5 2 2 1 3 2 1 3 5 4 5 1 5 1 5 0 4
   5 1 3 4 2 1 5 2 4 4 3 0 3 0 5 1 2 2 1 0 3 0 2 5 2 3 2 5 4 5 1 2 2 1 1
   4 3 2 5 5 1 5 5 0 4 1 5 4 2 0 1]
  [0 2 2 2 4 1 1 0 2 4 0 5 1 5 4 2 3 3 3 3 4 5 2 4 4 1 4 2 3 0 4 3 2 0 0
   2 1 2 2 0 1 0 5 2 1 3 3 4 1 1 4 3 4 5 3 1 5 1 5 0 4 2 1 2 4 1 2 5 3 0
   4 3 1 4 4 0 4 1 0 3 1 1 5 0 5 2 3 3 4 5 0 2 2 3 2 0 5 3 0 4 3 4 4 1 5
   5 3 4 3 0 5 1 0 5 5 4 4 3 5 4 2]
  [0 3 1 2 1 4 1 0 5 5 5 1 2 1 4 1 3 1 5 1 5 4 2 1 5 1 3 4 1 5 0 4 0 5 5
   5 5 1 2 4 5 3 5 3 0 0 2 1 3 0 4 0 1 4 4 0 1 2 5 1 2 1 2 5 3 3 0 2 2 0
   4 5 4 4 2 3 4 4 2 1 5 0 0 3 3 0 2 5 1 2 4 0 4 4 2 0 1 3 2 0 0 4 2 5 1
   2 4 3 5 2 2 0 4 2 4 4 5 3 2 2 3]
  [0 0 1 0 5 0 2 3 4 1 3 3 5 2 1 4 2 4 0 5 1 4 1 0 0 2 0 0 4 3 3 2 1 4 4
   2 3 3 4 5 4 3 5 2 0 0 2 3 0 2 1 3 0 2 3 2 1 2 1 3 5 2 4 3 1 1 0 5 3 3
   0 2 3 5 0 0 2 0 3 1 1 4 0 2 4 5 4 2 4 3 0 2 0 2 3 0 1 3 4 3 5 4 4 4 4
   0 5 0 2 4 1 2 5 3 4 0 4 1 3 2 5]
  [0 4 2 4 2 0 0 1 0 5 4 0 4 5 5 1 1 5 4 5 4 2 3 1 1 3 2 5 5 3 2 2 1 1 3
   0 1 5 4 1 0 1 3 2 3 2 4 5 5 5 2 3 4 4 0 0 5 2 5 3 3 2 0 1 0 4 3 2 5 5
   1 4 1 2 3 2 4 4 4 3 4 1 0 0 2 1 1 2 5 5 3 1 0 0 5 3 1 0 1 5 0 1 2 1 1
   2 4 5 1 3 3 1 3 2 4 4 2 3 4 1 0]
  [0 1 4 2 0 3 0 5 2 5 3 1 4 1 5 4 0 4 3 5 0 0 4 5 0 5 5 0 1 0 1 4 0 0 0
   0 4 2 0 2 2 2 0 1 2 4 5 5 3 1 4 0 5 2 0 1 3 4 2 2 5 0 4 3 5 2 1 4 3 4
   5 0 4 5 2 5 5 1 2 2 5 0 2 3 2 5 3 0 5 2 0 4 1 0 0 0 1 3 0 5 5 5 0 0 3
   4 4 2 2 0 1 5 2 4 2 3 3 2 5 0 3]
  [0 4 1 3 3 4 4 2 5 3 3 5 0 1 2 5 4 3 5 1 0 2 1 1 0 0 3 1 2 3 2 5 0 4 0
   0 4 4 2 1 4 0 2 5 5 2 4 4 3 0 2 5 0 4 2 2 2 5 0 5 0 3 4 4 4 1 1 0 1 5
   4 2 4 1 1 2 4 0 5 2 3 1 1 0 0 1 3 5 3 0 0 0 2 0 1 0 0 0 5 2 3 1 1 5 0
   5 4 1 1 3 4 0 1 5 3 3 5 3 0 3 5]
  [0 5 0 4 3 2 5 2 0 5 1 4 1 0 1 0 1 5 0 3 5 3 2 5 4 3 3 3 2 2 3 5 3 2 0
   5 4 1 4 5 4 5 5 3 0 3 2 1 0 4 0 4 1 1 1 5 2 1 3 4 3 3 5 4 1 3 0 3 2 4
   3 2 3 5 3 0 4 3 4 4 0 0 5 0 0 0 0 3 1 0 4 4 4 0 1 0 0 4 2 3 1 1 0 5 5
   4 3 3 1 4 3 3 5 4 0 4 2 2 5 0 0]
  [0 1 2 0 3 1 1 4 0 4 2 3 3 3 0 2 1 5 3 0 2 5 1 0 3 3 2 1 2 2 3 1 2 3 4
   1 0 3 5 0 4 4 5 3 4 1 4 4 2 0 5 2 3 5 1 1 3 0 4 5 3 0 2 5 3 5 4 1 1 0
   3 2 2 3 2 3 1 4 5 0 4 5 0 0 2 4 0 5 1 0 1 0 2 2 1 3 0 0 1 3 2 5 2 4 4
   0 4 3 5 3 4 2 2 0 4 0 2 1 4 1 2]
  [0 0 4 3 2 4 3 5 4 5 0 5 3 0 2 0 5 4 4 1 3 5 2 0 4 2 0 2 0 3 4 2 2 5 5
   1 5 4 1 4 5 5 2 1 4 1 5 1 5 4 1 0 5 3 3 0 1 5 5 0 1 0 0 5 0 1 4 2 2 4
   4 0 3 0 5 0 2 3 5 5 2 1 1 5 3 5 0 1 4 3 2 5 5 2 2 3 5 1 0 2 5 1 4 2 2
   0 0 5 4 2 3 4 3 1 2 4 5 3 0 5 5]
  [0 0 4 2 5 2 0 1 3 0 2 4 0 5 0 5 2 3 1 0 5 2 0 0 3 0 3 1 5 3 1 5 2 1 5
   1 4 4 5 5 3 3 4 0 5 4 0 3 2 3 0 0 4 5 5 4 4 5 2 5 5 3 3 2 2 3 3 1 5 1
   5 2 0 4 5 2 2 3 1 1 4 5 1 1 2 2 1 2 1 4 1 4 4 2 1 4 5 3 3 0 3 2 0 1 3
   3 3 4 1 1 3 1 3 1 4 3 4 4 0 4 3]
  [0 2 1 4 1 4 3 1 3 2 1 2 4 3 2 0 3 5 0 5 0 1 5 0 3 4 4 2 3 3 5 2 4 2 0
   5 0 4 0 2 4 0 5 5 4 4 1 1 0 0 1 2 5 4 4 1 1 4 5 4 3 3 4 3 3 3 2 2 0 2
   5 0 0 5 4 4 1 5 4 0 3 0 2 1 5 4 0 2 4 0 0 5 3 5 4 4 1 3 5 3 0 1 1 3 2
   5 0 2 0 2 0 4 5 5 1 0 5 3 5 4 3]
  [0 4 4 1 0 0 5 2 3 0 0 2 4 4 1 4 5 0 4 4 2 1 2 3 0 1 2 5 0 2 2 4 3 0 0
   0 2 3 3 1 1 3 4 2 1 3 2 0 5 1 0 2 2 3 2 3 3 3 1 1 0 1 2 2 2 5 1 2 4 0
   4 2 4 0 0 1 1 2 2 0 0 3 1 4 2 1 3 1 5 2 4 2 1 4 2 0 4 3 3 4 4 0 0 1 5
   2 3 2 2 3 2 4 3 5 4 5 5 0 4 0 0]
  [0 2 2 1 1 0 3 3 4 4 5 4 1 0 5 3 0 3 4 4 2 0 0 2 2 2 0 5 1 4 2 3 3 5 3
   3 3 0 1 4 0 5 0 3 5 2 0 0 4 4 4 3 4 5 5 2 5 3 2 2 0 5 3 1 2 2 4 1 5 0
   3 3 3 2 2 4 5 2 2 3 2 0 0 3 0 3 3 1 4 2 1 4 5 3 1 5 5 1 0 4 3 2 0 5 5
   4 1 5 3 4 5 3 1 4 0 4 1 0 4 5 3]
  [0 1 3 3 5 4 2 0 2 4 5 1 0 4 1 3 1 0 5 0 3 2 2 2 4 0 3 2 2 3 4 4 4 1 1
   0 4 4 3 0 1 2 2 2 4 5 5 2 1 2 4 3 1 2 3 1 1 3 3 3 2 1 4 0 4 4 3 4 1 1
   3 1 3 5 4 0 2 5 4 3 3 0 1 3 0 4 5 4 1 1 2 2 1 5 0 5 1 3 5 0 5 1 4 0 0
   5 4 0 1 3 3 1 0 2 1 0 0 5 2 3 2]
  [0 3 1 5 1 2 0 0 5 3 1 0 1 5 5 2 5 1 2 3 1 2 1 0 5 5 5 2 4 0 2 3 5 0 5
   1 3 4 0 0 0 1 1 5 3 2 2 4 5 3 3 3 2 1 1 5 5 1 3 1 1 1 1 5 4 2 3 5 4 3
   5 1 1 3 2 1 2 4 5 0 0 5 2 3 5 5 2 1 1 3 1 1 3 5 2 2 3 4 1 4 2 1 2 3 0
   3 4 4 5 0 1 0 2 1 5 5 3 1 0 1 4]
  [0 2 5 4 4 1 4 3 4 0 4 2 0 0 5 2 5 4 5 3 1 2 3 2 2 3 2 2 2 3 3 2 0 0 2
   0 1 3 5 0 5 4 0 1 4 0 3 2 2 0 0 3 0 2 3 2 1 1 4 4 4 3 5 2 1 4 4 1 2 5
   0 3 2 4 5 5 3 2 2 2 4 5 0 2 4 0 4 5 3 5 3 4 4 0 0 5 2 2 4 1 1 5 5 1 4
   0 0 1 5 1 0 3 1 0 4 1 4 2 4 2 2]
  [0 2 4 3 1 0 4 1 4 1 1 3 1 0 4 1 1 0 4 4 4 0 1 1 5 4 1 2 4 2 0 2 3 3 0
   1 3 1 5 2 3 3 2 4 2 3 1 3 5 4 2 1 1 0 2 5 4 1 4 4 4 5 3 4 0 1 0 5 3 0
   4 1 0 4 4 5 5 0 0 4 1 3 1 5 3 2 4 1 1 3 5 3 1 0 3 2 3 3 5 3 3 3 5 0 0
   3 0 4 2 3 5 4 0 4 4 5 4 4 4 5 4]
  [0 5 0 3 2 0 2 5 4 5 4 5 5 2 3 2 5 0 0 2 5 4 2 0 2 0 3 1 4 5 4 1 4 3 0
   3 2 3 4 3 2 4 3 4 2 4 1 4 2 4 0 5 3 1 4 4 4 1 0 4 4 4 3 3 3 0 3 1 2 4
   4 1 5 5 1 1 1 3 4 3 4 2 4 0 3 3 0 2 5 5 5 0 2 5 1 1 3 3 0 1 3 0 4 2 1
   4 0 0 5 4 5 4 0 2 1 5 0 1 2 2 3]
  [0 0 5 0 1 3 0 1 0 1 0 0 2 2 0 4 2 1 4 3 1 4 4 1 3 1 2 2 1 0 5 2 1 5 5
   3 0 4 0 3 2 0 0 4 1 2 1 2 5 0 2 2 3 0 3 5 0 5 2 0 5 5 0 2 0 0 2 2 3 2
   1 2 4 3 2 2 1 5 5 5 4 2 4 0 3 2 3 1 4 1 2 2 5 2 2 5 4 2 3 1 5 5 4 5 5
   4 5 1 0 5 5 5 2 5 4 3 1 2 4 5 3]
  [0 3 4 2 4 4 1 1 5 2 4 4 2 4 0 1 1 0 0 4 4 2 0 5 2 4 3 4 3 1 2 4 5 1 5
   1 2 0 1 2 4 0 0 4 2 2 5 0 2 3 4 3 3 3 0 5 2 5 2 5 0 4 5 1 5 2 0 4 5 1
   4 2 3 2 1 2 0 2 4 2 3 1 3 5 5 2 3 0 0 1 3 5 1 0 3 3 1 4 1 1 2 4 3 4 2
   2 4 1 4 0 0 2 1 1 5 4 1 5 3 1 0]
  [0 5 3 3 1 5 2 3 0 3 4 1 5 0 3 2 4 4 2 0 0 1 4 2 1 5 4 2 2 3 2 2 5 3 2
   3 1 0 0 0 3 3 5 0 3 4 5 2 3 1 4 1 0 4 0 5 1 5 2 3 1 5 1 1 1 2 4 1 0 5
   0 4 3 4 4 4 3 5 5 1 0 3 1 0 2 3 4 2 1 1 5 5 1 3 1 1 1 2 3 1 4 5 3 4 4
   0 5 1 4 1 0 0 4 0 1 5 1 5 5 5 1]
  [0 4 2 4 4 1 5 5 4 4 5 5 5 3 1 4 2 0 0 4 4 1 2 2 0 3 4 5 2 3 2 0 0 5 3
   2 4 2 2 5 2 2 2 5 1 5 3 3 3 3 4 1 2 0 4 4 3 5 2 1 3 0 4 1 2 0 3 2 2 2
   4 0 1 3 4 3 2 4 4 2 4 1 5 1 4 1 5 2 0 2 0 2 4 3 2 2 0 2 2 2 2 5 2 4 1
   4 1 2 1 1 1 0 5 1 1 4 5 0 3 5 5]
  [0 5 1 5 4 1 5 4 2 0 4 2 0 4 1 5 3 5 1 4 3 1 3 1 4 3 0 0 3 5 5 2 0 1 5
   0 2 3 4 1 5 1 0 1 3 0 5 5 0 3 3 5 2 4 3 2 1 1 0 3 2 3 1 2 5 3 3 3 2 3
   4 2 0 3 4 1 2 0 3 4 4 4 5 5 3 2 3 5 2 0 3 2 5 3 1 4 1 0 4 4 2 1 3 1 4
   4 1 0 3 1 5 5 0 1 1 4 1 0 0 4 3]
  [0 5 0 2 5 0 3 3 0 2 5 4 1 1 5 4 1 1 0 1 3 5 1 4 0 2 3 5 2 4 2 4 2 5 4
   1 4 0 5 5 2 2 0 0 3 3 5 5 5 5 0 4 3 5 0 2 3 5 3 2 2 5 5 0 2 5 5 1 3 5
   4 0 0 3 1 4 0 1 1 4 0 1 4 4 5 3 3 2 4 1 4 0 1 2 4 0 3 0 1 2 2 2 2 0 3
   5 4 2 5 1 4 3 5 0 4 2 1 2 3 5 0]
  [0 4 1 4 0 1 1 3 0 0 3 1 0 2 1 2 3 1 1 3 2 1 2 0 0 5 2 3 0 1 5 4 0 3 3
   2 4 1 4 1 2 3 0 0 0 5 1 1 1 2 4 0 3 3 4 1 0 5 3 0 1 4 4 2 2 0 4 0 3 4
   3 0 5 4 1 2 0 1 0 1 5 0 3 0 0 0 5 2 1 3 1 3 4 1 2 2 3 3 3 2 5 1 3 3 5
   1 4 4 1 0 4 1 5 1 0 5 1 3 4 3 3]
  [0 4 5 3 3 5 4 1 0 0 5 3 0 2 1 2 3 3 0 5 1 4 5 1 3 0 2 4 4 0 1 2 2 2 2
   2 1 3 0 5 5 0 2 4 1 4 0 4 2 5 3 4 1 0 2 1 3 1 2 0 5 3 5 0 3 1 2 1 0 5
   2 4 5 5 3 5 0 1 2 4 0 1 5 4 5 4 4 0 5 2 4 0 1 4 5 2 5 3 4 3 1 3 0 2 3
   5 1 4 3 2 5 4 3 1 1 0 3 5 0 2 2]
  [0 0 5 0 1 1 2 3 5 5 2 5 4 4 0 1 5 5 2 5 5 4 3 3 4 3 0 0 1 2 0 1 2 3 5
   2 4 0 3 1 3 3 2 0 1 5 3 5 5 1 4 5 2 0 1 4 3 0 1 0 4 2 4 4 0 2 1 3 0 0
   0 0 5 5 1 5 0 0 2 1 4 1 5 4 5 1 4 0 1 1 3 4 0 0 4 4 5 5 4 2 1 1 3 4 2
   4 3 5 5 3 2 0 5 5 2 4 0 3 3 3 0]
  [0 0 3 1 3 5 5 3 2 0 5 1 4 4 5 3 3 4 2 4 5 4 2 4 0 2 3 2 3 3 2 5 0 1 5
   3 2 5 5 4 5 5 3 3 1 5 3 5 1 4 4 2 2 0 5 1 1 4 3 3 4 0 2 1 0 2 1 4 5 1
   3 3 4 3 4 5 1 5 3 2 0 1 4 1 5 0 3 0 5 0 5 1 5 3 0 0 5 5 5 2 5 0 3 5 0
   4 4 4 5 0 0 4 4 2 0 4 1 0 1 5 1]
  [0 3 2 3 0 5 1 4 5 4 0 3 0 3 4 4 2 1 3 3 2 5 4 1 3 0 4 1 4 0 5 2 2 3 2
   5 5 2 4 4 2 4 5 2 0 4 0 0 0 0 3 3 1 0 2 4 4 0 5 5 3 0 0 1 4 0 1 1 2 4
   4 5 5 5 1 5 1 1 5 4 5 1 3 4 3 5 0 4 2 1 0 2 3 2 0 3 3 0 5 5 5 0 3 4 2
   4 0 2 3 4 4 4 1 1 1 2 1 1 0 1 1]
  [0 3 2 1 1 0 1 5 1 5 5 1 2 3 5 5 1 2 3 2 4 3 0 0 5 1 4 5 4 4 1 3 3 2 5
   2 1 1 0 1 1 1 1 0 3 1 4 3 1 5 3 4 1 3 1 1 5 5 5 3 0 5 5 0 3 1 3 5 1 5
   2 4 5 5 4 4 5 5 2 1 1 3 3 3 5 0 0 5 0 1 0 4 1 5 4 2 3 3 5 3 4 5 0 3 5
   4 1 1 2 0 0 1 4 1 3 4 0 4 0 0 5]
  [0 4 3 2 0 3 0 3 4 1 4 4 2 0 5 5 3 2 3 3 4 4 3 3 2 1 3 2 2 1 0 0 0 4 2
   1 5 4 2 3 3 2 5 0 4 1 1 1 5 0 4 5 4 2 3 0 4 5 4 3 1 5 4 1 3 5 3 3 1 5
   0 5 1 5 3 1 3 0 4 1 5 1 1 4 3 0 3 5 3 5 0 3 5 2 1 3 5 3 3 5 0 1 3 3 3
   1 3 3 3 1 0 0 4 1 3 3 0 3 4 3 0]]

 [[0 0 1 4 0 3 5 4 3 0 5 5 5 1 2 5 0 1 1 2 1 3 1 3 3 3 3 4 1 5 4 2 1 5 5
   4 4 2 5 4 2 3 0 0 5 0 3 5 4 3 2 3 0 0 0 4 4 2 5 3 1 5 2 3 5 1 2 2 2 4
   2 5 3 3 4 2 1 0 2 1 3 3 3 0 2 5 4 5 2 5 0 4 5 3 4 5 3 1 4 2 3 1 1 2 4
   0 1 4 3 5 0 4 4 1 5 5 4 1 0 2 2]
  [0 0 2 0 0 5 5 4 0 2 3 3 5 3 3 4 1 4 4 3 2 3 3 2 5 4 2 2 0 0 2 2 5 5 0
   4 0 2 4 3 3 0 3 1 4 1 4 3 4 1 5 3 3 1 3 1 1 4 1 2 5 5 2 2 4 3 0 2 0 1
   5 4 2 3 3 0 2 1 3 3 5 4 3 0 5 1 3 2 1 1 0 4 3 2 2 4 3 5 4 4 0 0 2 1 0
   0 5 3 5 1 1 4 0 2 5 0 4 1 4 4 0]
  [0 4 0 2 4 2 4 5 3 2 5 4 1 0 1 5 3 3 0 1 0 4 4 2 2 0 3 3 2 1 1 1 5 3 2
   2 0 0 5 4 0 0 3 5 0 1 4 1 4 3 3 3 3 2 3 3 3 3 4 1 1 3 4 4 4 4 1 5 3 4
   1 4 4 0 1 4 3 5 4 4 2 2 2 0 1 1 0 5 0 0 0 1 2 5 0 3 5 0 0 5 1 0 2 5 3
   4 5 1 3 3 2 2 5 0 0 4 1 1 5 5 5]
  [0 4 1 0 5 0 3 5 1 4 1 1 4 4 2 1 1 4 1 2 2 1 0 3 0 0 5 0 5 0 4 1 5 5 0
   1 4 5 3 2 3 3 3 4 0 2 5 3 3 1 5 2 0 3 5 3 0 2 5 4 3 1 5 4 3 3 4 3 5 2
   2 5 3 0 4 5 2 3 1 3 5 3 1 4 4 1 0 3 4 0 3 4 5 5 3 5 3 3 5 0 3 5 2 2 0
   5 2 1 0 0 1 0 4 5 1 0 1 4 0 0 5]
  [0 0 4 0 0 2 0 0 5 5 0 3 2 4 4 4 2 0 2 0 2 0 2 2 3 1 0 2 0 0 2 2 5 3 5
   1 5 0 1 0 4 3 1 3 2 0 2 1 4 3 5 1 1 5 0 0 3 4 4 3 0 3 3 1 0 3 4 3 1 2
   2 3 3 4 5 1 0 4 0 0 4 5 1 1 1 1 3 3 2 3 4 0 2 2 4 2 3 4 1 5 4 4 0 1 4
   1 3 1 4 4 1 0 4 3 4 0 5 4 0 1 5]
  [0 5 4 5 5 0 0 3 3 5 1 3 0 3 4 3 3 2 4 4 3 0 2 5 4 0 1 2 3 4 2 5 1 4 1
   2 3 1 3 4 5 2 4 1 2 4 0 4 1 0 1 4 4 5 1 3 0 5 0 3 2 0 3 3 4 1 3 2 4 4
   1 1 3 3 0 0 1 3 5 5 2 3 0 3 4 2 3 5 1 0 4 2 0 5 5 4 2 2 5 0 0 2 5 0 3
   0 2 2 0 0 0 5 2 0 4 3 1 1 1 2 2]
  [0 3 2 4 2 5 0 0 1 3 2 4 4 1 4 3 5 1 0 2 5 4 5 3 0 1 1 4 5 5 0 5 4 3 5
   0 0 5 0 2 2 1 2 0 2 4 2 3 3 0 5 4 4 2 5 3 5 0 4 2 4 5 3 3 5 3 5 2 0 3
   4 5 0 0 3 2 4 4 5 1 0 5 2 0 1 4 2 1 4 3 3 4 5 1 4 1 2 1 4 1 0 3 2 4 5
   5 0 0 1 0 2 5 3 2 4 0 2 2 0 4 1]
  [0 0 1 2 2 0 4 0 3 4 0 0 0 0 1 5 4 3 0 3 5 4 1 0 3 2 2 2 5 3 0 2 4 3 5
   1 0 4 2 2 3 3 1 4 4 0 4 2 4 3 2 2 5 0 4 0 1 1 2 3 2 1 3 3 1 4 0 3 0 1
   3 3 5 4 0 2 5 1 5 3 5 5 2 4 1 5 0 3 5 3 4 4 1 0 4 1 4 4 4 5 2 4 5 0 4
   5 2 1 4 3 5 4 0 3 3 3 2 0 0 4 2]
  [0 4 4 3 5 1 5 0 0 1 4 2 0 2 0 1 5 1 1 1 3 2 5 3 0 3 1 1 5 4 0 4 0 4 1
   2 4 1 0 3 0 4 3 2 2 5 2 5 3 4 4 2 4 2 5 0 0 4 3 2 3 3 0 5 2 1 3 2 3 3
   1 2 5 5 2 1 0 4 3 0 2 5 0 4 3 1 5 1 4 5 2 1 5 5 0 1 0 3 0 0 4 4 2 3 0
   5 3 4 0 1 4 2 1 4 2 5 5 1 4 1 2]
  [0 4 1 5 4 0 4 5 2 0 2 3 4 5 1 3 3 4 4 0 2 5 1 3 1 2 1 1 5 0 3 5 3 5 3
   5 0 4 4 4 4 1 2 3 5 0 0 3 5 4 4 4 1 1 2 2 1 2 1 1 4 3 0 2 1 5 4 4 4 3
   0 5 0 2 5 1 2 1 2 0 4 2 0 5 3 5 3 5 3 0 4 3 1 5 4 4 5 0 1 3 5 5 4 3 0
   0 5 4 1 3 2 2 3 3 2 5 1 5 2 0 1]
  [0 0 4 2 0 0 0 5 0 0 0 5 3 3 0 0 5 5 1 5 2 3 1 2 4 5 4 1 5 1 4 5 2 4 0
   1 2 3 4 4 4 0 5 2 2 3 3 2 4 4 2 2 5 3 5 2 5 5 0 4 1 2 5 4 0 5 0 0 4 3
   0 0 3 4 2 1 5 1 2 3 4 4 1 4 5 2 4 3 3 4 4 3 0 0 3 4 4 0 2 3 4 5 2 5 2
   5 2 4 0 2 5 2 5 1 1 0 1 3 5 2 3]
  [0 1 4 3 4 0 1 5 5 4 5 0 0 3 1 4 1 0 0 4 5 1 2 4 1 4 4 3 3 0 2 0 5 2 4
   1 4 0 1 0 5 0 1 3 4 0 5 5 5 1 4 1 4 5 5 5 5 0 5 3 0 5 2 0 1 4 2 0 2 1
   0 5 5 5 5 3 2 5 0 3 3 3 1 1 5 1 5 5 4 1 5 3 1 2 2 2 4 4 2 2 3 5 3 0 5
   4 5 0 4 5 5 5 0 5 4 0 3 4 0 5 2]
  [0 4 4 1 1 3 5 4 5 2 3 3 0 2 4 1 1 1 0 4 2 3 1 1 0 1 2 4 1 4 0 1 1 5 2
   0 4 3 1 1 3 1 1 4 3 0 3 3 5 4 1 2 0 2 3 5 4 2 5 4 2 1 3 4 1 5 5 1 0 2
   0 5 0 0 0 0 3 1 2 2 0 2 3 0 0 4 1 3 2 3 3 3 2 5 1 4 3 5 1 4 4 2 0 1 3
   4 0 2 3 4 0 2 2 4 0 2 5 3 1 2 4]
  [0 3 4 1 0 5 1 1 3 3 2 1 2 0 5 2 0 5 5 2 3 2 5 0 2 1 3 4 2 2 5 4 5 1 2
   1 0 2 3 0 4 1 0 4 4 5 2 1 3 4 4 0 0 4 0 4 0 3 1 3 5 4 5 5 1 3 3 1 1 4
   1 0 3 0 1 3 3 0 3 3 2 2 4 2 2 4 4 4 2 4 1 1 2 1 0 3 1 1 1 5 5 3 5 0 1
   0 5 1 2 1 4 5 2 2 5 4 5 0 4 5 2]
  [0 4 0 1 4 2 2 3 2 1 5 5 0 2 0 4 5 4 4 1 2 5 0 3 0 3 4 0 3 5 2 0 3 1 5
   4 1 4 2 5 1 1 4 0 0 3 3 4 4 1 4 2 1 3 1 3 2 2 5 4 5 3 2 2 3 2 0 1 0 4
   0 2 2 1 2 4 0 2 0 5 4 4 5 3 3 4 5 4 1 4 1 2 1 3 1 2 2 0 1 0 2 2 1 5 3
   3 0 3 5 3 2 0 1 3 1 4 2 3 1 1 5]
  [0 5 2 4 5 1 0 2 1 0 1 0 1 0 3 0 1 1 4 4 2 1 4 0 1 1 3 2 4 0 0 4 4 4 2
   1 2 1 0 0 2 4 3 3 2 5 3 0 1 2 2 0 2 4 4 5 3 0 4 0 4 1 5 5 2 5 5 3 2 0
   3 4 1 5 0 3 4 0 5 3 4 5 2 4 4 2 3 3 2 2 1 3 0 5 0 1 5 2 3 4 0 5 0 2 5
   2 5 5 3 0 0 2 3 0 2 2 1 5 0 3 1]
  [0 1 1 0 0 1 3 2 3 5 5 5 2 1 3 3 0 0 5 5 2 1 3 3 5 4 4 2 2 4 1 4 4 5 0
   1 3 5 2 0 1 4 1 0 5 2 3 1 5 5 4 2 4 0 5 0 4 3 0 4 5 1 0 2 3 0 4 0 2 3
   5 1 2 5 3 0 2 3 2 0 5 3 4 1 5 5 2 5 4 4 1 3 4 2 2 5 2 0 5 1 3 5 5 5 4
   3 2 3 3 4 0 2 0 1 3 0 5 4 2 2 5]
  [0 4 3 4 1 1 4 3 5 2 0 2 2 4 3 1 2 0 1 5 4 0 2 0 0 5 4 3 5 0 2 3 4 3 2
   4 2 5 3 5 0 3 0 4 4 0 5 5 2 1 0 4 5 2 3 0 1 4 2 3 4 3 4 2 3 3 2 2 2 0
   3 3 3 4 5 2 5 4 4 0 1 4 3 1 4 5 5 5 2 1 4 1 1 5 3 4 5 0 1 3 3 1 0 0 4
   2 2 2 0 3 1 1 0 5 5 2 2 1 4 1 2]
  [0 0 1 1 0 0 4 2 3 4 4 1 0 2 2 2 3 1 0 1 2 0 5 5 0 3 5 1 3 0 4 4 1 0 2
   0 0 2 4 1 0 5 5 2 3 5 4 2 5 1 3 5 1 2 3 1 0 1 4 1 2 2 4 0 5 3 2 2 3 1
   0 1 5 5 5 1 4 4 1 2 2 1 0 5 5 0 0 3 1 0 5 4 5 1 1 0 3 0 5 3 4 0 2 1 3
   1 4 5 0 5 4 4 0 3 1 2 5 5 5 1 5]
  [0 3 1 1 2 3 4 1 1 2 4 4 1 1 4 5 1 4 3 0 3 2 0 0 4 3 5 2 1 4 4 3 3 3 4
   3 5 5 0 0 0 2 3 4 3 4 1 4 3 0 3 1 2 3 5 3 1 1 2 1 0 3 0 4 4 1 4 5 3 4
   4 1 1 4 3 2 0 0 2 5 4 4 2 5 1 3 1 2 5 3 1 0 1 3 4 1 5 5 0 1 0 1 0 3 5
   0 2 5 4 5 1 1 1 1 0 2 4 1 2 3 0]
  [0 0 0 0 2 5 0 5 0 5 3 4 4 5 0 5 4 2 3 5 0 4 4 2 0 0 0 1 1 1 5 0 1 5 5
   3 3 0 4 5 1 2 0 3 5 5 3 0 4 2 1 3 3 2 5 2 1 2 2 2 4 1 4 2 2 0 3 2 2 1
   5 4 4 4 2 0 0 1 3 1 4 5 2 1 2 5 3 4 4 4 2 3 3 3 2 3 1 3 0 0 2 5 4 1 5
   0 5 0 3 4 2 0 0 0 0 0 1 1 1 4 3]
  [0 0 0 5 5 0 3 5 0 4 3 3 5 1 5 1 4 5 3 2 2 0 1 3 0 2 0 3 4 3 5 2 1 3 4
   1 2 0 0 1 3 5 4 2 0 1 5 4 4 2 3 4 0 4 4 0 0 4 4 5 1 0 1 1 5 0 5 4 3 2
   5 3 1 3 5 0 3 5 4 3 2 4 5 2 5 5 1 2 5 4 4 2 1 1 4 0 1 2 1 4 2 2 3 0 1
   4 1 1 5 0 2 2 2 4 2 4 2 4 5 3 4]
  [0 4 4 3 3 3 3 3 1 1 4 2 1 4 1 1 0 4 4 1 1 3 0 4 0 2 3 3 1 5 1 1 1 0 0
   1 0 4 0 4 3 4 4 1 3 0 0 2 0 2 0 1 1 2 1 3 5 2 5 0 4 3 2 0 3 4 2 0 3 1
   3 5 2 3 3 0 1 2 5 5 5 1 0 3 5 2 5 2 0 2 4 0 5 4 1 0 2 1 0 1 1 1 1 1 5
   2 4 5 1 1 5 3 2 3 5 2 2 4 1 1 2]
  [0 2 4 3 5 4 3 2 3 1 2 4 0 3 4 2 3 5 2 0 2 1 1 0 1 0 1 0 5 3 5 3 4 3 3
   3 3 1 4 4 5 0 4 1 0 5 5 0 2 5 3 1 1 5 2 3 4 4 5 5 3 2 1 4 4 0 1 3 3 5
   4 3 4 2 5 2 5 4 4 5 1 3 5 2 3 5 5 2 1 1 2 3 3 1 0 5 2 5 2 0 1 5 3 1 4
   5 5 0 0 5 5 5 4 1 4 5 5 1 0 0 2]
  [0 5 3 4 1 5 2 5 2 5 3 5 0 3 4 2 5 1 0 4 0 0 5 0 0 1 2 5 0 5 3 3 1 1 3
   5 1 2 4 2 5 2 1 5 2 1 4 2 3 4 1 5 0 4 5 1 0 4 5 0 4 1 0 4 3 5 1 3 1 1
   0 0 1 4 4 0 3 4 5 4 5 2 3 0 0 5 3 5 5 3 2 5 1 5 1 3 4 2 4 0 1 2 5 1 1
   2 0 5 4 5 1 5 2 3 0 4 4 4 0 2 3]
  [0 4 3 4 5 2 2 2 1 0 4 1 1 4 1 0 1 2 4 1 4 4 2 0 4 0 4 3 3 0 0 0 1 2 5
   1 1 1 0 5 1 0 0 3 2 5 4 5 1 1 4 0 2 1 5 3 0 4 4 2 3 2 5 3 2 5 5 2 4 0
   3 2 4 1 0 3 5 5 1 5 2 3 0 1 5 2 1 5 1 2 0 5 3 0 0 5 5 5 4 5 0 0 3 5 3
   5 0 3 4 5 2 3 2 2 1 1 4 3 0 3 3]
  [0 4 2 2 4 3 2 2 3 2 0 2 4 4 0 0 3 1 4 2 0 2 0 5 2 4 0 3 5 1 0 5 4 4 0
   1 0 2 5 0 0 4 2 3 2 0 4 3 1 1 3 5 2 1 5 5 0 1 3 0 2 1 1 2 5 2 1 2 3 0
   4 2 3 2 0 1 4 5 3 3 4 4 3 4 4 4 5 4 5 3 3 5 0 2 3 0 4 5 4 3 0 3 1 3 0
   0 2 2 4 4 3 0 3 5 1 0 4 4 4 0 5]
  [0 5 0 2 3 0 2 4 5 2 3 4 4 2 1 5 5 2 4 1 4 2 5 1 2 3 2 0 3 3 1 1 1 0 4
   1 5 2 1 1 0 3 4 5 2 5 5 3 3 2 3 2 1 1 3 0 5 4 5 0 1 3 1 1 1 3 4 2 4 5
   4 5 0 0 0 5 3 5 1 5 5 2 4 1 5 0 2 0 4 3 1 4 3 4 1 1 5 3 3 0 5 5 5 0 1
   5 0 0 1 3 5 4 0 2 3 3 1 2 4 4 0]
  [0 4 0 4 4 0 2 0 2 1 3 0 4 4 2 3 0 4 4 3 5 2 2 1 0 3 3 2 0 0 5 2 3 2 1
   1 4 3 0 4 5 0 3 2 3 3 2 3 3 3 2 1 4 2 3 3 1 5 5 4 3 4 5 3 1 1 2 4 1 4
   0 3 2 3 5 1 2 2 3 2 3 2 5 3 1 4 4 5 3 0 4 1 3 2 5 5 4 5 3 1 3 0 0 1 3
   5 4 1 2 0 2 2 4 0 0 2 1 5 1 5 1]
  [0 3 0 0 2 1 4 3 0 4 0 2 4 2 5 0 5 2 5 5 0 0 0 5 2 4 1 2 0 0 1 4 4 1 2
   3 1 1 4 0 3 0 3 5 0 0 1 1 0 1 4 5 4 5 1 1 3 3 3 3 3 2 4 3 1 0 0 4 2 1
   1 3 3 1 5 2 0 0 0 5 1 3 4 2 0 3 0 2 4 5 4 0 0 0 5 0 2 5 3 0 3 4 3 5 3
   2 0 1 5 4 3 0 3 5 2 1 5 5 1 0 2]
  [0 4 1 5 1 0 3 3 4 3 4 5 5 1 0 5 0 3 5 2 1 2 1 1 4 3 3 0 2 1 0 5 4 4 1
   4 5 2 2 4 0 3 0 0 0 1 3 4 3 1 1 5 1 5 4 2 1 4 5 1 2 4 0 5 4 4 0 3 3 3
   4 4 1 0 4 1 3 3 5 3 1 1 2 4 2 3 3 0 1 2 3 2 5 5 3 1 5 1 0 2 1 5 0 3 4
   1 5 2 5 5 4 5 4 1 3 3 3 4 4 3 0]
  [0 4 0 3 4 1 0 3 2 5 4 3 3 3 3 4 5 2 3 2 3 2 4 4 4 3 1 3 0 3 3 0 2 0 0
   2 0 2 0 4 0 2 0 5 1 1 0 4 5 5 2 1 2 4 0 3 3 4 4 3 2 5 3 3 1 4 3 1 2 1
   5 5 2 1 2 3 0 0 3 5 3 1 3 0 4 1 5 2 1 2 4 0 2 1 1 0 0 0 3 4 5 5 0 2 2
   1 4 3 5 2 5 3 3 2 4 2 4 3 5 4 3]
  [0 1 2 0 1 5 0 5 0 5 5 5 0 0 3 5 2 4 1 5 2 5 0 3 2 2 5 1 0 2 3 2 0 0 2
   2 4 1 1 3 2 2 3 5 5 0 5 1 4 2 0 0 5 2 4 1 4 1 1 0 4 0 1 5 2 1 1 3 5 2
   1 5 5 0 5 5 5 5 3 0 3 2 1 3 1 0 4 2 2 1 0 3 0 4 3 0 5 5 5 3 2 0 1 1 2
   4 2 0 5 1 0 4 5 1 5 0 3 2 2 2 3]
  [0 5 4 1 3 5 1 1 2 1 2 3 5 4 1 3 3 0 5 5 2 3 3 3 5 4 0 0 3 2 5 0 4 0 2
   1 1 4 4 4 2 1 0 1 5 4 3 1 5 4 5 1 0 1 3 0 5 1 1 4 3 1 1 0 1 4 4 3 2 4
   5 1 5 2 1 5 1 2 4 5 3 0 0 3 1 3 1 5 3 4 2 0 1 2 1 1 3 4 0 2 3 5 5 2 3
   4 5 5 3 5 4 2 0 5 0 0 3 2 4 2 2]
  [0 5 4 2 0 0 3 0 1 1 5 3 5 5 0 3 0 1 0 1 5 0 5 4 2 5 2 0 0 3 3 3 3 5 0
   1 5 2 2 2 5 1 4 1 4 3 2 1 2 5 5 4 3 5 1 1 2 2 1 5 4 2 4 5 1 2 2 4 1 2
   0 1 4 5 4 5 0 1 5 5 3 1 3 5 5 1 4 5 0 3 5 1 0 4 3 4 1 3 0 4 0 3 1 5 2
   5 4 1 5 1 4 0 1 1 5 3 4 5 0 3 0]
  [0 3 2 0 2 5 0 0 4 2 2 2 4 0 4 2 5 1 4 2 3 1 2 2 0 1 3 1 5 1 3 5 3 4 3
   0 0 2 2 5 4 0 5 0 2 3 1 0 4 4 1 3 1 3 5 2 3 1 1 2 0 4 2 4 2 4 1 4 3 3
   0 3 0 5 1 3 2 0 0 5 3 1 1 3 0 0 0 5 0 0 3 2 4 4 0 4 0 0 3 1 5 3 5 5 5
   1 5 1 3 0 2 1 2 2 5 4 0 5 4 0 1]
  [0 1 5 5 2 5 1 2 1 4 5 1 4 4 3 3 5 0 1 5 2 1 3 0 3 2 4 2 1 1 1 0 2 0 1
   5 0 3 2 1 1 1 5 3 5 2 5 3 0 1 5 3 0 4 3 4 1 2 3 0 4 5 3 0 5 4 1 5 3 3
   2 0 5 3 0 3 4 2 1 5 1 5 3 1 5 3 2 4 2 3 0 4 0 4 0 5 1 4 4 4 5 2 4 3 3
   2 3 3 0 3 2 5 3 1 3 1 2 1 4 1 1]
  [0 2 1 5 2 2 1 2 5 0 1 0 5 4 3 3 3 1 0 2 2 0 4 4 2 3 1 0 0 0 4 0 5 3 4
   2 5 0 2 0 3 4 3 2 5 3 3 0 0 4 2 4 2 0 3 0 0 3 5 2 0 5 4 1 0 0 0 1 5 1
   0 0 4 1 5 1 0 4 4 4 4 0 3 0 2 0 3 2 0 4 5 5 3 3 0 0 3 1 3 0 3 4 4 4 2
   3 3 0 4 4 2 4 5 2 0 0 5 5 2 5 3]
  [0 0 4 4 2 5 5 2 2 4 2 3 3 0 4 3 2 0 3 2 3 0 4 2 4 1 2 2 0 3 0 0 5 5 3
   2 5 3 0 3 4 0 2 3 5 5 5 4 1 2 4 0 0 4 2 3 5 3 2 1 5 2 1 0 4 1 2 3 4 0
   5 0 0 0 3 5 3 1 5 4 5 1 5 2 2 3 0 1 4 3 2 1 2 0 1 3 2 4 3 2 3 4 5 5 0
   3 2 0 5 0 2 2 4 0 2 4 1 1 5 4 0]
  [0 4 0 2 5 0 4 5 2 2 2 0 4 3 5 3 3 5 0 5 1 3 5 0 2 1 5 1 3 0 5 2 2 2 3
   3 5 4 2 0 3 0 0 0 1 0 0 0 5 2 0 4 3 2 4 3 4 3 5 1 2 2 0 5 2 0 1 0 1 4
   4 1 0 4 2 5 1 0 3 1 5 3 2 5 4 2 2 0 5 2 0 5 2 1 2 0 0 1 0 3 5 5 3 4 0
   3 3 0 3 4 4 5 0 2 3 1 0 4 2 4 0]
  [0 4 4 3 5 5 3 0 4 3 3 4 1 2 5 5 0 0 0 0 4 3 4 1 1 4 1 3 2 1 5 2 3 1 5
   0 4 3 5 4 0 0 3 3 1 2 1 2 5 2 1 2 3 4 4 1 1 1 2 1 0 2 5 0 0 1 1 2 2 0
   4 4 0 5 2 3 0 0 2 0 4 1 3 1 4 1 3 5 0 3 3 1 1 4 2 4 0 0 4 3 4 2 1 5 4
   4 0 2 0 0 5 4 5 1 4 4 1 3 1 2 2]
  [0 1 2 4 1 2 3 3 4 4 2 2 4 0 1 4 4 3 5 4 4 2 3 2 5 0 5 3 2 2 3 2 5 2 1
   2 4 3 4 0 4 0 2 3 4 5 4 3 0 5 2 2 1 3 2 3 3 0 3 5 3 3 4 3 4 3 1 4 5 5
   2 0 4 3 1 4 3 0 0 3 2 4 3 4 1 4 3 2 2 2 5 1 3 5 0 0 5 5 1 4 1 4 1 4 2
   5 2 2 4 3 0 2 4 0 5 5 5 3 4 5 1]
  [0 0 3 1 4 4 2 5 1 5 2 4 3 4 4 5 4 4 2 2 2 5 3 1 2 1 3 3 0 0 0 0 4 5 1
   3 5 0 2 0 1 0 0 3 3 5 5 3 0 0 1 5 1 3 5 5 1 5 0 5 2 3 4 2 0 0 1 3 2 2
   4 2 4 0 4 5 2 5 5 5 3 4 2 5 1 5 4 3 0 1 3 0 4 3 2 1 3 3 3 0 4 4 5 5 0
   1 5 5 5 1 0 5 2 4 4 2 1 1 4 4 1]
  [0 5 2 4 3 4 5 0 1 4 1 0 3 5 2 3 0 5 0 3 2 4 0 2 3 3 5 4 3 3 3 4 4 1 2
   2 3 0 0 4 3 2 1 0 4 0 4 2 4 3 3 2 0 5 5 1 4 0 3 1 3 5 1 4 0 5 4 3 4 1
   1 5 2 4 3 0 0 3 5 2 5 4 5 3 1 4 5 1 1 5 5 5 2 0 5 5 0 0 5 2 5 4 5 3 0
   2 1 0 4 0 4 5 1 1 2 4 3 0 5 1 1]
  [0 4 0 4 5 3 3 1 4 1 0 1 2 0 2 0 4 0 2 4 1 1 3 0 3 2 5 5 5 2 0 1 3 5 5
   3 4 0 5 2 1 0 4 3 0 5 3 2 1 3 1 2 1 4 2 3 5 1 0 5 5 4 4 5 5 2 3 4 3 4
   0 4 0 0 3 4 3 5 1 3 4 2 3 0 4 0 0 4 1 0 0 4 0 3 5 3 5 5 4 5 0 2 3 0 0
   1 5 3 0 2 1 1 5 2 5 3 4 3 2 2 0]
  [0 3 1 3 2 3 4 2 3 2 2 5 0 2 3 5 5 1 2 0 3 2 3 1 1 5 2 4 2 2 2 1 4 2 3
   2 3 2 1 2 1 2 5 2 4 0 5 3 1 4 4 4 2 5 4 3 1 3 1 3 0 5 5 2 2 2 5 5 1 1
   0 1 0 5 1 2 5 1 3 2 4 5 3 0 0 5 1 5 5 0 2 3 1 0 0 3 3 2 0 2 4 5 1 2 0
   0 2 4 3 5 0 0 2 3 1 2 4 0 0 3 0]
  [0 3 5 3 3 1 3 5 0 1 1 1 4 5 5 1 4 5 2 3 5 4 5 0 1 4 1 2 4 5 0 3 1 4 3
   0 0 3 5 4 4 0 3 1 5 5 0 0 0 0 3 0 3 2 1 5 1 2 0 2 0 1 4 3 3 0 2 1 4 1
   5 3 1 2 3 3 4 5 1 4 2 3 2 0 5 4 3 2 2 5 0 4 3 5 2 3 3 0 3 5 5 3 3 4 4
   1 0 4 4 1 5 3 2 4 5 0 1 5 5 5 4]
  [0 3 5 3 3 3 3 3 5 1 2 2 1 4 5 3 4 3 3 5 5 2 5 3 3 5 0 3 5 1 3 1 4 4 1
   4 0 1 3 0 1 3 0 1 1 2 5 0 5 0 4 1 4 1 1 5 2 2 4 5 0 1 5 1 1 5 0 0 0 0
   5 4 5 4 3 4 0 3 1 0 4 5 5 2 3 1 4 2 5 5 4 4 5 3 1 3 3 1 4 0 0 3 2 5 2
   3 2 1 2 5 1 5 5 2 2 0 4 4 0 3 4]
  [0 5 3 1 5 0 0 1 0 5 4 0 1 4 3 5 3 5 2 3 5 1 5 3 2 3 4 2 3 0 1 5 4 4 3
   5 1 3 2 5 4 4 1 0 0 2 5 2 0 2 5 4 3 1 2 0 4 3 3 1 3 1 0 5 2 3 5 5 2 1
   2 2 1 3 3 3 5 2 5 0 0 0 3 5 5 1 2 0 1 0 0 0 2 4 0 0 2 4 1 5 0 0 5 3 3
   4 2 3 5 3 1 1 2 3 1 5 0 3 2 0 4]
  [0 1 5 5 5 5 0 1 3 1 5 0 3 5 4 5 4 4 2 4 3 4 3 4 1 4 3 3 0 2 0 2 0 3 5
   2 2 2 4 4 5 1 0 2 3 1 1 2 2 0 5 5 3 5 3 0 5 3 2 5 2 3 5 0 2 0 3 0 5 0
   2 1 2 5 1 5 0 0 2 1 0 4 1 4 4 4 4 2 2 0 4 0 4 5 5 5 0 5 4 2 0 3 0 2 0
   3 0 1 2 3 1 5 1 0 2 0 3 0 4 2 1]
  [0 4 3 2 5 4 3 2 0 0 2 3 1 3 5 1 5 3 1 2 2 5 1 1 0 4 4 2 0 5 1 3 0 1 4
   0 3 3 2 0 4 1 0 1 3 3 3 0 3 3 0 4 2 0 3 5 5 2 3 1 1 2 0 2 2 2 2 5 2 4
   5 3 1 4 5 3 4 2 2 3 4 1 2 0 5 1 1 4 2 3 1 5 5 5 3 5 1 0 1 2 4 2 3 1 0
   1 5 0 2 0 0 0 4 0 4 3 3 0 0 4 2]
  [0 1 1 2 1 4 5 5 3 2 2 5 0 1 4 2 5 2 1 2 3 4 2 4 2 5 0 2 2 1 5 3 0 5 4
   3 2 2 5 1 3 4 1 1 3 3 2 5 2 1 2 0 5 2 4 4 0 5 3 0 4 0 2 2 5 5 5 1 1 3
   3 0 2 4 2 3 5 5 2 4 3 3 0 0 1 1 4 3 2 0 5 2 5 4 4 1 2 2 1 5 4 1 4 1 2
   3 5 1 5 0 4 0 2 0 4 0 1 2 0 3 2]
  [0 3 4 0 1 4 3 2 1 5 1 4 3 3 2 3 0 3 0 0 0 2 0 0 4 4 2 3 2 0 1 3 1 2 5
   2 2 3 3 5 1 0 2 1 5 5 0 1 0 5 4 2 0 1 0 3 1 3 1 5 5 2 3 1 0 3 2 4 2 2
   4 2 3 2 1 0 3 4 3 5 2 4 3 2 3 5 3 0 2 3 0 1 4 5 0 3 2 5 4 4 4 5 3 2 1
   4 4 4 1 5 0 3 2 1 5 2 2 0 4 0 1]
  [0 1 0 0 1 5 5 0 3 1 4 1 0 3 1 3 1 2 2 0 3 1 1 0 5 2 2 2 2 5 2 0 4 0 4
   3 1 4 1 0 2 2 0 0 4 5 3 5 3 0 0 0 2 0 4 1 2 0 0 0 1 2 2 1 2 2 5 1 3 1
   0 2 1 3 0 3 3 0 3 2 4 1 1 1 0 1 3 5 2 5 2 4 5 1 3 3 4 5 0 3 4 1 3 4 0
   4 1 1 0 4 0 2 3 3 1 4 3 2 0 5 2]
  [0 2 5 2 1 5 5 2 1 0 3 2 2 1 5 5 3 2 2 0 4 2 2 0 3 1 5 0 0 5 3 5 1 2 2
   1 0 1 5 1 4 0 4 0 1 5 3 4 1 5 3 3 1 0 0 2 0 3 2 4 3 0 3 0 1 4 2 2 5 3
   3 4 3 4 4 4 4 0 4 5 3 5 0 4 4 0 4 3 4 1 4 2 5 0 1 1 5 4 5 3 3 4 4 3 5
   1 2 3 0 3 1 4 4 2 3 0 4 2 4 3 0]
  [0 1 5 4 5 2 5 0 3 5 2 4 3 0 0 3 1 3 1 1 2 5 4 3 3 0 5 1 1 3 4 0 1 2 2
   4 5 3 3 1 1 3 3 3 3 5 1 5 4 4 5 1 2 1 2 0 2 3 4 1 5 2 4 5 1 5 1 3 2 3
   3 0 4 1 4 4 4 1 4 2 3 2 3 5 0 2 2 1 5 5 5 0 5 2 4 2 2 5 3 4 2 2 4 5 5
   0 1 5 3 5 4 0 2 3 0 4 5 4 5 4 1]
  [0 4 0 1 1 0 2 4 0 5 0 1 5 0 2 2 1 5 4 2 0 2 0 0 4 2 3 4 1 3 0 1 0 0 1
   2 1 1 0 3 1 4 2 5 3 1 4 4 0 4 1 4 1 2 2 0 0 4 3 0 2 5 0 1 0 1 3 2 1 5
   0 5 1 4 2 0 0 5 2 3 0 0 3 3 3 1 5 5 1 1 0 0 2 0 3 2 3 2 4 1 4 5 0 0 1
   0 0 4 0 4 2 0 4 2 5 4 1 1 5 5 2]
  [0 3 1 1 5 3 4 1 5 4 3 2 1 1 1 5 2 4 4 5 1 2 5 5 0 1 5 0 4 2 4 4 0 1 1
   1 5 2 2 1 0 5 0 5 4 0 1 0 2 4 4 2 4 2 2 3 5 0 2 0 4 5 2 4 2 2 1 1 5 1
   2 5 5 3 2 0 2 5 2 0 1 3 2 5 3 1 4 4 2 2 2 0 4 0 2 3 3 1 2 3 1 2 0 4 5
   3 3 1 2 4 4 5 5 5 2 5 4 4 1 0 0]
  [0 4 5 1 4 5 3 4 1 4 0 4 3 1 1 2 4 4 3 2 3 4 2 3 3 4 1 1 4 5 2 0 5 1 0
   2 3 4 0 2 3 4 4 2 2 4 0 0 2 1 5 2 2 0 2 3 0 1 0 5 2 4 5 4 3 1 3 1 3 3
   0 0 2 2 4 2 4 0 2 4 5 0 0 4 1 4 3 0 2 2 4 2 3 4 5 2 1 3 0 4 0 1 3 4 4
   2 0 5 2 3 0 3 5 4 1 5 0 0 2 4 5]
  [0 2 2 2 5 1 2 3 3 0 2 4 2 3 4 2 2 4 0 5 4 3 5 4 4 0 1 4 5 0 2 1 1 0 2
   0 2 1 1 1 4 0 0 2 2 5 5 2 1 3 5 4 4 2 3 1 3 2 4 0 4 4 4 4 5 5 1 2 5 3
   0 3 1 0 0 1 5 2 0 4 0 3 1 0 3 1 2 3 1 1 4 2 0 3 0 2 0 1 2 5 0 2 5 1 2
   3 1 4 4 0 5 5 4 5 4 4 0 3 0 1 1]
  [0 1 0 0 2 4 1 5 4 5 1 2 1 3 3 0 4 5 3 4 1 0 5 1 5 4 4 1 0 5 2 5 0 0 0
   3 4 1 5 1 1 0 5 5 1 1 1 3 0 0 4 3 4 1 0 3 4 4 4 4 0 3 4 4 5 3 3 4 0 4
   5 0 3 0 2 2 4 4 3 5 0 4 5 5 1 4 0 3 0 0 5 5 2 3 5 0 5 1 3 0 5 4 1 1 1
   2 4 2 1 5 4 3 0 1 5 3 0 2 2 2 3]
  [0 2 4 1 0 5 0 0 3 2 5 3 5 1 1 4 3 5 2 5 2 3 2 1 5 3 0 5 4 5 0 5 0 1 5
   5 1 2 4 0 1 4 2 1 2 0 2 2 1 4 2 4 5 4 0 1 2 4 3 0 4 0 5 4 1 1 4 4 0 0
   5 5 5 4 5 3 4 1 3 3 5 0 2 4 1 5 3 0 3 1 2 4 5 3 0 0 1 0 3 2 0 3 1 4 5
   5 0 2 4 2 1 3 5 4 1 3 2 1 3 3 3]
  [0 3 1 4 3 1 0 3 2 2 5 1 1 3 4 2 0 3 5 2 3 2 2 3 0 4 1 4 3 2 1 1 0 0 3
   0 4 3 5 0 0 2 3 0 4 3 3 3 3 4 4 3 0 3 0 4 4 0 1 5 0 5 0 2 2 2 4 3 2 3
   1 1 1 0 4 3 2 1 0 5 5 3 0 2 4 0 0 1 2 0 1 4 3 4 1 3 2 3 0 1 2 5 3 5 0
   0 0 1 0 0 1 5 1 2 1 5 2 5 3 3 5]
  [0 2 2 5 4 1 0 1 4 0 2 3 0 4 0 1 3 2 3 3 2 1 1 0 3 2 2 1 4 2 3 4 3 3 1
   2 4 1 1 4 2 2 3 0 0 0 1 3 0 1 5 5 4 2 3 0 1 1 2 0 0 0 4 0 3 5 3 3 3 2
   3 1 4 3 1 4 5 0 3 1 0 1 3 1 4 5 2 2 1 1 0 1 3 3 4 5 3 5 5 0 1 3 0 2 5
   4 2 1 0 2 0 2 2 2 1 5 3 3 0 0 3]
  [0 3 4 0 0 3 4 0 3 0 4 1 0 2 5 0 2 0 1 4 2 4 1 3 4 1 2 4 4 3 4 2 2 2 3
   1 1 3 1 0 1 1 1 2 1 5 4 3 1 5 0 0 1 1 1 0 1 4 3 5 2 3 5 3 0 1 4 2 0 4
   2 2 3 1 5 4 0 1 1 2 5 5 0 4 1 1 5 4 4 3 2 5 5 3 5 4 1 2 3 2 0 0 2 4 4
   4 2 2 5 2 0 3 2 3 1 2 3 1 3 5 4]
  [0 3 0 5 5 5 0 5 5 0 0 0 5 4 1 3 0 2 5 0 5 2 1 4 0 2 2 4 3 0 5 5 1 5 0
   4 3 3 1 1 2 5 1 0 1 5 3 2 5 5 5 5 0 1 5 2 2 1 3 3 1 0 2 3 5 0 4 3 3 2
   5 2 2 1 2 1 2 5 4 2 5 3 1 5 0 5 0 2 4 0 2 1 5 3 2 1 4 2 4 4 5 1 2 3 2
   0 3 3 1 5 0 1 2 5 4 0 0 4 2 5 0]
  [0 3 5 2 2 3 1 1 2 0 3 5 3 3 5 5 1 4 3 3 1 5 2 1 1 5 2 4 0 0 3 2 4 3 0
   3 0 5 1 1 4 4 3 5 2 0 1 5 4 5 0 0 5 1 4 4 4 3 5 4 4 2 5 4 3 1 0 5 0 4
   3 3 3 4 2 3 3 1 4 5 5 1 4 3 3 4 5 5 4 2 3 1 5 5 1 5 1 2 1 4 0 0 3 1 4
   1 5 1 1 3 5 3 4 3 3 2 5 1 0 0 5]
  [0 4 4 1 4 5 0 4 1 2 3 4 0 1 5 4 2 1 5 2 3 5 1 0 5 1 5 0 5 3 1 3 4 2 0
   5 0 4 4 2 3 2 1 1 4 1 2 2 2 2 1 1 4 2 4 4 1 3 2 4 4 5 5 3 2 1 1 0 5 4
   5 2 0 0 5 4 1 5 3 0 2 1 4 3 3 2 5 0 1 2 5 0 4 2 3 0 5 5 0 0 3 2 4 3 4
   0 1 5 2 2 5 5 3 4 1 1 1 2 1 2 3]
  [0 4 5 2 1 5 2 2 5 5 2 1 3 1 4 1 1 4 5 0 0 4 4 1 0 5 0 5 1 2 1 0 2 0 2
   0 3 1 2 4 2 0 5 4 5 4 0 5 3 0 1 1 2 4 4 1 0 1 4 2 3 5 1 2 5 4 1 3 0 2
   4 3 0 5 5 2 4 5 3 0 1 1 3 3 3 2 5 1 5 4 1 2 2 3 4 5 2 4 2 2 4 5 5 3 2
   0 5 5 5 4 3 4 3 5 3 1 5 1 0 3 3]
  [0 1 3 5 3 2 4 5 4 0 5 1 4 1 4 3 4 5 5 1 0 0 3 5 0 2 3 2 0 5 4 2 0 2 1
   4 4 3 0 1 5 0 0 1 3 5 4 3 0 0 3 4 3 2 1 4 0 0 5 0 2 0 2 0 4 3 2 2 5 0
   2 4 2 1 4 0 0 4 3 1 5 3 5 5 4 3 4 4 0 2 2 4 5 1 5 1 0 2 1 4 1 5 3 0 3
   3 5 3 1 2 0 4 0 0 3 1 3 0 1 2 0]
  [0 5 2 4 5 2 1 4 3 3 4 5 1 2 4 0 0 1 4 2 2 2 2 3 3 4 3 4 5 5 4 5 3 4 4
   2 2 4 5 2 3 1 2 5 0 4 5 1 1 3 2 1 4 5 0 4 2 0 2 3 3 1 3 0 0 3 4 5 1 5
   0 1 1 3 0 0 5 0 5 3 5 3 5 3 3 5 2 2 4 1 5 3 2 0 5 4 1 4 1 1 5 4 3 3 2
   1 4 5 4 5 1 4 1 2 3 4 5 0 5 4 3]
  [0 2 1 3 4 3 2 4 0 1 1 3 2 3 2 0 1 5 1 0 0 1 1 1 2 0 4 1 5 1 4 5 2 5 3
   0 2 4 0 2 3 0 1 2 0 5 2 0 2 1 1 5 2 5 3 0 4 0 0 1 0 4 3 0 4 5 3 2 1 1
   2 0 0 5 0 0 0 4 4 4 1 3 5 3 3 0 4 0 3 1 4 2 0 0 4 2 3 2 4 1 5 3 4 1 5
   3 3 5 5 4 1 3 2 5 3 1 4 5 2 5 2]
  [0 2 1 0 3 3 0 2 5 4 5 0 1 3 0 2 3 2 1 0 1 5 0 1 5 4 2 4 1 3 2 3 3 5 5
   5 4 2 0 1 1 0 3 1 0 1 2 0 0 5 2 2 4 2 0 4 0 2 2 3 2 0 2 1 4 3 1 1 5 2
   4 3 0 4 1 4 1 3 4 4 3 2 5 4 4 2 3 1 4 4 1 0 5 2 4 5 0 3 4 5 3 4 0 1 1
   5 0 1 0 0 4 4 4 1 4 3 1 0 3 5 4]
  [0 5 3 4 0 2 3 2 5 2 5 2 0 1 4 0 0 0 2 3 5 3 4 4 0 4 0 2 0 5 3 1 2 0 2
   2 4 5 5 5 2 5 3 2 4 0 0 4 4 1 4 0 5 0 4 2 0 5 2 5 2 3 5 0 2 2 0 3 3 0
   5 5 2 0 3 5 0 1 0 4 4 2 0 2 0 4 3 4 5 5 0 5 5 0 2 1 5 3 4 2 1 2 1 1 2
   1 3 3 1 1 1 4 5 5 0 5 0 1 2 1 1]
  [0 5 2 1 5 2 5 0 2 3 5 0 1 5 0 3 4 4 5 4 3 2 4 0 4 4 5 4 5 0 2 1 3 0 0
   3 2 5 4 0 5 4 1 4 4 0 1 3 3 0 4 3 4 1 0 1 1 3 5 4 0 4 0 0 0 4 0 4 2 0
   1 1 5 5 0 3 4 0 1 0 2 2 2 4 1 0 4 1 3 0 0 1 5 3 1 5 0 1 4 3 5 0 5 3 3
   1 5 3 4 5 3 5 5 5 5 3 5 0 3 5 0]
  [0 1 0 1 0 2 0 3 5 0 0 3 3 5 2 3 4 2 4 1 4 0 4 1 4 0 4 0 3 3 0 1 4 4 3
   5 1 2 1 0 1 0 1 0 5 0 3 1 3 0 3 0 2 4 4 0 5 0 4 0 3 4 0 2 1 5 3 4 2 3
   1 0 1 4 2 0 4 1 0 2 0 2 1 5 3 3 3 4 1 3 1 3 4 5 3 2 3 2 2 4 3 3 3 2 1
   0 0 3 1 2 1 3 3 0 0 1 5 4 4 1 5]
  [0 3 1 4 4 2 1 0 2 5 1 5 4 1 3 5 4 0 3 0 1 1 1 1 2 1 4 3 0 4 1 5 2 3 3
   5 1 3 0 2 2 1 5 1 2 4 5 3 0 0 0 1 3 4 5 5 0 3 4 5 5 4 3 1 0 3 5 1 5 0
   3 3 2 4 1 2 0 1 1 1 3 4 4 2 0 2 1 1 3 1 3 5 0 4 5 0 2 0 4 3 4 4 4 4 0
   5 3 0 1 4 1 0 2 2 5 4 5 3 2 3 3]
  [0 5 1 2 0 5 4 4 4 4 1 1 3 4 0 5 2 2 4 1 3 4 3 5 5 2 2 0 2 2 4 3 2 0 4
   3 1 2 1 0 4 1 4 3 3 0 4 3 3 5 1 4 3 2 1 2 0 5 2 1 2 1 3 0 5 0 2 4 1 1
   1 2 0 4 4 3 3 0 1 1 3 5 0 1 2 0 1 2 2 1 3 4 5 2 1 2 4 1 2 2 2 5 4 3 1
   1 1 2 4 2 0 5 0 1 2 3 4 4 3 5 2]
  [0 1 1 2 3 3 1 2 5 4 0 3 1 5 4 2 4 3 2 0 5 4 4 2 0 3 5 1 0 5 4 3 2 0 3
   5 2 2 4 1 2 0 2 4 1 1 4 3 3 2 5 2 4 2 4 4 5 1 2 2 3 2 4 5 4 4 2 2 0 0
   0 4 3 4 5 4 3 1 0 5 1 0 1 0 3 4 3 3 3 2 3 4 0 0 2 1 2 4 1 3 5 3 1 0 3
   0 3 4 3 5 4 3 0 1 1 2 2 0 3 4 0]
  [0 1 4 4 0 4 3 0 4 3 1 4 2 1 5 3 0 3 2 0 0 3 2 2 5 1 5 2 3 2 4 3 2 4 1
   5 2 1 3 0 1 5 4 0 4 2 3 4 5 0 5 1 2 2 0 5 5 5 4 5 3 0 2 2 4 3 5 0 0 1
   0 5 0 2 4 4 5 4 1 0 2 1 2 4 1 5 4 2 4 2 1 4 5 2 3 4 5 1 3 1 2 1 2 3 3
   4 5 5 3 5 1 2 5 2 1 5 3 1 2 0 3]
  [0 1 0 1 1 3 5 4 0 3 1 1 1 0 3 2 0 1 2 2 4 1 3 0 3 2 5 3 3 5 3 0 2 4 5
   0 1 2 1 1 1 0 1 4 4 1 3 0 5 3 0 2 2 2 0 5 0 4 3 1 4 1 0 0 3 3 2 3 5 1
   4 3 5 1 4 3 4 1 4 2 0 3 1 3 1 4 0 0 0 1 1 3 0 2 0 4 0 1 1 2 1 5 3 0 1
   2 2 5 4 0 2 0 2 1 0 4 2 0 3 1 0]
  [0 1 4 3 0 5 4 1 3 3 4 4 0 5 3 5 4 0 4 1 3 1 3 5 0 5 5 3 2 5 2 4 2 3 5
   4 5 2 0 5 3 4 2 1 2 2 0 5 2 3 4 1 1 3 2 4 2 1 0 3 0 3 3 1 0 5 5 4 2 5
   4 5 5 4 2 2 3 0 4 5 0 0 5 1 4 5 2 4 5 1 3 4 3 3 5 5 1 0 0 3 4 1 4 0 2
   5 1 4 1 5 4 3 1 1 3 3 2 4 3 0 0]
  [0 0 3 2 0 5 4 5 4 4 0 2 2 1 0 3 0 2 5 1 3 0 1 0 2 2 4 1 0 0 1 0 1 2 5
   2 2 5 2 1 4 5 1 1 5 0 2 4 0 3 4 0 4 5 5 4 1 0 2 4 5 2 5 3 5 1 5 5 4 4
   2 0 4 5 1 5 3 2 4 3 1 3 0 0 4 0 2 5 4 0 1 1 4 3 3 1 3 3 4 3 4 4 1 1 3
   5 3 2 5 5 0 5 5 5 5 1 0 2 3 0 4]
  [0 0 0 4 4 4 0 0 4 4 4 0 2 2 3 5 1 2 1 2 0 1 4 5 2 1 5 0 4 3 3 4 5 5 0
   0 2 2 2 3 3 2 0 1 2 1 1 3 1 2 2 2 1 5 2 0 4 0 0 2 3 4 4 2 3 4 4 3 3 2
   4 1 2 3 0 0 2 3 3 5 0 0 3 0 2 1 1 0 0 5 2 1 1 3 1 2 3 3 1 2 4 4 2 5 5
   5 3 5 3 0 0 5 0 3 2 1 4 1 5 4 4]
  [0 3 2 3 2 5 1 3 2 1 1 3 4 4 2 4 0 1 3 2 0 3 2 4 3 1 4 4 2 2 0 5 3 3 2
   5 5 0 0 0 0 3 3 0 1 5 2 1 2 3 3 2 5 2 5 5 2 5 0 1 1 0 5 5 1 2 1 2 1 1
   5 3 4 5 3 4 3 3 5 4 0 4 5 1 0 2 3 2 5 1 4 2 5 2 1 4 5 1 5 5 0 4 0 3 5
   2 5 3 5 1 4 4 3 0 2 2 3 0 1 1 0]
  [0 5 4 5 5 4 5 5 5 3 1 4 2 0 1 3 4 0 4 3 2 3 1 4 3 0 0 2 3 2 2 3 2 3 1
   3 4 5 3 1 0 3 2 5 3 0 5 1 5 5 1 0 2 2 5 4 5 2 1 4 1 1 1 3 4 2 0 2 5 4
   2 2 1 5 2 2 3 5 0 4 3 4 4 0 2 0 5 0 2 1 3 3 0 1 5 1 2 1 1 1 0 2 1 1 2
   4 0 2 2 1 4 0 5 5 3 4 4 5 5 1 3]
  [0 3 5 1 2 1 5 5 1 2 3 3 3 3 1 1 3 4 2 0 1 1 1 5 1 0 1 3 4 0 3 4 3 3 0
   4 1 5 3 0 4 2 4 4 2 3 4 2 3 5 5 0 0 0 2 0 2 1 5 4 4 2 5 1 4 4 2 5 4 4
   5 3 5 3 0 1 4 5 3 5 5 3 2 2 1 2 0 2 4 3 1 1 0 0 1 2 3 1 4 2 2 3 2 4 4
   0 0 5 3 4 1 1 3 3 4 0 2 0 0 3 5]
  [0 2 4 4 3 5 1 0 2 0 1 5 4 4 1 5 5 3 5 5 1 2 3 5 4 5 2 0 1 5 4 0 2 5 3
   0 0 4 1 0 1 5 1 4 3 4 0 0 4 1 1 3 3 2 2 1 0 3 0 3 3 5 5 5 1 3 1 5 0 1
   5 4 0 0 3 5 0 0 0 2 4 4 3 1 5 1 2 0 3 1 5 1 1 1 2 5 2 1 5 3 4 5 4 2 1
   5 3 4 5 3 0 1 4 3 4 3 5 2 1 1 2]
  [0 0 5 3 2 5 2 2 1 5 5 0 4 4 0 1 2 4 4 1 4 2 2 1 3 4 2 0 4 1 0 1 0 1 5
   1 2 1 0 3 5 3 3 1 4 4 2 2 0 3 3 2 4 2 1 5 4 1 4 3 3 1 1 3 0 0 0 4 2 2
   0 4 2 3 3 1 4 3 4 5 5 4 3 0 2 5 2 3 0 2 4 5 0 3 1 1 1 4 4 2 3 3 0 1 2
   1 3 5 0 2 1 5 0 3 5 1 3 3 5 5 4]
  [0 2 3 5 4 4 4 5 2 1 5 0 5 5 2 1 4 1 0 4 2 5 5 4 3 0 4 3 5 3 1 5 2 5 2
   4 3 2 5 1 0 4 4 2 5 4 2 5 2 4 1 0 4 4 5 2 4 1 0 4 0 0 2 0 2 1 0 4 4 5
   2 2 3 1 4 0 2 5 4 5 4 4 3 0 2 1 5 0 5 0 2 1 0 4 1 3 2 4 2 1 1 1 0 4 4
   4 0 3 4 2 4 2 0 2 3 3 2 3 2 4 4]
  [0 1 2 1 0 0 4 0 2 2 1 1 3 2 1 5 5 5 5 0 3 0 4 1 1 2 3 5 4 4 4 0 2 1 3
   3 1 1 1 4 0 3 5 5 1 2 5 5 2 0 0 4 5 5 3 3 0 1 1 3 0 2 4 5 0 5 1 0 1 2
   4 2 4 0 5 5 3 1 0 2 3 5 4 0 4 3 5 0 1 5 0 1 5 0 0 4 5 4 0 2 2 4 3 5 5
   3 3 1 2 0 3 5 1 3 4 4 4 4 2 4 3]
  [0 2 3 2 5 1 5 3 0 0 4 1 0 2 3 2 5 0 0 5 4 3 3 4 1 1 1 1 4 2 3 0 4 5 4
   5 5 0 2 0 2 4 5 5 5 5 0 4 2 3 4 0 5 3 5 1 4 1 0 5 4 4 1 2 5 4 2 3 1 1
   5 3 3 1 4 3 3 4 5 4 5 2 1 2 2 5 4 0 2 2 5 0 2 5 0 5 2 4 5 2 5 2 1 2 3
   4 2 1 5 0 1 2 2 1 4 5 2 3 3 5 5]
  [0 4 4 3 5 3 5 3 0 3 5 2 1 2 3 2 2 3 1 4 0 3 4 4 5 4 1 1 4 1 2 1 5 1 2
   2 4 5 5 5 2 5 5 4 4 1 3 3 5 0 4 1 3 2 5 2 1 4 3 3 2 1 4 1 1 3 5 2 1 3
   2 1 3 2 0 3 2 4 2 4 3 4 5 2 3 0 0 5 4 1 0 0 0 2 5 5 2 5 5 0 5 5 3 2 1
   4 2 4 1 0 5 0 0 5 4 1 2 1 1 4 5]
  [0 2 0 0 1 3 1 0 0 0 0 3 0 1 2 1 3 0 5 1 1 5 5 3 1 4 0 2 3 3 5 5 3 3 1
   0 5 4 0 5 4 0 4 1 5 3 4 3 1 1 1 1 2 3 5 5 3 2 3 5 5 2 4 0 1 0 1 2 0 5
   3 4 5 4 1 1 4 1 2 0 0 5 0 1 2 5 2 1 3 4 4 5 3 0 3 0 3 0 5 3 0 4 5 4 1
   0 3 1 0 1 4 2 3 5 4 1 4 5 3 1 0]
  [0 2 3 3 4 1 0 5 1 2 3 3 4 5 5 3 1 0 0 3 2 1 3 1 0 2 1 2 1 3 4 4 1 2 5
   3 1 1 5 5 4 2 4 2 1 4 0 0 3 0 5 1 5 2 4 0 4 0 4 0 0 2 1 5 4 2 5 0 1 3
   2 3 1 1 3 0 5 2 0 3 3 0 0 2 5 4 2 3 1 4 1 0 1 0 0 5 2 0 2 0 0 3 2 4 4
   1 0 0 2 5 4 4 4 3 4 3 4 2 0 5 2]
  [0 4 3 1 2 1 4 2 1 3 5 4 2 5 2 4 1 1 5 2 0 2 2 0 5 5 1 5 3 2 3 5 2 2 5
   2 0 0 0 5 5 1 5 0 0 2 3 5 0 5 5 3 4 1 1 3 3 1 4 1 0 4 4 1 2 1 4 4 0 1
   1 2 2 0 5 5 0 4 5 3 5 5 1 4 2 1 1 2 0 0 0 3 2 2 4 0 2 0 4 2 0 3 4 4 2
   0 5 3 0 0 5 5 3 3 5 3 0 5 1 0 3]
  [0 2 4 2 0 4 4 3 1 3 4 0 4 2 0 0 5 0 0 4 0 0 5 4 2 3 0 0 3 1 0 2 5 2 5
   1 3 2 1 3 2 0 5 0 4 0 0 3 1 2 2 0 5 4 1 5 5 3 2 2 0 5 5 0 2 1 1 5 5 2
   4 1 5 1 3 3 1 0 3 4 2 4 1 1 5 5 2 0 4 4 2 0 0 0 0 0 0 2 3 2 0 1 0 2 4
   3 2 4 5 1 3 3 5 2 2 5 2 0 3 2 0]
  [0 1 3 3 4 2 2 0 3 5 1 5 0 1 3 2 2 3 2 5 2 4 1 5 2 1 4 4 1 5 0 0 4 3 3
   2 0 3 0 4 1 3 1 1 5 2 3 2 3 1 0 3 4 0 5 2 0 1 0 0 3 2 0 3 1 5 3 1 2 2
   3 4 1 3 0 4 1 3 3 3 3 2 5 5 4 5 5 3 4 2 1 2 0 2 4 5 0 0 2 3 1 2 0 0 0
   1 0 1 3 5 3 5 3 5 4 0 5 2 3 5 0]
  [0 4 4 3 2 0 0 5 0 2 2 4 1 0 3 0 2 0 2 4 2 0 4 0 1 4 3 2 1 1 5 1 3 1 4
   2 5 1 0 5 5 5 5 3 4 1 0 3 4 1 5 1 2 1 5 1 0 5 1 3 2 1 0 5 0 4 0 2 5 0
   3 3 2 4 1 3 0 4 3 0 4 4 2 3 3 0 1 3 5 3 0 5 1 0 1 5 4 5 0 3 0 3 1 0 1
   3 0 4 4 5 0 5 0 3 4 5 0 5 0 2 0]
  [0 1 1 3 0 1 4 3 2 0 1 4 0 0 2 1 1 5 5 0 4 0 5 4 5 4 3 0 2 5 0 3 0 2 1
   0 1 5 4 0 4 0 0 4 5 0 0 1 5 2 3 0 1 3 2 0 3 1 1 2 0 1 1 5 3 2 4 5 0 4
   0 0 2 1 5 5 0 1 4 4 3 0 4 3 0 2 0 4 2 3 4 5 4 0 2 0 2 5 3 0 2 3 1 5 2
   0 2 4 0 1 1 0 4 1 5 5 2 4 0 2 4]
  [0 5 5 1 2 4 1 2 0 0 3 3 0 3 5 5 3 1 3 3 4 5 3 5 2 5 3 1 4 1 5 1 3 4 4
   4 4 0 2 2 3 1 4 5 0 4 0 4 1 2 0 1 3 3 5 0 2 1 5 3 3 0 3 0 1 4 5 0 3 5
   0 3 3 5 3 2 1 5 2 0 1 0 1 0 0 0 3 4 2 5 3 0 2 0 4 2 3 4 1 3 0 0 3 1 3
   1 0 3 1 3 3 3 2 5 1 4 3 4 1 0 1]
  [0 1 0 1 4 0 2 2 2 4 5 1 2 4 4 4 2 3 1 5 3 0 5 1 3 4 0 5 5 1 5 5 1 1 4
   3 1 3 4 3 5 5 0 1 4 2 0 5 3 1 2 0 0 5 2 2 3 0 1 3 2 5 3 2 2 0 4 2 1 1
   4 0 5 3 2 1 2 3 5 2 1 2 5 4 2 2 3 2 5 3 2 1 4 3 1 2 0 1 3 0 0 0 2 3 1
   4 2 0 4 2 4 3 5 3 1 1 1 0 3 2 1]
  [0 1 0 4 4 2 3 0 4 4 2 1 0 5 4 4 5 4 1 5 1 5 3 4 0 2 4 5 1 1 3 1 0 0 1
   0 0 3 1 4 5 1 2 3 3 0 0 1 1 1 3 1 5 1 3 4 5 2 0 3 0 4 1 2 2 4 0 2 5 1
   4 4 3 2 2 1 2 2 2 3 0 5 1 0 0 3 2 3 0 4 1 5 3 2 0 4 2 2 4 0 5 5 0 1 4
   1 2 2 1 3 5 0 3 5 0 0 0 5 4 1 0]
  [0 1 1 1 0 4 5 3 5 1 3 3 2 5 0 3 2 2 3 4 3 0 5 3 3 3 2 2 2 1 0 1 1 2 4
   2 0 4 0 1 4 3 4 1 4 1 1 0 1 1 4 0 3 0 5 1 1 3 3 1 4 0 2 4 1 5 5 2 5 4
   3 5 2 2 5 1 3 2 1 0 4 3 0 5 3 0 1 2 4 1 1 2 1 0 5 5 4 1 1 0 2 4 4 0 4
   4 2 2 1 0 0 4 3 0 1 3 1 3 3 2 3]
  [0 1 3 5 2 3 4 1 2 4 3 3 5 1 1 3 1 2 0 4 1 1 1 0 3 5 4 1 4 2 1 2 4 0 3
   5 1 5 1 2 3 4 4 0 2 4 1 0 1 4 5 0 2 3 5 3 1 0 0 1 1 4 5 4 3 3 3 4 2 0
   5 2 4 3 2 2 2 4 4 3 5 5 5 0 3 5 4 4 4 0 3 4 3 1 5 3 5 5 5 5 0 2 3 4 0
   4 0 4 1 3 5 0 1 5 4 3 0 5 2 2 5]
  [0 3 0 4 4 5 1 2 3 4 1 2 5 4 1 0 3 5 4 2 2 5 3 0 5 4 3 3 5 2 0 0 2 0 0
   4 0 0 2 5 2 4 0 0 4 5 0 3 3 1 5 5 4 4 4 1 5 3 4 1 1 4 1 0 4 5 4 4 4 3
   0 1 4 1 0 0 0 1 2 5 5 1 3 1 5 4 5 0 1 1 5 2 2 2 4 2 2 4 4 0 4 1 3 3 2
   0 1 4 2 0 2 1 0 4 2 1 4 4 5 5 5]
  [0 2 5 2 0 2 2 0 5 4 1 0 1 3 0 2 3 3 1 1 5 5 3 4 0 0 1 5 3 2 2 5 1 2 2
   4 0 0 0 5 0 0 5 4 3 5 3 1 4 5 2 3 0 4 2 1 3 0 2 2 2 0 2 2 0 0 4 1 2 0
   2 3 1 4 3 0 3 3 0 0 1 4 2 5 1 4 0 4 3 0 1 5 3 0 2 3 4 5 2 0 4 2 5 4 5
   1 0 3 2 3 5 1 1 1 0 2 1 5 3 5 0]
  [0 4 4 1 1 4 5 0 4 5 0 3 0 3 1 2 4 1 5 2 3 3 0 3 5 1 4 1 5 3 0 2 3 1 1
   4 4 1 5 1 2 4 2 2 3 5 2 0 3 5 0 1 3 3 3 5 3 1 5 0 1 4 0 0 1 4 4 1 5 5
   0 4 0 1 4 1 3 2 0 1 3 4 5 1 0 0 1 3 1 3 0 3 3 1 2 3 4 3 2 5 1 1 5 5 3
   3 5 0 0 4 5 2 5 3 0 0 0 2 1 0 3]
  [0 5 4 1 0 0 2 4 4 3 4 3 0 0 3 0 0 5 1 4 3 4 0 4 3 0 2 1 4 1 0 1 4 0 1
   5 5 4 1 3 4 4 0 3 2 5 2 5 1 2 4 5 4 2 3 2 4 5 5 2 0 1 2 1 5 1 5 0 4 2
   4 5 0 3 4 5 4 4 2 3 4 5 0 2 2 4 1 4 2 4 2 5 5 1 5 3 0 0 1 2 0 2 2 4 4
   0 3 4 0 0 4 5 1 1 3 1 3 1 1 2 3]
  [0 4 5 1 1 1 0 3 3 4 0 2 3 2 4 1 0 2 2 4 0 5 4 5 0 1 0 2 3 1 1 4 1 3 5
   2 3 2 1 2 5 4 2 4 3 3 1 5 5 0 1 4 3 3 1 0 2 1 3 5 1 1 3 0 0 1 4 2 4 4
   0 5 0 2 0 5 5 5 2 0 1 1 4 3 3 0 0 2 2 0 5 5 4 5 2 3 0 5 4 2 0 0 2 3 0
   1 2 3 0 0 3 3 5 0 2 3 5 0 0 5 4]
  [0 0 5 3 4 0 2 1 5 4 4 4 0 1 5 3 0 5 4 4 0 0 0 1 3 3 4 1 0 1 4 4 2 3 1
   3 4 0 2 4 1 3 1 3 4 1 5 2 1 1 0 2 4 0 2 4 5 5 0 0 0 1 5 2 4 1 0 2 2 0
   5 3 4 0 2 2 2 4 0 3 5 0 2 4 4 4 4 5 5 3 5 1 0 0 5 3 5 5 5 0 5 1 3 0 3
   1 0 4 5 5 0 5 0 0 0 2 1 4 5 4 0]
  [0 4 1 3 4 3 3 0 1 4 4 0 3 1 1 1 2 0 3 5 0 2 0 4 0 2 2 4 5 3 5 4 0 2 1
   5 2 2 2 0 4 4 1 5 0 3 4 1 1 2 3 2 0 0 5 0 1 3 4 2 2 0 5 4 5 5 0 1 2 2
   5 5 5 4 0 2 4 0 1 5 1 5 1 1 1 2 3 2 4 2 0 0 2 2 2 4 5 5 3 2 2 5 0 1 5
   3 3 4 2 5 5 0 0 4 5 2 5 0 5 2 4]
  [0 3 3 4 4 1 3 2 0 2 1 3 4 4 2 3 0 1 1 5 2 5 5 1 4 3 4 4 2 0 2 0 1 1 2
   2 2 0 5 5 5 3 2 1 1 5 0 3 0 0 4 2 4 3 3 4 3 0 0 3 1 3 5 2 4 3 2 1 5 4
   5 2 2 0 3 3 0 3 3 2 1 3 0 3 1 4 5 2 0 3 1 4 0 3 2 4 3 1 1 0 1 4 2 2 1
   2 1 3 5 0 0 2 0 2 1 1 4 2 0 2 4]
  [0 5 5 3 5 1 2 2 3 1 4 3 3 2 5 1 0 0 3 1 1 1 0 5 4 2 2 4 2 0 3 0 3 4 4
   3 5 0 4 3 2 4 1 3 3 1 1 5 0 2 0 5 2 0 5 5 0 5 3 5 0 2 1 1 1 0 3 0 0 5
   3 3 2 4 3 1 0 5 1 3 2 3 5 5 1 3 5 1 4 3 1 1 5 2 0 4 3 3 5 2 1 3 3 0 1
   1 1 1 0 3 3 5 5 0 4 2 4 0 0 5 3]
  [0 1 4 3 5 5 4 2 1 0 5 0 4 5 0 1 4 3 2 5 4 1 0 1 0 0 3 4 2 0 3 5 1 1 2
   2 4 1 5 2 3 0 5 1 1 1 0 0 2 1 5 2 2 0 3 3 3 4 1 5 4 3 0 5 2 2 0 2 0 3
   5 3 1 5 4 0 5 4 4 4 3 0 5 0 5 4 5 0 2 1 3 5 0 4 5 1 0 0 3 1 1 3 4 5 1
   1 0 5 3 5 3 0 2 2 0 1 5 1 3 5 1]
  [0 0 5 1 5 3 0 1 1 4 2 0 4 3 5 0 3 0 2 5 3 3 0 3 3 3 1 1 1 5 4 2 1 3 2
   5 5 3 1 1 0 3 5 1 3 0 4 2 5 3 5 3 2 5 1 5 3 3 3 5 3 3 4 4 0 3 5 5 3 2
   3 5 4 4 0 0 1 1 4 2 5 0 1 3 0 2 1 1 3 4 5 0 1 4 4 0 5 4 0 0 4 3 1 3 1
   0 2 2 5 5 5 3 2 2 3 0 4 0 4 5 3]
  [0 2 5 5 3 5 3 1 2 2 3 0 2 4 5 3 2 2 1 2 2 0 3 4 5 5 3 5 1 5 2 0 2 2 5
   0 1 5 5 0 1 5 2 4 3 3 0 0 1 5 1 4 5 4 0 5 5 1 3 5 5 1 3 5 5 0 1 1 0 0
   1 5 1 0 0 1 1 4 4 2 4 4 1 3 3 2 5 1 0 3 4 2 2 5 5 5 2 1 5 1 1 5 4 2 5
   5 3 2 4 3 3 5 4 0 4 2 0 0 2 4 5]
  [0 1 3 3 5 0 0 0 5 0 4 3 5 0 5 2 4 4 2 2 2 5 3 2 5 3 5 3 2 1 2 4 4 1 4
   0 2 4 0 0 2 3 2 4 4 3 0 0 5 3 3 2 1 4 5 2 1 5 5 0 1 4 3 1 3 4 4 4 0 5
   3 0 0 3 5 5 0 5 2 2 5 0 2 3 0 3 2 1 4 1 0 0 1 5 1 4 1 5 2 2 4 3 1 1 4
   0 5 1 3 5 2 0 5 5 3 4 2 0 3 0 2]
  [0 3 2 4 1 3 4 3 4 0 1 4 5 3 3 3 5 4 1 2 2 1 4 1 0 1 2 4 2 4 2 1 4 3 0
   4 5 3 1 5 3 4 3 2 1 1 4 1 1 2 1 2 2 3 5 5 1 3 5 4 0 1 5 2 0 0 5 2 4 2
   0 1 5 0 1 2 5 2 0 2 2 0 4 3 1 2 1 2 2 2 2 3 2 2 5 1 3 3 2 3 4 1 1 5 1
   5 4 2 0 0 2 1 1 4 2 4 2 2 0 4 1]
  [0 2 0 0 0 4 5 0 5 0 0 3 5 4 5 2 1 3 3 0 1 4 1 5 5 2 1 5 5 4 0 2 1 0 2
   4 0 3 5 0 3 2 2 1 1 3 2 3 1 2 1 2 2 3 1 2 0 4 0 4 3 3 3 0 0 2 3 1 4 5
   2 0 3 0 1 2 5 3 2 0 3 1 2 5 2 2 1 0 5 3 0 2 5 0 4 4 5 5 3 2 0 3 2 1 5
   5 2 4 0 2 3 0 1 4 2 0 2 1 3 0 2]
  [0 5 5 0 4 2 3 4 0 3 5 0 2 3 5 3 0 0 3 1 0 1 0 2 2 3 4 0 5 4 5 0 5 0 2
   5 5 3 1 0 4 3 4 2 1 0 2 2 1 3 0 4 4 4 1 1 0 4 2 3 2 3 4 5 5 3 4 2 1 5
   2 1 5 1 1 0 4 3 3 4 4 2 0 4 3 0 3 4 4 0 2 4 1 1 3 2 5 5 3 2 0 0 4 1 1
   0 4 1 0 3 0 0 5 1 3 4 5 4 2 1 0]]

 [[0 4 5 3 5 0 2 1 2 3 2 1 5 5 2 3 5 0 5 2 2 5 5 5 4 0 5 3 0 4 2 5 5 3 0
   3 3 0 5 4 5 0 0 0 3 3 5 3 4 0 0 3 5 3 0 5 4 2 0 1 2 1 1 4 0 2 1 4 3 0
   1 4 2 1 0 4 1 0 5 1 5 4 2 4 5 1 2 0 2 0 3 3 4 0 2 5 2 2 0 4 3 4 3 4 4
   0 2 2 3 1 4 0 0 5 3 3 3 1 5 5 4]
  [0 0 5 5 4 4 2 0 4 4 5 0 2 0 0 2 3 1 0 0 4 2 2 0 3 3 3 2 1 2 1 5 0 4 2
   1 1 0 2 0 4 3 4 4 4 1 0 0 2 4 4 5 2 0 3 5 4 4 4 0 0 0 3 5 3 5 4 3 5 2
   1 0 1 0 2 2 5 5 4 5 2 2 3 2 4 0 0 4 3 1 4 3 2 5 1 4 0 5 3 2 3 3 2 0 5
   2 5 5 2 2 5 4 4 4 5 5 2 2 2 5 4]
  [0 4 0 1 2 0 3 0 2 3 2 5 1 4 3 5 2 2 5 5 1 1 4 2 5 4 1 1 2 1 1 4 4 1 4
   5 1 5 1 0 5 1 2 5 0 1 1 1 0 1 5 5 1 4 2 4 0 3 5 0 0 4 4 3 1 3 3 1 5 3
   2 5 1 5 2 4 2 4 5 5 1 2 4 0 1 1 5 1 5 5 3 2 0 4 5 0 0 4 0 2 1 4 3 1 5
   1 2 2 3 5 1 5 1 5 2 5 4 4 1 0 0]
  [0 0 1 0 4 0 5 0 1 2 4 3 5 1 0 0 5 4 2 4 5 5 0 5 2 3 4 4 2 4 2 2 0 4 4
   3 1 1 1 0 3 2 5 3 5 4 1 0 2 3 0 4 4 0 4 3 1 0 5 4 1 1 1 1 1 2 4 1 5 4
   3 1 4 5 0 5 5 3 2 0 0 2 5 5 5 3 1 0 3 5 0 3 5 0 3 5 3 0 2 2 4 1 4 1 2
   3 0 5 2 3 3 5 0 1 3 5 0 5 0 4 4]
  [0 5 3 3 0 3 4 4 0 3 5 3 4 3 2 5 5 4 0 2 2 1 1 3 5 4 3 2 3 1 5 5 3 2 4
   1 2 2 4 1 5 3 4 1 5 3 1 4 5 2 3 1 1 3 4 3 5 0 5 4 2 0 0 4 3 2 1 2 0 0
   5 1 5 1 5 2 0 3 1 3 2 5 4 0 1 0 3 0 2 4 2 4 5 5 1 2 2 2 3 0 0 2 4 2 1
   1 4 0 5 0 0 3 5 3 0 2 5 4 1 5 1]
  [0 2 4 4 0 0 3 0 2 4 0 3 2 4 5 4 2 3 4 4 1 2 2 2 1 4 5 2 5 1 1 1 2 4 0
   4 1 1 5 3 3 3 2 5 0 1 1 3 1 1 1 2 0 0 2 2 4 5 1 5 1 3 3 0 2 1 5 3 5 1
   5 3 3 4 2 3 0 5 3 2 3 4 2 3 1 3 0 3 2 3 0 3 3 0 0 3 1 4 4 4 1 3 1 4 4
   3 0 1 3 4 1 1 1 2 2 2 2 1 1 4 4]
  [0 2 4 1 2 3 0 3 1 4 5 5 4 4 1 2 1 2 1 2 1 4 1 1 0 0 0 3 3 0 3 1 4 5 5
   3 4 5 4 5 2 3 0 1 2 3 5 2 0 2 0 4 5 4 3 4 3 2 1 5 1 3 4 2 3 1 1 0 5 5
   0 4 5 1 5 3 5 0 1 1 5 2 3 2 5 1 1 3 2 5 3 1 1 1 0 1 0 3 3 5 0 4 4 0 2
   2 1 5 3 0 1 0 4 2 2 1 2 4 4 4 2]
  [0 0 5 0 2 0 4 0 4 5 4 0 1 2 5 2 2 1 2 0 3 5 3 2 3 4 3 4 5 4 4 1 3 3 1
   4 5 2 0 2 0 0 1 0 4 2 5 0 2 3 2 0 2 5 2 3 5 0 0 0 1 3 3 1 1 2 3 0 2 4
   1 4 0 4 2 5 1 0 0 5 4 1 2 1 1 2 1 3 4 1 0 1 5 4 3 2 0 0 4 0 5 5 4 5 2
   5 4 4 4 2 4 5 3 1 1 3 5 0 4 0 1]
  [0 0 1 3 2 4 0 0 0 2 5 4 5 1 0 2 3 1 1 0 1 1 0 2 2 2 5 4 2 0 0 1 5 2 2
   4 3 1 1 0 1 3 1 3 2 1 3 2 3 1 1 4 5 0 3 5 4 5 3 0 1 3 0 3 1 1 3 1 5 3
   1 5 2 1 5 5 2 4 5 2 3 5 2 0 4 0 1 5 0 4 0 2 2 1 4 2 0 1 1 0 2 5 1 1 1
   0 3 4 0 5 2 0 2 0 2 2 0 0 1 3 1]
  [0 5 4 4 4 1 4 3 4 0 3 2 0 0 0 0 3 4 4 2 3 0 1 5 5 1 0 2 0 3 4 3 0 4 4
   5 0 4 5 1 1 1 3 5 1 2 2 2 1 0 0 4 4 3 3 5 5 5 1 1 1 3 1 2 5 1 5 2 5 2
   0 2 0 1 4 4 4 0 2 0 1 3 5 3 2 5 5 2 3 1 1 5 2 0 3 3 4 2 4 2 5 1 2 2 5
   1 2 0 1 4 0 3 3 5 1 5 0 1 3 5 1]
  [0 5 2 5 3 4 1 4 2 0 0 5 4 1 3 5 1 4 4 0 3 4 2 1 0 1 1 3 1 0 4 0 2 0 2
   2 1 2 0 5 3 0 3 2 3 1 4 0 1 4 4 1 4 2 1 3 0 4 5 0 2 4 5 0 4 5 4 4 1 0
   0 2 5 5 1 5 4 3 5 2 1 0 3 2 3 0 3 1 0 2 4 1 2 4 0 3 1 4 5 4 3 1 1 4 0
   2 5 2 1 3 0 5 3 3 4 4 1 3 5 2 5]
  [0 1 2 3 2 3 5 2 4 2 0 0 3 2 2 5 1 5 0 0 3 1 4 0 0 0 1 3 0 1 5 4 5 4 5
   2 0 3 3 1 0 0 5 4 4 5 2 1 2 1 2 3 0 5 0 3 5 0 3 0 5 3 5 3 0 2 1 2 3 2
   4 5 0 0 3 1 0 3 5 5 0 5 3 2 4 2 0 4 0 2 5 3 3 5 4 2 2 5 5 4 4 2 0 4 5
   1 2 3 3 1 5 5 1 2 3 0 5 2 2 4 2]
  [0 0 4 5 0 0 0 5 5 1 1 4 0 0 5 3 4 5 1 0 4 3 2 2 0 3 4 4 1 2 2 1 5 2 4
   3 4 3 2 2 2 0 3 4 1 1 5 0 1 2 4 1 1 4 5 0 2 5 5 5 2 1 2 3 3 5 2 4 0 2
   3 4 1 0 3 1 3 3 2 3 0 0 4 1 5 4 3 2 3 0 5 0 3 2 0 3 2 5 0 3 1 1 1 3 3
   1 1 3 2 1 5 4 4 5 2 5 5 5 5 0 1]
  [0 0 0 2 5 2 3 1 3 3 2 3 2 0 0 5 4 3 0 1 2 4 2 0 1 3 2 1 1 2 0 0 3 0 2
   0 4 5 4 4 1 2 5 1 2 5 3 4 5 4 3 3 4 4 0 2 0 4 5 1 1 5 5 1 2 2 3 3 2 2
   0 0 3 1 3 2 0 0 3 5 4 0 2 5 2 4 2 5 0 2 5 1 4 1 2 2 3 3 1 0 1 5 2 0 1
   0 1 2 5 3 1 2 5 3 2 5 2 0 0 3 0]
  [0 4 2 2 0 1 4 0 1 3 3 5 1 0 0 2 1 0 3 3 0 5 1 4 4 4 5 1 2 4 1 5 0 4 3
   2 4 0 1 2 4 0 5 5 5 1 1 3 2 4 1 0 0 1 4 4 2 1 4 0 5 3 1 4 2 4 5 5 4 5
   4 5 2 0 3 0 3 4 2 1 0 4 4 4 2 0 4 5 4 3 3 3 5 1 0 4 3 4 2 2 0 3 3 2 1
   4 0 4 1 4 3 0 2 2 3 2 5 4 1 2 3]
  [0 2 0 3 2 2 2 4 5 1 5 3 3 5 3 0 2 5 2 1 2 1 0 0 4 1 0 1 5 0 2 5 5 4 2
   0 3 0 3 1 3 0 1 3 2 2 4 2 1 2 2 1 5 3 4 0 0 1 0 4 3 2 1 5 0 5 5 0 1 2
   4 0 4 5 5 3 0 5 1 5 3 1 1 3 2 4 1 0 5 4 3 5 4 1 4 5 4 4 5 2 2 2 2 0 3
   3 3 4 1 4 5 2 1 0 4 3 1 5 1 4 3]
  [0 0 5 4 2 2 4 0 5 2 5 1 0 5 2 1 0 0 2 0 2 5 0 2 2 1 2 0 0 3 0 2 2 3 1
   2 0 4 4 1 5 5 4 0 2 4 1 1 0 5 3 4 0 5 4 4 1 4 1 5 0 4 3 4 3 5 3 1 1 4
   3 3 1 2 1 3 1 2 4 5 3 2 0 2 5 3 5 3 0 4 3 5 0 5 4 4 3 2 2 4 4 5 2 5 3
   5 0 1 2 3 0 0 4 0 3 2 2 0 3 5 2]
  [0 2 1 3 1 0 4 3 1 0 1 0 3 5 2 0 0 0 0 4 4 2 4 2 1 5 2 1 5 1 1 3 1 0 2
   1 0 1 2 1 5 4 1 1 0 0 2 3 1 0 1 2 2 1 0 2 0 1 5 0 5 3 4 4 4 3 0 5 0 4
   1 4 0 3 0 1 3 1 4 2 1 3 4 4 4 1 2 2 3 0 4 3 5 5 4 2 2 2 0 2 4 3 1 0 5
   0 1 0 0 0 4 4 3 5 1 5 4 2 2 3 5]
  [0 0 3 2 2 3 0 4 3 2 0 5 0 0 1 1 4 1 0 1 1 0 1 4 0 3 3 2 5 0 1 3 5 2 0
   5 5 1 2 4 3 0 1 2 0 1 4 3 1 4 4 5 3 2 0 1 1 0 2 1 3 0 5 2 0 5 4 5 0 2
   4 5 5 0 3 0 1 3 1 0 5 3 3 4 3 0 0 3 3 3 3 1 4 4 1 0 2 4 3 5 1 3 1 0 0
   0 2 2 4 3 2 0 4 0 1 2 3 1 4 1 1]
  [0 3 5 3 0 3 3 1 4 4 4 3 5 1 0 2 0 1 5 0 0 1 5 3 0 2 5 2 3 3 5 5 1 5 3
   3 5 2 4 0 5 3 4 4 2 0 2 2 2 2 4 4 3 3 5 2 4 5 3 2 2 5 2 2 5 2 3 2 1 2
   1 1 5 4 5 2 2 1 1 3 1 0 4 1 0 0 5 5 1 1 1 5 4 3 0 3 4 4 3 5 0 5 2 4 4
   1 0 1 1 5 1 5 0 3 2 1 1 0 1 0 3]
  [0 4 0 0 4 3 0 1 5 3 2 2 1 2 0 3 1 4 3 1 0 5 5 1 0 2 2 5 1 5 3 5 2 4 4
   0 4 5 5 2 0 2 5 1 0 4 4 2 4 5 2 2 5 2 5 0 0 4 4 4 1 2 4 0 5 0 1 2 1 4
   0 2 4 3 5 4 3 4 4 2 0 0 5 4 0 4 4 2 1 5 5 1 0 4 1 1 3 3 2 1 4 5 2 1 3
   4 4 2 4 2 5 2 4 2 5 2 2 2 1 0 0]
  [0 2 2 5 0 2 0 2 2 5 0 0 0 5 5 2 0 5 2 5 5 0 0 4 2 1 1 3 3 3 5 2 4 5 1
   1 5 1 5 3 1 5 5 5 1 2 4 2 3 3 4 3 4 4 0 4 4 3 0 5 1 2 0 1 5 4 3 1 0 2
   2 5 0 4 2 5 4 5 5 1 5 0 4 4 3 5 3 1 4 4 0 0 3 2 1 1 1 5 4 0 2 5 0 0 1
   3 1 5 5 2 0 0 5 1 3 1 3 5 0 1 1]
  [0 0 0 1 2 5 3 4 1 0 4 4 0 2 5 0 4 4 0 1 1 3 0 5 1 2 1 3 1 4 1 0 3 4 2
   4 1 2 1 1 2 4 0 3 2 1 4 0 0 4 1 4 5 2 1 5 5 5 4 0 4 1 2 3 2 1 0 0 4 2
   0 1 0 4 5 5 3 0 2 1 4 3 4 2 4 5 4 3 4 2 3 3 1 5 1 0 0 4 4 2 2 5 5 2 2
   0 4 4 2 2 1 5 2 1 3 4 2 5 5 5 0]
  [0 3 3 0 4 1 3 1 0 4 3 2 1 5 2 2 3 2 5 5 4 4 3 0 5 1 5 3 2 3 4 3 0 5 3
   4 4 4 0 3 1 0 3 4 1 1 0 2 1 4 0 5 3 5 4 4 1 4 0 4 3 4 5 2 2 5 4 1 4 5
   1 5 5 2 2 0 0 0 5 0 5 4 4 1 3 1 5 1 3 4 4 5 4 2 4 2 3 5 1 2 2 5 5 1 3
   4 5 2 5 1 2 0 1 5 0 2 0 4 1 1 1]
  [0 0 2 3 3 2 1 2 5 3 0 4 4 3 4 2 0 0 0 4 5 0 2 5 0 1 1 1 1 3 2 1 5 2 4
   0 1 2 5 2 1 4 5 4 0 0 4 2 2 5 4 0 5 2 2 3 1 0 1 5 4 0 0 5 3 2 5 1 1 2
   5 0 0 0 4 5 3 5 3 4 4 1 0 4 2 3 3 0 1 4 3 5 0 5 5 5 2 4 3 3 1 1 5 4 2
   5 4 0 3 2 1 0 4 0 1 4 5 1 0 3 5]
  [0 2 0 0 4 4 3 5 3 2 1 4 0 4 0 4 3 1 1 0 4 2 0 3 5 0 2 5 3 3 4 5 2 0 1
   5 4 0 5 4 1 5 3 2 2 5 2 4 0 0 0 1 5 4 1 4 5 3 4 5 5 2 0 1 5 3 0 1 2 1
   4 0 3 5 1 4 3 3 0 3 4 1 3 5 1 5 4 1 4 3 1 4 2 1 5 2 0 4 4 2 3 0 1 4 1
   2 1 1 3 5 4 2 4 4 5 5 3 2 0 4 5]
  [0 3 2 5 2 5 3 2 1 3 2 1 0 3 2 2 3 5 3 0 0 2 1 5 0 5 0 5 5 4 4 3 2 2 2
   3 3 3 3 1 4 3 3 3 1 3 4 5 0 0 0 4 1 3 2 1 2 4 5 3 0 1 2 1 5 5 0 2 2 5
   5 3 3 2 4 4 2 3 3 4 0 2 5 3 3 0 0 2 1 5 3 3 0 2 5 2 0 1 3 4 1 1 1 2 2
   3 1 0 2 0 0 2 2 5 2 2 0 4 2 4 2]
  [0 4 0 5 1 0 3 0 4 3 1 3 1 3 1 4 5 0 3 3 5 0 4 4 5 1 1 0 4 1 5 4 2 3 3
   5 4 0 5 1 2 5 5 3 1 4 5 4 5 4 5 4 2 3 1 2 4 0 5 0 2 1 3 4 5 5 5 3 0 5
   1 4 4 1 0 2 3 2 0 0 4 3 5 5 5 2 1 2 0 0 5 1 4 5 2 5 4 5 0 3 0 1 3 1 1
   4 1 4 2 0 1 5 2 2 5 0 1 2 3 2 3]
  [0 4 3 2 0 2 2 4 0 2 2 5 5 0 4 0 0 0 4 3 4 5 2 4 0 2 4 2 0 4 1 5 1 1 2
   4 1 3 3 3 2 1 5 3 3 2 4 2 2 0 4 4 4 3 2 5 3 2 5 0 1 1 0 5 2 0 5 5 3 1
   0 2 2 2 0 0 5 2 2 2 1 4 1 5 4 5 5 1 5 5 2 4 1 4 5 2 5 4 3 4 4 5 3 1 0
   5 3 4 3 3 1 0 3 1 3 2 3 4 3 1 3]
  [0 2 3 0 4 0 2 0 0 4 1 3 5 5 4 1 0 2 3 5 2 4 1 3 1 5 4 5 1 0 1 1 5 0 2
   0 3 0 0 2 2 0 1 2 1 3 1 5 4 2 1 3 2 3 1 4 2 0 4 1 4 2 5 4 3 4 2 0 4 3
   5 1 0 0 3 0 0 5 0 0 0 5 0 5 2 3 3 1 0 2 3 4 1 4 3 0 1 1 4 5 3 1 1 2 5
   3 1 2 4 3 5 2 5 0 2 1 4 4 2 3 3]
  [0 0 3 4 3 1 4 2 1 0 5 5 1 3 3 3 1 5 4 4 1 1 0 1 3 1 5 1 5 1 0 1 5 4 0
   5 4 1 4 4 3 0 2 0 4 1 0 2 1 4 2 3 4 5 0 3 5 3 5 3 2 1 0 0 1 3 2 0 0 4
   5 0 0 4 0 5 2 5 3 3 2 3 4 5 1 4 3 2 2 0 3 2 2 0 1 0 5 5 3 3 1 0 4 1 0
   3 5 3 0 3 4 0 5 3 3 5 5 4 0 4 3]
  [0 3 5 5 3 3 1 3 1 2 3 3 0 2 2 1 5 0 5 5 0 5 4 4 4 5 3 0 4 2 0 0 5 1 2
   1 3 2 1 5 1 1 4 5 3 2 4 2 0 3 3 5 2 4 0 3 2 1 1 4 3 2 5 4 4 5 3 3 3 2
   0 2 2 5 2 1 0 2 2 1 1 0 3 2 0 2 3 3 1 0 5 2 2 0 5 3 1 5 4 3 2 2 3 5 1
   1 3 0 0 0 2 5 4 4 4 0 0 5 5 4 5]
  [0 2 5 2 4 1 4 0 0 5 4 5 4 2 1 3 4 0 1 5 3 3 3 4 3 0 0 2 0 0 1 5 0 3 5
   0 2 0 5 1 4 2 3 0 2 3 2 2 0 2 2 0 0 5 2 2 1 1 3 4 0 3 2 4 0 5 2 4 4 1
   1 2 3 5 0 1 2 2 1 4 2 3 3 2 0 3 1 1 3 0 5 3 3 4 0 4 5 5 1 2 1 0 0 3 2
   3 4 0 3 2 4 2 5 2 4 2 2 1 2 3 4]
  [0 0 3 5 0 1 0 5 4 4 1 5 2 5 1 3 0 0 5 5 4 0 3 0 1 5 3 4 4 4 1 1 2 0 2
   1 1 4 4 3 1 3 3 0 3 2 2 1 2 4 4 4 4 0 5 2 5 3 2 1 5 3 2 0 2 4 5 4 1 3
   5 0 0 3 0 4 3 0 0 4 3 3 3 2 0 5 0 2 5 5 4 4 2 2 5 1 5 1 3 0 1 0 1 5 4
   4 1 3 3 5 0 5 5 1 0 0 0 5 4 5 5]
  [0 3 0 0 5 1 0 4 4 1 4 1 5 0 1 0 3 1 2 1 0 4 5 2 0 5 3 0 2 0 3 5 0 5 0
   5 1 1 3 2 5 3 5 5 1 3 5 2 3 3 2 4 5 4 5 3 2 1 1 3 4 5 1 0 2 2 3 3 0 1
   2 1 5 2 2 0 1 4 4 4 2 2 3 5 3 5 0 0 1 5 3 0 0 4 1 5 5 1 5 0 4 2 5 5 1
   3 0 4 4 2 0 2 5 0 4 2 4 1 1 1 2]
  [0 0 0 4 3 0 3 1 4 3 4 3 2 3 2 5 1 2 1 4 1 5 1 5 5 3 5 3 1 2 1 1 1 0 1
   0 3 3 0 5 0 4 2 1 0 4 2 1 3 1 4 1 1 5 2 5 4 2 4 1 1 0 5 0 4 1 2 0 2 3
   5 3 3 1 2 1 1 4 4 2 1 0 2 0 4 4 0 1 1 0 4 4 5 2 4 5 5 5 4 5 4 2 1 0 1
   1 5 2 0 4 1 4 1 1 3 2 1 0 1 5 3]
  [0 2 1 4 2 1 5 5 4 5 4 4 3 0 2 0 3 2 2 2 0 1 3 1 5 0 3 3 5 4 4 3 4 4 0
   4 0 0 2 3 4 4 0 4 1 2 5 3 2 5 3 5 3 5 4 1 4 0 2 5 3 2 3 0 5 1 3 2 4 3
   5 1 3 0 2 3 1 4 4 3 4 2 4 5 3 4 1 3 3 1 3 2 4 0 1 2 4 5 5 1 0 3 2 1 3
   3 2 0 0 3 2 4 2 4 3 2 5 4 4 0 2]
  [0 5 3 3 0 2 1 5 3 3 4 2 5 5 1 4 1 3 3 5 5 1 2 5 4 4 0 4 3 1 2 3 1 5 3
   3 5 0 5 3 2 2 1 2 0 5 4 4 0 1 5 1 0 5 1 2 3 0 3 5 4 5 0 4 4 3 4 4 4 1
   1 4 0 4 1 5 5 1 5 0 1 4 3 4 3 0 1 5 4 2 3 5 5 2 3 4 0 4 1 5 2 2 3 1 5
   2 4 2 5 1 3 4 3 4 2 0 2 0 5 5 4]
  [0 5 1 4 1 1 2 4 1 2 3 0 0 0 3 4 2 5 0 2 2 1 4 4 5 5 3 2 2 0 4 3 5 2 5
   1 3 1 0 4 1 1 3 1 5 2 1 2 4 1 5 2 4 0 3 4 4 3 1 1 2 4 1 4 2 0 1 3 3 0
   2 1 5 4 0 1 4 1 5 5 4 1 3 1 2 4 1 1 5 4 4 4 2 5 3 3 4 0 1 4 3 1 3 2 5
   0 5 2 5 2 1 5 1 5 1 4 5 2 0 4 0]
  [0 5 2 5 1 0 3 2 4 1 1 0 4 3 3 2 0 5 3 3 2 1 1 4 5 1 4 5 2 1 5 1 5 5 1
   3 4 2 0 0 1 5 0 4 2 1 2 1 0 0 2 2 4 2 3 5 5 0 1 4 5 4 2 2 1 5 2 0 5 3
   5 0 4 4 3 2 2 2 4 1 5 1 1 4 3 3 5 0 3 0 1 4 2 5 2 5 1 4 3 3 3 2 5 2 5
   4 2 5 1 2 3 1 0 5 2 0 1 4 1 1 1]
  [0 0 3 1 2 2 5 2 2 5 3 1 5 3 4 4 4 2 0 3 2 5 2 2 5 5 3 3 3 0 4 3 2 5 0
   2 1 0 4 4 0 0 4 1 0 1 5 5 1 4 4 4 1 0 1 4 3 1 4 5 1 1 1 0 5 4 5 4 2 2
   0 4 0 3 3 3 0 1 4 4 1 4 0 3 5 3 3 2 3 1 4 0 3 3 2 3 3 4 0 5 2 0 2 4 3
   4 5 5 4 5 2 5 5 4 1 1 4 2 0 3 1]
  [0 3 5 3 3 2 3 4 2 5 4 5 4 4 1 4 2 5 3 4 3 3 1 2 0 1 2 4 2 2 5 2 1 5 4
   1 2 1 1 3 5 0 4 4 0 1 0 4 5 3 2 4 0 3 2 2 5 3 3 0 2 3 1 4 1 2 1 1 3 4
   1 1 3 5 1 2 2 3 5 4 0 3 4 4 3 4 1 5 1 4 1 2 2 2 1 2 0 2 4 0 0 5 3 2 4
   1 5 1 0 1 3 0 0 0 1 3 2 5 5 0 2]
  [0 0 3 5 5 1 0 2 2 4 3 3 3 2 3 5 3 3 5 4 0 5 3 3 2 5 1 4 5 4 5 0 3 2 1
   3 3 3 5 3 5 2 0 0 2 4 4 4 0 3 5 5 1 1 1 3 1 5 4 0 4 5 0 4 1 5 4 4 1 5
   2 3 5 4 3 4 2 5 5 0 5 2 2 3 5 1 5 0 1 4 4 4 4 3 5 1 0 3 2 4 1 1 4 4 2
   2 1 3 3 5 4 5 3 5 2 0 4 1 4 5 1]
  [0 2 5 1 3 1 5 3 5 2 5 5 2 3 5 1 4 1 5 4 3 0 5 4 0 4 2 1 2 0 5 3 5 1 1
   5 4 4 3 0 4 0 4 0 3 4 1 3 2 1 3 5 1 4 0 2 2 2 5 2 5 1 2 2 5 0 5 0 3 2
   1 2 0 2 2 0 4 3 2 1 3 2 0 4 5 4 1 5 5 4 4 4 0 3 4 3 4 4 4 3 1 0 4 0 2
   1 0 2 5 3 4 4 3 1 3 5 3 2 5 2 3]
  [0 1 1 5 0 3 1 0 4 0 5 2 0 4 0 1 2 3 4 0 1 5 5 3 0 0 5 2 5 2 2 0 3 5 4
   1 3 1 5 4 3 2 0 0 0 4 1 2 5 4 2 3 0 4 4 1 4 2 3 2 2 3 4 1 5 4 0 1 4 0
   4 5 0 2 3 4 0 0 3 0 4 5 5 4 0 0 1 5 4 4 2 3 4 5 1 5 4 5 4 2 0 3 0 2 2
   5 2 0 5 2 0 3 3 0 5 5 3 0 1 1 0]
  [0 2 2 2 0 5 2 0 2 4 5 1 4 3 2 2 0 4 3 3 3 0 2 0 4 5 5 5 3 1 3 0 0 4 2
   5 2 2 0 0 3 1 0 2 3 0 5 4 1 1 2 4 2 4 4 5 3 4 0 5 1 0 0 1 4 2 3 1 3 2
   5 0 1 5 2 4 2 1 0 3 5 5 5 3 5 2 3 4 5 0 5 5 2 4 5 5 1 4 5 1 0 1 4 5 2
   0 0 1 0 2 1 4 2 3 1 2 3 2 2 3 4]
  [0 4 5 5 1 1 4 0 5 0 1 1 1 3 0 2 0 1 4 3 1 3 1 0 3 1 1 0 1 2 0 3 5 3 1
   2 2 0 4 2 1 4 5 0 5 5 0 3 2 5 2 3 0 4 3 2 1 4 4 5 0 4 1 4 1 1 4 5 0 1
   3 2 5 3 4 2 1 2 5 1 1 0 4 2 2 3 2 3 2 1 2 0 0 5 1 4 4 5 4 0 0 5 3 5 3
   4 4 2 3 4 4 2 2 0 0 2 1 4 5 5 1]
  [0 0 3 3 4 1 0 0 3 5 5 3 1 2 3 0 3 2 1 0 5 0 5 4 0 2 4 2 0 3 3 3 1 3 0
   3 5 2 0 1 1 5 4 0 3 5 1 0 4 2 5 1 5 1 3 1 5 0 2 3 1 1 5 5 3 5 0 4 1 0
   1 5 5 0 4 4 5 2 1 2 1 1 0 4 0 4 4 2 2 5 4 1 3 2 4 4 5 0 3 4 3 5 4 3 4
   5 3 1 5 4 5 1 5 2 1 0 4 2 2 4 4]
  [0 0 4 4 2 0 0 5 1 2 0 4 5 4 4 5 4 0 3 1 2 5 4 0 1 5 4 2 1 4 5 2 4 2 0
   4 1 0 2 2 0 0 3 4 1 2 3 4 0 0 3 5 5 2 4 4 3 1 4 5 5 4 3 0 1 1 3 2 5 0
   3 1 1 0 0 5 0 5 3 0 3 3 2 5 5 0 1 2 4 3 3 5 2 2 0 3 1 2 0 1 2 4 1 1 5
   3 2 4 1 5 0 4 1 4 5 2 2 4 2 5 1]
  [0 2 1 5 1 0 2 4 5 3 0 3 2 5 1 5 0 3 0 0 4 4 0 1 1 5 1 2 3 0 0 5 4 4 1
   0 5 4 3 5 0 1 5 4 0 4 5 5 4 0 4 1 1 1 1 4 1 0 0 0 0 1 4 3 5 0 1 1 4 1
   3 1 2 1 3 3 0 5 3 2 3 0 2 3 5 5 3 0 5 1 0 4 2 3 1 5 5 0 5 0 2 2 0 3 1
   5 4 4 1 1 4 4 0 3 3 0 4 0 1 0 1]
  [0 5 1 1 1 1 3 3 2 1 1 0 4 0 3 3 3 3 1 1 1 3 3 5 0 2 5 3 2 4 4 1 1 0 0
   5 0 4 0 3 4 3 3 1 0 2 3 4 0 0 0 0 5 0 1 0 3 1 1 5 5 4 2 3 5 1 4 3 4 1
   3 5 1 2 5 3 1 4 1 5 4 1 3 0 5 0 1 1 5 2 4 4 3 0 3 2 4 3 3 1 3 5 3 5 5
   0 2 0 3 5 3 4 0 3 1 2 3 3 0 0 0]
  [0 2 0 5 5 4 3 3 5 3 0 0 3 2 1 0 0 3 0 5 5 4 2 3 2 4 5 3 2 3 2 1 4 1 5
   3 1 5 0 5 1 0 0 1 0 1 3 2 4 0 2 0 2 2 3 3 3 1 3 2 1 0 5 1 5 5 2 4 2 5
   1 2 1 0 1 4 5 0 2 2 1 5 1 0 3 2 4 1 3 2 3 3 1 3 1 2 4 3 5 4 1 4 0 5 2
   1 0 3 0 2 4 4 1 2 3 2 0 2 3 0 1]
  [0 5 5 3 3 3 1 0 4 3 2 4 5 2 5 1 5 2 0 5 1 4 1 3 0 4 3 3 1 2 1 0 5 3 3
   0 3 4 0 5 2 4 1 3 0 0 1 5 0 5 5 4 0 4 0 1 4 4 4 5 2 3 4 5 0 5 5 1 1 2
   4 5 3 3 3 4 2 2 2 0 1 3 4 5 0 0 3 1 0 2 3 1 2 1 3 1 2 1 0 4 5 3 4 4 5
   3 3 3 4 0 1 5 3 1 0 3 1 1 0 2 5]
  [0 1 4 0 2 3 2 2 1 1 0 0 1 0 2 0 4 1 3 5 3 5 1 5 1 0 2 5 1 0 0 2 1 4 1
   1 0 0 5 2 0 1 3 4 5 1 3 4 0 4 4 5 1 0 5 3 4 0 2 2 5 0 0 1 4 2 4 2 4 5
   0 4 4 5 2 4 3 1 2 2 4 4 2 4 3 5 1 2 5 3 3 4 0 5 0 2 3 1 5 1 1 4 3 5 5
   5 0 4 0 3 2 4 1 2 0 0 2 0 5 0 5]
  [0 3 3 5 0 0 4 5 5 1 5 0 3 0 3 4 0 1 2 0 0 1 1 0 2 4 0 0 1 3 4 3 2 5 1
   1 1 3 1 5 0 1 1 3 4 5 2 0 1 0 5 0 5 3 0 4 0 4 5 3 2 4 3 0 2 5 5 5 5 3
   4 3 1 3 3 3 4 1 1 2 5 1 1 3 1 5 1 4 2 0 2 3 3 2 3 5 5 3 1 3 2 2 0 2 0
   5 1 5 4 2 4 5 0 1 5 5 0 5 5 0 0]
  [0 0 3 0 4 5 3 4 0 4 1 1 1 3 5 0 0 2 3 0 4 0 0 4 1 1 4 3 4 0 0 3 2 3 4
   4 5 2 5 1 4 0 3 0 5 3 1 4 0 5 4 4 5 2 3 0 4 2 2 5 5 4 5 5 5 4 5 0 2 5
   3 4 5 3 3 0 5 0 5 0 2 3 1 4 1 4 4 3 2 5 2 2 4 1 0 2 0 0 2 4 5 3 5 1 1
   1 5 1 2 3 0 3 2 0 5 1 5 5 0 1 1]
  [0 4 4 1 3 1 5 1 2 5 5 2 2 4 0 1 4 4 3 4 5 3 4 5 0 0 1 4 0 4 3 3 1 4 4
   2 0 0 0 3 4 0 5 4 5 2 3 0 3 3 3 1 0 0 1 4 0 4 5 3 3 1 2 1 1 5 0 4 5 0
   4 2 5 3 3 3 2 1 5 0 4 1 3 3 0 1 3 3 0 0 1 4 5 4 5 1 3 4 3 2 0 1 4 0 3
   4 4 1 2 1 1 0 1 5 0 5 3 0 4 1 3]
  [0 4 3 3 4 3 2 0 4 3 0 2 1 0 5 2 0 1 2 2 1 2 5 1 2 0 2 1 1 4 3 4 5 5 4
   4 3 2 3 0 5 5 3 4 2 5 5 1 2 4 1 2 4 1 5 3 3 0 1 0 1 0 2 3 2 3 4 2 4 3
   3 3 4 2 4 3 2 2 0 1 4 5 3 2 4 4 4 4 2 5 5 3 2 2 5 0 2 1 4 2 5 5 4 1 2
   1 2 5 1 0 3 4 1 5 5 1 4 4 1 5 2]
  [0 5 1 2 2 4 4 5 5 5 2 4 0 0 1 2 1 1 3 0 5 3 2 2 0 3 0 0 5 0 2 2 2 0 3
   4 1 4 5 2 5 0 3 0 0 4 0 3 0 1 4 5 3 0 0 5 0 3 0 2 3 5 5 3 5 3 2 0 0 5
   2 0 1 4 4 3 3 3 4 3 5 2 2 4 5 1 4 4 4 3 0 5 3 2 2 0 1 5 0 3 5 2 4 0 4
   5 1 2 2 1 5 0 5 4 2 0 4 3 1 4 0]
  [0 0 3 4 0 4 1 3 0 2 1 5 0 1 4 1 2 5 3 0 1 2 1 5 0 4 5 1 1 1 5 3 1 1 3
   1 5 4 4 4 2 3 2 1 4 1 1 1 5 4 0 1 2 0 5 2 1 4 2 0 4 0 5 1 0 1 4 3 1 2
   0 1 1 0 4 2 4 5 3 0 2 2 4 2 3 3 0 1 1 2 1 4 0 1 0 0 3 5 1 4 0 5 4 2 5
   4 3 4 4 2 1 4 5 5 0 1 4 3 1 5 0]
  [0 5 2 2 5 3 0 1 1 4 5 3 3 4 1 3 3 0 1 5 4 5 3 0 1 4 4 5 2 0 5 3 0 2 4
   5 5 4 4 3 5 0 3 3 2 2 0 3 1 5 2 3 5 1 4 3 3 3 4 0 0 4 1 5 0 5 5 3 5 1
   3 4 1 3 5 5 2 2 1 2 0 2 2 0 2 4 5 5 0 2 3 0 3 2 5 2 4 0 3 3 1 1 0 1 2
   4 4 3 5 0 4 3 5 0 5 1 1 2 1 0 5]
  [0 4 1 5 0 4 5 3 2 2 1 3 3 1 0 3 5 1 0 2 1 3 2 1 1 2 0 3 0 4 0 5 3 0 2
   5 0 2 0 5 4 2 3 0 4 1 5 3 4 3 5 3 4 4 2 0 1 2 0 3 0 0 4 0 5 3 1 2 1 2
   0 5 5 1 0 0 0 1 3 4 0 4 0 2 5 2 3 3 2 5 3 5 2 4 0 5 4 4 2 1 2 5 4 0 3
   4 2 0 0 0 3 2 0 3 5 1 1 0 0 5 3]
  [0 4 5 1 1 4 3 0 4 3 1 0 0 3 0 4 4 5 4 3 4 2 5 5 4 4 1 3 1 0 5 3 1 1 2
   0 4 4 0 1 2 5 3 0 5 3 2 0 0 1 0 4 0 3 1 3 4 0 1 0 0 3 0 1 5 0 4 1 2 1
   1 5 1 2 4 4 0 3 5 4 1 1 5 5 5 4 3 5 1 3 1 0 2 2 3 3 2 2 4 2 1 4 4 5 3
   0 4 1 5 5 2 5 0 5 3 1 5 3 2 3 4]
  [0 3 1 4 3 0 3 4 2 3 2 1 2 2 3 1 4 3 5 4 5 3 2 0 0 0 5 5 1 2 2 5 4 4 3
   4 5 2 0 4 3 2 4 3 1 1 5 1 0 0 4 2 0 0 4 1 1 4 1 0 4 4 3 0 2 4 2 0 2 2
   5 2 5 4 0 5 0 2 4 4 0 2 1 3 0 1 5 0 1 0 4 1 2 4 5 4 5 0 3 2 5 2 2 1 3
   3 0 2 4 3 5 3 1 0 5 1 5 2 4 1 0]
  [0 5 0 0 5 0 2 1 1 1 3 1 1 1 4 4 4 0 4 5 1 1 3 0 2 5 4 5 4 1 4 3 0 5 1
   0 3 1 2 0 5 0 4 2 2 4 2 1 5 1 5 0 5 4 1 1 5 3 3 0 4 4 1 3 0 0 2 5 4 1
   2 4 1 2 3 3 4 1 1 2 2 0 0 5 5 0 4 0 5 1 2 2 0 1 3 4 2 2 1 1 1 2 0 2 0
   0 2 0 1 4 1 5 2 5 3 3 3 1 1 4 5]
  [0 0 5 5 3 3 0 4 1 3 5 1 1 0 5 2 1 2 1 3 0 3 4 3 0 4 4 2 1 5 3 0 1 5 0
   2 4 2 2 4 1 0 4 4 5 1 5 2 5 1 4 3 2 5 0 2 4 0 0 1 0 3 5 0 4 0 2 1 4 2
   1 5 3 2 2 2 1 1 4 0 1 3 5 0 1 2 0 0 1 0 4 0 4 4 2 0 4 3 0 2 3 4 4 2 2
   2 0 4 5 5 3 5 1 4 4 2 4 4 2 4 0]
  [0 4 5 0 2 2 5 0 2 4 3 0 5 0 3 3 3 0 2 2 0 4 0 4 0 1 3 0 3 0 4 0 4 4 4
   3 1 2 5 0 2 2 1 3 1 0 3 2 2 4 1 4 3 3 5 0 3 0 5 5 1 5 4 0 4 4 0 2 3 2
   3 2 0 1 0 4 3 4 2 3 2 1 5 2 5 1 5 4 3 5 0 2 3 2 0 2 2 1 1 1 4 2 1 1 2
   5 5 1 5 4 2 3 4 4 4 5 4 3 2 1 2]
  [0 4 1 4 3 5 1 3 3 0 1 2 5 5 4 0 2 3 4 5 3 1 1 4 2 1 1 4 0 1 3 4 4 4 2
   3 0 2 3 5 2 1 1 2 0 2 0 4 4 2 1 1 4 2 4 2 4 5 5 3 3 4 5 0 3 4 2 0 0 4
   2 1 4 4 5 0 5 4 4 0 0 4 3 4 1 4 2 4 2 3 0 1 1 4 3 2 1 0 0 5 2 3 2 3 1
   1 2 2 5 4 4 5 5 3 1 5 3 3 3 4 4]
  [0 5 0 0 2 3 2 0 4 3 3 3 2 0 5 5 2 4 0 4 4 1 3 1 5 3 1 2 5 0 0 5 1 3 5
   5 5 0 0 5 5 3 5 4 2 3 5 1 2 1 2 3 5 4 2 0 0 2 3 4 3 3 2 5 4 4 0 5 0 2
   4 2 4 3 1 1 5 3 5 5 5 2 3 5 2 4 4 3 0 5 5 4 4 5 5 0 4 2 0 1 2 0 2 1 4
   2 0 5 2 0 5 5 1 1 1 0 0 4 2 4 3]
  [0 5 1 0 2 5 3 1 5 1 4 4 2 2 3 2 0 2 3 2 4 4 5 1 1 0 4 3 0 4 4 4 3 0 4
   1 2 0 0 1 3 0 2 3 1 4 3 3 5 5 2 5 4 0 4 1 1 3 0 1 2 4 1 0 1 5 1 2 5 0
   1 5 0 3 5 5 1 4 3 2 0 2 1 4 1 1 4 0 1 5 0 0 2 3 0 2 3 1 2 5 0 2 0 4 2
   1 3 4 0 1 0 5 3 0 5 3 1 3 2 0 2]
  [0 5 0 5 3 5 4 5 4 5 1 2 3 2 1 4 3 1 5 0 0 4 2 0 2 3 2 2 4 4 4 1 5 0 0
   1 0 4 0 2 1 2 2 2 4 5 4 4 0 5 1 4 4 4 2 2 2 0 1 0 2 0 5 3 2 4 1 1 3 2
   0 3 2 5 5 5 4 4 5 0 0 1 2 2 1 4 2 4 1 3 1 0 5 2 2 2 4 2 2 3 0 5 2 5 5
   3 5 0 0 0 0 1 3 5 2 5 3 0 0 0 4]
  [0 3 4 3 4 4 5 2 5 1 3 1 3 2 3 2 4 4 2 0 1 2 4 0 3 2 1 2 0 5 1 4 4 4 3
   2 3 3 1 3 0 3 2 4 3 1 0 0 1 3 2 1 5 2 1 3 1 5 5 4 4 5 4 2 3 2 5 5 2 5
   3 0 1 3 3 0 3 3 5 2 0 3 0 5 5 2 5 3 2 1 0 4 0 0 3 2 5 0 3 2 5 3 3 1 0
   2 0 3 4 1 5 1 3 2 3 5 5 0 1 0 1]
  [0 1 3 3 4 3 5 2 5 2 1 4 1 3 1 0 5 3 2 4 1 2 2 0 0 5 1 1 3 0 3 0 3 0 0
   1 1 4 5 5 4 5 3 1 2 2 0 4 5 3 3 0 0 5 5 2 1 1 0 3 2 5 2 2 3 1 5 0 0 2
   1 5 0 5 5 3 1 1 5 2 3 0 5 2 3 2 4 2 5 2 2 1 4 3 0 0 5 2 5 0 0 2 0 1 4
   4 1 2 4 3 0 1 0 5 1 5 3 1 5 4 3]
  [0 5 2 0 1 3 0 4 4 0 4 2 3 4 2 0 0 1 0 1 2 0 3 2 5 2 0 4 3 1 2 5 4 1 2
   0 3 1 1 1 1 0 5 3 4 1 5 0 0 4 0 3 2 5 4 1 0 5 0 3 4 0 3 5 4 0 0 2 4 5
   4 5 4 0 0 1 5 5 0 0 0 3 5 4 0 4 5 2 3 4 5 0 5 4 0 5 3 2 0 3 1 1 0 2 4
   0 1 5 0 2 0 5 3 4 0 3 2 0 3 2 3]
  [0 0 3 4 5 2 5 1 5 1 5 5 0 2 1 4 5 3 2 0 5 4 0 0 5 3 1 2 5 5 2 4 1 2 5
   5 2 0 5 2 2 4 3 0 0 4 4 3 3 5 3 3 1 1 0 1 0 0 4 4 2 2 4 2 3 4 5 1 4 2
   2 0 1 3 0 3 1 2 1 5 5 3 2 0 4 3 0 2 3 3 5 1 2 0 1 0 1 3 2 1 4 1 4 2 0
   3 4 0 0 1 2 3 1 5 0 1 1 4 0 1 5]
  [0 0 1 4 1 3 3 3 0 4 3 1 0 2 1 2 3 1 5 3 0 3 1 4 0 2 0 0 1 0 0 3 2 4 0
   4 2 2 5 1 1 1 0 2 5 4 3 3 0 1 3 5 3 5 4 4 1 1 1 3 2 4 1 4 2 3 3 4 4 2
   3 0 2 4 2 0 3 4 1 4 0 1 3 2 2 0 4 3 3 3 4 4 2 0 3 5 2 0 4 1 2 5 5 3 0
   5 1 0 0 2 3 0 4 4 3 1 0 4 2 3 1]
  [0 4 0 0 2 5 0 5 2 5 0 4 0 0 4 3 2 4 5 0 3 2 5 4 4 2 5 3 0 2 3 2 1 0 1
   3 1 5 4 2 5 0 2 3 0 5 5 4 0 4 4 3 1 3 3 1 4 0 4 2 2 4 5 2 0 5 1 5 1 0
   5 1 0 5 1 1 0 1 5 2 0 3 0 1 3 4 3 5 0 3 1 2 1 5 5 1 4 2 2 4 1 3 3 3 5
   0 0 1 3 4 1 3 1 3 1 5 2 3 5 2 1]
  [0 0 4 3 2 3 4 1 1 3 3 0 1 5 1 1 2 2 2 4 1 5 4 4 2 4 2 2 1 4 5 1 5 5 3
   3 5 3 1 1 3 2 2 1 1 4 1 4 4 4 4 0 3 0 4 1 5 2 3 4 2 4 4 5 5 0 2 3 5 1
   0 4 0 3 0 5 1 0 4 4 0 4 5 5 5 4 4 0 2 0 0 0 1 0 2 4 1 1 5 5 5 4 0 4 2
   1 2 2 1 0 2 0 4 5 2 3 0 5 5 2 3]
  [0 5 0 1 2 1 3 4 2 5 5 5 3 1 0 1 2 1 4 5 2 4 4 2 2 5 4 3 5 1 4 0 3 0 3
   0 1 4 4 2 5 1 5 5 2 2 1 2 5 4 0 5 5 1 3 1 3 1 5 1 0 2 5 4 4 4 0 5 0 1
   4 3 3 0 1 3 2 2 0 4 5 4 0 2 3 4 4 0 1 4 1 2 5 5 2 5 5 1 4 1 5 2 3 1 1
   0 5 0 4 3 0 4 0 3 3 5 5 4 1 4 2]
  [0 0 0 4 4 0 5 3 3 0 0 2 1 5 2 2 0 2 4 3 4 0 4 4 3 2 4 0 0 5 5 1 4 1 4
   4 0 0 5 0 0 3 3 1 4 2 1 0 2 1 1 1 0 3 3 3 0 5 0 1 0 1 3 3 1 2 4 3 3 2
   1 2 5 1 0 5 1 3 2 0 4 3 1 3 0 3 5 0 0 4 0 1 5 5 4 3 5 5 4 1 0 1 0 2 5
   0 0 4 1 3 0 5 5 4 5 1 0 3 2 4 5]
  [0 1 3 0 0 2 3 4 3 5 0 1 2 4 5 0 4 5 1 2 0 1 4 5 0 2 2 4 0 5 3 1 2 3 1
   4 2 2 4 1 3 2 5 1 1 3 4 2 5 5 0 1 1 5 0 5 1 0 3 4 4 4 2 2 3 1 0 0 3 0
   0 4 2 4 1 5 0 1 3 3 0 3 5 3 2 2 5 1 2 2 0 5 1 2 2 5 0 3 0 4 0 4 1 0 1
   4 5 2 1 2 4 2 4 5 4 5 0 4 0 4 3]
  [0 2 2 3 0 3 2 5 1 0 2 4 3 2 1 5 3 3 3 2 4 4 2 5 4 4 5 2 2 5 3 1 2 1 2
   5 2 3 5 4 2 5 4 2 0 0 4 1 0 0 4 2 1 4 4 3 1 1 0 5 5 2 1 0 1 2 2 0 5 2
   3 0 5 4 4 4 0 0 3 1 5 0 5 0 3 5 1 5 3 1 0 5 0 1 2 0 0 1 4 1 2 5 0 3 4
   4 0 2 0 0 3 0 1 5 4 5 3 0 5 3 1]
  [0 5 2 3 4 3 0 1 1 1 4 4 3 1 3 3 3 3 1 5 0 0 4 4 5 3 3 5 4 2 4 3 5 3 0
   1 1 4 3 4 3 2 3 5 1 4 2 4 5 5 4 0 4 1 2 5 1 1 2 3 0 5 1 5 2 1 5 0 5 2
   1 3 1 5 1 4 3 2 2 5 2 1 0 5 4 0 0 4 0 4 3 4 0 4 1 1 3 4 1 4 3 4 4 3 1
   2 2 3 2 1 2 0 5 3 5 3 2 2 4 4 2]
  [0 0 2 2 2 1 1 1 4 0 5 0 1 4 4 0 0 0 5 0 0 5 4 0 4 4 5 3 4 0 1 3 0 3 4
   0 2 0 0 0 2 1 4 0 4 1 3 2 3 5 3 1 4 5 5 1 1 4 3 1 0 5 3 2 0 1 1 3 3 5
   0 2 3 5 1 3 3 2 1 0 1 3 1 0 1 2 0 3 2 1 2 5 0 1 4 1 3 5 1 5 5 4 3 1 1
   3 1 5 2 4 4 3 3 4 2 0 5 2 5 4 3]
  [0 2 2 3 1 1 4 2 2 2 1 4 4 3 4 1 1 0 3 2 0 4 5 3 1 4 0 5 1 3 4 5 2 4 4
   0 5 3 3 5 5 5 1 2 4 0 1 0 4 4 5 1 5 4 0 2 5 0 5 2 2 1 3 0 3 0 1 1 5 2
   1 4 0 5 5 0 5 5 2 2 0 4 2 1 0 4 4 2 1 1 5 4 4 3 0 0 1 2 4 0 0 1 3 4 4
   5 0 2 2 5 0 2 0 5 1 3 4 1 1 3 0]
  [0 2 0 2 3 4 3 2 1 4 2 3 5 0 5 0 5 1 2 3 5 0 4 4 3 0 5 3 5 4 4 0 0 0 3
   1 5 4 5 4 1 5 0 2 4 1 5 4 0 4 1 1 0 4 1 0 5 2 1 2 0 2 2 3 3 0 0 5 2 3
   1 3 2 1 4 2 3 2 2 5 0 0 0 1 4 0 1 4 4 1 3 3 2 4 0 5 5 1 0 2 5 0 5 4 4
   2 1 0 2 5 5 0 3 0 5 4 1 5 0 1 2]
  [0 5 0 1 0 2 3 5 3 3 1 4 2 2 5 0 4 3 2 3 4 2 4 0 0 1 1 0 4 5 2 0 1 1 4
   1 2 5 3 3 4 3 3 2 4 4 1 3 0 3 4 1 2 0 0 1 5 3 1 4 4 0 3 4 1 2 4 2 0 0
   3 5 5 5 0 2 5 0 1 1 4 4 5 2 1 4 0 1 2 1 2 0 0 3 4 4 4 4 5 3 1 2 1 4 4
   1 3 1 2 1 0 2 3 0 3 5 2 5 5 5 0]
  [0 1 0 2 1 2 4 5 5 3 0 2 4 3 3 5 1 2 0 2 1 2 1 1 3 1 0 3 5 3 3 0 5 0 3
   2 0 3 1 4 0 2 0 3 2 2 1 2 3 4 2 1 5 0 4 2 1 2 0 3 3 4 1 5 2 5 0 1 0 2
   3 5 0 4 0 5 3 3 4 2 0 1 4 2 2 2 4 0 2 0 1 2 2 5 3 4 4 1 1 4 0 4 2 0 1
   3 4 1 2 3 2 4 2 2 0 1 2 5 1 3 1]
  [0 2 2 1 0 5 5 3 5 3 0 3 0 3 4 5 2 4 0 0 1 5 1 5 2 3 4 2 5 3 0 1 5 2 0
   2 1 5 2 2 5 0 4 5 1 2 1 4 2 1 4 2 2 5 0 1 3 3 4 5 0 1 5 2 0 2 2 4 2 5
   5 3 3 0 0 2 0 5 5 5 2 2 2 5 1 1 3 5 0 2 4 1 4 1 0 1 2 1 1 5 1 4 2 3 5
   5 3 4 5 1 4 0 5 4 5 0 0 5 4 4 4]
  [0 2 1 5 2 3 5 3 1 3 2 2 4 1 1 5 2 3 4 2 2 1 2 0 0 0 2 1 1 1 2 3 0 3 2
   0 2 5 3 2 1 0 3 1 4 2 2 0 5 1 4 0 0 3 4 2 1 0 4 0 0 1 2 2 4 4 5 1 0 1
   3 5 0 5 2 3 2 2 3 4 2 1 5 5 4 2 5 3 1 0 5 5 1 3 0 5 5 4 5 1 2 4 1 1 3
   2 4 1 3 2 5 2 1 0 3 3 2 0 3 4 1]
  [0 4 1 4 2 0 0 0 0 2 1 5 1 1 2 4 1 2 4 0 2 0 0 1 0 0 2 4 3 0 4 1 2 0 0
   4 2 5 2 0 5 4 0 0 3 4 0 2 0 4 3 4 4 3 5 3 1 4 1 3 2 5 0 3 2 4 2 0 2 0
   1 2 3 2 4 2 0 3 0 0 0 5 4 1 0 3 1 4 5 1 0 1 4 3 5 3 1 2 3 0 3 0 1 0 5
   1 4 4 1 3 1 1 1 3 0 1 2 0 2 0 5]
  [0 4 4 0 5 4 2 3 2 0 0 2 3 0 1 4 0 2 2 0 2 5 2 2 5 4 4 1 4 4 3 3 4 2 2
   4 3 2 4 5 3 3 0 5 1 5 4 0 0 2 2 5 4 3 5 4 2 1 0 4 1 2 5 0 2 4 2 2 4 4
   1 4 4 1 1 4 0 5 5 5 2 1 2 1 4 0 3 5 2 2 2 0 5 4 0 4 4 5 3 3 4 4 0 3 3
   4 3 4 1 2 4 2 2 5 5 2 5 5 0 5 0]
  [0 3 2 3 3 2 1 4 5 0 4 0 4 4 3 0 5 4 2 5 4 2 1 2 1 0 3 5 2 0 5 5 3 1 5
   4 2 1 3 0 1 2 2 5 2 1 2 0 4 0 4 4 0 4 1 5 4 5 0 1 2 0 1 5 3 3 0 5 2 4
   0 5 2 0 0 0 4 5 2 2 3 2 2 4 0 0 3 0 1 4 1 1 0 1 4 5 2 3 0 4 5 5 1 4 4
   1 3 2 1 2 4 0 3 1 2 4 5 3 3 5 0]
  [0 5 2 5 3 4 5 3 3 3 0 2 2 3 0 1 5 2 3 5 3 4 0 5 3 2 1 5 0 0 4 4 2 1 0
   1 4 4 3 0 2 4 3 1 4 0 5 4 0 5 0 1 2 2 2 0 4 0 4 1 3 1 4 1 5 0 0 4 3 2
   1 2 1 1 0 0 2 0 2 2 1 0 2 5 2 3 1 0 4 3 4 5 5 0 3 1 5 0 2 3 4 4 4 1 4
   0 3 4 1 3 4 0 1 4 3 2 3 5 5 0 3]
  [0 3 1 1 4 4 0 5 0 4 5 1 2 2 4 5 3 4 1 2 3 5 0 2 3 1 4 0 2 3 4 2 1 4 0
   0 4 2 2 2 5 0 0 2 5 4 4 1 1 3 5 3 0 4 5 3 2 2 2 2 4 4 3 2 1 5 3 1 1 2
   5 0 5 0 4 2 2 3 0 5 5 4 2 5 0 2 0 2 2 0 3 5 3 0 0 3 0 0 4 4 4 2 0 3 2
   1 5 0 2 0 2 0 5 1 1 2 4 2 5 3 4]
  [0 2 5 2 2 2 1 4 0 4 2 1 1 3 5 5 3 2 4 2 1 1 0 3 0 4 2 5 5 1 1 5 1 4 0
   4 3 3 1 5 1 1 5 3 0 4 5 0 0 5 1 5 1 2 1 5 4 0 4 1 1 4 4 5 2 2 4 5 1 1
   0 3 5 0 3 1 0 2 4 5 1 3 0 2 0 4 0 2 4 1 2 4 3 1 4 0 5 1 0 0 5 4 0 5 4
   4 1 0 3 5 2 0 4 4 4 2 3 3 3 2 1]
  [0 2 0 1 4 3 5 1 4 2 5 5 2 4 1 3 2 5 1 5 1 3 2 1 1 1 1 4 2 4 1 1 2 4 3
   1 5 0 0 3 2 5 0 2 3 1 2 2 5 3 3 3 5 0 2 4 5 5 5 1 0 1 1 1 1 1 5 3 1 3
   0 2 1 4 4 0 1 1 4 2 1 2 4 3 3 0 0 4 5 2 3 5 0 3 0 4 0 2 3 3 3 5 1 3 1
   2 1 2 1 2 2 5 2 2 3 5 0 3 5 5 4]
  [0 3 0 5 0 5 2 1 2 4 3 2 1 4 1 5 2 4 5 0 2 3 1 2 1 4 1 1 1 0 1 5 1 2 1
   5 0 3 5 0 3 4 5 0 2 2 3 2 0 3 1 0 3 4 5 4 5 5 2 5 5 1 5 2 2 5 2 5 4 4
   4 2 2 2 5 0 0 4 1 4 5 4 1 1 2 0 0 0 4 5 2 2 5 3 4 0 5 0 4 1 4 1 4 0 2
   5 5 1 4 3 4 2 5 2 3 4 1 2 0 2 4]
  [0 3 4 3 3 3 5 2 5 3 1 0 5 2 2 4 0 0 5 1 3 3 5 3 3 3 0 3 5 4 0 1 0 4 0
   0 5 3 2 0 1 3 5 4 2 2 1 5 5 1 3 1 0 5 3 3 5 2 2 2 3 2 3 5 3 3 2 0 0 1
   5 2 2 2 3 0 4 4 2 0 0 3 1 0 4 1 2 0 5 3 5 3 5 5 4 0 1 2 0 0 4 4 0 0 0
   1 0 5 1 0 5 4 2 0 2 4 4 4 0 5 5]
  [0 1 4 3 5 4 5 3 2 5 2 0 4 0 2 5 3 0 4 1 0 2 3 0 1 0 0 1 4 0 2 5 1 3 0
   3 3 2 2 1 1 4 4 5 3 2 1 0 2 4 1 3 0 5 2 1 2 3 4 3 0 1 3 0 2 5 4 1 2 3
   3 4 3 5 4 2 3 2 0 5 5 3 4 1 5 3 2 0 2 4 3 4 2 4 1 1 1 5 1 0 3 4 4 2 2
   0 4 2 5 3 1 5 1 3 5 0 2 3 5 2 5]
  [0 1 5 4 1 5 3 2 5 1 1 5 1 5 3 2 5 1 5 0 0 4 1 2 4 0 3 5 5 3 1 3 1 5 5
   1 3 4 4 3 2 3 3 2 2 1 0 2 2 0 1 2 3 0 0 2 0 5 5 5 1 1 5 1 1 2 2 2 5 1
   2 5 5 1 1 1 1 5 0 0 0 0 1 1 0 5 2 5 4 0 0 4 0 4 2 4 1 2 0 5 0 2 3 3 4
   0 5 4 3 2 4 4 3 1 3 4 0 2 4 4 5]
  [0 2 3 3 3 3 5 1 0 2 1 4 4 2 1 4 2 5 1 0 0 4 1 4 1 2 4 3 5 5 5 4 0 0 2
   0 5 5 1 1 0 0 2 0 4 1 3 1 5 4 0 2 3 3 0 4 4 2 3 5 4 1 2 0 5 3 1 5 0 1
   0 4 5 4 3 3 2 4 4 1 2 5 2 2 5 4 3 0 0 2 3 2 2 2 0 4 3 0 3 1 3 0 4 5 4
   4 0 1 5 2 3 2 2 3 2 1 5 2 3 2 5]
  [0 0 5 2 3 3 4 4 0 1 0 2 3 5 4 3 1 5 4 4 2 3 0 3 2 4 0 0 4 4 2 1 0 2 4
   4 0 1 3 4 2 3 4 2 0 2 0 0 3 2 3 4 5 3 4 2 4 2 2 1 4 1 2 4 3 3 5 2 0 0
   4 2 0 1 4 3 1 3 4 2 5 1 5 5 3 3 2 1 0 4 5 1 1 5 0 2 4 2 5 3 2 1 0 5 3
   5 0 2 4 2 0 1 4 5 3 2 3 2 5 1 1]
  [0 2 5 1 3 5 3 2 2 1 4 2 0 5 2 3 3 0 5 0 1 0 2 1 1 1 5 3 3 1 1 0 4 4 2
   3 1 4 0 2 1 1 5 2 4 2 2 1 4 1 4 1 2 2 1 2 3 2 1 0 2 2 4 2 3 3 4 0 3 5
   5 5 4 2 5 1 1 1 1 4 0 1 2 3 3 4 1 1 0 1 5 2 0 0 5 1 4 2 1 5 4 2 4 0 2
   5 0 3 0 2 2 0 3 2 3 3 3 5 0 1 4]
  [0 4 2 4 2 1 4 0 5 0 5 5 2 0 0 0 4 0 0 2 5 2 3 4 5 4 2 3 4 0 4 4 0 2 4
   0 5 5 5 3 2 1 2 2 0 0 3 3 2 5 2 0 5 1 5 3 4 1 4 3 5 1 0 5 3 4 4 2 4 0
   2 4 0 1 5 2 5 5 1 1 2 3 0 0 1 3 3 5 5 4 5 2 4 0 0 1 0 2 1 3 5 0 0 5 0
   1 5 3 0 4 1 1 3 3 0 2 1 3 3 0 2]
  [0 5 2 1 0 1 1 0 3 5 3 3 1 0 3 2 4 2 5 1 2 2 0 0 2 2 2 5 4 5 3 3 5 1 1
   2 4 5 0 2 4 1 4 5 1 3 3 5 2 5 2 0 2 3 1 1 2 3 5 4 1 5 2 3 2 3 1 2 2 1
   1 4 3 4 0 2 0 4 3 3 5 0 1 5 0 2 0 4 4 3 1 0 2 3 3 1 0 2 4 0 3 4 2 3 0
   0 1 2 3 1 2 1 2 2 2 1 5 0 5 3 4]
  [0 4 1 1 1 2 1 4 1 2 4 5 3 4 2 5 4 2 4 3 2 2 3 3 4 3 1 5 5 0 1 2 4 3 4
   3 4 5 3 3 0 5 5 3 4 4 0 5 3 1 4 2 3 0 5 1 5 2 5 5 0 0 5 0 4 0 5 4 3 2
   4 0 3 2 2 0 3 2 0 2 1 3 5 4 2 0 2 0 5 4 1 1 4 4 1 0 1 2 3 4 0 4 2 2 4
   2 0 2 5 4 1 3 5 4 4 1 0 2 5 4 5]
  [0 2 1 1 0 0 0 0 0 1 3 1 3 0 3 2 5 0 0 5 1 0 1 1 0 1 1 0 2 1 0 3 5 2 1
   1 5 1 2 5 5 4 4 5 4 4 2 2 5 5 4 4 2 3 3 5 0 5 2 4 0 4 3 5 3 5 2 5 2 3
   2 5 0 1 2 5 0 1 3 2 3 5 5 4 0 3 3 2 4 5 3 1 1 5 5 2 2 1 5 1 2 5 4 5 5
   3 5 0 1 2 4 5 3 1 1 0 2 2 5 3 2]
  [0 3 3 3 5 3 5 1 2 4 5 5 2 2 0 5 2 0 5 1 0 5 0 1 5 3 5 0 3 4 4 4 0 5 0
   1 5 0 1 3 0 0 0 5 1 0 4 0 5 0 5 3 3 5 1 5 1 1 3 0 3 0 3 2 3 0 2 1 1 4
   5 5 5 2 5 1 4 0 3 0 5 0 1 4 2 2 0 5 2 1 5 4 5 0 4 4 1 5 4 2 1 1 0 3 2
   5 1 2 0 5 0 3 1 0 5 1 4 2 0 3 4]
  [0 3 3 1 1 0 4 2 4 3 4 0 4 2 0 5 1 2 3 5 5 1 4 3 1 5 0 3 0 0 5 4 4 0 5
   2 1 2 4 2 4 3 0 3 3 3 5 0 0 1 4 3 5 3 5 3 4 4 1 2 0 1 0 1 3 4 1 1 3 1
   4 2 4 3 2 1 5 2 5 3 3 4 2 4 3 0 5 1 0 5 4 2 4 5 2 1 1 0 5 0 3 1 3 1 2
   4 2 1 2 0 2 2 1 1 5 1 3 0 1 0 2]
  [0 1 4 5 4 4 4 0 5 3 2 2 4 2 3 0 3 0 1 0 1 4 0 5 5 1 4 1 3 5 1 1 2 3 3
   1 5 2 5 4 0 1 3 5 1 2 2 4 0 5 2 2 1 5 2 4 1 3 2 4 1 2 0 2 1 1 1 3 1 2
   0 3 5 5 3 3 1 1 0 4 1 2 4 3 2 2 5 4 3 3 0 1 5 4 4 1 0 3 5 2 0 1 5 5 5
   2 3 1 0 4 0 3 0 5 3 4 3 3 2 2 0]
  [0 4 5 4 1 0 0 1 3 2 2 0 3 4 1 3 0 0 5 1 5 2 0 5 3 0 4 4 4 4 4 2 5 3 3
   0 0 3 1 4 3 2 2 1 4 0 3 1 2 5 2 1 4 0 1 5 3 0 4 3 2 5 1 4 0 1 0 3 3 2
   0 4 3 0 5 0 0 5 2 0 2 4 1 1 3 0 2 0 5 0 2 1 3 1 2 3 1 4 1 4 2 5 1 1 4
   2 1 0 4 4 2 0 5 1 4 2 3 4 2 0 1]
  [0 3 2 0 5 2 5 4 3 0 2 2 0 5 3 3 2 1 3 1 4 0 3 2 1 1 4 5 1 3 2 2 2 5 2
   5 2 5 4 1 0 3 5 1 5 0 2 1 2 1 0 2 5 1 2 4 4 1 0 0 3 4 0 0 2 1 3 5 5 0
   0 3 4 0 5 3 1 3 5 0 1 4 2 0 0 1 5 0 5 1 0 5 0 0 0 2 0 2 3 0 0 5 5 2 0
   3 5 0 3 1 3 3 0 2 5 3 1 2 4 3 2]
  [0 0 1 4 0 4 0 5 4 3 1 2 5 3 3 0 0 4 4 2 1 3 1 1 2 5 5 1 5 4 5 0 5 3 4
   5 5 1 0 3 5 2 0 2 5 3 4 5 4 3 0 3 0 1 3 5 5 5 2 0 4 1 4 2 3 5 0 2 5 3
   5 1 5 0 5 0 4 0 0 5 2 2 4 3 5 0 5 1 2 4 2 2 0 1 2 2 5 1 4 0 4 4 5 4 4
   1 1 0 2 1 3 1 4 0 3 4 3 4 1 4 2]
  [0 1 2 1 2 2 4 3 3 0 0 1 0 4 4 2 4 5 4 3 0 4 4 3 4 3 3 2 5 1 2 1 3 1 0
   2 5 4 2 5 3 1 4 3 0 0 4 1 4 4 1 1 4 1 2 2 2 0 0 5 3 2 5 4 3 1 0 4 4 0
   5 3 4 1 4 4 2 1 1 4 2 3 0 0 5 2 1 2 1 1 5 0 5 5 5 0 1 1 4 0 4 2 4 3 2
   4 5 3 4 2 4 1 5 1 0 1 0 1 1 3 1]
  [0 4 4 0 1 2 1 3 1 3 2 1 4 5 3 1 5 1 4 2 0 5 3 3 3 1 3 1 4 3 0 0 5 5 5
   0 2 2 1 0 0 4 2 4 4 0 0 4 0 4 0 5 1 2 0 1 1 3 3 1 0 2 3 1 2 2 0 4 1 0
   0 3 1 1 0 3 5 0 2 4 5 0 0 3 2 4 3 2 3 0 0 1 2 4 1 2 0 4 4 3 4 3 3 3 0
   2 5 2 5 3 3 1 2 1 5 0 5 1 4 4 3]
  [0 5 2 1 3 4 4 4 1 5 5 4 5 0 0 0 2 1 4 1 4 2 4 5 3 5 0 5 2 5 1 1 4 3 4
   1 5 1 2 3 4 2 4 1 5 3 1 1 5 2 5 1 5 1 4 4 4 4 5 4 3 5 1 5 0 1 4 0 5 1
   0 2 4 3 1 2 4 1 0 1 4 0 1 5 2 1 1 0 0 3 2 0 0 3 4 5 2 3 2 0 3 2 0 5 1
   3 1 3 2 0 1 3 2 0 4 5 0 3 5 4 4]
  [0 1 4 1 3 1 2 4 0 5 4 2 3 0 4 1 5 1 4 4 3 0 1 4 5 4 5 3 0 2 5 3 1 5 1
   3 2 3 5 1 3 0 0 4 0 3 5 5 0 3 4 4 1 1 1 5 4 3 5 0 3 2 4 2 0 1 4 0 0 0
   1 2 2 2 2 4 0 1 4 0 1 5 2 3 5 0 2 1 1 2 5 5 2 5 4 4 5 0 3 3 1 2 2 1 4
   1 3 3 3 2 0 0 1 1 1 4 1 0 1 5 1]
  [0 3 3 3 5 2 5 4 1 0 0 2 3 2 1 1 0 3 5 4 4 1 2 2 0 5 1 4 1 0 3 3 3 0 3
   5 5 3 4 5 5 3 0 5 2 3 5 0 0 0 2 5 3 4 4 2 0 1 5 0 4 5 2 3 3 1 1 1 3 3
   3 4 4 4 4 4 2 3 3 1 5 3 4 1 3 2 5 2 2 5 1 2 5 0 2 0 5 3 0 4 5 3 2 5 1
   1 4 2 5 5 5 4 3 2 3 0 5 1 0 0 5]
  [0 4 0 5 5 4 3 5 2 5 1 3 3 3 0 3 1 1 3 4 5 3 5 5 4 2 4 5 3 5 5 4 2 5 5
   3 5 2 3 5 2 5 0 5 0 0 2 1 5 4 3 3 2 4 3 2 3 0 1 1 1 3 2 5 4 5 3 5 2 1
   4 0 5 1 0 1 4 0 3 5 3 4 2 0 4 0 3 3 1 5 4 4 1 5 5 5 5 2 2 5 5 4 2 4 4
   3 5 2 0 5 2 4 4 1 0 5 3 0 2 0 2]
  [0 4 3 4 4 5 0 1 5 0 5 3 2 1 4 3 4 1 5 2 4 4 4 0 1 3 5 1 4 0 3 0 3 2 0
   1 4 2 4 2 4 2 4 4 3 3 0 5 0 0 2 2 2 2 5 2 4 0 5 1 0 3 3 3 0 0 3 5 0 0
   0 4 4 0 3 3 1 3 4 4 0 2 1 0 2 1 0 5 5 2 0 5 3 1 5 2 3 1 5 1 4 2 1 4 5
   0 2 5 1 5 4 4 5 2 2 0 4 4 3 5 0]]

 [[0 3 2 4 1 2 0 0 3 5 2 1 2 1 5 4 0 1 2 1 1 0 0 1 4 5 3 3 3 2 5 1 4 4 3
   4 4 1 2 1 3 0 1 1 4 2 0 1 0 2 2 5 5 5 0 5 1 5 0 1 2 1 4 3 2 3 3 0 4 2
   3 1 3 4 5 3 0 4 0 1 0 0 1 5 1 0 1 2 0 2 1 1 1 5 5 4 4 3 2 3 0 3 4 1 3
   0 2 0 1 0 4 0 1 3 0 2 0 1 5 4 3]
  [0 0 2 0 1 4 1 4 0 3 3 3 3 5 3 4 2 4 2 1 4 2 4 4 0 4 3 4 0 2 1 5 1 1 3
   2 0 4 2 3 5 2 4 2 3 2 4 4 1 1 5 5 0 5 3 4 4 2 4 1 5 2 4 0 0 4 0 3 2 2
   3 5 0 4 5 1 2 4 2 2 2 5 1 3 4 3 4 1 0 4 1 1 0 3 4 5 4 1 1 4 5 1 3 0 3
   2 2 4 5 2 4 2 5 2 2 4 5 3 3 3 1]
  [0 0 0 2 4 1 4 3 4 5 5 1 5 2 3 5 5 5 4 4 2 2 5 1 3 4 3 1 1 1 5 3 3 5 4
   0 5 1 0 2 2 0 0 5 3 4 4 3 5 0 1 5 4 2 1 3 3 1 5 3 3 3 2 3 0 2 3 5 2 3
   0 0 1 0 3 1 2 5 0 4 3 4 0 2 1 3 2 0 2 4 2 2 0 5 5 1 1 5 4 2 1 5 4 0 3
   1 5 3 5 1 1 4 0 5 1 0 5 5 1 4 4]
  [0 1 1 0 2 4 2 4 0 3 3 5 1 0 5 5 2 2 5 1 5 1 0 4 1 1 5 2 2 5 5 1 4 5 3
   3 5 2 1 5 0 0 0 3 1 3 4 5 3 4 3 1 2 1 2 5 1 0 4 5 4 5 0 1 3 3 5 1 4 3
   5 4 3 4 1 3 4 1 0 4 4 5 3 3 5 1 4 2 0 2 0 1 1 0 0 2 1 2 4 0 3 4 2 2 3
   3 5 0 0 1 5 2 4 1 5 1 4 4 5 5 3]
  [0 3 3 3 0 0 5 3 0 0 4 3 2 2 0 5 3 4 4 3 4 1 5 3 3 3 2 1 1 2 2 0 4 4 5
   0 0 3 5 4 2 5 0 5 1 1 2 5 5 0 4 1 3 2 3 2 3 0 4 1 0 2 5 0 3 4 0 0 5 1
   3 3 4 3 5 1 0 4 0 0 4 5 0 2 3 5 5 3 2 2 1 1 1 3 2 4 0 4 1 4 1 5 5 3 4
   4 4 4 0 1 0 5 0 1 4 1 0 0 3 5 1]
  [0 1 0 1 3 0 1 3 2 5 0 1 3 1 5 1 3 5 5 4 5 1 3 5 2 3 3 2 5 5 2 0 2 5 3
   2 3 5 1 2 4 4 3 2 0 1 4 0 0 0 1 4 4 2 0 5 3 0 5 1 0 3 0 0 3 0 4 1 1 5
   1 3 1 2 5 3 4 0 2 4 1 0 2 1 4 1 5 2 2 3 4 0 5 1 4 2 2 3 0 4 0 0 3 0 4
   3 1 4 4 0 5 2 0 4 5 3 0 5 4 2 3]
  [0 0 4 5 1 5 0 2 3 2 4 5 5 3 3 3 4 1 3 1 5 2 0 1 1 0 4 1 0 4 4 2 3 2 4
   3 1 0 1 0 5 4 2 4 1 2 5 2 0 4 5 2 2 3 1 5 5 2 0 2 5 3 2 1 0 4 0 2 2 2
   2 0 5 2 0 3 5 5 4 2 1 1 5 5 0 2 2 3 4 1 3 1 3 2 1 2 3 3 5 2 3 3 1 2 4
   4 4 3 2 1 0 0 5 5 5 3 2 0 3 2 1]
  [0 2 0 1 5 1 5 0 4 4 2 0 4 4 5 3 2 4 4 2 1 3 5 4 2 4 0 3 0 5 2 1 0 0 1
   3 2 1 1 5 0 5 1 1 5 2 1 1 3 3 3 3 1 1 3 4 2 4 2 3 5 0 3 4 1 3 4 5 4 4
   2 3 4 0 3 3 3 2 0 3 3 4 4 5 2 3 2 3 3 0 0 1 2 2 4 1 1 2 5 4 0 0 5 4 1
   0 3 4 3 1 4 5 5 1 4 3 5 1 2 3 4]
  [0 0 4 3 3 5 3 5 0 5 0 2 5 1 5 4 3 5 4 2 5 0 4 0 4 1 2 0 1 0 5 1 5 3 0
   3 0 3 5 5 3 4 1 5 3 0 2 0 0 2 0 0 5 0 0 5 1 3 1 0 1 4 1 5 1 1 4 3 5 4
   4 3 5 4 4 2 1 1 5 5 0 5 2 4 5 1 4 5 5 4 3 1 0 3 0 1 2 5 0 0 1 2 3 0 0
   4 4 5 1 4 4 4 1 4 3 1 0 1 4 5 4]
  [0 5 1 0 0 5 4 2 1 0 4 3 1 0 5 4 5 0 5 2 3 3 3 5 1 5 4 3 3 0 5 1 3 2 5
   3 2 5 4 0 3 2 0 5 1 5 5 0 2 1 0 4 4 1 0 2 2 3 2 0 1 5 5 0 2 0 3 1 5 5
   1 1 2 2 3 0 4 5 2 5 1 1 3 2 5 0 2 1 3 1 2 1 4 2 4 0 2 5 5 0 0 4 3 1 2
   3 2 2 0 0 5 2 2 4 3 2 4 2 1 4 3]
  [0 3 5 0 5 4 2 0 0 3 0 0 2 0 0 5 3 0 1 2 2 1 1 2 5 5 0 4 1 5 3 5 0 0 5
   4 5 3 1 5 5 2 1 4 4 3 2 1 5 1 4 1 1 5 5 5 3 2 3 5 0 0 2 1 2 0 4 1 4 1
   5 1 0 1 5 5 2 1 5 3 1 3 4 5 5 4 1 3 2 2 5 3 0 4 3 5 1 3 2 5 4 2 1 4 0
   0 5 5 2 1 2 4 4 4 4 1 5 1 0 0 4]
  [0 5 2 3 5 0 3 5 1 1 0 0 3 5 4 1 2 4 0 1 1 5 1 4 5 5 1 5 0 3 0 3 5 2 5
   2 4 3 4 5 1 3 0 4 3 1 2 4 4 4 3 3 1 4 2 0 0 4 2 5 5 0 5 4 2 2 3 0 1 1
   0 1 5 0 0 2 4 0 5 1 1 0 3 1 2 0 3 1 3 4 3 3 1 1 0 4 0 0 4 5 0 0 4 4 5
   1 5 2 4 1 1 1 2 1 3 1 1 5 0 4 5]
  [0 1 0 2 2 0 1 3 1 1 3 1 0 1 0 2 4 2 1 0 5 3 3 3 3 4 2 0 4 5 5 2 3 4 5
   3 3 5 4 1 2 1 5 5 5 2 2 2 0 0 5 5 0 4 1 5 3 0 2 3 0 4 3 4 5 0 4 2 5 5
   1 0 3 3 4 1 2 3 0 4 3 1 5 1 5 4 0 5 0 1 3 2 1 4 3 4 4 3 1 3 5 0 0 5 3
   3 5 0 5 4 2 5 5 2 4 1 3 5 1 0 4]
  [0 0 0 2 5 5 3 4 3 4 0 4 4 0 3 0 2 0 3 3 2 1 5 4 5 0 1 5 1 1 3 3 0 5 4
   2 2 4 1 2 3 2 3 2 0 4 0 1 2 1 5 1 0 1 0 1 4 1 0 3 3 0 3 3 2 4 5 0 1 1
   5 5 5 2 2 5 4 1 1 4 5 3 1 5 1 3 5 3 3 0 2 3 1 5 5 0 3 0 5 0 1 4 0 4 3
   5 1 3 2 0 1 1 1 2 3 1 1 5 0 4 3]
  [0 5 1 1 4 2 2 1 2 1 1 3 5 5 0 4 4 0 3 0 1 4 2 5 4 4 4 0 5 4 0 4 4 3 1
   2 0 1 3 3 5 5 5 4 4 4 1 3 5 1 1 0 5 2 0 0 1 5 4 1 1 2 4 2 2 0 0 1 1 4
   1 4 0 2 3 0 1 0 3 3 3 3 1 0 2 0 4 1 5 0 1 0 5 3 1 0 3 5 1 2 0 1 3 5 3
   5 3 3 1 5 2 1 1 2 5 3 0 4 5 0 3]
  [0 2 4 1 4 0 0 5 5 1 0 4 1 5 3 0 5 0 5 0 0 1 3 2 4 0 1 1 3 1 5 1 0 2 4
   3 4 3 1 2 5 5 0 4 3 3 4 4 3 3 2 0 3 2 2 0 2 0 3 5 3 3 0 2 0 2 2 1 1 5
   2 4 5 0 5 3 2 3 4 0 5 1 4 1 5 3 3 1 4 1 5 3 4 3 0 5 1 1 3 3 0 1 1 3 2
   1 0 5 1 1 4 2 4 3 4 1 3 0 5 1 5]
  [0 0 5 0 3 2 5 4 2 0 3 5 3 2 0 1 0 3 1 3 0 5 0 3 3 2 2 2 0 1 3 5 1 0 0
   1 4 2 4 0 2 4 0 0 1 2 1 2 0 3 0 4 2 3 5 1 3 3 5 4 2 1 2 5 2 1 3 2 5 0
   1 0 5 1 2 4 2 4 0 3 2 4 2 0 0 5 2 5 4 4 0 2 4 2 3 2 1 1 2 3 4 3 1 5 2
   5 4 1 5 3 4 5 1 2 3 1 2 1 0 1 4]
  [0 5 4 0 1 5 0 5 0 1 4 5 5 5 4 2 2 0 1 0 2 3 2 0 4 2 4 1 5 4 1 5 3 3 4
   1 3 5 5 1 5 4 1 2 3 3 2 3 5 0 1 2 4 3 1 1 1 2 4 2 0 3 1 4 3 3 3 4 0 5
   3 5 3 5 1 1 0 3 2 2 2 5 5 5 2 1 4 0 2 5 4 0 0 5 1 5 1 0 4 3 0 0 4 2 5
   4 5 0 1 2 1 5 3 5 5 1 4 4 5 3 4]
  [0 4 1 1 0 5 1 1 1 3 3 1 0 4 0 2 2 0 0 5 5 4 5 1 0 2 3 3 5 4 1 4 0 2 5
   5 1 1 3 1 2 0 3 1 5 0 2 5 1 2 4 1 4 2 1 0 0 4 1 4 3 5 3 0 4 4 1 3 1 5
   3 0 1 3 1 3 0 3 0 3 5 3 1 5 0 0 4 5 3 4 0 3 5 2 1 5 1 2 2 5 2 2 5 4 1
   0 0 5 2 0 5 1 0 1 4 1 2 5 4 2 1]
  [0 5 0 0 1 5 1 5 4 3 4 1 5 5 1 1 0 5 4 0 3 4 1 4 2 2 0 5 5 1 0 0 3 3 3
   3 0 4 1 4 2 0 0 0 3 4 3 4 4 4 0 2 5 2 1 3 0 0 0 3 3 2 1 1 2 4 1 1 3 5
   5 0 5 3 2 5 1 3 5 4 4 0 0 5 0 0 3 2 0 4 2 3 4 1 2 1 2 1 4 5 4 0 0 5 5
   5 5 3 5 4 4 4 2 4 3 0 1 4 2 0 4]
  [0 0 1 0 0 4 1 3 3 2 0 4 4 2 3 2 3 4 5 3 0 3 0 0 3 5 3 3 3 5 5 3 2 2 1
   4 3 5 1 3 1 2 4 0 1 5 2 2 2 3 1 4 3 2 1 2 2 3 1 2 0 4 1 1 1 4 5 4 1 5
   0 3 3 1 3 4 0 1 1 3 0 1 1 1 0 5 0 0 0 3 4 0 4 5 1 3 2 2 2 1 0 5 1 1 0
   0 3 2 0 5 1 0 4 0 1 3 1 2 1 3 3]
  [0 4 4 2 1 0 0 5 2 0 4 1 0 4 4 0 3 4 4 5 2 0 4 3 0 3 0 5 1 3 2 4 5 1 1
   0 5 1 0 0 4 3 4 0 2 4 2 0 2 4 3 1 3 3 4 5 5 4 3 2 2 1 5 2 1 1 5 2 1 1
   2 2 3 4 1 0 1 4 2 0 5 1 1 5 1 2 4 4 5 0 3 2 3 4 4 3 1 3 3 5 4 0 1 2 4
   2 0 5 0 3 2 1 4 0 1 1 3 4 4 4 4]
  [0 2 1 0 1 4 0 3 4 4 1 2 3 4 4 4 0 3 2 1 2 0 0 2 4 5 2 2 2 1 2 2 4 1 1
   5 1 0 0 3 4 5 3 2 1 5 4 3 3 1 4 3 3 3 1 0 2 5 4 0 2 5 1 3 3 1 0 4 0 3
   3 3 0 3 2 0 4 2 5 2 2 2 0 3 2 0 5 4 5 1 3 3 1 4 1 5 0 0 3 2 5 1 5 2 1
   4 0 2 4 0 0 0 4 5 3 3 3 5 5 5 4]
  [0 3 4 0 1 3 0 4 4 1 5 0 0 2 4 1 4 2 3 2 3 1 5 0 5 5 5 3 5 5 0 1 0 5 0
   1 3 0 4 0 4 4 5 2 3 2 3 3 3 0 0 4 3 0 5 0 5 5 3 1 1 5 4 4 0 2 3 3 3 3
   1 3 5 4 4 2 3 2 0 2 5 4 3 2 1 5 5 2 0 5 4 0 3 1 0 2 3 2 1 1 0 1 5 3 0
   3 4 1 4 2 3 4 3 5 1 0 3 4 0 4 5]
  [0 4 3 5 0 0 2 0 4 2 0 2 0 3 5 4 5 0 0 3 4 0 4 2 0 4 2 5 5 4 1 1 0 1 2
   3 1 0 3 4 4 2 4 2 2 4 2 3 4 5 4 3 0 3 3 4 5 0 4 1 4 4 0 0 5 0 1 2 3 2
   1 3 3 4 0 4 0 2 1 2 0 0 0 0 3 3 4 3 3 0 0 0 5 5 0 3 5 4 4 5 0 5 0 1 1
   5 4 3 0 1 3 5 4 3 0 2 5 5 4 0 5]
  [0 1 3 5 2 3 4 4 0 5 3 3 3 2 4 3 3 2 4 0 5 2 4 1 1 0 0 2 5 2 4 3 5 5 3
   4 3 0 4 3 1 4 3 2 1 2 2 4 4 4 2 0 2 0 4 2 2 1 2 4 2 4 1 0 1 3 3 2 3 4
   3 0 1 3 3 1 2 5 5 1 5 4 3 3 0 4 0 4 0 0 4 4 4 1 1 5 4 2 1 5 3 3 5 2 1
   4 2 2 0 4 4 3 2 4 1 0 0 1 2 5 4]
  [0 4 1 3 2 5 0 0 3 0 5 3 2 5 5 5 0 4 5 0 0 0 4 2 3 0 0 5 3 1 3 1 2 4 2
   0 1 2 5 1 2 2 3 3 2 1 5 3 1 2 5 3 3 0 4 5 4 5 5 4 1 2 2 4 5 2 5 4 5 3
   2 1 1 0 0 0 5 2 1 1 3 2 0 1 0 4 4 2 1 5 2 5 1 3 3 0 1 2 0 4 0 2 3 1 4
   1 5 1 3 0 2 0 2 2 2 1 5 1 1 3 1]
  [0 4 4 1 1 3 2 3 1 2 4 3 1 4 2 4 3 1 4 2 2 3 2 1 1 2 3 0 0 4 0 2 4 3 1
   1 5 2 1 3 4 5 3 0 0 3 3 1 5 1 3 0 4 0 5 2 0 0 1 5 4 5 4 3 4 4 2 2 3 0
   4 4 3 3 5 1 3 4 1 1 3 4 0 1 3 4 5 0 1 3 1 0 2 3 4 2 1 5 4 3 1 1 1 2 0
   4 5 4 2 2 0 1 5 0 4 0 2 5 1 1 1]
  [0 0 2 3 4 5 2 0 0 2 0 2 4 3 1 4 1 4 3 2 2 3 4 1 2 5 5 3 0 5 2 5 5 5 1
   4 0 2 4 4 0 3 4 3 3 4 3 4 1 2 4 5 5 1 0 4 3 2 5 4 5 3 2 3 1 3 3 2 0 1
   2 2 3 2 1 4 3 1 3 0 0 3 3 5 3 2 4 3 0 1 0 1 2 5 5 1 5 0 5 1 1 3 5 2 2
   1 4 3 5 1 3 3 3 0 1 1 3 0 0 2 5]
  [0 0 4 5 4 2 1 3 1 2 2 2 3 2 0 1 4 5 2 4 3 5 3 5 1 5 3 1 4 0 1 1 2 0 3
   3 3 0 1 0 4 3 4 2 3 4 5 5 5 3 0 1 2 2 1 0 1 2 2 1 4 1 1 3 4 5 5 2 0 3
   5 3 3 1 0 2 4 2 2 2 0 0 5 5 4 5 4 1 3 1 3 1 5 4 5 0 5 3 1 1 3 1 3 2 4
   4 1 5 5 5 4 0 1 1 4 4 4 0 4 0 3]
  [0 4 4 1 5 4 0 1 1 3 0 3 3 1 0 1 4 4 0 5 1 4 2 1 4 5 0 5 3 4 0 5 0 5 1
   5 5 2 0 1 5 5 0 4 1 4 1 2 4 3 4 2 0 2 1 4 3 1 3 4 5 2 3 2 5 2 3 4 2 0
   0 3 0 5 4 5 2 4 2 2 0 2 2 1 5 3 0 3 2 2 2 1 0 5 4 1 2 3 4 5 5 0 5 2 5
   4 4 0 0 1 3 5 4 3 0 2 5 5 3 3 3]
  [0 1 3 4 2 3 0 4 4 3 4 2 0 1 1 5 4 1 4 2 2 3 2 5 4 2 4 5 0 0 5 0 0 1 2
   3 1 1 0 4 0 1 2 1 5 4 4 4 1 2 0 4 2 3 2 3 3 2 1 4 0 3 1 4 2 0 3 4 4 3
   4 4 2 5 1 0 4 2 5 4 0 0 2 3 1 2 4 1 2 3 3 1 1 4 3 5 5 1 3 4 0 3 3 2 2
   0 5 3 4 0 1 0 5 5 1 5 4 1 2 3 1]
  [0 2 5 2 5 2 4 1 3 5 0 4 3 1 0 3 4 2 3 4 1 4 3 1 0 5 3 1 2 0 1 1 0 2 2
   4 5 4 1 3 1 1 5 4 4 4 1 3 0 4 1 0 1 1 3 1 4 5 5 4 1 2 3 4 0 5 5 3 4 3
   5 0 0 0 2 4 0 0 1 3 4 0 4 2 1 1 1 2 4 0 1 1 4 3 0 5 3 3 0 0 2 4 5 4 0
   4 3 4 0 1 5 0 0 4 3 5 3 0 1 1 5]
  [0 0 5 0 2 5 0 3 5 1 3 0 2 5 5 0 2 2 3 1 3 4 3 1 3 1 2 2 0 2 1 1 2 0 3
   3 2 3 1 3 0 4 4 3 3 0 0 2 2 2 4 0 0 0 5 1 1 0 0 0 5 4 3 4 4 4 2 5 1 1
   3 4 5 1 3 1 2 0 4 5 2 2 3 5 5 3 1 5 0 2 2 1 3 3 4 5 4 3 0 2 5 3 1 0 2
   0 3 0 2 4 3 3 2 2 1 2 4 4 1 1 0]
  [0 1 1 2 2 0 0 3 0 5 1 5 2 2 4 2 1 4 2 4 3 4 0 2 1 0 1 2 3 1 4 0 2 3 0
   3 4 2 2 0 2 0 5 1 3 3 4 2 5 5 3 4 3 3 4 3 2 5 1 4 1 0 0 2 0 0 1 1 2 5
   0 0 4 2 1 3 2 3 1 3 4 0 1 0 4 1 2 0 1 3 2 1 3 2 5 4 1 5 0 4 3 4 4 3 1
   1 4 2 3 4 3 4 3 0 1 4 0 4 1 2 2]
  [0 4 2 0 1 5 1 3 1 4 4 1 2 2 2 0 0 3 2 5 4 4 2 0 2 5 5 0 4 2 1 1 0 4 4
   0 1 3 2 2 5 3 3 3 1 1 3 0 1 5 4 1 3 0 2 1 4 5 4 2 2 2 1 4 5 1 1 2 2 5
   1 3 3 2 2 4 1 4 4 3 4 4 4 2 2 1 4 2 2 4 2 5 5 2 3 0 3 0 2 5 4 5 3 2 2
   5 0 2 2 0 5 0 0 5 5 2 5 0 4 2 1]
  [0 1 5 4 1 4 3 4 3 5 3 5 0 1 3 2 2 0 0 1 5 4 1 2 0 2 1 0 5 1 3 3 2 2 4
   5 0 4 5 1 2 1 3 4 3 2 5 1 0 5 0 0 5 3 0 0 5 0 4 4 0 2 5 1 5 5 2 0 5 2
   3 3 1 0 4 4 0 0 5 4 4 0 4 5 4 3 0 2 1 5 0 4 4 5 0 5 4 5 3 2 0 5 1 3 1
   5 5 5 4 2 3 0 5 4 2 2 2 3 1 5 0]
  [0 2 5 5 3 2 0 2 4 3 0 2 5 3 0 2 1 5 5 0 0 5 4 0 3 3 1 4 5 2 3 0 5 3 0
   5 3 0 3 3 3 2 4 1 2 3 5 2 1 5 3 5 1 1 4 1 3 4 3 3 4 3 5 1 0 0 0 3 3 3
   5 0 5 2 3 3 0 5 2 1 3 0 5 0 2 5 5 4 3 3 3 1 3 3 1 3 2 0 4 4 1 4 4 3 0
   5 3 3 1 4 5 3 3 1 4 1 5 0 4 1 2]
  [0 5 4 4 4 2 5 2 4 5 2 1 3 4 5 1 5 3 3 1 4 0 0 5 0 3 0 4 4 5 0 4 4 2 0
   3 0 4 0 2 0 3 4 3 3 3 0 1 2 0 3 3 4 5 1 0 2 5 4 2 0 4 1 4 4 4 5 0 5 1
   2 2 5 3 0 3 2 2 5 1 4 4 1 2 1 5 1 4 3 5 4 0 5 0 5 4 5 3 2 4 4 0 4 1 2
   0 0 5 2 3 0 1 0 0 0 3 1 0 1 0 0]
  [0 3 5 1 3 1 0 1 2 4 0 0 3 5 4 1 1 1 1 5 4 3 0 5 5 1 4 1 4 5 2 1 5 2 2
   2 1 0 2 0 0 3 1 3 1 1 5 2 1 5 5 3 4 1 1 2 4 2 0 3 3 2 4 1 5 3 2 2 4 1
   4 3 5 2 2 5 3 1 3 0 1 2 4 2 3 1 5 1 2 3 1 4 2 4 1 5 5 1 5 3 2 4 5 2 3
   2 0 4 5 3 2 4 5 0 0 0 2 0 3 4 0]
  [0 4 3 4 2 0 1 1 2 1 4 1 0 0 4 0 0 4 5 4 1 0 5 5 2 5 1 5 0 5 3 4 4 3 2
   2 3 4 2 2 0 1 2 0 5 0 1 1 2 0 1 1 5 4 4 4 5 3 5 5 5 5 3 4 1 0 2 5 0 0
   5 2 0 1 4 5 2 5 0 5 5 5 1 5 3 4 2 1 4 2 2 5 1 2 4 3 4 4 0 5 0 0 2 3 4
   4 0 5 1 1 2 3 1 2 4 1 1 1 1 4 2]
  [0 5 3 3 3 0 4 3 4 5 0 2 5 1 1 2 2 4 2 0 5 1 5 0 3 0 4 2 3 5 5 4 2 3 3
   3 1 4 0 1 5 0 1 3 0 5 5 3 0 5 3 5 4 0 3 1 3 5 1 3 1 2 3 1 1 2 0 2 4 2
   3 5 5 4 5 5 5 2 4 1 3 5 2 0 4 0 5 2 3 4 3 1 1 2 0 0 4 2 2 1 3 3 3 5 0
   1 0 5 5 1 1 1 1 1 1 4 0 5 5 1 4]
  [0 2 1 2 4 2 3 5 2 4 0 5 4 2 4 2 1 1 3 5 3 5 2 4 4 1 0 1 1 0 0 5 4 4 2
   0 3 1 2 3 2 2 0 4 3 2 1 4 1 5 5 3 1 5 3 0 4 4 3 4 1 1 4 5 2 3 1 4 4 1
   0 0 2 3 3 0 1 5 5 0 5 5 3 2 2 2 0 2 3 5 2 1 2 3 3 0 2 2 0 5 2 5 4 1 2
   5 2 1 2 1 4 4 5 1 4 4 1 5 3 1 3]
  [0 2 4 4 0 3 4 5 1 5 2 3 5 5 0 2 5 0 3 5 2 1 5 1 1 1 4 3 2 1 5 3 1 2 0
   0 0 1 4 0 1 4 4 0 5 3 0 1 5 0 4 5 3 2 1 1 5 0 0 4 1 0 1 4 5 5 0 4 0 2
   1 3 2 2 0 4 0 5 0 3 5 4 1 3 5 4 1 2 5 4 3 5 3 2 0 2 4 5 0 3 3 4 5 4 2
   3 4 1 4 0 4 3 1 4 1 2 2 3 2 1 1]
  [0 5 3 4 3 3 4 4 2 1 1 5 4 3 2 2 2 1 3 1 2 2 2 5 2 0 2 5 4 1 1 3 1 4 4
   4 4 0 0 4 4 4 4 4 0 2 4 1 1 2 4 4 5 0 2 4 1 0 0 0 1 2 0 1 1 3 5 5 0 5
   3 0 4 4 5 1 3 4 4 5 3 1 1 2 2 1 4 1 0 0 5 5 0 4 2 3 0 3 3 0 2 2 2 4 2
   5 2 2 0 0 2 2 3 3 4 5 2 4 4 3 2]
  [0 0 5 0 0 1 3 1 0 3 4 3 2 1 4 3 0 3 4 5 5 1 4 5 5 1 4 5 3 0 4 2 5 2 4
   0 5 1 3 4 5 1 3 0 3 0 3 0 1 3 0 2 0 2 2 0 1 3 1 5 1 4 0 0 4 1 4 4 2 4
   1 2 0 5 4 4 5 2 4 2 0 3 5 1 1 3 2 5 0 0 3 3 4 5 0 3 5 2 3 0 0 2 2 0 1
   3 5 0 5 4 3 1 1 0 3 5 5 5 0 2 0]
  [0 2 2 5 3 0 2 2 5 3 2 0 3 5 3 3 0 5 0 1 2 0 2 3 0 0 3 3 1 2 4 0 1 5 1
   2 3 4 4 2 2 1 5 1 4 0 0 5 5 5 3 0 0 5 2 4 3 2 4 5 0 2 5 1 2 5 3 4 0 2
   1 5 1 0 1 4 2 3 4 5 4 1 2 2 1 3 5 3 3 4 2 3 5 2 2 5 4 1 3 5 0 4 3 2 2
   0 3 1 5 0 3 2 5 2 0 3 2 3 0 2 0]
  [0 4 5 3 2 3 2 1 3 1 3 2 2 2 5 1 3 4 5 5 3 5 3 0 1 0 4 3 3 3 4 5 2 1 3
   3 1 2 3 0 3 1 2 3 0 1 1 0 5 2 1 5 3 0 1 2 5 2 5 1 4 3 4 1 1 3 0 4 1 0
   5 1 5 0 1 1 1 0 2 2 3 2 3 2 2 2 0 0 5 5 3 5 1 1 1 1 3 2 4 4 2 0 4 5 2
   2 1 5 2 4 3 0 4 3 0 2 1 5 3 4 1]
  [0 3 0 5 0 4 4 3 0 1 2 4 1 4 3 0 1 2 0 2 5 1 3 4 0 4 1 1 0 5 4 1 4 0 3
   3 3 2 2 3 4 1 4 3 3 5 1 5 0 0 1 4 2 3 5 5 0 0 1 3 3 0 3 0 3 3 3 2 4 1
   4 1 0 5 1 2 2 0 0 0 0 0 1 5 5 5 2 3 3 5 3 3 4 0 4 1 1 0 0 0 1 1 0 3 0
   3 0 4 0 5 0 1 5 1 2 1 2 3 3 1 2]
  [0 2 2 1 2 5 0 1 5 5 2 0 3 2 4 3 5 1 1 3 2 1 3 3 0 3 0 1 3 2 0 5 2 3 3
   4 1 5 5 3 3 1 5 2 5 1 1 5 3 0 0 2 0 0 5 4 5 4 0 2 1 5 4 5 2 2 3 3 1 5
   0 2 0 2 3 1 1 3 4 2 2 1 5 5 5 3 4 4 2 4 4 5 3 3 3 5 5 1 4 5 2 0 5 3 3
   2 1 1 5 3 3 3 5 2 4 0 5 1 4 3 2]
  [0 2 2 1 4 3 2 4 4 4 0 4 2 5 2 5 1 2 0 0 0 1 1 1 2 3 3 5 4 3 0 5 5 5 5
   2 5 2 4 3 4 3 1 1 4 2 5 2 1 0 0 0 3 5 0 3 3 4 5 2 3 0 5 4 2 1 5 5 4 5
   1 2 5 0 3 4 3 5 3 0 2 2 5 2 1 2 1 4 1 2 4 0 5 3 3 1 0 2 5 1 4 1 4 2 3
   0 3 1 1 2 1 5 3 0 0 0 2 2 0 0 0]
  [0 4 2 1 4 0 4 4 3 5 0 0 5 4 1 5 2 2 5 3 4 3 2 3 5 2 5 1 5 4 0 1 4 1 4
   3 3 3 5 2 5 3 5 2 0 0 3 1 2 2 4 0 3 0 2 1 5 5 3 1 1 4 0 0 0 2 5 5 0 0
   1 1 2 4 1 1 4 3 0 3 0 0 4 1 4 4 3 4 4 3 0 0 3 2 5 5 2 1 0 5 3 2 0 5 1
   4 5 3 1 3 0 1 1 0 3 5 1 4 5 1 5]
  [0 4 0 3 4 2 3 3 2 0 1 2 4 2 1 1 4 5 4 2 0 3 4 1 0 2 3 2 1 5 1 4 0 0 2
   2 4 3 1 3 3 1 3 3 4 3 5 4 0 3 5 1 0 2 4 1 0 4 4 1 3 2 1 3 2 1 1 2 4 0
   0 0 0 4 3 0 5 5 0 1 4 2 1 4 2 2 5 3 3 5 4 4 2 5 0 2 0 4 4 3 3 1 0 0 3
   2 0 0 5 2 2 5 4 3 3 2 4 5 0 3 3]
  [0 1 4 3 0 5 2 2 2 4 1 5 4 1 1 2 2 5 0 2 5 5 5 4 4 3 0 1 1 3 4 5 0 1 2
   4 5 4 1 4 2 5 0 4 1 2 0 1 0 2 0 0 3 0 5 1 0 1 5 5 3 5 0 4 3 1 2 1 1 5
   4 3 0 0 5 5 0 3 5 3 3 1 4 0 2 3 1 0 1 3 4 0 2 2 0 2 0 3 1 2 2 4 5 0 0
   5 5 2 5 0 3 0 5 5 0 2 0 2 5 3 1]
  [0 2 3 2 0 4 5 0 3 2 0 1 4 2 2 2 0 4 2 4 3 0 3 3 5 1 4 3 2 4 2 1 3 5 2
   1 0 2 0 4 4 5 2 4 3 1 5 1 0 2 0 3 2 1 0 2 4 4 5 3 1 5 5 0 5 2 5 5 3 1
   4 5 5 2 5 2 3 0 3 1 2 3 1 0 5 2 5 2 1 2 3 4 1 5 1 0 5 4 3 4 3 4 1 2 5
   1 2 1 4 0 0 1 4 3 1 4 2 3 5 5 1]
  [0 3 0 0 4 1 0 2 1 5 2 4 3 4 0 5 3 4 1 0 2 1 3 0 0 1 3 0 0 0 1 5 5 1 2
   5 1 4 3 1 0 4 1 1 4 1 3 3 1 5 0 2 3 4 3 0 1 0 2 4 5 3 2 0 2 5 0 4 3 0
   1 5 2 4 2 2 2 1 3 1 4 2 5 1 5 4 2 2 4 1 2 0 1 5 4 4 0 3 3 2 1 5 2 1 1
   1 3 4 2 3 1 0 2 2 4 1 4 3 3 3 4]
  [0 1 4 1 3 3 4 2 2 4 4 3 4 5 5 0 0 3 5 3 5 3 2 5 2 5 3 2 2 3 1 3 4 1 1
   2 0 5 3 0 4 5 1 1 5 0 4 4 0 5 1 0 5 2 0 3 0 4 2 1 0 3 2 1 3 3 1 0 2 5
   1 0 3 3 2 2 3 4 4 0 1 2 0 5 4 5 3 3 5 0 1 5 2 2 1 4 1 5 0 0 4 4 2 3 3
   3 3 2 1 1 2 1 5 0 5 4 4 4 4 2 0]
  [0 3 2 4 3 2 3 3 3 4 0 4 0 5 0 0 0 4 4 5 3 2 5 2 5 2 2 3 1 3 0 5 4 1 5
   1 1 3 0 4 5 4 2 4 3 1 2 3 2 0 4 4 4 5 5 0 1 0 4 1 0 0 1 5 3 2 0 1 0 2
   2 0 2 1 0 2 4 4 3 3 3 1 0 5 5 5 1 4 5 5 4 4 0 5 5 4 3 0 4 3 3 0 1 3 2
   1 2 4 2 4 4 1 4 4 0 3 5 2 4 4 3]
  [0 4 1 5 1 4 2 4 3 5 3 0 3 2 2 1 4 4 1 0 3 3 5 5 3 5 0 1 3 3 3 3 4 0 0
   5 3 3 5 3 0 1 0 5 0 0 5 3 5 5 4 3 2 4 1 3 1 4 0 2 0 3 0 0 0 3 2 1 1 5
   0 2 1 5 2 3 4 1 2 1 2 5 1 3 1 1 4 3 4 3 0 4 3 3 1 4 4 4 5 0 2 3 0 3 2
   1 5 1 1 2 1 2 0 2 3 0 2 0 2 0 5]
  [0 2 4 4 5 0 0 4 0 1 4 1 4 5 1 5 0 4 3 5 5 3 0 3 0 5 1 4 0 3 3 3 0 1 2
   3 4 5 3 2 4 2 2 0 5 3 2 3 1 3 3 2 4 0 1 2 2 5 5 0 0 5 0 3 5 5 1 4 2 5
   4 2 3 1 1 1 0 0 1 5 0 0 1 4 2 2 3 0 5 2 5 1 4 1 5 3 4 1 1 4 3 4 2 3 4
   3 3 1 3 3 1 0 5 4 1 3 2 4 5 3 1]
  [0 4 3 4 1 2 4 5 2 5 0 0 1 3 5 3 1 5 5 0 0 2 5 2 1 1 3 3 5 2 0 5 5 4 3
   1 1 5 0 1 0 0 3 2 3 3 2 3 1 3 4 4 2 5 1 3 4 0 1 1 0 1 1 1 5 3 0 5 5 5
   2 4 1 5 3 5 5 5 0 4 1 5 1 0 5 2 1 3 2 2 0 4 2 1 3 4 4 3 5 1 4 4 2 3 4
   5 5 4 0 4 2 4 1 3 3 3 0 0 5 4 2]
  [0 0 2 0 0 5 4 2 2 0 2 1 0 1 1 5 3 2 1 4 3 1 0 1 5 4 1 4 0 3 1 1 5 5 4
   0 4 0 3 0 4 1 0 3 2 0 5 1 1 3 4 4 4 5 1 4 2 1 5 2 4 0 2 5 2 5 3 3 0 0
   5 2 0 4 0 3 2 1 0 3 3 5 3 2 2 3 0 1 1 3 2 1 1 0 3 5 5 2 3 0 1 5 5 2 2
   5 5 0 4 2 0 1 0 1 5 5 1 1 1 4 2]
  [0 2 0 0 2 0 1 0 5 2 0 4 4 3 0 3 1 2 2 1 3 5 1 1 4 2 3 1 1 4 3 0 5 2 3
   3 3 5 4 4 5 4 4 5 5 0 5 2 5 4 4 1 1 2 4 1 3 5 0 2 5 1 0 4 4 3 4 3 4 4
   3 1 5 3 0 3 4 5 1 4 1 2 3 2 1 0 5 5 2 4 2 2 4 4 3 2 5 1 2 5 5 1 2 1 2
   5 2 3 1 5 4 0 4 2 0 3 1 2 0 5 4]
  [0 1 5 1 0 2 1 2 4 3 0 5 3 1 5 1 5 5 1 4 0 3 5 1 1 5 1 4 2 5 2 4 4 2 1
   3 4 0 2 5 1 4 1 2 4 4 0 2 4 5 4 3 0 3 1 4 0 4 0 2 5 1 4 0 5 1 5 0 1 3
   4 2 3 1 2 4 1 5 4 0 1 1 0 2 2 4 3 4 2 2 5 1 0 4 0 0 5 0 1 0 2 3 3 5 4
   0 0 5 2 3 3 1 5 4 0 4 4 5 0 2 1]
  [0 4 0 0 1 5 1 2 1 1 3 5 0 4 4 5 5 3 3 4 5 1 2 2 3 3 5 1 1 1 3 0 2 2 0
   3 3 3 1 1 3 4 3 4 0 4 0 4 3 2 4 1 1 3 4 0 3 3 5 3 5 5 3 5 0 0 1 3 1 1
   2 0 4 3 0 5 2 0 3 0 5 0 1 1 0 2 1 5 2 3 2 2 4 2 4 5 3 4 1 2 4 5 1 4 5
   5 1 0 3 5 1 4 5 4 4 5 5 5 3 4 3]
  [0 3 0 4 3 5 4 4 5 4 2 4 2 3 4 4 2 1 1 0 2 5 2 3 3 5 2 5 3 0 5 4 0 3 5
   5 2 2 1 4 3 2 1 0 0 2 3 3 0 0 0 0 5 3 1 0 4 1 4 2 1 3 1 2 5 0 2 4 4 3
   1 2 2 5 1 4 4 3 5 5 2 1 0 2 4 1 5 3 2 3 2 5 4 2 3 5 0 3 2 0 3 5 4 0 2
   0 2 0 2 2 0 1 5 1 0 2 5 0 5 5 2]
  [0 0 3 5 0 5 0 2 0 4 3 3 2 1 3 3 3 0 4 1 5 3 4 0 3 1 0 5 0 0 3 3 3 3 4
   5 1 1 3 5 1 5 0 4 5 4 1 3 0 1 4 5 4 5 5 2 0 4 2 0 0 4 0 5 5 1 0 2 2 3
   0 1 0 4 2 4 3 4 1 3 3 1 0 2 3 0 2 3 1 3 2 2 1 5 2 1 2 3 1 4 0 0 2 5 2
   4 5 1 0 5 2 5 0 1 5 4 3 5 0 2 0]
  [0 5 0 1 1 3 2 3 2 3 1 2 0 3 3 1 4 4 3 5 5 2 4 5 0 1 3 2 5 5 0 2 5 1 3
   2 1 0 3 4 4 2 4 2 2 3 0 2 5 5 1 5 1 0 4 3 4 4 2 1 1 4 4 0 0 5 0 0 1 3
   2 5 4 2 1 0 3 0 0 5 4 1 4 4 0 3 1 3 4 4 2 0 2 4 2 0 1 5 5 3 3 3 5 0 2
   5 1 0 5 2 1 4 1 3 3 3 4 2 0 3 4]
  [0 2 5 5 2 0 5 4 0 4 5 5 3 0 4 1 0 0 2 0 5 2 1 3 3 2 4 1 1 1 1 2 0 0 0
   5 4 5 4 5 2 1 5 2 1 4 4 1 1 4 1 0 1 3 0 2 3 2 3 0 3 2 3 5 1 4 2 0 0 3
   4 2 3 3 1 0 1 1 2 0 4 0 1 2 1 2 4 5 4 0 3 4 1 5 2 3 0 5 3 5 0 2 1 5 2
   4 1 4 2 0 4 4 3 0 4 5 2 2 4 3 1]
  [0 0 1 3 5 3 0 4 5 5 5 4 3 2 5 5 0 1 2 2 1 4 5 5 4 3 5 1 5 5 5 5 4 2 3
   4 3 5 3 2 1 1 0 4 4 0 3 4 3 1 0 3 5 4 2 3 5 4 0 1 5 0 3 3 5 0 1 4 5 0
   5 3 0 4 1 0 1 4 0 3 4 4 2 4 4 3 5 5 2 2 5 1 4 1 5 0 4 2 1 5 4 3 4 3 4
   3 1 4 3 2 2 0 1 3 3 1 2 0 2 5 5]
  [0 5 4 5 5 2 2 0 3 1 5 3 5 1 3 3 1 3 1 0 2 4 4 5 4 4 0 2 3 3 0 0 2 1 1
   4 2 5 4 0 3 3 2 1 5 0 3 0 2 1 5 2 5 1 3 0 3 2 5 0 2 5 5 3 5 5 2 5 0 2
   0 5 4 1 0 2 4 5 0 2 0 1 4 0 0 4 3 3 2 1 3 1 4 5 5 5 1 0 1 4 4 0 4 1 1
   3 0 0 2 5 5 2 1 4 1 0 3 3 5 3 2]
  [0 4 3 5 5 2 0 1 4 5 4 5 0 2 2 0 3 5 5 2 5 0 2 0 0 1 0 0 2 4 1 2 0 0 2
   5 3 2 2 1 3 4 5 3 3 2 3 3 1 4 5 5 5 4 1 1 2 0 2 4 3 3 0 4 2 0 0 2 0 1
   5 0 3 4 4 1 2 4 3 0 5 2 3 3 0 4 0 0 4 5 5 5 4 2 0 2 0 1 0 5 1 3 0 2 0
   2 1 5 5 1 4 1 0 3 1 5 2 1 5 3 1]
  [0 0 3 1 4 1 3 0 5 4 3 4 1 3 4 4 1 5 1 3 1 0 2 2 1 3 2 4 0 1 0 5 1 4 1
   0 5 0 4 2 1 0 2 4 1 4 5 0 2 1 5 3 1 2 4 3 0 3 0 3 3 2 4 1 5 0 1 5 4 4
   4 1 0 4 2 3 4 5 5 2 2 0 4 1 5 4 2 4 3 1 1 0 2 2 2 0 3 1 5 3 5 4 0 3 4
   1 1 5 1 5 3 1 3 2 0 1 1 3 5 5 4]
  [0 0 5 2 4 4 3 3 4 3 5 2 1 5 5 5 0 3 1 1 0 3 0 3 0 4 0 2 0 4 5 2 4 3 5
   2 4 5 2 5 5 2 3 2 5 0 1 3 3 3 3 4 5 3 2 3 4 1 2 3 1 4 2 0 5 4 5 0 2 1
   3 0 5 0 3 3 5 0 5 4 4 4 2 1 1 0 0 4 0 4 5 2 0 1 2 0 4 0 0 2 3 4 4 2 5
   3 0 2 4 2 4 0 4 4 4 2 1 4 1 0 4]
  [0 3 3 1 1 3 0 3 4 2 4 4 1 0 0 5 5 1 0 1 0 0 2 4 2 0 0 4 4 2 5 3 3 1 0
   2 2 0 2 5 3 1 4 0 5 5 4 0 5 5 4 0 5 0 1 1 2 5 2 0 4 3 4 4 4 4 0 3 1 5
   1 5 3 2 0 5 3 2 4 3 3 4 2 2 4 4 2 5 1 0 2 3 2 2 0 0 2 3 1 1 0 0 2 0 4
   3 4 3 3 4 2 0 2 4 2 2 3 0 4 1 4]
  [0 5 1 5 1 1 4 4 1 3 5 2 0 4 5 3 4 4 4 5 2 4 5 2 4 2 1 4 4 2 5 1 3 4 3
   4 2 0 2 4 3 0 4 5 5 0 1 1 0 1 1 2 1 4 0 2 1 1 4 2 5 5 3 1 2 4 0 4 3 0
   4 2 2 2 5 0 3 5 2 4 3 5 4 1 5 3 5 4 1 0 5 0 2 2 4 4 1 2 0 2 3 0 2 5 3
   4 0 3 1 4 4 4 5 1 0 3 3 0 5 4 0]
  [0 1 2 4 2 5 0 0 5 3 0 3 5 0 2 0 2 5 0 0 2 3 3 3 1 3 4 5 3 0 2 3 1 2 1
   2 3 0 3 4 0 2 0 0 4 1 2 1 4 1 4 0 1 3 0 1 2 5 3 4 3 5 3 0 2 3 3 1 1 1
   3 0 5 4 0 2 0 0 4 3 0 2 2 0 3 3 3 0 4 0 5 4 2 2 5 4 1 2 1 0 1 0 2 5 2
   0 3 5 1 4 1 0 1 1 1 3 3 1 3 1 3]
  [0 0 5 1 1 0 4 5 5 2 1 1 3 0 5 0 4 1 0 4 0 3 5 1 3 3 0 2 0 1 3 2 0 5 3
   2 5 3 1 2 3 1 2 4 3 0 4 0 4 2 5 4 4 4 2 1 4 5 5 4 5 4 4 3 5 4 4 1 0 0
   4 0 4 1 3 3 1 0 0 3 0 0 1 4 5 1 2 4 2 1 4 2 4 1 5 3 1 4 1 5 3 5 1 4 2
   4 4 3 2 4 3 2 5 2 3 3 5 3 3 5 0]
  [0 2 4 3 0 1 4 3 4 5 4 2 3 4 2 1 5 1 5 1 5 4 0 3 3 5 3 0 5 5 4 2 3 1 2
   4 0 0 1 2 1 2 3 2 0 4 5 2 4 1 4 5 3 4 0 2 1 4 1 1 3 5 0 1 3 5 1 1 2 3
   0 4 4 1 0 0 5 2 0 2 4 3 3 1 2 1 1 5 4 0 0 3 2 0 2 5 0 5 2 2 2 4 5 0 0
   1 2 2 4 0 3 0 5 3 0 5 3 1 0 1 3]
  [0 5 2 3 0 5 3 1 1 4 1 1 2 5 3 1 3 3 4 4 2 3 2 5 1 0 3 5 4 1 4 1 1 3 3
   2 5 1 1 0 5 5 4 5 3 1 0 2 1 5 4 1 3 0 2 5 0 2 2 1 3 3 5 0 2 0 2 3 3 4
   0 1 5 2 0 3 1 1 1 0 4 3 2 2 2 3 1 4 0 4 2 3 0 5 1 4 0 3 4 3 5 2 5 5 0
   4 0 2 5 0 5 4 2 2 5 3 1 2 2 5 0]
  [0 4 1 0 5 2 3 4 0 4 3 4 1 1 2 4 1 3 3 5 5 3 1 4 0 4 4 3 1 2 4 1 3 5 1
   0 3 2 5 0 4 2 2 1 4 1 0 2 3 1 0 4 0 2 4 3 1 0 3 2 2 0 5 4 5 3 3 5 1 5
   4 2 5 1 5 4 1 4 0 4 0 4 2 2 3 0 0 0 2 3 4 0 2 0 0 2 3 2 4 5 1 0 3 5 5
   1 4 1 4 5 4 1 3 2 0 2 1 0 1 4 5]
  [0 5 5 0 4 3 5 5 2 3 5 1 4 1 4 0 5 2 5 1 0 4 4 2 0 1 5 5 3 3 2 4 2 1 3
   0 1 4 3 2 4 1 1 1 4 1 5 5 0 2 2 4 0 2 3 0 3 3 1 0 3 2 3 2 0 1 1 3 2 1
   5 5 5 4 3 0 5 1 1 5 4 0 1 3 5 4 5 3 0 2 1 4 1 1 3 5 1 5 5 4 0 3 5 4 1
   5 5 5 2 5 5 2 2 2 1 4 5 2 1 0 4]
  [0 2 4 4 0 1 3 1 5 1 3 2 5 1 2 0 0 3 4 3 0 4 1 3 1 3 4 0 2 5 2 5 0 0 3
   5 0 5 5 1 3 2 1 3 1 0 3 1 4 1 1 2 1 2 2 2 2 2 0 0 3 0 5 2 4 2 2 0 4 2
   0 3 1 0 4 5 2 0 4 2 3 5 0 3 0 3 3 4 0 5 2 2 2 5 2 5 4 5 3 5 3 0 5 0 5
   3 5 3 5 2 1 1 5 0 4 0 5 4 4 0 3]
  [0 5 2 4 1 0 1 1 4 4 4 1 1 5 5 2 4 4 0 2 4 3 3 4 4 4 5 1 5 1 3 2 1 5 4
   0 0 2 5 2 5 2 3 1 5 1 4 1 5 3 3 0 0 3 2 1 1 3 5 1 5 5 5 1 0 3 3 1 1 0
   4 3 0 0 5 2 3 5 3 2 1 4 5 0 0 4 5 5 1 5 2 2 4 2 2 1 4 2 3 4 1 1 4 0 0
   3 0 5 2 2 3 3 0 1 5 2 5 0 4 2 0]
  [0 1 1 0 4 4 1 2 4 2 2 1 1 0 3 0 1 2 0 4 0 4 3 0 2 1 5 1 3 5 5 3 1 2 1
   2 4 1 3 3 3 5 0 3 1 1 1 2 5 2 1 2 3 3 0 4 4 2 0 1 3 1 1 0 4 0 0 1 1 1
   0 2 5 0 1 1 1 3 2 0 1 1 1 0 0 4 2 2 4 2 0 4 5 0 3 0 0 1 5 3 3 1 5 2 2
   5 0 5 0 4 5 5 2 0 4 3 3 0 4 2 4]
  [0 3 0 3 2 5 2 3 3 5 0 3 0 3 0 5 0 4 5 0 4 1 3 5 5 0 1 4 0 2 1 5 4 1 5
   0 5 2 0 2 4 2 4 0 4 1 3 2 0 3 2 5 3 4 4 0 0 0 0 4 1 4 1 3 1 5 3 3 4 4
   1 2 2 3 3 5 0 5 1 0 4 4 3 3 1 0 3 1 5 3 0 1 4 3 1 1 2 0 4 2 5 4 0 3 1
   2 0 2 1 3 1 2 5 4 5 0 4 2 4 2 3]
  [0 5 0 4 4 5 4 1 0 4 1 1 5 0 4 1 4 3 0 0 0 5 0 4 0 2 2 5 2 1 3 0 0 3 4
   3 4 0 2 0 4 5 2 1 5 3 5 4 1 4 4 0 2 5 1 5 3 3 3 3 0 0 5 1 3 3 3 1 1 0
   3 3 0 1 2 3 3 1 3 1 4 0 4 5 0 0 0 3 5 2 5 4 3 4 2 0 5 5 5 2 0 4 1 0 4
   2 2 2 4 3 3 0 4 3 1 0 0 2 4 1 4]
  [0 3 0 3 2 0 0 5 1 5 5 0 4 1 1 5 0 4 0 5 0 2 4 3 4 4 5 5 4 4 0 2 3 1 1
   5 1 3 1 4 3 2 3 4 0 5 2 1 4 3 1 1 5 0 3 0 1 0 1 1 1 2 2 3 2 3 2 0 3 3
   0 4 5 4 0 5 3 1 0 3 1 5 3 0 2 1 1 0 1 3 4 0 1 3 2 2 2 2 5 4 4 4 3 3 2
   4 4 2 0 4 3 4 5 3 3 4 4 0 1 5 1]
  [0 2 1 2 1 2 0 2 4 4 5 0 3 0 3 3 5 5 1 3 2 3 2 1 5 0 5 3 4 1 4 2 5 0 1
   1 2 3 3 4 5 2 0 2 5 5 4 4 2 2 1 1 3 0 5 2 1 5 4 3 2 3 2 4 1 1 3 4 4 4
   1 2 4 2 5 4 1 2 2 3 3 5 2 0 4 5 3 5 0 1 5 3 1 0 1 5 5 5 4 0 1 0 5 5 5
   0 2 2 1 5 2 1 2 0 1 2 5 4 1 3 4]
  [0 2 1 4 2 5 1 0 2 3 0 3 1 2 2 4 0 3 5 3 2 2 4 4 0 4 5 3 3 3 4 2 1 2 3
   2 5 5 0 0 1 2 3 3 3 5 1 1 1 4 2 1 0 5 4 2 5 2 1 2 3 1 1 3 4 3 1 0 4 5
   1 5 2 0 1 5 2 5 2 5 0 3 1 0 3 1 0 3 1 0 5 3 4 5 1 5 3 3 5 4 0 4 0 2 1
   5 2 3 5 4 0 0 4 2 4 4 5 0 1 3 1]
  [0 2 1 3 1 3 4 2 0 1 5 3 3 2 4 3 3 3 1 4 4 3 1 4 3 4 1 2 5 0 5 5 4 5 3
   2 2 0 1 2 2 5 3 4 0 3 2 1 3 1 3 4 1 4 4 2 3 2 0 1 2 1 4 5 3 5 0 4 3 5
   5 2 2 1 2 0 4 4 5 1 2 0 4 4 5 4 0 5 1 2 0 2 2 4 3 3 4 5 0 4 1 0 0 2 0
   5 0 1 4 4 4 4 5 1 2 5 0 1 3 3 4]
  [0 4 2 1 1 3 5 4 5 2 1 1 5 0 4 5 2 2 2 1 2 1 1 1 5 1 4 1 3 3 3 1 1 3 4
   2 0 4 1 1 5 3 5 5 5 4 4 4 1 2 3 4 5 1 1 5 1 1 2 0 2 3 5 4 5 2 5 0 2 1
   4 1 2 1 2 0 2 3 1 0 2 4 0 0 0 3 2 5 5 5 4 0 3 4 1 1 5 2 2 3 5 2 0 2 0
   4 3 4 3 0 4 5 3 1 0 2 4 5 4 0 0]
  [0 5 5 2 4 3 3 1 1 1 3 3 0 4 0 3 5 3 4 4 0 4 5 2 4 3 2 3 4 5 5 4 5 0 4
   0 1 0 0 4 2 0 1 5 4 5 0 4 3 2 3 0 2 4 5 0 5 2 2 5 4 3 2 5 4 3 0 5 4 2
   4 1 4 3 4 4 0 2 3 5 0 4 4 4 2 1 4 3 0 4 3 4 0 3 2 2 5 3 1 0 5 2 4 2 4
   5 4 5 3 1 1 2 3 0 1 4 1 0 0 0 2]
  [0 0 1 4 0 0 3 0 2 5 0 5 4 1 4 2 3 2 4 3 3 4 1 3 3 5 2 3 0 1 1 1 2 0 3
   2 1 3 1 4 0 4 3 3 2 4 0 3 4 2 0 2 0 2 2 4 2 4 2 1 3 3 5 0 3 4 5 5 2 5
   3 4 1 5 0 3 2 2 0 4 0 1 4 4 0 0 3 5 3 4 4 3 4 0 3 4 2 3 1 3 0 2 4 0 2
   4 4 0 3 0 1 2 5 1 5 5 5 3 4 2 5]
  [0 4 1 4 2 5 0 5 2 2 2 4 1 3 1 3 1 0 1 1 5 0 1 2 0 4 0 1 4 1 1 2 1 3 2
   4 1 1 0 2 1 0 0 1 0 4 3 5 2 3 4 1 2 1 1 3 1 2 2 3 4 3 1 4 2 0 5 1 3 1
   3 5 4 1 2 1 2 2 3 1 2 2 5 1 0 3 3 1 4 0 5 0 5 5 0 4 0 1 3 2 2 4 1 3 2
   4 2 1 0 0 1 3 5 5 1 0 2 5 3 1 1]
  [0 4 1 0 0 5 4 5 2 3 0 4 3 5 1 3 1 2 2 2 0 0 5 5 1 3 1 2 3 2 3 1 0 5 1
   1 0 0 4 2 4 0 1 0 1 1 1 0 1 1 3 3 5 4 1 1 1 3 1 5 0 0 5 1 5 4 0 5 0 2
   5 0 3 2 1 1 4 2 5 5 0 0 1 2 3 5 4 5 4 1 2 2 3 0 5 0 5 5 0 1 0 2 0 3 4
   3 5 1 3 1 3 2 5 4 1 2 2 3 4 3 3]
  [0 2 5 5 2 2 5 1 4 1 3 1 3 0 1 0 0 3 1 2 2 2 1 1 2 5 1 1 0 0 2 3 0 3 3
   0 3 0 0 5 0 2 3 4 3 1 5 1 0 5 1 5 2 1 2 0 0 1 4 0 5 3 1 1 5 1 5 2 5 1
   0 4 3 0 4 4 5 3 0 4 1 0 0 5 0 4 1 4 2 1 1 1 0 5 3 0 0 2 4 4 5 2 1 5 4
   4 4 0 5 4 5 1 2 2 5 4 1 1 0 2 1]
  [0 2 5 2 2 3 2 3 0 0 5 2 5 4 2 2 4 0 2 5 4 5 2 5 2 3 1 1 3 4 2 4 0 2 2
   2 2 3 4 4 5 2 4 3 3 4 1 1 2 1 3 0 4 0 4 2 4 5 0 3 4 2 1 2 5 3 2 5 2 5
   1 0 3 5 0 5 5 4 1 5 1 1 0 0 5 2 2 4 2 4 2 2 2 5 4 2 0 0 2 4 3 3 0 3 1
   5 2 4 2 1 3 3 3 5 3 0 3 4 4 3 2]
  [0 3 5 2 4 0 5 3 0 5 3 0 3 5 5 4 1 5 0 0 5 2 2 5 1 3 2 4 1 5 0 0 1 0 3
   3 3 2 0 1 5 5 4 1 3 4 3 0 0 5 4 0 1 5 4 1 3 3 3 0 5 1 4 2 1 4 3 5 4 1
   1 4 2 1 5 5 3 0 4 3 2 4 2 1 3 2 2 4 0 4 2 5 3 2 0 2 5 3 0 3 0 0 3 1 5
   1 1 4 5 2 5 0 5 0 1 0 0 4 5 4 0]
  [0 5 2 4 3 5 0 1 1 0 3 0 3 4 0 2 0 2 3 0 3 0 3 0 5 1 4 2 1 3 0 1 3 1 0
   2 5 2 0 1 4 2 0 5 4 3 1 3 4 3 1 0 3 3 4 1 2 4 1 1 3 5 1 4 3 0 2 3 2 5
   4 1 5 1 3 2 5 3 5 3 5 1 4 3 5 3 5 5 0 4 5 5 0 4 5 3 2 2 2 0 3 2 0 5 1
   1 4 3 4 4 5 0 4 5 5 3 3 4 5 4 0]
  [0 4 2 4 4 2 4 0 4 5 5 3 1 3 0 4 5 0 4 4 1 2 0 2 2 5 4 5 1 2 3 1 2 3 1
   0 5 1 2 4 3 5 1 1 0 1 2 4 3 0 1 3 5 3 1 1 5 3 4 1 5 2 4 5 1 1 2 0 1 4
   5 5 4 2 4 3 4 5 2 0 0 1 3 0 5 1 1 1 0 5 1 1 4 1 4 4 3 0 3 5 0 3 5 4 1
   4 4 1 3 3 4 3 1 1 5 0 2 4 0 5 0]
  [0 3 2 2 5 1 5 2 4 5 5 3 2 0 5 4 2 3 4 1 1 4 2 5 0 2 4 1 0 3 3 3 0 5 2
   2 4 0 1 4 5 2 0 0 5 5 0 4 5 0 4 4 0 3 0 0 1 0 2 2 4 0 5 0 5 4 1 3 5 3
   5 0 4 5 1 4 4 0 1 5 0 3 4 4 5 3 4 4 1 2 3 0 3 2 2 3 3 2 4 2 0 0 1 2 0
   0 4 5 2 4 1 5 0 3 3 5 0 0 4 1 0]
  [0 5 5 3 0 0 2 1 4 0 0 2 4 0 3 4 0 0 1 2 5 4 3 5 4 3 3 0 4 5 4 5 4 2 3
   2 0 5 1 4 2 5 2 0 2 2 1 0 2 2 3 2 5 1 5 4 4 4 0 2 1 4 3 0 0 5 0 0 1 5
   3 5 0 0 3 1 5 0 5 4 5 3 2 4 1 4 1 3 3 1 3 3 1 0 1 2 5 5 4 1 2 0 0 5 5
   2 0 5 0 2 3 5 1 1 2 2 5 1 3 3 3]
  [0 3 2 3 0 3 5 4 3 3 0 5 5 5 3 3 0 1 3 4 2 2 0 3 2 2 1 0 4 0 1 3 2 5 2
   0 1 4 3 2 4 4 5 1 1 4 1 1 5 5 2 1 1 0 1 3 5 1 5 4 0 4 2 4 1 2 0 3 5 0
   3 5 0 4 4 1 0 3 2 4 2 5 4 1 3 5 2 5 2 4 4 4 1 0 2 4 5 3 4 2 0 3 2 0 1
   3 0 3 4 3 3 0 4 4 4 5 5 2 0 4 4]
  [0 5 5 1 2 2 0 5 5 2 0 4 1 2 2 5 1 2 5 5 1 2 5 3 2 4 3 1 3 3 3 1 5 2 2
   1 0 1 0 5 4 4 5 3 3 5 0 1 3 5 3 0 3 2 2 3 1 4 0 1 0 0 0 2 1 1 5 2 4 5
   2 2 4 0 0 3 0 5 4 1 1 0 4 1 5 4 0 0 0 5 3 5 0 4 0 1 0 4 1 0 1 3 3 5 0
   4 4 1 2 2 4 5 5 3 3 5 5 4 3 0 5]
  [0 1 4 1 1 4 4 2 0 1 5 5 1 0 5 3 2 5 0 5 2 1 3 1 1 5 3 2 1 2 5 4 5 3 3
   5 4 0 5 3 1 5 5 5 5 0 3 0 1 0 4 5 3 1 4 4 0 1 0 0 1 0 4 1 1 3 2 5 1 0
   3 2 3 2 2 3 0 1 4 0 5 4 5 5 2 2 3 4 1 3 1 2 4 3 3 1 1 5 5 2 3 0 2 4 1
   0 2 3 3 2 1 5 2 4 4 5 0 4 5 1 4]
  [0 5 4 0 1 2 2 2 2 1 4 3 3 2 1 5 5 1 5 0 0 3 5 4 2 2 3 1 5 0 2 1 0 0 0
   5 5 1 1 1 0 1 4 0 0 3 4 0 3 3 1 4 4 1 4 5 2 5 3 0 5 1 5 3 3 3 1 1 0 3
   2 4 0 1 0 5 4 2 0 0 2 1 1 2 0 1 0 4 4 2 0 2 5 1 2 4 4 1 1 4 2 5 1 4 1
   3 0 0 0 5 4 3 4 5 3 4 5 2 1 4 3]
  [0 5 1 4 0 0 4 4 0 5 0 5 2 1 0 3 4 5 1 5 4 5 1 1 0 0 4 3 3 1 4 2 1 1 3
   3 5 3 4 5 2 3 2 4 3 5 5 4 0 3 4 1 3 2 3 0 4 0 4 1 2 3 2 5 5 0 3 3 4 2
   2 0 1 1 4 1 2 3 4 2 2 4 5 5 1 5 1 4 4 0 2 5 4 4 5 5 5 4 2 2 0 2 5 3 1
   5 3 0 3 4 2 0 5 5 0 1 2 2 1 1 1]
  [0 2 4 5 0 1 5 3 1 0 3 3 4 5 0 0 4 0 5 2 2 3 5 4 5 3 1 3 0 4 0 0 5 5 3
   1 5 3 2 5 0 1 3 1 4 5 0 1 4 2 4 4 5 4 1 0 2 1 0 0 5 1 4 0 1 4 2 4 1 3
   5 0 5 2 0 3 5 4 1 0 5 0 5 4 2 4 2 0 3 0 4 0 4 2 0 4 3 2 5 5 3 3 1 5 1
   5 4 2 0 0 1 5 3 0 4 1 0 3 0 1 0]
  [0 4 0 5 2 4 3 1 0 0 2 2 3 1 0 0 0 5 1 3 0 5 5 3 0 3 1 2 3 1 2 3 2 3 2
   1 5 2 2 1 1 0 1 5 1 1 0 0 2 4 4 3 5 1 4 2 4 5 1 4 3 1 1 5 5 3 0 3 0 2
   5 2 2 1 2 3 4 1 2 0 0 3 4 5 1 1 4 2 5 3 2 4 5 0 3 2 0 3 3 1 0 0 3 3 5
   1 1 1 4 0 2 5 1 1 2 3 3 1 3 4 5]
  [0 1 4 1 4 3 1 3 4 2 5 1 3 4 4 5 4 2 5 1 5 2 5 3 3 4 2 0 1 1 0 0 1 1 3
   0 5 1 2 3 1 3 0 0 2 1 3 3 0 0 0 5 1 4 1 4 5 0 2 1 4 1 4 5 0 0 0 5 4 0
   5 2 1 0 3 2 2 0 5 4 1 0 2 3 1 2 4 2 4 3 3 1 4 2 5 5 4 1 3 3 4 2 3 1 0
   5 4 5 4 4 0 1 1 0 2 2 1 2 2 2 4]
  [0 3 3 2 3 5 3 3 1 5 1 3 5 3 2 3 2 1 0 5 3 3 0 3 4 3 1 2 2 4 3 1 2 4 5
   3 4 1 3 4 1 5 2 3 3 3 3 3 5 2 3 5 0 1 1 1 4 4 5 5 3 2 1 3 4 4 0 1 2 2
   2 3 0 0 2 5 5 3 4 0 3 0 3 0 5 4 3 1 1 3 0 0 5 4 5 4 1 0 1 4 3 5 2 0 5
   0 1 4 4 4 4 0 3 4 2 0 2 2 1 5 0]
  [0 1 4 2 5 2 1 0 1 1 0 1 5 5 3 2 4 2 1 5 5 0 2 3 2 4 1 0 0 4 0 2 1 1 1
   2 4 2 4 1 4 5 5 4 3 0 2 4 5 1 0 3 2 0 2 2 3 2 0 5 0 1 1 1 5 0 2 1 5 0
   3 3 4 0 5 5 3 4 2 4 2 3 0 5 3 0 3 5 1 3 1 4 1 3 0 4 1 2 1 3 3 1 2 2 1
   4 0 4 1 1 1 3 0 0 3 2 2 4 3 2 5]
  [0 1 0 0 5 4 1 0 0 4 0 1 5 5 5 1 1 2 0 4 0 4 1 4 0 3 0 1 0 3 1 2 2 3 4
   1 1 1 0 2 1 2 2 4 1 0 3 4 1 3 3 5 0 3 5 5 4 4 2 0 5 3 0 5 1 3 5 5 3 1
   1 4 0 1 3 3 0 4 4 0 1 0 2 2 3 0 5 5 3 4 0 3 4 4 5 2 1 4 4 5 0 2 4 0 0
   1 3 0 4 1 5 5 3 0 1 1 2 4 3 1 1]
  [0 3 5 0 3 3 0 2 3 4 3 3 1 2 5 2 3 5 2 2 5 5 0 1 2 1 2 3 4 2 0 4 1 0 2
   2 4 2 4 1 2 2 4 1 2 0 3 0 1 5 5 0 5 2 1 1 2 0 0 3 2 3 3 3 5 2 1 4 1 5
   1 5 1 1 2 0 3 2 5 3 0 4 5 4 1 0 5 1 0 3 3 1 4 2 4 4 1 2 3 5 3 4 3 4 5
   1 2 1 4 5 0 0 4 1 0 0 3 1 5 3 3]
  [0 1 0 5 3 0 3 3 4 4 0 4 2 5 0 0 4 3 0 2 3 0 3 3 1 2 2 4 3 5 0 0 0 0 4
   1 1 2 5 0 1 4 2 2 1 4 2 2 0 5 3 1 1 0 2 1 4 1 1 4 5 0 3 5 0 5 5 5 2 1
   1 0 5 4 5 0 0 3 5 2 3 0 3 4 3 3 1 4 5 1 2 4 3 1 0 4 4 3 1 4 5 0 3 0 3
   0 1 4 1 0 2 1 5 0 1 0 1 3 5 3 3]
  [0 4 1 0 1 5 4 3 2 0 3 5 4 5 5 4 5 1 4 2 3 4 1 4 0 4 3 5 2 5 3 1 0 2 2
   5 1 1 4 4 0 1 2 5 1 2 5 4 0 3 4 2 4 3 1 2 1 3 1 5 5 4 5 5 4 3 5 3 1 2
   3 2 2 5 4 3 1 2 3 3 0 0 0 3 0 0 0 4 0 1 3 2 0 2 2 5 1 3 3 1 0 4 4 5 4
   5 3 2 2 0 4 1 0 3 3 4 0 4 0 4 1]
  [0 1 0 2 2 2 0 1 3 0 2 1 0 3 2 1 1 3 1 2 0 4 1 3 2 4 2 3 3 2 1 4 3 1 0
   3 2 5 2 2 1 2 4 4 1 0 3 4 0 1 5 4 0 5 5 1 2 0 3 1 1 0 3 1 2 3 0 0 2 5
   0 2 5 5 4 2 4 3 4 1 1 4 5 2 3 5 2 3 4 0 2 1 2 4 4 4 4 0 1 3 5 0 5 1 1
   5 5 4 5 5 0 2 4 3 4 3 5 0 1 0 3]
  [0 0 1 0 2 5 2 4 1 3 0 0 3 2 5 5 1 3 1 4 0 4 0 5 5 5 5 1 2 4 0 4 4 2 1
   1 2 3 1 3 1 0 4 5 2 2 3 2 4 4 2 1 2 4 1 3 3 1 3 0 3 2 3 2 0 5 1 3 1 0
   0 1 1 2 0 0 2 1 3 0 5 5 2 5 1 5 1 2 3 5 4 4 0 4 3 5 1 4 4 3 0 5 4 2 5
   0 2 2 4 2 4 1 4 4 5 5 4 4 0 2 2]
  [0 0 5 3 4 5 3 1 1 3 2 4 4 0 5 5 4 2 4 5 5 5 1 4 1 5 4 4 3 3 1 0 4 2 5
   0 1 3 3 2 3 3 5 5 3 2 1 4 4 1 2 3 3 0 3 5 0 0 1 1 5 0 2 2 2 0 5 5 4 2
   2 0 0 5 4 5 5 4 2 1 4 2 2 2 4 2 1 2 2 5 5 3 0 3 5 5 4 3 2 2 4 3 1 4 4
   1 2 4 5 3 3 1 5 5 2 1 5 3 1 0 4]
  [0 0 3 2 2 5 0 1 3 3 2 3 5 2 1 0 4 4 0 4 1 4 1 5 5 0 5 4 5 1 4 3 2 3 5
   3 4 5 5 4 1 5 1 3 1 0 1 0 4 2 1 5 0 2 4 4 1 5 5 3 5 5 2 1 2 2 2 3 5 5
   1 5 1 0 3 1 0 0 1 2 4 2 4 0 0 2 3 1 1 3 0 0 0 1 1 1 1 5 1 3 3 5 2 2 4
   1 2 5 5 1 4 3 3 4 5 5 5 2 3 5 0]]

 [[0 4 3 0 3 4 3 5 2 1 5 5 3 2 4 5 5 5 5 0 1 4 4 0 0 2 1 5 1 3 0 0 0 0 1
   4 4 3 0 4 1 4 0 2 2 4 1 2 2 1 2 0 4 3 3 5 2 2 4 2 1 4 2 0 0 4 0 2 5 2
   1 0 2 2 5 1 2 0 5 4 1 2 1 0 5 4 3 1 4 1 0 3 0 3 4 1 2 1 2 5 3 5 5 1 5
   3 2 3 2 1 1 0 4 3 1 2 2 4 3 1 1]
  [0 0 4 5 2 2 5 0 5 1 5 5 3 0 1 5 5 2 3 1 2 2 1 2 2 1 5 0 0 0 0 2 4 1 1
   1 2 1 0 3 1 1 4 4 5 1 0 5 3 2 1 0 1 0 2 0 5 5 4 5 4 1 0 0 3 5 1 2 2 5
   1 0 1 2 2 0 1 2 3 3 2 3 1 4 1 3 3 5 4 0 2 3 3 4 1 0 5 3 1 4 1 3 3 3 3
   0 5 2 2 2 2 4 5 5 1 2 1 1 2 3 5]
  [0 3 0 2 0 5 0 0 0 2 0 5 0 3 3 3 0 3 2 5 3 2 3 1 2 2 1 1 4 3 2 3 2 4 0
   0 5 1 1 1 2 3 5 1 5 0 1 3 1 1 4 3 0 0 2 5 1 0 5 5 5 4 1 4 1 4 5 0 5 0
   2 2 0 3 0 3 3 4 2 5 5 0 1 2 0 5 0 1 4 1 1 1 0 5 0 0 0 1 2 4 0 3 1 5 1
   2 3 0 5 4 1 5 0 4 4 0 4 5 2 1 3]
  [0 0 1 0 0 4 4 4 1 3 3 4 4 4 0 5 1 0 5 2 5 1 4 1 4 0 3 3 3 4 5 3 0 3 5
   2 2 4 2 1 1 3 1 0 5 3 3 3 3 5 1 5 5 3 4 4 5 2 3 3 1 3 4 2 2 0 4 3 0 4
   4 0 2 4 2 1 3 2 5 1 3 4 5 4 2 5 4 1 5 5 5 4 5 5 5 2 4 3 0 5 5 4 0 1 4
   4 3 5 4 5 1 3 2 3 5 5 5 2 1 1 4]
  [0 4 2 3 0 3 3 0 3 4 1 3 0 0 4 1 4 5 4 1 4 5 4 4 2 0 1 2 5 4 0 3 0 0 3
   2 2 5 0 2 4 0 3 2 3 5 3 2 5 4 4 3 1 5 2 1 0 2 3 0 2 3 3 1 3 1 0 1 4 4
   5 3 3 1 2 2 1 5 4 2 3 4 4 2 0 1 4 0 5 2 2 5 2 0 1 5 3 5 1 0 3 1 4 2 2
   5 3 0 5 0 3 3 2 3 1 1 2 0 2 0 1]
  [0 5 1 3 4 0 4 1 0 5 1 3 4 1 1 4 5 4 5 0 1 4 2 3 3 5 0 4 4 1 2 3 3 2 2
   0 2 0 2 0 2 0 1 3 5 1 1 4 1 2 5 4 3 1 5 4 4 5 4 3 3 2 2 3 3 2 3 4 5 1
   0 3 3 3 5 1 1 1 0 0 5 4 5 1 5 3 1 3 5 3 0 2 1 2 3 5 4 5 5 1 4 0 1 1 5
   4 5 3 3 2 4 1 2 1 4 2 0 4 2 1 1]
  [0 1 1 4 4 5 0 4 0 2 5 5 5 1 5 2 5 4 1 5 1 1 1 1 5 3 5 1 0 2 5 5 4 4 0
   3 3 4 3 5 4 5 3 5 5 1 2 1 2 5 1 0 1 1 5 1 1 1 4 5 0 3 5 4 0 3 2 1 3 4
   4 4 0 3 1 1 2 2 1 0 5 3 0 1 4 0 1 3 0 4 2 1 2 5 2 4 5 0 4 4 2 4 5 2 0
   3 3 2 2 1 1 3 2 0 1 1 5 0 1 3 1]
  [0 2 4 2 5 3 0 0 4 2 0 4 5 2 5 0 1 3 4 2 2 0 0 4 3 0 2 3 3 3 1 1 3 4 4
   3 0 5 0 0 2 4 4 4 2 4 5 0 3 4 5 0 5 4 0 1 0 2 0 3 3 5 0 3 0 3 0 1 0 4
   3 2 3 4 3 4 1 2 4 3 5 4 4 1 1 5 5 4 5 4 3 4 0 4 1 4 0 5 0 5 4 2 2 0 1
   5 2 4 2 3 4 4 2 5 0 2 0 0 3 4 0]
  [0 1 2 5 4 4 3 1 0 2 0 0 4 0 2 3 3 3 5 5 1 4 3 5 0 1 2 1 4 3 1 0 0 3 1
   5 2 2 1 5 4 0 3 5 2 0 4 2 5 3 2 4 4 2 5 4 5 0 4 5 5 5 3 4 2 5 1 5 0 1
   4 3 5 4 0 5 3 0 1 2 4 0 5 4 2 0 1 0 2 5 3 4 4 5 4 3 0 5 0 4 0 0 0 3 2
   4 5 1 0 3 5 0 3 0 3 4 1 0 1 0 2]
  [0 1 0 1 2 1 1 4 1 0 2 1 4 0 5 4 3 0 5 0 1 3 3 2 0 4 3 0 3 1 4 4 0 3 3
   1 2 5 1 4 4 5 5 1 2 4 1 2 3 5 2 2 5 2 0 2 1 5 0 1 5 4 5 4 5 1 4 0 0 5
   5 2 0 5 1 0 5 3 0 1 2 2 1 2 1 0 2 1 0 4 0 5 5 2 3 5 0 3 5 4 4 1 5 2 0
   0 3 2 1 1 2 0 4 1 1 3 4 0 0 2 0]
  [0 0 2 4 5 3 2 4 1 0 0 3 1 2 4 5 0 1 3 2 2 3 3 2 1 4 1 0 5 5 1 3 3 0 1
   5 2 5 3 2 4 4 2 1 4 0 5 1 3 2 5 1 4 4 3 0 5 4 4 2 0 2 3 5 5 4 4 1 1 4
   2 3 3 2 4 3 1 1 1 0 5 1 3 3 1 4 4 2 2 4 0 0 2 2 3 1 4 2 0 1 5 1 4 2 4
   4 5 0 1 3 2 5 4 3 4 4 5 1 4 3 3]
  [0 2 1 5 5 5 2 3 1 5 0 0 3 2 5 3 2 4 0 4 3 4 0 4 0 4 0 0 4 0 4 3 5 2 4
   5 3 4 0 0 0 1 0 3 3 1 2 5 5 0 4 1 3 2 5 4 1 0 0 1 2 1 5 4 0 1 2 4 4 0
   5 2 2 4 5 0 3 5 0 0 4 3 2 2 4 5 0 0 1 3 5 1 1 4 0 1 1 1 1 3 2 2 2 2 0
   4 0 0 0 0 5 5 2 3 5 2 2 0 3 1 5]
  [0 4 1 4 3 1 0 0 4 2 4 1 0 2 3 3 2 0 1 0 1 4 5 3 5 4 3 5 3 5 1 0 0 4 1
   2 2 5 0 5 2 3 2 5 5 3 5 5 0 4 5 0 3 3 4 1 4 0 3 1 2 0 5 0 3 1 3 0 5 3
   2 4 2 5 2 0 0 4 0 3 1 4 3 4 2 4 4 5 1 2 0 5 1 3 3 1 1 2 5 4 1 5 1 2 2
   4 1 1 4 2 3 3 5 0 3 4 2 4 2 3 0]
  [0 3 5 0 3 1 4 4 1 1 5 1 4 0 2 5 5 5 2 0 3 2 4 4 5 4 3 3 4 1 0 5 5 5 5
   5 4 2 2 5 1 5 1 2 4 5 5 0 2 0 3 3 4 4 1 5 5 3 2 1 3 1 3 5 2 0 0 5 3 3
   1 5 4 2 1 5 2 5 3 0 2 5 0 2 5 5 4 1 2 0 1 4 3 0 5 5 5 5 5 3 5 3 0 4 5
   4 2 1 0 5 2 2 1 4 4 5 5 3 1 3 4]
  [0 4 4 3 0 0 1 4 1 5 5 0 3 4 0 1 0 1 5 2 0 1 4 5 0 3 5 0 3 3 5 2 2 3 0
   5 1 3 3 0 3 3 2 3 1 0 0 0 2 5 2 3 0 0 0 5 0 3 3 0 2 0 0 1 5 1 4 0 0 1
   3 4 5 4 1 0 2 3 1 4 2 3 5 2 0 5 2 1 1 3 1 3 4 0 1 0 1 0 4 3 0 3 5 5 4
   5 3 3 2 2 0 1 1 4 1 3 2 2 4 3 1]
  [0 0 0 2 3 0 0 4 5 1 5 4 5 3 5 0 0 3 2 2 1 4 5 0 2 0 0 1 1 1 3 3 5 1 5
   1 4 4 2 1 2 2 0 3 5 0 2 1 4 4 4 4 4 3 0 0 3 0 3 1 0 3 3 3 0 3 2 2 0 3
   4 5 2 4 2 2 0 1 4 5 3 1 2 3 3 5 5 3 4 1 3 0 1 2 0 4 3 5 0 1 4 4 0 2 5
   0 5 0 4 4 1 5 5 0 2 0 0 0 0 2 5]
  [0 5 3 5 1 4 1 3 0 5 5 0 0 0 0 4 0 3 4 3 3 5 1 5 3 5 0 2 5 4 5 4 0 4 0
   3 5 5 0 4 5 4 4 3 5 0 1 5 5 1 0 0 0 3 1 3 3 2 4 4 1 2 2 5 0 0 1 2 2 5
   4 0 5 3 1 5 5 0 0 2 3 1 2 5 1 5 0 2 3 5 0 1 2 4 5 0 3 5 0 1 4 1 5 3 5
   2 4 2 3 0 0 2 4 3 0 5 0 1 3 0 2]
  [0 4 4 2 4 1 4 1 1 2 2 4 5 1 5 5 0 0 3 5 3 1 1 1 5 5 2 3 3 1 4 5 4 5 5
   3 2 4 1 1 2 4 0 3 3 2 5 1 3 2 1 5 2 2 5 5 4 2 1 5 2 1 1 4 5 0 1 4 1 1
   1 5 4 2 2 1 4 0 0 3 1 3 2 4 5 2 3 5 3 4 4 2 4 2 1 5 5 5 5 3 2 1 3 1 0
   1 5 2 0 5 4 3 0 0 5 1 2 3 0 0 4]
  [0 1 5 2 2 2 3 4 3 0 0 5 5 0 0 3 4 2 0 5 3 2 1 0 1 5 3 3 3 0 3 1 1 5 5
   0 5 3 1 5 1 0 2 1 2 5 1 5 5 0 2 4 2 5 0 2 3 2 5 1 3 0 0 5 2 3 1 1 3 5
   1 0 5 2 3 5 5 5 5 1 2 5 3 4 0 3 2 4 5 5 1 2 4 2 3 3 4 3 0 0 0 2 4 0 1
   2 5 2 0 3 2 4 0 2 5 1 5 0 0 5 4]
  [0 1 1 2 0 4 1 2 3 0 1 3 4 5 3 3 2 5 5 0 3 4 3 1 0 5 0 3 3 0 0 2 2 2 2
   5 0 2 5 5 5 5 1 4 2 5 2 4 5 1 0 0 1 2 1 5 0 1 2 3 3 5 5 5 1 5 4 5 5 3
   1 3 4 5 3 3 2 5 4 5 0 0 2 4 2 3 0 5 3 3 0 0 0 4 4 4 4 5 2 3 2 5 1 3 0
   3 3 4 3 1 1 1 2 2 3 2 1 3 1 1 0]
  [0 2 3 3 0 2 0 2 3 4 0 1 5 1 1 4 4 1 5 0 0 3 4 2 0 4 3 3 2 1 4 1 2 4 5
   3 1 4 5 4 4 2 4 1 5 5 0 2 4 0 0 3 5 5 1 4 5 4 2 1 1 3 4 1 1 0 2 4 0 2
   5 2 4 5 2 1 1 2 3 0 4 5 5 2 2 3 5 3 0 0 1 2 0 4 4 0 0 2 5 2 5 5 2 1 4
   4 1 2 2 5 2 4 2 0 3 0 5 2 4 1 1]
  [0 2 1 3 2 4 5 0 1 0 5 1 1 0 2 1 5 2 3 2 0 0 2 5 4 5 1 3 1 1 3 4 0 1 4
   1 5 4 5 4 4 2 3 1 2 3 5 1 5 2 2 1 1 5 5 2 0 4 5 5 0 3 4 1 0 1 0 0 3 2
   3 4 5 3 3 4 4 3 4 5 0 2 5 0 0 3 1 3 5 1 1 3 4 3 2 3 4 1 4 0 3 2 3 1 5
   4 4 0 4 4 3 3 0 1 2 2 1 4 5 2 0]
  [0 4 4 5 2 3 0 4 2 2 3 2 1 0 2 5 0 2 1 3 1 1 0 3 3 2 1 3 3 0 2 3 0 5 2
   2 2 3 5 1 0 4 3 2 4 0 5 0 3 1 2 5 3 1 0 4 2 2 3 3 4 3 4 3 1 5 2 4 5 1
   0 1 3 0 5 2 0 4 5 4 2 2 1 2 1 5 3 2 2 3 4 2 2 2 4 5 2 4 1 5 5 5 3 5 4
   4 0 4 3 2 5 5 5 3 1 1 4 4 5 3 2]
  [0 5 1 2 5 1 0 2 1 5 3 2 4 1 2 4 4 4 2 3 1 2 4 0 3 5 1 4 4 3 4 1 5 5 5
   2 5 5 4 4 0 4 2 1 5 5 2 3 5 1 1 0 2 3 2 0 3 1 2 0 4 0 1 3 3 0 5 5 5 3
   4 0 2 0 1 2 4 5 1 4 1 5 5 4 1 3 2 1 5 5 3 2 0 0 4 1 4 5 4 2 1 0 5 1 4
   4 0 2 3 4 2 4 4 4 5 2 3 3 4 5 1]
  [0 3 4 0 0 5 4 0 1 2 5 2 4 3 0 3 2 1 3 2 0 3 0 0 0 5 4 0 2 3 1 5 5 4 2
   3 3 5 4 2 5 5 2 5 5 2 4 4 3 4 0 5 2 0 2 5 1 0 4 1 4 4 1 1 3 4 5 5 5 3
   5 0 1 3 4 3 0 2 3 1 1 5 4 3 2 3 1 3 3 0 3 4 2 5 1 1 5 5 2 4 4 0 4 5 1
   5 5 4 4 1 0 3 0 5 1 1 3 2 4 4 3]
  [0 0 0 1 5 1 2 0 4 0 0 1 5 3 3 0 5 5 5 5 2 1 0 5 2 0 5 1 2 0 0 3 2 1 1
   2 3 1 1 3 5 4 3 1 5 4 1 2 5 5 5 1 5 3 4 4 0 1 5 5 2 3 2 3 4 5 2 3 1 2
   0 5 2 5 3 0 4 0 3 3 4 4 4 0 0 4 0 5 3 0 5 4 2 3 0 2 0 3 5 0 4 3 4 1 5
   1 4 3 4 1 5 1 3 3 3 0 4 3 1 4 0]
  [0 4 4 5 0 3 0 0 1 2 0 0 4 0 4 0 3 5 4 1 0 5 3 4 5 5 0 3 5 2 0 0 3 0 2
   0 2 2 0 5 2 2 5 4 1 4 1 0 3 3 2 3 5 5 3 5 5 1 5 5 1 0 1 5 0 1 5 5 2 2
   1 4 4 1 0 1 4 5 1 3 3 4 2 4 4 2 5 4 3 1 4 5 3 5 0 3 3 1 0 5 2 5 2 2 5
   1 4 0 1 2 5 0 1 2 1 0 0 1 1 1 0]
  [0 3 3 2 1 1 3 2 2 3 5 1 0 1 4 2 0 0 4 4 1 1 3 1 1 4 2 0 4 4 5 0 1 4 4
   0 2 0 0 5 3 5 2 4 2 0 5 3 1 0 3 0 3 4 3 3 5 5 0 2 1 1 2 1 5 3 5 2 0 2
   5 0 1 4 3 0 4 3 2 4 1 3 5 0 0 0 2 4 4 4 3 3 2 3 1 1 1 1 4 4 4 4 0 4 5
   3 3 3 3 4 2 0 0 3 3 4 3 0 1 2 5]
  [0 4 0 2 0 0 2 3 3 0 1 1 3 5 2 4 1 5 3 2 3 4 1 2 4 2 2 0 0 1 3 4 1 5 2
   2 5 2 5 2 4 2 5 3 4 1 4 4 4 2 5 1 1 0 3 2 4 4 4 2 5 0 4 5 1 1 5 4 2 4
   2 1 3 1 5 3 5 0 3 2 4 0 0 5 1 1 2 1 4 0 3 4 4 4 2 2 3 0 4 3 0 1 2 1 5
   0 3 0 0 0 1 0 2 5 3 5 2 0 4 3 3]
  [0 5 3 5 1 1 3 1 0 0 1 5 0 1 2 2 1 1 2 0 4 1 0 4 3 4 0 5 4 0 2 5 0 0 0
   3 2 5 5 2 3 5 4 5 1 1 0 2 5 3 1 0 2 0 0 4 5 1 5 3 5 4 0 4 5 2 0 3 5 5
   5 2 0 2 3 0 4 0 4 4 3 4 0 1 4 4 2 1 5 3 4 1 1 1 3 3 1 2 4 4 0 4 4 1 5
   3 1 4 4 1 0 0 1 0 1 3 3 3 2 2 1]
  [0 5 2 1 4 3 0 2 5 0 5 2 2 1 2 4 5 2 0 3 1 5 5 2 1 4 3 1 3 0 0 1 5 3 4
   0 2 3 2 3 4 3 2 4 2 1 1 0 1 3 3 2 0 5 0 5 2 3 4 1 3 5 5 2 2 5 4 4 3 4
   3 2 3 5 0 4 3 0 3 2 2 5 1 1 1 3 4 2 0 3 4 1 2 1 2 1 2 1 4 4 2 4 1 2 4
   3 3 0 4 1 3 3 4 1 4 4 4 3 0 3 2]
  [0 1 1 2 0 4 4 1 0 2 2 1 5 4 1 4 4 0 2 4 0 2 1 0 0 1 1 1 3 2 2 0 1 2 2
   2 4 0 2 0 0 3 0 1 0 3 4 4 3 5 1 0 0 2 2 1 4 1 4 3 4 3 5 0 1 5 0 4 0 3
   5 4 4 5 4 4 0 0 0 0 0 0 2 1 2 1 3 5 3 3 4 4 1 1 3 3 3 4 3 1 2 4 0 2 1
   0 4 4 5 3 5 1 0 0 2 0 3 4 1 2 5]
  [0 3 3 1 4 4 5 2 1 5 5 2 5 5 3 5 4 2 2 4 2 0 4 1 0 3 2 4 4 2 3 2 0 1 0
   1 1 1 5 4 4 4 2 0 3 3 1 3 5 1 0 4 2 2 1 1 0 4 2 0 4 2 4 0 4 4 4 2 3 1
   3 1 0 0 1 1 0 0 4 3 4 1 3 5 1 4 0 2 1 2 3 5 3 4 0 1 0 4 1 3 0 0 4 1 5
   0 2 2 1 1 3 2 1 0 2 4 1 4 4 5 2]
  [0 1 5 5 3 5 1 0 1 4 1 4 5 2 0 4 1 3 3 3 0 2 0 1 3 5 0 3 3 1 0 0 4 0 4
   2 4 3 2 5 0 1 2 3 0 3 2 5 1 2 4 4 2 2 2 2 2 4 1 4 0 0 5 5 2 3 2 4 4 4
   4 0 4 1 1 3 5 4 1 3 4 3 4 5 2 3 1 0 4 4 4 3 0 4 5 5 5 2 1 0 0 0 2 4 0
   1 2 3 3 2 0 0 2 2 4 5 1 3 3 3 3]
  [0 5 0 1 1 2 2 2 4 1 5 3 5 1 1 3 4 3 1 2 4 2 2 5 5 1 2 4 2 2 2 0 1 2 0
   1 4 3 0 5 0 4 1 4 3 0 1 0 4 1 4 4 4 5 5 1 2 1 2 5 3 3 5 0 5 2 2 1 4 1
   0 5 3 0 4 2 0 4 0 5 4 4 0 0 4 1 2 3 1 0 2 1 3 2 3 1 3 2 2 3 0 3 3 5 3
   4 2 0 5 4 4 5 5 5 3 2 5 4 2 3 5]
  [0 0 5 4 1 3 2 4 1 1 5 2 1 4 3 2 2 4 1 3 1 0 4 4 2 3 3 2 0 4 4 5 3 5 5
   0 4 3 5 1 1 3 4 5 1 4 3 3 5 4 1 3 3 0 0 2 3 0 2 4 5 5 1 5 5 1 5 5 4 3
   0 1 0 0 4 1 3 5 4 2 1 4 1 2 2 3 3 4 2 4 1 4 5 2 1 5 2 0 0 2 4 4 5 5 2
   3 4 5 4 4 0 2 2 3 4 1 5 0 2 4 2]
  [0 5 1 1 2 2 3 0 4 3 3 2 1 1 0 3 2 3 5 3 0 1 0 0 5 3 4 4 5 3 1 5 3 2 2
   3 0 3 2 3 2 2 2 4 5 0 2 4 4 5 4 5 5 1 3 3 5 5 0 4 0 0 4 3 2 1 4 1 0 3
   3 5 2 5 2 2 1 0 1 2 0 0 3 0 0 3 0 2 2 1 4 2 1 1 5 1 2 5 0 4 3 0 1 2 1
   5 5 2 3 0 5 4 0 4 3 3 3 2 2 3 0]
  [0 2 0 2 3 4 0 0 2 1 3 3 3 2 0 1 4 4 1 0 1 1 2 0 5 0 0 4 1 5 1 2 1 3 4
   5 3 0 3 2 4 5 5 4 1 2 5 3 2 0 4 3 0 2 3 5 5 3 3 1 3 3 2 2 4 3 1 5 2 4
   2 0 2 4 0 3 0 0 2 4 4 4 2 0 2 1 1 2 5 3 1 5 4 5 3 2 1 1 1 0 1 4 1 3 0
   2 3 4 4 4 4 2 0 2 5 4 4 0 0 2 5]
  [0 2 4 5 4 2 5 4 3 3 1 3 5 4 5 2 2 3 2 1 5 3 4 2 1 5 3 3 2 4 4 3 0 4 3
   5 4 2 0 4 0 5 0 3 4 3 4 3 3 1 4 4 3 0 0 3 4 3 2 1 0 3 5 0 4 3 4 2 4 5
   1 0 4 2 4 4 1 0 1 0 0 4 5 0 2 3 5 0 4 5 5 3 2 5 0 3 3 4 5 5 4 4 2 3 4
   0 4 0 5 4 1 2 0 2 5 2 5 1 1 4 1]
  [0 0 4 2 4 1 5 4 4 4 4 1 3 2 1 4 2 3 2 5 5 1 2 5 2 4 4 0 0 5 4 2 4 3 1
   5 1 3 0 0 5 5 4 2 3 1 4 1 0 2 2 5 0 3 0 2 1 3 3 0 1 5 2 5 1 5 3 3 3 5
   5 2 3 3 0 4 3 3 0 5 5 4 4 3 4 5 5 2 1 0 4 0 2 5 2 1 4 1 0 4 3 2 3 5 4
   2 1 1 1 4 4 2 5 3 4 5 2 4 1 3 1]
  [0 1 3 5 1 2 1 5 3 5 4 0 3 2 3 1 0 4 2 5 5 3 1 0 4 0 0 4 0 3 0 3 3 4 5
   4 5 4 3 1 0 1 1 0 1 4 5 5 0 4 5 1 1 3 2 4 0 1 4 4 0 5 0 1 2 1 0 5 4 0
   4 1 4 4 2 1 5 2 4 1 0 1 4 2 1 1 2 0 2 3 2 5 5 0 2 4 3 1 2 3 5 5 1 1 0
   0 2 2 0 1 0 1 4 5 0 2 2 4 1 5 3]
  [0 1 0 1 2 5 0 3 0 2 2 5 1 5 2 4 0 4 5 3 5 1 1 3 1 4 2 0 2 1 4 0 5 3 2
   0 4 0 4 5 4 0 0 4 2 1 5 1 3 3 1 0 5 1 1 2 4 5 2 2 1 0 0 4 0 1 2 2 2 4
   2 5 2 3 3 3 1 4 5 4 5 1 5 5 0 2 1 3 2 4 3 0 0 5 5 3 4 2 5 4 2 1 5 3 1
   2 1 5 3 3 0 2 5 1 1 2 3 2 1 2 1]
  [0 1 1 2 1 5 0 4 1 0 1 0 0 5 4 4 2 5 1 2 1 3 5 2 2 2 5 2 2 0 3 1 3 3 5
   1 3 1 3 0 0 0 0 1 1 1 1 5 5 5 3 3 3 5 4 1 3 3 4 5 3 2 0 3 2 3 2 1 3 3
   3 2 0 0 3 3 2 4 3 0 0 4 4 1 5 0 2 3 3 5 1 2 5 2 5 3 0 5 4 1 5 4 3 4 5
   3 5 0 5 2 4 4 0 2 0 4 4 2 3 0 4]
  [0 4 2 3 4 2 0 5 0 1 5 3 1 3 3 5 4 0 3 0 3 5 0 1 1 3 1 3 5 3 2 5 4 1 5
   3 4 1 1 1 0 2 0 0 3 5 1 1 4 5 0 5 4 3 2 0 3 0 3 2 3 2 1 5 5 4 0 2 0 5
   2 2 5 4 2 3 4 5 4 0 1 4 1 1 3 1 5 5 4 4 3 3 4 1 2 3 0 4 0 5 5 5 3 2 1
   3 4 4 1 2 5 0 4 4 2 1 0 0 2 2 2]
  [0 1 0 3 1 1 5 2 5 4 2 1 2 3 4 5 3 1 4 5 2 0 2 1 0 1 5 2 1 0 2 1 0 1 5
   4 4 4 3 4 5 4 2 4 0 0 5 4 1 2 1 2 5 0 5 2 4 0 4 3 0 5 1 4 5 4 4 0 2 2
   4 5 1 3 2 5 2 2 0 2 3 2 3 4 4 3 3 3 4 5 0 3 1 0 5 0 0 5 5 4 5 0 5 2 1
   5 0 1 1 0 1 0 1 0 0 1 1 5 1 3 1]
  [0 0 4 1 2 0 3 4 4 5 2 5 5 1 0 5 3 1 1 0 4 0 0 2 0 0 2 2 1 4 3 2 5 0 2
   3 5 4 1 1 3 5 5 0 4 0 2 1 3 3 0 2 3 3 1 1 4 5 3 5 0 1 3 3 3 1 5 1 5 1
   1 2 1 0 3 3 4 1 2 0 3 1 5 5 3 5 4 1 3 4 5 1 0 5 5 1 0 1 0 4 1 4 3 3 2
   0 3 0 2 2 3 0 3 4 3 0 3 3 1 5 4]
  [0 2 4 2 2 3 1 2 1 4 4 5 4 0 4 2 2 0 5 4 0 0 4 1 2 3 3 5 0 1 4 1 1 4 4
   4 1 4 4 0 4 1 0 4 3 3 0 4 1 3 5 2 2 2 2 2 0 2 1 4 2 0 3 1 4 3 2 2 2 4
   4 4 3 3 1 0 1 2 4 2 3 1 5 2 0 4 0 2 1 1 5 4 3 5 0 1 3 2 2 0 0 3 1 5 1
   3 4 2 0 1 2 1 5 5 2 2 4 5 1 2 3]
  [0 4 4 1 1 4 3 0 0 5 3 4 0 1 0 3 2 3 0 4 2 5 5 3 4 5 1 5 4 1 0 2 0 4 0
   3 4 5 1 5 4 4 1 0 4 5 4 0 3 2 3 2 2 5 3 1 1 3 4 3 5 2 4 1 1 5 4 4 1 3
   4 3 3 0 5 3 0 0 4 4 2 1 3 0 2 0 4 1 1 0 2 3 5 3 0 3 4 2 5 0 3 0 5 3 2
   2 4 3 0 3 4 3 1 3 2 3 3 3 2 0 4]
  [0 2 4 2 2 3 0 1 0 1 5 2 4 1 4 2 5 3 5 3 0 2 0 2 4 5 4 1 5 2 2 2 4 0 1
   1 4 3 0 1 0 4 2 5 1 2 5 2 0 1 4 2 0 0 1 5 3 1 2 3 2 4 5 1 5 1 4 1 5 4
   1 5 0 1 4 5 3 4 5 1 0 2 2 4 3 1 4 1 1 4 5 5 0 1 0 5 0 5 3 4 4 4 0 0 0
   2 0 1 3 4 3 4 0 1 0 3 1 3 5 3 2]
  [0 2 1 2 4 4 0 3 1 2 0 2 1 5 1 4 4 0 2 1 3 1 1 3 3 5 1 3 0 4 3 2 5 5 0
   1 2 4 0 5 0 2 3 3 1 3 0 3 1 0 4 4 5 3 3 5 0 3 4 1 0 4 1 2 5 2 2 2 1 1
   4 3 4 5 1 3 3 3 0 4 5 1 2 3 0 0 2 0 5 3 1 1 3 2 4 1 0 5 5 0 5 3 0 1 3
   3 5 2 2 4 4 2 5 4 3 3 1 4 4 2 3]
  [0 2 2 0 1 2 4 2 1 1 5 3 4 3 3 0 1 5 2 4 0 1 1 0 1 3 5 1 3 1 4 1 3 0 0
   1 1 3 0 4 2 5 1 0 1 4 1 2 3 2 0 1 1 2 2 4 2 3 5 5 2 3 2 3 2 2 3 0 4 2
   5 1 1 0 1 2 0 4 5 0 4 3 5 4 0 5 1 2 3 0 5 4 2 1 2 1 4 2 2 4 4 0 1 3 2
   4 2 2 5 0 2 1 4 4 2 3 2 0 1 2 5]
  [0 1 1 4 5 5 2 5 1 2 1 3 2 0 2 2 5 4 2 2 4 5 4 4 3 5 5 3 1 0 4 0 4 5 4
   4 4 4 1 0 5 0 0 2 2 0 4 3 0 1 0 0 4 4 2 1 5 3 1 4 5 2 4 4 5 4 4 0 1 0
   4 2 2 4 1 3 0 0 0 2 3 1 3 3 3 1 4 3 5 2 0 2 0 4 2 5 3 2 0 4 1 0 2 0 2
   1 4 2 0 1 1 5 5 2 2 3 3 5 5 2 5]
  [0 3 4 2 0 5 0 4 3 4 0 2 0 0 5 3 5 1 3 3 4 4 1 2 5 3 4 3 4 5 2 0 3 5 1
   1 1 2 3 3 2 2 0 0 0 3 3 5 1 5 5 4 0 2 0 0 2 5 2 2 5 2 4 4 5 1 2 2 5 2
   3 5 4 1 2 0 0 5 2 2 2 0 0 5 4 5 0 2 0 4 5 3 5 5 4 2 0 2 1 0 4 5 4 0 4
   2 0 2 1 0 1 3 5 0 4 0 0 0 2 1 0]
  [0 0 1 2 2 4 1 3 4 3 3 0 1 0 0 2 4 4 5 2 5 2 4 0 1 4 1 4 0 4 0 4 3 0 2
   3 0 5 0 5 2 5 0 0 3 5 4 1 2 4 3 5 1 0 5 0 0 3 0 3 1 4 0 4 3 1 1 4 3 1
   4 2 5 1 0 2 2 4 1 3 3 0 5 4 1 0 3 2 2 2 5 5 5 2 0 3 0 5 0 3 5 5 2 5 1
   2 2 4 1 2 0 0 3 1 3 3 0 2 3 5 3]
  [0 2 0 0 2 3 3 2 0 2 1 4 2 0 1 0 2 1 4 0 1 0 1 1 4 2 4 0 0 1 2 2 5 0 2
   0 5 2 0 0 4 2 2 4 3 0 3 2 2 1 4 2 5 1 0 3 4 5 5 3 4 4 3 0 5 3 2 5 5 4
   3 3 0 4 0 5 5 4 0 3 2 5 4 1 4 3 4 3 2 2 3 4 0 4 4 2 4 3 0 4 3 4 0 2 1
   3 3 2 5 3 0 1 5 4 5 2 0 4 4 2 2]
  [0 0 3 4 4 4 2 4 0 3 0 2 4 0 5 0 4 1 3 0 0 2 3 3 2 1 2 0 0 5 1 0 5 4 2
   5 4 2 1 2 3 0 0 0 4 0 3 3 4 5 3 2 4 0 3 0 4 5 5 0 5 2 5 1 4 0 0 4 0 5
   5 1 4 5 2 2 3 5 3 1 0 5 1 3 3 1 2 4 1 4 0 0 2 1 3 2 0 3 2 2 5 3 2 0 0
   4 4 1 1 5 0 0 2 2 5 3 1 2 4 2 1]
  [0 5 0 5 2 5 3 5 1 5 2 1 4 5 4 0 0 3 5 5 5 0 0 1 1 0 2 1 5 5 4 2 3 3 1
   2 5 4 4 1 1 5 4 3 0 2 3 5 4 3 0 1 5 4 4 5 0 5 1 3 4 1 3 4 0 0 5 1 2 3
   1 5 2 0 3 4 3 5 5 3 5 1 1 4 1 5 3 1 1 2 1 5 2 3 2 2 1 1 3 2 3 3 2 3 5
   0 0 1 3 1 1 0 5 5 1 4 2 4 3 1 0]
  [0 5 2 5 2 4 4 5 0 2 1 4 2 5 2 1 1 0 1 4 5 4 2 2 0 3 2 1 2 5 0 1 2 3 5
   4 1 0 5 2 1 1 1 0 2 1 3 4 4 0 2 0 1 4 4 4 2 0 4 5 2 3 1 4 0 0 5 1 4 0
   3 5 1 3 0 5 1 5 0 1 4 2 0 2 2 0 1 2 5 1 3 0 0 0 4 4 2 5 3 1 2 4 5 5 0
   1 1 0 2 5 0 1 5 4 4 0 5 4 0 0 2]
  [0 3 1 0 1 0 1 1 1 1 0 0 4 3 3 1 5 0 3 4 2 4 1 0 2 1 5 1 1 1 0 4 0 5 3
   3 3 2 5 2 1 2 0 1 4 4 1 1 2 1 5 2 0 1 1 3 3 5 0 0 2 0 0 1 2 5 4 2 3 0
   4 4 3 4 4 2 3 5 2 0 5 0 2 4 2 4 5 5 4 4 2 2 4 0 4 2 2 5 0 0 4 3 5 5 0
   5 2 3 2 1 5 5 5 1 4 5 4 1 3 3 3]
  [0 4 0 4 4 2 5 2 2 4 4 2 1 1 2 0 4 4 2 4 0 5 1 3 0 5 5 5 5 2 2 5 0 1 5
   2 2 2 2 4 4 2 2 2 2 4 0 1 4 1 2 3 2 0 1 4 5 0 1 0 0 3 1 2 4 3 3 2 1 1
   0 0 1 3 3 1 4 1 4 4 3 5 2 2 1 2 2 4 3 4 3 3 4 3 2 4 5 1 2 2 5 5 5 5 4
   0 1 4 2 4 3 3 1 4 5 5 0 2 4 1 3]
  [0 5 1 4 4 4 0 4 2 3 4 3 2 1 1 3 2 5 5 4 4 4 1 3 0 0 3 2 1 2 5 3 0 4 5
   3 1 3 1 4 4 5 1 5 4 2 0 2 1 1 3 2 5 3 5 1 1 4 1 0 0 4 4 0 2 5 4 5 2 0
   0 2 1 4 0 1 5 0 4 5 1 0 1 4 3 2 3 5 0 4 2 5 1 2 0 0 5 5 5 0 2 0 0 2 3
   2 5 4 5 3 3 4 5 1 0 5 0 1 4 0 0]
  [0 0 2 3 1 1 5 4 0 2 3 5 5 1 4 5 3 3 1 5 4 0 2 4 2 3 2 0 4 1 2 5 5 0 1
   1 5 5 1 0 1 0 2 0 5 1 3 4 3 1 1 1 5 1 0 5 0 2 1 5 4 0 5 2 1 2 5 3 3 4
   4 5 4 1 5 4 5 4 1 0 5 4 1 4 1 4 1 2 3 1 1 0 3 4 2 2 4 0 5 4 4 1 4 1 1
   0 4 3 5 2 3 5 3 3 1 1 3 1 1 0 1]
  [0 3 2 2 1 4 4 5 2 0 2 1 4 4 0 4 4 3 1 1 5 1 5 3 5 5 3 4 1 0 2 1 5 1 0
   4 0 1 5 1 0 3 1 2 4 2 1 2 1 5 0 3 2 0 4 4 1 0 3 4 1 5 0 4 3 5 3 1 3 5
   5 5 5 0 2 4 2 3 1 5 0 1 0 2 0 4 4 5 5 3 5 1 3 3 2 2 2 2 5 1 3 4 3 2 1
   0 3 3 0 2 5 0 1 0 1 1 5 4 4 1 0]
  [0 1 3 1 3 4 5 3 0 5 5 5 2 1 1 4 5 2 0 1 3 3 4 3 3 0 1 4 2 3 0 2 5 5 0
   5 1 1 5 0 2 3 1 1 4 4 1 1 0 3 1 3 2 0 2 3 5 4 2 3 2 0 1 0 1 4 4 4 1 5
   1 5 4 2 4 4 4 1 4 2 2 3 2 2 3 1 2 0 0 1 3 4 2 5 0 5 3 5 2 3 0 0 1 2 3
   2 1 3 3 0 0 2 2 4 1 0 0 2 3 0 5]
  [0 1 3 0 1 3 1 0 0 1 0 5 3 5 1 3 2 5 3 1 3 5 1 2 5 1 5 5 0 0 2 2 0 2 0
   5 1 1 1 1 1 5 2 5 3 0 5 1 4 1 3 2 5 3 2 0 2 2 1 1 0 3 0 0 0 2 4 5 4 0
   4 0 1 2 5 5 3 5 5 5 0 5 4 2 4 3 4 0 0 3 3 2 3 3 0 3 3 4 5 5 5 2 1 4 3
   1 4 5 4 5 0 0 2 0 1 4 3 4 5 3 2]
  [0 1 0 0 4 0 0 0 1 5 2 5 2 4 0 4 4 3 5 5 5 5 3 1 4 1 4 5 4 4 2 3 1 0 4
   0 4 0 5 5 0 5 1 0 1 2 5 4 5 3 2 3 0 3 2 0 0 0 2 5 5 3 5 1 2 0 0 0 5 2
   4 0 3 0 4 2 3 1 4 1 5 0 3 1 3 4 2 2 2 1 2 3 4 0 4 0 1 5 2 2 2 0 2 3 3
   4 2 5 3 0 3 3 3 5 3 0 4 3 0 0 3]
  [0 0 2 5 4 4 3 3 5 3 5 3 1 2 0 2 4 3 5 1 4 2 1 2 0 3 5 0 4 2 2 5 5 1 3
   1 1 0 4 4 3 4 3 2 2 4 1 3 3 5 2 5 4 4 2 5 3 3 3 1 2 1 0 0 2 5 0 0 4 4
   2 5 0 3 4 0 4 4 4 2 0 3 1 1 2 0 2 1 3 2 0 0 1 2 2 0 3 2 1 4 2 0 4 4 3
   1 3 3 3 1 1 1 2 4 3 0 1 2 1 4 3]
  [0 4 5 3 0 1 3 5 5 0 0 2 4 0 3 1 5 2 1 5 1 5 3 2 5 1 2 3 0 3 4 0 2 4 0
   1 4 0 3 4 5 3 4 4 5 1 3 4 5 2 1 5 4 3 0 2 0 2 5 5 2 3 1 0 4 1 2 0 0 3
   3 3 0 2 0 1 2 1 4 1 4 3 3 0 0 3 0 0 3 1 5 3 1 3 1 1 2 2 4 3 1 3 2 1 3
   2 2 5 4 5 0 5 5 3 5 0 4 2 5 3 2]
  [0 4 2 2 5 3 1 4 0 2 0 1 1 4 0 4 5 1 1 2 1 2 1 5 1 5 5 0 0 0 2 4 2 0 4
   1 2 0 4 2 3 3 0 3 5 3 1 1 1 5 4 0 4 4 3 3 3 0 3 5 1 3 3 5 3 3 1 0 0 1
   0 3 1 4 1 0 5 5 5 0 4 4 2 3 2 2 0 0 4 0 3 2 0 2 0 0 1 0 2 0 3 1 5 4 0
   3 3 0 1 4 0 1 1 2 0 2 2 5 0 0 1]
  [0 1 3 0 3 1 4 2 0 4 5 4 3 1 1 5 4 5 3 1 0 0 2 5 4 3 5 1 4 2 2 0 2 2 1
   1 2 2 4 0 0 4 4 1 0 3 4 1 3 4 1 3 4 5 2 3 4 4 0 1 5 0 1 2 5 1 0 0 2 0
   3 2 5 4 5 4 4 1 4 4 4 2 3 0 2 4 3 1 5 4 0 2 1 4 3 0 2 2 4 3 0 2 5 4 4
   3 1 4 0 5 4 1 3 2 3 4 0 0 2 4 1]
  [0 4 4 3 4 4 3 5 2 2 0 1 3 1 1 2 2 2 0 1 0 1 1 1 0 5 2 2 1 4 0 3 5 1 4
   3 4 1 5 2 1 2 4 1 1 3 5 1 5 1 2 5 1 0 2 2 3 4 0 5 1 0 5 4 5 3 3 2 2 3
   0 1 1 3 2 1 3 5 4 5 5 3 0 4 0 0 0 1 3 3 4 0 5 4 2 5 3 2 1 4 4 4 4 4 4
   0 3 2 0 1 5 3 4 0 0 2 3 5 2 1 0]
  [0 2 2 0 0 5 0 0 1 3 0 0 1 0 4 0 0 5 4 5 1 3 1 2 4 3 0 2 5 4 0 1 5 4 0
   1 1 3 2 2 2 0 5 2 5 3 3 2 1 1 1 1 0 4 3 1 5 2 1 3 5 3 2 2 2 0 3 5 5 5
   2 0 0 1 3 3 5 4 4 1 3 0 2 5 1 5 1 4 4 5 1 5 4 5 2 3 0 5 1 5 2 2 3 0 3
   1 5 2 4 1 0 3 3 1 3 5 5 4 1 3 5]
  [0 0 5 4 4 0 2 0 1 2 2 5 1 1 3 1 0 0 4 1 5 5 0 3 4 4 5 2 0 5 5 2 1 2 4
   4 4 0 5 2 0 4 4 1 0 4 1 5 5 1 5 5 5 2 1 3 2 2 0 1 5 5 5 2 3 3 5 2 5 3
   3 1 0 0 5 3 4 4 1 3 3 5 5 3 2 4 2 0 4 4 3 2 4 3 3 2 1 1 2 3 4 5 2 1 1
   3 3 5 2 1 1 2 2 5 1 1 1 0 5 4 4]
  [0 2 2 2 2 4 1 5 0 2 1 5 5 1 5 1 5 1 0 5 0 5 1 0 2 0 4 5 3 4 2 4 5 4 3
   0 0 5 4 2 3 1 1 4 4 2 2 0 1 0 2 3 0 0 1 4 2 4 3 5 2 4 0 4 2 4 5 3 2 5
   4 0 3 0 1 5 4 3 0 4 1 0 1 3 1 0 5 2 1 0 1 2 1 1 0 1 4 2 5 5 5 5 1 4 4
   3 5 1 2 5 4 3 5 3 0 0 5 0 1 4 2]
  [0 4 1 3 2 0 2 1 1 4 3 0 4 4 1 3 0 3 5 2 4 5 5 0 2 2 5 2 2 0 5 0 0 0 5
   2 3 0 3 0 0 2 4 2 3 3 3 0 2 4 3 0 2 3 3 5 5 5 3 4 4 4 0 2 1 2 3 2 4 4
   0 5 1 5 0 4 5 5 1 2 0 0 1 3 4 0 1 3 2 3 0 2 2 0 4 3 1 2 5 5 5 4 2 0 2
   1 2 2 3 1 2 5 3 1 3 2 2 1 4 3 0]
  [0 1 2 2 2 2 1 1 2 3 3 1 1 5 3 2 3 5 1 0 3 0 0 0 1 2 0 1 3 5 5 1 3 0 0
   0 2 5 5 2 5 0 5 0 4 2 4 4 3 4 2 3 5 3 0 4 3 4 5 2 2 0 2 1 5 3 3 5 1 3
   0 5 0 4 0 0 5 5 3 2 1 5 0 4 0 3 4 1 2 2 5 3 2 0 2 4 4 2 1 3 2 4 3 4 5
   3 2 3 2 1 0 4 0 3 1 2 0 1 5 0 2]
  [0 5 4 4 0 0 3 5 2 2 1 5 4 3 3 3 3 5 3 4 3 4 1 4 4 2 4 1 2 2 4 0 0 4 4
   3 0 1 2 2 3 3 3 5 3 0 4 2 3 3 3 0 4 2 1 3 2 1 5 2 3 1 5 4 3 5 4 2 2 1
   1 3 1 1 2 5 0 1 5 0 0 5 1 5 5 2 1 1 1 5 1 2 4 4 5 3 4 5 0 0 5 3 1 0 5
   5 5 0 5 5 5 3 3 5 3 4 0 4 2 3 0]
  [0 4 1 2 0 5 0 2 5 5 1 5 1 4 5 3 1 0 1 1 0 3 2 3 4 5 2 2 4 1 5 4 2 3 0
   3 5 2 0 3 4 0 4 2 1 4 2 5 3 0 4 4 5 4 3 5 5 2 0 2 1 4 1 4 1 5 3 1 0 5
   4 2 4 1 5 1 2 0 5 2 2 2 1 2 5 3 5 0 0 0 5 2 0 1 4 2 1 0 3 3 1 4 2 2 2
   1 0 0 0 4 4 3 5 1 5 3 3 3 3 4 1]
  [0 2 3 2 0 1 3 4 2 2 5 5 3 5 4 0 5 3 2 2 0 4 2 3 0 2 4 1 3 2 0 2 3 4 5
   3 0 3 4 4 1 4 0 2 0 0 4 5 4 0 0 5 1 2 4 1 2 0 5 4 2 5 2 4 1 2 3 0 1 2
   2 4 0 1 0 4 5 2 0 5 1 4 1 2 4 4 5 4 1 2 0 5 0 3 3 1 4 4 2 2 5 4 3 3 1
   3 5 3 1 5 2 0 5 5 5 5 2 5 4 5 3]
  [0 4 2 0 3 4 0 1 3 4 2 2 3 2 5 1 0 4 2 3 0 3 0 4 4 4 1 0 0 3 4 2 1 5 2
   3 4 5 5 1 0 2 4 0 3 0 3 1 4 5 5 2 1 4 0 1 5 4 2 0 3 1 4 3 3 1 5 3 0 5
   5 3 1 2 4 5 5 1 2 0 4 3 5 5 0 2 3 0 2 3 0 3 1 3 0 4 2 5 4 3 4 3 4 5 5
   2 5 2 2 5 4 2 5 3 3 0 0 2 1 5 2]
  [0 3 0 4 5 3 5 3 1 4 4 4 3 5 3 1 1 4 2 3 1 2 2 2 1 0 5 3 3 3 0 4 4 0 2
   3 2 2 0 2 1 3 0 1 2 3 1 5 5 5 0 4 4 3 5 4 5 5 3 5 0 5 0 3 4 5 0 0 1 5
   4 3 0 4 0 0 5 0 1 0 0 2 1 5 3 2 4 1 5 5 1 3 1 0 3 1 5 2 4 3 2 3 0 4 2
   1 5 0 1 3 5 3 5 2 4 1 1 2 5 5 2]
  [0 5 4 3 2 4 1 2 2 1 0 1 0 1 1 1 1 4 1 2 2 4 5 2 0 5 4 3 0 5 4 4 5 1 2
   5 5 1 2 3 0 4 4 2 4 4 5 2 1 5 0 3 5 4 0 2 0 3 5 1 3 5 3 2 2 3 2 4 1 1
   0 0 2 1 4 1 2 0 2 0 2 0 2 1 3 5 2 5 4 1 4 5 1 3 2 3 3 4 0 2 4 3 4 4 5
   5 0 3 3 1 4 3 2 5 2 3 4 4 0 3 3]
  [0 1 1 4 1 1 2 3 0 5 0 2 5 1 0 5 2 0 0 0 4 0 0 1 3 5 4 0 5 2 4 3 4 1 2
   2 4 4 4 1 2 4 3 5 2 0 5 2 4 3 0 2 5 4 0 4 5 4 5 4 0 4 4 5 1 3 0 4 4 1
   5 2 3 1 5 4 0 1 5 5 4 2 0 3 0 5 2 5 1 0 0 1 5 3 4 3 5 0 0 5 4 1 0 3 2
   3 3 0 5 4 1 2 2 1 1 5 2 3 5 4 2]
  [0 1 0 2 2 4 1 1 1 5 5 5 1 0 0 0 3 2 5 3 2 4 4 0 5 4 0 5 1 4 1 2 4 2 1
   3 5 5 2 3 4 2 1 2 2 0 2 1 5 5 2 1 4 2 1 4 5 3 3 2 0 4 0 5 5 0 1 0 2 4
   5 5 3 1 5 0 1 4 2 3 2 4 2 0 2 3 2 2 2 3 0 5 2 2 5 2 4 0 3 3 1 5 0 1 5
   2 3 3 4 0 5 1 0 0 1 0 5 0 2 3 4]
  [0 2 0 2 4 5 1 1 2 5 1 2 0 0 5 3 3 0 4 4 4 3 1 2 4 5 3 0 0 4 5 3 0 5 2
   0 0 0 2 0 5 1 3 3 5 0 5 2 4 4 2 1 0 5 4 0 0 0 4 4 3 1 4 0 1 3 3 2 2 2
   1 0 2 3 5 4 4 2 3 4 0 0 1 3 0 0 3 3 3 3 4 0 3 2 4 1 5 3 5 3 4 1 0 5 4
   0 4 5 1 1 1 1 1 1 1 1 4 4 5 2 4]
  [0 5 5 0 2 0 3 3 4 0 3 0 2 1 2 1 0 1 1 1 0 5 2 2 2 4 5 5 5 1 1 1 5 5 3
   3 2 2 2 3 1 1 4 5 4 4 3 3 3 4 0 4 5 0 5 5 3 3 2 2 5 2 4 5 1 0 2 2 3 0
   2 3 4 4 5 4 5 2 5 5 4 1 5 2 1 0 3 0 0 3 0 1 4 5 1 1 1 4 0 5 5 1 2 1 2
   1 5 0 4 5 5 3 0 3 3 4 4 2 3 5 1]
  [0 2 3 4 0 5 0 3 4 1 5 4 5 5 4 0 4 0 3 2 0 0 4 3 4 5 1 0 1 1 3 4 4 5 0
   1 4 1 0 2 2 0 0 3 2 2 4 3 0 4 4 0 0 3 1 0 3 4 1 0 1 0 3 4 2 3 2 0 1 1
   3 1 2 4 1 2 0 1 5 2 0 3 5 0 2 1 0 1 5 5 5 0 5 5 5 1 3 4 0 2 3 0 4 3 1
   0 5 1 4 5 1 3 3 2 2 4 1 0 2 0 1]
  [0 2 4 4 2 1 0 0 3 3 1 1 4 0 1 2 4 3 2 2 1 0 2 4 4 3 2 2 5 2 1 2 4 4 5
   3 2 3 5 1 5 0 2 2 5 4 1 0 1 0 2 1 2 2 1 3 3 0 1 3 1 2 0 3 0 4 4 3 3 5
   0 5 0 4 1 4 1 1 2 3 1 0 5 2 2 1 0 0 1 2 4 3 0 0 0 0 3 2 5 4 1 3 4 5 3
   2 4 2 0 5 1 4 0 0 1 0 1 5 2 3 2]
  [0 3 4 1 2 3 5 5 3 1 2 3 2 5 2 3 4 5 4 1 5 2 0 5 0 4 0 2 1 4 0 5 0 0 0
   5 2 0 3 3 3 4 4 0 1 2 1 2 5 0 2 2 5 4 5 2 3 2 4 3 2 2 5 3 3 5 4 1 4 4
   2 4 5 4 3 5 0 2 5 2 5 3 1 5 3 4 3 2 0 1 5 5 4 4 3 3 2 3 4 0 3 1 4 1 4
   1 4 2 2 5 3 4 1 5 1 0 5 5 3 5 1]
  [0 4 5 3 3 3 0 0 5 2 4 5 0 0 1 5 5 4 0 5 2 3 5 0 2 3 5 2 4 4 0 5 1 2 5
   5 2 2 3 3 5 1 1 2 3 2 3 1 0 0 4 0 5 1 1 2 1 1 3 5 1 0 4 4 4 4 1 5 2 0
   3 2 3 1 2 5 3 0 3 1 2 5 4 3 0 5 2 1 0 0 3 0 2 0 3 3 4 0 4 0 3 0 2 0 3
   3 1 3 1 4 0 3 3 2 1 4 4 2 4 4 0]
  [0 2 1 3 4 4 4 1 2 4 2 1 1 5 1 3 5 1 4 4 1 3 4 2 2 0 1 2 4 5 4 2 1 3 1
   4 2 1 4 5 3 1 4 1 0 4 5 4 4 3 2 1 3 5 3 0 0 4 4 1 0 5 4 2 4 5 1 1 1 0
   5 3 5 5 2 2 1 3 1 5 3 3 4 4 1 1 4 0 1 3 0 1 2 1 2 0 1 0 1 0 1 4 3 4 5
   2 5 0 5 2 0 2 3 4 5 1 2 0 2 1 2]
  [0 0 0 2 1 1 2 3 5 4 5 5 0 3 5 0 1 4 4 0 4 2 1 0 2 1 5 2 2 2 4 3 5 2 2
   1 4 1 2 1 0 5 3 0 4 1 1 2 4 0 4 2 5 3 1 0 2 4 2 4 4 2 3 1 1 5 0 1 0 4
   0 5 5 2 1 5 1 3 5 0 0 5 0 0 4 3 3 0 5 5 2 0 5 3 4 0 1 0 3 1 3 4 2 0 0
   1 3 1 5 4 0 5 4 0 2 0 2 0 1 5 2]
  [0 5 2 1 5 0 4 3 0 5 2 0 0 0 2 1 3 0 0 2 2 0 5 2 5 5 2 5 0 4 0 3 2 2 2
   4 0 0 3 4 2 4 0 5 4 3 2 4 0 1 1 4 1 0 0 5 2 3 4 1 3 3 2 0 0 0 2 0 4 3
   1 2 2 4 5 0 4 4 2 2 2 4 2 2 5 0 4 1 0 0 0 1 0 4 4 5 2 5 0 2 1 3 2 3 3
   0 2 4 1 1 5 1 1 4 2 1 3 5 3 5 2]
  [0 2 5 2 2 5 0 4 0 0 2 4 4 3 5 4 3 2 3 0 5 5 0 3 5 1 3 0 0 0 3 0 1 4 4
   0 3 2 2 3 0 2 4 1 3 5 3 3 1 0 5 4 5 5 1 3 2 5 5 0 2 4 2 0 1 2 3 2 2 2
   1 4 5 5 2 4 3 4 5 0 3 2 1 3 0 5 5 2 5 5 0 3 0 0 0 5 2 1 1 0 2 1 5 5 0
   4 4 1 0 3 2 2 5 0 1 0 5 5 5 2 4]
  [0 4 0 4 2 4 5 4 0 5 4 3 2 1 1 5 0 3 2 5 4 2 5 4 5 1 2 1 1 4 0 5 2 4 5
   5 4 4 4 4 2 4 3 2 0 0 4 0 2 5 3 2 5 3 2 1 3 5 3 4 1 1 0 1 4 2 1 2 3 3
   5 4 0 3 4 1 1 3 1 0 3 1 1 4 4 3 3 0 0 2 1 1 3 5 0 0 0 4 2 4 1 1 1 1 0
   0 0 1 1 0 3 1 1 5 2 3 0 2 2 2 2]
  [0 0 3 2 5 4 3 1 5 1 4 2 0 5 0 1 0 1 3 1 1 3 1 4 2 0 1 3 5 4 0 4 4 5 4
   2 3 2 1 2 1 4 1 5 4 4 2 3 5 0 4 4 1 1 0 0 1 0 0 2 1 0 1 0 4 5 0 2 1 0
   0 5 5 5 0 3 3 4 1 5 4 3 3 1 3 3 5 0 4 0 2 5 2 5 2 0 4 3 5 2 2 5 3 4 5
   0 1 5 3 3 3 0 4 5 4 2 3 4 2 0 1]
  [0 0 3 2 3 2 2 5 4 1 1 1 1 5 2 4 3 0 3 3 4 4 4 3 5 5 2 4 5 0 2 2 2 1 1
   4 3 1 2 0 4 1 4 1 2 4 0 5 2 5 1 5 4 3 5 3 1 4 1 1 1 0 4 3 5 0 4 3 3 5
   1 1 3 0 1 3 0 5 0 4 5 2 0 1 1 0 1 5 4 5 3 0 3 0 3 2 0 2 2 3 2 4 0 0 3
   3 3 3 1 2 4 4 4 4 4 5 3 0 3 1 2]
  [0 5 0 4 0 0 1 5 2 4 0 5 0 1 1 5 2 2 1 0 5 2 1 4 4 4 4 4 4 5 5 4 0 3 3
   1 5 5 5 5 4 3 5 2 0 1 1 2 1 3 4 2 4 4 1 1 3 5 1 1 1 5 4 5 2 1 3 3 2 4
   1 1 1 1 5 5 3 0 1 4 2 2 4 2 3 2 5 0 0 2 1 3 4 5 4 4 2 0 1 5 3 2 0 4 1
   3 2 3 1 1 5 3 5 5 3 4 3 4 4 0 0]
  [0 4 3 5 0 3 4 5 0 0 5 4 4 1 1 5 0 1 1 2 4 1 1 2 5 4 4 0 5 1 3 1 0 2 1
   4 0 5 4 3 3 0 5 0 2 5 4 4 0 4 1 3 5 1 0 5 4 4 2 1 1 5 0 3 3 2 2 1 1 4
   5 0 4 5 4 3 3 4 5 2 0 0 5 5 0 5 0 3 0 4 0 4 2 3 2 5 5 0 0 4 5 1 2 1 5
   0 5 4 0 0 4 2 4 4 5 3 1 0 5 2 2]
  [0 3 1 0 4 1 3 1 1 4 4 2 4 5 3 4 4 5 5 4 2 0 2 3 2 3 3 3 1 0 3 0 4 3 1
   3 4 5 4 4 2 4 0 0 2 2 3 1 1 2 0 4 5 1 4 3 0 1 4 2 0 1 5 2 4 3 4 5 1 0
   2 2 5 4 0 2 3 0 4 5 2 0 1 4 4 3 3 4 5 5 5 4 2 4 5 4 3 5 2 0 3 4 2 1 3
   2 4 2 1 5 5 1 4 3 3 2 4 0 3 1 4]
  [0 3 3 5 2 3 2 0 3 3 5 0 2 5 1 4 3 3 1 2 0 2 5 2 5 1 1 5 3 0 4 0 3 0 0
   3 0 3 3 0 2 2 1 3 0 3 3 3 2 1 3 0 2 3 5 1 1 5 5 2 1 0 5 1 0 1 2 0 3 4
   1 1 3 0 1 1 3 0 5 0 1 3 2 3 4 2 0 1 1 2 0 5 1 2 3 5 2 1 4 4 0 0 4 2 2
   1 5 4 3 2 5 3 1 5 0 1 5 4 2 1 2]
  [0 1 5 2 2 0 5 2 5 1 2 1 3 0 5 3 1 0 5 0 1 0 0 5 5 2 5 1 5 0 3 4 4 3 0
   5 0 3 4 2 0 4 2 4 3 3 0 3 3 3 3 2 2 1 5 5 5 5 3 3 3 1 2 2 2 2 1 2 3 0
   3 3 1 1 5 0 3 3 0 4 3 0 2 5 4 5 1 1 1 0 5 1 0 0 0 1 3 3 0 2 5 0 4 1 1
   5 0 4 4 5 0 3 2 2 0 2 3 5 0 4 0]
  [0 4 0 1 0 0 0 2 5 0 4 3 3 3 0 0 1 3 0 2 2 5 0 0 0 2 4 2 3 3 4 3 0 2 5
   1 2 0 3 2 3 3 2 3 1 4 3 2 2 4 1 3 0 0 0 2 1 4 1 2 4 1 4 3 5 3 4 2 5 3
   5 1 3 3 1 0 5 0 5 3 3 4 5 4 5 2 2 5 5 2 0 4 4 3 2 1 2 2 1 5 1 2 0 1 5
   0 2 5 0 0 4 0 1 3 5 3 2 0 3 0 2]
  [0 3 0 5 5 3 4 1 0 1 2 4 4 1 2 4 4 1 0 3 1 2 0 0 2 2 2 2 2 0 3 2 4 4 5
   4 5 3 1 1 2 2 4 0 2 3 5 4 1 1 1 3 5 0 5 5 3 5 0 3 3 1 3 4 2 1 5 4 2 3
   5 1 4 2 0 3 3 1 5 4 2 2 4 4 0 4 4 2 5 1 2 2 4 1 5 3 3 3 1 2 0 1 1 0 1
   4 2 0 4 4 5 4 5 1 3 0 1 4 5 5 0]
  [0 3 0 3 4 5 5 1 1 2 4 3 2 0 0 4 1 0 3 2 4 0 3 5 4 5 4 0 1 4 3 1 1 0 4
   2 5 3 3 0 4 5 2 1 0 4 2 1 2 2 0 3 1 5 1 5 4 4 3 5 4 1 1 0 3 4 4 5 0 4
   3 5 4 5 3 5 3 0 2 2 2 3 3 1 3 4 3 2 5 0 0 3 5 3 2 4 2 4 3 0 3 1 2 5 0
   3 3 0 2 3 3 0 2 3 3 1 3 3 5 4 2]
  [0 2 1 0 0 1 5 5 5 5 3 1 1 3 0 5 4 4 3 2 5 5 2 5 2 0 1 0 3 4 5 4 1 0 4
   4 2 1 3 5 2 1 3 4 4 3 2 2 1 0 0 2 0 3 2 4 3 5 4 3 3 0 1 3 0 0 4 3 0 4
   2 0 0 4 3 2 1 1 1 2 0 4 5 0 4 2 1 2 0 0 4 2 3 0 1 0 3 2 2 4 5 1 1 1 4
   0 1 5 5 2 3 5 1 3 2 4 4 3 1 2 1]
  [0 3 5 1 1 5 3 5 3 0 5 5 3 2 5 5 3 4 2 3 1 2 3 1 0 2 4 3 5 3 0 2 3 0 0
   1 0 2 4 5 4 1 3 3 3 2 0 3 4 2 0 5 2 2 4 1 4 3 3 0 2 2 4 3 0 1 5 2 5 5
   0 1 5 2 1 2 0 2 2 4 3 4 2 0 4 1 2 4 3 1 2 1 3 3 1 3 5 5 1 0 3 5 0 5 4
   3 0 3 4 5 0 4 5 3 5 1 3 2 3 5 3]
  [0 0 1 0 4 0 1 3 2 2 3 3 0 4 5 0 2 0 4 4 3 1 4 4 2 5 0 1 1 0 4 2 3 5 0
   5 3 3 1 4 5 5 0 5 0 3 1 0 4 4 4 3 5 4 0 5 2 2 2 2 2 3 3 5 3 3 0 1 3 4
   0 3 5 5 3 2 2 5 3 3 4 4 0 0 1 4 1 3 5 3 4 1 0 2 0 2 4 3 5 4 3 1 2 3 3
   4 4 0 0 0 4 5 2 4 3 4 1 4 4 2 5]
  [0 4 5 0 1 0 4 4 5 4 0 4 1 3 5 3 4 2 4 2 1 4 1 3 1 3 4 3 4 3 5 5 5 0 1
   0 0 4 0 1 5 0 1 2 1 1 5 4 3 0 3 1 0 4 2 0 1 0 5 2 0 2 0 1 4 5 4 4 5 2
   3 4 5 3 5 1 5 4 2 2 4 0 0 1 4 5 5 2 3 3 5 1 2 5 0 1 3 2 5 1 0 0 5 2 1
   1 5 2 0 2 5 4 0 5 0 5 4 1 5 4 0]
  [0 1 0 1 4 4 5 5 4 2 0 2 1 0 3 4 3 5 5 5 5 5 3 3 2 3 5 1 5 1 0 0 3 3 3
   4 5 5 0 5 0 4 5 0 4 4 3 2 0 1 4 0 5 2 3 0 0 0 2 5 5 4 4 2 4 4 0 0 1 1
   5 4 4 5 0 4 2 2 0 4 1 1 3 2 0 3 1 2 1 2 3 2 0 1 3 1 4 2 3 0 4 2 2 1 0
   5 2 1 4 0 0 0 4 1 2 3 1 4 5 5 2]
  [0 1 1 1 1 5 0 4 4 1 0 5 1 3 0 2 5 1 4 2 0 0 1 1 4 5 0 1 0 3 2 5 3 4 5
   3 1 1 4 5 3 3 0 4 4 5 3 1 3 3 3 2 1 3 1 5 0 1 4 1 0 0 4 1 1 2 0 0 1 1
   3 1 5 5 2 2 3 5 5 0 0 2 1 5 2 2 0 5 0 4 0 3 5 1 0 2 0 0 4 3 2 5 0 0 4
   3 0 5 2 4 0 4 4 4 1 1 1 4 2 1 2]
  [0 2 0 0 4 0 1 2 3 2 0 0 4 4 1 3 2 4 3 3 5 1 3 2 4 2 5 3 1 1 2 0 1 1 4
   0 4 2 3 1 0 4 4 1 1 0 0 4 5 2 0 4 4 4 3 1 0 1 1 1 2 0 5 1 2 5 2 5 2 3
   3 1 3 0 4 0 1 3 1 5 1 2 5 2 5 4 0 0 2 5 3 0 1 4 4 1 2 4 4 3 5 2 5 2 2
   3 1 3 5 2 0 0 1 0 4 5 0 3 1 5 3]
  [0 5 4 0 0 5 0 1 0 4 5 4 0 1 5 3 4 2 4 5 1 2 5 5 2 1 5 3 3 3 2 1 0 0 1
   5 0 2 5 2 0 4 2 2 5 5 1 2 2 3 1 2 4 3 2 5 3 3 1 3 1 2 0 0 3 1 4 2 3 3
   4 5 2 4 3 3 4 0 4 5 4 5 3 4 2 4 0 1 3 0 1 5 3 2 4 4 5 0 3 1 3 5 4 2 1
   3 3 5 1 5 5 4 0 0 4 0 4 1 3 1 3]
  [0 3 2 3 3 1 0 3 5 2 2 1 2 5 5 4 3 2 0 0 5 0 2 0 4 2 4 1 3 0 0 0 1 0 2
   4 5 4 5 4 2 3 5 3 5 4 1 0 2 0 5 3 1 4 3 4 4 2 0 4 4 4 2 0 2 4 4 5 2 4
   2 4 1 5 4 1 3 2 3 5 1 3 3 2 2 3 2 1 2 5 2 4 3 1 1 1 0 0 2 4 4 5 5 2 0
   0 4 4 2 4 4 2 4 0 1 1 3 4 3 5 3]
  [0 5 0 0 4 3 2 1 3 3 5 3 1 3 2 4 0 2 2 2 2 2 3 1 5 1 1 4 0 0 4 0 1 4 3
   0 3 0 2 4 0 1 2 4 1 1 0 0 0 0 4 2 3 3 1 0 5 4 0 5 5 4 0 2 1 5 0 3 5 0
   2 0 0 3 0 4 0 5 5 1 2 0 5 1 0 0 0 0 5 0 2 2 1 4 5 1 0 1 5 2 4 5 3 3 3
   0 2 4 3 1 4 5 1 5 0 1 4 0 5 0 2]
  [0 5 2 4 3 3 5 4 2 5 4 3 4 2 5 5 3 4 3 2 1 4 0 2 1 2 5 3 3 0 1 2 0 5 4
   1 0 4 2 3 3 0 0 2 1 0 3 0 2 1 0 1 4 4 5 5 4 3 5 4 1 0 4 2 5 2 5 5 4 5
   0 1 1 5 5 0 1 5 5 0 3 5 5 1 0 3 2 3 3 1 1 2 1 2 4 5 3 5 1 3 3 0 0 0 3
   3 0 1 3 5 5 1 1 1 4 0 2 3 2 0 3]
  [0 0 2 4 5 5 1 3 5 4 1 5 2 1 0 2 3 4 2 4 0 0 3 5 2 4 2 5 2 3 5 3 2 2 0
   1 2 3 0 1 1 2 1 3 2 4 5 4 1 4 1 5 5 5 5 0 0 4 3 5 0 3 5 3 0 3 0 4 5 5
   1 3 4 3 0 4 2 4 0 2 2 0 1 5 0 5 3 4 2 0 5 4 0 4 5 5 5 1 3 1 5 1 1 1 4
   0 1 1 5 4 5 5 5 4 0 4 0 3 0 0 5]
  [0 3 1 3 5 3 0 1 0 2 3 3 2 0 2 1 0 5 0 1 3 0 2 1 4 1 0 3 0 3 4 5 1 5 2
   3 5 5 4 4 3 2 5 2 4 5 0 1 2 5 0 4 2 4 3 0 3 1 2 0 1 2 3 4 5 3 5 2 3 4
   4 4 0 4 0 2 4 3 2 1 3 0 5 3 0 0 4 3 0 1 1 2 0 4 3 5 1 0 0 5 5 0 0 3 1
   0 1 1 4 0 4 0 4 3 0 5 5 0 4 3 5]
  [0 1 1 5 3 0 3 5 1 3 0 1 4 0 2 4 5 2 0 4 4 3 2 0 4 0 5 3 0 2 0 1 4 0 2
   3 4 0 2 4 5 5 4 4 0 3 4 5 4 4 0 3 3 4 0 5 3 3 5 0 4 1 3 2 2 1 0 0 5 4
   2 3 3 2 4 3 5 5 2 0 0 1 1 0 5 0 1 5 5 1 5 2 1 5 0 5 2 4 1 2 2 1 5 5 0
   4 3 2 4 1 3 4 5 5 3 5 2 5 0 5 1]
  [0 2 3 0 3 1 0 0 1 2 5 2 0 2 1 2 5 0 0 3 4 3 1 4 5 3 4 3 4 5 0 1 4 3 2
   3 3 5 0 0 3 4 5 5 1 3 3 4 2 2 3 4 4 3 3 0 2 1 5 0 4 1 5 1 2 1 3 3 2 0
   1 2 0 2 2 3 5 1 0 4 5 0 4 0 2 2 0 1 0 4 4 3 2 2 1 1 1 0 3 1 3 2 5 0 4
   0 1 1 5 5 2 3 4 0 5 2 5 5 2 0 3]
  [0 4 0 5 3 2 4 2 1 1 5 0 0 3 0 3 2 3 5 2 1 1 5 5 1 0 0 2 2 0 0 5 1 3 5
   3 2 3 5 1 5 5 0 2 1 1 2 2 5 2 3 5 2 3 0 2 5 2 4 2 5 3 1 1 2 3 3 1 2 3
   2 0 1 3 2 0 4 1 4 5 4 1 3 3 2 5 0 2 3 4 5 2 5 0 4 2 4 0 0 2 2 2 5 2 2
   3 0 4 2 3 1 3 5 3 3 5 5 2 1 5 0]]

 [[0 4 3 4 1 5 3 5 1 3 0 5 1 4 3 0 4 4 1 4 2 5 0 2 4 2 5 1 2 1 5 2 5 0 4
   5 1 2 4 1 2 1 0 3 2 4 4 3 4 0 3 5 2 2 4 0 5 0 5 4 4 3 3 3 0 0 4 2 3 0
   3 3 1 1 3 4 1 3 4 3 1 5 0 5 4 5 4 3 3 4 2 2 5 3 0 5 1 1 4 2 1 1 2 0 2
   2 4 1 5 2 4 1 1 5 3 0 1 4 4 3 3]
  [0 0 1 2 3 1 3 0 4 2 4 0 2 4 1 2 4 4 1 5 5 0 1 1 3 3 4 1 0 1 0 4 5 2 1
   0 2 5 1 3 5 5 4 5 1 1 0 2 3 1 2 2 4 3 1 1 5 3 0 4 5 0 3 0 1 3 1 2 4 1
   5 0 5 5 2 1 5 5 3 0 0 5 0 3 5 4 0 1 4 1 1 3 2 4 0 3 3 4 0 1 3 1 5 2 3
   3 2 3 3 4 5 3 5 2 3 0 2 0 3 0 1]
  [0 1 0 1 5 5 1 1 5 1 5 5 0 2 0 3 2 4 2 1 1 3 0 0 3 1 3 3 3 5 4 0 1 3 5
   1 4 5 5 2 0 0 1 2 5 3 0 2 1 0 2 5 2 5 5 5 1 1 4 3 2 1 0 5 1 0 0 4 2 4
   1 0 1 5 0 2 4 3 5 5 1 2 0 0 1 0 4 5 5 2 3 0 1 4 0 3 5 0 5 3 1 3 0 1 4
   1 5 0 5 1 0 5 1 1 5 4 3 4 3 4 0]
  [0 3 4 0 3 4 5 2 5 3 4 5 1 4 5 2 1 3 5 2 3 2 4 1 0 4 3 5 0 5 1 4 0 4 3
   1 2 0 1 1 1 0 1 0 5 1 0 3 5 3 1 4 0 1 3 1 3 1 0 3 2 3 4 5 2 4 2 3 5 1
   4 1 1 0 1 5 1 0 0 5 0 3 3 5 3 2 1 2 5 2 2 3 3 4 2 3 1 4 3 1 5 3 4 4 2
   2 3 3 2 4 2 2 4 0 3 5 5 3 4 2 5]
  [0 4 5 3 0 0 0 4 4 4 3 2 5 0 4 1 1 4 5 5 4 5 3 1 5 4 5 3 1 2 2 5 1 2 2
   1 2 0 5 3 3 4 1 1 1 5 0 0 3 5 1 4 0 0 1 4 3 4 5 1 3 5 4 4 3 3 5 4 1 0
   3 3 5 0 3 5 5 3 0 3 5 5 3 2 1 1 5 3 3 3 2 3 2 2 2 1 5 1 4 3 1 0 1 1 5
   3 2 5 2 0 4 2 1 5 5 0 5 0 1 1 3]
  [0 3 1 1 4 0 2 0 5 1 3 0 0 0 2 1 1 0 2 2 4 1 4 3 1 1 5 0 5 5 5 2 5 4 5
   3 3 3 4 0 4 3 0 1 0 2 4 0 2 1 0 5 3 3 4 3 2 2 4 0 1 1 0 1 5 0 3 3 2 1
   1 0 0 5 5 0 0 2 3 3 4 4 5 3 5 1 1 4 2 2 3 4 5 0 0 5 0 2 1 0 0 2 2 2 4
   1 1 4 0 0 5 0 3 3 5 4 1 3 0 4 3]
  [0 1 4 1 2 5 0 3 0 2 4 4 2 0 4 1 2 5 0 5 0 1 3 3 1 1 3 0 4 4 5 3 5 5 3
   2 2 5 4 3 2 4 3 5 0 3 0 0 2 1 4 2 5 3 3 1 1 2 0 2 2 5 0 5 5 4 2 3 0 0
   3 3 5 2 3 3 5 3 0 0 5 0 1 4 4 0 0 5 2 1 1 3 0 3 0 1 4 4 0 4 1 4 2 5 4
   4 4 1 4 0 3 0 1 0 5 3 0 5 2 4 4]
  [0 5 5 4 0 5 1 0 1 5 4 1 0 3 5 1 5 3 1 1 4 0 0 1 2 5 0 2 2 5 5 3 3 3 5
   4 3 5 3 5 2 4 2 0 1 3 2 5 0 5 1 1 4 3 2 1 3 5 5 5 2 1 5 0 1 3 5 4 2 2
   3 5 2 1 1 2 5 2 3 0 4 4 0 3 5 2 5 2 5 4 3 2 2 2 5 1 2 5 0 4 1 1 2 1 1
   1 5 2 1 1 1 5 3 2 3 0 5 5 0 1 4]
  [0 3 4 0 4 4 4 3 0 4 5 2 5 0 1 3 1 0 2 5 2 5 0 2 5 4 2 3 0 2 1 2 0 0 1
   2 0 1 2 0 3 0 5 5 2 4 4 5 1 2 4 3 5 4 4 1 3 4 0 2 5 5 4 0 0 2 2 3 0 2
   5 0 5 3 5 3 0 4 1 0 5 5 5 2 2 4 4 2 5 1 5 1 0 2 2 2 3 1 4 4 0 1 4 1 5
   2 0 0 1 1 5 5 0 4 1 5 2 2 0 5 5]
  [0 0 3 4 0 4 2 0 4 0 1 0 2 5 2 3 3 3 2 3 1 2 3 1 4 5 0 5 0 0 1 5 2 0 5
   1 4 1 5 4 5 4 5 0 2 1 4 1 2 2 5 0 4 1 1 0 2 2 2 3 3 2 0 3 3 3 4 4 2 0
   5 4 2 4 5 5 0 2 5 5 4 4 5 5 2 1 0 5 1 1 3 4 2 1 1 1 5 3 5 4 1 1 4 0 1
   4 0 3 5 0 0 1 2 3 5 2 0 5 3 4 5]
  [0 4 0 0 4 0 0 2 1 1 0 1 2 2 1 1 2 4 1 4 4 0 5 0 4 2 5 4 3 4 1 5 2 5 1
   1 4 2 1 3 4 4 2 1 0 1 3 0 5 0 2 5 0 4 4 2 0 5 0 2 5 4 4 3 5 0 3 3 2 1
   3 0 5 2 3 0 4 4 3 1 0 1 4 3 4 0 0 0 0 3 1 4 5 3 0 3 4 2 3 0 5 1 3 5 1
   3 1 0 1 3 4 5 1 3 0 2 1 1 1 0 1]
  [0 4 2 1 4 1 3 4 2 0 0 0 2 2 2 5 5 3 5 5 4 5 4 0 2 5 1 0 0 3 2 4 5 4 0
   1 5 3 4 4 1 4 4 3 2 5 4 3 4 2 1 4 4 3 1 4 2 3 2 4 4 1 2 2 0 0 0 0 4 1
   0 1 1 4 0 4 1 5 4 3 3 4 4 0 4 4 0 5 0 4 3 4 2 5 0 5 3 3 1 2 3 4 1 3 0
   2 4 0 3 1 1 5 3 3 0 1 5 2 1 0 0]
  [0 2 0 4 1 4 2 2 2 5 3 4 0 0 1 0 1 0 3 5 0 3 2 4 1 5 4 2 4 3 1 0 5 0 3
   1 3 2 2 0 3 2 3 3 0 2 3 3 1 3 2 1 0 1 5 5 2 4 2 2 0 3 0 3 0 0 0 2 5 5
   2 3 3 3 5 5 4 5 4 4 1 1 2 5 5 4 2 1 5 2 4 4 4 4 3 0 5 3 5 3 4 3 2 2 1
   0 5 1 3 5 4 3 1 5 3 0 1 3 3 5 3]
  [0 4 5 0 4 3 5 3 2 4 5 2 5 0 3 5 1 5 0 2 2 3 2 4 2 1 5 5 5 0 5 5 1 5 4
   4 3 1 5 1 2 5 1 2 5 0 0 3 4 1 3 3 1 2 1 1 5 3 4 2 0 2 3 0 2 5 5 0 3 3
   5 4 1 2 4 1 4 2 2 1 0 3 1 5 4 1 2 3 2 4 2 0 5 0 4 1 2 1 2 3 1 2 3 5 1
   5 4 2 3 3 4 4 0 0 4 2 4 1 2 0 2]
  [0 3 5 5 4 5 4 5 4 3 5 2 1 1 0 3 4 2 1 5 1 5 0 1 3 4 2 3 2 2 2 3 3 2 1
   4 4 1 4 5 2 3 1 3 2 3 3 5 2 5 2 2 5 1 0 1 1 4 5 2 5 5 0 0 4 2 0 0 1 1
   0 3 1 0 3 0 2 2 5 3 0 4 1 0 2 3 4 1 5 2 1 2 5 4 1 3 3 4 0 4 4 3 2 4 3
   5 3 3 4 0 2 4 1 3 5 5 3 5 2 0 0]
  [0 3 5 0 4 3 4 4 2 1 2 4 2 3 2 0 3 3 2 2 2 3 4 1 4 2 5 2 3 1 3 2 4 3 2
   1 4 3 3 2 1 1 2 3 2 2 0 4 2 4 5 2 1 4 2 5 0 3 3 0 5 5 5 3 2 1 4 4 0 5
   3 5 3 4 2 0 1 2 4 1 3 0 1 2 1 2 2 0 2 5 0 0 5 5 1 2 5 0 1 5 5 1 3 1 1
   2 5 2 3 3 0 5 5 0 0 0 5 0 3 1 1]
  [0 1 3 1 3 5 1 3 3 4 2 4 5 3 4 3 0 3 5 0 0 0 3 4 4 4 5 3 5 1 0 5 0 2 4
   4 1 1 1 5 4 2 1 3 3 0 1 5 4 0 3 3 3 1 3 3 2 1 5 0 5 0 4 4 3 0 1 1 5 0
   3 5 2 1 3 2 1 4 4 5 0 3 4 0 2 2 1 2 1 0 0 0 5 4 0 1 3 5 0 0 0 2 4 1 2
   4 3 2 2 3 0 1 5 3 5 5 4 5 5 0 0]
  [0 5 1 2 4 2 0 3 1 4 3 1 5 1 2 1 4 0 1 2 1 0 1 2 2 1 0 5 2 2 0 2 5 1 0
   0 2 0 0 0 0 0 0 2 3 1 1 5 0 2 0 0 3 3 4 5 5 1 5 0 2 0 4 1 2 5 3 5 3 5
   1 0 5 1 3 3 1 2 5 5 5 0 5 0 5 5 1 0 0 3 5 0 5 4 5 2 0 3 1 3 3 1 4 3 5
   3 4 5 0 0 1 5 5 0 2 1 0 5 0 1 0]
  [0 0 0 2 0 5 2 4 4 3 4 0 2 2 5 4 0 0 0 1 0 2 4 3 4 5 1 4 1 4 3 3 1 5 1
   3 0 0 0 2 2 4 2 4 0 2 5 5 1 2 1 4 5 5 1 0 2 0 1 3 3 1 5 3 0 4 3 3 4 0
   5 1 4 0 3 3 0 5 0 1 5 4 0 1 1 2 5 3 2 3 1 5 2 3 3 1 3 2 3 5 0 1 1 5 3
   1 0 3 3 0 0 1 3 5 5 5 5 4 1 2 0]
  [0 2 5 0 0 1 3 2 5 4 1 0 4 2 2 5 5 0 5 0 4 1 0 2 3 1 4 0 3 3 5 1 1 2 3
   4 1 3 3 1 3 1 0 1 4 4 0 3 0 3 1 4 3 4 1 1 5 0 3 1 3 1 3 0 4 4 5 5 2 3
   3 1 1 2 1 3 2 0 4 3 3 3 4 3 3 1 0 1 4 4 4 2 4 0 5 3 0 5 5 0 3 4 3 3 4
   5 0 2 2 1 1 5 2 3 0 1 0 1 0 0 2]
  [0 0 0 3 4 2 5 5 5 0 3 3 3 3 2 3 2 3 5 0 0 0 3 5 5 2 4 0 1 4 0 3 2 4 2
   3 1 0 4 3 1 2 4 1 3 3 0 2 3 3 2 4 3 2 1 2 0 2 3 1 3 4 5 4 4 5 2 3 5 1
   2 4 1 2 2 4 2 1 0 4 4 4 1 5 0 1 0 3 0 5 1 2 1 3 5 0 2 4 3 3 1 2 4 0 5
   2 3 3 3 2 5 5 3 1 5 1 5 1 5 3 1]
  [0 3 5 5 1 1 3 5 4 2 4 1 5 4 0 4 2 3 5 0 5 0 5 3 5 2 2 4 2 3 5 3 3 1 2
   1 3 2 2 5 2 0 0 4 3 5 1 0 3 2 0 4 5 1 5 1 2 1 3 5 2 0 4 4 1 5 0 1 4 5
   2 0 5 0 4 2 3 1 0 0 1 4 2 1 4 5 5 2 3 3 0 0 2 5 2 4 3 4 3 1 3 1 1 3 2
   1 0 5 1 1 1 0 5 1 3 2 3 0 1 0 0]
  [0 4 2 0 5 2 0 1 2 0 0 5 3 1 2 1 0 1 2 1 3 5 0 4 1 0 4 4 5 5 1 0 1 2 5
   2 3 5 0 1 0 0 4 5 5 3 3 4 5 0 2 1 4 2 3 4 3 2 1 1 3 3 4 3 5 0 3 2 1 4
   1 5 1 4 2 3 4 1 1 1 0 5 1 1 4 5 1 2 5 5 3 0 2 2 5 1 2 1 1 5 0 5 3 3 4
   4 1 3 1 0 3 2 0 3 2 0 4 5 2 2 0]
  [0 0 2 0 4 3 1 2 4 1 4 2 1 4 1 5 2 1 2 0 2 0 0 0 3 1 3 2 0 5 3 0 1 2 2
   0 3 2 3 5 5 5 1 4 5 4 4 2 5 2 5 4 2 1 4 5 3 1 0 5 4 4 5 5 4 5 1 2 2 2
   3 1 0 0 1 3 2 3 2 5 5 4 3 3 5 2 5 2 1 3 3 3 5 5 5 0 5 4 4 0 0 5 1 4 4
   1 1 5 2 4 4 3 3 2 3 4 4 5 0 5 5]
  [0 3 2 2 0 5 0 4 4 3 4 1 0 3 0 3 2 1 0 3 2 5 5 4 0 3 2 2 0 2 2 2 5 3 3
   4 0 4 1 0 5 5 1 2 5 3 0 1 4 2 0 2 4 5 0 4 0 4 5 3 3 0 0 4 5 2 4 1 4 5
   5 3 4 0 1 1 1 5 0 0 1 4 2 1 3 3 3 4 0 4 1 2 0 4 5 5 5 3 0 2 3 2 0 4 3
   3 2 1 1 0 5 3 0 5 3 3 2 2 5 0 1]
  [0 4 3 0 2 2 4 3 3 0 3 1 5 5 0 1 4 4 0 1 3 3 0 5 0 0 5 2 3 1 1 0 5 1 5
   0 1 2 1 3 1 2 1 3 1 2 0 1 4 4 2 4 5 2 3 5 3 4 2 4 3 5 1 2 4 1 5 5 5 2
   0 4 2 4 5 1 2 3 2 5 1 4 0 5 1 4 5 0 0 0 2 5 0 4 3 1 4 2 2 2 4 2 4 5 4
   4 3 1 1 2 5 4 5 3 0 1 0 1 0 5 3]
  [0 0 4 1 2 2 0 2 5 2 5 5 0 4 5 2 3 2 1 0 2 2 3 3 5 5 0 2 0 4 2 5 4 0 2
   1 1 0 4 4 4 1 0 1 1 1 5 2 0 1 5 0 5 2 4 0 0 0 5 3 5 1 5 3 4 5 1 3 3 2
   3 4 5 0 3 5 2 0 3 1 0 5 4 0 5 1 3 0 2 1 2 0 2 1 3 0 0 2 0 3 4 4 5 3 2
   5 4 3 5 1 2 0 4 5 5 2 4 3 0 3 1]
  [0 1 2 0 5 3 5 5 5 2 1 1 2 1 1 2 4 2 3 5 3 3 4 3 5 0 4 0 0 4 1 4 3 4 2
   2 1 4 1 4 4 1 0 0 0 0 1 1 5 4 0 2 2 3 5 2 4 4 4 5 1 2 5 5 2 1 1 2 4 3
   1 2 0 4 2 5 2 1 0 0 3 2 2 0 3 5 2 1 0 5 5 3 2 1 0 3 0 1 4 4 5 5 3 0 2
   3 5 0 2 3 5 0 4 2 0 0 5 5 0 1 1]
  [0 3 3 0 4 2 5 4 0 0 2 1 4 0 0 0 2 3 2 2 1 5 2 5 5 0 5 1 0 1 1 2 0 2 1
   4 3 5 0 2 0 5 1 0 3 5 3 1 4 1 3 3 4 4 1 2 4 4 3 3 2 3 4 3 5 4 2 1 3 5
   5 1 2 3 4 3 1 2 4 3 2 1 0 1 4 2 3 3 1 1 4 5 4 5 1 0 3 5 3 5 5 5 5 0 2
   1 3 5 4 2 5 3 0 1 3 4 2 1 0 1 0]
  [0 3 3 1 5 5 5 0 4 1 2 3 5 0 0 3 4 4 3 1 2 2 4 4 4 5 1 0 3 0 3 3 3 3 3
   2 0 4 5 1 0 1 5 4 4 4 3 3 4 5 0 3 3 0 1 3 5 3 5 2 4 3 2 3 2 2 2 2 4 2
   4 1 3 5 4 3 3 4 2 3 5 5 3 2 5 5 5 5 1 3 0 5 5 1 2 1 2 1 3 2 5 1 1 2 0
   0 4 1 0 4 5 5 5 4 5 1 4 4 3 5 2]
  [0 3 2 1 1 0 1 4 1 5 1 1 5 2 0 3 1 1 3 3 2 1 0 4 1 0 0 0 0 2 0 4 3 4 1
   2 2 5 1 4 4 2 3 1 4 0 2 0 5 4 3 4 5 2 1 5 5 3 4 3 5 4 1 5 3 4 4 5 2 3
   5 3 1 1 3 0 0 4 1 2 5 4 2 3 4 4 2 5 3 5 2 2 3 4 0 5 4 5 4 0 4 4 5 2 3
   0 3 2 4 1 5 4 1 0 1 2 0 2 3 0 3]
  [0 0 0 2 3 3 4 5 0 3 4 4 3 4 4 0 4 4 3 0 4 3 5 0 0 4 4 4 2 2 3 0 1 3 2
   4 3 0 2 0 2 1 4 3 1 0 1 1 2 3 5 3 2 5 4 4 3 5 0 1 0 4 1 2 0 3 5 0 4 0
   2 5 0 2 3 3 3 5 5 5 5 5 1 4 1 4 0 1 5 1 0 3 2 2 3 1 3 2 4 0 3 3 4 1 2
   1 1 2 5 5 1 3 5 1 1 2 1 2 2 2 2]
  [0 0 0 3 2 2 2 3 5 2 3 5 0 1 1 2 5 0 1 0 5 2 2 4 5 2 1 0 4 1 0 2 0 2 3
   5 5 4 1 2 3 5 0 0 3 2 4 4 0 0 2 4 1 1 1 3 2 5 1 5 3 0 3 3 0 3 2 2 2 5
   5 5 3 1 3 1 5 1 2 1 5 3 4 3 2 0 1 3 4 0 0 0 1 0 1 1 0 3 2 2 5 2 4 0 2
   5 3 2 5 4 4 4 5 4 2 4 1 2 2 2 2]
  [0 3 3 3 2 4 3 4 4 2 5 3 5 0 3 2 0 3 5 2 4 3 2 0 1 0 4 5 0 3 2 3 4 0 2
   2 3 1 0 4 2 1 2 1 1 3 2 3 4 4 3 2 4 0 2 3 1 3 4 0 4 4 3 0 0 2 2 5 5 0
   3 1 0 3 5 1 1 4 2 1 0 5 2 4 3 3 2 4 1 2 4 4 2 3 5 1 1 2 0 4 5 2 4 1 2
   5 3 3 0 5 4 0 0 4 3 0 2 1 2 1 1]
  [0 4 0 3 4 4 4 0 3 2 5 4 0 1 5 2 3 2 5 2 0 2 1 3 5 2 3 0 1 0 4 4 1 1 0
   4 1 3 4 5 2 2 1 5 0 4 1 1 0 4 3 0 3 1 5 2 3 2 2 4 1 4 1 2 4 0 1 0 2 2
   2 1 0 1 4 0 4 5 5 0 4 3 2 4 0 5 2 0 1 5 2 3 1 3 5 2 3 4 0 2 2 3 0 0 2
   0 5 2 3 2 2 2 2 3 4 1 4 4 2 3 5]
  [0 3 0 5 3 3 0 2 1 4 1 4 2 5 3 3 3 4 0 1 3 0 3 0 3 1 1 0 0 5 3 5 0 5 5
   0 5 1 1 3 3 5 1 3 4 0 2 4 0 5 4 2 0 5 1 0 4 0 3 4 2 4 3 3 5 1 0 2 0 2
   2 0 4 3 1 1 1 4 2 4 1 1 3 4 3 4 3 0 0 2 2 0 2 0 5 2 2 0 1 3 1 5 4 3 3
   0 0 0 2 0 0 4 1 2 2 4 1 5 3 4 0]
  [0 1 1 4 2 0 5 3 1 0 5 2 5 1 1 5 0 1 4 2 3 0 3 2 5 3 0 2 2 4 5 3 5 4 5
   5 0 1 0 4 1 1 1 1 5 3 2 1 2 0 5 5 4 0 0 2 4 1 4 3 0 0 5 2 4 2 2 2 4 3
   3 3 1 3 1 3 2 1 2 0 1 0 1 0 2 4 3 1 3 0 4 2 3 0 1 5 5 3 4 5 0 2 3 0 4
   1 2 0 4 3 3 4 1 0 4 4 0 2 2 1 4]
  [0 0 2 1 3 4 1 1 2 4 3 0 2 1 0 5 4 2 3 1 3 4 3 5 5 1 4 1 4 0 1 5 3 3 5
   2 5 0 0 1 5 1 4 5 2 5 3 5 0 5 4 1 2 0 1 4 0 2 0 2 4 2 4 2 1 1 2 1 3 2
   3 1 3 5 2 5 3 4 2 4 1 3 2 4 4 4 2 1 2 2 5 5 0 4 3 5 1 0 2 4 4 2 0 5 0
   3 2 5 5 1 0 4 0 5 3 0 4 4 5 1 4]
  [0 0 4 0 3 2 2 0 0 4 0 2 2 1 5 4 2 3 3 2 2 2 5 4 2 4 3 2 3 1 4 3 5 1 0
   5 3 4 0 1 5 4 4 1 5 2 3 1 4 1 1 4 3 3 2 2 3 0 0 3 4 2 0 5 2 3 1 0 5 4
   4 2 4 1 3 2 4 0 4 3 0 4 2 0 3 2 2 5 2 5 0 5 4 5 4 2 3 3 3 5 5 0 5 2 5
   3 3 2 4 4 4 3 2 5 2 5 3 0 5 2 1]
  [0 0 0 3 5 0 5 2 2 0 0 1 4 2 3 3 5 0 1 4 2 4 4 2 4 1 2 4 5 5 0 0 4 0 3
   2 5 1 2 0 3 5 2 3 3 1 2 2 1 0 5 1 5 2 5 1 0 2 1 4 5 4 2 2 1 3 5 1 1 0
   3 2 0 1 0 2 0 5 1 5 2 4 2 3 2 2 2 2 1 3 1 0 4 4 0 1 1 0 2 5 3 2 2 2 2
   5 0 0 4 1 5 3 2 0 2 2 0 2 1 5 3]
  [0 2 4 4 2 4 2 2 0 5 5 4 1 1 1 1 5 5 5 1 1 2 0 1 2 0 1 0 4 1 5 3 3 0 5
   2 3 5 1 1 0 1 0 3 3 3 2 1 3 0 4 3 1 5 2 1 3 5 4 1 2 3 1 0 0 0 4 0 1 0
   5 1 3 3 4 3 2 1 5 0 4 3 2 5 0 3 0 5 3 1 4 4 0 2 5 5 5 0 4 0 2 4 3 4 0
   0 0 4 2 2 3 4 5 4 3 1 5 2 1 3 0]
  [0 5 1 3 3 1 3 1 1 2 1 1 1 3 5 0 0 3 3 4 2 5 0 4 4 4 5 0 3 5 1 2 0 4 1
   1 3 4 0 2 2 0 1 4 0 5 2 3 0 3 3 3 4 2 1 4 2 3 0 0 0 3 0 0 3 2 4 1 0 2
   4 0 1 4 1 3 1 5 3 5 4 4 0 3 1 3 2 3 5 1 5 2 1 4 1 0 4 5 3 2 1 3 2 5 0
   5 4 4 2 2 2 1 3 5 2 5 5 2 1 0 1]
  [0 0 3 2 5 0 2 5 5 2 4 0 4 0 5 2 3 0 4 2 2 0 3 2 4 1 2 3 2 4 5 2 4 0 1
   0 4 5 4 4 5 1 0 5 2 5 2 3 0 2 1 4 1 3 5 2 4 4 3 4 5 3 3 3 4 3 3 3 5 5
   2 1 2 0 5 3 5 5 4 2 3 3 3 2 2 5 2 5 2 3 3 2 4 0 2 3 1 1 0 3 3 4 0 2 3
   2 0 0 1 0 2 4 0 3 1 1 0 2 1 2 1]
  [0 3 1 3 0 2 2 4 0 3 3 4 3 1 5 1 1 3 0 5 5 0 0 1 5 3 5 2 2 0 2 2 3 4 3
   0 1 2 1 0 2 2 3 0 0 0 4 3 2 1 3 2 4 3 5 3 3 1 2 5 0 0 2 0 1 4 0 1 3 4
   3 4 0 4 1 1 4 5 1 4 4 1 4 0 1 3 0 2 4 5 4 5 3 1 3 0 0 4 5 2 0 4 5 4 1
   5 3 2 3 1 4 5 0 2 5 2 3 4 0 1 2]
  [0 0 1 4 1 4 5 4 3 1 3 1 3 3 4 5 1 2 2 4 5 5 0 0 3 0 5 5 5 2 5 2 1 5 0
   5 0 3 0 2 2 5 5 1 0 5 5 4 4 4 1 0 3 2 1 4 2 0 5 5 4 3 5 2 0 1 0 2 2 1
   3 3 5 1 0 4 0 3 5 4 5 1 3 5 1 1 4 5 5 3 0 3 0 5 4 3 0 2 5 3 2 3 1 3 1
   0 3 3 4 2 4 5 5 0 4 5 4 1 3 1 0]
  [0 2 4 4 3 2 5 1 3 2 1 3 5 5 2 4 4 3 5 1 1 5 1 5 3 1 2 0 5 4 3 2 3 0 3
   5 3 3 4 0 0 1 0 1 0 0 1 5 3 1 2 3 3 4 4 5 2 2 5 1 0 3 0 2 3 0 2 3 2 0
   1 0 4 1 1 3 2 1 0 4 0 3 2 0 5 2 0 4 4 1 2 1 4 3 0 1 2 5 2 3 3 0 2 1 0
   5 0 3 3 2 1 0 4 1 2 2 2 3 1 0 5]
  [0 3 0 5 3 3 0 3 4 0 3 5 2 0 2 4 0 1 2 2 4 4 1 2 0 0 1 2 1 4 0 2 3 1 3
   4 5 0 3 0 2 4 5 5 0 0 0 4 3 2 5 1 4 0 0 5 0 3 4 3 3 5 0 4 2 1 4 3 1 3
   3 5 2 1 1 4 3 0 5 4 4 4 0 0 4 3 3 2 4 2 5 2 5 0 0 4 2 1 2 1 2 1 2 2 5
   1 3 4 0 4 1 5 0 2 3 0 0 4 5 3 0]
  [0 3 2 0 5 1 2 5 1 4 2 4 1 2 4 5 3 2 2 1 2 4 5 4 4 2 2 0 5 4 0 4 4 3 1
   0 1 4 0 2 3 5 5 3 4 1 2 0 3 3 0 0 3 4 3 2 2 2 1 4 5 3 0 2 2 3 4 4 4 5
   1 5 4 0 5 2 4 1 2 1 2 5 3 5 0 2 5 5 3 1 1 4 4 1 2 4 1 3 2 0 3 3 3 3 0
   4 2 2 2 0 0 4 0 5 2 3 5 4 5 3 3]
  [0 0 1 2 5 0 0 5 4 2 0 1 5 4 0 1 2 1 1 1 0 0 1 2 2 2 0 4 2 5 5 3 5 4 3
   5 0 4 3 1 4 5 5 5 0 1 1 5 0 0 4 0 1 1 5 2 3 2 0 0 5 3 5 1 0 2 2 5 1 4
   5 1 0 3 2 3 3 3 0 0 5 5 0 2 5 3 5 4 5 0 2 4 1 3 3 3 2 3 0 1 4 1 4 5 3
   5 5 5 5 3 5 5 0 1 0 4 2 4 1 2 1]
  [0 5 5 1 4 2 1 3 5 1 2 2 0 1 2 1 2 0 2 4 4 1 4 1 0 3 3 2 1 2 3 2 1 2 5
   4 3 4 0 3 0 5 0 3 3 3 1 4 4 0 4 3 4 2 4 1 2 4 3 5 2 0 0 3 4 0 1 5 1 5
   5 3 2 5 2 3 1 0 1 5 0 5 1 5 4 3 5 5 5 5 3 2 3 0 5 5 2 0 5 4 2 1 4 5 1
   0 2 3 3 1 2 3 2 3 4 4 5 1 5 2 0]
  [0 1 2 3 3 4 4 2 5 3 0 2 3 5 1 0 0 0 0 4 1 5 2 3 2 1 5 0 2 3 3 5 3 1 2
   1 0 3 3 5 3 2 0 2 3 3 3 1 1 4 0 5 4 5 1 1 4 0 1 5 1 1 5 5 0 5 2 1 0 1
   0 2 0 0 2 5 1 4 2 0 1 0 1 1 2 1 4 5 4 0 2 3 1 4 4 2 0 0 0 1 2 3 2 1 5
   3 0 2 0 3 2 4 4 5 1 4 3 3 1 5 1]
  [0 0 5 2 2 1 5 4 4 2 2 1 0 0 4 0 1 3 3 3 5 4 5 3 1 3 1 1 0 5 3 1 5 2 2
   5 2 0 2 4 2 0 1 5 1 2 3 1 0 3 5 0 3 4 1 4 5 2 3 0 2 4 0 2 5 0 1 3 1 3
   0 2 3 5 2 0 3 1 5 5 5 0 0 5 4 0 4 2 4 0 3 3 0 2 3 3 0 4 2 5 2 5 0 3 1
   0 5 3 4 3 2 2 1 3 0 5 5 4 1 0 0]
  [0 0 4 1 3 2 3 1 0 0 3 0 4 3 5 1 3 3 0 5 0 5 3 2 1 5 5 1 4 5 2 4 0 0 4
   4 0 3 1 4 0 3 2 4 4 2 1 0 3 3 2 4 0 3 1 5 1 2 0 4 5 4 5 1 3 3 0 3 0 1
   3 2 4 0 2 5 3 5 3 0 1 2 5 2 4 0 1 5 3 2 1 1 5 4 4 4 1 2 4 1 2 0 5 0 4
   2 1 0 4 0 2 4 0 4 1 5 0 3 4 0 3]
  [0 3 2 1 5 5 1 0 0 4 5 4 5 4 1 3 1 2 1 1 3 1 2 3 0 0 4 4 1 1 2 5 4 4 2
   0 1 4 2 5 4 1 4 2 4 3 5 1 2 5 1 5 2 0 1 1 1 5 5 4 3 2 1 5 1 5 1 0 1 2
   1 4 2 1 5 1 1 0 3 2 4 4 4 5 4 4 2 5 5 0 5 1 4 4 2 5 1 4 4 2 3 5 5 1 4
   3 2 4 5 5 2 0 5 2 2 4 2 4 3 1 4]
  [0 2 2 1 4 4 0 5 2 5 4 2 0 3 4 2 2 0 2 0 4 5 3 4 0 2 4 1 2 2 2 5 0 0 2
   5 3 1 4 3 5 0 3 4 2 2 1 3 4 1 2 5 0 2 0 0 5 0 4 1 1 5 5 3 5 0 1 5 4 2
   2 0 1 1 3 0 2 1 5 3 5 1 3 0 1 5 5 2 2 3 5 3 1 5 0 4 4 4 3 5 2 2 1 4 1
   2 5 3 1 5 2 5 1 3 0 5 1 1 1 4 5]
  [0 4 0 5 4 3 0 1 4 2 4 0 1 4 5 0 1 0 2 3 5 5 2 1 1 5 4 2 2 3 3 2 2 5 4
   4 0 1 5 1 3 3 2 5 3 2 4 0 3 3 0 1 2 1 3 0 4 3 0 4 4 0 4 4 4 5 5 3 4 4
   1 2 2 5 4 4 5 4 1 5 4 2 2 3 5 3 3 0 2 5 4 3 1 4 5 3 5 2 2 5 4 5 0 4 4
   5 0 3 2 2 1 2 1 2 0 0 4 4 4 0 1]
  [0 4 3 1 4 5 2 5 2 3 2 4 3 1 5 1 2 4 3 3 5 3 2 2 3 0 3 1 1 3 5 3 4 1 1
   5 2 1 4 0 4 5 2 4 0 2 5 4 5 2 5 4 2 1 1 1 0 3 1 4 2 4 1 0 3 3 4 1 0 4
   3 5 1 5 4 3 4 5 5 3 2 0 0 4 3 1 0 0 5 2 5 1 3 0 1 4 3 1 5 0 3 4 3 2 1
   4 3 1 5 1 3 2 3 3 1 3 4 4 4 0 5]
  [0 2 0 0 5 1 2 0 0 2 5 1 2 3 5 5 4 5 3 0 0 1 3 3 2 0 2 2 3 0 0 1 0 5 1
   5 0 3 3 0 0 4 1 5 4 2 2 5 4 5 4 3 1 0 1 4 1 0 5 3 5 4 1 3 3 1 4 2 2 1
   1 4 0 4 5 2 4 0 3 3 4 0 1 0 1 2 5 1 2 4 3 4 5 0 2 5 1 4 0 4 3 0 1 3 3
   2 0 3 5 4 5 5 5 2 2 4 1 2 0 3 2]
  [0 1 4 2 5 5 5 4 4 4 3 0 2 0 2 5 4 3 0 4 5 3 4 3 1 0 2 5 3 3 3 5 2 2 4
   3 2 3 5 2 1 3 1 2 3 2 2 2 5 0 3 2 3 0 1 3 1 5 0 1 4 2 2 0 5 5 3 1 3 1
   3 4 5 3 5 2 2 0 0 4 3 2 0 2 3 5 3 5 3 2 3 0 2 2 1 4 1 5 2 1 2 4 0 1 1
   1 3 3 5 2 4 4 2 1 1 1 0 0 3 1 4]
  [0 4 4 4 2 0 3 0 2 3 5 0 0 3 1 2 1 3 1 4 5 1 5 3 2 3 2 1 0 5 4 0 0 0 5
   1 3 1 1 2 5 1 2 3 1 2 4 0 2 3 1 4 5 4 3 2 3 0 0 0 0 0 3 0 1 1 4 2 2 5
   5 2 4 5 2 0 2 3 3 0 1 0 1 2 1 4 3 0 2 1 0 2 5 5 3 0 5 1 1 3 0 2 2 2 4
   5 0 3 4 2 4 1 2 1 3 4 0 2 4 2 5]
  [0 5 2 2 4 3 1 1 0 3 0 4 1 1 0 2 4 1 3 5 0 3 1 2 1 3 0 5 0 3 2 5 0 0 2
   3 4 4 4 5 3 0 0 5 3 4 1 0 3 5 5 0 1 2 2 3 4 3 1 0 0 5 5 3 4 4 1 4 4 1
   3 2 0 5 2 1 2 0 0 4 3 1 0 0 1 0 5 1 1 4 4 0 3 0 4 3 2 0 1 0 5 0 0 4 5
   4 4 3 5 0 4 5 3 0 2 2 5 1 4 1 4]
  [0 0 0 0 5 3 5 3 4 4 2 2 5 5 3 3 4 4 3 5 5 1 0 2 1 2 0 0 4 1 5 3 2 1 0
   5 1 5 2 4 1 4 4 1 3 4 2 0 0 4 5 1 4 5 0 1 0 1 4 1 5 0 3 2 0 3 2 3 4 1
   0 3 0 2 3 3 0 3 4 1 4 3 2 3 0 3 5 5 1 5 0 3 1 2 3 0 1 5 3 4 2 0 1 2 1
   0 5 5 2 1 3 0 2 1 0 1 1 3 4 4 4]
  [0 4 2 2 4 1 3 0 0 2 2 3 3 5 5 5 3 2 5 3 0 0 0 4 4 2 3 3 5 2 0 3 5 3 3
   3 2 5 3 2 4 4 3 3 3 4 5 0 5 5 4 3 0 0 1 3 3 4 1 2 4 5 0 5 4 4 0 1 3 5
   3 3 5 4 3 0 0 4 0 2 4 0 0 2 1 1 0 3 3 0 4 1 1 1 2 0 2 4 1 2 2 0 0 0 5
   1 2 4 0 2 1 4 4 2 1 3 1 4 4 5 4]
  [0 1 3 2 4 3 1 4 1 2 1 0 0 1 4 4 3 2 4 0 2 3 0 3 3 2 2 0 5 0 5 3 3 2 3
   3 3 2 4 3 4 3 1 0 2 4 5 3 4 0 3 4 0 3 3 2 0 4 3 5 4 5 0 0 4 5 5 5 4 3
   2 3 3 1 2 4 5 2 0 0 4 1 1 1 2 1 3 5 5 3 3 3 1 0 2 3 5 4 0 4 1 5 1 1 4
   5 2 4 4 5 4 4 0 0 0 5 1 5 0 5 4]
  [0 0 4 3 4 3 4 1 4 0 1 2 3 4 5 4 2 4 0 0 5 5 3 5 1 0 2 4 5 1 0 2 2 3 4
   3 1 3 4 5 4 1 5 2 5 4 3 2 5 1 4 5 4 3 2 1 4 3 1 5 0 1 0 2 0 3 2 5 4 1
   4 3 3 4 4 4 2 2 5 0 4 3 0 1 1 3 2 2 5 5 5 0 3 4 1 5 3 2 2 3 2 4 3 1 5
   5 4 4 5 3 3 2 4 3 5 2 5 3 1 4 4]
  [0 5 5 1 3 2 3 0 3 3 3 4 4 4 0 3 1 2 0 2 1 0 2 4 1 5 5 0 1 5 1 1 3 1 2
   3 1 5 2 3 1 4 2 1 0 5 3 2 4 5 2 1 2 0 1 0 0 4 5 5 4 5 0 2 5 0 5 3 1 4
   5 4 4 2 3 3 4 1 0 5 2 5 1 4 4 0 1 3 4 0 5 1 0 5 3 3 1 3 3 0 2 0 3 1 2
   5 3 1 2 4 4 4 1 3 1 4 5 0 3 5 5]
  [0 3 3 1 3 5 5 3 5 5 2 1 3 5 0 2 4 4 4 4 5 1 3 0 5 4 3 3 2 3 5 2 3 2 0
   1 5 2 3 2 0 2 5 4 4 0 3 5 2 0 2 2 1 2 0 3 1 5 4 3 2 1 3 0 2 4 0 2 1 4
   5 1 0 1 5 1 0 3 1 4 4 3 0 2 2 4 1 4 4 1 3 3 5 3 4 0 5 4 5 4 0 3 3 4 2
   4 4 1 4 3 4 5 1 5 2 4 1 2 1 4 0]
  [0 5 5 2 4 3 3 3 0 1 4 5 1 5 2 0 2 3 5 5 5 0 1 1 1 4 4 0 1 1 5 2 3 2 2
   3 4 0 5 5 0 4 3 0 3 1 5 3 4 5 2 2 0 3 2 5 3 5 1 5 5 5 3 1 1 5 2 0 3 3
   0 4 5 4 0 5 3 1 3 2 2 4 5 1 2 3 0 5 5 5 0 2 0 5 1 1 5 5 4 2 2 3 0 3 0
   3 4 0 2 0 5 2 4 2 3 3 2 4 2 5 0]
  [0 5 5 0 1 0 5 1 4 4 4 2 0 3 4 5 4 0 0 1 1 0 3 1 4 3 2 0 2 3 5 3 0 4 2
   1 3 2 1 3 5 3 0 1 4 3 0 1 1 2 4 3 2 4 5 3 1 5 3 5 2 4 3 5 5 3 1 3 0 4
   2 3 3 0 0 4 2 3 4 1 0 2 2 5 2 4 0 1 0 2 4 3 0 3 3 1 0 3 0 2 5 4 2 1 0
   2 1 0 4 2 1 3 3 1 2 2 1 2 0 5 3]
  [0 3 5 1 1 5 2 4 4 4 2 2 4 3 5 4 1 1 2 3 4 3 4 2 1 0 1 4 0 1 5 5 4 2 0
   2 5 1 3 2 5 2 1 0 1 1 3 4 0 1 1 0 2 2 0 0 5 5 0 2 3 4 3 1 2 1 2 2 3 0
   0 0 0 4 3 5 4 5 2 4 3 0 3 2 5 3 4 3 1 3 5 5 3 4 3 2 3 0 4 0 1 2 0 3 0
   1 1 0 0 4 0 3 5 5 4 5 0 4 0 5 5]
  [0 3 4 2 4 0 2 5 3 4 1 4 3 3 3 1 1 1 4 1 0 1 0 1 1 2 5 4 1 4 5 3 4 5 2
   1 4 3 0 1 3 5 1 1 2 1 4 5 1 5 2 2 3 1 2 5 3 5 1 5 1 0 1 4 3 2 2 3 1 5
   0 1 1 0 4 0 2 0 4 4 5 0 1 0 2 5 3 5 2 0 0 4 1 0 3 0 4 1 4 4 5 2 0 5 5
   2 4 1 3 5 5 3 1 1 2 2 3 0 1 5 4]
  [0 5 1 3 0 4 5 2 1 5 4 1 2 5 5 0 4 4 1 3 2 3 4 1 4 4 4 0 2 0 5 1 0 0 5
   1 0 1 3 2 1 0 4 0 5 5 5 2 5 1 3 3 3 0 4 5 5 1 2 4 1 5 1 1 3 0 5 5 3 3
   5 0 3 1 2 5 1 1 1 3 3 2 4 1 0 3 4 2 3 5 3 5 0 4 3 1 4 0 4 4 0 5 1 2 1
   5 1 5 3 1 5 1 5 2 3 4 1 0 0 1 3]
  [0 4 4 5 5 5 2 5 3 0 4 3 1 3 4 4 2 3 0 4 1 4 4 4 4 0 1 2 3 0 2 5 5 4 5
   2 3 2 2 2 2 1 2 1 5 3 5 4 4 4 0 3 5 2 2 4 0 1 5 0 5 1 0 1 2 2 4 0 4 5
   2 4 0 4 3 5 3 4 5 3 2 0 1 5 5 5 4 0 0 0 1 4 5 0 0 0 4 1 5 1 0 1 0 4 0
   3 1 4 1 5 3 0 2 5 3 5 4 2 2 0 2]
  [0 4 5 0 0 1 5 5 2 2 0 1 3 4 2 0 2 4 1 3 4 1 4 1 0 2 5 4 3 2 3 1 5 2 4
   3 3 2 3 2 3 0 1 0 0 4 0 4 0 2 3 3 2 1 2 0 2 4 1 5 5 4 2 4 5 3 1 2 2 2
   5 5 4 0 2 0 3 4 0 3 4 3 2 0 1 1 3 2 5 2 3 3 5 3 5 2 2 4 0 2 1 4 2 1 3
   3 5 4 3 5 1 2 2 0 5 0 4 5 3 0 4]
  [0 0 3 0 2 3 0 1 5 1 1 5 1 5 2 3 0 5 4 0 1 4 4 0 1 3 1 4 1 4 4 1 5 5 4
   4 4 3 0 4 4 5 3 1 1 2 3 2 5 3 2 4 2 1 1 4 4 4 4 1 5 0 0 1 0 3 3 0 4 2
   5 0 2 5 0 0 1 3 2 4 2 0 2 5 4 1 3 2 5 3 4 3 3 5 0 0 5 2 0 5 1 5 5 4 1
   2 4 1 0 4 3 5 3 1 0 2 1 3 1 5 3]
  [0 5 4 1 2 0 0 3 5 1 4 1 5 1 4 3 0 3 1 3 3 1 4 4 5 5 4 1 3 1 3 2 4 0 0
   4 1 5 2 0 2 1 5 5 3 2 5 2 4 2 5 4 3 2 3 0 4 5 1 5 2 0 3 0 3 5 3 4 5 1
   1 5 4 0 5 0 3 0 3 1 4 0 1 0 1 0 3 2 2 3 2 2 2 4 2 2 0 4 4 3 0 5 0 1 3
   1 2 0 4 4 2 5 3 2 4 2 5 4 2 5 3]
  [0 3 5 4 2 1 3 3 4 5 5 4 5 5 5 2 0 3 5 4 3 5 5 1 0 4 4 0 3 3 3 2 4 4 4
   2 5 3 5 2 0 4 1 5 3 1 4 4 1 3 2 4 2 5 1 3 3 2 4 2 4 3 5 3 1 0 2 1 5 4
   2 4 0 0 0 1 0 1 1 1 5 4 4 3 5 1 1 3 1 1 0 5 4 4 2 3 2 2 0 4 1 0 5 4 4
   4 0 0 3 1 0 1 0 1 5 2 4 0 4 3 3]
  [0 0 2 1 3 1 2 4 3 1 2 5 4 5 5 0 2 5 5 5 1 2 1 0 2 3 2 5 1 0 4 5 5 0 1
   5 3 3 2 2 0 5 4 2 0 2 4 0 4 3 4 4 2 1 4 3 0 3 3 3 0 1 2 4 5 4 3 3 5 4
   4 1 1 3 0 3 5 0 5 5 0 1 0 2 5 5 2 3 3 2 0 1 1 2 5 2 4 3 0 0 3 1 4 3 3
   5 0 3 0 4 4 3 0 5 1 0 3 2 3 3 3]
  [0 5 0 1 1 0 3 4 3 2 0 0 0 5 3 1 2 2 5 5 0 2 1 3 4 2 1 0 4 0 3 1 0 0 1
   1 0 3 2 4 5 2 3 2 3 2 5 1 5 2 2 4 2 0 0 4 5 2 4 1 1 0 5 5 1 4 3 0 0 4
   3 5 4 4 2 0 2 2 0 0 5 5 3 4 4 2 4 1 4 4 1 1 2 2 1 3 0 3 3 1 3 0 5 1 0
   3 5 5 4 1 1 5 0 1 4 0 0 3 4 3 4]
  [0 2 1 0 5 4 5 2 2 5 4 3 3 5 4 0 4 0 2 3 4 4 0 1 2 1 2 2 2 1 4 4 2 0 0
   5 4 3 5 0 5 3 1 2 3 4 3 2 1 1 4 2 0 0 4 5 5 1 0 2 3 5 1 3 5 1 3 1 4 5
   0 4 4 2 3 4 1 1 2 0 5 4 3 2 1 5 1 4 2 3 0 2 5 3 3 4 2 5 5 2 4 4 3 0 2
   3 1 5 1 3 4 3 4 1 2 4 0 4 1 5 1]
  [0 1 1 4 3 5 5 0 4 2 1 3 3 0 5 1 3 4 3 2 3 2 4 1 2 3 4 4 1 4 4 1 4 5 3
   3 2 4 0 3 5 1 3 4 0 5 5 4 1 5 3 5 4 2 0 5 1 5 1 1 1 3 4 5 4 5 4 5 1 0
   1 1 0 2 0 5 0 1 3 3 0 3 4 4 3 5 1 3 2 4 2 4 3 4 5 2 2 3 1 0 0 5 0 5 3
   3 1 0 2 5 1 3 0 3 5 3 2 3 3 2 3]
  [0 1 1 3 3 3 2 2 3 1 2 1 5 5 0 5 5 4 5 1 4 3 4 4 1 0 3 1 2 0 0 3 0 1 2
   0 2 5 5 2 0 0 4 5 3 2 2 3 4 1 2 4 0 4 1 2 3 5 5 2 4 2 2 4 5 1 0 0 3 5
   2 3 0 1 4 2 4 4 4 0 0 0 5 5 3 0 2 5 1 3 1 5 3 5 0 2 4 3 4 0 0 1 2 4 2
   3 4 3 0 3 1 5 1 4 2 0 1 0 4 1 4]
  [0 1 5 4 3 1 0 3 1 1 1 4 5 1 0 2 5 4 0 4 1 2 0 1 5 4 2 3 3 1 5 0 0 5 4
   5 3 2 5 1 4 4 4 2 0 0 0 3 4 5 3 2 3 2 2 0 5 4 0 5 2 1 0 3 1 2 4 2 2 0
   1 1 1 4 1 0 3 1 1 1 3 4 0 4 2 2 3 5 2 5 0 3 1 1 3 2 3 3 2 1 5 0 4 5 1
   5 2 0 5 1 5 0 2 3 2 4 4 1 2 0 4]
  [0 0 3 3 5 2 5 4 4 5 2 2 5 1 1 4 4 5 3 0 3 1 3 4 4 2 2 4 5 0 5 5 5 3 2
   2 2 0 5 2 3 3 5 0 2 3 4 4 3 1 1 3 0 1 1 1 0 2 0 1 3 0 5 1 4 0 4 4 3 5
   0 5 4 2 2 3 1 2 3 3 2 2 3 0 1 3 5 0 0 3 4 0 4 2 4 2 2 0 4 3 1 3 3 0 5
   1 4 2 1 0 4 4 1 0 5 5 1 5 1 3 3]
  [0 4 3 1 2 3 3 2 3 3 0 0 5 3 0 3 1 2 1 2 5 2 4 4 4 2 2 3 0 5 3 1 5 1 4
   1 0 0 5 5 3 5 3 0 0 1 3 1 3 2 2 0 1 1 2 1 0 4 3 3 5 0 2 4 0 2 2 0 4 3
   0 3 0 1 4 4 0 0 2 5 2 5 0 5 0 1 4 4 3 4 4 4 2 1 4 4 5 4 1 5 4 5 1 2 2
   1 2 4 4 0 1 5 5 2 1 0 3 0 2 1 5]
  [0 3 5 5 3 1 0 1 4 5 5 3 5 3 5 2 1 3 3 4 3 0 4 4 1 2 2 4 1 3 1 4 1 2 2
   0 5 4 2 2 4 1 1 2 5 4 0 3 1 3 1 1 4 1 5 1 1 4 0 4 5 5 3 2 4 1 2 4 2 2
   2 5 2 1 1 3 4 0 3 3 4 5 4 4 3 0 0 1 0 1 4 0 2 5 2 4 4 4 5 3 4 1 4 2 3
   1 2 3 0 4 5 1 2 2 1 2 4 2 4 4 3]
  [0 3 1 0 4 3 0 1 2 1 3 0 0 3 0 2 3 2 4 1 4 1 3 5 1 3 5 1 4 4 4 0 0 5 1
   5 0 1 5 4 5 1 0 5 1 5 5 2 5 3 3 1 4 4 3 3 0 3 1 3 2 4 3 1 2 2 3 5 0 3
   2 0 4 1 4 0 2 2 0 1 3 3 1 4 0 3 0 5 0 2 3 1 5 1 1 5 0 2 3 3 5 4 5 1 0
   3 4 5 3 5 1 0 0 3 4 3 2 3 0 1 5]
  [0 1 0 5 1 0 5 1 0 1 4 1 3 1 5 3 4 5 2 2 3 0 3 2 2 4 1 0 4 3 5 1 4 5 5
   2 2 2 4 4 1 1 5 3 4 5 5 1 3 5 0 0 0 4 2 2 0 0 3 2 0 0 3 2 2 5 2 2 3 0
   4 0 0 5 2 2 3 5 2 1 0 5 3 1 4 5 3 0 1 5 5 4 2 4 0 4 1 1 4 4 5 0 2 0 0
   1 4 2 3 1 2 3 5 0 5 0 0 0 0 2 4]
  [0 3 5 3 5 3 1 3 0 5 3 0 1 4 1 1 0 4 4 4 1 0 4 2 0 0 1 1 3 4 3 5 2 3 4
   3 3 1 0 1 2 3 5 3 3 0 2 3 4 2 4 3 4 4 1 1 0 0 3 1 0 4 1 4 2 0 0 4 4 0
   4 4 1 5 4 5 5 3 3 4 5 5 4 5 0 0 0 2 0 3 5 1 2 3 5 5 3 4 3 5 2 5 3 4 2
   0 4 4 0 0 2 5 0 4 0 1 0 4 0 5 5]
  [0 2 1 1 3 4 2 1 1 3 1 2 3 3 4 1 0 1 0 3 0 1 5 5 2 3 3 2 5 4 4 4 1 0 3
   4 0 2 2 0 2 2 1 3 0 2 1 0 4 0 4 1 3 2 0 3 2 2 4 0 4 3 4 3 1 2 5 0 5 5
   0 5 3 4 2 4 4 4 0 2 0 0 1 2 3 0 5 0 0 0 3 3 5 5 1 3 4 4 1 0 0 4 4 3 4
   2 1 0 1 5 1 4 4 4 5 3 5 3 0 3 3]
  [0 0 2 1 3 3 1 2 1 1 2 0 4 4 5 1 2 1 1 5 4 5 1 0 4 1 4 5 0 3 5 2 5 3 2
   4 2 4 1 2 4 5 5 2 1 4 3 0 3 2 2 1 0 3 1 0 1 5 5 4 3 0 4 3 1 4 5 1 3 2
   0 2 3 3 4 3 3 0 0 3 1 0 0 3 5 4 4 2 0 4 0 1 4 3 3 3 3 2 0 2 1 2 2 4 4
   2 2 5 0 5 2 2 4 0 3 0 1 3 1 0 1]
  [0 1 1 1 0 4 3 2 2 1 5 3 5 2 2 3 5 4 1 1 0 1 0 4 0 4 4 2 0 0 0 2 4 5 1
   5 2 4 4 0 2 3 4 1 5 2 5 2 5 3 1 5 4 3 4 5 3 2 3 2 5 5 1 0 0 2 0 2 3 3
   5 1 5 3 2 5 4 2 1 4 3 5 3 5 4 5 5 4 1 1 4 0 1 0 5 1 5 5 3 3 3 0 4 0 3
   3 1 5 3 4 3 3 3 0 0 0 4 1 0 1 1]
  [0 1 3 1 1 0 1 2 5 2 4 4 0 0 4 5 4 1 4 1 4 3 3 1 0 1 1 3 5 3 1 4 5 4 2
   4 5 5 2 4 4 4 1 4 3 1 3 1 3 0 5 5 0 5 3 0 5 2 2 3 2 1 5 3 1 5 4 3 3 2
   2 4 3 2 4 0 0 1 1 5 5 0 3 4 3 1 5 0 3 4 2 5 0 4 4 2 0 2 1 5 0 3 4 2 5
   1 4 0 3 5 2 1 2 0 2 2 0 4 0 5 4]
  [0 4 2 3 3 2 4 3 0 3 5 5 5 5 4 3 5 4 4 4 3 2 5 1 3 1 0 1 4 5 5 5 1 5 3
   0 1 2 2 5 0 3 3 4 3 5 5 2 1 4 5 1 1 0 3 5 2 2 4 0 2 1 0 0 4 3 5 3 3 3
   1 3 5 5 3 5 0 0 0 3 1 0 3 1 2 1 1 4 2 1 3 0 4 0 5 1 1 1 4 0 2 4 0 2 0
   5 0 2 3 2 5 1 1 3 4 5 4 3 3 1 3]
  [0 1 2 3 0 4 5 3 2 1 4 1 5 0 1 4 5 4 1 3 3 3 3 5 3 3 5 5 3 0 4 1 2 4 2
   3 4 5 4 1 2 2 0 0 3 1 3 5 1 0 0 0 0 5 1 0 5 3 3 3 3 3 3 3 5 4 0 0 4 2
   1 0 5 0 1 3 4 1 2 4 0 5 5 2 1 5 3 4 5 3 2 4 3 1 0 4 0 2 1 0 3 3 1 5 4
   2 4 0 5 3 3 5 3 4 3 4 3 5 3 4 1]
  [0 1 3 4 4 5 1 5 4 0 3 4 5 0 2 3 2 5 0 2 3 2 3 4 3 2 3 4 1 0 4 3 0 2 1
   5 0 4 4 5 5 4 3 3 1 4 2 3 4 5 0 2 0 4 4 1 1 4 1 2 1 3 2 5 0 3 0 5 2 0
   4 1 0 4 0 4 3 3 3 3 1 4 1 5 1 0 1 3 5 3 2 4 4 2 3 0 3 1 5 0 2 2 5 4 2
   1 0 5 1 5 0 2 1 3 4 0 1 4 5 0 3]
  [0 0 2 2 5 1 4 2 3 2 4 1 2 2 1 5 4 5 0 3 1 1 1 0 5 0 4 5 5 5 1 3 2 5 2
   1 2 5 4 3 3 0 2 3 4 3 5 0 3 4 4 3 3 5 2 1 0 4 3 5 1 3 0 1 3 3 4 5 4 5
   2 2 2 4 1 4 1 1 4 0 4 3 3 2 4 0 0 4 1 2 4 3 5 2 4 3 0 1 0 0 1 4 3 1 5
   5 0 5 2 1 2 2 4 4 5 0 4 1 2 2 3]
  [0 1 2 3 2 1 0 2 0 1 2 1 2 3 4 3 4 0 2 5 0 2 2 4 4 1 5 3 5 5 5 2 2 5 0
   0 4 1 0 5 4 1 0 2 4 2 1 1 2 5 3 4 3 4 1 2 1 1 1 5 1 4 4 0 2 3 4 3 0 2
   0 3 4 0 3 2 1 3 2 1 2 5 5 4 4 5 0 2 4 2 5 5 2 1 3 1 1 0 5 2 1 4 3 0 2
   3 5 0 0 4 3 2 3 0 2 1 1 4 5 0 4]
  [0 2 3 4 2 5 0 5 1 1 5 5 1 1 3 5 0 5 0 3 0 3 3 5 2 4 2 1 0 0 2 0 5 5 0
   2 4 0 1 4 1 3 0 0 0 2 1 0 2 0 3 1 3 5 3 0 5 1 3 2 0 4 4 2 2 3 2 1 0 4
   1 4 2 5 4 5 3 2 0 1 2 0 2 4 0 2 3 3 2 2 1 2 4 0 4 0 5 4 0 0 0 4 4 4 2
   2 3 3 4 2 0 4 4 1 4 3 0 4 0 1 2]
  [0 0 2 5 0 4 5 3 2 3 2 2 1 1 3 0 2 5 4 0 1 5 1 1 2 2 3 4 1 1 5 1 0 5 2
   0 5 3 4 4 1 3 2 1 2 3 5 2 5 5 1 3 5 2 4 1 0 3 4 5 0 0 3 2 1 5 3 0 5 5
   4 1 1 5 3 1 1 1 2 3 5 2 5 1 1 4 5 0 0 1 0 5 4 3 5 5 3 1 0 0 4 0 0 5 1
   1 1 0 1 2 4 0 5 3 3 4 0 1 0 1 3]
  [0 4 1 4 4 2 5 4 3 0 2 3 2 3 0 0 1 3 0 5 5 2 4 0 5 4 5 0 3 5 3 2 1 1 3
   0 5 5 1 1 5 2 2 2 5 4 1 0 2 3 0 1 3 3 2 5 0 0 5 3 3 2 2 0 1 3 5 2 3 2
   4 5 1 1 4 0 0 4 5 0 4 2 4 2 2 4 3 4 3 1 5 4 1 3 0 2 0 3 3 2 0 5 1 3 0
   0 4 4 5 4 3 5 0 1 3 0 0 2 5 5 2]
  [0 4 3 4 1 2 4 2 0 1 3 5 2 5 0 2 4 1 1 1 5 5 3 5 3 0 1 4 2 4 4 1 5 4 3
   4 0 1 1 1 5 3 4 3 0 0 5 0 1 4 5 4 1 2 0 3 2 3 2 3 2 3 4 1 0 0 4 0 2 2
   5 2 5 5 3 3 2 1 0 5 1 0 2 2 5 5 4 3 1 0 1 2 2 0 3 1 2 0 4 4 1 0 4 0 1
   1 2 1 4 2 3 0 2 4 2 2 5 4 3 4 5]
  [0 4 3 4 0 2 3 4 1 2 1 5 4 4 5 5 4 1 4 4 4 5 1 2 3 3 2 0 1 5 1 5 2 3 4
   2 1 1 0 0 0 5 3 2 4 2 3 4 0 5 5 5 5 5 5 3 3 2 3 4 5 2 4 4 3 3 3 2 0 0
   2 2 1 1 1 3 5 2 2 0 0 5 2 4 4 4 1 4 0 2 4 2 2 0 4 3 5 3 4 1 2 5 0 5 5
   4 4 1 2 4 3 2 0 2 5 5 1 0 5 4 4]
  [0 2 5 5 4 2 1 4 2 2 0 3 2 2 2 2 3 4 1 2 4 0 5 3 0 1 4 0 3 1 1 0 1 4 2
   4 3 0 4 3 4 1 2 5 4 5 5 4 1 1 0 1 4 3 0 5 2 0 5 0 1 2 4 5 2 0 2 5 4 4
   3 3 2 2 3 0 2 2 1 3 1 4 0 3 5 0 0 4 0 5 2 5 4 4 3 4 2 4 2 1 4 2 0 0 2
   0 0 5 3 1 2 4 0 3 2 5 2 1 5 0 5]
  [0 1 3 0 5 2 1 2 5 3 5 1 3 2 4 2 2 2 3 0 1 3 0 2 5 3 1 4 1 3 0 0 0 1 1
   5 5 4 1 0 2 4 2 2 4 4 4 5 2 0 2 1 2 0 3 1 0 5 5 2 1 0 1 5 0 0 1 2 3 0
   0 0 2 3 0 2 1 5 5 3 1 4 5 5 4 0 0 2 4 3 0 5 2 1 2 1 2 4 2 3 2 3 2 5 0
   4 5 5 1 4 5 4 2 2 0 5 5 2 0 1 0]
  [0 2 4 5 5 2 5 5 0 1 5 3 0 2 3 2 5 3 1 0 3 0 4 4 5 5 0 1 1 5 0 4 1 0 0
   3 0 1 1 0 1 5 2 1 3 1 2 3 3 1 5 4 1 4 0 1 2 5 2 3 5 1 0 2 4 1 2 4 1 1
   5 5 2 0 3 5 1 5 4 2 3 1 0 0 3 1 4 5 0 5 5 3 1 1 4 5 2 4 0 3 0 0 0 3 1
   0 5 1 5 0 5 1 0 5 5 1 2 1 2 5 0]
  [0 2 1 0 5 4 3 1 0 2 2 1 4 0 5 5 1 3 4 4 1 5 2 1 1 3 2 0 1 2 5 3 5 5 2
   3 4 1 3 5 2 1 4 4 1 2 4 2 2 5 4 5 0 3 2 1 3 4 2 2 5 3 0 3 0 5 1 4 3 4
   3 5 4 5 1 1 0 1 0 2 3 5 0 5 4 3 2 3 3 1 5 4 5 1 0 2 5 5 2 3 5 4 2 4 5
   0 0 1 4 3 2 2 0 2 1 2 0 5 1 5 0]
  [0 1 5 4 4 3 3 0 1 1 3 0 5 0 2 3 5 5 4 3 2 1 1 5 3 2 2 5 1 1 0 3 3 1 5
   3 5 4 2 0 3 0 2 5 5 1 0 3 0 4 2 4 3 0 2 5 5 3 5 5 1 1 2 4 1 4 5 0 4 3
   3 1 1 3 3 4 3 3 1 5 1 5 3 3 3 5 5 1 3 5 1 1 3 2 4 4 3 2 1 0 1 3 5 1 0
   3 2 0 0 0 3 3 1 2 0 0 2 3 1 2 0]
  [0 5 3 1 5 2 0 5 2 5 4 5 0 4 3 4 0 2 5 4 1 0 3 2 3 5 4 5 3 4 3 3 4 4 4
   4 3 5 2 5 4 5 5 4 3 2 4 2 5 0 4 0 3 5 2 4 2 2 1 3 0 0 1 1 5 1 3 5 0 1
   3 4 5 5 3 5 3 3 4 4 4 5 4 2 0 3 0 1 5 0 2 4 3 1 4 1 5 1 1 2 0 3 2 3 1
   1 3 2 0 0 2 2 0 4 0 2 0 0 5 4 1]
  [0 1 4 5 3 4 4 2 1 4 2 1 3 5 2 5 4 5 2 0 3 3 1 3 4 5 0 1 3 0 0 4 0 2 1
   2 0 3 3 4 5 4 2 4 0 0 2 1 0 4 3 0 2 1 2 3 3 5 2 1 2 0 3 1 5 0 0 3 0 4
   0 5 4 1 0 1 5 1 2 0 0 2 3 0 3 3 0 1 3 3 0 3 3 4 3 1 3 2 4 3 1 4 1 2 4
   3 4 1 5 0 1 1 3 1 0 1 0 0 5 0 3]
  [0 3 5 2 4 0 0 0 0 0 1 4 2 0 0 2 4 3 4 2 1 1 4 3 0 0 5 0 5 5 2 2 1 1 2
   0 5 5 3 2 1 2 0 1 0 5 3 3 1 3 4 1 5 4 1 2 3 3 2 1 3 1 0 2 5 0 3 5 2 4
   4 1 4 5 2 5 0 1 5 3 3 4 1 4 2 4 4 2 0 0 4 4 2 0 4 1 1 3 3 2 1 3 5 4 0
   3 4 1 3 5 0 0 5 2 5 3 5 2 0 1 4]
  [0 2 3 5 3 0 4 0 4 2 3 2 1 0 5 2 3 2 1 3 1 5 4 2 2 0 4 0 1 4 4 3 3 4 0
   0 0 0 3 3 3 5 5 1 4 3 4 3 3 4 1 1 5 2 0 2 4 2 4 2 0 4 1 3 1 0 2 3 3 5
   3 3 1 1 1 5 4 1 2 3 5 4 0 0 5 4 0 4 4 1 5 1 0 2 0 4 0 3 5 5 1 1 3 4 0
   2 4 4 4 4 1 0 5 0 4 3 0 0 5 5 4]
  [0 1 0 1 4 5 2 2 3 2 4 1 0 4 3 5 1 3 5 4 5 3 3 5 5 5 3 2 2 5 0 5 3 5 2
   4 3 3 1 5 4 0 0 4 4 4 1 3 3 5 2 4 1 5 3 2 1 4 3 5 4 4 0 0 1 0 5 1 3 0
   4 2 3 0 3 3 2 5 2 1 3 3 0 4 4 1 3 4 3 5 0 3 5 3 5 5 3 4 2 0 3 4 3 5 2
   3 1 4 3 0 2 3 0 2 0 1 0 2 1 4 4]
  [0 1 5 5 0 5 4 4 4 4 4 3 1 1 1 0 5 5 1 4 0 5 5 3 4 1 5 4 4 2 0 4 4 2 4
   0 4 5 2 1 3 4 3 0 1 2 4 1 1 4 1 1 2 2 2 4 3 4 1 5 3 4 3 3 2 1 4 2 4 2
   1 2 4 2 2 4 0 5 2 0 1 1 4 4 3 5 4 3 5 4 2 2 2 2 4 2 2 3 4 4 3 5 1 1 5
   2 0 3 5 5 4 2 5 0 5 2 0 0 1 4 2]
  [0 3 5 2 5 5 0 2 5 0 5 0 0 3 4 0 1 3 4 0 1 5 3 5 5 4 0 4 1 3 2 3 3 5 1
   5 1 3 2 1 4 5 3 1 3 2 2 5 1 2 2 0 2 3 4 2 3 3 2 5 2 1 4 5 4 1 2 0 1 2
   0 1 0 0 5 0 0 0 3 5 3 1 2 0 1 0 0 1 2 3 3 2 3 2 0 5 1 5 4 2 2 0 3 3 2
   3 1 4 2 4 0 3 1 2 0 1 5 4 0 1 1]
  [0 2 3 2 4 2 4 1 1 4 1 2 1 5 1 2 1 0 5 2 3 2 4 4 3 5 0 4 1 4 0 3 4 5 0
   3 3 1 5 3 3 1 4 3 1 5 2 4 2 5 4 1 4 1 3 3 4 3 0 5 2 2 3 2 3 4 2 2 4 1
   1 5 3 2 3 3 1 5 3 5 4 4 2 2 2 0 3 0 5 3 3 1 4 5 2 1 0 3 4 4 1 0 4 5 0
   0 4 4 5 3 4 1 0 3 1 0 5 5 2 0 4]
  [0 1 1 5 3 2 0 1 2 2 3 0 2 0 4 2 5 3 5 2 0 5 1 3 1 5 2 5 5 0 0 0 3 0 1
   3 5 4 2 5 2 5 4 4 4 3 0 5 2 1 0 4 3 1 5 2 0 2 1 4 3 0 1 2 1 2 2 3 3 2
   0 2 1 0 4 5 2 1 5 0 3 1 3 5 5 5 5 0 0 0 5 5 5 5 0 1 2 3 4 2 1 3 1 0 4
   3 4 3 2 3 3 0 2 4 2 4 0 0 5 3 0]
  [0 3 1 4 3 2 1 1 1 5 5 1 2 1 3 3 2 4 4 3 5 3 0 2 1 2 5 1 2 1 5 5 5 3 0
   3 1 5 4 4 4 4 0 0 3 2 3 5 3 5 5 2 0 5 4 2 0 2 4 0 4 3 3 0 0 1 0 1 4 5
   4 5 4 4 1 0 5 3 2 0 0 5 1 3 2 2 2 4 0 1 3 3 5 2 0 4 0 2 4 2 4 2 4 4 1
   5 0 4 5 1 4 2 5 4 1 4 4 0 0 3 3]
  [0 4 1 1 2 0 4 0 4 5 5 1 0 3 2 1 5 3 5 1 5 2 0 0 0 3 3 5 1 0 3 2 2 0 5
   2 1 4 3 5 5 1 3 2 2 3 3 1 3 4 1 5 4 0 5 3 3 1 1 4 5 3 4 2 0 5 0 0 0 1
   5 4 0 3 2 1 4 4 5 2 3 4 4 0 0 1 1 5 1 2 2 0 3 0 0 1 0 1 0 1 2 0 2 2 1
   4 3 4 3 1 0 2 0 3 1 4 4 3 0 1 3]
  [0 0 5 1 4 2 3 1 5 0 1 5 1 5 2 2 0 3 5 0 3 3 3 3 0 1 4 0 5 0 3 2 3 5 2
   2 5 0 5 3 5 1 4 1 4 4 4 1 3 3 2 0 2 1 4 0 2 4 5 0 2 2 3 4 5 5 1 2 4 3
   3 5 4 1 5 3 0 2 1 5 4 0 3 4 5 1 5 3 4 4 4 2 3 0 1 2 4 5 4 1 2 1 1 1 2
   0 2 1 2 5 3 4 4 4 1 3 3 2 3 0 3]
  [0 1 1 4 0 5 0 3 2 3 3 5 1 3 3 1 2 3 3 0 1 1 5 0 3 1 3 2 2 0 0 3 3 1 3
   1 2 1 2 4 5 0 1 3 5 2 5 3 1 4 2 2 1 4 1 5 2 1 2 3 2 2 0 0 0 0 3 3 5 3
   5 0 4 0 2 1 5 0 2 1 5 4 3 2 2 3 4 5 0 4 1 0 1 0 0 4 1 5 1 2 3 4 0 0 3
   1 2 1 0 5 2 4 2 3 3 3 2 4 3 1 0]]

 [[0 1 0 0 0 4 1 3 1 3 0 1 5 3 4 3 4 0 0 3 4 3 4 3 0 0 5 2 2 0 3 0 2 2 1
   1 1 4 4 2 2 4 2 5 5 2 4 2 5 1 5 2 2 3 3 1 0 5 5 0 1 1 3 4 2 2 4 1 0 1
   5 3 5 0 3 2 1 4 3 0 4 5 5 4 1 3 3 5 2 3 0 1 5 5 0 0 4 0 2 2 2 5 4 0 2
   2 1 0 2 0 4 4 5 5 2 4 1 5 3 4 3]
  [0 0 1 3 3 1 5 3 3 5 3 1 5 1 1 5 0 4 5 2 0 1 5 1 1 2 4 4 0 4 0 1 4 1 5
   5 2 3 1 3 0 0 0 5 4 4 2 4 0 4 3 0 0 3 4 4 2 5 1 3 2 0 3 4 0 2 1 3 4 3
   2 3 2 1 3 5 0 3 1 0 3 2 1 0 5 3 2 3 3 4 2 4 2 0 0 1 1 2 3 0 5 4 3 2 1
   5 1 5 0 1 1 3 3 2 4 4 5 3 4 3 4]
  [0 0 0 0 4 3 2 5 1 3 4 0 3 0 1 2 4 4 5 2 5 5 2 1 5 0 1 2 4 5 3 4 0 2 3
   0 5 1 3 4 3 5 3 3 1 2 3 2 3 4 4 0 0 1 1 0 2 3 5 2 1 2 0 3 5 4 2 5 0 0
   5 5 1 5 3 1 4 5 3 3 5 0 0 5 0 3 4 1 3 1 1 2 4 1 4 2 0 4 3 3 3 0 2 1 1
   0 1 4 0 1 4 1 3 1 1 3 1 4 0 5 0]
  [0 5 2 0 0 0 2 4 2 0 3 0 3 0 0 4 0 0 4 4 5 1 4 5 1 0 4 3 2 4 4 2 3 2 1
   5 2 5 1 2 3 3 3 4 3 4 5 3 4 3 1 0 5 2 2 0 5 0 0 4 5 3 2 4 2 0 1 1 0 5
   4 0 3 5 0 3 2 0 5 2 4 4 3 5 1 1 2 0 3 3 2 5 5 3 0 5 4 4 4 0 5 0 2 0 4
   5 1 5 5 5 5 2 1 2 0 3 5 3 3 0 5]
  [0 1 0 5 0 3 4 4 4 4 5 0 1 0 0 2 1 0 0 1 2 4 1 2 3 0 0 1 3 3 2 0 3 2 4
   3 1 1 5 5 3 2 2 1 3 2 5 5 1 0 3 3 0 3 2 5 5 5 2 2 5 2 1 5 4 1 2 4 3 2
   4 5 5 3 3 3 1 5 3 4 3 1 5 4 2 4 2 0 3 2 0 0 1 3 5 1 5 4 0 5 4 3 1 0 0
   1 1 3 5 1 5 5 4 5 0 3 1 0 4 4 3]
  [0 4 1 0 4 0 4 2 3 4 3 2 3 3 5 4 5 2 2 5 0 1 0 0 1 2 5 2 5 1 1 5 2 4 2
   3 4 4 5 2 1 4 1 3 0 3 0 1 5 4 2 1 4 3 1 1 5 2 4 3 3 3 3 3 5 3 1 5 5 4
   3 3 1 1 2 5 0 5 0 5 1 4 2 0 1 4 2 1 3 2 1 0 3 3 4 3 2 3 0 0 5 3 0 5 1
   0 3 5 3 2 4 4 4 1 3 3 3 4 0 4 3]
  [0 4 0 5 2 4 0 0 3 4 4 2 3 4 5 1 2 4 3 0 5 0 1 3 1 5 5 0 4 4 0 2 0 1 5
   5 4 2 1 0 0 4 2 3 4 4 1 2 4 5 3 4 5 2 1 3 0 3 0 3 5 2 2 1 3 4 2 1 5 4
   4 1 2 0 0 5 0 4 3 0 4 2 4 3 4 4 3 5 3 3 3 2 3 4 4 1 4 3 3 3 0 4 2 5 4
   4 3 5 1 0 5 3 5 5 1 0 3 5 5 2 5]
  [0 4 0 0 2 4 2 0 3 4 5 3 0 2 5 4 4 3 4 1 2 4 2 4 0 0 3 0 1 3 2 3 4 3 2
   2 4 4 5 1 1 0 0 0 5 1 4 1 1 5 4 0 2 0 2 0 3 1 4 5 3 3 3 5 2 3 0 1 3 1
   0 4 2 1 4 2 2 3 4 4 5 1 1 3 5 1 0 1 5 2 0 1 4 0 5 5 5 3 5 1 3 3 4 0 3
   0 4 1 5 3 4 5 2 1 4 3 5 2 4 0 1]
  [0 5 0 2 0 0 4 0 0 0 2 1 2 5 1 3 1 0 2 3 1 1 3 1 5 2 1 1 4 0 4 3 3 2 0
   3 4 3 3 3 4 1 3 5 2 3 1 4 2 3 3 5 0 0 5 4 5 1 5 1 3 0 1 1 2 3 3 4 5 0
   4 5 5 3 3 0 4 3 1 0 2 3 0 0 1 2 3 2 5 0 4 4 2 3 3 4 0 5 0 1 0 4 0 5 4
   1 3 2 1 0 5 5 4 0 1 0 4 2 1 3 4]
  [0 5 5 0 3 5 2 4 5 0 5 1 0 0 2 3 3 5 3 1 1 4 0 1 3 4 4 3 0 1 2 2 2 1 0
   1 1 5 4 1 2 1 4 1 3 1 3 4 4 1 5 0 4 3 2 3 2 3 2 4 0 3 2 5 0 2 3 2 0 1
   5 4 5 3 0 3 4 2 1 3 3 2 2 0 0 1 3 0 5 4 4 4 2 3 3 2 5 4 1 2 4 4 4 4 1
   2 1 1 1 1 5 0 4 2 1 4 0 5 5 0 0]
  [0 3 2 1 0 0 4 3 2 5 0 1 4 2 0 2 2 4 5 1 4 1 3 0 5 1 3 2 3 3 1 0 2 1 0
   4 0 4 3 5 0 4 1 0 5 1 3 2 1 4 4 2 4 3 5 2 4 1 4 0 2 5 0 3 1 2 0 4 1 1
   4 5 0 1 5 0 0 0 0 4 5 1 5 5 1 2 4 2 2 5 0 3 5 3 0 0 4 5 5 1 5 4 1 3 1
   1 0 3 1 4 4 5 5 4 1 1 4 1 2 1 2]
  [0 4 5 0 1 5 5 1 2 5 0 0 0 3 4 1 5 4 0 3 0 5 4 5 5 4 5 4 4 0 5 5 1 2 0
   0 4 1 2 4 5 4 5 1 4 1 3 2 3 4 2 1 3 4 2 2 4 0 0 2 0 3 1 1 5 5 5 3 4 3
   3 1 0 5 2 0 3 4 1 3 2 0 4 0 1 3 3 2 3 3 3 4 5 5 1 2 0 0 3 1 0 1 1 2 1
   2 5 4 2 4 5 4 4 3 0 1 2 0 0 1 4]
  [0 4 1 3 5 1 1 4 2 4 4 3 0 2 2 5 0 1 4 4 2 0 4 0 3 0 1 1 4 3 3 5 3 5 0
   2 3 5 4 1 5 0 1 1 4 4 4 1 4 4 4 4 1 4 1 5 5 1 3 4 1 5 4 0 0 4 0 3 1 3
   3 1 0 5 3 0 0 5 1 4 2 2 3 0 1 0 1 3 5 5 0 0 5 4 0 0 5 1 5 0 2 5 0 2 4
   1 4 1 5 3 2 1 5 2 5 0 1 3 4 4 4]
  [0 5 2 4 1 4 1 4 0 2 1 2 0 0 2 4 3 4 2 4 1 3 2 2 0 0 2 4 2 2 1 4 4 1 0
   4 3 3 2 3 5 4 4 5 0 2 5 1 0 1 3 2 2 3 0 4 5 0 0 3 1 5 0 1 5 2 4 5 3 5
   4 5 2 2 0 3 1 5 2 0 5 3 5 4 1 1 2 2 2 2 1 0 4 2 2 0 3 1 2 0 3 5 5 4 0
   3 3 4 4 0 1 0 2 3 1 5 0 0 3 1 4]
  [0 3 0 4 4 5 2 2 1 4 5 0 4 0 0 1 5 2 2 4 3 1 5 5 5 3 5 1 5 5 1 4 4 5 2
   5 5 5 5 5 3 5 4 1 3 4 5 5 4 5 1 3 1 2 3 3 0 2 4 3 5 5 2 3 1 3 3 5 2 3
   4 4 5 4 3 1 5 0 2 2 5 4 5 4 0 0 3 5 4 4 1 0 1 1 4 0 1 4 5 2 4 3 1 3 0
   3 5 1 4 2 2 4 5 2 4 4 2 1 2 5 0]
  [0 3 5 0 1 1 3 0 2 1 5 1 5 2 0 0 1 5 2 1 4 0 0 1 2 1 2 0 3 2 0 0 2 0 2
   3 0 5 2 4 1 1 3 5 2 4 4 2 4 3 5 1 3 1 3 4 0 4 5 3 0 4 5 1 1 1 4 2 4 4
   1 4 4 1 3 0 0 0 4 4 4 3 3 0 0 1 2 1 2 2 5 5 1 5 5 0 5 3 4 0 2 1 3 4 1
   3 1 0 5 0 4 5 2 0 4 0 1 5 4 5 3]
  [0 5 5 4 3 1 3 1 1 3 5 4 3 3 5 2 0 2 2 2 1 2 0 5 0 4 0 5 1 4 2 4 2 3 0
   2 0 4 3 3 3 5 2 3 0 0 5 4 0 2 2 3 4 0 3 0 3 5 5 1 3 0 0 4 0 0 4 5 1 5
   1 4 2 3 4 0 2 0 3 3 0 2 0 2 0 0 5 1 3 2 5 0 3 2 1 5 0 1 1 3 5 0 0 0 5
   1 2 3 1 5 2 2 5 3 3 3 1 0 1 1 0]
  [0 0 0 0 4 2 5 5 2 5 0 3 1 3 5 1 5 0 5 1 5 1 5 3 1 5 2 5 5 2 1 4 5 1 2
   5 3 5 2 5 2 0 3 4 3 2 2 5 2 3 3 4 3 5 4 5 1 3 1 3 1 3 2 1 0 5 3 0 1 3
   4 1 1 3 3 2 0 5 5 5 3 1 3 5 5 2 3 1 3 3 1 3 5 5 1 3 5 5 5 3 1 2 1 5 0
   5 1 3 2 1 1 0 0 3 1 1 4 4 2 4 0]
  [0 2 1 0 5 5 4 5 2 1 0 4 4 5 1 2 2 3 0 5 2 5 4 0 4 5 3 0 2 2 4 0 0 0 1
   0 0 1 3 2 2 3 1 1 3 2 1 2 5 1 2 5 5 1 3 0 4 5 4 3 3 0 3 3 4 1 4 5 4 5
   2 5 5 3 3 0 1 2 0 4 1 5 2 1 2 4 2 2 3 0 0 4 2 0 3 1 1 2 4 2 1 0 2 5 2
   2 0 5 0 4 2 4 4 5 5 0 1 3 4 4 5]
  [0 0 3 4 4 4 1 3 5 2 2 0 3 5 2 4 3 3 3 0 3 0 5 5 4 0 1 1 3 0 5 3 1 2 1
   0 1 1 1 5 4 3 4 0 3 4 2 0 1 3 4 5 1 1 3 4 4 4 3 1 4 1 0 1 2 3 2 0 1 5
   2 3 2 2 5 2 1 3 3 0 5 1 2 4 5 1 2 0 4 3 2 3 5 4 3 4 5 2 2 5 4 3 3 5 5
   5 4 1 0 5 5 2 1 2 0 5 1 0 2 0 4]
  [0 0 1 4 5 1 2 3 0 4 0 1 3 4 5 0 2 4 3 0 0 2 0 5 0 2 4 2 0 3 0 4 0 5 2
   4 4 1 3 3 1 0 3 0 1 4 1 4 0 4 2 5 0 2 2 3 1 4 1 4 5 4 4 5 2 5 3 1 3 2
   4 0 1 4 5 3 5 0 5 3 1 0 0 5 4 0 1 4 4 0 4 0 0 0 3 1 2 5 3 3 2 4 1 4 0
   1 5 2 1 4 1 5 3 3 0 1 0 3 4 0 1]
  [0 4 4 0 3 2 1 5 0 5 4 5 5 1 1 5 3 1 1 0 3 0 5 3 4 1 5 3 2 2 2 3 3 3 0
   2 1 4 3 3 2 5 3 3 0 0 5 2 1 0 1 0 0 0 3 5 2 0 5 4 2 1 2 5 2 2 1 2 5 1
   0 3 4 4 0 1 4 2 1 5 3 3 0 1 3 3 3 1 0 1 2 1 0 5 5 2 1 4 3 4 3 4 1 0 4
   3 4 5 0 2 4 1 4 0 4 3 5 0 5 0 3]
  [0 4 5 5 4 3 5 2 2 4 3 5 4 2 2 0 0 0 3 3 1 0 0 5 5 3 2 4 5 1 2 4 2 0 0
   0 4 5 0 2 1 2 3 2 0 2 3 0 5 4 2 5 5 2 4 0 3 0 3 4 5 0 1 3 0 4 3 1 1 3
   1 4 2 5 1 0 5 4 2 5 0 1 2 4 0 5 1 1 0 5 4 4 1 2 0 3 5 2 0 4 1 2 4 0 5
   5 4 3 3 2 0 3 3 3 3 0 1 2 1 1 5]
  [0 5 5 3 5 1 0 4 5 5 1 2 0 0 2 1 3 1 3 4 5 2 5 0 5 0 2 2 5 5 1 0 4 0 4
   5 5 2 4 3 1 3 2 0 2 5 4 3 3 0 1 3 4 4 1 2 0 5 5 4 0 0 0 2 0 1 5 1 3 1
   5 0 2 4 3 3 3 1 5 0 3 4 3 1 3 4 4 1 5 1 5 3 4 1 1 1 2 1 3 3 2 2 3 2 4
   0 3 0 1 2 0 0 3 3 1 1 3 3 4 4 5]
  [0 1 5 3 3 1 5 5 1 2 5 0 5 1 3 5 5 1 5 3 4 3 5 0 0 3 5 3 0 1 3 3 0 1 5
   1 2 4 0 4 0 3 5 4 2 4 0 1 5 1 2 1 1 0 5 5 5 3 0 5 0 5 4 0 3 4 3 2 5 5
   2 5 2 3 5 1 2 4 4 0 3 0 1 4 0 0 5 2 2 0 1 5 2 0 5 3 3 4 2 0 1 4 1 3 3
   1 3 0 4 1 1 0 1 3 1 2 0 2 5 3 0]
  [0 1 2 4 5 4 1 0 2 0 5 0 4 3 1 2 0 3 5 0 0 3 1 2 0 0 2 0 0 2 5 0 5 0 3
   5 2 1 4 0 0 3 4 1 4 2 3 3 1 0 5 0 1 1 4 5 0 3 3 5 2 2 5 2 1 4 0 1 0 1
   2 0 4 5 5 3 4 3 2 4 3 4 0 3 0 5 5 1 3 2 1 3 0 1 4 4 2 5 3 3 4 1 0 2 5
   1 3 0 2 5 4 1 4 4 1 1 3 4 5 3 0]
  [0 0 4 0 2 4 2 3 2 1 0 1 3 5 5 3 0 3 2 2 3 0 1 1 5 0 0 2 3 1 4 5 3 2 1
   5 1 2 0 1 0 5 3 5 4 3 0 4 0 5 1 0 1 2 4 5 1 3 1 4 0 4 5 0 0 5 4 3 5 2
   2 5 3 4 0 5 0 4 1 1 0 4 0 3 2 0 1 2 2 1 3 4 3 4 2 1 3 5 3 2 1 4 4 3 1
   1 4 4 4 3 2 2 5 0 5 3 5 5 4 4 4]
  [0 3 5 4 5 5 3 2 0 5 2 2 5 4 2 2 4 5 0 3 5 4 1 1 1 3 5 0 5 0 3 1 0 4 5
   3 5 2 4 4 5 5 4 0 4 4 2 4 3 1 2 1 0 0 1 4 0 2 4 2 3 1 4 5 1 5 1 0 4 2
   3 2 1 5 2 3 4 2 4 1 3 2 1 0 3 3 0 5 0 1 2 3 0 4 5 1 2 0 3 3 3 3 3 2 2
   1 1 2 0 2 1 4 1 3 4 1 2 0 5 3 3]
  [0 0 4 2 4 1 3 2 2 1 3 1 1 4 3 2 4 5 1 1 4 0 3 1 3 1 2 4 0 5 0 4 3 2 1
   0 0 1 1 1 4 2 2 3 4 5 3 0 1 3 1 4 3 1 0 3 5 4 2 5 0 3 1 1 0 2 1 3 2 1
   2 4 3 4 2 3 4 1 1 2 3 0 2 0 4 4 5 0 4 0 4 1 0 5 0 5 2 5 1 2 5 5 3 4 2
   2 2 2 0 5 0 2 1 4 0 3 5 4 1 2 2]
  [0 4 2 0 2 1 1 3 4 3 5 3 1 0 0 2 5 4 2 3 5 1 3 5 5 2 1 5 2 0 5 4 3 2 2
   5 4 1 5 5 0 5 1 4 3 4 5 3 0 3 1 3 3 4 4 1 2 2 4 4 5 4 0 2 2 2 5 5 3 2
   0 3 5 3 3 0 3 1 0 0 1 4 1 1 3 2 3 1 1 1 4 1 1 3 4 5 1 1 5 1 0 5 1 1 0
   4 4 1 4 0 5 4 1 2 0 1 5 5 2 5 5]
  [0 5 4 5 0 1 2 0 4 2 1 4 1 5 3 1 5 3 5 0 4 1 2 0 1 0 1 5 5 5 0 0 0 3 0
   4 5 4 3 5 4 1 3 1 4 0 4 5 5 1 4 5 0 5 2 4 2 5 0 0 4 5 3 2 5 5 3 3 5 0
   5 2 2 5 5 3 3 0 0 2 2 3 4 2 2 3 2 0 2 5 1 1 2 4 1 2 0 2 0 1 0 2 3 5 3
   0 3 3 3 5 5 1 4 4 5 1 0 3 5 4 2]
  [0 0 5 3 5 5 5 4 5 4 2 4 2 4 0 3 1 3 3 0 0 3 2 5 2 2 2 4 2 0 3 0 0 5 0
   2 4 4 4 4 1 4 5 2 1 4 1 4 3 1 1 4 1 3 4 3 3 4 3 4 5 4 2 2 3 4 2 4 5 5
   1 2 3 3 2 2 1 3 4 3 2 1 0 2 4 2 1 0 1 1 1 5 5 2 0 5 4 0 0 0 3 4 3 5 2
   2 5 2 1 3 3 5 1 2 3 0 1 3 4 1 3]
  [0 3 3 0 2 5 2 4 1 2 1 4 0 4 3 1 4 1 5 3 1 5 2 4 3 0 4 3 0 1 2 1 0 3 0
   5 0 1 4 0 1 2 1 0 2 1 3 3 1 0 0 0 4 2 1 5 4 5 2 1 4 5 4 4 1 0 3 1 4 4
   2 5 1 2 3 5 5 2 2 1 2 5 1 2 1 1 0 1 3 4 5 2 4 3 4 1 0 2 3 3 0 3 4 1 1
   3 1 3 0 4 4 0 0 3 4 4 0 1 3 3 1]
  [0 3 3 4 1 4 4 3 1 2 1 4 4 5 3 4 4 5 1 3 0 5 0 4 2 2 2 2 0 0 4 0 3 0 1
   3 4 2 3 5 5 5 1 1 0 2 3 2 4 4 1 2 2 5 0 0 2 1 5 3 5 4 5 1 1 0 0 1 4 5
   3 2 2 0 1 0 2 3 0 0 2 2 4 1 4 5 4 0 0 2 3 0 5 0 0 2 3 1 4 2 4 5 1 2 5
   5 2 2 3 0 0 0 0 5 1 4 0 1 3 1 0]
  [0 5 5 5 3 2 4 3 1 3 3 4 4 2 2 4 1 0 3 4 4 3 1 0 1 2 1 3 3 4 1 5 2 4 0
   2 5 1 3 2 2 3 1 0 0 5 3 0 2 0 4 4 5 2 4 5 3 4 0 5 0 2 3 5 1 2 4 3 1 3
   3 2 3 3 2 5 2 0 5 2 0 0 3 1 3 1 4 5 1 2 3 3 5 1 0 4 5 0 0 1 4 4 3 1 5
   5 4 2 5 3 0 0 0 5 5 0 4 5 5 0 5]
  [0 3 3 0 4 1 2 2 0 1 0 1 0 4 5 5 5 5 1 1 4 1 2 3 3 5 4 5 0 3 5 1 4 1 3
   0 0 5 4 3 3 1 2 2 0 2 5 3 5 1 0 5 4 2 4 0 4 1 2 4 0 2 2 0 5 0 1 3 2 0
   4 2 2 3 4 3 0 1 3 5 1 1 2 5 1 2 0 1 0 3 4 2 3 3 2 3 3 2 3 2 1 4 3 1 0
   0 3 2 1 4 0 4 4 4 4 2 2 1 3 5 1]
  [0 0 3 0 4 4 1 0 0 1 0 0 0 3 1 2 4 4 2 0 2 2 0 0 0 5 5 3 3 4 2 0 1 4 0
   1 0 3 3 5 4 0 4 3 2 4 1 4 5 1 0 3 2 5 1 3 0 0 2 1 2 1 4 1 3 5 3 4 1 4
   1 1 2 2 3 0 5 3 0 0 5 5 2 3 2 0 2 4 2 0 2 1 4 5 2 2 2 1 3 3 1 4 4 4 0
   3 2 1 1 0 5 5 1 2 4 1 4 5 3 5 1]
  [0 3 3 3 1 4 4 1 4 5 1 1 1 3 4 4 3 4 5 3 3 2 4 2 0 5 0 0 5 2 5 0 5 0 5
   1 0 0 3 3 1 4 0 0 1 1 3 2 4 3 1 0 2 5 5 1 5 4 2 2 5 5 5 0 2 2 4 0 3 4
   3 3 2 4 5 3 0 4 2 5 2 5 2 1 2 2 3 5 0 0 3 1 1 2 2 5 4 0 2 4 4 4 2 5 4
   1 2 4 2 1 2 0 4 2 0 1 4 4 0 3 1]
  [0 5 0 4 1 5 2 4 5 0 2 1 0 3 2 3 0 4 1 1 2 1 0 1 4 5 4 2 0 1 4 5 5 4 3
   2 0 3 0 1 2 5 5 4 1 0 0 0 3 5 3 5 1 0 0 3 5 4 1 3 5 3 4 0 3 0 0 0 4 3
   2 0 1 4 3 5 4 3 3 4 2 3 3 5 0 3 0 5 5 4 4 1 1 3 3 3 0 0 1 5 5 5 0 5 3
   5 4 1 3 2 5 0 4 2 2 4 1 2 1 3 1]
  [0 4 4 4 0 3 5 3 3 1 5 4 2 0 3 1 3 4 0 4 1 4 2 2 1 0 4 2 4 2 0 5 0 3 3
   3 4 3 3 0 4 0 3 5 4 3 5 1 2 0 3 0 5 4 3 0 0 0 0 3 5 2 1 4 0 2 5 4 5 4
   0 5 1 3 3 2 0 5 5 3 2 4 1 4 5 5 2 5 4 4 0 1 0 2 1 3 0 4 1 5 4 2 1 2 3
   5 5 0 5 0 3 3 1 0 2 3 4 4 0 5 2]
  [0 1 5 4 0 1 4 4 1 1 2 4 3 0 1 2 2 3 4 1 5 4 1 2 4 5 3 1 5 5 4 0 4 3 1
   1 0 4 0 2 0 5 4 3 2 0 5 3 2 3 0 2 4 3 3 5 3 0 5 2 0 3 0 4 2 2 1 3 5 1
   3 1 3 2 4 4 5 3 1 5 3 0 0 3 0 5 3 3 1 1 2 3 5 2 2 1 2 5 2 3 5 2 2 1 2
   2 3 3 0 5 4 2 3 5 0 2 5 5 0 5 4]
  [0 0 5 4 4 1 5 0 3 2 2 1 0 0 3 3 5 2 5 2 5 2 5 5 1 3 1 3 5 4 2 0 2 2 1
   3 3 5 3 2 5 0 0 4 2 5 1 1 4 3 3 3 4 4 0 3 3 2 5 0 0 5 0 0 4 0 0 1 2 1
   2 2 1 3 1 1 3 3 5 3 1 2 4 0 1 1 1 4 3 2 5 3 5 1 2 3 5 2 2 5 0 4 1 4 4
   3 4 3 0 3 3 1 5 1 3 3 3 1 3 2 3]
  [0 2 5 0 5 4 4 5 4 1 2 1 2 4 2 3 0 1 5 3 4 3 3 0 1 3 2 2 3 4 1 4 1 3 3
   0 0 2 1 2 5 3 0 3 3 5 1 3 2 4 5 0 5 3 5 2 5 5 2 0 0 4 2 4 2 2 4 3 1 1
   4 3 0 0 5 2 5 4 4 2 4 3 3 0 4 0 5 2 2 0 1 4 1 2 1 5 1 2 4 3 3 0 4 0 3
   4 3 0 4 5 3 0 4 3 4 2 4 3 4 4 2]
  [0 4 4 3 4 1 1 4 0 1 0 4 0 4 3 4 1 1 4 2 2 4 3 2 4 0 5 0 1 0 4 1 3 4 0
   2 1 2 0 0 4 4 4 0 1 0 0 4 5 2 3 2 5 0 0 0 0 3 3 0 5 1 2 4 0 0 3 1 5 1
   4 2 4 1 5 1 0 5 2 0 1 0 4 2 4 1 4 5 4 0 2 4 1 1 2 4 2 4 5 2 1 5 4 4 0
   4 5 2 0 5 2 1 5 1 3 2 5 1 1 1 1]
  [0 0 2 4 3 0 1 2 3 2 2 4 3 5 0 4 5 4 2 5 0 2 3 0 3 5 3 3 4 0 5 1 0 4 3
   4 0 1 2 0 2 1 1 2 0 0 2 5 2 1 0 1 5 2 4 2 1 4 2 0 0 4 2 3 0 2 5 5 2 5
   5 0 4 4 5 1 0 4 5 1 3 0 1 1 4 2 4 5 4 3 3 0 5 1 5 4 1 5 4 0 2 5 4 2 3
   1 1 1 3 5 2 3 5 3 4 0 0 4 3 3 5]
  [0 4 5 1 0 2 3 4 3 2 5 3 2 4 3 1 5 4 4 5 4 3 1 2 3 5 1 3 5 2 3 3 4 2 1
   0 2 2 2 1 0 0 3 1 4 0 1 4 4 2 4 1 5 5 4 4 4 4 0 5 5 0 0 2 1 4 2 4 3 0
   4 0 1 3 2 5 0 3 5 3 4 3 4 0 1 3 4 4 1 1 1 1 4 2 5 2 2 3 2 4 4 4 5 1 5
   4 5 3 2 3 4 5 3 2 2 1 3 0 0 1 2]
  [0 0 4 0 4 3 0 0 0 1 1 5 5 2 3 4 0 1 3 4 2 5 5 1 3 0 4 1 5 4 3 1 3 0 3
   2 1 3 3 2 2 1 5 3 5 0 0 5 3 3 5 3 4 3 5 0 2 1 4 4 4 0 4 4 1 0 0 2 0 5
   2 5 3 5 1 3 4 2 5 5 3 2 1 4 3 5 4 4 0 2 1 3 4 3 4 0 2 3 5 1 2 0 4 4 0
   4 4 0 2 0 5 2 4 1 5 4 1 0 4 5 4]
  [0 5 4 4 0 5 1 2 3 1 4 3 5 3 3 0 4 0 1 3 1 5 0 5 5 0 2 2 0 1 3 0 2 2 0
   1 3 4 3 3 4 0 3 0 2 3 1 0 1 1 3 1 5 4 2 4 4 1 4 5 1 4 3 1 5 3 1 1 4 4
   3 4 1 0 4 1 2 3 0 4 0 1 0 0 3 5 2 0 4 5 5 5 1 2 2 1 0 1 3 2 4 4 5 5 5
   2 1 1 4 1 3 1 2 0 3 1 4 5 3 3 3]
  [0 4 3 3 2 0 0 0 4 0 3 2 1 1 4 2 3 0 2 0 2 2 0 5 5 2 0 3 1 3 2 5 1 2 2
   3 4 5 1 2 5 4 2 1 3 1 0 1 0 4 0 3 5 5 3 0 5 5 5 5 2 3 3 3 4 2 0 5 4 3
   2 3 1 1 5 0 4 2 5 0 0 1 5 0 1 5 2 5 0 5 4 5 0 5 2 3 0 5 3 1 3 3 1 2 4
   4 0 2 4 3 0 2 0 1 2 2 1 0 5 4 4]
  [0 3 1 3 0 1 3 3 3 5 1 0 4 3 4 2 2 3 5 3 4 0 4 5 1 0 2 4 2 1 4 3 3 5 2
   2 2 4 1 5 1 0 4 0 5 2 0 0 0 0 0 5 4 0 3 3 2 0 4 2 1 3 1 2 3 3 1 4 3 5
   0 2 2 2 3 4 0 5 1 3 0 0 4 5 2 0 2 5 2 0 3 1 0 4 5 0 0 1 0 0 5 3 4 1 4
   0 4 1 2 2 2 1 3 1 5 5 0 0 1 4 3]
  [0 5 3 1 1 1 4 1 1 3 1 3 2 2 1 0 0 4 4 0 2 3 5 0 5 3 1 2 2 2 1 2 2 0 0
   1 2 2 5 2 5 4 5 1 0 3 1 4 2 5 0 0 2 5 0 2 4 3 1 1 2 2 3 4 4 4 4 4 3 5
   4 0 5 5 0 0 5 1 4 5 1 4 4 5 1 0 4 3 0 1 1 1 3 5 2 3 3 2 4 3 4 2 3 4 3
   4 5 2 0 3 1 4 5 1 4 4 0 1 2 2 4]
  [0 5 0 5 5 4 0 2 0 4 5 3 0 5 2 5 1 2 4 0 1 3 3 1 0 5 2 2 2 5 2 0 3 0 3
   3 3 0 0 0 1 5 3 1 0 3 2 4 2 0 1 0 4 5 4 1 1 1 1 4 5 5 1 4 3 4 2 4 0 0
   1 4 5 5 1 1 0 3 4 2 1 3 3 0 3 4 3 2 2 3 5 4 3 2 0 3 5 2 2 2 5 3 4 4 0
   4 0 1 4 4 4 1 4 0 3 5 1 3 1 2 3]
  [0 2 0 0 2 4 5 0 4 3 4 5 5 2 2 3 5 4 5 0 2 1 5 2 4 0 4 0 3 0 2 2 4 5 3
   2 5 5 1 4 4 3 2 3 1 1 4 5 5 4 4 0 0 0 3 3 0 5 5 3 3 0 1 5 5 1 4 4 3 1
   5 4 5 0 2 2 1 3 1 5 1 0 3 1 5 2 1 4 4 4 2 2 4 3 0 1 4 4 3 4 3 5 5 3 2
   4 1 1 0 1 3 1 5 5 1 3 3 4 1 1 1]
  [0 0 3 3 0 1 5 2 0 2 1 1 4 4 4 5 3 5 2 1 4 2 1 5 1 0 0 4 3 0 2 0 0 4 0
   0 5 5 4 5 4 3 4 2 3 0 1 1 5 3 5 1 4 0 5 1 1 0 3 1 2 2 4 2 2 3 5 5 2 2
   0 4 2 5 1 4 1 0 5 4 3 3 5 0 1 4 2 1 4 2 3 5 3 0 5 3 3 1 3 2 0 5 1 2 3
   3 0 0 2 2 0 4 0 1 3 1 4 1 3 2 5]
  [0 3 5 0 0 5 5 1 2 1 2 5 3 2 5 4 0 0 2 4 4 1 0 1 1 1 3 0 3 1 2 0 5 4 5
   2 3 3 3 5 2 2 5 1 4 5 3 0 3 4 0 3 4 4 0 0 2 2 4 1 5 1 3 4 4 3 0 1 4 0
   5 1 4 2 1 2 2 5 3 2 3 5 0 2 2 5 2 4 1 0 1 4 4 2 0 4 4 1 0 4 3 5 1 0 5
   3 0 1 3 3 1 4 5 2 5 3 3 0 2 0 2]
  [0 4 0 5 4 3 3 0 0 1 3 1 4 0 3 5 0 1 3 0 0 3 3 5 4 1 2 2 1 0 1 0 3 4 5
   4 3 2 1 3 4 2 5 2 3 5 2 3 1 0 0 4 2 2 5 0 4 1 2 4 2 4 4 1 0 5 3 0 5 3
   2 1 1 5 5 0 5 2 2 0 3 4 2 1 4 0 0 3 2 1 1 4 0 4 5 5 2 2 2 0 4 0 5 5 3
   0 2 4 5 3 3 0 3 4 2 3 2 0 5 4 2]
  [0 3 0 1 0 3 1 1 0 3 0 4 2 0 2 3 0 5 2 4 1 3 4 5 2 2 5 2 1 4 2 4 3 4 2
   2 1 5 3 0 5 1 1 1 0 3 2 3 5 3 2 3 4 1 3 4 0 3 1 0 3 4 3 2 0 3 4 1 3 1
   4 5 4 2 5 4 0 3 3 4 2 1 4 2 1 4 3 0 3 5 3 4 1 3 0 3 3 3 1 5 3 4 5 5 3
   0 2 2 5 4 5 0 1 5 1 1 3 4 1 1 0]
  [0 1 0 3 3 4 2 2 5 1 2 5 3 5 5 5 0 1 5 4 0 5 1 1 3 3 3 4 3 0 0 2 3 2 0
   1 4 2 5 1 2 2 1 0 0 5 5 3 3 4 5 4 2 5 3 5 0 0 1 0 4 5 5 5 2 0 5 4 2 3
   5 5 4 4 2 1 5 2 5 5 0 0 1 2 3 5 3 5 3 0 4 5 1 2 0 0 1 5 1 5 1 3 3 3 4
   4 0 3 1 2 2 5 0 5 4 0 4 4 2 4 0]
  [0 0 3 1 3 0 2 5 0 1 5 1 1 4 3 2 0 2 2 2 0 3 5 0 0 5 4 2 5 0 4 5 4 4 0
   3 4 4 0 5 5 1 4 1 1 5 5 1 2 3 1 4 4 4 4 4 5 5 0 2 0 3 3 2 0 3 0 3 2 3
   3 4 3 1 1 2 1 3 2 5 4 5 0 0 2 1 1 1 5 2 0 2 1 2 4 2 3 4 2 4 1 3 4 1 5
   3 1 4 4 2 0 2 0 4 4 3 0 1 3 1 0]
  [0 3 2 2 1 0 0 5 3 5 2 1 0 4 2 5 2 3 1 1 0 2 5 4 2 4 3 4 2 0 0 3 5 5 1
   3 3 0 3 5 3 0 3 2 5 3 2 1 2 0 5 2 1 1 4 4 3 2 5 0 3 0 2 5 1 3 3 4 0 5
   5 1 3 3 1 4 3 1 2 4 4 4 1 2 4 4 4 2 5 0 4 1 5 4 5 1 4 3 2 3 2 4 3 3 3
   5 0 5 2 2 0 4 5 5 5 2 3 2 0 1 0]
  [0 3 4 1 3 3 5 2 5 3 2 0 3 5 3 3 5 1 3 1 3 5 0 3 2 4 5 4 1 4 1 3 2 2 2
   2 0 1 1 2 0 4 0 4 3 5 2 0 0 5 5 3 3 3 0 0 5 0 3 0 0 1 0 1 5 4 4 2 5 3
   0 1 2 4 1 5 3 5 2 4 5 4 0 0 3 3 4 0 3 4 3 5 2 1 1 0 4 5 1 2 4 2 2 4 1
   5 1 3 3 4 3 0 1 5 2 2 1 1 0 2 1]
  [0 0 3 2 1 5 4 1 3 4 5 0 1 1 5 4 2 5 2 0 0 3 3 5 0 1 2 3 0 3 2 5 0 1 5
   2 5 0 1 4 0 2 3 0 0 0 1 0 1 0 1 0 5 4 4 1 5 0 5 5 5 0 2 0 4 4 5 1 5 0
   4 3 4 2 1 5 2 4 0 3 3 4 0 2 1 5 1 2 5 4 3 2 4 0 4 3 5 4 1 3 1 0 0 3 1
   0 5 5 5 4 0 2 0 2 2 2 2 4 1 1 2]
  [0 4 1 5 0 2 1 0 0 4 1 5 5 4 4 1 3 2 1 2 1 2 0 1 4 3 2 0 2 0 1 4 3 0 0
   3 2 3 3 4 1 1 5 1 4 0 3 1 0 4 4 2 3 1 4 5 0 1 0 1 5 4 0 4 0 4 3 1 0 1
   5 1 2 0 2 1 5 1 0 2 2 1 2 0 2 1 5 5 4 3 5 0 2 3 1 0 0 0 0 1 0 3 1 4 2
   0 5 1 0 3 4 3 4 0 1 3 0 5 1 5 5]
  [0 4 2 1 0 3 1 2 4 0 2 2 5 0 0 5 2 5 1 5 2 2 5 4 5 0 3 5 2 0 0 5 2 1 2
   4 1 3 5 3 0 4 0 2 5 2 0 5 1 4 2 4 0 3 2 4 0 5 1 1 2 5 0 0 5 1 3 5 5 2
   5 3 5 2 3 1 5 1 5 5 1 3 0 4 3 4 3 1 5 3 3 1 4 2 1 5 2 4 5 3 3 1 5 0 2
   1 0 5 1 1 3 3 3 2 1 3 2 3 4 5 1]
  [0 2 3 2 4 4 5 0 0 2 4 2 3 3 1 3 1 0 4 1 3 0 5 4 3 3 4 4 2 0 0 2 2 4 3
   2 4 2 3 4 5 4 5 2 2 5 3 5 2 2 4 3 3 4 4 3 4 3 4 0 4 3 2 5 0 1 4 4 4 4
   1 4 3 3 1 4 2 2 5 1 1 2 0 3 0 4 5 3 4 4 0 5 2 3 2 4 2 4 2 4 5 4 2 1 1
   0 2 5 2 0 4 0 3 3 3 2 4 4 5 2 1]
  [0 5 0 2 1 4 5 2 1 1 0 4 2 4 2 1 0 5 0 0 5 4 3 4 5 5 2 1 5 0 2 2 3 1 5
   2 2 1 0 4 0 2 4 4 2 1 4 1 4 4 2 4 0 0 5 2 0 5 5 4 2 5 1 5 0 0 0 1 1 1
   5 2 2 2 4 1 4 1 2 4 2 4 2 0 2 1 1 2 1 4 1 0 4 5 0 5 4 2 5 0 4 2 0 5 4
   2 2 5 3 3 4 2 5 5 2 4 4 3 5 3 4]
  [0 5 3 1 1 4 1 0 4 3 2 3 3 4 3 4 2 3 4 5 3 3 4 4 4 4 1 1 1 1 5 0 0 5 2
   0 4 0 5 1 0 2 3 1 1 2 2 4 2 5 1 2 5 3 2 2 2 5 0 2 0 3 5 0 5 2 0 4 1 1
   4 4 3 2 0 3 5 4 3 4 3 3 3 5 5 4 5 4 0 4 0 5 2 3 0 5 1 0 5 4 3 4 2 2 2
   5 4 3 1 4 0 4 5 3 4 1 5 5 0 1 0]
  [0 1 5 3 3 4 2 4 4 4 0 4 4 4 1 5 5 0 0 1 4 5 4 4 5 4 1 5 0 0 3 1 4 1 1
   4 1 4 2 4 0 2 2 5 2 3 3 4 2 0 1 0 1 3 3 0 4 0 3 4 3 3 5 5 3 5 1 0 1 4
   5 4 5 2 3 2 1 4 5 4 5 5 0 1 0 1 0 2 1 5 1 2 3 4 5 1 5 3 0 3 4 1 3 4 4
   3 3 3 3 2 0 4 5 0 5 4 1 2 0 5 2]
  [0 1 1 4 3 2 0 1 5 0 3 1 5 3 3 4 2 0 3 3 2 5 0 4 2 4 1 5 3 5 4 5 3 4 0
   5 4 2 1 0 3 1 3 4 2 4 3 1 0 0 1 0 3 4 1 2 0 0 2 3 0 3 3 0 4 2 0 1 0 5
   0 3 1 1 2 3 2 1 0 1 5 3 1 0 2 4 3 4 3 3 4 1 4 3 2 0 0 0 1 4 5 0 2 1 3
   5 5 2 1 1 4 5 0 5 5 5 0 0 3 2 4]
  [0 5 4 4 2 2 1 1 2 2 3 4 5 0 5 2 3 1 0 0 4 0 1 1 5 3 1 4 0 3 4 0 3 1 2
   2 4 5 1 4 0 1 0 0 2 1 2 2 3 1 4 2 0 2 2 5 1 2 2 1 4 0 2 3 2 0 2 0 4 0
   5 0 1 5 1 3 0 1 3 5 1 3 1 5 5 0 4 2 3 5 2 2 4 2 5 2 3 0 4 2 0 1 3 0 2
   1 1 3 2 0 5 5 3 4 0 1 3 0 5 3 2]
  [0 1 5 5 3 1 4 1 2 2 5 1 2 5 4 0 5 0 1 1 1 2 5 0 0 2 3 2 0 4 3 5 4 0 4
   4 3 1 1 1 3 4 2 2 2 1 2 5 4 5 1 5 1 3 0 1 5 0 4 3 3 4 2 4 1 0 0 3 2 2
   0 1 3 5 4 4 4 0 0 4 5 0 5 5 1 4 2 4 4 0 5 2 2 2 2 5 3 1 2 1 4 2 0 3 5
   0 5 3 1 0 3 5 5 3 4 2 3 0 3 2 3]
  [0 5 2 5 5 3 1 5 3 4 1 5 4 2 4 5 2 4 0 5 3 1 3 2 4 5 1 1 2 4 1 3 0 5 1
   1 3 5 2 3 2 2 2 0 0 3 0 2 5 4 1 4 1 5 5 4 3 0 2 1 5 1 1 2 3 5 1 1 1 0
   2 0 0 0 0 4 2 0 5 5 1 5 2 1 5 5 1 1 0 0 5 5 3 1 4 3 1 0 0 5 1 4 2 5 1
   2 2 5 4 2 4 0 1 0 4 0 4 4 3 1 0]
  [0 0 3 1 0 3 3 0 2 3 0 3 0 1 3 5 3 5 3 1 0 4 3 2 3 4 2 1 5 2 0 0 0 4 1
   4 1 4 1 4 4 0 5 4 4 2 5 3 1 1 5 1 0 5 2 1 4 0 0 3 5 4 0 5 2 5 1 2 1 0
   0 5 0 0 1 2 1 1 3 3 5 4 0 5 1 2 0 5 1 4 2 4 0 5 0 4 0 0 5 5 4 2 3 2 3
   0 4 0 3 5 4 1 2 0 4 5 2 5 4 2 3]
  [0 4 2 2 5 2 2 4 2 5 2 1 2 0 1 1 1 5 5 3 0 4 5 5 5 2 0 4 1 1 2 2 4 1 4
   1 0 3 3 1 4 2 3 3 3 2 2 2 2 0 4 0 5 3 0 0 2 0 5 2 1 4 0 3 5 2 1 4 2 3
   3 0 3 0 5 3 0 1 4 0 5 4 4 5 0 4 5 5 1 2 1 5 2 2 5 1 0 3 3 4 2 4 2 3 2
   4 5 0 5 4 5 5 0 5 4 3 4 0 0 0 3]
  [0 0 4 4 5 3 2 2 1 0 0 1 2 2 3 4 1 0 3 4 4 2 5 3 3 2 5 4 4 0 5 2 2 3 2
   5 4 5 4 1 4 4 3 1 3 1 2 3 2 2 2 3 2 2 2 3 1 3 4 3 3 5 1 2 5 3 3 2 2 2
   2 4 1 5 0 3 3 3 2 4 5 3 0 3 2 2 3 1 4 3 4 5 1 2 4 1 3 0 2 3 5 2 0 2 2
   3 1 2 4 0 4 3 3 2 4 4 0 0 5 1 0]
  [0 4 4 1 5 2 0 4 2 1 3 4 2 4 4 1 0 1 4 5 4 4 3 2 5 0 4 5 2 0 0 4 4 5 2
   0 1 4 1 1 4 2 1 0 3 4 1 1 5 4 4 4 2 5 4 1 2 5 3 5 3 4 4 5 1 2 1 3 1 1
   3 1 5 1 5 0 0 1 1 1 3 1 3 1 2 4 4 1 2 2 5 5 3 0 3 3 4 2 0 4 2 0 0 2 2
   2 3 5 1 1 2 4 2 3 5 1 2 4 4 2 3]
  [0 1 5 0 1 0 2 1 1 2 3 3 5 1 2 4 3 4 5 3 1 3 0 1 5 3 2 5 5 3 2 1 5 3 3
   0 2 5 0 0 4 2 5 5 3 2 1 0 3 0 4 2 2 4 3 4 3 2 2 5 0 4 1 2 0 3 1 1 2 0
   3 4 5 5 0 2 0 1 2 0 5 2 4 4 4 4 0 1 0 5 4 3 4 4 5 0 1 4 5 5 0 3 3 0 1
   2 1 2 0 2 2 0 2 2 4 3 1 2 0 4 2]
  [0 1 2 0 4 0 0 0 4 2 2 0 5 3 4 0 2 3 0 2 1 4 0 3 5 0 2 4 5 0 5 4 0 4 0
   1 1 5 1 3 2 2 2 0 4 1 2 4 1 3 5 2 3 4 2 1 5 4 4 5 5 5 3 3 4 0 3 2 1 1
   3 0 5 2 5 3 0 0 5 5 0 5 2 1 4 1 0 3 3 0 1 2 5 1 1 4 3 1 4 1 0 2 0 1 5
   4 3 1 4 1 0 0 4 0 3 3 3 5 5 5 0]
  [0 5 4 5 3 2 5 5 5 1 3 2 2 2 1 1 5 0 5 4 3 4 3 1 0 4 1 4 2 4 5 4 1 1 0
   4 2 0 5 1 0 2 2 4 2 1 1 5 4 0 3 5 5 4 5 3 2 1 2 0 1 2 3 2 1 3 2 2 5 4
   2 1 2 2 5 1 1 1 0 5 4 1 5 3 5 0 0 5 4 5 2 2 1 5 2 5 2 2 2 4 0 3 2 1 4
   5 0 1 1 0 4 3 3 1 1 5 0 2 1 0 4]
  [0 4 2 1 4 0 3 0 3 3 5 2 3 2 5 1 5 4 3 3 0 3 4 4 0 2 4 3 1 1 4 4 4 5 2
   2 1 0 5 0 1 1 3 0 5 4 1 5 3 5 1 2 3 5 1 2 5 3 4 5 5 2 3 5 0 5 2 5 4 5
   3 2 0 5 4 4 3 2 0 0 2 5 0 4 2 1 0 3 4 5 0 3 1 1 0 2 1 0 0 3 4 2 3 1 3
   1 3 5 0 1 1 4 4 2 0 5 0 1 2 5 2]
  [0 3 2 3 0 2 2 0 4 0 3 5 4 3 1 1 0 2 5 0 5 3 4 0 1 0 1 4 4 5 0 1 4 1 1
   5 5 4 0 2 4 1 0 2 4 3 5 2 3 3 0 4 2 2 0 5 5 0 0 4 1 2 1 1 1 1 3 5 4 5
   3 4 3 0 3 1 5 1 5 3 0 3 2 1 1 4 2 1 1 4 5 5 5 0 3 0 3 1 5 0 3 2 0 4 3
   2 5 2 4 4 4 0 5 0 5 0 1 4 3 5 0]
  [0 1 4 5 0 1 5 2 0 3 4 1 4 0 2 1 1 5 5 4 2 3 4 2 1 4 4 4 1 2 1 1 2 1 2
   4 0 1 5 2 5 1 2 5 0 0 1 5 3 3 1 2 0 5 4 5 1 4 3 5 0 2 5 0 4 0 1 0 4 2
   4 0 3 5 1 2 5 4 1 4 4 0 5 1 0 0 1 1 2 1 5 0 0 0 4 1 5 3 0 0 2 2 4 0 4
   0 4 3 3 2 4 4 4 0 4 5 2 1 0 1 3]
  [0 4 5 4 3 3 3 4 4 2 1 2 0 1 2 3 5 4 4 3 5 5 1 5 4 2 2 0 4 2 4 1 4 1 0
   3 2 4 0 3 0 3 1 4 1 4 3 4 5 2 0 4 3 2 1 5 4 0 1 0 4 5 0 3 3 0 4 2 4 1
   4 3 4 0 1 0 3 1 4 4 0 3 0 0 1 1 4 4 1 5 4 3 3 1 1 3 1 2 4 0 5 5 4 5 1
   3 1 2 5 3 0 0 5 4 0 1 1 4 0 3 5]
  [0 2 0 5 3 5 2 3 2 2 2 0 4 1 0 3 2 5 3 5 5 5 4 0 4 1 0 4 4 1 5 1 4 3 1
   0 3 2 1 5 2 0 1 0 1 2 2 5 1 5 3 1 1 4 5 0 4 1 0 2 4 2 0 2 5 1 4 1 4 2
   0 4 4 4 2 0 3 2 0 0 5 0 3 0 1 0 3 4 4 1 2 0 3 0 5 0 1 2 5 1 4 0 2 3 1
   5 5 3 2 0 5 4 1 2 2 4 1 1 2 3 2]
  [0 1 0 5 3 1 1 2 1 3 4 4 0 4 4 2 1 1 4 1 1 3 4 2 3 1 4 1 2 0 0 5 4 1 1
   3 5 1 1 5 4 1 4 2 1 3 0 1 1 0 4 3 5 3 2 2 3 5 3 5 0 0 1 0 2 3 3 1 4 5
   0 4 4 5 1 5 4 0 1 4 3 2 3 2 0 4 5 0 3 2 0 1 5 4 1 5 3 2 2 3 4 3 1 5 2
   2 0 3 5 2 3 4 2 0 3 3 2 1 2 3 3]
  [0 4 4 3 3 4 5 5 3 4 5 2 4 0 3 4 1 5 0 3 0 2 0 1 5 4 1 4 0 0 0 2 5 1 2
   0 5 0 0 5 1 5 2 2 1 5 0 5 1 3 2 2 0 0 3 4 3 5 1 4 2 3 0 4 5 2 4 5 1 4
   0 1 3 1 5 5 2 0 1 2 3 1 4 0 5 0 0 2 4 4 3 1 0 3 5 1 1 5 5 2 3 2 2 3 5
   2 4 4 0 1 0 2 5 1 3 2 2 0 3 3 4]
  [0 1 2 1 2 3 0 2 0 0 3 2 1 0 1 3 1 5 4 0 0 5 0 3 2 1 2 2 1 1 1 0 0 0 5
   2 0 1 5 4 4 1 0 5 1 3 0 5 4 4 1 1 2 0 4 1 1 0 3 4 2 5 2 4 4 4 5 5 1 0
   2 2 0 2 2 3 0 0 2 3 4 3 3 3 2 1 0 2 1 0 0 5 5 4 2 3 4 5 4 3 0 5 1 0 3
   4 1 0 2 4 3 3 4 3 3 3 3 4 0 0 2]
  [0 3 5 2 0 1 3 0 1 2 4 1 0 5 2 4 2 0 0 1 0 3 2 4 0 5 1 3 4 1 0 0 4 3 0
   0 5 3 3 4 2 5 3 1 1 4 1 0 1 5 0 4 0 0 2 3 4 0 5 5 4 3 5 3 4 4 5 3 1 4
   0 3 3 5 5 5 1 3 1 4 2 3 2 3 5 2 2 0 5 2 1 2 4 2 0 4 0 0 2 3 1 4 1 0 4
   1 4 1 3 0 2 3 4 3 3 0 2 1 0 0 3]
  [0 0 0 1 4 5 2 4 3 0 3 2 5 3 3 0 3 0 3 1 3 3 1 4 0 4 4 3 5 0 1 1 3 3 1
   3 1 5 4 3 1 3 0 5 1 0 5 4 1 2 2 0 4 0 3 2 5 2 1 1 4 1 3 5 2 0 0 5 2 0
   5 2 5 5 5 4 3 0 3 5 5 3 5 2 3 0 0 1 0 4 4 0 1 3 4 0 3 1 3 0 4 2 5 5 3
   3 5 3 1 5 5 0 2 4 1 0 4 3 4 2 5]
  [0 3 1 4 4 1 0 0 2 0 2 0 4 5 4 4 3 3 5 5 2 4 1 3 0 4 0 1 2 2 2 0 3 2 2
   3 0 3 3 5 1 3 4 4 2 4 3 1 4 2 4 2 0 0 4 1 4 0 0 0 2 4 4 0 2 0 4 0 2 3
   3 4 5 2 4 2 4 2 3 2 1 3 0 1 0 3 0 2 2 0 4 3 2 5 0 3 0 3 4 3 2 4 2 4 0
   3 4 4 3 0 1 2 2 5 1 1 5 0 0 3 3]
  [0 5 1 4 2 1 1 4 3 3 2 3 0 3 5 0 0 5 3 1 2 3 0 2 4 5 4 5 0 1 2 2 0 5 2
   2 5 5 3 1 1 1 3 0 0 1 5 2 2 5 2 1 2 1 5 2 5 5 0 1 3 0 3 3 1 3 1 3 1 4
   0 0 4 5 3 1 4 4 2 1 1 0 0 0 4 0 4 0 2 1 0 3 0 3 2 4 4 2 5 4 1 3 2 4 0
   3 0 2 3 5 5 1 0 5 5 5 1 1 3 3 4]
  [0 1 0 3 0 1 4 5 0 4 2 2 4 3 4 1 4 3 2 4 4 0 2 5 0 1 2 3 4 1 5 4 4 5 3
   2 0 0 1 0 4 0 4 2 3 1 3 4 4 5 0 5 1 5 1 1 0 4 5 5 4 4 2 1 3 0 2 2 2 3
   0 3 0 4 5 4 0 2 0 2 4 2 2 5 0 4 4 1 1 4 3 0 5 3 3 5 0 5 4 4 1 2 5 4 4
   0 2 0 4 0 0 1 1 0 0 4 1 0 1 2 0]
  [0 4 4 1 5 4 3 3 1 3 0 3 0 0 5 1 5 3 1 3 2 1 3 5 2 0 3 3 2 0 2 0 1 5 3
   4 0 1 4 4 0 3 4 4 3 4 4 1 2 3 2 5 0 2 4 5 4 2 2 4 1 5 4 0 5 1 4 0 5 0
   5 2 1 0 0 2 5 4 5 5 4 2 4 4 0 0 0 2 1 2 2 0 0 5 0 5 3 5 3 1 5 3 4 2 2
   0 2 5 1 2 3 2 2 3 0 4 5 0 5 2 1]
  [0 5 4 3 2 5 5 4 3 3 2 5 2 0 3 0 1 2 1 1 2 1 4 3 5 3 4 3 2 4 4 0 5 1 0
   2 4 4 1 4 2 1 5 2 4 2 5 4 0 1 4 3 5 0 1 5 1 1 1 4 4 0 1 2 0 4 5 0 0 4
   4 0 5 0 2 0 4 0 5 0 0 5 0 3 2 4 5 0 3 3 1 0 5 0 1 1 5 4 0 3 1 3 1 3 0
   0 0 2 0 1 0 1 4 2 4 5 2 0 5 2 1]
  [0 5 2 5 0 5 2 0 3 1 2 2 3 4 0 3 3 1 2 4 0 1 0 0 3 0 4 0 0 2 2 2 3 2 4
   3 1 1 0 4 1 5 3 5 0 3 1 4 3 3 0 4 5 1 3 5 3 1 1 2 5 5 3 2 4 5 2 2 2 3
   1 2 4 1 0 2 5 4 4 0 4 1 2 0 4 1 2 4 2 5 2 0 0 3 0 0 0 2 4 1 1 2 2 2 4
   5 3 4 1 0 0 1 4 1 1 4 0 2 5 4 0]
  [0 5 3 0 0 0 0 5 1 1 5 2 2 2 1 5 1 4 3 2 0 0 5 5 3 1 2 1 4 1 0 5 1 1 2
   1 3 5 3 2 4 2 1 0 1 2 4 5 4 3 5 4 2 5 4 0 1 2 5 5 0 1 1 5 5 0 5 3 1 0
   2 2 2 2 5 2 1 1 3 1 0 0 1 5 1 4 4 3 3 5 1 2 3 1 1 0 4 5 2 2 0 1 4 4 2
   1 0 1 4 1 5 4 5 1 3 1 0 3 4 4 4]
  [0 0 3 4 5 1 5 2 1 4 3 2 1 2 5 0 4 3 5 4 1 0 5 1 4 1 1 0 1 0 5 2 1 0 0
   3 1 2 3 2 3 2 5 0 4 4 1 3 1 2 4 3 4 4 5 5 4 1 3 4 3 0 1 0 5 5 2 1 1 4
   2 0 2 0 5 1 4 0 0 4 5 1 4 5 3 3 4 4 0 4 5 0 3 5 4 0 0 0 1 4 5 4 5 2 2
   0 5 5 3 2 0 0 5 3 0 3 4 0 5 2 2]
  [0 2 4 0 0 3 3 5 0 1 3 3 5 1 0 3 4 0 3 1 0 0 1 5 5 2 2 3 3 5 2 0 3 1 5
   4 1 5 0 0 0 5 3 4 2 5 1 1 5 4 2 5 5 3 2 0 1 3 4 5 3 5 3 4 5 1 5 3 1 5
   1 5 2 3 3 3 5 5 2 4 0 1 3 5 4 1 3 0 4 5 2 1 2 1 4 2 4 0 5 0 3 4 5 3 5
   3 3 2 5 4 3 4 4 1 4 4 1 3 1 0 2]
  [0 2 0 2 4 5 2 4 3 1 2 3 1 0 3 1 3 4 3 2 1 4 3 2 1 0 1 2 2 5 0 0 0 0 3
   5 5 2 0 0 0 5 5 5 3 4 3 1 5 3 2 0 5 4 0 5 3 2 1 3 0 5 5 4 0 1 5 1 0 3
   3 1 3 4 2 1 2 5 0 3 1 5 1 5 5 5 5 5 1 0 5 1 5 0 1 0 4 5 0 0 1 0 0 3 2
   3 4 0 5 0 1 5 3 4 5 5 0 2 4 1 4]
  [0 3 0 5 2 0 4 4 0 5 2 2 3 4 4 4 2 5 2 3 5 4 0 3 0 0 1 1 2 2 0 1 3 4 2
   1 0 4 4 3 3 1 2 2 4 2 1 4 4 4 3 3 1 5 1 5 0 4 0 2 1 3 2 0 3 3 3 0 5 4
   4 4 5 2 2 1 1 2 1 2 4 1 2 4 0 5 4 1 3 0 1 5 4 2 1 3 4 0 5 0 2 0 1 3 4
   1 5 4 1 2 0 4 4 0 0 5 4 5 3 4 3]
  [0 1 5 5 1 3 4 1 5 4 1 0 4 0 2 0 2 1 2 0 0 5 0 0 2 0 2 2 4 2 5 3 1 3 2
   0 2 3 2 4 5 3 3 5 0 4 0 1 2 4 5 3 1 5 0 0 3 2 5 5 4 4 0 5 2 0 2 1 3 2
   0 0 3 0 5 2 1 4 5 1 3 3 3 4 4 1 5 2 4 2 4 3 4 2 4 1 2 3 4 0 0 1 4 3 3
   2 5 4 1 5 2 2 5 2 4 4 5 2 2 0 1]
  [0 1 1 3 2 5 5 1 1 4 5 0 2 4 4 2 2 3 5 4 3 2 4 1 1 0 2 4 5 4 1 0 0 3 2
   1 1 0 2 2 2 4 3 3 2 2 4 1 5 3 3 2 1 4 3 2 0 2 3 1 1 1 5 0 4 1 2 0 4 0
   2 4 0 0 1 2 1 1 2 3 5 0 0 2 3 5 5 3 2 2 4 3 4 2 4 1 5 2 1 3 4 0 5 3 5
   5 2 0 4 4 3 1 4 2 0 2 5 5 4 5 5]
  [0 1 1 4 2 1 3 5 0 5 3 1 3 1 5 0 5 1 2 0 0 3 2 0 1 5 0 4 3 2 5 0 5 4 1
   2 5 0 5 1 1 3 5 4 4 1 4 0 3 4 4 0 5 0 0 3 0 5 5 0 3 2 5 5 2 2 3 3 0 0
   0 1 4 2 3 4 1 1 4 5 0 5 4 1 4 2 0 0 2 2 5 5 3 0 3 1 4 2 4 4 4 0 0 1 5
   2 4 0 0 0 3 5 5 5 0 2 1 3 3 5 2]
  [0 3 4 5 3 4 0 1 5 3 2 4 4 1 4 2 5 1 4 3 2 5 4 2 1 5 1 1 2 3 2 2 5 0 1
   1 1 4 5 5 2 4 2 3 4 1 1 5 1 1 2 4 2 4 3 4 2 3 0 4 2 4 0 4 5 1 0 4 1 1
   2 5 4 2 1 2 5 1 4 5 2 4 0 0 2 2 2 1 5 4 1 4 3 5 3 3 5 1 2 2 4 2 5 0 1
   3 5 3 2 5 3 3 3 0 1 0 2 2 0 4 0]
  [0 2 4 5 5 3 3 5 3 0 1 4 4 1 5 4 1 5 0 1 1 3 3 5 5 5 2 2 0 1 5 2 2 4 3
   3 5 3 2 4 2 3 5 1 4 0 0 5 0 0 3 2 4 2 3 0 0 4 5 1 5 4 3 3 3 4 3 5 0 0
   3 3 2 2 5 1 2 3 3 4 4 5 0 3 3 0 1 1 0 1 4 2 2 5 3 2 4 5 1 3 3 3 4 3 0
   4 3 0 0 5 0 3 0 0 5 0 2 5 3 1 3]
  [0 2 3 0 4 1 0 5 3 1 0 2 1 5 2 1 4 1 3 1 5 0 4 0 3 4 0 0 2 0 2 0 2 0 3
   2 5 2 5 3 2 4 2 0 4 2 4 4 1 1 1 3 1 3 2 3 1 5 3 2 5 2 4 3 1 4 2 4 5 5
   2 3 1 5 5 4 4 0 5 2 1 1 0 2 1 1 2 0 0 3 2 2 1 2 4 3 5 5 1 2 5 5 1 0 0
   0 2 5 4 5 4 5 0 1 4 0 5 2 0 1 1]
  [0 5 4 3 5 4 1 5 5 4 5 1 0 1 0 0 0 5 1 2 1 1 1 0 4 2 2 3 3 0 5 0 4 0 0
   1 2 4 1 2 3 4 1 4 5 1 2 2 1 0 0 1 1 2 1 1 1 1 3 2 5 3 1 3 5 4 3 3 1 0
   2 3 1 2 5 2 4 2 5 0 1 0 0 0 1 1 4 0 4 0 1 5 1 4 3 2 0 3 3 2 0 5 3 3 3
   5 0 2 2 5 4 2 2 3 5 4 1 0 4 3 2]
  [0 2 1 2 5 4 3 2 0 4 0 1 1 2 0 2 3 2 2 3 5 0 1 0 2 4 5 2 3 2 1 0 3 5 0
   4 2 0 5 2 5 0 4 4 4 2 2 0 4 3 3 0 0 1 1 5 0 2 4 0 1 2 4 3 5 3 0 1 2 1
   5 0 5 1 4 3 0 5 0 3 5 2 2 4 2 0 0 3 1 2 1 1 5 1 5 2 3 1 0 2 0 3 2 5 2
   3 0 0 2 2 2 4 0 3 2 1 1 0 3 0 5]
  [0 5 3 1 1 2 4 3 4 2 4 4 4 5 5 0 4 1 3 0 1 3 3 3 3 2 4 0 1 4 3 3 1 4 3
   4 5 2 4 3 5 5 1 4 2 1 1 1 2 4 2 3 5 0 1 5 3 2 4 3 4 2 2 1 5 4 3 4 0 0
   2 2 2 3 1 0 2 5 5 2 0 2 3 3 0 4 1 4 0 4 1 4 3 4 2 2 5 4 5 2 4 0 3 2 1
   5 0 0 0 2 2 2 5 3 1 5 4 4 5 5 0]
  [0 0 0 0 1 5 2 3 5 1 1 3 3 4 5 4 1 2 1 4 2 0 0 3 1 1 3 3 1 5 2 0 3 1 0
   4 2 2 2 0 1 1 2 0 2 5 2 4 2 0 3 1 0 3 1 0 4 3 3 4 1 4 4 5 3 2 2 2 3 5
   1 3 0 2 5 0 1 5 0 3 3 5 0 1 0 3 2 5 0 0 0 4 5 1 2 0 2 0 3 5 4 2 4 2 1
   2 3 4 4 0 3 2 2 3 5 1 4 1 4 3 0]
  [0 2 1 2 3 2 0 5 4 1 3 0 3 4 1 4 0 0 1 1 0 2 3 4 4 3 3 2 3 4 4 0 0 3 0
   1 3 3 2 3 0 4 0 5 0 1 2 2 5 1 1 5 1 0 0 5 2 2 5 0 2 4 5 1 2 2 4 4 4 2
   5 4 1 2 0 3 0 3 3 0 2 5 2 4 3 0 5 3 3 4 5 4 3 1 3 3 0 1 2 2 5 5 1 1 1
   2 4 0 1 0 0 3 1 1 5 4 3 1 3 1 2]
  [0 3 4 2 4 1 1 3 5 0 4 5 5 5 3 5 2 0 3 2 0 3 4 4 4 5 1 4 5 0 2 1 0 4 5
   2 5 5 5 0 3 0 1 3 2 1 1 2 2 4 5 1 0 1 3 3 4 2 1 4 2 1 4 4 0 0 5 5 4 0
   2 4 3 5 5 5 0 5 2 5 4 3 0 4 5 3 1 3 1 0 4 5 0 1 2 4 1 1 3 2 5 2 0 3 5
   2 4 1 3 1 2 0 3 2 1 4 4 3 5 0 5]
  [0 3 0 3 4 4 3 2 0 4 0 4 2 4 3 3 4 0 5 4 5 0 4 4 2 5 1 5 3 0 2 2 3 4 5
   5 0 1 3 2 2 1 0 2 2 2 5 5 1 0 2 5 2 1 5 4 2 3 5 4 3 0 3 0 4 0 5 2 3 0
   3 3 3 1 3 2 3 3 3 1 2 5 2 2 3 2 4 5 1 3 3 5 4 3 0 1 0 0 1 1 0 3 0 5 4
   2 4 1 4 0 2 5 0 0 3 1 5 0 1 2 5]
  [0 5 5 2 3 5 2 4 4 4 2 5 1 5 1 1 1 5 5 5 3 1 5 4 4 3 5 0 3 4 0 4 2 4 2
   0 0 5 0 1 0 1 2 5 4 5 1 2 5 3 1 1 4 4 3 0 5 4 3 3 3 5 1 0 2 1 2 5 3 4
   0 1 2 4 2 1 4 2 1 3 1 0 5 2 2 5 0 1 2 0 4 1 2 1 2 5 0 5 3 0 2 2 5 4 4
   1 3 4 5 0 3 5 4 0 2 4 4 2 4 3 1]
  [0 0 1 1 1 2 0 3 1 3 2 2 5 5 3 0 5 5 2 4 2 1 4 2 1 0 4 0 5 3 1 1 4 5 5
   3 0 1 5 3 1 1 1 0 2 2 3 1 5 2 3 5 3 3 2 5 3 1 3 5 1 5 1 5 5 5 3 3 3 2
   3 5 5 2 5 4 4 1 1 4 3 4 4 1 2 2 4 5 1 0 2 4 4 1 1 0 4 5 2 3 4 3 5 3 5
   0 1 0 1 4 4 5 4 0 0 2 4 2 4 2 2]
  [0 1 3 3 2 3 2 4 0 5 1 5 2 3 0 5 3 1 3 5 3 5 2 2 2 0 5 2 1 3 1 5 0 3 1
   1 5 0 5 1 0 2 3 0 2 2 4 4 5 0 5 2 1 0 3 3 3 2 4 3 2 0 3 1 1 5 5 3 2 5
   5 1 3 4 3 4 3 4 3 5 3 1 5 0 2 5 5 5 1 1 3 5 4 2 0 0 1 2 0 1 3 4 0 3 0
   1 2 4 0 5 0 2 5 3 4 0 4 0 2 5 1]
  [0 5 3 1 1 5 1 2 4 5 2 3 3 4 0 5 2 4 0 3 2 0 4 1 5 4 0 4 1 4 1 1 5 5 3
   5 1 2 5 0 4 4 4 2 1 0 0 2 3 1 2 5 5 0 1 1 2 4 4 5 4 5 2 0 4 2 1 5 0 4
   2 3 0 3 1 5 5 5 2 4 5 2 2 3 0 3 5 4 4 4 2 3 0 3 5 1 3 5 4 4 0 5 0 5 4
   0 1 1 5 1 2 2 1 1 5 1 0 0 3 2 0]
  [0 3 4 0 2 5 1 3 2 0 5 4 0 3 2 5 3 1 3 0 0 3 4 5 4 1 2 3 1 0 3 0 5 2 1
   3 2 0 2 2 4 0 4 0 3 5 2 4 4 4 5 1 5 4 4 4 4 3 2 3 2 1 0 5 0 2 4 0 0 5
   3 2 3 5 5 3 4 3 5 2 4 0 1 4 4 4 2 4 5 2 5 0 0 0 1 3 2 3 5 3 2 1 4 4 1
   2 2 4 1 0 5 2 2 1 0 5 3 0 2 2 3]
  [0 4 0 1 4 4 2 4 4 4 0 0 3 1 3 2 1 0 5 5 3 4 2 3 1 5 4 5 4 1 1 3 3 4 3
   0 2 5 1 1 5 1 3 2 0 4 5 0 5 1 4 5 5 2 1 5 1 2 2 3 1 5 1 0 1 3 1 2 5 1
   0 1 2 5 1 5 2 3 5 2 4 4 1 4 4 2 2 2 0 5 4 4 0 5 2 4 4 2 3 1 0 1 4 4 4
   1 5 4 5 4 0 3 5 1 0 1 0 5 0 2 4]
  [0 4 3 2 2 4 2 1 5 0 4 5 4 1 3 2 4 1 5 4 3 3 5 4 4 4 3 4 2 3 3 5 1 3 4
   3 5 0 2 2 5 1 2 3 1 1 4 4 2 1 3 0 1 5 5 1 1 4 3 3 4 0 5 1 5 4 2 5 0 1
   4 4 3 1 0 5 5 3 2 2 0 4 5 5 3 3 1 0 0 2 1 5 5 1 2 4 5 4 0 1 4 4 2 0 1
   0 1 4 1 2 1 4 0 0 5 2 2 0 3 0 2]
  [0 2 1 5 4 1 0 3 1 4 3 5 5 1 0 1 0 2 3 4 1 0 5 3 2 1 2 4 4 4 3 5 5 5 3
   5 1 5 2 3 3 2 0 4 3 5 4 1 4 4 3 4 1 3 1 5 1 1 3 1 0 1 1 3 1 2 0 5 0 3
   1 5 5 1 0 1 4 4 2 4 0 1 4 3 4 1 4 2 4 5 3 1 3 3 5 3 5 1 0 0 4 4 3 5 1
   5 5 5 0 0 3 3 1 2 3 2 1 0 3 1 0]]]
release_time
[   0  471  537  145  273  178  184   66  226  638   43  441  283   68
  227  197  750  722  191   46 1075  542  239  291  780  277  168  495
   12  275  289  525   74   80   50   31 1041  381  971 1137  795  837
  446  318  153 1061   36   77  539  294 1023  570  463  463   17   52
 1115  356 1089  935  861  407  628  364   55  603  884  255  485  936
  294  344  102  871  206  479  800  525  415    9  898  893  813  177
  140  835  814   33  111  351  204   13  962   91   36  109   88  339
  823   42  638  476    7  123  415  284  333  988  136  108  244   58
  832  225  188  373  595  231  153  456  668]
due_date
[   0  984  636  854 1111  860  210  968  906 1094  203  461  959   99
  873 1026  961  936  220  888 1119 1032  930  515 1092  979  272 1064
  477  926 1010  971  952  205  176   87 1126  441  974 1142  886  907
 1195 1163  193 1179  469  134  849  526 1041  943  723  934   73  919
 1172  742 1194 1130 1099  883 1037  929  997 1068  938 1039  901 1066
  980 1087 1099 1089  993  871 1031  910  877  897 1090 1082  942  373
  920  908  879   96  189 1016  210   34 1071  593  110  265 1053  865
  875   64 1212  914   26  274  646  950  440 1140  301  714  851   78
 1139  437  368  836  823  849  466 1096 1089]
unit_emission
[ 5 16 17 11  6 17 10 18 17  2]
emission_limit
58089.0
setup_severity
0.02
due_tight
0.3
due_range
1.0
release_tight
10
degree_constr
0.5
