mach
10
job_rate
12
weight
[ 0  4  8  5  5  5  5  2  8  7  6  4  6 10  1  2  3  6 10  1  7  5  6  9
  7  6  8  7  2  5  2  2  5  4  5  3  8  6  8  5  5  8  6  5  3 10 10  1
  4  3 10 10  7  5  9  5  2  3  4  1  6  4  5  1  9  9  3  8 10  6  2  2
  1  8  5  6  2  6  9  4  8 10  3  2  4  1  9  5  5  7  6  8  3  3  3  9
  9  3  4  2  6  2  6  1  9  5 10  2  6 10  4  2 10  1  2  7  2  1  8  6
  8]
proc_time
[[  0 121  90  59 112  68  66  71 114  98 119 139  60  75  83 149 144 130
   80 121  60 114 147 126 126 121  73  97 150  89 139 146  61  69  76  73
  128  51  75  83 107  91 121  64  99  85  97 114  52  50 110 150  80  65
  110  94 110 112 134  89  85 117  69  62 134 142 116  97 122 145 128  95
  139 113 129  73  97  66  54 126 114  62  90 115  60  93  72  75 102  95
  148  96 125 122 100 119 150 107 149 109 103  88  76 102  66  56  51 108
  100  66  75 146 144  85 125 112  58  95 110 105 129]
 [  0 135  82  94 145  88 117  80 131 136 127 121 132  71 128 104  58 122
   79 106  51  77  62  60 133  69 119 141  53 124 136  97  83 124 145  63
   94  84 102  60  93 136 150  63 101  81  96  71 106  95  62  64  71 130
  142 138 122  71 125 115  52 141  63 138 106  91  57  92  82  72 144 124
  142 110 149 114 119  99 139 134  69 109 132  79  74  59 131  60  70  90
   93 107  71  63  61  91 123 133  59  96  91 126  62 117  88  50 128  70
   81 105  84  67 107 136 143 105 130  64 109  63 143]
 [  0 120  76 116  57 125  94 101 143  52  80 115 145 110 104 110 113 130
   81  79  51 126  57 139 138  70 104 145  98  51  78  65  50 119 112 115
  138 131 108  59 142  77 104  54 142  88 138  51  86 125  89 118  78  74
   56  65 147 104 116 104  67  78  55 140  67  96  96 115  60  58 104  86
  111 124  96  66 105 149  86  95  61 128 139 139 147  50  91  64 115  80
  101  57 120 129  86 145  51 133 143  79  73 138 122 150  54 148  87  79
   52  89 146 108 104 106 128 139 125  67  65  85 138]
 [  0  67 148  51 135 127  82  96 124 135  53 115  61 144 125  81  80 122
   61 122 133  65 121  65  88  85  57 132 102  53  85  88  95 145 141 137
   77  91 122 121  68 104 120  72  85 105 146  84 103 123  92  82 111 145
  148  51  89  57 101 106 109  51 103  82  79  75  91  91 134  66 106 121
  119 136 111  84 134 104  63 122  80 135 116  80 140 118 148 134  74  78
   75  65 102 116  90  87  88 149  71  71 106 112 114 135 126 101  93  98
  140  51 123 108  92 133  53 147  92 118  50 145 128]
 [  0  83 105  56  77  71  97 148  84 108 140 116 115 129 142 112 113 135
  124  86  94 109 101 117 113 123 145 133 135 114 100  76  69  73 118  95
  131 118  79 135  97  95  50  97 142 146 127  94 144 140  88 130 136  67
  116  95 138  84 103  95 109  67 147 112  77  61 134 144  63  60 121 110
  121  70 111 118 137  77  83  94 109 117 128 131  74  78 132  64 133  99
  129 104  94 120  93 145 127  83  96  84  92  76  90 101 138  75  76  79
  124  79  78  57 129 106  71 109 144 101 122  98  93]
 [  0 108  96  89  84  70  60  79  71  87 129  50  85 129 122  78  53 129
  147  94  55 116 125  74 146 129 143  97 116 137 128 113 145  94  94  52
  147  95 102 126 128 130  57 110 145  59 120 147 116 123  96  60 123  56
   89  67 134 138 127  51 110 109  91  85  96  83  75 118  77 146 137  97
  131  55  91 148  82 118 106 125 104  82  62  60  86 120  95 129  68  87
   92 113  78  62  57  82 129  59  55  51  77 107 100 133  89  51 147  72
  107 108 123  83 105 120 119 115 126  53  83 104  93]
 [  0 125  53  92  71  90  80 120  97 126  70 132  52  93  93 126  98  57
  122 118  62  70  90 142 108  64 118 134 107 147  64 119 134  64  54  79
  108  83 114 107  77  58  73  64  94  55  91  94  53 102  78 111 134 119
   88  66  79  94  51 123  80  84 118 137 131 113 104  50  81 122 119 115
  131  76 136  58  67 145 148  94  79  52 118 142  89  90  78 132  62  51
  149 126 112  87  64 145  69 111  77 146  51 111  54 107  84  93 130 129
   72 106 118 116 119 111  68 148 107  80 119 113  61]
 [  0  50  52 144 127  79 108 132 128  97  91  94 146  98 107 115  51  72
   66  64 107 124 135  69 149  66 142 119 129 126 147 119  99 115 123 138
  101  56  88  72 130  68  54  53 112 136  98  68 108 148 131 131  67 133
   52 105 104 112 141 128  50 134  57 102 141  64 137 117 119  96 120  64
  140 100 103  83 122 138  52  56 143  97 102 100  94  96  53  81 102 145
   97  84 128 101 138  79  50 148  64  76 120 110  69  90 124 107 117 113
  109 108  52 136 105  74  51 113 124 137 128  50  99]
 [  0 125 140 137  88 138  61 110 104  54  69  57 122 147 138  64 103 133
   54 133  96 125  77  98  74 112  72 132 148  68  56  58  75 135  54  60
   83 150  59 105  81  50  91 102  56 137  99 102  75  65 119 130 101  63
  107  50  83  93  94  88  74  54 127  68  52 147 115 144  62 123 135  76
  119 113  65  71 105 105 126 132  66  94 133 101  94 139 125 111  82  97
  112 147  97  55 127 148  58 110 121  97  53  66 102 143  58  84  72  94
   99  98  93  94 128  64 123 119  91  77  78  86 115]
 [  0 101 139 114  93  76  58 119  71 100 122  60 118 150 146  66 120  56
  116  66  96 134  85  52  71 121 144  65  77  56 125  85 133 150 121 130
  111  88 129  69 113 103 107 100 142  82 116 128  96 114 102 107 126 115
   92 149 104  98 148 128 101  70 104 145  69  97  92 140 107 110  69 108
  124 146 113  61  79  52  56  84 145  66 119  74  89 111  59  89  92 133
   80 134  95  61 148 134  69  94  65 144 124 101 122 119 122  94  80 140
  126 137  55 123  61  70  77 100 133  56 144 100  85]]
setup_time
[[[  0 323 401  28 368 293 334  52 269 136 266 381  21 154 392 152   0
   214 282 326  93 284 144 287 315 375  47  12 169 123  27 117 192 324
   189 210 320 227  25  45 245  86 335 228 345  38 291 311 126 368  33
   205 231 113 284 187  66 366 178  93 394 210 366   7  25 282   1 350
   306   4 370 163  48 160  58  91 332 302 346 118 185 359 338 343 323
    82  28  33  10 144  51 349 115 337 209 163  11  52 120 383  69 145
    24  95 392  55  53 197 175 255  33 199 167 188 117   2 388 151 294
    79  92]
  [  0   0 382   2 298 176 229 140 276 266 110 390 313 391  51 169 154
   364 187 129 188 144  69 287 199 202 368   7 221  37 222 107 354 159
   251  12 361 378  48 177 241 232 317  95 126  13 292  66 341  43 186
   237  45 276 384 252 225  48 320  30 352 125 245  28 389 145 302 323
   261 328 275 400 399 325 312 372 209  72 103 190 122 276 324 159  86
   162  30  67 353  50 280 294 257 153 388  49 138 361 385 197 327 272
   275  66 237 144  80 401 209  12 124 391  89 375 233 390 112 324  24
   392 109]
  [  0 299   0  63 212 161 339 202 183 324 251 265  31 195 101 389 235
   276 314 128 355 123 181 292 296  19 297  96  39 385 261 307 279 384
   313  22 124 265  12  81 253 314 275 197 316  76 224  25 374 166  74
    53 131 134 113 209  91 292 373 238 211 149 304  98  36 246  75 135
   119   2 109 275  97 323 125 207 231 195 264 142 386  16 384 306 311
   327 255 352 264  91 118 392 326 332 260 260 265 337 176  86 240 210
   309 392 168  63 290 352 267  84 113 370 220 358 351 231 164 365 138
   344 262]
  [  0 265 205   0   1 281 324 212 166 259 243 290 210  98 260 353 211
   248 278 357 189 312 298 293 160  56 226 323  41 116 287 363 152 303
   112 223 215 162 172 296 262 286   2  20 306 229 385 347 360 215 256
   301  75 210 102 243 356  36 271  67 196 392 396 273 207 253  26 179
   119 270 294 301 292  28 155 290  54 189 162  76 139 124 284  20  95
   307 315  37 147 257  63 329 213  36  89 193  63 388 315 371 237 103
   392 128 261 195  90 149 127  85 395 152 389 386 367 288 210 130  65
    38  24]
  [  0 400 216 315   0 363 282 383 195 180 153 306 311 165  20 100 135
   166  76 342 376 205 264 249  59 293 141 102 253  76 304 173 263 135
    99 220  56 347  21 247 184 204  30 380 189 360 342  83 227 354 151
   337 229 156 346 261 183 130   2  11 204 168 296 297 321 292 352 160
   373 183  95 216  96 378 220 356  69 370 250  68  78  16  29 117  52
   199 155 112 340 242 153 185  92 108 342 148   9 339 179 265 117 310
    73 239 353 240 341 402 377 108   3  16 303   0  98 301  93 183 366
    43 207]
  [  0 326 312 357 293   0 122 215 115 195  32 256 249 401 338 165 213
   390 337  83  13  80 240 388 146 169 274 244   9 106  93 245  12   5
   345 373 373 249 137 301 387  64  52 105 340 128 331 351  46 157 381
   366 128  96  54 126 278 114 137 173  18 276   7 251 190 113 261  74
   314 128 337 339 399 390 394 206 269 327 132 183 373 125  85 159 150
   272 332  32 324 202 218  92 267 114 383  35 352 219 232 250 245 200
   358 304 215 189 291 261 266 301 298  63 308 238 236 292  68 289 215
    89 232]
  [  0 239 299 330 139 130   0 344 180  75 129 248 116 118  90 382 291
   178 184  26 391   9 350 173  67 192 105  23 180 313 330 259 250 344
   261 337 138 331  11 366   7 276 244 118 369 341  29 269 233 123 337
    84 200 362  46 373 259 358 324 384 129  83 336 114  98 394 197 228
    54 237 210 352 270 138 235  18 278 256 258 205 257 158 371 132 303
   123 239 386 118 359  18   6 277 306 236 366  99 319 189  75 240 244
    37 263 327 146  68  58 100  62 209 296 232 169 335  30 310 394 396
   198  77]
  [  0 345 234 252 203 160  22   0 262 266 127 394 126 307  37 334 240
   287 365 402 373  83 280  54 191  37 367  23 184 272  52  26  85 251
   325 265 358 245 326 114 382 138 153 358 300 372 357 245 255 148 328
   300 218 193 143 240 275  99 293 200  65  95 368 245 201  65  28 379
    64 253 328 219  50 114  62 305 273 222 247 236 287 375 173 341 136
   344 229 191 143 203 374  93 311 253 148  13 241 238 170 128 327 119
   367 394 145  89 119 283  21  99 183 155 360  85 333 301 193 310 277
   109 324]
  [  0 159 195  16 356 370  11  28   0  89  95 237 282 397 141 360 126
   298  32 192  43 263 325 292 151 310  84 250  70  94 312 381 294  92
   222 307 255 131 391 142 331 202 369 400 400 136  84  89 111  22 234
   395 122   5 230 213 166  42 342 191 300 127  80 216 181 168 345 206
    39  78 349 279 271 269 219 179 254 319   3  24 290 119 274 303 294
    74   2 294 340 164  23  62  20  45   3 257 374  96   0 389 181 227
   379  31 155 129 107 400  67 379  85  77 206 317 114 154 334 215 329
   192 194]
  [  0 147 113 214 280 238 126 396 301   0  95 285 184 398 380 243 280
    56 225  68 286  94  52 129  32 334  18  99 239 371   2 190 319 389
   173  25 369 253 357 295 354 210 341 241   3  78 339 334  87 153 155
    36  86 143 184 191 124  62 270 121 314 116 313 306  72 203 212  66
   303 371 384 140  62 237 174  75 337 326 189 286 263 182 250 145 274
   394 158 266   1 274 160 273 371 240 392 117  13 195 104 306   1 210
   178 382 321 132 167 224  53 320 379   2 241 281 267  71  98 253 201
   197 349]
  [  0 214  58 136 276 146 168  26  17 135   0 380   0 315  33 308 237
   270 207 137 236 228 333  48 264 373 370  47 284 139  67 252  10 243
   342 379 353 150 336   7 353  43 167  62 251 290 221 224  37 120  27
   193 309 306  75 172  42 210  38  38 244   2   8 352  89 358  29 259
   227 234  75 189 348 305 223  27 331 293  38 286  74 228 352 367  92
   377 143  24 187 331 314 208 138  27 131 189 185   2 176 161 361 299
   194 335 111 229 212 227 295 111 274 138 360 311 184 259 134 322 325
   216 364]
  [  0  92 172  65 327 394 235 199 244 297 215   0 119 345 310  16 116
   248 337 341 279 106 152 215 150 294 157 293 268 118 160 303  78 269
   205 358 174 195 281  40 250 247 221 288 122 213 212  48 274 370 339
   314 312 175  89 160 352 259 231  28 229  14 336  80 106 399 368 377
   327 196 176 170 126 149 142 167 265 189 320 101 190 396 147 390 157
    90 264  23 391  75  27 211 380 151 368 291 193 397 287 339 193  64
    18 308  33  43 198  23  87 187 247  16   2 352 258   3 134 307  92
   228 301]
  [  0 146 205 245 227 109 323 142 385 255 182 175   0  88 361 258 383
   102 131 276  75 186 316 227 315  20 392   9 402 122  75 101 201 169
   364 269 165  53  38 321 379 385   5 244 299 193 196 201  33 218  46
   323 242 342  61 159 357 369 306 365 273 311 138 298  26  63 292  86
   142 170 115 194  95 125 252 152 134 396 396  91  10  39 343 192 117
   402 195 182 218 219  18 323   8  79 324 306  13 154 218 288 320 189
   363  54 278 388 242 292  80  89 260 179  10 209 304 333 108 152 119
   137  53]
  [  0 151 111 271 216 375 146 137  54  46 154  89 136   0  34 363 324
    48 122  92  66 228  93 192 368 117 266 220 204 119  90  52 236 212
   148  44 271   3 252 281 377 265 281 111 365  40 226  83 325  61 321
   300  61 323 128 310 290 329 292 253  87 242 398 280 247 395 341 226
    96 104  58 376 295 220 362 276  16 386  93  34 376 247  55 324 386
     2  96  97 315 194 157 243 358 182 335  47 369 358 194 159 284 219
   399 250 278   2 337 164 368 361 131 231 143 306 322 388 287  19  29
   295  92]
  [  0 258 255 147 124 173 268 360 106 313 219 227 136 297   0  27 307
    64 196 247  25  11 212  55 162 142 267 214 385  89 263 310 346  73
   303  29 399 183 146 378 112  39 198 113  88 108 162 109  75 196  46
    30 343 249 255 310   8 320  62 342  63 129  67 145  40 346 336 150
   294 128 272 377 193 347 110 127  80  77  32 317 368  83 312  83 136
     9 136 216 363 346 191 205 232 378  83 381 164 202 218 195  54 225
   297  17 304 168 395 250 117 392 189  95 158 286 100 193 280 374  49
    14 127]
  [  0 285 143  66 228 119 366 180  85 261 276 147 122  19 295   0  69
   140  75 162 320 192  34 225 381 314 392  65 249 373 208 110  17 142
    20 204 372   8 244 155  53 150 211  84 211 368 202  82 143 275 173
    68  59 302  16 225 310 197 337  77 193 211  86 297  82 188  72 329
   234 116 175 111 394 343 151  30  57 290 342  22 111 255 248 148 169
    14  98 220 172 232  61  51 121 288 239 375  13  39 347 164  52 207
   382  84  75  12 162 160 275 257 377  55 204  86 141 262 144 304 111
    27 220]
  [  0 374 263 366 238 234  24 144 187 400 208 230 393  73   9 392   0
   175   3 207  22 175 260 120 148  33 308 198  96 380 390 330 240 391
   103 259  82  62 228 344 360 372 258 166  25 229 193 256 328 347  86
   241 111 366 328 106 139 170 114 168 361 383 142 261 314 216 165 126
    24 318 257 139 188 248 272 102 252 266 401 231 197  21 336  46 110
   129 132 310  57  10 193 390  86 274 346 268 222 301 394  48  87   3
    18 259 396 111  69 193 254 184 308 384  60 179  64 240 289  65 286
    24   5]
  [  0 253 362 379 286   6  47 224  92  82 185 132  21 111  18  78 297
     0 144 305 112 135 309 182 281 394 390 161 326 350 285 228 146 290
    40 297 164 389 323  57 350 336 206 391  38 369 243  45  93 190 182
    10  81 182  79 354 321 124 230  49  61  53 239 382 214 278 213 198
    88 345  83  90 236 267 274 142 203 333 161  98 137 271  20 378 334
   388 184 176 157  60  66 240  92 312 238 103  33 106   1  46 230 223
   175 137  20 372 252 260 257 388 326 248 341 116 220 223 281 382 174
   171   2]
  [  0  62 229 133 354 185 145 225 242 179 275  37 377 185 118  92 218
   212   0 265 377 282 187 325 320   6 363  45 179 244 334 174 346 209
   164 216 109 379 181  38 384 301 266  94  42 236 117 171 182 243  40
   367 146 185 217 159  71 341 127  78 367 184 184 224  99 253 371 276
   313 196 134  76 398  57  28 105 237  26 284 357 113   5 358 129 105
   100 220 123 102 376 357 149 257 312 390 237 281 307 184 206 175 217
   312 210 365  98 153 338  23 130 196 225 102 389  83  13 104  59   9
   193 223]
  [  0  49  79 209 189  71 185 324 368   1 215 224 182  23  13 205 344
   327 389   0  29 260 317  38 177  34 271  69  46 338   9 105  58 153
   113 200 230  12 277 161  13 170 275 200 299 311 114 391 390 400 360
   282 344 159 281 268 390 119 338 163  25 114 375  74 302 363 167 321
   172 310 171 198 174 288 213 188 134 313 271 299 143 341 383  23 321
   157 355 254 331 124 270 345  73 349 356 141  17  79  82 106 342 284
    83 368 101   6  66 148 327 397 223 193 216 143 236  79  45  31 198
    89 109]
  [  0 106 337 261 357 282 181   6 346 290  70  29 314  87 227  86 364
   150  44 169   0 275 255  39  46 376  40 338  96 292   6 168  60 209
   352 278 297  73 205 276 116 142  88 123 333 174 362 287 222 219   4
   205 198  92  59 362 344 166  48  91 156 204 284 361   5 237  22 250
    49 395  24 339 353 234 213   0 282 270 214 214  29 275 147   9 231
   231 288 225  28 231 320 299 401 246 291  84 322 242 340  34  28  83
   215 138  38  68  95  23 340  30 316 344 142 116 266 162 295 300 241
     0  31]
  [  0 116 106  90 134 278 224 282 249 128 171 276 177 301  61 151 218
    89 319 306 350   0 179  39 377 199 366 193 286 129 153 245 189 286
   107 345 198 148  58 326 211  97 178 388 289 208 342  29   0 264 191
   389 326 182  44 171  74 247 377 329 138 241   8  28 390 253 161 241
   319  86 308 356  15 301 164 393 115 119 211 377 315 314 177 202 103
   164 397  25 333  74  95 191 121  45 295 157 293 360   3 158 217 380
   199 217 117 234 318  28 349 133 269 141  44 161  43  91  86  91 319
    48 341]
  [  0  21 320 315 267 282  69 143 126 152 307 379  10 220 275 259 235
   378 150 209 298 367   0 372 384 344 246 246 256  65 203 118  57 339
   328 326 393 209 161  54 262 363 197 188  72  81 320  60   0 232 201
    63 231 297 124   3 307 121 137 230 355 163 215 224 308 192 204 196
    18 195  61 259  87  64 196 106 188 270  53 104  45  60 247 242 309
   380  31 143 356 368  34 330 114 323  67 154 358 346 252  52  18 325
   101 351 327 115 140 325  22  86 127 348 189 119 256  52 213 151  85
   255 227]
  [  0 222 340 312 113  10 300 173 278 346  67  36 352  21  94 319 290
   203 337 251 299 103 137   0 384 259  37 293 260 231 213 372 345 333
   260 356 110 142  74  59  44 255 178 171 123 251 161 171 295  69 147
   125  48 136 197  15 189 199 298 260 169 175 332 214 214  45  85 261
   141 238 354 286 207  64 250   2 367 140 188   6 307 298  49 337  52
    76  13 203  55 181 392 127 144 274  15  13 119 244  35 384 353 281
   176  75 333  87 324 261 178 391 227 178 382 207 133 315 301 369 206
   334 339]
  [  0 298 372  96 245 279 301 246 272 401 248 296 349 100 310 374  27
   153  96 307 160 207 258 289   0  87 344 262 122  87 346 389 117 335
   154 252  11 129 388 318 370 123  44 162  56 375  67 348 332 319 240
    61 109 290  62  94  15 242  59 310 355  99 227 386 178 372  46 347
   280 263  62 251 335 143 163  21 177 217 223 250 392 156 248 346 242
   113 362 214 399 391 221 309 190 379 226 271  65 282 101   3 281 292
     6 244 118 260 269  65  14  37 305 393 242 370 180 313 167 280 363
   249  89]
  [  0   6 356 316  11  46 391 117 358 275  95 249 323  23  76 284 318
   289  15 330 130 159 221 317 242   0 178  60 139 279 231 228 323 160
    72 280 163 103 264  59 163 290  87 107  21  57   4 141 380 279  20
    97  21  98 396 204 274 357 103 239 231  86 131 348 371 324 366  55
   235  98 301 318  38 204  12  56 348  33 303 167 175 205  24  98  22
    13 223 126 127 239 123 337 133 337 112 359 216 326 354 277 167 148
   158 339 146 296 132  29 157 301 216 172 205 401  72 401 349 250   9
   187 338]
  [  0 385 388  39 356 150 181 242 149 225 111 186 342 236 234 235 163
   240 223 197 135  22 349 248 348 390   0 355 388  86 234 262 371 178
   344 270 313 381 137   1 131 357  85 268 373 261  85 230  81  82 120
   317 213 148 201   1 220 175 364 311 105 342 386 245 103 224 340 150
   232  94 247 190 179 320 289 132 118 342 120 396 327  98 168 382 396
   125  78 220 366  11  43 273  19 350 123 103 336  46 364  92  72 163
    75 163 180 212  14 207 161  61 138  69 267 359 214  47 229  75 226
   170 276]
  [  0  84 122 363 329 132 118 400  58 239 229  69 358 307 256 202 339
   323  78  21 105 213 113 297  83 357 352   0 179 132 258 270 183 229
   273 358 172  14 197 211 218  72  18 378 117 102 391 342 290  87 136
   328  28  52 280 309 358  76 258 110 159 203 158 185 227 161 139  87
    41 398  65 302 344 248 257 103 376  87  58  67  14 285 275  49 266
   334 160 228 127 331  66  86 246  95 152 304 276 337  74  44 128 221
    59 255 389  53  34 272  57  69  51 144 358   6  78   4  34 115 131
   182 368]
  [  0 332 267 272 232  47 220 277 133 287 239 358 124 331 111 358 307
    38 275 151 241  28 401  57 203 310 210 156   0 132 204 258 387  91
   236  12  13 391 237 273   0 349 136 118 158 396 141 103 162 264 184
   168 206  97  31 347 221 253 135 235   3  53 280 118 359 212 294 352
   399  61  59 379  43 402  38 101 185 258 109 115 249 337 283 383 108
     2   2 165  54 338  32 350 353 118 378 396 166  71 117 373 136 233
   352 248 104 293 178 366 222 218 234   8  16 234 123 290 273 300  60
   327 240]
  [  0 174 164 212 398  27 250 147 252 400 400 340 139 158  99  69 151
   285 161  74 262  85 282 260  59 160 239 229 156   0  26 189 273 233
   180 284 384 337 296 191  63 168 386 133 104 367 372 178 125 326 311
     1 387  62  58 337 121  70 174 150  70 270 169  72 202 335 281 391
   267 393 382  80 144 271 253  40 281 332  16 220 398 116 197 182 313
   365 171  31 333  17 286 355 397 386  20 186 299 199 379  74 357  67
   389   6 372 360 367 180 233 259 230 136 123  95 176 392 371  67 366
   297  23]
  [  0 241   9 259 316 224 216 266  53  23  66 176 227 191 392 206 347
   222 390 119 310 328  39 372  73 390 321  30 391 187   0 300 345 265
   179 173 323  75 340 252 192  75 316 323 228 270 150 104 180 182 333
    35 278 245   5 305  43 348 288 205  29  36  76  69 372 200 160 226
   178  77 284 176 343  11 227 231 216 342 215 292 193 162 129   3 288
   206 207 251 132 266  77 232 366 309  96 224 245 331 363  65 286  87
    59  77  27 219 115 316  62 124 285 334  72 401 300  82 369  61  43
   177 250]
  [  0 204 294  47 244 340  32 291 122  87 114 110 378 256 104 230 192
   123  59   9  43 355 398 299 323  64  87 368 398 284 110   0 123 179
    23  80  38 252 104 273 109 187 303   9 103 254 383 330 170  27 284
    71 283 213 397 212 289  13 342  92  86 127 348 210  42 191 108  25
   286 229 271 397 222 106  42 311 400 302 292 270 310  98 355 254 203
   383 243 194  62 252 175  39  44 342 273  82 374 344 113 310 375  83
   223 330  55  93 256  73 361 389 177  63 173 304 105 388 394  91  66
   186 352]
  [  0  68 261 399 218 152  95 352 288  17 399 286 267  30 179  22 312
    83 350 242  26 331 134  17 306 297 109 305  49  12 159  28   0 138
   379 261 237 250 282 260 311 267  37 291  75 196 137 273 323 158  62
   188 116 300  46 117 210 312  70  26  52 165 198 289  92 135 191 396
    49  82 104  58 334 330  33 200 230 115 183 210 152 210 402 305 131
   153 214 244 218  18 295 362 394 207  88  28  11 230  34 392  15 345
   334 368 312 332 356 402 382 363  62 186  48  52  87 317 208  73 380
   385 118]
  [  0 254 253 333 246 280 290  69 252  12 310 342   5 114 326  71 284
   303 296  91 122 148  42 368  48 385 365 118 129  82 301 310 134   0
   351 288 345 253  76 215 333 245 180  83 372  53 393 337 116 274 101
   254  91 292 271 166 240 171 134  24  11 382 110  97  18 110 263 340
    19 189 144  83 344 135 384 357 266 319 113 261 376 140 125 273 231
   330 360   5 144 103  60  62 235   4 282 351 217 389 197 233  82  21
     8 206 357  87  90  47 208 312  97  21  79  48 228 196 245  42  52
   387  43]
  [  0 329 393 201 161  92  48 319  61 147 151 185   9 340 118 240  38
    54 135 147 208 387  26   6 340 188 215 351 353 105 101 261  16 161
     0 136 341 194 168 276 364 205  37 340  71 221 326 109 325   5  79
   322   0 227 158 340 171  67 290 110 134 352 224 369 325 148 397 255
   277 208  57 121 155 251  27 181  17  39 401  37 323  42 110  59 303
    70 383 224 207 199 236 163 324  71  34 118 382 323 142 267 133 126
    94 374 154  84 268 152 390 299 221 295  84 387 150 368  45 113 299
   195 316]
  [  0 319 308 374 231  18 308  72 386 215 105  95  53 194  69  42 162
   218 297   7 111 281 182 247  37  98 388 400 355 198  36 123 330  75
   260   0  35 108 323 103  69  12  33 242 181 191 391 230 180 104 333
    64 332 395 192  17  39  18 295 321 247 314 143 142  47 394   2 205
    47  48 127 146 199 400  32 236 375  94 324 220  90 156 275 136 311
    11 357  28  14 204  29 300 289 100   5  24 142 239 223 183 186  34
   202 221  39 111 122 118 399 128 134 132 265  59 155 133 264 223 391
    86 178]
  [  0 254 177 229 243  79 302 121 282 153  37 314  54 350  78 183   2
   205 107 113 309 121 322 196 398  68   7 131 329 209  54 242 373 399
   132 347   0  43 348  93 366 353 209   1 171 360  50  69 250 337 116
   132 256 371 255 169 253 330 277 229   0  95 132 277 312 114  13 108
    91 117  19 180 307 284  95 192 204 176 313  38 357 389  76 125  92
   106 297 279 232 221 395 231 399 378 295 148  45 162 241  15 325 220
    12 393  11 332  25  52  52 239 300 285 291 151 168 269   9 297  44
   291 315]
  [  0 172 141   8 171 226 372 198 244 326 287  32   4  12 203 208 238
   298 119 134 218   1  86 371  31  35 242  39 186 385 325 314 209  79
   294 139 175   0 321 175 376 105 347  15 159 219  76 391 188  85 371
     8 232 113 245  71 209 311 101 205 307 257 374 142 263  54  62 348
   282 325 120   6 218 161 372  37 184   4 392 294 280 245 209 271 278
   126 219  99 110 358 150 154 346 298 219 184  66 389  86 274  71  68
   228 171 232 200 205 121 144   3 150 216  12  37 220 401 220 194 328
   324 352]
  [  0 247 216 249  81 238 217 206  99 247 185 138 106 375 236 217 199
   377 288 146 332 255 391 228 183 317 360 158  24 117 156 398 382 209
   191 342 125  37   0  38 254  19 279 244  10  78 104  38 185 188 262
   287 274 279 169  98 350 325  76 317 288  93 286  51 112  17 156 121
   201 223 351 207 332 217 381  78  43 243 221 294 255 138 105  48 294
   332 113  73 385 108  67 123   4 365 113 284  53  53 366   8 315 114
    93 155  32 365 117 220 381 392 251 291 241 231 239 150  30 152 234
    95 184]
  [  0  44 127  35 241 308   0 163 364 216  18 287 364 239 157 331   6
   187 318 369 289 368 110  37 324 389   3  61 159 262 147 394 197 154
   180  61 243 218  34   0 398  92 148 118 176   7  80 224 363 248 198
   151  91 298 224 182 176 112 124 265 208 239 323 135 265 339  63 117
   118 107 111  23 269 136 213 132 112  52  77 368 233  91 178 185 199
     9 254 161 226 288 104 303 134 213 362  25 160 290 360 302 357 200
    85 120 265 203 143  65 207 347 169  73  89 201 290  25 375 375 250
    78 352]
  [  0 117 296 195 150 229 174 286 111  66  34  69 190 213 398  61 266
    14  41 275 114  64 326 175 352 123 120 183 396 233 178 197 202 310
   244   7  84 272 274 353   0 322 357 288 227  86  26 171 102  45 382
    91 178 249 112 223 227 211 117 359  28 128 353  56  76  15  26 128
   211  17 393 261 217 201 118 387 192  97 259  58 313 342 264  63  90
   110 100 291  36 364 160 189 153 106 289 270 130 230  36 357 375 354
   153 353 262 221 232 364 365  17 341  29 130 374 184 319 323 104  45
   140 340]
  [  0 245  98  67 379  64 264  22  32  27  35  33 352 209  84  62 343
   345 206 236 169 328  60 112 207  92 369 391  50 365 226 179 325 348
    91 331  29 401 335  29 293   0 174  83  36  51 249  82 153 124  23
    40 201  33  10 135 135   7 309  75   9  23  66 239 108 226 160 401
   145 233 154   5  61  78 117  35 126 396   4 278 273 315  76  40 401
   186 167 165  20 250 149   5   7  56 253 255 395 237 286 223 164 185
   399 347 397 350  23 340  43 105 301 101 361  64 186 287   5 228 354
   254 290]
  [  0 163 120 371 309 246 360   0 198 375 377 304  35 110 177 212   3
   118 171 351 330 371 337 198   3 170   3  21 223  63 285  67 360 218
    67 342 170 363 260 330  31 289   0  53 328  38 132 198 212 266  49
   147 308  33 166 218 233  96 212  13 379 107 155 129 301 358 168 282
    42  28 180 195  88 291 361 130 103 375 320 302 276  93 148 382  99
   307 157  90  76 197 161 333 219 308 349 109 227 328 249 270 300 170
   122 287 339 152 240 202 245 299 366 274 173 191 239 246 343 296 257
    69 319]
  [  0  42 150 215 290 151 321 100  13 142 282 211 338 244 376 380 355
   302  54   4 196 116  31  66  96 384 223 151 240 299 270 380   9 304
    84 178 170 338 283 148  58  70 333   0  75 321 209 271  30 254 244
   132 223  95 126 398 387 280  42 285 382 174 314  98  38 302  42   0
   304  73 352 145  45 216 285  88 116 168  18 192 378 379 180 375 265
    59 102 195 397 384  19 145 289   5 104 384 167 169 381 213 250 292
   148 155 359 198 159  30 188 187  16 170  87 151 105 125 371 223 100
   319 288]
  [  0 309 266 184  51 313  17  72 360 202 352 356  91 374 133  70 260
   380 324 356  84 350 302   1 181  11 316 122 401 109 210  56  37 196
    20 401 112 236  92 129 395 213 225 148   0  73  47 347  97 134  82
   239 328  64 156 344  86 308 307 163 232  63 190  11 174 121 121 135
    31 293 109 213   6 314 135  36 163 219   8 365 159  72 372 205 197
   232 110  20  49  57 184 261 370  93 334   1 237 100  82  20  58 138
   379 199  52 194 176 105  20 231 294 118 190 320 334  95 341 133 160
    60  79]
  [  0 315   4 192 217  38 302 241  77 399   2  29  86 156 101 170  32
   136 344 354 334 150 270  75 289 328 148 163 290 321  52 309 203  69
    90   3  76 132 127 232 257 278 136 315  25   0  29 185  67  33  38
   196 202 389 302  41 332 394  68  48 306 203 377 301 304 109 204 374
   322 341 113 257 186 208 168 339  20 102 397 292 272 326  50 212 292
   172  11 133 289 274  90 402 380 158   7 298 323 126 144 208 152 124
    59 335 266 381 371  61 355 164  76  88 285 252 347 283 166 139 273
   194  36]
  [  0 397  16  92 133 184 398  18  87 394 151 311 377 184 256 113 302
    23 379 261 320 108 289  92 313 142 180  42 246 107 259 192 272 398
   219 166 137 386 199  59  84  39  59 101  57 297   0 356  50 131 316
   117   6 224 364 237 111 350 303 233  25 294 383 402   4 289 114  34
   337 149 292 396  27 166  19 102 219 290 119 211 229  49 337 176  38
   385  53 398 297  90 201  29 242 307 318  14 293 329 224 318  38 202
    52  69 219   1 356  27  78 280 299 104 216 139 177 130 142 298 320
   125  19]
  [  0  18 258  23 214  21   1 313 154 257 175  77 184 117 339 319 316
   383 249 141 154 182 163 187 267 191   8 311 320 352 235   0   1  76
   142 166 281 348 339 123 325 194 282  74 136 291 133   0 243 287  41
   177 195 118  13  50 280 232 238 162  94 144 156  91 336 192   4 212
   105  11 176 381 221  17 352 307 280  90 166 284 101  46 389 384 157
   273 128 333  66 283 313 150 188 150 322 302 344  27 246 309 333 271
     3  13 171 392 101 241 104 233 309  29  69  30  17 313  82 388 189
   129 234]
  [  0 281  14 245 196 386  91 365 388  75  72 273 269 109  67 134 154
   265 386  62 180 330  32 199 120 363 186 266 151  38 115 165 228 298
   163 274 398 284 233 270 326 285 296  28 392 390 203  99   0  12 329
   365 380 319 192 269 146 377 219 218 327 276 134  45 379 156 135 325
    91  59 264 307 313  51  24 340  94 363  47 381 313 225  77 127 158
    47  85 226 373 277  12 330 190 356 156 249 383 363  47 307 332 179
   268 379 127 206 356 310 304 320 355  44 138 317  31 336 328 103 140
   268 342]
  [  0 113 177  85 280 355 267 173  19  81  11 182  70 269 279 149 373
   375 128 123 174 185   2 242 393 257 115 159 157 381 282 351 140 166
   101 364 310 389 111 342 117 341 110 110 184 369  70 110 191   0 393
   116 150 393  42 323  44 114   8 341   7 191  30 177 250 336 225  34
   255 304  48 326 302  98  96 399 233  23 387 325 225 104  33  61   1
   299  57 196 215  20 371 383 320 150 133   0 387 194 364 324 144  70
    36  93 282 178 241 113 117   0 226 292 315 131 228 155  15 400 389
   199 317]
  [  0 328  11 257 245 320 389 352  19 113  61 282 217 386 271  24 144
   112 271   4 350 343 159   0 345  45 106  84 299 154 399 191 329 108
    33  60 128  16 368 251 162 217 303  71   1 349 271 237 268 322   0
   264  24 324 252  67 284 277 270 120   9  68 379 104  47 251 390 319
   181 254  97 163 266 231 290 187 187   2  10 218 152 152 306 401 386
    16 327 166  62  14  17   6 402 118 256 209 222  19  48 313 339 238
    75 333 113 374   1  58 134 175 358 119 339 146 230  62 212 182 217
   367  93]
  [  0 118 192 302 351 257   2 358 317 155 175 210 311 133 289  34  56
   208 104 400 106 302 130  53 225  43 376 298  42 165 272 117 210 214
   396 212 117 212  86   1  63 100 379  18 118 274  93 251 314 248 381
     0  73  74  94 104  64 330  17 181 178 200 335 348 358 281 386   6
   365  88 135   8 237 343 161 346 388 341 220 232 187 352 343 396 254
   287  56 331 158 247 257 162 238 211 121 150 238  72 227 106 209 316
    13  70 284  89  14  39  83 387 280 338 138 324 393 277 136 257 356
    75 245]
  [  0 218 313 293  32 296 301 163 276  86 397  17  94 197 277 107 228
     1 338 163 147 220 326 163 111  26 295 393 341 158 359 188  12 392
    54  33 302 101 328 360 187 226 291 255 338  38 264  27 224 363  45
   133   0  93 255 174 171 283 390 189 369 315 227 128 381 252 293 177
   299 136  90  20 169 273 175 335 194 295 213 197  79 196 334 245 375
    76 313 202 367 203 298 309 148 327 268  49 342 139 298 221 343 332
   129 101 388  27 316  13 323  43 301 397 357 197 114   7 359  16 249
   331 206]
  [  0 180 109 179 308  53 389 185 154 388  23 172 282 360 257  62  42
   166 166 139 134  51  24 206 221  96 252 318  49  23 242  22  36  80
   234 197  70   6 118 394 247 170 108 110  72 123 143 335  10 310 185
   315 294   0  62 300 123 380 114 389 155 170 195 349  46 189  51 270
   339 359 388 297  48 348 357  85 249 323 336 163 122  39 357  64 388
   200 337  55 194 311 306 107 106 347 155 161 399 119  48   4  53  24
    40 116 146 102 393 144 270 389 318 197 131 227 273 373 306 304 285
    19 181]
  [  0 385 206 383 178 291 249 174 279 220 241 213 295 375  77 146 138
    25 145 296 190 114 377 264 238 108  77 142 143 235  70 389  78 140
   347 146 322 312 243 302 336 336  85 388  18 270 273 313 184  93 237
   261 118 280   0  86 355 108 203 337 127  23 297 103 313 374 344 107
   266  66 331  12 402 357 343  71 327 189 126 397 205 201 186 262 256
   172  19 151   4  62 301  81 176 229  64 256 309 212 167 160 159  51
   355 196 308 105  20 241 158 171 315 319 216 381 326  38 185 147  27
    11  59]
  [  0 384 350 169 324  50 254  20  62  22 380 350  31 285 170 302  89
   380 343 124   9 306 168 332 197  74 186 388   3  82  83 241 344 355
   350  26  12 172 217 381  53 241  54  57 259 269 352 256 283 211 319
   334 295 381 185   0 304 298  81 324   4 126 283 378 370  75 218 284
   284 119 262 292  58   7 251 384 164 199  14 212 224 290   6 217 278
   195 241  12 294 324 127 355 187  40 230 146  58  36 376 169 372 256
   344 347 288  73  55 366  71 210 309 241 319 124   1 198  63 279 159
   257 301]
  [  0  39 135 212  47  97 178  28 375 112 133 242 132 196 129  37 345
   269 130 383 264 386 246  14 236 113 235 367 271 356  53  21 214 262
   131 293  49 184 145 160  42  40  93   3  54   2 240 206 137 388 303
    32 195 275 141 198   0 221 393  67 315 377  86 370 164  42 204 161
   393  33 109 393  26   6  55 275  22 172 349  93   7 306 236 321 123
    14 267  35  47 158  34 200 305 205  41 389 137 312  12 214 255  10
   257 353  97  79 385  87   5 319  11 197 331 102 300 343 181  31  55
   305 288]
  [  0 311 268 325 217 233  71 248  35 106 160 347  38  29  48  20 207
   203   8 356  86 238  19 292 133 159  98 385 286 304   3 381 352 334
   382 273 357 375 263 240 255 236 122 284  41  86 103  29 213 219 145
   138 275 357 266 168 363   0  57  71 207 360 168  55 133 218 253 147
    58 109  44 350  80 350 303 168 215 157 296 301  53   1  99  34 258
   208  35  32 252 378 228 116 308 354 181  65  26 336 357 166  94 100
   121 101  64 307 217 214 350 117 370 235 331 362  12 214 190 241  57
   261 342]
  [  0 221 210 371 229 207 223 230 162  10 142 143  81 190  43 358 352
   397  13 357   4 225 280 354 388 167  17 218  84  30 213 330 127  94
   385 333 217 357 273  71 132 248  14 317 244 226 310  60  59 174 254
    71  84   4  81 112 167 210   0  28  40 189 179 166 133 333  18  20
   246   1 268 306 368 395 169 292  73 109 316  87  25 363  70 366 188
   313 174 284 112 369 104  99 278  12 363 352 315 336 202  20   7  84
   180 315 340 307 293 208 210 216 232 331 120 282 235 195 338 374 247
    86 382]
  [  0  44 362  32 234 142  76  89 101 359  20 313 397  74  92 113 110
   129   2 156 189 290 124 100 218  54 349 168 202 117 254  32  38 201
   124  92 113 155 150 104 266   6  25 285 384 250 211 342 191 243 162
   249  34 326 241 281 273 263 138   0 350 168  78 301  15  33 184  99
   227   3 111 259  49  46 146 171 395 331  11  90 300 252 313  78 348
   385 262 152   1 375 392 100 316  24 384  52 227  30  91 248 332 149
   270 157 105  43  18 280 401 360 253 111 217 129 155   7 306 395 386
    39 250]
  [  0 315 388  43 396 270 309  32  25  59 273 131  62 154 342 283 126
   209 294 192 328 379  37 228 243 177  45 211 315  95 345 198 325 165
   195  44  36  26 263 230 328 317 187 130  98   6 164 229 364  66 244
   152 240 203  93  85 112  37 162 361   0 105  63 392 377 156 104 175
   219 153 297 110 226 236 121  67 198  47 238  15 390  33 349 172 268
   285  43  55 328 278  67 143 149 289 340 312  95 365 198 397 174 194
   374 199 234  96 202 166 145 333 142  47  90 297  16 207 371 324  78
   292 156]
  [  0 253 171 374  99 383 315 307 227 339 392 130 180 235  11 139 335
   165 234 189 318 190  16 212 318 134 147 245 218  42 208 371 305  47
    13 190 363 327 396 317  45  16 282 233 106 120 184  26 400 215 186
   121 204 122 159 375 228 180  57 263 385   0 361  84 391  69  13 324
    38 139 140  89  13 163 242  54 338 310 175  75 264 343 322 169 193
   232 251 277 350 171 124  49 134 306 390 123  76 246 215 127  93 208
   349  63 211 391 251 362 198 385  99  88 310 318 326 349 233 359 108
    28 252]
  [  0 160  23  73 241  93 389 102 110 308 291 364 356 260  27 281 307
   354 212  23 391 249 145 216 221 357 355 283 214   1 152 128 327 362
   360 192 349  27 267  71 128  24 359 250 322 305 331  59 120  92 190
   339 228 198 189 115  51 393 123 107  36  51   0  48 307 333 237  65
    91  32 114 199 113 157 166 265 298 310 142 356  32  55 117 327 271
   208 352 362 356 161 208 149 108 359 327 325 156   1 347  68 256 160
    69 212 364 246 376 401  29 216  37 117  63  43 124   8 287 219 130
   393 391]
  [  0 274 280 184 201 231 290 246 228 399  52 279 146 222 398  59 224
   375 371 159 285 158 358 226 264 226 238 168 207  18 168 127  10 206
    50 200 279 232 318 339 249 389 164 126  35 378  11 289 348   8 228
    72 212 145   1 369 334 194 214 390 205 396  68   0  59 368 169 217
   370  12 332 140 331 213 329 250  52 311 182 181 220 144  15 163 266
    51 348 267 265  89 259 345  83 106 254  91  87 260 151 382 229 263
   168 221 168 301  69 141 276 216 175 256 317 218  53 225 313 200  22
   187 322]
  [  0 226 356 163 307 335  69 359 381 184 265 310  72   1  42  49 138
    28 238 145 256  43 354  41   7 265 332 248 129 215 273 313  30 262
    64   7  21 296 398  30  82 110 302  36  88 208 192 374 164 178 389
   111 354  60  56 365  88  54 217 302 133 334 202 168   0 283 152 228
    62 215  86 120  59 171 261 200 113  89 375  38 172 223 213 208 251
    82 265 172 239 297  36 353 100 108  73  38 269  10 388 198 103 118
    30 379 328  82 381 109 385   6 130 149 117 273  21  56 175  96 151
   181 312]
  [  0 287 336  59  73 110 201  27 305  53 114 188 382 230 261 291 169
   346 212 171 391 375 132  83 325  86  60  40 350 377 292 154 198 374
    17 192  23 255  50 297 273 190  16 335  75 171 391 115  33 171 104
   258 307 295  11  98 292  32  25 224 375 228 312  96  45   0  25  40
   278   2  91  18 399 307 368  22 351 229 148 284 263  88  50  59 339
    88 140 372 182  81 313  61  24 198  40 164 331 245 205  11  32  31
   205  87 310 231 385 207  90 325 378 377 399  30 130 154  37 371   9
    64 280]
  [  0 376 292  71 207 245 247 171  49  67   0 277 106 314 197 330  98
   305  42  48 119 121 315 165 129 226 107 280 191 248 363 296 295 400
   319  51 349 180 381  78 175  38 146 190 301 182  75  43 206 108   0
   277  78 228  25  67 234 323  65 401 289  11   5  37 293  10   0  43
    78  40  63 256  70 156 208 236 291 117  68 390 106 231 375 149 381
    61 262 376 331 170 150 265 196 372 202 367 379 367  43  69  78  71
   214 231  90  77 214 343 130 254 345 166 272 198   1 354 276   8 315
   395 255]
  [  0  34 229  97 363 263 363 174   1 306 212  77 248 204 282 156 279
   108 166 295 350 398  52 153  67 141 369  55 264 118   8 397 397 392
   348  18 132  32  30 197 123  53 278 311 148 271 362 336 321  73 224
   356 202 251 324 311 126 202 228  20  41 333  55 214  72 389   5   0
    62  13 402  65 147 130  46 136 356 270 183  56  52 198 136 368  42
   369  62  28  14 167  37 180 193 101  71 237  46 119 259 208 316 196
   327 133 303 278 360  43  17 133  86 172 131 272  55 401 259 166 101
    83 309]
  [  0 162 157 113 115 391 124 273 184 131  29 135 244 318 200 119 312
   358  45  27  71   0 267  78  20  98 151  72 371 171 147 108  91 298
   116 280 388 198 126 255  13 264  52 231  88  94 140  92 251  42   9
   274 253  66 291 194  61  62 328  82 398 238 252 275  37 402  56  42
     0 167 123 163  88 392 151 270  16  82   1 106 117 247 402 129 318
   383 163  96  77 382  53  61 379 336 286 384 155 112 142 218 149  44
   265  33 272 355  18 205  56 359 356 358  19 351 106   8  94  48 335
   149 390]
  [  0 393 112 120 337  71 191 135 174 112  40 280 282 312 337 108 392
   227 147  87 278  55 208  91 104  99 371   1  11 151 146  89  44  27
   324 270 366 236  74 334  58 283 392  12 226 306 146 323 229  25 212
    67 161 125  52 115 339 228 184   3 161 213 135 336  67 279 233 206
   247   0 265 281 280  27 172 330 286 347 135 145 317  56   8 111 283
   318  34  15 207  86 379 240 130 331 216  40 137  99 116 164 126  43
   191 104 274 309 112 256 169 198  92 225 106  51 318  83 312  21 286
    21  67]
  [  0 315 331 331 180 267  26 264 387 341  83 383 312 188 285 258 211
   214 194 335  80  96 126  70  46 246 350 304  32  36 246 132 316 357
   166   5 351 153 377 295  84 192  55 284 357   6  58 275 399  47 204
   374 283 283 300 363 198 297 124 119 345  92 181 331 132 309 401  93
   121 269   0 186 307 322 105  51 171 353 130 185 262 201 354 293 358
   173  51 282 208 378 337 160   6  97 200 121 193 275  71 163  59 274
   321 121 242 210 374 279 297 225 205 344 205 253  42 207 190 107 155
   172 169]
  [  0 126 391 126 109 389  26  67  67   7 256 388 140 110 111  64 280
   246 172 358 190 368  82  91  24  91 322 128 377 134 334  37 301 227
   382 232 151 310  12 224 325 233 140   9 379 301  53 362 201 212 187
   300 364  48 383 195 400  84 125 101 213 100 288 113  78 212 178 325
   214 102 356   0 343 170 125 318 302  81  22 389 355 205 363  41  91
    10  75 132 206 147  32 102  69 316  81   3  93  84  32 366 313  43
   166  59 309 203 132  97 239 387 206 244 147 110 333 248 397  60 296
   126 303]
  [  0 100  76 242  21 393 101 298 245 318 300 117 149 117 182 393 249
   156 287   2 100  38 197 390 370 193 304 384  35  42  39  12 136 366
   182  88 105  44 344  99 354 211  55 343 141 117 371 350  64 319  11
   151 208  72 211 210   0  42 323 253 336  37 297 254 292 108 128 172
   220 260 232  10   0 344  98 152 141  85 201 376  31 242 399 220 179
    93 317 244 177 263  83 289 181 188 350 260  72  33 330 102 150 381
    33 168 232 115 300 254 400 188  13 125 183  87 116 184 149 102 187
   239 170]
  [  0  45 102 301 102  38 186  97  93 308 373 203 294  18  56 339 311
   216 108 131 175 396 316  85 314 112 177 270 170 138 323 236 362 283
    54 153  43 317 185 304  72  50 211 149 212 210 237  20 179  98  46
    58 251 343 337  46 220 394 390   3 375  22 320 260 351   3  65 159
   128 373 247 102  89   0  87 246  49 319  28 138 169 133 182 199 397
   256 393 363 106 280 370 106  23 299 204 351 236  26  88  43 144 279
   343 401  28 328  25  98 176 288  86 226 137 132  55  73 170 141  54
    15 202]
  [  0 191 229 124 349 375 194 265 303 378 152 356 205  21 269 174 302
   200 213  57 148 237 400 168 350 170 141 349  57 106 203  61 293 263
   271 288 151   6 126 219 388  22  16 144 305 204 179 238 179 167 352
   262 391 128 329 177 219  66  64 238 209 313 186 212 279 365 197 314
   394 278   4 204  44 297   0  38  90 310 124 356  78 252 126 383 256
   387  59 131 388 166 169 146 276  57 254 313  49 291 222 385 345 223
    32 303 287  80 365  85 192 339 304 195 386 294  86 356 240 342 185
   140 118]
  [  0 335 126 333 360 210 317  83 321 323  16 325 216 132 161 236 228
    15 385 131 161 274 312 250 266 273   4 184 291  89 368 124  95 174
    49   6 138 320 195 132  56 353 203 378 357 208 259 243 292 196  78
   279 281 374 237 110 112 304 193  36 257 282  41 181 186 400 304 328
    36 261 280  32 344 236  82   0 325 206 238 338  96 297 326 215 366
   333 372 180 165  53 322 385  96 402  17 169 283 229  44 366 280 175
   207  68  92 173 287 154 209 378 221 382 129  36 126 357 195   3  29
   106 352]
  [  0  37 238 218  82 387 358 355 350  85  42  81 390 359 130  83 169
   330 223 112 137 258 152 300   6  35  80  75 220 239 373 386 327 373
    84 221 373 315 300 268 336   2  58 305 152  85 319  89 160 236  77
    13 201 154 111 305 129  34 141  69 149  29 116 285 175 331  55  28
   117 116  68 270 218  14  26 364   0 164 121 132  32 120 119 161 251
   123  79 218 113 395  51  86 189 300  97 308  56 238 317 183 125 192
    60 223 223 178  86  50  12 227 383  46 337 160 112 131 329  40 389
    57  19]
  [  0  93 196 167  41  87 362 353 309  44 278 118 298   1 260 253 353
     9 320 189  74 104 176 266 229 381 185 261 329 136 177 160  42 132
   212 192 328  92 398 109  25 230 100 107 264 238  55 109 352 300 351
    61  61 108 257 318 232 353 222  17  37 173  99 148  94 113 171 382
    62 249 305 193 344  25 318 181 324   0 390 315 396 133  57  83  47
   296 309  74   6 393 186 202  20 149 195 386 258  51 186 159 332  38
    73 284 216 100  19  12 317 217 352  16 214  31 253 113 281 228 124
   399 376]
  [  0 161 276 338 106 347  46  95 360  95 371  80 364 199   1  74 197
   296 272 202 355 337 237 170  42  85 272 375 339 150 217  84 240   2
    94 227 129 172  76 191 173 190  36 139 347 285 350 359  43 396 211
    89 342 142  25 230  83   5  15  39 249 259 312 333 189  93 233   0
   178  86 264  97 207 168 248 233 317 295   0 324 331 293  68 307 217
   130 158 170 143 363 331 221  29 179 187   9 115 304 290  96 265 345
   365 253 399  22 245 221   2  62  90   7 355 231 290 187 236 121  97
   385 102]
  [  0 330   4 271  78 299 236 318 263  24 251 336 125 226 308 246  34
    71 371  84 134 162  95 339 122 220 125 183 255 216 154 382  69 349
   300 157 348 398 279 271  60 330 124 374 101  27 300 210 184 362 197
    29 130 349  53 341 309 125  61 266 244 208 362 279 157 223 149 387
    68 132  50 330 342 382  14 244  37 259  96   0 329 142 306 391 219
   170  14  57 255 191 331 211 174 385 203 280 159  96 158  62 115 101
   368 163 293 112 196  15 187 277 293 137  30  20 151  11 231 352  25
   185 125]
  [  0 358  24 242  31  77 184 354 302 356 329  41 202 219 226  31 191
   310 355 228 125 351 263  97 165 189 402 363 367 393  97 243 310 275
   355 245 158 193 321 365 232 327 144  42 198 367 149 389 137 275 278
   356 311 385 212  15  92 373 342 220 320   3  17 253 251  69 336 158
   243 323  33 227 257 168  99 301 184 277 341 362   0 329  20 267 109
   387   2  81   8  50 187  66 338 286 292  60 128 280 183  53 318 118
   216 294 256 277 148 174 140  86  57 279 186  72 131 284  84  44 176
    37 194]
  [  0 207 345 131 375 247 161 125 195 281 194 132 210 227 244 176 271
   248 260 159 133 356 120 340 248 233 382  92 270 283 283 365 177  54
   208  42 124 180 387 302 100 205 395 169 341  70 120 213 215 259 210
   143 305 166 352 157  16  48  81  58 271 168 278 270 201 246 357 307
   145 293 401 298 230  61 364 283 212  79 126 161 104   0 222 265 114
   257 398 238 119 167 222 145 252   1 121 311 201 208  27 375 134 289
   189 355 318 376 235 161 285 109 373 135  32 110 177  31 305 147 218
   294 289]
  [  0 241 216 322 285 129  92 262 297  13 116 380 171 141 146  89  76
   252 283 168 300 211 246  77  60 315 237 107 118 233  17 239 249 280
   207 209 334  86 396  74  23 385 244 101 272 238 337 307  47  51 235
   252 340 333  10 239 112  89 282 240  90 330 335 393 379  38 201 193
    14 282 188 139  58 341 175 323  13  78 160 266 180 384   0 234 333
   314  38  88  25  65 377 231 300 238  70 261 217 236  49 341 308  95
    84 366  88 166  53  48  32  64 299 390   5 307 189 149 393 102 369
   211  50]
  [  0 325 312  69 166 317 239   6 357  22 354 337  22  19 303 112 370
   294 221  81 264 381 152   4 156 135 236 270 347 237  99 110 267 364
    39 306 224  98  97 212 191   9 138 335 188  81  74 145 339 150 216
   340  96  11 250 309 113 170 117 155 270 191 318  48  53 180 102 371
    27 210 226 259 172 210 142  39 370 118 172 328  27 103 191   0  14
    83 372 171 137 269 370 322 141 196 368 152 232  34  70 250  70  57
   237  72 197 367 151  40 151 344 311 335 184  41 306  53  19 343  47
   110  67]
  [  0 167   9  14 224 336  94 366 327 401  22 140  95   0 174 359 149
   295 185 178 185  15 390 158 318 328 317 294 144 336 196 277 228 324
   348 322 393  32  60  74 326 377 311 213 250 172 250  48 264 307 189
    87 379 272  87  83 229 290  57 230  47  78  47  81 204 126 389 232
   360 309 296 339  17 149 191 382  46 219 287 231 209 245 144  91   0
   129 277 281   8 335 362 302 210 239  64 303  64 359  31 148  11 366
    70 258 332 204 305  53 122 131  98 347 191 216 172 291 194 398 100
   265 197]
  [  0 328 130 312 239 383 276 247 222  81 252 328 202 133 230 338 119
   271 231  17 353 328  66 162  22 175 320  64 230  82 263 286 177 229
   233 237 292 157 371 378 392 251  64 205 188 354 196 190 270 362 230
   213 298 358 323 202 308 224 275  37  89 164 195 262 202 222 354 129
   192  27 127 367 210 243 105 324 343 375 367 381  49  86 372  55 269
     0  79 153 199   9 255 336 155 318 349  63 118 112 362  50   2 210
   365 216 129 375 137 159 218 273 301  81 242  45 152 159 387 147 101
   333 246]
  [  0  25 120  20  76 243 271 370 390   4 356  99 105 232 165 215 300
   323 344  93 315 316 190 402   4 172 369 343 370  54 132 201 233 245
    20 142  99 395  64 218 232 295 226  55 401  52 108 343 402 183  30
   282 128 124 128 143 306 297  39 375 180  33 178 315  11 290 118  16
   206 121 128 142 196 132 289 396 342 323 213 145 203 154 200 381 167
    83   0 139 175  79  64 228 355  65 285 256 357 102   7 152 246 252
   354 287 215 360 385  39  38  53 396 367 154 108 268 101 306 381 323
   104 372]
  [  0 145 303  11 101 267 157 202 391 306 236  98  26  73 195 263 101
   332 110 331 162 126 397 209 226  99 187 226 107  30 271 188 327 369
     1 327 132 221 242 230 145   2  77 339  51 227 172  45  70  93 164
   297 155 249 362 304 108 334   5  80 212 334  16 266 379 110  19 215
     4 177 163  41  72 341 351 298   0 395 188  23 323   7 214 124  80
    53 284   0 149 343 209 393 131 281  63 206 118  35 133  19 165 225
   397 192 173 315 148 238 391 362 295  30 347 367 157 137   8 259 224
    78 201]
  [  0 215 122 170 185 176 120  47 113  98 300 297 281 375 252  34 103
   183  27 156 186 402   3  86 210  34  80  29 222 166  83 273 223 393
   153 167 305 333 229  67 116 115 364   7  68   5 263 159 350 144 294
    76 115  80 380 392 181  28   8  47 219 134 217  17 203  10 168 309
   305 394 211  58 203 206   4 355 102 143 229 303 280 398 321  22 184
   240  92 161   0 388  33 374 125 286 333 260  43 123 342 273 254  82
    23 195 222 172 178 166 137 346 305 233 247 200 124 325 268 139 387
   278 370]
  [  0 102  20 238 323 318 288 239 330 127  57 196   1 383 149 110 266
   197 210 396 288 259 327 118 370 399  32 198 236 204  83 213 112 135
   100 118  17 106 147 215  75 293 194 157 222  41 353 104 131 344 384
   188 212 155  84 149 246 181 335 199 320 228 305 320  90  69 321 302
   100 168 199  86 146 371  88 384 292 238 298 395 333 387  36 257 152
   244 291 212  13   0 349 382 170 160 201  64 353 327 125 300 186  12
    35 235 343 322 223 287 310 244  69  29 393 374 151 137  39 367 225
   335  27]
  [  0 100 277 257 393 258 163 271 178 285 106 356 274 348  99 309  68
   294 174 295  42  95 141 212 153 222 292 302 188  27 350  96 228  73
   379  13 136  17  39 313 137 343 334 257 120 298 390 379 139 391 208
   358 292 112  31 374 287 376 218 151 399 152 371 237 228  53 395 351
   341 107 304 120 179 171 138 231 192 300 178 146 227 221 344 320 101
   117  97 317  92 390   0 121 185 296 335  39 234 175 375  73 383 147
    29 344 371 312 286 267 231 385 280 256 340 157  62 360  40 375 127
   166 291]
  [  0 100 166 249 286 349 110 392 270 345 327 202 398  83 386 134 143
    34 300 112 304 197 254 327  77  32  19 153 155 377 212  17 232 385
   260 274 168  69 263 386 325 267 354 222 302 332 328  96 200  21 399
   252  58  71 263 390  66  31 235 358 260 188 276 178  73  31  60 147
   122 123 292 114 163 118 118 159 100  95  32 103  30 199  76 173 376
   105 354 284 312  10 186   0 163 303 157 194 157 103 229 137 149 382
   155 206 295  12 394 110   6  60 263  35 187 306  81 315 223 128 332
   214  82]
  [  0  97 343 176 326 348 157  14  44  23 309 282  24 325 174 279 123
   360  82 245  82 357 203 146  17 155 269 138  97 129 286 220 118 262
   339 260 271 111 212 106 368  31 255 125 282 270 173  63 271 313 154
   367  88 361  59 252 389 312 107  17 198  62  93 101 362 233   9  50
   296 192 169 235  56 145 291  21 317 147  84 251 340 238 209 175  35
   222 151   9 360 346  58 122   0  60 200 193 210 309 346 123 237 118
   136 291 347 377  88 187  89 358 398 396 370 382  75 335  29 359  34
   308  55]
  [  0 217 179 110  53 141 144 213  81 206 369  37 305 266 162 320 221
   211 324 223 242 249 233  57 277  27 234  70   1  54 292  14 103 105
    56   3 385 284 101 287 313 200 393 386 158 275 135 359 246 118 380
     1 369 162 282 183 339 238 196 280 155 386 361 187  99 370 286 122
   355 220  52 334   6 102 326 258 361 208  84 359 239 257 190 198 274
    80  33 391  64  60 133 248 139   0 129 120 145 124 164 250 163 383
   285 264 273 137 353  71 321 137 200 122 383 103  98 222 282 308  79
   376 273]
  [  0 338 369 261 390  90 292  40 178 304  88  80  64 228 132 110 360
   288 298 220 346 192  62 173 352 384 353  34  14 321 215 319 341 327
   185  24 291 330 183  60 192 255 197 126 176 281  43 246  68 238 214
    47  17  91 401  79 246 171  14 198 123 372  79 239  23  81 224 116
   265 232 259 160  32 212 342  42 283 382 110  22 113 359 336 280 294
   356  49 104 340 313 278 396 372 361   0 222 383  31 123   7 303  68
    37 288  20 193  21 263  38 256 174 318 169  48 326  41 239 106 245
   239 153]
  [  0  97 280 240 149 345 197 395 320 112 108 350 304 201 398 205 375
    39 323 306  19 307  24 342  20 378 227  89  49 310  49  83  82 204
   270 322 284 308 143 239 252  62 182 316 114 156  39 261 399  18 212
   264  92 156 240 340 116 334 115 145 166 284 193 343 383 152 325 314
   360 310 389 375 145 126 225  53 123 225  93 329 306  92 197 248  55
     0  84 141  55  94 292 203 138 252  44   0 223 359 124 189  53  52
   370  86 392 350 184 224 225 176 332  12  57 289 175 276 342 259 137
   155 370]
  [  0 308 338  35 179  45  39 137 390  35  84  75  81 286 179 245  12
   206  22 251 371  50   0 386   3 203 231 268 229 157   4 233 281 240
   395  94 149 360 317  97 230 289 340 298  84  27  37 366 331 216  51
   246 231  66 362 394  97 107  60 321 224 236 144 388 265 269  97  22
   284  41 399 264 151  77 379 260  16 363 236  68 256  90 380  21 114
    43  36 272  52 346  48 182  92  26  91  48   0 126 201 248 303 135
   251  54 144 280 329  48 233  95 221  77 191  10 184 353   0 125 191
   297 325]
  [  0 105 275  84 322 293 247 282 339 125  23  61 291  74 154  63  86
   205 115 160 366  93  53 193 141 187 225  56 180  64  60 133  32 111
   245  20 339 203 227 378 140 217 299 346 198  94  34 221 225  66  87
   235  30 215  12 358 300  70 146 215 260  57  34   4  19 163 394 115
   164 274  86  91  27 186  34 290 102  40 106 387  77  58 325   4   8
   104 237 118 238 303 390 161 365 275 108  91 248   0 319 376 130 221
   281 204   7  35 312 191 167 391 372 116 117 297 372 226 147 306 335
   386  73]
  [  0 357  90 136  54 155 138 331 402 148 246 134 131 322  67 117  51
   368 360 213 214  45 372 278   3  41 325 267  99 210 180 226 234 237
    85 386  79 296 192 352  12  48  79 234 209  78 318 146 322 233  65
   388 305 173 129  46  55 123 380 234 143 393 124 178 300 140 128 259
   288 259  87  99 393  46 367 224 266 178  87 355 262  46 110 150  79
   157 298 211  78 100   0 299   7 119  27 196 251 163   0 161 225 328
   384 265  79  47 190 368  67 211 105  55   8 293 354  55 375 294 153
   265 165]
  [  0  77   9 332 203 156 106  20 399 237 137 130 234 108  54 224 265
   376 180 258  81 195 308 182 212 370 221  13  24 118 353 250 211 104
   388 336 367 294  96 159 237 205  44 125 152 374 111   3  55 188 107
   229  98 144 138 269 207  36 181 225  59   6 335 311 296 124   6 184
   361  34 135 293  25 169  54 228  35 278 374  43 183 135 123  28 399
    91 170 297 316   7 309  75 282 256 234  27 298 243 366   0 147 147
   168 241 264 127  90 308 110 217 382 374 198 402 208  59 373  19 283
   298 123]
  [  0  39 143  34 249 158  11 313 109 397 229  17 309 127  70 305 297
    56 399  72 132 297 400 108 383 188 113 390 280  15 313  98  70 139
   144 182  83 274 264 214  48 345 167 305 160 296 198 323 346 170  96
   316 198  93 122 178 334   2 290 203  36 259  66 151 383 261  90 336
   108 169 288 217 177 220 258 164 295 384  16  66 371 283 268 104 352
   204 275 324 333 285 114 121 128  84 204  37 296 148 361 379   0 284
   265 141 103  83 168 287 239 246 255 311 340 134 378 272 297 351 101
     4 157]
  [  0 256 375 195 327 243 292 170 356 241 245 117 402 190 398  83  57
   329 210 154  62 177 202 330 260 104  52 380 172  96 106 395   6  32
    71  49  39  17  72 253 218 350 164 201 378  24  50  66 357 106  96
   316 372 268 107 390 113 152  53 134 185  74 367 184  68 202 291 210
   223 278  11 287 102 151 334 398  75   5 279 394   8 374 346 275 159
    69 370 208  87  44  22  80 232  56 102 242 323 136  87 292 318   0
   257  61  76 238  61 270 365 108 237 103 234 372 292 369 135  83 174
   281  86]
  [  0 302 159 337 111 389 201 171   4  98  39 329 255 131 401  44 360
   225 236 329 239 148 361  52   2 328 307  54  92  32 177  10 257  21
   112 247 311  94 320 116 300  44 143 315  27 348  18 269 148 151  12
    77 168 296 393 254 199 151 338 332  71  31 221 232 224  68 370   4
   354 319 257  18 401 285 362 311 215 396 366 303  72 110  24  14 109
   322 147  41 142  67 244 275 394 387 290 249  57  14 286 281  67 124
     0 305 222 393 264 198 364 373  18 342 202  67 333 218 331 157 127
   317 291]
  [  0 280 119 380 181 323 357 289 384  86 263 214 185 341  35 125  73
   316 317  25 309 211 250  50 381 199  45  91 248  99 395  19 347 112
   356 100 226  10  74  14 314  14   9 181 319  12 308 356 154 149 310
   168 211 369 341 255 401  57 246  52 363 119  49 186  31  74  39   0
    30 381 314 363  60 144  61 233 208 268 248 125 320 282 324 107  12
   140 162 392  81  17 268 298  30 135 203  37  55 159 298 333 225  69
   383   0 179  81 302  29 288 115  36 157 391 190 215 313 400   4 227
   203 171]
  [  0 142 372 290  91 181 367 193 148 247 218 315 292 218 198  13 264
    38 337 306 128  52 266 121 159 135 388 262 379  88 239  61 123 120
    76 115  16  90 201 264 193 178 299  39 129 228 361  52 156 104  12
   385 356 187 126 325 304 281 225 151 290 203  24 204 308 183  89 315
   281  14   6 288  74   2 253 134  11 179 177  14 121   0 262 176 250
   131 151 303 333 186 176 307 146 116 142 397 285 355 122  87 183 179
    75 195   0 261 128 253   7 371 165 368 118  60 175 174 239 166 268
   142 219]
  [  0 105 129  39  74  70  12 360 136 136 314 351 220  54 314 330 125
    99  63 392 389 173 116 143 243 196 113 393 120 293 247   9  79 272
   133 359 154 353  98 212 315 150 215  38 226  23  70  69 169 165 241
   364 189  65 215  78 320 377 117 122  34  92 325 395  54 211 385 267
     8 382 360   0 293 163 262  39 331  82 366 169 303  66 332  87 376
    73 134 376 384 259 391 402 166   7 320 159  45  37 384 244 258 389
   112 262 136   0 273 209   2 301  13  99  93 194 272 350 195 262  34
   199 218]
  [  0 108  48   7 383 215 305  20 311  40 146 160 129  54 371 153 225
   393 167 391 123  95 331 315 133 323 281 255 119 227 381 380 397 388
   265  13 374 287 306 372 154 237 260 379 280  75 267 134 307 142 383
   265 147 301  73 226  37 291 177 109 161 190 352  77 128  84 139 177
    86 201 331 346 207 191 233 359 291 193 335 281  42 267 185 100 116
   262 151 356 159 371 131  45 221 105  24 360  91  83 363 152 392 301
   226  16 327  52   0 271 207  30 343 328 157 271  20 334 244 191 206
   183 151]
  [  0 136 399 108  21 197 375  87 189 290 234  62 130  33 189 133  72
   144  68 201 113 263 375 287  36 393 149 308 355 167  45 321 330 298
    63 174  32 313 363 244  59  43 361 286 283 207 138 247 388 356 294
   108 190 121 200 223 356 112 259  80 250  70  15 287 371 384 283 202
   234 151  84 393 261 358 192  21 264  35  63 240 107 295  33 213  84
   180 304 172 290  31 267 372  78 300 299 294 199 248 310 333  71 389
    47  98  57 305 166   0 100 150 147 365 215 242  22 250 366  43 152
    55 350]
  [  0 264  11 291 100  18 312 279 311 241 396  77 344  89 255 317  79
   227  17  77 353  31 382 354  66 334 348 123 140 344 214  89 324 308
   320 132 177  66 116 135 177 102 359  78 146  12 133 193   8 167 164
   144 288 317 237 264  27 207  68  69 355 299 370  64 190 142 277 384
   358 332  98 204 284 183  29 256 271   0 391 374  69 125 129 289 227
   258  17 329 310  48 216 177  63  21 223 337 289 309 250 332 318 217
    57 103 171 352 190 381   0  34 126 352 359  18 130 296  12 223 123
    90 242]
  [  0 402 297 182 379 267 316 143 222 200 315 139 269 356 308 318  92
   267 276 125 327 229  55  89  64 349 341  32 149  45 286 122 297 366
    68 291 357  15 267 391 169 290 175 376 220 343 327  67 391 249 387
   365 156 374 193 105   3 398 302 274  61 261 185 379 152 260 400  48
   297 388  70 122 284 310 252  28 354 322 286 126 402  21  13 208 329
   300 105 248 250  95 350  53 138 140 153  23 120 120 149 111  77 315
   108 272  29  20 364 279 329   0 188  70 351 186 207 249 252 315 304
   158 242]
  [  0  35 104 104 220  45 197 182 318 345  30 277  69  46  95 361 268
    64 260  50  50 197 117 295 183 308 162 279 347 305  65 243 207 340
    15 288 162 143 114 335 160 165 330 209 233 159 258  72 295  52 273
    14 195 397 391 394 236 385  46 170 268  53 312 111  76 182 287 331
   129 362 245 365 303  21 247 318 315 123  65 104 213 378  73 155  84
    10 369 302 225 400 129 107 153  73  69  26  52  73 174 370  73  84
   357  97 302 156 192 367 276 124   0 219 165 109 108  81  22  23 238
   213  17]
  [  0 228 221  35 222 275  96 392 313 249 150 146 241 327 256 226 148
     5 109 252 334 233 139 234 224 233 258  96 122 148  53 349 216 333
   360 141 346 348 273 156 270 253 250 370 181  57 124 338 246  34 113
   308  97 175   2 322 124 160 330  38  15  78  97  90  87 169 168 360
   225  39 391 117 329  14  61 279   4 310 359 153 218 169 271 385  53
    31   9 277 215 396 298 168  63 340  64  28 100 272 112 335 185 190
   350 177 183 142 334 215  33 123 161   0 385 152 219  91 272 162 316
    32  78]
  [  0 138   2  96 108 249 243 301  82 240  35 335 220 186 199  71 162
     7  47 355 186   8 187 322 187 181 119 167 150 346  37 170 217 179
     4 155  79 226 189 338   3 383 367 357 400  86 201 351 190 257 281
   155  71 161  56  36 310  40 257 311  22 222 315 236  81 101 334  98
   167 280 346  91 111 386 328  13 131 354 326  91 367  19 230 134 184
   325 276 392 123 191 121 217 261 397 338 313 326 160 101 272 213 136
   221 211 148 320 318  99  44 232  68 113   0 346 347 189 352 105 372
   155  89]
  [  0  39 241 375 101 178 185 362 358 246 166 349 299  97 335 211 153
   294 116  53 260   4  99 314 130  16 336 189   3  97 307  16  28 175
   293   4 302 351 360 284 108 340  92 310 230 208 373 240 153 149 296
   353 241 167 206 284 190 246 142  16 377 251  91 172 314 270  60 363
   357 273 299 183 135 377 329 273 345 291 377 159 383  35 231 355  80
   199  21 113 235 308  75 335 192 169  22 253 312 345   1  35 272 220
   120 123 191  44 239 314 289 397  19  22 127   0  23 319 145 212 256
    35  23]
  [  0 378  89 243  62 367  87 215  22 354 223 242 237 267 196 262 205
   134 312 287  27 208  83 382 139 244 349 360   5  28   5  74 384  84
     0 383 126 256 367 216 118  89 377 106 157 111 152 383 174 251 154
   258 235 306 179 166 275  67 110 297 176 242 339 400  23 196  12 333
   226 224  55 222 102  32  77 398 279 315  85 207  24   0 251 210 244
    51 327 310 237 339  36 388 389  93 153 223 169   6 258 270 231 153
   262 339 194 139 397  74 146  30 136 126 267 378   0   2 363  65 357
   365 364]
  [  0 274 345 308 308 357 280 109  57 371 325 385 140 349 158 198 362
   107  64 328  17 345 165 152  92 296 326 181  89 332 394 135 381   9
   113 358 114 133 270 320 365 284 110 121 237  94 343 235  28 284 198
   191  97 341  42  79 306 277  24 231 347 129  22 337  55 249 336 164
   269 362 198 242 149  56 315 306 162 320 122 248 256 261 267 247  45
   217  26 164 153  20 387 136 157  54  28 315 140 183  43 384 396 166
   216 307 222  80 275 355 246 296 159 364 121  25 254   0  48 317 135
   211 287]
  [  0 244   6  86 326 325  44 324 240   9 264 340 122 147  60 216  99
   369 346  22  83 184 160  82 158  47 290  18 107 201 149 171 259 128
   111 155  75  33 189  99 130 174 362 277 227  52 229 210 234 115 291
   152 293 398 364  36 235  10  98 263 220 314 308  84 165 174  36 333
   371 186 122 346 400 366  86 250 134 255 234 220 111 207 324 371 317
   223 129 312 145 357 315  61 174  72 340 236 266   4 239 318  85 358
   326 104 189 307 311 393 344 260 123 202 322  13  69   1   0  74  72
     4 388]
  [  0 117 272 290  90 172 251 231 223 265  81 146 301  40  69  30 361
   157 107 306  83  28 399 394 163 357 134 246 125  60 151 169 376 106
   258 263  59 376 183 235 122 105  10 290 117 197 367 239  98  14 294
    19 225 265  30 200 159 166 194 364 341 136  82 335  18 369 224 380
   307 109  43  67 137 344 259  54 263 263 305  48 250 355 159 369 172
    97 199 179 251 256 343 312 128 165 401  95 232 254 258 131 387  22
   175 173 140 270 185 122  51 214 225 146 146 138 301  64  59   0 126
   110 384]
  [  0 317 396 249 249  14 357  17 397  33 176 133  77 315  81 154 311
    81 157 302 247 103 229 258 306 238 117  56 339   0 148  96 384 170
   225 202  33 178 357 272 198  92  52  62 357  81 272  79 384 105 172
   174 120 368 134 319 133  20  43 334 376  93 269 225 272 118  69  38
    33  20 294 102 377 301  36 106 242 245 290  54 263 335  86 153 158
   337 232  77 399 179  91 120 327 363  57 375 315  15 208 381 178 338
   195 383 205 401 172  12 130 373  72 258 197 332  37 353 138 388   0
    59 275]
  [  0 380 367 312  75 228 396 115 287 213 256 203 164 255 358 125 248
    22  20 192  15 323 379 192 117 145 365 302  49 269  89 339 300 182
    56 397 260 373 389 167 364 149 236 179 358 119 200  51 121 402 227
   171 276 249  41 202 154 285   1  76 198 186  19   4 175 390 287  41
   134  25 324  10 133 386 308  15 221  59 346  45 387  83 241 264 248
    85 337 220 118 130  13 234 199 184 193 401   4  42 238  70 393 228
   252 379 321  13  44  13  83 317 186 183  87 289 376 396 208 245 251
     0  32]
  [  0  29 371 325 208 311 391  14 252 114 285 138  71 224 166 109 393
   158 352 351  81 387 321 195  62 120  35 135 322  82 278 268 362 184
    23  89  62 134  66 390 111 242 167 272 214 224 257  71 166 117 191
   157  66 166 337 261 187  63 400 264 341  33 319   6 362 382   2 379
   234 115   2 276 288 244 363   2 376 194  48 151 365 379 291 365 386
   318  81  26 303 303 211  63 380 247 174 181 359 213 197 282 311 371
   357  65  72  62 151 281  31  18  33  13 136 104 385 395 233 265 402
   291   0]]

 [[  0 393 174 179 167 305 117 161  26  73 309 335 350 386 121 224  33
   386  72 199   6 111  30 377   7  53 224 257 350 395 342 247 263 166
    16  44 272 385 309 199 268 356 249 365 269 287 300 386 242 100 374
   162 172 135 158  29  61 180 275 228 274 126 258  44  81 271 212 356
   110  11  98 365 294 136   3 290 345 342 214 187 241 342  55 179 378
   361 192  45 186 158  97  83 392  53 397 281 273 180 371  59 295  56
   152  20 219 391  60  75 249  30 388 278  18 338 284 301  16 396 310
   115 267]
  [  0   0  92 358 225 251 323 385   4 312   4   3 246  47 253  61  53
   103   8 320  26 219 199  30 353 384  26 331 251 235  86  51 264 258
   271 395  86  34 351 396 268 226 357 385  74 255 142 194  43 342 130
   226 230 149  82 230 313  65 110 279  33 321 375 314 177 250 103 163
   172 361 373 234 265 219 266 116 140  69 304  96 272 375 282 153 207
   384 121  73 210 315 372  49  36 107 142  77 380  79 173 270  52 185
    98 107 307 283 139  75  26 306 240 214 147 293 349 289  15 269   8
   158  43]
  [  0 159   0  98  82 214 217  59 192 213 367 383 223 325 257  61 395
   107 176  71 179 179  93 340 168 183 274 220 218 169  55 285 313  18
   258 242 206 131 200  49 338 379 167  39  28  59 153  43  28  33 334
    86 259  85 165 113 380 354  82 286 158 308 165 381  42 358 398  60
   117 268 204 301 105 103  78   0 363 211 254  89  99 204 221 144 317
   128 185 260 159 292 378 311 339 156 250 127  41 210 314  91  88  23
   329 390   7 342 271  80  35 236 259 278 258 346  54  83 270 105 181
   362  80]
  [  0  43  51   0  13 260  19 174 305 307 368 138 136 206 359 142 333
   248 343 292 169 203 281 174 171 330  84 241 288 323  75   6 192 396
   107 215 311 304 148 253 295 326 245 361   4 202  24 320 301  94 217
    47 260 159 382 211 226 332 343 201  87  23  47 376 149 303 391 330
    26 363 288 144   9  76 360  38 307 356 258 135  87 274  84 319 228
    12 108 382 347 179 177 402  43  80  95 339 212 168 393 210 380 377
   342 269 108  93  68 118 331  41  55 234 163 131  63 214 108 282 261
   337  64]
  [  0 234  31 107   0  82  56 177 145  98 115 332 105 297 189  67 392
   241 347  30  53  37 175 179 375 166 176  83 230 270 174 368 401 278
    27   0 106 179  67 240 397 169  13 148 374 221 216 167 196 375 188
   135 400  89 282  59   7 226  51 133 129 163 144 157 284 259  52 386
   177 338 190 309 324  19  80 349 215 204 330 128 386 379 185  54  92
   329 176 384 174 386  88 252 258 240 190 346 204  27 346 138 133 297
   345 237 127 130 320  38 314  24 137 113 396 252  53  79 331  67  34
   218 106]
  [  0 330 400 281 160   0 268 103 249 376 298 220  14 187 232 181  86
   276 360  53  97 259 363 210 379 125 279 288  10  59 270  44 378 380
   366 300 245  40   9 384  40 347 325 199 142  77 124 111 299 399 281
   234 300  91 167 148 402 308  52 247  82 235 242  34 379  50 174 199
    28  27 339 174 115 315 266 181 379 231 224  91  16 119 220 270  95
   184 385  41 196 137 383  90 185 234 349 280 345 296 372  31 392 307
   177  68  50 388 390 150  11 231  55 249 197 270 202 397 196 169 247
   241 390]
  [  0 311 148 396  81   3   0 106 104 163 125 271 198 219  72  31 287
   397 254 109 203 100  47 400 103  70 164 191 163 173 267 216  21   3
   316 374  56 126 119   0  48 320 139   7 275 119 360 383  85 192 395
   309 303 267 359 314 270 100 255 212 371  32 188  73 276 154 178  64
   324  73 105 314 267 121  37  63 212  31 393 120  54 169 177 155 197
   233  22 184  25 103 255 282 349 309 105 371 352 244 236 346 379 307
   100 144 293 273  24  12 340 318 315 370 176  38 281 377 158 245  42
    65 373]
  [  0 114 336  86 392 128 221   0 384 290  81  74 330 255 184 174 196
   143  79 221 112 169 246 295 153  44 396  38 204 177 177 328 160 315
   121 135 385  87  62 373 307 157 285 388  84 357 302  46 151  93 360
   144  11 304  29 371 357  94 260 245 251 191 309 346 287  72 299 195
    73 297 205 365   9 138  98  71  17 371 226 145 203 339 172 394 141
    61 282 219 100 351  97 236   9 256  19 219 271 218  99 178 232 295
   388 376 140   4 149 326 303 258 129 141 162 141 365 312  74 231 385
    75 246]
  [  0 202 361 323 183 183 391 161   0 127  21 224 327  52  53 299  22
   276 388   1 267  32 281 386 176 370 208  84 230 144  75 121 345 286
   312 216 396 220 177 179  78  21 372  46 209 169 354  87 165 197 192
   240 153 395 123 205 235 238 118   5 347 144  80  32 330 302  93 187
    82 313 359 116 225 150 359 308 183  33  87 249 323 372 374 332 358
     0 214 257 370 150  50 116 360 383 325 290 295 116 128 318 125 198
   282 387 354   4 390 341   4 355  86 346  48 220 116 236 375 331 186
   175 312]
  [  0 329 118 150 231 217 304 100 242   0  33 112 271 141 358 208 248
   202   5 262 352  81 228 347  72 322 187 383  24 119 143 262  57 250
   251 233  76 395 117 376 177 339 137 277 282 187 180 286 200 172  75
    15 158 126 386  70 361 231  70 176 300 107  44 212  63 269 201 206
   201 292 150  57  63  74  56 159 314 395 307  87 367 306 390 216   9
    67  18  42  32 106 348 171 283 201  28 249 261 347 228 338 104 389
   198  89 189  17 237 145 143 300 248 384 272 116 390 163  98 123 246
   230  47]
  [  0 206 398 128 150 400  28 374  83 105   0 259 165  69 256 102 227
   100 126  80 343 360 110  59 291 151  23  44 256 213 114 254 358  18
    73 196  15 152 392 340 302 199 392 153 138  71 128  82 104 212 126
   195 380 232 241  13 388 264  60 312 396 143 350 354 133 373 296 228
   331  83 366 394 392 382 381 184 263 401 231 364  47  46 153 231 200
   254  61  70  42 114  25  30  75  37 308  50 113 225 110 392 253 381
   387 135  63 142 111  30 400 175 389 203 225 291 354 161 340 395 393
    52  31]
  [  0 345 366 164 239 372 390 334  73 118 375   0 212 222 345 128  23
   131 116 301 287 322 234 258 143 158 189 285 226 156 153  48 291 392
     4 196 245 248 309 268  65  26 102   5 311 157 295 295   9 181 272
   314 169  33 349 202 307 103 306 377 172 283 354 214 369 239   4 375
   302 366 138 201 204  87 208 290 381 204 116 347 183 351   4 351 275
    18 191  90 306 375 290 243 284 231 323 200 145 211 126 122 324 171
    38  60 182 247 198 147  52 112  53  81 361 390  92 189  58  63 101
   176 261]
  [  0 219 136 163 205 379 156  74 196 150 310  65   0 153 227 183  92
   227 113  16  61  68  49 149 352 376 254   0  46  11 273   2 252 322
   137  61 341 151 256 184 336 163  27 167   2 237 368  22  81 327  21
   255 258  84 348 288 144 146   2 272 396 371  40 170 264 222 302 124
   286 391 395 356 177 195 322 199 396 395  67 317 254 223 180  22 214
    65   6  20 215 240 385 296 267 322  70  36 115 307  34 101 387 347
   349 103 304 394 295 378 391  83 118 315 309 129 144 217 276 353 193
    34 340]
  [  0 273  86 290  50 172   5 358  54 168  29 173  29   0 319   9 269
   111 382 375 283 100 215 287 124 319 140 332 276 213 327  23 315 179
   332 325 358 133 242 119 215  98 272 241 377 206  65 150 229  69 292
    41 268 300  39 356 262  27  33 231 125 227 333 226 272 133 303 170
   280 188 334  65 372 180 284 323  55  86 183 183 102 271  53  88 177
   399 317 305 389 170  89 277 376  67 126  45 344  53 121 178  83 103
   351 378  93 398 207  67  15 371 277 126 116  52 122 139 366 210 326
   148  54]
  [  0 389 120 386 116 362 117 357 373  66  91 234 358 284   0 343 270
   149 100 199  40 216  43 378 133 348 161 240 345 276   7  32 378  22
     3 203 193 230  56  14 167 249  58  51 321  83 271 383  47 270 117
   252 345 368 209 180  34 204 251 106  97 102 373  27 357 151  57  36
   388 135 155  64  90 247  90 256 189 161 366 322 261 324 308 212 216
    99 369  13 259 329 386 259 131 365 207 112 320  63  91 195 261 291
    39  12 181 257 137  52 277 160 109 363  99 105  21 392  76  95 131
   255 231]
  [  0 218  65 194 220 340 200 165 397 128 203   3  33 257 101   0  58
   225 261 306 328 372 363 352 267  96  87 316 386 159 286  74 126 339
   199 351  38 176 236 278 163   6 357 339 302 224 145 282 215 230 321
   135 395 138 397  12 164 179 363 382  60 377 190  13  22 218 283 350
    64 388 352  35 117 157  80  93 345 117 144  52 297 305 116   8 104
   387 387 392 113 226 232 304 275 311 114 232 182 182  66  83 227 339
   178 199  45 207  73 297  69 348  10 194 234 296  54  92  59 248   0
   365  53]
  [  0 335 161 127 282 181  60 259 277 316 321  78  89 182 372 108   0
    24 371  88 366 327   0 291 296 363  50 229 260  33 181  92 174 320
   109 191 315  13 377  40  61 376  45 208  56 271  27 225  42 179   8
   137 275 397 307 252 274   8  34 401 287  26 165 169  21 221 346   2
    28 180 204 303 230  69  43 272 190 228  34 394 402 168 274 342 252
   362 275 130 314 388  39 297 262 357 351 297  20 229 376 309  35  24
   112 320  98 201 383  99 222 272 361 289 399 128 209  54 162 225 223
   235 225]
  [  0 277  13  31 401 300 341 396 301 332  76 108 240 109 176 138  55
     0 179 234 229 283 377 211 112 115 144 183 161  65 124  87 114  79
   211 383 217 167  75 176  66  13 177  13 273   9 324  94 269 142  16
   297 366  61  82 106 330 287 318 314  63 262 267   6 332 235 357 363
   196 119 191 153 199 192 335 116  34  62 258 286 173 247  23 256  29
   168  28  67 377 270 116  66 247 259 194   7 231 187 267 347 145  83
   198 281 373 163  85   9 136 208 252 227 160  88 255 151 151 304 298
    66 377]
  [  0 285 328 256 334  72 268 158 170 367 369 295  25 212  67 132 133
   275   0 171 151  29 144  73  81 299 300 244 334 159 265 258 336  66
    65 244  97 314 201 197 111 100 308  31 318 161 260  53 334 336  92
   377  77  54  54 213 186 275 152  77 307 149   6  50 251  33 246 241
     5 357 284 132  45 222  93 193 343   9 217 315  85 130  14  54  27
   339 171 363 305 143 347 321 315  13 208 251 359 196 134 282 183  34
   328 182  13 224 384 324 201 306 200 288 355 358 342 400  46 219 328
   178  12]
  [  0 358 300 376  37 206  22 163 120 132 250 104 110 253  78 316 252
    85  84   0  70 131 111 307 150 115  67 118 373  31 207 318 169  98
    93 220 312 322 339 396 222 210 322 245 299 160 277 281 266  92 179
   302 214 372 306  54  54 142 137  52 213 200 138  77 365 268 397 322
    46 206 290 262 149 182 231  65 137 148 172  22  32 114 282 386 238
   203 218 264 105 269 150  84  19  70  81 131 358  16 296 275  56 139
   301 106 216 238  60 371 357 203 327 258 134 228 364 133   3 359 193
   118 262]
  [  0  97 348 386 397 298 395 228 349 136  82 301 266 241 397  45  36
   394 389 388   0 401 106 286 157 172 387 125 239  17 126 209 267  52
   145  34 145 343 325 352  90  84  16  76 102 388 158 357   5 221 287
   243 344 372  23 394   3 124  33 335 375 351 217 333 135 133 222 226
   128 139  87  95 370  25 269 179 159 399  93 206 138 402 275 402  30
    20 292  33  57  93 237  98 254 343 138 221   7  43 261 392 124 256
    20  48  53 174 305 378 333  16 243 216 220 265  20 114 194 307 275
   187 316]
  [  0 203 259 262  80 280 267 339 302 345 226 291 401  81  96 273 263
    29 210  42 373   0 125 309 399  15 218 131 250 310 251 118 245 339
   266 115 215 129 344 117  48 278 122 358  44  62 372 331 175   5  40
   365 296  96  77  16  50 339 134 315 289 361 323 368 399   3 336 305
   188 114 376  86 180 298 334 249 121 301 153 279 256 291 248 399 279
   231  82 291  99 394 138  50 225  32  41 311 282 309 329 320  76 208
   214  28 286 264  55 122  86 303 245 162 386 277 254 317 342 295 337
    83 115]
  [  0 236 324 276  41  34  66 131 267 143 274 397 358 193 192  31 230
   156  53 369   9 163   0 230 197 328 338 222 354 268 211 175 227 215
   366 137  82  68 190 342 118 282 195  58  31  36 254  43 401 101 219
   364  24 322  60   3 299 338 400  57 101 119 316 148 308 365  76 108
   318 132  46 199 216 269 238 128   1 317 182 302  81 353 259 167 220
   248 115  84  32 320 397 222 246 275 298  97 386  14   2  68 317 212
    98 147  39  61 256 211 162 394  59  80  10 289 363 367 295 360 375
   316 105]
  [  0 262 361 325 259 384 190  36 100 354 339  82 361 312 174 268 280
   219 200 272 210  99 265   0 198 152  21 223 350 370  87 120 126 105
   402  77  65  91 345 135 309 118  34 175  33 383  30 138 294 153  14
   277  65  52 229 222  27 402  79 211 244 308 346  12 129 193 118 235
   107 333 391 135 315  72 383 167 162 285 255 117 241 195 235 261   0
   281 143  80 184 330 316 113  69 330 144 111 250 104 340 248  62  74
   183 135  10 243 307  14 128 109  30  33 244 160 187  32 289 178 211
   402 330]
  [  0  26 270 135 175 112  95 147 158 370 402 216 336 160 308 136 132
   208 185 139  55 233 395 304   0 223 364 188  98 176 400 264 168 277
     1 127  78 266 222 165 253 229   2 183 324  14  52  68 310 175 139
   192  90  85 106 118 325 120 311  56 356 205  89 259 112 378 203 116
   292  19 255  99 323  29 118 215 182 398  19 225  85 106  60  41 202
    31 243 136 219 235  75 266  87 370 265 128 234 284 257  55 386 400
   386 387  83 237  66   6  56 227 320 132 395 398 395 386  96 283 331
   126 281]
  [  0 230  32 327  82  79 186 375 163 289 279 140 345 313  53  78 106
   134  30 384 355 330  93 241 308   0 245 267 102 252 323  11 243  50
     2 215  36 192   7   7 375 311 320 150 127  42 340  99 376 277 399
   214 336 127 221 346 113 380  30 120  38 160 208 157  95 369 332 356
     5 100 364 390 322   1 274 281 107 331  63 211 183 375  63 373 220
   215 262 169 266 277 151 273 258 139 317 164 137  70 244 141 323 299
    46 326  50 292 135  82 125 373 136 150 322 168 186 300 400  22 181
   142 295]
  [  0 127  29 111 211 175  94  16 272 114 128 349 230 237  11 100 195
   263  77 136 286  56  29 118  27 225   0 210 106 328 394 224 183 229
   116 118 121 150  69 184 128 242  25 376 196 316 402  92  81 313 400
   252 267 364 307 102 286 318 377 189  96  97 187  86 294 116  84 216
   172 293 391 230 186 312 305 133  93 135 101  32 347 304 216 401   5
   391 327 186 222 164  51 364  92 236 193 395 336   1 103 313 237 354
    52 328 399  81 401 221 232   9  15 248 182 222 193  80 136 380  56
   119  19]
  [  0 218 182 143  33 377 294 135 249 321  18 110 118 234 137 325 108
    99 207 121 191  10 325 218 260 169 366   0 312 217 223 113 276 179
    66 268 373 369 137 147 199 235 167  17 163 362 108 160 232  79  45
    34 107 162 140 388  50 341 304 355 185  20  75 224 376 168 387 214
   110  91 397 251 166   3 368 179 229 363 305 271 228 308 290 178 143
   387 384 150 318 301 141 108 279 261  50  60  74 177  44 154 138 238
   156 192 159 390 185 113 221 318   8  40  37 387  86 252 326 401 268
   183 211]
  [  0 264 123 205 111 279  79 136 154 280 205 379 238  59 300 269 264
   397 234  84 259 209 394 293   9 285 228 342   0 145 268 292 250 257
   373 185 356 240 223 324  31 378  44 383  93 255 169 133 355 143 253
   379  21 116 159  58 165 307 116 361 354 207 321 249 260  37 148 199
   107 393 148 315 142 316 279 208 263 242 172 285 167 261 318  45   0
   363  83 199 119 255  38 176 271  41 175 283  21 358 172 279  96 333
   149 155 252 139 108 387  54 252 116 375 256 152 395 110 190 118  91
   270  14]
  [  0 363 375 154  91 209 196 141 220 201 361  47  94 321 286  20 392
   102  43  67 146  13 202 259 234  45 255   8  12   0 198 364 180 112
   352  79 170 315  48 168 265 390 103  49 186 319 378 305 136 300 187
   243  31 145 180   2 152 169 255 376 287 181  36 269  36 109 316   3
   340 389  97  59  70 143 133 239 275 120 101   0  99 368 144 176 254
   116  54 109 117 287 300 319 213  71 262 221   5 378 185 156 205 337
   347 383 145  82  82 384 178 355 378 289 275 265 127 340 305 202 138
   198 149]
  [  0 104 270  66  21 282 305 150 242 318  45 343 278 379 142 310  26
    95 363 217 292 394  43 114 320 248 389  52 373 209   0 123 284 183
   199  26 358 320 220  99 338   6 400 147 387 204 106 211 198  85 148
   329 152 237 298 136 282  82 356  77 304 184 231 227 227 197 223 196
    73 267 228 378 256 362 356 385 215 231  61  42 222 211 215 234  95
    14 326 209 204  80 105 145 190 136 281 197 135 356 376   9 275 303
    93 329 148  59 312 365 110 112   3 165 153 139 208 320  68 280 334
   100 305]
  [  0 278 243 275 198 157 155 140 286 308 345  55  44 372 231 329 120
   358 265 323 297 205 180  21 180  39   3 303 395  20  32   0 245 273
     4 237  85 221 396  94 311  25 176 182 289  30 153  95 393 200 317
    20  82 116 250 239 362 128 136 287 374  32  91 319 315  46 270 390
   150 262 402 369 275 358 236 128 384 183 119  80 157 127  86 172 296
   167 178 370 387 292  31 243 150 192 256 198 244 149 143 158 330  34
   251 354  63 302 304 210 350 272 156 366  22  23 226 264  30 399 384
   333 308]
  [  0 214 359 336 230 286  87  48 290 167 167 299 184   0  70 353 165
   369  70 313 265 357 175 188 326 222 214  21  42 233  67  58   0  90
   273 192 198 376 241  68   9 291 259  50 354 367 380  52 120  45  10
    77 235  77 233 220 245 342   9  16 281 274 104 193  57 343 371 342
   174 205 156 257 135 258 209 240 252 293  59 294 386 237 333 327 198
    70  76  98 324 210 348 128   2  74 171 171  97 187 127   7 158 265
   131 280 378  10 202 251 258 395 232 379 231 138 284 112 266 242 215
   325   1]
  [  0 337   2 182 287  78 143 355 391 389 203 158 396 260 112 330 145
   360 174 275  55 107 271 180 130  24 399  14 184  84 336 241  20   0
   285 271  43 105  52  23  63 309 197 399 258 181 146 176 349 200 391
   354 115 389 196 327  49 168 176 314  24 254 308 158 117  45 179 223
   388 278  16  69 280 335 112 276 256  20 217 112 314 153 375 228 329
    69  43 321  67   0 330 214 364 157 202 114 219  57 165 181 329 146
   111 105 123 385 215 162 332 269 263  56 111  10 380 294 333 225 311
    73  97]
  [  0 183 146 182 333 106 183  37 334 385 364 246  74 325 134  34 163
    53 235 345  84 150 156 264 170 102  12 216 228 238 206 388 381 162
     0 295 205 166 118 192 311 230 279 231 351 203 252   1 325 332 366
   137 238 325 192 294 211 150  79 253   6 361 147 169 126 358  66 144
   306 366  35 249 265 362 271 334 345 219 332 330 266 401 385  95 397
   355  31  64 137 395 162 308 130 239  70 284 305 157  84 255 270  19
   308   4 345  14 314 158  62 129 161   5 119 117  79 100  73 140 185
   273  51]
  [  0  22 303 129 237 293 376 265 393 126 235  45 312 298   4  77  38
   282 180  47  45 371  39  11 218 213  46  84 344 196 402 307 374 142
   261   0 287 145 261 183 375 215 235 262 196  83  96 392 163 156 111
   233 227 304 172 339  86 370 263  35  14  51  79 140  40 146 246  84
   217   3  62 257 188 131  93 269 302 103 318 307 172 389   7  99 186
   402 302 185 282 209  92 373 293 354 396 221  39 267 389 291  45  27
    35 359  22 157 250  21  61 311 296   2 318 177 361 126 181 178 338
     1 137]
  [  0 317 229 215 318 180  17 189 344 204  95 193 310 231 352  91 237
   360 152 155 284  14 386 100 198 384 290 246 270 197 121 354  65 159
   265  58   0  57 327  73 161 332  58  28  17 281 121 338 399 176 101
   311 278 153 336 328 337 111 215 202 122 241  82 343  77 258 145 172
    10 237 158 260 138 275 230 366 150  92 309 107  12 138  55 143 358
   147  52  95 325 395 221 243 231  29 387 100 138 331 162 117 211  24
   364 353 288  56  38 308 342 253 138 366 303  67 101 158 367  50  39
   372 292]
  [  0 295 346  47 158 387  76  94 318  11  64  30 170 260   0  92 329
   115  71 112 150 288 295 202 282  73 235 317 402 378 357 160  90 257
   121 204 159   0 122 154 332 269 115  62  27  39  67 360 366 251 125
     8  83 233 145 169  36 177   1 270  97 157 322 368 243 186 249 160
   318 126  68  40 323  33 322 338  33 226 309 271 162 353  78 151 142
   307 364 109  43  79 321 132  22 129 121  87 253 112 104 264 395 305
    64 129  99 356 365  33 327 386 174 103 365 301  89 179 169 249 332
   335 196]
  [  0 292 363  72 301 209 225 387 258 209  61  69  27 120 347 195 329
   284 297 151 318 331 331 363 252  17  99 359 321 119 182  66  20 400
   215 385  95 353   0  23 159 381 270 178 250 108  72 156 154  40   7
   186 120 113  16 106  51 142 140 209  41 179  67  85 346 343 316 141
   334  47  46   4 359 186  75 384 158 165 332 183 221 371 224 234   9
    73 384 357 231 239 296 293 188 357 242 324 303  87 374 241 144 136
   366 185 201  73 302 135 240 151   8  62 243 266  22 267 269  21 332
   251 229]
  [  0 190  79 347  72 217 289  37 138 312  58 183 306 130 387 319  86
   123 165  55 328  10 220  56 201 176 310  47 394  94 297  30 383 317
   328 291 297  89 316   0 343 199  68 176 312 357  41 192 324 154  80
   148 233   2 317  50   8 295 254  19 166 138  98 122 151 354 362 123
   207 242 119 129 161 277  26  23 118 337 110  34 255 383  72 189 298
   276 246 113 165  15  18  23  21  25 352  55  16 221 183 348 310 387
   112 111  75 346 200 185 328 107 387 182  37 178 125  70  72 270 339
   248 111]
  [  0 232 217  55 360 309  27 221 318  77 113 225  76 203 277 172 387
   396 233 200 289 324 333 155  52 168 338  13  45 204  77  31 399  63
   143  82 320  47 187 160   0  89 363 181 307 231  11 178 240 256 114
   343 339  62  44 314 281 111  17 393 166 253  73 210 328  88 248 157
   401 133 118 182 217 126 264 224 113 304 272 136 168  71 143 362 348
     3 349 279 147 373 153 118 294 239 322 286 182 233 120 164 237 191
   236  59  31 342 324 100 170  86  26 361 301 275 339 308  97 363 216
   192 254]
  [  0 221  28 227 368  93 315  74 254 118 362 390   7 216 347 255 329
   381 255 333  67 233  50 322 127 258 207   4  14 113 368 348 155  30
   370 344  99  45 279 245 114   0 143 222 322 366 316  94   9  39 186
   251 186  26 312  21 271  97  52  75 185 251  49  19  78 341  66 298
    24 182 310  94  35 180 146  65 107 260 267 399 120  80 127   8 269
    65   1   2 356 188 250  11 288 120 252 386 132 265 171 223 285 347
   239 155 295 236 280  61 325 391  58 125 110 253 217 112 161 287  83
   301 279]
  [  0  74  65 166 358  18 175 297 348  65  35 352 304 140 321 311  72
    24  31 377 110 273  70 288 337 281  58 353  15 242 185 303 275 159
   226  93 294  82 125 369  80 211   0   3 262 166 230 308 188 339  97
   311 247 192 278 261 157 372  77 279 349 218 363 100 277  53 235 117
   154 376  42 347 220 221 279 381 395 232 190 117   8   4 340 210 126
   330  64 230 259 401 386 122 171 162 374 258  98 324  18 208 349 278
   363 163  39 288 326 142  86 325 260 334   3  99  53  33   1 135 274
   384 368]
  [  0 395 114  82 121 335 235  33 381 122  59 210 223 289 252 360 390
   276 242 349 105 371 359   0 127 380 121 249 204 102 271 238  60  79
   307 166  13 383 400  59  86 216  93   0 253 194  74 158 256 387 186
   117  72  45 178 179  15 291  30   4 261  14 397 151  20 112  53 324
   149 396 194 289 209 109  44 171 238 219  46 307  42 224 111 380 317
   138 399 139  22 333  26 342 126  19  24 278  27  36 324 166 174 207
   346 104 329 245 200 201 165 154 158  70  52  83 293 380 336 166 242
   106 324]
  [  0 324  67 349 295 261 302 180 218 326 398  22 207  82 178  59 169
    49  24 162  97 377 391  39 340 135 249 106 206 114 346 281  35 349
   175  10 191 302 151 295 273 211 156 308   0 361 116 305 313 111 271
   391 113 288 183 225 326 171   9 329 336 375 107 196 348  38  65 152
    84  94  54  87 173 229 145 359 287 259 331 273 132 169 316 132  73
   230 318 399  62 163  22 189  68 381 209  62 290  75  34 156 298 244
   308 269   9 118  73  62 367 309 198 120 314 358 162 163 289 311 311
     6 129]
  [  0 104 294  45  59 261 399  43 111 153 345 330 339  40 188  48 334
   380 197  87 165  20 154  12  71 389  22 358  75 144 288  70 255 187
   239 168  77   8 150 361 181  31   5 401 201   0 242 124 384 109 267
    79  60 333 394 305  22 225 117 224   4 253  10 126 130 229 400 278
   354  81  96 324 354 299  65 237 353  21 267 207 148 108 349  97 186
   227 271 349 310 305 341  99 129 219 131 318 153 374 353  62 335 214
   214 313 121  63 199  95 143 231 260 124 277 365 353 172 272  14 369
   205  31]
  [  0 322  50 259 225  32   0 263 245 399  55   1 185 356 221  75 217
   240  96 389 105 263  19 267 105 372 233 311  12 158 347 159 255 347
    84 220  63  74 368  52 334  99 201 172 389 132   0 246 190 269 248
   138 391 177 161  30 191 228 353  80 199  19 212 326 124 265   3 400
   384  17 169 107 184 366  64 273 361   0  43   4 131  85 248  81  14
   274  10 345 345  19  85 141 319 183 358 223 199  41 268 149 150 360
   214 132 137 400 235  79  81 270 276 294 374  20 387 252  65  16 104
   357  59]
  [  0 369 277 401  27 167  75  89 402 182 150 248 278 288  73 333 394
   385 207  98  90  59 229  38   5 173 193 353 208 236 149 310  46 285
   315 197  80 106 200  50  56 133 389 190 383 292 179   0 348 308 296
   185 379  60 250 117  45 347  51 189 214 227 234 372 347  43 149 166
   279 354 126 401 208 102  61 207  28 124 352  82 194 141 120 299 314
   292 284 194 394 197 143 190 388 223 387  19   4 358 164 375 135 247
   150 245 307 140   5 303  33 387 270 119 227 386 260 282 287  81 345
    46 184]
  [  0 106 345 284  15 292 243 272   0 140 114 184 312  55 310 334  97
    54   3 362 214 399 141 296 183 393 327 323 298 276 306 321 168 324
   291  25 131  18 187  64 161 341  40 121 302 367 129 401   0 306 251
   169 323 371  37 181   2 176 268 337 393  90 393 195 191 153 310 389
   277   2 378 215  76  93 279 305  54 357 296 293 275  29 353 353 110
   222 372   0 232   1   8  24  76  26 380  78  81 199 327 313 209 262
    60 396 100  61  37 223 326 134 170 346 240 136  74  86 232  97 206
    77 283]
  [  0 378 259 398  68 309 224  88 316 217 369  96 130  43 158 346  54
   378 331 104  40 135 367 274 322 194 190 168 327 335 368  16 161  63
    64 189 145  49 362  34 321 350 206 395  79 197 152  26  33   0  48
   326 393 336 311 359 275  19 118 336 214 316 179 160 357 194 281 115
   362  34 192  80 313 386 156 314 139 159 334 295 393 333 240 107 399
    73 234 187 124 339   4 185 203 374 216  14  78 191 270 398 173  69
    52 241 285 299 331 308   3 135 291 348 332 189 255 169 320 284 344
   211 315]
  [  0  74  27  12  80 259 292 380 182 216 116 164 252 252 206  42  49
   291  84 100  71 169 392 159 356 351 374 111 222 187 221  59 157 224
   271 209 352 276 104   7 215 376 245 274  28  58  84 295 374 360   0
   180   2 135 304  19  79 115 167 208 214 287 151 200  19   4 207 267
   393 263 316 290  25 357 113  70 261  92 329 134 229 350 268 205 126
   181  83  86  33 198 280 363 181  85 263 258 218 386 228 219 165  34
   155 123 341  56 275 356  87  16 270 129 259 157 253  12 296 367 118
    35 171]
  [  0 366 130 125 116 159  56  12 236 146 362 282 294  69 218 269  91
   125 147 184   8 350 346 107  16 284 346 344 140 332 235 302 318 280
   272  55 121 267  46 372 239 258  57 367 210 351  94 271 159   3  96
     0 155  83  35 303 305 272 286  89 211 184  46  38   1  82 132 113
   386 272  39   6 122 252 112 241 309 176   2 222  76 218  95 315  84
     4 131  93 140 193 159 384 204 161 319   3 341 308 166 402 308  36
    34 261 376   8 367  10 116  47  42  60 253 376 392 372  38 339  50
   169 313]
  [  0  98 133 132 353 203 368  64 297 361 242  73 396  76 313 227  78
   282  12 349 206  13  74 271 396  26  16  43 242  41 119 253  10   9
   306 226 267 240 349 214 381 384 240 294 360 285  71 107 398 312 134
    33   0 183 154 212  99 213 188 116 222  78 330  86 223 294 217 396
   135 292 152 248 361  75  56 268 250 229 215 297  28  87 288 286 274
    99 235 398 168 269 141 225 261  14 208 298  10 172 127 175 362 174
   277  73 181 368 367 157 260 215 342 196 105 117 401 228 370 112 310
   362  28]
  [  0  24  62 173 203 256   0  75 228 356 280 387 259 123 283 290  70
   204 134  38 226 289 250   1 283 174  28 261 221 329 372  50  50  30
    99 212  86 257 207 240 387 224 314  30 112 138 106 341 314 212 390
   365 100   0 153 385  38 394  84   3 220 337 188  12 228 298  71 157
    71  84 140 204 336 275 175 238 386  49 239  61  57 164 257 322 157
   307 265 208 164 189 283  68 216 155 320 400  44 273 323 337 290 387
   100  87 333  57 279 293 133 357 273 261  57  69 134 308 100 278 287
    22  17]
  [  0  63 329  99 271 124  12 391 391 110 162  74 110  73 228 254  47
   160 298 352 172 113  10 303 203  25  12 210   1 274 242 157 370 402
   333 236  46 338 156 283 314 381  20 390 341 271 224  52 216 164 311
   120 172 345   0   5 296 136 249  36 200 341 113 314  95 194 364 176
   226 124 360 297 133  13  90  36 243 135 349 379 194  16 200 184 211
   198 379  33  96  32 110 160 357 250 344 378 195 395  73 279  97 389
    23 195 363  12   0 113 360  24  80 300 256 347  95 289 120 164 318
   116 265]
  [  0 388 378  85 160 298 172 176  95  78 327 187 302 363 240  60 282
    64 191 222 380 152 113 363 347 269 202 393 353 278 226 183 235 291
   388 215  37  43  51 211 347  70 179 185  68 150  42 357 356  91 204
   387  24 332 103   0 139 386 111 130  51 230 366 349 394  12  45 326
   100  65 125 206 232 395  67 382 155 245 102 319 146 299  32 357  34
   119 105 381 303 105 149 201 359 235 191 372 241 274  35 135 136 155
   331 375  31 293 286 141 173 206 269  36   7 292 258 378 293 380 357
   219 299]
  [  0 150 257 325 117 287  37   2 117 135 363 344 150 284  43  78  17
   224 107 154 280 228  14 143 316  66 234 184 341 110 377  10 377  16
     2 178 337   8  24 336  61 362 264 130  35 264  26 139 336 174  16
    74 279 336  11 358   0 300 118  19 345   5 141 200 153   5  89  69
   220 128 281 107 299  98  42 207 294  79 309 244  44 273  51 184 387
    89 291 294  16 109   6  62 282  70 325 365  52 361  38 299 229  83
   113 293 230  52 128 381 363 230 250  77   2 173  19 158 338  47 252
    90 129]
  [  0 331 165 309  25 265 259 230 299 366 178 369 107 370 272  40 146
    41  59  15   9 250  51 261 167 282 230 347 137 141 361 241 337 108
   265 360 301 113  77  86 297  45 126 267 166 361 158   7  41 364 244
   237 331  21 213 334 363   0   8 224  10 347 110   4 294 264 323 201
    62 187  95 152 123 243 177 256 271 376 339 265 292 375 380 170 326
   261 313 112 203 389  90 366 253  64  27 312 302 395 188 355 373  37
   214 281 198  84   9   9  44 295 315  95 189 391 203 247 249 277 316
     8 170]
  [  0 256 203 264 310 299  87  87  24 203 156 250 381 203 135 330 135
   389 166  29 340 110  49  60 254 402 368 210 212 253 171 138 399 276
   384 242 282 382 214  43 138 216 133 131  14 401 391   8  49 382 187
   277 396 161 194 171 391 118   0  59 243 157 272 111  73 102 217 392
    97  75 273  41 256  12 114 109 115 335 373 136 234 202  46 230 151
   103  26  80 355 220 214 273 371 252  60  59 290 312 373 217 141 107
   240  23   5  87 174 362 355 137 175 310 181 399 360  42 105 229 206
   361 217]
  [  0 373  65  42 344  97 304 106 132  48  87 383  67 310 368  52 119
   280 212  32  41 137 147 298 201 194 232 205  25 263 289 155 266 168
   255 205 306  87 199 145 218 226  11   2  19 161 380  70  96  64 336
   223 369 176 216   2 110 154  45   0 316  50  45 172 130 275  64 152
    76 330 218 110 187 282 186  61 125 259 177 194  75 284 111   6 205
   400  93 336 122 269  10   5 223 319 204 182 352  60 225 383  65 219
   399 180 274 334 303 201 272 203   2 246 332  31  36 106 397  18 204
   158 127]
  [  0  60 363  90 140 298 397 358 392 271 265 292 200  71 268 105 398
   390  74 252 117 227  11 329 152 163 170 104  64 267 396 256 374 309
    25 303 219 244  15  92   8 345 323 372 355 166 337  57 187 329 164
   328  54 318 214 273  97 324 372 182   0  82 329 372  86 401 181  45
   320 310  32 317 398 256  40 148 293 188  95 173  42 394 380  73 132
   352 333 141 188 263  57 200 264 243 187 151 220 220 340 206 104 146
   252  11 229 323  65  12 127 348 189 298 393 136 156 398 248 258 289
   190 337]
  [  0 119 163 114 222 101 304 141  30 237 368  51 345 122  75 132 284
   162 100  40  10 106 116  80 250 225 137 369 230 237  40 270 188  33
    84 357 290 254  52 153 330   2 336  88 192 281 136 138  52 197  74
   250 162 109 176 358 241 141 104 272  41   0 385 285 242  59 105 269
   283 195  73 295   0  28  30 137  92 101 266 312 378 381 110  11  59
   252 335 132 397 323 348   4 226 214 312  31 245  80 199 224  91  50
   214 318 220 358  77 392 115 213  80 154 294 359 245 334  72 302  28
   233 199]
  [  0 148 148 375 377 297 124 287  85 180 216 302 244  80 264 395 238
   232 168  96  65 223 233 290 140 147 225 241 141 331  81 263 303 142
   128 183 256  29 236 401 355  60 141 114 261 215 282  59   0 303 169
   232 251 255  62 214 363 184 185 400 270 153   0 105 119 171 134 326
    82 110  44 286  91 370 402 182 103 263 284 285 335 280  58 344 161
    10 369 316 391 273   4 382 360 249   1 173 190  95 397 235 391 238
   129 138  12  79 195 319 338 138 398 316 267 290  37 338  96 212 387
   384  75]
  [  0 149 245  56 386 265 184 388 345 268 338 180 293  31 377 163 158
   125 305 288 132  71 323 353 336 314  83 346 210 288  10 228 250 389
   321 245 273 399 266   1  54  62 303 258 277 254  21 224 341 288  99
   368   8 214 231 214 345 242 389  66 340 150  27   0 230 263  56 342
   184 384  10 222 243 120 247 197 191 267 158 115  54 371  48 346  68
   371 132 108 124  98 132 193  14 110 392 328  22 130 278 179 216 218
   211  40 309  27 355 352 311  75 186 199 176  98 218  97 173  16  96
   256 353]
  [  0 222  66  63  88 297 222 361 265 182 303 149 365 296 271  83 289
   175 331  46  63 278 224  94 271 102 176 132 311  19 266 242 380  34
    72 118 312 223 266 223 256 188 164 323 334  42 355 299 272 254  40
   107  73  62 244  33 261 336 185 328 189 147  95 398   0 394 142 353
     6 230  10  22 325 289 162 341 323  88 162 310 318  14 183 205 299
    12 361 321 255 137 387 293   9 183 126 285  78 288 163 298 150  78
    62 138 342 163 392 218 167 236  10 388 148  16 305 241 368  21 392
   292 398]
  [  0  81 266 288 361  20 189 193 243 173 118 165 397 359 122 319 296
   216 335 162 393 398 101  25 286 209 352 145 382 172  72  61 237 374
   186 206 168 183 254  73 193 141  86 191 393 296 218  14 188  53  31
   235 160 328  58 382   6  73 154 400 130  17 173 137 362   0 271 257
   106  16 346 284 304 277 309 138 351  79 169 320 132  53 185 387 148
   312 106 106  56 357 386  63 392  48 356 322 276 317 277 364  70 381
   262 207 340 327 140  87 329 129 215 375  32  34 228  93 402 210 154
   208 144]
  [  0 102  83 250 125 280 277 304 380 252  93  52 260 381  69 197  84
   316 164 356  55 219 112 100 289  15 207  44 233  22  64 296 295 103
   230 217 296 216 314 297 242 239 200 225 384 382  13 149 322 280 241
   306  32 332 189 385  38 268 346 169 300 186 308 390 262 270   0 263
   379 400 386  31   3 398 187  54 179 112 133  37 250 310 275 268 204
   315   2 217 315  16 310 168 284 161  76  47  23 384 248 341 230  52
   366 321 283 246 106 261 359 281 190  83 163 123 398 396 133 154 108
   152 105]
  [  0   9  26 234 330 381  10  63 140  32 282 339 245 354 396 248 206
   353  71 139 238 313 226 102 227 277 328 274  77 227 270 138 270 239
    82 317 243  10 120 136 290 399 199  27 179 310 125 293  39 173 123
   244 196 246 116 173 108 187 119 316  85 217 191 398  31 256 190   0
    59 350 343 248 181  79 182 200 341 121 125 128 197 225  40 222 300
     9 253 224  52 141 352 327 270  88  43 263  85 158  87 145 395 269
   331 229 293 153 331 161  28 208   1 203 230 156 335  39 312 309 281
   316 219]
  [  0 235 182  35 308 350 153 267 367 361 173 294 253  83 370 267  74
   209 239 146   4 289 306 319 274 354 192 172 152 195 176 266  84 160
   334  69 241 134 383  51 179 317 368 294 390  43 359 180  23  27 311
   164 310 279  90  52  23 219 121  11 375 383 100 352   5 148  90   8
     0 194 157 225 124 149 389 249 171 150   6 116 330  13 124 158 151
    97  40 135 266 272 104 156 255  14 114 192 278  17  92 300  28 147
   194 388 266 277  29 307 396 209 384 312  38 253 179 175 186  17 223
   178 142]
  [  0 221  56  51 177  60 149 290 135 376 393 316 214  10 347 194 140
   193 319 365 250 222 329 360  74 370 269  61 396 304  26 102  34 127
   299  19 340 388 114 180 143 201 373 349 305 146   6  26 168 231  73
   239 179 372 206 357 283 268 196 227 231  54 334 321 276 286  33  60
    25   0 120 103 308 263 113 237 159 313 295 388 401 374 315 294 397
   247  51 247 277 320 308 316 374 252 248 232 298 228 138 254 257 270
   159 364 328  77  45 298 172 330 366  86 366 107 334  71 111  26 129
   314 394]
  [  0 138 304 256   1 363  21 284 401  58  49 271 267 338  15 289 187
   243 301  32 337 367 248 257 284 157   9 345 270 129 123 364  70 323
   402  41  94 379 122 303 375 133 304  97 161 138 340 160  94 259  77
   286   6 208 178 156 348  43 384 383 275 394  27 120 154  71 149 225
   228 113   0 314 137  72  96 267 245  95 125 264 342 181 159 378  48
    16  86 206 260  19 342 246 250 129 148 192  99  61 272  16 388 219
   369 220 160  13 366 227 354 294 398 178  69 113  31 159  84 266 283
   296 171]
  [  0  54  24  73 351 388  73 107 251 344  61 251 151  67  72 199 152
   310 129 311 283 287  51  29 108 144 115 208  43 177 247  40 111 206
   280 313 394 390 160  33 317 201 299 241 341 172 380 181 141 263  64
   245 300 371 385 302 386  17 306 368 187 342 224  47 174 128  92  94
    77   2 223   0 357 361 191  51   5  84 139 330  85 245   7 294 170
   138 283 122 197 218 203 326 235 154  56  52 211 263 164 184  77   2
   215 275 121 131 293 285 336  29 114 350 235 101 163 302 281 329  84
   102  83]
  [  0  58 350 222 101  60  40 102 321 372 118 237 279 266 401  95 215
   138   7  78 379 218 147  97 318  70 173 181 196  31 211  65 281 299
   309 134 267 239 166 227 259 182  13 270  12 291  34  96  28 139 182
   340 344 176 230 266 144 116  96  99 396 327 263 360 128 361   8  44
   272 395 285 200   0 217 100 110 318 103  91 240 190 188 224  26 221
   288 237 212  91 109  84 394 188 132 251 290 394 194 385 385   8  76
     1  81 220  17  64   6 333 210 357 149 253  33 373   6 161  63 376
   203 154]
  [  0 287 234 120  34 271  53 250 224 186 376 119 220 293  81 370 218
    56 203 192 247 148 327  93  18 286 220 252  80 150 352 250  52 141
   212 152  21 269  31 316 387 400 296 381  67 334  37  58  23 313 401
   347 387 274 362 309 220 174 365  25 311 394 267 100 184  97 233 314
    84  62 398 236 367   0   4 214  57 398  92 317 135 390 229 313  62
   260  40  15  32  45 354 144 356  91 396 150 206 361 121 369 235 299
   148 351 112  75  36 309 129 243 333 222 111 198 371  17 355 245  13
   271 361]
  [  0 327 299 117 392  49 296 337  42 290  70  73 331 326 276 249 244
   198 333 347 335   7 344  66 322  65  54 145 337 214 294 270 123 322
    41 122 223 167 111 376 117  34 127 155 343 143 208 216 249 174  23
    23 281 292 150 277  53 187  19 195  58 332 380 121  23 319 277 136
    11 136 106 312 296 350   0   2 281 275 166 298  74  27 277 191 318
   238 284  54 226 311 237  94 260 365 173 142 263 380 365  26 259 255
   337 174 150 248 333  48 191  79  19 175 395 154 144 309 352 316 388
    47 139]
  [  0 360  43 133 323 389 351 260 329 317 212 329 342 391  23 275 198
   329 122  54 154 251 268 289 277  52 155 247 394 255   2 222 166 193
   128 164 206  91 181 112 400 262 241 196 313  37 114 313 206 317 292
    12 340 103  32  53 355 143  80 130 398  71 313 241 119 271 386 383
   263  32 216 311 233 211  81   0 393 237 135  19 343 203 368 344  65
   135 118 195 335 189 193 308 379  39 381 197  11 393 272 213 338 293
   163  97 357 377 387 230 197 289 339 324 132 384  47 283  46  25 122
   227 127]
  [  0 327 197 115 178 152 350 326 348 140 203 306 237 211   7 273 302
   371  43 137 180 234 154 338  56  12 143 401 266 384 184 396 167 165
   151 277 376 117 331 130  12  73 300  18 173 320 247  43 232 376 360
   310  51 143 271 127  30  18 349 146 330  29 390  16 252 163  45 314
    80 199 317 179 223 215 237 170   0   1  19 357 353 233 122 320 336
   177  87 309 336  73 344  33 360 102  53  44 192 265  52  91 311 393
    26 326 233  99 322 101 131  20 270 267 176 214 238 169 173  47 142
   237 231]
  [  0 220 279  74 305 134 243  49   5 198  36  79 374 247 310 294 206
   246 267 168 234  31 178 249 323 339 315 168  40  41 196  52 133 365
   329 282  43  33 231  81 196  73 253 219 122  78 161 331 234 251 115
   126 392 332 296 370 196  73  71  88 218  61 150  74  37 147 355 291
   398 276 131 308 183  83 284 359 135   0  54  62 363 300 137 360 320
   291 278 354 134  18 280 324 357 363 297 234  85 301 120 101  20  91
   154 218 118 266   6 259  70 353 246 181 338 369 376 354  98  79 362
   322  46]
  [  0  81  85 356 118 118 340   9  23 263  80 209   6 310 274  90 197
    74 245 223 294 138 195 162 104 386  41 242 382 332 152 232 361 322
   161 380 277  54 129 209 310  28 200 335 160 226  14  99 392 198 110
   217 302 355  78  88 400 104 158 123 215 167 356 341  34 231  14 295
    83 386  21  19 286 194 104  58 385  37   0  57 304  84 273   2 209
   217 152 169 246 100 374 301 394  94 322 380 362 133  11 392 120 253
   161  84 238 351 219 326 264 200 227 386 149  77 173 178  26 236 155
   299 343]
  [  0 170 301 275 258 335 296 110 130 240  79 375 157 285 128  22   7
   349 296 163 225 160  41 171 258 328 388 223 327 225  53 340 234  16
   174  63 236 357 197 253 278 400 392 365  74  24 190 347 190 181 287
   156 139 350 131 106  66 152 201 112  66 207 237 180 359   9 311   0
   200 165 389 307  57 270 189 105 362 157 122   0 130 186 108 127 375
    28  90 357  64 376 354 201  92 370  48 132  88 211 370  27 275 311
   144 194 343  75 384  28 345 337 365 172 312  48 138 238   2 117 198
    93 251]
  [  0 329 238 102 149 261 162 103  72 207 192 155 202 101 187 291  96
    54 174 273 323 399  57 381 298  66 265 150 226 227 227 201 278 274
    65 224 133  79 128 387 286 170 283 217  99  41 118 165 183  63 229
   239 310 190  90 374 272  99  46 129 136 307  89 297 242 302 278  72
   281 331 316 116   2 111 364 220 247 109  31 323   0 291  13  53 398
    93 355 349  19 303 291  25 375 225 177 243 248 394 316 183 398 109
   180  30 336 358  45 288 174   4 270 352  29 382 165 311 213 167 200
   160 269]
  [  0 370  72 247 132 106 144 101 322  78 320 155 110  74 195 236 286
    52 211 163 235 353 366 164  53  96 308  21  55 150 284 246 193  63
   350  41 324  93 285 362   8 333 342 400 199 307 114 334 394 244 305
   119   2 383 196 176 317  61 369 211 232 257 161 235  45  19 280 262
   108 307 373 366 133 387 241 132 155 132 279 274  65   0 313  64 275
    93 126 339 363 249 393 116 147 133 286 199 239 255 314 286  97 168
   124 114 401 365  59 325  34 279 202 157 201 358 114 227 180 259 241
   308 338]
  [  0  48   0 150 390 393 349 272  79 377 277 129  19 138  89  16 232
     2 157  51  26 371  46 223 387  64 151 141 168 287 302 380 356 176
    42  90 249 187 135 160 380 374 127  27 286  61  27 335 162 179 249
    53 102 386  34 131  63 282  52 273 308 136 195  55 271  94  98 353
   196   4  94 125 324 222 393 367 188 171 210   0  53 140   0 253 377
   201 328 187 123  69 297 127 230  87 248  54  24  87  92 337 214 260
    84 262 323 302  58 243 309  79 242 307 357 231 151 174 386 108  38
    22 164]
  [  0 212 180 201   2  12  59 178  98  64 101 196 288  30 234 302 395
   237 331 295 156 354  37 143 279 337 320 346 347  89 384 225  61  38
   352 154  46 164 325 208 259 198 232  18  79  14 110 186 265  48 136
   177 355 193 231 193 142 394 332 114 219 380 261 329  23 353  75  23
   311  13 331 397  41  72 265  42 140 287 111 219 336 324 361   0 139
    16  83 215 208 374 202  61 257 367  18 182 249 216  52  94 302 276
   390 267 343 226 316 221  59 331 126 210 282  92 247 231 117 342 323
   335 332]
  [  0 357 259  62 229 171  58 131 286 299 300 155 304  40 115 163 245
    30 363 304 115 107 402 296 124 101 244 242  23  80 237 307 366  47
   182 353 269  67 194 226 292  62 349 260 359 357 203 230 293 112 159
   195 240 335 147  93 376 329 233 294 314 135  23  25 220 177 279 139
   256 318 303 307 385 196 266  28 336 242 112 327  40 113 353 265   0
   380  61 296 207 100 255 206  47 182  15  89  27  34 359 315  68 285
   272 148 251 126 313 129 244 145 254 104 355 326  64 365 399  29 335
   245 303]
  [  0 401 371 214  71 393 168  11 135 165 224  22  94 204 165 312 118
   248 266 151 348 319  98 210  68  42 398  52 178  55 117 176 334 246
   338 319 167 123 308 391 162 232 130 388 290 326 217 138 276  66   3
   147 212 237  19 264 106 299  73 267  56 109  27 364 207 153  98 159
    92  16 350 345 237 199 132 379 221 285  32 384 231 259 333 108 360
     0 312 206 344 388 153 289 183  60 343  27 278 269 322 149 186 198
   297 230 197 263 395  54 275 219 149  56 385  76 380  70 118 149 259
    37  19]
  [  0   5 151 248  29 291 120 352 229   1 398 302 270 399 246 392 222
   398 321 155 396 149 366 148  27  89 319 355 104 234  31 362 262  12
   335 190  29 357  30 201  76 186 273   4 372 384  11 126  63  81 143
   200 202  75 160  86 167 128 204 298 381 346  28 188 330 230 239  23
    89  29 290 230  95 147  35  52 289 281  48 339 124 218  81 326 116
   276   0 259 335 221 143  70 145  25 177  12 197 256 355 131 188 234
   155 242 277 291 362 135 277 173 224 337 320 339 282 134 349  32 154
   369 208]
  [  0  55 144  10 245 144  65 282 369  45 215 175  61 293 323 274 274
   139 139 391  16 313 305  85 108  79 205  77 195 249 282  22  39 186
   379 100 269 218 309  42 309 326 325 253 187 343 298 142 261 101  92
   136 354 264 286 367 220 139 365 173 117 401  79 367  33 233  91  33
   304 258 365 329 342  50 362 218 202 330  75  66 152  46 173 297 329
   122  99   0 246  43 189 155 227 396  43 207 326 249 372 378 380 202
   135 322 145 169 309  39 229 234 379 355 325 110  77 325 158  82 289
    66  63]
  [  0 361 386  39 364 133 109 401  96 264  21  60  49  69 296 190 212
    68  74 133  21 183 330 272 336 164 105  66 184 396  86 115   5  23
   393 365 270 215  46 229 287 148 199 142 153 135 156 285 343 245 186
   107   9 283 278 362  39 296 147 391 402 312   6 265 127  34  58 148
   300 346 261 211 329 229 121  73 252  65  92 328  32 149 195 316  22
   190 348 287   0  73 213 352 267 262 268 132  55 203  99 229 351 115
   214 348  26  26  30 225 367 381 394 120  67 172  33 141 333 333 154
    55 263]
  [  0 182 256   1 166 206 129 273 152  57 191 255 148 171 280 163 124
     2  35 174  58  97 183 358   4  88 155 317 320  77  96 142 100 334
   224 209 289 356 374 355  85 351 379 144 269  28 270  76 385 107 274
   292 401 207 161  27 107 321 306 197 296 164  64  34 247 145 291 201
   354 140 226   4 268  59  52 213  31 156 320 133  65  93 110 148 197
   321 349 191 216   0   1  10 211 387 226 204 273 176  90 153 168 197
   223  37  69 266 124 394 102 400 191 241 248  26 126 362  19 304  43
    48  23]
  [  0 218  91 236 366 369 337  71 153  25 107   4 293   2 269 219 340
   142  83 235 207 381 164   1 156 253 241  32 262 281 383  84 288 331
   338 136  85 320 191 145 132 184  12 135  26 282  55  59 137 361   9
   236 124 283  48 115  89 244 195 328 294 110 220  80  98  45  10 265
    65 341  43 389 140   6 120  70  84 372   6  29 193  68 401 367 227
   330 335 289  67 348   0 260 237 369  31 196  10 267 137 115 285 187
   252 218  46  10 245  77  86 169  77 301 252 169 179 371  40 254 236
   177 373]
  [  0 214  73 225 337 220 216 252 106 160 207 102 295  83 373 378 132
   208 229 368 139 370  81   9 141 154 326 249 104 244  77 306 356  46
   112  73 382 225  91  51 307 387 294   1 311  78 138  64 369  57 258
   378 367 349  36  80 360 215 319 359 347 106 169  71 198  99 375 155
   146 176 176 170  98 139  58 330  24  44 235 354 170  39 132 331 117
   126 245 100 113  32 278   0 258 317  64 316 113   4  99 261 303  34
   278 203 258 304 191 290 380 383 138  78 135 332 259 165 129  27 282
   207  35]
  [  0 117 175 349 315  99 345 150  83 258  42 125 225 355 293 379 237
   348 377 254  83 372 197  66 225 146  79 144 285 264 250 391 228 140
    66 300 237 356  61 363 105 129   1  31  39 332 108  69  42 130  33
   220 200  91  83 361  82   4 326  29 361  14 249 253  67 340 351 257
   401 369  12 285 382 213 124 113 244  68 357  71  26 401 150 157 221
   131 221 152 240 299 339 166   0 200 264   8 302 135   3  68 377 345
    60  60  29 378  51 120  62 166 286 304 170 360 250 275 129 106 230
   312 203]
  [  0 275  94  12 351 236 112  17 295 338   0  13 373 145 225  13 155
   272 388 242  36 400 356  68 167 297 339 313 341 120  39 327 183 278
   319 314  80 234  33 279 339 150 293 123 132 288 196 376 290 339  35
   196 180 348  26 319  21 215 179  46 359  44   9  74 216 139 347 260
   333 382 129 195 307 307 362  40 266 321 209  59 147  13 255 262 315
   204  73 151 364  62 291 289  69   0  24 223  95 218 346  94 134 177
   265 173 208 105 248 182 302 302  37   5 291  20  65  74 131 318 301
   281 397]
  [  0  84 311 128 361 188  28  64 212 254 115 153  28 136 107  59 364
   105 275 153   7 279 368 365 181  16  86 322 353  87 109 150 135 116
   129  57 162 303 393  46 334 155  87 100 214  25  70 136 108 310 283
   268 322  40 111  84 291 290  69 170 282 383 349 316 272  62  59 214
    42 379 398   5 268 271  36 357 139  90 104 364 215  89 280 179  12
   302 243  74 112 115 401 362 304 283   0 243 370 310 153 276 132  87
   143 316 219 101 136 389 272  60 348 318  60 141  56 350   9  17 223
   276 215]
  [  0 210  35 136 163 104  14 121 334 204 245  15  21 244  27 216  16
   293 237 181  73  92   2 333 393  44 357 304 325 309 373 214  96 128
   331  13 150  64  53 265 401 246  47 381  24  48 195 245 151 118  87
    24 146 241 305 234 267  94 136 276 397 164 392  62 378 359 354  23
    80 326  41 125 339 186 390  66 259  66 246 353 103  29 309 256  91
   159 258 401 228 252  30 136 143 391 400   0 119 398 292 322 336 161
   132 186 187 181 200 287 356 237 278 252  63 275   5 259 285 384 218
    43  51]
  [  0 348 318 249 230 145 167  82   8 355 187   4 152  14 227 401 160
   373 258 199  52 283 177 274 315 298 372 323 133   8 130   8  54  22
   265 211 344  19 267 108 213 338  60 285 260 100 224 209 174 252  24
    77  97  84  26 315 254  95 347 396 193  23  24 388  42 253 104 333
   191 373 182 388 322 143 182 206 386 349 282 194 153 377 234 257 394
     3   7 255 221 237 364  95 283 371 316 372   0 271  76  30 194 231
    68  48 244 298 243  94  69 302 145 262  90 198 363 203 272 392  23
   383 346]
  [  0 103 125  38 398  95   1 350 276 160 181 256  66 381 226 384 322
   138 394 341 115  58 129 281 330 140  88 166  21 120  75 158 107  61
   282 146 394  15 232  38  70  76 100  39 206 142  39 209 344 195  76
   251 286  58 371 244 303 101  45 118 140 314 156  63 313 251 324  23
   371 341 162 369 119  48  41 300 332  80 323 360 134 165 356 120 236
   256  98 110 340 156 174 178 164  41 207 165 258   0 275 277  38 320
   159 139 121 165 341 396 324  26 108 202 365  37 328  19 170 335 199
   389 348]
  [  0  26 174 338 122 131 397 221 354  91 299   1 335 136 264 208 162
   351 298 305 341 163  49 139 204 230  29 262 244  72 401 282 329 309
    42 106 336 280 309  16 346 115  88 333  27 372 252 231  26 395  49
    79 172  35 324 117 347 301 246 178 241 142 317 241 197 302 288 173
    97  80  12 287 146  43 188 271 345 217 235 354 150 390 369  22 232
   109 234 254 338 281   0 298 196 143 248 254 149 107   0 151 201  63
   322   8 154 298 366 339 189 259  86 265 352 136 299 345  21 260 393
   380 282]
  [  0  68 314 283 178  62 200  69 207 172  67  81 361 222 283 268 187
    33  98 216 100 236 136  96 198 290 251 398 353  91   3 330 157 252
   390 268 310  48 241 120  87 110 126 385 363 317 276  83 195 394 318
    28 260  76 319   8 173 322 243 141 118 378 141  22 270 286 397  21
   328 285  27 361  32  32   7 122 388 291 378 138 186 204 364 387 172
   360 163 170  43  52 249 156 243 331 370 302  58  62  56   0 293 353
   166  37  28 246 204  38 186   4 107 198 174  12 210  22 320 146  76
   273 265]
  [  0 261  42 154   1 246 239 252 315  14  76 318 173  31 327 246 213
    84  97 285   2  88 376  37  21 358 298 289  10 194 103 250 191 354
   267  31 355 129 154  32 258  60  64 143 390 151 328  72  43  80 131
   261 109  43  47 108  41 250 299  47 309  30 349 170  23 236  41 337
    88  11 307 202 142 262  82 251 201 329 266 283  41 152 162 368 141
   331 285  29 150 150 312 207 105 251 308 395 166  86 387 224   0 232
    95 301 194 243 262  42  59 381 323  94  32  44 295 265  76 285 262
   174 354]
  [  0 221 231 224  39 139 269 363 145  37  33  85 398 101 254  25 294
   303 120 186  72  34 228 181 229 137 234 142  98  32  36 100 260 400
   234 175 293 396 374  66   7 311 136 138 259 147 103 379 114 296 185
   131 247 177 398 141  61 360 230 330 132 142 199  56 266 330 184 361
   125 296  20   3 268 372 153 266 148  30 347 210 396 392 197 232 371
   130 334  82 278 333 258 113 152 265  39 379  65 294 335  10  48   0
   173 291 242 194 256 397 395 217  75  61 268 213 355   0 288 275  70
   303  13]
  [  0 359   2  20 162 183 384 140 106 231  44 377  23 353 127 378 160
   188 402  25 148  44 202 338  22  22 323 268 207 235 301 108  31 222
    76 342 104  43 143 370 237 295  95  62   8 311 169  40  32 365 191
   271 279 242 286 112   1 177 161 236 283 178 111 344 333 103 248 123
   327 332 380 337 360 161 243 190  91 220 377 240  97  12  76 161 236
    82  34 266 292 167 186 378 127 133 164 365 109 178  71 137 238  13
     0 297 285 287 136  29 349 282 331  66 352 162  75 181 288   7 264
   272 319]
  [  0 203 230 384 295 199 351 261 387  97 159 114 178  98 189  83 390
   355 230 369 245 217 108 318 361 342 168 221 288 119 363 365 216 215
   122  39  13 327 159 264   7 241 382 387 348  45 366 364 372 125 396
   269 385 301  28 225  19  59 110 101 250 175 202 316 325  19 145  45
   126 171  32 243 307 327 391 165 330  95 392 236 108 214 288  79  81
   283 120 248 191  25  34 145 263 270 386 216  72 346  85 189 379 290
   221   0 305 173 309 113 147  89  13 344 225  42  43  25 320 159 368
   287 292]
  [  0 319 335 347 298 253  77  35  65 273  82 137 271 384  98  52  79
   395 112 212  35  80 234 317  82 396  39 325 319 166 214  26 360  50
   185 199 242 291 155 345 251 211 298 361 347 204 126 295 246  90 265
    39 382 349 187 251 281  30 104  49 285 255 291 297 382 327 153 252
   135 396 129  58 191 318  70 246 292  37  91 379 305 263  11 159 148
   243  74 319  30  42 176 176 146 358 211  83 186 235 325 138 106 216
   379  45   0 248 288 363  67 345  22  15 169 261   0 353 393 161 347
   210 315]
  [  0 381 223 240 157 291 322 264 258   4 258 171 175 184 184 395 105
   207 276 119 200  32 227  84 392 155 331 158 250 368   8 280 100  37
   350 307 132 139   9 167 302 219 235 366  93 341  61 385  33 166 265
   175  49  18 313 263  61 177  61 374 262 290 119  92  43  61 229 121
   347 135   4 321 267 306 314  37  55 167 140 105  46 350 358 209 248
   274 207  82 103 111  86 366 256  12 283 143   3 265 399  37 342 192
   233 125  92   0 181  46 371 221  15 159 267 111 116  37 102 245 230
   185 173]
  [  0 167  41 362 143 115 225 222 330 342  71 125  40 367 267 140 130
     0 315 162  33 372  36  76 278 290 353 329  81 311 385   6 315 149
   170 247 276 263 145 377 251 314 139  33 279 302  57 115  33 156 120
   272 187 186 112 115 195 336 337 100 194 198 150 281 346  64 377 250
   256 280 121  21  24 142  75 397 380 396 271 179 195 273  80 396  15
   385 297 165 333 201 326 284 328   3  76   8 311 252 363 369 270 115
   207 207 166 188   0 251 160  49 282 111  38 110  39 210 114 302   6
   253 249]
  [  0  49 308  18 101 331 387 172  43 363 118  56 185  23  62 216 100
   295  76  82 118 196  51 286 356 269  80 263   4  15  52 256  95  45
    44 183 389 313 339 398  21 388 291 155   3 258 365 354  30 307  19
   195 125  76 381 124 380 328 197  78 202  38 364 150 300 314 380  95
   179 342  97 378 391 247 212 278  91 283   4 210 182 105 218 148 344
   171 371 261 369 309 309 356 173 382 126 273 287 172 211 294  59 134
   102 270 202 124  24   0 226 158 247  19 334 311 147 350  49  72 191
   249 156]
  [  0 246 312 333 329 140 161   9 236 153 356 129 321 372 366 212  84
    89  36  78  61 217  94 191 170 340 251 216  70 214 326   2 354 257
   235 275 149 166 191 342  84 262  70 141 226  76 139 167 273 377 122
   119 126 205  81 313 357 252  63 261 401  48 361  47  35   1 143 112
   232  54 229 137 309   5 211  14  11 353  37  54  93 175 243 347  61
     7 343 223 357 387 333 104  81  53 105  58 376 263 184  62 167  48
   112 181 326 123  88 213   0 277 272 105 166 320  92 236  83 256 289
    84 326]
  [  0 225  67 133 248 118 367 252 175 349   9 217 361  44 251 252  15
   214 342 125 261  83 297 305 176 117 264 300 353  68 287 193 265  12
   201 159 317 280 192 365   2 285 310 300   7  49 240 146  67 316 323
    32 177 169 341  28 219 160 376 247 336 124 106  38 113  59 361 151
   375 162 277 207 290 185  61  36 347  56  89 177 183  36 283 385 250
   220 259 198  25 227 236 163 122 187  91 167  30 365 215 247 170 247
   292 340 356 388 100 223 383   0 171 376  63 233 158  73  66 215 105
   239 193]
  [  0 250 383 233 351 216 326 262  89 140 125 363 395 343  15 105 354
    24  71 314  19 255 168 354 220 384 209  69 395 352 228 211 156 329
    52 376 236 242 401 382 351 392 319 346 347 348 185 123 344 132  99
    51 254 203 162 201 171 396 203 314 282 103  35 175 386 301 280 340
   244 257 341   0  74 279 148 178  96 312  20 325  78 190 357  30 366
    27  47 348  87 320 109  78 123  42 332 281  30 159 186 356   8 107
   363  14  46 329 173 390  42 234   0  92 346 270 363 398 361 119 205
   376 372]
  [  0 310 382 356 314 162 275  30 278 237 313 256  23 138 173 366 198
   197 142  33  68 103 136  34 116 398  60  66 260 390  85 280 229 260
    71 348 371 180  78  92 169 108 296 169  16 124 398  38  28 109  11
   282 152 174 352 237 100 297 123 112 292 190 215 401 257   0  22 125
   144 203 330 140 222 162  85 360 284  32  86  17 260 351 365 398  91
    83  60 387 397 240 357  31 349 224 274 189  33 106 258 370 240 269
   101 252   8 401 255 178 327   4 158   0 337 367  18   3 249  67 234
   232 131]
  [  0 236  90 374 321 249 196 237 394 341 371 138  63 235  71 169 230
   186  52 103 366 138 194 182  34 372 186 389 344 224  89 228 191  28
   382 397 255 362  36  80 178 110  56  45 198  83 255 336  51  72 248
   382 203 332 389 157 248 120 291 220 107 313  27 396 251  65 241 378
   331 131 252  79 364  83 300 335 140 274  51  63 157 261 350  58 301
    75 319 306 140  86 138 338 372 308 212 234  68 283 335   5 360   1
   402  24  62 226  23 262 161 273 209 150   0 308 343 389 206 266 226
   142  16]
  [  0 225 364 292 165  65  23 389 397 278  47   9   5 206 357 131 231
   313 263 296  24 268   2 307 139   0 208 182 130 287 228 364 109  57
   347 313 275   8  33 104 305 168 350  63  42 265 170 231 175 344   9
    49 134  73 244 129  36  65 233 371  28  49  76  91 375 336 309  86
    65 399 146  84 307   5 302  78 111 159 176  76 232 308 192 177 355
    23 302 279 221 138 209 363 351 179  97 161 132 301 395  21  93  18
   291 204 122 343 336 123  10 320  75  73  79   0 242 128 389 312 215
   126 366]
  [  0 302 316  54 182  25 182 245 130 311 221 233  33  65  85 277 268
   372  82 167 301  61 177  23  99 152  46 332 133  25  62 350 212 100
   351 191 335 385 128 261  74 259 388 143 240 315 295 290 104 128 203
    45 190 232 238 242 138  45 277 175  28 110 260 183  59 150 187 186
   310  67 383  63  95 205 383 281 119  83  68  48 335 243 201  73  83
    36 167 341 167 244 350 143 149 350 327  50 329 184 279 173  49  34
    87   8 265 289 304 210 113 385 305 101 248 251   0   8 288 109 245
   281 185]
  [  0 117 378  28  42 251 291 109 354  75 269 251 366 320 155 135 281
   340 116 241 266 166 365  24 129 288  41 260 186 143 364   4  52 337
   394 215 237 115 192 261 150 398 213 210  96 243 142  53 140  55 374
   161 240  77 244  15  96  91 333  64 107 334 180 332 116 395 222 188
   389 168 149 200 125 384 197 238 183 151 215 199  73 372 286 188 396
    73 214  67 399 255 156 328 126 370 253 168 353  66 318  84 141 172
   140 196 345 329 259 148 337   9 302 330 264 228  56   0 169 182 190
   303  60]
  [  0 107 254  89 189 305  64  13 172 396 334 208  87  78 379 265 345
   338 138  12 330 198  76  99 123 186  61 188 102 206 241  41 104 380
   320  36 275  66 246 154 263 344  89 337  49 134 183  31 350  30 327
   279  67  56 133 344   3 217 251  71 329 132  12 120 324  26 263 285
    85 288 257 331 333 367 271 111 158 380 311  87 279  42 294 166 357
   175  39 148 248 175  78 135 266  32 192  67 199 322 139 219  52 171
    98 214 387 373 130  34 336 385  15 342 212 153  59 224   0 113 368
    45 184]
  [  0 359 106 154 337 325  51 106 165 355 269 241 101 146 227  90 315
    98 215 365  55 168 396 157 254 343 395 188 346 304 329 175 163 271
   287 253 275 395  65 246 168 124 305  18 111 143 123 188 328 265 199
   278 390  41 355 338  82 175 395 153  83 334 100  91  49  20  23   7
    43 301  40 143 373 206 162  49 342 308 113 329  21  66 321 104 259
   322  50  93  91  79 280 239 244 129   1 204 315 258 151   3 307 257
   353 191 226 373 221  66 306 314  51  27  21 288 170 174 267   0 143
   192 287]
  [  0 387 261 245 210 396  50 233 224 294  20  79 208 237 258  81 212
   115 235 339 181 242 261 180 402 155 244 234 176 212 319  24  54  98
   131  55 332 194 145 335 187 168 240  76 384 282 203   7 389   2 281
   116 329 145 386   4  17 138 352 312 363 235   1  73 312   3 375 128
    60 322 302   0  63 396 262  93 248 378 130 115  24 288 227 380 383
   350 318  57 378 345 301  15 253 248  56 343 339 360 356 133 142 230
   278 241 104 159 329 282 372 159 124 240 331 357 385 114 241  20   0
   354  73]
  [  0 242 332  16 213 118 308 239 196 193 343 401   2 291  54 244 216
   217 362 197 253 339 297 401 293 121 277 366 321   5 343 153 222  82
   251 190  37 339 242  48 267 311 249 163 390  44 153  64 308 208 237
   332 172 167 270  20  88 246 148  31 206 182 363  33 317 225 322 263
   172 172 144 191 115 252   8 209 218 119 307 325 236 334 349 341   4
   309 250  93 129 111 336  70 228 374  74  34 303  39 392 244 343 273
   130 167 208 162 109  58  90 328  25 167 149  51 363 335 248 107 271
     0 287]
  [  0 220 386 298 251  70 357 331 160 249  74 368 295 266  90  23 314
   208 178  93 253 402 281 121  62 263 339 178 160 167   5 350 288 131
   275 103 167 200 252 107 236 264 348 254  95 159  36 203 303 265 170
   278 226 142   4  15 311 356 273 261 235 225  93 212 233 308 377 266
   295 139  10 389 228  96 281   7 215 105  73 194 361  78 115  17 274
   226 176 217  73 293 253 324 100 150 247  52 107 356 340 217 220 223
    72 377 149 377 152 382 297 124 313 330  92 254 269 383 110 199  39
   226   0]]

 [[  0 398 393 161  98 208   3  75 251 326 290 294 310 113 133 191 129
    19 309 319 302  78 136  58 365 343 335 169 207 113  85 177 291  94
    91  72 285 320  83 195 190  17 218 136 205 293  88  74 235 372 297
    45 273  32 258  96 390  27 332 312 249 138 198 112 103 179  57  91
   177  52 134 188   5 315 113 359  59 283 131  83 323 290 174  45  26
   263 142 290 331 352 108 288 382 331  56 180  18 314 317 371 227 134
   103 196  78 108  46 208 125  58 297 135 114 255 228 110 379 358 180
   287 375]
  [  0   0 195 253  75 208 175 102 185 241 214 244 176 177 367 349  27
   295 208 124 260  31 393 165 237 376 246 354 222 191 262   9 300 234
    98 312 263 324 390  19  72 108 383 129   6  40 298  31 390 122 178
   339 181  18  28 112  25 324 102 372 269 107  17 264   5 245 214 216
   193 202 228  23 402  90 147 307 304  86 395 110 155 115 179 341  27
   147 223 176 272 180 310 123  81 176 339  33 331   0 332  42  96  41
   246 207   2 259 310 331 365  53 341 137  13 343 121 323  62 213 200
   220 200]
  [  0  90   0 208 389 333 310 141  37 356  35 129 263  80  96 254 342
    87  56 374  36 153 210 350 219  72 192  69 280 391 161 331 211 152
   349  71 316 242 224 145 125 240 155 140  85 212  81 215 366  75 117
   152  49 118 272 377 285 354 140 167 212 185 157 252 245  45 334 280
    84 113 308  22 158 270  61 176 379 206 220 256 384 295 297 346 291
   349 275 338 312  70 281  73 175 154 312 116 234   2 319 229 250 229
   114 123 258 149 211 294 276 322 197  95  43 105 305 356 100  27  75
   129 167]
  [  0 272 206   0  66  88 264 397 360 387  28  12  14  96 290  68 198
   304 290 357 245  40 332  99 159 145  29   3 109  60 384 248 284 303
   168 190 282 309 266 394  42 392 306 331  15  98 339 211 170 354 394
   365 358 212 206  71 382  52  65 184  28 291 181 231 270  76 101 171
    86 110 175  83  67 299 278 288 258  77 316 162 346 330 345 124  84
    55 305  40 133 378  40 264 267 144 161 391 159  19 402 381 375 111
    95 101 141 266 256 272 146  86 126 129 382 119 258 322 125 179 258
   204  46]
  [  0 402 294 201   0 113 281 199 104 225  36 104 339  33 280 105 161
   156 282 315 267 219 272 377 292 230 103 186 249 175 397  10 361 132
   132 393 142 114 184 100 336 249 397  26 385  79 239 334 115 282 204
    38 227  27  31  68  75 353  18 108 222 107 372  53 133  20  64 123
   123 321 386 324  20 364 195 220 192 371  13  40  86  84 331 308 153
   108  28 294 373 376 226 121  89 345 180 153 164 381 133 144 244  80
   117 275  42 236 175 367 176 379 294  76  65 385 138 239   7  72 243
   392 185]
  [  0 112 392  64 289   0  59 362 367 320 328  52 250  26 103 342 181
   330  81 295 234 343 331  53 222 352 160 377 179  13 224 196 262 304
   301  80 314 158 136 291 114 192 215 226 382  35 302 241 155 272 320
    99 123 287  21 321 278 138  86  97 238  43 113 360 349 248 335 107
   141 170 266 378 229 370 136 107 142 200 306 248 104 360 148  35 327
   187  61 194 220 316 240 139 289 230 136 145 340 187  43 365  33 108
   163 124 181 349  76 387 251 290 114 196  36 300 228 375 381   1 123
   185  78]
  [  0 108 310  77 220 369   0  10   9 303 402 257 379 385  37 383 227
   356 183 234 343 187 112 181  19 159  49 105 310 177 163  74  30 368
   302 187   8 148 299  62 154 304 359 251 245 263  30 369 348 134 109
   195  75 212 376   5  69 202 212  53 371 139 208  20 119 236 265 193
   171  65 308 251  11 265 187  52  27   1 199 167  59  91   7 243 240
   279 158 335 316  62 286 283 113 201 387 167 359 190  24 106 189 221
    84 317 197 401  85  60  15  14 153 395  18   1 121 193 310 212  57
   349 368]
  [  0 180 222 141 256 354 202   0 297 273 360 355 341 189  23  41 269
    71 103 174 233 227 139 385 263 103 262  26  94  49 129 241 218 292
   365  66 261 368 331  70   3  58  63 254 317 263 152 294  89 339 378
   253 347 137 337 188 194 254 176 370 320  27 195  57 208 397 338  29
   108 347 210 348  95  49  84  28 293 175 139 374 151 184 206 316 397
   391 304 139 146 303 142  69 286  45 233 316  22 347 118  53  63 264
   367 347  30 215  96 312 176 311 229 355 315 367   3 120 121  44 253
   297  47]
  [  0 160 277  13 142 194 327 363   0 341 110 184 369  11 100 381 336
    89 131 340 142 159  87 240 160   3  51 227  98 165  24 332 337 278
   210 225  95 127 371 204 354 299 227 325 263 239 243 262 302  39   4
    20 101 248 196 331  59 227 223 195 131 113 134  40 289 164 368 335
   393  21 350 154 318  38 198  36 176 112 339 383  99 308  69  52 361
   383 335 185 323 137   1 232 100 208 312 399 212 157  31 295 234 126
   352  98 160  34 144 326 273 279 328 399 298 295  69 142 237  90  65
   122 353]
  [  0 292 358  91 398 189 232  53 261   0 181 124 363 184 134 322 124
   119 252 383  57  21  78 343 361 121 251 207 260  67 340 361  49 402
   204  43 219   7 167 251  30 398 279 130 288  38  62 128 147 267 129
   280 306  94  78  63 128 360  27  90 347 199 334 168 121 108   6 288
   287 297 214 205  24  38  84 320 164 143 324 347 140 332 330  19 388
    51 198 328 397 207 259 301 145  30 371  46 346 147 180 157  36  49
    28 328 119 301  66 367 196 282 126 370 382 104 229 268 277 143 241
   250 279]
  [  0 223  66   3 161 390 216 267 319 269   0  83 241 385 315 280 101
    32 132 149  10 367 293  21  35 251 262 345 347 313 343 373 208 389
   216 327 143 301 288  20 367 343 184 335 358 202  52  62 144 367  90
    58 144 185 131 255 239 225  47 366 110 319 255 336 106 294  65 155
   138 368 369 286 199 375 199  86 367  44  15  51 279 284  60 260  12
   291  26   0 227 321 299 221 207 130 247 141 109  94 133 264 144  47
   258 211  82  25 263 263 173 327 276 198  47 238 352 380 233 147 239
   197  28]
  [  0 355 282 165 264 211  58 151 187  55 363   0 237  24  44  16 113
   289 124 303  91 379 294 314 300 222 309 171 118  57 268 148 372 172
    94  29 347 310 363 315 396  79 309  83 197  25 267 181  66 146 255
    39 356 338 275  93 222 306 111   6 285 235 379 390  91 112  75  97
   150 283 364 118  95 330  78 314 187  80 353  49 118 333 303 275  15
   331 269  95 320 272 330 212  82 156 349 164 129 395 322   4 164 388
   224 272 153  77 227 357 357 183 161  78 325  70 388  96 362 308 118
   191 312]
  [  0   0  48 135  53 337 240  13 366  32 105 215   0  74 271 293 180
   224 119 292 334 305 225  85 284 121 374 125 204  94 180 178 102  66
   232 107 346  86  80 251 282 364  39  67 163 149 134 387 118 338 224
   152 115  91 255  19  69  79 195 107  23 224  67 184 377  19  91  55
   281 104 209 384 166 383 297  23 273 256 353 278 330 186 380 277 259
   128 171 358 117 191 211  54 327 132 184 179 100 138 313 261 310  91
   273 230  48 341 154 261  80  43   7 386 291 309 370  38  87 250 215
   307 305]
  [  0  21  27 259 316  92 341 297  87 127  16  64  87   0 271 211 388
   133 345 208  53 112  21 163 196  32  72 365  35   6 368  24  29 180
   286  72  34 201 277 226 128  48  51 133 295 284 363 119 251  63 398
    34 139   7 106 347 142 208 174 108 383  57  52 323 278 248  37 162
   177 325 383  10 129 225 273 296 353 373   0 359 393 175 109 106 158
    94 312 256   5 211 123 123 240 128 110 349 313 227 188  49  81   8
   331 308 206 137 122  86 207 387 173 149 134 229 217  54  44 370 310
   339  80]
  [  0 211 323 157  18 210 105 333 262 161 240  96  38 188   0 156 358
    82 142 193 146 346 100 150 101 309 120  37  98   2 271  31 354 211
    11 294  63 170  29 187 291 222 389 243  17 271  71 121 236 167 329
   156  79  17 160 399 325 254 216  58 210 267 139 138 252 367 347 308
   112  52 193 147 343 213 372 328 305 399 249  90 186 259  64  78 245
   203 249 211  32 229  41 250  95 244 402 322 143 330  58  65 334 357
   142 221  61 154 373 260 196 206 344 165 231 127 401 122 273 212  89
     7 310]
  [  0 154 318  63 177 218 203 192  45 397 325 161  60 258  85   0 218
   402  56 364 170 345 223 213 322 356  50 371  78 261  13 218 273  55
   383  18 392  33 167 149 146  24  44 313   4 126 385 286 377 208 243
   132 368  15 205 146 176 227 265 165 145 100 311 186 380 224 263   4
    97 326 315 326 257 128  21  79 330 269 385 131 282 302 216  35 398
    88 195  54 316 226 144  75 262 286 196 356 325 283 348 271 111 308
    46   8  73 302 396  18 398 274   0 373 353 239 123 368 379 141 381
   104  74]
  [  0 216 384  14  32  59 102 356  52  99 337 295  66 286 207 358   0
   139 178 290 305 194  86 322 121 341 308 172 128 120 391 112 202 127
   355 374 124 203 206 375 370 338   2 112 330 158 274 315   4 148 368
   108  84 336 218 206  10 244 401 196 387  47  29 204   5 202  80 201
   247 170 278 299 210 247 243  98 363 173 245 328 282 145 393 324  53
   362 214 107 266 372 215  18   1 288 381 370  34 133 362 299 197 279
   396 228 108 346 309  54 327 239 224  21 331  17 185 189 279 254 351
    95 101]
  [  0 287 361 338 317 226 269 387 198 373 206 264 203  38 343 322 127
     0  44 264 390 286 179 387  56 328 377 150 392 223  65 347 213 369
   324 226 152 200   6 170  50 388  98 268  56 176 167  47 390 246 138
   104 383 125 177  91 251  68 148 184  28 337 302 212 183 339 184 315
   145  60 346 155 234 190 335 392  84 206 144 107  98 331 251 118 210
   177 364 243   1 314  59 338  13 107 108  47   0 186 156  41 354 154
     1 202  34 313 333 304 260  12   5 188  41 154  10 370 241 103 193
   175 373]
  [  0 197  14 137 242 342 245 117 305 394  94 133 157 157 270  17  64
    90   0  63  45 276 233 100 388  61 378 129 350  84 283 213 399   6
   337 356 318 238 232 118 154  10  51 126 105  26 105 165 358  50 152
    52 184 194 108 308 201 351 387 389  75  83 123 289  81 376 242 190
   278 157  99 175 318 311 399 372 375  60  52 201 123 105 177  35 239
   219 322 358 396 231 264 361 190  63 332 280  52  82 301 166 103 315
   223 399 321 260 308 206 322 119 144 269 122  83 148  28 238  37 103
    70 314]
  [  0 172 191 322 255 349  80 315 106   0 208 180  89 313  72 328 303
    78 351   0 228 212 115 335 212  64 241 243 336 335  53 184 303 229
   195  38  60  10 189  45 187   1 189  30 246 318 159 108  80  40  15
   262 161 390 132 384  79 185 142 260 397 320  94  55 216 347   4 168
   326  61 112 167  43 258  82 269 205 220 294 161  21 243 135 333 397
   322 192  93 234 235 136 253 241 127 309   0 229 288 362 298 228 304
   394 209  18  29 234 326 301 139  68 156 304 303 134 154 316 199 145
   304 206]
  [  0  27 362 396  36  98   4  47 212 181 151 168 355 350 316 156 148
   363 148  80   0 197 331 371 187 357 287 169 144 350 186 200  88 261
   295 116 100 312  88 218 242 253 188 291 264 385 131  38 167 246  79
    52 192 187 196 253 186 347 119  22 382 120 334 296 357 121 203 224
   156 226 378  27  30  37 323 250 334 384 198 323 179 203 344 206 359
   127 161 201 136 271 204 144  55 188  90  89 354 100 217 379 143 301
   124  86  24  72 259 118  77 114 385   0  82 284 231 265 269   9 110
   368  66]
  [  0 314 386  73 251 372 173 296  24 289 312 142 350 391 228 148 371
   123 244 355 272   0 196  75 163 392  22 158 197 226 283 280  58  47
   307 222 244 168  90 340 185 103  98 148  43 259 245 344 202 297  13
   245  64  85  53 386 383 299 396  76 320 170 384 192 342 350  94 155
   373 103 226 222 312 135  86 153 278 200 112 373  26 125 271 104 366
   300 284 323 389 286  73 103   7 128 251  79 346 185 222 190 266 158
   152 112 347 329 270 392 293 285 186 128 213 378 147 378 261 193  93
    41 325]
  [  0 402  16  54 384 223 368  70 146 151 190 120 378 253 311 334  78
   352 206 328  54 165   0 382 279  10 194 240 377  96  74 375 307 155
    41 114 143 301  41 248   4 126 143 327  49  30 221 101 169 302 352
   298 232 377 284 125 338 267 234 189 306 348  41 197 361 153  70 340
    72 100 158 154  49 336 296 337 348 133 233  92 139 136 133 166 116
   197  63 167   7 278 264  71 225  30  26  28 277 383 206 222 340 154
   165  59 125  15 212 218  81 304 341 254 335  74   5 189 126 341  32
   264 179]
  [  0 211 390  52  34  26 210  58 373 304 339 390 148  49   0 232 271
   193  82 388  93  96  92   0 311  73 104 137 262 260 244  49 316 385
   232 293 247 303 368  12 137 278 163 286  22  98 102  39  25 193  69
   344  94 339 311  13 159 213  85 253 119 365 282  35 290 386 380  98
    82  64 146  29 209  96  19 337 279 200  16  17 355 185 120   3 283
   111 253 107 110 397  73 174  33 134 263 385 288 138  73  79  16 156
   103 163 156  70 345 130 229  15 331 227 209 400 271 210 100 106  90
   223 399]
  [  0  48  65 208 235 174  78 138  18 248  16 245 228 339 334  39 347
   248  99 142  67 383 195 323   0 170  66 202 108 196 399 301 163 273
   256  63  65 267 301 372 390 298  47  99 118  67  57 316 240 343 124
   360 249 354 128 227 272 220 314  80 365 185 160 383 396  27 368  22
    28 204 118  68 261 336 321  30  72 221 156  27 173  45 362 323 129
   264 384 212  56 256  91 376  55  80  17 203  88 304 328 294 322 142
   135  49   9 116 279 147 246 320 343 163  18  40 332  72  45   5 360
    16 222]
  [  0 223 183 105 294 154 237 287 227 130 400 158 283 116  80 357 105
    87 123 381 181 400  85 240  60   0   5 173 142 392  39  95 348 168
   284  56 387 127  52 177 265  91 187  27 302 134 389 257  48 165 132
   303 242  26 130 277 277 275 328 202 332 114 266 304 294 151 125 367
   169 122  24 192  67 188 158 393 251 216 289 164 210  32 322 212  86
   107 369 340 119 115 131  44  56 224 349 401 326 358 316 248 396 287
    90 148 201 343 326  28 229 314 180 225 386 205 315 144 129 232 171
   299  10]
  [  0 353  73 156 268 265 307 182 293 141 119 111 255  78 266 282 246
   266 182 192 217 390 151  56 373 195   0 263 129   6 147 368  91 270
   335  98 105 114 162 101  25 295  49 334  73 174  43 230 212   1  84
   165 287 302 194 223 103 170 194 157 181 278 177 373  61 106 305 160
   236 278 112 398 133 159  22 272 109 374 128 299 388 166 315 213 323
   319 174 382 197 235 169 155 120 280   4 173 180   2 236 177 233  47
    20 279 401 134  93  82 134  24 173 363 375  64 335 329 327 162 351
    58 171]
  [  0  38  50 235 340 241 388 385 328 316  87 186 276 199 131 220 130
   230 303   4 149 367 107 115 326 363  75   0 135  44 363  71 216 116
   222 180 120  53  87 176 258 395  65 212 272 377 104 199  55 343 243
   190 282 197 185 193 150 233 276 214 140 186 341  74 342 394 229 188
   144 369   9 195  87   0 317 100 387  27  20 266 179 278  46  67  19
    32 143 393  26   1 137 321 213 170 276 298  66 152  21 248 286 339
   337 200 202 367 333  90 282 400 128  83  43   4 313  67  48  51   2
   327  39]
  [  0 387  74 124  92 270 194 229 237 144 300 256  35 263 187 232 398
   253  74 153 374  26 314 143  80 223 256 123   0 192   2 203 156 114
   156  34 127 223 326 333  77 121 364  58 340 312 272 224 164 233 149
    20 216 161  53  38 104  53 130 246  93 247 339 302  28 389   5 197
   211 193  30  41 378  96 112  38 241 103 390 161 306 328 103 164 280
    66 273 317 355 374  53 260 303 150  22 346 375   2  51  65  87 319
    80 270 384  22 196 373 125 244 349 399 247 222 269  45 329 362 101
   343 204]
  [  0 174  27 235 268 398 333  57 334 206 229 352  56 226 108  15 159
    68 294 142  62 268 352 401 178 122 319 397  24   0 164 133 223 353
   374 295 217 352 234 196 171 195 255  76 119 190 196 281  55 115 233
    19 232 387 402 389 198 306  64 355  16 114 328   3 239  80 295 390
   352 235 135 160  63 208 223  36 167 396 170 389 265 375  92 104 158
    25 207 153 224 369 239 198 237 337 343 303 274   2 161 272 340 219
   177 365 251 328 138 220  27 387 236 180 200  91 235 128 351 288  57
   237 106]
  [  0  61 140 356  68  28 371 145 211  56 278 153 276 151 253 349 205
   161 236 303  12 121 379 384 318 384 314 400 141 105   0 313 116 308
   322 372 140 263 147 146 145 350 374  30 230  57 245 196 137  98 340
   248 358 316 186 138 126   9 398 371 277 176 175 301 358 100   4  34
   191 118 392 264 315 262  81 124 220 210 213 368 132  71 336  83 212
   145  72 366 319 228 402 162 329 152 363  68  37  39  12 251 311  56
   124  47 303 122 201 190 287 137  32 351 248  96 231  74 333 146 283
   292  74]
  [  0 128 344 182 402 221 245 209 261 156 347 280  48  49 240 335  90
    45   1 360 152  20 236 205  20 381 182 143 311 274  23   0 297 141
   284 353 237 316 181  31 325 115 255 239 118  67 137 389 124  97 146
   181 317  92 278 221  64   0  28  17 373 304 386 359  96 264 132 335
   143 337 205 269 345 140 362 154  85 330 248 376 188  57 345 278  77
   107  27 287 324 140 158  48 204 229 360 369 378 140  91 324  96 249
   336 387 136 217  41 389 148 189 268  52 132 128  48 271  30 360 118
   126  84]
  [  0 106 134 341  66 225 231 190  44 257 338 174 342 211  70 138 231
   339 331 308 235 386 212 378 122 200  81 365   8 169 114 314   0 205
   240 353 145  54 197  26  34 397 383 367  21 396  86 210 203 165 234
   380  83 170 369 137 144  11 127 140  33 275  42  61  44 242 256 243
    81 305 387  81 285  84  68 121 286 261 257 228 104  53  17 348 281
   281  43 389 370 242  23 194  49 165 263 134 381 157  38  72 378 208
    87 398 149 128 193 276  70 163  12 142 123  96 313 293 203 305   8
   180  21]
  [  0   0 104 373 362 163 389 239 163 260 318 175  51  74 372 144 169
   294 229 332 280 211 337 303  57  90  74 358 402  54 330 215 327   0
   171 101 234 336 242 338 249  85 272 380 327  86 208 161  30 179  47
   202  63  42   9  39  84 221 120 132 378 256  42 282 227 248 149  40
   279 288 365  33  96 178 340 382 202 304 238 372 181 163 122   0  95
   202  35 239 170 176 206 227 331 142 125 125  62 100 189 149 386 176
   175 387  60 292 402  47 303 194 248 368 154 104 158 133   4 139 302
    98 280]
  [  0 255   0 145  59 261 229 313 256 242  79  35 395 134 227 259  67
   363  58 142 253 358 379 144  51  52 176 218 241 162 209 386  62 330
     0 308 304 316  67 164  24  30 262 105  53 336  89 245 172 327 295
   399 174  42 191  54 334 290  71 230 100  38  42 281 300 178 139  86
   144 189 189 279 225 197  28  72 195 339 101 168 298 139 315 186 302
   325 325   5 139 258  38 178 146 332 190 101 336  86 209 279 395 154
    36  65 372  55  94 266 382 113 272 174 192 268 295 269 314 355 362
   140 222]
  [  0 391 255  46 304 194  74 239 230 337  84 299 187  16  52 226 328
   296 273 338  74 179 318 335 121 318  85  34 171  37 338  81  34 401
   150   0 367  34 109 315 134 334 146  48 284 292 246 165  67 319  51
   362 169 258   0 253 369 137 313 313 203 367 204 316 311 369 181 300
    46 234 346  55 341 272 202 351 365 333 151 351  66 106 301 244 338
   391 158   1 204 302   3 336 158 276 311 284 371 200 111 129  48 396
   263 308  93 363 104 345  17 320  79  89  30 155  27 184 211 380 235
   399 250]
  [  0 186 147 155 268 353 342  86 141 329 247 389 119 171 281 146  41
   112  84 314 285 368  27  92  20  85 398 256 395 280 126 123 157  62
    25 391   0 276  44 130 242 136 300 287  78 391 314 380 330 144 128
   228 239  10 214 383 312 379 269  79  78 122   6 332  71  80 154 306
   295  87 131  94 127  98 351 168 204 336  19 391 283 134  31 364  23
    56 339 193  21 102 139  13 257  50 314 212 218 222  74 375 281  20
     4 342 331  67 201 129 223 249  95 246 401  50 239 119 379 340 105
   131 195]
  [  0 102 336 375 288  19 196 370 347 224 276 103 243 262 144 400  49
   323 168 284 377 237 235 392  68  73 315 172 147  18 297 351 359 169
   348 211 330   0  88 360  14  28 340 201 262 252 146 164 268  17 145
    15 287 133  11 319 320 398   6 396 237  73 373 180 283 168 105 384
   205 275 290 278  16 325 157 240 208  74  74 367 317 161 121 249  69
   103 292 378 190 206 323 353 328  48 339   3 333 180 355  77  33  35
   155 184 242 282 319 102 312 394 161 176 159  64  65 394 217 289 147
    20 109]
  [  0 141 359  47  20 253 142  13  17 183 211 280 239 327 150 261 191
     8 334 217 347  11 224   2 319 285   5 246  42 130  33  60 111 144
   149 367 277  54   0 190 369 180 336 221  61 304 326 102 246 232 210
   137 278 273 352 321  65 166 370  95  62 170  35 286 398  89 276 248
   344 218 264 254 193 341  83  63   1 160 273 203  22 129 101 138  91
   329 371 285 230 213  77 280  88  63 218 352  47 260 174 394 317 354
    48 205 107  57 364 175 115 374 129 229 364  40 330 286 317 271  46
   387 145]
  [  0 102 232  42 237 189 162  50 242 375 220 297 389 295 191 303 134
    66 299 304 329 321 130 105 195 396 274 230 163 117  41 390 206 209
   102 335 257 378  57   0 278 272 341  10  63 242  35 301  99 343 305
   150 375 322 211 184 200 331 376  89 212 208 371 365   8  60 180   9
   246  71 129   7 335 390 246  36  31 152 181 270 238 130 144 205 374
    39 371 197  73 262 367 218 170  93 272  56 130 225  59 278 287 333
   368 312 219 296 367  26 331 235 122 362 253 191  89   1 343 137   1
    29 204]
  [  0  29 253 381 140 215 117 226 115 326 136  30 225 197 341 300  21
   400 355  48 237  84 313 267  62 182 388 178 324 149 347  87 400 108
   137 137  24 273 270 308   0  98  47 193 251 186 147  78 248 155  51
   129 113 108 326  42 398 361  86 215  73 201 206 180 339 310 160 186
   242  48 226 115 397 120 195 352  96 287  43 246 174 305 298 323 166
    83 379 348 172 374 231 364 343 396 307 192 242 362  70 363 367 250
   234 142 114 292 260  41  30 154 358 350 365  79   7 287 117 243 161
   378 371]
  [  0 383 285 388 380  10 302  92  17  50 192 394  30 188 140 144  55
   386 231 232 241  46 313 226  42 143 270 299  69 165  27  38 228  65
   227 283 220 226 177  39  18   0  60 102  82 328  99 289   5 382 170
   245 263 322 318 340 293 365 348 224 227  18 272 257  94 220 358 212
   270 301 237 108  68 155 115 249 321  97  13 140 247 173  61  15 220
   182  76  32 368 288  38 398 119 402  40 336 170 233  22   3 223 262
   103 116 318  39 313 384  64 151 255 204 248 298 234   2 344 281 168
   180  87]
  [  0 239 262  36 311  63 105 170 149  21 326 370  14   5 226 308   9
   248 304  89  80 390 170  55  61 313 341  49 174 218 385 352 104  37
   379 283  77 351 234  37 273 344   0 148  33  77 323 253 326 252 332
   272  62  88  74 154 110 389  58  75 123  29 364  16 312 330 106 367
   241 207 333 157 130 260  53 102 390  93 381 171 203 336  22 387 269
   319  35 205 181 143 228 157 106 359 164 294 318 225 355  31 359 189
   224 339 295 339 228 171 364 249 204  61  36 118   3  10 301 350 261
    58 395]
  [  0  52  34 169 300 357  94  42 101 167 342 345  39 148  70 214  99
   132 332 250 338  67 117 283 209 148 190 269 194  92 341 288  29 310
    56 288 339 281 308 262 283 126 152   0  13 325 121 183 302 141 251
   204 203 275 354  26   5 147 262 146  93  69 367 308  83 228 300 319
   172 277   1 402 268 246 265  30 237 338 334  18 314 255 380  27 350
    28  46 116 257 246 377  13 138 154 157  47 161  47 236 248 401 323
   270 171 236 293 285 298 398 352 402 125 274 391 336  63 141 293 382
   136  91]
  [  0 127  11 282  27 372 257 214 213 336  44 387  79 265  82 281 363
   190 392 242 175 397  40  20 256 249  19  21 155 251 269 140 372 349
   358 387 234  14  94 342 235 199  82 286   0  99 350  83 130 226  91
   331 123 351  17 231 215 130 184 243 168  97 274 389 382  17 148 284
   163 110  50 333 288 183   7 389   7 102 395 111 158 169 300 366  48
   360 341  93  56  95 210  55 118 393   5 235 146  80 357 204 194  80
    73 165 114 311 205 250 174  11 399 272 187 124 315  65  48  25 160
   165 292]
  [  0 165   7  90   8 357  89 150  98 328  94   2 394 389 158 193 209
    57 229 128 382  73 106 221  99 216 157 326 223 259 112 278 373 269
   124 257 365 260  10 318 234 209 104  91  32   0 396 189  38  52 302
   193  88 264 291  73  42 308 211 101  91  71 281 277 111 363 366 144
   235 281 118 398 151 128 355 283 401 193  89  64 144  37 272 184 281
   293 398 308 343 392 264 367 394  35   5 239 243 372  96  15 192 391
   149 162   6 252 208 247 342 252 154 203  82 175 107 360 310 348  61
   350 198]
  [  0 268 229  60 374  39 330  49 190 117 347 106  24 273 230 245 192
   171 363 235 244 124  84 235  40 371 111 302  80 351  52 354 150  83
   195 352 167  11 185 235 103 130 346 125 273 101   0   2   0 397 280
   325 101 220  11 219 276 150  34 327 318 339 268 285 126  64 272 335
    65 241  40  76 160 286 169 392   5  93 197  43 349 339  99 259 205
    78 349 253 221 380  94 235   8  30 236 309 392  62 110 189 341 322
   149  51 149 322 125 123  75 334 196 194  23   6 402 336 149  69 320
    21 164]
  [  0 103  92 102 319 198 350 118  94 185 235 173 137 392 103 197 105
   160 181 160 330 347 397 328 349 254  73 322  38 262 101  16 194  23
    37 181 257 110 108 134 153 122 131 320 255 297 368   0 216  66 364
   109 342 131 221  44 304 365 236 305 333 264 233 239 278 322  89 386
   277 229 182  31 232  43 259   6  81 267 251 245 227  72 315 388 125
     8 101 201  22 263 113 268  42 344   7   9  99 297  43 194 263  71
   235 126 179 152 348 103 368 388 339 370 259 379 145 176   1 162   3
   389 206]
  [  0  20 346 277 233 211 253 118 119 245 325 218 124  65  75 296 305
   169 125  79 254 278 114 364 290 327 124 263  13 189 313 166 169 350
    15 348   5 153 235 175 330 119  62 244 101 269 390  79   0 287 214
   293 189 268 187 283 172 391 376 278 303 174  45  11 373 359 387 113
    98 368 257 324 212 346  35 205 190 106  74 372 215 178 303 155 187
   322 170 387 265 183  43  73 316   0 217  46 111 312 324  20 314  73
   328 324  75  46 248 116 248 397 385 391 160 243  47  66 214 198  98
   240  18]
  [  0 340 132 186 330 263 118 106  61  54 127 129   3 120 173  95 212
   311 248 336 222 349 238  45   1 258 265 166 206   4 259  28 260 333
    25 361 113 277 400 372 383 231 223 315 366 214  31  13  25   0 377
   103 253 240 300 116 158 318  81 181 221 399 174  46 313 221 218 222
   108 107 324 229 133 280 174 149   1  86 226  77 192 145 392  94 320
   274 307  25 137 126 206 252  25  13 378 384 285 289 366 272 245  82
   199 191 402  68  82 131 115 107 106 118 184 130  44 396  93 208 214
   157 228]
  [  0 186 393  73  67 149 127 150 321  78 373 204  62 363 372 196 362
   313 292 402 288 379  62 401 257 380 203 133 355 380 114  43  42 212
   148 192  90 355  40  47 257 164 364 190  18 315 151 366 160 152   0
   311 372   4  72 296 294  86 159 158 291 224  64 278  87 284  78 102
   141 257 277 302 192 189  31 222 116 340  11 116 342  49 224 291  51
   367 382  77 116 322 103  77  41  51 168 194  77 329  62 284 108 286
    88 289 302 317 232 210 399 240 123 279 370 211 230 180 165 380  17
   174 384]
  [  0   2  39 301 187  44  41  95 225 218 359  10  54 140 233 266 185
    50 151 186 380 395 309 389 388  23 236 198  54 115 309  94 161 153
   392 267 277 302 385 335  54 199 123 322 327 109 171 122 361 402 117
     0 239 387 354 146  63 203  20 351 246 401 160  91 120 285  60 278
   266 128 297 373 239 370  16  37  25  17 241  75 346  33 380 223 320
   109 171 103 388 160  10  17 400 113  84 260  17 208  61   5 298 172
   248 396 164 178 262 278 246  76 187 112  83 348 371  30 372  24 170
   381 356]
  [  0  85 346 140 176 389 281 239 204 144  86 173 152 133  95  27 117
   165 122 383   9 294 125 228 375 226 249 368 102 289 322 375 244 144
   378  29  57 115 393 287 297  80 148 264  50 169  23 361 399  57 251
    54   0 142 124 375 297 272 373 205 231 363 148 138 199 383   9  52
   152 220 272 233 312  70 333  15   0 292  50 303  76 394  59 223 311
    44 162 308 175 142 392 221 199 191  63 291 284  14 164  86 171 354
    19   4 118 157 137 303  89 294 376 164  51 120  96 199 234 214 178
    99 257]
  [  0 199 236  17 265 258  57  27 158 179 289 315 295 373 180 108 384
    87 338  96 182 195 311 350  19  67 146 304 381 321 215  39 105 246
    41 346 138 157  35 218 192 153 126 147 251 149  71  64 196 274 354
   152 279   0 342 112  81  90 314 128 365  22  90 129  92 345  89 247
   338 147 331  10 238 269  89 164 322 293  22 306 239 375 348 247 167
   315 314 189 147  27  86 386 108  85   6 305 258 163 170 267 287 112
   400 168   6 144 221 384 104 383  40 210 271  45 257 383 367  16 284
   358 112]
  [  0 248 246 102  87   0 291 296 336 374 245 272 311 200 103  22  69
    41 117  27 359  58 115 239 107 276   0 140 239 319 316  92  57 394
   306  57 254 209 280 268 152 319 278 173 351 197 239 159 150  20 307
   167 270 217   0 325 333 379 148 192 365 293 203  93 394  45 260 238
    27 152 181  47 264 391 157 150 145  33  48 364  58  67  44  89  63
   185 402 135 363  93 370 164 185  92 241 156 354 167  87 265 297  24
     3 350 128  54 304 378  72 117 226 364 248 123 262 273 211 122 134
   331 345]
  [  0 327 218 326  62 115 217 355 305 241 201  70 147 218  92 342 267
   118 151 306 177 116 314 396  71 225 219   2 103 337  17  72 392  55
   393 358   6 169 217 383 178  86  42 307 312  92 156  53 207  70 142
    89 211  71 278   0 289 209  39 208  21 130 385 281  84 116  21 122
   396 202 287 244  80 164 178   7 179  87 313 269 145 272 132 198  96
   221 363 120  37 118  36 254  40 344  13 245 394  48 374 184   5 231
    81 172 219 162 205 291 368  51 102 243 346 350 230 263 106  43 311
   308 322]
  [  0 360 175 350 115 277 206  65 149 219 203  13 286 249  56  23 248
   369 166 368 181 294   5 364 266 283 351 183 176 121  50  38 297 276
    12 198  25 347  72 185  66 268 268 113 367  74 135 380  20 167 176
   162 329 189 298  27   0 379 352 335  38  57 334  42  95 145 109 181
   295 235 124 217 188 386  29 116 330 190 171 209 164 271 394  92 253
    93  24  59 317 174 233 333  23  24 145  21 207 319 126 211 250 319
   134 364 136 136 375 121 279  85 117  68   3  99 362 296 308 290 330
   127 195]
  [  0 178 379 319 239 325 339 341 379 264 227 254 401 327  72 348 267
   280 167 172 273 223 196 111 360 121  64 193 338 141 121 106 317 238
   262 341 308 219 158  37 204 184 331  96 309 222 369 195 142 399 393
   217 134 121 286 397 156   0 187 215  85  95 113 107  15 311  34 127
   292   1 373  19 172 218  97 366 247 267 317 298  73 347 252 155 379
   201 329 184 272  30  96  44  40  44 325 153 233 156 180 333  36  29
   218 247 162  80 319 350 129 101 346 324  39 224 380 160 390 385  30
   134 302]
  [  0 331 235 267 182 342  66 337 349 268 195 224  54 165 147 262  26
   353 357 153  27 113 391 187 373 123 187 145  77 283 148  38 336  64
    66 317 369 395  68 193 309  84 241  28 321 371 314 307 396  50 129
   280  37 102 355 138 107  67   0 372 245 331 245 274 103 333 218 212
   120 185  62  75 224 106 260 304  36 156  98  90 232 345 383 156  31
   290 314  80 119 399 383 210 129 387 146 362 270 289 169 260 370 193
    95 361 361  11 250 130 147 185 273 164 323  42 360 152 287  15 129
   224  51]
  [  0 154 194 175 160 294 168 297 225  26 250  96  72 262  23 262  23
    41 388 373  19 120 311 385 126 399 395 359 128 230  49 162 371 119
   252  70 345  60 140 323 345 121 146 395 142 259  41 308 280 179 160
     7 244   8 399 240 249 115 200   0  36 184 252 316  54 208   9   5
    49  75 258 199 175 360 170 136 391 313  74 192 173  34 376 374 181
    81 163 235 266  33   4 330 354 148 173 172  61 225 328 371 379 269
   377  16 107 293 121 145 401   5 166 354 383 369 203 367  78 206 103
   331 247]
  [  0  62 311 258 155  84 369 354  52 336 275 254 140 359 273   2 187
    70 401 329 174 274 217 222 235 161  74 110 304 285  32  50  15 104
     8 185  85  49 245 332 117 149  70  65 268 185 337 198 299 133 255
   133 265 334  61 200  42 161 332 266   0 290 388 134  51  10  54 352
   248 365  27 332  53 141 143  19 311 261  10 336 369  37  88  54 366
   359  34 265  89 296 158  51 118  23 196 121  24 127  23  62 296 123
   222   1 316 161 326 316 339 206 120 104 397 265 293 367 337 144  83
   196 137]
  [  0 280  67 211  52 356 204  90 363 108 123 126 207 204 253 114 209
   232 247 209 232 292 282 176 101 311 205 223 363  76 101 155 177 397
    17  21 346 180 285 254  31 195 390 127 186 338 356 325  17 215 315
   356 397 275  99 146  98 215 207 393 313   0 331  67  57 224  17 226
   149 159 273 208 239  71 335 297 235 325 276  63 359 257 396  78 262
   229  46  77 371 374 344  66 391 291  79 171 233 160 288   9  84 320
   390 360 153 274 205 401 213 248 131 239  34 378 303 273  71 125 200
     0 216]
  [  0  68 327 216 300 124 309 158  43 166 282 248  38 372 212 165  67
    76 389 178 220 295  56 236 309  98  18 323 295 320 270  18 302  14
   233 399  26 167  14 371 124 310  77 364 229 327 256 307 170 176 379
     2 311  11  75 200 246 115 123 345  60 198   0 147 166 113 142 119
    37 227 356 230 294 344 169  95  99 393  23 366 290 101 311 221 383
    16  83 161 119 145 388  92 397 352 365 223 317 138  48 202  21 345
   320 258 105 293 359 148 187 166 312 240  85 173 212 316 250  42 257
   240 316]
  [  0 131 385 332  96 396 222   6 366  36 335  99 268 363 115 252 200
   396 300  98 179  43 174 222 290 341 283 299 184 113 281 398 134  39
   188 212 351  31 376 234 240 267 301 267 342 282 382  10 285 312 265
   239  88 302  28 126 256  81 271 299  42 381  10   0 195   5 331 322
    54  24 132   5 192 140 229 170 268 101  40 322 169  52  46  59 189
   199   6 217 199  64 300 242 194  57 284  86   3 103 218 202  82  95
    95 376 211 320 180 352 155  41 188 116 333 249  97  15 222 211 152
   182 121]
  [  0  32 309 341 373  27 353 221 328 245  91 246 215 127 160 388  13
    19  37 346 203 164  33 119  72 184 286 221 322 282 338  29 115 127
   294 157 155  18 322 129  63 274 108 334  12 100 325 267 221   5  26
   109 103 224 269 206   7 228  41 286 363 145  71  59   0 372 329 307
   119 307  65 291 204 247 352 359  38 314  46  23 286 369  29 355  23
   110  63  87 318 302 112 193 296  97  25  99 384 299 285 117 196 318
   316 170 201 273 285  65 106 361 215 384 114 319 328 195 375   1 193
   246   4]
  [  0 234  78 369 315 158 183 351 235 118  67 208 286  50 159 194 239
    46 220 368 150 238 105 223 326 332 232  57 129 320 113  51  36 283
   169 333  25  32 393 132 181  38 106 210  20  76 159 285 303  82  61
    84 304 395 288 195  78 183 284 207  35 270 171 174  84   0 257 297
     9 309  68 115   5  61 385 325  26 110  45 395  70  97  31 202 320
   381 307 268 179 250  33 236 317 195 355 171 319 266 212   5 213 402
   104 264 357 260 388 152 214  79  93 163 104 168  52  20 181 188 229
   206  84]
  [  0 344 276 397 308 206  87 386  15 191 298 136  32  91 328 182 188
   176 108  61  28  79 275 334 260 182 298 351 235 187 146 313 214 214
   114  12  21  19  53 184 280 386  76 361 164 172  77   9 130  96 295
   341 299  13  21 195  41 122  52 298 130 387 215 121  30  93   0 240
   336 192 330  69 290 278 294 289 154 213 214 234 378 144 294  85 170
   112 117 175 204 250 242 182   1 218  58 121 179 120   0 326 171 368
   152 140 200 260  72 254 130 371 163 399 209 291 232 145 247 376 238
   160 379]
  [  0 275  43 355 245 285 353 178 289 105 222  60 373 199 169 343 207
   341 258   3 301 304 268 183 256 189 391 249 369 176 322 181  16 147
    40 260 237 111 381 161  83 353 336 348  75  79 287  58 198   4 188
    33 258 210 141 318 206 401  84  81 278 185 344  66 120  41 291   0
    35 206 167 151  93  38 222 394 190 276 169 397 277 158 342 147  29
     7  34 255  87 256 169 264   0 383 286 398  37  18  10 391 297 301
   149  31 390 290 206  14  54  69 197 159  58 107  47 152 253 280 255
   321 174]
  [  0 126 206 400 303  85 311 107 380  53  94   4 119 387 346 330 299
   200  10 379 165 395 306 124  73 300 217 332  62 158  19 100  76 322
   364 361   2 258   6 217 255 177  34 214 279 209 299 116 174 132 394
   271 190 141  13  65  12 122 175 286 294 117  70 271 246 112  26 149
     0 121 101 188 182  21   3  19 316  59 386  90 360 256 145 218 354
   117 263 395  34 334  38 161 124 378 340 177 140 346 169 398 261  80
   144 155 287 365 396 163 100 392 273 271 191  97 112  48 397 246 187
    42 174]
  [  0 123  45  20 298 390 318  42 183 357 378 270 321 332 142  75  48
   296 244  21 204   3 207 311  98 280 171  89 135 121 328 309 313 328
   325  95  75 263 211 335 205 286 203 314  95  26 352 311 193 387 392
   191 332 181 189  31 115 397 238 387 299 392  20  90 339 314 354 289
   256   0 114  13 177   9 283 111 236 335 366 234 327 330  10 252  36
   261 267 310 184 139 103 108 247 286 260  41  30 246 168  64  91 129
   272  97 332 149 322  34 261 240 174  85 198 106 234 236 267  96 314
   314  35]
  [  0 110 364 185  26 295 133 349 315 235  27 140  92  37 398 279 323
   350 234 188  74 328 104 195 296 225 289 321 210  71 115  57 351 222
   136 353 131 378 345 174 282 369 292 196 336 342 131 122  33  37 267
    58 131 357 105 397 194  90 203 255 154 255 100 116  41 338 306  29
    45 354   0  46 352 249 229  22 178 187 175  77 377 387  63 121 196
   279 306  32 133 243 331 175  18 138 320 184 350 213 196 197 202 309
    86 331  59  78 243 141 246 251 130 313 296 105 400 353 249 273 285
    63  72]
  [  0 251 194 132 278 119 164 174  22 189 144 120 117  61 335 219 211
   162 303 189 256 235 289 128 224  20 399 167 287  81 136 397  44  56
    15  54  57 273 298 213  15 341   9 373 319 167 202 236  95 236 270
   328 389  61 397 384 122 130 366 180  82 257  29 168 215 100 358 222
   396   4 217   0   3  61 226 115 271  50 228 235 244 291 372 158  18
   201 181 132 389  25 350 275 166 225 184 236 179 346  67 165 163 108
   353 143 372 108 270  81 297  81  42 308 250 137 371  51 231  94 233
   347   3]
  [  0  45 268 400  44  41 364 390  29 370 106  95 392 250  20  44 229
   377 332 229 302   3 124 292 137 342 354 198  36  66 329 351 367 183
   157 348 318   4 292 400 387 317  77 157  98 344 103 326 258  26 197
   318 401 361  77 185  80 393  13 122 168 347  51  64 145 270  15 198
    23  19 280 175   0 358 128 111 226 373 150 148 160 217 224 169 216
   258 308  50   3  96 190 357 190 208 148  87 164 283 397  74   0 236
   165 101 276 164 350 123  56 287 157 208 147 180  13 285  86 218  20
   154 114]
  [  0 245 168  16  26 339 352 307 187  44 393 132 299 301 211 191  47
    92   2 399 352 401  38 377  72 306  99 263 303 372 193 354 398 301
   272 340 216 166  52 370 289 110 224 237   9 126 169  81 334 276 223
    54 258 268 297 328 165 312 123  38  43 227 332 378 394 175   8 342
   344   1 210 124 192   0  71 393 166 304  85 138 252 286 351 262 216
   104 122  13 162 385 329  69 298 232 341 319 205 117 189 253  38 237
    89 218 175 232 273  96 130 395 253 223 145  67 155 344 345 397 118
    44  43]
  [  0 204 328 196 113 140 339  30  68 361  21 184 229 278  50 116 196
   161 114  18 156 144 126 357 271 288 222 254 278 310  31 208 346 142
    97 394 239  83  86 273   0 190 156  10 324 264 343 393  17 325 399
     4 307  45 391 120 128  33 295  73 306 127 361   1 102  14  97 253
   134 222 237 351 187  74   0  13  18 186 126 325 117 134 250  98 198
   231 226 195 238 317 120 369 254  99  67  67 140  17 174  69 108 321
   304 369 366 239 215 343 357 177 182  72 260 240 338 285 288 123  95
   142 227]
  [  0   1 326 383  68  70  82 178 149 255  31  76 369 151  17 273 204
   202  43 357 252 258 319 172 264 289 391  33  24 240 166 211 180 177
   371 381 384  43  11 359  54  41  99 199 279  88 317 396 280  64 377
   204 163 279 382  92  56 144  68 125 309   5 225 310 333  82 104 211
   172 164  38 173  35 154  36   0 329  38 100 387 142 173 149 397  46
    29  12 319 335 308  99  83 152 282 379 217 207 193 338 270 167  26
    56 223 266 109 109 344 152 343 192 275 301 263 161 379 265 255 161
    90 132]
  [  0  48 387 363 191 159  49  51 197 242 182 117  46 255 398 130 172
   176  97 366 396 185  17  52  41 152 274 288 327 293  24 195 142  12
   331 304  43 101 134 185 105  27 145 211  23 111 270  65  70  28 203
   204 131 153 229 285 186 180  33 366 161 164  21 282 268 270  32 304
   375 323 335  31 180 296  36 357   0 103  86  36 225 198 376 148   5
   261 164 391 199  13 141 128 120  57 402 177 107   4  61  96  41 180
    24 280 370 154 120 122 374 246 289 204  71 298 361 355 152 121 284
    22  19]
  [  0  88 307 196 340  28  47  59 327 256 143 257 318  89  53  52 382
   341 239 345 389 130 315 295 198 373   6 193 294 272 181  52 252 110
   303  91  77 162  53 120 157 196 221 226 325  29 273  10  63 209 342
    70 273  70 219 161 157  79 361 301 159 165 378 305 185 132 128 300
   124  23 344 220  44 322 331 396 370   0 342 388  97 148 306   8   7
   396  58  37 359 148 155 129 102 120 367  43 322  76 305 208  15  85
   299 167 112 244 294 112 107  41 168 358 166 363 366 125 242  56  89
   397 233]
  [  0 163 130  24 181  79 259 101  92  96  20 117 192  86 290 135  21
    20 363 397  90  71  60 309 358 111 370 188 343   7 321 336  25  13
   265 323 224  18 134  10  54 207 151 133 184  35 281 367  14 174 138
    40  88 108  68 374   4 359  33 371 113  83 207 267 247 268 360  14
   222 258  47 373 345  78 162 111 293 389   0 211  11 209  39 115 153
   182 185 100 163 107  49  50 199  20 189 304  22 207 333  25 400 390
   169 275 289 167 189 311  82 125  66  38 246  72  54  72  20 234  62
   289 288]
  [  0 193  57 306 269 155 248 109 296 204 316 120 102  40  35  35 250
   247 389 289 214 321  33   3 297 158 212 194 287 177 371 163 236 274
    53 394 291 262 181 280 230   0 301  22 290 252 216 354 260  58 368
   102 257  66 348 165 320  87 107 148 112 154 146 228 269 308 283 288
   306 191 225 250  54 298 303 318 103 321 384   0 167 390 267 220  40
   198 186 385 320 222 265 353  66 232 207 167 205 198 192 283  81 252
    25 383 248 380 313 206 199 313 323 264  57 124 120 114 146  94 401
   390  27]
  [  0 396 159 122 246 147 392 242 268  24 159 177 223 377 147  95 151
   173 240   8 292 345   3 357 129 363 201 339 282 342 384  38 134 369
   374 327 186 320  19   3 171 223 146 386  36 136 151 211 387 213 231
   199 123  17 138 212  47 326 276 163  53 230 187 308 248 175  27  58
   388 274 164 357 324 265  92  95 104  25 296 318   0 371 285   0 250
   191 310 347 323 224 176  92 179 346  48 334 172 290 133 261 154 164
   345 190 122 204 284 328 178 253  38  31  41 179  12 130 237 364  11
   192 212]
  [  0  57 244  89 330 162 391 325  67 113  52  72  16 258 279  77 370
   120  35 116 301 237  90 268 278 202 248 315 113 234 207 218 105 322
    37  38 237 334 280 165  55 214  44 263  91 246  37  81   4 375 148
   384 154 177 202 112 175  64 107 304  24 382 378 263 298 224 398  29
   301 340 380 302 231 214 363 347 321 284 191  49 354   0 294 292 326
   245 321 401 318 194 374 351 299 186 356  19 134  13 296 390 316  74
    28 396 386 193 215 380  88 264 151 172 328 295 389 229 141 200  36
   182 299]
  [  0  37 197 225 347  79 312 152  93  84 334 257 141 193 228  28 234
   169 139 221  72 363 334  42  50 173 101 291 164  73  35 147  56 269
   319 264  16 154 112  60 200 234 314 260 326 154 218   2 328 238 297
   124 205   6 106 360 347  85  70 269 353 320 130 348  53 191 284 219
   160  65 267 396 319 102 384 213  87 380  68 364 183  10   0 272 309
   145 219 202 317 338 317  26 312 178 402 267  90 278 206 124 244 144
    42 156  41 137 212 226 280 390 298 364 187 301 220 241 215 397 207
   216 372]
  [  0 281  27  83 196 166 204 315 390 342 347 390 248 277 391 244 394
    61 361 261 142 299 212 155 342 226 265  93 163 204 275 381 110 258
   219 387 232 144 271 149  15  65 216  43  93 226 342  66  35   6  18
   391 180 195 328 185 263 270  79 286 145 261 207 154 327  50 189 317
   320 229 281  48  15 239 334   5 101 152  83  56 194 340 218   0 154
    93 123  57 239  82  70 280 156 317   3 288  89 260 143 283 337 379
   129 282 171 101 153 187 387 397 400  12 110 112 327 180 115 265 219
   212   1]
  [  0  24 172  59 228 175 192 372 326 329 289  25  46 368 242  24 311
   239 266 304  60 211 242 359 223 216 315 310  33 294 253 124  39 363
    94 299 169 241 236 156 290 252 397 365 190  75 227 326 205 278   1
   379 127 398 278 262 112  14 165 198 205 140 246 262 311  29   3 267
    38 299  50 171  40 247 107 291 153 259  88 197 170 212 135  12   0
    27 386  70  51  41   9 298 306  53 375 200 157 166 322  89  75  37
   390  42  44  79 306 184 164 287  24 106 109  58 249  23  14 224 291
   221 329]
  [  0 309 365 222 378 396  90 365 152 230  12 141  41 196 342 393  47
    87 329 272 401  81 316 183 142 359 185 215 143 290 277 330 311   8
   132  47  90 306 245 162  31 359 152 293  65 164  42 295  57   2  33
     5  36 112 325 110 309 357  19  58 150 259 204 242 240 135 307 259
    74  22  66 319 166 363 364 301 320 274 168 145 191 374  20 359  54
     0 193  39 152 174 120   7 121 239 278 307 233 379 363 110 183  69
   316 122 292 174 116 380 339 232 118  30 302 333 279 214 102 282 347
   273  19]
  [  0 200 149 395  40 280 319 359 278 358 131 349  14 222  39 104 201
   163 305 145 218 284  13 240 335 378  59 262  69 111 310 374   0 199
    45 259 223  64  57 199 266  97  95 145 245  74  31 118  56  30 395
    51 178   9  91 324 282  53 184 316 118 195  43 337 361 205  68  74
   313  51 104  61 250 386 318  57 187 304  74 298 139 257 112  19 363
   157   0 256  67 230 368  13 183 116 143 267 393 395  76  86 189 251
   369 179  65 399  68 216 196 362 208 378 313 302 274  22  89  41 102
   263 194]
  [  0  74 204  73 132 330 375 376 316 348 272 159  68 330 103 361 105
   297 128 269 290 219 220 169  33 312  24 205 256 249 307 343 352 219
    79 286 131 210 186 304  41 288 292 231 356  53 351 349 179 182 384
   305 216 206 338 348 134 233  88  26 255 166 254 127 324 269 209 385
   131  98 177 205 210 225 395 372  27 346 204 158  75  29 358  54 107
   393 303   0   3 144  88 354   4 289 143  34  53 192 204 163  70 239
   191 316 331  23 241 331 256  86 290 209  44 355  37 398  74 381 332
   170 262]
  [  0 357 321  22 234  59 166 311 345   3 315  77 292 180 314  25 352
   118  58 351  80  10 387 279 158 250   7 177  59 366  19 189  47 328
    21  89 401  32 165 276 267 384  94 381 283 235 400 154   1 244 374
   305 175  34 173 353 266 137 281 365 198  12  21  13 198 355 198  62
   263 316 233 219 256  26   4 108 316 365 144 374 330  16 382 195 218
   101 133 393   0 167 164 235  78 122  43 241 208 364  89 345 122 194
   257  97  62   5 392  84 280 331 168 376 397 295  25  12  56  87 372
    60 171]
  [  0 344 223 294 211 195 384 218  81 195  15 334 387   2 373 189  14
   186 314 226 344   8 348 173 119 279 281  43 314  11 270 270 208 142
   390  80 399  79 276  53 115 254 136 115 348  51 347 370 164 376 164
   310 285 130 180 283 224 381 108  61 306  62 107 180 207 202 180 338
   182 273 325  10 387   0  34 182 206 132 255  76 154 314 120 175 112
    19 254 126  69   0  26 273  80  61 353  84 176 238 307 210 306 126
    80 146  47 385 218  95 390 318 112 117 120  94 218 349 133 189 141
   323 327]
  [  0  99  86 401   9 180 185 245 342 247  69 138  54 139  90 114 137
   308  30 151 128 355 360  93 311 365 113  74  20  30 189 258 332 309
   207 308  76 268 379  44 150  67  34 379 198 385 313  65 343  79 386
    92  93  80 319  56 257  34 219 397 190  40  11 341 343 141 118 247
   372 330 288 304   7 324  38 320  68 171 140 133 256 379 126 316 264
   309 252  14  10  97   0 102  86 118 153 323 333 389 224 230 284   6
   122 240  87 297 184 223 377 269 382  80  85  24 162 328  59 400  49
    27 200]
  [  0 122  20 172   9   1 200 222 219   3 396 314  59 178 314 310 146
   232 329 101  35 385 157 280 314 236 123 288 330 278  49 248 142 249
   289 255  11 328 158 216  52 256 250  27 272 253 202  86   8  68 356
    41 397  90 173 257 301 132 103 115   3 207 377 267 211 329 368 140
   321  88  58 137 205 124  11 111 325 267 337  46 122 385  57 394  47
   388 297 265 211 253 140   0 134 333 163 335 314   0 192  19 339 288
   211  94  59  47 362 252 195  30 324 161 307  78 308 282 400 226 121
   276 108]
  [  0 199 222 254 139 390 138  42 249 193 400  95   2 109 354 190 201
   379 237  59  65 371  70  65  64 373 246 101 127 139 221 152 384  74
   223  60 126 142 164 322 258 178 327 168  69 355 183 262 164 130 236
   208 388  62 293 237 125 151 348 296 215 375 217   5 295 265  37 347
     4 265 223 183 167 332 370 374 309  99 102 232 305 255 318 251 214
   322 217 323 376 397 114   1   0 354 143 279  88 356 384 182 248 155
    74 381 195 121 276 348 224 217 196  70   0 141 179 369  82 201 253
    43 158]
  [  0 187 125 118  34 153 392 170 160 252  98 399  11 398 278 358 117
    64   6  76  66 213  59 154 238 297 133 181 154   4  76  70 189 147
   233 122 318 248 299 291 367 265 175 355 240 121 188 334 288 345 129
    77 171  10 174 107 139 394  43 226  86 396 372 146  51 292  95 347
    53 157 102  17 223 400 136 335 201  39 206  93  15 134 297 110  22
    33 230  49 217 303  33  32 162   0 362 255 222 115  32 401 336 330
   291 210  25 112  64  32  74  66  31  25 294 311  71  62 354 388 221
   325  69]
  [  0 162 316 160 291 282 240 157 384  19  50 173 330  80 164  62 115
   371  31  45 190  94 392 317  62 221 131 109  44  55  77 320  65 163
   286 385 173  28 401 322 279 243 100 136 335 346 316 155 352 250 206
   288  84 239   1 305 332 193 303 330  69 339 196  25 319 145 366 228
   125 287 241  69  86 143 175   7 190 203 256  78 203 270 322 180  46
   368 287  50 170   8 111 214 355 326   0 340 226 260 339  58  35 360
   338 363  59  16 132 399 396 302 327 271 128  88 238 182  53 390   9
   384 213]
  [  0  26 272 242 390  99 190 330  70   3 365 170 122  81 161  51  80
   235  61   9 190   5  33 233 148 127 217 355  91 184 371 246 362 174
   307 176 293 134  20 277 139 384  39 386 376 266 334 294   6 178 259
   275   4 258  77 196 333  47 112 261 171   7 323 369 165 320  28 289
    30 393 368   1  96 278 263  11  12 381 236 157  87 227 345 182 145
   174 134 361 343 380 182 154 392 217  58   0 136 296  68 265  64 162
    21 383 171 362  67   9  65 292  57  20 102  83  26 219 109  77   8
   381 243]
  [  0 191 268 333  46 115 385 298 173 353 147 355 317 256 254 174 167
    64 318   9 258 269 139 275 305 198  33 302 368 312 364 332 246 326
   118  79 208 268 277   7 388 251 383  31 393 341  19 137 155 167 238
   356 122 291 104  12 144  57  73 384 155 346 332 384 105 226 305 172
   382 400 310 341 259 254 401  27  52 144 157 196 121 243  88   6 390
   220 316 216 205 367  47 126 229 178  75 183   0 220  25  41 204 350
    20 112 332 147 286 178 369 318 143 199 144  94 366 198 355 287  17
   177 151]
  [  0 310 363 270 323  15 106 367 390 383 128 134 304 333  50 165  68
   229 359 143 397 180 146  65 331 220 390  39  83 375 262 181 338 208
   177 135  45 217 397  67 162 287 127 385 289  16 155 272 373  82 304
   298  34  55 286 125 277   9 107 208  50 211 112 351 390 338 352 371
   349 289 307 287  84 360 342 221 401  69 186 215 206 207  78 356  10
   107 301   6 192  78 264 309 347  72 146  15 241   0  38 120 139 154
   314  98 144 389  47 210   3 234  57  48 399 205 235 254 361  99 228
   273  97]
  [  0 119 378 334  15 292  26 224 201 194 178   4 322 361 336 363 167
   332  47 382  17  72  90 194  71 251 242 400 142 137  55 213 207 330
    50  47 401  48   3  85 237 127  78  37 317 154 195 287 342 358  97
   218 286 333 212  69 318 204  45  62  17 305 356 117  69 186 262 361
   203 353 360 245 225 329 165 330  94 371 204 180  45 269 151 144  50
    51 148 188 334  56 252 152 283 113  72 288 120 367   0 243 232 164
    75 265 385  96  57 157 159 110 136 123 125 221 362 329 253 259 391
    46 100]
  [  0  47  30 219 109  69 181  12 289   6  94 105 105  87 109 129  72
   167  84  92 286 106 354 313 169  76 397  15  53 399 105 342 261 385
   330 351 255 317 302 222 338 235 344 374  40 204 365 230 294 141 189
   257 109  56  16  44 366  17 180 396  28 272 102 212  30 186  72 238
    33 362 235 274 149 292 248 335 377 107  78 367 200 252 364  56 282
   136 182 312 134   6  72 179 110 257 364 158 163  61 377   0 344 177
    34 304  44 158 332 397  35 169  91 119 271 363 365 143 269  69 332
    80 384]
  [  0 331 273 356 114 399 161 100  56 269 106 367 337  32  65 289 282
    39 229 165  12 118  36 398  72 201 398 180 197 126 161 290 130 353
   390 336  42 235 375 120 381 275 201 255  47 316 210 193 317 110 235
   128 204 332 346  98 312 146 157 322 178 202 377  49  48 158  51  11
   339 350 315   3 389  25 241 337 301 210 384 230 293 137  56 333 134
   265  27 162 213  44  21 221 277 300  57 131 164  98 135 131   0 294
   243 395 104 359  72 165  63 139 267 255 271 124 181 227  23  66  65
   298 142]
  [  0 231  63 347 275 161 138 259 181 397 186 391 284 345 251 252 170
   375  17 223 132  86 297  18  86 320 115  11  13 248 227 102 372   7
    21  19  54 119 123 224 175  66 242 210 204 272 273 187 170 381 327
   268 318 369 337  46 137 147  49 106 247 292  58   5 189  97 209 337
   376 331 192  53 263 375 158  55 366 220 340  31  39 396 181 371 304
   223 109  24  51   9  62 186 283 270  50 289 317 239 180 301 380   0
   329 136 121 393 180 156 365  57 191  92 301 355 219 259 149 343 102
   224 278]
  [  0 307 274 316 237 227 305  81 111 346 196  53 126 327  11 179  41
   155  94  36 125 209 142 236  25 120 283 294 218 153  92  26 226 121
   153 276 327 227 182 390  32 281   3 340  10 360  46 254 315 341 351
   111 176 177 168 386 131 244 371 309 236 266 346   1 117  75 163 129
   300  66  38 300 371 348 297 385 373 323 320  44  99  92 154  95 226
   321 381 193 366 290  24 212 269 119 132 227 317 345 108  65  89 353
     0   8  69 363 215  78   1 328 356 165 381  56 178  29 143   3 388
   329 397]
  [  0 184 218  90 368 168 246 188 206  36 348 229 359 396  67 277  33
   186 306 159 110 383 146 353 257  46 171 279 210 134  95 357 137  68
    10  49  48 399 348 226   7 275 111 183 297 163 293 122 332  89   4
   375 279 182 351  37 119 396  75 186 260 161 261 271 226 307 110 172
   252 356 102 166  77 116 158 150 391 227 365 394 170 286 127  20  17
   270  25  76 114 150 182 120 375  76 390 192 109 126 397 386  31   5
   252   0  31 295 367  29  56 275 140  50 144  45 378 336 169 340 342
   121  71]
  [  0 368 206 243 339 275 235 373 244 234 157 266 210 192   4 218  74
   227 207 159 117  20 137 324 383  62 250 400 218 157 291 186 291  56
    27 171  62 362 232  96 275  97 173 266 209 266 333 216 326 375 172
    86 131 149   9 326  80  24 374 175 107 325 209 380  17 173 359 191
   154 396 208 387 358  28 345 276 384 257 145 388 239 132 223 390   1
   292 102 371 231  64  34 249 245 336 312 138   6 214 116 141 353 247
   192 291   0 274 126 227 199 276 266 263 317 383 287 115 117  54 299
    53  57]
  [  0  67 119 383 339   6 148 275  29 140 350 301 220 378  42 276  70
   136 131   5  99  44  35 395 257 177 307 205 272 293 238 343 389 386
    69 299 200 354 100  21 174 380 376  12 313  59 222 262 177 370 204
    50 129 350 189 215  47 330 272  62 118 201 372 234 195 178 182 173
   137 336  96 193 112 223 145 223  48 311 136 353 359  86  75 331 234
   353 149 334 189 148 295 239  10  13 107 317 380 211 217 322 310 203
   289 331 105   0 400  57 213 260 309 266  21 395 184  26 344 291 264
   152  75]
  [  0 297 161 178 117  32 375 104  25 208  52 380 251 297 115  52   0
   356  68  53 228 268 326 397 295  35 350   1 304 294  73 263 346   8
   247  55 189 179 119  15 265  50 294 106 318  55 331 195 385 359 232
   357 206 142 275 356   0 304 337  76 135  98 289 159 367 107 344  52
   264 246 189 259  51 266 218  87 370  59 378 125 186 344 373 122 340
   299 325 133 380 132 344 202 280 300 132 140  59 395 151  94  68 386
   324 361 288 290   0 163 289 148 113 401 283 136 330 257  70 326 107
   203 355]
  [  0 142 383   7 378 295  32 138 388 270 319 234 316  67  66 220 389
   205   0 274 143 212 222 171 113 170  38 180 116 387 394 159 241 375
   123 398  79 336 277 116 162 162 234 164  27  37 144  31 255 197 362
   163  19 143  62  56 190 346 371 227 321  67 186 197  64 211 322 104
   131 200  88  88 391 348 170 337 204 106 300 157  15 263  11 206  87
   371 128 130  13  84 320  28   1 367 282 131 402 244  98 108 377  15
   161  60  67 145 385   0 170  23 109 376 332 327 111 280   2 394 140
   267 366]
  [  0 265  65 217  55 229 353  31 233 379 241 387 167 341  84 163 150
     0 313 382 247  31 350 159  31 322 120 333 310  20 259 206  20  29
   388 242 249 127 233 264 378  12 224  27 352 331 317 162 298 388 205
   330 110 337 124  24  88   9  56 149 147 357 229 115 276 182  25  24
    50  60 300 372  26 220 383 176 312 214 217 350 333 314  19  35 316
    79  88  96  96  30 379 302 310 110 112  75 352 230 140 392 380 274
    37 295  99  95 250 316   0  80 316 304 313 387 350 193  39 295  85
   234 257]
  [  0 234 298 306 383 102 101 182 175 126  47 252 330 209 393 402 251
   392 114 111 233 387 122 264  59 354 273 380 249 300 197 210 198 119
   126 218 324   6  64 243 157  83  84 198 181 228 189 191 235 146 357
   332 334  45  19 245   5  89 280 170 140 129  70 223 333 172 192 180
    84 189   4 108 385 198 382  67 211 349  78 286 170   0 249 329  23
   114 156 107 325  30  58 155 152 228 244 236 195 264  93 221 269 289
   138  85 203 102 227 191  86   0  98 147 393 273 106 219 373 401  72
   162 131]
  [  0 279  64 342 132 248 271 331 353  48 161 260 129 108 286 248 277
   260   4 111 151  46 140 201 167 236  86  76  99 342  76 108 136 151
   268 286 385 400 216 149  52  65 139 211 382 109 172 278  91  96  66
   303 325 268 206 187 251 191 290 256  38 228  57  41  49  53 314  75
   345 276 195 242 265 228 341  25 375 332   7  64 110 149 109  12 177
   234 158 358 335 157 329  69 304 170 341 337 270  92  43 165 137 151
   381 314 278  42 169 153 134 362   0   3 198 241 149 263 383 345 368
   394 293]
  [  0 156 195  69  58  28 398 213   3 166 321 200 382 376 140 193  77
   299 364  35  57 324 390 298 262 338 111 338 400 110 380  78 165 106
    59 235 367 154  14  54  41 142 197  25 296   6 309 342 381  23  22
   211 301 339 102 381 267  44  54 153 298 100 110 383 194 116 108 217
   176 328   5 186 385  42  60  20  76 256 223 229 402   6 214 168 110
    23 139 164 159  23 167 360 236  49 217 235 399  93 173 231 322  58
    27 126 128 201  45 129 339 332 281   0 310 111  88 142 116 233 143
    78  20]
  [  0  33 198  36 266 282  43 201 270 219 246 268 296 367  29  14 147
   334 222 311  74 317 299 123 140  55 324 289 360 335  56  99 315 329
   165 378  86 182 247 328 272 304 341  31 132 284  96 265 219  34 291
   296 103 187  45 335 244 228 349 166 355 234  46 125 136 304  36 284
   136 125 310 169 291 289 309 103 272  71 376 397 187 129 148  30 204
    89 216 168   4 128 118 308 152 140 167 242 249 270  92 162 211 240
    80  30 367 211 324 373 108 187 283 295   0 265 134 253  15 373 117
   316 338]
  [  0 322 183   7 257 129 183   2 232 125  99 109 268 274 253 104  43
   208 144 301 192 143  70  83 319 227  27   0 330 216  70 394 221 327
   374 162 234 397 119  98 290 314 212 278 351 275  35 268 274 344 397
   274  64 402  36 293 198 265  46 312 209 177 191 341  21 181 190 124
   369 133 299 256 216 225 105 115 292  44  63 283 247 203 138  57 189
   369 214 252  30 241  73 159 301  59  41  73 263  65 371 205 231  66
    94  28 220 120 330  53 101 298  60 348 260   0 140 201 326  24 166
   229  11]
  [  0 300 228 272 396 250 345 294   7 176 386 320 309 204 183 355 344
   135 174  14 279  95 356 306  39 101 170  75 149 144 393 129 321 358
   273 296 147 170 234 321  72 159 212 137 332 388 290 302  96 317 312
   136 200 125 201 348 139  50 186 273 130 267  83 336  48 376 293  11
   380 278 240  19 389 116 211  39 127   8 113 225 310 308 157 298 336
   250 246 227  51  14 372 256 385  30 161 288 115 155 200 363  78 171
   224 296 136 376  21 263 232 258 331 135  13 271   0  84 246 241 244
   383 293]
  [  0 396  36 280   8 382 261 180  38 246  35 316 126 178 211 179  11
   243 178 394 228 102 189  74 323 303 183 281 103 100  54 227 114 169
   111 254 201 323 225 126  69 315  68 399 306 368 380 341 172 388 401
   141 369 136 273  94 296  19 326  20 261 249 248 259 395  93 189 128
   136 180 150 285 266 233 261 254 342  94 395 294 368 111  27 274  13
   246   7 252  47 274  91 221 236 107 298 255 202 305  17  53 248 215
   332 184 130 291 164  17  86 317 103 187  69 183  80   0 209 292 333
   396 103]
  [  0  50 170 341 101 372 272   4 368  49  32  62 362 282 184 299 112
   105 331 110  78 142 229 222 134  50 121 109 107 289 219 352  20 364
   328 362 187 137 155  11 303 343  99 332 124   8 373   1 396 257 368
    33 216  39 183 204 280 274 324 381 304  81 227 382  56 212 280 345
   266 306 216 232  88  74 101  55 292 384 295   6  66 348  72 192 224
     2 121 148 234 375 360 175 248 146 218 330 207 273 308 155 246 201
    12 399 314 333 163 240 238 305 270 206 119  20  83 264   0 304 332
   126 120]
  [  0 217 373 358 235 251 194 379  99 397 169  70 165 390 317 166 161
   264 365 379  28 194 363  97   3  13 231 233 326 286  96 216 262 344
   297 177  46 382 312 177 119  30  79 402  26  60 323 339 232  70 263
   242 121 255 350 336 170 135  76  48 104 147 346  33 170  14  13 141
   374 308  33 231 317 165 374 156  57 275 321 281 257  13 254 306 340
    56 367  78  94 129 114  64  52 365 191 347 130 150 110 318 120  53
    98  18 331  22 111 172 148 299 115 361 233 254  78  55  98   0 154
   386 314]
  [  0 226 187 397  42 179 267 240 201  69 277 177 130  13 399 114 125
   187 211 381 125  19 288  85 273 399 324 151  65 258  95 170 268 295
    55 330 152  70 310  50  25 190 248 350  83 230 267  18 171 188 226
    60 310 367 118 210  86 357 330 278 370 273  52 353 235  20  71  77
   321 366 398 298 378 238  48  84 362  73 228 101 151 158  30 288 124
    20  59 221 152  11  37 282 329  98 250 355 186 253 148 141 379 124
    22 171 206  86 343 254  71 191  55 383 161  77 274 230 247 267   0
   137  13]
  [  0 363 385 176 201 149 323 147 255 282 298 321  34 360 222 334 104
    91 215 235  90 211 207 109  59 302 111 176 376  24 377  69 240 127
    20  63 365 304 255 324  57 225 374 154  58 253 302 266 125 342  65
   216 285 377 144  37 279 298 391 125 348 354  43  20  96  19 149 193
   351 312 189 220 323 306 251 164 138 155 136 269 204 160  82 321   6
   115  36 334 393 202 307  61 339 127  89 214 117 365 134 318 178 131
   341  95 222 382 228 261 352 280 233 298 293 375 265 105 243 206  26
     0 351]
  [  0  33 344 142 171 148  84  90 246  38 271  90 346  46 107 313 383
   236   4 367 189 231  37 241 401 391 246 335  20  32 402 189   9  18
   234 213 273 273 110  28 202 138 167 116 231 121 240  31 258 377 168
    77 382 127 126 200 219 107 341  96 293 200  94 127 168  79 168  39
    94 233 187 258  46 355  88 333 321  16 317  83 110 124 189 257  29
    78 398 237 277 346  37  93 326  34 240 274 349  47  65 391 290 190
   237 283 399 159 121 114  25 315  42  94 173 208 279   8 225 260  64
   106   0]]

 [[  0 342 343 112  88  49   8  59 331  70  16 145 280 346 154   4 333
   142 322 306 288 396 104  48 381 212 242 273 109 193 118 298  29  42
   314 377 115 364 252 356 113  32 154  30 101  75 329 192  49 209   5
   305 344 212  52 317 334 113 319  54 298 207 192 379 392 180 152  77
   389  96 229  78 370 214 252 366  35 222 263 275  19 347 108  75 205
    45 188 211 304 176 304 101 372 307 118 124 171 213 185 294 293 120
    23 285 391   3 142 245 220 322 345 361 343  93 166 296 134  31 314
    70 312]
  [  0   0 356 224  17 319 353 372 192 383 169 347   1 327 294 359 168
   392 108 147 323 309 340  65 280 309 132 337 215 112 386 352  32 159
    32  21   2 188 226 312 350 301 165 118 156 147  44 352  38 260  53
   291 147 342 170 273 110 187 259 249 335 139 398 320 164  58 275  94
   163 181 289 401 279 402 142 394 347 330 154 175  99 198  49 172 306
   272 402 235 319 270   5 138 200 104 178  90 127 238 251 148 167 180
   251 316 367 289 117 324 240  89 371 112 218 109  76 114  52 247 187
    52 382]
  [  0 276   0 349 191 110  41 296 181  20 189 229 139 213  25 278 231
   212 139 263 350 274 236   9 169 169 357 340 367 289 334  38  74 353
   371 204 131 208  12 174 113 187 160 165 334 248 357 161  32  90  68
    72  66 165 279 289 351 334  39 325 174 174  77   2 207   0 394  84
   360 400 383 292 341 131 335 164 342 207 295 346  55  30 286 268 349
   337 370 172  68  75 209 294  61 299 325 381 383 174 314 114  84 194
   376 149 355  28 150 326 167  80 380 266 386  64 118 237   5 240  34
   228  31]
  [  0 316 262   0 151 386  49 350 377 345  28 222 265 188 213 261 152
    99 313 358 185 356 397 142 300  19  43 291  11 198 143 113  46  75
   309 263 357 353 217 366 204 213 341  50 247  27 147 339 221 145 264
    99 191 223  82 107   7  11 273  10 350  94  65  51 108  59 345  73
   389 229 377 239 112 196  12 284  21 368 146 201 294 282 149  11 343
   291 232 361  35 375 127 374  26  32  75 190 217 267  25 127 116 374
   245 294 270 154 192 122 121 195 340 149  80   1 376 118 384  74 130
    67 402]
  [  0  15 145 204   0 333 273 104 292 236 207 250  97 234 216 334  35
    92  31 343 265 391  68 385 230 263 132  59 365 332 205  22 190  66
   195 152  90 395 366 345  66 272 378  71 377 105 296 340 168 239  32
    20  24 134 141 118 319 273  40 220 254  16 265 213 231  25 130 352
   157 366 379 138 256 308  94 265  71 272 169 165 198 274  49 216 108
   155 145 366  26 205  65   7 247   6  72 152 261  74  74 157 242 108
   279 342 356  59 126 315 185  77 368 256 152 274 260  63 222 143 364
   345  68]
  [  0  78 106 291 250   0 340  74  22  59 282 141  17   2  74  68 369
   113 215  37 354 124 180 399 234 229 166   2 130  90  26 337 296 124
   184 244 281 321  88 124  75   2  33  17 195 363 298 310 295  13 342
   145 131 122 391 345 336 301 157 105  61  87 146 187 357  37 379  92
   333  12 226   2  74  73 169 172  32 389 358 111 319 339 370 235  64
   284  41  33 394 277 181 350 361 108  25 252  64 153 167  73 329  18
    24 266 296 329   1 136 326  46 295 203 233   3 251  76 277  14 239
   155 102]
  [  0 326 310  21   9 224   0 311  15  35 151 389 108 117 381  30 256
   182 362 123 205 139 358 134 349 180 290 207 390  90 219 214   1 317
    53 239 193 295 302 259 270 210 179 344 137 271 120 344 364 195 315
   173  13 238 143 236 108 333  19 210 316 337 162  83 340  93  11 151
   105 100 320  86 155 157 145 324 263 299  19 313 202 321 358 236 278
   357 316 338 149  40   1 319 312 150 182 207 207 374 165 103  62 389
   388 238  94 324  28 225  50 121 278  34 303 343 273 355 132 114 131
   311 124]
  [  0  11 360 351 114 146 287   0 372 199 320 205 358  36 338  53  43
   350 225 114 114 212  91 394  20 327 371  49 282 343  45 161  94 373
    17 108 219 121 375 111 115 269 105 397 392  91  33  57 324 215 164
    76 355 166 153 324 207 354 334 248  30 198 392 119  28 323 252 138
    21  35 281 270 117  63  35 170 174 248  36 359 294 334  42 201 273
    81  61 195 127 133  21 278  13 344 381  40 362 322 262  10 388 271
   309  35  14  61 181  45 209  15 350  36  38 268 266 107 180  85 108
   279 174]
  [  0 141 120  51 346 164  91  76   0 327 219 280 369 151 239 229 193
   100 321 175 294  53 298 319 117 168 189 399 180 382 190 346 390 316
   285 117  75 208 389 364 344 225 343 348  51 256 133 181 294 370 189
   220 173 150 294   0 104 310 158 192 325  95 389 381 203 351  71   7
   273  24 250  48 124 116 369  37  69  59 157 284 281  80 301 349 195
    10 141 222 318 199  12  40 298  33 274  74 301 167 272 111  75 265
   287 375 172  12 183 232 371 125  95  10 219  20 297 275 239 283 132
   327  55]
  [  0 125 307 306  88 383 340  93 226   0 120 167 122 382 142 174 161
   114  90 264 130 185 173 130  43 173 248 293 356 325 227 200 396 279
   366  74 125 281 388  54 169 113 171 337  55  16 246  88 152  81 391
   318 237  40 181 351 126 192 320 179 263 313 150 311 378  42  93  44
   392 126 366 288  41 109 129 161 153 213 113 164 289 289 304 150  71
   279  21  79 107 397  36  44   2 119 203  60  75  84 228 321 204   6
   213  36 140  69 253  79 344 320  48 324 113 402 108 100 146 315  20
   250 302]
  [  0  11 284 391 373 381 140 175 281 311   0 132 399 230 199 156 391
     2 154 180 349  27  47 147 394 194 285  68 294 394 366  83  57 208
   266 187 359 142  89   5  40 384  62 290 139 232 394 201 245 311  99
   294  59 104 339  52  15 225 235 236   0 304 272  49 299  64 143  12
    60  57 351  13 149 152 343 361 260 208  25 186 239 211 372  45 110
     7 180  18 201 306 264 334  64 220 368 155 108  96 144 126 326 272
   268 116 245 320  75  83 120 101  79 296 383  18  73 360 256 299 168
   279 315]
  [  0 219 219 215 266 350 216  44 233 363 268   0 147 192 353 126 130
   233  49 326 248 249 132 126  11 150  81 359  71  23 269 188 266 308
   157  24  10 109 393 313   4 402   7 354 337  29  94 168 199 278 166
   214 359 281 319 335 153   1 198  53 300 114 170 110 192 328 243 323
    56 128 119  13   2 122 181 381 265  87 186  18  40  21 356  41  35
   140 348 241 308  86 382 278 390 155 206 357 389 394  65 186 330 228
   138 383 387 225 283  22 325 118 177 296 207 292  22  60   6 104 399
   311 307]
  [  0 103  50 231  89 145 158 283 342 265 373 154   0 264  94  61   3
   150 316 129 135 201 390  51 337  72  61  95  24 118 320 124 338  75
    64 190  43  11 293 116  41 225   3  78  66   3  75 200 364 384 244
   146 288 254  52 368 337  50 150 137 394 314 295 288 311 247 151 131
   251  92 349 245  38 191 366 307 293 361 214 346  53  77  90 263 280
   303 396  99 367 215  21  48 229 389  58  78  37  95 194 362 136 392
    91 266 106 356  80 347  94 139 134  36 401 284 287 268 212  57 247
   135 181]
  [  0 114 215 244 389 116  98 242 228  96 115 147 390   0 326   8 124
   371 114  22 237 230 375 171 334  47  10  74  85 384 380  98 233 352
   250  83 297  83 268  41 374  43  86 334 219 240 235 281  34 248 312
   305 252   1  21  80 117   2 193  60 177 149 232  57 221 105 299 224
   363 140 200 112  16 104 292 254 114 355 184 280 146 148 197 151 322
   181 256  70 226 325 322 207 180 341 158 223 359 195 215 237 210 155
   279 143 100 387 144 168 145 355 132 398 220  23 301  73  25 171  14
     5 334]
  [  0 213 203 359 181 222  87 209  96  23 275 331 328 383   0 313 343
   108 171 277 329 222 101 252 102 266  84 166 196 332 263  57 341 101
   146  59 230 367   9 321  57 290 190  89  12 331 122 107 118 250 119
   137 155 271 241 301 250 343 151 212 198 380 392 337 180 240 216 115
   247 204 257 232 273  24 375 281  38 219 141 399  13  61 335 332 347
   229 224  65  97 274 211 359  44  57 191 276 189 298 382  42 119 380
   124  52 214  49   2 372 352 151 272  94 367 369  98 362 267   9 233
    49  26]
  [  0  81 325 400 375 167 111 129  80 388 105 106  21 265 144   0   5
    62   1 123  31 246 151 113 365 361 232 228  70 390 330 297 244 312
    35 120 191 335 263 337 239 389 166 211 367 202 160 208 108  46  22
   283  44 239 268 108 132 213 358 353  49 141 282 134  93 344 364 203
    57 308 311  55 258 394  18 223 371 146  12 385 100   0 136  50 209
   179 340 393 190 103 384 317 137  91 213 131 365 302 286 346 257 387
    67 272 240 286  56 120  26 365 215 357 264 146 213  26  93  72  56
    70 289]
  [  0 167 330 240 166 207 125 316 291 198 327 339  41 336 391  26   0
   157 400 333 340 292 282 395 132 148  88 100 329 254  49  79  45 189
   270 233 194 181  78  26 253 367 397  57 379  18 285  95  86 170 171
   233 186 401  70 335 196 376  85  60   9   8  25 297 309 136 115 339
   141 228  42 347 382   9 315 158  80 326 186 173 332 194 143 292 186
   393 116 261 182 116 187 294 373  15 240 243 194 292 156  49 382 336
   193  41 207  89 145 111 153  21  33 300 351 147 374 190 279 218 296
   289 192]
  [  0  86 327 290 289 169 322 326 361 310 199 396 251  49 390 142  68
     0 278 330 402 228 323 208 218  19  78 125 257  41 163 286 355 231
    52 173 350 342   2 208  66 148 379 334 301 242  85 243  20  33  12
   327 116 271 101 160 353 224 286  11 160 319 354 246 179 348  75 327
   372 377 273 272 216 371  26  86 260  98 401 391 260 204 313 167 143
    30 228  87  53 335 380 386  98 261  44 286 187 187  80 133 399 274
   130 365 250 128 274 189 204 243 137 379 190 157 270 302 160 280 276
   266  43]
  [  0  79 377   1 281 322  22 303 295 248  77  42 104  15 382 257 219
   261   0  40 236  90 290 104 216 230 126 280 171 245 200 134 377 136
   181 220  81  29  74 402 367  90 398 299 294 145 329 117 179 185 367
   245 140 110 126 206  55  40 272 112 198  87 130  16 132 238 324 254
   308 125   6  22  28 158 146 234 233 374 311  97 191  10   5 374  24
   226 180 136 148  39 137 349 292 284 379 368  47 356 130 350  59 118
   173 122 292 306 286  66 131 397 332  42  15 221 318 153  38 110 302
   393 239]
  [  0 328 158 139  78 124 284  72 351 351 401 268 113  13 238  78 143
    15  36   0  81  53 287  36  49  87   7 321 185 251 278 296  33 108
    60  36 395 384 369 356   0 139 290  46 201 270 380 306 339 255  98
   164  57  71 261 129  69 351 204 228 190 270  85 101 374  81 167 371
    65 257 379 116  31 389  92 269  82 382 242 176 147 263 316  37 392
   264  95 282 262 284 257 216  16 381 176 152  81 197 169 188 154 120
   124 134 285 136 349  67 340 383 225  96  34 316 143 304 191 399 119
   377 115]
  [  0 100 236  48 256 102 191  66  10  28 146  82 377 365  85 238 398
   317 179 281   0 388 390 185 250 333  75 117  25 280 282 332 208 143
   203 142 127 266  15 180  15 356  85 194  91 317 240 398  68 378  96
   355  45 116 326 298 221 170   4  85 128 137 126 340 148 277 217 396
   321  52 300 341 307 125 291 311  84 331  45  68 248 219  76 353  46
   253 397 338 331 334 142 160 167  78 195 194 356 130 160 159 242 366
   293 199 165 111 265  74 195  54 266 329 273 150 301 343 128  56 345
   351 375]
  [  0 177  43 164 328 105  64  58 205 282 345  58 314 303 246 305 296
   344 244  30 204   0  31 106 361 281 323 189  14 172 150 154 398  22
   241 265  93 278 322  12 402 368 156 363  41 162 384  55  56 248 138
   252 238 206 132 270 352  46   1 356 372 375  46 401 385 129 200 137
   378 112 223 131 293 119 351 150 157 229 280  97 168 131  31  11 276
   395  50 201 186 319  81  12 196  27 203 169 389  80 230  93 347  76
   172 225 236 326  95 266  83  89 231  37 197 170 387 222 260 381 169
   235 314]
  [  0 339  66 101  74  24 210 121  47 294 229 179 366 137   5 263  71
    14  69 247 353 261   0 104 202 321 226 369   4  13 394 248 288  91
   289 123 353  52 318 203 260 118 354  13 288 302 107 169 220 324 263
    87 177  43 223 386 309 125 193 230 372 262 298  93  32 151 270 254
   179 279 254  51  77  41 134   2 177 333  22 182 235  64 220 385 231
   309 366  54 386 309 314 121 162 390 131  96 301 157   0 286 227  47
   400 387 311 187 242 362  75 156  88 350 397 296 293 137 227 225 143
     3  46]
  [  0  19 236 106 389  24 191 363 363 312 397 190   5 171 148 374 250
   339   9 284 321 121 241   0 254 218 368 379 299 277 143 323 164  44
   110 179  76 111 196 276 130 342 373 261 272 279 115 209  30 215 376
   173 338 262  81 336 350 127 348 107 254 282 157  69   6  59 154 102
    73 265  57  42 211  38 242  23 320 354 231 174 113 280 379 387 364
   303  63 219  24 384 371 382  53 388  47 394 152 106 364  66 247 391
   294  47 108 343 154 224 321  92 345 119 135 319 184 228 168  97 347
   211 122]
  [  0 257  37  26  42 276 378 180 388 302 211 319 400  60 119 169 314
   152 221 120 104 280 214  24   0 103 269 386 330 282  58 358 292 128
   124 225 390 110 253 268 359 207  44   9 100  51 194 331 131 104 126
    96 281 387 252 137 140 169  10  76 314 338 266 237  26 283 212 267
    21  36  96 218 148 105 210 333 398 345 120 199 401  43 378  54 158
   214 164 402 266  10 217 315 104  54 201 227 273  86  85 319  12 132
    30 102 134 223 240  35  98  81  58 303 334  74 166 277 265  79 263
   329 112]
  [  0 219 234 147   5 357 109 112 388  58 349 170 116  71 338 338 203
   289 372 284 342 366 362  55 280   0 246 324  10  97 297 295 310 157
   263 333 121  47 386 360 301 291 133  34  91 232  75 271 378 150 104
    72 163  54  85 252  49 396 304 289 206 116 399 313 130 355 149  29
   188 163 295 178 253 279 109   0 148 328 371 359  78 126 116 116 220
   177  75 253 242   9 193 369 201 397 278 382 358 356 362  16 254 254
    28 387 105 185 332 399  23 253  44 110  23 319  80 199  60  51 249
    89 367]
  [  0 220 371 336 101 193  83 349 303 211 112  27  36  53 241 381 277
   194   2 180 238 145  27 276 397 173   0 362 199 230 149  59 273 353
    28 149 332 208 151 294 167 328 311 309 199 331  49 199 289  81 224
   101 297 184 310 196 224 123  32 214  34 369 325 186  49 285 201  72
    62 173 214 242  55 288 289 171 246 306 305 375 116 209  13 304 125
   368  82 322 137 255  19 247  17 382 303 165  64 345 129 132 324 274
    13 367 272 395   9  92 305 259 376 180 144 279   1  52 115 302 307
   258 249]
  [  0  42 216 202 139 293  40 344 264  31 273 311  25 367  75 196  39
    40 303 373  27 204   4  43 361  26 145   0 138 398 371 352 353  76
   282 374 372 257  93 323 143 184 306 150 237  38  71 203 212 320  49
   300  35 252 272 124 189 306 100 395  16  42 214 209 302 125 136 114
   219 376   1 382 393  62  28 189 159  14 141 246  47 316 332 372 193
    60 105 344 222  72 102 338 167 307  55 120  43 399 288 105  91 265
    70  73 111 211 293 298 372 240  14 388 279 200 316 342 325 255 109
    90  45]
  [  0 243 265  93 396  77 345 316 225 325 356 230 361 129 320 115 373
   263 274 154  43 136   2 136 274 377 320  74   0 172 277  63 393 298
   293 133 215 374 350 128 158 250 382 118 228  41 160 267 215 141  36
   217  11 155 362 286 251 376 166 327 395 210 187 116 180  82 216 129
   326  19 136  63 359 339 140 236 267 387 316  94  57 181 371 166 361
   268  96 172 392 165 343 336 117  13  74 154 327 187  12 390 141 156
     0 308  77 372 297  10 289  27 358 302  18  10  92 181  99  20 226
   114 371]
  [  0  50 323 152 313  14 379 259 131 260 310 201 337  21 395 140 222
    72 392 149 256 218 240 257 203 167 157 258 283   0 390 248 103 158
   361  30 245  64  41 259 184 232 305  55 115 143 275 149 122 179 389
   175 215 241 289 186 275 317 335 203 213 154 301   2 398 401 228 104
   382 199 266 380 199  79 105 125 269 196 378 332 360 108 354 362 207
    81 198  91 262  28 309 372 326 184  44  84  14 134 393  58 148 188
   289 307 401 204 222 371 333  99 323 223 162 140 242 187 257 326 196
   196 128]
  [  0 351 260 284 279   7  32 295  83 156 272 264 367 335 364 303 355
   360 100 372 113  22 255 191 174 260 253 166 202 207   0 287 326 177
   186  62 156 116 123 353  10 203 108 150  46 246 193 133  34 179 396
    69 108 122 354 296 400 398 326 266  64 349 354 142 244  14 252  25
   186  73 231 128  35 142 250 184  46 126  99  79 362 194 316 221 194
    82 295 257 214 246 339 130 389 241  24 313 389  38  95 356  38 199
   169 318 371 396 135  43 236   1 328 164 313 231  97  16 220 389 293
    90  72]
  [  0 336  22 330  79 383  83 281 223 206 324   2 385 177  75 395 151
   204 103 169 273 346 263 281 237  28  29 153 191 401  49   0 271 182
   249 327  29  42 166 143 378 227 199 149  57  11  11 150 393 348  27
    46 271 182  66  18 124 112 341 310 298 276  51 275 309 351 240 141
   130  99 321  55  30  39  75 280 370 155  17 305  10 227 390 207  28
   123  44 275 394 176  48 140 251 208 393 229 199  56 388 274 276 243
   382 112 281 184 158 102  58 342 391  41 268 164 372  97 368  48 334
     2  78]
  [  0 181 355 385 129 352   3  46 205 227 227  62 296 245 193  62 124
   294 259 185 219 367 128  34 196 145 210 202  91 191 273 296   0 139
    77 376  18 334 268 242  57 288  98 179 325 390 395 351 384 111  94
   173 146 250 317 272 187  80 315 344 376   2  82 315  78  59  20 253
   209  71 107 221  20  65  30 206 212 161 331 239 341 384  13 187 234
    83 395 224 252  99 353  60 175 319 243  98 199 105  90 372 225 283
   123 271 284 132  42 106 256  38 103 189 372 351  43 260 337 203 211
    58 192]
  [  0 147  10 216 181 338 355  41 375  32 375 305 285 196 269  81   3
   263 169 367 371 188  21 298 307 278 244 314  96 236  33 310 379   0
    96 336 343 315 148 180  12 275 150  51  51 250 332 275  45 164  41
   320 212 366 131  56 262 255 325  94 180 157   7 296 178 364 166 225
   367  69 298 368  54  78 335  48  23 197 102 278 164 253 128 166   6
   156 207 170  29 118 242 248 195 358 319  81  30 160 177 285 179 246
    30  83 133 161 189 102  56 380 110  96 260 288 190  31  47 131  27
   143 233]
  [  0 130  93 236 220  60 392 206 169 254  65 331 342 320  76  12 216
   132 398 344 217 207 278 143  41  15 376 195 316 161  59 198  60 322
     0 168  22 247 104  42  35 171 147  25 350 244  90  59 327  73 302
    68 344 303 236 263 107 295  22 241  80   6  42  58 185  23 177  59
   178 386 307 181 122  85  90 341 257 152 344   7 213  95 103 279 217
    42 333  25 129 277  58  73  37 348 171 225 387 219 115 277  31  24
   394  23 198 381 269 323 373 243  94 287  48  59   0 307 374 275 232
   294  37]
  [  0 309 306 313 120 199 328 283 143 377 108 165  31 360 114  74 367
   333 385 108  40 393 188 287 224  81 274  68 346 121 363  84 231 298
    33   0  22  12 194 226 306 384 144 211 334 257  25 319 192 151 380
   179 310  32 275 300   7 270  99  65 195 124 108 144 377 224 340  91
   213  83  83 322 160 151 278 390  37 366 401   5 184 185 106 185  88
   331 187 240  34 340  96 313 359 333 322 127 164 330 376 265  10 190
   232  16 274 257 271 321 335   4 374  40 180 222  82 116 219 224  84
   113 252]
  [  0 214 210 377 225 126  66   7 210   9 132  21 309  63 393 283  26
   245  94 350 394 128 275  51 330  60 326 237  42 183 183 191 206 381
    67 397   0 118 286  58 140 116 392 103 167  20 332 387 164  88 121
    24  34  88 205 365 287  19  68 312 331 197 110 247 264  97 347 200
   151 333  91 220 153 152  74 354 356 311 189 386  44 152  53  54  22
   150  64 279 122 294  36  77  25  30 277  83  90 233  11 247  37  63
   220  97 184 295 214 303  56 212  99 214  79 218  23   3 159 320 276
   208  26]
  [  0 215 277 228 180 114 342 312 366 331  88 116  21 238 141 139 221
   316 280 228   2  55  17 297 256  15  53  88 216 304 231 400 100 165
   331 146 402   0   1 357 119 212 161 351 337  71 316  49 100  76 299
   201 312  70 250  94 102 307  39 183  60 128 288  31 297 374 152 376
    97 298 317  54  50 322  72 114 246 336 346 212 214  23  91 151  73
   163 254 214  16 192 365 328 162 214 344 330 158 373 267 239  34 295
    15 242 307 143  28 167 126  23  21 169 124 390  60 310 301 322  19
   343 104]
  [  0 392  24 205  82  79  97 250 327 140 282 111 164  47 165  82 180
   137 106 332 291 176  35 341   5 317 174 211 155  26 301 100 231  44
    38  35 306 356   0  77  42 308 216 125 191 382 123 137 396 330  42
   197 242  49  66 141  74 116 354 286  80  84 218 348 104 230 182 213
    72 354 311  30 113  21  71  80 360 177  92 207 369 304 148  55 228
   315 365 273 148 281  69  50 258 103 248 377 254 327 398   1   1 132
   301 240 196 218  34  11 250 360 223 230 326 376  30 210 370 352 342
   357 176]
  [  0 200 172 271 134  19 344  88 282 329 235  34 236 211 398 281   2
    67  77 187 214 308  15  69 160  36  66 108 200 183 146  34  53 356
   276 340  40 385 262   0 342 140 103 386 383   1 305 195 272 236 138
    39 203 237  70 177  74 329 372 139 275 319 210  66  70 142  85  57
   180 376 368 285  64 232 264 300 380 248 134 340 348  28 194 151 396
    40 359 364  86 310 198  89 399 129 194 330 292 235   7 215 395  98
   256 182 248   8 147 319 134 285 178 151 247 236 274 391 146 380 208
   226 401]
  [  0 263  17  23  18 341  21 197 179 348  66 263 317 391 107  75  28
    11 224 109  70 145 146 375  10 160 124  89 172 345 333 202  93 233
    36  99 114 338 355  33   0 306  27 366 255 216 204  90 107 246 139
   263 256 162 340 183 273 141 317 163 362  10 131 369 293 389 321  55
   210  93 317 213 252 193 128 359 314  96  22 236   4 296 105  39 331
   293 184 108 298 361  17 355  57 154 249 320 303 256 146 307 281  20
    19 249 307 204 377  99 106 304 264 225 196 104  79 320 289 379 227
   241 388]
  [  0 304 318 163 369 379 388 162 303 268 389 301 321 125 251 103 145
    49 362 353 174  97 296  62  48 334 270  93 380  57 198  59 159  87
   291  97  90 196 326 224 340   0 230 187 194 129 343 257 194  54 268
    12 117 312 361 142 220  79 399 124 335 191 259  49 119  53  17 376
   208 207 137 263 157 370  56 119 324  96 342 384 251  16  37 372  84
   172 161  10 172 281 187  94 293  10 256 306 274 193 182 245 154 383
   136  69  95 349 390 188 229 380  31  83 284 139 114 260 216 396 223
   157 139]
  [  0  39  56  83  94 338 363 128 129 181  93 348 176  29 330  47  38
   376 309 138 317 213 209 325 310 361 274 150  18 345 145 196  47 360
   362 276  87 284 288 395 393 144   0 266 324  81 235 162 131 269 272
   189 208 152 152  52 139  65  25 311  23 259  29 243 358 155 138  91
   276 116 189 195  25  96 223 296 344  56  83 374  87 112 215 214  45
   357 323 297 196  98 364 148 177 198 234 130  57 109 297  62 181 104
    57  37 209 204  62 134 237 391 208  50   8 156  51 300  92  79 125
   263  20]
  [  0 393 347  48 375  61 254 245   6  22 198 277 235 195  97 346  96
   156  27 316 269 267 384 173 332 185  60  53 200 231 116 164 155  15
   194 338 256 264 118 218 211  55  39   0 244  86 260 147 395 284 120
   235 313 188  56 373 161 295 115  64 179 261 322  14 214 295  47 391
   205 328 148 173  55 188 231 318  81 202 344   8 354 293  10 294  69
   375 203 179 294 142 373 163 349  64 394 376 362 168 336 175 143  11
   159 378  31 288 394 221 133 161 146 353 154 184  47 166   3  97 325
   276 187]
  [  0 145 228 295 140 280 280 277  22 141 393  30 196 292 356 210  79
   140 152 381 358 109  31 192   9 267  77 385 145 246 188 352 168 382
   353 132 361 295 109  53 304  49 336 293   0  39 236 116 336 195  65
   321   3 330 291 316  88 229 357 250 301 391 356 249  83  39   5 256
   197  64 238 336  54 402 147   7 133 282 101 141 292 255 282 222 222
   280 261 285 172 282 154 373 242 243 319 346 341  98  63 192  22 183
   369   4 107 328 156 364  93 208  54 256   6  86 243  35  76  57 186
    26 139]
  [  0  93  88 198 164 314  12 364 106 251   9 400 397 369 173  72 158
   302 291 354  54 225 181 216 239 104 143  93 185 196 332 235 360 167
   130 258  78 280 345 165 399 227  25 350 393   0  62 208 216 258 147
   331 373  11 168 205 338  37  16 278 360 109  74 295 280 339  91 142
   119 376  48  71   8 393 236 386 367 187  13 126 251 269 319  82 302
   221 346  94 350  18 127 268 220  98 315 176 349 116 253   6 285 159
   384 175 293  60 115 252 214 341  33 242 287 142 231  84  27 210 109
    59 195]
  [  0 258 380 123 108 267 111  26 318 389 130 368 209 329  32 212 171
   288 255 194 351   9 402 202 156 172 257 305  90 263 264 249  10 359
   214 370 292 258 148 401 240 370 275 268 199 119   0 172  96 344 261
   109 197 203  87 322 285   8  80 141  81 301 379 359   9 161 344 134
    12 372 357 235 209 177 236 240 306 380 165  27 343  78  29 322 231
    86 170 154 261 208  67 179 172 377 183 283 119 241 125 166  54 389
   348  98 214 228 101  99   1 388 175 146  99 333  55 203 401 148 243
   173 237]
  [  0  61 353 231 313 201 341 360  42 100 136 375 194 255 242 277 204
   399  98 120 339 363 134  74  22 249  42 215 212 231  55  22  99 185
   324  53  27 149 151 389 130 377  41  60 224 176  97   0 209 321 295
   135 394 128  35 241 171 229  66 194  48 175 128 348 172 377 226 317
   272  95  16 267 303  21 214  49 224   5 244  92 139 215 366 192 101
   120 309 266 186 131 155 337  79   9 335 130 367 377 197 203 361 228
   294 223 303 257 150 262 179  29 120  66 144  57  79  93 359 241 363
   369 132]
  [  0 173  50 129 192  75 269 122 201 282 391  58 339 237 273 155 237
   122 349 153  97 104 363  51 133 190   9 328 235 152 259 251  43  88
    44 297 251 145 304 363  52  71 130 400 148 316 218  68   0 285 352
   176  73 268  23 370  80 319 121   6 288 288 267 219 311 181  60  27
    22 351 284 240 168 103 362 202 354 186 295 242 353 311 349 193 279
   314 221 172 370 164 246  45   4 174 345 249 127  74 396 175 172 272
   249 294 325 282 147 277 199  14 118 227  23  45  97 144 398 212 102
   125 187]
  [  0 113 392 245 350 388 179 331 247 342  68 130 370 125 238 161 148
   151  35 333 197 217 383 330 336 106 336  90 186 127 280 300  20 214
   225 344 218 314 136 155  63 401 242  99 375 155 370 105 108   0  33
    72 336 113 318  24  89 309 323 364 184  70 233  60 240 270 371  63
   230 236 209  18  84  26  29 272 237 303 165 257   7  38 176 305 355
   371  79 402 141 153 301 308 246  62 341 245 134  48 344 207  80 287
   344 116  77 322 248 125 163 280 306 385 104  49 221  44  88  22 376
   272  39]
  [  0 115 339 158 225 190 198 310 210  41 310 114  80 190 135   9 218
   398 342 337  49 285 370  79 392 144 125 262 117  76   5 384 283 245
   383 346 124 391 280 191  75 233  56  71 124 318   9 401 306  34   0
   260 144 229  24 149 243  40 124   6 267 317 151  97 399 205 106 330
   216  91 100  32 134 356 191  85   9 306 374 122 159 322  58  95  72
   167   1  32 234  20 351 283 324 386 121  92 165  79 267 244 202  63
    61 158 339 127 187  88 376 268 386 302 231 146  94 335 115 133 310
   227 329]
  [  0  50  49  14 312 205 249 225 401 280 336   0  95 305 253 110 117
   372 341  21 103  75  55 363 203   6 348  66  40 182 380 311  60 177
   333 194  19 161  43 198 336 178 302 255 282 215 390 247 400  38 213
     0  73 247   8 149  20 315 223   9 302  69 155 103 300 276 273 334
    60 346 254  11 345  73 345 221 350   1 361  75  56 152  23 101 318
    69 339 222 242 227  49  25  81 185 352 221 110  99 128 205 143  19
    20 269 375 328 190 209  37  36 375 125 260  99 331 361 402 131 203
   135 360]
  [  0 154  80 250 195 154  99 301  62 148 307  21 285 261  22 143 321
   342 269  29 392 184 141  14  75 340 326 288 294 114 202 367 385 126
   227 183 322 177 112  58 228 356 252 154 209 278 303 206 222 290 390
   245   0 328  84 177  71 103 386 170 133 159 361   4 182 296 313 317
   122 393  68 377  86 134 390 288  63 319 368 195 312 113  65 185 319
   222 256  78 385 294 251 315  76 375 191  94 110 367 359 343 120 400
   321 151 123 350 208 363   9 264 391 137 125 377 228 339  18 385  24
    93  98]
  [  0 224 353 130 343 287 291 388 264 322 240 109 325  21  85 176 266
    90 143 274 140 401  91  75  92 238 198 139 343 303 141  72 119 286
   309 178 101  83 137  97 339  54 290 386  19 149 324  39 109 210  72
   145 373   0 364 171 384  10  13 391 224 148  93 395 139  39 345  53
   190 131 145 214 301 182 380 142  52 392 187 187 351 255 169 238 252
   348 181 301 206 300 341  71 336 247  93 297 264 175   2 383 285 201
    36 116 167 396  68 209 371 301 282  30 336  15 183 295 163 234 213
   278 133]
  [  0  40 384  27  24 333 268 390  80 227 348 144  92 311 231 171 145
   130 345  49 306 327 300 160 105 228 258   5 374 190 137 246  16 241
   346 322 173 236   1 402 385 209 361 119 209 373 201 256 387 139 109
   107  66 348   0  97 118 194 202  94 382 199 181 354  92 248 214 224
   313 401 159 236  62 127  81 317 150 348  69 293 104 272 339 255 396
   233 374 272 339  70 311  51  63 112 231 117   7 129 195 249 247  68
   244 120  20 180 277  86 241 138 197 158  64  33 175 375 210 322 193
   100 161]
  [  0 370 155 176 104 213 160 147 129 204 253  67 109  80  61 265 223
   386 228  31 349 159  13 182 221 126  50 310 171 174 355 103 101 223
   237 131  42 386 175 100  73  55  26 148 354  97 117 381  70 288 286
    46 285 398 366   0  59 247 392 287 157  22 391 387 393 360  25 157
   303 164 294 369 104 187 102 121 294 275  26  40 230  27  50 118  42
   126 205  94 351  16 380 139 234 114 309 347 292 179 104 391  86 391
   154 396  90  52 225 349 361 124 239 130 396 390 261 216 305  91  30
    86 169]
  [  0 357 188 294  53 281 301 402 264  27 294 268 171 114 346 345 351
   279 113  35 399 210 273 106  48 183 357 354 184 206 193 283 147   8
   274 167 299  69 177 221 363 149 355 269 213 203 273 240  94 173 153
   319 396 350  59 246   0  57  32  60 160 324  26 246 364  34 330 151
     4 338 236 101   1 258 245  30 303 253 166 209 151 222  60 311 100
   368 270 289  60 151  80 285 135  78  91  58 353 252 190 243 391 358
     7  53 190  71 108 352 380  86 134 224 143  66  51  73 118 195 124
    87  30]
  [  0 309  29 303 214 105 338 285 186 271 109 271 148  97 155 198 200
    90  75 340 239  89 317 240 284  17 329 182 211  33 154 362 313  15
   254 232 395  50 212 178 330   7 169 213 203 114 364 236 363 328  18
   105  20 301 122  73  87   0 293 283 148 371  69 216  37  99 229  55
    36 111  79 174 250 369 398 382   3 354 369  85 253  12 377  61 283
    17 367 102  79  20 171 250 175  67  52 284  38  57  87  97 360 185
   350 363 164 214 316 215  33  30  70 339 135  13 325 252 318 166 215
   309 288]
  [  0 400 398  61 391   9  81 208 204 121 110 385 200 335 307 125  39
   247 242 200 155  27 195 274 370 136  34 124 283 272 241 373   0  91
   131 213 370 304 129 355 140  44 356 175  88 274  38  22 234 271  78
   394 228 165 227 333 371 356   0 105 103 247 158 347 281 260  78 393
    23 261 193 237 390 213 264 217 277  12  44 399 173 278  83 260 103
   115 382 246 255 108 390   7 258  37 126  92 127   6 142 106 217  25
   276 181 367 371 248  61   6  73  65 109 298 150 227 230  26  34  94
   274 167]
  [  0 313 202 400 201 365  75 254 100 371  46 311 238 339 179 143 231
   298  88  70 191 239  37 257  85 383 343 322 178 115 196 330 328 398
   115  78 236 361 299 192  31 214  60 210 168 188 196 359 357 138 402
   324 252 200  22 150 211 130 348   0 131 125 326 275 336 255 364 249
   382 161  29 102  22 221 359 382 386 114 293 297 191 381  61 261 167
   132 144 262 375 304  65  52 180 176 207 183 312 359  80 389 335 237
    43 171 387  15 375 290 358  60   1 301 110  92 195  44 157 225  96
   347 343]
  [  0  38  14  15 119  17 175  72 337  20  87 151 352 181 388 103 172
   140  74 154 163 162 188  50 184  56 127  64 244 198 321 167 122 213
   209 329 402  55   2 376 276   5   3 155 143  54 333  27 106 256  88
   340 349  81  51 363  80 141 147 303   0  53 119 350  27 373 349 161
    54  58 267  10 229 288 273 205  22 179 301 109 123 328  76 314  25
   187 294 125 197  89  65 313 160 209  26 284 107 241 351  62  39  13
   190  54 334   7  17 311 308 163 139 110  49 272 128 206 277 281 261
   396 256]
  [  0  32 355  19 366 333 241 369 380 294 387 168 160 306  43 186 146
   194 379  82 379  59 322 127 191 263 317  15 286 261 361 138  29 205
   121 113 156 249 265 107 327 313 384 308  53 132 160 283 400 157  65
   126 244 127 344  29 184 214 180 141 324   0 241  87 106  52  57 118
    38 198 178 237  74  58 362  17  55 167 178  86 175 358  74 113 233
    84 311 311 315 126 151 247  57 147  83 171 351 245 167 278  80 220
    19 250  29 185 339 382 400 341 150 104 331 334 212 338 325 353 390
   318 161]
  [  0 385  14 323 375 392 171 184  83 110 296 359 389 160  56  91 120
   177 375 310 243  88  39 335 368 251 137 393 147 101 100 152  60 270
    86 230 367  88 388 205 299 193  19  30 338 256  99  75 257 315 281
    10 126  23 188 133 230  60 108 230 358 278   0 176 145  42 237 152
    28 192  49 105 352 397 123 191 366 341 224 155  38 363  66 236 383
   150  48 301 208  96 107 251 221 112 152 292  12   6 189  74 257  60
   373 317 153 162 203 102 380 275 387 133 181 308  92 228 187 244 316
   321  81]
  [  0 102  23 292 108 195 143 106 256  37 210 302 149 383 171 289 281
   306 377 356 210  61  69 181 363 107 299 343 163 138   4  13 166 369
   196 183 321 284 123 304 396 340 302 158  54  96 324  53 264  75 124
    17 131 177 176 207 184  47 107 331 244 330 132   0 228 378  14 273
   230 101 143  87 257 302 202  37 364 369 338 162 386 243 385 320 161
   202  52 375 353  38 278 306 133 159 261  58 333 389  48 283 267 256
     9 302 258 180 314 270 332  31  75 227 177 235 394 136 204 187 271
   171 254]
  [  0 248  28 293 223 177 145 198   7  69 262 338   6 300 359 215  11
   269 371 243 266 146 256 189 203 210 399 179  65 191  83 114   4  21
   124 258  61 251 189  72  99 351 399 321 211 311 203 168 375 126 360
   394 339 345 322  59 223 239 349  48 334 275  79 354   0 402 393 148
    25 314 186 160 399  45  12  35 375  85 393  75 118 367 238 383 153
    64 232 284 273 295  78 276 356 371 345 213 241  15 158 381 252 118
    60  79 359  60  58 397 342 151 293 125 182 314 122 182  91 303 128
   187 380]
  [  0 232 125 400 184  17 142 197  62 363 101 364  74 107 316 292 264
   344 358 170 353  97 141 122 278 216 174  12 134 176 192 224 190 395
   358 132 298 311 141  87 244 192 231 312 332 375  49  83  35   9 104
   243  99  85 225 156 185  78 168 394 339  80 343   2 122   0 315  62
   273  70 103  36 146 303 382 161 248 231   2 194  83 385 141 348 320
    77 326 215 343 387 251 311 210 221 284  11 108  84  80  95 261 145
   341 183 285 322 360 364   2 279 380  58 311 203 284 273  15 360 256
    93 171]
  [  0 399 319  90 225 127 149 156 251  60 294 195 116 173 104 239 247
   228 268 242  30 171 341 372 373 248 174 138 379  20 195 368 136 235
   192 278 320 257 339 144 324 146 328  76 130 155 321 381 373 272 205
   269 178 120  37 244 274 216  47 388 299 357 346 349 102  42   0 350
    67 196   7 238 162 191 390  40 262 328 207 220 165 187 302 373 212
    59 307 127 243 279 271 227 243 317  74 349 161 210 298 302 141 314
    11 134 359 287 196  43 104 223 200 384  69 155 243 280 218 329 346
   348 295]
  [  0 190  58 196 402 372 289 206 379 323  13  66 381   0  16 158  15
     9  26  54 315 195 332 363 170  78 362 225 390 154 324 105 227 139
   225 197  80  43  82 212  89 330 365 274 151 109   3 207 351  35 257
   388 210 157  47 255 305 124 228 214 225 359 107 345 190 111  16   0
    15  74 191 293 304 271 139 276 105 349 361  81 101 369  49 229  14
   367 172 374 331 316 108 400 126  11 342 103  37  31 281 211  47 368
   137 393 274 198  33 336  63  58 263 364 312 156 206  42 264 207 228
    59 219]
  [  0  49  80 103  20 367 252 173 365 275  41 101 335 140 185 351 393
    62 357  48 349   3 358 325 182 153 167 302  22 295 204 167 225  13
    91 295  21  73 154 291 274  19 155 251 111  90 321 315  54  44 195
   317  64 354 201 266 131  10 381 263 141  19 236  52 156 362 354 318
     0 291 110 319 280  81  65 348  20 184 296 240 147 311  80 153  26
   229 363 152 340   7  86 140  31 356 180 295 167 271 220  11 388  59
   262 107 152 372 186  34 231 355 279 233  47 361 379 179 185 319 290
    17 321]
  [  0 387 324 181 274 211 344 189 187  25  20  88 212 272  24  76  83
   141 224 401 281 292 210 245  58  18 124 348   0 362 337 249 115 360
    72 365 288  99  94 111  39  58 360 162 383  31 110  14 184 360 393
   248 318 110  81 142  95 138 248 338 149 300 211 372 134  50  98 277
   147   0 335  83  65 190  52 364 162 202 212  66  64  88 153 119 321
   399 103 153  38 286 193 396 310  59 239 225 127 319 266 193 397  94
   240 328 101 280 248 270  75 332 336 210 131 212 207  70 246 205 207
   226 326]
  [  0 305 191 203 112 213 133 171 215  33 112 388 103 337  58 204 109
    96 229  39 199 365 334 288 333  13 148 180  86 302 385 263 144 385
    17  78 345  58 136 312 234  89  78 335 230 130 338 184   0 161 338
   340 112 400 208  53 266 258 349 252 281 120 341 137 341 253 171 156
   392 370   0 319 181  60 115   2  35 207 371  65 385 254  57  93  16
   227 370 256   2  78  48 386 273 130  76 260 313 352 168 241 271 348
   177 222 214 363 343 337 121 168  21 205  39   5  70  51  64 194 399
   322 194]
  [  0  85  72 241 385 188 138 373  17  71 128 140 211  56 305 196  49
    99 310  45 139 276 154  79 152 370   6 227 114 220 379 362 335 370
   119 204 303 327   4 148 129 402 337 319 353 111  21  57 135 266 291
   282  70 322 209 319  93  72 160 188 130 311 262 135  60  54  98 175
   188 204 360   0 145 174 124 299 304 164  82 177 218 102 212  76 383
   102 213 105 135  92 129  48 152 355 285 173 299 186 130 193 180 297
   212  14 146   0  48 206  88  43 312 356 228 187 129 369  87 187  11
   146 129]
  [  0 112  94  71 318 129 353 253  39  19  92 234 253 112 315 256 182
    83 280  36   0 126  28  40 110 214 365  73  69 172  79 349 217   7
   401 188  87  14  89 243 161  41 245 135 344 116 299  76 173 132 290
     4 147 363 281 355  53 187 123 338 289 365   3 373  43 145 145 123
   258 281 358 214   0 177 252  77 256 315  98  85 228  74 324  46  57
   270 192 131 264 309 185 130 227 247 101  38 323 297 109  63 365 279
   317 267 342  66 208 178 287  42  40  57 237 119 167 162 135 249  60
   291 329]
  [  0  22 393 270  48  78 322  22 217 379 401 334 316  76 302   7  55
   211  68 248  79 252 191  98  61 387 238 119 189 326  43 120  71  25
   171  69  62 314 167 345  24 183 306  36 322 321 146 216 395 220 177
   243 222 276 394 107  29 213 198 332 225 247 313 338 357 329   4 302
    22 324 258 109 134   0 153 209 275   3  50 105 399 291 238 317 235
    97  45 315 128  36  26 156 274  31  68 243   9 192 198  37 143 321
    33 353 391 119 259 109 341  12 196 272  42 339  36 172 163 110  38
   165  30]
  [  0  84  47  36 244 296 132 181 326 158 391 158  53   6 318 402  79
   397  15 175 140 125 254 316 391 312 344 194 402  44 344 212 101  50
   381  85 179 157 242 400 346  72  74 142  62   7  71 205 293 246 372
   154  17 149 267 207 160 386 176 382 221 401 170  37 316 205 113 263
   264  89 111 370  81 126   0  10 104 277 355 123 209  32  77 398 286
   239 215 217 301 197 327 128 191 248  92 276 316 205  38  70  66 207
    84 196 391 268   9  29 333 354 343 336  57 203   8  39  69 180  55
   332 361]
  [  0 131 322 382   5 126  44 107 274  46  35 146 142 365  86 299  66
   366 371 123 325  56 293 127 238 277 311 176 240 185 309 204 357  63
   378  65 288 377 294 381  90 301 370 246 275 394 371 128 240  26 230
   256  26  40   2   5  16 347 334 336 311  72 268 302 176 206 244 239
   280 316 236 235  77 243  84   0  69 247  36  71  22  27 312 351  11
   226 113 234 290 109 185  97  58  27 123  17 143 182 112 105 212  90
   106 381  75 351 219 141  91 332 161 160 275  94 198  96  85 179 105
    56 302]
  [  0 167  40 174  94 336 308 292 254 195 351 326  81  27  99 256  42
   210 389 298  98 300 382 219 275 364 308  31 104 270 294 200  92 327
   209 360  89 187 377 302 359 133 358 378 185 273 170 111 366 383 101
   309   5  98 306 252   5 201 275 223  69 132 356 138  29 137 179 353
   317 179  12 279 333 189 386 371   0  84 344 352 363  10  28  71 210
   173 220 211 283  22 178 231 203 354 205 284   2  18  91 253 396  12
    47 221  27   6 272 401 176 221  76 284  67  32 207 244  68  13 320
   212 272]
  [  0 279  62  55  70 220 205 111 198 183 224 377 365  76 365 116 206
   295 334 298 124 105 402   1 264 274 241 309 244  15  29 138  58 203
   230 396 156 254  79 223 297 340 239 353 172   5  26 400 372 230 103
   373  80 226  96  75 148 193 219 264 210  25 248 137 316 286 368 301
   215  97 202  91  18 376 110 340 317   0  33  35 337 374  78 367 304
     9  55 402  93 165 235 189  47 382 147 252 386 276  96  39  70 350
    58 378 124 283 123 375 237 103 325  37 132  27 328 154 346 302  99
     7 294]
  [  0 400 354 320 317  78 389 245  72  98 127 293 275  68 227  95 236
   210 209  10  59 312 285 191 247 343 254  60 311 175 332 284 141 125
    64 163  79 382 157 266 359 387 291 129 210 161 177 276  51 168  45
   209 397 236  38 167 390 320  82 341 317  75 262  54 161 348  35 143
   148 362 180  99 310 118  18 222 378 126   0 239 346 163 193  94  70
   393  31 229 234 196 305 296 135 100 332  16  46 278 108 398 357 166
   363 119 307 149 291 290 113  70 214  42  26 235 357 321  14 277 186
   105 314]
  [  0 126 395 292 395  98 213 148 343 258 252 140  35  94 254  80 371
   254 389 111 199 186 210 206 371 329  14  35 218 399 215 105 290  97
   396 128 307  89  31 290 193 289 227 344 386 387 258  59 251 290 398
   347 384  35 228  30 139 316 276 320  90 324 293 400 396 136 107  95
   221 381 328 391 143  17 179  48 160 178 270   0  17  19  30 242 127
   315 111  91 319  56 108  66 266 150  32 118 267 382  43 223 277 176
   205 314 222 335 104 305 283  44 300  72 189  16 183 388   4 129 165
   227  24]
  [  0 265 280 116  88 271 312 379 289 381 206 130 192 169   2 123 312
   253  27 113 103 327  11  28 197 138 269 168 362 217 101 171  85 339
     3 277 340 195 240 138 214  31 136   0 194  82 370 281 180 318 395
   175 208 146  45 348 203 301 320 243 388  95 201 240 159 320 206 158
    57  59 236 372 102 244 373 209 309  35 224 356   0 274 181  11 381
    27 268 287  53 348 343 363 177 139  87 279 388 197 260 155 324 245
    52 203 119 178 249 346  56  26 270  29   1  95  42 385 165 391  72
   380 241]
  [  0 177  63 164 196 278  67 205  82  78 131 299 350  46 392 137 339
    29 222 233 379 401 145 201 165  32 293 372 375 265 381  35  43 176
    51 146 198 156  94 201 388 101 347  97 153  15 349 285  39  41 233
   137 374 122 256 185 347 358   8  90 386 316 177 183 376 175 138 152
   302  44 152 133 311 101 320 154 183 239 167 235 154   0 178 218  63
    60 225  15 199 294 188 256 184 291 127 306 333 347 199  21 294   9
    81  16  76  27 222 153 313 288  26 157 332 153 205  94 133  91 342
   182 104]
  [  0 185   1 162 348 131 313 237 349 352 106 212 346 228 349 330 215
   336 322 296 268 379 316   0 327 125 390 290 109 170 242 153  46 383
    90 244 363 355 266 301 161 202 345 338 159 372 379 272 136 128  76
    47 201 364 373 274  78 129 312 246 106  33 264 330  28 268 212 196
   358 186 115 330 148 203 118 151  60 223 351 184 228 261   0 220  54
   356 294 271 339 235 326 167 252 126  81  96 353 260 268 124  56  36
    23 111 319 346 276  54 196 372  42 284  72 332 277 125 134 323 208
   371 327]
  [  0 361 338 310  21 302   7  63 193 329 182 105  10 243 132 346 158
    38 279 334 172  31  53  55 187 394 131 237  35  60 368 130 215 227
   319 288 188 200  21 103 213  39  99 193  65 319  76 181 286 351 152
   120 186 396 344 369  16  22 291 234 383 147 103 159 263  86 232 142
    61 224 255 350 250  91 274  23 264 214 397 185  12 330 301   0 180
   218  45 320 194 241 139  77 270 152 269 130  84  16 371 284 365 292
   400  19 353  96 128  46  75   2 295 394 219 261 362 224 174 269  15
   291  66]
  [  0 281  77 398  63 162 379 178 354 195 111 158  19 357 321 266 109
   283 153 357 305 273 237  73 149 140  56 158 185  82 286 275 259 385
    78  11 114   2 162 395 338  60 348 383 164  92 249 121 297 353 343
   111  31 210 341 290 398 330  46  79 116 254 393 235 402 386 342 301
    89 203  95 394 311 206 139 313  99 132  47  48 152 120  57 341   0
   156 350 189 304 270 356 213 111 380 368 151 188 336 240  50 116 136
    25 190  55  54 366 275  89 110 366 292 324 191  69  30 157 395 151
   179 275]
  [  0 380 352  42 199 187  75  14  92 267 281 314 276 219 188  33 193
   262 357 391 236 277 152  69 120 319 401  10  41 166 391 250 392 207
   176 370 281   1 225 313  92 199 112 156 129 287 276 302 196 211 352
   231 158 238   3  80  10  23 397 390 344  24 270 396 375 187 335 321
   314 214 195 370 188 110 225 372 305 152  53 224 357  74 216 109   5
     0 178 211 104 165 326  13 250 276 390  60  81  30 229 341  23 321
   399  94  99 279 100 355 134 358 209 398 316 143 189 327 390 390 352
    23  21]
  [  0  96 266 178 254 113  72  81 124 366 103 241 246 120 240 167  32
   140  17 242 143 390 228 347  78 320 355 174 241  17  47 168 110  14
   402  25 303 344 210 396 151  36  11 107 337 224  10 207 392  15 183
   355 145 268 358 211 175 185  51 317 226 266 228 119 158 322  25 287
   308 145 159 130  97 219 286 360 126 126 390 253 349 277 138  67 116
    37   0 342 296  86 189 255 314 223  41 268  34  47 197  69 283 166
    76 357 142 383  53 350 373 160 276 400 242 253  90 109 244 215  69
   274 244]
  [  0  56 200 374 395  26 298   1 382 194  44 186  64 229  97 173  56
   190 288 170 288 346 278 345 258 223 256 383 152 307 368 299 184  82
   126 288   8 222 384 190 217 177  89 131  19  30 280 201 336 370   5
    38 137 269 167 237 374 103  58  41  91 253  57 396 284  81 102 120
   204  46 253 399  22  57 214  26 363 184 338   2 174 286  57 130 135
    33 367   0 177 201 221 227  28 260 230 171   2 284  53 103 244  67
   173 213  38 333 234 149  80 389 103 184 103 343 367 124 302  12 372
   317 293]
  [  0 122  98  89 298  99 244 168 378   5 255  21 135 167 279 266  30
   212   3 272 193  23 122 306 105 260 127 207  32  58 100 276 190 296
   250 252 315 396 308 173 347 382 373 173   6 170 371 213 340 367 340
    18 395 137 189   3 113 199  12 357 197 192 114 232 303 186 303  42
   374 178 180   1 104 115  19 164  44 143 215  55 335 373 229 376 352
    62 252 194   0  48 204 376 171 360  13  13 298  97 353 104  22 197
    94  96 330  42  46   2 199 390  42 273 279  83 310  13 265 352 101
   243  18]
  [  0  83 168 255 118  53 378  41 197  72  16 192 191 236 146 221 133
   132 271 344 335 149 184  65 266 383 305 216 365 278 252  15 183 319
   221 236 208  20 100  32  93 347 253 195 276 304  68 168 377 347 282
    91 130 364 311 351   3 159 367 267 111 390 402 109 123  26  35  64
   310 336 259 300  79 161 150 371 286 203 356 197 200  11   7 379 310
   170 265 259 237   0 149 177 131 210  14 170 181 182 176 354 165 100
     9  58 265 261  18 321 180  63 131 327 389 182 339   6  39   2 215
   246 268]
  [  0  21 216 394 137 172 300 248 367  88 254 184 363 288 302 265 395
    41 336 347 319  87  76 370 347  47 300 336 351 189 255 145 189  73
   303 388 247 249 127 108 151   5  52 399 361 142  24  26 347  73 104
   270 362 318  38 102  39 238  93 162  38 142 140  90 235 169 322 402
   245 163  33 337 124  19 286 148 221 153 147 350 101 254  58 201  19
   129 337  40 352 382   0 199  70 229 154 185 294 201 259 221 398 298
   279 237 172 364 146  31 166 150 345 183  58 187  85 267  58  28 199
   283 114]
  [  0 256 369 125 331  64 366 204 369 251 113  57 290 108 236 369 310
   236 264 258 291 116 402  50 270 150 399  33 316 348 384 382 372 192
   332 254 256 143  89 343  81  86 282  99 272 185  36  60 144  69 323
   136 279 258 123  85 343 367 362 242  76 387 348 121 146 125   5 289
    86 332 290 114 192 386 172 324 130  97  44 356  99 201 236 107  27
    41 365 329 349  67 395   0 179 233  79   0 244  90 240  82 194 375
   353 388 311  74 253 140 214 124 319 314 208 389 364 130 273 275 356
    99 136]
  [  0 142 151 130 351 231 350 360  16  59  30 290 189 254 384 153 173
   210 316 155  36 384   4  66 357 399 366 378 285  53 231 246  88  29
   178 357 374  84 265 257 296 388  37 378   8 162 339 137 149 339 212
   340 143 352 268 335  42 156 349  25 348 397 100 194 111 363  46 292
   145 243  45 346 140 296  26 277 230 370  86 197 236 276 225 115  32
   375 293 241 286 123 135 185   0 306 200  18 334  84  19 222 110 136
    99 193  22 165 252 112 338   7 183 381 192  47 245 235 243  49  19
   263 218]
  [  0 336 119 130  88 271 197 238  66 146 234  92 367 275 300  14 269
    24 217 354  35 227 166  17  92 191 116  43 304  50 317 362 391 289
   167  24 112  52 278 379  42 343 217  74 391 290 292 105   5 397 310
   338 138  84 291  85 392  78 171  76 348 267 211 282 239 230 184  10
   319 169 381  35 298 305 273 150  79 399  34 222 140 327 303 389 396
    25 236 247 111 333  18  46 276   0  97 348 289 247 216 143 153 333
   189 104 353 260 256 239  65 197 396 268 178 387 285 131 353  59  40
    22 197]
  [  0 361 138  26  72 318 237 135 110 250 280  55 117 351 277   3 183
   141  28 371 196 377 282 106  75 118 211 182 210 217 359  82 303 308
   365  34  61 141 343 364 301 101  20 364  91  70 226 165 349  89 367
   130  58 163 163 113 284 286 125 140 237 103  65 306 224 119 360 148
   265  89 327  51 272  42 180  91  46 212 346 226 337  10  31 104 348
   252 310 331 228 330 168 364  70 369   0 113 295 144 351 245 294  79
   176 162 292   3 281 158  20 399 203 266 244 172  42 361 229 136  81
   318 189]
  [  0 392 385 223 355 375 223  89 230 136  51  38 131 283 284 339  17
    99 344 352   0 238 221  76 379 124 364 233 126 177 301 119  21 150
    52 255  33 107 357 365 361 323 398 100 159 339 219 256 104   3 288
    16 297 253 260  17 376 279  22 146 227 160 400  21  51 168 248 299
   105 169 135  27 258  59 312 212 396  40 261 214 215 161 290  70 368
   294  77 155  87 138 196 256 323  97 200   0 227 102 141 242 276 332
    46 399  16 211 243 333 344 223 174 154 192 237 213   2  50  68 121
   258 196]
  [  0  13 147 109 356 388 126 251 101  32 257 226 235 208  19  56 197
   351 285 129 384 191 114 377 379  33  97 299 268  18 181  13 229 212
    60 262 353 125 216 289 175 366 373 125 103 195  61 160  65  86  65
   246 135  38 156  88  53 195 100   1 371 150 216 235  78 276 357  18
    85 205 151 288 145 223 348 398 164 128 373 261 170  43 198 292 284
   171 175  86 361 320 290 346 123 371   7 263   0  18 217 314  28 363
   381 270 153 358  79 129 132 337 352 161  96  54  83 210 334 391 360
   200 145]
  [  0 356 148  24 307  24 304 175 257 183 261 323 120 260 284 331 393
   326 169  27   1 358 366 109 187  66  27 335 128 315 400 140 137 202
   100 320 397 290 361 329  68  33 280 262 333 251 376 397 393 357 119
   143 146 135 362 179 177 275 396 123 209 231 298 283 296 358 242  73
   218 251 384 184 131  85 166  98 238 193 240 343 240 363 106 355 393
   385 278 223  49 345 188  45 113 364 175 115   1   0 390 261 100 151
    45 295  65  31 287 207 180  18  11  72  27  59 287 138 251 307  41
    85 199]
  [  0  68 228 290  76  82 247 341 349  49 231 253 277 197 273 400 129
    78 331 299 298 327   3 330 191 271  28 205 332 156 299 234  65  33
   357 281 218 360 178   8   6 114 246 350 341  26  76 195 380 261 354
    76 124 145   0 362 220  17 248 163 191  98 362 388 377 297 232  39
    99  91 354 219 122 299 150  25 227  10 136  20 260 156 277 285  22
   402 127   8 163  32 212 146 124  46 260 244 224  14   0  38 288 242
    67 281 104 227  40 115 209 338 228  41 361  16  70 226  37  60 309
   402   9]
  [  0 218  15  84  28 249 195  85 353 126  80 319 220 114 245  25  59
   129 313   0 119 304 374 383 184 127 383 347 149  81  35  27 302 115
   109 124 269 356 311  76 251 231 197  16  91 347  69 186 173 370  50
   307 399 299 189 190 145 140 285 382 260 248  29 389  13 206  89 296
   366 347  89  35 392  42 268 265  63  39 373 345 190 185  85 176 271
    37 304 149 113 189 344 185 349 237  59 306  45 118 340   0 206  21
   162 232 237 302 397 223  51 165 211 345 173 120 392 184 236   9 255
   228   2]
  [  0 248 196 176 223 392 249  14  76 134 306  65 155 337 276 118  52
   233  21 392 299 265  42 163 246 115 150 104 354 342 223  34  68 377
   230 229  82 218 375 206 113 127 339 183 349  82 295  71 390 296 297
   211  87   9 181 109 353 103 322 229 207 149  80 332 162 276 365  81
   371  80 401 399 402 372 187 381 370  79 247  65  46  82 104 260 262
    13 159  90  80 329 123  98 400 355 316 394 291 237 344 146   0 193
   190 230 328  98 309 192  35  59   2  39 402  84 127 313 310 133 140
    17 177]
  [  0 368 346  33  41 206 245 197 172 288  81 123 290 253 249 181 207
    68 255 361 164 303  50 260  11 272 145 216 110 270 318 315  21 343
   144 294  42 278 235  27  82  66  92  25 233  22 243  78 235 261 384
   117 306  35  40  23  77  37 252 128  90 209 268 141  93 380 271 150
    88 285 295  80 207 132 242  49 350  69 307 339  64 279 161 267 181
   379 352 144   4 257 105 352 227  68 318 332  49 319 240 147 207   0
    31 330 199 363  53 305 359 160  85 196  71 389 165 151 324 391 197
   176 361]
  [  0   9  94  55 253 231  38 324 211  93 152 398 281  49 140 374 374
   153 291 352 152 321 134 139 307  78 315  56 362 315 150 355  46 271
   189 361  24  76  39  45  35 354 330 335 210 389 271 381 174 350 117
   351 342  70  62  87  36 277  96 212 216   6 376 339 173 202 362   2
   278 382   2 241 297 251 171  64  11 397 127 258 109  19 266  74 198
    93   9  27 125 234 212 398  79 352  13 180 129  11 205 295 205 174
     0 338 325 198 173 388 177 166 139 270  76 271 352 280 341 158 352
   315 372]
  [  0  44 217 363   0 259 208  39  49 320  49 112   3 370  41   7 337
   150  16 362 285 188 238 310 369 291 114  26 209  69 151 253 263  38
   219 183  36  87 286 400 198 209 214 179 276 383 333 203  16 251  47
    11 325 385 136  14 235 224  44 308 331 319 228  67 295 192 212 240
   329 386  46   2 297  25 116  58  64 265 360 343 181 107 215 110 329
   316 258 264 397 389 327  48 229 174 158 265 111 168 310 170 167 255
    65   0 360  36 391 334 388 231 321  62  69 276 295 153  62 271 161
   396 390]
  [  0 380  28 236 275 363 400 149 353 377 275 336 380 131 239 284 168
   143 285 220   6 196 299 240  27 288 109 151 232 344  57 220 216 128
    65  97 309 209  97  90 195  94  55 240 291 176 263 261 330 161 372
   368 339 401 143 181  47 180 381 160 387 114 360 174   1   1  98  34
   155 384 186   0  19 213 190 143 206  29  58  36 371 327 209 337 176
   189 167 114 395 200 138 395 116 122 285 393  48 233 234 195 369 316
   373  24   0 185 400  54 303  28  82  93 310 162 373 397 220 173  65
    69 317]
  [  0 262 238 320  12 330  55 365 385 288 133 175   8 110 158 131 237
   130 224  27 380 321 361 291 385  60 387 124 356 398 218 105  57 268
   281 366 385 209  41 216  60 167  23 118 349  22 282 383  51 298  72
    38 321  82  80  28 350  29 333  46 229 157 125 154 365 231  13 170
   255 186 369 122   4  38 209 193 314 162 358 140 251 123 309  79 390
   160 177 274 180  36 303 277  86 288 349 330 219 320 200 312 255 351
   148 291  31   0  73 274 194   0 327 102 107 169   5 390 150  53 262
   114 179]
  [  0  56 107 135 277  17 111  34 219  40 165 378 358  76 323  18 199
     1 299  62 269   9 124 251 172 142 154 149 143 183 230 115 274 398
   338 131 234 224 296 161 392 261 144 235 223 130 197  32 335 124 261
   342 168  41   3  46 216 202  52 265 256 301 157 202 174  25 180  24
    62 386 213 201 326 281  11 313  84 328  72  15 345 392 379  30 101
   115 147 286 189 279 278  70  76 391  61 233 270  13 310 358 339 233
   221 292 295 248   0 402 139  54 394 220 240 150 247 159 217  16 290
     2 309]
  [  0 232  69  79 216 317 133   7   8 375 380 163 294  22 152 186 186
   110  57 375 313 295 323  20 119 361  74 132 391 365  94 187 321  22
   258 315 210 265 164 303 330  35 225 362 338 191 294 242 191 144 398
   162 246 267 318  53 238 386 108 149  20 366  11 356 223 109  31 217
    45  49 107 103  69  79 107 352 251 103  29 251 202 373 190  31  63
   208 202 343 235  43 339 289 342  54 298  46 315 386 101 258 150 231
    40  27 185  79  38   0 297 208 229   5  95 224  97  76  43 309 227
   142 248]
  [  0  95 150  18 382 154 246 230  81   7  81 284 271  16 209 115  99
   151 239 167 117  90 129  23  21 399 209  16 281 154  11   7  58 162
   173  41  16 224  52 116 165 297 289 176  18  45  58 169 209 117 123
   401 143 296  48   9 188 346 258 115 305 164  47  52 140  23 144 391
   269  94  46 358 275  13 395 150 271 346 334  31 217  63 222 282 180
    89  40 361 113  10 360  36 215 306 275 132  52 399 110 169 310 174
    55 273 261 232 171 115   0  53 282 216 293  14 177  40  86 322 259
   144 349]
  [  0 392 243 345 277 352 316 398 266 102 205  91 393 208   1 243 160
   369 106 141 120 327 299 294 382  52 320 223 169 380 367  12 218 347
   191  77  26 370  66 186   5 180 388 390 200 265 246  27 337 239 211
   227  95 402 401 145 346 169 317 202  87  91 388 135 200 308 315 193
   205  98 328 328 395 130  73 352 220 340  95 278 221 188  50 395 149
   327 304 314 206 322 175 386 285  46 115 237  24 328 382   7 284 116
   121 126 348 294 359 164 157   0  98 281 298   7 244   6   5  55 260
    76 380]
  [  0 114 300  16 220 179   8 108 333 378 180 222  23 350 397 104  77
   387 146 312 129 326  51 118 335 368 131   9 276 158  50 193 285 250
   299 378  15 285 365 150   4 329 393 296  54 121 136 116  92 319  29
   399 401 318 197  60  86  82 243 207 207 377 137 268 219 151 145 334
   200  63  82 106 396 227 241 201 377 123 219  54  81  49 307 218  79
    46  16 170 183  71 235 133 176 272 214 343 238 190 374 271  61 401
   294 143 341  35 261  10 299  14   0 239 265 265 156  11 389 220 336
    87 264]
  [  0 354 181 254 380 290 109  96 233   5 252 261 139 142 231  86 335
   129 275 295  39 247  52 142 335  53  88 341 202 190 142 309  36  85
   142 272 350  37 402 316  48 111 369 346 195 302  48 253 219 314 243
   382 274  50 327 215 218 213 370 339 245 159 344 360 267 247 302  70
    50 395  74  39 160 155 286 170 178 338 183 357 397 143 138 100 372
   332 338 326  99 192 179 290   6 315 183 136  23 356 294  70 111 366
    98  57 292 215 388  78 313 333  87   0 322 157 127 177 292  56 277
   213 213]
  [  0  51 119 135 346 308 359 111 345 313 399 251 331 257 400 258  14
   287 191 231  39  11 372   2 177 114 227 156 361 259  67 332  95 257
   147  70 253 400 334 386  71 136 190   4  35  97 243 102 106 385  69
   354  68 372   7 169 367 173  98 378  37 196  24  75  52 287 393 106
   286   2 127  78   5 364 205 376 157 290 258  17 343   0 315 183 246
    19  20  97 155 147 381 335  75 215 348 105 402 381 240  13 187 293
   123 215  56  60 327 202 197  20 318  61   0  29 140  14 155 207 268
   101 319]
  [  0 279  75 305 295  18 246  68 122  82 252  46 250 318  76  13 189
    12 361  44 179 325  72 307 276  31  35 110 277  35 218 170 299 146
   338  22 147 135 313  99 314 165 174 172 176  27 331  40 350 119 335
   167  62  66 313 349 239 341  81   0 192 197  37 133 272 121  12 392
   258 123 188 164 143 252 390 366 149 232 374  67  24   7 391 162 322
   215  25 123 251 191 249 166 347  32 215 173  13 308 147 278 269 324
   224 190 232 225  83 279 350 214 210  31  45   0 354 199 376 224 261
   370 385]
  [  0  55 265  69 343 214 165 160  12  17 286 204  31 365 164 364 367
    58 163 383 352 150 209 311 350 359 199 160 244 196 136 224 241  52
   285 300  14 294 101  72 384 322 180 236 309 272  68 298 336 307  21
   275 229  95 147 150  94 393 250 282 190 289 366  52  89 372 320 216
   311 153 259 246 293 127 258 398 101 105  91  88 321  19 219 183 173
    12  37 258 217 257 244 383  12 293 150  97 217 179 366 288 218 336
   297 121  95 310 364 178 393 195  73 326 264 222   0 307 103 215 241
   106 228]
  [  0 177 345 356  35 136 315 136 329 368 350 223 156 304 173  18 156
   130 167   4 386 253 369 125 145 216 276 402  98  45 366 303 220 202
   253 361 292 243 117 324  13 333 359  84  27 273  45 179  59 243  10
   121  71   8 135 115 102  53 361 138  78  23 240  99 111 259  32  15
   102  29 302  21 186 131 259  11 233 174 336 206 160 363 284 258 153
   296 351 351 271 266 346   2  94 188 293 302  29 148  78 308 322  43
    36 351 397  54  30  86  56 151 267 369 189  82 195   0 122 221 262
   330 387]
  [  0  40 392 239 101 373 340   6 383 362 402 363 139 167 336 395 317
   108 299  71 138 201 135 325 370 288 379 350   9 307 379 178 167  66
    60  39 321 215  61 308  97  96  96 331 219 320 124 345 248 378 379
    68  36 141 391 161 305 342 295 152 229 245   7 247 249 255 253 360
   235 197  90  53 236 157 217 254 219  29 215   6 161 208 346 312 183
    23 161 258  94 215  45 278 154 162 130 374 225  22 117 232  85  72
    22 182 352 128 115 258 388 229 251  61 219 205 109  14   0 208 233
    78 147]
  [  0  73 207 281 337 232  64 274 358 252 383 104 191 286 114 177 366
   307 390 272  64 253 196 155 354 164  42  34 191  22 175 318  32 151
   288 143 236  87 238 132 401 396  10  98 118 142 302  39 355 131 275
   386  94 194  14 329 337 249 263 373 236 159 379 364 214 401 264 114
   357 193 195 148 360 348  80 349 214   5 111   7 342 158  38  55 399
   247 194  15  77 264 158 280 114 320 226  66 264 370  49  14  48 172
   369 156 134 393   9 335 294 221  77 109 153 340 182 280 273   0 208
   391 167]
  [  0 255 173  49 104 202  68 381  82 132 184   8  38 145 183 226 163
   112  29 375  61  83  94 348 218 247 231 282 145 126 217 188  63 327
   360 287 319  20  60   9  24 311 288 304  37 264  52 320 182 159 155
   181 225 117  24  91 376 243 205 270 194 109 208 207 329  77 278 224
   239 185 321 246  41 334 121 330 370 207 367 232 115 232 349 371  81
   107 211 340  44 240 236 148  18 147 388 141 151 379 181  48 322 127
   324  63 186 112 267 352 370 216 262 246 110 181 109 305 120 365   0
   392  30]
  [  0 303 342  90 281 183 247 198 284  81 281  51 332  86 245 210 170
   193  88 321 236 352   4 394  76  64  25 102 199 204 129 317 393 271
   150  65 273 295  29 289  28 342 343 395 335 290  49 224 295 257 115
   236  84 241 360 307 180  22  34 247 329  81 375 257   7 251  77 334
   149 402  73 260 283 111 340 339 213 235 246 345 223 134 154 195 100
   205 288 312 133  33 357 361   3 381 259 263 358  56  47 350  27 200
   178 270 116 398 231 171  51 277 220 154 386 206  28 144 329 349 125
     0 303]
  [  0 282 167 233  49 330 219 127 335  90 369  14 126 337  50  37 318
    45 345 313 274 274 333 161 166  45 380 330  34 173 257 374  32 216
   301  18 313  98 197 394 291 104 349 263 346 243 144 272 261 335 345
   227 262 222 384 227  31  39 371   8 153 295 285 109 171 368 301 162
   141 272 296 185 276 185  12 134 223 195  98 154 104 260 211  41 342
   197 357 261  63  14 275 137 303 335 132 149 195 196 154 311  83  49
    35 233 377 211 387 333  78  94 279   6 136 334  78 296 312 173  59
    20   0]]

 [[  0 194 189 239  64 300 240  72 158 274 298 131 364 182 185  35 240
   148  26 186 168  16 364 141 126 306  84 224 307 131   1 311 351 330
   229 389 351 363 169 301 118 171 217  15 190 229 201 181 366 371 104
    58 351  75 381 358 333 252 348 302 128 177 223 264 236 126  60 153
   247  87 106  52  27 113 399 390 170 355 194 130  75 242 239  85 266
   348 297 356 100  47 193  79 178 257 319 105 164 313 339  20 143 117
   204 212 134 288 142 192 215 109 355 297 137 157 298 347 252 243 173
    58 150]
  [  0   0  12  75  81 205 274 173 212 224 357 235 226 104 247  33 183
   318 320 276  41  76  81  51 316 401 153  49 324 211 387 273 171 390
   377 337 215  82 344 138 394 122 202  44  57 190 167 264 274 379 395
    53 386   2 102  88 116 360  49 371 110  39  79 378  28 119  98  29
   121 184 308 373 101 327  89 393 386 358 208 317 378 384  53 203 307
   296  58 166  85 276  23  92 214  95 120  42 400   5 202  70 220  83
   401  37 347 136   5 267  31  27 112 329 149 128 348  82 145 102 328
   260 308]
  [  0  46   0 168 200 109   3 164 279 361 286  84  80 242 393 258 348
   162 294 258  41 251 105  44 108 328 280  50  21 225  61 289  43 260
     3 109  98  28 114 226  46 251 240  67 103 401 393   7 199 363 304
   266 199 369 332 375 179  98 394 347 191 402  25 349 176 178 326  65
   229 107 223  77  38 280 176  74 244   2 258 312 346  92 105  58 228
   397 135 353 127  23 355 130  28 385  61 277 363  50 257 256 329 322
    93 165 223 296 369 378 308  56 197  90  70  54  40 180 209  61 353
   153 285]
  [  0  60  96   0 285 325 310 125 263 224 280  49 376 402 117 324 283
   242 109 143   6 259  74 334 260 382 127 346 369 385 222 220 383 357
   147 272 117 212 366 119 211 232 118  84 194 254  53 335 326 109 332
   345 217 178 215 238 323 321 316 304 400 397 170 316 296  40 363 260
    85 297 299 231 159 168 271 146  13 314 389 153 165 390 102 329 113
    48 225 103 380   2 162 349 267 316 175  64 132 199 266  75  54 177
   145 127 378 386 240 105 144 310 402 135 392 257 256 286 205 391   2
   151 344]
  [  0 190 386 142   0 144 361 333 260 334 275 400  63   8 378 383 161
    50 336 166 246  22 329 228 291 334 382 235 343 262 246 369 352  83
   226 315 181 282  12  56 391 271 199 152 345  76 144 309 314 368 223
    62  52 394 259 240 309  12  16 260 333  35 168 278 349 280  78 391
   330 107  67  89 401  47  42  67 373 201  83 212 142 386 224 286 231
    51 388 398 362 327  25 393 210 106   4 316 183 109 186  53 170 296
   379 375 336  80 261 147 144 217  93 388 303 155 289 231  78  22 333
   164 386]
  [  0  18 108 261 389   0 288 247 340 158 289 126 205 291 215 166  10
   151 107 109 355 170  52 339 288 128 329 155 102 314 158  31  96 199
   283 111 145 177 247 140  12 138 402 373 189 238 159  10  94 391 266
    49 252 146 126 112 176 115 382  31 184 204 265 264 361 388 240 101
   325 383 151 297 358 181  44 281 187  40 350 278  17 209 134 165 208
   263 127 261 261 175 389 292 206 324 139 293 130 224  10  22  52 360
   180 284 163 117  52 239 320 260 105 153 195 185  11 136  99 376 101
    50  94]
  [  0  31 286 255 321  85   0 386  79  91 401  70 160 376 213  45 255
    93 208 209 250  47  81 363 257  21 276 317 337 194 282 185 336 122
   147 208  65 186 140 203 315 104  90 120  45 268 210 312 311 107 196
   175 305 361  47 195 310 192 266 371 342  46  92 203 212 274 212  20
   401  16  58 221   9  78 245  45 390 106 135 277 332 161 161 372  25
    32 227 192  35 181 273 297  69  78 350 186 367 280 395 155 271 203
   217 175 191 279 204  38  43   0 182 198 380 191 397 168 349 253 106
   312 367]
  [  0 314 115  12 103 291 281   0  30 186 383  70 253 351 228 139  26
   286 253 217 369 302  15 166 135   3 295 171 118 339 212  10 193  49
   329 338 103 401 109 400  65 150  28 135 183 316 122 388  19  33 150
   115 272 295 192 140 385 262 371 113 300 173 234  20  27 146  10 292
   383 287 222 273 391 191 168   6 192 199 311 197 134 331 265 216  58
   184 211  81  25 195 217  47 248   4  39  47 232 332 308 197  82 368
    52 368 194 168  57  43  37 353  81 232 251 169  14 120 370  34  77
   310 341]
  [  0 202  82  24 179 318  75 134   0 172 135 138 357 363 311  12 303
   401  47 227 292 141 147 223 213 231 394 307 115  50 294 371 365  99
   212 388 178  57 256 335  34  61  87 369 154 115 164 117 398 303  25
   113 115 349 133 222 340 225 126 168 178 345 217  42 146 246  85 300
   355 294  27 322 330 146 396   0 325 194  66 231 136 329 256 214 344
   282 115 367 231 143  58 182 264  78  31  85 369  17 105  54 313   2
    50  37  58 124 372 218 205   3 228 263 149  42  34 394 174 309 149
   283 363]
  [  0 338 143 364 184 295 248 129  57   0 385 119 239 231 254 218 156
    86 351 258 351   3 134 110 291 316 367 194  72 313 247 180 205  77
    27 300 345  63 344   2 322 239 145 397 202 159 231 208  50 336 375
   206 394 154 333   6 219 317 329 127 267 148 359 223  37 308 336 107
   387 181  73  23 122 334 145 101 207 222 248  20 374  11  94  12  45
    36  73  71 184 110 106 340 326 109  98 111 369 320 342 197 250 230
   392 264 315 339  10 255 204  11 176 109  89 272 121 374 250 137 262
   221 241]
  [  0  61 212  52 318 351 364 227 125  99   0 391  21 384 221 199 215
     3 176 286  21 353 390 315 147 112 245 275  55 395 379 149  87 188
    67 191  32 178 185 397 120 118 224 369 328 100 216 358 399  18 373
   331  67 116 324 197 121 383 233  33 382  78  77  84 254 396 131  45
   185 192  87 320 194 193  78 186 249  44 316 244  71 186 217 162 287
   190 125 147 182 393   8 197 305 263 225 343 248 105 366 355 297 325
   335 248 168 152 345 374  58  89 276 141 114  99  83 310 157  14  23
    94 118]
  [  0  57 191 162  75 332 127 246 248 380 217   0  47 293 264  12 149
   230  77 117 364 241 134  30 202  17 338  71 205 255 102 168 368 356
   190  92 291 254 217 120  49 179 183 201   3 387 146 248 227  50  22
   316   8 117 220 382 395 397  87  59 140  82 351 291 385 258 195 143
   154 196  61 284 132 328  21 123 103 195 274  87 176 339 234 320   0
    90 267 130 315  54 369 340  75 293 309  40 138 191 253 193 211  50
     9  59 164 295  84 144 217 241   6 298  54  28  86   4 192 107 322
    38  93]
  [  0 329 352  12  62  67 102  48 137 393  47  10   0 358 127  62 281
   144 218  48 352 173 265 120 202 207 355 261 106 313 179 283 232 169
   160 256 309 234 122 110 259  80 383 128 389 132 112  75 134 291  64
   305 229 221  37  79 261 194   2  98 220 284 256 271 253 221  19 363
   349   7 387  71 136 295 143 118 349 227 184 194 337 184 102 222   2
   259 319  37  39 179 400 325 132  27 186  39 255 263 121 200 353 178
   372  98 176 259 355 205  72 191  87 148 361 303 106 201  13  31 315
   135 394]
  [  0 375  23 372 399 151 200 320 128 308 243   4 217   0  43 105 294
   312 288  53  46 151   9 163 183 116 155  52 109 281 227 261  60 369
   288  64 273 238 266  25  32 203 308 372  99 318  41 115 114 118  59
   348 194  63 373 235 224  22 348 193 222 326 116 227 175 179 317 186
   329 223 202 193 235   4 344 255 363 162 313 285 370 130 228 248 219
   366 259 318 108  44  55 171 248 243 388 163 125 374 346 243 174 357
   268 360 359 262 327 171  14 280 304 111   3 230  66 287 311 331 349
   316  59]
  [  0 396  18  41  44  64 368 227  51 239 235  85 385  21   0  23   5
   183 115  52   3 288 151  37 362 205 327 175  16  75  77 111  85 346
   369 279 290 239 227 125 332 216 133 141 294 106  84  57 132 283  24
    39 102 286 317 396 121  27 350 204  29 135 198 225 361 107 176 242
    47 292 371 271  75  57 214 383  70 270 127 168  10 329 393 306 103
   365 201 197  39  86  34 257 182   4  15 191 146 215 241 349 247 264
   278 176 333 225  53  24 183 289 294 202  96 307   8 371  19 183  45
    23  81]
  [  0 344 344  83 159  80 121 104 253  17  23  80  11 223 103   0 101
    60 167 354  86 305 396 384 168  36  14 258 183   8 308 110 232  50
   197 185 175 218 124 158 296 110  31   5  54 388 336 137 141 218 391
   315 360  19  97 181 300 332 251 210 274  18 186  83 321 260 194  12
   229 188 154 181 387  78  93 394 285 230  48  77 232 200 166 284 201
   315 202 290   2  44 247 119 393 285 237  70 243 196 353 340 245 318
   288 298 209 225 389 371 237 166  37 261 401 198 184  98 331 214 189
   178 334]
  [  0  19  87 288  24 255  71 365 266 234  28 153 236   2 219 194   0
   185 250 390  33 135  19 329  91 180 391 214 391 108 148 156 390  23
   251 300 359 159  27 236 177 338 303  29 301 201  58  98  42  70  98
   192 316  28 347  68 102 318 361 142 193 260  45 175 118 311 299 278
   258  19  68 113 153  46 382 147  58 246 110 345  88 319  55 292 375
   401  65 191 309 319 105 160 126 232 323  18 376  78 299 353 199 283
   152 311 375 279 332  57 266 229   6  26 112 216 258 272  15 394   9
     2 241]
  [  0 265   8  58 116 376 237 288 278 300 110  96 128 248  96 238 159
     0 301 316 134 188 260  49 148 389 374 255 331 179 159  41 381   4
   247 373  21  78 391 222 199  68 294 279  14 286  22 144  61  15 105
    52  55  69  53 383 150  46 239 248 252 152 227  21 264 197 282  35
   393 180  60  55 281 314  61 360 311 199 385 385 286 345 106 209 294
   237  15 171 157 179  29 201 366 303  61 215 105 128 257 393 380 179
    43 305 253  12 224 272 199 344  95 357 348 360 272 217 326 333 261
   240  83]
  [  0 339 181 183 339 364 132 181 218 382 107 342 258 394  98 342 206
   314   0 201  10 352 387 240 225 163 123 258  70 292 285 174 400  78
   118 155 240  13 190 249 243 361 152 368 136  34 101 356 324 352 190
    54 132 312 332  34 224 293 119  24 107 146 329 232  15   9  25  94
    77  40 370 150 345  84 107  57   7 237 360 288 163 108 280 339 203
   135  19 229  64 187 316  17  75 264  82 342 201 129   0 173 355  27
    21 166  68   3 236 137  48 217  46 242  77 285 301 353 154  12 169
    57 352]
  [  0 336 237  78 117 147 258 223 316 103 255 186 341 308 303 305 239
   371 374   0  56 271 117 276  32 319 202 292 304 319  60 129  30 364
   359 331 335  70 358 288  86 270  78  92 142 233 156 285  27 268  53
   361 129 305  36 126 233 390 330 177  54 102  95 376 368  53  54 209
   151 206 303 366 149 323 212 106 189 150  38 379 121  62  40 326 170
   290 256 258 280 164 283 133 376 187 196 305 280  92  22 175  68 193
    35 317 125 197  25 347 121 254 364 338 242 185 151  55   6 364 198
   363 298]
  [  0 199 395 387 382  59  45 231 141 229 320  31  74  90 396 106 365
   161 285 249   0 205 325 178  27 125 331 291 330 273 328  15 120  85
   131  57 187 164 363 245 298 355  25 318 287 187 150 273  64  34 187
   335 135 128 315 178 161 383 175 230 201 399 194  26 103  41 344 376
   308 154 114  40 152 337 334 263  24 116 368  63 240 195 226  34  29
   262  85 213  85 196 171 123 323 233 106 153 368  14 279 154 261 205
    49  22 223 225 325 105  64 160 204  62 153 146 357  23  14  27 290
     8 179]
  [  0 205 273 248 299 237 348   2  11  48 104 153 345 299 178 280  87
   242 362 390 154   0 100 364   0 352 237 202 293 167 123 131 113 300
   321  47  97  47  68 286 307 270 166  98 109 351 390 300 203 127 151
    82  92 145 261   6 110  87 235 131  81 242  44 102  97 173  96 272
    56 321 157 351 150 225 187  67  73 394   2 185 337 208 368 157 250
    84 115  51 101 273 367  50 346  19 182  61  27 168 358 204 206  58
   340 231  75 318  46 374 185 245  67  72  76 206 227  60 134 210 245
   238 239]
  [  0 305 236  14 167 339 392 395 290 293 178  35 243 298 163 333  89
    22 215 314 182 367   0 308   2 113 102 292  30 401  32 314  17 321
   205  33 369  68 158 193 104 292  68 254 176 249  36 261  49 312 338
   341 215 236 289  36 147 228  67 379 268   4 311 312 242 325 161  31
    28 205 159 173 110 356 128  54 321  44 123 167  86   2 251 356 132
   216  19 208  29 213  96  28 254 121 109 399 390  64 375 142 323 256
   191 269 115 217 134 210 286 194 216 106 313 360 343  42 166 259 233
    87 147]
  [  0 227 113  30 181  31 306 171 225 384 136 126  77 145 343  80 226
    54 388 273 147 374 288   0 152  17 208  67 207 381 223 172 227 253
   341 297 346 245 106 141 372  59 228  73  50 352  88 311 156   8  16
   327  24 231 209 246 172 329 274 298 226 358 357 166 133 362 389 228
    89 243 228 368 372  67  49  54  19 308 387 182 224 207 148  53 241
   292 176  83 326  39 256 171 231 124 373 359  30 150 265  67 186 238
    96  42 223 206 284 254 156 375 295 344 261   4 224 252  76  97  74
   164 269]
  [  0  35 275  61  35  62  50 397 296 391 112 306 185 175  62 110 288
    57 274 203 231 116 220   8   0 240  96 270  88  30  11 258 288 176
   395  57 124 377 258 378 208 186  27  26 109 391  63 389 288 391  41
   215 273 351 339 241 343 221 114 262 257 232 331  91 198 305  36 240
   141 303 298 318 153 362 388 143 232 375 156 393  31 119 313  41 347
   144 355  31 369 236 346  45 193 349 177 362 297 249 268 197 302  65
   281  64 220 388 172 267 132  12 206   0 329 279 218 402  19 156  21
    66 392]
  [  0 290 227 235 135 402 359 168  96 377 394 257  42 145 144 312  69
   148   5  22 185 249 395 138  62   0  85 166 173 188 324 256 343 331
   241 342 211 307 290 388 128 223 192 357 340 208 257 289  79  35 189
   306 280  26 301 255 161  99 168  99 123 359 257   3 389 139 363 225
   254 322 195 134 221  92  36 128 363 172 288 400 139  46 374 144 261
   318 240 197 279 400   5 270 303 336 213 342 109  41  47 174 385  52
   308 171  29 100 395 327 397 286 187 295  62 245 296  60 142 365  83
   364  31]
  [  0  74 170   5  95 386  54 376  45 147 142 362 241 156 184  79 343
   379  19 134  97 347  31 297 269 193   0 239 263 168 220  53 382 260
   320 188 111 349  86 275  81 256 117 117 256  39  78  94 207 385 261
   313 332 208 246   7 121 284 363 219 384 238 250  93  71 169 303 351
   382  40 284  16 345 339 242 203 236 401 178 228 159  28 149 224 375
   386 158  92 228  79 288 392 115 154  41 347  33 145  26 156  87 184
    37  95  99 231  75 218 164 222  52 140 263  45 277 306 256 123 156
   105 200]
  [  0 187  85 101 398 401 396 152 225 179 374 343  80 250 142 262 385
   313  72 203  17 106  52  32 398 146  79   0  82  18 264 247 338 351
    36  86 276 232 353 259 291 284  14 280 138 400 311 273 354  50 330
    49 188 228 246 160  35 259 252  80 204 134 275 188  68 293 306 142
    45 323 192 112 328   4 232 258 402 321 158  93 335 245 146 211 199
    87 263 218 145 370 380  71 144 368 213 142 373  76  82 373 308 349
   229 303  95  28  66 190 321 387 188  76   9 384  15 116  76 133 340
   387 149]
  [  0  91 101 341  27 306 219 165  45 165 243 176 365 272 311 346 227
   244 246  51 120  61 311 169 355 116  90 268   0 103 114 276 371 203
   352 128  53 321 142  89 348  68 169 155  56  94  14  45 304 145 111
    89 152 297   2 100 292 388 246 164 194  73 398 268 281 167  63 242
   183 314 309 116 299 227  86 107 386 157 159 330 331 126 397 360 183
   147 350  23 386 101 108 299   0 138 246 179 220 103 350 398 398 191
   242 341 202  94 379 106 163  32 394  22 148  21 318  49  97 123 354
   255 234]
  [  0 110 282 385   5  18 174 230  79 164 132 101 181 310 371 326 378
   218  19 380 251   0 124 369 301 264 150 368 362   0 236  10 353  96
   186 170  19  11 302 160 233  80 260 199  36 367 323 277 267 284 351
    18 118  10  80 171  53  49 231 265  41 167  40  60 304 359 317 246
   111 322  96  54 248 285 295 275  47 285 262  24 387 295 341  21 204
   160 125 111 185 158 175 316 382 259 105 125  16 156  31 186 197 216
   182 317 321 226  98 115 243 346 340 214 198 156 305 401 399 335  40
   369   5]
  [  0  56 397 302 385 201 374 334 144 180 228 120 330  19  16 349 142
   299 147   1 202 365 402 339 326 386 307 119 239  11   0 201 222 297
   263 147 387 246  22  11 321  51 237  35  34 217   4  53  89 257  58
   390   6 379 282  43 256 288  34 383 290 398 156 192  56 312  99  49
   383 319  72 227  98  40 145 370 154 189 363  23  11 204 309 273 366
    42 181 248 337 315  60 301 126  35  58   9  87 184 107 382  15  61
   273 105 118  38 383 259 257 115 209 381  46 228 366 106 342 120 162
   272 122]
  [  0 153 296 195  94 187 251 128  27  89 143 351 348 134 163 131  94
   353   8  42 140  15 401 375  10 349 269 396 357 218 352   0 238 384
   243 294 322  43 264 315  26 168 109 321 382  86 332 399 190  34  93
   240 111 276 261  23 369 140 223  38 288 394 210  87 221 397 234   4
   230  41 369  96   7 160 255 360 105  92 297 119 256  11  32 356 120
   223 384 227  82 268 303  80 330 130 174 219 179 243 131 328 209 158
   107 138 236 139 309 205  52 394 124 247  95 387 364 200 256 383 368
    52  82]
  [  0  44 343 181 224 207  21 302  84  33 326 174 263  33 162 143 391
   200 225  13 225 329 105 181  33 246 108 210  72 167 153 312   0 146
   207 181  98  41   5 393 208  46 137 246 234 106 100 106 115 133 323
   193 148 246 224 273 121 122   3 300 331 311 248 289  33 106  82 244
   211  71 307 174 145 350  19  82 333 390 386 393 311 232 211  68 291
   283 357 265  90 107 231 182 155 295  38 278 324 282 181 364 130 181
    20 332 204 291 314  84 316 270 217  11 308 306 191 283 196  87 398
   159 176]
  [  0 172 189 400 178  29 104 290  37 390   1 303   5 216 267  67 238
   308 289 332 105 221 132 302  19 166 183 200 125 129 122 394 155   0
    12  73 109 317 173  74 316  82 382 125 271 353 317 170 243  95 319
     5 310  71 223 123 211 142 276 290 365 209 292  89 336 234 389 383
   175 339 362 363 220 158 348 141  60  16 203 178 215 122  64 111 332
    87 295 301 142 275 305 105  72 300 150 343 109 401 342 325 126  35
   305 158 126   1 248 268 352  47 349  10 160 113  82 184  39 233 186
   141 124]
  [  0   8 101 292 351 354  70 321 287 275 256  13 243 158 394 160   2
   136 394  19 224  92   9  60 100 366 388 285 262   5 161 316  65  72
     0 350 351 215 153  97 314 258 239 261 248 153 252 185 183 113  99
   402 271 330  32 118 299 297 268 399 303 142 127  24 383 254  32  89
   268   4  73 364  51  81 143  11 181 320   1  56 350 287 135 132 293
    34 359 347 188 290 252  72 262  78 105 400 268  68  79 367 132  79
   152 173  96  94 117 181 175   9 366  77 361 286  90 104 145 163 372
   191 162]
  [  0 121 235 365 188  84 175 149 173 350 305 142  19 291 218 385  24
   362  35 214 116 218 228 359 159 127 294 400 174 106  92   1  77 232
    62   0 102  86  12  92 341 128 136 311   3 124 351  92 308 122 178
    42 396  12 387 149 119 180 213 295 374 205 331 253  11  24 286 202
   134 272  53 280 229 183 357  73 135  75  54  97 379 307 185 264  95
   299   7  35 150 171 188 318 272  28 231 220  21  66 195 192 264 294
   266 376 130 302  71  21 142 349 241 229 298 293 122 158 372 260 397
   325 345]
  [  0 212 188 260 402   5 126 297 318  42 213  50 373 300 185 356 270
   181 344 248 215 142 126 114 333 179 126 248 357 324  19 188  56 132
   294  25   0   8 102 352 269  11 120 310  37 117 318 126  69  26 214
   129 218 112 366 362 252 110 110 257 289  73 401 348 348 256  89 371
     3 197  98 194  96 248 174 227 215 377 307  99 132 218  33 195 364
   223 121 402 298 201 122 320 357   1 105 351  51 269 151 197 299  24
   144 108 201 364 160 228 315 101 347 100 274 298 339  54 217 345  29
     2 239]
  [  0 220 242 308  24 248 134 369  27  21  18 251 180 133   7 400 401
   385 301  78  72 113  55 309 283 109 138  57 142 231  17  86 257   3
   210  12 399   0 223 105 150 275 294 282 206 131 118 117  53 200 143
     4 291 281 399  18 308 295 381  39  88 376   2 385 171 215 269 271
   369 248   8 158 254 317 300  79  61 378  41 165 104  23 384 228  66
    70 323 106   4  74 196  38 255 116  54 256 151 195 198   1 331 323
   294 388  36  31 258  72  76 154 121  40 348 226 197 340 140 101 186
   225   7]
  [  0  78  18 103 163 139  36 323 291 314 323 324 236 275 122 397  64
   103 213 319 100 148 129 154  76   6  14  78 376 340 122 147 255 389
    83 334 193 230   0 135 365 204  22 359 130  62  72 120 161 158 249
   323 180 134  88   5 339 134  93 186 128 222   1  72 173 304 171 348
   269 235 140 345 306 104 388  10 280 264 248 248 263  97 226  16 396
    95  90 353 204 139 360 230 251 118 194  68 357 376 401 320 342 355
   161 109 274   2  59 368 314 320 300 379 222 396 156  68 299 234 209
   287 204]
  [  0 252 271 370 217  68 270 235 181 331 201  20 140 145 288 203 271
   216 256  16 301  37 251 275  47 127 317 304  13  89 275 349  25 289
   281 118  15 121 389   0 299 212 138  29 224  69 370  39 107 241 241
    10 379 388  36 355 362 380  12 358 324 348 283 369 155  79  16 260
   170  50 351 237 153 171 280 318  46 250 191 342 270 167 242 332 397
    67 197 211 316 271 173   9   6 322 190 250 151  41 346 365  36  40
   177 200 367 369  23 174 376   3 297 161 361 174 177  61 365 308 320
   253  37]
  [  0 373 284  32 324  64 174 184 230 147 393 247 293 170 344 292 113
   217 276 183 307  14 395  50 255 160 368  21  12 302 372 212  90 297
   357 220   1 393  53  26   0 137 142 384 311  48 132 328 334 141 128
   331 113 173 145 317 169 208 393 176 286   6 187  15 395  53 253 123
    43 258 217  59 369 259  22 152 177  55  25  20 381 295 139 195 236
   355 384 291  89  79 186 254 112 260 244   6 230  10 215 184 172 268
   211 249 208 185  83  97  89 200 117 378  27 102 396 328 308 204 202
   167  62]
  [  0 265 266 211 184 251 198 353 207 323 204 213 253  63 209 361 179
   127  54 266 264 389  96 193 144 345  16 269  17   6 200  86 380 399
   115 317  29  37 383 299 257   0 251 328 177 316  40 254 227 363 117
   350 259 170 152  42   0  60 235 392 279  90 120 389  67  90 106 219
   215  30 122 399  66  85   8 140 303 100 210 260 382 363 346 288 346
   383 390  92 144 185 338  13 150 105 314 269  73 256 257  46 129 371
    10 286 192  46  23 342 364 256 205 256 348 231 318 368  56 310  54
   232  81]
  [  0 161 178 104 259 146  83 242 231 340 366  11 298 342 389  94 295
   168 267 214  43 373  14 253  31 126  48  36 316 122 375 106  32 174
   240  92 167  13 119 398 117  64   0  75 304 371 206  80  30 153 295
    84 245 324 198 197  36 121 400 146 192  10 316 249  74  83 168 329
   288 123 119  22  51 197  79 110  71 172 198 181 179 277 233 278  13
   121  50  81 100 135 393 188 392 132 143  43 306  76 222 219 119 360
    17 121  77 225 114  65 283 349   7 354 312 205 236 375 375  10 340
   294 335]
  [  0 340 216 210 258 133 124  62 195 194 123 103 111  75 364  50 195
    94 375 124 256 345 133 207  99 358 395 302 311 293 123  57 388 319
   379 220 339 181 285 227  21 240 166   0  88 354 324 106 299  25 282
   194 179 192 147 106 109 176 276 223 115  60 201 234 133 379  54 371
    25 286 306  29 376 389   8 116 244 126 392  45 248 256 118  91 138
    46 346 374  49  26 130 367 278 113 348 335 297  79  36 185 124  49
   247 378  57  99 294 375 299 295  59  50 192 209 303 322 309  33 194
   223 275]
  [  0 324 178 371 327 197   2  61 187 382 178 171 104 335 387 134  79
    21 127 137 342  83 147 215 300 205 170  55 134  59  16 235 191 397
   385 377  58 220 370   1 156 183 163  89   0 331 375 102 299 382  56
   153  15 164 254 166 359 151 195 376 297 396 126 193 375 338 198 109
    98 198  10  17 336 277 130 154 289  28  83 170 212 109 157 207  35
    56 137 153 165 272 289 188 138 210  35  75 129 123 146  77 387 175
   232  66  67 234 330  61 368  70 219 397  97 264  29 392  49  92 369
    66 297]
  [  0 172 372  87 240 349  28 317 210 168 359 251 237   5 327 401 359
   386 113 180  29 112 342 259  34 393 310 333 367 376  50  55 309 351
    78 358 114  91   3 254 355 214  43 140 384   0 303  43 328 309 135
   391  33 112 271  18 355 132  29 192  30  84 264 270  14  51 132 197
   127 218  96 310 308  46 228 336 241 214 288 148 133 130 106   4 241
    95 279 282 241  17 229  94 129 210 190 237 333 261 287 267  80 222
    24 377  63 395  16 353 277  29 402 173 313 104 248  49 256 121 116
   320 139]
  [  0  11 258  66  26 105 110  59 375  13  64  62 304 313 131 263 117
   288 143  39 398  57  11 215  13  68 328  66 191  90 313 339  95 314
   286 268  90 211 334  59 361 125 362 344  16  89   0  36 223 151  37
   362 120 211  32 318 301 308 153 294 121 161 125 374 398 397 367 366
    11 383 395 397 173  50 398  20  86 318  56  35 343  81   6 378 388
    38 196 294 139 152 287 218 402 158  68 384 124 203 334  10 147  60
   310 125 214 385   6  82 399 370  96 309 347  36 331 346  75  78 349
   232 350]
  [  0 375 270  84 258  57 164  38 288 285 287 230 267 206  34  40 128
   191 117  70 171 332  55 368 394 332 231 387 123 297 205 350 347 131
   264 319 294 346 293 316 356 145 276 370 196 286  43   0 332 128 264
   295 280  42 360 366 141  22 164 112 263 191 310 297 389 294 339  73
   204 312 113 350 305   1 216  84 364  69 328 381 279 377  93 169 256
   136  93  58 127 321 111 295  74 328 250 372 165 321 270 377  43 129
   237 326 349   2 273 171 352 369 293  13 176 240  59  41 395 358 250
   400  24]
  [  0 105 184 230 363 359 296  73   7 269 150  10 141 219  86 313 319
   267 275  34 141 104 331  57 223 272 308  81  78 283 393 375  42  13
    60 361 248 152 364  98 190  60   5  35 103 232 298  38   0  23  99
   341 304  44 269 253  81 282 292 377 379 123 217 190 150 299 291  15
    88 224 400 290 335 196   6 349 359 161 328 287 301  34 208 179  97
    96  64 295 186 208 394  64  95 261 396 380 262 132 170  17  12  40
   353  38 396 380 379  34  16 146 302 265 308 187 269  60  95  86 353
   250 165]
  [  0 233   9  12 283  89 394 297   1 187 376 202 294 119 172 131  15
   110  37 308 348  19 380 286 311 196  28 342 342 304 136 255 204 191
   233 284 401 122  36 242 260 320   1  97 315 352 313  32 141   0 313
   398 341  14 351 380 236 361 127 263 155 153 224  54 161   6 188 330
   344  89 364 112 195 117 219  87  75 152 238 158 207 380 174 342 214
   232 220 317 222 165 180 315  35 214 166  96  23  75 141 304 370 375
   191 159 385 352 268 114 379 259 105 150  81 254 142  66 124 101  93
   183 153]
  [  0 156 375 177 338 229 188 254 201 341  33  43 392 160  48 104 336
   358 216 157  28 353  80 332  32 161 386 341   6 177 108  87 201 335
    77  97 257 110 303 401 247 199 313 372 120  96 176 283 210  22   0
   272  20 113 237 172 294 209 242  58 279 116  97 319 298 204 314 195
    94 142 103 286 184 231 233 193 201 395 255 298 187 128 173 182 124
   306 156 353 207 280 112 198  87 395 285  14  31 296  93  12 167 209
   104 355 148 213  56  88  13 231 364 300  50  70 114  27 318  16 202
   182 232]
  [  0 390   8 246 135 315  73 321 252 100 384 217  93  61 313 299  95
   151 225 151  11 225 123 395 246 345 319 329 337  69 374 100  67 220
   176 126  39  24   6  69 333 374  73  62 268 302  65 207 300 219 227
     0 230 120  75 385 339 224 383 391 232 398  84 135 135 325 110   2
     2  56 344   3  27 139 283 258 141 149 156 294 188  13 138 210  46
    38 178 361 216 178 303 204 351 161  85 296 238 119  28  48 165  41
   277 136 276  82 118 101 376  16 235 103 199 387  52 225  92 287 110
   322 344]
  [  0 253  26 331  55 364 164  23 327 259   0 354 225 171 327  91 158
    70  65 212  60 215 319 374 260  38 233 303 394 238 402  14 349  60
   167 236 262  77 114 194  25 182 325 141  95 217 238 212 122 373  11
   177   0 385 250  35  73 300 236 292 321 145 151   5 237 186 315 175
     0   5 135 399  19 386 178 339 259 197 134 369 382  48 298  32 128
    53 277 240 244 193  17 233 386 105 102 366 271 283  33 271 229 283
   340 173 275  43  41 225 341 308 290 253 334 327 252 342  66 383 317
   281 218]
  [  0 345  54  75 385 394 154  58 394 274 347  95 225  63 334 273  83
    10 152  19 367 158 142   7 299 242 263  35 175   6 273 336 337 230
   288 125 364 267 219 321 207  15 138 146 190 143 102 134 316 282 216
   172 383   0 362 215 168 366 290 320 286 282 241 166  86 307 249 149
   368 285 334 235 318 202 137 106 168 291 248  21 236 177 269 157  54
   276  17 232 293 380 134 249 182 208  80 365  72 313 267 329  57 232
   251 265 202 108 177 102  58  65 397  45  89 345 302 225  81  67 197
   187 124]
  [  0 391  87 268 351  70 206  25 127  44 316  84 198 348 292 128  24
   206  10 310 174 181 187 196 344 204 318 167 157 316 364 282 288 269
   216  29 180  90  33 215  22   0 180 108 397 133 128 242 371 312 264
   304 380 178   0 188  74 174 118  54  37  53 236  65 190 171 294 162
    25  59  81 366 131 124 375 248  67 260 155 287 173 364 387   0  59
    83 149  39 135 315 400  91 185 317 152 232 391  86 158 316  92 246
    46 309 132  57 340  70 349 366 378 275 247 390 373 328 188 127 353
   314 140]
  [  0  57 249 330 259  81 134 299  77 100 397 125 255 337 202 250   7
   188 155 182  98 183 236 271 142 119 168 373  52  62 107 258 226  71
   293 177  66 114  26 226 370 320 143 158 368 221 232 305  70 120 295
   254 312 223 208   0 161 301  36 224 302 353 359 291 334 304  10  44
   139 300 135 365  83 152 156 387 118 238   8  96 165 154 145 214 262
   286 276 303  71 367 181 271 376  59   0 348 398 143 392 326 110 318
     6 284 260 189 301 353 185 255 322  67  39 321 351 182 230  28  88
    28 398]
  [  0 218 277  62 316 265 329 214   7 195  92  75  39 153 172 273 398
    85 165 185 298  80  15 293  35 181 232 165  48 377 134 330 185 325
   317   6 351 278  75 183 285 140 315 225  94 122 334 300  78 105 222
   130 234 120 268 388   0 324 398 243 395  94 302 397 313 219 166  81
    47 185  54 138 323  33 327 280 298 368  80 113  88   7 188 145 144
   389 333 163 135 310 235 235 247 188 149 147 346 177 164  62  31  75
   391 229 292 388  17 138 331 236  40  25  43 325 313 274  19  85 219
   235  92]
  [  0  89 179  77  13 342  16 106 180 274 187 390  26 294 218  13 102
   163 371 116 366  72 120  33  89 229 297 203 202 109 206 351 173 325
   246 116 326 112  79 375  65  43 343 176 177 388 265 287 351  66 323
   268 389 205  46 272 371   0 339 208 344  23 178  79 287 292 345 182
   123  65 357 181 380 242 250 189  28  34 367 123 199  51 129 339 280
   253 282  87 257 341 116 321 291   8 382  46 359 364 305 210 211 265
   202  27  39 223 100  72 326 110  33 223  71 105 258 181 175 274 215
   185 390]
  [  0 313 352 150 373 248 302  89 128 163  40  12 119 168   6 360 247
   387 388  57 186 265   1 178 249  89 199 330 190  84 280 312 111 317
   346  48 292  93 247 161   9 299  43 218 398 152  62 116  62  41 376
   266 305 201 334  15 337 326   0 322 100 343  43 140  86 174 363  96
   239 135  37 333 197 367  68  35 132  59 246 190  69 232 173 196 196
    65 172 335  74  87  88 221 319 297 331 123 185 108 341  39  96  78
   133 110 148 281 220  64  61 248 202  83  26 245  82 208  79 214  22
   207 298]
  [  0 218  12  68 375 344 273 346 172   4  98 192 267 387 161 115 141
   350 240 246 372  35 294 329 317 342 167 136 122 132 391 382 381 230
   258 375 198 315  89 204 258 286 184 400  69  36 145 294  88 153   0
    73 127   4 294 338  84  14 339   0  47 242 264 275 316 292 237 136
   237  71 191  72 336  67 203  88 377  83 178 334  50 211  87  62  47
   302 339  79 230 271   7  71 282 384 116 172 181 358 127 189 159 373
    40   7 335  10 182 142  74 313 269   8  37 150 124  67   9 210 259
    25  96]
  [  0 319 204  99 398  52  70  30 139 195 396  90 153 192 106 150 230
    20 240 220 397  32 329 128 281 229 374  49 113  67 355 178  13 311
   401 402 174 102 278 242 402  36 189 337  14 269 295  45 337 269 314
   312 244 191 101 113 162 172 261 177   0 226 230 320 132 101 212  26
   319   7 276 161  61 375 200 131  22 335 289 234 294 139 151 268 398
    37 398   2 133 195 289 358 382 334 237  73 193 378 312 213 119 373
   317 229 211 203 359 233 186  77 195 340  72 185 302 369  64 226  62
   210  92]
  [  0 242 281 373 331 111 293 133 306 316 368 147  48 122  89  31 112
   332 292 160 104 335  92 192 298 255 138  41 342 263  88 336  24  86
    95 174 402 239 137 227  13 317   5 157 281 274 203 176 303 401 123
   110 351 137 261 235  72 100 249 223 396   0 109 145 375  10  50 332
   232 111 101 303 361 264 245 295  11 273 269 123 377 291 146 144 375
   312 244 383 295 166  11 353 401 364  47   9 172 327 162 248 217 344
   278  14 313 318   1 278 125  25 294 174  46 187 347 271 344 336 233
   341 309]
  [  0 185 384 169 313 108 148 338  30  38 305  73 274 103 303   3 294
    45 251 328 250  97 188 122 351 262 158 174 188 381   0 196 340 379
   356  11 122 102 321 332 224 360 107 158 283  54 130  62 230  84   4
    90 179 336  78  66 377 300 149 185  98 166   0 263 251 245  16 303
   120 257 239 235 109 134  49 322 205  91  14 248 357   8 346 112 254
    39 228 362  19 128  80 353 212 368 172 310 157 356  83 252  50 131
    63 147 302 304 281 331 357 333  63 389 261  36 188 357 301 129 276
   207   5]
  [  0 206 382 122 399 211 274 365 261 324 140 329 373 249 144 151 198
    89 325 254 271  28  80 309  15 114 371 142 112 370 211  83 396 114
   325 287  49 156 186 277 352  75  55 100 101 116 302 159   0 316  41
   303 358 201  99 213   9 331  13 221 392  83 115   0  43 288 370 236
   311 228 168 156   2  15 104 276 156 258 202  18 338 395 337 356 244
   307  79 327 243 340   6 322 267 337  11 135 143 397 248 299 102 177
   240 301  69 159 278 126 179 268 146 220 212  74 237 122 401  37 151
   300  16]
  [  0  11  70  82 313  88 380 243  35 261   4 300 257 208 129 122 349
   126 169 324  56 378 258  44 318 339 132 326 348  43  76 268 187 380
   200 155  37 310  62 169 244 159 204  76 160 266 297 237 377 244 111
    44 351 334 185 245 195 150 280 182 206 278  48 199   0 198 300 402
    23 402 259 149 287  73 386 346 201 325  56 191 145 183 216 283 326
   389  58 183 127 341  14  78 141 401 341 368  82  52  88 103  78  99
    30  58  60 320 295 312 344  67 284 225 105 162 243  28 113 237 220
    17 119]
  [  0 218  20 123 340 206 364 196  67 307 235 183 185 116 393  39  90
   188 248 194 270 320  35  91 291 353  24 284  81 156 237  69  12 116
    70  45 253   1 168 342 362 215  36 265  81 348 284 397 367  49 334
   142 345 140 300 273 236 286  14 320 123  57 318 152 142   0 136 194
    58 396 300 118 207 178 347 335 311 353 192 364 349 331  23  52 109
   199  88 381 261 303 332 250 390  13 324  47 350 287  31 149  93  36
   260 398 200 114 230  13 267 197 211 127   0 215 377 210  24 299  96
   331 316]
  [  0 318 229  11  82  76 177  38  42 298 348 333 233  36  66 340 106
   179 214  70 194 375 238 129  61 214 189 387  95 304 351 254 111 386
   338 118 234 134 354 149 264  56 326 181  33 162  53 233  83 198 259
   233 394  17 260 340  36  44 330  52 306 121 359 364 215 250   0 306
    40 139  78  10 100  65  39 344 147 122  12 130  28 165  88 229   0
     8 263 357 192  18  22 119 291 175  93 310 392 189 145 333 190  58
   363 337 155  53 358 344 359 240 388  84 115 268 305 359 376 213 372
   145 317]
  [  0 130 238 329 117 303 155 291  48 294 267 155 107 197 348 367 137
    60 273 315 393 228 233  79  15 216 233  64 389 150  44 385 345 114
   134 297 180 130 343 345 343 387 298 123 367 353  25 394 163 378  82
    68 206 202  44   3   2  68 115  89 328 246  76 369  12 280 293   0
   369  60 315 338  44 354 316 362 301 259 316   5 272 184 215 211 279
   334  29 241   8  94  14 196 304 127  31  70 363 321  17   7 310 235
   384 187 157 279 360 325 261 374  78 173 259 331 262 131 201 380  12
   261  62]
  [  0  12  63 398 277 160 120 293 395 385 115 142 162 259 300 147 216
   388  25 115  91 399 233 103 340  95 371  94 380  40  95 324 189 240
   265 167 150 165 196 208 224 198 269 230  51 157  84 116 339   4 350
     8 140 350 249 341  57  24 194 356 299 176 398  63 322 350 145  80
     0  81 258 396   0 262 169 335 358 362 282 122 279  66 121   4  98
   102  88  88 134 183 195 149 231  41  28 302 254 167 253 312 117 106
   104 372  22 103 388 188 340 276 213 215 240 222  89 322 150 123 194
   303  42]
  [  0 222  59 286 239 270 170 268 102 397  71  14 171  73  56 152 160
   344 109  66 351  67  95 177 193 207 396 369 103 105  50 198  61 121
   115 390  93 312  84 302  15  52 238 195  16  56  45 226 122 131 308
   271 144 227 372   6 211 271 111 387 307 401 199 262  17 290  84 363
   230   0 155  43 378 295 256 235  39   9 194 285  27 169 321  68 335
    26 150 169  90 348 116 136  68 399  94  47 172  73 204  35 224 319
   297 334 129 374  36 256 329 386 397 100 239 222  84 309 169   9 268
   252 281]
  [  0 193  19 337  14 162 129  30 353  34 364 320   3 325 202 329 243
    79 249 146 149 328 112  32 272 150 212  22 365 209  70 171 339 165
   202 146  15 305 255  71 360 220 251 248 196  54 108 391 221 256 330
   175 302  84 268 162  53 113 301 146 158 163 138 203 341 256  11 173
    75 248   0 222 285 291  28 310  41  65 198  32 362   1 254 270  39
    25 359  26 304 286 252 285 124 280 285  52 121 295  84 123 272 185
   260 356 306 245 319 286 370 387 255 100 186 379 125 230  88 219  69
   247 314]
  [  0 326  48 213 381  61 383 329 390 207 294 357 367   0 382 194 150
   154  87  31 176 180  41  19 342 343 344 106 398 180 160 283 165 398
    99  57  95 362 373 238 320   7  59 315  10  82 225 367 282 390 271
   163  58 170 203 259 119 375 259 201 377  52 101 230 386 384  37 373
   328 172 200   0   8  36 111 379 224 302 305 111 346 328 306 358 123
    11 251 130 329 106 336 224 186 157 130 198 305  92 287 301 124 307
   248 299 259 216 208 396 109 228 226 212 200 372 308  32 340 402  51
   320 389]
  [  0  90 172 210 331 398 141 193 349  92 125 241 152  16 399 335  94
   122 331  82 190 251 353 346 307 294 160  20  89 313  90 129 317  44
   265 260 358 209  85 212  70 402  62  23 225 119  60  88 116 402 155
    87 376 365 394   6  29 116 398  51 355 177 181 206 295 376  37 390
   339 119 277 185   0 346 267 365  39 199 101 295   1 175 227  97 237
   244  88 225 178   2  53 229  17  77 299 251  69 297 287 301   5  51
   232 173 313 137 390  15 142  12 304  87 331  25 297 281 207 304  37
    45 402]
  [  0 137  77 223  55 130 346  16 314 251 196 198  38 393  40 292 214
   111 239  37 210 316 248 162 270 227  37  72 128 162 256 397 137 159
    18 240  62 309   8  17 168 108 337 260 283 268 312 150 153  37 133
   254 351 336  24 280 341 302 192  16 271  15  74 187 384 111 374  70
   103  87  99 244 167   0 365 259  57 143 185 361 302 343  22  33  34
    81  91  16 269 400  28 113 212 234 374 198 385 340 211 393 401 214
   398 104 193 128 212   9  52 101 195  18  31 219 384 241   6 122  18
    52  83]
  [  0 347  72 263 247 213 345 181   7 198 191  23 132 313 193 326 184
   105 223 220  91 199 228 353 258  29 206 325 346 309  50 223 216  56
   284 235 332  90  48 345 204 103  57 199 197 205 277 346 108 146 326
   402  43 115  85 286  37 226 181 359 110 325  30 390 386 112 130 248
    44 235 348 221 300  76   0 232  19  40 205 257 341  83   5 307 215
    16 183 250 160 401 346 345 111  77  13 118 334 262  62 178 141 362
   306  90 164 113  81  72  53 152   6  17 307 131 336 348  21 126 296
   402 360]
  [  0 265 372 268  56 169   0 338 188  61 104 135 253 344  34 367  12
   300 137 347 155 381  17 299  33  52  41  84 128 141  77 235 335 133
   178 101 258 207  63 260 272 362 209  74 195 121 248 389 169 159 192
   226 109  91 173   2 385 349 371 374 366   2 138 209 208 236 206  38
    19  45 398 190  80  45 235   0 170 287 288 111 325 161  76 255 268
   389  46 152 125 259  14 355 201  52 241  49  51 344 391 339 120 182
   111 182 263 251 386  51  79 252  65 232 316 251  36 181 249   5 139
   391  65]
  [  0 236  27 376 100 104  27 342  20 100 232 260 261  67 208 384 197
   382 285  72  72   5 162 274 385 245 245 157 268 113 155 167 352 230
   342 113 166   0 201 307 101 229  85 198 229  21 328  13 163 351 272
   295 374 360 217  90  93  99 181 201 108 122 369  85 338   2 359 210
   237 205  65 190  54 354 252 395   0  17 319 365 270 376 103  88 312
   308 262 357 290 355  16  74  91 296 289 183 256  46 333 223 153 227
    99  26  61 342 101 317 212 303 198 199 216 377 328  16 312 236 112
   381 126]
  [  0 217 353 127  69 392  14 333 302 110 294  31 135  47 264 375   4
   239 392  63 145  30 204  14 282 203  11 264 125 351 214 234 228  43
   318 365 251  47  29 263   6 386 351  61 117 221 170 204 204 201  22
   118 363 392 182  54 327  24 398 316 225 138 101 342 189  36 356 115
   277 265 324 191 126  78 108 154 259   0 134 179  78 136 351 138  68
   291 379 134  54 214 349 204  80  25 368 272 140 185   3 200  34 392
   117 221 189 394 104 287 158 197 194 213  17 378 200 244  19  24 331
   317 173]
  [  0 383 230 151  62 193 227 158 302 248 104 323 143 199   9  27  69
   359 103 370 346 234 365 235 367 267  18  74  78 201 225 248 304  93
   112 252  93 104  90 313 241 212 302 312 115 280  11 214 110 233 369
   218   5 354  57 323 241 122 204 146 172 259 256 230 255 157 226 204
   267 324 302 297 271 250  43 179 398 348   0 149   3  86  54 143 226
   230 259 399  64  44  86 243  23 344 118  18 110 358 155  52 228  94
   332 154 157 254  38 214 149 185 340 281 353 386 287 216  72 340 285
   302  40]
  [  0 200 314 224 151 259  23 174   5 123  71 340 281 168  67 384 284
   214  43 401 166  16 190  42  89 188 164 138 108 201 184  77  13 369
   231 175 250 169 314  59 219   0 324  82 284 356 247 207  87 191 330
   191 125 325 306  25 142 177   2 386 122 195 386  40  20 364 231 277
   400 184  66 288 237 254 139   3 398 399 182   0 216 334 107  41 203
   369  64  36 206  27 183 259  89 342 345  72 337 277 238 290 180 149
   208 127 332 125 277 208 348  11  14  82 361 159 310 183 118 169 119
   372 389]
  [  0 373  29 161  32 187 390 352 142 222 355  14 309 170 157 151  25
   315  45 290   7  89  13 221 382 321  47 338 357 371 145 100 284 180
   111  84 383   8 301 145 266 101 306 398 126 116  58 384 231 399  36
   257 255 135 326   3 319 291 216 319 109 122 224 152 197 106  83  41
    69  44 345 116 195  74 113 147 114 398 361 216   0 120 234 339  13
   101  32 167 294 388 120 160 256  66  90 316 112  45 127  65 334 321
   370   3  80  18 166 179 312 283  84  92  77 245 194 317 386 308 280
    17 322]
  [  0 312 230 241 116  73 299 279 235 312  23  49 103 381 108  18   5
    52  49 220 353 379 111 344 170 158 377 252  14  69 179 130 402  22
   241 234 386 366  44 199 108  21 276  22 169 163 163 364 122 385 311
    60 250 228 197  84 145 391  19 131 303 328  26  60  34 376 136 184
   204  88 247 108 141  45 248 317 188 194 163 304 176   0 180 140 135
    21 241 334 151 151 213 181 214 247 158 203 154 356   5 362 283  84
    92 229 283 226 224 304 128  47 128 303 163 180 265 303 117 125 240
   313 185]
  [  0 110 334 357 124   1  63 294 127 193 278  68  12 374  96 210 123
    94 160  34 323 303 115 317 365 105 100 195  46 335 315  38  78  18
    62 312 206 152 135 391 149 231 365 159 290  55 114  36  19  29  74
   370  65 245 133  79 394  47  86  76 305 388  20  48 275 165 158 258
   341 326  88 254 328  68  90 122 147 181 261  40 389 398   0   5 290
    28 325  56 294 343 374  28  54 360 363 192  67 114 250 171 288 132
    64   1 256 236 209 222  54 259 304  29 352 180  33  68  81  72 353
    27 233]
  [  0 348 387 359 347 304 345  29  94 223 149 361 229  50 375 373 180
   349  53 111  14 207  17 387 207 286   6  87  96 362 238 269 241 160
   242 130 213 290 221 296 200 205 162 303 346 379  32  64 354 156 266
   296  78 112 321 207 228 318  99 116 321 112 276 370  53 314 398 276
    70  55 165 132 295 338 180 150  34 114 322  93   6 331 364   0 312
   332  47 353 110 243 365  90 334 361 263 246 402 402  78 202 148 170
   346 277 186 232  11 110 337 158 382 355 274 245 241  88  46 285 288
   138 306]
  [  0  79 247  71 325  73 383 229 178   2 206 222  43 179 245 306 398
    29 101 378 318 150 386  32 391 390 211 142  92 181 399 165 285 195
   193 121 230   3  40  89 197 325 272 227  90 245 247 211 114 309 169
   392 124 129 341 300 191  10 185 104 113 368 262 351 148  52 270 273
   349  15  72 142  55 253  10  59 235 223 268 363 279 158 242  84   0
   208 123 125  59 231  99  53 108 374 275 238 161  81 298 187  41   0
   163  30 292 241 123 171 281  55   2 194 278 103 202 133 169 371 319
    21 344]
  [  0  47  13 401   8 337  77 185 164 105 315 240  41 142 289  14 318
   297 263 341 300  34 326 112  45 161 385  82  68 339 292  91 388 251
   199  74 244 109 142 329  59 178  84  14 231  87 143 399  67  91 155
    50  59 316 120  25 256 168 263 223  14  80  19  10 219 341 271 245
   151 336  99  98  70 209 353 144 218  67 179 102 282  58 107 283 286
     0 143 186 164 282  95 320 233 201  88  92 219 219 322  36 143 270
   151 291  91 368 308  66  25  48 334 381 169 360 132  67 318 277 138
   208 329]
  [  0  86 264 108   8 131  20 357 197 391  88 246 271 135 211 114 248
   306 108 370 129 184 230 159 401 279 315 122 238  62 165 399 249 104
    57 298 345 238   5 152 328 214 297 338  39 219 396 194 159 326 310
   317 201  86 171 315 401  86 399 255 389 237 199 178 101  43  25 254
   381 374 148 201 360 162 273  54 301 356 216  86 279 134 260 347 103
   267   0 128 181 129  22  36 102 270 325 175  62  18  29  14 151 165
   196 290 302 206 298 288 293 344  99 383 356 134 299 226 180 166 221
     6 275]
  [  0 365 341 330  70 155 353 351 306 230 128   8 251  15 105  49 301
   165  43 400  39 192 102  60   1 369 350 204  48  59 313  55 125 389
   211 173 343 142  19 110 238 129   3 378 125 381 217  34 367 243  15
    16 177 108 339 334  46 251 295 342  75  63 115  25 224 121  17 162
   184  79 118 125 145  72   7 348 378 309 195 381 241  21 217 360  92
    33 283   0  91  98 312 318 140 237 105 201 250 153  90 151 385 274
    35 259 239 205 215 193  53 138 371  86 326 127 103  63 163 357 174
   116 379]
  [  0 291  31  15 183 183 313 304  31  36  29 337 282 329 331 396 257
   110 234 308 162 296 259 311 308 109 384 389 163  56 321 352 315 136
    55 392 379 280  96  82 392 213 135  31 168 125 179 240 386  18 123
   213 210 274  85 129 369 335  90 326  63 179 293 246  52 343 171 125
    34 223 199 359  89 296 162 371   3   2 123 184   9 146  49 368   2
   123 320 380   0  97 112 265  98 201 137 149 238  38  84 345  22 148
   305 248 219 195 157 211 288 179 277 194 275   4  47 149  48 391  48
   138 340]
  [  0 304  49  19 309 399 333  24  50  25  63  78 380 110 213 254   3
    87  92  46  87 375 361 128 230  51 281 397 111 158 229 191 181 168
    97 382  74 315  87 258  45 158   4  30  43  91  96 194 167 383 307
   128 286 150   9 312 399  79 345 243 218 364 293  96 269 116 132  38
   374  31 132 112  48 276 255  65 225 315  30 240 293 136 233 142 275
   249 270  19 106   0 115 132  14 269 295 337 296 233   2  12 305 344
    61  46 120 112 205 323 166 325 383 140 263 203 398 262 295  28 129
   155   3]
  [  0 329 344 145  94 178  34 222  63 295  30 132 157 193  74 299 290
   378 107 380 337 261 102 247   0 327   2 258 360  41  98 255 295 325
    96 299 177  10 132 246 129 369 268  87 230 350   2 122 255 235 180
   387  72 402 344 145  12 305 199 299 375   6 188 280 152 267 188  11
   361 224 227 206 235 157 184 165 242  95 233 139 232 332  65 327  37
    58 326  76 263 202   0 200 344 300 173 316  45  22 165 206 389 110
   374 402  86  97 274 166 135 244  21 185 292 197 138 385 308 116 392
   171 212]
  [  0 337  83 131  55  20 118  25 273 101 335 349 275 231 273 173 361
   172 286 273 266 170  68 392 214  66 233 169  84 102 136 201 214 247
    83  21 192  98 220  95 169 222 190  88  90  89 275 367 268 261  91
   147 105 238  71 362 261 187 384 109  12 254 219 128 233  82 167 288
   347 192 199 102 135 231 238 113 269 301 197 376 108  60 394 180 260
   175 254 250 210 175 298   0  36 219 134 107 267 373 301 322 173 196
   387 278 183 101  96  17 224 211 351 268 297  58 132 185 227 270   2
    16 371]
  [  0 304  83 262  77  45  81 129  67  14  77 295 331 122 332 361 259
   205 359 393 200 283  45 129 203 199 243 304  57  16 233 186 136 182
   247 268 313 165 336  15 389 352 225 286 132  15 207 375 358 319 297
   306 188 327 354  11 102 203 294 166 275  14  87 264  78   3  58  12
   207 263 243 300 216 358 370  90 217 330 124  30 105 269 249 155 353
   355 400  55 210 177  10 298   0  82 386  26 138 304 295 305 290 129
     2  68 230 331 374 214 130 102 186   0 280 164 241 319 282 231  97
   300 146]
  [  0 402 203 401 250 229 114 337 309 260 257 196 384 151 232 168 292
   365 303 343  19 111  68 300 304  47 248 195 160 101   3 399 115 283
   258  81 387 129 163 368  99 356 128 379  16  25 258 327 188 221  79
    75  11  90 392 225 127 316 222 222 220  36  12 197 106 347 341 230
   364 100 153 172 296 241 395   2 144 315 204 305 242   6 401  62  83
   204 111 153 176 284 197 337 142   0  96 216 370 226 150 319 343 206
    18 388  19 319 106 315  91 376 121 307 190 225 202  82  74 218 106
    99  80]
  [  0 383 335 248 274  71 192 138  86 220  98 120 387 357 253 102  93
   137 111  48 401 149 112 133 300 240 399  87 349 106  34 262 396 167
    67 190 311 370  60 268 361 226  29 240  65 185 359 150 397  18  69
   260  10 274  97 164 320 199  58 317 252 229 305 303 143 364 345 385
   173   3 139 200 280 112 363 370 271 241 311 207 352  14  90 224 230
    73 143  58 357 134 286 326 355 376   0 314 163  51 225  96 102 158
   197  19  17 114 296 115  71 105 309 309 370 273 179 380 225 113 259
   392 170]
  [  0  42 370  97 192  30  53 205 245  30  28 319  44 138 133  88  87
   130 179 261  45 145  66  99  34 312  90  46 292 196 373  29 352 215
   294  38 246 158 277  96 322 298  96 320 158  32 329 191 253 154 104
   168  73 167 105 371 324 255 222  23 222 206  49 100 251 238  43 360
    45 310 301 300 157   5 241 122 338  26 261 214  71 246 127   3 325
   331 271 247 107 320 184 174 271 214 252   0  23  81 199 352 142 307
   234 228 212 254 313 275 361 238 391 333 270  72 390 339 310 370  11
   187  19]
  [  0  18 222  92 293 387 210  30 249 135 228 320 107 158 328 258 272
    63 336 214 369 294 102 156 345 377 204 165 391 196 164 259   6 296
   290  59  32  25 281 360  83 107 175  98 378 220 153 387 215 352 296
   288 218 243 323   6 181 375  74  81 358 192  38 219 146 380 350  17
   367 385  84  16 234 312 226 345  12 179 266 385  66 210 281 164  89
   183  40 395  49 150 400 267 211 132  62 303   0 343 385 118 347 257
   290  81 304 334  25 141  52  49  78 307 320 169 311 131  59 369 367
   350 400]
  [  0 207 278 224   2  11 392 111 240 378 217 398 134 209 195 179 154
   363 248 372 371 366 364 196 341 360 209 393 401 207  85 135 240 150
   124 141  50 314 256 355 398 269 273  61  20  53 323  39 179 151 316
   327 204 364  20 190  45 153 394 125 189 293 168  66 191 105 155 210
   270 197 327 324 295   9 295 171  21  77 292 382  68 117 331 126 216
   343 352 379 240 227  45 394 226 274 359 200 107   0  59 103 112 210
   254  43 199  64 315  28 308 219 385  79 209 337 393 115 186 358 367
   378 129]
  [  0  57 288 338 357 154 157  98  88 254 205 242 171 401 387  90 267
   329 364 349  73 129 215  78  68 247 373 264 375  76  39 190 148 276
   377 286  15 283 125 101 312 278 280 199 321  87  57 119 393 308 364
   260 128  57 246 273 165 304 283 300 126 291 182  60 296  61 370  37
    30 306 267 118 248  80 330 157 319 121 229 371 274 137 344 122 144
    85 300 161  69  49  23 298 285 292 341 345  61  33   0 227  49 218
   343 307 276  78  28  16 392 117 249 265 221 125   6 311 133 305 118
    99 330]
  [  0  69   7  11 391  69  28   1 267 368 307 136 131 203 221  24 304
   221 237 149  18   9 364  91 284 401  50 129 175 164 130  62 233 395
   105 139 253 169  38 329   2 174  68 315 196 147  52 388 396 201 111
   368 357 220 354 192 143  98 290  26  46  14  91 270 392 234  72  16
   394 109 199  62 189  29 167 329 152  79 221 234  57 279 191 163 211
    73 367 338 392 355   2 362 207 200 204 126 182 288  72   0 302 276
   172 398 251  74 271  82  85 385  66 274 355  49 216 384 120 307 235
   174 332]
  [  0 169 145  48  58 134 324 338 401 367 173 180 373 229 340 250 202
   140 151 131   9 372 369 173 353 311 385 221 178 313 287 188 221 218
   107  41 182 345 152 234  68 274 376  61 158 173 188 144 353 266  28
   327  87  94 332 102  60 318 284  15  83  13 379  53 200  92 343 204
    15 114 357 148  99 284 250  47 368 197 322 183 166 168  71 198 284
   179   5 203 174  76  51  69 309 278  56 252 129 241 236 329   0 250
   323 168 265   8 276 161 178 184 222 255 299 181 181  95 128 300 210
   243 258]
  [  0  32  46 221 351 217 172  66 227 104 196  29  70 250 263 243 375
   130   5 380  72 164 365  65 254 191 345  22 181 179 394 383  72 271
   261 180 159 261 205   0 272 291 129 349 304 105 177  35 278  33 257
   105 157 321 243 236 256 386 302 265  22  69 260 241 156 220 168 220
   292 102 370 314 169  27 170  92  31 397  86  20 130  56 246 110  92
    58 297  56 167  54 117 138  15 353  42 236 108 193 136 283 347   0
   176  16 107 228  54 138 240 396 282 281 360 372 162  72 169 155 101
    79 117]
  [  0 140 229  42 184 165 203 121  56 381 141 246  58  56 147  16 313
   173  28 281 282 306 373 198 246  37  29  65 207 172 181 113 299 175
   279 355 393 148  37 186  15 139  97  39  14 262 332 206  92 365 324
    58  79 176 332 176 262 320 193  47  21 295 259 346 149  17 395 251
    14  75  42 324 380  92  99 192 234 223   8 172 365  81  44 289 274
   362 354 374 151 237 193 342 172 209 388 279  29 235  32 381 376 111
     0  43 353 196  76 128  57 248 331 109 164 267 169 203 209 204 251
   151 191]
  [  0  95 162 137 116 344 212 285 196  34  82 199 377 192 271 316 393
   188 365 254 337 154  34 367 193   9 142  31  26 322 386 283 362  82
   265  25  68 125  11 395 237  15 211 148 314  94 237 173 302 372  24
    62 170 398  22 300 396 292  52 349 289 368 141  91  70 309 256 175
   362 332 326  84 254 369  60  23 278 170 292 301  14 301  92 257 186
   347 381 100  85   9  62 202  18 281  77  22 180 242  70  22  63 268
   105   0 185 182 248 279 230 102  96 398 320  97 245 377 399  22 389
   183 309]
  [  0 205 291  19 399 272  11  79 234 107 185 357 230 282  43 183 274
   239 147 290  81 287 221  58 326 396 203 307 127 376 355 318 386 148
    23  32  89 256 323  67 106 268 196 226 231 323 228 302 331 287 332
   213  10   6 321 131 215 340 374 355 178 364  80  76 196 387 146 332
   384 361 263 191  52 363 354 334  94 402 214  38  13 295 214 183  78
   134 113  19 143 264 268  89 356 348 252  84 241  41 361 289 385 319
    31  24   0  46 122 227 240  50 157 333 121 123 200 179  89 233 193
   105 187]
  [  0 196 336 132 293 346 158 190 391  43  16 358 325 260 379 111 307
   236 196   1 306  40  42 109 155  34 264 264 376  73 376 354 401 184
   399 160  16 108 283 123  60  99  45 268  98 379 363 275 310  56  22
   246  81 150 395 127 132  64 373 294 216 244  76 223 360   4  56  90
   191 186  33  74  49  53 323 352  96   5 329 247 337 274 108 326 141
    88 228 360 348 237 264 309 173 215  25   7 352 126 309 110 239  67
   292 226   5   0 124 202   8 297 349 299  18 214 209 137  29 137 269
   324 313]
  [  0 173 324 198 297 347 312 196 115 164 304  32 128 124  98  27 243
   320 252 163 136 261 235 221 339  65 298 142 244  46 374 251 133 150
   302 206  71 278  57  53 393 267 234  38 170 271  69  91 348 334 305
    57 109 182 206 308 378 155 330 141 355 268 242 291 120 245 225 232
   218 205 356  18 357 392  22  87 298 336 133  53  29 396  11 218 125
   225 102 393  49 253 349 192   5 187 335 384 396 162 114 333 296 384
   335 327 153  20   0  17 190 284 160 206 253 132 338 149 248 324 297
   114 289]
  [  0 385 394  20 201 225 367 250 376 222 204 321 385 156 235  69  58
   402 105  84 249 347 172 322 186 139 226 237 148 174 402  74 339 224
   389  92 387 355 374 211 389 400 380 209 397  40 166 339  55  19  22
   144 166 231  36  81 240 345 129 264 313 118 165 142 386   0 276 375
   271 342 289 272  70 165  51 101  57 113 131   6  78  77  78  37 148
   211 103 334  34  75  64 108 367 356   7 198 211 212 336 235 376 189
   104 167 265   1 393   0 296  21 324  92 162  41  39 267 264 157 332
   105 355]
  [  0   6 264 199 201 367 371 288 373 374 402 321 228 319 325 361   9
    90  26 326  92 389 395 374 301 402 204  54 301  99  10 264 362  97
   339  55 367 236  58 202 305 194 185 199  18 261  75 180  45 340 167
    91 117 134 262 390 298 114 195 325 397  61 351  65  33 379 363 290
   168  34 305   8 261 192 366 298  18 389 211 193 323  70 383 197 357
    33  63  37 293 247 211 391 377 257 342 112  52 115  60 249 160  83
   156 312 315 304 379 167   0 363  44 171 384 387 153 347 190 364 386
   319 354]
  [  0  81 272 176 264 196  50  88  27  99 232 343  33 360 400 220 174
   178  57 117  89 131 392 339 238 104 232 265 300  14  21  45 157  69
   401  50 155 266 114   8 325  74  89 373 379  39  81 375 199  45 277
   163 170 284 198 283 154  33 210 380  33 373  11 397  40 339 144 165
   365 355 330 236 256 149 192 316 301 348 275  28 203 347 378   5 281
    47 283 240 146 394 163 392 202  73 314 195 223 180 298 276 106 152
   250 225 393 164 387 180 393   0 266 308 332  57 243  54 173 381 156
    12 256]
  [  0   9 382 315 186 368 339 150 343 255  62 159 322  78 124  49 284
   249 134 144 373 393 149 208 201 203 105  39  29 255  84 341 259 197
   267 190 108  60 155  46  87 210 126 145  85 216 311 197  98 116 155
    38 283  20 397 166 298 217 230  43  40 283 314 130 272 280 378 394
   134  71 255 323 215 178  34 252 398 159 295 377 264 190 120 157 311
   314 109  89 263   4 230 306 117 145 167 260 328 249 167 321 336 183
    11 251 203  32 138 196 192 144   0 154 280  40 211 145  53 386  24
   285  12]
  [  0 183 338 201 122 319 207 242 208 166 256 203 292 286 125  18   6
   234 214  84  13 164  21 216 221 169 327 250   9 166  59  30 123 286
   366  47 401 335  67 188  47 257  53  74  18 299  97 397 156 255 140
   335 304  87  83 254 397 266 333 377 288 351 160 234  68 168  17 357
   125  13 138  80 229  85 227  77 164  72  38 158 177 243 116 308 135
   330 316 247  63  51  58 284 302 385  90 214 132 318  10  34 112 306
   237 272  12 167 158  73  79  67 296   0 231 394 215  37  81 155  34
    76 141]
  [  0 218  10 389 308 237 159 352 296 120 214 320 375  47 356 306 276
   323 370  47 288 367  58 376 209 239 276 249 390 190 229 160 276 361
   102  95 221  42  45 353 188 342 207  54  40 190 246 204  80 208  34
   285  89 149 324 174  22 289 139  44 345 142 127  96 321 255  84 273
   254 349  31 147 378 232 347 182 207 167 351 144 142 135 340 292 267
   304 259 136 274 137 251  58 383 253 317  95 274 217  49 166 274 356
   234 222 325 380 322 138 364 251 388 109   0 164 217  43 204 261 168
   356 126]
  [  0 381  42 227 355 375 288  36 198 288  64 370 143 106 267 164  58
   184 139  55  71 177 244 382 201   0 182 239 353 186 167 351 291  65
    18 280 351 223 244  63 202  60  38 332 188 312 232 103 328  76  38
    99  53 332 242 207 388 340 213 398 183  12 260  42   6 219  16 116
    80 233 286  38 343 271 239 104 363  57 402 318  84  10 229 135  79
   188 178 199 161 300 381 187 270 385  20  89 122   7 361  88  25  88
   215 163  21 129 393 175  77 256 246 118  18   0 322 135  74 220   6
   179  66]
  [  0  47 383  27 322 261 156 252 316 224 267  97 290 369 247 274  76
    19  28  48 264 236 402  99 358  84  55 272 243 214 294  23 348 363
   323 119 114 298 222  98 267 208 305 168 298 218  63 242 130 159 128
   242 309 339 104 311 331 283  10 317 103 156  53 225   5 109 168  97
   367 119 309 260 327 115 114 101 394  31  35  34 351 377 343  40  30
   124  39 257 201 212 339 219 365  31   4 104   2 341 126 226 239 272
    35 307 307 124  25  40 151 369  57 281 149 358   0  37  90 229  66
    76 393]
  [  0 328  31  70 247 155 271 222  72 220 200  43  45 364 172 208 100
    45 169  70 118 399   8 287 279 361 333 180 184  73  13 228 113 332
   255 298 236  79  95 378 108  84  23  60 389 389 340 241 209 217 352
    25 246   8 358 172 198 278 252  11 146 322 349 281 361 286  21 371
   166  25  62 159 268 368 277  30 214 263 159  53  90  26 157 175 354
   127 105  87  31  99 153 122 122 190 317 312 293 245 179 349 228 358
   353 297  53  89 239  39  67 111 111  79 389 379  68   0 290  34 327
    18 253]
  [  0 331 192 102 146 328 324 367 226  63  51 239  25 210 335 359 113
   311 390  92 372 363 234  75  38 235 264 105  23 119 121 187 342  75
   148 345 151 316 250 158 307  24 148 213 362  86 296  73 313 246 263
   179 137  55 356 234  94 110 112 148 262 229 116  12 184  99  13 241
   147  35  57 262  35  25 197  74 222 231   5   9  81 111 387 385 346
   324 352 162 307 287 360  39 262 293 348 158 386 130 249  62 263 101
   346 260 208 261 248 401 333 307  51 310 321 225  80 209   0  98  82
   109  70]
  [  0 383   3 344  13 381 341 290 354  45  88 115 398 307  78  87 347
   273 126 136 289 148 384 332  57  16 138 247 197  85 399 105 285 188
    44 368 311 281 117 239  19 289 370 118 376  10 136 402 353  23 112
   349 134 222  62  22 379 316 124 186  70 336 196 284  41 298  88 256
   383 298  79 128 380 366  36 136 391 208 326 307 359 274 166  41 307
    64  58  81  86 153 340 161 181 118 130 234 189  31 251 153 104 245
   233 223  43 334  69  86  56  10 143  69 160 118 247  82 182   0 225
   203  49]
  [  0  42 296  16  16 238 377 354 288 119 331 185 103 218 198 250 198
   210 393 392 250 177  54 288 268 166 179 396  60  99  29  19  82 182
   291 240 295  76 376 157 179 120 166 261 237 306 140 164 193 273 146
    65 398  91 296 238 310 170 242   9  53 127  19 228 203  39 342  29
   369   8 345 304 268 144 231 145 301 245 261 316 301 225 268  18 376
   321 181   5 362 339  35 268 390 330 315 370  62  15  26 217 318 337
   221 356 252  63 401  72 315 109  32 159 283  80 380 366 394 397   0
   300  49]
  [  0 193 141 248 128 290 361 244  50 212   1 191 360 149  85  50  29
   296 291  34 385 129 351 175 199 276 194 301 290  31 245 154 366 115
   177 231 137 157  29 376 396 387 339 215  91 204 237 376  13 400 374
   205  85   0  52 275 177 402 255  93  45 269  49 226 396 222 270 188
   136 390 361 306 301 303 178 316  15 132  54 220 326 170  82  45 107
   256 205 213 324 276 217   2 202 200 283 329  74 210 349 225  20 215
   379 354  51 280 244 374  10 220 229 291 135 176 329 281  58   3  50
     0  19]
  [  0 339 364 153 398 230 139 390 341 109  84 101 272 241 199 337 352
   291 324 383  14 380 378 221   9 295 276 340 279 360 281 392 357 260
   229  45  11 208 279  95 244  16 371  51 353 169 259 349  57   3 298
   381 336  89  23 181 348 279  75 180 353  16 244 125 276 290 353 135
   147 295 200 218 163 146 338  25  77 268 210 382  70 287 114 190  68
   110  81 146 117 221  64 322 345  92 355 374 386 352  68 142 108  98
    63 217 217 241 106 293 171 150 393 301  60  63 352 360  16  70 156
    67   0]]

 [[  0 134 126 151 324 392 280 225  13 224 280 398 380 204 394 205 347
   315  19 245 142   7 376  49 312  26 313 105 235 229 123 179  28  50
     5 278 331 379 388  56  63  51 257  75 283  57 208 240 386  88 290
    17  42 115 195 313  63 176 346 176 401 108  88 126 340 169 255 225
   361 328 299 188 100   2 111 156  55 194 369  47 363  62 222  82  58
    79 232 126 154  89 377 268  57 341  29 102 176  30 264 192 141 317
   104  69 309 199   3 327 159  97 264 263 280 365 196   3 176 229 388
   211 110]
  [  0   0 379 209 211 194  74 254 206 384  58 246 279 354 211 219  97
   157 256 271 128 281 355  66 384 366 346 276 256 297 372 167 320  20
   181 244 216 338 341  97 393 152 180 258 103 271  94 295 388 198 268
     6   1 169 272 364 368 164 227  61 299 153 144  44  69 383 197 196
   168 138  15 132  17 130 143 222  28 268 252   8 107  54 306  68 107
    24  71 352  27  80 176 233 120 398 245  87 308 149 222  11 373  20
    75 354 331 147  81 336 112 157 122 169 329 368 137 211  13  58 180
   198  62]
  [  0 144   0 339   8 323  79 187 206 376  59 262 232 384  74 273 205
    23   2 289 148  67   4 305 197 324 264 128 352 342  62 258 187 304
    47 340  68 394 281 147 115 220 372 262 215 109  34 100 300  45  12
   347 279 128 307  51 369 237   1   9 213 251 248 204  18 229 391 201
   171 316 238 363 356  56  61  16 109  86 377 106 371  39 267 186  68
   358  90 346 308 317  39 228 378  95 184 159 275 229  27 279 338  63
   106 229 375 176 314  37 182  98 255 331  24 125 277 242 114 180 150
    73 201]
  [  0 324  49   0 314  49 154 140 392 380 112 125 397 300 262 206 398
   315 285 108  20 370 147 248 324 121 164 258 356 190 352 148  39 255
   303  39 273 126 365  81 356  58  12 124  90  82 291 299   6 211 149
    73 301  49 310 162  65 342 207 337  55 359 156 386 385 108  60 387
   170 182 152 354 180  89 381 147   4  61  52 109 119 340 224 349 212
   159 255  41 184 306 317 141 185 152 204 293 155 100 377  70 287 379
   158 127 202 169 400 129 348 178 358 310 205 103 160 132  76 279  86
    14 221]
  [  0 222 247 253   0 140 127 389 236 347 162  54 117 209 174 376  98
   331 116 195 142 167 225 350 263  32 235 362 274 157 131 338 215  37
     7   2 125 179 143 130 362 255 105 401 274  89 255 268 283  71 307
   139 299 222 121 270 307 119  42  88  36 399 269 201 294  45 387 238
   118 246 341 298  75 394  44 166 175 390 117  36  40 327  43 163 339
   302 352  24  35  40  23 400 381  93 229 151 275 258 318  32 295 301
    21  43  25  49 302 333 349 392 358 203  35 200 123  57  99 189 337
   234 358]
  [  0 325 325 109  80   0 148  32 206 260  32 226 263 364 148 105 105
   338 219 344 188 146  91 193 231 194  22  81 240 214 283 152  78 323
   200 211  67 110 117 347 327 174 318  61 170 109  72 331  60  33 314
   369 127 110  50  93 329 365 326 379  68 323 387 373  77 172  56 360
   333  32 293  61  97 380  59 387  77  75 275 169 300 161 364 303  39
   106  59 243 154 293 177  45 103  93 381 135  33 236 256 319  97   9
   120 110 161 155  97 256 100 208 200 384 169  81 135 232 134 140 388
   141 319]
  [  0  61 192 249  47   4   0 214 156 381 346 296 400 334 390 265 351
    33  56   6 355  41   0 185 209 215  76  72 341  97 386 141 261  88
   128 357  70 300 111 101 397 273 292 309  55 387 143   2 198  91 216
    49 151 141 259 102 346 160  72 283 126 274  46 301  14 239  13 127
    77 137 333 377 310  78 261 345 269 186  12 247 182 305  14 133 129
   223  26 262 354 247  21 387 161  38 127 261 133  74  91 169 376 316
   313  75  69 143 103  17 288 380 232 266  45 150  38 322 384 123 351
   396 282]
  [  0 307  11 372 296 156 337   0  68 181 230 122 198 299 241 248  35
     8  36 275 275 353 220 330  28 328 169 191 364 144 258  83 371 380
   321  46  98 273 393 199 165 190 117  99 118 387 360 383  89 348   7
   309   9 134 160  87 274 323 236 299 174  63 167 331 353 208 274 321
   336 107 354 311 107  53 395 273  17 188 200 178  49 320 228 125 135
   126 103 354  11  20 235 319 169 143 132 129 162 224  89 394 249 101
   187 212 376 153 171 101 264  52 245  17 252  81  49  32  75 240  14
   207 172]
  [  0 113 232 235 138  62 176 282   0   0 314 379 215 276  36 137 149
   342 236   9 360 387  67 254 186 343 400 252 231   5   1 331 141 241
   271  38 318 387  17 322 277  38 141 294 390 327  36 130 363 248 321
   279 390 101 164  40 100  19 353 276  38 359 105   1 133  34 391 139
     2 110 259 253 295  13 295 193 191 246 126 374 312 341 282 156  26
   173 213 351 108 309 139 126 326 359  53  61 258 326 171 205  40 281
    93 232 383 109 172 356   7 256 131 208  22  85 280 183 173 366 200
   166 350]
  [  0 206 248 195 312 275 116 254 206   0  55  59  52  37  61 288 202
   274  97 139 396 211 114 110 212 103 256 281 380 334  24 270 336 325
   147 334  29 392 290 155 276  60 260  51  12 111 226 350 128 201 104
   332  45 347 339  58 231 145 366 294 371 134 380 188  72 244 393  37
   158 373 181 345 152 105 183 154 167 132 189 133 396 319 312 202   4
   225  47  65 391 258  75 302 135 344 345 202  32 165  96 359  80  76
   244 357 372  42 292 260 343  33  19 297 237 373 282 275 370 357 193
    76 318]
  [  0 211 250 364 103 316 283  94  95 260   0 223 356  11 198 324 379
   146  57 160 194 142 220   1 218 137 398 221  70 236  53 206 394 259
   307 354 267 166   7 301 134 298 285 298   1 341  44 137  38 370 231
   104   6 253 141 372 133 232 129 329  25 177 390  32  50 199 385 116
   164 303  51 144 371 154 294 235  24 119  85 276  83 223 280   6 257
   392  43 362 287  10  32 212  66 294 296  25 160 287  40  78 239  31
    53  68 160 237  16  95 399 132 121 355 240  12 337 397 383 179 293
   163 226]
  [  0 396 356 161 140  40 201 276 157  42 286   0 105 250 252  20  95
   342 279 279 253 359 305  13 223  99 259   0 184 388 147 293  17 284
    20 323  38 325 104 330 250  59 202 190  73 366 246 139  75 154 233
   289  51 187 214 328 400  16 131  10 271 342 156  93  41 376 194 274
   280 122 206 227 277  16 178 304 108 318 220 123  76 368 113  29  71
   328   8  41  62 286 222 282 256 216 291  83 218 325 251 201  65 112
   304 278 175 334  40 224  56  15 333  60 295 307  96  73 222  60  15
   269   6]
  [  0 196 327  17 139  83  70 305 278 152 332 245   0 128 387 341 399
   308 199 224 178 137 275 335 345  59 386  75 260 280 334 366 392 215
   353 135  27 181 362 143 196 133 105 353  42 251  24  69 370  43 239
   381 182  78 267 298 371 280 129  77 208 371 152 196 317 271 128 149
   203 225 178 295  35 107 120 373 197 112   6  56 160 310 158  48 224
    43 325 169 210  92 144  41 300  69 297  17 215 203 362  57 351  70
   247   3 271  29 101  68 279   8  37  94 171  49   7 253 137 227  16
    76 145]
  [  0 174 116 401 177 219 388 105 249  53 197 174 367   0 303 122 304
   276 185 141  80 179  28 102  30 133 224 159 231 331  28 270 238 320
   377 381  29 373 289 227 102 204 212 379 134 350  90 124 375 271 201
   261 243 200 379 337  32 348 122 247 341  39 246 166 310  85  63 158
   333 385 194   4 234 212 260 392 216 259  91 393  82 234 318 147 178
   214  25 108   9 123  97  89 353  33 332 255  90 274 258 195 332 361
   327 240  88  21 342 105 139 253  31 328  46 332 246 115 401  99 344
    34  91]
  [  0 402 398 100   3 400 299 308 310 227 251  47 307 232   0  26 347
     7  11 149 168  10  76 219 383 284 402 102 284 192 270 334 351 101
   335 274 380 302 243 322 186 120 328 257  43 190  71 171 118 169 147
   200 286  78 170 199 385 151 129  75  86 157 281 171 327 224 360 150
   370 135 288 180  45 198 277  42 269  76 159  77 376 233 188 263 191
    59 145  25  25 168 106 322 309 353 299 165 182 165  84 209 302 206
    86 365  50 383 156  40 209 187  72  89   0  65 243  20 297 135 343
   387 230]
  [  0  36   4  23 133 226 371  87 239 123  43 132 162 108   0   0 209
   162 112  91 207  76 294  73 318 350 137 204 380 101 317 265   0  79
   284 231 143 114 333  73 319 138 159  40  83 175  60 124 149 272 181
   158 151 304 185 305 300  21 186  77 300 124  90 141 284 366 131 328
   391 214 164 190 282 264 100 173 336 373 215 398 217 126 344  23 308
   335 270 192  26 377   3  78 319 345 355 251 237 138 329 123 242 308
   350 226 342 310 345 112 230 188 287 121 389 354 119  69 121 216 284
   174 350]
  [  0 310  65  72 193 121 110 264 338 168  63 225  73 122 182 303   0
    68 222  64 402  61 102  30 384 128 390  83   5 141  87 203 190   8
    70 197   9 261 359 274 101  79 107 122 324 311 189 286 373 312 273
    44 239 225  10 389  86 108 154 351 335 192 282  92 217 132  41 209
   302 378  86 108 194 230   8 242 167 135 376 283 100 176 121 138  18
   223 364  79 108  81 179 221 126 301 355 181 170 200 291 316 386  87
   213 323 269  26  11   0 266 103 207 209  87 337 316  33 247 102 199
     4 252]
  [  0 359 375 329 237  49 342 338 246 152 352 288 226  75 296 275 345
     0 252 400 206 215  12 321   0 194 249 345 119   0 345 338 225 373
    62 332 372 143 351 164 153 150 169 172  50 311  68 272 140 338 101
   297 387 112 130 116 223   7  25 114  98 176 242 356  29 281 214 351
   327 396  92 271 379 284  56 156 226 206 246 156 394  23 282 143 109
   206 392 192  50 260 304 278  72 185 283 104 333 320  93 303  43 265
   200   4  71 160 353 293 215 258 391  68 313 238 175 117  12 178  26
   303  13]
  [  0 338 254  11  33 318 164  26 125 160 356   0 169 285  93 352 265
   178   0 241 324 154  61  21 337 128  29 104 127 327 359 147 385 270
   159 265 163 243 276 291 338 395 190 125 220 245 180 337 188  54 382
   338 288 139 106  10 267  96 286  76  24 389 108  57  78  90 277 116
   283 193 133 160 206 146 123 191  21 142 254 243 238 337 159 159  40
   269  45 212 240 129 102 235 151 282 171 215 246   5 297  68 213 158
    32 240 270 104  81 333 238 230  55 380 298 349 299 138 360 108 351
   299  17]
  [  0 176 300 327  21 342  65 257  84  20 318 357 346 145 335 197 262
    91   7   0 165  42 295 359 126 398 204 324 254 255 240 377 139  84
     4 287 355 109 307 341 286 159 225 174 258 156 136  93 356 165 274
   249 153 283  89 199 339 271 177 238 259  82 105 365 178  23 357 186
    32 233 270 231 202 279 354 235 166 227 318 359 396 400 306  48 367
    83 224 247 383  80 387 111 127  24  76  32  38  15 267 330 291 330
    92 171 145 226 321 125 133  19 288 292  43  24 380 169 114 278 105
   375 369]
  [  0  56 298 187 359 326  16 352 197 110 267 236 397 223  82 184 128
   339 134 243   0  12   8 127 118  85 308  71 106 281  50 218 317 201
   167 236 219 148 377  17 264 136 288 109 349 238 304 284   3  17 377
   323 291  77 246 323 119  55 269  17 188  94  88 303 382 294  61 127
    49 269 225 399   7 370 368 253  31 215 133 145 261 326 316 100 282
   355 345 161 214  16 290 153 301   3 380 347 148 107  12 250 152  11
   197 273 398 388 395  12 275  11  98 191 219  43 311 247  66 119  91
    24 138]
  [  0  46 226  50 269 116   0 195 274 102 312  68  85 105 402  68  76
   248 318 350 131   0 360  55 115 358 284 262 157  54 336 333  87 275
   153 316 184 175 346 281  61 180 100 113 384   6 161 212 328 227 274
   192 236 345 159 170 261 204 170 163 115 245  72 132 208  20 350 182
   339 191 277 358 299  54 164  64 127  63 249 166  54 381 300  48 253
   286 285 163 387 400 288 171 369 365 151 108 293  14 142  59 388 159
   117 308 118   2 269 399 105  50 280  21  79 110 133 222  96 177 189
   118 228]
  [  0 327 142 205 120 361 289  90 319 295 292 318  96 287 229  27  68
   363  46 167 268 180   0 254  59   1 220 384 245 333 355 181 321  61
   215  27 136 191 207 267 162 261 323 147 255  54 350 366 394 305 252
    43 188 180  78  15 193 372 163  79 205 401  43  38  87  42 383 283
    43 139 318  76 341 100 347 167 154 222 371 286 209 252 193  48 375
   176 176 314  97 301 318 269 146  28  71 180 312 184 181 153 256 178
   182 177 212 125 187  69 397 391 318  26 387 389 396 208 219 244  10
    79 279]
  [  0 113 179  14 295 104  60 118 281 195  73 368 398   7 375 231 336
   180  24 342 186 272 276   0 365  34 268 112 294 107  16 187  58 155
   396 187 259  26 255 181 127 366 137  96 106 100 118 169 386 402  52
   276  84  51  59 129 202  20 103 297  38  97 120 214 139 184 330  23
   343  32 130 162 359  94 215 150 306 200  90 184 281 342 199 115 347
    45 307 220 296 298 385 220 165  83  46 383 249 245  80 157  73 396
   266  35 314 133 226 279  95 156  46 354 143 268  81 333 245 109 149
    74 393]
  [  0 147 177 224 390 270 112 367   6 115  80 327  82 241  27 196 390
   113 398 402  94 378 133 286   0  61  35 372 243  69 110 258 109 283
   297  28 166 366 242 192 273 161 186 214  61 366 177  21 266  26 244
    96 128 270 306 323 198 146 392 152 161 128 124 183 149 333 338 153
   348 132   4 298 270  96  97 195 205 306 402 370 209 280  19 250 387
   305  57  11 254 108 386 175 110  27 155 142 363 388 243 331  88 213
     4 391 205 352  94 223 261 121 285 217 345 303 327 373 228 129 362
   299 178]
  [  0  71 127 365 295 147 155 320 126 160  48  62  66 100 212  33 286
   328 152 217 209 107 392 333 343   0 237 275 239 136 288 254 335 374
    16 351   8 123 334 375 372 261 249  69 390 302 138 173 306  70 286
   355 277  76  18 122  85 277 350 354 372 349 328 261 308 244 273 255
    79 110   8 391 133 162 305 335 124 285 169  78 186 185  14 175 203
   353 105   6 273 256  92 285  25 135  33 250 353 199  35 332 211 248
   210 308 107 145  63 275 373 273 345  62  88 116 256 106 158 394  49
   223 122]
  [  0 355  84 208 295 235  61 104 291 246 143 122  34 360 339 139  18
   209 241 270 297  38 399 391  69 380   0 227 120 338  34 259 402  23
    74 122 109 101 317 201  28 353 392 189  95  41 333 183 358 360 308
    65  18  45 261 277  51  14 256 202 287 369 275 393 163 345 327 384
   273 227 147 392 261 364 290  87 352 246 131 277 347 230 302 247 133
   137 328 276   8  98 233   6  46  12 295 191  25 116 261  56 237 365
   326 195 242 241 278 338 300 250 280 263   6  81 106 343 154 381 387
    39 126]
  [  0 103 114 189 139 381 188 213  67  84 242 102 245  52   7  91  14
    14 355 240  31 396 250 317 102  33   4   0 308  83 313 138 270 192
   339 354 358 286 330 111  23 351 103 214 290  32 323 212  52 287 393
   258  66 328 357 370  51 139  57  46  13 234 274 205 118 367 122  65
   240 144 126 117 284 313 368 252 204 143 235 260  99 339 301 342 166
    43 350 230 368 274 170 191 304 253 163  95 283 297 269 332 379 262
   280 192 184   3 228 236 346  70 401 158 378 299 170  50 333 292 372
   195 364]
  [  0 340  54 139 283 367  83 211  61 110 240 172 235 121 176  75  69
   381  80 204 330 270 353 206 140 389  57 291   0 364 257 250  42 272
   210  17 257 301 199 381 268 310  56 227 398 177  66 389 245 184  30
    26 358 213 323 362  65 377  15  49 127 179 273  22 203  92  33 291
   246 334 215 277  56 316 102  66 247 390  79  33 161 297  33 183 198
   128  34 192 161  39 309   8 318   0 209 227 283 156 292 335 264 210
   118 192 174  41   1 207 241  40 122  11 371 189   3  54 224  43  93
   371   4]
  [  0 264 349 158  47 169  98  73 388 134 163 207 210 228   1  53 216
   368 157  93  10 336 100 301 260 276 281 281 323   0 316 246 401 218
   111  15 350 304 286 208 159 275 101 258 343 315 231 352 175 394 327
   306  52 308  15 142  78 105  12 234 340 271 124 299  85 188 381  37
   173 224 292 210  55 220 137 264 166 352 151 365  79  99  99 370 248
    96 279 277 224 117   5 336 369  59 115 333 253  65  73 259 168 269
   181 103  31 334 226 370 270 387 296 299   2 360 302 374 225 292 178
   285 276]
  [  0  51 355  38 130  97  45 149 306 158  99  30  36 379 209 118   1
    61 325 351  78 218 182   1 294 273 126 266 207  98   0 328 168 198
   368 377  87 132  31 386 277 381 127 365 176 267 159 153 386 147 364
   399 118 269 157 272 172 130 360 355 266 163 384 163 177 147 147 123
   191  29 381 140 143 301 368 145 190  58 386 132 229 296  29 174 226
    26 186  27 296 113 374 194 346 256 307 279 112   2 379 112 338  90
   331 255 124 365 147 339 327 195 273  65 263  46 318  16 388 290 364
    49 178]
  [  0 296 223 313 185 243 395  77 370 171 350 382 177  95 274 240 143
   364 373 103 109 369  22 147  98 147  95  79 125  21 160   0  75 234
    53 211  66 198 250 356   6 321 229  14 224 342 120 331 385  93 100
   300 361 133 331 354  66 388 357  65 302 167  91 311 324 236 157  53
   162  84 227 367 142 360 331  22 365  34 242 128 160  99 349 105 317
   290 341  74  21  72 179  41 231 142 205 252 293 252 221 193 328  98
   388   0 273  92  24  74 164 256 330  24 270 126 340 135 290 100 308
   220 285]
  [  0 267   5 253 220 252 398  71  73 332 234 357 106  70 250 188 390
    73 151 354 259  52 389 124 235 210 402 267 144 160 341 334   0 185
   398  56  39 306 266 173 142 172  64 157   0  24 382 167  59 329 382
   163 135 128  17 347 185 262  13  21 222  53 233 222 102  19 163  85
    25 216 199 349  14 168 257 179 336 150 251 236 235 249 150 132 335
    29 146 221 247 128 112 119 300 253 325 297 193  84 315 386 296 332
   372 316  39 363 168 167 362 346 121 289 325 248  38  63  70 247 278
   365  73]
  [  0 123 186 247 178 384 402 331  57  97 373 104 172 374 174  49 310
   192 312 216 337  44 274 185 107 289 256 257 107 275 197 273 163   0
   143 271 280 274 264 105 352  70 344 234 258 110 161  34  45 245 168
    61 167 306 113  99 246 195  95   2   3 284 198 108 189 174 380 281
     5 385 137 250 223 381 125 306 387  61 232  22 136 108 144 113  40
    67 286  90 231 124 354 321 131 193 318 195 350  36 279  11 102 355
   223 126 190 155 208   9  61  51 107  15 284 344  71 312 397 174 171
   244 162]
  [  0 127 369  61 135  44  85 161 261 116 145 125 264 296 123 169 226
    28 325  94  36  55 141 236  22 125 142 122 160 280 365 153 350 198
     0 368 190 346 176 285 174 331  17 173 400 111  90 132 144 356 241
   116 186 268 318 111 344 233   0 242  50   0 209 277 152   3 168  70
   175 277 255 110 102  54  58  32 398 214 339 137 143 336 267 164 125
   350 261 388 265 159   9 147 170  34 228 176   8 368 359 359 334  40
   118  30 255 364 371 156 328 338 349 303 309 137 322 300 364 347 385
   349  48]
  [  0  75 304 237  82 383  87 100  55 322 140 187   5 184 372 331 102
   373 181 356 255  82 359 321 362 357 285 314 389 371  30 115 290 159
    62   0  80 325 188  22  39   8  78 168 115  34 358  88 154 351 199
   287 133 122 308 396 233 402 277 387 280 188 120 124 220  70 113 227
   167 298 111  44 215 335  88  90 258 286  15 185 221 115 197 122 309
   107 191  82  98 388 179 364 275 100 261 203 132 387 181 157 331  62
   215 273  82 233 256 151 169 210 193 339 329  18 189 230  11 194 288
   162 194]
  [  0 194 191 135  33 266 311  75 218 222  45 234 121 390 291 248 230
   393 125 173 150 232 261  77 278  60   4 118 395 104 138 371 402  39
   203 153   0 181 161 272 123 240 400 366 164 368 280 292 401  20 337
   254 337 360 254  75 280  85 105 371 357 217 111 398  20   8 363  45
   283 290  61  46 345 389  34 251  42 312 186 131  72 317 332 323  51
   334 164 131 351 147 294 269 299 192 154 181 143 232 227  84 233 125
   151 232 365 181 372 135  45  99 242 348 369 215 236 366 275 262 311
   305  10]
  [  0 146 246 280  30 306 232 254 164 353 310 287 207 243 194 319 136
    79 230 186 280   7  48 193  55 286 308  67 134 311 191 125 340 116
   232 321  92   0 117 183 200 176 341 385 270 237   9 106 360  35 213
    87 207 273 187 304 289  87 328 194 399 225  96 383 157 229 383 101
   297 146 270 130 243 134 193  15   1 110 212 231 204 142  46 277 203
    11  73 340   9 302  72 286 398 364 246 268 177 191 400  63 240 389
   213 326 130 201 269 394 212  94 177   6  47 243 213 106  75 228 336
   132 122]
  [  0  56 338 237 270 210 137  25 334 107 261 168 317 314 278 313 205
   350  22 297 385 141 376  35 341  39 285  86 116 310 343 278  79 154
   388 335 199 178   0 222  62  13 148 278 257  69 135 122 342 150 213
    12  58 329 145 160 198 356 379 301  93 355 321 126 308 339 379 126
   360 297 152 206  98  21  42 176 211 149 165 346 254 239 143 289 188
   347  40 389  89 257 390 188 256  99  38  94 272  98  97 291 374 364
    27  99 350  26 118 315 201 210 385 344 352  68 262 261 360 128  37
   306 165]
  [  0 371 303 268 207 221 100 326 391 345 257 138  61 337 374  86 377
   345  91  10 286 217  12 376 232  63 293  82  73 219 178   1 374  87
   330 402  84 220  81   0 388  49 101 182 238 247 296  34 151  76 162
   390 108 200 145 201  67 388 394 289 102 320 363 189 164  19 108  47
   270 274 272 159 310  11 370 240  60 273 183 106 189 364 153 321  18
   257 115 393 321  87 297 172 382 380  69 228 294 372 234  91 195 161
    91 151 312 241 341 349 328 203 318  69  60  12 310 331 357   5  40
   161 127]
  [  0 301   0 285 361 300 339 270 356 377 303 269 218 104  63   8 360
   329  83 119 326 177  25 365  53 383 350  89 240  60 148 146 243 269
   279  82 249  37 212 106   0 312  31  84 213 223 302  87 158 282 283
   301 271 289 385 154  79 349  73  88 242 374 364 255 119  81 143 222
   141 354  23 380  70 267 227 191 313 103 103 200 215 311 226 341 272
   122 337  18 204 280 399 311 254 171 374 304 156 105 169 342 169 250
   107 351  25 237 232  33 391 146 238 292 335  61 240  83   0 191 276
   266 345]
  [  0  57 364 218 121 376 332 126 252 120 179   1 116 281 390  37  97
   396 325 106 292 149 294 180   4 216 211 245 272 219  19   2 343 303
   369 319 302 202 211 174 380   0 164  18  98 383 105 353   8  50 209
   101  99 201 383 336  22 188 312 213  34 112  68 125 253 267 347 357
   158 258 215 101 215 254  53 329  36 116 402 169 154 320 118  34 264
    68  40  47  52 184 221 402  22  45 251 133 387 220  22 165 209 208
   387   0 219 219 114 239   4 336 233 310  98 176  65 121  76  18 267
    18 129]
  [  0 345 146 246 269 303 332 309 305  36 243 402  78 187 287  59  31
   195 276 262 305 177 351  97   4 155 348 177 172 383 187 198   8 391
    25 131 265 318  98  21 379  84   0 206 232  37 253 157 301 266 164
   174 348 314 238 239 196 372 138 267 173 259 136 140 375  16  98 385
   299 219 321 106 237 386 220 286 250  27 196  30  79  94 136 296  98
   143  84 237 131 142 192  77 349  24 306 366 255  84 350 296 323 302
   297  73  19  70 134 235 400 296 376 288 226 109  47 256 365 120 289
   393 280]
  [  0 182 300  12  68 307 195 400 395  32 215 372   8 246  75 295 396
   249 321 213  79   4  45 316 150 389 242  24  26 347  75 272 283  74
   373 102 273  71 370 334 282 132 122   0 378 212 217 384  57 371 119
   114 316 253  29 365 234   3 297 247  68 321 355 193  26 147 204  84
   127  33  80 247 398  67  56 103   5 234  43 274  38 184   4 322 191
   104 350 117 138 203  77 264 328 106 379 348 193 149 275 179 344 350
   248 200  75 256 258 293 395 105  77 281 311  94 194 293 320 182 282
    74 112]
  [  0 182 227 275 207 159 165 216 108   0 118 323  57 145 216 118 162
    29 200 365  93 378  82 250   0 167 360  37 130 244   2 304 301  46
    86 331 386 153 227 357 111 316 367  31   0 306 211 213 256  61 107
    45 226 229 328 401   3 125 135  61  17 369  38  31  89 346 254 196
   399 322 306 385  27  15 147  44 179 120 379 363  86  53 399 302 248
   213   9 103 289 388 301 342 397 331 252  96 289 194  57 186 241 302
   380 111 374 330 189 135 202  96 180 344 391 173 370  99 372 275 300
   366 280]
  [  0 328 398 388 375 289 312 207 388 330  48 300  48 229 400  28 342
   251 370 154 269 343  94 346 159 153  81 133  84 294  12 360 133 263
     3 241 373 122 213 364 327 121 386  88 250   0 160 367 193  83 384
    73 207  77 349 292 206 351 280 142 153 263  36  99  12 358 246 231
    19 363 257  40 331 186 342 227 401 187 193 316  35 210 354 258 383
   262 350   9 153 226  17 326 121 102 248 257 245 398 289 106 333  15
   250 367 324   5 102 343 103 173 330 270   4 172  84 328 132  83 129
    29 114]
  [  0 398 250 305   2  63 268 192 289 369 112 122 249  11 299 250  19
    28 151  65 269 271 208 321 156 183 220 210 366 251   5 209  73 159
   197 333 336 198  15 105 147  26  59  63  59 364   0  33 139 116 204
   321 178 226 396 219 302 204 132 185 368  27   2 281 105 107 129 378
   191  42 388 314 197 349 394 343 328 162 147 253 391 202 135 189 123
   285 297 114  42  22 338 131 208 257 322 306 383 314 121  17 294 139
   138 360 360 179  97 217  48  56 205 325 400 216  71 399 103 303 141
   287 257]
  [  0 322 358 205 142 181 249 321  55 235 212 262 284 205 199  43 283
    70 330 305   4 147  34 194 147 198 302 399 144  57 189 365 215 104
   348 202 350 230 133 329   3 394 265 186 353 140 399   0 314 290 276
   305  79 398  10 312  22 103 397 210 302 339 164 337 338  98 197  85
   271 237 328 329 105 100 186 239 197 146   6 117 352 208 118 223 163
   136   1 393 256 107 293 193 341 105 202  85  24 328  96 231 125 358
   373  69 131 379 349 390 321  74 257 382 147 248 316 151 108  61  56
   256 132]
  [  0 165 137  45 259 185 202 191  54  47  27 160 210 263 190 402 241
   104 222 260 318  44 297  53 162   9 148 257 222 242  45 107 377 179
   238 193 306 275 371 396 379 379 149 380  51  83 299 173   0  76 272
   245 339  85  89  16  92 249 303 354 162 362 178 151 346  39 211 247
   340  53  56  61 154 106 158 374 158 145 244 334 118 144 397 159 207
    44 357  74  33 283 307 259 179 240 261 282 372 149 227 311  61 241
   268  85  12 368 117  44 349 356 172 222 216 280 199 382 147 266  12
   359 293]
  [  0 183  32 137 383 221   3 113  81 219 127  99 335 314   6 392 250
     2 380  92  75 107 345 171 284  96 138 139 389 217 206 286 208 241
   381 149  49 156 379 224  64 326 307 238 177 180 238 136   5   0 141
   239 111 118  35 209 283 310  95  35  93 234 250 265 376 310 195 151
   287  66 191 209 190 343 262 175  53 156  11  11  39 216  49  35  64
   343 378  66  20 264 350 211 152 221 307 387  94  12  18 196 308   8
   275  40  71 387  47 183 274 208  12 215 258 202  10  26 181 232 147
   345 396]
  [  0 258 115 300 141  94  60  14  23 364 223 397 346  22  89 338 207
   262 127 220 229  28  58 175 336 119 371 354 251 259 376 398  92 346
   399 160 360 250  52 280 228 307  59 281 380  30 108 379 327 135   0
   347 281 125 171  26 128  29 377 108 374 231 167  87 394 256  89 190
    55 314   2  15  88 351 299 292  31 318 198 373 174 318 292 284 130
    54 342 287 243 239 297 241  12  96 259  58  92 114 152 279  40 281
   330  40  37 159 246 361 152  35 186 307 324 164 321 165 151 154 154
   290 230]
  [  0 229 181  79 168 237   8  34 326  61 171 114 131  18 243 126 401
   227 318 130 195 318 226 217  75 154  57 249 107 303 221  31 180 281
    67  90 265  57 386 290 256  67 305 174  62 185 151 210 148 163 223
     0 193  41 277   5 309 275  72 150  33 181  24 261 134 319 193 302
    85 192  85   8 163 327 115  77 387 285 360  11 120 183 347 205 400
    48 321 257 150 156  70 188 145 336 214 364 363 315 192 317 197 322
   327 291 214 337 140 163  86 251 337  18 151 187 337 330 325 200 106
   280 372]
  [  0 199  66 332 160 195 141  57 303  91  64 349 357 291 297 356 302
    21  32  51  12 364  27  36 238 380 167 220 354 389 390 158 167 370
   278 328 144 143 268 100 398 180  77   8 335 195 168 103 144  56   5
   142   0 319 149  60 120  77 249 357 150 291 176  91   2 325 335  12
   240  67 238 303   8 231 116  99 376 210 249 244  44  60 142 177  78
   196  38 119 134 150 389 316 133  42 285  68 341 308 292  84 119 149
    18  74  70 157 259 277  12 351 391 268 285 283 338 222 313 336  44
   383 322]
  [  0  86  88 174 316  99 387 363 135 401 134 365 139  39 324  70 103
    62 396 344 347 305 384 199 340  47 400  44  75 129 311 243 178 216
   176 230 379 144 174 180 340 173 111 295 246 107 186 351  69 243 111
   249 125   0  73 201 120 338 144 152 395 369 143 261 353 325  92  19
   298 228 189 183  20 265 249 101 369  46 352 162 213 118  40 372 331
   219 233 340 217 234  20 376 352 349  22  26 275 153 210 119 372  18
    44 105 145 204 307  98 110 359 350   5 212 110  37 192  44 154 235
   332 212]
  [  0  52 338  26 250  11 238 216  12 214 204 208 306  39 361 226 389
    77   3 231 100 333 269 216 308 249 136  93 122 396 376  70  97 389
   120 238 351 107 298  25 101 150 208  78 377  67  71 167 240 382  35
   346 330 117   0 126 177  54 154 164  47 214 158  43  30   3 162 190
    94 254  45  55 278 271  28 191  70 185 198 245 314 324  58 362 318
    71 260 367 312  46 113 196  96 375  58 373  50 363 373  54   3  19
   102 265 173 200 324 377 101 289 140  34 402 182 314  41  90  55 270
    47 276]
  [  0 141 356  44  64 335  92  70 380 307 383 222 233 383 283 143 352
   401 216 175 143 299 187 171 207 123  43 171 304 246   5 237 338 337
   185 286 200  20 325  68 107 356 340 297 223 188 209 369 395  47  30
   372 186  35 154   0 370  47  22 203 267  44 134 191 106  10   1 222
   168 165 281  45 178 383 220   0 332 155 338  69 140 291   9 383  57
   153 272 164  86  65 295 299 277 292 251 235  77 290 329 322 163 399
   217 342 399 388 159  77 377 316 103  25 297 271 311 229 211 228 356
   345 364]
  [  0  19 352 393   2 152 364 391 396 318  46 103  52 115   2 330  15
    61 127  69 116 218 377 212  70 322 179 160 238   1 311 207  46 133
   389  35 147 162   9 255 189 171   3 161  23  96 301 252 192  65   4
   300  15 139 201  11   0 301 128  33  84 151 232 328 368 362   0 310
    54 183 153 219 313 159 292 157 290 369 126  50 202 197 144 370 109
   207 402 197 158 305  64 327  28  33 234 337 359 291 267 196 250   3
    64 214 248  79 371 328 400 197 183  20 292 165   5 283 177 260 241
   233 133]
  [  0  41 128 123 114  15 202 133 196 402  68 107 299 333  89  72  53
    14  39 160 307 398 142 133 311 354 149  35 187  22 121 258 186 142
    75 149  33 177  86 184 277 318 185 274 385 383 314 180 270 130  48
   372 253 251 184 340  95   0 138 240 278 223 226 280 154  87  70  58
   194 349 321 199 236  67  92 287 122 387 266 393  19 348 328   0 192
   360 377 285  91 304 344 254 285  42 124 177 310 303 157  33 298   6
   146 263 150 121  58 277 156 114 261 252  85 263 165 125 313 382 161
    55 265]
  [  0 289  96  88 362 233 219 300 369 274 147  86 234 358 347 177 366
   136 347  26 339 347  61 148 177  54  99 288 397 379  36 227 345 206
   318 347  91 240 223  26 214   7 166  66   9  77 365  89  31  24 142
   113 355 334 278 274 102 107   0 159  97 193  48 158  55 359 287 239
   246 378  20   5  68 390 369  73 241 291 245  30  35  28  57 243 274
    75 189 339 269 150 184 286 228 192 189 245 235  77 349  99 116 341
   293 108 184 220 235 148   4 229 309 347 177 149 268 127 203 114  43
   277 133]
  [  0 171 393 378 400 307 302  46  79 207 267 338 194   8 115  98 101
   197 113 111  61  61 200 249 198 113 311 315 351 286  81 402 374   3
    61  51  89  65 332 273 385 180  15 308 272  11 346  71  91 257 130
   156 334 313 351 108 231 289 201   0 340  40 387 262 366  99 217 200
   202  17 400 177 111 143 266 395  14 240 345 261   9 227 151 133  68
   207 229 193 121 149 216 120 247 354 345  27 168  96  97 328 146 135
   367 145 203 118 231 131 200  59 194 318 336 185  74 175 311 253 163
     8 176]
  [  0  10 233 204  32 151 246 190 168 145 255  86  95 343  54 325  21
   334  13  86 194  39 363 245 185 205  96 296  62  80 268 182 241 146
   142  31 162 198 393 368 387 375  98  42 147 342 258  84 137 255 108
   372 378 233 288  99 268 276 118 113   0 182 218 228 170 312  49 257
   163 381 369 125 163 211   2 391  86  26 271  71 324 193  92 308 249
   397 173 210 250 191 271  27 138 208 187 398  55  43  50 186 204 299
   227 267 306  36 184  69 329 140 131 143  20 131  43  34 213 169   3
    50  82]
  [  0 165 241 169 269 401 227  38 299 278 349 124 172   7 347 296 362
   309  53 387 372  42 383 375   5 104 270  88   4 173 384 144  95 126
    90 261 261 290 248 121 283 248  37  24 296 274 297 359 378 196  20
   163 247 376 166 384 143 112  25 284 185   0 225 161 168 103 257 182
    62 295 128 174  10 190  63 264 201  91  41  72 395 241 208 293 335
   271 130 156 216  76 357  35  15  30 256 332 328 326 382  90 125 316
    10 170  90 191 278 140  96 373 306 207 318   9  13 354 271 142 382
   231 124]
  [  0 310 339 361  72 166 263  39 269 342 154 111 112 385 396  52   5
   115  68   7 115 272  85  83 313 305 212 326 122   8 292 401 377  26
   289 254 169  51 360 277 172 364 325  93  77  94 391 308 184 180 294
   385 138 127 172 121 230  94  73 224 125 189   0 299 321 125 168 187
   326 145 388 394 103 391  15  67 214 211  23 282 120 159 329 111 239
   244 306 168 158 284 272 178 127 174  73 356 289 185 165 188 159 272
    33  49  71  16  95 358  75 302   1 213 401 342 101 319 138 350  68
   298  29]
  [  0 192 178  89 212  19 298 390 356 366  92 225 384 377 184  40 298
   160 164 258 226  79 200  24 188 201 186 323  45 112 355  10 133  96
    14 263 229  71 212  39 210 213 163 144 174   4  98 377 359 180 224
   381  27  99  37 230 110 269 259 371  66 202 175   0 371 106 267  83
   266 146   4 109  67  47 364 221  29 255 252  96 111 208 274 304   6
   128  80 227 135 214 388 350 195 114 175 114 121  36 361   8 392 355
   319 210 276 249  12 209  87  67 122 221 181  85 176 382 387 239 227
    25 327]
  [  0  12 147  95 368 338 212 103  76 110  64  44 196   2 391  11 373
   382  70 371 343  15 120 126  19 390 349 390 284 137 322 349 170 290
   398 242   2  71 379  70 254 353 303 398 246 195 292 306 312  37  97
    57 243 194 393  43 351 378 305  43 313  72 124 382   0 241 152 232
   266  40 199 342 285 397  52  60 202 204 263 370 237 264 270 297 276
    87 397  13  16 147 260 262  55 212 201  98 202 371  27  85 363  28
    35 376 335  39  85 193  91  95 343 284 383 126 103  50  90 320 313
   247  69]
  [  0 398   4 324 373  43 187  51  49 369 240  16  39 245 246 222 120
    11 115 158  76 185 382 196 112 261 115   0 386 128 266 311  74 269
   159 254 371 201  36 326 231 192 362 312 398 308 160 265 263  77  55
   203 173 348  72 299 187  58 117 388  57 268  67 376 240   0 165 233
   181 323 306 200  51   2 178 249 256  53 102 225  63 220 122 287 252
   110 390  75 369 246  64 299 215 286 360 329  34 138 168 276  91 390
   243 379 287  45 162 370 217 395 187 394  30 216 308 216 159  64 184
   306  93]
  [  0 225 159 145  40 332 402  18 339  33 259 213 170 247  59 229 180
    86 289 348 143  60 166 217 198 205 382  93 278 200 152 384  46 208
    10 369 380 242  88 127 341 322 111  39 262 361  10 399 100 222 256
   228 368 355 391 233 163 103 303 191 177  51 326 388  64 390   0 113
   395 339 335   5  55 154 214 242  23 213 109  82 100 375 391 346 317
    66 337 104 348 126 213 301  85 233  83  77 294  33 262 272 323  15
   370 216  46 292 290 202 392 170 311  27 176 171 359 225 260 205 317
    23 232]
  [  0 343 138 225 362 176 179 384  60 206 302 243  72   2 150 378 336
   133 139 188  78 352 311 292 326  26 269 332  73 339   6 289 237 242
   256 348  85 216 236 323  50 220 121 223 239 344  26 136 221  32 320
    12 102 357 257 149 197 174  31 348 368 194  64 195 199 344 143   0
   396 184 189 251 330 160 395 209  96 400 215  26 280  30 147 367 121
   300 387 386  73  54 146   1 178  54 223 320 302 112 243  39  58  57
   311  19  86 402 261  97 111  37 387 384  45 332   1  71  74 128  22
   119   5]
  [  0  91 205 158  58 307 355 304 326 272 242 224 397 323 379 218 149
     5 396 106 220 194 357 102 178   3 372 373 143 369 217  35 303 178
   400 181 183 207 224 238 291 307  37 104 178 120 321 289 185 161 151
    18 285  70 328 141  52 220 129 209  95 164 220 157 106 346 256 397
     0  65 175 108 247  88 263 202 261 361 137 199 395 254 378 342 380
   290 129 171 107 332 152 271 207  61 236 393 365 106 132  25 162 241
    90 369  94 251   5  19  92 225  42 224 338 285 344 262 339 183 131
   333 337]
  [  0 258 239 368 357 164 343 327 354 394 236 363 160 248 385 380 317
   140 177 378 399 370 158 164 165 331  54 168  51 363 353 389 301 218
   226 320 295 130 148 304  63 185 390  95 203  73 284 221 169  61 242
   176 363 141  53 325 207 137  30 299 254  94 276 166 307 183 326 148
   258   0 336 399  29  62  91 373 389  41  69   5 261  84  46  17  14
    77  13 351 357 315  17 376 204 385  77  99  28 274  10  85 161  76
   160  88 319 177 207  21 369  98 337 351  49 203 249  92 391  71 168
   229  66]
  [  0  73 142 207 138 193 108  65 159 359 371  90 238 316  95 372 170
   176  33 146 238 132 116 315 335 245  25  45 343 242 147 296  35 112
   394 252 213 336 375 154  38  80 343  20  79 368 365 366  49 199 341
   271   6  94  77 175 244 342  14  50 107  33 152 279 109 109 212 105
   325 345   0  33 306  41 142  77 389 314 152 239  60 315 221 125 191
   366 320 187 136   8 396  87 106 180 212 327  28 274 387 122 116 258
   194 158 107 145  24 210 323 102 339 131 362 250 283 215 120  66 311
   208 200]
  [  0 304 342 310 103  97 138   0 258  13 357 383 194  54 314  57 242
    51  79 175  17 132 399  42 160 356  44 264 370  25 166 264 303 126
   394 298 307  56 197 127 237  15 385  78 273 207 313 358 136 264 189
   282 169 183 203  62 254 220 364 313  64 209 184 287  25  12 196 104
   214 108 296   0 372 397 238  41 189  32 161  68 196 326 176 360 363
   126 339  11 347 360 140  34 324 315 165  45  67  60 192 170 395 147
   251 144  20 308   0 201 207  26 273  94 334  76   8 274 145   3  82
    44  95]
  [  0 394 147 304 388 371 168  68 176 241 198 169 112  36  80 174 374
    35  94 333 303 130 301  74 114  36 132  19 345 288 198 108 225 399
   175 112 269  10  86 295 261 263  83 301 371 260  63 357 326 222 136
    29 366 222 129 202 295  66 352  98 199 390 202 185 321 217 118 102
   360 140 201 362   0 223 292 186 169 158  23  30 191 263 251 102 163
    91 208  25 299 141 291 153  79 391  35  59 101  14 103 169  83  32
   346 188  23 182 241  54 334  91 183 374 173 395 385 140 264 101 205
    66 247]
  [  0 187 178 370 351 389 269 102 221   7 100  82 386 349   1 305 230
   289 361 160 141 327 314 332 184 326  20 367 146 302 240  30 100 247
   204 313  39 252  17 266 342 324  11 298  68 245  41 278 137 165 115
   265 353  97 392  97 342 115 253 270 156 170 219 139 392  30  44 200
   220 194 224 276 208   0 323 339 286 338 320  55 151 251 332 366 284
   393  12 202 258 270 158 131 313 149 386 326 362 154  42  33 344 391
   273 323 244 271 196 288 314  56 133   5 294 282 374  17 168 207 122
   142 350]
  [  0 187 221 378  10 288 394 142  18  73  50 125 164 147 272  96 129
   258 141 205  36 320  52 197 344 157  20 143  84   0 303 110 134  69
    66 357 278 315  41 241  11 299 397 177  60 376 255  85 271 324  38
    68   5 107 174 214 104 184 169 375 142  26  93  86 228 314 209  88
    30 184 331 252 184 246   0 371  86 385 357  72  33 148 393 388 311
   329 263  50  95 336 154 277  10 314  99  76 155 390 376 314  46 295
    61  74 368 280 206 302 295 162 192 273 135 176 202 379  54 268  92
     3 203]
  [  0  88 254 260 239 145 365 332 296 282 142 326 150 357 243 376 301
   146  17 323 187 137 112 128 160  63 207  39 402  24  72 217  51 140
    99 234 270 357 337 162 352  45   3 315  46 268 116 350 148 378 258
    18 395  66 245 164 193  79  92 119 294 354 283   0 252 322 382 281
   255 301 298  37 277  76 136   0 337 251 101 336 397 185 175 154  29
   291   7  88 311 158 297 107 247  38 184 243  11  87 245 181 123 132
   152  58 232 203  73 322  40 132 354 249 157 226  41 171 254 260 210
    20 189]
  [  0 395 201 379 291  38 186 177  61 305 101   3 310  54 114  64 148
   347 337  60  20 370  59  64 198 258 135 237 308 149 167 197 350 234
    25  64 391 364  94  70  14 221 139 210 170  49 211 371 237  71  58
     2 152 126 141 143 210 157 181 235 184 372 373 127 336  40   3   5
   191 119 130 277 209 264 233 383   0   2 390 359 369 289 295 223 134
   244  68  19   7 379 326 269 299 143 102 305 294  25 308 259 302 144
   203 111 236 199 395  65  71 200 198 116 325 185 272 134 233 226 322
   340  81]
  [  0 225 396 108 130 325 129 218 104 378 282  61 165 280 107 309  83
   262 225 335 343  21 228 301 130 103 220 139 187 259 106 246 188 251
   220 230   7 252  16 310 340 367   3  55 117 179 326 263 140 347 337
   372 398 221 260  62 375  91 106 397 364 245  54  40  97  29   0 155
   336  67   4 367 332 277 360 248 188   0 297  68 376 373  64 382  66
   158 362  25  54 114 179  69 320 227 254 228 121 273  62  61 251 106
   114 376 193 244 362 291 140  30  74  83 389 328 365 209  13  59 328
    47 224]
  [  0 152 384   2  15 296 143  47 373  12 136 114 258  25 142 262  22
    26 108 156 255 199 179  38 245 143 237  63 248 142 110 112 380 327
   310 183 244 218 277  57 306   2 361  92 149  28  46 214 310 271 363
   402  77 188 322  16  57 333 303  53 191 194  70 201 375 388  24  82
   260 142 152 306 143 309 206 267 156 305   0 185  29 224  12  47 383
    77 176  59 282 154 158 294   7 199 239 184 254 139 232 225 229 291
   195 278  75  27 110 165 318 253   7 150  44   3  11 117 176  18 361
    27   7]
  [  0 294 359  18 238  28 332 198   6 383  70 214 282 317 218 277  92
   108  79 125 227 153  35 134 240 260 394 227 178 213  65 390 117  63
   218 242 108   8 394 193  53 313 237  77 311 202 242 105 303 137  19
   305 345 211 129 139 360   6 359  11 179 326 391 401 387 336 264 148
   344  88 101 369 291 178 211  26  14 158 324   0  38 315 257 277 130
   197 186 263  58 298  98  65  48  14 139  48  42  87  60 268  50 189
   217 252 237  13 279 355 129  26 278 143 283 162  34 271 394 234 103
   158 376]
  [  0 171 241 245 266 226 102 278 305  83 201  85 241 306 217 336  45
   177 264 171  36 164 207 254 348  60  84  69 387  19 340  81 210 206
   291 217  47  93  52 202 356 142 386  31 279 266 157  31 265 247 297
   285  95 132 292 375 332 343 123 338  84 112 135 115 375 203 197  60
   239 374 330   0 382 267 205  69 202 325 341 201   0  66 158 165 260
    67  89 356 266 220 288   8 156 340 183 384  21 118 259  54 163 268
   379 230  74  37 247 108 216 156  32  77 324 208 116 145 389 249 147
   284 269]
  [  0 288   2  78  82  75 387 364  69 175 123 313  45 288 270 174  49
   307 133 146 177  33 225 272 230 163 389 244  76 373 120 330 322 400
   347  10  74  71 346 368 123 267 276 108 328 135  57 289 159 301 212
   214 296 131 281 380 342 311 225 198  23  34 282 150 234 278 166 118
   102 343 361 359 254 145 240  76  71  53 290 269  86   0  56 134 265
   207 198 262 278  50 108 210  51 238  68 253 255 338 291  68 317 228
    10 132 245 384 279 294  45 123 215 221 185 367 231  87 303 379 346
   227 327]
  [  0  18  35 207 247 170  44 215 131 225  50 385 378 365 112 159 380
   142 224 160 122 212 373 336 279 322 131 301 209 199 397 254  72  17
    15 395 122   0  83 313 292 276  69 379 330 358 228 210 210 344 283
    48  35  29 178  49 383 270  90 139  12  19 169 232 336 118 374  44
    91  98 300 239 402 287  20 325 166 335 209 399 144 191   0 322 132
   332 338 315 348 280 222 189 301  19   4  53 194  30 214 332 170  13
    26  96 202   9 142 280 353 291 205 381 191 126 302 383  37 287 338
   203  87]
  [  0 387  75 253 194  25 297   1  79 322 218 319 331 292 257  88 107
   164 135  62 193 251 134 216 187 107 263 225 170 389   1 334 290 293
    81 207  37 183 339 384 235 221 221 128  44 327 190   3 194 198 352
   214 185  18 249 288 112 195  76 402 339  33 382 238 224 394 259 343
   104  69 397 240 402 271 150 152 282  24 260 139 381 164  65   0 313
    58 259 402  17 182 372 158  18  39 171  87  61 285 326 125 207  91
     6 216 179 247 271 213 390 158 116 177  88 218 264 109 246  38 288
   322 309]
  [  0 213 108 152 173 399  91 138 394 100 216  61 105 262  85 270 145
   239 284 163 269 247 356 106 110 287 338 335 194 286 133 276  30 147
    28 266 363  67 264 110 266  34 110 371 175 204 316 128  75 205  30
     7 314  53  26 175 106 256 168 387  34 357 320 364 323 199 280 207
   348   0  92 374 267 247   5 138 313 159 167  44 150 211  18 192   0
    79   3 225 174 384 189 233 238 183 254 128 334 226 367  30 196 304
   273 374 331 148 387 382 377 380 336 256 272 342 345 384 191  48 359
    33 259]
  [  0 280  37 240 337 340 264 354 181 352 396 251  80 356 154 111 341
    94 166  60  15  32 107 252 334 250 102 271 187  10  34 155  77 290
   326  52 286 125 296  66 276 162  61 370 134 166 143 256 109 337  58
   292 249  63 375  79 186 165 175 255 383 148 294 139 259  13 153 336
   278  68 352  44  69 188  26 282 124 108 268 128 292 391 357 181  20
     0 204 183 313  62 287 385 248 365 369 181 283 165  18 148 286 260
    32 385 383 126  59 400 385 240 249 328 305 307  60 158 278 394 241
   256 307]
  [  0  87  14  91 372 224 205 203 234 107  84 102  27 239 219 267 176
    41 363 132 206 396 343 180 208 213 125  14 240 336 279  49 153 224
     6 180 282 360  71 358   0 102 373  78 246 156  97 218  56 300  40
   201 341  90  40 167 374   2 279 340  58  39 322 107 336  19  20 249
   247 402 395 113 263 210  73 339 317 238 318 382  92   3 268  77 194
   139   0  22 161 373   6 397 354  47  17 392 215  74 124 109 362 301
   142 228  81 254 376 174 245 324 269 248 135 203 386 384  78 228  62
   355 364]
  [  0 149 338 311 297 227 292 207 374  19 282 285 365 359 253 294 394
   159 192 201 247 167 304  68 335 233 184 379 233 327 223 399 314 144
   220 169 253 226 121 367 118 376 281  80  29  59 234  81  11  93 163
    79 392 262  89 339 364 206   2  67  16 120 266 198 352 366 358 321
    29 183 389 244 203 220 151 312 350 290 215  60 299 378 158 172 284
   121 231   0 327 246 234 340 157 242 340  43 367 369 296 241 377 347
   342  40  94 340 318 358 157   5 114 348 167 110 367 146 122 301  96
   397 241]
  [  0  66 201 237 362 205 234 399 275 355 324 191 365 270 328  20 355
   220 182 355 140 395 307  35 132 127  44  80  23 381 294  44 339 386
     6 174 281  29 387 196 380 131 322 246 383 336 194 189 180  33 230
   241 343 109 283 293 275 207 376  59 250 340 248 275  91 284  77 118
   172 391 388   9  68 309 386 110  67 210 206 401 397 182 143 203 200
    44  94 299   0 240 187 171 302   8 210 246  65  36 141 397 274 246
   153 276 360 354  86  37 373 103  92 116 315 116 228 330 357 268 188
   391 130]
  [  0 276  14  48 241 156  35 336 352 385 382 220 365 246  57 164 187
   148 184 189 192 154 358 286 224  61 297 245 215  47   3 307  73 270
   355  16 236 389 339 342  85 237 385 349  15 322  93 108  98 219  77
   374 207 180 169 134 317 243  92 366 127   1  63  18 390 227 139  30
   306 149   8 217 268  81  87 134 386 283  77 258 134 186 387 255 225
   161 253 369 308   0 130 283 332 310 270 334  84 292 334 165 268  85
   212 308 289 140 120 351 174 174 159 295 136 237 392 370 392   0 234
   314  60]
  [  0 307 162 243  68 356 111 140 265 389 122 378 316 314 235 221 389
   101  69 344 239 256  23 245 126  16 303  99 265  63 169 305 243 402
   380 364 247 225 313 154 185 100 340 399 113 257 111 113 119 254   4
   144 130 344 255  95 195  55 160 203 205 401 274  65  80  82 395 338
   360 128 236  55 127  35 152  57 172  25 150 169 258 394  22 229 155
   325 313 388 169 132   0  87 295 219  82   9 380 230 359 165 219   3
    80 394 267 137 163 228 283 249 131 173 256  61 154 249 315 213 229
   212 260]
  [  0 193  20  14 179 252  84 202  39  76   7 387 365 308  96 349 189
    74   6 326 391 374 397 209  12  82   0 218 129 358 188  53 215  93
   303 118 391 317 225 293  95 349 192 375 381 102 251 395 340 119 197
   219 261 124 273 327  19 299 195   4  66 132  18   4 329  71 216 390
   257  26 126  63 180 341 311 389  94 275 101 136 144 247 122 354 389
   223 254 397  46  78 288   0 357  12 361  99 302 147 286 283 280  47
   199 187 330 182 145 328 237 158 401 133  56 142 320  87 392   8 270
    70  91]
  [  0 398 155  24 242 134 329 119 158 199 113 241 333 190 200 367  55
    50 225  42 335  90  93  43 356 136 164 289   1  22 268 115 138  78
    84  39  83 132  13 272 113 179 218 192  96  19 221 131 159 247 200
   136  93 360  54 193 167 171 262 335 136 280 380 268  14 356  92 345
   186  79 202 239 120  58 102 226 180  19 267  76 384   3 290 402  71
   299  14 281 166 140  46 147   0 358 250  16   5 364 342  14 111 338
   224  29   7 240 153  18 284 255 361   9 382 127 288 242 159 133 184
    96  22]
  [  0  76 205  79 232 230 241 229  67 257  77 149 223  13 372 341 233
   191 200 275 250  66 343  67 142  85 185 170 180 123  85  72  56 292
    17 366  14 109 186  15 270 123 176 286 237 373 215 110  87 171 121
   370 121 354 102 216 109 262   4  15 170 246 179 298  25 283 348 279
    18 337 163 248 326  66 389 350 158 157 198 260 258  60 173 365  68
   346 167 231  35 182 344 349   0   0  95 174  98 297 226 168 351   9
    80 276 211 178 209  54 106 268 221 178 164 234  56 271 106 350 208
   163 318]
  [  0  18 115 122 314 288   9  66 256 209 389 376  46 110 248 290  88
   108   8 253 251  43 150 188 249  84  69 126 297 317  92 366 312  53
   137 315  59  97 162  39 105  21 390  75  93 177 287 270  24 278  43
     1 198 100 236 197  97  42 352 317   0 285 326 111 138 143   4 319
   164   0  94 299 361 269 296 342   3 165 325 125 168  88 258 161 309
    36 125 360 130 104  71 111  59 266   0 289 303 339  24  68  36 332
   143  21 103 171 147  78 360 162  49 378  49   4 265 287 195 242 318
   256  71]
  [  0 247  45 177  13  56 333 184  34   9 380  83 272 193 255  17 234
    22 118 302 147 347 278 364  34  95  24  47  83 203 104 125 268 264
   216 181 224 202 179  47 311 153 170 114  13 370  66 114 304  55 339
   252 274 298  29  91 293 268  85  65 105 343 394 151 322 200  14  89
    94 339  51 203 113 306 152 323 211 329  61 386 202 174 350 351 274
    29 220 245 236 315   4 243  71 298 354   0  59 218  82 333 214 265
    22 148 398 193 287 313  39  39 197 127 320 390 284 385  98 392  12
    63 293]
  [  0  30 101 180 192 116  39 225 100 205 135 265 314 265 271 356 225
   183   3 164 394 307 376 162 386   8 148 296 398 360  46  61 303 394
   104 163 117 303 223 293  81 165 263 254 130 254  17 393  13  74  94
   170 304 151   7 299 172 268 293  48  60 261  64 232 334 308 218   1
   271  18  15 126 356 370 371  54 320   7 280 298 321 218 233 289 399
    17 191  36 195 182 205  94 109 148  24  67   0 402  93 104 304   4
   261 225 215 242 321 289 126 141 161 169 360 283 350 285  63 181 111
   388 135]
  [  0 216  77 199 239 179  33 311  56  66 196  56 306 302 290  70 180
   164  90  96 139 286  42 241 354  39 177 247  30 276 288 147 133  69
   261  54 277 133 235 258 324 176 194 298 142 122  32 178 147 113 336
   112 326  59 227 161 345 116 186 386 191 237 308 327  77 158  64 347
   112 195 364  52 177  48 393  66 194 298  63 314  72  79  30 400 381
   288  22 115 333  77 390 232 240 165 387  95 391   0  40 217 344 208
   382 247 351 330  59 292 310 226 209 338 263 395 191 307 108 248 311
   266 189]
  [  0 201 177  25 388 370 156  68 163 316 350  92 396 153 194 160 187
    24  44 164  69 258 402 356  53  14 125 149 185 386 381  56 363 173
   277  66  31  99 237 357 143 298 232 114 352 102   2 184 240  18 180
   218  61 254 218 293 202 169  50   8 145 277 277 324 208 401 137 105
   235 140 302 199  46 250 150 172 371 163  31   5  35  52 239  61 216
   103 359  80 361 188  15  68 324 318 394  30  48 152   0  64 148 258
   165 109 348 106 284 268 258  32 236  53 388 382  29 296 339 384 348
   364 281]
  [  0 271 239  95  71 185  12 162  52 243 189 353 118 114 187 218   6
   153 133 395 383 278 197 200 281 371 256 319 399  63  64  84 401 260
   308 164 163 170  39 176  22 372 146  25  36 179 367 177 291 274  55
   400 215 183 372 299 284 247 206 382 213 294 111 308 102 101 132 110
    98 386 143 378 127  71 256 302 364 160 166 360 318 315 277 178 115
   225 230 299   3 391 290 144  47 203 189 392 320  29 329   0 295 396
    91 328  91 243 198 198  52 395 165 316 187 327 229 289 332 340 387
    39 358]
  [  0 163 396 101 323  11 341  64 282 353 170 234 298 292 154 133 213
   297 234 210   7 384 220 340  57  39 297  13  58 242 321  99 159  80
   363 220 191  90 217 181 171 105 133 176  83  69  27 107 112 171 294
    44 359 349 271 327  99  37  97 320  96 364 291 113 314 147 326 325
   264 174  86 213 235 395 123 350 168 377 151 278 400  48 234 191  35
   143  42 245 258 291  17  28 146 390 104  58 210 295 378 139   0 336
     9  98  95 234 146 280 185 236  17 342  43 327 388 305  73 146 217
   289  28]
  [  0 152 269  88   9 204 319 252  25  46 361  71 158 121 262 331 142
   228 218  76 235 177 255  95 398 314 187 367 312 157 233 249 372  52
   177 272 308 300 105  76 398 189 307 146 187   1 236  22 181 273 214
   106 143 273  67 373 116 258 116  37 297 296 293 386 392 378 243 192
   132 353 386 155 185 108 304 190  92  15 247 248 323 305 117 196 243
    23 176 346  43 371 121   6 332 159 159  48 142 300 293 370   4   0
   254  88  12 139 120 321  26 238 316 397 260 188 386  42 308 209  87
   311 159]
  [  0 300 143 132 400 391 119 165 284 248  42 216 299 117  57 172 160
    57 146  26 143 224 155 178  15 240 152 374 329   3 260 308  29 147
   357 334 180 223 166 365 338 391 217 284 235 212  30 197 228 310 326
   234  56  79 251 377  94 177 297 146 372 273 238 302 182 324 200 314
   376 201 162  24 323 307 137  17  22 158 235 302 298 293 306 100 208
     2 222  22 276 108 122  53  88 394 205 184  39  94 150 141 132 295
     0 341 330 175  30 254 101  62 202 315 236 329  31  81 127 154 137
   176 275]
  [  0 337 365 175 121 249 259 144 349 158 331 246 226 256 117 320 344
   245  57 395 207  18   9 180 396  35 179 195  43  33  45 366 386 266
    93  11 196 357 202 335 266 356 282 108  49  35 141 141 278  46  29
    54 323 170   4 393  45   8 142  18 122  71 238 375 301 297 399 390
   166 278 203 311  99 314 289 327 385 134  30 376 401  91 202 104  11
    28 178 162 280  92 157  10 359 302 245 106 331 333 396 174 138  66
   279   0  77 285  22 247  88  50 327 141 101 308 297  90  53  30 141
   398 109]
  [  0 387 296 181 184 350 380 229  45 285 248  77 360 329  94  17 216
   342 381 155 339 290  95  66 275 292 336 238 354 379 335 346 201 287
   349 383 274 337 348 329 170 330 401  62 175   3   2 188  77 218  24
    90 385 105  57 353 312 364 345 131 229 102 336 320 288 248  68 172
   167 178  57 115 243  61 131  23 147 320 219 123  54  60  26 380  80
   322 179 322 173  28 184 303 329 335 354 116 170 142 117 291 123 230
   202 207   0 135 258 244 112 258 387 369 294 356 386 146 335 217 378
    65 127]
  [  0 174 387 138 166 393 306 376 254 238 290 322 143 220 215   0 115
     2 392 185 181 182 181  46  80  60 397  31 178 180 313 322 335 381
   248  25 244 337 338 135   8 285 200 193 384   7  52  50 147  54 210
   213 119   5 242 249 147  52 337  77  10 302 276 113 242  49 192 291
   361  16  92 335 284 256 181 221   3 258 180 146 245  23  10 180 257
   229 228 229 127  64 344 169 312 333  52 108 120 221 238 282  55 144
   280 281  80   0 143   0 133 370 375 157  71  26 172   2 386 374 101
   388  86]
  [  0 279  95 239 125 399 299 363 182 217 103 202 370 331 239 298 389
   193 332 246 131  14 168 123 322 308 154 346  59 359 267   5 250 218
   124  16 348 286 279 221 132  15  41 350 159 158 103 184 150 373 298
    31  42 349 289  66 104 232 289 161  59 294 254 272 128 248 368 264
   201 215 391 312 355 374 232 372   1  47  88 166 397 338 366 369 151
   318  32 270 128  10 120 123 305 225 314 157  80 153 274 399 280 335
   197 206 247  70   0 165 371 296 274 112 236  25 258  14 331 158  95
   128 127]
  [  0 123 321  18 342 277 271 204 189 347 383  76 336   3 189 148 142
   401 157  45 150  75 214  18  27   6 182  40 399 375 255 400 190 240
   132 395 197 337  12 340  20 396 151 215 278 177 171  58 238 168 254
   244  22 176 295 125  30 129  61 143 163 238 354 191 165  24 207 382
    82 391 254 198  49 227 143  83  24 269 353 385 333 116 253 327 246
   378 327 307 166  24 133 105  75 117 378 347 143 331  82  26 316 252
   111 365 362 149 397   0 179 187 160 243 152 116 169 188  82 311 151
    27  96]
  [  0 188 402 159 382  32 395 264 276 242  81 183 363  96 130  70  20
   291 250 284 263 264 107 324  87 246   7 230 296 330 253 358 300  43
    74  73 189 367 395 225 248 290 288 215 138 384 336 357 235 170 236
    81 356  45  42  48 293  34  92 199  63 371 256 113  69 155  67 217
   392 367 267  39 285  14 279 398   0 139  76   7 299 172  25 282 204
   132 254  48 132 185 379  67 273 336  89 212 250 220 381 355 238  90
    95 195 134 152  11 113   0 345 316 203 245 129 253 135 153  40 231
   375  74]
  [  0 202 313  30 157   8 287 180  71 310 111 209 330 248 264 274 322
    68  64 344 296 295  48   0 208 225 104 227 362 223 239 293  73  41
    15 137 301 139  43 358 393 261 370 179  84 253 117  48 230  98  62
   294 225 329 149 277 229  37 336 199  49 137  47 144 101  55  90 237
   367 220 137 341 273 391 183 252 268 352  87 299  25 106 296 290 326
   226  26 241 127 132 222 323 131 137 106  96 280  81 253 400 153 363
   149 128 208 307 344 393 337   0 245 318 131 337 131 352 358 353  36
     3 150]
  [  0   3  28 321 322 341 314 242 158 206 345  38 315 343  34 119 119
   288 165 343 355 348  82 320 163 397 166 265 265 220  24 115  61 401
   295 220 146 257 334 242 360 120   6  54 259  88 243 164  26 111 338
   127 342  83  71 292 238 341 220 287 377 190 290 366  99 134   0 207
   316 372 140 361 248 325 269 162  47 173 234 278  95 316 347 324 392
   237 338 269 231 391 347 125 163 382 399 287  99 201 373  34 119 400
    89 392  55 298 259 346  15 350   0 215 286 104 158 190 212  89 143
    17  67]
  [  0 349 305 203 301 228 350 308 193 266 276 316 180 215  68 135 312
   298 386 188 156 219  80  81 232 245  84 230 302 290  10 283  29  84
   210 114 367 219 172 229 269  20 381 275 148 214  26 329 251  33 235
   265 237 305  67 358 399 131 335 191 325  20 194  33  79 301   8 380
   358  63 309  49  94 345  52 239 315 168 151  17  19  94 120 316 303
    43 197  97  23 250 296 144 206   1 259 340 315  89 371 142 365 252
   159 196 138 194 305 288 174  14 167   0 144 287 267 286  97 309  45
    42 315]
  [  0 151 220 201 208  58 289 349 195  60 192 117 177 330  50 128  57
   323 220 145 150 276 105 322 318  44  13 384 397 352 243  97  47 354
   394 247 369 190 344 146 249 306 288 214  97 229 297 236 182 298 122
   211 149 271 318 372 317  69 158 205 141 281 362 348 296 181  41  91
   195  22 204 140  90  41 384 128   5  83 243 240  81 186 118 390  62
     2 282 167  90 390  84   8 254 267 263 247 330 330 323 263 383  53
   361 388 299 155  10 276 219 340  36  72   0  18 376 375 213 209 162
   230 361]
  [  0 143 365 224 394 167  23  98 382 166 238 215 247  12 203 359 170
   140 380 134 191 155 310  78 287  85 355 107 353 240  63 205  99 316
   157 144 168 382 224 291 354  59  54 149 269  91 187 237  85 181  17
    95 271 199 319  98 292  42  15 293  95  47 192  25  76 394 293 123
    81 217   4 233 389  14 170  59   2  42 310 161 301 326 377 239 321
     0 245 264 208 350 331   7 293 227 122 305 221 276 388  69  15 325
   313 124 175 163 215 266 221 197 281 156 286   0 399  50 308 256  71
   104 154]
  [  0 162 172 278 118 178 109 132 141 367 327  19 187 231  12  91 307
    35 368 173 238 244 399 144 391 393 180  44 182  32 361 324 393 319
    66 284 392 142 269  74 343 214 262  57 203 361  37  76 329 182  21
   400 232  27 239  77 345 258  42 165 106 120 106  26 231 278 347   9
   310  54 161 369  55 304 115 394 319 402 349 112  91 211 135 393   9
   268  78 345 132 346 379 171 309  37  38  49  48 291  43  86 291  55
   295 278  56  57 260 363 166 201 280   4 191  50   0 136 127 400  64
    30  11]
  [  0 311 259 158 372 308 313 314 190 384 300 374   4 147 324 192 341
   250 283 234 331 370 206 255 334 287 203 233 212 186  97 131  54  83
   135 140 315  29 390  69 373  30 273 190 143 399 313   8 135  46  15
   266 201  42  23 280 159 261  26  28 282 311 379 333 288 232 245 145
   270 162 384 191  99  82  68 393 293 195 326 356 287 267 285 104 206
   229 109 230 227  86 184 124 110 261 222 122 286  45  73 396 253 368
   118 231  99  29 384 122 135  64 187 165  40 268  15   0  83 346 368
   311 107]
  [  0 305 136  41 157  53 239  41 344 158 165 315  65 225 354 398 178
   395 161 386 261 298 166 112 348 240 355 301 126 332 233 263 267 314
   116 275   2 232 266 344 271  73 178 331 401  20 103 328  28  82 173
   311 200 285 387  93 165 289  38  51 144 262 261 340 230 166 108 279
   269 208 342  19   0 392 367 389  60 190 227 366 129 182  18  14 104
   387 130 399 241 155 189   9 336 284 188 360  43 105  69 368  22  26
   212  19  31 127 230 306 317 202  16  30 333 335 351 284   0 397 380
   390 258]
  [  0 222 180 260 263 273  54 352 278 347 388 212 348 130 368 313   9
   143  80 180 252 108 198  14 297 369 281 335 266 242 112  61 118 135
   185 165 159 374 125 290  72  63 184 380 318 183 208 299 280 370  85
   102 258 319 264 372 316  74 262 126 138 107 400 234  46 158 288 120
   158 358 303  87 178 376 373   2 348  12  24 140 146 389 324  55 125
    30 274 245  13 186  35 269 348 162   9 354  90 182 336  35  14 193
   112 346 138 256 378 318 144 167 325 104 320 382 275 326 153   0 379
   133 200]
  [  0 116  10  11 296  23 181 170 108 380 261  97  12 400  51 137 239
   150 298 123  24 373 125 255 215  17 198 237 320 335 397  59 117 278
   105  91 310 116 382 177  66 379 325 217 168 140 373 133 337 385 303
   351 101 336 197 328 326  87 248 249 284 222 288 296 150  60 245 161
   244  33  10 143  30 198  41 326 187  80  50 310  65 392   9 215 301
   281 230 204 183 339  32 329 173 385 363 322 135 255   3  18  84  93
   177 381  60  48  57 220 198 262 387 133 257 355 374  43  96 330   0
    43 151]
  [  0  19 143 167 248 219 267 290 399 194 139 326  56 272 200 286 381
   150 364  64 315 385 377 332 283  53 255   6 187 297  17 259 385 235
   392 269   6  55 246 266 186 119  11  44 249 378 341 385 322 328   3
   254  65 339 196 336 241 323 338  20 240 396  17 392 152 379  30 394
     2 214 308 348 313 295  48 119 341  64  37  95  80 311  72 226 349
   126 133   1 221 309 231 209 393 113 321 339 321 381 349 188 311 119
   368 308 221 244 152  55 192 394 344 377 231  50  37 131 228 398 238
     0 369]
  [  0  28 336 220 314 284 245  26 253 190 188 303  95  22  30 132 398
   348 399 279 111 173 281 370 201 241 297 375 121 103 369 282  13 335
    48 365 103 214 293 244 226 115 366 241  53 331 156  31 187 132 102
   383 264 294 357 396 304  55   2 391 204 336 297 168 176  37  67 137
   103 358  14 120 360 286  15 260  32 108 377 396  22 169 154 295 139
    93 309 283 291 133 391 258  73 377 161 357  66 156 372 326 398 372
   190 346 383 127 100 198   6  55 182  93 256  67 362 304 268 215  99
   248   0]]

 [[  0 120 206 346 287  82 142 316 173 344 392 372  39 360 101  20 323
   387 353 357  12 212 155 401  38 147 118  88 270 184  62 144 273 139
   190  82 304 242 359 318 229  22 327 310 108 107 142  12  77 191  68
   340 203 313  19   9 161 197 213  75 166 166 358  67 114 278 368 232
   395  34 387 112 368 289 138 341 115  91 144 356 326 112  34 123 148
    68 263 328 305 277 393  24 186 144 117 227  24 388 107 122  87  93
   302   1 122 137 141 179 257 287 321 158 332 196 172 279 382 295 313
   275 172]
  [  0   0 366 357 315 119 176 199 200 117 126 194  45 256  93  26  94
   185  67 391 274 330  81 364 227 116 360 126 215 125 346  90 290 166
   246 195 129 276  69 240 258 135 258  42 197 156 234 118 158  67 108
   302 132  35  72 376 305 272 188 130  30 239 166 277  26 367 351 323
    13 169  26 375 236   6  37 161  46  11  31 283  26 264   2  48 324
   283  93 289  73 131  35 281  82 137 311 325 151 216  99 158 247 333
   371 257 260 137 103  34 379 309 145   3 249 283  11 186 288 254 215
   115 111]
  [  0 336   0 327 290 359  58 167 212 279 271 208 368 382  75 152 219
   281  91 216 158 346  45 324 374  97 354 381 240  11 121 151 259 132
   208  36  54 223 102 119  31  85 289 294  83 325 285 295 217 283 131
   283 225   0 115 164 120 148 146 224 256  65 176 308 268 313 143  11
   273 186   4 217 316 256  60  62 264 121 245 146 287 371   6 288 267
   309 210  19 111 115 264 260 184   3  45 104 286 115 373 380 299 277
   269 370 204  21  49 318  69 246 131   0  33 346 298 319 130 140 373
   180  65]
  [  0 168  90   0 276 258 194 302 396 165 259 308 284 363 145 384 222
    33 260 292 128  27 238 198 114 179 203   2 137 369 303  89  30 171
   397 275 229 261 268  71 361 178 340 142 326 289 178 332 325 322 227
   345 119 380 103 327  66 216 197 102 251 393 219   6 168  62 220 246
   374 182 171  31  22 341 326 361  45 191 266  96 154  27 139  68  20
   287  69 367 196 379 117 117 304 117 105 168 191 293  90 328  56 284
   325 162  42 222 285 321 262 337 336 153 341 336  36 303 369 390 344
    39 224]
  [  0 321  22 307   0 206 151 193  90 343 194  81 334 378 289 231 270
   270 251  59 311 182 223 242  22 103 346 232 395 118 359 352 335  55
     5  38 126 114 104 383 402 280  43 303  55 367  64 363  82 370 371
    26 289  25   1 395 220 373 106 260 246 386  76 192 166  36 270 340
   323  58  69 332 271  24 167 293 365  96 121 391 114 251  94 326 198
   362 176  65  82 385  32 137 169  96 210 127  67 155 157  77 362 163
   254 128 293 209 305 344  98 216   7 330 294 350 344 185  34 244 382
   305  99]
  [  0  64 134  20 327   0  90   3 309 121 199 226 323 155  40  46 210
   362 246 155 262 203 355 230  41 384   6 210 166 216  33 390 172  20
   219 221 358  46  13 125 255 232 225  56  24 223  90  42 198 379 399
   181  99 389 179 177 294 329 211   9  95 340 203 385 309  94 374 149
    68 100  19 278  79  41 398 230 373 208 367  95 114 283  67 106 286
   314 221 369 192 336 336 238 185 263 259 312 214  71 256 333 233  13
   182 190 242  29 257 100 191 370 212 313 309 111 290 150  33 305   9
   394 298]
  [  0 342 344 212 320  85   0 154  72 218  10 395 150 221 252 398 186
   292  68 348 390  40  16   5  99 399 349  91 246 352 353 323 314 139
   162 311 333  51 174 331 392 212 376  31 141  38 232 156  40  42 200
     8 293 122 133 344 111 199  53  59 345 137 392 237 277  87 312 319
    92 154 257 292 354 215 243 151 181   7 245 320  84  23 154  63 298
   231 306 183 358 357  54   0 240 266 313  77 163 385 323 400 357 320
    55 375 370 329 287 220 331 356  61  84 277 380 283 177  44 137 274
   383 372]
  [  0 317 171 123 399  52 126   0 340 341 193  78 369 227  93 220  91
   187 379 209 267 368 247 274  83 218  29   8 338 400 199 296 386 346
   155 364  34 113 342 323 285 201 379  47 277  55  79 399  13  95  34
    27 316 136  30  82 274 143 384 101   6 121 219  44 115   7 344 125
   195 131 383 394 267 295 207   1 342  77 177 179 220 311  13 342 358
   319 213 279 119 344 243 357  81  51 212 354 163 168  51 268 184 334
   335 231 256  14 217 384 344  31  23 263 316 178 174 350  33 120 114
   134 346]
  [  0 183  53 118 400 207  43  32   0 184 272 378  80 228 257 178 207
   163 118 216 353 275 380 197 313 347 229 140 391 330  25  78 340  15
   207  12 366  68 235  26 130 245 175 165   1  35 254 310  40 284 205
   354 242 202 158 359  19  26 225 293 148  11 374 192 207  90 100 178
   279 179  69  98 206 198 157 214 153 221 275 135 184  64  33 105   8
   250 394 243  50 402 200  89 395 194  78 396 173 241 346 261 185 388
    65  30 284 295  25  12 169  49 209 144  43 201 333 185 146 270 330
    41  13]
  [  0 147  42 330 392 103 306 207  46   0  59  33 277 244 272 380  42
   192 202  34 294 235 109 319 182 392 334 156 255 264 193 319 250 213
   192  36  35  20 241 287 327 338 250 299   5 323 314  29   9 232 235
    17 192  67 126 384  76 108  98 178  82 274 117 313  30 189 181 145
   110   1 181 138 354 357 176 386  33 166  90 337 261 285 276 392 118
   289 249 158 273 326 195 300 291 339 357  80 174 401 235 145 274  65
   314 121  91  48 157 210  45 399 174 352  20 222 208  28  91 375 326
   322 306]
  [  0 396 374 202 144 152 339 355 278  52   0 249  80 279 330 197 138
   289 172 275 200 334 249 284  40 178 333 375 315 359  99  67 247 399
   279 360 328  99 391  70  41  19 166 241 245 158 152 340  44 139  70
   333 122 200 124 372 294 265  66  26 289 150 267 185 274 337 293  29
    71 156 279 295 133 298 240  37 234 221 366 140 345 248 354 106  99
   370 182  34 142 141 216 148 384 200 179 149 111 143  57 273 344 132
   303 303 276   4  94 186 144 233 260 155 126  28 196 185 375  69  88
   220 136]
  [  0 276  34 113 384  76 207 341 356 131  77   0  91 261 243 395  86
   170 217 218 272  27 121  75 351 350 117 398 173 196 230 123 234  68
   394  23 136   4 297   5 177 349 303 305  76  16  67 323 361 159 193
   259 309 214 216  55 338  11 292 114  89 308 348  29 345 377 191 173
   281 181 359 201 142 370 283 355 149 136 296  97 360  86 330 315  91
   203 231 377  47 307 335  68  62 133   3  84 310 111 401 133 272 161
   122  35 340 299  43  44 377 149 309  69  30 350  12 399 284  94 291
   282 226]
  [  0  66 359 158  25 300 213 238 163 395 381 218   0  85  39 213 182
   191 312 283 317 146  68 355 155 257 127 291  90 292  37 345 379 294
   177 241   2 364 134 338 393 222 164 261 327 392 335 308  65 110  58
   123  37 110 152  41 311 205 342  43 219 325 185 117  35 294  34  14
   316  60  13 239 297 340 240 382  72 371 216 313 366 171 149 160  53
     6 208 331  32 129 158 303 363 162 222 109 263 374 262  60 201  71
    80 282 180 221 147 172 198 209 361  68  12 266 246 135 351 256 381
   156 377]
  [  0  45 345 177 246 346 283 224 212 277  40  36 163   0  71  81 251
   321 267 232  44 108 158 331 114  79 379 373 402 172 347 204 143 255
    41 369 146 153 100  82 303  89 202 100  21 187 391  85 283  28 114
   330 103 265 207 125 181 136 127 351 159 238 109 323 314 265 187 399
   285 124 195 378 336 207 111  93 129 145 227 318  85  12 264 389 399
   130 269  89  65 199 311 239 330 250 263 130 211  93  96 340 244 145
   165 255  96 295 170 132 265 115 257 220  53  90 196  60 214 146 370
    25  19]
  [  0 185 117 239 290 334 107 176  85 266 292 351 297 187   0 286   4
   315 198 209 131  36 197   0 357 254 356 329 332 252 162  60 104 237
   400 334 346 221 385  88 245 225 378 215 145 252  63 368 374 145 211
   195  28 233 338 320 267 184  56 261 323  17  61   9 284 294 134  66
   268  82 349 320 391 263 175 137 168 291 216  15 394 225  55  18 361
   155 266 180 133 139 396 357 209 159 314 313 389 254 282 390 204 279
    82 376 295  58 180  45 331 345 377 194  87  91  84 213 273 196  11
   402 283]
  [  0 213 164 242  71 215 358  64 125 254  34 327  67 108 302   0 209
     5 193 102 376 224 233  38 124 257  65 354 344 239  47 244 155 317
    73 281   8  36 164 325 220  79 365  41 333 383 399 304  83 183 260
   350  57 150 137  62 131  55 130  58 242 307 393 280 336 293 383 143
   333 365  22 128 191   7 334 121 396 241 182 401 275 159 264 155 346
    81 240 383 359 385  60  57 194 398  92 374  17 242   2 321 393  92
    43 169 380 237 295 111  89 226 373 189 400  39 254 204   7 289 360
   386 391]
  [  0 185 213 307 110 237 366 377  97 215 296  66 219 105 121 256   0
   398 251   8 196  48  34 194 273  19 282  93 124  41 153  52 110 256
   388  48 133 274 135  80 187 387 109 210  32 137  29 139  29 190 119
   103 169  41 347 256 204 306 104 103  61 119  20 170 175 212  80 183
   190 163  58 189 123 118 237 281 374 301 115  81  86 338 381 337 187
   285 295 373  65 215 323 110 369 231 296 309 148 107 215 376  21 342
   376 202  81 322  14 143 287 140 402 125 222 373 205 192 276 317 102
   219 180]
  [  0   1 231 382 142 257   3  30 374 362  20  63 346 193 353 314 213
     0 267 218  50  63 263 191  36 211 330 287   2  37 356 314 209  80
   178 318 190 245 250 267 296 155 180 391 259 204  31 281 337 230 184
   304   9 270   3 150 183 246 180  53  52 222 366 144 263 205 224  45
   338 241 371 131 100 261 358  42 296 360 176 193  64  86  19 229  89
   250 369 317 171 231 353 376 202   6 178  38 127 243 262 326 183 236
   216 274 399 185 109   6 256 285 181 337 227  66  10  47 275  19  56
   393  70]
  [  0 142 213 398 305 399 132 158  40 100 214 392 143  74 186 343 123
    56   0 220 385  58 284 229 365  18 248 103 400  80  56 395 132 199
   365  20  10  75  33 131  83 103 345 167 172 383   9 172 275 212  64
    34 141 261 367 371 230 344 255 118 179  88 342 230  80 198 136 349
   222 320  50   8 371 340 247  55 309  93 153 322 307 270 355 384 300
   138 282 238 242 144 275 132 188 191 336 333 161 152 388 367  11 311
   373 310 386  26 180 187  92  81 195 394  63 347 121 139 271 230  34
   400  57]
  [  0 352 322 188 402  46 126 372 352 180  16 112 308 139  92 360 184
   332 354   0  31 181 351 218 114 392 199 107 237 319  19 173  50 167
   300  65 253  40 265 331 265 274   2   1 114 112 286 299 194 118  21
   230   5 282  99 297 249  88 292 387  81 241 113  88 365  87  62 374
    37 378 298 292 373 130 348 213 105  88 317 386  51 291  43 275  36
   151 106 193 364 165  10 273  68 176  21 281 350 124 132   7 244  17
   115  42 399 199 389 273 379 253 175 159 269 256 392 228 111  43 334
    95 332]
  [  0 242 240 160 355 264 135 391 289 291  97 179 355 380 342   2 143
   270 167 205   0 336 316  73 212 133  79  13 222 224  70 235 219 174
   277 162 355 112 261  27 188 152 169 258 170 106 238  42 264 340 388
   383 275 354 295  68 151 152 329 323 346 108  28 166 297 377  88 311
   379 347  62 119 171  72 336  17 369 203 366 263  47 235 301 230 359
   226 133  25  44  11 380 101 108 316  67 245 377 257  65   7 199 265
   175 344 256 376  75 128 219 106 362 209 150  90 234 193 267 291 362
   286 140]
  [  0 108 201 178 286 129  18 333  41 281 387 384 402  41 196 291 197
   161   6 316 255   0  57  48  83 211 145  36 154 140  37  72 345 366
   397 167 258  74 261 332 239  81 274  96 186 196 327 250 369 289 269
   151  99 377  27 289 330 393 291 319 298 299 344 184 156 253 317  58
    37 110 104 393 395  55 146 135 122  73 100  40  90  55 297  78  19
   232  35 120  65 386 305 121 326 383 179 185 376 308 353 115 199 357
   235 189 168 108 296 254 291 199  66 172  97 395 301  85 162 170 106
   236  93]
  [  0  99  61  50  99 219  48 166 203 166  70 122 289 402  91 234  79
   266 368 347 124 363   0  82 358  59  93  85 263 220  37 155 215 386
    38  68  21 136 144 196 253 218 381 164 282 126 224 197 223 209 146
   306 296 289 280  39  44 326 365  34 382 378 182 105 242 206 190 304
   210 248 258 240 384 154  51  81  31 108  53 227  21 154 101 243 123
    63  59 384  50  18  89  22  29 290 291 165 255 301 146 206 111 240
   155 309 119  72 348 283  47 305 362 327 301 334 402  66 250  31 382
     6  86]
  [  0  79 129 141 340 248  26 382 331 172 111 312  47 198 252  24 178
   395 116 262 386 165 310   0 250 176  22 143 251  46 391 230 315  35
   156 103 277 281 196 256 172 260 163 104 276  15 402  68   6 285 264
   102 372 275 104  81   8 253 220 122  33 339 105  81  13 240  80  61
    71  38 278 231 105 325 344 100 170 381 397 353 118 141 268 100 166
    58  68  19 268 209  53  15 155 192 160 386 301 251 299 175 263 321
   330 201 231 161 291   7  20  34 328 368 315 301 313 156 111 350 364
   346 325]
  [  0  13   4  85  26  37  21 124 201  74 246 153 168 230 332  71  20
   174 173 116 369 144 307 293   0 344 402  80 155 391 245 238 129 234
   189 332 166 330 220 252 162 224 318 333  66  54 385 276 282 205 336
   280 238 107 195 235 314  73 343 209 203 279 137 239 329 118  88 156
    34 392 367 402 144 250  47  39 153 150  72 140  49 355  59 139  44
   110 115   2  54 362  56 105   0 298  97 388 220 134 263 303 114  51
   311 165 154 211 262 230 348 112 113  15 187 367 234   8 176 160 204
   250 283]
  [  0  40 334 174 357 154 328 341  88  17  62 131 387 273 227 225 164
    27 402   8 372 290 298 306   9   0 178 232 144  34 246 290 348 153
   146 377 275 362 281   9 307 207 153 331 375 268 143 171  16  47 332
   192 351 319 226 321 156 243 128  27 196 396 222 294 397 348  81 145
   402 145 199 190 111 390 379 273 204 242  45 155 111 348 167 354 387
   199 149 178 212 244 383 282 278 390  52  88   0 254 138 391 186 153
   143 216  19 197 291 363 187  39 171 361 350 324 382 373 258  21 315
   258  65]
  [  0 214 179 296 183 132 124  76 363 344 192 337 210 216  73 271 367
    91  44  35 277  88 375 234 161 115   0 310 397  67 274 227  59 387
   356 272  18 307  94  13 154  13 270 251 103 228 100 320 353  20 172
   271 190 287 225   5 258  21 191 239 350  47 254 121 199 354  51  98
   231 271 199 174   7 303 256 128 308  95 153 347 397 132 291 106 109
   208 207 152 345 203 127 216 127  27 176  54 166 178 191  48 391 168
   120 145  15 265 239  41 306 153  29 272   5 147  25 206 120  53  95
   237 267]
  [  0  40  14 276  59 401  47 122 283 117 293 339  42  81 334 229  24
    12 111  40 402 371  64  40  11 190 350   0  25 357 103 327  23 231
   251  60 281 100  32  15  56 206 401 370 374 362 352 344 399  47 162
    20 101 125 183 133 306 164  76 282  45 173 288 200  84 132  92 154
     6 317 274  77 294 288 294   7 344 112 268 361 378  91  90 191   9
   231 281 314 346 243 317 364 151 101 349 327 183 338 357 336 349 203
    95   6 202  57 124 164 177 112 320  89 310 188 379 310 262 182 205
   103 104]
  [  0 397  14 248 219  28 389 262 147 190 122 361 305 202 368  97 389
    98  29 200 297 288 354 167 266 178 362 296   0 182  73 138 124  20
   239 300   1 375 185 144 245 163 292 235 268 372 152  60 128 310 110
   158 194 355 137 268 355 115 141 128 311 113 247 336 219 257  19  51
   238 111 104 119 173 392 300   4 179 167 380  54  93 187 222 164 172
   149  28 383  24 104 270  50 189 348 237 125 352 208  77  51 131 167
    77 250 351  96 243 309 185  38   5 307 382  40  93 273 203 402 350
   153 356]
  [  0 249 298 101 358  66 268 356 267   1  54  14 131  31 172 113 236
    75 236  55 316 120 265 238  64 322 358 105 181   0  49 375 356 261
    96 294 178 149  24 388 256   2 127 240 229  80 314 137   8 142 105
    67 363 243  27 178 301 334 255 104 363 100  67 281 120 296 373  36
   107 294 352 346 303 384 345 362 175 240 395  22 209 333 234 236 227
     3 293  74 266  78 359 262 245  39 227  89 372 242 359 118 261 365
    77  36  97 251 253 184 108 263 191  66 209  62 199 177 167 198 297
   132  69]
  [  0 343 191 117 161 351  34 313 256 266 390 163 341 379 278   9  35
   294 120 114 351 312 112 152 268 243 162 281 373 322   0   2 100 287
   397 389 364  74  72  59  20 219 360 373 146 305  81  70 154 361 203
   310 268  36  25 386  77  71 202 241 325  32 212 392 140 202 337 355
   325 108 386 374 214 348 281 253 217  20 339 165 378 122 324  95 103
   182 386  46 279 261 312  45 310  46 258 288  23 386  85  63 175 199
   293 225  98 104 228 385 245 165  70 205 402 161 384 218 108 283 213
   150 394]
  [  0 210  59 224 336 225 360 199 159 332  84 278 179 271  37 196  87
   246  62 380 250 245 272 229  19 286 245 154 337 242  33   0 105 136
   338 259 265 257 222 272 261  76 394 183  26 148  66  77  91 294  69
    62  18 387  50   7 224 293 128 339 344 220  84 188  73 311 177 329
    46 286 287 232 252 385   0 230 280 329 107 235 100 338 171 167 361
   248   2 361 119 359 190   9 117 108 302  63 316 261 277  75  34   7
    39 200   3 255 334  75 290 186 160 302 153  57 253 110 199 215 132
   210 114]
  [  0 172  35 107 185 282  27 221   5 353 243 393  70 190 313 319 148
   194 175 119 120 351  52 121 115 108  53 277 242 311 133 206   0 216
   303 227 227 106  93 167 245  79 196 328   3 238 183 254 103  22  28
    37 319 280 280 372 323 130 256  71 131  45 364 156 327 123  56 362
   128 327 235 267  76 130  27  38 293 335  67 188  47  30 381  68 271
   401 375 397 156 225 108  52 348 231 359 299 350  61 283 210 299 339
   338 370  53 396 276 205  59 235 157  52 206 258 280 124  24  50  22
   292  38]
  [  0 246 162 194 205 399  81 177 105 338 144 254 300  79 323 275 194
    61 310 283   8 121  96 187 234 150 188 246  29  90 240 143 143   0
   386 372 249 196 332 122 133 341 352 266 387 400 227 143 100 244 222
   354 141  55 152  66 385 124  62  66 242  35 288 360 107 242 355 167
   142 158 274 260 212 141 235 115 133 120 189 196 322 349  70 216  92
   396 249 243 263 375 341  89 162 155  76 355 152   5  38 169 319  43
   160  53 165 168 341 302  80  26 344 291 142  11 363 161 190 187  25
   122 318]
  [  0 135 332 339  50 196 283 187 226 223 126  92 282 336  16 397 401
    14 216 263 296 299  43  48  95  15 181 377  34 213 364 230 357  51
     0  57 389 207 178 280  90 390 286 199 195 171  99  75 125 237  48
   360 259 158 114 221 111 216 320 205 238 127  54 301 116 363  20 388
   369   0 237  83 109 298 357 311 315 364 300 329 285 261   0 371 238
    60 117 342 221 337 272 264  10 136  73 227 237 319 289 246 131  75
   271 368 354 226 385 138 311 117  39 299 146 373 235 258  16 111 172
   358  48]
  [  0 396 222 285 306   1 121  34   9 176  53 189 374  40 170  89 136
   129 115  20  11  20  26 195 262  34  79 229 133  61  93 201 119 158
    84   0  88 188 213 146  23  65 153 380 181 119 209 325   6 333 170
    68 157 312 272 296  13 249   2 170  46 289 271 290 207 252 333  55
   286 225 111 183 287 156 170 125 134 183 306 156 307 175 150  68 227
   299 355   7 172  29  40 243 379 106 290 129 254 277 368 204  55 385
   402 285 342 221 328 278  37 304 108 359 148 150 399 333 240 194 154
   145 401]
  [  0 246 164 169 173 385 400 150  40 287  24 244 383 393 210 119 247
   189 192 157 260 194 224 113  55 227 176 365  40 375 375 329  68   3
   213 327   0 373 348 400 217 178 199  88 222 300 104 252 346 358  99
    24   5 304 375 112 251 295  15 351 270 299  71 250 122 369 156  50
   307 347  49 397  63  60 247 347 117 215 392 256 215 171 213 115 280
   258  12 288 147 240 363  27 107 154 117 138 242 188 316  41 353 289
   212 190 108  49 165 342 164 159 184 370 346 127 364 178 241 199 125
   157   9]
  [  0  86 353  44 213 157 317 211 111 352 153 358 121  75 100   0 226
   256 194 125 329 229  40 381 199 186 179 144 172 366  75 378  65  50
   211 117 363   0 355 306  98  29 350 195 400 373 199  95 149 125 318
   258  98   1 294 130  20 253  41 227 371 288 274 249  14 129  38  17
   196  33 393  90 207 396 206 347 124 369  50 321 396 270 182 326  70
    47  19 400 206 320 123 318 244  13 375 106 381  63 149 239 178 312
   119 146 161 138 140 326 310 166 279 203 180 110 389 245  94 153  50
   113  51]
  [  0 139  19 224 182 317 163  66 291 340 359 101 201 301 280 155 339
   183 372 116 275 353 337 261 274 291 250 287   6  63  36 337 391  21
   344 192  35 346   0 384 140 315  33 354   5 395  76 263 341  49  98
   174  60 233  48 337  50 280 192  30  32  81 189 399 134  94 338 290
   136  27 168 395  81 164 161 388  58 299 387 395 311 392 300 257 384
    64  58  11 169  82  76   4 315 210 307 284  33 166 170 282 380 263
   150 348 269 211 335  88 208  90 188 250 105 165 388 141 270 105 176
   347 231]
  [  0 300 347 287 131  35  28 397 350  51 130 105 168 222 267 294 353
   249 265  15   9 263 226 148 132  90 175 374 107 274  95 138 289 332
   327 205  35  48 235   0  32 369  93  11 256  78 324  82 384  11  56
   333 297   3   5 214  23  63  71  59  53 271 165  61 308 201 238 279
    61 150 272 328 365 328  39  98 259 221 263 227 302 228 229 139 226
    59  40 102 220  35 224 391  48 318 310  50 252  22  55  10 341 105
   254  20 264 208 251 337 133 293 125  99 295 137 325  73  30 376 275
   167 102]
  [  0  15 156 255 397  75 244  49 269 259 278 150 372 265   3 326 337
   127 331 201 144 344 193  48 131 270 402  21 104  31 289  82 254 334
   248 285 137 247 178 111   0 321 238 295 377  98  59 248 274 373 120
   290 192  44 292 227 401  16 248 337  34 399 315  12 207  78 300  42
   153 165 381 171  96 359 257  56  62 158 101 202 162  71 314 201  88
    30 186 269 201 109 324  33 276  36  20 223 152 261 318 220  90 250
    85 222 344  53 163  58 344 249 359 208 220 192  29 249  89 337  71
   322 365]
  [  0 158  85 247 104 245 278  71 249  90  13 362 261 328 306  78 282
   298  86 285 238 201  42 234  22 105 277 129 203  54 278  48   3 106
     8 145 201  45 348 228 301   0 368 172 269 386 127 336 230 149  28
   299 164 143 398 290  18 357  34  75 308 377 299 155 371 218 142 249
    81  92 312 189 323 133 366 237 356 352  99 305 305 263 284 166 401
   307 170  22 240 140 360 216 179 346 176 365   4 274  69 326 223 241
    44 321  10 133 320  29  28 360 345 120  84  93 259 187 330 324 361
     0 393]
  [  0 274  99 137 210 246 172 259 190  39 322 171 256 382  94 180 110
   154 124   3  27  40 260 295 213  65 106 348 209 189 110 311  47 290
   394 254 271  35 318  61 306 161   0 173 214 252  57 238 282 355 284
   118 312 182  92 384  82 127 243 384 232   8  41  44  32 117 236  79
   239 358  73  47 130 133 157  66 252 263 274  58 286  50 311 272 361
   235 257 359 109 241  65 270 339 112 103 231   1  44  93 365 283 100
     8  55 188  26  23 400 291  62 235 161 398 357 298  93 389 338 138
    25 368]
  [  0 196 378  62 331 144 385 285 396 324 205 334 324 381  51 286 294
   402 333 247 103  77 329 268 294 111 355 138  49  99 178 393 207 184
   298 275  85 300 115 132 391 198 133   0 347 125 318 147 208 205 375
   175 337  64 128 233 382 230  49 148 315  25 262 191  79 271 281 195
   140 261 381 305 203 114 268 377 275 329  95  89 250 123 125 223 166
   318 382 258 382 260 172 273 290 119 251  97 254 201 103 360 384 161
   190 366 359 349 197 382 148 110  12 254 149 152 263  85 145 108 320
    24 258]
  [  0  73 263 344 397 215 244 270 287 244 158 283 297  67 236 276  96
   392  30 340 303 342 295  22 160 360 284 286 249 313 234 387 255   3
   371  96  63 321 204 145  55 380 236  72   0 172 137  16 251 174  51
   391 313 198 187 168 359 226 379 212 367 164 180  72 363 147 158  66
   396 149 240 281   2 238  39 241 297 191 368 366 124 186 115 251  44
   371 220 136 157 229 136 339 329 302  70 379 197 124 260 130 277  79
   135 139 162  59 223  73 334   2 385  98 346  91 122 194  10 381 369
   176 141]
  [  0 341  13 219  14 111 331 224 268 147  75  31 197 184  71   0 232
   124 175 258 338 291  66 277 100 381 133 310  80   7 151  67 302 300
   167 332 294  39 343 244 250  59 154  81   0   0 149 197 270 148 394
    24 133 297 190 206 255 169   7  27 272 158  43 261 204 323  68  15
    61 125 373 221 384 357 382 174  59 253  93  19 324 109 119 223 343
    61  81 345  28 108  50 401 131  80 141 358 106 249  60  52 191 213
   184  38 193 176  93 274   2 123 154 227 153 143 202 206 337 181 139
   331 303]
  [  0 281 296  75 139  95 306  36 111 115  40 358  68  53  69  75   8
   400 398 204  49 165  38 211 330  70 359 365 174  32 143 257 205 370
   370 402 137 229 340 383 299 195  24 134 343 335   0 343 328 168  67
   233 350  50  92 338 160  13   1 385 191 185  69 309 285 167 374 119
    37 146 163 256 189 326 112  74 106 360 156  69 163 236 393 265  16
   284  29 337 136 343 318  94 372 144 226 335 315 143  60  11 339   9
    67 318  41 242 361  51 119 134 265 178   5  86 234 206 380 353  19
   260 215]
  [  0 293 118  32  29 331 336 364 382 277 394 208 104  54 253 135  18
   396 295 142 297 222 375 240  91  36 364  38 333 382 374 198 185  62
   240 287 104  93 312   6 255 377 149  36 338  71 318   0 322 101  13
   150 139 140 241 225 348 157 285 124 240 247 127 257  23 192  12  93
   315 373  58 280 329 321  29 181 176  39  19 234 168 212 256 334 360
   269  49 354 279 150  88 200 302 349 327  24  46  90  23 168 219 149
   353 113 285  60 295 351 121   2 254 108  93  17 392 378 369 369  16
    91 327]
  [  0 272 203 170 350 159 235 298 308  81 255 393 105 135 246 373 266
    27 339  78 332 376 102  70  10 247  71 369 134 227 349 383 345 177
   376 400   4 293 304  33 139  72 275 117  59 353 235  19   0 397 116
   303 373 182  77 382 159 232 160 277 185 114  40  96 136 292  80 174
   386 122 186 261 280 402  82 334  48 180 190 247 245 156 300 117   9
   106 241 393  21 240 190  55 192 382  69 105 154 224   0 283 108 114
     2 222 358   8 145 109  54  17 352 377  21  63 103 341 170 101 339
    93 156]
  [  0 306  49  49 197 112 235  35 256 314 330 152 360 322 205 164 304
   319  25 252 106 116 228 192 158 275  41  10 144 141 261 171 287  35
    33 174  22  42 234  66 113 168 393 316 346 391 103  73 289   0 233
    69  17 252 182  44  92 362 250 349 215  84 388 183 146 164 153 328
   102 264 129 176 210  58 189 301 173  16  14  35 313   9 297 167 240
   113 248 347 349 101 202 158  33 377 189  88  92  62 162  18 113 301
   352 278 325 206 197 183 149 327  89 380 394 362  98 274 192 129 383
   350 260]
  [  0 392   5 304 342 185 128  39 213 232 109 170 184  63 332  55  37
    17 185 169  76 333 174 319  24 176  24 385 145  13  83  49  93  86
   207 219  88  89 374   9 263 343 105 211 252  14  69 144 109 374   0
   173 297 106 107 394 249 381 348 326 263 342   9 349 314 230 377  80
   380 210  92  34 364 220  63 321  24  86 169 147 243 274 144  71 323
   209 276 288 162  56 356 338 179 341   0 374 345 297 159  18 145 129
   374 362 342  56 109 187 224  59  22 379 379 242  48 215  95 322 287
   372 179]
  [  0 242 262 282 325 399 181 165 294  88 399 131 128 169 380   2 155
   260 173 225  90  21 345 201 374  52  24 292 367 307 232 255 315 226
   122 304  18   0  74 258 195 227 233 341  35 101 145 296 109 353 166
     0 252 353 206 151  94 297 168  81 309 145  23  65 198 282 271 148
   127 253  53 399  34 177 138 288  73 257 101 145 312  50 174 382   4
    24 270 116 367  25  96 341  24 383 206 209 293  37 372 215  84 163
   299 347 172  20 114 285 398 244 292 125 178 228 174 288 180 194 353
   309 206]
  [  0  67  78 351 187 135  44 189 170 295 238 132  43 167 326 392 124
    88 371  68 372 304  37 170 371 169 227 120  90 125 362 124 198 161
    94  31 151 126  12 156 345 100 110 389 319 295  79 357 274 302  24
   242   0 294 177 107  33 181 135 363 174 338  37 385  92 132 318 257
   184 223  65 118 357 248 105   7 278 359 241  60  31   9  53 199 305
   178 290 351  62 163 398 148 119 352 213 181 373 347 379 265 129 275
   197 317  77  72  49 348 332 306 190 318 172  46 367 364 267 355  98
   394 255]
  [  0 244 339  98 115 228   1 397 293 205 190  46 118  70  33 387 309
   273  48 108 255 234 397 333 315 108 223 373 226 154 378 370 139 116
   101 390  54 378  40  28 394 247 371 362  49 344 274 167 362 388 122
   309  60   0 117  71 187 244 378 322 252 390 145 102 286 320  60 182
   359 343 134 359 187 341 311 220 156 365 240 385  17  72 251 368 239
    74  99  18 112 201  98 291 199 283  10 117 245 101 251 212 377  40
   361 211 117 103 187 351 238   3 210 138 225 367 388  32 151  69 127
   364  90]
  [  0 171  66 150 381 274 189 290 234 225  37 242 341  85 139 356 373
   370  64 361 212  88  40 164  84   5 328  29  29 380 378 164 280  57
   327 401 231 166 264 154 239 396  11 130 174 180 112 249 257 229 327
   373 292 179   0 144 281 397 150 132 374 178 370 341 221 343 349 150
   242 273 116 288 402 207 152 298  40 228 229 267 244 285 172 189 143
   387 380 171 216 240  49  34 351 395  70  29  13 277 345  24 324   4
    33 150  90 139 167 118  93  58 233  23 182  64  68  75 234 248 191
   134  66]
  [  0 326  15 236 183 344 229 249 279 318 133 329  17 224 293 183 356
    17 228 382 118 279 253  55 164  22 388 187  72 355 176  54 367 241
   165   9 312 287  70 395 116 125  93 204  84  32  53 201 189 130 238
    85 164 141 334   0 202 369 237 312 353 268   9 215 236 333 217  88
    57 153 193 127 388 247 117 317 357 154 104 246  90  79  64 341 368
   185 322 348 144  60 120  33  67  82 286 303  86 399 256 216  45 176
   279 161 102 290 104 170 114 283 335 226 258 269 147 145 331  88 287
   145 114]
  [  0 231 231 103 343 340  30 194 190  61  76  47 116 294 332   9 125
   275 118  46 299 214 352  98 348 203 341  45 247  87 233  99  26 256
   289  54 325  22  66 160 399 392 318  46 393   3 362 150 171 308 197
   193 107 394 210 300   0  82 296 298  71 279 295 380 369  73   5 268
   223 390  94 372  22 252 237 187  94 288  14 363  86  74 265  32 188
   389 398 154 377 187  10 273 311 251  51 321  47 192 379 133  42 301
   162 136 109 302  82  73 204 350  33   8 267 279 121 136 261 359 186
    93  24]
  [  0 133 209 167 224  91  78 105 160  90  94  12  52  17 235 393 304
   178 209 175 116 208 344  60 287 372 212  46 355 315 260 356 388  48
   133 157 115 299 314 401 146 243  42 275 159 357  66 388 363 153 183
   198 325 293 228 273  40   0 220 127 392 302 273 241 334 340 219 399
   389 317  14 242 276 287 281 351  12 142 186 398  70 198 165 344 384
   239 100 238 354 221 286 371 343  88 298 128 160 396 338  37  16  50
    59  31 180 365 291 134  58  28 137  97 343 401  99 224 316 335  81
   366 234]
  [  0 214 336 214 166 206 192 301 340  37   2 269 184 180  62 397  85
   302 231  32  18 326 129 103 401 236 373 273  13 253  46 380  91 237
   321   6 290 176 177 182 376 387 399 218 269 315 279 113 334  14 300
   358  25 377 248   9  51  21   0 344  98 176 147 120 123 121 192 389
    77 344 334 362 390 294 254 397 243  39  86 267 398  68 180 187 157
   326  81  52  73 153 316 319  67 218 107 180 115  17 107  56  74 263
   345 321 360 304  46 330  28 311 307 161 170   8  42  98 368 177  36
   110  16]
  [  0 277 140 351 393 212  93 141 146 134   0 389 202 321 354 195 224
   244 221 161 148   0 106  88 277 161 115 279  81 381  18 323 150  42
    34  87  22 337 173 234  46  22   6 182 165 192 303 363 141 332  68
   198 253  75 375 387  99 358 207   0  28  36   8 360 376 294 235 161
   250  37 330 375  81  74 197 259  87 114 161 105 276 328 326 170 208
   138 248  91 332 226 347 204 288 235 139  95  28 233 116  82 266  82
   349  47 275  61  78  26 372  10  97 276 228 222 156 310 209 370 169
    71 254]
  [  0 167 357  90   0  59 334 180 391 332 383  41 382 215 238  80  75
   390 358 396  69  71 213 105 285 309 377 236 178  28  73 215 316  72
     2 222  34 319  31 396 255 329 368 179 339   6 322 168  10 322 207
   194 149  85  25  21 329  91 161 324   0 367 353  22 392 206 178 107
   291  66  27  74 124 319   7 165 239 341 270 137 364 376  85 249 342
   197 160  98 288 210 216 402 302 143 362   2 100 288 223 356 222 248
    92  39 134 336 145  91 262 153 125 211 349 318 303 145  17  33 357
    79 257]
  [  0 317 238 141 222 222 165 293 251 346 232 328 277 293  12 267  59
    23 281 186   2  62  78  67 169 169 167 207 161 138 261 390 128 304
   249 349 246 281 345 348 319 262  25  59 225  33  47 231 267 127 268
    20 378 352 313  86 200 192  38 321  83   0 217 206 384 106 357 339
   165 162 213 397 342  76 361 138  35 198 341 131  49  57  15 168 135
    26   2 361 388 292  96 237 205 376 201 130 139 284 266 203 144 202
     4 300  44 231  45 386 342 207 378 207  52 172  78 185 361 195 303
    58  67]
  [  0 353  50 104  61 127   5  89 360 214 384 323 168  55   5 337 222
   184 215 126 344 233 369 296 129 124  58  27 237 349  89 170 169  49
   283 142  14  83 190 270 167 380 245 182 337  48 182 140 105 139  73
   365 124  77 341 138  30 400 159 122 205 326   0  58 188  77 208 286
   251 215  28 241 296  14 160  73 313 389 249 333 124  91 118 393 257
    70 149 343 342 296  54 261  22  67 384 186 393 332 145 160 102  23
    52 120 340  16  53 159 250 363 345 112 133 168  71  41 354 302  43
   261 145]
  [  0  89 231 354 224 128 186 201  75 242 188  98 123  71 186 300 305
   334  61 168 205 294 184 201 249 133 230 217 201  93  16 177 260 323
   183 388 316  59 296  26 197 104 234 291 273 383  66  64 323  57 315
    25 335 249 175 330 101 389 187 252  69 383  34   0 389 252 321  86
    52 366 192 143 191 176 294 350   8 104 241 305  97 244 153 256  62
   167 274 349 281 349   4 250 215  45 293  22 163  25 194 361 243 354
   136  17 296 206 268 213 273  81  58  14 133 154 182 369 380 339  16
   252 298]
  [  0  68 188 176  60 398 383 308 380 134 246  15  28 127 402 153 338
   197 119 380 390 196 104  85 102  87  62 256  92 239 248 360 344  72
   375  24 131 242 339  79   0 217 319 258  96 135  12 393 249 167 267
   283 274 280 268 217 136 250 319 219  54 327 105 261   0 146  90 267
   137 310 330 375 313 198 238 114 395 174 171 273 214 285 250  26 237
   184 271   1 307 275 221 304 334  63 248 392 270  73 285 378  34 237
   176  37 326 163 326 189 141 147 153 358 288 180  37 350 189  63 370
   306 194]
  [  0  14 132 358 286  27 207 220 122 321  54 372 185 329 258 131  59
   279 298 394 182 122 198 324  23 158 249 395 359  85 315 210 160 250
   314 343  67 124 307 182 117  15 354  14 112 292  68  65 354 141 217
   157 376 316 199  15 209  33 223 221  32 375 354 119 261   0 355 244
    96  53 171  70  78 140 212 329  20   4  98 247 254   4 321  24  87
    24 195 202 255  60 225 263 117 397 234 272  15 366 197 134 135   5
    51 358  89 152  49  33 135 246 335  91 205  34 402 191 124 222  10
   386 172]
  [  0  81 369 178  61 196  89 359 128 396 398  40 150 200 333 313 241
    13 103  18 106 275 143  43 384 319 396 304 177 256  57 155  61 358
     4 255 112 316 334  19 187 211 203 104 245 155 100 306 223   3 159
   123   5 328  69 296 205 340 371 181 354 308 266  88  25   0   0 158
    25 191 357  31  89 276 158 140 268 347 194 131  44 374  79  54 394
   233 393  47 318 381  97 185 401 363 336  59 113 224 333 384 220 145
    80  92 121 244 349 312  29  11 210 358 271  40 170  19 266 176 240
   304 402]
  [  0 109 378 275  38 146 270 242  64 352 181 381 379 151  53 123  11
   398  91 151 270 111  40  32  44 338 245 285 299 162  21   2 267 384
   125 207  56 305 205 160 198  74  91 222 140 185 355 127 296  97 253
   328 127  51 210  16 180 300 116  62 153 219 113 147 113 311 111   0
   368 296  22 346 164 343 358 153 206 209   9 385  11 212 262 347 160
   182 255 258  81  60 114 255 137 274 181 260 242 147 107 183 313 342
    46 148  85 224 383 153 228 154 278  26 180 315 345 286 224 187 362
   345 208]
  [  0 296 201 163 272 249 203 286 116 254 136 112  85 211 287  38 150
    70 228 119  37   1  93 193 106  40 353 232 357 317 401 259 121 397
   309 382 309 402  43  61 267 356 175 194 231  15 172 396 159 142 245
    49 325 133 329  95 147 351 304   4 186 214 279 217  76 178 181 372
     0 315 143  56 225  31  13 357 307 260 345 364 325 216 267 106 236
   165 121 111 124 113 152 363 285 307  15  42  82  45  60 217 164 204
   163 382 214 293 351 114 228  42 112 289  64 323 141 252 322 234  94
    81 238]
  [  0   2 362 179 258  81 210 388 271  66 134 336   2 248 110 357 163
   101 226 178  34 115  45 353 380 124 279 141   5 354 239 356  88 251
   293 144 148 351 221 332  78 239  72  28 371 318 350  84 278  85  91
   364 373  92   3 227   3  80 290 358 164 139 253 214  51  49 400 130
    25   0 298 210  94 297   0 182 308 164 163 386  55 262 280 362  87
   129 230 141  98 318 131 205 125 320 198 125 401 269 187 334 362 384
   318 269  79 153 152 272 128 265  86 365 365 104 228 376 147 103  20
    66  79]
  [  0 205 300 160 323 351 193 185 109 211 263 313  21 278 249   4 244
   261 164  43 172 288 336 262 335  94   7 155 250 398 145 264  58   5
   358 339 189 198 271 297 346 210  69 244  62 208 317 351   3 203 237
   337 309 217 244  81 234  97 353  27  52 274 358  98 144 272 156  28
    61 189   0 100 245 349 128 249 226 180  76 221  58  81  42 318 255
   321  81 216 173  41 225 185 269  91  93 148 206 333  78  31 279 347
   243   8 373  62 199  84 298 202 105 327 369 222  26   7 171 212 110
   192 217]
  [  0 225  73 360 240  42 333 360 285 322 147 236 360 111 133   8 249
    21 192  15 329 116 176 204 187 354 280 314 143 296  69 188   4 349
   396 180 375 266 112 274 306 332  61  76  96 256 398  75 192 345  91
   194 129 122 387 181 258 282 356  60 184 337 273 262 257  52 383 386
   190  30 307   0 374 127 200 127 307 335 110 192 254  33  78  62 362
   153 386  24  83  94 391 246 281 336  67 185 192 108   0 368 333 109
   257 266 142 156 362 346 396 191 254 216 141 252 244 195 234  55 319
     7  20]
  [  0 255 397 194   8 304 173 246 368 113 105 365 373 164 226 342  92
   105 200 314 111 225  21 222  88 177   6 142  52   2 378  13 140  96
     8 309 292 107 261 234 334 288 368  70 277 172 190 254  79  33  18
   367 265 302 127 378 130 238 397  72 221 342   1 391 251 245 366 103
    71 196 313 349   0 182 219 313 164  37 276 129  11 167 171 395  62
   294 402  86  33 147  19 353 275 350 324 385  45 107  37 179 290 336
   139 390 271 162 228 141  36 361 367 240 363 324 153   0 188 136  51
   237 390]
  [  0 195 282 357 401 323 209  17 212 112 341 195 354 252  94   2  10
   286 148  47 273 115 264   9 239 308  38  72  58 145 298  90 315 132
   163  63 323 167 142   1 374 336  35 263  22 251 154 317 229 375 359
    55 184 354 108 398 152 114 217 367 388 300  24 176 102 264  33 293
   251 191 277 108  18   0 308 138 155 270 130 317 365  66 348 237 247
    46 251 217 307  79 196   0  33 304 288   0 370 227 199  75 370  19
   286  87 349 196  45 292 132 248 142 251 354  38 151 167  72 385 297
    26  21]
  [  0 308  77 107 178 122  62 316 196  52 304 349 128 121 167 178 102
    90  18  74 256 247  84 151 166 143 156  58 367  71 397 323 156 214
    35 293 175 198 353  87 339 272 322  85 191  66 116 134  76 214  54
    50 355 260 376  59 384  30 199  92 238 146 164  92 327 263  39 360
   248 197 122 389   6  68   0 231  96  12  95 156  50 351 299  85 162
   222 205 216  94 183 148  85 290 121 253 352 261 207 322  47 358 402
   299 331 192 272 162  69 102 241 401 232 224 276  48 257 240 322  90
    42 386]
  [  0 373  10 349  43 296  56  22 296 347 127 253 101 211 335 365  19
   127 182 192 153 301  93  70  75  97 359 398 279  96 144 278   7 365
   318 353  68 401 152  26  54  37 161 279 385 378 164 227 361 364 287
    86 107 122 350 260 272 140 120 331 311 210 115 317 142  32 340 195
   370 104 131 333 194 225  54   0 288 139 374 102  40  53 356 227 187
   298 242  86 115 293  59   2 203 345 116   0 247  98 272 177 266  80
   280 165 345 137 346 357 196 273 159  39  99 246  31  25 141  38 227
   302 259]
  [  0 259 210  68 218 360 313  12  87 141 175  30 164 153  89 300  76
     0 187 380 258 360  57 374 242 126   0 391 148 303 392 279 325  48
    36 110  28 246  29 154 160 380 274  72 382 146 102 367 102 371 241
   184 384 288 218 267  65 288  33 215 203 360   0 396 371   5 315 175
   201 203 157 321  76 231 201 113   0 341 294  67 352 389  41  39 310
   380 301   5   0 198  35 278 293 124 331  10 217   9 269 199 218 210
   313 229 199  72 330 366 246 393 163 188 241  84 324 357 157  82 287
   304  70]
  [  0 144  36 382  73 345  22 134 128  49 275 385 211 180 209 170  43
    19 137 167  45  54 144 287 298  37 307 160 307 289 317 349 230 282
   259   0 349 216 139  70  70  83 170 175 158 172 163 292 331 169 173
   332 330 305  20  80 339  11 374 369 110 246 239 235 185 246 103 317
   388  13  69 396 342 251 342 245 318   0 213 168  77 328 263 259 320
    77 255 201 112 263 359 110 129 219 351 230 371 275 166 270 148 276
   256  90   9 207 319  42 330 131 174  43   5 125 400 309 197 360 132
   303 401]
  [  0  64 309   0  86 195  91 328 215 286  70 360 158  87 221 368  45
   258 387 215 334 144  23   1  74 361 173 207 132  86  60 111 304   5
   116 103 208 211 311 290 242 389 358 264 206  63 215  49 273 178 301
   102 401 366 214 324 340 136 374 390 126 238 288 177 341 379  51  93
   316 102 283 388 336 297  43 356 266 284   0  17 283   2  27 128 304
   323 206 235 292  75 371 188 283 308 284  95 382 379  15 326 247 395
   162 283 306 162  27 396 153 250  98 380 215  99 226 100  84 232  81
   111 209]
  [  0  10 231  44  87 111 350 119 374  79 207 188  89 356 139 322 162
   202 370  49 114  64 129 227  69  23 238 174 118 220 373  94 228 140
    58   2 134 264  39 400  19 177 149  87   0 325 282 179 326 167 349
   208  16 393 160 240 220 307 334 163 200 248 194 372  86 147 202 322
   343 338 229 295 212 191 399  37 135  60 203   0  60  84   2  95 261
   324  72 178 275 226  69 219 140 297   8 388 193  52 372  26 120 157
   215 171 203 274 364 381 366 300 261  69 359 175 347 327 285 382 129
   123  57]
  [  0 399 299  31 155 393 330  15  47 343 228   6 402  88  82 276 207
   160 318  92  86 208  22 328 199 343  46 373 298  25 229 328 116 182
    65 156 129 226 334 317  59 380 178 194  42  71 113   7 370 222  16
   117 293 154 101 402  74  30 137  54 315 272 156 155 198 127 235 250
   335  76 217 157 305 358 260 210 364 260 265 188   0 195 152 104 154
   274 114 191  77 246 400  40 219  83 354 200 207 223 113 370 288 119
    70 371 227 400 351  96 332 370 381 139 232 159  99 277 173 267 113
   184 196]
  [  0 192 347  47 380 124 187 368 162  81 274  68 354 283 294  22 132
   110 368  62  90 359 343 232 160 137 217 264 287  39 388  74 285 115
   373 186 254 166 210  65 175 188 390 375 250 138 110 372 339 240   6
   190 154 344 340  10 326 269 365 357 359 161 102 374 161  47 205   2
   296 249 110 121 394 139 386 279 146  85  21 215 160   0 202  52 328
   193 134  97 129  29 308 126 291 351 379 256 213  22 329  95  21  70
   204 396 155  53 305 377 299 183 392 251   8  44 237 285 215  25 188
   188 200]
  [  0  47  27 138 266 292 391 149 163 202 151  59  50 257 329 386 302
   110 152 211 380 251  34 277   8 192  58 270 148  17  53 386 363 213
   345 273 181 314 364 384 273  95 331  75 327 361 151 157 276  64 334
   370 110 130 153 121 258 337  46  99 317 240 380 349 276  84 216 145
   316 206  21  21  37  27 250 361  34 110 334 145  63 350   0 127 130
   176 198 355 265  86 288 375 228 348 108 231 277 366 188   4 232 131
   206 220 326 158  74 273 156 342 348 325  64 390   0 369  58  96  76
   307 265]
  [  0 237 135 139 123 257 279 219 139  88 321 326 356 136 375 178 143
    27 280  87 324   2 336 161 118 200 352  87 110  33 359 284 103 162
   110  48 226  28   8 228  51 156 146 252 172 275 160 131  24 359 117
   267 151 371 397  69 396 143 390  10 239  71 297 343 246 253  59 309
   237 254  11  92 393 209 111 359   1 253 334 238  26 276 144   0 372
    96 245  52 204 401 185 131 381  63   2 360  21 147 372 343 212  68
   191   0 296 362 374 254 255 358 169 114 258 378 402  77 151 396 340
    41  61]
  [  0 110 356  13  74  94 255 359 336 375 357 180  41 255 348 205 363
   106 174 387 126  61 149 204 121 104 152 282  15 158 179  26 171 145
   364   2 337 117  61 372  32 230  22  24 338 378 127  11 234 368 132
   369 208 257 165 297  61 161 143 197 378 275 398   0 342 208 259  30
   334 305 229 389 249  97 265  39 399  84 222  92 296  61 208 371   0
    30  93 378  74 222 342  84 125  19 328  51 312 303 319 396 323 306
   360 293 213 302 271 142 202 148 279  29 391 363 328 124 400 319  57
   163  60]
  [  0 246   6 219 107 260 350  92  59 137 392  95 141 308  17 297 126
   371 342 375 329 173 148 160  97  90 352 190 352 402 345  51  50 323
   198 308 376  74  99 207 101  60 219 268 183 387 353 247  40 110 103
    35 171 398 225  42  27 182 333 162  76 244 377 211  49 165 356 287
   160 138 361 176 106 389 129 311 383 164 125  25 235 299 384 216  21
     0 357  46  20 313 158 104 151  64 185  15 365 111 201 337 127 160
   219   4 151 146 249 343 134 267  78 236 253 324 255 124 348 348  69
   201 101]
  [  0 128 400 375 185 386  24 233 131 380 229 253 208  82 294 165 269
   239 211   1  77 354 270  59 290 165 390 395 160 284  59 203 134 181
   326  38 398  76 195 250 296 174 308 304 292 316 120 146  84  49 231
   147 144 221 218 118 297  32 314 253  69  69 129  20  78 314  89  40
    76  70  47 273  24 283 119 258 151 123 260 256 132 117 329 309 187
   256   0  31 196 350   0 370 103 291 322  53  11 242 173 169 109  10
   228  17  27  11   6 391 246 147 391  20 180  41 301 382   2  97 321
    77  76]
  [  0  66 126 285 205 254 265 187 137  42 283 380 240 169 192 183 347
   285 397 280 266  85  93 224 227 257  56 107 198 176 243 128 287  33
    14 174 143 123 273 268 228  98 304  22 146 397 132 342 174 365 401
   251 226 394 363 102 156 126  52 327 323 239 371 139  86 144 276 347
   311 199 235 109 124 138 347 278  50  14 212 263 126 218  42 364 359
    64 222   0 169  92  64  13 221 373 134  83 394 142 348 384 134 121
   308 248  26 354 230 191 294 287 169 256 168 140 270 328  36  96 401
   122 335]
  [  0 350 347 224  81 287 205 189  90 378 380 120 244 394 386   9 193
   322  61 167 205 129 115 114 275 351 393 316 243  99 133  42  42 234
   200  13 195 380 103   6 278 343 264 394  23 191 118 293 295 395 206
   118  74  57 151 190 329  54 379 202 141  32 100 283  20  65 349 198
   191 270 137 342 207 216 183 184 181 226 338 225 127   9  56 228 394
   108 268  93   0 142 151 138 335 342 153 209  13 267  58 330 231 330
   369  98 338   6 224 376 208 155  35 200  92  46 343 355 174 370  68
   236 232]
  [  0 229  31  48  41 279 112  31  80   0 368 242 356 100 160 378 258
    48 276 143  19  43 157 132 155 274  93 147 160  86 148 116 261 218
   292  16  82  81 204 165 259  16 169 148 149 231 321 263 401 339 267
   278  53 299 202 247 375 352 301 266 399 143 257  81 387  88 185 234
   297 205 332 206  35 239 277 324 191 159  97 234 103 345 203 260 330
    29 246 200 243   0 264 399  74 111  83 340 178 368 217  79 120 335
    24  66 165 320 363 293 153  32  34 299 298  47 158 358 181  68 313
   395 363]
  [  0 240 293 301  86 133 361 382  83 210 309  24 352 293 398 188 237
   196   8 256 292 262 160 353 133  60 391 304  71 170 257  35  98  68
   318 351 189 145 246 210 170 138  79 293 112 225 278 107  45 185 105
   112 246  63  44 188 315 307 346 177 398 206 325 325 362 270 240 369
   397 370 381 211  26  96 153 107 223 264 384 103  16  35 293 296 344
   331 361 164 127  75   0 243 275 319 234 139 369 100 360 329 137 101
   362  75 385 316 365 213  56  18 356 335  34 165 299 159 328  63   1
   276 101]
  [  0  69 150  23 154 211 313 282  89 367   7 237 224 166 196 239  74
   170 183 151 120 162 231  57 265 360 152  80 226 181   9 255 355 190
   279  20 344 338 212 216 287 233 256  23 119 387 253 391 152  57  13
    18 354  15 355  91  65  94   1 195 168 352  88 401  85 184 200 221
   245  62 257 382 328 201  84  55  44 200 331 346 175 284 342 270  64
   195 304  72  89 282 374   0 379 263 277  96 161 109   8 395 267 124
    40  23  60 390 299  49 334 322 195 395 114 192 177  92 299 181 312
   178 144]
  [  0  11 363   6 127 323 221   9 372 346  32 298 376 169 254  98 229
    29 286 308 169 280  90 153 232 235  65 290 106 108 384 380  45 276
    48  82 166 333  77 125 263 151 291 171  21 289 374  20 128 175 285
    81  21 280 204 372 179 264 252 195   7 111 233 315 264 329 351 180
   313 115 324  97 212 399 127 228 272 183 120 129 158 118 374 289 326
   387 230 266 185  51 124 152   0 107 223 328 280 287 159 136 346 169
   296 260  18 171  90  53  58 269 109  20 279 291 268 279 124 350 393
    77 127]
  [  0 118 223  25  96 243 255 185 161 299 169 285  96 129 172 186  24
   139 322   8 355 376 371  43   3 222  64  66  24 122 185 206 256 319
   277  35 397  68 326  99 278  70   7  18 170 218 122 147 203 286 144
   229 330 156 103 353 192 281 101 281  16 169   2 317  50 325 199 315
   101  51  71   3 129 275 221 171 172 338 206 334 186  25   9 119 300
   252 155 246 254  59 273 172 201   0 325 384 129 112  32  35 162 196
    51 281 168 284 210 355 321 109 124 105  81 124 118 202 198  92 242
   141 303]
  [  0 361 207 396 355  81 238 117 343 273 155 299 196 385 273 334 292
   101 255 377 400 349 295 298 115 272 147 201 115 137  47   7 142 333
   137 328 283 270 109 123 242 374 307  79 316  74 143  76 159  63 253
   213 344  40  34  31 160 268 332   0 202  60 237 230 188 331 378 291
   245  68  23 258 327 352  55 284  89  58 148  37 213 187 391 390 179
    18 364 111 332 190  51 384  45 289   0 112 163  26 176 385 286 361
    57 339 319  34 283 205 182  89  47 244 385 139 177  63 235 158  57
   329 159]
  [  0 123 210 394  22 383   0 211  79  35 160  23 283 350 276   4 336
   315  60 208  34 399 277 309  53 248 155 118  28  14  80 213 338 138
   338  79  30 184 228 202  93  91 328 119  49 242 399 243 108 148 242
    86 331 151 372 334 130 143  69 178   2  85 171 331 178 305 182 109
   222 152 195  15 252 215 128 379   9 285 299  45 171 338 342 237 245
   379 194 312 354 251 191  28 246 122  28   0  96  55 402  47 182  94
   210 178 314 273  94  32 186  67 341 319 127  33 198  29 188 400  67
   365 331]
  [  0  13  21 170  73 268  18 356 336 326 317  58 315  82 189 146 120
   270 156 336 391 137  93  98 235 304 161 356 168 274 213 203 232 380
   171   3 203 225 162 230 109 347 382 136  35  81 281 362 251 179 231
    63 357 231 334 123  55  91 361 135 145 222  92 268  79 242 378  99
   218 147 321 253 250 113  48 167 183 118 219 148 176 300 224 229 267
   354 174 260 280  60 347 365 243  98 119 290   0 337 391  33 370 255
   131 173  81  54 213 133 351 287 299  70 299   3 306 365  79 267 160
   145  54]
  [  0  35 100 218 316  63  19 385 240 238 351 268 261 182 194  24  49
     5  23 374 212 176 165 317  63 251  31 192  93 359 300  14 355 128
    41  22 137 381 166 280 217   0 227 114 326  66 110  63 212  45 250
   333 386 351 146 168   5 278 351  73 306  63  62 209  63  30 175  58
     5 187 364   0  20 220  73   3 336  10 321 237 219 249  42 177 241
   157 127 361 207 115 162 335  49 233 394 329  11   0 321 287  21  68
   328  81 135 159 235 368 300 226  71 393 312 282 340  27 307 226 127
   196 203]
  [  0 217  84 309 197 222 372 136 105 154 118  34 142 195  69 279 241
   125 360 192 237  54  58 281 280 269 205 101 388  52  18 103  75  81
    16 132 235 193 231 130 280 307  16 360 288 142 161  45 393 139 191
   288  43  14 363 269 294 260  91   5 251 167 233 349 124  59 344  35
   391 269 282 331 158  69 140 349 301 103  49 204 279 247  45 200  88
   279 111 287 349  67 308 329 354 114 267 180  44  24   0 109 122 251
   269 371  62 259  99 230 123 146 175 256  80 327 314 293  36 144 248
     8 191]
  [  0  37 342 285 315 348  45  55 402   3 385 230 185 243  44 205  93
   142 102 175 358 184 197  24  96 171  63 230 216 104 275 242   3 167
   106 365   6 274 296 157  43 128 136 172 287  43 315 287  56 264 194
   377 301 238   7  35 253 350 190  65  43 300 264  86 349 256 105   6
   182 217 296 349  93 166 298 388 379 225 122 235 342 168 265 399   5
   176 143 188 266 263 155 391  37 379 188  81 400 240 292   0 357 396
   190 234 263  81 219 212 190  29  51  14 136 207 174 365 171  21 211
   133 324]
  [  0 345 332 342  25 205 379 338 329  23 222  22 156 345  87 151  90
   221 209  64 310 281 218  39 322 132 393 107 215 360  56 308 206 315
   381 257 355 300 366 303 140 153 234  29 383 224 130  67 189 352 399
   308 287 163 127 122  91 195 245  20 386 185 255  69 370 192 114 185
    16 143 157 217 365 326 205   3 368  20 313  17 179 259 254 224 322
    93 169 112 318 210  79  97 115 362 400 118 398 351 219  56   0 383
     7  86  27 139 150  85 244 181  41 311 202 358 252 208 336  32 336
   328 130]
  [  0 313 122  23 262 394 327 174 165  35  85 360 300 389  93 386  40
   352 134 168 101 244 186 191 129 282 167 163 273 101  95 202 145 216
    67 389  36  73  84 239 240 356 151 368 381 338  45 242  79 377 387
   171  59 134 395 293 222  45 318 135 203 255 220 250 158   9 220 340
   372 202 171 275 276 241 111 164 112 261 276  39 156 108 104 374 291
    76 168  60  83 251 116 209 308 272 256 376 378  53 129 241 266   0
    35  40 200 176 113 247  49  71 147 247 131 349 268 339  39  45  99
   234 184]
  [  0 262 248 239  66 396 292 382  65 171 109 324 225 269 111 135 123
   368  30 236 391 164 323 151 309 278 282  30 399 141 173 125 100 226
   390 272 280 360 179 332 346  67  52 216  44 348 359 123 226 384 280
   244 215 173 186  22 341 186 253 302  56 347  16 320 312 216 162 377
   115 173 257 384 259 256 207 164 171  66 146  80 346 234 146 326 223
   109 299  31 329 316 194 395  31 109 173 200 361 100 278 172 143 379
     0 320  10 187 158 312 361 224  55 209 180 400 345  85 330 279  99
   167 361]
  [  0  58  65 144 225 229 109 389 376 259 271 301 165 172 290  70  42
   102 125 303 105 215 306 196 256 173 305 243 155  11 234 330  90  33
    53 381 320 170 372  70 320 350 364 105 156  90 205 196 291 326 265
   208 238 375 245 298 218   2 232 288 127 189 318 347 248 245 128 160
   148  16 299  61 185 397  69 316 305 244 300   9 122  16 135 120 108
   298 165  31   8  10 151 120 250 289 283 396 258 125  82 382 195 191
   375   0 342  49 219 171 160 257  92 322 383 310 143 290 114 276 351
   171 341]
  [  0 238 275 384 268  53  82 394 221 202 398  58  43 348 163 171  92
   194 239 202 196 211 377 348 242  50  37   9 296 165  38 219  20 382
   357  70 382 189 352 276 249  97 156 288 251 375 295 384 140 193  27
    64 122  70 193 247  82 191 367  67  26 171 382 226 216  35 284 337
   180 343  69 160  57 339 292 212 189 282 402  64 219  73 128 105 358
   202 351  58  11 325 229 228  74  36 152 103 388  66 159 203 285   6
   371   8   0   1  87  88  11 190 150  74 336  56 336 110  31 311  74
   330 125]
  [  0 399 338 145 139 266  12 230 352 376 365 152  36 124  77  98 383
    94 151  64 205 332  61 317 143 292 240 383 176 218 267  34 100 143
   199 103 347 374 265 346 258  61   7   6 139  28 178 274 296 279   9
   102  78 129 315 184 142 402 352 329 137 298  56 387  48  99 142 304
   233 349 103  32 100 237 120  47 266 130  56 313 130 247 401 242 366
   377 369   5 301 232 357 263  17 381  91 115 377 191 379  59  93 124
    89 236  34   0 215 366   1 387 321  55  96 324 195 255 233 384 358
   326 145]
  [  0 200   3   0 211 386 352  10 395  17  38 309 229 304 183 380 260
     8 378 136 377  39 382 180  50 372  54 230 173 268 342 380 277 102
   309 233 248  83  41 348 333  22 358 125 377  91 106  58 378 231 310
    73 169 240 369 339  26  28 318 147 402  80  17 206  58 387   0 326
   371 280 129 369 286 101 230 235 135 278 269 283 103 214 230 149  69
   343 186 366 346 179 372  21  36 254  62 228 363  65 183 126 162 116
   388 278 127 104   0 275 401 335 176  81 355 162 321 233 163 154  27
   181 184]
  [  0 353  63 266 365  74 100 305 360  23 393 152 167  68 393 376 177
   258   8 268  49 388 157  64 335 299 295 150 158 173 251 271  69 142
    65 139 241 154 298 383 337 318 362 235 147 142  20 172  52  37 331
   236 280 175  22 393 200 213  81 149 392 233 401 194 355 129 104 237
    94 267 355 295 205 299  82  25 145 144 286 263 182  35  67  58 284
   260 192 159  44 326  47 365 395  92 358 115 192 223 114 169 264 198
   204 291 361 207  60   0  23  82   4 233 348 177 213 253 168 171 288
   199 367]
  [  0 344 268 200  10 120 370 320 218 185  26 110 304  17 197 280 275
   197 251  40 120 119 276 334 171 273 172  34 214  80   9  47 170 330
   334 249 289 254  15 185 218  90 181  32 399 154 401  80 227 180 292
   328  97 192 321 133 199 315 210 372 305 259 142  55 267 151  41 113
   271  52 350 228 277 190 385 237 179 351 106   9  53 311 126 102  54
   336 143 225 330 348  24  15 280 126 145  23 129 281  90 183  63 382
   167  36 204 371 277  14   0   4  17 123  87  20 176  38 377 357  49
   254 236]
  [  0 340  39  11 124 289 399 329 168 208 247  21 189 225 302 197 272
   357 266 143 203 267  62 308 312 351 358 265 228 270 249 337  10 316
   184 342 200  15   2  65 232  47 302  37 267  68 103 156 267 382 388
    90 116 175 176 230 221 241 292  43 283 331 312 370 278 253 249  13
   243 199   8 257 322 198 223  56 174 122 195 254  82   4  22  56 354
    23 193  19  70  44 248 126 214 104   8 108 402 135 247 235 222 120
   152 377  81 356 341  16 174   0 272 178 248 323  62 375 214 122  20
   320 135]
  [  0   7 347 393 164 241 304 381 115 142  60 289 360  97  31 349 104
   313 330  58 151   6  44 205 112 224  75 126  85 283 320 390 197  50
    35 103  43 278 362 217 256 363 366 259 385 319  75  30 176 321 151
   382  19  82 218  19 262 216 177  82 281 273 278 236 227 395 169  55
   259 271 375  54 321 265 213 236 363 351 209  53 228 233 148 169 286
    92 341  20  48  32  16  98 110 283  88 211 266  95 336  18 317  89
    39 297 272 188 168 363 270 310   0 233 375  18 171   2 248  98 284
   199 120]
  [  0 347   0  57  39 303 378  99 392 397 244  84 351 175 388 124 137
   225 209 225 282 221 342 176 113 116 122 128  50 263 134 248 302 161
    47 268 194 286 361 125 106 364 197 152  21 139 121 307 363  53 199
   283 108 236  60 280 126 254  54 176 374 148 180 221 330 173 301 302
   178 146 350 152 283 169 279 135 350 315 177 250 280 184 254 291 164
    28 281 257 347 270 295 386 342 259 353 140 150 115  58 273  54 307
    99  36 187 304 319 348 344 279  33   0 310 198 287 233 127  98  96
   292 349]
  [  0 269  11 142 337 125 201 180  20 200 196  56 282 259 342 136 360
   177  34 202 297 387  51 212 402  99 268 106 398 202 303  24 141 254
   316 240  73 203  44 248 253  13 162  11  87 390 251 140 125 259  79
   149  42 283 122 350 348 402 265 281 377 253  57   4 216 155 325 158
   118 364 154 384 100 155  47 253 344 167 290  40  31 356 231  49 267
    13 166   7 140 135  74  63  20 393 146  51 307 336  31 394 115 253
   265 134  87  72   8 344 292  50 112 144   0 286 182  77 328 211 343
   253 374]
  [  0  28  80 303 345  82 335 130 249 113 147 270 167 255 102  83 171
   385 258 161  14 265 284 149   0 257 176  25 366 226 335 183 355 389
   227 229 226 280 216 397 128 299 374 342  42 116  54  96  21 192  80
   343 275 102 380 211 341 356  12 328 177 218  16 141 239 185 242  51
   205 101 203 185  39 156  44 260  67 134 101 161  50 392 319 360 211
   158 300  18   6  29  74 290 231  41 119 398 104 379  99 330 239 345
   278 172  93 327  36  32  44 309 157 321 135   0 390 390 349 173  11
   266 105]
  [  0   1 394 288 124  22 364   8 390 102 199 345 396 247 234  74 110
   235 346 323 179 360  16 336 102   2 322 217 143  12 208  84 203 134
   297 139 335 354 397 334 212 319 252 221 152 120  77 393 161 273 115
   294 374 394 167 201 134 348 267 148 396 384   1 143 154 326 395 242
   287 216 221 264 353 286 315  72  11 340 183 122 234 132  82 166 232
   105  46 343 341 182 343 183 345 392 178 274 332 285 268 402 192 278
   255 357 172  34 102 114 255 187  77 272 114 281   0 103 145  96  65
   315   9]
  [  0 299  15 140  56 399  87  86 210 342 196 292  23  53 148 243 216
   265 395  28 200  49 206  22 291 373  34  33 177 333 281  68 248  13
   363 271  50  25 155 152  76 401   2 248  24 111 401 390  51  11 386
   292 178  74 402  45 377   6 112 230 141  43 393  18 341   8 205 193
   381 344  80 396 329 399 397  11 272 201 310 314 315  97 375  91 336
   211 165 359 164  13 148 376 379 351 173 200 332 342 331   6  67 340
   114 368 219 278 180 185 214 356 367  12   0 402 144   0 251  69 365
   354 380]
  [  0 202 290 318   3 395 186 191  37 172 131 186  38  74 381 165 273
    34 354 363 346 119 124 339 305 142 195 402  85 222 183 212 247 197
   183 396  20   6 198 149 143  98 380 378 188 174   9 172 237 254  25
    77 316 190  77 131 260   0  99 298 319 360 372 178  65 353 282  20
   233 203 360 103 390  56 395 155  19 174  23  25 377   4 353 303 303
   272  42 271  81  67 143 109 299 230 266  53  94 237 367   4 159 157
   306  39  42 375 140 290 244 362 355  12   3 330 224 331   0  93 349
   190 297]
  [  0 389 366 193 126 391  99 374 346 312 136 219 236 339 234 340 329
    54   9 355  61 227 381  85 289   0 175 197  60  34  30 285 382 105
    65 393 207 256 370 299 161 151 303 361 367 254 391 188 108   2 401
     5 218 161  28   4 143 177 355 253 181 367 280  55 129 190 244 232
   265 303  14  27  43 147 203 172 200 381  50 395 383 118  36 133 153
   269 349 359 328 286 248 345 105 301 357 365 278 316 194  93 299 154
   263 266 118 277  78 165 334 218 396 106  54 238 306 384 273   0  19
   274 263]
  [  0 231 355 268  74 348 233   1   6 202 227  83  76 268  51 106 226
   214 380  81  78 169 367 321  97 112 275  25  38 343 359  34 303 312
   250   5 339 254 242 338 228 175  33 223  84 353 171 177 296 398 326
   122 181  80 316 174  81 128  69 335 106 170 296 329 206 124 333 375
   257 158 159  64 396  31  29 179 219 139   5 209 103 130 227 225 152
   125 175 182 356 239   4 251  62 199 173 192 271 297 239 197  90  35
   343  87 199 356 229 300 376 118 220   2 113 185 325 230  60 174   0
   333 287]
  [  0  81 117 323   9 169 154  84 261   7 233 205 385  50 182 204 385
   309 170 390 313 216  74 149 361 151 193 384  83  75  34 154 325 376
   333  50 397 335  27 396  58 392 386  32 171  43 213 345  36  16  80
   177 136 226  93  19 191 312 177 236 291 340 133 368 285 391  83 360
   291 256 181 382 332 320 383 366 102  89  65  87 375 385 360  74 375
    47 171 325  62 147 258  29 141  23 351  45 260  41 237 297  13 357
    49  54 284  77 353 216  66 243 125  85 224 268   8 140  23 255 380
     0 186]
  [  0 347 373 283 112 266 164 315 143 182 336 223 200 378  12 217 146
   186  15 206 291 355 350 264 228 262 246 379  53  73 256  59 255 297
    55 244  65 102 198 341  65  37 375 268 324 142 301 251  69  81 102
   285 347  14 252 124 222 307  15 137  43 189 131 390 344 172 247 195
   146 141  70 139 159 163 145  77 142 102 357 398 262 218 283  55  20
     7 119 141 209  20  77 109 142 164 388 330 221 249  94   3  32 212
   401 188  66 402 362 367 227  28 142 112  39 275 216  32  31  80 212
   242   0]]

 [[  0 255 394 275 380 161 174 136 333 101 138 324   0 151 162 128   3
   229 354 242   8 374 137 238 101 144 297  20  96 354 250 303   5 306
   299 232 259  33 353  92   7 384 235 365 122 180 101  65 204 163 290
   234 301 327 265 182 127 231 386 357 273  61 149 327 198 239 214 328
   208  26 324  85 160  86 278  65  96 266  77  61 177 306 201 323 189
   154 263 338  23 333 178 150 298 192 248  35 166 267  66  14  93 361
   328  61 244 236 154  12 113 154  34 309 309 369 384 254  14 130 364
   155  85]
  [  0   0 200  26 391 340  74 345 315 112  61 157 305 287  86 159  96
   234 261 138 147  98 288 137 322 196  37 224  20 169   7  20 391  83
   376 348  23 384 195 284 368   6 128 381 355 227 230 124  28   5 347
   324 178  74 204 230  69  80 310  85 300 361 263 166  19 143  14 390
    91  70  68  41 381 261 256  28  10   2 383 173  55 341  63  66 275
   167  54 153  85 214 255  10 266 215 119 278 363 185  55 126 202 331
   164  14 369 252  56 205 148  67  23 299  79 350  63  83  26  66 311
    93 186]
  [  0 215   0 159 366 230 378 256 241 142 336  86  27 320 103  27  37
   396 317 126 195 170 165 104  27 260  33 342 263 343  53 312 155 229
   214 375 236 154 316 193 368 253 284 223 236 288 157 135 379  33 159
    53 202 342 181 248 395 222 197 137  99 265 390 250  95 334  66  33
   110 296 258 263 162 131 131   1 345 291 112 361 336  67 261   2   5
   118   8 287 326  53 360 164 336 172 257 299 128 287 139 190  54   2
    39 116 190 221 181  79 200 328 229 120 202  50 190 242 167 132  83
   265  31]
  [  0  33 328   0  66 296 246  16  34 319  60   7 202 246  37 191 205
    31  61  18 372 270  20  84 158 397  33 369 264 264 167 315 385  64
   156  61 153 368 281 272  13 283 332 259  41 192 303  12 304 326  25
   288 141 147  98 160 209 308 222 400  98  69 133 255  10  25  21  85
   258 169  15  58 273  57  53 131  55 255  75  35 334 369 141 177 304
   170 188 218 364 125 221 143 247 153 270  24 202  15 329 199 242  10
   308 393 226 318 330 350 149 324  66 114 306   8 233  42 253 284 133
   301 252]
  [  0 185  52  84   0  10  31 243 331 128 289 325 402 336 270 299 178
   157 122 179 382 279 132 332  62 184 240 309   8  98  31 345  30  12
   237 376 322 223 189 147 288  95 160 153  33 323 205 180 155 224  67
   122  19  60 216  92 323 205 130 149 264 287 135 145 236  97 318  72
   354 313  30 380 133 364 178 325 263 123 248 388  74 115 114 143 205
   313  63 347 279 204  27 376   5 213 185 308 242 292 204 323  39  63
    45  89  11 220 371  20 287 394 349 195  19 384 250  30  92 314 217
    32  20]
  [  0  34 116   4 159   0 220 183 177  53 252 162 196 166   7 163  30
   133 142 262 223 260  99 245 201 295 277 100 307 353 179 184 156 135
   223 328 289 148  38 312 303  82 153 194   7 211 240 191 386  40 159
   307 333 104  57  98 333 150 343 125 130 312  65   6 401 136 322  59
   311   9 102 271 126 275 115  58 394 301 198 129 182  98 389 329 104
   231  29  26  87  45 136 177 193 351  69 213 224 205  77 371 159 267
     4 359 327   9 121 111 215  43 299 359 349 360 337 223 340 310 320
   269 198]
  [  0 201 243 147 154 136   0  21 220 126  28 239 386  56 236 323 275
   121 265  70 296  24 196 135 217 370 276 126 224 166 297 289 177 187
   281  60 180  63 278 402 149 389 266  32 320 398 257 374 115 270 375
   388  72  42 240 323 353  15 388 228 297  50 113 193 192 340 214 146
   371 399 310 349  76  54  21  97  44 274  44 380  65 243 115 163 268
   362  76 267 182 291 391  46  62 353 249 141  89 324 400 335 270  34
   369 381  57 226 106  78 303  32 110 387 195 310 264 177 321  82 270
   296 244]
  [  0 238 201   6 172 312 120   0   0 164  21 134 207 315 122 340 291
   230 118 207  71 251  75 250 218 259  48  84 356 229 301 333 334  72
   180  23  17 346 324 161 254 269 136 331  24  83 296 191 332  74 355
   377 252 163 265 352 383  18 238 282 157 326   9 364 318 122  66 333
    69 319  33 116 385 240  30 139 261 156 274 179  65 226 253 170  87
   224 252  58 232 334 305  61 363 322 339 328  89 278 112  61 192 219
   137 391 131  40 227 381 336 161 300 310 255 261 401 346  67 250 360
   384 316]
  [  0 341 397 280 225 187   0   1   0 184 349 215 230 402 220  95 344
   198 314 250 232 400  49 269   7 235 340 205 149 373 155 228 349  30
   143 318 125 295  71 227 348 115 319 398 325 302  56 157   2 235  91
   140  13 117  87  16 170 156  32 174 291 395 323 309 135 394  33 308
   221   8  99  62   2 377 394   5  65  88 273 239  73  39 249  20 141
   143 140 341 292 136  21 382 146 335 111 105  43 342 118  38 252 210
   280 276 274 367 129 318 302  59 171 381 369 280 354 235  80 216 161
   289 111]
  [  0 163 138 139 270 101 207   6 123   0 336 253 375 315 192 313 378
   367 335 363 223 363 233 281   4 346 212 226 143 340 139  50 191 218
   384  25 137 235 210  42 141 328 204 357 379 389  30  91 378 388 396
   212 236 140 226 287  88 320 172 142 308 100  91 310  35 375  57 105
   292 353   9 254  98  32 147  81 399 229 203  69 123 387 339 340 129
     1 179 224  49 128  29 124 363 319 219 305 140 356 313  45  60   5
   251 156 140 342 279  17  55 107 364 195 397 220 280 332 236 331 105
   173 287]
  [  0  58 182 150  50 208  26 310 342 308   0   6 239  75 238 151 300
   383 239  24 284 169 286 222  72 181  14 218 233 220   0 275 399 217
   266 202  36 101 134 308  44  61  29 106  95 352 159 250 188  36 123
    92  62 194  45  61 336 219  10 239 147 158 170  39 123 192  44  24
   296   0 210 263 346   2 201 141 373 366 266 202 225 313 234 233 312
   120 261 168 335 204 134 179  98 148 380 337  74 337 296 304   8 250
   189 366  66  18 135 296  23  44 115 302 233 338 356  37 173 352 200
   285 386]
  [  0 278 167   8  72 294 125  37 330 160 322   0 293 328   0  20 279
    16 184 257 284 374  41 113  42 262 152 178  80 389  16 227 145 387
   356 148  72  33 286  54  16 355 323 346   7  40 340  28 284 235 250
   182 317 199 376 106 228 180 311 155 252 301  53 126 374 264 211 114
   367 106 194 159 247  93 331  81 181 115 234  87  36 383  11  38 360
   287 282 396 123 316 107 157 233  30  62 385  92 346  90  95 291 261
   151 158 397 237 164 225 321  83 296 253 339 268 186 235 242 168  32
   203 300]
  [  0  82 120 311 367  46 355 359 367 131 261  48   0 155 128  53  62
    40 326  45  85  42 320  52 399 214 347 360 347 360  48 298 116  17
     4 314 172 149 101 230   2  45  10 211  23   9 118 345  46 338  56
   141 369 325 307  85 128 337 146 105 131 310 120 333  97 235 196 250
    11 388 378  54 261  47 131 215 226 335 172 388 342 247 292 103  32
   284 402  47 325 120  86 264 275 276 293 111 278  61 232 104 347   4
   352 335 266 314  96 326 207 123 358 294 293 200 349 129 348 339 241
   106 355]
  [  0 248 293 302 312 167 198 267 306 402 245 310 165   0 378 160 149
    15 297 386 137 239 398  73 128  88 107  27 230 327  12 187 102 348
   186 348  68 384 316 257 282  72 380 175 337 223 400 107 384 349  48
    69 367  17 196 107 115 265  14 384 194 213  83 395 362  39   9  62
   126  88 128 336 288 130 166 399  64  43 218 268 101 190 186  68  35
     5 183 185  58 190  79 111 267 118 356 394 214 143 229  83 233 151
   293 350 135 172 191 331  18  62  39 166  74  93 148 104 189 192  75
   130 282]
  [  0 231  19   9 136 272 173 219 206  23 360 367 398 105   0 334 387
    46 161 133  54 322 228  81 176 265 131 236  37 379 129 206  43 340
   180 190 193 201 341 229  58 266  36 389  38 362  21  15 369 333 237
     4 155   6 256 157 187 241 363 172 188 256  95 343  59   3 358 104
   325 228 257 230 209 249 352 210 255  56 150  56 275 363 159 174 319
    73  62  98 373   7 343 203  10 233 207 167 352  56  80 159 358 353
    31 191  40 248 306 384 374 396 163  10 184 158 247  37 326 341 192
   190 380]
  [  0  85 220 310  35 213 360 216 261 303 289 191 179 216 366   0 346
   249  80 256 394 188  46  16 260 257  98  67  80  35  79 286 240 228
   110 119 391  36 218  39  86 318  93 133 230 153 303 182 159 126   9
   194 280 288 198 230 318 253 179 319 402   8  31  46 393 174   1 223
   284 401 342 395  43 206 261 358 138 105 243 168 232 291  79 214 310
   260  62 278 157 325  50  70   9   9 210 391  37  82  96 117 250 358
   402 225 173 139 232 273 400 352  75 386  97   3  76  85 173 135  79
   339 253]
  [  0   2 316 173 124  81 130 175  83 154 401 368 247 365  83 148   0
   198 377 351 398  64  13 267 195  47 249 297 285 103 103 180  14 217
   307 146 324 129 102 122 216 376 175 355 119 104 297 346  37 238 350
   109 362 182  21 121 105 357 308 255 114  38 265 278 280 100 249  13
   166 325 365 174 353 387 360 370 337  31 349 282 109 307 288 174 150
   134 337 216 362  29  74  67 295  77 236 158 116 134  64 203 222 229
   109  19 108 288 360 365 213 312 111 347 382 165  17 378 206 243 123
    76 125]
  [  0  22 316 342 298 133 255 303   4  14 145 342 213  33   2 201 106
     0 257 400 119 238  19 171 379 309 356 162 350 344 137   2 271  93
    72  69 252 152  20 272 229  88  39  62 358  10 384 329 279 267 139
    33 157 172 313 210  96 229 377  26 295  44 196 207 113 331 109 245
   212 178 164 248 231 118  82 337 350 297 206 258  52 150 139  66 155
   271 221 250 332   9  87  85 215 233 351 158  58 231 166 274 285 252
   107 371 327  97 244 241  27 215 320  99 215 240 223 358 227  52 345
   229  11]
  [  0  11  93  99  36  34 357 376 301 312 371 365 137  60 119 350  42
   195   0 214 214 172 326 222  82  41 375  15   2 132 241 182 152 239
   191 340 287 369 316 389 212 376 307  54  36 231 151  20 110  71 379
    26  51  59   9 179 393  95 191 342 128 247 204 276  65 329 310 252
   363 361 273  99   9 396 145 272  48  25 191 315 372 270 136 186   0
   187 351 276 173 124 197  70  15  16  45  96  62 304 103 186  81 188
    98 180  63  45 364  83 366  33 110 344 121 367 221 392 256  12  47
   149 165]
  [  0  75 185 223  13 362 342 304 345  28 310 236 138 230 341 126 264
   390 185   0 311  85 393 330 231 166 261 376 307 218  62 381 149 226
   184 341 321 125 290  11 126 344 158 402 333 320 196 325  42 369 269
    99 335 166 106 309 356 383  66 189 355 351   9 358 181   9 335 209
   327 184 342  64  34  87 320 152 247 345  55 379 160 276  98 133  42
   148  91 202 122 316 239  47  20 168  98 286 218 142 260 155 244 194
   168 142 118 134 297 290 112  58 158 139  45 380 270 104 118  65 206
   116 395]
  [  0 197 302  70 146 370 284 186 363 121   0 350 219 346 227 153 154
   162  45 227   0 290 158   0 354  53 354 162  88  58 217 297 119 131
   256 106  65 207 261 194 224 146 191 345 273 261  27 231  10 313  21
   272 269 154  65  17 247 228 198 310  90 290 381 149 110 342 297 255
   249 179  52 248 354  82 278  40  79 360 123 265 282 190  54  93  53
   141  35 146 152 371 263  92 249 189 164 324  85 355 314 399  29  47
   253 215  34 142 363 208   5 364 111 319 388 148  38 292  19  82 225
   144 299]
  [  0 218 287 194 196  14  70  81  15 315  72 144  35 141 112 173 327
   198 291  62 371   0 242  45   2 197 209  21  20 225  21 247 229 282
   177 274 157  21 187 137 379   3   2 120 165 115 173 152 257 120 232
   365 154 292 312 151 298  22 343 272  71  21 152 309 314 378  23 174
   215 212  65 304 385 201 232 285 122 274 214  58 209 367 341 236 235
   302 385 360 323 272 320  89   8  56 351 231   3 214 186  77 175 145
   389 246 188 239 358  57 206 241  46 269  80 401 142 114 172 142 321
     2 291]
  [  0 111  89 115   1 325  13  67  72  11 390 177  66 289 350 364 354
   284  37 128  74 269   0 100 119 370 263 359 359  32 264 267 296  55
    63 124 346 189 251 272 249 113  22 151   8 260 195  50   9 228  51
   166 125 267 210 152 269  37 309 208 344 138  48 287  59 141 375 289
   368 365 164 206 159 339 366   3  87  12  77 294 165 123  34 119  96
   186 266 263 380 103 109 271 223 230 175 167  69  48 360 273 215 329
   107 258 183 241 252 250 286 387  61 101 238  62  56 148  11 346 137
   286   7]
  [  0 268 259 292 236 376 155  38 206 210  27 102  28 383 191 308 307
     8 103  97 387 357  57   0 277 111  55  19 236 304  77 352 221 306
   301 387 185 285 285 318 110  59   3 352 379 210 236 350 369 163 226
   205 396 230 171 162  82 281 253 216 127  80  35 215 362 171 400  32
    98 274 316 213 154 292 108  94 131 395   5 363 296 163  67  50 344
   343 351 157 377 275 358 255 142 295 357 256 115 275 227  31 100 185
   198 232 148 266 119  11 136  39 377 107  21 164 313 360 118 401 206
   371 353]
  [  0 201 400  22 217  66  44 315 340 294 341 150 345 165 286 367 234
     7 372 181 356  21  63 224   0 187 329 372 341 226  78  27 371  16
    34 391 206 264  32 129 213 139 339 206  33 217 191 171  40  77   9
   291  75  43 182  87 401  80 334 173  21 189 103 225 387 357 345 230
   214 348  18 195 297 157 135  82 214 239 109 391 382 215 358   6  43
    94 301 402 387 183 334  96 283 256 128 145 402 390 325 186 271   5
   308 293 144 369 372 311  50 199  16  55 188 129  78 148 263 201  15
   192  81]
  [  0 112  94 226 128 260  82 331 251 248 235 365 305 120 208 125  26
   171 289 235 132 299 314   8 126   0 261 373 264 370 237 238 326 357
   130 165 316 236  10 267 369 139  34 128  80 102 191 396 288 209 107
   324 174  16 280  32 334 116  43 179 358  82 171 327 101 325 314 109
   385 322 384 357 261 296 261  63 385 202 199 271  52 254  39 123 149
   257 269 156 251 307 337 377 390 183 199 288 311  31  32 195 353 363
   311  70 382 145 142 279 268 346 280 200 373  95 238 124  43 102 239
    61 281]
  [  0 227 178 242 401  65 134 243 320  36 151   8 243 118 143 388   0
   200 388  40 194 240 292 175 129 324   0 330 222 321  25 328 271 342
   234 265 129 295  86 311 164  59 186  80 155 191 129 119  31 293 352
   172 392 140 165  37 132  37 137 348  35 278 266 317 278 172 127 241
   313 384 258 242 270 337 309  66 157 104 355  44 262 316  25 175 184
     6 154  60 185 363 339 325 335 312 402 101 166 126 247  27 166 244
   126 115 221 362 320 204 262 209 362 186  13  81 272 177 190 149  88
    32 274]
  [  0 341 112 176 213  49   2 321 189  96  96 173 139  44 299 195 124
    33  43 298  95 245 298 141 132 108 376   0 302 259 256 137 137 111
   234 347 257  18 271 275  30 221   3 261 300 122 201 149 205 173  12
   202 101  90  78 248 187  84 279 334 218 199  35 182 340 147 354 290
   163 366 376 216 315  61 346 131   9 133 397  31 275 387 218  99  67
    35  93 311 362  52  94 218 344  36 244 104  33  84 244 105 283 104
   255 304 280 328 197 327 244   2 174 162 190 278 342 327  87 134 396
   360  25]
  [  0 321 281 117 239 249 109 205  42 198 217 244 348  19 197 126 236
   348 273 334  44 343 173 390  70 213 117 236   0   1 282 384 241 174
    41 131 371 139  13 136  16 124 156 242 236 335 256 311  29 241 206
   225  19 189  39 288  39 220 126 399  33 390 257 245 116 398 357 370
   182  52  61 195 389 187  44 337  57 231 328 374 226 122  53 279 125
   134 371 322 135   6 177 120 383 306 166 349 206 220 396 259 207 340
   250 291  92 321 308  33 237 160   4 364 382  26 244  39 219 207 303
   115  43]
  [  0 156 364 139 375 349  93  87 236 258  60 118 263 346 362 120 396
   237  81  60 318 167 244 241 255 178  19 288  33   0  53 197 123 241
    31 271 181 222  52 239 194 388 402 153  49  68 360 158 145 260  71
    74 272 164 227 240 369 217 119 210 270   2  29 285 247  99  78 358
    87 376 118  58  34 286  52  13 395 129  81 271 270 351 380 125 109
   230 205 154 196  18 207 143 143 379 174  71 158 238  51 184 402 262
   339 234   7  59 161  98 237 134 146 312 335 291 163 350 194 102 106
   275  10]
  [  0 113 301 328  75  65 388 352 183  50 150 178 105 214 338 242 310
   367 343 223  45 245 146 270 258 250 288   6   1 277   0 300 298 392
   302 174 281 388 145 273   3 398 293 349 192 288 278 211 289 335 297
   140 100 143 220 268 130 297  93 389 389 290 205 103 377  24 136 313
    45 277 345 346 191 378 218 216 113  85 220 269 182 271 367  70 212
   370  64  74 308  75 239  56  29 350 291 162  91  19 326 127 314 331
   357 306 206 106 248  10  62 387 337 357 293 146  49 324 112 342 125
   292   1]
  [  0  64 379  85 224 169 166 266  81 346 248 182 144 297 180 114 242
   236 289 384 158  92 334 319   6  50 377  17 393 252 105   0 356  35
    22  30 175 402 198  17 258 213  77 322 221 149 310 126 354 307 322
    29  83 380 174  51 210 222  89 236 370  33 165  18  30 210 303 159
   217 231  19 243  10 339  82  46  27 295 114  99  47 322  43  44  42
   150  62 259 290 288 197 121 391  94 186 281 390 122  36  54 294 185
    27 336 330  96  14  93 332 281  22 250 281  51  24  44  34 137 137
   179 132]
  [  0  24 324  72  52  74 161   0   3 157 135 304 211  43 121 190 360
   377 191 245 245   9 402 354 239 121 171  57  83  51  37   4   0  30
   197 364 364 266 266 155  58 282 180 263  12  62 293 200  56 313 274
   149  85  89 320 320 353  55 229 207 171 300 281  42  15  25  11 214
    38 300 269 364 333 154 349  86 213 301 113 128  81 214 331 328 339
    82   2 191 353  67  45  22 243 387  20 321 308 363 362 125 177 277
   175  39  85 309  64 291 347 388 236 269 191 376 216 389 340 190 350
   323  77]
  [  0 190  86 109 205 210 282 103 203  65 161 100 386  53 238  66 237
   323 366 121 338 347  17 252 142 237 166 272 327  10   2 312 194   0
   284 194  31  31 241  87 242 145 217 215 352 231 317 237 177 390 109
   156 116 183 221 208 227  63 105   4 245 272 385 381 145 230 296 169
   273 151 100 277 281 250 275 281 187 118 367 143  25 343 293 211  67
   356 264 307 149 299  90 160 264 386 370 292  64  24 373  55 105 260
    24 390 193  17 356 278  61 282 282 347  44 123 373 110  88 120 348
   376 210]
  [  0  97 337 346  69 238 241 183 160 173 163 395  63 388 206 271  99
    43 349 305 180 117  67 225 385 315 331 337 148 204 258 318 237 248
     0 291  25 358   4 232 119  37 246  60  55 167 181 286 259 379 166
     2  35  45  89 113 135 382   9 318 321 211  15 302  12 180 401 100
    38  81 207 171 203 233 217 234  86 198 180 292 233  11  21 341 334
   175 149 374  65  14 270  88 124 152 276  71 369 264  69 146 248  67
   384 179 247 312 353 364 371 154 219  10  92 386  61  53  23  51 385
   240  44]
  [  0 220  45 190 381 330 174 385  63 243  88 146 149 357 104  17  33
   102  88 167 126 348 189  83 187 133 243 372 384 285 224  43 394 192
   242   0 196 162  60 330 117 275 112 281 305 346  75 261 226 136 385
     5  16  37  11  95 279 243 188  28 151  53 343  64 199 393 303 277
   274 246 270  58 270  44 230 387 321  79 261 263 321  42  84  46 259
   396  19 168  26 206 317  40  18 336  69 334 322 361 190 102 108 100
     1 117 195 262   5 326  14 227  64 250  64 364 215 350 385  33 267
   394  97]
  [  0 167 381 136 254  83 351 258 250  52 298 334 234 284 294 348 111
    36 320 284  37 152 162 173  49 129  91 122 182 224 202 299 284 322
   284 160   0   0 127 374 235 370  94 258 169 239 341 317 240 331 313
   209 185 292 374 232 242 327 216 303 262  60 326 164 314 255 266 362
   139  70  86 304 375  21 298 204 368 243 390 323 399 343 198 358  32
    88 380   3 301 139 329 174 235  49 318 334 371   3 244 276 175 153
   228  69 234 161 141 230 219 307 301 378 221 302 278 304  63 237 375
   347 320]
  [  0 101 285   8 401 275 140  84 286 150   6 273 339  66  74  38 136
   114  51 376 326  62   4 218  46 230 238  14 347  22  35 187 210 382
   102  19 201   0  85 309  71 109 269  55  65 224 230 377 317 348 255
   370 383 384 123 298 174 357 140  53 301   0  59 140  22 209 256 389
   325 149 388 190  88  62 396  35   7  71 117 352 212 178 230 276 132
   118  57 239 355 177 151 324 105 117  92   1 382 385  80 333 358 214
   383 146  89   1  91  96  99  15 252 174 134 118 133  90 251  16 165
   310 190]
  [  0  99 351  25 245 274 398  79 380 179 178 102 294 276 155 166 160
   381  74 119 177  70  27 292 276  47 402 202 162  84  10 302 365  98
   256 198 313  97   0 391 247 380 165 155 368 222 172 370 252 327 258
   371   5  67 248  81 345 312  76  91 117 163 352 159 268 305 376 113
   117 331  30 194 254  87 201  96  33 159  55  65 183 331  90 248  64
   265 155 175 183 232  28  81 254  69 269 378 151 311  69 356 110 164
   334 356 129 395 145 333 367  45 388 309 263 349 320 219 346 109 393
   139  80]
  [  0 350 213 195   9 338 393 350 190 225 209 285 400 118   0  30  41
   149 387  25 130 138  11 379 397 207 226  58 295 275 219 329 189  38
   154 308 135 171 264   0 322   6 381 397 168  51 271 179 313 234 334
   332 197 221  32  43 317 368 264 271 311 101 215 288 322 116 326 159
   291 180  33 253  26  17 209  36 306 160  26 396 151 220  52 343 166
    89 354 254 223 298  93  86 248  93 251  12 301 237  51 199  29 275
   329 182 265 164 348 270 298 108 314 279 144 140 287  45 381 159  96
    96 308]
  [  0 369  83 198 380 135  25 388 341 144 402 240 159 341 273  20 232
    72 253 216  35  68  13 328 150  67 287 349 232 245 296 253 155  87
   277  40 356 212 324 248   0  29 331 142  79  29 315  52 245 199  62
   345  23 166  48 223  34 294 237  44 310 281 256 189 204 117  37 120
   388 206 106 311 364 289  98  74  93 390  38 174 320 399 329 217 150
   239 323 328 300 155  49  21 292  58 275 163 261  46 232 204 358  34
   180  47 225 136  20  62 100  58 389 258 315 208 353 340 370 205  55
    34 361]
  [  0 271  19  52 250 358 105  28 146  57 257 238 177 156  46 328 229
   401 104 195  54 157  18 389  70 367  81 108 102 283 261 365 340 276
    76 173   9 105 383 155 400   0 353  72 320 135 154 151 146 298  46
   272 373 356 167  69 252 360 378 302 118 366  65 126 347  18 118 105
   234 181  45 333 166  61  16 179 113   8  54 318 203 274 377 329 287
   187 166  18 104 185 368 155 192  87 280 286 100 361  84 346 307 367
   135 252 250  13 321 250 189 199 299  34 109 144 118 268 140 227 342
   381 247]
  [  0 252 366 272 263 115  19 205 198 109 192  55 207 152  29 357 106
   381 328 298   7  16 284   0 267 318  84  67  99 370 361 186 141 284
   370   6 327 203 359 194 140 385   0  27   8 176 329 233  22 204 121
   120 225 278 244 374 395 116  28  53  70 240 193 359 261 357  83 227
   327 328 336 214 162  26  10 381 367 154 320 397 400 102 277 218 204
    13 332  27 288 132  72  52 256 394 253 199 179 226   9 371 102 278
   211 179  57  12 348 139  79 132 391 138 379  14 398  42 332  82 313
   122  88]
  [  0 214  68 138  41 335 386 362  41 120 268 262  45 317 230 189  80
    44  84 338 151 145 226  39 277 172 212  10 390 172 110 167 124  15
    39  66 119  29 211  31 401 154  13   0 157 214  17 152 268 138  31
   354 402 166  68 188 153  96 136 141 284  85 202 330 383 188 232 259
   241 120 399 360  97 172 237 376  67 309 377 257 316  67  69 398 399
   155 363 109 238 103 246  62 185 238   3 183 132 178 354 189 347 383
    91 230 347 177 173  24 239 184 186 278 334 117 235 113 330 258 290
   317 299]
  [  0 124 282  59 229 158 160 293 302 249 238 364 381  20  94 262  60
   124 347   2 251  78 227 294 265  67 304 179  64 160  46 323 301 288
   287 281  36 153 376  99 214 109  34 313   0 231 179  74 340 196 396
   290 274  65 177 310  57 104 303 319   2 340 387 171 307 238 309 284
   242  75 141  31  21  62  61 107 178   8  37  95 195 379 147 235 387
   356 112 155   2  20 398 374 347 371 112  12 381 288  76 131  42 229
   179  44 286 315 205  13  88 138 374 163 214 350 199 117 314 379 164
   105 120]
  [  0  58  55 185  73   0 383 350 206 262 195 147  72  92 385 198 165
   234   5 263 237 353 108 246  80  52 313 336  22 278   6  13  11 122
   241 348 275  82 254 358 273 271  82 128 261   0 366 113 205 244 344
   350 379 161 239 375 345 234 240 339   1  65 390 100 140 315 106  20
   331 366 159 374 305 241 207  43  41 369 254 178 400  57 233 221 352
   104 119  57 363 223 283 117 182  12 373  41 276 155 214  82 147 244
   308  35 393 211 364 281 252 193 288 277 332 141 104 145 240 174  32
   115 202]
  [  0  60 148 234  40 237 100  70 277   6 105 393  94 207 165 394 306
    44 163  12 331   6  80   5 374 161  37  99 396 323  54 387 302 157
   353 313 279 301 196 108  29  35 314  47  50 102   0 269  41  15 313
    77  44 367  28  58 139 208 317 342  73 185  15 186 231  91 323 131
   364 294 158 364  15  92 349 251 146 229  15  63 346 320 292  57 332
   396  29 157 326 373 120 278 219  95 161 307 288  59 184 109  42 146
    16   2 247 111 336  81 392 143  86 256  15 289 229 190 121  27 350
   228  87]
  [  0 130 117  61 236  34 203  17 350 202  47  16 335  83 335 295  73
   343 184 283 232 275 151  33 188 140  49 314 316 396 316 312  31 233
   236 265 142  51   8 145 361 165 267 401 169  27  57   0 108 171 296
   343 183  41 402  95 169   2 255  74 325  79 316 350 166   7 316 172
   132 383  90 269 270 147 205 174 184 385 149 136 107  86  94 184  25
   365  35   2 112 190 328 285 113 208 377 149 341 341 197 204 105 146
   317 296 160 313 371 273  58  77 342 305 299 158  11 309 274 384 329
   340  55]
  [  0 251  11 371 341 380 285 244  62 266 124  92 379 153 228 348 131
   281 353 240 277 260 398 344  55 188 396 276 130 143 111 278 215  39
   254  44  19  16 176 394  41 319  50 357   5 212  79 399   0  91 228
    57   3 121 194 383 147 161  78 119 162 331   5 344 286 387 106 319
   288 211 350 124 106  97  98  41 156  17 391 286 166 285 284 328 153
   165 165 227 167 102 109 282 100 188 115 245 173 184 366 129 345 109
   341 152 124 381 151 376 277 345  53 150 309  39   7 348 206 150 310
   325  77]
  [  0 351 106   5 277 332  57 126 220  19 279   4 289 287  46 124 323
   264 292   2   6 242 390 175 138 112  41  75  99  20 195 375 147  16
   167 300 283 290 238   5 394  42  60 167  16 104 395 121  38   0 335
   288 112  48 179 274 309 252  67 251 356 383 348  82 130  88 233 163
   247 208 357 305 177 271 118 221  18 312 213 280 348 184 222  41 362
   174 338  91 379 147 126 149 379 401 392 300 122 195 276 318 196  97
   377 256 352  21  39 149 191 152 157  53 125 282 283 384 365 332 399
   266 373]
  [  0 268 221 282 187 271  39 108  87  91 148 325 322  84 118 319 345
    99 322 156  61  56 171  97 215 130  64 156   7 379  98 192 312 114
   209  42 212 148 209 179 238 303 324 229  74 159 172 335 230 213   0
   391 211 267 331 336 378 399 239  78  89  81 106 121 321 243 142  55
   208  10  90 145 126 251 263 233 186 350 146 238 293  13  13  23 184
    95 256  52 334 189 361 153  94  26 395 265 207 184 324 158 285  84
   372 243   0 362  76  36 232 349  86 100 169 221 160 149 382   1 120
   394 337]
  [  0  39  41 218 205  52 350 243 292 196 141 127  61 198  74 273 178
   328 110 185  24 299  41 155 112 349 116 187 233  32 143  66 280 216
   355 346 166  25  89 357  31 264 180 328 232 152 190 396 197 400 402
     0 210 251  98 241 391  39 242 251 291 274 156 102 319  95 337 321
    39 399 141 280 128 241 345 313  91 269  81  33  49 175 156  71 332
   377 221 121   6  96 303 247 224  17 357 140 320  92 232 347 146  97
    77 115   1  45  99 348 341 172 364 341 149 183   1 239 144 160 319
   298   8]
  [  0 131 386 291 125  41  14 187 133 178 180 336 372  86 277  36 134
   357  79 301   5 232 260 108 106 151  58 382 306 347 175 248  64 140
   123 332 356 243 255   3 319 366  55 260 229 397  29 289   2 251 213
   169   0 157 103 185  49 342  98 241 383 199  77 398 253 350 350 249
    62 231  35 313 251 314 322 294 121 252 101 219 379 244 260 200 388
   358 373 372 219 314 146 116 151 320  42  72 128 244 375  94 100 154
   121 233 351 156 251  11 174 210 352 300 155 107  79 396 165 146 321
   345 383]
  [  0  15 304 153  79 305  94 229 384 357 344 304 128 211 316 273 294
   101 175 144 225 364 303 344 359 224  71 364  61 110  10 360  48 197
   123 121  53 237 215 379 240  80 218  73 128 360 321 362 115 103 338
   395  55   0  39 197  24 144 168 173   7 189 323 262 212 130 269 213
   316  80  67   5 176 209 224 153 399 121 296  38 262 265 188 349 159
   139 143 257 372 246  87 212 261 242 286 168 313 340  62 126 398  81
   219 115 270 351 102 238 151 191 296  18 376   5 293 294  59 252 369
    63 137]
  [  0 397 228 204 328  37 171  86  37 180  69 349  44  40 153  79  85
   260  56 206 178 391  39   9 193 143  48 248 118 329 323 400  67 294
   142 361   3  36 223  25 344  48  36 314 211 102  69 306 209 116 375
    38 327 364   0  64 295 375 137 219 399   6 206 158 143 315 316 292
   323 322 345  99  54 368 253 247 309 212 242  85 222 270 269 119  18
    90 201 190 219 176 235  73 130  34 254  10  73  67 357  31 245  53
   321 379 252  57 290 164  41 298 265 340 391 291 221 280 169 248 284
   224 125]
  [  0 256 319 317 244 194 142 304  85 216 209 310 351 209  70 379  80
   398 236 174 332 128  59 259  23 126 342 156 145 110 222 353 302 379
    58 298 182 338 141  54 283 287 235  47 145 336 173 132 220 247 355
   379 393 103 252   0 362 175  30 257  81 145 367 224 174 174  12 146
   368 263 161 265 402  52  20  24 105 322 304 105 276 257 348   2 195
   198 101 384  68 336   8 354 329  75 260 231 233 101  12 151  80  34
   288 158 134 146 221 338  81   7  74 320  87 394  80  14 209 223  16
   137 326]
  [  0 309  61 286 298  12  28 273 119  20  67 160 380 393 362 266 221
   178  38 187 282 115  29 320 129 263 277 212 180 189  87  21 232 233
   211 311 155  92   1  58 223 137 218  94 249 182 159  89 220 319 245
    60 208 188 342 170   0 196 298  56 259 401 166 166 307 223   7   8
    19 261  74 106 261   4  10 115  93 395   4  26 154 186 139  48 177
   165 199 123  78 146 383 136 240  27 134 340   3 106   5 159 267 364
   270  30   1 306 290 131 275   4 158 247 365 112 153 374  21 279  36
   247 337]
  [  0 337 344 153 367 179  74 185 102 339 321  64 110 317 146 178 112
   132 379 371  96 136  68 150 146  84 209 243 203 250 206 268 300  72
   307 267 362 344 308 274  85  77 301 333 128 164 219 252  13 331 218
   383 390 212  42 195 326   0  65  47 203 162 187 315 339 399  12 377
   114  83 190 234 352 306  61   6 189 399 103 397 104 197  10 399 232
   104 214 389 299  95 303 388 206 326 157 276  92 202 160 157  20 229
    10 105 300 167 340 314 223 241 103 375  99   2 343 393 307 315  59
   311 205]
  [  0 396 182 259 269  61 401 324 120 330 301 216 126  93 348 224 160
   379 385 241  26 333 230 229 230 357  26  26 199 292   8 243 325 155
   251 355 173 260  20   0  52 393 261 201 114 205  64 377 251 150 337
   168 357 339 313 178 318 265   0  92 141 198 301 342  70 246  82 389
   274 263  28  98 197 342 310 281 119 188 151   1 220 274 174  55 380
   276 207 202 172 348  42  55 367 144 379  93  67  92   7  94  40 126
    97 399 255 265  85 299 205 376 391 293 390  46  25 354 170  81  50
   253 178]
  [  0  50 226 381  26  71 371 279 173 317 116  24 173 326 210 371 352
    56 287 296  95 274  72 390 360  56  70  95 277  35 169  74 293 215
   338  10 174  21 285  60 301 345  29 281 362 120 178 209   1 184 326
   249 280  90 130 329 402 345 286   0 106 362 371 121 258 282 178 245
   327 165 282 103 269 342 355  36 146  74  73 295  47  37 276 307   4
    88  16 138 186 116 343 146 210  22  56  72 269 147 288 222 346  27
   179  27 338 205  43  52 219 216  91 306 305 376   8 150 330 188 158
   260  80]
  [  0 157  11 239 264 285 402 329   0 153 214 275 219 381 334 253 132
    44  86  23 311  42 267 144 343  75  89  30   1 134 313 233 235 132
    55 210 338 208 106  96  86 287 126 314 111 207 157 281 165 115 115
   182 216 222 381 149 271  24 104   1   0 375 211 182 294 353 283 196
   339 190  31 388 214  58 212 163 269 342 215 126  42 196 307 203 103
   333 103 130 257  53  70 402 269 139 134 277 149  38 360 290 381 236
    71 157 134 234 272   5 335 226 312  27 150 269 173  44  44 161 175
   223 360]
  [  0 112 239 367 187 371 279 370 313 225 331 310 164 138 316  29 210
   289 184 375  71 402 179  79   1 213  23  32 255 292 202 212 287  62
   278  52 392  30 395   7 245  45 187 376  86 254 257  35 275  36 365
   238 372 252 157 167  73  76 357 100 204   0 293 160  87 125 196 121
   203 165 333  24  60 367 330  81 291 129 293 292 392 177 393 400 179
    23 253 220 143 255  73 278 313 166  85  24 216 186 231 243 198 342
   178 137  95 129 194 109 172 306  94  69 262  48 280 249 149  52 369
   114 119]
  [  0  13 354 150 352 356  67 127 230  65 116 263 380 374 367 102 280
   129 124 221 155 373 314 214 107 169  76  94 377   4  98 352 281 348
    97   6 162 141  82 279  10 360 174  26 271 135 356 378 152 292 109
   242 291 379 338 139  87 393 277 178 300 109   0 334 306  26 181 237
    96  66 183 229 112 257 115 183  41  65 183 206 273 390 209 192 203
   186  23 102 202 111 372 235  12 241 374 123 143 172  54 340  94 296
   386 195  59  14 258  79 167 239 113 313 125 320  24 219   8 262  41
   142 238]
  [  0  66 144   6 129 125 228 123 336 251 200 271 268  80  27 386 310
   223 254 146 269  82 208 390  22 304 356 177 345 373 401 295 385  51
   287 279 246 329 282 117 334 393 338 213 189 100 398 160 370  25 249
   385  60  76 176  91 292  68 251 156 171 267   3   0   8 308 369 401
   141 294 176 313  18 302 342 278 133 202  83 347  56  35   5  29 145
    71 201 241 202  78 248 336  90 378  43  67 308 314  74 236  71 307
    44 306 145 260 259 248 391 374 267 112 198 119 268 309 251  28 336
   317 123]
  [  0 360 304 366 189 158 302 226 359 132  83 109 396 260 116  78  19
   221 280  32 211 223 397 233  54 125 291 223  17 325 282 270 119  75
   106 324 162  37  66 202 393 340  99  57 267 164 315 203 323  21 127
    96 278  60  32  39 133 145 269  32 211 383  38 298   0 330 242  25
    32 145 202 294 102 222   1 341 218 168  85 311 141 230 385 222  34
   200 376 297 255  65 387 210  82 300 125  42 377 195  70 125 110 311
   340 286 132 302 104 402 332 299  29  45  26 196 269 326 148 210 205
   120 380]
  [  0 378  89 127 178  95 261 225 273 117  67  80 230 191 359 212 111
    39  41 390 268  57 374  72  19 379 108  16 214 241   3  29  50 183
   143 362 386 211 369 226 150 244 251 252  39 341 308 161  75 250 390
    35 308   1 245 206 316 400 144 106  51 299 261 162 379   0 286  34
   108 146 189 364 240  76 184 363 231 345 151 156 203  50  33 115 173
   235 347 333 310 261 111 203 121 251 152 243 127 396 147  68  42 248
   347 399  40 361 301  18 219 246  40 287 368 212 110  33 225 245 250
   361 295]
  [  0  68 379 318 198 364 195 208 228 307 281 125 202 351 327 136 198
   225 264  35 308  94  39 180 286 328 277 116 310  25 301 232 171 134
    73 192 153 388 263 345 111  98 310 131   3 333  37 178 163  50 354
   296 234 244 143 302 333 177  29 139 285 256 313 130 357 215   0  81
   182 266 278 209 270 159 248 161 347 214 299 134 135 123 385  63 296
   210 237 291  94  83 314 319 134 310 157 181 337 247  29 365 141 276
   288 216 153 266 231   4 319 388 373  73 370 136  38 288 337 229 336
   221 288]
  [  0 287 219 248 200 131   6  75  22 290 322  74 258   1  43 191 205
   177  38 206 192 109 136  87 398 360 232  65 173 184 300  85 400 148
    27   6  19  76  60  41 353 177 309 378 344 126 333 387 215 171 349
   312 317 182 328 366 354 232 118 162  20 209  41  44 347  65  66   0
   387 183 341 222 144 145 380  78 359 237   4 122  65  87 113 135 127
   159 309 234 264 243 108  89 268 155 182  81 151 270 324 179 288 179
   258 221 205 152 244 318 318 393  94 320  66 147 224  74 176   4 256
   267 350]
  [  0  81 394 374 306 290 133 149 385  54 333 240 257 277 297 165  78
    13  76 181 222 150 175 172 198 327 270 323 285 168 163  74 181 359
    64  79   6  95 254 400  46   8 180 285  24 325  26  55  93 252  81
   140 253  79  73 249 319 401 126 158 106 249 231 392 265 363  15 100
     0 260 327  29 257  49 368 324 370 339 242 133 336 170 210 296   4
    26 118 288 376 274   4 149 357   7  24 220 377   3 255 111 212 291
   250 390 281  87 126 128  93 120  28  59  59 354  60 184  93 397 351
    30 226]
  [  0  58 401 168 291  53 250 239  35 252   3 224  12 288  94  56 362
   202 237 296 336 289 209 373 224 266 282 141 210 250  42 205 347   6
   360  98 107  37 183 352 282 302 319 400  57 251 287  17  49  80 239
   182 148 262  50  32 241 125 264  70 205  53 247 124 109 175 213  38
   230   0 399 123 282 294   8 101  57 174 200 376  18 284 181 292 254
   364 102 125  39 150 166 356 187 271 377 202 111 372  13 208 388 104
   323 170   8 201 230 272 122 232  39 275   7 378  58  50  40 192 284
   140 189]
  [  0 255 258  84 154  59 105  37 190 194 328  21  37 276 315 264 190
   114  91  63 322 312  87 233 370  25  31 217  82 258 145 376  51  90
   156 156 189 148  45 395   3 157  15  27  99 268 241  54  66 201 182
   106 225 319  13 346 384 291  66 172 291 318 142 337  36 153 168 237
   164  51   0 292 240 298  51  64  36 369 254 137 195 400 235 150 111
   125 201  48 250  13 201   8 295 146  55 306 128 377 261  86  66 198
   184  81 211 216 319 325 385 171 156 390 179 228 271  19 366   1  54
   168 276]
  [  0 322 378 205  56 103 171 328 345 392 100 145 163  49 314 304  38
    54  14 176 237 202 343 384  31 222 105 170 200  75 314 101 135  69
   391 254 143 211 181 310 308 118 237 325 121  55 241 277 282 362 181
   294 263 251 294 355  38 330 109 265  23  90  57 364 206  64 192 344
   226 200 135   0 375  50 287  64  54 144  94 109 380 145 283 178  63
   159 312 347   5 387  45 102 168 215 326 350 335 201  83 253  62 172
   198   3 190  68  63 151 284  49  92 316 218  74 339 389  91 220 139
   394 185]
  [  0 113 255 301 389 118 240 237 214 377 339 328 186 180 167  19 291
   262  65  29 260 314  46 246  60 151 296  33  10 356 261 345 377 140
   367 308 371 174 286  66 144 291 283 301  75  30 199 391 101 191 236
   375 331  22  27  26 213 160  98 181 291 289 201 110 277 261 313 250
   128  73 277 207   0 320 297 312 228  19 139 375 234 125 248  79 341
   308 193 319 228 151 309 305 313 185 328 248  60 329 194  34 335 168
   364 157 139 214  49 393 232  98 166 306 378 190 237 359 219  24 122
    45  35]
  [  0 329  62 105 310 241  54 132 172 245 234 289 334 103  37 192 273
   235 281 386 181  32 314 279 193 343  41 136 389 174 215 401 287 308
   302 148  17 102 396 218 392 228 386  76 231 233 226 332 200 249 388
   168 167  47 250  88 106 216  47 114 149 125 172 347 382  64  55  80
    34 330 305 364 296   0 283  41 202 372  18 218 395 178 212   9 170
    75  61 298 112 129  49  67 364 163 370  44 399 226 370 101 234 312
   229 136  30 285 104  90 107 320 363 350 385 368   7 365 280 321  15
   306  46]
  [  0  52 169 135 135 233 149 326 304 351  90 151 393 199 279 263 100
   335 399 274 238 321 307 171 137 371  88 381 310 334 336 147 284 123
   211 343 354 164 173 337 268 181 181  59 396 346 166 318 309 362 343
   344   0  28 205 376 371 109 183 294 302 201 300 350 280  32 189 240
   165 305 385 181 241  83   0 115 269 402 139 339  49 365  89 247  31
   400   4 256 190  50 166 288 202 262 118 141 402  54 244 246 241 116
   377 194  90 182 111 208 394 113  55   2 372 158  49 369 236  77 211
   194 135]
  [  0 384 128 202 337 165 182  28 324 103 185 194  39 241 188 174 326
   305  66 293 193  62 272  25 324 128   0  50 212 261  93 158 388  42
    37 302   5 373 141 360 383 401 155 199 348  26 351  29 241 110  78
    67 342   7  27 157 315  45 108 366 205 197 259  65 167 360 276 267
    73  30  68  78 181 143 363   0  53 309 399 166 103 386 310 216 104
    92  47 348 179   8 122 311  73 272 197 372  21 121 207  78  56 290
   336  66 331 213 363 278 367 389  56 388  13  65 127 309  70 338  38
   361 260]
  [  0 220 156 323 354 312 130 337 220  13 108 322 186 231 149 311 224
   383 368 102 371 271  49 128 226 153  10   8 313  19 330   2  17  31
   232   3  44 325 295  51  81  27 287 308 347 346  71 267 176 207 272
   272 193 285  58 253  57 238  91 316 319 362 165 161 277 345 331  66
    35 204  47 193 268 197 214 103   0 378 196 197 114 130 336 363 146
   361 330 115  63  76 273 362 370 335 301 375 220 283  58 121  84 266
    60 245 144 141 203 166 364 365 167 318 120 358 106 392 377 130 179
   112  41]
  [  0 122  20 135 192  37 110 326  86  59 141 211 341 118 110 362  88
    93 173 161 185 211  83 214  98 164 258 129 344 206 354 350 116  97
   180 217 182 300 226  82 119 370 101 104 364  19 339  68 198  25 257
   323  28 154 205 341 141  98 283  17 160 246 156 401  40  12 136 330
   379 182 389  88 372 220 132 361 361   0 173  66  49 152 314  77 211
   396 402 136 281 295 181 340  50 300 324 238  25 264 309 309 176 238
   234 373  68  86 170  53 313   8 195 272 236 240 335 111 199 315 397
   167 162]
  [  0 341 153 393 115 293 244 207 387 108 152 313 263 189 236 127 213
   132  34 337 306 173  98   2 290  41 134 334  97 150 214  46 328 286
    73 153  55  60 194 391  92 212 199 274  96  43 280   8 325 165 346
   294 274 319 245 178 119  49 125  95 366  90 252 127 116 309 208  44
   108  91 296 251 282 365 125 313 208 231   0  71 111 197 158 296 305
   310 206 283 367 202  64 251  76 209   8 158 249 126 176  58 130  46
   251 379  87 357 284 140 205  25 261 393 102  37 232 344 352 241 185
    63 134]
  [  0 212 147 222 227 206 150  20  42 314 326 205  49  61 127  52 255
   165  97 121 284  71 356 198 359 201 401  65 176 177  91 383 389 175
   320 315 317 143 122 327 153  38 211  57  76  27 271 306 394 325 272
    74 334 355 236 127 120 241  28 248 346 151 392  19 261 186 301  54
   378 345 177  88 166 231 359 389 116 315 361   0 313  52 242 277 105
   354  15 334 194 201  10 355 202 251 154 258 222 298 245 201 322  73
     5 297 151  32 393 152 237 273 114 326 102 201 344 306 293 235  68
   188 296]
  [  0 277 309  98 326 286 388 209  65 313 272 206 294  91 204 203 326
   237 375 266  88 366 320 328   3  32 227 391 224 124 165 275 298 212
   367 124 322 288 291 195 154 163  93 281 230 304 325  83  94 177 200
   143 174  98 137 288 300 123 159 343 141 329  63 303 332  96 105  54
    45 347  24  89 137 382 318 210 334 283  43  36   0 269 136 386  23
    62 394  85 222 381 351 219 246 368 111 310 192 294 153 209 216 344
    41  43 345 315  82 202 204 257 267  98 391   6  73 304 234  47 264
   191 159]
  [  0 215  56  59  55 199 209 359   6 120 342 398 298  25   1  52 130
   393 213 296 253 206  96 334 344 175 225 346  53 172 338  10 129   5
   233 358 394 218  59 122 126 143  74 140 390 324 291  59 267 222  25
    30 179 230 401 322 216 194 140 279 386 231 335 363 230 237 184 130
   142 238 303 313 288  24 311 267 361  63 384 131 297   0 250 168 214
    50  63 249 266 299 131  57  55 188 230 395 117 229 397  27  14 352
   267 138 202 386 173 317 254 231   4 318 342 299 334 205 262  27  33
   236  82]
  [  0 203 149 157  49 122 353 134  25 145 401  44 275  75 186 270 356
    97 154  77 225 175 251 175 176  19  57 336 206 132  13  51 253 210
   202 314 253  65 244 361 348 120 389 228 316  43 188   2 359 337  94
   191 129 370  58 375 193 232  70 359 122 307  80 359 198 161  37  71
   287 396 210 130 203 382 351  20  60  45  50  72 306 124   0 100  59
   117 157 353 236 302  59 240  15  24 104  23 236 391 121 363 348 228
    76  89 106  17 348  22 107  32  24 311 308 143 311 269  36 280  39
   302 312]
  [  0 107  29  37 197 312 203 253 300 229 239  41   0  79 332 145 136
   285 347 283  24 392 188  26 344  74   1 365 220  92 205 223 259  54
   151 121 341  80 241 228 346  28  89 295 395 106  65 202 216 256 196
   392 286  35 321  92 343 311   7 124 271 208 235 296 260  20 100 208
   193 197 247 136 362 295 244 218 178 185 384 115  49  80 110   0 272
    50 284 193 197 232 221 141 359 163 361 152 254 309 114 292 316 378
   210 344 147  31 251 192  83 178 293  53 224 240 398 316 273  53 400
   368  96]
  [  0  22 109 288 201 393  11  74 182  79 129 133  64 380 256 314 348
   195 212 310  75 401 373 192 333   6 324 228 366  60 103  85  90 342
   143 375 160 180 146 260  34 160  11 390 152 318 285 147 140   6 218
   165 157 302 227 288 240 268 385 370 214  51 176 350 125 186 149 314
   321  15 347 346   5 361 136 329 276 265  43 278 351 170 263 151   0
   235 331 207 397 239 102  78  72 217   3  10 195 119 173  78 131 312
   336 342  66 172 186 264  95  36 379 232 207 268 205 297  89  44  27
    75 374]
  [  0 331  44 183  29  21  20 135 216 325 365 134 144 298  21  29 370
   377 161 229  16 316 335 354   3 114 191 364 256 368  31  22 295 352
   353 281 277   4 183  31 332  39 121 194 188 115 340 384 134 338 333
    55 124 385 120 251 103 353 100  59 236 195 133 227 345  16  41 239
   250 228  30  10 357 205  34 398 182 284 172 365  92 287 284 324 205
     0 269 124 126 375 111 167 369 116 218 136 333 300 382 189 205 301
   236   4 400  19 236 299 196 143 277 202 220 165   4  42 218 238  97
   147 194]
  [  0 363  81  31  72 187 393  38 319 239  41  72  33  80 314 300 368
   364 168  21  59  99 182 358 282 164 185 168  87 254 133  36 336 167
   269  23  19  73  90  67 397 241 149 120 317 354 175 297 209 130 215
   143  41 321 234  87 323 306 121  54 108 167 339   0 370 211  45 176
   296  67 292 361 170  56  92 214 104  33  73 244 314 191   5 387 260
   386   0 343 119   6 201 221 384 278 358 291 299   7 212 315 212  20
   402 270 339 338  84 145 159 237 304  23 323 187 224 265 307 266 177
   273 232]
  [  0 113 229 187 176 350 186 305 393 212 136 271 135  63  43 161  14
   291 305 186 371 273 254 212 377  36 365  93  10  45 402 268 188 197
   319 386 319  78 174 281  83 199 166 366  46 274 301  68 194   3  59
   245 361  71 267 348   5 348 302 260 162   8 117 283 387  66 101 313
   301 398  52 385 130 363 224 287 363 319 171 350 344 348 390 232 109
   329 361   0 242 389 378  71 373  77 373 273 198 163 309 354 223 359
   138   3  68 339 345 222   0 172 211  52 360   8 217 344 395 367  58
   359  17]
  [  0 171 236 130 382 216 220 312  85 258   2 144  55 122  91  95 271
   331 193 366 366 124 213 324  41 314 188  47   9  15 193 235 283 222
   135 194 294 305 182 271 377  36 395  80 326 323  63 173  39 115 235
   401 374  80  20 293 348  88 214 156  44 291 349 172 132  94 342 227
    86 279 307 233 214  65 348 367 306  71 181  47 150 253 161  82  44
   323   5 187   0 392 128 358   3 353 307 232 353   7 142 367  68  83
   336 176 326 148 147 185 258 372 260 111 324 142 116 309 232 102 257
   245 362]
  [  0  14 250 240  73 160  21 186 390 279  71 279 156  12 306 383 172
   171 206  17 175 183  42 326 386 218 380  76 396  61  65 312 188 347
    10 173 371 289 282  95 337 312 328 350 379 203  46  35 236  58 254
   309  34  61 216 173  27 214  64 166 310 118 232 370 311 307 377 395
   100 289 370 220 318 341 196 263 190  29  23 396  75 293 104 286 201
   319  10 173 380   0 343  12 401  94 182 234 232 372 304 360  47 132
   260 322 194 390  51  40  61 126 225  54 307 281 298  99 113 391 117
   152 294]
  [  0  32 184  46  61  27  80 301  92 214  98 222 393  13 207 252 198
   288 284 368   9 105 228 189  53  90 332 113 181 325 364 241 154 359
   170  60 356 391  21 103 325 154 205 250 184 352 145 101 233  11 361
   305 216 171 208 169 341 293 200 109 357 341 327 144  60 279 369 282
    26  20 307 329  89 190 384  84  84 317 121 235 277  75 257 167  71
   114 148 347 186  78   0  41 374 144 238  75   2 108 242 302  22  48
   399 207 274 297  40 235 111 250 276 286 379 115  67 242 212 380 243
    48 151]
  [  0 106 337 206 311   1 368 275 157 220 130  61 256  88 345  79  13
   363  51 266 241 118 214 208 131  20  21  41  32 214  44  31 258   7
   249 197 371 352  96 294 162 121 399 229 374 139  47 237 129 103  59
   263 136  72   9 263 150 209 126 111 240 113   5 146 254 177 307 213
   262 355  95 390  19 306 273  74 241 390 178 331 176  75 279 297  53
   297 318 299 153 396 315   0 339  58  42  80  27  52 339 339  25 260
   120 225 173 248 392  76 119 327 272 286 215  44 109 329 302 328  86
    91 238]
  [  0  57 244 164 189 281 130  14 365 100  57 281 198 318 106  13 400
    15  48 272 372 348 172 402 149 320  49 352 317 396  43 254  35 130
   360 289  93  34 115 256 295  94  90 147  95  60  45 240 120 268 271
   374 242 242  17  41 199 344 272  91 211 144 117 392 231 295 262 275
    46 347 336   7  61 272 197 347  13 247 155 278 383 269  85 217 117
   210 238  63 355 168 378 353   0 227 399 232  76 307 215 137  27 212
     0  46 312 362 145 137 169  64 246 298 221 100 391 292 158 126 172
   271 248]
  [  0  44 318  49 247  46 274 280 326 206  22 188 104 174 106 340 263
   156  66 185 324  93 222  47  69  67 144 302 262 361  96  32 336 267
   391 217 115 247 253  41 360 128 351 385 286  73 219 148  45 330 325
   205 347  42  89 259 127 164 214  68 248 255 132 288 287 356 273 257
   394 228  57 364  69 175 228 200 229 134  46 193 247 346 388  72  38
    41 115 315 204 362  48 197 394   0 380 341 173 336  71 254 354 231
    28 169 183 142 191 369 339 388 280 312 321 337 360 311 252 389  36
   342  22]
  [  0  78 110 149  91 274 343 360 287  95 208 183  29 282  15 119  71
   195  68 219 291 337 331 154 239 379   5 142 228 389 142 162 186 225
   253 211  10 201 333 212  29 232 259 199 240  15  12 151 129 335 365
    89 390 301  21 177 286 269 215   1 326 137  79  18  98 186  10 213
   134 127  90  44 121 376  59  18  31 223 317  72 313 402  35 202 402
    56  13 103 178 387  86 224 382 111   0 169 340 249 106 317 263 206
   190 172 383 270 304 108 312 113  80 369   0 145  49 362 323 106 344
   151 281]
  [  0 339 125 364 350 204 105 312   0 304 265 239  46 108 391   6  97
    87  28 313  57 110 397 101  87 299 380 237 151 381  81  63  11 311
   171  30 198  84 396   6 342 369 122 179 255 159  56 139 353  77 355
   250  26  23 203 165  76  78 165  56 110 307 190 370 380 284 259 294
   205 304 364 290 232  78 260 173 182 158 354 287  14 188 306 186 239
     6 127 379 344   6  62 309 358 284 181   0 200 259 140 327 199 223
   145   1   0 326  76  69 201 370 176 236 126 249 285 165 368 376 266
   369 253]
  [  0  99 294  55 290 221   4 316  60  25  74 136 282 112 399 325 371
   377  58  42  75 370 217 257 386  54 156  24 210 125  60 115 400 287
    87 205 145 141  22 395 214 243 147 225 119 284 313 260 187 141 174
    80 101 170 396 366 136 107 118  26 257 256 398 180 283  12 157 309
   239 336 177 245 276 329 376 238 335 149 107 213 366 345 191 262 267
   383 331 139  42 208 382 358 389 338 228 143   0 133 221 148 197  44
    25 303 104 243 302  97 106 123 193 253  98 376 185  24   4  42 137
   260 270]
  [  0 138  38  69 293 181 315  97 382  67 400 297  21 366  34 203 373
   335  70  91 323 275 200 191  75 329   9 249 305 253 201 285 373  40
   396 178 325 390  98 232 162  85 183  23 291 337 200  85 261 312 306
   116  21 190  56 269  67 397  58 178 333 348 156 163  57  97 294 382
   174 288  23 191 365 219 129 161 284 202 230 243 269 146 139 172 157
   344 273 305  22 141  99   8 259  17 364  33  12   0 360 126 243 243
   249 179  89 104 132 152  83  52  69 396 308 107 116 193 208   2 388
   393 115]
  [  0 170  21  36 292 393 207 308 306 313 155  66 158 378 208  21 398
     0 165 104  37 103 112 125 201 201 246 398 127 110 240 386 263   2
   242 285 263 259 124 302 130 311 222  91 237  31 387 330  29 242 312
   245 234 389 157  92 138 100 211 365 240   0   8 235  55  17 165 226
   253 337 183 221  61 201 333  13 333 389   7 344 277 269 181  75 254
   303  64 312  66 206  50 302 341  26 260 210 250 142   0 226  48 276
   354 362 237  90 365 287 327 379  81 136 307 251  27   0 127 383 256
   383 311]
  [  0  96  85 226 361 202 361 304 374 368  25  65 384 325   2 387 318
   147  41 158 199 322 257  62 310 391 274 331 282 256 160 393 324 401
    27 108 178 390 304  13 267 140  33 361 295  57 196  78 296  39 381
    50 247 202 201 160  59 121 259 392 109 400 234 374  15 255 158 192
   114 292  79 246  15 273 260 211 281 231 156 129 360   5 114 138 317
   325  17 153 336 345  58  60 333 290 110 289 277 303 325   0  33  54
   237 334 381 342 262 236 400  20 115  88 116 208 390 204 382 325 195
     5 251]
  [  0  90 174 163 241 273  24 141 333 387 237  89 351 359 243 319 351
    74 400 100 259 166 138 188 171 253 275 218 184 197 143  72 115 125
   259 384 299  36 304  90  84 388  60  69 335 125  36 382 314 297 308
   186 336 241 154  51 361  59 356 388  92 225 382 276 369 379 391 388
   188 167 395  31 127 224 360 230 334 292 346 158  69 214  34 254 239
   154 210 339  27  59 365 249 142 395 349 302 328 365 363  92   0  59
   159 189 304 375  96 220  27 150 126 345  56  13 360 342 249 154 237
   319 213]
  [  0 260 181 279 214 189 225 296  74 346 287 400 260  77 359 221 296
   289 108 393 194 134  85 208 380  93 150 268 393  85 238 367 312  60
   119  65 332 228 201 347 260 207  49 388 306 111 329 172  31 142  93
   100 236 251 357 188  65 248   7  32 235  81  33 401 351 269  85 312
   203 229 153   1 130 271 313 140 152 269 303  65 210 110  83 215 376
   102 187 271 284 384 259 128 351 189 137 196 303  38 168 315 274   0
     8 285 324 398 193 263 393  35 398 137  67 263  48 388 331 271   2
   136 325]
  [  0 169 397 117 294 398 300  85 277  59 244 133 245 233 292  88 247
   218  53 219 177 233 308 221 251 149 314  75 352 257  13  70 139  61
    38 150 379  47 310  61 112  81 389  25 263   6 381 207 401  40 317
   183 210 190 301 285   8 348 322  92 260 340 303 199 137 328 119 387
   130  75 180 223 185 255 269 303 393 175 230 170 155 330  81 236 232
   204 346 379  24 171 372 352 320 234 219  15 113 296  12 318 316  65
     0 223 385  81 140 191  95 335  73 144 246 165  16  33  46 150 290
    37 343]
  [  0 305 207 304 214 316 336 304 336 267 153 297  90  70  67 154 284
   369 358 112 143  90  73  83 345 287 110  35 169 296  63 319 127  76
   390 134 257  92 328 104 234  23 206  64 146 367 210  57 294 106  79
   241 340 226 240  34 389 254  93 184  80 147 150 344   6 275 161 108
   203 135 342 175  17 254 332  79 142 174  97 124  60   7  74  25 306
   292 396  25 284 161 243 356 153 166 303 262  31 263 118 138 228 372
   299   0 387  23 120 131 244 291 199 329 302 286 332 202  46  91 294
   155 176]
  [  0 344 196 401  61 163  57 101 266 129 152 343 297 290  82 110 215
   315 155 395 218 312 273  69 316  47  94   3 161  72 397 116 388  14
   297 282 375 152 343 187 319 295 317 187 107 129   9 152  82  42 269
   233 194 393  98 396 202 222 261 100 273  67 394 280 182 329 138 183
    98 217  23 379 392  98 210 355 180 197 201 373  25 283  18 266 383
   286 249 105  70 166 395  79 286  26 186 225  53  67 234 342  92 194
    18 208   0   3 270 187 101 374  80   0 286  95 116 236 244 326  40
    71 296]
  [  0 393 172 224 100 152  44 152 183 294 386 392 367 271 240 389 223
   241 280   3  17 111 362  84  58 251  81 390  78 300  58 233 395 165
   257 247 136 270   4 316 236 377  84 169 108  82 330 397 180 300 214
    95 159  75  19 113 231 123 393  22 293 310 106 111 368 402  70 240
   117  56  79 239 250 270 387  77 116 123 255  39  26 371   3  18 233
   240 103  64 208 176 173 182 148  23 247 134 260 297 145   2 317 290
    47 376 173   0  28 206  83 135 212 109  46 106 200  27  69 249 320
   229 119]
  [  0 116  23 365 188  19 265 239 274 279 402 119 281 300  40  64 107
   140  23  65 352 182 263 366 379 105 281 110 372 277 395 336 176 211
   395 324 161 161 103 217 222 163 192 253 328  53 256 350 319 240  56
   185  32 169   0  80 390  19 177 186 319 322 385 201 237  46  93 311
   111  37 393 181 287  30 283 369 214 209  22  38 187 365 361  13 396
    46 294 349 115 192  82  33 153 155  24 286  65 263 223 249 168 247
   149 346  76  82   0 237 183 135 328 162 200 344 340 103 152 330 131
    82 260]
  [  0 354  86 273 244 371 108 295 371 300  84 377 327  65 396 360  86
   293  24 220 298  54 242 213 373 333 268 339  37 116 333 296  45 261
   218 393 247 166 167 259  15 172  25  87 202  28 106 289 352 308  34
   313  18 265  45 384   4  76 216 225 256 257 248 309  43   2  56  55
    98  28 212 140 291 278   7  59 223 347 254  97  40  19  50  51  63
   155 397 191 119 213 301  13 108  99 385 388 191 215 385  11 291 149
   169  16  78  95 392   0 146 201 181  30 400 191 297 101 149 193  17
   142 218]
  [  0 225 310 247 302 304 260 309 291 306  24 218  84 291 113 173  22
   233 252 190 394  41 267 363 260 240  86 103  58 177 192 206 167  58
   339 126 323 328  14 210 281 118 327 229  54 119 392 227  95 372  43
   261 163 124 348 119 205 317 106 279 128 272  47 285  79 346 211 315
   161 345 162 103 248  88  19 221 160  30 314   6 336 345 272 343 357
   224 239 137 281 331 295 402 202 143  96 148 396   5  98 205 302  81
   354 266 272 359 228 377   0 194 363  30 333 171  83 238 263 128  23
   150  32]
  [  0  78   9 351 186  65 177 189 316 322 231 390 159 212 223 320 387
   225 180 392 208 265 137 359 145 207  98 379  20  49   9  67 319 395
   228 362 230 315   1  84 142 240 252 114 115 301  50 383 312 393 367
   281  67 228 285  49  87  35  30  30   3 318 283  81 288 357 325 304
   282  10 137 400 145 319 269 225 264 270 341 160 118 320 286 288 199
   286 104  31 104 149 314   3 137 399 129 251  24  59 363 196 195 140
   309  25 344 226 263 345 281   0 318 345 326 314  91 248 188 185 201
   335   4]
  [  0 103   3  14 366  80 317 113  71  51 367 126 361 390 162 271 381
   123 211 355  22  47 194  58 369 119 263 162  50 231 238 347 366 220
   217 116 384  17 288 151 346   1 133  88 137 168 103 320 145 353 308
   211  33 324 127 204  30 397 310 179 340 399 248 373  45 291 139 119
   321 238 197 122 129 240 357 171   2 265  46  15 359 283 142 281  76
   155 214  21 153 352 327  91 351  98 233 184 334   3 323  79  69 353
   339 245 383  57 163 291 233 156   0 379 200 144  27 191  22 257 238
   247 248]
  [  0 335 336 196 100  86   5 350 262 138 138 252  65 273 277 246 182
   266 396 278  56 401 365 183 258  31 311 383 250  60  34 262 159 132
   121 282 180  83   8 135 214 154 335 282 343 271 371 333 183 354  58
   303 257 273 214 357  18 392 355 215 296  67 319  20  28 157 211 160
   190 123 151 275 154 272 322 342 320 311 195  24 305  64  53 213  34
    54  27  81 207 284 116  44 259 327 316 282 368  79 188  48 134 232
    67 314 159 399 302  59 232 259 133   0 355   3  82 257 131 287 393
   150 106]
  [  0 190  75  22 295 284  96 253 298 266 101 317 137 308  31   8  65
   229 127 388 299 166  67 347 374 141 336 187 208 108  23 243 100 244
    73 119 150  78  77 101 166 105 166  94 386 278 358 399 139  32  64
    42 270  67  37 153 330 245 213 248 220 218  18 153 274 131  47 251
   176 171 142 243  97 389 247 372 263  21 139 280  68 372 344 196 187
    63 402 126 377  38 209 278  27 204 126 181  63  67 311 228 372 296
   385 333 182  70 118 124 397 393 275 388   0  94 342  56 373 233 230
   268 186]
  [  0 125 248 251 396  87 112 327 332  33 247 212 321 251  44 230 123
   274 290 401 310 267 337 112 378 325  47 158 333 279  60 135 312 318
   279   4  60 285 351 371  80 347 402 119 267 181 290 381 346 230 320
   132  66 372 207 294 274 175 139 325  61 130 239 303 388 344 402 172
   236 126 266  25 120 115 177 282 301 143  98  97 353 386 401  21   6
   218  72 208 238 354 226 123 140  71 387   0 376 194 268 328 287 250
    74 103 398 261 293 285 308 241 314 215 233   0 292 211 159 219 103
   145 338]
  [  0 334 328 355  75 331 154 351 210 268 225 346 147 377 112 264  49
   127  63  76 178 243  22   1  65 288  63 140 189  64 307 320 161 237
    91 295 309  43 368   1 120  92 124 259 223 265 142 222 247  95  71
    51   4 132 182 139 202 301 287 115 110 397 399 269 188 239  59 158
   295 385 211 314 310 387  53 250 290  13 200  37  27  37  46 256 256
   253 370  22 127  25 129  24 233   1 364 329 277 232  34  26 212 199
   164 225 266   1 221 360 309 153 117 393 272 339   0 311 202 257 167
    24   4]
  [  0 357  11 252 323 112 257 101  63 183 155 328  20  87 251 366 338
   254 267 348 175 260 102  91 353  47  59 379  52 328 164 156 346  63
   241  68 326 137  19 274 275 178 294 240 357  31  23 127 194 343 380
   388  78 211 400  57  71 308  91 168 223 301   0  71 193 127 349  57
   234 300 226 255 359 228 264 288 185  75 196 172  46 247 384 151 234
    71 151  66   1 122 352 373 153 321   3 265 325 219 150 188 312 316
     3 386  47 123  17 139 339  73 380 285  42   7 398   0 189 116 155
   185 327]
  [  0 380 165 174  31 355 204  46 169  70  75 281 103  74  44  84 300
   228  67 205 228 100 152 357  28 329 299 357 251 187 185 271  52 155
   236 165 145 299 201 267   8 345  22 314 176 327  25 137 181 309 236
   139 382  62 397 113  68 372 359 131 309 155 140  42  79 298 276 158
   258  57 305 377 353 230  14 353 198 372  88 359 241 339 258  67 111
   336 363  41 214 321  81 128  57 219 157 381 148 160 231 399 388 402
    39  89 119 381 107 179 217   3 201 157 380  94  62 304   0  81 109
   376  11]
  [  0 276 337  18 220 322  71 214 160 364 175  37  69 182 141 127 240
    24 116 194 283 153 156 294 133  37 257 111 369 400 391  67 197 182
    75 248 305 270 379 326 261 305  92  18 267 357 101 295 372 287 116
   202  15  50 398 355 379 379 374 402 251 306 213 166  75 362 155  79
   198 133  50 338 359 181 323  41 188  82  20  82 395 324 191 100  28
    57 112 288 230 357 287 128 372 384 247  25  51 338 331 375 391 292
   301   2 153 155 285 291 233 183 240 307 401  63  62 154 255   0 165
   308   3]
  [  0 146 343 175 309 352 243 215 180 304  16 370 193  12 341   4 296
   249 363 142 316 287 191 238  69   4 221 178 162  80 119 358 354  42
   357  26 218 147  10 253 123 399 129  94 268  86 385  21 178  66 146
     0 308 124 114 116 362 240 147 377 320 258 284 119 282 233 300 190
   301 263 229 203  14 163   6 278  17 136  79 351 174  68 384 398  93
   211 259 362  89  56 303 387 209  59 153 261 180  26 298  61  47 305
    46  55 345 229  36  59 305 243 260  89 298  79 266 346 292 348   0
   208 159]
  [  0 381 314 253 334 355 345 198 114  61  46 227 144 240  96 211 215
   335 204 246 175 122 280 120  40  63 234  10  88 110  41  79 147  41
   275  86 232  99 174 121 132 370  82  14  85 266 229 313  42 279  95
   115 382  73 157 374 126 109 277 292 196  18 111 214 306 259  13 340
   122 195 138 195  76 105 309 305 343 310 360 283  51 365  92 186 377
   347 329 184 143 108 337 196 130 171 261 383 314 249 170 270  51 228
   189 172  57 172 262 347 204 337 117   0 390 216 165  80 320   7 197
     0 387]
  [  0 258 218 209 227 250 333 381 248 148 242 363 292 160 330 318  46
   251 164 122 155 239 296 130 201  22 346  36 159 319 124 259  50  21
   334 299 239  30  83  60   4 197 350 266  65 161 116 269 330 187 104
   323 387 177  75 392 246   1 324 169 145  67  83 291 150  49 187 229
   376 379 236 330 353 169 281 249  61 299 306  75  47 303 400 326  95
   178 237 304  21  18  30 130 231 122 141  39  35 335 168 221 144 274
    83 186  71 369 395 212  65 322  13 298   8 342 292 159 192 129 215
   103   0]]

 [[  0 220 263 222 393  96 127 298 222 194 251 169 223 115 194 353 243
   171 169  88 231 271  90  95  40 361  63 100 219 360 328 287 186 165
     4 292 364   6 365 126  95 188 256 234 249 192  81 240 385 132  28
   131   9  48  38 334  79 233 243 179 398 155 149  70 233 277 279  48
   102 205 169  15 141 192  59 383 139  65 252  97 122 119 169  14 239
    59 190  62 145  19  30  64 345 270   4 104 245 268 185 366 359 199
   363  19 197 368 246 379 379 332 193 126 322 175  83 139 110 126 288
   133 114]
  [  0   0 233 173 302 117 237 281 210 140  72 205 248 208  19 359 379
   258 121 134 334 217 381 330  55 399 205 332 196 238 382 292 121 204
   130 399  58 190 333  40  98 385  35   4 378  18  47 224 304 181 283
   216 330 116 139 314 292 142 264 343  54 150 166  16 250 165 275 240
    41 211 255 148  97 308 344 278 253 355 228 102 320 340 240 402 228
   359 155 158 173 349 131  48 346 194 382 138 186 194 311  86 269 225
    51 200 103 251 138 196 150 384  60 217 337 252 360  93 325 382 284
   305 286]
  [  0  58   0 173 130 345 137 250 128 195 285 248  55 114 250  56 329
    35 213  20  91 332 342 356  51 167 310  31  97  21 246 167 146 168
   402 142 134  35 351 220 159 231 137 397 162  81 159 252 190 156  70
   140  49 329 313 191 281  67 392 389 345 122 131  78 215 100  13 299
   379 151  24  74 263 107 101 342 377 277 261  57 211 388  82 121 206
   394 120 223 315 166  53 148 189 396  99 108   6  54 112  73 380 152
   102  68  93 345   5 131 191 313 112 100 267 393 180 383 166 212 297
   124 192]
  [  0  43 288   0  32  24 380 396 386  37   8  81 306 296 365 135 157
   334 295  36  25  21  92 215  48 342 270 318 341 236  73 277 222  48
   360   4 212 365 346 115 370  75 114 177 388  78 152 110 149 140 397
   199 313  30 272 318 197 281  77 331 229 187 184  24 126  70 276 377
   382 277 361 261 128 207  90  49 253 277   2 163 393 161 318  38 138
   137 243  85 235 170 293 364 317  67 197  52  34   0 106 333 259  37
   223  68  49 265 279 243  73 267 277  11 225  60  55 156 244 376 214
    41 201]
  [  0  44 296  84   0 246 225 322  34  79 353  68 128 275 177   4 346
   364 263 294 359 203 121   9 149 389  56 330 137  26 227  20  59  46
   127 381  20 321  26 277 314  72 202 366 310 324  36 353 259  75 350
   310 227 252 175  60 132 374 310 129 275 371 115 264 112 351 187  35
   156  63 212   7 293  83 250 392 251 106 293  69 182 257   0 175  47
   155 351  21 222  47 270 306  45 233 399 334 339  54  95 194  83 212
     4  24 374   2  52 122 341 257   8 244 242 319  54  52 222 226   7
   306  97]
  [  0 194 143 295  16   0 118 121 163 101 233 145 263 304 233 341 388
   129  73 293 171 233 182 114  68  14 351 213  36 396 157   4  59  51
    60 402 346 230 239 370  49 146 359 263 205 105 144  98 247 149 388
   103 300 302  86 309 342 222  93 337 228 252 361 131 398 281 221   3
    59 201 388 246 323 176 228 276  87 369 393  84 210 156 177 312 194
    82  40 387 390 187  51 283  92 317 228 394 196  26 284 376   9 270
   194 389  52 162 266 242 262 378 120 142 176 231 369 261 214 356 286
   137 321]
  [  0 175 395 226  83 260   0 252 240 294 294 144 386 339 220 183 208
   305 325 398 152 256 355 198 351 293 383  64 312 248 148 260 361 331
    76  86 241  63 279 224 395 382 272  94  46 340 346 353  75 299 214
   355   8 153 114 130  32 193 168  50  15 388 296 376 324 157 382 399
   150  22 368  70 121 130 152 352  11 234 128 330  49 219 361 148 187
    97  64 198 357 117 283  23 345 197 294 335 307 276 332 239  69 345
    16 140 258 210 277 267 394 164 111 112   7 188 348 353  61 242 385
   140 245]
  [  0 214 224 137 303 130  95   0  92 124 218 348 210 150 355 363 378
    81 203 295 270 321  20 329   8  61 278 269 188  85  78 304  34 396
   154  53 229 272 310 374 267 121 304 130 227  81 201 395 360 122 280
    24 350 387  96 308 281 138   2   9 252 281 181 154  36  44 296  69
   371 252 125  39 340 256 243 288 223  18 262 149 286  98 347 283 381
   253 196 373 319 105 137  82 327 237 382 390 209  74 343 213 302 331
   159 263 258 162 187   1 130 111 275  49  89 200  29 153 329 297  23
   354 253]
  [  0 323 154 147 217 271  70 209   0 174 194 334   6 110 134 111 369
   224  81  18 257 276 311 388  93  88 149 138 305 397  94  20  84 317
   355  93 321  90 155 212 366 303 401 399 189 239 109 349 108 156 266
   339 261 257 266  30 269  11 117 394  65 377 366 220  87 344 235 338
   400 322 186 155 351 126 260   2 257  91  25  96 249 362 188 150 149
   399 391   8 236 122  26 323 112 376 199  58 298 119  24 183  53 137
   209 119 230 281 369 312 284 102 172 353 222 313 322 394   0 204 150
   291 243]
  [  0  39 327 243 229 170 130  94 132   0  64  53 252 255 155 220  80
   282 188  22  31 154  49 113 360 164 221 109  80 237 155 212  83 135
   142 161 319  37 330 379 284  78 396  86  16 201 282 216 255  20 104
   135 343 211 379 235 118 339  83 284 296 152 147 384 266 143 346  20
   354 327 348 298 200 140  26 209   4 244 303 307  44 303 377 282  12
    32  48 394  63 382 256  80 349  45 286 281 396 185 258 133  40 357
   251  60 284  90 235 333 252 100 161 378 249 299 305 362 198 362 319
   361 201]
  [  0  32 311  24 349 249 288 129 283 380   0  59  24 144 147 125 274
   129 375 347 210 249  50 284  43 282 272 198 189  54 371  66 248 325
   376 212 355  77  44 197  17  48 319  24 292 302 395 238 101 365  33
   145 400 221 365 151 393 396 271 384  80  88 126 225 107 169 227 133
   153 359  17 120   5 236 216  78  29 108  45 175  89 104 213   3  37
   118  39  30 159 366 241 163  26 376 393 298 346 155 339 269 133 231
    67 202 259  19 207  48 176 360 281 246 271  26  77 204 171 109 130
   320 179]
  [  0 153 244 302 385 189 308 198 174  61 369   0 256 335 303 149 161
    12  23 230 379  47 248   7 104 241 109 153 319 119  71  77 156 365
   144 305 222 192 226 336 244  32  13 384 329 291 150 194 343  98 102
   189 185 243 350   1 397 235 160 230 378 402 325 242 357  87  22 393
   179 378 247  16 185 198 284 323 294 291 331 359 324 402 118 280 388
   358 400 186 302 121 226 152 313 195   6  97 304 131 107 100 124  94
    86 173 294 327  92 317 235 134  14  63 180 301 204 355 312 394 311
   397 201]
  [  0 238 264  14  32 282 286  22 271 185 397 333   0  92 275 330 382
    78 283   0 164 123 299 326  76 275 189 304 207 377 369  22 347 183
    14 368 321 163  60 269   5 371  22  92 249 379 376 321 316 274 355
   382 106  40 362  85 107  61 304 210 259 267 140 360 340 364 240 391
   237 171  62 366 193 398 213 170  72 273 199 126 139  20 101 278  32
    90 257 326 355  42 379 322 267  93  23 213 248 200 268 254 207 282
     8 332 309  62  41   6 290 241 241 230 235 353 261  44 268  16 146
   117 254]
  [  0 131 205 219 233 304 143 184 379 291 235 103 130   0  17 333  52
   259 251 390 371 292 326 348  89 335 388 180 291 290 336  11 354 364
   211 282 336 222  78 290 397 263 349 340 332 268 281 248 244  22 100
   353 318  78 251 273 180  97 311 332 377 301 159 371 250  28  49 245
   211 283 181 167 194 224 289 399 392 318 367 343 224 136 107 295 379
    33 135 103 305 207 233  62 190  22 242 362 391 288  67  62  23  64
   256 227 151 252 212 339 293 177  92 165 380 284 147 297 230 253 202
    81 200]
  [  0 401 375   4   9  14 219 274 157 399 151 328  14 102   0  83 269
   114 287 320 230 227 210 334 127 187  13 271  17 311  41  74 396 226
   328  30  98  41 283 235 180 230  79 303  13 396 206 313   3 315 366
   190  85 186 174 167 166  10 398 347  45 158 150  20 219 141  57 200
   118 344  78 375 329 369 161 240 109 318  46  51 333  83 374 271 208
    11 229 100 402 238  99 173 239 279 312 271 150 154 337 117  84 123
   395   4 314 228 118 114 214 349  74   3 206 141 255 126 304 110 314
    99 160]
  [  0 193 128 219 187  89 235 332  90 250 303 308  89 200 192   0 245
   131  49  76 358  54 332   5 221 163 228 263 122 336 112 195 318 262
   338 197  97 303 239  90 149 284  35 382 398 308 160 326 280 395 176
   328 296 194 381 158 132 127 360  31 282 311  71 180  12 228 380 227
    70 265 235 172  64 108 235 268   4 323 176  57 197 221  30 312  93
   388 108  98  52 256 106 208 208 118 314 116   3 159 257 254  85 118
   259 311 292 298  67 101 385 132  11 328 113  90 375 336 398 142 137
    94 189]
  [  0 146 114 215 301 363  90 299 273 209 235 381 314   4 165 394   0
   304  87  32 106 368 399 282  38 363  26 288 114 212  43 357 245 354
    62  12 245 357  18 354 240 208 229 131 370 362 228 233  41 166 371
   390 392 248  79 270 380 256  44 250 161 127 259 376  86 255 384 171
   331 173 230 111 235  93 379 389  51 392 174 116 360 184 255   2  11
   172 220  65 113 233 388  88  47 342 318 133 290 151 110 255 246 330
   251  37  13 221 124 191 160   4 334  40  61 181   1  82  63 151 315
   338 169]
  [  0 356 105 318 182  38 245 135 122 396 146 120 261  24 372 326 360
     0 279 223 324 331 320 265 134  58 362  24 121   4  74 125 338 146
   369  67 183 276 120 119 271 233 178  76 179 351  47 236  11 113 208
     1 375 340   8  63 313 311 328 297 344 230   9 341 344 193  42 152
   288 107 214 102 254  91 115 313 245 218  27 249  61 369 199  38  63
   311  78 295 287 313 212 258 269 266 358 203  43 206  32 143 280  52
    40 382 113  44 122  30 357  53 172 372 331 361 135 329 393  52  53
   253 262]
  [  0   3  25 144 182   5 242 222 213 131 225 253  93 296 135 284 257
   348   0 206 125 347 251 361 357  45 321 109 297 385 182 173 318  37
    23  13 274 359  25  77 320 378 195 156 235 137 341 322 131  51 239
   232 190  37 260 345  47  93 108 200  28 202 359 207 205  40 106 265
    35 371 315  69 247 377  51 368 363 338 278 183 102  68  19 292  69
   110 120 319 190   7 341 290  17 351 324 231 126 249  89 171 190 100
    27 252 246 319 390 151 332 130 120  20 314 167 243 250  49 288 260
    55 100]
  [  0  82 343 394 215 256 135 338 363  22 332 115 338 158 349 245 337
   215  39   0  64 173 223 104  84 235 292 149   2  29  37 307 112 235
    18 187 139  77 378  43 231 108  13 216  65 324  83  84 216 258 182
   227 391 188 351 235 350 211 145 312 153  24  15  65 262  60 175 157
   276 131 208 322 392 289 274 106 210  15 345 116 351 363 209 219 169
   256 315  57 381 174 104  37  63 144 228 267 191 308  16 153  93 192
   136  83 355 379  95 201  44 198 122  10 387 147 143 362 264 197 280
   260  66]
  [  0  72 296  42 345 232  67 121  75 290 310  74 295 242 325  47 372
    93 309 154   0 343 280 224  12 174 233  74 300  47 165 156  64 401
   189 250  95 276 102 372 341  66 279 387 383 304 370 229 245 227   8
   213 272  32 267  98 199 402 287  71 301 328 386 362  90 136 135 350
     7 242 163 389  29  88 389 358 277 150 246 140 111 199 262   0 373
   328 235 306 143 130 108 186 111 337  21 239 155 136  85 355  62  41
   228 287 352 258 332 393 329 172  69 382 301  64 355  86 279 218 175
   273 147]
  [  0 151  39 157 365 237 264  83 401 226 275 356 112 120 338 144  89
   266 145 268   2   0 178 129 156 157  38 246 153 289  93 277 360 325
    25 139 234 306 190 104  67  96 123  18 128  24  69 374 145 166 178
   177  39 174 308 297 380 154 321 244 259 292 172 223 258 314 337 112
   321 242   6 310 369 285  70 285 137 217 246 139 323  91 155   3 164
   305 252  41 368 127  26 280 317 341 287  35  55  57 154  88 291 252
    12 133  96 258 253 235 402 254   1 286 329 157 322 366 199 348 222
   198 382]
  [  0 355  73 115 188  54 224 195 120  38  17 110  14 194 354 178 295
   333 250  34 146 220   0   4  11  63 268 114 370 279  53  50 188  50
   123 381  73 227  55 269  35 191 257 177 154 128  82 345 262   7  65
   363 258  84 103  26 395 367 266 352 283  47  69   6 358 121 173 203
   132 228 381 329 359 191  17 327  78 349 301  20 248 109 202 258  76
   357 341 289   5  45   6  54 187 361 369  96 191 156 362 239 204 352
   187 253 139 392  57 315 294 144 357 213  62 137 244 378 112 176 276
    56 164]
  [  0  72 317  96 268 328 339 168 338 376 351  48  25 289 191 192 369
   275 329 271 202  85 229   0 124 133 324 374   5 111 119 241 194  36
   141 173 143  87 192 225 382 157 344  85 187 213 246 162 322 326 258
    85 185 166 150 209 244  97 308 387  58   8   3   5 229 208 175  10
   401   4 281 113 107  31 316 208 388  27 309 281 325 128 326  96 153
   371   5 391 194 127 368   2 236 274 202 208  11 352 102  42 167 287
   189 387  88  89   3  57 308 342   7 315 240 107 327  22 233  48 188
   179 151]
  [  0 184 361 265 266 391 249 151 388 110  11 148 199 231 117 307 134
    84  87  67 295 348 113 177   0   2 173 119 396 347  23 306 306 314
   158 127  18 345  81 296 248 279 341 247 261 205 379 274   7 154  81
   369 385 325  63 319 333 297 299 133  68   7  54 320  25 161 114 148
   201  93  60 285  30 339 142 342 238 136 193  92 199 118 252 314 290
   185 224  54 158 365 369 317 146 294 329 381 343 387 101  10 344 255
   217 389 340 185 345 191 366 386 222 382 275 213 360 208 183  92  99
   291  66]
  [  0 192  83 362  17 349 364 212 352 108 300 199 250  41  58 370 394
    17 203 341  61 289 291 103 186   0 339 210 261   8  48 231 158 212
   334 337  40   8 213 111  22 396 352 206 372 279 392 119 154 183 290
    54 102 308 301 199 112 243 212 350 315 362  44 136  17 207  67 117
   297 307 383  54 176 315 306  58 333  27  45 354 333 364  46 284 142
    98 291 162 248 169  96  24 254 278 182 332 308  77 186 157 390 260
   105  64   3 388 280 189 390 294   0 339  70 371 131   8 174 210 377
   271 180]
  [  0 342  13 392 173 136 301 385 211 277 109 340 383 271  78 381  77
   105 244 394 106 259  72 238 146 194   0 342 179  22 232  93  12  99
    51 201 226 275 100  14 244 300 197 112 108 373 347 201 137 402  11
   117  42 306 392 299 383 349 314  69 390  44 154 361 112  73  21 127
   356  49  72  22  78 223 236 273 309 161 301 351 363 361  44  80 386
   278 277 368  72   4 134 189 288 289 101 187 387  48 155 252 105 310
    73 100  85 402 394  80  83  36 199 370 152 338 400 109 285  99 186
   324 377]
  [  0 238 288 191 270 182 173 207 234 246  52 162 143 385 167 157 338
   163 314 242  99  41 189 168 114 347 218   0 255 207 258 165 340 385
   369  98   5 347 270 291 267 351 306 339  45 254  98  62 302 305 288
    15 379  20 344  84 173  99  23 282 157 158 255  96 309 157 311 346
   105 373 310  70  36 106  20 393 137  79 255 362 309  12  96 372 354
   233 381 170 324  20 110  92 121 241  58  42 125 265 383 217  58 288
   313  53 268 146 356 166 195 256 369 160 109  57 337  78  82 112 164
   219 372]
  [  0 160 256 208 242 386  92 174 282 181 109 269 171 207   1 349 327
   108 373 393 223 145  20 202 153 139 204 389   0 133 343 127  81 260
    51 357 185 220 134 213 116 146  32 169 244  82 205 273 187  14 210
    89 317  69 197  11  14 152 262 347  94 235 261  16  42 367 394 176
   399 145  19 275 318 288  21 353 144  39 283 105 397 249 385  32  15
    13 332 286 148  52  18 313 332 238 225 286 329  69 163 238 338 158
   187 128 200 393  57 131 307 173  94 124  71   5 352 135 325 364 362
   205 360]
  [  0 112 248 154  25 285   2 236 242 243 195 314 152  65 297  71 387
   230  32 369 210 182  95 154  43 137 270 133 156   0 170 359 222  16
   186 264 257 197 303 220 360 332 375 281  80 247 221 126 357 265 214
   122  37  55 187 123 148 179 384 349  49 376 388 308 283 188   1 155
   173 193 296 204  43  79 341 321 197 224 354  47 189  94 112 396   6
    50 232 106  86 289 183 386 382 257 221  14 228  21 272 290  47 259
   157 276 293 350  33 226 287 270 299 221 377 326 195  24 319 178   2
   336 187]
  [  0  65 214 106  55 333  79 239 205 214 242  88 262 341 183  67 246
    61 380 332 155  86 395 293 175  37 273  69 201 255   0 304 228 402
   236 384 247  79 316 164 198 397 348  32 253 236  43 181 255 371 118
   398 264 229 312  24 402 219 109 155 189 367 169 268 145  81 251 253
   162 243 373 347 344 366 232 398 299 227 323 202 286 113 146 244  72
    15 250 154 113 217 336 265 116   8 206  59 376 385 130 258  72 270
   219  95 299 249 123 292  90 164  73 394 283 259 269 356 226 354 338
   111  60]
  [  0 259 211 385  92  34 311  95 292 313 400 370 180 281  86  65 215
   400 180 210 310 349 253  15 244 120 141 229 197 234 336   0 127  66
    93 145 231 342 302  81 135  82 283 398 229 157  50  85 202 399 227
   214 223 225 280 314 136  40 217 117 255 305  92 318 287 300 122 161
   294  29 262 147  55 254 160 295   3  31   4  40 145 329 363 257  24
    99 336  98 121 243  56 257 305 122  83 367 141 303 247 338 220  44
   214   7 192 111 242 399 399 156  36 258 306  10 211 166 295 127 238
   184 249]
  [  0 217  86  53 354 146 202 380 344  52 270 166 386 401   8  77  26
   358 319 156 188 397  37 144 388  50 243   8 215 341 194 221   0  26
    52  78 276 253 100 314  18 296 279  91 352 380  96 282  34  38 291
    57 371 399 234 250  88 231 375  52 308 173 135 164  40  20 187 221
     0 348 224  22   7 106  74 189 143 270 131 198 396  69  97  43 218
   283 279  21 205 185 399 156 334 165 259 174 260 343  82 239 179 354
   267 338 354  75 232 163 342  95   8 388 162 288 175 293  98 326  21
   205 194]
  [  0  47  12 399 181 245 186 267  36  58 143 215 113 402  86  58 163
   194 159 359 262 209 284  92 354 178 196 160  82 236 374 240 345   0
   124 163 209   8 243 392 319 270 182  51 202 383  74   8 166  73 354
   209 186 213 140 124 234  59 284 128  52 250  92 200 389 390 390 313
   291 326 205 348 231 362 259 104 321 391  62  62  24  66 250 132 178
   196  72  81 283 170 193 111 288  62 117  33 325 379  79 394 304 307
   203 341   7 365 335   3 117  47 121 175 136 139  90 206  58 386 212
   191 385]
  [  0  51 145  21 134 176 124 112 363 336 327 302  26  20 349  44 126
    98 292 186  93 158  47 101  60 294 193 245 354  68  16 239  76 292
     0 166 194 149 255 217  15 287 324  11 351 166 312  34 212  89 244
    45 295  55  58 364  77 187 193 119  91 333 303 388  84 349 104 314
   305  65 343 129 227 260  55 295  20 137 358  31  16  26  35 250 252
   139 400  66 239 267 345  82  79 253 192  76 143 307 348 196  38  85
   172 221 173 284 207  65 223 261 171 319  95 306 213  16 229  89 120
   382  16]
  [  0 375  11 293 356  77 286 373 155  58 154  21  51 228 219 341 238
   317 154 277 166 380 275 305 246 239 325  12 115 214 166 293 394  98
    31   0 341 329 245 334 147 291  41 275 319 195 377 156 153 347 354
     1  27  47 174 181 246  35 183   5 162 329 283 322 170 157 279 391
   189 319 236  61 360 140 344 214 254 289  36 220 320 193 247 305 182
   237 279 377 166 239 214  71 157  36  77 206 340 249 239 116 295  12
   286  47 128  74   7  49  71 212 266 224 206  61 349 245 363 395 213
   336 264]
  [  0 248  36 168 337 378  70 371 258 252 230 110 384  71 366  53 336
   297 217 144 259 344  52 162 124 204 111  91 247 335 377 182  90 315
   197 252   0 279 155 334 110  73 120  85 321 323 260 170 366   7  45
   316 112 380 348 178  16 119  15 225 350  98 139 327 280 246 293 266
   228 196  87  69 337 258 172 200 180 303 233  39 287 262  83 282  44
    45 376  23 351 192 309 100 278 182 397 177 160 356 105 238 250 284
   262  15  18 364 155 140 397 334  72 305 340 140 236 139 397  65  88
   185 172]
  [  0 382 307 304 179 381 278 269 374 262 137   7 137  93 215 256 328
   325 394 385   6 356 205  44 186  23  16  74 122  70  64 143  82  98
    41 356 285   0 392 281 126  47  55 184 282 217 203  48  54 107  15
   197 347 372 148  53 152  92 318  90 103 367   7 310 168 153 165 225
   154 276 295 301  97 254 374 394  62 152 369 278 374  65 217 199 359
   105 334 378 189 348 290 332 308 255 242 160  27 293 270  70 184 149
   261  54 208 246  41 312 240 264 253  39  52 306 297  37 258 346 234
    96 337]
  [  0 117 101 176 386 281 143  36  93  43 372 330 364 109 216 214 338
   262  86 280  68 128  77 381 245 124 260  20 390 251 118 245  40  87
    10 123 249 324   0 225 139   3 364  59  61 360  58 206 364 200 265
   197 100 137 139 127  77 192 318  84 147 361 160  19  36 118 374 165
    62 102  62 278 335 399 137 327  29 132 225 122 349 118 223 380 187
    86 179 402 275  47 250 285 393  25  93 260 342 102 165 158 377 215
    55 107 339 206 215 148 255  54 239 238  83 266  37 381 248 190 224
   380  83]
  [  0  71 211  63 267 226  56  30 364 231  84 181  92 139 303  40 303
   117 170  62  89 316 352 137 231 278 384 178 278  30  41 233 218 400
   111   3 106 394 351   0 131 369 330 296 136 369 325 131 244 388 138
   340 239 129 228  96 387 328 147 359  11 104 211  55 305 281 159  23
   110 115 175  84  35 300 291 205  53  41 345  89 319 328 368  76 336
   305 108 206 116 289  33  98 153 364 315 120  40 282 264 101 292  52
   116 171  63 330 101  62  37  71 272 285 129 367 178 249 215 360  92
   337 306]
  [  0 286 382   9 272 109  49 200 189  78 240 183  13 311 265 347 132
   201 335  49 389 260 104 398 352  80 174 292 376 336 160 355 289 172
   367 283 393 257 332 203   0 295 343 263 318 107 279 395 221  44 361
   184 263 191 362 276 365 217 269  73  44 192 225 285 139 188 114  50
    98 284 264  12  92 321 193 131 190 191 171 180 319  69 249 307  36
   293 397   7 400 106 233 170  35 215 381  26  96 333  51  49 101  43
   248 233 149 150 164 262 101 309 310 186  35 202 250 105 300 138 311
   224 358]
  [  0 285 176 260 334 317  29 153 303 376  73 201 202  91 252  28   4
   254 242 140 149 344 355 211 391 168  84 141 344 221 371 124 224 360
   320 362 261  99 282 167  95   0 220 130 380 141 347 157 326 146 239
   189  92 219 322 179 396 100 205 211  14  59 303 299 381  81   4 217
   111  50  27 204 336 137 263 373 246 253 365 319 177 278 400 330  68
   327  42 286 191  42 284  66  83 317 377 349  87 137 284 282 394 189
   264 153 362  77 230  39 387 324  15  12 200 321 167 211 131 356  54
   284 314]
  [  0 133 182  62  35 101 211  48  75 402 338 218 236   6  63 223 319
     5 217 314 181 290 277  50 206  80 379 183 109 115 345 115 164 197
   376 162 341 127 356 202 398  22   0 157  82 148 232  75 220 298 148
   204 214 155 196 244 122  43 302 163 166 277 175 200 171 355  93  66
   303 166 370 255 170 336 370 134  35 297  35 278  10 337 334 387 268
    52 379 210  43 402  39  77  63   1 353 307   5 179 162 249 362 368
   379 145  84 313 215 264 273 236 345 343 201  86 301 127 248 101 204
   307 278]
  [  0 400  49 274 168 381 329 242 124 389 197 353 112 152 233 117 219
    99  50  22 177  49 177 245 203  22 333 356  80 172 376 225  51 399
   257 251 262 188 156 357 132 354 130   0 235 367 149  93 337 223  91
    58 260 348 187 320  79 334 277 395  82 115 239  97 273 377 273  72
   401  56 351 259 187  53 322 309 205 340 224  86   8 118  54 379 115
    31  18 304   6  72 176 299 137 208 381  61 346  97  73  64 210 146
   213  54 228 344 137  53 353 367  65  68 336 118 199 272 292 201 158
   125 141]
  [  0 240  75 394  25 289 267 253  93  98 222 115 377 399  25 300   5
   343  25 233 138 158 163 155 302 353  44 389 251  73 382 212  62   2
   242 109 210 207 215 144 383 159 366 390   0 318  19  86  84 132 209
   170 287 218 354 193 113  26 213 387 296 278 185 113 278 178  91 210
   209 117 223 120  23 195  64 393  92 317 215 124 218  15 101 315 186
   335 191 263 145 269  57  87 172 157 293  39   8  17  40 233 302 370
    64 106  19 268 312 197 271 162 379 253 122  59 268  19  62 387 249
   315 329]
  [  0 396 253 107 314 339 281 398 233 274 383 212 105 393   8 146 348
   105 278 126 368 393 299 363  70 314 340 180 384 299  31 401 138 146
   315 213 146 267 294 332 345 172  17 252 144   0 246 320 355 329  67
    92 101  21  16 244   6 355 217 144 340 187 396  16 305 374 170 327
    44  48 296 231 121  94 324 149  47 338 298 279 365 112  74 221 360
   319  96 110 211 357 160 270 298 234 307 180 266 261 139 226 299 376
   151 136 157 168 122 144  21 290 161 283 175  56 114   6 217 378  12
   150 261]
  [  0  32 232 330 142 204 263 172 269 104  32  81 274 276 184 119  75
    17 370 234   5 270 141  49  59 331 332  37 340  82 100 118  98 312
   141 308  94 309 275 266  71  80 149 144 167 311   0 237 369 289  16
   159  94 384 143 207 282  25 375  42 234 195   0 188 352 245 248 151
   100 200 364  67 109   3  13 310 122 312 137 193 313 274  65 210 297
   248  83 241 189  30 276 250  24 393 231 282  15 319   1  69 352 356
   337 167 290 322  78  18 315  19 271 339 389 279 113  43  27 264 378
    47 132]
  [  0 221 240 257 381 121 285  48 160 331 339 291 169 251  42 157  30
   199 268 339 312 378 314  75 176  36 217 239 183 106  75 194 344 389
   225 215 351 252 205  87  59  20  85 139 104 218 218   0 385 257 230
   359  98  58 229 153 348 386  52 398 184  51 170 210 203 273  77  80
   272 176  27 153 182  77 347 306 241 318  20  96 323  75 291 345  11
   369 226 335  80 265 372 378 337   6 383 279 284  41 157 220  52 257
   123 260 291  51 180  95 257 292 105 225  87  82  26 216 318  12 116
   287 249]
  [  0  67  27 218 176 153 117 388 157 265 295 185  36  40 399  85 120
   133  85 343 138 204 206 172 367 298 360 136 316  96 305 335 337 183
   155 306 125 382 366  85 359 343  74 173 104 209 355 106   0 154  44
   242 107 125  26 319 274   9 371 393 213 323 151 245 117 393 241 116
   161  73 224 324 321 349 218 141 165 213  29  38 181 299 207 306 343
   299 377 379 312 280  70 312  82 211  12 133  32 116 327 303 110  96
   261 290 161  26  13 344  35 308 347 257  70 111 401  36 367 265 242
   345 279]
  [  0 171 170 154 154 123 178 155 233 222 190 124 328 199  41 146 337
    20 244 212 388  17 280   9 347 348  93 184 401 172 122  27 270 363
    44 193 374 220 266 314  19 193 122 112 280 349 372 347  49   0 304
    31 149  90 184 161 173 220 109 402 362 263 146 120  67 162 108 257
   324  28 234 328 128  11 167 166 305 325 119 228   3 180  98 185 305
   138 326  73 295 191 303 265 128 304 193 332  46 217  21 289 196 284
   231 108  22 267  50  98 116 216  29 335  62 316 197  56  47 122 144
    34 300]
  [  0 164 146 167  28  18 298  50 198 381 198  58 293 386  67 347  43
     3 130 340 106 186  42 169 278  47 108 180  15  94 221 196 299  96
    87 287  58 395 210 322 154 243  40 180 238 233 218 306 135  24   0
    71  64  59  88  60 149 116  32  31 266 364 331 322 238 137 250  32
   225 189 306  72 154  42  37 178 315 236 177 216   5 351 272   4 238
   157 194 303 265  57 191 383 142 254 252 306  11  18 329  28 130 180
   191  91  38  24 243  40 262  29  30 293 381  66  44 128 345  29 256
   234   8]
  [  0 161 188 212  46 305 293 219 342  49  38 360 275  17  82 363  42
   296 289   2 247 156 287  97 202 331 249  96 299 370 192 273  13 378
   324 330 106  84 343 354  28 133 398 122  37 273 240 154 393  89 176
     0 343 394 350  85 153  69 211 352 365  21  23 300 101 392 196 117
   372 162  12 292  53 135 267   2  97 243 340 314 185 290 355 108  72
   148 354 198 325 143 233   7 309 304 314 259 362 141 299 134 204 206
   339 259 275 154 189  39 131  29  11  79 319  51 392 214 147 231  50
   129 399]
  [  0 297 214 159  12 380 134 287 227 107 136 161 106 364 193 310 281
    74 356 171 246 361 271   7  49 297 241 333 179 180 181 323 120 171
   354  67 357 377 254 231 292 218  50  99 374 158 130 380 201 189 336
   217   0  56  63  42 157 270 169  75 309 278 108 194  20 396 108 346
    36 196 136 156 316 143 315 257 255 303  83 336 250  89 197 251 295
   241  44 243 184 132 181 210  47 195 341 254 259 373   2 168 106   3
    28 395 182 160 279 383 346 161 244 144 233  29 164 121 398 152 151
   168 336]
  [  0 392  39  83  76 207  44 321 291 316 155 331 373 304 327 396 123
    75 293 395 251 157  54 121 222  79 207 320  29 309   1 127 133  80
   252 338 135  33 195 110 196   2  34 127 400  34 287  29 159  91  49
    69 154   0 267 253 270 191 104 286 223  86  99  35 308  84  55 146
    71 349 115  21 283 150 170  71 186  96 110 302 101 293 332   1  39
   298 201 210 340 137 324 229 248 154 381  97 327 209  20 120 362 391
    47 352 151  63  31 304  30  54  47 255 194 269 209 253 244  20 364
   124 118]
  [  0 177 148 174 390 190 125   8 138  51  17 312 383 209 290 101 258
   253 230 137 197 126 258 224 110  65 398 212  14 176 290  93 157 363
   191 208  17 369 231 261   8  99 166 192 381 190 302 335 236  75 340
   350 342 175   0 122 229 320 333 108 357 134 156 402  51  36  71   4
    54 308  41  37 110 345 238 192  11 176 240 269 154 155 179  41  39
   158 358 229   9 362  67 385 133  17  60 131  90 153 399 227 121 259
   366 227  88 378 190 256  64 292 333 222 348 131 357 180 134  82 361
   116 393]
  [  0 282 365  56 306 325 323 382 305 260 376 112  83 162  94 165 313
   309 365 244  70  78 149 180 396  92 192 373 128  38 197 365   0 195
   188 169  12 233 221  68  69 298  35 394 287 247 264 125 344 311 307
   320 245 122 228   0 218 194 292 337 199   8 302  82  76  51  71 331
   180 212 378  36 265 118 159 149 326 386 349 137  25 332 160 144 156
   372 291 170 369 325 216  37 295  74  83 355 205 390 262 271 139 134
   295 193  28 103 390  93  82 338 135 244 356 200 225 252  39  40 218
   234 260]
  [  0 299 151 189 177  36 340 296 110 362  67 186 188 228 365 282 138
   266 311 229 109 194 373  48  88 377 162 259  37 237 331 284 199 336
   104 365 401 351 303 367  19  49 250 124  43 375 113 218  27  14 176
    24 357 191 148 271   0 312  79  12  58  83 271  30 270 310 362 156
   183 205 261 312 175 186 360 329  91  48  61 149 167 138  27 115 238
    49  70  29 112 334 252 362 254  28 336 293 317 245 191 107   8 189
   282  21 316  68 377 384 353 268 324 110 113 353 290  29 174  38 205
   264  50]
  [  0 132  81 361 365 122 309  91 211 228 401  63 340  49 359 371 321
   114 316 269 109  52 213 185 398 162 136  17  59  50 257 112 367 134
   347  78 226 391  47 327  65 373 318 330 138 240 201 344 144 315 317
   400 342 208 133 286  53   0 126 180 220 379 122 241  34 115 351 341
   373 262 123 195 354 314  82  61  30 368 297   7 106 345 342 308 111
   228 202  64 110  56 221 359 108 378  58 158  23 354 121 148  36 186
    84 179 340 196 227 402 315  78 276 163 388  30 318 110 177 311  64
   286  29]
  [  0 162 355 137 390 109 168 307  83  87 267 175 318 312 215  50 364
    56 261 308 165  59  15 177 337 314  78  87  43  59 328  13 333 260
   103  19 371 198 354 362  46 236 352 366 287 136 131 227 282 110 385
    67 296 219 295 100 255 367   0 379 118 271 256 384 149  71 269   7
    56 245 367 135 205 182 351 104  54 184  70 196  55 240 321 120 335
   251  62 274 298  47  53 299 161  78 218 181  96 364 338  54 278 353
   328  68 264 168 373 290 298 331 131 302 346 129  50 157 324 187 322
    40 197]
  [  0 251 126 266 114 179 102 150 253 316  21 348 383 388  38 228 185
     5 107 154 339 110 216  42  96  49 361  24  81 137  16 262  76 314
   184 185 273 115  95 229 283 368  76  56 224 156 326 373  99  58 163
   123 399 174  15 106 175 388 105   0 292 341 146 330 304  31 269 319
   279   7  38 129 293 127 355  54 228   3 100  75  77  69  58 378 206
   105 172  37 392  14 176 280  54 395 240 150   4 400 126 370 183 319
    82 125  59 160 226 285 391 343   9 114 143   0 134 130 165 160 195
   289 399]
  [  0  25  36  96 313 391 197 344  74 117 365  45  95  26 384 112 143
   119 390 196  30 114 154 195  66 190 113 213  19  37  54 353 148 321
   360 100 250 184  80 156  79 107 347  34  91 257 225  97 153  56 321
   360 141 139 362 314 273 301  73 238   0 319  49 365  69 326 166 193
   264 328  45 256 208 357 236 273 300  61 152 190 217 255 219 103 214
   137  67 378 362  88 283 158 140 346 142 149 210 365 397 133 394  39
    84 179  52 225 113 277 330  18 270 254  80 162 379 327 394  62 270
   301 220]
  [  0  84 374  45 350  80  88 206  55  39 350  68 377 105 379 191 191
   289 206  63 248 109  25 285 259 277 392 278  98  62 323 244 261 160
   290 350 109 195 262 280 133 235  69   7 329 232 205 123 140 338  63
   368 115 332 117  24 353 360  31 201 199   0 343 105 185 399 384 338
   288  42 401  80 387  65 314  70 310 359 162  22 105 400 280  50 367
   353 253 236 123 298 353 311 361 114 251 175 145 184 259 290 219 105
    48  59  58 302  49 363 137 171 192 393 271 374  17  95  55 379 145
   334  74]
  [  0 164  24 184 304  17 152  63 190 327  53 189 141 101 275 384 249
    29 233 254 365 201 179  50 309 221 111  54 183 208 158  48 175 366
    26  73 172 205  32 370 271 310 230 114 247 311 158  52  27 247  77
   101  57  94 341  86 131 211 211 124 317 371   0  90 262 184  47  52
   134 313  18 259 381 365 325 123 376 166 152 205 142 350 332   1 212
   379 306 100 383  14 195  60 341 249 295 149 313 327   5 317 223 302
   324 128 197 292  67 134 131 347 172 366 392   4 182 124 152 244  66
    28 342]
  [  0 231  38  46 123  67 220  46 140 335 317 169 374 155 175  65 166
    49  80  26  82 158 208 121  38 387 307 386 193 339 387 295 204  67
   223 320 109 362 381  38 276 227 105  84  83 323  60 247 214 272  83
     2  69  49 176 120 210  72  95 378 247 395  61   0 149 339  36 284
   373  50  39 100 282  60 360 343 211  41  51 132 320 181 141 128 304
   138 356  85 246 377   5 392 246 378 229 196 331 132 172  18 196 255
   211 132 277  23  63 333  11  62 106 173 160  83  42 306 204 333 111
   345 198]
  [  0 319 226 351 153 338 274 361  12  37 206  88 322 357  31 352 251
    32 245 374 110 219 306 380 158 112 273 342  88 276 359 231 348 324
   227 170  34 241 321  35 127 274 296 194 167 232 402 271 383 151 325
   211  86 125 318 343 237 237 187  52 315  92 394 311   0 252 344  64
    62 231 391 111 384 113 187 156 341 172 331 274  73 205  65  13 349
    16  20 209 141 170 190  84 364  56   8 215 283 170 226  99 243 293
   247 357 376 103 314 158 179 204 137 256 129 158  91 368 266 328  67
   296 201]
  [  0 102  63 211 190 107 195  20 243  32  64 262 238 309  96   8 128
    75 195 330 217  21 321 124   5 187  18 222 172 219  84 150 240 300
   162 363 245 251 262 248 282 264 100 121 151 305 232 184 322 346 165
   362  77  64 164 315  45 312 346 372  78  17  13 311   0   0 114   8
    45   8  57 151 129 124 126 104  86  90 258  75 315 332 212  95 141
   317  49  33 385  26 131 279  87 179 217 137   2  81 204 131 244 234
   146  53  72 377 246 164  44 156 222 189  58 223  42 267  93 316 189
   243 296]
  [  0 260 183  63 140  25 310 111  23 102  10  34 336  66 234 333 377
    62  70 351 332 375  17  95  33 351  15 293 371 305 370 288 385 268
    82 249 154 219 330 188 392 302 375  43  15  49 319 344 220 232 282
    16 211 172 189 284 305 104 348 189 374 287 364 350  41  11   0  51
   280  71 272  95 175 339 230 117 279 223 336  68 222 116 230 247  21
    12  63 180 351 256 123 101  47 270   1 336 142 121 377  49 316 311
   236 287 178   7 298 219 145 169 373  36 366 330  52  32 183 331 367
   360  63]
  [  0  44 304 372 378 151 179 383 349 344 237 256 294 120 312 179   0
   343  40 188 269 151 316  50 345  36 360 231 128 294  18 395  43  96
   300  18  63 175  45 257 121 275  35 387  88  79  32 255 308  75  49
   291  19 320 388  39 323 265 313  87 274  74 261 257 286  68 105   0
   233  61 161  38 326 335 248 394  55 333 154 360 110 307 155 321   5
   351 323  69 271 138 204 389 370 171 103 263 144 245 103  21 395 254
    47 253  34 153 241 225  85   0 125  41  37 220 354 208 270 352 269
    78 289]
  [  0 336 245  18 103 350 267 200 348 314  85 294  85 182 285 370 324
   304 297 283 265 186 232 351  57 363 332 282 188 334 140 111 204  50
   116 264 307  30 149  97 129  51 354 147 381 130  64  11 334  56  29
   178 347 321 118 202 325 117  19  20 213  19  28 210 388 370 168 371
     0  79  85 248 231 378 221 269 215 171 256  28 142  97 194 346 165
    25  85  32 216 101 171 345  42 361 169 299 396 183 218 267 304 255
    43 236  85  52 252 330  61 215  55  29  35 213 325 317 241 278 142
   213  17]
  [  0 182 337 157  62 250 252 301  86 177 285 176 249  39 333  41 400
   381 366 274 108  62 402 305  74 304  51 168 123  34 342  28 172 394
   385 392 271 160  26 286 115 301 335 331 210 364 291 118   4  55 113
   357 214 157  50  77 168  66  99  63   0 272 316 114 390 251 401  18
    30   0 241  91  45 219 346 165 202 130 276 379 353  28 112 279 250
   299 261 134 161 283 184  23 315 288 190 158 186 342 279 132  96 353
    60  80 292  20 329 329 309 235 144 276 223 132 201 400 308 385 213
    57 308]
  [  0 112 133  60  91 396 337 164  53 335 176 180  77 216 119   6  82
   317 297 188 146 210  55 164 290  86 190 325 311 210  80 397 120 313
    15  41  43 255 282   7 219 355 369 375 402  72 255 107 147 218 101
   394 230 231 114 303 391 300  33 281   8 223  71 268 176 281  75 390
    71 321   0  53 158 323  78  10 317 332 348 238  79 283  59 300 359
   211  99  30  27 102 164  22 384 150 308  31 343 138 185  26   2 346
   269  96 178 121  32 393 265  63 285  52 155 102 331  30 123 148 163
   116 350]
  [  0  48 225 107 353 238  83 110  35 369  94  54  37   9 196 171 353
   111 131  16 328  15 378 197 380 320 290   8 359 212 104 147 269 234
   324 132 254 167 202 250 330  47 139  97  37  87 188 110 340 353 193
   267 147 383 117 375 254 163  54 137 364  81 314 116 342 280 277 194
   187 380 253   0 255 184  58 117 331  33 163 268 349 118 231 352 230
   295  79 197 115 136 134 397  21 228 154  23 258 297 183 321 245 282
   251 117 289  88 283 241 144  85 102  65 402 304 119 192 162 264 333
     0 306]
  [  0 360 150 350 332 321 190 119  89  18 161 329   6 176 146 198  19
   379 242 335 270 265 230 401 293 344 208 351 148 202 344  39 322 272
   398  30 401  52  98  34 178  59  77 361   8  96  45 178  37 108 321
   130 100 325 324  55 108 298  54   7 349  59   8 327 223 267 193 185
   398 229 176 335   0 397 348 310 238 321 147 132 292  92 359 196 282
   239 217  24  88 329 216 238 365 113 278 179  63 237  28 332 274 108
   113  61 353 331 270 278 162 242 193 208 211 377 384 193 327 300  66
   243 271]
  [  0 299 105 356 102 290   2 146  26 236  60 370 144 160 344 107  79
    40 269 171 165  21 236 132  73 197 262  90 351 337 179 311 134 154
   402  89   5 355 262 223  73  96  74 262  39 341 210 108 223 119 389
   188 333  56 111 364  48   1  81 163 345  59 159  41 103 370 348 261
    61 262  45 265 333   0 164 177 219 321 123 180 100 165 143  14 120
   264 237  93 344 393   2 199   5 309 187 287 365 391 171 259 249 140
   226 155 174 196 141 378   6  52 391  18 293 198  89  40 287 394 258
   270  82]
  [  0 324 241  27 343 357 306 335 146  84 364 321 240  92  53 308 317
   225  13  43  13 172 193 211 155 111 238 101  26 223  18 257 154 401
   344 127 142 391 108  11 159 254  22  70 293 325 304  63 157 307  10
   385 245  30 250 340 244  23 220 182 178 395 189 265 191 242 113 334
   123  12  86  49 155 233   0 198 236  55 320  70 137 342  63 137 250
     9  15  28 266  14 267  11 232 211 228 107 169 160 101 144 336 227
   114  94 104 373 135  50 354 132 322 258 178 255 112  42 230 145  22
   150 274]
  [  0 167 255 164  33   3 301 306 237 161 324 173 301 151  75  27 192
   265 175 118 396  79 249 381  10 355 134  65   4 127 217  34 189 355
   211 238 200  49 197  82 345 276   1 287  54 399 110 231 361 368 286
   228 312 293 201  31  84 299 169 270  35 281 309 209   7 288 238  74
   231 269  48 316  89 239 156   0 357 177 176 135 323 296  50 282 243
    97  62 141 233 162  34 367 347 223 306 350 318 115 311 401 304 379
   272 370 380 207 295  57 230 241  69  37 126 376 289  50 203 278 143
   278 138]
  [  0 305 167 184 358 318 327 198 275  44  61  61 376 106 330 196 325
   162 166 175 193   0 152 135 388 134 110 107 386 142  84  55 228 216
   361 149  52 292 391 392  33 196 310 284  14  79 248  85  39  46 183
   194 399 139 156 401  54 330 274 236 252 196 185 151 293 251 202 152
   188 221  97 361 330 165  69 270   0  99 228  49  52 191 161 242 279
   214  12 127 384 389 119 329 358   9 348 142  97 163 185  52  66 171
   187  45 397  53 397  81 319 188 352  49 261 266 343 250 164 284 253
    76 183]
  [  0  48 216 306 388 359  64 309 264 371  70 364 244 114 162 344 234
    22  80 310 329 229 152 362  37 224 270 332  25  56 384  87  83 124
   153  95 155 140 357 181 238 294 164 246 327 239 341 105 402 273 374
   341 246 126 376  17 314 249 283 267 366 395 371 354 138 375 312 320
   297 347 257 173 224 368  29 125  78   0 152 267 168  51 280 183 113
   286 187 247 355 210 185  48 129 156 358  36  57 300 361 173 207   8
   118  48 122 200 308 398  72 314 134 236 299 270 202 220  90 180 147
    79 269]
  [  0  87 176 385  62 142 303 275 220 345 185  37  82 219 172  12 159
   365 295 286 247 179 232  80 129 226 260 164 141 325  50 373 242  92
   304 319 150 161 123 302 199  37 130  46  85 275 253 141 277 231  91
   297 111  25 212 215 142 110 179  73 219  80 125 336  83 244 218 189
   175  97 281 254 190 125 169 382  16  17   0  61  23 191 273 306 169
   272 192  99 375 262 277  72 115  64  51 204 268  44 230  41 352   5
   234   4  71 111 374  56 187 150 251 279 100 334 100 102 282 284 314
    98 219]
  [  0 241 258 234  76   9 167  26 213 352 383 137 215 278 154  74 182
   278 177 258 176  39 167 162  40 217 236   6 121 339 310  66 234 110
   193 295 382 149 287  46  43 329 354   4 146 381 147 299 128  25 218
   210 171 355  72 222 304 196 242 133 213 201 195  93 240  48 140 180
   317 145 372   1 293   5  36  66 125 110  40   0 383 276   5 179 319
   259 285 280 392 108 171 137 116 299 344 371  26 401 217  30 118 200
   263 271 313  80  76 119  84 123 206 113 379 329  42 115  34 171 178
   170 253]
  [  0  11  14 383 215 229  85 292 233 234 249 373 352  72 267 255 326
   358 395 383 342 209 156 203 277 316 233  29 347 306 309 279 166 336
   153  56 107 191 233 274 372  60 338  30 377 247 217  12 249 253 287
   302 106 129 198 402 334 313 301 196 336 199  17 358  98  47 156 298
   248   6 103 120 217 181 284  46 353 352 232 391   0 297 373 300 102
   192 400 158 308  88 297 254 284 106 161 254  46 290   1 136  85 302
   176  47  17 164 152 186 120 188 382  44 283 258  52 105 128 110  47
   331 238]
  [  0  80 373  95  84 389  42  25 305 271 244 220 283   1 299 275 341
   284  72 202 115 206 119  28 245  13 252 192 378 272 297 164 381 158
   380 391 235 122  53 252 319 192 107   3 259 350 145 211 257 368  13
    94 106 104  50 106 207 147 350 156 134  70 137 318 140 173 279   5
   251 343 283  51 393  51 297 272 386 157  48 210  83   0 355 351 370
    30 115  99 295  95 130  38 375 357 102 240 135 288 380  58 327  32
   118 160  94 105 230 234 380 306  78 113 374 376  95 312 167  60 258
   367 150]
  [  0 375 262 262 376  66 258 138 230 319 193  53 396 163 370 285  88
   338  88 154 187 381  75 153 273 173 256 121 226  13 225 235 390 106
    27 264 351   1 244 378 245 105 206 317 371 329   6 296  79 167 230
   198  29 319  11  56  63  69 245 296  13 251  70  62  54 198 334 359
   295 250  17 237 317  97 123 330 273 327  89 257 393 104   0 335  57
   359 139 313 288 258 277 402 327 382  35 160 225 170 357 207 401 187
    82 258  89 181 227 172  48 125 204 251 203 364 226  40 293 322 323
    44  16]
  [  0 143 377 322 294 338 177   2 326 276  87 177  13 393 296 296 315
   224 100 303  57 285 154  49  94  17 118 196  19 135 134  61  75  48
   255 248 296 149  65   1 295 223 366 197   4 151 258 359 158 205 284
   256 109  85 120  34 203  50  96 114  48 132  32 114 393 369 118 392
   139 153 127 249 231 118 330 112 204  98  19  98 317 257 229   0 181
   227  55 311 236 395  40 355 295 236 384 374 390 268 244 130   2  42
   129 254  39 372 257  96 154 282 368 324 267 106  30 370 330 188 329
   369 111]
  [  0 180 180 326 248 358 303 372 278 360 260 175 219 285  51  62 233
   176  23 229 308 196 328  82 401 105 224  25 216  80  99 208 350 168
     4  33  33 252 157 365 377  98 200 155 351  51 368 129  30 268  26
   173 187 175 190  42 103 167 160 387  17 339 190 244  31 365 202 113
   248  99 193 263 195  44 396 128  84 146 384 308 129 139 281 380   0
   343 332 218 312  47 114 129 355 197 272 296  60 105 224 344 196  76
   311 175 168 285 277 336 304 326 157 139  26 117 379 249 344  75 320
   330  11]
  [  0  84  47  75 395 159 134  73 141 372 315 255 327 238   3 189 142
   195   0 372 111 365  72 255  38  22 174  81   8 121 251 295 114 268
   217 317 399  80  46  62 284 343 133 243 337 178 137 219 117 184 184
   172 296  79 378 149 380  36 327 110 195 343 252 344 263 354 270 266
    74  78 113 362 121 220  26 302 249 310  21  93 352 204  33 238  40
     0 108 305 238 391  17 154 233 299 152 115   1 398 365 274  91 370
   170 304 254 216 231   3   7  77 151  71 244 326 328  29 375  19 313
   369 240]
  [  0  95 385 381  70 230 163  44 298 278 239 231 132   3 123 155  85
   267 220 304  23 326  14 379 354 181 398 184 275 312 342 147 298 323
    62 340 270 108 325 196 183 292   1 217 392 177 329 243 331 379 220
   372 118 300 200 249 260 195 287  62  51 382 273 348 347  18 305 347
   357   0 263 385 151  47 129 250 178 290 316 281 383 199 114 225 112
   321   0 261 256  88  30 187 263 123 188 111  69 100 136  55   9  10
   158 378  17 285 235  48 225  29 121 378  83  28 252 109 281 303  31
   114 320]
  [  0 223 320  65 107 259 261 240  93  54 291  72 215 390 339 378 126
    95 292 212 299 268 290 312 104 276 384 347 167  62 256 252  13 173
   402 157 352 241 289  16 231 290 171 249 283 379 372 396 150   2 399
   212  37 293  26  73 234 264  26 209 307  29 249  14 173 187  59 287
   280  91  77  52   8 103 266 219   8 365 281  14 268 197  26 253  29
   328 362   0 111 175 226  24  40   1  64 260  58 179  48  80  79 163
    70 173 221 211  55 192 234 110 301 254 378 321 393 336 308 372  13
   246 247]
  [  0 302 225 290 376 183 385   0 143 247 182  10 137 148  70 215 106
   398  19  83  77 229 254 198 210  56  98  98 351 395  63 258 158 309
   323 105 298 259 164 245 260 333  26 262 119 160 320 241 299  34 304
   104 262 100  34  27   1 252 369 126 201  45 364  55 142  37 395 261
   196 358 313   9 251 125  68 241 268 348  81  24 304 261 390 129  22
   202 387 174   0 192 235 270 296 104 341 239 154  97  90 374 345  32
   133 349 245 398 272 371 240 101 273 176 325 358  49   3 161 331 321
   391  37]
  [  0  26 173 331 131  61  37 130 227 265  41 328 120 166  13  78 232
    48 202   5 150 321 249 318 319  91 315 165   9  40 233 195 381  23
    70 386 136 200 242 156 114  38  14 182   0 313 148 306 182 179  55
   277  77 150 321  81 326 301 105 356 386  57 265 111 334  73 248 401
    35  35  95 217 289 106  89 214  80 322 103 230 158 153  80 236 328
   274 242  81 174   0 264  18 303  80 278 377 116 115   7 357 336  89
   122 156 190  18 363 171 231 215 330 338 299 181 194  39 298 105 281
     5 285]
  [  0 201 211 252 373  30 154 297  47 141 272 199 184 389 296 277 330
   181 193 127 329  53 400 226 201 373 122 265  97 379 150 213 328  26
   146 200 331 259 248 197 355 350 103 391 268 327 218 311  16 240 167
    13 213  19 159 123 101 335 206   2 223 229  69  71 124 312  84 329
    68 129 149 271 241 208  26 252 271 329 325  48 350 386 375 294 377
   122 280 340 223  95   0 255 265  81  95 288 128 100 398 339 182 320
   278   2 218 364  94 377 175 143  24 126 201 191 173 182 255 257 337
    82 182]
  [  0 303 142 105 323 215  48 271 320 315  48 364 213 296 186 395 123
    75 124  83 376 218 374 173   6 329 114 256 204 384 171  33 226 220
   130 210 295  42 389 352 191  10 246 376 282 170 241 316 372 382 137
   219  94 192 316 352 385  64 120 387 371  56 161 105 294  59 215  58
    11 159  59 301 188 194 182 173 173 285 115 187   7 109 221 150 220
   387 391 308  61  38   3   0  81 276 387 198   9 204 325 110  11 209
    17 365  14 127 236  14  35 239  43 356  14 136 210  60 380 399  56
   399  69]
  [  0 247 124 136  22 289   7 120 345 302 112 279 137 220 292 150 295
   314 144  67 224  65 216  81  81 221 206  23  37  99 193  95 126  47
    18 160 394 376 361 351 378 325  65 140  89 240 228 326   1 129 225
    29 292  17 210 308 309 227 175 187 393  48 328 250  84  98  71  51
    80 168 151 210 150 132  20 322 198 243  79 170 176 360 181 164 173
    63 385 334 156  75 159  20   0  48  18   2  54 386 320 305 159 152
   201 377 227  85 252 231  99 260 299 198 275 267 105 342 140 250 284
    45   8]
  [  0  92 222 361  37  19  92 207 286 401 317  60 315 178 160 282 228
    45 197 274 379 280 356 173 350 160 257 316 346 241 148 153 369 238
   260  74 176  38 345  65 226 320 248 275 359 316  30 301 352  77 279
   302 213 263  62  92  83 226 153  59  95 346 330  33 141 379 212 134
   341   0  95 159 375 165  63 327  61 134  53 278 102 100  40 392  29
    85 325 152 326 364 370 301 188   0 170  37 271 113 358 284  87   9
   322 169 100  81 374 257  22 296  75  44 398 272  29 287 185 152 319
   383 256]
  [  0 229   6   7 249 250 276  68   0 203 337  61 106 207 131  25 233
   319 130 390 187 168 143 292 295 205 373  16 321 235 240  51 393 234
   337 175  32  15 234 349 118 133  67 119  91  44 303  23 262  25 376
   110 136 221 181  84 323  78 249 279 365 211 118 384 203 137 367 146
   254 381 325 194 340 107 150  63 129 380 259 101 177 401  13 401 277
   175 265 225 176 152 128 401 163 103   0 397 105 159 371 208 350 120
   346  17 323 240 368 208 340 300 267 142 280 138   0  44 200  55 104
   319  55]
  [  0  58 165 365  91  63 172 103 327 153 264 137  85 268 244 241 162
   359  85 346  89 187 368  28 277 376 131 181 111   1 203 331 244 155
     3 323 226  15 324  15 298 304  36  64 125 223  82 209 107  86 196
   276 392  79 285 386   2 160 218 146  64 360 142 200 224 197 111 141
   200 374  27 309 121 122 310 296  62 104 159 375 314  99 393 301 106
    55 129 369 220 304 176 116  65 349 391   0 166 312  43  60 370 246
   399 259 101 386 293  31  44 144 227 349 351 282  36 393 261  46 236
   295 278]
  [  0 134 307 360 380 289  88 217 147   3 242 264  28  92 346 305 402
   269  15 128 266   0 346 172 324 269 108 161 109 119  28 286  71 216
   299 229 378 376 190 233 117 265 186 249 290 301 123 305 163 289 287
   281 235  88 361 214 387 257  40 205 230 392 254 118 120 223 105 145
   294 216  70 157  82 320 277   0  54 193 248 185 144 297 346  49 286
    95 132 396   6 184 123  47 285 169 281 265   0 389 186 222 129 141
   129 311 106 143 101 234 114  13 302  51  57 102 189 357  16 177 338
    42 382]
  [  0 304  60 100 368  67  57 107 152 337 130 400 279 398 372  88 134
   312 143  40  25 148 135 374  53 123  93 229 261  86  10  35  18  81
   332 189 126 393 137 108 171  99 358  13 133 381 139  58 355 219 237
   102 264 183  66 125 355 261  74 304 222 167  88 284 258 254  44 143
   397 175 161 184 173 306  47 139  97 299 191 383 240  92 370 271 187
   391 199   6 202  98 231 111 315 268 192 198 100   0 127 110 346  16
    13 254 124 217  92 184 102 328 335  25  67 378  10 285 168 353 298
    61 129]
  [  0 124 302 282 220 148 272 123  25 373 397 300 364   1 381 402 170
   278 133 112  58 395 129 254 160 295 233 119 330  71  92 343 211 201
    63 390 299 323 293  57 369  74 180  42  86 169 157 401 108 360 394
   138 117 306 179 230 377   6 105 208 190 350 200  35 226  66 181 229
   382  67 327 246 120  71 231 346 145 358 198  84 287 317  85 163 163
   360 334 171 241  29   9 191  39 369 312  77 398 221   0 151 244 135
    95 351 306 382 158 264 278  51 289 317  35 205 285 390 316 395  66
   143 218]
  [  0  49 150 198  54 288 280 102 301 195 284 243 101 128 113 115 400
    85 115  34  64 180 331  30 211 174  63  29 202  32 284  74 201  26
   106 322 345 160 192 264 168 224 196 365  42  24 200 223 105 393 395
    42  81 329 378 226 328 139 240 103 237 296 352 135 293 135 239  77
    29 168   2 146 256 291 250   4 386  82 368 197 373 221  96 238 155
   345 157 283 301  30  11 284 367 228  19  73 101 359 102   0 371 117
   140 198 211 242 212 317 264 218 388 170  66  24 129 154  58 359 219
    70 165]
  [  0   1 206  38 213 387  90  52 270  83  21 391  46 283 251 336 155
   166  82 261  32 372  82 315 125 197 152  72 283 225 173 300 261 355
     8 383 226  87 113 190  73 137 294 308 296 234 160 158  64 365 236
   341  56  45 141 108 261 290  77 234 169 366 319 245 142 394 246 206
   124 144 368 214  42 342 118 263 195 287 174 286 158 335 206 364  15
   205   2 128   6  55  23  31  84  38  17 117 384  52 314 318   0  15
    98 191 340  20 139 287 390 346  43 233  40 134 347  70 304 362 368
   292 355]
  [  0 329 275  59 226 108  80 341 106 223   4 268 199 254 201 393  52
   183 372  44 302 266 292 313   8 189 163 210 328 122 229 243 341 103
   194 153 178 114  92  40 107 119 303 244 170  33 354 124 119 161 241
   106  87 368  84 351 360 289 385 236 138 152 113  10 370  27 149 238
    81  70  16 135  12 120 190  46 389 115 321 305 381 360 356 175 200
   225 144 383 360  58 192 144 378  79 186 263 369 241 373  59 155   0
   309 228 212 136  60 129 271  71 261  67  63 312  54 269  32  18  14
   108 396]
  [  0  17 318  30  16 327  21 245 106 119  45 294 378 146 337 238 126
   107 193 291  91 349  90 268 357  91 180 394  97 398  66 298  35  56
    30   5 209 173 293 374 150 361 389 149 104 157 261 135 129 219  83
    23 327 133 306 287 218  94 240  88 224   0 154  72 387 263 224 398
   255  52  86 351 250 187 150  17 122  30 260 350  26 376  12  49 217
   349 378  31 362 369 319 125 229 313 357 338 398 101 308 385 228 396
     0 292 182 336 110  73 325 327 125 167 106 211 290 122 170 371  45
   263 145]
  [  0 215  82  29  86 181 102 146  46 357 161 156 103 308 208  74 348
   335 144 335 123 113  58 362 191  38 289 130 293 304 109 380 382 101
    34  80 264 149  97 102 363 285 325 144 251 108 394 206 296 315 123
    43 284 335 283 214 173 358  22 211 258 316 115 201 229 102 206  52
   119 353 330 134 297 138 347 206 214 382  64 393 100 376 292 194 161
   351 282 316 289 347 212 154 222 331 279  59 229 383  12 348  14 191
   132   0 327   4 315 129 341 371 227  75 260 193 255 149  63  24  78
   345  62]
  [  0  19  86 138 300  35 280 170 289 122 319 303  54  52  95   1 118
   162  56 108  63 354 183 127 245 318 124 170 395 182 155 358 139 392
   267 333  16  62 237 363 148 110 191 159 277  71 104 388  21 324  49
   343  59 388  89 198 283 142 174 186 272 107 326 297 215  23 120   5
   317 348 339  76  32 150 369 400  45   6  17 114  14  87  24  32  70
   101 189 356 160  63 192 296 388 213 110   6 304 238 273 282 385 139
    48 266   0 301 267 169 322 380 207  20  71  55  11  75 211 103 207
   238  26]
  [  0 129 249 153 157 339 279 279 147 252 348   5 156  23 329 305 165
   340   0 192  34 145 276 199 402 372 104 113 395  55 107 163 402 258
   121 104  73 371 200  45  72 343   2 243 341 115  41 272 214 274 207
   121 313 184  57 160 350 353 249  52 135 329  76 201 327 305 212   8
   130 341 106  16 203  43 246 148 350 288 200 312  47 217 132 113  60
   120  38 198  70  34 358  75 172 239 240 106 276 272 393 111 243 253
   360 263  72   0  96  52  28  56 205 329 327 115 378 188  24 370 126
   118 246]
  [  0 352 297 246 385 380 358 200 306 156 186 129 276 194 339 298 175
   270 296  17 135  54 369 168 325 169 128 269 204 176 268 170 267 309
    33 166 294 289  34 142 401 348 195 325 252 132   3 163 194  18 267
   370  71  99 111 155  24 295 197 124 151 179  67 107 244 239  47  39
   320 365 244  20 233 303 226 124  64 117 311  62 330 156 216 182  91
   402 345  84 349  48 323 329 352 138  26 353 384  20  22 170  69 215
    21 161 109 113   0 313 243 297 259 101 123 107  32 221  26 233 257
   173 359]
  [  0 385 264 154 318 213 189   9 380  93  79  13 316  41 104  53 337
    54  64  18 390  19 317 266 294  24  91 127 327 221  21 230  45 348
   108 284 346 107 104 138 151  68 215  40 300 381 351 126 380 337 178
    14 189 130 210 124  56 191 276 166 102 365 295 172  35 128 349 260
   124 181 115 325 272 332 151  21 132 135 169  99 259 351 141 227 235
    34 261 289 340 216  71 196 348 102 181 286 357 391 282 236 195  64
   243 351   2 144 402   0 144 346 286 120 400 184 313 301 248  97  66
   113 222]
  [  0 129 132 352  87  58 232 297 104  99 158 341 303  38 296 197 119
    71 298 372 349 137 175 233 137 151 145 297  67 367 109 120 282  78
   370 381 114 303 100 370 196 181 309 369 103 162   8 370  77 234 192
   212 337 134 122 341 334 389 355 147 176  40 195 364 111  24 236 330
   170 378 255 168 314  45  72 326 203  29 137 333 336 243 287 239 325
    43 335 371 198 238 365 333 365 273 382 150  60 233 157  24 184 294
   228 395  20 391 101 124   0 215 380 215 361 248 347 357 386 188 288
   363  31]
  [  0 180 343 352   6 135  69 321 209 234 391   4 206 353 141 102 258
   299 163 113 140 108  30 185 168  30 281 399 227 346 308 238 140 197
   337 153 271  10 356 209 258  98  72 342 269 142 240   8 319 133 249
   343 147 212 332 175  52 167  68  26 272  38 336 328 367 142  53 309
   314 173  32 165  88 204 317  21 162  21 388 250 292  31 341  44 276
   224 386  55 356 103 274  31 332 298  51   9 198  56  82 120 263  37
   123 146 136 365  21 198  69   0 292 358 141 271 283 333 382 257 189
    69 206]
  [  0 234 306 244 177 340 384 332 231 180 265 333  73 283 207 288  68
   211 127 344 336  35 368 226 127 397 105 200 124  61 136 161 205  59
   220 274 295 112  65 374   8 279 273  69 333 390 391  56  64 358 213
     4 320 367 149 388 318 304  53  37 150 158  45 165 325 236  36 175
    70 310 231 309 300 358 108  87 328  48 372 176 121  66 254 321  20
   141 297  48  21 105 234 384 194  43 326  97 123 148  82 138 166 190
   266  52 174  73 357 397 198 387   0 240  63  65   3  72 317 223 196
   232 396]
  [  0 282 271 344  26 393 121  66 112 108  93 216 301 375 279 258 146
    88 287 239 372   4 251 115 333  69 225 313  46 118 252  47 347 274
   282 285 114 358  67 129 267 397   7  46  38 239 285 343 357 268 124
   334 247 135 356  86 200 380  16 167 333 130 199  90  32 292  62 368
   124 348 251 350 129  85 152 385 181 251  67  81 330 258 244  93 220
   283 321 191 324 147 365 147 266 144 210 209 314 401 386 315 217 330
   208 344 159 336  88 284  95 222 377   0 369  42  92 342 401 343 312
   329  32]
  [  0 269  79  39 383  65 315  69 205 175 112  45 273  27 146 383 374
   183  59 310 366 271 350 333  68 173   2  57  94 197 237 322 105 199
   170 371 307 379 368  95 112 281 365 370 257  22 212  65  83  65 154
    74   1 158 112 402 141 172 349 368 291 309 226 251  29 237  53  53
   155 394  73  12 117 262  22 290 326 265 342 249 309 273 165 139 150
   106  72 187 187 113 302  98 123  19 262 368 256 187 194 107 393 233
   183 351 145 143 125 357 318 118 104 310   0 357 197  88 151 340  34
   317 242]
  [  0  81 211  27 222 204 254  97 254 395 263  29 254 211 238 325 227
   340 212  14  61 263  28 303 137 222 396 356 214 149 342   8 338 351
   188 364 137 138 298 197 150 259 225  46  56   3 127 205 201 237 298
   212  15 322  88 391 325 323   7  37  45 366 148 271  91  65  13   9
    26 277   3 178 318 265 174 288 128 384 269 159 150  89 239 323  75
   390 259 286 296 330 255 207 213 211 304 239  29 347 276 397 117 220
   203 351  27 397 272  94 240 120 354 250  69   0 349 112 302 230 210
    48 211]
  [  0  31 214  35  81  52 127  55 328  86 342 309 184 224 127 339 254
   318 196 367 363 181  53 129  87 402 166 225  63  95  41 278  18  49
    30 110 204  35 248 276  64 289 397  32 140  14 173 187  95 381 195
   253 375 402 200   0 296 387 322  27  40 344 206 227 119 314  43 206
   129 158 390 394 260 222 184 245 210 167 105 353 146  94  57 102 282
   304 139 398  42 327 290  84 296 159  38 274 193 323 356 223 258  10
   180 129 192 399  12 298 283 225 328  89 199  73   0 274 188 194 196
   270 386]
  [  0 182 128  94  46   4  72  69  69  90 307 162  28 386 308 119 110
    87 172  20 145 142  56 175 343 251 371 318 270 264 329 173   4 207
   262  87 137 251  21 252 215 121 259 310 225 401 203 175  16  65 179
    50  44   5  58  30 242 245  95 380 327 168  71 353 380 298  23 328
   242 225  18  92 257 363 101  23 323 211 216 390 346 322 126 299 118
   328 292 207 393 234 214 162  58 348 215 155 380  22 354 215 239  46
   170 345 276  95 284 369 197   8  74 312 402 394 296   0 103 278  70
    49  12]
  [  0 348 290  14 201 315 228 364 280  71 387 196 276  51 116 208 344
   184 282 294 333 137 255  67 259  28 349 183 370  71 264 185 389  90
   298  95 250 259 400 205  98 359  54 218 352 233 312 122  66  52 328
   142 342 117 296 277 146 325 313 331 171 212 334 276  14  38 231 291
   196 173 124 278 174 193 357 265 104 244 135  52 331 143  78 379 283
   100  75  89 121 161 331 239 142 358 137 279  31 298  42 331 347  82
   294 380 172  80 162  56 219  31 131  42 402 269  77  24   0 282 133
   372  23]
  [  0 111 331 171 387 156 111 229 334 283 275 307 331 372 339 137 349
   123 334 313 229 103 192 188 251 267  36 362  80 339  27  10 342  27
   226  95 162 196 339  49 215  76 377 223 192 231 390 261  91 254 402
    18 264 140 309  96 256 174  17 235 133 250 267 119 156 314  93 387
   361 322  40 105 259 337 254 356 113  69  80 272  11 150 239 136  61
   268 198 388 203 170 208 381 246 252 160 383 286  71  89 295 211 117
    10 324 390  47 192 241 250 336 344 384   8 270 258 124 331   0 363
   243 395]
  [  0  83 324  80  72 289 214  52 303 215 334  75 327 252  87 360  21
   258  10  61 128 309 222 392  23 253 290 122 192  24 382 264 289 346
   241 384 222  26  65 122 124 381  62 321 395 329  95 198 112  19 204
   367 157 266 180 284 160 335 344 326  92 305 180 369 202 127  30 145
   341 278 231 271 245  91 261 112 165 230  98  86 304 226 224  14 143
   120 271 153 241 226 203  83  30  10 282  32 351 376 128 142 212 247
   225 126  49 171 185 193 194 268 298 361 156 278 249  97 329 387   0
    63 151]
  [  0 160 398 382 376 284 165 135 388  59 290 340  24 311 278 135 374
   322 348 240 367 342  35 264 110 108   5 108 314  92  23 286 237  23
   245 383 272 100 191 185  82 173 350  49 174   2 272 246 366 396 199
   242  31 130  22  40 222 225 219 214 370 205  78 161 385 122 158 151
   401  17  24  48 124 208  83 176  44 312 379  44 119 210   8 306 172
    46 376 237 104 378  10 292   1 359 382 312  42 212 293 267  52 402
   243 116 328 355 169 134  79 400   6 290 245 209 290  47 223 295 121
     0 230]
  [  0 349  10  64  66 383 109 382 132  37 353 104  13 162 199  71 261
   245 222 358 287 219 206 253 273 258 123 171 180 111 312 360  49 142
   226 382 189 147 375 222   8 195 372 205 198 388 273 334 383 145 111
    57  70  32 145  72 152  73 114   9  57  20 364 282  11 207  26  88
   353 196  24 373 386 177 377 250 350 253 280  81  75 343 363 214   3
   170  57 352  31 167 111 273 246 155 185  10 217 106 170 163 196 248
   277 156  52 323 195  66  32 173 342 182 330 130 275  74 291  99 157
     3   0]]

 [[  0 289  19  29 238  57  87 203 162 368 113  82 335 315  21 368  27
   122 158 130  73   5 200 114 240  21 296  16 117 304  82   9 281 116
   154 156 245  91 285 344 258 272 352 353 121 119  32 186  50 220 199
   342 185 152 249 202 183 363 303 306 354 157 223 151 234 167 209 274
   112 244 322   1 335  45  51 246  73 253 400  35 195 320 134 251 191
   114 227  91 235 175   5 145 297 389  98  40 196 218 272 126 355  66
   119 178  75  32 139  15  26 257 199 372 267 365 349 288 321 171 330
   304 138]
  [  0   0 228 339 281 333 305 152 341 344 220 171  37 197 275  43  84
   367 317 161 130 268 296 108 348  21  84 282  10  47 358  21  56 368
   105 167 255 350  18  37 343 278 280  10 259  32 165  70  84  94  10
   376 402 227 113  23 114 154 218 218  83 262 372 328 212  64 287  70
    60 236 175 336 250 314   7 333 249 346 240 144  54 361 294 226 400
   355  92 251  38 337 316 239 144 178 258 238 158  69 151 343 116 390
   357 401 371 349   9 157 239 286 173 385  34  23 368 364  95 222 195
   235 239]
  [  0 247   0 340 231 181 249 397 297   2 332 113 233 101 103 144 240
    16 293 161  75 143 186 341 198 322 187   6 394 179 139 101 208 362
   256 394 191  66 282 350 293   1 210 145 298 148  10 317 264 216  16
    55 101  60 278 364 109 239 312 176 118 191 165 250 272 314 224 304
   342 211 188  32  74 315  81 122 394  53 258 271  45 341 302 399  50
   329 230 372 402 277 116 241 199 387 355  33 353 149 179 267   4 325
   321 202 142 141 248 205 367 300 262 368 233  92 236 263 245 143 286
   386  39]
  [  0  36  78   0 310 351 287 166  19 209 370 135  62  23 124 305 146
   101 196 394 329 381 174 193 255 258 328 254 209 315 266 161 355 334
   391  27 225 162  68 171  25 348 388 371 177 202  88 300  21 151 151
    16 253  68 355 219 107 295 302  96  65  30 242  21 384 102 195 358
   388 357 401 370 300  30 205 313 335 123 110 152 305 171  75 305 168
   394 387 253 190 164 287 144 133 154  90 114   9 191  32 202 357 207
   393 151 227 232 217 195  17 396 168 112 310  81 249 236 230  77 344
   287  56]
  [  0  99   5 222   0 391 101 142 401 358 339 283 370 153  91 127 205
   379  89 317 104  31 309  24 312 130 294 357 348  96  31 266 387 217
    39 141   0  53  55 113 305 128  96  95  40 346 103 268 347 392   5
    54 124 217 308 223 230 160  62 207  85 364 105 221 268 157  28 106
   393 263 292 208  45 211 213 276 324 356  15 347 274 386  62 230  63
   167 395 380 388  78 174 136 126 381 329  15 275 402 307 371  40 393
   248 261 217  47 202 106 317 176 359 211 155  42 256  52 384 398 310
   376 170]
  [  0 316 362 212 106   0  11 161 295 344 290  48 296  80 168 145 264
   204 154 329  43  50 272 392 161  17 332 354 359 392 296 259 176 363
   307 238  73  89  11  15  58   3 223 220 102 158 259  15 274  85 289
   101   6  56  89  58   3  48 108 321  76  97 222  31 299 143 385 323
    79 209 113 134 154 186  41  52 387 315 128 244 308  63 288  41  15
   180 239 344 295 319  97  61 172 179 175 353 275 316 288 146 319 303
    20 297 319 266  91 238  18  87 205 113  63 362 305 108  12 163 176
   398  42]
  [  0 374 323  35 123 345   0 167  24 318 156  96 129  32 301 166 278
    93   2 281 251 383 359 387 341 400  60 308  74 296  39 256 141 301
    15 242 127 342 402 342 195 111 155 186  49  52  27  93   5 274 396
   392 123  61   5  70  10 356 153 191  91 250  54 173 313 378 125 402
    86  89 131 342 247  95  27  96 183 143  32  65  13 121 375 347 213
   376 158 137  85  14 385 294  71 133  76 115 221 363  10 319 229 186
   343  64  53 241  61 206 285 187 337 165 187 187  84 180 347 209 241
   262 307]
  [  0  41 313 232 242 381 138   0  81 365 116 337 328 136  68  59 110
   127 262 233 289  88 213 333 354 169 347 325 210 178 402 279 325 173
   218 210  78 301  78 247 162 215  96 112 122 218 392 129  12 210  94
   266 215  50  44   5  37 186 108   2  80 161 227 360 103 128 322 383
   196 233 384 275 209 269  55 106  73 167 131 277  78 306 381 342  20
   242  29 325 397 137 362 357 375 256 270 273 198  92 243 209 167 146
   195 217  49 327  94 320 244 210  62 118 306  46 158 123 201 378 212
   109 224]
  [  0  66  21  20 396 355 262 200   0  35 266  32  55  20 184  10 387
     5 127 147 270 324 402 294 147 284 390  88 127 356 371 118 166 370
   389 120 331  56 363 102 315 398  54  37 157  71 311 107  34 294  54
   252 196 256 244 265  31 122  49  56  30 223  75 357 135 153  30 221
   114 133 230 360 175 220 325 263  95 120 379 106 110  88 278   5 253
   396 155 207 163  13 161  86  29 146 224  88 112   3 363 244 385 297
    17 326 264 279 348 276 141  20 350 203  62 159 393 112 191 177 183
   316  14]
  [  0 239  60 318 255 158 286 173   0   0  94  41  24 253  39 391 279
   256 180 378 113 188 234  67 222 346  96  98  53 396  85 265 120 143
   147 332 161  13 388 322 139  67  65 306  43   3 150  88  65 317 143
    46 327 207 149 340 346 177 268 279 300 277 341 189 399 317 119 140
    89 114 248  84 297 363  37  89  11 366  20 355   2 366 370  14 307
   112  55 254 340 184   2 143 128 302 310 125  31 312 318 387 176 130
    47 219 345 353 118 159  70 105  91  60 338 225 305  64 137 282 146
   315 263]
  [  0  33 184  80 141  67 155 228 326 144   0  21 144 105 171 216   3
   216 383 334 330  80 194 297 314  80 294  59 145  27 336 338 149 365
   121 309 298 355 399 398 292 296 191 394 161 366 218 123 228 338 144
   154 156   3 301  77 281  83  16 173 390  14  50 184 308 275  78 220
   277 148 277 392 121  53  42 237 382 388 209 216  12 243 371 128 353
   297 133 292 355 383 326   2 386 302 390 151 392  93   4  15   0 400
   303 255 162 245 238 235 396 300  77  76  48 137 218 379 159 317 116
   307   7]
  [  0  64 351  26  26 286  88 135 240 367 124   0 231 243 315 352 309
   396 303 101   4 332 122 161 402 314 343 363  61  60 396 307  72 386
   374 158 234  94 247 115 197 249 371 137 289 302 278 253 369 168 237
   285 101 110 140 320 313 107  67  97 227 249 136 204  46 332 360  20
   170  59 156 198 352  46  92 269 102 395 249 246 245 388 188 122 185
   309  36 211  14 358 134 345 121 329  44 222  74 318 118 317  41 199
   183 155 399  77   2 255  34 127  63  92 164 193 230  61 193 250 115
   119 330]
  [  0 229 303 349 218  29  43 125 170 125 102 231   0 301 252   5 280
    27  50 360 367 184 255 324 301 362 175 261  16  53 363 281 346  36
   214 367 326 302 320 176  97 320  79 110 352  79 199 287 150  35 398
   319 187 353 359  27 380 207 240  81 254 205 105 159 129  67 259 259
   105 347  97  97 365  43  26  61 164 340 308  20  68 395  43 159 171
   263 151 331  28 243  85 318 224 118 157 156 396 363  80  82 122 347
   162  25 113 179 384 344 280 370 323  48 334 229   7 143  28 190 130
   101  44]
  [  0 179 111  69  89   2 237  60 153 256 226 139 201   0  54 329 125
    54 109 323 371 249  60 381 131  73 215 152  53 298 180  48 283 311
   169 392  88 272  83 324 146 188  98  66 111 399 318  43 130 183 276
   233 399 355 141 127 386 380  64 290 303 260 219 213  31 397 298 348
   392 279 110 198 270   2 353 129  14 214 283 266 354 168 287 248 158
   174  79 129 363 197 136   9 210  36  40 305 195  75  60 357 389 278
   105 316 225 221  77  19 206 387 272 287 262 339 195 183 360 327 337
    91 233]
  [  0 229 253 294 108 366 302  89 166 250  29 301 279 108   0 134 268
    67  62 269 254  69  47 284   5 143 366  84 116  97 319 216 151  80
    84 134 400 279  77 281 305 124 185 316 165 187 236 146 103  94 265
   346 195  89  22 317 322  52 107 195 400 269 286 228 318 287 166 390
    73 144 147 335  35 171 122 178 386  62 287   0 384 311 329  50  63
   395 252 283 302  23  27  84  64 323  51 351 219 357 179 171 225 125
   168 359 183  35 190 393  31  64 314 149 116 185 374   9 336  93 153
   388 106]
  [  0 151 161  23  61 205 397  25 374 107 314  94 271 177  58   0 371
   363 160 319 149 335 240 138 333  77 303  61 312 113 388 250 391  66
    65 395 332 214  16  90  34  38 170 368 118 200 245  54 318 300 122
   401 265 386   0 384 374 113 336 310 269 135 284 138 130 253 391 327
   251 243  82 138 189 161 215 389 328 138 125  49 184 338  30 395 142
   276 333 184  34 231 358 239   4 342  26 376 230 180 125  67 373 241
   377 223 166  99 190  68 206 161   1 143 329 134 202  64 279  50 131
    90 100]
  [  0 218 160 322 119 381 368   9 275 363 328 330 333 334  94 320   0
   314  83  49 108 295  35 133  46 366 102 201 306 273 200   6 123 157
   317 372 181 273 201 327  78 389  37 237 285 106 273 215   1 193 320
   220 375 152 229 235 303  56 148 129   6 355 279  48 291 183   9 172
   134 378  46 381 266 108 197 343 280 209 121 105 324 195 241 158 155
   338 359 280 261  21 364 137 168 250  92 164 194  22 168 169 327 387
   370 110 306 310 382 341 102 383 364 305  73 254 196  81 297 233 282
   259 310]
  [  0 114 385 114 224  31  43 305   8 200 319 371 327 315 301 254  93
     0 115 102  99 396 128 318 270 138 126  74 100 203 394 129 197   6
   289 235 369  79 297  67 203 301  20  68  23 279 371 237  93 137 104
     5 131 105  55 328  76 329 192 231 255  31 246 196 377 124 270 179
   121 181  94 352   1 106 207 171 292 310 390 297 271   5  29 294 269
    97  62 314 178 271 343  17 358 209 116 211  86  77 132 285 163 278
   212  68  56 211  36 186 325 171 241 105 202  86 228 245 255 256 316
   194  65]
  [  0 143  49 291 251 114 145 372  70 340  36 324  66 256 199 257 354
    22   0 152  28 221  11 328 324  96  92 257 145  44 253 269 108 134
    59 277 394 299 369   3 144 396 187 352 353 176  80 308 325 397  16
   287 349 119 167 172 350  39 357 195 394 307 265 142  94 190 345 346
   231  34 258 255 283  75  37 208 203 393 207 148  62 390  42 375 371
   133 398 336 325 142 250  44 371 272 253 174 402 108 217 243 217 271
   160  71 265  53 215 284  21 193 147 380 370 275 380 208 112 315 274
   400 202]
  [  0 119  10 106 121 268 131 381 284 215 160  65 402 360 383 219 319
   285  68   0 375   2 280 262 115 150 265 206 238 335 288 104 297 191
   369  55 166 346 374 219  90 233  11 243 158 352 309 226 260 159 130
   296 282 314 317 255 131 254 185 275 212 165  75 302 368 131  20  47
   187 227   5 139 300 324  85  79 319 229 283 243 104 117 168 259 176
   253  29 227  71 159 370  18  90 201  81 186  46 217  66 268 149 127
   101  20 144 214 295  50 300 139 289 211 177 368 158 212 154 226  69
   152 386]
  [  0 192  84 294 225 257 241 229 294 126  45 325 105  66 104 315 148
   372 187   2   0 263 320  48 136 323 376  11 114 120 110 289 162  47
   376 228 138 330   2  49 329 298 390  64 335  96 166 112 362 221  26
   142  17   2  23 325 124 234  94  25 201 334 219  14 266 217 184 213
   176 307 108 232  79  80 184  81 109  59 372 347  29 374   8 167 192
    69  64 261  36 335 321  40 201 281 297 373 217  14  78 186 243 354
    71 309 274 136 223 124 133 227 196 393 401 164 173 130 306  87 302
   130 167]
  [  0 162 279 154 288 186 384 331 191 123 268 300 298 163 291 311 400
   300 273 375  18   0  87  22  70 244 141 353  34  63 262  86 351  67
   392 400  57 188 369 167  28 328   1 228   7 284 267 294 197 112 193
    35 154 267 325 178 267 393 222  96 292 238 286 245  71  46 147 288
   202 257 255 296  24 286  30 306 202 313 140 326 366 398  67 330 222
   137 130 310   2   1 381 176 220 307  57 145 200  53 285 400 288 383
    31  39  95  58 200  11 163 226 193 197 215 286 126  22 112  22  58
   338 192]
  [  0 313  22 400 180 384 124 277 185  53 222 325 107 379  25 131 101
   285 170  23   1 334   0  17 339 158 145 253 181   3  36  60 350  93
   248 175 180 134 375 188 155 129 330 269 192 158   9 373  70 351 233
   277 124 345 141 124  48  19 326 203 252 110  87 321 327 146 110  10
   170  35 245  27   2 177 381 310 384 215 103 357 256 245 236 171  69
   102  35  26 155  26 372 278 195  34 281 119  62 131  76 219 367  96
   167 347 260  18 166 280 373 400 100 157 401  81 128 164  50  36 371
   150  11]
  [  0 176 225 379 370 235 254 246 222 252 209 265  94 273   9 361  78
   337  44 371 397 224 134   0 289  89 298 126 334 318 194  98 141  51
    25 334 167 243  95  57 350 158 312 311  93 210 318 127  61 366 338
    76  78 213 149 110  47 181 120 247 170  17 216 125 393 327 353  83
   233 231   8 144  20 130 389 252 349 295  97 275 344 339 201  26  14
   114 289 217 127 282 188 363  65 178  38 313 140 228 369 383   4 391
    56 180 319 245 262  33 191  99 170 190 113 302  35 257 255 111  33
    83 281]
  [  0 260 290 113 292 111  57 213 117  66   3 392  78 352 291   2 258
    13 373 377 279 130 287 299   0  96 102  78 110  77   8  57 170  61
   245 163 293 175  31 339  90  97 239 310  76 235 355 382 382 201 154
   319 312 399 378 301 340 383 224 254 230 109 159  90 100 143 273 347
     8 157 172  80  47 246  93 176  66 180 385  13  45  25 222 262 334
   260  42 360 190 157 183 185  80   4 216  78 355 169 161  50 392 102
    88 128  49  82 173 244 364 248  89 318 136 359 140 202  36 340 379
   190 113]
  [  0 205 186 328 345  15  68 192 267 395 323  72 107 377  59  16 111
    86 150  95 188 100 372 162 280   0 115  65   1 380  39  46  69 363
   355 365 121 320  44 143 398 376  30 144 112 231 314 103  51 401 317
   146 354 344 120 358  92 189 220 101 369  22 293 328 296 355 204  48
   346 105 167 119 372 248 123 224 168 248 281   7 109 177 168 232 211
    12 337 243 111 228 139 247 120 267  64  88 195 275  46  87  21  96
   396 314  25 378 122 164 146 198  80 382  93 306  64  99 204 313 398
   395 304]
  [  0 195  90 302 143 316 239 188  13 287 264 377 352  99 245 117 216
    87 159 384 285 195 199 126 380 200   0  60 300 284 348 108 400 168
   258 275 164   5 201 396 393 299  70 127 381  39 394 369 301 177  45
   146 246  98 280 303 295 188  91 340 387  30  67 264 327 256  80  55
   214 263 252  57 233 374 217  78 160  37 155 341 217 390 316  73 285
   297 215 365  61 378 325 131  22 252 327  37 185 241 371 132  21 129
   258 183  67 229  16 354 254 259 247  33 308  71  90 308 332 383 345
   188  71]
  [  0 248 325 329 118 359 302  25  44  14  87  28 360  50  41 300 263
   359 173  71 292 166 332 283 289 199 382   0  29 305  34  59  44  80
    39 135   3 360  73 160 337 233  93 356  12 115  85  64 135 108  41
    58 132  26 117 136 363 227  63 328 125  82 301 149 397  45 169  55
   154 110 321 164 192 107 372 370  33 205 371  22  30  34 246 104 128
   364 398  85  53 186 160  32 307 395 164 364 369 188 132 189 157  90
    74 226 302 211 360 332 131 133  52 240 281  97 170  46  95 170 376
   155 196]
  [  0 135 170  27   8 144 288 111 108 295  83 193 370 249 200 363 336
    72  57 377 208 371 326 221 354 219 243 371   0  24  65 305 395 234
    33 377  87 175 397 280 108 208 230 132  12 201   9 399 133 346 292
   222 162 110 355  99 291 257 210 166 103 285   2 113  33  57 213  44
   103 333 332 342 297 340 241 236 233 180  62 330 156 107 346 138 334
   296  15 112 318 235 138 365 398 399 230 174  89  34 250 245  73 211
    84 389 289  87 130 185 146  81  52 146 355 249 199 390 139 296 151
   116  19]
  [  0 231 186 148 219 238 240 239  86 157 231 260 338 206  53 292 352
   199 291 196 169 295  91  52 253 398 283  83  10   0  97 126 257 176
   312 218 362 366 211  67 213 261 281 332  54 326 166  46 236 293   8
   317 248  78  44 364 255  10 133 268 215 181  32 326 240 131 283 398
   131 113 320 319 131 258  33 155 302 281  19 142  17  46 197  92 329
   353 158 222 177 109   5 313  83 267 123 126 143  40 131 105  25 209
   258  72 161 392 173 305 126 153   5  67  76 132  98  83 400 190 182
    86 337]
  [  0 276 259 132 155  76 262  83 196 368  24 266  48 294 291 214 235
    54 179 302 190 368 363 220 357  13 108  28 219 323   0 281   3 242
   335 154 207 389 240 146  75 307  72 216 262 159 332 123  76 219   2
   269 313 157 167  24 202 335 143 358 249  76  84 191 295 331  21 203
   253 285 345 295  85 276 174 356  20  74 394 245 377 238 301  59 178
   108  98 263 180  52 261  50   1 301 252 316  88 351  15 145 120  25
   110 266 295 325  42  27   8 143 298 262 231 174 130  41  38  37 326
    53 253]
  [  0 179  10 304 272 246  54 102 323 329 317 292 182 347 204 125  95
   310  32 360 394 207 390 235 157 270 333 244 168 305  54   0  29 151
    85 206 316 341  66 368 282  92 302 307 304 134 381 122  73   6 230
   161 371 197 373 152 186 130  15 304 271 204 214 312   6  21 362 202
   309 230   8 385   9 154  45  70 298   8 230  88  13  79 268 377 192
    31 401 328 236 353 315 367 107 400 207 389   1 207 352 101 205  43
   380 383 299  23 119 258 353 295 163 263 310 283  55   9 392 162 363
   263  14]
  [  0 163 102  78 227  51 378 283 234 158 154  75 142 386 214  47 196
   137  14  98  44 275 283  21 393 322 378 314 307 128 244 221   0   3
   374  77 296 184 267 210 336 389 392 140  10  52 375 231  17 214   3
   208 348 187  20  82  58 121 105 312 388 194 331 389 279 245 186 352
   359  85 129 147 293 274 280 363 175 246 203  52 304 156 179  85 159
   346 226 107  31 153 140  50 368  26 177 305 373 275   8 367 289 199
   165 357  59 280 325  69 126 388 365  92 172 175  95  10 145  85 402
   215 237]
  [  0 390 111 222 392  27  40 373 272 223   8  73 398  37 371 363 272
    83 135 201 182  30  73 353 389 209 253  87  99 147 266 346  80   0
    52 232  22 227  93 234  98 182 145  76 348  72 223  10 122 287 270
   168 394 202 315 269 144 337  97 308 183 192 358 278 134 125 187 105
   379  82 282 239 315 117 220 219  28 325 156  93 249  40 361 195 281
   125 257 293 230 132  46 188 380 204 315 175 109  33 134 324 153 178
    69 185 165  45 334  49 108 344 171  20 333 355 330 219 189  98 199
   135 394]
  [  0 371 300  29  82  78 345 310  24  98   4 249  12  79 390  32 349
    25 394 321  29  13 388 213 390 374 218  16 137 369 356 256 183 267
     0 151  36  98 179 382 129  72 220 125   8 130  30 384 182 205 165
    88 306 103 402 381 279 363 222 290  54  73  68  35 214 151 182 132
   378 398 388 160 159 179  82 190  34 341 342  43 106 153 298 152 243
    49 324  25  10 368 336 196 204  17  84 167 140 157 225 172  14 309
   323  95 319  34 384  30 175 169  68 401 379 189 250 220 396 177  74
   190 270]
  [  0 250   2 365 110 143 346  23 371  25  83   0  73  16  13 133 303
   247 217 259  89 201  92 306  83 103 100  69 142  37 290  39  60 322
   148   0 102 211 272 350 332  28  71 259 235 290  16  23 320 225 383
   114 311 208 337 149  53 114  19 378  55 105 214 202 249   3  15 299
    72 224 283 130 223 135 200 390 145 340 359  53 129 106   1  38 147
    13 122 378 199  89 248  77 326 212 293 329 331   3 370 299 164 284
   375 394 229  15 392  62 244 320 202  84  24  33 328  31 137 214 396
   258 352]
  [  0 119 229 366  93 240 365 256 394 355 108 100 211 312 184 254 258
   113 176  28 252  12  21 395 258  58 402  31 335 224 110 366  14 106
   350 266   0 113  49 246 106 227  76 104 125 109 134 294 319 151  36
    22  96  19 402 231 154 120 102 365 129  60 251 235 115 248 252 148
   211 330 312  93 350 295 221 285 262 394 389 400 323 174 377  78 359
   159 324 294  45  74  93  54 164 270 180 100 290 215 250  24 371 376
   222   3 249  28 217 393 282 213 317 334 274 119  87 205 382 152  79
   170 182]
  [  0 170 321 363 255 262 148 285 105 112 276  58 176 346  67 154 302
    92  71  53 305  88  75  52  19   3 112  12 195 259 345 135  27 174
   252  76  86   0 104 125  70 347 198 249 220 164 401 275  13 360  44
   291 297 320 223 296 324  99 161   1  40  74 312 362 237 242  85 243
    53  13 262 105 199 345  36 235 266 193  90 173 221  40 398 136 151
    80 257 370 143 378  31 351 114 252  11 114 121 161 372   3 238  61
   351  49 183 279 327 274  85 119 246  45 203 393 237  65 163 173  84
   129 290]
  [  0 375 316 235 261 125 212 198 335 236 198  22  75 183 113 125  33
   273 395 307 328  82  48 179 190 273 114 311  31 358 269 208 210  16
   400 104  41 349   0 369  57 181  12 312 262 279  51 233 272  39 275
   220 186 318  87 343 234 335 315 382 206 364 293 255 382  38 196 175
   385 353  83 214 295  80  40 219 307 136  25 275 145 206 223 134 114
   116 253 127 269 402 234 384 117 310 384 177 183 232 213 316  73 169
    89 139 275 120 313  61 347 170 365  14 399 312  65 239 145 393  99
   166  76]
  [  0 181 310 251 255 402 227 335 208  77 284 152 298 179 186  57 269
   222 196 296 141 317 261 164 182  28  42 161 391  72 123 219 396 331
   313  52 221  31  36   0   2 110 165 222 303 273 166  29  89 397 295
   393 333 401 321 247 179 271 167 159 284  73 238  83  64 374 253 252
   294 165 152 344  34  50 249 170 328 384 248 270 354 173 234 171 104
    99 262 147 398 353 303 356 394  28 120   0 366 194 223 145  94 301
    89 292 349  99 349 273  11 126  69 270 375 211  61  90 204 364 244
   222 221]
  [  0 397 223 276 303 200 340 314 261 119 133 371   7 384 372 261 270
   203 365 245 180 388 382 246 285 240 215 358 371 253 336 204  70 194
   345 329  94 304 102 132   0 243 267  93 164 210  26 275 184 277 150
   184 394  81 396 325 238  46  25 145 242 270 161  34 343 287 360 203
   350  94 351 308 377 251 200 195 104 311 323 245  45  78 134 236 210
   154  52 378  46  63 113 216  11  91  65 119 332 399 240 152  58 100
   327 276 103 211 170 325 201 153 148 136   2   7  83 304 289 193 279
   307  19]
  [  0  12 106 128  62 387 187  30 314 195 180 230 111 164 131 219 121
   330  67 387 365 267 392  15 104  41  90 103 335 340 176 131 262  10
   120 176 137  27 365 249 395   0  81 398 180  83 224 183 136  72 142
    70 101 329 119  51 176 237 147 334 337 102 321 187 205 364 263 248
   331 277  21   7 321 190 230 223  10 351  97  64  41 366 305 233  75
    31 140 166  65 190 223  52 154 356 314 331 225 311 256 158 262 149
   137  57  65  30 257 397  97 289 235 270 190 111  76 304 325 293 259
   101  40]
  [  0 246 101  41 268 388 393  16  96  52 299 375 381  52 180 143 254
    17  22 239  11 195   9  26 185 116 220 108 325 106 148 292  50  40
   273 280   4 217  86 186 401 321   0 283 278  84 374 112 386 285 380
   193 312 118 125 154 137 168  46 104 102 114 214 182 289  16  93  83
   117 223  22  13 129 155 180  27  40 133  53 274 310 137 283 296  37
   347 159  97 220 327   0  28  20 378  71  49 277  72  40 192  33  12
    20 389 199  54 369 277 382 168 357 190  93 400 150  18 166 364 219
   127 128]
  [  0 149 392  59 233  99   1 219 203  41 367 181 148 332 255 139 306
   363 372 140  86 120 349  74 300 228  84 271 103  10 124  10 392 263
   295 251 320 365 218   0 112 269 260   0 117 208 209 190 242  83  19
   116  56 300  75 394 322 140 277 125 235 365  51 315  85 328 188 189
   213  42 168 234 134  94 153 400 103 119 165 383 367 315 156   8 101
   274 217  29  90  40  44 186  25 134 294 159  10 240 244 211 336 169
   392  43  84 100 230 121 386 140 251 296 256 228 281 175 111 301 229
    23  78]
  [  0  37 106  84 336 237 136 111 363  26 300   9 300 323 277 309 262
   359   3 103  39  45 190 119 106 115 174  16 168 129  60 345 277 232
   152  45 346 355 332 338 235 315 292  33   0 209 158 379 283  73 215
   289 331 136 367  63 289 341 235 231 367 225 164 224 394 155  45 187
   142 390 382 133 321 161 161 126 188 309 245 389 321 107  95  15 149
   271  89  71 281 151 223 227 319   0  11 393 289  43 216 220 394  17
   366 248 379 287  99 369 362 336 137 199 364 392 336  28 184 250 363
   247 218]
  [  0  74 230  86 301 141 241 294 353 356 160 396  83 215 207 326  15
   347 236 395 148  44  94 289 194 127  10 103 249  98 301 375 387  11
   298 164  71  35  70 114 214  72 106 161 121   0 116  87 307 219 351
    19  27  39 357 185 209 377  43 112  67 136  18 202  43  76  22  43
   129 183 114  46 214 365 381 271  33 382 236 353 400 162 158 222 192
   305 223 388 356 349  94 247 350  90 330  73 197 125 277 320  70 322
   139 237 122 284 372  32  69  95  53   8  60 338  45 111 249 139 330
   131 115]
  [  0 370 326 277 349 198 182 233 256 227 133 319 247 205 236 106 234
    56 252 294 321 103  76 261  10 170  29 142  63 307 256 209 310 116
     0 217  67 310  48  57 375 207 185  75 375 306   0   3 251 262 293
   329 290  74 264  36 316 280  70 252 265  58  70 227 201 259 102 286
   151 395  37  44 326 208 243 211 225 379 379 114 400 202 188  93  97
   345 229 138  98  74 194 287  65  31  37 355 133 309 237  51 374 274
   101 124 146 371 157 160 305 301  95 259 231  88 148 262 274  69 158
   367  82]
  [  0 137 298 362  70 305 283 251 151 326 125 378  72 303  98 138 256
   277 182 199 276 402  21 218 184 402 256  95 146 154 280 172 208  48
    57  20 212 144 135  75 260 360  39 118 297 247 142   0 336 226 143
     4 321 202  94 235 285 215  17  73 354 199 150  41 226 190 297 394
   205 389 217 346 199  35 343 297  63 305 169  79 102 375  11 383 302
   391 328  18 317  61  22 300 363 113 175  52 265 330  48 283 268 161
   363  44 402 298  25 289 267 379 387 343 179 368  17 210  82 131   4
   217 316]
  [  0 152 299 190 141 343  97 164   7 350 207 348 219 219 159 307  42
   137 320 196  95 373 282  60 100 311 260  73  49 154 356 219 321 117
   179 175 309 259 135  22 253  62 134  76  67 386   7 335   0 389 393
   293 363 168 389 398 178 205 229 277 275 370  28 350  16 392 202  46
   195 368 193 193 117 370  66  60  88 202 247 114 282 383  44 381 186
    12 264  52 390 291 122 236  99  42 345 401 257 355  41  84 135 244
   202  67 346 107 298 259 172 349 245  21 291 275  96 370  34 148 155
   171  79]
  [  0  82  95 333  26  47  90 367 339 242 370 300  43  31 369 363 111
    29 159 222   1 381 176 207  67  13 381 125 331 267 287 185 308 261
   304 141 159 114 320 349  47 183   6 296 182 390 167  59 132   0   4
    88 150 382 330 128 125 199 279 270 115 397 236 245 254 338 187  27
   234 177  36   3 234 190 343 322 129 391 102   6 254  32 256 393  21
   303  93 299 344 347  22  48 335  62 395 124 142 399 254  41 174 244
   137  54  15 113 355 113 303 401 269 245  62 251 238 154 252 274 145
    25 255]
  [  0 327  48 122 219 324  77 161 371 136  91 220  43  54  58 107 392
    40 365  76 359 297 357 279 176 355 134  81 124 300 326  35 180 262
   228 328 102 250 395 198 318 111 344 223  22 105 318 334 378 350   0
   110  96  14 338  41 347 268  27 218  98 155 260 385 209 129 179 265
   231  25 179 402 134  42 376 150 108 208 224 311 220 355   2 258  87
   132   4 179 297 346  54  93  43  38 115  35 349 103 311 153 275 183
    30  82 156 102 111 151 279 265 349 162 151 254 275 123 315 289 165
   320  27]
  [  0 249 117 111  32 202 101 209  99 163 166 353  27 286 392  59 197
   214 197 285 342 288 242 131  89 253 118 201  99 329  45 230 246 109
    59 196 143 108 165 122 240 386  84  23 252 113  74 108 107 396 120
     0 306 353 262  17 108 189 177 372 353  90 194 278 336  97 199  33
   221 311 208 164 295 276 232  51 153 240 136 115 372 347 130 174 237
    78 335 255 249  11 109  98 240 258 355 340 147 263  60 351 159 325
   242  27  85 314  49 355  96 227 264 313 325 206 107 365 396 192  97
   205 182]
  [  0  21 143 337  48 370 150 239  91 105 164  27  84 104 217  62 268
    82 198 312 291  58 117   4 121 148  17  14 281 154 258  48 313 203
   181 370 131 316 181  15 228  70 174 355 333 389 134 200 107 325 214
   370   0 371  62   4 295 211 204 169  23 341  39 261  53 294 122 231
   357 400 365 231 139 305 350 104 113 217 295  59 160  50 153  83 278
   133 329  93 365 304 285 147 178 102 126 290 105   3 399 123 288 181
    85 126 315 307 105 295 140  68 177 215 273  34   9  56 113 237 211
   239 386]
  [  0 268 192 154  32 331 220  69 323 362 369 274 310 143  46 196 118
   170 249 286 333 189 262 138  76 344 400 285 250 123 159 234 128 286
   240 373  23 228 262  26 261  25 265  86 288   0 382 393 359 200  58
    44 255   0 186 326 198 231 290 337  79 103  53 233 370 295 383 359
   186 255 184  70  61 387  75  79 299 167 308  57 327 352 160 314 204
   302  93 251 122 169  59 156 159  64 305 216 194  70  54 318  16 144
    73 338  24 119 373 348  31 371 216 283  50 352 260 106 330 384  55
   236  32]
  [  0  22 121 143 320 282 193 100 361 270 382 294 299  91 210 295 114
   372 312 241 175 162 115  46 131 286 269  18 402  20 338 110 389  78
    86 172  87 315 187 167 190 109  86 180  34 311 380  43  72 226 289
   385 182 131   0 357 230 312  80 221 323 103 343 356 158 178   6  96
   195 175 102 105 112 262 190 169   3 351 264 261 247 255 206 352 321
   297 148 115 334  87  42 158  56  94 291 152  74 259 282 216 156  99
   237  45 300 207  87  95 108  90 171 270 126 306 267 276 345 397 240
    82 326]
  [  0 262 255 197  63 393   7 256 213 105 362 226 293 223 400  48  69
   195  35  28 241  15 389 323  91 227  23  39 228 191 303 244 145 360
    55 385  41 266 173 246 206  69 298 284 354 350 280 238 378 163  52
   318 364 141 182   0 401 196 232   8 184   1 140 212  63 264 124 107
   319   0 100 301 202 397 113  84 362 146 161 395  23 126 347 127 245
   342 335 305 125 115 245 373 132  99 245   0 262 191 283  98 185 299
   113 143 325 171 225 187 256 399 267  18 217 387 354 358 111 190 111
   154 324]
  [  0 265 285   8  26 363 104 381 166 197 351 360 220  78  24  14 160
    80 347 312 387  29 123 289 372 152  14  81 378 313 293  68 234 233
   372 341 182  19 184 362 172 120 259 176 265 267 133 244  84  78 372
   352 350  59 134 257   0  61  58 178  94 358 204 386  31  26 356  24
    28 343 291 244  14  21  53 221 192 203 348 212  38 258 393 327  85
   396 391  27 333 184 256 163 328  98 236 366 101 251 279 239 140 120
    98  14 116 184 104 205  11 341 376 362 396 221 178 191 302 197 292
   340 372]
  [  0 188 144 134 388  31 112 137  43 107 217 309  17 202 152 234 263
   322  55 124  36 184  26  84  71  84 156 314  56 327 242  76 379 189
   110 391 242  23 376 219 356  61 388 350 154 402 101  74  43 243 193
   385 189  37 361 334 214   0  65 161 355 200 270 180 164  96 286 103
   197 148 191 260 381 303 105 144 147  40  39  96 287 366  22  51  69
   237  47 146  51 340 300 120 339 296 183 111 348 201 158 158 216 147
   317 233 153 301 300  32 142  70 114 182 131 139 341 329  53  53 204
   135 333]
  [  0 361 199 276 294 175 296 133  79 221   8  51 295 344 181 291 189
   331 245  33 370 217  18 316 395 147 362 369 250 124 161 351 205 215
   254 125 266 358 176  27 195 206  87 144 353 225 274  36 136 366 299
   311 156  83 170 164 144 228   0 242 148 220 292 209  11 271 250  53
    43 394  37 330 259 261 362 338 258  79 295  15 166 205 389 317 262
    23 212  39 297   0  98  89  36 162 255 237 279 136 156 154 257 107
   148 190 383 244  50 300  90 364 384 269 217 353 122 327 135 367  18
   399 395]
  [  0  71  95 332 370  60 391  25 140  66 154 163 267 106 218 112 280
    10  97 141 166 116 245 134 291 346 256 383 350 359 183 303 183 400
    85 248 163  70 206 289 327 145 176  48 293 235 147  38 184  21 333
   360 104 178 349 209 255 294 320   0 275  12  23 285 242 288 230 342
   297 221  95 368   9 344 115  60  91 335 150 139 374 129  45 391 212
   108 156 336 100 280 369 202 323 131 375 336 378  48 126 267 276 283
   300 135  27 104  19  98 388 402 296  48 111 205 250 303 335  44 361
   141 107]
  [  0 390 244 250 186 292 264 201  62  33 140 336 121  24 163  44 370
   189 166 174 290  22  39 145  74 193 321 386 117 280  78 385 280 128
   234 146  72 225 308 302 368  50 127  93 181 201 373 220 373  66 228
    53  95 275 274 298 296 265 382 323   0  42 175 288 264  86 219   8
   173 344 205 386 391 382  36  21  60 205 279 238  59  76 268 360 384
   135 380 394  17 302 247 218 168 167  30 157 243 256 223   2 226 380
   103 143 155 153 374 260 215 236 336 246   7 343  38 333 265 255 387
     2 105]
  [  0   1 125 275  47 360  83   7  91 343 277  36 368 287   9  59 194
   345  19 120 388 369 194 158 379 232 340  79 396  60 200   8 103 350
   367 366 354 149  89 141 255 168  12 300 127 309 364 247 331 129 324
    39 237 316 294 168 227 192 204 358 101   0 195  64 342 384 185 321
   337 196  12 339 244 256 373 320 112 395 168 231   8  92  37 113 138
   389 391 158 228 334  48 217 204 226 100 282  19 320 201 163 165 270
   304 109  95 331 200 352 233  46 162 340 275  92 382  28  95 297 198
   286 368]
  [  0 148 348   8 160 180 291  77 351 224 337 355 303 291  95 271 122
   160 184  88 210 376 335  81 141  12  72 258 274 399 266 213  19 380
   201 239 182 338 378 385 373 246 315  80 232 173 106  44 119 219 325
   367  57 152 210 152 153 128 211  60 240  92   0 295  66 139 177  61
    36 389 400 381 367  22  74 328  57 340  52  19  63 315 233  23   8
   271 359 255 312 234 185 175 134  71  71  70 323   4  94 112  95 196
   231 180  71 229  60 198  33  95 351 148 185 296 282 281 164  53 176
    39  89]
  [  0  53 182 320 216 357  60 321 271 209 390 311 291 127 388 375  46
    97   5 138 328 221 227  64 162  20 137  46 353 213 196 282 326  42
    29 168 364  11 346  15 361 125  19 394 209 119  48  64 160 371 248
   336 286 376 191  98 297 133 116 368 388  87   2   0 313 262 184  72
   216 385 225 172 232 391  33 208 220 258 248  41 380 126 298  56 262
   207 137  42 226 143 216   2  13  29 239 262 350 287  33 120 106  87
    64 197  61  20 288 130 322 321 170 386 301  67 221 173 293 141 139
    50 259]
  [  0 304 265 351 233  64 376 391 285 186 335 110  85 273  78 391  50
   212 199 115 245 116  55  24 304 162  64 326 331  86  44 121  12  99
     5  70   5 355  84 394 118 207 362  39 169 190  30 299 270 357 100
    42 308 391 389 360 243 165 204 233 303   4 321 119   0 131 208 287
   204  25 388 154 327 219 364 104 203 398 343 139 248 221 118 153 315
   173 390 287 297 200 254 269 219 383 119 319  56 331 267  32 377 252
    64 385 205 333  42 239  31 101 130 109  63 381 346 383  98 309  28
   121 218]
  [  0 374 148 262 100  56 334  70 363 104 342  16 325 189 325 147 291
   391 247 211 127 382  76 173 311 110  29 192  30 174 309 180 127 218
   312 326 241 221  94 224 121 148 327 144  76  61 179 251 284  61 198
   103 391  78 277 147 307 131 276 274 318 296 211  39 275   0 395 197
   127   3 162 177 348  78 244 227 309  46 223 245 332 190 395 312 201
    19 109   7 171  58 101 208 314  13 170 229 339 395 390 230 371 296
   335 173  48 390  20 389 270 235 158 281 360 123 261 102  64 268 310
    17  58]
  [  0   7 137 190 254 342 179 337 133 279 323 285  62 186 304 122  36
    88 385 170 374 130 119 145  73  63 136  69 360 365  90  72 116 149
    42  81 347 238 293  13  77 358 380 158  25 231  75 123 198 123 344
    51  15  50 352 374 112 262 246 184 293  95 205 151 110  72   0  56
   375 357  49 391 281 130 115  11  15 164 284 200 231  59 358 240 368
    24 156 282 202   8 126 276 331 122 297 216 147   9 400  93  84 309
   160  23  20 120 252 296 246 402 266 266 128 160 341 166 165 354  66
   116 350]
  [  0  69 351 380 294  22 252  41 216 269 311 163 187 267 318 280 159
    55 101 234 361 207   5 193  22 234 128 329 112 324 210 319  76 261
   218 243  79  81 284 157  39 181 381  45 383 137   2 245   6 198  88
   209 303 242 308 163 287 351 135 362 264 300 259 387 376 372 222   0
   197  71  41  89 319  20 335 308 162 378 156  43 266  78 201  63 267
   284  16 252 115 203 286 219 260  73 149 119  15 294 317  38 248   8
    27 392  86 304  43 277  90 217 169  67 277  62 253 330 104 290 104
   281  69]
  [  0 282 286  95  73  53  46 383 185 127 315   2 338 203  98 231 146
    93 132 156  16 360 336 381 379 159 169 395 370 123  87 252 282 326
    26 165 163 330 216 219 243 315 174 189  79  83  27  17 208 310 226
   253 396  88 282  18  44 287  46  78 251 274 245  42 166 254 343 152
     0 288 352 386 312 133 231  13 117 284 106 241 159 307 180  11 247
   402 188  58 166  90  82 320 375 221 179 127 150 254   9 330 241  78
   230  64  25 331 258 265  45 196  53  95 125   8 103 262 292 323 279
    41 137]
  [  0 400 321 262 185  96 226 120 308 249  55  11 334 289 240   4  25
   367 363 236 206   4  77  79  28 373 280 351 140  82 176 251  60  36
     7 348 304 211  92 222 218  55 197 299  12 143 202  87 224  67 152
   316 380 367 333 289  23 273 248  86 129 333 340 382 348 153  82 352
   266   0  90 333 195  23 294  48 274 361 306 274 161 150  61  20 267
     6 105 352 267 157 332 273 144  69 119 115  10  15  71  84   5 128
   181 157  62 352 244 137 177 150 166 179 309 351 277 345 334 245  40
    66  50]
  [  0  80 264 221 384 171  99 243 206  36 104 200 283  34 296  23 351
   276 269 360 336 147 251 316 156  65 242 270 185 126 260  32 371 204
    39  27 319  68  78  96 232 278 372 371 278 325 100 322  55 381 199
   232 389   7 225 296 346  97  11   9 160 203 204 100 200  85  77 298
   301 187   0  67 133 380  37 279  13 198 251  95 139 123 280 196 151
    79 115  40 332  62  32 219 248 390 120 267 225 370 261  20 313 234
   109   7  67 266 163 367 272 286   7 180  79 111 321  46  94 317  62
    56 143]
  [  0 373  56  36 253 252  94 246 140 382 356 259 214 255 259 104 123
   210 113 381 387 363 376   4 222   1   0 382 304 288 254 280 318  48
    25 115 205 198 196 258 389 198 186 318  32 228  79 238 287 366  66
   242 246   1 154  12  14  74 188 287 222 210  14  58  85 253 318   3
   185 368 381   0 180 257 208  18  94  32 102 176  63  93 158 239 121
   373  83 389 390 169 400 102 179  31 141  39 276  85 346 318 260 370
   198 169  64 109 274 339 396 188 210 251 397  47  55 173  80 401 380
   205 329]
  [  0  78 126  44 200 146 216  30 228 132 120  47 311 298 202 269 164
   355 139 389 189 291 170 209  29 198 378 155 393 345 271  12 383  71
   376  15 192 102 109   9  16  21  25   8 262 261  86 153  65 253 331
   343 178 169 270 366 110 275 319  54 348 322  69 220  14 104 143 392
   338   9 152  21   0  74 250 163 165  10 250 354 232 346  81 289  13
   117 100  50 149 379 178 168  48  46 219   2 220   8  94 291 117  33
   138  81  90 353 256 263 144 285 159 257 181 238 386  45 244 137  39
   335 218]
  [  0 124 158 143  49 362  64 248  96 192 389  81 158 318  38 313  92
   332  19 138 279 225  66 126  71   5  61 216 382 207 198 105 375 287
   133 184 209  33  96 117 244  64 216 293 329  62  50 128  84 170  15
   258 249  39 284 395 114 397 400 130  78  63  55 372 348 166  69 138
    79  18 101  57 375   0 214  67 216 291 196 342  40 355 392 198  82
    84 335 142 123  34  88 120 333 377 110 102  63 167 164  35 364  13
   232 394 329  61 349 218 216 197 219  67 110 296 155 308 201  18 174
   339  20]
  [  0  28  92  14 275 345 253 239  45 217 264 331  25 186 292  21 126
   230  69 359 243 313 359 232  26  21  61 100 394 171  35  59 149 261
   234 378 105 377 139  98  71 224 247 315 351 356 354 342   2 111 104
    27 295 390 133 287 353 200 205  84  30  25 356 357  88 228 106 100
   130  28 279 157 102 129   0  55 236 303 239 354 383 391 315  94 338
   277 148 170 372 364  41 165 152 222 401 103 256 402 110 113 192 139
     8  27 317 279 387  29 220 218 187 324 362 226  65 321  81 370 310
    52 240]
  [  0 122 389 327  81 297 250 177 337 226  88 310 152  24 396 105 114
   280 136 289 325 216 138  58 229  96 132 323 227 205 376 285 121 386
   127  18 226 152 394 266  62 167 162 214 183  53 132 163  24 392 382
   200 290 172 185 273 381 278 316 169 230  74 126  47 113  21 176  99
   167  12 387  43 272  80 326   0 168 186 319 387 240 104 148  47  17
   147 245 190 227 290 218 200  38 191 261 263 157 299 116 381 116 373
   318 148 344 154 375  57 129 226  93  21  34 222 164 401 242 216 367
   267 356]
  [  0 254 201 305  49 129 159  30 291 270 130  15  46 287 385 224 115
   266  51  25 200 149  47 105 203 293  98 297 281 221 335 318 388 306
   134 319 189 277 129 177 356 150 139  41  74 157 129 389  73  97 306
   338  21 275  49 142 375  21  86 371 153  64  44 147  34 359 340 273
   373  45  46  48 318 212 208  59   0 373  34  57 134 167 117 368  53
    53 227 161 155 129 293  18 267 376 247 319 163 218 324 338 205  77
   164   8  81  98  27  74 112 326  44 187 158 191 186 257  52  47 110
   132 274]
  [  0 307  33 220 127 269 302 275 327 308 299  76   6   0 268  43 299
   216  43  48 162 347 197 138 363 376 100 148 255  56 208 222 137 252
   234 158 103 211 110 209 109 343  38 334 214 246  97  56  36  81  67
   159 223 355 149 245  55  23 335 267  84 331  25 367  19  30  33  21
   294  52 388 227 301 305  58 374 384   0 226 386 226 349 251  71 103
   204 297 255  44 180 196   4 379 355  53 318 240 152  26 402 190  50
    38 208 288 187 142 211 201  77 268  47 278 154 262 241 192 333 247
   374 283]
  [  0 367  28 268 144 338 354 272 308 155 177 178 307  87 263 208  21
   335 218 206  96 350 290 202   8 402 376  78 152 148 269 103 270  65
   321 181 257 205 144 119 332 118 199 176 399 280  84 326 393 239 122
    43 195 257 239 165 399  57 120  99  87 182 187 149  60 174 173 145
   347 100 346 123  40 149 111 364  14 284   0 303 241 190  85   7   5
   378 213  74 333 164 301 319 234  98  52 215 131 218 319 164 341 187
   362 132 342 122 238 223 156 327 285  50 264  20 356 171 151  49 145
   316 115]
  [  0 166  90  33 351  40 256 311 153 296 255 138 131 351 122 155  81
   242 283 205 114 330   0 147 137 395 330 291  35 164 168 176 108 152
   308 280 223 359 169 393 127  72  76 191  47 308  98 249 329 189 268
     3 400 145 190 149 105 280 133 306  92 248 187 119 343  13 188 187
   311   2 147 211  98 208 108 310 366 155 397   0  55 374 385 299 151
   399  18  36 194 381 339 201 325 304 116 292 277   9  36 218 278  11
   287 326 384 116 124  18 283 157 237 162  42 161  54 215 387 243 114
   294 374]
  [  0 366 120  15  72  58 138 357 114 330  50 279 179 205  56 110  89
    16 390  39 232 107  57   9  11  67 400 251 245  18 130  82  64 331
   381 192  40  59 279 259 140 334  97 353 336  12 197 135 180 352  19
   201 400 115 389 162  11 273 287  25 289 388  56 150 270 344 209 144
   178 132 342 247  28 324 398 401 283 375 106 115   0 250 241 358  34
   164 309 365  68 113 328 137 170 295 343 110 257 155 213  38 197 211
   159 290  61  50  40  48  72  33 236 285 237  27  58  32 348 402 326
    12  59]
  [  0 287 211 207 352 269 178 385 219 367 246 378 231  23 318   5 274
   347 348 112 310 210 148  59  41 342  61  74 136 324  15  17 173 327
    22  85 381 350 164 281  99 258 292  40 235 173 243 296 276 216 380
    43 196  75 106 299 222 203 370  54 146 332 215  83 343 120  82 216
   272 381  18  47 171 310 276  35 193 400 235 382 159   0 328 188  31
   270 349 117 349 193 380 168 292 163 125 165 191 343 241 301 342 272
   351 126 339  92  50 102 199 172 143 134  55 156 322  88 113 243 397
   237 125]
  [  0 396 195 198 294 376 107 103 313 167 273 239  39 104  65 209 343
   333 388 141 132 383 205 262  76 384  33  19 383   5 293 149 287 125
   324 239 150 356 250 227  11  52  91  94 329 256  69  27  84 221 233
   357 280  82 174 343 160  32 145 275   0 254   2 346 272 268 179   6
   323 203  44  65 346 350  39 187   6  96 276 287 356 356   0 252  62
   330 226  74 236 206 189  46 342 156   3 399 314 335 388  98 274 401
    92 360 377   9 359 118 133 122 245 142 393 357 370 388 365 156 227
   331 124]
  [  0  33 196   8 331 218 211 197  94  11 365 313 183 261 382  78  68
    19 192 129 254 129 192 198 384 286 344  55  22 275 197 137 126 141
    62 326 332 139  56  12 275 113  71 383  28 175 315 357 174 268   8
   281  12 304  46 237 218 343  61 201 123 205 150 390 186  28  98 305
    28 291 122 360 288 156 196 181 208 126 203 150 127 302 255   0 363
   223 361 215 351 286  98 399 349 163  76 150  22  16 102  47 193  17
   334 211 192 290 229  22  24  45 312  92 400 311 111 157 132 313 278
    68 220]
  [  0 113  84 114 184  51 252 233 339  31 279   4 250  34 102 344 279
   230 372 358  82 318  59 236  78 158  45 215 203 154 181 243 166  64
   307  49 114 143  94 118 254 402 128  43  27 365 255  15 357  67 402
   352 139 334 384  83 148 264  87 352 335  19 376 278 283 177 149 100
   354 134 163 106 299 203 291 334 259 227  40 249 305 221 263 221   0
   326 238 159  59 173   7 184  94 300  73 235 207 196 102 224 368 319
   248 358  38 118 182 176 127 131  50 156 117 173 277 341 191 336 398
   353 396]
  [  0 326 201 257 229 287  61 181 248 351 375 270 398 367 351 100 237
   247 307 133 393  63 151  84   4 371 200 227   6 343 238 298 110 133
    31 211 155 154 355 202 402 193 184 275  89 245  76 156 167 232 200
    15 206 398 135 206  72 276 161 348 280 271 352 294 332  72  29 181
   264 314 238 287 260  11 326 321 184 185 119 335 205  77 272  49  85
     0 182 347 200 252  24  94 273 378  28 382 146 261 326  80 176 131
   398 324 367 315 396 140 209 192  15 345 320 182 291 280 279  96  18
   280 181]
  [  0 146 182  66 189  87 282 245 265  16 289 135 353  18 402  87 109
   366 228 150 178 116  41 357   5 355  27  74 158  14 168 389  75 285
    90 134 368 296  65 106  77  97  36 319 364  49 396 143 325 382 132
    41 123 244 250 241 397 222  39  74 368   1 209  84 336 305 364 132
   224 193 127 219  97 166 281 208 366 159 179  77 134 219 201 230 116
    23   0 300  41 267 364  35  53  55  49  86 109  67  48 102 396  48
   135  99 173   0 273  67  98  27  66  33 192 190 218 317 293 107 256
   339 211]
  [  0 356 247  58 145 215 291  21 286 278 316 254 145  82 116  46 171
   166 210 217 379 381 111 148 251 314 224 366 120 390  48  82 220 192
   209 199 347 352   0  19 129 105  14 241 390   5 173 228 193  78  55
   402 260 392 342 213 314 377   1 329 136 324 166  13 298 329 295 232
   132 400 230 197 373 124 272 216  25 120 185 157 361 212  36 242 240
   185 255   0 166 176 357  75  53 308 121  47 144 114   2 314 119  82
    99 170 151 395 269  84 240 350 175 394  30 228  32 239  80 177  84
   356 156]
  [  0 316 205 150 282   0  54  25 307 254 382 152 210 327 266 258 281
   341 110 172 313 369 298 198  85 402  96 121 315 108  61 254  77 251
     2 305  13 345 163 320 180  13  51 383 318  22 115 397 240 182 264
    21  63 337 164  90 361  19 276 235 344 355  21 301  86  57 118 391
   136 355 335 327 374  88  47 100 231 291  13  97 360  48 126 204 388
   166  16 395   0 112 165 209 239 139  84  53 314 272  80 272 238 144
   324 171 349 306  97 293 398  80 388 395  98 194 204 302 236  34 264
   194 160]
  [  0 285   5 176 302 273 369 292 362  19 246 253 129 110 283 312  40
     8 230 302 264 226 358 401 245  66 201 399 194 192 387 282  42 184
   317 309  50 322  77 145 149 378 305 372 330 154 263 339  39 316  34
   228 119 211 244  20 133 320 320 105 132   0 174  44 355 387 121 218
   310 237  42  33 122 212 168 299 298 310  48 209 151 175 185 139 280
   308 247  98 273   0 115  45 348   3 188 319 145   5  55 268 118 249
   190 256  75 238 386   3 223  88 131  26 375 356  91  68  16 239 355
   391 393]
  [  0 140  19 205 327 372 271  22 262 149 239 320 133 388 205 239 319
    52 369  74 180 130 397 294 325  69 192 136 160   3 104 123 361 307
    41  86 115 300 289 401 336 165 280 321 130  23 317 372 389 237  35
    90 171 359 104 108  77 243 286  97 181  15 249  74 198 135 104 174
    45 388  10 352  85 391  17 126  89 233 274 189 248 128 163  24 184
   319  35  41 127  41   0   4 183 376  48  49 293 143 383 376  82 358
   382   7 103  10 388 231 103  11 114 152 341 221 282 306 123 270 366
   335 127]
  [  0 371  22 396 175 324 313 194   9 131 381 101 157 101  90  84  88
   356  11 170 114 222 331 359 178 295 324  35 172 250 236 334 385  92
    23 127 124 175 100 327 304 301 352 351 320 200 170 324 153 274 297
   214  96 318 310 229  93  94 335  99 113  82 313 343  68  46 152 231
   101 157 141 249 194 222 320 129 195 331 373 265  10 163 116  82  96
   288 337 109  95 235 207   0 164 137  62 384 140  95 233  50 126 282
   285 176  18  10 384 182 226 253 268  82 145 108  56 236 119 268  45
   224 126]
  [  0  50   9  79 185 252 235 212  14  61 400 182 339  16 287 103  86
   243  38 167 319 224 210 390  49 144 215 337 134 261  64  23  96 131
   227  93 310  81 307 145 204  31 249 119 157 285 266  85 180  18 294
   358 287 334  66 375 183  34 230  70 103  47 196 109 212 355 111   9
   130 299 283 201  71 258 308 206 183 317 344 260 329 104  63 272 298
   299 395 325 312 248 158  65   0 239 299 361 240 309  56 266 274 360
   219  73  80 133 258 116 336 220 354 341 377 177  90  34 207 143 216
   318 154]
  [  0  38  94 310 100 293 329 210 277 338  73 224 252   6 250 157 334
   205 223  50 191 220 279 191 309  75 369   0 278 334  95 300  61 204
   222 295  63  43 380 397 375 175  65 170 394 119 228 136  34  81 313
   134 216 354 202  86 101 383 239 307 401 123 253   8   5 255  55 108
    18  53 254 366 335 178 314  30 249 102 300  57 284 369 358 397  58
   134  75  11 114 146 209 305 296   0  85  51 323 226 227 231 301 357
    34 158 283 338 175 332  91 289  92 269 170 107 316 311 125 304 132
     5 111]
  [  0 158 372 203  34 368 152  25 369  81  20 201 289 197  39   6 397
    33 359 310  44 335  56 144 131 251 356  84 206 261 127  46 303 156
    92 137  20 389 350 195  57 176  83 400 357  34 267  73  70  17  91
   337 297 388 333  66 307 251  55 302  74 368  41 308  61 252  61 223
   110 370 396  29  81 358 158 288 234   8  38 246 399  27   8 334 340
    11 172 222 119 300  35  50 187 339   0 205 256  34 355 122 335  36
     5  92 193 113 152 225  52 364 389 221 289  15 151 260   8 326 372
   370  84]
  [  0 310 348 334 161 361 350  25 288  27 285 165 112 174 385 197 235
   293 117 115 159 249 234 133 296  19 135 292 378  90 243  47 103 220
   377 234 272 186 397 368 371 362 351 243 389 378 238 117 319  61 173
   177  12 257 230 327 210  90  86 257 343 127 241   6 263 254  64 311
    20  87  47 213 256 258  90 373  64 218   1 145  82 301  32 202 352
   152 212 264  32 233 288 212 164 128 230   0 144 184 312 131 375  65
    46  42 205 208 153 286 186 216  42  53 369 177 129 385  91  93  20
   301 347]
  [  0  89  50 187 127 347  55 317 242 110 292 347  61 188 174  62 331
   388 395 144 155  15 266 147 369 100  93 258 306 356 331  83 220 271
    74 147 127 246  44  43 253 241 194  93 221  35   5  37 361  16 379
   297 195 216 133 350 343 194  68 372  63 207 150  67 215 284 386 390
   297 328  93 150 281 101  64  87 192 126 308  82 145 109 402 358 368
   160 168 143 204 341   8 357 253  21 360 386   0  82 178 150 359 172
   197  18 369  16 379 196 365 105 205 267 105 132  73  45 216 260 162
    49  52]
  [  0 130 341 202 235 198 302 239 137 144 302 182 233 286 172 234  45
   261 295 240  67 144 391 287  78 333 106 258 237  77  80 221  87 179
   306 190 176  67 318 266 109 351 267 124 321  70 227 183  12 250 216
   362  94 377  91 155   5   0 329 341  50 101 155   4 399 262 180  89
   279 340 300  65 285 314 307  46 327 108 159 200 281 266 278  51  84
    25 254 156 132   4 377 398 344 185  59 209 151   0 164 319 346 136
   385 384  88 188  46 337 139 105  63 380 124 138 327 179  33 211 330
    38 253]
  [  0 236 190 234  50 241   7  74 282 205 221 234 313 281 387 359 345
   127 390 100 166 148  21 156 100 233 297 386   9 138  73 383 392 334
   300 351 340  57 347  33 109 238 136 342  10 199 349  28 106 207 250
    65  11  75 216 210 276 298 225 307 281 130 170  48 238  19  93   2
   299 103 135 190 256  61 101   4  62 252 196 347 117 266 129 311  70
   276 228 231  68 212   0 131 241  10 282 189  51 112   0 136 181  90
   227  24 137  98 304 233 255 149 231 124  30 294 319 323 235 307  36
    90 182]
  [  0 219 204 121 281  28 257 154 210 296  69 313  94 357  53 343 319
   125 210 345 341 108  12  99 356   1 218 239  86 178 313 396 384 227
   385  68  31 261  42  39  26 301 377 197 387 339   9  58 299 376 319
   158 126 328  14 267 349  82 116 361 381  69   2 258  17   3 344  72
    81 357  75 174 225  58 381  44  26 215 319 363 305 235  84 150  84
   193  57 169 134 363 158 184 250 239 153 360  16 261 355   0  41 331
   243 252  89 188 324 112 148 240 141  75  54 317 215 304 331 338  32
    60 364]
  [  0  80  88  61 244 244 118 305 235 137  45 192 231 372 113 137 372
   239 190  12 375  96 127  30 167 199 342 251 286 294 114 293 251  56
   200 164 332  34 189 128 170 268  43  77  86 371 120 305   0 142 342
   308 224 378  76 393 223 226 269 303 354 165 359 250 371  10  31 275
   393 175 310 256 289  84  93 168  87 402 369   0 359 175  98 358 211
   275 221 258 321 343 256 362 292 229 380 402  96 135 240 197   0 142
   231 265 298  44 356 254  38 276 344 388 265  11 235 371 168  58  99
     6 378]
  [  0 274 279  65 279  72 353 100 347  72  86  49 389  73   3  31 283
   242 400  11 215 224 123 108   8 241 293  79 193 381 303  57 233 128
   209 339 371 206 165 210 117 277  76 391 243 307  59  50 357 202  65
   347  58 327 366 314 231  74 200 118 211 278 194 333  34 249  44 353
   339 261  85 205 343  86  44 300 246 338 283 176 365 350 241 333  10
    75 265 210  14 349 359 303 103 110 124  22 275  63  90   6 217   0
   231  40  41  93 143 304 115 227 368 124 196 204 156 167 249 180 249
   193 203]
  [  0 150 347  63 117  11  48 223 324 253 258  56  80 103 396 124 329
    62 378 337 394  11 118  23 357 246  16  70 232 299 105 261 227 235
   325 205 142 264  85 163 101 114 289  76 309 264 270 257 389 342 281
   369  73 169 352 223  67 336 142 347  55 103 113  92 296 172 354  69
   293 109  12   9 256 295 101 376   9  93 335  69 283 310 292 180 343
   128 104 345  28 245  21 387 378 268 106 183   2 355 262 238 194 122
     0  95 210 332 324 189 366  98 149 146 146 372  15 390 343 343  67
   228 398]
  [  0   0  88 266  78 179 135  27  94 243 137  95  61 237   9 380 266
   246 121 256 239 199 210  31 304 397 118 234 236 350  55 150 354 385
    99 181 182 115 207 218 371  57 265 330 283 191 374  92 117  65  49
   263 206 280 344 278 258 136 358 220 345  25 383 294 369 163 261 246
   262 122 111 100 178 156  76  34  85 375 313  26 201 343  19 379  91
   266  54 266  99 270 113 267 382  10  76 206 337 342 147  60 365 246
   203   0 200 277 158  78 252 289 139 366 300 347 320  83  42 121  32
    11 121]
  [  0 183  27  47 153 250 175 375 312  86 267 134 106 228 362  18 106
   124  50  28  77 231 131 258 148 230 138  13  66 294  95 354  12 210
   328  24  86  60 297 190 274 153 277  97 246 392 207 164  23 124 305
    35 219 256 267 123 337 216 348 151 286 209 107 275  78 293 183 402
    31 217 108 357 372  18 108  54 371  89  26 230 157 357 282 281 133
   246 401 352   1 184 114 116 308 209 287 309  83 222 108 165 296 211
   389  93   0 388 402  88 379 277 396 199 245 265 158  39 170 393 384
   109 287]
  [  0 327 233 152  13 157 324 160 371 206 158 195 142 179  93 302 197
   168 218  43 294  37  22  81 276 351 289  96 245 370 309 327 213 212
   353 321 208 249 132 211 372 373  91 271 137 331 105 304 101 334 210
   226  11 349 334 213 291 265 206  39 250 241 303 169 124 287  75 133
   147  13 394 396 187  16  24 213 112 110 150 120 153 167  47  45  72
   341 247 108 361 216 300 221 267 129  14  86  13  57 332 179 188 367
    94 366 214   0 171 383 190  98  52  40 331 215  58  57 395 189 273
   288  46]
  [  0 203   5 170  21 345 197  53 254 320 142 315 299  30 215 185 329
   189 312 180 273 401 148 314 256 282 359 362 191 210 357  36 120 164
   374  46 361 313 255  90 373  13 163 212  22 318  21  81 134   2 154
   141 186 189 348 337 168 169 150  60  82  23  49   8 179 320 321 217
    26  21 399 127 277 268  78 136  37  41 368 386 351 211 124 180 124
   171  31  91 254 251 332 325  25  93 290 105 341 158 148 206 190   1
    86 324 136 358   0  38 324  76 308 258 193   7 375 366 244 174 308
    35   1]
  [  0 259 351 344 109  79 267  99 289 211 298 132 298 135  43 351 165
     8  90  31   9  14 191 259 140  26  46 104 179 389 101  99  31  28
   399 202 232 206  82 220 400 221  50 138 249 251 184 343 381 330 290
    83 294 370 253 264  66 322 319 316 233 171 356 267 120 255 157 277
   309 179  15  69  44 272 145 346   6 122 152 327 233  42  73  99  62
   200 168 336 126   6  46 324  56 233 301  56 170 177 389 293 368 138
    94 274  88 390 139   0 242  12 300 344 168 195 283 247 158 332 150
    28  12]
  [  0  42 158 146 108  66   9 202 286 310  12 325 269  99 223 374 228
   125 225  32 242  38  66 228 239 109 267 335 257 377 305 207 344  90
   282  95 191  58 197  88 188 276  69 370 220  24 166  17 174   8  30
   187 221 305 121 238  51 242 250 107 332 170 141 132 336 304 203 141
     2 128 218  23 248  92 342 138 216 190 361  43 156 323 180 172 211
    99 280 154  45  99 277 137 357 136 366 311 192 392 146 171 167  76
   366 316 247 283  34 105   0 275 127 316 379 102 161 342  44 349 388
   328 103]
  [  0 287 226  95 212 112 279  69  38 131 102 341  42 336 281 162 179
   207  61 139 339 182 166  21 317 203 321 303 342 363 306 204  59 312
   358 307  32 316 279 347 130 399 191 283 285 339 336 287 265 283 119
    21  99 154 133 250 344 212  96 234 350   9 287  35 212 393 265 157
     9 313 292 205  45  53  96 208 117 282 326 228 250   3 402 392 164
    11 126 124 352 253  90 167  64 380 155 368  29 365 228   3  60 337
   120  39 214  37  21 261  73   0 283 389 224 198 317 244 154 300  12
   401 163]
  [  0  48 325 269 342 385  40 393 159  43  96 257 154 399 221 285 303
   335 249  16 262 319 392  84   4 326 328  69  78 231 367 175 309   1
   363 373 205  71  86 352 243 151  51  27 124 252  98 191 366 321 244
   220 232  56  35  30  85 303 400 395 304 340  54 202 178 394 370 175
   102 279  23 236  56  20 349 134 350 313 229 263 322  91 248  67 337
    14 120 277 139 230 201 202 211 160 368 282  45 123 253 381 174 127
   156  60  47  50 322  25 309 141   0 296  79 132 258 328 188 312 210
   140 327]
  [  0 242  32  92 154  65  64 248 350 185 400 329 112   6 393 309  61
    60 318 282 109 172 348 192 262 273 179  25  81  34 343   3 221  60
   120 270 141  59 323 355  89 228 287  52 151 325 338 249 275 104  89
   358 400 255 262 176  48  30 204  52  70 200 297 134 102  94 125 311
   292 362 211 337  41 169  79 106 333 270  63 222 164 149 317 247 348
   329 329 210 246 187 359 346 336 305 228 305  64 131 386  61 256 310
   197 207 247 286 340 245 204 371 304   0 147  59 294 278 236 352  54
    92 394]
  [  0  17 194 336 114 143 351 241 394 325 221 248  78 372 257  55 296
    25  45  97 335 107 310 109 164 145 392 325 259 124  41 128   9 239
   370 199 164 163  84  41 336 252 327 209 170 391 356  76 361  60 230
    36 158   0 246 402 154  66 395   7  30 268 189 367 144  91 193  47
   103  87 164 359  53  97 221  11 265  75  73  46 191 186 124 110 196
   396  43 384 335 133 185 133 133  96 108 111  49  61 228 117  94 156
   226 342 335 379 118 343 371 233 179 285   0 133 121  59 206 113 246
   335 140]
  [  0 395  79 303  25  53 262  65  10 239 395 257 396 163 196 366 381
   291 206 162 336 341  88 222 273 212 130 210  13  43 383  24 228 349
   312 201 286 250 395 308 237  27 348 115  79 128  99 372 203 207 296
   373 274 106  12 311  46 213 147  36  32   9 252 144  64 285 228 266
   326 160 259 327 386 332 367 161 313  45  55 137 298 364 357 119  74
   157 257 367 366 177 166  77  40 299  62  52  31 301 220 323 198 226
   249 254 142 296 148 344 303 229 313 128 378   0 145 270  26 223   4
   167  16]
  [  0  61  72 367 115 312 365 355 152 241 369  37 187 281 223 285 380
   210  55  45 250 136 124  20   1 399 203 262 234 103 247 248  73  32
   229  76 392 131 344 196   2  78 283 377 395 290  14 207  97   8  65
   211 289 192 251 278 348 312 302 322 361 293 292 173 120  52 306 125
    96 171 338   5 161 321 115 315 174   9 356 192 190 336 222 308 165
   401 162 129 153 389 275  84 173 385 218 384  96 384  18  76  75 188
   397 298 196 274 310 191 372 312  94 229  63  95   0 125 160 155  61
    37 231]
  [  0  46 401 285 146  47 334 324 227  45 206 146  56 275 292 323 141
    35  38 130 215  52  39 334  55 110 247 142 345 289 393  10 394 401
   266 167 266 333  75 393 321  48 274 173 147 150 185 352 385 291   2
   284 332 335 388 245 308 269 259 258  57 374 262  39 180  55 188 358
    17  15 290 174 368 131 205  17  31 110 299  90  60  71 241 334  42
   306 279  49 174 201 140  95  74 229 230 300 326 210 341 230 402 149
   362  71 178 316 128 371 269 314 119 319 151  93 396   0  71 215  29
   373 330]
  [  0 221 141 400 157  27 139 205  62 201  99 164 121 257 323 274 387
   302 173 212 300 279  14 292 369  61 328 166   4 173 303  24 303  71
   330 342 300 331 100  76 280 156 227 181 356 265  71 204 297 144 360
    99  21 141 313   7 391  77 296 365 326 115 113 162 258 317 300 185
   358  68 361 368 155 163 234 328  94 221 289 294  48 211  73 252 129
   237  84 292 199 253 119 217 181 254 277  32 264 292 310 327 246  61
   397 128 183 399  24 131 134  19  81 165 175  40 351  65   0  14 141
   219 315]
  [  0 107  62  70 286 187  88  40 229 297 175  46  15 120 380   1 107
    57 136 143 113   7  79 378  10 180  21  96  26 153 294 306 154 263
   401 221 131  18 143 118  52  76 337 191 377 238 401  46  17 198 361
   303 129 126  49 328 264 256 226 149 157 215 129 150  23  57 240 217
    52 375  52  97  48 337  66  60 396 282 161 167 154 177 181   9 344
    45 226  59 310  29  25 223 332  28 194 208 379   8 303 214   7 157
    20  52 130 179 139 258 384 356  25  57 148  42  69 162 182   0  34
    38 142]
  [  0 249 128 163 257  41 129 285 321 225 143 217 135 148 160 165  14
   237 365 286 377 358 347 161 169 186 236  83 162 386 175 276  53 310
   214 222  79 312   5 217 160 345 185 103 362 142 124 305 378 289 304
    45 141 339 353 317 175 202  51 183 182   0 301 329 357 200 317 148
    51   2 125 370 240 186  77 255 128 189 263 304  61  36 320 121 183
   156 263 270 240 321 118  51 298 311 204 366 393 152 319 213 248 396
   280 300 157 224 361 217  42  84  48 125  57 328  24 222 253 153   0
   305 338]
  [  0 369 160 265 192 134 142 189  75 228  28 273  51 184 255 359 338
   142 346  66 353  54 130 191 288 134 352 250 252 169 205  95 150  66
   384 207 313 217 348 347 105 350  52 170  57 325 198  38  22 230  19
   147  61 182 298 301 172 376 380 364 178 333 385  36  68 389 250 259
   309  80 149 349 276 244 303 176 120 112 107 160 348 300 399 264  75
   147 310 104 161 354 373 368 306 301 269  66 127 319 329 253 239 365
   229 214 242  36  81 148 191  12 118  73  42 304 102 170 236 372 143
     0  33]
  [  0 150 292 338 289 201 368 373  84  82 388 364  10 385  16 202 286
    58 374  78 104  25 398 353  32 275  85 288 307 202 269  34  54 164
   229 305 301 274 381 124 121 200 402 268  20 201  22 143 365 311  20
   331 169 376 137 393 335  26 107 150 315 364 233  58 398 206 298 237
   206 323  94 382 352 240 130 263  15 340 262 386 193 166 381  50   5
   258 300 108 137 269 227 270  64  92 360  61  32  14 152  57 140 103
   117 142 248 314 336 268 129 387  69 147 218 151 377 272 147  69  57
    56   0]]]
release_time
[  0 143  85  60  78  61 110 145 124  93  46 321  47 120  60 100  45 125
 150 236 260  90 126  84  15 103  51 142  71 149  88 142 134 143 126 113
  63  57 146 134 126  41 361  68  97  74  74  93 448 115  64 129  45  83
 120 201  56 117  63  59 164 464 453  85  55  88  56  90  87  73 135 141
  35 321  81  76  68 127  80  58  57  64 113 125 116  68 110 145  87 144
  56  42  67  89  83 111  44  47  76 112 370  59 130 106 139 110 486 128
  65 115  85 149  79 145 109  43 143 111 140  86 119]
due_date
[  0 159 147 126 159 125 130 152 157 153 134 420 135 147 125 164 138 155
 163 312 336 145 164 124 129 164 140 145 156 164 149 145 147 149 163 156
 152 134 146 148 148 128 413 145 143 139 142 130 515 132 144 161 142 156
 155 281 161 138 162 136 164 507 508 155 141 157 152 154 147 155 136 158
 144 408 148 133 140 146 134 154 134 156 182 147 159 145 142 158 163 163
 143 138 144 151 150 155 126 148 162 163 451 136 164 135 147 153 505 139
 131 140 162 161 144 159 140 127 146 146 162 140 163]
unit_emission
[11  9 10  6 12 12 12 20 20  1]
emission_limit
48573.5
setup_severity
2.0
due_tight
0.9
due_range
0.25
release_tight
1
degree_constr
0.5
